video_id,video_title,description,channel_id,channel_name,published_at,duration_sec,duration_min,is_shorts_guess,view_count,like_count,comment_count,video_url,channel_subscriber_count,channel_video_count,matched_perf_id,matched_title,matched_genre,matched_venue,matched_perf_start,matched_perf_end,video_type,source_type,notes,date_signal,venue_signal,hashtag_categories,is_condensed_official,explicit_title_quote_match,signal_score,suggested_status,flag_reason
3O5pTY8ZEGg,"추석특별공연 『어린이 국악극 ""뽕뽕뽕 방귀쟁이 뽕함마니""』[2020.10.01.]","휘영청 밝은 보름달이 떠오르는 추석,
국립남도국악원이 어린이부터 어른이까지 함께 즐겨볼 수 있도록 준비한 특별한 공연!

추석특별공연 『어린이 국악극 ""뽕뽕뽕 방귀쟁이 뽕함마니""』
ㆍ 일시: 2020. 10. 1.(목) 15:00
ㆍ 출연: 국립남도국악원 국악연주단

▷ 출연진 ◁
ㆍ 뽕함마니/ 유하영
ㆍ 여화/ 오혜원
ㆍ 허첨지/ 허정승
ㆍ 호생원/ 강길원
ㆍ 피리·갈매기/ 변정섭·강지수
ㆍ 아쟁·갈매기/ 배주민
ㆍ 타악·용왕/ 김주원

▷ 제작진 ◁
ㆍ 연출/ 김광용
ㆍ 조연출/ 강나루
ㆍ 작곡·음악감독/ 이향희
ㆍ 대본/ 최기우
ㆍ 극안무/ 권지인
ㆍ 무대디자인/ 강준권·손지희
ㆍ 삽화/ 정윤성

☆ Event
추석 당일 공연 송출 시간에 유튜브 채널에 댓글 게시 및 인스타그램에 인증샷을 올리신 분들에 한해 국립남도국악원이 마련한 기념품을 드립니다.

※ 인증샷과 댓글은 10월 1일 15시~16시 사이에 게시되는 것만 해당됩니다.
※ 이벤트 당첨자는 발표 후 개별적으로 메시지를 드립니다.
※ 이벤트 중복 응모는 불가능합니다.

☆ 구독과 좋아요, 알림 설정 잊지마세요~!! ☆


[ 추석특별공연(10.1.) 및 금요국악공감(10.2.) 이벤트 당첨자 발표 ]

응모해주신 모든 분들 감사드립니다.
당첨되신 분들은 오늘(10.13.) 21:00까지 메일(sdcv1306@korea.kr)로
이름, 유튜브 닉네임, 연락처, 주소, 개인정보 활용 동의 여부를 보내주세요~

★ 당첨자 ★
최주희 님, 보름달 님, 정지수 님, 희우냥냥 님, 김희현 님, 예진 님, 햄토링 님
국악사랑 님, fullmoon 님, 지우 님, Cute Cute 님, leehanna 님, 은별 님
Roku 님, Myungkil Yang 님, 야미야미 님, Years happy 님, 양을산 님
jamkim 님, 최기우 님, Nekozang kuro 님, Miyoung Kim 님, 쀼솜 님, 임수현 님
서순화 님, 김뽀삐 님, 권혁훈 님, teddynme81 님, 루토플 님, 남창숙 님

※ 취합된 정보는 이벤트 발송용으로만 사용됨을 알려드립니다.
※ 이중 당첨된 경우 본인 확인 절차에서 중복 응모가 확인될 시, 한개는 취소됨을 알려드립니다.
※ 메시지가 없을 경우, 당첨이 취소됩니다.
※ 개인정보 활용에 동의하지않을 경우 상품 수령이 불가합니다.",UCu8ouZak6oQcgDHlcQ0kjrw,국립남도국악원,2020-10-01T06:00:01Z,2727,45.45,False,7564,84,54,https://www.youtube.com/watch?v=3O5pTY8ZEGg,6550,425,PF230598,"국립국악관현악단, 어린이 음악회 노래놀이: 별별땅땅",한국음악(국악),국립극장 하늘극장,2024-04-25,2024-05-05,,,,none,none,0,False,False,0,no_strong_signal,신호 없음
822sr6-D6pM,새로운 감각을 깨워주는 이야기와 놀이 | 국립국악관현악단 어린이 음악회 노래놀이 '별별땅땅',"공연소개
국립국악관현악단만의 어린이 공연 제작 노하우가 집약된 신작!
2004년 처음 시작된 국립국악관현악단의 어린이 공연은 올해로 20년째를 맞이했다. 오랜 시간 축척한 제작 노하우를 바탕으로 2024년 새롭게 선보일 이번 공연은 아이들이 수동적으로 보고 듣는 공연 형식에서 벗어나, 작품에 참여하며 스스로 즐기도록 만들었다. 팬데믹을 겪으며 아이들의 바깥 활동 기회가 많이 줄고 상대적으로 디지털 미디어 환경에 노출되는 시간이 늘어 걱정인 요즘, 언어·운동·정서·감각 등 다양한 감각을 깨워줘야 한다는 인식이 커지고 있다. '별별땅땅'은 아이들의 새로운 감각을 깨워주고, 가족·친구들과 함께 이야기를 완성해 가는 과정을 통해 공동체를 경험하게 될 것이다. 연극 놀이 전문가로 활발히 활동 중인 연출가 양혜정과 국립국악관현악단이 만나 선보이는 새로운 차원의 어린이 음악회를 기대해보자.

줄거리
팍팍한 일상에서 마음속 별을 잃어버린 은우네 가족이 무엇이든 변신할 수 있는 ‘깜빡별’에서 광대 ‘노니’들을 만난다. 노니와 은우네 가족은 같이 노래 부르고 놀이하며 자신들만의 별을 찾게 될까?


국립국악관현악단 어린이 음악회
노래놀이 '별별땅땅'
2024.4.25.(목)-5.5.(일)
국립극장 하늘

예매바로가기 https://bit.ly/3vbDHzZ",UCJ55axexMkXqp1Fgwvmdsgg,국립극장 National Theater of Korea,2024-04-17T07:01:39Z,31,0.52,True,398,4,0,https://www.youtube.com/watch?v=822sr6-D6pM,37800,1221,PF230598,"국립국악관현악단, 어린이 음악회 노래놀이: 별별땅땅",한국음악(국악),국립극장 하늘극장,2024-04-25,2024-05-05,,,,match,match,0,False,False,4,verified_candidate,날짜 일치; 장소 일치
ja1hqET3jsw,[국악콘서트 판] 해주아리랑 - 산유화어린이민요합창단,"[국악콘서트 판] 해주아리랑 - 산유화어린이민요합창단

국악의 대중화를 이끈 유명 국악인은 물론, 
보석 같은 신예까지 모두 만나볼 수 있는 특별한 시간!!

시대마다 다른 색깔로 연주되고 있는 우리 음악의 멋을 제대로 느낄 수 있는 
국악방송만의 전무후무한 국악콘서트 프로그램

mc : 한석준 

------------------------------------------------
한국문화의 중심, Gugak Broadcasting Foundation
kt올레tv Ch251
LG유플러스 Ch240
LG헬로비전 Ch273 
FM 99.1MHz
www.igbf.kr
https://www.facebook.com/igbf.kr/
https://www.instagram.com/igbf.kr/

국악방송의 방송프로그램은 방송통신위원회의 방송통신발전기금을 지원받아 제작되고 있습니다.",UCaBwNyKKjDaYIzS8dhyaXBA,국악방송 TV (Gugak Broadcasting System: TV),2021-01-24T05:00:08Z,112,1.87,False,17118,75,2,https://www.youtube.com/watch?v=ja1hqET3jsw,96900,6764,PF230598,"국립국악관현악단, 어린이 음악회 노래놀이: 별별땅땅",한국음악(국악),국립극장 하늘극장,2024-04-25,2024-05-05,,,,none,none,0,False,False,0,no_strong_signal,신호 없음
PimTyzBp-As,Beethoven Virus l 경산연합학생오케스트라,"2017 . 12. 26
경산 연합 학생 오케스트라
제 5회 정기연주회",UCuxXR7Lntuw6TASuQVcYVCg,WITH Entertainment,2018-01-03T06:55:17Z,278,4.63,False,184,1,0,https://www.youtube.com/watch?v=PimTyzBp-As,1890,738,PF260260,제8회 경산시립교향악단 정기연주회,서양음악(클래식),천마아트센터 그랜드홀,2025-03-13,2025-03-13,,,,none,none,0,False,False,0,no_strong_signal,신호 없음
31Tb11BNBM8,[DIOO-LOG] 디오 오케스트라와 너나들이 가보자고 (Strauss Party 외 10곡),"안녕하세요, 디오 오케스트라입니다.

2022 장애인 문화예술 지원사업으로 '함께해요! 너나들이 음악회'에 디오 오케스트라가 다녀왔습니다! ⸜(｡˃ ᵕ ˂ )⸝ 

소프라노 정소민 선생님, 비올라, 첼로, 오보에와 다양한 협연!
관객 여러분이 참여하는 지휘체험, 전방에 개인기 발사해버리는 삑삑이까지!! 다양한 공연을 했으니까요, 함께 보러가실까요~?

앞으로도 다양한 영상을 올릴 예정이니, 꼬옥 디오와 함께 해주면 돼...

-
음악감독 / 대표 박은지
기획실장 / 이은배
악보계 / 김도연
공연담당 / 정은영
홍보와 편집 / 김지수

1. Strauss Party (Andre rieu)
슈트라우스 파티

2. I Could have danced all night (Frederick Loewe) - 소프라노 정소민
밤새도록 춤출 수 있었는데

3. Träumerei (Schumann) - 비올리스트 전현수
트로이메라이

4. Disney Film Favorites - 마임 정호재
디즈니 모음곡

5. Strauss Party 中 Can Can - 지휘체험
슈트라우스 파티 중 캉캉

6. 할아버지의 11개월 - 마임 정호재

7. Cello concerto in c minor 1st mov. (J.Bach) - 첼리스트 신재원
첼로 협주곡 c단조 1악장

8. Gabriel's Oboe (E.Morricone) - 오보이스트 안민혁
가브리엘오보에

9. 아름다운 나라 (한태수) - 소프라노 정소민

10. 천둥과 번개 폴카 - 악기체험

11. Funiculi Funicula (L.Denza)
푸니쿨리 푸니쿨라

2022.06.02(목) 예아람학교 대강당
2022.06.20(월) 포항 북부종합복지관
2022.06.21(화) 대구 성보학교
2022.06.23(목) 대구 보명학교
2022.06.23(목) 대구 광명학교

한국장애인문화예술원 주최, 후원
문화체육관광부 후원

#디오오케스트라 #classic #공연 #orchestra #대구",UC0ZqvvVlxHwJJlR_4SKfJBQ,디오오케스트라,2022-08-10T02:25:44Z,364,6.07,False,621,12,0,https://www.youtube.com/watch?v=31Tb11BNBM8,1340,226,PF260260,제8회 경산시립교향악단 정기연주회,서양음악(클래식),천마아트센터 그랜드홀,2025-03-13,2025-03-13,,,,mismatch,none,1,False,False,-1,no_strong_signal,날짜 불일치(다른 회차 가능성)
TanDiwCt2LE,"마술사 이정신, 마술쇼, 밀양 솔밭음악회","시니어 문화# 중장년층 인기곡# 흥겨운 노래# 힐링 음악#트로트 #AI뮤직비디오 #전자오르간 #팔공산 #서상복 #성인가요 #트로트메들리 #대구경북연예인협회# 서상복# 팔공산# 대구 행사# 트로트# 트로트 메들리# 전자오르간# 고속도로 메들리# 디스코# 카바레 음악# 성인가요2. 뮤직비디오# AI 가수# AI 영상 제작# 실사형 AI# 고화질 배경화면# 유튜브 쇼츠(Shorts)# 추억의 노래# 

안녕하십니까, 대구경북연예인협회 채널 운영자 서상복 입니다
저는 1979년 음주운전 차에 치어 목뼈가 부러지면서 송가락 하나도 제 마음되로 움직일수 없는 전신마비 의 몸이되어 아래와 같이 저와 같은 중증장애의 생활에 조금 이나마 도움이 되고자 1991년 부터 여러 봉사단체을 설립하여 운영 하고 있으며 그 공노로 아래와 같은 수상 경력이 있습니다, 
⚈주요 사회 봉사활동 연역
⚫한국장애인봉사협회 설립,       
⚫무료도서대여 사랑의문고 개관
⚫장애인 인생고충 상담전화 개통, 
⚫신생아기, 이름 무료작 
⚫대구문화예술봉사단 창단,       
⚫대구경북연예인협회 설립
⚫대구시 장애인 지원센타 설립

⚈ 수상경력
⚫MBC 좋은 한국인 대상 본상수상, 
⚫사봉 봉사부문 신지식인 선정, 
⚫자렁스런 대구경북인상 수상,
⚫대한민국 자원봉사 대상 안전행정부 장관상 수상
⚫대구광역시장 표창장
독거노인 합동칠순잔치 8회 금반지 한복선물,영세장애인 생활보조금 및 자녀 학자금지원, 동거 부부 합공결혼식, 영세장애인 의료비 지원, 고아원생 초청 외식, 장애인 신장이식 수술비 500만원 지원 등 기타 봉사활동 안녕하십니까, 대구경북연예인협회 채널 운영자 서상복 입니다
저는 1979년 음주운전 차에 치어 목뼈가 부러지면서 송가락 하나도 제 마음되로 움직일수 없는 전신마비 의 몸이되어 아래와 같이 저와 같은 중증장애의 생활에 조금 이나마 도움이 되고자 1991년 부터 여러 봉사단체을 설립하여 운영 하고 있으며 그 공노로 아래와 같은 수상 경력이 있습니다, 

⚈주요 사회 봉사활동 연역
⚫한국장애인봉사협회 설립,       
⚫무료도서대여 사랑의문고 개관
⚫장애인 인생고충 상담전화 개통, 
⚫신생아기, 이름 무료작 
⚫대구문화예술봉사단 창단,       
⚫대구경북연예인협회 설립
⚫대구시 장애인 지원센타 설립

⚈ 수상경력
⚫MBC 좋은 한국인 대상 본상수상, 
⚫사봉 봉사부문 신지식인 선정, 
⚫자렁스런 대구경북인상 수상,
⚫대한민국 자원봉사 대상 안전행정부 장관상 수상
⚫대구광역시장 표창장
독거노인 합동칠순잔치 8회 금반지 한복선물,영세장애인 생활보조금 및 자녀 학자금지원, 동거 부부 합공결혼식, 영세장애인 의료비 지원, 고아원생 초청 외식, 장애인 신장이식 수술비 500만원 지원 등 기타 봉사활동",UCTqZye7DT4VlFmjZbhVlObQ,대구경북연예인협회,2017-08-23T21:03:36Z,369,6.15,False,53,1,0,https://www.youtube.com/watch?v=TanDiwCt2LE,25900,1695,PF260260,제8회 경산시립교향악단 정기연주회,서양음악(클래식),천마아트센터 그랜드홀,2025-03-13,2025-03-13,,,,none,none,0,False,False,0,no_strong_signal,신호 없음
aAUhfNkdeuw,마술피리 연습 (5) (초6 남의종),수원시립교향악단,UCpDwA-Y9fR5juc09WdGXhtQ,양승숙,2022-12-23T03:39:19Z,89,1.48,False,65,4,0,https://www.youtube.com/watch?v=aAUhfNkdeuw,32,138,PF260260,제8회 경산시립교향악단 정기연주회,서양음악(클래식),천마아트센터 그랜드홀,2025-03-13,2025-03-13,,,,none,none,0,False,False,0,no_strong_signal,신호 없음
pTJPmY7ZFJY,[대구시립교향악단]  97교향악축제 뉘른베르그의 - 마이스터징거 전주곡 #라빌마르티노프 #교향악축제 #뉘른베르그의 #마이스터징거전주곡,"97 교향악축제 대구시랍교향악단
뉘른베르그의 마이스터징거 전주곡
상임지휘자 : 라빌 마르티노프
Timpani : 권세홍

*디지털 카메라가 도입 되기 전의 화질인 VHS 비디오 테잎을 파일로 변환하여 올리는 영상이라 흐리지만 소중한 자료입니다. 



*25년의 전통 대구타악예술문화센터 (Percussive Arts Culture Center Daegu)
▶ 대구타악예술문화센터는 : 
  지난 2004년 7월부터 대구 최초 타악기 전문 강좌 개설을 통해 여러분들의 많은 사랑과 성원에 힘입어 대구타악예술화센터가 드럼 강의가 개설되었습니다.
 25여 년의 풍부한 경험을 가진 전직 대학 강사진으로 운영되는 문화센터이며, 지역 사회의 문화 발전을 목표로 청소년, 주부, 직장인들의 스트레스를 해소하고 삶의 질을 높이기 위하여 음악의 흥겨움을 시민 여러분들과 함께 나누고 있습니다. 
그동안 무대 위에서 얻은 연주 경험과 대학 강단의 강의 경험을 바탕으로 실력 있는 강사를 심으로 충실한 강좌가 될 수 있음을 자부합니다.

""3개월만 집중""하시면 쉬운 음악부터 연주할 수 있습니다. 
도전해 보세요!
  
▶ 개설강좌
1. 드럼 / 취미반 / 기초반 / 중급반 / 고급반 / 연주반 /  가족반 / 입시반.
2. 여름 및 겨울방학 특강.
3 특정 단체별 계약 수업 가능.
   (대상 : 직업인, 회사의 팀웍을 위한 프로그램)  
3개월이면 누구나 드럼과 타악기를 쉽게 연주할 수 있는 시스템을 갖추고 있습니다.
특히 본 센터는 단체 수업이 활성화되어 있어서 더 재미있습니다.
딱 3개월의 시간 속으로 들어와 보세요!

▶본 센터의 수업 특징 : 악보 평생 무료 공급(수강생에 한함)
다수의 드럼을 통해 1인 1 악기로 수업함으로 1:1의 개인 렛슨과 같은 효과를 얻을 수 있으며, 동시에 여러 명이 함께하는 방식이라 개인의 실력에 부담을 느끼지 않고 자연스럽게 드럼을 연주할 수 있습니다.
아울러 자연스럽게 친목을 도모하고 같은 취미를 가지신 분들과 사회적인 네트웍을 형성할 수 있습니다.
▶소수 정예반 : 소수의 정원으로 수업함으로 더 효과적인 수업을 받을 수 있습니다.
▶개인 렛슨 : 1:1로 철저한 시간 관리로 충실한 수업이 되고 개인의 노력과 능력에 따라 드럼 연주력이 빠른 기간에 도달할 수 있습니다.

*대구시 수성구 국채보상로 868 연제빌딩 B1.
* TEL : 053-742-3614 * FAX : 053-742-3615
*악보 구매를 원하시면 위 전화로 연락 바랍니다.
https://youtube.com/@daegudrum

찾아오시는 길 
https://map.naver.com/local/siteview.nhn?code=20378815 
▶본 유튜브의 모든 영상과 자료는 저작권에 보호되며 무단 취득 시 법적인 책임을 질 수 있습니다.",UCa3z7Z4onHnr_tyE-nenmGg,[드럼연주는 - 대구타악예술문화센터],2019-09-21T05:22:55Z,656,10.93,False,581,7,4,https://www.youtube.com/watch?v=pTJPmY7ZFJY,9300,1634,PF260260,제8회 경산시립교향악단 정기연주회,서양음악(클래식),천마아트센터 그랜드홀,2025-03-13,2025-03-13,,,,none,none,0,False,False,0,no_strong_signal,신호 없음
yccXRq7_GBE,[22.12.20.] 대구시립합창단 기획연주회 〈2022 송년음악회〉 - 대구,"공연장소     대구콘서트하우스 그랜드홀
공연일시     2022-12-20
공연시간     19:30
관람연령     초등학생 이상 입장 가능(8세 이상 관람)
티켓가격
A석 16,000원
B석 10,000원
러닝타임     120분(인터미션 15분 포함)
문의     053)250-1495
주최/주관 주최     대구시립예술단 주관 대구시립합창단

https://tickets.interpark.com/goods/22016435

대구문화발전소 http://cafe.daum.net/dg-cultural 다음카페
대구문화발전소 https://band.us/band/49860918 밴드
Daegu culture https://cafe.naver.com/a9403043 네이버 카페
대구공연관람모임  https://cafe.naver.com/dglimjonghyun 네이버 카페
                  http://cafe.daum.net/deagu-seeplay 다음카페
대구공연관람 및 정보문의  https://open.kakao.com/o/gQZXaUQb 오픈쳇팅방(쳇방은 승인후)
라인워크   https://home.worksmobile.com/main/
한번 둘러보시고 가입하세요.

대구 공연 정보는 여기에 다 있다 https://dg-cultural.tistory.com/ 티스토리
대구 공연 정보는 여기에 다 있다  https://blog.naver.com/a9403043 네이버 블로그
대구공연정보   https://post.naver.com/a9403043?isHome=1  네이버 포스터
대구문화발전소   http://blog.daum.net/a94030431  다음 블로그
대구공연정보(유튜브)
https://www.youtube.com/channel/UCjTlbWQ2QLF5u6C9KCO1pbg?view_as=subscriber
대구공연리뷰(유튜브)
https://www.youtube.com/channel/UCgpi2LWn__GlGpNS75vcX2Q?view_as=subscriber
대구공연 즐기자(유튜브)
https://www.youtube.com/channel/UCsQDIols2t2-qB9VIVQFk4A
텔레그램 채널
https://t.me/dgartsee
한번 둘러보세요",UCjTlbWQ2QLF5u6C9KCO1pbg,대구 공연 정보,2022-11-25T04:33:14Z,16,0.27,True,201,0,0,https://www.youtube.com/watch?v=yccXRq7_GBE,981,4315,PF260260,제8회 경산시립교향악단 정기연주회,서양음악(클래식),천마아트센터 그랜드홀,2025-03-13,2025-03-13,,,,mismatch,none,0,False,False,-2,delete_candidate,날짜 불일치(다른 회차 가능성)
r32lOuPmogI,2021 왕릉문화살롱 공연 | 경상필하모닉오케스트라,"#김해문화도시센터 #왕릉문화살롱

2021 왕릉문화살롱은 숙박 공간인 김해한옥체험관을 시민들의 문화 공간으로 활성화하기 위한 사업으로, 공모에 선정된 김해 지역 공연 단체와 협업하여 진행되었습니다.

📍공연단체: 경상필하모닉오케스트라
📍공연명: 왕릉문화살롱 오프닝 공연
📍내용: 소규모 오케스트라와 함께하는 클래식 음악회 


✔해당 공연은 문화특화지역조성사업의 일환으로 무료로 진행되었습니다. 
✔유튜브 저작권 규정에 따라 광고가 발생될 수 있으며, 광고로 인한 수익은 저작권자에게 돌아갑니다.",UCqZ35zv931PaXj1FWh5BWfw,문화도시김해,2021-11-29T06:48:22Z,2854,47.57,False,1108,53,7,https://www.youtube.com/watch?v=r32lOuPmogI,2790,1029,PF260260,제8회 경산시립교향악단 정기연주회,서양음악(클래식),천마아트센터 그랜드홀,2025-03-13,2025-03-13,,,,none,none,0,False,False,0,no_strong_signal,신호 없음
Jk2unCdjAeE,[21.05.21.] 전예진 바이올린 독주회,"오랜만에 연주소식올립니다
전예진 바이올린 독주회
5월 21일 금요일 19:30
덕호아트센터
전석초대
문의  인스타 @yejin_brightly로 문의하세요
.
첫 독주회에 뭣모르고 겁없이 엄청난 곡을 선택해 많이 긴장되고 부담스럽지만 열심히 준비하고 있으니 
많은 응원 부탁드립니다!!
.
코로나로 인해 좌석이 한정적이니(45석)

대구문화발전소 http://cafe.daum.net/dg-cultural 다음카페
대구문화발전소 https://band.us/band/49860918 밴드
Daegu culture https://cafe.naver.com/a9403043 네이버 카페
대구공연관람모임  https://cafe.naver.com/dglimjonghyun 네이버 카페
                  http://cafe.daum.net/deagu-seeplay 다음카페
대구공연관람 및 정보문의  https://open.kakao.com/o/gQZXaUQb 오픈쳇팅방(쳇방은 승인후)
라인워크   https://home.worksmobile.com/main/
한번 둘러보시고 가입하세요.

대구 공연 정보는 여기에 다 있다 https://dg-cultural.tistory.com/ 티스토리
대구 공연 정보는 여기에 다 있다  https://blog.naver.com/a9403043 네이버 블로그
대구공연정보   https://post.naver.com/a9403043?isHome=1  네이버 포스터
대구문화발전소   http://blog.daum.net/a94030431  다음 블로그
대구공연정보(유튜브)
https://www.youtube.com/channel/UCjTlbWQ2QLF5u6C9KCO1pbg?view_as=subscriber
대구공연리뷰(유튜브)
https://www.youtube.com/channel/UCgpi2LWn__GlGpNS75vcX2Q?view_as=subscriber
한번 둘러보세요.",UCjTlbWQ2QLF5u6C9KCO1pbg,대구 공연 정보,2021-05-08T03:23:17Z,14,0.23,True,36,0,0,https://www.youtube.com/watch?v=Jk2unCdjAeE,981,4315,PF260260,제8회 경산시립교향악단 정기연주회,서양음악(클래식),천마아트센터 그랜드홀,2025-03-13,2025-03-13,,,,none,none,0,False,False,0,no_strong_signal,신호 없음
FxfahRkz858,[문화예술 홈서비스] 제1회 부산·울산·경남 상생음악회 '평화'_경상필하모닉오케스트라,"공연정보

* 단 체 명 경상필하모닉오케스트라
* 공 연 명 제1회 부산·울산·경남 상생음악회 '평화'
* 공연일자 2021.08.17.(화)/09.14.(화)/10.13.(수)

#문화예술홈서비스 #클래식 #음악 #비대면 #중소규모

더 많은 이야기가 궁금하다면

문화포털의 더 많은 영상이 궁금하다면▽
http://www.culture.go.kr/mov/culturePdList.do
문화PD 페이스북▽
https://www.facebook.com/munhwapd
문화포털 문화PD 블로그▽
https://blog.naver.com/kcis_",UCl02ZJk18gXDfs-Gl76PDSw,문화포털,2021-09-06T02:26:11Z,200,3.33,False,4558,4,1,https://www.youtube.com/watch?v=FxfahRkz858,32700,3960,PF260260,제8회 경산시립교향악단 정기연주회,서양음악(클래식),천마아트센터 그랜드홀,2025-03-13,2025-03-13,,,,mismatch,none,1,False,False,-1,no_strong_signal,날짜 불일치(다른 회차 가능성)
GcMrDzL4DKE,김해문화재단 X 경상필하모닉오케스트라,"#김해문화재단 X #경상필하모닉오케스트라 
2월 11일 김해문화재단의 불가사리공연지원사업으로 진행된
우리의 꿈을향해 공연의 하이라이트 영상입니다. 
앞으로도 좋은 공연으로 김해시민여러분들과 함께하겠습니다. 



#불가사리 #불가사리공연지원사업 #우리의꿈을향해 #김해시  #경상남도 
#김해문화의전당 #마루홀 
#지휘자안두현 #음악감독이석중 #트럼펫성재창 #비올라김상진 #작곡가김지은",UC3fJoFIJt290cj-m1JvS4Xw,클래식 온앤오프 (Classic On&Off),2023-03-26T13:40:46Z,218,3.63,False,1735,,3,https://www.youtube.com/watch?v=GcMrDzL4DKE,1030,99,PF260260,제8회 경산시립교향악단 정기연주회,서양음악(클래식),천마아트센터 그랜드홀,2025-03-13,2025-03-13,,,,none,none,0,False,False,0,no_strong_signal,신호 없음
m2W_DCG-c4U,[음악회]원효 설총 의현-제1회 천민만락 통통-삼성현 문화축제-영남대학교 천마아트센터,"*제1회 천민만락 통통-삼성현 문화축제
-원효 설총 원효
-Soprano 진소윤
-Tenor 허철영
-대구불교연합창단
-영남국악관현악단",UCQhkv3uisQvPEC-JY_TvjUw,강주현TV 음악채널,2021-12-16T16:15:15Z,2155,35.92,False,780,23,1,https://www.youtube.com/watch?v=m2W_DCG-c4U,19700,1165,PF260260,제8회 경산시립교향악단 정기연주회,서양음악(클래식),천마아트센터 그랜드홀,2025-03-13,2025-03-13,,,,none,match,0,False,False,2,no_strong_signal,장소 일치
ZRGTjUKaXl4,#청도예술인의날 #여성합창단,,UCWZ58RAJi4u_J7MeanW_FMw,조경미,2017-06-23T12:25:14Z,219,3.65,False,99,1,0,https://www.youtube.com/watch?v=ZRGTjUKaXl4,16,62,PF260260,제8회 경산시립교향악단 정기연주회,서양음악(클래식),천마아트센터 그랜드홀,2025-03-13,2025-03-13,,,,none,none,0,False,False,0,no_strong_signal,신호 없음
M4VvXePkydE,천둥소리 - 경산국악관현악단,"시민과 함께하는 2015 
영남풍류 야외상설공연
(2015.08.28,폐막공연)",UCAVEL0oQrkvoOESQWY3My4Q,바시리,2015-08-28T21:43:16Z,490,8.17,False,254,0,0,https://www.youtube.com/watch?v=M4VvXePkydE,2060,249,PF260260,제8회 경산시립교향악단 정기연주회,서양음악(클래식),천마아트센터 그랜드홀,2025-03-13,2025-03-13,,,,mismatch,none,0,False,False,-2,delete_candidate,날짜 불일치(다른 회차 가능성)
AZ5NuShECik,울산남구합창단 대회영상(1),,UC55T4dF-a1cd0rooc_kevEw,마에스트로낌,2023-07-29T11:52:19Z,318,5.3,False,632,6,0,https://www.youtube.com/watch?v=AZ5NuShECik,13,16,PF260260,제8회 경산시립교향악단 정기연주회,서양음악(클래식),천마아트센터 그랜드홀,2025-03-13,2025-03-13,,,,none,none,0,False,False,0,no_strong_signal,신호 없음
3ofLmLTXGQc,캐논 변주곡_경북도립교향악단_제7회 항공레저Festa_축하공연,"제7회 항공레저Festa

축하공연

캐논 변주곡

경북도립교향악단

#제7회항공레저Festa #항공레저스포츠제전 #울진공항 #울진비행장 #경북도립교향악단",UCvcJ6yMpPPMzC7yvJk-j1zQ,울진사는사람TV,2022-09-27T14:21:21Z,174,2.9,False,283,5,0,https://www.youtube.com/watch?v=3ofLmLTXGQc,5320,2252,PF260260,제8회 경산시립교향악단 정기연주회,서양음악(클래식),천마아트센터 그랜드홀,2025-03-13,2025-03-13,,,,none,none,0,False,False,0,no_strong_signal,신호 없음
Er4xdkhwnu8,경상북도 광복 70주년 기념 대규모 음악회 ‘하나를 위한 노래’ 개최,"(재)경주문화재단 경주예술의전당은 광복 70주년을 기념하고 통일을 기원하는 대규모 음악회 ‘하나를 위한 노래’를 12일(수) 오후 8시 경주예술의전당 분수광장에서 개최했다.

경북도립교향악단과 도립국악단, 경주시립합창단, 포항시립합창단, 구미시립합창단, 경산시립합창단, 김천시립합창단, 안동시립합창단 등 경상북도 6개 도시, 9개 예술단 500여 명이 함께하게 될 최초의 무대다. 

무엇보다 삼국시대 한반도 통일을 일궈낸 신라의 수도 경주에서 개최함으로써 ‘통일과 평화를 기원하는 뜨거운 한마음’의 의의를 더했다.

이번 음악회는 경북도립교향악단이 연주하는 우리 민족의 노래 ‘아리랑’으로 막을 올렸다. 2008년 뉴욕필하모닉오케스트라가 거장 로린마젤(Lorin Maazel)의 지휘로 평양에서 공연해 우리 민족에게 깊은 감동을 전달했던 곡이다.

이를 시작으로 6개의 시립합창단과 경북도립교향악단이 ‘독립군가’ ‘조국행진곡’ 등의 광복군가와 ‘광야에서’ ‘내 나라 내 겨레’ 등의 애국가요들을 선사하고, 안익태의 ‘코리안판타지’로 피날레를 장식했다.

또 대구경북성악가협회 중창단이 ‘선구자’ ‘그리운 금강산’을 노래하며 최양식 경주시장이 특별출연해 광복 70주년 기념 축시를 낭송할 계획이다. 이번 음악회는 지역 출신이자 관록의 방송인 차인태가 진행을 맡아 품격을 더했다.",UCxfguP42u2PdnJNGeaVuEWg,"IIJournal 국제아이저널 , 국제i저널",2015-08-18T05:09:50Z,279,4.65,False,707,1,0,https://www.youtube.com/watch?v=Er4xdkhwnu8,14000,7584,PF260260,제8회 경산시립교향악단 정기연주회,서양음악(클래식),천마아트센터 그랜드홀,2025-03-13,2025-03-13,,,,none,none,0,False,False,0,no_strong_signal,신호 없음
LlX7J81auy0,(4K) 2022.4.22 서울스프링실내악축제 커튼콜,"2022 Seoul Spring Festival of Chamber Music - Opening Performance
22 Apr 2022
Sejong Chamber Hall, Seoul, South Korea

F. Schubert     /     Quartettsatz
슈베르트     /     4중주
– 노부스 콰르텟

C. Franck     /     Melancolie for Violin and Piano in e minor
프랑크     /     바이올린과 피아노를 위한 멜랑콜리 마단조
– Vn.한수진, Pf.김다솔

F. Mendelssohn     /     Sextet for Piano, Violin, 2 Violas, Cello and Double Bass in D Major, Op.110
멘델스존     /     피아노, 바이올린, 2대의 비올라, 첼로와 베이스를 위한 6중주 라장조, Op.110
– Pf.김다솔, Vn.한수진, Va.김상진, 이화윤, Vc.이강호, Db.추대희

A. Scriabin     /     Romance for Cello and Piano
스크랴빈     /     첼로와 피아노를 위한 로망스
– Vc.강승민, Pf.문지영

J. Raff     /     Piano Trio No.3 in a minor, Op.155
라프     /     피아노 3중주 제3번 가단조, Op.155
– Pf.문지영, Vn.강동석, Vc.강승민

https://www.sejongpac.or.kr/portal/performance/performance/view.do?performIdx=32952&menuNo=200004
http://www.seoulspring.org/program/ssf-schedule/",UC1kVHTn4c71jlLVfN83mglQ,커튼,2022-04-24T10:00:11Z,82,1.37,False,77,2,0,https://www.youtube.com/watch?v=LlX7J81auy0,3830,357,PF260260,제8회 경산시립교향악단 정기연주회,서양음악(클래식),천마아트센터 그랜드홀,2025-03-13,2025-03-13,,,,none,none,0,False,False,0,no_strong_signal,신호 없음
JCwGnIpzWCY,2022년 경남도민예술단순회공연 의령군민문화회관 LIVE 생중계,"2022년 경남도민예술단 순회공연 

2022년 10월 18일 화요일 오후 7시30분
의령군민문화회관 공연장 / 전석무료
문의 : 055 - 570 - 2504, 010 - 9951 - 0927

경남을 넘어 전국을 무대로 왕성한 활동을 이어가는 경상필하모닉오케스트라가 의령군에서 경남도민예술단순회공연 '영화 속 클래식 여행' 공연을 개최합니다. 

세계적인 마에스트라 김봉미의 지휘로 펼쳐지는 영화 아마데우스', 캐러비언의해적,하울의움직이는성, 이웃집토토로,마녀배달부 키키 등 환상적인 무대와 더불어 세계적인 테너 김성진의 오페라 사랑의 묘약에 나온 ‘남몰래흘리는 눈물’과  소프라노 김현애의 환상적인 듀엣 무대까지 만나볼수있습니다. 
또한, 우리 경남의 클라리넷연주자 최우선의 '아웃오브아프리카'에 나온 모차르트 클라리넷 협주곡 2악장과 2022년 카네기홀에 데뷔한 바리톤 강태영의 무대를 통해 경남예술인의 자부심을 느낄수있을것입니다.",UC3fJoFIJt290cj-m1JvS4Xw,클래식 온앤오프 (Classic On&Off),2022-10-19T12:15:25Z,5230,87.17,False,5895,73,1,https://www.youtube.com/watch?v=JCwGnIpzWCY,1030,99,PF260260,제8회 경산시립교향악단 정기연주회,서양음악(클래식),천마아트센터 그랜드홀,2025-03-13,2025-03-13,,,,none,none,0,False,False,0,no_strong_signal,신호 없음
H3DxjA2T-GQ,"[9월의 ARTIST] FLUTIST.양재관 - “My Brand, My Trend""","[9월의 ARTIST] FLUTIST.양재관 - “My Brand, My Trend""
-

“배움… 
누구나 가질 수 있는 아쉬움이며 간절함이기도 하다고 생각합니다. 
저 또한 석사과정에 그치지 않고 유학이라는 길에 올라 
정말 본고장에서의 평가를, 지도를 받고 싶었습니다. 
그렇게 파리로 떠나게 되어 
Ecole Normale de Musique Paris에 입학하여 
Claudine Clotour Desjardins 선생님에게 배웠습니다. 
늘 넓게 생각하고 머리가 아닌 
마음으로 연주하는 연주자가 되어야 한다고 강조하셨습니다. 
함께 춤추고 연극도 보여주시고, 
연주하는 기술이 아닌 상황 묘사에 대한 가르침이 더 컸던 것 같은데 
이 점이 귀국 후 제 활동에 있어서도 많은 영향을 주었다고 생각되는 너무 감사한 가르침이라 생각합니다. 
때로는 음악적 컬러를 위하여 
음정과 박자의 틀을 깨부수고 뛰어놀 수 있는 연주, 주법에 대한 저 혼자만의 끊임없는 시도를 통하여 많은 변화를 가져왔기에 
저에게 있어 파리는 듣기만 해도 기분 좋은 그런 프랑스 인사 ‘Bonjour’와 도시 ‘Paris’가 되는 ‘봉쥬르 파리’ 같은 기분입니다.”
..........STORY 중 발췌

-
📍FLUTIST STORY
•통영에서의 시작•대신대학교를 통한 특별한 경험•봉쥬르 파리•Ensemble Neustadt•My Brand, My Trend

📍FLUTE TALK LIVE 
2023년 9월 14일 THUR 12PM
-

[PROFILE] 
풍부하고 섬세한 음악과 화려한 테크닉을 가진 플룻티스트 양재관은 부산예고, 대신대학교 학사과정, 인제대학교 일반대학원 석사과정을 졸업한 후 도불, 파리 에꼴 노르말 음악원(Ecole Normale de Musique de Paris)에서 Diplome Superieur d’Enseignment 과정을 졸업하고 Conservatoire de Hay les Roses에서 D.E.M 과정과 Perfectionnement 과정을 수석, 조기졸업 하였고, 조성철, 박재환, 오신정, 김혜미, Claudine-Clotour-Desjardins, Xavier Aragau를 사사 하였다.

프랑스 유학시절, 파리 Cathedrale Sainte Croix des Armeniens에서 초청 독주회를 3회, Cite Universitaire Salle Maxique, Instituto cultural de Mexico 초청 연주회,  Eglise des Blancs – Manteaux 초청 듀오리사이틀 3회,  Centre tcheque de Paris에서 초청연주회, Mairie de 8e 등 다양한 연주를 선보였으며 2017 Concours International de Musique “LES CLE`S D`OR ”에서 2위로 입상하며 연주와 학업의 기량을 쌓았다.

귀국 후 귀국독주회를 시작으로 부산시립교향악단, 진주시립교향악단, 경산시립교향악단 객원 연주, 루체오케스트라, 노부스오케스트라 수석단원 등을 맡으며 오케스트라 연주자로서의 모습을 보이고, 기악 앙상블에 늘 관심이 많던 그는 ‘앙상블 노이슈타트’ 단원으로 KBS 대구 Classic Fm ‘아름다운 오후 4시입니다’에 고정패널로 스튜디오 실연공연을, KBS 대구 프로젝트 앙상블 단원으로 다수의 공연에 참여하며 대중들에게 다채롭게 다가갔다.

현재 플룻티스트 양재관은 앙상블 노이슈타트, KBS 대구 프로젝트 앙상블 단원, KBS 대구 Classic Fm ‘아름다운오후 4시입니다’ 고정패널, 노부스오케스트라, 루체오케스트라 수석, 앙상블 르보아, 앙상블 보야쥬 대표를 맡고있으며 대구교육대학교 등 후학을 양성하는 활동 또한 활발히 하고 있다.
.
.
#웹매거진allthatflute#올댓플루트#allthatflute#flute#플루트
.
#플루티스트양재관#flutist양재관
#SeptemberArtist_양재관",UCD7bAm0pNMhq44oK3qWEbkg,웹매거진allthatflute,2023-09-05T04:12:28Z,489,8.15,False,234,9,0,https://www.youtube.com/watch?v=H3DxjA2T-GQ,3120,1054,PF260260,제8회 경산시립교향악단 정기연주회,서양음악(클래식),천마아트센터 그랜드홀,2025-03-13,2025-03-13,,,,none,none,0,False,False,0,no_strong_signal,신호 없음
e7mZ8BATbTg,시낭송) 목마와숙녀/박인환/서수옥 /영남대천마아트홀/경산필하모닉오케스트라,#서수옥 #경산필하모닉오케스트라 #내몸이 좋아지는음악이야기 #김혜영지휘자,UCtgU5B_ayfb7eEeJ_qXrW1w,한국공연문화예술원,2022-04-16T12:19:10Z,242,4.03,False,117,1,0,https://www.youtube.com/watch?v=e7mZ8BATbTg,372,104,PF260260,제8회 경산시립교향악단 정기연주회,서양음악(클래식),천마아트센터 그랜드홀,2025-03-13,2025-03-13,,,,none,none,0,False,False,0,no_strong_signal,신호 없음
7AywXZ_7y74,Pirates of the Caribbean l 경산연합오케스트라,"제2회 경산 학교예술 오케스트라 페스티벌
천마아트센터 그랜드홀 
2017.11.28",UCuxXR7Lntuw6TASuQVcYVCg,WITH Entertainment,2017-12-21T14:18:04Z,383,6.38,False,347,3,1,https://www.youtube.com/watch?v=7AywXZ_7y74,1890,738,PF260260,제8회 경산시립교향악단 정기연주회,서양음악(클래식),천마아트센터 그랜드홀,2025-03-13,2025-03-13,,,,mismatch,match,0,False,False,0,no_strong_signal,날짜 불일치(다른 회차 가능성); 장소 일치
AtTYY40kTPY,Tango to Evora/경산교육지원청 청소년합창단2022정기연주회,"#TangotoEvora#J.Washbum편곡
#경산교육지원청청소년합창단
#2022제9회정기연주회#지휘김문영
#천마아트센터챔버홀",UCbrYQc5LQCxE6idz7ldSfKA,권태복 음악학원,2022-12-19T16:14:01Z,153,2.55,False,65,3,,https://www.youtube.com/watch?v=AtTYY40kTPY,987,685,PF260260,제8회 경산시립교향악단 정기연주회,서양음악(클래식),천마아트센터 그랜드홀,2025-03-13,2025-03-13,,,,none,match,0,False,False,2,no_strong_signal,장소 일치
vDq4x9Px9X4,Dona Nobis Pacem/경산교육지원청 청소년합창단 제9회 정기연주회,"#DonaNobisPacem#M.L.Lightfoot편곡
#경산교육지원청청소년합창단
#제9회정기연주회#Opening
#영남대학교천마아트센터챔버홀
2022.11.26(토) 15:00",UCbrYQc5LQCxE6idz7ldSfKA,권태복 음악학원,2022-12-19T15:08:52Z,374,6.23,False,53,3,,https://www.youtube.com/watch?v=vDq4x9Px9X4,987,685,PF260260,제8회 경산시립교향악단 정기연주회,서양음악(클래식),천마아트센터 그랜드홀,2025-03-13,2025-03-13,,,,mismatch,match,0,False,False,0,no_strong_signal,날짜 불일치(다른 회차 가능성); 장소 일치
OUcNONdDAmM,남성4중창 케이페라 너울 지금 이순간 오케스트라협연,"#성악 #지금이순간 #오케스트라 #공연 #공연팀섭외  #공연 #공연팀 #음향  

 Soop은 문화행사기획, 미디어기획, 공연예술기획, 문화콘텐츠 개발을 
전문으로하는 문화예술경영기업 입니다. 
 
www.soopmusic.com  (주)숲뮤직아트
 t. 02)2055.2100
 f. 02)2055.2151
 e. soopmusic@soopmusic.com
 www.soopmusic.com 
 a. 우)06723 서울특별시 서초구 효령로68길 59 (서초동, 동인빌딩 SMA)",UC3D_gbXElafCIWdOyjjGWEw,숲플랜컴퍼니,2023-10-16T17:09:48Z,237,3.95,False,67,2,0,https://www.youtube.com/watch?v=OUcNONdDAmM,3530,961,PF260260,제8회 경산시립교향악단 정기연주회,서양음악(클래식),천마아트센터 그랜드홀,2025-03-13,2025-03-13,,,,none,none,2,False,False,2,no_strong_signal,해시태그 2개 카테고리 일치
q0SJfQra2Dc,청주시립합창단_경복궁 타령,"청주시립합창단 제121회 기획공연
설 특별공연 '합창 만복래'
2019. 2. 5.(화) 오후 4시 
청주예술의전당 대공연장

객원지휘 공기태
청주시립합창단",UCpyaM8woA6_i9OLMFVsO-fw,청주시립예술단,2019-03-05T07:12:43Z,129,2.15,False,16353,88,,https://www.youtube.com/watch?v=q0SJfQra2Dc,3090,649,PF260260,제8회 경산시립교향악단 정기연주회,서양음악(클래식),천마아트센터 그랜드홀,2025-03-13,2025-03-13,,,,none,none,0,False,False,0,no_strong_signal,신호 없음
0Y8msCbnWFY,삼촌과 가야금 연습,#가야금 #국악 #연주 #삼촌,UCh6kKgD4ovAqRwhBt4cUZ-g,션과 다나,2021-08-20T08:17:22Z,27,0.45,True,517,7,2,https://www.youtube.com/watch?v=0Y8msCbnWFY,385,656,PF274122,"제15회 김해가야금축제, 김해시립가야금연주단 콘서트: 지금 知琴",한국음악(국악),김해문화의전당 마루홀,2025-09-25,2025-09-25,,,,none,none,1,False,False,1,no_strong_signal,신호 없음
R_RfuTlKsFo,윤예슬 '2020년 김해가야금경연대회 일반부 우수상 수상'_일반부 예선 '합격' 영상 (비대면영상심사),"#우조초수 #비대면영상 #김해가야금경연대회

*이어폰을 사용하시거나, 볼륨을 크게하고 들으시면 더 좋아요🙂


구독,  좋아요, 댓글 부탁드립니다🧏‍♀️🙇‍♀️


-------------------------------------------------------
🌷Pierna project [Bloom.G]

Music Director - 심새미
가야금 - 윤예슬
영상 - 김종현
의상 - 서담화 인스타 @seodamhwa

🌷Contact 
Instagram : @project_gayageum_pierna
E-mail : piernaproject@gmail.com
---------------------------------------------------------
#가야금연주 #가야금영상 #가야금연습",UC6sRZdD4r10wzQcrkaWUMVw,가야금 피어나 Gayageum Pierna,2020-10-02T02:44:18Z,61,1.02,False,2205,37,5,https://www.youtube.com/watch?v=R_RfuTlKsFo,1310,193,PF274122,"제15회 김해가야금축제, 김해시립가야금연주단 콘서트: 지금 知琴",한국음악(국악),김해문화의전당 마루홀,2025-09-25,2025-09-25,,,,none,none,0,False,False,0,no_strong_signal,신호 없음
o6UFkh8iyug,고향의 봄 - 조혜영 편곡 인천시립 합창단 (지휘 김종현 ),"Incheon City Chorale (Dr. Jong-hyun Kim, artistic director)
호국보훈의 달 기념 연주
인천시립합창단 160회 정기연주회 
""평화의 비전""",UCojthTzEDoEs2S3X_hXpkrw,인천시립합창단Incheon City Chorale,2018-08-30T07:51:42Z,276,4.6,False,73683,576,18,https://www.youtube.com/watch?v=o6UFkh8iyug,4150,117,PF283994,제195회 인천시립합창단 정기연주회 [인천],서양음악(클래식),인천문화예술회관 대공연장,2026-02-26,2026-02-26,,,,none,none,0,False,False,0,no_strong_signal,신호 없음
PyMRoqVADz8,[합창] 사랑하는 자들아(이현철) - 인천 시립 합창단,"성가 합창의 명곡인 이현철 작곡가의  '사랑하는 자들아'는 요한일서 4장 말씀을 바탕으로 하나님의 크신 사랑과 우리 공동체의 사랑을 아름다운 선율로 담아낸 곡입니다. 
『예수 나의 기쁨 1집』에 수록되어 많은 교회 성가대에서 꾸준히 사랑받고 있습니다.

""사랑하는 자들아 우리가 서로 사랑하자 사랑은 하나님께 속한 것이니 사랑하는 자마다 하나님께로 나서 하나님을 알고"" (요한일서 4:7)

사랑하는 자들아
To beloved man
이 현철 작곡
[예수나의기쁨 1집] 수록곡

★혼성4부(SATB) 합창 연습을 위해 각 파트를 정확히 익힐 수 있도록 제작한 홀리프레이즈만의 음성 가이드입니다.★

사랑하는 자들아(이현철) 파트별 연습 바로가기

[합창] https://youtu.be/PyMRoqVADz8

[소프라노] https://youtu.be/Q6c4mE8J-yQ

[알토] https://youtu.be/KdTnk31zGgw

[테너] https://youtu.be/K7hl-FPt9pw

[베이스] https://youtu.be/82rXLyFYt5E

[피아노 MR] https://youtu.be/LAHUWKSYqzE

[SATB] https://youtu.be/42wSNlZqAD0

✝️찬양을 통해 주님의 임재를 경험하는 모든 분들께 이 영상을 드립니다. 좋아요 👍와 구독 🔔을 눌러주세요 큰 힘이 됩니다!

✔사랑하는 자들아(이현철) SATB Vocal 파트연습곡 모음
https://www.youtube.com/playlist?list=PLLFgovPx_2C7wzMr442EX86969HI2KlOI

✔홀리프레이즈의 성가 합창곡 모두듣기
https://youtube.com/playlist?list=PLLFgovPx_2C4HL5VDzz8iZXvE_OpaPpqR&si=CIK1-0bRPnsG-rOz

✔홀리프레이즈의 성가곡 SATB Voice 합창 모두듣기
https://www.youtube.com/playlist?list=PLLFgovPx_2C5VN-M94RXwiDJJEArBP0UF

✔홀리프레이즈의 찬송가 SATB Voice 합창 모두듣기
https://www.youtube.com/playlist?list=PLLFgovPx_2C4cmAfeZJ8m69Fh0kOPptQm

사랑하는 자들아 우리가 서로 사랑하자
사랑은 하나님께 속한 것이니
사랑하는 자마다 하나님께로 나서
하나님을 아나니 하나님은 사랑이시라

사랑하는 자들아 우리가 서로 사랑하자
사랑은 하나님께 속한 것이니
사랑하는 자마다 하나님께로 나서
하나님을 아나니 하나님은 사랑이시라

사랑은 여기 있으니
우리가 하나님을 사랑한 것 아니요
하나님이 우리를 사랑하사 우리 죄 인하여
화목제로 그 아들을 보내셨음이라

사랑하는 자들아 우리가 서로 사랑하자
사랑은 하나님께 속한 것이니
사랑하는 자들아 하나님이 이같이
우릴 사랑 우릴 사랑하셨으니
우리도 서로 사랑 우리도 서로 사랑하는 것이 마땅하도다
사랑하는 자들아

음원 인천시립합창단: https://youtu.be/YX2mTDApfZ0?si=tJwIIYgJzTMYPSrt
_____________________________________________
#사랑하는자들아 #이현철 #성가대파트연습 #예수나의기쁨",UCgpEGYud5oigh2SrS0QUe_A,홀리프레이즈,2026-04-12T05:30:25Z,238,3.97,False,962,5,1,https://www.youtube.com/watch?v=PyMRoqVADz8,21700,5700,PF283994,제195회 인천시립합창단 정기연주회 [인천],서양음악(클래식),인천문화예술회관 대공연장,2026-02-26,2026-02-26,,,,none,none,0,False,False,0,no_strong_signal,신호 없음
ibiPVg9OnGo,Mark Hayes - I Got Rhythm,"I Got Rhythm / Mark Hayes

합창 . 인천시립합창단
지휘 . 윤의중 예술감독 겸 상임지휘자
피아노 . 최지현, 황소은
협연 . Drum . 이상민 / Double Bass . 김영후
안무지도 . 성경희 안무가




영상촬영 . 뮤직그라퍼 (MusicGrapher)
녹음 . 인피니티 사운드 (Infinity Sound)",UCojthTzEDoEs2S3X_hXpkrw,인천시립합창단Incheon City Chorale,2024-12-23T01:31:29Z,200,3.33,False,6010,69,3,https://www.youtube.com/watch?v=ibiPVg9OnGo,4150,117,PF283994,제195회 인천시립합창단 정기연주회 [인천],서양음악(클래식),인천문화예술회관 대공연장,2026-02-26,2026-02-26,,,,none,none,0,False,False,0,no_strong_signal,신호 없음
T2m_53aoEdU,Robert T. Gibson - Dance,"Dance / Robert T. Gibson

합창 . 인천시립합창단
지휘 . 윤의중 예술감독 겸 상임지휘자
안무지도 . 성경희 안무가




영상촬영 . 뮤직그라퍼 (MusicGrapher)
녹음 . 인피니티 사운드 (Infinity Sound)",UCojthTzEDoEs2S3X_hXpkrw,인천시립합창단Incheon City Chorale,2024-12-23T01:28:44Z,155,2.58,False,12210,124,11,https://www.youtube.com/watch?v=T2m_53aoEdU,4150,117,PF283994,제195회 인천시립합창단 정기연주회 [인천],서양음악(클래식),인천문화예술회관 대공연장,2026-02-26,2026-02-26,,,,none,none,0,False,False,0,no_strong_signal,신호 없음
FMPLZ0s7uhg,윤학원 마에스트로가 지휘하는 인천시립합창단 특별 공연,"인천평생학습관 미출홀에서 아름다운 하모니가 울려 퍼집니다. 한국 합창 음악계의 대부인 세계적인 지휘자 윤학원 마에스트로가 지휘하는 인천시립합창단의 특별 공연입니다. 

지휘자 윤학원은 남자의 자격 청춘합창단 지휘자로 출연해 대중들에게 널리 알려졌는데요. 그가 지휘하는 인천시립합창단은 1995년 재 창단 후 세계합창박람회에 이르기까지 대한민국 합창의 위용을 자랑하고 있습니다. 

지휘자의 지휘를 시작으로 아름다운 클래식 공연이 울려 퍼지자 공연장을 찾은 관객들은 어느새 음악에 심취하고 빠져듭니다.

이날 공연에서는 베토벤의 운명부터 멘델스존의 축혼 행진곡까지 16곡의 하이라이트만 편곡한 클래식 음악들을 감상할 수 있었습니다. 

인천시립합창단의 격조 높은 합창과 윤학원 지휘자의 맛깔스러운 지휘가 어우러져 공연을 보는 내내 관객들에게 아름다운 감동이 전해졌습니다. 

이번 클래식 공연을 통해 그동안 어렵게만 느껴졌던 클래식 음악이 쉽고 친근하게 다가오는 소중한 시간이었습니다.

지금까지 시민기자 최강덕이었습니다.",UC960xfXepXPsJ8HHePGvAKw,인천광역시,2014-02-20T01:56:52Z,123,2.05,False,8051,16,0,https://www.youtube.com/watch?v=FMPLZ0s7uhg,89100,7712,PF283994,제195회 인천시립합창단 정기연주회 [인천],서양음악(클래식),인천문화예술회관 대공연장,2026-02-26,2026-02-26,,,,none,none,0,False,False,0,no_strong_signal,신호 없음
VuYtAY2RyyI,인천시립합창단,,UCgIzrG_J_BpCz72BIQ0HTIw,삼삼스튜디오 33MusicStudio & 그린필오케스트라,2023-02-06T10:01:34Z,6,0.1,True,812,2,0,https://www.youtube.com/watch?v=VuYtAY2RyyI,241,122,PF283994,제195회 인천시립합창단 정기연주회 [인천],서양음악(클래식),인천문화예술회관 대공연장,2026-02-26,2026-02-26,,,,none,none,0,False,False,0,no_strong_signal,신호 없음
rP32kf3ujxI,인천시립합창단의 월미도 공연,,UCDDbfPVExxG0XAryedWnPyw,hippo9445,2012-09-21T04:21:17Z,32,0.53,True,1230,10,0,https://www.youtube.com/watch?v=rP32kf3ujxI,1,27,PF283994,제195회 인천시립합창단 정기연주회 [인천],서양음악(클래식),인천문화예술회관 대공연장,2026-02-26,2026-02-26,,,,none,none,0,False,False,0,no_strong_signal,신호 없음
uBFSXv4KKLQ,[실로암탐구생활]남PD가 간다_시각장애 아이들의 국악한마당 '범내려온다',"많은 사람들이 몰랐지만 언제나 색다르고 재미있는 실로암시각장애인복지관만의 프로그램을 실로암탐구생활 남PD가 직접 가서 촬영하며 느낀 생생한 이야기입니다

첫번째 이야기는 설리번학습지원센터에서 진행한 프로그램 '설리범 내려온다'' 많은 시청 바랍니다!!!

*음악 출처*
--------------------------------------------------------------------------------------------------
Song : 오정석 - My Mistake
공유마당  — CC BY
Music promoted by 프리뮤직 Vlog Copyright Free Music 
Link : https://youtu.be/Q-y6qjqyrI4
--------------------------------------------------------------------------------------------------
Song : Yannic Piano - Wonderspring
Music promoted by 프리뮤직 Vlog Copyright Free Music 
Link : https://youtu.be/Q-y6qjqyrI4
--------------------------------------------------------------------------------------------------

#범내려온다 #국악 #판소리 #퓨전국악 #실로암시각장애인복지관 #설리번학습지원센터 #시각장애",UCQArgTwASMlElv6TYN4LU5g,실로암탐구생활,2021-09-01T06:00:26Z,295,4.92,False,1066,37,3,https://www.youtube.com/watch?v=uBFSXv4KKLQ,1660,270,PF225754,친절한 돼지씨 [논산],한국음악(국악),논산아트센터(구. 논산문화예술회관) 대공연장,2023-09-21,2023-09-21,,,,none,none,1,False,False,1,no_strong_signal,신호 없음
SbdpLePM4LE,"[어바웃 우리동네] 12/19(목) 130년 된 전동성당 빛의 옷을 입다, 12월엔 으능정이에서 만나요, 농민도 살맛나게 소비자도 살맛나게, 미각이 만든 건물, 무형문화재 정대희","[생방송 어바웃 우리동네] 2019/12/19(목)

1. 전주 - 130년 된 전동성당 빛의 옷을 입다
2. 대전 - 12월엔 으능정이에서 만나요
3. 광주 - 농민도 살맛나게 소비자도 살맛나게 로컬푸드직매장
4. 울산 - 건축여행 미각이 만든 건물
5. 상주 - 세월을 짓는 옹기장이 무형문화재 정대희 씨",UCwWqBWIe72xKV016rcXGaaA,여수MBCPrime,2019-12-19T11:04:56Z,3267,54.45,False,283,5,0,https://www.youtube.com/watch?v=SbdpLePM4LE,186000,7171,PF225754,친절한 돼지씨 [논산],한국음악(국악),논산아트센터(구. 논산문화예술회관) 대공연장,2023-09-21,2023-09-21,,,,mismatch,none,0,False,False,-2,delete_candidate,날짜 불일치(다른 회차 가능성)
qeK3WAswsYk,"[어바웃 우리동네] 8/18(화) 강원도 수해 복구 현장 우리 함께 이겨냅시다, 시민안전 소방안전 필승, 씨름왕 어머니와 함께하는 쿡방, 우리동네 초대석","[어바웃 우리동네] 8/18(화)

1. 강원 - 강원도 수해 복구 현장 우리 함께 이겨냅시다
2. 대전 - 시민안전 소방안전 필승
3. 시청자 참여 - 우리동네 톡톡
4. 제주 - 씨름왕 어머니와 함께하는 쿡방
5. 우리동네 초대석 - 여수 MBC 창사 50주년 이은철 교사의 광양 이야기

@어바웃 우리동네 초대석(2020.08.18)
- 여수mbc 창사 50주년 이은철 교사의 광양 이야기",UCwWqBWIe72xKV016rcXGaaA,여수MBCPrime,2020-08-18T10:11:55Z,2624,43.73,False,487,11,0,https://www.youtube.com/watch?v=qeK3WAswsYk,186000,7171,PF225754,친절한 돼지씨 [논산],한국음악(국악),논산아트센터(구. 논산문화예술회관) 대공연장,2023-09-21,2023-09-21,,,,mismatch,none,0,False,False,-2,delete_candidate,날짜 불일치(다른 회차 가능성)
WCTOov3BW6I,"[어바웃 우리동네] 7/7(화) 예산으로 나들이 가요, 문화맛집 버스커 황진근, 강소사원 해볼랑가 고기가공공장2, 제주를 담은 소품가게","[어바웃 우리동네] 7/7(화)
1. 예산 - 예산으로 나들이 가요
2. 포항 - 문화맛집 버스커 황진근
3. 광주 - 강소사원 해볼랑가 고기가공공장2탄
4. 제주 - 제주를 담은 소품가게",UCwWqBWIe72xKV016rcXGaaA,여수MBCPrime,2020-07-07T10:13:38Z,2621,43.68,False,409,8,0,https://www.youtube.com/watch?v=WCTOov3BW6I,186000,7171,PF225754,친절한 돼지씨 [논산],한국음악(국악),논산아트센터(구. 논산문화예술회관) 대공연장,2023-09-21,2023-09-21,,,,none,none,0,False,False,0,no_strong_signal,신호 없음
2yAikrA4IO0,"[어바웃 우리동네] 11/25(수) 진안 우정마을 김장하는 날, 캠핑카 한옥을 입다, 괴산에서 만나는 3색 가을풍경, 우리동네 문화카페","[어바웃 우리동네] 11/25(수)
1. 전주 - 진안 우정마을 김장하는 날
2. 춘천 - 캠핑카 한옥을 입다
3. 시청자 참여 - 우리동네 톡톡
4. 괴산 - 괴산에서 만나는 3색 가을풍경
5. 우리 동네 문화카페 
6. 시청자 참여 - 우리동네 톡톡",UCwWqBWIe72xKV016rcXGaaA,여수MBCPrime,2020-11-25T10:04:37Z,2540,42.33,False,407,5,0,https://www.youtube.com/watch?v=2yAikrA4IO0,186000,7171,PF225754,친절한 돼지씨 [논산],한국음악(국악),논산아트센터(구. 논산문화예술회관) 대공연장,2023-09-21,2023-09-21,,,,none,none,0,False,False,0,no_strong_signal,신호 없음
ZSi1rLpjd88,고속버스승무원방송/Korea Express Bus Driver Broadcasting/서기사/Seogisa,"Hello, I'm Seogisa, a Korean express bus driver YouTuber. We are trying to capture the subtotal of Korean public transportation express buses and the daily life of express bus drivers during their work and holidays without hesitation. Please understand that my video caption is a Gyeongsangnam-do dialect in Korea, and because of this, English subtitles are not provided. Please show a lot of interest and support. Thank you. 

advertisement, Sponsored by
Bus video collaboration
Seogisa E-mail
seogun3@nate.com 

#고속버스 # #천일고속 #금호고속 #중앙고속 #동양고속",UCefXJK9IQV80nfvUNuZNzpA,서기사[Seogisa],2022-10-26T15:50:04Z,167,2.78,False,660,27,9,https://www.youtube.com/watch?v=ZSi1rLpjd88,17200,1123,PF225754,친절한 돼지씨 [논산],한국음악(국악),논산아트센터(구. 논산문화예술회관) 대공연장,2023-09-21,2023-09-21,,,,none,none,0,False,False,0,no_strong_signal,신호 없음
EAm_-mDMORI,안동 유교문화박물관 상설전시관 360도 영상,"▶비즈니스 문의
📱 dkim@2mbgame.com
📞070-8872-4697


© 2MB GAME Inc. All rights reserved",UCPdzxHzrKQuDPZ7k6j2T-LQ,2MB GAME,2021-09-27T05:41:37Z,469,7.82,False,160,3,0,https://www.youtube.com/watch?v=EAm_-mDMORI,55,47,PF225754,친절한 돼지씨 [논산],한국음악(국악),논산아트센터(구. 논산문화예술회관) 대공연장,2023-09-21,2023-09-21,,,,none,none,0,False,False,0,no_strong_signal,신호 없음
Ubo0FWqaxWQ,[어바웃 우리동네] 6/27(목) 장계수 청공해 총무/전복 보양식/우리동네해수욕장/여수대횡간도,"[어바웃 우리동네] 6/27(목)
1.혼터뷰 - 장계수 청공해 총무(순천)
2.박아나 가이드 - 몸이 허할 땐 바다의 보양식이 제격이다! 전복요리 (여수)
3.우리동네 잇(it)슈 - 우리동네해수욕장 ""축""개장
(여수 웅천친수공원/여수 안도 해수욕장/고흥 남열해돋이 해수욕장)
4.우리 마을 한바퀴 - 여수 대횡간도",UCwWqBWIe72xKV016rcXGaaA,여수MBCPrime,2019-06-27T09:00:05Z,2613,43.55,False,659,10,0,https://www.youtube.com/watch?v=Ubo0FWqaxWQ,186000,7171,PF225754,친절한 돼지씨 [논산],한국음악(국악),논산아트센터(구. 논산문화예술회관) 대공연장,2023-09-21,2023-09-21,,,,none,none,0,False,False,0,no_strong_signal,신호 없음
5JPj77Ndw6Q,mbn 생생정보마당 김경호 한의사의 와송 약선요리 녹화장면 미리 엿보기,"mbn 생생정보마당 김경호 한의사가 찾아가는 약선요리 코너의 방문지, 수루지천년농원에서 와송 고추장 돼지고기 주물럭 촬영 녹화하는데 미리 엿보기 입니다.",UCea1XRc45jLEQN0xbtHRrzQ,수루지 천년농원,2020-07-11T01:07:19Z,497,8.28,False,338,15,2,https://www.youtube.com/watch?v=5JPj77Ndw6Q,11300,275,PF225754,친절한 돼지씨 [논산],한국음악(국악),논산아트센터(구. 논산문화예술회관) 대공연장,2023-09-21,2023-09-21,,,,none,none,0,False,False,0,no_strong_signal,신호 없음
YbNT5Nth4rE,[주식] 10월 17일 유망종목 돼지열병관련주 백광소재 진바이오텍 제일바이오 대성미생물,"잔고 현황
어제 1031만원
오늘 1035만원

[주식] 10월 17일 유망종목 
돼지열병관련주 
백광소재 진바이오텍 제일바이오 대성미생물",UCPal82erPNuXO_9UBzShBAQ,손느린아재,2019-10-16T06:52:18Z,2155,35.92,False,1179,53,10,https://www.youtube.com/watch?v=YbNT5Nth4rE,4470,1337,PF225754,친절한 돼지씨 [논산],한국음악(국악),논산아트센터(구. 논산문화예술회관) 대공연장,2023-09-21,2023-09-21,,,,none,none,0,False,False,0,no_strong_signal,신호 없음
02ec7duPPNE,랜선전시회 미술 작품전 최이록작가님 개인전 feat.오션갤러리,"돼지공인중개사의 브이로그 부랄친구들과 미술감상도하고 술도먹고 하루일상 
feat.최이록작가님의 개인전


작가님인스타그램 

https://instagram.com/yirok_gallery?igshid=1xuksngefs278

#최이록
#오션갤러리
#아티스트",UCjMc1nsbI68Fawbnk0Ryxkw,김소장tv,2021-01-05T14:19:00Z,232,3.87,False,1318,29,14,https://www.youtube.com/watch?v=02ec7duPPNE,28200,3151,PF225754,친절한 돼지씨 [논산],한국음악(국악),논산아트센터(구. 논산문화예술회관) 대공연장,2023-09-21,2023-09-21,,,,none,none,0,False,False,0,no_strong_signal,신호 없음
iBqwcKFZRHg,"아트디오션갤러리 박은경 대표, 한국예술경영 대상 신동아방송뉴스","여수 아트디오션갤러리 박은경 대표가 한국경제문화대상에서 예술경영부분 대상을 수상했다.
박 대표는 산업통상자원부 산하 한국경제연구원이 주관한 제7회 경제문화대상 시상식에서 서울과 지역 간 문화예술교류를 활발하게 해 온 공로를 인정받아 예술경영부문 대상을 받았다.
지난해 11월 문을 연 아트디오션갤러리는 그동안 유명작가 특별전과 지역작가 국회 기획전을 개최하며 좋은 반응을 얻었다.
2020 한국경제문화대상 시상식은 오는 30일 오후 3시 서울 광진구 군자동 세종대학교에서 개최될 예정이며, 사회적 거리두기 방역지침에 따라 수상자와 관계자들만 참석해 진행한다. 
시상식 후 다양한 장르의 음악이 융합된 '아트 컨버전스 콘서트'가 비대면으로 진행된다.",UCnKysBJHK7GOS7RmKwxyhEQ,sdatv신동아방송,2020-12-30T08:05:55Z,62,1.03,False,54,2,0,https://www.youtube.com/watch?v=iBqwcKFZRHg,4890,6681,PF225754,친절한 돼지씨 [논산],한국음악(국악),논산아트센터(구. 논산문화예술회관) 대공연장,2023-09-21,2023-09-21,,,,none,none,0,False,False,0,no_strong_signal,신호 없음
p6p-FH554NM,"뉴욕 검은돌 창단공연 ""을화""","김동리 탄생 100주년 기념 및 극단 검은돌 창단 공연 ""을화"" 

1936년 발표된 단편소설 ""무녀도"" 를 희곡으로 개작한 김동리 장편소설 ""을화""는 1920년대 식민시대 경주의 한 작은 마을을 배경으로, 무당(을화)으로 대표되는 토속신앙과 아들에 의해 전해지는 기독교 신앙과의 충돌과 갈등을 그리고 있다. 동양과 서양의 가치관, 전통적 신비주의와 근대적 합리주의의 대립과 갈등을 통해 삶의 본질과 진정한 가치를 조명, 노벨문학상 후보작으로도 거론된 명작이다. 

원작: 김동리 
각색: 고영범 
연출: 이승규

CAST
을화: 김은희
영술: 장지호
방돌: 박진현 
박장로: 최일훈 
월희: 박은영 
정부자댁 아들:김진 
정부자댁 노마님:김분임 
정부자댁 며느리:신명희 
이성출:임창규 
영술네 할머니:김소야 
이성출 아내: 김은주

특별출연
문옥주
김순희 
이춘승과 뉴욕 취타대",UCCAhd1F1Bc1GIZsjlbP2eKw,Edward Kwon,2014-02-17T02:22:31Z,7320,122.0,False,1456,9,0,https://www.youtube.com/watch?v=p6p-FH554NM,37,16,PF267379,"국립극단, 십이야 [제주]",연극,제주아트센터 대극장,2025-07-18,2025-07-19,,,,none,none,0,False,False,0,no_strong_signal,신호 없음
TnO6TV1oORg,제43회 서울연극제 다시보기,"제43회 서울연극제 다시보기

4.29.(금) ~ 5.8.(일)
👉 창작집단 las_우투리: 가공할 만한
5.5.(목) ~ 5.15.(일)
👉 창작조직 성찬파_반쪼가리 자작
5.6.(금) ~ 5.14.(토)
👉 드림플레이 테제21_자본 2:어디에나 어디에도
5.7.(토) ~ 5.15.(일)
👉 극단 명작옥수수밭_타자기 치는 남자
5.13.(금) ~ 5.22.(일)
👉 극단 산수유_공포가 시작된다
5.19.(목) ~ 5.28.(토)
👉 극단 파수꾼_7분(Sette Minuti)
5.19.(목) ~ 5.28.(토)
👉 극단 모시는 사람들_심청전을 짓다
5.20.(금) ~ 5.28.(토)
👉 극단 여행자_베로나의 두 신사",UCpDIYb1c0ayIbvwCKch-Eag,서울연극협회SEOUL THEATER ASSOCIATION,2022-06-09T02:21:07Z,391,6.52,False,606,12,0,https://www.youtube.com/watch?v=TnO6TV1oORg,683,265,PF267379,"국립극단, 십이야 [제주]",연극,제주아트센터 대극장,2025-07-18,2025-07-19,,,,none,none,0,False,False,0,no_strong_signal,신호 없음
RYrR6ALJfEU,한여름밤의 꿈120708, ,UC0p33ZnRkC4p0jiPJajQZkw,꺅! tv 경기아트센터,2012-07-11T02:34:22Z,23,0.38,True,780,1,0,https://www.youtube.com/watch?v=RYrR6ALJfEU,23200,1220,PF267379,"국립극단, 십이야 [제주]",연극,제주아트센터 대극장,2025-07-18,2025-07-19,,,,none,none,0,False,False,0,no_strong_signal,신호 없음
0KC-cLLCRYk,?? : 그니까 먼저 태어났어야지,"💙 미공개&비공개 영상이 가득한 하말넘많 멤버십 ⬇⬇⬇
https://youtube.com/c/하말넘많heavytalker/join",UCm3SDarPtTOS_NjCh9d3TDQ,[하말넘많] heavytalker,2025-03-07T08:18:20Z,67,1.12,False,3931015,69781,553,https://www.youtube.com/watch?v=0KC-cLLCRYk,797000,1389,PF253598,똥벼락 [부산],한국음악(국악),국립부산국악원 연악당,2024-12-13,2024-12-14,,,,none,none,0,False,False,0,no_strong_signal,신호 없음
HgPDtRSX65Q,크리스티아누 호날두의 부가티 사고 😱 ll #ronaldo #shorts,"크리스티아누 호날두의 부가티 사고 😱 ll 

#ronaldo #shorts #georgina #football #athlete #cristianoronaldo #sportsperson #popular #mostwanted #mostpopular #new #trending #trendingshorts #trend #viral #viralvideo",UCFQtCZHu_xADmLlPRHW8EEg,CR7 레거시,2024-10-29T11:52:19Z,42,0.7,True,1015782,31811,2107,https://www.youtube.com/watch?v=HgPDtRSX65Q,143000,280,PF253598,똥벼락 [부산],한국음악(국악),국립부산국악원 연악당,2024-12-13,2024-12-14,,,,none,none,0,False,False,0,no_strong_signal,신호 없음
fFSp9BaFlDg,쓰레기통에서 발견된 강아지,"#shorts #1분순삭 #웃긴짤 #웃짤

무료영상구독(클릭) -https://www.youtube.com/channel/UCjFbSOJ3jN7gIDvDHtLh8jA?sub_confirmation=1",UCjFbSOJ3jN7gIDvDHtLh8jA,"1분순삭 (예능,유머,이슈)",2022-06-05T12:10:00Z,57,0.95,True,1875,31,4,https://www.youtube.com/watch?v=fFSp9BaFlDg,7100,299,PF253598,똥벼락 [부산],한국음악(국악),국립부산국악원 연악당,2024-12-13,2024-12-14,,,,none,none,0,False,False,0,no_strong_signal,신호 없음
gmsKxXEh_6U,제주도 사투리 자막 레전드 ㅋㅋㅋㅋ,,UC3_Asup92a0hx6qFk0P9R_A,타오름달스물아흐레,2022-04-06T07:11:34Z,11,0.18,True,8729859,162927,3485,https://www.youtube.com/watch?v=gmsKxXEh_6U,10300,47,PF253598,똥벼락 [부산],한국음악(국악),국립부산국악원 연악당,2024-12-13,2024-12-14,,,,none,none,0,False,False,0,no_strong_signal,신호 없음
9mEVhj5ETwg,두통 5초만에 없애는 법! #shorts,"5초 투자로 두통 해결 ㄷㄷ

풀영상: https://youtu.be/8HwkXEze5l8

#두통없애는법#두통마사지#머리아플때",UC6bYE4W9qDix6WPkaigb1Gw,관절사용설명서,2022-02-14T10:35:55Z,34,0.57,True,1370320,20565,700,https://www.youtube.com/watch?v=9mEVhj5ETwg,183000,534,PF253598,똥벼락 [부산],한국음악(국악),국립부산국악원 연악당,2024-12-13,2024-12-14,,,,none,none,0,False,False,0,no_strong_signal,신호 없음
KFEhTJ5910A,엘리베이터,#짧소 #짧고소름돋는이야기 #실화 #공포 #이무이 #shorts,UCO9cJzC_aT6cTTxthzVIwZQ,짧소 - 짧고 소름돋는 이야기,2022-01-14T13:49:41Z,36,0.6,True,1248,11,1,https://www.youtube.com/watch?v=KFEhTJ5910A,4,3,PF253598,똥벼락 [부산],한국음악(국악),국립부산국악원 연악당,2024-12-13,2024-12-14,,,,none,none,0,False,False,0,no_strong_signal,신호 없음
ygjOP7_5S-c,지금 전쟁난 네이버 웹툰 상황 ㄷㄷ,"#덕분  #웹툰 #애니

선천적 얼간이들
https://webtoon.onelink.me/u70y/jerk

사내연애 사절!
https://webtoon.onelink.me/u70y/officelove1

로맨스 당도 백퍼센트
https://webtoon.onelink.me/u70y/romancesweet

너는 그냥 개그만화나 그려라
https://webtoon.onelink.me/u70y/maso



Music: A Sad Toy Story by Sascha Ende
Free download: https://filmmusic.io/song/563-a-sad-toy-story
Music: Cinematic Last Hope by WinnieTheMoog
Free download: https://filmmusic.io/song/5974-cinematic-last-hope
Licensed under CC BY 4.0: https://filmmusic.io/standard-license",UCmoetiLD7wZ-AUNJjkG0xYg,덕질분석가 덕분,2023-09-04T09:59:41Z,60,1.0,True,10504059,294380,5412,https://www.youtube.com/watch?v=ygjOP7_5S-c,427000,241,PF253598,똥벼락 [부산],한국음악(국악),국립부산국악원 연악당,2024-12-13,2024-12-14,,,,none,none,0,False,False,0,no_strong_signal,신호 없음
f_DX_aCZ5bc,(중요)20초면 사망하는 비행기 위험요소,#비행기 #항공기 #대처방법 #생존 #인생2회차 #지식 #사고 #공항 #꿀팁 #생활정보 #여행,UCy7QgZ6aOoPTQltIcplb8xA,인생2회차,2024-08-11T08:00:23Z,34,0.57,True,5993677,139953,1379,https://www.youtube.com/watch?v=f_DX_aCZ5bc,1050000,276,PF253598,똥벼락 [부산],한국음악(국악),국립부산국악원 연악당,2024-12-13,2024-12-14,,,,none,none,0,False,False,-3,delete_candidate,무관 해시태그 발견
QoSyFJVBhgM,경찰이 안마방 단속 안 하는 이유,,UCIueALBHAyPPU7e7C2zVYRQ,직업의모든것 All about jobs,2025-07-25T09:00:42Z,39,0.65,True,1486124,8259,1356,https://www.youtube.com/watch?v=QoSyFJVBhgM,1050000,989,PF253598,똥벼락 [부산],한국음악(국악),국립부산국악원 연악당,2024-12-13,2024-12-14,,,,none,none,0,False,False,0,no_strong_signal,신호 없음
snTnmwYXcQA,2002 KYYC - 1A 1위 이대열,,UCCRzkzKiSh23i8jTq8tuNAw,[KNYC]Korea National Yoyo Contest,2018-08-16T13:50:39Z,186,3.1,False,348,12,1,https://www.youtube.com/watch?v=snTnmwYXcQA,1520,1311,PF253598,똥벼락 [부산],한국음악(국악),국립부산국악원 연악당,2024-12-13,2024-12-14,,,,none,none,0,False,False,0,no_strong_signal,신호 없음
-s95i5PgBNc,[날로 먹는 백패킹] 백패킹에 4p텐트가 왠 말? / 광안대교가 보이는 그 곳에서..,"오늘도 떠난다..
오늘은 날로 먹는 백패킹이닷!
양심상 날로 먹을 순 없다!
4p 텐트와 야전침대로 체력단련 ㅋㅋ",UCrzLP0dr86XfSfj1FC_lAZw,유부패커,2019-01-08T23:29:18Z,1755,29.25,False,1596,28,15,https://www.youtube.com/watch?v=-s95i5PgBNc,6220,377,PF253598,똥벼락 [부산],한국음악(국악),국립부산국악원 연악당,2024-12-13,2024-12-14,,,,none,none,0,False,False,0,no_strong_signal,신호 없음
8CxxHA8WdFY,블레이징틴스 레전드 전사 요요대회 결승전,"블레이징틴스 레전드 전사를 뽑기 위한 결승전!
손에 땀을 쥐는 블레이징틴스 레전드 전사 요요대회 결승전을 다함께 감상하세요! 

요요마스터와 함께하는 블레이징틴스 레전드 전사 요요대회 결승전, 지금 바로 클릭! 후에 감상하세요~
과연, 최고의 블레이징틴스 레전드 전사 요요대회 우승자는 누구~?!
최고의 1인을 확인하세요!",UCEffavre8oTRcQ8jVdnswPw,초관심,2015-01-08T00:58:49Z,121,2.02,False,161934,275,42,https://www.youtube.com/watch?v=8CxxHA8WdFY,298000,963,PF253598,똥벼락 [부산],한국음악(국악),국립부산국악원 연악당,2024-12-13,2024-12-14,,,,none,none,0,False,False,0,no_strong_signal,신호 없음
0OFNy9plwKk,블레이징틴스 레전드 전사 요요대회 11월 예선,"블레이징틴스 레전드 전사를 뽑기 위한 첫번째 대회!
블레이징틴스 레전드 전사 요요대회 11월 예선을 다함께 감상하세요! 

요요마스터와 함께하는 블레이징틴스 레전드 전사 요요대회 예선!
지금 바로 클릭! 후에 감상하세요~",UCEffavre8oTRcQ8jVdnswPw,초관심,2014-11-21T09:46:35Z,227,3.78,False,584916,979,203,https://www.youtube.com/watch?v=0OFNy9plwKk,298000,963,PF253598,똥벼락 [부산],한국음악(국악),국립부산국악원 연악당,2024-12-13,2024-12-14,,,,none,none,0,False,False,0,no_strong_signal,신호 없음
marj1Vm21l0,방구에 앉아,"방구에 앉아 낙동강을 치다보니,
강건너에서 시커면 연기가 아침 햇살을 가리고 있당",UC0z805H4iI4US9xnfzryyPA,박현태,2012-10-24T02:59:18Z,44,0.73,True,106,0,0,https://www.youtube.com/watch?v=marj1Vm21l0,217,1516,PF253598,똥벼락 [부산],한국음악(국악),국립부산국악원 연악당,2024-12-13,2024-12-14,,,,none,none,0,False,False,0,no_strong_signal,신호 없음
oWgpt8lhA5k,덩팡저우 13억 좌절슛, ,UClt-Rd0SPr3v6AEN4-6OOaA,정진우,2012-08-09T08:30:32Z,17,0.28,True,209706,504,110,https://www.youtube.com/watch?v=oWgpt8lhA5k,547,30,PF253598,똥벼락 [부산],한국음악(국악),국립부산국악원 연악당,2024-12-13,2024-12-14,,,,none,none,0,False,False,0,no_strong_signal,신호 없음
yHHF52z7DZU,허정무 슛 스페셜,,UCG2HXRdylaEDBST3jbtFRIQ,ᄅᄋ루다가,2017-08-15T22:03:45Z,73,1.22,False,1417808,10555,2317,https://www.youtube.com/watch?v=yHHF52z7DZU,137,1,PF253598,똥벼락 [부산],한국음악(국악),국립부산국악원 연악당,2024-12-13,2024-12-14,,,,none,none,0,False,False,0,no_strong_signal,신호 없음
RFv93GS5ZX4,잇백 23 [ITtheview] 폭풍설사? ㅍㅍㅅㅅ 이승환 두목,,UCor5hsoc_LUAAt6Tb8yR6NA,싸랑해요 밀키트,2015-04-07T01:23:15Z,3506,58.43,False,1162,2,3,https://www.youtube.com/watch?v=RFv93GS5ZX4,824,383,PF253598,똥벼락 [부산],한국음악(국악),국립부산국악원 연악당,2024-12-13,2024-12-14,,,,none,none,0,False,False,0,no_strong_signal,신호 없음
0MLAq-8C8lQ,사랑 선생님 화장실,선생님요~ 학생들 떄리면 요런일 납니데이~,UCbo1dTO2z8NC8rI8VnNvnHA,영화공작소,2017-04-07T06:41:53Z,149,2.48,False,6590,17,5,https://www.youtube.com/watch?v=0MLAq-8C8lQ,209,6,PF253598,똥벼락 [부산],한국음악(국악),국립부산국악원 연악당,2024-12-13,2024-12-14,,,,none,none,0,False,False,0,no_strong_signal,신호 없음
wa4Aqlo_7wI,배타의 자작시 설사,,UC1IOr8cUuEu2yyJM2d5-ZFA,유지환,2013-12-11T02:13:38Z,12,0.2,True,789,3,1,https://www.youtube.com/watch?v=wa4Aqlo_7wI,14,7,PF253598,똥벼락 [부산],한국음악(국악),국립부산국악원 연악당,2024-12-13,2024-12-14,,,,none,none,0,False,False,0,no_strong_signal,신호 없음
UQr4bIetf5E,변태 벼락이,"코카스패니얼 우리 벼락이 입니다.
장난감이 있어도 이러구 놀구 있네요,,
엄마 챙피하게",UC8zoZOVLhkgoSmDxvh0eguw,studiohaflower,2012-08-30T10:48:08Z,38,0.63,True,302,0,0,https://www.youtube.com/watch?v=UQr4bIetf5E,0,2,PF253598,똥벼락 [부산],한국음악(국악),국립부산국악원 연악당,2024-12-13,2024-12-14,,,,none,none,0,False,False,0,no_strong_signal,신호 없음
9Pe5fM3d4OU,[#봉춘쿠키] 마봉춘 주최 가을 음악회🍁🍂 MBC080910방송,"랜선으로 들어도 흠뻑 취하는
마봉춘 주최 가을 음악회🍁🍂

*＜베토벤 바이러스＞ 풀버전 보러가기
✔ WAVVE : https://www.wavve.com/player/vod?contentid=M_EP201703032150.1&page=1
✔ iMBC : https://program.imbc.com/thoven

#옛드 #봉춘쿠키 #베토벤바이러스 #김명민 #강마에 #클래식 #음악회

MBC 옛드의 레전드 장면만 쏙쏙 뽑아낸 쿠키영상 🍪
옛드 구독하기👉 https://www.youtube.com/channel/UCG5bAssl2H0wjLG4BEv5ScQ

🎬  베토벤 바이러스 | Beethoven virus

=============
00:00 하이라이트
00:20 #1 새로운 세계 ＜넬라 판타지아＞
03:02 #2 똥덩어리의 반란! ＜리베르 탱고＞
05:41 #3 구원이자 위로가 된 ＜합창＞
09:12 #4 감동의 클라이맥스 ＜거위의 꿈＞
12:08 #5 앵콜 피날레 ＜합창＞
=============",UCG5bAssl2H0wjLG4BEv5ScQ,옛드,2021-11-13T09:00:09Z,879,14.65,False,34797,188,25,https://www.youtube.com/watch?v=9Pe5fM3d4OU,4300000,49949,PF253598,똥벼락 [부산],한국음악(국악),국립부산국악원 연악당,2024-12-13,2024-12-14,,,,none,none,1,False,False,1,no_strong_signal,신호 없음
La7uRRqy0Dw,극단 마실을 강남씨어터에서 만나는 두번째 공연!,"이번에는 세상을 떠들썩하게 할 어린이국악뮤지컬 
""달려라 달려 달달달2- 수수께끼 항아리"" 입니다♪

할머니네 앞마당에서 관객과 함께 풀어가는 신명나는 수수께끼 이야기!

이미 수상경력과 국내 유수 축제 초청작 선정으로 작품성을 인정받았지요~:)

2014 공연장 상주예술단체 지원작으로 선정되어
개인 5,000원, 단체 3,500원에 관람이 가능하답니다!(꺄)

9/1~3,5 오전 10시, 11시반
9/4 오후 4시, 7시반에
강남씨어터(역삼1주민센터 3층)에서 만나요^ㅡ^

*공연문의:hello@masil.biz﻿",UC_87YycFRpXlmwN3oZhpFpw,극단 마실,2014-08-02T17:15:01Z,61,1.02,False,220,2,0,https://www.youtube.com/watch?v=La7uRRqy0Dw,25,26,PF253598,똥벼락 [부산],한국음악(국악),국립부산국악원 연악당,2024-12-13,2024-12-14,,,,none,none,0,False,False,0,no_strong_signal,신호 없음
TM1xd91WFwY,신나는 가족 창극 달을 품은 호랑이,"2021년 완주문화재단 예술인창작지원사업에 선정된 작품으로 
완주군 만덕산과 화심리 가마터를 배경으로 한 어린이 판소리뮤지컬입니다.",UC36TewC-BlaRJW_N2Vd5GNQ,아트컴퍼니두루,2021-09-11T04:53:17Z,2780,46.33,False,1116,26,0,https://www.youtube.com/watch?v=TM1xd91WFwY,16,4,PF253598,똥벼락 [부산],한국음악(국악),국립부산국악원 연악당,2024-12-13,2024-12-14,,,,none,none,0,False,False,0,no_strong_signal,신호 없음
tuXSitkVbQg,극단민들레,㈜극단민들레는 1996년 창단하여 ‘전통’을 바탕에 둔 연극 양식을 추구하면서도 동시대와 소통하는 작품과 실험극을 통해 완성도 높은 작품을 만들고 있다.,UCnUQWEs3VQg9UwFlnA6ARQg,스카이푸른,2019-01-22T07:09:50Z,57,0.95,True,149,0,0,https://www.youtube.com/watch?v=tuXSitkVbQg,1,8,PF253598,똥벼락 [부산],한국음악(국악),국립부산국악원 연악당,2024-12-13,2024-12-14,,,,none,none,0,False,False,0,no_strong_signal,신호 없음
k-apL__qVmA,"지역 공동체 예술 활동 ""피어라 커뮤니티""-송인현 / 극단민들레",본 영상은 『공동체 기반 예술 워크숍 ‘피어라 커뮤니티’』의 교육용 영상으로 지역에서 관계를 중심으로 오랫동안 작업해온 작가와의 인터뷰를 중심으로 제작되었습니다.,UCYy_JYYO9vsNKqruZsQwoWQ,경기문화재단,2015-03-27T04:17:24Z,614,10.23,False,287,2,0,https://www.youtube.com/watch?v=k-apL__qVmA,24800,2289,PF253598,똥벼락 [부산],한국음악(국악),국립부산국악원 연악당,2024-12-13,2024-12-14,,,,none,none,0,False,False,0,no_strong_signal,신호 없음
Vd1VLHP2kC0,극단옵다_여행자들의문학수업,서울시민연극제 극단옵다 여행자들의문학수업입니다.,UCLqvJ0u4LDQRZkSt4vl_cFQ,Cultural Production Center,2020-12-18T11:29:27Z,3582,59.7,False,312,11,0,https://www.youtube.com/watch?v=Vd1VLHP2kC0,33,15,PF253598,똥벼락 [부산],한국음악(국악),국립부산국악원 연악당,2024-12-13,2024-12-14,,,,none,none,0,False,False,0,no_strong_signal,신호 없음
opey2LS-7hg,"피어라 연극마을, 극단 민들레 송인현 대표","피어라 연극마을, 극단 민들레 송인현 대표
EBS 뉴스(NEWS),  2015. 08.07

방학을 맞아 아이들과 어디를 갈까 고민하는 부모들 많으시죠? 자라나는 아이들에게 공부만큼이나 문화를 통해 정서를 키우는것도 중요한데요. 자전거를 타고 전국의 아이들을 찾아다니는 한 배우가 있습니다. 그는 어린이들을 위한 연극체험 마을도 만들었는데요. 창의적인 아이를 키우기위해 그 마을을 찾아 오라고 말하는 배우 송인현씨를 EBS뉴스가만났습니다. 


▶For more videos visit us at http://home.ebs.co.kr/ebsnews

▶Subscribe to the EBS culture Channel here : 
http://www.youtube.com/subscription_center?add_user=EBSCulture

▶For more information visit us at http://www.ebs.co.kr

▶Check out what we're up to elsewhere:
http://gplus.to/EBSCulture",UCl_tB4AqPkkxuYcJQHz6dMw,EBSCulture (EBS 교양),2015-08-10T09:30:53Z,246,4.1,False,693,4,0,https://www.youtube.com/watch?v=opey2LS-7hg,3020000,61752,PF253598,똥벼락 [부산],한국음악(국악),국립부산국악원 연악당,2024-12-13,2024-12-14,,,,none,none,0,False,False,0,no_strong_signal,신호 없음
i_VTR1WT2ss,2013 수원화성국제연극제 국내작품 소개,"유네스코 세계문화유산 수원화성에서 펼쳐지는 공연예술축제
2013 수원화성국제연극제가 5월 24일(금) 개막을 시작으로 28일(화)까지 5일간 화성행궁 광장 일대에서 펼쳐집니다.
올해 17회를 맞는 수원화성국제연극제는 불꽃, 영상, 소리 등 다양한 오브제 활용으로 현대공연예술의 진수를 선사할 공연과 시민이 주인공이 되는 다채로운 시민주도형 체험 프로그램을 마련하였습니다.
페차, 타이어, 천 등 다양한 재활용품으로 독특하고 기발하게 꾸며진 공간, 온 가족이 함께 즐길 수 있는 다채로운 프로그램은 관객들에게 신나고 즐거운 공연예술축제 체험의 기회를 선사하게 될 것입니다.

○ 축제기간 : 2013. 5. 24(금) ~ 5. 28(화), 5일간
○ 장소
- 야외 : 화성행궁 광장
- 실내 : KBS수원아트홀, 수원시민소극장

○ 국내작품
1. 에디트 피아프의 사랑의 찬가 -- SEO발레단
2. 신문지 쥬라기 -- 극단 나무
3. 무중력인간 - 상상발전소
4. 마당극 껄껄선생 백일몽 -- 마당극패 우금치
5. 마당극 품바품바 -- 극단 갯돌
6. 마당극 똥벼락 -- 극단 민들레
7. 버드나무를 타고 올라간 용궁 -- 꿈동이 인형극단
8. 세상에서 제일 작은 개구리 왕자 - 하땅세",UCptrCvd7FwAjjoBdOrh3o3w,수원문화재단,2013-05-14T07:22:44Z,159,2.65,False,149,0,0,https://www.youtube.com/watch?v=i_VTR1WT2ss,5800,714,PF253598,똥벼락 [부산],한국음악(국악),국립부산국악원 연악당,2024-12-13,2024-12-14,,,,none,none,0,False,False,0,no_strong_signal,신호 없음
pTqvI2I4Ha0,똥벼락_어린이창극_진도향토문화회관,"똥벼락_어린이창극_진도향토문화회관

연출: 주호종
대본: 김회경
작곡: 유찬미
안무: 박성호

줄거리
 돌쇠 아버지는 김부자 집에서 30년 동안이나 머슴으로 살았는데 김부자는 새경이랍시고 풀 한포기 자라지 않는 돌밭을 준다. 돌쇠네 식구들은 실망하지 않고 돌밭에 돌을 골라내고 부지런히 거름으로 쓸 똥을 모은다. 하루는 친구 생일잔치에 갔다가 배탈이 난다. 아까운 똥을 아무데서나 눌 수 없어 꾹 참고 집으로 오다 도깨비를 만난다. 도깨비는 똥 모으는 내력을 듣고 돌쇠 아버지에게 뒷간이 가장 큰 김부자네 똥을 모두 날아준다. 그 똥으로 거름을 해서 농사를 지어 풍년이 된다. 자기네 똥을 선물로 주었다는 사실을 알게 된 김부자는 훔쳐간 똥을 갚든지 아니면 곡실을 몽땅 가져오라고 심술을 부리다 똥벼락을 맞는다. 착하고 부지런하게 살아온 돌쇠 아버지는 똥이 부와 행복을 가져다주고 욕심 많은 김부자에게는 똥이 그야말로 벼락이 된다.

제이유(JU)창극발전소",UCu428tUi4-tkpk9aTIvYhjA,제이유창극발전소,2021-01-16T07:56:08Z,3188,53.13,False,894,7,2,https://www.youtube.com/watch?v=pTqvI2I4Ha0,1460,39,PF253598,똥벼락 [부산],한국음악(국악),국립부산국악원 연악당,2024-12-13,2024-12-14,,,,none,none,0,False,False,0,no_strong_signal,신호 없음
itqEB7kWfBs,돈도깨비 영상,설명,UC7YdjJEPWPXbQfoToF5XfZw,극단민들레,2018-01-30T05:52:21Z,169,2.82,False,195,1,0,https://www.youtube.com/watch?v=itqEB7kWfBs,56,31,PF253598,똥벼락 [부산],한국음악(국악),국립부산국악원 연악당,2024-12-13,2024-12-14,,,,none,none,0,False,False,0,no_strong_signal,신호 없음
jz9f99NWPzA,발레하다가 언니 때리고 도망,,UChOKGrnYJ2AKle85MluNPFg,kani1209,2012-10-05T23:41:20Z,21,0.35,True,1007,4,2,https://www.youtube.com/watch?v=jz9f99NWPzA,0,4,PF253598,똥벼락 [부산],한국음악(국악),국립부산국악원 연악당,2024-12-13,2024-12-14,,,,none,none,0,False,False,0,no_strong_signal,신호 없음
2pX3D40AS50,배우 고창석과 함께하는 '2011 부산마당극잔치'에 초대합니다!,"http://cafe.naver.com/msfbs/

○ 기간 : 2011년 8월 31일(수)~9월2일(금) [3일간]

○ 장소 : 대연동 평화장터 잔디마당 & 글라라홀

○ 주최 : 부산마당극잔치추진위원회 (공동추진위원장 정승천. 김희일)

○ 주관 : (사)한국민족예술인총연합부산지회연극위원회 . 평화장터문화나눔기획위원회",UCubhEj1GqeK43tEl4MVRbBA,openart21,2011-08-25T02:16:29Z,129,2.15,False,535,1,0,https://www.youtube.com/watch?v=2pX3D40AS50,8,25,PF253598,똥벼락 [부산],한국음악(국악),국립부산국악원 연악당,2024-12-13,2024-12-14,,,,none,none,0,False,False,0,no_strong_signal,신호 없음
ohCEc3i3jM4,일본마당극, ,UC3_N3PD6DnF5-s0tqWIjfAA,dangrang99,2011-05-25T08:17:43Z,179,2.98,False,126,0,0,https://www.youtube.com/watch?v=ohCEc3i3jM4,10,21,PF253598,똥벼락 [부산],한국음악(국악),국립부산국악원 연악당,2024-12-13,2024-12-14,,,,none,none,0,False,False,0,no_strong_signal,신호 없음
WjPheGCLUG0,달래이야기(Dallae Story) - 예술무대 산(ArtStage SAN),PAMS(Performing Arts Market in Seoul) Choice 2016,UCmCpLlR1zQmAl6NQH1ojVxw,예술경영지원센터 (KAMS),2016-12-28T09:05:29Z,76,1.27,False,2038,12,0,https://www.youtube.com/watch?v=WjPheGCLUG0,9650,799,PF253598,똥벼락 [부산],한국음악(국악),국립부산국악원 연악당,2024-12-13,2024-12-14,,,,none,none,0,False,False,0,no_strong_signal,신호 없음
kVjtsZ9Kb90,풍물연희극  퇴근후에 공연 영상,공연 영상,UCZC5e4ysdhvspM4cb7BhQRQ,예술마당 살판 SALPAN,2019-01-14T06:03:15Z,3954,65.9,False,130,0,0,https://www.youtube.com/watch?v=kVjtsZ9Kb90,470,153,PF253598,똥벼락 [부산],한국음악(국악),국립부산국악원 연악당,2024-12-13,2024-12-14,,,,none,none,0,False,False,0,no_strong_signal,신호 없음
hHxFl5RZQpk,[DIOO] 함께해요! 너나들이 음악회 | #디오오케스트라 #오케스트라 #장애예술인 #문화예술 #문화체육관광부 #한국장애인문화예술원 #마임 #삑삑이,,UC0ZqvvVlxHwJJlR_4SKfJBQ,디오오케스트라,2023-08-01T08:42:59Z,56,0.93,True,350,7,0,https://www.youtube.com/watch?v=hHxFl5RZQpk,1340,226,PF261551,제5회 세종시립청소년교향악단 정기연주회 [세종],서양음악(클래식),세종예술의전당 대공연장,2025-04-12,2025-04-12,,,,none,none,1,False,False,1,no_strong_signal,신호 없음
p27yDyVSy-Q,대한적십자사 청소년오케스트라 2022년도 송년음악회,"12월 31일 토요일 오전 11시

베어홀(삼성동) 공연",UCWYKripkSrUSjHgsyJ_rWUg,teddysnap,2023-01-05T09:13:15Z,5284,88.07,False,322,4,0,https://www.youtube.com/watch?v=p27yDyVSy-Q,254,149,PF261551,제5회 세종시립청소년교향악단 정기연주회 [세종],서양음악(클래식),세종예술의전당 대공연장,2025-04-12,2025-04-12,,,,none,none,0,False,False,0,no_strong_signal,신호 없음
Jxe5fRmSRUU,대전 장대초등학교 입학식을 의미있게 해주는 계룡문고 책마법사(현민원 이사),,UC03E7aEx6yJ5a5_IX8e5nUw,이동선,2023-03-02T07:54:21Z,567,9.45,False,524,2,1,https://www.youtube.com/watch?v=Jxe5fRmSRUU,576,807,PF261551,제5회 세종시립청소년교향악단 정기연주회 [세종],서양음악(클래식),세종예술의전당 대공연장,2025-04-12,2025-04-12,,,,none,none,0,False,False,0,no_strong_signal,신호 없음
ukXvbhpdHfA,♡♡♡월성소년소녀합창단이 보내는 성탄 선물♡♡♡,"월성소년소녀합창단이 열심히 준비한 성탄 선물을 보냅니다~♡
""내가 먼저 웃어줄게"" 들으시면서 행복한 크리스마스 보내세요~~

* 원곡 : 내가 먼저 웃어줄게(작사 : 한샘 / 작곡: 황성빈)
* 노래 및 출연 : 월성소년소녀합창단
* 지도 : 김동욱, 최예솔, 염성현",UCjsv_IUsd1irbXtDSu8tREA,월성원전,2021-12-24T04:54:30Z,160,2.67,False,543,,,https://www.youtube.com/watch?v=ukXvbhpdHfA,2630,148,PF261551,제5회 세종시립청소년교향악단 정기연주회 [세종],서양음악(클래식),세종예술의전당 대공연장,2025-04-12,2025-04-12,,,,none,none,0,False,False,0,no_strong_signal,신호 없음
udoFAXEerZ4,L V Beethoven Piano Trio No 3 Op 1 1악장 - MAUM Trio(한국예술영재교육원),"한국예술영재교육원 제4회 실내악정기연주회 
2024년 11월 9일(토) 오후5:00
한국예술종합학교 이강숙홀
MAUM TRIO/ 피아노 윤하담, 바이올린 백수현, 첼로 장세인",UCye4sFtC7uUOvAeScPSdfwg,Sein Cello ,2024-12-21T03:45:54Z,523,8.72,False,822,17,1,https://www.youtube.com/watch?v=udoFAXEerZ4,208,12,PF261551,제5회 세종시립청소년교향악단 정기연주회 [세종],서양음악(클래식),세종예술의전당 대공연장,2025-04-12,2025-04-12,,,,none,none,0,False,False,0,no_strong_signal,신호 없음
mp64omqgeTw,2019 한음챔버오케스트라 Memory - Sop 김나영  From The Musical Cats,"보고찍다 블로그
http://blog.naver.com/yunts7

보고찍다 유투브 채널
https://www.youtube.com/channel/UCgub0FY8r4bdxHq42xgetKQ",UCgub0FY8r4bdxHq42xgetKQ,승리아트미디어,2019-09-19T07:11:16Z,294,4.9,False,295,7,0,https://www.youtube.com/watch?v=mp64omqgeTw,1840,1058,PF261551,제5회 세종시립청소년교향악단 정기연주회 [세종],서양음악(클래식),세종예술의전당 대공연장,2025-04-12,2025-04-12,,,,none,none,0,False,False,0,no_strong_signal,신호 없음
PL2FAAENvPU,대금 시작 .  아름다운 나라(fly to the sky) 국악 커버 .,"한국의  음악 .    퓨전국악 '우리가(歌)' -   서울풍물시장 15 주년개장행사 .  이 영상은 HNH TV의 제작 영상이며, HNH TV에 의해 촬영, 편집되었습니다. 영상에 혹시 문제 있으시면 7949hnh@gmail.com 으로 문의 주시길 부탁드립니다.",UCxN9PKYUbfKNIfXJ3hTTnZg,HNH TV,2023-04-22T13:26:29Z,283,4.72,False,157,3,0,https://www.youtube.com/watch?v=PL2FAAENvPU,32900,19092,PF261551,제5회 세종시립청소년교향악단 정기연주회 [세종],서양음악(클래식),세종예술의전당 대공연장,2025-04-12,2025-04-12,,,,none,none,0,False,False,0,no_strong_signal,신호 없음
LQV5W1cxjn8,2017년 01월 14일 마포 풍성한 오케스트라 합주,2017년 01월 14일 마포 풍성한 오케스트라 합주,UC32-dw97-Piumh5uzwL1NJg,풍성한교회,2017-01-15T10:22:55Z,944,15.73,False,249,3,0,https://www.youtube.com/watch?v=LQV5W1cxjn8,231,2068,PF261551,제5회 세종시립청소년교향악단 정기연주회 [세종],서양음악(클래식),세종예술의전당 대공연장,2025-04-12,2025-04-12,,,,none,none,0,False,False,0,no_strong_signal,신호 없음
A8Vt3lC4_bs,[유명한버스킹] 퓨전국악 🎺 - 임교민/ 민요의 향연,"[유명한 버스킹]입니다. 
9월 11일 광안리해수욕장 만남의 광장에서 
진행한 [유명한버스킹] 공연입니다.  🎺

🕺 출연진 
퓨전 국악 팀 
   테너 : 이상훈, 김동혁 / 플룻 : 채성경
   건반 : 박수현  / 바이올린 : 김나연 / 대금 : 김동현 
   퍼커션 : 김은호 / 기타 : 이상훈
어쿠스틱 팀 : JayU
현대무용 : 손영일
마술 : 박진성 



주최 : 유명한버스킹
주관 : 칸멜, Ari-클래식
후원 : 푸드팡, 비에스에너지솔루션즈, 리뷰리치, 미라클스튜디오

[유명한버스킹]의 문화공헌사업에 함께해주신
소중한 후원자님들께 다시한번 감사 드립니다.후원금은 버스킹 문화를 통해 다채로운 뮤지션들이 
시민들에게 올바른 음악 문화를 전달 할 수 있도록 사용 하겠습니다



📢 유명한 버스킹 출연, 섭외 및 후원 문의 
       070-4189-1115
       http://famousbusking.com
       카카오톡 ID : famousfaces
       famousbusking@gmail.com 
       (메일 보다는 전화나 카톡부탁드립니다. )


#유명한버스킹 #버스킹 #임교민 #민요의향연",UCziXPjDP5KrlnqV0GEQiJAQ,유명한버스킹 Famous Busking,2022-09-21T14:21:24Z,349,5.82,False,206,8,1,https://www.youtube.com/watch?v=A8Vt3lC4_bs,61,42,PF261551,제5회 세종시립청소년교향악단 정기연주회 [세종],서양음악(클래식),세종예술의전당 대공연장,2025-04-12,2025-04-12,,,,none,none,0,False,False,0,no_strong_signal,신호 없음
fbyrUDiDkXc,✨️2022 금강청소년버스킹페스티벌 홍보영상/2022 GYBF,"✨️2022 금강청소년버스킹페스티벌✨️

#2022금강청소년버스킹페스티벌 #청소년축제 

💫
2022 GYBF
10.10.(월)
금강보행교
https://www.gybf.org/
https://www.instagram.com/sjcf_festival/

#2022금강청소년버스킹페스티벌
#노유찬 #세븐탑스 #세종HM벨리퀸주니어 #영원히우리꺼 #올스타액트치어팝 #와치 #윈썸 #음악하는친구 #ARH #God20's #Howl #Nostalgia #THE_IN #YOLO",UCqQtWxb_sd1bhTVZx2Q_1qw,세종시축제가나다,2023-06-22T08:34:53Z,47,0.78,True,168,2,0,https://www.youtube.com/watch?v=fbyrUDiDkXc,782,48,PF261551,제5회 세종시립청소년교향악단 정기연주회 [세종],서양음악(클래식),세종예술의전당 대공연장,2025-04-12,2025-04-12,,,,none,none,0,False,False,0,no_strong_signal,신호 없음
Qu0x9tmF6lI,2021 전라북도어린이국악관현악단 정기공연_현성신화,현의 소리를 새롭게 화합한다는 뜻의 아쟁 중주곡 ‘현성신화’는 각 악기의 조현을 다르게 함으로써 4옥타브에 이르는 음역을 확보하여 만든 곡이다. 장단과 선법에 따라 주제가 변주되고 발전하며 각 성부마다 주 선율의 선이 있어 음역에 따라 아쟁의 색채를 다양하게 느낄 수 있다. 중음의 10현 소아쟁과 저음의 대아쟁이 만나 이루어 내는 아쟁의 앙상블을 감상할 수 있다.,UCIZaIkr1i7W0I1itL95-tZg,전라북도어린이예술단 공식채널,2021-10-25T01:14:18Z,646,10.77,False,300,5,0,https://www.youtube.com/watch?v=Qu0x9tmF6lI,34,16,PF261551,제5회 세종시립청소년교향악단 정기연주회 [세종],서양음악(클래식),세종예술의전당 대공연장,2025-04-12,2025-04-12,,,,none,none,0,False,False,0,no_strong_signal,신호 없음
keuyDm4F2Z0,경기도립국악단 2019 토요상설 오후네시 2차 홍보영상(60s),"경기도립국악단 2019 토요상설 '오후 네 시' 
60초 버전 홍보영상",UCjMw9R4tZcOlB29brfMZ77w,경기시나위오케스트라 Gyeonggi Sinawi Orchestra,2019-07-18T07:06:23Z,61,1.02,False,574,5,1,https://www.youtube.com/watch?v=keuyDm4F2Z0,1650,213,PF261551,제5회 세종시립청소년교향악단 정기연주회 [세종],서양음악(클래식),세종예술의전당 대공연장,2025-04-12,2025-04-12,,,,none,none,0,False,False,0,no_strong_signal,신호 없음
mfFZ9ty3VeQ,"광장유스오케스트라 | 정기연주회 (6) 베토벤심포니 5번 1,4악장 Symphony No.5 op.67 - L.V Beethoven","2022.5.28.(토)
광진청소년센터 대극장에서 열린
제4회 광장유스오케스트라 정기연주회 공연 모습입니다.

베토벤심포니 5번 1,4악장 Symphony No.5 op.67 - L.V Beethoven
Ⅰ. Allegro con brio
Ⅳ. Allegro 

청소년은 존재만으로도 빛이다! 
- 광진청소년센터-",UC8JJL5kqAzn0CGHrj9LxFWg,시립광진청소년센터,2022-05-31T07:27:39Z,1171,19.52,False,202,3,0,https://www.youtube.com/watch?v=mfFZ9ty3VeQ,510,427,PF261551,제5회 세종시립청소년교향악단 정기연주회 [세종],서양음악(클래식),세종예술의전당 대공연장,2025-04-12,2025-04-12,,,,mismatch,none,0,False,False,-2,delete_candidate,날짜 불일치(다른 회차 가능성)
BUmqQ5VLE-Q,상해 한인청소년 오케스트라 정기공연,#상해 한인 청소년 오케스트라 공연 다녀왔어요. 상해 속 한국사회 이모저모,UCMykmWMEo3SSPdIhBix3j8Q,독한맘 Deutschland사는 KoreanMom,2021-06-12T15:21:51Z,458,7.63,False,466,21,3,https://www.youtube.com/watch?v=BUmqQ5VLE-Q,398,87,PF261551,제5회 세종시립청소년교향악단 정기연주회 [세종],서양음악(클래식),세종예술의전당 대공연장,2025-04-12,2025-04-12,,,,none,none,0,False,False,0,no_strong_signal,신호 없음
Pqe5Zdmd9Ro,광장유스오케스트라 | 정기연주회 (2) 황제왈츠 Kaiser Walzer Op.437 - J StraussⅡ,"2022.5.28.(토)
광진청소년센터 대극장에서 열린
제4회 광장유스오케스트라 정기연주회 공연 모습입니다.

황제왈츠 Kaiser Walzer Op.437 - J StraussⅡ

청소년은 존재만으로도 빛이다! 
- 광진청소년센터-",UC8JJL5kqAzn0CGHrj9LxFWg,시립광진청소년센터,2022-05-31T09:02:00Z,609,10.15,False,319,9,0,https://www.youtube.com/watch?v=Pqe5Zdmd9Ro,510,427,PF261551,제5회 세종시립청소년교향악단 정기연주회 [세종],서양음악(클래식),세종예술의전당 대공연장,2025-04-12,2025-04-12,,,,mismatch,none,0,False,False,-2,delete_candidate,날짜 불일치(다른 회차 가능성)
0ykmICyeMog,청주시립교향악단 클래식디저트ㅣ생방송활기찬저녁ㅣMBC충북ㅣ230329,"청주시립교향악단 클래식디저트ㅣ생방송활기찬저녁ㅣMBC충북ㅣ230329

#청주시립교향악단 #클래식디저트 #생활력",UCKvnHmqJvQQ9osEO1qRz9nA,안녕!MBC충북,2023-03-30T10:30:00Z,253,4.22,False,511,6,0,https://www.youtube.com/watch?v=0ykmICyeMog,163000,10494,PF261551,제5회 세종시립청소년교향악단 정기연주회 [세종],서양음악(클래식),세종예술의전당 대공연장,2025-04-12,2025-04-12,,,,none,none,0,False,False,0,no_strong_signal,신호 없음
pnpGFKUdjgU,"국악관현악 최정상 지휘자 임상규가 이끄는 안산시립국악단의 뉴 조선통신사 평화로드 음악회, 오케스트라 공연으로 처음으로 오카자홀의 관객을 일으켜 세우다!",,UCtZDFbGyy3iXA6YS3i8EkZQ,용문TV,2018-11-16T04:28:20Z,569,9.48,False,84,2,0,https://www.youtube.com/watch?v=pnpGFKUdjgU,1450,490,PF261551,제5회 세종시립청소년교향악단 정기연주회 [세종],서양음악(클래식),세종예술의전당 대공연장,2025-04-12,2025-04-12,,,,none,none,0,False,False,0,no_strong_signal,신호 없음
p1B0-Q-FevY,"대덕특구청소년오케스트라제15회 정기연주회04 2 Symphony No 3, Op 55 Eroica II  L  van  Beethoven",대덕특구청소년오케스트라 2018년 제15회 정기연주회,UC5Yof_PeRqE1Mv3lXhnL9zQ,이남주,2018-09-19T01:05:21Z,777,12.95,False,115,2,0,https://www.youtube.com/watch?v=p1B0-Q-FevY,9,23,PF261551,제5회 세종시립청소년교향악단 정기연주회 [세종],서양음악(클래식),세종예술의전당 대공연장,2025-04-12,2025-04-12,,,,none,none,0,False,False,0,no_strong_signal,신호 없음
LvYTv_rtDIc,"초등학교 오케스트라 연주회, 라이브 녹음 및 촬영, 편집 - 스튜디오브레인","초등학교 오케스트라 연주회
현장에서 실시간 라이브 녹음과 촬영, 편집까지 완료한 작업물입니다.
영상은 전체 블러처리를 한 점 참고 바랍니다.

http://studiobrain.kr
문의 : 010-8720-4651",UC4noNJuzcXt5lbDHXk4ikvw,Studio Brain,2022-01-06T08:50:57Z,71,1.18,False,92,1,0,https://www.youtube.com/watch?v=LvYTv_rtDIc,2220,15,PF261551,제5회 세종시립청소년교향악단 정기연주회 [세종],서양음악(클래식),세종예술의전당 대공연장,2025-04-12,2025-04-12,,,,none,none,0,False,False,0,no_strong_signal,신호 없음
FIldlWJmrQM,예술의 전당  가족 음 악회(한국유나이티드 오케스트라),,UC5Ycnm54mJpzEp9bGERMDxw,한세환,2023-05-05T11:45:10Z,38,0.63,True,1390,10,2,https://www.youtube.com/watch?v=FIldlWJmrQM,378,340,PF261551,제5회 세종시립청소년교향악단 정기연주회 [세종],서양음악(클래식),세종예술의전당 대공연장,2025-04-12,2025-04-12,,,,none,none,0,False,False,0,no_strong_signal,신호 없음
eb5jcPtRi6o,꿈의 오케스트라 세종 2022년 7월 24일,,UCxWmRdoTGFncIRt0FJ7nDZA,mangotree,2022-07-24T08:18:47Z,620,10.33,False,181,4,0,https://www.youtube.com/watch?v=eb5jcPtRi6o,20,65,PF261551,제5회 세종시립청소년교향악단 정기연주회 [세종],서양음악(클래식),세종예술의전당 대공연장,2025-04-12,2025-04-12,,,,none,none,0,False,False,0,no_strong_signal,신호 없음
lNHRTQy7Ke4,세종챔버오케스트라 제 8회 정기연주회  Tchaikovsky in Ballet,*Swan Lake Suite 백조의 호수 (1),UCxB6XnJapO-iwaKZwnIxk8A,kim geunsung ,2019-06-21T15:05:28Z,890,14.83,False,56,0,0,https://www.youtube.com/watch?v=lNHRTQy7Ke4,305,303,PF261551,제5회 세종시립청소년교향악단 정기연주회 [세종],서양음악(클래식),세종예술의전당 대공연장,2025-04-12,2025-04-12,,,,none,none,0,False,False,0,no_strong_signal,신호 없음
VcDr3IpBYfk,산유화 (김소월 시 / 이현철 곡) - D.J.C. Chorale. 당진시립합창단 _지휘 이대우,"산유화(山有花) (김소월 시 / 이현철 곡)
 - 산유화는 산 속에서 홀로 피고 지는 꽃을 형상화 하고 있으며, 꽃이 피어 지기까지의 고독함을 서정적이고 절재된 선율에 담아 내었습니다. 


당진시립예술단 예술감독 겸 지휘자 - 이대우
Artistic director & Chief conductor : Dae woo, Lee
피아노 - 김현임
Piano - Hyeon im, Kim
당진시립합창단
Dang-Jin City Chorale



https://www.facebook.com/djchoir 당진시립합창단 페이스북

#당진시립합창단 #김소월 #이현철 #이대우지휘자 #피아노김현임",UCdSsdmUi29Y8lfOBYH-v7Qw,당진시충남합창단,2021-02-14T06:50:52Z,271,4.52,False,7690,102,9,https://www.youtube.com/watch?v=VcDr3IpBYfk,875,155,PF261551,제5회 세종시립청소년교향악단 정기연주회 [세종],서양음악(클래식),세종예술의전당 대공연장,2025-04-12,2025-04-12,,,,none,none,0,False,False,0,no_strong_signal,신호 없음
lwg6uo5R3Yw,세종국악오케스트라단,제천35주년 시민의 날 문화예술 회관에서 공연,UCCToKR0npmm_t4gZGSgYzaw,꽃담 이복동. 시낭송에 웃고 우는,2015-05-01T08:30:52Z,285,4.75,False,269,2,0,https://www.youtube.com/watch?v=lwg6uo5R3Yw,272,288,PF261551,제5회 세종시립청소년교향악단 정기연주회 [세종],서양음악(클래식),세종예술의전당 대공연장,2025-04-12,2025-04-12,,,,none,none,0,False,False,0,no_strong_signal,신호 없음
WrLkXDcDy2I,세종시문화예술회관,부채팀,UCZtpJ-atAklMqviYZkVzyFQ,조문희,2015-11-15T08:47:18Z,201,3.35,False,173,0,1,https://www.youtube.com/watch?v=WrLkXDcDy2I,1,5,PF261551,제5회 세종시립청소년교향악단 정기연주회 [세종],서양음악(클래식),세종예술의전당 대공연장,2025-04-12,2025-04-12,,,,none,none,0,False,False,0,no_strong_signal,신호 없음
59bTUYBCv9Q,"[광주예총] 제5회 내가 가수다.  관현악연주- 여인의 향기,  10월에 어느 멋진 날","[광주예총] 제5회 내가 가수다.  관현악연주- 여인의 향기,  10월에 어느 멋진 날

본 공연은 경기도와 광주시가 주최하고 광주시 의회가 후원하고, 광주시 예총이 주관하는 ""내가 가수다"" 공연으로,  본 공연은 코로나 19 로 몸과 마음이 지친 시민 여러분들에게 이번 온라인 공연이 따뜻한 위로가 되기를 바라면서 준비하였으며,  코로나 19 확산 방지 및  시민의 건강과 안전을 위해 비 대면 무 관중으로 진행하였으며, 광주시 예총에서는 발열 체크 및 출입자 명부 작성 등 거리 두기 수칙을 준수하면서 본 행사를 진행하였습니다.",UCTVhSLgvbNagRQiaLWENi7A,경기광주예총,2020-11-10T07:52:17Z,434,7.23,False,229,9,2,https://www.youtube.com/watch?v=59bTUYBCv9Q,490,315,PF261551,제5회 세종시립청소년교향악단 정기연주회 [세종],서양음악(클래식),세종예술의전당 대공연장,2025-04-12,2025-04-12,,,,none,none,0,False,False,0,no_strong_signal,신호 없음
g0JpfkOEdyM,제52회 강원청소년교향악단 정기연주회 앵콜송,엄서인 춘천문화예술회관 첫경험5,UCWZ-g7wg5OvEz3Ek0Zzmgcw,엄경종,2015-09-13T14:26:56Z,230,3.83,False,167,1,0,https://www.youtube.com/watch?v=g0JpfkOEdyM,102,288,PF261551,제5회 세종시립청소년교향악단 정기연주회 [세종],서양음악(클래식),세종예술의전당 대공연장,2025-04-12,2025-04-12,,,,none,none,0,False,False,0,no_strong_signal,신호 없음
tO9OhCJyRKo,꿈의 오케스트라 세종 2022년 7월 24일,,UCxWmRdoTGFncIRt0FJ7nDZA,mangotree,2022-07-24T06:35:19Z,241,4.02,False,41,1,0,https://www.youtube.com/watch?v=tO9OhCJyRKo,20,65,PF261551,제5회 세종시립청소년교향악단 정기연주회 [세종],서양음악(클래식),세종예술의전당 대공연장,2025-04-12,2025-04-12,,,,none,none,0,False,False,0,no_strong_signal,신호 없음
ruOU-mx7NRw,20170512 안산시립국악단 52회 정기연주회-  5.하늘을 날다,20170512 안산시립국악단 52회 정기연주회-  5.하늘을 날다,UCS9mTKFWgogGiECZxiVbCSg,IS company,2018-09-10T08:37:53Z,347,5.78,False,905,1,0,https://www.youtube.com/watch?v=ruOU-mx7NRw,325,116,PF261551,제5회 세종시립청소년교향악단 정기연주회 [세종],서양음악(클래식),세종예술의전당 대공연장,2025-04-12,2025-04-12,,,,none,none,0,False,False,0,no_strong_signal,신호 없음
y6fV0pXwxYY,서울윈드오케스트라 제 109회 정기연주회 홍보영상_2021.12.12 세종문화회관 대극장,,UCLob-ZRL88p_JmfMguFy7VQ,Seoul Wind Orchestra,2021-12-03T09:24:35Z,35,0.58,True,1019,9,1,https://www.youtube.com/watch?v=y6fV0pXwxYY,1240,184,PF261551,제5회 세종시립청소년교향악단 정기연주회 [세종],서양음악(클래식),세종예술의전당 대공연장,2025-04-12,2025-04-12,,,,none,none,0,False,False,0,no_strong_signal,신호 없음
YnPOUOcxSLk,광복77주년 기념음악회 서울시립교향악단,#광복77주년 #기념음악회 #세종문화회관 #광화문광장 #개장기념 #광화문 #서울시향 #서울시립교향악단,UCgDHQQbu1dZlEt5SArwjaVA,가족호미 Music&Arts,2022-08-14T12:10:45Z,61,1.02,False,723,,1,https://www.youtube.com/watch?v=YnPOUOcxSLk,465,41,PF261551,제5회 세종시립청소년교향악단 정기연주회 [세종],서양음악(클래식),세종예술의전당 대공연장,2025-04-12,2025-04-12,,,,none,none,0,False,False,0,no_strong_signal,신호 없음
MGSJKLAuRvg,국악과 오케스트라의 앙상블 ‘세종실락(世宗實樂)'  - 세종예술의 전당,"2022. 7. 17. SUN. 17:00
세종예술의전당

주최 : 한국문화예술위원회 주관 : 세종시문화재단 / 퓨전국악그룹 풍류
후원 : 문화체육관광부 /  한국문화예술회관연합회 

제작 : 퓨전국악그룹 풍류
예술감독 : 조성환 / 지휘 : 서창규
연출 : 김영덕 / 음악감독 : 고애니
작편곡 : 유태환, 강교상, 김민철
진행 : 박희정
무대 영상 : 김동현 여진호
녹화 영상 제공 : 세종예술의 전당

국악가수 : 지유진 / 테너 : 구병래 / 소프라노 : 김수정 / 합창 : 예신주니어꿈나무 합창단
연주 : 퓨전국악그룹 풍류 / 세종시 교향악단 / 타악그룹 판타지

 퓨전국악그룹 ‘풍류’와 ‘세종시교향악단’이 펼치는 ‘세종실락’ 콘서트는 우리지역 대표 예술가들의 음악으로 선보이는 무대이다. 주옥같은 노래들이 일상에 지친 마음을 위로하며, 국악과 대규모 오케스트라곡으로 편곡된 다양한 형식의 작품들은 새로운 유형의 감동을 더해줄 것이다.
그동안 풍류가 세종시 문화자원을 소재로 창작한 정규앨범에 수록된 노래와 기악합주곡 중에서 국악과 오케스트라와의 새로운 앙상블 형식으로 편곡하고 이번 공연을 위하여 새로운 창작곡도 소개한다.

프로그램
  
1부 [신시(新市)]
 

1. 사물협연
7 Steps to Heaven - 사물놀이/타악그룹 판타지      

2. 창작 시노래
풀꽃 - 소프라노/김수정 , 예신주니어 꿈나무합창단

3. 창작동요
콩,너는 죽었다 - 국악보컬/지유진 , 예신주니어 꿈나무합창단

4. 가야금 협주곡
아랑의 꿈 - 가야금/고애니

5. 피리협주곡 *초연
신시(新市) - 피리/조성환

6. 창작 시노래
씀바귀 - 국악보컬/지유진

Intermission

2부 [세종실락(世宗實樂)]
 

7. 판굿과 관현악
실크로드 - 판굿/타악그룹 판타지 , 퓨전국악그룹 풍류 , 세종시 교향악단

8. 관현악
아리랑 환상곡 - 퓨전국악그룹 풍류 , 세종시 교향악단

9. 창작가요
세호락(世好樂) - 테너/구병래 , 소프라노/김수정

10. 관현악
세종실락(世宗實樂) - 퓨전국악그룹 풍류 , 세종시 교향악단

11. 창작 시노래
아름다운 사람/세종 - 테너/구병래 , 소프라노/김수정, 국악보컬/지유진, 예신주니어 꿈나무 합창단",UCsmZGF2eTEMg3jiEggyHIfw,퓨전국악그룹 풍류,2022-07-31T08:45:53Z,5819,96.98,False,942,24,3,https://www.youtube.com/watch?v=MGSJKLAuRvg,746,276,PF261551,제5회 세종시립청소년교향악단 정기연주회 [세종],서양음악(클래식),세종예술의전당 대공연장,2025-04-12,2025-04-12,,,,none,match,0,False,False,2,no_strong_signal,장소 일치
Y2PjTsDlIN8,2018 09 29 세종문화회관 대극장 연주 메트로퀸즈 가든파이브 청소년 오케스트라 양평 퓨전 오케스트라 연합,,UCt1uJtm3qn6i2lkMxo_bC3A,추영선,2018-10-27T06:29:00Z,3487,58.12,False,2198,34,0,https://www.youtube.com/watch?v=Y2PjTsDlIN8,18,14,PF261551,제5회 세종시립청소년교향악단 정기연주회 [세종],서양음악(클래식),세종예술의전당 대공연장,2025-04-12,2025-04-12,,,,none,none,0,False,False,0,no_strong_signal,신호 없음
TCEhdgrrB0s,부경대 카페 앞 오케스트라 ㄷㄷ,"부산심포니오케스트라, 부경대서 연주회 개최
- 26일 파라다이스 카페 앞

부산심포니오케스트라(BSO)가 5월 26일 오후 파라다이스 카페 앞 공터에서 5중주 연주회를 개최했다.

이번 행사는 코로나19 극복을 위해 힘쓰고 있는 부경대 구성원을 격려하기 위해 봄 축제 기간 중에 마련됐다.

이날 오충근 예술감독의 지휘로 트럼펫, 호른, 튜바, 트롬본 등 연주자들이 모리꼬네, 모차르트 등 음악을 선사했다.

한편 부경대와 부산심포니오케스트라는 문화예술 발전을 위해 지난 4월 28일 상호협력 협약을 맺은 바 있다.",UCOrdFjV5BfV_WPjD83ZB2PQ,박재희,2021-05-28T08:01:33Z,51,0.85,True,692,10,0,https://www.youtube.com/watch?v=TCEhdgrrB0s,0,3,PF261551,제5회 세종시립청소년교향악단 정기연주회 [세종],서양음악(클래식),세종예술의전당 대공연장,2025-04-12,2025-04-12,,,,none,none,0,False,False,0,no_strong_signal,신호 없음
VndEZxPmOP0,울산문화예술회관 Ulsan Culture & Arts Center,"울산 문화예술회관은 울산광역시 남구 번영로 200에 위치한 시립 종합 공연장이다. 1981년에 시민회관으로 건립이 추진되었으며, 기본 계획 수립과 설계 모집 등을 거쳐 1990년에 착공해 1995년 10월 5일에 개관했다. 개관 당시의 명칭은 '종합문화예술회관' 이었으나, 1997년에 현재의 명칭으로 바뀌었다.",UCTYsqurh0fQm20FUcOqJ_YA,혜은미디어,2018-08-07T07:23:13Z,96,1.6,False,724,2,4,https://www.youtube.com/watch?v=VndEZxPmOP0,5030,3733,PF261551,제5회 세종시립청소년교향악단 정기연주회 [세종],서양음악(클래식),세종예술의전당 대공연장,2025-04-12,2025-04-12,,,,none,none,0,False,False,0,no_strong_signal,신호 없음
o33tJQZmH2U,부산문화회관 후원회원 초청 음악회 개최,"#부산문화회관 #초청 #음악회 

부산문화회관 후원회원을 위한 로비음악회가 어제(15) 부산문화회관 1층 로비에서 열렸습니다.

후원회원 120명을 대상으로 열린 이번 음악회에서는 부산시립청소년 교향악단과 부산시립합창단, 부산시립국악관현악단이 3부에 나눠 공연을 진행했고, 후원회 후원사업 내역 보고 등 간담회도 함께 개최됐습니다.

\▷ 전화 
부산 051-850-9000
경남 055-283-0505
▷ 이메일
 jebo@knn.co.kr
▷ knn  홈페이지/앱 접속, 제보 누르기
▷ 카카오톡  친구찾기 @knn

KNN 뉴스는 24시간 여러분의 제보를 기다립니다.

▶KNN 뉴스 채널 구독하기 : https://www.youtube.com/@KNN_NEWS
 
▶KNN 뉴스 제보하기
홈페이지: https://news.knn.co.kr/news
페이스북: https://www.facebook.com/knnnewseye
카카오톡: http://pf.kakao.com/_xaKgRV
인스타그램: https://www.instagram.com/knn.news/

이메일: info@knn.co.kr 
전화: 1577-5999 · 055-283-0505",UC1ifSsWUG241rRfK0ezYCgA,KNN NEWS,2023-05-16T01:35:14Z,26,0.43,True,372,1,0,https://www.youtube.com/watch?v=o33tJQZmH2U,1260000,194027,PF261551,제5회 세종시립청소년교향악단 정기연주회 [세종],서양음악(클래식),세종예술의전당 대공연장,2025-04-12,2025-04-12,,,,none,none,0,False,False,0,no_strong_signal,신호 없음
FxT4orrxiiQ,[세종음악학원] Sejong Symphony Orchestra  베토벤 합창교향곡,"Joyful Joyful, We Adore Thee


기뻐하며 경배하세 영광의주 하나님

주앞에서 우리마음 피어나는 꽃같아

죄와슬픔 사라지고 의심구름 걷히니

변함없는 기쁨의주 밝은빛을 주시네





🌻https://blog.naver.com/sejong-sb

🌷www.instagram.com/sejong_music7

🎻https://sejongphil.modoo.at/",UC8rosvdukhTRtsQ5NPOvglg,The Delight,2021-12-24T18:40:46Z,46,0.77,True,423,,5,https://www.youtube.com/watch?v=FxT4orrxiiQ,730,62,PF261551,제5회 세종시립청소년교향악단 정기연주회 [세종],서양음악(클래식),세종예술의전당 대공연장,2025-04-12,2025-04-12,,,,none,none,0,False,False,0,no_strong_signal,신호 없음
Bn_TwgH2boY,Radetzky March 라데츠키 행진곡 / 충북청소년교향악단,"Radetzky March 라데츠키 행진곡 / 충북청소년교향악단
제23회 연주회  2023. 6. 24(토) 18시
청주 지웰시티 썬큰광장",UCpNEkwu17Pn9fqzM4FbYX_Q,김무선남,2023-07-26T10:20:44Z,183,3.05,False,2607,18,6,https://www.youtube.com/watch?v=Bn_TwgH2boY,199,95,PF261551,제5회 세종시립청소년교향악단 정기연주회 [세종],서양음악(클래식),세종예술의전당 대공연장,2025-04-12,2025-04-12,,,,none,none,0,False,False,0,no_strong_signal,신호 없음
acqFiles3Yg,광장유스오케스트라 | 정기연주회 (1) 박쥐 서곡 Overture to Die Fledermaus - J StraussⅡ,"2022.5.28.(토)
광진청소년센터 대극장에서 열린
제4회 광장유스오케스트라 정기연주회 공연 모습입니다.

청소년은 존재만으로도 빛이다! 
- 광진청소년센터-",UC8JJL5kqAzn0CGHrj9LxFWg,시립광진청소년센터,2022-05-31T07:24:27Z,224,3.73,False,378,6,0,https://www.youtube.com/watch?v=acqFiles3Yg,510,427,PF261551,제5회 세종시립청소년교향악단 정기연주회 [세종],서양음악(클래식),세종예술의전당 대공연장,2025-04-12,2025-04-12,,,,mismatch,none,0,False,False,-2,delete_candidate,날짜 불일치(다른 회차 가능성)
51bvoSqfLa4,세종청소년오케스트라 제 19회 정기연주회 180623 The last Waltz,,UCZV8XPaltEQ6xwgnJmeZg5A,디어서연,2018-07-14T09:18:14Z,193,3.22,False,419,5,1,https://www.youtube.com/watch?v=51bvoSqfLa4,145,17,PF261551,제5회 세종시립청소년교향악단 정기연주회 [세종],서양음악(클래식),세종예술의전당 대공연장,2025-04-12,2025-04-12,,,,none,none,0,False,False,0,no_strong_signal,신호 없음
k-uwuggNk60,6  Hungarian Dance No 5 브람스 헝가리 무곡 5번 세종청소년필하모닉,,UCY4xBgz5O97WWklvW4gdFMQ,김태성,2019-06-01T11:14:48Z,154,2.57,False,129,0,0,https://www.youtube.com/watch?v=k-uwuggNk60,339,152,PF261551,제5회 세종시립청소년교향악단 정기연주회 [세종],서양음악(클래식),세종예술의전당 대공연장,2025-04-12,2025-04-12,,,,none,none,0,False,False,0,no_strong_signal,신호 없음
aOn0tjjm2ls,건물이 휘었다?!,#김유상 #김해시의원 #민원,UCr9fKOdW101Jxbz0Tx6ee7w,김해유상,2024-05-13T09:26:25Z,42,0.7,True,3280,47,4,https://www.youtube.com/watch?v=aOn0tjjm2ls,6360,654,PF287650,나의 아저씨 [김해],연극,김해서부문화센터 하늬홀,2026-05-29,2026-05-30,,,,none,none,0,False,False,0,no_strong_signal,신호 없음
spIVgPgFOV0,아득히 먼곳 (이승재) ㅣ 김해 부원동 7080라이브 마인 공연영상,"아득히 먼곳 (이승재) ㅣ 김해 부원동 7080라이브 마인 공연영상

""음악은 한줄기 바람입니다""

[김해 부원동 7080라이브]
경남 김해시 가락로 16번길 20
055.338.8797",UCMTLeCTXABHwJeleLPKoK1Q,Mine의 음악이야기,2023-01-23T23:00:33Z,200,3.33,False,1283,15,7,https://www.youtube.com/watch?v=spIVgPgFOV0,382,170,PF287650,나의 아저씨 [김해],연극,김해서부문화센터 하늬홀,2026-05-29,2026-05-30,,,,none,none,0,False,False,0,no_strong_signal,신호 없음
B1WzfY3Ls0w,사과해요 나한테.,#shorts #정우성 #곽범 #사과아저씨 #사과,UCqsPmfRMm0AGTF3mw1VtCnw,빵송국,2024-09-13T09:00:11Z,22,0.37,True,5299704,55561,663,https://www.youtube.com/watch?v=B1WzfY3Ls0w,577000,680,PF287650,나의 아저씨 [김해],연극,김해서부문화센터 하늬홀,2026-05-29,2026-05-30,,,,none,none,0,False,False,0,no_strong_signal,신호 없음
ZSLdokZO7gs,신동스타일 #Shorts,#아는형님 #신동 #강남스타일,UCOHM2N1YQdb-cHWxJxwBMLQ,아는형님 Knowingbros,2022-04-30T13:24:53Z,39,0.65,True,21370508,328287,8893,https://www.youtube.com/watch?v=ZSLdokZO7gs,2550000,7128,PF287650,나의 아저씨 [김해],연극,김해서부문화센터 하늬홀,2026-05-29,2026-05-30,,,,none,none,0,False,False,0,no_strong_signal,신호 없음
4akijjnSY6s,소믈리에를 울컥하게 한 사건 #shorts,"#비밀이야 #맛집 #와인 #미슐랭

* 본 영상은 광고, 협찬과 무관한 레스토랑 방문기입니다. 
* 업로드 시간 : 매주 수요일 & 일요일 오후 6시 
* 비즈니스 문의 : mardukas@sandbox.co.kr",UCaKQ7_GT0k8u_sL0nE2tgkA,비밀이야 bimirya,2023-12-16T09:00:03Z,40,0.67,True,6838036,83916,879,https://www.youtube.com/watch?v=4akijjnSY6s,617000,927,PF287650,나의 아저씨 [김해],연극,김해서부문화센터 하늬홀,2026-05-29,2026-05-30,,,,none,none,0,False,False,-3,delete_candidate,무관 해시태그 발견
TQr9PuWkGL8,이게내 전부야!!! #할머니 #픽도 #픽시 #픽시자전거 #추천 #fyp,,UCL28MtgVJ6v1PDVPVsU8EPA,Ai동영상,2025-10-09T14:02:32Z,10,0.17,True,421460,1865,152,https://www.youtube.com/watch?v=TQr9PuWkGL8,256,50,PF287650,나의 아저씨 [김해],연극,김해서부문화센터 하늬홀,2026-05-29,2026-05-30,,,,none,none,0,False,False,0,no_strong_signal,신호 없음
fEx9BFNAocY,조현병 #shorts,"#조현병 #미스터리 #단편영화 #트롭스

풀버전은 아래의 링크를 확인하세요!
https://youtu.be/bQLFhWiKVzY

상상에 의한 픽션입니다.


- 출연 배우
차유주 배우 인스타그램 @_chayujoo
류인영 배우 인스타그램 @ryu__sh
민필준 배우 인스타그램 @mpjjun

- 음악 제작 : 홍디디",UCZif3yxtbFhShWpGD9kSYPQ,트롭스 Tropse,2022-06-24T08:00:14Z,42,0.7,True,2878508,42145,1241,https://www.youtube.com/watch?v=fEx9BFNAocY,1850,14,PF287650,나의 아저씨 [김해],연극,김해서부문화센터 하늬홀,2026-05-29,2026-05-30,,,,none,none,0,False,False,0,no_strong_signal,신호 없음
8cUvES-4IBA,(2부) 나의 아저씨가 불교 드라마가 될 수 없는 3가지 이유ㅣ나의 아저씨 리뷰 해석,"0:00 시작
0:15 나의 아저씨는 불교에 대한 드라마인가?
3:30 백만송이 장미 가사의 의미
7:21 겸덕과 정희의 서사가 보여주는 것
10:37 ‘모른 척 해줄게’의 의미
13:35 어메이징 그레이스
18:17 후계동이 보여주는 교회 공동체
21:39 이 드라마를 보면 좋은 사람이 되고 싶어지는 이유

▶ 신학 공부, 어디서부터 시작해야 할지 막막하신가요? 
https://theologyselectshop.oopy.io/

▶ 다마스커스 아카이브 채널 (변증·강의·인터뷰 모음)
https://www.youtube.com/c/ontheroadtodamascus

▶ 다마스커스 블로그
http://blog.naver.com/osm4709

▶ 다마스커스 인스타그램
https://www.instagram.com/ontheroadtodamascus/

▶ 다메섹 개인 후원 (감사합니다)
국민은행 강주형 111101-04-212702

▶ 다마스커스 팀 정기후원 링크
https://go.missionfund.org/damascus1

▶ 다마스커스 전체 링크 모음 (링크트리)
https://linktr.ee/ontheroadtodamascus1?utm_source=linktree_profile_share&ltsid=704a52d9-eb8b-4872-bb80-4ba68124c3da

▶ 이메일 문의
ontheroadtodamascus1@gmail.com

Hiraeth by Scott Buckley    / scottbuckley  ​
Creative Commons — Attribution 3.0 Unported — CC BY 3.0",UCFedtwqkwPCAI5oh1XO2NHA,Damascus TV,2024-07-21T10:00:06Z,1595,26.58,False,12857,560,116,https://www.youtube.com/watch?v=8cUvES-4IBA,57500,848,PF287650,나의 아저씨 [김해],연극,김해서부문화센터 하늬홀,2026-05-29,2026-05-30,,,,none,none,0,False,False,0,no_strong_signal,신호 없음
EZBpCBqK1Io,해외반응 나의 아저씨 1화 리액션 한글자막 폭싹 속았수다 보고 생각나서 만들었습니다  #아이유 #나의아저씨 #드라마 #드라마리뷰 #드라마리액션 #드라마결말포함,"폭싹 속았수다 보고 생각나서 만들었습니다 
영화 드라마 애니 리액션
my mister episode 1 reaction


https://youtu.be/fQqrHC4Jwac?si=FZkgxlPb6Pnt7Dvl   FreshestKReacts

https://youtu.be/VExmDZ2lloU?si=VgsSwjKEU9OlB9AG   Tsuki Iwamoto

https://youtu.be/9VfPVkYcCZA?si=e_5yxSCcPm1f2Fu5   lykscamerareviews

https://youtu.be/ssnmEXeRp8s?si=ld_N3pzN91spoGPl   First Act

#해외반응한글자막 #리액션한글자막 #애니추천 #드라마추천 #영화추천 #애니리뷰 #아이유 #나의아저씨 #드라마 #드라마리뷰 #드라마리액션 #드라마결말포함 
#결말포함 #결말포함리액션 #리액션 #외국반응 #애니 #드라마 #영화 #리액션맛집
#결말 #애니리뷰결말포함 #드라마몰보기 #영화리뷰 #드라마리뷰 #드라마",UC_wP5l4mgLCTulhOnN9fwRw,영 드 애 리액션,2025-04-11T08:00:27Z,1138,18.97,False,57477,724,39,https://www.youtube.com/watch?v=EZBpCBqK1Io,43600,356,PF287650,나의 아저씨 [김해],연극,김해서부문화센터 하늬홀,2026-05-29,2026-05-30,,,,none,none,0,False,False,0,no_strong_signal,신호 없음
c_XHDIoPLGA,"《나의 아저씨》 ""다른 드라마가 다 공허해진다"" 라고 고백! 지금도 세계에서 이어지는 깊은 울림을 실제 영상 리뷰로 확인해보세요! #해외반응","""다른 드라마가 다 공허해진다"" - 전 세계를 감동시킨 '나의 아저씨' 해외반응
2018년 방영 이후 7년이 지난 지금도 전 세계 시청자들이 ""인생 최고의 드라마""라고 극찬하는 '나의 아저씨'. 16개 상을 휩쓴 이 명작이 언어와 문화를 넘어 어떤 감동을 주고 있는지 실제 해외 시청자들의 생생한 반응으로 확인해보세요.

해외 시청자들의 충격 고백:
• 🇧🇷 브라질: ""오스카상을 받을 만한 드라마""
• 🇺🇸 미국: ""인생 최고의 드라마, 3-4번 다시 봤다""  
• 🇬🇧 영국: ""이 드라마 본 후로는 다른 드라마가 다 공허해 보인다""
• 🇩🇪 독일: ""최고의 한국 드라마, 감정적으로 완전히 무너뜨린다""
• 🇹🇭 태국: ""밤새 울어서 눈이 퉁퉁 부었다""
• 🇪🇸 스페인: ""세계적 명작 영화들과 비교되는 예술 작품""

 왜 '나의 아저씨'는 특별한가?
삶의 무게에 짓눌린 박동훈(이선균)과 현실의 벽에 부딪힌 이지안(아이유)이 서로의 상처를 보듬고 치유해 나가는 이야기. 단순한 로맨스를 넘어 인간의 본질적 아픔과 따뜻한 위로를 그려낸 이 작품은 ""더 나은 사람이 되고 싶게 만든다"", ""삶을 되돌아보게 한다""는 평가를 받으며 전 세계인들에게 깊은 울림을 주고 있습니다.

많은 해외 팬들이 안타깝게 세상을 떠난 이선균 배우님에 대한 그리움도 함께 표현하며, 그의 명연기가 이 작품을 더욱 특별하게 만들었다고 입을 모았습니다.

Credit:
https://www.youtube.com/watch?v=czVqSR-nnt8



#나의아저씨 #해외반응 #이선균 #아이유 #한국드라마 #명작드라마 #치유드라마 #해외시청자반응 #감동드라마

손난로 핫팩 제품란 링크 참조",UCaiIni3mdMfWdpfAjSpCH7g,알랭스 | Allangs,2025-06-13T11:09:15Z,1512,25.2,False,227527,3145,529,https://www.youtube.com/watch?v=c_XHDIoPLGA,11400,118,PF287650,나의 아저씨 [김해],연극,김해서부문화센터 하늬홀,2026-05-29,2026-05-30,,,,none,none,0,False,True,2,no_strong_signal,작품명이 따옴표/괄호로 명시적으로 인용됨
jtBf4ycUnro,나의 아저씨는 왜 끝까지 사랑을 말하지 않았을까 (나의 아저씨 비하인드 에세이),"#나의아저씨 #이선균 #아이유 

이 영상은 나의 아저씨가 왜 끝까지 사랑을 말하지 않았는지, 한편의 영화처럼 풀어본 #비하인드해석 영상 입니다.",UCmWuZHop9Q2HAhZSy4hZZEg,다빠도빠,2026-01-30T10:45:11Z,391,6.52,False,1448,25,18,https://www.youtube.com/watch?v=jtBf4ycUnro,34300,56,PF287650,나의 아저씨 [김해],연극,김해서부문화센터 하늬홀,2026-05-29,2026-05-30,,,,none,none,0,False,False,0,no_strong_signal,신호 없음
dkb0NBXULDA,내 맘대로 선정한 최고의 한국 드라마,"- 내 취향껏 뽑은 드라마 Best 5
- 비교적 최신 드라마에서 선정해 봤습니다.
- 개인적인 생각입니다. 반박시 님말이 맞습니다.

#김단군 #드라마 #인생드라마

트위치 : https://www.twitch.tv/1983kej
인스타그램 : https://www.instagram.com/dankun_kim",UC3KlqJ3v_43nhvDaXfxFAXw,김단군,2021-12-13T01:00:09Z,897,14.95,False,605763,4758,872,https://www.youtube.com/watch?v=dkb0NBXULDA,207000,991,PF287650,나의 아저씨 [김해],연극,김해서부문화센터 하늬홀,2026-05-29,2026-05-30,,,,none,none,0,False,False,0,no_strong_signal,신호 없음
9q1Rz7b7GlI,일본 국민여동생의 잠못드는 밤 무얼 하나요? #히로세스즈 #아이유 #나의아저씨,,UCrq09NyUdWxrEx8x0pMRaYQ,융감독,2024-12-31T06:00:09Z,38,0.63,True,185832,1518,39,https://www.youtube.com/watch?v=9q1Rz7b7GlI,2990,94,PF287650,나의 아저씨 [김해],연극,김해서부문화센터 하늬홀,2026-05-29,2026-05-30,,,,none,none,0,False,False,0,no_strong_signal,신호 없음
-uwSH_usv2k,"[해외반응] 나의 아저씨 4화 ""노인네가 날 보고 웃어"" 리액션 my mister episode 4 reaction mashup","자꾸 보고 싶고 가끔 생각나는 영화와 드라마 속 그 장면!
명장면의 해외반응 리액션만 담았습니다.

리액션 채널 목록
FreshestKReacts - www.youtube.com/@UCLSS-5FidczewOquYZyGqFQ
thelastbosses - www.youtube.com/@UCqnMMJbTQzhXFxbL8957m0A
lykscamerareviews - www.youtube.com/@UCNwCBtljGpH6GuV1Kk8tI_w
FerrySiblingsReact - www.youtube.com/@UC0BZqgL5pxo9TTFn1aTzNkA
jivij studio - www.youtube.com/@UCw8SrUUY4RRjN77JYfMpggg
First Act - www.youtube.com/@UC3d3RxsS2tbVLKG16hP5mlA

#해외반응 #리액션 #나의아저씨
#reaction #mymister
#이선균 #고두심 #아이유

음원 사용
Track : Bye
Music by 브금대통령
Music provided by 브금대통령
Watch : https://www.youtube.com/watch?v=sukhQMjlG9A",UCID7o3vx3I0yHSTEI965PLQ,명장면 리액션,2025-10-22T21:11:20Z,309,5.15,False,268273,2021,133,https://www.youtube.com/watch?v=-uwSH_usv2k,11800,150,PF287650,나의 아저씨 [김해],연극,김해서부문화센터 하늬홀,2026-05-29,2026-05-30,,,,none,none,0,False,False,0,no_strong_signal,신호 없음
3uMlK7XFXeE,[일본반응] 아이유 연기 처음 봤는데 대단하네!  이선균 아이유 연기에는 완패다! 나의 아저씨 해외반응!,"한류일보 구독 : https://bit.ly/3pMvudT
많은 사람들이 볼수있게!!  좋아요/ 댓글/ 구독 부탁드립니다
언제나 열심히 하는 한류일보가 되겠습니다.

#나의아저씨 #한류일보 #해외반응 #일본반응",UCBgeQGkJy8C7XTtehIbBVQw,한류일보,2021-03-28T10:42:27Z,623,10.38,False,746952,9380,1015,https://www.youtube.com/watch?v=3uMlK7XFXeE,43400,99,PF287650,나의 아저씨 [김해],연극,김해서부문화센터 하늬홀,2026-05-29,2026-05-30,,,,none,none,0,False,False,0,no_strong_signal,신호 없음
ykY-rhiiD60,일본 탑 여배우가 극찬한 한국의 이 드라마,,UCzelf3qtV8AdUXeoybhARsA,요건 인정이지,2024-09-27T09:49:11Z,57,0.95,True,4236409,48346,3950,https://www.youtube.com/watch?v=ykY-rhiiD60,159000,416,PF287650,나의 아저씨 [김해],연극,김해서부문화센터 하늬홀,2026-05-29,2026-05-30,,,,none,none,0,False,False,0,no_strong_signal,신호 없음
bI5vZeZtZOQ,누구에게나 있는 인생 드라마! 숙이와 도연의 인생 드라마는 ‘나의 아저씨’ [옥탑방의 문제아들/Problem Child in House] | KBS 220928 방송,"누구에게나 있는 인생 드라마! 숙이와 도연의 인생 드라마는 ‘나의 아저씨’

#옥탑 #옥탑방 #퀴즈 #상식 #토크쇼 #김종국 #정형돈 #송은이 #김숙 #민경훈 #코요태 #라미란 #송새벽 #옥탑방의문제아들 #ProblemChildinHouse 

----------------------------------------------
        ▶ Homepage : https://www.kbs.co.kr/
        ▶ Wavve : https://www.wavve.com/
        ▶ Youtube : https://www.youtube.com/KBSEntertain
----------------------------------------------",UCK1sVuXaDvJeNwl9noN5nOA,KBS Entertain,2022-09-28T13:01:53Z,97,1.62,False,17090,129,3,https://www.youtube.com/watch?v=bI5vZeZtZOQ,5700000,139475,PF287650,나의 아저씨 [김해],연극,김해서부문화센터 하늬홀,2026-05-29,2026-05-30,,,,none,none,0,False,False,0,no_strong_signal,신호 없음
5bdyCInOhqs,[극 희귀영상] 한 번을 안 울던 미국 마초의 눈물. 눈물 콧물 다 빼는 [나의 아저씨 (최종회)],"안녕하세요. 결혼 6년 차 한미 부부 아내, 쏭입니다.
저희는 중국 우시에 살고 있으며 뜻밖의 ‘이상한 변호사 우영우‘ 리뷰 인기에 힘입어 드라마 리뷰를 하고 있어요. 

영상에 블러 처리는 저작권 때문에 그렇답니다.
어떤 상황인지 대략 감 정도만 잡으실 정도로 블러 처리를 해야 딱지가 안 붙더라고요.
궁금해하시는 분들이 계셔서 여기에 답변 납깁니다.

그동안 영상 편집 일 외에도 할 일이 너무 많았어서 운동도 취미생활도 다 미루고 달리기만 했어요. 
잠시 재충전하고 올게요. 너무 오래 걸리지 않을게요!
모두 더운 여름 몸조심하시고 건강하시기 바라요!

항상 영상 봐주시고 감사한 말씀 남겨주시는 모든 분들 정말 감사드립니다. ❤
—-

어른이라고 해도 전부 다 아는 게 아니니 영상에서 혹시 저희가 말실수를 했더라도 너그럽게 이해해 주시고 실수한 부분에 대해서 알려주시면 감사한 마음으로 배우도록 하겠습니다.",UCC66yZ6IM71Nvvin2dnoj1w,WDG 저희 잘 지내요,2023-07-19T08:30:01Z,1861,31.02,False,1341785,12667,978,https://www.youtube.com/watch?v=5bdyCInOhqs,108000,497,PF287650,나의 아저씨 [김해],연극,김해서부문화센터 하늬홀,2026-05-29,2026-05-30,,,,none,none,0,False,False,0,no_strong_signal,신호 없음
IDXF2GpWNc0,(*감동주의) 4시간 달려와 응원한 ‘단 한명의 팬’.. 그가 왈칵 눈물을 쏟은 까닭은? [Eng Sub],"지난 18일 'K3 리그 베이직‘ 고양시민축구단과 평창FC 경기가 평창에서 열렸는데요. 당시 고양을 응원하는 한 30대 남성 팬이 차로 4시간 거리인 평창까지 달려와 홀로 응원했습니다. 이날 고양시민축구단은 경기 종료 직전 페널티킥을 성공시키며 극적으로 시즌 첫 승을 거뒀는데요. 

경기 내내 혼자 목청껏 응원한 팬은 급기야 눈물을 쏟았고 
골을 넣은 선수는 이 팬을 향해 허리를 굽혀 인사를 했습니다.

엠빅뉴스가 당시 홀로 응원을 한 팬을 수소문해 
인터뷰했습니다. 

훈훈하고 감동적인 장면 함께 보시죠. 

#고양시민축구단 #라대관 #K3리그 #나혼자팬 #감동주의 #시즌첫승",UCYRrUD5v5j_Ei8sKOo7mhoQ,엠빅뉴스,2019-05-28T13:09:23Z,187,3.12,False,16371639,137258,10926,https://www.youtube.com/watch?v=IDXF2GpWNc0,1430000,15364,PF287650,나의 아저씨 [김해],연극,김해서부문화센터 하늬홀,2026-05-29,2026-05-30,,,,none,none,0,False,False,0,no_strong_signal,신호 없음
7jabPT2PRns,유도)학교에서 업어치기 해봄,"#shorts 
#06년생 
#학교 
#유도 
#유도기술 
#친구 
#구독 
#좋아요 
#추천 
#떡상 
#fyp 
#fypシ",UC3Vpaf-o4l-jhYAAKMlAkRQ,수노우맨,2022-09-24T04:02:12Z,17,0.28,True,1791979,17198,641,https://www.youtube.com/watch?v=7jabPT2PRns,1060,12,PF287650,나의 아저씨 [김해],연극,김해서부문화센터 하늬홀,2026-05-29,2026-05-30,,,,none,none,0,False,False,0,no_strong_signal,신호 없음
cZG_rmKR4hs,나는 솔로 흥행의 1등 공신. 그 전설의 시작. #shorts #나는솔로 #4기영철,#shorts #나는솔로 #4기영철,UCNZoVAlupoeIaHWIBpBIg9Q,숏츠공장,2023-07-26T01:00:12Z,56,0.93,True,451478,3126,514,https://www.youtube.com/watch?v=cZG_rmKR4hs,2060,32,PF287650,나의 아저씨 [김해],연극,김해서부문화센터 하늬홀,2026-05-29,2026-05-30,,,,none,none,0,False,False,0,no_strong_signal,신호 없음
fll5ItofMlQ,"신정환, 미친 한파에도 몽클레어 패딩만큼은 죽어도 입을 수 없는 자숙의 아이콘 │ 노빠꾸탁재훈 시즌4 EP.11","✔구독 & 좋아요 & 알림 설정 필수✔

《노빠꾸 탁재훈》 매주 수요일 18시

노빠꾸 탁재훈 비즈니스 문의 
: ad@hsquad.co.kr 
노빠꾸 탁재훈 인스타 
: https://www.instagram.com/noback_tak/ 

*본 영상과 무관한 내용의 댓글 및 허위사실, 출연자에 대한 과한 욕설, 비난 및 조롱 등 악의적인 댓글은 무통보 삭제될 수 있습니다.

#탁재훈 #신규진 #노빠꾸탁재훈 #예능 #신정환 #컨츄리꼬꼬",UCSSkHIU1-nL_FeCjeZ_Xtvg,노빠꾸탁재훈,2026-01-14T09:01:09Z,1508,25.13,False,6050605,114365,19836,https://www.youtube.com/watch?v=fll5ItofMlQ,1960000,976,PF287650,나의 아저씨 [김해],연극,김해서부문화센터 하늬홀,2026-05-29,2026-05-30,,,,none,none,0,False,False,0,no_strong_signal,신호 없음
gD-5TcYdVyU,※빵 터짐 주의※ 웃긴 사연으로 초토화된 김창옥쇼 모음🤣💦 #김창옥쇼3,"티빙에서 스트리밍 : https://tving.onelink.me/xHqC/30a78d6f

#김창옥쇼3 #김창옥 #갈등종결강연쇼

타인과의 소통과 관계 속에 지친 당신,
""""나""""를 중심으로 갈등을 풀어보는
유쾌하지만 진실 된 갈등 종결 강연 쇼!
〈김창옥쇼3〉

매주 [화] 저녁 8:00 tvN STORY 본방송

📺 tvN STORY 채널 번호
✔ SK 브로드밴드 : 34번
✔ KT 스카이라이프 : 41번
✔ KT 지니 tv : 21번
✔ LG 유플러스 : 42번

#티빙에서스트리밍",UCR9gReM5VhQ_8brqQrBaVCA,tvN STORY 티비엔 스토리,2025-04-06T11:00:49Z,4426,73.77,False,1814824,16271,345,https://www.youtube.com/watch?v=gD-5TcYdVyU,1150000,19105,PF287650,나의 아저씨 [김해],연극,김해서부문화센터 하늬홀,2026-05-29,2026-05-30,,,,none,none,0,False,False,0,no_strong_signal,신호 없음
hF4pNcwN5iw,[몰카][ENG] 35살 연상남에 돌싱인데 사랑한다고?ㅋㅋ20살 여자의 마음을 사로잡은 돌싱남의 매력ㅋㅋ여고생의 고3수험생 응원메세지까지ㅋㅋKorean prank lmao,"#오도씨 #몰카형꽁트 #웃긴영상

안녕하세요 오도씨입니다 지인의 의뢰로 친구를 웃겨달라는 부탁을 받고 지인 
친구옆에서 생활꽁트를 진행해보았습니다ㅎㅎ 웃음을 주고 싶으신 분이
있다면 의뢰를 받아 웃음이 필요한 단 한팀을 위한 몰카형식의 코미디를 해보겠습니다.
재밌게 봐주시고 재밌게 보셨다면 구독과 좋아요 댓글많이많이 남겨주세요~
감사합니다!!",UCKdfNLnTwKeTUn3l0m_hevA,오도씨(ODOSSI),2021-11-17T03:00:11Z,723,12.05,False,283969,4563,111,https://www.youtube.com/watch?v=hF4pNcwN5iw,838000,3478,PF287650,나의 아저씨 [김해],연극,김해서부문화센터 하늬홀,2026-05-29,2026-05-30,,,,none,none,0,False,False,0,no_strong_signal,신호 없음
NLrDkN4GvoQ,복근 운동하다 중심 잃고…남성 회원 위로 '쿵' #글로벌픽 / JTBC 사건반장,"헬스장에서 한 트레이너가 여성 회원 앞에서 복근 운동 시범을 보입니다. ""배에 힘을 꽉 주고 다리를 한번에 들어 올리세요"" 열심히 복근 운동 자세를 보여주는데요, 그 모습을 여성 회원이 유심히 지켜봅니다. 

▶ 시리즈 더 보기 https://www.youtube.com/playlist?list=PL3Eb1N33oAXijbwnIWKJbTgzfn0_Qwf3a

📢 지금, 이슈의 현장을 실시간으로!
☞JTBC 모바일라이브 시청하기 https://www.youtube.com/@jtbc_news/streams

☞JTBC유튜브 구독하기 (https://www.youtube.com/user/JTBC10news)
☞JTBC유튜브 커뮤니티 (https://www.youtube.com/user/JTBC10news/community)

#JTBC뉴스 공식 페이지 https://news.jtbc.co.kr

페이스북 https://www.facebook.com/jtbcnews
X(트위터) https://twitter.com/JTBC_news
인스타그램 https://www.instagram.com/jtbcnews

☏ 제보하기 https://news.jtbc.co.kr/report
방송사 : JTBC (https://jtbc.co.kr)",UCsU-I-vHLiaMfV_ceaYz5rQ,JTBC News,2025-10-27T12:48:00Z,92,1.53,False,4014182,4930,3447,https://www.youtube.com/watch?v=NLrDkN4GvoQ,4880000,320925,PF287650,나의 아저씨 [김해],연극,김해서부문화센터 하늬홀,2026-05-29,2026-05-30,,,,none,none,0,False,False,0,no_strong_signal,신호 없음
KqILFcQIwNI,[김여포]유튜브 첫 생방송에서 멘탈이 무너졌다!팝콘TV 7일 정지,"▶팝콘TV 여포 검색
https://www.popkontv.com/ch/default.asp?mcid=gns501&mcPartnerCode=P-00001
▶광고 문의 및 스폰 문의(유튜브 관리자)
메일: food9494@naver.com
카톡: byjune9494
▶구독과 좋아요!! 한번씩 부탁드립니다.
#김여포 #팝콘TV #BJ여포",UCvaQEhibxkeLiKt5GbySj6w,김여포,2019-10-11T21:00:02Z,1392,23.2,False,38582,315,,https://www.youtube.com/watch?v=KqILFcQIwNI,136000,2414,PF287650,나의 아저씨 [김해],연극,김해서부문화센터 하늬홀,2026-05-29,2026-05-30,,,,none,none,0,False,False,0,no_strong_signal,신호 없음
m0odN7wv1Q8,150925 뮤직드라마 당신만이 커튼콜 영상,150925 뮤직드라마 당신만이 커튼콜 영상,UCXUjEJ38At3zrq5QwVh2aGA,순두기,2018-07-11T05:57:39Z,160,2.67,False,150,1,0,https://www.youtube.com/watch?v=m0odN7wv1Q8,935,121,PF287650,나의 아저씨 [김해],연극,김해서부문화센터 하늬홀,2026-05-29,2026-05-30,,,,none,none,0,False,False,0,no_strong_signal,신호 없음
5ptJmDw6-7w,사랑을 전달하세요. 러브뮤지컬[당신만이] @BS부산은행조은극장 1관,,UCUu2LtsMMeK0D_PqKdrQ8aw,극장캘린더관리,2013-09-04T07:02:36Z,32,0.53,True,211,1,0,https://www.youtube.com/watch?v=5ptJmDw6-7w,27,7,PF287650,나의 아저씨 [김해],연극,김해서부문화센터 하늬홀,2026-05-29,2026-05-30,,,,none,none,0,False,False,0,no_strong_signal,신호 없음
RuWvOGwgoqo,"박노훈 귀국 피아노 독주회, HWV 434, Brahms Händel Op. 24, Haydn Hob.XVI/23, Prokofiev Sonata No. 7 Op. 83 커튼콜","박노훈 노하부부 NOHALOG Youtube : 
https://www.youtube.com/channel/UCSU1LHJ1uArhs-fGhKzqBHw

박노훈 귀국 피아노 독주회, HWV 434, Brahms Händel Op. 24, Haydn Hob.XVI/23, Prokofiev Sonata No. 7 Op. 83 커튼콜

----------
Georg Friedrich Händel (1685-1759)
Keyboard Suite in B-flat major, HWV 434
Prelude
Aria con Variations (브람스 헨델 변주곡 테마)
Menuet

Johannes Brahms (1833-1897)
Variations and Fugue on a Theme by Händel, Op. 24

PAUSE

Joseph Haydn (1732-1809)
Piano Sonata No. 38 in F major, Hob.XVI/23
Allegro moderato
Adagio
Presto

Sergei Prokofiev (1891-1953)
Piano Sonata No. 7 in B-flat major, Op. 83
Allegro inquieto
Andante caloroso
Precipitato

(encore) 누군가 널 위하여 기도하네 (CCM)
----------

오랜 유학 생활의 끝. 
귀국 피아노 독주회.

엄청나게 많은 청중이 오셨다.
매진에 가깝게 꽉 들어차 있었다.

헨델 HWV 434 원곡을 듣고
브람스 헨델 변주곡을 이어 들었다. 듣기 좋은 구성이었고 시종일관 너무 잘쳤다.
준비를 정말 많이하고 연습도 엄청하고 그랬을 것이다.

[1]
Georg Friedrich Händel, Keyboard Suite in B-flat major, HWV 434
두 번째 Aria con Variations
이 멜로디가 바로 그 유명한 브람스 헨델 주제 변주곡과 푸가의 테마로 사용된다.
첫 연주부터 사로잡았다. 엄청 잘 치더라. 
Aria con Variations 트릴을 너무 완벽하게 구사하서, 당연히 다음 브람스 연주를 기대하게 만들었다.

[2]
Johannes Brahms (1833-1897)
Variations and Fugue on a Theme by Händel, Op. 24
헨델 HWV 434, Aria con Variations 멜로디를 Theme 로 시작하여
25개의 변주곡이 이어지고 푸가를 길게 연주하고 끝나는 너무 유명한 곡이다.

3대 변주곡
- Bach 골든베르크 변주곡
- Beethoven 디아벨리 변주곡
- Brahms 헨델 변주곡

브람스는 클라라슈만을 좋아하다가 독신으로 늙어죽는데,
클라라슈만이 42살 생일 선물로 브람스가 작곡을 해서 선물한다.
클라라슈만이 1861년 함부루크에서 초연 연주를 한다.
정말 사연도 남다르다. 브람스는 결국 독신으로 늙어죽는다...

너무 잘쳤고, 트릴도 너무 완벽하게 인상적이었고
청중의 반응도 뜨거웠고
전반부터 귀국 독주회 낭만

PAUSE

[3]
Joseph Haydn (1732-1809)
Piano Sonata No. 38 in F major, Hob.XVI/23
하이든, 교향곡의 아버지. 오스트리아. 18세기 후반 빈 고전파.
Klavier Sonata 였다. 지금은 Piano Sonata로 불리운다.
힘찬 시작, 토카타, 급격한 단조 모드, 풍부함.
경쾌하고 명랑하고 듣기 좋은 연주곡.
마지막 Presto 연주가 처음 들으면 어...? 끝났나? 하는 순간 끝나서
박수가 늦게 나올까봐 내가 박수를 정말 정확한 타이밍에 0.5초 먼저 쳐드렸다. 
헤헤. 

[4]
Sergei Prokofiev (1891-1953)
Piano Sonata No. 7 in B-flat major, Op. 83
프로코피예프
소나타 7번은 프로코피예프의 근간을 이룬다.
16살부터 소나타를 연구해 죽을 때 까지 연구한 분야가 소나타였다.

소나타 7번 = 전쟁 소나타 라고 불리운다.
독일군 침략의 공포, 스탈린 시대 러시아 삶의 불안감을 반영하는 고난의 기록이다.
초기 서정의 개성의 반영, 동시에 혼란스러웠던 시기 그의 정신 세계를 반영한다.
불안정하고, 긴장감있고, 혼란스럽고, 카오스 같고, 좀 기괴하기도 하고

II. Andante caloroso
느린 2악장은 슈만의 가곡을 사실상 인용하였다.
“누구도 나의 노래에 담긴 고통을 듣지 못한다.”

III. Precipitato
3분 내외의 
격렬한! 
태풍! 
폭풍! 
블랙홀! 같은 엄청난 연주가 진행되면서
화려하게 독주회가 마무리 되었다.
너무 멋있었다.

(encore) 
누군가 널 위하여 기도하네 (CCM)

(박노훈)
“오늘 귀국 독주회를 하기 까지”
“어렸을 때부터 많은 선생님들의 가르침과” 
“친구들의 응원과” 
“그리고,,, 부모님의 많은 도우심과 은혜와”
“아무것도 없는 저를 믿고 같이 유학 생활을 도와준 가족에게 너무 감사하고”
“주변 사람들의 도움 없이는 이 자리에 오기 힘들었습니다.”
“이 자리에 오신 분들”
“그동안 도움을 주신, 많은 분들을 위해 기도하는 마음으로”
“앵콜 연주를 들려드리겠습니다.”

(encore) 누군가 널 위하여 기도하네 (CCM)

이렇게 피아노 독주로 
“누군가 널 위하여 기도하네” 연주를 아름답게 치고
독주회가 마무리 되었다.

오늘도 깨달은 것이 있는데,
아무리 콘서트홀에 들어가도 나올 수 없는 그런 것들이
리싸이틀홀 독주회 연주장 안에서 나온다.

오늘 나는 5시 콘서트홀 피아노 협주곡을 들어갔다 나와서
다시 8시 박노훈 귀국 피아노 독주회를 찾아 들어왔다.

그리고 이렇게 정말 많이 준비해서 잘 치고
너무 멋진 사연의 멘트와
앵콜 연주를 들을 수 있었다.

나는 앞으로도 계속 리싸이틀홀, 인춘아트홀
개인의 1인 독주회 연주장을, 콘서트홀 보다 훨씬 많이 찾아 들어올 것이다.

박노훈 노하부부 NOHALOG Youtube : 
https://www.youtube.com/channel/UCSU1LHJ1uArhs-fGhKzqBHw",UCxqMHos2p2WtOmmznKu2_Ww,예당아저씨 Seoul Art AZ,2022-09-18T18:48:33Z,35,0.58,True,304,,3,https://www.youtube.com/watch?v=RuWvOGwgoqo,4480,486,PF287650,나의 아저씨 [김해],연극,김해서부문화센터 하늬홀,2026-05-29,2026-05-30,,,,none,none,0,False,False,0,no_strong_signal,신호 없음
YrRAOvun7gY,2016 뮤지컬 마리아마리아 spot,"뮤지컬 마리아마리아 
2016.3.22-4.17 광림아트센터 BBCH홀

뮤지컬 역사상 가장 위대한 사랑이 시작된다!
최고의 배우들과 라이브밴드가 선사하는 감동의 무대!",UClLG9y3eTOiP59_tsgcwzHg,HJ컬쳐,2016-03-31T12:50:08Z,31,0.52,True,886210,37,7,https://www.youtube.com/watch?v=YrRAOvun7gY,6330,735,PF287650,나의 아저씨 [김해],연극,김해서부문화센터 하늬홀,2026-05-29,2026-05-30,,,,mismatch,none,0,False,False,-2,delete_candidate,날짜 불일치(다른 회차 가능성)
5ZDF3C7X6KY,[NC인터뷰] 낭독뮤지컬 '마리아 마리아' 소냐,"[NC인터뷰, 낭독뮤지컬 '마리아 마리아' 소냐]

뉴스컬처 _ 생활의 스펙트럼을 넓히는 문화뉴스

http://newsculture.tv
http://facebook.com/withNEWSCULTURE
http://twitter.com/NewsCulture",UCbSCUaJynLiYDnUu4yGPTmw,NCTV_뉴스컬처,2018-07-30T07:02:36Z,334,5.57,False,154,2,0,https://www.youtube.com/watch?v=5ZDF3C7X6KY,23900,1957,PF287650,나의 아저씨 [김해],연극,김해서부문화센터 하늬홀,2026-05-29,2026-05-30,,,,none,none,0,False,False,0,no_strong_signal,신호 없음
_AwBB2kcFpM,뮤지컬 맨 오브 라만차 Man of La Mancha,"2018년 6윌 2일 
부천 유진어린이집 개원 20주년 기념 가족음악회
뮤지컬 Man of La Mancha 중 맨 오브 라만차
오선율 건율 가족
#오제윤 #안효영 #오선율 #오건율 #맨오브라만차 #유진어린이집 #부천명성교회 #인천시립합창단",UC28OhzRm94lqJagqZA8P2ow,오제윤,2019-05-10T11:20:23Z,276,4.6,False,142,3,0,https://www.youtube.com/watch?v=_AwBB2kcFpM,0,1,PF287650,나의 아저씨 [김해],연극,김해서부문화센터 하늬홀,2026-05-29,2026-05-30,,,,none,none,0,False,False,0,no_strong_signal,신호 없음
wVwOlcLbSRg,배우 정우영 영화 연기영상,,UCfMuaj6RQ8sDGzy2yvWsjLw,TV쩡,2022-04-04T19:47:04Z,533,8.88,False,224,4,1,https://www.youtube.com/watch?v=wVwOlcLbSRg,7,4,PF287650,나의 아저씨 [김해],연극,김해서부문화센터 하늬홀,2026-05-29,2026-05-30,,,,none,none,0,False,False,0,no_strong_signal,신호 없음
Ve3f_mHPZz0,양준일 . Shut up I love you #양준일,"@VintageJIY 
#양준일 #양준일콘서트 
#jiy",UCo_Ct1PkFkzZY8tCbSu-fGg,Hailey,2023-06-07T13:08:36Z,59,0.98,True,4737,372,15,https://www.youtube.com/watch?v=Ve3f_mHPZz0,567,35,PF287650,나의 아저씨 [김해],연극,김해서부문화센터 하늬홀,2026-05-29,2026-05-30,,,,none,none,0,False,False,0,no_strong_signal,신호 없음
3SJsYnSq058,ASAC몸짓콘서트 Opening,"안산문화재단 ""몸짓페스티벌"" 그 두번째!  몸짓콘서트(11.9,토)",UCeNexJN7o4_TkI9-gqA9FBQ,동텐,2013-11-08T02:13:11Z,90,1.5,False,106,2,0,https://www.youtube.com/watch?v=3SJsYnSq058,12,14,PF287650,나의 아저씨 [김해],연극,김해서부문화센터 하늬홀,2026-05-29,2026-05-30,,,,none,none,0,False,False,0,no_strong_signal,신호 없음
5toSooFg0fU,뮤지컬 드림걸즈(DREAMGIRLS) 최초 내한 1차 SPOT 영상,"뮤지컬 드림걸즈 최초 내한
오리지널 소울에 압도 당하다!
SPOT 영상 공개

2017.04.04 - 06.25 
샤롯데씨어터
예매처 바로가기 ▶ goo.gl/UypEDD",UCkcUJWScnatyvCbCd9a_eaw,OD COMPANY,2017-02-28T05:31:18Z,21,0.35,True,3908,6,0,https://www.youtube.com/watch?v=5toSooFg0fU,68400,845,PF287650,나의 아저씨 [김해],연극,김해서부문화센터 하늬홀,2026-05-29,2026-05-30,,,,mismatch,none,0,False,False,-2,delete_candidate,날짜 불일치(다른 회차 가능성)
Nf8xLfHFa3o,뮤지컬타이거OST 우리,뮤지컬타이거OST 우리,UCFSayKyUU-uDPCobNFfDd-g,Tiger Musical,2015-01-20T08:06:12Z,253,4.22,False,74,1,0,https://www.youtube.com/watch?v=Nf8xLfHFa3o,0,4,PF287650,나의 아저씨 [김해],연극,김해서부문화센터 하늬홀,2026-05-29,2026-05-30,,,,none,none,0,False,False,0,no_strong_signal,신호 없음
lXv9C9gHEtk,"박노훈 귀국 피아노 독주회, HWV 434, Brahms Händel Op. 24, Haydn Hob.XVI/23, Prokofiev Sonata No. 7 Op. 83","박노훈 노하부부 NOHALOG Youtube : 
https://www.youtube.com/channel/UCSU1LHJ1uArhs-fGhKzqBHw

박노훈 귀국 피아노 독주회, HWV 434, Brahms Händel Op. 24, Haydn Hob.XVI/23, Prokofiev Sonata No. 7 Op. 83 시작전

----------
Georg Friedrich Händel (1685-1759)
Keyboard Suite in B-flat major, HWV 434
Prelude
Aria con Variations (브람스 헨델 변주곡 테마)
Menuet

Johannes Brahms (1833-1897)
Variations and Fugue on a Theme by Händel, Op. 24

PAUSE

Joseph Haydn (1732-1809)
Piano Sonata No. 38 in F major, Hob.XVI/23
Allegro moderato
Adagio
Presto

Sergei Prokofiev (1891-1953)
Piano Sonata No. 7 in B-flat major, Op. 83
Allegro inquieto
Andante caloroso
Precipitato

(encore) 누군가 널 위하여 기도하네 (CCM)
----------

오랜 유학 생활의 끝. 
귀국 피아노 독주회.

엄청나게 많은 청중이 오셨다.
매진에 가깝게 꽉 들어차 있었다.

헨델 HWV 434 원곡을 듣고
브람스 헨델 변주곡을 이어 들었다. 듣기 좋은 구성이었고 시종일관 너무 잘쳤다.
준비를 정말 많이하고 연습도 엄청하고 그랬을 것이다.

[1]
Georg Friedrich Händel, Keyboard Suite in B-flat major, HWV 434
두 번째 Aria con Variations
이 멜로디가 바로 그 유명한 브람스 헨델 주제 변주곡과 푸가의 테마로 사용된다.
첫 연주부터 사로잡았다. 엄청 잘 치더라. 
Aria con Variations 트릴을 너무 완벽하게 구사하서, 당연히 다음 브람스 연주를 기대하게 만들었다.

[2]
Johannes Brahms (1833-1897)
Variations and Fugue on a Theme by Händel, Op. 24
헨델 HWV 434, Aria con Variations 멜로디를 Theme 로 시작하여
25개의 변주곡이 이어지고 푸가를 길게 연주하고 끝나는 너무 유명한 곡이다.

3대 변주곡
- Bach 골든베르크 변주곡
- Beethoven 디아벨리 변주곡
- Brahms 헨델 변주곡

브람스는 클라라슈만을 좋아하다가 독신으로 늙어죽는데,
클라라슈만이 42살 생일 선물로 브람스가 작곡을 해서 선물한다.
클라라슈만이 1861년 함부루크에서 초연 연주를 한다.
정말 사연도 남다르다. 브람스는 결국 독신으로 늙어죽는다...

너무 잘쳤고, 트릴도 너무 완벽하게 인상적이었고
청중의 반응도 뜨거웠고
전반부터 귀국 독주회 낭만

PAUSE

[3]
Joseph Haydn (1732-1809)
Piano Sonata No. 38 in F major, Hob.XVI/23
하이든, 교향곡의 아버지. 오스트리아. 18세기 후반 빈 고전파.
Klavier Sonata 였다. 지금은 Piano Sonata로 불리운다.
힘찬 시작, 토카타, 급격한 단조 모드, 풍부함.
경쾌하고 명랑하고 듣기 좋은 연주곡.
마지막 Presto 연주가 처음 들으면 어...? 끝났나? 하는 순간 끝나서
박수가 늦게 나올까봐 내가 박수를 정말 정확한 타이밍에 0.5초 먼저 쳐드렸다. 
헤헤. 

[4]
Sergei Prokofiev (1891-1953)
Piano Sonata No. 7 in B-flat major, Op. 83
프로코피예프
소나타 7번은 프로코피예프의 근간을 이룬다.
16살부터 소나타를 연구해 죽을 때 까지 연구한 분야가 소나타였다.

소나타 7번 = 전쟁 소나타 라고 불리운다.
독일군 침략의 공포, 스탈린 시대 러시아 삶의 불안감을 반영하는 고난의 기록이다.
초기 서정의 개성의 반영, 동시에 혼란스러웠던 시기 그의 정신 세계를 반영한다.
불안정하고, 긴장감있고, 혼란스럽고, 카오스 같고, 좀 기괴하기도 하고

II. Andante caloroso
느린 2악장은 슈만의 가곡을 사실상 인용하였다.
“누구도 나의 노래에 담긴 고통을 듣지 못한다.”

III. Precipitato
3분 내외의 
격렬한! 
태풍! 
폭풍! 
블랙홀! 같은 엄청난 연주가 진행되면서
화려하게 독주회가 마무리 되었다.
너무 멋있었다.

(encore) 
누군가 널 위하여 기도하네 (CCM)

(박노훈)
“오늘 귀국 독주회를 하기 까지”
“어렸을 때부터 많은 선생님들의 가르침과” 
“친구들의 응원과” 
“그리고,,, 부모님의 많은 도우심과 은혜와”
“아무것도 없는 저를 믿고 같이 유학 생활을 도와준 가족에게 너무 감사하고”
“주변 사람들의 도움 없이는 이 자리에 오기 힘들었습니다.”
“이 자리에 오신 분들”
“그동안 도움을 주신, 많은 분들을 위해 기도하는 마음으로”
“앵콜 연주를 들려드리겠습니다.”

(encore) 누군가 널 위하여 기도하네 (CCM)

이렇게 피아노 독주로 
“누군가 널 위하여 기도하네” 연주를 아름답게 치고
독주회가 마무리 되었다.

오늘도 깨달은 것이 있는데,
아무리 콘서트홀에 들어가도 나올 수 없는 그런 것들이
리싸이틀홀 독주회 연주장 안에서 나온다.

오늘 나는 5시 콘서트홀 피아노 협주곡을 들어갔다 나와서
다시 8시 박노훈 귀국 피아노 독주회를 찾아 들어왔다.

그리고 이렇게 정말 많이 준비해서 잘 치고
너무 멋진 사연의 멘트와
앵콜 연주를 들을 수 있었다.

나는 앞으로도 계속 리싸이틀홀, 인춘아트홀
개인의 1인 독주회 연주장을, 콘서트홀 보다 훨씬 많이 찾아 들어올 것이다.

박노훈 노하부부 NOHALOG Youtube : 
https://www.youtube.com/channel/UCSU1LHJ1uArhs-fGhKzqBHw",UCxqMHos2p2WtOmmznKu2_Ww,예당아저씨 Seoul Art AZ,2022-09-18T18:46:59Z,41,0.68,True,179,,1,https://www.youtube.com/watch?v=lXv9C9gHEtk,4480,486,PF287650,나의 아저씨 [김해],연극,김해서부문화센터 하늬홀,2026-05-29,2026-05-30,,,,none,none,0,False,False,0,no_strong_signal,신호 없음
KU208vbclrY,신년음악회,"예술의전당 2023 신피아노클럽 창단기념 신년음악회

새해 첫 예당공연 Good choice👏👏👏

오늘 공연은 마치 피아노 신들이 모여사는 피아노 신전에 초대된듯 경이롭고 위대했다.

또렷하고 경쾌하고 힘차고 벅차오르는 연주자님들의 타건력 그리고 연주 crazy~~~
다양한 연주 기법도 엿볼수 있어서 새로웠다.

21세기 음악사에 영향력있는 분들이라고 감히 칭송하고 싶다.

연주자님들 빛나는 연주로 나의 2023 밝게 빛날거같다.

오늘 연주자님들 한분한분 다 기억하고 응원할께요.

오늘처럼 마티네,런치콘서트 많이 기획해 주세요.

#신년음악회 #신피아노클럽 #예술의전당#ibk쳄버홀 #2023년#공연",UCH-3m52BefOCG5cTW-xbNNg,jina K,2023-01-10T11:50:45Z,40,0.67,True,412,4,0,https://www.youtube.com/watch?v=KU208vbclrY,1050,618,PF287650,나의 아저씨 [김해],연극,김해서부문화센터 하늬홀,2026-05-29,2026-05-30,,,,none,none,1,False,False,1,no_strong_signal,신호 없음
kKnlgqqHN4k,K가곡🌟 연 (緣/Longing) - 소프라노 김홍경 l 이원주 곡 (WonJu Lee),"#소프라노김홍경 #SopHKKim #연 #이원주 #인연 #그리운이를향한노래
핸드폰에서 세로로 보시면 더 좋아요


 ‘Longing (연)’ | 이원주 곡 (#아트팝 #창작한국가곡)

작사 김동현 / Written by Donghyun Kim
작곡 이원주 / Composed by Wonju Lee

안녕하세요, 가족 여러분~
모두들 편안한 금요일 저녁 보내고 계신지요?
😀
주변에 점점 코로나 걸리신 분들의 소식을 건너건너 들으며
저는 무사하고 건강하지만,,, 알수 없는 무언가...
약간 턱밑까지 다가온 그런 불안한 감정들이 드는 중입니다.
다들 건강하게 안녕하신거지요? 
식사 단디 챙겨하시고~ 
만병의 근원 스트레스는 
좋은 음악 들으시면서 날리시기를 바랍니다!!!
😍
오늘은 이원주 작곡가 선생님의 인연의 의미를 담은 ""연""이라는 곡을 준비했습니다! 음~청 춥던 날 외딴 섬(?) 같은 남의 집에서 열창하고 왔습니다. (소음 문제 없는 여건에서 안전히 촬영하였습니다.)혼자만 봄옷입고, 아주 추워가지고... 피디님도 덜덜덜 떠시고, 저는 희멀건 입김을 뿜으며 맘에 들때까지 손발 반 동상 걸릴때까지 열심히.. 부르고 또 불러 완성한 영상입니다 ^^

이 노래도 
가사를 가만히 앉아 곱씹어보면,
더욱더 마음 깊이 와닿는 곡이 아닐까해요. 
한국 말이라 우리가 더 깊이 이해하는 그런 감정이랄까요?

인생 얼마 안 살았지만ㅋㅋ
세상사.. 
사람도, 일도... 그 모든 인연들이,
생각보다 뜻대로 되는 것들이 많이 없는 것 같아요. ^^
그래서, 가끔 너무 속상하고 좌절될 때도 있지만!

그런데 또 
그것의 장점이라면...
오다가다 닿는 인연들, 일들을.. 
더욱더 감사히 생각하게 되고, 
최선을 다하게 되는 것 같아요. 


저는 생각보다 인생이 계획대로 되지 않는다는걸 알고나서부터는ㅋㅋ 오늘의  인연들이 내 인생의 마지막일지도 모른다는 생각을 갖고 사는 중입니다. 그렇게 현재에 집중하고 최선을 다하다보니, 저절로 더 좋은 인연들, 일들과 이어지기도하고.. 힘든 일들이 조금은 견딜만 하고 그렇더라구요. ^^ 

우리 가족분들,
지금 어떤 상황에 계시든지 
결국은 또 지나가게 될 지금을 
경험으로, 추억으로, 사랑으로, 믿음으로 
기억하실 수 있기를 감히 바래봅니다. 


""
힘든 일은 내안의 단단함으로 남을 것이고,
행복한 일은 나의 부드러움으로 남을 것이라 믿어봅니다!  - Sop.김홍경
""
사람 내일을 어떻게 장담하겠습니까?
일단 우리 다같이...
오늘 하루부터 먼저 힘내서 
꽉차게 으쌰으쌰 신나게 살아보자구용~!

잊지 않고 들러주시고,
좋아요 눌러주시고, 
애정해주시는 모든 가족 친구분들..
진심으로 다시한번 감사드립니다. 

저의 부족한 노래와 진심이,
그 누군가의 마음에, 지친 하루에
잠시의 위로가 되기를 간절히 바래봅니다. 
애정합니다!!! 하트뿅뿅!!

- 소프라노 김홍경 올림!



본 채널에 있는 컨텐츠는 그 어떤 것도 허락없이 복제, 변경, 배포 불가합니다.
Copyright © 소프라노 김홍경 l Sop. HK Kim
All right reserved.


연 (緣/Longing) - 소프라노 김홍경 l 이원주 곡 (WonJu Lee)


-----------------------------------------------
MR used from the Artists’Card Studio Channel
https://www.youtube.com/channel/UCYiF...

 ‘Longing (연)’ | 이원주 곡 [Instrumental] F Major 

작사 김동현 / Written by Donghyun Kim
작곡 이원주 / Composed by Wonju Lee
피아노 이선미 / Piano Sunmi Lee
첼로 윤여훈 / Cello Yeohun Yun",UCiIwd3P8O0RNkLjf492R0Jw,소프라노 김홍경 ㅣSoprano HK Kim,2022-02-25T12:00:17Z,221,3.68,False,1296,,45,https://www.youtube.com/watch?v=kKnlgqqHN4k,13600,232,PF287650,나의 아저씨 [김해],연극,김해서부문화센터 하늬홀,2026-05-29,2026-05-30,,,,none,none,0,False,False,0,no_strong_signal,신호 없음
6QHZy11OG9s,[청춘리포터] 온라인 견학! 마산문화예술센터 시민극장 상량식_박근제 기자,"2021년 청춘리포터 신중년기자단이 전하는 경상남도의 여러 소식을 동영상으로 만나보세요.

원하는 취재공간이나 소식이 있으면 댓글을 남겨주세요.

많은 관심 부탁드립니다^^*

#맘먹는tv #신중년기자단 #마산문화예술센터 #시민극장",UCPs_kkc-37d-hS8FTxQkvPw,경남50+행복내일센터,2021-03-24T04:19:27Z,169,2.82,False,67,3,0,https://www.youtube.com/watch?v=6QHZy11OG9s,577,436,PF287650,나의 아저씨 [김해],연극,김해서부문화센터 하늬홀,2026-05-29,2026-05-30,,,,none,none,0,False,False,0,no_strong_signal,신호 없음
O5Ynnf6xOKg,Happy Wedding Song - 이승환(Lee Seung Hwan) (KY.45023) / KY Karaoke,"★ 곡 정보 ★
번호 : 45023
제목 : Happy Wedding Song
가수 : 이승환
작사 : 이승환
작곡 : 이승환

#금영노래방

Copyrightⓒkeumyoung

매일매일 새로운 노래가 업데이트 됩니다.
구독을 통해 그 기쁨을 즐기세요!

Brand NEW KPOP SONG will be updated EVERY DAY!!
Would you like to enjoy more Karaoke?
Subscribe KY Karaoke channel!

노래방, 가요, 팝송, 애창곡, 인기곡, 최신곡, 반주, 노래모음, 가사...
당신이 찾는 노래가 여기에 있습니다.
금영노래방 공식 유튜브 채널을 구독 하세요.

KARAOKE, KPOP, PLAYLIST, MR, INSTRUMENTAL, Lyrics...
The song you are looking for can be found here!
Subscribe KY Karaoke channel!

毎日新しい歌がアップデートされます。
購読を通じてその喜びを楽しんでください! .
.
.
.
.
▶ 금영엔터테인먼트 - http://www.kyentertainment.kr
▶ 공식채널 - https://www.youtube.com/karaokeky
▶ 가방 - https://kygabang.com
▶ 키싱 - https://kysing.kr
▶ 카카오톡 플러스친구 - https://pf.kakao.com/_edWSj
▶ 네이버블로그 - http://blog.naver.com/kumyoung_kr
▶ 인스타그램 - https://www.instagram.com/karaokekyent",UCDqaUIUSJP5EVMEI178Zfag,금영 노래방 공식 유튜브 채널,2022-10-13T05:44:47Z,244,4.07,False,128,0,0,https://www.youtube.com/watch?v=O5Ynnf6xOKg,347000,74995,PF287650,나의 아저씨 [김해],연극,김해서부문화센터 하늬홀,2026-05-29,2026-05-30,,,,none,none,0,False,False,0,no_strong_signal,신호 없음
jYp2fQGn25o,[4K SEOUL] 부산에서 가장 규모가 큰 오일장중하나인 하단5일장에 다녀왓습니다.,"구독과 좋아요, 알림설정은 서울 스트리트 - Seoul Street 의 다음 영상 제작에 큰 힘이 됩니다. 부탁드립니다.

#서울스트리트 #SeoulStreet #ソウル #首爾 #imagineyourkorea #한국관광공사 #kto #Street #Seoul #Tourist #Touristattractions #streetFashion #Gangnam #itaewon #Myeongdong #ASMR #Walk #southkorea #gangnamstyle #bts #blankpink #맛집 #술집 #카페 #서울 #강남 #이태원 #경리단길 #해방촌 #명동 #서촌 #북촌 #성수동카페거리 #건대앞 #익선동 #인사동 #종로3가 #로데오거리 #길거리패션 #여행지 #여행 #볼거리 #가볼만한곳 #거리뷰 #Busan #Daegu #Ulsan #Changwon #Seomyeon #Haeundae #Seomyeon #Dongsungro #Dongsungno #Sangnamdong #Samsandong #Dongnae #Gwangalli #Haeundaebeach #Gwangallibeach  #釜山 #釜山西面 #西面 #海云台 #海雲台 #広安里 #广安里 #廣安里 #부산 #대구 #울산 #창원 #서면 #동성로 #상남동 #삼산동 #해운대 #광안리 #부산서면 #해운대해수욕장 #광안리해수욕장 #부산관광지

저는 걷는 걸 좋아하고, 여행도 좋아합니다. 이 채널은 한국을 걸어서 여행하는 다양한 영상을  올리고 있습니다. 구독 부탁드립니다.

I like to walk and travel. This channel uploads various videos of walking around Korea. Please subscribe.

私は歩くことと旅行が好きです。 このチャンネルは、韓国を歩き回っている様々な映像をアップロードしている。 購読してください。

我喜欢散步和旅行。 这个频道上传了韩国各地旅行的各种视频。 请订阅。

Мне нравится ходить и путешествовать. Этот канал загружает различные видео прогулки по Корее. Пожалуйста, подпишитесь.

Me gusta caminar y viajar. Este canal subes varios videos de caminar por Corea. Por favor, abonadme.

Tôi thích đi bộ và du lịch. Kênh này đăng tải nhiều video đi bộ quanh Hàn Quốc. Các bạn đăng ký thật nhiều nha.",UCsErgCL3VXVPoHzRMhFUYyg,서울 스트리트,2022-12-10T07:00:12Z,884,14.73,False,219,3,0,https://www.youtube.com/watch?v=jYp2fQGn25o,741,367,PF287650,나의 아저씨 [김해],연극,김해서부문화센터 하늬홀,2026-05-29,2026-05-30,,,,none,none,0,False,False,-3,delete_candidate,무관 해시태그 발견
TkMphPBiNS0,181118 십센치 스토커 @청춘아레나,,UCWk1sYYMf1YQQabD9Yh2HUw,_m1ng0 _,2018-11-18T07:14:59Z,255,4.25,False,20,,0,https://www.youtube.com/watch?v=TkMphPBiNS0,230,1115,PF287650,나의 아저씨 [김해],연극,김해서부문화센터 하늬홀,2026-05-29,2026-05-30,,,,none,none,0,False,False,0,no_strong_signal,신호 없음
7_a-ZYmseyE,"[4K SEOUL] 부산에서 가장 붐비는 핫플레이스 5일장인 ""노포 5일장"" 워킹투어","구독과 좋아요, 알림설정은 서울 스트리트 - Seoul Street 의 다음 영상 제작에 큰 힘이 됩니다. 부탁드립니다.

#서울스트리트 #SeoulStreet #ソウル #首爾 #imagineyourkorea #한국관광공사 #kto #Street #Seoul #Tourist #Touristattractions #streetFashion #Gangnam #itaewon #Myeongdong #ASMR #Walk #southkorea #gangnamstyle #bts #blankpink #맛집 #술집 #카페 #서울 #강남 #이태원 #경리단길 #해방촌 #명동 #서촌 #북촌 #성수동카페거리 #건대앞 #익선동 #인사동 #종로3가 #로데오거리 #길거리패션 #여행지 #여행 #볼거리 #가볼만한곳 #거리뷰 #Busan #Daegu #Ulsan #Changwon #Seomyeon #Haeundae #Seomyeon #Dongsungro #Dongsungno #Sangnamdong #Samsandong #Dongnae #Gwangalli #Haeundaebeach #Gwangallibeach  #釜山 #釜山西面 #西面 #海云台 #海雲台 #広安里 #广安里 #廣安里 #부산 #대구 #울산 #창원 #서면 #동성로 #상남동 #삼산동 #해운대 #광안리 #부산서면 #해운대해수욕장 #광안리해수욕장 #부산관광지

저는 걷는 걸 좋아하고, 여행도 좋아합니다. 이 채널은 한국을 걸어서 여행하는 다양한 영상을  올리고 있습니다. 구독 부탁드립니다.

I like to walk and travel. This channel uploads various videos of walking around Korea. Please subscribe.

私は歩くことと旅行が好きです。 このチャンネルは、韓国を歩き回っている様々な映像をアップロードしている。 購読してください。

我喜欢散步和旅行。 这个频道上传了韩国各地旅行的各种视频。 请订阅。

Мне нравится ходить и путешествовать. Этот канал загружает различные видео прогулки по Корее. Пожалуйста, подпишитесь.

Me gusta caminar y viajar. Este canal subes varios videos de caminar por Corea. Por favor, abonadme.

Tôi thích đi bộ và du lịch. Kênh này đăng tải nhiều video đi bộ quanh Hàn Quốc. Các bạn đăng ký thật nhiều nha.",UCsErgCL3VXVPoHzRMhFUYyg,서울 스트리트,2022-12-14T07:00:02Z,725,12.08,False,69,4,0,https://www.youtube.com/watch?v=7_a-ZYmseyE,741,367,PF287650,나의 아저씨 [김해],연극,김해서부문화센터 하늬홀,2026-05-29,2026-05-30,,,,none,none,0,False,False,-3,delete_candidate,무관 해시태그 발견
tBq6FeeR9nY,"[4K] 부산 도시철도 2호선 수영역 팔도시장 먹거리 -  닭발의 지존, 원조산곰장어, 양곱창골목","구독과 좋아요, 알람설정은 서울 스트리트 - Seoul Street 의 다음 영상 제작에 큰 힘이 됩니다. 부탁드립니다.

#코리아스트리트 #KoreaStreet #ソウル #首爾 #Street #Seoul #Tourist #Touristattractions #streetFashion #Gangnam #itaewon #Myeongdong #ASMR #Walk #southkorea #gangnamstyle #bts #blankpink #맛집 #술집 #카페 #서울 #강남 #이태원 #경리단길 #해방촌 #명동 #서촌 #북촌 #성수동카페거리 #건대앞 #익선동 #인사동 #종로3가 #로데오거리 #길거리패션 #여행지 #여행 #볼거리 #가볼만한곳 #거리뷰 #Busan #Daegu #Ulsan #Changwon #Seomyeon #Haeundae #Seomyeon #Dongsungro #Dongsungno #Sangnamdong #Samsandong #Dongnae #Gwangalli #Haeundaebeach #Gwangallibeach  #釜山 #釜山西面 #西面 #海云台 #海雲台 #広安里 #广安里 #廣安里 #부산 #대구 #울산 #창원 #서면 #동성로 #상남동 #삼산동 #해운대 #광안리 #부산서면 #해운대해수욕장 #광안리해수욕장 #부산관광지

저는 걷는 걸 좋아하고, 여행도 좋아합니다. 이 채널은 한국을 걸어서 여행하는 다양한 영상을  올리고 있습니다. 구독 부탁드립니다.

I like to walk and travel. This channel uploads various videos of walking around Korea. Please subscribe.

私は歩くことと旅行が好きです。 このチャンネルは、韓国を歩き回っている様々な映像をアップロードしている。 購読してください。

我喜欢散步和旅行。 这个频道上传了韩国各地旅行的各种视频。 请订阅。

Мне нравится ходить и путешествовать. Этот канал загружает различные видео прогулки по Корее. Пожалуйста, подпишитесь.

Me gusta caminar y viajar. Este canal subes varios videos de caminar por Corea. Por favor, abonadme.

Tôi thích đi bộ và du lịch. Kênh này đăng tải nhiều video đi bộ quanh Hàn Quốc. Các bạn đăng ký thật nhiều nha.",UCsErgCL3VXVPoHzRMhFUYyg,서울 스트리트,2022-12-08T07:00:12Z,2609,43.48,False,121,7,0,https://www.youtube.com/watch?v=tBq6FeeR9nY,741,367,PF287650,나의 아저씨 [김해],연극,김해서부문화센터 하늬홀,2026-05-29,2026-05-30,,,,none,none,0,False,False,-3,delete_candidate,무관 해시태그 발견
