video_id,video_title,description,channel_id,channel_name,published_at,duration_sec,duration_min,is_shorts_guess,view_count,like_count,comment_count,video_url,channel_subscriber_count,channel_video_count,matched_perf_id,matched_title,matched_genre,matched_venue,matched_perf_start,matched_perf_end,video_type,source_type,notes,date_signal,venue_signal,hashtag_categories,is_condensed_official,explicit_title_quote_match,signal_score,suggested_status,flag_reason
IA4ASE4S_P8,광주시립 발레단 코펠리아 커튼콜,광주시립 발레단 코펠리아 커튼콜,UCA-fiF1CnpHnCXzBYYribmg,James Jeon,2024-10-20T17:31:52Z,31,0.52,True,1104,11,0,https://www.youtube.com/watch?v=IA4ASE4S_P8,1570,278,PF249683,"제138회 광주시립발레단 정기공연, 코펠리아",무용(서양/한국무용),광주 예술의 전당 대극장,2024-10-18,2024-10-19,,,,none,match,0,False,False,2,no_strong_signal,장소 일치
lhyiMexrGFs,피리앙상블 Three.p,,UCb3OvbisiZToh4i3HLUtEyg,대구음악창작소,2020-10-16T23:02:41Z,3342,55.7,False,502,17,0,https://www.youtube.com/watch?v=lhyiMexrGFs,794,273,PF289258,"제55회 목멱예술제: 우리가락, 우리춤",한국음악(국악),국립국악원 예악당,2026-05-20,2026-05-22,,,,none,none,0,False,False,0,no_strong_signal,신호 없음
HOxiV3CVwr0,"노인과 바다, 짧지만 인생작인 이유","🎬 제목: The old Man and the Sea (노인과 바다, 1958)
✈️ 존 스터지스 감독, 스펜서 트레이시 주연 | 어니스트 헤밍웨이 (Ernest Hemingway) 원작

#movie  #shorts #3분쇼츠 #영화해석 #영화리뷰 #노인과바다 #theoldmanandthesea 

3일 밤낮 목숨 걸고 싸워서 잡은 물고기...그런데 집에 도착했을 땐 😱
헤밍웨이 원작의 불멸의 명작 🌊

💥그런데 원작자 헤밍웨이는 이 영화를 싫어했다고 합니다
""트레이시가 쿠바 어부보다 부유한 배우처럼 보인다""
""뚱뚱한 어부가 거트루드 스타인 연기하는 것 같다""고 혹평했다고...

그래도 스펜서 트레이시의 연기는 인정받아 아카데미 남우주연상 후보에 올랐죠 🎭

⚠️해당 영상은 영화를 리뷰형식으로 제작한 것으로, 실제 상황이 아닌 오락 목적의 영상입니다.",UCqUMjlP09AgMAwdCF-b6HPw,감동비디오,2026-01-18T19:24:26Z,124,2.07,False,495133,2879,42,https://www.youtube.com/watch?v=HOxiV3CVwr0,71100,472,PF245601,노인과 바다,한국음악(국악),국립극단 [명동] 명동예술극장,2024-09-13,2024-09-14,,,,none,none,0,False,False,0,no_strong_signal,신호 없음
jF6UhCX-Cuo,1200만뷰 쇼츠 영상 수익 ㄷㄷ,"#쇼츠 #유튜브 #유튜버

본채널 : https://www.youtube.com/c/주둥이방송
다시보기: https://www.youtube.com/channel/UCPgdEXfS-uIXE9epibVydnQ

주둥이방송 본인이 운영하는 채널임",UCOkr541W3GBtVwLP0aNpJbw,주둥이방송 쇼츠,2024-08-27T16:54:26Z,22,0.37,True,2466617,41241,337,https://www.youtube.com/watch?v=jF6UhCX-Cuo,457000,2585,PF245601,노인과 바다,한국음악(국악),국립극단 [명동] 명동예술극장,2024-09-13,2024-09-14,,,,none,none,0,False,False,0,no_strong_signal,신호 없음
hzbOVA1a350,노인과 바다 쇼츠 요약,,UCqozirVWKxw-zRSFmJKaxYg,무황이의 지혜로운 생활,2025-09-29T11:01:16Z,119,1.98,False,1077,19,0,https://www.youtube.com/watch?v=hzbOVA1a350,932,1165,PF245601,노인과 바다,한국음악(국악),국립극단 [명동] 명동예술극장,2024-09-13,2024-09-14,,,,none,none,0,False,False,0,no_strong_signal,신호 없음
o5nx3-Aa4e8,노인과바다 새치와상어,,UCNy9QPEWgf4enPmNNNpV58A,쇼오츠,2022-03-04T13:06:17Z,10,0.17,True,28637,110,4,https://www.youtube.com/watch?v=o5nx3-Aa4e8,668000,2799,PF245601,노인과 바다,한국음악(국악),국립극단 [명동] 명동예술극장,2024-09-13,2024-09-14,,,,none,none,0,False,False,0,no_strong_signal,신호 없음
FBs0uaYGMno,노인과 바다 (병맛) 클래식 명작,"노인과 바다 (병맛) 클래식 명작
---------------
#병맛쇼츠 #어쩌라고 #유머 #바이럴 #쇼츠 #웃긴짤 #웃긴영상 #ai #sora2 #소라2 
#코미디 #이슈 #풍자 #병맛광고 #memes #aishorts #capcut

광고문의는 이메일로 부탁드립니다.",UCAoxfTzpryD9s9OhoOE-H_g,어쩌라go,2025-10-30T07:40:51Z,13,0.22,True,2039,8,0,https://www.youtube.com/watch?v=FBs0uaYGMno,223,95,PF245601,노인과 바다,한국음악(국악),국립극단 [명동] 명동예술극장,2024-09-13,2024-09-14,,,,none,none,0,False,False,0,no_strong_signal,신호 없음
FX9ALD5D4z4,해밍웨이 인생 최후의 한 방이었다?,"《노인과 바다》,
그저 명작인 줄만 알았던 그 책.

사실 해밍웨이가
파산 직전,
“이거 안 되면 끝이다”는 각오로 써낸 작품이었습니다.

이 한 권이
그의 인생을 바꿨어요.

당신이 알고 있던 명작,
진짜 이야기는 어땠나요?

🏷
#쇼츠 #유튜브쇼츠 #노인과바다 #해밍웨이 #베스트셀러의비밀 #명작의역사 #책의유래 #반전상식 #문학썰 #요즘책읽기",UCdMUOQrWLClxYyA1EwF7ebA,옛날엔 어땠는지 궁금해,2025-05-25T01:00:17Z,17,0.28,True,8486,37,0,https://www.youtube.com/watch?v=FX9ALD5D4z4,200,192,PF245601,노인과 바다,한국음악(국악),국립극단 [명동] 명동예술극장,2024-09-13,2024-09-14,,,,none,none,0,False,True,2,no_strong_signal,작품명이 따옴표/괄호로 명시적으로 인용됨
lYGUViFDIew,나는 기다렸다. 인간이 무너지는 순간을. – 『노인과 바다』 요약,"바다는 다 알고 있었다.
한 인간이 ‘의지’라는 이름의 미련으로
자신을 찢어가는 모습을.

노인은 이겼다고 믿었지만,
나는 알고 있었다.

그가 끌고 가는 건 물고기가 아니라, 절망이었다.

『노인과 바다』 –
싸움은 끝났고, 남은 건… 뼈뿐이었다.

#노인과바다 #바다시점 #고전문학 #쇼츠요약 #1줄요약 #헤밍웨이 #고전요약 #디스토피아 #인간과자연 #무의미한투쟁 #classicshorts",UCMepUlA5PLORhdyIoKDCoOw,꿈꾸는 명작,2025-06-29T13:01:24Z,22,0.37,True,230,2,0,https://www.youtube.com/watch?v=lYGUViFDIew,1260,352,PF245601,노인과 바다,한국음악(국악),국립극단 [명동] 명동예술극장,2024-09-13,2024-09-14,,,,none,none,0,False,True,2,no_strong_signal,작품명이 따옴표/괄호로 명시적으로 인용됨
bCn7DGlWlik,[노인과 바다_어니스트 헤밍웨이] The Old Man and the Sea ㅣ퓰리처상수상 ㅣ 세계문학  #북튜버,"#문학산책 #세계문학 #100권
독서논술. 독서치료. 20년 경력 미미샘이 알려줍니다.
짧은 shorts로 책 속으로 떠나 보세요.
한 번쯤 들어보셨을 의미있는 문장을 생각해 보세요

[노인과 바다_어니스트 헤밍웨이] The Old Man and the Sea ㅣ퓰리처상수상",UCJ_PPId7m2AEhilPYAuNoOw,문학산책,2024-01-15T13:00:25Z,58,0.97,True,5655,55,3,https://www.youtube.com/watch?v=bCn7DGlWlik,1520,614,PF245601,노인과 바다,한국음악(국악),국립극단 [명동] 명동예술극장,2024-09-13,2024-09-14,,,,none,none,0,False,False,0,no_strong_signal,신호 없음
jAfKBARKz50,틱톡 유행⭐️ 오이 아코디언으로 동생 편식 고치기 #shorts,편식 심한 동생 오이 먹이는 특급 꿀팁! ㅋㅋㅋ,UCmjjgsm51PYMPf5REDylbSA,김켈리 Kellyfornia,2023-11-01T09:50:00Z,42,0.7,True,6821338,116732,868,https://www.youtube.com/watch?v=jAfKBARKz50,1290000,4853,PF245601,노인과 바다,한국음악(국악),국립극단 [명동] 명동예술극장,2024-09-13,2024-09-14,,,,none,none,0,False,False,0,no_strong_signal,신호 없음
p9i7l3qh8GI,헤밍웨이 노인과 바다,,UCivvqqYGL7RJA5IcoK8HDgA,짤막쇼츠,2025-08-13T13:39:15Z,42,0.7,True,357,4,0,https://www.youtube.com/watch?v=p9i7l3qh8GI,12,10,PF245601,노인과 바다,한국음악(국악),국립극단 [명동] 명동예술극장,2024-09-13,2024-09-14,,,,none,none,0,False,False,0,no_strong_signal,신호 없음
RiZsekQN5iE,"헤밍웨이 명작 노인과 바다, 최악의 순간 굴복하지 않는 법 ""사람은 멸망시킬 수 있어도 패배시킬 순 없다""","84일 동안 단 한 마리의 물고기도 잡지 못한 늙은 어부 산티아고. 그는 자신보다 거대한 청새치, 그리고 몰려드는 상어 떼와 싸우며 인간 정신의 가장 위대한 투쟁을 보여줍니다.

우리가 삶의 바다에서 마주하는 좌절과 고난에 어떻게 최선을 다해 맞서야 하는지에 대한 고전 문학의 정수입니다.

노벨 문학상과 퓰리처상을 안겨준 헤밍웨이의 '하드보일드 스타일' 문장 속에 담긴 ""스스로에게 떳떳할 만큼만 최선을 다하라""는 메시지를 통해, 우리의 '목적'이 아닌 '과정'과 '목표'에 집중하는 법을 배워보세요.

[ 타임라인 ]
[00:09] 노인과 바다가 위대한 이유: 헤밍웨이에게 노벨문학상을 안겨준 20세기 문학의 절대 걸작
[02:43] 산티아고 노인의 85일 투쟁: 84일의 실패, 그리고 85일째 시작된 거대한 청새치와의 힘겨루기
[04:46] 뼈만 남은 귀환: 청새치의 시체가 된 후에도 좌절하지 않은 이유
[05:52] 헤밍웨이 문체의 혁명: 감정을 배제한 간결하고 명확한 문장이 주는 압도적인 힘 (하드보일드 스타일)
[06:37] 작품의 핵심 메시지: ""사람은 멸망 시킬 수는 있어도 패배시킬 수는 없습니다""
[07:34] 나의 고난에 대입하기: '목적'이 아닌 '목표'와 '과정'에 집중해야 하는 이유
[08:34] 노인과 바다를 해석하는 법: 작가의 삶과 시대상을 통해 작품을 읽는 법 (황동규 번역본 해설)

#노인과바다 #헤밍웨이 #고전문학 #세계명작 #노벨문학상 #불굴의의지 #고난극복 #자기계발 #인문학 #인문강연 #북튜버 #북리뷰채널 #사월이네북리뷰 #책추천 #고전의고전",UCnLNiKk7hFb62oOr0ofU77g,사월이네 북리뷰,2021-10-17T10:01:28Z,691,11.52,False,14223,,13,https://www.youtube.com/watch?v=RiZsekQN5iE,33900,490,PF245601,노인과 바다,한국음악(국악),국립극단 [명동] 명동예술극장,2024-09-13,2024-09-14,,,,none,none,0,False,False,0,no_strong_signal,신호 없음
ZvZhFQGcJq8,노인과 바다 줄거리 요약 #노인과바다 #책추천#책리뷰,,UCBpgppgcNGPIWWUEgFWbJBw,지라르,2024-09-23T23:01:39Z,28,0.47,True,22074,257,14,https://www.youtube.com/watch?v=ZvZhFQGcJq8,5670,344,PF245601,노인과 바다,한국음악(국악),국립극단 [명동] 명동예술극장,2024-09-13,2024-09-14,,,,none,none,0,False,False,0,no_strong_signal,신호 없음
jRLkvuECVJo,『노인과 바다』 - 거대한 세계와 투쟁하는 노인은 오늘도 사자 꿈을 꾼다 │6분 안에 듣는 고전문학 [6분 클래식],"00:00-05:13 줄거리 재구성 낭독
05:114-06:42 노태훈 문학평론가의 작품 소개

낭독 및 내레이션 │김성현, 장윤실 배우 
평론 │노태훈 문학평론가
일러스트레이터 │이나헌 작가


📖 노태훈 평론가의 평론 ✏

어니스트 헤밍웨이, 『노인과 바다』

작가 어니스트 헤밍웨이는 20세기 미국을 대표하는 소설가라 할 수 있습니다. 1899년에 태어나 1961년 스스로 생을 마감하기까지 왕성하게 활동하면서 세계적인 명성을 얻었는데요. 『노인과 바다』는 작가가 생전 마지막으로 출간한 작품이자 쿠바를 중심으로 한 아메리카 대륙이라는 공간적 배경, 바다낚시라는 소재 등에서 다른 작품들과 차이를 갖습니다. 특히 세계사적 정치, 사회의 변화에 민감했던 작가가 1950년을 전후한 대격변기에 메이저리그 야구를 종종 챙겨보는 늙은 낚시꾼의 이야기를 썼다는 점은 작가의 이력에서 이채로운 부분이기도 합니다. 헤밍웨이는 『태양은 다시 떠오른다』(1926), 『무기여 잘 있어라』(1929), 『누구를 위하여 종은 울리나』(1940)와 같이 널리 알려진 작품이 많지만 무엇보다도 『노인과 바다』(1952)를 대표작으로 꼽지 않을 수 없습니다. 흔히 고전의 반열에 오른 소설 리스트에 반드시 언급되는 작품이기도 하고 현대 영문의 소위 하드보일드 문체를 정립한 작품이기도 하기 때문입니다.
소설의 줄거리는 매우 단순합니다. 한평생 쿠바에서 어부로 살아온 ‘산티아고’는 이제 늙고 외로워져 좀처럼 대어를 낚지 못하는 신세입니다. 그를 존경하며 곁을 지키는 소년 ‘마놀린’이 있지만 그가 혼자라는 사실에는 큰 변화가 없습니다. 그러다가 어느 날 먼 바닷가에서 아주 거대한 청새치를 포획해 며칠 동안 사투를 벌이게 되고 상어 떼에게 대부분의 살점이 뜯겨나가면서도 끝내 그 청새치를 끌고 뭍으로 돌아오게 됩니다. 이 짧은 여정이 독자들의 관심을 받고 오래도록 읽혀 오는 이유에는 노인의 사투가 과연 어떻게 끝날지 이야기 자체에 대한 흥미도 있겠지만 무엇보다 나약한 인간이 거대한 세계와 투쟁하는 알레고리의 성격이 있기 때문일 것입니다.
바다로 상징되는 광활한 세계에서 인간은 폭력이나 죽음의 공포를 극복해가며 생존을 위한 사냥에 나서야 합니다. 누군가에게는 행운이 깃들고 다른 누군가에게는 불운만 가득할 때도 있고 어떤 곳에는 사람들이 모여들고 또 어떤 곳은 쓸쓸함만이 남아 있기도 합니다. 하루하루 큰 욕심을 부리지 않고 일상을 영위하는 사람도 있고 인생의 ‘한 방’을 끝없이 노리는 사람도 있습니다. 그것은 비단 사람만의 일은 아니어서 바다의 상어들도, 바다 위를 날아다니는 새들도 저마다의 방식으로 생을 살아갑니다. ‘산티아고’는 밤낮으로 청새치와 사투를 벌이면서 자신의 몸에 대해 끊임없이 자각합니다. 몸에 난 상처, 쏟아지는 잠과 허기, 신체의 감각과 고통 등 소설의 거의 모든 문장이 ‘몸’에 관한 것인데요. 이것이 그의 정신과 생각, 특히 스스로와 대화를 나누는 ‘혼잣말’의 형태와 결합하면서 독특한 서사를 만들어냅니다. 결국 뼈만 남다시피 한 거대 청새치를 매달고 뭍으로 돌아온 ‘산티아고’는 극도의 피로함 속에 깊은 잠에 빠져들고 소년이 지켜보는 가운데 ‘사자 꿈’을 꾸는 것으로 소설은 끝이 나는데요. 강건한 육체와 정신을 통해 이 세계에서 생존하겠다는 강렬한 의지가 엿보이는 결말이라 할 수 있겠습니다.
『노인과 바다』는 줄거리가 복잡하지 않으면서도 소설을 통한 이야깃거리가 매우 풍부한 작품입니다. 특히 분량이 짧기 때문에 영어를 공부할 겸 원서로 이 작품에 도전하시는 분도 꽤 있는데요. 세계문학 고전에 입문하기에 더없이 좋은 작품이고, 이미 읽으셨던 분들이라 하더라도 아마 다시 읽었을 때 새롭게 보이는 부분들이 꽤 있을 것이어서 여러모로 추천해 드리고 싶습니다.

『노인과 바다』를 교보문고에서⬇
https://bit.ly/3JWA3gh

#6분클래식 #고전문학 #노인과바다 #어니스트헤밍웨이 #사자꿈 #노벨문학상 #교보문고",UC3YaxOp0RsyalKJyLA-AzhA,교보문고,2022-08-16T08:00:14Z,403,6.72,False,15421,247,152,https://www.youtube.com/watch?v=jRLkvuECVJo,231000,1705,PF245601,노인과 바다,한국음악(국악),국립극단 [명동] 명동예술극장,2024-09-13,2024-09-14,,,,none,none,0,False,True,2,no_strong_signal,작품명이 따옴표/괄호로 명시적으로 인용됨
7YIvtjgFW2E,노인과 바다 1분요약_허무버전,"결론을 믿지 마세요. 
쌔미가 지 맘대로 결론 내렸어요.",UCPl2ULG3OIPBl3JauyMLkOw,"Sam, the Korean Ajae",2025-01-03T11:55:46Z,48,0.8,True,4811,36,1,https://www.youtube.com/watch?v=7YIvtjgFW2E,75,9,PF245601,노인과 바다,한국음악(국악),국립극단 [명동] 명동예술극장,2024-09-13,2024-09-14,,,,none,none,0,False,False,0,no_strong_signal,신호 없음
n-9wcbSZY1g,[맛보는 도서관] 헤밍웨이의 [노인과 바다] 2분 요약 영상북 🌊🎣🛶,"[생각 포인트]

 1. ‘성공’이란 무엇인가? – 결과가 아니라 과정인가?

 2. 진정한 용기란? – 끝까지 싸우는 것인가, 물러나는 것인가?

 3. 노인의 고독은 왜 아름다운가?

 4. 청새치는 무엇의 상징일까? – 꿈? 이상? 인간의 자존?",UC8nEAQx4XE9xLnTr-S67_4A,게으른아빠 24h,2025-05-05T15:11:01Z,150,2.5,False,3479,37,1,https://www.youtube.com/watch?v=n-9wcbSZY1g,495,264,PF245601,노인과 바다,한국음악(국악),국립극단 [명동] 명동예술극장,2024-09-13,2024-09-14,,,,none,none,0,False,True,2,no_strong_signal,작품명이 따옴표/괄호로 명시적으로 인용됨
u5T56Du-piE,[영화로 보는 북튜브] 헤밍웨이 노벨상 『노인과 바다』,"노인과 바다 by어니스트 헤밍웨이

#북튜브 #노인과바다 #책소개 #줄거리",UCAlBZ33ouObtZLDAP_oSBjw,네버엔딩클래식,2019-08-23T04:43:53Z,585,9.75,False,57809,1013,38,https://www.youtube.com/watch?v=u5T56Du-piE,3010,5,PF245601,노인과 바다,한국음악(국악),국립극단 [명동] 명동예술극장,2024-09-13,2024-09-14,,,,none,none,0,False,True,2,no_strong_signal,작품명이 따옴표/괄호로 명시적으로 인용됨
F6BBG8Ljs9Y,책방 주인장 추천책 '노인과 바다'줄거리| 내가 하는 일과 사랑 용기인가 미련인가,"안녕하세요. 현정입니다. 
오늘은 책 '노인과 바다'를 추천해요.
과연 노인의 과정이 용기인지 미련인지 각자의 시선에 따라 다르겠지요.
여러분은 어떤 생각이 드는지 궁금하네요! 

치유서점 '지금의 세상'",UCGXCTXsZvD6kztqr_NKnwEA,현정월드,2023-10-15T13:00:09Z,899,14.98,False,2367,44,6,https://www.youtube.com/watch?v=F6BBG8Ljs9Y,1220,358,PF245601,노인과 바다,한국음악(국악),국립극단 [명동] 명동예술극장,2024-09-13,2024-09-14,,,,none,none,0,False,True,2,no_strong_signal,작품명이 따옴표/괄호로 명시적으로 인용됨
WGTgbYnXxL4,"노인과 바다(어니스트 헤밍웨이 저) - TV, 도서관에 가다 146회","TV, 도서관에 가다 (146회) 

1. 도권전평 
'노인과 바다'

서평: 서강대 영문학과 김욱동 명예교수 
          김경주 시인
          허희 문학평론가


2. 내 인생의 책 
더불어민주당 이철희 의원
'막스베버 소명으로서의 정치'

저자: 막스 베버",UCL-WOj1FxKR8Hlzg5tvnWKg,NATV 국회방송,2018-01-10T08:59:57Z,3676,61.27,False,37735,473,21,https://www.youtube.com/watch?v=WGTgbYnXxL4,310000,19798,PF245601,노인과 바다,한국음악(국악),국립극단 [명동] 명동예술극장,2024-09-13,2024-09-14,,,,none,none,0,False,True,2,no_strong_signal,작품명이 따옴표/괄호로 명시적으로 인용됨
Qteih0NGHRI,[두산아트센터] 판소리 '노인과 바다' 하이라이트 영상,"두산연강예술상 수상자
이자람 신작
노인과 바다



2019.11.26-12.1 두산아트센터 Space111



기획/제작 두산아트센터

원작 '노인과 바다' (어니스트 헤밍웨이, 이인규 번역, 문학동네, 2012)

대본/작창 이자람

연출/드라마터그 박지혜

시노그래퍼 여신동

소리꾼 이자람

고수 이준형



시놉시스

쿠바의 작은 어촌인 코히마르 마을에 사는 한 노인 어부의 이야기다. 평생을 바다 위에서 외줄 낚시를 하며 살아온 노인은 늘 커다란 고기를 낚는 타고난 어부였다. 하지만 운이 다했는지 좀처럼 고기가 찾아오지 않는다. 바다에서 85일째 되는 날, 노인에게 마침내 커다란 청새치가 찾아온다. 바다 깊은 곳의 청새치와 수면 위에서 홀로 낚싯줄을 붙잡고 버티는 노인의 한판 싸움이 벌어진다.





'노인과 바다'는 제6회 두산연강예술상 수상자 이자람의 신작이다. 이자람은 '사천가', '억척가', '이방인의 노래', '추물/살인' 등의 작품으로 국내외에서 활발하게 활동 중인 판소리 창작자다. 희곡이나 근현대 소설을 판소리의 다양한 소재와 형식으로 개발하는 작업을 꾸준히 선보이고 있다. 어니스트 헤밍웨이의 '노인과 바다 The Old Man and the Sea'를 판소리로 재창작한 이번 작품에서 이자람은 자신만의 판소리 만들기에 집중하여 오롯이 소리만으로 무대를 채운다. 관객들도 단순히 이야기를 듣는 것을 넘어 소리꾼과 함께 무대를 만들어가게 된다. '추물/살인'으로 동아연극상 신인연출상을 수상하며 호흡을 맞춰온 DAC Artist 양손프로젝트의 박지혜가 연출하고, 여신동이 시노그래퍼로 참여한다.",UCFZ7KRsVwFAaV2OL7HL6sdA,DOOSAN ART CENTER,2019-12-12T07:52:45Z,141,2.35,False,2037,28,1,https://www.youtube.com/watch?v=Qteih0NGHRI,19200,972,PF245601,노인과 바다,한국음악(국악),국립극단 [명동] 명동예술극장,2024-09-13,2024-09-14,,,,mismatch,none,0,False,True,0,no_strong_signal,작품명이 따옴표/괄호로 명시적으로 인용됨; 날짜 불일치(다른 회차 가능성)
WwzKUWmCNnY,이자람 신작 판소리 '노인과 바다' 2019 프레스콜 하이라이트,"제 6회 두산연강예술상 수상자 이자람의 신작 '노인과 바다'의 프레스콜이 지난 25일 두산아트센터 Space111에서 열렸다.

'노인과 바다'는 어니스트 헤밍웨이의 동명 소설을 판소리로 재창작한 작품으로, 바다 깊은 곳의 청새치와 수면 위에서 홀로 낚싯줄을 붙잡고 버티는 노인의 한판 싸움을 그렸다.

이번 공연에는 각색, 작창을 맡은 이자람과 함께 '추물/살인'으로 동아연극상 신인연출상을 수상하며 호흡을 맞춰온 DAC Artist 양손프로젝트의 박지혜 연출, 여신동 시노그래퍼가 참여한다.

판소리 '노인과 바다'는 오는 12월 1일까지 두산아트센터 Space111에서 공연된다.

* 판소리 '노인과 바다'를 직접 만나고 싶다면?
▶https://bit.ly/2DhyKaw

* 더 많은 공연 영상과 알짜배기 정보가 궁금하다면 플레이디비 채널을 구독하세요!

공연의 모든 것 - 플레이DB
http://playdb.co.kr

페이스북 페이지 보고싶다
http://www.facebook.com/allaboutplays

모든 영상의 저작권은 플레이디비가 소유하고 있으며 무단 편집, 업로드 및 재배포를 금지하고 있습니다.

Crew
촬영/편집 : 이우진(wowo0@interpark.com)
컨텐츠 제휴 문의 : 곽지은(kwagji@interpark.com)

#이자람 #판소리 #노인과바다",UCmApNdJszz9T-kpxji_xxkA,NOL 티켓,2019-11-26T04:47:13Z,473,7.88,False,5906,115,3,https://www.youtube.com/watch?v=WwzKUWmCNnY,83600,1797,PF245601,노인과 바다,한국음악(국악),국립극단 [명동] 명동예술극장,2024-09-13,2024-09-14,,,,none,none,1,False,True,3,verified_candidate,작품명이 따옴표/괄호로 명시적으로 인용됨
-IZs8WCfN2c,XR 노인과바다 하이라이트,"세계 최초 XR 연극 ""노인과 바다""
어네스트 헤밍웨이의 노벨문학상 수상작품을 영화같은 연극으로 만나다.",UCsiLX53S9Mtx_CxuaNTKf_g,XR Studio Blue,2025-10-26T20:58:25Z,471,7.85,False,68,0,0,https://www.youtube.com/watch?v=-IZs8WCfN2c,8,8,PF245601,노인과 바다,한국음악(국악),국립극단 [명동] 명동예술극장,2024-09-13,2024-09-14,,,,none,none,0,False,True,2,no_strong_signal,작품명이 따옴표/괄호로 명시적으로 인용됨
_HvOqzRH1a4,"[더뮤지컬] 판소리 '노인과 바다' 초연 하이라이트 - 이자람, 이준형","[컬처] 판소리 '노인과 바다' 초연 하이라이트 - 이자람, 이준형

영상내용: '노인과 바다' 공연 중에서
1막 주요장면 (이자람, 이준형)


스테이션아이디제작|카피카피룸룸 |영상|유지희 기자

본 영상은 “더뮤지컬”이 저작권을 소유하고 있으며 출처를 밝히지 않은 무단 인용, 재업로드, 재편집, 복제, 재배포를 금지하고 있습니다. 이를 어길 시 발생하는 민, 형사상 법적책임에 대해서는 책임지지 않습니다.",UCDa9z-zpLcRj3KDvn6yot-A,THE MUSICAL,2019-11-25T11:13:05Z,559,9.32,False,4856,98,3,https://www.youtube.com/watch?v=_HvOqzRH1a4,69500,2620,PF245601,노인과 바다,한국음악(국악),국립극단 [명동] 명동예술극장,2024-09-13,2024-09-14,,,,none,none,0,False,True,2,no_strong_signal,작품명이 따옴표/괄호로 명시적으로 인용됨
8bMRpeM2HpU,"[놀면 뭐하니?] 이자람&이준형 -노인과 바다 , 넋을 잃게 만드는 압도적인 무대 20200404",★★★More Hangout with Yoo clips are available★★★ iMBC http://www.imbc.com/broad/tv/ent/hangoutwithyoo/vod/ WAVVE https://www.wavve.com/player/vod?contentid=M_1004711100012100000.1&onair=n&order=new&page=2&programid=M_1004711100000100000,UCiBr0bK06imaMbLc8sAEz0A,MBCentertainment,2020-04-04T09:58:12Z,183,3.05,False,127333,2117,135,https://www.youtube.com/watch?v=8bMRpeM2HpU,9220000,114221,PF245601,노인과 바다,한국음악(국악),국립극단 [명동] 명동예술극장,2024-09-13,2024-09-14,,,,none,none,0,False,False,0,no_strong_signal,신호 없음
PoulpbvFksA,[유튜브 온리] 이자람 - 노인과 바다🎶 | 방구석 콘서트 직캠 4분할 FULL VER.,"본방으론 아쉬웠을 여러분을 위해 준비한 유튜브 온리 무대!
 🎶이자람의 노인과 바다🎶 무편집 4분할 직캠 풀버전을 공개합니다!


[놀면 뭐하니?] 토요일 저녁 6시 30분 방송!",UCx6jsZ02B4K3SECUrkgPyzg,놀면 뭐하니?,2020-04-06T12:09:56Z,508,8.47,False,38766,1019,57,https://www.youtube.com/watch?v=PoulpbvFksA,1580000,3358,PF245601,노인과 바다,한국음악(국악),국립극단 [명동] 명동예술극장,2024-09-13,2024-09-14,,,,none,none,0,False,False,0,no_strong_signal,신호 없음
uNafZS8gPfg,이자람 판소리 [노인과 바다] - 1분 하이라이트,"고전 명작 소설 '노인과 바다'와 한국의 전통예술 '판소리'의 만남
이자람 판소리 [노인과 바다]가 6월 1일 평촌아트홀에 찾아옵니다.
국내 외에서 인정받고 있는 판소리 창작자이자 소리꾼 이자람이 선사하는
상상력으로 가득 채운 판소리로 다시 쓰는 명작을 만나보시기 바랍니다.  🌊💙

📌이자람 판소리 [노인과 바다]📌
✅ 공연일시 : 2024년 6월 1일 (토), 오후 4시
✅ 공연장소 : 평촌아트홀
✅ 티켓가격 : 전석 40,000원
✅ 출연진 : 이자람(소리꾼), 이준형(고수)
✅ 관람연령 : 7세 이상 
✅ 문의 : 031-687-0500/0555

📌티켓오픈📌
2024년 4월 18일 (목), 오후 2시 (안양문화예술재단 및 인터파크 티켓 홈페이지)
✔️ 공연에 대한 자세한 정보는 안양문화예술재단 홈페이지 (www.ayac.or.kr)에서 확인하실 수 있습니다.",UCIxxnsclfd6KnkKkIpt_zvQ,안양문화예술재단,2024-05-16T08:41:18Z,60,1.0,True,517,8,0,https://www.youtube.com/watch?v=uNafZS8gPfg,3810,595,PF245601,노인과 바다,한국음악(국악),국립극단 [명동] 명동예술극장,2024-09-13,2024-09-14,,,,none,none,0,False,True,2,no_strong_signal,작품명이 따옴표/괄호로 명시적으로 인용됨
PbRDYrLLnC0,"[2025 서울 아시테지 겨울축제] 공연 하이라이트 영상_노인과 바다, 그리고 소년","🖤2025 서울 아시테지 겨울축제🖤 공연별 하이라이트 영상 공개!!
하이라이트 영상을 통해 공연을 먼저 만나보세요~!

📌 공연명 : 노인과 바다, 그리고 소년
📌 권장연령 : 미취학 이상(만 5세 이상)
📌 공연 일시 : 2025.1.3.(금)~1.4.(토) 13:00, 17:00
📌 공연장 : NC문화재단 공연장

더 많은 정보가 궁금하시다면,
아시테지코리아 홈페이지 및 공식 블로그를 확인해주세요~

👉 홈페이지 : https://assitejkorea.org/
👉 공식 블로그 : https://blog.naver.com/assitejkor

#아시테지코리아 #ASSITEJKorea #국제아동청소년연극협회 #아시테지겨울축제 #노인과바다그리고소년 #노인과바다 #헤밍웨이 #명작소설 #스토리텔링연극 #미취학연극 #대학로아이와 #초등학생연극",UCif2zZKw1nN2lKUoGsrME7w,아시테지 코리아 ASSITEJ Korea Channel,2024-11-12T06:25:57Z,65,1.08,False,170,1,0,https://www.youtube.com/watch?v=PbRDYrLLnC0,862,386,PF245601,노인과 바다,한국음악(국악),국립극단 [명동] 명동예술극장,2024-09-13,2024-09-14,,,,mismatch,none,0,False,False,-2,delete_candidate,날짜 불일치(다른 회차 가능성)
ZQWj0MtchIM,[공연속으로] 판소리로 다시 태어난 헤밍웨이의 ‘노인과 바다’ 외 / KBS뉴스(News),"미국의 대문호 헤밍웨이의 대표작 '노인과 바다'가 우리의 판소리로 다시 태어났습니다.
 영화로도 만들어졌던 일본 연극 '도둑 배우'도 국내 관객을 처음 만납니다.
 한 주 간의 다양한 공연 소식, 김세희 기자가 소개합니다.
 [리포트] 
 늙은 어부와 대형 청새치의 고독하고 치열한 싸움을 그려낸 어니스트 헤밍웨이의 소설.
 작가에게 노벨문학상까지 안긴 '노인과 바다'가 판소리로 다시 태어났습니다.
 사천가와 억척가, 이방인의 노래 등 문학 작품을 판소리로 재해석하며 독창적인 세계를 선보였던 소리꾼 이자람이 3년 만에 내놓은 신작입니다.
 화려한 장치 없이 오로지 소리만으로 관객들을 작품 속에 흠뻑 빠뜨립니다.
 [박지혜/연출 : ""노인과 소리꾼이 굉장히 닮아 있다는 생각을... 오랜 시간 동안 전수받은 기술을 가지고 계속 훈련을 하고, 결국엔 혼자 그것을 싸워나가는 모습이...""]
 선배 도둑의 협박에 못 이겨 마지막으로 도둑질을 하러 간  동화 작가의 집에서 벌어지는  유쾌한 소동극, '도둑 배우'입니다.
 일본의 인기 연극으로  국내에서는 처음 선을 보입니다.
 [김태훈/연출 : ""일본식 코미디적이 요소들이 좀 많아서 이걸 어떻게 하면 한국 관객들 만났을 때 우리식 코미디로 표현을 해야 되나 많이 생각을...""]
 도둑임을 감추려고  잇따라 마주치는 사람들에게  계속 새로운 거짓말을 늘어놓는 모습에,  웃음과 긴장감이 쉴 새 없이 무대를 채웁니다.
 KBS 뉴스, 김세희입니다.",UCcQTRi69dsVYHN3exePtZ1A,KBS News,2019-11-29T22:17:21Z,109,1.82,False,394,3,0,https://www.youtube.com/watch?v=ZQWj0MtchIM,3660000,460678,PF245601,노인과 바다,한국음악(국악),국립극단 [명동] 명동예술극장,2024-09-13,2024-09-14,,,,none,none,0,False,True,2,no_strong_signal,작품명이 따옴표/괄호로 명시적으로 인용됨
0_uQOdubS3I,노인과바다 포커2 게임 하이라이트 홍보영상,"★★★스타전자.오락기몰★★★  ☎☎☎ 010 5053 2508 ☎☎☎ 
게임물관리위원회 ""심의절차를 거쳐 심의완료된후 제작된 하이라이트 홍보영상""
등급분류번호 : CC-NA-220707-001",UCMtoAcUkcPFoxXZvO7JA2CA,노을,2022-10-12T23:14:42Z,1206,20.1,False,267,1,0,https://www.youtube.com/watch?v=0_uQOdubS3I,31,66,PF245601,노인과 바다,한국음악(국악),국립극단 [명동] 명동예술극장,2024-09-13,2024-09-14,,,,none,none,0,False,False,0,no_strong_signal,신호 없음
zCXQt1sdMaU,이자람&이준형 - 노인과 바다 || MO'B CHOREO CLASS ll @gbacademykr,"-지비아카데미 대흥점-

이자람&이준형 -노인과 바다

[Choreogarphy Class] 김일홍 (T.MO'B)

월,수(Mon, Wed) Pm 7:40-8:40

신청 및 문의
- 카톡 : 지비아카데미
- 📞 042-488-6662
- 대전광역시 중구 대흥동 196-1번지 대덕빌딩 4층

Official Youtube 
http://www.gbacademy.co.kr (Subscribe Youtube)

Official Instagram 
https://www.instagram.com/gbacademykr/ (Follow Instagram)

Official Facebook 
https://www.facebook.com/gbacademykr (Click Like!)

#노인과바다 #놀면뭐하니 #안무가",UCcmalknNTmD7Z165ezk7MrQ,대전 GB ACADEMY댄스 오디션 학원,2020-11-27T13:10:54Z,460,7.67,False,305,9,0,https://www.youtube.com/watch?v=zCXQt1sdMaU,11600,3638,PF245601,노인과 바다,한국음악(국악),국립극단 [명동] 명동예술극장,2024-09-13,2024-09-14,,,,none,none,0,False,False,0,no_strong_signal,신호 없음
lYUSeVtiUWU,"240913 판소리 노인과 바다 커튼콜(소리꾼 이자람, 고수 박근영)",,UC8wHRg7-eYIaNdm8FttU4aA,Shiro Katze,2024-09-13T13:54:37Z,30,0.5,True,89,0,0,https://www.youtube.com/watch?v=lYUSeVtiUWU,285,56,PF245601,노인과 바다,한국음악(국악),국립극단 [명동] 명동예술극장,2024-09-13,2024-09-14,,,,none,none,0,False,False,0,no_strong_signal,신호 없음
kZs5CAjg2YM,"세계 최초 XR 연극 ""노인과 바다"" 커튼콜 남경읍, 이석우","세계 최초 XR 연극 ""노인과 바다"" 커튼콜 남경읍, 이석우
어네스트 헤밍웨이 원작
남경읍, 이황의, 노시홍, 이석우, 박준석, 황경태 출연
장경민, 하형주 연출
비주얼디렉터 이수영, 조명 곽두성, 미술 이송연, 의상 신승연, 음악 남기오
조연출 박스쟌, 오퍼레이터 박재형
프로듀서 안수현, 우규선",UCsiLX53S9Mtx_CxuaNTKf_g,XR Studio Blue,2023-12-28T05:05:51Z,62,1.03,False,229,2,1,https://www.youtube.com/watch?v=kZs5CAjg2YM,8,8,PF245601,노인과 바다,한국음악(국악),국립극단 [명동] 명동예술극장,2024-09-13,2024-09-14,,,,none,none,0,False,True,2,no_strong_signal,작품명이 따옴표/괄호로 명시적으로 인용됨
XV1tNnX2WWE,"세계 최초 XR 연극 ""노인과 바다"" 커튼콜 남경읍 이석우","세계 최초로 시도된 XR 연극 ""노인과 바다""  커튼콜 남경읍 이석우
어네스트 헤밍웨이 원작
남경읍, 이황의, 노시홍, 이석우, 박준석, 황경태 출연
장경민, 하형주 연출
비주얼디렉터 이수영, 조명 곽두성, 미술 이송연, 의상 신승연, 음악 남기오
조연출 박스쟌, 오퍼레이터 박재형
프로듀서 안수현, 우규선",UCcTnM_pDubLxTUtpyPktcow,Hyoung-joo Ha,2023-12-26T19:37:40Z,62,1.03,False,132,1,0,https://www.youtube.com/watch?v=XV1tNnX2WWE,1,5,PF245601,노인과 바다,한국음악(국악),국립극단 [명동] 명동예술극장,2024-09-13,2024-09-14,,,,none,none,0,False,True,2,no_strong_signal,작품명이 따옴표/괄호로 명시적으로 인용됨
_sHIJfLAJvY,"뮤지컬 노인과 바다 커튼콜(뮤지컬배우 정재현,장덕수)","뮤지컬 노인과 바다 커튼콜
(정재현,장덕수 출연)
-대학로 열린소극장에서 ",UCq9-tBQR31uRYxhzrXQno_Q,Overman위버멘쉬,2012-10-04T10:33:10Z,176,2.93,False,486,2,0,https://www.youtube.com/watch?v=_sHIJfLAJvY,32500,15094,PF245601,노인과 바다,한국음악(국악),국립극단 [명동] 명동예술극장,2024-09-13,2024-09-14,,,,none,none,0,False,False,0,no_strong_signal,신호 없음
nXuVFYco1nY,240914 이자람 판소리 — 노인과 바다 커튼콜,"240914 토 16:00
명동예술극장

—

이자람 명창
박근영 명고

백업..",UCL-CPiEmqyG4CWSE2tnO3Ng,서,2025-06-14T10:59:57Z,23,0.38,True,27,0,0,https://www.youtube.com/watch?v=nXuVFYco1nY,0,4,PF245601,노인과 바다,한국음악(국악),국립극단 [명동] 명동예술극장,2024-09-13,2024-09-14,,,,none,none,0,False,False,0,no_strong_signal,신호 없음
CmWDvDeqm18,260211 어림없는 청춘_ 스페셜 커튼콜: 노인과 바다B (최주찬focus),"2026.02.11 19:30
뮤지컬 '어림없는 청춘'
CKL스튜디오

나주영 최주찬 focus.
정완    김채승
오강식 김해솔
차원재 최찬웅
김민석 이제성

1열 중블",UCG1anVDLq5MzHkvo_lMLNyQ,박뮤코,2026-02-12T17:22:38Z,385,6.42,False,181,2,0,https://www.youtube.com/watch?v=CmWDvDeqm18,652,176,PF245601,노인과 바다,한국음악(국악),국립극단 [명동] 명동예술극장,2024-09-13,2024-09-14,,,,mismatch,none,0,False,False,-2,delete_candidate,날짜 불일치(다른 회차 가능성)
OsdsghRN4z8,[4K] 260211 뮤지컬 「 어림없는 청춘 」 스페셜 커튼콜 '노인과 바다 B' | 최찬웅 (F),"2026.02.11 19:30 뮤지컬 어림없는 청춘 스페셜 커튼콜

차원재 役 최찬웅 focus

#어림없는청춘 #최찬웅",UCSDyVxNm3AFlWeC8EczV6iw,짱이..,2026-02-12T18:32:25Z,387,6.45,False,171,8,0,https://www.youtube.com/watch?v=OsdsghRN4z8,3,6,PF245601,노인과 바다,한국음악(국악),국립극단 [명동] 명동예술극장,2024-09-13,2024-09-14,,,,mismatch,none,0,False,False,-2,delete_candidate,날짜 불일치(다른 회차 가능성)
ilETsxbWT5k,"세계 최초 XR 연극 ""노인과 바다"" 커튼콜 이황의, 박준석","세계 최초 XR 연극 ""노인과 바다"" 커튼콜 이황의, 박준석
어네스트 헤밍웨이 원작
남경읍, 이황의, 노시홍, 이석우, 박준석, 황경태 출연
장경민, 하형주 연출
비주얼디렉터 이수영, 조명 곽두성, 미술 이송연, 의상 신승연, 음악 남기오
조연출 박스쟌, 오퍼레이터 박재형
프로듀서 안수현, 우규선",UCsiLX53S9Mtx_CxuaNTKf_g,XR Studio Blue,2023-12-28T05:07:28Z,59,0.98,True,104,1,0,https://www.youtube.com/watch?v=ilETsxbWT5k,8,8,PF245601,노인과 바다,한국음악(국악),국립극단 [명동] 명동예술극장,2024-09-13,2024-09-14,,,,none,none,0,False,True,2,no_strong_signal,작품명이 따옴표/괄호로 명시적으로 인용됨
Q6lTxhjZPhg,"세계 최초 XR 연극 ""노인과 바다"" 커튼콜 노시홍, 황경태","세계 최초로 시도된 XR 연극 ""노인과 바다""  커튼콜 노시홍, 황경태
어네스트 헤밍웨이 원작
남경읍, 이황의, 노시홍, 이석우, 박준석, 황경태 출연
장경민, 하형주 연출
비주얼디렉터 이수영, 조명 곽두성, 미술 이송연, 의상 신승연, 음악 남기오
조연출 박스쟌, 오퍼레이터 박재형
프로듀서 안수현, 우규선",UCcTnM_pDubLxTUtpyPktcow,Hyoung-joo Ha,2023-12-28T04:27:54Z,46,0.77,True,140,1,0,https://www.youtube.com/watch?v=Q6lTxhjZPhg,1,5,PF245601,노인과 바다,한국음악(국악),국립극단 [명동] 명동예술극장,2024-09-13,2024-09-14,,,,none,none,0,False,True,2,no_strong_signal,작품명이 따옴표/괄호로 명시적으로 인용됨
0fFisOjWYv8,110407 연극 노인과바다 커튼콜,110407 연극 노인과바다 커튼콜,UC7aPDYKsJNcfDYjTmwOCKfQ,라이_Lai,2014-06-13T19:56:39Z,82,1.37,False,60,0,0,https://www.youtube.com/watch?v=0fFisOjWYv8,441,362,PF245601,노인과 바다,한국음악(국악),국립극단 [명동] 명동예술극장,2024-09-13,2024-09-14,,,,none,none,0,False,False,0,no_strong_signal,신호 없음
ryI30rociQ4,240513 노인과바다 연극 커튼콜,240513 노인과바다 연극 커튼콜 촬영했어요,UCcloZlG4oFMmiHOXmiQhIGw,암살유진,2024-05-13T12:15:09Z,34,0.57,True,241,2,0,https://www.youtube.com/watch?v=ryI30rociQ4,1540,2744,PF245601,노인과 바다,한국음악(국악),국립극단 [명동] 명동예술극장,2024-09-13,2024-09-14,,,,none,none,0,False,False,0,no_strong_signal,신호 없음
jnjNdlL_l60,제15회 2인극페스티벌 연극 노인과 바다 커튼콜 (정재진 이동준 출연) 20151110,제15회 2인극페스티벌 연극 노인과 바다 커튼콜 (정재진 이동준 출연) 20151110,UCq9-tBQR31uRYxhzrXQno_Q,Overman위버멘쉬,2015-11-10T13:33:40Z,49,0.82,True,277,1,0,https://www.youtube.com/watch?v=jnjNdlL_l60,32500,15094,PF245601,노인과 바다,한국음악(국악),국립극단 [명동] 명동예술극장,2024-09-13,2024-09-14,,,,none,none,0,False,False,0,no_strong_signal,신호 없음
A5CJH51eljI,200731. 뮤지컬 어림없는 청춘 밤공 스페셜커튼콜 '노인과 바다B' (현석준 focus),현석준 박상윤 윤승우 지승태 김지웅,UCY2Vyl-comciF5GoZ0QDxdQ,오잉,2021-11-15T23:23:01Z,343,5.72,False,46,0,0,https://www.youtube.com/watch?v=A5CJH51eljI,15,371,PF245601,노인과 바다,한국음악(국악),국립극단 [명동] 명동예술극장,2024-09-13,2024-09-14,,,,none,none,0,False,False,0,no_strong_signal,신호 없음
I5YOHwLxQ1A,"연극 노인과 바다 커튼콜(연극배우 이계영,박상협 출연)","연극 노인과 바다 커튼콜(연극배우 이계영,박상협 출연)",UCq9-tBQR31uRYxhzrXQno_Q,Overman위버멘쉬,2014-07-07T16:43:06Z,71,1.18,False,495,1,0,https://www.youtube.com/watch?v=I5YOHwLxQ1A,32500,15094,PF245601,노인과 바다,한국음악(국악),국립극단 [명동] 명동예술극장,2024-09-13,2024-09-14,,,,none,none,0,False,False,0,no_strong_signal,신호 없음
2MtifMscArg,이자람 판소리 노인과 바다 커튼콜 241114 @ 음성문화예술회관,,UCNHHnAW--CuR9Jl0bfcLr6w,은댕,2025-04-10T19:32:20Z,45,0.75,True,12,0,0,https://www.youtube.com/watch?v=2MtifMscArg,68,306,PF245601,노인과 바다,한국음악(국악),국립극단 [명동] 명동예술극장,2024-09-13,2024-09-14,,,,none,none,0,False,False,0,no_strong_signal,신호 없음
YdmMnz3whRU,"""읽기 힘든 고전 문학, 연극으로 보세요"" / YTN","[앵커]
고전 문학 작품들은 제목이 친숙하다고 해서 모두 읽기 편한 것은 아니죠.

제목만 들어봤거나 읽었어도 내용이 가물가물한 고전문학작품들이 연극으로 무대에 오르고 있습니다.

기정훈 기자가 보도합니다.

[기자]
미국의 대문호 헤밍웨이의 인생을 그리면서 그의 작품들을 하나하나 녹여 냈습니다.

'노인과 바다'에서 소년의 도움을 아쉬워하는 산티아고 노인의 한숨은 작가의 아들 그레고리를 향한 것이고,

'무기여 잘 있거라'에서 주인공 프레데릭이 맞이하는 허무함은 노벨문학상을 받았지만 행복하지 못했던 작가의 인생 고백과도 같습니다.

[이왕혁 / 극작가, 극단 송곳 공동대표 : 그가 썼던 작품과는 정반대의 모순된 일생을 살았던 헤밍웨이의 인생을 통해서 우리의 인생과 예술이 과연 어떤 의미인지, 누구를 위해 존재해야 하는지를 묻고자 하는 그런 극입니다.]

제목은 알아도 정독하기 힘든 고전문학을 연극으로 옷 입혀 무대에 올리는 고전 극장.

지난 2013년 카프카와 생텍쥐페리, 현진건 등의 작품으로 시작해 지난해까지 40편의 명작들을 무대에 올렸습니다.

그리스 고전, 러시아 문학, 프랑스 고전 등 해마다 주제를 정해 무대를 꾸리는데, 적어도 100권은 채워 세계문학 전집을 만들겠다는 목표입니다.

[임수현 / 소극장 산울림 예술감독, 서울여대 교수 : 누구나 읽어본 적이 있지만, 제대로 읽어본 적은 없고, 그리고 평생에 꼭 한번은 그래도 읽어봐야 할 고전을 무대 위에서 입체적으로 재현하는 것이 저희의 목표입니다.]

올해의 주제는 '우리가 사랑한 영미 고전'

조지 오웰의 '동물농장'과 루시 몽고메리의 '빨강머리 앤' 등 명작 다섯 편이 공모로 선발된 젊은 극단들의 감성으로 재현됩니다.

공연 기간에는 원작 이해를 도와줄 강연 프로그램과 독서모임 등 부대행사들도 진행될 예정입니다.

YTN 기정훈입니다.

▶ 기사 원문 : https://www.ytn.co.kr/_ln/0106_202106270408044678
▶ 제보 하기 : https://mj.ytn.co.kr/mj/mj_write.php

▣ YTN 유튜브 채널 구독 : http://goo.gl/Ytb5SZ

ⓒ YTN & YTN plus 무단 전재 및 재배포금지",UChlgI3UHCOnwUGzWzbJ3H5w, YTN,2021-06-26T19:13:07Z,125,2.08,False,1226,9,1,https://www.youtube.com/watch?v=YdmMnz3whRU,5370000,967689,PF245601,노인과 바다,한국음악(국악),국립극단 [명동] 명동예술극장,2024-09-13,2024-09-14,,,,none,none,0,False,True,2,no_strong_signal,작품명이 따옴표/괄호로 명시적으로 인용됨
iIDiFkvA5N0,"김예나 연출/노인과 바다, 그리고 소년","노인과 바다, 그리고 소년 

스튜디오 나나다시는 내가 생각하는 ""나'와 작품을 통해 생성되는
""나(나 다시)"" 사이에 있는 ""진짜 나""를 찾아 여행 중인 극단으로, 창작진과 스탭진 모두가 함께 작품을 개발하는 디바이징 씨어터 (Devising Theatre), 공동 창안 방식으로 작품을 만듭니다.
베를린 국립 예술 대학원에서 스토리텔링 아트(Erzahlkunst)를 수학한 대표 김예나를 중심으로, 스토리텔링의 다양한 퍼포먼스적 층위를 실험하는 '이야기꾼스트'를 극단 자체 메소드로 개발해오고 있습니다.
고전문학의 무대화 작업을 꾸준히 해오며 어린 시절 할머니의 무릎을 베고 듣는 이야기처럼 영상이나 무대장치를 최소화하는 대신 이야기를 들려주는 행위'에 집중해 관객들의 상상력을 극대화합니다.
어린이 공연(우산도둑)으로 2020년 아시테지 서울 어린이 연극상 대상, 연출상, 관객인기상을 수상하며 주목받은 후 영유아극, 배리어프리 작업을 통해 관객층을 넓혀오고 있습니다.

공연연혁
2023 함께 크는 극장 프로젝트 (별별극장, 과천)
2023 하남시 어린이날 대축제 (하남문화예술회관 아랑홀)
2023 화천 텃밭극장 기획공연 (문화공간 예술텃밭 텃밭극장)

#노인과바다그리고소년#스튜디오
#나나다시#연극#스토리텔링
#NC문화재단#hall#청새치
#연출#김예나",UCvGMZW6rKG-VMdnGcJKMzGQ,the palace of artists,2024-12-22T12:22:25Z,61,1.02,False,36,4,1,https://www.youtube.com/watch?v=iIDiFkvA5N0,11,7,PF245601,노인과 바다,한국음악(국악),국립극단 [명동] 명동예술극장,2024-09-13,2024-09-14,,,,none,none,1,False,False,1,no_strong_signal,신호 없음
GxX6nRkVt1k,"🌎‘기후위기’ 연극을 준비하던 내가, 진짜 기후위기를 맞게 되었다. | [창작공감: 연출] '당신에게 닿는 길'  티저","🌎

그때는 몰랐다, 그 길이 당신에게 닿는 길이었음을.

COMING SOON

-

[창작공감: 연출] '당신에게 닿는 길'

작·연출 한민규

-
#국립극단 #연극 #창작공감 #연출 #당신에게닿는길 #홍익대대학로아트센터소극장",UC-2Nn7WrZJkx1m-g_Y0Gf2Q,국립극단,2023-08-29T08:00:08Z,16,0.27,True,1291,19,0,https://www.youtube.com/watch?v=GxX6nRkVt1k,24700,811,PF245601,노인과 바다,한국음악(국악),국립극단 [명동] 명동예술극장,2024-09-13,2024-09-14,,,,none,match,1,False,False,3,verified_candidate,장소 일치
ZHftXLILLwg,[극단이레-아동극] 별주부전,"전래동화 별주부전🐢을 각색한 작품으로 
부모님 말씀에 대한 순종하는 마음을 갖게해주고 
어린이범죄예방 수칙을 배우는 전래문화체험극!🐰

어린이집, 유치원, 초등학교, 도서관, 문화센터 등 
찾아가는 공연 가능합니다.

공연문의 : 010-5224-6725",UC_x-GXUEuNckWfN-ATSa6SA,극단이레 (어린이문화연구소),2019-11-06T14:42:32Z,24,0.4,True,158,4,0,https://www.youtube.com/watch?v=ZHftXLILLwg,452,88,PF245601,노인과 바다,한국음악(국악),국립극단 [명동] 명동예술극장,2024-09-13,2024-09-14,,,,none,none,0,False,False,0,no_strong_signal,신호 없음
wu14f96y8Ao,충주MBC 150729 시골로 내려온 대학로 극단,"◀ＡＮＣ▶
 1990년대부터 대학로를 연극으로 정착시켰던 
1세대 극단이 단양 영춘에 자리 잡았습니다.

 석 달의 준비 끝에 첫 공연을 시작했는데요,
낮에는 함께 밭을 갈고 
밤에는 연극으로 뭉치는 이들을 만나봤습니다.

 조용성 기자입니다.
           ◀ＥＮＤ▶

 마을 사람들을 불러 음식을 나누고,
성공을 기원하는 한바탕 고사를 지낸 뒤,,

 해바라기로 둘러싸인 무대 위에
소설가 헤밍웨이 원작의 작품이 오릅니다.

 세찬 비가 오고 그치기를 반복해도 
백여 석의 관객들을 
배우들의 열연을 숨죽여 지켜봅니다.

eff]""그 사람도 가난했던 시절이 있어서 우리 처지를 이해할지도 모르지!"" #2. 02:18:04~09

 서울 대학로의 치솟는 대관료를 이기지 못해 
내려온 극단은 첫 작품으로 노인과 바다를 
선택했습니다.

 ◀ＳＹＮ▶ 배우 #1. 02:09:46~56
""(작품처럼) 어떤 어려움이 있어도 그 고난을 뚫고 나가야겠다는 인간의 어떤 승리랄까 그런 메시지가 담겨있는 거죠.""

 연극 '불 좀 꺼주세요'로 
20만 관객을 모으는 등 1990년대부터 
대학로를 문화 1번지로 키운 이 극단은,,

 지난 4월, 총감독의 고향인 단양에 자리 잡아
낮에는 농지와 마을회관을 오가며 농사꾼으로, 
밤에는 연극인의 삶을 삽니다.

 ◀ＩＮＴ▶ 마을주민
""농번기 때 도와줘. 소통하는 게 참 보기 좋아""

 문화 오지인 단양 영춘까지 내려온 목표는 
'친환경 연극촌'

 입장료나 지원금에 기대지 않고 
자생력 있는 극단으로 거듭나 도시와 농촌을 
문화로 잇는 징검다리가 되겠다는 것입니다.

 ◀ＩＮＴ▶ 허 감독
""도·농을 연결하는 문화실험의 장""

 개막작 노인과 바다로 문을 연 
만종리 대학로 극장은 
다음 달 9일까지 3편의 연극을 번갈아가며
매일 무대에 올립니다. MBC 뉴스 조용성입니다.
//",UCFLTNsOlzlbAD18DrSREuMQ,MBC충북NEWS,2015-07-29T12:06:10Z,130,2.17,False,574,5,0,https://www.youtube.com/watch?v=wu14f96y8Ao,150000,29122,PF245601,노인과 바다,한국음악(국악),국립극단 [명동] 명동예술극장,2024-09-13,2024-09-14,,,,none,none,0,False,False,0,no_strong_signal,신호 없음
1bc4ZYuYvxQ,사랑의 가능성을 발견하다 | 연극 '사랑이 온다',"사랑이온다
작 배봉기 연출 심재찬
출연 박경근, 길해연, 황정민, 김수현, 이소영, 이태린
백성희장민호극장
2011.11.01 ~ 11.13",UC-2Nn7WrZJkx1m-g_Y0Gf2Q,국립극단,2011-11-01T07:16:39Z,36,0.6,True,278,1,0,https://www.youtube.com/watch?v=1bc4ZYuYvxQ,24700,811,PF245601,노인과 바다,한국음악(국악),국립극단 [명동] 명동예술극장,2024-09-13,2024-09-14,,,,mismatch,none,0,False,False,-2,delete_candidate,날짜 불일치(다른 회차 가능성)
e9shdNoiM7w,[복화술 공연]어느 노인 부부의 사는 모습💕구독🙆‍♂️          좋아요👍                 해피박TV❤️,,UCPrkMwuBAxUwzV9AJ4fJy2Q,해피박 복화술TV,2023-01-13T08:51:02Z,21,0.35,True,1750,16,6,https://www.youtube.com/watch?v=e9shdNoiM7w,3360,2463,PF245601,노인과 바다,한국음악(국악),국립극단 [명동] 명동예술극장,2024-09-13,2024-09-14,,,,none,none,0,False,False,0,no_strong_signal,신호 없음
0xc2QGV8k7A,춤꾼과춤꾼 리듬지르박 13 K socialdance,"박가희원장 : 010-9733-5222 
전주주소 : 전주시 완산구 장승배기로 200.

후원계좌번호 : 농협 531810-52-129282 박순주(박가희)

#shorts #shortvideo   #shortsfeed #short #shortsvideo #shots  #shortvideos  #shortsyoutube 
#Koreasocialdance #ktrot  #dance  #swing #jive  #jitterbuk #salsa. #bachata  #tango #waltz #rocknroll #socialdancing  #Koreasocialdance  #토마토댄스  #지르박  #지루박 #블루스  #부르스 #트로트  #트롯  #트롯트  #도롯도  #캬바레  #무도장  #콜라텍  #사즐모  #블랙플  #사랑  #정모  #토마토 #댄스 #탄핵 #국밥 #국민 #경찰  #검찰 ##특검  #국회   #헌법  #재판 #내란 ##공수처 #경호처 #체포 #영장 #서울 #경기 #김포 #신사 #공항 #신도시 #고속터미날 #공항버스 #관광 #여행 #유튜버 #무대 #공연 #방송 #촬영 #장비 #녹화 #비행기 #자동차 #선박 #배 #화물 #노동 #근로 #정부 #청사 #행정 #민원 #봉사 #와인 #리듬춤 #축하 #유튭 




































































































#dance  #koreadance #jitterbugdance  #jive #slowdance #Kdance  #asiadance  #socialdance
 #트롯  #트롯트  #트롯댄스  #트롯춤  #트롯음악  #트롯노래 #트롯반주  #미스트롯춤 #미스터트롯댄스 #트롯백댄스 #트로트 #트로트댄스  #트로트노래  #트로트춤  #사교댄스 #지루박 #블루스 #트로트  #왈츠 #자이브 #룸바 #웰빙댄스 #생활체육 #콜라텍 #무도장 #바다 #바닷가 #해변 #해변지루박 #바닷가사교댄스 #해변의여인지루박 #대천해수욕장사교댄스 #춤리듬 #트롯노래 #조명 #사랑의춤 #활력의춤 #육체건강 #정신건강 #치매방지 #노화방지 #특별한운동 #건강운동 #노후운동 #커플댄스 #5060대취미 #댄스학원 #취미 #부부운동 #트로트노래 #즐거운 #실버운동 #실버티비 #실버댄스 #실버건강 #실버취미 #실버치매 #학교 #생활 #생활체육 #피트니스 #줌바

 #사교댄스 #리듬댄스 #지루박 #콜라텍 #지르박 #트로트 #tiktok #박가희 #funny  #gag  #조국  #여행  #일본  #유럽  #중국  #한국  #태국  #베트남  #인도네시아  #동남아  #프랑스  #영국  #독일. #미국  #911  #이강인  #손흥민  #윤석열  #이재명  #중국  #영국  #일본  #미국  #프랑스  #한국  #개그콘써트  #웃찾사  #품바   #각설이  #웃음  #행복  #어른  #노인  #만담  #코믹  #코메디  #comedy   #comic  #gag  #엿장수  #배우  #연극  #무대공연  #관광  #여행  #붕어섬  #힐링  #캠프  #음악  #밴드  #킹스밴드  #신청  #막춤  #떼춤  #아줌마  #관광버스 #관광춤  #노인  #노래  #요양  #휴양 
#작가  #사진  #복사  #전주대  #전북대  #전북 #프로  #축구  #선수  #사기  #위암  #폐암  #치매  #햄  #구독  #좋아요  #유튭  #사고  #처리 #환경 
#시저  #개그  #콘써트  #유머  #극장  #코믹  #코메디  #품바  #엿장수  #풍물  #놀이  #놀이마당  #극단  #국악  #국립 #한옥마을    #한국  #노인  #개그콘써트  #개콘 #웃찾사  #티비  #뉴스 #전문    #춤신  #흥  #끼 #복합 #막춤  #섹시 #섹쉬막춤  #사랑  #건강 #라인 #라인댄스 #솔로 #독립  #노인  #요양 #병원  #교회  #성당  #절  #봄  #여름 #가을  #겨울  #동계 #하계  #발  #손 #몸  #목  #머리  #지압 #스포츠 #맛사지  #교통 #우회전  #사고  #접수  #렌트 #자동차  #기차  #화물차  #열차  #전동  #1  #10  #100  #1000 #10000 #1k  #10k #100k   #1t  #2t  #3T #온도 #보약  #서울  #경기 #김포  #신사  #공항  #신도시  #고속터미날  #공항버스 #관광  #여행   #유튜버  #무대  #공연  #방송 #촬영  #장비  #녹화  #비행기  #자동차 #선박  #배 #화물 #노동  #근로  #정부  #청사  #행정 #민원  #봉사  #와인  #리듬춤  #축하  #유튭  #10만 #20만 #100만 #실버  #실버버튼  #골드  #골드버튼  #스텝  #대박 #기원  #구독  #구독자 #좋아요  #애독  #노후  #요양  #병원  #휴양  #의사  #약사  #간호사  #간병  #암  #투병  #치유  #치료  #정신  #좋아요  #사랑  #케익  #초  #양초  #촛불  #잔치  #대구 #안경  #썬글라스  #달서구  #성서  #공단  #티타늄  #테  #가벼움  #시원함 #광고 #모델  #방송  #촬영  #방송국  #뉴스팀  #카메라  #장비  #식당  #카페  #커피  #맛  #멋  #맛집 #식당  #신세계  #대보  #삼겹살   #삼성  #사업  #체인  #가맹  #국가  #한국 #골프  #스윙 #노인  #건강  #보험  #복지 #체인 #가맹  #점포  #국밥  #현대옥  #미가옥  #콩나물  #천연  #리조트  #펜션  #하우스 #교통사고  #시장  #사즐모  #카페 #커피  #식당  #맛집 #삼성전자#삼겹살  #막창 #구이  #로블록스 #로또  #구매  #usa   #tv   #실버  #dance  #asmr  #art  #충남  #당진  #아메리카  #유럽  #아시아#소셜  #자이브  #댄싱  #룸바 #차차차 #바차타  #살사 #웰빙  #알탱 #탱고 #아르헨티나탱고  #메렝게 #스윙 #아메리카. #usa. #초원. #라틴.
#티벳
#dance #koreadance #jitterbugdance #jive #slowdance #Kdance  #asiadance  #socialdance 
 #트롯  #트롯트  #트롯댄스   #트롯춤  #트롯음악 #트롯노래          #트롯반주 #미스트롯춤  #미스터트롯댄스  #트롯백댄스 #트로트  #트로트댄스 #트로트노래  #트로트춤  #사교댄스  #지루박  #블루스  #트로트  #왈츠 #자이브 #룸바  #웰빙댄스  #생활체육 #콜라텍  #무도장  #바다  #바닷가  #해변 #해변지루박  #바닷가사교댄스  #해변의여인지루박  #대천해수욕장사교댄스 #춤리듬 #트롯노래    #조명 #사랑의춤  #활력의춤  #육체건강  #정신건강  #치매방지 #노화방지 #특별한운동 #건강운동 #노후운동 #커플댄스 #5060대취미 #댄스학원  #취미 #부부운동 #트로트노래 #즐거운 #실버운동 #실버티비 #실버댄스 #실버건강  #실버취미 #실버치매    #학교  #생활  #생활체육  #피트니스  #줌바 #아몽  #새싹삼 #미스트 #워크샵 #경남 #통영 #거제도 #소노캄 #리조트 #호텔 #화장품 #광고 #모델 #방송  #촬영  #출연 #메인 #대박 #기원 #오픈 #충남 #당진 #아미성콜라텍 #삽교호콜라텍 #바다 #외항. #항구. #갈매기. #회장. #전남. #담양. #메타세콰이아. #프로방스 #카페 #거리 #이야기 #관객 #요청 #버스킹 #무대 #공연#durecorder  #dog  #diy  #dailyvlog  #asmr  #art  #music #movie #india #instagram #indian #art #bachata  #comedy #edit #funny #gaming #happy  #jive #jitterbugdance #kdance  #love  #like #live #movie #music #new  #omletarcade #online  #pubgmobile  #quotes  #rocknroll  #shortsyoutube #shortvideo  #tango #tiktok #upsc  #usa  #zodiac #waltz #world  #xbox  #xml  #youtubeshorts #youtube #ytshorts #youtuber #경북 #상주 #리더스 #힐링 #경기 #성남 #분당 #모래내 #지루박 #지르박 #트로트 #유튜브 #콜라텍 #블루스 #생활체육 #취미 #치매방지 #트롯 #koreasocialdance #댄스 #춤 #막춤 #dance  #dog #전북 #전주 #토마토댄스 #박가희 ##전쟁 #미국 #러시아  #가스 #전기  #국제 #정치 #무기 #축구  #복싱  #격투  #토마토 #댄스 #토마토댄스 #지르박 #지루박 #블루스 #부르스 #트로트 #트롯 #트롯트 #도롯도 #캬바레 #무도장 #콜라텍 #사즐모 #블랙플 #사랑 #정모 

#목포 #광주 #전남 #전주 #김제 #전북 
#dance #koreadance #jitterbugdance #jive #slowdance #Kdance #asiadance #socialdance 
#춤리듬 #트롯노래 #화려한조명 #사랑의춤 #활력의춤 #육체건강 #정신건강 #치매방지 #노화방지 #특별한운동 
#다음 #네이버 #카카오 #밴드 #카페 #페이스북 #틱톡 #카톡 
#마이크로 #소프트웨어 #구글 #유튜브 #채널 #치매방지 #트롯 #트롯트 #트롯댄스 #트롯춤 #트롯음악 #트롯노래 #트롯반주 #미스트롯춤 #미스터트롯댄스 #트롯백댄스 #트로트 #트로트댄스 #트로트노래 #트로트춤 #건강운동 #노후운동 #커플댄스 #5060대취미 #댄스학원 #취미 #부부운동 #트로트노래  #즐거운운동 ##대한민국 #대한체육회 #유승민 #인권위원회 #법원 #서부 #폭도 #기자",UCAKxbjXBfld3O3xJaz6ouzQ,토마토댄스 Tomato dance,2025-02-01T10:20:00Z,22,0.37,True,16381,144,3,https://www.youtube.com/watch?v=0xc2QGV8k7A,424000,16496,PF245601,노인과 바다,한국음악(국악),국립극단 [명동] 명동예술극장,2024-09-13,2024-09-14,,,,none,none,2,False,False,2,no_strong_signal,해시태그 2개 카테고리 일치
eU0sgogsJDo,춤꾼과춤꾼 리듬지르박 8 K socialdance,"박가희원장 : 010-9733-5222 
전주주소 : 전주시 완산구 장승배기로 200.

후원계좌번호 : 농협 531810-52-129282 박순주(박가희)

#shorts. #shortvideo. #shortsfeed. #short. #shortsvideo. #shots.#shortvideos. #shortsyoutube.
#Koreasocialdance. #ktrot. #dance. #swing. #jive. #jitterbuk. #salsa. #bachata. #tango. #waltz. #rocknroll. #socialdancing.#Koreasocialdance. #토마토댄스. #지르박. #지루박. #블루스. #부르스. #트로트. #트롯. #트롯트. #도롯도. #캬바레. #무도장. #콜라텍. #사즐모. #블랙플. #사랑. #정모. #토마토. #댄스. #.




























































































 #사교댄스 #리듬댄스 #지루박 #콜라텍 #지르박 #트로트 #tiktok #박가희 #funny #gag ##조국. #여행. #일본. #유럽. #중국. #한국. #태국. #베트남. #인도네시아. #동남아. #프랑스. #영국. #독일. #미국. #911.#이강인. #손흥민. #윤석열. #이재명. #중국. #영국. #일본. #미국. #프랑스. #한국. #개그콘써트. #웃찾사. #품바. #각설이. #웃음. #행복. #어른. #노인. #만담. #코믹. #코메디. #comedy.  #comic. #gag. #엿장수. #배우. #연극. #무대공연.#관광. #여행. #붕어섬. #힐링. #캠프. #음악. #밴드. #킹스밴드. #신청. #막춤. #떼춤. #아줌마. #관광버스. #관광춤. #노인. #노래. #요양. #휴양.
#와인. #리듬춤. #축하. #유튭. #10만. #20만. #100만. #실버. #실버버튼. #골드. #골드버튼. #스텝. #대박. #기원. #구독. #구독자. #좋아요. #애독. #노후. #요양. #병원. #휴양. #의사. #약사. #간호사. #간병. #암. #투병. #치유. #치료. #정신. #좋아요. #사랑. #케익. #초. #양초. #촛불. #잔치.#서울. #경기. #김포. #신사. #공항. #신도시. #고속터미날.  #공항버스. #관광. #여행.  #유튜버. #무대. #공연. #방송. #촬영. #장비. #녹화. #비행기. #자동차. #선박. #배. #화물. #노동. #근로. #정부. #청사. #행정. #민원. #봉사.#막춤. #섹시. #섹쉬막춤. #사랑. #건강. #라인. #라인댄스. #솔로. #독립. #노인. #요양. #병원. #교회. #성당. #절. #봄. #여름. #가을. #겨울. #동계. #하계. #발. #손. #몸. #목. #머리. #지압. #스포츠. #맛사지. #교통. #우회전. #사고. #접수. #렌트. #자동차. #기차. #화물차. #열차. #전동. #1. #10. #100. #1000. #10000. #1k. #10k. 100k.  #1t. #2t. #3T. #온도. #보약.#시저. #개그. #콘써트. #유머. #극장. #코믹. #코메디. #품바. #엿장수. #풍물. #놀이. #놀이마당. #극단. #국악. #국립. #한옥마을. #한국. #노인. #개그콘써트. #개콘. #웃찾사. #티비. #뉴스. #전문. #춤신. #흥. #끼. #복합.#작가. #사진. #복사. #전주대. #전북대. #전북. #프로. #축구. #선수. #사기. #위암. #폐암. #치매. #햄. #구독. #좋아요. #유튭. #사고. #처리. #환경.
#대구. #안경. #썬글라스. #달서구. #성서. #공단. #티타늄. #테. #가벼움. #시원함. #광고. #모델. #방송. #촬영. #방송국. #뉴스팀. #카메라. #장비. #식당. #카페. #커피. #맛. #멋. #맛집. #식당. #신세계. #대보. #삼겹살. #삼성. #사업. #체인. #가맹. #국가. #한국. #골프. #스윙. #노인. #건강. #보험. #복지#체인. #가맹. #점포. #국밥. #현대옥. #미가옥. #콩나물. #천연. #리조트. #펜션. #하우스. #교통사고. #시장. #사즐모. #카페. #커피. #식당. #맛집. #삼성전자. #삼겹살. #막창. #구이. #로블록스. #로또. #구매. #usa.  #tv.  #실버. #dance. #asmr.  #art.  #충남. #당진. #아메리카. #유럽. #아시아#소셜. #자이브. #댄싱. #룸바. #차차차. #바차타. #살사. #웰빙. #알탱. #탱고. #아르헨티나탱고.  #메렝게. #스윙. #아메리카. #usa. #초원. #라틴.
#티벳.
#dance. #koreadance. #jitterbugdance. #jive. #slowdance. #Kdance. #asiadance. #socialdance.
 #트롯. #트롯트. #트롯댄스. #트롯춤. #트롯음악. #트롯노래. #트롯반주. #미스트롯춤. #미스터트롯댄스. #트롯백댄스. #트로트. #트로트댄스. #트로트노래. #트로트춤. #사교댄스. #지루박. #블루스. #트로트. #왈츠. #자이브. #룸바. #웰빙댄스. #생활체육. #콜라텍. #무도장. #바다. #바닷가. #해변. #해변지루박. #바닷가사교댄스. #해변의여인지루박. #대천해수욕장사교댄스. #춤리듬. #트롯노래. #조명. #사랑의춤. #활력의춤. #육체건강. #정신건강. #치매방지. #노화방지. #특별한운동. #건강운동. #노후운동. #커플댄스. #5060대취미. #댄스학원. #취미. #부부운동. #트로트노래. #즐거운. #실버운동. #실버티비. #실버댄스. #실버건강. #실버취미. #실버치매. #학교. #생활. #생활체육. #피트니스. #줌바.#아몽. #새싹삼. #미스트. #워크샵. #경남. #통영. #거제도. #소노캄. #리조트. #호텔. #화장품. #광고. #모델. #방송. #촬영. #출연. #메인. #대박. #기원. #오픈. #충남. #당진. #아미성콜라텍. #삽교호콜라텍. #바다. #외항. #항구. #갈매기. #회장. #전남. #담양. #메타세콰이아. #프로방스. #카페. #거리. #이야기. #관객. #요청. #버스킹. #무대. #공연#durecorder.  #dog.  #diy.  #dailyvlog.  #asmr.  #art.  #music. #movie. #india.  #instagram.  #indian. #art. #bachata.  #comedy.  # #edit. #funny.  #gaming. #happy.  #jive. #jitterbugdance.  #kdance.  #love.  #like.  #live. #movie. #music.  #new.  #omletarcade. #online .  #pubgmobile.  #quotes.  #rocknroll.  #shortsyoutube.  #shortvideo.  #tango.  #tiktok. #upsc.  #usa.  #zodiac.  #waltz. #world.  #xbox.  #xml.  #youtubeshorts. #youtube.  #ytshorts.  #youtuber.#경북. #상주. #리더스. #힐링. #경기. #성남. #분당. #모래내. #지루박. #지르박. #트로트. #유튜브. #콜라텍. #블루스. #생활체육. #취미. #치매방지. #트롯. #koreasocialdance. #댄스. #춤. #막춤. #dance.  #dog. #전북. #전주. #토마토댄스. #박가희. ##전쟁. #미국. #러시아. #가스. #전기. #국제. #정치. #무기. #축구. #복싱. #격투. #토마토.#댄스.#토마토댄스.#지르박.#지루박.#블루스.#부르스.#트로트.#트롯.#트롯트.#도롯도.#캬바레.#무도장.#콜라텍.#사즐모.#블랙플.#사랑.#정모.



#목포.#광주.#전남.#전주.#김제.#전북.
#dance.#koreadance.#jitterbugdance.#jive.#slowdance.#Kdance.#asiadance.#socialdance.
#건강운동.#노후운동.#커플댄스.#5060대취미.#댄스학원.#취미.#부부운동.#트로트노래.#즐거운운동.#트롯.#트롯트.#트롯댄스.#트롯춤.#트롯음악.#트롯노래.#트롯반주.#미스트롯춤.#미스터트롯댄스.#트롯백댄스.#트로트.#트로트댄스.#트로트노래.#트로트춤..#다음.#네이버.#카카오.#밴드.#카페.#페이스북.#틱톡.#카톡.
#마이크로.#소프트웨어.#구글.#유튜브.#채널.#치매방지.#춤리듬.#트롯노래.#화려한조명.#사랑의춤.#활력의춤.#육체건강.#정신건강.#치매방지.#노화방지.#특별한운동.",UCAKxbjXBfld3O3xJaz6ouzQ,토마토댄스 Tomato dance,2024-10-29T10:20:00Z,23,0.38,True,8124,93,1,https://www.youtube.com/watch?v=eU0sgogsJDo,424000,16496,PF245601,노인과 바다,한국음악(국악),국립극단 [명동] 명동예술극장,2024-09-13,2024-09-14,,,,none,none,2,False,False,2,no_strong_signal,해시태그 2개 카테고리 일치
LwtuDTxQyd0,춤꾼과춤꾼 리듬지르박 7 K socialdance,"박가희원장 : 010-9733-5222 
전주주소 : 전주시 완산구 장승배기로 200.

후원계좌번호 : 농협 531810-52-129282 박순주(박가희)

#shorts #shortvideo   #shortsfeed #short #shortsvideo #shots  #shortvideos  #shortsyoutube 
#Koreasocialdance #ktrot  #dance  #swing #jive  #jitterbuk #salsa. #bachata  #tango #waltz #rocknroll #socialdancing  #Koreasocialdance  #토마토댄스  #지르박  #지루박 #블루스  #부르스 #트로트  #트롯  #트롯트  #도롯도  #캬바레  #무도장  #콜라텍  #사즐모  #블랙플  #사랑  #정모  #토마토 #댄스 #탄핵 #국밥 #국민 #경찰  #검찰 ##특검  #국회   #헌법  #재판 #내란 ##공수처 #경호처 #체포 #영장 #서울 #경기 #김포 #신사 #공항 #신도시 #고속터미날 #공항버스 #관광 #여행 #유튜버 #무대 #공연 #방송 #촬영 #장비 #녹화 #비행기 #자동차 #선박 #배 #화물 #노동 #근로 #정부 #청사 #행정 #민원 #봉사 #와인 #리듬춤 #축하 #유튭 #10만 #20만 #100만 #실버 #실버버튼 #골드 #골드버튼 #스텝 #대박 



















































































#dance  #koreadance #jitterbugdance  #jive #slowdance #Kdance  #asiadance  #socialdance
 #트롯  #트롯트  #트롯댄스  #트롯춤  #트롯음악  #트롯노래 #트롯반주  #미스트롯춤 #미스터트롯댄스 #트롯백댄스 #트로트 #트로트댄스  #트로트노래  #트로트춤  #사교댄스 #지루박 #블루스 #트로트  #왈츠 #자이브 #룸바 #웰빙댄스 #생활체육 #콜라텍 #무도장 #바다 #바닷가 #해변 #해변지루박 #바닷가사교댄스 #해변의여인지루박 #대천해수욕장사교댄스 #춤리듬 #트롯노래 #조명 #사랑의춤 #활력의춤 #육체건강 #정신건강 #치매방지 #노화방지 #특별한운동 #건강운동 #노후운동 #커플댄스 #5060대취미 #댄스학원 #취미 #부부운동 #트로트노래 #즐거운 #실버운동 #실버티비 #실버댄스 #실버건강 #실버취미 #실버치매 #학교 #생활 #생활체육 #피트니스 #줌바

 #사교댄스 #리듬댄스 #지루박 #콜라텍 #지르박 #트로트 #tiktok #박가희 #funny  #gag  #조국  #여행  #일본  #유럽  #중국  #한국  #태국  #베트남  #인도네시아  #동남아  #프랑스  #영국  #독일. #미국  #911  #이강인  #손흥민  #윤석열  #이재명  #중국  #영국  #일본  #미국  #프랑스  #한국  #개그콘써트  #웃찾사  #품바   #각설이  #웃음  #행복  #어른  #노인  #만담  #코믹  #코메디  #comedy   #comic  #gag  #엿장수  #배우  #연극  #무대공연  #관광  #여행  #붕어섬  #힐링  #캠프  #음악  #밴드  #킹스밴드  #신청  #막춤  #떼춤  #아줌마  #관광버스 #관광춤  #노인  #노래  #요양  #휴양 
#작가  #사진  #복사  #전주대  #전북대  #전북 #프로  #축구  #선수  #사기  #위암  #폐암  #치매  #햄  #구독  #좋아요  #유튭  #사고  #처리 #환경 
#시저  #개그  #콘써트  #유머  #극장  #코믹  #코메디  #품바  #엿장수  #풍물  #놀이  #놀이마당  #극단  #국악  #국립 #한옥마을    #한국  #노인  #개그콘써트  #개콘 #웃찾사  #티비  #뉴스 #전문    #춤신  #흥  #끼 #복합 #막춤  #섹시 #섹쉬막춤  #사랑  #건강 #라인 #라인댄스 #솔로 #독립  #노인  #요양 #병원  #교회  #성당  #절  #봄  #여름 #가을  #겨울  #동계 #하계  #발  #손 #몸  #목  #머리  #지압 #스포츠 #맛사지  #교통 #우회전  #사고  #접수  #렌트 #자동차  #기차  #화물차  #열차  #전동  #1  #10  #100  #1000 #10000 #1k  #10k #100k   #1t  #2t  #3T #온도 #보약  #서울  #경기 #김포  #신사  #공항  #신도시  #고속터미날  #공항버스 #관광  #여행   #유튜버  #무대  #공연  #방송 #촬영  #장비  #녹화  #비행기  #자동차 #선박  #배 #화물 #노동  #근로  #정부  #청사  #행정 #민원  #봉사  #와인  #리듬춤  #축하  #유튭  #10만 #20만 #100만 #실버  #실버버튼  #골드  #골드버튼  #스텝  #대박 #기원  #구독  #구독자 #좋아요  #애독  #노후  #요양  #병원  #휴양  #의사  #약사  #간호사  #간병  #암  #투병  #치유  #치료  #정신  #좋아요  #사랑  #케익  #초  #양초  #촛불  #잔치  #대구 #안경  #썬글라스  #달서구  #성서  #공단  #티타늄  #테  #가벼움  #시원함 #광고 #모델  #방송  #촬영  #방송국  #뉴스팀  #카메라  #장비  #식당  #카페  #커피  #맛  #멋  #맛집 #식당  #신세계  #대보  #삼겹살   #삼성  #사업  #체인  #가맹  #국가  #한국 #골프  #스윙 #노인  #건강  #보험  #복지 #체인 #가맹  #점포  #국밥  #현대옥  #미가옥  #콩나물  #천연  #리조트  #펜션  #하우스 #교통사고  #시장  #사즐모  #카페 #커피  #식당  #맛집 #삼성전자#삼겹살  #막창 #구이  #로블록스 #로또  #구매  #usa   #tv   #실버  #dance  #asmr  #art  #충남  #당진  #아메리카  #유럽  #아시아#소셜  #자이브  #댄싱  #룸바 #차차차 #바차타  #살사 #웰빙  #알탱 #탱고 #아르헨티나탱고  #메렝게 #스윙 #아메리카. #usa. #초원. #라틴.
#티벳
#dance #koreadance #jitterbugdance #jive #slowdance #Kdance  #asiadance  #socialdance 
 #트롯  #트롯트  #트롯댄스   #트롯춤  #트롯음악 #트롯노래          #트롯반주 #미스트롯춤  #미스터트롯댄스  #트롯백댄스 #트로트  #트로트댄스 #트로트노래  #트로트춤  #사교댄스  #지루박  #블루스  #트로트  #왈츠 #자이브 #룸바  #웰빙댄스  #생활체육 #콜라텍  #무도장  #바다  #바닷가  #해변 #해변지루박  #바닷가사교댄스  #해변의여인지루박  #대천해수욕장사교댄스 #춤리듬 #트롯노래    #조명 #사랑의춤  #활력의춤  #육체건강  #정신건강  #치매방지 #노화방지 #특별한운동 #건강운동 #노후운동 #커플댄스 #5060대취미 #댄스학원  #취미 #부부운동 #트로트노래 #즐거운 #실버운동 #실버티비 #실버댄스 #실버건강  #실버취미 #실버치매    #학교  #생활  #생활체육  #피트니스  #줌바 #아몽  #새싹삼 #미스트 #워크샵 #경남 #통영 #거제도 #소노캄 #리조트 #호텔 #화장품 #광고 #모델 #방송  #촬영  #출연 #메인 #대박 #기원 #오픈 #충남 #당진 #아미성콜라텍 #삽교호콜라텍 #바다 #외항. #항구. #갈매기. #회장. #전남. #담양. #메타세콰이아. #프로방스 #카페 #거리 #이야기 #관객 #요청 #버스킹 #무대 #공연#durecorder  #dog  #diy  #dailyvlog  #asmr  #art  #music #movie #india #instagram #indian #art #bachata  #comedy #edit #funny #gaming #happy  #jive #jitterbugdance #kdance  #love  #like #live #movie #music #new  #omletarcade #online  #pubgmobile  #quotes  #rocknroll  #shortsyoutube #shortvideo  #tango #tiktok #upsc  #usa  #zodiac #waltz #world  #xbox  #xml  #youtubeshorts #youtube #ytshorts #youtuber #경북 #상주 #리더스 #힐링 #경기 #성남 #분당 #모래내 #지루박 #지르박 #트로트 #유튜브 #콜라텍 #블루스 #생활체육 #취미 #치매방지 #트롯 #koreasocialdance #댄스 #춤 #막춤 #dance  #dog #전북 #전주 #토마토댄스 #박가희 ##전쟁 #미국 #러시아  #가스 #전기  #국제 #정치 #무기 #축구  #복싱  #격투  #토마토 #댄스 #토마토댄스 #지르박 #지루박 #블루스 #부르스 #트로트 #트롯 #트롯트 #도롯도 #캬바레 #무도장 #콜라텍 #사즐모 #블랙플 #사랑 #정모 

#목포 #광주 #전남 #전주 #김제 #전북 
#dance #koreadance #jitterbugdance #jive #slowdance #Kdance #asiadance #socialdance 
#춤리듬 #트롯노래 #화려한조명 #사랑의춤 #활력의춤 #육체건강 #정신건강 #치매방지 #노화방지 #특별한운동 
#다음 #네이버 #카카오 #밴드 #카페 #페이스북 #틱톡 #카톡 
#마이크로 #소프트웨어 #구글 #유튜브 #채널 #치매방지 #트롯 #트롯트 #트롯댄스 #트롯춤 #트롯음악 #트롯노래 #트롯반주 #미스트롯춤 #미스터트롯댄스 #트롯백댄스 #트로트 #트로트댄스 #트로트노래 #트로트춤 #건강운동 #노후운동 #커플댄스 #5060대취미 #댄스학원 #취미 #부부운동 #트로트노래  #즐거운운동",UCAKxbjXBfld3O3xJaz6ouzQ,토마토댄스 Tomato dance,2025-01-17T10:20:00Z,23,0.38,True,3569,62,4,https://www.youtube.com/watch?v=LwtuDTxQyd0,424000,16496,PF245601,노인과 바다,한국음악(국악),국립극단 [명동] 명동예술극장,2024-09-13,2024-09-14,,,,none,none,2,False,False,2,no_strong_signal,해시태그 2개 카테고리 일치
Z-veXw0yu-8,춤꾼과춤꾼 리듬지르박 7 K socialdance,"박가희원장 : 010-9733-5222 
전주주소 : 전주시 완산구 장승배기로 200.

후원계좌번호 : 농협 531810-52-129282 박순주(박가희)

#shorts. #shortvideo. #shortsfeed. #short. #shortsvideo. #shots.#shortvideos. #shortsyoutube.
#Koreasocialdance. #ktrot. #dance. #swing. #jive. #jitterbuk. #salsa. #bachata. #tango. #waltz. #rocknroll. #socialdancing.#Koreasocialdance. #토마토댄스. #지르박. #지루박. #블루스. #부르스. #트로트. #트롯. #트롯트. #도롯도. #캬바레. #무도장. #콜라텍. #사즐모. #블랙플. #사랑. #정모. #토마토. #댄스. #.































































































 #사교댄스 #리듬댄스 #지루박 #콜라텍 #지르박 #트로트 #tiktok #박가희 #funny #gag ##조국. #여행. #일본. #유럽. #중국. #한국. #태국. #베트남. #인도네시아. #동남아. #프랑스. #영국. #독일. #미국. #911.#이강인. #손흥민. #윤석열. #이재명. #중국. #영국. #일본. #미국. #프랑스. #한국. #개그콘써트. #웃찾사. #품바. #각설이. #웃음. #행복. #어른. #노인. #만담. #코믹. #코메디. #comedy.  #comic. #gag. #엿장수. #배우. #연극. #무대공연.#관광. #여행. #붕어섬. #힐링. #캠프. #음악. #밴드. #킹스밴드. #신청. #막춤. #떼춤. #아줌마. #관광버스. #관광춤. #노인. #노래. #요양. #휴양.
#와인. #리듬춤. #축하. #유튭. #10만. #20만. #100만. #실버. #실버버튼. #골드. #골드버튼. #스텝. #대박. #기원. #구독. #구독자. #좋아요. #애독. #노후. #요양. #병원. #휴양. #의사. #약사. #간호사. #간병. #암. #투병. #치유. #치료. #정신. #좋아요. #사랑. #케익. #초. #양초. #촛불. #잔치.#서울. #경기. #김포. #신사. #공항. #신도시. #고속터미날.  #공항버스. #관광. #여행.  #유튜버. #무대. #공연. #방송. #촬영. #장비. #녹화. #비행기. #자동차. #선박. #배. #화물. #노동. #근로. #정부. #청사. #행정. #민원. #봉사.#막춤. #섹시. #섹쉬막춤. #사랑. #건강. #라인. #라인댄스. #솔로. #독립. #노인. #요양. #병원. #교회. #성당. #절. #봄. #여름. #가을. #겨울. #동계. #하계. #발. #손. #몸. #목. #머리. #지압. #스포츠. #맛사지. #교통. #우회전. #사고. #접수. #렌트. #자동차. #기차. #화물차. #열차. #전동. #1. #10. #100. #1000. #10000. #1k. #10k. 100k.  #1t. #2t. #3T. #온도. #보약.#시저. #개그. #콘써트. #유머. #극장. #코믹. #코메디. #품바. #엿장수. #풍물. #놀이. #놀이마당. #극단. #국악. #국립. #한옥마을. #한국. #노인. #개그콘써트. #개콘. #웃찾사. #티비. #뉴스. #전문. #춤신. #흥. #끼. #복합.#작가. #사진. #복사. #전주대. #전북대. #전북. #프로. #축구. #선수. #사기. #위암. #폐암. #치매. #햄. #구독. #좋아요. #유튭. #사고. #처리. #환경.
#대구. #안경. #썬글라스. #달서구. #성서. #공단. #티타늄. #테. #가벼움. #시원함. #광고. #모델. #방송. #촬영. #방송국. #뉴스팀. #카메라. #장비. #식당. #카페. #커피. #맛. #멋. #맛집. #식당. #신세계. #대보. #삼겹살. #삼성. #사업. #체인. #가맹. #국가. #한국. #골프. #스윙. #노인. #건강. #보험. #복지#체인. #가맹. #점포. #국밥. #현대옥. #미가옥. #콩나물. #천연. #리조트. #펜션. #하우스. #교통사고. #시장. #사즐모. #카페. #커피. #식당. #맛집. #삼성전자. #삼겹살. #막창. #구이. #로블록스. #로또. #구매. #usa.  #tv.  #실버. #dance. #asmr.  #art.  #충남. #당진. #아메리카. #유럽. #아시아#소셜. #자이브. #댄싱. #룸바. #차차차. #바차타. #살사. #웰빙. #알탱. #탱고. #아르헨티나탱고.  #메렝게. #스윙. #아메리카. #usa. #초원. #라틴.
#티벳.
#dance. #koreadance. #jitterbugdance. #jive. #slowdance. #Kdance. #asiadance. #socialdance.
 #트롯. #트롯트. #트롯댄스. #트롯춤. #트롯음악. #트롯노래. #트롯반주. #미스트롯춤. #미스터트롯댄스. #트롯백댄스. #트로트. #트로트댄스. #트로트노래. #트로트춤. #사교댄스. #지루박. #블루스. #트로트. #왈츠. #자이브. #룸바. #웰빙댄스. #생활체육. #콜라텍. #무도장. #바다. #바닷가. #해변. #해변지루박. #바닷가사교댄스. #해변의여인지루박. #대천해수욕장사교댄스. #춤리듬. #트롯노래. #조명. #사랑의춤. #활력의춤. #육체건강. #정신건강. #치매방지. #노화방지. #특별한운동. #건강운동. #노후운동. #커플댄스. #5060대취미. #댄스학원. #취미. #부부운동. #트로트노래. #즐거운. #실버운동. #실버티비. #실버댄스. #실버건강. #실버취미. #실버치매. #학교. #생활. #생활체육. #피트니스. #줌바.#아몽. #새싹삼. #미스트. #워크샵. #경남. #통영. #거제도. #소노캄. #리조트. #호텔. #화장품. #광고. #모델. #방송. #촬영. #출연. #메인. #대박. #기원. #오픈. #충남. #당진. #아미성콜라텍. #삽교호콜라텍. #바다. #외항. #항구. #갈매기. #회장. #전남. #담양. #메타세콰이아. #프로방스. #카페. #거리. #이야기. #관객. #요청. #버스킹. #무대. #공연#durecorder.  #dog.  #diy.  #dailyvlog.  #asmr.  #art.  #music. #movie. #india.  #instagram.  #indian. #art. #bachata.  #comedy.  # #edit. #funny.  #gaming. #happy.  #jive. #jitterbugdance.  #kdance.  #love.  #like.  #live. #movie. #music.  #new.  #omletarcade. #online .  #pubgmobile.  #quotes.  #rocknroll.  #shortsyoutube.  #shortvideo.  #tango.  #tiktok. #upsc.  #usa.  #zodiac.  #waltz. #world.  #xbox.  #xml.  #youtubeshorts. #youtube.  #ytshorts.  #youtuber.#경북. #상주. #리더스. #힐링. #경기. #성남. #분당. #모래내. #지루박. #지르박. #트로트. #유튜브. #콜라텍. #블루스. #생활체육. #취미. #치매방지. #트롯. #koreasocialdance. #댄스. #춤. #막춤. #dance.  #dog. #전북. #전주. #토마토댄스. #박가희. ##전쟁. #미국. #러시아. #가스. #전기. #국제. #정치. #무기. #축구. #복싱. #격투. #토마토.#댄스.#토마토댄스.#지르박.#지루박.#블루스.#부르스.#트로트.#트롯.#트롯트.#도롯도.#캬바레.#무도장.#콜라텍.#사즐모.#블랙플.#사랑.#정모.



#목포.#광주.#전남.#전주.#김제.#전북.
#dance.#koreadance.#jitterbugdance.#jive.#slowdance.#Kdance.#asiadance.#socialdance.
#건강운동.#노후운동.#커플댄스.#5060대취미.#댄스학원.#취미.#부부운동.#트로트노래.#즐거운운동.#트롯.#트롯트.#트롯댄스.#트롯춤.#트롯음악.#트롯노래.#트롯반주.#미스트롯춤.#미스터트롯댄스.#트롯백댄스.#트로트.#트로트댄스.#트로트노래.#트로트춤..#다음.#네이버.#카카오.#밴드.#카페.#페이스북.#틱톡.#카톡.
#마이크로.#소프트웨어.#구글.#유튜브.#채널.#치매방지.#춤리듬.#트롯노래.#화려한조명.#사랑의춤.#활력의춤.#육체건강.#정신건강.#치매방지.#노화방지.#특별한운동.",UCAKxbjXBfld3O3xJaz6ouzQ,토마토댄스 Tomato dance,2024-10-27T10:20:00Z,24,0.4,True,5078,63,1,https://www.youtube.com/watch?v=Z-veXw0yu-8,424000,16496,PF245601,노인과 바다,한국음악(국악),국립극단 [명동] 명동예술극장,2024-09-13,2024-09-14,,,,none,none,2,False,False,2,no_strong_signal,해시태그 2개 카테고리 일치
sqDtOa1GWhc,🍅미소가예쁜 리듬지르박 11 💕 Korean socialdance,"전주]토마토댄스
010-9733-5222

주소: 전주시 완산구 장승배기로200 세영빌딩6층.

#Koreasocialdance. #토마토댄스. #지르박. #지루박. #블루스. #부르스. #트로트. #트롯. #트롯트. #도롯도. #캬바레. #무도장. #콜라텍. #사즐모. #블랙플. #사랑. #정모. #토마토. #댄스. ##shorts. #shortvideo. #shortsfeed. #short. #shortsvideo. #shots.#shortvideos. #shortsyoutube.
#Koreasocialdance. #ktrot. #dance. #swing. #jive. #jitterbuk. #salsa. #bachata. #tango. #waltz. #rocknroll. #socialdancing.











































#개그콘써트. #웃찾사. #품바. #각설이. #웃음. #행복. #어른. #노인. #만담. #코믹. #코메디. #comedy.  #comic. #gag. #엿장수. #배우. #연극. #무대공연.#관광. #여행. #붕어섬. #힐링. #캠프. #음악. #밴드. #킹스밴드. #신청. #막춤. #떼춤. #아줌마. #관광버스. #관광춤. #노인. #노래. #요양. #휴양.
#작가. #사진. #복사. #전주대. #전북대. #전북. #프로. #축구. #선수. #사기. #위암. #폐암. #치매. #햄. #구독. #좋아요. #유튭. #사고. #처리. #환경.
#시저. #개그. #콘써트. #유머. #극장. #코믹. #코메디. #품바. #엿장수. #풍물. #놀이. #놀이마당. #극단. #국악. #국립. #한옥마을. #한국. #노인. #개그콘써트. #개콘. #웃찾사. #티비. #뉴스. #전문. #춤신. #흥. #끼. #복합.#막춤. #섹시. #섹쉬막춤. #사랑. #건강. #라인. #라인댄스. #솔로. #독립. #노인. #요양. #병원. #교회. #성당. #절. #봄. #여름. #가을. #겨울. #동계. #하계. #발. #손. #몸. #목. #머리. #지압. #스포츠. #맛사지. #교통. #우회전. #사고. #접수. #렌트. #자동차. #기차. #화물차. #열차. #전동. #1. #10. #100. #1000. #10000. #1k. #10k. 100k.  #1t. #2t. #3T. #온도. #보약.#서울. #경기. #김포. #신사. #공항. #신도시. #고속터미날.  #공항버스. #관광. #여행.  #유튜버. #무대. #공연. #방송. #촬영. #장비. #녹화. #비행기. #자동차. #선박. #배. #화물. #노동. #근로. #정부. #청사. #행정. #민원. #봉사.#와인. #리듬춤. #축하. #유튭. #10만. #20만. #100만. #실버. #실버버튼. #골드. #골드버튼. #스텝. #대박. #기원. #구독. #구독자. #좋아요. #애독. #노후. #요양. #병원. #휴양. #의사. #약사. #간호사. #간병. #암. #투병. #치유. #치료. #정신. #좋아요. #사랑. #케익. #초. #양초. #촛불. #잔치.#대구. #안경. #썬글라스. #달서구. #성서. #공단. #티타늄. #테. #가벼움. #시원함. #광고. #모델. #방송. #촬영. #방송국. #뉴스팀. #카메라. #장비. #식당. #카페. #커피. #맛. #멋. #맛집. #식당. #신세계. #대보. #삼겹살. #삼성. #사업. #체인. #가맹. #국가. #한국. #골프. #스윙. #노인. #건강. #보험. #복지#체인. #가맹. #점포. #국밥. #현대옥. #미가옥. #콩나물. #천연. #리조트. #펜션. #하우스. #교통사고. #시장. #사즐모. #카페. #커피. #식당. #맛집. #삼성전자. #삼겹살. #막창. #구이. #로블록스. #로또. #구매. #usa.  #tv.  #실버. #dance. #asmr.  #art.  #충남. #당진. #아메리카. #유럽. #아시아#소셜. #자이브. #댄싱. #룸바. #차차차. #바차타. #살사. #웰빙. #알탱. #탱고. #아르헨티나탱고.  #메렝게. #스윙. #아메리카. #usa. #초원. #라틴.
#티벳.
#아몽. #새싹삼. #미스트. #워크샵. #경남. #통영. #거제도. #소노캄. #리조트. #호텔. #화장품. #광고. #모델. #방송. #촬영. #출연. #메인. #대박. #기원. #오픈. #충남. #당진. #아미성콜라텍. #삽교호콜라텍. #바다. #외항. #항구. #갈매기. #회장. #전남. #담양. #메타세콰이아. #프로방스. #카페. #거리. #이야기. #관객. #요청. #버스킹. #무대. #공연#durecorder.  #dog.  #diy.  #dailyvlog.  #asmr.  #art.  #music. #movie. #india.  #instagram.  #indian. #art. #bachata.  #comedy.  # #edit. #funny.  #gaming. #happy.  #jive. #jitterbugdance.  #kdance.  #love.  #like.  #live. #movie. #music.  #new.  #omletarcade. #online .  #pubgmobile.  #quotes.  #rocknroll.  #shortsyoutube.  #shortvideo.  #tango.  #tiktok. #upsc.  #usa.  #zodiac.  #waltz. #world.  #xbox.  #xml.  #youtubeshorts. #youtube.  #ytshorts.  #youtuber.#경북. #상주. #리더스. #힐링. #경기. #성남. #분당. #모래내. #지루박. #지르박. #트로트. #유튜브. #콜라텍. #블루스. #생활체육. #취미. #치매방지. #트롯. #koreasocialdance. #댄스. #춤. #막춤. #dance.  #dog. #전북. #전주. #토마토댄스. #박가희. ##전쟁. #미국. #러시아. #가스. #전기. #국제. #정치. #무기. #축구. #복싱. #격투. 토마토댄스.#Ktrot.#koreasocialdance.#.#콜라텍.#지르박.#네이버tv.#카카오tv.#무도장.#캬바레.#트롯.#치매방지.#교통사고.#사교댄스.#취미.#생활체육.#유튜브.#트로트.#지루박.#블루스.#실버.#건강.#보험.#복지.#전주토마토댄스.#shorts.#shortvideo.#shortsfeed.#short.#shortsvideo.#shots.#shortvideos.#shortsyoutube.##다음.#네이버.#카카오.#밴드.#카페.#페이스북.#틱톡.#카톡.
#마이크로.#소프트웨어.#구글.#유튜브.#채널.#치매방지.
#시장.#농수산.#채소.#약.#병원.#요양병원.#요양원.#우울증.#조울증.#정신과.#교통사고.#분당.#성남#서울.#인천.#수원.#수도권.#코로나.#백신.#오디션.#아메리카갓.#티비.#모니터.#취미.#힐링.#치매방지.#암.#교통사고.#접수.#경기도.#강원도.#강릉.#속초.#원주.#동해.#제천.#충청도.#충청남도.#충청북도.#경상도.#경상남도.#경북.#대구.#부산.#구미.#마산.#통영.#한려수도.#독도.#전국체전.#제주도.#라이딩.#골프.#란딩.#클럽.#장애극복.#밀양.#민주당.#국힘.#국민의힘.#이재명.#이낙연.#일본.#미국.#선거.#드라마.#넷플릭스.#유튜브.#남성.#여성.#동성.#노인.#복지.#건강보험공단.#보험료.#자차.#대물.#보건복지.#문체부.#외교.#대선.
#목포.#광주.#전남.#전주.#김제.#전북.#dance.#koreadance.#jitterbugdance.#jive.#slowdance.#Kdance.#asiadance.#socialdance.
#바다.#바닷가.#해변.#해변지루박.#바닷가사교댄스.#파도치는해변의여인지루박.#대천해수욕장사교댄스.#트롯.#트롯트.#트롯댄스.#트롯춤.#트롯음악.#트롯노래.#트롯반주.#미스트롯춤.#미스터트롯댄스.#트롯백댄스.#트로트.#트로트댄스.#트로트노래.#트로트춤.#건강운동.#노후운동.#커플댄스.#5060대취미.#댄스학원.#취미.#부부운동.#트로트노래.#즐거운운동.#춤리듬.#트롯노래.#화려한조명.#사랑의춤.#활력의춤.#육체건강.#정신건강.#치매방지.#노화방지.#특별한운동.#댄스.#사교댄스.#지루박.#블루스.#트로트.#왈츠.#자이브.#룸바.#웰빙댄스.#생활체육.#콜라텍.#무도장.#실버운동.#실버티비.#실버댄스.#실버건강.#실버취미.#실버치매.#학교운동.#생활운동.#생활체육.#피트니스.#줌마운동.

#시장.#농수산.#채소.#약.#병원.#요양병원.#요양원.#우울증.#조울증.#정신과.#교통사고.#분당.#성남#서울.#인천.#수원.#수도권.#코로나.#백신.#오디션.#아메리카갓.#티비.#모니터.#취미.#힐링.#치매방지.#암.#교통사고.#접수.#경기도.#강원도.#강릉.#속초.#원주.#동해.#제천.#충청도.#충청남도.#충청북도.#경상도.#경상남도.#경북.#대구.#부산.#구미.#마산.#통영.#한려수도.#독도.#전국체전.#제주도.#라이딩.#골프.#란딩.#클럽.#장애극복.#밀양.#민주당.#국힘.#국민의힘.#이재명.#이낙연.#일본.#미국.#선거.#드라마.#넷플릭스.#유튜브.#남성.#여성.#동성.#노인.#복지.#건강보험공단.#보험료.#자차.#대물.#보건복지.#문체부.#외교.#대선.
#목포.#광주.#전남.#전주.#김제.#전북.#dance.#koreadance.#jitterbugdance.#jive.#slowdance.#Kdance.#asiadance.#socialdance.
#트롯.#트롯트.#트롯댄스.#트롯춤.#트롯음악.#트롯노래.#트롯반주.#미스트롯춤.#미스터트롯댄스.#트롯백댄스.#트로트.#트로트댄스.#트로트노래.#트로트춤.#댄스.#사교댄스.#지루박.#블루스.#트로트.#왈츠.#자이브.#룸바.#웰빙댄스.#생활체육.#콜라텍.#무도장.#바다.#바닷가.#해변.#해변지루박.#바닷가사교댄스.#파도치는해변의여인지루박.#대천해수욕장사교댄스.#춤리듬.#트롯노래.#화려한조명.#사랑의춤.#활력의춤.#육체건강.#정신건강.#치매방지.#노화방지.#특별한운동.#건강운동.#노후운동.#커플댄스.#5060대취미.#댄스학원.#취미.#부부운동.#트로트노래.#즐거운운동.#실버운동.#실버티비.#실버댄스. #. @SETIndia @paik_jongwon @uzuhama",UCAKxbjXBfld3O3xJaz6ouzQ,토마토댄스 Tomato dance,2023-09-26T06:20:00Z,33,0.55,True,15991,135,1,https://www.youtube.com/watch?v=sqDtOa1GWhc,424000,16496,PF245601,노인과 바다,한국음악(국악),국립극단 [명동] 명동예술극장,2024-09-13,2024-09-14,,,,none,none,2,False,False,2,no_strong_signal,해시태그 2개 카테고리 일치
_Em7Qi-6yZA,춤꾼과춤꾼 리듬지르박 K socialdance,"박가희원장 : 010-9733-5222 
전주주소 : 전주시 완산구 장승배기로 200.

후원계좌번호 : 농협 531810-52-129282 박순주(박가희)

#shorts #shortvideo   #shortsfeed #short #shortsvideo #shots  #shortvideos  #shortsyoutube 
#Koreasocialdance #ktrot  #dance  #swing #jive  #jitterbuk #salsa. #bachata  #tango #waltz #rocknroll #socialdancing  #Koreasocialdance  #토마토댄스  #지르박  #지루박 #블루스  #부르스 #트로트  #트롯  #트롯트  #도롯도  #캬바레  #무도장  #콜라텍  #사즐모  #블랙플  #사랑  #정모  #토마토 #댄스 #탄핵 #국밥 #국민 #경찰  #검찰 ##특검  #국회   #헌법  #재판 #내란 ##공수처 #경호처 #체포 #영장 #서울 #경기 #김포 #신사 #공항 #신도시 #고속터미날 #공항버스 #관광 #여행 #유튜버 #무대 #공연 #방송 #촬영 #장비 #녹화 #비행기 #자동차 #선박 #배 #화물 #노동 #근로 #정부 #청사 #행정 #민원 #봉사 #와인 #리듬춤 #축하 






























































































#dance  #koreadance #jitterbugdance  #jive #slowdance #Kdance  #asiadance  #socialdance
 #트롯  #트롯트  #트롯댄스  #트롯춤  #트롯음악  #트롯노래 #트롯반주  #미스트롯춤 #미스터트롯댄스 #트롯백댄스 #트로트 #트로트댄스  #트로트노래  #트로트춤  #사교댄스 #지루박 #블루스 #트로트  #왈츠 #자이브 #룸바 #웰빙댄스 #생활체육 #콜라텍 #무도장 #바다 #바닷가 #해변 #해변지루박 #바닷가사교댄스 #해변의여인지루박 #대천해수욕장사교댄스 #춤리듬 #트롯노래 #조명 #사랑의춤 #활력의춤 #육체건강 #정신건강 #치매방지 #노화방지 #특별한운동 #건강운동 #노후운동 #커플댄스 #5060대취미 #댄스학원 #취미 #부부운동 #트로트노래 #즐거운 #실버운동 #실버티비 #실버댄스 #실버건강 #실버취미 #실버치매 #학교 #생활 #생활체육 #피트니스 #줌바

 #사교댄스 #리듬댄스 #지루박 #콜라텍 #지르박 #트로트 #tiktok #박가희 #funny  #gag  #조국  #여행  #일본  #유럽  #중국  #한국  #태국  #베트남  #인도네시아  #동남아  #프랑스  #영국  #독일. #미국  #911  #이강인  #손흥민  #윤석열  #이재명  #중국  #영국  #일본  #미국  #프랑스  #한국  #개그콘써트  #웃찾사  #품바   #각설이  #웃음  #행복  #어른  #노인  #만담  #코믹  #코메디  #comedy   #comic  #gag  #엿장수  #배우  #연극  #무대공연  #관광  #여행  #붕어섬  #힐링  #캠프  #음악  #밴드  #킹스밴드  #신청  #막춤  #떼춤  #아줌마  #관광버스 #관광춤  #노인  #노래  #요양  #휴양 
#작가  #사진  #복사  #전주대  #전북대  #전북 #프로  #축구  #선수  #사기  #위암  #폐암  #치매  #햄  #구독  #좋아요  #유튭  #사고  #처리 #환경 
#시저  #개그  #콘써트  #유머  #극장  #코믹  #코메디  #품바  #엿장수  #풍물  #놀이  #놀이마당  #극단  #국악  #국립 #한옥마을    #한국  #노인  #개그콘써트  #개콘 #웃찾사  #티비  #뉴스 #전문    #춤신  #흥  #끼 #복합 #막춤  #섹시 #섹쉬막춤  #사랑  #건강 #라인 #라인댄스 #솔로 #독립  #노인  #요양 #병원  #교회  #성당  #절  #봄  #여름 #가을  #겨울  #동계 #하계  #발  #손 #몸  #목  #머리  #지압 #스포츠 #맛사지  #교통 #우회전  #사고  #접수  #렌트 #자동차  #기차  #화물차  #열차  #전동  #1  #10  #100  #1000 #10000 #1k  #10k #100k   #1t  #2t  #3T #온도 #보약  #서울  #경기 #김포  #신사  #공항  #신도시  #고속터미날  #공항버스 #관광  #여행   #유튜버  #무대  #공연  #방송 #촬영  #장비  #녹화  #비행기  #자동차 #선박  #배 #화물 #노동  #근로  #정부  #청사  #행정 #민원  #봉사  #와인  #리듬춤  #축하  #유튭  #10만 #20만 #100만 #실버  #실버버튼  #골드  #골드버튼  #스텝  #대박 #기원  #구독  #구독자 #좋아요  #애독  #노후  #요양  #병원  #휴양  #의사  #약사  #간호사  #간병  #암  #투병  #치유  #치료  #정신  #좋아요  #사랑  #케익  #초  #양초  #촛불  #잔치  #대구 #안경  #썬글라스  #달서구  #성서  #공단  #티타늄  #테  #가벼움  #시원함 #광고 #모델  #방송  #촬영  #방송국  #뉴스팀  #카메라  #장비  #식당  #카페  #커피  #맛  #멋  #맛집 #식당  #신세계  #대보  #삼겹살   #삼성  #사업  #체인  #가맹  #국가  #한국 #골프  #스윙 #노인  #건강  #보험  #복지 #체인 #가맹  #점포  #국밥  #현대옥  #미가옥  #콩나물  #천연  #리조트  #펜션  #하우스 #교통사고  #시장  #사즐모  #카페 #커피  #식당  #맛집 #삼성전자#삼겹살  #막창 #구이  #로블록스 #로또  #구매  #usa   #tv   #실버  #dance  #asmr  #art  #충남  #당진  #아메리카  #유럽  #아시아#소셜  #자이브  #댄싱  #룸바 #차차차 #바차타  #살사 #웰빙  #알탱 #탱고 #아르헨티나탱고  #메렝게 #스윙 #아메리카. #usa. #초원. #라틴.
#티벳
#dance #koreadance #jitterbugdance #jive #slowdance #Kdance  #asiadance  #socialdance 
 #트롯  #트롯트  #트롯댄스   #트롯춤  #트롯음악 #트롯노래          #트롯반주 #미스트롯춤  #미스터트롯댄스  #트롯백댄스 #트로트  #트로트댄스 #트로트노래  #트로트춤  #사교댄스  #지루박  #블루스  #트로트  #왈츠 #자이브 #룸바  #웰빙댄스  #생활체육 #콜라텍  #무도장  #바다  #바닷가  #해변 #해변지루박  #바닷가사교댄스  #해변의여인지루박  #대천해수욕장사교댄스 #춤리듬 #트롯노래    #조명 #사랑의춤  #활력의춤  #육체건강  #정신건강  #치매방지 #노화방지 #특별한운동 #건강운동 #노후운동 #커플댄스 #5060대취미 #댄스학원  #취미 #부부운동 #트로트노래 #즐거운 #실버운동 #실버티비 #실버댄스 #실버건강  #실버취미 #실버치매    #학교  #생활  #생활체육  #피트니스  #줌바 #아몽  #새싹삼 #미스트 #워크샵 #경남 #통영 #거제도 #소노캄 #리조트 #호텔 #화장품 #광고 #모델 #방송  #촬영  #출연 #메인 #대박 #기원 #오픈 #충남 #당진 #아미성콜라텍 #삽교호콜라텍 #바다 #외항. #항구. #갈매기. #회장. #전남. #담양. #메타세콰이아. #프로방스 #카페 #거리 #이야기 #관객 #요청 #버스킹 #무대 #공연#durecorder  #dog  #diy  #dailyvlog  #asmr  #art  #music #movie #india #instagram #indian #art #bachata  #comedy #edit #funny #gaming #happy  #jive #jitterbugdance #kdance  #love  #like #live #movie #music #new  #omletarcade #online  #pubgmobile  #quotes  #rocknroll  #shortsyoutube #shortvideo  #tango #tiktok #upsc  #usa  #zodiac #waltz #world  #xbox  #xml  #youtubeshorts #youtube #ytshorts #youtuber #경북 #상주 #리더스 #힐링 #경기 #성남 #분당 #모래내 #지루박 #지르박 #트로트 #유튜브 #콜라텍 #블루스 #생활체육 #취미 #치매방지 #트롯 #koreasocialdance #댄스 #춤 #막춤 #dance  #dog #전북 #전주 #토마토댄스 #박가희 ##전쟁 #미국 #러시아  #가스 #전기  #국제 #정치 #무기 #축구  #복싱  #격투  #토마토 #댄스 #토마토댄스 #지르박 #지루박 #블루스 #부르스 #트로트 #트롯 #트롯트 #도롯도 #캬바레 #무도장 #콜라텍 #사즐모 #블랙플 #사랑 #정모 

#목포 #광주 #전남 #전주 #김제 #전북 
#dance #koreadance #jitterbugdance #jive #slowdance #Kdance #asiadance #socialdance 
#춤리듬 #트롯노래 #화려한조명 #사랑의춤 #활력의춤 #육체건강 #정신건강 #치매방지 #노화방지 #특별한운동 
#다음 #네이버 #카카오 #밴드 #카페 #페이스북 #틱톡 #카톡 
#마이크로 #소프트웨어 #구글 #유튜브 #채널 #치매방지 #트롯 #트롯트 #트롯댄스 #트롯춤 #트롯음악 #트롯노래 #트롯반주 #미스트롯춤 #미스터트롯댄스 #트롯백댄스 #트로트 #트로트댄스 #트로트노래 #트로트춤 #건강운동 #노후운동 #커플댄스 #5060대취미 #댄스학원 #취미 #부부운동 #트로트노래  #즐거운운동 ##대한민국 #대한체육회 #유승민 #인권위원회 #법원 #서부 #폭도 #기자 나",UCAKxbjXBfld3O3xJaz6ouzQ,토마토댄스 Tomato dance,2025-02-08T10:20:00Z,30,0.5,True,9493,133,1,https://www.youtube.com/watch?v=_Em7Qi-6yZA,424000,16496,PF245601,노인과 바다,한국음악(국악),국립극단 [명동] 명동예술극장,2024-09-13,2024-09-14,,,,none,none,2,False,False,2,no_strong_signal,해시태그 2개 카테고리 일치
Kl8mUU9A5jk,노인과 바다: 진정한 승리는 바다가 아닌 자신과의 싸움이다,"어니스트 헤밍웨이의 명작 '노인과 바다'를 깊이 있게 분석해봅니다.

노인이 진정으로 이겨야 했던 것은 거대한 청새치가 아니라 자신의 한계와 두려움이었습니다.

이 영상에서는 작품 속에 숨겨진 인간 내면의 투쟁과 승리의 의미를 탐구합니다.

작품의 상징성과 문학적 가치를 이해하는 것은 물론, 현대인들에게 주는 메시지까지 함께 살펴보겠습니다.

구독과 좋아요는 더 나은 콘텐츠 제작에 큰 힘이 됩니다!

──────────────────────────────
📋 '챕터':
『00:00』 고독한 도전의 시작
『00:25』 청새치와의 3일 간의 사투
『00:48』 상어 떼의 무자비한 공격
『01:10』 빈 손으로의 귀항
『01:30』 다시 시작하는 꿈
──────────────────────────────",UCHFXgNNwWmRoXoKmtEoyC0w,Classic Shock - 고전을 깨우다,2025-07-10T09:07:20Z,112,1.87,False,6325,110,2,https://www.youtube.com/watch?v=Kl8mUU9A5jk,384,185,PF245601,노인과 바다,한국음악(국악),국립극단 [명동] 명동예술극장,2024-09-13,2024-09-14,,,,none,none,0,False,True,2,no_strong_signal,작품명이 따옴표/괄호로 명시적으로 인용됨
0dvkZTaL6ew,『노인과 바다』 작가 헤밍웨이 작품 한 권으로 끝내기,"🔔구독, 좋아요, 알림설정 띄링띄링🔔

▶민음사 인스타 https://www.instagram.com/minumsa_books
▶민음사 트위터 https://twitter.com/minumsa_books
▶민음사 페이스북 https://www.facebook.com/MinumsaBooks
▶민음사 블로그 https://blog.naver.com/minumworld

#민음사TV #책추천 #헤밍웨이",UCRbjtZUrNAQe7w5c03JCMXw,민음사TV,2023-02-01T08:15:00Z,58,0.97,True,28209,559,3,https://www.youtube.com/watch?v=0dvkZTaL6ew,533000,1185,PF245601,노인과 바다,한국음악(국악),국립극단 [명동] 명동예술극장,2024-09-13,2024-09-14,,,,none,none,0,False,True,2,no_strong_signal,작품명이 따옴표/괄호로 명시적으로 인용됨
7IcM9TyVFbo,"노력해도 결과가 처참할 때, 헤밍웨이가 건네는 독설 - 📖 노인과 바다","📖 노인과 바다 | 어니스트 헤밍웨이 | 1분 고전문학

결과가 뼈다귀뿐이라면, 그 투쟁은 실패한 것입니까?
《노인과 바다》는 부서질지언정 굴복하지 않는 인간의 숭고한 의지를 보여줍니다.
세상이 말하는 '성공'이 없어도, 당신의 싸움 그 자체가 이미 승리입니다.
—
📚 교양맨 — 고전이 말해주는 오늘의 이야기
매주 1분, 삶을 바꾸는 고전문학
👉 구독으로 더 많은 이야기를 받아보세요

#헤밍웨이 #노인과바다 #고전문학 #인문학 #자기계발

※ 이 컨텐츠는 시각적인 이해를 돕기 위해 AI 기술이 사용되었습니다.",UC-WBX8-mavshu-m9xMAzF4w,교양맨,2025-04-28T13:57:46Z,39,0.65,True,19527,219,3,https://www.youtube.com/watch?v=7IcM9TyVFbo,7560,68,PF245601,노인과 바다,한국음악(국악),국립극단 [명동] 명동예술극장,2024-09-13,2024-09-14,,,,none,none,0,False,True,2,no_strong_signal,작품명이 따옴표/괄호로 명시적으로 인용됨
W9Q-7pa2o5s,안 읽은 사람 없게 해주세요🙏🏻 - 『노인과 바다🧓🏻🌊』,"내 인생을 바꿔준 책 3/4 《노인과 바다》

@minumsaTV 
#스탠딩에그 #책추천 #인생소설 #노인과바다
#헤밍웨이",UCLpL59_S_VweDoY3kut93vw,STANDING EGG,2025-06-09T03:01:20Z,59,0.98,True,5063,73,0,https://www.youtube.com/watch?v=W9Q-7pa2o5s,216000,831,PF245601,노인과 바다,한국음악(국악),국립극단 [명동] 명동예술극장,2024-09-13,2024-09-14,,,,none,none,0,False,True,2,no_strong_signal,작품명이 따옴표/괄호로 명시적으로 인용됨
y0zWQJZejxw,가장 처절한 패배가 가장 위대한 승리가 된 이유 - 📖 노인과 바다,"📖 노인과 바다 | 어니스트 헤밍웨이 | 1분 고전문학

평생을 바쳐 거대한 물고기를 낚아 올렸지만, 돌아온 건 뼈다귀뿐입니다. 우리가 인생에서 겪는 수많은 시도도 사실 이와 다르지 않죠.
헤밍웨이는 이 짧은 이야기 속에서 '성공'이라는 달콤한 환상을 무참히 깨부숩니다. 열심히 한다고 해서 반드시 보상이 따라오는 것은 아니며, 때로는 세상이 내 노력을 완전히 짓밟아버리기도 합니다.
하지만 그럼에도 불구하고 다시 바다로 나가는 이유, 그것은 '결과'가 아닌 '버티는 과정' 자체가 인간의 존엄임을 증명하기 때문입니다. 
—
📚 교양맨 — 고전이 말해주는 오늘의 이야기
매주 1분, 삶을 바꾸는 고전문학
👉 구독으로 더 많은 이야기를 받아보세요

#노인과바다 #헤밍웨이 #자기계발 #인생조언 #회복탄력성 #고전문학 #교양맨

※ 이 컨텐츠는 시각적인 이해를 돕기 위해 AI 기술이 사용되었습니다.",UC-WBX8-mavshu-m9xMAzF4w,교양맨,2026-05-26T21:05:29Z,79,1.32,False,8522,295,5,https://www.youtube.com/watch?v=y0zWQJZejxw,7560,68,PF245601,노인과 바다,한국음악(국악),국립극단 [명동] 명동예술극장,2024-09-13,2024-09-14,,,,none,none,0,False,False,0,no_strong_signal,신호 없음
nteeqzjY15I,"[오! 나의 파트,너] 눈물샘 자극하는 감성! 노인과 바다의 ＜눈물＞ 20200530",★★★More“oh my partner”clips are available★★★ WAVVE https://www.wavve.com/player/vod?programid=M_TMP0107 iMBC http://www.imbc.com/broad/tv/ent/ohmypart/vod,UCiBr0bK06imaMbLc8sAEz0A,MBCentertainment,2020-05-30T13:02:47Z,213,3.55,False,86726,605,115,https://www.youtube.com/watch?v=nteeqzjY15I,9220000,114221,PF245601,노인과 바다,한국음악(국악),국립극단 [명동] 명동예술극장,2024-09-13,2024-09-14,,,,none,none,0,False,False,0,no_strong_signal,신호 없음
SQ_pXA0Fjtk,"[노인과바다] 영어 직독직해 원서 읽기 | 노벨 문학상과 퓰리처상에 빛나는 패배하지 않는 인간에 대한 영문학 고전 | 헤밍웨이의 ""The Old Man and The Sea""","[노인과바다] 영어 직독직해 원서 읽기 | 노벨 문학상과 퓰리처상에 빛나는 패배하지 않는 인간에 대한 영문학 고전 | 헤밍웨이의 ""The Old Man and The Sea"" 

#영어직독직해 #영어고전 #영어 #영어회화 #원서오디오북 #영어인문학 #영어말하기 #영어공부 #영어혼자공부 #영문학고전 #영어스피킹 #영어원서읽기 #영어소설 #노인과바다 #노인과바다원서 #헤밍웨이 #노벨문학상원서 #퓰리처상원서
#영어초보 #영어기초문법 #영국영어 #미국영어 #영어소설직독직해 #영어독해 #매일영어공부 #10분영어 #기초문법 #영어공부시작 #소설로영어공부하기 #영어원서추천",UC0oSn6ZpBnPy1yuJngBLshw,하루한장 영어원서,2024-01-24T03:44:46Z,35,0.58,True,1347,21,0,https://www.youtube.com/watch?v=SQ_pXA0Fjtk,7430,577,PF245601,노인과 바다,한국음악(국악),국립극단 [명동] 명동예술극장,2024-09-13,2024-09-14,,,,none,none,0,False,True,2,no_strong_signal,작품명이 따옴표/괄호로 명시적으로 인용됨
-AxALNpDf_E,#제주 #서귀포 #베네치아호텔 #바다뷰 #새섬 #새연교 #이중섭거리 겁나 좋음 #JEJU #쇼츠 #쇼츠박스 #shortsbox #shorts #여행브이로그 #여행,,UCmS__uxugWEuTnyLWFtv8Xg,권지영kjy,2023-04-14T15:00:00Z,30,0.5,True,589,,2,https://www.youtube.com/watch?v=-AxALNpDf_E,2210,1471,PF271791,이중섭 [제주 서귀포],서양음악(클래식),서귀포예술의전당 대극장,2025-09-12,2025-09-13,,,,none,none,0,False,False,-3,delete_candidate,무관 해시태그 발견
74esyKQEO8I,70년 만의 귀향…서귀포에서 ‘이중섭 특별전’ / KBS 2021.09.07.,"삼성 일가에서 기증한 고 이건희 삼성 회장의 개인소장 미술품들이 전국 각지에서 큰 관심을 끌고 있죠. 한국 근대미술을 대표하는 '천재 화가' 이중섭과 그 가족의 추억이 담긴 원화들이 화가가 꿈꾸던 안식처, 제주에서도  70년 만에 처음으로 공개됐습니다.

 민소영 기자가 소개합니다.

 [리포트]

 하얀 새를 잡으려다 놓치고 발라당 누워있는 아이들.

 뚜렷한 색의 대비 속에 생동감과 리듬감이 느껴집니다.

 가난 탓에 가족을 일본으로 떠나보내야 했던  아버지 이중섭.

 현해탄을 사이에 두고 떨어져 사는 가족을 바닷속 물고기가 이어줍니다.

 물고기를 잡는 아이가 담긴 편지 속 그림에도 가족을 향한 그리움이 묻어나옵니다.

 고 이건희 회장의 별세 후, 삼성 일가에서 기증한 작가의 작품 12점이 70년 만에 대중 앞에 모습을 드러냈습니다.

 화가의 대표작 가운데 하나인 섶섬이 보이는 풍경.

 피란 중 가족과 서귀포에 살면서 그린 작품에는 전쟁의 참혹함 대신, 평온한 마을이 담겼습니다.

 이중섭미술관에서는 작품 속 '섶섬이 보이는 풍경'과  실제 모습을 이처럼 비교하며 볼 수도 있습니다. 

 올해로 100세가 된 이중섭 작가의 배우자가 일본에서 축전을 보내오기도 했습니다.

 이중섭미술관은 다양한 이중섭의 원화를 품을 수 있도록 2024년까지 미술관을 대대적으로 신축할 계획입니다.

 [전은자/이중섭미술관 학예연구사 : ""서귀포하고 관련 있는 작품들을 보시면서, 이중섭의 예술세계와 더불어 이중섭의 삶, 인간성이라던가 이런 것까지 같이 돌아볼 수 있는 계기가 되리라 생각합니다.""]

 '70년 만의 귀향' 이중섭 특별전은 내년 3월 6일까지 관람객을 맞이합니다.

 KBS 뉴스 민소영입니다.

 촬영기자:허수곤/그래픽:박미나

▣ KBS 기사 원문보기 : http://news.kbs.co.kr/news/view.do?ncd=5273708

▣ 제보 하기
◇ 카카오톡 : 'KBS제보' 검색
◇ 전화 : 02-781-1234
◇ 홈페이지 : https://goo.gl/4bWbkG
◇ 이메일 : kbs1234@kbs.co.kr

#고이건희컬렉션 #제주 #이중섭특별전",UCcQTRi69dsVYHN3exePtZ1A,KBS News,2021-09-06T23:30:26Z,131,2.18,False,2167,13,2,https://www.youtube.com/watch?v=74esyKQEO8I,3660000,460678,PF271791,이중섭 [제주 서귀포],서양음악(클래식),서귀포예술의전당 대극장,2025-09-12,2025-09-13,,,,none,none,0,False,False,0,no_strong_signal,신호 없음
YnmRsaI_yxY,#제주서귀포맛집 #중섭이네식당 #돌문어덮밥 클라쓰 #JMT #정갈한음식 #14000원의행복 #이중섭거리 #쇼츠 #쇼츠박스 #shortsbox #shorts #여행브이로그 #여행,,UCmS__uxugWEuTnyLWFtv8Xg,권지영kjy,2023-04-10T15:00:18Z,60,1.0,True,1754,,4,https://www.youtube.com/watch?v=YnmRsaI_yxY,2210,1471,PF271791,이중섭 [제주 서귀포],서양음악(클래식),서귀포예술의전당 대극장,2025-09-12,2025-09-13,,,,none,none,0,False,False,-3,delete_candidate,무관 해시태그 발견
-kRQ9AvNMNQ,"이중섭거리, 생가 #제주도 #여행  #쇼츠 #history #추억 #서귀포시","제주 서귀포의 따스한 햇살 아래, 이중섭 작가의 숨결이 살아 숨 쉬는 거리와 생가를 거닐고 왔습니다.
​길가 벽면에 그려진 작가의 작품들을 보며 그가 가졌던 천진난만한 시선과 가족을 향한 애틋한 그리움을 다시금 느낍니다. 여러분의 마음에도 이중섭 작가의 순수한 아름다움이 잠시 머물다 가기를 바랍니다.

​📍 위치: 제주특별자치도 서귀포시 이중섭로 (이중섭 거리 및 생가)
📸 촬영: klife",UC2RUwjua84C3g8ezYegEinA,KLIFE,2026-03-28T11:46:10Z,33,0.55,True,1031,6,3,https://www.youtube.com/watch?v=-kRQ9AvNMNQ,172,112,PF271791,이중섭 [제주 서귀포],서양음악(클래식),서귀포예술의전당 대극장,2025-09-12,2025-09-13,,,,none,none,0,False,False,-3,delete_candidate,무관 해시태그 발견
RgnSsI3uEXI,이중섭화가 산책로 #이중섭 #산책로 #여행 #shorts #쇼츠,,UC2jhk5FGAUxD6ec8V-1kMLw,상상현실,2023-08-09T15:08:26Z,34,0.57,True,635,3,0,https://www.youtube.com/watch?v=RgnSsI3uEXI,6,54,PF271791,이중섭 [제주 서귀포],서양음악(클래식),서귀포예술의전당 대극장,2025-09-12,2025-09-13,,,,none,none,0,False,False,-3,delete_candidate,무관 해시태그 발견
FG24SzPEyC4,철거 앞둔 이중섭 미술관‥ 마지막 전시 열린다,"제주MBC 공식 유튜브 채널입니다.
제보는 MBC!!
카카오톡: 제주MBC
홈페이지: http://jejumbc.com
전화:064-740-2000(밤시간 음주전화 금지)",UC5YM8Ln-4iMBR9ZEqcDN5kw,제주MBC NEWS,2024-06-23T11:31:23Z,47,0.78,True,3500,29,5,https://www.youtube.com/watch?v=FG24SzPEyC4,194000,45949,PF271791,이중섭 [제주 서귀포],서양음악(클래식),서귀포예술의전당 대극장,2025-09-12,2025-09-13,,,,none,none,0,False,False,0,no_strong_signal,신호 없음
KbVm3DqweYc,오직 화가 이중섭을 위한 카페!ㅣ이중섭 거리ㅣ여행다녀왔습니다,"따뜻한 분위기의 이색 카페 '중섭의 집' 다녀왔습니다
걸어서 4분거리에 실제 화가 이중섭이 살았던 집과 미술관도 구경하기 좋아요!🎨

메뉴 이름이 신기했는데 알고보니
이중섭의 작품 명을 따온거라고 해요...오오•̀.̫•́✧

#1분국내여행 #국내여행 #여행다녀왔습니다

-------------------------------------------

어제도, 오늘도 #여행다녀왔습니다
여행다녀왔습니다의 영상을 빨리 보고 싶으시다면!👇

구독, 좋아요, 알림설정은 사랑입니다❣

유튜브 구독하기 : https://www.youtube.com/@travelmenu1
인스타그램 : https://www.instagram.com/travelmenu1/
페이스북 : https://www.facebook.com/travelmenu1


#중섭의집 #제주여행 #제주카페 #제주카페추천 #여행다녀왔습니다",UCHETzOeRiJtOELiAEF8IUjw,여행다녀왔습니다,2023-05-24T08:00:15Z,56,0.93,True,785,9,0,https://www.youtube.com/watch?v=KbVm3DqweYc,535,106,PF271791,이중섭 [제주 서귀포],서양음악(클래식),서귀포예술의전당 대극장,2025-09-12,2025-09-13,,,,none,none,0,False,False,0,no_strong_signal,신호 없음
1p40DzPTkFY,관광객은 모르는 제주 도민의 족발 맛집! 식육점이지만 생고기보다 족발이 더 잘팔리는 특별한 식육점! 수덕 식육점을 아시나요? #shorts,,UCj4V8fVX9w5ViEt-QYsdaeQ,도민이의 제주맛집,2025-01-14T02:54:06Z,23,0.38,True,162522,1461,81,https://www.youtube.com/watch?v=1p40DzPTkFY,15200,708,PF271791,이중섭 [제주 서귀포],서양음악(클래식),서귀포예술의전당 대극장,2025-09-12,2025-09-13,,,,none,none,0,False,False,0,no_strong_signal,신호 없음
9gTt7HJpgy4,"이중섭거리, 서귀포 오마카세 맛집 오마제주, 쇠소깍 흑돼지 특수부위 맛집 착한괴기 / 22년 겨울 제주여행","이중섭거리, 서귀포 오마카세 맛집 오마제주, 쇠소깍 흑돼지 특수부위 맛집 착한괴기 / 22년 겨울 제주여행

서귀포 오마카세 맛집 오마제주,
https://blog.naver.com/honestsg/222948433328

쇠소깍 흑돼지 특수부위 맛집 착한괴기
https://blog.naver.com/honestsg/222951725322",UCTHwMHUzbBgv8GOxuTRAB7Q,맛집이쥬,2023-01-14T02:03:44Z,845,14.08,False,1196,33,2,https://www.youtube.com/watch?v=9gTt7HJpgy4,1260,502,PF271791,이중섭 [제주 서귀포],서양음악(클래식),서귀포예술의전당 대극장,2025-09-12,2025-09-13,,,,none,none,0,False,False,0,no_strong_signal,신호 없음
YCSwjyp_E8M,"제주를 사랑한 예술가들 - 김영갑갤러리, 이중섭거리","제주를 사랑한 예술가들 - 김영갑갤러리, 이중섭거리

2021년 봄, 제주 여행 마지막 영상!
이번 영상에서는 제주를 사랑한 예술가들 이야기입니다.
루게릭병으로 죽어가는 와중에도
오로지 제주의 오름만을 카메라에 담았던 사진작가 김영갑,
한국전쟁 때 가족들과 제주에서 피란생활을 했던
한국의 대표 화가 이중섭의 흔적을 찾아가보았어요.

[김영갑갤러리두모악]
제주 서귀포시 성산읍 삼달로 137

[이중섭거리]
제주 서귀포시 이중섭로 29 

*이번 영상에서도 멋진 구도는 모두 @행성씨  작품입니다🥰

—————————————————————

🎥*Camera*
DJI OSMO Pocket
iPhone 11pro

🎼*Music*
Epidemic Sound

🎬*Editing*
Finalcut Pro 
Luma Fusion

#제주여행 #김영갑갤러리 #이중섭거리",UCfaIYrsqPiIBLssvCtxivCg,디아의 방랑일기 Dia's Journal,2021-05-09T05:29:02Z,323,5.38,False,898,66,13,https://www.youtube.com/watch?v=YCSwjyp_E8M,12600,82,PF271791,이중섭 [제주 서귀포],서양음악(클래식),서귀포예술의전당 대극장,2025-09-12,2025-09-13,,,,none,none,0,False,False,0,no_strong_signal,신호 없음
q53fm8O-3Yc,[혼저옵서예]_😎가고싶은 골목 이야기 (낭만골목) - 이중섭거리😎,"#jibs #제주방송 #제주 #jeju #혼저옵서예

[혼저옵서예]_😎가고싶은 골목 이야기 (낭만골목) - 이중섭거리😎
2022-10-28

• 구독하기(무료)  https://www.youtube.com/channel/UCG98...
▸ 홈페이지    https://www.jibs.co.kr  
▸ 페이스북    https://www.facebook.com/JIBSjeju
▸ JIBS 뉴스   https://www.youtube.com/channel/UCisE...
▸ JIBS 스페셜 https://www.youtube.com/channel/UCLyM...
▸ 힐링 아일랜드 https://www.youtube.com/channel/UCcLy...
▸ 비즈니스 문의 jibsplus2@jibs.co.kr
※ 저작권 공지 (Copyright) - 불법 다운로드 및 상업적 사용을 금지합니다",UCG98S1ZsO6W_Tsk2_8fu-pg,JIBS 엔터테인먼트,2022-10-28T04:30:41Z,761,12.68,False,244,7,1,https://www.youtube.com/watch?v=q53fm8O-3Yc,2990,1577,PF271791,이중섭 [제주 서귀포],서양음악(클래식),서귀포예술의전당 대극장,2025-09-12,2025-09-13,,,,mismatch,none,0,False,False,-2,delete_candidate,날짜 불일치(다른 회차 가능성)
bZYrxvYgvRU,#제주 #서귀포시 #이중섭거리 #오션팰리스호텔 #823호 #객실내부모습,,UCKn7mV-_Pv8HYdjYL6hg2cQ,그림아저씨 기무하니,2023-06-09T03:50:29Z,54,0.9,True,692,11,0,https://www.youtube.com/watch?v=bZYrxvYgvRU,196,386,PF271791,이중섭 [제주 서귀포],서양음악(클래식),서귀포예술의전당 대극장,2025-09-12,2025-09-13,,,,none,none,0,False,False,0,no_strong_signal,신호 없음
k6bTmoFzr5Y,"이중섭 미술관,거리,생가  스케치 (제주도 서귀포시)","이중섭 미술관,거리,생가  스케치 (제주도 서귀포시)",UC3SgRfa2rsXxNjIkZModo4w,채널비전TV,2020-03-24T09:32:53Z,126,2.1,False,1575,3,1,https://www.youtube.com/watch?v=k6bTmoFzr5Y,188,370,PF271791,이중섭 [제주 서귀포],서양음악(클래식),서귀포예술의전당 대극장,2025-09-12,2025-09-13,,,,none,none,0,False,False,0,no_strong_signal,신호 없음
8IzJTWG4qcY,서귀포가볼만한곳 이중섭거리 제주감성소품샵 테디제주 서귀포매일올레시장,"이글이글 태양빛이 강렬해서 눈을 뜰 수 없을 정도지만 8월을 향한 젊음들은 생기발랄한 채 제주바다를 누비고 있는 7월 마지막 주입니다. 

오늘 영상은 제주도에서의 마지막 일정이었던 서귀포 이중섭거리와 서귀포매일올레시장 그리고 테디제주 소품점 이야기입니다 네이버에서 바이올레를 검색하면 나오는 선물샵으로 현재는 테디제주로 상호가 변경되었고 1984년부터 지금까지 테디베어만을 만든 조안오작가와의 협업으로 특별한 캐릭터 제품으로 새로운 제주도의 문화로 잡아가는 집념의 유용기 사장님과 소품샵의 모습들을 담아 보았습니다

제주 서귀포 명동거리의 뒷골목은 화가 이중섭의 마음의 고향이기도 합니다. 6.25 전쟁 후 타지를 전전하다 제주로 내려온 이중섭 화백은 어려움속에서도 가족들과 행복한 순간을 보냈던 서귀포가 그의 인생에서 가장 소중한 시간이었다고 합니다. 저도 역시 오래된 마을인 명동로 거리를 걷자니 웬지모를 그리움과 감성 아련한 추억에 잠기게 되었고...

테디제주(바이올레)
제주특별자치도 서귀포시 이중섭로 2 
전화 : 064-7631134
영업시간 : 오전10~오후10시(365일 영업)",UCYACJb6f2neZWvJVh7x9Asg,kim's travel story,2022-07-28T23:46:45Z,497,8.28,False,2249,20,20,https://www.youtube.com/watch?v=8IzJTWG4qcY,20200,527,PF271791,이중섭 [제주 서귀포],서양음악(클래식),서귀포예술의전당 대극장,2025-09-12,2025-09-13,,,,none,none,0,False,False,0,no_strong_signal,신호 없음
dvI4YxKUbfA,"삼성가, 이중섭 원화 12점 제주도에 기증 ...9월 일반에 공개 / YTN","고 이건희 삼성 회장이 보유하고 있던 천재 화가 이중섭의 원화 12점이 제주도에 기증됐습니다.

제주도는 고 이건희 회장의 유족인 삼성가로부터 이중섭 화가의 대표작품 12점을 기증받아 서귀포 이중섭미술관에 소장한다고 밝혔습니다.

기증 작품에는 1951년 이중섭 화가가 가족과 함께 서귀포에 머물며 남겼던 '섶섬이 보이는 풍경'과 '해변의 가족' 등 유화 6점과 수채화 1점이 포함됐습니다.

또 일본에서 활동하던 시설 당시 연인이었던 이남덕 여사에게 보냈던 1940년대 엽서화 3점과 서귀포와 관련이 있는 가족과 물고기, 아이들을 모티브로 1950년대에 제작한 은지화 2점도 함께 전달됐습니다.

기증 작품들은 이중섭 화가의 기일인 9월 6일을 전후로 특별전시회를 통해 일반에게 공개될 예정입니다.


※ '당신의 제보가 뉴스가 됩니다' YTN은 여러분의 소중한 제보를 기다립니다.
[카카오톡] YTN을 검색해 채널 추가 [전화] 02-398-8585 [메일] social@ytn.co.kr [온라인 제보] www.ytn.co.kr

▶ 기사 원문 : https://www.ytn.co.kr/_ln/0115_202104291131181318
▶ 제보 하기 : https://mj.ytn.co.kr/mj/mj_write.php

▣ YTN 유튜브 채널 구독 : http://goo.gl/Ytb5SZ

ⓒ YTN & YTN plus 무단 전재 및 재배포금지",UChlgI3UHCOnwUGzWzbJ3H5w, YTN,2021-04-29T09:32:37Z,38,0.63,True,1045,8,0,https://www.youtube.com/watch?v=dvI4YxKUbfA,5370000,967689,PF271791,이중섭 [제주 서귀포],서양음악(클래식),서귀포예술의전당 대극장,2025-09-12,2025-09-13,,,,none,none,0,False,False,0,no_strong_signal,신호 없음
kUlGrGQqIuI,"이중섭미술관 ""이건희 컬렉션 이중섭 특별전""에 다녀왔습니다. - 제주렌트카와 제주여행 [016]","인스타 사진 맛집을 찾아 제주렌트카가
커피를 좋아하는 두남자와 함께 제주여행을 다닙니다.

고 이건희 회장이 컬렉션했던 이중섭의 작품들이
제주로 왔다고 해요.

""이건희 컬렉션 이중섭 특별전""이 열리고 있는
이중섭 미술관을 다녀왔습니다.

이중섭 거리도 함께 소개해요.

#제주렌트카 타고 #제주여행 #이건희컬렉션이중섭특별전 #이중섭거리

-------------------------------------------------------------------------
■ 촬영장비
insta360 GO2

■ 제주렌트카 예약하기
https://www.jejurentcar.co.kr/",UCXmZzNH3aGzQ0yEI-lbz3lg,제주렌트카,2021-09-30T03:26:44Z,385,6.42,False,146,17,0,https://www.youtube.com/watch?v=kUlGrGQqIuI,4500,283,PF271791,이중섭 [제주 서귀포],서양음악(클래식),서귀포예술의전당 대극장,2025-09-12,2025-09-13,,,,none,none,0,False,False,0,no_strong_signal,신호 없음
mFrsdD9oVtQ,서귀포 이중섭 미술관 기획전시 : 이중섭 친구들의 화원,"나라 없는 암흑기, 이중섭과 활동한 화가들

서귀포 이중섭 미술관에서 오는 5월 21일까지
기획전시실에서 소장품전 ‘이중섭 친구들의 화원’이 전시됩니다.

현대 미술 1세대를 대표하는 작가 24명의 24점의 작품

동시대 작가의 회화 작품을 통해 한국미술의 
발전사를 선보이는데 그치지 않고
이중섭의 동료 화가나 평론가, 문학인이 
바라본 ‘화가 이중섭’에 대한 이야기도 함께 소개합니다.

이중섭과 관련한, ‘어려웠던 시기’에 탄생한 작품 등 
풍성한 볼거리를 통해 코로나로 일상에 
지친 시민들이 치유와 위로의 시간을 갖기 바랍니다.",UCNI4WSmTUwb0a63BvU8KcWg,서귀포시청,2021-03-15T09:23:18Z,181,3.02,False,339,23,6,https://www.youtube.com/watch?v=mFrsdD9oVtQ,6700,1211,PF271791,이중섭 [제주 서귀포],서양음악(클래식),서귀포예술의전당 대극장,2025-09-12,2025-09-13,,,,none,none,0,False,False,0,no_strong_signal,신호 없음
AyWSbtjCyJM,[제주호텔]이중섭거리에 호텔을 고르니 잠깐 산책해도 눈호강/카페맛집..모두 호텔주변에 다 있네,"#신신호텔 #서귀포호텔 #바다뷰호텔 #가성비호텔
#제주여행



🎵Music provided by 브금대통령
🎵Track : Love Song - https://youtu.be/zYYkOoMwYR0",UC9nwDB2S8MpI0l1zwQw7WIw,희원맘 Heewonmom,2022-04-27T12:26:17Z,175,2.92,False,195,3,0,https://www.youtube.com/watch?v=AyWSbtjCyJM,544,364,PF271791,이중섭 [제주 서귀포],서양음악(클래식),서귀포예술의전당 대극장,2025-09-12,2025-09-13,,,,none,none,0,False,False,0,no_strong_signal,신호 없음
6XlXN3EGREg,4K 제주여행 제주 서귀포 매일올레시장 이중섭길 제주소품샵 구경하기,"✔️영상은 4K 설정으로 보시면 더 좋아요
      https://in.naver.com/fojkr

안녕하세요 뽀뽀리뽕입니다

#제주살이 #제주한달살이 서귀포가 숙소라서
자주들렸던 #매일올레시장 에 다녀온 영상을 만들어봤어요

7월 중순은 제주도 비수기라고 합니다
그래서 날씨도 덥고 비도 자주왔던거 같아요

제주살이 초반에 방문했던 제주매일올레시장
간단하게 정리해본 영상입니다

방문장소 
매일올레시장 내 / 롱카츠 / 와플 매장
이중섭거리 / 바이제주 소품샵

#제주소품샵 #제주여행지추천 #제주서쪽여행 

영상 외 자세한 후기는 블로그에 올려두었습니다
함께 참고하셔서 , 방문계획잡으시면 좋겠죠

궁금하신거 댓글문의 주시면 , 답변드릴께요 ^^

구독과 좋아요는 저에게 큰 힘이 됩니다 
구독 좋아요 많이 부탁드려요",UCjsVUmRRdT_scb-JxRfaCeA,뽀뽀리뽕은 여행중,2022-08-05T02:58:46Z,259,4.32,False,286,5,0,https://www.youtube.com/watch?v=6XlXN3EGREg,2350,736,PF271791,이중섭 [제주 서귀포],서양음악(클래식),서귀포예술의전당 대극장,2025-09-12,2025-09-13,,,,none,none,0,False,False,0,no_strong_signal,신호 없음
mBqJUp4LnB8,"이중섭 미술관, 소라의 성 🖼예술이 흐르는 제주 서귀포 문화 여행 ⭐️","이중섭 화백을 비롯해 수많은 예술가들의 영감의 원천, 서귀포 🏝

서귀포 구 도심에 문화와 예술의 옷을 입히며
시민들과 예술가들이 만들어낸 문화예술의 도시 🎨

천혜의 절경과 예술을 품은 문화도시 서귀포로 떠나볼까요?

✔️이중섭거리
✔️소라의 성
✔️솔동산
✔️서귀진
✔️서귀포관광극장
✔️서귀포매일올레시장 


#제주도여행 #서귀포여행 #이중섭",UCRvrYUbatHPDc-snY-jCG0A,광주MBC,2020-03-05T03:00:03Z,3066,51.1,False,782,15,2,https://www.youtube.com/watch?v=mBqJUp4LnB8,267000,11664,PF271791,이중섭 [제주 서귀포],서양음악(클래식),서귀포예술의전당 대극장,2025-09-12,2025-09-13,,,,none,none,0,False,False,0,no_strong_signal,신호 없음
ruTxtLZfwwg,서귀포 이중섭미술관 가보셨나요,,UCaUL5UAcxwKVDTfp3gVlYbQ,먹고잽이,2023-04-27T07:04:49Z,5,0.08,True,1229,17,0,https://www.youtube.com/watch?v=ruTxtLZfwwg,802,821,PF271791,이중섭 [제주 서귀포],서양음악(클래식),서귀포예술의전당 대극장,2025-09-12,2025-09-13,,,,none,none,0,False,False,0,no_strong_signal,신호 없음
-mMJ-il_Aeo,제주도 여행 코스 추천 서귀포 이중섭 거리,"서귀포에 위치한
문화 예술의 거리
이중섭 거리 스케치

#제주도여행 #서귀포핫플 #이중섭거리

▶ 딸아행 구독하기 : https://bit.ly/ddalahaeng_youtube
▶ 딸아행 인별그램 : https://bit.ly/ddalahaeng_instagram",UCv6PJHymrQ4Q0nYdbKktZkg,[딸과 아빠의 행방불명] 핫플 맛집 리뷰,2020-11-11T09:16:22Z,301,5.02,False,4329,33,1,https://www.youtube.com/watch?v=-mMJ-il_Aeo,1500,143,PF271791,이중섭 [제주 서귀포],서양음악(클래식),서귀포예술의전당 대극장,2025-09-12,2025-09-13,,,,none,none,0,False,False,0,no_strong_signal,신호 없음
7yMLu3AVNWU,"제주가 품은 화가, 이중섭·김창열의 흔적을 따라 (정우철 도슨트) / JTBC 상암동 클라스","오늘(16일)은 예술의 세계로 여행을 떠나보겠습니다. 미술계의 스토리텔러 '그림 읽어주는 남자' 정우철 도슨트 모셨습니다.

■ 인용보도 시 프로그램명 'JTBC 상암동 클라스'를 밝혀주시기 바랍니다. 저작권은 JTBC에 있습니다.
■ 방송 : JTBC 상암동 클라스 / 진행 : 이가혁·김하은

▶ 기사 전문 https://news.jtbc.co.kr/article/article.aspx?news_id=NB12107329

#상암동클라스 #상클라이프 #정우철도슨트 #이중섭 #김창열 #제주미술관 #미술여행

본방 후 유튜브에서 앵커들과 더 가까이! 
☞JTBC 모바일라이브 시청하기 https://bit.ly/3iYhEqa
☞뉴스룸 방청객 모집 https://tv.jtbc.co.kr/opennewsroom

☞JTBC뉴스레터 구독하기 (https://bit.ly/3IOFY5H) 
☞JTBC유튜브 구독하기 (https://bit.ly/2hYgWZg)
☞JTBC유튜브 커뮤니티 (https://bit.ly/2LZIwke)

#JTBC뉴스 공식 페이지
(홈페이지) https://news.jtbc.co.kr
(APP) https://news.jtbc.co.kr/Etc/SmartPhoneReport.aspx

페이스북 https://www.facebook.com/jtbcnews
트위터 https://twitter.com/JTBC_news
인스타그램 https://www.instagram.com/jtbcnews

☏ 제보하기 https://news.jtbc.co.kr/Etc/InterNetReport.aspx
방송사 : JTBC (https://jtbc.co.kr)",UCsU-I-vHLiaMfV_ceaYz5rQ,JTBC News,2022-12-16T00:12:33Z,823,13.72,False,1450,21,1,https://www.youtube.com/watch?v=7yMLu3AVNWU,4880000,320925,PF271791,이중섭 [제주 서귀포],서양음악(클래식),서귀포예술의전당 대극장,2025-09-12,2025-09-13,,,,none,none,0,False,False,0,no_strong_signal,신호 없음
gJePS228ZqQ,2021 창작오페라 이중섭 CM,"2021 창작오페라 이중섭 
▶ 공연 일정 : 10월 1일(금) ~ 2일(토) 19시 30분 
▶ 공연 장소 : 서귀포예술의전당 대극장",UCZGZ9gim1CQ__Jpl2XopAkg,제주특별자치도립 서귀포예술단,2021-09-13T01:23:18Z,33,0.55,True,187,7,0,https://www.youtube.com/watch?v=gJePS228ZqQ,899,323,PF271791,이중섭 [제주 서귀포],서양음악(클래식),서귀포예술의전당 대극장,2025-09-12,2025-09-13,,,,none,match,0,False,False,2,no_strong_signal,장소 일치
7QkLiWZyN7k,이중섭 거리 실험예술제,이중섭거리는 제주의 대표적인 문화예술 집합소입니다..항상 볼거리가 넘칩니다,UCvajBm0swudG5V3BpqvgxhA,오픈제주도,2014-02-27T10:24:24Z,62,1.03,False,72,0,0,https://www.youtube.com/watch?v=7QkLiWZyN7k,24,44,PF271791,이중섭 [제주 서귀포],서양음악(클래식),서귀포예술의전당 대극장,2025-09-12,2025-09-13,,,,none,none,0,False,False,0,no_strong_signal,신호 없음
NBMyqOVH7uM,"2023 창작오페라 '이중섭'_이중섭 정의근, 마사코 손가슬을 만나다","2023 창작오페라 이중섭 

▶ 공연 일정 
 · 1회차_ 10월 6일(금) 19시 30분 
 · 2회차_ 10월 7일(토) 17시 

▶ 공연 장소 : 서귀포예술의전당 대극장
 * 공연예매 : 서귀포시 E-Ticket (https://bit.ly/smusic_ticket)
 * 공연 상세 정보 : 홈페이지 (https://bit.ly/operaljs) 
 * 1층(15,000원) / 2층(10,000원) 
 * 예매 오픈일 : 9월 18일(월) 10시 ~ 10월 5일(목)",UCZGZ9gim1CQ__Jpl2XopAkg,제주특별자치도립 서귀포예술단,2023-09-25T23:56:24Z,301,5.02,False,400,,4,https://www.youtube.com/watch?v=NBMyqOVH7uM,899,323,PF271791,이중섭 [제주 서귀포],서양음악(클래식),서귀포예술의전당 대극장,2025-09-12,2025-09-13,,,,none,match,0,False,True,4,verified_candidate,작품명이 따옴표/괄호로 명시적으로 인용됨; 장소 일치
usXG_SXXa28,2023 창작오페라 이중섭 스팟영상,"2023 창작오페라 이중섭 

▶ 공연 일정 
 · 1회차_ 10월 6일(금) 19시 30분 
 · 2회차_ 10월 7일(토) 17시 

▶ 공연 장소 : 서귀포예술의전당 대극장
 * 공연예매 : 서귀포시 E-Ticket (https://bit.ly/smusic_ticket)
 * 공연 상세 정보 : 홈페이지 (https://bit.ly/operaljs) 
 * 1층(15,000원) / 2층(10,000원) 
 * 예매 오픈일 : 9월 18일(월) 10시 ~ 10월 5일(목)",UCZGZ9gim1CQ__Jpl2XopAkg,제주특별자치도립 서귀포예술단,2023-09-10T23:46:28Z,41,0.68,True,289,,0,https://www.youtube.com/watch?v=usXG_SXXa28,899,323,PF271791,이중섭 [제주 서귀포],서양음악(클래식),서귀포예술의전당 대극장,2025-09-12,2025-09-13,,,,none,match,0,False,False,2,no_strong_signal,장소 일치
-fcNRj44bTQ,"2023 창작오페라 '이중섭'_이중섭 하세훈, 마사코 이윤경을 만나다","2023 창작오페라 이중섭 

▶ 공연 일정 
 · 1회차_ 10월 6일(금) 19시 30분 
 · 2회차_ 10월 7일(토) 17시 

▶ 공연 장소 : 서귀포예술의전당 대극장
 * 공연예매 : 서귀포시 E-Ticket (https://bit.ly/smusic_ticket)
 * 공연 상세 정보 : 홈페이지 (https://bit.ly/operaljs) 
 * 1층(15,000원) / 2층(10,000원) 
 * 예매 오픈일 : 9월 18일(월) 10시 ~ 10월 5일(목)",UCZGZ9gim1CQ__Jpl2XopAkg,제주특별자치도립 서귀포예술단,2023-09-29T00:58:53Z,307,5.12,False,655,,1,https://www.youtube.com/watch?v=-fcNRj44bTQ,899,323,PF271791,이중섭 [제주 서귀포],서양음악(클래식),서귀포예술의전당 대극장,2025-09-12,2025-09-13,,,,none,match,0,False,True,4,verified_candidate,작품명이 따옴표/괄호로 명시적으로 인용됨; 장소 일치
a7v8qywJKGM,2022 창작오페라 이중섭 CM,"2022 창작오페라 이중섭 
▶ 공연 일정 
 · 1회차_ 9월 23일(금) 19시 30분 
 · 2회차_ 9월 24(토) 17시 
▶ 공연 장소 : 서귀포예술의전당 대극장
 * 공연예매 : 서귀포시 E-Ticket 
 * 1층(15,000원) / 2층(10,000원) 
 * 예매 오픈일 : 9월5일(월) 10시 ~ 9월 23일(금)",UCZGZ9gim1CQ__Jpl2XopAkg,제주특별자치도립 서귀포예술단,2022-08-29T00:10:04Z,43,0.72,True,409,,0,https://www.youtube.com/watch?v=a7v8qywJKGM,899,323,PF271791,이중섭 [제주 서귀포],서양음악(클래식),서귀포예술의전당 대극장,2025-09-12,2025-09-13,,,,none,match,0,False,False,2,no_strong_signal,장소 일치
S1bNu4LUTNM,커튼콜 /이중섭 오페라  창작극,,UCg4yGF0qMUOX5g_UZr_thow,제주애국tv &,2023-10-07T12:32:41Z,199,3.32,False,104,14,0,https://www.youtube.com/watch?v=S1bNu4LUTNM,1340,424,PF271791,이중섭 [제주 서귀포],서양음악(클래식),서귀포예술의전당 대극장,2025-09-12,2025-09-13,,,,none,none,0,False,False,0,no_strong_signal,신호 없음
L_rM2arHsU0,[예고]2021년 창작오페라 [이중섭]에 여러분을 초대합니다.,"어느새 찾아온 가을의 문턱에서, 
2021년 창작오페라 [이중섭]’에 여러분을 초대합니다.

서귀포를 넘어 대한민국이 사랑하는 근대 대표화가, 이중섭!
그의 삶과 예술세계를 노래한 '2021년 창작오페라 [이중섭]’공연이 
오는 10월 1일, 2일 양일간 서귀포예술의전당 대극장에서 열립니다.
오페라 버전으로는 도내 첫 공개인 이번 공연은 
국내 정상급 성악가와 도립 서귀포예술단의 하모니로 펼쳐지며
아름다운 서귀포의 가을밤을 수놓는 유려한 선율과 감동의 메세지를 느껴보시기 바랍니다.

여기에 더하여, 공연 2배 즐기는 방법, 대공개!
2021. 9. 13.(월) 
네이버TV ‘창작오페라 [이중섭]’온라인채널 OPEN!!
(https://tv.naver.com/operaleejungseop)
☞ 채널을 방문하시면 
    공연연습, 제작과정, 이중섭관련콘텐츠 등 다양한 콘텐츠를 감상할 수 있습니다.
     (매주 월요일, 목요일, 새로운 콘텐츠가 공개됩니다.)
  많은 방문, 관심, 격려!! 그리고 구독!!은 필수입니다!!

{ 공연개요 }
 ○ 공 연 명: 2021년 창작오페라 [이중섭]
 ○ 공연일시: 2021. 10. 1.(금) 19:30,  10. 2.(토) 19:30   * 총 2회
 ○ 공연장소: 서귀포예술의전당 대극장
 ○ 티켓예매: 서귀포시 E-티켓(https://eticket.seogwipo.go.kr) 사전예매  
   - 예매기간: 2021. 9. 14.(화) 10:00 ~ 9. 30.(목) 18:00   * 선착순 마감 
   - 관 람 료: (1층)12,500원, (2층)10,000원   * 8세 이상 관람가  
      * 상기 금액은 '코로나19, 함께 이겨내요' 50% 할인 적용 금액입니다.

○ 공연문의: 서귀포시 문화예술과(760-2495), 
                 도립 서귀포예술단 사무국(739-0641)",UCNI4WSmTUwb0a63BvU8KcWg,서귀포시청,2021-09-15T11:00:20Z,33,0.55,True,333,12,0,https://www.youtube.com/watch?v=L_rM2arHsU0,6700,1211,PF271791,이중섭 [제주 서귀포],서양음악(클래식),서귀포예술의전당 대극장,2025-09-12,2025-09-13,,,,none,match,0,False,True,4,verified_candidate,작품명이 따옴표/괄호로 명시적으로 인용됨; 장소 일치
Di2In_o9iW0,오페라 이중섭 커튼콜,2018年9月8日土曜日오페라 이중섭 보고왔어요,UCxGwbUGP0wlaUjDeLDV1_Nw,데스노트,2018-09-09T14:54:09Z,263,4.38,False,326,3,5,https://www.youtube.com/watch?v=Di2In_o9iW0,96,86,PF271791,이중섭 [제주 서귀포],서양음악(클래식),서귀포예술의전당 대극장,2025-09-12,2025-09-13,,,,none,none,0,False,False,0,no_strong_signal,신호 없음
aZycfX2gWrk,"2023 창작오페라 '이중섭'_이중섭의 두 아들 태현과 태성, 이중섭 거주지를 방문하다","2023 창작오페라 이중섭 

▶ 공연 일정 
 · 1회차_ 10월 6일(금) 19시 30분 
 · 2회차_ 10월 7일(토) 17시 

▶ 공연 장소 : 서귀포예술의전당 대극장
 * 공연예매 : 서귀포시 E-Ticket (https://bit.ly/smusic_ticket)
 * 공연 상세 정보 : 홈페이지 (https://bit.ly/operaljs) 
 * 1층(15,000원) / 2층(10,000원) 
 * 예매 오픈일 : 9월 18일(월) 10시 ~ 10월 5일(목)",UCZGZ9gim1CQ__Jpl2XopAkg,제주특별자치도립 서귀포예술단,2023-10-02T10:00:42Z,203,3.38,False,321,,4,https://www.youtube.com/watch?v=aZycfX2gWrk,899,323,PF271791,이중섭 [제주 서귀포],서양음악(클래식),서귀포예술의전당 대극장,2025-09-12,2025-09-13,,,,none,match,0,False,True,4,verified_candidate,작품명이 따옴표/괄호로 명시적으로 인용됨; 장소 일치
g4bfLqFbSkk,KCTV 문화카페 _ 오페레타 이중섭 연출가와주연을만나다,"김숙영 연출과 테너 김동원, 소프라노 김유섬 두 주역배우가 이야기하는 2018 오페레타 이중섭",UCZGZ9gim1CQ__Jpl2XopAkg,제주특별자치도립 서귀포예술단,2018-09-03T13:19:16Z,710,11.83,False,361,9,0,https://www.youtube.com/watch?v=g4bfLqFbSkk,899,323,PF271791,이중섭 [제주 서귀포],서양음악(클래식),서귀포예술의전당 대극장,2025-09-12,2025-09-13,,,,none,none,0,False,False,0,no_strong_signal,신호 없음
HIeosC64mNk,이중섭탄생 100주년 기념 창작오페레타 '이중섭' 공연 - 영상 서귀포뉴스 -  362회,"영상으로 보는  서귀포뉴스 - 362회

1. 이중섭탄생 100주년 기념 창작오페레타 '이중섭' 공연
2. 2016 서귀포시 주민자치&평생학습 박람회",UCNI4WSmTUwb0a63BvU8KcWg,서귀포시청,2016-09-13T06:12:03Z,439,7.32,False,176,0,0,https://www.youtube.com/watch?v=HIeosC64mNk,6700,1211,PF271791,이중섭 [제주 서귀포],서양음악(클래식),서귀포예술의전당 대극장,2025-09-12,2025-09-13,,,,none,none,0,False,True,2,no_strong_signal,작품명이 따옴표/괄호로 명시적으로 인용됨
JTQz73ir2vA,2022 창작오페라 이중섭 1회차 공연 실황 영상,"2022 창작오페라 이중섭 1회차 공연 실황 영상

■ 공연일시 : 2022. 09. 23(금) 19시 30분 
■ 공연장소 : 서귀포예술의전당 대극장
■ 작곡 : 현석주 
■ 대본 : 이영애 김숙영 
■ 연출 : 장수동 
■ 지휘 : 이동호 (도립서귀포관악단 상임지휘자) 
 
■ 출연  
 - 이재욱(이중섭), 김유섬(마사코), 김승철(구상), 신용훈(광림), 오능희(이중섭母), 제화미 (마사코母), 심우철(태응), 김홍주(한묵), 박태진(고석), 유태환(영진), 김상주(경찰관), 박예진(월평댁), 최수아(태현), 강온유(태성), 제주특별자치도립 서귀포합창단, 다온무용단, 콩밭놀이터알록달록중창단
- 연주 : 제주특별자치도립 서귀포관악단",UCZGZ9gim1CQ__Jpl2XopAkg,제주특별자치도립 서귀포예술단,2022-10-17T02:56:53Z,6064,101.07,False,1640,21,1,https://www.youtube.com/watch?v=JTQz73ir2vA,899,323,PF271791,이중섭 [제주 서귀포],서양음악(클래식),서귀포예술의전당 대극장,2025-09-12,2025-09-13,,,,none,match,0,False,False,2,no_strong_signal,장소 일치
fh1ZoKcruvU,2022 창작오페라 이중섭 공연 실황 영상,"2022 창작오페라 이중섭 2회차 공연 실황 영상

■ 공연일시 : 2022. 09. 24(토) 17시 
■ 공연장소 : 서귀포예술의전당 대극장
■ 작곡 : 현석주 
■ 대본 : 이영애 김숙영 
■ 연출 : 장수동 
■ 지휘 : 최상윤 (도립서귀포합창단 상임지휘자) 
 
■ 출연  
 - 김중일(이중섭), 정혜민(마사코), 전성민(구상), 한동균(광림), 오능희(이중섭母), 박선영(마사코母), 심우철(태응), 김홍주(한묵), 박태진(고석), 유태환(영진), 김상주(경찰관), 박예진(월평댁), 최수아(태현), 강온유(태성), 제주특별자치도립 서귀포합창단, 다온무용단, 콩밭놀이터알록달록중창단
- 연주 : 제주특별자치도립 서귀포관악단",UCNI4WSmTUwb0a63BvU8KcWg,서귀포시청,2022-10-28T00:00:22Z,6081,101.35,False,1868,26,4,https://www.youtube.com/watch?v=fh1ZoKcruvU,6700,1211,PF271791,이중섭 [제주 서귀포],서양음악(클래식),서귀포예술의전당 대극장,2025-09-12,2025-09-13,,,,none,match,0,False,False,2,no_strong_signal,장소 일치
SBC11uGk7fo,2021 창작오페라 '이중섭' 공연 성황리에 개최-서귀포뉴스 430회,"영상으로 보는 서귀포뉴스-430회

  - 2021 창작오페라 '이중섭' 공연 성황리에 개최 -

국민화가 이중섭의 삶과 예술혼을 담아낸 창작오페라 '이중섭'
2016년 오페레타로 제작돼 2019년부터는 오페라로 공연됐는데요.
10월 1일과 2일, 드디어 오페라 버전이 제주에서 첫 선을 보였습니다.
오페라 공연이 열린 서귀포예술의전당으로 다 함께 GOGO!!",UCNI4WSmTUwb0a63BvU8KcWg,서귀포시청,2021-10-07T09:10:19Z,204,3.4,False,237,5,0,https://www.youtube.com/watch?v=SBC11uGk7fo,6700,1211,PF271791,이중섭 [제주 서귀포],서양음악(클래식),서귀포예술의전당 대극장,2025-09-12,2025-09-13,,,,none,match,0,False,True,4,verified_candidate,작품명이 따옴표/괄호로 명시적으로 인용됨; 장소 일치
ZxHtKseJV0w,#이중섭오페라#천재화가#법정문화도시서귀포#창작오페라이중섭,"천재 화가 이중섭의 삶과 사랑, 일대기를 다룬 창작 오페라 ""이중섭""을 만나다 
with. 이동호 지휘자 제주도립 서귀포교향악단 & 현석주 작곡가 

- 대한민국이 사랑하는 
이중섭 화가의 삶과 예술혼을 그린 ‘창작오페라 '이중섭 공연
- 아름다운 법정 문화도시 서귀포! 
- 비대면 랜선 문화연결 
- 감성충전 time 

#햇살주디#햇살씨앗#고은정작가
#색다른 뉴스정보뮤직쇼#오전9시 행복습관
#온에어테라피#1015#1일1now 문자.

이외 자세한 내용은 다시보기와 유투브를 통해서 확인하세요!

▶ [JIBS 엔터]
• 구독하기(무료)
https://www.youtube.com/channel/UCG98...
▸ 홈페이지 https://www.jibs.co.kr
▸ 페이스북 https://www.facebook.com/JIBSjeju
▸ JIBS 뉴스 https://www.youtube.com/channel/UCisE...
▸ JIBS 스페셜 https://www.youtube.com/channel/UCLyM...
▸ 힐링 아일랜드 https://www.youtube.com/channel/UCcLy...
▸ 비즈니스 문의 jibsplus2@jibs.co.kr

※ 저작권 공지 (Copyright)
불법 다운로드 및 상업적 사용을 금지합니다

@JIBS 제주의 미래를 엽니다.",UCG98S1ZsO6W_Tsk2_8fu-pg,JIBS 엔터테인먼트,2021-09-17T08:46:35Z,1144,19.07,False,94,5,0,https://www.youtube.com/watch?v=ZxHtKseJV0w,2990,1577,PF271791,이중섭 [제주 서귀포],서양음악(클래식),서귀포예술의전당 대극장,2025-09-12,2025-09-13,,,,none,none,0,False,True,2,no_strong_signal,작품명이 따옴표/괄호로 명시적으로 인용됨
NuyICosyqBQ,'70년 만의 귀향'   이중섭 원화 공개 (2021.9.6/뉴스데스크 제주/제주MBC),"[앵커]
 한국전쟁이 한창이던 지난 1951년, 
가족과 함께 이북에서 제주 서귀포로 피난 와
작품활동을 이어갔던 화가 이중섭의 원화 12점이
일반에 공개됐습니다.

 '70년 만의 서귀포 귀향'이라는 제목으로 마련된
특별전에 박주연 기자가 다녀왔습니다.

[리포트]
 초가와 나무 사이로 펼쳐진
서귀포 앞바다에 우뚝 선 섶섬.

 제주의 고즈넉한 마을 풍경이
고스란히 담겼습니다.

 화가 이중섭이 
일본인 아내와 두 아들과 함께 
전쟁을 피해 서귀포의 한 초가 단칸방에 머물던
시기에 남긴 작품,  '섶섬이 보이는 풍경'입니다.

 초록빛 바다를 배경으로
새들과 하나가 된 가족.

 짙은 바다색과 흰 새, 
그리고, 살색의 삼색 대비로
생명의 경쾌함까지 보여주는 작품,
'해변의 가족'은 이중섭이 바닷가에서 
가족과 함께 지낸 가장 행복했던 순간을
표현했습니다. 

 일반에 공개된 이중섭의 원화는 유화 6점과 
종이가 없어 담뱃갑 종이에 그린 은지화 2점 등 12점.

 서귀포시 이중섭미술관이
고 이건희 삼성그룹 회장의 유족으로부터 
기증 받은 작품들입니다.

 이번 특별전은 원화 작품 뿐 아니라,
미디어아트와 이중섭의 삶과 작품세계를 
살펴볼 수 있는 연대기 등으로 꾸며졌습니다.

 또 미술관 옥상에는 70년 만의 귀향 대표작인 
'섶섬이 보이는 풍경'을 구도로 한 포토존도 설치됐습니다.

전은자 / 이중섭미술관 학예연구사
""원화를 대하면서 서귀포와 관련된 작품들을 보시면서 
이중섭의 예술 세계와 더불어 따뜻한 한 가정의 가장, 두 아이의 아빠 
이중섭의 삶, 인간성을 같이 돌아볼 수 있는""

 특별전을 기념해
일본에 거주하고 있는 고 이중섭의 아들도 
흩어졌던 작품들이 서귀포로 돌아와 
아버지도 기쁘게 생각할 것이라며 축사를 보냈습니다.

 이번 전시회는 
코로나19 예방을 위해 
인터넷 사전 예약제로 관람할 수 있으며,
비대면 온라인 전시도 함께 진행됩니다.

 화가 이중섭의 원화를 직접 볼 수 있는 
'70년만의 서귀포 귀향'은 내년 3월 6일까지 
이중섭미술관에서 이어집니다.

 MBC뉴스 박주연입니다.",UC5YM8Ln-4iMBR9ZEqcDN5kw,제주MBC NEWS,2021-09-06T12:09:28Z,168,2.8,False,230,5,0,https://www.youtube.com/watch?v=NuyICosyqBQ,194000,45949,PF271791,이중섭 [제주 서귀포],서양음악(클래식),서귀포예술의전당 대극장,2025-09-12,2025-09-13,,,,none,none,0,False,False,0,no_strong_signal,신호 없음
UiX0zea45BM,서귀포예술의전당 기획 이중섭과 슈만의 사랑이야기,"서귀포예술의전당 
11월 문화가 있는 날 기획공연
 통통 튀는 아트데이 in 서귀포
-이중섭과 슈만의 사랑이야기-
11월 27일(금) 저녁 7시30분 
서귀포예술의전당 소극장
◎프로그램
Schumann - Three romances for Violin and Piano op.94
 Schumann Piano Quartet op.47
 Brahms piano Quartet op.60
 ◎출연
 바이올린 임홍균, 비올라 김상진, 첼로 진민수, 피아노 문정재, 해설 진한나",UCNI4WSmTUwb0a63BvU8KcWg,서귀포시청,2020-11-27T11:25:50Z,3305,55.08,False,2146,78,1,https://www.youtube.com/watch?v=UiX0zea45BM,6700,1211,PF271791,이중섭 [제주 서귀포],서양음악(클래식),서귀포예술의전당 대극장,2025-09-12,2025-09-13,,,,none,match,0,False,False,2,no_strong_signal,장소 일치
odbYp0tmVLY,2022 창작오페라 '이중섭'_이중섭이 사랑한 서귀포,"2022 창작오페라 이중섭 
▶ 공연 일정 
 · 1회차_ 9월 23일(금) 19시 30분 
 · 2회차_ 9월 24일(토) 17시 
▶ 공연 장소 : 서귀포예술의전당 대극장
 * 공연예매 : 서귀포시 E-Ticket 
 * 1층(15,000원) / 2층(10,000원) 
 * 예매 오픈일 : 9월5일(월) 10시 ~ 9월 23일(금)",UCZGZ9gim1CQ__Jpl2XopAkg,제주특별자치도립 서귀포예술단,2022-09-14T07:03:10Z,372,6.2,False,244,,0,https://www.youtube.com/watch?v=odbYp0tmVLY,899,323,PF271791,이중섭 [제주 서귀포],서양음악(클래식),서귀포예술의전당 대극장,2025-09-12,2025-09-13,,,,none,match,0,False,True,4,verified_candidate,작품명이 따옴표/괄호로 명시적으로 인용됨; 장소 일치
8y_UWSOsfOo,서귀포 이중섭 미술관 기획전시 : 이중섭 친구들의 화원,"서귀포 이중섭 미술관에서 오는 5월 21일까지
기획전시실에서 소장품전 ‘이중섭 친구들의 화원’이 전시 됩니다.

현대 미술 1세대를 대표하는 작가 24명의 24점의 작품
동시대 작가의 회화 작품을 통해 한국미술의 발전사를 선보이는데 그치지 않고
이중섭의 동료화가나 평론가, 문학인이 바라본 ‘화가 이중섭’에 대한 
이야기도 함께 소개합니다.

이중섭과 관련한, ‘어려웠던 시기’에 탄생한 작품 등 풍성한 볼거리를 통해 
코로나로 일상에 지친 시민들이 치유와 위로에 시간을 갖기 바랍니다.",UCNI4WSmTUwb0a63BvU8KcWg,서귀포시청,2021-03-31T23:05:34Z,181,3.02,False,127,13,1,https://www.youtube.com/watch?v=8y_UWSOsfOo,6700,1211,PF271791,이중섭 [제주 서귀포],서양음악(클래식),서귀포예술의전당 대극장,2025-09-12,2025-09-13,,,,none,none,0,False,False,0,no_strong_signal,신호 없음
kLAVz9d8WJ8,제주도여행 흔한 서귀포 아파트 담벼락 이중섭 벽화,#이중섭 #이중섭거리 #서귀포이중섭 #제주도여행,UCsc7uAkfIrYIkICqsjFxUyg,홍식이티비,2024-12-27T23:37:17Z,17,0.28,True,457,6,0,https://www.youtube.com/watch?v=kLAVz9d8WJ8,221,176,PF271791,이중섭 [제주 서귀포],서양음악(클래식),서귀포예술의전당 대극장,2025-09-12,2025-09-13,,,,none,none,0,False,False,0,no_strong_signal,신호 없음
SW_hftBjaGE,"노코투어 NOCO TOUR 제주 서귀포 이중섭거리 Lee Joong Seop Legendary painter Street Seogwipo, Jeju Island","#노코투어 #이중섭거리 #이중섭
Lee Joong Seop Legendary painter Street
Seogwipo, Jeju Island

JUST SEE IT.
JUST GO THERE.

No Corona Tour.
No Comment Tour.
NoCo Tour 노코투어",UCxnRVJDfbpxFkDGXY1ZPSSw,NOCO Tour노코투어,2020-07-15T05:09:17Z,118,1.97,False,25,3,0,https://www.youtube.com/watch?v=SW_hftBjaGE,10,10,PF271791,이중섭 [제주 서귀포],서양음악(클래식),서귀포예술의전당 대극장,2025-09-12,2025-09-13,,,,none,none,0,False,False,0,no_strong_signal,신호 없음
e-00EXxjULQ,#이중섭 거리 #올레시장  #제주,"이번에는 영화 “좋은 날”에서 나온
제주도, 이중섭 거리를 여행해 봤습니다.
_
영화 “좋은 날” (2014, Korea)
_
영화를 좀 더 저렴하게 예매할 수 있는 사이트
https://lowpricemovie.com/?via=xhbui2
""이 포스팅은 로우프라이스무비 파트너스 활동의 일환으로, 이에 따른 일정액의 수수료를 제공받습니다.""

[ 후원 페이지 ]
https://toon.at/donate/movietraveler

https://www.instagram.com/movie.traveler_official
궁금하신 촬영지가 있으시면 언제든지 댓글 or DM 보내주세요

Copyright ⓒ 영화따라 여행가기 Movie Traveler All Rights Reserved.",UCGO0qiXC9ziHLFwFrr-8RIw,촬영지 여행가 Movie Traveler,2024-08-21T09:00:37Z,146,2.43,False,385,,0,https://www.youtube.com/watch?v=e-00EXxjULQ,6300,788,PF271791,이중섭 [제주 서귀포],서양음악(클래식),서귀포예술의전당 대극장,2025-09-12,2025-09-13,,,,none,none,0,False,False,0,no_strong_signal,신호 없음
nTt320OALXc,"화가 이중섭의 집을 찾아가다! 이중섭미술관, 거주지 360VR영상","#이중섭거리 #이중섭 #이중섭미술관 
(360도 vr영상입니다. 화질을 4k로 설정하시고 화면을 돌려가면서 보세요~)
한국사람이라면 누구나 한번쯤은 들어봤을 한국의 대표적인 서양화가 이중섭. 이중섭은 6.25전쟁때 가족들과 서귀포로 피난을 와서 살았는데요. 그때 서귀포의 풍경을 보면서 예술혼을 더욱 불태웠답니다. 
이중섭의 흔적이 남아있는 이중섭 미술관과 이중섭 거주지를 제주니아가 360vr영상으로 담아왔어요~


https://blog.naver.com/jejuniablog  --- 제주니아 블로그
https://post.naver.com/jejuniablog   --- 제주니아 네이버포스트
https://www.instagram.com/jejuniablog --- 제주니아 인스타그램

Music from https://freetouse.com
Track: Ikson - Sunny",UCH28dxFGdFbCw1baVvNKOTg,제주니아,2019-07-30T12:12:39Z,115,1.92,False,194,10,4,https://www.youtube.com/watch?v=nTt320OALXc,414,109,PF271791,이중섭 [제주 서귀포],서양음악(클래식),서귀포예술의전당 대극장,2025-09-12,2025-09-13,,,,none,none,0,False,False,0,no_strong_signal,신호 없음
d0HLVfYamK8,[한경arte필하모닉] 한국을 이끄는 음악가 시리즈2 / 윌슨응과 손정범,"한경arte필하모닉 정기연주회
[한국을 이끄는 음악가 시리즈2]
주최 l 한국경제신문, 한경TV
주관 l 한경arte필하모닉

지휘 l 윌슨 응
협연 l 손정범
연주 l 한경arte필하모닉

[프로그램]
1부
00:00:00 오프닝
00:00:35 베토벤 - 에그몬트 서곡
00:09:42 베토벤 - 피아노 협주곡 4번 사장조 1악장
00:29:54 베토벤 - 피아노 협주곡 4번 사장조 2악장
00:35:01 베토벤 - 피아노 협주곡 4번 사장조 3악장
00:46:28 슈만 - 어린이를 위한 정경, Ⅰ.미지의 나라에서

2부
00:49:36 시벨리우스 - 교향곡 제 2번 라장조
01:35:40 시벨리우스 - 핀란디아",UCYNMCElCctuMeIBWjgu2EOQ,한경arte필하모닉,2022-06-17T07:58:31Z,6234,103.9,False,993,17,1,https://www.youtube.com/watch?v=d0HLVfYamK8,1720,139,PF234179,"경기필하모닉 마스터즈 시리즈 Ⅱ, 말러 교향곡 1번 [서울]",서양음악(클래식),롯데콘서트홀,2024-05-24,2024-05-24,,,,none,none,0,False,False,0,no_strong_signal,신호 없음
uQiEbhASZUM,L.v. Beethoven Symphony No.9 'Choral' (3rd mov.) / Shinik Hahm & Symphony S.O.N.G,"L.V. Beethoven,  Symphony No.9 in d minor, Op.125  'Choral' (3rd mov.)
베토벤 / 교향곡 제9번 라단조 작품번호 125  '합창'  (3악장)

Shinik Hahm , Conductor
Shinik Hahm & Symphony S.O.N.G

지휘 , 함신익
함신익과 심포니 송

즐겁게 들으셨다면 구독과 좋아요를 눌러주세요.
---------------------------------------------------------------------------
▶함신익과 심포니 송 후원계좌 
(하나은행)  206-910024- 73904 심포니 송


▶ 함신익과 심포니 송 홈페이지 
http://symphonysong.com/expo2/wizard/...
▶ 심포니 송 공연일정 / 이벤트 알림받기
https://pf.kakao.com/_jGWixb
▶ 심포니 송 유튜브 채널 구독
https://www.youtube.com/channel/UCOWO...

▶ Shinik Hahm & Symphony S.O.N.G Website URL
http://symphonysong.com/expo2/wizard/...
▶ Shinik Hahm & Symphony S.O.N.G Schedule of Performance / Receive Event Notification
https://pf.kakao.com/_jGWixb
▶Subscribe To  Shinik Hahm & Symphony S.O.N.G 
https://www.youtube.com/channel/UCOWO...",UCOWO2-915iqiNDQ96lETrpQ,SYMPHONY S.O.N.G,2018-04-20T03:19:47Z,928,15.47,False,774,7,0,https://www.youtube.com/watch?v=uQiEbhASZUM,6420,503,PF234179,"경기필하모닉 마스터즈 시리즈 Ⅱ, 말러 교향곡 1번 [서울]",서양음악(클래식),롯데콘서트홀,2024-05-24,2024-05-24,,,,none,none,0,False,False,0,no_strong_signal,신호 없음
aVqzSnfxWgA,"지휘자 함신익, 심포니 송","심포니 송과 함께하는 새생명 축제

2023.10.29(주일) 09:30, 11:30
창성교회(함성익 목사 시무)
창동역 2번 출구, 녹천역 1번 출구
도봉구 덕릉로 60길 43-18

지휘: 함신익
소프라노: 남상임
테너: 이정현
바이올린: 박진형
트럼펫: 이진규
오보에: 이혜빈",UCyiSyqUrZMB7EYYCeo1onNg,대명교회 피켓전도 행복충전소,2023-10-29T19:39:39Z,3453,57.55,False,487,14,7,https://www.youtube.com/watch?v=aVqzSnfxWgA,13400,9074,PF234179,"경기필하모닉 마스터즈 시리즈 Ⅱ, 말러 교향곡 1번 [서울]",서양음악(클래식),롯데콘서트홀,2024-05-24,2024-05-24,,,,mismatch,none,0,False,False,-2,delete_candidate,날짜 불일치(다른 회차 가능성)
OrZ_fGMzDtw,Scranton Symphony(World Premiere) of Heejung Park(1978~) performed by Shinik Hahm & Symphony S.O.N.G,"박희정 스크랜튼 교향곡 (세계초연)

Shinik Hahm , Conductor
Shinik Hahm & Symphony S.O.N.G 

지휘 , 함신익 

함신익과 심포니 송
소프라노 권은주, Eunju Kwon, soprano
바리톤 김동섭, Gerard Kim, baritone
국립합창단, The National Chorus of Korea

즐겁게 들으셨다면 구독과 좋아요를 눌러주세요.
-----------------------------------------------------------------------
▶ 함신익과 심포니 송 홈페이지 
http://symphonysong.com
▶ 심포니 송 공연일정 / 이벤트 알림받기
https://pf.kakao.com/_jGWixb
▶ 심포니 송 유튜브 채널 구독
https://www.youtube.com/channel/UCOWO...

▶ Shinik Hahm & Symphony S.O.N.G Website URL
http://symphonysong.com
▶ Shinik Hahm & Symphony S.O.N.G Schedule of Performance / Receive Event Notification
https://pf.kakao.com/_jGWixb
▶Subscribe To  Shinik Hahm & Symphony S.O.N.G
https://www.youtube.com/channel/UCOWO...",UCOWO2-915iqiNDQ96lETrpQ,SYMPHONY S.O.N.G,2023-02-06T09:09:54Z,2022,33.7,False,1985,55,3,https://www.youtube.com/watch?v=OrZ_fGMzDtw,6420,503,PF234179,"경기필하모닉 마스터즈 시리즈 Ⅱ, 말러 교향곡 1번 [서울]",서양음악(클래식),롯데콘서트홀,2024-05-24,2024-05-24,,,,none,none,0,False,False,0,no_strong_signal,신호 없음
r6fN2cJVZ9s,"뉴스토마토 창립 15주년 기념 ""토마토클래식 쇼케이스""","2021. 7. 13 (수) 오전 11시 방송

뉴스토마토 창립 15주년 기념 
""토마토클래식 쇼케이스""
20210510 @토마토홀


[출연 & 프로그램]

피아니스트 일리야 라쉬코프스키 (33분)
00:31 - F. Chopin: Etude op 10 no.3 
04:45 - F. Chopin: Etude op.25 no.11
08:33 - F. Chopin: Etude op.25 no.12
11:29 - F. Chopin: Ballade no 1
21:35 - F. Chopin: Ballade no.4 

33:00 - F. Chopin : Nocturne No.20 in C# minor, Op. posth

피아노 트리오 무이
37:37 - Handel / Halvorsen: Passacaglia (Violin & Cello)
44:27 - A. Piazzolla: Vuelvo el sur (Violin & Piano)
49:37 - A. Piazzola: Le grand tango (Piano trio)",UC4fNaj5v2JzIbE7fCr_6NnA,TomatoClassic,2021-07-14T15:07:48Z,3590,59.83,False,651,31,0,https://www.youtube.com/watch?v=r6fN2cJVZ9s,155000,1101,PF234179,"경기필하모닉 마스터즈 시리즈 Ⅱ, 말러 교향곡 1번 [서울]",서양음악(클래식),롯데콘서트홀,2024-05-24,2024-05-24,,,,none,none,0,False,False,0,no_strong_signal,신호 없음
rZiEWK4wECU,#shorts 맛보기 밤의여왕 (a.k.a.업로드가 다가오고 있어요),,UCXrFKhUg6Q3EWIpFRWnrq7g,GIANNIMUSIC 쟌니뮤직,2021-05-16T15:03:51Z,28,0.47,True,2690,56,8,https://www.youtube.com/watch?v=rZiEWK4wECU,575,33,PF235855,"수원시립교향악단 기획연주회, 음악인의 밤",서양음악(클래식),수원SK아트리움 대공연장,2024-03-07,2024-03-07,,,,none,none,0,False,False,0,no_strong_signal,신호 없음
vSoK9uU71p4,"과천문화재단 2021년 기획공연 ""한 여름 밤의 꿈""",,UCXjQ1EF515VNuNV77IROVhw,과천시립교향악단,2021-08-28T22:21:04Z,8100,135.0,False,1847,55,2,https://www.youtube.com/watch?v=vSoK9uU71p4,738,84,PF235855,"수원시립교향악단 기획연주회, 음악인의 밤",서양음악(클래식),수원SK아트리움 대공연장,2024-03-07,2024-03-07,,,,none,none,0,False,False,0,no_strong_signal,신호 없음
67sHrrFzFxM,"리허설) Load, Who has been my strength - Andre Hwang with 수원시립교향악단 (예술의 전당)","리허설)

Load, Who has been my strength - Andre Hwang with 수원시립교향악단 (예술의 전당)
나의 힘이 되신 여호와여 (소강석 작사/작곡)



지휘: 홍성택
수원시립교향악단
새에덴콰이어


Saxophone : Andre Hwang
예술의 전당 콘서트홀
 


안드레 황 색소폰 연주
홈페이지 :   www.andrehwang.com
Andre Hwang",UCFW8Z-KQo9BlTz_hVlNnCwA,Jung Jin Saxophonist Official ,2019-09-10T12:45:54Z,197,3.28,False,89,2,0,https://www.youtube.com/watch?v=67sHrrFzFxM,5130,63,PF235855,"수원시립교향악단 기획연주회, 음악인의 밤",서양음악(클래식),수원SK아트리움 대공연장,2024-03-07,2024-03-07,,,,none,none,0,False,False,0,no_strong_signal,신호 없음
4ukcDbhV5kU,"모차르트의 오페라 '마술피리' , 타미노와 시녀들 - 살려줘 살려줘","국제신문 뉴스&이슈 구독하기 http://goo.gl/FFQL4
국제신문 근교산&기획특집 구독하기 http://goo.gl/SM0fM
--------------------------------------------------------------------
모차르트의 생애 마지막 완성품이자 최고 걸작으로 손꼽히는 명작오페라 '마술피리'
22일 오전 11시 롯데호텔부산 아트홀에서 열린 신년특집 한낮의 유콘서트는 지역에서 활동하는 성악가들이 마술피리의 유명 아리아를 들려줘 애호가들을 흠뻑 젖게 했다.",UCXIUj-1gYeKIQy_jExYHNYg,비디토리,2013-01-24T14:04:00Z,377,6.28,False,2339,5,2,https://www.youtube.com/watch?v=4ukcDbhV5kU,50000,1417,PF235855,"수원시립교향악단 기획연주회, 음악인의 밤",서양음악(클래식),수원SK아트리움 대공연장,2024-03-07,2024-03-07,,,,none,none,0,False,False,0,no_strong_signal,신호 없음
CxVprP8HVqc,#수원시립교향악단#수원시립합창단#가을낭만버스킹#수원SK스카이뷰,,UCJhGM4OK3Xj8MraaWGvxO7Q,백리향LIFE,2022-10-13T13:29:34Z,163,2.72,False,164,5,0,https://www.youtube.com/watch?v=CxVprP8HVqc,1170,1326,PF235855,"수원시립교향악단 기획연주회, 음악인의 밤",서양음악(클래식),수원SK아트리움 대공연장,2024-03-07,2024-03-07,,,,none,none,0,False,False,0,no_strong_signal,신호 없음
sfqt6XusIO4,수원 SK 아트리움 기획공연 라인업 공개!,"▶수원 공식 유튜브 구독 → https://bit.ly/2QwajKn
공식 홈페이지  : http://suwonskartrium.or.kr/
#sk아트리움 #수원 #suwon #corea",UCC0hHIP7cqZZWNgKa1Ni9iw,SUWON·수원,2019-08-16T05:01:52Z,244,4.07,False,663,5,0,https://www.youtube.com/watch?v=sfqt6XusIO4,18600,3099,PF235855,"수원시립교향악단 기획연주회, 음악인의 밤",서양음악(클래식),수원SK아트리움 대공연장,2024-03-07,2024-03-07,,,,none,none,0,False,False,0,no_strong_signal,신호 없음
hnJiLRzGCo0,"수원시립합창단 오페라 ""사랑의 묘약"" 하이라이트","수원시립합창단은 친근하고 대중적인 오페라 ""사랑의 묘약""은 ""오페라 부파""의 대표작품인 도니제티의 ""사랑의 묘약""은 아름다운 선율과 극적효과가 뛰어나 관객들의 큰 사랑을 받고 있는 작품입니다.
2010년 ""아말과 밤에 찾아 온 손님"" 이후 수원시립합창단이 자체 제작한 두번째 단독 오페라인 ""사랑의 묘약""은 코믹한 요소를 더욱 부각시키고, 작품의 깊이를 더하는 연출로 한층 더 새로운 재미와 감동을 선사하였다.",UC9Z1eBX6N7WIbppnb4_Bu1A,연금쟁이!,2013-04-03T23:45:46Z,633,10.55,False,8369,19,0,https://www.youtube.com/watch?v=hnJiLRzGCo0,26,3,PF235855,"수원시립교향악단 기획연주회, 음악인의 밤",서양음악(클래식),수원SK아트리움 대공연장,2024-03-07,2024-03-07,,,,none,none,0,False,False,0,no_strong_signal,신호 없음
vLPtp0gbKkQ,526  186회 정기연주회 성남시향,5/26 186회 정기연주회 성남시향,UCSRAxnzuL4mawfuH5XIVrEg,흥섭 김,2023-09-07T08:30:34Z,6563,109.38,False,163,2,0,https://www.youtube.com/watch?v=vLPtp0gbKkQ,9,22,PF235855,"수원시립교향악단 기획연주회, 음악인의 밤",서양음악(클래식),수원SK아트리움 대공연장,2024-03-07,2024-03-07,,,,none,none,0,False,False,0,no_strong_signal,신호 없음
ZGgpEvr6HEo,Nella Fantasia 수원 파크콘서트 리허설 중 - 라포엠,출처: 수원시립교향악단 인스타 스토리,UC4tJhdraJ5_H3vkAcY2P6sg,You Chae _Fan,2023-05-11T05:49:31Z,16,0.27,True,3659,437,7,https://www.youtube.com/watch?v=ZGgpEvr6HEo,5650,1474,PF235855,"수원시립교향악단 기획연주회, 음악인의 밤",서양음악(클래식),수원SK아트리움 대공연장,2024-03-07,2024-03-07,,,,none,none,0,False,False,0,no_strong_signal,신호 없음
o48RH75TB3g,수원SK아트리움 2019년 하반기 기획공연 안내,"수원SK아트리움 2019년 하반기 기획공연 안내

[연극 & 뮤지컬 시리즈]

연극 ‘톡톡’
8월 23일(금) 19:30
8월 24일(토) 14:00, 17:00

뮤지컬 ‘여신님이 보고 계셔’
10월 25일(금) 19:30
10월 26일(토) 15:00

뮤지컬 ‘국화꽃 향기’
11월 15일(금) 19:30
11월 16일(토) 15:00

뮤지컬 ‘하모니’
12월 20일(금) 19:30
12월 21일(토) 15:00

-

[클래식 & 콘서트 시리즈]

뮤지컬 디바 홍지민의 ‘뮤지컬&오페라 스타’
11월 2일(토) 15:00

팝 아티스트 윤한 베이스바리톤 권서경 ‘스위트콘서트’
11월 23일(토)

-

[무용 시리즈]

앰비규어스 댄스컴퍼티 ’50/50’
11월 8일(금) 19:30
11월 9일(토) 15:00

국립현대무용단 ‘스윙’
12월 7일(토) 16:00

SEO(서)발레단 ‘호두까기 인형’
12월 14일(토) ~ 15일(일)

-

[어린이 & 청소년 시리즈]

청소년과 함께하는 오페라여행 ‘사랑의 묘약’
8월 9일(금) 19:30

SEO(서)발레단 ‘도깨바 도깨바’
9월 19일(목) ~ 20일(금) 11:00
9월 21일(토) 14:00

이야기가 있는 ‘스쿨 클래식’
9월 26일(목) 11:00

뮤직큐레이터와 함꼐하는 음연동화
9월 27일(금) 11:00
9월 28일(토) 14:00

Lightning in rhythm
8월 9일(금) 11:30, 15:30
10월 5일(일) 11:30, 15:30

-

[스크린 데이트]

현대무용 ‘춤이 말하다’
11월 29일(금) 19:30

뮤지컬 ‘웃는 남자’
11월 30일(토) 14:00

-

[문화가 있는 날]

전원경의 미술관 옆 음악당
8월 27일(화), 10월 29일(화) 11:00

-

보다 자세한 공연정보는
수원SK아트리움 홈페이지 참고 바랍니다.
http://suwonskartrium.or.kr/",UCptrCvd7FwAjjoBdOrh3o3w,수원문화재단,2019-08-09T03:59:50Z,244,4.07,False,152,1,0,https://www.youtube.com/watch?v=o48RH75TB3g,5800,714,PF235855,"수원시립교향악단 기획연주회, 음악인의 밤",서양음악(클래식),수원SK아트리움 대공연장,2024-03-07,2024-03-07,,,,none,match,0,False,False,2,no_strong_signal,장소 일치
RvDPAD4JMBo,수원시립교향악단 콘서트 오페라 마술피리 숏츠,마술피리 예술감독 최희준 & 연출 이경재 홍보 영상,UChYtoZlLUnTxKtRxTWrI0kg,Suwon Philharmonic Orchestra 수원시향 유튜브 TV,2022-11-15T03:46:12Z,55,0.92,True,1312,32,1,https://www.youtube.com/watch?v=RvDPAD4JMBo,1200,49,PF235855,"수원시립교향악단 기획연주회, 음악인의 밤",서양음악(클래식),수원SK아트리움 대공연장,2024-03-07,2024-03-07,,,,none,none,0,False,False,0,no_strong_signal,신호 없음
