video_id,comment_id,author,text,like_count,published_at
fZ5oA-ZKsFI,UgzlD3Ovp3B9cp_cEht4AaABAg,@meung-r6b,"근데 외모 안좋으면 인성도ㅜ 안좋고 
예쁘면 인성도 좋고 이런 거 그만 만들면 안되나요 진짜로... 착하게 살려고 노력할게오,, 하,,",1050,2024-12-29T08:27:22Z
fZ5oA-ZKsFI,UgyB66WopElYjDanslt4AaABAg,@막장-p2z,"로맨스를 쳤는데
호러가 왜 나옴?",41,2025-06-28T12:39:35Z
fZ5oA-ZKsFI,UgyCrD6VHwqprz9inq54AaABAg,@T.I.M-f5u,내가 예뻐지는 게 제일큰 복수 아닌가,352,2025-01-06T22:46:54Z
fZ5oA-ZKsFI,UgyEoGV0SqxlG3G8H6d4AaABAg,@webtoon_dingzag,"네이버 웹툰 <로맨스 저주>

이거 진짜 재밌어서… 나도 모르게 다 봐버렸어요…👍",161,2024-12-22T10:23:02Z
fZ5oA-ZKsFI,Ugw7yBi63mcJPzJ8wph4AaABAg,@최별_귀여워,이게 왜 꾸금이냐? ㅋㅋㅋㅋㅋ 어떻게 바뀌길래 꾸금으로 되는거람,83,2024-12-30T07:29:06Z
fZ5oA-ZKsFI,UgyC7nIRyiUoz6vUpb94AaABAg,@써니소원하온,이거 꾸금인데 보실분들 각오하고 보세요... 어질어질합니다...(특히 여주가 원인),93,2024-12-28T23:25:42Z
fZ5oA-ZKsFI,UgweLYr-l8WGrtnpZNF4AaABAg,@Leenayul,"양,양심이 어디있을까?",23,2024-12-31T13:40:18Z
fZ5oA-ZKsFI,UgzOCin7CxrO14cuQ2N4AaABAg,@사람-r7e8b,진실을 맞주치면 받아드려라,4,2025-02-17T11:13:55Z
fZ5oA-ZKsFI,UgzjILCrGyRYnqfg53d4AaABAg,@Santa-d1k,오우..인트로 보고 귀신인줄,1,2026-05-10T12:35:06Z
fZ5oA-ZKsFI,UgysHA289gRkxkUx4nF4AaABAg,@칸_배배v,"이 웹툰 재밌어요
정주행중 ㅎ",0,2025-01-15T05:07:33Z
fZ5oA-ZKsFI,UgxDg1gdnSJI0d7GQUB4AaABAg,@손유정-l4m,재밌어요^^!!,0,2025-01-09T00:35:50Z
fZ5oA-ZKsFI,UgxZpX4SqEPtcbUQCQ54AaABAg,@heokjinLee,진짜 졸라 음침하네,6,2025-01-04T23:54:46Z
fZ5oA-ZKsFI,UgxU9lJjW015v7f106p4AaABAg,@사람-z5f7e,"얼굴 근데 저정도면 .....음...,...,.......",31,2024-12-28T04:06:42Z
fZ5oA-ZKsFI,Ugwlqz41ZVXcHeLChgZ4AaABAg,@부양이고랄,진짜 왜그러냐...,2,2025-01-10T01:31:08Z
fZ5oA-ZKsFI,UgxjHb6Yk0sgvXII3R94AaABAg,@RabbitUuUcoomyt,친구들이 이걸 들을때.. 친구야.. 착각은 자유야...ㅋㅋ,4,2025-01-08T06:59:16Z
fZ5oA-ZKsFI,UgzZaSSbxE8DeUOE-PB4AaABAg,@아라고77,갑자기 얼굴이 예뻐졋다라고 쓰면 안돼냐고..,0,2026-03-14T07:31:28Z
fZ5oA-ZKsFI,UgyJzWwv4RszUFSJqBR4AaABAg,@thithunguyen4753,무섭당게,0,2025-02-20T18:49:43Z
fZ5oA-ZKsFI,Ugxhx5wi4ItWE9lGIIt4AaABAg,@빈하-k3b,예쁘시네요 😊,3,2025-01-01T05:29:08Z
fZ5oA-ZKsFI,UgxWwO_EyvKlwYJgYcd4AaABAg,@Cherrrybooom,이거 존잼,0,2025-04-26T13:45:05Z
fZ5oA-ZKsFI,UgyWdlGVzrUFilpgR7Z4AaABAg,@은뛀,와... 도파민 터지마 못해 넘처 흐르네,0,2025-01-15T03:13:23Z
fZ5oA-ZKsFI,UgwpMDNsqkTbVStCCEN4AaABAg,@다냔-w3s3y,주인공 징그러워,73,2025-01-01T10:41:23Z
fZ5oA-ZKsFI,Ugw-m31xeYRQJHwczNd4AaABAg,@수리부엉-l9y,주인공 얼굴 덕분에 더 신박해서 재미있을뜻,1,2025-01-09T13:22:04Z
fZ5oA-ZKsFI,UgwGP9xWt5fa83o2Xxh4AaABAg,@강쥐-r6k,존잼인데??ㅋㅋㅋ 오줌왜지려ㅜㅜㅜ짠하네,1,2025-01-20T13:04:16Z
fZ5oA-ZKsFI,UgywJRuueTrxiH853_14AaABAg,@ji-younglee9606,Mother  lover❤,0,2025-03-15T02:20:10Z
fZ5oA-ZKsFI,UgxFaUT3vTh9EOGwR7d4AaABAg,@zx20zk,굳이 왜 오줌지리게함? 걍 헤어지자.만들면 되고 그게싫고 더러운걸 굳이 그렇게 하고싶으면 걍 이미 골로 갔으니가 대변으로 하세요 ㅇㅇ 이미 골로갔,1,2026-06-13T13:53:41Z
fZ5oA-ZKsFI,UgxqVhAbIV3jXRawi-54AaABAg,@Song-122-yyy,공주의 규칙,0,2025-01-08T12:36:23Z
fZ5oA-ZKsFI,UgwrCWgZTFP-Oi_zquN4AaABAg,@eee-c1y,웹툰 ㅈㄴ 불쾌하네 ㅋㅋㅋ,5,2025-01-10T02:06:36Z
fZ5oA-ZKsFI,Ugw_Go22Ou-1MM7C2aB4AaABAg,@user-ql7pb7wk7j,음침해,5,2024-12-28T07:31:24Z
fZ5oA-ZKsFI,Ugw4ZEb8F1YzbaeV5_J4AaABAg,@뀨-b3x,이게 왜 꾸금임..?,3,2024-12-30T09:36:23Z
fZ5oA-ZKsFI,UgzA6WDwePPl6ko9VfJ4AaABAg,@hyangnae,15화... 😢  좀더 묵히기노,0,2025-01-09T21:09:49Z
S8-XT7Ockbw,UgwF52m1RaFGJ3-wdwB4AaABAg,@ore-k1r,"걍 멀어지는게 좋을것같아요.그런 아이라면 사연자님을 조금 만만하게 보는거같으니, 거리를 두고 사연자님을 좋아하는 사람이랑 행복하게 지내는게 좋을것같네요.",31,2024-12-15T11:39:21Z
S8-XT7Ockbw,UgzUeaRbMyclwF9UlKp4AaABAg,@boynextddo,저도 그런 친구 있는데 계속 지내다보니까 걔 인성이 드러나더라고요..나중에는 제 뒷담까지 해서 절교하고 많이 화냈었던 기억이…그 친구랑 좀 거리를 어느정도 두는게 좋을 것 같아요!,92,2024-12-13T10:25:57Z
S8-XT7Ockbw,UgztL7-Vs23C0A1AHzZ4AaABAg,@김수현-l6i6e,그런애들은 손절하는게 좋아요 전에 제 친구도 그러다가 결국 자기 생일선물 않줬다면서 무리한 부탁을 계속 하더라고요ㅠ,6,2025-10-09T03:13:48Z
S8-XT7Ockbw,UgyorOImZncXei5Zkih4AaABAg,@sumoral수모롤,"그냥 멀어 지는게 나아요
저 분은 사연자 분을 만만하게 보는 것 같아요",3,2025-12-30T08:52:18Z
S8-XT7Ockbw,UgysZdydHM5aZ7lnTWp4AaABAg,@FandT-w7h,"절교를 하는게 좋을 거 같은데
절교 할 때 ""나 너 좋은 친구인 줄 알았는데 뭐, 이제 너 필요없어 딴 애랑 놀꺼야""이런 내용으로 말하면 될 것 같아요",10,2024-12-13T10:30:55Z
S8-XT7Ockbw,Ugy0E78u9FxMLVlGj_p4AaABAg,@최지우-n3d,그림도 안보고 안받겠다고 하네... 그 친구 정말 너무하네요 😠 친구가 주는 선물은 다 고맙다고하고 받는게 맞는 행동이라고 생각해요,4,2025-02-12T10:51:16Z
S8-XT7Ockbw,UgzMsvSBLGkG_hIPBFx4AaABAg,@쩡듀-q9e,"그친구랑은 안노는게 좋을것같아요!사이다 하고싶으면
그친구가"" 땡땡아 놀쟈ㅑ""이러면
""?난 너같은 친구 필요없는데?""이렇게 해보세요!!❤",2,2025-12-19T06:04:05Z
S8-XT7Ockbw,UgwGCONJS0dIR-u1kER4AaABAg,@표지혜-j5k,"제생각엔 그런아이랑은 거리두는게좋을거에요.
열심히 준비해서 선물을준건데 필요없다고말하는건
선이넘네요. 언젠가 더나쁜일을 일어날수있으니까
꼭 거리를둬요.",494,2024-12-13T10:42:16Z
S8-XT7Ockbw,UgwXQCcf9dJLN7H7kel4AaABAg,@YEL_.옐,"속상하시겠네요 ㅠ 저도 비슷한 일을 당했었는데 ㅜ 응원하고요 그친구랑은 일단 이야기를 해보시는 것도 괜찮은 방법일 것 같아여 그게 어렵다면 메세지라도 보내보시는 것 어떠세요 ? 그때는 내가 속상했다고 ㅜ 
그 친구가 너무했네여 ㅠㅠ",10,2024-12-13T09:44:06Z
S8-XT7Ockbw,Ugw1mnaQK_XQq6n9Q254AaABAg,@eunju8699,"사연자분 속상하실 것 같아요
근데 연기도 잘하시고 너무 예쁘다❤",5,2024-12-13T10:06:08Z
S8-XT7Ockbw,UgyvuXwlqKtUV3GvUzl4AaABAg,@user-nu8ke8gi6p,그냥 그림 그려 왔다는 거 그려 준다는 걸로 잘못 듣고 오해한 것 같은데... 일부러 그림 그리는 수고 덜어주고 싶어서 저렇게 말한 거 아닌가,3,2024-12-15T17:03:26Z
S8-XT7Ockbw,UgzQZNLUOEf3b3pj3Et4AaABAg,@예빈_77,"저도 그런적 많아요 그러면 
손절을 하거나 말을 하지말고 
사연자님 생일때 그 친구가 만약에 선물을 주면 똑같이 하세요",2,2024-12-14T01:29:09Z
S8-XT7Ockbw,UgzxBHXcyiQ4m-R9I3F4AaABAg,@Se_rom,"에잉..속상하셨다요..
제 생각에는 그친구가 남의 기분은 생각않하고 별생각없이 '아..저거 생일선물많이받았는데 저 그림 가져가기 귀찮은데..(갠적 생각임다!)'
약간이런식으로 생각한것 같아요ㅠ
전 그친구와 거리를 두는것이 좋다고 생각해요!
만약에 그친구가 또 기분나쁜 행동을 한다면 혼자 참지않고 그 친구도 잘못했으니 자신의 마음을 정확하게 전하는것이 좋을 것 같슴다!
막상당하니 말문이 막히고 어이없으셨쭁...
저도 그런경험 많아요!
그래서 정리해보자며는!!!!! 
자신이 하고싶은 말은 정확히 전하고 날카롭게! 참지말고요!! 그런 친구와는 가까이 지내지 말기!
친구 관계를 잘 유지하고 하고 싶은말 다 하는 당당한 사연자분 되기를 응원할게요!",4,2024-12-13T11:06:04Z
S8-XT7Ockbw,Ugw_-5-j7xBX4bWd14N4AaABAg,@권선주-z8c,손절 해야죠.,7,2024-12-14T05:18:24Z
S8-XT7Ockbw,UgzKWC8FWCr9MAPgZpd4AaABAg,@방영미-x5d,"완전 어이없네요!!
사연자분 
나도 너 말고도 친구많아
하고 손절하세요
사연자분 힘내세요ㅠ🎉❤",60,2024-12-13T12:47:46Z
S8-XT7Ockbw,UgxlxoGEbFhz4416jdV4AaABAg,@콩설이사랑하는혜설,"멀어지세요. 저런애랑 친구해봐서 아는데, 저런애는 선물을 딱 들으면 비싸고 값진 이라는 뜻으로 받아드려요. 선물에 선자도 모르는셈이죠.그냥 선물이 당연하다고 생각하눈 애에요. 절친이면 절교허자고 딱 끊기보단 조금조금씩 멀어지는게 더 효율적일 것 같고 어차피 2~3개월 뒤에 다시 반배정 하잖아요. 6학년 되서 반 멀어지면 그때를 틈타 자연스럽개 멀어지는개 가장 굿 일 것 같아요. 그 일주일동안 노력과 정성을 값진 이라고 생각을 못하고, 그냥 비싼 것만 값진 이라고 받아드리는 애에요.",1,2025-10-04T07:19:24Z
S8-XT7Ockbw,Ugz2FsK0iN3m_1qsmth4AaABAg,@Tralala1228,언니 왜이렇게 예뻐요❤❤❤❤❤,2,2024-12-13T09:40:41Z
S8-XT7Ockbw,UgzrZVdtaPqItkfxYOp4AaABAg,@한나-i7b,"속상했겠어요😢
친구들이 자기 생일. 생각해서 챙겨주는데😢",1,2024-12-13T11:10:50Z
S8-XT7Ockbw,Ugx8jZF46utwgZFbj054AaABAg,@토로롱-g3t,이럴때 인간관계 까지 생각해서 가장 좋은 방법은 그 애랑 안 놀면 됨. 혹시 나중에 걔가 다시 찾아와도 이미 걔 인성은 알았으니깐 최소한으로만 대하면 됨,2,2024-12-13T10:14:29Z
S8-XT7Ockbw,Ugweg4mn0dQzw1BcLoN4AaABAg,@Rubel_77,"아니 어떻게 저런 친구가 다있지??
선물 많이 받았다고 거절하는건 좀..
사연자님 정말 어이없고 속상하셨겠어요ㅠㅜ 열심히 그렸는데..
그런 아이와는 멀어지고, 착한 친구와 어울리면 좋겠어요!
사연자님, 힘내세요ㅠㅜ❤❤",0,2024-12-14T04:44:04Z
S8-XT7Ockbw,Ugx_7Xv3fFaoJO2SjG54AaABAg,@밀콩-s24,켈리님 100만까지 얼마 안남았네요! 화이팅!!,1,2024-12-13T10:03:48Z
S8-XT7Ockbw,UgxVZbRUVL_2IvxpLoB4AaABAg,@gshark669,"저도  그런친구가 있었어요.
근데  며칠있다보니 제 귓감까지해서  결국 절교 했어요.
사양자분  힘내세요 ❤",3,2024-12-18T11:08:17Z
S8-XT7Ockbw,UgzBwMbRNWJrepnCFJt4AaABAg,@김수채화-j7u,아 눈물난다 나도 5학년때 친구가 없어서 힘들었는데.. 공감되네.,14,2024-12-13T11:44:20Z
S8-XT7Ockbw,UgwsZyYtv2kQOZr1U-J4AaABAg,@이가을-o2o,"생일때선물주면""야나선물많이받아서니거필요없어""그리고쉬는쉬간에""야니도똑같이당하니까기분안좋지야우리절교해""친구가""그래절교해""하면""니는그렇게뻔뻔해서친구가없는거야이쓰레기야""",1,2026-05-04T09:31:36Z
S8-XT7Ockbw,UgzYyI3or2cwr78lCSJ4AaABAg,@정경미-f3d,"저도 한때 그런 일을 겪은 적이 있는데 그냥 그럴려
니 하고 참았는데 그 뒤로 계속 제껄 안 받어라고요 그래서 그냥 절교하세요!",1,2024-12-28T02:44:57Z
S8-XT7Ockbw,UgwLHIjjYV2mOrOOGUB4AaABAg,@월요일실러-f5k,"저런건 걍 사람 썼다가 필요없으면 버리는 것임. 
만약 그림이 아니라 돈되는 거였다면 저랬을까;",1,2024-12-13T10:41:49Z
S8-XT7Ockbw,Ugw650rhkUNwuByf87R4AaABAg,@Hwabeak_1210,"그림 선물 만큼 선물을 주는 사람이 받는 사람을 얼마나 소중한 친구로 생각하는지
알 수 있답니다. 그 선물을 거절한 친구는 참......",0,2024-12-13T12:25:54Z
S8-XT7Ockbw,Ugz_7_bImm-8hxbj_eJ4AaABAg,@연하늘-g7d,저 같았으면 이 많은 선물 중에 네가 준 선물이 제일 값진 거 같아 고마워 이럴 듯...,0,2024-12-13T14:36:05Z
S8-XT7Ockbw,Ugw_CWStGIbxdaj8Wyp4AaABAg,@태권-z6l,저도 저럴적있으면 너무 짜증 나을것같아요 힘내요,0,2025-01-17T11:15:51Z
S8-XT7Ockbw,UgxSuUV_NtRkt6VOrMF4AaABAg,@wjebehe,"이렇땐!
1.똑같이 해주기
2.절교하는게 더 나음
3.그때 왜그랬냐며 따지기
4.A 말을 무시하기",3,2024-12-16T06:18:33Z
tPGD0THDozM,UgxYWGUu54cSdRhsa8N4AaABAg,@어느멋,신지가 유리 진짜 부러웠다고. 오빠 둘이 유리 챙긴다고 이름을 하도 불러서 이름 닳는줄 알았대 ㅋㅋㅋㅋㅋ 그리고 코요태 두 남자 멤버가 쿨 형들한테 신지 챙겨줘서 고맙다 했다고 ㅋㅋ,22334,2024-12-25T13:49:52Z
tPGD0THDozM,UgyhlHC1Cel_DfO8hi54AaABAg,@라랄라0735,백지영도 그랬음 유리가 제일 부러웠다고. 혼자 활동해서 외로웠는데 유리는 오빠들이 지켜주고 이뻐해주는게 눈에 보였다 했음,2752,2025-05-31T10:14:31Z
tPGD0THDozM,UgzEMjdM53SdN-QoG1J4AaABAg,@anoim8175,유리 활동할때 설레고 좋았겠다 캔디가 따로 없네,8093,2024-12-17T13:00:02Z
tPGD0THDozM,UgxTTcf8HMLr1GXHyqN4AaABAg,@Olive-i8g,그냥 이재훈이 유리한테 푹 빠진것 같은데..,288,2025-05-29T20:55:40Z
tPGD0THDozM,UgylHZOG3OpE5zUM9l94AaABAg,@용사-d1t,주변 사람들이 저렇게 이뻐해주고 챙겨주니까 어떤 사람인지 전혀 몰라도 너무 이쁘고 사랑스러워보임,3871,2025-06-01T10:15:31Z
tPGD0THDozM,Ugxz0rJfw8CBSwhQG-d4AaABAg,@푸찡-o6e,"진짜 개부럽다
나였으면 아닌척 하지만
진짜 진심으로 사랑했을 듯ㅋㅋㅋㅋ",15553,2024-12-15T08:29:02Z
tPGD0THDozM,UgwV2n_9fI2vi5tdZEd4AaABAg,@hjeong0415,이재훈 잘생겼었네 ㅋㅋㅋㅋ 아저씨 된 모습만 봐서 몰랐는데..,11414,2024-12-27T05:01:32Z
tPGD0THDozM,UgyJmKb5PUeKqr-EXgB4AaABAg,@정선이-t7m,허리끌어당기는거 개설레네,8486,2024-12-14T19:27:36Z
tPGD0THDozM,UgyqzWKEgeEUdZd-X094AaABAg,@기여운소요니,사랑많이 받고 자란 이재훈.  사랑 많이 받고 있는 유리.,5522,2024-12-07T22:53:27Z
tPGD0THDozM,Ugy91sfS_0c-l4gjTnF4AaABAg,@응원777,와중에도 도드라지는 고수의 미모ㅜㅜ,8986,2024-12-22T01:19:01Z
tPGD0THDozM,UgzYRI7i66vahmzotRZ4AaABAg,@김윤희-j7e7l,허리 안는거며 눈빛이며 스킨십이  사귀지 않고서는 나오지않을 행동들  😅   연인사이  였네 진짜,502,2025-07-21T13:56:54Z
tPGD0THDozM,UgwAm2l1nvjUbkt1dM94AaABAg,@londonlondon4460,딱봐도 둘이 연애했었네. 같은 멤버 오빠로써 잘 챙겨주고 예뻐해주는거 그 이상임. 둘다 완전 귀엽다.,4146,2024-12-24T04:40:14Z
tPGD0THDozM,UgxdZGAUlE5NAcL2e_V4AaABAg,@이승민도연,유리랑 사귀었지요한때😂,1858,2024-12-09T17:13:18Z
tPGD0THDozM,UgwxLG6WDSoYzCB8bRp4AaABAg,@ddiddi90,개존잘 저 얼굴 저 미소를 보고 사랑에 안 빠지는 여자가 이상하지….❤❤❤,4786,2024-12-17T13:08:33Z
tPGD0THDozM,UgwqJcvn3UKuHZt9KEV4AaABAg,@끼욧-p3i,"그와중에 ""유리씨 손을 잡으면 뭐 유리한가요?"" 이러넼ㅋㅋㅋㅋ",1431,2025-01-11T13:42:30Z
tPGD0THDozM,UgxkiBev6AMJ2YLDIwR4AaABAg,@user-chypiuy2,와 이재훈 근데 진짜 존잘이다 .. 여자들이 환장하는 얼굴상,159,2025-07-09T09:25:41Z
tPGD0THDozM,Ugzn3QplY_bG2RwpqWd4AaABAg,@ymlee3901,드림팀 파이팅할때 이재훈이 김성수 손 잡아다 밑으로 깔고 유리 손 가운데로 넣고 자기 손으로 닫아버림 ㅋㅋㅋ 철벽방어,808,2024-12-19T12:54:51Z
tPGD0THDozM,Ugw9Ql1Jt8OG7vueU4F4AaABAg,@먀-y4n,마지막에 껴안는 거ㅋㅋㅋ 얼마나 귀여워 보였으면 반응이 죽으려고 그래ㅋㅋㅋ 아 개설렌다 진짜ㅠ,907,2025-06-12T17:13:44Z
tPGD0THDozM,UgxegTMJMdyeEsaT7ZZ4AaABAg,@kkkkkkkkkoo,나중엔 헤어질 졌울 지언정 이뻐 죽어하네. 사랑받는 기분 너무 행복하게 해주네 ㅎㅎㅎㅎ,2257,2024-12-25T15:57:11Z
tPGD0THDozM,UgwK4egiPx7u8InrSDB4AaABAg,@돈-n1w,유리가안좋아할수가없었네😂😂,3141,2024-12-11T12:04:35Z
tPGD0THDozM,UgzGg0dwACJvJ9SRd7B4AaABAg,@yussi.1,"이재훈 표정으론 티 잘 안내지만 다른 사람들이 유리 탐내는거 보고 질투 많이 했을듯...
남자들이 유리 손 잡을려고 할때도 표정 정색 됌ㅋㅋㅋ 그냥 유리 부럽다가 결론이다ㅠㅠ",1833,2024-12-20T12:47:58Z
tPGD0THDozM,Ugy4Db1VawbBk0WruZB4AaABAg,@Bemjjatkkitti,진짜 매끄럽고 여유넘치는 잘생긴 도련님 스타일이다 저런 인물 흔치않지,1348,2024-12-28T19:37:06Z
tPGD0THDozM,UgyPM7Maceo-2cvdu114AaABAg,@bambbangbam,저 정도면 사귀는 거 아닌가.. 아무리 친해도 저렇게는 안 할 것 같은데..... 라고 생각했는데 실제로 사귀었군요,565,2025-04-24T17:25:44Z
tPGD0THDozM,Ugzes7aPQRb9YbK-yiN4AaABAg,@pipieuna,"이재훈, 김성수가 양쪽에서 유리 손잡고 다녔음...큰오빠랑 끼쟁이오빠의 철벽보호받고 활동했다고 함요. 그래도 뭐 각자 할거 다하고 다녔으니 ㅎㅎ 유리 엄청 부러웠었음. 실제로 유리 보면 말그대로 개미허리..",883,2024-12-20T09:01:12Z
tPGD0THDozM,Ugzjo8w3N9ARVqbop1F4AaABAg,@better0725-w8g,진짜 잘생겼네요. 내가 왜 이재훈을 좋아했었는지 완전 기억나요,1410,2024-12-23T12:14:05Z
tPGD0THDozM,Ugx2-kEBsBAQpW00dS14AaABAg,@꼬몽이누나,유리의 백치미를 엄청 귀여워하는게 느껴진다 ㅋ,496,2024-12-26T04:54:38Z
tPGD0THDozM,UgxMctnXg3Wdt6R2iRN4AaABAg,@TV-js1ur,직장에 멋진사람있으면 꼭 사귀지않아도 근무시간이 즐겁지 ㅋ,27,2025-07-13T04:52:49Z
tPGD0THDozM,UgyPLE5O-lPhsiOcx5N4AaABAg,@miso_love_love,이재훈은 여자가 설레어하는 포인트를 정확히 아는듯😘,421,2025-01-01T01:34:03Z
tPGD0THDozM,Ugytofpzh1ob2Dyz8Vh4AaABAg,@벨루가루벨,"저시절 이재훈은 비빌자가없었음
잘생겼지 옷잘입지 재밌지 노래잘하지 춤잘추지
금수저에 날티에 부티까지
같이 가지고있었음
심지어 운동도 좋아해서 몸도 좋았음",486,2025-05-28T09:45:47Z
tPGD0THDozM,UgwpoRDBXg8kGW7Wl9d4AaABAg,@세젤바,미쳤다 삼촌 20년만 늦게 태어나주지… 저때도 인기쩔었겠지만 지금도 돌판 수요상이신;;,389,2024-12-29T13:09:33Z
1QYYOC9MbnY,UgxZZXlLUHwOXHdh_MB4AaABAg,@차밍슬이에요,"✅자료집 링크✅
https://charmingseul.notion.site/MZ-LIST-1ce8ff03b1578052a6fffccff71a7bf2",481,2025-04-08T01:14:52Z
1QYYOC9MbnY,UgyBz58171Ux63EPPbd4AaABAg,@이잉-k6g,신청ㄱ드립니당!! 영상 아주 잘 봤어용,6,2025-06-17T09:21:56Z
1QYYOC9MbnY,UgxECcg9SAfOS6olvS94AaABAg,@억만장자-i6b,영상 잘 봤습니다. 분석기 신청합니다!,1,2025-12-11T20:31:40Z
1QYYOC9MbnY,UgwRWuKwm8AB1Arz1ox4AaABAg,@HaRu_ilgi,신청합니다!!!,1,2025-06-20T09:27:24Z
1QYYOC9MbnY,UgxBjSDg0lIp1C0ZUnV4AaABAg,@프로n잡러쭈이,신청드립니당😊,0,2025-06-04T12:38:30Z
1QYYOC9MbnY,UgzG24flCj5g0turOUF4AaABAg,@totally-r9g,정말 아름답네요,0,2025-07-07T04:30:04Z
1QYYOC9MbnY,UgzAh2y-1vvT8kYyqM14AaABAg,@sbonce755,신청합니다!❤❤,1,2025-09-29T16:18:25Z
1QYYOC9MbnY,Ugxc1k4QnLMlGRnAzAB4AaABAg,@asbirdj,궁금해요 ❤,0,2025-05-06T17:47:40Z
1QYYOC9MbnY,Ugwpaw3XvbHBx1px1U94AaABAg,@뚱이-g5n,신청하겠습니당 !,0,2026-03-24T13:03:25Z
1QYYOC9MbnY,Ugy3IDREUGSbz9u0Fml4AaABAg,@하늘-g9f9n,궁금해여~~:),1,2025-07-11T07:06:14Z
1QYYOC9MbnY,Ugza7z4vdbiA5N4L6iF4AaABAg,@김세은-z3w,신청합니당,0,2026-07-09T09:23:30Z
1QYYOC9MbnY,UgyR7zWOY8SOQYwAP3d4AaABAg,@lee-kf8gf,신청합니다!!!부탁드립니당 ㅎ,0,2025-09-01T10:23:15Z
1QYYOC9MbnY,Ugylm82Dl6OIYNX0g1p4AaABAg,@설찬식,신청할게요 ㅜ,0,2025-09-04T12:11:33Z
1QYYOC9MbnY,UgzCLNh2KY-w7lL3Tqx4AaABAg,@지요미-q4x,저도 신청합니다❤️😆✨,0,2025-08-31T13:28:56Z
1QYYOC9MbnY,UgzW0TkJ8Sw6VP8j5lV4AaABAg,@서영-p6e,신청이요 !,0,2025-06-11T22:50:50Z
1QYYOC9MbnY,UgzZeiH7JlwiYBhdpnV4AaABAg,@Hyeon2-p4z,궁금해요!,0,2025-05-19T22:47:13Z
1QYYOC9MbnY,Ugxak2unR7yhpdTAAnt4AaABAg,@won2839,신청드립니다!!,0,2025-06-12T01:55:16Z
1QYYOC9MbnY,UgztaMeCCjc6RNnGHxh4AaABAg,@끙정몬,신청드립니다!! 부탁드려요~!,0,2025-06-18T06:37:43Z
1QYYOC9MbnY,UgwkuuLruEGNZ5fwPe54AaABAg,@박준호-e8g,신청할게요,0,2025-05-10T06:47:27Z
1QYYOC9MbnY,Ugz4WrKh_KPFJFK1_-94AaABAg,@예지닠,신청합니다!!,0,2025-07-30T08:27:00Z
1QYYOC9MbnY,UgxIf8X0E-AoVhHK3xl4AaABAg,@lug4875,신청합니다 ❤❤,0,2025-08-24T08:28:16Z
1QYYOC9MbnY,Ugzb0IXlnTV60OSkSwp4AaABAg,@SoulLuna01,신청합니다,0,2025-08-09T16:18:27Z
1QYYOC9MbnY,UgyCgbAUzSnnIT_Gwgl4AaABAg,@hahaha4243,궁금해요🎉,0,2025-11-11T01:55:26Z
1QYYOC9MbnY,UgxWZedSKBWgQy-qUCN4AaABAg,@왕뜨꺼엉,신청요!!,0,2025-06-23T11:12:08Z
1QYYOC9MbnY,UgzImzBZKcP9-tMHQ6R4AaABAg,@바힣,링크 받고싶어요🥹,0,2026-07-07T02:40:10Z
1QYYOC9MbnY,UgyhfhvFgt7H-qCw-IZ4AaABAg,@도가니-z1z,구독!!!  저두요 신청합니다.,0,2025-07-14T22:09:25Z
1QYYOC9MbnY,Ugx_vHCIuYuYV0vHGU14AaABAg,@withseo,궁굼해요!,0,2025-07-14T07:18:21Z
1QYYOC9MbnY,UgxhFdVLQSKV5MKuVAh4AaABAg,@comfort-1le,신청합니다아,0,2025-06-25T02:23:05Z
1QYYOC9MbnY,UgxG4bmlwh8nNDdbSXF4AaABAg,@노마드크리스9시,신청여!!,0,2025-06-12T14:30:25Z
1QYYOC9MbnY,UgzBj6e3jwUsl9hOLtF4AaABAg,@더블랙-v1g,안경 정보 브탁드려요❤❤,0,2025-09-09T22:45:29Z
eTHOngVKONA,Ugxgi8VvSOS8scBgWZF4AaABAg,@마더테레사-2234,술때문에 망한다. 술끊어야지..,222,2025-08-04T13:57:05Z
eTHOngVKONA,UgxqG0W2_IkFWqwiahR4AaABAg,@oppoq13579,저말이 어느 누구나 귀담아 들어야할 이야기임은 분명함.,240,2025-08-07T09:49:26Z
eTHOngVKONA,Ugz0_POZ5zldPDWu1yx4AaABAg,@율브로-w7m,성지순례왔습니다,62,2025-12-06T00:26:47Z
eTHOngVKONA,UgzgMRB2R7_W4Cywm0x4AaABAg,@헬로하몽,성지순례ㅋㄱㅋ,313,2025-12-04T07:37:42Z
eTHOngVKONA,UgzdZimGygt0e3mjS714AaABAg,@승율이-m6t,"첫 화면에, 눈봐라 ㅋㅋㅋㅋㅋㅋㅋㅋㅋㅋ 드릅다 드르버",72,2025-12-07T02:58:27Z
eTHOngVKONA,UgzfoO2OHP7mNX4dV1p4AaABAg,@도날드-l4v,딱일세 오늘보니 한참된 행동이였네 전매니저들이니 사주로 흥망을 나오나보네 초심이아니라 본심이겠지,57,2025-12-04T08:39:19Z
eTHOngVKONA,UgzbWo-TWCzxMtOy3DF4AaABAg,@sj맘,몇년전에 이렇게 얘기하심!주위사람들도 끼리끼리모이죠...,36,2025-12-05T11:45:46Z
eTHOngVKONA,UgznPCAeoVJA-byoOMV4AaABAg,@songsong567,이거 4년 전 영상임,23,2025-12-09T15:08:52Z
eTHOngVKONA,UgyHRF0W-tqWurNXGCt4AaABAg,@Charyeoksa,사고쳐도 막아주는 전용 방송국,116,2025-08-09T09:11:58Z
eTHOngVKONA,UgwlUl6_lgo4QYuve_94AaABAg,@k천사-i4n,"와
이분대단하네
4년전방송인데...",441,2025-12-06T12:47:44Z
eTHOngVKONA,Ugx0kquKvEKVoOmRsXt4AaABAg,@최지혜-x8j,저 이 영상 박나래사건 터지기전에 봤던거 기억해여.. 자주뜨던영상 중 하나였는데,5,2026-03-06T13:41:56Z
eTHOngVKONA,Ugycf4ptigK80B2bWzB4AaABAg,@행복을찾는이,난 무당아니라도 저애 딱보고 감잡았다 예전부터 저애는 연예인이라 그속에감쳐있지,18,2025-09-23T11:19:56Z
eTHOngVKONA,UgxPsSd_oFeMfOXLbHR4AaABAg,@크톤이,오히려 이 무당 관상이 진짜 사기꾼 관상인데 사람들 진짜 순진하네..,3,2026-01-18T15:23:22Z
eTHOngVKONA,Ugwg4w6vb4N2vb7OJTN4AaABAg,@hyunhaekill,예언적중,13,2025-12-05T11:20:16Z
eTHOngVKONA,Ugwfs5x34rJxQJtFlmd4AaABAg,@정용옥-e5p,좋을때가있으면나쁠때도있겠죠,30,2025-07-28T05:52:20Z
eTHOngVKONA,UgxjPYzLXmaQ5bXYwp14AaABAg,@강호의도리,대부분의 연예인한테 억지로 끼워맞추면 다 공감할 말 같은데,2,2026-02-20T17:23:48Z
eTHOngVKONA,UgzlniMjZ_WwFEQEfxd4AaABAg,@마린보이-y3d,박나래 뜬거 자체가  미스테리 .별로 웃기지도 외모도 별로인데 박나래 방송에서 스타로 키운듯,24,2025-12-09T15:10:30Z
eTHOngVKONA,UgxVYwhWQIZRAXQFEOx4AaABAg,@적설-f4n,기안에게 기안84 초기 방송때 전씨랑 같이 함부로 할때부터 알아봄,292,2025-12-04T15:23:06Z
eTHOngVKONA,Ugz4PN9MYhTTSFdbW6x4AaABAg,@신_cho,보아가전현무보고 박나래보다 오빠가 아깝다는말을 이제보니 보아가 사람볼줄아네 ㅋ,132,2025-12-08T11:13:29Z
eTHOngVKONA,UgxduKNmbZ2Z7S4nuxB4AaABAg,@안효주-x3u,ㅋㅋㅋㅋ 구설없는 사람도 있나?,3,2026-03-04T16:59:20Z
eTHOngVKONA,Ugw_RFkmtkSY3giNtMp4AaABAg,@ggugi-p4z,"3
정확합니다😂",14,2025-08-18T15:22:27Z
eTHOngVKONA,UgzYR7TPQ9X8gh5e35R4AaABAg,@hyoza-c6h,"개구리가 올챙이적
생각 못하면 반드시 큰
탈이 나더라구요~~~",3,2025-12-08T00:53:54Z
eTHOngVKONA,UgyalUFahaDluemDfoB4AaABAg,@조한석-y8k,"여기에 사주를 올렸으면 당연히 최근 이슈가 있겠지.  집안 좋고 탄탄대로 이상 없으면 사주를 물어봤을까? ㅎㅎ
인생 52년차 매년 사주 운세를 보지만 단 한번도 맞은적이 없고, 내 삶에 이들이 말한 순간과 비슷한 적 역시 한 해도 없었다.",13,2025-08-03T14:20:22Z
eTHOngVKONA,UgwZy0RLBvaR1D3H5zR4AaABAg,@Abccdfghh,역시!!!  성지순례왔습니다~~,2,2025-12-06T10:05:27Z
eTHOngVKONA,Ugx4Z9SY1k0j7lnfY4d4AaABAg,@뀨뀨뀨-o1d,와 이거 몇년전에 보던 영상이라 주작 절대 아닌데...대박,1,2025-12-10T05:12:16Z
eTHOngVKONA,UgwCytwz9eYWnOmLx_l4AaABAg,@wn_baceta,"사주 그렇게 잘 안믿는데 이건 좀 개쩌네
시험 합격하게해주세요",22,2025-12-04T17:41:35Z
eTHOngVKONA,Ugy9M6xfh9mEIClvov14AaABAg,@skak8305,"없는자가 있어지면 어려울때 다 잊는법이지..
연예인은 한 순간인데...
나래 요즘 위태위태해.. 조심하자.",21,2025-08-06T02:30:15Z
eTHOngVKONA,UgzvHja8hBCPDRP-lft4AaABAg,@4m2026,대박이다,1,2026-02-27T09:07:00Z
eTHOngVKONA,UgxHWew2AucWZjUuPJF4AaABAg,@보람이엄마,맞습니다 정말 용하시네요,1,2025-12-10T11:59:03Z
eTHOngVKONA,UgwR6dRcPQ-qVq2S9194AaABAg,@Happyzumma007,난 처음부터 겸손한 사람같지 안아보였어. 겸손한 사람처럼 보일려고 노력하는 사람 같아 보였는데... 지금이 본성이 나오는건 나닌지... 사람은 오래 바야 하는것 맞는것 같다를 또 깨닫는다.,1,2026-03-01T04:42:10Z
cRwnxCC5BWg,UgzZjmtc8ekwOtX4xut4AaABAg,@호캠프,"캠핑장 자세한 소갠 영상 하단 관련 영상을 확인 해주세요 ㅎㅎ
양평 스테이네이처 캠핑장입니다",19,2025-08-11T02:46:02Z
cRwnxCC5BWg,UgykMkHAoJ9wtklL_Al4AaABAg,@Sndnjdbsvajdndjebdbd,허허 완전 다닥다닥. 너무 욕심내셨다.,38,2025-09-03T06:59:19Z
cRwnxCC5BWg,Ugy7hncvLZ33LxLJtuJ4AaABAg,@micro-habitat,"와~~~ 사이트 간격 보소 ㅋㅋㅋㅋㅋ
숨은 쉬어지려나",21,2025-08-11T13:42:47Z
cRwnxCC5BWg,Ugwd5zCBLd3YGjPSyNh4AaABAg,@bj-sr5pw,나무도 크고 시설 좋네요😊,1,2025-08-11T12:04:36Z
cRwnxCC5BWg,UgzJsp5CO2K2TiISfdh4AaABAg,@apdaepak2200,저런 곳 가면 스트레스만 받는다잉,5,2026-03-03T17:23:01Z
cRwnxCC5BWg,UgxaAxUkV8_XUQJTGVN4AaABAg,@user-jw8wp3wp5z,잠버릇심하면 옆사이트에서 같이잘수도,6,2026-02-03T01:51:55Z
cRwnxCC5BWg,UgyVmbC5sBwSzNfi82F4AaABAg,@트래블러w,아 오늘 영상 올라온곳이군요 ㅎㅎ,1,2025-08-12T12:04:39Z
cRwnxCC5BWg,UgyhuAPfzN7aKvEbhN14AaABAg,@Tech__Tag,메타세콰이어 사이 사이에서 캠핑 할 수 있는 곳 있었네요~ 여긴 꼭 기억해뒀다 가봐야겠어요~,0,2025-08-11T07:04:07Z
cRwnxCC5BWg,Ugzn91DCbdMiSk9l8At4AaABAg,@Oingad,벌레 장난아니겠다,1,2026-05-31T00:57:32Z
cRwnxCC5BWg,UgwM8_2j7KA-haINGAZ4AaABAg,@MsNamsu,다닥다닥 붙어있네요~~,4,2026-04-16T06:57:43Z
cRwnxCC5BWg,UgyDXos-QLvS2sMGUu14AaABAg,@Redcarpetso,다다닥 캠핑장,1,2026-04-20T10:46:20Z
cRwnxCC5BWg,UgwlUOaq0NoR5k8e-sl4AaABAg,@뚱이-s4u,웃지요,2,2025-08-11T11:37:41Z
cRwnxCC5BWg,Ugw_WI0PToKTD6nO88p4AaABAg,@M975TH,옆테크 속삭여도 들리겠네,19,2025-08-11T06:15:48Z
cRwnxCC5BWg,UgzFwXvC98qup4No-G14AaABAg,@momommm2454,다닥다닥,3,2025-10-31T23:51:22Z
cRwnxCC5BWg,Ugzp4pro8GzUMthkqz14AaABAg,@선우자빈,얼마인가여?,0,2025-08-13T08:33:12Z
cRwnxCC5BWg,Ugx0aI6ggTixEPiD_tJ4AaABAg,@쏭주부행복한일상,차박도 가능 할까요?,0,2025-08-14T02:20:34Z
cRwnxCC5BWg,UgzIhcKSzl0T4WvIqJh4AaABAg,@dallaene,데크간 간격이  좁아보이는데   실제후기가 궁금하네요...,0,2026-07-06T03:09:41Z
cRwnxCC5BWg,UgyIJZdau0txRmlmtPZ4AaABAg,@나고남,참 좋은곳인데 예약이 너무 어려워요 ㅋㅋㅋ,0,2026-05-24T18:54:42Z
cRwnxCC5BWg,UgxhxNn9Hy-cUejgBel4AaABAg,@전투병아리-d6r,세시 입실 열한시 퇴실,6,2025-08-13T04:05:29Z
cRwnxCC5BWg,Ugxd2kmsVMOsvgouWcZ4AaABAg,@InChung-os7hz,사용료가 얼마인지도 알려주세요.,0,2026-04-15T21:11:34Z
cRwnxCC5BWg,Ugxb-6JCHAh-d5Z-D1l4AaABAg,@채운철-w1n,위치는?,0,2025-08-13T08:21:11Z
cRwnxCC5BWg,Ugz9BZ6wdoC2EGdJNvZ4AaABAg,@김후추-l7s,여기가 어딘지 모르는데  알켜주심 안돼나요?,0,2026-05-17T14:05:55Z
cRwnxCC5BWg,UgwHtmEC6UIz5iI5yWZ4AaABAg,@시월이-f3d,애견동빈가능한가요?,0,2025-08-12T15:58:50Z
cRwnxCC5BWg,Ugyfj223s9JCwBtLS854AaABAg,@jammini9417,난민촌도 아니고 옆텐트 뺘스 갈아 입는 소리도 들리겠다,0,2026-03-17T13:57:35Z
cRwnxCC5BWg,UgzH0uCmG3dphEpRXcx4AaABAg,@러니-o8w,"내년 8월까지 예약이 안되는데
다음주 어떻게 또 가는거예요",0,2025-08-23T08:21:29Z
cRwnxCC5BWg,Ugwl3TAfZQZbxVLMopR4AaABAg,@신선미-c5j,어디인가요?,0,2025-09-21T00:47:45Z
cRwnxCC5BWg,UgxFlVGDzNj1kMvwh8l4AaABAg,@user-asd-lko,어딘지 알려주지도않네요,0,2026-06-08T09:00:23Z
cRwnxCC5BWg,UgzEVUR-fe7HgqKTGk94AaABAg,@dexterity119,JTBC,0,2026-06-11T02:29:21Z
cRwnxCC5BWg,Ugx6l1AZkjERzzFluRR4AaABAg,@타이어우드,광고 실패,2,2025-11-05T14:46:47Z
cRwnxCC5BWg,UgyQLibwyx_JjBrOkV54AaABAg,@쩡아-i6b,캠핑 데크 간격이 너무 좁네요,1,2025-08-14T20:50:44Z
gkpkAxKmGN8,UgxDZFwmp3JbI8yogYF4AaABAg,@zoozoovara,"📌 [정답 자막]

1. 단팥빵 – 중국산 팥 앙금 + 고당도 + 트랜스지방


2. 소보로빵 – 마가린·쇼트닝 가득한 첨가물 덩어리


3. 야채피자빵 – 남은 재료 재활용 + 중국산 냉동 토핑


4. 찹쌀빵 – 중국산 찹쌀가루 + 당도 높고 쉽게 상함




---

📎 [설명란 & 고정댓글]

이런 빵은 조심하세요!

1. 단팥빵 – 중국산 팥 앙금이 주로 사용되고, 당분과 트랜스지방(발암물질)이 높습니다.


2. 소보로빵 – 마가린, 쇼트닝 등 몸에 해로운 첨가물이 듬뿍 들어갑니다.


3. 야채피자빵 – 남은 재료를 재활용하거나 중국산 냉동 토핑을 쓰는 경우 많습니다.


4. 찹쌀빵 – 중국산 찹쌀가루 사용률 높고, 당도 높아 쉽게 상할 수 있어요.



싸다고 다 좋은 게 아닙니다.
건강바라 구독하시고, 매일 젊어지는 건강 꿀팁 받아가세요!",707,2025-08-02T07:05:41Z
gkpkAxKmGN8,Ugx5ti37SrKkXAz3fz14AaABAg,@나불러줘-f9p,2번 눌러 하는것들은 다 걸러야 함 허위정보,240,2025-08-06T07:36:04Z
gkpkAxKmGN8,UgyZc2AhxN6rozV8T6R4AaABAg,@블루사파이어-z6u,빵 자체를 안 먹는게 좋아요 요즘 빵들은 토핑만 잔뜩 올려서 비싸기만 하네요,135,2025-08-07T02:19:50Z
gkpkAxKmGN8,UgwirML6_DfPInyCvYZ4AaABAg,@챠챠-i6n,대형프렌차이즈는 그러나 직접만드는 빵집은 팥도 동네 떡집서 삶아서 공급받는곳도 있습니다..일부를 전부화하는건 아닌듯..,9,2025-08-08T02:49:47Z
gkpkAxKmGN8,Ugy2QtS-_6s3mPChcvl4AaABAg,@이성혁-t2c,"왜 이렇게  두번 누루라하고
정답도 빨리지나가고
이런방송 안했으면 합니다",511,2025-08-04T15:38:36Z
gkpkAxKmGN8,UgyeQ459z3nzxx_zwGJ4AaABAg,@Borasuny,손으로 잡는걸 보니 우리나라는 아니네...,41,2025-08-04T01:06:00Z
gkpkAxKmGN8,Ugy59dbrWNRd3xL0FXt4AaABAg,@김화숙-i5m,"이런 유트브 보지 맙시다
두번 누르면 보게 해야지 뭐야 !!
다신 안속는다!!",133,2025-08-06T11:48:40Z
gkpkAxKmGN8,UgwGpem5zbP9WkodsdF4AaABAg,@ans-te2lp,"제빵학원에서 쓰던 단팥, 앙긍등등 실온에 한달을 보관해도 썩지 않더라구요. 그리고 어마어마한 설탕. 빵은 거르는게 맞음. 요즘 떡도 설탕덩어리",66,2025-08-07T00:34:49Z
gkpkAxKmGN8,UgwmxL--0d6iyBLN5pB4AaABAg,@민아-l6l5g,내가 좋아하는 빵이네요 😢,12,2025-08-08T08:03:52Z
gkpkAxKmGN8,UgwxS1WkvrKxV8Q0Cex4AaABAg,@정희이-e8m,그렇게 생각하면  빵자체를 먹지말아야지,8,2025-08-04T02:08:06Z
gkpkAxKmGN8,UgxzPRLhLsP_nXItsOR4AaABAg,@설록홈,소보로를 진짜 버터에 우유넣고 하니 맛이 완전 다르더라 ㅋㅋ,7,2025-08-07T16:01:47Z
gkpkAxKmGN8,UgzN9tZsSbfZsL3tVnt4AaABAg,@예수님-s3o,저 쇼츠마냥 두번 누르라 하고 뭐 알려주는 정보는 거의 개쌉소리고 빵이라고 막 다 최악의 빵만 있는것도 아닌데 그걸 알려주지도 않고 저 빵들 다 몸에 해롭다고 이상한소리하는거,2,2025-10-18T04:20:46Z
gkpkAxKmGN8,Ugxuxj9ZXnlMo2C438d4AaABAg,@크라상-z6s,"두번 누르면 좋아요가 올라가거든요
낚이는거죠  여러분 낚이지맙시다!!!",2,2025-08-07T03:34:43Z
gkpkAxKmGN8,Ugy5DK7C6dtb2Gq6Mn94AaABAg,@미친샤크,이게 말로만 들은 빨간약...?,0,2025-12-07T14:29:32Z
gkpkAxKmGN8,UgwN0pe7VYpEK9Q4Ubd4AaABAg,@qhrud83보경이,갑자기  빵이  땡긴다ㅠㅠ,1,2025-08-08T13:49:53Z
gkpkAxKmGN8,Ugxb7P4qzDNCcQC9qLB4AaABAg,@calmho,어쩌다 보이던 좋은 빵집이 이젠 잘 안보이고 출처모르는 빵만 가득한  돈money집만 많아진 세상,1,2025-08-08T19:59:23Z
gkpkAxKmGN8,Ugwt7OqtD-gRLoDyrA54AaABAg,@TOMMister4428,이 채널 덕분에 빵집 현실을 알게 됐어요. 저도 관련 콘텐츠 다뤄요!,0,2025-09-17T07:59:44Z
gkpkAxKmGN8,Ugwp_CKoYu1_WdNT-2F4AaABAg,@노춘선-d7u,알려주셔서 너무 감사합니다😊,1,2025-08-06T15:06:33Z
gkpkAxKmGN8,UgwAln5Kwb0m14vfUvR4AaABAg,@TOMMister4428,"따뜻한 빵 향기처럼, 영상에서도 마음이 포근해지네요 🥖🤎 구독으로 매일 함께할게요",0,2025-09-22T14:49:04Z
gkpkAxKmGN8,Ugzzt6_boioveV1OPnF4AaABAg,@에스피-z2g,"너무 빨라서 구분이 안 되네요,
할 수 없다,
모든 종류의 빵을
안 먹기로",2,2025-08-16T23:14:36Z
gkpkAxKmGN8,UgzU9-Hk7-TV8mE6jxV4AaABAg,@이진혜-b2k,발효종이 들어간 건강빵을 드세요 ^^,1,2025-08-12T02:51:18Z
gkpkAxKmGN8,Ugy8uS8YPfwgvY4vT1t4AaABAg,@사이카-ssis,"빵 많이 먹으면
빵빵해집니다요~ 😂😂😂",0,2025-08-29T23:02:35Z
gkpkAxKmGN8,UgxlsrA7dUJ-NpdQ7Xx4AaABAg,@애니-l2f,"어떤 해로운 첨가물을 넣을까요?
제가 아는 빵집 사장님은 본인과 자기 아이들도 먹이시던데...",33,2025-08-03T06:14:53Z
gkpkAxKmGN8,Ugz39k9pC719cWt0Ixl4AaABAg,@허정희-k1f,"예전엔 빵 좋아했는데 요즘은 밀가루 음식 안 먹습니다.
그래서 그런지 몸이 자꾸 좋아집니다.",38,2025-08-06T19:10:03Z
gkpkAxKmGN8,UgyQCcmggHpTdTtz0U14AaABAg,@은주이-s9m,헙 단팥빵 사왔는데,12,2025-08-03T00:23:46Z
gkpkAxKmGN8,UgxDeVrP4dl3oR4ttVV4AaABAg,@서준-v5p,버터 떡 ㅋㅋㅋㅋ,1,2026-03-23T15:16:01Z
gkpkAxKmGN8,Ugy_zC3NOQQfSxTqLrN4AaABAg,@knin11,빵집 사장은 다른 빵도 안 먹던데요 남은건 다 싸주더라구요,1,2025-08-14T06:29:56Z
gkpkAxKmGN8,UgyXuJe6sCXwzfFpRoZ4AaABAg,@망고-q8y,야채피자 빼고는 다 내 최애빵..ㅜㅜ,2,2025-08-08T05:09:22Z
gkpkAxKmGN8,UgwfpUjz-Gel-13Dfdx4AaABAg,@user-gl6gw6fr,요즘 달디 단 빵이나 똑은 안 먹는 추세죠 발효 통밀빵이나 베이글이 인기가 좋더라고요,2,2025-08-06T14:33:46Z
gkpkAxKmGN8,Ugz6ng01ywjbbe626KZ4AaABAg,@sbjang8148,"빵은 소고기처럼 고급과 하급의
가격차가 천차만별임. 투뿔한우랑
수입냉동소고기다짐육 차이가큰것처럼
빵도 싸게만드려면 거의 화학약품
잘만드는곳은 정말좋은재료쓰고
1000원짜리 착한빵집아닌이상
우리나라 빵집들은 눈이높아서
비싼재료들 쓰는곳이 훨씬많아요",6,2025-08-06T01:15:50Z
9-nF7piIlr0,Ugwy1nYrS47Mfgf0jW14AaABAg,@lilillliiililllii,와 지린다,1,2023-04-18T20:57:12Z
9-nF7piIlr0,UgwACUYWu3cjoIljZzl4AaABAg,@이름-n9x,오늘도 착해지는 날이였네요 ㄷㄷㄷ,0,2023-04-18T10:27:59Z
9-nF7piIlr0,Ugx_4gs_Plb7Kh20H0N4AaABAg,@해즌-love,"아  노래가 타이빙이ㅋㅋㅋ
ㄱ",0,2023-04-18T10:22:23Z
MkY_zq-u5Bo,Ugzh0ggD-180iW_d8-94AaABAg,@찔레꽃실지화,잘봤습니다 좋아요 😀,5,2023-02-20T03:28:52Z
MkY_zq-u5Bo,UgxQ3pCa0W3vlWp7Kp54AaABAg,@ysh4545,비가 오면 고생이지만 또 입질이 찾아와 주네요~ ^^,5,2023-02-20T03:28:56Z
AcS7iER9qUo,UgxaLW-sfPz6HVQc8y94AaABAg,@왔다장보리-f6g,멋있는 분이시네...개발하신것도 대단한데 따라해줘서 유명해졌다는 대인배적 마인드가 훌륭하시다.,3626,2026-01-14T05:00:31Z
AcS7iER9qUo,UgyBBwyPPqckfO2XO4l4AaABAg,@조파운드,전국 배아픈 카페 사장님들 몰려오셨내ㅋㅋㅋ,5652,2025-12-31T00:53:39Z
AcS7iER9qUo,UgzlXRh1W8jWKBK-SkF4AaABAg,@김해떠난낭만청년,백종원 : 그거사실 30년전에 내가먼저 개발했어유.,587,2026-01-20T07:16:01Z
AcS7iER9qUo,UgwQ4e-hr9ZGC6OkLrt4AaABAg,@yayay-kh2ri,"사람들 진짜×1000 꼬였구나
홍보영상찍으니까 얼굴 노출하려고 마스크 안쓰는거고 원조라는거 이렇게 착한 멘트로 어필하는게 아니꼽나봄. 지들보다 그릇큰 사람이 있다는게 인정이 안되나봄😂",3605,2026-01-02T08:52:07Z
AcS7iER9qUo,Ugx3rrpt-UfGmWpN-wR4AaABAg,@박순홍-y3h,"아 원조구나
대박나세요~
 원래 원조가 최고임",1748,2026-01-17T10:18:44Z
AcS7iER9qUo,UgypR6ZPOqu0tcI_vph4AaABAg,@HAITCH-jaj,이젠 그냥 신기하다,5,2026-04-29T10:01:32Z
AcS7iER9qUo,UgxvGLimS586_fNWMMN4AaABAg,@ejun8061,댓글꼬라지보니깐 두쫀쿠 먹을땐 여기서 사먹어야겠다,2030,2026-01-01T05:49:39Z
AcS7iER9qUo,UgwDUj9pAUV_05uA_nx4AaABAg,@피자의사자,"악플 : 1%
악플을 욕하는 댓글 : 99%",2670,2026-01-14T13:42:22Z
AcS7iER9qUo,UgyVRwoX9v-eIG5dySp4AaABAg,@PURR-e1v,위생 진짜 마스크 끼고 근무 하기는 하는갚,12,2026-02-16T03:30:51Z
AcS7iER9qUo,UgxcaAsgcFJENFaBQ614AaABAg,@김창배-p1x,마인드가 정말 좋으시다 첫개발자의 두쫀볼 먹어보고 싶다,50,2026-01-12T01:18:48Z
AcS7iER9qUo,UgzcHVlKyr3c-XmOHRB4AaABAg,@장영민-h8h,"두바이 쫀득쿠키보다  뒤에 백그라운드에 에베레스트 냉장고 
내가 as하는 브랜드임 부성냉장고 국내기업이고  국내 제조생산합니다
비싸지만 좋은 중견기업 냉장고임 식당사장님들 많이 써주세요 ㅋㅋㅋㅋ",698,2026-01-15T01:28:33Z
AcS7iER9qUo,UgzfUo2jNjQMzQIscs94AaABAg,@구급차-n2h,근데 4개에 25000원이 넘고 저번에  기계 오류로 카디이프가 검나 조금만 들어가 있던데 환불은 해주셨나요?,50,2026-02-16T05:36:07Z
AcS7iER9qUo,UgzA6bHTeRX2tncx0Ut4AaABAg,@raulcoreano,댓글 덕분에 이곳으로 가야겠다는 마음이 확고해짐ㅋㅋㅋㅋㅋㅋㅋ,201,2026-01-13T09:56:00Z
AcS7iER9qUo,UgxGrE-Xdv5SVFx9yyR4AaABAg,@joel-2095,사장님 아이디어 멋져요. 덕분에 많은 사람들이 맛있게 먹구. 한국 쿠키로 유명세도 타요. ❤,22,2026-01-15T11:23:46Z
AcS7iER9qUo,UgwQMo7K35QsDPItUuB4AaABAg,@Sseondaylife_94,"예전부터 멋있는 분인건 알았어요ㅋㅋ!! 잘되셔서 제가 다 기분이 좋습니다! 
행복한 새해 되세요!!❤",0,2026-01-23T01:06:33Z
AcS7iER9qUo,UgxI_1Qj4Qg_Yk5H87V4AaABAg,@Kim_juuuu,올해 4월달인가 5월달쯤 사먹었던 기억이 나긴하는데.. 그때 이렇게 유행하기 전이라 초반에 만드신건 맞는듯싶네요.,62,2025-12-26T03:52:33Z
AcS7iER9qUo,UgwkZ7-m2Ndk_k86m_54AaABAg,@강유가,댓글 왤케 호들갑이노 침 뱉은줄ㅋㅋㅋㅋ 하나 사먹고 싶긴 하네,320,2026-01-03T17:06:42Z
AcS7iER9qUo,UgwP9SKb2eUuEWq8NLF4AaABAg,@채피디와상상하이,나 같으면 겁나 안좋을거같은데 오히려 감사하다고 하는 사장님이 대단하네,81,2026-01-27T10:17:37Z
AcS7iER9qUo,UgzD2efbY69zCizHXPp4AaABAg,@user-nawon,애초에 두바이초콜릿 자체가 모든 가게가 다 따라 만드는거였는데 뭐 억울하고 말고 할 게 있나,1975,2025-10-30T05:10:01Z
AcS7iER9qUo,UgzvJtWyJYWxMe54r2B4AaABAg,@인간-x3u6e,인간들 남한테는 진짜 존나 엄격하네 본인들한테 이리 엄격했으면 미국도 잡았겠다 ㅋㅋㅋㅋ,1288,2025-12-30T11:34:36Z
AcS7iER9qUo,UgyhrbiljY7R8EtvHNZ4AaABAg,@pugnaiustitiae533,"마쉬멜로우 피+ 피스타치오 스프레드 조합과 두쫀쿠라는 명칭을 처음 사용한건 달라또, 지금 현재 대중들에게 널리 알려진 형태의 두쫀쿠를 처음 만든건 몬트쿠키임",2,2026-02-08T14:10:16Z
AcS7iER9qUo,Ugyfa4NvEcFYuBH1d8p4AaABAg,@이름있음-y3o,아니ㅜㅋㅋㅋㅋㅋ 광고영상에 무슨 마스크를 요구해 ㅋㅋ ㅠㅠ,237,2026-01-09T06:53:51Z
AcS7iER9qUo,Ugy_V5-CM5EhqyoKJC54AaABAg,@카피바라카피바라-z6r,"댓글 다 왜이래…(두쫀쿠 맛있겠드아, 여기가 원조인줄은 처음 알았네용 다음에 두쫀쿠 먹을덴 여기서도 먹어봐야겠어용)",15,2026-01-04T11:29:05Z
AcS7iER9qUo,UgyX1HyNZt_UwtAaewN4AaABAg,@나는누군가-f4x,백종원:어 그거요? 그거 원래 제가 최초에유 ~,2,2026-04-04T05:37:08Z
AcS7iER9qUo,UgwFJf9R7O4G45_XC694AaABAg,@불편러-n3f,여기 댓글왜이럼 당황스럽네,2007,2025-12-29T09:57:43Z
AcS7iER9qUo,UgzaNNTHd_WckPeMKV94AaABAg,@모엥이,댓글보니까 꼭 여기서 주문해먹어야겠다ㅋㅋㅋ,84,2026-01-14T22:55:38Z
AcS7iER9qUo,UgyvWhIxVyYNbjRgpTx4AaABAg,@theloid8782,"만든 사장님이 쿠키집이라 쫀득쿠키라고 이름을 한 모양이네
실제로는 떡이잖아",3,2026-03-23T03:19:59Z
AcS7iER9qUo,UgwyIBahKjnjtu_b8gl4AaABAg,@상상게임-s5j,"진짜 불편러들 지들이 당하면 고소 존나 남발할 것들이..
걍 경쟁 업체 알바들인듯",48,2026-01-11T10:58:13Z
AcS7iER9qUo,UgzoJf7ZmWSzkaSKO2p4AaABAg,@안녕히계세용,두쫀쿠 만드는 카페들은 이 사람한테 고마워해야지ㅋㅋ,239,2026-01-11T14:15:26Z
AcS7iER9qUo,UgyRchAbE3SpM-J-_Pt4AaABAg,@festival_noodle,"우와 두쫀쿠 개발자 분을 뵙게 되네요. 타 업장에서 먹어보긴 했지만, 어떻게 이런 상품을 만드셨는지 진짜 엄청 맛있었습니다. 사업 번창하시고 다음에 또 이렇게 엄청난 상품 만드시면 꼭 알려주세요!",1,2026-01-19T06:39:17Z
LLAXQnWdvqU,UgzHt3nwVYSRso0byht4AaABAg,@유연이-c2w,려운님사극너무잘 어울려요또다시사극에서만나고싶어요,1,2023-06-14T13:02:29Z
LLAXQnWdvqU,UgzWwXZDfScNwqbKf8J4AaABAg,@kyg557,11화 입니다.,0,2024-05-15T10:45:12Z
6VOT5zyHhSY,Ugz5KvObQz7pfdarBMJ4AaABAg,@POWER-ce3pm,새우튀김 김밥 지리겠다,0,2019-03-22T01:42:23Z
XPcLKTgNHbg,UgyUssP8JiJygc48zLB4AaABAg,@영훈-z1q,여기는 고양국제꽃박람회,0,2023-09-24T07:43:52Z
rcJHVCiwnHc,Ugy6S8BRV86sWyxKk1t4AaABAg,@Ddadd_frgw,13:08,0,2020-06-26T16:02:32Z
5IPX0QE9fkg,UgxlTUWFneAQUsftklp4AaABAg,@박미경-q2g,"박연주님 창원에서도 활동하셨군요 ㅠ 
박연주님 연기 너무 좋아요",0,2022-07-22T12:43:18Z
P27s9MMt8MM,UgzovFmhsCKG1lW_5Np4AaABAg,@허당싼타,춘천에도 가셨네 내고향 지금도 부모님 사시던 사우동에 가끔씩 가는데 형제도 있고 해서 자주가서 윗샘밭 종점에서 막국수도 먹고 강건너편에 항어회도집도 자주갑니다 . 고마워요 춘천을 찾아주셔서 감사합니다.,0,2022-06-04T09:13:08Z
PAWWLT-pikI,Ugy4Wv6qU7YMVTmBMgJ4AaABAg,@winterstar3590,춘천 사람으로서 쇼츠 나올때마다 반가운,6,2025-09-01T12:15:29Z
PAWWLT-pikI,UgyOZoNOppPIk7X4e0Z4AaABAg,@verdant94,"전반적으로 ㅇㅈ 
초가는 사계,꿀돼지 김치찌개로 대체가능
초가가 사람많아지고 전같지가 않음..",54,2025-07-27T18:21:27Z
PAWWLT-pikI,UgymYFc07cjt_IneQGd4AaABAg,@gyoungmeejung8199,"춘천에서 58년 살았어요.
명가 막국수, 1.5 닭갈비는 인정합니다.
1.5 닭갈비는 돌아가신 저희 외할머니 때 부터 다녔네요.",113,2025-07-19T02:51:04Z
PAWWLT-pikI,UgwCnkPnMBx-yQGzmRd4AaABAg,@shunder77,동감합니다. 초가 초창기 같지 않음...너무 신맛이 강함,1,2025-08-23T01:34:27Z
PAWWLT-pikI,Ugw5dbJaeu8Vr017Ux14AaABAg,@나무꾼-n8c,감사합니다. 춘천곧 갈건데~^^,1,2026-01-27T22:26:49Z
PAWWLT-pikI,Ugwn32g03etzT5Azkcx4AaABAg,@onceagain48,명가 막국수 수육 ㄹㅇ 입에서 녹음,2,2025-10-06T03:59:28Z
PAWWLT-pikI,UgwyUfDQtSGpavT1wBB4AaABAg,@pillyahn1278,풍미닭갈비..저렇게 숯불에 구워먹는게 원조입니다. 양념닭갈비는 한참 나중에 개발된 레시피에요,2,2025-08-02T22:45:01Z
PAWWLT-pikI,UgwSXpTu-Vu7eCZ2D3N4AaABAg,@user-pz8oy7cl3j,초가보단 평일낮에만 하는 항아리김치찜이 깔끔해서 더 좋아여,23,2025-07-27T12:26:11Z
PAWWLT-pikI,UgzeLBc3bW8BwuqEYw94AaABAg,@곰사찢-z7t,추천 영상 중 제일 낫네,1,2025-09-10T07:47:59Z
PAWWLT-pikI,UgyutFr_SXJwGCGwXzZ4AaABAg,@초보오리-ssh,명가.. ㅎㅎ  역시 👍 😎,1,2025-10-11T07:56:15Z
PAWWLT-pikI,UgzibDxzKWzBUhGQd2F4AaABAg,@Hing_999,카페 소울로스터리 추천 공기도좋고 자리도많고 좋아요,1,2025-08-31T08:24:29Z
PAWWLT-pikI,Ugy7lS-t0TsGZSp6N3F4AaABAg,@cb2887,원식이칼국수도 맛있어요 인정!😊,1,2025-07-28T23:01:43Z
PAWWLT-pikI,Ugz3bW3ligN7sEJcU5J4AaABAg,@승승-y7y,"오~
저 춘천 57년 산 사람인데
이분이 추천한곳 80퍼센트는
맞아요~",10,2025-07-29T09:22:03Z
PAWWLT-pikI,Ugz-14-N-NcE2sqh2Wt4AaABAg,@jjada123,명가는 인정이짘ㅋ20년전에 춘천지인이 데려간곳..너무맛있게먹음,2,2025-08-03T14:34:13Z
PAWWLT-pikI,UgwY9qwpeFEVpFxSHK14AaABAg,@고미니대,초가는.... 진짜 그냥 관광객들한테만 인기많고 근본은 꿀돼지,21,2025-07-27T12:05:41Z
PAWWLT-pikI,Ugwf5-68j25hkpFP2Lx4AaABAg,@상어-t2y,춘천 현지인인데 이런곳이 있네요 ㄷㄷ 이런 맛집이,1,2025-08-29T01:22:55Z
PAWWLT-pikI,UgzfUqowUHh60rTghkF4AaABAg,@maeum_e,춘천역은 너무 멀어서 ....남춘이 더 사람많고 위치도 좋음 ㅎㅎ,3,2025-07-29T05:40:37Z
PAWWLT-pikI,UgzWYP2NHyPhNsAvD-p4AaABAg,@zzg_m5038,남춘천역에서 안내리면 춘천 토박이 아님!,390,2025-07-27T17:26:21Z
PAWWLT-pikI,UgxcUI-x8iOqLjrpLcN4AaABAg,@Won2.papa.513,유튜버 춘천 음식 컨텐츠 중 가장 무난한듯ㅋㅋ,2,2025-08-11T10:33:32Z
PAWWLT-pikI,UgzDGZ3FdBKehXegd7V4AaABAg,@ba4067,"1.5 닭갈비 맛있는데, 1시간 이상 대기줄 있으면 다른데 가시는 거 추천합니다.

춘천에 명동 닭갈비 골목에서 파리만 날리는 집같은데 제외 하면 대부분 닭갈비집 맛있어요!",0,2025-07-28T06:39:53Z
PAWWLT-pikI,UgzXlzbRErLgvJgU3Qd4AaABAg,@waterflos,10년 살았는디 초가 엄청짜졌어요 초반이랑 완전달라졌어요 . 1.5 대기 길어요 오래 기다리실바에 다른데 가셔도 좋을듯 싶습니다. 대체적으로 좀 짜요,2,2025-08-11T11:25:02Z
PAWWLT-pikI,Ugx8YRIlivIWCrqG-2d4AaABAg,@innerpeace985,명가...막국수땡기네 맛있는데~,0,2025-08-26T08:42:14Z
PAWWLT-pikI,UgxUw-vVzY9BjsEQ2EF4AaABAg,@shunder77,95%인정~ 잘아시네요~ 김치찌개 초가 초창기때 많이 갓었는데 이제는 나이가 먹어서 그런지 너무 시큼해졌더라구요 맛집이야머 지극히 주관적이지만 전 다른곳으로 갑니다~,0,2026-04-09T09:00:34Z
PAWWLT-pikI,UgwGi8Q_N5uEJRVRKHZ4AaABAg,@광스-s8g,초가 초심잃은지 몇년됐는대...,18,2025-07-29T08:19:34Z
PAWWLT-pikI,Ugy9w0OuSImOd49WMJh4AaABAg,@LV_JIN,춘천에서 대학 다니지만 진짜 맛집은 춘천이 goat,0,2026-07-08T14:14:56Z
PAWWLT-pikI,UgzCMAhmCOUfO7saBH54AaABAg,@돼크스,싹다 춘천감성맛집 인정,0,2025-08-09T14:14:33Z
PAWWLT-pikI,Ugwof7e6ft77oFdWRtB4AaABAg,@hihihi178,빠진 곳 있지만 잘 찾은거 맞음,0,2025-10-11T07:53:50Z
PAWWLT-pikI,Ugy0rpn47-1kAccP8-V4AaABAg,@구글서비스센터,"남부막국수랑 윤일닭갈비도 한번 가보세요 
입에 맞으실겁니다 ! 
외가댁이 춘천이라 30년 넘게 거기만 갔어요 ㅋㅋ",7,2025-07-10T07:58:57Z
PAWWLT-pikI,Ugwwr7UtwVy91uLchk14AaABAg,@정병덕-k5g,"예전에 대학 다닐때는 호반막국수
이후에  이름이 바뀌어 명가막국수
지금도 여전히 예전  그 맛!",0,2026-01-11T19:27:06Z
PAWWLT-pikI,UgzExiTBjfcHSopsGpZ4AaABAg,@Jamesknowhat,초가 맛있죠!!,0,2025-10-10T10:01:57Z
kk3rgtmAE1o,UggbiUQQ9NOsMngCoAEC,@두두두두두아아아아앙,"제 소원이 동명님의 비밀을 실제로 들어보는거예요~ 언제쯤 불러주실까요?
이번 의정부콘때 사랑하고 있다 비밀 두곡을 꼭 듣고 싶네요
영상 공유 감사합니다~♡♡♡",17,2016-11-14T06:47:13Z
kk3rgtmAE1o,UgiOb5cillnUvngCoAEC,@나경-e2v,비밀을 들을수있다니 정말 먼길다녀온 보람이 있었어요 역시 넘 잘부르시네요 갓동명~~,16,2016-11-12T23:26:59Z
kk3rgtmAE1o,Ugh03I-GbTu98HgCoAEC,@이현영-e3k,영상  감사드립니다.,15,2016-11-12T23:05:43Z
kk3rgtmAE1o,UgihVQNFsFe0FngCoAEC,@jeon241,짙어지는가을처럼 분위기있고 멋진동명님 점점더 성장해가는모습이네요💜,16,2016-11-13T17:43:37Z
kk3rgtmAE1o,UggAIJiBGzZ9hXgCoAEC,@신세계-n2p,"제재가 심했는데 멋지세요.
영상공유해주셔서 감사합니다^^",17,2016-11-13T10:41:46Z
kk3rgtmAE1o,UghU7VUMY_qxFngCoAEC,@이혜숙-w4v,"늦가을 정취와 함께 감미로운 보이스~...
캔디처럼 녹아듭니다~ㅎ
라이브 킹 락커 동명님 !!
《부활의보컬 김동명》☆",13,2016-11-12T23:31:37Z
kk3rgtmAE1o,UghYt0Kb9xp1D3gCoAEC,@mimii24,동명님 특유의 감미롭고 달달하고 애절한 비밀^^ 전 찍다 걸렸는데ㅋ 잘 보구 갑니당^^,11,2016-11-16T15:55:23Z
kk3rgtmAE1o,UgiwSTtJdXHn1HgCoAEC,@삐딱선-z2r,늘 같은 레파토리여서 아쉬웠는데 비밀을 불러 줘서 반가워요~불명이나 복가에서 부른 곡도 넣어줬으면...좋잖아요!,18,2016-11-14T00:13:55Z
kk3rgtmAE1o,UghUtXZyyfWF4XgCoAEC,@이시스-l3p,대박이다 진짜 김동명 최고다bbb,16,2016-11-13T14:05:35Z
kk3rgtmAE1o,UgzFErbn0e0Kwgpjokt4AaABAg,@전지호-o9d,음색 끝장 ❤,1,2025-01-17T14:43:53Z
kk3rgtmAE1o,UgwjcOVXjAxRyuO-x_x4AaABAg,@김선만-w3f,노래를 잘 하지 못하지만 언젠가 부활 밴드의 분들의 앞에서 노래해보고 싶네요 아름다운 밴드입니다 부활,1,2017-12-13T13:49:00Z
kk3rgtmAE1o,UgzL4bzE98m8My9H8PN4AaABAg,@입국금지,마이크에 담는 목소리는 달라요. ♡,0,2026-04-10T13:43:19Z
kk3rgtmAE1o,UghS1RsgaXA-Q3gCoAEC,@lastdance3880,"진짜 개많이 늘엇다ㅜㅜ
14집 잘될일만 남앗네ㅋㄱ",8,2016-12-01T09:58:31Z
kk3rgtmAE1o,UgjqNVp-IWq6IngCoAEC,@sykim6327,이 곡은 아직 적응이 안된듯,5,2016-11-17T15:17:58Z
kk3rgtmAE1o,UgyPLu4N87yFz9yw7rZ4AaABAg,@yongoh6133,미안하지만 왜 이노랠 박완규에게 줬는지 알수있었다,1,2017-10-31T12:58:33Z
IJAUQttkksE,UgyEB27ZY2ADrvAC_kB4AaABAg,@하이체,우리 예쁜 영화초 어린이들..그리고 졸업생들..항상 응원해요.멋진 미래를 위해..^^,1,2020-03-05T14:12:43Z
IJAUQttkksE,Ugw9czLhc0NhMmHQlR94AaABAg,@mintchocolate2043,그때도..같이불렀..었는데..,0,2019-11-26T01:00:13Z
IJAUQttkksE,UgwbdODoZsI010YHXdt4AaABAg,@mintchocolate2043,저도.. 영화도.. 합창단 이였는데..,0,2019-11-26T00:59:20Z
99ASqbiaWKA,Ugww-p3AfL4h8TeCOzp4AaABAg,@김나현-b8x2q,"단장님 👍👍👍
코로나가 빠른시기에 종식되어서
정상적으로 예술활동을 할 수 있는 그날이오기를 바라며~
단장님과 단원분 들 멋진 무대 기다리고 기다림당~💕",26,2021-10-15T20:20:26Z
99ASqbiaWKA,UgzuOGw2M2sa1ENByah4AaABAg,@전하덕,"단장님 화이팅입니다 
늘  현장라이브로  보다가  영상으로도  오랜만에    감상하니  새롭네요
남은시간도  공연이 많았스며  좋겠습니다",19,2021-10-16T00:10:54Z
99ASqbiaWKA,UgwfHtCssaaJCaGTaV54AaABAg,@이선구,"미녀들의 하루 잘 보았습니다. 119송이 장미 입니다.
끝 부분 공연 너무 멋져요.",12,2021-10-15T23:55:32Z
99ASqbiaWKA,Ugyoszn0-a-l3gLbUix4AaABAg,@서영석-r6j,"단장님 
지금 보고잇습니다 감사합니다 축복합니다",8,2021-10-16T00:19:21Z
99ASqbiaWKA,UgyWJmdUkog24qbL4pp4AaABAg,@이수만-n6m,"옥인tv는 컨텐츠가 훌륭합니다. 높은 격조와 , 차별화된 수준를 느낄 수 있는 방송입니다.
옥인님의 인성도 , 지성도 훌륭합니다 .",21,2021-10-15T22:03:31Z
99ASqbiaWKA,UgwfIbBgZabix2FjKxt4AaABAg,@hb237scl,"다~~~멋지고좋은데...
옷변신 쑈가 으뜸 입니다....👍👏👏👏💯",5,2021-10-19T00:28:42Z
99ASqbiaWKA,UgyiuP9otpAw5uEFG9l4AaABAg,@김상수-r1u,옥인티비 언제나 잘보고 있습니다 항상건강하구 좋은내용 좋은방송 많이 만드세요 . 화이팅 !!!♡♡♡,14,2021-10-15T22:14:11Z
99ASqbiaWKA,UgydDTpA10wlILaa9Yt4AaABAg,@주남국-c4q,영상 즐겁게 잘봤읍니다 옥인tv 평양예술단 무궁한 발전을 기원합니다,4,2021-11-11T02:32:44Z
99ASqbiaWKA,UgxsZduEuouujDSaefB4AaABAg,@진사구팔구,"평양 예술단 너무 멋있어요 
최고 단원들 모두모두 예뻐요
옥인TV 화이팅입니다.
👍👍👍♥️♥️♥️",10,2021-10-16T02:39:19Z
99ASqbiaWKA,UgwkblnMWT44R-WjRyB4AaABAg,@장미-z6n7q,"옥인Tv 잘보았습니다
항상 응원할게요 
앞으로 더 멋진 한국여행과 예쁜 춤 공연 에 무긍발전을 기원합니다",8,2021-10-17T02:33:12Z
99ASqbiaWKA,UgzVa9UPn-jdgByUHsV4AaABAg,@김호영-j9j,"항상 항상 응원합니다, 뭉클하네여, 단원분들 모두모두  파이팅!",5,2021-10-19T09:57:51Z
99ASqbiaWKA,UgyrAI-COQAabq2Zaql4AaABAg,@송인엽-v6c,함양 ㅡ 참 좋은 곳이네요~~~,6,2021-10-17T23:42:17Z
99ASqbiaWKA,UgwZSd_csukBHrZUG3F4AaABAg,@park-ef9iy,옥인 tv 사랑합니다,4,2021-12-16T05:54:03Z
99ASqbiaWKA,Ugzq6iL5a79LTFV78pV4AaABAg,@유기호-r2y,행뽀기  누님은  넘  Sweet &  Elegant~~^^,5,2021-10-17T03:53:54Z
99ASqbiaWKA,Ugy7Mwn-H3iR4EQEZ0h4AaABAg,@오션-f7e,와우..최고네요..공연한번보고싶습니다..세종도 한번와주세요..,9,2021-10-16T08:58:49Z
99ASqbiaWKA,Ugy170cEzr0Ih5nrP3N4AaABAg,@白夜-i2b,"옥인TV
함양산삼 엑스포  축제  공연
잘봤어요 
아름답습니다 
그대들이 남한으로 이사오셔서
이런 값진 공연을 볼수있게
해주셔서 감사드려요
항상 옥인 TV
홧팅입니다",13,2021-10-15T22:17:27Z
99ASqbiaWKA,Ugx4dp7i3XLDBOWiXW14AaABAg,@폴라K-POP,옥인TV 화이팅,5,2021-10-17T22:28:28Z
99ASqbiaWKA,UgxSljsmaB7nxgpxEnt4AaABAg,@이정-g2u,"재밌게 잘 봤습니다 언제나
행복하시고 좋은 공연 오래오래 보여 주시기 바랍니다~^^",6,2021-10-17T09:05:46Z
99ASqbiaWKA,UgxhHYzMkMmuqdvcsVV4AaABAg,@신동진-u6k,"왓 !
옥인tv .
평양 민속 예술단 짱 !
공연 잘 보았읍니다 .
모두 모두 행복하시길  😊",3,2021-11-27T08:52:15Z
99ASqbiaWKA,UgwEtFbzr-V1-2906Jt4AaABAg,@정인천-x2e,옥인TV영상잘보아써요.❤.힘내시고 화이팅 🌷,6,2021-10-16T23:09:22Z
99ASqbiaWKA,Ugy1A_06Qv1orBybcyd4AaABAg,@서영석-r6j,"잘보앗어요 
정말 고생많으셨어요 힘내세요 축복합니다 30분 공연을 위하여   정말 새벽부터   정성을 다한  모습 감동입니다   지인들에게 카톡으로    널리   날리겟습니다💘",10,2021-10-16T00:33:58Z
99ASqbiaWKA,Ugy8C8_5fQ3uu-Xkke14AaABAg,@달수-n2t,더블어서~~! 8천 구독자 진심으로 축하를 드립니다 앞으로 쭉쭉~~1만 구독자가 되고 그리고 10만 구독자 되는 그날까지 응원합니다 화이팅입니다,14,2021-10-15T21:33:11Z
99ASqbiaWKA,UgzJk_hVEaWP3UjKCXN4AaABAg,@임권-l7y,평양예술단의 공연 이렇게 세세하게 처음 본것 같네요.언제 기회되면 실제 현장에 가서 직관해보고 싶네요.옥인님의 리더로서 예술단 이끌면서 멋지게 활동하심에 다시한번 경의를 표합니다!더불어 단원들의 행복도 함께 빌어봅니다.단원들중에 호두까기님도 보이네요.공연 잘 보았습니다! 감사합니다!♥♥★,12,2021-10-16T22:31:52Z
99ASqbiaWKA,Ugz7mQdtmqDnAGhsCDJ4AaABAg,@cyclinggospel5307,"아, 산삼을 기르는군요. 신기하네, 좋은 비디오 잘봤습니다. 평양민속예술단 공연 열심히 하시고, 민주씨도 보네요. 공연하러 다니기 힘들텐데, 열심히 하시고, 응원합니다.",5,2021-10-17T11:41:14Z
99ASqbiaWKA,UgwFyv8_A0ZgpL2WRWR4AaABAg,@신동진-u6k,"와 ~
공연이 많이 있어도 
힘드시겠다 .
옥인TV 응원합니다 😊",3,2021-11-27T08:42:55Z
99ASqbiaWKA,UgyXG86sAjsZYYTiVN54AaABAg,@희망-h9y,단장님 힘내시고 파이팅 응원합니다!♡♡♡,3,2022-01-22T01:34:34Z
99ASqbiaWKA,UgymL2aEmeUsbvmcVq94AaABAg,@파라다이스-t7d,20년된 예술단 대단합니다👍,3,2022-06-13T22:20:54Z
99ASqbiaWKA,UgwW3dnutmeXvEa6vNF4AaABAg,@김태훈-u1v,모두 힘드시겠지만 힘내세요. 모두 모두 건강하시고 행복하시길 기원합니다.,5,2021-10-18T14:19:15Z
99ASqbiaWKA,UgxPd62sNKMspJtP48B4AaABAg,@HangangmanTV,"통일무지개 노래 참 좋습니다~^^
언젠가 TV방송에서 시청한 김옥인 단장님이 창작한 돈돌라리 춤에 완전히 매료되었답니다.
늘 건승하시기 바랍니다.",11,2021-10-15T22:41:06Z
99ASqbiaWKA,UgzoitfQwct7PzXvNph4AaABAg,@윤슬-q8v4h,"옥인님 잘보고 갑니다
앞으로 코로나 수그러들고 
자주 뵙기를 바래봅니다
코로나 건강 조심하시고
힘내세요~~^^",5,2021-10-17T15:48:23Z
tVRaRpGybwI,UgwQbFwnqP_py9wqtf54AaABAg,@권영현-i5n,멋져요. 잉❤❤❤❤,3,2023-09-21T07:43:34Z
0Y8msCbnWFY,UgzqHodAhHG8QcCp6Ex4AaABAg,@블루스낵-kin,처음하는건가요?? 엄청 잘히네~☆☆☆,1,2021-09-06T09:39:21Z
R_RfuTlKsFo,UgzesBIhNqpuZyVd7eN4AaABAg,@호박꽃과해바라기,추석 연휴에 가야금 소리 들으니 더욱더 우리가락이 좋을시고 싶으네요 응원합니다,4,2020-10-02T03:00:35Z
R_RfuTlKsFo,UgxJKTsyXAttGQ1YDpd4AaABAg,@gheeseeksong4050,축 축하,3,2020-10-09T09:55:13Z
R_RfuTlKsFo,Ugxt6W-xGv8vrViWHfN4AaABAg,@하니-i5w,"우리 예슬이 축하해~~
수고 많았어^^",4,2020-10-02T13:39:49Z
R_RfuTlKsFo,UgwFf4xUwS4GkcxQ4At4AaABAg,@박상욱-w8b,예슬이 화이팅,3,2020-10-14T15:25:49Z
UTud7y6Oya8,Ugye43MQuOF9FGEfIvR4AaABAg,@ingoo77777,"아이들 하나같이 모두 예쁘네요. 안무도 잘하고~ㅎ 지휘자님 고생이 많으십니다.^^
2022년도 화이팅하세요~",0,2021-12-20T09:23:35Z
4smB8zm5NJg,UgyI7nbT21qm2R6H2c14AaABAg,@trinity-s5666,아이들의 맑은 목소리로 부르는 합창은 세상 어느 소리보다도 아름답고 신비롭네요...첫소절 듣는순간부터 흐느끼다가 마지막 클라이막스는 울면서 들었습니다..귀한 영상 올려주셔서 감사합니다. 감동적이네요~,3,2019-01-26T11:24:05Z
4smB8zm5NJg,UgwWT8ZIqDxT4RvcYGB4AaABAg,@예린-d6r2r,"이때 부르면서도 웅장하다고 느꼈는데 멋지다..
..",3,2017-11-07T15:10:05Z
4smB8zm5NJg,UgwdDzQRjDvUqZxHZ3F4AaABAg,@한국철도공사극락강역,나주는 뒤쪽이군요!,1,2019-01-19T15:50:52Z
4smB8zm5NJg,UgxjYjMQqar5EkyoA2h4AaABAg,@딸몽이YouTube,저희 지휘자쌤이 지휘하셔서 저는 거희 센터에 섰어요!(잘 찍으셨군요!감사합니당❤),2,2018-07-04T12:46:20Z
4smB8zm5NJg,UghAH_jY8FIEDXgCoAEC,@iceprincess040,"블루투스 스피커나 이어폰으로 들어야 좀 더 현장 느낌이 와 닿을 듯 합니다
아쉽게도 기계가 사람의 소리를 따라가려면 조금 더 걸릴듯요~^^",2,2017-06-19T01:33:21Z
4smB8zm5NJg,UgiT-zAmbEPkwngCoAEC,@박영신-g7r,오~~너무 멋져용😍,1,2017-06-19T11:15:36Z
4smB8zm5NJg,Ugh6gY1ie5f6THgCoAEC,@박소희-g1n,멋져요 ㅎㅎ,1,2017-06-19T11:17:38Z
4smB8zm5NJg,Ugzy4QvSxKJedLXzc-B4AaABAg,@한국디지털라디오,멋지네요. 같은 무대 섰던 용인시립합창단 학부모입니다.,1,2018-12-14T07:30:30Z
4smB8zm5NJg,UgyUHOwXJ2nLBxE6xOx4AaABAg,@won1496,저때 지휘자분 정말재밌었어욯ㅎ,2,2018-01-05T14:39:06Z
4smB8zm5NJg,UgywZ5blkM3lYQ3ckyZ4AaABAg,@TV-rd3dx,저희도 의왕시립합창단 이에용!!!      핑크단복,1,2017-09-05T08:17:24Z
4smB8zm5NJg,UgzrxV150PvV3RsnjWd4AaABAg,@raon-vn6cz,저 안양이요~~~^^,1,2018-07-24T14:37:23Z
4smB8zm5NJg,UgwKR8y8_RHI_k18wup4AaABAg,@짱울,저는부구입니다,1,2017-11-14T14:57:28Z
-m6xI2ihTic,Ugz5cw4Q6zNuZc3M7Dl4AaABAg,@김성희-n5g,"늘 하는말이라 입아프지만 진짜 최고네요 
믿보라고하죠??
정말 항상 기대치를 넘어 최고의 끝판임
벌써부터 다음이 기대가됩니다
아는얼굴들이 몇안보여서 아쉽긴했지만 꿈을쫒아 각자위치에서 열심히 하고있을껄알기에 얼마나 멋지게 성장할런지~",2,2019-03-31T01:38:13Z
FHYWJ7dom5c,Ugghw6Tk6FpFlXgCoAEC,@utube3418,엄마 짱,0,2016-04-26T06:35:11Z
etuDEidHL5I,Ugx7DD5tp3ColUG6T694AaABAg,@kwy1478,G.u 멋진거  많이 하네요^^^화이팅,2,2023-07-13T12:08:47Z
wRBkRMxnOHk,UgwpQPCH4nHznbGnUwF4AaABAg,@bsjincf,어린이들이 너무 좋아할 공연이네요 !! 노래도 즐겁고 영상도 아이들이 좋아할만한 캐릭터가 많아 눈이 즐거울 것 같아요 ! 비대면시기가 얼른 끝나고 많은 사람들과 함께 공연장에서 관람할 수 있는 날이 왔으면 좋겠습니다! 부산진문화재단은 그랜드오페라단을 응원합니다!,2,2021-12-14T05:10:17Z
5tWGUhxxVSA,UgwLdrDTTtXIwc_2mnF4AaABAg,@TV-sr2cr,옛 추억이  가물가물 와우~~^^,1,2021-06-04T01:10:27Z
5tWGUhxxVSA,UgwCEajpRgJ9sWaxFOF4AaABAg,@miki77천사,야외 음악에서도 좋겠어요~,2,2021-06-04T23:05:45Z
qh9HiezZcEA,Ugx5g5F-Q8xnDxPWTDJ4AaABAg,@illk8565,와우,0,2019-01-15T13:11:56Z
nEq91Ye3LxM,Ugyq0YOkTUS6bzMFNg14AaABAg,@Yuntoll11,"윤희강Yuntoll*브랜드채널:클래식동영상(현재:95개)&HIEKANG YUN(현재:17개):일반채널
교향곡.협주곡.서곡.행진곡.합창음악.실내악소품.Volksklassik등 다양함 *다른 클래식음악
유튜버들과 완전 차별화!!(잘 알려지지않은 명곡발굴 전문/해설과 평론)※고급 문화수준의
클라스를 높임!!윤희강Yuntoll(YuntollKlassiktv):브랜드채널&HIEKANG YUN(일반채널)",0,2022-02-08T05:31:36Z
qfV_kmujj_U,UgwUpKPG9wDA5zvm-b54AaABAg,@귤퐁-o7w,"와ㅏ!!지휘자 선생님 찾았다!저 봉담반 이 ㅇ 이에요ㅇㅅㅇ
구독 하고 튀깅",0,2017-11-22T09:23:49Z
qfV_kmujj_U,Ugx32ainPcgZ_9dbabt4AaABAg,@choralian,넌 누규냐?,0,2017-11-23T06:30:25Z
1D6SHf3V9BQ,UghWkwXWlXEkn3gCoAEC,@염진영-l4l,어!! 형이다ㅏ 잘부른다ㅏ,0,2016-08-03T09:17:47Z
bUKZ3aClqzs,UgzsZpprWo-N965X2T54AaABAg,@balineseh,짱이에요 저가 과천시립 소년 소녀 합창단에 있는 박이령이에요,4,2018-03-11T11:25:46Z
bUKZ3aClqzs,UgyezMf8iyGFeKrCMM94AaABAg,@happy2space,진짜 노래 너무 좋아요 ㅠㅠ,0,2020-09-26T07:23:50Z
DmPgASUbnD0,Ugxd4FYRvoh7c10EEpp4AaABAg,@SaengKim-s6z,귀엽고 미운 오리 새끼 한 마리 😅,0,2024-08-24T08:26:20Z
OsiisVvLYhI,UggeCOW39Ya0EXgCoAEC,@이서영-p3u,잘불러요,1,2017-05-30T23:27:29Z
PyMRoqVADz8,Ugzh-8BvmTrPIo5KDwp4AaABAg,@Holy_Praise,"✔사랑하는 자들아(이현철) SATB Vocal 파트연습곡 모음
https://www.youtube.com/playlist?list=PLLFgovPx_2C7wzMr442EX86969HI2KlOI",0,2026-04-11T15:21:33Z
RcpRGhWYAFI,UgwYFYM7SOasqdsk-sx4AaABAg,@카py바라,"지나가던 지디 팬입니다....
부럽습니다...",73,2025-05-13T13:01:53Z
RcpRGhWYAFI,UgxHEnfRx3mB86eAruJ4AaABAg,@베이비쭌-q3d,본인이 콘서트 하고 왔네❤  주접떠는거  겁나 귀욤🎉,132,2025-04-05T01:16:45Z
RcpRGhWYAFI,Ugz3W6J-4TxXVc405LB4AaABAg,@taekah4416,지디형 사랑해요,20,2025-04-05T11:49:26Z
RcpRGhWYAFI,UgzmMkY5gILrZPoJKeN4AaABAg,@뭘봐잉-00,너무 신나셨네요ㅋㅋ,173,2025-03-30T08:51:52Z
RcpRGhWYAFI,UgwbB7HOx9rCdUqLHlF4AaABAg,@서재금-y6h,지디 오빠 사랑해!!!!!!!!!!❤❤❤❤❤❤❤❤❤❤❤❤❤❤❤❤❤❤❤❤❤❤❤❤❤❤❤❤❤❤❤❤❤❤❤❤❤❤❤❤❤❤❤❤,10,2025-05-10T14:23:13Z
RcpRGhWYAFI,UgwEpYRFbd4wIpmPr_Z4AaABAg,@세진최-f1m,안녕하세요! 할때 목소리가 넘 귀엽다 ㅠㅠ,21,2025-06-22T10:12:54Z
RcpRGhWYAFI,Ugz-c8F2boA1rl6aJbd4AaABAg,@MJhongmae,제대로 즐기셨네요 ㅋㅋ,12,2025-04-30T02:54:56Z
RcpRGhWYAFI,Ugw17vzQdbwc2HfADRR4AaABAg,@junah-y8x,엄청 부럽네요...지디형님 사랑해!,27,2025-04-13T13:09:23Z
RcpRGhWYAFI,Ugw5_sPKt06GKbsNXL14AaABAg,@인형탈댄스쇼,어제 아침 눈보라에 낮부터 리허설에 저녁 공연 오늘 저녁 공연까지 지디님 추운데도 초인적인 힘으로 버티는중일꺼에요~ 저였다면 나약해서 저리 못해요 ㅠㅠ  지디님이니 가능합니다♥ 진짜 팬들을 위한 초인!!!♥ 팬이라서 행복합니다~~ 🥰,53,2025-03-30T14:59:16Z
RcpRGhWYAFI,UgwXvk2mYbF6Mt04JNd4AaABAg,@은범예범아빠,지디형님 모든노래가 간지나네,15,2025-04-19T22:43:59Z
RcpRGhWYAFI,Ugzy-1hsNvBAEbxXw1Z4AaABAg,@냐냐니니,아~~~~부러워요,8,2025-04-21T16:21:11Z
RcpRGhWYAFI,UgzA5XmCH7CLfQ38YZ94AaABAg,@roselee905,제대로 즐기셨네요 ㅋㅋㅋㅋㅋㅋ,27,2025-04-04T07:45:22Z
RcpRGhWYAFI,UgztExPYxIapeioSxTp4AaABAg,@지용오빠,❤❤❤❤❤❤❤❤❤❤  저 지디 팬이예요,14,2025-04-12T12:23:35Z
RcpRGhWYAFI,UgwyYrT4hfQtjT742a14AaABAg,@현진-b5m,나도 가고싶당!!!!!!!,7,2025-04-17T10:47:40Z
RcpRGhWYAFI,Ugz9PipNsQOz_Ei-k3p4AaABAg,@쏘-y4b3z,하 진짜 개 부럽네ㅠㅠㅠ,6,2025-05-04T13:43:27Z
RcpRGhWYAFI,Ugw2imOS8NvWQ2LPy114AaABAg,@x5u-m4o,아 부러버요ㅠㅠㅠㅠㅠㅠㅠㅠㅠ 저도 언젠간 가겠죠…?,29,2025-04-03T11:06:52Z
RcpRGhWYAFI,UgwPPqkN78yvhMmDLBd4AaABAg,@13_ux,울 엄마가좋아하는 지디♡,16,2025-04-17T11:03:50Z
RcpRGhWYAFI,UgzOhbDDBoFdMOvQZWl4AaABAg,@이삐-k4v,오 내사랑 지디❤🎉,5,2025-06-23T04:30:25Z
RcpRGhWYAFI,Ugy05jDhhgbt-5DKGYp4AaABAg,@집게님8m,소갈비 말하니까 정색 하는거 귀엽다 (?),10,2025-04-02T11:32:45Z
RcpRGhWYAFI,Ugx1pO1VimjeWtDOLSp4AaABAg,@루데_Rude,지디님 ㄹㅈㄷ덜덜,6,2025-04-10T06:44:52Z
RcpRGhWYAFI,Ugw7UM3GHRsSXml3xvF4AaABAg,@서재금-y6h,지디 콘서트장을 간 사람들 부럽다.,7,2025-05-10T11:52:09Z
RcpRGhWYAFI,Ugwi1zB4cWoYbrWWwo54AaABAg,@갓코블-luck7,소갈비 하고 정색되는거 개웃기네ㅋㅋㅋㅋㅋㅋㅋㅋ,111,2025-03-30T08:07:08Z
RcpRGhWYAFI,UgwXoUdnO2wOSOvML2J4AaABAg,@딸기쿠키먹는딸쿠,가고 싶당....부러워...ㅜ,10,2025-04-01T09:57:59Z
RcpRGhWYAFI,Ugy1uAJx_Pploj_9yhV4AaABAg,@zeroee,ㅋㅋㅋㅋㅋㅋ와 지디댜 부러워요.. 근데 너무 귀여우시댜..,11,2025-04-02T11:53:29Z
RcpRGhWYAFI,UgzoguMX0_uezRJd2MJ4AaABAg,@항상스마일긍정,우와❤지디 존잘,25,2025-03-30T11:48:22Z
RcpRGhWYAFI,UgycA_c-UYkDBt8oEMF4AaABAg,@user-tc6sb9ei2o,귀엽네요 ㅋㅋㅋ ㅋ,4,2025-04-05T17:18:38Z
RcpRGhWYAFI,UgxAa6m2reeZBnTcRT14AaABAg,@c_xd1s,부러버요ㅠㅜㅜㅠㅜㅠㅜㅠㅜ,39,2025-03-30T10:00:18Z
RcpRGhWYAFI,UgxgvtXb0WZNJL51SUt4AaABAg,@장유진-x5c,와...미쳐써요... 세상 젤 부럽다..,27,2025-03-30T14:21:17Z
RcpRGhWYAFI,UgxTK1v7PDuu38LAXCZ4AaABAg,@신조던충,개부럽다..,19,2025-03-30T08:59:21Z
RcpRGhWYAFI,UgwkfN9W9-9gx0ka6S94AaABAg,@Heeheeee_smile,"콘서트 이후 안 좋고 속상했다던 후기들만 보다가 이렇게 힘차게 즐기시는 영상 보니 후회만 남았던 공연은 아녔던 것 같아 제가 더 행복해요 🥲🌼
강추위를 이겨주셔 감사합니다(???)",33,2025-03-30T10:21:17Z
4o8TgQcIOK8,UgzccLTKq8bmnhGJHvN4AaABAg,@손경화-k5w,4층에 앉았는데 고소공포증 있는 사람은 못 움직이던데요~😅😅,6,2025-10-13T10:43:07Z
4o8TgQcIOK8,Ugw8akUSM7J3hqS8gih4AaABAg,@ci8949master,라스가베스 갈때 한번 가봐야 겠군,0,2026-06-14T09:22:46Z
4o8TgQcIOK8,UgwKOtYmXyff6EKLqJJ4AaABAg,@user-wc3er3ne8s,서울에 생기면 좋겠어요,0,2026-06-17T23:44:14Z
4o8TgQcIOK8,UgzXO_4nZVo3z7Vv9Vh4AaABAg,@손경화-k5w,정말 멋있더군요‼️‼️,0,2025-10-13T10:44:05Z
4o8TgQcIOK8,Ugyo9ULMu1X_4uvsDeF4AaABAg,@간다형님-vip,와 죽이넹~~~,2,2025-09-01T13:54:11Z
4o8TgQcIOK8,Ugx1kZ-czGPsp68apFt4AaABAg,@뀨양이-m8q,와~~ 여기가볼까???,1,2025-07-29T00:02:41Z
4o8TgQcIOK8,UgzRNXLNehHYsR00d2h4AaABAg,@버디어스,처음은 신기하고 뒤로갈수록 졸립다고함,24,2025-07-27T00:28:49Z
4o8TgQcIOK8,UgwTrJGftuTJ0p6vUPV4AaABAg,@alex7689-i3d,"제가 저 근처에서 사는데요 
요새 밤 10시만 넘어가도 좀 위험해집니다 스트립 바로 옆에 있는것 같지만 조금 생각보다 떨어져있고 그 길 안쪽으로 더 들어오면  엄청 안좋은 동네랑 연결되어있어 많이 위험합니다 항상 조심하시길...😅",3,2026-05-12T10:41:49Z
4o8TgQcIOK8,Ugz9WNOtdnkYpys9hS14AaABAg,@ツヤツヤ-k,레이저빔 ㄷㄷ,6,2025-05-21T09:14:52Z
4o8TgQcIOK8,UgwTO930jT5aWvQp1mh4AaABAg,@닝겐파마,삼성에서 서울 국회의사당을 저걸로 만들면 되겠네,47,2025-07-17T11:58:21Z
4o8TgQcIOK8,UgwN8qIjOEFjo021KPR4AaABAg,@user-fu7mk9tr6x,진짜 좌석 각도 미침 고소공포증없는데도 개쫄림,1,2026-02-12T17:29:40Z
4o8TgQcIOK8,Ugw9BL0uPxSCtICM3l14AaABAg,@ilhijes,그냥 좌석 앉는거부터 못하겠다.ㅜ나는,14,2025-07-29T00:38:20Z
4o8TgQcIOK8,UgzBwiSxctoj9vPafnh4AaABAg,@christmasapology7897,우리나라도 만들어야함   갈때가없음 볼꺼도없는나라,84,2025-07-26T21:16:39Z
4o8TgQcIOK8,Ugx-7YHcbQ8Im4jw8jJ4AaABAg,@싸이코울트라,스피어 보다가 아이맥스를 보면 어떤 느낌이 들까요?,5,2025-05-26T19:14:49Z
4o8TgQcIOK8,UgzHvCpCaU1nGNPZJLx4AaABAg,@youngsuhan7622,93대전엑스포에서 이미경험한적이...대한항공관 천장에 때려박은360도 풀스크린.... 그때가 생각나네..규모는 이거보단 작았지만 .. 그때는 지금 같은충분한 충격과 놀라움이였네요..,9,2025-05-01T08:15:25Z
4o8TgQcIOK8,Ugy4vqyfv0FFbY7Ijyt4AaABAg,@수요공급,외계인 쏘는 것도 안임. 밖이 아니라 애니마,0,2026-01-10T16:18:57Z
4o8TgQcIOK8,UgxWD_OFRydEYY1tUe14AaABAg,@zkssk6528,공포스럽겟다,0,2025-08-29T22:18:27Z
4o8TgQcIOK8,UgwWboe-bHPqbqZ6_yt4AaABAg,@Bruce_Park,좌석 경사가 ㅎㄷㄷ 너무 위험한거 아닌가 🤔,1,2026-01-10T08:49:17Z
4o8TgQcIOK8,UgyYFbtvCPYcTxUTind4AaABAg,@jsn9572,4조? 엄청나네.,1,2025-08-14T14:09:24Z
4o8TgQcIOK8,Ugx0KKW5O18vgEL6ge54AaABAg,@FB8ANG,전자파 ㅈ될듯,1,2025-11-11T05:27:19Z
4o8TgQcIOK8,UgzC4uE7XqfNqyMeDMZ4AaABAg,@벌크업훈련소,나중에 여기서 프로포즈 해야겠다,1,2025-10-13T15:48:48Z
4o8TgQcIOK8,UgxOqBsHph0D_QA9GRJ4AaABAg,@이영만-w5p,삼성에서 저런거 하나 못만드나,3,2025-05-01T07:57:16Z
4o8TgQcIOK8,UgwT-mBpLkgpPb5w32t4AaABAg,@김정민-b6c1o,갔는데 생각보다 별로. 이 하드웨어로 애들영화 오즈의 마법사라니,1,2025-10-15T08:57:57Z
4o8TgQcIOK8,UgzsauFIkNJ6ts8FvDF4AaABAg,@원숭이사냥,문재인이 재임기간동안 해먹은 국채면 저거 100개도 훨씬넘게 만들수있음,0,2026-06-08T12:55:38Z
4o8TgQcIOK8,UgyED77QZIuKya97Z9J4AaABAg,@dotori_nara,민생회복지원금 하지말고 이런거나 만들지,1,2025-12-02T00:41:56Z
4o8TgQcIOK8,UgwI097I5kdj-NhrfnJ4AaABAg,@킴브라우니-n7n,잼버리만 안했어도 저거 만듬,0,2026-06-16T10:56:25Z
4o8TgQcIOK8,Ugwag4joZj2Sonq7KGp4AaABAg,@jj-kr2oe,앞으로 꼬꾸라질거같은데,0,2025-08-10T07:00:29Z
WcIES3zzNK4,Ugy1nt1PXn1aIVtlkP14AaABAg,@사과블루베리,"100회째 콘서트를 담은 영화
100번 봐줄게🥵🥵🥵",19,2025-01-15T03:01:50Z
WcIES3zzNK4,UgxV3ZfnnETml08M8gt4AaABAg,@kim_sunnysun,예매완료💜 그날의 기억을 다시한번 느껴보자 유애나들🫶🏻🫶🏻🫶🏻,14,2025-01-15T03:06:31Z
WcIES3zzNK4,UgyCfZtWt2_Za3cul4R4AaABAg,@효_성,우어어어어 저때의 전율을 또 느끼러 가겠습니다,23,2025-01-15T04:38:29Z
WcIES3zzNK4,Ugy0-C_ZFn5y6-uxPS94AaABAg,@roann_rowtwo08,IU and Uaenas are winning!!!! 🎉🎉🎉,17,2025-01-15T03:05:26Z
WcIES3zzNK4,Ugy_jh5SmEMbcZqe13d4AaABAg,@firewater07,I can't wait to see the concert again ❤,17,2025-01-15T03:18:52Z
WcIES3zzNK4,Ugx5TGLnsaaDrR1G3p94AaABAg,@갱갱이-l2u,25일날 무대인사 남자친구랑 같이 보러 갈꺼예용ㅎㅎ,10,2025-01-15T07:59:07Z
WcIES3zzNK4,UgyzPEoVrWrEjfThL5Z4AaABAg,@은은2-k1n,한번밖에 못가서 넘 아쉬웠는데 꼭 봐야지!,18,2025-01-15T03:19:03Z
WcIES3zzNK4,Ugyb4zEjeF5TOE-MRXZ4AaABAg,@user-inpyo,홍보영상 마저 너무 좋다😊,30,2025-01-15T05:52:05Z
WcIES3zzNK4,Ugx3J1z1q6ik9s95p194AaABAg,@윰묭yoom_myoooooo,더위닝콘 영화 개봉만 기다리는 중 🥹 CGV 특전 잘 뽑아줄 거라 믿어요 🌟,12,2025-01-15T03:29:18Z
WcIES3zzNK4,UgyGEmZmjFLJ9FMDM3x4AaABAg,@violet88-lkj,첫날에만 3번 봅니당ㅎㅎ 기대기🤩🤩,14,2025-01-16T14:12:28Z
WcIES3zzNK4,UgwfsWsUwJAbhTgXF3N4AaABAg,@ffullmoon,"토요콘 다녀왔었는데
갑자기 또 보고싶다...",8,2025-01-17T13:39:53Z
WcIES3zzNK4,UgywpghJzoo38plkdMR4AaABAg,@김동원-y5z8l,"오늘 바로 예매했습니다❤
아이크 들고 달려갈게요💖💝💜",9,2025-01-15T06:08:45Z
WcIES3zzNK4,UgwKUau426yZ__Qn51d4AaABAg,@yonggamchoi8498,기대된다,17,2025-01-15T03:13:11Z
WcIES3zzNK4,Ugz3i1z-QkmyvhF0wwR4AaABAg,@daengmark,예고편만 봐두 좋다.......,11,2025-01-15T03:16:09Z
WcIES3zzNK4,UgxuQcP7B9Zd_1ztVjB4AaABAg,@INVU_0309,난 아직도 9월에 살아😭💜💜💜💜💜,9,2025-01-15T12:19:45Z
WcIES3zzNK4,Ugwt-DGN_OZyr2hHFKh4AaABAg,@dmzmdmzm1872,다음주만 기다려요~,11,2025-01-15T04:57:34Z
WcIES3zzNK4,Ugy8BP3ujvPwYtNmDwV4AaABAg,@user-vy748o,아이유 참 좋다!,23,2025-01-16T12:26:43Z
WcIES3zzNK4,UgwWzc_HRKkNQUHUtUZ4AaABAg,@Munji_o,사랑해오,17,2025-01-15T03:01:30Z
WcIES3zzNK4,UgwYiifQvEFLxx0G1pF4AaABAg,@uaena518,아이맥스에서 만나자 아이유♥️,7,2025-01-15T07:59:35Z
WcIES3zzNK4,UgzBYnpjjX6PXq4bl5t4AaABAg,@violet88-lkj,아이유도 행복했으면💜💜,10,2025-01-15T15:22:48Z
WcIES3zzNK4,UgwX2BHjcHt3cVOGrY14AaABAg,@user-bl3pg1ks6f,꺅❤❤❤❤❤,22,2025-01-15T03:03:36Z
WcIES3zzNK4,UgyG6wyYryBZI9KdIzx4AaABAg,@zZzxXZzzZz,ㅎㅎ기다려 꼭 보러갈거야,15,2025-01-15T03:24:11Z
WcIES3zzNK4,UgxfCaJ9-o6ga2hxBK14AaABAg,@roann_rowtwo08,Can't wait to see you in cinemas unnie,10,2025-01-15T03:06:23Z
WcIES3zzNK4,Ugy3LMP2YyC2Kc62CDN4AaABAg,@허접-n8y,"용아맥, 왕십리 Screen X 예매 완료...",9,2025-01-15T04:05:23Z
WcIES3zzNK4,Ugwk_CGgCrtv7rLsfRd4AaABAg,@onlyiu18,"i love you, iu!!! so muchhhh",16,2025-01-15T03:20:25Z
WcIES3zzNK4,Ugzu_IRu3yKlHEInsM14AaABAg,@IkemssmekI,IU💖,17,2025-01-15T03:18:35Z
WcIES3zzNK4,Ugxo5Ul5KPblgHoEd4l4AaABAg,@mahc2002,Please put on to the cinema of other countries 😍,12,2025-01-15T07:04:52Z
WcIES3zzNK4,Ugxr2VME6sIIfxSIWd14AaABAg,@나경-i6v,너무대단해요❤❤,7,2025-01-16T04:49:40Z
WcIES3zzNK4,UgwkGncOn3v9_mwXcd94AaABAg,@prototwelve7563,Pleasee pleasee pleasee also bring this to Indonesia like the golden hour beforeeee,7,2025-01-16T05:05:58Z
WcIES3zzNK4,UgxPZCg6DHPqS5UbqyF4AaABAg,@유애나처럼.유애나,쭉 이어가세요   언제나   응원합니다 ❤❤❤,7,2025-01-15T05:55:04Z
idpAbMXNVxg,Ugxz5EnEXcA_cPP5Cap4AaABAg,@LEOlkh7,저게 일단 오해하시면안되는게 되팔이 즉 사재기 하는 사람들때문에 생기는 방안중에 하나라는점 결국 암표상을 뿌리뽑기위해 해보는건데 저방법이 가장 좋은방법중에하나이긴함 에스파 팬들에게 티켓팅 판매하는 방법,5221,2025-02-22T10:00:14Z
idpAbMXNVxg,UgxIKYDLFA-6kzyzDYh4AaABAg,@400년만ILOVEYOU,근데 저럴거면 선예매를 왜 만든거야 ㅋㅋㅋㅌ 그냥 티켓팅을 애초에 멤버십 가입한 사람만 할 수 있게 하면 되잖아 ..,4237,2025-02-21T09:04:39Z
idpAbMXNVxg,UgyGcwUenjHirQcv0Dt4AaABAg,@a_mondbliz_,문제는 멤버쉽을 상시가입으로 하는것.. 공지올리기직전까지만받던지.. ..,1630,2025-02-21T16:20:09Z
idpAbMXNVxg,UgyT5Lqbie_pZnAFYQt4AaABAg,@Teezen_lover,선예매 자체는 팬들한테도 좋은 제도인 게 맞는데 문제는 그 선예매를 할 수 있게 하는 멤버십 구매가 상시가입 가능이라는 게 문제지 뭐...1년에 3만원 정도 내는데 상시가입으로 해놓으니까 콘서트 공지만 떴다하면 업자가 존나 낌; 걔들은 콘서트 공지뜨면 그때 멤버십 가입해서 선예매 티켓팅 날 매크로 돌려서 표 쓸어담고 표 간절한 팬들한테 원래 표값의 3~4배 받아쳐먹는데 개이득이지 근데 소속사는 분명 지들도 티켓팅 할 때 업자 엄청 끼는 거 알고 있어도 상시가입 절대 중단 안하고 뭐 신분증 확인 강화 하겠다느니 얼굴 인식을 도입하겠다느니 이런 걸 공지로 올림 그럼 걍 업자들은 지들이 샀던 표 취소해버리고 이미 티켓 살 시기 놓친 팬들은 티켓 구하지도 못하고 업자들한테 돈 엄청 줘서 티켓 산 팬들은 입구에서 시큐들이 공연 티켓 찢어버리고 멤버들은 무대에서 관객석 봤을 때 중간중간 관객 비어있는 텅텅콘 되고 실질적인 티켓 판매량은 늘어나지를 않으니 소속사는 공연장 작은 곳으로 잡고..걍 악순환임 그러니까 에스엠 제발 멤버십 상시가입을 좀 막아 업자들 3만원 받겠다고 15만원 콘서트 티켓 땅바닥에 버리지 말고 제발 좀,2082,2025-02-22T13:46:18Z
idpAbMXNVxg,UgxH9ZSqJ9XZyP1CGVl4AaABAg,@대대계,이런걸 왜 모르지... 솔직히 연예인들도 좀 알았으면 좋겠다,6,2025-03-17T01:26:19Z
idpAbMXNVxg,UgxaCUUIQhbwHuTqYkR4AaABAg,@shigumchi0118,스엠은 아닌데 대부분은 팬클럽을 상시가입이 아닌 1-2달정도 일부기한만 모집하기 때문에 그나마 암표를 줄일 수 있는 방법임...그마저도 사긴 하지만 그래서 일부 아티스트들은 선예매표는 따로 입장해서 신분증/멤버쉽/티켓이름(신분증과 같은지)를 확인하고 들여보내주기도 함,343,2025-02-23T00:55:01Z
idpAbMXNVxg,Ugz_ILdm_B-k5wYZFhl4AaABAg,@Jino-L-y1u,"제가 파는 그룹은 일본 쪽인데요. 거기는 매달 멤버십 갱신을 해야 하고, 6개월 이상 연속으로 갱신한 사람에게만 선예매(정확히는 추첨) 혜택을 줍니다. 매달 갱신비용이 적정한 가격이라는 가정하에 이런 방식도 좋은 방법이지 않나 생각합니다.",14,2025-03-14T15:59:44Z
idpAbMXNVxg,UgxSg-SQ1eWzmNdHDMZ4AaABAg,@Dandardan-gr9qm,지들이 하는 걸 모르면…. ㅋㅋㅋㅋ 하는 일은 그저 광대네,6,2025-03-14T15:34:57Z
idpAbMXNVxg,Ugwl2CQdjqwn7EYg2SJ4AaABAg,@cdot5809,"상식적인 가격이면 오히려 저런 멤버쉽제도(팬크럽) 는 골수팬 친화적인 제도임

콘서트 티켓팅때 저런거없으면 찐팬들은 온갖 머글들+겸덕들 상대로 티켓팅해야되는데
덕질 열심히하다 티케팅실패한번에 콘서트 못가게되면 아쉽자나? 앨범 한장안사다가 에스파 콘서트 한대~하면서 티케팅 성공해서 가는거보단 찐팬이 가는게 맞다고봄....
난 찬성파임",54,2025-02-21T17:05:32Z
idpAbMXNVxg,UgylbR2GvlYXPWrSQE14AaABAg,@Rosie-a1z,팬클럽 1 기 2 기를 하면 되는데 sm은 팬클럽 공식 키트도 주지 않고 사실상 선예매 혜택밖에 없는 멤버십을 상시 판매 중이에요... 아니 어떻게 팬클럽 키트도 안 주냐고... 암튼 그런데 백현이 불시에 콘서트 공지를 올렸는데 어느 기간까지만 가입한 멤버십 회원만 선예매 혜택을 받을 수 있어서 선예매 날 멤버십 가입한 팬들이 널널하게 예매 했었다고 합니다.,124,2025-02-23T00:30:02Z
idpAbMXNVxg,Ugz0N9FicJpAqaH7PFF4AaABAg,@9rmflsxl,"좀 알아주면 좋겠긴 하지. 이런 걸 모르고 관심도 없으면 좀...가수가 이런 거 신경 1도 안 쓰면 소속사는 정말 팬들을 돈으로 보기 때문에 불상사가 생길 수 밖에 없음. 에스파도 있었지. 콘서트 티켓 1열 예매했는데 시야 확인도 안 해서 스피커에 다 가려지고 하나도 안 보였던 적 있잖아. 이런 거 당하면 진짜 얼마나 빡치겠어....콘서트 비용이 얼마고 거기 가려고 시간 내고 가는 것도 꽤 고생인데...이런 면에서 아이유가 진짜...팬들 엉덩이 아프다고 방석 다 깔아둬, 좌석별로 시야 안 좋으면 가격 내리고, 암표 적극적으로 잡고. 콘서트 가격이 10~20만원이라 당연해보이지만, 이런 거 신경 안 써도 좋다고 오니까 결국 점점 막 나가는 거지.",7,2025-03-10T16:41:20Z
idpAbMXNVxg,UgxxRk1W-Bj-U84PyWZ4AaABAg,@0777-x1v,몰랐다고요....??????,18,2025-02-27T04:31:14Z
idpAbMXNVxg,UgyVjlZeRdawdSv1Zxl4AaABAg,@is.0miz,윈터 넘 착한듯❤,155,2025-02-21T09:05:38Z
idpAbMXNVxg,UgxkrRTaU4Lw_Da1PiJ4AaABAg,@isabellllee,"일본 에스파 콘서트는 등록한 전화번호에 티켓이 날라와서 그 핸드폰으로만 입장 가능하고, 한명당 최대4장, 어떨땐 최대 2장까지만 살수있게 되어있어서 사재기 없는데…. 
거기다 팬클럽 가입됐든 일반예매로 하든 추첨으로 뽑고, 당첨될 확률도 비슷해서 공평하다고 볼수도 있음
한국은 왜 그렇게 안하는지…",9,2025-02-27T02:56:13Z
idpAbMXNVxg,UgxzBFV200FkndDmqs54AaABAg,@rlaWndwl,"근데 솔직히 말해서 아이돌들 팬들 생태계 좀 알았으면 좋겠음ㅋㅋ ㅜ 바쁜 거? ㅇㅋ 근데 팬 없으면 지금 하고 있는 거 다 못 함 그렇다면 팬들이 어떻게 자기네들을 보러 오고 어떻게 돈을 쓰는지 그런 건 알아야 하지 않겠음? 하다못해 굿즈가 어떻게 생겼고 어떤 가격이고 그런 거라도 알라고... 그런 거 모르는데 어떻게 팬들을 존중하고 아낄 수 있겠어 아무것도 모르고 그냥 나 좋아하니까 보러 오는구나 싶겠지 거기에 드는 노력은 모르는 거임...
그리고 스엠이 팬클럽 개념 없애버려서 짜증남 원래는 주기적으로 딱 한 번씩만 가입 열고 팬클럽 키트 보내줬는데 이제는 상시로 열어버리고 아무것도 안 주니까 냅다 팬 아니어도 다 가입해버림... 얼탱 없어 팬클럽이라는 거 자체는 너무 좋은데 3만원씩이나 할 거면서 할 수 있는 거라고는 남들 다 가입해서 제대로 할 수도 없는 선예매나 공방이고 인스타 시작한 아이돌은 해주지도 않는 위버스 라이브 보기임ㅋㅋ 차라리 팬클럽들은 버블이라도 무료로 해주던가 쯧",114,2025-03-09T21:50:24Z
idpAbMXNVxg,UgxWZWRw2RZsnEmrocd4AaABAg,@없음-e5p,저데 착한거야?,9,2025-03-01T02:58:12Z
idpAbMXNVxg,UgxNfhjFsXJQ8JhhN994AaABAg,@숫사슴쵸파,데뷔한지 만4년이 넘었는데 티켓을 어떻게 파는지 이제 알았다는게 좀 충격이네,32,2025-02-24T22:58:01Z
idpAbMXNVxg,UgysrbMwKYoMRuPKFJN4AaABAg,@OO-ie4pf,근데 그런 상술 하나하나가 쌓여서 본인이 가진 재산이 된거임,154,2025-02-22T11:43:55Z
idpAbMXNVxg,Ugxtlua4--Hl06ojUSl4AaABAg,@캬악투,멤버쉽 상시가입 없애고 일년에 일주일정도만 가입기간 열었으면 좋겠음,4,2025-02-23T00:23:39Z
idpAbMXNVxg,UgwCHXcMdqlcfV6XwNp4AaABAg,@Green-y5p,선예매 제도는 아주좋다고 생각함. 일단 팬카페 가입하면 다른 혜택도 있기 때문에..,3,2025-02-22T13:49:48Z
idpAbMXNVxg,UgyIT4mXpUh9IugRizl4AaABAg,@user-vd3gf1yv5d,팬들한테 미안해할수도 있고 동시에 돈도 벌수 있다니 참 좋다😂😂,47,2025-02-28T17:12:22Z
idpAbMXNVxg,UgzWPtLbvdARZljKNpl4AaABAg,@adwyj,팬클럽 선예매는 필요하긴함.....있고 없고 차이가 크더라;;,12,2025-02-22T10:22:56Z
idpAbMXNVxg,Ugx-XayEB7iEp2cUxOt4AaABAg,@hyun-u7w,아니면 버블에 묶어주는 것도 괜찮을듯,7,2025-02-22T00:49:58Z
idpAbMXNVxg,UgxkzeXbH8FtScbMHI94AaABAg,@wannabehappy-p4y,엇 목소리가 되게 하이틴 여주 같아요!!❤,0,2025-03-19T08:56:22Z
idpAbMXNVxg,UgxkkAwB-_Q0atU7FF14AaABAg,@갓백호-s2r,너무이뻐서 계속 보게됨;;,0,2025-03-14T00:59:04Z
idpAbMXNVxg,Ugyw7Zzrm1Y8MdWEwFN4AaABAg,@김수완무-v7h,본인 정산액의 대부분이 저런 상술로 나오는건데..,15,2025-02-24T01:38:28Z
idpAbMXNVxg,Ugwh05-CwnvmwrFkKA94AaABAg,@yuyyuyyooogo4,알아줘서감사합니다그래도...우리의마음을...,0,2025-07-30T15:39:20Z
idpAbMXNVxg,UgxaW7RQmupOGCjeKYN4AaABAg,@TommySol,진짜 개이쁨❤❤,0,2025-03-29T16:56:56Z
idpAbMXNVxg,Ugy8byLunOXuocvih214AaABAg,@이정재-l5q,애가 참 러블리하네 눈썹도있고,0,2025-03-16T05:04:22Z
idpAbMXNVxg,UgzKYLnM0ig__GjPdIN4AaABAg,@kkomi-v8p,귀여워❤,17,2025-02-22T02:10:53Z
bMinhjxpzLs,UgxQLKxGZBjKoHmba8h4AaABAg,@뿡뿡뿡-o3x,"공연을 보는 것 같아요
좋아요",0,2024-01-27T08:49:50Z
bMinhjxpzLs,Ugy2y3xOB8JAaabdPV14AaABAg,@뿡뿡뿡-o3x,😊😊😊,0,2024-01-27T08:49:14Z
_LyucVil__4,UgzTOuD44zeXcOZ4Tkp4AaABAg,@현-b1k,한재민님 영상편지처럼그때는 지금보다 더 행복한삶이되길요🙏🙏🙏💐💐💐,6,2023-04-20T13:22:20Z
_LyucVil__4,Ugz144OYxd_PJ-1LsMV4AaABAg,@sangria-f9h,에스메 콰르텟 연주에 큰 박수를 보냅니다.앞으로 모든 꿈이 이루어지길 응원합니다.,7,2023-04-21T13:13:20Z
_LyucVil__4,Ugzpq-nvegpPdfVwuVV4AaABAg,@농사짓는문파-t6s,재민군 연주는 항상 감동입니다~ ❤.❤ 통영국제음악당에서 울려지는 첼로 소리 너무 좋았습니다.,6,2023-04-21T01:45:45Z
_LyucVil__4,UgyvVrCooI8E2zhSnqZ4AaABAg,@HN.0251,57:13에 나오는 바이올린 곡 알고싶어요🙏,3,2023-04-27T17:08:58Z
_LyucVil__4,UgxDXXkFMe6msuygPht4AaABAg,@JJ-jm9uc,강민님 ❤❤❤한국에서의 활동도 가끔은 해주시길,5,2023-04-20T21:14:09Z
_LyucVil__4,UgwWfRMSzcZ_bvl_XWF4AaABAg,@yssimon9058,에스메 콰르텟 - 올해 통영음악제 모토인 'Beyond Borders'에 가장 적합한 다양한 시대의 프로그램으로 연주도 좋았습니다. 남자 연주자분 뭔가 과도기적인 역할이지 않을까 하는 선입견이 있었는데.. 오래도록 잘 연주하게 되시길 바랍니다. 응원합니다!,6,2023-04-21T06:03:53Z
_LyucVil__4,UgylAJIslX9a_9zg76d4AaABAg,@올라프Song,"창밖에 빗소리가 들리는 듯 합니다.
응원합니다!",4,2023-04-20T15:06:51Z
_LyucVil__4,UgxwxMnn0ChFkenv3GR4AaABAg,@forestella_fan,옴브푸 시즌2를 기다리고 있겠습니다. 멋진 진행자 임선혜님 시즌2시작할 땐 직접 노래도 한 번^^😊,4,2023-04-21T09:51:00Z
_LyucVil__4,Ugx-9LoS1uQW4JJFAwJ4AaABAg,@박혜정-g4i,최수열 부산시향지휘자 멋져요~~^^,2,2023-04-27T13:25:45Z
_LyucVil__4,Ugxym-l_nrY8-TcodoZ4AaABAg,@youngsilsuh1955,응원할게요...열심히하세요ㅡ🎉😊,5,2023-04-20T12:13:10Z
_LyucVil__4,Ugxmy9690s0AAB6X7ih4AaABAg,@inikang,"29:53
김강민님 통영공연 최고였어요!!!
팬이 되어 영상물들 구입해 보고 있답니다!
빨리 한국 공연 또 오시길 바랍니다!!!",3,2023-04-24T05:41:57Z
_LyucVil__4,Ugylk84eJkYblpXE4TV4AaABAg,@kmjo_anne,"너무 잘 보았습니다~ 
1:01:15 경부터 흐르는 음악이 어떤 것이죠? 멜로디가 참 좋으네요.. ^^",2,2023-04-25T01:38:53Z
gx8OMjeUxYM,Ugx7OFgR-SmZEkqmLLl4AaABAg,@lifejs8442,조진주 연주자님 최고!♥,3,2021-07-15T13:27:59Z
gx8OMjeUxYM,Ugx8YeKjqNSekoPndCV4AaABAg,@bong9_ne,무대를 찢었당!🤪,0,2021-07-18T17:51:00Z
mRoTR5ta9e4,Ugz56Uk9ti3PfuoNBJh4AaABAg,@Elizabeth-bj3io,"진정 타의추종을 불허하는 피아니스트 손민수교수님의연주
기립박수보냅니다",37,2024-01-12T22:45:10Z
mRoTR5ta9e4,UgxFM71P_q-b5sVTdPZ4AaABAg,@권정숙-b1u,멋진 클래식 피아노 음악을 듣고 감상할수 있게 해주신 손민수피아니스트와 오케분들 감사올립니다. 올려주신 분도요^^.,30,2024-02-05T08:49:40Z
mRoTR5ta9e4,UgxnkaUy93IM7SY-jLF4AaABAg,@mikyoungkum,손민수선생님 행복한 피아니스트 되시길,46,2023-10-02T04:14:02Z
mRoTR5ta9e4,UgwQ1lK7Torp-I-xpIh4AaABAg,@정경-d8u,감성과 지성 그리고 서사가 있는 👍의 피아니스트 축복합니다.늘 항상 응원하고 오래~오래 건재하세요.,47,2023-10-04T15:08:50Z
mRoTR5ta9e4,UgwYCKk8pkn7-50G_Hd4AaABAg,@persona6587,손민수 선생님 연주에서 말로 다할 수 없는 기품을 느꼈습니다.,23,2024-03-13T11:42:35Z
mRoTR5ta9e4,Ugy8aaMUKHBCYvn_Lh14AaABAg,@Sandisena,감정을 절제하고 꼿꼿한 자세로 연주해주시는 교수님❤ 귀가 호강하네요,34,2024-01-19T23:01:38Z
mRoTR5ta9e4,UgyxQrgkjEPJn9zfM9V4AaABAg,@이가든부인,손민수 선생님..클래식에 대해 다시 한번  눈뜨게 해주셔서 너무 감사합니다..사랑합니다~~❤,27,2024-03-31T02:27:29Z
mRoTR5ta9e4,UgzHDnlF_YOXlbWj2dB4AaABAg,@WarinPartita6,"Magnificent​ rendition​ of​ Beethoven​'s​ great​ masterpiece.​ BIG​ THANKS​ to​ the​ master​ pianist​ Mr.​ Sohn, the​ sensitive​ conductor​ Ng  and​ fabulous​ orchestra.​ Encore, please​ ❤😂🎉😂❤",18,2024-03-31T05:11:56Z
mRoTR5ta9e4,UgyatPyLL11bKs-KCWh4AaABAg,@evanemeth5528,"As Mr. Minsso Sohn lives in his music with complete transcendence. The way he surrenders himself, the way he immerses himself in the spirit of Beethoven. Just as he breathes life into this piano piece with his calm, restrainedly passionate, soft virtuosity. As he does all this in full symbiosis with the Tongyeon Festival Orchestra, he takes his audience into a delightful magic. We can take part in a special musical journey with him. Thank you for the opportunity to be a part of this journey. ☺️❤️",23,2023-12-01T07:16:32Z
mRoTR5ta9e4,UgzZfAXlwHe9DKNiXnV4AaABAg,@troitroika,"손민수님의 황제라니…
너무 좋아",24,2023-10-02T11:42:28Z
mRoTR5ta9e4,Ugxwm-WEDM3j8Ep4i9F4AaABAg,@soojungbaik2546,그날의 감동이 다시.... 영상 올려주셔서 감사해요❤❤❤❤❤ 진심이예요,23,2023-10-02T22:59:37Z
mRoTR5ta9e4,UgyOtIHoGm9dRPLI07h4AaABAg,@AlexAlex-ej5fg,"마지막 5번까지!! 소중히 품고 잘 들을게요. 추석연휴, 토마토 클래식 덕분에 정말 좋은 시간 보냈답니다. 정말 감사합니다. ❤❤❤❤",25,2023-10-02T08:52:10Z
mRoTR5ta9e4,UgwBEoCcE2ckbKzrxZ14AaABAg,@rainer6574,"드디어 모두 모두 올려주셨네요 ❤
고맙습니다  추석 연휴를 가장 행복한 선물로 받았어요😊
토마토클레식 흥하세요 ❤❤❤",23,2023-10-02T03:47:47Z
mRoTR5ta9e4,UgxNQ_KEO2uMioEpK514AaABAg,@Yi-jn1oh,손민수님 베토벤피아노협주곡 전곡연주에 갔었습니다. 저날의 감동이 다시 오네요. 너무 좋았어요😍,34,2024-01-22T23:29:43Z
mRoTR5ta9e4,UgwUe1WVpqTVSCEMX5B4AaABAg,@soonoh943,"드디어 5번 이네요
추석연휴선물 정말 감사합니다^^",22,2023-10-02T03:02:51Z
mRoTR5ta9e4,Ugzk1n-203KjpN3SlXh4AaABAg,@drkoh6693,"베토벤 피아노협주곡5번은 수없이 들었지만 손교수님의 연주에서 마침표를 찍은 듯하네요.가슴벅차오르는 역동적연주, 섬세하면서 가슴시린 피아니시모...음악에 대한 끝없는 사랑과 헌신이 만들어낸 음악으로 예술의 극한치를 경험하게 해주심에 깊은 존경과 감사를 드립니다.임윤찬피아니스트가 갑툭튀가 아닌 손교수님같은 훌륭한 스승이 계서 가능한 스타탄생이라 생각됩니다.더욱더 좋은 음악과 제자양성으로 국민들의 기대에 부응해주시길 소원합니다.",81,2023-11-19T10:18:53Z
mRoTR5ta9e4,Ugy9k8Ub18sDgeXrvnB4AaABAg,@youngkim1521,손교수님 사랑합니다~ 감사합니다...❤,9,2024-08-21T14:00:35Z
mRoTR5ta9e4,UgzpTU2qZp_DSQsRJ-p4AaABAg,@yalz302,I watch some parts every day 😄 so good,12,2024-02-01T06:28:36Z
mRoTR5ta9e4,UgwuaZ9rG8o62iBNsiB4AaABAg,@aspirating4594,"우리가족 저 자리에 있었는데 이렇게 들으니 또 새롭네요.
손민수교수님 황제 느므 좋다능 
브라보!❤",13,2023-11-04T04:46:29Z
mRoTR5ta9e4,UgyS_mkLHyerWGraUPJ4AaABAg,@okaytoletgo,"Mr Sohn, our dignified gentleman performing here is Mr Yunchan Lim's teacher. Honored to have found this stream. Thank you.",18,2024-02-07T21:31:06Z
mRoTR5ta9e4,Ugzmb2p9GH1xR-E9EOF4AaABAg,@iuliaujeniuc731,Wow! Ce surpriză!❤️🌹🥀 Mulțumesc Maestro!,11,2024-01-27T22:15:13Z
mRoTR5ta9e4,UgzM7j3_Gvm48MxLDTV4AaABAg,@surrender1271,정말 거의 매일 1번은 꼭 듣게 되네요. 2악장은 들을수록 더 아름답게 다가와요,11,2024-05-24T14:56:31Z
mRoTR5ta9e4,UgyueqRH_8RZW0o9qQl4AaABAg,@ernstkarioth8128,Welch herrliche Musik mit einem grandiosen Pianisten. Einfach spitze.,7,2024-02-18T06:11:31Z
mRoTR5ta9e4,Ugz7h7gyOFAL-NQOt5F4AaABAg,@2w914,오늘도 고맙습니다. 역대급 추석이었어요....오래오래 기억할게요. 힘든날이 오게되면 2023년 추석연휴 떠올리면 힘이날 것 같아요.❤,9,2023-10-02T03:52:57Z
mRoTR5ta9e4,UgwKtTqiXdAwJPmgVHZ4AaABAg,@LienChaing,Beethoven would be so pleased with this lovely presentation.,9,2024-05-19T23:27:31Z
mRoTR5ta9e4,Ugzy7SrMV9Mjur_itYx4AaABAg,@jaypark4499,와우~손민수샘의 황제 2악장은 제게는 럽입니다👍💜💙,14,2023-10-18T10:16:47Z
mRoTR5ta9e4,UgwnXA8B44OCP4xBJX14AaABAg,@Rladmsgud1981,와. 진짜 최고다,11,2023-12-05T15:01:47Z
mRoTR5ta9e4,Ugy7N0wDgqWYwfzitz54AaABAg,@eunyoungroh1482,BAC 이틀 다 예약하고 작년 연주 보고 있는데 5번 까지  다 올려있네요.이런 귀한 영상 올려주셔서 진심감사드립니다. 손교수님  너무나 존경하고 늘 행복한 연주자 되시길 빕니다.^^❤❤❤❤❤❤,24,2024-07-07T12:50:45Z
mRoTR5ta9e4,Ugw2sprPli-8eeocFah4AaABAg,@surrender1271,기다리고 기다리던 5번! 감사히 잘 듣겠습니다^^,14,2023-10-02T02:30:21Z
mRoTR5ta9e4,UgwSt3epxv4qJ3MSPjZ4AaABAg,@ddestiny44,오예~ 감사해요~~ ❤,10,2023-10-02T04:28:09Z
Nkx1gQyfKJc,Ugw0KfFL57fh3gfGcmJ4AaABAg,@tabularasa6149,끝나고 나서 여운을 지켜주는 관객의 박수,43,2023-07-22T02:47:33Z
Nkx1gQyfKJc,UgyBDSPBjpY30DCIeR54AaABAg,@WNG127,말러형님은 레전드다.. 가슴이 웅장해진다,59,2020-08-28T12:53:21Z
Nkx1gQyfKJc,UgwITX1ZPKg780plftx4AaABAg,@김흥국-k9w,80여분 곡 전체가 설득력을 얻게 되는 엄청난 피날레.,14,2024-08-28T05:55:39Z
Nkx1gQyfKJc,UgzokOcZJ6A3a6gRqs94AaABAg,@범띠유씨,가끔 하루가 끝나고 혼자 술한잔 마신뒤에 시가나 담배 한대 태우며 들으면 피날레 부분에서 본인도 승천하는 기분을 간접적으러 느낄 수 있네요,16,2023-11-23T17:31:31Z
Nkx1gQyfKJc,Ugzk1zElx2VpyYQhYPh4AaABAg,@Ben-f3q,하 진짜 음악이면 음악 가사면 가사... 치료받고갑니다,20,2021-03-21T02:41:21Z
Nkx1gQyfKJc,UgwpTpUmiP6jvmGYhVF4AaABAg,@hx_xm,무슨 천국에서 들을수 있을법한 노래네..ㄷㄷ,19,2021-12-12T09:57:57Z
Nkx1gQyfKJc,UgwHCCF3Mv_NuiFzDhN4AaABAg,@운전꿀전자,리카르도 형님 지휘 유쾌하네 아비도와는 다른 느낌,18,2021-10-31T04:52:06Z
Nkx1gQyfKJc,Ugh7GOfNNEHys3gCoAEC,@aiaiaiaim,감사합니다. 정말 숭고한 아름다움이 있는 피날레이네요 .,30,2016-11-22T10:38:07Z
Nkx1gQyfKJc,Ugw_RsYA9xIVD4zW-rp4AaABAg,@이형섭-m1v,2:00 크레센도는 리카르도 샤이만 넣을 수 있는 디테일,32,2021-12-17T14:12:31Z
Nkx1gQyfKJc,UgwuOdrJiCy8gycvAXN4AaABAg,@김철수남-j6q,최고의 교향곡 말러 2번 부활.....,9,2022-07-17T19:08:08Z
Nkx1gQyfKJc,Ugw_PRr1xUv_aCeVhnJ4AaABAg,@andnoah,자막도 있어서 감동이 더욱 크네요,14,2020-08-13T00:20:05Z
Nkx1gQyfKJc,Ugwr213g__639zVxKC54AaABAg,@zimbra67,교향곡 2번의 피날레는 정말 헤비메탈보다 더 화끈하고 짜릿하죠.,6,2024-04-29T22:13:47Z
Nkx1gQyfKJc,UgwQKR01_dDODc5ga5x4AaABAg,@gaspell,우주적인 아름다움,5,2024-09-23T16:19:16Z
Nkx1gQyfKJc,UgzKov7KJSw5l45sKeN4AaABAg,@하와이에살고파,소름돋는당,15,2018-09-10T12:34:03Z
Nkx1gQyfKJc,Ugx23y8R4L8vPt--1_R4AaABAg,@Soo8005,"감사합니다..
눈물 찔끔! 곡 자체도 좋은데 가사를 알고 들으니 …뭔가 더.감격스럽네요~
좋은 영상 올려 주셔서 정말 감사합니다~❤",3,2024-01-29T07:15:57Z
Nkx1gQyfKJc,UgyH619TU4zGJ3l0vPh4AaABAg,@thanq3696,너무 감동적입니다 🎉😢,1,2025-04-11T11:23:46Z
Nkx1gQyfKJc,UgyQ4muFXL_DjKzaL8F4AaABAg,@pilgrim-ty6iz,Devine Devine ❤,0,2024-12-22T01:28:04Z
Nkx1gQyfKJc,UgzwScMGKhcJtpkQK894AaABAg,@pureviol,👍👍👍👍👏👏👏👏👏,6,2019-04-10T13:35:11Z
Nkx1gQyfKJc,UgzRfcKwAzaWz6anzqp4AaABAg,@musica327,"Richardo  ~amazing!  카라얀을 보는듯 듣는듯
Greatest !!@@@••••♬♬",3,2020-01-07T10:37:29Z
Nkx1gQyfKJc,Ugxq-yxAb4rVTm-UfmZ4AaABAg,@펭수부뤼,젠장 또 말러형이야,1,2024-04-02T12:28:23Z
Nkx1gQyfKJc,UgyUSQ1ErPx0VZjgXGZ4AaABAg,@piano_jhl,❤️,0,2024-07-20T12:20:58Z
Nkx1gQyfKJc,UgyzI9JAfOEMvlfkYkJ4AaABAg,@alancrabb,"Mahler 2nd Symphony ""The Resurrection"" (final minutes)
Ricardo Shailly, Leipzig Gewandhaus Orchestra, 27/09/2011, International Mahler Festival Leipzig",8,2019-05-28T10:32:12Z
Nkx1gQyfKJc,Ugwomq1Mqt9zWdg7ruB4AaABAg,@마봉수-o5h,ㅠ,2,2019-11-14T05:39:21Z
Nkx1gQyfKJc,UgwTylWGAsLZ_LFNABB4AaABAg,@emanuelecicchino7256,Capolavoro.,0,2025-04-30T18:27:14Z
Nkx1gQyfKJc,Ugw46MWpgR4siWX4vG14AaABAg,@stephanfrank1253,풀버전 어디서 볼수있을까요?,9,2019-09-08T04:15:56Z
Nkx1gQyfKJc,UgzW-ilsHK3U7xrcs2N4AaABAg,@darkknight2992,혹시 말러는 신앙을 가진 사람이었나요?,0,2026-01-30T05:30:01Z
Nkx1gQyfKJc,Ugzu2WoXLaJqbHBLbX94AaABAg,@김현진-v5s1s,위 지휘자이름이?,0,2026-04-02T11:54:26Z
VE5vodSMde0,Ugz6LKBZUrLlPgEtuWd4AaABAg,@행주-b3y,"와.. 드디어 찾았다ㅠ 아니지 드디어 풀린거라고 해야하나??
몇년전에 보고 다시 보려 했는데 영상이 없어져서 찾느라 애썼는데.. 풀어줘서 감사요ㅎ",11,2021-01-06T20:14:49Z
VE5vodSMde0,UgyWzdsWnjfoI50Lo6d4AaABAg,@Lennin_okayama,와 쇼스타코비치는 이걸로만 들었었는데.. 사라져서 한동안 못듣고 있었습니다. 부활 시켜주셔서 감사합니다.,5,2021-11-02T02:12:52Z
VE5vodSMde0,UgxViDSntpiBol8TVyp4AaABAg,@stefanobisaglia2152,Non avevo mai sentito parlare della KBS Symphony Orchestra e nemmeno di Rumon Gamba ma questa esecuzione mi è piaciuta moltissimo. E' quella che vorrei ascoltare con il mio impianto stereo. Bravi!,2,2020-10-12T20:20:57Z
VE5vodSMde0,UgzRA_CJfuiFEerDDDB4AaABAg,@Deepflow78o82,2009대한민국국제음악제@KBS중계석  작품  금년  9월28일   예술의 전당    에서  다시  공연,1,2022-06-24T15:01:14Z
VE5vodSMde0,UgwFrTFSiTQNbTjR29x4AaABAg,@Draw_the_music,4악장 36:35,3,2023-01-27T16:16:55Z
VE5vodSMde0,UgysMnHeR8XVrob0t6J4AaABAg,@sunnywebb7834,"1937년 11월21일 초연되고, 교향곡5번을 통해 형식주의자란 비난을 겨우 벗어납니다.그리고 숙청도 피합니다.",5,2022-06-21T04:25:40Z
VE5vodSMde0,UgzKOAHUUHkxdeXA8IN4AaABAg,@dddddf9,"요즘도 좋은 오케스트라는 많지만 
저시절 KBS의 사운드가 너무 그립네요! 
팀파니 선생님 너무 멋지십니다👍🏻",0,2024-01-22T14:14:17Z
VE5vodSMde0,UgylMcxVb1VvSUW64Wx4AaABAg,@Arcturus-p7g,"I. Moderato     0:07
II. Allegretto     16:38 
III. Largo     22:50 
IV. Allegro non troppo     36:33",0,2023-11-07T16:29:36Z
VE5vodSMde0,Ugy0hbdgP-JWBludJJF4AaABAg,@MachrieMoor,와 기침소리 엄청나네..,0,2023-05-01T11:51:40Z
VE5vodSMde0,Ugx4GTiegqBDLG7q_pV4AaABAg,@iwanttodropoutofschool,16:50,1,2023-04-14T06:21:01Z
VE5vodSMde0,UgyFmC1f9cyuEkBkg7V4AaABAg,@충무공경마,36:35,7,2021-03-01T16:51:26Z
VE5vodSMde0,UgxGzx6QTUC93I53QPh4AaABAg,@arankim4521,18:48 21:00,0,2023-02-24T06:29:10Z
VE5vodSMde0,Ugzt7bCK7RklCJptPM14AaABAg,@tv-nx7de,이 악곡에 관한 해설 좀 요약설명해주세요,0,2020-11-30T16:16:47Z
VE5vodSMde0,Ugyv3Xucl3JNj6gtFBN4AaABAg,@jeanparke9373,지휘자가 좀... KBS가 한동안 도무지 출처를 알 수 없는 외국인 지휘자들을 많이 데려왔었죠. 요즘은 안 그러지만.,1,2023-07-02T09:05:59Z
VE5vodSMde0,Ugy4hFMv6JEwSmRIUW54AaABAg,@조진태-m9j,P,0,2022-08-12T07:25:12Z
N4NnYSBO0IU,UgwN6wwz3yZhL0gQuTl4AaABAg,@SYYona,좋은 공연. 감사합니다..!!,2,2020-07-13T00:48:27Z
N4NnYSBO0IU,UgwUF2B9Iwa07vnz1XJ4AaABAg,@twoyear81,40분 남짓 되는 시간이 4시간 이상의 행복을 주었네요,1,2020-07-20T01:03:48Z
N4NnYSBO0IU,UgzS4UcKb_kDQvsVr8t4AaABAg,@quix0tedon186,"It was a happy afternoon with good music. Thank you.
 "" 이 서정적인 음악프로가 많은 사람들의 사랑을 받았으면 좋겠습니다.  
감사드리며 응원합니다. David Kim """,4,2020-06-06T08:28:03Z
qe7xI8cdpQQ,UgwFf304rtqLWbpqdox4AaABAg,@BSphilharmonic,"사회 김하린
- 협연 -
바이올린    김수현
피아노        신애라
첼로            이주희
클라리넷    김진서

00:00  공연 시작
00:24  드보르작 - 신세계 교향곡 제9번 4학장
12:05  사회자 소개
15:05  첼로 협주곡 나단조 1악장, Violincello 이주희
31:18  바이올린 협주곡 3번 3악장, Violin 김수현
43:55  랩소디 인 블루, Piano 신애라
57:28  사회자 소개
1:01:40  클라리넷 협주곡 3번 1악장, Clarinet 김진서
1:10:35  쥬라기 공원 OST
1:19:55  단존 2번
1:29:47  커튼콜",0,2022-10-18T04:47:37Z
rH59URrhXTQ,Ugx5ufXzkjinCCnTpNV4AaABAg,@이기영-w8f,이효주 피아니스트 연주는 언제나 최고입니다~~!!,2,2022-05-19T03:52:44Z
rH59URrhXTQ,Ugy-_7YrS5YvHRM0Dwt4AaABAg,@egalite5025,라흐 피협2번! 넘넘 최고네요👍👍,3,2022-05-18T12:46:16Z
rH59URrhXTQ,UgxnXVp8ntGQuEkkMgp4AaABAg,@김규성-g6c5z,아름답습니다,3,2022-05-18T12:44:11Z
rH59URrhXTQ,UgxJN0pZtdkMaK_RLs14AaABAg,@김은영-i3n3p,대단합니다. 감사합니다,2,2022-05-13T19:36:58Z
rH59URrhXTQ,Ugx7qJdCHypgMDhiOoV4AaABAg,@박세이-t3u,"효주님 넘 잘들었어요. 
대단하십니다.",3,2022-05-12T03:23:05Z
rH59URrhXTQ,Ugy1iiP3Ecr_D9CfhFZ4AaABAg,@제임스-c8o,이효주님  멋져요~,3,2022-05-18T12:56:15Z
rH59URrhXTQ,Ugzccv7uXWsBZZqhcb94AaABAg,@정태성-j5i,"종종 들을수 있는 라흐 피아노2번
협주곡인데...
이  아름다운곡을 이효주님의
온 몸으로, 표정으로,
부드러우면서도  강렬하게  연주하심에 잠시나마 들숨ㆍ날숨이
꼬였었내요~ㅎ
도입부분이  매우  인상적이었어요~
아침마다 들을것 같아요!!
감사합니다.",4,2022-05-12T04:51:23Z
rH59URrhXTQ,UgyuvhEYCUCIsAOKq314AaABAg,@최유이-j8l,실시간 생중계를 못 봐서 아쉽네요~ 노래 진국이네요~,2,2022-05-12T05:54:17Z
rH59URrhXTQ,Ugxw32a1WfSeyu0Jci94AaABAg,@bangkeul,이효주 피아니스트님 연주를 너무 감동적으로 들었어요~~ 이렇게 좋은 연주를 들을 수 있어서 너무 좋았습니다!! 앞으로도 좋은 연주 많이 들려주세요~~*^^*,2,2022-05-19T06:45:53Z
rH59URrhXTQ,Ugyvrd1FyXUNrcYpFel4AaABAg,@Kweon-i8e,"이 곡 들으면서 떠 올려지는 얼굴,
가수 웅산 이라니^^
재즈가수라 그런가?
건강과, 무한 발전 있기를 기원 드립니다~💜",2,2022-05-12T06:41:52Z
Of9qzq4JYgQ,UgzkVzHu-P_EHGF7Kbx4AaABAg,@parrot1kim930,깔끔하고 세련된 연주에서 원탑이라 생각합니다. 오래오래 좋은 공연 해 주세요,20,2023-05-02T22:41:19Z
Of9qzq4JYgQ,UgwqvQPMs2SJ1Kuhpj94AaABAg,@SRTY1000,"피아노 부분만 치는데도 오케스트라가 마구
들림",9,2023-07-25T02:00:59Z
Of9qzq4JYgQ,UgwaHb5CM1njOIiC8XR4AaABAg,@whitejoung1506,우리나라 보물들...,10,2023-02-17T13:32:21Z
Of9qzq4JYgQ,Ugw8DWaWTAogmTRyI5t4AaABAg,@kim30sy,여전히 좋네요,10,2023-02-11T15:39:57Z
Of9qzq4JYgQ,UgwdVTmtJsVnmPXZLwJ4AaABAg,@Franz_Liszt_Korean,이 분 라캄파넬라 연주에 감명받았죠,8,2023-02-05T02:18:55Z
Of9qzq4JYgQ,Ugzptm1oUaU_Xb2bCDt4AaABAg,@chun62756,"선우예권님! 넘 반갑습니다 
요즘 궁금했어요 
자주 소식 전해주세요",8,2023-02-07T05:09:14Z
Of9qzq4JYgQ,UgyFZHwhdT-Mj3IQTq54AaABAg,@써니-t3v,넘 멋진 분!!!,1,2025-09-24T11:56:15Z
Of9qzq4JYgQ,Ugw4EM73xKh9jvjJBGh4AaABAg,@todoctodoc,최고네요!,5,2023-02-21T04:44:07Z
Of9qzq4JYgQ,UgwD5JRZXedGzXzFMnN4AaABAg,@Iced_Latte_,"앗, 선우예권님💙  아직 이 방송을 못봤는데,   감사합니다 🙏",4,2023-02-12T16:12:21Z
Of9qzq4JYgQ,Ugz5A8usg5FklKzJAgF4AaABAg,@반항아-r3k,임윤찬.조성진에비해서 실력대비 저평가된 피아니스트인데 윤찬.조성진이 워낙에 언론에 노출이많이되다보니...,7,2024-11-03T06:51:24Z
Of9qzq4JYgQ,UgwyJFVURqSuP6MvS_B4AaABAg,@liliacontreras9736,❤,2,2024-08-04T17:52:26Z
Of9qzq4JYgQ,UgxXahzcEzBBb-FiRp14AaABAg,@쭈야-u3j,🩷🩷🩷🩷🩷,4,2023-06-07T07:24:53Z
Of9qzq4JYgQ,UgxwtEBQxxclhnV_2454AaABAg,@jazzman3309,"어제 저녁에 라면드셨나..🥹
연주 좋네요😌",8,2023-02-01T12:08:08Z
Of9qzq4JYgQ,UgziyO19xZ2-U3eoEhd4AaABAg,@xxddavid6760,반 뭐였는데 거기 우승!,3,2023-02-19T14:04:14Z
Of9qzq4JYgQ,UgxxQxjzl-TRH8PtSMB4AaABAg,@Adagio-o3w,"순한맛 느낌이예요
얼마전 그리그 협주곡 연주때도 느꼈는데..  ㅎ 순한맛 피아니스트",5,2023-02-09T15:28:02Z
Of9qzq4JYgQ,Ugy2U-QDu4y4QNkbB6p4AaABAg,@회색분자김도윤,허각 폼 미쳤다,3,2023-02-10T03:56:22Z
RDAW_T04ab8,UgyxRFg8TwpHCh9pzB14AaABAg,@operabaum,"오늘 부산콘서트홀에서 30,31,32 직관했어요..너무 좋았습니다..❤👍👍👍",0,2025-07-05T14:05:08Z
H5g_1MFjQj4,UgzFhQ3h1flBtXezjiR4AaABAg,@lyco8477,"조국을 위한 조국의 싸움
우리 모두 좌시하지 않을 것.",1,2019-09-29T16:12:58Z
vUjkCPh6C-g,Ugyw32nAqfw-ELYoDtt4AaABAg,@mayyeple4659,저희 학교에도 왔었어요,0,2019-06-13T06:40:57Z
RoP6cwBkuFQ,UgyjC_5kGACYLkDTIbV4AaABAg,@joyeum8858,"전통무용에 대해 새로운 인식을 갖게 되었습니다.  
한국의 전통을 이어주는 여러분들의  수고와 노력에 감사드립니다.   
화이팅입니다~~~",1,2022-12-07T08:23:37Z
RoP6cwBkuFQ,UgzwXHn9WGbH2tsY_u14AaABAg,@안혜정-m3l,"우리의 전통춤을 가까이서 접할수 있는 기회가 많았서 쉽게 배우고 즐길수있으면 좋겠네요 
우리의 것을 소중히 여길수 있는 마음이 생길수있도록 어릴때부터 기본교육과정에서도 들어가 있으면 더 좋을것 같고요",1,2022-12-08T11:55:31Z
s2IjQzLojq0,UgyS1DnzVi2agiLIIk94AaABAg,@유순조-f1j,학생들이 공부하면서 어려운 국악을 전공하고 연주회를 하는거여 넘넘 칭찬을 해주고 싶네요,2,2019-12-26T15:39:53Z
ZXnWDvEbCGE,UgzTPY80DzpRoULEkTR4AaABAg,@무지개-c9z,북이랑 장구에 콜라보 멋진데요. 성남분원 화이팅입니다^~^,0,2019-05-06T13:24:43Z
h8a5X4Vv3rI,UgzJISe5Dyea1yLRqBR4AaABAg,@김명이-b1q,나무아미타불 나무아미타불 나무아미타불 나무아미타불 나무아미타불 나무아미타불 나무아미타불 나무아미타불 나무아미타불 나무아미타불 나무아미타불 나무아미타불 나무아미타불 나무아미타불 나무아미타불 나무아미타불 고맙습니다 😊,2,2023-07-02T12:52:38Z
h8a5X4Vv3rI,Ugx1jnke7qdodwTPUvV4AaABAg,@박영숙-z1n,우리아이들 소원성취 가족들 건강 비옵니다,2,2023-06-30T08:47:36Z
h8a5X4Vv3rI,UgzxN99xqEMpFwhjlkJ4AaABAg,@sunshine-t2m,"자비로우신 부처부처님🙏
부디 돈걱정소멸되어  금전운대길 소원성취 만사형통 이룰수 있길 간절히 바랍니다 .
감사합니다.고맙습니다.🙏🙏🙏🎊💰🧧🤗",3,2023-07-01T21:02:19Z
h8a5X4Vv3rI,Ugyc7Xa4A3mGJcy1rD14AaABAg,@김해임-w9l,🙏🙏🙏,1,2023-07-02T22:12:16Z
h8a5X4Vv3rI,Ugxk0DORia3EV-cVBN14AaABAg,@해순이-p3k,"나무관세음보살
우리가족에게.로또.ㅣ등돼게.행운.소원는주세요
나무관세음보살",2,2023-06-30T09:22:32Z
h8a5X4Vv3rI,UgwKuV_WMPG5gbYwDzx4AaABAg,@goodnight-k4p,나무아미타불 관세음보살 나무아미타불 관세음보살,2,2023-06-30T04:12:17Z
h8a5X4Vv3rI,UgzVoFV9I74sNxzObZZ4AaABAg,@한성우-t5o,2023년 엄마건강 소원성취,1,2023-07-01T22:10:03Z
h8a5X4Vv3rI,Ugyi6IL9oLijDnGV1Wp4AaABAg,@보섭서,Good  🎉,2,2023-06-30T04:32:02Z
h8a5X4Vv3rI,UgyvcYOox2JGltkQWRx4AaABAg,@goodnight-k4p,정말 부처님 손가락 같아요 귀하게 모셔야것어요 🤣🤣,3,2023-06-30T04:12:01Z
h8a5X4Vv3rI,UgzZYyfcZcKQMMSquj94AaABAg,@한부태,대세지보살 대세지보살 대세지보살,2,2023-06-30T13:58:41Z
h8a5X4Vv3rI,Ugx1sbHqXAE5fGUqux94AaABAg,@단체김밥주문받습니다,나무관세음보살_()_,1,2023-07-02T12:56:45Z
h8a5X4Vv3rI,Ugwc79kJytma-jd2tBp4AaABAg,@박성윤-r9n,나무관세음보살🙏🙏🙏🙏,3,2023-06-30T04:59:55Z
h8a5X4Vv3rI,UgyevKDhSUGk0Ya8Q454AaABAg,@박영숙-z1n,우리아이들 소원성취 가족들 건강 비옵니다,4,2023-06-30T08:47:51Z
PScaBHex3wE,UgwJeM8WgWxbJrSUeXB4AaABAg,@손이고여행,"차를 타고 아주 접근하기 좋은 '능가사'를 소개합니다.
낙동강 강변 절벽위에 세워진 아름다운 사찰입니다.
용화산 둘레길과 남지철교를 건너 
창녕낙동강유채단지를 함께 보면 좋습니다

주차 무료:경남 함안군 칠서면 계내1길 107",7,2025-10-02T08:04:15Z
PScaBHex3wE,UgyqNRWWlEwv9C76hfV4AaABAg,@만고강산-b1t,"경남에서 세손가락 안에 드는 사찰입니다.
구경 오세요.
결코 후회하지 않습니다.
능가사에 오시면 기암절벽 둘레길도 꼭 둘러보세요.",7,2025-10-02T08:22:09Z
PScaBHex3wE,UgxOPctJ9wsO6c0P1nt4AaABAg,@도라지-m3b,능가사 함 가봐야 겠네요,5,2025-10-03T04:06:14Z
PScaBHex3wE,UgwjOEPEVOZf36h4J3d4AaABAg,@조윤래-g6s,풍경이 아름답다.,6,2025-10-02T14:09:51Z
PScaBHex3wE,Ugxg_tOvsIdBFpd3Scp4AaABAg,@koreadrone,함안 능가사ᆢ 절경이네요,5,2025-10-02T14:27:37Z
PScaBHex3wE,UgzPvxxRCmNbhz8MboF4AaABAg,@경호실장TV,즐감해요😊😊,7,2025-10-02T08:03:05Z
PScaBHex3wE,Ugwy8xJRGU_-xh-ssYR4AaABAg,@천홍필-t4j,능가사한번가셔서소원빌어보세요ㆍ,4,2025-10-02T18:08:48Z
PScaBHex3wE,UgxiHCa6scFYmEoWNGh4AaABAg,@임창훈-p2p,"보름전쯤에. 라이딩하면서 가보았는데
절경 낙동강. 아름답습니다",2,2025-11-03T03:57:58Z
PScaBHex3wE,Ugwi4CLIWf22KAHImfd4AaABAg,@멸콩-m1g,비구니 스님 계십니다,4,2025-10-03T02:01:42Z
PScaBHex3wE,UgyKUzYqUMNAszgDGwR4AaABAg,@user-xc4vo2bo6n,"아름다운 사찰에 장엄함이여 이혼탁한 나라
를 구원하여 주소서",3,2025-10-19T21:19:50Z
PScaBHex3wE,Ugxw6_1za7HA56VaHJx4AaABAg,@황헌기-l9v,아주아름다워요  오세요,2,2025-11-07T17:12:01Z
PScaBHex3wE,Ugz-PfuDpt775JFquGF4AaABAg,@전재현-v7y,나무아미타불 관세음보살 나무아미타불 지장보살 나무아미타불 약사여래불 ❤❤❤❤❤❤❤❤,2,2025-11-03T07:44:17Z
PScaBHex3wE,UgzFpf203kF3hK0i7a14AaABAg,@dghtggyhijiy,"절이 기품이 없어요,.그냥 쏘쏘",0,2025-11-29T00:18:55Z
PScaBHex3wE,UgxDc0kC67KnK0mZ9Ux4AaABAg,@nsbfx3566,"불교는 
국교로 
지원해야 합니다

임진왜란😢
사명대사❤",3,2025-10-06T17:20:34Z
PScaBHex3wE,UgzPpLRj4tIabg3QFIx4AaABAg,@양동만-x2l,사진빨이야,2,2025-10-18T15:28:32Z
PScaBHex3wE,Ugxqukx9t6EGrdSoAW14AaABAg,@JINYEONGKIM-z9i,볼거 없음...석조여래상도 작고...,3,2025-10-02T11:47:28Z
PScaBHex3wE,UgzF8tX_9OO7cN8kDxx4AaABAg,@내사랑또리,가보고 정말 실망,0,2025-10-02T23:25:22Z
0lBHvs9ctbI,UgyYstXUI4PO4mKBJkZ4AaABAg,@박내필,우리가족 건강 기원 합니다 나무아미타불 나무아미타불      우리가족 소원성취 기원 합니다,2,2026-07-08T06:15:20Z
0lBHvs9ctbI,UgzCuVpnfsd1l0RTNqx4AaABAg,@영란이마당,"좋은 영상 감사합니다~
업장소열 하게 하옵소서~~❤❤❤",1,2026-07-08T14:17:22Z
0lBHvs9ctbI,Ugz0j4ABDihy3fcs1Dt4AaABAg,@정정주,"영상 고맙습니다
나무보현보살 나무보현보살 나무보현보살",0,2026-07-09T04:04:07Z
0lBHvs9ctbI,UgxnO4fVTrck-yky1FR4AaABAg,@개옥강,나무아미타불  관세음보살 🎉,1,2026-07-09T03:28:54Z
0lBHvs9ctbI,UgwBALBkEtlI__7kOzx4AaABAg,@박동숙-y8g,나무아미타불..관새보살.몸건강.마음을도.편한합니다,0,2026-07-09T04:11:06Z
0lBHvs9ctbI,UgzlwFqD8VBg7krqC8p4AaABAg,@정정주,나무아미타불관세음보살 나무아미타불보현보살,0,2026-07-09T04:09:33Z
0lBHvs9ctbI,UgzneA4yJQrZ4vPgdRF4AaABAg,@부산바보-v9w,건강하세요.,0,2026-07-09T07:11:44Z
0lBHvs9ctbI,Ugzq366VquvFKVoznOx4AaABAg,@이만균,나무아미타불 관세움보살 나무아미타불 관세움보살 나무아미타불 관세움보살 나무아미타불 관세움보살 나무아미타불 관세움보살 나무아미타불 관세움보살 나무아미타불 관세움보살 나무아미타불 관세움보살 나무아미타불 관세움보살 나무아미타불 관세움보살 나무아미타불 관세움보살 🙏 감사합니다,0,2026-07-09T02:28:23Z
0lBHvs9ctbI,UgxsBnD8RUJW9Rw-iWJ4AaABAg,@길동홍-i9q,영상감사합니다  나무아미타불 관세음보살  서울인데 꼭한번가보고 싶습니다,2,2026-07-08T09:18:23Z
0lBHvs9ctbI,UgyCTaYTSdteMJgm3xV4AaABAg,@박순화-p2l,나무아블타블관세음보살.나무아블타블관세음보살.나무아블타블관세음보살님 장사잘되게해주세요,0,2026-07-09T02:16:13Z
0lBHvs9ctbI,UgxerDzS0sEW2Z76nxh4AaABAg,@김미순-i7s5q,나무아미타불관세음보살.우리기족지켜주서서감사드립니다치료잘받게지켜주셔서감사드립니다7뭘9일오늘건강한검사무탈하게받도록소원기도드립니다,0,2026-07-08T21:47:53Z
0lBHvs9ctbI,Ugzwdmsl3VlaXShFoD94AaABAg,@홍석자-b2t,나무아미타불. 관세음보살 나무아미타불. 관세음보살 나무아미타불. 관세을보살. 부처님 감사함니다 가족모두 건강하고. 아들이하는 공장번창하게. 보살펴주세요. 동모79년. 종근80년 준근80년 삼형제  소원. 사업성공하는것. 입니다 행운복. 대운복 귀인복. 받아서. 잘되게 도와주세요. 저도열심히. 부처님께 기도하며 일열심히 하겠습니다. 감사합니다 스님. 건강하십시요. 🎉🎉🎉,0,2026-07-09T08:32:34Z
0lBHvs9ctbI,UgyxkhA6MXMOFllSE2Z4AaABAg,@김종순-u9o1y,"나무아미타불🎉
나무아미타불😢
나무아미타불❤",0,2026-07-10T01:24:48Z
0lBHvs9ctbI,Ugwbi1VbOc6VODJ0UZ14AaABAg,@김재월-l7v,나무상주시방불 나무상주시방법 나무상주십방승 삼보님게 귀의합니다 영상감사합니다 성불하십시요 🙏🙏🙏🙏🙏🙏🙏,0,2026-07-09T23:05:26Z
0lBHvs9ctbI,Ugwf2Poaf7Mse16eOnl4AaABAg,@은숙-z4k,나무아미타불 관세음보살 🙏 석가모니불 🙏 성불하십시요 🙏,0,2026-07-09T03:38:24Z
EuGCwfoioss,UgwVarpgryncWGHRaUR4AaABAg,@LotusLoverDineshCh.Sarkar,"Wow, so nice video with nice scenery.❤🎉❤",0,2025-09-18T16:32:58Z
EuGCwfoioss,UgzX-Py_nKtOoomEkVZ4AaABAg,@rromman,여기는 어디인가요?ㅠㅠ,1,2024-06-10T13:19:41Z
p3qTv_aNJdM,UgwLfkHq-tzFvmzcv9R4AaABAg,@evakim-wu5kw,너무 좋습니다. 잠깐의 화면으로 힐링됩니다.🙏,2,2024-09-02T05:57:03Z
p3qTv_aNJdM,UgxVdNIAHTFUhbu0cQR4AaABAg,@경화이-y4m,💊 약사여래불 약사여래불 약사여래불 약사여래불 약사여래불 건강을 위해서 기도 🙏 올림니다 🙏 💜,4,2024-08-31T03:03:37Z
p3qTv_aNJdM,UgyXZoS6b2ZYIogKS5B4AaABAg,@madang_a_rest,❤❤❤❤❤❤,1,2024-09-02T04:52:39Z
p3qTv_aNJdM,UgxJjqoWHcMV8Ls6h5Z4AaABAg,@은자-p4q,"좋은곳은 다 다니시네요
부럽습니다~
약사여래불~~",2,2024-08-31T21:57:18Z
p3qTv_aNJdM,UgzRYXzwPWzTSSDVzUl4AaABAg,@olivellane,방어산 마애사 잘보고갑니다💚💛💙,2,2024-08-31T06:01:23Z
p3qTv_aNJdM,UgxPQVl2t1l51c556qR4AaABAg,@5층버스,나무아미타불 관세음보살,2,2024-08-31T02:47:31Z
p3qTv_aNJdM,UgwGnZJpVILZhOyyQD54AaABAg,@초코-m1l,약사여래불 약사여래불 약사여래불 약사여래불 약사여래불 무릎빠른완치 발원합니다 🙏,1,2024-09-05T18:40:13Z
p3qTv_aNJdM,Ugxx1SMmiCTSDP_uV-d4AaABAg,@걲다리,"약사여래불
약사여래불 
약사여래불. 
성불하세요. 
감사합니다.
🎉🎉🎉🎉🎉.",2,2024-09-02T00:46:18Z
I5SZrMM5GsQ,UgwIaimz1H0-A46LhCR4AaABAg,@mongsgarden7350,"멋지네요   
아름다워요 🌳",1,2022-11-28T13:06:11Z
_Trb-Y1_kOM,UgwU3kUHefp1QI4Hhmt4AaABAg,@와탕카-j8e,통증 고통에서 벗어나게 도와 주십시요 간절 합니다 관세음보살 약사여래불 지장보살 🙏,1,2026-01-23T21:03:02Z
_Trb-Y1_kOM,Ugx5NVVzMvxDWx9vGxd4AaABAg,@김종순-u9o1y,"나무아미타불
관세음보살
부처님. 감사합니다🙏🙏🙏🙏🙏🙏🙏🙏🙏🙏🙏🙏🙏",1,2026-01-23T07:45:28Z
_Trb-Y1_kOM,Ugxtt-OEo4aUe1-ZSLV4AaABAg,@gsnam6240,반야바라밀다,1,2026-01-23T07:47:43Z
_Trb-Y1_kOM,Ugyc6Legr2joddGlotp4AaABAg,@김영자-v5o,경인생 건강하고 마음안정 학업집중잘하고 친구들과 무탈하길 관세음보살🎉🎉🎉,1,2026-01-23T07:49:55Z
7r07yUBaL5Q,UgzHWTEJ9kgoqhNQYdJ4AaABAg,@이경자-i3v1m,의상대..홍련암..관세음 보살 친견,5,2023-01-22T09:30:03Z
7r07yUBaL5Q,UgztW97TZWGtXkkURcZ4AaABAg,@옥순배-b3m,💕💕💕💕👍👍👍👍👍,3,2023-02-01T06:51:12Z
7r07yUBaL5Q,Ugwo_Ifd8jFn8W-twrd4AaABAg,@월규황,"와우~나의 고향 양양이다
양양 낙산사의 경치와 너무 잘~어울리는 노래~이네요
노래도 너무 좋구요
강원도 양양의 공기 좋구 경치도 너무 좋은곳~이랍니다",6,2023-01-09T02:55:33Z
U8GmaWoQp4U,Ugzbdg-4s7eSleTA7nR4AaABAg,@딸기마님tv,사찰 멎져요  경치가 좋아요 👍👍💕,5,2025-11-29T00:22:09Z
U8GmaWoQp4U,UgzFvdr1NdzhNB9_xyJ4AaABAg,@쭌Juns-travel,"능가사 다녀오셨군요.
창녕 유채꽃 단지가 있는 곳이네요😊😊😊😊😊",3,2025-11-30T00:18:22Z
U8GmaWoQp4U,UgzH1Rx2iih9GFXaQn94AaABAg,@송골매-Sds,"능가사, 고즈넉해 보이고 흐르는 낙동강도 평화로워 보입니다 
좋은 영상으로 힐링받고 갑니다.
휴일 잘 보내세요 ❤",3,2025-11-30T05:36:52Z
U8GmaWoQp4U,UgyBFaQalJvnhTpoDzJ4AaABAg,@gooreummom,"함안 능가사
고즈넉하니 마음을 편안하게 해 주네요❤❤❤",4,2025-11-28T21:13:29Z
U8GmaWoQp4U,UgwyZgFWGCV8mLjeakt4AaABAg,@매니아Live조선의남,능가사 사찰 잘보고 갈게요 😊❤,3,2025-11-29T13:11:04Z
U8GmaWoQp4U,UgwES8ox7bp0OxhZt5t4AaABAg,@건강생활다육,능가사 사찰 멋집니다. 즐주말 보내세요.❤❤❤,3,2025-11-29T00:11:05Z
U8GmaWoQp4U,UgyWoOXMIFvNDf4AZQh4AaABAg,@가수고유정tv월6시실방,"사찰
멋짐멋짐요 ",3,2025-11-29T03:19:18Z
U8GmaWoQp4U,UgwEiMyUJzA5cpVijyt4AaABAg,@모나리자뜨락-금10시,능가사 풍경 멋지네요,3,2025-11-29T03:39:06Z
U8GmaWoQp4U,UgxiuCE46J0gFrer8054AaABAg,@수니다육sunitv4113,함안 능가사 처음 봅니다 덕분에 잘보고 갑니다 수고하셨습니다,2,2025-11-29T14:35:37Z
U8GmaWoQp4U,UgxzppxfBYFFYAazUIB4AaABAg,@가수한미란tv화7시실방,아주 멋진곳이네요,2,2025-11-29T16:44:09Z
U8GmaWoQp4U,Ugyug5AwDYmlXjL87it4AaABAg,@조득자색소폰,능가사 사찰 영상 감사합니다 👍🏻👍🏻,2,2025-11-29T02:47:54Z
U8GmaWoQp4U,Ugy4z6DEsBAY1KdiKix4AaABAg,@박진영힐링여행일7시,"함안 능가사 사찰 풍경,멋집니다❤❤😊",1,2025-12-01T07:43:06Z
U8GmaWoQp4U,Ugy_ztPvtpUaujEsg394AaABAg,@형두일상채널,하안능가사 풍경 멋지네요 ❤❤❤,1,2025-11-29T07:21:15Z
U8GmaWoQp4U,UgyyOzM_zCrvk1tKsYx4AaABAg,@현담스님_시절인연,단아하고 참 고우신 ^^....  울 김재령님 ^^....  오늘은 능가사를 다녀 오셨군요^^...  오늘도 부처님의 법향 가득한 생에 가장 아름다운 날 되셔요 ^^....❤❤❤,1,2025-12-01T23:30:29Z
U8GmaWoQp4U,UgxKQBJASA1nA91_8dh4AaABAg,@사랑스런바다Tv-46,사찰에서 느낌은 왠지숙연해지고 그러더라구요 힐링입니다✌️💕🙏🥰,1,2025-12-02T14:12:46Z
U8GmaWoQp4U,Ugyb6G1nuBFsoGZtLq94AaABAg,@나스타tv야속한사람,사찰은 계절에 따라 아름다움이 있어요. 덕분에 멋진능가사를 보네요👍🌟💫✨️,1,2025-11-29T16:27:08Z
U8GmaWoQp4U,UgxDzFRQSvmVDrQsw3N4AaABAg,@레슬리캐나다,낙동강 바로 옆이라 특히하네요 그리고 덕분에 경치가 더 좋겠어요 감사합니다.,1,2025-11-29T13:31:16Z
pBToXjwfsYU,Ugw1HiYL5iRV-oEZZNZ4AaABAg,@jy-ws2hq,오~~~~~,0,2023-02-06T13:16:02Z
pBToXjwfsYU,Ugwhn2kC2P1FtO3h1dt4AaABAg,@tubeu-j4t,웅장하기 그지없네요 😮,1,2023-02-06T02:29:24Z
pBToXjwfsYU,UgzjwYCL2Sv8BcY-BNZ4AaABAg,@배순분-g6p,북두대성칠윈성군홍씨가족저희가축들모든재앙막아주시고복을내려주소서🙏🙏🙏,0,2023-08-20T18:07:41Z
5SO3fWJqF9M,Ugxvj7q8Rqm-5YADyPJ4AaABAg,@조용철-b3m,하림리 낙동마을이지요 하림마을은 마당바위와 흔들바위(방향이 지수로 향해있고 혼자 흔들어도 흔들림)가 유명합니다,0,2025-10-16T08:15:23Z
5SO3fWJqF9M,UgyjklssZTVVggNYBUx4AaABAg,@최성-b2k,방어산 정상 뷰가 아주 좋습니다 ㅎㅎ  가볍게 다녀오기 좋은 산인것 같습니다~~ 더운데 수고하셨어용 ㅎㅎ,0,2025-10-02T23:18:47Z
5SO3fWJqF9M,Ugy5VWjOgMIvjAZFcD54AaABAg,@김현수-t3w,"함안 제  고향입니다..ㅋ
여항산도 멋져요..",0,2025-10-01T04:51:18Z
5SO3fWJqF9M,Ugysuze_pTfRIzwDafZ4AaABAg,@asu2435,오~ 함안은 여항산만 아는데 좋네요,0,2025-10-01T22:34:05Z
5SO3fWJqF9M,UgxrAv84lkB0lA-Hye54AaABAg,@채명석-k8s,영상좀  자주올려주세요  . 휴가을 제데로갔다온뜻   피부가 ㄲ ㄲ  ~~~,0,2025-09-30T07:02:47Z
5SO3fWJqF9M,Ugw2hDhNzUM-OlKbzkp4AaABAg,@moon.k_h,방어산은 일몰이 참 좋은 곳입니다 😊,0,2025-10-02T13:20:47Z
5SO3fWJqF9M,Ugx8HPdSL98jNCwI0gN4AaABAg,@이노베이터-md,"저는 대중교통을 이용 등산을 자주 다니는데요
방어산 등산 대중교통
●함안 시외버스 터미널에 내려
가덕행(1일 5회 운행 배차시간이 길어) 버스를 타고 
낙동마을에 내려 서쪽 골짝으로 걸어가면 방어산 마애사가 나옵니다.",0,2025-10-01T00:43:04Z
NRKelNaO75w,Ugy4PV3Ak6L8cNFH1L94AaABAg,@그란-k8q,만능 재주군 이시대 최고에 매력남 박서진 박서진 최고 최고라예!! 👍 🌟,14,2023-10-21T21:32:58Z
NRKelNaO75w,UgyBtzBXw26TzOv0GFJ4AaABAg,@율봉이-q3o,박서진가수님꽃미남에국민가수를넘어서서요즘대세가수이시지요,15,2023-10-21T10:47:22Z
NRKelNaO75w,UgzXtrNRTNU-jyusRLN4AaABAg,@김선주-z5i,"공감백배입니다~~
울이뿐가수님
^꽃길^만걷기를바래요~~",14,2023-10-21T14:02:42Z
NRKelNaO75w,UgxcDPydNzyR51h3i6R4AaABAg,@사이다-k3r,서진가수님   어딜가도   인기짱짱입니다 노래도최고최고  언제나 어디서나    일등 우리서진님  최고최고  늘응원합니다,15,2023-10-21T17:55:00Z
NRKelNaO75w,UgwNgsLZcgsOFGm6X1Z4AaABAg,@행운-k2l,우리가수님 추워진날씨에감기조심하시구 늘건강해야해여 국민들에게 그기막힌천상의음색으로 노래많이들려주셔야하니까여 사랑합니다우리왕자님~^^❤❤❤😊😊😊,11,2023-10-22T01:32:42Z
NRKelNaO75w,Ugz02BOIwnW1RLoK3Od4AaABAg,@김애라-o2b,장구의신 서진님 노래도잘하고  착하고 모듣지 다 잘하심니다   서진님  너무잘겼고 귀여워죽겠네요  사랑해요 💜 ❤❤❤,9,2023-10-23T12:04:49Z
NRKelNaO75w,UgwlrnF7D7fKnUOgAe94AaABAg,@okkim5967,"박서진가수님 늘~응원함니다
서진🤴항상 행복하세요
박서진님👍👍👍💛💛💛",8,2023-10-23T07:47:17Z
NRKelNaO75w,UgycOis6FnDC39JKyPB4AaABAg,@이금선-z5u,"너무좋아요 
노래도 잘부르고",5,2024-03-21T21:39:32Z
NRKelNaO75w,UgxXLhIDBYAJYtKowL14AaABAg,@최금민-y9j,우리왕자님. ❤왕자님 ❤❤복덩이들이뻐 이뻐요 ❤귀여워서❤보고또보고❤,5,2024-03-01T22:23:40Z
Tzl2c4uyKO0,UgyWNg69FsPOivwedCl4AaABAg,@김광식-g5i,"고♡두심 보는순간
두♡근두근
심♡장이 나대기 시작한다",1,2022-06-09T12:28:04Z
Tzl2c4uyKO0,UgxcYz6WFxIvss3c0H94AaABAg,@꼭행복하자-w5d,가보고 싶어지네요!!,2,2022-06-08T12:02:15Z
Tzl2c4uyKO0,UgxUjIvQTZ2gIh9Gdmp4AaABAg,@crystalk9128,그래도 나무는 나무,1,2022-08-26T05:08:02Z
UXIDwgqhu-E,UgwRLIlxr52DQuFVk894AaABAg,@보석십자수이혜수,산신할아버지 도와주세요 🙏,1,2025-12-13T02:04:03Z
qmt3V_UdiCI,Ugzjoryz_4sLzZGDLh94AaABAg,@맑은현-n4u,Msg 맛,2,2022-11-12T16:22:13Z
qmt3V_UdiCI,UgxFajVcF_Lz6ocbVMp4AaABAg,@지마-w2k,경상도 음식이 젤 맛없다,4,2022-11-12T16:14:37Z
r9hSJdOCcwU,UgzSNuxaJv2pdsjxePB4AaABAg,@법안-法眼-buban,좋은 영상 감사드립니다 건강하세요,2,2023-03-09T21:29:55Z
r9hSJdOCcwU,UgyXHFER3wqy50JcIah4AaABAg,@절벽도라지헌터이창훈,와   만불 사   33   대불  엄청  나네요   오늘도  가보까   티비가   최고  입니당,2,2023-03-09T21:05:23Z
r9hSJdOCcwU,UgxnjRcbqQtIltwojdl4AaABAg,@진성-v2m,경주  출근길  매일  지나다니던곳  땅 평수만큼이나  웅장하네요  오늘도  좋은곳소개  감사  드립니다,1,2023-03-09T22:13:31Z
r9hSJdOCcwU,UgwCF9HUU7ECzUL7xzl4AaABAg,@TV-pp9it,"영천의 만불사 정말 대단합니다. 
33대불... 저도 가서 부처님들의 사열을 받아보고 싶습니다. ㅎㅎ",1,2023-03-28T01:41:32Z
r9hSJdOCcwU,UgxpXI3FLCEXnHa5L-t4AaABAg,@user-bd1ko3pm9,영천 만불사 잘봤습니다,1,2023-03-09T22:05:51Z
O4zD0JTkJ8I,Ugx5HMZOAKBvKmrEpct4AaABAg,@저절로TV,"#저절로tv #30초리뷰 #1분사찰여행
경주 분황사
경북 경주시 분황로 94-11, 분황사 (구황동)
선덕여왕 3년에 낙성된 이래 불교가 융성했던 신라의 전성기와 함께했던, 1,400년 동안 법등을 밝혀 온 유서 깊은 사찰이다.",8,2023-06-21T13:06:08Z
O4zD0JTkJ8I,UgxEeI35ryoI0elwmal4AaABAg,@믿음소망사랑-b1i,관세음보살  관세음보살  관세음보살  저희 아빠 엄마 건강좋아지게 도와주세요  ㅠ🙏🙏🙏🙏🙏,11,2023-06-21T10:12:26Z
O4zD0JTkJ8I,UgwPaOfCqCHRbJoxx3p4AaABAg,@양갑석-p8j,대단히 감사합니다! 성불하십시요!,9,2023-06-21T23:00:57Z
O4zD0JTkJ8I,Ugx0TGr0IOCrN3aHURN4AaABAg,@최은영-k4e,"관세음보살 관세음보살 
관세음보살 관세음보살 
관세음보살 🙏 🙏 🙏",5,2023-06-21T08:49:02Z
O4zD0JTkJ8I,Ugz7TSFZ8biznPivlPR4AaABAg,@블랙-m5x,약사여래불 약사여래불 약사여래불 가족모두 건강하게 해주세요 🙏성불하세요,5,2023-07-05T08:27:54Z
O4zD0JTkJ8I,UgwUj5RZakOJsX5hhIB4AaABAg,@HAPPY-fl4kx,감사합니다 😊😊,4,2023-07-01T14:09:17Z
O4zD0JTkJ8I,Ugyv_sHA5jeqDGNgHOF4AaABAg,@조영민-g2l3g,"오늘도무탈한하루보내길기도합니다
관세음보살 관세음보살 관세음보살 
감사합니다",2,2023-07-03T23:25:02Z
O4zD0JTkJ8I,UgwPc5q07B2qwQVNFTx4AaABAg,@김금자-c6q,관세음보살  관세음보살  관세음보살,3,2023-07-03T08:23:21Z
O4zD0JTkJ8I,Ugyjk8cGqh4XhjQrpkJ4AaABAg,@韓馬灵,나무 대자대비관세음보살  관세음보살  관세음보살.,3,2023-06-21T13:35:32Z
O4zD0JTkJ8I,UgyjUWt6hcj7M2LWR_d4AaABAg,@honghyunkim1037,"나무아미타불 관세음보살 
나무아미타불 관세음보살 
나무아미타불 관세음보살",2,2023-06-22T01:58:39Z
O4zD0JTkJ8I,UgywW4e_LOPg610yVU54AaABAg,@김명자-c4y3o,건강비옵니다신묘생12.13,3,2023-07-02T02:05:07Z
O4zD0JTkJ8I,UgwNCpb5MDRmK8v_pl54AaABAg,@단체김밥주문받습니다,나무관세음보살_()_,2,2023-07-07T04:49:37Z
O4zD0JTkJ8I,Ugyl25oZBp3Ug7D-nq14AaABAg,@sunshine-t2m,"업장소멸 금전대길 소원성취 건강 발원드립니다 
약사여래불 약사여래불 약사여래불🙏🙏🙏",1,2023-08-23T00:26:47Z
O4zD0JTkJ8I,UgwbB_zo7bgGF94kQTZ4AaABAg,@elfinrosy5065,"인자해 보이시는 약사여래 부처님도 계시고
분황사탑도 건축양식이 특이하고 멋지네요
유명한 사찰이라 이름은 알고 있었지만 영상으로 상세히 접하니 제가 먼곳이지만 꼭 가봐야지 하는 마음이 드네요 게다가 원효대사님이 수행하셨다하니 더 가보고 싶어지네요 영상 감사합니다",6,2023-06-21T13:52:17Z
O4zD0JTkJ8I,Ugx3N_dc-evQtQhcSSp4AaABAg,@김세진-z8w2i,관세음보살.관세음보살.관세음보살.,2,2023-06-22T06:09:45Z
O4zD0JTkJ8I,Ugwq-1tT8ZhdOz6RKJF4AaABAg,@翁-l9z,"阿弥陀佛🙏무병무탈🙏
平安吉祥🙏감사합니다🙏",1,2023-08-28T19:11:30Z
O4zD0JTkJ8I,UgxoePZSuaAanYwlGPx4AaABAg,@내사랑-q5r,"약사여래부처님 
저희엄마 수술잘되시어 저희가족과 건강하게 오래오래 사시게 간절히 발원드립니다.
약사여래보살 약사여래보살 약사여래보살🙏",1,2024-05-24T02:44:39Z
O4zD0JTkJ8I,Ugx0ctOxoLkQjoHU9bd4AaABAg,@영생선선일,"인자하신 약사여래부처님
세상모든 병든자에게 회복의 희망을
주시옵기를 비나이다
나무약사여래불
나무약사여래불
나무약사여래불 
나무약사여래불 
나무약사여래불 
나무약사여래불 
나무약사여래불 
나무약사여래불 
나무약사여래불 _()_",4,2023-07-03T07:34:30Z
O4zD0JTkJ8I,UgwAZtNs8QG2S3e-mLt4AaABAg,@정숙희-m9g,부처님 부처님 부처님 지혜총명 만사형통 발원합니다 발원합니다 발원합니다 가족들 모두 만사형통 발원합니다 발원합니다 발원합니다 더위를 잘 이겨 낼 수 있게 해 주십시요,1,2023-07-11T00:18:08Z
O4zD0JTkJ8I,Ugxiabchbx2uq1D3i6F4AaABAg,@고경란-b6b,아들이 지금보다 더 건강해주시기를소원성취발원합니다😊,1,2023-07-10T02:30:26Z
O4zD0JTkJ8I,Ugx8oaSnDHBrDc3UPAp4AaABAg,@염불수행진공,"약사여래불 약사여래불 약사여래불 
우리가족 모두 건강하게 해주시고 행복하게 해주세요 우리 와이프 건강 회복 기원합니다 🙏 감사합니다 고맙습니다 성불하세요 🙏 


약사여래불 정근: 병고를 치유하는 십이대원의 깊은 의미
우리 스스로가 병고와 번뇌에서 벗어나기를 발원하는 간절한 마음을 담고 있습니다.",1,2025-08-08T09:44:16Z
O4zD0JTkJ8I,UgzxqOW8cU0jhrDb6dJ4AaABAg,@heshoujin1677,감사합니다,0,2024-07-21T13:20:24Z
O4zD0JTkJ8I,UgyHxMf_w962dip9l494AaABAg,@박연진-s6f,와!대박이다 진짜부처님께서크시네요😊,1,2023-09-09T02:15:46Z
O4zD0JTkJ8I,Ugw2aAYxiIx1Mj4UqVB4AaABAg,@이길승-o7j,🙏🏻나무아미타불 관세음보살 취업 성취 기원합니다🙏🏻,0,2025-10-02T02:45:59Z
O4zD0JTkJ8I,Ugx3MvYEVe_2S-bMuO14AaABAg,@강민철-t4y,감사합니다 고맙습니다 그리구요 사랑합니다 ()모든분존중 의 마음으로 올림니다 ()가족분들의 코로나19 바이러스 신종 감염 감기 꼭꼭꼭꼭꼭 주의 하시구요 ()안전제일 안전운행 입니다 ()언제나처럼 화이팅!!!하시길이요 \/()\/,1,2023-08-18T23:43:12Z
O4zD0JTkJ8I,UgzNOvwiKuDydqUumoR4AaABAg,@덕화-l9b,신분이 낮아 황룡사에는 가고는 싶었으나 입장불가였던 원효스님 결국 황룡사는 불타고 분황사만 남았그료 바람을 거스르는 진여의 법향기여 천년 만년 흩날릴지이다 ~(),2,2023-07-02T15:56:19Z
O4zD0JTkJ8I,UgyQVlLsKsOZN1pW2eR4AaABAg,@소옥현-o6d,관세음보살 관세음보살 관세음보살 감사합니다 🙏 🙏🙏🪷🪷🪷,0,2024-05-16T01:38:35Z
O4zD0JTkJ8I,UgyR21LmDRCyPzvjuwd4AaABAg,@해순이-p3k,"약사여래불
우리가족에게.행운는주세요
로또.ㅣ등돼게.소원합니다
약사여래불.약사여래불",1,2023-07-02T12:39:29Z
O4zD0JTkJ8I,Ugw_-Q4XIlMWragd9iN4AaABAg,@수민-t1v,우리큰아들87년7월3일건강기원드립니다,0,2023-08-03T06:51:07Z
O4zD0JTkJ8I,UgzMqTyioTbyjJmL2pl4AaABAg,@일섭홍,금전운 로또1등당첨소원성취   가족들건강하게  살게해주세요  감사합니다,0,2023-07-31T10:22:06Z
rCPW8QC7cTU,UgwivBor_nKx-Y8xVDV4AaABAg,@healingtimesongclass,"템플스테이
달마 선원
달마도 
경남 고성 가볼만 한곳
마음의 평안을 찾고픈 곳 
쉬고 갑신다^^
함께 응원합니다^^
화이팅!!!",1,2021-05-03T14:28:45Z
_Z9qeOmWNzA,UgyWeuJTQkIrQeO3bu54AaABAg,@땡글이-z5n,윽박 생방보고 왔떠여 ~^^,1,2023-02-05T02:39:25Z
_Z9qeOmWNzA,Ugxmayt8pGj34Z0XWIJ4AaABAg,@한건희dyyd77,윽박이형 아프리카 tv보고 구독했어요,1,2023-02-04T04:52:49Z
_Z9qeOmWNzA,UgxjiJa-js2HwosoQz94AaABAg,@이정희-m8n2m,"천왕사 설경 너무 좋아요
올해 너무 추워서 집콕하고 있는데 여행하는 기분입니다
감사.감사요~~~😄",3,2023-01-30T11:04:04Z
_Z9qeOmWNzA,UgxEXJ1Jpvc8mnMnSI14AaABAg,@yoonkyungcho4537,마지막 비지엠이 상팔이님 감성과 좀 마니 다른데요 😂😂,3,2023-02-02T12:54:39Z
_Z9qeOmWNzA,UgxBoQZRpx49Lk7iMbV4AaABAg,@승리의여신-d9v,와!  고즈녁 산사  넘 조오타 심신이 정화되는듯 382 고마와요 짱짱짱,3,2023-01-30T12:23:41Z
_Z9qeOmWNzA,UgyaKgELgsA9vaXxRB14AaABAg,@pso1205,눈꽃 구경 잘했습니다 ^_^ 수고하셨습니다.,2,2023-01-31T09:31:11Z
_Z9qeOmWNzA,UgzXRElndZXRZmJRQ054AaABAg,@tommylee7646,설경 멋지네요^^,0,2023-02-28T11:51:54Z
_Z9qeOmWNzA,Ugwca6-0mnFI5I6OPyt4AaABAg,@YOU-mx9rr,워~~덕분에 이쁜눈 실컷봣다영~382횽 홧팅♡,2,2023-01-31T00:37:07Z
_Z9qeOmWNzA,UgyUykVPgAmdxO-AUH54AaABAg,@-Masked.Captain,함께하지 못해 너무 아쉬워요 형님,2,2023-01-30T12:46:12Z
_Z9qeOmWNzA,UgyT7Z5pQhMHl2S047t4AaABAg,@샬롬-m5u,와 진짜 멋있네요.  이런 설경은 처음 보는듯,1,2023-02-10T02:20:48Z
_Z9qeOmWNzA,UgyVTTmAuq_p_JbNU254AaABAg,@작약풍댕,눈만오면 뛰처나가는382 ㅋㅋ,2,2023-01-30T10:31:15Z
SMQmlyL53-A,UgwLD5ZfgkBaZBeGfjR4AaABAg,@user-ec2cn1qx9z,여긴 악양뚝방 같은데여.,1,2025-09-09T07:00:13Z
PYYLOkozUi0,Ugydyh45EcPbhJ3TYYJ4AaABAg,@willlee9177,정말 멋있네요😍,1,2022-05-24T14:12:08Z
PYYLOkozUi0,Ugxg-38u0mKU0zKU8PB4AaABAg,@엘도라도-n8f,금룡사는 꼭 한번 가보고 싶네요,1,2022-05-25T12:11:14Z
PYYLOkozUi0,UgyxE6xJGH0LTTtdFKF4AaABAg,@eyes,포천엔 고기만 먹으러 갔었는데 여기 좋네요 언제 다시 포천을 갈수 있을지 ㅎㅎ,1,2023-01-16T01:29:21Z
5aosQevTmOw,UgwGpkwR1a3tkgv8zcl4AaABAg,@aaaa-v1b2g,고성에 이미 도착했습니다.,5,2021-11-09T12:25:25Z
5aosQevTmOw,UgxuxYwhGXjae1-rth14AaABAg,@earthlling,💖 예술입니다👊🏻,3,2021-11-10T05:48:17Z
5aosQevTmOw,UgycWcqv6Lyd1P9Y05t4AaABAg,@H민트하이,"너무 예쁘게 잘 만들었네요!!!
다음 힐링도 기대해요 ~^^",3,2021-11-09T14:33:09Z
5aosQevTmOw,UgxfGpOLSXu3oiWMJy94AaABAg,@yyyekkkk.9,"진짜 영상이 갬성(?)있어요ㅋㅋㅋㅋㅋ
영상 넘 잘 만든것갔아요!!>.<
진짜 대박!!♡♡
오늘도 힐링해요오*^^*",4,2021-11-09T12:57:34Z
5aosQevTmOw,UgxKfBqLSDySdpFZy3Z4AaABAg,@Y-k7z,색감도 너무 예쁘네요ㅠㅠ영상미 장난아니에요~! 멋져요ㅎㅎ,5,2021-11-09T12:26:53Z
5aosQevTmOw,UgzYXHQ9YbvhjXt_8P54AaABAg,@lifedeepdive3208,여러번 봤던건데 오늘따라 코끝이 시큰해지면서 영상봤네용ㅠ 취준하면서 힘들었던 마음 위로받고 갑니다ㅎㅎ,2,2021-11-17T08:58:13Z
5aosQevTmOw,UgyeCKVMOf46ZXxXavJ4AaABAg,@밍차-u4c,모델분 너무 예쁘세요~~~! 그림도 잘 그렸네요 ㅎㅎ,4,2021-11-09T12:27:51Z
5aosQevTmOw,Ugx9PkiFtZDzawdoZ2t4AaABAg,@6o2sh,너무 좋아요 😘💖,3,2021-11-09T12:46:43Z
5aosQevTmOw,UgxrNpaEpRAFPKks0Ox4AaABAg,@제지홍-f2w,대구사람인데 경남에 한번 여행가고싶네요!,4,2021-11-09T12:28:33Z
5aosQevTmOw,UgycajHqy0a2uWwbVvB4AaABAg,@qus9997,경남에 이렇게 아름다운 곳이 .. 넘 유익한 영상이네요~^^ 멋져요,3,2021-11-09T12:24:11Z
5aosQevTmOw,Ugxm3vjJ_RLIk7Cdkch4AaABAg,@Taeggongslife,저는 강원도 고성에 있는데 저 고성도 진짜 재밌어보여요!,2,2021-11-11T12:12:59Z
RCxiWdy2f-k,Ugw3QOGT4jR6e-T3cmN4AaABAg,@JoãoDiasdeCarvalho-i6b,"Thank you so much for sharing your video with us, I wish you a great weekend, best regards!!! What's new on our channel? A video about the amazing Cathedral of Portalegre, a building with almost 500 years of history, made with the support of Parrot Anafi in our Alentejo, always amazing, in Portugal... an incredible landscape... You are always welcome!!!",0,2020-02-28T19:05:24Z
RCxiWdy2f-k,Ugw2pRBlGoE-sSxWuUR4AaABAg,@user-bf4wi4he8f,"역시 볼때마다 영상이 대단합니다.^^
혹시 영상 음악 알수있을까요?",0,2020-02-28T12:04:55Z
RCxiWdy2f-k,UgwkPVYONbT7MzHaxMx4AaABAg,@gamsungjjang-e,영상 좋고 음원좋고 조종이 부드러우니 넘 멋진걸~~^^,1,2020-02-28T12:03:58Z
RCxiWdy2f-k,Ugxtdn_TqYEdDHwUk5R4AaABAg,@NoviceQuads,Big fan of your work from New York City. Keep them coming...,1,2020-02-28T13:32:28Z
RCxiWdy2f-k,UgwK5stC_binINKrEGV4AaABAg,@NICOSAERIAL,"_hello very beautifull place , I really like the architecture, this temple is magnificent, very good footage too_",1,2020-03-02T09:14:34Z
RCxiWdy2f-k,Ugz6p57GGsQutbz3N0J4AaABAg,@panhoyi7099,"영상색감이 완전 멋집니다.
Log촬영본인가요?👍👍👍",1,2020-03-01T02:41:18Z
RCxiWdy2f-k,Ugx5CBkSgbgAhyOHT_94AaABAg,@CINEMATICKOREA,이런 사찰이 있었군요~ BGM도 사찰의 느낌과 딱 맞고 좋습니다,0,2020-02-28T09:30:29Z
RCxiWdy2f-k,Ugwanr99CmDoVE-Zagd4AaABAg,@MOning_BUuread,에디터님 진천에 왔다가셨네요 :O 늘 좋은 영상 고맙습니다 ^^,1,2020-03-04T00:37:04Z
RCxiWdy2f-k,UgzkwPv0sMjU8qXAJ4p4AaABAg,@시혀니-e2j,머쩌여,2,2020-06-13T12:57:57Z
oURooBtgPlE,UgyExdmyWBa6TXCsHnN4AaABAg,@ridleynoah2581,"함안군민이 61000명인데 저기 모인 인원이 10만이 넘음 
진짜 비탈에 매달려있는거보고 사고나겠는데 싶었어요.통제인원도 모자라서  잘 안되고 진짜 사고 안난게 다행",52,2023-05-28T03:30:32Z
oURooBtgPlE,UgwBV_y8TI6yad9AIjF4AaABAg,@emilyandwoohyungwilliams-xt8gn,"저는 성남분당에서 금요일에 출발해서 함안 캠핑장에서 하룻밤 자고, 함안 축제장으로 오후 12시에 도착했어요. 부랴부랴 무진정 가까운 곳에 경차 레이밴을 주차시키고, 이런 행사장에 늘상 여자 화장실이 더럽고 붐벼서 휴대용 화장실 구입해서 밴 화물칸에 우리 와이프 개인 화장실 만들어주고, 무진정 초입에서 카메라 삼각대 많은곳에 돗자리깔고, 좌식의자 가져와서 오후1시부터 저녁 7시까지 더워서 우산끼고 앉아서 기다리다가 행사 잘보고 왔습니다. 꽤나 성공적!! 태어나서 이런 예쁜 장면은 처음봤어요. 여의도 불꽃축제보다 더 좋은것같았어요. 다음 년도에는 새벽에 출발해보세요 :)",23,2023-05-27T19:43:51Z
oURooBtgPlE,Ugyslg7Rw_B9Ry13A1J4AaABAg,@teddybear-g4k,"댓글들 보니까 이태원 압사사고에서 배운게 하나도 없는 듯. 이태원때는 통제 안했다고 난리더니, 이제는 왜 나를 못 들어가게 하냐고 난리. 사람들 수준 참...",62,2023-05-29T09:36:12Z
oURooBtgPlE,Ugwlvg2WkYv-xYZkN8N4AaABAg,@함원석-m8d,"오전 6시에 의정부에서 12시간 걸려 전쟁하듯 행사장 주변에 주차하고 식사했습니다. 재난문자가 3번 왔더라구요. 
다시 오후 8시쯤 차를 몰고 무진정으로 진입해보니 수많은 차량이 주차되어 있고 행사장쪽에서 인파가 내려 왔습니다.제 딸은 대학교 과제로 촬영해야된다며 밀리는 차량에서 내려 행사장으로 뛰어가고 저는 차량을 돌려내려오다가 주차하고 기다렸습니다. 죽기전에 꼭 가바야 할 축제라고 해서..사람 죽기전에 축제를 접어야 할 듯합니다. 아마 군수님 식은 땀 좀 흘릴 듯 한데요.. 놀래서..
딸이 사진 몇 장 찍어서 카톡에 올렸습니다. 그 나마 대행입니다. 오후 11시 쯤 무사히 마산 쪽 호텔에 도착하여  잠 잔 후 씁씁하고 아쉬운 마음에 몇자 적으니 내년에는 잘 준비하셔서 찾는 관광객들 덜 실망시켜 주었으면 합니다.
무슨 꽃개집에서 저녁을 먹었는데 이용객은 저희 식구 4명 뿐이어서 손님 잘 대접해주며 안타까워하시는 주인분도 생각나 적어 봅니다.",5,2023-05-27T22:17:07Z
oURooBtgPlE,UgyY9oBVtr96pMjf1_14AaABAg,@fkakf9e,낙화놀이 꼭 한 번 가보고 싶었는데 댓글보니 사람이 너무 많이 몰려 위험하겠네요...😅 사고나면 안될텐데.. 가시는 분들 모두 조심하시길ㅠ,1,2024-12-22T10:24:02Z
oURooBtgPlE,UgxcPnNs007V_MBa7TR4AaABAg,@정일-x3v,"욕만 나옵니다 보지도 못하고 열받아서 집에 오는데 7시 출발해서 대구까지 11시 넘어서 도착했습니다
함안 벗어나는데 3시간 걸렷습니다",5,2023-05-27T22:33:02Z
oURooBtgPlE,UgxFrHEQjIXyEgMFRJJ4AaABAg,@도도도도-p1e,렌즈 화각 추천 부탁드립니다😅,1,2023-05-02T06:20:34Z
oURooBtgPlE,UgwKTI_8olOFq5cj_VN4AaABAg,@sky-f5r3u,와~~~~진짜 살면서 욕이란 욕을했네욫차감옥에서몇시간 같혀있다 결국돌아서왔습니다!!!!!!!,4,2023-05-28T10:30:13Z
oURooBtgPlE,UgztGxxHDL4bLU_SVmx4AaABAg,@뽀송이뽀,가다가 돌아온 사람입니다 ^^ 1시간 달리고 4 시간 차 밀려서 그냥 돌아온사람입니다 중간에. 사고도 나서 119구조대  가는것도 봤고 안전문자로 돌아가라는 문자 보고 어이가없었어요.  화장실때문에 일부로 기름넣고  하시는 분들도봤고  고생고생 그런고생이없습니다.,9,2023-05-28T06:50:32Z
oURooBtgPlE,UgyY4xG8fAxwvxLiOwJ4AaABAg,@baba2232-p1x,자리 어떻게 잡으셨나요? 망원 얼마나쓰셔야 저정도 화각나오시나요? 이쁘네요,8,2023-05-01T06:36:04Z
oURooBtgPlE,Ugx_S4bK8bVVXhXJXuB4AaABAg,@lalaa.1850,카메라 조리개값등은 어느정도로 설정해야하나요 혼자 시작해보려니 도무지 감이 안오네요 ㅠㅠ 삼각대 필수겠죠…?,0,2023-05-25T11:19:12Z
oURooBtgPlE,UgyIsQ73X5K1QKLj9Xx4AaABAg,@새깜딩이,"방금 다녀온 사람인데..저 마을 조금한 연못에 10만명 넘게 모였는데 군청에서는 홍보에만 열 올리고 교통통제,주차관리,통행관리,인원관리 제대로 안하나..그냥 방치수준임. 뒤늦게 부랴부랴 인력 투입해서 정리하기에는 너무 늦었고 정말 엉망이였다. 사람 너무 많다고 그냥 집에 가라고 안내방송 나올때 너무 어이없었음ㅋㅋ 사람들 다 욕했고. 결국 번복해서 원래대로 진행했지만 다음부턴 그냥 마을 주민들끼리 축제해라..솔직히 대규모 축제를 하기에는 장소도 너무 협소하다.",28,2023-05-27T15:30:47Z
oURooBtgPlE,UgwzEsptQ6aGHErvzgN4AaABAg,@레반도프소키,역시 양반동네야. 아라가야의 본산.,1,2023-05-29T02:37:19Z
oURooBtgPlE,Ugw9ZmUhvUXbGdtE-Pd4AaABAg,@김민지-s4p1i,혹시 노래 제목 뭔지 알수있을까요??,2,2023-05-27T06:20:39Z
oURooBtgPlE,UgxHZKVyW-Hh7LXseJV4AaABAg,@ohrix-q2n,지옥축제 두번다시안간다,3,2023-05-27T15:15:17Z
oURooBtgPlE,UgyKRbImcRhrF2oSjmZ4AaABAg,@fjevebjfjeehf,인스타충들 동네욕하는 거 어이가 없노 ㅋㅋ,7,2023-05-31T20:26:27Z
oURooBtgPlE,UgwMo1L0E8WvXK2ABop4AaABAg,@희망을가지고행복을향,실망실망대실망 가지마시요 함안군에서 준비를 너무 엉망으로 했더이다,12,2023-05-27T12:15:46Z
oURooBtgPlE,UgzcCm2Qsj7WH5bSdiR4AaABAg,@여조숙자,함안IC에서 3시간기다리고주차장까지1시간걸려서주차하려니까 주차요원무진정입구닫아서 스쿨버스끝겨다고해서 되돌아왔읍니다,0,2023-05-31T05:03:57Z
oURooBtgPlE,UgyVR5ejccQNLTIF45Z4AaABAg,@열많구,아니 지들이 쳐 몰려서 못본걸 주최측에 화풀이하노 ㅋㅋ 진짜,16,2023-05-29T13:07:25Z
oURooBtgPlE,UgzJ06iNPDLR5v-u9kB4AaABAg,@BHJ721,"ㅅㅂ 진짜 어제 생각하면 이가 갈린다
5시간동안 습하고 땡볕에 앉아서 기다리고했는데 배고파도 먹을거 사러가면 기본1시간 화장실 줄은 50미터는 기본이고 홍보영상에 나온 그장면 볼려고 악착같이 참고 기다렸는데 진행자가 자리정리하고 앞으로 오라고? 자리정리하는동안 사람들한테 떠밀리고 그생고생한 노력이 없어졌다 그래놓고 많은인파가 몰리니 이태원처럼 사고날수있으니 안전에 유의해달라??  ㅅㅂ 니들이 유도하고 질서혼돈시켜서 그사단난거아니냐 그래놓고 행사취소한다하다가 미룬다하다가 말바꾸고 결국에 일정 앞당겨서 점화하는데 해지지않은상태서 붙붙이는데 보이지않는데 붙이다가 중단시키고 안전상 인파가 몰린다 말만하고 기다린시간 아까운것도 있지만 결정 번복하고 오히려 상황을 위험하게 유도해버린 함안군관계자들 때문에 화나서 행사장 나가려고해도 많은사람들때문에 나갈수조차 없었다 아예나간다고 나가게 해달라고 소리치며 헤치며 나왔다 나가면서 계속해서 오는 사람들에게 행사취소라 얘기하고 한사람이라도 덜피해가게 얘기했는데 7시에 점화식 했다고?? 난 빠져나온다고 땀에찌들고 곳곳에 멍들었는데ㅋㅋㅋ 진짜 답도 없ㄷㆍ",2,2023-05-28T10:09:24Z
oURooBtgPlE,UgzpMcljcNPqRl2E1l14AaABAg,@수학의정석-m7n,홍보를 엄청 해대서 많은 사람들 오게 해놓고 정작 그 사람들 받을 준비는 꼬딱지… 촌이 하는게 그렇지. 그리고 별 대단하지도 안았음.,0,2023-06-13T01:37:16Z
oURooBtgPlE,Ugxmbr7wplU1YKC7k0l4AaABAg,@kevinyoung844,압사당하기 딱 좋은 곳이네,0,2023-06-04T01:10:47Z
oURooBtgPlE,Ugw2wl5vTZKskw5qh4V4AaABAg,@루비-q2i,"축제라고
하지마라 
악제라고해라
종일 땀흘리고 
일하고
퇴근하느데
다섯시간 도로에
😢😢😢😢😢
미친 악제다",1,2023-05-28T10:22:18Z
oURooBtgPlE,Ugxft8e38z9BdGQKNnJ4AaABAg,@훗훗-m3v,"제가 어제 와이프에게 했던 말이 생각납니다
""내 생에 최악의 하루였다"" 
여기 가자고 했던~와이프가 미안해서 몸둘바를
모르길래.....괜찮다고 위로는 했지만
솔직히  축제측에  썅욕하고 싶네요
연진이가 생각납니다

다음년부터는 축제하지마세요~~",7,2023-05-28T07:08:03Z
oURooBtgPlE,Ugzu6TO2UBOzRgwUYR14AaABAg,@user-gojun27,"홍보에만 열 올리는 함안군청
주차문제 안전문제 진행 어느것하나 제대로 하지않고 축제를 여신다고요?? 

물어보는 사람 누구하나 시원하게 답변허지 못하는 축제가 무슨 의미가 있겠습니까?? 

지역주민들에게 환영받지 못하는 축제는 하지 않으시는게
좋을듯 합니다",26,2023-05-27T14:05:24Z
oURooBtgPlE,Ugx_b8hwbv5_aD8EcMp4AaABAg,@보라불꽃,"여러분 절대 가지마세요~ 아마 지옥을 경험하게 될 겁니다.
이 축제는 그냥 ""동네축제"" 혹은 '군민'들만 참여하는 축제수준입니다.~
어제 가보신 분은 아실겁니다. 함안군 홈페이지 보면...엄청난 비난과 어처구니 없는 함안군 행사운영에서 치를 떨고 소송하겠다는 국민들이 1만명이 넘습니다~
저도 어제 직접 가봐서 압니다~
아마 차에서 11시간을 있는 것도 좋다고 한다면 그 동안 소변 참을 수 있으면..가봐도 상관없을 듯 합니다.

손바닥만한 연못에서 전국구로 홍보하면서 행사운영은 마을 이장이 마을행사 하는 수준 딱 그겁니다.~
가보신 분은 아실겁니다.~ㅋㅋㅋ
통제한다고 어디에도 말한마디 없이...셔틀버스 1킬로미터나 기다려도 셔틀버스 운행안한다는 말 한마디 없이........몇시간동안 기다린 사람은 뭐가 되며.....행사 취소한다고 했다가..다시 7시에 사람 빠지니....그냥 행사 시작해버리는 이런 말도 안되는....ㅋㅋㅋ
무진정이라는 손바닥만한 연못에 1천명이 몰려도 엄청 바글바글한 상황인데......5만명이 넘는..........도로 양쪽에 이중주차는 기본이요.....엉망진창.......그 누구도 통제하는 사람 없고..
기껏 한다는게......재난문자로 취소 및 통제..ㅋㅋㅋ........아니 톨게이트 진입까지 2시간.......무진정 근처까지 가는데 3시간......밤 11시되어도 차가 못빠져나오는 어처구니 없는...이런 촌뜨기
축제를 이런식으로 포장해서는 안됨...",11,2023-05-28T03:49:15Z
oURooBtgPlE,UgynI8eBZj4mjUsEeD54AaABAg,@Whyalwaysme-45-mcc,입장불가에 재난문자땜에 돌아가는길😢,7,2023-05-27T08:07:05Z
oURooBtgPlE,UgyFieWP-zDMYyPcWBp4AaABAg,@jebecst2bscsfysi4nes6bensk,나처럼  일본 가는게 낫다...   잘 놀다옴,0,2023-05-28T15:37:07Z
oURooBtgPlE,UgzH9cvkfeo53dAtrMx4AaABAg,@TV-xj5ku,"진짜
다시는
안간다 최악",6,2023-05-27T18:17:00Z
oURooBtgPlE,UgyODwHa2w3iLTqHd-N4AaABAg,@jun-ft1dg,위험한 축제.,0,2023-11-10T21:14:34Z
TFmuQWNKLDs,UgwDwg-1GUnooXxIggd4AaABAg,@남김영환-f7l,고향이 그립다,0,2025-02-13T05:31:20Z
QRciJx4ItJU,Ugy2kpsj3PjnfFiRAxp4AaABAg,@꼬아꼬아-b1o,😊😊,1,2023-04-04T23:11:29Z
QRciJx4ItJU,UgwlUQjGnKDHdfG3RVF4AaABAg,@조영주-x3f,좋아요,0,2023-04-06T20:51:49Z
d1s0d334Hww,UgxTUK9i4c9A8z4ZIC54AaABAg,@YS-yy6sx,🙏🙏🙏,1,2023-07-09T11:37:34Z
d1s0d334Hww,UgxL6ru1JuaIrFv-PqB4AaABAg,@서희-g2e,운주사!!!너무나 가고 싶어서 네비없을때 열시미 물어물어 간적이 있네요.,2,2023-08-22T05:49:37Z
qz2WPrIGq5M,UgwrG-1VqRJZVWyHXN54AaABAg,@팽도리-m6d,저런 범죄자는 인권을 챙겨주면 안됨,1,2022-09-16T00:01:08Z
qz2WPrIGq5M,UgxXPg2soBFBIwWfpHR4AaABAg,@쏘냐의일상,아주잘하고잇어요  나라꼴잘돌아가는중,0,2022-09-16T00:19:54Z
qz2WPrIGq5M,Ugy37hAxz6I_UH2QHzd4AaABAg,@산-h4g,또 어설픈 경찰 한심한 경찰 경찰 에이구- - - - -,1,2022-09-15T23:51:40Z
qz2WPrIGq5M,Ugz1YX27rsiD_TaFG1R4AaABAg,@철판뚜껑-h3l,수사권받고 이러기냐!!!  제발 정신좀 차려라~~~그리고 인권 보호한다고 불구속 남발하다 지하철 직원 죽었는데 국민에게 사죄해야하는것 아닌가,0,2022-09-16T03:14:15Z
qz2WPrIGq5M,UgyFY9waTP6NVTEROdh4AaABAg,@gantz8004,역시 견찰 ㅋㅋㅋ,0,2022-09-15T22:45:57Z
qz2WPrIGq5M,UgwzQV4f_rDwkssCuAZ4AaABAg,@youngsigchoi2157,거세,0,2022-09-16T01:34:58Z
pUtkJ6VnjOI,Ugw0YJOERHv4hxF1z9p4AaABAg,@sangssamplay,"안녕하세요^^ (주)커마짓이엔티 입니다. 저희가 예경/문체부 지원받아 아티스트 인터뷰를 하는데요, 이번에 배우 김민교씨 촬영을 했어요~ 편집에 필요한 영상들을 모으고 있는데요, 혹시 괜찮으시다면 출처를 밝히고 위 영상 일부(5초~8초정도) 사용해도 괜찮을까요??",0,2023-09-13T02:43:12Z
pUtkJ6VnjOI,Ugz-FibYNfWch9B-y1F4AaABAg,@나비비-z4w,"리미트대학로에서보고왔는데,다시보고싶네요ㅠㅠ시디내주시면안돼나요?",0,2023-08-29T10:36:02Z
pUtkJ6VnjOI,UgxVwfOKt-q9kTYjXbB4AaABAg,@seoularts7,👍,0,2022-06-28T12:43:56Z
pUtkJ6VnjOI,UgxBRLa3oZsQx8ay5uV4AaABAg,@호식hhj,충분히 재밌습니다,0,2023-07-02T00:11:13Z
IjmynLD-70M,UgwYT4nOzgnaNIOii7F4AaABAg,@김금자-c6q,아들 딸 건강성불   딸전세금 무탈하게 조속히 돌려받을수 있게 도와주세요 간절히 기원합니다  관세음보살🙏🙏,3,2023-06-09T16:25:31Z
IjmynLD-70M,UgwRqynX_N366RGR8sp4AaABAg,@법연-p9r,"로또복권 1등 당첨을 
간절히 소원합니다.
나무관세음보살   _()_",4,2023-05-07T16:32:09Z
IjmynLD-70M,Ugx3aQTZnvDqXL6_XqF4AaABAg,@복덩어리-g4z,"🙏🙏🙏🙏🙏🙏🙏🙏🙏🙏🙏
관세음보살
관세음보살
관세음보살",2,2023-05-07T00:10:08Z
IjmynLD-70M,Ugz3EQ2RUh-hc1KkcVh4AaABAg,@김명이-b1q,우리가족들 건강하게 해주십시요.고맙습니다 😊,2,2023-06-15T11:03:33Z
IjmynLD-70M,UgxTUqWBW63edtm71uN4AaABAg,@아기곰-d2v,🎉나무아미타불 관세음보살 🎉,2,2023-05-07T01:11:48Z
IjmynLD-70M,UgzFhgHp3JMsc3jH0Ad4AaABAg,@김동임-f6o,관세음보살 관세음보살 관세음보살 관세음보살 관세음보살 관세음보살 관세음보살 집매매계약해주세요,1,2023-05-09T12:16:36Z
IjmynLD-70M,UgxRg-v9uH_woUX6ya14AaABAg,@온새미로-y8b,로또 1등 당첨 되게 해주소서 🙏🏼🙏🏼🙏🏼,1,2023-05-09T10:26:23Z
IjmynLD-70M,UgwxB9ckihCRKipO-GV4AaABAg,@sdfg12349,"용화사가 여러곳이네요.
주소를 몰라서 영천 지나는 중인데
그냥 지나쳐야겠네요.",1,2026-06-05T03:14:50Z
iRsciG4ajWA,UgwgIeQBbItep6Te0nl4AaABAg,@짱두부-y8z,경북은?,3,2025-09-13T00:20:04Z
iRsciG4ajWA,UgwUriwf_I8pxwNlHzF4AaABAg,@seanmn3353,예상대로 경북 강원에 제일 적게 있네요,3,2025-09-11T20:01:56Z
iRsciG4ajWA,UgyRBjPE4A_mJ-rYISB4AaABAg,@humane79,"소녀상 세월호 그다음 머죠? 무안공항? 왜 이걸 전국에 해외에서도 계속 세우려는거죠? 

혹시 대한항공 858기 북의 폭탄테러 희생자들 몇명인지 아시나요? 그들에 대한 북한 공산당에 의한 기념비 그리고 1996 강릉 장수정 무장공비 사건에 연평도해전 서해교전등에 희생된 우리 군과 민간인 희생에 대한 기념비 전국에 해외에 왜 안 세울까요?

억울한 대형 희생사건이 있으면 전국 전세계에 계속 만들어야만 하나요? 

남성들이 전쟁으로 수십 수만이 희생당하는 것은 당연하고 여성들의 정신대 징집은 이렇게 우상화가 되어야 하는 당위성은 먼가요? 

최소한도 형평성 남녀평등 원칙에서 머 하나 맞는게 있나요?",2,2025-09-19T14:49:50Z
FgfTyeBpgtg,UgyJFAAr3wojK3mEyht4AaABAg,@meg8713,Beautiful 😍,1,2022-09-22T14:36:14Z
FgfTyeBpgtg,Ugxp8BqBpab8kGqL-J94AaABAg,@토요-z4e,"경북 영주시 드론 영상?
서천강 드론 영상 제목 바꾸셔야 될듯 ㅎㅎㅎ",0,2022-09-26T12:05:31Z
wk6UyCrKK7M,Ugw_qMsLIL5ys-q4OMV4AaABAg,@엘리베이터17,윤태화...진,23,2022-02-02T04:28:10Z
wk6UyCrKK7M,UgxvZc6sVbUWQrexfXB4AaABAg,@timothycheon,어제 라디오 방송에 윤태화 가수님 나오는 줄 몰랐습니다. 선생님 TV를 통해서 방송을 보고 듣게 되었네요. 올려 주셔서 너무 감사합니다. 새해 복 많이 받으세요.^^,24,2022-02-01T06:29:46Z
wk6UyCrKK7M,UgxguBVlmgY_-Dw43hF4AaABAg,@나미아빠-d8x,외양도예쁘고내면예쁜최고의여기수,23,2022-02-02T06:09:27Z
wk6UyCrKK7M,UgxKe7cdydo_RXTJVTl4AaABAg,@퀸태화,"백미현 강사님! 새해 복 많이 받으세요.
최고 👍",21,2022-02-04T01:45:37Z
wk6UyCrKK7M,Ugzs2PMWPRvTTis9r_V4AaABAg,@윤민-n6h,트롯퀸태화님최고입니다,16,2022-02-04T08:10:58Z
wk6UyCrKK7M,UgweAxMJ-ZuPETDtESR4AaABAg,@hanbangw,"윤태화의 ""옥수수밭 옆에 당신을 묻고~""...너무나도 감동적이네요 ㅠㅠ",25,2022-02-01T15:39:49Z
wk6UyCrKK7M,Ugxvq8InGS6WWjp4XK54AaABAg,@메리골드-m4o,울 태화님의 옥수수밭은 언제들어도 감동의 물결이 밀려옵니다👍👍👍,25,2022-02-02T09:38:07Z
wk6UyCrKK7M,UgwgJ1G3vTTwYPNPEf14AaABAg,@설-p8y,"윤태화님은 찐으로 마음이 따뜻하고 정감이 넘칩니다

선하고 착하고 노래 잘 부르고
효녀로 끼와 재능이 넘치고 운동도 짱 잘 합니다

본방 못 봐서 아쉬웠는데
볼 수 있어서 너무 좋습니다 

감사드립니다",25,2022-02-02T03:29:07Z
wk6UyCrKK7M,UgzjvSt7p46VUabzi854AaABAg,@정기용-e8w,"윤태화가수님 노래 정말 좋습니다
푹 빠졌습니다 응원합니다",14,2022-02-05T08:52:13Z
wk6UyCrKK7M,Ugze-_KWyex42r7UBcF4AaABAg,@무화과서울,"#윤태화님  찍고찍고찍고  내님  찿아가네요 ♥️♥️♥️💕
아름다운윤태화목소리사랑스러워👍👍👍👍",7,2022-02-10T09:03:29Z
wk6UyCrKK7M,UgxQUhhva5WokaxP7Ct4AaABAg,@유니-m9q,"언제나  최고의 가수~^^윤태화...♡♡
응원합니다.",25,2022-02-01T14:44:34Z
wk6UyCrKK7M,UgxvesnE9XOh1acK4IV4AaABAg,@Singofwindow,"입을 열어 노래를 시작하면 폭풍처럼 감동이 밀려옵니다!
윤태화!!",22,2022-02-04T03:25:49Z
wk6UyCrKK7M,Ugwywlr5PWwtEv6dM3J4AaABAg,@해황전,"윤태화가수님 
박미현 선생님 
만남 짱",7,2022-02-10T19:14:34Z
wk6UyCrKK7M,UgyVRBrKQTj1c5FNRC54AaABAg,@명남-h4b,#윤태화 가수님 부르는 노래는 전부 명곡으로 남지요🤗트롯계 보물입니다. 노래 너무 잘해서 듣는내내 감동 그자체 최고의 감성보컬 여가수,14,2022-02-05T16:08:22Z
wk6UyCrKK7M,UgyeDyam1biaXEaDzGl4AaABAg,@선아-o4t,태화님 옥수수밭옆에 ~진짜 태화님노래예요~또한번 부모님생각하면서 듣습니다~고맙습니다,21,2022-02-03T13:52:26Z
wk6UyCrKK7M,UgxlhoofrVekcnsrget4AaABAg,@주경화-e8o,윤태화 역시 최고의 가수님입니다,2,2022-02-16T00:29:55Z
wk6UyCrKK7M,UgxmwxSGD3GIrzJ3Z-J4AaABAg,@안정희-m4x,"윤태화님!!!보이는라디오에서보니
넘넘반갑습니다‥
항상응원합니다‥
박미현!!!
교수님께노래을배운기억이나네요
건강하세요‥
반갑습니다‥",7,2022-02-09T23:09:09Z
wk6UyCrKK7M,UgwpjhF4sjc8zHAYlO54AaABAg,@해황전,김선준님 나도 열렬하 응원합니다,3,2022-02-20T13:31:20Z
wk6UyCrKK7M,UgyQsojy3zWiUZLvsTp4AaABAg,@민숙영-z5c,윤태화님.목소리의.선하고.진실함에..박미현교수님의.디테일한.감성까지..힐링감사합니다,23,2022-02-02T03:40:04Z
wk6UyCrKK7M,UgzbGTpuL9nS6NXeqW94AaABAg,@퀸태화,옥수수밭에 당신을묻고 라디오에서 듣고 화면으로 보게되어서 감동입니다.  의상 👍 노래는 두말할것도 없는곡  심금을 울리는 명곡중에  명곡 최고였어요,22,2022-02-04T01:49:08Z
wk6UyCrKK7M,Ugy5UE_O9VRsE7tvCyB4AaABAg,@태진TV,2022년 새해 복(건강♡사랑♡행운♡행복♡나눔♡웃음♡)많이 지으시는 되시길 기원드립니다.,21,2022-02-01T02:04:01Z
wk6UyCrKK7M,Ugx-AsJ9X3LDkISwWNl4AaABAg,@청솔e젤,마음씨  곱고  예쁘신  가수님  단아한   한복 헤어 너무  예쁘십니다  언제나 감동을주는 옥수수밭에  당신을 묻고   님이여  가수님 명곡들  또하번 감동을  주시네요  최고 입니다 역시  명품 가수님    감사합니다    사랑합니다,5,2022-02-12T22:14:50Z
wk6UyCrKK7M,Ugw4PGeEIEU4kdAmF9N4AaABAg,@이강남-k6m,임영웅 + 현숙 닮은 박미현 노래강사님 최고!!,6,2022-02-06T05:11:27Z
wk6UyCrKK7M,UgzWQsgK7KrinNNWSAp4AaABAg,@shengxuean7645,태화님화이팅,1,2023-01-21T03:44:31Z
wk6UyCrKK7M,UgwQjlkR6qw_8hNjbZx4AaABAg,@해황전,윤태화님 을 아시나요,1,2022-02-20T13:29:13Z
wk6UyCrKK7M,Ugz3ZHFLMLDHMM3oy8Z4AaABAg,@이강남-k6m,임영웅 + 현숙 닮은 박미현 노래강사님 최고!!,7,2022-02-06T05:11:27Z
wk6UyCrKK7M,UgzRrSHwdwroTjVMP6p4AaABAg,@이강남-k6m,임영웅 + 현숙 닮은 박미현 노래강사님 최고!!,9,2022-02-06T05:11:27Z
86cdrzgZPAo,UgymOIasrg-xeReEU6x4AaABAg,@사이다래,"어린시절 태어났던 내고향 부여
영원하리라",11,2024-02-10T07:29:14Z
86cdrzgZPAo,UgyC1m5O2fz7UP6vJZR4AaABAg,@letitbe2021,"이런분들이 진정한 명장이요 인간문화재 입니다. 
국가에선 이분들에게 최고의 명장 인간문화재로 대우해 드려야 합니다.
이분들이 돌아가신다면 국가로서도 엄청난 손실입니다.
이분들을 정말 국가유공자로 예우해 드리기를~~",16,2022-11-17T10:51:26Z
86cdrzgZPAo,UgzOrjvDot9jnd9ZUyV4AaABAg,@yoony020324,"내고향 부여!!!
볼때마다 너무 좋네요
옛생각이 많이 나네요
그동안의 추억들
고향은 그냥 좋아요",12,2022-11-18T08:12:42Z
86cdrzgZPAo,UgyGctTsdh3y8B3aIcR4AaABAg,@cheongmyongs,"부여 이상하게 주변으로부터 섬처럼 고립되어가는 기분. 대전 유성서 공주 원도심 가는 버스도 줄고, 공주나 유성서 자주있던 부여행 버스도 거의 사라짐.",10,2022-11-22T05:43:37Z
86cdrzgZPAo,Ugznvrvgou5Pen_UJ5t4AaABAg,@학씨아저씨-y9y,구마적 너무 좋아.,4,2023-12-29T04:23:32Z
86cdrzgZPAo,UgynY-PpguvJgo9abDt4AaABAg,@angotaeddi,학교에서 역사쌤이랑 애들이랑 같이 갔는데.. 이렇게 보니까 또 다르게 보이네,5,2022-11-17T15:39:02Z
86cdrzgZPAo,UgxYss4zFFFZKWOlhAN4AaABAg,@zl34bd4i,참고로 10년전 방송분 입니다  (2012.06.30),7,2022-11-17T11:58:24Z
86cdrzgZPAo,UgwaZ2UqONtU2md3TQ54AaABAg,@injaeoh3733,백재건축기술이.최고라서.신라황룡사도건축했다는데.현재백제건축술이남아있는.일본의고대건축물을연구참고하여.복원에활용했으면.,8,2022-11-17T10:03:22Z
86cdrzgZPAo,Ugyo-YbAzCH3PSnP2_d4AaABAg,@kimyounha9207,재미있게 봤습니다. 부여에 놀러가야겠네요~~♡♡♡♡♡♡,3,2023-01-28T03:26:44Z
86cdrzgZPAo,Ugztb-cVqHHxcqoOoqx4AaABAg,@경복현-l3v,백제여   영원하라   백제  👍,0,2026-02-11T07:33:37Z
86cdrzgZPAo,UgxAGseJsbR7dp3MnvF4AaABAg,@slipper00,구마적형님😊,3,2024-03-03T13:18:18Z
86cdrzgZPAo,UgyxKYbeU7cywGljCIV4AaABAg,@개포대장,11:33 !?!???? 바위오르는 도술쓰는줄,3,2022-12-27T08:02:21Z
86cdrzgZPAo,Ugy34-yoWAB4F4VjWuB4AaABAg,@davidparnell2684,Nice,3,2022-11-17T11:30:40Z
86cdrzgZPAo,Ugzgl5NHesXYEcKZXxl4AaABAg,@lapaloma2652,좋타!!!!!,0,2024-03-25T06:57:02Z
86cdrzgZPAo,Ugy5LkKaOsNlmaNJyNF4AaABAg,@motohyun9359,"2:20)
허 허 흑!   킴정문 ?😎",2,2022-11-17T19:05:31Z
86cdrzgZPAo,UgwLjFDdiyK4WNAXAAZ4AaABAg,@개포대장,어머 마적이형,2,2022-12-27T07:51:49Z
86cdrzgZPAo,Ugyjh2nlI-7HARasPKl4AaABAg,@k3k856,"허구헌날   소풍가면
궁남지 ㆍ정림사지 ㆍ부소산성ㆍ나성
수복정ᆢ백마강 강변(구두레)
백제가 강대국일때  신라것들  씨를  멸족
시켰어야 물러터져서 jp도 그렇고 앙대유!!!
나의  피는 아직도 대 백제 피가 흐른다 ᆢ
내 고향 백제의 왕도  부여!!!",6,2023-01-11T12:56:04Z
86cdrzgZPAo,Ugy8M6HFnX_Zrcp_FyZ4AaABAg,@참새야-u2v,국내여행으로 가고싶은곳...,0,2026-01-17T09:56:01Z
86cdrzgZPAo,UgwkO_Sdbv7uvKi5inV4AaABAg,@korion59,"백제를 점령한 당도 신라도 결국은 패망했다.
신라 패망은 별로 다루지않고 백제 패망만 유난히 강조하는 논조는 잘못된 것~!
그리고, 식민사학의 백제역사 축소 및 연구 부재로 대륙과 기타 동아시아 각지의  백제 영토에 대한 무지도 문제~!",7,2022-11-24T00:47:10Z
86cdrzgZPAo,Ugy2U-_YGdFDc-66Xgd4AaABAg,@당가-c9r,2024. 6월11일. 부여에 구경왔어요,1,2024-06-10T22:43:54Z
86cdrzgZPAo,UgzJS7TsGkDVThgHhqh4AaABAg,@HiHi-xf3zv,내시골부여~~~~~~~,1,2023-04-20T11:12:06Z
86cdrzgZPAo,Ugz1qcf-jd2vhJq9Lvx4AaABAg,@엄백호-z1f,규암면에 만덕가라고 순댓국 맛있었는데 아직 있나?,3,2022-11-17T09:16:12Z
86cdrzgZPAo,Ugz9etigvjwsIixXYUp4AaABAg,@Kim실장_Jeep,고란사 초입에 입장료2천원 징수는 아닌듯 합니다 ㅠ,0,2025-06-29T02:04:51Z
86cdrzgZPAo,Ugyi8sCCQgnsefyESX94AaABAg,@soul-nw3tr,웃기지도 않는다 백제왕궁을 조선식으로 짖는다니. 고고학적 사료가 없으면 일본으로 건너간 백제 인 후손 기업에 문의해서라도 백제 왕궁을 제대로 지어야지,1,2025-10-17T09:15:00Z
86cdrzgZPAo,UgzGDKt58RFtOPF4Y2F4AaABAg,@김근영-e4r,우리고장 오셨네요 이원종 같은고장 뿐,0,2024-08-20T08:57:59Z
86cdrzgZPAo,UgwMi6fhc_J2aWSswqd4AaABAg,@김영식-k5h,강조장군^^이원종,0,2025-08-18T21:18:04Z
86cdrzgZPAo,Ugz-qA60lhDGa-y2rP94AaABAg,@하프돔-g4m,여기가 백제의 그 부여가 아니면 어떻하지??? 객관적인 유적이나 왕궁이 안나오는데???반도사관에 따라 철석 같이 믿는건 아닌지...,1,2024-08-30T15:08:30Z
86cdrzgZPAo,UgwUS3wvEXljf4yaMUp4AaABAg,@최기원-z1k,"계백장군 묘는 시궁창에다
모셨다는데요 다시는 계백장군 같은 인물이 못나오게 풍수 좋은데로 옴겨야 되는거 아뇨 충청도 지사나 부여군수님
그래서 그런지 충청도에서는 대선 주자가 안나오잔요",3,2022-11-20T04:10:32Z
86cdrzgZPAo,Ugza0BSv0Zxqp75iT414AaABAg,@kyungchanahn65,"3,000궁녀는, 많다는 뜻. 숫자 3,000을 말하는 것이 아닙니다. 이백의 시 에 ""백발삼천장"" 보면 흰머리가 많다는 뜻이지  3,000 m  란 뜻이 아니듯이.",3,2022-11-21T06:19:07Z
86cdrzgZPAo,UgzU3WX3iQAlUeosjj54AaABAg,@창작과비평.CHANGBI,간사하고 야비한 신라는 당나라군대와 손잡고 찬란한 백제를 ...ㅠㅠㅠ,1,2024-08-21T09:18:13Z
fEJe4EkkN7M,UgyuiOoyQld8OALN4d94AaABAg,@봉다리-c5x,천연기념물로 지정 되었으면 좋겠네요.,2,2023-03-17T06:36:36Z
fEJe4EkkN7M,UgwlFEvkHRXm3ifMF8F4AaABAg,@하기야-s2j,"지리산 청송사
우리절.
지리산도 지키고 청송사도 딱 지키고있는 청송사소나무  
나무아미타불 관세음보살()",1,2023-03-05T14:32:04Z
qpCrmcNTJ40,UgyNyslbYb_BZPa9kBJ4AaABAg,@김정민-p6t,"잊지못할 그리운 시간들
함께 하여 주신님들
감사합니다 사랑합니다♡♡♡",2,2022-12-05T20:11:04Z
qpCrmcNTJ40,Ugxd8tznmCRFWf80pWp4AaABAg,@지혜심-o8e,좋와요~~!,4,2022-09-06T13:20:04Z
qpCrmcNTJ40,UgyJOlBmPVJfpDQx1Xd4AaABAg,@지혜심-o8e,"언제보아도. 우아한 한국춤!
함께한님들!
감사합니다~~^^",1,2023-09-18T05:20:38Z
qpCrmcNTJ40,UgwqNDV60nTJiaIYvBd4AaABAg,@지혜심-o8e,"우아한  춤선이  아름다워요
멋진춤 화이팅입니다~^^",1,2023-04-24T10:33:25Z
qpCrmcNTJ40,Ugz9H1vOTKUT1r1PfQZ4AaABAg,@임선학,또 보아도 감동입니다. 멋져요😍😍😍,1,2024-10-17T10:48:35Z
f1WxhkuQlXo,UgwYj6OGn-jmrnsVS6J4AaABAg,@하은경-q2h,"고운목소리
귓전에 맴돕니다
넘 이쁘고 멋집니다",0,2021-10-25T12:40:58Z
f1WxhkuQlXo,Ugz2TuC8sx0_g9Czir14AaABAg,@순자-u1z,👍🎉😮🥰😍🤩😭👌👉💯💫💫💫💫💫💫💫👈🤴🏃‍♀️🚴‍♀️🏇이뻐요  노래  참  맛나게 🎶 들었어요 감동입니더 예쁘고 건강하게  자라서 부처되시요,0,2024-08-12T01:49:51Z
f1WxhkuQlXo,UgySkah-m8qr12nvTdd4AaABAg,@내마음-l3j,"환희심에 눈물이 납니다

음성공양해주신 어린이합창단 보살님과 처사님들 부처님가피로 항상 행복하시길
기원합니다.
고맙습니다
스님 👏",2,2021-10-24T22:45:23Z
cMFCP30UHeg,UgxHb7bih9WiIZjinfp4AaABAg,@musicstudio7832,"Like  4👍 
멋진 가수님 가버린 그사람  노래 영상 즐감하고 응원합니다 👍 
축제같은 날들이 언제나 함께 하시길 바랍니다 🌻",3,2022-11-10T07:35:14Z
cMFCP30UHeg,UgxEAdtvFlwlCZLbjAp4AaABAg,@tv-pe2bd,"반갑습니다
가버린 그사람
본인곡
넘잘부르시구요
채널대박나시구요",3,2022-11-11T15:01:17Z
cMFCP30UHeg,UgwAaTKNCDRW5kqZRnt4AaABAg,@TV-cf1in,"송종만 가수님 ^^
가버린 그사람 대박 나세요^^👍 👍 👍 👍 👍짱짱 쭉쭉 뻗어 나가세요 ~^^",3,2022-11-10T07:42:41Z
cMFCP30UHeg,Ugz9R3WNXZP1f_LsUkR4AaABAg,@세상은살만합니다,송종만가수님 가버린 그사람 대박응원합니다,2,2022-11-19T10:09:10Z
cMFCP30UHeg,UgzweCN4kvU2-fpp4mF4AaABAg,@깨어있으라-e5v,"목소리,노래 완전 짱~ 입니다.~가수님의 노래 배워 보고 싶은 소망이 생겼습니다.^^",2,2022-12-12T09:32:18Z
cMFCP30UHeg,UgzSf5NCnrFQYtsMZDh4AaABAg,@청송이앵천사-수밤8시,송종만 가수님 너무 반갑습니다. 역시 가버린 그사람 정말 좋아요 늘~응원합니다.,2,2022-11-10T07:16:26Z
cMFCP30UHeg,Ugy5KlPl9EE0Rx6cMmR4AaABAg,@황금빛-h4n,가버린그사람~~~~멋지신. 송종만가수님 대박대박 기원하겠습니다 ❤️❤️❤️,2,2022-11-10T07:25:31Z
cMFCP30UHeg,UgyrVPosz9Qsiqmxent4AaABAg,@김정필-r7f,가버린그사람 ~응원합니다 ❤️👍👍👍👍,1,2022-12-21T23:45:14Z
cMFCP30UHeg,UgyTeHn4KC8JF7ZGb-F4AaABAg,@장지안-u1p,송종만가수님 화이팅^^,1,2023-09-29T05:24:04Z
cMFCP30UHeg,Ugwi71JHy8284BRGI-Z4AaABAg,@진산TV-oh5xo,가버린 그사람 대박 기원 합니다,0,2023-04-12T06:37:14Z
OYzWaAcmYqE,UgwfxnVASXumKrOQvK54AaABAg,@경숙이-z9o,금전운 대박운  당첨되게 도와주세요  제발 한번만 살려주세요 행복하게 살고 싶습니다  소원과 소망이 이루어지도록 해주세요 감사합니다😮😅,2,2024-01-13T11:11:13Z
OYzWaAcmYqE,UgzEdmyxPtHkf9s1mzl4AaABAg,@소옥현-o6d,감사합니다  관세음보살  관세음보살  관세음보살 🙏 🙏🙏🤲😊,0,2024-01-16T00:06:15Z
OYzWaAcmYqE,UgyvwP0tCLftzrb2VQ94AaABAg,@KTravelkorea,"인연 맺습니다.
나무아미타불 나무아미타불 나무아미타불🙏🙏🙏",0,2024-03-16T02:10:22Z
trJnpc4eF6g,UgzENT166wP-OUvp7S94AaABAg,@김현자-e4z,너무 좋아요 가보고싶다 나무아미 타불,1,2024-04-03T13:13:22Z
SYQYpcAxXt8,UgzZ5X5DBJ3d1vhIQ7x4AaABAg,@방영순-t1t,너무 포근하고 너무 따뜻한 엄마 품 아눈물이나네  엄마 보고싶어요,2,2023-03-11T00:08:37Z
SYQYpcAxXt8,UgyksbQOSX3m9CqbEjJ4AaABAg,@uncleBAB-shorts,👍👍👍,0,2023-03-12T07:44:00Z
SYQYpcAxXt8,UgzAao0SVWOD1D5cSY54AaABAg,@조하나겸-qb,"어 여긴  나의 고향인데 ~~
그립다  방어산에  소풍가서
뽈똥 따먹던 그때가~",0,2023-03-11T03:00:54Z
Nu_cULWsh2E,UgxT35K_Cx5aLURdJ_d4AaABAg,@아라한-q1s,함안 전국적인 이름알릴수있게되 좋은일만 생길듯^^,2,2025-11-28T19:42:45Z
