video_id,video_title,description,channel_id,channel_name,published_at,duration_sec,duration_min,is_shorts_guess,view_count,like_count,comment_count,video_url,channel_subscriber_count,channel_video_count,matched_perf_id,matched_title,matched_genre,matched_venue,matched_perf_start,matched_perf_end,video_type,source_type,notes,date_signal,venue_signal,hashtag_categories,is_condensed_official,explicit_title_quote_match,signal_score,suggested_status,flag_reason
HhNnLPLd8Aw,[대전시립연정국악단] ‘반달 환상곡’,"⦁공연명: 제186회 정기공연 신춘음악회 ‘청靑춘春’
⦁공연일시: 2023년 3월 16일(목) 19시 30분
⦁공연장소: 대전시립연정국악원 큰마당
⦁예술감독/지휘: 이승훤
⦁출연: 대전시립연정국악단
⦁작곡: 김대성


#대전시립연정국악단 #국악 #국악관현악 #반달환상곡 #신춘음악회 #청춘 #예술감독 #지휘 #이승훤 #작곡 #김대성",UCfOgQ8WuHgg-4ezQSJUC24A,대전시립연정국악단,2023-05-19T06:48:25Z,716,11.93,False,795,8,0,https://www.youtube.com/watch?v=HhNnLPLd8Aw,1380,211,PF234671,"대전시립연정국악단, 토요국악",한국음악(국악),대전시립연정국악원 작은마당,2024-03-09,2024-11-23,,,,none,match,1,False,False,3,verified_candidate,장소 일치
KHjYdOEjU9E,[대전시립연정국악단] 궁중무용 '춘앵전',"⦁공연명: 제183회 정기공연 한국무용의 밤 ‘화광동진和光同塵’
⦁공연일시: 2022년 9월 22일(목) 19시 30분
⦁공연장소: 대전시립연정국악원 큰마당
⦁총 연출 및 안무: 홍지영
⦁출연: 대전시립연정국악단
⦁해설자: 양종승
⦁협력연출: 박희태",UCfOgQ8WuHgg-4ezQSJUC24A,대전시립연정국악단,2023-01-05T06:25:59Z,559,9.32,False,1317,15,2,https://www.youtube.com/watch?v=KHjYdOEjU9E,1380,211,PF234671,"대전시립연정국악단, 토요국악",한국음악(국악),대전시립연정국악원 작은마당,2024-03-09,2024-11-23,,,,none,match,0,False,False,2,no_strong_signal,장소 일치
3hHakpbkkg0,[대전시립연정국악단] 종묘제례악 ‘정재 - 춘앵전’,"⦁공연명: 땅의 소리, 하늘에 퍼지다 ‘종묘제례악’
⦁공연일시: 2020년 11월 27일(금) 19시30분
⦁공연장소: 대전시립연정국악원 큰마당
⦁연출: 김홍승 
⦁가사출처: 국립국악원
⦁출연: 대전시립연정국악단",UCfOgQ8WuHgg-4ezQSJUC24A,대전시립연정국악단,2021-01-20T05:15:58Z,543,9.05,False,480,9,0,https://www.youtube.com/watch?v=3hHakpbkkg0,1380,211,PF234671,"대전시립연정국악단, 토요국악",한국음악(국악),대전시립연정국악원 작은마당,2024-03-09,2024-11-23,,,,none,match,0,False,False,2,no_strong_signal,장소 일치
32A4YquNUTA,"[대전시립연정국악원 국악연주단] 정가와 관현악 '곡(曲) 태평성대' (작곡 임교민/ 노래 김재락, 박주영)","⦁공연명: 제173회 정기공연 태평성대를 기원하는 ‘신년음악회’
⦁공연일시: 2020년 1월 17일(금) 19시30분
⦁공연장소: 대전시립연정국악원 큰마당
⦁출연진 
 -예술감독 및 지휘: 이용탁
 -연주: 대전시립연정국악원 국악연주단
 -노래: 김재락, 박주영",UCfOgQ8WuHgg-4ezQSJUC24A,대전시립연정국악단,2020-01-31T04:31:55Z,397,6.62,False,958,13,1,https://www.youtube.com/watch?v=32A4YquNUTA,1380,211,PF234671,"대전시립연정국악단, 토요국악",한국음악(국악),대전시립연정국악원 작은마당,2024-03-09,2024-11-23,,,,none,match,0,False,False,2,no_strong_signal,장소 일치
ZGjVzNxxLPg,"[대전시립연정국악단] 연희 '비나리', '판굿'","⦁공연명: 풍류마당 ‘신년음악회’
⦁공연일시: 2022년 1월 20일(목) 19시 30분
⦁공연장소: 대전시립연정국악원 큰마당
⦁예술감독: 노부영
⦁출연: 대전시립연정국악단
⦁비나리: 조세영",UCfOgQ8WuHgg-4ezQSJUC24A,대전시립연정국악단,2023-01-03T02:38:38Z,1862,31.03,False,1645,15,1,https://www.youtube.com/watch?v=ZGjVzNxxLPg,1380,211,PF234671,"대전시립연정국악단, 토요국악",한국음악(국악),대전시립연정국악원 작은마당,2024-03-09,2024-11-23,,,,none,match,0,False,False,2,no_strong_signal,장소 일치
l4cZwlrquGo,"한국무용 태평무(한영숙류) | Taepyeongmu, Dance of Peace(great peace dance) | Korean Traditional Dance","한국무용 태평무(한영숙류)


#태평무 #Taepyeongmu #DanceofPeace

한성준에 의해 재구성된 춤으로 국가무형문화재 제92호예요~
정확한 유래는 알 수 없지만,  당굿에서 무당이 '왕거리'라는 왕의 춤을 추는 것을 보고 소재를 얻어 창작한 작품으로 보고 있는데요~
춤의 내용은 풍년과 나라의 태평성대를 축복하는 뜻을 가지고 있답니다. 그래서 우아하고 품위있는 동작이 되도록 연습해야하는데 보통 쉬운일이...^^;
태평무는 한국무용 가운데 섬세한 발놀림과 빠른 장단에 맞추어 움직이는 민첩성이 특색이 있어요~
너무나 재밌는 태평무~
더 열심히 연습해서 공연복을 입고 춤추는 영상을 올려보도록 할께요~

Taepyeongmu (태평무; literally ""great peace dance"") is a Korean dance with the function of wishing a great peace for the country. Its exact origin is unknown, but certain style of the present was composed by Han Seongjun (한성준; hanja: 韓成俊; 1874–1941), an outstanding master of Korean dance in the beginning of last century. 

There are some assumptions regarding the origin of Taepyeongmu. One is a court dance occasionally performed by kings during the Joseon dynasty. Therefore, the costumes used by the dancers are similar to the gwanbok (관복; literally ""official clothing"") formerly worn by Korea's kings and queens. 

Taepyeongmu reflects the aesthetic principle of inner dynamics in the stillness, which is the essence of Korean traditional dance. 

Taepyeongmu is designated as one of the Important Intangible Cultural Properties of South Korea. Famous practitioners have included Han Young-suk, designated a Living National Treasure for her performances.
                                                                                                                                                   -Wikipedia",UCOHJsl82rYgxK9v7S8DQ-0A,디엘37-한국무용,2022-03-19T10:59:36Z,562,9.37,False,655,,0,https://www.youtube.com/watch?v=l4cZwlrquGo,333,45,PF234671,"대전시립연정국악단, 토요국악",한국음악(국악),대전시립연정국악원 작은마당,2024-03-09,2024-11-23,,,,none,none,0,False,False,0,no_strong_signal,신호 없음
ydqM5ojuU7U,가야금병창협주곡 '흥보가 中 박타령' solo 이연주,[2023 속삭이는 마당] 예순 번째 속삭임 '이연주의 가야금병창',UCe-GFnulAcll-efThadulnQ,가야금병창단 현의노래,2023-07-27T06:25:25Z,588,9.8,False,981,6,0,https://www.youtube.com/watch?v=ydqM5ojuU7U,128,58,PF234671,"대전시립연정국악단, 토요국악",한국음악(국악),대전시립연정국악원 작은마당,2024-03-09,2024-11-23,,,,none,none,0,False,False,0,no_strong_signal,신호 없음
ZkzfkGkfuOQ,"김대성 작곡  세월호 추모를 위한 가야금과 국악관현악을 위한 협주곡  ‘슬픔의 강’/ Kim, Dae-seong Gayageum concerto 'River of Sorrow'","가. 공  연  명 : 2014 ARKO한국창작음악제 
나. 일       시 : 2014년 11월 29일(토) 오후 2:00
다. 장       소 : 예술의전당 콘서트홀
라. 연주단체 : 국립부산국악원 국악연주단 기악단 (지휘 :  원영석)
마. 주       최 : 한국문화예술위원회 
바. 주       관 : ARKO한국창작음악제 추진위원회 



* 작곡: 김대성
* 가야금: 이슬기



* 작품설명 : 

이 곡은 역사의 동기, 슬픔의 동기, 희망의 동기 등으로 이루어져 있으며 이 다른 동기가 서로 얽히면서 복잡한 갈등과 슬픔을 음악적으로 그리고 있다. 전통적인 음악적 소재는 ‘대상화’ 되기보다는 ‘내면화’ 되어 있어 전통음악이 역사와 현실을 담는 적극적인 소재로서 형상화 되고 있다. 음악 양식적으로는 서구의 현대적 음악양식과 화성, 대위법적인 기술들을 적극적으로 수용하고 있으며, 곡의 후반부는 전통적인 ‘중모리’ 장단을 기반으로 망자의 한을 위로하고 좋은 곳으로 보내드리고자 하는 의지를 담아내고 있다.



1. Title : 2014 6th ARKO Contemporary Orchestra Music Festival 
2. Concert : PM 2:00 Nov. 29(Sat), 2014
3. Venue : Concert Hall, Seoul Arts Center
4. Performers : Busan National Gugak Center (Conductor : Sung-Taek Kwon, Young-Seok Won)
5. Presenter  : Arts Council Korea (ARKO)
6. Organizer  : ARKO Contemporary Orchestra Music Festival Committee
7. Program    : 2014 ARKO Contemporary Orchestra Music Festival Prize work (12 work)
8. introduction of work : 
This piece consists of a motive for history, motive for sorrow, motive for hope, and the like. These different motives are mingled with each other to yield complex conflicts and sorrow, which I expressed through music. The conventional subject for music is ‘internalized’ rather than ‘objectified’ and materialized as a positive subject for traditional music to embody history and reality. Modern western musical form and harmony, contrapuntal form, and the like are fully employed. The end features a typical Korean rhythmic pattern called ‘jung-morijangdan’ to comfort the dead in their sorrows and depict the strong wish to send them to a better place.",UC41afAQtpt-Tw8_Uo9o6Cvw,Dae seong Kim,2023-01-12T06:19:50Z,1081,18.02,False,434,11,0,https://www.youtube.com/watch?v=ZkzfkGkfuOQ,786,471,PF234671,"대전시립연정국악단, 토요국악",한국음악(국악),대전시립연정국악원 작은마당,2024-03-09,2024-11-23,,,,none,none,0,False,False,0,no_strong_signal,신호 없음
UmGkP9DSQYM,임실필봉농악(개이놀이),,UCU6m_iM2klokOpI7LamA2Gw,정일최,2022-10-15T10:23:44Z,301,5.02,False,203,4,0,https://www.youtube.com/watch?v=UmGkP9DSQYM,1050,766,PF234671,"대전시립연정국악단, 토요국악",한국음악(국악),대전시립연정국악원 작은마당,2024-03-09,2024-11-23,,,,none,none,0,False,False,0,no_strong_signal,신호 없음
i_3DL2fxNxs,[깍지손e국악] #단소편 03 단소 실전 연습 I 새야 새야,"단소 수행평가가 두려운 친구들 모여랏🙆‍♀️

아무리 불어도 소리가 안나는 친구들
운지법이 도통 뭔지 모르겠는 친구들
이제 걱정하지 마세요🙌

그래서 준비한, 깍지손e국악 제1탄!

현이쌤, 집이쌤과 함께하는 #단소완전정복
4주 동안 쉽고 빠르게 단소 기본기부터
초등교과 중심의 실전 연습까지😉

10월 매주 화, 목 오전 11시

학습자료 다운받기 ‣ 전남도립국악단 홈페이지 ‣ 교육/체험 안내 게시판
http://jpg.or.kr/cop/bbs/selectArticleList.do?bbsId=BBSMSTR_000000000046


Copyrights 2021 ⓒ Jeollanamdo Provincial Institute for Korea Traditional Performing Arts. All Rights Reserved.

본 영상물의 무단 전재, 복제, 배포를 금합니다.",UCwZHHFSbD15bnhBDBV01oBQ,전남도립국악단,2021-10-14T02:00:06Z,573,9.55,False,2376,29,4,https://www.youtube.com/watch?v=i_3DL2fxNxs,4460,176,PF234671,"대전시립연정국악단, 토요국악",한국음악(국악),대전시립연정국악원 작은마당,2024-03-09,2024-11-23,,,,none,none,0,False,False,0,no_strong_signal,신호 없음
MoiN8Vc0npA,20220928 김시습의 시(과청주) - 가야금병창 박현진/ 거문고 박경은/ 고수 정주리 _ 자연가락소리나눔 제작공연,"매월당 김시습의 시를 가야금병창으로 작창하여 거문고와 합주.
충북문화재단의 문화예술육성지원사업과 청주문화도시조성사업을 통해 제작된 곡.",UCqeAq1JVU5GTp9SpcD4QQfg,자연의 국악TV,2023-02-07T19:26:06Z,408,6.8,False,215,9,0,https://www.youtube.com/watch?v=MoiN8Vc0npA,96,22,PF234671,"대전시립연정국악단, 토요국악",한국음악(국악),대전시립연정국악원 작은마당,2024-03-09,2024-11-23,,,,none,none,0,False,False,0,no_strong_signal,신호 없음
MUySq4fZBDs,제26회부평 사물놀이,#부평풍물대축제,UCgdC7S0fWtZJ--6zGaieaBw,🌻임봉덕채널영상🌷,2022-10-01T05:43:56Z,315,5.25,False,59,1,0,https://www.youtube.com/watch?v=MUySq4fZBDs,5330,5491,PF234671,"대전시립연정국악단, 토요국악",한국음악(국악),대전시립연정국악원 작은마당,2024-03-09,2024-11-23,,,,none,none,0,False,False,0,no_strong_signal,신호 없음
W2lV1YQZjRk,#인천시립무용단#한가위달마중공연#강강술래,#강강술래,UCgdC7S0fWtZJ--6zGaieaBw,🌻임봉덕채널영상🌷,2023-09-29T12:46:35Z,720,12.0,False,200,7,0,https://www.youtube.com/watch?v=W2lV1YQZjRk,5330,5491,PF234671,"대전시립연정국악단, 토요국악",한국음악(국악),대전시립연정국악원 작은마당,2024-03-09,2024-11-23,,,,none,none,0,False,False,0,no_strong_signal,신호 없음
zIxAC-PJEs8,쌍교방무고,"쌍교방무고
행사: 전통 춤사위로 푸는 몸짓
일시: 20010831
장소:국립국악원 예악당
출연:최영혜,이화신,조은숙,석태정,민경초,조미성,박미정,양성미,박은진,박소현,권윤희,김정은,유연정,방은지,장지윤,황희정

원본소장처: https://artskoreatv.com/

#artskoreatv#전통춤사위로푸는몸짓#쌍교방무고

동영상이 도움이 되셨나요? 계속적인 작업을 하도록 월정액 1,000원이상으로 으로 후원채찍을 주십시요. 후원하시는 분계는 artskoreatv.com의 모든 동영상을 보실수 있습니다. 후원금계좌 국민은행 016-21-1401-657 천승요",UCzHgc67tKXitJKrH86aZk3w,ArtsKoreaTV,2020-09-27T01:28:59Z,433,7.22,False,84,2,0,https://www.youtube.com/watch?v=zIxAC-PJEs8,22500,12050,PF234671,"대전시립연정국악단, 토요국악",한국음악(국악),대전시립연정국악원 작은마당,2024-03-09,2024-11-23,,,,none,none,0,False,False,0,no_strong_signal,신호 없음
LdSWiADA-iY,[판소리 명창대접 광대전 6] 춘향가 中 사랑가 - 서의철 X 가야금병창 고혜수 (환상의 하모니),"[판소리 명창대접 광대전 6] 춘향가 中 사랑가 - 서의철 X 가야금병창 고혜수

5회 - B조 환상의 하모니
- 춘향가 중 사랑가 : 서의철X고혜수(가야금병창)
-------------------------------------------------
한국문화의 중심, 국악방송
Gugak Broadcasting Foundation

지니GENIE tv ch251
SK Btv ch268
LG유플러스 ch189

LG헬로비전 ch273
SK Btv 케이블 ch130
딜라이브 ch235
아름방송 ch161
서경방송 ch144

FM 99.1MHz
www.igbf.kr
https://www.facebook.com/igbf.kr/     
https://www.instagram.com/igbf.kr/     
https://www.instagram.com/gugakfm/     

국악방송의 방송프로그램은 방송통신위원회의 방송통신발전기금을 지원받아 제작되고 있습니다.
#국악방송 #국악 #gugak #광대전 #판소리명창대전광대전 #춘향가 #사랑가 #서의철 #소리꾼 #고혜수 #가야금병창 #가야금 #가야금연주",UCaBwNyKKjDaYIzS8dhyaXBA,국악방송 TV (Gugak Broadcasting System: TV),2023-03-08T09:00:19Z,475,7.92,False,2543,54,3,https://www.youtube.com/watch?v=LdSWiADA-iY,96900,6764,PF234671,"대전시립연정국악단, 토요국악",한국음악(국악),대전시립연정국악원 작은마당,2024-03-09,2024-11-23,,,,none,none,1,False,False,1,no_strong_signal,신호 없음
9KCZ7xbPNPM,한량무-2023 하늘연달  한타래무용단 창단 16주년 기념 정기공연(이윤희.송화연.김현미.류명주.김영희.김혜경.고나영),한타래무용단 창단 16주년 기념 정기공연 인천계양문화회관 2023.10.14 (박은하 한타래예술단대표 : 010-7579-4288),UC279W7NA6pD1HunhFE309Vw,한스영상tv(오필승감독),2023-10-16T00:54:19Z,375,6.25,False,1089,8,0,https://www.youtube.com/watch?v=9KCZ7xbPNPM,5360,7099,PF234671,"대전시립연정국악단, 토요국악",한국음악(국악),대전시립연정국악원 작은마당,2024-03-09,2024-11-23,,,,mismatch,none,0,False,False,-2,delete_candidate,날짜 불일치(다른 회차 가능성)
G7j54nNAyNI,지역 문화예술 [2020 금강미술대전] & [종묘제례악],"곳곳에서 들려오는 반가운 전시와 공연 소식들....미술문화 발전과 신진 예술인들을 발굴하기 위한 목적으로 전국을 그 대상으로하는 대표적인 미술공모전인 [금강미술대전] 전시회! 대전시립연정국악원 국악연주단의 기획공연으로 악, 가, 무의 종합 예술이라고 일컬어지는 [종묘제례악] 소식까지! 풍성한 예술가의 이야기를 전한다.",UCb_YfPnaXL0c60bmVxSZwcg,여행가자,2020-12-16T01:00:02Z,671,11.18,False,99,2,1,https://www.youtube.com/watch?v=G7j54nNAyNI,3150,1269,PF234671,"대전시립연정국악단, 토요국악",한국음악(국악),대전시립연정국악원 작은마당,2024-03-09,2024-11-23,,,,none,match,0,False,False,2,no_strong_signal,장소 일치
zNqWAHqeL8E,국립국악원 토요명품공연,,UCxc6PAbgenlaQeVrCfRTQlQ,♡스위트 윈디♡,2023-02-20T13:58:12Z,51,0.85,True,680,6,0,https://www.youtube.com/watch?v=zNqWAHqeL8E,273,112,PF234671,"대전시립연정국악단, 토요국악",한국음악(국악),대전시립연정국악원 작은마당,2024-03-09,2024-11-23,,,,none,none,0,False,False,0,no_strong_signal,신호 없음
JCZ6UGPUb80,TEASER: UlsanAPaMM l 타래(Korean Classic Ensemble [TALE]) - 해원(Haewon),"#울산에이팜 #쇼케이스 #타래

2021 울산에이팜 쇼케이스 마지막! 여덟번째 타래!

2. 타래는 현재를 어떻게 살아가고 있는가?
 - 타래는 사람들과 [‘음악’]로 호흡하고 있다.

 거의 대부분의 예술가들이 대답할 단어라고 생각한다. 10년의 이야기를 단 5분짜리인 음악으로 전할 수 있듯.. 음악이라는 매개체는 눈에 보이지 않지만 어떠한 표현보다 직접적이고 사람의 마음을 움직이게 한다. 음악을 창작하고, 연주하는 연주자와 그 음악을 듣는 청중이 만나 음악을 완성하듯 우리가 전하는 메시지와 청중들의 눈빛과 호흡, 순간의 공기. 그 모든 것을 통해 함께 나누고 공감할 수 있다.


2021 UlsnaAPaMM Showcase 08. Korean Classic Ensemble [TALE]

Q2. How does Korean Classic Ensemble [TALE] live in the present?
A2. ""Korean Classic Ensemble [TALE] communicates with people through [music].""

I think 'music' is a common reply that most artists will answer. Just as we can tell the story of 10 years in only 5 minutes of music, the medium 'music' is invisible, but it is more direct and moves people's minds than any expression. Like we create music and artists who perform music and audiences who listen to artists' music meet and complete the music, the messages we deliver and eyes, breathing and air in that moment and everything, including those earlier allows us to share and empathize.",UCozQIFHMVgG5yK3IjESYA_w,울산문화관광재단,2021-08-28T02:45:02Z,38,0.63,True,243,7,0,https://www.youtube.com/watch?v=JCZ6UGPUb80,3380,531,PF234671,"대전시립연정국악단, 토요국악",한국음악(국악),대전시립연정국악원 작은마당,2024-03-09,2024-11-23,,,,none,none,0,False,False,0,no_strong_signal,신호 없음
fHwwy9w2hvI,토요상설공연 국악창작무대 - 아리아리국악단의 '힐링 休 콘서트',"토요상설공연 국악창작무대 - 아리아리국악단의 '힐링 休 콘서트'

* 프로그램
  - 무용 '버꾸춤'
  - 아쟁독주 '박종선류 아쟁산조, 칠갑산'
  - 해금 2중주 '아리랑 연곡 90'
  - 퓨전곡 '님이여 훨훨훨'
  - 무용 '한량무'
  - 기악합주 '남도굿거리, 성주풀이, 자진남도굿거리'
  - 민요 '신 뱃노래, 동해바다'

* 출연진 : 아리아리국악단
  - 대금 : 김희동
  - 춤 : 정정순
  - 가야금 : 윤사랑, 고주영
  - 아쟁 : 김민지
  - 소리 : 강보경, 조승희
  - 해금 : 김현경, 백목련
  - 피리 : 권선아
  - 타악 : 최민희, 박상호
  - 대금·태평소 : 최호
  
* 사회자 : 박광신",UCwlFHVSYzo46I_h167mQtiQ,광주문화재단 전통문화관,2021-08-14T09:17:57Z,4368,72.8,False,598,34,8,https://www.youtube.com/watch?v=fHwwy9w2hvI,971,315,PF234671,"대전시립연정국악단, 토요국악",한국음악(국악),대전시립연정국악원 작은마당,2024-03-09,2024-11-23,,,,none,none,0,False,False,0,no_strong_signal,신호 없음
YGbLpsQoScQ,[2022 전통예술가 역량강화] 국악IN가요_인터뷰,"2022 전통예술가 역량강화 ""홍보마케팅 및 시장진출 현장교육""을 통해 
제작된 음원이 2022년 12월 14일 발매됩니다!

많은 관심 부탁드려요!

[단체소개]
국악밴드 ‘국악인가요’는 한국의 전통음악을 K-POP처럼 모두가 즐길 수 있는 음악으로 현대적으로 재해석해 국악과 대중을 연결짓는 매개역할을 목표로 활동하는 단체입니다.

[음원소개]
수궁가 중 수궁풍류 대목을 기반으로 희망을 가진 용왕의 설레는 마음을 베이스로 표현하며, 앞으로의 희망찬 미래를 그릴 수 있는 우리의 마음을 페스티벌적인 사운드를 통해 신나게 즐기자는 의미를 담은 곡이다.
-
누리집 : https://www.kotpa.org
페이스북 : https://www.facebook.com/gongzindan
인스타그램 : https://www.instagram.com/gongzindan
네이버 블로그 : https://blog.naver.com/gongzindan",UCwC6NZATf6wZTxwhYFXOjaQ,전통공연예술진흥재단,2022-12-13T15:00:17Z,246,4.1,False,120,1,0,https://www.youtube.com/watch?v=YGbLpsQoScQ,38400,1551,PF234671,"대전시립연정국악단, 토요국악",한국음악(국악),대전시립연정국악원 작은마당,2024-03-09,2024-11-23,,,,none,none,0,False,False,0,no_strong_signal,신호 없음
ibJyaI_d09c,2012ARKO한국창작음악제 산조아쟁과 국악관현악을 위한 와운 - 작곡가 이귀숙,2012ARKO한국창작음악제 국악부문 당선작,UCqZ82nSSwTTiiNjxnrD9tKg,ARKO한국창작음악제,2013-07-20T04:54:12Z,121,2.02,False,195,0,0,https://www.youtube.com/watch?v=ibJyaI_d09c,1270,284,PF234671,"대전시립연정국악단, 토요국악",한국음악(국악),대전시립연정국악원 작은마당,2024-03-09,2024-11-23,,,,none,none,0,False,False,0,no_strong_signal,신호 없음
ry1nqknjA0c,"[우면산별밤축제 #1] 10/16(금) ""국악단소리개 X 남창동"" 〈살판: 한국판 서커스〉","🎉관람후기 이벤트🎊
1. ‘온라인 공연관람 설문조사’에 참여해주세요. 
 우수설문자 120명(회당20명)을 선정해
‘국립국악원 매트’를 선물로 보내드립니다.
 👻 [참여링크] http://www.gugak.go.kr/crm/survey_Info.do?id=239

2. 랜선콘서트 관람 인증!
공연 관람 후 실시간 감상 인증샷을 인스타그램에 올려주세요. 
120명(회당20명)을 추첨하여 텀블러를 보내 드립니다. 
👻참여방법
1) 공연 관람 시간이 나타나도록 이미지를 캡쳐해 주세요 
2) 필수 해시태그
#국립국악원 #2020우면산별밤축제 #랜선콘서트 #온라인공연 과 함께
본인 계정에 감상평과 함께 업로드 하시면, 이벤트 참여완료~!😚

---
0:13 인트로
(꽹과리 김훈/징 유환일/장구 고현영/북 김익수/피아노 김승진)

03:57 줄타기
(어름산이 남창/꽹과리 김훈/징 유환일/장구 고현영/북 김익수/피아노 김승진)

28:00 애향
(소리 서명희/드럼 류정용/피아노 김승진/콘트라베이스 유영민/소리북 김병주)
""봄의 향기에 사랑을 실어 꿈 꾸듯이 그넷줄을 밀어라
바랍이 파도를 밀어 올리듯이 그렇게 나를 밀어 올려다오.""
판소리 춘향가, 이도령과 춘향이의 사랑 이야기를 전통 장단 위에 재즈 화성과 연주기법을 덧붙여 재구성한 곡이다.

33:40 일곱갈래 길
(드럼 류정용/피아노 김승진/콘트라베이스 유영민/
꽹과리 이영광/징 유환일/태징 김훈/장구 고현영/북 김병주)
""다른 줄 같더이다. 다름과 같음은 하나로 나는 것을 우직히도 몰랐더이다.
저마다 길은 서로의 이야기를 갖고 있으나 모두가 하나의 길이다.""
36/8박(2,3박 혼합박자)의 길군악 칠채 장단 위에 Am코드의 즉흥 재즈를 더해 삶의 다양한 모습을 표현한 곡이다.

45:30 드럼산조
(드럼 류정용/대북 현호군)
""화합으로 생명을 잉태하고 조화로운 미래를 향한 향연으로 날아오르다.""
들숨과 날숨의 전통장단의 흐름은 마치 어머니의 자궁 안에서 잉태된 태아의 울림을 연상시킨다. 생명의 공간에서 잉태된 아이의 태동과 그 울림을 한국적 재즈 그루브와 전통 타법으로 표현한다.

50:50 이바디
(소리 서명희/꽹과리 이영광/징 김훈/장구 고현영/북 김병주/색소폰 김기철/
드럼 류정용/피아노 김승진/콘트라베이스 유영민/채상소고 현호군/12발상보 김익수)
""길은 홀로 나지 않으니 함께여서 희망의 축제로다""
다채로운 리듬구조를 넘나드는 동서양의 즉흥 연주와 소리, 그리고 연희!
너와 나의 경계를 허물고 우리의 꿈, 희망을 만들어 간다.",UCmN4xFSlmWw-_d2riM-ep0A,국립국악원 National Gugak Center,2020-10-16T11:00:11Z,3918,65.3,False,9296,166,36,https://www.youtube.com/watch?v=ry1nqknjA0c,72800,3578,PF234671,"대전시립연정국악단, 토요국악",한국음악(국악),대전시립연정국악원 작은마당,2024-03-09,2024-11-23,,,,none,none,0,False,False,0,no_strong_signal,신호 없음
6g1VECHxNd4,종묘제례,,UC3-gMrTwGfaLRB47eukddKg,YongEun Lee,2022-06-10T12:27:11Z,217,3.62,False,258,4,1,https://www.youtube.com/watch?v=6g1VECHxNd4,4,6,PF234671,"대전시립연정국악단, 토요국악",한국음악(국악),대전시립연정국악원 작은마당,2024-03-09,2024-11-23,,,,none,none,0,False,False,0,no_strong_signal,신호 없음
AvEJe5whAJs,#청와대첫개방국악공연#사직대제보존회#종묘제례악보존회공연,,UC9-Xrgep5CsNUYh6dq8XCVw,오름나그네 uphill traveler,2022-05-24T14:15:59Z,194,3.23,False,145,3,0,https://www.youtube.com/watch?v=AvEJe5whAJs,7320,223,PF234671,"대전시립연정국악단, 토요국악",한국음악(국악),대전시립연정국악원 작은마당,2024-03-09,2024-11-23,,,,none,none,0,False,False,0,no_strong_signal,신호 없음
Y6KI9ezpjw0,[대구스토리] #해금연주,"안녕하세요! 대구스토리입니다. 우리 채널에서는 대구 곳곳을 소개합니다.
Hi! Welcome to Daegu story. Our channel introduces all over Daegu.

#동성로축제 #동성로 #댄스공연  #해금연주",UCHmaSTUBYS4nk728gWvMQMw,Daegu 1분 Story,2022-08-07T16:35:08Z,67,1.12,False,114,4,0,https://www.youtube.com/watch?v=Y6KI9ezpjw0,46500,23933,PF234671,"대전시립연정국악단, 토요국악",한국음악(국악),대전시립연정국악원 작은마당,2024-03-09,2024-11-23,,,,none,none,0,False,False,0,no_strong_signal,신호 없음
eAIhZs1TK0E,"[대전시립연정국악원 국악연주단] 아사아 음악회 ""신 대풍류""","대전시립연정국악원 국악연주단 기획공연
[아시아 음악회] 연주곡 입니다.

KBS 대전
http://daejeon.kbs.co.kr/
KBS대.세.남 뉴스
https://www.youtube.com/channel/UCGNza5Bq2fQFYquMgd9CeHg 
대케 KBS대.세.남
https://www.youtube.com/channel/UCUnSdg6_nmdhh2fXjsNqTXg",UCUnSdg6_nmdhh2fXjsNqTXg,KBS대전 [CULTURE&DOCUMENTARY],2020-07-06T02:34:59Z,949,15.82,False,449,16,1,https://www.youtube.com/watch?v=eAIhZs1TK0E,600000,9075,PF234671,"대전시립연정국악단, 토요국악",한국음악(국악),대전시립연정국악원 작은마당,2024-03-09,2024-11-23,,,,none,match,0,False,False,2,no_strong_signal,장소 일치
g-l7BynPPKs,대전시립연정국악원 국악연주단 기획공연 예고2 [아시아 음악회],"아시아 각 국 전통악기의 매력을 선보이며 큰 호응을 얻었던 [아시아 음악회]
2020년! 온라인 생중계로 여러분을 찾아갑니다!
각 나라별 전통악기와 음악을 만나볼 수 있는 특별한 기회!
국악관현악단과 아시아 각 국 20여명의 연주자가 함께하는 화합의 무대!
세계적으로 힘든 시기를 겪고 있는 지금, 만국 공통어인 음악으로 하나되는
감동적이고 뜨거운 현장에 여러분을 초대합니다!

KBS 대전
http://daejeon.kbs.co.kr/
KBS대.세.남 뉴스
https://www.youtube.com/channel/UCGNza5Bq2fQFYquMgd9CeHg 
대케 KBS대.세.남
https://www.youtube.com/channel/UCUnSdg6_nmdhh2fXjsNqTXg",UCUnSdg6_nmdhh2fXjsNqTXg,KBS대전 [CULTURE&DOCUMENTARY],2020-06-27T01:18:19Z,16,0.27,True,450,8,2,https://www.youtube.com/watch?v=g-l7BynPPKs,600000,9075,PF234671,"대전시립연정국악단, 토요국악",한국음악(국악),대전시립연정국악원 작은마당,2024-03-09,2024-11-23,,,,none,match,0,False,False,2,no_strong_signal,장소 일치
poiexs5P3e8,연정 국악원 공연,캐나다 캘거리,UCQ5kXxL3MwCk5It7g9UiO7w,CN드림 ,2013-05-03T00:01:52Z,65,1.08,False,164,0,0,https://www.youtube.com/watch?v=poiexs5P3e8,923,678,PF234671,"대전시립연정국악단, 토요국악",한국음악(국악),대전시립연정국악원 작은마당,2024-03-09,2024-11-23,,,,none,none,0,False,False,0,no_strong_signal,신호 없음
nnYC5gi-6P4,제16회 Fish eye 국제영화제공연 (대전시립연정국악원 : 설장고),"""2019 대전방문의 해 홍보 및 관광객 유치”를 위한
제16회 Fish Eye 국제영화제
16th Fish Eye International Film Festival
슬 로 건 : 매력(魅力)-영화로 마음을 잡다.
Fish Eye는 물고기 눈처럼 넓은 각도로 사물을 보는 능력을 영상작가들이 갖기 바라 세계 를 향한 넓은 시야를 가지라는의미로서, Fish Eye 국제영화제는 19g년 러시아 이르쿠츠크의 방송사 AIST -TV가 시작한 것으로, 러시아 국내에서 인기가 높은 시청자 참여형 영상 축제입니다.",UCDqhNGFDz1yuimJDzSZsQ_A,굴렁쇠진강,2018-11-28T23:38:20Z,451,7.52,False,436,11,0,https://www.youtube.com/watch?v=nnYC5gi-6P4,15800,1120,PF234671,"대전시립연정국악단, 토요국악",한국음악(국악),대전시립연정국악원 작은마당,2024-03-09,2024-11-23,,,,none,match,0,False,False,2,no_strong_signal,장소 일치
c0g531MsHkE,[대전시립연정국악단] ‘무산향’,"⦁공연명: 제176회 정기공연 ‘춤추는 단청’
⦁공연일시: 2020년 10월 15일(목) 19시30분
⦁공연장소: 대전시립연정국악원 큰마당
⦁예술감독: 이용탁
⦁연출 및 안무: 홍지영
⦁출연: 대전시립연정국악단 
⦁정재지도: 김영숙
⦁무산향: 이지영, 정민근",UCfOgQ8WuHgg-4ezQSJUC24A,대전시립연정국악단,2021-02-02T07:08:34Z,571,9.52,False,888,5,0,https://www.youtube.com/watch?v=c0g531MsHkE,1380,211,PF234671,"대전시립연정국악단, 토요국악",한국음악(국악),대전시립연정국악원 작은마당,2024-03-09,2024-11-23,,,,none,match,0,False,False,2,no_strong_signal,장소 일치
udTPnybiDjQ,[대전시립연정국악단] '종묘제례악 - 보태평',"⦁공연명: 제181회 정기공연 ‘송년음악회’
⦁공연일시: 2021년 12월 16일(목) 19시 30분
⦁공연장소: 대전시립연정국악원 큰마당
⦁예술감독: 노부영
⦁출연: 대전시립연정국악단
⦁구성연출: 류기형
⦁안무: 홍지영
⦁악장: 김병오, 박영기, 김대윤",UCfOgQ8WuHgg-4ezQSJUC24A,대전시립연정국악단,2023-01-02T07:46:58Z,577,9.62,False,2696,18,1,https://www.youtube.com/watch?v=udTPnybiDjQ,1380,211,PF234671,"대전시립연정국악단, 토요국악",한국음악(국악),대전시립연정국악원 작은마당,2024-03-09,2024-11-23,,,,none,match,0,False,False,2,no_strong_signal,장소 일치
o61_HWYFAgo,[대전시립연정국악단] '종묘제례악 - 전폐희문',"⦁공연명: 제181회 정기공연 ‘송년음악회’
⦁공연일시: 2021년 12월 16일(목) 19시 30분
⦁공연장소: 대전시립연정국악원 큰마당
⦁예술감독: 노부영
⦁출연: 대전시립연정국악단
⦁구성연출: 류기형
⦁안무: 홍지영
⦁악장: 김병오, 박영기, 김대윤",UCfOgQ8WuHgg-4ezQSJUC24A,대전시립연정국악단,2023-01-02T07:20:48Z,527,8.78,False,478,6,0,https://www.youtube.com/watch?v=o61_HWYFAgo,1380,211,PF234671,"대전시립연정국악단, 토요국악",한국음악(국악),대전시립연정국악원 작은마당,2024-03-09,2024-11-23,,,,none,match,0,False,False,2,no_strong_signal,장소 일치
I3xo-rszAfU,[대전시립연정국악단] '종묘제례악 - 정대업',"⦁공연명: 제181회 정기공연 ‘송년음악회’
⦁공연일시: 2021년 12월 16일(목) 19시 30분
⦁공연장소: 대전시립연정국악원 큰마당
⦁예술감독: 노부영
⦁출연: 대전시립연정국악단
⦁구성연출: 류기형
⦁안무: 홍지영
⦁악장: 김병오, 박영기, 김대윤",UCfOgQ8WuHgg-4ezQSJUC24A,대전시립연정국악단,2023-01-02T08:17:56Z,580,9.67,False,366,3,0,https://www.youtube.com/watch?v=I3xo-rszAfU,1380,211,PF234671,"대전시립연정국악단, 토요국악",한국음악(국악),대전시립연정국악원 작은마당,2024-03-09,2024-11-23,,,,none,match,0,False,False,2,no_strong_signal,장소 일치
0ed4plpbHoM,연정국악원 공연,캐나다 캘거리,UCQ5kXxL3MwCk5It7g9UiO7w,CN드림 ,2013-05-03T00:04:53Z,83,1.38,False,144,0,0,https://www.youtube.com/watch?v=0ed4plpbHoM,923,678,PF234671,"대전시립연정국악단, 토요국악",한국음악(국악),대전시립연정국악원 작은마당,2024-03-09,2024-11-23,,,,none,none,0,False,False,0,no_strong_signal,신호 없음
ruOU-mx7NRw,20170512 안산시립국악단 52회 정기연주회-  5.하늘을 날다,20170512 안산시립국악단 52회 정기연주회-  5.하늘을 날다,UCS9mTKFWgogGiECZxiVbCSg,IS company,2018-09-10T08:37:53Z,347,5.78,False,905,1,0,https://www.youtube.com/watch?v=ruOU-mx7NRw,325,116,PF234671,"대전시립연정국악단, 토요국악",한국음악(국악),대전시립연정국악원 작은마당,2024-03-09,2024-11-23,,,,none,none,0,False,False,0,no_strong_signal,신호 없음
aqNXbMGgZ5M,CONCERT 국악 콘서트 서울시국악관현악단 행복한 국악을 만나다 커튼콜﻿- 박상현 지휘자/채수현/이덕용/전태원/김태희/한상희,"*커튼콜/포토타임 촬영 가능

2021/7/3
K-CONCERT 국악 콘서트 행복한 국악을 만나다 커튼콜
﻿서울시국악관현악단
박상현 지휘자/채수현/이덕용/전태원/김태희/한상희
관악아트홀",UC6_8FcuWvXfxpH0Y9mLbQLQ,j,2021-07-12T08:27:03Z,64,1.07,False,239,1,0,https://www.youtube.com/watch?v=aqNXbMGgZ5M,1400,2367,PF234671,"대전시립연정국악단, 토요국악",한국음악(국악),대전시립연정국악원 작은마당,2024-03-09,2024-11-23,,,,mismatch,none,0,False,False,-2,delete_candidate,날짜 불일치(다른 회차 가능성)
uI-6R3-C52Y,서도소리 서도민요 유지숙명창 기원과 덕담 공연 커튼콜 - 한국문화의집 코우스,"[김초아 소리꾼 Playlist] https://youtube.com/playlist?list=PL1TNw4v8D618vAxVYezq_X2EomxyflJO8&si=wt6KDSSfGPJrs6VU
[CHOA KIM 뮤지컬/연극 Playlist] https://youtube.com/playlist?list=PL1TNw4v8D6184UvmAzSgTLJsf-eUq9Eh_&si=BEgtDbmENFZJ4nGg

#유지숙명창 #기원과덕담 공연 커튼콜
#한국문화의집 #코우스 kous 초아공연

김초아 국악/민요(Minyo), 뮤지컬(Musical)
http://www.ichoa.com
https://www.youtube.com/@K-MINYO
김초아(KIM, CHOA) CHOA : Korean Folk Song Singer
The Member of Seo-Do Traditional Songs.",UC0xGt38wmyuVVeRUQR3Sb3A,김초아 [국악인 뮤지컬배우 민요 서도소리꾼],2017-05-18T14:20:47Z,442,7.37,False,5138,39,1,https://www.youtube.com/watch?v=uI-6R3-C52Y,791,149,PF234671,"대전시립연정국악단, 토요국악",한국음악(국악),대전시립연정국악원 작은마당,2024-03-09,2024-11-23,,,,none,none,0,False,False,0,no_strong_signal,신호 없음
VcJsSlYJHek,한영숙류 태평무-최정옥,"2018.12.09(일) 오후 3시
경기도문화의전당 소극장

경기도 무형문화재 제8호 승무.살풀이춤 예능보유자
제19회 송악 김복련과 제자백가의 춤

-출연-
최정옥, 주정숙, 전건자, 김희자, 윤은희",UCDVg3l6j2jo7Z39K20rR49A,K Dolphin,2019-02-08T11:31:22Z,515,8.58,False,382,7,0,https://www.youtube.com/watch?v=VcJsSlYJHek,19,2,PF234671,"대전시립연정국악단, 토요국악",한국음악(국악),대전시립연정국악원 작은마당,2024-03-09,2024-11-23,,,,mismatch,none,0,False,False,-2,delete_candidate,날짜 불일치(다른 회차 가능성)
YlalguBXOdM,"4, 해금협주곡 Verses",,UC38DcU1kNgKRk7l2sEaqq4w,전북도립국악원 국악똑똑 TV,2020-05-20T06:55:27Z,970,16.17,False,2635,60,,https://www.youtube.com/watch?v=YlalguBXOdM,2190,231,PF234671,"대전시립연정국악단, 토요국악",한국음악(국악),대전시립연정국악원 작은마당,2024-03-09,2024-11-23,,,,none,none,0,False,False,0,no_strong_signal,신호 없음
AXzx0X5W9mk,대전_사물놀이_마당,"짧은 수업 영상입니다

#사물놀이 #장구 #samulnori",UCXbkQope-KIv_h4-g7U-c2g,최찬균 꽹과리 탐구생활,2021-11-13T07:23:40Z,68,1.13,False,525,12,2,https://www.youtube.com/watch?v=AXzx0X5W9mk,2230,465,PF234671,"대전시립연정국악단, 토요국악",한국음악(국악),대전시립연정국악원 작은마당,2024-03-09,2024-11-23,,,,none,none,0,False,False,0,no_strong_signal,신호 없음
oN_ogwXlXYw,강성현 콘서트 '비상',"노래도 잘하고 춤도 잘추는 타악연주자 강성현의 두번째 콘서트 입니다.

그가 소속되어 있는 '이상'의 음악과 함께

전통창작의 작품으로 보여진 공연작품입니다.",UCKPfLg5TCVlWN0sDKwC62gw,studio SNJ,2020-04-28T15:57:53Z,30,0.5,True,87,1,0,https://www.youtube.com/watch?v=oN_ogwXlXYw,83,35,PF234671,"대전시립연정국악단, 토요국악",한국음악(국악),대전시립연정국악원 작은마당,2024-03-09,2024-11-23,,,,none,none,0,False,False,0,no_strong_signal,신호 없음
_aizFVoX1ak,진도북춤 안무:박병천,"진도북춤 안무:박병천
일시 :
행사 : 1998서울시립무용단 정기공연
장소 : 세종문화회관 대강당



동영상이 마음에 드셨나요? 구독과 좋아요 부탁드려요

이 사이트가 유지되도록 매월 만원의 후원을 부탁드립니다.
국민은행 016-21-1401-657 천승요",UCzHgc67tKXitJKrH86aZk3w,ArtsKoreaTV,2022-12-23T02:30:13Z,412,6.87,False,164,4,1,https://www.youtube.com/watch?v=_aizFVoX1ak,22500,12050,PF234671,"대전시립연정국악단, 토요국악",한국음악(국악),대전시립연정국악원 작은마당,2024-03-09,2024-11-23,,,,none,none,0,False,False,0,no_strong_signal,신호 없음
Ra0lByPr5AA,"국립국악원, 역대 최대 규모 종묘제례악 선보여 / YTN","국립국악원은 송년 공연으로 국가무형문화재 1호이자 유네스코 무형문화유산으로 등재된 종묘제례악을 선보인다고 밝혔습니다.

종묘제례악은 조선 역대 왕들의 신위를 모신 종묘에서 제례를 올릴 때 연주하는 의식 음악으로 음악 연주와 함께 추는 무용인 일무와 노래가 어우러진 공연입니다.

오늘 오후 3시 국립국악원 예악당에서 공연되는 이번 무대는 등가와 헌가로 구분했던 기존의 연주 편성을 단일 연주 편성으로 구성했으며 국립국악원 정악단 연주자 60명 전원이 참여하는 역대 최대 규모로 펼쳐집니다.

국립국악원은 우리의 전통 음악으로 한 해를 마무리하고 새해의 희망을 기원하고 염원하는 의미를 담아 이번 종묘제례악 공연을 기획했다고 설명했습니다.

홍상희 [san@ytn.co.kr]

▶ 기사 원문 : https://www.ytn.co.kr/_ln/0106_201912250002248611
▶ 제보 안내 : http://goo.gl/gEvsAL, 모바일앱, social@ytn.co.kr, #2424

▣ YTN 유튜브 채널 구독 : http://goo.gl/Ytb5SZ

더 나은 뉴스 콘텐츠 제공을 위한 일환으로 영상 미리보기 이미지(썸네일) 개선을 위한 설문을 진행합니다.

여러분의 소중한 의견을 들려주세요. 감사합니다.

※ 썸네일 설문 참여하기
https://feedback.ytn.co.kr/?v=201912250002248611

ⓒ YTN & YTN PLUS 무단 전재 및 재배포금지",UChlgI3UHCOnwUGzWzbJ3H5w, YTN,2019-12-24T15:27:02Z,10,0.17,True,1133,8,1,https://www.youtube.com/watch?v=Ra0lByPr5AA,5370000,967689,PF234671,"대전시립연정국악단, 토요국악",한국음악(국악),대전시립연정국악원 작은마당,2024-03-09,2024-11-23,,,,none,none,0,False,False,0,no_strong_signal,신호 없음
R51Tj7CZqk0,"[대전시립연정국악원 국악연주단] 설장구 협주곡 '소나기' (작곡 이경섭/ 타악 채의병, 김두수, 고복기)","⦁공연명: 제173회 정기공연 태평성대를 기원하는 ‘신년음악회’
⦁공연일시: 2020년 1월 17일(금) 19시30분
⦁공연장소: 대전시립연정국악원 큰마당
⦁출연진 
 -예술감독 및 지휘: 이용탁
 -연주: 대전시립연정국악원 국악연주단
 -타악: 채의병, 김두수, 고복기",UCfOgQ8WuHgg-4ezQSJUC24A,대전시립연정국악단,2020-01-31T04:15:32Z,1039,17.32,False,2046,14,1,https://www.youtube.com/watch?v=R51Tj7CZqk0,1380,211,PF234671,"대전시립연정국악단, 토요국악",한국음악(국악),대전시립연정국악원 작은마당,2024-03-09,2024-11-23,,,,none,match,0,False,False,2,no_strong_signal,장소 일치
Mr96dT0_9Ts,대전시립연정국악원 홍보영상(2015.6.17),국악의 현대화 ․ 대중화 ․ 세계화를 목표로 중부권 최대규모의 국악산실로  2015.6.17일 새롭게  문을 여는 대전시립연정국악원 홍보영상입니다.,UC1clHRGoqTt-dzier8syZZg,대흥동,2015-06-16T03:57:03Z,251,4.18,False,2144,4,0,https://www.youtube.com/watch?v=Mr96dT0_9Ts,2,5,PF234671,"대전시립연정국악단, 토요국악",한국음악(국악),대전시립연정국악원 작은마당,2024-03-09,2024-11-23,,,,mismatch,match,0,False,False,0,no_strong_signal,날짜 불일치(다른 회차 가능성); 장소 일치
0tT54jiwdkM,파미르고원의수상곡(소금 문형희/지휘 이용탁/대전시립연정국악연주단),"2019.01.11 / 167회 정기공연 2019신년음악회
대전시립연정국악원 큰마당

지휘 이용탁
소금 문형희
연주 대전시립연정국악연주단",UC12N-OxJw7RjYiyJx6zZoeQ,dak dduk,2020-01-24T12:45:08Z,647,10.78,False,2716,21,0,https://www.youtube.com/watch?v=0tT54jiwdkM,21,2,PF234671,"대전시립연정국악단, 토요국악",한국음악(국악),대전시립연정국악원 작은마당,2024-03-09,2024-11-23,,,,mismatch,match,0,False,False,0,no_strong_signal,날짜 불일치(다른 회차 가능성); 장소 일치
U5hyEYe4dUg,"[대전시립연정국악원 국악연주단] 피리, 대금, 해금을 위한 대풍류협주곡 ‘신 대풍류’ *위촉초연 (작⋅편곡 최지혜/ 협연 피리 이종대, 대금 김방현, 해금 홍옥미)","⦁공연명: 제171회 정기공연 ‘한가위 명인명품 콘서트’
⦁공연일시: 2019년 9월 6일(금) 19시30분
⦁공연장소: 대전시립연정국악원 큰마당
⦁출연진 
 -예술감독 및 지휘: 이용탁
 -작⋅편곡: 최지혜
 -연주: 대전시립연정국악원 국악연주단
 -협연: 피리 이종대, 대금 김방현, 해금 홍옥미",UCfOgQ8WuHgg-4ezQSJUC24A,대전시립연정국악단,2020-04-16T02:02:29Z,1063,17.72,False,2322,33,0,https://www.youtube.com/watch?v=U5hyEYe4dUg,1380,211,PF234671,"대전시립연정국악단, 토요국악",한국음악(국악),대전시립연정국악원 작은마당,2024-03-09,2024-11-23,,,,none,match,0,False,False,2,no_strong_signal,장소 일치
YeoN6Xm76rw,"2015,7,11 대전시립연정국악원 대전충청 명인명무전",2015년 7월11일 대전시립연정국악원 개원 기념공연 대전ᆞ충청 명인명무전 진쇠예술단 이윤구님 김복만님 김경수님 길기옥님 박은하님 신명난 우리가락 흥 멋 한 신명 웅장하고 환상적 최고입니다.,UCiEW-pA-Rvk5O15QZ3ELPXg,붉은장미,2019-12-24T10:59:14Z,181,3.02,False,318,5,3,https://www.youtube.com/watch?v=YeoN6Xm76rw,40,7,PF234671,"대전시립연정국악단, 토요국악",한국음악(국악),대전시립연정국악원 작은마당,2024-03-09,2024-11-23,,,,none,match,0,False,False,2,no_strong_signal,장소 일치
FtWxs_pGq7w,한류정보클립 대전시립연정국악원 개관,,UCaBwNyKKjDaYIzS8dhyaXBA,국악방송 TV (Gugak Broadcasting System: TV),2016-01-04T08:35:53Z,100,1.67,False,65,0,0,https://www.youtube.com/watch?v=FtWxs_pGq7w,96900,6764,PF234671,"대전시립연정국악단, 토요국악",한국음악(국악),대전시립연정국악원 작은마당,2024-03-09,2024-11-23,,,,none,none,0,False,False,0,no_strong_signal,신호 없음
4gL1LVqLHuk,[대전시립연정국악단] COMING SOON! 보문산 숲속의 열린음악회,"잠 못 이루는 무더운 여름밤,
숲속에서 펼쳐지는 시원시원한 국악관현악 무대가 시작됩니다!

8. 18.(금) ~ 8. 20.(일) 단 3일간
자연을 풍경삼아 펼쳐지는 아름다운 순간들,

(첫째 날)
대전시립교향악단 / 8. 18.(금) 오후 8시
   - GUEST : 박기영, VOS, 대니구

(둘째 날)
대전시민교향악단 / 8. 19.(토) 오후 7시
  - GUEST : 김의영, 김호영

★셋째 날★
대전시립연정국악단 / 8. 20.(일) 오후 7시
  - GUEST : 송소희, 고현주


음악의 감동과 함께 모든 스트레스를 날려버릴 흥겨운 축제의 장!
보문산 숲속의 열린음악회 절대 놓치지 마세요~!

*본 공연은 전석 무료로, 선착순 입장입니다.*
수용인원에 따라 안전을 위해 입장이 제한될 수 있습니다.",UCfOgQ8WuHgg-4ezQSJUC24A,대전시립연정국악단,2023-08-04T00:56:37Z,89,1.48,False,681,13,1,https://www.youtube.com/watch?v=4gL1LVqLHuk,1380,211,PF234671,"대전시립연정국악단, 토요국악",한국음악(국악),대전시립연정국악원 작은마당,2024-03-09,2024-11-23,,,,none,none,0,False,False,0,no_strong_signal,신호 없음
VeG22bPrrks,연정국악원,캐나다 캘거리,UCQ5kXxL3MwCk5It7g9UiO7w,CN드림 ,2013-05-04T15:13:22Z,46,0.77,True,598,0,0,https://www.youtube.com/watch?v=VeG22bPrrks,923,678,PF234671,"대전시립연정국악단, 토요국악",한국음악(국악),대전시립연정국악원 작은마당,2024-03-09,2024-11-23,,,,none,none,0,False,False,0,no_strong_signal,신호 없음
lre4ITfEY1U,[대전시립연정국악원] 2017 보문산 숲속의 열린음악회 (17.08.27) 투우사의 노래 by 고성현 - 편곡 : 이정훈,"대전시립연정국악원
지휘 : 공우영
편곡 : 이정훈",UCPKt9CtpEwgTeBqb_Dkmg1g,jeonghun Lee,2017-09-13T02:01:25Z,230,3.83,False,106,2,0,https://www.youtube.com/watch?v=lre4ITfEY1U,3,16,PF234671,"대전시립연정국악단, 토요국악",한국음악(국악),대전시립연정국악원 작은마당,2024-03-09,2024-11-23,,,,none,match,0,False,False,2,no_strong_signal,장소 일치
8XVO7LcmyaM,연정국악원 공연,캐나다 캘거리,UCQ5kXxL3MwCk5It7g9UiO7w,CN드림 ,2013-05-02T23:53:43Z,110,1.83,False,309,0,0,https://www.youtube.com/watch?v=8XVO7LcmyaM,923,678,PF234671,"대전시립연정국악단, 토요국악",한국음악(국악),대전시립연정국악원 작은마당,2024-03-09,2024-11-23,,,,none,none,0,False,False,0,no_strong_signal,신호 없음
P9pRpIDnuEo,연정국악원 공연,캐나다 캘거리,UCQ5kXxL3MwCk5It7g9UiO7w,CN드림 ,2013-05-03T00:27:17Z,60,1.0,True,194,0,0,https://www.youtube.com/watch?v=P9pRpIDnuEo,923,678,PF234671,"대전시립연정국악단, 토요국악",한국음악(국악),대전시립연정국악원 작은마당,2024-03-09,2024-11-23,,,,none,none,0,False,False,0,no_strong_signal,신호 없음
AODdPi3s4PM,대전연정국악원 국악강습 홍보 영상,대전시립연정국악원 국악강습 홍보 동영상입니다.,UCfBgMUhDJaOAC6rS339Cq-w,대전시립연정국악원,2020-10-22T00:41:14Z,191,3.18,False,676,12,3,https://www.youtube.com/watch?v=AODdPi3s4PM,377,18,PF234671,"대전시립연정국악단, 토요국악",한국음악(국악),대전시립연정국악원 작은마당,2024-03-09,2024-11-23,,,,none,match,0,False,False,2,no_strong_signal,장소 일치
q9SnaKAkPlM,[예고편] 격조 높은 조선왕조 의식음악의 결정체 '종묘제례악',"매년 5월 종묘에서 열리는 종묘대제를 대전에서도 만나볼 수 있는 기회!
역사와 전통의 멋이 살아있는 소중한 문화유산이 대전에서 펼쳐집니다.

제례악의 기존 음악 편성을 유지하여 장중한 울림과 곡조의 우아함을 선보입니다.
전통의 감동을 재연하는 대규모 제례악 프로젝트!
온 가족, 친구, 연인과 함께 소중한 추억 나누시기 바랍니다. 

✦대전시립연정국악원 국악연주단 기획공연✦
 ·공연명: ""종묘제례악"" 땅의 소리, 하늘에 퍼지다
 ·일시:  2020년 11월 27일(금) 오후7시30분 
 ·장소: 대전시립연정국악원 큰마당
 ·연출: 김홍승",UCfOgQ8WuHgg-4ezQSJUC24A,대전시립연정국악단,2020-11-24T01:08:11Z,31,0.52,True,322,8,0,https://www.youtube.com/watch?v=q9SnaKAkPlM,1380,211,PF234671,"대전시립연정국악단, 토요국악",한국음악(국악),대전시립연정국악원 작은마당,2024-03-09,2024-11-23,,,,none,match,0,False,False,2,no_strong_signal,장소 일치
J5ug75bWrZ0,원주시립교향악단 라이브,아름다운 선율,UCCWibzC8LK0jADf-3kYnXBA,하나위,2024-02-07T02:32:18Z,16,0.27,True,712,6,0,https://www.youtube.com/watch?v=J5ug75bWrZ0,1040,207,PF285118,"예술의전당 교향악축제, 원주시립교향악단 (04.16)",서양음악(클래식),예술의전당 [서울] 콘서트홀,2026-04-16,2026-04-16,,,,none,none,0,False,False,0,no_strong_signal,신호 없음
KdZK4Q2cgWQ,2023 꿈의 오케스트라 원주 [FAMILY PARK CONCERT] - 우리들의 이야기(오프닝 영상),2023.08.04.,UCZX7TighfXnQ3HPpUKm2MGA,원주문화재단,2023-08-22T06:00:04Z,520,8.67,False,303,,0,https://www.youtube.com/watch?v=KdZK4Q2cgWQ,2350,257,PF285118,"예술의전당 교향악축제, 원주시립교향악단 (04.16)",서양음악(클래식),예술의전당 [서울] 콘서트홀,2026-04-16,2026-04-16,,,,mismatch,none,0,False,False,-2,delete_candidate,날짜 불일치(다른 회차 가능성)
P_dqZ8dAD3w,제24회 원주삼육초등학교 글로리 오케스트라 정기연주회,,UC3OPPZpfqzsJSIvURAYvb1w,36es wonju,2022-12-19T01:14:54Z,4708,78.47,False,3411,39,0,https://www.youtube.com/watch?v=P_dqZ8dAD3w,496,14,PF285118,"예술의전당 교향악축제, 원주시립교향악단 (04.16)",서양음악(클래식),예술의전당 [서울] 콘서트홀,2026-04-16,2026-04-16,,,,none,none,0,False,False,0,no_strong_signal,신호 없음
ibM4D8vy7Fk,"청풍명월의 고장을 가다 – 1부 제천 옥순봉, 가은산 [영상앨범 산] KBS 230528 방송","청풍명월의 고장으로 꼽히는 충청북도 제천시
맑은 바람과 물, 푸른 산이 어우러진 이 지역의 비경으로 꼽히는
옥순봉과 가은산은 월악산 국립공원의 일부이자 
시, 군을 대표하는 자연 명소다

특히 가은산은 앞뒤로 월악산과 소백산이 버티고 있어서 
비교적 잘 알려지지는 않았지만
빼어난 암릉미와 수려한 산세를 자랑하는 명산이기도 하다
마르지 않는 맑은 물살 따라 끝없는 이야기가 흐르고 
그 모두를 감싸 안은 넉넉한 자연이 숨 쉬는 곳으로 
자연과 함께 노래하는 성악가 장은 씨가 향한다

#영상앨범산 #등산 #제천 #옥순봉 #가은산 #월악산국립공원 #자연",UCHlSeJxRIXZWMARC2oMwmcQ,KBS 교양,2023-05-29T10:15:02Z,1446,24.1,False,19089,188,10,https://www.youtube.com/watch?v=ibM4D8vy7Fk,1820000,79252,PF266730,꽃의 비밀 [제천],연극,제천예술의전당 대공연장,2025-07-04,2025-07-05,,,,none,none,0,False,False,0,no_strong_signal,신호 없음
9yhY40G1GpA,[길따라 in제천] 가을에 가면 더 좋은 제천 여행 베스트 10,"00:00 인트로
00:04 옥순봉 출렁다리
00:24 옥순봉 전망대
01:06 금수산 용담폭포
01:38 박달재
01:56 목굴암
02:10 의림지
03:08 삼한의 초록길_에코브릿지
03:32 제천 모산 비행장
04:15 자양영당
05:02 제천한방엑스포",UCwg6BI5dCenLedRJ9Hmz25Q,맛따라길따라,2022-09-29T07:16:44Z,334,5.57,False,5782,38,5,https://www.youtube.com/watch?v=9yhY40G1GpA,655,229,PF266730,꽃의 비밀 [제천],연극,제천예술의전당 대공연장,2025-07-04,2025-07-05,,,,none,none,0,False,False,0,no_strong_signal,신호 없음
AzTS4liW52Q,봄에 가봐야할 제천여행지 추천 / 의림지/청풍문화재단지/옥순봉출렁다리/무암사/금월봉,"이 봄에 가봐야할 봄맞이 여행지 제천의 아름다운곳을 추천합니다.

청풍면 벚꽃길,케이블카.청풍문화재단지,무암사.금월봉,의림지.세명대학교 벚꽃길

제천은 평균기온이 낮아서 조금 늦게 개화가 되는 지역입니다
이번주중과 주말에도 벚꽃을 감상하실 수 있습니다


이 영상은 대부분 2022년4월10일 촬영분입니다
무암사는 2021년 5월9일 
옥순봉 출렁다리는 2021년 12월4일에 촬영되었습니다
 
교통편과 여행팁은 보충해서 게시하겠습니다





배경음악
🎵Music provided by 브금대통령
🎵Track : 꽃비 - https://youtu.be/ImpXBaOWvUY",UCDoVMbU3B1uW_a2KeLWE_ww,놀부세상,2022-04-13T21:24:33Z,618,10.3,False,11433,202,44,https://www.youtube.com/watch?v=AzTS4liW52Q,58000,593,PF266730,꽃의 비밀 [제천],연극,제천예술의전당 대공연장,2025-07-04,2025-07-05,,,,none,none,0,False,False,0,no_strong_signal,신호 없음
FS4ce8_MP9w,드럼 잘 치고 싶으면 이거 꼭 하세요!,"드럼필인 잘 하고 싶다면 이 연습 반드시 해야 합니다!(박자연습, 손연습 패턴)
일산드럼학원 저스트드럼 드럼레슨(Drum Lesson)

레슨영상
쇼츠 편집본 입니다

그럼 이번 레슨영상도 재미있게 보시고
오늘도 즐거운 하루 되세요 ^^

거리나 시간상의 제약으로 
대면 레슨을 받기 어려우신 분들은
온라인으로도 드럼레슨이 가능합니다!!

저스트드럼 온라인 드럼레슨은
아래 링크를 참고해주세요
https://blog.naver.com/oneclickjum

드럼레슨 문의는

031)975-7479

로 연락주세요

저스트드럼 멤버십에 가입하시면
다양한 드럼레슨과
드럼악보, 드럼레슨 자료를
받아보실 수 있습니다
https://www.youtube.com/channel/UCACDyE3qzd7T4twCSsqSbaQ/join


#드럼레슨 #일산드럼학원 #드럼리듬 #드럼박자 #드럼필인",UCACDyE3qzd7T4twCSsqSbaQ,저스트드럼,2024-11-05T08:58:36Z,9,0.15,True,323501,1236,23,https://www.youtube.com/watch?v=FS4ce8_MP9w,122000,986,PF266730,꽃의 비밀 [제천],연극,제천예술의전당 대공연장,2025-07-04,2025-07-05,,,,none,none,0,False,False,0,no_strong_signal,신호 없음
xrhBUm8oiYA,인형뽑기 이건 사기 아닙니까? 😭 #shorts,"✨틱톡: kellyfornia_99
✨인스타: kellyfornia_c",UCmjjgsm51PYMPf5REDylbSA,김켈리 Kellyfornia,2022-12-11T08:58:34Z,42,0.7,True,663594,12708,149,https://www.youtube.com/watch?v=xrhBUm8oiYA,1290000,4853,PF266730,꽃의 비밀 [제천],연극,제천예술의전당 대공연장,2025-07-04,2025-07-05,,,,none,none,0,False,False,0,no_strong_signal,신호 없음
19lYPVs4pTw,여긴 볼 때마다 무섭네....ㄷㄷㄷ #shorts,"🎁윤시원 & 팬하 굿즈몰 (고스트 유)
 https://smartstore.naver.com/ghostco/best?cp=1

🎁윤시원 투네이션 후원  
https://toon.at/donate/636672083983005829

🔎인스타그램 팔로우 : yoonsiwon_
https://www.instagram.com/yoonsiwon_

🔎 네이버 윤시원 공식카페 👉 https://cafe.naver.com/1210ent

💟 멤버쉽 회원 가입 링크💟 
https://www.youtube.com/channel/UCBXWqgmDszukzW-Tbd-Ur_w/join 

대한민국 NO.1 공포+코믹 방송 👊👻

🎧 윤시원과 시청자가 함께하는 ""너만 아는 미스터리한 이야기""
🔎디스코드 제보채널 - https://discord.gg/nampil
🔎나만의 사연 신청하기 구글 -  https://forms.gle/qnrxLadW4XKDrrwm8
🔎네이버 카페 : 윤시원 너아미 게시판 - https://cafe.naver.com/1210ent

📷 흉가에 남겨진 진실을 파악하는 ""고스트헌터 시리즈""
📱 실시간 영상통화로 집안의 귀신 문제 진단+가정방문+솔루션 ""당신의 집에 귀신이산다""
🏃 궁금한 장소는 어디라도 가준다 ""너가 가라 미스터리한 장소""

* 흉가 및 괴담 제보
🔎 카카오플러스 친구 : 고스트헌터 윤시원 http://pf.kakao.com/_lsMcj
     이메일 : midnightingg@gmail.com

💖 구독+좋아요+알림설정

저는 대한민국에서 고스트헌터 팀을 육성하고 있습니다.

대한민국 최고의 고스트헌터 팀 [ 팬텀하츠 ] 입니다.
유튜브 팬텀하츠 채널 - https://www.youtube.com/@팬텀하츠

으로 전문적으로 공포컨텐츠 제작 및 고스트헌팅을 진행하고 있습니다.

광고 및 협찬 , 컨텐츠 제보등은 [ 협찬 , 광고 , 제보 ]등을
꼭 제목으로 적어서  
midnightingg@gmail.com 보내주세요.

모든 영상에 대한 저작권은 12시 10분 엔터테이먼트에 있습니다. 
무단으로 영상 사용 및 컨텐츠에 대한 도용은 불허합니다.

◇
◆
◇

Hello! This is ghost hunter Yun Si Won.

I explore haunted houses, abandoned places and creepy locations all around Korea with advanced ghost hunting equiments(EMF meter, EVP recorder, ghostbox etc.).

My purpose is to show videos that are not fake or fabricated so that everyone can enjoy exploring haunted places just as much as we do!


국내 휴대용라이트 No.1 몬스터라이트 
스토어 링크 - https://monsterlight.co.kr/?NaPm=ct%3Dlue5rgtq%7Cci%3Dcheckout%7Ctr%3Dds%7Ctrx%3Dnull%7Chk%3D1329057ea114d2f4c3041e0fe88590c9fd84d6a0

#흉가 #귀신 #공포",UCBXWqgmDszukzW-Tbd-Ur_w,윤시원,2023-07-21T05:00:00Z,43,0.72,True,1186938,27421,512,https://www.youtube.com/watch?v=19lYPVs4pTw,899000,3809,PF266730,꽃의 비밀 [제천],연극,제천예술의전당 대공연장,2025-07-04,2025-07-05,,,,none,none,0,False,False,0,no_strong_signal,신호 없음
OGlXmQ8-Fb8,라스 경력직 허경환의 자리 배치 분석 #tvpp #shorts #라디오스타,#TVPP #허경환,UC1cWTErb7vw_UmmuB0dYgsQ,TV-People,2023-06-16T01:57:24Z,60,1.0,True,2991575,37736,524,https://www.youtube.com/watch?v=OGlXmQ8-Fb8,4230000,27435,PF266730,꽃의 비밀 [제천],연극,제천예술의전당 대공연장,2025-07-04,2025-07-05,,,,none,none,0,False,False,0,no_strong_signal,신호 없음
8eGJtp9qQbM,"""빨대 빨았잖아!!!"" 허경환이 푸는 전설의 빨대 사건ㅋㅋ #shorts #미운우리새끼 #MyLittleOldBoy | SBSNOW","SBS  '미운 우리 새끼' 
☞ [일] 밤 9시 5분

#미운우리새끼 #미우새 #허경환 #탁재훈 #김종국 #최진혁 #김희철

▶ Subscribe NOW! SBS NOW!  https://bit.ly/2YRf9Kn
▶ Homepage :  http://programs.sbs.co.kr/enter/woori
▶ Facebook :  https://www.facebook.com/sbsnow/
▶ Instagram : https://www.instagram.com/sbsnow_insta/

Copyright Ⓒ SBS. All rights reserved. 무단 전재, 재배포 및 AI학습 이용 금지",UCcOYEm78CpaZQvPE6LtoSeA,SBS ,2023-10-23T01:27:05Z,60,1.0,True,1832380,12101,330,https://www.youtube.com/watch?v=8eGJtp9qQbM,5850000,36541,PF266730,꽃의 비밀 [제천],연극,제천예술의전당 대공연장,2025-07-04,2025-07-05,,,,none,none,0,False,False,0,no_strong_signal,신호 없음
7o87HuNRGb0,충격)요즘 유행이라는 집게 인형뽑기의 비밀!!,#shorts #꿀팁 #정보,UCaqWE6BOjmbW5ckurFlTG-w,꿀플,2024-12-29T04:00:03Z,31,0.52,True,1014129,13193,368,https://www.youtube.com/watch?v=7o87HuNRGb0,141000,1070,PF266730,꽃의 비밀 [제천],연극,제천예술의전당 대공연장,2025-07-04,2025-07-05,,,,none,none,0,False,False,0,no_strong_signal,신호 없음
3mR5cWHhT7s,뽑기방에 공짜는 없다!!claw machine game #shorts #인형뽑기 #해루질 #짱오락실 #집게를찾는사람들,,UCtzDH52OLOMJCO5kmmXZUdg,집게를찾는사람들,2024-12-16T09:00:04Z,16,0.27,True,1622656,15397,141,https://www.youtube.com/watch?v=3mR5cWHhT7s,19600,791,PF266730,꽃의 비밀 [제천],연극,제천예술의전당 대공연장,2025-07-04,2025-07-05,,,,none,none,0,False,False,0,no_strong_signal,신호 없음
0IU-uDNe1no,특이한 포토존을 찾고 계신다면 바로 이곳! #shorts,,UCRwwxNskr_EKX-tIeX6LeeA,KKongcast Music,2021-05-09T14:31:11Z,6,0.1,True,88,4,0,https://www.youtube.com/watch?v=0IU-uDNe1no,190,119,PF266730,꽃의 비밀 [제천],연극,제천예술의전당 대공연장,2025-07-04,2025-07-05,,,,none,none,0,False,False,0,no_strong_signal,신호 없음
bp-g1IkbGtQ,치질 변실금 대장항문질환 치료 시기를 놓치게 되면?!  #치질증세 #치질병원 #항문외과 #치질증상 #변실금,"치질이라고 해서 무조건 수술하는 것이 아니라, 보존 치료 등 적절한 치료 방법을 통해 관리를 할 수 있는데, 시기를 놓치게 되면 중요한 병을 놓칠 수도 있고 증상이 악화되어 힘들어 질 수 있습니다. 부끄럽게 생각하지 말고, 빠르게 병원을 방문하여 본인의 상태를 해결할 수 있는지 아는 것이 중요합니다.",UCJOSN-EJQ69A2-7CM5AVm4A,부산제2항운병원,2024-04-05T01:04:10Z,46,0.77,True,2807,25,2,https://www.youtube.com/watch?v=bp-g1IkbGtQ,206,28,PF266730,꽃의 비밀 [제천],연극,제천예술의전당 대공연장,2025-07-04,2025-07-05,,,,none,none,0,False,False,0,no_strong_signal,신호 없음
dTsFdLWlPHo,간월도캠핑장. 역마차팬션,"간월도캠핑장, 역마차팬션",UCUfPvHxtnEg7hWeDdqqwfUw,이광길,2023-04-29T05:57:12Z,30,0.5,True,463,3,0,https://www.youtube.com/watch?v=dTsFdLWlPHo,60,44,PF266730,꽃의 비밀 [제천],연극,제천예술의전당 대공연장,2025-07-04,2025-07-05,,,,none,none,0,False,False,0,no_strong_signal,신호 없음
3qZeDh4pwJE,이거 진짜 신기하네요(여의봉?) ^^,,UC1jKkE7_-H6_R3PNOSbuCdQ,굿아템,2023-05-07T07:51:02Z,9,0.15,True,556,4,0,https://www.youtube.com/watch?v=3qZeDh4pwJE,418,209,PF266730,꽃의 비밀 [제천],연극,제천예술의전당 대공연장,2025-07-04,2025-07-05,,,,none,none,0,False,False,0,no_strong_signal,신호 없음
FyOUh_IAO6I,살인사건 현장에서 성관계한 현직 경찰 MBN 220811 방송,"MBN 스토리 추적 M [매주 목요일 밤 10시 20분]
 
#살인사건#현직경찰#형사#성추행#변호사#고백
 
☞MBN NEWS 구독하기 : https://www.youtube.com/channel/UCG9aFJTZ-lMCHAiO1KJsirg?sub_confirmation=1
☞MPLAY 구독하기 : https://www.youtube.com/channel/UC84IlgY5HIzxKBZOt8XM5UA?sub_confirmation=1
☞MBN Entertainment 구독하기 : https://www.youtube.com/channel/UCYyLIlOJyqkAFKlVjzX5img?sub_confirmation=1
☞MBN 공식 홈페이지 : https://www.mbn.co.kr",UCYyLIlOJyqkAFKlVjzX5img,MBN Entertainment,2022-08-11T14:22:12Z,174,2.9,False,6261588,18629,3355,https://www.youtube.com/watch?v=FyOUh_IAO6I,2950000,110275,PF266730,꽃의 비밀 [제천],연극,제천예술의전당 대공연장,2025-07-04,2025-07-05,,,,none,none,0,False,False,0,no_strong_signal,신호 없음
-U-kd89Fze0,죽어도 먹고가야할 제천맛집 삼성식당 정말 죽이는 맛에 놀라자빠집니다,"먹어도 먹어도 맛있는 제천맛집 삼성식당
역시 할머니 손맛이 최고입니다
반찬만12가지",UCQkiS385fv-5XYv1vMnAKJA,몬스터 비밀창고,2019-08-28T11:23:34Z,1220,20.33,False,6583,27,6,https://www.youtube.com/watch?v=-U-kd89Fze0,40000,1259,PF266730,꽃의 비밀 [제천],연극,제천예술의전당 대공연장,2025-07-04,2025-07-05,,,,none,none,0,False,False,0,no_strong_signal,신호 없음
TQRqfFY-Rg8,다육이 포장 달인이 알려주는 다육이 잘 키우는 방법★ #생활의달인 #LittleBigMastersReview #SBSstory,"생활의 달인에서는 다육이 포장 달인이 다육이를 관리하는 방법을 소개한다. 

SBS 월요일 교양 ‘생활의 달인’
☞오후 9시 본방송

#생활의달인 #다육이 #다육이포장

▶ Homepage : https://www.sbs.co.kr/tv/culture
▶ Subscribe SBS Story : https://bit.ly/2Othu8e 

Copyright ⓒ SBS. All rights reserved.
무단 전재, 재배포 및 AI학습 이용 금지

*프로그램 다시 보기

✔ SBS홈페이지:
https://programs.sbs.co.kr/tv/youtube?co=youtube&type=tv&content_id=E467951903&yt_channel=SBSCulture
✔ WAVVE:
https://www.wavve.com/player/vod?contentid=S01_E467951903.1&utm_campaign=2023_SBS&utm_source=youtube&utm_medium=movcon&utm_contents=SBSCulture",UCYZv9v_bwfMGc64gLRe34OA,SBS STORY,2023-10-30T13:02:59Z,174,2.9,False,166469,742,44,https://www.youtube.com/watch?v=TQRqfFY-Rg8,1880000,93558,PF266730,꽃의 비밀 [제천],연극,제천예술의전당 대공연장,2025-07-04,2025-07-05,,,,none,none,0,False,False,0,no_strong_signal,신호 없음
V1z303IweZc,염소가 악마의 동물이 된 숨겨진 이유,"#shorts 
염소가 악마의 동물이 된 숨겨진 이유",UCJswSyP8FrKFAukRPbJ950A,짧지식,2023-03-23T10:00:17Z,33,0.55,True,3743661,68034,1699,https://www.youtube.com/watch?v=V1z303IweZc,996000,648,PF266730,꽃의 비밀 [제천],연극,제천예술의전당 대공연장,2025-07-04,2025-07-05,,,,none,none,0,False,False,0,no_strong_signal,신호 없음
cNHA4I7uRcs,뽑고수만 아는 끌당 기술 1급 비밀 #인형뽑기 #인형뽑기꿀팁 #뽑기 #뽑기꿀팁 #그로밋,,UCK0DM5NC8w6_yUQ5w0lyr0g,뽑기스타,2025-03-15T11:46:08Z,38,0.63,True,396467,,44,https://www.youtube.com/watch?v=cNHA4I7uRcs,520,29,PF266730,꽃의 비밀 [제천],연극,제천예술의전당 대공연장,2025-07-04,2025-07-05,,,,none,none,0,False,False,0,no_strong_signal,신호 없음
6vD_cPwSMH0,[한국인의 밥상] 어린 시절 섬에서 부모님과 쌓은 추억으로 차려낸 한 상 '그리움을 꺼내 밥을 짓다!' (KBS 20230302 방송),"한국인의 밥상 (목요일 저녁 7시 40분 KBS1) 
""그리움을 꺼내 밥을 짓다!” (2023년 3월 2일 방송) 

■ 등대를 지키던 아버지를 그리다!– 전라남도 신안군 
섬 사이로 펼쳐진 너른 갯벌이 넉넉한 양식을 내어주는 신안군 압해도. 그곳에 사는 서미숙, 강민구 모자에게 특별한 손님이 찾아왔다. 주인공은 사람이 아닌 오래된 흑백 TV. 등대관리원이던 미숙 씨의 아버지가 남도의 섬들을 돌아다니며 근무하던 시절, 그의 곁을 지켜준 애장품이었다. 아버지의 유품이 고장 난 채로 방치되어 있는 것이 마음에 걸리던 차에 속 깊은 아들 민구 씨가 수리를 맡긴 것이다. 아버지의 유일한 친구였던 흑백 TV를 다시 보게 되니, 가족과 떨어져 외딴섬에서 하루하루를 보냈을 아버지가 떠올라 가슴이 뭉클하다는 미숙 씨. 아버지의 입맛을 되짚어보며 추억이 담긴 음식을 장만해보기로 했다.
아버지가 근무하던 섬들은 지천이 먹거리인 보물창고였다. 특히 갯바위에서 막 채취해 끓인 물김국의 맛을 잊을 수가 없다는 미숙 씨. 햇김 철을 맞아 낙지물김국으로 어머니의 손맛을 따라 해 본다. 온종일 바다를 바라보며 시간을 보내던 미숙 씨의 아버지는 낚시 솜씨도 대단했다는데. 우럭이며 농어를 끝없이 건져 올리던 모습이 아직도 눈에 선하단다. 그렇게 잡은 우럭을 말려서 쪄낸 반건조우럭찜은 아버지의 훌륭한 술안주이자 영양 만점인 밥반찬이었다. 어린 시절 섬에서 부모님과 쌓은 추억으로 한 상을 차려내고 나니 아버지와 함께하는 뜨끈한 밥 한 끼가 더욱 간절해진다는 미숙 씨. 바다 건너, 아버지가 마지막으로 근무했던 목포구등대의 불빛을 바라보며 그리움을 달래본다.

#한국인의밥상 #물김국 #반건조우럭찜

※ [한국인의 밥상] 인기 영상 다시보기제천하이라이트] 10주년 특별기획 제2편-수고했어요, 그대 https://youtu.be/uxbWqsjivJ4
[풀버전] 벌교 갯벌의 귀한 선물 짱뚱어와 망둥이  https://youtu.be/sEHtdUEKMZA
[풀버전] 지리산 야생의 진수성찬 https://youtu.be/6kmLajzuFr8
[풀버전] 내사랑 뽈래기 통영 볼락 https://youtu.be/kKuk8I77NUA
[풀버전] 지리산 흑돼지, 마음을 살찌우다 https://youtu.be/-RWQ9J5GZpI
[풀버전] 너를 기다렸다 - 겨울 굴 밥상 https://youtu.be/d9J8eDpJlZs
[풀버전] 삼겹살, 참을 수 없는 즐거움! https://youtu.be/VB6XKo2qgz0 
[풀버전] 한우애(愛) 빠지다! https://youtu.be/u6Js6kXeo8o",UC4LW3sOslC14Vn5bcoNUBkg,KBS 다큐,2023-03-06T09:30:10Z,606,10.1,False,9758,135,8,https://www.youtube.com/watch?v=6vD_cPwSMH0,2770000,47677,PF266730,꽃의 비밀 [제천],연극,제천예술의전당 대공연장,2025-07-04,2025-07-05,,,,none,none,0,False,False,0,no_strong_signal,신호 없음
WSxG5V5ndWg,[한국인의 밥상] 자연의 흐름에 삶을 맡기고 수도하듯 그릇을 빚으며 살아가는 도예가의 밥상 “청산에 살리라 - 자연 속의 예술가들” (KBS 20211111 방송),"한국인의 밥상 (목요일 저녁 7시 40분 KBS1) 
“청산에 살리라 - 자연 속의 예술가들” (2021년 11월 11일 방송) 

꿈을 수놓는 동화책
질박하고 뜨거운 마음으로 빚어내는 그릇
숲 속 평화가 깃든 음악까지
예술과 삶이 공존하는 밥상을 만나다!

▶ 옛 도공의 삶 따라 자연에 기대 살아가는 도예가 부부의 밥상 
부산광역시 기장군 장안읍. 나지막하고 안온한 삼각산과 불광산이 뻗어 내린 자리에는 한 도예가 부부가 산다. 맥이 끊겼던 우리 차 사발과 분청백자를 되살린 도예가 故 신정희 선생의 아들 신경균 씨와 아내 임계화 씨가 그들이다. 열다섯부터 부친 아래서 가마 일을 돕고 그릇을 만들었다는 신경균 작가는 가마도 나무 물레도 옛 방식을 따른다. 오랫동안 집요하게 옛 도공들의 작업과 삶을 추적한 덕분이다. 
 가마 전체에 불을 올리기 전 예열작업인 봉통 때는 날, 불꽃과 씨름하던 경균 씨가 백자 사발에 검은 액체를 따른다. 간장이다. 섭씨 1,300도에 달하는 불꽃 옆에서 땀을 흘리다보면 탈진하기 쉽기에 빠르게 염분을 보충하는 옛 도공들의 방법이란다. 잠시 후엔 아내 임계화 씨가 커다란 쇠간을 내온다. 그런데 그중 작은 부분인 곁간만을 잘라내더니 밀가루를 뿌려 석쇠에 굽는다. 약이란다. 경균 씨의 눈을 검진한 안과의가 놀라며 ‘선생님 각막은 누가 송곳으로 수없이 구멍을 뚫어놓은 것 같습니다’라고 한 뒤로 가마에 불을 땔 때는 눈에 좋다는 곁간을 종종 먹는단다. 
 대부분의 생활이 그릇을 위해 맞춰져 있다는 경균 씨에게 좋은 그릇이 무엇인지 물으면 재밌게도 음식에 빗대어 말한다. 좋은 음식을 만들기 위해서는 좋은 재료로 만든 제철 음식을 먹어야 하듯. 도자기도 마찬가지란다. 그래서 이 부부의 밥상 또한 그 계절에 자연에서 가져온 것들로 채워진다. 가을 나락이 누레지고 참게가 맛있어지면 부친을 추억하며 만드는 참게완자탕. 불을 다루는 도공이기에 능숙하게 불을 이용해 만드는 돼지솔잎찜과 삼치구이. 매해 가을이면 의식을 치루듯 정갈하게 만드는 비자강정과 고종시곶감까지. 자연의 흐름에 삶을 맡기고 수도하듯 그릇을 빚으며 살아가는 도예가의 밥상을 만나본다.

#한국인의밥상 #도예가 #참게완자탕

※ [한국인의 밥상] 인기 영상 다시보기제천하이라이트] 10주년 특별기획 제2편-수고했어요, 그대 https://youtu.be/uxbWqsjivJ4
[풀버전] 벌교 갯벌의 귀한 선물 짱뚱어와 망둥이  https://youtu.be/sEHtdUEKMZA
[풀버전] 지리산 야생의 진수성찬 https://youtu.be/6kmLajzuFr8
[풀버전] 내사랑 뽈래기 통영 볼락 https://youtu.be/kKuk8I77NUA
[풀버전] 지리산 흑돼지, 마음을 살찌우다 https://youtu.be/-RWQ9J5GZpI
[풀버전] 너를 기다렸다 - 겨울 굴 밥상 https://youtu.be/d9J8eDpJlZs
[풀버전] 삼겹살, 참을 수 없는 즐거움! https://youtu.be/VB6XKo2qgz0 
[풀버전] 한우애(愛) 빠지다! https://youtu.be/u6Js6kXeo8o",UC4LW3sOslC14Vn5bcoNUBkg,KBS 다큐,2021-11-15T09:15:13Z,754,12.57,False,10370,133,7,https://www.youtube.com/watch?v=WSxG5V5ndWg,2770000,47677,PF266730,꽃의 비밀 [제천],연극,제천예술의전당 대공연장,2025-07-04,2025-07-05,,,,none,none,0,False,False,0,no_strong_signal,신호 없음
AN0hRfC1ydo,"[한국인의 밥상] 옛 모습, 옛 풍경을 그대로 간직한 🏡괴정고택 밥상 “겨울맞이 - 곳간 문 열리는 날” (KBS. 20211202 방송)","한국인의 밥상 (목요일 저녁 7시 40분 KBS1) 
“겨울맞이 - 곳간 문 열리는 날” (2021년 12월 2일 방송) 

겨우내 겨울을 나는 오랜 지혜, 추수동장 秋收冬藏
곳간 속 켜켜이 쌓인 땀과 정성의 결실! 
풍성한 겨울의 진미가 가득한 한 상을 만나러 가다.

■ 그 옛날 곳간을 기억하시나요? - 진안 괴정고택 밥상 
1903년에 지어진 전북 진안군 주천면 주양리에 있는 괴정고택은 옛 모습, 옛 풍경을 그대로 간직한 고택으로 유명하다. 7개의 독을 묻은 김치 광과 곡식 창고까지, 선조들의 지혜가 돋보이는 구조도 볼거리고, 대를 이어 내려오는 솜씨도 옛 솜씨 그대로다. 다른 종갓집과는 달리 딸 김미옥(70)씨가 종갓집을 지키고 있는 괴정 고택은 1년 중 지금이 가장 바쁜 시기! 멀리 사는 형제들이 오랜만에 모여 겨울나기 준비를 한다. 갈무리의 계절, 곰삭은 맛과 정이 있는 괴정고택으로 가본다. 그곳에는 옛것이지만 오래된 미래가 될 수도 있는 소중한 우리의 자산이 대를 잇고 있다.
 괴정고택에는 대를 이어오는 특별한 김치가 있다. 김미옥(70)씨가 어깨너머로 배운 이 집만의 특별한 비법! 무를 비늘 모양처럼 칼집을 내서 소금에 절인다. 절인 무에 속을 채우면 시원하고 깔끔한 맛이 일품인 비늘무김치가 된다. 궁중에서 즐겼다던 이 김치는 괴정고택에서는 손님 오셨을 때 대접했던 격식 있는 음식이었다. 김미옥(70)씨의 음식을 맛보러 온 형제들도 일손 돕기에 나섰다. 막내동생 두드린 북어를 형제들이 손질해 북어장아찌를 준비한다. 북어장아찌는 북어를 양파즙에 재워 연화 작용을 거친 후 고추장 양념에 버무린다. 겨울바람에 딱딱해진 북어는 상할 염려가 없어 사시사철 든든한 먹을거리! 말린 나물을 물에 불려두었다가 찹쌉 풀을 입힌 후 튀겨서 만드는 말린나물강정에도 겨울날의 추억이 가득하다. 어머니의 세월과 정성을 이어가며 이 댁을 지키는 김미옥(70)씨. 덕분에 괴정고택은 다시금 그 시절 따뜻했던 온기로 가득하다. 지금도 변함없이 옛이야기를 들려줄 것 같은 이 마을에서 곰삭은 맛을 느껴보자. 

#한국인의밥상 #괴정고택 #비늘무김치

※ [한국인의 밥상] 인기 영상 다시보기제천하이라이트] 10주년 특별기획 제2편-수고했어요, 그대 https://youtu.be/uxbWqsjivJ4
[풀버전] 벌교 갯벌의 귀한 선물 짱뚱어와 망둥이  https://youtu.be/sEHtdUEKMZA
[풀버전] 지리산 야생의 진수성찬 https://youtu.be/6kmLajzuFr8
[풀버전] 내사랑 뽈래기 통영 볼락 https://youtu.be/kKuk8I77NUA
[풀버전] 지리산 흑돼지, 마음을 살찌우다 https://youtu.be/-RWQ9J5GZpI
[풀버전] 너를 기다렸다 - 겨울 굴 밥상 https://youtu.be/d9J8eDpJlZs
[풀버전] 삼겹살, 참을 수 없는 즐거움! https://youtu.be/VB6XKo2qgz0 
[풀버전] 한우애(愛) 빠지다! https://youtu.be/u6Js6kXeo8o",UC4LW3sOslC14Vn5bcoNUBkg,KBS 다큐,2021-12-06T09:00:11Z,573,9.55,False,11116,156,9,https://www.youtube.com/watch?v=AN0hRfC1ydo,2770000,47677,PF266730,꽃의 비밀 [제천],연극,제천예술의전당 대공연장,2025-07-04,2025-07-05,,,,none,none,0,False,False,0,no_strong_signal,신호 없음
OpQkQ6Xm60g,"150719 쓰리썸머나잇 무대인사(손호준,김동욱,임원희) 메가박스 서면",,UC_7C1WTy87_x0RBe7TTp5UQ,mings_,2015-07-19T13:16:47Z,229,3.82,False,1191,17,0,https://www.youtube.com/watch?v=OpQkQ6Xm60g,496,123,PF266730,꽃의 비밀 [제천],연극,제천예술의전당 대공연장,2025-07-04,2025-07-05,,,,none,none,0,False,False,0,no_strong_signal,신호 없음
R2OU9RhN2u8,그리운입석Ⅱ #청년예술인 #좋아서하는극단 #청년예술가 #충북 #충주 #연극 #충주문화회관 #많관부 #제천문화 #충주문화 #제천공연,,UCWvk2jfa85ZTCoxsbCO78SQ,좋아서하는극단,2023-02-25T09:28:21Z,21,0.35,True,1168,24,1,https://www.youtube.com/watch?v=R2OU9RhN2u8,1190,201,PF266730,꽃의 비밀 [제천],연극,제천예술의전당 대공연장,2025-07-04,2025-07-05,,,,none,none,1,False,False,1,no_strong_signal,신호 없음
ndV4vPpIttY,뮤지컬 디셈버 총막공 커튼콜+막공인사 /박건형_20140129,"20140129 디셈버 총막공 커튼콜+막공인사/ 박건형,오소연,박호산,김슬기,김대종,조원희",UCwt8h5HyP4m6XjD522lXr3g,525600 midnights,2014-02-26T14:30:55Z,859,14.32,False,476,4,0,https://www.youtube.com/watch?v=ndV4vPpIttY,4,3,PF266730,꽃의 비밀 [제천],연극,제천예술의전당 대공연장,2025-07-04,2025-07-05,,,,none,none,0,False,False,0,no_strong_signal,신호 없음
J9y8aZyUytk,용띠개띠,,UCn2soGZBdPpppBtPtf6BGaQ,이보영,2020-06-14T10:01:56Z,133,2.22,False,117,3,0,https://www.youtube.com/watch?v=J9y8aZyUytk,9,15,PF266730,꽃의 비밀 [제천],연극,제천예술의전당 대공연장,2025-07-04,2025-07-05,,,,none,none,0,False,False,0,no_strong_signal,신호 없음
-LitYiIo-oY,"엔터식스 7월 추천공연 장진이 만든 코믹 소란극 ""서툰사람들""",엔터식스  서프라이즈 카드 회원은 본 공연을 40% 할인된 가격에 관람하실 수 있습니다.,UCqN7jfwfDuiTW5ze8OOSPCA,엔터식스 ENTER-6,2012-06-29T07:28:34Z,21,0.35,True,317,0,0,https://www.youtube.com/watch?v=-LitYiIo-oY,539,149,PF266730,꽃의 비밀 [제천],연극,제천예술의전당 대공연장,2025-07-04,2025-07-05,,,,none,none,0,False,False,0,no_strong_signal,신호 없음
hds6JCC-zUc,JIBS 제 28회 방송제 꽃미남 - 미남이시네요,설명,UCZCWMSE_UCrghrrQ56iDPRQ,제주제일고등학교방송부,2020-03-02T08:12:08Z,50,0.83,True,291,2,0,https://www.youtube.com/watch?v=hds6JCC-zUc,555,85,PF266730,꽃의 비밀 [제천],연극,제천예술의전당 대공연장,2025-07-04,2025-07-05,,,,none,none,0,False,False,0,no_strong_signal,신호 없음
aG83CrvCfR0,문화플러스 - 극단 새벽 가족코믹극 '좋아요' / 햇빛이 잘드는 이곳 '태도가 형태가 될 때',"2019년 09월 27일 방송

충북오늘은 : 문화플러스
1) 극단 새벽 가족코믹극 '좋아요' 
2) 햇빛이 잘드는 이곳 '태도가 형태가 될 때'",UCNaTUVRdXYsPlZwxic63icw,CJB NEWS,2019-09-27T01:46:17Z,1090,18.17,False,564,6,0,https://www.youtube.com/watch?v=aG83CrvCfR0,74000,39207,PF266730,꽃의 비밀 [제천],연극,제천예술의전당 대공연장,2025-07-04,2025-07-05,,,,none,none,0,False,False,0,no_strong_signal,신호 없음
SZpuOyXQUEE,SF연극 타임택시 홍보영상 (2020),극발전소301의 SF연극 타임택시가 10년만에 돌아왔다!,UCjvUq-fp5GhWGW1ReImjIZg,301 Theater Company,2020-10-12T15:26:00Z,87,1.45,False,125,4,0,https://www.youtube.com/watch?v=SZpuOyXQUEE,92,56,PF266730,꽃의 비밀 [제천],연극,제천예술의전당 대공연장,2025-07-04,2025-07-05,,,,none,none,0,False,False,0,no_strong_signal,신호 없음
kl_GWD0jWgA,"[TheSTAR] 김선아-온주완, 장미꽃 뿌리면서 등장한 '더 파이브' 커플","김선아와 온주완이 4일 오후 부산시 해운대구 중동 비프빌리지에서 열린 제18회 부산국제영화제 'APAN 스타로드' 행사에 참석해 블루카펫을 밟고 있다.

'2013 부산국제영화제'는 초청작 70개국 총 301편이 소개되며 오는 12일까지 부산 남포동, 해운대, 센텀시티 일대 상영관에서 진행된다.",UChDyxL-ofcSqvBAStmAnNgQ,PICKCON / 픽콘,2013-10-04T17:33:34Z,69,1.15,False,1630,12,2,https://www.youtube.com/watch?v=kl_GWD0jWgA,419000,5515,PF266730,꽃의 비밀 [제천],연극,제천예술의전당 대공연장,2025-07-04,2025-07-05,,,,none,none,0,False,False,0,no_strong_signal,신호 없음
7tZstAzHBzU,"2012.,12.25 부활 크리스마스콘서트2-이태권FANCAM","너를 위해 / 구자명
누구나 사랑을 한다 / 이태권 정동하 박완규 구자명",UC1sBxoo4wEkmcYAGDdDzgNQ,tkky806,2012-12-25T17:28:56Z,409,6.82,False,1406,6,0,https://www.youtube.com/watch?v=7tZstAzHBzU,46,39,PF266730,꽃의 비밀 [제천],연극,제천예술의전당 대공연장,2025-07-04,2025-07-05,,,,none,none,0,False,False,0,no_strong_signal,신호 없음
yKzrYKMeGq8,연극“아버지의일기“,"2022년12월4일
5시공연
👏👏 주목!! 👏👏👏

💌 연극 ""아버지의일기""

❣아버지가 생각나는 가슴뜨거워지는 연극 '아버지의일기'많은 관심 부탁드립니다! ❣

#좋아서하는극단 #제천시 #제천가볼만한곳 #아버지 #가족 #연극 #청년 #청년예술인 #청년예술가 #제천문화 #충북 #감성 #감동 #제천공연 #제천시민회관 #좋아서하는극단 #청년예술가 #청년예술인 #체천맛집 #제천청년 #문화공연  #충북",UCWvk2jfa85ZTCoxsbCO78SQ,좋아서하는극단,2022-12-08T12:02:22Z,2797,46.62,False,206,16,0,https://www.youtube.com/watch?v=yKzrYKMeGq8,1190,201,PF266730,꽃의 비밀 [제천],연극,제천예술의전당 대공연장,2025-07-04,2025-07-05,,,,none,none,1,False,False,1,no_strong_signal,신호 없음
IxKOvC6NeRw,[경기] '아침이 기다려지는 경로당'...집보다 재미있다? / YTN,"[앵커]
경로당이나 노인정 하면 어르신들이 쉬면서 별다른 할 일 없이 하루를 보내는 곳으로 여기기 마련인데요.

아이들과 공부하며 일도 할 수 있는 더욱 활기찬 경로당이 생겼다고 합니다.

'아침이 기다려지는 경로당'이라고 하는데요.

어떤 곳인지, 김학무 기자가 다녀왔습니다.

[기자]
한적한 농촌 마을의 경로당입니다.

조용한 바깥과는 달리 신나는 음악에 맞춰 에어로빅댄스가 한창입니다.

진분홍색의 화려한 유니폼을 차려입고 춤을 추는 사람들은 대부분 칠팔십대의 마을 주민들입니다.

고혈압이나 당뇨 등 성인병을 이기고 활기를 되찾기 위해 일주일에 서너 차례씩 에어로빅을 즐깁니다.

[최의주, 이천시 대대1리]
""운동하는 것도 좋지만 모여서 같이 웃고 이야기하고 하니까 굉장히 사람들의 반응이 좋고 여러 가지가 좋아졌습니다.""

손주들과 책도 함께 읽고 일주일에 한 차례씩 예절도 가르쳐 주는 공부방도 있습니다.

경로당 밖에서는 어르신들이 마을 주민들과 함께 들깨와 블루베리 농사를 짓습니다.

여기에서 나오는 수익은 혼자 사는 어르신을 돕거나 경로당을 위해 사용하게 됩니다.

화투 치고 술 마시고 잠이나 자던 경로당이 주민들과 소통하고 자생력을 갖춘 활기찬 곳으로 바뀌고 있습니다.

[이한경, 경기도 보건복지국장]
""마을의 공동체의 중심이 돼서 그 마을을 활성화하는 옛날 고향 마을 같은 그런 것의 중심체가 되도록 하는데 목표를 두고 있습니다.""

이처럼 새롭게 변하는 경로당의 새 이름은 '아침이 기다려지는 경로당'.

경기도는 이런 '아침이 기다려지는 경로당'을 올해 3곳에서 시범 운영하고 내년부터 더 확대할 계획입니다.

YTN 김학무입니다.

▶ 기사 원문 : http://www.ytn.co.kr/_ln/0103_201508181743199720
▶ 제보 안내 : http://goo.gl/gEvsAL, 모바일앱, 8585@ytn.co.kr, #2424

▣ YTN 유튜브 채널 구독 : http://goo.gl/Ytb5SZ

[ 한국 뉴스 채널 와이티엔 / Korea News Channel YTN ]",UChlgI3UHCOnwUGzWzbJ3H5w, YTN,2015-08-18T11:54:16Z,108,1.8,False,702,3,0,https://www.youtube.com/watch?v=IxKOvC6NeRw,5370000,967689,PF266730,꽃의 비밀 [제천],연극,제천예술의전당 대공연장,2025-07-04,2025-07-05,,,,none,none,0,False,False,0,no_strong_signal,신호 없음
KXjsiCCXHYA,폭소춘향전,"2013.9.13(금) 15:00, 19:30 안산문화예술의전당 해돋이극장",UCeNexJN7o4_TkI9-gqA9FBQ,동텐,2013-07-25T02:42:48Z,59,0.98,True,628,2,4,https://www.youtube.com/watch?v=KXjsiCCXHYA,12,14,PF266730,꽃의 비밀 [제천],연극,제천예술의전당 대공연장,2025-07-04,2025-07-05,,,,mismatch,none,0,False,False,-2,delete_candidate,날짜 불일치(다른 회차 가능성)
FvrX9ftLRl4,심청이공연,,UCVRi8-U5byshKnXwGs7CAvg,agahyo,2020-10-02T08:37:55Z,1910,31.83,False,229,1,1,https://www.youtube.com/watch?v=FvrX9ftLRl4,26,96,PF266730,꽃의 비밀 [제천],연극,제천예술의전당 대공연장,2025-07-04,2025-07-05,,,,none,none,0,False,False,0,no_strong_signal,신호 없음
o4fbmhy6z2A,불쇼 중에 불막대기를 떨어뜨리면 어떻게 될까? What happen drop firestick during fire show,"2017 여름, 범준 두희 재진 삼형제(한국인 맞아요)의 말레이시아(쿠알라룸푸르, 말라카, 랑카위) 문화여행기 / Summer vacation, Three Korean brother's Malaysia(Kualalumpur, Melaka, Langkawi) Culture trip

1일 1업로드 중입니다. 구독하기 누르고 여행콘텐츠 받아보세요❤️
1day 1uploading. Click subscribe and enjoy travel contents❤️",UCWnHPXpiojA-PL00wBiC8AA,전반27분 JJtour,2018-02-14T02:49:11Z,37,0.62,True,56,1,1,https://www.youtube.com/watch?v=o4fbmhy6z2A,940,464,PF266730,꽃의 비밀 [제천],연극,제천예술의전당 대공연장,2025-07-04,2025-07-05,,,,none,none,0,False,False,0,no_strong_signal,신호 없음
m5WJ2UIPOf0,풍게나무숲 두번째 나비사진전,"나비를사랑하는사람들 풍게나무숲 두번째 나비사진 회원전을 가평 이화원 까페9에서
2019년12월31일까지 있었습니다.

#풍게나무숲 #한국나비 #울고넘는박달재나비연구소 #사진김진오 
#나비김진오 #제천나비",UCt8VwQv-h9S_Gg_aSHXzLag,제천지노TV,2020-01-04T03:42:53Z,568,9.47,False,300,9,1,https://www.youtube.com/watch?v=m5WJ2UIPOf0,2390,279,PF266730,꽃의 비밀 [제천],연극,제천예술의전당 대공연장,2025-07-04,2025-07-05,,,,none,none,0,False,False,0,no_strong_signal,신호 없음
ouVMspjvlC4,[싹튜브] 서종예 2019 창작무용발표회 순수무용 서울종합예술실용학교 물음표 (?),"SAC 서종예 서울종합예술실용학교 공식영상채널 싹튜브입니다.
[싹튜브] 서종예 2019 창작무용발표회 순수무용 서울종합예술실용학교 물음표 (?)",UCSjtupFJyvy3jTADdfCJLcQ,서울종합예술실용학교 공식 영상채널 싹튜브,2019-06-14T07:43:04Z,176,2.93,False,181,0,0,https://www.youtube.com/watch?v=ouVMspjvlC4,31900,4423,PF266730,꽃의 비밀 [제천],연극,제천예술의전당 대공연장,2025-07-04,2025-07-05,,,,none,none,0,False,False,0,no_strong_signal,신호 없음
-6H0YJuohwc,430회(2022.8.22)나팔박쇼! #애창곡 #꽃이핍니다 #줄리아 #남자의눈물(이현승신곡) #다시찾은제천역 #아버지의바다#섬진강 #나비야(노기준) #흥해라 #고창에서왔어요,월요일..목요일 밤 9시~11시  실시간방송,UCdbcG-rQpuzBQPKJPpTKgQQ,나팔박 TV,2022-08-22T14:14:29Z,7598,126.63,False,1727,243,33,https://www.youtube.com/watch?v=-6H0YJuohwc,29700,4418,PF266730,꽃의 비밀 [제천],연극,제천예술의전당 대공연장,2025-07-04,2025-07-05,,,,none,none,0,False,False,0,no_strong_signal,신호 없음
dFvZk_pCCNs,월영교 벚꽃 #shorts,#안동 #월영교 #벚꽃,UCuSUINA0esvbGye82wHpUEw,안동이야기,2023-03-26T03:48:33Z,15,0.25,True,290,11,0,https://www.youtube.com/watch?v=dFvZk_pCCNs,13500,3161,PF266730,꽃의 비밀 [제천],연극,제천예술의전당 대공연장,2025-07-04,2025-07-05,,,,none,none,0,False,False,0,no_strong_signal,신호 없음
hKYpQEhOXzQ,"안동 예술의 전당 공연 [경기소리극 '애루화(哀淚花), 상사로다!'] 참가작 [민요:산타령/밀양아리랑]","2018
안동공연예술축제 APAF
경기소리극
[애루화(哀淚花), 상사로다!]
2018년 4월 28일(토) 오후7시
안동문화예술의 전당 

공연소개:
경기소리극 [애루화(哀淚花), 상사로다!]는 
풍산 홍씨 시조묘에 얽힌 이야기를 인간사 속 희노애락을 담은
경기소리로 풀어나가는 소리극이다.

단체소개:
전통우리소리연구소는
경기명창 최은회 선생님을 중심으로 창립된 후,
안동 지역에서 공연, 행사를 통하여 경기 민요와
전통예술의 가치를 높이고자 노력해 왔다.",UCjuc8zTf09k9NnrsBVBKSIA,안동소년의  민요사랑,2018-05-13T13:57:26Z,394,6.57,False,239,,,https://www.youtube.com/watch?v=hKYpQEhOXzQ,10700,5180,PF266730,꽃의 비밀 [제천],연극,제천예술의전당 대공연장,2025-07-04,2025-07-05,,,,none,none,0,False,False,0,no_strong_signal,신호 없음
JDSubpt2EZI,[미술톡톡/화가 김재학]  꽃이 되어 꽃을 그리는 김재학 선생 그리고 생물화,"꽃의 화가로 불리는
김재학 선생의 전시회 현장을 리포팅합니다.
선생의 손끝에서
​피어난 꽃은 생명의 영기가
​오롯이
살아있는 생물화입니다.
​그래서 실제보다
​더 사실적인 느낌이 있습니다.​
​시인 김춘수님의 '꽃'을
빌려
김재학 선생을 그려봅니다.
​내가 그의 이름을
​그려주기 전에는 그는 다만
​하나의
몸짓에 지나지 않았다.
내가 그의 이름을
그려 주었을 때
그는
나에게로 와서 꽃이 되었다.
나는
물기 배인 꽃을
그리는
생물화가 김재학
김재학 선생의 특별전이 열리는
이브갤러리 현장에서
물기 배인
꽃향기를 흠상합니다.
Ω Ω Ω
정물화, 생물화, 사실화, 극사실화, 
꽃의 화가, 구상미술, 이브갤러리,
이브자리코디센,",UCjLx4I7vHmiVMyCuj_wMmgQ,자구TV,2019-08-07T08:38:40Z,557,9.28,False,3506,58,4,https://www.youtube.com/watch?v=JDSubpt2EZI,22200,1642,PF266730,꽃의 비밀 [제천],연극,제천예술의전당 대공연장,2025-07-04,2025-07-05,,,,none,none,0,False,False,0,no_strong_signal,신호 없음
WC7NdOFJpWY,소개팅 장소로 추천하는 곳,,UCCetUvh9nB0J07MyIrhIZFQ,라커룸-Locker Room tv,2023-09-03T13:02:32Z,41,0.68,True,307467,756,49,https://www.youtube.com/watch?v=WC7NdOFJpWY,82700,774,PF266730,꽃의 비밀 [제천],연극,제천예술의전당 대공연장,2025-07-04,2025-07-05,,,,none,none,0,False,False,0,no_strong_signal,신호 없음
UdgYDqaGGiw,창작 뮤지컬 도이장가를 읊조리다,창작 뮤지컬 도이장가를 읊조리다,UCr5YXqBphE4MfymIV5EO3Gg,대구 동구청 팔공TV,2020-10-22T07:32:49Z,4106,68.43,False,140,2,0,https://www.youtube.com/watch?v=UdgYDqaGGiw,7060,1083,PF266730,꽃의 비밀 [제천],연극,제천예술의전당 대공연장,2025-07-04,2025-07-05,,,,none,none,0,False,False,0,no_strong_signal,신호 없음
vx1wuV-Fkdc,대한뉴스 제 1899호-항공 열기구 선수권 대회,"제작일: 1992-04-01

항공 열기구 선수권 대회
-경주 보문 단지에서 열림.
-열기구는 커다란 풍선에 가열된 공기를 불어 넣어 부력을 이용해 떠오르게 하는 것임.
-1782년 프랑스에서 장작으로 불을 지펴 기구를 띄워 올린 것이 효시
-지금은 장작 대신 LP 가스를 원료로 하는 버너를 사용함.
-인간의 날고 싶은 욕망을 충족 시킬 수 있는 열기구 비행은 새로운 레저 스포츠로 각광 받고 있음.",UC8_LPVE4Yuc6KF0opF6uS_w,KTV 아카이브,2017-01-02T08:48:55Z,65,1.08,False,420,1,0,https://www.youtube.com/watch?v=vx1wuV-Fkdc,144000,17986,PF266730,꽃의 비밀 [제천],연극,제천예술의전당 대공연장,2025-07-04,2025-07-05,,,,none,none,0,False,False,0,no_strong_signal,신호 없음
TamJTh6uivg,정진미 이러고 놀아요 ㅋㅋㅋㅋ,,UCOQjLJrj-6y_NmDk1v6nHzQ,이다영,2018-08-30T10:40:40Z,100,1.67,False,124,2,,https://www.youtube.com/watch?v=TamJTh6uivg,0,5,PF266730,꽃의 비밀 [제천],연극,제천예술의전당 대공연장,2025-07-04,2025-07-05,,,,none,none,0,False,False,0,no_strong_signal,신호 없음
FLQ-qJ12xto,감당 못할 도시 조경..2년 만에 철거ㅣMBC충북NEWS,"◀ＡＮＣ▶
 지난 민선 7기 제천시가
주민과 외지인들에게 볼거리를 제공한다며
곳곳에 조경석과 나무, 폭포를 설치했는데요.

 처음엔 보기 좋았지만
시간이 갈수록 점점 감당할 수준을 넘어서자,
불과 2년 만에 다시 철거를 예고했습니다.

 허지희 기자가 보도합니다.
           ◀ＥＮＤ▶

 제천시민회관 벽면에 설치된 조경수와 꽃.
 
 벽면 녹화를 위해
화분 천여 개를 층층히 쌓아 올렸습니다.

 제천시가 도심 미관을 위해 설치한 것입니다.

           ◀ＳＹＮ▶제천시민
""(사람들이) 저 건너가서 사진도 찍고, 
앞에 서서 사진도 찍고 그래요""

 하지만 2년 전 1억 원을 들여 설치됐을 때와는
완전히 다른 모습입니다.

 처음엔 꽃이 쏟아지는 모양을 형상화했는데
계절이 바뀌면서 나무 절반이 말라 죽었습니다.
 
 고사목을 치우고 물을 주기 위해선
크레인이 오르고 내리기를 반복해야 했는데,
여기에 지난 2년 동안 5,600만 원을 썼습니다.

 화분이 떨어질까 무섭다는 민원까지 지속되자
제천시는 결국 전체 철거를 결정하고
시의회에 철거 예산 6천만 원을 요청했습니다.

◀ＳＹＮ▶
김현숙 /제천시 시민행복과 도시녹화팀장
""시민들이 수직벽에 대한 불안감, 
화분이 떨어질 것 같은 불안감때문에 
민원도 많이 제기하셨고, 
식물에서 냄새가 나나봐요. 물 냄새라든가...""

 이런 나무와 꽃, 조경석을 이용한 
녹화 사업은 지난 민선 7기 역점 사업. 

 차도 옆에 미니 정원을 꾸미고,
인파가 많은 도심 한복판엔 
긴 수로과 폭포를 만들었습니다.

 하지만 인적이 드문 곳에 
국비 등 수억 원을 들인 조경석 공원 등이
곳곳에 조성되면서 과다 추진 논란이 
일었습니다.

 선거 쟁점으로 번지기도 했습니다.

           ◀ＳＹＮ▶제천 방문객
""예쁜긴 예뻐요. 그냥 있는 것보단...
이렇게 하면 해마다 관리해야하는데 
일회성인 것 같아요.""

 휴식처와 볼거리를 제공하기 위한 
도시 꾸미기.

 지속 가능함까지 고려해야 한다는 
숙제를 남겼습니다. mbc 뉴스 허지희입니다.

#충북 #MBC #공영방송 #로컬뉴스 #충북인 

MBC충북 유튜브 구독하기 : https://goo.gl/Ef6jGd",UCFLTNsOlzlbAD18DrSREuMQ,MBC충북NEWS,2022-09-15T11:53:56Z,148,2.47,False,730,5,2,https://www.youtube.com/watch?v=FLQ-qJ12xto,150000,29122,PF266730,꽃의 비밀 [제천],연극,제천예술의전당 대공연장,2025-07-04,2025-07-05,,,,none,none,0,False,False,0,no_strong_signal,신호 없음
YGnSq7Ds4qU,"최재천 교수 폐강 썰, 유퀴즈에서 편집된 내용 들어봤더니 · · ·(ft.최재천_메디치보라)","생태학자 최재천의 '코로나 르네상스가 온다' 쇼츠 영상입니다. 최 교수는 최근 tvN 인기 예능 프로그램인 '유 퀴즈 온 더 블럭'(유퀴즈)에 출연해 화제를 모았습니다. 생태학자로서 겪은 에피소드와 코로나, 기후위기 극복 방안 등을 재미있게 풀어냈다는 평가를 받습니다. 유퀴즈 온 더 블럭에서 편집된 내용을 짧은 영상에 담았습니다. 본편 영상은 아래 링크에서 시청하실 수 있습니다.

▶ '코로나 르네상스'가 온다! 최재천의 생태백신, 예술가들이 열광한 이유? [메디치보라#13]
https://youtu.be/ROn-vDE2vuE",UCRRplhBrgNjauY9teZQbhOQ,메디치미디어,2022-06-13T04:19:49Z,60,1.0,True,1858228,32155,888,https://www.youtube.com/watch?v=YGnSq7Ds4qU,273000,1863,PF266730,꽃의 비밀 [제천],연극,제천예술의전당 대공연장,2025-07-04,2025-07-05,,,,none,none,0,False,False,0,no_strong_signal,신호 없음
P6-PqNgdsao,#short 남양주 호평동 신명아파트 48평 풀인테리어를 하면???,"#호평동 #호평동아파트 #호평동신명아파트

안녕하세요 피터팬 중개사입니다.

오늘 소개해드릴 영상은 

남양주시 호평동 신명아파트 입니다.

구축아파트 매수를 하고 전부 인테리어를 하게되면 어떻게 변하는지???

호평동 신명아파트는 구축아파트이지만 종합적인 틀로 봤을떄 굉장히 선호도가 높은 아파트

판곡초.중.고등학교 학세권입지와 이마트 중심상권 지역까지 도보로 충분히 이동할수있는 입지좋은아파트


물건 촬영 의뢰 이메일주소:eown1202@naver.com
                   HP:010-5606-9942

총세대수:399세대 7개동
준공년도:2006년6월(18년차)
총주차대수:568대(세대당1.42대)
방향:남향
평수:48평
총층수:18층
방4개/화장실2개
공동주택시스템제공 평균관리비:33만원

물건 촬영 의뢰 이메일주소:eown1202@naver.com
                   HP:010-5606-9942

*중개대상물 표시 광고 명시사항*

지인공인중개사 사무소

사무실주소:경기도 남양주시 호평동 신명스카이뷰 단지내 상가 103호 지인공인중개사사무소

TEL:031-559-5114 HP:010-5606-9942

등록번호:41360-2017-50009

공인중개사 정덕영",UCLW56PFJOM-aJD04Da0DpQA,피터팬중개사,2023-08-01T08:30:05Z,51,0.85,True,1914,20,1,https://www.youtube.com/watch?v=P6-PqNgdsao,2280,340,PF270304,피터팬 [남양주],무용(서양/한국무용),다산아트홀,2025-08-23,2025-08-23,,,,none,none,0,False,False,0,no_strong_signal,신호 없음
3QAIK6Yq6k8,남양주 평내동을 한번도 안오신분들은 랜선으로 임장활동 하세요~,"#호평동부동산#평내동부동산#호평동아파트#평내동아파트#임장활동

안녕하세요^~^

피터팬중개사 입니다.

오늘 소개해드릴 영상은

평내동 일부 상권영상이지만

간략하게 핵심만 모아서 

남양주 호평동.평내동 으로 이사계획이 있으신분들을 위해

영상을 제작하게되었습니다.

후반부에 나오는 매물은 

평내동 대명아파트 24평

현재 월세 물건으로 나와있으며

방3개 화장실1개 정남향 초품아를 끼고있는 아파트를 소개했습니다.

현재 보증금:2천만원 월세120만원에 나와있으며

지금현재 공실상태이므로 즉시입주도 가능합니다.

호평동 지인부동산:031-559-5114  010-5606-9942
             









*****중개대상물 표시 광고 명시사항*****

지인공인중개사 사무소

사무실주소:경기도 남양주시 호평동 신명스카이뷰 단지내 상가 103호 지인공인중개사사무소

 TEL:031-559-5114 HP:010-5606-9942

 등록번호:41360-2017-50009

 공인중개사 정덕영",UCLW56PFJOM-aJD04Da0DpQA,피터팬중개사,2023-01-12T09:00:01Z,401,6.68,False,1174,17,2,https://www.youtube.com/watch?v=3QAIK6Yq6k8,2280,340,PF270304,피터팬 [남양주],무용(서양/한국무용),다산아트홀,2025-08-23,2025-08-23,,,,none,none,0,False,False,0,no_strong_signal,신호 없음
enzxFEbjC2c,남양주 호평동 역세권 아파트가 이 컨디션에 이 가격이라고?,"#호평동#호평동부동산#호평동아파트

안녕하세요 피터팬중개사입니다^^

오늘 보시는 영상은

경기도 남양주시 호평동 쌍용아파트 입니다

보시는 영상은 실제 매물로 나와있으며

소유자분의 승낙을 얻고 촬영을한 매매물건입니다.

평수는 45평 

방4개/화장실2개

매매가격:8억5천만원에 나와있습니다.

장점

1.평내호평역 GTX-B노선확정 도보로 약5~7분이면 충분히 이동가능한 역세권아파트

2.주변 상업시설 이마트.학원.학교.전부다 안전하게 도보로 이동가능한 장점

3.아파트 단지내 관리가 아주 잘되어있음.

4.비교적으로 인테리어한집을 봤을때 다른 물건보다 상대적으로 저렴한 가격

5.최근 최신 인테리어한집이라 입주후에도 손볼곳이 하나도 없는 장점.

영상 보시구 궁금하신 사항 있으시면
언제든지 문의주세요^~^

호평동 지인부동산
TEL:031-559-5114",UCLW56PFJOM-aJD04Da0DpQA,피터팬중개사,2022-06-09T10:15:00Z,349,5.82,False,1802,25,0,https://www.youtube.com/watch?v=enzxFEbjC2c,2280,340,PF270304,피터팬 [남양주],무용(서양/한국무용),다산아트홀,2025-08-23,2025-08-23,,,,none,none,0,False,False,0,no_strong_signal,신호 없음
TFgl4T5NmWM,남양주 평내호평 부동산 중개업소 지금 현재 분위기는?,"#호평동부동산 #호평동 #호평동아파트 

안녕하세요 피터팬 중개사입니다.

피터팬 중개사가 중개실무에서 느끼는

고금리 시대에 남양주 호평동.평내동 중개 거래 특징과 특성은??

현직 부동산에서 느끼는  분위기를 전달해보겠습니다.






*중개대상물 표시 광고 명시사항*

지인공인중개사 사무소

사무실주소:경기도 남양주시 호평동 신명스카이뷰 단지내 상가 103호 지인공인중개사사무소

 TEL:031-559-5114 HP:010-5606-9942

 등록번호:41360-2017-50009

 공인중개사 정덕영",UCLW56PFJOM-aJD04Da0DpQA,피터팬중개사,2023-02-13T10:00:25Z,351,5.85,False,2551,50,9,https://www.youtube.com/watch?v=TFgl4T5NmWM,2280,340,PF270304,피터팬 [남양주],무용(서양/한국무용),다산아트홀,2025-08-23,2025-08-23,,,,none,none,0,False,False,0,no_strong_signal,신호 없음
__v0n82DtEo,#shorts 남양주 평내동 대명루첸 포레스티움 25평 랜선집들이 구조확인하기~ #호평동아파트 #평내호평 #남양주부동산 #호평동 #임장활동,,UCLW56PFJOM-aJD04Da0DpQA,피터팬중개사,2023-03-02T15:07:32Z,60,1.0,True,3557,31,0,https://www.youtube.com/watch?v=__v0n82DtEo,2280,340,PF270304,피터팬 [남양주],무용(서양/한국무용),다산아트홀,2025-08-23,2025-08-23,,,,none,none,0,False,False,0,no_strong_signal,신호 없음
YxkDMriNNLA,남양주 호평동에 이런 신혼집이 있다구요??? 예비신혼부부들 필수시청!!!,"#호평동부동산#호평동전세#남양주신혼집

안녕하세요 피터팬 중개사 입니다.

오늘 소개해드릴 물건은

경기도 남양주시 호평동에 위치한

리더스타운이라는 빌라입니다

정말 요즘에 아파트부터 시작해서 빌라자체도 전세물건이 너무 귀한 시장상황입니다.

그러다보니 입주를 하고싶어도 물건이 없어서 못하는 상황인데

이렇게 전세물건 동결시장에서 따끈따끈한 준신축빌라 전세물건이 나와서 

영상을 업로드하게되었습니다.

영상보시구 궁금하신 사항있으시면 편하게 전화주세요^~^

호평동 지인부동산
TEL:031-559-5114",UCLW56PFJOM-aJD04Da0DpQA,피터팬중개사,2022-03-24T08:00:18Z,264,4.4,False,943,8,0,https://www.youtube.com/watch?v=YxkDMriNNLA,2280,340,PF270304,피터팬 [남양주],무용(서양/한국무용),다산아트홀,2025-08-23,2025-08-23,,,,none,none,0,False,False,0,no_strong_signal,신호 없음
L7aou8OIUmc,평내동 대명아파트 급매매 물건. #shorts #호평동 #호평동부동산 #호평동아파트,,UCLW56PFJOM-aJD04Da0DpQA,피터팬중개사,2023-03-29T10:30:06Z,57,0.95,True,1344,12,5,https://www.youtube.com/watch?v=L7aou8OIUmc,2280,340,PF270304,피터팬 [남양주],무용(서양/한국무용),다산아트홀,2025-08-23,2025-08-23,,,,none,none,0,False,False,0,no_strong_signal,신호 없음
qPHKKeE6XmU,남양주 평내동 준신축 대명루첸포레스티움 25평C타입 매매물건,"안녕하세요 피터팬 중개사입니다.

오늘 소개해드릴 영상은 

남양주시 평내동 준신축아파트와 평지형 아파트를 자랑하는

평내동 대명루첸 포레스티움 25평C타입 매매물건 소개합니다.

현재 공실상태이며 입주할당시 천장형 시스템에어컨 거실1/안방1 설치하였습니다.

매매금액은:4억6천


물건 촬영 의뢰 이메일주소:eown1202@naver.com
                   HP:010-5606-9942

총세대수:1,008세대 11개동
준공년도:2020년6월(4년차)
총주차대수:1165대
방향:남동향
평수:25평
총층수:32층
방3개/화장실2개
공동주택시스템제공 평균관리비:17만원

물건 촬영 의뢰 이메일주소:eown1202@naver.com
                   HP:010-5606-9942

*중개대상물 표시 광고 명시사항*

지인공인중개사 사무소

사무실주소:경기도 남양주시 호평동 신명스카이뷰 단지내 상가 103호 지인공인중개사사무소

TEL:031-559-5114 HP:010-5606-9942

등록번호:41360-2017-50009

공인중개사 정덕영",UCLW56PFJOM-aJD04Da0DpQA,피터팬중개사,2023-07-26T08:30:26Z,41,0.68,True,1866,8,1,https://www.youtube.com/watch?v=qPHKKeE6XmU,2280,340,PF270304,피터팬 [남양주],무용(서양/한국무용),다산아트홀,2025-08-23,2025-08-23,,,,none,none,0,False,False,0,no_strong_signal,신호 없음
mT5IMDP6ogE,호평동 알프하임 #호평동부동산 #호평동아파트 #short #평내호평 #호평동,,UCLW56PFJOM-aJD04Da0DpQA,피터팬중개사,2023-01-20T14:13:52Z,41,0.68,True,848,17,0,https://www.youtube.com/watch?v=mT5IMDP6ogE,2280,340,PF270304,피터팬 [남양주],무용(서양/한국무용),다산아트홀,2025-08-23,2025-08-23,,,,none,none,0,False,False,0,no_strong_signal,신호 없음
clpZekNkNe0,놀이공원 알바의 현실 #shorts,"직업병으로는 오프날 놀러갔는데 눈 마주치는 손님들한테 반사적으로 미소 지어주기

Instagram📷 https://www.instagram.com/beauty_fo.ol/
TikTok🎵 tiktok.com/@beauty.fo_ol",UCeS6R89S32mSOxTNoEqrN7g,사내뷰공업 beautyfool,2022-01-04T09:00:14Z,30,0.5,True,16399254,428848,879,https://www.youtube.com/watch?v=clpZekNkNe0,1240000,916,PF270304,피터팬 [남양주],무용(서양/한국무용),다산아트홀,2025-08-23,2025-08-23,,,,none,none,0,False,False,0,no_strong_signal,신호 없음
3kPdyhjXRI8,남양주 호평동 준신축아파트? 입지조건이 이리 좋다고?,"#호평동부동산 #호평동아파트 #호평동 #평내호평 #오네뜨센트럴

안녕하세요 피터팬 중개사입니다.

오늘 소개해드릴 영상은 물건영상이 아닌

다수의 고객분들중에서 부동산물건을 보러 오셨는데 

물건을 점유하고있는 매도인,현재임차인 외출을 하는 상황이 발생하게되면

집을 못보는 상황이 실무에선 빈번히 발생해서 

랜선으로 아파트 구조를 편하게 보실수 있게끔 

호평동 오네뜨 센트럴 아파트 30평 구조를 촬영하고 왔습니다.

앞으로 호평동,평내동 아파트 구조영상이나 실제매물 영상을 많이 업로드할 예정이니

영상보시면서 궁금하신 아파트 구조를 보시면서 궁금증이 해소되셨으면 좋겠습니다^^

물건 촬영 의뢰 이메일주소:eown1202@naver.com
                                                HP:010-5606-9942

*중개대상물 표시 광고 명시사항*

지인공인중개사 사무소

사무실주소:경기도 남양주시 호평동 신명스카이뷰 단지내 상가 103호 지인공인중개사사무소

TEL:031-559-5114 HP:010-5606-9942

등록번호:41360-2017-50009

공인중개사 정덕영",UCLW56PFJOM-aJD04Da0DpQA,피터팬중개사,2023-03-05T03:15:00Z,312,5.2,False,1236,16,6,https://www.youtube.com/watch?v=3kPdyhjXRI8,2280,340,PF270304,피터팬 [남양주],무용(서양/한국무용),다산아트홀,2025-08-23,2025-08-23,,,,none,none,0,False,False,0,no_strong_signal,신호 없음
wH4pg7zmlYI,천마산 설산 ?! #short #호평동부동산 #호평동아파트 #평내호평#천마산 #출근길,,UCLW56PFJOM-aJD04Da0DpQA,피터팬중개사,2023-01-18T01:13:55Z,12,0.2,True,3390,22,0,https://www.youtube.com/watch?v=wH4pg7zmlYI,2280,340,PF270304,피터팬 [남양주],무용(서양/한국무용),다산아트홀,2025-08-23,2025-08-23,,,,none,none,0,False,False,0,no_strong_signal,신호 없음
yjxjZGvZei8,남양주 평내동 대명루첸 백봉산뷰가 훤히 보이는 매매물건 소개합니다.,"#호평동 #호평동부동산 #평내동부동산#평내동아파트

안녕하세요 피터팬 중개사입니다.

오늘 소개해드릴 영상은 

남양주시 평내동 준신축아파트와 평지형 아파트를 자랑하는

평내동 대명루첸 포레스티움 25평C타입 매매물건 소개합니다.

현재 공실상태이며 입주할당시 천장형 시스템에어컨 거실1/안방1 설치하였습니다.

매매금액은:4억6천


물건 촬영 의뢰 이메일주소:eown1202@naver.com
                   HP:010-5606-9942

총세대수:1,008세대 11개동
준공년도:2020년6월(4년차)
총주차대수:1165대
방향:남동향
평수:25평
총층수:32층
방3개/화장실2개
공동주택시스템제공 평균관리비:17만원

물건 촬영 의뢰 이메일주소:eown1202@naver.com
                   HP:010-5606-9942

*중개대상물 표시 광고 명시사항*

지인공인중개사 사무소

사무실주소:경기도 남양주시 호평동 신명스카이뷰 단지내 상가 103호 지인공인중개사사무소

TEL:031-559-5114 HP:010-5606-9942

등록번호:41360-2017-50009

공인중개사 정덕영",UCLW56PFJOM-aJD04Da0DpQA,피터팬중개사,2023-07-26T08:00:26Z,226,3.77,False,2108,26,5,https://www.youtube.com/watch?v=yjxjZGvZei8,2280,340,PF270304,피터팬 [남양주],무용(서양/한국무용),다산아트홀,2025-08-23,2025-08-23,,,,none,none,0,False,False,0,no_strong_signal,신호 없음
J21uSWIYBzk,남양주 호평동 예전만큼 시골동네 일까???,"안녕하세요 피터팬 중개사입니다.

오늘은 호평동 신명아파트 매매물건을 소개하겠습니다

입주년차18년차 세대수 399세대

매매가격:4억7천

***중개대상물 표시 광고 명시사항***

지인공인중개사 사무소

사무실주소:경기도 남양주시 호평동 신명스카이뷰 단지내 상가 103호 지인공인중개사사무소

 TEL:031-559-5114 HP:010-5606-9942

 등록번호:41360-2017-50009

 공인중개사 정덕영",UCLW56PFJOM-aJD04Da0DpQA,피터팬중개사,2023-01-30T11:27:15Z,336,5.6,False,1767,33,7,https://www.youtube.com/watch?v=J21uSWIYBzk,2280,340,PF270304,피터팬 [남양주],무용(서양/한국무용),다산아트홀,2025-08-23,2025-08-23,,,,none,none,0,False,False,0,no_strong_signal,신호 없음
xWnz-ivvUUc,남양주 호평동 18년차된 아파트를 올수리를 하게된다면???,"#호평동부동산 #호평동 #호평동아파트 

안녕하세요 피터팬 중개사입니다.

오늘 소개해드릴 영상은 

남양주시 호평동 신명아파트 입니다.

구축아파트 매수를 하고 전부 인테리어를 하게되면 어떻게 변하는지???

호평동 신명아파트는 구축아파트이지만 종합적인 틀로 봤을떄 굉장히 선호도가 높은 아파트

판곡초.중.고등학교 학세권입지와 이마트 중심상권 지역까지 도보로 충분히 이동할수있는 입지좋은아파트


물건 촬영 의뢰 이메일주소:eown1202@naver.com
                   HP:010-5606-9942

총세대수:399세대 7개동
준공년도:2006년6월(18년차)
총주차대수:568대(세대당1.42대)
방향:남향
평수:48평
총층수:18층
방4개/화장실2개
공동주택시스템제공 평균관리비:33만원

물건 촬영 의뢰 이메일주소:eown1202@naver.com
                   HP:010-5606-9942

*중개대상물 표시 광고 명시사항*

지인공인중개사 사무소

사무실주소:경기도 남양주시 호평동 신명스카이뷰 단지내 상가 103호 지인공인중개사사무소

TEL:031-559-5114 HP:010-5606-9942

등록번호:41360-2017-50009

공인중개사 정덕영",UCLW56PFJOM-aJD04Da0DpQA,피터팬중개사,2023-08-01T08:00:25Z,349,5.82,False,1197,17,1,https://www.youtube.com/watch?v=xWnz-ivvUUc,2280,340,PF270304,피터팬 [남양주],무용(서양/한국무용),다산아트홀,2025-08-23,2025-08-23,,,,none,none,0,False,False,0,no_strong_signal,신호 없음
O3bhnKBlKrc,남양주시 호평동은 뜨는지역?? 30평대 아파트 랜선 집구조 소개합니다,"#남양주시부동산#호평동부동산#남양주아파트#뜨는지역#HOT한동네
#랜선집들이

안녕하세요^^

피터팬 중개사 입니다.

오늘은 피터팬 중개사가 

남양주 호평동 동원로얄 듀크 아파트에 다녀왔습니다.

요즘 시국이 시국인만큼

개인 방역과 위생을 위해 랜선으로나마 

요즘 뜨는 지역 경기도 남양주시 호평동 동원 로얄듀크 아파트 

32평 구조를 소개합니다.

요즘 점점 추워지는 날씨에 시청자 여러분들

모두 몸건강 유의하시구  

영상 보시면서 궁금사항 있으시면

언제든지 연락주세요^~^

감사합니다!

호평동 지인부동산
TEL:031-559-5114",UCLW56PFJOM-aJD04Da0DpQA,피터팬중개사,2021-01-06T13:08:09Z,279,4.65,False,801,17,2,https://www.youtube.com/watch?v=O3bhnKBlKrc,2280,340,PF270304,피터팬 [남양주],무용(서양/한국무용),다산아트홀,2025-08-23,2025-08-23,,,,none,none,0,False,False,0,no_strong_signal,신호 없음
hEHI5QSjTtk,남양주 대평형수 아파트 가격이 이정도라고???,"#호평동 #호평동아파트 #남양주아파트

안녕하세요^~^

피터팬 중개사 입니다.

오늘 소개해드릴 물건은 바로

경기도 남양주시 호평동 동양파라곤 아파트입니다.

호평동 파라곤아파트 

입주년차:13년차

세대수:1,275세대

보시는영상 평수 55평A타입

매매:8억7천만원에 나와있습니다.

주인분께서 집 관리를 너무나도 잘해주셔서 사실 촬영하면서 느낀 부분이

손볼곳이 하나도 없다라는거였습니다.

또한 추가적으로 화이트톤으로 인테리어를 해서 집 전체 분위기가 굉장히 밝았습니다.

호평동 파라곤 아파트 같은경우

단지내 커뮤니티시설. 천마산국립공원 호평초등학교 까지도

도보로 약5분이면 충분히 이동이 가능한 매우 장점이 많은 아파트다보니

다른 수요자 층에서도 굉장히 인기가 많은 아파트입니다.

영상 보시면서 궁금 하신 사항 있으시면 

언제든지 편하게문의주시면 

성실 정확 정직하게 답변드리도록 하겠습니다^&^

감사합니다.

호평동 지인부동산
TEL:031-559-5114",UCLW56PFJOM-aJD04Da0DpQA,피터팬중개사,2022-07-11T10:35:24Z,345,5.75,False,2660,26,4,https://www.youtube.com/watch?v=hEHI5QSjTtk,2280,340,PF270304,피터팬 [남양주],무용(서양/한국무용),다산아트홀,2025-08-23,2025-08-23,,,,none,none,0,False,False,0,no_strong_signal,신호 없음
w75oALTHp0w,남양주 두산알프하임 신축 첫입주 아파트 펜트하우스 구조는 과연 어떨까요??!!,"#두산알프하임#남양주아파트#남양주부동산#호평동#알프하임#신축아파트

안녕하세요^^

피터팬 중개사 입니다.

피터팬 중개사도 어느덧 두산알프하임에 입주한지

한달정도가 되었네요.

두산알프하임 입주자 여러분들도 피터팬 중개사와 똑같이 

한마음 한 뜻일겁니다.

남양주 두산알프하임 아파트 정말 살기 좋다라는거!!

오늘은 남양주 두산알프하임 아파트 대중적으로 많이 알려져 있습니다.

피터팬 중개사 또한 남양주 호평동,평내동이 고향이므로

정말 개인적으로 많이 사랑하는 동네이기도 합니다

이렇게 빠르게 변화할줄은?? 아무도 생각을 못했을겁니다^^;;

자 본론으로 오늘은 알프하임 108E타입 44평 복층 테라스 

구조를 소개해드리겠습니다.

요즘들어 전세나 월세문의가  거의 알프하임 위주로 문의가 오고있는데

피터팬 중개사가 여기동네가 처음이신분들을 위해 

정말 양심적으로 책임중개를 약속드리겠습니다.

호평동 지인부동산
TEL:031-559-5114",UCLW56PFJOM-aJD04Da0DpQA,피터팬중개사,2021-03-26T09:34:40Z,371,6.18,False,1987,22,1,https://www.youtube.com/watch?v=w75oALTHp0w,2280,340,PF270304,피터팬 [남양주],무용(서양/한국무용),다산아트홀,2025-08-23,2025-08-23,,,,none,none,0,False,False,0,no_strong_signal,신호 없음
-OeHp8XAewU,남양주시 호평동 구축아파트가 인테리어를 하면???,"#호평동#호평동부동산#호평동아파트#남양주부동산

안녕하세요 피터팬 중개사입니다.

오늘 소개해드릴 영상은 

최근에 호평동 대주아파트 매매거래진행을 중개하면서

매수인분께서 대대적으로 인테리어를 하시고 입주하실계획이시라 말씀을 주셨는데

집 구경을 가봤는데 20년된아파트라는 세월이 각인이 안될정도로 

거의 신축아파트 컨디션급으로 만들어 놓으셔서

여러분들에게도 연식이 오래된 아파트 특성상 인테리어를 하게되면

이런느낌으로도 집을 꾸며놓을수 있구나??라는 메시지를 전달드리고싶어서

영상을 제작하게되었습니다.

본 영상은

호평동 대주파크빌 31평 구조입니다.

매물영상은 아니지만 

아파트 구조를 랜선으로나마 구조를 확인하시는데 도움이 되셨으면 좋겠습니다.

물건 촬영 의뢰 이메일주소:eown1202@naver.com
                   HP:010-5606-9942

총세대수:673세대 10개동
준공년도:2004년12월(20년차)
총주차대수:914대 세대당(1.35대)
방향:남향
평수:31평
방3개/화장실2개
공동주택시스템제공 평균관리비:18만원

물건 촬영 의뢰 이메일주소:eown1202@naver.com
                   HP:010-5606-9942

*중개대상물 표시 광고 명시사항*

지인공인중개사 사무소

사무실주소:경기도 남양주시 호평동 신명스카이뷰 단지내 상가 103호 지인공인중개사사무소

TEL:031-559-5114 HP:010-5606-9942

등록번호:41360-2017-50009

공인중개사 정덕영",UCLW56PFJOM-aJD04Da0DpQA,피터팬중개사,2023-04-21T11:00:00Z,236,3.93,False,1381,11,0,https://www.youtube.com/watch?v=-OeHp8XAewU,2280,340,PF270304,피터팬 [남양주],무용(서양/한국무용),다산아트홀,2025-08-23,2025-08-23,,,,none,none,0,False,False,0,no_strong_signal,신호 없음
sagO5Gil55E,MBC구해줘 홈즈에 나온 살기좋은 남양주시 호평동!!!,"#MBC구해줘홈즈#남양주시아파트#신혼부부추천#살기좋은집

안녕하세요^~^

피터팬입니다.

오늘영상은 호평동 중흥S클래스 아파트 입니다.

36평구조를 설명드렸구 방3개/화장실2개

정문 바로앞에 대중교통 버스정류장이 위치해있구

서울청계천 미니멀한 호만천!

산책로 입구가 바로앞에!

살기좋은 남양주시 호평동 아파트를 소개해드렸습니다.

궁금하신사항 있으시면 언제든지 문의주세요^~^

감사합니다.

호평동 지인부동산
TEL:031-559-5114
HP:010-5606-9942

인스타그램:jdy777",UCLW56PFJOM-aJD04Da0DpQA,피터팬중개사,2020-09-03T13:57:41Z,395,6.58,False,1534,22,5,https://www.youtube.com/watch?v=sagO5Gil55E,2280,340,PF270304,피터팬 [남양주],무용(서양/한국무용),다산아트홀,2025-08-23,2025-08-23,,,,none,none,0,False,False,0,no_strong_signal,신호 없음
5CgGSA0FlaE,남양주 호평동에 신축아파트 뭐가있을까요??~ 역세권 학세권 슬세권 모든게 갖춰진 아파트 소개합니다.,"#호평동#신혼집#신축아파트

안녕하세요^~^

피터팬중개사입니다.

오늘 소개해드릴 영상은

경기도 남양주시 호평동 오네뜨 센트럴 아파트입니다.

보시는영상 거래유형은 월세로 나와있습니다.

하지만 요즘같은시국에 집을 보러다니는게 굉장히 민감한 사항 이다보니

이렇게나마 랜선으로 호평동 오네뜨 센트럴 아파트 24평 구조를 소개하면서

월세매물까지 같이 소개를 합니다.

현재 보증금:5천 월세130만원에 나와있는 상태이구

현재 나와있는 오네뜨센트럴같은경우

평내호평역 호평동중심상권 도보로 약10분안으로 원활하게 이동이 가능한

아주 가까운 위치에 입지한 준신축아파트 입니다.

영상보시면서 참고하시면서 호평동 아파트 임장투어하실때 

많은 도움 되셨으면 좋겠습니다. 

감사합니다^^

호평동 지인부동산
TEL:031-559-5114",UCLW56PFJOM-aJD04Da0DpQA,피터팬중개사,2021-07-31T09:00:02Z,246,4.1,False,761,19,3,https://www.youtube.com/watch?v=5CgGSA0FlaE,2280,340,PF270304,피터팬 [남양주],무용(서양/한국무용),다산아트홀,2025-08-23,2025-08-23,,,,none,none,0,False,False,0,no_strong_signal,신호 없음
B_lg9yKnNsw,"남양주 호평동 벚꽃놀이 명소 호만천??? feat""(커피맛에 진심인 윤겸카페)","#호평동#호평동맛집#호평동카페

안녕하세요 피터팬중개사입니다^^

오늘영상은 항상 부동산 매물 영상만 올리기보다

우리동네 자랑거리가? 어떤게 있을까??

곰곰히 생각을하다가 벚꽃잎이 다 떨어지기전에 제빠르게 호만천 벚꽃 명소를 

촬영하고 왔습니다.

너무나도 아름다운 호만천 풍경 

살기좋은 호평동!

호만천을 걷다가 개인적으로 자주가는 단골 카페도 소개해드릴겸

호평동 커피 맛집 윤겸 카페에도 다녀왔습니다^^

여러분들도 따스한 봄기운을 만끽하는 따스한 봄날이 오기를 기원합니다^^

감사합니다^&^





______________________________________________________________________


지인공인중개사 사무소

사무실주소:경기도 남양주시 호평동 신명스카이뷰 단지내 상가 103호 지인공인중개사사무소

물건 촬영 의뢰 이메일주소:eown1202@naver.com
                   HP:010-5606-9942

TEL:031-559-5114 HP:010-5606-9942

등록번호:41360-2017-50009

공인중개사 정덕영",UCLW56PFJOM-aJD04Da0DpQA,피터팬중개사,2023-04-04T03:15:00Z,189,3.15,False,686,16,8,https://www.youtube.com/watch?v=B_lg9yKnNsw,2280,340,PF270304,피터팬 [남양주],무용(서양/한국무용),다산아트홀,2025-08-23,2025-08-23,,,,none,none,0,False,False,0,no_strong_signal,신호 없음
6zDBAsSJFts,남양주시 호평동 아파트중에 여기집이 30평대 아파트라구요???,"#남양주부동산#호평동아파트#호평동부동산#30평대아파트

안녕하세요^~^ 

피터팬 중개사 입니다.

오늘 보시는 영상은 매매로 거래가 완료되었습니다만

매수인분께서 전부 올 인테리어를 하셔서 

여러분들에게 17년차아파트도 이렇게 꾸며놓게 되면 

신축아파트랑 똑같은 컨디션상태가 나온다는거를 보여드리기위해 

촬영을 했습니다.

오늘 보시는 영상은 

호평동 대주아파트 입니다.

입주년차는 2005년1월 준공이 완료되서 17년차

세대수는:673세대

31평/35평/53평 으로 구성이 되어있습니다.

남양주 호평동,평내동 외부에서 전입오는 비율이 점차적으로

매년 상승하고있습니다.

그만큼 수요가 많다는 이야기라고 들으셔도 무방할정도로

거주만족도도 아주높은 동네라고 감히 말씀을 드리고 싶습니다.

영상 보시면서 궁금하신 사항 있으시면 언제든지 연락주시면

정확하고 꼼꼼하고 팩트있게 말씀드리기를 약속드리겠습니다.

감사합니다.

호평동 지인부동산
TEL:031-559-5114",UCLW56PFJOM-aJD04Da0DpQA,피터팬중개사,2021-05-24T11:18:28Z,294,4.9,False,1780,24,1,https://www.youtube.com/watch?v=6zDBAsSJFts,2280,340,PF270304,피터팬 [남양주],무용(서양/한국무용),다산아트홀,2025-08-23,2025-08-23,,,,none,none,0,False,False,0,no_strong_signal,신호 없음
4rBMcBfXK9Q,남양주 호평동에 늘을중앙공원이 완공되면 더욱더 좋아질 아파트? 매매물건 소개합니다.,"#호평동부동산#호평동아파트#평내동

안녕하세요 피터팬중개사입니다.

오늘은 바로 바로 호평동 신명아파트 35평 매매물건이 나와서

바로 촬영을하구 업로드를 했습니다^^

조금있으면 호평동 신명아파트 바로 앞에 늘을중앙공원이 완공이 됩니다.

아무래도 도시계획시설 기반시설이라 공사를 하는 속도도 굉장히 탄력적으로 

진행이되어서 더욱더 빠른 완공이 될것이라 예상이 됩니다.

오늘 보시는 물건은 호평동 신명아파트 

35평 매매금액:5억7천에 나와있으며

안방뺴고 전부 올 확장되어있는 구조와 함께 전부 화이트톤 인테리어를 했습니다.

호평동 지인부동산
TEL:031-559-5114",UCLW56PFJOM-aJD04Da0DpQA,피터팬중개사,2021-12-17T08:00:02Z,216,3.6,False,600,13,0,https://www.youtube.com/watch?v=4rBMcBfXK9Q,2280,340,PF270304,피터팬 [남양주],무용(서양/한국무용),다산아트홀,2025-08-23,2025-08-23,,,,none,none,0,False,False,0,no_strong_signal,신호 없음
JIqasR-Ry4U,"남양주 호평동,평내동 추석이후 부동산 분위기는???","#호평동부동산#남양주부동산

안녕하세요 피터팬 중개사 입니다^^

오랜만에 여러분들에게 인사를 드리는거 같습니다.

추석이후 부동산 분위기는??

솔직히 부동산 정책이 수많이 바뀌는 변수가 계속 발생되는 와중에

아무도 예측불허한 상황 들이 자주 나오기 마련입니다.

그간 저평가 되었던 호평동,평내동도 

어느덧 더욱더 빛을 발휘하는 날이 오고있는거 같습니다.

오늘은 추석이후 호평.평내동 부동산 전반적인 분위기와

기준금리가 대폭인상으로 

전세시장보다는 반전세시장+월세시장이 조금더 탄력적으로 움직이는거 같습니다.

구독자분들 시청자 여러분들 환절기 건강 잘챙기시구

다시한번 또 좋은영상으로 찾아뵙겠습니다.

감사합니다.

호평동 지인부동산
TEL:031-559-5114",UCLW56PFJOM-aJD04Da0DpQA,피터팬중개사,2021-09-24T10:17:27Z,364,6.07,False,1001,32,2,https://www.youtube.com/watch?v=JIqasR-Ry4U,2280,340,PF270304,피터팬 [남양주],무용(서양/한국무용),다산아트홀,2025-08-23,2025-08-23,,,,none,none,0,False,False,0,no_strong_signal,신호 없음
S9pquWNkMss,남양주시 부동산 (호평동부동산)신명아파트  35평 전세물건,"#신혼부부집#역세권아파트#호평동부동산

안녕하세요!

피터팬&꼬마마녀 부동산 TV

피터팬 입니다^~^

-------------------------------------------------------------------------

오늘은 본 영상 소개에 앞서

코로나 19 바이러스로 인해 전국적으로 확산됨에 따라

많은 자영업자분들이나 직장인들 많은다수인원들이 많은 피해를 입고있습니다.

요즘 처럼 많이 힘든시국에 다같이 이겨내리라 저또한 간절하게 기원합니다.

개인 위생 철저하게 잘 방지해서 추가확산 없이 마무리 되기를 바랍니다.

-------------------------------------------------------------------------

오늘 보시는 영상은 호평동 신명아파트 35평 전세 물건을 소개해드립니다.

35평 현재 공실 상태이구 3월달에 도배 장판 천장까지 공사가 다완료된 물건입니다.

앞동으로 조망권이 아주 훌륭하며 중심상업 시설까지 도보로 약10분이면 이동이 가능한

귀한 전세물건입니다.

전세자금대출 또한 전세보증금 한도안에서 80% 대출금액이 나오는 물건이며

공실 상태이다 보니 즉시입주도 가능합니다.

전세가격은:2억6천으로 나와있는 상태입니다.


아래번호로 연락주시면 거짓없이 상세하게 본 물건 투어를 약속드리고


궁금하신 사항 있으시면 언제든지 연락주세요^~^

호평동 지인부동산 TEL:031-559-5114  
                                  HP:010-5606-9942

블로그주소:https://blog.naver.com/eown1202

인스타주소:https://www.instagram.com/jdy777/",UCLW56PFJOM-aJD04Da0DpQA,피터팬중개사,2020-03-03T13:53:49Z,869,14.48,False,1778,59,4,https://www.youtube.com/watch?v=S9pquWNkMss,2280,340,PF270304,피터팬 [남양주],무용(서양/한국무용),다산아트홀,2025-08-23,2025-08-23,,,,none,none,0,False,False,0,no_strong_signal,신호 없음
TF9z-V5Gb6E,남양주 오래된아파트를 풀 인테이러를 한다면??? #호평동부동산 #호평동부동산 #호평동아파트 #호평동,"#호평동부동산 #호평동 #호평동아파트 #구해줘홈즈 

안녕하세요 피터팬 중개사입니다.

오늘 소개해드릴 영상은 

경기도 남양주시 호평동 신명아파트 입니다.

2023년6월17일날 피터팬중개사 지인부동산에서 매매계약을 체결하신후

잔금처리까지 마친후 풀공사를 진행한후 완성된상태에서 집주인분 동의를 구하고 촬영한 영상입니다.

호평동 신명아파트가 입주년차가 18년차 되었지만

풀 인테리어를 하게될경우??? 어떤모습일지???

앞으로 매매계획과 인테리어 계획이 있으시다면 필수시청영상!


물건 촬영 의뢰 이메일주소:eown1202@naver.com
                   HP:010-5606-9942

총세대수:399세대 7개동
준공년도:2006년06월(18년차)
방향:남향
평수:35평
방3개/화장실2개
공동주택시스템제공 평균관리비:22만원

물건 촬영 의뢰 이메일주소:eown1202@naver.com
                   HP:010-5606-9942

*중개대상물 표시 광고 명시사항*

지인공인중개사 사무소

사무실주소:경기도 남양주시 호평동 신명스카이뷰 단지내 상가 103호 지인공인중개사사무소

TEL:031-559-5114 HP:010-5606-9942

등록번호:41360-2017-50009

공인중개사 정덕영",UCLW56PFJOM-aJD04Da0DpQA,피터팬중개사,2023-10-30T12:22:58Z,56,0.93,True,1987,11,2,https://www.youtube.com/watch?v=TF9z-V5Gb6E,2280,340,PF270304,피터팬 [남양주],무용(서양/한국무용),다산아트홀,2025-08-23,2025-08-23,,,,none,none,0,False,False,0,no_strong_signal,신호 없음
coK5qvXMc7U,"라스베가스 기술팀내한 뮤지컬 ""피터팬"" 하이라이트장면","라스베가스 기술팀내한 뮤지컬 “피터팬” 공연개요
공연기간: 2016년 7월 23일 (토)- 8월 1일 (월)
공연장소: KBS 아레나홀

여러분들~ 여름이 오시기만을 기다리셨죠?
드디어! 가족뮤지컬계의 명품 공연 
“라스베가스 기술팀내한- 뮤지컬” 피터팬이 돌아왔습니다~
관객석 머리위를 나는 피터팬!!!
아이들의 감수성을 자극하는 바로 그! 공연입니다.
7월 23일부터 8월 1일까지
KBS 아레나홀에서 공연합니다~ 많은 사랑과 관심 부탁드립니다.
객석플라잉 영상 한번 보시고~~~ 예매하러 GO",UC_VeuJHqJebzphFFJRVqvGA,컬쳐팍스,2016-05-31T06:36:47Z,88,1.47,False,3082,2,0,https://www.youtube.com/watch?v=coK5qvXMc7U,36,15,PF270304,피터팬 [남양주],무용(서양/한국무용),다산아트홀,2025-08-23,2025-08-23,,,,none,none,0,False,True,2,no_strong_signal,작품명이 따옴표/괄호로 명시적으로 인용됨
JFH1ztt8k3I,[밀알복지재단] MBC 장애인식개선 프로젝트 '우리동네 피터팬' 굿윌스토어 하이라이트(1회-7회),"우리들이 쓰지 않는 중고품으로 장애인의 일자리가 만들어지는 마술같은 현장
밀알복지재단_굿윌스토어",UCbf_vyCV5FEwnpggd9l3yoQ,밀알복지재단,2018-11-30T01:44:49Z,282,4.7,False,481,7,0,https://www.youtube.com/watch?v=JFH1ztt8k3I,8630,361,PF270304,피터팬 [남양주],무용(서양/한국무용),다산아트홀,2025-08-23,2025-08-23,,,,none,none,0,False,False,0,no_strong_signal,신호 없음
u1aqFLyM_HU,피터팬! 아주 특별한이야기 하이라이트,2017 중국 항조 국제연극제 개막작,UC-HHyFwFKZZw63ByE4dg67Q,김우찬,2020-02-18T09:00:27Z,406,6.77,False,116,1,0,https://www.youtube.com/watch?v=u1aqFLyM_HU,9,22,PF270304,피터팬 [남양주],무용(서양/한국무용),다산아트홀,2025-08-23,2025-08-23,,,,none,none,0,False,False,0,no_strong_signal,신호 없음
2nBWP46CGps,2020.2.16 제4회 피터팬 프로암&매니아 제너럴 파티 선수 포메이션 Dancesport Formation  | 박재훈댄스스튜디오,"2020.2.16. 

박재훈 댄스스튜디오 
제4회 피터팬&제네럴 파티 [선수 포메이션] 영상입니다. 

Je Dancestudio
4th Peterpan&General Party 'Showcase-Latin&Ballroom'


- 박재훈 댄스스튜디오 
위치 : 서울시 서초구 강남대로27길 7-21 지하 1층


#박재훈댄스스포츠#댄스스포츠포메이션#댄스스포츠",UCl33oefsn3UgibtB21_XRuw,박재훈댄스스튜디오 Je Park dancesport,2020-02-20T06:53:03Z,409,6.82,False,701,6,0,https://www.youtube.com/watch?v=2nBWP46CGps,918,116,PF270304,피터팬 [남양주],무용(서양/한국무용),다산아트홀,2025-08-23,2025-08-23,,,,mismatch,none,0,False,False,-2,delete_candidate,날짜 불일치(다른 회차 가능성)
NqbeA2u1AUE,[우리동네피터팬] 52회 굿윌스토어 –더 큰 세상을 향한 도전,"[우리동네피터팬] 52회 굿윌스토어 –더 큰 세상을 향한 도전

물품 기부 문의 전화
1670-9125

#피터팬날아오르다 
#굿윌스토어 #송파점 #우리동네피터팬 #물품기부 
#MBC #MBC나눔 #밀알복지재단
#나눔은곧기쁨 #웃음은곧나눔",UCePyrIa50TpRh9aPqHReJJQ,MBC나눔,2019-12-23T06:55:55Z,601,10.02,False,767,12,0,https://www.youtube.com/watch?v=NqbeA2u1AUE,11500,601,PF270304,피터팬 [남양주],무용(서양/한국무용),다산아트홀,2025-08-23,2025-08-23,,,,none,none,0,False,False,0,no_strong_signal,신호 없음
RhL2pTAicVs,2020.02.16 제4회 피터팬 프로암&매니아 파티 선수포메이션 | 박재훈댄스스튜디오,"안녕하세요, 박재훈댄스스튜디오입니다. 

2020년 2월 16일에 열렸던 
제4회 피터팬 프로암&매니아 대회 제너럴파티 중 

선수 포메이션 영상입니다. 


■ 박재훈 댄스스튜디오 
- 문의 : 02-3463-8355 
- 위치 : 3호선/분당선 양재역 9번 출구 도보 10분 
           마을버스 승차시 1정거장 


#댄스스포츠#박재훈댄스스포츠#박재훈댄스스튜디오
#댄스스포츠포메이션#피터팬파티#박재훈피터팬파티
#dancesport#dancesportformation
#Latin#Ballroom#dancesportshowcase",UCl33oefsn3UgibtB21_XRuw,박재훈댄스스튜디오 Je Park dancesport,2020-02-20T04:09:12Z,361,6.02,False,565,7,0,https://www.youtube.com/watch?v=RhL2pTAicVs,918,116,PF270304,피터팬 [남양주],무용(서양/한국무용),다산아트홀,2025-08-23,2025-08-23,,,,none,none,0,False,False,0,no_strong_signal,신호 없음
Jou9q1jWAIs,팅커벨 5분 하이라이트자막포함,"극단 자유마당의  ""팅커벨""
- 어린이뮤지컬 ""팅커벨""은 팅커벨이 피터팬을 만나기 이전 요정들의 세계를 그린 작품이다. 이 작품의 특징은 영상을 가미하여 영상 속 인물과 무대위 배우들이 같이 호흡하며 한 공간에 있는 착각을 하도록 서로의 싱크를 절묘하게 맞춤으로 시,공간의 제한을 뛰어 넘어 한정된 무대위에서 다양한 연극적 시도를 한 독특한 영상 연극이다.",UC-HHyFwFKZZw63ByE4dg67Q,김우찬,2017-12-26T02:31:27Z,333,5.55,False,183,0,0,https://www.youtube.com/watch?v=Jou9q1jWAIs,9,22,PF270304,피터팬 [남양주],무용(서양/한국무용),다산아트홀,2025-08-23,2025-08-23,,,,none,none,0,False,False,0,no_strong_signal,신호 없음
Q5mSp7UCwg0,피터팬 예매처용300708,"라스베가스 기술팀내한 뮤지컬 “피터팬” 공연개요
공연기간: 2016년 7월 23일 (토)- 8월 1일 (월)
공연장소: KBS 아레나홀

여러분들~ 여름이 오시기만을 기다리셨죠?
드디어! 가족뮤지컬계의 명품 공연 
“라스베가스 기술팀내한- 뮤지컬” 피터팬이 돌아왔습니다~
관객석 머리위를 나는 피터팬!!!
아이들의 감수성을 자극하는 바로 그! 공연입니다.

#뮤지컬피터팬, #아동뮤지컬, #어린이뮤지컬, #어린이뮤지컬추천, #가족뮤지컬, #피터팬, #플라잉피터팬, #뮤지컬추천, #공연추천, #아동뮤지컬추천 #아동극",UC_VeuJHqJebzphFFJRVqvGA,컬쳐팍스,2016-07-15T02:37:56Z,31,0.52,True,1191,3,0,https://www.youtube.com/watch?v=Q5mSp7UCwg0,36,15,PF270304,피터팬 [남양주],무용(서양/한국무용),다산아트홀,2025-08-23,2025-08-23,,,,none,none,2,False,False,2,no_strong_signal,해시태그 2개 카테고리 일치
KTnMiHG5wCQ,유치부18기피터팬연습과정,극단 서울의 유치부 18기 Peter Pan 연습과정,UC9kLk05TywT0DF2qqST0aWA,smusicalkevin,2011-12-20T04:23:25Z,267,4.45,False,1055,4,,https://www.youtube.com/watch?v=KTnMiHG5wCQ,194,53,PF270304,피터팬 [남양주],무용(서양/한국무용),다산아트홀,2025-08-23,2025-08-23,,,,none,none,0,False,False,0,no_strong_signal,신호 없음
-JvdKqrifoE,피터팬전,"[피터팬전] 
K현대미술관 특별전시관 B1 & B1.5
2023.05.05 - 2023.10.29",UCq9daqLijKsr86wOh_i8xdQ,kmca contact,2023-09-13T01:13:01Z,49,0.82,True,45,0,0,https://www.youtube.com/watch?v=-JvdKqrifoE,0,2,PF270304,피터팬 [남양주],무용(서양/한국무용),다산아트홀,2025-08-23,2025-08-23,,,,mismatch,none,0,False,False,-2,delete_candidate,날짜 불일치(다른 회차 가능성)
1MXp5z_B4l8,[밀알복지재단] MBC 장애인식개선 '우리동네 피터팬' 슈퍼맨 아빠 이원준 하이라이트,"자신만의 세계 네버랜드를 떠나지 못한 피터팬처럼,
세상의 편견과 장애로 인해 세상 밖으로 나가지 못한 장애인들의 좌충우돌 사회도전기!

MBC 우리동네 피터팬
본방송: 매주 목요일 낮 12시 25분
재방송: 매주 금요일 오전 5시 00분",UCbf_vyCV5FEwnpggd9l3yoQ,밀알복지재단,2019-04-05T02:44:12Z,2982,49.7,False,38553,901,51,https://www.youtube.com/watch?v=1MXp5z_B4l8,8630,361,PF270304,피터팬 [남양주],무용(서양/한국무용),다산아트홀,2025-08-23,2025-08-23,,,,none,none,0,False,False,0,no_strong_signal,신호 없음
G-F_4lAuTCA,[우리동네피터팬] 35회 굿윌스토어 - 함께 만드는 일터,"[우리동네피터팬] 35회 굿윌스토어 - 함께 만드는 일터   



우리동네피터팬을 통해
세상 밖으로 나온 피터팬들

그리고 세상을 향해 던지는
피터팬들의 메시지

'지금이 아니면 못하겠는 거에요'

더 많은 피터팬이
세상 밖으로 나올 수 있도록

첫 번째 프로젝트
'굿윌스토어 건립'

자선이 아닌 기회

세상을 향한 도약을 시작한
피터팬들이 있는 곳

저렴하고 다양한 쓸모 있는 물건들
피터팬의 손에서 재탄생하는 기부 물품  

판매수익=장애인 직원 월급

기부물품 UP
장애인 일자리 창출 UP
 
여러분들의 기부를 통해
더 많은 피터팬이 날 수 있습니다

물품 기부 문의 전화
1670-9125
 
매주 목요일 낮 12시 25분, 금요일 오전 5시에 만나요

#피터팬날아오르다 
#굿윌스토어 #우리동네피터팬 #물품기부 
#MBC #MBC나눔 #밀알복지재단
#나눔은곧기쁨 #웃음은곧나눔 #진영",UCePyrIa50TpRh9aPqHReJJQ,MBC나눔,2019-06-19T22:00:00Z,690,11.5,False,1374,14,0,https://www.youtube.com/watch?v=G-F_4lAuTCA,11500,601,PF270304,피터팬 [남양주],무용(서양/한국무용),다산아트홀,2025-08-23,2025-08-23,,,,none,none,0,False,False,0,no_strong_signal,신호 없음
EqGQ75UCSB8,[밀알복지재단] MBC 장애인식개선 프로젝트 '우리동네 피터팬' 시리즈4부 방송 예고편,"자신만의 세계 네버랜드를 떠나지 못한 피터팬처럼,
세상의 편견과 장애로 인해 세상 밖으로 나가지 못한 장애인들의 좌충우돌 사회도전기!

MBC 우리동네 피터팬
본방송: 매주 목요일 낮 12시 25분
재방송: 매주 금요일 오전 5시 00분",UCbf_vyCV5FEwnpggd9l3yoQ,밀알복지재단,2019-01-28T08:35:56Z,32,0.53,True,723,9,1,https://www.youtube.com/watch?v=EqGQ75UCSB8,8630,361,PF270304,피터팬 [남양주],무용(서양/한국무용),다산아트홀,2025-08-23,2025-08-23,,,,none,none,0,False,False,0,no_strong_signal,신호 없음
L8Rbz7BSzng,[밀알복지재단] MBC 장애인식개선 프로젝트 '우리동네 피터팬' 시리즈 5부 방송 예고편,"자신만의 세계 네버랜드를 떠나지 못한 피터팬처럼,
세상의 편견과 장애로 인해 세상 밖으로 나가지 못한 장애인들의 좌충우돌 사회도전기!

MBC 우리동네 피터팬
본방송: 매주 목요일 낮 12시 25분
재방송: 매주 금요일 오전 5시 00분",UCbf_vyCV5FEwnpggd9l3yoQ,밀알복지재단,2019-04-01T02:56:16Z,31,0.52,True,707,6,0,https://www.youtube.com/watch?v=L8Rbz7BSzng,8630,361,PF270304,피터팬 [남양주],무용(서양/한국무용),다산아트홀,2025-08-23,2025-08-23,,,,none,none,0,False,False,0,no_strong_signal,신호 없음
bt-CWzHHdlU,"라스베가스 플라잉 기술팀 내한 뮤지컬 ""피터팬""","라스베가스 기술팀내한 뮤지컬 “피터팬” 공연개요
공연기간: 2016년 7월 23일 (토)- 8월 1일 (월)/ 8월 4일 (목)- 7일 (일)
공연장소: KBS 아레나홀/ 충무아트센터

여러분들~ 여름이 오시기만을 기다리셨죠?
드디어! 가족뮤지컬계의 명품 공연 
“라스베가스 기술팀내한- 뮤지컬” 피터팬이 돌아왔습니다~
관객석 머리위를 나는 피터팬!!!
아이들의 감수성을 자극하는 바로 그! 공연입니다.

#뮤지컬피터팬, #아동뮤지컬, #어린이뮤지컬, #어린이뮤지컬추천, #가족뮤지컬, #피터팬, #플라잉피터팬, #뮤지컬추천, #공연추천, #아동뮤지컬추천 #아동극",UC_VeuJHqJebzphFFJRVqvGA,컬쳐팍스,2016-06-19T13:40:50Z,31,0.52,True,810,4,0,https://www.youtube.com/watch?v=bt-CWzHHdlU,36,15,PF270304,피터팬 [남양주],무용(서양/한국무용),다산아트홀,2025-08-23,2025-08-23,,,,none,none,2,False,True,4,verified_candidate,작품명이 따옴표/괄호로 명시적으로 인용됨; 해시태그 2개 카테고리 일치
XKBLKn4OUKc,🦋💫✨서울발레시어터_피터팬_커튼콜🧚🏻‍♂️✨,,UC1FpDQ5NhBXBSTmFoUWNMAA,이쁘다니 ᴅᴀɴɪʟᴏɢ,2021-12-20T06:08:58Z,82,1.37,False,1205,24,2,https://www.youtube.com/watch?v=XKBLKn4OUKc,2410,133,PF270304,피터팬 [남양주],무용(서양/한국무용),다산아트홀,2025-08-23,2025-08-23,,,,none,none,0,False,False,0,no_strong_signal,신호 없음
y8rWEynvwls,"230217 뮤지컬 앨리스 커튼콜 (조치현, 박영수, 손지애, 김방언, 유효진, 주태윤, 조은진, 박지원) - 손지애 애벌레언니 위주","나영 #조치현
아빠 #박영수
애벌레언니 #손지애 
피터팬 #김방언
체셔 고양이 #유효진
토끼 #주태윤
파란여왕 #조은진
후크선장 #박지원

이해랑 예술극장",UCg_juTY-r2GnhxEqbRGiZOA,연록,2023-02-17T16:48:58Z,94,1.57,False,129,3,0,https://www.youtube.com/watch?v=y8rWEynvwls,149,464,PF270304,피터팬 [남양주],무용(서양/한국무용),다산아트홀,2025-08-23,2025-08-23,,,,none,none,0,False,False,0,no_strong_signal,신호 없음
tSIPpZ-zjV0,22.08.30 엘리자벳 22년 첫공연 김준수 커튼콜,블루스퀘어,UCJxmVlmtN6gg-39kvsWqpUQ,시엔슈&노을이 XianShu&Noel,2022-08-30T14:02:19Z,64,1.07,False,7143,355,6,https://www.youtube.com/watch?v=tSIPpZ-zjV0,1960,895,PF270304,피터팬 [남양주],무용(서양/한국무용),다산아트홀,2025-08-23,2025-08-23,,,,none,none,0,False,False,0,no_strong_signal,신호 없음
aJ6kHKniTp4,가족뮤지컬 피터팬 커튼콜 용인시 평생학습관 큰어울림마당 공연,"23년 4월 15일 토요일, 용인시 수지구에 위치한 평생학습관 큰어울림마당에서 관람한 피터팬 가족뮤지컬 커튼콜 영상입니다. 관객과 재밌게 소통하고 아주 신나게 관람한 뮤지컬이였습니다.

자세한 후기는 블로그를 참고해주세요. (곧 업데이트 예정)",UC8-r-dkBpfaTW6Tmy0BJe0w,이니지니랜드,2023-04-15T10:26:04Z,130,2.17,False,960,,,https://www.youtube.com/watch?v=aJ6kHKniTp4,473,118,PF270304,피터팬 [남양주],무용(서양/한국무용),다산아트홀,2025-08-23,2025-08-23,,,,none,none,0,False,False,0,no_strong_signal,신호 없음
d-pwmmDhZYk,220830 엘리자벳 커튼콜 1,"블루스퀘어 신한카드홀 1층 12열 12번
#옥주현 #김준수 #이지훈 #민영기 #진태화",UCM7e0JznuozOZeLMEZjvJcg,황미나,2022-08-31T04:47:13Z,116,1.93,False,59,0,0,https://www.youtube.com/watch?v=d-pwmmDhZYk,77,25,PF270304,피터팬 [남양주],무용(서양/한국무용),다산아트홀,2025-08-23,2025-08-23,,,,none,none,0,False,False,0,no_strong_signal,신호 없음
rCFES7AT7Cg,"230207 뮤지컬 앨리스 커튼콜 (조치현, 박건, 손지애, 김방언, 정재헌, 이종원, 조은진, 유세선)","나영 #조치현
아빠 #박건
애벌레언니 #손지애 
피터팬 #김방언
체셔 고양이 #정재헌
토끼 #이종원 
파란여왕 #조은진
후크선장 #유세선

이해랑 예술극장",UCg_juTY-r2GnhxEqbRGiZOA,연록,2023-02-07T15:34:24Z,120,2.0,False,96,1,0,https://www.youtube.com/watch?v=rCFES7AT7Cg,149,464,PF270304,피터팬 [남양주],무용(서양/한국무용),다산아트홀,2025-08-23,2025-08-23,,,,none,none,0,False,False,0,no_strong_signal,신호 없음
hnV93sFbXGk,연극미저리 커튼콜 190824 CAST 김상중 길해연 손정은,"#문화생활 하고 온날 🧡 광화문 세종문화회관 에서 #연극 #미저리 보고 왔어요 :) 김상중,길해연,손정은 배우님들 나오는 날이였는데 정말 멋진공연 보고 왔어요 🙏",UCVZfvjnqJY4XZTsMFvxTdwQ,서우 seowoo,2019-08-25T00:36:44Z,113,1.88,False,229,1,0,https://www.youtube.com/watch?v=hnV93sFbXGk,1250,381,PF270304,피터팬 [남양주],무용(서양/한국무용),다산아트홀,2025-08-23,2025-08-23,,,,none,none,1,False,False,1,no_strong_signal,신호 없음
lYZU3dR0nlo,"230129 낮 뮤지컬 앨리스 커튼콜 (이휴, 박건, 손지애, 차율, 정재헌, 이종원, 곽나윤, 박지원)","나영 #이휴
아빠 #박건
애벌레언니 #손지애 
피터팬 #차율
체셔 고양이 #정재헌
토끼 #이종원 
파란여왕 #곽나윤
후크선장 #박지원

이해랑 예술극장",UCg_juTY-r2GnhxEqbRGiZOA,연록,2023-01-29T14:53:32Z,122,2.03,False,67,0,0,https://www.youtube.com/watch?v=lYZU3dR0nlo,149,464,PF270304,피터팬 [남양주],무용(서양/한국무용),다산아트홀,2025-08-23,2025-08-23,,,,none,none,0,False,False,0,no_strong_signal,신호 없음
ZUr9O6VBwP8,"Musical 2013 '벽을 뚫는 남자',Le Passe-Muraille' 서울 막공 Curtain Call-마티율 ver.","시야 확보가 어려워 only 마이클 리(Michael K. Lee) 버전으로 
촬영된 영상입니다
뮤지컬 ""벽을 뚫는 남자""스윙과 나머지 배우들, 음악감독님들&연주자분들 소개와
 막공소감 & 감사 인사 그리고 마지막 커튼 콜 노래 부분이에요.
2014.1.26. Sun., 6 P.M. @홍익대 대학로 아트센터 대극장",UCdZsKs4IkdyDDZdKOCYyP5Q,Wook-hee Jeong,2014-01-27T09:43:13Z,422,7.03,False,902,9,0,https://www.youtube.com/watch?v=ZUr9O6VBwP8,1830,363,PF270304,피터팬 [남양주],무용(서양/한국무용),다산아트홀,2025-08-23,2025-08-23,,,,mismatch,none,0,False,False,-2,delete_candidate,날짜 불일치(다른 회차 가능성)
Si5E9PzaaY8,뽀로로와 크롱이 나타났다!!,,UCXTl-U038XgF_WRf0Jj0QOQ,뽀로로파크잠실점,2019-01-16T00:38:40Z,67,1.12,False,376,5,0,https://www.youtube.com/watch?v=Si5E9PzaaY8,55,28,PF270304,피터팬 [남양주],무용(서양/한국무용),다산아트홀,2025-08-23,2025-08-23,,,,none,none,0,False,False,0,no_strong_signal,신호 없음
XIk49eeMJ-I,전통춤 구리 아트홀 공연ㅡ지평 어머니회,전통춤 구리 아트홀  공연 지평 어머니회,UCNYcMSQTImiLQBC9cthK0ig,kyunsoo jang,2020-12-30T03:52:29Z,1133,18.88,False,141,1,0,https://www.youtube.com/watch?v=XIk49eeMJ-I,3,3,PF270304,피터팬 [남양주],무용(서양/한국무용),다산아트홀,2025-08-23,2025-08-23,,,,none,none,0,False,False,0,no_strong_signal,신호 없음
S2QZg-pqEJc,"뽀로로 20주년 스페셜 매직 싱어롱쇼 ""슈퍼스타 뽀로로 드림콘서트"" - ♪뽀로로 오프닝송(안녕 친구들)","뽀로로 20주년 스페셜 매직 싱어롱쇼 ""슈퍼스타 뽀로로 드림콘서트"" - ♪뽀로로 오프닝송(안녕 친구들)
(2023.7.30)
#뽀로로뮤지컬 #가족뮤지컬 #pororo  #슈퍼스타뽀로로드림콘서트 #뽀로로20주년 #어린이뮤지컬

뽀로로탄생 20주년 기념 매직 싱어롱쇼!

""우린 모두 꿈이 있어!""

♪뽀로로 오프닝송(엔딩무대)

정통 라이브밴드와 함께
환상적인 마술도 보면서 
감동적인 뮤지컬을 즐기고 왔어요~

* 2023 전국투어일정
서울 : 7/29~8/6 (코엑스 오디토리움)
수원 : 8/12~8/13 (경기아트센터)
전주 : 8/19~8/20 (한국소리의전당모악당)
부산 : 8/26~8/27 (벡스코오디토리움)
청주 : 9/2~9/3 (예술의전당)
대전 : 9/16~9/17 (평송청소년문화센터)
울산 : 9/23~9/24 (KBS홀)
서울 : 9/23~11/12 (로운아트홀)
광주 : 9/29~9/30 (광주예술의전당)
대구 : 10/7~10/8 (천마아트센터그랜드홀)
창원 : 10/14~10/15 (KBS홀)
안산 : 10/28~10/29 (예술의전당해돋이극장)
성남 : 11/25~11/26 (오페라하우스)",UCISZRYDS2HWbdtpzHJGNHlQ,원서TV,2023-08-03T01:00:09Z,162,2.7,False,98761,153,0,https://www.youtube.com/watch?v=S2QZg-pqEJc,2020,22,PF270304,피터팬 [남양주],무용(서양/한국무용),다산아트홀,2025-08-23,2025-08-23,,,,mismatch,none,0,False,False,-2,delete_candidate,날짜 불일치(다른 회차 가능성)
k0j3SMh1bU0,뽀로로파크 금천점 1주년 생일파티 '공연 이벤트',"뽀로로파크 금천점 1주년 생일파티 공연 이벤트를 안내해 드릴게요! 🎉
공식 블로그 공연 안내보러 가기!
https://blog.naver.com/pororopark00/222763228813

📆금천점 1주년 행사기간 : 2022년 6/18, 6/19, 6/25 (3일)

✔1. 뽀롱언니와 함께하는 본 공연 시작 전 캐릭터 소개!
(시간 - 12시/ 14시/ 16시/ 18시)

✔2. 뽀롱언니와 함께하는 싱어롱쇼 공연
뽀로로파크 금천점에서 준비한 1주년 캐릭터 공연을 즐겨봐요~!
(시간 - 12시15분/ 14시 15분/ 16시 15분/ 18시 15분)

✔3. 축하무대 신나는 K-POP 댄스
(시간 - 13시/ 15시/ 17시)

✔4. 뽀롱언니와 뽀로로친구들이 함께하는 '돌잡이' 이벤트
'뽀로로는 무엇을 잡을까요?' 입장시 받은 티켓 추첨함에 넣어주세요~!
(시간 - 13시15분/ 15시15분/ 17시15분)

✔5. 레드카펫 행사
ONLY 금천점에서만! 게릴라 이벤트!
뽀로로 TV에 내가 나왔으면 정말 좋겠네~♬
참여한 모든 어린이들에게 '뽀로로 마이크 사탕'을 증정!",UC1cWf9Ve-n2u2vO7HyYdSdw,뽀로로파크 & 타요키즈카페 l 공식 유튜브 채널,2022-06-14T06:00:20Z,70,1.17,False,19388,16,2,https://www.youtube.com/watch?v=k0j3SMh1bU0,131000,1003,PF270304,피터팬 [남양주],무용(서양/한국무용),다산아트홀,2025-08-23,2025-08-23,,,,none,none,0,False,False,0,no_strong_signal,신호 없음
-MjuqdyPwII,남양주 다산 연기뮤지컬 아르떼드림 피터팬,남양주 다산 연기뮤지컬 아르떼드림 피터팬,UCi3HoCvt4ubP0A8xIkdx-UQ,아르떼드림뮤지컬연기학원,2025-12-18T08:47:25Z,190,3.17,False,82,3,0,https://www.youtube.com/watch?v=-MjuqdyPwII,30,18,PF270304,피터팬 [남양주],무용(서양/한국무용),다산아트홀,2025-08-23,2025-08-23,,,,none,none,0,False,False,0,no_strong_signal,신호 없음
-Jvwo6-R_iI,231112 남양주콘서트 풀영상(나는피터팬 가리워진길 때 진짜사나이 오빠메들리),#정동원 #jeongdongwon,UC8XUbofaxt9z_6GwIFOysVA,하이동원부계정,2023-12-12T00:21:22Z,1617,26.95,False,2882,125,5,https://www.youtube.com/watch?v=-Jvwo6-R_iI,42700,22,PF270304,피터팬 [남양주],무용(서양/한국무용),다산아트홀,2025-08-23,2025-08-23,,,,none,none,0,False,False,0,no_strong_signal,신호 없음
5Rw1jYmJIrQ,정동원 [직캠] 231112 남양주 예술이음콘서트 나는피터팬 가리워진길 때 진짜사이니 오빠메들리,"🚫다른SNS 다음카페 이동금지🚫 🚫로고짤라서 캡쳐해서올리지마세요🚫

 #정동원팬캠 #정동원직캠 #정동원 #JEONGDONGWON",UCsMC3t3UUTQZofzfyXByYmw,동동JDW,2023-11-12T12:18:03Z,1606,26.77,False,83844,2673,157,https://www.youtube.com/watch?v=5Rw1jYmJIrQ,8630,69,PF270304,피터팬 [남양주],무용(서양/한국무용),다산아트홀,2025-08-23,2025-08-23,,,,none,none,0,False,False,0,no_strong_signal,신호 없음
a84COohXECc,“피터팬과 숲속 친구들 | 동화 뮤지컬 무대 감상”#롯데월드,#ThemeParkParade #NighttimeShow #AmusementParkFireworks,UCop3h-msWDWqzbRtqh3Upmw,Aom Za,2026-05-31T02:27:53Z,0,0.0,False,8,0,0,https://www.youtube.com/watch?v=a84COohXECc,1070,0,PF270304,피터팬 [남양주],무용(서양/한국무용),다산아트홀,2025-08-23,2025-08-23,,,,none,none,0,False,False,0,no_strong_signal,신호 없음
RwP1D_6T43A,롯데월드 가든스테이지 공연 #피터팬,"가든스테이지에서 공연중인 동화 이야기 🦄
피터팬이 후반부 엄청나다는 🧚🏻‍♂️🧚🏻‍♂️🧚🏻‍♂️
#가든스테이지 #롯데월드 #피터팬 #동화나라 #신비의가면",UCXC3VcaPzSpdalxDy3ORkiw,정류소 모먼트,2024-04-20T02:45:10Z,189,3.15,False,49,0,0,https://www.youtube.com/watch?v=RwP1D_6T43A,19,55,PF270304,피터팬 [남양주],무용(서양/한국무용),다산아트홀,2025-08-23,2025-08-23,,,,none,none,0,False,False,0,no_strong_signal,신호 없음
WkM_85BnPIA,직캠💚마법같은노래 부르는즁인 가수 #정동원 💞#피터팬 #경기도예술이음콘서트 #남양주 #shorts,마법같은 노래로 마법을 거는 즁인 정동원 가수 .ㅎ,UCVKbVLeXxkSUDo2I8f5IwZQ,동동유미_제이디원,2023-11-13T14:57:29Z,10,0.17,True,5264,866,8,https://www.youtube.com/watch?v=WkM_85BnPIA,30400,1063,PF270304,피터팬 [남양주],무용(서양/한국무용),다산아트홀,2025-08-23,2025-08-23,,,,none,none,0,False,False,0,no_strong_signal,신호 없음
hI2oRIgd-YI,롯데월드 동화나라 속 피터팬 #가든스테이지 #롯데월드 #피터팬,,UCXC3VcaPzSpdalxDy3ORkiw,정류소 모먼트,2024-03-27T14:06:04Z,24,0.4,True,793,10,0,https://www.youtube.com/watch?v=hI2oRIgd-YI,19,55,PF270304,피터팬 [남양주],무용(서양/한국무용),다산아트홀,2025-08-23,2025-08-23,,,,none,none,0,False,False,0,no_strong_signal,신호 없음
gQmCnGpcOmQ,"피터팬, 무대 뒤 반전! 손뼉과 제스처로 보여주는 비하인드","#shorts
롯데월드 공연2025 
롯데월드 
롯데월드 공연
#롯데월드
#롯데월드공연",UCsI2BuF9fwRIFvmXKkdzXxg,롯데월드매일가는남자,2025-09-29T04:00:52Z,34,0.57,True,21,1,0,https://www.youtube.com/watch?v=gQmCnGpcOmQ,10000,46,PF270304,피터팬 [남양주],무용(서양/한국무용),다산아트홀,2025-08-23,2025-08-23,,,,none,none,0,False,False,0,no_strong_signal,신호 없음
iN1Ksg53BcI,231112 남양주 심석고등학교 경기이음콘서트마지막날  정동원  나는피터팬 2절,,UCsZh2u_Gx3ARBKM9YC3unjQ,@onlydongwonlove,2023-11-13T01:56:25Z,107,1.78,False,31,4,0,https://www.youtube.com/watch?v=iN1Ksg53BcI,8790,469,PF270304,피터팬 [남양주],무용(서양/한국무용),다산아트홀,2025-08-23,2025-08-23,,,,none,none,0,False,False,0,no_strong_signal,신호 없음
l77bsEuzegA,231112 경기도 예술이음 콘서트_남양주 - 나는 피터팬 정동원,#경기도 #남양주 #예술이음콘서트 #정동원,UC8LMnLl0GOFLaI56oGHoYWw,쥴리안,2023-11-12T13:46:05Z,186,3.1,False,214,10,0,https://www.youtube.com/watch?v=l77bsEuzegA,2960,999,PF270304,피터팬 [남양주],무용(서양/한국무용),다산아트홀,2025-08-23,2025-08-23,,,,none,none,0,False,False,0,no_strong_signal,신호 없음
vesY_ZbxBfY,"""피터팬 등장부터 레전드… 후크는 그저 조연일 뿐🔥","롯데월드 공연2025 
롯데월드 
롯데월드 공연
#롯데월드
#롯데월드공연",UCUr6Q4S7VR0fn2wMn_Qkqow,롯데월드365일가는남자,2025-04-26T09:01:12Z,40,0.67,True,345,2,0,https://www.youtube.com/watch?v=vesY_ZbxBfY,49500,2482,PF270304,피터팬 [남양주],무용(서양/한국무용),다산아트홀,2025-08-23,2025-08-23,,,,none,none,0,False,False,0,no_strong_signal,신호 없음
NbA2L8tYPTM,피터팬 검술 대결! 화려한 무대 쇼! 😲,"#shorts
롯데월드 공연2025 
롯데월드 
롯데월드 공연
#롯데월드
#롯데월드공연",UCsI2BuF9fwRIFvmXKkdzXxg,롯데월드매일가는남자,2025-09-30T04:00:28Z,37,0.62,True,13,1,0,https://www.youtube.com/watch?v=NbA2L8tYPTM,10000,46,PF270304,피터팬 [남양주],무용(서양/한국무용),다산아트홀,2025-08-23,2025-08-23,,,,none,none,0,False,False,0,no_strong_signal,신호 없음
XxKSrze3V3M,피터팬의 음악회,"피터팬클럽의 아이들과 함께 한
2021년 마지막 음악회입니다.

[포텐셜음악회]
2021.12.15

[주최/주관] 
피터팬클럽 

[후원]
문화체육관광부
한국장애인문화예술원

[협력]
은평문화재단

#피터팬클럽 #연주회 #커버송 #공연영상

[영상 순서]
00:00 The Maiden's Prayer 피아노 김동호
03:55 음악회 소개
06:34 달무지개 피아노팀
06:38 작은별 최주황
07:37 제주삼다수&동물원 임지후
09:25 종이비행기 송정민
10:51 ""솔""자로 시작되는 말 김윤찬
11:51 루돌프 사슴코 김윤찬
12:32 색칠놀이 김규민 
13:24 숲속아기곰 김규민
14:21 로케트 김하연
14:42 잠수부 김하연
15:17 작은별 김하연 
15:58 기쁨의노래 송민찬
16:57 징글벨 송민찬
18:01 축하연주 소개
18:14 눈 테너 양일모
22:36 참소리 바이올린 앙상블 소개
24:12 숲속 작은집 김하연
26:20 그대로 멈춰라 신동빈
28:53 섬집아기 김동호
31:30 꽃밭에서 서현민
34:29 미뉴에트 No.1 서현민
37:30 피터팬클럽 인터뷰 영상
47:08 표창장 전달
52:13 축하연주 소개
52:46 바람이 불어오는 곳 한지우
54:59 프론티어 한지우
58:05 루돌프 사슴코 한지우
01:00:43 이플랫 색소폰 앙상블 소개
01:01:57 비행기 송정민
01:02:32 종소리 김동해
01:03:28 10월의 어느 멋진 날 김동호
01:07:28 사랑의 협주곡 김동해 송정민 김동호 박준성
01:08:46 Silent night 김동호 서현민
01:11:06 we wish you a Merry Christmas 김동호 서현민
01:13:05 축하연주 소개
01:13:16 Salut d'Amour(사랑의 인사) 김진영
01:16:22 감사 박준성
01:22:02 무지개꿈 중창단 소개
01:22:36 작은 세상
01:25:22 Happy Things
01:16:22 수고했어 오늘도
01:33:16 Tomorrow
01:36:24 버터플라이
01:40:50 엔딩크레딧",UCumRUyGTHYC-xG72I-L0tEg,피터팬클럽,2021-12-21T05:51:45Z,6116,101.93,False,765,24,8,https://www.youtube.com/watch?v=XxKSrze3V3M,130,61,PF270304,피터팬 [남양주],무용(서양/한국무용),다산아트홀,2025-08-23,2025-08-23,,,,mismatch,none,0,False,False,-2,delete_candidate,날짜 불일치(다른 회차 가능성)
zjGLsc2YQFk,하남문화예술회관 피터팬공연,마스크플레이 가족뮤지컬 피터팬 2012년 5월19일(토)~20일(일) 하남문화예술회관 대극장,UCTgQKbW5ncn2nu2AZ6NhJXQ,pinkguitar0,2012-04-16T07:17:44Z,33,0.55,True,1133,1,0,https://www.youtube.com/watch?v=zjGLsc2YQFk,20,33,PF270304,피터팬 [남양주],무용(서양/한국무용),다산아트홀,2025-08-23,2025-08-23,,,,none,none,0,False,False,0,no_strong_signal,신호 없음
XXRysbDvTi0,170417 [2] 아프리카TV 최초 24시간 캠핑방송 (아.남.단) 제작발표회 - KoonTV,"170417
아프리카TV 최초 24시간 캠핑방송 아.남.단(아프리카 남자 단체) 
제작발표회  Feat:최군,지코,세야,로이조

-koon's-
* youtube : http://www.youtube.com/user/chKoonTV
* Facebook : http://www.facebook.com/koontv
* Blog : http://koontv.com
* kakaotalk : http://goto.kakao.com/gjc7fyvi

*이 영상을 퍼가기는 허용하나 허가없이 변경/배포 할 시 법적책임을 물을 수 있습니다.*
Copyright(c)2017 KoonTV All rights reserved.",UCwGeidQWKEMdFIujQrz37qw,최군TV [무삭제 풀영상],2017-04-17T20:37:19Z,4634,77.23,False,4863,21,2,https://www.youtube.com/watch?v=XXRysbDvTi0,166000,7517,PF246467,잠자는 숲속의 미녀 [논산],무용(서양/한국무용),논산아트센터(구. 논산문화예술회관) 대공연장,2024-08-23,2024-08-23,,,,none,none,0,False,False,0,no_strong_signal,신호 없음
LX4G1Qsnz88,아줌마브이로그 / 미니스커트에 검정스타킹은 진리 feat. 관종 인정합니다,"그렇구나.
나는 나 혼자 세상이라고 신나서 활동하는 돌아이였구나.
나는 나만 주목받고싶어했구나.
나는 관종이였구나

네네 인정합니다.
관종이예요. 됐죠?

아...이렇게 인정하고나니 해탈한 기분이야

그래, 그런가보다.
그러니 신경꺼줄래?
구독도 안누르는 애들이 그러더라

#아줌마 
#아줌마일상 
#아줌마모델 
#아줌마브이로그 
#40대브이로그 
#40대일상 
#관종의삶",UCyBAGtvjnNhfQ2bSDedjc4A,백잎Ohclover,2022-02-05T15:43:31Z,63,1.05,False,5560,45,18,https://www.youtube.com/watch?v=LX4G1Qsnz88,1120,103,PF246467,잠자는 숲속의 미녀 [논산],무용(서양/한국무용),논산아트센터(구. 논산문화예술회관) 대공연장,2024-08-23,2024-08-23,,,,none,none,0,False,False,0,no_strong_signal,신호 없음
hJxAnYih-Hs,경기상상캠퍼스 9월 포레포레 현장 스케치🌳,"🌳 포레포레란?
‘포레포레(forêtforêt)’의 포레(forêt)는 프랑스어로 ‘숲’을 의미합니다.
숲으로 둘러싸인 경기상상캠퍼스에서 매달 넷째주 토요일,
플리마켓과 체험, 공연이 함께 하는 축제를 만나보세요!


🌳 9월 포레포레에서는...
'가을'을 주제로 한 다채로운 프로그램을 만나볼 수 있었어요! 
가을바람을 쐬며 아름다운 시와 음악을 즐길 수 있는 공연부터 
가을을 만끽할 수 있는 무료 친환경 체험까지!

🍁9월 포레에서 놓치지 말아야 할 포인트 [포레스테이지]
 
📚동화랜드
독서의 계절을 맞이아여 아이들이 동화에 빠져드는 시간을 가졌어요! 
음악동화극, 동화 그림책 놀이, 동화마을 이야기 보따리꾼, 꿈꾸는 시인 등 
글과 관련된 프로그램을 다채롭게 준비했습니다

🎻시소(시&소리) 가족클래식
수원대학교 USW 챔버 & 성악 앙상블의 디즈니 메들리와 동요 그리고 사계절을 느낄 수 있는 가곡까지!  우리가 일상에서 접하지 못하는 악기들을 만져보고 체험해 보는 시간도 즐길 수 있었어요! 


🌳 다음에 만날 날을 고대하며! 
가을의 어린이날답게 많은 분들이 상상캠퍼스에 방문해 주셨습니다.
올해 포레포레는 아쉽게도 가을의 어린이날을 마지막으로 마무리되었습니다. 다음에 더 풍성한 포레포레로 찾아올게요~",UCd5tPe3IGFRBlUnHWpoANXQ,경기상상캠퍼스,2023-10-10T07:33:07Z,290,4.83,False,253,3,0,https://www.youtube.com/watch?v=hJxAnYih-Hs,5040,441,PF246467,잠자는 숲속의 미녀 [논산],무용(서양/한국무용),논산아트센터(구. 논산문화예술회관) 대공연장,2024-08-23,2024-08-23,,,,none,none,0,False,False,0,no_strong_signal,신호 없음
3ceHG-tqFmE,KBS 라디오 녹음날!! 요즘 틈나면 춤추느라 바쁨 ♥ 천재원 브이로그 :),"안녕하세요 천재원입니다!
KBS 한민족방송 ""동포노래방"" 녹음과 유튜브 촬영을
다녀온 브이로그 입니다!

이호섭선생님께서 ""맨드라미"" 라는 곡을
티칭 해주셨답니다! :)

요즘 ""마셔라"" 안무연습에 열중하고 있어서
틈나면 몸을 흔들어 재끼고(?) 있습니다
어설픈 춤사위 함께 봐주셔서 감사합니다 ♥

♥천재원 캠핑 채널 
https://www.youtube.com/c/싸돌캠핑​​​​​​​​

♥천재원 인스타그램 
http://www.instagram.com/genius_one86...​

♥천재원 팬카페
http://cafe.daum.net/cheonjaewon​​​​​...​

♥천재원 페이스북
https://www.facebook.com/profile.php?...​...

♥천동우실장 블로그
http://blog.naver.com/4562013​​​​​​​​​​

♥섭외문의(천동우실장) 010 3394 0014

♥이메일 a4562013@daum.net

#KBS라디오 #맨드라미 #천재원",UCJaMJq3haOu5ryER2DUX_GQ,천재원,2021-04-20T11:00:01Z,329,5.48,False,1602,111,43,https://www.youtube.com/watch?v=3ceHG-tqFmE,20800,1451,PF246467,잠자는 숲속의 미녀 [논산],무용(서양/한국무용),논산아트센터(구. 논산문화예술회관) 대공연장,2024-08-23,2024-08-23,,,,none,none,0,False,False,0,no_strong_signal,신호 없음
e6Cd6PJTwc4,2009년 JS발레 호두까기인형,2009년 JS발레 정기발표회 '한여름밤의 호두까기인형' 엔딩 영상(커튼콜),UCslhozfGcesHxntZLCZWUUQ,JS Ballet 아카이브Archive,2017-08-11T06:58:01Z,219,3.65,False,780,6,,https://www.youtube.com/watch?v=e6Cd6PJTwc4,1510,347,PF246467,잠자는 숲속의 미녀 [논산],무용(서양/한국무용),논산아트센터(구. 논산문화예술회관) 대공연장,2024-08-23,2024-08-23,,,,none,none,0,False,False,0,no_strong_signal,신호 없음
m5ZMa_mcrWA,"[전주주례없는예식][전주주례없는사회][전주축가]앤유 이주영, 최용우 뮤지컬싱어 Can't help falling in love 축가 영상입니다.(전주오펠리스 웨딩홀)","전주 주례없는예식 전주 주례없는 사회 전주축가
더많은자료와 영상은 blog.naver.com/nu0486",UCuQwqGuOGqUVFpeeNDWsGAg,앤유,2018-01-22T12:29:44Z,171,2.85,False,77,0,0,https://www.youtube.com/watch?v=m5ZMa_mcrWA,2170,949,PF246467,잠자는 숲속의 미녀 [논산],무용(서양/한국무용),논산아트센터(구. 논산문화예술회관) 대공연장,2024-08-23,2024-08-23,,,,none,none,0,False,False,0,no_strong_signal,신호 없음
KK3em3TYTFE,"[스타TV . 공연TV] 이설(신세대 테크노각설이)중반이후 대박?  ♬ ♬ 민주지산 자연휴양림 숲속음악회(레인보우 가요제, 영동군)","온라인 공연, 행사 및 공연 문의, 영상제작  
홍보 문의 :  heronewskr@naver.com

#공연 #온라인공연 #실내공연 #신인발굴프로젝트 #신인아이돌 #신인걸그룹 #막춤 #KPOP

#Performance #Online performance #Indoor performance #Rookie discovery project #Rookie idol #Rookie girl group #Making dance #KPOP",UC0DkHCFimbP6tTWjMpPSg7Q,공연TV - 스타TV - ShowTV - StarTV,2019-07-06T17:32:04Z,345,5.75,False,264,9,4,https://www.youtube.com/watch?v=KK3em3TYTFE,3080,865,PF246467,잠자는 숲속의 미녀 [논산],무용(서양/한국무용),논산아트센터(구. 논산문화예술회관) 대공연장,2024-08-23,2024-08-23,,,,none,none,1,False,False,1,no_strong_signal,신호 없음
