video_id,video_title,description,channel_id,channel_name,channel_subscriber_count,channel_video_count,published_at,duration_sec,video_format,view_count,like_count,comment_count,video_url,matched_perf_id,matched_title,matched_genre,season_match,substring_hit,quote_hit,venue_match,date_match
dFKM17MzDGA,[문화n공감] [문화 인사이드] 국립민속국악원 무장애 창극 &#39;지지지&#39;,"일상에 문화를 더하다 [문화n공감]은 매주 월요일 오전 11시, 국악방송 TV에서 시청하실 수 있습니다. 일상에 문화를 더하다 [문화n ...",UCaBwNyKKjDaYIzS8dhyaXBA,국악방송 TV (Gugak Broadcasting System: TV),97000,6767,2024-11-05T09:00:42Z,748,general,1055,22,1,https://www.youtube.com/watch?v=dFKM17MzDGA,PF250593,"국립민속국악원, 지지지 [서울]",한국음악(국악),other_season,True,False,False,True
Mhb9A_gbpbM,2025 국립예술단체 지역 전막 공연 &#39;국립민속국악원 무장애 창극 〈지지지〉&#39; 경주 공연 홍보영상,국립민속국악원이 선보이는 2025 국립예술단체 지역 전막공연 무장애 창극 〈지지지〉 ✨ 판소리 '흥부전'을 제비의 시선으로 새롭게 ...,UC54URObwDvE1nIEiVjaGu-A,국립민속국악원,5380,407,2025-08-27T06:23:25Z,38,shorts,206,6,0,https://www.youtube.com/watch?v=Mhb9A_gbpbM,PF272922,"국립민속국악원, 지지지 [경주]",한국음악(국악),other_season,True,True,False,True
WznMwIQx6qU,🧚🏻‍♀️국립민속국악원 교류공연 〈무장애 창극 &#39;지지지&#39;〉 수어 홍보 영상🎬,"판소리 흥보가를 제비의 시선에서 재해석한 무장애 창극 '지지지'는 시각, 청각, 지체, 인지 등 장애를 가진 사람들도 함께 공연을 즐길 ...",UCmN4xFSlmWw-_d2riM-ep0A,국립국악원 National Gugak Center,72800,3578,2024-10-18T06:00:31Z,346,general,476,9,1,https://www.youtube.com/watch?v=WznMwIQx6qU,PF250595,"국립민속국악원, 지지지 [남원]",한국음악(국악),current_season,True,True,True,True
tYVzB9UPIRs,2025 무장애 창극〈지지지〉대전공연 ｜제비가 들려주는 흥보와 놀보이야기,국립민속국악원이 제작한 무장애 창극〈지지지〉가 대전시립연정국악원에서 열립니다. 창극의 고전인 〈흥보전〉을 제비의 시선 ...,UCjrLSEbSN00frMGCB8Wkkyg,문화통신사,489,192,2025-10-29T00:43:06Z,37,shorts,137,2,0,https://www.youtube.com/watch?v=tYVzB9UPIRs,PF275586,"국립민속국악원, 지지지 [군산]",한국음악(국악),other_season,True,True,False,True
kvndMz1aSHs,국립민속국악원 &#39;지지지&#39; 무장애 공연 비하인드 스토리와 제작 과정 공개② #shorts,국립민속국악원은 오는 10월 18일과 19일 오후 3시에 예원당에서 무장애 창극 “지지지”를 선보입니다. 이 공연은 흥부가의 이야기를 ...,UC54URObwDvE1nIEiVjaGu-A,국립민속국악원,5380,407,2024-10-17T13:15:59Z,75,general,626,13,0,https://www.youtube.com/watch?v=kvndMz1aSHs,PF250595,"국립민속국악원, 지지지 [남원]",한국음악(국악),other_season,True,True,True,True
o5X_c7mS8fo,"2024 국립민속국악원, 무장애 창극으로 만나는 “지지지” 공연 수어 안내 feat. CLOVA Dubbing",국립민속국악원은 오는 10월 18일과 19일 오후 3시에 예원당에서 무장애 창극 “지지지”를 선보입니다. 이 공연은 흥부가의 이야기를 ...,UC54URObwDvE1nIEiVjaGu-A,국립민속국악원,5380,407,2024-10-16T01:27:24Z,371,general,184,8,0,https://www.youtube.com/watch?v=o5X_c7mS8fo,PF250595,"국립민속국악원, 지지지 [남원]",한국음악(국악),other_season,True,True,True,True
nts0hht0Je4,공연 연출자와 함께하는 창극 설명 - 국립민속국악원 &#39;지지지&#39; 무장애 공연 비하인드 스토리와 제작 과정 공개① #shorts,국립민속국악원은 오는 10월 18일과 19일 오후 3시에 예원당에서 무장애 창극 “지지지”를 선보입니다. 이 공연은 흥부가의 이야기를 ...,UC54URObwDvE1nIEiVjaGu-A,국립민속국악원,5380,407,2024-10-17T12:32:52Z,179,general,891,9,0,https://www.youtube.com/watch?v=nts0hht0Je4,PF250595,"국립민속국악원, 지지지 [남원]",한국음악(국악),other_season,True,True,True,True
Xzvyb4vxnzs,&#39;얍! 얍! 얍!&#39; 어린이날 특별 초대 메시지 💌,"어린이날, 뭐 할지 아직 고민 중이라면? 어린이 무용 얍! 얍! 얍! 이 창원으로 갑니다! 보고, 웃고, 따라 하다 보면 어느새 몸이 먼저 ...",UCuUSzI66j6gjw0HmCUMpbcA,Korea National Contemporary Dance Company,20400,552,2026-05-04T05:23:16Z,25,shorts,2374,8,0,https://www.youtube.com/watch?v=Xzvyb4vxnzs,PF286382,"국립현대무용단, 얍! 얍! 얍! [창원]",무용(서양/한국무용),other_season,True,False,False,True
R6q5Cq49QwA,💎금의환향한 대구의 아들💎｜260314(N) 뮤지컬 난쟁이들 대구 커튼콜｜서동진｜4K,난쟁이들 #신데렐라 #서동진.,UC2Plxg9a6iDQDsHHDUvtCDg,겨울,5300,1888,2026-03-14T18:07:25Z,165,general,3301,74,14,https://www.youtube.com/watch?v=R6q5Cq49QwA,PF284904,난쟁이들 [대구],뮤지컬,other_season,True,False,False,True
tmkfIMy3ccc,"260314 뮤지컬 난쟁이들 대구 커튼콜 (신주협, 류제윤, 박시인, 박새힘, 서동진, 김세진, 이건희)",,UCKamxUO8KrY65FIumdftABw,Paper envelope,150,218,2026-03-16T03:29:23Z,177,general,222,3,0,https://www.youtube.com/watch?v=tmkfIMy3ccc,PF284904,난쟁이들 [대구],뮤지컬,other_season,True,False,False,True
TH-3139zUxE,"260314 뮤지컬 난쟁이들 in 대구 커튼콜 | 서동진, 김세진, 이건희, 박시인, 박새힘, 류제윤, 신주협",뮤지컬 #난쟁이들 #커튼콜 어른이들을 위한 창작 뮤지컬《난쟁이들》in대구 커튼콜 260314 2회차 19:00 공연 * 본회차는 커튼콜 ...,UCFfwI5ph2hIdh3Zm-nBxbzg,일상을 기록하다,3,1,2026-03-17T12:39:58Z,160,general,16,0,0,https://www.youtube.com/watch?v=TH-3139zUxE,PF284904,난쟁이들 [대구],뮤지컬,other_season,True,True,False,True
7IG6DsDzJvo,[26.03.13. - 26.03.14.] 뮤지컬 난쟁이들 in 대구,26.03.13. - 26.03.14.] 뮤지컬 난쟁이들 in 대구 장소 대덕문화전당 드림홀 관람시간 120분 기간 2026년 03월 13일(금) ~ 2026년 03월 ...,UCjTlbWQ2QLF5u6C9KCO1pbg,대구 공연 정보,980,4316,2026-02-08T09:41:45Z,51,shorts,397,1,0,https://www.youtube.com/watch?v=7IG6DsDzJvo,PF284904,난쟁이들 [대구],뮤지컬,other_season,True,False,True,True
A2hu_km5ouw,#박보검 #parkbogum #パクボゴム #朴寳劍 #bogummy #let_me_fly #렛미플라이 행복한 부산여행👉🏻👍🏻🕺🏻🧥,,UCV0bLvBxXhUS34TuhJ20iAg,BG💓Cindy616💙,6670,637,2023-12-17T20:11:55Z,35,shorts,2400,355,7,https://www.youtube.com/watch?v=A2hu_km5ouw,PF217908,렛미플라이 [부산],뮤지컬,other_season,True,False,False,True
aR3PzAEbNSA,240106_ 뮤지컬 렛미플라이_ 관극후기_ 김태한 방진의 안지환 임예진_ 김해서부문화센터 하늬홀,이것이 너의 선택이라면 이것이 우리를 행복하게 했다면 꿈을 이루지 않은게 뭐어때 아 따듯하다 # 관람정보 (24.1.6.토낮) - 김태한 ...,UCLmbiJHV5h8f5R2M0lJPfuQ,제이의 뮤뮤뮤,19,79,2024-01-07T08:31:26Z,160,general,48,3,0,https://www.youtube.com/watch?v=aR3PzAEbNSA,PF217908,렛미플라이 [부산],뮤지컬,other_season,True,False,False,True
zuWvofEHThY,231215_ 뮤지컬 렛미플라이_ 관극후기_ 이형훈 윤공주 박보검 홍지희_ 부산문화회관 중극장,과거와 미래를 오가는 시간여행 중에도 잊을 수 없었던 마음 # 관람정보 (23.12.15.금) - 이형훈 윤공주 박보검 홍지희 # 공연정보 ...,UCLmbiJHV5h8f5R2M0lJPfuQ,제이의 뮤뮤뮤,19,79,2023-12-26T13:46:16Z,118,general,102,4,0,https://www.youtube.com/watch?v=zuWvofEHThY,PF217908,렛미플라이 [부산],뮤지컬,other_season,True,False,True,True
ynmFJiYjx48,231014 박보검 뮤지컬 렛미플라이 커튼콜 PARK BO GUM Musical Let Me Fly,박보검 #parkbogum #朴寶劍 #パクボゴム.,UCJhQ--47mzl-RdDCAf8wxRw,BlessGum,2100,43,2023-10-14T14:30:31Z,95,general,2619,120,4,https://www.youtube.com/watch?v=ynmFJiYjx48,PF223348,렛미플라이 [여주],뮤지컬,other_season,True,False,False,True
acm9j986rCs,231216토낮_ 뮤지컬 렛미플라이_ 관극후기_ 김태한 방진의 안지환 나하나_ 부산문화회관 중극장,꿈을 이루지 못한? 않은? 삶도 그대로 괜찮다 수고했다... 따듯한 위로를 건네는 작품^^ # 관람정보 (23.12.16.토낮) - 김태한 방진의 ...,UCLmbiJHV5h8f5R2M0lJPfuQ,제이의 뮤뮤뮤,19,79,2023-12-26T14:08:54Z,133,general,56,0,0,https://www.youtube.com/watch?v=acm9j986rCs,PF217908,렛미플라이 [부산],뮤지컬,other_season,True,False,True,True
Ylsc4BcU51Q,231014 렛미플라이 커튼콜 박보검 focus,사랑하는 네게 우주를 주고 싶어.,UC0FBJhwbK-6EljsPn5VckXg,whitestar616,13800,373,2023-10-14T13:14:41Z,86,general,1968,174,10,https://www.youtube.com/watch?v=Ylsc4BcU51Q,PF223348,렛미플라이 [여주],뮤지컬,other_season,True,False,False,True
aQJaGmdSkYY,20231015 렛미플라이 커튼콜 김도빈 방진의 신재범 임예진,,UC0u5Pvk0urQKqi5abvtbXnQ,Bong Bong,2,92,2023-10-15T17:05:52Z,100,general,7,0,0,https://www.youtube.com/watch?v=aQJaGmdSkYY,PF223348,렛미플라이 [여주],뮤지컬,other_season,True,False,False,True
5dUFFxR2NMw,"20231013 뮤지컬 렛미플라이 커튼콜 &quot;이형훈, 방진의, 박보검F, 홍지희&quot;",20231013 뮤지컬 #렛미플라이 커튼콜 노인남원 이형훈 선희 방진의 청년남원 #박보검 F 정분 홍지희 - 보검배우 자첫에 커튼콜데이 ...,UCLLxR1rjzbYKzIiKv7zZhoQ,라떼,438,879,2023-10-16T15:00:09Z,95,general,504,36,0,https://www.youtube.com/watch?v=5dUFFxR2NMw,PF223348,렛미플라이 [여주],뮤지컬,other_season,True,False,False,True
BLD9VLdXBas,(8k) 231014 뮤지컬 렛미플라이 밤공 커튼콜데이 - 박보검배우님(F) [갤럭시 폴드5 촬영],,UCzzh9iKEMPJvJfXFt5A2cyA,momo,51,158,2023-10-14T12:39:33Z,104,general,1773,104,6,https://www.youtube.com/watch?v=BLD9VLdXBas,PF223348,렛미플라이 [여주],뮤지컬,other_season,True,False,False,True
W9blHftQ8Lo,방구석에서 터지는 웃음폭탄💥🎭 방구석뮤지컬이 찾아옵니다! 🎭,방구석뮤지컬이 찾아옵니다! 세 명의 여자가 만들어내는 환상의 호흡! 스탠드업 코미디 뮤지컬을 결합시킨 새로운 무대에서 만나 ...,UCpXOvE6O8DIttGbQCsSD7jw,고양문화재단,2690,572,2025-08-08T08:48:32Z,35,shorts,526019,10,10,https://www.youtube.com/watch?v=W9blHftQ8Lo,PF264532,방구석 뮤지컬 [군포],뮤지컬,other_season,True,False,False,True
e9BEY_-6b7g,250913 뮤지컬 방구석 뮤지컬 -고양 커튼콜,,UCxQwePuPkzkD1rLpuOAyB3Q,희망해봄,92,89,2025-09-13T22:59:51Z,58,shorts,8,0,0,https://www.youtube.com/watch?v=e9BEY_-6b7g,PF270919,방구석 뮤지컬 [고양],뮤지컬,current_season,True,False,False,True
N4NLMhn8-8A,"250914 뮤지컬 방구석 뮤지컬 고양 지방공연 커튼콜&amp;럭키드로우 - 전혜주, 한재아, 이한별 배우","1.영상 내용의 일부는 스포일러가 포함될 수 있습니다. 2.관계자외 일반인(관객)얼굴이 노출될 경우 구도를 잡지 않거나, 모자이크 필터 ...",UCrXJUrLV0zCDSxQBgDloOLg,Geunsang,4660,758,2025-09-14T14:00:35Z,343,general,36,1,0,https://www.youtube.com/watch?v=N4NLMhn8-8A,PF270919,방구석 뮤지컬 [고양],뮤지컬,other_season,True,False,False,True
eRDwvyEJH9o,[4K] 250914낮 방구석 뮤지컬 고양 커튼콜 #이한별 ,,UCtles-3oHQXHmFkoXzdIomg,Dal Segno,33,128,2025-09-15T02:37:30Z,62,general,27,0,0,https://www.youtube.com/watch?v=eRDwvyEJH9o,PF270919,방구석 뮤지컬 [고양],뮤지컬,other_season,True,False,False,True
DuZtlDiCd5k,250913🌃 뮤지컬 방구석 뮤지컬 - 고양 커튼콜🎥 #이아진 &amp; #송영미 (F),뮤지컬 #방구석뮤지컬 #커튼콜 #송영미 #이아진 #정다예 #고양아람누리 #새라새극장.,UCwgPwoQgVIzN3JWEXC5Lg_g,BR,39,148,2025-09-13T19:54:35Z,60,shorts,1508,8,0,https://www.youtube.com/watch?v=DuZtlDiCd5k,PF270919,방구석 뮤지컬 [고양],뮤지컬,current_season,True,False,True,True
OTcAvvk62Oc,250913🌞 뮤지컬 방구석 뮤지컬 - 고양 커튼콜🎥 #송영미 (F),뮤지컬 #방구석뮤지컬 #커튼콜 #송영미 #이아진 #정다예 #고양아람누리 #새라새극장.,UCwgPwoQgVIzN3JWEXC5Lg_g,BR,39,148,2025-09-13T19:30:51Z,56,shorts,955,5,0,https://www.youtube.com/watch?v=OTcAvvk62Oc,PF270919,방구석 뮤지컬 [고양],뮤지컬,current_season,True,False,True,True
t_18pqn0MCI,"250913 방구석뮤지컬 커튼콜(A블럭 3열 시야) - 이아진, 정다예, 송영미",지금이: #이아진 최지현: #정다예 한솔: #송영미 고양아람누리 새라새극장 1층 A블럭 38번 시야.,UCIeiLDZe54jBw7OXEWc3R2g,연뮤더쿠SOO,351,709,2025-09-13T11:33:18Z,60,shorts,14,0,0,https://www.youtube.com/watch?v=t_18pqn0MCI,PF270919,방구석 뮤지컬 [고양],뮤지컬,current_season,True,False,True,True
yhABiPXPQfs,250914 뮤지컬 방구석 뮤지컬 고양 커튼콜 (한재아F.),,UCttKoHME89DXY8j4feig2tQ,뚱땅뚱땅스콜잡이,14,137,2025-09-14T15:03:43Z,52,shorts,20,1,0,https://www.youtube.com/watch?v=yhABiPXPQfs,PF270919,방구석 뮤지컬 [고양],뮤지컬,other_season,True,False,False,True
Nh1O-n03pYQ,"250913 방구석뮤지컬 럭키드로우 무대인사(A블럭 3열 시야) - 이아진, 정다예, 송영미",지금이: #이아진 최지현: #정다예 한솔: #송영미 고양아람누리 새라새극장 1층 A블럭 38번 시야 낮공연임.,UCIeiLDZe54jBw7OXEWc3R2g,연뮤더쿠SOO,351,709,2025-09-13T13:43:19Z,365,general,27,1,0,https://www.youtube.com/watch?v=Nh1O-n03pYQ,PF270919,방구석 뮤지컬 [고양],뮤지컬,current_season,True,False,True,True
QbwyAWzw_Is,블루도그스20240628사천,,UCzaIiGZ66MbDBI4iWGVdDzQ,이규성,9,18,2024-12-20T03:26:31Z,4956,general,13,0,0,https://www.youtube.com/watch?v=QbwyAWzw_Is,PF249539,블루도그스 [통영],연극,other_season,True,False,False,True
gzDlg-PcgeE,"6월 문화생활 이탈리아 최고 작품상, 관객상 수상 음악극 블루도그스 #공연 어때? #사천시 #shorts","2023 이탈리아 SELE TEATRO FEST 최고작품상, 관객상 수상작품 음악극 블루도그스 공연이 6월 28(금), 29일(토) 사천시문화예술 ...",UCC_CQrsPTGAOkjPi-3GFFwQ,사천문화재단,898,183,2024-06-20T00:28:14Z,13,shorts,70,1,0,https://www.youtube.com/watch?v=gzDlg-PcgeE,PF242912,블루도그스 [사천],연극,other_season,True,False,False,True
R7KUbUz14hw,국립민속국악원 - 2024 차와 이야기가 있는 국악콘서트 &#39;다담&#39; 7월 공연 안내 ☎️ 063-620-2329 #shorts,"국립민속국악원에서 개최하는 차와 이야기가 있는 국악콘서트 7월 '다담' 에 여러분을 초대합니다! 7월 31일 수요일 오후 2시, 국립 ...",UC54URObwDvE1nIEiVjaGu-A,국립민속국악원,5380,407,2024-07-30T09:00:19Z,16,shorts,556,14,0,https://www.youtube.com/watch?v=R7KUbUz14hw,PF260883,차와 이야기가 있는 국악콘서트: 다담 [남원],한국음악(국악),unknown,False,True,True,False
ffG782FHryc,"국립민속국악원 국악콘서트 다담(茶談) : 조정래 감독의 ‘영화 속 국악 이야기’, 만능 소리꾼 이봉근의 힐링 콘서트","공연개요 ㅇ 공 연 명: 차와 이야기가 있는 오전의 국악콘서트 '다담' ㅇ 일시/장소: 11. 25.(수), 11:00 / 국립민속국악원 예원당 ㅇ 공연 ...",UC54URObwDvE1nIEiVjaGu-A,국립민속국악원,5380,407,2020-12-31T11:00:12Z,5458,general,350,12,0,https://www.youtube.com/watch?v=ffG782FHryc,PF260883,차와 이야기가 있는 국악콘서트: 다담 [남원],한국음악(국악),unknown,False,True,True,False
FO16p1rntp8,연극 ‘사일런트 스카이’ | 하이라이트,세상에. 저 위엔 완전히 다른 세계가 있네! 따뜻하고 잔잔한 '사일런트 스카이' 하이라이트 영상 보고 가세요 ✨ #극장에서_보면_감동 ...,UC-2Nn7WrZJkx1m-g_Y0Gf2Q,국립극단,24700,811,2024-12-06T02:00:14Z,32,shorts,9728,169,11,https://www.youtube.com/watch?v=FO16p1rntp8,PF252606,사일런트 스카이,연극,current_season,True,True,False,True
iew7hjtkaX0,🌌 연극 ‘사일런트 스카이’ | 티저 영상,"우주의 가장 깊은 어둠에 묻힌 모든 것들 중에 어둠 속엔 수십, 수백억의 예외들. 그리고 난 그 예외들을 파고드는 사람입니다. - 캐스팅 ...",UC-2Nn7WrZJkx1m-g_Y0Gf2Q,국립극단,24700,811,2024-10-22T08:00:34Z,18,shorts,13548,368,7,https://www.youtube.com/watch?v=iew7hjtkaX0,PF252606,사일런트 스카이,연극,current_season,True,True,False,True
XBemnA0Nh60,"[더뮤지컬] 연극 〈사일런트 스카이〉 2024 기자간담회 하이라이트 (4k) - 안은진, 홍서영, 박지아, 조승연, 정환, 김민정 | 예스24",연극 〈사일런트 스카이〉 2024.11.29(금) ~ 2024.12.28(토) 국립극단 명동예술극장 헨리에타 레빗役 안은진 윌러미나 플레밍役 ...,UCDa9z-zpLcRj3KDvn6yot-A,THE MUSICAL,69500,2620,2024-12-09T11:44:33Z,682,general,2410,93,7,https://www.youtube.com/watch?v=XBemnA0Nh60,PF252606,사일런트 스카이,연극,current_season,True,True,True,True
GrqIbpg8f28,[대사 좀 맞춰줄래?] 연극 &#39;사일런트 스카이&#39; 배우 안은진 편,대사좀맞춰줄래 #대좀맞 연극 '사일런트 스카이' 배우 #안은진 (헨리에타 레빗役) 편 ⊹❅⁺₊⋆ ❅ Merry Cℎristmas ...,UC-2Nn7WrZJkx1m-g_Y0Gf2Q,국립극단,24700,811,2024-12-23T07:59:42Z,217,general,22644,558,15,https://www.youtube.com/watch?v=GrqIbpg8f28,PF252606,사일런트 스카이,연극,current_season,True,True,False,True
H_MvCOBMxB4,🌠광활한 우주 속에서 만난 별처럼 사랑스러운ㅣ연극 &#39;사일런트 스카이&#39;✨,"공연을 준비하는 배우들의 지금 마음은?! ""매일 하늘 봐."" ""반짝반짝해."" 홍보 촬영 현장과 배우들의 인터뷰가 생생하게 담긴 ...",UC-2Nn7WrZJkx1m-g_Y0Gf2Q,국립극단,24700,811,2024-11-08T05:00:21Z,220,general,9091,263,11,https://www.youtube.com/watch?v=H_MvCOBMxB4,PF252606,사일런트 스카이,연극,current_season,True,False,False,True
GZAegFr24fQ,[대사 좀 맞춰줄래?] 연극 &#39;사일런트 스카이&#39; 배우 홍서영 편,대사좀맞춰줄래 #대좀맞 연극 '사일런트 스카이' 배우 #홍서영 (마거릿 레빗役) 편 ⊹❅⁺₊⋆ ❅ Merry Cℎristmas ...,UC-2Nn7WrZJkx1m-g_Y0Gf2Q,국립극단,24700,811,2024-12-23T07:58:42Z,220,general,8588,146,4,https://www.youtube.com/watch?v=GZAegFr24fQ,PF252606,사일런트 스카이,연극,current_season,True,True,False,True
qi1UYjyr6Ng,[독특한 연예뉴스] 7년 만에 돌아온 안은진…연극 &#39;사일런트 스카이&#39;,배우 안은진이 7년 만에 연극 무대로 돌아와 관객을 찾는다. 실존 인물인 미국의 천재 여성 천문학자 '헨리에타 레빗'의 인생과 업적을 ...,UCT3usBwYM36YFlJmsLY7bIA,옛능: OBS 예능,152000,13046,2024-12-23T08:09:03Z,62,general,476,16,1,https://www.youtube.com/watch?v=qi1UYjyr6Ng,PF252606,사일런트 스카이,연극,current_season,True,False,False,True
HJi9RT0TIEw,241215 사일런트스카이 (안은진박지아조승연정환홍서영),2024.12.15 사일런트 스카이 국립극단 명동예술극장 안은진박지아조승연정환홍서영.,UCUZUhFTsH-xtILu1lUPQ5Cg,S,567,1322,2024-12-16T01:15:17Z,117,general,490,4,0,https://www.youtube.com/watch?v=HJi9RT0TIEw,PF252606,사일런트 스카이,연극,current_season,True,False,True,True
aVf9ECmZik8,[4K] 241211 연극 사일런트 스카이 커튼콜 - 안은진 배우,241211 연극 #사일런트스카이 커튼콜 헨리에타 레빗 | #안은진 배우.,UClfrQn89B--kr2HkrgnDw_w,솔,294,411,2024-12-11T15:21:25Z,41,shorts,11163,171,6,https://www.youtube.com/watch?v=aVf9ECmZik8,PF252606,사일런트 스카이,연극,current_season,True,False,False,True
gO17EbzijQI,&quot;미친 몰입감~&quot; 은진님이 은진했습니다. 최고!! 😊💕 #안은진 #전지적 참견 시점 E322 #사일런트스카이,안은진 #전지적참견시점 #사일런트스카이 출처 : 전지적 참견 시점 E322 해당 영상은 원본 영상으로 보시는 걸 추천드립니다.,UCdPhxpdpRjr7RHPV1DqKKWg,안은진 원픽,4520,97,2024-12-30T12:11:18Z,42,shorts,50031,605,14,https://www.youtube.com/watch?v=gO17EbzijQI,PF252606,사일런트 스카이,연극,current_season,True,False,False,True
EBKp_EkpGfs,덕질도 대충 안 하는 안은진,mbc 전지적 참견 시점 322회 사일런트 스카이 많관부 Music provided by 브금대통령 Track : 백수의 하루 ...,UCWe8s4zvoYT2kjIQOQHFfQA,안은진편,8970,78,2024-11-17T01:00:11Z,51,shorts,34034,709,11,https://www.youtube.com/watch?v=EBKp_EkpGfs,PF252606,사일런트 스카이,연극,current_season,True,False,False,True
uInqyZXWykI,[라이브📡] 천문학의 언어를 풀어내는 과정 | 연극 #사일런트스카이 #김민정,[라이브  ] #사일런트스카이 #시어터플러스 는 연극 '사일런트 스카이' 기자간담회에 다녀왔습니다   #국립극단 의 2024년 라인업 ...,UC0tIC43uu9F4HzwdQDjmGRQ,THEATREplus / 시어터플러스,9070,335,2024-12-10T09:19:45Z,55,shorts,1556,26,0,https://www.youtube.com/watch?v=uInqyZXWykI,PF252606,사일런트 스카이,연극,current_season,True,True,True,True
1ZHSfs8EZt0,연극 | 사일런트 스카이 커튼콜 안은진(F) 241218,241218 연극 사일런트스카이 국립극단 명동예술극장 커튼콜 돌아와서 다시 망원경과 함께     헨리에타 레빗 | 안은진 #연극 ...,UC1GBKf1TbiSXQXXMzPj9MJw,썬샤,25,74,2024-12-22T03:14:57Z,16,shorts,13499,153,1,https://www.youtube.com/watch?v=1ZHSfs8EZt0,PF252606,사일런트 스카이,연극,current_season,True,False,True,True
m06WDbGxfMk,241216 사일런트 스카이 커튼콜,헨리에타 레빗 :안은진 마거릿 레빗 : 홍서영 피터 쇼 : 정환 애니 캐넌 : 조승연 윌러미나 플레밍 : 박지아.,UCM4lKlQsMPIJuZ4SPjPwMkA,폰카의한계,294,167,2025-01-06T15:45:51Z,115,general,54,1,0,https://www.youtube.com/watch?v=m06WDbGxfMk,PF252606,사일런트 스카이,연극,current_season,True,False,False,True
Vxr5PM3hLpY,전기연극은 왜 늘 재미가 없을까에 대해,연극 사일런트 스카이에 대한 제 개인적인 리뷰입니다. 여러분의 좋아요와 댓글은 큰 힘이 됩니다. #연극#국립극단#사일런트스카이# ...,UCGIigoLD_XLjAI7AVjyfAFw,그냥강인성 just_insungkang,934,119,2024-12-19T02:27:49Z,724,general,471,5,5,https://www.youtube.com/watch?v=Vxr5PM3hLpY,PF252606,사일런트 스카이,연극,current_season,True,False,True,True
50M3s0cOwLI,"241201 사일런트 스카이 - 예술가와의 대화 // 안은진, 홍서영, 정환, 박지아, 조승연",,UCsIIHEwez2D39VZMCMZfEmA,별이,64,254,2025-01-22T08:17:49Z,2355,general,54,2,0,https://www.youtube.com/watch?v=50M3s0cOwLI,PF252606,사일런트 스카이,연극,current_season,True,False,False,True
el7GRCzLXmc,#국립극장 #국립창극단 #베니스의상인들 #샤일록 #김준수,"다시, 배가 나아간다! 국립창극단 '베니스의 상인들'을 가장 가까운 국립극장에서 만나보세요   #망했구나_베니스의_백만장자 #돈 ...",UCJ55axexMkXqp1Fgwvmdsgg,국립극장 National Theater of Korea,37800,1221,2026-01-05T08:39:00Z,34,shorts,9699,445,21,https://www.youtube.com/watch?v=el7GRCzLXmc,PF253959,"국립창극단, 베니스의 상인들",한국음악(국악),current_season,True,True,True,False
QnyaM8qLQb4,웃음 속에 담긴 연대와 사랑의 힘 | 국립창극단 ‘베니스의 상인들’,낭만적이고 유쾌한 창극 '베니스의 상인들'이 초연한 지 2년 만에 다시 관객을 찾는다. 셰익스피어 대표 희극 「베니스의 상인」을 ...,UCJ55axexMkXqp1Fgwvmdsgg,국립극장 National Theater of Korea,37800,1221,2025-05-09T03:55:01Z,16,shorts,2493,112,10,https://www.youtube.com/watch?v=QnyaM8qLQb4,PF253959,"국립창극단, 베니스의 상인들",한국음악(국악),current_season,True,True,False,True
FgqJjM0vJ4M,국립창극단 ‘베니스의 상인들’ | 무대설치 타임랩스 Stage Setup Timelapse,낭만적이고 유쾌한 창극 '베니스의 상인들'이 초연한 지 2년 만에 다시 관객을 찾는다. 셰익스피어 대표 희극 「베니스의 상인」을 ...,UCJ55axexMkXqp1Fgwvmdsgg,국립극장 National Theater of Korea,37800,1221,2025-06-06T09:14:53Z,139,general,1832,146,31,https://www.youtube.com/watch?v=FgqJjM0vJ4M,PF253959,"국립창극단, 베니스의 상인들",한국음악(국악),current_season,True,True,False,True
zdwcSc9QhGQ,#국립극장 #국립창극단 #베니스의상인들 #안토니오 #유태평양,웃음 속에 담긴 연대와 사랑의 힘 국립창극단 '베니스의 상인들'을 가장 가까운 국립극장에서 만나보세요   #돈돈돈돈 #샤일록의_덫 ...,UCJ55axexMkXqp1Fgwvmdsgg,국립극장 National Theater of Korea,37800,1221,2025-12-15T10:45:01Z,33,shorts,4302,161,2,https://www.youtube.com/watch?v=zdwcSc9QhGQ,PF253959,"국립창극단, 베니스의 상인들",한국음악(국악),current_season,True,True,True,False
DTQv8QxZ2dQ,250611 #베니스의상인들 #국립창극단 #소리꾼김준수 커튼콜 두근두근댄스,,UCxanIX3psX1tDT6ny96yLsw,크림맘,9730,405,2025-06-12T03:15:10Z,36,shorts,9560,450,20,https://www.youtube.com/watch?v=DTQv8QxZ2dQ,PF253959,"국립창극단, 베니스의 상인들",한국음악(국악),current_season,True,False,False,True
bCGkT88ESkk,2025 국립창극단 베니스의 상인들 막공 커튼콜 소리꾼김준수 4K 직캠,소리꾼김준수 #국립창극단.,UCm0050Tiar7uH5v-th24A4A,건방진굥,7290,435,2025-06-15T00:43:56Z,234,general,1106,95,15,https://www.youtube.com/watch?v=bCGkT88ESkk,PF253959,"국립창극단, 베니스의 상인들",한국음악(국악),current_season,True,False,False,True
3kTXt2G3r9A,"국립창극단 창극&#39; 베니스의 상인들&#39; 기자간담회 | 유태평양,김준수, 민은경","5월 18일, 국립극장 하늘극장에서 국립창극단의 창극 '베니스의 상인들'의 기자간담회가 진행 되었습니다. 안토니오역의 유태평양, ...",UCl9ElshSZ8LLSsf06yJIakQ,문화포커스,2840,405,2023-05-19T11:09:36Z,1955,general,5153,,29,https://www.youtube.com/watch?v=3kTXt2G3r9A,PF253959,"국립창극단, 베니스의 상인들",한국음악(국악),current_season,True,True,True,False
-VCvvm47Z5o,#베니스의상인들 #국립창극단 #판소리뮤지컬 #공포 #유태평양 #소리꾼김준수 #샤일록 #웹진담담 #쇼츠,,UCGLASVu6wuqC4lg69tfXKAw,[한국국학진흥원]스토리테마파크,562,344,2025-07-08T04:45:30Z,20,shorts,825,10,1,https://www.youtube.com/watch?v=-VCvvm47Z5o,PF253959,"국립창극단, 베니스의 상인들",한국음악(국악),current_season,True,False,False,True
wIRuF5486H4,"김준수, 유태평양 ‘베니스의 상인들’ 창극 버전 + 커튼콜 | 국립극장 해오름극장",국립창극단의 공연을 처음 관람했어요. 셰익스피어의 『베니스의 상인들』이 판소리 창극으로 다시 태어났습니다! 익숙한 이야기 속 ...,UClnL_gV0ynSUOfD1JXM8qIw,타임바이어,8,11,2025-06-11T03:59:09Z,68,general,1339,65,3,https://www.youtube.com/watch?v=wIRuF5486H4,PF253959,"국립창극단, 베니스의 상인들",한국음악(국악),current_season,True,True,True,True
RgsFKEhmiEA,2025.06.12 베니스의 상인들 커튼콜 (소리꾼김준수focus),국립창극단 #국립극장 #소리꾼김준수 #김준수 #창극#베니스의상인들 #판소리#국악#해오름극장 #샤일록.,UCDfXzcPmnwJTxywgiULG8bg,소리,1370,83,2025-06-12T16:34:36Z,145,general,12165,247,9,https://www.youtube.com/watch?v=RgsFKEhmiEA,PF253959,"국립창극단, 베니스의 상인들",한국음악(국악),current_season,True,False,True,True
NboDi3Piw-U,#소리꾼김준수 #국립창극단 #베니스의상인들 #커튼콜,,UCm0050Tiar7uH5v-th24A4A,건방진굥,7290,435,2025-06-13T15:03:30Z,141,general,4189,389,17,https://www.youtube.com/watch?v=NboDi3Piw-U,PF253959,"국립창극단, 베니스의 상인들",한국음악(국악),current_season,True,False,False,True
z3sJmTG9ACk,[2025.06.14] 국립창극단 ‘베니스의 상인들‘ 커튼콜,,UCu7ACP8CjP4G7DqNcOMc_GA,이로비,1450,3648,2025-06-14T12:52:28Z,252,general,38,0,0,https://www.youtube.com/watch?v=z3sJmTG9ACk,PF253959,"국립창극단, 베니스의 상인들",한국음악(국악),current_season,True,True,False,True
sCvGFHzuFC8,250608 창극 베니스의 상인들 커튼콜,창극베니스의상인들 #베니스의상인들 #국립창극단.,UCJnKvvDg07mIgKUMHcuZ8oQ,Salbyeol,122,372,2025-08-06T14:22:45Z,250,general,29,0,0,https://www.youtube.com/watch?v=sCvGFHzuFC8,PF253959,"국립창극단, 베니스의 상인들",한국음악(국악),current_season,True,False,False,True
cZJN8WrHBmc,20250608 국립창극단 베니스의 상인들 커튼콜 / 소리꾼김준수 4K 직캠,소리꾼김준수.,UCm0050Tiar7uH5v-th24A4A,건방진굥,7290,435,2025-06-10T16:41:30Z,231,general,1325,88,9,https://www.youtube.com/watch?v=cZJN8WrHBmc,PF253959,"국립창극단, 베니스의 상인들",한국음악(국악),current_season,True,False,False,True
hfv5KVsp9m4,#소리꾼김준수 창극 베니스의상인들 커튼콜 김준수 / 대체불가 #준샤일록 #Shylock 20250610,,UCuLsS457TpNX_tRhCfVuxyg,부채_sori,7770,267,2025-06-11T00:47:00Z,76,general,5788,466,29,https://www.youtube.com/watch?v=hfv5KVsp9m4,PF253959,"국립창극단, 베니스의 상인들",한국음악(국악),current_season,True,False,False,True
tC3YyRrSOWE,[225.06.12] 국립창극단 ‘베니스의 상인들‘ 커튼콜,,UCu7ACP8CjP4G7DqNcOMc_GA,이로비,1450,3648,2025-06-12T14:49:22Z,245,general,39,1,0,https://www.youtube.com/watch?v=tC3YyRrSOWE,PF253959,"국립창극단, 베니스의 상인들",한국음악(국악),current_season,True,True,False,True
dSlKXYEuG5s,#국립극장 #국립창극단 #베니스의상인들 #안토니오 #유태평양,"다시, 배가 나아간다! 국립창극단 '베니스의 상인들'을 가장 가까운 국립극장에서 만나보세요   #안토니오_옥중가 #호랑이_이빨 ...",UCJ55axexMkXqp1Fgwvmdsgg,국립극장 National Theater of Korea,37800,1221,2026-01-05T08:38:58Z,37,shorts,2290,70,0,https://www.youtube.com/watch?v=dSlKXYEuG5s,PF253959,"국립창극단, 베니스의 상인들",한국음악(국악),current_season,True,True,True,False
kPanr62m0yE,#국립극장 #국립창극단 #베니스의상인들 #샤일록 #김준수,웃음 속에 담긴 연대와 사랑의 힘 국립창극단 '베니스의 상인들'을 가장 가까운 국립극장에서 만나보세요   #샤일록_등장감지 ...,UCJ55axexMkXqp1Fgwvmdsgg,국립극장 National Theater of Korea,37800,1221,2025-12-15T10:44:13Z,38,shorts,12167,380,14,https://www.youtube.com/watch?v=kPanr62m0yE,PF253959,"국립창극단, 베니스의 상인들",한국음악(국악),current_season,True,True,True,False
JjBhUYVMUMs,[2025.06.27] 국립오페라단 정기공연 오페라 〈세 개의 오렌지에 대한 사랑〉 커튼콜,,UCu7ACP8CjP4G7DqNcOMc_GA,이로비,1450,3648,2025-06-27T14:40:15Z,708,general,91,0,0,https://www.youtube.com/watch?v=JjBhUYVMUMs,PF258347,국립오페라단 정기공연 오페라: 세 개의 오렌지에 대한 사랑,서양음악(클래식),current_season,True,True,False,True
la0kQe89_lw,오늘의 클래식 | 세 개의 오렌지에 대한 사랑 25. 6. 26.(목) ~ 🍊,오렌지에서 나온 막내 공주랑 사랑에 빠지는 왕자가 있다고요!!?? 궁금하신 분은 오페라극장으로 !!! ㅡ [국립오페라단 정기공연 ...,UC0_r0p1OPk4Qw8lZKlUWzmQ,스테이지원 | 유못쇼,20300,449,2025-06-16T05:00:46Z,274,general,407,13,0,https://www.youtube.com/watch?v=la0kQe89_lw,PF258347,국립오페라단 정기공연 오페라: 세 개의 오렌지에 대한 사랑,서양음악(클래식),current_season,True,False,False,True
i-wE-pcO01w,국립창극단 &#39;변강쇠 점 찍고 옹녀&#39; 공연 실황 | National Changgeuk Company of Korea &#39;Madam Ong&#39;,"국립창극단 '변강쇠 점 찍고 옹녀' 2024.9. 국립극장 달오름극장 제작진 제작 국립극장·국립창극단 극본·연출 고선웅, 작창·작곡·음악 ...",UCJ55axexMkXqp1Fgwvmdsgg,국립극장 National Theater of Korea,37800,1221,2025-12-28T05:01:58Z,2195,general,646,33,1,https://www.youtube.com/watch?v=i-wE-pcO01w,PF245515,변강쇠 점 찍고 옹녀 [서울],한국음악(국악),current_season,True,True,True,False
5FfQLW_Rsf0,국립창극단 &#39;변강쇠 점 찍고 옹녀&#39; 공연 실황 | National Changgeuk Company of Korea &#39;Madam Ong&#39;,"국립창극단 '변강쇠 점 찍고 옹녀' 2019.8.30. 국립극장 달오름극장 공연 실황 하이라이트 제작 국립극장, 국립창극단 극본·가사·연출 ...",UCJ55axexMkXqp1Fgwvmdsgg,국립극장 National Theater of Korea,37800,1221,2020-04-02T08:29:55Z,550,general,4796,98,13,https://www.youtube.com/watch?v=5FfQLW_Rsf0,PF245515,변강쇠 점 찍고 옹녀 [서울],한국음악(국악),current_season,True,True,True,False
dOMlze8dgBQ,[2024.09.15] 국립창극단 〈변강쇠 점 찍고 옹녀〉 세션(1),,UCu7ACP8CjP4G7DqNcOMc_GA,이로비,1450,3648,2024-09-15T12:25:43Z,5,shorts,12,0,0,https://www.youtube.com/watch?v=dOMlze8dgBQ,PF245515,변강쇠 점 찍고 옹녀 [서울],한국음악(국악),current_season,True,True,False,True
va94AMBHWik,품격 있는 해학 믿고 보는 옹녀의 귀환 | 국립창극단 ‘변강쇠 점 찍고 옹녀’,"도저히 웃음을 참기가 어려웠다” -한국경제 “운명을 개척하는 적극적인 여성상” -중앙일보 다시 보고, 또 봐도 재미있는 고전의 귀환!",UCJ55axexMkXqp1Fgwvmdsgg,국립극장 National Theater of Korea,37800,1221,2024-08-13T01:35:00Z,29,shorts,1769,27,2,https://www.youtube.com/watch?v=va94AMBHWik,PF245515,변강쇠 점 찍고 옹녀 [서울],한국음악(국악),current_season,True,True,False,True
A7Qw7XTXYEM,[한큐정리&amp;리뷰] 먹고 살기 힘들어 죽겠네 | 창극 변강쇠 점 찍고 옹녀,창극 #창극변강쇠점찍고옹녀 #변강쇠점찍고옹녀 최근 막을 내린 국립창극단의 창극 '변강쇠 점 찍고 옹녀'에 대한 한큐 정리 및 리뷰 ...,UC1z4cz_9_BztBmlB6SxGyVQ,씨어터모먼트,6,1,2024-09-17T10:12:28Z,887,general,323,8,2,https://www.youtube.com/watch?v=A7Qw7XTXYEM,PF245515,변강쇠 점 찍고 옹녀 [서울],한국음악(국악),current_season,True,True,False,True
3hM9g3SHuyk,"국립극장 국립창극단, 변강쇠 점 찍고 옹녀",광교노인복지관 연극반에서 국립극장 국립창극단 '변강쇠 점 찍고 옹녀'를 관람했습니다. #안숙기자 #광교IT기자단 #광교이야기.,UCG-ittOMQ2hSq97usnU1Q8w,쑥쑥안숙,3630,2952,2019-09-03T12:38:58Z,108,general,199,7,3,https://www.youtube.com/watch?v=3hM9g3SHuyk,PF245515,변강쇠 점 찍고 옹녀 [서울],한국음악(국악),current_season,True,True,True,False
etrPFszHzbk,"2월 3일 롯데시네마 대.개.봉📽 우리 시대의 여인, 그 이름 옹녀! | 국립창극단 창극 &#39;변강쇠 점 찍고 옹녀&#39; | 가장 가까운 국립극장","15개 도시 4만 7천명 관람, 창극의 새로운 역사를 쓰다! 창극 최초 2014 차범석 희곡상 뮤지컬 부문 수상 2016 프랑스 파리 테아트르 ...",UCJ55axexMkXqp1Fgwvmdsgg,국립극장 National Theater of Korea,37800,1221,2022-01-14T05:47:28Z,31,shorts,18375,90,1,https://www.youtube.com/watch?v=etrPFszHzbk,PF245515,변강쇠 점 찍고 옹녀 [서울],한국음악(국악),current_season,True,False,True,False
Hcgq_1ZBYiY,가장가까운국립극장 창극기획전 스팟영상,광고 공연 라인업 대박! 변강쇠 점 찍고 옹녀 춘향 귀토: 토끼의 팔란 가장 가까운 #국립극장- #창극기획전 11월 3일 - 24일 #롯데 ...,UCiRB6Fy5TwDJt2-Y-kp4KUQ,HOT이슈,897,567,2022-10-25T06:57:32Z,31,shorts,124,3,0,https://www.youtube.com/watch?v=Hcgq_1ZBYiY,PF245515,변강쇠 점 찍고 옹녀 [서울],한국음악(국악),current_season,True,False,True,False
SiZ3mfohkjs,국립창극단 변강쇠 점 찍고 옹녀 커튼콜,"옹녀 이소연, 변강쇠 최호성 특별출연 윤충일 (1934년생) 초연 10주년 18금 창극 20세이상 관람가 라고 한다 이런 미성년자 관람불가 ...",UCxeFWVWPRTeJS1p1JaBzSlQ,반가방가,2650,1852,2024-09-05T16:04:33Z,188,general,120,3,1,https://www.youtube.com/watch?v=SiZ3mfohkjs,PF245515,변강쇠 점 찍고 옹녀 [서울],한국음악(국악),current_season,True,False,False,True
3HwkAVl1hUY,[2024.09.14] 국립창극단 〈변강쇠 점 찍고 옹녀〉 커튼콜,,UCu7ACP8CjP4G7DqNcOMc_GA,이로비,1450,3648,2024-09-14T14:35:08Z,200,general,24,0,0,https://www.youtube.com/watch?v=3HwkAVl1hUY,PF245515,변강쇠 점 찍고 옹녀 [서울],한국음악(국악),current_season,True,True,False,True
cvpIdZabJUw,[2024.09.15] 국립창극단 〈변강쇠 점 찍고 옹녀〉 커튼콜,,UCu7ACP8CjP4G7DqNcOMc_GA,이로비,1450,3648,2024-09-15T12:29:31Z,205,general,37,0,0,https://www.youtube.com/watch?v=cvpIdZabJUw,PF245515,변강쇠 점 찍고 옹녀 [서울],한국음악(국악),current_season,True,True,False,True
Rc9gqCNL4lg,국립창극단 창극 변강쇠 점 찍고 옹녀 커튼콜 @ 국립극장 달오름 240905,,UCNHHnAW--CuR9Jl0bfcLr6w,은댕,68,306,2024-09-24T03:27:28Z,152,general,99,3,0,https://www.youtube.com/watch?v=Rc9gqCNL4lg,PF245515,변강쇠 점 찍고 옹녀 [서울],한국음악(국악),current_season,True,False,True,True
5G2W8mO76Cc,"240913 창극 변강쇠 점 찍고 옹녀 커튼콜(김우정, 유태평양)",,UCCUk-We3HfBvN-_vXnO0UvQ,dtutdu,228,350,2024-09-14T05:10:01Z,186,general,56,0,0,https://www.youtube.com/watch?v=5G2W8mO76Cc,PF245515,변강쇠 점 찍고 옹녀 [서울],한국음악(국악),current_season,True,False,False,True
3rGfxNCM4NQ,[4K] 240910 창극 변강쇠 점 찍고 옹녀 커튼콜 - 이소연 배우,국립창극단 #변강쇠점찍고옹녀 커튼콜 옹녀 | #이소연 배우.,UClfrQn89B--kr2HkrgnDw_w,솔,294,411,2024-09-11T04:48:35Z,96,general,85,2,0,https://www.youtube.com/watch?v=3rGfxNCM4NQ,PF245515,변강쇠 점 찍고 옹녀 [서울],한국음악(국악),current_season,True,False,False,True
AN5pc0QyzkY,[2024.09.15] 국립창극단 〈변강쇠 점 찍고 옹녀〉 세션(2),,UCu7ACP8CjP4G7DqNcOMc_GA,이로비,1450,3648,2024-09-15T12:27:34Z,6,shorts,779,2,0,https://www.youtube.com/watch?v=AN5pc0QyzkY,PF245515,변강쇠 점 찍고 옹녀 [서울],한국음악(국악),current_season,True,True,False,True
xbzqeF7IBJk,얍 판 츠베덴의 차이콥스키 교향곡 제4번 종결구,2023 서울시향 얍 판 츠베덴의 베토벤과 차이콥스키 2023. 7. 21.(금) 오후 8시 롯데콘서트홀 실황.,UCwmgO3PhE925-mLG1h26Uow,서울시립교향악단 Seoul Philharmonic Orchestra,40300,703,2023-10-18T04:18:38Z,61,general,21948,582,27,https://www.youtube.com/watch?v=xbzqeF7IBJk,PF277461,서울시향 얍 판 츠베덴의 브루크너 교향곡 4번,서양음악(클래식),current_season,True,False,True,False
oVIyfXxRVqE,[예고편] 2024 서울시향 얍 판 츠베덴의 브루크너 교향곡 7번 | Jaap van Zweden conducts Bruckner&#39;s Seventh Symphony,2024 서울시향 얍 판 츠베덴의 브루크너 교향곡 7번 2024. 12. 12.(목) 오후 8:00 롯데콘서트홀 2024. 12. 13.(금) 오후 8:00 롯데 ...,UCwmgO3PhE925-mLG1h26Uow,서울시립교향악단 Seoul Philharmonic Orchestra,40300,703,2024-12-02T06:13:38Z,29,shorts,619,11,0,https://www.youtube.com/watch?v=oVIyfXxRVqE,PF277461,서울시향 얍 판 츠베덴의 브루크너 교향곡 4번,서양음악(클래식),current_season,True,False,True,False
qH8joUxTXB4,2024 서울시향 얍 판 츠베덴의 브루크너 교향곡 7번 세로 예고편🎬,2024 서울시향 얍 판 츠베덴의 브루크너 교향곡 7번 2024. 12. 12.(목) 오후 8:00 롯데콘서트홀 2024. 12. 13.(금) 오후 8:00 롯데 ...,UCwmgO3PhE925-mLG1h26Uow,서울시립교향악단 Seoul Philharmonic Orchestra,40300,703,2024-12-03T04:42:10Z,29,shorts,761,19,0,https://www.youtube.com/watch?v=qH8joUxTXB4,PF277461,서울시향 얍 판 츠베덴의 브루크너 교향곡 4번,서양음악(클래식),current_season,True,False,True,False
s4N0QLKZ0SM,낭만적인 중세의 풍경을 그린 교향곡  | 서울시향 4.2 &amp; 3 정기공연 예고편🎬,[예고편] 2026 서울시향 4.2 & 3 정기공연 하나금융그룹과 함께하는 2026 서울시향 얍 판 츠베덴의 브루크너 교향곡 4번 • 일시 및 ...,UCwmgO3PhE925-mLG1h26Uow,서울시립교향악단 Seoul Philharmonic Orchestra,40300,703,2026-03-25T06:53:11Z,89,general,2875,74,0,https://www.youtube.com/watch?v=s4N0QLKZ0SM,PF277461,서울시향 얍 판 츠베덴의 브루크너 교향곡 4번,서양음악(클래식),current_season,True,False,False,True
B4yHF-21UaM,2025 예술의전당 교향악축제 | 서울시립교향악단 | 최수열 | 슈트라우스 | 영웅의생애 | R. Strauss | Soo-Yeoul Choi | Ein Heldenleben,"2025년 4월 18일 금요일 오후 7시 30분 예술의전당 콘서트홀 Fri. Apr. 18, 2025 at 07:30 P.M. Concert Hall, Seoul Arts Center R.",UCBvDRQETp01JUOVHaumO08Q,예술의전당 Concert,66700,1085,2025-07-31T10:00:15Z,2910,general,6364,121,7,https://www.youtube.com/watch?v=B4yHF-21UaM,PF259077,"예술의전당 교향악축제, 서울시립교향악단 (04.18)",서양음악(클래식),current_season,True,False,True,False
9gKdcLAQu3g,&quot;이승원 &amp; 서울시립교향악단&quot; 무빙 포스터 | #예술의전당 #전관개관30주년 #특별음악회 #이승원 #서울시립교향악단,"""낭만과 현대, 선율과 화음을 넘나드는 아름다운 도전"" ""예술의전당 전관 개관 30주년 특별음악회 - 이승원 &서울시립교향악단"" 올 ...",UCUn8h6aG6rCM1zvXKIuNpVQ,예술의전당,15800,409,2023-09-15T05:55:33Z,16,shorts,3211,59,0,https://www.youtube.com/watch?v=9gKdcLAQu3g,PF259077,"예술의전당 교향악축제, 서울시립교향악단 (04.18)",서양음악(클래식),current_season,True,False,True,False
qH8joUxTXB4,2024 서울시향 얍 판 츠베덴의 브루크너 교향곡 7번 세로 예고편🎬,2024 서울시향 얍 판 츠베덴의 브루크너 교향곡 7번 2024. 12. 12.(목) 오후 8:00 롯데콘서트홀 2024. 12. 13.(금) 오후 8:00 롯데 ...,UCwmgO3PhE925-mLG1h26Uow,서울시립교향악단 Seoul Philharmonic Orchestra,40300,703,2024-12-03T04:42:10Z,29,shorts,761,19,0,https://www.youtube.com/watch?v=qH8joUxTXB4,PF230336,서울시향 얍 판 츠베덴의 브루크너 교향곡 7번,서양음악(클래식),current_season,True,False,True,True
oVIyfXxRVqE,[예고편] 2024 서울시향 얍 판 츠베덴의 브루크너 교향곡 7번 | Jaap van Zweden conducts Bruckner&#39;s Seventh Symphony,2024 서울시향 얍 판 츠베덴의 브루크너 교향곡 7번 2024. 12. 12.(목) 오후 8:00 롯데콘서트홀 2024. 12. 13.(금) 오후 8:00 롯데 ...,UCwmgO3PhE925-mLG1h26Uow,서울시립교향악단 Seoul Philharmonic Orchestra,40300,703,2024-12-02T06:13:38Z,29,shorts,619,11,0,https://www.youtube.com/watch?v=oVIyfXxRVqE,PF230336,서울시향 얍 판 츠베덴의 브루크너 교향곡 7번,서양음악(클래식),current_season,True,False,True,True
xbzqeF7IBJk,얍 판 츠베덴의 차이콥스키 교향곡 제4번 종결구,2023 서울시향 얍 판 츠베덴의 베토벤과 차이콥스키 2023. 7. 21.(금) 오후 8시 롯데콘서트홀 실황.,UCwmgO3PhE925-mLG1h26Uow,서울시립교향악단 Seoul Philharmonic Orchestra,40300,703,2023-10-18T04:18:38Z,61,general,21948,582,27,https://www.youtube.com/watch?v=xbzqeF7IBJk,PF230336,서울시향 얍 판 츠베덴의 브루크너 교향곡 7번,서양음악(클래식),current_season,True,False,True,False
VisJXSYmkpk,[예고편] 2024 서울시향 하델리히의 시벨리우스 바이올린 협주곡 | Augustin Hadelich plays Sibelius&#39; Violin Concerto,2024 서울시향 하델리히의 시벨리우스 바이올린 협주곡 2024. 4. 25.(목) 오후 8:00 롯데콘서트홀 2024. 4. 26.(금) 오후 8:00 롯데 ...,UCwmgO3PhE925-mLG1h26Uow,서울시립교향악단 Seoul Philharmonic Orchestra,40300,703,2024-04-16T05:48:52Z,27,shorts,1204,27,0,https://www.youtube.com/watch?v=VisJXSYmkpk,PF230393,서울시향 하델리히의 시벨리우스 바이올린 협주곡,서양음악(클래식),current_season,True,False,True,True
EIB506QUvjo,2024 서울시향 하델리히의 시벨리우스 바이올린 협주곡 세로 예고편🎬,2024 서울시향 하델리히의 시벨리우스 바이올린 협주곡 2024. 4. 25.(목) 오후 8:00 롯데콘서트홀 2024. 4. 26.(금) 오후 8:00 롯데 ...,UCwmgO3PhE925-mLG1h26Uow,서울시립교향악단 Seoul Philharmonic Orchestra,40300,703,2024-04-17T01:25:39Z,27,shorts,1559,30,0,https://www.youtube.com/watch?v=EIB506QUvjo,PF230393,서울시향 하델리히의 시벨리우스 바이올린 협주곡,서양음악(클래식),current_season,True,False,True,True
O_HdfT7kky4,"불길속에서 걸어나와 화상을 입고도 바이올린을 놓지 않은 바이올리니스트, 하델리히 내한",더욱 자세한 내용은 프로필 링크를 방문해 주세요. ✓ 『2024 서울시향 하델리히의 시벨리우스 바이올린 협주곡』 일시 : 24년 4월 ...,UCUEL0Y_nZ9IVC5sjdevz_Mw,이지경제,38300,142,2024-03-04T07:40:51Z,31,shorts,4691,78,1,https://www.youtube.com/watch?v=O_HdfT7kky4,PF230393,서울시향 하델리히의 시벨리우스 바이올린 협주곡,서양음악(클래식),current_season,True,False,False,True
Kie4xCLpoMk,2024.04.27 2024 서울시향 하델리히의 시벨리우스 바이올린 협주곡 커튼콜,"2024.04.27 2024 서울시향 하델리히의 시벨리우스 바이올린 협주곡 지휘 유카페카 사라스테 Jukka-Pekka Saraste, conductor ...",UCJJlWD4Q2eKe2oXh-2DbgkA,가루tv,546,212,2024-05-01T14:20:59Z,117,general,323,2,0,https://www.youtube.com/watch?v=Kie4xCLpoMk,PF230393,서울시향 하델리히의 시벨리우스 바이올린 협주곡,서양음악(클래식),current_season,True,False,False,True
AZXtLXrdcaU,20141201 #오페라 #라보엠 #경기아트센터대극장 #커튼콜 #황수미 #김정훈 #장은수 #이승왕 #이준석 #박성환 #황동남 #강성윤 #경기필하모닉오케스트라 #늘해랑리틀싱어즈합창단,,UCDrkdEmieeWoHEY4IIodlXw,수원예술공연,18000,5737,2024-12-01T10:42:15Z,16,shorts,42,4,0,https://www.youtube.com/watch?v=AZXtLXrdcaU,PF252158,라 보엠 [수원],서양음악(클래식),current_season,True,False,False,True
V1_9O_AEy8k,20141201 #오페라 #라보엠 #경기아트센터대극장 #커튼콜 #황수미 #김정훈 #장은수 #이승왕 #이준석 #박성환 #황동남 #강성윤 #경기필하모닉오케스트라 #늘해랑리틀싱어즈합창단,,UCDrkdEmieeWoHEY4IIodlXw,수원예술공연,18000,5737,2024-12-01T10:29:49Z,10,shorts,676,7,0,https://www.youtube.com/watch?v=V1_9O_AEy8k,PF252158,라 보엠 [수원],서양음악(클래식),current_season,True,False,False,True
UpjxGPyVDFo,20141201 #오페라 #라보엠 #경기아트센터대극장 #커튼콜 #황수미 #김정훈 #장은수 #이승왕 #이준석 #박성환 #황동남 #강성윤 #경기필하모닉오케스트라 #늘해랑리틀싱어즈합창단,,UCDrkdEmieeWoHEY4IIodlXw,수원예술공연,18000,5737,2024-12-01T10:32:32Z,9,shorts,33,4,0,https://www.youtube.com/watch?v=UpjxGPyVDFo,PF252158,라 보엠 [수원],서양음악(클래식),current_season,True,False,False,True
mLpPsq8pxEI,20141201 #오페라 #라보엠 #경기아트센터대극장 #커튼콜 #황수미 #김정훈 #장은수 #이승왕 #이준석 #박성환 #황동남 #강성윤 #경기필하모닉오케스트라 #늘해랑리틀싱어즈합창단,,UCDrkdEmieeWoHEY4IIodlXw,수원예술공연,18000,5737,2024-12-01T10:49:04Z,12,shorts,48,4,0,https://www.youtube.com/watch?v=mLpPsq8pxEI,PF252158,라 보엠 [수원],서양음악(클래식),current_season,True,False,False,True
E7kwcVU5bF8,20141201 #오페라 #라보엠 #경기아트센터대극장 #커튼콜 #황수미 #김정훈 #장은수 #이승왕 #이준석 #박성환 #황동남 #강성윤 #경기필하모닉오케스트라 #늘해랑리틀싱어즈합창단,,UCDrkdEmieeWoHEY4IIodlXw,수원예술공연,18000,5737,2024-12-01T10:23:21Z,14,shorts,532,6,0,https://www.youtube.com/watch?v=E7kwcVU5bF8,PF252158,라 보엠 [수원],서양음악(클래식),current_season,True,False,False,True
jZu4p6Lrvf8,20141201 #오페라 #라보엠 #경기아트센터대극장 #커튼콜 #황수미 #김정훈 #장은수 #이승왕 #이준석 #박성환 #황동남 #강성윤 #경기필하모닉오케스트라 #늘해랑리틀싱어즈합창단,,UCDrkdEmieeWoHEY4IIodlXw,수원예술공연,18000,5737,2024-12-01T10:40:41Z,15,shorts,23,3,0,https://www.youtube.com/watch?v=jZu4p6Lrvf8,PF252158,라 보엠 [수원],서양음악(클래식),current_season,True,False,False,True
VI6gEVQUEJs,20141201 #오페라 #라보엠 #경기아트센터대극장 #커튼콜 #황수미 #김정훈 #장은수 #이승왕 #이준석 #박성환 #황동남 #강성윤 #경기필하모닉오케스트라 #늘해랑리틀싱어즈합창단,,UCDrkdEmieeWoHEY4IIodlXw,수원예술공연,18000,5737,2024-12-01T10:47:44Z,11,shorts,42,4,0,https://www.youtube.com/watch?v=VI6gEVQUEJs,PF252158,라 보엠 [수원],서양음악(클래식),current_season,True,False,False,True
UfvkiUKe7JE,20141201 #오페라 #라보엠 #경기아트센터대극장 #커튼콜 #황수미 #김정훈 #장은수 #이승왕 #이준석 #박성환 #황동남 #강성윤 #경기필하모닉오케스트라 #늘해랑리틀싱어즈합창단,,UCDrkdEmieeWoHEY4IIodlXw,수원예술공연,18000,5737,2024-12-01T10:33:50Z,11,shorts,712,9,0,https://www.youtube.com/watch?v=UfvkiUKe7JE,PF252158,라 보엠 [수원],서양음악(클래식),current_season,True,False,False,True
hJNWKSpU4rI,20141201 #오페라 #라보엠 #경기아트센터대극장 #커튼콜 #황수미 #김정훈 #장은수 #이승왕 #이준석 #박성환 #황동남 #강성윤 #경기필하모닉오케스트라 #늘해랑리틀싱어즈합창단,,UCDrkdEmieeWoHEY4IIodlXw,수원예술공연,18000,5737,2024-12-01T10:44:28Z,16,shorts,49,6,0,https://www.youtube.com/watch?v=hJNWKSpU4rI,PF252158,라 보엠 [수원],서양음악(클래식),current_season,True,False,False,True
EV8aZzyqpag,20141201 #오페라 #라보엠 #경기아트센터대극장 #커튼콜 #황수미 #김정훈 #장은수 #이승왕 #이준석 #박성환 #황동남 #강성윤 #경기필하모닉오케스트라 #늘해랑리틀싱어즈합창단,,UCDrkdEmieeWoHEY4IIodlXw,수원예술공연,18000,5737,2024-12-01T10:28:12Z,11,shorts,149,5,0,https://www.youtube.com/watch?v=EV8aZzyqpag,PF252158,라 보엠 [수원],서양음악(클래식),current_season,True,False,False,True
JfNry1GMDvY,20141201 #오페라 #라보엠 #경기아트센터대극장 #커튼콜 #황수미 #김정훈 #장은수 #이승왕 #이준석 #박성환 #황동남 #강성윤 #경기필하모닉오케스트라 #늘해랑리틀싱어즈합창단,,UCDrkdEmieeWoHEY4IIodlXw,수원예술공연,18000,5737,2024-12-01T10:24:54Z,10,shorts,676,6,0,https://www.youtube.com/watch?v=JfNry1GMDvY,PF252158,라 보엠 [수원],서양음악(클래식),current_season,True,False,False,True
JGGw7O4SjF4,20141201 #오페라 #라보엠 #경기아트센터대극장 #커튼콜 #황수미 #김정훈 #장은수 #이승왕 #이준석 #박성환 #황동남 #강성윤 #경기필하모닉오케스트라 #늘해랑리틀싱어즈합창단,오페라 #라보엠 #경기아트센터대극장 #커튼콜 #황수미 #김정훈 #장은수 #이승왕 #이준석 #박성환 #황동남 #강성윤 #경기필하모닉 ...,UCDrkdEmieeWoHEY4IIodlXw,수원예술공연,18000,5737,2024-12-01T08:46:18Z,447,general,97,1,0,https://www.youtube.com/watch?v=JGGw7O4SjF4,PF252158,라 보엠 [수원],서양음악(클래식),current_season,True,False,False,True
32nxcHSHidc,20141201 #오페라 #라보엠 #경기아트센터대극장 #커튼콜 #황수미 #김정훈 #장은수 #이승왕 #이준석 #박성환 #황동남 #강성윤 #경기필하모닉오케스트라 #늘해랑리틀싱어즈합창단,,UCDrkdEmieeWoHEY4IIodlXw,수원예술공연,18000,5737,2024-12-01T10:26:57Z,8,shorts,460,7,0,https://www.youtube.com/watch?v=32nxcHSHidc,PF252158,라 보엠 [수원],서양음악(클래식),current_season,True,False,False,True
bg_FqdBx4ZU,20141201 #오페라 #라보엠 #경기아트센터대극장 #커튼콜 #황수미 #김정훈 #장은수 #이승왕 #이준석 #박성환 #황동남 #강성윤 #경기필하모닉오케스트라 #늘해랑리틀싱어즈합창단,,UCDrkdEmieeWoHEY4IIodlXw,수원예술공연,18000,5737,2024-12-01T10:31:03Z,12,shorts,831,10,0,https://www.youtube.com/watch?v=bg_FqdBx4ZU,PF252158,라 보엠 [수원],서양음악(클래식),current_season,True,False,False,True
lQM3QWvWjoY,20141201 #오페라 #라보엠 #경기아트센터대극장 #커튼콜 #황수미 #김정훈 #장은수 #이승왕 #이준석 #박성환 #황동남 #강성윤 #경기필하모닉오케스트라 #늘해랑리틀싱어즈합창단,,UCDrkdEmieeWoHEY4IIodlXw,수원예술공연,18000,5737,2024-12-01T10:21:23Z,16,shorts,996,9,0,https://www.youtube.com/watch?v=lQM3QWvWjoY,PF252158,라 보엠 [수원],서양음악(클래식),current_season,True,False,False,True
BmxV9n9Rli0,국립무용단 ‘거장의 숨결’ | 조흥동 인터뷰 Interview,한국 남성춤의 집대성 '바람의 시간' '바람의 시간'은 선비의 태도와 기상을 절제된 몸짓으로 형상화한다. 선비정신을 바탕으로 군자의 ...,UCJ55axexMkXqp1Fgwvmdsgg,국립극장 National Theater of Korea,37800,1221,2025-12-09T00:33:35Z,66,general,917,14,1,https://www.youtube.com/watch?v=BmxV9n9Rli0,PF269558,"국립무용단, 거장의 숨결 Ⅱ: 김현자, 조흥동 [서울]",무용(서양/한국무용),current_season,True,False,False,True
w5cOgBrxE9k,지금 우리가 만나야 할 한국무용의 정수 | 국립무용단 ‘거장의 숨결’,"한국무용의 오늘을 만든 네 명의 거장, 조흥동, 배정혜, 김현자, 국수호. 한 시대를 이끈 이들의 대표작이 국립무용단 무용수들의 몸을 ...",UCJ55axexMkXqp1Fgwvmdsgg,국립극장 National Theater of Korea,37800,1221,2025-11-20T02:18:40Z,16,shorts,3352,18,0,https://www.youtube.com/watch?v=w5cOgBrxE9k,PF269558,"국립무용단, 거장의 숨결 Ⅱ: 김현자, 조흥동 [서울]",무용(서양/한국무용),current_season,True,False,False,True
uP1FNBPvat8,[4K] 251221 국립무용단 거장의 숨결2 매화를 바라보다 커튼콜 ,"한국무용의 오늘을 만든 네 명의 거장, 조흥동, 배정혜, 김현자, 국수호. 한 시대를 이끈 이들의 대표작이 국립무용단 무용수들의 몸을 ...",UCNOOPn8wgKaIgMmVzIeUEZg,ZZ,321,204,2025-12-25T14:39:49Z,98,general,76,3,0,https://www.youtube.com/watch?v=uP1FNBPvat8,PF269558,"국립무용단, 거장의 숨결 Ⅱ: 김현자, 조흥동 [서울]",무용(서양/한국무용),current_season,True,False,False,True
-kYN3CloFwY,창단 연주회_01. Les Miserables,강원에듀오케스트라 #강원도 #교육 #오케스트라 #레미제라블 창단 연주회 2022.12.04. 춘천 문화예술회관 지휘: 이상진.,UCItAjHl_jaKprAcVPFYASAQ,강원에듀오케스트라,98,56,2024-12-15T07:11:51Z,345,general,72,3,0,https://www.youtube.com/watch?v=-kYN3CloFwY,PF260178,레미제라블 [춘천],연극,current_season,True,False,True,False
Xr8N-wl0R7c,"[부산시립교향악단 VLOG] 단원들의 연주 준비, 같이 보실래요? | NEW WORLD in 부산 콘서트홀","2025년 5월, 부산시향 제620회 정기연주회(부산콘서트홀 개관 시범공연)을 앞두고 부산시립교향악단이 어떤 하루들을 보내고 있었 ...",UCeySqDu5BowY_RD5sVYIYug,부산시립예술단TV,2640,553,2025-06-13T05:45:25Z,279,general,2217,38,2,https://www.youtube.com/watch?v=Xr8N-wl0R7c,PF261746,제620회 부산시립교향악단 정기연주회: New World [부산],서양음악(클래식),current_season,True,False,True,True
9TbN2BwJJjE,2026.02.05. #오페라 #아이다 개선행진곡 오케스트라 부산시립교향악단 문화 배병오기자,"부산 낙동아트센터가 콘서트홀에서 정식 오페라를 공연하는, 새로운 도전에 나섰습니다. 문화공감, 이번 주는 오페라 첫 도입부터 혁신 ...",UCu3UdBgjSn-RrdKnfJx6ycQ,KBS 뉴스 부산,97900,16897,2026-02-06T05:07:36Z,86,general,5008,73,0,https://www.youtube.com/watch?v=9TbN2BwJJjE,PF285049,"예술의전당 교향악축제, 부산시립교향악단 (04.03)",서양음악(클래식),current_season,True,False,False,True
53WhH3NJtaw,스페인의 정열이 휘몰아친다!박진감 넘치는 클래식 발레 &quot;돈키호테&quot; 💃 #수원sk아트리움 #수원문화재단 #수원데이트 #발레 #데이트코스추천,"스페인의 정열이 휘몰아친다! 박진감 넘치는 클래식 발레 ""돈키호테""   믿고 보는 엠(M)발레단의 발레 돈키호테 연습실을 공개합니다!",UCfRh1vXV99pBPN6sJ8gQ66g,Suwon SK Artrium수원SK아트리움,157,108,2025-10-22T04:41:27Z,53,shorts,150,1,0,https://www.youtube.com/watch?v=53WhH3NJtaw,PF276559,돈키호테 [수원],무용(서양/한국무용),current_season,True,True,True,True
URNlFi_dQEY,251123 발레 [ 돈키호테 ] SK아트리움 커튼콜 앵콜,251123 #발레 #돈키호테 #SK아트리움 #수원 #앵콜 #커튼콜.,UCDrkdEmieeWoHEY4IIodlXw,수원예술공연,18000,5737,2025-11-23T09:39:33Z,305,general,98,2,0,https://www.youtube.com/watch?v=URNlFi_dQEY,PF276559,돈키호테 [수원],무용(서양/한국무용),current_season,True,False,False,True
ofWaveyOdb8,스페인의 정열이 휘몰아치는 클래식 발레 돈키호테 #수원sk아트리움 #돈키호테 #발레,"스페인의 정열이 휘몰아치는 클래식 발레 돈키호테 관람 포인트 Point 1. 눈을 사로잡는 화려한 테크닉! 발레리나의 회전과 점프, ...",UCfRh1vXV99pBPN6sJ8gQ66g,Suwon SK Artrium수원SK아트리움,157,108,2025-11-14T05:01:03Z,50,shorts,1425,9,0,https://www.youtube.com/watch?v=ofWaveyOdb8,PF276559,돈키호테 [수원],무용(서양/한국무용),current_season,True,False,True,True
27cjy4Cuql4,2025년 11월 22일 오후 5시 돈키호테 M발레단 커튼콜 @ SK아트리움,키트리아 : 최솔지 바질리오 : 정용재 에스파다 : 이준구 거리의 무희/숲의여왕 : 조윤빈 돈키호테 : 이수희 산초 : 최시몬 가마쉬 : 강주신 ...,UCJVGnTBxR94074LM3msvLNw,월간발레,46,34,2025-11-22T12:36:53Z,232,general,290,1,0,https://www.youtube.com/watch?v=27cjy4Cuql4,PF276559,돈키호테 [수원],무용(서양/한국무용),current_season,True,False,False,True
c59sGfWAuQ8,251123 #발레 #돈키호테 #SK아트리움 #수원 #앵콜 #커튼콜,,UCDrkdEmieeWoHEY4IIodlXw,수원예술공연,18000,5737,2025-11-23T10:00:42Z,6,shorts,1357,3,0,https://www.youtube.com/watch?v=c59sGfWAuQ8,PF276559,돈키호테 [수원],무용(서양/한국무용),current_season,True,False,False,True
I4JSVLjyViM,251123 #발레 #돈키호테 #SK아트리움 #수원 #앵콜 #커튼콜,,UCDrkdEmieeWoHEY4IIodlXw,수원예술공연,18000,5737,2025-11-23T10:12:03Z,6,shorts,1565,6,0,https://www.youtube.com/watch?v=I4JSVLjyViM,PF276559,돈키호테 [수원],무용(서양/한국무용),current_season,True,False,False,True
WwLsxHekG94,251123 #발레 #돈키호테 #SK아트리움 #수원 #앵콜 #커튼콜,,UCDrkdEmieeWoHEY4IIodlXw,수원예술공연,18000,5737,2025-11-25T05:44:14Z,5,shorts,53,2,0,https://www.youtube.com/watch?v=WwLsxHekG94,PF276559,돈키호테 [수원],무용(서양/한국무용),current_season,True,False,False,True
Yhqoh71YkqE,251123 #발레 #돈키호테 #SK아트리움 #수원 #앵콜 #커튼콜,,UCDrkdEmieeWoHEY4IIodlXw,수원예술공연,18000,5737,2025-11-23T10:17:25Z,6,shorts,66,3,0,https://www.youtube.com/watch?v=Yhqoh71YkqE,PF276559,돈키호테 [수원],무용(서양/한국무용),current_season,True,False,False,True
iBB-JcmDtdg,251123 #발레 #돈키호테 #SK아트리움 #수원 #앵콜 #커튼콜,,UCDrkdEmieeWoHEY4IIodlXw,수원예술공연,18000,5737,2025-11-25T05:42:30Z,5,shorts,34,3,0,https://www.youtube.com/watch?v=iBB-JcmDtdg,PF276559,돈키호테 [수원],무용(서양/한국무용),current_season,True,False,False,True
Ek1Ono4q_Tw,251123 #발레 #돈키호테 #SK아트리움 #수원 #앵콜 #커튼콜,,UCDrkdEmieeWoHEY4IIodlXw,수원예술공연,18000,5737,2025-11-25T05:51:34Z,5,shorts,103,2,0,https://www.youtube.com/watch?v=Ek1Ono4q_Tw,PF276559,돈키호테 [수원],무용(서양/한국무용),current_season,True,False,False,True
7mM6q1OoKAM,251123 수원SK아트리움 돈키호테 커튼콜 ❤️‍🔥 정성욱,발레돈키호테 #M발레단 #발레리노정성욱 #정성욱.,UCXIMy-PYYiSrwCvpqvkU0mg,별,35,33,2025-11-23T10:41:48Z,229,general,772,13,0,https://www.youtube.com/watch?v=7mM6q1OoKAM,PF276559,돈키호테 [수원],무용(서양/한국무용),current_season,True,False,True,True
gDeScb2blSI,1분 미리보기 글씨대로展 #캘리그라피 #김상훈 #세종문화회관 #붓잡은글씨꾼 #개인전 #작가 #돈키호테 #수원 #수원화성 #1분쇼츠 #미리보기 #춤 #경기남부뉴스,1분 미리보기 글씨대로展 #캘리그라피 #김상훈 #세종문화회관 #붓잡은글씨꾼 #개인전 #작가 #돈키호테 #수원 #수원화성 #1분쇼츠 ...,UCyCTcomzCneFh3avAxX9cQg,TV경기남부뉴스,7,22,2026-01-14T00:39:24Z,60,shorts,356,2,0,https://www.youtube.com/watch?v=gDeScb2blSI,PF276559,돈키호테 [수원],무용(서양/한국무용),current_season,True,False,False,True
qYYFpFholJE,251123 #발레 #돈키호테 #SK아트리움 #수원 #앵콜 #커튼콜,,UCDrkdEmieeWoHEY4IIodlXw,수원예술공연,18000,5737,2025-11-23T10:06:21Z,6,shorts,541,5,0,https://www.youtube.com/watch?v=qYYFpFholJE,PF276559,돈키호테 [수원],무용(서양/한국무용),current_season,True,False,False,True
9gBtvRd1Y90,251123 #발레 #돈키호테 #SK아트리움 #수원 #앵콜 #커튼콜,,UCDrkdEmieeWoHEY4IIodlXw,수원예술공연,18000,5737,2025-11-23T09:57:30Z,7,shorts,1170,4,0,https://www.youtube.com/watch?v=9gBtvRd1Y90,PF276559,돈키호테 [수원],무용(서양/한국무용),current_season,True,False,False,True
bMbF1mE40-c,251123 #발레 #돈키호테 #SK아트리움 #수원 #앵콜 #커튼콜,,UCDrkdEmieeWoHEY4IIodlXw,수원예술공연,18000,5737,2025-11-23T09:52:06Z,7,shorts,1411,11,2,https://www.youtube.com/watch?v=bMbF1mE40-c,PF276559,돈키호테 [수원],무용(서양/한국무용),current_season,True,False,False,True
7QUOuoaxYmw,251123 #발레 #돈키호테 #SK아트리움 #수원 #앵콜 #커튼콜,,UCDrkdEmieeWoHEY4IIodlXw,수원예술공연,18000,5737,2025-11-23T10:22:42Z,6,shorts,118,5,0,https://www.youtube.com/watch?v=7QUOuoaxYmw,PF276559,돈키호테 [수원],무용(서양/한국무용),current_season,True,False,False,True
1RqVvSv7Nqg,251123 #발레 #돈키호테 #SK아트리움 #수원 #앵콜 #커튼콜,,UCDrkdEmieeWoHEY4IIodlXw,수원예술공연,18000,5737,2025-11-23T10:02:52Z,8,shorts,540,3,0,https://www.youtube.com/watch?v=1RqVvSv7Nqg,PF276559,돈키호테 [수원],무용(서양/한국무용),current_season,True,False,False,True
uaSk0Xzko1A,251123 #발레 #돈키호테 #SK아트리움 #수원 #앵콜 #커튼콜,,UCDrkdEmieeWoHEY4IIodlXw,수원예술공연,18000,5737,2025-11-23T10:04:42Z,6,shorts,2845,17,0,https://www.youtube.com/watch?v=uaSk0Xzko1A,PF276559,돈키호테 [수원],무용(서양/한국무용),current_season,True,False,False,True
QKRnGK9buCk,2025 11 23  수원sk아트리움#돈키호테#강서연#이은수,"""32번을 안 멈추고 돈다고? 발레푸에테""",UCvGtYLe2hE_A7c7Gs9xF6Tg,서미영,1,3,2025-11-28T04:34:56Z,98,general,63,3,0,https://www.youtube.com/watch?v=QKRnGK9buCk,PF276559,돈키호테 [수원],무용(서양/한국무용),current_season,True,False,True,True
9lNuWuk3j8Q,"[인천TV] 인천문화예술회관, 시설 리모델링 마치고 4월부터 단계별 재개관",멤버십 가입 안내 https://www.youtube.com/channel/UCrG3Rhs_uBuduTp7EJ94k0Q/join 인투TV 멤버십으로 가입해 인천투데이를 ...,UCrG3Rhs_uBuduTp7EJ94k0Q,인투TV,41900,4075,2025-04-04T23:00:12Z,110,general,265,3,0,https://www.youtube.com/watch?v=9lNuWuk3j8Q,PF274550,인천문화예술회관 재개관 기념 사전 공연 GRAND OPEN [인천],서양음악(클래식),current_season,True,False,True,False
9_qLRIGCAfs,2025 서울시향 임지영의 베토벤 바이올린 협주곡 세로 예고편🎬,하나금융그룹과 함께하는 2025 서울시향 임지영의 베토벤 바이올린 협주곡 2025. 7. 4.(금) 오후 8:00 롯데콘서트홀 지휘 미겔 하스베 ...,UCwmgO3PhE925-mLG1h26Uow,서울시립교향악단 Seoul Philharmonic Orchestra,40300,703,2025-06-17T06:59:33Z,44,shorts,889,22,0,https://www.youtube.com/watch?v=9_qLRIGCAfs,PF253092,서울시향 임지영의 베토벤 바이올린 협주곡,서양음악(클래식),current_season,True,False,True,True
qmVUDaNPMJo,[예고편] 2025 서울시향 임지영의 베토벤 바이올린 협주곡 | Ji Young Lim plays Beethoven&#39;s Violin Concerto,하나금융그룹과 함께하는 2025 서울시향 임지영의 베토벤 바이올린 협주곡 2025. 7. 4.(금) 오후 8:00 롯데콘서트홀 지휘 미겔 하스베 ...,UCwmgO3PhE925-mLG1h26Uow,서울시립교향악단 Seoul Philharmonic Orchestra,40300,703,2025-06-10T00:05:24Z,44,shorts,822,23,2,https://www.youtube.com/watch?v=qmVUDaNPMJo,PF253092,서울시향 임지영의 베토벤 바이올린 협주곡,서양음악(클래식),current_season,True,False,True,True
7xI0tb5AGfo,"[정기공연] 브루흐, 스코틀랜드 환상곡｜Bruch, Scottish Fantasy, Op. 46｜임지영, 바이올린, #서울시향 210305공연",2021 서울시향 임지영의 스코틀랜드 환상곡 Ji Young Lim plays Bruch's Scottish Fantasy 2021년 3월 5일 롯데콘서트홀 연주 실황 ...,UCwmgO3PhE925-mLG1h26Uow,서울시립교향악단 Seoul Philharmonic Orchestra,40300,703,2022-05-09T11:14:18Z,1846,general,49083,716,32,https://www.youtube.com/watch?v=7xI0tb5AGfo,PF253092,서울시향 임지영의 베토벤 바이올린 협주곡,서양음악(클래식),current_season,True,False,True,False
-ScDKP8Davc,"[NIB 뉴스] 인천시립교향악단, ‘2025 신년음악회’ 개최",인천시립교향악단이 오는 18일 아트센터인천에서 '2025년 신년음악회'를 개최합니다. 이번 음악회엔 수성아트피아 상주단체인 ...,UCfiB-57VAr0zZAQOBc6iaww,NIB남인천방송,8450,12795,2025-01-08T00:18:58Z,44,shorts,283,0,0,https://www.youtube.com/watch?v=-ScDKP8Davc,PF256044,"인천시립교향악단 기획연주회, 신년음악회 [인천]",서양음악(클래식),current_season,True,False,True,True
7_61oWuUHe0,2022 아트센터인천 신년음악회 │ 하이라이트 영상,새해를 맞아 희망찬 기운으로 가득했던 아트센터인천 콘서트홀✨ ⠀ 하이라이트 영상을 통해 그 날의 감동을 다시 한번 느껴보세요!,UCiHb463_7p9cZLfMxQauXJw,아트센터인천,2130,145,2022-01-28T03:30:02Z,76,general,1379,,2,https://www.youtube.com/watch?v=7_61oWuUHe0,PF256044,"인천시립교향악단 기획연주회, 신년음악회 [인천]",서양음악(클래식),current_season,True,False,True,False
84YYyHBhs1Y,[커튼콜] 경기시나위오케스트라&#39;토끼판&#39;_2023 신년음악회(수원)ㅣ경기아트센터 대극장 2023.02.04,00:50 커튼콜 바로 보기 공연 영상이 꼭 업로드 되기를 간절히 바랍니다.   2023 신년음악회 - 수원   경기시나위오케스트라[토끼 ...,UCo4FQCPMo2fU0Edv09LChhg,bene,4610,213,2023-02-05T09:09:36Z,279,general,290,15,4,https://www.youtube.com/watch?v=84YYyHBhs1Y,PF256044,"인천시립교향악단 기획연주회, 신년음악회 [인천]",서양음악(클래식),current_season,True,False,True,False
zJSMERmebKc,[LIVE] 2025 남양주시립예술단 송년음악회,2025 남양주시립예술단 송년음악회 2025. 12. 13. (토) 17:00 남양주체육문화센터 남양주시립합창단 | 남양주시립소년소녀합창단 ...,UCZFTAP8J_0xEjjhreKMHa4A,남양주시•남양주TV,28300,4213,2025-12-13T21:42:03Z,6089,general,4292,60,7,https://www.youtube.com/watch?v=zJSMERmebKc,PF280561,남양주시립예술단 송년음악회,서양음악(클래식),current_season,True,False,True,True
L0pTQkHhE38,[LIVE] 2024 남양주시립예술단 송년음악회,2024 남양주시립예술단 송년음악회 2024. 12. 14. (토) 17:00 남양주체육문화센터 남양주시립합창단 지휘자 : 고성진 단무장 : 김영덕 ...,UCZFTAP8J_0xEjjhreKMHa4A,남양주시•남양주TV,28300,4213,2024-12-14T21:41:18Z,6142,general,6602,72,4,https://www.youtube.com/watch?v=L0pTQkHhE38,PF280561,남양주시립예술단 송년음악회,서양음악(클래식),current_season,True,False,True,False
_ZaLTaO3GM4,#남양주시립예술단송년음악회25.12.13 #산타할아버지는알고계신데 #오케스트라 #남양주시립합창단 #행복 #평화 #행복 #인내 #양심 #빛 #영광 #경기도 #문화 #예술 #결실,,UCsHnonKel-h3aAWBkZHLnkg,일상,41,183,2025-12-14T14:00:12Z,32,shorts,53,1,0,https://www.youtube.com/watch?v=_ZaLTaO3GM4,PF280561,남양주시립예술단 송년음악회,서양음악(클래식),current_season,True,False,False,True
nxOYn9goY-o,#남양주시립예술단송년음악회25.12.13 #남양주시민연합예울단 #협력 #평화문화 #영광 #예술 #남양주시 #행복 #배려 #시민 #음악 #악기 #한마음 #소망 #희망 #공감 #소통 ,,UCsHnonKel-h3aAWBkZHLnkg,일상,41,183,2025-12-14T14:48:01Z,188,general,80,2,1,https://www.youtube.com/watch?v=nxOYn9goY-o,PF280561,남양주시립예술단 송년음악회,서양음악(클래식),current_season,True,False,False,True
zGqNuBnwRtk,#2025남양주시립예술단 #송년음악회,,UClHWfkzCRd5YKq2qu2eBJoA,영란쌤TV,288,468,2025-12-13T08:59:21Z,16,shorts,474,2,0,https://www.youtube.com/watch?v=zGqNuBnwRtk,PF280561,남양주시립예술단 송년음악회,서양음악(클래식),current_season,True,False,False,True
GHaEObIHeqQ,#남양주시립소년소녀합창단송년음악회 #남양주체육문화센터 #캐럴 #오케스트라협연 #남양주시립예술단 #송년음악회 #문화 #시대때현장 #어린이 #인내 #어른 #존중배려 #보호 #장수행복,,UCsHnonKel-h3aAWBkZHLnkg,일상,41,183,2025-12-14T06:46:42Z,62,general,254,5,0,https://www.youtube.com/watch?v=GHaEObIHeqQ,PF280561,남양주시립예술단 송년음악회,서양음악(클래식),current_season,True,False,True,True
9HYUNrXw_xI,#남양주시립예술단25.12.13 #송년음악회 #교육 #시대 #때 #장소 #멘토 #어른 #본 #문화 #어린이 #동심 #인내 #보호 #남양주시 #진리진실사실충실 #정성 #복 #장수,,UCsHnonKel-h3aAWBkZHLnkg,일상,41,183,2025-12-14T14:42:40Z,60,shorts,111,1,0,https://www.youtube.com/watch?v=9HYUNrXw_xI,PF280561,남양주시립예술단 송년음악회,서양음악(클래식),current_season,True,False,False,True
GArWHFSdwEA,[부부산책이야기] 20260513 국립합창단제207회정기연주회 &#39;모차르트 c단조 대미사&#39; 예술의전당콘서트홀,"[부부산책이야기] 20260513 국립합창단제207회정기연주회 '모차르트 c단조 대미사' 예술의전당콘서트홀 ""모짜르트 C단조 대미사"" ...",UCkGf4cGBoE1Wdjlnla-6wjA,정다운1004의 찬양의샘터♪,784,612,2026-05-14T06:39:02Z,398,general,12,0,0,https://www.youtube.com/watch?v=GArWHFSdwEA,PF285668,제207회 국립합창단 정기연주회: 모차르트 c단조 대미사,서양음악(클래식),current_season,True,True,True,True
vbjwNfNh5RY,𝐌𝐞𝐬𝐬𝐚𝐠𝐞 𝐟𝐫𝐨𝐦 | 소프라노 한경성,제207회 정기연주회 '모차르트 c단조 대미사'의 솔리스트 소프라노 한경성님의 메시지가 도착했습니다 모차르트 종교 음악의 양면 ...,UCPt2iPR8bH27BlXTY2g_D3w,국립합창단 l The National Chorus of Korea,9830,323,2026-05-07T09:42:17Z,41,shorts,474,4,1,https://www.youtube.com/watch?v=vbjwNfNh5RY,PF285668,제207회 국립합창단 정기연주회: 모차르트 c단조 대미사,서양음악(클래식),current_season,True,True,False,True
m44Hj5tDvtc,𝐌𝐞𝐬𝐬𝐚𝐠𝐞 𝐟𝐫𝐨𝐦 | 소프라노 황수미,제207회 정기연주회 '모차르트 c단조 대미사'의 솔리스트 소프라노 황수미님의 메시지가 도착했습니다 모차르트 종교 음악의 양면 ...,UCPt2iPR8bH27BlXTY2g_D3w,국립합창단 l The National Chorus of Korea,9830,323,2026-05-08T00:44:26Z,36,shorts,1629,12,2,https://www.youtube.com/watch?v=m44Hj5tDvtc,PF285668,제207회 국립합창단 정기연주회: 모차르트 c단조 대미사,서양음악(클래식),current_season,True,True,False,True
tn5-TnQAYNY,[공연홍보]돼지꿈을 꾸면 그것이 현실이 된다 !!!친절한 돼지씨가 !! 9월6일 강진아트홀을 찾아갑니다!!:),세종국악관현악단의 배리어프리 음악극 친절한 돼지씨   ✨️(재)예술경영지원센터 2023 공연유통협력 지원 사업 선정 ✨ 무안과 ...,UC1bDwqbsVZEEW-0pBsp9ktQ,세종국악 sejonggugak,3780,580,2023-08-17T01:45:59Z,60,shorts,324,4,0,https://www.youtube.com/watch?v=tn5-TnQAYNY,PF225754,친절한 돼지씨 [논산],한국음악(국악),current_season,True,False,False,True
69vnWWMHKc8,231028 뮤지컬 테레즈 라캥 대구 막공 커튼콜,뮤지컬 #커튼콜 #박정원 #곽다인 #최연우 #오진영 #테레즈라캥.,UCM7OScL2XUTk_U3dAbEaudg,윗뮤,210,158,2023-10-29T07:12:31Z,157,general,42,3,0,https://www.youtube.com/watch?v=69vnWWMHKc8,PF225166,테레즈 라캥 [대구],뮤지컬,current_season,True,False,False,True
8igl5Qe30L4,231028 뮤지컬 테레즈라캥 대구 - 커튼콜 / 최연우 박정원 곽다인 오진영,아이폰 12mini ✔️테레즈라캥 대구 ✔️대구문화예술회관 ✔️2023.10.28.밤 ✔️최연우 박정원 곽다인 오진영.,UCKM7O36eY0tc9C6LO3d_2VQ,고찰덩어리,621,116,2024-07-29T09:00:06Z,194,general,18,1,0,https://www.youtube.com/watch?v=8igl5Qe30L4,PF225166,테레즈 라캥 [대구],뮤지컬,current_season,True,False,True,False
nG6UMTIB33A,"231028 대구 테레즈라캥 커튼콜 - 최연우, 박정원(F), 곽다인, 오진영",대구문화예술회관 팔공홀 #테레즈라캥 1층 B구역 1열 8번 시야 테레즈역 #최연우 로랑역 #박정원 카미유역 #곽다인 라캥부인역 ...,UCU9Jlfh4E3AmFNSLLTlNQ6g,TORO,8,173,2023-10-28T15:52:35Z,197,general,64,2,0,https://www.youtube.com/watch?v=nG6UMTIB33A,PF225166,테레즈 라캥 [대구],뮤지컬,current_season,True,False,True,True
TvBk__DfDbk,20231028_뮤지컬 테레즈 라캥_커튼콜_박정원 배우 (F),231028 테레즈 라캥 - 대구 커튼콜 로랑 박정원 배우 테레즈 최연우 배우 카미유 김민강 배우 라캥부인 오진영 배우.,UCgAXttXyhBtVdZkkmDi9eTA,찍챠,0,19,2023-11-06T10:40:10Z,198,general,56,0,0,https://www.youtube.com/watch?v=TvBk__DfDbk,PF225166,테레즈 라캥 [대구],뮤지컬,current_season,True,False,False,True
_pPXvRY7cOw,2022 뮤지컬 테레즈 라캥 공연 하이라이트,2023 공연유통협력 지원 선정 공연 CAST 테레즈 | 최연우 로랑 | 박정원 동현 카미유 | 김민강 곽다인 라캥 부인 | 오진영 투어 공연 ...,UC7UrckaxjtIHG-wBr2_FqOw,한다프로덕션,732,140,2023-09-29T05:46:17Z,119,general,1125,36,1,https://www.youtube.com/watch?v=_pPXvRY7cOw,PF225166,테레즈 라캥 [대구],뮤지컬,current_season,True,False,False,True
No9U4K2KWCA,"231028 7시 30분 뮤지컬 테레즈 라캥 커튼콜 (최연우, 박정원, 곽다인, 오진영)","231028 7시 30분 뮤지컬 테레즈 라캥 커튼콜 (최연우, 박정원, 곽다인, 오진영) 대구문화예술회관 팔공홀 C구역 3열 테레즈-최연우 ...",UCOcu46HdPu8YdSfEsHFjFEA,밍아카이브,5660,275,2023-10-28T13:47:19Z,173,general,88,2,0,https://www.youtube.com/watch?v=No9U4K2KWCA,PF225166,테레즈 라캥 [대구],뮤지컬,current_season,True,False,True,True
gLT-A-RWXvk,[4K] 231028 뮤지컬 테레즈 라캥🥀 대구 지방 공연 커튼콜 _ 박정원 focus,박정원 #테레즈라캥 #대구문화예술회관 #팔공홀.,UCB-bn5Mk0UqlhZQd8QdDH3w,LAN_,56,179,2023-10-28T12:56:31Z,174,general,185,12,0,https://www.youtube.com/watch?v=gLT-A-RWXvk,PF225166,테레즈 라캥 [대구],뮤지컬,current_season,True,False,True,True
FSoPNRoi8Dg,231028 테레즈라캥 대구 커튼콜 (박정원f),,UCQVTEpt13Kah2Ba9OwcUa3A,areotui,3,22,2023-10-30T05:39:25Z,168,general,29,1,0,https://www.youtube.com/watch?v=FSoPNRoi8Dg,PF225166,테레즈 라캥 [대구],뮤지컬,current_season,True,False,False,True
eoyD20-yqYw,231029 [4K] 테레즈라캥 대구 밤공 커튼콜 박정원(F),뮤지컬 #테레즈라캥 #대구문화예술회관 #박정원.,UCVW5JkNADgFVcqVIbxOGyXg,Muplay,129,184,2023-10-28T16:10:50Z,169,general,68,1,0,https://www.youtube.com/watch?v=eoyD20-yqYw,PF225166,테레즈 라캥 [대구],뮤지컬,current_season,True,False,True,True
UGN3QTY277U,부천유스콰이어_ Don&#39;t be afraid 걱정말아요,"부천시립합창단 가족뮤지컬 ""선물"" (부천유스콰이어 협연) 일자 2024.05.31 ~ 2024.06.01 시간 05.31(금) 19:30 06.01(토) 17:00 장소 ...",UCpnWBO6UN1sn6G6WeQsnFYQ,부천유스콰이어,192,62,2024-07-10T13:22:13Z,138,general,721,7,,https://www.youtube.com/watch?v=UGN3QTY277U,PF232038,부천시립합창단 가족합창뮤지컬: 선물,서양음악(클래식),current_season,False,True,False,True
rPJMr3kbhGk,부천유스콰이어_ 개구쟁이,"부천시립합창단 가족뮤지컬 ""선물"" (부천유스콰이어 협연) 일자 2024.05.31 ~ 2024.06.01 시간 05.31(금) 19:30 06.01(토) 17:00 장소 ...",UCpnWBO6UN1sn6G6WeQsnFYQ,부천유스콰이어,192,62,2024-07-10T13:15:07Z,263,general,448,8,,https://www.youtube.com/watch?v=rPJMr3kbhGk,PF232038,부천시립합창단 가족합창뮤지컬: 선물,서양음악(클래식),current_season,False,True,False,True
d7LG7EOH7e8,부천유스콰이어_ kazabue 바람이 머무는 날,"부천시립합창단 가족뮤지컬 ""선물"" (부천유스콰이어 협연) 일자 2024.05.31 ~ 2024.06.01 시간 05.31(금) 19:30 06.01(토) 17:00 장소 ...",UCpnWBO6UN1sn6G6WeQsnFYQ,부천유스콰이어,192,62,2024-07-11T04:33:28Z,203,general,699,11,,https://www.youtube.com/watch?v=d7LG7EOH7e8,PF232038,부천시립합창단 가족합창뮤지컬: 선물,서양음악(클래식),current_season,False,True,False,True
Syw42Ed6e30,[부산시립극단] 제76회 정기공연 ❛사람에게는 얼마만큼의 땅이 필요한가?❜,부산시립극단 제76회 정기공연은 톨스토이 단편소설 ❛사람에게는 얼마만큼의 땅이 필요한가?❜를 각색한 작품으로 26년간 부산 ...,UCeySqDu5BowY_RD5sVYIYug,부산시립예술단TV,2640,553,2024-03-12T00:49:04Z,21,shorts,241,17,2,https://www.youtube.com/watch?v=Syw42Ed6e30,PF233970,제76회 부산시립극단 정기공연: 사람에게는 얼마만큼의 땅이 필요한가,연극,current_season,True,False,False,True
15w5sMkU4EE,[부산시립극단] 제76회 정기공연 ❛사람에게는 얼마만큼의 땅이 필요한가?❜,,UCeySqDu5BowY_RD5sVYIYug,부산시립예술단TV,2640,553,2024-03-12T00:31:33Z,60,shorts,358,13,0,https://www.youtube.com/watch?v=15w5sMkU4EE,PF233970,제76회 부산시립극단 정기공연: 사람에게는 얼마만큼의 땅이 필요한가,연극,current_season,True,False,False,True
8tITtvPf0m4,[ANT뉴스]성남시향 &#39;베토벤 교향곡 9번 합창&#39; 연주회,전석 10000원·청소년·장애인 등 50% 할인 (ANT뉴스통신= 이로은 앵커)성남시립교향악단은 오는 11일 오후 8시 성남아트센터 ...,UC7vu_HKmM4YeN0JEQYhU4Rw,ANTNEWS123,223,856,2013-12-06T08:04:39Z,48,shorts,1428,2,0,https://www.youtube.com/watch?v=8tITtvPf0m4,PF282308,성남시립교향악단 신년음악회 [성남],서양음악(클래식),current_season,True,False,True,False
MBNbbJzw70s,포천시립민속예술단 제23회 정기공연 &#39;꺼지지 않는 불꽃: 19190330&#39;,일시: 3/20(금) 19:30 ✧ 장소: 포천반월아트홀 대극장 ✧ 티켓: 무료 ✧ 연령: 만 4세 이상 ✧ 문의: 포천시립민속예술단 031-535-3719.,UCziNtLnHzwayUrg0E21tj2w,포천문화관광재단,300,111,2026-03-05T06:39:31Z,70,general,1428,158,53,https://www.youtube.com/watch?v=MBNbbJzw70s,PF287490,"제23회 포천시립민속예술단 정기공연, 꺼지지 않는 불꽃: 19190330",한국음악(국악),current_season,True,False,True,True
qyHZFrvpsJA,피노키오의모험2025 춘천,,UCjSrRP3HW6AF9ujJvnppAng,디아뜨소사이어티TheArtSOCIETY,54,23,2025-08-08T10:56:14Z,3640,general,320,14,0,https://www.youtube.com/watch?v=qyHZFrvpsJA,PF260066,피노키오의 모험 [춘천],서양음악(클래식),current_season,True,False,False,True
Fn5qp3tXXjs,"뮤지컬 &#39;윌리엄과 윌리엄의 윌리엄들&#39;, 김해에 오다/SDATV 신동아방송김해","18세기 말, 영국 런던 사회를 뒤흔들었던 '셰익스피어 미발표 희곡 사기극'을 다룬 뮤지컬 '윌리엄과 윌리엄의 윌리엄들'이 오는 7월 6 ...",UCwmOYszuxqhGum98VDqYryQ,SDATV신동아방송김해,1600,1193,2024-05-30T08:18:15Z,114,general,88,1,0,https://www.youtube.com/watch?v=Fn5qp3tXXjs,PF241927,윌리엄과 윌리엄의 윌리엄들 [김해],뮤지컬,current_season,True,True,False,True
N1nyV7HlnFk,[윌리엄과 윌리엄의 윌리엄들] 이경수 사무엘의 웰컴 메시지! #뮤지컬 #윌리엄과윌리엄의윌리엄들 #김해,,UCazmkvFpoAUfdWNaa4aUhhQ,(주)연극열전,4130,627,2024-07-03T07:31:19Z,21,shorts,1261,14,1,https://www.youtube.com/watch?v=N1nyV7HlnFk,PF241927,윌리엄과 윌리엄의 윌리엄들 [김해],뮤지컬,current_season,True,False,False,True
eztoqyoN7rw,[윌리엄과 윌리엄의 윌리엄들] 김지웅 헨리의 웰컴 메시지! #뮤지컬 #윌리엄과윌리엄의윌리엄들 #김해,,UCazmkvFpoAUfdWNaa4aUhhQ,(주)연극열전,4130,627,2024-07-03T07:31:27Z,27,shorts,767,9,0,https://www.youtube.com/watch?v=eztoqyoN7rw,PF241927,윌리엄과 윌리엄의 윌리엄들 [김해],뮤지컬,current_season,True,False,False,True
EpE72eGNuBA,[윌리엄과 윌리엄의 윌리엄들] 황휘 H의 웰컴 메시지! #뮤지컬 #윌리엄과윌리엄의윌리엄들 #김해,,UCazmkvFpoAUfdWNaa4aUhhQ,(주)연극열전,4130,627,2024-07-03T07:31:24Z,40,shorts,350,14,1,https://www.youtube.com/watch?v=EpE72eGNuBA,PF241927,윌리엄과 윌리엄의 윌리엄들 [김해],뮤지컬,current_season,True,False,False,True
Qk624a950L0,[윌리엄과 윌리엄의 윌리엄들] 김지웅 헨리의 웰컴 메시지! #뮤지컬 #윌리엄과윌리엄의윌리엄들 #김해,,UCazmkvFpoAUfdWNaa4aUhhQ,(주)연극열전,4130,627,2024-08-19T02:03:23Z,17,shorts,686,3,0,https://www.youtube.com/watch?v=Qk624a950L0,PF241927,윌리엄과 윌리엄의 윌리엄들 [김해],뮤지컬,current_season,True,False,False,True
LkBG2e36YZ0,[공연실황] 인천시립합창단 제186회 정기연주회 | 모차르트 레퀴엠 &amp; 펜데레츠키 주의 어린양,"인천시립합창단 제186회 정기연주회 2024년 6월 27일(목), 아트센터 인천 콘서트홀 폴란드의 민주화 과정에서 희생된 사람들을 ...",UCPglj7zGwmOlH8_31Tpgh8Q,한경arteTV,116000,3899,2024-09-05T10:30:22Z,3857,general,4461,108,5,https://www.youtube.com/watch?v=LkBG2e36YZ0,PF242117,제186회 인천시립합창단 정기연주회: 모차르트 레퀴엠 & 펜데레츠키 아뉴스데이,서양음악(클래식),current_season,True,False,True,True
CkPCmBUbxoo,나를 알아주는 사람이 있다는 것&quot; 연극으로 다시 만나는 &#39;나의 아저씨&#39; | 수원SK아트리움,"혹시 마음 한구석이 텅 빈 것처럼 시리고, 누군가의 따뜻한 위로가 간절한 밤을 보내고 계신가요? 병원을 가도 나아지지 않는 마음의 병 ...",UCfRh1vXV99pBPN6sJ8gQ66g,Suwon SK Artrium수원SK아트리움,157,108,2026-03-06T05:41:28Z,59,shorts,47,3,0,https://www.youtube.com/watch?v=CkPCmBUbxoo,PF286538,나의 아저씨 [수원],연극,current_season,True,False,True,True
jtBf4ycUnro,나의 아저씨는 왜 끝까지 사랑을 말하지 않았을까 (나의 아저씨 비하인드 에세이),"나의아저씨 #이선균 #아이유 이 영상은 나의 아저씨가 왜 끝까지 사랑을 말하지 않았는지, 한편의 영화처럼 풀어본 #비하인드해석 ...",UCmWuZHop9Q2HAhZSy4hZZEg,다빠도빠,34300,56,2026-01-30T10:45:11Z,391,general,1451,25,18,https://www.youtube.com/watch?v=jtBf4ycUnro,PF286538,나의 아저씨 [수원],연극,current_season,True,False,False,True
uVDwufZdKXs,전 국민 인생 드라마의 귀환! 연극 &#39;나의 아저씨&#39; 하이라이트 미리보기 #수원sk아트리움,안녕하세요! 수원SK아트리움입니다. 많은 분의 인생 드라마로 손꼽히는 '나의 아저씨'가 이번에 무대 위 연극으로 여러분을 찾아 ...,UCfRh1vXV99pBPN6sJ8gQ66g,Suwon SK Artrium수원SK아트리움,157,108,2026-03-08T23:45:03Z,59,shorts,1037,13,0,https://www.youtube.com/watch?v=uVDwufZdKXs,PF286538,나의 아저씨 [수원],연극,current_season,True,True,True,True
XWVIITXSbvM,260425 연극 나의아저씨 sk아트리움 수원 커튼콜,,UCDrkdEmieeWoHEY4IIodlXw,수원예술공연,18000,5737,2026-04-25T15:21:35Z,90,general,144,3,0,https://www.youtube.com/watch?v=XWVIITXSbvM,PF286538,나의 아저씨 [수원],연극,current_season,True,False,False,True
M_4z76IMvE4,260425 연극 나의아저씨 sk아트리움 커튼콜,260425 #연극 #나의아저씨 #sk아트리움 #수원 #커튼콜 #앵콜 #이동하 #유낙원 #이규한 #오연아 #정찬호 #이성희 #변진수.,UCDrkdEmieeWoHEY4IIodlXw,수원예술공연,18000,5737,2026-04-25T14:08:08Z,7,shorts,1418,4,0,https://www.youtube.com/watch?v=M_4z76IMvE4,PF286538,나의 아저씨 [수원],연극,current_season,True,False,False,True
y_ibtnqj6BM,260425 연극 나의아저씨 sk아트리움 커튼콜,260425 #연극 #나의아저씨 #sk아트리움 #수원 #커튼콜 #앵콜 #이동하 #유낙원 #이규한 #오연아 #정찬호 #이성희 #변진수.,UCDrkdEmieeWoHEY4IIodlXw,수원예술공연,18000,5737,2026-04-25T15:08:36Z,7,shorts,407,5,0,https://www.youtube.com/watch?v=y_ibtnqj6BM,PF286538,나의 아저씨 [수원],연극,current_season,True,False,False,True
RLror7RhMV8,260425 연극 나의아저씨 sk아트리움 커튼콜,260425 #연극 #나의아저씨 #sk아트리움 #수원 #커튼콜 #앵콜 #이동하 #유낙원 #이규한 #오연아 #정찬호 #이성희 #변진수.,UCDrkdEmieeWoHEY4IIodlXw,수원예술공연,18000,5737,2026-04-25T15:04:19Z,14,shorts,81,3,0,https://www.youtube.com/watch?v=RLror7RhMV8,PF286538,나의 아저씨 [수원],연극,current_season,True,False,False,True
2ACnZ_Zi78A,260425 연극 나의아저씨 sk아트리움 커튼콜,260425 #연극 #나의아저씨 #sk아트리움 #수원 #커튼콜 #앵콜 #이동하 #유낙원 #이규한 #오연아 #정찬호 #이성희 #변진수.,UCDrkdEmieeWoHEY4IIodlXw,수원예술공연,18000,5737,2026-04-25T14:59:47Z,13,shorts,1323,7,0,https://www.youtube.com/watch?v=2ACnZ_Zi78A,PF286538,나의 아저씨 [수원],연극,current_season,True,False,False,True
imwHglXaa4Q,260425 연극 나의아저씨 sk아트리움 커튼콜,260425 #연극 #나의아저씨 #sk아트리움 #수원 #커튼콜 #앵콜 #이동하 #유낙원 #이규한 #오연아 #정찬호 #이성희 #변진수.,UCDrkdEmieeWoHEY4IIodlXw,수원예술공연,18000,5737,2026-04-25T14:11:57Z,11,shorts,1375,6,0,https://www.youtube.com/watch?v=imwHglXaa4Q,PF286538,나의 아저씨 [수원],연극,current_season,True,False,False,True
e4ErMEq4SY4,260425 연극 나의아저씨 sk아트리움 커튼콜,260425 #연극 #나의아저씨 #sk아트리움 #수원 #커튼콜 #앵콜 #이동하 #유낙원 #이규한 #오연아 #정찬호 #이성희 #변진수.,UCDrkdEmieeWoHEY4IIodlXw,수원예술공연,18000,5737,2026-04-25T14:13:29Z,13,shorts,1465,3,0,https://www.youtube.com/watch?v=e4ErMEq4SY4,PF286538,나의 아저씨 [수원],연극,current_season,True,False,False,True
xvp2BB3BDTY,260425 연극 나의아저씨 sk아트리움 수원 커튼콜,260425 #연극 #나의아저씨 #sk아트리움 #수원 #커튼콜 #앵콜 #이동하 #유낙원 #이규한 #오연아 #정찬호 #이성희 #변진수.,UCDrkdEmieeWoHEY4IIodlXw,수원예술공연,18000,5737,2026-04-25T14:09:56Z,11,shorts,14876,53,0,https://www.youtube.com/watch?v=xvp2BB3BDTY,PF286538,나의 아저씨 [수원],연극,current_season,True,False,False,True
xcYtkFE_CSQ,260425 연극 나의아저씨 커튼콜 sk아트리움,260425 #연극 #나의아저씨 #sk아트리움 #수원 #커튼콜 #앵콜 #이동하 #유낙원 #이규한 #오연아 #정찬호 #이성희 #변진수.,UCDrkdEmieeWoHEY4IIodlXw,수원예술공연,18000,5737,2026-04-25T14:04:44Z,7,shorts,1900,4,0,https://www.youtube.com/watch?v=xcYtkFE_CSQ,PF286538,나의 아저씨 [수원],연극,current_season,True,False,False,True
Lbib0vdhBhE,260425 연극 나의아저씨 sk아트리움  커튼콜,260425 #연극 #나의아저씨 #sk아트리움 #수원 #커튼콜 #앵콜 #이동하 #유낙원 #이규한 #오연아 #정찬호 #이성희 #변진수.,UCDrkdEmieeWoHEY4IIodlXw,수원예술공연,18000,5737,2026-04-25T14:06:37Z,7,shorts,763,4,0,https://www.youtube.com/watch?v=Lbib0vdhBhE,PF286538,나의 아저씨 [수원],연극,current_season,True,False,False,True
fVSl4HrdMlk,260425 연극 나의아저씨 sk아트리움 커튼콜,260425 #연극 #나의아저씨 #sk아트리움 #수원 #커튼콜 #앵콜 #이동하 #유낙원 #이규한 #오연아 #정찬호 #이성희 #변진수.,UCDrkdEmieeWoHEY4IIodlXw,수원예술공연,18000,5737,2026-04-25T14:57:18Z,14,shorts,1572,3,0,https://www.youtube.com/watch?v=fVSl4HrdMlk,PF286538,나의 아저씨 [수원],연극,current_season,True,False,False,True
vT8uynUontg,260425 연극 나의아저씨 sk아트리움 수원 커튼콜,260425 #연극 #나의아저씨 #sk아트리움 #수원 #커튼콜 #앵콜 #이동하 #유낙원 #이규한 #오연아 #정찬호 #이성희 #변진수.,UCDrkdEmieeWoHEY4IIodlXw,수원예술공연,18000,5737,2026-04-25T15:24:18Z,42,shorts,68,2,0,https://www.youtube.com/watch?v=vT8uynUontg,PF286538,나의 아저씨 [수원],연극,current_season,True,False,False,True
0ABf443T1J8,260425 연극 나의아저씨 sk아트리움 커튼콜,260425 #연극 #나의아저씨 #sk아트리움 #수원 #커튼콜 #앵콜 #이동하 #유낙원 #이규한 #오연아 #정찬호 #이성희 #변진수.,UCDrkdEmieeWoHEY4IIodlXw,수원예술공연,18000,5737,2026-04-25T14:54:51Z,14,shorts,1461,5,0,https://www.youtube.com/watch?v=0ABf443T1J8,PF286538,나의 아저씨 [수원],연극,current_season,True,False,False,True
EfCdvbw8W20,260425 연극 나의아저씨 sk아트리움 커튼콜,260425 #연극 #나의아저씨 #sk아트리움 #수원 #커튼콜 #이동하 #유낙원 #이규한 #오연아 #정찬호 #이성희 #변진수.,UCDrkdEmieeWoHEY4IIodlXw,수원예술공연,18000,5737,2026-04-25T15:02:02Z,16,shorts,1262,3,0,https://www.youtube.com/watch?v=EfCdvbw8W20,PF286538,나의 아저씨 [수원],연극,current_season,True,False,False,True
OBrTM93TFiE,서울시소년소녀합창단 | 합창과 문학의 만남 - 너를 두고,"합창과 문학의 만남 두번째 이야기, 나태주 시인과 소년소녀합창단의 콜라보 ""너이기 때문에 소중한 것이고 아름다운 것이다"" 뭉클한 ...",UCkz3ZT5GUimwuqwnsSkQDUw,서울시소년소녀합창단,1770,100,2025-12-04T05:06:00Z,45,shorts,541,33,0,https://www.youtube.com/watch?v=OBrTM93TFiE,PF280218,"서울시소년소녀합창단, 합창과 문학의 만남: 너를 두고",서양음악(클래식),current_season,True,False,False,True
42PKdKSLJus,"[서울시소년소녀합창단] 너를 두고 - 시_나태주,  작곡_조혜영",2025년 12월 19일~20일 세종문화회관 체임버홀 서울시소년소녀합창단 제180회 정기연주회 〈합창과 문학의 만남 - 너를 두고 〉 中 ...,UCkz3ZT5GUimwuqwnsSkQDUw,서울시소년소녀합창단,1770,100,2026-04-11T07:43:45Z,292,general,829,43,0,https://www.youtube.com/watch?v=42PKdKSLJus,PF280218,"서울시소년소녀합창단, 합창과 문학의 만남: 너를 두고",서양음악(클래식),current_season,True,False,True,False
09ecE65OoWs,"[서울시소년소녀합창단] 참새가 운다 - 시_나태주, 작곡_국현",2025년 12월 19일~20일 세종문화회관 체임버홀 서울시소년소녀합창단 제180회 정기연주회 〈합창과 문학의 만남 - 너를 두고 〉 中 ...,UCkz3ZT5GUimwuqwnsSkQDUw,서울시소년소녀합창단,1770,100,2026-04-18T07:45:50Z,194,general,677,27,0,https://www.youtube.com/watch?v=09ecE65OoWs,PF280218,"서울시소년소녀합창단, 합창과 문학의 만남: 너를 두고",서양음악(클래식),current_season,True,False,True,False
Z2aMlc8bgE4,"[서울시소년소녀합창단] 노래 - 시_나태주, 작곡_윤학준",2025년 12월 19일~20일 세종문화회관 체임버홀 서울시소년소녀합창단 제180회 정기연주회 〈합창과 문학의 만남 - 너를 두고 〉 中 ...,UCkz3ZT5GUimwuqwnsSkQDUw,서울시소년소녀합창단,1770,100,2026-04-18T07:53:16Z,258,general,807,25,2,https://www.youtube.com/watch?v=Z2aMlc8bgE4,PF280218,"서울시소년소녀합창단, 합창과 문학의 만남: 너를 두고",서양음악(클래식),current_season,True,False,True,False
hwsHavtY1Q4,"[서울시소년소녀합창단] 꽃3 - 시_나태주, 작곡_윤학준",2025년 12월 19일~20일 세종문화회관 체임버홀 서울시소년소녀합창단 제180회 정기연주회 〈합창과 문학의 만남 - 너를 두고 〉 中 ...,UCkz3ZT5GUimwuqwnsSkQDUw,서울시소년소녀합창단,1770,100,2026-04-11T07:54:49Z,300,general,1092,44,0,https://www.youtube.com/watch?v=hwsHavtY1Q4,PF280218,"서울시소년소녀합창단, 합창과 문학의 만남: 너를 두고",서양음악(클래식),current_season,True,False,True,False
m46jP9Y4We0,백현순무용단 &#39;유림&#39; 공연 안내 #문화가있는날,백현순무용단 '유림' 공연 안내 한국의 미가 촤라락! 아름답게 흐르는 한국무용 창작극! 거기에 아름다움을 극대화시켜줄 영상도 함께!,UCWWAg-9v9F3yhMjiAlJ_IEg,하남문화재단,6290,974,2024-10-10T03:45:04Z,27,shorts,202,4,0,https://www.youtube.com/watch?v=m46jP9Y4We0,PF249790,유림 [하남],무용(서양/한국무용),current_season,False,True,False,True
e7ltfXjAWKU,[Teaser] 2023 한국가곡 콘서트 | 가곡의 별들🌟,"3·15아트센터 개관 15주년 기념 한국가곡 콘서트 『가곡의 별들』 100년 역사를 자랑하는 한국가곡의 성지, '창원' 3·15아트센터 ...",UCOe8nbIyGEYIqboJpdRS3uA,창원아트TV,937,177,2023-04-05T07:49:00Z,21,shorts,193,3,0,https://www.youtube.com/watch?v=e7ltfXjAWKU,PF236570,"한국가곡대축제, 가곡의 별들 [창원]",서양음악(클래식),current_season,True,False,True,False
8TGdGOxpSxQ,[25.09.25.] 대구시립합창단 제176회 정기연주회(송 오브 아리랑),[25.09.25.] 대구시립합창단 제176회 정기연주회(송 오브 아리랑) 공연장소 대구콘서트하우스 그랜드홀 공연일시 2025-09-25 공연 ...,UCjTlbWQ2QLF5u6C9KCO1pbg,대구 공연 정보,980,4316,2025-08-27T01:16:02Z,11,shorts,129,0,0,https://www.youtube.com/watch?v=8TGdGOxpSxQ,PF270492,제176회 대구시립합창단 정기연주회: 송 오브 아리랑,서양음악(클래식),current_season,True,False,True,True
08uaCg4_hzI,트로트 메들리 25,양산시립합창단 정기연주회 '양산에 반하다' 2025.7.10(목) 19:30 양산문화예술회관 대공연장 편곡: 천득우 / 안무: 조은아.,UCFlkuhNOKtnWuBQ1tCHFsHw,양산시립합창단,700,228,2025-08-22T12:58:56Z,353,general,4044,33,5,https://www.youtube.com/watch?v=08uaCg4_hzI,PF238322,양산시립합창단 정기연주회,서양음악(클래식),current_season,True,False,True,False
FAnjFjyirnE,카르멘 행진곡과 합창,양산시립합창단 2026 정기연주회 비제 곡 / 누오베 무지케 오케스트라 26.3.19. 양산문화예술회관 대공연장.,UCFlkuhNOKtnWuBQ1tCHFsHw,양산시립합창단,700,228,2026-04-10T05:49:55Z,237,general,213,5,0,https://www.youtube.com/watch?v=FAnjFjyirnE,PF238322,양산시립합창단 정기연주회,서양음악(클래식),current_season,True,False,True,False
pUpuEEfFYUY,꽃길이 따로 있나 내 삶이 꽃인 것을,"양산시립합창단 2025 송년음악회 25.12.4. 양산문화예술회관 대공연장 지휘 김재복, 반주 이은실.",UCFlkuhNOKtnWuBQ1tCHFsHw,양산시립합창단,700,228,2026-01-14T01:18:14Z,277,general,2460,23,2,https://www.youtube.com/watch?v=pUpuEEfFYUY,PF238322,양산시립합창단 정기연주회,서양음악(클래식),current_season,True,False,True,False
EbWqGnNTRjU,양산시립합창단 정기연주회 #여울#양산시립합창단#시승격30주년#기념음악회#양산문화예술회관#양산30# 김재복#이은실#마술사 최현우#판소리 박지현#오케스트라 누오베 무지케,,UCBeVk2BqgSYHpHWQ_kNKAsw,공연1분,3200,1150,2026-03-03T02:54:09Z,46,shorts,425,5,0,https://www.youtube.com/watch?v=EbWqGnNTRjU,PF238322,양산시립합창단 정기연주회,서양음악(클래식),current_season,True,False,True,False
AZyKT3LBKlA,바람의 노래,"양산시립합창단 2022 정기연주회 2022.5.19(목) 양산문화예술회관 대공연장 지휘 김재복, 반주 이은실, 곡중솔로 권수현, 박연희, ...",UCFlkuhNOKtnWuBQ1tCHFsHw,양산시립합창단,700,228,2023-01-12T01:53:43Z,256,general,17625,147,6,https://www.youtube.com/watch?v=AZyKT3LBKlA,PF238322,양산시립합창단 정기연주회,서양음악(클래식),current_season,True,False,True,False
eUikeIbIWos,중력을 넘어서(Defying Gravity),양산시립합창단 2022 정기연주회 2022.5.19(목) 양산문화예술회관 대공연장 Bass 김경한.,UCFlkuhNOKtnWuBQ1tCHFsHw,양산시립합창단,700,228,2023-01-12T04:00:07Z,254,general,302,2,0,https://www.youtube.com/watch?v=eUikeIbIWos,PF238322,양산시립합창단 정기연주회,서양음악(클래식),current_season,True,False,True,False
_GNnMlxLg8s,사랑이라는 이유로,2014 양산시립합창단 정기연주회 2014.7.4(금) 양산문화예술회관 대공연장 지휘 조형민 반주 이은실 안무 허종원.,UCFlkuhNOKtnWuBQ1tCHFsHw,양산시립합창단,700,228,2021-08-24T01:55:45Z,166,general,196,3,0,https://www.youtube.com/watch?v=_GNnMlxLg8s,PF238322,양산시립합창단 정기연주회,서양음악(클래식),current_season,True,False,True,False
pToU0fiHS9g,뮤지컬 메들리 &#39;시카고&#39; Musical Medley &#39;Chicago&#39;,"2011 양산시립합창단 정기연주회 2011.7.8.(금) 양산문화예술회관 대공연장 솔로 박연희, 남지희.",UCFlkuhNOKtnWuBQ1tCHFsHw,양산시립합창단,700,228,2021-08-26T01:06:48Z,783,general,269,1,0,https://www.youtube.com/watch?v=pToU0fiHS9g,PF238322,양산시립합창단 정기연주회,서양음악(클래식),current_season,True,False,True,False
UrgPfEkLUPk,2012 양산시립합창단 정기연주회 4부,"2012 양산시립합창단 정기연주회 4부 2012.9.13(목) 양산문화예술회관 대공연장 지휘 조형민 반주 이은실 특별출연 Vocado, Six ...",UCFlkuhNOKtnWuBQ1tCHFsHw,양산시립합창단,700,228,2021-08-26T03:26:25Z,1587,general,115,2,0,https://www.youtube.com/watch?v=UrgPfEkLUPk,PF238322,양산시립합창단 정기연주회,서양음악(클래식),current_season,True,False,True,False
QMQ3lwT4Jw8,(I&#39;ve Had) the time of my life 합창 choir,"2011 양산시립합창단 정기연주회 2011.7.8.(금) 양산문화예술회관 대공연장 솔로 조은아, 이진희.",UCFlkuhNOKtnWuBQ1tCHFsHw,양산시립합창단,700,228,2021-08-26T01:20:53Z,297,general,150,0,0,https://www.youtube.com/watch?v=QMQ3lwT4Jw8,PF238322,양산시립합창단 정기연주회,서양음악(클래식),current_season,True,False,True,False
nJ-40peks_Q,Witch doctor,2014 양산시립합창단 정기연주회 2014.7.4(금) 양산문화예술회관 대공연장 지휘 조형민 반주 이은실 안무 허종원.,UCFlkuhNOKtnWuBQ1tCHFsHw,양산시립합창단,700,228,2021-08-24T02:29:51Z,171,general,113,2,0,https://www.youtube.com/watch?v=nJ-40peks_Q,PF238322,양산시립합창단 정기연주회,서양음악(클래식),current_season,True,False,True,False
GbtIbiGusag,봄봄봄,"양산시립합창단 2026 정기연주회 로이킴, 배영경 곡 / 박문희 편곡 / 곡 중 solo 테너 이민호 26.3.19. 양산문화예술회관 대공연장 지휘 ...",UCFlkuhNOKtnWuBQ1tCHFsHw,양산시립합창단,700,228,2026-04-10T05:47:23Z,268,general,120,4,0,https://www.youtube.com/watch?v=GbtIbiGusag,PF238322,양산시립합창단 정기연주회,서양음악(클래식),current_season,True,False,True,False
SL5TK0KDMSY,2012 양산시립합창단 정기연주회 1부,"2012 양산시립합창단 정기연주회 1부 2012.9.13(목) 양산문화예술회관 대공연장 지휘 조형민 반주 이은실 특별출연 Vocado, Six ...",UCFlkuhNOKtnWuBQ1tCHFsHw,양산시립합창단,700,228,2021-08-26T01:38:52Z,1584,general,82,1,0,https://www.youtube.com/watch?v=SL5TK0KDMSY,PF238322,양산시립합창단 정기연주회,서양음악(클래식),current_season,True,False,True,False
BBufuFHcdEw,When will I see you Again,양산시립합창단 정기연주회 '가을의 향연' -기억과 회상- 2024.10.31(목) 19:30 양산문화예술회관 대공연장 The Three Degrees 곡 ...,UCFlkuhNOKtnWuBQ1tCHFsHw,양산시립합창단,700,228,2024-12-20T01:29:52Z,177,general,158,2,0,https://www.youtube.com/watch?v=BBufuFHcdEw,PF238322,양산시립합창단 정기연주회,서양음악(클래식),current_season,True,False,True,False
tEDMpBW0qWc,California Dreamin&#39;,양산시립합창단 2026 정기연주회 Kirby Shaw 편곡 26.3.19. 양산문화예술회관 대공연장 안무 김조은.,UCFlkuhNOKtnWuBQ1tCHFsHw,양산시립합창단,700,228,2026-04-10T05:48:02Z,211,general,251,5,0,https://www.youtube.com/watch?v=tEDMpBW0qWc,PF238322,양산시립합창단 정기연주회,서양음악(클래식),current_season,True,False,True,False
_N2KpylypZQ,꽃피는 날,"양산시립합창단 2026 정기연주회 정환호 곡 / 이희연 편곡 26.3.19. 양산문화예술회관 대공연장 지휘 김재복, 반주 이은실.",UCFlkuhNOKtnWuBQ1tCHFsHw,양산시립합창단,700,228,2026-04-10T05:46:56Z,263,general,253,9,0,https://www.youtube.com/watch?v=_N2KpylypZQ,PF238322,양산시립합창단 정기연주회,서양음악(클래식),current_season,True,False,True,False
YLQz--1K6ns,2018 양산시립합창단 특별한 연주회,2018 양산시립합창단 정기연주회 '열린음악회' 2018년 7월 12일 양산문화예술회관 -청음오케스트라와 함께하는 특별한 연주회- 0:00 ...,UCFlkuhNOKtnWuBQ1tCHFsHw,양산시립합창단,700,228,2021-08-19T02:07:58Z,1192,general,674,6,0,https://www.youtube.com/watch?v=YLQz--1K6ns,PF238322,양산시립합창단 정기연주회,서양음악(클래식),current_season,True,False,True,False
yPcJk7x3zcE,2011 양산시립합창단 정기연주회 Bim-Bom,2011 양산시립합창단 정기연주회 2011.7.8.(금) 양산문화예술회관 대공연장 지휘 조형민 반주 이은실.,UCFlkuhNOKtnWuBQ1tCHFsHw,양산시립합창단,700,228,2021-08-26T00:47:55Z,178,general,334,5,0,https://www.youtube.com/watch?v=yPcJk7x3zcE,PF238322,양산시립합창단 정기연주회,서양음악(클래식),current_season,True,False,True,False
u3XwOgW_zHk,나비에게,양산시립합창단 정기연주회 '가을의 향연' -기억과 회상- 2024.10.31(목) 19:30 양산문화예술회관 대공연장 조혜영 곡 지휘: 김재복 ...,UCFlkuhNOKtnWuBQ1tCHFsHw,양산시립합창단,700,228,2024-12-20T01:33:53Z,298,general,184,4,0,https://www.youtube.com/watch?v=u3XwOgW_zHk,PF238322,양산시립합창단 정기연주회,서양음악(클래식),current_season,True,False,True,False
Qkf99URAhjs,나성에 가면,양산시립합창단 2026 정기연주회 길옥윤 곡 26.3.19. 양산문화예술회관 대공연장 안무 김조은.,UCFlkuhNOKtnWuBQ1tCHFsHw,양산시립합창단,700,228,2026-04-10T05:48:07Z,187,general,204,8,0,https://www.youtube.com/watch?v=Qkf99URAhjs,PF238322,양산시립합창단 정기연주회,서양음악(클래식),current_season,True,False,True,False
hpN38NmlvmA,걱정 말아요 그대,양산시립합창단 정기연주회 '가을의 향연' -기억과 회상- 2024.10.31(목) 19:30 양산문화예술회관 대공연장 전인권 곡 / 황광선 편곡 ...,UCFlkuhNOKtnWuBQ1tCHFsHw,양산시립합창단,700,228,2024-12-20T01:35:08Z,290,general,347,4,0,https://www.youtube.com/watch?v=hpN38NmlvmA,PF238322,양산시립합창단 정기연주회,서양음악(클래식),current_season,True,False,True,False
MwJw_cJ1VJM,250410 정오의 음악회(국립국악관현악단),250410 정오의 음악회(국립국악관현악단) 국립극장 해오름극장 #정오의음악회 #국립국악관현악단.,UChGrpfCtIRpQTdBZFYomMvw,치즈 그로밋,37,82,2025-04-10T07:00:28Z,23,shorts,84,1,0,https://www.youtube.com/watch?v=MwJw_cJ1VJM,PF269590,"국립국악관현악단, 정오의 음악회 (10월)",한국음악(국악),current_season,True,False,True,False
YDoAhihX_BY,십년을 한결같이 #국립국악관현악단 #정오의음악회 2019 하반기에는요?,올해 10주년을 맞이한 국립극장의 스테디셀러 정오의 음악회 2019년에도 풍~성하게 꾸려졌다고 하죠? 지금 한 번 만나보실까요?,UCJ55axexMkXqp1Fgwvmdsgg,국립극장 National Theater of Korea,37800,1221,2019-08-22T00:46:50Z,33,shorts,1299,4,0,https://www.youtube.com/watch?v=YDoAhihX_BY,PF269590,"국립국악관현악단, 정오의 음악회 (10월)",한국음악(국악),current_season,True,False,True,False
H_hfWNktCVk,국립국악관현악단 2022 하반기 &#39;정오의 음악회&#39;,국립국악관현악단 '정오의 음악회' 2022.10.13. / 11.3. / 12.1. (목) 11:00 국립극장 해오름 국립극장 예매 바로 가기 ...,UC-Yd4HrryydbIx0ctY4gt-g,국립국악관현악단,4470,229,2022-09-02T02:00:03Z,36,shorts,559,,0,https://www.youtube.com/watch?v=H_hfWNktCVk,PF269590,"국립국악관현악단, 정오의 음악회 (10월)",한국음악(국악),current_season,True,False,True,False
mXuNZxt8hww,국립국악관현악단 2025 하반기 &#39;정오의 음악회&#39;,국립국악관현악단 2025 하반기 '정오의 음악회' 2025.10.2./11.13./12.4.(목) 오전 11:00 10월 공연 예매 바로가기 ...,UC-Yd4HrryydbIx0ctY4gt-g,국립국악관현악단,4470,229,2025-09-11T04:10:59Z,25,shorts,920,,1,https://www.youtube.com/watch?v=mXuNZxt8hww,PF269590,"국립국악관현악단, 정오의 음악회 (10월)",한국음악(국악),current_season,True,False,False,True
_YOatnCX-Z4,국립국악관현악단 2022 상반기 &#39;정오의 음악회&#39;,국립국악관현악단 '정오의 음악회' 2022.3.3. / 4.7. / 5.19. / 6.30. (목) 11:00 국립극장 해오름 국립극장 예매 바로 가기 ...,UC-Yd4HrryydbIx0ctY4gt-g,국립국악관현악단,4470,229,2022-02-24T03:53:08Z,31,shorts,832,,0,https://www.youtube.com/watch?v=_YOatnCX-Z4,PF269590,"국립국악관현악단, 정오의 음악회 (10월)",한국음악(국악),current_season,True,False,True,False
EOUELQKzQu4,국립국악관현악단 2021 하반기 &#39;정오의 음악회&#39;,국립국악관현악단 '정오의 음악회' 2021.9.30. / 10.14. / 12.2. (목) 11:00 국립극장 해오름 국립극장 예매 바로 가기 ...,UC-Yd4HrryydbIx0ctY4gt-g,국립국악관현악단,4470,229,2021-08-06T00:50:28Z,30,shorts,477,,1,https://www.youtube.com/watch?v=EOUELQKzQu4,PF269590,"국립국악관현악단, 정오의 음악회 (10월)",한국음악(국악),current_season,True,False,True,False
7aSCxkOFvas,국립극장 스테디셀러! 국립국악관현악단 정오의 음악회!!,매월 정오를 특별하게 만들어 주는 국립국악관현악단의 정오의 음악회!! 내로라하는 명 연주자와의 협연으로 특별한 음악을 선사 ...,UCJ55axexMkXqp1Fgwvmdsgg,국립극장 National Theater of Korea,37800,1221,2016-05-18T05:46:34Z,21,shorts,161,0,0,https://www.youtube.com/watch?v=7aSCxkOFvas,PF269590,"국립국악관현악단, 정오의 음악회 (10월)",한국음악(국악),current_season,True,False,True,False
rlDzhf5_bCY,국립국악관현악단 2023 하반기 &#39;정오의 음악회&#39;,국립국악관현악단 '정오의 음악회' 2023.9.7. / 10.19. / 11.2. (목) 11:00 국립극장 해오름 국립극장 예매 바로 가기 ...,UC-Yd4HrryydbIx0ctY4gt-g,국립국악관현악단,4470,229,2023-08-10T00:30:52Z,36,shorts,1367,,0,https://www.youtube.com/watch?v=rlDzhf5_bCY,PF269590,"국립국악관현악단, 정오의 음악회 (10월)",한국음악(국악),current_season,True,False,True,False
Fns1lJ1gIUs,국립국악관현악단 2024 하반기 &#39;정오의 음악회&#39;,국립국악관현악단 '정오의 음악회' 2024.9.12. / 10.17. / 11.7. (목) 11:00 국립극장 해오름 국립극장 예매 바로 가기 ...,UC-Yd4HrryydbIx0ctY4gt-g,국립국악관현악단,4470,229,2024-08-07T23:45:59Z,21,shorts,1454,,5,https://www.youtube.com/watch?v=Fns1lJ1gIUs,PF269590,"국립국악관현악단, 정오의 음악회 (10월)",한국음악(국악),current_season,True,False,True,False
u262B_zMAek,국립국악관현악단 &#39;2021 정오의 음악회&#39; 상반기 라인업 | National Orchestra of Korea &#39;Midday Concert&#39;,11시에 만나는 고품격 국악 브런치 콘서트 2009년부터 11년간 꾸준히 만석을 기록하고 있는 국립극장 대표 브런치 공연 정오의 ...,UCJ55axexMkXqp1Fgwvmdsgg,국립극장 National Theater of Korea,37800,1221,2021-04-13T06:21:33Z,31,shorts,887,10,0,https://www.youtube.com/watch?v=u262B_zMAek,PF269590,"국립국악관현악단, 정오의 음악회 (10월)",한국음악(국악),current_season,True,False,True,False
FPRCs-eDyP4,[국립국악관현악단] 국악 브런치 콘서트 &#39;정오의 음악회&#39; / [NOK] Midday Concert,"공연명: 국립국악관현악단 '정오의 음악회' ○ 공연일자: 2020년 5월 20일(수), 7월 1일(수) 오전 11시 ○ 공연장소: 국립극장 하늘극장 ...",UC-Yd4HrryydbIx0ctY4gt-g,국립국악관현악단,4470,229,2020-05-19T04:54:15Z,33,shorts,757,19,1,https://www.youtube.com/watch?v=FPRCs-eDyP4,PF269590,"국립국악관현악단, 정오의 음악회 (10월)",한국음악(국악),current_season,True,False,True,False
FJmaD2VHdOk,국립극장 정오의 음악회 | National Theater of Korea Midday Concert,"2019년 11월 6일 국립극장 정오의 음악회 지휘 이춘승 연주 국립국악관현악단 2019, November, 6th, Midday Concert National ...",UCJ8MPo4rrlN3DbfSGolQwaQ,KTMB NY,604,76,2019-08-23T18:07:43Z,33,shorts,340,5,0,https://www.youtube.com/watch?v=FJmaD2VHdOk,PF269590,"국립국악관현악단, 정오의 음악회 (10월)",한국음악(국악),current_season,True,False,True,False
UNNK7PVh7pg,언제나 _ 허각 with 국립국악관현악단,2011년 1월 18일 황병기와 함께하는 정오의 음악회 (국립극장),UCeKF8zsRYNq-BbcqQNr0Aaw,imp Jo (JoGAK),3330,581,2011-01-18T16:01:51Z,347,general,3263,0,0,https://www.youtube.com/watch?v=UNNK7PVh7pg,PF269590,"국립국악관현악단, 정오의 음악회 (10월)",한국음악(국악),current_season,True,False,True,False
uw0rvwFKwFY,"5월, 새롭게 출발하는 정오의 음악회","국립극장 스테디셀러! 국립국악관현악단의 '정오의 음악회'가 5월, 새 진행자와 새롭게 출발합니다!! 5월 정오의 음악선물은 아쟁파트 ...",UCJ55axexMkXqp1Fgwvmdsgg,국립극장 National Theater of Korea,37800,1221,2017-05-18T00:18:02Z,125,general,384,3,0,https://www.youtube.com/watch?v=uw0rvwFKwFY,PF269590,"국립국악관현악단, 정오의 음악회 (10월)",한국음악(국악),current_season,True,False,True,False
-N9LITSUko4,원주 세비야의이발사 #발레리나공유민#발레리나#ballerina#ballet #ballerino,,UCWG84stho3U_lSqFAu1Kpqw,발레리나 공유민,3000,132,2024-06-03T13:47:38Z,61,general,558,7,0,https://www.youtube.com/watch?v=-N9LITSUko4,PF241560,세비야의 이발사 [원주],무용(서양/한국무용),current_season,True,False,False,True
b3MHRqM2rhQ,"[안산시립합창단] 제76회 정기연주회, 지구마블 콘서트","안산시립합창단 제제76회 정기연주회, 지구마블 콘서트 #안산합창단 #안산시립합창단 #이지훈 #정기연주회 #상록수어린이합창단 ...",UCxGC3WnnWoRZoUXP02UHXeA,안산시,48300,1672,2025-06-09T22:30:07Z,5000,general,2211,25,0,https://www.youtube.com/watch?v=b3MHRqM2rhQ,PF260332,제76회 안산시립합창단 정기연주회: 지구마블 콘서트,서양음악(클래식),current_season,True,False,False,True
KvVY3PAE-8I,#지구마블콘서트 지휘 #박지훈 특별출연 #이지훈 #안산시립합창단제76회정기연주회 #안산문화예술의전당 #해돋이극장 250327목,,UC8aaa0XMAK1RFPshdE6Gf_A,꽃비나리는&민트박스tv,2250,3739,2025-03-30T04:10:16Z,27,shorts,1253,11,,https://www.youtube.com/watch?v=KvVY3PAE-8I,PF260332,제76회 안산시립합창단 정기연주회: 지구마블 콘서트,서양음악(클래식),current_season,True,False,True,True
xP0rZSdBCAo,안산시립합창단 지구마블 콘서트,,UCDE1OBUfHKYEZJCiyvVWhfg,지휘자 & 작곡가 박지훈 Jihoon Park,4620,369,2025-03-19T13:29:01Z,31,shorts,1224,30,2,https://www.youtube.com/watch?v=xP0rZSdBCAo,PF260332,제76회 안산시립합창단 정기연주회: 지구마블 콘서트,서양음악(클래식),current_season,True,False,False,True
iuqcXeXAF6c,의성에서 뮤지컬 &#39;렛미플라이&#39; 공연 / 안동MBC,뮤지컬 '렛미플라이'가 의성문화회관에서 오는 31일부터 이틀간 공연됩니다. 뮤지컬 '렛미플라이'는 1969년을 살던 주인공 '남원'이 ...,UCgzCOR128Z8rovfBEIQ_lEQ,안동MBC NEWS,103000,55555,2024-10-21T00:22:37Z,25,shorts,101,0,0,https://www.youtube.com/watch?v=iuqcXeXAF6c,PF251670,렛미플라이 [의성],뮤지컬,current_season,True,True,True,True
9HxLggYzWBQ,춘천문화재단 동화콘서트 &#39;자라는 자라&#39;,"동화콘서트 '자라는 자라' 4월 15일(화) 오전 11시, 오후 2시 수궁가, 자라의 내면을 탐험하는 신비로운 음악극.",UCZEspoyKl-dGRxWBzm6Ah9g,춘천문화재단,1840,723,2025-03-19T02:55:20Z,194,general,414,2,0,https://www.youtube.com/watch?v=9HxLggYzWBQ,PF261424,자라는 자라 [춘천],한국음악(국악),current_season,True,True,False,True
L0o62Qbftbc,20241208 #정조테마공연장 #수원시립예술단 #가족뮤지컬 #신데룰라이야기 #수원시립공연단 #제25회 정기공연,,UCDrkdEmieeWoHEY4IIodlXw,수원예술공연,18000,5737,2024-12-08T06:23:53Z,11,shorts,277,3,0,https://www.youtube.com/watch?v=L0o62Qbftbc,PF253150,신데룰라 이야기 [수원],뮤지컬,current_season,True,False,True,True
-dPqU94KS7w,20241208 #정조테마공연장 #수원시립예술단 #가족뮤지컬 #신데룰라이야기 #수원시립공연단 #제25회 정기공연,,UCDrkdEmieeWoHEY4IIodlXw,수원예술공연,18000,5737,2024-12-08T06:30:11Z,7,shorts,549,6,0,https://www.youtube.com/watch?v=-dPqU94KS7w,PF253150,신데룰라 이야기 [수원],뮤지컬,current_season,True,False,True,True
EUgoXad0Rqg,20241208 #정조테마공연장 #수원시립예술단 #가족뮤지컬 #신데룰라이야기 #수원시립공연단 #제25회 정기공연,,UCDrkdEmieeWoHEY4IIodlXw,수원예술공연,18000,5737,2024-12-08T06:29:00Z,8,shorts,646,11,0,https://www.youtube.com/watch?v=EUgoXad0Rqg,PF253150,신데룰라 이야기 [수원],뮤지컬,current_season,True,False,True,True
-e5frssME0k,20241208 #정조테마공연장 #수원시립예술단 #가족뮤지컬 #신데룰라이야기 #수원시립공연단 #제25회 정기공연,정조테마공연장 #수원시립예술단 #가족뮤지컬 #신데룰라이야기 #수원시립공연단 #제25회 정기공연.,UCDrkdEmieeWoHEY4IIodlXw,수원예술공연,18000,5737,2024-12-08T06:53:26Z,152,general,247,3,0,https://www.youtube.com/watch?v=-e5frssME0k,PF253150,신데룰라 이야기 [수원],뮤지컬,current_season,True,False,True,True
YVvbBL1nhV0,20241208 #정조테마공연장 #수원시립예술단 #가족뮤지컬 #신데룰라이야기 #수원시립공연단 #제25회 정기공연,,UCDrkdEmieeWoHEY4IIodlXw,수원예술공연,18000,5737,2024-12-08T06:33:05Z,12,shorts,355,10,0,https://www.youtube.com/watch?v=YVvbBL1nhV0,PF253150,신데룰라 이야기 [수원],뮤지컬,current_season,True,False,True,True
21YaiwSYGqQ,20241208 #정조테마공연장 #수원시립예술단 #가족뮤지컬 #신데룰라이야기 #수원시립공연단 #제25회 정기공연,,UCDrkdEmieeWoHEY4IIodlXw,수원예술공연,18000,5737,2024-12-08T06:27:22Z,11,shorts,1447,9,0,https://www.youtube.com/watch?v=21YaiwSYGqQ,PF253150,신데룰라 이야기 [수원],뮤지컬,current_season,True,False,True,True
DIH6IPhaIkQ,20241208 #정조테마공연장 #수원시립예술단 #가족뮤지컬 #신데룰라이야기 #수원시립공연단 #제25회 정기공연,,UCDrkdEmieeWoHEY4IIodlXw,수원예술공연,18000,5737,2024-12-08T06:31:34Z,14,shorts,556,5,0,https://www.youtube.com/watch?v=DIH6IPhaIkQ,PF253150,신데룰라 이야기 [수원],뮤지컬,current_season,True,False,True,True
Rq9tlh_9IM0,20241208 #정조테마공연장 #수원시립예술단 #가족뮤지컬 #신데룰라이야기 #수원시립공연단 #제25회 정기공연,,UCDrkdEmieeWoHEY4IIodlXw,수원예술공연,18000,5737,2024-12-08T06:20:14Z,4,shorts,315,5,0,https://www.youtube.com/watch?v=Rq9tlh_9IM0,PF253150,신데룰라 이야기 [수원],뮤지컬,current_season,True,False,True,True
mh_wstLqxZQ,[부산시립교향악단] 세계 클래식 음악 산책Ⅰ,"2026 세클산 시리즈의 첫 번째 여정 – 이탈리아 봄 내음 가득한 3월, 베르디와 푸치니의 대표 오페라 아리아, 그리고 관현악 명곡 ...",UCnQZ28SUJGdbySux8Y2JxTA,부산시립교향악단 Busan Philharmonic Orchestra,318,17,2026-02-27T07:26:29Z,33,shorts,261,2,0,https://www.youtube.com/watch?v=mh_wstLqxZQ,PF283975,부산시립교향악단 기획음악회: 세계 클래식 음악산책 Ⅰ,서양음악(클래식),current_season,True,False,False,True
uszkuXtHx9Q,국립심포니오케스트라 / 베버 서거 200주기 기념 / 실내악 시리즈 1 (커튼콜) 20260327,"00:00~00:04 - 플루트 : 윤문영 - 첼로 : 문태국 - 피아노 : 박종해 00:04~01:06 - 클라리넷 : 박정환 - 바이올린 : 김민균, 박나은 - 비올라 ...",UC-diD_KsdgP2AS5NGJAx3qQ,해맥,37,129,2026-03-27T06:26:56Z,66,general,40,0,0,https://www.youtube.com/watch?v=uszkuXtHx9Q,PF281257,"국립심포니오케스트라, 실내악 시리즈 Ⅰ: 베버 서거 200주기 기념",서양음악(클래식),current_season,True,False,False,True
lPWjapsHnuA,고려가무 연습 현장 이야기 - ④ 박성호 무용단 안무자💜,국립국악원 무용단 기획공연 〈고려가무〉 연습 현장 이야기 - ④ 박성호 무용단 안무자   고려가무 공연을 앞두고 무용단 연습실을 ...,UCmN4xFSlmWw-_d2riM-ep0A,국립국악원 National Gugak Center,72800,3578,2024-10-14T06:03:00Z,103,general,1000,19,0,https://www.youtube.com/watch?v=lPWjapsHnuA,PF249737,"국립국악원 무용단, 고려가무",무용(서양/한국무용),current_season,True,True,True,True
grLAXPxRhSo,고려가무 연습 현장 이야기 - ② 백미진 무용단 안무자🌸,국립국악원 무용단 기획공연 〈고려가무〉 연습 현장 이야기 - ② 백미진 무용단 안무자   고려가무 공연을 앞두고 무용단 연습실을 ...,UCmN4xFSlmWw-_d2riM-ep0A,국립국악원 National Gugak Center,72800,3578,2024-10-14T06:01:00Z,81,general,1112,19,0,https://www.youtube.com/watch?v=grLAXPxRhSo,PF249737,"국립국악원 무용단, 고려가무",무용(서양/한국무용),current_season,True,True,True,True
0wfsmHe6-SA,고려가무 연습 현장 이야기 - ③ 김혜자 무용단 안무자💗,국립국악원 무용단 기획공연 〈고려가무〉 연습 현장 이야기 - ③ 김혜자 무용단 안무자 고려가무 공연을 앞두고 무용단 연습실을 ...,UCmN4xFSlmWw-_d2riM-ep0A,국립국악원 National Gugak Center,72800,3578,2024-10-14T06:02:00Z,114,general,883,27,1,https://www.youtube.com/watch?v=0wfsmHe6-SA,PF249737,"국립국악원 무용단, 고려가무",무용(서양/한국무용),current_season,True,True,True,True
UyAz4jA_xEQ,고려가무 연습 현장 이야기 - ① 김충한 무용단 예술감독🍀,국립국악원 무용단 기획공연 〈고려가무〉 연습 현장 이야기 - ① 김충한 무용단 예술감독   고려가무 공연을 앞두고 무용단 연습실을 ...,UCmN4xFSlmWw-_d2riM-ep0A,국립국악원 National Gugak Center,72800,3578,2024-10-14T06:00:22Z,52,shorts,714,15,0,https://www.youtube.com/watch?v=UyAz4jA_xEQ,PF249737,"국립국악원 무용단, 고려가무",무용(서양/한국무용),current_season,True,True,True,True
IfOBn8Hv5rc,팔리아치0719,2024년 7월 19일 을숙도문화회관 대극장 드림문화오페라단의 오페라 팔리아치 영상입니다 예술총감독 : 유형광 연출 : 장진규 지휘 ...,UCHmAJifPTMU0jzg4lyv3MeA,rodo4790,11,5,2024-11-23T10:20:02Z,4253,general,368,6,0,https://www.youtube.com/watch?v=IfOBn8Hv5rc,PF244263,팔리아치 [부산],서양음악(클래식),current_season,True,False,True,False
42xusEpUwYU,오페라 팔라아치(광대들) 관람,Opera Pagliacci (광대들) 7.24(일) 6 PM 을숙도 문화회관 대공연장 오페라 팔리아치 관람 카니오 : 김준연 실비오 : 강경원 넷다 ...,UC0ZOEvSgp2wSNG6Cgc_38Ew,손형식(聲波) 색소폰 라이브,1190,794,2022-07-25T00:30:23Z,206,general,114,4,2,https://www.youtube.com/watch?v=42xusEpUwYU,PF244263,팔리아치 [부산],서양음악(클래식),current_season,True,False,True,False
iOJwE0honkM,2022년 을숙도오페라축제Pagliacci 1080p,2022년 7월 24일 을숙도문화회관 대극장 드림문화오페라단의 오페라 팔리아치 영상입니다 예술총감독 : 김유섬 연출 : 장진규 지휘 ...,UCHmAJifPTMU0jzg4lyv3MeA,rodo4790,11,5,2024-11-23T10:20:20Z,4101,general,135,2,0,https://www.youtube.com/watch?v=iOJwE0honkM,PF244263,팔리아치 [부산],서양음악(클래식),current_season,True,False,True,False
50uX0HjBko0,공연 Highlights 열혈건반 쇼팽 그리고 쇼팽,GS Caltex Foundation 2025. All rights reserved. (재)예술경영지원센터 2025 공연예술 지역 유통지원 사업' '열혈건반 쇼팽 그리고 ...,UCRNNyUQeN7fLmCUkZPylOxA,GS칼텍스 예울마루,2080,677,2025-12-02T06:43:02Z,122,general,156,4,1,https://www.youtube.com/watch?v=50uX0HjBko0,PF268257,쇼팽 그리고 쇼팽 [여수],서양음악(클래식),current_season,True,False,False,True
XZkE9StiBbE,열혈건반 쇼팽 그리고 쇼팽,,UCRNNyUQeN7fLmCUkZPylOxA,GS칼텍스 예울마루,2080,677,2025-08-07T07:05:27Z,60,shorts,912,1,0,https://www.youtube.com/watch?v=XZkE9StiBbE,PF268257,쇼팽 그리고 쇼팽 [여수],서양음악(클래식),current_season,True,False,False,True
IM5l_d_83DY,오늘의 클래식 | 열혈건반 쇼팽 그리고 쇼팽 25. 9. 4 🎹,쇼팽 피아노 협주곡을 피아노와 현악 5중주의 조합으로 감상할 수 있는 이색적인 무대 ! 여수 GS칼텍스 예울마루에서 만나요 ㅡ ...,UC0_r0p1OPk4Qw8lZKlUWzmQ,스테이지원 | 유못쇼,20300,449,2025-08-18T05:00:17Z,236,general,69,6,1,https://www.youtube.com/watch?v=IM5l_d_83DY,PF268257,쇼팽 그리고 쇼팽 [여수],서양음악(클래식),current_season,True,False,True,True
VDXFl7-jYSQ,[4K] 240711 뮤지컬 〈사칠〉 - 홍성 커튼콜 + 에필로그 &#39;출동을 나간다&#39; 커튼콜ver. (진태화 박정혁),"2024-07-11 목 19:00 뮤지컬 〈사칠〉 커튼콜, 에필로그 '출동을 나간다' 커튼콜ver. 홍성 홍주문화회관 대공연장 안정원 役 : 진태화 ...",UCbyEFkaz2hhYPKASmBUCW7Q,sharpRRAN,193,334,2024-07-14T15:35:06Z,160,general,83,,0,https://www.youtube.com/watch?v=VDXFl7-jYSQ,PF243871,사칠 [홍성],뮤지컬,current_season,False,True,True,True
FjP0ZRwUtko,[4K] 240712 뮤지컬 〈사칠〉 - 홍성 커튼콜 + 에필로그 &#39;출동을 나간다&#39; 커튼콜ver. (진태화 박정혁),"2024-07-12 금 19:00 뮤지컬 〈사칠〉 커튼콜, 에필로그 '출동을 나간다' 커튼콜ver. 홍성 홍주문화회관 대공연장 안정원 役 : 진태화 ...",UCbyEFkaz2hhYPKASmBUCW7Q,sharpRRAN,193,334,2024-07-14T16:06:05Z,169,general,140,,0,https://www.youtube.com/watch?v=FjP0ZRwUtko,PF243871,사칠 [홍성],뮤지컬,current_season,False,True,True,True
QL4AzWJ9g7E,🔔광주시립교향악단 2026 상반기 시즌 라인업 공개 (2026 GSO Season Preview)🔔,광주시립교향악단의 2026년 상반기 시즌을 공개합니다. 이번 상반기에는 더욱 깊어진 해석과 화려한 협연진으로 여러분을 찾아뵐 ...,UCY9z4_Nz-c9zUaYSVNIFCKQ,광주시립교향악단 Gwangju Symphony Orchestra,3110,49,2026-01-16T07:01:07Z,84,general,364,3,0,https://www.youtube.com/watch?v=QL4AzWJ9g7E,PF236384,광주시립교향악단 GSO 체임버 시리즈 Ⅲ,서양음악(클래식),current_season,True,False,True,False
jAY1ApyLaMI,[GAC안방예술극장] 광주시립 교향악단 실내악 시리즈 Ⅺ,"광주문화예술회관 코로나19 극복 예술프로젝트로 진행되는 슬기로운 문화생활, GAC 안방예술극장 ✓ ARTISTS : #바이올린 박신영 ...",UC02x5SS_0-45ZZ13ROGsdtQ,광주예술의전당 Gwangju Arts Center,4420,787,2020-06-17T06:54:08Z,1680,general,3828,102,11,https://www.youtube.com/watch?v=jAY1ApyLaMI,PF236384,광주시립교향악단 GSO 체임버 시리즈 Ⅲ,서양음악(클래식),current_season,True,False,True,False
nmMPG0lFV4k,광주시립교향악단 제349회 정기연주회 &#39;2019 송년음악회&#39; 스팟 영상!,영상으로 만나는 공연정보   _ 광주시립교향악단 제349회 정기연주회 2019 송년음악회     _ 온 가족이 함께 따뜻한 연말 분위기 ...,UC02x5SS_0-45ZZ13ROGsdtQ,광주예술의전당 Gwangju Arts Center,4420,787,2019-12-17T10:10:04Z,41,shorts,314,6,0,https://www.youtube.com/watch?v=nmMPG0lFV4k,PF236384,광주시립교향악단 GSO 체임버 시리즈 Ⅲ,서양음악(클래식),current_season,True,False,True,False
oF4QJpjf4Lc,"광주시립교향악단, 제 2회 실내악시리즈, 금관 5중주",ARTISTS 해설 : 김영언 (광주시립교향악단 부지휘자) #트럼펫 기경일 추선호 #호른 이정현 #트럼본 서용일 #튜바 심재영 ✓ DATE ...,UCY9z4_Nz-c9zUaYSVNIFCKQ,광주시립교향악단 Gwangju Symphony Orchestra,3110,49,2020-04-16T00:17:53Z,1136,general,2462,22,2,https://www.youtube.com/watch?v=oF4QJpjf4Lc,PF236384,광주시립교향악단 GSO 체임버 시리즈 Ⅲ,서양음악(클래식),current_season,True,False,True,False
0vJx9W3y6H0,[음악회가는길]252_신세계교향곡 &amp; 카르미나 부라나,252_신세계교향곡 & 카르미나 부라나 2026년 2월 12일 (목) 오후 7시 30분 공주문예회관 대공연장 01:30 음악회 소개 03:01 공주시 ...,UCWt4mxFEjKgypgnGT1rU0GQ,봄컬처,219,61,2026-02-02T01:00:02Z,2683,general,86,2,0,https://www.youtube.com/watch?v=0vJx9W3y6H0,PF282863,오프닝 콘서트: 신세계교향곡 & 카르미나 부라나 [공주],서양음악(클래식),current_season,True,False,True,True
D207AJClaXk,"&#39;춤의 신격화&#39;, 이 곡을 싫어하는 사람은 없다 | 베토벤 교향곡 7번 | 교향곡정주행 15편",0:00 베토벤 교향곡 7변 2:45 나폴레옹과 베토벤 6:36 초연 11:31 1악장 18:56 2악장 25:16 3악장 27:38 4악장 30:31 7번 교향곡의 ...,UCJg0L-xnYoZgEzVvk4i3dCQ,일구쌤 클래식,42900,911,2025-10-09T04:51:02Z,3297,general,23405,663,34,https://www.youtube.com/watch?v=D207AJClaXk,PF273337,"국립심포니콘서트오케스트라, 베토벤, 교향곡 7번 [세종]",서양음악(클래식),current_season,True,False,False,True
MxycKvLDjCg,거장의 선율~~^^베토벤 교향곡 7 번..WW필하모닉 오케스트라.,,UCcleO6yv9zCs6yJD_dG96zw,젊은 할머니 아프리카여행,100,195,2025-10-01T15:28:41Z,28,shorts,1177,7,0,https://www.youtube.com/watch?v=MxycKvLDjCg,PF273337,"국립심포니콘서트오케스트라, 베토벤, 교향곡 7번 [세종]",서양음악(클래식),current_season,True,False,False,True
VDPa_Sk2qRs,귀한 함양산삼을 찾아서(feat. 별주부전),천년의 숲에서 만나는 귀한 산삼 올해로 벌써 스무살을 맞이하는 함양산삼축제가 여러분을 기다립니다. 현장에서 직접 눈으로 보고 ...,UCRw7c8-oRKr8Uw-MhvW7BOw,함양TV,24300,1001,2025-09-09T09:00:46Z,119,general,171,10,0,https://www.youtube.com/watch?v=VDPa_Sk2qRs,PF271515,별주부전 [함양],한국음악(국악),current_season,True,False,False,True
jeaAJ1JD8kg,열여섯번째이야기_25.10.30(목)11:00_엄천강별주부전,열여섯번째이야기_25.10.30(목)11:00_엄천강별주부전 함양 금반초등학교.,UC1oZKuq6bIeeAmqKlrU4PfQ,다미안R&C체험카페,41,35,2025-11-03T13:32:19Z,1748,general,22,0,0,https://www.youtube.com/watch?v=jeaAJ1JD8kg,PF271515,별주부전 [함양],한국음악(국악),current_season,True,False,False,True
w-n_N4zYqpw,서귀포합창단_서귀포 야곡 (외국 합창)_Seogwipo Chorale_지휘 박위수,제주도립 서귀포합창단 제84회 정기연주회 서귀포 야곡 : 서귀포합창단이 선보이는 가을밤의 감성합창 외국 합창 00:00:00 If you ...,UCZGZ9gim1CQ__Jpl2XopAkg,제주특별자치도립 서귀포예술단,900,323,2025-10-30T07:36:01Z,905,general,202,,0,https://www.youtube.com/watch?v=w-n_N4zYqpw,PF273932,제84회 제주특별자치도립 서귀포합창단 정기연주회: 서귀포야곡,서양음악(클래식),current_season,True,False,False,True
YQ_ugXiYeZQ,서귀포합창단_서귀포 야곡 (서귀포를 주제로 한 위촉곡)_Seogwipo Chorale_지휘 박위수,제주도립 서귀포합창단 제84회 정기연주회 서귀포 야곡 : 서귀포합창단이 선보이는 가을밤의 감성합창 서귀포를 주제로 한 위촉곡 ...,UCZGZ9gim1CQ__Jpl2XopAkg,제주특별자치도립 서귀포예술단,900,323,2025-10-30T07:35:51Z,1705,general,249,,0,https://www.youtube.com/watch?v=YQ_ugXiYeZQ,PF273932,제84회 제주특별자치도립 서귀포합창단 정기연주회: 서귀포야곡,서양음악(클래식),current_season,True,False,False,True
JNd7vkhUM4k,서귀포합창단_서귀포 야곡 (가을 감성)_Seogwipo Chorale_지휘 박위수,제주도립 서귀포합창단 제84회 정기연주회 서귀포 야곡 : 서귀포합창단이 선보이는 가을밤의 감성합창 가을 감성 00:00:00 밤_원사임 ...,UCZGZ9gim1CQ__Jpl2XopAkg,제주특별자치도립 서귀포예술단,900,323,2025-10-30T07:35:58Z,597,general,219,,0,https://www.youtube.com/watch?v=JNd7vkhUM4k,PF273932,제84회 제주특별자치도립 서귀포합창단 정기연주회: 서귀포야곡,서양음악(클래식),current_season,True,False,False,True
Q8wilfozMVQ,"2025 국립국악원 민속악단 기획공연〈新산조〉- 정준호, 장구산조",2025 국립국악원 민속악단 기획공연 〈新산조〉 국립국악원 민속악단의 손 끝에서 깨어나는 이 시대의 산조✨ 선율 악기를 중심으로 ...,UCmN4xFSlmWw-_d2riM-ep0A,국립국악원 National Gugak Center,72800,3578,2025-10-24T06:02:07Z,83,general,3451,101,0,https://www.youtube.com/watch?v=Q8wilfozMVQ,PF275910,민속악단 기획공연: 新 산조,한국음악(국악),current_season,True,True,True,True
-qSY9J9mvOI,2025 국립국악원 민속악단 기획공연〈新산조〉- 원완철,2025 국립국악원 민속악단 기획공연 〈新산조〉 국립국악원 민속악단의 손 끝에서 깨어나는 이 시대의 산조✨ 느린 진양 장단부터 ...,UCmN4xFSlmWw-_d2riM-ep0A,국립국악원 National Gugak Center,72800,3578,2025-10-23T05:01:06Z,85,general,3602,92,0,https://www.youtube.com/watch?v=-qSY9J9mvOI,PF275910,민속악단 기획공연: 新 산조,한국음악(국악),current_season,True,True,True,True
bwo9P5YXQT4,"2025 국립국악원 민속악단 기획공연〈新산조〉- 이재하, 산조 이중주 &#39;금적&#39;",2025 국립국악원 민속악단 기획공연 〈新산조〉 국립국악원 민속악단의 손 끝에서 깨어나는 이 시대의 산조✨ 대금과 거문고 구성의 ...,UCmN4xFSlmWw-_d2riM-ep0A,국립국악원 National Gugak Center,72800,3578,2025-10-25T01:02:00Z,91,general,5518,104,2,https://www.youtube.com/watch?v=bwo9P5YXQT4,PF275910,민속악단 기획공연: 新 산조,한국음악(국악),current_season,True,True,True,True
4m9ZtW-0d_0,"2025 국립국악원 민속악단 기획공연〈新산조〉- 배런, 아쟁산조",2025 국립국악원 민속악단 기획공연 〈新산조〉 국립국악원 민속악단의 손 끝에서 깨어나는 이 시대의 산조✨ 전통 아쟁산조에 ...,UCmN4xFSlmWw-_d2riM-ep0A,국립국악원 National Gugak Center,72800,3578,2025-10-25T01:01:15Z,75,general,7541,125,4,https://www.youtube.com/watch?v=4m9ZtW-0d_0,PF275910,민속악단 기획공연: 新 산조,한국음악(국악),current_season,True,True,True,True
GoCq6xB-UaI,"2025 국립국악원 민속악단 기획공연〈新산조〉- 김정림, 경기 산조합주",2025 국립국악원 민속악단 기획공연 〈新산조〉 국립국악원 민속악단의 손 끝에서 깨어나는 이 시대의 산조✨ 경기음악의 대표적인 ...,UCmN4xFSlmWw-_d2riM-ep0A,국립국악원 National Gugak Center,72800,3578,2025-10-24T06:03:16Z,93,general,3351,44,2,https://www.youtube.com/watch?v=GoCq6xB-UaI,PF275910,민속악단 기획공연: 新 산조,한국음악(국악),current_season,True,True,True,True
hYfk7Xbulmc,2025 국립국악원 민속악단 기획공연〈新산조〉- 이선화,2025 국립국악원 민속악단 기획공연〈新산조〉 국립국악원 민속악단의 손 끝에서 깨어나는 이 시대의 산조✨ 오늘날 연주되는 여러 ...,UCmN4xFSlmWw-_d2riM-ep0A,국립국악원 National Gugak Center,72800,3578,2025-10-23T05:00:56Z,86,general,4202,117,3,https://www.youtube.com/watch?v=hYfk7Xbulmc,PF275910,민속악단 기획공연: 新 산조,한국음악(국악),current_season,True,True,True,True
prrEfYN9xgU,"2025 국립국악원 민속악단 기획공연〈新산조〉- 이재혁, 태평소 산조합주",2025 국립국악원 민속악단 기획공연 〈新산조〉 국립국악원 민속악단의 손 끝에서 깨어나는 이 시대의 산조✨ 태평소를 중심으로 ...,UCmN4xFSlmWw-_d2riM-ep0A,국립국악원 National Gugak Center,72800,3578,2025-10-25T01:01:03Z,80,general,5820,151,3,https://www.youtube.com/watch?v=prrEfYN9xgU,PF275910,민속악단 기획공연: 新 산조,한국음악(국악),current_season,True,True,True,True
m-Jov7ds9xA,[프리뷰] 울산시립무용단 기획공연 「춤꾼」,2024. 4. 19(금) 오후7시 30분 울산문화예술회관 소공연장 전석1만원 . '춤꾼'은 아름다운 우리 전통춤을 한자리에서 만나볼 수 있는 ...,UCIMC70agsQriD6hAfGpLaxA,울산문화예술회관,1530,316,2024-04-08T04:33:47Z,77,general,574,20,1,https://www.youtube.com/watch?v=m-Jov7ds9xA,PF262791,"울산시립무용단 기획공연, 춤꾼 [울산]",무용(서양/한국무용),current_season,False,True,True,False
RN7rmrg3a6Q,[하남시립합창단] Exultate JubilateㅣReNew l 2025. 6. 12,하남시립합창단 제43회 정기연주회 'ReNew' 일시: 2025. 6. 12.(목) 19:30 장소: 하남문화예술회관 대극장(검단홀) 하남시립 ...,UCpQSdGpVioMavbR8uLIsPFw,하남시립합창단 Hanam Civic Choir,151,57,2025-07-17T01:06:47Z,276,general,222,8,0,https://www.youtube.com/watch?v=RN7rmrg3a6Q,PF264230,제43회 하남시립합창단 정기연주회: Re New [하남],서양음악(클래식),current_season,True,True,True,True
QJk_KbYnW4M,[하남시립합창단] Laudamus Te l ReNew l 2025. 6. 12,하남시립합창단 제43회 정기연주회 'ReNew' 일시: 2025. 6. 12.(목) 19:30 장소: 하남문화예술회관 대극장(검단홀) 하남시립 ...,UCpQSdGpVioMavbR8uLIsPFw,하남시립합창단 Hanam Civic Choir,151,57,2025-07-17T00:58:53Z,286,general,117,7,0,https://www.youtube.com/watch?v=QJk_KbYnW4M,PF264230,제43회 하남시립합창단 정기연주회: Re New [하남],서양음악(클래식),current_season,True,True,True,True
ZdHu7Zzi-Zw,[하남시립합창단] 진달래 꽃ㅣReNew l 2025. 6. 12,하남시립합창단 제43회 정기연주회 'ReNew' 일시: 2025. 6. 12.(목) 19:30 장소: 하남문화예술회관 대극장(검단홀) 하남시립 ...,UCpQSdGpVioMavbR8uLIsPFw,하남시립합창단 Hanam Civic Choir,151,57,2025-07-17T02:17:42Z,227,general,236,13,0,https://www.youtube.com/watch?v=ZdHu7Zzi-Zw,PF264230,제43회 하남시립합창단 정기연주회: Re New [하남],서양음악(클래식),current_season,True,True,True,True
OtLoTfQJa6o,[하남시립합창단] 우리ㅣReNew l 2025. 6. 12,하남시립합창단 제43회 정기연주회 'ReNew' 일시: 2025. 6. 12.(목) 19:30 장소: 하남문화예술회관 대극장(검단홀) 하남시립 ...,UCpQSdGpVioMavbR8uLIsPFw,하남시립합창단 Hanam Civic Choir,151,57,2025-07-17T02:58:51Z,359,general,887,18,2,https://www.youtube.com/watch?v=OtLoTfQJa6o,PF264230,제43회 하남시립합창단 정기연주회: Re New [하남],서양음악(클래식),current_season,True,True,True,True
F-UuA7E64S8,[하남시립합창단] Geographical FugueㅣReNew l 2025. 6. 12,하남시립합창단 제43회 정기연주회 'ReNew' 일시: 2025. 6. 12.(목) 19:30 장소: 하남문화예술회관 대극장(검단홀) 하남시립 ...,UCpQSdGpVioMavbR8uLIsPFw,하남시립합창단 Hanam Civic Choir,151,57,2025-07-17T01:38:46Z,191,general,92,5,0,https://www.youtube.com/watch?v=F-UuA7E64S8,PF264230,제43회 하남시립합창단 정기연주회: Re New [하남],서양음악(클래식),current_season,True,True,True,True
3N2TK1oFH8g,[하남시립합창단] 아리랑ㅣReNew l 2025. 6. 12,하남시립합창단 제43회 정기연주회 'ReNew' 일시: 2025. 6. 12.(목) 19:30 장소: 하남문화예술회관 대극장(검단홀) 하남시립 ...,UCpQSdGpVioMavbR8uLIsPFw,하남시립합창단 Hanam Civic Choir,151,57,2025-07-17T02:56:08Z,448,general,409,10,0,https://www.youtube.com/watch?v=3N2TK1oFH8g,PF264230,제43회 하남시립합창단 정기연주회: Re New [하남],서양음악(클래식),current_season,True,True,True,True
w9IW-RNzLzw,[하남시립합창단] 산유화ㅣReNew l 2025. 6. 12,하남시립합창단 제43회 정기연주회 'ReNew' 일시: 2025. 6. 12.(목) 19:30 장소: 하남문화예술회관 대극장(검단홀) 하남시립 ...,UCpQSdGpVioMavbR8uLIsPFw,하남시립합창단 Hanam Civic Choir,151,57,2025-07-17T01:59:26Z,321,general,225,7,0,https://www.youtube.com/watch?v=w9IW-RNzLzw,PF264230,제43회 하남시립합창단 정기연주회: Re New [하남],서양음악(클래식),current_season,True,True,True,True
WPXR2yirzVY,[하남시립합창단] 달팽이의 노래ㅣReNew l 2025. 6. 12,하남시립합창단 제43회 정기연주회 'ReNew' 일시: 2025. 6. 12.(목) 19:30 장소: 하남문화예술회관 대극장(검단홀) 하남시립 ...,UCpQSdGpVioMavbR8uLIsPFw,하남시립합창단 Hanam Civic Choir,151,57,2025-07-17T02:07:33Z,204,general,205,10,0,https://www.youtube.com/watch?v=WPXR2yirzVY,PF264230,제43회 하남시립합창단 정기연주회: Re New [하남],서양음악(클래식),current_season,True,True,True,True
MFyZWRmRQNY,[하남시립합창단] RitmoㅣReNew l 2025. 6. 12,하남시립합창단 제43회 정기연주회 'ReNew' 일시: 2025. 6. 12.(목) 19:30 장소: 하남문화예술회관 대극장(검단홀) 하남시립 ...,UCpQSdGpVioMavbR8uLIsPFw,하남시립합창단 Hanam Civic Choir,151,57,2025-07-17T01:45:12Z,198,general,206,9,0,https://www.youtube.com/watch?v=MFyZWRmRQNY,PF264230,제43회 하남시립합창단 정기연주회: Re New [하남],서양음악(클래식),current_season,True,True,True,True
S-Clu720Ab0,[하남시립합창단] 옹헤야ㅣReNew l 2025. 6. 12,하남시립합창단 제43회 정기연주회 'ReNew' 일시: 2025. 6. 12.(목) 19:30 장소: 하남문화예술회관 대극장(검단홀) 하남시립 ...,UCpQSdGpVioMavbR8uLIsPFw,하남시립합창단 Hanam Civic Choir,151,57,2025-07-17T02:50:34Z,306,general,327,10,0,https://www.youtube.com/watch?v=S-Clu720Ab0,PF264230,제43회 하남시립합창단 정기연주회: Re New [하남],서양음악(클래식),current_season,True,True,True,True
DyabVBcWo8g,[하남시립합창단] Te Deum(H. 146) ㅣReNew l 2025. 6. 12,하남시립합창단 제43회 정기연주회 'ReNew' 일시: 2025. 6. 12.(목) 19:30 장소: 하남문화예술회관 대극장(검단홀) 하남시립 ...,UCpQSdGpVioMavbR8uLIsPFw,하남시립합창단 Hanam Civic Choir,151,57,2025-07-17T01:18:52Z,1624,general,509,15,2,https://www.youtube.com/watch?v=DyabVBcWo8g,PF264230,제43회 하남시립합창단 정기연주회: Re New [하남],서양음악(클래식),current_season,True,True,True,True
WUa4gwD3udo,[하남시립합창단] 기쁨에게 ㅣReNew l 2025. 6. 12,하남시립합창단 제43회 정기연주회 'ReNew' 일시: 2025. 6. 12.(목) 19:30 장소: 하남문화예술회관 대극장(검단홀) 하남시립 ...,UCpQSdGpVioMavbR8uLIsPFw,하남시립합창단 Hanam Civic Choir,151,57,2025-07-17T02:12:12Z,317,general,143,6,0,https://www.youtube.com/watch?v=WUa4gwD3udo,PF264230,제43회 하남시립합창단 정기연주회: Re New [하남],서양음악(클래식),current_season,True,True,True,True
LPqI3ODjxBw,[하남시립합창단] cantate dominoㅣReNew l 2025. 6. 12,하남시립합창단 제43회 정기연주회 'ReNew' 일시: 2025. 6. 12.(목) 19:30 장소: 하남문화예술회관 대극장(검단홀) 하남시립 ...,UCpQSdGpVioMavbR8uLIsPFw,하남시립합창단 Hanam Civic Choir,151,57,2025-07-17T00:38:33Z,184,general,128,4,0,https://www.youtube.com/watch?v=LPqI3ODjxBw,PF264230,제43회 하남시립합창단 정기연주회: Re New [하남],서양음악(클래식),current_season,True,True,True,True
JKP_Uiy1IfU,[대학생 서포터즈] 국립광주박물관 x 광주시립창극단 &#39;판소리 감상회&#39; 👏,국립광주박물관 과 #광주시립창극단 이 함께하는 '판소리 감상회'를 대학생 서포터즈 13기 고해인 친구가 소개합니다 앞으로 두 ...,UCyZbaQ52Gh8SBr6GDdYx-Bw,국립광주박물관 Gwangju National Museum,2380,317,2023-05-11T07:17:32Z,164,general,131,3,1,https://www.youtube.com/watch?v=JKP_Uiy1IfU,PF252634,"광주시립창극단, 판소리 감상회 (11월)",한국음악(국악),current_season,True,False,True,False
zL2nvRuVtWc,가곡드라마 소나기 하이라이트 영상,2024 지역맞춤형 중소규모 콘텐츠 유통 선정공연] *공연일시 : 2024년 7월26일 오후7시 *공연장소 : 연천수레울아트홀 주최 : 예술 ...,UCWUJmXjCqxa56hXRIpHg_tQ,김대표음악실Kims Music Room,3280,417,2024-07-01T05:01:35Z,38,shorts,149,5,0,https://www.youtube.com/watch?v=zL2nvRuVtWc,PF243442,소나기 [연천],뮤지컬,current_season,True,False,True,True
_-GwUqu_CfE,#윤아트스튜디오#기획연출김하은#예술감독노휘#황순원#가곡드라마#소나기#작곡가박대웅#연천수레울아트홀,,UCoMcxRf2S9CG-iw8pOsH5kA,J&H ART 바리톤 박진수(Bar. JINSOO PARK),140,152,2024-06-26T03:40:11Z,35,shorts,120,6,0,https://www.youtube.com/watch?v=_-GwUqu_CfE,PF243442,소나기 [연천],뮤지컬,current_season,True,False,True,True
ltXHzE7RPFk,몽니 MONNI - 소나기 (김경호 x 몽니 락콘서트 / 연천수레울아트홀 07/08/2023),,UCgRIrbqzadUba0_m2oht7Bw,ᄋᄋ,7820,1415,2023-07-08T12:08:27Z,216,general,466,6,1,https://www.youtube.com/watch?v=ltXHzE7RPFk,PF243442,소나기 [연천],뮤지컬,current_season,True,False,True,False
tv1Lb4_j000,가곡드라마 소나기 하이라이트,2024 지역맞춤형 중소규모 콘텐츠 유통 선정공연] *공연일시 : 2024년 7월26일 오후7시 *공연장소 : 연천수레울아트홀 주최 : 예술 ...,UCqaStDc4bctm8DE-F1WMOXw,YoonArt윤아트,395,162,2024-07-01T05:03:51Z,38,shorts,231,2,0,https://www.youtube.com/watch?v=tv1Lb4_j000,PF243442,소나기 [연천],뮤지컬,current_season,True,False,True,True
JKP_Uiy1IfU,[대학생 서포터즈] 국립광주박물관 x 광주시립창극단 &#39;판소리 감상회&#39; 👏,국립광주박물관 과 #광주시립창극단 이 함께하는 '판소리 감상회'를 대학생 서포터즈 13기 고해인 친구가 소개합니다 앞으로 두 ...,UCyZbaQ52Gh8SBr6GDdYx-Bw,국립광주박물관 Gwangju National Museum,2380,317,2023-05-11T07:17:32Z,164,general,131,3,1,https://www.youtube.com/watch?v=JKP_Uiy1IfU,PF262089,"광주시립창극단, 판소리 감상회 (4월)",한국음악(국악),current_season,True,False,True,False
V4xtc6jnFgo,가족오페라 &#39;신콩쥐&#39;- 평창,"가족오페라 '신콩쥐'- 평창 ⭐️여수, 남원, 해운대, 울산, 안양, 영도, 완주, 증평, 제주 서귀포, 의 흥행을 넘어, 2026년 평창에서 여러분 ...",UCuP6NKZRIAVL4Y5ThwGmCUA,영아츠컴퍼니Young Arts Company,229,139,2026-05-23T01:39:36Z,67,general,170,3,0,https://www.youtube.com/watch?v=V4xtc6jnFgo,PF290736,신콩쥐 [평창],서양음악(클래식),current_season,True,True,False,True
9vAdwXcaaIk,[Making Film] 가족오페라 &#39;신콩쥐&#39;,출연진 신콩쥐 역ㅣ소프라노 성이현 몽룡 역ㅣ테너 김지훈 놀부 역ㅣ바리톤 류동휘 팥쥐 역ㅣ소프라노 이선아 빵쥐 역ㅣ소프라노 ...,UCuP6NKZRIAVL4Y5ThwGmCUA,영아츠컴퍼니Young Arts Company,229,139,2026-05-30T07:11:28Z,211,general,44,2,0,https://www.youtube.com/watch?v=9vAdwXcaaIk,PF290736,신콩쥐 [평창],서양음악(클래식),current_season,True,False,False,True
eAXCS3v2AOY,가족오페라 &#39;신콩쥐&#39;- 포천,"가족오페라 '신콩쥐'- 포천 ⭐️여수, 남원, 해운대, 울산, 안양, 영도, 완주, 증평, 제주 서귀포, 평창의 흥행을 넘어, 2026년 6월 포천 ...",UCuP6NKZRIAVL4Y5ThwGmCUA,영아츠컴퍼니Young Arts Company,229,139,2026-06-09T02:13:42Z,68,general,102,1,0,https://www.youtube.com/watch?v=eAXCS3v2AOY,PF290736,신콩쥐 [평창],서양음악(클래식),current_season,True,True,False,True
mrZZV8olSr4,"250913 토요상설공연 “미리내 초청공연-하멜, 조선은 처음이지? ‘사라진 13년의 비밀’”","250913 토요상설공연 “미리내 초청공연-하멜, 조선은 처음이지? '사라진 13년의 비밀'” “하멜, 조선은 처음이지?” 표류 끝에 만난 낯선 ...",UCu8ouZak6oQcgDHlcQ0kjrw,국립남도국악원,6560,425,2025-11-12T06:00:06Z,4988,general,202,7,0,https://www.youtube.com/watch?v=mrZZV8olSr4,PF272321,"국립남도국악원 토요상설, 국악이 좋다: 하멜, 조선은 처음이지?",한국음악(국악),current_season,True,False,False,True
ZuvBHV0HGrs,💌 &#39;기린의 여행법&#39; 메이킹 영상｜[2024 청소년극 창작벨트 낭독공연],대단한 것을 이루지 않아도 '나 자신 그대로를 사랑할 줄 알아야겠다' 이런 마음이 든다면 이 작품이 성공한 것 같아요.” [2024 청소년극 ...,UC-2Nn7WrZJkx1m-g_Y0Gf2Q,국립극단,24700,811,2024-12-16T17:15:01Z,309,general,634,19,0,https://www.youtube.com/watch?v=ZuvBHV0HGrs,PF254953,기린의 여행법,연극,current_season,True,False,False,True
mP2u8Hv_IoY,수궁가 공연 실황⎟소리꾼 박수범⎟대전시립연정국악원,대전시립연정국악원 2025 전통시리즈 [판소리 다섯마당] - 박수범의 수궁가 2025년 03월 20일(목) 판소리 | 박수범 고수 | 김태영 주최/ ...,UCd0030MVy2J2_ryn1m0FkWQ,솔선수범,88,24,2025-03-27T09:01:01Z,4031,general,435,7,1,https://www.youtube.com/watch?v=mP2u8Hv_IoY,PF259365,"전통시리즈, 판소리 다섯마당: 박수범 [대전]",한국음악(국악),current_season,True,False,True,True
hkgWQPm9itE,수궁가 中 &#39;좌우나졸&#39;⎟소리꾼 박수범,대전시립연정국악원 2025 전통시리즈 [판소리 다섯마당] - 박수범의 수궁가 2025년 03월 20일(목) 판소리 | 박수범 고수 | 김태영 주최/ ...,UCd0030MVy2J2_ryn1m0FkWQ,솔선수범,88,24,2025-04-07T09:00:50Z,881,general,256,3,0,https://www.youtube.com/watch?v=hkgWQPm9itE,PF259365,"전통시리즈, 판소리 다섯마당: 박수범 [대전]",한국음악(국악),current_season,True,False,True,True
JKP_Uiy1IfU,[대학생 서포터즈] 국립광주박물관 x 광주시립창극단 &#39;판소리 감상회&#39; 👏,국립광주박물관 과 #광주시립창극단 이 함께하는 '판소리 감상회'를 대학생 서포터즈 13기 고해인 친구가 소개합니다 앞으로 두 ...,UCyZbaQ52Gh8SBr6GDdYx-Bw,국립광주박물관 Gwangju National Museum,2380,317,2023-05-11T07:17:32Z,164,general,131,3,1,https://www.youtube.com/watch?v=JKP_Uiy1IfU,PF270776,"광주시립창극단, 판소리 감상회 (8월) [광주]",한국음악(국악),current_season,True,False,True,False
KKI0r9q55WE,2024. 5월 문화예술행사 공연 개최 알림 [국립심포니오케스트라 &quot;베를리오즈 환상교향곡&quot;],2024년 5월 2째주 문화예술행사 개최 - 공연명: 국립심포니오케스트라 “베를리오즈 환상교향곡” (* 초등학생이상 관람 가능) - 일 시: ...,UC-GzEr2HlplgtpCoXrwZ4rA,경기도교육청교직원복지센터,5750,134,2024-04-23T07:30:07Z,31,shorts,253,1,0,https://www.youtube.com/watch?v=KKI0r9q55WE,PF233346,"국립심포니오케스트라: 베를리오즈, 환상교향곡 [고양]",서양음악(클래식),current_season,True,False,False,True
tsXfPrLN9XU,베를리오즈 환상교향곡 [효도할 타이밍을 놓친 당신을 위해],"고양문화재단 #고양아람누리 #베를리오즈환상교향곡 #다비드라일란트 #피아니스트박재홍 가정의 달 5월, 가족들에게 잊지 못할 ...",UCpXOvE6O8DIttGbQCsSD7jw,고양문화재단,2690,572,2024-05-09T06:10:44Z,44,shorts,634,8,0,https://www.youtube.com/watch?v=tsXfPrLN9XU,PF233346,"국립심포니오케스트라: 베를리오즈, 환상교향곡 [고양]",서양음악(클래식),current_season,True,False,True,True
