video_id,comment_id,author,text,like_count,published_at
Tpqrd9-HzT8,UgyXEigWQNsIOy2uGi54AaABAg,@이상한사람-s2m,눈코입 성형은 진짜 스엠이 연예계 원탑임 어디서 하는지 절대 안 가르쳐줌,3746,2025-12-23T04:40:10Z
Tpqrd9-HzT8,UgzRJOPx_RjyjARCrIx4AaABAg,@유사장-q4e,주먹코가 분필코가 됐넼ㅋㅋㅋ,6552,2025-08-27T03:12:09Z
Tpqrd9-HzT8,UgyGXV07h3XsVyBuIdN4AaABAg,@lolo_corellein,진짜 코를 결국엔 부시고 저 너머의 문을 열었노,1847,2026-01-02T07:02:58Z
Tpqrd9-HzT8,Ugw_UkoYWXBdITGviBd4AaABAg,@ovelyvia,"초반에 웃다가 갑자기
눈 희번덕하게 바뀌는거 개웃기넼ㅋㅌㅋㅌ",154,2025-12-28T20:57:23Z
Tpqrd9-HzT8,UgykMEvmItPTjmkxEuV4AaABAg,@래쉬플-u1e,Sm성형전문의 도대체 누구임? 그는 신이야,800,2026-01-06T11:05:56Z
Tpqrd9-HzT8,UgwadYsYfrLSoXIcKEN4AaABAg,@우쭐e,코 진짜 잘됨,1462,2025-12-10T03:06:19Z
Tpqrd9-HzT8,UgwBkcqSEjf7skeUsXl4AaABAg,@jjk4475,와 진짜 어질어질하다,608,2025-12-13T17:04:57Z
Tpqrd9-HzT8,UgwReAnUgHbH97j-_7V4AaABAg,@qiiooiip,코를 힘껏 끌어올렸구만,59,2025-12-25T11:41:34Z
Tpqrd9-HzT8,UgzaSAKDtlGSbVWGhCB4AaABAg,@슬레이어-n6i,스엠은진짜 성형외과 공개해라,13,2026-06-01T04:26:15Z
Tpqrd9-HzT8,UgwIeL4W1vREzDpPGst4AaABAg,@쿠숑숑,윈터오빠 보고 오신분없나요ㅋㅋㅋㅋㅋ 윈터 성형전이랑 개똑같,93,2026-04-14T04:30:40Z
Tpqrd9-HzT8,UgxQi6bqaQop91mgXEd4AaABAg,@학종이,아니 근데 진짜 욕하는건 아닌데 15살ㅈㄴ 무섭게 쳐다보네ㅋㅋ,2,2026-07-01T10:54:49Z
Tpqrd9-HzT8,UgyZMXW-IUlbaTeQkPF4AaABAg,@상유이-j6w,화장지우고 성형기록 뜯어내면 음...세상을 눈뜨고 못살것 같음.,9,2025-12-30T14:10:03Z
Tpqrd9-HzT8,UgyBYk8K2bmgyxgEtkV4AaABAg,@네이버-z5x,와...저 코는 유전자 영향이 강할텐데 부모중에 딱 저 코 있을거임,469,2026-01-03T20:35:53Z
Tpqrd9-HzT8,UgwxLJZUcceBWuvfP4N4AaABAg,@삼색냥냥_123,다 했구나.. 성형과 화장은 위대해,29,2026-04-01T12:07:40Z
Tpqrd9-HzT8,Ugzfk6v1e5b4XcXZZNl4AaABAg,@혁이-g2n,"솔직히 성형해도 된단 마인드인데
너무 다 똑같음 태연 웬디 보아 카리나 윈터 턱이 다 똑같음",458,2025-12-27T07:20:35Z
Tpqrd9-HzT8,UgxcYShDBAVMqjK6pyx4AaABAg,@김정아-s9u,와... 진짜 너무나 평범하디 평범한 얼굴이 저렇게 바뀌는구나,1713,2025-12-12T09:28:15Z
Tpqrd9-HzT8,Ugx9qcP3PjrIp2cIvkR4AaABAg,@EuminKim-p1l,코 뭔데 ㅋㅋㅋㅋㅋ 아 개빵 터졌다 ㅋㅋㅋㅋㅋ,1270,2025-12-17T02:31:10Z
Tpqrd9-HzT8,UgxREpurdG_CXH6hnXp4AaABAg,@jw.p4015,Sm이 개조 제일 잘하는듯....,16,2025-12-27T05:05:58Z
Tpqrd9-HzT8,UgxdczlMu4hmUC6REL14AaABAg,@SomuchCarrier,성형빨 지리누 ㅋ,3,2026-07-06T03:33:16Z
Tpqrd9-HzT8,UgzvHZ_tj7Ga1CHu2al4AaABAg,@Lkjgcbtd,"그냥 딱봐도 이목구비 다성형인데
알고 좋아하는줄 알았음;;
아그래서 요새는 성형미인 아무리티나도 이쁘면 다좋아하는가보다
참신기하네 그랬는디",55,2025-12-15T09:05:31Z
Tpqrd9-HzT8,UgzJvT8BgLmKgwNalP94AaABAg,@강민철의_팩트분석,카리나도 그렇고 윈터도 그렇고 코가그냥 뭉탱이로있다가 유링게슝 됐네ㅋㅋ,850,2026-01-06T02:29:51Z
Tpqrd9-HzT8,Ugyaz29ZG-sbTzVwULB4AaABAg,@ro3401,살이 어쩌구 다이어트가 어쩌구 화장이 어쩌구 젖살이 어쩌구 등판해주세요~,4,2026-06-25T12:17:01Z
Tpqrd9-HzT8,UgxA9VBDI9Mwi8RhjAN4AaABAg,@bgsedm8541,이정도면 완전 다른사람이네 ㅋㅋㅋㅋ,5,2026-03-22T18:29:39Z
Tpqrd9-HzT8,UgysOWALzc2dvo6VkZ54AaABAg,@wolftortoise,22살에서 23살넘어갈때 말안되게바뀌네그냥 신기하긴하다,1,2026-07-09T06:14:27Z
Tpqrd9-HzT8,UgzLJsunhgOXBmUqT1V4AaABAg,@g.b-k9o,딱 스엠들어감 17살쯤에서 코가 크~~ 확바뀌는구만,10,2026-02-11T07:57:03Z
Tpqrd9-HzT8,UgxxUyDoZOzzfEPmhWN4AaABAg,@user-jq9dd7sy4n,이건희에서 이지혜가 됐네,0,2026-07-09T17:24:49Z
Tpqrd9-HzT8,Ugw_-J4Elen1dKOdkU54AaABAg,@brandon-xq5fn,윈터가 성형했다고 해도 본인들 가치가 올라가는건 아니에요 ㅎㅎ,0,2026-07-08T12:46:33Z
Tpqrd9-HzT8,UgyLZxuBg0Y4F014IEB4AaABAg,@Youtubbbda,윤곽3종+코,101,2025-12-21T19:04:56Z
Tpqrd9-HzT8,UgwOe8KF7HaRQBlSmRJ4AaABAg,@polp1-g1i,코가 심각하게 넓다 개깜놀.....,399,2025-12-21T07:06:46Z
Tpqrd9-HzT8,UgyNIGsHp9xY2Sk1JRF4AaABAg,@angelnim1104,ㄹㅇ 성형으로 만들어진 얼굴이었.....,17,2025-12-22T17:23:11Z
S4iRxpzaMGY,UgzaNK3KRNrK4FcrGoB4AaABAg,@user-L55j21,지젤은 여자를 미치게하는여자인듯 미치겠다 참말로,64,2024-01-06T17:10:58Z
S4iRxpzaMGY,UgzSRUyi6NS28tA7l-l4AaABAg,@aeD4RK,지젤이 안전하고 건강한 모습을 보게 되어 기쁩니다! 나고야 콘서트 끝나고 너무 걱정됐어요. 안전하고 건강하며 따뜻하게 지내고 가족과 함께 즐거운 시간을 보내길 바랍니다! 😇🙏,683,2024-01-06T16:28:00Z
S4iRxpzaMGY,UgzWr_A_uNYbcCtYTzV4AaABAg,@bee-cu7gj,레전드다 이건,39,2024-01-24T03:00:46Z
S4iRxpzaMGY,Ugz11ubMyrVizJC6KjJ4AaABAg,@sw-ms7en,かわいすぎるーーーー！！！,26,2024-03-26T13:15:25Z
S4iRxpzaMGY,UgxC6AjS7x0bgxm3f5x4AaABAg,@sala-y5x,おっと、死んだ、… かわいいすき,213,2024-01-23T17:34:23Z
S4iRxpzaMGY,Ugzo_7rPss6ZKWxmKJ14AaABAg,@jobduckindeyo,이게 뭐야.. 지젤력 개미침.. 나도 다이스키해요 지젤아.. 진짜 개미침 ㅜ,9,2024-01-06T11:54:15Z
S4iRxpzaMGY,UgyNJKQ8Diwd5WUWuKx4AaABAg,@aeD4RK,*ジゼルのかわいらしさは、正直言って 10 点中 10 点です!* 🌛💯,189,2024-01-06T11:09:51Z
S4iRxpzaMGY,UgxcZtoBEkrwcWRIZdl4AaABAg,@R98zz,Giselle look like Winter here 😅,0,2026-05-23T07:14:57Z
S4iRxpzaMGY,UgzV30u6vqF331d9rbR4AaABAg,@aeD4RK,*GISELLE'S CUTNESS IS 10 OUTTA 10 HONESTLY!* 🌛💯🥰,471,2024-01-06T11:09:15Z
S4iRxpzaMGY,UgyadTl1VMDGQxzPjKt4AaABAg,@melonsoda_S2,아 진짜 왤케 예쁘냐;,163,2024-01-06T13:11:44Z
S4iRxpzaMGY,UgyHPhLxG_7PQgIfITV4AaABAg,@hy0ungx-g2y,私もたくさんのジゼルが大好きです。❤,42,2024-01-20T02:20:10Z
S4iRxpzaMGY,UgyJQgl2ja5dYYfvPb14AaABAg,@mandudimsum,이 여우땜에 나 씹덕 아니었는데 씹덕 되겠네 진짜.,6,2024-01-12T02:18:02Z
S4iRxpzaMGY,UgzH-B3PRMpL8Pn75mJ4AaABAg,@8iaaa,可愛いぃぃ,9,2024-02-29T14:26:42Z
S4iRxpzaMGY,Ugy8fJqoWU1y62-bHy54AaABAg,@DFFJW-397,아 그냥 너무 이쁘다,76,2024-03-03T02:42:25Z
S4iRxpzaMGY,UgwJy0NRv0fQxbvE_1J4AaABAg,@松岡篤生-w9h,🤔?……惚れるなよっ?💓……,7,2024-01-10T14:47:45Z
S4iRxpzaMGY,UgxmxslxXyohC4U_3lF4AaABAg,@큐티뽀짝닝쨩,아...대박너모이뻐❤❤,6,2024-02-01T08:09:39Z
S4iRxpzaMGY,Ugwt0wy_AyZhQroCkxJ4AaABAg,@MaRu-r8z,訳分からんくらい可愛い,159,2024-01-15T03:38:50Z
S4iRxpzaMGY,UgwGBXSD815LlhWxpaF4AaABAg,@user-ox9fh2vi1y,너무 이쁜거아니양ㅇ??😮😮,6,2024-01-13T02:28:46Z
S4iRxpzaMGY,Ugx9paG7MHkEfS9hVZh4AaABAg,@claudiiiaaaaa1568,あなたのとても美しいジゼル,3,2024-01-22T14:13:09Z
S4iRxpzaMGY,UgwkKKLKTEUtlRYo0Yd4AaABAg,@od9713,うわ！！！すごく！！！すごく良い！！！うわ！！！やばい！！！やばい！！！私も大好き！！！！！！！！,2,2024-01-06T17:33:35Z
S4iRxpzaMGY,UgzOhUGHM0Ggkm_29c94AaABAg,@ainurioputri973,Giselll membangunkan jiwa wibo woyyyy😭,4,2024-01-11T01:46:56Z
S4iRxpzaMGY,UgwF5ptrF5CAXbTjTi54AaABAg,@aeD4RK,"아름답다고 말하는 그 자신감 넘치는 눈빛, 사랑스럽다고 말하는 그 애틋한 미소, 그리고 결국엔 그 수줍음. 이 지젤은 우리의 사랑입니다! 🌙💕",199,2024-01-06T16:40:51Z
S4iRxpzaMGY,Ugxp4r1fnl6pn0zIhSp4AaABAg,@pokjif,she so pretty ❤❤😢❤❤❤,2,2024-01-06T17:10:33Z
S4iRxpzaMGY,UgwKualSt3im6TXlknd4AaABAg,@dayunx,애리언니 너무 이뻐요✨,30,2024-01-12T04:42:31Z
S4iRxpzaMGY,UgyCRjDVRWBAjLC3CxF4AaABAg,@俺のおかげで売れ行き好調な生,最高やな 100回は 見たね,3,2024-01-06T16:44:53Z
S4iRxpzaMGY,UgzbVxyFXDiJzFVfkCp4AaABAg,@ほあいとあすぱら,まっっっっっっじで可愛い普通に無言で５周しちゃった本当にジゼル楽曲での存在感好きすぎるしこの動画の破壊力ヤバい狂ってる,151,2024-01-08T17:45:05Z
S4iRxpzaMGY,Ugzf47CtbUJ6SM6MnW14AaABAg,@chrry_taeng_goo,지젤 너무이쁘당 🫶🖤토끼이빨 너무귀여웡 🖤🤍🫶,4,2024-01-09T13:29:01Z
S4iRxpzaMGY,UgxkE_jDYwzqThjZ6T54AaABAg,@imz00oo,지젤의 일본 영상>>>>>최고지 너무 예뻐,22,2024-01-07T18:01:33Z
S4iRxpzaMGY,Ugz0PayGffS1r2dFDFR4AaABAg,@OmalichaOkeyLifestyle,Giselle is definitely a Queen,1,2024-01-06T19:00:41Z
S4iRxpzaMGY,Ugxqoq9iwftNXkGkQIZ4AaABAg,@Giggly-12.39,"처음부터 얼굴 내밀어서








심장 떨어지는줄..❤",3,2024-01-15T13:14:27Z
0RZpdti3g98,UgyPT6dv4Jel9pjJMeh4AaABAg,@tyusoo_7k2,脚長！！？こんなにスタイルいい子初めて見た。。お顔も可愛すぎる🫢💖,793,2023-10-13T19:19:35Z
0RZpdti3g98,UgyTQXS_vSlaS5QAQbN4AaABAg,@そると-m6e,爪がギャルすぎてうちの推し最高なんだが？まじ脚長スタイルよすぎ、大好き最高,443,2023-09-07T10:53:07Z
0RZpdti3g98,UgxQji26pPrFTRWGPcR4AaABAg,@papapaapapapapppapa5633,최근에 본 지젤모습 중에 제일 예쁘다 ㅋㅋㅋㅋㅋ 도대체 얘한테 그동안 뭘 입힌거,8019,2023-09-07T10:17:22Z
0RZpdti3g98,Ugz8Wo8zgb3AuVwRR1R4AaABAg,@coovki,지젤한테 제일 잘 맞는 안무다 … 동작도 단순하고 긴 다리도 부각돼서 지금까지 본 것 중에서 제일 잘 춘 듯,7119,2023-09-17T16:13:13Z
0RZpdti3g98,UgxMpPjPk3zXi-EXwmd4AaABAg,@WoKpop.Official,Why are you so perfect Giselle?,1550,2024-06-06T19:02:04Z
0RZpdti3g98,UgyqwTkrgANuwA0WLe54AaABAg,@와아-j7o,지젤의 시대가 와버렸어 너무 행복해,6204,2023-09-04T04:25:36Z
0RZpdti3g98,UgytHgn7hxRcZ5mqVFB4AaABAg,@2uxha,와 지젤 갈수록 너무너무 이뻐진다ㅠㅠ,2699,2023-09-09T12:26:36Z
0RZpdti3g98,UgxyNVdFh8XXAi5vsV94AaABAg,@냥냥-r9r,이때 지젤 존나이븜 지금도 레전드지만,91,2024-06-01T00:35:00Z
0RZpdti3g98,UgzuzXbmsCeP6EbN4bF4AaABAg,@user_e860,지젤 진짜 고급스럽게 이쁘다....,1438,2023-09-15T07:54:24Z
0RZpdti3g98,UgzVPJbwdAEcC_ip48d4AaABAg,@beme8177,지젤 진짜 예쁘다...얼굴부터 몸매까지 핫걸.. 미쳤다...,113,2023-09-27T23:34:55Z
0RZpdti3g98,UgxZNf-D_Y-NDzK_OlR4AaABAg,@user-L55j21,하씨 요즘 애리 미모 미쳤다고,553,2023-09-03T12:21:43Z
0RZpdti3g98,UgzaDu2sFrsJNBowMCt4AaABAg,@loni149,비율 저게 말이되냐...진짜 바비인형인듯요ㅠㅠ,3864,2023-09-07T14:41:39Z
0RZpdti3g98,Ugw1eYnPGJE5y7AC_Nh4AaABAg,@病み病みちゃん-q1l,えりちゃん足が長過ぎる！！！最高！！！,54,2023-09-11T07:48:43Z
0RZpdti3g98,UgxFWODyFR74elYJCXN4AaABAg,@user-lw1lh5wz3y,まじで腰の位置が！すごい！！女神,650,2023-09-17T00:50:22Z
0RZpdti3g98,UgwfLqoREMyPUdOmGcJ4AaABAg,@銀杏-z5b,"ん？脚...どこまであるの！？ってなる😂
まじでスタイルが神だよ",466,2023-09-11T00:02:28Z
0RZpdti3g98,UgyBfXjFzCOeCqMc33t4AaABAg,@ようか-n3l,まじでジゼル美しい！！足の長さがアニメなんよ…,1830,2023-09-03T13:18:05Z
0RZpdti3g98,UgwEu2hXQJLoUBaXC7B4AaABAg,@ちゅん-e7f,ジゼルはアニメから出てきたレベルの脚の長さすぎません？？？かわよ,2218,2023-09-04T11:53:20Z
0RZpdti3g98,UgziO1EpF2m-kMXESWR4AaABAg,@BaronofBlades,Better things to do - like watching Giselle!,144,2024-05-27T20:10:38Z
0RZpdti3g98,UgwuiUzJLLA2XZR0qUh4AaABAg,@다원-r1j,지젤님 이번에  너무 예뻐요 ㅎㅎ 찰떡 공주님 꽃길 떡상길 걸어요 예쁜거만 보고 듣기 😊😊,177,2023-09-20T10:22:50Z
0RZpdti3g98,Ugw8U6vs6Lt1CeE47rh4AaABAg,@しゃけ-w5o,短くて腰の位置が分かりやすい短パンに高いヒールは脚の長さが際立ってめっちゃ良いやん,54,2024-03-20T12:03:03Z
0RZpdti3g98,UgwchxoeZQBADv_BSut4AaABAg,@aeD4RK,*_All agree GIGI herself is the Better Thing this ERA!!!_* 💫,3990,2023-09-03T12:03:44Z
0RZpdti3g98,UgxcmlXwl8NSWeqbbyV4AaABAg,@masu2007,足永さん今回のビジュ爆発してて大好き！！！！,1133,2023-09-03T12:15:20Z
0RZpdti3g98,Ugwwk3IB4Mm_ct1iN0l4AaABAg,@aeD4RK,"*_GISELLE is that rapper who can dance, sing and got main visual quality. SHE IS AN ALL ROUNDER!_* 💫",3868,2023-09-03T12:08:27Z
0RZpdti3g98,Ugz5gumB-zgaROFDNG94AaABAg,@ささみ-n8y,足なっっがwそして最高に可愛い,19,2023-09-10T10:48:02Z
0RZpdti3g98,UgzEkTLb3TCMduPGXHJ4AaABAg,@holy_3040,진짜 예쁘다,34,2024-03-08T21:55:35Z
0RZpdti3g98,UgwXtmjxogxIC_uiu-Z4AaABAg,@withme2711,지젤이 진짜 이쁘다 ❤,74,2023-09-09T04:37:52Z
0RZpdti3g98,UgwiuQD5BQfv5HkdGJd4AaABAg,@coppyeeisbest,지젤 폼 미쳤다.....♡♡♡♡♡♡♡,20,2023-09-08T23:01:35Z
0RZpdti3g98,UgzucNTr_-G7gezcBO54AaABAg,@moon1204-p3n,"ジゼルって足が長いだけじゃなく胴が短いのよね。
そしてこのビジュ最高！",51,2023-09-10T13:34:56Z
0RZpdti3g98,UgwaxbxJsdBLeECp18V4AaABAg,@Rain-11167,このダンスのジゼルちゃんなんか見ててクセになるから何回も見ちゃう…！指の長さと足の長さがよくわかるダンスの振り付け！！,178,2023-09-15T13:17:31Z
0RZpdti3g98,Ugw2vN_zFtsfk82i-wR4AaABAg,@mrsksen.,우리의 지젤은 아름다운 그림 ❤️,36,2023-09-03T12:58:37Z
ZMEDjjdPQio,UgwWDREOjNpJ6gXI8ed4AaABAg,@alalal-00O,첨에 가까이서 얼굴 살짝 틀었을 때 윈터인줄,63,2025-10-21T17:58:41Z
ZMEDjjdPQio,Ugw2HiuUvs6Wp3tdQ8p4AaABAg,@SitiPoniastuti,"Giselle is so beautiful, her visuals are no joke ♡ my bias ♡",59,2025-09-14T01:42:57Z
ZMEDjjdPQio,Ugw68Vl371raRQKs3l14AaABAg,@leejk04,지젤 정말 왜이리 예쁨 정말 너무 예쁘다😭❤️❤️,152,2025-09-08T10:44:18Z
ZMEDjjdPQio,UgzYO-OFCpTSco9g1gV4AaABAg,@ppdttr,kurang panjang sell minimal sejam😭😭😭 LUCU BANGET RAMBUT KEPANG😍,13,2025-09-08T11:04:35Z
ZMEDjjdPQio,UgyNesSvI_CYE4EBbh94AaABAg,@이은재-m5v,지젤 So cute ❤❤❤,12,2025-09-08T13:14:26Z
ZMEDjjdPQio,UgybEgY-oyfDOtDpH1J4AaABAg,@HaVaniuAnhSangAZA,Giselle looks beautiful with soft makeup tones,10,2025-09-10T12:21:38Z
ZMEDjjdPQio,Ugw4ahmuFeSp-HZiIkJ4AaABAg,@Jammybells,"I stan the underated members, Giselle and Ningning",0,2025-09-09T13:48:36Z
ZMEDjjdPQio,Ugw-y2IFt0VfnbugSvV4AaABAg,@犬-z3m3x,えりが宇宙で一番綺麗だ,0,2025-09-08T12:56:17Z
ZMEDjjdPQio,UgzfQmA-KkjMp3Blg7h4AaABAg,@Tala_Branderhorst,Giselle is beautiful 😍,8,2025-09-11T02:26:49Z
ZMEDjjdPQio,Ugxb9SWRY5thTV8Q7vh4AaABAg,@HunnyBear480,Giselle is cool💙,14,2025-09-08T12:14:18Z
ZMEDjjdPQio,UgxfqBgtFYeD5xVmZM14AaABAg,@하면된다-n3f,아니 눈썹 넘 잘어울려 진짜 완벽 헤메코 ....,681,2025-09-08T12:15:46Z
ZMEDjjdPQio,UgycshkVW58o46FSinl4AaABAg,@GeminiGuy-z7m,Giselle pretty 😍 😘❤,6,2025-09-08T11:56:46Z
ZMEDjjdPQio,Ugw5VOvLjIf7fIFH3mR4AaABAg,@aeD4RK,It's need to be studied how GISELLE GETS PRETTIER EACH COMEBACK! 😍,529,2025-09-08T12:19:57Z
ZMEDjjdPQio,UgzyuJr0pMDZZFBJRvN4AaABAg,@우끼기-r1s,지젤은 큐티 프리티 다 갖고 잇네 ❤❤❤❤,12,2025-09-09T10:23:10Z
ZMEDjjdPQio,Ugxw2O3N_tBbs6vv3Nl4AaABAg,@Riddle_0824,すんごい衣装なのに似合ってるって😂,2,2025-09-08T11:13:38Z
ZMEDjjdPQio,UgxcdoZsCd2DuzgUGPl4AaABAg,@얌벼리루,메이크업 진짜 미.쳤.다...키츠 사랑해요,26,2025-09-15T06:30:51Z
ZMEDjjdPQio,UgzuEPIT7LzxnaZCkCZ4AaABAg,@G_Yomi,아니 진심 지젤이 진짜 많이 이뻐졌다,8,2025-09-13T08:33:47Z
ZMEDjjdPQio,UgwzFhu6WEarwMYHiyJ4AaABAg,@Mary-l2h8f,GISELLE THIS SHOULD BE ILLEGAL!!! YOUR SO PRETTY !!! ❤❤❤,13,2025-09-08T21:00:45Z
ZMEDjjdPQio,UgzzMHa3Vg645Gwx5dl4AaABAg,@jfejeran2570,Damn she looks so so pretty here,57,2025-09-08T18:10:37Z
ZMEDjjdPQio,UgwcwC90DlnzOF4f__F4AaABAg,@khalisaanurfitriiee,Giselle 🩷,9,2025-09-08T10:01:30Z
ZMEDjjdPQio,UgyE8duKYAXn_2h2WJ94AaABAg,@이혜진_주효린-h6m6i,눈밑에 뭐야 귀여워❤,19,2025-09-08T10:02:49Z
ZMEDjjdPQio,Ugx8RPKYFlOko-qJBRB4AaABAg,@Zundamoti1112,"えりちゃん三つ編み似合いすぎ！✨
笑顔可愛い！❤",164,2025-09-09T02:34:19Z
ZMEDjjdPQio,UgyYw492UYGQCoIiOzN4AaABAg,@파이어스나,리치핫걸 지젤❤❤❤❤❤❤,16,2025-09-08T11:50:13Z
ZMEDjjdPQio,UgywjNzncjJBZXAYtBN4AaABAg,@Etherealfoxyy,GISELLE serving as usual,2,2025-09-08T11:02:58Z
ZMEDjjdPQio,UgzSJjVkWDzYYLItfHR4AaABAg,@fourleqfcloverssৎ,This style suits Giselle a lot !! ✨💕,0,2025-09-08T16:52:02Z
ZMEDjjdPQio,UgyQv3N9hzZIORmk6pt4AaABAg,@서히-l6v,이쁘다💗,22,2025-09-08T10:01:33Z
ZMEDjjdPQio,UgyWCVsrNcQLc0gEBvd4AaABAg,@aeri_ddori,"おさげ似合う🥰
ネクレベ期思い出して懐かしい！",14,2025-09-08T15:10:14Z
ZMEDjjdPQio,UgzCYJ5m71tim6tslhV4AaABAg,@ホー太郎ファン,ゴツイプロテクターもジゼルが着ると可愛く見える❤,22,2025-09-08T10:03:16Z
ZMEDjjdPQio,Ugwjs42WnGx2w8GA0O14AaABAg,@y.uxn3,지젤이 넘모 이쁘당 ❤,0,2026-04-17T11:35:56Z
ZMEDjjdPQio,Ugwhnw1CXJSJ7iacTa14AaABAg,@schlend4,We need more braided hairstyles for Giselle ❤,2,2025-09-12T11:45:28Z
6V2VoIW6g_E,Ugy7Cy-VL8RV7I5iicV4AaABAg,@햄부기니워니,"워낙 카리나 윈터 투탑체제라서 그렇지,, 닝닝 지젤도 진짜 이쁘고 매력있음",527,2024-07-25T10:46:41Z
6V2VoIW6g_E,UgzW1DrAjy7QxNFZfR54AaABAg,@kkobi_kkobi,각자 포텐 돌아가면서 터지는거지,48,2024-07-29T01:52:13Z
6V2VoIW6g_E,UgzbO6HBTtJf02NrnDB4AaABAg,@westzero.,지젤력 미친다,33,2024-08-03T07:10:48Z
6V2VoIW6g_E,UgxunsNn-RwSGmJ1Q8d4AaABAg,@무궁이-y4p,"원래 장난 아니었음
다른 멤버들이 워낙 화려해서
눈에 덜 띄었던것 뿐",112,2024-07-22T06:34:11Z
6V2VoIW6g_E,UgxOEJOjbtgQi0q_Atl4AaABAg,@South_KOR,지젤 얘는 보니까 뭐하나 헤메 찰떡 걸리면 장난 아니던데.  ㄷㄷ,7,2024-09-05T12:59:14Z
6V2VoIW6g_E,Ugzml7cyUbpI_2UK04p4AaABAg,@355-1idh2,보이는 성격도 젤 괜찮은 거 같음 컨셉 과하지 않고,88,2024-07-22T14:38:55Z
6V2VoIW6g_E,UgzIu0cGjNhSbGNkoHh4AaABAg,@김마린-t5c,지젤님은 원래 장난이녔음 내 원핏...,6,2024-08-23T14:13:11Z
6V2VoIW6g_E,Ugz5BmRq8M-wduhHEad4AaABAg,@개나소나스나,지젤 점점 미친거 같음..역시 스앰 사람볼줄 안다구웃,97,2024-07-26T10:27:01Z
6V2VoIW6g_E,UgyyEQOZpi_qdAIiqVN4AaABAg,@안유나라,지젤이 초능력자나 특수요원으로 나오는 영화나 드라마 나왔으면 좋겠다,7,2024-08-05T16:41:39Z
6V2VoIW6g_E,UgwXvpc_o-HJlaHHGYZ4AaABAg,@AWTOP-f4q,난 원래 지젤 원픽이었음 ㅎㅎㅎㅎ자랑스럽다 에리짱,4,2024-08-20T11:01:23Z
6V2VoIW6g_E,UgyYA4xlMViGenItRj94AaABAg,@장자민-w1i,"울지젤이 헤어스타일 넘잘어울려~❤
너무치인다~사랑해!!매력쟁이",40,2024-07-21T04:26:25Z
6V2VoIW6g_E,UgwL92jxg3_SDUDKVKZ4AaABAg,@오혜인-z2e,개인적으로 좋아하는st임 거기다 똑똑해보여서 더좋아,5,2024-08-27T14:12:41Z
6V2VoIW6g_E,UgyKVyicjmNxstwMZn54AaABAg,@JackieAhn2000,"지젤이 너무 예뻐요.
첫눈에 반했습니다",13,2024-08-12T23:34:34Z
6V2VoIW6g_E,UgwWig_jV4XkFKOeURZ4AaABAg,@부먹찍먹-q3o,"에스파에서 육감 담당...
일단 돈많은 여자라서 좋음 헤헷",5,2024-08-14T08:47:45Z
6V2VoIW6g_E,UgyIxa8ZWwk19UF20zF4AaABAg,@cmmonnn,어제자 뿌까애리가 진짜 레전드였음..,8,2024-07-31T06:20:23Z
6V2VoIW6g_E,Ugyb8O9Y029sTZLoKLB4AaABAg,@맃프-b6r,진짜 이쁘다 ..,7,2024-08-14T10:47:02Z
6V2VoIW6g_E,UgxIvWi4vEdKPgwjahV4AaABAg,@시온14,지젤 진짜 매력 넘침 지젤만의 분위기가 있음,1,2025-05-06T23:16:23Z
6V2VoIW6g_E,Ugyp2il_6FTTEuTunhp4AaABAg,@canseemeu1899,ㅘ 지젤보소,5,2024-08-08T19:35:20Z
6V2VoIW6g_E,UgwBWZ5a5s6eN4doSGR4AaABAg,@잔다Zzz,몸매까지 다 합치면 에스파에서 지젤이 원탑 아닌가?,3,2024-08-22T10:21:09Z
6V2VoIW6g_E,UgyXHizywSstrdWvNIR4AaABAg,@시은-t2r,남들 카리나 윈터 외칠때 난 처음부터 지젤이었다.,3,2024-08-13T18:07:44Z
6V2VoIW6g_E,Ugxe80aSzK4mF6G93Zl4AaABAg,@모올러,어쩜 저 그룹은 모든 멤버가 다 개성 있게 예쁠 수가 있지 ㄷㄷ,8,2024-08-05T15:41:55Z
6V2VoIW6g_E,UgwGFDBD5rlmlsmDU2V4AaABAg,@새대갈-r6g,귀엽고 카리스마있지!,2,2024-09-05T01:39:54Z
6V2VoIW6g_E,UgzmVt2OAimFlm2MqDt4AaABAg,@darkmoon451,Giselle is só pretty,7,2024-07-29T14:44:42Z
6V2VoIW6g_E,UgzFTmao8ScYKxOyTyB4AaABAg,@빙쿠이,장난 맞음,2,2024-08-27T13:24:29Z
6V2VoIW6g_E,UgxpaQ6EQ4PNQi3XcSp4AaABAg,@nuruhafira,개인적으로 글래머러스한 몸매에서는 지젤이 원탑,3,2024-08-12T06:36:47Z
6V2VoIW6g_E,Ugx6BSSdMBwL8cEM2i94AaABAg,@User-defined974,비율볼륨은 지젤이 최고라고 생각함,12,2024-08-08T11:04:20Z
6V2VoIW6g_E,UgzddhHni2UVIV6Hygl4AaABAg,@most-x5y,지젤 갑자기 엄청 매력적이게 보이네...원래 저렇게 컸었나...?,7,2024-08-05T14:16:29Z
6V2VoIW6g_E,Ugy-LamxfFhvPCQz0oZ4AaABAg,@지따지-u6t,존나 이쁨,1,2024-08-27T10:23:05Z
6V2VoIW6g_E,UgxdZWp8Q1Sh1nN-RAR4AaABAg,@Nekorbmi,Aeri so beautiful.  All of æspa are so beautiful.,5,2024-07-26T00:21:59Z
6V2VoIW6g_E,Ugz1dWKjPJHzbWP0kUx4AaABAg,@축구을너무사랑한사람,지젤 한테 반했다..❤,0,2025-04-22T10:27:45Z
JpSTm2ifbhs,UgwvfwjPGKj1gEJE2l94AaABAg,@blinks-ot,Our Giselle looks stunning ✨️🤎🖤🤎🖤,359,2025-07-03T06:32:06Z
JpSTm2ifbhs,UgxIzzliszfmQeIXL1p4AaABAg,@diana_j,"GISELLE ATE US WITH THAT WHOLE HAIR AND OUTFIT

Edit: thanks MY for agreeing. Love Gigi!",1579,2025-07-02T17:27:27Z
JpSTm2ifbhs,Ugw2oVpMCP-fwlYNJSl4AaABAg,@fourleqfcloverssৎ,Winter and Giselle look gorgeous in these outfits ✨❤️‍🔥,796,2025-07-02T16:41:39Z
JpSTm2ifbhs,UgzE6Yi-FBoo0aotJkt4AaABAg,@Qsxwdc-1,윈터 진짜 너무 귀엽다,47,2025-07-02T12:06:20Z
JpSTm2ifbhs,UgxjxJTKg309M5o9NjR4AaABAg,@키킥-m5f,지젤 어깨랑 허리라인이 너무 예쁜듯,1891,2025-07-03T01:14:39Z
JpSTm2ifbhs,Ugyqgob-wToGbEOwJdF4AaABAg,@짜짬몽,지젤 상체 미~쳤다 와 나도 나도 저렇게 나도..나도..!,943,2025-07-02T13:14:54Z
JpSTm2ifbhs,UgzF3FiZk7YJrKnFyDl4AaABAg,@ilhamzakaria7168,gisell mode baju renang gacor wak🔥🗿,18,2025-07-02T12:24:53Z
JpSTm2ifbhs,UgxaB70r-g8Fv6ir6UR4AaABAg,@m_o____r_e4084,Giselle ❤ Winter ❤,37,2025-07-02T12:00:50Z
JpSTm2ifbhs,UgwC71P1sM9ZoYkI_Ut4AaABAg,@spenceroh,김민정이 춤출때는 귀여움 넘치다가 애리찬이랑 같이 출때 핫걸력 미쳤다.... 거부기즈 미모합도 그렇고 약간 미소지을때 치인다 진짜🌙⭐️,39,2025-07-02T12:02:09Z
JpSTm2ifbhs,UgzX3YQ9jWvH0WK9w0B4AaABAg,@ParkJunHa0321,지젤 히야...🥰,90,2025-07-02T13:30:22Z
JpSTm2ifbhs,Ugy1T8NVqZc26FPH0xZ4AaABAg,@like_giselle,와 지젤 옷 진짜 미쳐부러..너무 이쁘자나!!!,898,2025-07-02T12:02:59Z
JpSTm2ifbhs,Ugz7GCULi-smsk1-9vh4AaABAg,@누리꾼-e9y,지젤 몸매 뭐임 진짜 워너비다,7,2025-07-10T00:16:05Z
JpSTm2ifbhs,UgyCrOOfrzIhUOAsFZt4AaABAg,@HunnyBear480,Winter and Giselle is enchanting💖,16,2025-07-04T09:54:22Z
JpSTm2ifbhs,Ugy-ZluYiYLrOkQXrNN4AaABAg,@kmj_Winter,WINTER SO PRETTY ❤,53,2025-07-02T12:02:34Z
JpSTm2ifbhs,UgxEIoLnmlxlNOnM5nN4AaABAg,@winter_loves_ot7ers,THESE DUO IS OWNING THIS ERA,15,2025-07-02T12:34:03Z
JpSTm2ifbhs,UgyODQnBcGjV4LfYQ5J4AaABAg,@김정딱,아 너무 예쁨ㅠㅠ너네가 최고야,44,2025-07-02T13:27:41Z
JpSTm2ifbhs,UgzwdCLFLLU-l5mtAY94AaABAg,@jisha_MY,Winselle look gorgeous!!❤❤❤,9,2025-07-02T19:04:29Z
JpSTm2ifbhs,UgyblLX7esI-9aZN2i94AaABAg,@you_t_pia,えりちゃんの服確かにまあまあ露出凄いけど、似合いすぎててコメント見るまで全く違和感を抱かなかった,49,2025-07-05T10:53:39Z
JpSTm2ifbhs,Ugxc80KyYPisGzt4QcZ4AaABAg,@VanillaDevilRabbit,ジゼルちゃん全盛期の皆が憧れてたギャル感があってめちゃくちゃ恋した,57,2025-07-05T02:10:28Z
JpSTm2ifbhs,Ugw6DRGEQhY_4Dt65xN4AaABAg,@MyaeisEsther,WIN-SELLE looking stunning!,195,2025-07-02T14:37:55Z
JpSTm2ifbhs,UgyV_iZaAueBSDqYh314AaABAg,@vanblunade,WINSELLE!!❤,30,2025-07-02T12:03:35Z
JpSTm2ifbhs,UgyEarh4ggpsKiVgPmx4AaABAg,@sizuemon,ジゼル〜衣装がセクシー過ぎるよ〜🫣🫣🫣,5,2025-07-06T13:34:41Z
JpSTm2ifbhs,UgyEi3QGR8qhXwmIJ_B4AaABAg,@잉아잇_09,지젤 눈나;;❤,25,2025-07-03T04:46:43Z
JpSTm2ifbhs,Ugw3yigYysaeaAKz0k94AaABAg,@kongnew-i3b,와 지젤 저 착장 지금까지 본 것 중에 제일 예쁘다,6,2025-07-02T12:34:21Z
JpSTm2ifbhs,UgwUk0WVyB0EWWZ2Ufl4AaABAg,@핸드크림바르세요,보통 다리가 길면 허리는 통자가 많은데 지젤은 다리도 긴데 허리도 잘록해서 너무 예쁘다,43,2025-07-04T12:15:27Z
JpSTm2ifbhs,UgyqcHbSz5vf0WMKSHZ4AaABAg,@theinwinnunglong4290,Giselle body shape was just amazing,122,2025-07-03T09:19:13Z
JpSTm2ifbhs,Ugyw_Rhcny6-N7bzG9p4AaABAg,@ŽêŘĕňâ-o9w,"Winter owns dirty work❤.
I love gigi❤❤",6,2025-07-02T20:01:51Z
JpSTm2ifbhs,UgzU2vWAcwsAuT4tXtp4AaABAg,@ZainabJutt-z3c,Gigi looking fineeee 🥰❤️‍🔥,5,2025-08-16T12:43:41Z
JpSTm2ifbhs,UgyPh4rGG5k9j1hTfKB4AaABAg,@jiwoo0914,저런 옷을 입고도 뱃살이 안보이는 지젤…갓벽하다,4,2025-07-06T02:32:09Z
JpSTm2ifbhs,Ugy1szaXakts_lUik2x4AaABAg,@saku__46,"ああああ、最高すぎる🥰
えりちゃん可愛いよ🥹
ウィンターのダンスも好きだし、
2人とも好き🫶🫶",78,2025-07-02T13:25:34Z
yHcWuoy9X0g,UgzYQjA_gm8pgjD22Xx4AaABAg,@쿠우웅2,지젤 저 호피상의랑 여우꼬리 단 게 진짜 너무너무 잘 어울림.. 언니모먼트,5186,2025-08-20T11:50:51Z
yHcWuoy9X0g,UgyJ9gbK1JHltXlB5KF4AaABAg,@웅재-c7y,와 진짜 미쳤다 선 안넘고 최대치로 이뻐질수 있을때까지 업그레이드 계속 시켜주네 ㄷㄷ 이집 잘한다 진짜,1986,2025-08-17T22:25:14Z
yHcWuoy9X0g,Ugw8Xf2wrDIfUnuMxKt4AaABAg,@aeD4RK,지젤과 카리나는 둘 다 너무 예뻐요... 날이 갈수록 더 예뻐지는 것 같아요,2238,2025-08-16T21:01:31Z
yHcWuoy9X0g,UgyEe9V4mb7IVXhdwrF4AaABAg,@mylifeisamessbutimok,"와 이건 지젤이다 진심 노래랑 깔이 너무 잘맞음 그 특유의 쑥쓰러운데 리듬 타는 느낌 + 은근 쿨미녀 바이브 뿜뿜하면서 나 꼬시는거 진심 개설렘 그니까 본론을 말하자면 언니그냥날가져요제발

님들아 카리나는 뭐만 하면 예쁘다고 해줬잖아 원래는 에스파 보면 카리나 미모만 찬양하니까 이번에는 지젤이 너무 예쁘네 한거 가지고 난리네",2288,2025-08-26T15:32:04Z
yHcWuoy9X0g,UgwdM28FKS27WBVcHO14AaABAg,@itpop3766,이야..살다살다 지젤한테 눈이 먼저 가는 날이 오네 지젤 많이 컸다,2955,2025-08-17T13:18:32Z
yHcWuoy9X0g,UgxXHpI7RVWWDdqd9pd4AaABAg,@Sranrea,지젤 존예..,40,2025-08-23T06:39:05Z
yHcWuoy9X0g,UgwRdRJEeNDDDP1dP5x4AaABAg,@밍콩-u7d,이 챌린지는 진짜 지젤리나가 살렸다 .. 다른 걸 봐도 결국 여기로 돌아오게 되네 하 진짜 미녀들 미쳐,163,2025-09-01T14:18:24Z
yHcWuoy9X0g,UgwZKMNlV4vfyWARjDJ4AaABAg,@oono-c6l,지젤 왜이렇게 이뻐짐?,2127,2025-08-15T14:24:39Z
yHcWuoy9X0g,UgzKbMRNyfkdiKziqA14AaABAg,@230번,지젤도 개이쁘네 여우마냥 사람 홀리는 뭔가가 있는듯 내눈엔 여우 꼬리까지 보인다 ㄷㄷㄷ,16,2025-09-03T11:35:24Z
yHcWuoy9X0g,Ugy6wew7F2b-VLaIF394AaABAg,@ellamayo.,지젤 최고❤,26,2025-08-22T14:00:14Z
yHcWuoy9X0g,Ugx9yQ95MVPQzNAZ37h4AaABAg,@violet_army7,Giselle is so pretty and karina is so adorable,23,2025-08-12T15:20:29Z
yHcWuoy9X0g,UgywC6CeG9R6ud3E0G14AaABAg,@에이나사랑녀0905,지젤 왤캐 이쁘냐고...,534,2025-08-22T07:37:39Z
yHcWuoy9X0g,UgynZTnN7j4clhV1cKl4AaABAg,@오징어땅콩-m7y,지젤 이쁘다,9,2025-08-23T12:19:02Z
yHcWuoy9X0g,UgzngwVkzSPffZ29As94AaABAg,@itsninzi,Giselle our queen is serving🎉🎉🎉🎉🎉🔥,218,2025-08-22T09:47:50Z
yHcWuoy9X0g,Ugx4sVFuozYgu73ooj94AaABAg,@LJW-t1f,카리나 멤버별로 숏츠 찍네❤❤❤❤,31,2025-08-10T14:32:07Z
yHcWuoy9X0g,UgzwmZupCVzwn9l5qM14AaABAg,@hellosy,"카리나 넌 뭘해도 이쁘니깐
할때 진짜 이쁨 ❤❤
아이돌에 빠져드는게 이런거구나..💗💗",20,2025-08-24T08:17:03Z
yHcWuoy9X0g,UgyBH59Tg35YxCdWkF14AaABAg,@이쵸-0703,지젤 사랑행❤,16,2025-09-02T07:48:29Z
yHcWuoy9X0g,UgxFt6e0PV3b-fzpHn14AaABAg,@앱떠_LOVE,이영상 지젤 진짜 예쁘네,6,2025-08-27T15:10:45Z
yHcWuoy9X0g,UgzzTynEqqyK_SSmFXN4AaABAg,@쭈으니-h2h-123,지민이 멤버 3명이랑 쇼츠 올출석하는 거 왤케 기특하냨ㅋㅋㅋㅋㅋ 귀여워,12,2025-08-10T14:19:58Z
yHcWuoy9X0g,UgzrApMbv0QeZYwlzPN4AaABAg,@pupumj,지젤 왜이리 이뻐?,671,2025-08-15T03:29:00Z
yHcWuoy9X0g,UgwH6HK3GjPjej5bH3J4AaABAg,@pinkie_rosyblink6,Mommies of aespa🖤,24,2025-08-10T13:58:41Z
yHcWuoy9X0g,Ugw2WaP-mO9vAc3Qvtl4AaABAg,@뽀얀_뽀링,지젤 여우꼬리 머야❤❤❤❤넘넘 커여어 ㅜㅜ❤❤❤❤,9,2025-10-05T12:19:42Z
yHcWuoy9X0g,Ugy-Y1mmpYDuVH1W43d4AaABAg,@qxxxxxxxxxxxx,このえりちゃん可愛いすぎんだけど,7,2025-09-07T00:48:43Z
yHcWuoy9X0g,UgyAifjFfdDkZUvvzQl4AaABAg,@癒してなんぼLABO,えりちゃんまた可愛くなってる,9,2025-09-12T09:52:57Z
yHcWuoy9X0g,UgzQGwLBMgE_TV8aTbJ4AaABAg,@shy4440,지젤 요즘 리즈다,5,2025-08-22T16:56:29Z
yHcWuoy9X0g,UgxuSNUIl6xCBhWwLjJ4AaABAg,@user-chypiuy2,아니 이거 지젤 미쳤다 미모 표정까지 너무 취저다 .. 어떡함,9,2025-08-18T12:00:28Z
yHcWuoy9X0g,Ugy8FuFqRtnp461XINt4AaABAg,@Rih5555,"지젤 진짜 너무 이쁘다
계속 예뻐지냐..",8,2025-09-09T23:37:48Z
yHcWuoy9X0g,Ugy86FEfivrgphH09Pl4AaABAg,@m__.3n1,지젤진짜 귀여워…🩷🫶🏻,7,2025-10-11T08:56:22Z
yHcWuoy9X0g,UgzEn2QY3pnSst5fmsV4AaABAg,@빵이랑언니야,지젤이 넘모 이뿌딩ㅎㅎ❤❤,16,2025-08-27T14:35:08Z
yHcWuoy9X0g,UgxMv1MFDM2WepiHZ7l4AaABAg,@Ace_rakish,카리나랑 지젤인데 이 영상 만큼은 진짜 카리나 안보이네...지젤 개 이쁘네....허....,4,2025-10-09T18:43:46Z
sCgCJput490,UgxaNbezMmvRLi7yurl4AaABAg,@aeD4RK,THE FACE OF THE WINTER IS 💀🗿,14951,2025-05-14T13:46:58Z
sCgCJput490,Ugwywt063EFxSoCJRwJ4AaABAg,@Sweetheart_princess,"Karina and Giselle:💃🏻💃🏻🎤
Winter: 👁️👄👁️",1363,2025-05-10T08:00:31Z
sCgCJput490,Ugz4W7-NUt-zkt34neh4AaABAg,@justagirlwholikes_kpop,"Karina: 😍😁


Giselle: 😍😄


Winter: 🕴🏻🕴🏻🕴🏻🕴🏻",206,2025-05-18T13:13:53Z
sCgCJput490,UgxBzdWBt7nKQQjQOeh4AaABAg,@aeD4RK,"WINTER'S FACE HERE IS 🗿❤ Not WINTER STARING STRAIGHT INTO OUR SOUL and complaining ""Unnies are not taking me to play"" Ha Ha Ha",11254,2025-05-10T17:23:26Z
sCgCJput490,Ugxvcd12COFWt1Vzx5N4AaABAg,@kk-zo9zb,뒤에 멤버들 표정 ㅋㅋㅋㅋ🤣🤣🤣🤣,1776,2025-05-10T08:32:09Z
sCgCJput490,UgwpcUF7zTGoFxWLxyN4AaABAg,@TGKArc,I bet Ningning is off eating the ice cream.,172,2025-05-17T16:52:05Z
sCgCJput490,UgwH9jWBvaNeLpwoZVl4AaABAg,@cathena_with_you,The face of winter😂❤,2966,2025-05-12T20:34:16Z
sCgCJput490,UgyxmvGTJmbKdh4a6vF4AaABAg,@kg-or3ou,"ㅋㅋㅋ 윈터 표정 ㅋㅋ 
둘이 뭐하냐는 표정 ㅋㅋ",32,2025-05-10T09:17:40Z
sCgCJput490,UgwshIcRySBmnLw9lq94AaABAg,@K-popflair,"Seungmin in the Buliding❌️
Winter in the Building✔️",102,2025-05-28T23:14:34Z
sCgCJput490,UgxAGNkSrUpsE4462J54AaABAg,@ARMY-ボラへ,ウィンターがずっとこっち見てるの可愛すぎる🤭,2639,2025-05-10T23:23:25Z
sCgCJput490,Ugz5k_GI0i_oqfPG5Et4AaABAg,@다후이-f1e,카리나지젤 개이쁘다🫶🫶,66,2025-05-10T04:21:54Z
sCgCJput490,UgznHlICjDUeDQQJn414AaABAg,@MariamElrafik-h2f,Winter❤❤😂😂😂😂,0,2026-07-07T06:59:59Z
sCgCJput490,UgxDFknGdZnG1-Zk2KV4AaABAg,@aeD4RK,Why is WINTER standing there like FROZEN ICE??? Her face is very lore accurate of her name here lol!,1191,2025-05-10T11:40:33Z
sCgCJput490,UgyYM-OiDhXHv8u327V4AaABAg,@aeD4RK,WINTER BEING THE EXTRA standing behind in the frame who steals all attention.... SHE IS SO UNSERIOUS AS ALWAYS LOL!,1966,2025-05-10T08:01:29Z
sCgCJput490,Ugwv1GxYCMSH1F9EK2Z4AaABAg,@amyg268,"Winter’s performance was emotional and almost brought me to tears, bravo!",382,2025-06-06T17:24:02Z
sCgCJput490,Ugz_9RiEIsAbangFdgZ4AaABAg,@아무래도-x5u,지젤 개이쁨 크리스탈 느낌이 유독 더 나는 거 같음ㅜ,25,2025-05-10T18:58:34Z
sCgCJput490,Ugy8AWzYGJgmGWyTVaJ4AaABAg,@No.1nandesu,何よりも、このwinterが好き,2276,2025-05-10T17:30:31Z
sCgCJput490,UgwGP10ouhCb_TCNsLt4AaABAg,@kaori.mcgpag,最初のえりちゃんの「ﾊｰｲ！」のこぢんまりしたポーズが本当にツボ😂😂何あの小ささ😂😂😂❤,830,2025-05-19T14:49:08Z
sCgCJput490,UgyVCyjzddndrsiyq3Z4AaABAg,@VARRA24,"The expression of Karina🤣
The way Giselle says: Haii!🎀
The face of winter: Unnieee!! Let me play",719,2025-05-16T09:41:41Z
sCgCJput490,UgxISWMmlM4hLvVka_p4AaABAg,@설릱먕,윈터 빼꼼하게 쳐다보는거 너무 카와이 하자나😂😂,1481,2025-05-12T05:47:18Z
sCgCJput490,UgwvKZMaCuDcA2fU3p54AaABAg,@RaymaiqbalSuraya,Is like Winter is about to cry😂,9,2026-04-14T11:50:50Z
sCgCJput490,UgwnR1CDC80y3NadkWx4AaABAg,@theophilus1981,Karina and Giselle giving a great performance. Meanwhile Winter just chilling in the background is so funny😂😂😂,373,2025-05-10T12:18:57Z
sCgCJput490,UgwZajOhGOGoyYnvjX94AaABAg,@tonetonic2013,Winter being Winter.🥰,121,2025-05-10T12:34:30Z
sCgCJput490,UgzywJDv-n718RLL9ud4AaABAg,@むい-r8x,ウィンター😂😂,3,2026-06-04T06:55:19Z
sCgCJput490,UgzteHCRPdo30J75nER4AaABAg,@핑크아트우먼,지젤 완전 여신이다❤,19,2025-05-10T14:21:38Z
sCgCJput490,UgwuYGmvz_KOoOY0r5N4AaABAg,@enrin8299,winter😂立ち位置完璧👍,12,2025-05-10T11:07:48Z
sCgCJput490,UgztAgSdz2KriV9rSzV4AaABAg,@ryosukelovely1,Karina is so beautiful 🎉,15,2025-05-17T17:11:59Z
sCgCJput490,UgxUpH9FST_AlW5WYsd4AaABAg,@KimsooLuv,Winter our NPC😂,580,2025-05-15T13:11:27Z
sCgCJput490,UgzVd14H_5-1iDAefJR4AaABAg,@Cora0930,Not winter just staring into our souls 😂❤,11,2025-05-10T14:14:48Z
sCgCJput490,UgzdDHCHRX_D5H8ZIwB4AaABAg,@Justin117OuO,Winter ：🫪,1,2026-07-06T12:18:50Z
72ARETXlWqI,UgzTy7b920vEY_pk9fB4AaABAg,@aeD4RK,*LOOK AT THEM ROLLING & THEIR HIP WORK; Karina and Giselle are both incredible dancers!* 🤩🔥,1793,2023-12-11T10:26:28Z
72ARETXlWqI,Ugy8EOoID1RN30ZguJB4AaABAg,@aeD4RK,*GISELLE'S signature DOLPHIN SCREAM at the end is perfection!* 🐬🌙💯,1482,2023-12-11T11:05:21Z
72ARETXlWqI,UgyjDV6zrlTH6uOs5cN4AaABAg,@dokite5512,지젤 원래도 예뻤는데 점점더 미모 터짐...카리나는 걍 말해뭐해😅,26,2023-12-14T08:01:24Z
72ARETXlWqI,Ugx82d72l7gbzvyjQHR4AaABAg,@_Dramaaa,Giselleeee,35,2023-12-13T07:32:16Z
72ARETXlWqI,Ugw66ii_UP90xvv-9854AaABAg,@spenceroh,아우디즈는 진짜 최고의 조합에 축복이에요....😆 마지막에 꺄아아아 하는거까지 귀여워💙,458,2023-12-11T10:21:40Z
72ARETXlWqI,UgwSCVk6RzgyqJpB8rZ4AaABAg,@karina_bluu,Katarina 🩵💙,17,2024-02-21T00:58:11Z
72ARETXlWqI,UgyjoKmoEuSMdp9MOON4AaABAg,@siel6802,Karina that was insane😮,75,2023-12-13T03:03:50Z
72ARETXlWqI,Ugwz0TRZjJSxQCcoYeR4AaABAg,@stayinjeun,The way Giselle screams at the end 😂,231,2023-12-11T10:16:26Z
72ARETXlWqI,UgwXZgtsK0gKFtoNgB54AaABAg,@user-nj2kr3ko5l,카리나양 .... 바지 정보 좀 주고 가요 ....... 너무 예뻐 .....,27,2023-12-14T06:29:02Z
72ARETXlWqI,UgwLLe8PT10EKpjzuXl4AaABAg,@-ei6pi,Karina with any dance is really cool 😭🔥🔥,336,2023-12-11T10:22:08Z
72ARETXlWqI,UgwUY_vPjK6XOI0KyeF4AaABAg,@이야거참,와 지젤 미모보소 ㅋㅋㅋㅋㅋ 미쳤네 볼때마다 더 예뻐진다 진짜로..,51,2023-12-12T11:14:02Z
72ARETXlWqI,UgwUndlKItYU1h5jKuB4AaABAg,@boss_babyi,"Look at those rolling and hip moves, karina is a main dancer for a reason",283,2023-12-11T16:09:43Z
72ARETXlWqI,UgxP_ObthIaqsgDro2J4AaABAg,@_Dramaaa,Karinaaaa,24,2023-12-13T07:32:21Z
72ARETXlWqI,UgyaPHUzVKzvKcYZjeF4AaABAg,@caaaty-0_0,El baile de Karina >>>>>,7,2023-12-15T02:00:58Z
72ARETXlWqI,Ugy_MFPkw_sHriEtNYJ4AaABAg,@KwaziNokwazi,Giselle is sO hOt 🔥😩💕,7,2023-12-11T13:14:08Z
72ARETXlWqI,UgzPgKsHAxJUNijIQg14AaABAg,@tayektamut,karina you are so cool❤,47,2023-12-13T02:04:31Z
72ARETXlWqI,Ugzs5H5nHWUFW5bUuix4AaABAg,@Narochka_Koroleva,Giselle my love❤❤❤❤😊,27,2023-12-11T16:30:08Z
72ARETXlWqI,UgyHKzPye5AJSHlhhRd4AaABAg,@柳智敏-e3v,karina,10,2023-12-11T16:05:17Z
72ARETXlWqI,Ugzfei53hS5-OkA4ydB4AaABAg,@aeD4RK,"*_THE FLIRTING OF AUDIZ togather is absolutely stealing hearts like we are done MYS, we are in love for life!_* 🥰",522,2023-12-11T10:19:37Z
72ARETXlWqI,UgyLM5vblrAqaTd2B_F4AaABAg,@sea.n_h1005,아우디즈 너무 좋지ㅜㅜㅜ❤❤,10,2024-01-13T01:17:24Z
72ARETXlWqI,UgzGTG61vtao22qOHbx4AaABAg,@checcellover,Waduhhh pelan pelannn mbak Gisel mba karin,9,2023-12-11T13:39:02Z
72ARETXlWqI,UgwGHuYlwxbEocM6Lyd4AaABAg,@karina_bluu,"Karina 13,8M followers 🤘🏻",4,2024-04-01T23:16:43Z
72ARETXlWqI,UgyGEKZzxlEh5HtSWMB4AaABAg,@yulhee5,OMG OMG ADUDUDUUUU😭😭❤️‍🔥🔥,7,2023-12-11T14:56:54Z
72ARETXlWqI,Ugz2P_cpkb0YacsrkAV4AaABAg,@skrrrupthere,Giselle here sssosososooooo prettyyyyyyy,0,2024-03-26T08:11:28Z
72ARETXlWqI,UgwVZFkOoX6MH6Ch8mJ4AaABAg,@lllinebraker0,지젤 고급지다.,5,2023-12-18T01:56:42Z
72ARETXlWqI,UgwxmFdVEeed5rlaxTx4AaABAg,@yanimorial7588,NOT THE DOLPHIN SCREAM😂,6,2024-02-06T02:59:15Z
72ARETXlWqI,UgyZWJwWXBHQoj-Zttl4AaABAg,@aminasabri3446,Karina dance is amazing ❤,65,2023-12-14T15:36:27Z
72ARETXlWqI,UgyAjZB8hPeni3soaOd4AaABAg,@هندالشهري-ف5ت,Why every time Giselle screams at the end of the Video the sound of the dolphin reminds me of Chenlo😂😂😂😂,6,2023-12-17T17:27:22Z
72ARETXlWqI,UgyVhz0IsIovA_uwWmR4AaABAg,@karina_bluu,Karina🤩❤️‍🔥🌟,3,2024-03-08T01:19:41Z
72ARETXlWqI,UgzNtfbGMNLUrhp93jB4AaABAg,@silvia91193,"I love Giselle.
I love aespa.",70,2023-12-11T19:34:38Z
3sVcd59DVDY,UgwUYlpB4PaDcwchajt4AaABAg,@레이나-c4p,진짜 뭐하는 짓거리인지 모르겠다,1625,2025-10-17T06:49:31Z
3sVcd59DVDY,UgzdVjGrHZUSYIauxqt4AaABAg,@飛鶴天流葉,"졸음이 아니라 술 개쳐먹고
꽐라된거잖아!!!
쉴드 칠걸 쳐야지
저게 어디 졸음으로 눈꺼풀 풀린
눈동자나...",1336,2025-10-18T05:07:21Z
3sVcd59DVDY,UgzO667oc5S_dbZpNJ94AaABAg,@후하-x4q,지젤 얘는 참 인생편하겠다 집에 돈도 많아 한국에서 논란 일으키면 외국인이라 잘몰랐다 외국에서 논란일으키면 한국에서 연습생생활해서 몰랐다 ㅋㅋㅋㅋㅋ 너무 부럽네,1005,2025-10-17T07:36:55Z
3sVcd59DVDY,UgxgoR1AR1a1foZK2zJ4AaABAg,@아니-m3d,피곤x 술취해 비틀비틀,33,2025-10-19T07:01:14Z
3sVcd59DVDY,UgwEXrHaSoCyB5DsBdB4AaABAg,@_danPung,지젤만 따와서 그렇지.. 지젤 휘청이기 전에 소주 한 병 넘게 마신다던 카리나도 몸 흔들렸음 그냥 동료가 휘청이니까 도와줬을 뿐 둘 다 똑같다,491,2025-10-19T07:52:06Z
3sVcd59DVDY,Ugzl7yPME_PWP4vNeTp4AaABAg,@bebe._.0305-p9e,누가봐도 취한모습인데 ㅋㅋㅋㅋ쉴드를 ㅋㅋㅋㅋ,68,2025-10-19T15:17:23Z
3sVcd59DVDY,Ugz7wyVupi00svJy-c94AaABAg,@91_bass,에스파 틈나면 논란 터지더니 이번에는 또 어떻게 넘어갈지 궁금하네,41,2025-10-21T06:48:28Z
3sVcd59DVDY,UgwzlEJrn4-U6FKj8Rh4AaABAg,@NJZBNZOT5,눈이 풀렸는데...? 이게 졸린거라니 좀 그만 돌려까,59,2025-10-18T21:33:27Z
3sVcd59DVDY,UgyRL5X_p_7kpNtNIjN4AaABAg,@Dhsvxbuuwsd,진짜 존나 깬다,102,2025-10-19T13:49:00Z
3sVcd59DVDY,UgwbEhHxj0z2EGCMdmB4AaABAg,@Min-Lee-b8p,술을 많이 먹어서 중심을 못잡는거같은데,8,2025-10-22T03:13:58Z
3sVcd59DVDY,Ugx-Gqcw0-IDwLZO_a14AaABAg,@hongjuseo6639,ㅋㅋㅋㅋㅋ 에스파 그래서 리치맨은 찾았냐,155,2025-10-20T06:29:54Z
3sVcd59DVDY,Ugw_oq26MCfpYdAHxER4AaABAg,@happento3726,졸음을버티지못해..ㅋㅋㅋㅋㅋㅋㅋㅋ 개웃기네,98,2025-10-20T08:56:53Z
3sVcd59DVDY,UgyaBVceUT3PBttLlPR4AaABAg,@어쩔어쩔래,졸음 ㅇㅈㄹ ㅋㅋㅋㅋㅋㅋㅋㅋ,6,2025-10-21T15:13:35Z
3sVcd59DVDY,UgxfNGwfkLbm4x8twCV4AaABAg,@ouo..o3o,"지젤 다이어트 빡세게 했구나,, 팔 진짜 얇네",47,2025-10-17T07:31:56Z
3sVcd59DVDY,UgwqHn6s0Q3HVG9unpF4AaABAg,@sysy_t1p,취젤,11,2025-10-18T18:40:45Z
3sVcd59DVDY,UgzIMrM8c8TDnGazXNJ4AaABAg,@도독-u8h,우왕 완존 천박,34,2025-10-20T11:28:47Z
3sVcd59DVDY,UgzMSsl6ylwJH4gq6jd4AaABAg,@LovelyAmy87,"유방암 환우들을 초대해서 암 투병후기를 발표하며 경건하게 진행하는 행사가 아니라, 개그로든 노래 춤 어떤분야든 엔터터이너적 요소로 큰수입을 창출해내는이들을 초대하여 기금마련만이 목적이라면, 술을 두잔마시든 흐르는음악에 그루브를 타보던 누구에게도 비판받을 이유는 없다. 헛점을 물어뜯는 본성을 가진 소수의 댓글에 아 그런가?나쁜일을햇나? 라고 선동될 필요도 없구.",4,2025-10-20T08:42:12Z
3sVcd59DVDY,UgzSTx1sHe0xNmPgiN14AaABAg,@gaerask2907,확실히 저기 참석함 연예인이 몇 명인데 에스파만 유독 영상이 많이 만들어지고 욕이 많이 달리긴 하네 ㅋㅋㅋ 지젤이 비틀거린게 결정적인가,7,2025-10-21T07:46:36Z
3sVcd59DVDY,Ugy_fxhoq5XyVflfo-t4AaABAg,@user-vf1tt3dk3n,에스파 이미지 완전 나락갔네..,181,2025-10-19T10:38:34Z
3sVcd59DVDY,Ugy8IQC3GxLhom6hBCp4AaABAg,@나무-j6c,독일인은 화약을 발명했다. 정말 놀라운 일이다. 그러나 그들은 다시 그 업적을 지워버렸다—그들은 신문을 발명했던 것이다.,6,2025-10-17T13:10:04Z
3sVcd59DVDY,UgwpMdtPFuQcVSpznm14AaABAg,@설링y2,에스파도 사람인데 뭐하나걸리면 뭐라고하고 악플러들은 지가하면 더악플 만이달릴거면서 외자꾸 죄없는 연에인 욕하지??,2,2026-01-27T11:07:30Z
3sVcd59DVDY,Ugz-xNLmpQzjp1cCNYd4AaABAg,@skawnd7977,여기서 알게된건 아일릿의 진가라는거다 . 이런  선배들보다 더 개념있고 라이브잘하는 개념돌이다,18,2025-10-19T16:49:31Z
3sVcd59DVDY,UgwQM3NTxe4ian3m4E94AaABAg,@klatflat-tj4wh,참고로 앞에 장원영이 취한 장면은 패션위크 에프터파티에 처음 참석한 날로 그날따라 술 도수가 높았다고 함,10,2025-10-23T16:54:35Z
3sVcd59DVDY,UgxNcvk-Mubhje_Wqj14AaABAg,@ddldldlkdkdk,"슈퍼노바 흥행한 이유가 뱅씨의 에스파밟자는 발언으로 대중들이 에스파 한테 관심이 많이 쏠림 + 기존 아이돌들이 하지 않는 뚜렷한 에스파의 색 이여서 반응이 더 좋았던 건데 ㅠ,,,, 이제는 대중들이 쉽게 1등 하는 아이돌 보다 1등의 간절함 + 라이브 및 실력 좋은 아이돌 들을  선호 하다 보니 ㅎ,,,,,,,, 비호감 이다 처음 말 들릴 때부터 좀 더 신중한 모습들이랑 실력으로 보여줬다면 이렇게 까지 나빠지진 않았을텐데 안타깝다 에스파  어느순간 인식이 ,, ㅠ",2,2025-10-23T02:44:37Z
3sVcd59DVDY,Ugxrm4E5JrzwlC5NqVl4AaABAg,@vzy4p,에스파는 진짜 대선때부터 비호감 스탯 많이 쌓네,86,2025-10-19T05:37:33Z
3sVcd59DVDY,UgxLWuw55-UJ-ZaYPvN4AaABAg,@kbj창,지젤 약한거 같노 ㅋㅋㅋㅋ,5,2025-10-18T15:20:47Z
3sVcd59DVDY,UgzKwPid6Wef7UtNb0t4AaABAg,@Stillgreen1778,악플러들 이때싶 보소~ 😂,1,2025-10-26T12:43:26Z
3sVcd59DVDY,UgyX3iApQdeeGUhEb-14AaABAg,@sunnygka,아 싼티난다 진짴ㅋㅋㅋ,45,2025-10-21T06:40:54Z
3sVcd59DVDY,Ugx47j0j3hPK5Hf9ytJ4AaABAg,@park2178,성형 자연스럽게 잘 댔네 진작하지 그랬냐 잘 어울려,130,2025-10-17T04:08:36Z
3sVcd59DVDY,Ugx0-8_c16VLdWLhReZ4AaABAg,@puyviinmmk,"행사 진행 한 주최자측은 욕안하고 연예인 까기 바쁘네 
지금까지 저 행사가 올해만 한것도 아니라던데
범죄도 아니고  행사 자체가 저런건데 저기서 뭘더 어케해야됨? 
공식 인터뷰 진행도 없고 와달라해서 간거고 와서 즐겨주세요 하니
파티 즐긴거고 적당히 조롱해라 
취지와 의도를 쟤들이 모르겠냐 알고 갔겠지 
아쉬운 행동은 맞는데 그렇다고 이렇게 욕먹을일인가 
박재범 노래로 욕허던데 그럼 암환자는 뭐 슬픈노래만 듣냐 
각자 다들 좋아하는 노래 들으면서 이겨내겠지",11,2025-10-19T11:10:45Z
kzWHQSVxd_4,Ugy2FyjQ9u-QGrePfT14AaABAg,@루나-f4m,원래 예쁜데 더 예뻐지네,384,2025-06-14T18:23:21Z
kzWHQSVxd_4,UgyL64omvxsHP1B9nB14AaABAg,@윤쁘리,쌍수가 아니라 원판이 이쁘네....,286,2024-07-24T08:15:11Z
kzWHQSVxd_4,UgyTpEjaHDw6vYcqgqt4AaABAg,@여신마님,한게훨씬나은데 억까 개오지네,405,2025-09-21T07:02:37Z
kzWHQSVxd_4,UgwJo2Qipe83ZoT-Ua54AaABAg,@달다곰,원래 눈이 깨끗 단아하고 눈이 작지도 않고 좋았는데,22,2026-03-08T14:11:46Z
kzWHQSVxd_4,UgzefLGZfsQnK_00IWB4AaABAg,@변우석-o3x,개예쁘다..원래도 예쁜데…후가미쳣네..,11,2025-10-14T13:18:24Z
kzWHQSVxd_4,UgzdcUKaEDYLgd1_C4N4AaABAg,@도른마무,쌍수 전이 난데 내눈이 이상한건가?;,10,2025-12-16T07:24:09Z
kzWHQSVxd_4,Ugzk2DAMOqD0TjpkxzN4AaABAg,@millionaire-h5o,살성이  신이 내렸네요   당일도 멍이 없네요 😅😅😅😅,14,2025-07-04T15:32:55Z
kzWHQSVxd_4,UgzUJmZ_zPScZulFBpx4AaABAg,@minimi-e7l,여기 댓글은 여자는 쌍수후 남자는 쌍수전 눈을 좋아하는듯,8,2026-02-13T18:39:00Z
kzWHQSVxd_4,UgwILuOm-QXMYFXGbj94AaABAg,@sssjjkk-g4c,수술전도 매력있고 이쁘네,26,2025-06-23T05:19:26Z
kzWHQSVxd_4,UgzS4nHJMGz_xDzEKrt4AaABAg,@전은경-d1q,안했을때 수지느낌 있는데~~,7,2025-12-31T01:28:25Z
kzWHQSVxd_4,Ugz6xQIhEzyCYStnRbx4AaABAg,@Jahqikwkqdj,와진짜 잘됏다,35,2024-07-25T02:03:30Z
kzWHQSVxd_4,UgwXUmwN4Ho4CukE_BB4AaABAg,@하늘-i9p9k,"요즘은  진짜  본인꺼처럼  자연스럽구나
대단함",3,2026-01-11T22:35:53Z
kzWHQSVxd_4,UgyLcGYpfkY_V7K3Js14AaABAg,@슈가슈가-s7e,원래 이쁜얼굴,26,2025-12-14T07:33:35Z
kzWHQSVxd_4,Ugxbvqj_BwpI2USTxKR4AaABAg,@이연-h8v2j,원래 눈이 귀한눈인데 흔한 눈이 되셨네,36,2025-12-09T11:38:03Z
kzWHQSVxd_4,UgyHmbwH0GJzR-Wtf7Z4AaABAg,@rey45mey,근데 전도 예쁨,38,2025-04-23T18:31:44Z
kzWHQSVxd_4,UgweRCd0C1ZH1ZK-zqd4AaABAg,@씻으면원빈-p7q,본판이좋은데..뭘더바랄까싶다,33,2024-07-26T01:05:34Z
kzWHQSVxd_4,Ugy9mAfuHKGeNW3oEhZ4AaABAg,@클레이-u2k,넘 이쁘다~,1,2025-08-11T17:53:45Z
kzWHQSVxd_4,Ugxe4ZV_ag1m0Ypd75t4AaABAg,@TO-ON-s7o,한달 사진 보니깐  수술한지 모르겠네요 ^^ 예뻐요,1,2025-08-25T03:31:52Z
kzWHQSVxd_4,UgzbpmKhMcgxX6vHrhJ4AaABAg,@JN-pf8rf,수술전이 매력있는 눈,11,2025-12-18T03:58:58Z
kzWHQSVxd_4,Ugx00JtE_fSgs28DAnp4AaABAg,@별빛달빛-p9z,성공했네! 예쁘다,0,2026-06-02T10:55:13Z
kzWHQSVxd_4,UgzAuVxKcbdWZTT6AaF4AaABAg,@madeyoul00king,원래 이쁜눈이라 몰해도 이쁘네요,0,2026-02-16T22:47:33Z
kzWHQSVxd_4,UgxapSihg9qIZuqcrop4AaABAg,@하늘-r9m5z,"원래도 이빴고 더 이뻐졌네
잘한듯",0,2026-02-22T11:49:35Z
kzWHQSVxd_4,UgwseXg6g4DsqTKL8GF4AaABAg,@imsso2,수지눈 ->흔한 양산형눈,0,2026-06-28T14:13:09Z
kzWHQSVxd_4,UgwgKbsFu5nSM0TgG-R4AaABAg,@breath6072,1년 지나면 거의 속쌍되겠다,2,2025-09-30T16:13:29Z
kzWHQSVxd_4,UgzrJ2KlTftJqYqWDOJ4AaABAg,@user-vs5jt3sh7x,왕 진짜 넘 예쁘게 됐네요!!! 자연유착으로 할라믄 눈가 처짐이나 탄력도 어느정도 받쳐줘야 한대서ㅠ 이번에 수술전에 호박즙으로 붓기 최대한 빼구 쌍수전아이크림으로 탄력 최대한 올린담에 받앗네요 결과는 진짜 만족중입니다 원하던대로 나왓고 잘 풀릴거같지도 않아요 다들 하실거면 관리 조금만 하시고 받으시길!!,1,2026-04-29T02:29:48Z
kzWHQSVxd_4,UgwRd74R40bUT8xWuWN4AaABAg,@스마일-z2o,"원래 가~ 훨씬 낫다.. 
개인적으로~~🍏🦋",2,2026-03-24T03:47:37Z
kzWHQSVxd_4,Ugzm_rDk4lX0Sf5Mbmd4AaABAg,@user-nb7tc1ng4w,이쁘네욥 잘됨,0,2026-03-13T07:29:35Z
kzWHQSVxd_4,UgysyHJPY1I10ImdhEp4AaABAg,@CHJ2030,"쌍꺼풀의 미는 흔히 만들어 낼 수 있지만 홑거풀의 예쁜 눈은 하늘이 내려 줘야만 가질 수 있는 귀한 선물인데..
순금 주고 14k gold 얻었네",12,2025-11-12T13:40:02Z
kzWHQSVxd_4,Ugz0v_kYVHhuJ7nfBX94AaABAg,@toghfjeid,얼굴형도 사기야 이분은,0,2026-05-10T09:37:29Z
kzWHQSVxd_4,UgwM8vIUTFG7JyxtRoN4AaABAg,@우우-z1h1i,아몬드잘하네,0,2026-05-29T11:09:38Z
ZDo5w2uVjsQ,Ugy06MsBzhheRpt6kx14AaABAg,@woojun_08,웃는거봐라 사람 홀리네 진짜,10,2023-05-28T07:37:48Z
ZDo5w2uVjsQ,UgwD6DX5LcqefGe_vOB4AaABAg,@연경쓰-t8v,미모 수준 미쳤다.떠블경으로 본 저 머리 너무 예뻤는데ㅠㅠ,6,2023-06-08T13:34:20Z
ZDo5w2uVjsQ,UgxO0_pKnW6GlrLXs0B4AaABAg,@대박-q6j3p,"카메라잘좀잡으세요
위에서잡아주세요
그레야 이쁘얼굴보지유",2,2023-06-02T10:16:07Z
ZDo5w2uVjsQ,UgxBGXbdJ43jV82lWzl4AaABAg,@두리마루,카리나 보단 윈터가갑이지요❤,3,2023-06-10T18:13:30Z
ZDo5w2uVjsQ,UgzwDGOsCo1Pl_fcrnZ4AaABAg,@박영민-k4z,대학축제 처럼  기업체도 아이돌 불러서 직장인들 스트레스좀 풀어줘라 ㅋ,1,2023-06-13T12:12:36Z
ZDo5w2uVjsQ,UgzlV-ONHdWSTmdiPhF4AaABAg,@윤수한-q8c,"카리나도 춤추면서 방구뀐적 많겠지? 
아.. 살면서 방구가ㅈ부럽긴 또 첨이네..",0,2023-06-15T04:12:47Z
ZDo5w2uVjsQ,Ugzn3TkaAAw36W5zv3N4AaABAg,@정창희-x5l,겨털도 금색 같어,0,2023-06-14T09:54:58Z
ZDo5w2uVjsQ,Ugxq89wgCmqgclp1ApN4AaABAg,@담양오리집이나가자,뽕빼니까 별로 안크누,8,2023-06-12T03:51:22Z
52fRNORM_UY,UgxD3IxdITax5lDe-jJ4AaABAg,@스프링팜-d9s,너무 예쁘세요😃,1,2021-06-22T12:01:42Z
52fRNORM_UY,UgzK14ce_pCbO-dQD2Z4AaABAg,@이미영-n7y,당장 sm 진행시켜!!,0,2022-04-28T12:26:33Z
52fRNORM_UY,Ugy-I1sqkYHQHKwrrx14AaABAg,@하연-p5h,데뷔 가즈아..,1,2022-04-22T08:46:58Z
52fRNORM_UY,UgyEyFWEl9Q6ue7S2yt4AaABAg,@royalmilk245,인스타잇으신가요?!?,1,2022-01-12T09:37:12Z
5is4blY_tFg,UgygRsQ8E9TfxhJ-HpV4AaABAg,@오진우-j4w,2:16 훅샷 헤드까버리는 희수씨,52,2023-03-29T12:18:36Z
5is4blY_tFg,Ugy22z4awGulw-be1uF4AaABAg,@YMATK,0:39 무심코 던진 초구체에 안스 맞아 죽는다,12,2023-03-30T02:07:07Z
5is4blY_tFg,UgwOm-JBSE13DHbeyed4AaABAg,@user-cone,와 진짜 게임은 끝까지 모르는 거구나ㅋㅋㅋㅠㅠ 너무 잘 봤습니다☺️👍,74,2023-03-29T11:12:02Z
5is4blY_tFg,UgwUCuT-vFUVAz2bSlV4AaABAg,@progressssssss,5:52 이젠 놀라지도않는게 안스는 보면 엄청 많이쏴봐서 감으로  쏜다는 느낌이 굉장히 강함 에임서칭도 진짜 빠르긴하지만,38,2023-03-30T07:25:27Z
5is4blY_tFg,Ugxi8fO1il9qLCnp6WJ4AaABAg,@LoudLoudLoudLoud,"6:07 '휴 잡았.. 아 맞다 이거 안놀라면 핵의심받는다'

""겐지잡았... 우와오~~~@@$$!!""

ㅋㅋㅋㅋㅋㅋㅋ",3,2023-03-30T07:14:59Z
5is4blY_tFg,Ugxjt3NT1H6BcXIZcoJ4AaABAg,@npulistic,게임 수준 진짜 높네....,8,2023-03-29T14:59:55Z
5is4blY_tFg,Ugz34Ls59j4AP4rt-Od4AaABAg,@지오-g9x,편집 친절해서 너무 좋다!! 프로시점에서 어케 잡았지?하는거 친철히 설명해줘서 너무 좋아!,37,2023-03-30T03:53:35Z
5is4blY_tFg,UgzfA7SQ2HLL7OQjY4B4AaABAg,@svss-t2t,진짜 차분한 매력이 느껴져…너무 좋다 ..,9,2023-04-02T01:05:41Z
5is4blY_tFg,Ugy1gdHobH5KIODfWsF4AaABAg,@준-i4u,썸네일 댓글 싫어요 박은거 귀엽네 ㅋㅋㅋ,8,2023-03-29T12:12:56Z
5is4blY_tFg,UgwfX2mTT4FReGPv_bd4AaABAg,@아좀-u6s,아나님 이 영상 출입금진데ㅋㅋㅋㅋㅋㅋㅋㅋㅋㅋ근데 천상계들 영상볼때마다 죽었는데 힐탓안하고 바로 미안하다고 하는거 진짜 개신기함. 밑에선 상상도 못하는 일인데 저래서 천상계나 프로하나봄.어이없게 져도 화도 안내고 걍 웃고말아 모두가 그랬으면 좋겠다 겜하는데 개부담스러워서 안한지 2년됐음,292,2023-03-29T11:38:50Z
5is4blY_tFg,Ugw5s87lZupYL6vXaZJ4AaABAg,@na_mae,2:50 편집자도 옵치상식 진짜 수준급이다 ㄷㄷ 실버는 전혀 모르는 천상계 지식을 알려주시네,109,2023-03-29T13:12:22Z
5is4blY_tFg,UgzWWf6kWpJ11Ir7xNp4AaABAg,@aaasd7528,아나 죽음으로 이렇게 순식간에 무너지다니.. 역시 천상계는 다르다,6,2023-03-29T23:28:02Z
5is4blY_tFg,UgzcgqbFj1NRaYc4H2R4AaABAg,@루비-j9n,이거 고대로 단 한판만에 적용시킬수있는실력자 있으면 주둥아리나불거리는거 허락한다 그거아니면 나불거리지말자 ㅇㅇ,24,2023-03-29T11:07:44Z
5is4blY_tFg,Ugx-smghCcEqOsDCzNR4AaABAg,@aaaaaaaatom854,이런 분들은 걍 우리가 범접할수 없는 레벨 임,5,2023-03-29T12:21:56Z
5is4blY_tFg,UgzSuejeoVCAISS20jZ4AaABAg,@볼게너무많다.유튜브,"0:17
안스씨의 인지도 그리고 저 얼굴만 봐도
그냥 안스씨는 선택적 아싸(?)이시겠지...
마음만 먹으면 언제든지 인싸가 될수 있을지도?",3,2023-03-29T12:55:43Z
5is4blY_tFg,UgxA8Tp9HuzLlsHuTId4AaABAg,@이승조-h3n,진짜 1페이지엔 이유가 다잇네 저런 애매한각도에다 궁뿌리냐 ㅋㅋ,3,2023-03-29T16:25:49Z
5is4blY_tFg,UgyHhrObquFXazrt0al4AaABAg,@luluiuoouiuill,실력도 좋으신데 영상편집이 진짜 한몫하는듯.. 화면전환도 편집도 너무 깔끔해서 구독했습니다 ㅠ,2,2023-04-05T08:23:28Z
5is4blY_tFg,Ugyq5j0m5Mt257QxDf54AaABAg,@Loppy12,친구가 없대... ‘안쓰‘럽다,2,2023-03-29T12:09:39Z
5is4blY_tFg,UgxTT2EJw-g_rvQX0ZF4AaABAg,@imh3236,와 안스는 무고벤 당해도 인정....,1,2023-03-30T03:03:35Z
5is4blY_tFg,UgzllhX4KE3yfquGDFd4AaABAg,@흥분파동,와 평소에도 좋다고 생각했지만 오늘 편집 쥑이네 ❤,0,2023-03-29T14:29:28Z
5is4blY_tFg,UgzFZuvpVStdheX7YOl4AaABAg,@엄바리,아나차이가 좀 나긴한듯.. 경쟁에서 2천딜이면..힐만죽어라 했다기에도 상대아나랑 힐량차이도 많이안나고..😢,2,2023-08-31T17:32:37Z
5is4blY_tFg,UgzLS58UVr2cJCdSkF54AaABAg,@njy960,ㄹㅇ 변수가 소름끼치도록 무서운 판,1,2023-03-29T22:53:30Z
5is4blY_tFg,Ugwcx970-zrkDeojjA14AaABAg,@윤영표-z5b,마지막은 걍 뽕빨이네,0,2023-05-28T01:49:04Z
5is4blY_tFg,Ugwi8kFOifumJs7n8Ah4AaABAg,@qsxefv,안스 폼 미쳤다,0,2023-03-30T05:59:44Z
5is4blY_tFg,Ugyh3eqA9Zjg82pXBdV4AaABAg,@magica-p2,썸네일 개웃기네ㅋㅋㅋ 위도 와꾸,0,2023-07-24T12:48:12Z
5is4blY_tFg,Ugz-cWbTMoNncTpnDuB4AaABAg,@윤영표-z5b,"손직히  몸샷만 맞춘다면 몰라 
해드샷 맞추는게 말이 안되네",0,2023-05-28T01:47:00Z
5is4blY_tFg,UgyD6RKt7g87yFAHtwV4AaABAg,@heleneey,다들 천상계 듀오 하는데 우리 안스님은....,0,2023-03-29T22:08:38Z
5is4blY_tFg,Ugyg49Dn_0JxydC0NKR4AaABAg,@SPG37,역시 프로는 다르다...,0,2023-03-29T13:46:42Z
5is4blY_tFg,UgzXqPSNtuE1s-V56n54AaABAg,@etwa0409,존나 재밋겟다 그냥,0,2023-03-29T21:56:51Z
5is4blY_tFg,Ugy507LcNOyrSqEcQj54AaABAg,@주먹밥쿵야128,개잘항다,0,2023-07-29T17:19:58Z
P7dFHcHf0H8,UgxB96WTMI1orFYa_3h4AaABAg,@arenadike,"""약점이 없는 줄 알았는데 몸 속에 약이 있었다""  이건 진짜 명언이다.",7982,2022-02-20T18:28:48Z
P7dFHcHf0H8,UgzAohPUuNtL8BhgwRR4AaABAg,@minimrmr,발견당시 금지약물 2가지 이외에 추가로 2가지 더 검출됐다합니다. 농도도 높고요,115,2026-02-23T13:30:16Z
P7dFHcHf0H8,UgwYJHP2VjwXVn9eSGR4AaABAg,@필카-g8w,"이게 아직도 세계신으로 남아있는게 유머다 ㄹㅇ
도핑 적발된 판에 그전 기록 다 갱신해야되는 거 아닌가? 정정당당하게 노력해서 기록 세우고 포디움에 설 수 있었던 선수들 노력 기만하는 것 밖에 안됨",2971,2022-09-10T16:13:12Z
P7dFHcHf0H8,UgxXcPLgdJ251yyxpMd4AaABAg,@le-ui9tx,"도핑 걸리고도 당당히 공식 연습 나온 게 참.. 뭘까 싶다
저렇게 당당할 수가 있다는 게 신기하네..",6025,2022-02-12T03:11:03Z
P7dFHcHf0H8,UgwK2vFXBnsHszqA7fl4AaABAg,@냥냥냐냥냥냥,하진짜...천재 나타났다면서 그 호들갑을 떨더니 도핑?? 진짜 저 나라는 부끄러움을 모르나봐,91,2022-02-10T16:02:32Z
P7dFHcHf0H8,UgxLqNT9eoXkJ7BrjHN4AaABAg,@김주성-p8l,다시보니까 진짜 기괴하네.. 미성년 대상 신체실험을 생중계로 봤던거나 다름 없잖아..,434,2024-11-28T14:59:36Z
P7dFHcHf0H8,UgxJkDSfb6cmUaEcgjZ4AaABAg,@삐리뽀롱-b9c,지금껏 도핑쇼에 감탄했던거냐고 보면서 ㅈㄴ 쩐다고 생각했는데 걍 약에 쩔어서 경기했던 거임,1747,2022-02-10T08:11:08Z
P7dFHcHf0H8,UgzlpXQgdv_tZLh2sS54AaABAg,@pMqbWd,약 없이 뛴 진짜 실력을 보고 싶다,3013,2022-02-16T17:17:30Z
P7dFHcHf0H8,UgwKy3Xmzq8V0DoxP414AaABAg,@katy_j_7386,"도핑 검사 안해도, 도핑 여부 알 수 있음. 
발리예바 쇼트 끝내고, 숨이 안차. 
호흡 헐떡거리는 게 전혀 없음. 그것만 봐도 희한함.",967,2023-10-16T16:07:21Z
P7dFHcHf0H8,UgxOYupXWqfbpn1u5Wh4AaABAg,@hype_boyyy,"""마치 천국에 있는 느낌입니다""라는 표현은 도핑을 알고 저격한 글인가요",533,2022-02-10T05:52:02Z
P7dFHcHf0H8,UgzvGOrLw_LSu3z7ReF4AaABAg,@shiba_inu_black,발리예바 진짜 도핑인줄 누가 알았겠어. ㅋㅋㅋㅋ포지티브=양성 나오고 심장병약이라고 속이고 ㅋㅋㅋㅋ러시약 이새끼들은 양심이란게 있음? 애초에 심장병 환자가 쿼드 트악 팡팡 뛰는게 말이 됨?,1102,2022-02-09T16:40:52Z
P7dFHcHf0H8,UgzIc6Xoxfk0s06vG0R4AaABAg,@qwerty1215-i2y,요약 : 약쳐먹고도 점프 메커니즘 똥이다.,33,2022-07-29T13:46:24Z
P7dFHcHf0H8,UgyEo8PJ7RtTRZfe0Qd4AaABAg,@나나-e8q9x,'러시아'만 쿼드를 조금의 실수도 없이 타고 다니는데 도핑이 없을 거라 생각하며 찬양질 해댔던 거 너무 웃겼음 이 선수는 다르다며 김연아 선수를 후려치고 난리부르스라니 꼴사나워서 ㅋㅋ 그시절 보다 훨 좋은 장비며 시스템을 갖추면 뭐해 그래봤자 도핑 없으면 김연아 선수 못뛰어넘는 거 본인들도 인증한 꼴인데 아주 추하쥬?,278,2022-02-09T22:26:56Z
P7dFHcHf0H8,UgzeDTkkawfcz1UcLot4AaABAg,@naa-h3y,얼마전에 천상계네 어쩌네 천재만재하길래 봤는데 엥... 약물 어떡할 거임 또 그놈의 약물이야 06년생 선수까지 도핑이라니 역시 그 나라답다,833,2022-02-09T16:44:30Z
P7dFHcHf0H8,UgxdtsAXoRR7htP_aid4AaABAg,@잼잼민이-f3q,"인간의 예술의 극한까지 보여주고
나락 가버린...",40,2023-07-06T15:34:07Z
P7dFHcHf0H8,UgzIcnct6a2Nd6uJ7wB4AaABAg,@현기-u5h,"약물에 의존한다면,
아무리 경기장에서 열심히 뛰어도 금메달 도둑질하는 범죄행위일 뿐입니다.
발리예바 잘한다고 응원했더니 그동안 팬들을 속여왔구나.",52,2022-02-12T14:46:06Z
P7dFHcHf0H8,UgzoR_htXIeK2jh-1H14AaABAg,@seunga4116,"러시아는... 진짜... 원래 도핑 문제 있어서 자기 나라로 출전 못해서 ROC로 출전한 마당에 또 도핑... 소트니코바때 금메달 뺏은 것도 그렇고 진짜 할 말이 없게 만든다.
빙상연맹이든 올림픽위원회든 다 썩었어.",2144,2022-02-11T17:06:28Z
P7dFHcHf0H8,UgxICwejPD2SbzYytq14AaABAg,@ddddnoiii,개인적으로 발리예바 저 쇼트 프로그램 너무너무 좋아했음... 노래도 너무 예쁘고 의상도 예쁘고 안무도 진짜 너무 소름돋을정도로 아름답게 표현해내서 나비 보는줄알았음.... 근데 도핑이라는거 듣고 그냥 너무 안타까웠음......,560,2023-07-26T10:51:33Z
P7dFHcHf0H8,UgxW-xD4lIIdu9TW4eZ4AaABAg,@블랙홀-z4p,여성의 발달을 저지시키는 약물 복용 사건 .... 김연아가 얼마나 대단햇는지 다시 알게됨,182,2022-02-11T01:48:17Z
P7dFHcHf0H8,Ugw1CFv66Z7j1cXE9Rh4AaABAg,@아따맘마-f9d,소치때 김연아 선수 금메달이나 다시 내놔라. 러시아는 약물없이 선수 생활을 못하는 나라냐???? 소트니코바도 소변 샘플 훼손하더니 이게 무슨 올림픽이야ㅋㅋㅋㅋㅋㅋ,1638,2022-02-12T13:08:49Z
P7dFHcHf0H8,Ugy09EMG4n29r0jwPQ94AaABAg,@jung8679,진짜 이 선수 어릴 때 영상 보면 되게 재능 있었던듯 싶은데 왜 그랬을까요.. 안그랬어도 충분히 잘하는 선수가 될 수 있었을텐데,1015,2022-02-19T16:26:30Z
P7dFHcHf0H8,UgzO6Jkw-_CKw48-WRR4AaABAg,@tape2lov3r,발리예바의 도핑 사실은 진짜 감독들이 부끄러워해야한다..,493,2022-02-10T22:22:02Z
P7dFHcHf0H8,UgzG910j0uOoUD0ha8B4AaABAg,@power-eeee,도핑했어도 대단하다는 애들은 제정신인가 ㅋㅋ,331,2022-02-13T05:10:59Z
P7dFHcHf0H8,UgxHF2HjTSWmfY-Phhd4AaABAg,@봄-x8g5m,"도핑 때문에 발리예바 알게됐는데 도핑 모르고 봤으면 진짜 대박이다 싶었긴 했겠다..ㅋ 
이전에 알던사람들은 도핑 했다는거 알게됐음 충격 개 쩔었을 듯",77,2022-02-17T09:21:44Z
P7dFHcHf0H8,Ugxdt4M3RHNfWHT9XXZ4AaABAg,@bohemianwandering,그냥 칭찬만 하면되지 굳이 은퇴한 김연아 선수까지 끌어내서 깎아내리던 이 선수 팬들 지금은 어떨려나 결국은 약쟁이일뿐 아무리 뭘 잘하네 약 떠나서 잘하는 선수네 포장해봤자 도핑에 걸린 이상 약쟁이가 약빨 잘 받은 것 밖에 더 되나,620,2022-02-10T04:07:43Z
P7dFHcHf0H8,UgzndN9HCKZM_V9S5i54AaABAg,@user..237,김연아 후려치기하는 놈들중에 제정신인 사람이 없음,104,2022-02-10T11:11:29Z
P7dFHcHf0H8,UgxWuc1o7ymz_YlM9qN4AaABAg,@극우연구중,연아는 진짜 레전드구나...,254,2023-04-06T11:02:54Z
P7dFHcHf0H8,UgyS-v_BA3O2rGGCp1t4AaABAg,@_d_6647,"사실 저 약물 복용한 선수도 문제지만 애초어 국가 차원에서 어린 여자아이들한테 가혹한 훈련 시키고 약물 복용하라고 시킨 게 더 먼저 해결돼야 할 문제임
이건 기사에서 본건데 어떤 여자 핀란드 피겨선수가 생리는 안하는게 좋은거라고 배웠다함",400,2022-02-14T07:52:59Z
P7dFHcHf0H8,UgwWfeVSNCg4TtCAf014AaABAg,@user-zz8cq3mv6x,"약빨고 경기하고 한두번도 아니고 매 경기마다 그랬다는게 참 가관 
왜 얘가 그동안 경기할때마다 찬양 받았는지 이해가 안갔음
점프는 잘뛰는데, 연기가 진짜 별로라고 생각했는데, 역시나 ㅋㅋㅋ",43,2022-02-12T13:43:34Z
P7dFHcHf0H8,UgyqH0WQiEQRABwQWzF4AaABAg,@TV-op7em,"평생을 공들여서 운동하고 올림픽 한번 출전하겠다고
아등바등, 부상 딛고 다시 뛰고 울고 다시 뛰는 선수들이 있는데 도핑을 했다는 건 그들의 일 평생을 기만하는 건데.. 
세계인들은 도핑에 대해 지각을 갖고 
올림픽 만큼은 형평성을 갖고 치루는 축제가 되었으면 좋겠다.",115,2022-02-19T14:17:48Z
d_WjbW1GSFI,UgwYnNXs0FZtwnwwSxd4AaABAg,@catcat22-i2d,이번 공연은 못봤지만 다음에 기회가 된다면 꼭 보고 싶네요ㅠ,1,2018-01-01T13:20:01Z
d_WjbW1GSFI,UgwAqmjFfd-pBStdhiN4AaABAg,@파랑색-y2m,역시 발레는 마지막 인사할때가 멋있죠~~☆,1,2018-01-01T05:54:17Z
soo3vvqelqY,Ugwb92PuefJvv8DflsF4AaABAg,@굿-g9l,ㅋㅋㅋㅋㅋㅋㅋㅋ냉동이냐고,0,2021-08-11T13:39:43Z
soo3vvqelqY,UgxoKNLW2B2hU3aym7V4AaABAg,@zzzunii4060,Cute Samuel & Balotelli !,0,2021-08-11T17:13:27Z
WI_z8X8iIxA,UgxvVtx8pusdPglxIKh4AaABAg,@김식칼,진짜 오랜만이다 엠넷식 편집 ㅋㅋ 맞짱뜰거같지만 아무런 갈등도 없는 이 맛,2153,2025-12-19T11:53:07Z
WI_z8X8iIxA,Ugyjom1Liiw8I2lYZWF4AaABAg,@qwreyui,"2:05 걍 김하온은 1,2차 붙었다고 알려주네ㅋㅋㅋㅋㅋ",2215,2025-12-19T14:36:01Z
WI_z8X8iIxA,Ugw4LMI7vMvKr1Bdgxd4AaABAg,@user-human777,약간 쇼미12보다는 랩퍼블릭2 느낌나냐 ㅋㅋㅋㅋ,6276,2025-12-19T09:35:26Z
WI_z8X8iIxA,Ugy8mI2ztFU0wVjXJQh4AaABAg,@goingjay897,김하온 로우 레벨 ㅇㄹㄴ ㅋㅋㅋㅋㅋㅋㅋㅋ,27,2026-02-06T14:50:54Z
WI_z8X8iIxA,UgxaZrTRoUmBJIUtWwh4AaABAg,@Scamp252,0:10 옛날 슈스케감성인데ㅋㅋㅋㅋㅋㅋ,1655,2025-12-19T15:50:06Z
WI_z8X8iIxA,UgwelNCl5Jsl4H61kuV4AaABAg,@biked7134,0:23 일론머스크 진짜 나왔나보네..,1683,2025-12-19T09:54:29Z
WI_z8X8iIxA,UgwWu-EA9LEmCO4lkap4AaABAg,@idK-ye6ue,ㅋㅋㅋㅋ 어떻게 예고편이 10년 넘게 흘렀는데 똑같은 방식에 어그로성 옛날이랑 개똑같냐 ㅋㅋㅋ 개씹웃기네 이러고 또 쇼미 파이널에 대부분 노래들 발라드 느낌으로 낼 것 같으면 개추,653,2025-12-19T14:47:32Z
WI_z8X8iIxA,UgwOqcXIpZ7ZUMpnnL54AaABAg,@고막남친-melli,김하온 음원까진 프리패스네. 예고편에서 저리 이용당하는거 보면 ㅋㅋㅋ,1332,2025-12-19T11:53:35Z
WI_z8X8iIxA,UgwScJpaYnL1gWIXpJ14AaABAg,@reirennn,2026 is already here time to bring Eng Sub 😭🙏🏻,68,2025-12-20T18:14:54Z
WI_z8X8iIxA,Ugyz5jk-2Met7dZxb4t4AaABAg,@rosalynpacis1118,Zhongxing is hereee WHATTTT,12,2025-12-22T01:35:41Z
WI_z8X8iIxA,Ugwp-3zLERfQXaGQQql4AaABAg,@user-wechkb,0:21 ㅇㅏ니 뭐랭하맨이 왜 여기에 ㅋㅋㅋㅋ,1103,2025-12-19T09:51:03Z
WI_z8X8iIxA,Ugy0kGg8Ff-rEApQArF4AaABAg,@Wvwwww8191,0:40딱 봐도 지호지방시노,2131,2025-12-19T12:01:31Z
WI_z8X8iIxA,Ugz2mTV35SX8XgilmAN4AaABAg,@vega_virus,1:34 개 짜치네,1111,2025-12-19T13:00:18Z
WI_z8X8iIxA,UgxZhSB5IyXNQY8slRh4AaABAg,@baishali8232,"Rooting for my grl Milli, YoungPosse  Sunhye and Haon❤

Mnet, plz have mercy with your ridiculous trp trap on these favs😅",46,2025-12-20T12:27:23Z
WI_z8X8iIxA,Ugz4cRj5bI5OlGvD9sN4AaABAg,@lgtl5125,와 힙갤에서 자다가 깨워서 랩시킨다는거 스포 구란줄알았는데 진짜네 ㅋㅋㅋㅋㅋ,25,2025-12-22T04:13:48Z
WI_z8X8iIxA,UgxmemodPw9QbjyZcwF4AaABAg,@chamchi92841,랩퍼블릭때 산 침대 처리 못해서 다시쓰나?,785,2025-12-19T09:23:57Z
WI_z8X8iIxA,Ugx-Itlu5CL2RANTK4d4AaABAg,@theskyisgrayy_,"Omg HAON!!! They finally make a new season of SMTM, can’t waitttt",26,2025-12-20T16:11:53Z
WI_z8X8iIxA,UgyPnPdayzbdImg2jyd4AaABAg,@내밑에몬섕김,1:15 오 오선!!!!,421,2025-12-20T05:56:56Z
WI_z8X8iIxA,Ugz2B4YP--R3B7-OmOd4AaABAg,@성이름-g8r7u,나우아임영 오선 시발 존나 기대된다 이게 쇼미지 ㅋㅋㅋㅋ,29,2025-12-24T03:00:21Z
WI_z8X8iIxA,UgzobZVp5qnriW_i-IZ4AaABAg,@yonnh1662,아니 새로움이 아니라 일단은 잘하는걸 보고싶다고....,12,2025-12-22T12:27:33Z
WI_z8X8iIxA,UgzZHUm-NjqUbeBoNAd4AaABAg,@Happyvirus97-s,흑백요리사 기대되네요 빨리 다음화 나와줘 ㅠ,99,2025-12-19T15:42:57Z
WI_z8X8iIxA,UgxEHI47XGr_RnCId1h4AaABAg,@zawadimwamini7832,"All I know is I’m team Haon all the way. 
I have been manifesting Haon as winner of smtm for awhile, and here we are#teamhaon",80,2025-12-20T16:38:52Z
WI_z8X8iIxA,UgxPSeRB6tRpiylZx0x4AaABAg,@Skryyyy,딴건 모르겠고 음원미션은 대박날거같다,57,2025-12-19T09:45:04Z
WI_z8X8iIxA,Ugz5YOmTciJnYnkkGIZ4AaABAg,@nonono127-y5e,0:52 난 똑똑해 너무 똑똑해~,302,2025-12-20T06:44:17Z
WI_z8X8iIxA,UgwhiZvMdtsec_KLbV14AaABAg,@YuzuMoni7997,0:29 WOWW Is that MILLI 💪✨,26,2025-12-20T01:56:39Z
WI_z8X8iIxA,UgyRv9uTTKc1G6dgRy54AaABAg,@wmwntk,This SMTM12 seems like to have Rapp Public vibes especially that bedroom part,13,2025-12-19T15:17:56Z
WI_z8X8iIxA,Ugza7b07OITF5jsMv5l4AaABAg,@hye3on,1:15 오션!!!!,16,2025-12-25T06:36:30Z
WI_z8X8iIxA,Ugx95TKO8cr2NPdxbPJ4AaABAg,@고양이양말이,김하온 올패스인데 로우레벨 낚시 오지네ㅋㅋ,10,2026-01-30T00:01:03Z
WI_z8X8iIxA,UgzlFztHm2rIwHtWNNV4AaABAg,@licid_st,권오선이 나온다고????? 무조건 봐야겠다!!,11,2025-12-22T11:44:57Z
WI_z8X8iIxA,UgziF0kPi4f8V6CI4Th4AaABAg,@Need03,영상이 왜이렇게 5년전꺼 같냐 ㅋㅋㅋㅋ,20,2025-12-21T03:16:05Z
9dfBjKDkqJM,Ugz4TOW74oUAkYsZCYt4AaABAg,@mcgregorconer4970,"F1을 빼?말이돼? 세계 3대스포츠는 올림픽,F1,월드컵이야",4,2024-07-03T14:55:20Z
9dfBjKDkqJM,UgyrlG3S2VrkZqB0ELV4AaABAg,@전적-u3c,뚜르드프랑스는?,0,2024-07-30T12:16:57Z
INAhNjcQgGM,Ugy57OL50eSO4Ves9_V4AaABAg,@shsj7886,너무 감동적이었어요😂,2,2025-11-15T19:25:37Z
I8jGf3rOuPg,UgxL2TWpD0tWCGl2SvN4AaABAg,@이희영-h1o,와  멋져요 👍 부러워요❤,0,2025-12-01T15:30:19Z
BQPUv3TAEq0,UgwGU7xjdh6EKk2_JMV4AaABAg,@shsj7886,동화속 왕자 그자체❤❤❤,1,2025-11-17T06:49:38Z
BQPUv3TAEq0,UgzDr1fupz7MzO6jx8d4AaABAg,@1989crom-s7m,행복하다❤❤❤❤,1,2025-11-15T12:57:57Z
oee49yD61jk,UgxeeS_aRD8BfgGT1m14AaABAg,@이희영-h1o,우와  멋져유  ❤,1,2025-11-26T19:03:39Z
qzkZBUalN5A,UgxesyJcrV8pv6hyKml4AaABAg,@느는-m3b,이제 밈이 되겠네ㅋㅈㅋ,2,2022-07-25T09:52:40Z
qzkZBUalN5A,UgwUAVeL5u5i5iCC4it4AaABAg,@vxrzn,ㅠㅠㅠㅠ,1,2022-07-03T09:47:21Z
WvGn1t--0oM,UgyM59afVaRWX85kP3d4AaABAg,@yull-k9b,2:46초에 진짜 인어공주처럼 물에 반쯤 잠긴듯한 이 소리와 핫한 지젤의 춤선까지 갓벽.....ㄷㄷ,89,2025-04-13T16:45:08Z
WvGn1t--0oM,UgzJNbP7C50vXh3iuUx4AaABAg,@spenceroh,빨머 애리의 도파민 무대가 스모키하고 더 핫걸스타일 그자체였던듯....🔥 퍼포먼스도 완벽하고 빠져들게 만드는 매력이 미쳤음🙌🌙,209,2025-03-19T06:02:12Z
WvGn1t--0oM,UgzEskx0a-2KLN_0ytN4AaABAg,@VictorHugo-qh3sk,Oh redselle pinkselle and orangeselle are going down in the history books,91,2025-04-15T00:48:58Z
WvGn1t--0oM,UgwabS_WZBWdbnScozh4AaABAg,@hellonkitty,2:30 이렇게 핫한 인어공주 처음 봄,149,2025-03-19T12:57:11Z
WvGn1t--0oM,UgzMAzwxwF_6qDTx2Qp4AaABAg,@MinCho-b5z,도파민은 약간 파랑느낌이여서 핫핑크머리가 잘 안어올릴것 같았는데 생각보다 잘 어올려서 놀람... 역시 핫걸애리❤,35,2025-03-20T01:41:11Z
WvGn1t--0oM,UgzPsGujSpkpeK3waDF4AaABAg,@qdth08,"Yow that transition 2:33 was so smooth 🤯
Thank you Flow nim",27,2025-03-25T15:59:55Z
WvGn1t--0oM,UgwbLV9zDChgnPnRw8R4AaABAg,@parkzip-h9r,흑화한 인어공주같음.... 너무... 미쳤음........ too hot....girl...man....,19,2025-03-19T07:21:51Z
WvGn1t--0oM,UgzS3wnGgjQXlMVZckt4AaABAg,@PaulaÁlvarez-u6h,"I love how she seems more confident and self-assured every time, which immediately makes her one of the most talented idols.
I love her so much ❤️❤️❤️😍",42,2025-03-19T05:32:46Z
WvGn1t--0oM,UgwTgkrfdz-1lOaA57N4AaABAg,@paulapadama9652,"Giselle red hair slayedddddddddd always,🔥❤️‍🔥🔥❤️‍🔥🍒♥️",30,2025-03-19T21:58:53Z
WvGn1t--0oM,UgzutGh5-nlJhNcmOZZ4AaABAg,@이유진-j3y,진짜 지젤 도파민 붐은 온다...,12,2025-03-22T01:44:04Z
WvGn1t--0oM,Ugy676LXYw_FKTTpypF4AaABAg,@Lovi_러블림,flow님께 오늘도 감사를🙏🙏🫶🫶,26,2025-03-19T05:12:48Z
WvGn1t--0oM,UgyQ-xyc7W9eai9ZIV14AaABAg,@suzy-nayeon,Can we just talk about how her hair moves?? Like how is it even possible?!,13,2025-04-03T20:50:30Z
WvGn1t--0oM,UgwUIgQhCQS05qxH_yd4AaABAg,@서까래-r2n,애리야 진짜 너무 무대 멋있었다❤,37,2025-03-19T05:04:22Z
WvGn1t--0oM,UgyWiPZIae7Kq5oh89d4AaABAg,@paulapadama9652,She is increasingly demonstrating that the effort to improve her skills has paid off 🤩😍😁I love her.,24,2025-03-23T23:50:12Z
WvGn1t--0oM,UgwOpLXdYtm9k1vCtTl4AaABAg,@Fi03-v5q,2:34 😯😯,12,2025-03-19T15:01:45Z
WvGn1t--0oM,UgyqOAMjrhqMI4h6wLN4AaABAg,@everyyaaa,dopamine stage is so cool i really like all the concepts,55,2025-03-19T05:06:34Z
WvGn1t--0oM,UgxaMr76-5puYadfbKt4AaABAg,@anisagustin1891,MY HOT WOMAN AERI UCHINAGA 🥹🤯🫠❤️🧎‍♂️,3,2025-03-19T05:28:56Z
WvGn1t--0oM,Ugw2Dqwepagvjo_nwAZ4AaABAg,@axnuzx.2,와..그냥 말도 안나온다 그냥 그냥 와........그냥..지젤을 사랑한다는 말 밖에 못하겟슨그냥..,11,2025-07-09T13:40:37Z
WvGn1t--0oM,UgwmJoMZKn5kQ1QFWx54AaABAg,@hessaa1712,crazy she is hitting us with her aura,10,2025-04-09T20:18:30Z
WvGn1t--0oM,Ugw1m5fR-EobwU8I8NV4AaABAg,@giselleuchinaga-il6ks,Nation's Hot Girl,7,2025-03-19T05:24:22Z
WvGn1t--0oM,UgyktfyBy9dLHIx2oJ94AaABAg,@xsassykitsunex,I'll never get tired of her performing this track. It's so good! Each time!,7,2025-05-27T14:27:50Z
WvGn1t--0oM,UgwD-0F4oJ8JJJdcQCJ4AaABAg,@paloghk,MOTY (mother of the year),2,2025-11-02T17:00:22Z
WvGn1t--0oM,Ugxw-ng7cvoPvbPPOMt4AaABAg,@Lyf4rMusic,That Magenta hair is majestic on Gigi !!!,15,2025-03-22T06:57:06Z
WvGn1t--0oM,UgwCQSusLZ_91Uv8ebx4AaABAg,@psychictube,완벽하다 그냥,12,2025-03-19T06:45:33Z
WvGn1t--0oM,UgxWbPR5YVVqYoepU794AaABAg,@ae_wonbin,amazing giselle as always. The best,6,2025-03-28T17:47:49Z
WvGn1t--0oM,UgxO4cxlnA4d0orxqJp4AaABAg,@Itsmejigguu,Aeri ❤️‍🔥❤️‍🔥,3,2025-03-19T05:08:16Z
WvGn1t--0oM,Ugx7DBWZ9vomRTQv1qd4AaABAg,@JJ-second58,레전드그냥미쳐ㅅ다,8,2025-03-21T02:07:47Z
WvGn1t--0oM,UgziTInI7Mo4gmwGYCJ4AaABAg,@stevenkramer6918,"Unreleased hits from Aeri. DREAMS.  DOKI DOKI.   
POOKIE.   SO BAD  FRIEND.  BABY. BE MINE. SM please release this album. Giselle has made a video sampling these songs and there ALL GOOD. 🍀",2,2025-12-06T03:14:20Z
WvGn1t--0oM,UgwoJi7Y4C98o8OF8oF4AaABAg,@깡깡-e9r,증말 핫하다🔥,7,2025-03-19T06:06:35Z
WvGn1t--0oM,UgzKIrX-B7gqi1qDF514AaABAg,@Gohanni77,깻잎머리의 권위자야........,1,2025-04-12T15:32:06Z
kwQNIGQxc2Q,Ugw9CjGNcoE42aZTdq54AaABAg,@마군입니다,"아시는 분들은 아실텐데, 제가 원래 지용신 영상 외에는 이렇게 주접 가득한 코멘트를 잘 달지 않습니다... 그냥 이번 에스파 콘서트는 여러모로 '내가 왜 안갔을까 미ㅊhin'을 외치게 된 직캠들이 많이 쏟아져서 영상으로 여과 없이 감상을 남깁니다ㅎㅎ 영상 하단에 직캠 출처를 남겨 놓았으니 다들 방문하셔서 한 번씩 감상해보세요! 시력이 0.5정도 오르는 효능을 느끼실지도...  다음 콘서트는 무슨 수를 써서라도 가려고 합니다. 그럼 이만:)

+ 참고로 닝닝님 영상은 이번 콘서트가 아닌 그 이전의 영상을 가져온 것입니다! Set the tone 잘 찍어주신 홈마분을 알고계신다면 추천 부탁드립니다~",3399,2025-03-18T09:16:26Z
kwQNIGQxc2Q,UgznOAV1lxBqWnkTq6R4AaABAg,@온천하는카피바라,지젤 얼굴 안가리려고 한껏 자막을 내리는 것에서 애정이 뚝뚝 묻어나는데요?ㅋㅋㅋㅋㅋㅋㅋㅋㅋ,13409,2025-03-18T09:22:40Z
kwQNIGQxc2Q,UgyEgy_G-WKjXeoGyLh4AaABAg,@carmel7613,저거 찍은 홈마들도 ㅈㄴ 능력자에 느좋임….. 환장하는 모먼트를 잘 아는 거 같달까??,6572,2025-03-18T10:40:43Z
kwQNIGQxc2Q,Ugx_zhtHOX5LDAAc26R4AaABAg,@Woxn-j1n,"지젤 분위기 진짜 너무 이쁘다…
내가 상상하는 어른스럽고 일잘하는 성인여자 분위기임",2832,2025-03-18T11:17:21Z
kwQNIGQxc2Q,UgxbEB4j4DdXUwMC7e54AaABAg,@youryerin,"에스파 팬 아닌데,, 진짜 카리나 윈터만 보였는데 이제 닝닝이랑 지젤도 존예노,, 맴버 다 미모가 넘사로 미쳤네",4034,2025-03-18T10:24:46Z
kwQNIGQxc2Q,Ugy9RyURSjKIhptAfcd4AaABAg,@fivetime-j9w,ㄴㄱㅋㄱㄱㅋㄱㅋㄱㅋㄱㅋㄱㅋㄱㄱㅋㅋㅅㅂㅋㄱㅋㄱㅋㄱㅋㄱㅋㅋ 마지막 지젤 뭐 올라오는 효과 ㄹㅇ 자연스럽고 지젤력같네 ㅋㅋㅋㅋㅋㅋ,359,2025-03-19T03:55:00Z
kwQNIGQxc2Q,UgylUgMKG33atRJB38l4AaABAg,@evalaineeve,홀리지젤사마…..미쳐버린 미모,4046,2025-03-18T09:26:45Z
kwQNIGQxc2Q,UgzAs-wSKayUKWLOt_h4AaABAg,@고구마-w8k,지젤은 진짜 분위기가 넘사벽이다,602,2025-03-18T12:19:54Z
kwQNIGQxc2Q,UgwS2ujQqwUitOmvobJ4AaABAg,@eey030,지젤 미텼다 진짜 개홀리해ㅜㅜㅜㅜㅜ,313,2025-03-18T11:46:03Z
kwQNIGQxc2Q,UgwihLoMxR4q_yrZ1iN4AaABAg,@연수-p6u,애리... 감기 몸살이였는데 너무 고생했어 ㅠㅠ ❤,756,2025-03-18T09:46:55Z
kwQNIGQxc2Q,UgxWUyYBr3oPL689Zfd4AaABAg,@K-Director,"윈터 이번에 저 제복 미쳤다 오타쿠의 심금을 울리는 복장이다 ㄹㅇ
지젤도 이젠 자기가 잘 하는 장르랑 깔 완전히 찾은 느낌",402,2025-03-18T11:27:13Z
kwQNIGQxc2Q,UgxZIc_CEKZ3PPmeedB4AaABAg,@최나경-j4d,오~지젤  물속에서  올라온 인어공주같아요💗💗💗,270,2025-03-23T01:40:36Z
kwQNIGQxc2Q,UgyHMqMHnn3ZM7eVPwN4AaABAg,@thronmelon,지젤 그냥 goddess...,184,2025-03-19T15:16:53Z
kwQNIGQxc2Q,Ugw5VDYAfDYd8NZ2Exl4AaABAg,@helli-d7t,"핑크머리 진짜,,,, 이리 잘어울리는 사람 첨봄 ㅠ",108,2025-03-21T04:21:21Z
kwQNIGQxc2Q,UgxT-CnleNayUoFZnhl4AaABAg,@travelmatilda8281,마지막 지젤 때 함성 찐이다 ...,76,2025-03-19T22:26:53Z
kwQNIGQxc2Q,UgxxPBRRI6c8pUSCLOp4AaABAg,@소금-v8f,지젤 진짜 죠낸 이쁘다 시범배...,76,2025-03-19T02:56:14Z
kwQNIGQxc2Q,Ugz5gPjFU1eeppBnmYV4AaABAg,@Thcnthcnthcnthcnthcn,와 지젤은 진짜….내안의 이성애가 자리를 잃어감,20,2025-03-19T07:39:10Z
kwQNIGQxc2Q,UgxIgePBytJao0hkt354AaABAg,@Wolly002,마지막 지젤 미모 실화냐..,51,2025-03-19T07:44:35Z
kwQNIGQxc2Q,Ugx0V3jYcOf7BCWTN4l4AaABAg,@쏘-y4b3z,썸넬이 사기다 안 들어올 수가 없음...,104,2025-03-18T14:06:24Z
kwQNIGQxc2Q,UgxUXJDIgLeGboc69Zh4AaABAg,@메메메홍,지젤 미쳤다 짖짜 와아아아악,17,2025-03-23T06:42:29Z
kwQNIGQxc2Q,UgxoAcLh8hT5if6QXk14AaABAg,@Henew.,ㅠㅠ지젤 진짜...드라마 때부터 지금 분위기 확 올라왔던 거 같은데 진짜 미쳤음..(positive),201,2025-03-19T04:04:23Z
kwQNIGQxc2Q,UgyqfwX7lS3lzi-Aqt14AaABAg,@Hy.zju0630,애리는 진짜 춤도 늘고 요즘 리즈찍는듯,15,2025-03-19T12:09:50Z
kwQNIGQxc2Q,UgxxpOz0CgpzDj1rR6l4AaABAg,@캐럿-17p,....지젤..사마..,11,2025-06-28T11:50:08Z
kwQNIGQxc2Q,Ugwk0AAmeAdCPQSJAlZ4AaABAg,@unknown_chef_log_kr,와 지젤 미쳤다… 바람에 흩날리는 머리카락 완전 디바네,35,2025-03-23T21:54:38Z
kwQNIGQxc2Q,UgwrTrTxpQvfXPtdxWJ4AaABAg,@낭만풀,지젤이 존나 폭룡적으로 변함...,8,2025-05-04T14:51:33Z
kwQNIGQxc2Q,UgxfLOYLq76TpLnCP_54AaABAg,@MrKR-x9h,진짜 에스파는 비쥬얼은 전부 탑티어 찍었네.  전부 센터급이야.,41,2025-03-22T13:32:13Z
kwQNIGQxc2Q,Ugz3LKOnsLHkkHaRZIh4AaABAg,@8v8-v6e,"거룩하닼ㅋㅋㅋㅋㅋㅋㅋㅋㅋㅋㅋㅋㅋㅋㅋㅋㅋㅋㅋㅋㅋㅋㅋㅋㅋㅋㅋㅋㅋ너무 찰떡같은 말ㅋㅋ
마치 지젤를 위해 만들어진것 같은 표현ㅋㅋ",32,2025-03-21T21:21:35Z
kwQNIGQxc2Q,Ugx3-XnGtyufVLEChoF4AaABAg,@Maximummadgirl,"첨엔 카리나, 윈터만 보였는데 요즘은 지젤이랑 닝닝도 미쳤네... 특히 지젤은 진짜 별 생각없었는데 흔한 비주얼이 아니라서 계속 보게됨;; 퀸이라는 수식어가 제일 잘 어울리네",35,2025-03-24T05:16:44Z
kwQNIGQxc2Q,UgwG7L0MafoZcQOA3Wl4AaABAg,@plain8204,와 지젤…….. 진짜 그저….. 퀸이다………ㅠㅠㅠㅠ❤️,93,2025-03-18T15:08:18Z
kwQNIGQxc2Q,UgzvsUNRrem3VXEZhi54AaABAg,@caratmelody,지젤 미모 진짜 미쳤냐고…레전드임,29,2025-03-19T09:39:31Z
qWGbJM8nR6o,Ugz_4ExJ-vdm_9R7yAJ4AaABAg,@jyk8968,"아니 통굽이 대놓고 있는데 여돌 1위라고하는건 너무 돌려까는거 아닌가?
그냥 이쁜데;; 궂이 비율로?",0,2026-04-20T23:35:27Z
qWGbJM8nR6o,Ugy0f1mUzkNCXvHXmoh4AaABAg,@Dohyunism_1p,과즙세연인줄;;,1,2026-04-19T23:01:58Z
qWGbJM8nR6o,UgysmqLyoBm5-Uc56dJ4AaABAg,@이현주-b7n9c,에스파 지젤 아닌데?!,0,2026-04-17T14:06:13Z
kFE_l0shDRc,Ugzu73KyIHhODk0J99t4AaABAg,@hae-w6p,저렇게 말랐는데 연습할 힘이 있을까...,37,2026-04-16T14:02:41Z
kFE_l0shDRc,UgwUTqX-gZw7HevvioB4AaABAg,@이상익-x7d,요즘 지젤이 왜이렇게 이쁘냐,8,2026-04-30T23:09:16Z
kFE_l0shDRc,UgwYsDZZ7MoGr_ik6iB4AaABAg,@nemne-v7f,本当にえりちゃん可愛い🫶🏻‎💕︎︎,14,2026-04-14T13:52:44Z
kFE_l0shDRc,Ugx5k5tybfsJXEr1GKl4AaABAg,@성질남-c3w,"순간 지젤 아닌줄 ㅎ 
지젤은 가면갈수록 더이뻐지네",10,2026-04-15T06:59:45Z
kFE_l0shDRc,UgzGGWz7ThkQ_eRmH8N4AaABAg,@kimikouriko464,"Her makeup is so pretty, and I’m happy she FINALLY gets to perform the song she produced with her bestie! I hope SM let her perform more of her songs in the future, like we’re hungry for more music production from gigi! We love you mother, and there’s a lot of people who support you and your dreams!❤️‍🩹",50,2026-04-14T12:53:02Z
kFE_l0shDRc,Ugwzn5RdZ8dh7lEHixx4AaABAg,@bunnfox-d8z,OMG MOMMY GISELLE SO BEAUTIFUL LOVE THE PURPLE OUTFIT,13,2026-04-14T20:56:08Z
kFE_l0shDRc,Ugx0ELjVE0PZedMFZMd4AaABAg,@SekolaLaha,giselle did so well and so many are jealous of giselle of course they can't be giselle,39,2026-04-14T16:48:24Z
kFE_l0shDRc,Ugxk5TYesNzelQlEBlB4AaABAg,@ゼロに_02,GISELLE❤❤,1,2026-06-04T06:48:02Z
kFE_l0shDRc,Ugzc6UFx6rJzHT8xHB94AaABAg,@ib7375,SHE LOOKS SO GOOD,8,2026-04-14T21:00:15Z
kFE_l0shDRc,Ugyl-9x_pikv9xXxkvJ4AaABAg,@둠칫냐오잉,지젤 앞머리 내린 거 왤캐이쁘냐…❤❤,36,2026-04-14T14:34:51Z
kFE_l0shDRc,Ugyzw66rbSfsV_nahap4AaABAg,@fast84h,진짜너무이쁘네 그 이쁜 에스파 멤버들어 다 씹어먹어버리네,1,2026-05-23T22:56:59Z
kFE_l0shDRc,Ugx2oVl-KuHCT7oj2yJ4AaABAg,@불랙베리,애리 개이쁘다,7,2026-04-14T15:48:38Z
kFE_l0shDRc,UgxiWmFsr1sHqgdiKDZ4AaABAg,@zizon_ganzi,몸매 레전드.. 진짜 너무너무너무 예쁘당,6,2026-04-17T02:33:14Z
kFE_l0shDRc,UgyPHHWj-8vsY1ApFhJ4AaABAg,@MIRZAAAAAAYYY,what a beautiful aeri,5,2026-04-14T13:25:52Z
kFE_l0shDRc,UgxbTkfb8MYdKYQ9inF4AaABAg,@lolkkk104,Perfect,0,2026-06-11T13:22:51Z
kFE_l0shDRc,Ugx2IY0_PxEhPART_vp4AaABAg,@deagungsus5879,Giselle is truly talented at writing songs.,6,2026-04-16T05:35:40Z
kFE_l0shDRc,Ugwa2Eevkf4fE4dV-_t4AaABAg,@EmmanuellaDadier-qc7nr,GISELLE LOVE YOU💝💕🌸💓❤💋💞,5,2026-04-14T17:24:00Z
kFE_l0shDRc,UgyjhcR1n5WMkLO7JmR4AaABAg,@SekolaLaha,Yang nonton fancam giselle enjoy dan tidak terburu buru hehehehe ❤❤❤❤,5,2026-04-16T12:04:32Z
kFE_l0shDRc,Ugy8eO6HkcfpORCveDV4AaABAg,@qingkz,Giselle write more song pls,3,2026-04-15T04:51:21Z
kFE_l0shDRc,Ugx56hSaeU1JNxy8n8J4AaABAg,@枝豆-k8i,シルエット美しすぎる、、、,2,2026-04-21T08:25:53Z
kFE_l0shDRc,UgzeT22Zy_NY28Enq9x4AaABAg,@deadinside-jk,This is everything ❤ and thank you for this fancam,4,2026-04-14T13:49:10Z
kFE_l0shDRc,UgxWjPLcUpJkxzdvKDh4AaABAg,@우아-r4j,진짜 너무좋아 이번컨셉,5,2026-04-16T15:45:28Z
kFE_l0shDRc,UgxhsHMmEe3M5uRITVl4AaABAg,@9x9x9x9exe,저렇게 되기까지 얼마나 노력을 했을까,0,2026-05-29T07:48:53Z
kFE_l0shDRc,Ugwl8kmi6qYNICy_GPp4AaABAg,@BLACKPINK-REDVELVET_BTS,섹시핫🔥🔥🔥💙🩷💜♥️,4,2026-04-15T01:35:20Z
kFE_l0shDRc,UgxyQ6TbQqqWuKMly1V4AaABAg,@RismaYanti-k9f,WOW GISELLE 😮😮😮😮,4,2026-04-15T02:05:59Z
kFE_l0shDRc,UgwLZing-ipilV5fB8h4AaABAg,@user-yl4bl2ff5h,I love u coating❤❤❤Aeri kawaii🎉,2,2026-04-14T14:21:50Z
kFE_l0shDRc,UgybRhWOjG4N5Su3RgZ4AaABAg,@서까래-r2n,와우❤ 감사합니다 직캠,4,2026-04-14T14:08:13Z
kFE_l0shDRc,UgxrhmxL0ojiAlZR8rN4AaABAg,@skrrrupthere,개이뻐,3,2026-04-16T12:55:45Z
kFE_l0shDRc,UgzJO1SBAwyrNU7v5dd4AaABAg,@mongfgjju,She's so goood,2,2026-04-15T07:32:19Z
kFE_l0shDRc,UgzRzshliE48JjLIGOJ4AaABAg,@user-yl4bl2ff5h,No.1,3,2026-04-15T13:13:22Z
_Oc6Ws0-yZM,Ugwt05H7etV2x-abGBh4AaABAg,@우새별-i9q,아니 거슬리는 줄 끊엇는데 새로운 거슬리는 줄 탄생했어.........😂😂😂,16178,2025-03-21T03:59:19Z
_Oc6Ws0-yZM,UgzvIqW4bxAJJ3RqvfZ4AaABAg,@larc_nft,ウィンターの承太郎スタイルめちゃくちゃ好き,5210,2025-05-22T12:25:38Z
_Oc6Ws0-yZM,UgzfrH8NCP66_MzzFFh4AaABAg,@たか-i6z5d,ウィンターの衣装引きちぎるの自然すぎてみんな気づいてないやっぱプロやな,3446,2025-03-18T21:06:36Z
_Oc6Ws0-yZM,UgzsnlVGxGPw_WPcCT94AaABAg,@学生-z4x,少女時代コンセプト強すぎる…カリナのリーダー感と冬子の右腕感が好きすぎるんよ,630,2025-03-18T12:49:54Z
_Oc6Ws0-yZM,Ugy-2e83rmFwj9XDvo54AaABAg,@minj17,민정이누나 그냥 휙 때는거 박력있네 ㅋㅋㅋ 그와중에 입꾹꾹이 하는거 귀여워 ㅋㅋㅋㅋ,604,2025-03-20T02:13:24Z
_Oc6Ws0-yZM,UgwHCyMUHru33XLVIVl4AaABAg,@Aerys-g9m,I just focus on Winter,1808,2025-03-20T12:54:25Z
_Oc6Ws0-yZM,UgynhG_tvHIBS4GKSzF4AaABAg,@juyli2,입꾹꾹되는거 기여엉,2226,2025-03-19T05:13:27Z
_Oc6Ws0-yZM,UgwHQ9yBuL4KhaUj_TJ4AaABAg,@wheq_._.,끊앗는데 더거슬리는거 생겻어 ㅋㅋㅋㅋㅋㅋㅋㅋㅋ,134,2025-03-19T02:24:14Z
_Oc6Ws0-yZM,Ugz9qeV8B6YHnkc4NXt4AaABAg,@0999nana,와 진짜 카리나 걍 개이쁘게 커마해놓은거같음ㅋㅋ,440,2025-03-19T04:30:42Z
_Oc6Ws0-yZM,UgxhHhtU0c-oFKQnrQZ4AaABAg,@사과맛양파,윈터 너무 멋있어...그냥 저것도 하나의 안무 같아 ㅎㄷㄷ,540,2025-03-21T02:37:48Z
_Oc6Ws0-yZM,UgwiwYEgXCz1OW7x7Xx4AaABAg,@JamilMarven,"ㅋㅋㅋㅋㅋ괜찮아 그래도 예뻐예뻐
통신사 요금제 볼 때마다 화났는데, 시월모바일 알뜰폰 보고 마음이 평온해짐",539,2025-04-09T14:33:23Z
_Oc6Ws0-yZM,UgwjsVbgTN4hmPD0a-V4AaABAg,@dan9809,"Love how Winter summoned inner power to tear the chain off of her outfit, using brute force",69,2025-03-27T04:22:08Z
_Oc6Ws0-yZM,UgxFUBjjsiQYocg4zWh4AaABAg,@정현김-o2x,좋아 자연스러웠어😂,643,2025-03-21T14:20:41Z
_Oc6Ws0-yZM,Ugym4uq_b6OtxWKh05B4AaABAg,@tere_pan,ウィンターチェーン引っ張る時ﾌﾝｯ‼️って顔になってて可愛い,31,2025-07-23T05:26:47Z
_Oc6Ws0-yZM,Ugw9V_F7JWwYWk_uhEF4AaABAg,@1황신의진수,✌️멋짐~🫶,79,2025-03-19T21:16:45Z
_Oc6Ws0-yZM,UgxIHjwmb91CgicJlrZ4AaABAg,@이재은-p8e,오 아니 근데 오히려 연출같고 멋있어ㅋㅋㅋㅋ 입꾹하는건 좀 귀엽지만ㅋㅋㅋ,200,2025-03-17T15:01:42Z
_Oc6Ws0-yZM,UgxmfdilEXN4QBEo4sh4AaABAg,@aai1066,チェーン引きちぎるのかっこよ,32,2025-05-24T10:52:00Z
_Oc6Ws0-yZM,UgztL7hH49nAEfljvJx4AaABAg,@천미박-p9r,닝닝이 요즘 너무예뻐,676,2025-03-20T07:18:29Z
_Oc6Ws0-yZM,Ugx3srD4qiHyc4Xf2Lt4AaABAg,@콘주-l4w,손안다쳤나 ㅋㅋ 귀여워,71,2025-03-19T09:02:45Z
_Oc6Ws0-yZM,UgxXvJ4QRJKMUk9_3GJ4AaABAg,@P3ppyminj0ngieluver,Im so proud of Winter for gaining slight weight 🥺❤️,286,2025-05-06T04:11:20Z
_Oc6Ws0-yZM,Ugw-ROmclc2ijQFYi1Z4AaABAg,@공부용-l6w,얼굴이 진짜 훤하구먼... 아주 멀리서도 또렷이 잘 보여..,179,2025-03-18T13:02:00Z
_Oc6Ws0-yZM,UgyKkM2MZlNt-OQeAah4AaABAg,@jamiefooddreamer6381,Winter made the outfit even better !,475,2025-03-24T19:55:38Z
_Oc6Ws0-yZM,Ugz5j_dawbhJUvzWCgd4AaABAg,@한상준-l2c,진짜 진짜 키리나씨 윈터. 싸랑합니다,469,2025-03-20T13:18:05Z
_Oc6Ws0-yZM,Ugyn_rSZEYn9wSgViLt4AaABAg,@조형규-h9o,에스파 다들 정점이네...,78,2025-03-20T13:54:49Z
_Oc6Ws0-yZM,Ugy31W7-eIzD2prm9GN4AaABAg,@제이짱-z9x,오우 터프해.,29,2025-03-18T00:27:02Z
_Oc6Ws0-yZM,UgywBJbm7ZrApUnPI_R4AaABAg,@이리보나용,힘빡주고ㅋㅋ개뿌듯한표정,66,2025-03-19T10:10:28Z
_Oc6Ws0-yZM,Ugxtu8-GlcfOFjtv8qt4AaABAg,@룰루룰루-y9i,와 진짜 예쁘다...,288,2025-03-18T07:33:59Z
_Oc6Ws0-yZM,UgwH37yhd_VGwXrwpqp4AaABAg,@dorianleclair7390,That outfit made winter mad.😂😂😂😂,201,2025-03-18T01:12:25Z
_Oc6Ws0-yZM,UgxCDSftd_GRptAXIZt4AaABAg,@yourownazog8069,Winter is hot as always,10,2025-03-29T14:20:00Z
_Oc6Ws0-yZM,UgwWb9XIAQEJxfnZFDp4AaABAg,@부자만들기-e1l,다들 이쁘고....그와중에 원터 의상 악세사리 떨어져 끊어서 왼손에서 오르손으로 숨기는거 까지 완벽하다,78,2025-03-19T15:19:27Z
isqsKaUoMFA,Ugzdi8zWEihDA7V3tGZ4AaABAg,@jaeyai716,연보라연하늘누가생각했니,850,2026-04-14T19:01:25Z
isqsKaUoMFA,UgyYl5Zd2-jRkdxd4Zt4AaABAg,@유기농초코칩-v6n,아니 근데 노래 진짜 개조음ㅜ 솔로곡때도 느꼈지만 닝닝이랑 지젤이 확실히 음악력 높은듯,737,2026-04-15T09:44:36Z
isqsKaUoMFA,Ugxlh1wN_WkQA9f3dv94AaABAg,@lipnow,근데 노래 진짜 좋다,171,2026-04-14T13:38:48Z
isqsKaUoMFA,UgzxN-sXiDMwrrBTbTx4AaABAg,@yaaisha,tornado + ketchup and lemonade = lollipop,1531,2026-04-11T16:50:58Z
isqsKaUoMFA,Ugx9j0eBO7tz7o2Cynp4AaABAg,@synkari,You can tell Ningning LOVES being on stage she’s really born for this,1065,2026-04-11T17:44:58Z
isqsKaUoMFA,UgxRgObYq07FUPI8WyB4AaABAg,@이름-n8n,닝&젤 핫걸들의 우정 계속되길...,259,2026-04-11T23:26:19Z
isqsKaUoMFA,UgyTg4f94gn9-K4AE5N4AaABAg,@whyrano825,닝젤 사랑해,151,2026-04-11T15:57:26Z
isqsKaUoMFA,UgwYNKXK20-gbuu838J4AaABAg,@siusuuw,노래가 진심 들을 때마다 사귀기 전 그 몽글 몽글한 느낌 같아서 들을 때 마다 심장 간질 거리고 싱숭생숭함 ..,102,2026-04-14T07:23:39Z
isqsKaUoMFA,UgxdkIQsYX1TLtD75op4AaABAg,@anonsense_christmas,GISELLE &NINGNING=PERFECTIONNN,142,2026-04-11T17:16:22Z
isqsKaUoMFA,UgxduaoZCgFMgJGcHGJ4AaABAg,@imwkwku,"Their song is really good it would be unacceptable not to officially release it. Also, both of them have really great chemistry performing together.",550,2026-04-11T16:35:15Z
isqsKaUoMFA,UgyR9WrNIz4VYojD-dZ4AaABAg,@casamera4063,"they composed this song together 2 years ago, its so pretty they’re so gorgeous omg ningselle",1021,2026-04-11T16:40:57Z
isqsKaUoMFA,UgwoXRgNhQsSqEHyHAl4AaABAg,@elaemy614,"wow, ning's stage presence ain't joke",344,2026-04-11T17:42:34Z
isqsKaUoMFA,UgxU9WHLx_LLH2bP1f94AaABAg,@정-s2k,음원을제발이라는기분으로기다림,25,2026-04-25T15:08:19Z
isqsKaUoMFA,UgwF-euz8GyTdf4lm7t4AaABAg,@BLACKPINK-REDVELVET_BTS,"막닝이 뭐야... ㄷㄷ 
지젤은 또 뭐야 둘다 너무 핫하다.",62,2026-04-12T01:47:19Z
isqsKaUoMFA,Ugwnz0mVVhdH5w77W5V4AaABAg,@watermelonhighhhbb,무대에서 향수냄새가 나... ㄹㅇ 닝닝 아리아나그란데 느낌임 노래스탈이,680,2026-04-14T03:50:55Z
isqsKaUoMFA,UgxQcak71qk_iR07FWt4AaABAg,@jagodaogorek2301,Ningning moves like rubber❤❤❤❤😊😮,45,2026-04-11T18:58:29Z
isqsKaUoMFA,UgwCkgbFcDIeExqpMPR4AaABAg,@rin-ex6wq,ningning looks soo good here,52,2026-04-12T17:43:51Z
isqsKaUoMFA,UgzEapTuNcC55zsJa-R4AaABAg,@jkx777,u can really tell ningning enjoys being on stage she looks so happy here 🥹,114,2026-04-12T09:41:52Z
isqsKaUoMFA,UgwuJ-44SmiKAMB6Xp94AaABAg,@ib7375,Ningning is so good at dancing?!,255,2026-04-11T19:15:26Z
isqsKaUoMFA,UgzrQqoYR8Fs6PP4l9F4AaABAg,@RickyMaillée,Ningning's catwalk...those hips swaying. *swoons*,173,2026-04-12T15:55:40Z
isqsKaUoMFA,UgysUh5rv6-bcspT1yh4AaABAg,@MK-hl3ri,これ知ってから狂った様に何十回も見てる😭😭😭😭😭😭😭大好き😭😭😭😭😭😭😭,31,2026-04-13T16:52:44Z
isqsKaUoMFA,UgwkxR9FO-JP0mCbIsd4AaABAg,@synkari,"You can hear Ketchup and Lemonade ethereal vibe + Tornado aesthetic autotune, this is definitely NINGSELLE’s song!",176,2026-04-11T17:43:37Z
isqsKaUoMFA,Ugx814uMK16jUSlqnil4AaABAg,@onmyway-y6s,東京ドームで叫んでたのは私です。まじで音源出して欲しい…SM頼みます🙏,6,2026-04-26T10:36:34Z
isqsKaUoMFA,UgwqWAXTjEY-RQ3hdm14AaABAg,@duk6046,계단 연막 위험했네 ㄷㄷ 킬힐 신고 추는게 대단하네,718,2026-04-12T10:03:03Z
isqsKaUoMFA,UgzW2PdR4JfQ4bO1s_R4AaABAg,@bunnfox-d8z,LOVE NINGSELLE UNIT SO MUCH I'M OBSESSED WITH THEIR CHEMISTRY,678,2026-04-11T19:09:18Z
isqsKaUoMFA,UgzFLDhP5V30ifZLArp4AaABAg,@암기과목고자여고생,아미치겠음 몇번을보고있니,33,2026-04-17T05:13:01Z
isqsKaUoMFA,UgyG740FqYZJpOtx-wN4AaABAg,@superduperordinary,rnb is definetly NingSelle besties,35,2026-04-12T01:19:07Z
isqsKaUoMFA,Ugxie1mUjKWTHyTYICd4AaABAg,@icon_foru,Wow I like it so much such a dreamy song the vocal and aura of Ningning and Giselle is perfect,41,2026-04-14T01:14:12Z
isqsKaUoMFA,UgxaZAcQz3IKKc3abdt4AaABAg,@roningchu,예쁜 사랑하세요,34,2026-04-14T02:13:08Z
isqsKaUoMFA,UgyoV3tyrNGieBxm4yt4AaABAg,@nananovaofficial,Mys let's make it big and spread it so that sm would release it officially,40,2026-04-11T18:55:22Z
N_urUZYBT0Y,UgwEW0dtaNAhLzw-mEZ4AaABAg,@godhaengtravel,"실시간🌈약 6만평 규모✨밤하늘 '별빛'으로 가득한 초대형 크리스마스 거리🎄

대형 크리스마스 트리 + 빨강 노랑 초록 파랑 핑크 보라 등 + 무지개 별빛 가득 + 더현대 빨간 대형곰🧸

초대형 거리형 복합문화공간이
Starlight in Songdo
겨울빛 거리로 완전 탈바꿈했어요

여기서 인생샷 안 찍으면 언제 찍어요...?
📸

쇼핑부터 맛집, 포토존, 카페, 볼링장, 버스킹 공연, 자작나무 산책길 등
1곳에서
끝내버리는
연말 데이트💗당일치기 코스

가족, 친구, 연인 누구랑 와도 만족도 100%💫

🚗주차 무료
📍인천 연수구 송도과학로16번길 33-1

#송도트리플스트리트 #StarlightInSongdo #인천크리스마스 #연말데이트 #포토존맛집 #인천가볼만한곳 #겨울감성카페 #빛거리체험 #트리거리 #인천핫플 #크리스마스핫플 #서울근교가볼만한곳",1,2025-11-23T13:53:56Z
uCIcqYNIBKA,UgxcKo_ogzUCSExe_TF4AaABAg,@woojutravellog,"더 알찬 여행 정보와 비하인드 스토리를 나누고 싶어 멤버십을 시작했습니다 🙌 관심 있는 분들은 아래 링크를 확인해 주세요! 
https://www.youtube.com/channel/UCJMymQhEL2IF_q3myQY5RxA/join
오늘 소개한 여행지에 대한 후기 또는 추천하고 싶은 장소가 있다면 댓글로 남겨주세요 😊",1,2025-12-25T10:16:11Z
uCIcqYNIBKA,UgzRhFEJH4TnfME8bfl4AaABAg,@vitatv9720,잘보고 갑니다. 인천사는데 많은 도움이 되네요. 차분하게 소개 잘해주시네요. 승승장구 하시길~~,1,2026-02-26T06:10:08Z
uCIcqYNIBKA,UgxR3rbj9YkiShmRcvJ4AaABAg,@뭐하긴놀지,"와… 인천 실내 핫플을 한 번에 정리해 주셨네요 😆🎁
겨울에 딱 필요한 당일치기 코스라 너무 유용해요!
날씨 걱정 없이 즐길 수 있어서 더 좋네요 👍
오늘도 알차게 즐감하고 응원합니다 🎉",6,2025-12-15T00:07:04Z
uCIcqYNIBKA,Ugwtx0DL4OEDz6vuofZ4AaABAg,@user-tyews1,제가 다녀보니 인스파이어 미국자본 3조넘게 들여서 지었다는데 고급스러움은 파라다이스시티인천이 더 높은것 같구요 국제호텔등급에서 잠실 롯데시그니엘호텔 보다도 윗등급이라고 합니다. 한국호텔이라 한국인이 좋아하는 대형 찜질방이 있어요  씨메르라고 찜질방계의 에스메스라는 별명이 있는데 야외 노천탕도 좋구 꼭들 이용해보세요. 인스파이어는 미국자본이라 찜질방 같은건 없지만 미디어아트쇼가 대박이죠. 호텔내 인당 20~30만원 식사가 부담돼서 푸드코트로 갔는데 색다른 컨셉입니다. 푸드코트에서 합산 3만원이상 식사하면 주차비 무료더군요. 그뒤 덕계동 카페거리나 비행기 이착륙 보이는 카페에서 커피한잔 요렇게만 도는데도 하루가 모자릅니다,11,2025-12-28T20:39:53Z
uCIcqYNIBKA,Ugz4w5lD7q9HtIO5g-V4AaABAg,@isj2201,손주들 방학하면 델고 다녀와야겠어요 좋은정보 감사합니다,3,2025-12-14T23:32:36Z
uCIcqYNIBKA,Ugx-aVmquhN6fSw-MDJ4AaABAg,@bear_of_tour,"인천쪽으로는 사실 그리 여행을 많이 다녀보지 않았는데요.....
송도부터 다양한 코스...인천도 생각보다 훨씬 더 아름답고 멋진 뷰가 펼쳐지는 곳이네요.
소개를 해주신 곳들..단 한곳도 못가본 곳이네요..와우..스러운 감탄이 나오는 곳이네요.

개인적으로는 인스파이어 리조트는 꼭 한번 가보고 싶었는데..
다른 곳들도 어마어마하네요..
다 멋지고 감성가득......
이렇게 좋은 곳이 많았을지..첨 알았네요..
감사합니다.
다양한 코스들...꼭 다녀봐야겠어요. 겨울에 가두 정말 좋은 곳들이네요",6,2025-12-15T02:13:04Z
uCIcqYNIBKA,UgwTXleu-lEtPgBQNVJ4AaABAg,@nanamom1982,"인천 토박이인데 상생플랫폼 1:14 , 해양박물관은 진짜 볼것 없습니다.. 그리고 송도 건설사에서 알바한적 있는데 
안개끼는날이 더 많고 날씨 맞추기 진짜 어렵습니다",11,2025-12-18T05:17:30Z
uCIcqYNIBKA,UgwCEHmb_jIQ65KN5td4AaABAg,@정경묵-g8d,으잉 소래박물관하고 곧 재개장할 수도국산달동네 박물관이 빠졌네요 ㅜㅜㅜㅜ,2,2025-12-20T16:23:50Z
uCIcqYNIBKA,Ugx9e9HZaOa4JpKBlON4AaABAg,@진이어스_JinsEarth,미디어파사드 너무 환상적이네요😊😊,2,2025-12-15T23:48:32Z
uCIcqYNIBKA,Ugz0MfR-mbkR0LLX9np4AaABAg,@처음처럼-o8i,"좋은곳 소개해주셔서 감사합니다 🎉🎉🎉
파라다이스호텔  손녀생일에 가보고
싶네요
인스파이어 호텔 도
두번갔는데 참 좋았어요",2,2025-12-20T09:57:09Z
uCIcqYNIBKA,UgxCnzWcjLCXWReazqV4AaABAg,@into_seoul,"파라다이스시티와 인스파이어 2곳만 가 보았었는데 이렇게보니 더욱 돌아 볼 곳이 많긴하네요 ㅎㅎ
덕분에 좋은 정보를 알게되었습니다!",2,2025-12-14T14:37:43Z
uCIcqYNIBKA,Ugw74M4Do9ADdsl--554AaABAg,@도래미행복여행doremi,"인천에 이렇게 다양한 매력이 있는 줄 몰랐어요! 
도시 전망부터 역사, 문화, 그리고 럭셔리 복합 공간까지 다 담겨 있네요.
G타워에서 바라본 송도의 스카이라인과 국립인천해양박물관의 웅장함이 특히 인상 깊어요. 
BMW 드라이빙 센터와 파라다이스시티, 인스파이어 리조트 같은
화려하고 현대적인 공간들은 정말 눈이 즐거워지는 것 같아요.
이번 영상 덕분에 인천 여행 버킷리스트가 가득 채워졌습니다! 
조만간 영상 코스 그대로 따라 방문해 봐야겠어요.엄지척58",6,2025-12-14T12:48:47Z
uCIcqYNIBKA,UgwgDqxHhQtQBYFk99R4AaABAg,@kingcrab1203,"언제적 영상인지 모르겠는데 지금 상상플렛폼 가면 텅 비어있어요. 인근 노동자들 밥먹고 산책하는 곳임 ㅋㅋㅋ
괜한 발걸음 하지 마시길~",2,2025-12-18T12:10:51Z
uCIcqYNIBKA,UgzcHQ-Zhm9RDmOtqYd4AaABAg,@땅콩아빠,저도 해양박물관은 건물 규모에 비해 볼거리가 별로 없더라구요...,3,2025-12-21T23:56:45Z
uCIcqYNIBKA,Ugxv7iiyPzinjN1Mvp94AaABAg,@윤웅재-q3p,인천 시민인데 상상플랫폼이랑 해양박물관은 정말 볼 거 없습니다. 잘 검색해보고 오세요.,44,2025-12-18T04:19:08Z
uCIcqYNIBKA,Ugye4Xfa6MgDh_HhCi14AaABAg,@weas2ly,송도 한글박물관 괜찮아요,2,2025-12-20T11:16:42Z
uCIcqYNIBKA,Ugx6hpH5yxX8Ca3_HMt4AaABAg,@그래그렇게-r9o,"인천 해양박물관은 국립 치고 규모나 볼거리가 부족합니다.
부산 해양박물관과 많이 비교 되더라구요.",6,2025-12-17T05:08:01Z
uCIcqYNIBKA,UgzkRVjm6Szi0DhyFcx4AaABAg,@JOESANGURI,오프닝영상속 해무? 미세먼지가 인천을 여실히 보여주네 ㅠ,1,2025-12-21T11:17:00Z
-_EbLVse7M8,UgxUK0uwOOQDijmaZzR4AaABAg,@violoncellolife,세빌리아가 아니라 세비야,0,2023-05-04T13:25:47Z
CU9sOffJiwY,Ugyg1hMEiMrVu7G-APh4AaABAg,@이정인-c6w,진짜 이발사 같아용,6,2021-09-10T15:26:27Z
CU9sOffJiwY,Ugz1ugr67LFf2QnNbIl4AaABAg,@migose12,문득문득 생각나서 들으러 오는 이발사 김주택 이만한 델라 치타가 없다,3,2022-09-27T14:10:55Z
CU9sOffJiwY,Ugyj1kxvpysd4WLOIol4AaABAg,@aimhigh1327,세계적인 오페라스타  김주택님 의 세빌리아의 이발사 는 정말이지 언제 들어도 감동입니다!!,6,2021-09-15T05:53:02Z
CU9sOffJiwY,UgwgZlZkODHqO9Qiq954AaABAg,@clausesanta5042,피~가로 피가로~피가로~피가로~ 🎼🎵🎶,3,2021-09-08T11:49:51Z
CU9sOffJiwY,Ugyo3MEEGQodcxq6-WZ4AaABAg,@박소인-v2h,"정말 훌륭한 바리톤 가수이다.
자랑스러운 한국인 바리톤!",4,2021-09-08T15:28:13Z
CU9sOffJiwY,UgycBVs3r9Mz1oYvKqJ4AaABAg,@pinsunny-k,브라보~~~~👏🏻👏🏻👏🏻👏🏻👏🏻👏🏻👏🏻👏🏻👏🏻👏🏻,3,2021-09-08T16:33:52Z
CU9sOffJiwY,UgxzRHNla5d9HnH_VZR4AaABAg,@recordo0403,피가로는 역시 바리톤 김주택입니다👍,5,2021-09-09T08:16:33Z
CU9sOffJiwY,UgwLvd3ADj7hAMR2U5V4AaABAg,@myzz1203,이노래 배우고싶은뎌 혀가 따라가지못함,0,2026-02-26T03:18:19Z
1xVaS0Ytdk8,UgxpYhoBoOC7XDOAjZd4AaABAg,@Yeonni2468,우리 이은지쌤 옆모습도 너무 예뻐요!!!! 사랑해요 은지쌤!,0,2023-09-03T17:52:43Z
x607e2RGxxc,UgwKfiDt46jCc6cdLHR4AaABAg,@난년0蘭,👏👏👏,1,2021-12-16T22:25:09Z
x607e2RGxxc,UgzcoXog601NHclwQ0h4AaABAg,@jiyunhan1390,1등♥︎,2,2021-12-16T11:05:45Z
F770OtmZCWE,UgyYGvks3GOtPWfRBgZ4AaABAg,@올록orlok_yoon,"로돌포 캐스팅 두 분다 
제가 너무나 워너비하는 테너👍",0,2022-11-02T12:26:53Z
q6vauI6TbUs,UgwovQi4CMsUvErGcmZ4AaABAg,@WarinPartita6,Thanks,4,2022-03-23T03:36:28Z
q6vauI6TbUs,UgwmZ_5daZYp-ezpJnZ4AaABAg,@waynelutton4634,"I've spent the past four hours watching performances on this channel! Terrific! Thanks for posting. I plan on viewing many of your other concert videos through this coming weekend. All the Best from Washington,DC.",6,2022-03-24T01:46:12Z
crg-dpzNp6w,UgwfTwX108r6J6WUSyF4AaABAg,@이기자-l6v,백단장 🎉🎉🎉🎉🎉,1,2025-11-14T16:15:43Z
crg-dpzNp6w,UgwPcWF04FOsKBpUVZ94AaABAg,@가자뭐든,멋지세요❤,0,2025-10-31T17:10:13Z
crg-dpzNp6w,UgxXE2lIy2kzlVywLZx4AaABAg,@cortootify,기대됩니다.,0,2025-10-15T12:20:47Z
i0NiZLuxxmk,UgxK5o1C3OLanoDWdeV4AaABAg,@제임스-c8o,굿 👍 👍 👍,0,2024-11-12T12:10:11Z
QzuuhDH-phM,Ugw1IyIspYkueUZEC994AaABAg,@Rosa-og2qi,🥰🥰🥰🥰🥰,2,2021-04-03T17:11:25Z
QzuuhDH-phM,Ugz-qIdmJr-EP4ywzNh4AaABAg,@Heejung_music,"하,,, 진짜 목소리 너무 좋다..",1,2023-09-01T15:42:14Z
QzuuhDH-phM,Ugx39Q0lsZPNRUfyInp4AaABAg,@Hwagasoo,Brava !!! 너무 잘하세요 :),2,2021-06-11T04:31:50Z
QzuuhDH-phM,Ugx89rLpILSyy_TDyjR4AaABAg,@jinseongseo8009,♡,1,2021-02-20T16:48:58Z
QzuuhDH-phM,UgyeetJ9-HvwX1F-eUR4AaABAg,@jihunikim9008,브라바~!^^,2,2021-02-18T03:59:43Z
QzuuhDH-phM,Ugz2AtNm_iSRU7q_tKJ4AaABAg,@김학범-u7r,너무 멋진 목소리 감사합니다..♡,2,2021-02-18T08:18:59Z
QzuuhDH-phM,UgwjJ3ZGJx60auz87Xd4AaABAg,@markuskohler7634,Großartig! Kompliment zu  dieser Darbietung!,3,2021-04-03T11:50:43Z
SMnBC7scdnk,Ugz_ht0nmkx8B9Hwpsp4AaABAg,@박토리-m2i,소리의 깊이를 알게 해주는 목소리다,10,2020-06-06T06:40:53Z
SMnBC7scdnk,Ugw-G-BWJsAbfULC1WR4AaABAg,@bankyou1000,"배혜리님 어여쁘시네요 목소리도 얼굴도 표정도요~ 트비로티와의 
훌륭하신 공연덕분으로 [연]을 듣다니 감동입니다 와~~빈체로",14,2020-05-03T04:19:57Z
SMnBC7scdnk,UgzxlW537mGOhbFT3WJ4AaABAg,@찌니사랑-e3k,목소리  아름다우십니다  감사~  굿  !!!,8,2020-08-21T23:03:01Z
SMnBC7scdnk,Ugzq5CDo-yf-_9PMO1V4AaABAg,@산들-l5c,호중찿아다니다 들렀네요,10,2020-05-20T06:39:17Z
SMnBC7scdnk,UgyU7IBmIY7SFFeOrcF4AaABAg,@ruda5972,우리 혜리 쌤의 '연'은 최고에요👍 그 중 '기다~리네 기나긴 내 사랑~' 이 부분이 전 제일 좋아요,9,2020-02-28T08:57:02Z
SMnBC7scdnk,UgzvgGL3d_cMvGRB1cF4AaABAg,@아롱다롱-w3l,김호중씨때문에 여기까지 찾아왔네요    정말 잘하시네요 우리호중씨때문에 이분까지팬되겠으~~~,20,2020-02-29T10:07:20Z
SMnBC7scdnk,UgxjJCw7Ko-Hz38UbOZ4AaABAg,@이름이름-u2t,너무 잘불러서 놀랐어요 좋은 노래 감사합니다,1,2021-11-11T14:11:15Z
SMnBC7scdnk,Ugx_-Ov83zLXvvdlJTJ4AaABAg,@kimsoonee5810,"김호중씨 듀엣, 넘 아름다워 배혜리님 유투부 찾아 보았네요.아름다우시고 소리도 아름답습니다.
가곡 목련곳 사월의노래, 등 마음 다듬어주어 고맙습니다
봄 하늘 처럼 이쁜날 되세요",21,2020-05-17T11:32:49Z
SMnBC7scdnk,UgxgpCOnhX019ZcrjNF4AaABAg,@soyoung2516,"가사가 잘 안들려요
목솔은 넘 좋아요",2,2020-10-28T17:48:54Z
SMnBC7scdnk,UgxYqBr_3yrHpBksJ9h4AaABAg,@아름다운CTG,멋지심요!  저도 팬되겠슴다.,12,2020-03-28T15:29:06Z
SMnBC7scdnk,UgxXaV1Cx5UmMHnz8cp4AaABAg,@남신동선-b5s,백인 혼혈 인가요?,0,2020-12-29T04:13:12Z
SMnBC7scdnk,Ugzxh7HtP3IMMlgw9wF4AaABAg,@제로즈-l1j,"대단한 음색과 곡이해력이 돋보이는 소프라노 
스타성이 충분한 성악가라고 생각됩니다",0,2023-11-16T13:50:23Z
MtafWsz7jHc,Ugwp8z6n1ftUBh-fM2l4AaABAg,@tristan6862,"한국과 유럽의 클래식을 크로스오버하여 새로운 감동을 주는 우효원 작곡가님 감사합니다. 이런 시도를 리드하고 후원하는 윤의중 지휘자님과 국립합창단이라는 함선이 있어서 든든하네요. 새로운 곡을 깊이 있게 표현해내는 고영열이라는 훌륭한 악기도 있구요. 역사적 배경, 시, 소리에 익숙한 한국인들에게 감동을 주는 것을 넘어서, 세계적인 보편성으로 새로운 클래식 사조로 자리매김하기를... 빈의 무짘퍼라인에도 오르는 그 날이 오기를 기대합니다.",31,2020-09-20T03:49:51Z
MtafWsz7jHc,UgyPsweYr2WjSv1fYJV4AaABAg,@jyl7638,"올려주셔서 감사합니다. 고영열 씨의 소리와 국립합창단의 조합은 항상 국악의 새로운 방향의 가능성을 느끼게 해줍니다. 소리꾼의 소리와 성악과 합창단, 오케스트라가 이렇게 조화롭고 감동적일 수 있다는 것을 다시 깨닫습니다. 우효원 작곡가 님의 곡은 한국적 클래식의 모습을 보여주는 것 같습니다. 여러 차례 인증된 믿고 들을 수 있는 소리꾼 고영열 씨와 국립합창단 이 조합을 다시, 더 큰 무대에서 볼 수 있는 날이 빨리 오길 바랍니다.",33,2020-09-19T06:44:07Z
MtafWsz7jHc,UgxF7W2JcqhnBcsQ2nh4AaABAg,@lululu1,공연 끝나고도 계속 기억에 남아서 혼자 되뇌던 곡입니다. 처음 들었을때의 그 충격이란..!!,25,2020-09-19T06:01:55Z
MtafWsz7jHc,UgxVl30datdT8HXeUG54AaABAg,@sj-ug6vy,영열님은 역시 대가이시네요 테너 박의준님의 폭풍성량과 어울려 기막힌 화음을 이루시다니 꽃은 빨갛게 피지 않는가에서 합창단과 어우러져 그 웅장하고 아름다운 화음에 감동받았습니다,39,2020-09-19T07:04:40Z
MtafWsz7jHc,UgymLNuIdBVlHOVPRsB4AaABAg,@파랑새-z5o,그 날 공연의 소름끼침이...가슴도 미어지고..너무 멋있는 공연이었는데 다시 들을수 있어서 감사합니다 ~^^,27,2020-09-19T07:05:36Z
MtafWsz7jHc,UgwbxNG2qVizyGmtS_t4AaABAg,@youngl5381,이 날 공연 중 가장 인상깊었던 곡입니다. 소리꾼 고영열님과 테너 박의준 님의 목소리 조화가 너무 좋았던 무대에요. 올려주셔서 감사합니다! 다시 그때 받았던 감동이 다시 몰려 옵니다. 고영열 님과 국립합창단 조합은 정말 최고네요!,47,2020-09-19T06:10:50Z
MtafWsz7jHc,UgxO9a1rjQDOnrW9TQ94AaABAg,@velvethorizon-m,드디어 올라왔네요 고영열님의 처절한 목소리에 눈물이 났어요 정말 감동입니다ㅠㅠ,30,2020-09-19T06:27:01Z
MtafWsz7jHc,UgxNO2hY0jPxaQcg74p4AaABAg,@iscomingtotown,이날 공연 중 이무대가 가장 인상깊었어요😢😢,26,2020-09-19T05:13:30Z
MtafWsz7jHc,UgyRK2r811XhvUUJQa54AaABAg,@katel.5317,고영열님의 목소리엔 가슴을 울리는 힘이 있습니다~이런 무대 감사해요~~^^,31,2020-09-19T07:15:59Z
MtafWsz7jHc,UgwGbdV4Zr__yIn9EHp4AaABAg,@꿈틀-p8d,"오히려 꽃은 빨갛게 피지 않는가!
노래가 끝나고 나서도 고영열, 박의준 이 두분의 목소리로 깊게 울림을 남기네요 우효원 작곡가님의 곡은 우리의 아름다운 시인들의 글에 생명을 불어넣는것 같아 항상 감동합니다~ 기회가 되면 꼭 직관하고 싶네요 ㅠㅠ",33,2020-09-19T12:20:33Z
MtafWsz7jHc,Ugzc0V3lriLd1tFF-xp4AaABAg,@커피나무-h9k,시대의 아픔을 어떻게 이렇게 목소리로 음악으로 처절하게 들려주실수 있을까요?! 고퀄 국립합창단의 크고 웅장한 소리를 뚫고 나오는 한의 소리 고영열님! 좋은 무대 만들어주신 윤의중 지휘자님. 우효원 작곡가님. 모든분께 깊은 감사드립니다! 내년무대도 벌써 기대됩니다!!!♡,28,2020-09-19T13:43:16Z
MtafWsz7jHc,Ugw3EF5hzKIZ1n1lAFR4AaABAg,@herbagratia,"이 노래 다시 듣고 싶었는데 이렇게 따로 올려주셔서 너무 감사해요. 우효원 작곡가님은 우리 시를 재해석해서 곡을 붙이는 데 정말 탁월한 재능이 있으신 것 같습니다. 이 무대 덕분에 시도 다시 찾아서 읽었어요. 

정말 감사해요!",26,2020-09-19T10:25:50Z
MtafWsz7jHc,UgwP660quyj43z8YmbJ4AaABAg,@바람결-n4b,"너무 기다렸던 꽃!! 너무 감사합니다!! 국립합창단 그날의 공연을 잊을 수가 없어요.
앞으로도 좋은 공연 부탁드립니다!",31,2020-09-19T06:31:11Z
MtafWsz7jHc,UgzK6fRPAVL_MRAvK5F4AaABAg,@novaluce5974,두 분의 열창에 볼때마다 저도 함께 곡에 몰입하게 되네요. 국립합창단과 함께 나오는 부분에서 완전 소름돋았어요. 정말 감동적인 무대입니다💚💚,31,2020-09-19T08:42:59Z
MtafWsz7jHc,UgwA3QnZwAo7weDKRV54AaABAg,@불면증-p6f,꽃 클립 올려주셔서 감사합니다. 그날 현장에서 느꼈던 감동이 다시금 고스란히 전해져옵니다.,22,2020-09-19T06:44:09Z
MtafWsz7jHc,UgxUG2hqCT6MaMSmo0h4AaABAg,@_choloks,"우리 역사, 시대의 아픔을 글로 책으로 먼저 배웁니다. 하지만 그 감정은 이렇게 음악이 전달해 주네요. 광복절 공연은 광복절의 의미를 되새기게 해주는 값진 시간였어요. 고영열님과 박의준님의 열창 감사합니다.",34,2020-09-19T06:59:45Z
MtafWsz7jHc,Ugy2bVDwuGEZQ_D-5iV4AaABAg,@romee4236,"영상만으로도 감동적이네요. 현장에서 직관하신 분들이 부럽습니다. ㅜㅜ  우효원 님, 고영열님과 국립합창단의 조합은 진짜 최고입니다. 박의준 님의 목소리도 멋지구요. 이런 공연이 세계로 나갈 수 있으면 좋겠습니다. 영열님 매년 초대해 주세요. ^^♡",26,2020-09-19T13:52:08Z
MtafWsz7jHc,Ugw9Sr8QhZNnwtOT5ch4AaABAg,@lanuit9733,테너분 목소리가 엄청 카랑카랑 하셔서 멋있습니다. 고영열씨도 역시 멋있구요 😮,22,2020-09-19T05:19:04Z
MtafWsz7jHc,UgyLSZHq3QIZ8BNv2ZJ4AaABAg,@mh_y-r5x,가장 좋았던 무대~그날의 감동이 그대로 느껴집니다🇰🇷,22,2020-09-19T06:33:53Z
MtafWsz7jHc,Ugx8NgOdPoioF7WTAht4AaABAg,@moth8009,너무 기다렸어요 곡 연주 지휘 합창 소리의 조합 최고였어요 뭉클하네요 다시 올려주셔서 감사합니다!,22,2020-09-19T06:45:29Z
MtafWsz7jHc,UgzzmB-XypB8LWmp0JF4AaABAg,@baritonetaejunjeong,미쳤다........너무 좋습니다..!!!!!,22,2020-09-19T13:37:40Z
MtafWsz7jHc,UgzyZTu6-4O5twMC84l4AaABAg,@캐리-y3l,1일1꽃,14,2020-09-23T02:12:42Z
MtafWsz7jHc,UgxGGhmnBASRU-fOHXB4AaABAg,@sunnypark8072,영상 올라온뒤 하루에 서너번씩 보네요 들을때마다 울컥해요 영열님 앞으로 날들이 더욱더 기대됩니다,18,2020-09-22T11:36:18Z
MtafWsz7jHc,UgxlhBwnrNaGaDP1CUR4AaABAg,@다움-i1f,"그날의 감동이 되살아나는것 같아요 
다시 되새길 수 있게 올려주셔서 감사합니다🙏",23,2020-09-19T11:11:56Z
MtafWsz7jHc,UgyuujqgZZi-XBqjg0x4AaABAg,@teenypop,이 날 이 무대가 제일 좋았는데 올려주셔서 감사합니다.,20,2020-09-19T05:53:12Z
MtafWsz7jHc,Ugy7UVaM-_MF8HmAO914AaABAg,@iana8967,아 공연을 보지 못한게 너무 안타까워요 ㅠㅠ,15,2020-09-20T04:40:22Z
MtafWsz7jHc,Ugxvu6QwT0e1VoFPLYx4AaABAg,@파란사과44,아~우리 영열님이 이런 분이었군요...대한민국을 사랑하는 사람으로...하며 울먹이던 모습이 떠오르네요...고맙습니다...,14,2020-11-24T12:32:29Z
MtafWsz7jHc,UgwUNB8DAJLd18Wmk4d4AaABAg,@enhyakim3820,드디어 드디어! 너무 기다렸어요. '꽃' 감사합니다🙏,21,2020-09-19T05:48:02Z
MtafWsz7jHc,UgxcAVr1FwkB7YLua0V4AaABAg,@nyangdala3223,"국악, 성악, 합창단과 오케스트라의 크로스오버로부터 강한 울림을 받았습니다. 고영열 씨와 합창단의 합이 빛났던 엔딩곡인 힘내라 대한민국도 참 좋았는데 없어서 아쉽네요.",15,2020-10-01T17:48:48Z
MtafWsz7jHc,UgxE43awi-q1hklj0vV4AaABAg,@지않아,꺄아아아 꽃 드디어 떴군요!!! 최고입니다,20,2020-09-19T06:17:02Z
VCy6mb3HzYE,UgyakOyDFVo-9iXJvdp4AaABAg,@soobeenleeviolinist,"우연히 연수구립여성합창단 영상을 보게되었습니다
다음 연주때는 꼭 찾아가서 보고
싶네요 ^^",1,2019-11-02T06:10:33Z
wYOAEXwXC98,Ugyki7wT98p7Vb5aGdl4AaABAg,@jiyomiiiii,최고에요😭,9,2022-05-24T03:45:21Z
wYOAEXwXC98,Ugwb3jOE5cntY3Sn7Wp4AaABAg,@lumi_grass,코로나에 피어나는 뜨거운 예술혼!,11,2021-11-14T08:19:12Z
wYOAEXwXC98,UgyJHyUhuEheLtN7TkF4AaABAg,@김수연의솜니움,너무 멋지세요!,5,2022-11-04T05:51:46Z
zW1yBCPOmRY,UgzCpXXPTUoCOb72Ikd4AaABAg,@cupsue7442,나하나꽃피어.. 감히 그동안 들었던 합창곡으로 가장 최고라 말하고 싶습니다. 너무 아름답습니다,11,2023-08-21T13:56:32Z
zW1yBCPOmRY,UgyvzHX2dwn4zAjJaal4AaABAg,@호로리얍s,합창단원들의 아름다운 하모니가 합해져서  꽃밭이 되었네요~^^,14,2021-10-06T10:48:21Z
zW1yBCPOmRY,UgxH3z78IZUUjJQczbF4AaABAg,@이이쁜이꽃,"정말 실력 좋네요. 다른 여성, 혼성 합창단과 비교해서 듣는데 최고네요. 소리균일하고 마지막 튀지 않고 고음처리까지. . .듣기에도 편하고 너무 좋아요. ❤",14,2023-08-08T11:20:42Z
zW1yBCPOmRY,UgwoVLD3mnynpZNfVwx4AaABAg,@lovejesus7902,너무 아름다워요~~~~,3,2024-05-15T03:30:37Z
zW1yBCPOmRY,UgwoE7AbXC80qRqm1OF4AaABAg,@Y.s.h-e2w,"아름다운 시, 아름다운 선율...정말 아름습니다~~😊😅",5,2023-10-15T16:49:55Z
zW1yBCPOmRY,Ugw3b6A_ZvLuM9BEJk14AaABAg,@잔잔한인생-q6d,👍 요즘 대구시립이 국내 최정상권 합창입니다.,1,2025-11-25T14:54:11Z
zW1yBCPOmRY,UgybLkIxebs9Z1PWWf14AaABAg,@유현경-c5g,브라비♡♡♡♡♡,3,2023-04-29T12:30:59Z
zW1yBCPOmRY,UgwFrP-tZ853rmyYxaJ4AaABAg,@goodchoicea,너무 아름답네요..,3,2022-06-26T11:04:29Z
zW1yBCPOmRY,Ugzgo_gg2wswkn8_WBJ4AaABAg,@freddiejeon9998,"너무 아름다운 연주 감사합니다

가사 올려주실분 없을까요?",3,2022-08-01T15:58:03Z
zW1yBCPOmRY,UgzVUNvuQhJzHlfhPPx4AaABAg,@김한수-g4y,목소리가 너무 좋으세요. ^^ 발음이 잘 들려서 많은 도움이 됩니다. 잘 듣고 갑니다,2,2024-07-24T06:05:20Z
zW1yBCPOmRY,UgxpxhK6BeXpVvsNoFR4AaABAg,@음악처럼사는여자,"너무 아름다운 연주~
감동입니다!",3,2022-02-11T03:20:33Z
zW1yBCPOmRY,Ugyws4ZbsiC9yKj9Ve94AaABAg,@참사랑-j4k,"나 하나 꽃 피어

풀밭이 달라지겠냐고

나 하나 나 하나 꽃 피어

나 하나 꽃 피어

풀밭이 달라지겠냐고

나 하나 물들어

산이 달라지겠냐고

나 하나 나 하나 물들어

나 하나 물들어

산이 달라지겠냐고

말하지 말아라 말하지 말아라

내가 꽃을 피우고 너도 꽃피우면

결국 풀밭이 결국 풀밭이

온 세상 풀밭이

꽃밭 되는 것이 아니겠느냐

내가 물들고 너도 물들면

내가 물들고 너도 물들면

결국 온 산이 결국 온 산이

활활 타오르는 것이 아니겠느냐

나 하나 꽃 피어 나 하나 꽃 피어

풀밭이 달라지겠냐고

나 하나 물들어 나 하나 물들어

산이 달라지겠냐고

말하지 말아라 말하지 말아라

내가 꽃 피고 너도 꽃 피면

온 세상 꽃밭 되는 것 아니겠느냐",11,2023-05-05T10:04:17Z
zW1yBCPOmRY,UgwG5MH-7gb4Ix8a5Op4AaABAg,@김상준-z4i,외워서 했으면...,2,2024-06-08T02:32:09Z
zW1yBCPOmRY,UgyQLlF5ClsHDPzMDhl4AaABAg,@davekim2382,마지막 고음부분 굳이 올릴필요가 있었을까 싶은데 그거빼곤 다 잘들었습니다 ㅋ,3,2023-09-20T10:56:37Z
zW1yBCPOmRY,UgxMmQaYU3nWVCBfEqR4AaABAg,@sunsun9263,가사가 업어서 빵점 ~,1,2023-09-01T15:42:32Z
YCH0BkflGow,UgwD_YKO7vMPo5Hvi1F4AaABAg,@용희-o4x,즐감하고 갑니다.,2,2022-01-23T10:22:25Z
B5257AtrsRg,Ugy7pLTjWr9wE1emv3J4AaABAg,@olgadesouza2549,Aí sim eu aprecio este casal.,2,2026-07-09T22:25:05Z
B5257AtrsRg,UgxO-ZdD9eFtg270Z_p4AaABAg,@jeronimarodriguesdasilva1634,"Boa tarde meus queridos esto apaixonada por vocês maya mulher sabia não pensou duas vês foi logo cuidar do seu amado
Tem que ser assim mesmo não deixa ele 
Pra ninguém igual nos vidios passado
Que aquela  lanbisgoia deu de sima dele mas ele
Foi fiel a você não deu trela pra éla agora seja mais carinhosa com ele
Homem  tanbem não 
E de ferro né 😂😂😂❤❤❤",9,2026-07-09T16:27:07Z
B5257AtrsRg,Ugxs5yZlPCnePZRPMlN4AaABAg,@AlessandraGastao,"Nossa estou muito feliz de ver os vídeos  , cada vez vcs estão  mais unidos so falta  vc e David  ter mais carinho um com outro❤",1,2026-07-09T23:23:40Z
B5257AtrsRg,UgznJoZiRHWzKKqvPmd4AaABAg,@RuthFlores-n5r,"Hermoso dibujo de la niña y tiene mucha razón, ahora son una familia feliz, mil bendiciones David❤❤❤❤❤",0,2026-07-10T00:29:46Z
B5257AtrsRg,UgxfmxrhOip6ebZRKjJ4AaABAg,@graziabasile,Mio caro David finalmente ai trovato un po' di serenità e felicità e ti stai costruendo la tua famiglia con Maya e la bambina sono molto felice bravo il mio David ❤❤❤❤❤❤❤❤❤❤❤,1,2026-07-09T15:59:20Z
B5257AtrsRg,UgwIZJ0Nq71bwL4WAbt4AaABAg,@IvanaPessanha-z3i,Boa Noite David e Maya ❤❤ ❤🙏🙏🙏👏👏👏🇧🇷🇧🇷🇧🇷,0,2026-07-09T22:36:44Z
B5257AtrsRg,UgyYJCiowjbSXfde3Qd4AaABAg,@PiliMan-y7n,😂😂😂😂QUE GRACIOSOS LOS GALLOS..😊,0,2026-07-09T22:58:49Z
B5257AtrsRg,Ugz8iigRctahwvoZXI94AaABAg,@rosamendes4887,Que maravilha os dois um ajudando o outro isso é amor verdadeiro ❤❤ Rosa do Brasil 🥰beijos Trang,1,2026-07-09T22:37:44Z
B5257AtrsRg,UgwkeM7JfawEZAOEYpZ4AaABAg,@IlmaBrum,Feliz cidades por fin juntos bendiciones,1,2026-07-09T18:45:23Z
B5257AtrsRg,Ugx3njLwUGmZk3lk1iF4AaABAg,@ClaudeteDelbaje-v2z2r,Estou amando vocês ❤️❤️❤,1,2026-07-09T22:14:07Z
B5257AtrsRg,Ugys3hn2HGd-ZRSNYR14AaABAg,@vaniahilaria8287,Estou torcendo por vocês,1,2026-07-09T22:04:34Z
B5257AtrsRg,Ugw3Cj6ZIQpF0HBbcU54AaABAg,@marilenesoares3912,"Boa noite Maya e David, parabéns pela vida nova de voceis recomeçando e lutando juntos,😘 na sua filha adotiva.",1,2026-07-09T22:15:19Z
B5257AtrsRg,Ugw7EmREXT-wwkGeSZh4AaABAg,@rosamendes4887,Tchau amo vcs até o próximo vídeo David Maya e Trang linda 🥰,0,2026-07-09T23:07:40Z
B5257AtrsRg,Ugx9VWahH7qf9m9p6hl4AaABAg,@MariaLourdes-u9c,Boa noite amores jesus abençoe todos vocês  um abração  ❤❤❤🎉🎉🎉,2,2026-07-09T22:02:11Z
B5257AtrsRg,UgxphOCPVTPlyMi5KwB4AaABAg,@SilviaSainz-k6k,Estas historias si son bonitas Maya y David puedes verlas dos o tres veces y no te sientes mal al contrario disfrutas ver mucha felicidad la lucha que ellos hacen para estar bien y amarse como nadie que Dios me los bendiga hoy y siempre sigan para adelante les falta poco para alcansar la cima,2,2026-07-09T22:51:04Z
B5257AtrsRg,Ugzx4CiDX_TmxJcMpKV4AaABAg,@ElzaChavantes,Maya e David  nunca deixe de gravar vídeos pra nós. Tenho muito carinho por vocês e pela menina que vocês adotaram. Gesto lindo. Agora ela tem um lar e um papai e mamãe pra cuidar dele. A casa que David construiu ficou maravilhosa. Deus abençoe vocês. Que o amor e a felicidades nunca se afasta de vocês. Amo vocês ❤❤❤,0,2026-07-10T01:12:01Z
B5257AtrsRg,UgyBnOJejO_RWpgMfi14AaABAg,@PiliMan-y7n,MAYA DE VERDAD QUE ERES SABIDURIA PURA...MADRE MIA...,2,2026-07-09T22:11:51Z
B5257AtrsRg,Ugwa2dOQptr2KT1dZ814AaABAg,@maureenintai3888,It must have been fun digging so many big bamboo shoots. Nice to see the three of you adapting to the new life. Always be happy my dears.❤,0,2026-07-09T23:15:23Z
B5257AtrsRg,UgyBeQUaKONE3L3V6kV4AaABAg,@SoniaBarbosa-w1z,Boa noite David e Maya que Deus abençoe vocês muito bjsssssss pra vocês no coração ♥,1,2026-07-09T22:23:49Z
B5257AtrsRg,UgwUrlX6WDSTNhxV7sN4AaABAg,@MariaGraca-pe4xj,Boa noite David e Maya e Trang  estou muito feliz pela essa união que nada venha impedir essa felicidade de voces  ❤❤❤ S Paulo Brasil,0,2026-07-10T01:17:20Z
B5257AtrsRg,UgwTnQXXzIxkqH2t1-h4AaABAg,@hildapereiradasilvapereira306,Maya David felicidade saúde muita paz vocês Brasil que Deus abençoe vocês Brasil ❤❤❤,0,2026-07-09T23:46:37Z
B5257AtrsRg,UgyLSJC8-pga-mavZRN4AaABAg,@TriệuDu1,Helo❤❤❤,0,2026-07-09T23:36:17Z
B5257AtrsRg,UgxY1joiV8eSxisTs9J4AaABAg,@rosamendes4887,"David e Maya parabéns pelo vida de vocês estou feliz de vê los juntos e felizes o amor de vocês é lindo ❤❤
Rosa do Brasil 🇧🇷",3,2026-07-09T21:59:29Z
B5257AtrsRg,UgxY8ISwbl4bQpUYu6V4AaABAg,@RitaAlexander-z5n,The three of you looks like a happy family. David you and Maya should adopt Trang. You will make great parents and I am sure little Trang will be happy ❤,0,2026-07-10T00:00:09Z
B5257AtrsRg,UgwmWBguF20K4j0O8MF4AaABAg,@SilviaSainz-k6k,David tienes que meter esa cama que trajeron de la casa de Maya esta muy bonita y con la lluvia se hechara a perder saca la que tu hiciste y pon la de Maya gracias,1,2026-07-09T23:08:43Z
B5257AtrsRg,Ugz_tZ2pAKK0XQ4aLs54AaABAg,@LUIZADEFATIMAMUNIZDOSSANTOS,"David e Maya e a menina ,amo muito assistir os seus episódios o amor e carinho pela família e as suas jornada do dia a dia Deus abençoe grandemente 🙏❤️ assisto o seus vídeos aqui na cidade de Caraguatatuba SP Brasil até o outro vídeo novo fica com Deus",0,2026-07-09T23:22:52Z
B5257AtrsRg,UgxhMWaNQDraxECYA9F4AaABAg,@mariagladysreyessotomayor3141,A vender incertidumbre de bambú 😮😮😮😮 que gran allazgo,0,2026-07-10T00:40:51Z
B5257AtrsRg,UgwGQ8zA7BBbQQrKBKp4AaABAg,@editemaranguanhe2214,"Eu me delicio vendo vocês trabalhando e estando sempre juntos! E Trang, mesmo sendo ainda criança, sintetizou muito bem a vida em família de vocês no lindo desenho que fez! Amo ver vocês felizes na simplicidade!!!",2,2026-07-09T23:08:29Z
B5257AtrsRg,Ugx1p58IiYqkTzFgZ1Z4AaABAg,@PiliMan-y7n,DE VERDAD.. QU AGILIDAD MANUAL Y QUE FUERZA,0,2026-07-09T22:36:15Z
B5257AtrsRg,UgwCAa9UU7hZuGojSWJ4AaABAg,@marie-christinegrosjean8512,"Bonjour, vous êtes un couple merveilleux qui a su  s adapter ,votre amour a grandi. Maya est resté avec la famille. Bravo pour cette intelligence. Trung a  compris ds son dessin le rôle de parents. Soyez heureux tous les trois 🙏 🙏 🙏",0,2026-07-10T01:14:59Z
Shq9KCWfIfA,UgysYQkrS4hRARWxSSV4AaABAg,@chohe_5,와 두뉴 반전매력 미쳤다,746,2025-02-06T06:27:27Z
Shq9KCWfIfA,UgyRIw6VgP0UTYrK_LB4AaABAg,@d-8rt,와 두뉴 실력 미쳤다 4년차인 나보다…잘하는것같은 건 뭐지?,309,2025-07-26T09:09:07Z
Shq9KCWfIfA,UgyImRYyTbQRGzNBKxh4AaABAg,@쿠키789,두뉴 수줍어진 모습 처음본다..❤ 피아노도 잘치구ㅠ❤,351,2025-03-08T10:30:44Z
Shq9KCWfIfA,UgzHeRyvmspYE52EY8d4AaABAg,@수인신-p4b,"와.....진짜 진심으로 두뉴 피아노 진~~~~짜 잘친다😮
헐...좋아요가51개?",105,2025-02-05T13:53:56Z
Shq9KCWfIfA,UgyHSwtdp5Lg3Aln0_F4AaABAg,@lim1600,"아니 하뉴,두뉴 너무너무 잘한다 ㅠ❤❤❤",375,2025-02-08T03:21:42Z
Shq9KCWfIfA,UgwmBYe828v7q-18GQ54AaABAg,@최남매-c1i,하뉴두뉴 너무 잘한다!❤❤❤ 떨려도 완전 잘해!!❤❤,84,2025-02-11T08:56:20Z
Shq9KCWfIfA,Ugzo0p4KI9-_exKnQP54AaABAg,@ch_1ngkz,"두뉴 뭐야 저 고사리 같은 손으로 엄청난 피아노 실력!하뉴도 심지어,.,.완벽한 가족",255,2024-11-16T05:07:36Z
Shq9KCWfIfA,Ugy8nW9kvIKN-2Z7YfB4AaABAg,@박명자-h9b,머야 머얌!! 두뉴 피아노 왤케 피아노 잘쳐!! ♡ 하뉴도 많이 노력하는게 보여!! 근데 맨 마지막에 '이제 맛있는거 먹으러 가자!!' 할 때 이모가 더 신나보이징...?? ㅋㅎㅋㅎ ❤😊🎉,79,2025-05-01T13:23:17Z
Shq9KCWfIfA,Ugw0qsZuApCAWv0NUu14AaABAg,@아댕댕댕,너무 귀엽고 잘한다 두뉴~❤,206,2024-12-10T02:46:42Z
Shq9KCWfIfA,UgzQp6U3klgm6XwlPbR4AaABAg,@임경희-v9e,"저도 피아노 학원에서 콩쿨 나가봐서 그 떨리는 마음 알지 ㅎㅎ 두뉴,하뉴 너무 잘친다😊😊",39,2025-01-15T05:53:31Z
Shq9KCWfIfA,UgwSwqqts4trKMW6H6d4AaABAg,@맂융짱,우앙 두뉴언니넘 잘한다!!!!! 하뉴 오빠도 넘 잘하시는데영!!!!!!!🎉🎉,330,2024-10-20T11:23:56Z
Shq9KCWfIfA,UgxrhtszfXgNtMCEuLF4AaABAg,@한한종이,"하뉴두뉴 너무 피아노 잘쳐요❤
저도 피아노 학원 다니는데
하뉴두뉴 만큼은 저도 너무 어려워요😢
콩쿨곡 듣고 감동했어요🎉",7,2025-01-29T02:01:41Z
Shq9KCWfIfA,UgzhpL0ftu7deUUy6pN4AaABAg,@박현지-u8t,와...둘 다 너무 잘해 멋져ㅠ❤,126,2024-10-20T12:53:36Z
Shq9KCWfIfA,UgwdNrGEqvNOknn7ZdR4AaABAg,@이서가너무기여운앵냥,와 .. 피아노 미춋다  ⸝⸝,38,2024-10-20T11:25:01Z
Shq9KCWfIfA,UgxEd012g-F1yGmbcbx4AaABAg,@O.x-o2h,"하뉴피아노 치실때 대단히 피아니스트 같은 의상과
그렇지 못한 연주에서 물 뿜었어요 ㅋ",1,2026-02-04T08:37:38Z
Shq9KCWfIfA,UgyawEvVakfGDS0Mxr54AaABAg,@zengseo,우와아 두뉴 완전 잘한다. 멋있어요!!!,20,2024-10-21T00:22:24Z
Shq9KCWfIfA,UgzY09pM31vBnXA5U254AaABAg,@츠비라해,"두뉴는 자기 또래 친구들보다 5~6배 더 잘함!!
아떻게 이리 깔꼼하고 옙브게 잘치지??",2,2025-04-26T12:47:28Z
Shq9KCWfIfA,UgzIkPmzLKpusVU6h6l4AaABAg,@시쿠나,두뉴언니 왜이래 피아노 잘 쳐요 참 대단해요 하뉴오빠도 피아노 잘 하네요 이런 자신가 굿!!,6,2024-11-14T12:27:37Z
Shq9KCWfIfA,UgxH5i5SND5ZWhQnI5l4AaABAg,@DoksuryTeacher,"와 둘다 너무 귀엽고 멋지다❤~~ 하뉴는 처음인데 긴장했을텐데 너무 멋지고 두뉴는..
그냥 짱짱❤",0,2025-05-03T11:57:04Z
Shq9KCWfIfA,Ugy2nkf8J4x123nKyMN4AaABAg,@플라잉-j2i,ㅋㅋㅋㅋ어머님 이제 맛있는거 먹으러가쟈ㅑㅑ할때가 제일 행복한 목소맄ㅋㅋㅋ,24,2024-10-21T05:33:58Z
Shq9KCWfIfA,UgzfzN0Yu7GcTx9Bmjp4AaABAg,@설빙-s7d,"이모:이제 맛있는거 먹으러 가자!
두뉴:마라탕!!
하뉴듀뉴 넘 잘쳐여",1,2026-01-22T07:40:12Z
Shq9KCWfIfA,Ugw3FQdW9wGlJBuQIOt4AaABAg,@최유나-y9g,두뉴야.... 뭐.. 뭐야..??? 넘 잘하는데..????❤,6,2024-12-16T11:14:09Z
Shq9KCWfIfA,UgxsWiqlkW96BKWgQjZ4AaABAg,@20walnut15,진짜 두뉴는 그냥 잘하고 하뉴는 처음치고 진짜진짜 잘해용!!!! 저 같았으면 연습해도 하뉴두뉴처럼 못해용😅❤❤,0,2025-04-26T08:59:59Z
Shq9KCWfIfA,UgyPVXNTLbMMrRC_e6V4AaABAg,@sky-k9e,"와두뉴완전 피아니스트 아니예요?
피아노 완전 잘친당 하뉴오빠도 완전 잘쳐요!",5,2024-10-20T12:59:01Z
Shq9KCWfIfA,UgzaZEFtk8lv2-CyRUB4AaABAg,@은-i2c,이모는 화장해도 예쁘지만 생얼이 더 이뿐거 같아용❤ 글구 왤케 다들 피아노 잘치지,1,2024-12-22T07:20:15Z
Shq9KCWfIfA,Ugw4kS-Gs3805VQb-6d4AaABAg,@허봉봉네-h7w,"저도 열심히 연습해서 대상 탔는데...
두뉴도 결과가 좋았으면 좋겠네용",7,2024-10-22T11:07:30Z
Shq9KCWfIfA,Ugyc-elgKNN3JieXaOB4AaABAg,@엔콩_보콩만바,두뉴언니 넘 잘친다ㅜㅜ❤,1,2025-05-09T10:31:52Z
Shq9KCWfIfA,Ugwiz_yy6w1h3CaDTgZ4AaABAg,@so_soyoon,하뉴두뉴 넘 예쁘고 멋있어욘❤,9,2024-10-20T11:22:33Z
Shq9KCWfIfA,UgzdSTk2Sm2ojxeIJ_d4AaABAg,@빈빈바,와아...겁나 잘한ㄷ..다...체르니 몇이에용?너무 잘쳐서 궁금해요!!,2,2025-01-31T13:01:30Z
Shq9KCWfIfA,UgxGbfA0CjqNgD821994AaABAg,@Sso_kh-f1e,와…두유랑 하뉴 진짜 잘하는데요??특히 두뉴 손이 엄청 쪼끄만한데 막 손이 부드럽게 날아다니네요 ㅋㅋ오늘도 영상 잘 보고고갑니다!,4,2024-10-20T11:37:13Z
3zwm8zUePcA,UgxTlCHqpr121RMmHRp4AaABAg,@TriệuJune96,"Her whole life she fought for others… but the most painful battle was fighting to get her own son back.

💔 Betrayed, losing her home, her job, repeatedly harmed by villains… it seemed like everything had brought her down. But with the love of a mother and the will of a female veteran, she still stood up and continued to fight.

❓ If you were in her shoes, having lost everything and been separated from your child, would you be strong enough to keep going?

👇 Please leave a ❤ or a word of encouragement for her.

💬 What do you think helped her never give up?

1⃣ Love for her son
2⃣ The will of a soldier
3⃣ Belief in a better tomorrow

Thank you everyone for watching and following this story.",2,2026-07-07T18:53:31Z
3zwm8zUePcA,Ugwz6JOchiSrAuVuV_J4AaABAg,@SvetanaRodionova,"Вот он настоящий мужчина, дорожите дружбой и тем что он вам может дать!! 😊у вас все впереди и сын скоро будет рядом, вы сильная и все наладиться❤❤❤❤😂! ¡!!",4,2026-07-08T04:38:50Z
3zwm8zUePcA,UgwYSvXeNm2dHJgvqG94AaABAg,@rjoyce268,"Thanks for the recap😊 I think that girl friend is going to help you a lot🙏🙏🙏🙏 you should tell her how you lost your job. Maybe she can tell the police and they can investigate 😮
I wish you and your son the best❤ I hope it gets better ❤ you deserve a good life 
😍😍😍😍🙏🙏🙏🙏🙏",2,2026-07-08T05:56:59Z
3zwm8zUePcA,UgxG7KQMv1LPtwKj1_Z4AaABAg,@ЕленаШевченко-я6ф,"Привет из Украины! Прежде всего вы мать и это муж должен был идти в армию, но раз так получилось вы должны обратиться в полицию- вас никто не лешал материнских прав.",1,2026-07-08T09:20:48Z
3zwm8zUePcA,UgxI79uMzjrcH3rsazF4AaABAg,@CarlosAlbertoRamires-i4r,vc é mulher guerreira não desista nunca ❤❤,2,2026-07-07T22:52:12Z
3zwm8zUePcA,UgztbP14JRAKg9ylQbp4AaABAg,@arletepfelixveira3958,Quer um conselho va a polícia...,2,2026-07-08T02:43:14Z
3zwm8zUePcA,Ugyn3NY9iUgifwAIGDZ4AaABAg,@archilcaguria1760,"ყოველი გულის ტკენა, გამოცდაა თუ როგორ გააგრძელო წინ გზა გამარჯვებისკენ. 💥💥💫💫",1,2026-07-08T12:20:34Z
x5_Dv19xCvA,Ugx7h4fO6lwLrjAzaXx4AaABAg,@mjjd,"🟡 프리미엄 풍수 액자 ""복바라기"" : https://luxuryfengshui.imweb.me/93/?idx=8

🟡 두 번째 책, 돈이 모이는 재물운의 비밀(yes24) : https://www.yes24.com/Product/Goods/119663437

🟡 컨설팅 신청(머찌동컴퍼니 공식 홈페이지) : https://luxuryfengshui.com

🟡 강의(클래스101+ 풍수인테리어) : https://101creator.page.link/G7Lh

🟡 첫 번째 책, 부의풍수(yes24) : http://www.yes24.com/Product/Goods/110025625

🟡 머찐공간 쇼핑몰(일상생활 및 풍수소품) :
https://smartstore.naver.com/fengshui1?NaPm=ct%3Dlfs3xrhg%7Cci%3Dcheckout%7Ctr%3Dds%7Ctrx%3D%7Chk%3Dd2c44d1e69baf2c27892dcf604b25cbcc6d01be3

---------------------------------

🟡 카카오톡 : 머찌동컴퍼니
   (풍수 컨설팅을 원하실 경우에 연락주세요./간단한 질문은 댓글로 부탁드립니다.)
🟡 블로그 : https://blog.naver.com/redisdh
🟡 비즈니스 문의 : redisdh@naver.com

--------------------------------

🟡 머찌동 약력 

💡대통령 풍수자문 천성조 마스터의 아들, 유일한 계승자
💡(주)머찌동컴퍼니 대표 / 풍수부동산컨설팅(공장, 아파트, 주택, 묘, 상가, 기업 등)
💡지금까지 3,000명 이상과 상담, 300곳 이상의 컨설팅을 진행
💡작가 : ""돈이 모이는 재물운의 비밀"", ""부의 풍수 - 100억을 가져다주는 인생"" 
💡성균관대학교 법학과 학사
💡건국대학교 일반대학원 부동산건설개발 석사 과정
💡강연 : 동국대A.P.P최고위과정 특강, 신세계백화점 본점, CLASS101+, 용산 아이파크, 대전 구즉도서관 외 다수
💡TV출연 : TV조선 “기적의 습관”, SBSbiz “생생경제 정보톡톡” 등

언제나 여러분의 삶이 평안하길 바라겠습니다.",6,2023-09-11T01:49:52Z
x5_Dv19xCvA,Ugz5Fq6d_23TOeLa5j54AaABAg,@박경희-n9s4j,맞아요 살빠지면입어야지 버리질 못해요. 그러다가 며칠전에 다버렸더니 속이 편해지고 환해지는 느낌이들어요,7,2023-09-11T06:42:51Z
x5_Dv19xCvA,UgxNpVofsTKJ1iYkzNF4AaABAg,@장월금-m7o,감사드립니다,0,2023-09-14T01:09:55Z
RG9ayJPE9kM,UgwbJyH5vfB7p5xvJPR4AaABAg,@우리들은다음세대,우리와  다음세대에게 도전정신을~~팍팍~~~~,0,2021-03-27T03:35:40Z
_R0slu7kXwo,UgwL-swjO5DXrMppu3N4AaABAg,@도미인준,어쩌면 유튜버가 일을 신속히 처리하게끔 도움준거 아니냐 ㅋㅋ,44,2024-02-24T16:04:29Z
_R0slu7kXwo,Ugw4YYjE5DN5VthM_0R4AaABAg,@JohnDoe-be9pn,"이 뉴스 영상에서 중요하게 봐야 할 요점.
1. 문제가 명백한 법인의 해산이 이루어지지 않고 있는 문제.
2. 문제가 있음에도 여태 방치하다가 유튜버가 영상을 올리니 뒷북치는 행정의 현 주소.",3016,2023-08-07T03:28:03Z
_R0slu7kXwo,UgxHbxoW8VNgjpBbiDl4AaABAg,@iiiiililiiliiilll,"마법단어 ""언론이 취재를 시작하자""
3년간 방치하고 유튜브 영상에 올라오고 기자가 떡밥물어 취재하니 이틀만에 행동 대단하다",3198,2023-08-06T06:55:28Z
_R0slu7kXwo,Ugz7lTOhD5V8nyiwcXx4AaABAg,@zk7by53msp,끔찍한 범죄를 저질렀는데도 법인이 해산절차를 밟지 않는게 선진국에서 가능한일이냐 한국은 정말 법이 쓸모가 하나없냐.,3426,2023-08-06T04:15:38Z
_R0slu7kXwo,UgwH0Tgkcerab02-3ih4AaABAg,@hdj7547,*_이건 유튜버를 고발할께 아니라 저 법인을 해산 안시키고 있는 관련자들을 고발해야지 지들이 관리감독 안한거를 누굴 고발해_*,762,2023-08-06T21:39:39Z
_R0slu7kXwo,UgyYngggqAWWBKkgox94AaABAg,@ho-rg1wu,3년간 잊고 방치하다가 유튜버덕분에 알게되서 감사하다고 못할망정 구속하는건 선넘었다.,224,2023-08-06T18:33:53Z
_R0slu7kXwo,UgxDf13xeM7B9WxmSz54AaABAg,@리나레이나RINAREINA,"지들이 방치해놓고 뒤늦게 움직이는건 뭐죠..;; 들어가라고 해서 들어갔는데 
고발당한 억울한 유튜버…",19,2025-02-23T07:21:51Z
_R0slu7kXwo,UgyLQo2R1Dykb5Ax9-l4AaABAg,@얼라리요-u3g,"법을 상식선에서 좀 만들어라
저런 범죄자들 법인은 개박살내야지
뭘 보호해주려고 그러냐",1344,2023-08-06T04:42:02Z
_R0slu7kXwo,Ugya_nxr5TznzrJPRPd4AaABAg,@아기상어뚜루뚜뚜-s3n,유투버는 왜 고발하냐. 진짜 황당하네.,98,2023-08-09T16:31:24Z
_R0slu7kXwo,Ugw_oMbO1kAm0EfUKrF4AaABAg,@perseus3362,"유튜버가 결국 힘을 실어준건데;   
안좋은 기억이라고 잊어지기만 하면 쓰나..  
법인이  아직도 해산 안했는데",308,2023-08-09T05:00:14Z
_R0slu7kXwo,Ugzk_XTrcuKhLGUwEWp4AaABAg,@Giggle958,"우리나라는 이상한데서 
융통성이 없어... 이상함.",546,2023-08-06T04:49:17Z
_R0slu7kXwo,UgwhYiPQL6QzzFnl5vh4AaABAg,@aedhjjk,뭐가  제일 상처겠어 판결의 결과지  진짜 월급만  받는다고 정직한게  맞나싶다  판사라는 직업이,1986,2023-08-06T03:50:51Z
_R0slu7kXwo,UgwsgC5WV5G5fiVAmfN4AaABAg,@darkngel012,얼마나 썪어 문드러졌으면 저 폐가를 해산시킬 생각은 안하고 오히려 유튜버를 고발하냐? ㅋㅋㅋ 대한민국보면 참 문제가 많다,792,2023-08-07T00:53:10Z
_R0slu7kXwo,UgwPDvUXJx7a60K0O9p4AaABAg,@신의뜻대로-x2m,가식과 위선으로 가득한 세상,893,2023-08-06T03:19:23Z
_R0slu7kXwo,UgzAOho---oG0HPihZF4AaABAg,@jaeseongkim1052,저 유튜버 아니였으면 수면위에 올라오지 않았을 사건 아니니?? 무조건 뒤에 숨겨진 얘기는 일단 가려놓고 메신저부터 공격하는구나..,547,2023-08-07T02:27:30Z
_R0slu7kXwo,UgyISIMxmpzKv3EUKul4AaABAg,@rorolatte,"이건 유튜버가 문제가 아니라 
유튜버 덕분에 개선되는 거 아니냐",10,2024-05-13T11:50:24Z
_R0slu7kXwo,UgzGaGI3ccDmMSz7x7Z4AaABAg,@nimble9985,지들이 관리 안하면서 남을 고소하는 우리나라 공무원,22,2023-08-06T05:05:06Z
_R0slu7kXwo,UgyfjWL7j4RShvRLP814AaABAg,@행복한사진사,지들이 제때 처리 못하고 저걸 알린 유튜버를 고발하다니. 양심의 가책도 없는 사람들이네.,7,2025-01-13T03:29:49Z
_R0slu7kXwo,Ugya1_DCGZXU07LDyHl4AaABAg,@LEEJAE266,3년동안 방치된 이유는 지자체가 관여를 할 수 있는 방법이 없어서가 아니라 해결하려는 의지를 가진사람이 없어서 이다!,65,2023-08-07T15:31:20Z
_R0slu7kXwo,UgyeFihnVA2IB7LCFQh4AaABAg,@seanjung6000,대한민국은 진짜 법이 싹다 바뀌면 좋겠다.. 나라가 저런 방치된곳 법적으로 폐쇠도 못한다니 할말이 없다 없어,272,2023-08-08T15:13:48Z
_R0slu7kXwo,UgycM94dz2vcfLFxykl4AaABAg,@user-ip4tq1xv6k,범죄가 법위에 있음을 보여줌,17,2023-08-06T05:00:57Z
_R0slu7kXwo,Ugy4Lw18-ZUZ-f3JJ7R4AaABAg,@하루하루-t7l,안 좋은 기억을 가지신 분들께는 죄송한 이야기이지만 자꾸 이렇게 여기저기서 거론되다 보면 건물 해체를 신속하게 결정할 수 있는 요인이 되지 않을까 생각 되기도 하네요. 행정처에서는 늘 일을 지지부진 느리게 처리해서 이렇게 먹잇감을 제공하면서 촬영한 사람 탓을 하면 안 되는 것이죠. 여하튼 처리가 빨리 되어서 다른 건물이 들어서든 뭐든 빠른 진행이 이루어지길 빕니다.,406,2023-08-07T15:09:59Z
_R0slu7kXwo,UgyLT6OmbogsY9vYMdd4AaABAg,@어나니머스74,"이런건 잘도 잡아가네
롤스로이스 타고 마약까지 한 짐승이 사람 잡는건  풀어주는 돈 맛에 미친 법",8,2023-08-06T05:32:36Z
_R0slu7kXwo,Ugyy1ByjXBv3FlFxkwV4AaABAg,@paradox918,청주시가 유튜버를 주거지 무단침입으로 고발? 니들이 처벌받아야해 이것들아~,111,2023-08-13T02:24:43Z
_R0slu7kXwo,Ugx1DUVgC4ZHnRRvxIZ4AaABAg,@miracle2454,"학창시절 한 달에 한 번 성당에서 자원봉사 다녔던 곳이라
마음이 아프다 ㅠㅠ",256,2023-08-06T10:18:19Z
_R0slu7kXwo,Ugwjl8b0gZ4gop1P3tJ4AaABAg,@andcocos7926,무단침입으로 경찰에 고발할 것 까지야 그놈의 고발 좀 그만 남발해라 지들 일이나 제대로 하고 그러던가,25,2023-08-06T15:06:55Z
_R0slu7kXwo,UgzspFKrJnx3H-ZzYZp4AaABAg,@고래-z4r,아니 관리 안하고 방관해놓고 유튜버를 왜 처벌함? ㅋㅋ ㄹㅇ 일 안하네 ㅋㅋ,15,2023-08-10T17:46:36Z
_R0slu7kXwo,UgwYHyPPyOObWXKytHp4AaABAg,@김성곤-u2h,"말은 그럴듯하게 주인 편을 들고 있고,  현 건물을 무단방치 하고 있다는 것은
수많은 사람들에게 아쉬움과 고통을 주지, 빨리 활용을 핳 수 있도록 해결해야지...",59,2023-08-06T19:51:09Z
_R0slu7kXwo,UgxC87lk-tGcTaLHI7F4AaABAg,@purpleyou11,뭐야 이런일이 있었다는게 유튜버덕분에 알수있었는데...,10,2023-08-07T13:13:10Z
_R0slu7kXwo,UgyXI_qJFXyRb1xa_w54AaABAg,@investorkorea,유튜버를 잡는게 목적이 아니라 범죄자 잡아처벌하는게 먼저지,294,2023-08-06T06:58:47Z
XBCelIaXsXk,UgzA2Hcj2FMnRzH1EBN4AaABAg,@kls3152,"안녕하세요 선생님
저는 KBS<무엇이든 물어보세요> 이혜승 작가입니다
다름이 아니라 저희가 ""혈전에 의한 질환""의 사례자를 구하고 있는데 우연히 선생님의 영상에서 ""김현숙""님을 저희 방송에 모시고 싶어 이렇게 댓글을 남깁니다
김현숙님께서 저희 방송에 출연하시어 걷기로 심근경색을 어떻게 극복하셨는지 말씀해주시면 많은 분들께 희망이 될 것이라 믿어 의심치 않습니다.
자세한 설명은 010-7444-9527로 전화주시면 말씀드리겠습니다. 연락 기다리고 있겠습니다.",1,2020-08-04T04:15:19Z
XBCelIaXsXk,UgzF5f6vO-dFeVfYsIN4AaABAg,@baebae7032,유방암 몇기로 진단받았었는지 여쭈어봐도 될까요ㅜㅜ??,0,2020-07-12T03:25:44Z
yubAgM4-zD4,UgwVhSdLNxv59nL3iVJ4AaABAg,@nabikuku,"10년전에 ENT파트 pa로 근무했었습니다. 주로 수술실에서 전공의 대체로 수술을 도왔는데 ..그 위치가 간호부에 속하지도 않았었고 참 애매한 위치였었던 것 같네요. 마이너파트라서 일의 강도가 세거나 하진 않았고 의국 컨퍼런스때 저도 항상 참여하며 교수님들께서도 이것저것 많이 가르쳐주셨어요 덕분에 저도 배울게 많았었고 매달 새로운 인턴샘들 오면 제가 기본수술 프렙이나 어레인지 부분은 알려드리기도 했었던 기억이 납니다. 
장점이라면 pa하기 전 신규간호사 생활 때 태움?을 좀 겪었었는데 pa생활하면서는 간호부에서 어느누구도 저를 터치하지 않아서 전 오히려 자유롭더라고요. 법적인 부분만 보호된다면 좀 더 나은 환경에서 일을 할 수 있지 않을까 싶습니다..",16,2019-02-16T12:11:37Z
yubAgM4-zD4,Ugy9gyqbjktv53pH_vF4AaABAg,@obutterfly966,혹시 믿을만한 의료기사를 볼만한 곳은 어디가 있을까요? 이제 막 졸업하는 4학년이고 저는 PA로 취업하고 싶어했는데 영상을 보니 여러생각이 드네요 ㅠㅠ심도깊은 주제 다뤄주셔서 항상 감사드려요 널스맘님 !,4,2019-02-11T07:54:43Z
yubAgM4-zD4,UgyrgTgBmN1GdfNTC254AaABAg,@최하니-q8n,정말 좋은 정보 감사해요..왕팬입니다. 널스맘님~~^^,0,2019-02-12T08:41:11Z
yubAgM4-zD4,UgxiitZvZpEXy7Egp-l4AaABAg,@이동우-x6h,"병동 PA이지만 참 공감많이갑니다. 보통 병동PA는 prn오더 받고, 회진돌때 따라다니면서 오더픽업 하지만, 결국 사고가 발생하면 저희가 책임지는거죠.. 현실이 그렇네요ㅠㅠ",3,2019-08-07T21:53:27Z
yubAgM4-zD4,UgzhnpnzNiVFUP3C1Ml4AaABAg,@hsk2647,"PA는 뭐라 얘기 하기가 참 어려운 것 같아요.
워낙 다양한 이해관계가 섞여있다보니....

좀 답답해요.
하고싶은 얘기가 많아서 정리가 안되네요.
좀 울컥하게 됩니다.",7,2019-02-11T05:19:15Z
yubAgM4-zD4,UgyIP_0r4G7pPf4uu3x4AaABAg,@minicom9,제딸도..피에이간호사 3년차네요..언제나 응원합니다...화이팅요..구독 좋아요 눌러요,0,2022-04-12T12:48:27Z
yubAgM4-zD4,UgwtJVEw4jgkdXs_zqF4AaABAg,@ThaoduocongyPhucNguyen,so nice,1,2019-02-11T05:59:18Z
yubAgM4-zD4,UgxS5BuV-UyuH7eol_J4AaABAg,@양동훈-j3h,"자주뵙겠습니다. ㅎㅎ  저도 pa하려고 생각을 합니다. 간로학과가서 간호사면허증따서요 방문간호와 가정간호쪽도 생각도하고요.전문간호사 생각을 하지요.
고맙습니다.🙏 🙏 감사합니다.🙏 💘 💞 🍒 🙏",0,2021-04-08T14:31:43Z
yubAgM4-zD4,Ugzdj6O-9FpfCY820Vd4AaABAg,@김종훈-w6e,"혹시 향후10년뒤에도 계속 pa를 뽑을까요? 
그리고 pa로 장기근무 가능한가요??",1,2020-06-11T09:25:33Z
yubAgM4-zD4,UgzpoJcJTTIcIG6vdGh4AaABAg,@윤윤-q9r,"Pa는 간호사도 불법임 의사 제외 전부 불법임 
간호사가 pa,간호조무사가 pa해도 똑같음 불법임",0,2024-09-30T21:28:52Z
bZGDwawFfnM,UgyIZydHNe3Qek_Xfmx4AaABAg,@l_______________________-tb8wt,캬 집에 아무도 없을때가 때론좋죠?ㅋㅋㅋㅋㅋ,0,2020-05-09T03:44:24Z
bZGDwawFfnM,Ugzodoo-mgO4krY7_Nx4AaABAg,@강동수-y6i,차 실내 한번 보여주세요,0,2020-05-09T04:24:34Z
MuIvgJdhahQ,UgzClICqAqoQK_adItN4AaABAg,@성천아카데미,"*시대의 자화상 9강(1) 풀영상 링크: https://youtu.be/NgwkEDd6mZ8
*성천문화재단 : www.sungchun.or.kr


#shorts #쇼츠 #한국문학 #소설 #칼의노래 #김훈",0,2022-10-30T12:40:26Z
U0w1LjZ_C7Q,UgxcqYZtthHtxz7sxBN4AaABAg,@남호식-m2r,"공수처가 제길을 갈지는 국민들의 뜨거운
관심이 상당한 역활을 할겁니다
과거처럼 파묻히게 하면 사회적약자는 항상 일선에서 피해를 봅니다",5,2021-02-01T07:00:40Z
U0w1LjZ_C7Q,UgwbIsH2qxkJFmhAjgV4AaABAg,@조정순-c9z,"검찰 수사권은  없애야 합니다
경찰도  다 믿을수가 없지만
제도를 바꾸어서 법 강화 해야지요
검찰에게 비교가 되겠읍니까?
황운하 의원님 말씀에 동감합니다 
굿모닝 충청 바른소리 응원합니다 
👏👏👏👏👏",2,2021-02-01T08:10:12Z
U0w1LjZ_C7Q,UgzcuvW-0eQgeQkX9vl4AaABAg,@썰꽉,어머나  지가 일등으로 들어왔습니다.  조중동이 아무리 떠들어도 귀에 안들어옴.,5,2021-02-01T06:40:05Z
U0w1LjZ_C7Q,UgzU-nWU9-llWPAu9cF4AaABAg,@hyunsunkoo4248,"경찰만 혼내는 언론사 명단공개하고 리스트 작성해서 언론개혁때 적폐 행적 가려내야합니다.
언론사도 무책임하게 함부로 여론조성하는것에 책임지게 해야합니다.",1,2021-02-12T00:01:18Z
U0w1LjZ_C7Q,Ugw--smXPTLgZw9Hzzh4AaABAg,@하쌤-t8p,보내주신 마스크 잘 받았습니다~ 이런 걸 바라고 후원하는 건 아니지만 받는 마음 너무 즐겁네요. 새해에는 더욱 번창하시고 곧은 소리 쭉 부탁드립니다~,1,2021-02-02T07:37:58Z
U0w1LjZ_C7Q,UgzHB5gxZjF3er1hA7p4AaABAg,@sj-레스토랑,"항상 응원합니다.
굿모닝충청~!!!!",0,2021-02-04T02:11:10Z
U0w1LjZ_C7Q,Ugxl3bEgF8-hRIbJz5N4AaABAg,@정와의_상선약수,Good news 👏,1,2021-02-01T07:58:34Z
U0w1LjZ_C7Q,Ugxr3iJJswDP25mMPpV4AaABAg,@micocw,really good.,1,2021-02-02T04:43:53Z
U0w1LjZ_C7Q,Ugx80VzjEUMlT1PMraV4AaABAg,@retu9984,작지만 바른생각  굿모님 충청멋지다!!!,9,2021-02-01T06:51:27Z
U0w1LjZ_C7Q,Ugy_fBlpU05JhJj-ZVN4AaABAg,@tvheliograph헬리오그라피,검새와 기래기동일체아니던가!,5,2021-02-01T06:58:43Z
U0w1LjZ_C7Q,UgybdP247zjfoo-Zk3d4AaABAg,@구름-h9s,"구독 합시다.
파이팅 충청",3,2021-02-01T06:46:30Z
U0w1LjZ_C7Q,Ugz0yhZBrcigLtoayJ94AaABAg,@아침햇살-o5z,귀에쏙쏙  안나운서 목소리  넘좋아요,3,2021-02-01T07:32:41Z
U-jqXZA619I,UgyaE9-JpHsBDSaFBbB4AaABAg,@곰티쳐,저러고도 뽑아주면 진짜 부산은 답이 없다,4,2021-03-22T10:02:54Z
U-jqXZA619I,UgxT6r5xw8Sqs6jXAI54AaABAg,@Lucifer-yc2rx,진짜 입시게이트는 여기있었네.. 나경원 딸 입시도 함께 수사 해야한다고 본다.,5,2021-03-22T06:14:20Z
U-jqXZA619I,Ugw0wtrGjbs_4JDCqvl4AaABAg,@구겨진하루,"아무리 그래도 표창장보다
못하네..  종이쪼가리 한장엔
수십군데 압색인데~",2,2021-03-22T07:13:35Z
U-jqXZA619I,UgxG5escO3VbLvq_v3N4AaABAg,@tvheliograph헬리오그라피,"당연히 사퇴시켜야,,,나와도 낙동강에 거꾸로 쳐박아 넣어야한다,,,",4,2021-03-22T06:25:05Z
U-jqXZA619I,Ugw_Uh_0Kjzs1qxvHr14AaABAg,@young3027,포털메인에 수백건 뉴스 쏟아내야되는거아님!,0,2021-03-22T10:30:09Z
U-jqXZA619I,UgxEWJQdt92avpnOlYB4AaABAg,@hyunsunkoo4248,"이제 서울과 부산시민들의 수준을 볼수있게 되었다.
앞으로 지위를 이용해 갑질하고 자기 재산이나 불리는 
고위공직자와 정치인들이 대한민국 땅에서 사라지게 
할수 있는 것은  국민들의 안목과 수준이 결정할 것이다.
제발 국민을위해 봉사하며 일할 실력있고 양심있는 신뢰를 져버리지 않는 
인물들을 뽑기를 바랄뿐이다.",0,2021-03-27T06:28:55Z
U-jqXZA619I,UgzDqoQ2T65Nc3jJiOl4AaABAg,@haruharu913,"상식적인선에서는 말이 안되는게, 저 교수가 말하는 입시청탁 시기에는 박형준의 딸이 이미 런던예술대를 재학중이던 시기임 ㅋㅋ. 이건  하버드 의대생이 서울대의대 가겠다고 입시청탁했다는 급..",0,2021-03-24T20:13:08Z
U-jqXZA619I,Ugx5_JaQXlIZpVELPGl4AaABAg,@불효자-e2e,"민주당은 민심을 잃었습니다.
민주당은 가덕도신공항법을 밀어부치지 말고, 범죄를 저지른 의사면허 취소하는 법을 제정했어야 했습니다.
민주당은 소상공인에게만 계속해서 재난지원금을 주는게아니라, 수입없는 가난한 국민을 위한 재난지원금 지급을 했어야 했습니다.
민주당은 느닷없는 사면론을 주장할게 아니라, 윤석열을 탄핵했어야 했습니다.
민주당은 원칙을 지키지않고 단체행동도 불사했던 의사들의 불법 진료거부행위를 처벌했어야 했고, 의대생들에게 3차로 국가시험을 재응시하게 해주지말았어야 했습니다.
민주당은 민심을 잃었습니다.
LH사태는 그저 마지막 배신감의 하나일 뿐입니다. 
친일매국단체 경상도당 귀태 국민의힘 망나니들은 민주당의 민심을 배신한 댓가로 어부지리로 서울시장, 부산시장, 대통령도 하게 될겁니다. 
민주당은 민심을 잃었습니다.
문재인 대통령님과 수많은 공무원들의 민주화를 위한 노력들이 180석의 멍청한 민주당 국회의원 나리들 덕분에 엉망이되었습니다. 
민주당은 민심을 잃었습니다.
민주당은 희망이 없습니다.
이것이 2021년 대한민국의 현실입니다. 무능력하고 멍청한 민주당의원들 때문에 우리 국민들은 또다시 박정희독재정권과 전두환군사정권의 후예들에게 억울한 죽음과 고통의 세월을 보낼겁니다.
민주당은 민심을 잃었습니다.
민주당은 희망이 없습니다..",0,2021-03-22T17:53:35Z
9sAXPshWXQQ,UgweyYE0QRPLgVVup6B4AaABAg,@happy_ga,"💙지금 당신의 힘듬을 덜어드리겠습니다 주저 말고 오세요!
상담 안내 전화 번호는 채널메인페이지에 있습니다
이메일 문의 :  think-win@daum.net",0,2023-02-08T00:36:06Z
9sAXPshWXQQ,UgzXJ14TV3pgUpTAxV54AaABAg,@eunjunny,5:55 투자를 하던 뭘 하던 간에 적어도 배우자나 아이들은 곁에 있는 한 힘들게 하지 말아야 한다고 생각해요. 빚지고 살림살이가 하나 둘 없어지면 여러 명의 일상이 무너지는 것이기 때문에 신중히 투자를 하는 것이 좋다라고 생각합니다.,3,2023-02-03T09:39:15Z
9sAXPshWXQQ,UgzXZVIbxTC-cRYeFzJ4AaABAg,@삶-u4e,상담 어떻게 해야하나요?,0,2023-02-04T06:15:42Z
roCb1_pGYqU,UgyVyjbN7waHALJnj8l4AaABAg,@현상진임,안녕하세요 핸드폰 쉬다가 티비 볼때 약간 한글 안보일때 뭔가요,1,2024-03-31T03:16:14Z
e0BANMSsu70,Ugwe5dPamjBGvpEbUth4AaABAg,@havlog_,존잼쓰!!!,0,2019-11-24T07:17:20Z
e0BANMSsu70,Ugwt1Ez9pSeM5BEnl754AaABAg,@Jindami0917,맞고 치실때 너무 신나셨나봐요~소리가 찰지네요ㅎㅎ 소소한 일상과 눈이 편한 영상 잘봤어요👍,0,2019-11-26T04:00:07Z
e0BANMSsu70,UgxP-UeC7wtS6iJMIq94AaABAg,@agood_meal8397,"너무 잘 봤어요~~
자주 놀러올게요^^",0,2019-11-26T05:03:36Z
e0BANMSsu70,Ugyq_7-GPDiKR-kWQU14AaABAg,@서른주린이,"0:41 아 먹는거만 보면.. 환장 하겠네요...ㅋㅋ 한국이 정말 맛난 음식이 많습니다....ㅋㅋ
1:18 보일러 틀때군요 이제 한국은 ㅎㅎ 날씨 점점 쌀쌀해 지죠??
7:06 촥촥 감기는게 아주 그냥 ㅋㅋㅋ 7:44 크헉 ㅋㅋㅋㅋ 4고??!!?!?!ㅋㅋ
영상 항상 잘 보고 가요~! 좋아요도 꾸우우우욱!! ㅎㅎ",0,2019-11-25T21:24:57Z
e0BANMSsu70,UgzwDDBxVGBuP7dWLg54AaABAg,@빽엑브이로그힙나무,그쵸 집에서 커피를 내리면 방안에 커피향이 한가득 ㅎ 맞고 대결 ㅎㅎ 사기가 난무하는 ㅋㅋㅋ,1,2019-11-25T00:40:58Z
e0BANMSsu70,UgzFwddV44SzTpN8uP14AaABAg,@이제알겠나,잘봤습니다ㅋㅋ,0,2019-11-26T08:20:42Z
e0BANMSsu70,UgzW2lL2sboLjzMkFq94AaABAg,@정택용-e5d,목 빠지게 기다렸세,0,2019-11-24T07:24:10Z
EqokJvLZRSw,Ugz4I_LV6gt2DAD0q2p4AaABAg,@toto.,"멤버십 혜택 ( 2종류 )

1. 높은 단계 멤버십

- 오늘 분석한 경기들 간단하게 볼 수 있는 요약표 제공

- 축구 경기 분석표 중 좋아보이는 순서대로 등급을 매겨드립니다.

- 조합 가이드라인 제공

- 영상에 올라오지 않는 종목도 올라감 (ex 배구,농구,야구 등) 


2. 낮은 단계 멤버십

- 오늘 분석한 경기들 간단하게 볼 수 있는 요약표 제공

- 영상에 올라오지 않는 종목도 올라감 (ex 배구,농구,야구 등) 

- 구독자 추가 조합 제공 ( 매일 X )

- 방송 안 하는 날에는 높은 단계 멤버십과 동일하게 제공",0,2021-09-18T12:00:32Z
EqokJvLZRSw,UgzLEcVL9IRhT6lPYtF4AaABAg,@조성관-e1j,항상 좋은 정보 감사면 즐거운 명절 잘 보내세요,0,2021-09-18T12:19:58Z
EqokJvLZRSw,UgyVk_B9bJQjB-2IhN94AaABAg,@윤태호-x9g,지금 이시간에 왜 올렸지?,0,2021-09-18T12:34:30Z
EqokJvLZRSw,UgxX8AajFo9DrfBHvz94AaABAg,@보배단지,쪽지 부탁드립니다 시간이  쪽팍하네요,0,2021-09-18T12:22:25Z
Asmvi4JpJE4,UgyJFAI1JawluLywyeZ4AaABAg,@고요한겨울-sss,기업가 정신에 대해 통합적으로 알 수 있어서 좋네요~~^^,1,2021-10-28T08:47:00Z
jSUt8Ekt990,UgybysizKQh2wYOaKM54AaABAg,@kimmccabe1422,"Fast moving, good plot, perfect! More British mysteries pretty please❤",4,2025-03-21T05:48:34Z
jSUt8Ekt990,UgwCeHxYenoAqu7NWC94AaABAg,@mariameere5807,Thanks and blessings from London ❤,2,2025-03-22T20:36:04Z
jSUt8Ekt990,UgxPtQBIhXsIqrWVrZR4AaABAg,@collettecouse573,Thank you 😊,1,2025-03-23T00:36:01Z
jSUt8Ekt990,UgyxanA1vrRvcZHPh8d4AaABAg,@StorytimeHavenOfficial,"🎧 Enjoying the audiobook? 👍 Please like, share, subscribe and comment! 📖✨",1,2025-03-18T19:49:10Z
jSUt8Ekt990,UgwvCK1QSI_Wmco11aV4AaABAg,@BobShelleyComicMagician,😮.               CT,1,2025-03-20T18:56:11Z
jSUt8Ekt990,UgxK5EXeGLjIrbqdYFh4AaABAg,@Mraoqas,.third,2,2025-03-21T02:09:06Z
leKphgfSjaw,Ugwue63vVBKAwlwAj6d4AaABAg,@baramdoli09,홍보요정 스포요정 존노님,7,2022-04-07T07:32:31Z
leKphgfSjaw,Ugy2oZAnhDcr7wP34eB4AaABAg,@오렌지좌니,,10,2022-04-07T04:55:19Z
leKphgfSjaw,Ugz9D97KMlMGnK-NBaJ4AaABAg,@팔색곰좐노,우리 존노님은 최고 홍보요정🧡💖,9,2022-04-07T06:04:46Z
leKphgfSjaw,UgxmWSLTuPzLHPKCRKV4AaABAg,@healing4837,"크클클티비,
응원합니다
홍보대사 존노님 홧팅입니당",11,2022-04-07T04:58:58Z
leKphgfSjaw,UgxPC1vrZ4NzoY_IcuJ4AaABAg,@수정구슬이-j3v,밝은 에너지 대니구님은 사랑입니다~,0,2022-04-07T15:32:39Z
leKphgfSjaw,UgwJ2EFqoWOWeykbrnZ4AaABAg,@hjkhoho,"우련수 언제나 최고
크클클 TV  최고",1,2022-04-07T08:48:08Z
leKphgfSjaw,UgyZ3UcJGTQt5y_J-j54AaABAg,@유진-g6u1i,,2,2022-04-07T15:16:51Z
sCeruOemdNI,Ugiub3lCKoMLu3gCoAEC,@김미나-l1k,오늘재미있었어요,2,2017-04-30T10:22:17Z
sCeruOemdNI,UgwxU0Ie2H3JD_s71_14AaABAg,@어없-c5k,뮤지컬 재밌었어요 ♡♡♡♡,1,2018-01-23T02:56:27Z
sCeruOemdNI,UgzI1oS2-HMpvFYijJJ4AaABAg,@user-hp1ui6pw3t,재밋어요,1,2021-09-19T02:37:38Z
sCeruOemdNI,Ugy49KCCiiFHuLv20Kl4AaABAg,@저는뜌입니다,저는 참고로  태권도 같이  다니는 누나입니당! 악플달지마세요,1,2017-12-03T11:47:37Z
sCeruOemdNI,UgyPGESGM0bpqEiZqu14AaABAg,@어없-c5k,캐리언니 줄리언니 사랑해요 ♡♡♡,1,2018-01-23T02:56:09Z
sCeruOemdNI,Uggq63JA5MRUhngCoAEC,@서서아빠,좋은티비,1,2017-05-17T07:59:50Z
sCeruOemdNI,UgyllKcpx8MLnH2vC_h4AaABAg,@user-hp1ui6pw3t,고거고양어울누림이죠저이거보고싶엇는데유ㅠ,1,2021-09-25T11:56:52Z
sCeruOemdNI,UghFaOCeM0rnr3gCoAEC,@고유강-g4h,저도같이해주세요,1,2017-04-23T10:09:09Z
sCeruOemdNI,UgiQm8xTw4uxRXgCoAEC,@박민서-f8b2l,저거기갔어요 캐리언니가저박수쳐줬여,1,2017-07-26T08:16:45Z
sCeruOemdNI,UgiTas82THhvQngCoAEC,@아미지나가던-n9o,7:38 때 노래제목 뭐에요?,1,2017-05-14T13:11:09Z
sCeruOemdNI,Ughzry1j6kv0YngCoAEC,@김루희-f5l,내마고핑크님,1,2017-05-10T13:31:31Z
sCeruOemdNI,UgzV0T2eHNFvREl3yMJ4AaABAg,@sharpboarder,캐리언니.엘리언니.캐빈오빠.그리고루시언니김해서해주세요😇🤗,1,2018-08-07T07:57:53Z
sCeruOemdNI,UgiQt-n3mctJUHgCoAEC,@빅맨-i3p,저요기갔어요,1,2017-04-23T07:50:09Z
sCeruOemdNI,UgiBym46qPSlP3gCoAEC,@은선김은선-i9u,공연시작하면   촬영금지라면서  왜  촬영하셨나요?  거짓말치시내요   싫어요  누름,2,2017-07-20T06:18:15Z
sCeruOemdNI,UgghiOlYUd5vVXgCoAEC,@김루희-f5l,그런데무데위에이때사진찍어서구독안누르고좋아요싫어요눌러요,2,2017-05-06T14:47:38Z
sCeruOemdNI,UgjTY6JL1WaTLHgCoAEC,@딸기-d3y,시즌2캐리못생겼음,3,2017-06-29T09:58:30Z
Ao6-j65eiXA,Ugy1Qn10745q8ZQ-mFt4AaABAg,@건물주아들-e5k,잘생겼는데 공부까지 잘하네 대단하다,18,2026-02-20T13:54:55Z
Ao6-j65eiXA,UgzriThg1BFMeDpGBEl4AaABAg,@ggg14297,딱보니 로스쿨로 빠지겠네,59,2025-10-13T17:13:24Z
Ao6-j65eiXA,UgysRCGRo6J2q1mmNCN4AaABAg,@AEK-w7b,"제복입은 모습이 너무 멋지다.❤
우리아들도 경찰대 입학하면 좋겠다😊",23,2025-09-03T05:00:36Z
Ao6-j65eiXA,UgzwSqM3yGn6_73PIl54AaABAg,@진석유-c9z,지역은 외곽이고 학교에 셔틀버스는 많은데 누구를 위한 버스인지... 주말 외박 자비로 임차하고 이님 기차타고 ㅠ,2,2026-02-11T17:02:40Z
Ao6-j65eiXA,UgxXogPFOh3KkMO0Awt4AaABAg,@user-ihrkorea-lovestory,이민우 이동건 경찰대학가야쥐,11,2025-08-03T03:37:29Z
Ao6-j65eiXA,Ugyg4lpoGP_RTFmCIet4AaABAg,@morii-e3l,존잘ㅎㅎㅎㅎ,3,2026-04-22T08:03:48Z
Ao6-j65eiXA,UgxYbUfc_YxiaYI6CgJ4AaABAg,@morii-e3l,미팅~~~,0,2026-05-28T09:28:02Z
Ao6-j65eiXA,Ugxsr44c4j8e_1NDDw14AaABAg,@dlwlsgml_l,ㅋㅋㅋㅋ와,1,2026-03-17T00:29:59Z
Ao6-j65eiXA,UgwjskK2f8BvdQtIvll4AaABAg,@morii-e3l,옼ㅋㅋㅋㅋㅋㅋㅋㅋㅋㅋ,0,2026-06-22T06:43:00Z
Ao6-j65eiXA,UgxJe02ydGoL3ESKpyF4AaABAg,@NNNNNN-h6f,ㅋㅋㅋㅋㅋㅋ엑스 피드백 너무 빠르고,1,2026-03-24T00:18:21Z
Ao6-j65eiXA,UgzPHEKdxEx9w4Hnxfd4AaABAg,@최미항-i5z,부럽다 .우리아들도 경찰대 갔으면,0,2025-12-29T12:20:11Z
Ao6-j65eiXA,Ugzs40fdqqWDLSVptdJ4AaABAg,@user-ihrkorea-lovestory,승주야 니가 yt music 니가 가입시켰니?,0,2025-09-12T02:43:51Z
Ao6-j65eiXA,UgytTKNR2sZZcMs-ywF4AaABAg,@user-ihrkorea-lovestory,ㅋㄷㅋㄷ,0,2026-05-13T05:17:27Z
Ao6-j65eiXA,UgzPIGfVp0qHqM4MbSd4AaABAg,@Yeziiing,ㅋ,2,2024-12-23T14:11:52Z
Ao6-j65eiXA,UgwA0zBVQhKseViMUD54AaABAg,@user-ihrkorea-lovestory,아베♡오숙경,1,2025-01-26T20:40:49Z
Ao6-j65eiXA,UgwpcHz8GVmB5rCzEw54AaABAg,@김길동-o4l,"근데 경찰대생이라해도 골격자체가
다부져야 경찰대생이라 느껴지는데
저리 말라있으면 멸치면 
경찰 간부로 들어가는 경찰대생이긴 하나
경찰이 저리 삐쩍꼴면 누굴 지킨다는 게냐",29,2025-05-06T11:08:15Z
Ao6-j65eiXA,Ugz1xQomhVBKEUnjFUR4AaABAg,@승며들었다,ㅈㄴ뼈밖에없는데 누굴 지키겠냐ㅋㅋ,6,2025-10-11T14:08:28Z
Ao6-j65eiXA,Ugz5suj16POnGZrQBKR4AaABAg,@킁킁-e7z,몸 좀 키우세요,0,2025-08-22T14:51:14Z
CY6N1_k8Aqk,UgzPpMv1FWAYdfuYx8p4AaABAg,@하하-l5t2c,한번도 못 써 봄..,1,2022-08-15T16:54:26Z
CY6N1_k8Aqk,UgxdFpbuzMLSlHAgavN4AaABAg,@ssibalmeolggoraboa,여기는 내가 다녔던 모교이다.6학년 졸업하기 전에 생겼다.그래서 3번밖에 사용하지못했다.솔직히 저렇게 생긴건 1학년만이었다 바뀌기전에는 바퀴벌레가 있었지요,1,2021-11-08T13:55:24Z
CY6N1_k8Aqk,UgyXrMLL6jFPW4MWq5h4AaABAg,@jun_dung,저거 못쓰는 ㄷ....,1,2022-06-10T12:51:53Z
CY6N1_k8Aqk,UgxZw0Zp1Oz7PQ4Y-xZ4AaABAg,@C.J-p2t,여기 내가 다녔을땐 저런거 아예 없었음,0,2022-11-02T06:06:29Z
q9SYnDMopbA,UgzmJ393wIGjBdmeqqV4AaABAg,@aftertherainkr,"영상과 관련해 궁금증이 있으시거나, 더 많은 비온뒤 콘텐츠와 멘토 의사를 만나시려면 비온뒤 앱을 이용해주세요😍 
비온뒤 앱 : https://play.google.com/store/apps/details?id=kr.aftertherain.android.afterrain
비온뒤 홈페이지 : https://www.aftertherain.kr/",16,2020-09-10T03:19:33Z
q9SYnDMopbA,UgzvKwx444phTqwlNfJ4AaABAg,@hellokim_kr,와 말을 어떻게 이렇게 재밌게하시지 ㅋㅋㅋ,7,2020-12-13T09:29:19Z
q9SYnDMopbA,UgwsU16Dy7XWLTJYjAF4AaABAg,@dalechung5865,"의학채널이 이렇게 재미있게 빨려들어가며 
듣게 되는것이 놀랍습니다 .
아무리 본인을 낮추어도 서민교수님은 훌륭한 과학자인걸 느끼게 됩니다 .
몰랐던 많은것을 배우게 됩니다 .",5,2020-12-28T14:32:23Z
q9SYnDMopbA,UgwHljQW-8RvmPuOc6h4AaABAg,@일요일이좋아-g4x,"암환자가 다른 암에 걸린 확률이, 일반인보다 13% 높대요.",16,2020-09-10T23:52:26Z
q9SYnDMopbA,Ugwt18_iuVczNV8izmR4AaABAg,@안정미-v2n,서민교수님 팬입니다  지극히 상식적인분 존경합니다^^,5,2020-12-18T10:30:20Z
q9SYnDMopbA,UgyykWmRpSdoCciWRd14AaABAg,@Souschef647,서민 교수님 화이팅!!!,12,2020-09-27T21:47:23Z
q9SYnDMopbA,UgweTmTTQFizxOBzu5N4AaABAg,@unirone,"넘, 재밌어요^^",7,2020-10-01T01:53:46Z
q9SYnDMopbA,UgxABmVNiPAKwh7YqQp4AaABAg,@엄대상,응원합니다,10,2020-09-19T02:51:12Z
q9SYnDMopbA,UgyTQGYwt48EwmpkV694AaABAg,@한민순-v3s,서민 교수님 응원합니다'  화 이팅,9,2020-09-30T07:26:17Z
q9SYnDMopbA,Ugzpm5XaK3UHLLSHrkV4AaABAg,@대추나츠메,교수님 반갑습니다.,9,2020-09-19T03:43:01Z
q9SYnDMopbA,UgyMAUsdb-Ve-ixF5tl4AaABAg,@힐러리-q6z,교수님은 이 즈음에 꼭 필요하신 분 이예요,2,2021-01-01T02:05:13Z
q9SYnDMopbA,UgzrW6Ule9X17XSXE_h4AaABAg,@evergreenK,"서교수님. 수고하십니다..ㅎㅎ
늘 응원합니다..
피곤하신데 댓글 사양합니더..ㅎㅎ",13,2020-09-17T10:03:13Z
q9SYnDMopbA,UgwXL0mrjxlmukGjDLt4AaABAg,@michell7659,젬나게듣고있어요~~~^^,1,2021-01-02T07:05:07Z
q9SYnDMopbA,Ugwu0AINdO-7Ad33nDp4AaABAg,@한방건강백화점,서민교수는 맏아들 이 신 것 같은데 기여운데가 있어요,11,2020-09-18T01:17:34Z
q9SYnDMopbA,Ugw8z4WAQvfetUsyFil4AaABAg,@미국캘리에사는삽살개,서민교수님 짱짱짱 😀,0,2021-03-02T06:08:35Z
q9SYnDMopbA,UgxQuBFfVyu1_AL4l9l4AaABAg,@장산-x8z,"의사님 인간을 하느님 처럼 존중해주시면 모든 사람들이
존경합니다 인술을 소중한 사명감이
항상 의료인 여러분을 하느님 께서
축복을내리실것입니다감사합니다.
히포크라테스 말씀을 기억하고
인류 구원을위해 사랑 베풀어주세요 
감사 합니다..~♥~ 생큐ㅡ",2,2020-12-26T12:29:43Z
q9SYnDMopbA,UgyNQndkWxfXEsVL9QV4AaABAg,@김영희-i9u,시간 가는줄모르고 너무재미있게듣고있어요  뮤머뮈트솔찍 ㅋㅋㅋ,14,2020-09-13T11:45:07Z
q9SYnDMopbA,Ugz32G0rWEw9rX3FB5R4AaABAg,@달님-k4n,교수님 페이스북  친구신청하는 방법을 가르쳐 주세요~~,0,2021-01-16T16:28:23Z
q9SYnDMopbA,Ugy6Y3mtLJMTgDULqch4AaABAg,@알어뭔말인지,ㅋㅋㅋㅋㅋㅋㅋㅋ,0,2021-01-30T02:42:34Z
q9SYnDMopbA,Ugyf6mEmiGAxREwLiXp4AaABAg,@yse3634,응원합니다!계속 문재인좀 혽내주세요.ㅡㅎ,8,2020-12-16T11:38:09Z
q9SYnDMopbA,UgxSVGOsF8JaU0i8L9V4AaABAg,@김순옥-g5j8x,서민교수님은 서민이 아니시고 특별한 분이십니다.,9,2020-09-16T02:18:33Z
q9SYnDMopbA,UgxuwNzTzjy2dLJAqK54AaABAg,@강기운-w2f,"교수님,  기생충 학계에서 두각을 나타내면 참 자랑스러울 것 같습니다.",10,2020-09-14T02:09:07Z
q9SYnDMopbA,UgzW7O_E8mZJ5mP1ICJ4AaABAg,@초코토토-g1b,"교수님
많은 도움이 되었어요
인정도 많고 솔직하시고 겸손하신점이
정말 멋 있어요",9,2020-10-03T07:42:39Z
q9SYnDMopbA,Ugyb0bmgzMhB0mrM38N4AaABAg,@Gaksitall,재밌었습니다 그러나 전혀 가벼운 주제는 아니었네요. 비단 의학뿐만 아니라 여러분야의 기초학문자체를 스스로 하고싶게 여건을 만들어주는게 정말 중요하다고 생각되어지네요.,0,2021-02-12T10:46:16Z
q9SYnDMopbA,UgxIKdGv-b6dgIqy19V4AaABAg,@김건희-n7m,"최대집이 인물이나 스펙이~~~듣고보니 말이 맞네요.
왜 그랬을까?
착하게 똑똑하게 살아야지요.",15,2020-09-10T18:37:48Z
q9SYnDMopbA,UgysgA1-Z45LU0QWkG94AaABAg,@vaggioo,남얼굴크다고 좋아하네,0,2020-10-10T04:54:26Z
q9SYnDMopbA,UgwITGZCeHfhx4HoEcZ4AaABAg,@jinnymagic,"ㅋㅋ 재밌기도 하고 ㅎ 근데 시간 급하게 안하셔도 될듯요 ...
의전원은결국 실패다.
연구하는.의사.아닌 서울 개업만 추구하는 비리 의사가 많을거다라는 의견 공감합니다 ㅎ",21,2020-09-10T21:35:52Z
q9SYnDMopbA,UgzrocxZKBAZlDXzPIF4AaABAg,@richardkim2581,"서민교수께 !
정직하신분꼐 용기를 드림니다!
많이 배울수록, 직위가높을수록
나이가 많을수록 정직하지않고
거짓말을 많이합니다!
그러나 서민교수는 정직하다고 느낌니다, 그럼 마음 변치말고
계속 정진하시기 바랍니다!
힘내세요!",26,2020-09-10T22:54:12Z
q9SYnDMopbA,UgwSdCWTU8v_l9RULyl4AaABAg,@루카스나인,졸기쉬운 테마를 어쩜 이렇게 재밌게 강의하시나요?  서민교수님 화이팅.,12,2020-09-10T22:54:05Z
q9SYnDMopbA,Ugxrzxvk3z-haO5mkZZ4AaABAg,@권정숙-g9d,"서민 교수님
똥 주무르며 도통하셨네요
10년만 연구에  몰두하라고
지원했더라면
노벨상에 근접하고  있을때인데
대신 이 시대  만가지 다아 꿰뚫을수있는  능력을 가지셨군요",8,2020-09-12T05:43:31Z
Ago8Nh3RZZE,UgxrKD6HAlfYjjpWiFJ4AaABAg,@chubvy5089,00:14 너무 귀여우세요👍,1,2020-08-05T11:57:27Z
Ago8Nh3RZZE,UgzINhxpNxEu74xEmRV4AaABAg,@respectedu20,"책놀이 영상 재밌게 보고 갑니다~~
개학하면 우리 반 아이들에게 보여주고 싶어요!!",1,2020-08-06T11:56:55Z
0Ap6L-t6-Bs,UgykXSgaxe6I5mQs0hB4AaABAg,@ayaankim1224,???,0,2023-04-11T02:58:57Z
WG34vNk5_fw,Ugy86Hml5_j2bCScn5t4AaABAg,@VuiĐào-s9j,Mua bao xốp mà bỏ vào,3,2026-07-06T13:19:11Z
WG34vNk5_fw,UgxrPyBynTYs2pjm-c14AaABAg,@ShahnazSamad-p7z,Don't let them find where you live,1,2026-07-06T10:52:07Z
WG34vNk5_fw,UgwIZIJCNvdh7RkRbj94AaABAg,@niciehayes6574,Hide your money do not carry it around.,6,2026-07-06T01:37:17Z
WG34vNk5_fw,UgxIVHNA7aiO-eZof4N4AaABAg,@clair7126,"The waterfall  is beautiful❤, I want to swim there 😊.
Thanks that  you show us the beauties  of yr country !",3,2026-07-07T14:16:41Z
WG34vNk5_fw,Ugw8bcXygC4ALYkVkG54AaABAg,@philomenenzagou,Ma copine il faut aller prendre la police pour qu'elle les traquent et dénoncez en même temps votre ex et sa mère. Soyez prudente.,1,2026-07-06T18:02:00Z
WG34vNk5_fw,UgweaNAF9ngXPejTCLd4AaABAg,@trieujumy22,Your video is very good and meaningful.,2,2026-07-07T13:17:45Z
WG34vNk5_fw,UgywMzMOIgAkFf3I79t4AaABAg,@clair7126,"Зачем вы постоянно носите военную одежду,вас так легко найти.Особенно когда все узнали что демобилизованным с детьми платят денежное пособие,Вы становитесь легкой мишенью доя всяких грабителей.",3,2026-07-06T05:13:12Z
WG34vNk5_fw,Ugyze8jHEApjLxJoAxF4AaABAg,@mariashirlei6319,Você é uma gmulher guerreira,0,2026-07-06T16:59:14Z
WG34vNk5_fw,UgzZhBJ-8EuQDEGxewR4AaABAg,@famillenguyen-k5u,BONJOUR Chi Ava cùng voi chau nho❤❤❤ Chung em mén chuc chai Me-Con cua chi duoc nhieu suc khoe và nhieu may man trong cuoc song hàng ngay . . Theo chung em nghi néu hai-me con bi nhu the chi phai bao cho chincua minh khyn dquenobui,6,2026-07-06T03:38:35Z
WG34vNk5_fw,UgyZXlT0wOT0a2v8FxN4AaABAg,@TuoiHa-r2r,Cháu ava có hai người rinh phía sau lưng cháu để ấm hại cháu đó nhé cháu cẩn thận nhé,3,2026-07-06T03:08:11Z
WG34vNk5_fw,UgyUnZc_9y9AcZgwgNx4AaABAg,@Babygalndanu,Go report it to the police immediately. Hide your money and belongings too. Be careful. Who takes care of the chicken in the other farm? Those chicken need protection and care too. It's not fair for them too 😢,2,2026-07-06T08:20:38Z
WG34vNk5_fw,UgyOEh8qXAK76ykbHHt4AaABAg,@sirlainejancovite7638,"Sempre vejo seus vídeos Ava, felicidades para vocês",3,2026-07-06T03:26:37Z
WG34vNk5_fw,Ugyg6baTJJfCDQOaUcx4AaABAg,@PhươngBushcaft,This story feels so tense and mysterious. A veteran noticing strangers following her makes me wonder what danger she is facing.,7,2026-07-06T03:01:01Z
WG34vNk5_fw,Ugy_eOlWvERqrwL5tuF4AaABAg,@TuoiHa-r2r,Bà già chồng cũ cháu thuê hai người đó nhé cháu,2,2026-07-06T03:09:32Z
WG34vNk5_fw,Ugx7QB-XnCY_7DkVXJh4AaABAg,@mamaratu4508,Sekarang dengan seringnya saya menonton youtupe Vietnam saya ada dua kata yg bisa saya ingat Bonga artinya iya/baik dan Boa artinya ayah 👍👍👍👍,1,2026-07-06T06:54:21Z
WG34vNk5_fw,Ugx4ZXMfkcXxBFJh4EJ4AaABAg,@EsperanzaValera-m8x,Muchas gracias porque está todo en español y eso me encanta que lo entiendo y puedo leer las cosas no le bendiga a todos,2,2026-07-06T04:27:43Z
WG34vNk5_fw,Ugzuyxl2HX8isQnt9a14AaABAg,@TammyMitchell-du5xe,That a no good motherin law that money is for you and your baby,2,2026-07-06T03:21:30Z
WG34vNk5_fw,Ugxu5TWNUjQfI3kpjtd4AaABAg,@PhúcHiệp-h5e,Like ❤❤rr❤❤🎉🎉,5,2026-07-06T03:01:37Z
WG34vNk5_fw,UgzvJsIBRiz-ue-KQV94AaABAg,@한라봉-g2b,강도 😢😢😢😢😢😢! !,2,2026-07-06T13:04:55Z
WG34vNk5_fw,UgwwZsvD9yFBQyDz2Gx4AaABAg,@reintunder2505,"Palun Eesti keelseid subtiitreid ❤❤❤
Estonia 🇪🇪",1,2026-07-06T08:59:14Z
WG34vNk5_fw,UgxPe9UKwi1w51uJglN4AaABAg,@MayMay-r7d6n,HiIseeMyanmar 🎉🎉🎉❤❤❤❤❤❤❤❤❤❤,1,2026-07-06T06:57:33Z
WG34vNk5_fw,UgyBUEaBOr7pPE59aXp4AaABAg,@TuoiHa-r2r,Cháu đi trình báo công an xã gấp nhé cháu ava không được để cham trễ nhé cháu,2,2026-07-06T03:11:26Z
WG34vNk5_fw,UgxtHFExwoLLz2cPjQB4AaABAg,@TuoiHa-r2r,"Cháu ava, bà già chồng cháu thuê hai người đang ông xuống quấy phá cháu đó nhé, cháu đến công an xã trình báo gấp nhé",2,2026-07-06T02:54:16Z
WG34vNk5_fw,Ugyd_i8KJqwlCTGlsv14AaABAg,@สุรัตน์ปรีชาธรรมยุทธ-บ9ฆ,สวัสดี​ค่ะ​คุณ​อาวาและ​ลูก​สาว​ทั้งสอง​คุณ​เป็น​คน​หนึ่ง​ที่​สุ้ชีวิต​มากและ​เป็น​คน​ที่​ขยัน​และ​ตั้งใจจริง​แข็งแกร่ง​ให้​คุณ​ต่อสุ้ต่อไป​คะ​เป็น​กำลังใจ​ให้​คุณ​แม่​และ​ลูก​สาว​น้อย​ให้​มี​วันที่​สงบสุข​นะคะ​✌️​สุ้​ๆ​ต่อไป​คะ​❤️​❤️​❤️​❤️​❤️​,1,2026-07-06T01:43:32Z
WG34vNk5_fw,UgxbXNkLYnMOslnrfLB4AaABAg,@한라봉-g2b,경찰 해야 합니다.🎉🎉🎉😢,1,2026-07-06T13:00:14Z
WG34vNk5_fw,UgyJU2tqyw_KxdlQNZ94AaABAg,@faisalilyas3742,Hati hati say. Air nya deras waspada. Banten Indonesia 🇮🇩,1,2026-07-07T06:24:23Z
WG34vNk5_fw,Ugz9Li7fgIDt2GI7Cq94AaABAg,@nanoufacbo,❤❤❤❤❤❤❤❤❤❤❤❤❤❤❤❤,1,2026-07-06T11:25:30Z
WG34vNk5_fw,UgxQUljrCqGsz7SUT7d4AaABAg,@MariaOrnig,Hallo du musst vorsichtig sein und zur Polizei gehen 👮🏻‍♀️🙏,1,2026-07-06T07:41:10Z
WG34vNk5_fw,UgxhWaivg3jMtcmBR3J4AaABAg,@anefolomu3697,"Ava be careful those two strangers thief was send fro your dum mother to take money 
Take you bag with you or hide your money
Cause by our house deed in y bag 
Bury your money or house deed so it’s safe.
Take of your self to many greedy people or thief love you and your daughter ❤",2,2026-07-07T09:36:32Z
WG34vNk5_fw,UgzkW4dvug--3zIWy_14AaABAg,@KuswarnoKuswarno-j2y,A va kamu di ikuti 2 orang suruhanya mantan mertua kamu lebih baik laporkan saja mantan mertua kamu ke pulisi biar dipenjarakan ya?❤❤❤❤❤,2,2026-07-06T04:53:32Z
w8HH8rq5CIA,UgzayJ9wndOOpE2A6iN4AaABAg,@AbahDai-w9s,mana gambare gk ada,0,2026-07-09T00:38:54Z
vMG9fr9PObY,Ugy8sfTI8ipVe-aIrNh4AaABAg,@SimpleVillageHarvest,"Winning back a daughter’s trust will not be easy, especially after everything that has happened.",7,2026-07-08T09:13:07Z
vMG9fr9PObY,UgycCzkxwdEFSiSY13t4AaABAg,@jagodaw1314,"Ten film przez Hoc staje się tak męczący, że trzeba stąd odejść.",9,2026-07-08T05:39:05Z
vMG9fr9PObY,UgzljOOHQ296bbtJb6Z4AaABAg,@JaniceBenton1,"Dung is a mischievous child just like Miss Hoc, she won’t take responsibility for anything just like her mother.",21,2026-07-08T05:28:47Z
vMG9fr9PObY,UgwHe7jvod7gLZtZT654AaABAg,@JaniceBenton1,"DNA, the real mother is tormenting Ms. Hoc! The sister that has Ms. Hoc personality is her daughter",11,2026-07-08T05:24:02Z
vMG9fr9PObY,UgxP2Z_pRXxmTIrs8YZ4AaABAg,@ChauThiHoai2000,"Hello, you are a very hardworking mother. I wish you good health. ❤❤❤❤❤",6,2026-07-08T10:09:10Z
vMG9fr9PObY,UgwuSOL0nn0Hf7_AQJF4AaABAg,@Жанна-б4ч5ъ,МНЕ СЛОЖНО ПОВЕРИТЬ ЧТО ЧИН ДОЧЬ ХОК ОНИ СОВСЕМ НЕПОХОЖИ,19,2026-07-08T05:03:39Z
vMG9fr9PObY,Ugx9p1CaFy9imaYWWrF4AaABAg,@BarbarKuy-g7j,"itu chin berarti anak dari masa lalu sebelum sama paman atau sesudah punya suami  berarti nakal bener ini hoc udah jahat punya pribadi buruk pula,",3,2026-07-08T12:03:19Z
vMG9fr9PObY,UgyIu78N-iH_CyvCEq54AaABAg,@จรูญทับรอด,❤❤❤❤❤❤❤❤❤ ขอบคุณค่ะ,5,2026-07-08T04:44:15Z
vMG9fr9PObY,UgzXOSRn19pz0FfKY0R4AaABAg,@TerekhinaLiubov,"Такой маленький огород .каждый день пропалывают его . Каждый день трава большая , ни как не могут навести в огороде порядок .",8,2026-07-08T05:35:24Z
vMG9fr9PObY,Ugy_Om-eSX_guO4cKDh4AaABAg,@gilberteregna3293,La réconciliation n est pas facile mais c'est déjà une bonne approche pour les deux femmes espérons que le mari de madame hoc comprenne ce qui va arriver et qu il soit indulgent avec sa femme ce n est pas normal est pas une petite affaire c est une tromperie et adultère bonne chance il serait mieux qu il le sache par sa femme,8,2026-07-08T06:35:36Z
vMG9fr9PObY,UgwzT2iFkX6y4lBmk3h4AaABAg,@JaniceBenton1,Put some banana plants with the ducks food,4,2026-07-08T06:02:02Z
vMG9fr9PObY,UgzTFxLZDlwiZFV5pRJ4AaABAg,@PatriziaDanti,Non ho mai visto la signora Hoc così amorevole con Tap 😮 In Italia si dice che i figli del peccato sono quelli che ami di più ❤,0,2026-07-08T15:04:05Z
vMG9fr9PObY,UgwFqbUh3kzp5FCZieh4AaABAg,@LinhNguyen-ko3bx,Ngỗng mau lớn quá nha mua gà vịt về nuôi thôi chinh ơi,8,2026-07-08T04:35:46Z
vMG9fr9PObY,UgwpsoZxWypGRyiDCK14AaABAg,@cleusaalvesgeraldo61,Trim com este terreno  tão  grande  certo  um  pouco  pra  galinha  e patos e o restante  planta milho  e outro  vegetais,3,2026-07-08T12:06:59Z
vMG9fr9PObY,Ugyxr6zM1pFEqc5IUr94AaABAg,@AnnaBormida-x5o7i,"La nonna,grande  grande ❤❤❤❤❤",4,2026-07-08T08:55:53Z
vMG9fr9PObY,Ugwd9CY3_ERqXGXfx4F4AaABAg,@marilenedocarmorodriguesro403,O Dtap deve volta p casa cuida da vovó  esta doente e seu pai esta muito casando  chega de fica so ajudando  essa moça e  pai voce pode visita ele,7,2026-07-08T06:23:36Z
vMG9fr9PObY,UgwgxwLc5zG02fRQmyB4AaABAg,@HằngĐặng-l1x,Ngỗng nó cũng ăn ngô lúa chuối cơm cháu trộn lẫn nhau cho nó giảm bớt cám đi chứ nuôi thế thì tốn tiền lắm,6,2026-07-08T05:13:49Z
vMG9fr9PObY,Ugzec4tZXBG4qjJh1b54AaABAg,@ioanagiurca1687,Îmi  este  tare  dor   de   tine   suflet   minunat ❤,2,2026-07-08T09:19:04Z
vMG9fr9PObY,UgxfSj_ErXSZsjk2YPx4AaABAg,@vilmasanchez2108,"La astucia q tubo la Sra Hoc para saber si Chin es su hija. Tap siendo Médico, ignora que con una prueba de ADN; sabe si son hermanos...Dr Tap agiliza tu mente!!!!😊",0,2026-07-08T18:27:38Z
vMG9fr9PObY,UgzvPEU_fNOzz48LnPJ4AaABAg,@ลัดดาวัลย์ธรรมศิริ,หนังเรื่องนี่ผู้กำกับหลายแท้จ้า,2,2026-07-08T06:47:05Z
vMG9fr9PObY,Ugytfmg3Ecdnf1Ykqi94AaABAg,@CarrolPranginangin,"Hallo trin,jangan berobah ya  hati yg lembut tidak akan balas yg jahat dgn kejahatan ibu Hok sdh baik yz betbuat baiklah walau nasih ada luka ya,jika kamu tau nsntinya itu ibumu yah terimalah walau ada luka pelan akan membaik Gbu",1,2026-07-08T07:57:15Z
vMG9fr9PObY,UgyZOfIVmV7f5uSw5_l4AaABAg,@orawaphiravatthanakun,ห่านโตไวมาก,5,2026-07-08T07:01:59Z
vMG9fr9PObY,UgztRHo1yfHajBHXacN4AaABAg,@Марианна-с3о,Buon lavoro a tuti ❤️,3,2026-07-08T05:24:16Z
vMG9fr9PObY,UgyrbhyNNk_gABzfI-V4AaABAg,@leandalynch975,Wow a gentle  mrs hoc,1,2026-07-08T09:38:30Z
vMG9fr9PObY,UgyYuOGn2nXL34GavSB4AaABAg,@soniapalaciosmontoya6738,"Traicionó a su esposo y a su hijo esta mujer infiel y abandonó a su hija recién nacida llegó a su casa feliz como una perdiz un ángel yo no la perdonaría jamás y el esposo debería expulsarla de su vida ,no merece ni respeto ,si no fuera por la mamá  de Chin nunca se sabría de su crueldad",3,2026-07-08T11:30:21Z
vMG9fr9PObY,UgzV2Sz9n23Ctxy0vB14AaABAg,@agatheagathe5299,J'ai hâte de voir ce que madame Hoc va faire subir à cet électricien  d'avoir mal traiter sa fille leur complicité va changer de version maintenant 😢,2,2026-07-08T09:25:33Z
vMG9fr9PObY,Ugw2M7dztxcuXDGO9754AaABAg,@cleuzalopes3597,A Sra Hoc  eu penso que  ela vai mudar por amor a filha a  Chin antes tarde do que nunca . O  arrependimento  já é  uma benção  desvejo que isso aconteça ❤ assistindo ao vidio pude ver que o Dr Tap  não é  seu filho é  entiado dela história parecida com a Chin❤então  não são irmãos ❤❤saudaçóes  brasil ❤,2,2026-07-08T12:04:45Z
vMG9fr9PObY,UgzP3QMvu-8J-WmQlFx4AaABAg,@Biblia-z8l,"❤🥹Bun❤❤, dile a tu mamá que perdone y acepte a la abuela. Ella en el fondo es buena persona, cometió una equivocación, pero ¿quién no se equivoca? Todos merecemos perdón. Bun, perdona a la abuela.❤🥹",12,2026-07-08T07:16:26Z
vMG9fr9PObY,UgzSXfKLQgqtLnzL1-R4AaABAg,@mocichen3805,trinah anak kamu itu  cantik  lucu  ditinggal diam  saya suka sama bun  ❤❤❤❤❤❤❤,2,2026-07-08T07:05:58Z
vMG9fr9PObY,UgyyPCYVlUd4eNrBNrR4AaABAg,@k수국,"정원이 크니 빙둘러  바나나 나무을 심으세요 파야야   한그루정도는 심어서  찐님드시고 
바나나는 팔아서 생활하고 나무는 썰어서 닭.거위에게주고 그럼  닭을키워 팔아서  생활하고 반복하심될꺼 같아요 어서 돈을벌어  오토바이 을 사시고 그럼번도 나중에 학교에 태워주고나서  채소나 과일을 싸서 시장에 파세요 찐은 항상 시장에 가지않고 길에서 판매을 하던데 오토바이가 있으면 생활 수준이 돟아집니다",3,2026-07-08T05:52:17Z
iu8-rIYRMf8,UgwTz-ijR0UsTdOpf6Z4AaABAg,@HalinaSzmagaj,"Pani przesylajaca bardzo dziekuje za tak urocze wspomnienie mojejukochanej aktorki miss Lusi 
W  podziekowaniu podbijam film chodz tak mogę się odwdzieczyc .😂🎉",0,2026-07-06T10:56:56Z
