video_id,comment_id,author,text,like_count,published_at
tA9r1Ogk_oQ,UgwJa8ddNLuoQ_S6G0N4AaABAg,@익명-d7d1j,"자국의 번영을 원하는 금발의 미국 대통령...
참으로 시의적절한 애니화 시기가 아닐 수 없다",150,2026-07-03T23:50:09Z
tA9r1Ogk_oQ,UgxkR-au9J1YO4Dr_zF4AaABAg,@obedient1972,뭔가 퍼니 목소리는 '모든것의 정의' 가 아니라 '모든것이 정의롭지롱~' 으로 대사를 해야할 것 같다,22,2026-07-04T08:32:43Z
tA9r1Ogk_oQ,UgyCyXhrlRJKZonBXdV4AaABAg,@ROADROLLER-50,수상하게 야바위를 잘할 것 같은 대통령...,79,2026-07-04T00:16:30Z
tA9r1Ogk_oQ,UgwoNAoT29hOLTqxfcF4AaABAg,@ByeoRang2,"""스탠드술사는 스탠드술사끼리 이끌린다.""",30,2026-07-03T23:59:40Z
tA9r1Ogk_oQ,UgycANpmoidVR0OK5Ml4AaABAg,@범석TV,믿고있었다고 젠장!,70,2026-07-03T23:14:52Z
tA9r1Ogk_oQ,UgxEhJy2UmikvpnrrtR4AaABAg,@부짜라짜라짜,19금이라니... 정말 미워!,47,2026-07-04T00:07:20Z
tA9r1Ogk_oQ,UgxdDfFWZaDNGEXoM1R4AaABAg,@감전사,수상할 정도로 야바위와 파문에 능숙할 것 같은 대통령...,13,2026-07-04T01:43:18Z
tA9r1Ogk_oQ,UgwLiMaTJLYL0UyQ7Ip4AaABAg,@Sura-d2v,애니가 보약이다! 굿즈를 팔아서 애니로 만든 보약을 가져왓!,75,2026-07-04T00:04:02Z
tA9r1Ogk_oQ,Ugx9q-dTJrpzTuCC9jh4AaABAg,@equinox6672,실화냐,228,2026-07-03T23:01:17Z
tA9r1Ogk_oQ,Ugyj2m_owFnApswdhRB4AaABAg,@swing_b7315,체리와 마음이 잘 맞을 것 같은 마운틴팀ㅋㅋㅋㅋㅋ,40,2026-07-03T23:55:55Z
tA9r1Ogk_oQ,UgxLKO_DF9PmPA2W7NV4AaABAg,@gaeburi24,9월 25일!!! 신월의 때가!!!온다!!!!!,7,2026-07-04T04:42:21Z
tA9r1Ogk_oQ,UgzmO7WVSms8tHrX5nt4AaABAg,@라멘-l2v,*이 이야기는 내가 걷기 시작한 이야기. 육체가... 라는 의미가 아니라 청춘에서 어른으로라는 의미로..*,5,2026-07-04T01:28:10Z
tA9r1Ogk_oQ,UgwKUShlSHqcKfmiPeF4AaABAg,@Draco-519,스탠드 언급하는게 레전드 장면이네 ㄷㄷ,25,2026-07-04T00:00:28Z
tA9r1Ogk_oQ,UgwyBAEh9Yq2HVMaPu54AaABAg,@yando_jjagecci,벌써 나오는 거나규!!!🎉🎉,4,2026-07-04T00:52:36Z
tA9r1Ogk_oQ,UgwrZEh8biModCtlWUV4AaABAg,@무케-i5i,"'다음화'까지
각오는 되어 있나? 난 되어 있다",12,2026-07-04T00:00:17Z
tA9r1Ogk_oQ,UgyyFAJeYk6ABoahdwV4AaABAg,@Joannes0374,"죠죠 7부를 볼 준비가 되었나?
Yes! I am!!",3,2026-07-04T02:23:37Z
tA9r1Ogk_oQ,UgymwNheK_2w46dPyuJ4AaABAg,@summer-o73,기다리고 있었습니다. 감사합니다,0,2026-07-04T04:20:29Z
tA9r1Ogk_oQ,Ugx0j_YXOF-wjVv6Bft4AaABAg,@BeHappyNewbie9425,*느껴진다!!!! 위치가 온다!!!!*,1,2026-07-04T01:51:41Z
tA9r1Ogk_oQ,Ugwc5wkK8fhCUzfPkqt4AaABAg,@anohinokanasimisae,"아니 발렌타인 고증했네
그냥 처음부터 후반 발렌타인처럼 길쭉하게 나올 줄 알았는데",17,2026-07-04T02:39:18Z
tA9r1Ogk_oQ,Ugw0HX-tmAdAOPb_l_B4AaABAg,@짭짭이-h1h,지려버렸다,0,2026-07-03T23:58:59Z
tA9r1Ogk_oQ,Ugzv3Vu-wX7xAjOHWUZ4AaABAg,@융졍현,내가 얼마나 기다렸는데 드디어 나오는구나,0,2026-07-04T03:57:40Z
tA9r1Ogk_oQ,UgxWkYB-qF5nOt-kd_d4AaABAg,@간장맛막대기,하 너무 좋다,0,2026-07-04T02:02:12Z
tA9r1Ogk_oQ,UgxyOOPKOXaDXXsMK_F4AaABAg,@조규일-c2o,스기타도 알아주는 죠죠러라던데..일순전이랑 일순후 둘다 맡은데다 심지어 주인공이랑 최종보스 극과극 대비되는 포지션의 캐릭터라니 최고로 하이~~ 한 기분일듯 ㅋㅋㅋ,8,2026-07-04T23:45:20Z
tA9r1Ogk_oQ,UgyB7khdBWARcSiKk_J4AaABAg,@AKD_15,다시 회전하기 시작했어!!! 스틸볼런이!!!!!!!!,0,2026-07-04T09:26:33Z
tA9r1Ogk_oQ,Ugz9GzbTQgiW0HQEuUh4AaABAg,@DMC-o9f,"한국판으로 스탠드라는 말을 듣는날이 올줄이야
감격",2,2026-07-03T23:42:16Z
tA9r1Ogk_oQ,UgyDGCA8_o7LkrKieLB4AaABAg,@모리오초명물-y2I,*난 아직 '7월 4일' 이야... '9월 25일' 을 향해 가고 싶어...*,6,2026-07-06T14:00:23Z
tA9r1Ogk_oQ,UgzPccmljc6_HKAvLRN4AaABAg,@MiddleFingerToujou,끼얏호우~~~~~~~~,0,2026-07-04T05:15:05Z
tA9r1Ogk_oQ,Ugy-lC7ssXUddaL94YB4AaABAg,@십타,스탠드가 오는구나 드디어~!!!!!!!,0,2026-07-04T07:54:56Z
tA9r1Ogk_oQ,Ugxiot8q-IODCjz1Mxh4AaABAg,@Arcturus_Mengsk,"잠시 나온 프리츠 폰 슈트로하임 성우님을 루돌 폰 슈트로하임 성우님으로 배정해줬으면 좋겠군요...

믿고 있겠습니다, 다비드.",8,2026-07-04T01:19:10Z
tA9r1Ogk_oQ,UgwdAK-FXKjM6_b2oIl4AaABAg,@넷릴,이야 스탠드 탄생이라니~~~,0,2026-07-04T02:51:15Z
iHM_UWGn50E,UgykDFBXyNzrMrKluGF4AaABAg,@Iamwonjjang,"오랜만입니다 여러분🥵 
저 안보고 싶으셨나요?💦💦💦

최근 영상이 조금 뜸했죠?
재정비도 할겸 조금 쉬다가 왔습니다

롱폼도 작업중이니 구독 누르시고
계속 관심 가져주시면 감사하겠습니다 :)

그리고 애니 밈 영상 등을 보고 싶으시다면?
인스타 - iamwonjjang 으로 찾아와주시면 됩니다

세상 모든 사람들을 죠죠러로 만들때까지
열심히 달려보겠습니다 ✌️🥵✌️💦",21,2026-07-06T10:04:10Z
iHM_UWGn50E,UgyZ38oFLm3IldleWQl4AaABAg,@비합격서울대생,일순 했더니 미합중국 대통령이 된 죠셉..,70,2026-07-06T10:05:41Z
iHM_UWGn50E,Ugw17zOKWJK_d01OLpV4AaABAg,@Iwant_togo_home,공개 일정 뜨자마자 원랜 대화도 잘 안 하는 친오빠랑 좋다고 방방 뜀,20,2026-07-06T12:55:25Z
iHM_UWGn50E,UgykMDYGnZJ0N2lZWGR4AaABAg,@죠타로의돌고래가되,나의 핑크 버터링이다!! 하얀색이 아니야!!!!!,6,2026-07-06T11:18:12Z
iHM_UWGn50E,UgzfWl3qRMPcgJ5EgQN4AaABAg,@킬러퀸_mini,"기다렸습니다












스틸볼런을",0,2026-07-08T08:00:33Z
iHM_UWGn50E,UgzFzjj_71zyaS8T-Pd4AaABAg,@kipu-Arrivederci,"맘에드는것

스틸볼런 출발 날짜에 맞춘 공개일.
성우 선정.
내 생일선물이 죠죠 7부 라는것",4,2026-07-06T10:53:20Z
iHM_UWGn50E,UgxobGLnMMaqqIKFkjB4AaABAg,@이신사-p9x,"형님!!!!!돌아오셨습니까!!!!
Great 다제!!!!!",1,2026-07-06T21:12:57Z
iHM_UWGn50E,UgzmfpCgIQpCGXaZPsp4AaABAg,@산초롱_37892,와 박수!👏👏👏👏👏👏👏,0,2026-07-07T08:25:21Z
iHM_UWGn50E,Ugxo9lrP03D1ULd4dq14AaABAg,@ooyh-d7c,"심지어 금요일이라고????
💦💦💦💦💦💦💦💦💦💦💦💦💦💦💦",0,2026-07-09T09:44:12Z
iHM_UWGn50E,UgyOf8chn9RmikSpCH54AaABAg,@BuggyBuggycat-w8y,이야기는 goat 2화까지의 시간은 joat,0,2026-07-08T11:56:02Z
iHM_UWGn50E,UgyoDTtk1iQ947T7EtZ4AaABAg,@황야의사자,"내가 세상에서 제일 힘들어하는게 기다리는건데 
하루이틀도 아니고 무려 몇개월을 나를 이렇게 기다리게 민들다니 과연 죠죠....😮😅",0,2026-07-07T11:16:46Z
iHM_UWGn50E,UgxrJ5rEh_N3iGgEcR54AaABAg,@쌀보루-t9m,"오해 할 수 있을텐데 퍼니 발렌타인, 즉 대통령은 죠셉 성우 스기타 토모카즈 성우는 2부 죠셉의 성우이다. 해당 영상에 쓰인 죠셉은 3부 죠셉으로 이시즈카 운쇼 성우로 별세하신 대성우 님이십니다.",0,2026-07-07T11:38:41Z
iHM_UWGn50E,Ugz8BXRKB4cpgdmkWJB4AaABAg,@체리도넛-w8v,데리버거 ㅋㅋㅋ,0,2026-07-08T07:57:30Z
iHM_UWGn50E,UgwC7YqUlAchJe5yxrZ4AaABAg,@NEMO_Staff,도쟌~,1,2026-07-06T10:07:23Z
iHM_UWGn50E,UgyPkvvI8TJmPbtPDWx4AaABAg,@-unknown_user-1,시간은 움직이기 시작한다,0,2026-07-07T09:26:19Z
iHM_UWGn50E,UgwsMwOKNKUtWL0mZBt4AaABAg,@크롬파워,생일날의 이런 선물을..!,0,2026-07-06T12:25:57Z
iHM_UWGn50E,Ugylg3kpUAeGzz_wyoJ4AaABAg,@UfufhDdd-q3v,소....솔직히...퍼니가 핑크면 죠니 옷은 하늘색이었어야 하는게 맞다고 생각해요...,0,2026-07-07T10:07:47Z
iHM_UWGn50E,UgwxLkDXrD64gVTvwWR4AaABAg,@나어디있게,+ 외국 넷플 댓글창 개쳐 맞아서,1,2026-07-06T10:47:06Z
iHM_UWGn50E,UgzcuDpsD35_wWyMi9J4AaABAg,@코노다리오다,역시 데이비드 프로덕션이야 이런건 잘맞춰,0,2026-07-06T11:51:02Z
iHM_UWGn50E,Ugy0FJo1tDsN6vsYJdJ4AaABAg,@slimebee_0,그렇게 다음 스테이지는 내년 1월이라는 소식이 있는데~......,1,2026-07-06T10:58:22Z
iHM_UWGn50E,UgxDw-_23SrdPDC3oeV4AaABAg,@고단풍-gogo,죠스케 성우도 처음엔 욕 많이 먹었음,1,2026-07-07T08:49:30Z
iHM_UWGn50E,UgzYhuZc7BmTvzOZyVt4AaABAg,@디오-g6u,6000km라...진짜 존나 먼 길이였어...,4,2026-07-06T11:40:09Z
iHM_UWGn50E,UgyVIIxwCZ4EaBAdmkN4AaABAg,@체리의맘카페분석,"우리가 기다려야 할 것
1. 어서와라『남자』의 세계에....
2. 캐치 더 레인보우
3. 다티 디즈 단 다토 칩
4. 실로 머나먼 길이었어...",0,2026-07-06T23:19:07Z
iHM_UWGn50E,UgwB-MJOnv89Yqfs2wp4AaABAg,@disgusting_magam,도 쟈아아앙...,0,2026-07-06T22:52:37Z
iHM_UWGn50E,UgyYV1CtdHzZJFWHhMt4AaABAg,@교회는영어로,저 자연스러운 빠큐는 뭐지?,0,2026-07-06T10:54:39Z
iHM_UWGn50E,Ugw-YwmXbSwCL6wNfft4AaABAg,@김준호-t4l,난 뚱뚱 발렌타인이 모종의 이유로 마른 평행세계 발렌타인으로 교체된거라 생각했는데... 다이어트한건가?,0,2026-07-07T14:04:35Z
iHM_UWGn50E,Ugwq8SK-bC_6PgnGUKl4AaABAg,@strohe1mdks1,죠셉아 도쟈아앙 망치면 도망칠 준비부터 하는게 좋을거야^^,0,2026-07-06T14:03:27Z
iHM_UWGn50E,Ugx4B8Cz0G_57aNTI9V4AaABAg,@남자이재세,STEEL BALL RUN🎉 STEEL BALL RUN🎉,0,2026-07-06T14:15:19Z
iHM_UWGn50E,Ugww1XNbJ-JnTUEmLfp4AaABAg,@Ylupjnkin,미친거가... 우리친구 샹일이 그때임,0,2026-07-07T10:03:05Z
iHM_UWGn50E,Ugx4st_a6Enn9PGBekp4AaABAg,@Terrazine_Lover,"퍼니 발렌타인: 성인의 유해를 모두 모아 AMERICA 를 GREAT하게 만들겠다.

똥쌌도르: 성인의 유해로 다리 고칠거임",0,2026-07-06T11:27:27Z
gCzOb1mV2TY,UgzyHY5urtwCcGCxyB54AaABAg,@PurpleHaze_Stand,THEY KEPT FAT VALENTINE!!!,3543,2026-07-03T23:26:43Z
gCzOb1mV2TY,UgwICB-uUriBBsvnqvF4AaABAg,@naokikentaro,Fat Valentine look like he would use Devilish Deeds Done Damned Coldly,2337,2026-07-03T23:08:19Z
gCzOb1mV2TY,UgwGtMwltW0Oua134jd4AaABAg,@NotShilohRBLX,THEY STUCK WITH THE PINK VALENTINE,425,2026-07-03T23:13:47Z
gCzOb1mV2TY,UgxPHobxHq9VMY5-Twt4AaABAg,@Neoxon619,1:40 They embraced the meme!,1091,2026-07-04T00:01:13Z
gCzOb1mV2TY,UgxqWiOd178aDEhWOrV4AaABAg,@Yanzz2x,WE CAN FINALLY CONTINUE PEAK WEEKLY.,1642,2026-07-03T23:01:49Z
gCzOb1mV2TY,Ugz6vt6uhAxyhhRrZrR4AaABAg,@Morze_code,Was lowk stressing about if funny valentine's color scheme wouldn't be the full pink but they stuck with it!!,470,2026-07-03T23:04:35Z
gCzOb1mV2TY,Ugw9V7YLAIHEI6tP3-14AaABAg,@IcyPuffs,My balls of steel,438,2026-07-03T23:01:09Z
gCzOb1mV2TY,UgwW8cvNV3aTqx-PWoV4AaABAg,@realkingofantarctica,0:45 Same energy as Joseph getting in the car.,640,2026-07-03T23:20:01Z
gCzOb1mV2TY,Ugys7v4TzA91nOLQxIh4AaABAg,@newkingjem,OMG WE ARE SO BACK!!,954,2026-07-03T23:00:25Z
gCzOb1mV2TY,UgwHT79IKAmn66tb6E94AaABAg,@KingCrimson-1,OHHHHH yeah I'm gonna witness jojo Friday's for the first time 😭🙏❤️,827,2026-07-03T23:04:29Z
gCzOb1mV2TY,UgwgIB1l869L_ldz0mp4AaABAg,@123ddhhh,We are back!!!!!!,199,2026-07-03T23:00:57Z
gCzOb1mV2TY,UgxML_Vj8Q_C3sHxJp94AaABAg,@LawrenceRoques,"1:09 Oh my god Funny Valentine is here, I'm so damn hyped. We're finally getting the second stage.",246,2026-07-03T23:27:38Z
gCzOb1mV2TY,UgwyHpdfGq9VPHBC6Gp4AaABAg,@usagialohaoe_mattekudasai,THEY MADE VALENTINE PINK,108,2026-07-03T23:02:54Z
gCzOb1mV2TY,UgwYNHhqNjd6OugcXGh4AaABAg,@NotShilohRBLX,THIS IS THE BEST JOJO FRIDAYS IS BACK,108,2026-07-03T23:12:21Z
gCzOb1mV2TY,UgxBnwHcfdJymgNXFPp4AaABAg,@animegirl4692,IM LOVING FV ENGLISH VOICE HE ACTUALLY SOUND LIKE A PRESIDENT DURING THE 1800S,15,2026-07-04T00:11:22Z
gCzOb1mV2TY,UgwkoyAgNnOY3_ioBSN4AaABAg,@beansuperrrrrrrr,"With enough bullying and harassment, we finally made SBR weekly",14,2026-07-03T23:29:00Z
gCzOb1mV2TY,Ugy_CNjJGZHVU16a-PF4AaABAg,@moonvenerable7897,My most anticipated anime of 2026-27,167,2026-07-03T23:03:00Z
gCzOb1mV2TY,Ugx1Jh_lB9qR18I5Nix4AaABAg,@JasonCreationMask,0:50 STROHEIM!!!!!,9,2026-07-04T04:20:49Z
gCzOb1mV2TY,UgzXIZbKp-niuqRGV-94AaABAg,@blackmario1117,1:02 Doyaan!!,18,2026-07-03T23:10:04Z
gCzOb1mV2TY,UgyBd7tTltdE9sB_cat4AaABAg,@shnoz6829,11 weeks of JOJO LETS FUCKING GO,19,2026-07-03T23:13:32Z
gCzOb1mV2TY,UgxblFY6-ftI5e4cFfp4AaABAg,@megatronusprime12,0:50 stroheim🔥🔥🔥,9,2026-07-04T02:09:47Z
gCzOb1mV2TY,UgxkxwZVHSZWJnbGyaR4AaABAg,@shrimpee7,I’m glad they gave Mountain Tim a southern voice,5,2026-07-04T01:31:24Z
gCzOb1mV2TY,Ugw0pGk05-Arkajs4wV4AaABAg,@Greatducks,WERE SPINNING WITH THIS ONE🔥🔥🔥,7,2026-07-03T23:04:01Z
gCzOb1mV2TY,UgxdO-YVXhFFWp1izcR4AaABAg,@thegromitmug137,IM SO STELL'D OUT OF MY BALL! I COULD RUN!,17,2026-07-04T00:10:28Z
gCzOb1mV2TY,Ugz2y9Le8Qlukgejukh4AaABAg,@sk.yspider,German Technology is back 🥹,7,2026-07-04T00:18:49Z
gCzOb1mV2TY,Ugw-2vaMPnWgH3jvZg94AaABAg,@hakanaydemir2835,OMG IT'S BEING RELEASED ON MY BIRTHDAY AWESOMEEEEEEEEE!,9,2026-07-04T00:22:21Z
gCzOb1mV2TY,UgzMeASFk0kspxOfHnR4AaABAg,@TheOisSilent481,I just wanna say a full hearted thank you to the team for listening to our this community and blessing us with this absolutely incredible masterpiece of an anime! 🔥,7,2026-07-04T09:47:11Z
gCzOb1mV2TY,UgzeRZ0euzrgcgN755t4AaABAg,@Skyfall-J-R,1:25 BOYS HES USING TUSK FINNALY. WE PROBABLY WONT SEE IT PHYSICALLY TILL EPISODE 3 BUT STILL WE WON,58,2026-07-04T00:16:26Z
gCzOb1mV2TY,UgwBIADveplo2vLAOpZ4AaABAg,@NotShilohRBLX,OH MY GOD THIS IS THE BEST QUALITY OF ANIME EVERT,8,2026-07-03T23:10:16Z
gCzOb1mV2TY,UgwovNHh7ll6B2JqDB94AaABAg,@Zt4t1cFr33,"1:03 HES FAT, FUNNY VALENTINE KEPT HIS FAT APPEARANCE😭🙏🥀",170,2026-07-03T23:21:29Z
lqIJ71YmBv8,UgzjYU_V8VU5loTQaCN4AaABAg,@bizarre_diary,"📌나이스고스트클럽 X 죠죠의 기묘한 모험 팝업스토어
- 서울 성동구 성수이로7길 38
-  7/9 (목) - 8/17 (월) 
* 죠죠의 기묘한 모험 협업 제품 현장 구매 시 5% 할인
* 협업 제품 7만원 이상 구매 시 ‘JOJO'S STARDUST CRUSADERS IGGY KEYCHAIN' 일 50개 선착순 증정 (*7/9 – 7/12, 4일간)

(나이스고스트클럽 초청으로 방문했습니다)",2,2026-07-09T09:05:46Z
lqIJ71YmBv8,UgxXIhOd7t96TU7kq7N4AaABAg,@트라이드-q2k,사막보이즈????? 아니닙다 저건 스타 더스트 크루세이더스 입니다!!!,1,2026-07-09T11:23:03Z
lqIJ71YmBv8,Ugyx8ePQ8-ZOVVitU7h4AaABAg,@죠Jo_baby,젠장 저번에 죠죠 키라반때문에 용돈이모도 없어졌다고!!!,4,2026-07-09T09:19:48Z
lqIJ71YmBv8,UgyxyQ4esnoIMhi5AYd4AaABAg,@ster_hamm,또 서울이야,2,2026-07-09T09:06:53Z
lqIJ71YmBv8,UgwBNiM8QufDbIt1fWx4AaABAg,@카쿄인와이프-y5g,사람 많았나요?일요일날에 가려고하는데,1,2026-07-09T10:56:43Z
lqIJ71YmBv8,UgyVgYq8Ndt_c__Aftl4AaABAg,@유호정-c5s,너무비쌈,0,2026-07-09T12:53:25Z
pkVPamg07r4,UgzysXgBCOYQpSkEFAp4AaABAg,@vbrawny_zuelong5300,peak ball knowledge,1,2026-07-04T00:59:55Z
pkVPamg07r4,Ugzle_0jA-4xsaPc9dp4AaABAg,@OhLonesomeMe1892,Can't wait to appear in my stage :),0,2026-07-05T20:51:00Z
pkVPamg07r4,UgzpJLXoYbP_ZkuFslt4AaABAg,@vbrawny_zuelong5300,YOO WHY IS FUNNY VALENTINE FAT 😭. i thought they would not add it.,3,2026-07-04T01:00:37Z
pkVPamg07r4,UgwStO6ES2Ry1rBeA794AaABAg,@EstebanJordan-k1q,The actor of gojo is playing gyro,0,2026-07-04T05:58:16Z
pkVPamg07r4,Ugxdc359JaRrpZiOYDZ4AaABAg,@anonymouscinemafan1820,Hahahahahahahahahahahahahahahahahahahahahahahahahahahahahahahahahahahahahahahahahahahahahaha! He's still so fat!😂😅,1,2026-07-04T01:29:08Z
pkVPamg07r4,Ugwo134YL3i_J8Itwml4AaABAg,@kgfstgc,I see influences from cowboy bebop here,3,2026-07-04T00:56:52Z
pkVPamg07r4,Ugx4yvjT2FuIMkfYb1l4AaABAg,@feedback1993,11 episodes? then it won't all be them🤣,0,2026-07-04T23:34:00Z
pkVPamg07r4,Ugy2j_Jzc_0ImcaURkt4AaABAg,@amjh4lah809,"First comment, 3rd like and 3rd minute ❤",2,2026-07-04T00:56:27Z
aCK6qukfEbQ,Ugzd60c25WiXVnJIIel4AaABAg,@unsafestimboard,"I love how like 50% of these characters are dead, thanks araki",28380,2018-06-29T00:27:59Z
aCK6qukfEbQ,UgysFMpCwuxLOmkunuJ4AaABAg,@mrreyes5004,"JoJo: **Partying with each other, their allies, JoBros and JoFoes.**


Kars: **Is still not thinking in space.**",7680,2020-01-11T10:16:21Z
aCK6qukfEbQ,UgxKJvbGHBFntXLAgRR4AaABAg,@glc704,"Jonathan in Heaven with Danny
That's just so pure 
Can't hold tears",7173,2019-09-13T18:29:16Z
aCK6qukfEbQ,Ugz1yiyJcgeIImFJq8V4AaABAg,@_Black_Lemonade,"0:06 Letting Funny Valentine to press the start button of JOJO crossover op was so symbolic. You know, he's the only person who can get all JOJOs in one place using his Stand's parallel universe ability.",2327,2022-02-12T09:50:56Z
aCK6qukfEbQ,UgxbKrCCzjX9AIK0B4R4AaABAg,@oGogs,"Araki: ""just confirmed Jojo part 9""

All animators of this video: why",5714,2021-08-17T12:43:37Z
aCK6qukfEbQ,UgwOsM2ZI0N8rQb3u2R4AaABAg,@中二界的怠惰大祭司,"Mom can we have a killer queen?
Mom:We already have a killer queen at home
Killer queen at home: 0:44",387,2019-07-06T09:00:22Z
aCK6qukfEbQ,UgyYMUWIZwC3aA4F-rV4AaABAg,@sato-ru219,"1:06
Star Platinum: Ora Ora?
Jotaro: *YES YES YES*",709,2019-06-21T16:16:58Z
aCK6qukfEbQ,UgyYRFruI5CRo0UZxSF4AaABAg,@JovaniCrimson,0:54 COCO JUMBO,76,2025-07-08T01:00:25Z
aCK6qukfEbQ,UgyG2rHPdn4nbTZQRaZ4AaABAg,@kbwouldlovethis8790,"Everyone: *groovin*
Some dead characters: *also groovin*
Kars: help",2439,2020-02-16T17:24:07Z
aCK6qukfEbQ,UgxaWam_zIN0NHpR0EJ4AaABAg,@gloglo5768,Seeing Jonathan with Danny in the afterlife is the most wholesome thing I'll ever see in my life,223,2019-10-29T22:27:38Z
aCK6qukfEbQ,Ugxi6G7vlrMHQNXcTCV4AaABAg,@cit5184,"Josuke Part 4: Who are you?
Josuke Part 8: *inhales*

 I don't know",978,2019-09-20T19:44:40Z
aCK6qukfEbQ,UgyBjShUCAoC30XQGgl4AaABAg,@carolusrex5213,Haven't seen anyone mention it yet but technically Jonathan is in the original version. According to the main animator for the original opening the Sun with Justice written on it is meant to symbolize Jonathan and his noble spirit as it shines across everyone and fuels his decendants to be good people.,253,2022-03-12T22:37:18Z
aCK6qukfEbQ,Ugxf1M91B1nLoBQOg0d4AaABAg,@breezierchip8355,"*Sees Caesar in the heaven seen

IM HAVING A BREAKDOWN BREAKDOWN.",3436,2019-11-17T08:31:08Z
aCK6qukfEbQ,Ugyp7rg0TwKB_tWOAVN4AaABAg,@joaquinquiroz6748,Turtle Polnareff posing made me laugh so hard,1000,2019-09-13T02:31:12Z
aCK6qukfEbQ,UgyUPYkGcF1bYcqv1LB4AaABAg,@shduduwuhsdhi1951,"0:54 🎵Look at our boy Polnareff hit that pose🎵
🎵It won’t go by those unnoticed🎵
🎵By the Jobros🎵",2146,2019-09-19T11:23:41Z
aCK6qukfEbQ,UgxRWgWt8RCRZ9UX65R4AaABAg,@mi_jjbalove,"great daysはジョジョの中で一番好きなOP！！
それにこれまでのジョジョの物語が描かれてるとかこれ以上最高なことは他にない！！
よくこの動画を作ってくれました最高なすぎますわ！！！！",67,2022-08-29T06:59:31Z
aCK6qukfEbQ,Ugzl39BND0murCEVZLd4AaABAg,@AlmondMilk123,"Therapist: killer queen hayato does not exist, it can’t hurt you


Killer queen hayato: 0:45",2871,2020-02-09T03:50:35Z
aCK6qukfEbQ,UgzGSmDLxp29AY3g9KJ4AaABAg,@arthurs_cat2611,"0:25 Josuke 8 is coming out of the ground and Josuke 4 is just like, “Bruh”.",1997,2019-12-30T15:04:36Z
aCK6qukfEbQ,Ugycf_XM3_zQHwTMNS54AaABAg,@ActuallyRocatex,THE TURTLE DID A FUKING JOJO POSE,8054,2019-06-21T05:54:04Z
aCK6qukfEbQ,Ugzo5APz_wgu7WUS6Ix4AaABAg,@Nagare-x8c,5年の時を経てこの動画に辿り着けたことに感謝する。それほど素晴らしいファンメイドだった。ありがとう作者さん。,28,2023-11-03T06:06:17Z
aCK6qukfEbQ,Ugw6DH4-bPQH_XMAG-t4AaABAg,@mr.surfingweb3214,"1:04
After witnessing this, Kars began to think again. But instead of understanding, he just screamed, ""WHY"".",1865,2018-03-23T01:03:46Z
aCK6qukfEbQ,UgxY6U3W02ZjOa5twzR4AaABAg,@lamotosierralibertaria,"1:01 joseph is like ""i send kars to high there""",2174,2019-09-25T00:17:13Z
aCK6qukfEbQ,UgzgcTW40r21RwYtqUx4AaABAg,@Haispawner,0:26 I hate it when Diavolo just invades my terrace and drinks tea.,535,2019-09-12T18:35:05Z
aCK6qukfEbQ,UgyIWQ8W_Co7yBCfvk94AaABAg,@sonpanchan,"0:15 Diamond is Ubreakable's director, Yasufumi Soejima, confirmed that the Sun gadget that says JUSTICE is suppose to represent Jonathan. Basically he wasn't allowed to add Jonathan in the first two intros so he decided to ""turn him into a sun"" and add that into Great Days. The fact that you added Jonathan to this part is more fitting because of it.",91,2023-09-01T03:03:34Z
aCK6qukfEbQ,Ugx2S3NCmY2gNxvmhjR4AaABAg,@Poulposs,0:35 how smart is this scene. I love it,547,2019-12-23T18:21:15Z
aCK6qukfEbQ,UgyKv0T0BXnrIpNghGR4AaABAg,@raivynnrealalvarez1352,9/10 - not enough Speedwagon screentime,3641,2019-05-02T15:30:11Z
aCK6qukfEbQ,UgyV4mBQk6a_b886YZV4AaABAg,@WolfedOutEXE,1:02 you dont realize how good it feels to see danny up there with jonathan. Neither of them deserved what happened to them them but they're in a better place now.,402,2020-01-08T23:25:24Z
aCK6qukfEbQ,UgyiQOQFAMvnnYBEPvx4AaABAg,@hueah6081,0:21 THE EVOLUTION OF JOSEPH IS JUST <3,370,2022-05-17T15:21:32Z
aCK6qukfEbQ,UgwsDLjFOPOykDRTBaB4AaABAg,@chillchekk5029,"After filming:
Josuke 4: who are you
Josuke 8: I’m you",2366,2019-07-18T22:43:11Z
aCK6qukfEbQ,UgwJeuDThm6nkT7Tl5B4AaABAg,@bmg4128,Now THIS is what you call a great day.,509,2019-09-12T21:11:48Z
lEXNvjnKDAI,UgzXKH9xA2n1LO_110F4AaABAg,@itz-9352,정밀동작성 C,310,2024-05-09T20:34:14Z
lEXNvjnKDAI,UgwEZsnds3pDYx5BbAt4AaABAg,@멩이-m2z,"""찾았다.....""",66,2021-07-25T06:19:34Z
lEXNvjnKDAI,UgyR1PbaeUo-0xy3Kit4AaABAg,@수원좋은놈,이건 죠타로가 아니라 발렌타인 아니냐 ㅋㅋㅋㅋㅋㅋ,87,2025-06-30T08:34:48Z
lEXNvjnKDAI,UgzcjyCRYgTp-nuhTkJ4AaABAg,@실문이_silmoon466KOR,"YES YES!
- 퍼니 발렌타인


어잇 C바
-기비",17,2025-05-14T17:07:45Z
lEXNvjnKDAI,UgyyN9q1ojXwhacM9Vd4AaABAg,@Jinfalza,우리는 이것을 죠죠처럼 맥주마시기라고 하지않고 샷건방식으로 불러요,46,2023-06-22T10:53:05Z
lEXNvjnKDAI,UgxBUACUGL9qYTuqO3N4AaABAg,@타이거즈팬-k9f1w,C바(X) C-MOON(O),11,2025-05-03T11:00:11Z
lEXNvjnKDAI,UgwgiNiR6EsxZoifgfR4AaABAg,@zxcv-m9t,죠타르는 위에 뚜껑 땄잖아,5,2025-11-30T07:02:14Z
lEXNvjnKDAI,Ugw4YX7_gVkvffmaXqZ4AaABAg,@NumberHonor,쥰내 웃기넼ㅋㅋㅋㅋㅋ,13,2021-07-27T12:58:25Z
lEXNvjnKDAI,UgwLF1UPSE1Fu3m0rux4AaABAg,@우림림,아 쥰내웃기네진짜 ㅋㅋㅋㅋㅋㅋㅋㅋㅋㅋㅋㅋㅋㅋㅋㅋㅋㅋ,12,2021-07-29T03:30:55Z
lEXNvjnKDAI,UgzSbGGos2uV68-JXNp4AaABAg,@Duckiscool1228,???:앍 시밬!!!!!,6,2022-09-13T13:34:49Z
lEXNvjnKDAI,UgxFTOz5Z30ZY2lrWeh4AaABAg,@you_mushin,저게 가능한거였구낰ㅋㅋ,2,2023-12-08T15:32:00Z
lEXNvjnKDAI,UgwCoa_Pc95WLntDX7V4AaABAg,@메가톤바맨,정밀동작성: 초서툼,1,2026-03-31T11:15:25Z
lEXNvjnKDAI,UgyPe7aaulRB6t8sWCx4AaABAg,@Bizarre_Pigeon,쫀득님은 철분 대신 흑연을 보충하시는구나,1,2025-07-22T11:41:57Z
lEXNvjnKDAI,UgzvUYLTyQ4GRAnD5UZ4AaABAg,@아오이아이이,상남자특: 죠타로,11,2022-09-19T03:42:09Z
lEXNvjnKDAI,UgyK2pMOBMSNUHYLMnx4AaABAg,@domato_33,간과한 탄산,2,2021-07-05T13:11:53Z
lEXNvjnKDAI,UgwcYfFi1HX0GiVy9V54AaABAg,@칼퇴근,ㅋㅋㅋㅋㅋㅋ 아니 이게 누구야!,2,2021-10-06T14:03:31Z
lEXNvjnKDAI,Ugx7EcM2Pi7JMpuCbWZ4AaABAg,@MaRu-s7j,자세히 보면 오랜지 쥬스라고.. 했던것 같기도요,0,2025-08-01T14:33:37Z
lEXNvjnKDAI,Ugxu46J7sI7Sajw42bJ4AaABAg,@심심한할로우,"3부 7부

3부
우리가 아는거
7부
YES",0,2024-11-29T14:41:02Z
lEXNvjnKDAI,UgxCho6DUmAg2NdFsml4AaABAg,@non__american,ㅋㅋㅋㅋㅋㅋ,1,2021-12-07T17:31:36Z
lEXNvjnKDAI,UgyELn2XnCBE-tQCo2V4AaABAg,@그림그륌,이거 구멍살짝둟고 뚜껑따는건데,3,2022-08-31T06:04:24Z
lEXNvjnKDAI,UgwePs9m6bcFxNBJiU54AaABAg,@크버귀,ㄴ엄청힘들어슬거야,0,2021-12-01T07:28:29Z
lEXNvjnKDAI,UgzZRywf_u8jKaFq5Ht4AaABAg,@Bht-i1h,매가톤맨,0,2025-11-10T06:58:48Z
lEXNvjnKDAI,UgzQ03bpvblSmmZbhoV4AaABAg,@l.lawliet6736,형은 죠타로가 아니야,34,2021-07-05T12:20:30Z
lEXNvjnKDAI,UgxUaB3XGDgAUVrEqRh4AaABAg,@희정박-p3i,I c바!,2,2022-08-15T11:56:26Z
lEXNvjnKDAI,UgzRiCCf94ESsvaAxnB4AaABAg,@모든것이_정의지롱,위에꺼 안따고 해서 그런거 아님?,0,2026-06-01T12:37:05Z
lEXNvjnKDAI,Ugw2aDkoXhDV4Cz3C294AaABAg,@たこやき-l8x,여긴가...?,0,2021-07-26T09:05:47Z
lEXNvjnKDAI,Ugw2JwIgx0vi9bgn6Dd4AaABAg,@cxtoo,먹기 시작 하셨을때 뚜껑을 따셔야 해요,0,2026-05-02T08:39:40Z
lEXNvjnKDAI,Ugw27L-l0ZvwIoS5HNZ4AaABAg,@인무a,0:00,0,2021-07-27T10:20:14Z
lEXNvjnKDAI,UgyzNcRPp57ziaLs0ol4AaABAg,@yonghoakim9221,광자임?,0,2022-10-16T03:57:39Z
lEXNvjnKDAI,UgxpIoYlYV8y7IuWG4p4AaABAg,@ddjjo,하지만 죠타로가 마시는건 검열당한 맥주 결론은 지금 마시는건 음료임,0,2023-06-25T21:51:23Z
yECaKvYFLmo,UgxEu8s3qsHj7Qdn1St4AaABAg,@호털이,"Dlc까지 살 정도로 진짜 재밌습니다
메타리카 외치는 철분 보충 십련이랑 
매칭시간이 1픽 유미마냥 창났긴 했지만 사설만 파면 제일 재밌는 게임 같습니다

이제 죠죠 애니도 다 봤으니 7부 제작좀 빨리 해다오..",757,2025-07-06T07:31:47Z
yECaKvYFLmo,UgzrVUbNlDQgxxJqQyR4AaABAg,@CHANGMICHEAL,드럼통에 이기 ㅋㅋㅋㅋㅋㅋㅋㅋㅋㅋㅋ,252,2025-08-14T18:23:15Z
yECaKvYFLmo,Ugx3qstWbvcrcuyIDlR4AaABAg,@very_thanks,뒤를 부탁한다 이기야..!,2108,2025-07-06T06:27:59Z
yECaKvYFLmo,UgzPctmkvc_2DZMTsOR4AaABAg,@네임리스-v9b,고증은 진짜goat인데 문제는 고증만 잘지킨거ㅋㅋㅋ,853,2025-07-06T06:32:03Z
yECaKvYFLmo,UgxU4Uvae4527JjkXrR4AaABAg,@타꼬야끼-s5o,"뭔가 대사 뒤에 이기야 붙이면 웃기더라

“나는! 인간을 그만두겠다 이기야!”

“이 죠르노 죠바나에겐 꿈이 있다 이기야.”

“심판하는 건, 내 스탠드다 이기야!!”

아니ㅋㅋㅌ 명대사에 3글자 붙인거 뿐인데도 무슨 디씨인같아 보이잖아ㅋㅋ",48,2026-03-03T13:59:51Z
yECaKvYFLmo,Ugz9r57YzgV5HqZqw4x4AaABAg,@Lesson5는_이걸_위해서,TMI : 이기는 일베보다 약 20년 먼저 나왔다.,28,2025-07-07T11:11:16Z
yECaKvYFLmo,UgwaVTYew44BtP339Ed4AaABAg,@yyseong,"""날 좀 도와줘야겠다 이기야""",803,2025-07-06T06:31:20Z
yECaKvYFLmo,Ugxk99Aiha8deJ49Bux4AaABAg,@김부장-h4n,여기 곧 있으면 진짜 자운 끝판왕 찐 그분들 오겠네ㅋㅋ,344,2025-07-06T06:39:01Z
yECaKvYFLmo,UgwrzDjiZxWz7c-xmZV4AaABAg,@약관에동의함-p3g,파문게이랑 기둥게이의 싸움 아주 인상깊죠😊,243,2025-07-06T07:50:19Z
yECaKvYFLmo,UgwmrfERDyCgbCVtvlN4AaABAg,@박재윤-t8y,호털님은 약간 오쿠야스 아빠? 닮았을거 같아요!,135,2025-07-06T08:56:18Z
yECaKvYFLmo,Ugx798kxdajzc8_JT8V4AaABAg,@야근,제목을 이 격투 게임이 망한 이유는 뭘까 해놓고 썸네일을 그거로 지정해놓으니까 이 격투 게임이 망한게 아닐까요,291,2025-07-06T06:28:36Z
yECaKvYFLmo,Ugyd2HNMfIBwAyfAtHx4AaABAg,@메이드인해븐,???:멈춰라노 이기!,8,2026-02-14T10:29:06Z
yECaKvYFLmo,Ugxxfi3zlS1ocIEeWEJ4AaABAg,@Phryxul,"나의 이름은 '키라 요시카게'. 33세.
자택은 모리오초 북동부 별장지대에 있으며... 결혼은 하지 않았지.
직업은 '카메유 체인점'의 회사원이며 늦어도 저녁 8시까지는 귀가하지.
담배는 피우지 않지만 술은 즐기는 편.
밤 11시에는 잠자리에 들고 반드시 8시간은 수면을 취하려 하지.
자기 전에 따뜻한 우유를 마시고 20분 정도 스트레칭으로 몸을 푼 다음 자리에 들면 거의 아침까지 숙면을 취하지.
갓난아기처럼 피로나 스트레스를 남기지 않고 아침에 눈을 뜰 수 있지.
건강진단에서도 이상 없다는 말을 들었고.

(시게찌: 무... 무슨 말을 하는 거냐구?! 너?)

나는 항상 '마음의 평온'을 바라며 살아가는 사람이라고 설명해주는 거야. '승패'에 집착하거나 머리를 싸매야 하는 '트러블', 밤에 잠도 이루지 못할 '적'을 만들지 않으려는... 그런 것들이, 나의 사회에 대한 자세이자, 그것이 자신의 행복임을 잘 알지... 물론 싸운다 한들 나는 그 누구에게도 지지 않지만.
다시 말해 시게찌 군… 자네는 나의 수면을 저해하는 '트러블'이자 '적'인 셈이지.  누군가에게 말하기 전에… 자네를 처리하도록 하지.",412,2025-07-06T06:32:34Z
yECaKvYFLmo,UgwsS9l8xczagU0n_G94AaABAg,@카피577,간만에 재밌는거 만들었네요! 퍼리퍼리님!,5,2025-07-06T08:09:41Z
yECaKvYFLmo,UgwigiqphNP4Fkwponh4AaABAg,@nsw1007,제일 기묘한건 여기 더빙주인 털박이련...?,5,2025-07-06T06:27:15Z
yECaKvYFLmo,UgypKkQ4CjXVMPR8Z1x4AaABAg,@치.아.-h9y2e,리버스 드럼통 고려장ㄷㄷ,32,2025-07-06T06:31:22Z
yECaKvYFLmo,UgwUthpUkk8DyQec50N4AaABAg,@로이컨-o3y,어..어.. 물지마라,1,2026-04-25T02:03:09Z
yECaKvYFLmo,UgxDGiQCz_kWepMgt4x4AaABAg,@HLE_joto,진짜 잘하시네용..♡♡,0,2025-07-24T14:43:54Z
yECaKvYFLmo,Ugy0p-6-A7-LWr4YEZt4AaABAg,@계약서깠따꾸,아니 호털이가 이 게임을 할줄은 몰랐는뎈ㅋㅋㅋㅋㅋ,3,2025-07-06T06:38:59Z
yECaKvYFLmo,Ugza7PTTpL717WQ7ajJ4AaABAg,@FIAB1995,0:01 저분 빌런아임다  박덕술 할아바이임다,0,2026-05-25T03:17:34Z
yECaKvYFLmo,Ugz8wz8EslTuzTDgdSF4AaABAg,@octosniper3329,"이기 진짜 ㅋㅋㅋㅋㅋㅋㅋㅋㅋㅋㅋㅋ
고노메 이름 땜에...ㅋㅋㅋ큐ㅠㅠㅠ",1,2025-08-11T06:44:09Z
yECaKvYFLmo,UgzCyEsuMByiWaIMstp4AaABAg,@snow_bunny_,드럼통 묵은 거 봐라ㅋㅋㅋㅋ 그냥 석유가 되어서 흐르네,53,2025-07-06T07:37:47Z
yECaKvYFLmo,UgybtR-FOKMeQXXdzet4AaABAg,@취한별,죠죠를 옇시미 보셧어서 그런가 드립이 더 매운 것 같스미다-!!!,0,2025-07-06T07:43:49Z
yECaKvYFLmo,UgwRhgJOh1WLweYGNIB4AaABAg,@홍강류24-b8g,아니 ㅋㅋㅋㅋ 엄마는 널 사랑한다 ㅇㄱㅇ 이러넼ㅋㅋㅋㅋ,1,2025-11-08T00:23:41Z
yECaKvYFLmo,Ugz7vxZENowxEw5ASAZ4AaABAg,@용의후손,"님은 죠죠의기묘한모험을 다시 정주행을
보는 것이 입니다! 여러분~",3,2025-07-07T02:37:19Z
yECaKvYFLmo,UgwUGE4oVy3d96724hJ4AaABAg,@동현김-i9k,격겜의 벽은 명작 도 허물지 못한다 ㄷㄷ,0,2026-05-04T21:17:05Z
yECaKvYFLmo,UgzdotMPv19386PqaTx4AaABAg,@EYJoo,안뇽~~ 멍멍아~~,0,2026-05-27T02:32:56Z
yECaKvYFLmo,UgwG4ZN072oEKRuUVMB4AaABAg,@실문이_silmoon466KOR,앗 콜타르 드럼통 ㄷㄷ,1,2025-07-07T11:26:04Z
yECaKvYFLmo,UgyF8SDB5TszhoqLFvV4AaABAg,@GOODING-2599,저도 저 게임 해봤는데 컴퓨터로 해서 그런지 컨트롤이 조금 어려운 것만 빼면 재밌습니다!,1,2025-07-23T06:24:33Z
yECaKvYFLmo,Ugx9fKHwInoQ9wFqVAJ4AaABAg,@룬코-s5r,메가톤맨이다..!!,1,2025-07-06T07:34:02Z
ShR5QO5tybc,UgzVxjzLFDSTQsRByQx4AaABAg,@아옹이,죠죠러로써 굉장히 행복하다.,7562,2023-11-04T03:08:05Z
ShR5QO5tybc,Ugyc_J4-PiUxVQo70Z14AaABAg,@hined_h,군기잇 ㅇㅈㄹ ㅅㅂ ㅋㅋㅋㅋㅋㅋㅋㅋ,362,2023-11-06T11:51:57Z
ShR5QO5tybc,Ugzx9Wn8bDNmsIZts4R4AaABAg,@안녕-g2m4i,'넌 휴가라는 진실에 도달하지 못한다',5084,2023-11-04T03:20:37Z
ShR5QO5tybc,UgyUOaSnLGjA3fdGPkh4AaABAg,@닉바-z5w,군기잇 미쳤냐구 ㅋㅋㅋㅋ,484,2023-11-05T01:46:25Z
ShR5QO5tybc,UgwozAMT53l9_CMVggB4AaABAg,@spacea1852,레퀴엠의 능력을 이렇게까지 이해하고 계시다니 정말 감동입니다 ㅠㅠ,378,2023-11-05T02:12:42Z
ShR5QO5tybc,UgwJpDAzEM2u_2Ba0Wh4AaABAg,@bbeam3101,"""다가오지 말란 말이다!""라고 쌀케이크에 말하면서 범죄도시락과 연결해도 재밌었겠다 ㅋㅋㅋㅋㅋㅋㅋㅋㅋㅋㅋ",2030,2023-11-04T03:58:15Z
ShR5QO5tybc,UgwRyuzzAd9BvN1Zz4l4AaABAg,@a45897148,나...나는..언제 나가는것이냐... 내.. 내 휴가를 막지 말란말이다아아아아!!!!,674,2023-11-04T03:05:53Z
ShR5QO5tybc,UgwkQbVSxpIU3pK2k814AaABAg,@윤도현-p7w,"""전역"" 이라는 진실에 도달하지 못한다. ㅋㅋㅋㅋㅋㅋㅋㅋㅋ",1141,2023-11-04T03:37:20Z
ShR5QO5tybc,UgyOiRqVy0K7yJDE9z14AaABAg,@woo179,ㅋㅋㅋㅋㅋㅋㅋ아 레퀴엠 디아블로 연출 미쳤냐고 ㅋㅋㅋㅋㅋㅋㅋ,2007,2023-11-04T03:04:48Z
ShR5QO5tybc,UgxrkZy2mPV53-_A71V4AaABAg,@가끔정상인,미친놈이네 뭐 이렇게 잘만들었냐 ㅋㅋㅋㅋㅋㅋㅋㅋㅋㅋㅋㅋㅋㅋㅋㅋㅋㅋㅋ,59,2023-11-06T09:29:29Z
ShR5QO5tybc,UgwxWT33rOEiOwEz29V4AaABAg,@fkrymincheol,"""상순, 너는 이제까지 먹은 쌀케이크의 개수를 일일이 기억하나?""",888,2023-11-04T07:41:46Z
ShR5QO5tybc,UgyqETwAT5l-xoJzCs94AaABAg,@hangyup,군기잇ㅋㅋㅋㅋㅋㅋㅋㅋㅋㅋㅋㅋㅋ 아 미친것같아,70,2023-11-04T15:01:33Z
ShR5QO5tybc,UgxxNPZItcX4uNgvv554AaABAg,@Conan7381,죠죠5부 마지막을 군대로 표현하다닠ㅋㅋㅋㅋㅋㅋㅋㅋㅋㅋㅋㅋㅋㅋㅋ,58,2023-11-04T03:12:11Z
ShR5QO5tybc,Ugydhzp0ZDr5DxnieUF4AaABAg,@yuharang1715,"연출 개똑같음 죠죠러로서 행복❤
다음번에는 전역이라는 진실에 도달하지 못하는 건 어떨까요?",39,2023-11-05T01:13:12Z
ShR5QO5tybc,UgwAYb8Mytt_waVjQ_l4AaABAg,@20-Jerry,"군대에서 생일 전날에 쌀케잌을 받아서 동기들이랑 나눠먹었는데 물론 맛있었지만 진짜 사제 케잌이 그리웠는데, 그 다음날에 소대장이 펭수 케이크 사주더라 진짜 감동했었다 
소대장님 진짜 군생활하면서 제가 봤던 간부님들 중에서 제일 최고이시면서 천사였습니다..ㅠㅠ",487,2023-11-04T06:21:51Z
ShR5QO5tybc,UgxHpaRDcU0mW_T7tOR4AaABAg,@fbtmdwh,성순쨩..내 생일인건 어캐알고...감동이야..ㅠㅠ,49,2023-11-04T03:25:25Z
ShR5QO5tybc,UgyB5rpS3zVmSiD296B4AaABAg,@자면뭐하니-q4n,ㅋㅋㅋㅋㅋㅋㅋㅋㅋㅋㅋ존나 웃기네 왜 이리 패러디를 잘 하냐,76,2023-11-04T03:21:29Z
ShR5QO5tybc,UgzJNoV42Lr_4CFB2d14AaABAg,@브라이트-x5y,"벽에 낀 시리즈도 웃기긴한데, 진짜 로리신부터 죠죠까지 패러디물이 너무 웃겨요ㅋㅋㅋ 패러디,밈 활용 너무잘하세요",16,2023-11-04T07:00:23Z
ShR5QO5tybc,UgwYQSvdfTTJtWhqfWN4AaABAg,@heonyhunynight,대사 하나하나 참 주옥같네ㅋㅋㅋㅋㅋㅋㅋㅋ,116,2023-11-04T04:20:04Z
ShR5QO5tybc,UgxjBFbeplfR5ocpzT54AaABAg,@rapwithvallad,엑스텀프 터지는 소리가 계속나네 엌ㅋㅋㅋㄱㄱㄱㅋ,20,2023-11-04T03:03:48Z
ShR5QO5tybc,UgzCESSN1VhhHJ2V_QN4AaABAg,@jjsyy1,훈련소에서 군대케이스 먹었을 때 진짜 맛있었는데 퀄리티 의외로 좋아서 놀랐었어요,9,2023-11-04T05:31:54Z
ShR5QO5tybc,Ugw_vNmlejS66zXKfYV4AaABAg,@tv-ez4qn,''군기이잇!'' 미쳤냐곸ㅋㅋㅋㅋ,10,2023-11-28T11:28:50Z
ShR5QO5tybc,Ugw7DsjeVvIbOcUcoM14AaABAg,@KR1-r9e,ㅋㅋㅋ 진짜 미치셨나요 순간 뭔가 생각났는데 기대를 져버리지 않는다 이형. ㅋㅋㅋㅋㅋ,11,2023-11-04T04:57:08Z
ShR5QO5tybc,UgzBjS3TxlFwinxxs_Z4AaABAg,@상쾌한매루치,지금까지 봤던 영상중에 제일 재밋다ㄹㅇ,7,2023-11-04T04:50:13Z
ShR5QO5tybc,Ugyd-zckEciICqDtfV94AaABAg,@0131PP_K.K.M,그와중에 우리 스탠드 없어서 스탠드 안보이는 고증 쩌네ㅋㅋ,202,2023-11-04T03:24:44Z
ShR5QO5tybc,UgwowZys7mkl8wQ-W_54AaABAg,@카이슈-o9k,왜이리 잘만들었어 ㅋㅋㅋ,5,2023-11-04T07:11:37Z
ShR5QO5tybc,UgzKqLQQyLlfDae_Z3d4AaABAg,@seraphim343,죠죠러로서 미소가 흐뭇하게 지어지는 영상이였습니다ㅋㅋ,7,2023-11-06T15:14:50Z
ShR5QO5tybc,UgywDXCWx2AITQb9On94AaABAg,@자작곡싸개,"3달째 휴가 참고 있는 상병입니다.
말출러들 전역날 두고보자구~♡",9,2023-11-05T01:19:50Z
ShR5QO5tybc,Ugz9XEFPVP_WPYZ9CvZ4AaABAg,@김백사,이제는 생일비 15000원 줘요ㅎㅎ 케이크 남아서 맨날 냉장고에서 상했었는데 돈으로 주니깐 좋더라구요,7,2023-11-05T06:28:08Z
ShR5QO5tybc,Ugy4Uh51ymPChMr5rGJ4AaABAg,@시쿠로-g7g,끊임없는 진실을 찾는 굴레에 빠져들도록,10,2023-11-04T03:45:32Z
Xcsdq49LRBA,UgyUijwZ-QpHIFnCU4d4AaABAg,@なかなかなななな,나루토는 「승리」한다는 「진실」에 도달하지 못한다.,506,2025-08-09T03:41:46Z
Xcsdq49LRBA,Ugx9XaIBkup-cssxbl14AaABAg,@VosTian,"GER의 능력의 완벽한 예시: 군대에 입대한 후 GER의 능력에 당한다면 ""영원히"" 전역할 수 없음",442,2025-08-07T02:08:35Z
Xcsdq49LRBA,UgyTFlL3WsN1ANJSPRx4AaABAg,@248S-g7p,죠르노가 이기지 레퀴엠을 어케 이기냐고ㅋㅋㅋㅋ,235,2025-08-09T05:33:14Z
Xcsdq49LRBA,UgyIMX-ssiEz1V5relV4AaABAg,@forien11,GER는 독일이 아닌 골드 익스프리언스 레퀴엠을 줄인 말이다,89,2025-08-06T10:25:28Z
Xcsdq49LRBA,Ugx5hyoJx4ghtbCrmpV4AaABAg,@Sinbogchi,나루토:내근처로 다가오지 말란말이다!!!!!!,38,2025-08-15T07:01:12Z
Xcsdq49LRBA,UgwjSeSb9WZVmql7EeZ4AaABAg,@jangjak,진실이라는 인과율의 간섭에서 벚어나지 못 하는 존재는 무조건 진다고 보면 되는 능력,10,2025-08-09T04:30:20Z
Xcsdq49LRBA,Ugwk50cCzMNERSZ9Hm54AaABAg,@Joseph-Joestar-uk,"를 이기는 ""천국""에 도달한 디오",1,2026-07-04T00:37:55Z
Xcsdq49LRBA,UgwD1VOHX50eSMFUJGB4AaABAg,@plue14,아니 님아 그걸 어케 비벼 ㅋㅋㅋㅋㅋ,5,2025-08-31T04:25:55Z
Xcsdq49LRBA,Ugy7GVqto3fgf_DQs354AaABAg,@koreath23,"1.공역 반사
2.무생물을 생명력을 부여해서 생명을 탄생 시킴
3.공격시 상대에 영원만 폭주하게 만듬 육체는 무방비 상태가 됨 맞을 경우 것나게 아픔 (2번 맞으면 질식사 함)
4.상처 회복(대신 아픔은 그데로임)
[레퀴엠]
1.상대 공격을 즉 공격이라는 '진실을 '거짓'으로 만듬( 이능력은 어떤 능력이든 어떤 공격이든 어떤 한 수단이든 다 무의미 하다는 거임)
(그레서 6부에 죠로노가 만약 죠타로 도와주러 왔다면? 이라는 것도 있음 )
(모든 스탠드중에서 제일 사기 능력)",43,2025-08-09T07:54:15Z
Xcsdq49LRBA,Ugxus80T6GwNoL3g5oN4AaABAg,@bluishgreenchalk,"""너는 나를 이길 수 있다는 진실에 도달하지 못한다""",6,2025-08-15T01:21:21Z
Xcsdq49LRBA,UgwCexxlhha3yTtJFMl4AaABAg,@초조슼,아예 시공간을 초월한 능력이 있는 상대라 하더라도 이미 시간이 날라간 공간에서도 멀쩡하게 예기하고 능력 발동하는거 보면 아예 1차원 이상의 존재여야 가능하지. 레퀴엠을 상대하려면,39,2025-08-12T07:12:42Z
Xcsdq49LRBA,UgxDqKmBaL6-Yb2XPcZ4AaABAg,@이슈다입니다,정확히는 골드 익스페리언스는 생명에너지를 부여 할 수 있습니다 예로 들자면 라이터-->꽃이 될 수 있죠 그리고 골드 익스페리언스가 황금의 화살을 통해서 파워업을 하면 골드 익스페리언스 레퀴엠이 되는데 이전에 생명 에너지 능력은 그대로 유지 되면서 너는 [???]에 도달 할 수 없다는 [진실]에 도달하지 못한다 라는 능력을 가지고 있습니다,7,2025-08-23T14:24:20Z
Xcsdq49LRBA,UgzHrCGsjeW_CmvaHpR4AaABAg,@유저-j8i,이건 죠르노가 압승이지,23,2025-08-15T07:42:42Z
Xcsdq49LRBA,UgzWSuMc3BlSFnP11b14AaABAg,@youngg460,더월드 오버해븐도 하면 좋겠다,0,2026-07-04T08:34:10Z
Xcsdq49LRBA,Ugzm5jLNc_b6eEqAXeZ4AaABAg,@우주먼지-j7d,유튜브도 있구나ㅋㅋㅋ,0,2025-08-15T01:47:47Z
Xcsdq49LRBA,Ugz6UgvRU2LajkChLYB4AaABAg,@격식인간-f6k,"그림체가 묘하게 핀과 제이크의 어드벤처 타임 느낌이어서 좋네요 추억돋고
앞으로도 파이팅!",0,2025-08-11T15:49:45Z
Xcsdq49LRBA,UgwTemYCS_3rtQrXuMh4AaABAg,@구린easy,걍 아무리 상대가 ㅈㄴ 강한 애니 캐여도 죠르노 죠바나는 절대 못이김 공격 자체를 무효화 하는데 못죽이지..원더 오브 유나 시간 가속 아니면 거의 불가능,15,2025-08-11T17:45:20Z
Xcsdq49LRBA,Ugyn4UrFaGAc9wJyBpV4AaABAg,@슈펑아림,"죠르노의 스탠드 골드 익스피리언스는 무생물에 생명을 불어넣어 변화시키는 능력이며 레퀴엠이 되면 모든 것을 없던 것으로 즉 ""무""로 되돌리기에 나루토가 선인모드,구미모드등으로 변신하면 그것을 ""무""로 되돌리면서 싸우면 사실상 일반인이랑 싸우는거라 무조건 죠르노가 이김ㅋㅋ",0,2026-07-05T03:00:16Z
Xcsdq49LRBA,UgzGsF3t403sK6VhVCZ4AaABAg,@임규민-k8s,이죠르노죠바나에게는꿈이있다,6,2025-08-15T06:22:39Z
Xcsdq49LRBA,UgxENmRUt2EpIDb851Z4AaABAg,@극악무도죠스케,"하필 다람쥐 ㅋㅋㅋ
완생이의 애완동물",1,2026-03-07T09:24:12Z
Xcsdq49LRBA,UgzdpL9RV2z6q22WrDd4AaABAg,@미쯔_맛있다,화살이 써클렛마냥 중요한건데 빼버리셨어ㅜㅠㅋㅋ,0,2025-08-21T16:46:57Z
Xcsdq49LRBA,Ugz6C_j4_MQP-PtOZSF4AaABAg,@lovejesus6093,무다무다무다무다,0,2026-06-27T12:29:35Z
Xcsdq49LRBA,UgzPvWmTJaOzpqBMsYt4AaABAg,@ksuna174,"나루토는 ""나루토""라는 애니의 주인공이라는 진실의 도달하지 못한다 이제 부터 사스케가 주인공이다",12,2025-08-16T14:04:28Z
Xcsdq49LRBA,UgyIkumtJRj2W5HFW014AaABAg,@user-thinking_emptiness,이건 거의 뽀로로에 토리코 던져놓은거 아님?ㅋㅋㅋㅋㅋ,1,2025-08-25T09:37:10Z
Xcsdq49LRBA,Ugxp_V7d7GSA4hhl8qF4AaABAg,@박-o4c,이제는 안쓰이는 효과인 만든생물의 공격 반사로 나루토를 이길수 있어서 그냥 골익의 능력을 말한거 같네요,1,2025-08-14T03:45:42Z
Xcsdq49LRBA,Ugx04ECpd4Tch3x1Y9h4AaABAg,@죠Jo_baby,"에초에그냥 살아있단 는진실을 무효화하면,,,",14,2025-08-15T10:17:44Z
Xcsdq49LRBA,UgxkM3t0ajvMTFZJqAF4AaABAg,@도라미2,예를 들어서 넌 나를 공격한다는 진실에 도달할수없다고 하면 공격불가임,1,2025-08-09T04:30:21Z
Xcsdq49LRBA,UgxR4WAEskYDjh89l814AaABAg,@짤-r18,"저걸 이길려면 각성하기 전에 족치거나
이미 각성한 상태에서 이기려면 여러 전제조건을 깔아야만 이길 수 있을 정도로 그야 말로 딸깍형 먼치킨....",0,2025-08-20T15:19:59Z
Xcsdq49LRBA,UgyhZ-N-qJlo13SUaY94AaABAg,@레에오,*이것이.. 「레퀴엠」..*,1,2025-08-15T01:20:11Z
Xcsdq49LRBA,Ugw0b5xnpZMPUOwVPcJ4AaABAg,@무-i6g,???:결과?그건 중요하지않아 결과를 없에면되,1,2025-08-17T05:06:50Z
TMsZg_rAw2w,UgwNcnWEcDvrA7_7My54AaABAg,@user-no2lo8ye3p,"얘네 싸울때 진지해서 그렇지 비전투때 죠타로 담배묘기 썰 들어보면 
걍 정신나간 매운맛 예능집단임 ㅋㅋ",573,2025-08-08T21:37:50Z
TMsZg_rAw2w,Ugz_r75oWyqw8gjIC314AaABAg,@daginkonz,카쿄인은 걍 진짜 미친거 맞잖아 ㅋㅋㅋ,121,2025-08-10T14:24:56Z
TMsZg_rAw2w,UgwYi-1sq6yX9I-6vbh4AaABAg,@mino-f8x,뀨끼끼뀨뀨끼 노호 노호오오오는 ㅅㅂ  뭔 웃음소리냐 진짜ㅋㅋㅋ,760,2025-08-09T01:18:15Z
TMsZg_rAw2w,UgxGnHJ3V1VvgSq8fil4AaABAg,@user-rv9me2zm2w,"이후에 죠셉이 ""멀쩡한건 나뿐인가.."" 하자마자 단체로 더 쳐웃음 ㅋㅋㅋㅋㅋㅋ",352,2025-08-08T14:04:02Z
TMsZg_rAw2w,UgzG2ee5fHqWgwq83YJ4AaABAg,@SBK_UN,옛날 죠셉이었으면 제일먼저 알아채고 낄낄댔을텐데...,338,2025-08-10T19:41:35Z
TMsZg_rAw2w,UgyXO34YQULbvgVkzUV4AaABAg,@cks03183,"이거 처음봤을때 죠타로 웃어서 진짜 큰일 난
줄 알았는데ㅋㄱㅋㅋ",557,2025-08-08T07:17:01Z
TMsZg_rAw2w,UgwG7Sn9GaDNZHRvWCZ4AaABAg,@sanbara8401,뒷이야기가 분명 저 3명만 적 스탠스술사 위치 파악하고 어이가 없어서 웃는거였지 근데 앞에 웃는거만 따오니까 되게 기괴하네,78,2025-08-08T08:48:29Z
TMsZg_rAw2w,UgwEKwJ0AkgI3tktSFt4AaABAg,@콜라맛츄파츕스,저따구로 쳐 웃으니까 17년동안 친구가 없지,5,2026-06-15T22:58:11Z
TMsZg_rAw2w,UgxY351QKcxvDRiMYJV4AaABAg,@임한결-d3c,죠타로 얼빵하게 쳐@웃는거에서 진짜 못 참겠음 ㅋㅋㅋㅋㅋ,29,2025-10-03T09:38:07Z
TMsZg_rAw2w,Ugyv9C68RzoIl2OXMkV4AaABAg,@yeeeeee8146,맨날 가오 이빠이 잡으면서 웃을땐 진짜 미친놈처럼 웃네ㅋㅋㅋㅋㅋㅋ,252,2025-08-08T08:23:42Z
TMsZg_rAw2w,UgzV2DzRo3VWoTtQIFV4AaABAg,@ewjim2,"죠셉이 늙긴 늙었구나 싶은 장면이었죠.
이런 식의 속임수는 누구보다 죠셉 본인이 제일 잘 쓰던 방법인데...

더군다나 첫 흡혈귀, 스트레이초를 상태로 공열안자경을 막을때 쓴게 같은 거울트릭인데 말이죠 ㅋㅋ",138,2025-09-01T03:07:24Z
TMsZg_rAw2w,UgzPSSJxt_c18FkL9GR4AaABAg,@Honyanging,시ㅣㅣㅣㅣㅣㅣㅣ팔ㅋㅋㅋㅋㅋㅋㅋㅋ 노호호노호 에서 개뿜었넼ㅋㅋㅋㅋㅋㅋㅋㅋㅋ,58,2025-08-08T10:50:33Z
TMsZg_rAw2w,UgxTfdZ0PTFjaGFIwx94AaABAg,@phindol774,저렇게 웃는데 사람이 어케 미친게 아니라 생각하냐,29,2025-08-11T11:16:03Z
TMsZg_rAw2w,UgwyGdh-cnEmPW3chjV4AaABAg,@행복하개-z3g,"난 죠타로 웃는 거 보고 죠셉 기절해서 환각 보는 거라 생각했는데 진짜였음

근데 진짜니까 이게 더 무섭네",10,2025-09-29T06:02:57Z
TMsZg_rAw2w,Ugy4djuusGbIyz-mjDJ4AaABAg,@샬롯-t9g,어떻게 웃을 때 노호호호 노호 소리가 나냐...,310,2025-08-08T06:03:24Z
TMsZg_rAw2w,UgwC2HU99_oeMN50xTV4AaABAg,@STARFLETA2,ㄹㅇ 카쿄인성우 ㄹㅈㄷ 연기였음 ㅋㅋㅋㅋㅋㅋㅋㅋㅋㅋㅋ,16,2025-08-09T14:14:31Z
TMsZg_rAw2w,UgxYhGpjquIz1xHUvR14AaABAg,@just-w4z,"카쿄인이 웃을때
죠셉: 음..더위를 먹었나
폴나레프가 웃을때
죠셉: 그럴수있지
죠타로가 웃을때
죠셉: oh my god!! 이건 꿈이야!!!",23,2025-08-08T16:21:37Z
TMsZg_rAw2w,Ugzeml_J0zcXdH6-u5x4AaABAg,@ruehrjrhebeb,다들 캬쿄인 웃는게 ㄱ웃겨서 웃는거네 ㅋㅋ,23,2025-08-09T07:39:25Z
TMsZg_rAw2w,UgxnLPpL3db-0zRMl-x4AaABAg,@ezezez0078,"진짜 셋 다 개귀엽다 
카쿄인 웃는거 미치겠어 ㅋㅋㅋㅋㅋㅋ",83,2025-08-08T09:09:42Z
TMsZg_rAw2w,UgwurE6pg2NSmdT-E194AaABAg,@기가차-r6f,죠타로를 폭소하게 만든 유일한 스탠드 더썬... 그는 대체...,12,2025-08-10T02:28:08Z
TMsZg_rAw2w,UgwMrU3nwisEbg5s5j14AaABAg,@김무성-f1n,흔한 여름의 남고생들,15,2025-08-08T09:55:08Z
TMsZg_rAw2w,UgyDLlH2hDqgap5eYUh4AaABAg,@Jonathan-6hi,지금 현재 죠죠러들의 상태를 잘 보여주는 영상이군요..ㅋㅋ,2,2026-06-04T04:39:24Z
TMsZg_rAw2w,UgwPM7zWudtaS0rhrbl4AaABAg,@zhgg32,이런 죠죠쇼츠 만들어주는 채널 개좋음 ㅋㅋㅎㅋㅋㅋㅋㅋㅋㅋ,58,2025-08-08T10:21:56Z
TMsZg_rAw2w,UgzBrc-Q-12lW6FI9Dt4AaABAg,@무현노-s4k,나 저거보고 적 스탠드인줄 암,1,2026-06-21T01:28:31Z
TMsZg_rAw2w,Ugwvbp8tSUCGdqPbrnN4AaABAg,@신혜숙-g3j,근데 죠셉이였으면 진짜 죽을 거 같은 상황에 애들이 갑자기 막 웃으면 무섭기는 하넸네,7,2025-08-08T15:23:56Z
TMsZg_rAw2w,UgyiK8Yf1W8JY7aUu-N4AaABAg,@핑프-m3j,카쿄인하고 죠타로는 크게 소리내어 웃어본적 없어서 웃는 방법을 몰라 저리 웃는건가,18,2025-08-08T12:58:25Z
TMsZg_rAw2w,Ugw4e9J3gPpHnoWurQ14AaABAg,@F.F-q2u,죠타로를 웃기게한 적,32,2025-08-08T08:18:54Z
TMsZg_rAw2w,UgxoXAWg_2QBz6SoSU94AaABAg,@쌍절곤잘합니다,마왕님께서 활짝 웃으시는 모습을 보니. 기분이 좋네요,5,2025-08-18T01:07:41Z
TMsZg_rAw2w,UgwM28i72FtbDcVcmWd4AaABAg,@daisyduckkkk-g7l,"이거 어떤 영상에 이런 댓글 있었는데





'죠타로가 카쿄인 좋아하는 이유가 돌고래 소리를 내서 그런거다'",13,2025-10-06T10:11:25Z
TMsZg_rAw2w,Ugx94KhovWkRsHxCWkp4AaABAg,@가나다라123-g3p,아니 어떻게 웃음소리가 노호노호호호임ㅋㅋㅋㅋㅋㅋㅋ,5,2025-09-06T14:46:38Z
h2AaJZzfKHg,UgysblVhi7570f98K4N4AaABAg,@zhgg32,리젠트머리가 어울리려면 얼마나 잘생겨야하는지 알려주는영상,479,2025-08-09T10:42:48Z
h2AaJZzfKHg,Ugz9wgLvsalgfjFZbT14AaABAg,@코르크-cork,리젠트 머리를 소화하는 미친 외모 ㅋㅋㅋ,74,2023-11-04T11:23:12Z
h2AaJZzfKHg,UgyjoxAp2UeuLqAVtBl4AaABAg,@룰루랄라-w3f,죠스타 집안은 미남 미녀 유전자 집합소라 이말입니다…,1459,2023-01-11T11:35:52Z
h2AaJZzfKHg,UgwSQ7e0-6JGD1tCIfd4AaABAg,@toto-s7u3y,죠죠는 갈수록 근손실와서 이때가 딱 떡대있는 기본적인 죠죠인듯,1448,2022-12-27T14:24:26Z
h2AaJZzfKHg,Ugwn1da5fwKJ8b6zY3t4AaABAg,@진킹-e7z,죠셉한테 멋진몸 멋진정신을 물려줘서 고맙다고 해야된다,80,2023-02-04T05:08:05Z
h2AaJZzfKHg,UgyOcEBiT3ThwJ48wLh4AaABAg,@Korea_640yopww,아버지 지갑에서 훔친 돈으로 샀다는게 패션의 정석,901,2022-07-25T05:19:10Z
h2AaJZzfKHg,UgzstejKsK4uO1WHnnx4AaABAg,@meky6662,죠스타 가문은 유전가 미쳤음,30,2023-07-11T05:06:57Z
h2AaJZzfKHg,Ugynik7qJDL9nB0gWuN4AaABAg,@킼-s3x,개잘생겼다 레로,184,2023-12-16T09:00:09Z
h2AaJZzfKHg,UgyC_d7mXBdZpbimtkp4AaABAg,@SONG-ud4rj,뭐여 이사람 개잘그리네,242,2023-02-03T15:38:09Z
h2AaJZzfKHg,UgxzQV7DcBjgxYYwZSF4AaABAg,@리시엔-v1x9o,죠스케가 최애인사람으로써 이런 영상은 매우 감사합니다,432,2022-06-12T11:31:14Z
h2AaJZzfKHg,Ugw7wJUgGkTeqz-F3JN4AaABAg,@davidoh4033,실제 모델처럼 멋지고 좋아요.,38,2023-01-10T14:03:34Z
h2AaJZzfKHg,Ugw3HbEc33TzeXp0Ynx4AaABAg,@maji_tensi,미친 스케야 니가 이제부터 내 최애다,53,2023-02-09T15:25:57Z
h2AaJZzfKHg,Ugw9X1oapxwAuvpxqLN4AaABAg,@liminalfr3ak,"yes i would have the same exact reaction as the woman, hes so attractive omg im gonna go feral",162,2022-06-11T19:01:05Z
h2AaJZzfKHg,UgzCQzJ-R_1_TsdGG3x4AaABAg,@Nut-hq5bn,비키니 입어도 모델 ㅋㅋ,13,2022-06-17T14:12:59Z
h2AaJZzfKHg,UgybCGH4EWsedSGPpTp4AaABAg,@삐융비융,죠스케 너무 잘생겼어요... 슨상님 긂체로 보니까 원래도 잘생기고 귀엽고 예쁘고 사랑스러운 얼굴이 3847828471848181994028464배 정도 더 잘생겨졌네요 하 진짜 사랑한다구욧,75,2022-06-12T07:27:29Z
h2AaJZzfKHg,UgzXxW8VCh8RaQx83SB4AaABAg,@jojophilia,"죠나단, 죠셉, 죠타로는 비정상적으로 체격이 크고
죠르노 이후로는 다 슬림한 체형이라서
딱 그 가운데에 있는 죠스케를 제일 좋아함",279,2022-11-16T13:57:16Z
h2AaJZzfKHg,UgyKy8qYIFtL_2RodXx4AaABAg,@낙빈-b4g,와...... 실사하니까 진짜 너무 잘생겼댜,12,2022-11-04T00:58:51Z
h2AaJZzfKHg,UgwfnMsZbRjXCuTGzBR4AaABAg,@구삭군,우리 죠스케 하고 싶은거 다 해 ㅠㅠ,199,2022-08-26T09:04:39Z
h2AaJZzfKHg,UgzsemsfJ0pETRYqUiB4AaABAg,@ねこ-s6c3t,惚れましたどうしてくれるんですかありがとうございます！！！,3,2025-07-27T13:18:37Z
h2AaJZzfKHg,UgyxCLt_gMEVDY9erIx4AaABAg,@Gri617,여윽시 패션의 완성은 얼굴,27,2023-01-06T06:36:10Z
h2AaJZzfKHg,UgxY3O6ee0kH8GS3rRp4AaABAg,@cosmiclove0108,天才です。。,3,2026-02-05T01:05:32Z
h2AaJZzfKHg,Ugyxcdrm0jNF1YuyVVt4AaABAg,@_Black_Lemonade,죠스케 머리 통통할 거 같아 개귀엽네ㅋㅋㅋ,8,2023-01-02T19:26:36Z
h2AaJZzfKHg,UgzAzcc7jf99xwLJwvJ4AaABAg,@gujja-cola,와 진짜 사진인 줄 알았어요 쩐다,2,2026-02-13T10:04:07Z
h2AaJZzfKHg,Ugz3s1CqCo8jZNQflAF4AaABAg,@okuyasunijimura7847,bro's looking good,12,2022-06-12T03:32:24Z
h2AaJZzfKHg,Ugw90lQCG4bk-ufjLJl4AaABAg,@karladiaz3984,Que hermoso es mi bb Josuke❤,11,2022-06-12T05:50:11Z
h2AaJZzfKHg,Ugzd17VIWRzgUyknCNp4AaABAg,@Oshi_ona,???:저기 손님 그 그지 같은 머리카ㄹ..,3,2023-02-02T13:43:11Z
h2AaJZzfKHg,UgwDkWezSAiu_rahEjt4AaABAg,@musicisthefoodofthesoul,"GOD DAYUMMM 😳👌😩😳
Btw I remember seeing this art before but I sadly forgot where lol, nice to see it on here again",12,2023-04-22T21:30:53Z
h2AaJZzfKHg,Ugz7dnMiTgMyN1J8F9l4AaABAg,@potato12241,와 그림진짜 장난없다,6,2023-07-15T20:59:12Z
h2AaJZzfKHg,UgyXyk9_B6guNwzZp2x4AaABAg,@로누-1016,사진 가져온줄 알았는데 그린거네?..,4,2025-02-23T03:04:58Z
h2AaJZzfKHg,Ugw00vfMEpYT_c7Q7pt4AaABAg,@General_Blank,This art is so beautiful it cured me from all the Brainrot Doomscrolling 😭🙏,2,2025-12-19T04:25:50Z
y6tsJrJjS6g,UgzShJd28a1BcVwtCDp4AaABAg,@zzaldori,재밌게 보셨다면 구독&좋아요 감사합니다~ (착한 죠죠러라면 죠죠 관련 영상에서만 죠죠 얘기 하도록 하세요~👀),6,2025-10-13T09:16:47Z
y6tsJrJjS6g,UgwaM-UVwv1eg-viEz14AaABAg,@이용철-n9q,개인적으로 이거는 카즈 쟤는 지구가 추방해벌임..,8,2025-10-13T12:34:55Z
y6tsJrJjS6g,Ugxc7pOs0UjG9N3hdEZ4AaABAg,@나는계란,애초에 카즈는 유일한 약점인 파문도 완전생물 되서 유효타도 못 넣음 파문이 안 먹힌다?해도 안통한다 애초에 죠셉이 카즈를 죽인게 아니라 우주에서 얼어 돌아다니는 거임 그래서 죽일 수가 없음,6,2025-10-16T13:53:55Z
y6tsJrJjS6g,UgxNwQir0Nv0Ch-q3M14AaABAg,@gojojo-q2w,완전생물 죽지않는다 💀,5,2025-10-13T13:41:24Z
y6tsJrJjS6g,UgwR2_S5OZusPIoj6ox4AaABAg,@BiscuitOctober,"능력 흡수 그딴거 그냥 다 없애고 카즈는 대놓고 ""응 나 무적""이라고 하는놈임 카즈 아직까지 정확히 죽진 않음",2,2026-03-23T08:08:38Z
y6tsJrJjS6g,UgwqD_s_vGljH2TmEiJ4AaABAg,@acrotiteus,"얼 티밋 씽 카즈다!!!!!!!!!!!
우리 인류는 놈의 먹잇감이 되어버리는 건가!?",13,2025-10-13T09:24:19Z
y6tsJrJjS6g,UgxOZyLqtZ9UpHjlIfJ4AaABAg,@죠Jo_baby,"???:이렇게 아름다울수가!!! 드디어 극복해냈다!!!
???:ㅋ…카즈가!!! 태양을 등지고!!!있어!!!!!!!",2,2025-10-13T14:02:12Z
y6tsJrJjS6g,UgxgLzA2k2HO3dWG8ql4AaABAg,@지나가던사람-y7h,"애매한게 일단 쌍무이로 다른세계로 보내버릴 수 있긴 함.
근데 일단 카즈가 일부라도 잔존에 성공하고 회복까지 한다면 저 쌍무이를 스스로 사용할 수 있을 가능성도 있음.
닌자도 지구의 생명이라고 할 수 있으니까.
너무 사기인것 같지만, 원래 그런 캐릭임.
일단 확실한 불사라 추방이나 봉인밖에 답이 없는데,
접촉소화 때문에 그것도 쉽지 않을 뿐더러,
모든 생명을 겸한다는 설정이 모든 생명의 능력을 더더욱 진화한 상태로 사용한다는 뜻이라,
생명이 사용 가능한 모든 능력은 카즈도 사용 가능함.
그것도 압도적 상위호완으로",7,2025-10-13T17:59:22Z
y6tsJrJjS6g,UgyyPv3gfLsC1Gs5bmR4AaABAg,@알아-3x,벨런스가 ㅋㅋㅋㅋ,1,2025-10-13T10:44:53Z
y6tsJrJjS6g,Ugwx7KMOhsKX3eJIiId4AaABAg,@h12s8bu82deu,무엇보다 저놈은 접촉만 하면 뭐든지 흡수해버리는 접촉소화 능력이 있음,5,2025-10-13T14:33:47Z
y6tsJrJjS6g,UgxVKC-Ewh8J3822zKN4AaABAg,@Holloney17,무적 vs 환각,0,2025-10-13T19:03:21Z
y6tsJrJjS6g,UgxV8XTYSEPdS5FTw2B4AaABAg,@kono-erinada1414jojo,카즈는 에초에 태양 면역에다 반갈나도 붙고 에초에 자신의 신체부위나 아무곳에나 생명을 불어놓고 신체 흡수까지 하는데.....이건 에초에 죠죠에서도 이길 캐릭이 거의 없음,0,2026-02-02T16:33:01Z
y6tsJrJjS6g,Ugy_iyM9V5T2cKAdh5B4AaABAg,@블리스_bliss-z7y,"아니 태양극복 무적 카즈 어케이길건데?ㅋㅋ
죠셉은 죠셉이라 이긴거임ㅋㅋㅋㅋㅋㅋ",0,2025-10-14T20:22:13Z
y6tsJrJjS6g,UgwbdSRsoRALouvpmKB4AaABAg,@Ppi-Ppyu-Ppeu-Ppyu-Bip,"그냥 카즈도 아니고 완전생물은
골드 익스피리언스 레퀴엠이랑 같이
죠죠 세계관 내에서 논외 취급인데
왜 자꾸 싸움을 붙이는건지...

쉽게 말해서 파트를 마무리 지으려고 나온
무슨짓을 해도 못이기는 (죠☆셉만 빼☆고)
능력인데 능력을 보면

불로불사 (말 그대로 무슨짓을 해도 안죽음)
접촉소화 (신체에 접촉만으로 소화시켜 먹음)
근력 (작품 안에서 힘이 모자라서 못부순다는
-        연출이 없음)
회복력 (화산 안에서 피부가 불타올라도
-            나오자마자 멀쩡하게 회복함)
내구력 (200m 절벽에서 떨어지고 비행기에
-            몸이 부딪혀도 멀쩡함)
지능 (기원전 n만년 전에 석가면을 개발하고
-        현대 기술을 보자마자 바로 이해함+언어)
휘채활도 (몸에서 나오는 칼날, 전기톱처럼
-                칼날이 매우 빠르고 정교하게
-                회전해 대부분의 물체른 접촉
-                만으로 두동각 내버림)

여기까지가 일반 카즈 스펙인데 카즈는
태양빛이나(몸을 석화시켜 존버 가능) 파문에
죽긴 했지만 완전생물로 변하면서 진짜
개초딩 능력인 '모든 생물을 겸하며 더 강하다'
는 능력이 생김,

태양극복 (유일한 약점이 사라졌다)
적응 (카즈의 뛰어난 지능과 완전생물의
-        능력으로 어떤 상황에서도 죽지 않는다)
생물모방 (모든 생명의 능력을 모방해
-               사용하며 심지어 더 강력해진다)

여기서 생물 모방이 중요한데 작중에서
카즈가 파문 전사들의 주 무기였던 파문을
모방해 사용하는데 흡혈귀에겐 치명적이지만
인간에게는 물리적인 피해밖에 없던 파문이
카즈가 모방해 사용하자 죠셉의 무릎이
흡혈귀처럼 녹아버림, 이는 파문 뿐만이
아니고 일반 생물인 새, 문어, 피라냐, 
아르마딜로, 따개비, 등을 모방하여 응용하고
소설에서는 스탠드 능력까지 모방해 버림
아마 다른 만화 세계관으로 간다면 능력을
모방해(생물체 한정) 쉽게 짱먹을 놈임

일반 카즈도 강한데 완전 생물은 싸움
붙이려면 상대도 개초딩 능력이어야
될거같음. (죠셉만 빼고)",14,2025-10-14T03:41:17Z
y6tsJrJjS6g,UgzEwLLGzEQA6KGAFV54AaABAg,@Sleepy_E-v-e-r,얼티미트 띵 되거 전에 붙어도 애메한데 😅😅😅😅 된 후면 ☠️☠️☠️☠️,1,2025-10-13T11:23:00Z
y6tsJrJjS6g,UgyXJmtOBDvDU4LxQf94AaABAg,@rikide,저걸 이기는게 죠셉 죠스타라는 거죠?,0,2026-02-14T03:46:19Z
y6tsJrJjS6g,UgxzZrtjvtG8PpszzZN4AaABAg,@멍멍월월월-y7e,완전생물 카즈는 신이야....,0,2025-10-15T11:00:40Z
y6tsJrJjS6g,UgxrO3NBexBffJnnAXd4AaABAg,@찰리와좀꼴린공장-efn,이 브금 대체 언제죽는거에요? 🥲 근데 카즈 되게 멋지게그리신,1,2025-10-13T09:56:49Z
y6tsJrJjS6g,UgwWfnTYMp3w9Ine0Mh4AaABAg,@thornypumpkin,벨런스가.....에반데요;;,1,2025-10-13T10:14:52Z
y6tsJrJjS6g,Ugz9qPJSD9eLcR2P1694AaABAg,@나도옹피아노,"카즈임 이거 이유가 있음
지 몸 쪼개고 변하고 일부 삭제/변신 가능 따라서 공간삭제같은 능력에는 안당함",0,2025-10-18T16:32:20Z
y6tsJrJjS6g,Ugx-tIwMNp3JFISLtpx4AaABAg,@쿠치넹,카카시가 카무이로 카즈 몸 전체 다른 공간으로 날리면 바로 게임오버지,4,2025-10-13T12:51:01Z
y6tsJrJjS6g,UgwN5WGlERObj6mz6pp4AaABAg,@포세이큰-m,옆동네에서왔수다,0,2025-10-15T10:24:21Z
y6tsJrJjS6g,UgwNAFs6Hk41Fjv7fq14AaABAg,@스끠드왜건,죠죠러들아 밥먹자 ㅋㅋㅋㅋ 조회수 댓글 끌어올리는 치트키인 느낌인건가,1,2025-10-13T09:16:35Z
y6tsJrJjS6g,UgxwyEB4jOh_LWdMs3B4AaABAg,@나로테머리쓰담쓰담,완전생물 아니더라도 일반 카즈로 버티기만해도 이김,0,2025-10-17T17:06:45Z
y6tsJrJjS6g,Ugw46GyntLUsXg6bFCp4AaABAg,@정종현-y4j,나루토 세계관 가면 마다라 포지션일것 같은데,0,2025-10-18T13:47:47Z
y6tsJrJjS6g,Ugzsq5qYyA_nyXa7xlN4AaABAg,@독우산광대버섯-b1x,카즈!,0,2026-01-25T11:58:47Z
y6tsJrJjS6g,UgwQsV3ySj6N3yWixAd4AaABAg,@오버사이,와무우 먼저 이기고 오시죠 카카시 센세...,0,2025-10-20T11:24:23Z
y6tsJrJjS6g,UgyX0XyTv1N4lOuFwwZ4AaABAg,@유성현-q5g,카즈가 카무이를 복사 가능하냐에 따라 갈림.,1,2025-10-14T03:31:52Z
y6tsJrJjS6g,Ugy4Px-nbDLmDetodR14AaABAg,@듀...애,"카즈: 태양과 파문으로 죽일수있음
완정생물 카즈: 걍 안죽음",0,2025-10-15T11:41:55Z
y6tsJrJjS6g,UgxVeJs_szMsKMjCruh4AaABAg,@괴도류-e9e,생각하는걸 그만두겠소...,0,2026-01-11T05:48:38Z
HaeOblVF020,UgymJpyqIZLvUbkdhdh4AaABAg,@A_bel1127,다음 영상은 주제 추천 중에 하나로 할게요,3,2023-06-02T12:29:57Z
HaeOblVF020,UgwTzH4EiVVznYbFzel4AaABAg,@Mrsssss-v9t,"에이스vs렌고쿠vs조이보이vs상디해주세요....
근데 이거 만들기 어려우신가요?",1,2023-06-03T08:02:30Z
HaeOblVF020,UgyZscNmdTcOOoGPLQl4AaABAg,@fhdhdieijdudjdj4402,8스케가 죠죠중 최강아님? 이론상 고 비욘드는 오버해븐도 안통하는데,0,2023-07-09T02:07:09Z
RBMFTO66Izs,Ugy4U6C8n6zFrD416654AaABAg,@BlueCreeper16,대통령의 기묘한 다이어트 기간,19,2026-07-06T08:28:31Z
RBMFTO66Izs,Ugx3m1eR398ONwWbTy54AaABAg,@퍼니발렌타인-d4c,그거 나 다이어트 하기 전 모습이다,61,2026-07-04T08:59:49Z
RBMFTO66Izs,UgxdaQfrb7XrB32_QHp4AaABAg,@기가차-r6f,괜츈 나 훈련소 3주차때 1화 나왔는데 훈련소에서 2번봄ㅇㅇ 주말에 보면 ㅆㄱㄴ,0,2026-07-09T09:14:47Z
RBMFTO66Izs,Ugz3JhxQdspHCrnvtkB4AaABAg,@화정족발이야기화정족,대통령은 원작에서 처음 등장했을 떄 살쪘던 상태였었어서 그랬다네요~,5,2026-07-06T06:56:41Z
RBMFTO66Izs,Ugzh_9XXdWwu-7NJEZt4AaABAg,@과끼-u6x,"7월말에 2화 나온다고 봤던거 같은데

9월인가 언제 기다려...",0,2026-07-09T03:44:02Z
RBMFTO66Izs,UgyGRHSTRB4q-Z5qZ614AaABAg,@늅늅-g7y,7부 진짜 ㄱ재밌어요 꼭 보셔야합니다. 거기서 졸 리스트에 꼭 넣어두시죠,2,2026-07-04T12:02:59Z
RBMFTO66Izs,UgzfNXCBC5_bL1Qjm0p4AaABAg,@명작찾는놈,겁에 질려 도라에몽 노래를 부르는 대통령 ㅋㅋㅋ,2,2026-07-04T15:07:33Z
RBMFTO66Izs,UgxbX5LLbZRbgFWWdcl4AaABAg,@유진김-c5s,대통령 능력은 아마 스포 당했을 테… 아,2,2026-07-05T01:54:45Z
RBMFTO66Izs,Ugzi5pefyKZaK3jJsTx4AaABAg,@bumblebee-t4u,Dirty deeds done dirt cheap...이차원에서 대려왔다,0,2026-07-06T03:11:49Z
RBMFTO66Izs,UgyFMh4-MTS_nmHLfqd4AaABAg,@죠셉죠스타다이말임,Dojaaaaan~,2,2026-07-05T03:57:02Z
RBMFTO66Izs,UgxcIne1iMuzKfjHgMZ4AaABAg,@jw0416,ㅊㅋㅊㅋ(?),1,2026-07-04T12:17:47Z
RBMFTO66Izs,UgxZcxvL9fdyFStL6Ap4AaABAg,@ostu0804,대통령 처음엔 뚱뚱함,1,2026-07-08T08:28:53Z
RBMFTO66Izs,UgxXJtK1ZxVUG_DSAAp4AaABAg,@남정인-r7q,대통령은 평행세계의 잘생긴 모습으로 바꾼 거임(뇌피셜),0,2026-07-08T19:25:29Z
RBMFTO66Izs,UgwhDH0feSRcAyoDNId4AaABAg,@디에고평행세계,대통령 조셉 성우인거 ㅈㄴ 감다살,18,2026-07-04T11:08:00Z
RBMFTO66Izs,UgzXi5ibM1lm8zbRNsF4AaABAg,@hello_55559,9월 25일은 스틸 볼 런 레이스 시작 날짜 아님?,2,2026-07-07T04:59:48Z
RBMFTO66Izs,UgyVz_yeCn5Mm6imYQp4AaABAg,@떡두꺼비,스포하자면 퍼니발렌타인이 혼자서 달리기로 대륙횡단 왕복 925회 해서 살 빠졌습니다;;,1,2026-07-07T18:45:27Z
RBMFTO66Izs,Ugyld2esuBNqcJKQ4DV4AaABAg,@나는동글이,관세 69.74% 올리고 욕 먹어서 저렇게 된 거임 ㅇㅇ,1,2026-07-06T08:55:45Z
RBMFTO66Izs,Ugwz3N8gWtaJd3Bk6fZ4AaABAg,@스포더웨건,"다스포해주마






대통령의 능력은
........
이다!!!!! 그래서 ........
돼서 ........이다!",3,2026-07-06T12:41:10Z
RBMFTO66Izs,Ugyr8w0ZmUOEW8KFZo94AaABAg,@koro979,아 ㅋㅋ 이번에는 제대로 원작대로 나왔다고,1,2026-07-07T02:30:10Z
RBMFTO66Izs,Ugw-kGqer2MuJO1Td1Z4AaABAg,@루후좋아,대통령 저게 어느순간부터 갑자기 살이 빠짐 대충 어느때냐면 17권부터인가 거기서부터 표지에서 갑자기 근육질되고 그럼 보스라서 뚱뚱하면 뭔가 멋이 없으니깐 바꾼것같음 안나수이 효과맞음 ㅇㅇ,2,2026-07-05T07:00:07Z
RBMFTO66Izs,UgwEA_HX9_NpP-DPzT14AaABAg,@kipu-Arrivederci,평행세계 에서 대려오면 살빠진거로 나오면 될듯,1,2026-07-06T05:33:29Z
aZdwTH3SPLs,Ugx0Y26HxflVkLdRTqZ4AaABAg,@애미둘이라좋겠네여,7부는 재미 없을 수가 없는데 어케참노ㅋㅋㅋ,680,2025-02-12T05:00:19Z
aZdwTH3SPLs,UgxJkzw3W6BECkYHDvF4AaABAg,@은우차-h7u,뒤에 죠니 자이로 개귀엽네,197,2025-10-09T02:38:06Z
aZdwTH3SPLs,UgxST1OoEHUb6G01fFx4AaABAg,@부붸-s1p,"""그것이 이뤄졌습니다.""",24,2026-03-21T08:46:41Z
aZdwTH3SPLs,UgzBgH7JdXpnY3PbuSR4AaABAg,@군대갈놈,죠죠 7부는 말 3d 써도 인정임 말 수백마리를 어케 그려 ㅋㅋㅋ 아니면 걍 작정하고 풀 3d  고퀄가자,395,2025-02-15T12:03:10Z
aZdwTH3SPLs,Ugxv4d0e1ytSs_NM7vh4AaABAg,@쀏쮊뛞,"""성공이다......""",637,2025-04-13T00:38:49Z
aZdwTH3SPLs,UgxsRwarJDkKqRaZG2R4AaABAg,@Cocani._1,내가 좋아하는 애들이 저러고 있으니 참 귀엽다,305,2025-02-09T05:59:21Z
aZdwTH3SPLs,UgyUuOmAF3EOFFMZsh94AaABAg,@jjsroom-맥날이,죠죠는 못말려:7부 경마장에 가요,148,2025-02-24T05:27:08Z
aZdwTH3SPLs,Ugz25MgglisvpZxtZ8x4AaABAg,@AUTUMM-s1n,"진짜 코야스가  ""자 워르도! 나만의 시간이다"" 하는건 3부디오 다음으로 역대급으로 기대되는 장면임",76,2025-02-17T00:26:35Z
aZdwTH3SPLs,UgwcZ3CxVOxWLOnmS9x4AaABAg,@oktlll,눈물난다 진짜로,28,2025-04-12T16:34:33Z
aZdwTH3SPLs,UgxKKp9Zh811Sl9tIBx4AaABAg,@로안1122,킹크림슨! 기다리는 시간을 삭제한다!,106,2025-02-25T09:26:37Z
aZdwTH3SPLs,UgxiVEKlCJ86BXPKceZ4AaABAg,@럭스타,진짜 언제 나올까....,68,2025-02-08T09:59:27Z
aZdwTH3SPLs,UgxH5pWUXkb6pPLc51B4AaABAg,@잉아잇12부딱,이제 꽃이 피는 날이 오고야 말았구나,8,2025-03-22T14:51:15Z
aZdwTH3SPLs,Ugzhg4YY02PX08F7uBR4AaABAg,@굿바이죠죠,죠니가 서있다..! 죠니가 서있다고..!!,1,2026-05-29T07:39:50Z
aZdwTH3SPLs,UgxcRoJNkJLOXVEHve54AaABAg,@코난이-t3j,죠죠를 하나도 모르지만 영상이 재밌네,4,2025-02-19T13:25:25Z
aZdwTH3SPLs,UgwP9netquLDHOv9J8x4AaABAg,@잠자는맹꽁이-x6l,그런 진실은 일어나지 앓는다..기다리지 마라...무다무다....,6,2025-02-11T12:45:18Z
aZdwTH3SPLs,Ugz53AUs-lfVPn7-IFp4AaABAg,@Rufus-NEINNEINEIN,와 여러분 7부 애니화가 확정됬어요!,15,2025-04-12T12:07:50Z
aZdwTH3SPLs,Ugw5aswxuuCM7YFkEbZ4AaABAg,@지-123-o8c,푸치를 숭배해야만 해!,1,2026-05-26T11:15:04Z
aZdwTH3SPLs,UgwmRVeVt25VcW4wHR54AaABAg,@youtube-peoples,드디어 떴다,5,2025-03-19T11:40:27Z
aZdwTH3SPLs,Ugzbo52YwgwVHycdpY94AaABAg,@논문쓰는청년,드디어 다음주 3월19일 죠죠러들이어 다시 일어나십시오,2,2026-03-15T10:23:50Z
aZdwTH3SPLs,UgxRNOnsE0P4cB1x91d4AaABAg,@su2561,나왔다고 주인장,5,2025-03-19T09:53:54Z
aZdwTH3SPLs,UgxTFI1q8o8hjgQASth4AaABAg,@apokifan,1시간짜리가 필요해......,3,2025-07-20T00:49:50Z
aZdwTH3SPLs,UgySvkyvFw0SLhS73sF4AaABAg,@야생동물-t7o,정말로 먼 길이였어 정말로 정말로 실로 머너먼 길..,2,2025-04-19T18:48:26Z
aZdwTH3SPLs,UgyVQvoW7MSdb1cDWdx4AaABAg,@감정없는-싸이코,"「lesson 1」 ""묘한 기대는 하지마""

「lesson 2」 ""근육이 모르게""

「lesson 3」 ""회전은 무한의 힘이다""

「lesson 4」 ""경의를 표해라""

「lesson 5」 ""가장 가까운 길은 멀리 돌아가는 길이다""",18,2026-01-14T22:12:44Z
aZdwTH3SPLs,UgyTlR-mNpkNFv-A4ut4AaABAg,@김연주-b9w,중독성이 ㄷㄷ,0,2026-04-19T13:54:46Z
aZdwTH3SPLs,UgwxpJzKjeBE4KYhAx54AaABAg,@user-human777,"실로 머나먼 길이였어...
7부 애니화 확정🎉🎉",3,2025-04-12T14:00:30Z
aZdwTH3SPLs,UgxIFKMHcgOWmz_I9a14AaABAg,@늅늅-g7y,아 이건 못참지!!,0,2025-08-14T06:13:11Z
aZdwTH3SPLs,UgwygXmn-QEtm9GI_HB4AaABAg,@평범한학생-c4f,아니.....6부가..2년있다가 23년에 나왔는데...벌써 3년이...이제 슬슬 나와야하지 않을까?...,37,2025-02-12T00:04:36Z
aZdwTH3SPLs,UgyRHpigKVwsEBGdUjd4AaABAg,@내시간어디감,7부 말은 3D로 대충 그려도 좋으니까 제발 내주세요 ㅠㅠ,3,2025-04-05T03:02:43Z
aZdwTH3SPLs,UgyRRN27u-4eTI3d0S14AaABAg,@아아아아아아아악-q5i,"더 월드!
나만의 시간이다!",1,2025-07-25T06:05:14Z
aZdwTH3SPLs,Ugx4N8KIcg5l7bpM_T14AaABAg,@조브라더-b3w,"귀여워,,,",1,2025-02-17T09:07:18Z
ukDTBTcUCV8,Ugx6YZvUADv9WbNJunR4AaABAg,@eeriat,"죠죠는 게이다 (x)
게이가 죠죠다 (o)",62,2025-08-07T10:10:54Z
ukDTBTcUCV8,UgzyMs6ph_8n2sWImxp4AaABAg,@최후의전사-김햇규,작가가 그리스 철학에 영향을 많이 받아서 그렇다는 썰이 있는데 가장 최근 작인 죠죠랜드에서도 죠디오 형부터가 쉬메일인거 보면 나중엔 아예 후타나리 캐릭도 나올듯,238,2025-01-03T14:26:19Z
ukDTBTcUCV8,UgwDtTao_JYXX_cv5VJ4AaABAg,@Snxnxnsjxnsnsns,기둥 삼인방은 이제 기둥게이가 사실 공식명칭인거보면,20,2025-08-24T02:08:26Z
ukDTBTcUCV8,UgxjhnTbjvJKr4-tJNp4AaABAg,@itsrealordocument,7부 연재시점이 2000년대 중후반이었는데 그때부터 이미 장애인 주인공이 나오고 8부에선 주인공 랄부가 4개인거 보면 ㄹㅇ 편견이란게 없음,103,2025-06-12T07:58:04Z
ukDTBTcUCV8,UgzOoXDZLNdTtubKlPB4AaABAg,@앵무-q9p,아라키 선생님이 팝이랑 락 음악을 많이 듣다보니 퀴어 코드에 익숙해진거 아닌가 싶음. 스탠드 이름으로 쓰인 노래나 밴드들 중에 퀴어거나 퀴어친화적인 밴드들도 많고,35,2025-07-14T15:14:45Z
ukDTBTcUCV8,UgzOwjs3IJN2A-5KZGZ4AaABAg,@맛살콘샐러드,애초에 pc 그 자체인 만화인데 위화감 없이 자연스러운거 보면 아라키 찬양밖에 안나옴 ㅇㅇ,54,2025-08-27T09:27:00Z
ukDTBTcUCV8,UgwjUnWog8b4cOAiJg54AaABAg,@타코얍삐세컨드,(4를 싫어하는 남자):옷은 벗기지 말라니까! 느껴져!,48,2025-06-05T16:38:12Z
ukDTBTcUCV8,Ugx3wb1G6HQxr8_JOlZ4AaABAg,@churabbi3570,미스타 허리춤잡고 총쏘는 죠르노만큼 게이같은게 없음..,16,2025-06-15T11:40:26Z
ukDTBTcUCV8,UgwYMZNVQ-oDuIVCxwB4AaABAg,@뭐에요,사실 pc라는게 죠죠에서 나온거든용,57,2025-01-03T17:09:08Z
ukDTBTcUCV8,Ugw_7HCRmTYGhKj02O94AaABAg,@드가린,6부 3부. 5부가 게이력이 어마머마했지,14,2025-06-15T11:08:49Z
ukDTBTcUCV8,Ugzv5TcBAT8vQXJBBOd4AaABAg,@김지민-w3q4b,작가가 모델보고 그린대서 제스쳐가 우아할 뿐이지 게이라곤 생각 안함. 근데 키라가  아들이랑 나체로 목욕탕에서 싸우는 편은 헬스장에서 보다가 내가 게이로 오해받을까봐 끔.,30,2025-06-16T10:58:25Z
ukDTBTcUCV8,Ugz9WxumHRC4vjyoSwB4AaABAg,@Iwant_togo_home,나도 내가 게이만화를 제일 좋아하게 될 줄 몰랐어요,5,2026-01-20T00:11:07Z
ukDTBTcUCV8,Ugwii9dvijzKm0m6NNp4AaABAg,@kingofziral,신을 사랑하듯 널 사랑해 dio...,4,2026-01-08T02:29:26Z
ukDTBTcUCV8,Ugxn81iF3jK80Lg83iF4AaABAg,@Nas_0310,최고로 [HIGH]한 PC다,1,2026-06-19T13:22:02Z
ukDTBTcUCV8,UgymiGTNlIRjSSGsrLR4AaABAg,@sju06077,5부는 확실히 게이 맞는듯 게이커플도 두 커플이나 있쟈나,6,2025-06-30T03:48:25Z
ukDTBTcUCV8,UgycDv3cwfroQpEH89R4AaABAg,@勳事,남초지만 은근 여자가 많이 보는 현상,5,2025-06-16T08:43:08Z
ukDTBTcUCV8,UgyFEGidZgdWbpSTlEJ4AaABAg,@쩝쩝이-y3e,진짜 죠죠러는 옷이 이상하다는 생각을 안함,3,2026-02-14T13:58:17Z
ukDTBTcUCV8,Ugx4yL7_xcPQR4NFhUB4AaABAg,@ehhshshsjsjjdjd,""" 이것이 바로... 킹❤크림파이의 능력...! """,2,2026-03-22T09:47:30Z
ukDTBTcUCV8,UgxiGqdgVkrQj7hIXKJ4AaABAg,@정서율-r8f,압둘 나는 자네가 바밤바맛 이야,5,2025-06-16T08:31:18Z
ukDTBTcUCV8,Ugz7IMGFYNRVck3v8Sd4AaABAg,@tinzblaighterphosphorus,죠죠 5부부터 7부의 핫팬츠나 루시 스틸을 포함시키자면 주인공 일행에 여자 캐릭터가 나오지만 9부부터 그 계보가 끊김ㅋㅋㅋ 물론 9부에 여자 주인공 일행이 나온다면 계보가 이어지겠지만,32,2025-01-04T02:41:00Z
ukDTBTcUCV8,UgzMiYlcvmYUA3QLc_p4AaABAg,@킬러퀸_mini,반은 맞고 반은 틀림,3,2025-06-04T07:28:49Z
ukDTBTcUCV8,Ugyo1FVa86f4Cs9g4Ep4AaABAg,@영만띠,저 근본없는 커플은 뭐임 역시 죠셉하고 압둘이 킥이지,1,2026-04-16T22:56:13Z
ukDTBTcUCV8,UgytfkmXwm37Ewa8Uj14AaABAg,@우주에서-떠도는중,그래서 내가 죠죠를 좋아하는거야❤,0,2026-06-04T13:40:16Z
ukDTBTcUCV8,UgwuGHp6LnbG4Q_ntG14AaABAg,@새로운태양-o1t,게이력이 VERY HIGH 하구나~!!!,1,2025-05-08T22:14:44Z
ukDTBTcUCV8,UgwAvRXyZqK6A22CXph4AaABAg,@보고있,ㄴㄴ 작가가 게이프레임을 벗어 날려한시도는 공식게이를 만든거임(?),0,2026-06-18T10:28:26Z
ukDTBTcUCV8,UgzSCJWsdJmeUD9nEQZ4AaABAg,@오늘도무사히-h5e,마지막엔 아바키오 먹는....,0,2026-05-17T18:22:21Z
ukDTBTcUCV8,UgzARYCsnVb9conqTLV4AaABAg,@ikcluz,기둥.,3,2025-01-09T15:04:16Z
ukDTBTcUCV8,UgwJSTPv0zAGCQU0wQJ4AaABAg,@ballpoint-pen1,아니 근데 나란차 처음 봤을때 여자인줄 알았음,0,2025-10-24T15:51:09Z
ukDTBTcUCV8,UgwMuAPCnJiKL2djWHR4AaABAg,@0102_ho,"아라키 선생님한테 물어보면
게이만화 아닌데 게이면 어떤가요? 등장인물들 중에 게이나 양성애자가 더 있을 수도 있죠 이렇게 생각할듯

별개로 어떤 사람들은 게이같다고 느끼는 패션이나 자세 같은 것들은 그거랑 상관 없고 이탈리아 패션 잡지 같은 데서 온 거 같은데, 그 쪽 업계에도 게이들이 많기는 하지",8,2025-06-15T15:32:45Z
ukDTBTcUCV8,UgxIb6v5nfYGkeEP1SJ4AaABAg,@asd-p4b,옆동네 번항개씨의 만화가 훨씬 더 게이같소…,0,2026-02-25T15:06:43Z
8CQjGY5tkZI,UgwXhI-Lc3q9iqgaGmd4AaABAg,@남수단출신,"""허나 거절한다. 이 키시베 로한이 제일 좋아하는 것 중 하나는... 자신이 강하다고 생각하는 놈에게『NO』라고 거절하는 것!""",7,2026-07-09T12:07:50Z
8CQjGY5tkZI,UgyvqKvi-CzWokDjRrZ4AaABAg,@개인게임개방소,30년짜리 밈이 애니화된 역사적인 장면...,5,2026-07-09T11:42:57Z
8CQjGY5tkZI,UgyBVPBhIOEkawM50y54AaABAg,@확인왕팩트체킹,"거절한 이유
죠스케를 위해 X
저놈이 띠꺼워서 O",26,2026-07-09T11:56:21Z
8CQjGY5tkZI,UgwHawp-DZ8hWY0NT794AaABAg,@cwarock,"하지만 거절하겠다
이 키팅이 가장 좋아하는 것중의 하나는 강하다고 생각되는 녀석에게 NO라고 거절하는 것이다...",4,2026-07-09T11:26:42Z
8CQjGY5tkZI,UgyDrbOT4VCEk8Fst2l4AaABAg,@Kreat-ik5uc,심지어 원작이 늦게 애니화 되어서 이미 관련 패러디들은 수두룩하게 먼저 나와 있었죠ㅎㅎㅎㅎ,1,2026-07-09T13:55:11Z
8CQjGY5tkZI,UgygInalc5FIGs0hmX14AaABAg,@ROADROLLER-50,아니 처음에 '오~' 하면서 봤는데 마지막 미쳤나ㅋㅋㅋ,0,2026-07-09T13:26:07Z
8CQjGY5tkZI,UgxlWdPWh86v0MkosSh4AaABAg,@시오바나하루노,두끼짱 존나 찐득허네,0,2026-07-09T12:49:10Z
8CQjGY5tkZI,UgxhdOTkmeHGoReJZbV4AaABAg,@Iwant_togo_home,난 로한 마인드가 너무 존경스러움 어떻게 저러지,0,2026-07-09T12:21:58Z
8CQjGY5tkZI,Ugz_T5_UGlI8QVcDLeF4AaABAg,@킬러퀸_mini,거절한 이유:가오,0,2026-07-09T13:23:20Z
8CQjGY5tkZI,UgxVFkZTp3unlOi_OSV4AaABAg,@핀어-w5u,허나 거절한다,1,2026-07-09T11:23:27Z
yPA0XjGOBLw,Ugw94oqTNX21xu_Gt3B4AaABAg,@Piyoung_tu_ba,"나만 ""그"" 「레퀴엠」 을 떠올린게... 아니였군...",150,2023-10-22T00:30:58Z
yPA0XjGOBLw,UgxL6g65VIa8Efsa7rZ4AaABAg,@user-storybard,뭐야 이거 박자가 딱딱 맞아ㄷㄷㄷ,46,2023-10-21T23:25:26Z
yPA0XjGOBLw,Ugy_ZT5NRBePfDjG4Vh4AaABAg,@aaaaaaaaaaaaaaaaaaaaaaaaaaaa8,너가 보고있는 것은 틀림없이 「진실」이다,40,2023-10-22T01:42:15Z
yPA0XjGOBLw,UgxZGXb1yJraAAbWITF4AaABAg,@gustapefusy,배신자에게는 레퀴엠을...,66,2023-10-21T23:29:09Z
yPA0XjGOBLw,UgzUn-TsryjuFdit_f94AaABAg,@킬러퀸_mini,게이신 레퀴엠 ㄷㄷ,6,2025-06-12T06:53:58Z
yPA0XjGOBLw,Ugy968k-p5yYAwQaIKN4AaABAg,@inzow,퀄보소 미쳤네,8,2023-10-22T01:37:12Z
yPA0XjGOBLw,UgxVTCZ8IpXLer3OokN4AaABAg,@Spacestone-d5l,죠죠 아니였으면 넘길려고 했는데 잘만들었네요 칭찬해:),14,2023-10-22T19:45:17Z
yPA0XjGOBLw,UgyzJXNBGLZjjWi34it4AaABAg,@kimchizim_yidang,뭐야 왜 이뻐....,5,2023-10-22T19:53:54Z
yPA0XjGOBLw,Ugx-Tic2DtsrIpvFD_F4AaABAg,@스온편점TV,[골든 • E • 레퀴엠],6,2024-07-18T10:09:49Z
yPA0XjGOBLw,UgwO0pK3jjTGtfkxJLt4AaABAg,@양은늑대,오레노 소바니 치카요레!!!(철컹철컹),2,2025-08-11T10:43:38Z
yPA0XjGOBLw,UgwfgzFAQBksw4NTPqR4AaABAg,@shetwarlu,진심 천재같다ㅋㅋㅋ,1,2024-07-18T07:16:00Z
yPA0XjGOBLw,Ugz0E9Pb3y93bHl-C5d4AaABAg,@MrCjg1024,아 진짜ㅋㅋㅋㅋㅋㅋㅋㅋㅋㅋㅋ,1,2024-06-04T09:58:21Z
yPA0XjGOBLw,UgybSpB1eHOn6ZeV9eh4AaABAg,@Obscura-requiem,"""이것이...『레퀴엠』 이다. 
네가 보고있는것은 틀림없는 『진실』이다. 틀림없이, 너의 능력이 실제로 일으킬 움직임을 보고있지. 그러나, 실제로 일어날『진실』에 도달할인은 절대로 없다. 내 앞에 서는자는, 어떤 능력을 지녔다해도, '절대로' 도달할 수 없다.
 이것이... 『골드 익스피리언스 레퀴엠』...!""",2,2024-01-29T10:57:58Z
yPA0XjGOBLw,UgzodZdY0HhWfgX6Ba54AaABAg,@Ellie0505,아버님 아드님을 저에게...,0,2025-12-06T16:28:50Z
yPA0XjGOBLw,UgxUPEbFfQDiGzRIn-94AaABAg,@Dionostand,혼란스럽다,0,2025-12-10T11:43:35Z
yPA0XjGOBLw,UgyLOr0GtaZjcsDpqW94AaABAg,@songoku7-goat,진짜로 만지다가 숙청행ㄷㄷ,1,2023-11-24T13:25:29Z
yPA0XjGOBLw,Ugy9YE7ljxvUE20aCRF4AaABAg,@삘빠-e7l,"죠르노 죠바나 에겐 숙청. 레퀴엠이 있다
""로리""를 동경 하게 된 것이다",1,2024-06-10T11:11:25Z
yPA0XjGOBLw,UgymIlA5Lp--PXIf3gl4AaABAg,@user-rc8uc5jt3vbe99,[완벽한 레퀴엠 이다...],0,2023-11-05T11:48:34Z
yPA0XjGOBLw,UgzB__v2fFefKCZuqNd4AaABAg,@팔주니입니다만,숙청! 배신자의 “레퀴엠”!!,0,2025-02-26T02:58:54Z
yPA0XjGOBLw,UgyLt7iritYI3yZu0MF4AaABAg,@Jmes0624,나만 이걸 생각한게 아니구만,0,2023-10-23T06:43:53Z
yPA0XjGOBLw,Ugz5yyet_Zx8iPx6K1V4AaABAg,@치-u8m,재밌다,0,2023-12-22T12:18:02Z
yPA0XjGOBLw,UgzqGO85yJGsp3ac9sJ4AaABAg,@gohranee,퀄 뭔데,0,2023-12-22T23:57:17Z
yPA0XjGOBLw,UgwWEBXghb-ijYofzqV4AaABAg,@김기식-h5x,ㅋㅋㅋㅋㅋㅋㅋㅋㅋㅋㅋㅋㅋㅋㅋ,1,2024-08-15T10:49:31Z
yPA0XjGOBLw,UgymA9n0KinZFtDP-jV4AaABAg,@웅이j,골드 익스피리언스 레퀴엄 레퀴엄ㄷㄷㄷ,0,2025-08-20T07:03:19Z
yPA0XjGOBLw,Ugw7sSLt2E5aViE4uyB4AaABAg,@빅파이-e5i,레퀴엠 제곱;;,0,2023-10-22T18:51:12Z
yPA0XjGOBLw,UgwegI2uUA-KGBGFrXF4AaABAg,@npc1972-j2k,내게 다가오지 말란 말이다!!!!!!,0,2025-11-14T11:12:56Z
yPA0XjGOBLw,UgxVjlm6hfyUyBUrnyZ4AaABAg,@cameramanjjagrarang452,"골드 익스피언스 레퀴엠,배신자의 레퀴엠,로리신 레퀴엠",1,2025-04-19T13:24:45Z
yPA0XjGOBLw,UgyMrdL6izF_52eQHSR4AaABAg,@신진핑핑아,뭐여 내가 지금 뭘 본거여,0,2023-10-22T18:55:02Z
yPA0XjGOBLw,UgyfwFPyJ20vgn225vZ4AaABAg,@Entermaid510,이것이 진실이다!,0,2023-11-28T07:10:15Z
yPA0XjGOBLw,UgzjHBc8NF4PxBXyRBR4AaABAg,@kakyoinmanura,죠르노 댕기 어디갔어ㅠㅠㅠ,1,2024-06-07T02:57:46Z
ho4wMP8wEvQ,UgzZ_wG6rzEHDDdTzlR4AaABAg,@무적까마귀,"우리가 어쩌다 죠죠러가 되었냐고?
우리는 인력에 이끌려 만나게 되었으니 운명이 우리들의 만남을 성사시켰다.",63,2024-04-30T11:46:55Z
ho4wMP8wEvQ,UgyFfPISMI_QIm3zvxt4AaABAg,@개굴이-c6f,"죠죠 그림체 초반에는 호불호 갈리는데
후반가면 그 그림체가 맘에 듬 ㅋㅋ",169,2023-02-18T04:21:24Z
ho4wMP8wEvQ,UgwZfFmxs21K6HNiR6p4AaABAg,@Yudin_00,9:08 죠타로만 OVA판인거 킹받네,72,2023-08-11T03:05:19Z
ho4wMP8wEvQ,UgzyXqrIllOthKU0HtF4AaABAg,@sldjaal,원나블급..? 죠죠만큼 주제의식 뚜렷하고 장기연재 하면서 계속 수요가 있는건 죠죠밖에 없는데,13,2023-10-09T00:08:41Z
ho4wMP8wEvQ,UgylnPNKBRPTQeDTYHJ4AaABAg,@FsWiTdbjCtM,죠죠는 그림체에서 오는 벽만 넘으면 연출도 그렇고 빠질수밖에 없는듯ㅋㅋ,187,2023-01-15T10:56:51Z
ho4wMP8wEvQ,UgxPeXY8r5Nt1V5I7tJ4AaABAg,@user-lj2gn8wb7e,죠린은 최약이라하기보단 계속 성장을 해서 죠린일행의 성장과 각오을 보는 맛으로 보는게 더 좋은것 같습니다 ㅎㅎ,115,2023-02-28T16:18:29Z
ho4wMP8wEvQ,UgwuWeYGHE-YJL88GOt4AaABAg,@user-oversky,죠죠는 독보적인 주제에 재밌어서 그만큼 사람들이 열광하는듯,32,2023-02-23T13:20:42Z
ho4wMP8wEvQ,Ugz6PhGJjRveC8iQhLh4AaABAg,@박하-z5n,죠린 너무 까제 말아주세요 ㅠ 아니 진짜로 성장형 주인공인데 진짲 이게 아니 크흡,19,2024-01-06T04:38:43Z
ho4wMP8wEvQ,UgydLL_bgtPmejRwLU94AaABAg,@imgulit,죠나단이 스탠드만 발현했어도 디오반갈죽해서 1부로 끝났는데...,8,2025-08-04T04:35:25Z
ho4wMP8wEvQ,Ugy_2zPSvf59a1RFWUx4AaABAg,@Dummy-in,2:51 (6부) 부들부들,12,2025-05-11T10:09:12Z
ho4wMP8wEvQ,UgyVaAiA-oMrFlhdI_J4AaABAg,@뉴비몬-l4v,12:09 죠셉은 잘살아있자나(추정),7,2023-03-03T17:42:31Z
ho4wMP8wEvQ,Ugw4T8E7bYfWRg5cBcV4AaABAg,@xotkekwofkxn,인간찬가 하나만으로 각부마다 다른 주재를 담는게 진짜 키시베로한 그자채,4,2025-05-16T10:27:07Z
ho4wMP8wEvQ,UgwKdbmtxrj6E7abU_x4AaABAg,@냐흠쓰,적응하면 진짜 재미있는 작품..,21,2023-02-21T14:02:11Z
ho4wMP8wEvQ,UgyS3ZyqaulyituRKtJ4AaABAg,@몰라몰라-j2y,4부는 왜 작가가 제일 좋아하는 시리즈인지 알정도로 너무 좋은데 ㅋㅋ 싫다는 사람들은 모냐,5,2024-03-08T02:02:27Z
ho4wMP8wEvQ,Ugzr7_9XQvBoEyGLPnB4AaABAg,@gek2sound,쿠죠 죠타로가 제일 강해보여서 좋아했던 1인입니다. 그러나 시리즈를 반복해서 보다보니까 1~2부의 주인공들은 본인의 주먹으로 흡혈귀와 싸웠다는 점에서 무시 못하겠어요,3,2025-01-19T10:06:34Z
ho4wMP8wEvQ,UgzwLFDuYBcovXhc3oR4AaABAg,@GHK-mn7tv,죠타로가 인기있는 건 상대가 디오인것과 스탠드 배틀의 시작이었기 때문이 가장 큰 요소인듯,1,2026-03-21T02:34:22Z
ho4wMP8wEvQ,UgzKEzLWuYeQ9Tz5ZeB4AaABAg,@showyourheart,6:59 기둥 속 사내가 더정확하기는한데...,21,2023-02-23T07:43:48Z
ho4wMP8wEvQ,UgyosPZkhhvM1BOxYXh4AaABAg,@User-czf92mc4lpr,"1:35
죠니 죠스타 1세 X
죠지 죠스타 1세 O",27,2023-03-03T14:02:31Z
ho4wMP8wEvQ,UgxcbB57X-gFGfsL--d4AaABAg,@Clear-all-Catherine,아니근데 죠죠 진짜명작인데 왜 관심이 없는거지 죠죠는 전설인데 아진짜비죠죠러들한테 회유해야겠다이건진짜로 전설인데 진짜 아는사람이 죠죠러...자세히보기...,3,2025-08-24T15:30:29Z
ho4wMP8wEvQ,Ugw3132yA9dOrIuadIt4AaABAg,@모구로-y3j,개인적으로 워나블급 이라고생각합니다. 죠타로는 신이야,4,2023-03-12T15:45:17Z
ho4wMP8wEvQ,Ugz62Iq1RBRJZGVatYt4AaABAg,@기투-u6j,2013년에  죠린 구찌랑 콜라보 한게 있었다니 ㅋㅋㅋ 와 정말 대단한걸여,2,2024-12-18T06:34:54Z
ho4wMP8wEvQ,Ugz6Vx-yXupNHxJvdOF4AaABAg,@리버쓰-x4o,죠죠를 안본사람은 있어도 하차한 사람은 없다고 봄,338,2023-03-07T08:26:30Z
ho4wMP8wEvQ,Ugw6_iWTuGrkLL0g8NJ4AaABAg,@남-h1w,시리즈 주인공 순서대로 하셔야 보기 편해서 더 인기가 생길거 같아영.. 보기가 어지럽습니당,18,2023-01-15T12:30:12Z
ho4wMP8wEvQ,UgyUAetXn0v74hkdaJR4AaABAg,@남서희-n1d,7부 스틸본런이 ㄹㅇ 최고의 이야기이며 최고의 기승전결을 자랑하는데 안다룬거 너무 아쉽네;; 7부는 그냥 예술작품임,1,2024-05-26T01:38:47Z
ho4wMP8wEvQ,Ugx22QP5eay1hIbzztN4AaABAg,@limemint75,죠죠의 죠죠를위한 죠죠의 의한 죠죠만의만화 죠죠의 기묘한 모험,2,2023-02-19T18:21:28Z
ho4wMP8wEvQ,UgzbGjqHRugS8ahoW8l4AaABAg,@똥별이_PoopStar,"개인적으로는 선대 숙적과 결착을 내니 진주인공 느낌이 생겼는데
이후에 점점 더 복잡해지거나 아에 판이 갈아치워지거나 하다보니 그대로 굳혀진 느낌",0,2026-03-15T12:53:19Z
ho4wMP8wEvQ,UgzfJSBRfvUJ75t0sGN4AaABAg,@Kirimi_chan1228,"우리 마왕님.... 말은 그렇게 해도 안은 다정해요!!!! 잘생긴 죠타로...❤
죠죠중에 제 개인적인 생각으론 3부가 젤 명작 입니다 다른건 안봐도 3부랑 5부는 꼭꼭 보세요!!!!!!!! -죠죠러-",12,2023-02-27T11:53:48Z
ho4wMP8wEvQ,UgyFl82NWj3UAdkmkIZ4AaABAg,@Jeongmin0507,"6부 엔딩은 모든 우주 시간 가속시켜서 우주가 파괴되고 특이점에 도달하고 살아있는 모든  인류가 첫번째 우주의 지구에서 자신이 죽을때까지의 일들을 체험하면서 두번째 우주의 두번째 지구에서  제1의 지구에서 체험했던 일, 즉 운명을 알고있는채로 살아가게 되는데 또 시간 가속 도중에 메이드 인 헤븐 죽고 폭주해서 제2의 우주에서 격게될 운명이 바뀐 제3의 우주의 세번째 지구에서 사람들이 자신의 운명을 모르게 된 채로 살아가는 엔딩이 ㅈㄴ 머리로 생각하면 골때리는데 난 변태마냥 이런 엔딩 개인적으로 맘에 듬,  모든 시리즈 중에선 스케일이 젤 크잖아.",1,2023-02-15T17:12:52Z
ho4wMP8wEvQ,Ugx1_HxahMw3PqYkryt4AaABAg,@oldheekory,내 마음속의 죠죠는 3부에서 완결되었다 ㅠㅠ,1,2024-07-09T07:55:10Z
ho4wMP8wEvQ,UgwqwzfN2_HHKO7WRm54AaABAg,@logenHa,3부이후편들은 전부 2번이상씩 볼정도로 좋아하지만 이상하게 1.2부는 보는거 시작조차 꺼려지는 만화,1,2023-02-21T03:34:49Z
CuCGbCZsUwg,Ugz4mlJUifp_j0cGLwV4AaABAg,@dooky_otaku,"🚨스포시 칼차단🚨 ✅죠죠 라이브 공지✅
치지직에서 매주 토요일 밤 9시에 진행합니다! 댓글 스포시 삭제될 수 있습니다.

▶이 영상의 생방송 풀버전 : https://youtu.be/13MjQ-0YIfw?si=x4KWsvefuIx7eMaG

▶팬카페 [두모다찌 양성소] : https://cafe.naver.com/dootaku

▶두키는 오타쿠 치지직 : https://chzzk.naver.com/311202d1d75a5a2f256ebbf72e28ab31",39,2026-01-10T03:15:55Z
CuCGbCZsUwg,UgzOjPnRs9CByT0DBbJ4AaABAg,@peaker_tws,"""인력""에 이끌려 오셨군요...",79,2026-01-10T04:27:12Z
CuCGbCZsUwg,Ugy5_Ob38VEjFA5d2MF4AaABAg,@MTTTTTTE,“어서와라…『죠죠』의 세계에…“,202,2026-01-10T09:39:59Z
CuCGbCZsUwg,Ugz8F967kpUUMjXpOAR4AaABAg,@Body_B3.14,12:02 디오와 키스를 하고싶던 죠나단의 분노...,35,2026-01-10T09:18:26Z
CuCGbCZsUwg,UgwH-Os-1oqJfekxFOZ4AaABAg,@CHRRYBLSSM-dq5lc,죠죠를 선택하신건 정말 감다살행동이라 생각합니다,113,2026-01-10T07:44:39Z
CuCGbCZsUwg,Ugz2F5ga07CjRLzG9sh4AaABAg,@level23-o4l,1부는 유쾌한맛 2부부터 재밌어지더니 점점 재밌어져요 3부부턴 내용이나 막 스탠드 하는 새로운 능력을 써서 싸우고 능력물 느낌으로 재밌어요 좀만 참고 봐봐요 진짜 재밌습니다,22,2026-01-10T09:47:18Z
CuCGbCZsUwg,Ugz3fVDCLLV8z5_VtWh4AaABAg,@여장최고,옛날 그림체처럼 보이는 이유는 원작이 1986년부터 연재한 만화라서 그래요!,61,2026-01-10T04:23:04Z
CuCGbCZsUwg,Ugx_AtQQQZmJryAqq_t4AaABAg,@시나브,1:05 으헤헤 52 미로요 지☆코DA☆ZE!,12,2026-01-12T10:32:52Z
CuCGbCZsUwg,UgxNQS_AuyiGqb_wFEZ4AaABAg,@여장최고,죠죠는 끝까지 보셔야합니다!!! 곧 7부도 나오니 쭉쭉 달려보죠!!,58,2026-01-10T04:48:46Z
CuCGbCZsUwg,Ugy24ENBWA1DMZdFkTB4AaABAg,@sjy9115,아니 요즘시대에 죠죠안본눈 리뷰를 볼수있다니 세상에,11,2026-01-10T16:40:13Z
CuCGbCZsUwg,UgzenvJ4Emzu9ltQXf14AaABAg,@zulma00101,"저들이 앞으로 걸어갈 '죠죠의 길'에는 뭔가 의미가 있을지도 몰라... 저들의 죠죠영상이 어디 다른 곳의 누군가에게는 희망으로 전해지게 될, 뭔가 거대한 의미가 되는 시작점인지도 모르지...
우리는 모두 운명의 노예다. 무사를 빌어줄 수는 없지만 저들이 '잠자는 노예' 이기를 빌지... 눈을 뜸으로써 뭔가 의미가 있는 길을 열어나갈 '잠자는 노예'이기를...",15,2026-01-11T12:22:20Z
CuCGbCZsUwg,UgyVPd6WhKYTbLc036R4AaABAg,@tv-zj6ci,드디어 죠죠 리액션을 하는 한국 영상을 발견했다,11,2026-01-11T04:50:20Z
CuCGbCZsUwg,Ugy34LPfYJMzZe7z9Fd4AaABAg,@jinsangna,"1~5부는 유튜브에서 볼 수 있는데
거기가 자막 퀄리티가 좋음",10,2026-01-10T20:04:19Z
CuCGbCZsUwg,UgwaG5C_2cK4_Mem2814AaABAg,@Matdoriiii,이 날만을 기다려왔습니다,14,2026-01-10T03:43:04Z
CuCGbCZsUwg,UgyAPWywmOxuCezqAf14AaABAg,@여장최고,30:48 귀칼 작가가 그렇게 말했던거 같긴해요 ㅋㅋ,54,2026-01-10T04:47:39Z
CuCGbCZsUwg,Ugwx1BmkUacJ1758fst4AaABAg,@Draco-519,이 형들 죠죠 보네?? 귀칼끝나고 하차 했는데 다시 봐야징,10,2026-01-10T06:49:58Z
CuCGbCZsUwg,Ugx56SeLZ76fc0yqK_94AaABAg,@구린easy,죠죠는 갈수록 재밌습니다 +그림체는 보다 보면 적응됨,12,2026-01-10T10:48:39Z
CuCGbCZsUwg,Ugyyx1BVifMqvHtI3cJ4AaABAg,@tv-ju8rs,이 이야기는 내가 죠죠를 보기 시작한 이야기다.,4,2026-01-10T11:53:01Z
CuCGbCZsUwg,Ugw_I-eWge88aSPeMG94AaABAg,@무다-1104,"디...디오 ! 디오가 날 따돌리고 있어 ! 왜... 왜냐~ ?
정말 미워 !",38,2026-01-10T03:32:04Z
CuCGbCZsUwg,UgwcyJw6fdQ09Cnt5dF4AaABAg,@조재성-r8c,죠죠 본다고 해서 구독 박아버렸습니다. 모든 회차를 꼭다봐주세요 ㅠ,7,2026-01-10T03:20:54Z
CuCGbCZsUwg,Ugy8cbMtZsCt_BoDAlt4AaABAg,@Forma_포마,"""멈춰있던 시간의 톱니바퀴가「회전」하기 시작했다.""",5,2026-01-10T04:52:47Z
CuCGbCZsUwg,Ugxy4D9lH6nd6F--SNN4AaABAg,@HuntyBus,왔다.. 드디어 왔다...,5,2026-01-10T04:05:35Z
CuCGbCZsUwg,Ugw31x7o8NsWJsB1oSN4AaABAg,@ppangjo3013,오 !! 죠죠를 ...? 이건못참지 근데 자막 Sket 이 만든걸 봐야하는데 퀄리티넘사 ...,3,2026-01-12T07:01:14Z
CuCGbCZsUwg,UgyxspfQaz6XFdbkK5R4AaABAg,@starborns_diary,캬아 ~죠죠를 여기서 볼 줄이야!,6,2026-01-10T06:24:33Z
CuCGbCZsUwg,UgyFApHSUKdoHOXNhEB4AaABAg,@liam-r2e-c2p,"이대로 남은1,2,3,4,5,6,7부까지 라스트 스퍼트!",5,2026-01-10T05:25:38Z
CuCGbCZsUwg,UgxPNZIBCu7UzCY_ji14AaABAg,@goat히토리,"13:54 사실 아빠도 좀 모자란 거 같애

정확히 파악하셨군요",13,2026-01-10T08:27:16Z
CuCGbCZsUwg,UgxggjekQRmo9zdcTc94AaABAg,@놈놈놈,"""인력을 무시해야무시할수 없군""",3,2026-01-12T02:59:42Z
CuCGbCZsUwg,UgyxvWxv79SeMlc2J2h4AaABAg,@폴럽0208,"너가 다음으로 할 말은 ""드디어 우리들의「인력」에 끌려왔구나!"" 다!",2,2026-01-12T07:58:55Z
CuCGbCZsUwg,UgxH0aUt1vFRpX3reI94AaABAg,@고기-b4e,내가 꿈을 꾸고 있는건가 마음에만 바라던게 갑자기 이뤄지니까 어벙벙한데 좋음 ㅋㅋ,2,2026-01-10T04:40:28Z
CuCGbCZsUwg,UgxPga5ufZ--FuWQuF94AaABAg,@ParkRera,2부 반응 상상하니깐 벌써 기대되는구만,2,2026-01-10T06:22:38Z
T9igwzPYeHo,UgwGoQ-xrU4WEjGwXm54AaABAg,@dw13gunwoo,"재밌게 들어주셔서 감사합니다! :D

17:40 저도 애니 끝나자마자 감탄하면서 기립박수 쳤습니다! 정말 최고야!",97,2026-03-25T10:41:32Z
T9igwzPYeHo,UgwPG5ZwY3q8O7_mKvp4AaABAg,@user-고양이다,젠장~ 나 좋아요 눌렀다고~,14,2026-03-25T08:42:50Z
T9igwzPYeHo,UgyT6NQ0xGj8vi5NWfZ4AaABAg,@unausauda,"횡설수설 리뷰만 볼 죠죠러는 17:40 여기로 뇨호!
다들 사..사…산뜻한 하루 보내 🩵",18,2026-03-25T08:38:06Z
T9igwzPYeHo,UgxkLrcPVpr5x0QsScR4AaABAg,@몰락,16:54 ㄹㅇ 여기 숨 딱 멈춰진다니까,8,2026-03-25T11:24:46Z
T9igwzPYeHo,UgxRdBcytQrYmnf7e9p4AaABAg,@김지후-c7n6j,스틸볼런보면서 가장 충격 받은거:루시가 14살인거...,5,2026-03-25T11:25:59Z
T9igwzPYeHo,Ugyf8I-p6PAbgdz3J4h4AaABAg,@Bear-s1y,"죠죠 7부를 보겠다고? 봐라 ""다만"" 그순간 그게 『신호』가 될것이다.",5,2026-04-24T00:12:41Z
T9igwzPYeHo,UgxsCBGtsHFbSkIQozp4AaABAg,@조-r3w4r,"18:11
제길~ 나 똥쌌다고~",2,2026-03-25T08:39:33Z
T9igwzPYeHo,UgwhxK_cJBUQv4sPm3V4AaABAg,@Arcturus_Mengsk,죠죠 덕분에 여러가지 것들을 경험해보시고 해보시는 우나님. 역시 죠죠는 사람의 인생을 바꿔주는 문학 작품입니다(?),2,2026-03-25T09:18:17Z
T9igwzPYeHo,UgwzVQ-qjVpWJ9HCPlt4AaABAg,@무다-y6k,아리가또...우나우사우다...,6,2026-03-25T10:11:16Z
T9igwzPYeHo,UgxaEqws2l6vpCNcheF4AaABAg,@FreshOrPepsi,2화 내놓으라고....1쿨 단위도 아니고 이렇게 내는 게 어디있어... 2화 내놓으라고...,4,2026-03-25T09:25:33Z
T9igwzPYeHo,UgydrJwKW4Mb_CbXy_h4AaABAg,@user-hi7tk4qe5v,난 이 두 눈으로 우다님 영상을 보겠다,3,2026-03-25T10:08:53Z
T9igwzPYeHo,Ugwe0fljCJx3Vo4AxTZ4AaABAg,@버그헌터_기브르,"일본어 더빙: 일본 애니라서 봄
한국어 더빙: 한국인이라서 봄
영어 더빙: 배경이 미국이라서 봄
-> 이게 맞다 ㅋㅋ",8,2026-03-26T13:04:56Z
T9igwzPYeHo,UgyGLYlVCL-nJoYYxyN4AaABAg,@taedoong,이 이야기는 죠죠러들이 걷는 이야기다 육체적인 의미가 아닌 청춘에서 어른이라는 의미로...,3,2026-03-25T12:11:01Z
T9igwzPYeHo,UgwIi1zPUlpfGmlWqaJ4AaABAg,@QPREM_CHOQNA,9분전 알람보고 바로왔다,1,2026-03-25T08:39:27Z
T9igwzPYeHo,UgyapJTVyZrtiRoStD14AaABAg,@GARTENG_choi,16:23 묘하게 죠나단 테마도 들리는 듯,3,2026-03-25T10:08:50Z
T9igwzPYeHo,UgwXLC3VithFA3yHR2F4AaABAg,@나는박스다,8:53 레전드 작화 ㄷㄷ,9,2026-03-25T14:05:35Z
T9igwzPYeHo,UgyqsoVzp4Du-Jd5d4Z4AaABAg,@iamginius,죠평 수직상승,9,2026-03-25T21:31:47Z
T9igwzPYeHo,UgxvadhJyZmFNBnTXpp4AaABAg,@rednight-o5t,이 이야기는 내가 우다를 보기 시작하는 이야기다.,1,2026-03-25T09:10:19Z
T9igwzPYeHo,UgzxqX769nkJAnqY4-p4AaABAg,@slimebee_0,"친구들도 좋아하고 동생도 좋아하고 선생님도 좋아하고 여자친구도 좋아할 죠죠 7부
끼얏호우~
유입 6명 성공~!!",1,2026-03-25T09:15:11Z
T9igwzPYeHo,Ugzq2Gf64bl3uxsnULF4AaABAg,@LL입니당,따흐흑 몇년전까지 죠죠7부 애니화 기원하던게 언젠데 결국 이런 날이..,1,2026-03-25T08:45:20Z
T9igwzPYeHo,Ugw4mSt4XgFLpXxQQxZ4AaABAg,@시나브,1:23 압둘성우가 한거라 압둘이 저런거라 생각하니 더 웃김ㅋㅋㅋㅋㅋㅋㅋ,7,2026-03-25T10:39:42Z
T9igwzPYeHo,Ugw-_ZcM3AyNoLER7YF4AaABAg,@로브리228,20:02 7319 7부 3월 19일ㅋㅋㅋㅋㅋ,6,2026-03-25T15:17:42Z
T9igwzPYeHo,Ugwjn4ZkXheV_IJznr94AaABAg,@Pneumonoultramicroscopicsil0,0:24 주왕읍의 살인귀가 오기 전에 도망가십시오,7,2026-03-25T09:00:17Z
T9igwzPYeHo,Ugz_iE3ZpYIXVbbHpIJ4AaABAg,@가위바위게-r1l,이런 목소리도예쁘고 몸도 좋고 직장도 다니는 완벽한여자가 죠죠를 보다니….정말이지 그레이트 하다고!!,2,2026-04-06T09:41:13Z
T9igwzPYeHo,UgxC2TlrAPqUC12j6fZ4AaABAg,@princess_itan,라이브 해서 죠죠 얘기하고 그러면 좋을거같아요!,1,2026-03-25T08:54:02Z
T9igwzPYeHo,UgzJNA5_O3aVY9l15YF4AaABAg,@팬드폰,2화 빨리 나와줘,4,2026-03-25T12:01:13Z
T9igwzPYeHo,Ugxk4syvtL7uaRJeYJF4AaABAg,@신룡s,이것만을 기다렸다.. 고마워.. 이거말곤 할 말이 생각나지않아,0,2026-03-25T15:51:50Z
T9igwzPYeHo,UgxwubemB2dlOYa-Vrh4AaABAg,@slimebee_0,우옷~!!눈느앙~♡ 나에게도 회전을❤,1,2026-03-25T09:19:12Z
T9igwzPYeHo,UgzOL-ld6vdq9bqMeSh4AaABAg,@로네요원,나란다 나란다 나란다<<<여기서 나란챠 생각난 죠붕이들은 개추,10,2026-03-27T07:55:13Z
T9igwzPYeHo,UgyxSwKeiCo33En3mpd4AaABAg,@bronzediary,"필요한 것은 '나의 스탠드'다. '더 월드'. 나의 스탠드, 그 다음 단계에 있는 것이 바로 인간이 계속해서 앞으로 나아가야 할 길이다.

그리고 필요한 것은 신뢰할 수 있는 벗이다.

그 벗은 욕망을 컨트롤할 수 있는 인간이어야 한다. 권력욕이나 명예욕, 금전욕, 색욕이 없는 인간이면서 또한 그는 인간의 법보다 신의 법을 받드는 인간이어야 한다. 언젠가 그런 자를 나 DIO가 만날 수 있을 것인가?

그리고 필요한 것은 '극악한 죄를 범한 36명 이상의 영혼'이다. 죄인의 영혼에는 강한 파워가 있기 때문이다.

그리고 필요한 것은 '14단어'.
나선계단, 장수풍뎅이,
폐허도시, 무화과타르트,
장수풍뎅이, 돌로로사의 길,
장수풍뎅이, 특이점,
조토, 엔젤,
자양화, 장수풍뎅이,
특이점, 비밀황제.
나 자신을 잊지 않도록 나의 스탠드 자체에 상처를 내 이 단어들을 새겨두자.

그리고 필요한 것은 '용기'다. 나는 스탠드를 한번 포기할 '용기'를 가져야 한다. 스러지는 나의 스탠드는 죄인 36명의 영혼을 흡수, '새로운 존재'를 낳을 것이다.

그리고 '태어난 존재'는 각성할 것이다. 신뢰할 수 있는 벗이 말하는 14단어에 지성을 드러내면서... '벗'은 나를 신뢰할 것이며 나는 '벗'이 될 것이다.

마지막으로 필요한 것은 장소다. 북위 28도 24분 서경 80도 36분 지점에 가서...

다음 '신월(新月)'의 때를 기다린다... 바로 그때가 '천국의 때'일 것이다...",4,2026-03-25T10:40:11Z
gfg-csq78M0,Ugy_AEo_kAq2JpXenit4AaABAg,@ABC_123_24-x,아니 자막이 빤다ㅏㅏㅏ하는게 더 이상하다고요,31,2026-04-22T11:21:19Z
gfg-csq78M0,UgwYW7Qhce94MnJcr194AaABAg,@김현우-g3y3q,여러분 오해하지 마세요 게이 만화아닙니다,66,2026-04-22T13:02:24Z
gfg-csq78M0,UgzoKLnhGod4vLGY0SB4AaABAg,@ROADROLLER-50,이게 진정한 순애지 바퀴벌레랑 키스한 옷코츠는 나가 있어,15,2026-04-22T12:31:18Z
gfg-csq78M0,Ugxleo-5W4zarzO9bGp4AaABAg,@naturalbornidiot,"사람들 생각하는 건 다 같은지 Gay와 JOJO를 같이 검색하면 아주 높은 확률로 이거 뜨거나, 이거 아닌 영상에도 이 드립 넘쳐남 😂",14,2026-04-22T11:40:07Z
gfg-csq78M0,Ugwqxx6E6_kApj62mXN4AaABAg,@사르-tti1,이런건 자기역할이 아니라 폴나레프거 라고 한게 ㅈㄴ웃겼는데ㅋㅋ,3,2026-04-23T13:52:04Z
gfg-csq78M0,UgydRdcXVVfL_dZewO94AaABAg,@Nyn_TV178,빤다ㅏㅏㅏㅏㅏㅏㅏ,10,2026-04-22T11:27:56Z
gfg-csq78M0,UgxmwsEyuE9xcND10BN4AaABAg,@Stupid_fox-q2j,"왜 앞에 밑으로가서 떨어지자고 라는 말이 없어
이러면 이상하잖아",1,2026-04-23T14:14:11Z
gfg-csq78M0,UgwXHc1KATwOKcEoP054AaABAg,@스폐셜,빤다 이런다ㅋㅋㅋㅋㅋㅋㅋㅋㅋㅋㅋ,0,2026-04-23T15:36:06Z
gfg-csq78M0,UgwNBvJL3H5urpwmmTp4AaABAg,@죠-y4q,빤다 해명좀...,4,2026-04-22T14:23:05Z
gfg-csq78M0,UgzAvf5VYjBRQSuxZYp4AaABAg,@아람영,이 다음은 차마 보여줄 수 없었던건가...?,3,2026-04-22T12:49:49Z
gfg-csq78M0,UgyQAJU-SNQnvw9e8vR4AaABAg,@오이-t7u,맞습니다. 이런 애니입니다. 죠죠는 게이만화가 아니라 만화가 만화가 게이입니다. 모르시겠다고요? 죠죠는 마움으로 이해해야죠 말이 아닌,1,2026-04-22T12:13:17Z
gfg-csq78M0,Ugw5-RxBEVVe2WTjZ1l4AaABAg,@sdlkfenwk25,여러분 오해하세요 게이입니다,0,2026-04-24T16:49:30Z
gfg-csq78M0,UgycSWAgx-Q53Q6SljJ4AaABAg,@bluehoney파란꿀,이만화 게이가 대단하다,2,2026-04-22T12:40:55Z
gfg-csq78M0,Ugw1qrwHQCW8Bn6YAVt4AaABAg,@환극,어우..,0,2026-04-23T15:07:32Z
gfg-csq78M0,Ugz5Tcr91OWKMCwsR0h4AaABAg,@죠고-JOGO,"틀린 것이 하나 있습니다 주딱.
메구미라면 죠고가 왔다?
마허라를 일단 싸서 자신을 포함한 4인을 몰살합니다.
천여주박 듀오 ㅈ된겁니다 지금",0,2026-04-23T14:06:15Z
gfg-csq78M0,UgzNLZcGl32DytPDeqR4AaABAg,@모리오초명물-y2I,여러분 오예하세요 게이만화입니다,0,2026-04-23T14:24:11Z
gfg-csq78M0,UgwloTa_OaZHOyMVCKZ4AaABAg,@당근육,"Q. 죠죠는 게이만화인가요?





???: 네",7,2026-04-22T11:48:22Z
gfg-csq78M0,UgyvmXS7teWPZpaWL_94AaABAg,@나무당당-y8j,난 이 장면이 젤 좋음,0,2026-04-23T13:28:24Z
XIoowpGyhYs,UgwaJUNNNK1p1ejNLkF4AaABAg,@dooky_otaku,"🚨스포시 칼차단🚨 ✅죠죠 라이브 공지✅
치지직에서 매주 토요일 밤 9시에 진행합니다! 댓글 스포시 삭제될 수 있습니다.

▶이 영상의 생방송 풀버전 : https://www.youtube.com/watch?v=bxU9tAnxFwA

▶팬카페 [두모다찌 양성소] : https://cafe.naver.com/dootaku

▶두키는 오타쿠 치지직 : https://chzzk.naver.com/311202d1d75a5a2f256ebbf72e28ab31",12,2026-01-21T11:28:37Z
XIoowpGyhYs,UgxzAAn_n6_mPqZuPmF4AaABAg,@0young_EJ,디오가 죠죠 순애라는걸 아는 당신은 찐죠죠러다,38,2026-01-21T11:37:07Z
XIoowpGyhYs,Ugwt7nS-Rw0IWBezqEh4AaABAg,@만년필-p5h,"30:28 그동안은 죠나단 죽이려고 들다가 진짜 죽은 거 아니까 ""죠죠...?"" 하고 당황함
순애 맞는 듯 ㅇㅇ",20,2026-01-21T15:33:09Z
XIoowpGyhYs,UgxZSF6XWYYZmtR_8AN4AaABAg,@찰리35,죠죠 상영회 : 유사 평생컨텐츠,34,2026-01-21T13:09:50Z
XIoowpGyhYs,Ugzu91EhAAWlRNjZTLB4AaABAg,@MTTTTTTE,느꼈다! 「죠죠의 기묘한 모험 2부: 전투 조류」가 온다!,23,2026-01-21T12:26:15Z
XIoowpGyhYs,UgyMMEZS--VH8ATE5dp4AaABAg,@시나브,8:05 필살 썬더 스프링 번개 공격~!,12,2026-01-21T12:38:13Z
XIoowpGyhYs,UgzHq4JWh4xAmFf3YU54AaABAg,@킬러퀸_mini,죠죠 정실이 디오라는걸 벌써 아시다니..훌륭한 죠죠러감이군요,45,2026-01-21T13:01:55Z
XIoowpGyhYs,UgytMTauyjsmFcmrQEF4AaABAg,@시나브,12:12 뉴비 구경하는 토끼공듀들,7,2026-01-21T12:51:28Z
XIoowpGyhYs,UgzvtrEuh2JiCauLIRJ4AaABAg,@rejester83,이제 드디어 2부로 들어가겠구나..,81,2026-01-21T11:28:19Z
XIoowpGyhYs,Ugy7n8S39iLgma5oSap4AaABAg,@cwarock,1화에서 무슨 얘긴지 감도 안온다던 시절과 대비되는 모습,8,2026-01-21T12:14:59Z
XIoowpGyhYs,UgwvD83ZHNo3rAcVCTp4AaABAg,@deymigike,"스포) 
2부에서 재미를 느끼고 
3부에서 매력을 느끼고
4부에서 운명을 느끼고
5부에서 절정을 느끼고
6부에서 감동을 느낌.",21,2026-01-21T11:34:51Z
XIoowpGyhYs,Ugz2G8QyDQE140NP9UV4AaABAg,@김동탁-e3o,24:25 ㅈㄴ웃기네 ㅋㅋ,2,2026-01-21T12:16:28Z
XIoowpGyhYs,UgzgPliW3S-fqMY2qMl4AaABAg,@지성-x8c,죠죠의 대사들은 거의 작가님 평소말투라고 합니다.,33,2026-01-21T11:32:00Z
XIoowpGyhYs,Ugyt56Pq5ns6tgPMIrF4AaABAg,@god-백작ye,9:53 평소 하는말 바탕이시라네요,7,2026-01-21T12:09:30Z
XIoowpGyhYs,UgzD1ZOAhSBxGDHJCGR4AaABAg,@ND-48,역시 다른 리액션 유튜버에 비해 리액션이 맛도리네요,4,2026-01-21T11:27:02Z
XIoowpGyhYs,Ugz7oNIBc5jU90Iws7d4AaABAg,@guaen_Saturday,"1부 같이 보며 짦지만 정주행 같이 한 느낌 
확실히 재밌긴합니다",3,2026-01-21T11:29:58Z
XIoowpGyhYs,UgzSbsqtkXnovq9bQR54AaABAg,@괴수물,못참고 마지막 몰아보신거 같아 너무 웃기네,1,2026-01-21T17:37:59Z
XIoowpGyhYs,UgwFBBcloX-lEU-1r0Z4AaABAg,@진짜개에바,이거 7부까지 애니로 다 보고 다시보는 컨텐츠 보고싶다,1,2026-01-22T02:50:10Z
XIoowpGyhYs,UgxbT373ifPZWcMn6XV4AaABAg,@daisyduckkkk-g7l,2부 기대하고 있겠습니당😏,0,2026-01-22T08:46:22Z
XIoowpGyhYs,UgzK1wlVakqn60C9zJJ4AaABAg,@알고리즘에바임,이제 시작이군... 어서 오거라.. 죠죠의 세계에..!!,2,2026-01-21T13:10:24Z
XIoowpGyhYs,UgxjKgGr8CS58iRflKB4AaABAg,@햄부기OuO,"죠죠 진짜 인생애니입다...천천히도 좋으니 4,5,6부를 꼭 보셔야만..!",0,2026-03-03T19:11:32Z
XIoowpGyhYs,Ugy0VDfP2pjYcbJIFZF4AaABAg,@현주정-j8p,옷코츠 저리가라 진정한 순애,15,2026-01-21T11:15:56Z
XIoowpGyhYs,UgyA8YUVl9L2o4hl2A54AaABAg,@그냥고양이,"15:49 *""키키... 크크... 큭... 키키...""*",5,2026-01-21T11:34:40Z
XIoowpGyhYs,UgzU4erN_kwtS5V5rWl4AaABAg,@김민수-q6u1i,2뷰눈 진짜 모든 장면이 명장면이라 재밌을 거예요,0,2026-01-22T03:10:11Z
XIoowpGyhYs,UgwfSIjCr-WL1az1Kul4AaABAg,@모스라-s5s,영상 공개할 때 실시간으로 공개한다면 댓글 반응들 보는 맛이 있을 듯,0,2026-01-22T14:24:52Z
XIoowpGyhYs,UgzSvzE8SCAyRUnhLN54AaABAg,@liam-r2e-c2p,2부도 너무 기대되네요!,0,2026-01-21T11:54:02Z
XIoowpGyhYs,UgwfZoYRGP5ZX6HG_N94AaABAg,@마이-v9o,15:50 참고로 디오랑 싸우기전 등장한 좀비 4명은 작가도 이름 기역 못한다,1,2026-01-21T14:03:25Z
XIoowpGyhYs,UgwThNyAW9MlGN5p7VB4AaABAg,@뚱이-k7c,ㅈㄴ 재밌네 진짜 ㅋㅋㅋㅋㅋㅋㅋㅋㅋㅋㅋ 1부가 고트임 내 기준에,0,2026-01-22T03:12:40Z
XIoowpGyhYs,UgxrbEu1XM5aeIYFf4d4AaABAg,@Tria-0812,이야 1부가 벌써 끝낫네,0,2026-01-21T11:52:56Z
XIoowpGyhYs,UgxuXYNHueUl14GTgrZ4AaABAg,@imbest7303,"오늘도 역시 ""인력""에 이끌려왔다.",0,2026-01-21T14:51:46Z
iOo6ay6jtF4,UgwUY9ENaJnqOo_QNhJ4AaABAg,@양정우-c9n,편식하지 말고 1부 부터봐라,737,2025-10-27T12:54:10Z
iOo6ay6jtF4,Ugy57hfDHkw5oSdXAqV4AaABAg,@윤지민-r8y,심지어 뮤즈코리아 <-- 이 유튭채널이 1부 1화부터 지금은 4부고 나중엔 5부까지 동영상을 싹다 올릴 예정이기에 정말 쉽게 볼 수 있음,697,2025-07-13T09:28:53Z
iOo6ay6jtF4,UgzrbCwp5EUqYmZer-Z4AaABAg,@sky_boy-sky,디오 사마가 없으면 모든 부가 나올수가 없음 ㅇㅇ 그래서 1부부터 봐라,20,2025-12-13T11:28:03Z
iOo6ay6jtF4,UgxAj-uFpV7tispvFwx4AaABAg,@나는야이사람_1972,"입문 하려는 자들에게, 
행운《LUCK》을 빈다 또 
용기《PLUCK》를 가져라! 
황금의 정신을 가진 자들이여!",36,2025-07-13T09:54:19Z
iOo6ay6jtF4,UgxKk33aaCopDSl_8q94AaABAg,@orangebyung,어디부터 보든 죠죠를 보게 된 것은 그저 운명이었을 뿐 그러니 고민말고 너의 운명에 맡겨 너의 직감이 가는 곳부터 봐라,260,2025-07-13T09:25:35Z
iOo6ay6jtF4,Ugxb5Y1zkmvTh2eNBk94AaABAg,@sanheecho5326,5:19 그냥 다 넘긴다는 거잖아,20,2025-07-15T14:29:03Z
iOo6ay6jtF4,Ugy5SYFSgAL77pdRkbZ4AaABAg,@방구석소크라테스,"나는 인간을 그만두겠다 -> 1부로
생각하는 것을 그만두었다 -> 2부로
로드롤러다 -> 3부로
허나 거절한다 -> 4부로
내게 다가오지 말란 말이다 -> 5부로",129,2025-07-14T05:10:40Z
iOo6ay6jtF4,UgxhJ6G24JspTYeMcV94AaABAg,@와라시의향기로운치마,볼거면 1부부터 봐야함. 본인 3부부터 봤다가 파문? 100년전 대서양 사건? 그딴게 뭔데 하면서 1부부터 다시 봄.,91,2025-07-14T11:31:09Z
iOo6ay6jtF4,UgxLdR7FYGxhrBLLqCh4AaABAg,@방구-y3i,"아무렇게나 봐도 상관없지만 그냥 제발 1부부터 순서대로 봐줬으면 좋겠음
6부를 보면 재미없다고 느끼는 그 순간들마저 ㅈㄴ아련해짐 
그 감정을 100퍼센트 못느끼는게 너무 안타까움",19,2025-07-14T02:44:48Z
iOo6ay6jtF4,Ugz8BLgI6YYWjFkpY-94AaABAg,@타콕,썸네일보고 1부부터봐!!!!!하고 들어왔는데 모든 죠죠러들이 그렇게 외치고 있어서 마음이 편해졌습니다✌️,4,2025-11-04T03:09:00Z
iOo6ay6jtF4,UgzfpobyU_UsgIh6mUR4AaABAg,@히가시카타죠스케-k7z,"솔직히 3부부터 보라고 하면 뉴비들은
""그래서 디오가 누군데???""라는 의문이 들거임 ㅋㅋ 3부부터 6부까지 모든 사건의 원흉이니까 ㅋㅋ",36,2025-07-13T09:35:30Z
iOo6ay6jtF4,UgzyXcvDmg8TyI4_pFp4AaABAg,@갸아악구아악,"2부 : 1부를 보지 않았다면 이해하기 어려운 설정이 나옴
3부 : 1부와 2부를 보지 않았다면 등장인물에 대한 파악이 힘듬
4부 : 2부와 3부를 보지 않았다면 등장인물에 대한 파악이 힘듬
5부 : 3부를 보지 않았다면 등장인물에 대한 파악이 힘듬
6부 : 1, 3부를 보지 않았다면 등장인물에 대한 파악이 힘듬",258,2025-07-13T10:54:27Z
iOo6ay6jtF4,Ugxb-8mlPni3-SIc1Sd4AaABAg,@iiojjuikk,팩트는 죠죠 입문러는 아무도 없고 이미 8부내용까지 대충 알거나 이미 만화로 본 고인물들밖에 안남았다는거임..,242,2025-07-13T09:52:43Z
iOo6ay6jtF4,UgxwzE43p6HtF-byeTd4AaABAg,@나로테머리쓰담쓰담,0:23 처음에 6부 주인공을 말하는건가 했음,56,2025-07-13T09:17:51Z
iOo6ay6jtF4,UgzLIv9YEqc_EEVPLhN4AaABAg,@임성우-k4n,사실 1부 재미없다든지 지루하다고들 하지만 분량이 짧아서 그렇게까지 높은 진입장벽은 아니라고 생각함. 그리고 밈 알고 다시 보면 1부가 제일 재밌더라.,8,2025-07-13T17:01:02Z
iOo6ay6jtF4,UgzkFpXEIAUXf4u1PGN4AaABAg,@Just_Enrl,"1부도 다른 부들에 밀리지 않는 명작인데 저평가받는게 아쉽다
그러니까 3부 말고 걍 1부부터 보세요",30,2025-07-13T11:50:30Z
iOo6ay6jtF4,UgwIeVt2BGPFa0TtqU14AaABAg,@suksunII,"우리 췬구들. 1부 먼저 보라굿~ 1부 보고 죠나단을 봤다면 2부 보면 죠셉이 친숙할꺼야~ 그럼 그 죠셉이 3부에 나오니 3부 보고, 죠타로가 4부 나오니까 4부 보고, 5부에 디오 아들도 궁금하니까 보고 6부에 죠죠챤 또 나오니까 보고 다 보면 7부 애니화 될거임.",58,2025-07-13T09:26:57Z
iOo6ay6jtF4,UgzpzL0m7f-5Z57SsY54AaABAg,@먘_s,5-3-4-2 순서로 봤습니다. 5부를 죠스타 가문과 별개인 외전같은 느낌으로 봤고 3부를 보고 4부를 보니 흐름이 이어졌습니다. 2부에서 젊은 죠셉을 보니 뭔가 신선하더군요,4,2025-07-13T16:17:46Z
iOo6ay6jtF4,Ugx0q-3RK75nAeMS79J4AaABAg,@metal0-2,"저는 개인적으로 3부부터 보는거 추천..
1,2부가 너무 다르고 사실상 스탠드가 3부부터 나온거다 보니 주인공이 쿠죠 죠타로라 생각하고 3부 먼저 보는 것도 나쁘지 않을듯 합니다. 그러고 1,2부는 프리퀄이라 생각하고 보구요",2,2025-12-06T00:43:03Z
iOo6ay6jtF4,Ugw0AN1RQqU6Um8b00Z4AaABAg,@ysyI4892I7,"멀리 돌아가는 길이야말로 가장 가까운 길이라는 말이 있듯이, 
1부부터 정독하는 게 가장 빠른 길이라고 생각함. 죠죠는.. 중간에 무엇 하나를 놓치게 되면 다시 처음으로 돌아갈 수밖에 없음..
언젠가 결국 다 보게 될 테니 그냥 처음 볼 때 제대로 보자..",73,2025-07-14T09:27:42Z
iOo6ay6jtF4,Ugz8hbLCkQGPFAI8e6J4AaABAg,@mnnmnnu,아무 지식없이 5부부터 봤는데 재밌어서 1부부터 정주행함,2,2025-11-07T06:20:59Z
iOo6ay6jtF4,UgyxCmyflSj3H0H8pvh4AaABAg,@라요,"개인적으로 생각해봤을때 애니 그림체 변화가 가장 커지는 부분이 4부와 5부.

4부: 애들 몸이 얇아진걸 느낌
그래도 스탠드는 아직 빵빵함

5부: 다 삐쩍말랐음",7,2025-08-01T10:26:34Z
iOo6ay6jtF4,Ugxx21bcxz7QANo7hCN4AaABAg,@킬러퀸_mini,"1부 먼저 보는게 좋지만 입문용으론 2부,3부,5부 추천.",33,2025-07-13T09:11:18Z
iOo6ay6jtF4,UgyZd1FOihZF3s9rwx54AaABAg,@어엄-i8z,3:38 내 주변에 있을법한 이야기 특) 하나라도 내 주변에 일어나면 목숨이 위험함,82,2025-07-13T09:12:21Z
iOo6ay6jtF4,Ugxltpnmk-elOVhc8JN4AaABAg,@real_kk-n9,이 영상보고 5일만에 3부까지 정주행했습니다. 갑사합니다. 구독하겠습니다,1,2025-11-22T06:48:03Z
iOo6ay6jtF4,UgxEmeJXDKJo_-RE6LR4AaABAg,@박지형-s7p,"죠죠는 1부부터 차례로 보는게 맞음
정 자기는 스탠드가 보고 싶다면 1~2부 요약본부터 보고 보시는걸 추천 1,2부를 봐야 3부에 왜 싸우는지 이해할수 있음
근데 7부는 처음부터 봐도 됨
처음부터 끝까지 차근차근 알려주고 다른 세계선이라 8부는 7부 다음으로 보는게 맞고 그나마 9부가 따로봐도 될듯",0,2026-07-08T15:10:58Z
iOo6ay6jtF4,UgxrPpCpUtQcMKTzyst4AaABAg,@Ku_ruiming,얼마전 1부 부터 보기시작한 죠린이(라고 부르시길래 일단 죠린이)입니다. 유명한 작품이라고해서 시작했는데 아직은 죠죠의 매력을 잘 모르겠지만.... 정주행해보려합니다. 죠죠런에 많은 참고가 되는 영상이네요.😊,1,2026-02-02T11:00:18Z
iOo6ay6jtF4,Ugz0dNB-fzle1dVDaCx4AaABAg,@김도윤-y9l7y,그넘의 메가톤맨 ㅋㅋㅋ 근데 저건 꼭 봐야함 죠죠러라면,29,2025-07-13T09:26:24Z
iOo6ay6jtF4,Ugzo3_sGd9-hMSUhXTx4AaABAg,@user-한수아,"내가 지독한 순서충이라 천만다행
죠죠는 1부부터 순서대로 보면 진짜 뽕맛이 지림
원래 아무리 후유증심하다는 애니나 드라마봐도 1시간이면 멀쩡해지는 사람인데 죠죠는 다 본지 두 달 넘었는데 아직도 일상생활 불가임",23,2025-07-13T10:03:24Z
iOo6ay6jtF4,Ugzxcjniw_jZRF2Ral54AaABAg,@hdgshshskxnnxml,난 원래 3부부터 볼려했는데 친구가 뜯어말림. 그러다가 어제 6부 마지막화까지 1부부터 달렸는데 6부 엔딩에서 라운드 어바웃 기타 튕기는 소리 나올때 진짜 존나 울고 그 친구한테 존나 고맙더라,26,2025-07-13T09:27:13Z
avkcuU3PO9c,UgyxMDV1rzJnJYlPJRB4AaABAg,@dooky_otaku,"새로운 편집 방식에 문제가 있어서 이번 죠죠 3, 4화 영상이 저작권에 걸린 부분이 많네요ㅜ

스케쥴상 재편집 후 업로드가 어려워서 영상을 잘라내서 해결했습니다
어색하게 끊긴 부분이 있어도 양해 부탁드립니다!

다음 화부터는 원래의 편집 방식으로 진행하겠습니다 고멘ㅠ

-

🚨스포시 칼차단🚨 ✅죠죠 라이브 공지✅
치지직에서 매주 토요일 밤 9시에 진행합니다! 댓글 스포시 삭제될 수 있습니다.

▶이 영상의 생방송 풀버전 : https://www.youtube.com/watch?v=13MjQ-0YIfw

▶팬카페 [두모다찌 양성소] : https://cafe.naver.com/dootaku

▶두키는 오타쿠 치지직 : https://chzzk.naver.com/311202d1d75a5a2f256ebbf72e28ab31",12,2026-01-14T11:21:43Z
avkcuU3PO9c,UgxoaKFralXPoxUjjtx4AaABAg,@Qzero123,"33:02 원문 번역본은 이겁니다.

그렇다면 용기란 대체 무엇인가!
용기란 두려움을 아는 것, 공포를 내 것으로 삼는 것이다! 호흡을 흐트러뜨리는 것은 공포, 하지만 공포를 지배했을 때 호흡은 규칙을 갖고 흐트러지지 않는다!

파문법의 호흡은 용기의 산물! 인간의 찬가는 용기의 찬가! 인간의 훌륭함은 용기의 훌륭함!!! 아무리 강해도 이 좀비들은 용기를 모르지! 벼룩이나 마찬가지다!

넷플릭스 자막이 워낙 오역이 많아서 이런 명대사들이 묻혀버리는게 많이 아쉽네요",63,2026-01-14T11:34:52Z
avkcuU3PO9c,UgwsgsJwhUpddhtF-MZ4AaABAg,@여장최고,오예!! 죠죠 1부 9회차 재주행을 두키님과 포이님이랑 같이하다니!!,16,2026-01-14T11:29:14Z
avkcuU3PO9c,Ugy7TKZIui0vV53yrWt4AaABAg,@죠셉-죠스타,넷플 자막이 별로라 유튜브나 라프텔에서 보는걸 추천드립니다,42,2026-01-14T12:14:36Z
avkcuU3PO9c,UgypbGj1i-PyLhFdHwd4AaABAg,@human051,뮤즈애니 덕분에 전부다 유튜브에 있으니깐 라이브에서 같이보기 개편함,11,2026-01-14T12:35:46Z
avkcuU3PO9c,UgxABGLZC1WL_42EBHh4AaABAg,@hyogeunie,머지않아 기묘한 맛에 중독 되실겁니다…,16,2026-01-14T11:34:06Z
avkcuU3PO9c,Ugy6j92zXItaIofd7PR4AaABAg,@켄지겨털,알림보자마자 멈췄던 심장이 뛰어버림,36,2026-01-14T11:16:38Z
avkcuU3PO9c,UgzcgzUo0S0TZYulFQp4AaABAg,@아카룬,"죠죠의 기묘한 모험은 모든 이능력 배틀물의 시초라고 불리기도 합니다.

죠죠의 기묘한 모험이 1986년에 연재를 시작했고, 장기연재 만화의 대명사인 원피스가 1997년에 연재를 시작했습니다.

죠죠 이전에는 이능력 배틀물이라는 단어가 없었습니다.

유명한 일본 만화들은 대부분 격투, 스포츠, 로맨스같은 현실에 있을법한 것들이었죠.

그 시작을 죠죠가 열었다고들 합니다.

작가인 아라키 히로히코는 올해 63세시고, 죠죠를 만화 연재 기준으로 9부까지 연재중이십니다.

만화의 회차만 보면 원피스보다 적지만, 연재 기간만 보면 제일 길게 연재중인 만화기도합니다.

참고로 원피스가 27년이고 죠죠가 37년입니다 😊

현재 유명한 대부분의 만화들은 죠죠에서 설정을 참고한 것들이 많답니다.",13,2026-01-14T13:05:54Z
avkcuU3PO9c,UgzCdlRGh8pnTZWWlpN4AaABAg,@DKG00000,킥킥대며 보다가 어느순간부터 멋져보이기 시작합니다 ㅋㅋ,3,2026-01-14T14:17:59Z
avkcuU3PO9c,UgxQA7YsFFXMfixAmG94AaABAg,@hjekhajeck,"스피드왜건이 대체 뭐 하는 놈이냐고요?
이친구가 상황설명 하나는 아주 기깔나게 해줍니다
이해가 안되는 부분이나 부연설명 때마다 친절하게 알려주는 고마운 애에요",7,2026-01-17T12:34:16Z
avkcuU3PO9c,Ugy0053BhUDn78zrl3d4AaABAg,@진짜개에바,"이, 이럴수가~ 넷플 자막이 죠죠 뉴비를 따돌리고 있어~
넷플 자막..정말 미워! (덜덜덜)",4,2026-01-15T05:30:56Z
avkcuU3PO9c,Ugz8K39TaJ8u2pY5mX54AaABAg,@anais432,"멍청은 좀 ㅠㅠㅠ
다 알고서 그런거니까 ...
돌가면만 아니었어도 그냥 자기 목숨으로
책임을 진 것 뿐..",2,2026-01-16T21:01:41Z
avkcuU3PO9c,Ugy0Ije_cxecpCduWbl4AaABAg,@Draco-519,오프닝에서 포이형님 소개할때 죠나단 상징 포즈 하면 재밌을 듯ㅋ,3,2026-01-14T11:54:37Z
avkcuU3PO9c,UgzCKKFvJZgZ5x9_RZ54AaABAg,@haebonjuk,죠죠는 작가나 제작진 자체가 감다살 음악취향이라 엔딩 오프닝을 꼭 다 들어줘야 고급 위스키에 시나몬을 레이어드한 듯한 맛을 느낄 수 있습니다. 무엇보다 시즌을 거듭할수록 떡밥이 엔딩 오프닝에 있습니다.,3,2026-01-15T08:40:24Z
avkcuU3PO9c,UgzZNB8OGu9hVO9JLVx4AaABAg,@시나브,6:12 『호 구 의 정 신』,3,2026-01-15T06:22:39Z
avkcuU3PO9c,UgxgiotSG0T5a4q6g6x4AaABAg,@블비-z1c,이분들 3부볼때 리액션이 벌써부터 기대된다 ㅋㅋㅋ,0,2026-01-14T15:09:30Z
avkcuU3PO9c,UgxvXYoMb1PPvMseBsd4AaABAg,@sjy9115,제발 쉬지말고 매일보고 매일업로드해줘ㅓㅓㅓ갈증나서 미치겠다구,1,2026-01-15T04:06:13Z
avkcuU3PO9c,UgyhX1xggMzB6kW0DNN4AaABAg,@심심-p2g,ㄷㄷ 방금 올라왔네,3,2026-01-14T11:16:12Z
avkcuU3PO9c,UgyTMGpw2qCoHvWKs_t4AaABAg,@Mikkang2,리엑션이랑보니 더 꿀잼😂,1,2026-01-14T12:02:27Z
avkcuU3PO9c,UgzjJhfujYRbLZ0P4X94AaABAg,@무다-1104,초 능력을 가졌단 말이다 !,2,2026-01-14T12:07:13Z
avkcuU3PO9c,Ugw7UCILwDM-6LEqwC54AaABAg,@21.9아이시스,이거지!!!!!!!!,0,2026-01-15T05:13:40Z
avkcuU3PO9c,UgwjU5S_LlCo7xcw79V4AaABAg,@별미르88,2부 3부까지 일단 숨 참음..,0,2026-01-14T14:07:48Z
avkcuU3PO9c,UgzvvL1-JGZTxOgbETd4AaABAg,@사람이다욘석아,말씀 드리고 싶은게 있는데 죠죠는3부부터 오프닝 이 상황에 따라 달라지님 참고 하세요! (가끔은 엔딩 도 바뀝니다),1,2026-01-15T09:53:47Z
avkcuU3PO9c,UgwiifnxXw_EsYK65Nh4AaABAg,@1984-z8f,죠며들고있군,1,2026-01-14T12:50:25Z
avkcuU3PO9c,UgwTyZ77kl-jZp6IEM54AaABAg,@김민수-q6u1i,"아, 2,3부 반응 너무 재밌겠다",0,2026-01-14T15:04:26Z
avkcuU3PO9c,Ugxwu1KJKKHuuuaVRxF4AaABAg,@ROADROLLER-50,3월에 나올 7부도... 봐야겠지?,1,2026-01-14T12:50:20Z
avkcuU3PO9c,UgzKOrb3WfNWXH8TkPF4AaABAg,@유월2026,이대로 달려서 스틸볼런까지 갑시다,0,2026-01-17T11:08:11Z
avkcuU3PO9c,Ugx-LPu4tOzNPHIKjit4AaABAg,@konodio123,죠죠 컨탠츠 계속 했으면 죠죠 정주행 겸 리액션도 볼 수 있어서 개꿀잼임 ㅋㅋㅋㅋㅋ,0,2026-01-15T14:59:11Z
avkcuU3PO9c,UgyJh6gkesqVCyl8-OJ4AaABAg,@rasharok1595,조씨하니까 죠광죠의 기묘한 사화가 떠오르늑눈요...!,0,2026-01-15T04:51:57Z
avkcuU3PO9c,UgxnkMeY_v16yiXQ23t4AaABAg,@망자쓰-v3g,자막이 좀 많이 개판인 감이 있긴한데 좀더 기묘한 느낌이긴 하네요,5,2026-01-14T11:59:01Z
cttlW5pJyR4,UgxS21G4HAZPM6HdezJ4AaABAg,@gjdwh2bfuvo,내가 죠죠러가 된 이유:님이 올린 죠죠 리뷰땜에요,675,2024-02-17T09:09:32Z
cttlW5pJyR4,UgzFWoVYzLgfQrirvDx4AaABAg,@맹키로한,25년 됐잖아.. 2부 줘..,131,2025-03-28T10:44:42Z
cttlW5pJyR4,UgzwHrv9pi0mb4G5VXN4AaABAg,@니엄마6974,"""자넨 [인력]을 믿는가? 너는 그것에 이끌려왔다!""",147,2024-02-17T14:27:26Z
cttlW5pJyR4,UgyXEbo2iOCpofxUXFx4AaABAg,@보리-z8p5i,4:48 개웃기네 ㅋㅋㅋ,29,2024-02-17T14:18:51Z
cttlW5pJyR4,Ugy2SZLboYGzQwp3X5l4AaABAg,@wodkdhs,3:00 저거 본인인데 ㄹㅇ로 친구가 죠죠보고있길래 감상 조금 하다가 무슨애니냐고 물어봤는데 안알려주길래 찾아서 봄요,71,2024-02-26T15:17:33Z
cttlW5pJyR4,UgyrkoVrIAu3IerlL7l4AaABAg,@jangjak,2:18 아 「죠죠」라는 「인력」에 끌려올 「운명」 이였다고ㅋㅋ,111,2024-02-17T09:45:56Z
cttlW5pJyR4,UgyMXXMCFeV3_aSuHzF4AaABAg,@김태민-d3f,내가 본 이유:뮤즈 애니 코리아,89,2025-06-24T15:53:21Z
cttlW5pJyR4,UgwoWxy7iCIEZYcAAuV4AaABAg,@1998hsh,"죠죠러가 되는 이유라....
자네는 혹시..

*[인력] 이라는 것을 믿는가?*",5,2024-02-17T14:09:21Z
cttlW5pJyR4,UgyjDk8iyKZiFNcv93d4AaABAg,@여우악마-512,4:47 아니 체리 먹다가 토할 뻔ㅋㅋㅋ,2,2024-02-19T13:11:50Z
cttlW5pJyR4,UgxzwSMH-8nWYorgdwd4AaABAg,@지리-51,2부좀 내주십쇼,5,2026-01-22T11:26:41Z
cttlW5pJyR4,UgwMAURL_oj8jyQivjd4AaABAg,@VosTian,3:00 부터 ㅈㄴ 처 웃으면서 봤네 씨ㅋㅋㅋㅋㅋㅋㅋㅋㅋㅋㅋ,0,2024-02-20T02:48:47Z
cttlW5pJyR4,UgymEH_WyIS2YGmx_NB4AaABAg,@AVA_LANCH2,2022년에 설문조사를 해서 2023년에 촬영을 하고 2024년에 영상을 올리는 게으른 흑빈 폼 진짜 그냥 ㅁㅊ다,122,2024-02-17T09:26:17Z
cttlW5pJyR4,Ugy-w3u8AL9F5vtm17R4AaABAg,@구삭군,""" 그런 일은 상상도 해본 적 없어... 나는 영상을 올리는 흑빈을 좋아해.
흑빈은 왕 중의 왕이야. 흑빈이 어디에 도달할 것인지? 나는 그것을 따라가보고 싶어.
신을 사랑하듯이 흑빈을 사랑해 ""

- 푸치 신부 -",31,2024-02-17T09:58:06Z
cttlW5pJyR4,Ugz3BM3EHbFf1S_6mZt4AaABAg,@포테이토마시멜로,"""나는 2부라는 결말에 도달할 수 없다...""",8,2025-01-16T15:33:08Z
cttlW5pJyR4,UgxkYT8CcU7hhpiznwt4AaABAg,@텐션충전소,0:14 병이아니야 순애다,187,2024-02-17T10:10:53Z
cttlW5pJyR4,UgzBDMi_GAKI0DxNiNh4AaABAg,@exooq7564,"맨날 로드롤러 더월드 드립치다 로드롤러 그 화를찾아 보다 그 전설의3부 자막을 보고 운명을 느끼고 
1부를보기 시작하고 별을 느끼고 죠나단 가문의 정의를 깨달았다!",177,2024-02-17T09:43:31Z
cttlW5pJyR4,UgzZBOHeoJqMv0Ug1l14AaABAg,@pump_guy-roblcraft,내가 죠죠러가 된 이유:알고리즘에 떠서 봤는데 존나 재미있어서 보다보니 죠죠로 본성이 각성됨,4,2025-04-04T15:25:11Z
cttlW5pJyR4,UgxagqlPffk1RoWdxqp4AaABAg,@TV-si3qk,5:28 다음에 너는 이렇게 말한다 왜 영상이랑 똑같이 만들어요..흐엇!?,2,2024-03-07T13:49:03Z
cttlW5pJyR4,UgxkLXcbjgkJCI1OAfJ4AaABAg,@tvgamrematv4352,이거 또 2부 올라올때면 4년짜리 컨텐츠 되있겠네,3,2024-03-02T03:44:39Z
cttlW5pJyR4,UgyElSI2OkW2CMegAMx4AaABAg,@소패-g7j,설문을 2022년에 하셨는데 지금 영상 만드신게 괘!씸하지만 영상이 ㅈㄴ 웃김으로 봐주겠습니다ㅋㅋㅋㅋ 진짜 보는 내내 ㅈㄴ 웃었네ㅋㅋㅋㅋ,10,2024-02-17T12:44:05Z
cttlW5pJyR4,UgxhooAj5lRxiVh3Y1x4AaABAg,@핫독그-0,저희는 도덕쌤이 알려주셨어요,1,2024-02-17T11:26:37Z
cttlW5pJyR4,Ugy00sBkgII9ti8P0wF4AaABAg,@Stonepowder,'인력'이 나를 이끌었기 때문에..,1,2026-01-08T06:21:08Z
cttlW5pJyR4,UgyWEXUB8pKumsajQN14AaABAg,@gamezilla5177,나에게 죠죠는 《필연》이다!,1,2024-03-25T23:14:00Z
cttlW5pJyR4,UgyXJOYOz5PKbdkY1pZ4AaABAg,@로드-l5y,4:50 왜부녀인가요?,3,2024-02-19T07:56:38Z
cttlW5pJyR4,Ugzi2GHbnYI5SJIGniV4AaABAg,@섶릅-sunl3m,"""인력""이 날 끌어당겼다",3,2025-01-01T09:35:18Z
cttlW5pJyR4,Ugx8vqkUo-TyzNkknhB4AaABAg,@싸장님-o5q,그냥 그날따라 기분이 HIGH해서 영입 돼었다,0,2025-09-20T00:25:00Z
cttlW5pJyR4,UgxI18JywJLMO-aRQKN4AaABAg,@양은늑대,인력을 믿는가? 너희는 그것에 이끌려 이곳에 있다…,1,2024-03-29T21:08:47Z
cttlW5pJyR4,Ugz6TqPoaw7QZ_RFmrd4AaABAg,@이창현-x5u1j,분명 이걸 내가 22년에 했는데 23년에 보고 영상을 24년에 만든다라,1,2024-02-17T16:13:03Z
cttlW5pJyR4,UgxCWJkhhkAkskc8asN4AaABAg,@700빌런,"오랜만에 돌아온 인간리뷰어 인 척하는 애니리뷰어의 인간리뷰군요 ㅋㅋㅋㅋㅋㅋ
개인적으로 죠죠는 애니 오프닝땜에 보기 시작했죠 (진짜 2, 3부 오프닝 최고야)",13,2024-02-17T09:18:04Z
cttlW5pJyR4,UgwZgVsta3H084MhzKB4AaABAg,@박형석-z7m,"내가 죠죠러가 된 이유??? 
너의 죠죠 1부 영상을 보고다 쿠죠 흑빈",1,2024-02-17T14:17:54Z
wQPEblHZUjc,UgyZzBH4AnvsYtWA6G54AaABAg,@David-jw5ko,"*GREAT하다고요, 이 영상은!*",1574,2025-05-24T03:04:46Z
wQPEblHZUjc,Ugw_bl7nvMPc9dCxSDR4AaABAg,@트리트리35,0:30 이런 거 알고 있을 정도면 감독님도 그냥 죠죠러잖아,764,2025-05-25T11:40:27Z
wQPEblHZUjc,Ugz_y1sE1YRzSl4OjTZ4AaABAg,@Fort5_,"7:13
팔의 다발골절을 호흡으로 치료하질 않나
ㅋㅋㅋㅋㅋㅋㅋㅋ 맞는 말이긴한데 왜 웃기지",52,2025-05-26T11:57:01Z
wQPEblHZUjc,UgzK0uu8OUNdggICcIh4AaABAg,@요고로,놀라운건 이게 10년은 됐다는 거다,526,2025-05-24T04:49:54Z
wQPEblHZUjc,UgzciHIGAljT5RUmXS94AaABAg,@gmx_765,7:02과 같이 죠죠 오프닝 마다 주인공의 주먹이 적에게 닿는냐 안닿는냐로 결말을 표현하는 방식이 정말 마음에 듭니다,353,2025-05-24T07:39:13Z
wQPEblHZUjc,UgztDdii2KR6Aqt0Uo14AaABAg,@Solra_solRA,죠죠 오프닝이 디자인적으로 뜯어볼게 진짜 많긴하다... 진짜 프레임 하나하나에 영상 감독이 원하는 바와 만화에 대한 리스펙이 느껴짐...,80,2025-05-24T07:42:58Z
wQPEblHZUjc,UgwTvpP013ztemfmwgt4AaABAg,@SsapTman,"이분은 제가 본 디자이너중
가장날카로운 눈을 가지셨습니다
3D 20년차 프리랜서 디자이너입니다
존경합니다",27,2025-05-24T07:24:43Z
wQPEblHZUjc,UgzBOagq2mnOtkoqCp54AaABAg,@강아지3,"7:21  요동친다 하트!
불타버릴 만큼 히트!
새긴다! 혈액의 비트!",216,2025-05-24T02:27:58Z
wQPEblHZUjc,UgywoWGez1WOwR271114AaABAg,@hyeon3669,"오프닝만 감상,평가가 아니라 내용까지 다 알고있어 ㅋㅋㅋ",15,2025-05-24T10:28:40Z
wQPEblHZUjc,UgzZA5K9_nJJNGlWfbx4AaABAg,@cuslave,수상할정도로 오프닝장면속 짤막한내용을 다 알고있는,8,2025-05-24T16:15:51Z
wQPEblHZUjc,UgwjSkI3kPB8TJbxLk94AaABAg,@ljw-zp1js,많은 사람들의 극찬을 받았던 이시타니 메구미의 원피스 1015화 해주세요..,7,2025-05-24T14:53:02Z
wQPEblHZUjc,UgwTEknM7LegNK3YfDx4AaABAg,@SolChanNK,인력에 의해서 도달했습니다,155,2025-05-24T08:02:22Z
wQPEblHZUjc,UgyhKoglxayUBevQ3th4AaABAg,@cwlee_0513,"자 이제 2,3,4,5,6부도 해야겠죠?",471,2025-05-24T02:06:46Z
wQPEblHZUjc,Ugyasz0E7zezesXOhIV4AaABAg,@임성우-k4n,"1:18 불타는 장갑
1:25 칠흑의 의지
5:09 가면을 쓰는 디오의 시선인 듯
5:41 이 장면은 후에 4부에서 재탕됨",23,2025-05-24T07:36:50Z
wQPEblHZUjc,UgzlYav4A07x8OVZF0N4AaABAg,@리버쓰-x4o,죠죠러가 되어버리셨네요 3부 두번째 오프닝 부터는 정말 애니메이션 역사상 획기적인 연출이 가미된 오프닝 입니다 리뷰 기대할께요,19,2025-05-24T07:42:31Z
wQPEblHZUjc,UgwvMBqP-uAwJYZO4-F4AaABAg,@なかなかなななな,너는 다음 “죠죠라니 개쩔잖아” 라고 말한다,43,2025-05-24T09:10:16Z
wQPEblHZUjc,UgzsNCfPekPWCHbPhdN4AaABAg,@unusualguy-uuy,4:27 이건 진짜 처음 알았다,5,2025-05-25T05:06:39Z
wQPEblHZUjc,UgyPLZMfElK8uLRU1N54AaABAg,@Tallinn4491,전문적 죠죠 리액션이라니 거기에 전율해서 동경하게 돼!,5,2025-05-25T13:15:03Z
wQPEblHZUjc,Ugz8elC8yUt8ZehsLNt4AaABAg,@ggg9692,진짜 가둬놓고 리뷰만 시켜드리고 싶네요,79,2025-05-24T02:59:57Z
wQPEblHZUjc,Ugw3E_Dbd9i5IGTcjbR4AaABAg,@Gnarrr,"일본의 JRPG 게임인 페르소나 5 오프닝 혹은 UI 디자인 리뷰해주세요!! 
디자인 부분에서 굉장히 큰 호평을 받은 게임이라 전문가의 시선으로 바라보는 리뷰가 너무 궁금합니다!!!",7,2025-05-26T18:08:20Z
wQPEblHZUjc,UgzNMwep0v48QR-EgSp4AaABAg,@Rendezvous_to_Mars,6부에 이어 7부 리뷰까지 볼 생각하니 행복함 ㅋㅋㅋㅋㅋㅋ,4,2025-05-25T15:18:28Z
wQPEblHZUjc,UgwXV7oAczkxae99Xip4AaABAg,@팔주니입니다만,골익레로 되돌려서 다시보고 싶은 영상이다...,5,2025-05-24T14:26:58Z
wQPEblHZUjc,UgxsEPdchhoTzuFM8oV4AaABAg,@user-jz5iu7zl1z,5:08 초는 가면의 뒷면을 보여줌->가면 착용하는 시점 ->경찰과 마주치고 총알 발사 -> 가면을 쓴 채로 총알에 맞는걸 표현한거같네요. 천천히 보니까 디테일이 하나하나 다 보이네요.. 신기,380,2025-05-24T05:04:16Z
wQPEblHZUjc,Ugwh2ZNprwSCauSXy6p4AaABAg,@iloli003,2:36 요기 보니까 갑자기 생각났는데 코난 오프닝 리뷰 어떠신가요,3,2025-05-25T15:04:44Z
wQPEblHZUjc,UgzWgH1dvf3gAzmOJgx4AaABAg,@user-dc6ur7lv2j,죠죠볼때 특  1부부터 볼때 1부 죠죠가 최애 죠죠가 됨>>>다음 부 볼때마다 최애 죠죠가 계속 갱신됨 ㅋㅋㅋ,31,2025-05-24T13:18:32Z
wQPEblHZUjc,UgzsTc2FV4NZ6vHWF6p4AaABAg,@Denpamania,ㅋㅋㅋㅋㅋㅋㅋㅋ 다른 부들 오프닝도 리뷰해주세요,2,2025-10-24T06:54:34Z
wQPEblHZUjc,UgyptBWG4yInDYP7I6B4AaABAg,@JG-Im,죠죠는 3부 오프닝이 진짜 진국인데 리뷰 기대하겠습니다,3,2025-05-26T12:11:51Z
wQPEblHZUjc,Ugx8pyPPWcqz54_IwlB4AaABAg,@uolon9759,예전에 죠죠 1~3부 오프닝 프레임 단위로 보면서 나름 스터디했던 적이 있어요. 근데도 못 알아본 디테일들이 많았네요. 놓쳤던 부분들 세세히 설명해 주셔서 너무 감사합니다!,242,2025-05-24T02:24:04Z
wQPEblHZUjc,UgwXcO0199-ZgUFd_gR4AaABAg,@bieno8066,죠죠 오프닝중 제일 인상깊은게 4부였는대 과연 기대되네요,3,2025-05-25T07:42:54Z
wQPEblHZUjc,UgzTmWr_OkHaQ9lBbzZ4AaABAg,@요톨이,이 분 죠죠러시다.,6,2025-05-24T09:03:13Z
SOhaHFl8-fM,UgwUNKv_PrH1pN-3zBp4AaABAg,@dooky_otaku,"🚨스포시 칼차단🚨 ✅죠죠 라이브 공지✅
치지직에서 매주 토요일 밤 9시에 진행합니다! 댓글 스포시 삭제될 수 있습니다.

▶이 영상의 생방송 풀버전 : https://www.youtube.com/watch?v=yzoSRqgWuoY

▶팬카페 [두모다찌 양성소] : https://cafe.naver.com/dootaku

▶두키는 오타쿠 치지직 : https://chzzk.naver.com/311202d1d75a5a2f256ebbf72e28ab31",8,2026-01-24T04:03:53Z
SOhaHFl8-fM,Ugz0KvQkXNnf3PLVqfp4AaABAg,@찰리35,11:52 죠죠가문의 인사법,10,2026-01-24T09:29:11Z
SOhaHFl8-fM,UgzKbxeN8GQwJOyUCSJ4AaABAg,@박주원-e8s,17:16 코노 포이ㅋㅋㅋㅋㅋㅋㅋ,11,2026-01-24T04:15:01Z
SOhaHFl8-fM,Ugzi--3Pk2am3YKA9hp4AaABAg,@icesun531,7:35 에리나 할머니가 되서도 미인인데 미국물 하도 드셔서 힙해졌엌ㅋㅋㅋㅋㅋㅋㅋㅋㅋㅋㅋㅋㅋㅋㅋ,3,2026-01-24T12:48:09Z
SOhaHFl8-fM,UgzfhlXBqV8nUgGi_pR4AaABAg,@zonjal_0,에리나 첫키스가 디온거 왤케 강조해 ㅋㅋㅋㅋㅋㅋㅋㅋㅋㅋㅋ,50,2026-01-24T03:40:33Z
SOhaHFl8-fM,UgzsqwvCszktJtawfSR4AaABAg,@디에고-f9c,오 마이 갓~ 이 명작을 이제야 보다니,8,2026-01-24T03:54:30Z
SOhaHFl8-fM,UgwRW3oT8NXLQG6kHdR4AaABAg,@배고프당1972,19:55지옥행 버스나 타라구~,4,2026-01-24T04:25:41Z
SOhaHFl8-fM,UgxX-_VM5ciNaaqbA8l4AaABAg,@zonjal_0,17:11 죠죠가 대사 예측하는거 다 이거처럼 동시에 말하는건데 연출상 띄어논거임,20,2026-01-24T04:02:38Z
SOhaHFl8-fM,UgxJU13MExe7TKn7-654AaABAg,@알고리즘에바임,호오... 아주 좋은 자세다...,3,2026-01-24T01:24:32Z
SOhaHFl8-fM,UgzsyZN8bNu5pkWiRB14AaABAg,@rejester83,"다음에 너는, ""2부가 제일 재미있음""이라고 말한다!",65,2026-01-24T00:09:01Z
SOhaHFl8-fM,UgzLIcc6vs9p_QI-NOp4AaABAg,@아닌데아닌,이제부터 진짜 죠죠만의 두뇌싸움이 시작되는 것임!,1,2026-01-24T05:21:01Z
SOhaHFl8-fM,UgxnWx9VM26qkRgNrd94AaABAg,@Nankuso611,11:44 1부에서 디오가 돌가면으로 실험할 때 쓴 할아방탱이도 피 빨고 청년으로 회춘했었잖아요ㅋㅋㅋ,1,2026-01-24T10:58:58Z
SOhaHFl8-fM,UgwzsR6moL-bhD3IYyN4AaABAg,@떡두꺼비,15:44 번외로 옛날에 뱀파이어는 거울에 모습이 비치지 않는다는 설정이 있습니다,1,2026-01-24T14:04:46Z
SOhaHFl8-fM,UgyZXDCUdI5mZScnOW94AaABAg,@실문이_silmoon466KOR,"2부의 부제목 ""전투조류(戦闘潮流, Battle Tendency)""는 ""전투의 시대""라는 뜻을 가지고 있기에, ""진짜 배틀물은 여기부터다!""라는 의미를 함께 내포하고 있죠.",1,2026-02-10T03:44:14Z
SOhaHFl8-fM,UgxvREtRriFex3N1n9V4AaABAg,@감자맨-d9s,다음에 너는 죠죠 최고! 라고 말한다!,4,2026-01-24T03:43:01Z
SOhaHFl8-fM,UgwBUmu8QceW67U4ZUV4AaABAg,@ThePebble0223,ㅋㅋㅋㅋㅋ 이데로 6부까지 😂😂,2,2026-01-24T06:24:52Z
SOhaHFl8-fM,UgwdNwzNaYwlQr0ujuF4AaABAg,@킬러퀸_mini,죠죠의 재미는 세계제에에에일!!!,12,2026-01-24T03:42:43Z
SOhaHFl8-fM,Ugw_efzjmVT5HZgd4t94AaABAg,@hyogeunie,아 역시 2부 순수재미 GOAT,1,2026-01-24T05:24:33Z
SOhaHFl8-fM,UgzpQ3NgkAiygaEosZN4AaABAg,@시원래원아빠,아  인력에 이끌려 이채널에 영상을 보게되네요.,0,2026-01-24T06:28:28Z
SOhaHFl8-fM,UgyRg046m1MgCkUYfvB4AaABAg,@이현균놀이터,12:10 저뒤로 만화 설정에서는 잠시 저일로 징역 삼 ㅋㅋㅋㅋ,0,2026-05-24T08:40:02Z
SOhaHFl8-fM,UgycZWw9lFfJKSx2Mq14AaABAg,@전민준-q7n,죠죠.. 혼자 볼 땐 몰랐는데 같이보니까 개쳐재미있네요ㅋㅋㅋㅋㅋㅋㅋㅋㅋㅋㅋㅋㅋ 이렇게 웃긴줄 몰랐어요ㅋㅋㅋㅋㅋㅋㅋㅋㅋㅋㅋㅋㅋ,0,2026-01-24T07:43:22Z
SOhaHFl8-fM,UgzS2U19kN1FmjFHKTl4AaABAg,@pinecone_0124,여기서 1부 마지막을 보고 유튭으로 3부 중간(?)까지 숙제를 떼려치고 보게 되었다... 초반엔 기묘하다 했는데 보면 볼 수록 이상하게 계속 끌려..,0,2026-01-24T18:15:34Z
SOhaHFl8-fM,Ugzoi_9JMzNslG0WIGJ4AaABAg,@찰리35,순수재미 GOAT 2부,0,2026-01-24T09:34:18Z
SOhaHFl8-fM,UgwHBoHEBQmDS8O58Yl4AaABAg,@user-tu7tt8mf1l,졸라 재밌다 ㅋㅋㅋㅋ,0,2026-01-24T13:25:57Z
SOhaHFl8-fM,Ugzhb4GowCaCQimmcB94AaABAg,@시나브,15:26 5!,3,2026-01-24T06:03:39Z
SOhaHFl8-fM,UgxPFJHaMk4nw7kE54N4AaABAg,@Sksjjskwqwa,3부가 진짜 개꿀잼인데ㅋㅋ,0,2026-01-24T04:06:55Z
SOhaHFl8-fM,UgxYln3QhkxvNy7HJbR4AaABAg,@망자쓰-v3g,렛츠 고~,0,2026-01-24T03:21:23Z
SOhaHFl8-fM,UgyZuJOm_w8zwqZwEWJ4AaABAg,@ND-48,죠죠죠죠죠 겁나 기대됩니다,2,2026-01-23T21:42:26Z
SOhaHFl8-fM,UgwbHZ4W1zAkv6sPlAF4AaABAg,@땐석기-r3n,내 최애 부인 2부를 해주다니!,0,2026-01-24T05:40:30Z
SOhaHFl8-fM,UgwwHDJ8ghQdsTxctVJ4AaABAg,@쌍절곤잘합니다,역시 전투조류가 재밌네요,0,2026-01-24T08:02:26Z
oMqeCqARV6o,Ugz-LOwawYLh0txym3x4AaABAg,@영어어묵,"1부에서 작가의 천재성을 느낀게 조나단은 에리나 장면, 디오는 강아지 폭행 장면 하나씩만 가지고 바로 캐릭터성을 바로 확립시켜버렸었죠.",341,2022-10-28T15:02:09Z
oMqeCqARV6o,UgxBpQXAuUNc1XqHQLx4AaABAg,@제타a,2부 설명회는 고증에 맞게 50년 뒤에 하시기로 마음먹으셨구나...! 젠장 앞으로 48년이나 남다니...,379,2025-06-02T13:28:00Z
oMqeCqARV6o,UgzfrBnvUPqBqffjddx4AaABAg,@Praygaka,"떨려온다 하-트!
불타버릴만큼 히-트!
새긴다! 혈액의 비-트!
선라이트 옐로우~ 오-버 드라이브!!!!",59,2022-10-28T11:27:20Z
oMqeCqARV6o,UgzUJs2eiwHCSjKqOa14AaABAg,@어붕이약캐요,"조금 어휘가 어긋난 왈도쿤을 위한
정확한 표현
파문으로 된 장미 X
파문이 실린 장미 O",194,2022-10-28T12:51:58Z
oMqeCqARV6o,Ugx5vHIUhH0rmTJsyx14AaABAg,@이지호-312,"""어이, 왈도쿤 네놈은 팬텀블러드만 설명 한다는 ""진실""의 도달 하지못한다.""",18,2022-10-28T11:48:54Z
oMqeCqARV6o,UgyrQyx_KiDHQ6oyDsl4AaABAg,@b-ver,"[파문]도 알아야 된다. [스탠드]도 알아야 한다. 그게 ""죠죠러""의 힘든 일이지.
""죠죠러가 될"" 각오는 되어있나? 난 되어있다.",91,2022-10-28T12:14:10Z
oMqeCqARV6o,UgwVU4yRUIsQRhgGAJF4AaABAg,@rattyroy6130,"죠죠의 핵심은 '간지'다. 모든 작품에 근육 한스푼, 스탠드 두 스푼, 인간찬가 다섯 스푼, 간지와 로망 한통을 섞고 아라키 특유의 화풍을 섞으면 완성되는것이 바로 '죠죠'다.",23,2022-10-28T12:26:17Z
oMqeCqARV6o,UgzwLvXpY_ms1uc6ui94AaABAg,@1q2w3e4r-s8z,역시 죠죠를 모르는 친구들에게도 죠죠를 알려주는 스피드 왈건... 우리가 하지 못하는것을 간단하게 해버려! 동경하게 돼!,300,2022-10-28T11:17:54Z
oMqeCqARV6o,UgwBklyRl_PpQWaIQ9t4AaABAg,@ehu6483,드립 이해 하려고 1부 취향안맞는데도 꾸역꾸역 보고 2부보는데 2부 취향 잘맞고 재밌어서 3부보는중 작품별로 호불호 갈리는듯,17,2022-10-28T11:20:09Z
oMqeCqARV6o,UgyPHbofUuObI6M7EzN4AaABAg,@don-f7d8h,"스탠드 설명하기에 필요한 것들 : 
3부 스탠드의 근본 설명서
4부 개념 원리 스탠드에 화살 진화형
5부 개념원리 + 심화형 레퀴엠 화살
6부 또다른 진화 / 천국
7부 ""스탠드엔 예외가 있습니다""
8부 - 4BR-",87,2022-11-06T09:36:39Z
oMqeCqARV6o,UgyQqQUO-2E8yXUrCl94AaABAg,@asphere1492,나름 죠나단 죠스타에 대해 변명을 하자면 저당시 빅토리아 에드워드 시기에는 담배가 몸에 해롭다는 인식 자체가 없어서 어린애들부터 남녀노소 아무렇지도 않게 담배 뻑뻑 피우는게 당연한 시대였어요. 심지어 조선에서도 애들까지 곰방대로 담배 뻑뻑 빨아댔음. 죠나단이 어릴때부터 담배 피워댄건 불량한 게 아니라 정상이었음.,13,2022-10-28T11:45:13Z
oMqeCqARV6o,UgxAPrFrME-AsOVdJyV4AaABAg,@choeseojin7234,"죠죠1부가 되게 인간찬가 관련된 대사가 굉장히 많은 편임 
그래서 인간찬가 관련된 대사 나올때마다 가슴이 웅장해짐ㅋㅋ",158,2022-10-28T11:35:45Z
oMqeCqARV6o,Ugyb4G5QbNmDMAbVF914AaABAg,@눈물나는고양이,"보기 전:뭐지 이 병맛은?
본 후: 이야 이건 띵작이다",369,2022-10-28T11:32:49Z
oMqeCqARV6o,Ugy7mOwY6BLoX7cBY6R4AaABAg,@김치찌개워리어,"이거보니깐 느끼는건데 마지막에 죠나단이 디오에게 
'우정'을 느낀것처럼 디오도 마지막엔 죠나단을 인정하고
몇없는 자신의 '벗'임을 인정한게 그 둘의 우정과 청춘이 
짧은 분량에서 잘 표현된것같음",74,2022-10-28T14:23:53Z
oMqeCqARV6o,Ugw0xIet5AhtNfRITs14AaABAg,@MOVIE-LRG,제목과 썸네일이 나를 이끌었다.,5,2022-10-28T11:16:17Z
oMqeCqARV6o,Ugw2klUaAIOFZmTEFtJ4AaABAg,@시아튜브-t8u,"도쿤님 덕분에 죠죠 입문해서 1부부터 쭉 달려서 지금 넷플릭스 욕하면서 6부 기다리고 있습니다… 아, 일주일에 한편씩만 봐야했는데…",24,2022-10-28T12:19:15Z
oMqeCqARV6o,Ugw0w05ByjFiEZYuCPp4AaABAg,@ukuuku507,죠죠는 1부부터 6부까지의 스토리를 관통하는 1부의 내용자체과 연출이 너무나도 기묘해서 1부부터 포기하는 경우가 많죠,8,2022-10-29T03:23:55Z
oMqeCqARV6o,UgwbWxmHLfNoipATafB4AaABAg,@ddorai_squard,"난 이것을 ""전설의 시작"" 이라고 부르기로 했다 _지나가는 죠죠러_",5,2022-10-28T12:02:14Z
oMqeCqARV6o,UgxX0EdWS4FSzRT4mpt4AaABAg,@GodSangjinTheGreat,진짜 이건 봐야 왜 명작인지 이해가 된다,12,2022-10-28T15:17:32Z
oMqeCqARV6o,Ugwa98s-LAjL1roSayR4AaABAg,@molu999,"가장 신사적인 1부 주인공
가장 도박 잘할거 같은 2부 주인공
5부 였음 그냥 보스 바로 되버릴거 같은 3부주인공
머리 건드리면 빡돌아버리는 4부주인공
마을에 마약을 없애기 위해 보스가 되겠다는 5부주인공
억울하게 빵가고서 운명에 의해 싸우게 되는6부주인공
자신이 걷기 위해 시작했다가 점점 성장해가는 7부주인공
1+1=4라는것을 증명하는 8부주인공",5,2022-10-28T12:35:59Z
oMqeCqARV6o,UgzDv72s_YS8aVazP8l4AaABAg,@user-yj1of4eq1k,이영상으로 잼민 죠죠러들이 양성되는걸 생각하니 두렵다...,5,2022-10-28T11:54:03Z
oMqeCqARV6o,UgySGKScNSx9Kp8gPOR4AaABAg,@Kevin-ps9yf,"죠죠는 그냥 봤을땐 몰랐는데 33년 넘게 장수하는 만화라는것에 놀랍다... 




8:15p.m.",5,2022-10-28T12:14:15Z
oMqeCqARV6o,UgyR2rUfpIhZetlAdNF4AaABAg,@실린이,오... 나무핥기식으로 배운 죠죠를 설명해주신다니,5,2022-10-28T11:15:27Z
oMqeCqARV6o,Ugw6zjvYfA1NfBrMaEl4AaABAg,@user-zh2uy7rj4y,"대장 2년이 지났다 슬슬.....2부.....3부......4부......5부.....더 나아가 6,7,8까지 설명해라 넌 설명회라는 진실에 도달해야만 한다.",49,2025-06-23T11:45:42Z
oMqeCqARV6o,Ugxkg95t9UFpXuzWULJ4AaABAg,@송명랑,고마워요 스피드왜건!,5,2022-10-28T11:16:43Z
oMqeCqARV6o,UgybKlSPjDA8FPKl5Cd4AaABAg,@동하김-j7x,2:41 모든일의 원흉인데?,9,2022-10-28T11:30:36Z
oMqeCqARV6o,UgyV0rj9NZ_hCFjjwCB4AaABAg,@오클-u4z,디오는 사실상 3부 포함하면 3번 부활한거나 마찬가지임,4,2022-10-28T11:49:06Z
oMqeCqARV6o,UgyJYXmLBlDfWLbjjId4AaABAg,@thy2039,16:40 머장이 깜빡했는데 이때 둘의 싸움에 휘말려 죽은 승객 부부의 아이를 에리나가 데리고 피신합니다. 2부에서 중요인물인지라...,2,2022-10-28T21:38:21Z
oMqeCqARV6o,UgwbQUzHED-oqM8ZQWB4AaABAg,@kokoko-j4s,1부 다보고 2부 보려니 1기 주인공에 푹 빠져있던 입장이라 몰입이 너무 힘들었던 애니. 보다 접기를 3번은 했을듯. 3부는 주인공은 물론 아예 내용 자체가 바뀌고,6,2022-10-28T17:33:06Z
oMqeCqARV6o,UgzDufSta8kS_2AEtkZ4AaABAg,@DIO-fk2dt,요약 : 죠나단에 대한 사랑으로 죠나단을 조질려는 디오 때문에 세계를 다 민폐끼치는 근원,3,2022-10-28T12:51:20Z
98CmCNcuV3M,UgyFQ5mTAwr4Sh4mD_h4AaABAg,@dooky_otaku,"🚨스포시 칼차단🚨 ✅죠죠 라이브 공지✅
치지직에서 매주 토요일 밤 9시에 진행합니다! 댓글 스포시 삭제될 수 있습니다.

▶이 영상의 생방송 풀버전 : https://youtu.be/wLtw3Yy6zzw?si=0MPmVmJmkZwiJxco

▶팬카페 [두모다찌 양성소] : https://cafe.naver.com/dootaku

▶두키는 오타쿠 치지직 : https://chzzk.id/dooky_otaku",6,2026-03-07T03:18:09Z
98CmCNcuV3M,UgwPiCVKVyCPz62yh4Z4AaABAg,@Draco-519,4:16뼛속부터 한국인ㅋㅋㅋ 물끄래 ㅋㅋ,24,2026-03-07T04:27:59Z
98CmCNcuV3M,UgyAFBOXh-9bfGaXyJB4AaABAg,@ROADROLLER-50,"13:18 
폴~              널
놈들의         꼬시는
술수에         거야!
넘어가면
안돼!",23,2026-03-07T03:54:23Z
98CmCNcuV3M,Ugz1AZjLA6hwTPnVuqV4AaABAg,@ROADROLLER-50,"8:00 
호스라고 
알랑가 모르겠네
너희들을 죽이고
디오에게 
돈을 받기로 
한 사람이다!",19,2026-03-07T03:59:55Z
98CmCNcuV3M,UgxGqhxMU97bFSO5_eh4AaABAg,@mollru,"""판타지나 메르헨이 아니니까요""

확실히 거울 속 세계가 있을 리가 없지",67,2026-03-07T03:43:05Z
98CmCNcuV3M,UgyUbDHIxDQM-eK3ZL14AaABAg,@시나브,1:44 뭣?! 천국?!,6,2026-03-07T04:56:40Z
98CmCNcuV3M,UgzEY8X3pPXY2_ZG2IF4AaABAg,@god-백작ye,"8:08 병신? 
아 컹크 말하는건가~?

총은 칼보다 강하다!
히야 끝내주는 명언이다~",22,2026-03-07T05:03:07Z
98CmCNcuV3M,UgzzOBgcVFaqG8NMy6B4AaABAg,@Iwant_togo_home,14:51 아 죠타로가 저 천 두른 거 상상해버렸어..,2,2026-03-08T04:11:34Z
98CmCNcuV3M,UgybCoy-PJXFuBmwcXt4AaABAg,@체리맛-도넛,여러분 오늘 저녁 라이브 참여 아시죠?😏,10,2026-03-07T03:16:06Z
98CmCNcuV3M,UgywWww2kW1QtiXWzIl4AaABAg,@Arcturus_Mengsk,이 분들 점점 죠죠 시리즈에 감염되는 듯해서 심히 공감가는군욬ㅋㅋㅋ,4,2026-03-07T06:53:28Z
98CmCNcuV3M,UgxCbcnsi1ePkgA7IPR4AaABAg,@guaen_Saturday,메카 슈트로하임을 이어가는 메카 압둘이 나설 차례인것,7,2026-03-07T03:38:38Z
98CmCNcuV3M,Ugw3sp0pNi0z5tp-lUN4AaABAg,@넥스트타임,곽효인이 맣한 거울속 세계같은건 없어요 잘기억하세요,8,2026-03-07T06:06:32Z
98CmCNcuV3M,Ugw66qYXWzzswy4HeQR4AaABAg,@시나브,21:38 츄미밍~!!!,3,2026-03-07T05:17:11Z
98CmCNcuV3M,UgzoXaxpIgxDBROyfoh4AaABAg,@yeoni17,15:06 그 발언,11,2026-03-07T04:01:00Z
98CmCNcuV3M,UgxbPsDO_4yv86xkGfd4AaABAg,@starborns_diary,14:30 화해의 악수,1,2026-03-07T04:07:44Z
98CmCNcuV3M,Ugxu5a4IdAAXKSaLgiJ4AaABAg,@kkiriko-c9n,그는... 좋은 추남이었습니다. ㅠㅠ,2,2026-03-07T05:46:27Z
98CmCNcuV3M,UgzWhO_MDQ2gJUh1R8p4AaABAg,@Josee-u5r,꺄~죽여주는 영상이다~,2,2026-03-07T04:04:11Z
98CmCNcuV3M,Ugzhho57vCnxliKdpFh4AaABAg,@죠쿠만,아이캐치도 선택사항인게  나오는 스탠드들 능력치설명이 있어서 보면 나름 재밌어요 재밌게 보고 갑니다,0,2026-03-10T03:02:20Z
98CmCNcuV3M,Ugxhrgc_jGyepiqPxIN4AaABAg,@간지켄지,이분들 나중에 5부 보고 여기 또 보셨으면 좋겠네,1,2026-03-07T05:39:33Z
98CmCNcuV3M,Ugxlarat_2ssYXlI5FN4AaABAg,@여장최고,아부두르!!,2,2026-03-07T04:19:51Z
98CmCNcuV3M,UgxhTUZHrR8_ZyeJu-V4AaABAg,@hyunsookangandjano,"총은             꺄~
칼보다          죽여주는
강하다          명언이다
~!                 ~",1,2026-03-07T11:19:43Z
98CmCNcuV3M,UgzpckAz-53YKqzdip94AaABAg,@konodio123,11:40 시저를 남창으로 만드네 ㅋㅋㅋㅋ,0,2026-03-08T03:40:47Z
98CmCNcuV3M,Ugzv-fS2_-ApJ3uVimN4AaABAg,@hyogeunie,21:24 ㅋㅋㅋㅋㅋㅋㅋㅋ,1,2026-03-07T05:35:28Z
98CmCNcuV3M,UgzIYhJOMHyKiwpQagF4AaABAg,@리버쓰-x4o,오늘도 흥미로운 린도린도린도 왼손이 오른손이라니 기매키죠 오늘 레프트핸드는 없는걸로 치면 되겠습니다 아 이러면 큰일 뒷처리는 없는거나 마찬가지,0,2026-03-11T12:05:38Z
98CmCNcuV3M,Ugzj7lydGIaDDFrTJ3t4AaABAg,@시나브,15:07 엌ㅋㅋㅋㅋㅋㅋㅋㅋㅋㅋㅋㅋㅋㅋㅋㅋㅋㅋㅋㅋㅋㅋㅋㅋㅋㅋㅋ,0,2026-03-07T05:10:15Z
98CmCNcuV3M,UgzKFbCsfEtOXsBRlrF4AaABAg,@AngleFive,거울속 세계 ㅋㅋㅋㅋㅋㅋㅋ 크흠,1,2026-03-10T04:09:56Z
98CmCNcuV3M,UgzXWdDN2Qp3gqUAC_R4AaABAg,@ilovepocoroco,츄미밍~,2,2026-03-07T03:55:41Z
98CmCNcuV3M,UgyK6Hkqsxkqxrt0Y4N4AaABAg,@가암-h3s,내 앞에서 죽지 말란말이다. 젠장!,1,2026-03-07T03:17:25Z
98CmCNcuV3M,UgxVHxwbmxyAL7VBP3h4AaABAg,@Baekje_eoraha,다음 레슨이다… 츄미밍~ 오라오라오라오라오라!,0,2026-03-07T23:26:21Z
98CmCNcuV3M,Ugxu1IO9ytAdVOY9nm94AaABAg,@lastcolor5335,폴나레프 헤어스타일이 킹오파의 베니마루 같은 ㅋㅋ,0,2026-07-02T00:15:13Z
1bZw3K50B1w,Ugx0O75L0XSMqERuWkF4AaABAg,@dooky_otaku,"🚨스포시 칼차단🚨 ✅죠죠 라이브 공지✅
치지직에서 매주 토요일 밤 9시에 진행합니다! 댓글 스포시 삭제될 수 있습니다.

▶이 영상의 생방송 풀버전 : https://youtu.be/9kdBoCNm56Y?si=6wWjdxvWwiwjMVKv

▶팬카페 [두모다찌 양성소] : https://cafe.naver.com/dootaku

▶두키는 오타쿠 치지직 : https://chzzk.naver.com/311202d1d75a5a2f256ebbf72e28ab31",1,2026-02-07T03:38:43Z
1bZw3K50B1w,UgziipI9UFmaaSqMVfl4AaABAg,@sdlkfenwk25,9:11 그... 선생님... 하루는 24시간입니다,35,2026-02-04T11:35:56Z
1bZw3K50B1w,UgyNwK0lHaGj9dBaVz54AaABAg,@실문이_silmoon466KOR,"리사리사 역 故타나카 아츠코 성우님, 에시디시 역 故후지와라 케이지 성우님의 명복을...",70,2026-02-04T11:23:06Z
1bZw3K50B1w,UgxVrPYyzBjhtPDbNIR4AaABAg,@권민찬-f3w,"팔이 잘렸을 때 대처법

화를 내며 소리치기 : 현학적이고 뻔한 클리셰, 전략적인 가치가 없음, 본인의 판단력이 저하될 가능성이 존재

*HEYYYY!!!!! 너무해애ㅐ ㅠㅠㅠ* : 상대방의 예측을 피할 수 있음, 정신상태를 침착하게 만들어 지능을 올려줌, 전개가 재밌어짐",14,2026-02-04T17:07:32Z
1bZw3K50B1w,Ugy1hCq8xKQ0ixbxDcJ4AaABAg,@마더핸드파이,14:09 사실 사람이면 누구나 급소야...,15,2026-02-04T11:28:59Z
1bZw3K50B1w,UgxOlqbFb2MPAK-Wqct4AaABAg,@애매모호머한쿤,"덕분에 죠죠 애니메이션 전부 시청한지 오래되었지만, 다시금 재미있는 리액션으로 정주행하게 되어서 즐거웠습니다.",10,2026-02-04T11:46:14Z
1bZw3K50B1w,UgxunLrkWf_fY-eFnON4AaABAg,@Iwant_togo_home,16:05 ㅋㅋㅋㅋ 귀여우시다,4,2026-02-04T13:42:41Z
1bZw3K50B1w,Ugyl4KYn_tMVThBfvnl4AaABAg,@EMPTYCAN_CH,16:04 서로 눈빛도 안 나누고 합 맞추듯 자세 잡는 게 킬포임.,1,2026-02-05T04:35:45Z
1bZw3K50B1w,UgwdAJ9-4tTT0IO-HwV4AaABAg,@떡두꺼비,16:16 두분다 벙찌는거 개웃김ㅋㅋㅋㅋㅋㅋ,1,2026-02-07T11:04:36Z
1bZw3K50B1w,UgztxfMkaM7wi-cA1BZ4AaABAg,@미니-m6z,14:10 포이쿤....아....악마다이....,2,2026-02-04T16:51:28Z
1bZw3K50B1w,Ugw9WhY7AWxFD_739pN4AaABAg,@초콜라타-r7p,벌써 3부 기대되는 죠죠러면 개추,11,2026-02-04T11:25:50Z
1bZw3K50B1w,Ugx8jFhtqp2nbo5KE9t4AaABAg,@ROADROLLER-50,"17:33 라오는       불꽃의
           바람을       사나이라고
           쓰지만       불린다!
           나는
           불을 써",20,2026-02-04T11:31:34Z
1bZw3K50B1w,UgywVr-k8NPfhxnTc9N4AaABAg,@심봉이,14:10 기겁하는거 개웃김 ㅋㅋㅋㅋㅋㅋㅋㅋㅋㅋㅋㅋㅋㅋㅋ,14,2026-02-04T11:30:44Z
1bZw3K50B1w,Ugw5uH224hu0VVj_Z7l4AaABAg,@Iwant_togo_home,"죠죠 약 2달 전에 입문한 사람인데...
다시봐도 너무 재밌어....",3,2026-02-04T13:26:16Z
1bZw3K50B1w,UgzryM_F6Pu4sryKiGJ4AaABAg,@시나브,"16:57
 후휴~ 후련하다...
난 성격이 이상해서 너무 화가나면 울어서 그 화를 식히지!",4,2026-02-04T11:48:57Z
1bZw3K50B1w,UgxQiLj3_SJghtmunq14AaABAg,@ppw9kg,"16:03 이제야 이 기묘한 감성에 적응해 따라가나 싶었으나, 바로 다음 장면에 벽느끼고 병쪄버린😂",0,2026-02-05T11:21:04Z
1bZw3K50B1w,UgzAacspmq1OApZXUmZ4AaABAg,@Ash_angungnyu,19:20 ???:얼라 순진하긴 금새 그렇게 들켰다고 얼굴색이 변하면 어떡해 이 순진한 놈아~!,1,2026-02-04T12:14:05Z
1bZw3K50B1w,UgzPlMyQ3UTJjIftcqt4AaABAg,@pinecone_0124,두분 덕분에 5부까지 쭈욱 봤습니다! 죠죠는 제 인생작입니다! 너무 재밌고 항상 볼 때마다 웃고 있는 제 모습을 볼 수 있었습니다. ㅎㅎ,2,2026-02-04T12:20:06Z
1bZw3K50B1w,UgwnbhvPiWMpYArAXfV4AaABAg,@여장최고,기대가됩니다!!!!,2,2026-02-04T11:30:51Z
1bZw3K50B1w,UgzVMKr9WibpEK0_pjV4AaABAg,@ND-48,드디어 두키님이 죠며들었다 ㅋㅋ,0,2026-02-05T02:45:53Z
1bZw3K50B1w,UgxjsgVMLlshckq-cPt4AaABAg,@과학박사-k8i,11:18 오ㅋㅋㅋ일본어 개고수ㅋㅋㅋ,4,2026-02-04T13:59:38Z
1bZw3K50B1w,Ugy3GpDu5Fi0mkiAi-l4AaABAg,@fushi9iri,14:09 '악마새낀가' 하는 표정ㅋㅋㅋ,4,2026-02-04T11:31:30Z
1bZw3K50B1w,UgzKg1ZgOwxaNxoLDgp4AaABAg,@yeoni17,시저 호감스텍 쌓일때마다 마음이 훈훈해지네요,0,2026-02-06T07:54:18Z
1bZw3K50B1w,UgyPnY6oREd3LGdWrDN4AaABAg,@그거있잖아그거그거,이것만을 기다렸다,0,2026-02-04T11:44:53Z
1bZw3K50B1w,UgxiA9xpLICV4GZm7Hh4AaABAg,@user-yoonyoonyoon,3:28 시저 표정보소,8,2026-02-04T11:57:25Z
1bZw3K50B1w,UgwzE6fL42xja98FNgd4AaABAg,@hsb84,2부가 진짜 최고이긴함,0,2026-02-04T12:00:13Z
1bZw3K50B1w,UgzEvf2fZg-QgqcM1qp4AaABAg,@그로구로그로구,"7:46 
우와~
왕기름
바다다
~!",1,2026-02-04T11:40:29Z
1bZw3K50B1w,UgwCkM4RP-WtNfuU8mx4AaABAg,@tottoli,드디어,0,2026-02-04T11:59:08Z
1bZw3K50B1w,UgxeX_hqzr789ZLN4Ph4AaABAg,@종이-t9m,중간에 조용해지면서 서로 쳐다보는게 개웃기네 ㅋㅋㅋㅋ,1,2026-02-04T14:08:27Z
1bZw3K50B1w,UgznjxVPb1535HpTSh54AaABAg,@tottoli,❤,0,2026-02-05T04:23:28Z
abilgydjDww,Ugz0xhA-mO3Xp3GNbyl4AaABAg,@Snxnxnsjxnsnsns,"”여긴 이미 만원이다“
ㅅㅂ 진짜 존나 무섭노ㅋㅋㅋㅋㅋㅋㅋㅋ",336,2025-06-18T09:22:01Z
abilgydjDww,UgzJgrvLl0-HXkFeHQp4AaABAg,@행운의따봉도치jpg,3:03 이것만 안했어도 입원일 반은 줄지 않았을까,11,2026-04-23T05:32:44Z
abilgydjDww,UgxIvfFeMsfEIdt_y5V4AaABAg,@Asfrdvs,3:55 숨 안막히나;;,23,2025-03-30T04:11:14Z
abilgydjDww,UgyTTD9R6IZGzCFFOs94AaABAg,@amulora,어떻게 이렇게 1~6부까지 개성적일 수 있는지 모르겠음... 주인공이나 작 분위기나,268,2023-11-28T09:33:59Z
abilgydjDww,UgzpKam3g2w1sjJMMVF4AaABAg,@NONAME-wc8ot,그래도 역시 최종보스 오라러쉬 갈겨서 몸에 바람구멍 내는건 진짜 임펙트가 ㅋㅋ,23,2024-04-11T08:04:25Z
abilgydjDww,UgzkrLA0qzJH3rDlRUF4AaABAg,@hsb84,다른건 몰라도 죠타로vs디오는 주인공vs보스 보단 걍 보스vs보스전 같음 ㅋㅋㅋㅋㅋ,1458,2023-05-30T11:04:57Z
abilgydjDww,UgxoREVgk6nZix7hyzN4AaABAg,@theworld8847,"이제보니  러시효과음도 계승받네..ㅋㅋ
디오-죠르노 무다
죠타로-죠린 오라 ㅋㅋㅋ",14,2025-08-31T09:29:41Z
abilgydjDww,UgxeXM3u2z7VKpvvssV4AaABAg,@Zong-taku-gay,죠죠는 합성소스가 많아서 좋음,78,2023-04-26T06:44:54Z
abilgydjDww,UgwVRB6I_HoaSShH02R4AaABAg,@제발몸성히전역,"4부 명장면은 최종전인데....
""꺼내라...네놈의....킬러 퀸을....""
이대사칠때가 ㄹㅇ 지림",963,2023-10-15T08:25:37Z
abilgydjDww,Ugx6AmqF1KhbCtp0-qF4AaABAg,@자몽치즈,죠린 세 가지만 기억하는게 개인적으로 기억에남는 에피..ㅠㅠ 어떻게든 안잊으려고 했던모습이..ㅠㅠ,224,2023-08-18T17:19:25Z
abilgydjDww,UgzjLQfQ1oq9bSKUd8R4AaABAg,@BottleOScrumpe9981,6부는 뭔가 다른 부보다 과학적 지식을 바탕으로 전투가 진행되는 느낌이 강한 듯. 덕분에 순수 산소를 마시면 X된다는 것도 알게 됨.,500,2023-09-13T13:07:17Z
abilgydjDww,UgxihAU0A3RLrKrH4Ad4AaABAg,@흔-c6l-q7l,2:01 ㅋㅋ순수 인간 피지컬에 파워형 스탠드면서 스탠드 파워로 공중을 나는거부터 충격적임 ㅋㅋㅋㅋㅋㅋㅋㅋ,170,2024-12-30T02:01:05Z
abilgydjDww,Ugx2GbEFyoTGDPX3gfN4AaABAg,@neonsign4956,죠나단 십ㅋㅋㅋㅋㅋ 피지컬 하나로 러쉬조지는건 언제봐도 존나웃기네ㅋㅋㅋㅋ,8,2025-03-25T06:04:39Z
abilgydjDww,UgyXnV_XMGDXCxZlL5N4AaABAg,@A-ljqwerty8,죠나단은 신체가 스탠드다.,111,2023-08-19T13:43:29Z
abilgydjDww,UgzTiwbyQVz3H7RKqY14AaABAg,@바잘이,"3부 최고 명장면은
다비 더 겜블러와의 대결 이라 생각합니다
자!
걸거냐 말거냐!
확실히 말해라! 다비!",10,2025-06-01T00:25:06Z
abilgydjDww,UgwufkxCHTPQOkPvtS54AaABAg,@최루탄복어,파문은 파문만의 낭만이있다,20,2024-03-09T18:43:07Z
abilgydjDww,UgzZCC_sNz6_T9cPgd14AaABAg,@BreadoYugun,아무리 봐도 죠나단은 스탠드를 그냥 피지컬로 상대할 수 있을 것 같은 녀석이야,106,2023-12-10T07:00:26Z
abilgydjDww,UgxnD-9gU5PcObGXJXt4AaABAg,@Yakibottle,"진짜 죠죠는 인생명작인듯
내용이 다 기억나네 ㄷㄷ",20,2024-02-24T08:34:44Z
abilgydjDww,UgzwKprWAreNkOd6iaB4AaABAg,@박천휘-h2t,죠셉 명장면은 완전생물 야바위가 명장면일거라고 생각했는데 아니었네요,42,2023-06-02T11:54:02Z
abilgydjDww,UgyWjRKB-1P1xzpbjn14AaABAg,@삑-c4m,다른애들에 비해 죠스케는 왜이렇게ㅋㅋㅋㅋ 2:36,2,2026-05-10T01:38:30Z
abilgydjDww,Ugym32U1XZXwC4jw9ZB4AaABAg,@hyunhooooo151,"1부:파문이라는 이름의 햇빛으로 잡는다
2부:두뇌와 파문을 사용한다
3부:일단 주먹을 쥔다
4부:누구든 머리를 욕하면 죽는 거야
5부:보스는 죽지 않아요
6부:가속화로 빨리 죽는다
7부:굴러가는 공으로 무찌른다
8부:버블버블 버블팝",300,2023-09-25T05:51:49Z
abilgydjDww,UgxNeQjajWGXlu35W154AaABAg,@DKZZ-b,2:35어니 설직히 키시베 로한도 머리 옆우로 더ㅐ어있고 기영이 머리 뒤집어 놋고 초록색 하고 그런놈 이 죠스케 한테??,47,2023-05-20T13:07:48Z
abilgydjDww,UgxAmAXZcKXBmfdV_BZ4AaABAg,@soko_o_doke,순수 힘으로 영체랑 붙는 조상님..,4,2024-12-28T02:56:09Z
abilgydjDww,Ugzx-UQqCDNvGolmeIN4AaABAg,@Awhsishshw,죠나단은 진짜 괴물이다..,167,2023-06-07T09:05:46Z
abilgydjDww,UgyOKUElcJpfPtJxmRd4AaABAg,@Plus_ting22,난 골익레가 러쉬조질때 나는 쫀득하고 찰지고 뾱뾱거리는 소리가 좋더라,4,2025-02-28T21:34:27Z
abilgydjDww,UgznEWg6HHQxmvzC9wN4AaABAg,@Nadajwa,6부의 저장면은 웨더가 조린한테 우주복 주는장면이 임펙트가 엄청큰데,19,2023-07-22T03:29:19Z
abilgydjDww,Ugx6hOrSJgFFfn7rI4V4AaABAg,@좌코미노.과르디아노,죠린은 뫼비우스의 띠가 ㄹㅇ 명장면인데,66,2023-05-05T13:12:54Z
abilgydjDww,Ugx9X-XpQR_3pTc6yVp4AaABAg,@미츠루-d6l7l,5부 황금의 바람의 무다무다가 진짜 시원 그 자체임..!,0,2026-06-26T11:07:04Z
abilgydjDww,Ugx8dCZq57jyaoXU-GJ4AaABAg,@Zenin-Naoya-Woman-Hater,"리뷰에선 없던 장면들이 있어서 좋네용
굳",55,2023-04-22T23:48:09Z
abilgydjDww,UgwwULtP9zyZvyrLLBZ4AaABAg,@J.O.A.T123,00:14 초 브금이 죠죠부금 탑3에 든다 진찌,16,2026-04-14T16:16:26Z
WugLhJub11Y,Ugw1iHXLT5r3iipN0-B4AaABAg,@진삐-Jinbbi,처음에 제일 간지늠 지지직 하는거,17,2025-09-03T12:10:11Z
WugLhJub11Y,Ugy4iKU8oHUv8oF_kvh4AaABAg,@이민재-c3f4y,이것이 『레퀴엠』이다.... 네가 보고 있는 건 틀림없는 『진실』이다 틀림없이 네 능력이 실제로 일으킬 『움직임』을 보고 있다. 하지만.실제로 일어날 『진실』에 도달하는 일은 절대로 없다. 내 앞에 서는 자는 어떤 능력을 갖고 있어도 절대『진실』에 도달할수없다,76,2025-03-12T09:37:30Z
WugLhJub11Y,Ugx2mqXWdOjtqJvvSSV4AaABAg,@청산남-s8z,"""넌 이제 어디로도 갈 수 없다. 특히... 『진실』에 도달하는 건... 절대로!""",68,2024-11-30T12:14:10Z
WugLhJub11Y,UgwdLwbbqym4b6Qap7x4AaABAg,@이예령-j4g,간지의 브금이다 ㅋㅋ,3,2026-01-26T03:54:25Z
WugLhJub11Y,UgwW0K8zREm0pG6Yrcp4AaABAg,@나는김판춘빵빵이,이 죠르노죠바나에게는꿈이있다,2,2026-02-18T23:37:57Z
WugLhJub11Y,Ugxpnsx2qv7x0tBa2R14AaABAg,@김범순-i6n,공부하면서 듣기 좋은 노래,45,2025-01-13T06:58:35Z
WugLhJub11Y,Ugw7LI6Gk11dRJxT7_V4AaABAg,@치콩듀,0:03 ㄷㄷ,0,2026-06-04T08:41:32Z
WugLhJub11Y,Ugy9bQad6jQUICcm3pV4AaABAg,@lsuxyczz,우린 모두 운명의 노예다,0,2026-06-17T12:31:12Z
WugLhJub11Y,UgzduLy-38XnzGvmDBh4AaABAg,@서인-i5z,노래 조타,0,2026-04-30T11:16:46Z
WugLhJub11Y,UgzAYkLTnURjTCgUDuB4AaABAg,@QST67,"""이것이 『레퀴엠이다』."" 너가 보고 있는 것은
틀림없는 『진실』이다 틀림없이 너의 능력이 실제로
일으킬 『움직임』을 보고 있다 그러나 실제로 일어날
『진실』에 도달할 일은 절대로 없다 내 앞에 서는 자는
어떤 능력을 지니고 있더라도 절대로 도달할 일은
없다 이것이 『골드 익스피리언스 』레퀴엠 이 일은
나를 다루는 죠르노 죠바나조차도 알 수 없다.

무다무다무다무다무다무다무다무다무다무다무다무다무다!

넌 이제 어디로도 갈수 없다.
특히, 『진실』에 도달할 일은 절대로...",3,2026-04-20T12:53:52Z
WugLhJub11Y,UgwNDVoSNPzu87elRMd4AaABAg,@홍채호-f9c,넘좋다,3,2024-12-13T08:31:59Z
WugLhJub11Y,UgzPBOt0CrfRfsaBO5B4AaABAg,@lsuxyczz,우린 죠죠러에서 탈덕하지 못하는 [진실]에 도달해있다,0,2026-06-17T12:32:17Z
WugLhJub11Y,UgzGCjtLuMDpzOOtrgp4AaABAg,@gwanwoo88,2:57,0,2026-06-30T10:57:18Z
WugLhJub11Y,UgxVam4OqTSnruYu7Md4AaABAg,@its976,하이라이트만 좋은곡,1,2026-03-07T08:01:25Z
WugLhJub11Y,UgwfgcosfYtyoz2fsDZ4AaABAg,@ReveArty0586,"G.E.R 간지를 참지못해 그려버렷!!!!!! drawing MV
link: https://youtube.com/shorts/dB9ffhc75Ic?si=16I1HV1s663JqlvD",2,2026-01-23T23:14:11Z
WugLhJub11Y,UgwhPHRX9a3U7dTLoSt4AaABAg,@홍채호-f9c,죠죠,1,2024-12-13T08:31:45Z
WugLhJub11Y,UgwlbVFuk9jposQEcjF4AaABAg,@큐티태현,굿굿,3,2024-10-25T13:57:23Z
WugLhJub11Y,UgwmfZKB3cZ-zFanT1t4AaABAg,@꽝인-r6r,큿소…,1,2025-01-22T09:24:00Z
WugLhJub11Y,Ugy54fSItlBGIrLWF0R4AaABAg,@MMounggchi_1,계란말이 계란볶음,0,2026-06-22T07:30:19Z
WugLhJub11Y,UgwUE8yCIxNFdS7D63p4AaABAg,@하-겐-다-즈,JOJO!!! GOD WIN!!,6,2025-01-03T15:56:10Z
WugLhJub11Y,UgxYMo_UjWykLDB9yKd4AaABAg,@히스토리아-레이스,"진격의 거인이 아닌 역사랑, 귀칼, 사이키 쿠스오 그리고 사카모토 보는데 좀 그럴뻔한 장면 나와서 포기하고 하이큐 시청 중인데 죠죠 볼까요 체인소맨 볼까요",2,2026-02-28T01:44:51Z
WugLhJub11Y,UgziEx-cnak-qAlL3Qt4AaABAg,@남이준영-b8r,에니 추천좀,0,2026-05-25T02:21:13Z
WugLhJub11Y,UgxZEA44SclD-HJcmGF4AaABAg,@나는치코가되겠어,"これが『レクイエムだ』だ。「あなたが見ているのは
間違いのない『真実』だ 間違いなくあなたの能力が実際に
起こす『動き』を見ている しかし、実際に起こる
『真実』にたどり着くことは決してない 私の前に立つ者は
どんな能力を持っていても、決して到達できることは
ない。これが『ゴールドエクスペリエンス』レクイエムの件だ
私を扱うジョルノ・ジョバナさえも分からない。

ムダムダムダムダムダムダムダムダムダムダムダムダムダムダ！

君はもうどこへも行けない。
特に、『真実』に到達することは決して···",3,2026-04-30T22:40:13Z
WugLhJub11Y,UgxbO-0JDWcH8ATIJGd4AaABAg,@Onanana365,원신유저VS젤다유저(젤다유저 승),10,2025-03-15T13:29:27Z
WugLhJub11Y,Ugw8YtqsEJ70Z7ZCbHx4AaABAg,@탈모탄1조,"넌..이미죽어있다..!
???:나닛??????",1,2025-04-13T01:11:11Z
WugLhJub11Y,UgwrCXlXjneULCBE3q94AaABAg,@dkssudgktpdy-b4w,근데 죠죠가 재밋긴 함?,1,2025-09-05T15:09:00Z
WugLhJub11Y,Ugz0B_9Kp6lrMZVNXat4AaABAg,@TheWorld-58X,이것이 『레퀴엠』이다.... 네가 보고 있는 건 틀림없는 『진실』이다 틀림없이 네 능력이 실제로 일으킬 『움직임』을 보고 있다. 하지만 실제로 일어날 『진실』 에 도달하는 일은 절대로 없다. 내 앞에 서는 자는 어떤 능력을 갖고 있어도 절대 『진실』에 도달할수없다,1,2026-03-14T10:07:49Z
WugLhJub11Y,UgwBD4KveHhGXeTlWlh4AaABAg,@파이리아이싯데루,이것이 『레퀴엠』이다.... 네가 보고 있는 건 틀림없는 『진실』이다 틀림없이 네 능력이 실제로 일으킬 『움직임』을 보고 있다. 하지만.실제로 일어날 『진실』에 도달하는 일은 절대로 없다. 내 앞에 서는 자는 어떤 능력을 갖고 있어도 절대『진실』에 도달할수없다,0,2026-06-22T10:42:17Z
tHsH7IODff4,UgwXjpS0-bFV-zkmRfV4AaABAg,@yoshi_yoshimi_yoshimitsu,6:24 여기 존나 꼭두각시같음ㅋㅋㅋ,93,2023-01-10T18:50:01Z
tHsH7IODff4,UgwZU-9Aci-AgT8j5gN4AaABAg,@gkeka34,5:20 이장면볼때 극락 ...,301,2023-05-20T01:08:14Z
tHsH7IODff4,UgwCSWuYV8dLA5kq_Ex4AaABAg,@user-nx8br3fe8x,0:50 리액션 ㅈㄴ ㅋㅋㅋㅋㅋㅋ,316,2022-07-02T11:31:42Z
tHsH7IODff4,UgztlobxIf9Mt_KyZkJ4AaABAg,@meone0816,5:21 속시원,43,2022-12-03T12:31:28Z
tHsH7IODff4,Ugygn7BIiAuuPU6Eq4J4AaABAg,@로로드-y5d,9:05 크와아아아아 그래 이거지,37,2022-09-13T08:59:12Z
tHsH7IODff4,UgzkC_MNMNGhpKlw0bl4AaABAg,@poh1913,3:00 브금 봐,66,2022-04-06T05:18:47Z
tHsH7IODff4,Ugz-KSfi6l5_uXN1zOp4AaABAg,@김진우-h2r,DIO넌 죠스타 가문의 폭발력을 잊어버려서 진것이다.,132,2022-01-13T01:02:45Z
tHsH7IODff4,UgwCzNN1rPyroda05r94AaABAg,@user-um8nw3iu1v,8:37 죠타로가 시간 멈추면서 먼지 안날라가는 디테일,446,2023-05-02T18:39:15Z
tHsH7IODff4,Ugz6psB8J8Ds0Z-nfPN4AaABAg,@Giljook81,6:35 으리으리 한 자세,22,2022-12-16T14:55:24Z
tHsH7IODff4,UgyDTqolmhgTzrsyw094AaABAg,@서리태-o8s,"오라오라오라오라오라오라오라오라오라오라
무다무다무다무다무다무다무다무다무다무다 ㅋㅋㅋㅋㅋㅋ 기합소리가 젤 웃긴거같음",13,2023-10-16T12:18:18Z
tHsH7IODff4,Ugzw9hus_xfliicE58p4AaABAg,@user-rf7li6gs4u,10:10 눈동자 사라지는 디테일ㄷㄷ,47,2023-04-23T12:56:27Z
tHsH7IODff4,UgxmNS5Lz8fzNzWR12F4AaABAg,@Duengsin,"9:48 걸렸구나, 죠타로! 이것이 *천국* 으로 향한 도주경로다!!!",101,2023-02-10T21:24:46Z
tHsH7IODff4,UgwxokuQSbBJk4da9PJ4AaABAg,@이방인-v6o,"이게 헌터헌터, 원피스 등등 능력자물의 원형인 만화였군요.. 정말 대단함",321,2023-04-16T10:51:51Z
tHsH7IODff4,UgwVKdcgfwz7Svtwv514AaABAg,@hclee4435,다른 만화는 주인공이 보스를 물리칠려고 하는데 이 만화는 보스가 주인공 쓰러트릴려고 노력함ㅋㅋㅋㅋㅋ,730,2022-05-07T00:55:33Z
tHsH7IODff4,UgzV1Q2m2C1YFvnMYPt4AaABAg,@아이-n9c6j,10:06 이..DlO가...!,8,2022-02-20T12:56:11Z
tHsH7IODff4,Ugy2zpR9sMCdsHWeDj94AaABAg,@WoodKingGood,0:31 착한 사람 한태만 보이는 스탠드,519,2023-01-30T00:08:15Z
tHsH7IODff4,UgxJYktaRc3KnjwZYJh4AaABAg,@김동환-s1t,디오 걍 존나 웃김 ㅋㅋ,28,2023-05-16T18:19:09Z
tHsH7IODff4,UgxJ087Rn2Ojg26JB1h4AaABAg,@ec7594,오랜만에 봐도 자막이 진짜 미친 거 같다 허사허사허사허사허사허사허사 이런 거 보다가 이거 보니 진짜...,254,2023-01-22T22:26:17Z
tHsH7IODff4,Ugw_dJSupektp9JI9-J4AaABAg,@pdoor-y2s,6:17 주인공 아버지가 죽었는데 도오옹 ㅇㅈㄹ ㅋㅋ,13,2023-09-05T14:06:00Z
tHsH7IODff4,UgxVmRvCbvWqVTBdidB4AaABAg,@유튜브찍는헌터퐝,8:03 로드롤러다!!!!!,25,2023-03-18T02:49:21Z
tHsH7IODff4,UgynHijnf4hpvZCRZyd4AaABAg,@user-um8nw3iu1v,죠죠 3부를 처음 접했는데 타격감 줙이네,31,2022-02-02T05:07:25Z
tHsH7IODff4,UgxuD_zEtBOLqfpmdfh4AaABAg,@Intzero-0,5:33 여기서 디오 이마가 사라지고 못생겨짐;;;,6,2025-01-23T07:28:36Z
tHsH7IODff4,UgwtF-rh42MpGzMZ9Q14AaABAg,@hiru하이루,5:53 과자 씹는 소리,5,2024-05-24T06:58:57Z
tHsH7IODff4,UgyLaP-NEL_Su9UDXwt4AaABAg,@H0it2,5:36 나만 피빠는 효과음 들리는건가?,20,2022-04-15T23:47:22Z
tHsH7IODff4,Ugw_Jsm0fXSvL9UAr7h4AaABAg,@또도가스-d6b,5:54 정신병자 디오...,100,2022-01-23T09:14:18Z
tHsH7IODff4,Ugz-slXV1arx5W-bucd4AaABAg,@hyunsoo0458,진짜 오랜만에봐도 감탄스럽네,28,2022-12-08T02:47:35Z
tHsH7IODff4,UgzvqOimUMdQ4djKh9d4AaABAg,@wkghks7255,"근데 6부 죠타로 너무 너프되기는했지
파리처럼 작은 스탠드도 잡는 정밀도랑
흡혈귀몸에 바람구멍 내놓는 파괴력을 가진 스탠드인데 물 스탠드한테 당하고 
기습으로 디스크 뺏기고",52,2022-10-08T14:12:08Z
tHsH7IODff4,UgwWiqYHY56oidyEZ_94AaABAg,@DeepCrimsonBlood,"9:24과정이나 방법 따위...
어찌되든 상관없단 말이다!",5,2022-04-29T18:27:52Z
tHsH7IODff4,UgyLMySqzRIvJ_f33Xp4AaABAg,@아이스-u4d,"3부:10분정도에 시간멈추는거 암
2부:어 디오다 (2초후) 어 시간멈추는 능력이네?",3,2023-08-09T10:44:49Z
tHsH7IODff4,Ugzb_Ego6B5uZrPdYQZ4AaABAg,@메드군-l5o,"매력 과 광기 넘치는 DIO 는
악역 중에서 무척 멋집니다.
사스가, 코야스 타케히토.
광적인 연기력이 굉장합니다.",572,2022-02-26T12:33:55Z
Du_sVGIYYnk,UgwJ3aIhE3qkbi8hvMx4AaABAg,@hg.1004,0:03전설...!,110,2022-02-25T11:54:24Z
Du_sVGIYYnk,UgwhXlZ0c-fBcofn2Wx4AaABAg,@ladolche_vita,이 브금이 최고인듯...,62,2022-12-16T10:58:34Z
Du_sVGIYYnk,Ugw_sAwkA3Mtfj-Gp_h4AaABAg,@lh1435,"보스가 줫된걸 느끼고 앞에서 주절주절 떠들면서 허세부리는거 끝나자마자 , "" 이것이  , 레퀴엠이다. "" 한 마디 내뱉고 썰어버리는게 줫간지였음",57,2023-06-07T08:11:45Z
Du_sVGIYYnk,Ugz4P7M3gNKQbDwK4j14AaABAg,@김축구공2세,"너가 듣고 있는 이 노래는 ""틀림없는 진실""이다.",11,2022-10-29T15:03:55Z
Du_sVGIYYnk,UgzsQXikAClC7FBZv6p4AaABAg,@모깅입니덩,노래너무좋다 힐링댄다,27,2023-03-11T06:00:21Z
Du_sVGIYYnk,Ugy1iso7acR8l4IR8Xd4AaABAg,@Clade_435,죠죠 자체를 몰랐을 때는 죠르노가 처형당하는 브금인 줄 알았는데 ㅋㅋㅋㅋㅋㅋ,32,2023-10-29T00:12:55Z
Du_sVGIYYnk,Ugw2VD7AK9P3EpzzHJV4AaABAg,@정재훈-r6i,너는 영상을 다봤다는 진실에도달하지못한다...,6,2022-12-24T06:26:44Z
Du_sVGIYYnk,Ugx6ykd6Z52DOz3qO014AaABAg,@RE.Love-J,"""이것이 *레퀴엠* 이다.""",5,2022-08-12T14:53:08Z
Du_sVGIYYnk,UgxJPL709y8nGx7eFlZ4AaABAg,@Yorushika_ヨルシカ,게임할때 들으면 자동으로 전투력 상승됨,4,2023-12-26T12:13:30Z
Du_sVGIYYnk,UgwV7GKOoEChqR96kjl4AaABAg,@게이는문화잖아형들,"""KINE MASTER""",17,2022-03-27T06:52:57Z
Du_sVGIYYnk,UgwBQWtJhkpT_EIYjIZ4AaABAg,@최민준1111,이건 끝판을 넘었ㄷr...,18,2022-09-24T23:59:47Z
Du_sVGIYYnk,UgxgwBsYD078ccmkL7x4AaABAg,@성준손-u2v,"""이것이 레퀴엠이다
네가 보고 있는 건
틀림없는 진실이다
틀림없이 네 능력이 실제로
일으킬 움직임을 보고 있다
하지만
실제로 일어날 진실에
도달하는 일은 절대로 없다
내 앞에 서는 자는
어떤 능력을 갖고 있어도
절대로 도달할 일은 없다
이게 골드 • E • 레퀴엠
이 사실은 날 조종하는
죠르노 죠바나조차도 알 수 없다""",65,2024-08-08T01:49:37Z
Du_sVGIYYnk,Ugy1lmkADe2KkbDhnm54AaABAg,@bartandstewie1224,최고로 HIGH한 명곡이군요. 가족들에게 클래식으로 들려드려야겠습니다.,1,2025-10-02T01:53:03Z
Du_sVGIYYnk,UgzTnxkdwffGROMglmZ4AaABAg,@야샤유,"1부:웅장함
3부:신나고 자주쓰임
4부:밈으로 ㅈㄴ많이쓰임
5부:그냥 개많이쓰임
6부:개신남
2부:",54,2023-09-14T19:52:15Z
Du_sVGIYYnk,Ugwzxw6hPj29ScEJbBF4AaABAg,@k2player,감사합니다 게임을 이겼습니다,2,2021-10-23T04:07:21Z
Du_sVGIYYnk,Ugy4GykLd5iQgzmuxD14AaABAg,@4형태-Shin-Go-Zilla,내가 들어본 브금중에 최고,1,2025-02-22T10:45:43Z
Du_sVGIYYnk,Ugzni6T4TWi-EIOchJN4AaABAg,@hoinghoing,“코레가 레퀴엠 다”,28,2023-02-08T12:36:10Z
Du_sVGIYYnk,UgwmFYj79FEpyy-PI8d4AaABAg,@Rum-Raisin,0:01 크리스피크림 도넛이 땡기는 날이네요 Wryyy~!,1,2023-02-05T07:54:39Z
Du_sVGIYYnk,UgwABGXlsdQg9V8CvgZ4AaABAg,@ksb1383,이 노래를 들으면서 물을 마셨는데 갑자기 컵속에서 나무가 자라났습니다 그리곤 이것이 과연 진실인지 저에게 묻더군요,2,2023-04-05T21:59:12Z
Du_sVGIYYnk,Ugx56dQuvQQB7gLh7VN4AaABAg,@천성수-h1p,이것은 좋은 브금이라는 맛이군,1,2023-04-01T08:37:56Z
Du_sVGIYYnk,Ugx3bjWslzp-bo5Rx-14AaABAg,@PPP-qq3gq,오랜만에 들으니깐 좋넵,3,2023-02-27T00:52:57Z
Du_sVGIYYnk,Ugzj5ZqmxnLdyPeGr_x4AaABAg,@라인암살자,"너는 노래를 싫어한다는
<진실>에 도달하지못한다!!!",2,2023-07-31T03:02:50Z
Du_sVGIYYnk,UgyWbrJBU8DH5_yjGnJ4AaABAg,@ChaMr-nl6ur,오라 무다...그저 goat,0,2025-02-25T03:42:53Z
Du_sVGIYYnk,UgxaTR6RqSuViQ_Pi-d4AaABAg,@김황덕-s4p,이 노래는 틀림없이 <진실>이다,69,2022-05-06T13:40:09Z
Du_sVGIYYnk,UgzS6ad8ycwF2jSSmI14AaABAg,@촉망고와짤툰을좋아하,웅장하다,0,2022-07-13T22:42:44Z
Du_sVGIYYnk,UgwGFX3ZlvaVgr3hRa14AaABAg,@rucasrucasrucas,"네가 보고있는 스탠드는 골드 익스피리언스『레퀴엠』이다.
네가 보고 있는 건 틀림없는
『진실』이다.
틀림없이 네 능력이 실제로 일으킬 『움직임』을 보고 있다.
하지만•••실제로 일어날
『진실』에 도달하는 일은 절대로 없다.
내 앞에 서는 자는 어떤 능력을 갖고 있어도.. 『진실』에 도달할 수 없다. 그것이 나의 골드 익스피리언스 《레퀴엠》이다-!",4,2023-10-08T11:19:26Z
Du_sVGIYYnk,UgzLPmQl1vtgozqiO0B4AaABAg,@정태근-s8c,와우,1,2022-02-18T08:13:55Z
Du_sVGIYYnk,UgwN7cBYMwpvI98D1Yp4AaABAg,@로블채널인데요,"브급...""죠르노 죠바나""의 이런 웅장 해지는건 없었다!",5,2023-02-14T19:07:27Z
Du_sVGIYYnk,UgzXpNmDYa9CNWgVNbB4AaABAg,@대충대단한핸들,"""전설의 그브금""
(죠죠안봄)",2,2025-05-13T11:39:29Z
Du_sVGIYYnk,UgxEL6-riKZFX7l9bp14AaABAg,@썬더-s2r,😮,1,2023-12-24T08:02:04Z
7AqM2yLyE4M,UgwE-bXI1Qgu3uTpDwN4AaABAg,@츄기-t2i,2:27 시원시원하네 ㅋㅋㅋㅋ,144,2021-10-07T12:37:39Z
7AqM2yLyE4M,Ugwak_rxZhW9SeeRX6J4AaABAg,@hyeyoungkim6562,2:18 그 발언...,420,2020-02-11T14:19:27Z
7AqM2yLyE4M,Ugznm7q7HHZIoHY7WPR4AaABAg,@어나더플레이어,2:21 웃음벨 대사 ㅋㅋㅋㅋㅋㅋ,696,2021-01-15T17:05:41Z
7AqM2yLyE4M,Ugz8Fx42QTUVv4enLsx4AaABAg,@비둘기qq,0:42 양말이랑신발까지 다시신겨주는 스윗남☆,12,2023-03-06T13:00:31Z
7AqM2yLyE4M,UgzRqtUY1oX_qHiIki54AaABAg,@lukechoi1646,2:30 크으 근본 브금,200,2020-09-17T11:09:23Z
7AqM2yLyE4M,UgjJm4VjOUero3gCoAEC,@심우경-x3n,"키라:방금 봤는데, 자네의 스탠드, 파워가 무척이나 약하더군.
죠타로:ㅋㅋㅋㅋㅋㅋㅋㅋㅋㅋ",1815,2017-03-23T11:51:28Z
7AqM2yLyE4M,Ugw1Pr6a3LV2HhNEpfh4AaABAg,@박영빈-x3s,1:11 와 자막 미쳤네 ㅋㅋㅋㅋㅋㅋㅋㅋㅋ,313,2020-05-24T01:00:08Z
7AqM2yLyE4M,UgwFsbVOy5MZdevGBNl4AaABAg,@snp_0,2:39 이후 키라의 시계는 다시는 볼 수 없었다고 한다.,40,2020-11-23T12:46:27Z
7AqM2yLyE4M,Ugxufq01y9FGLC4n2dp4AaABAg,@진격의잼민-i1h,0:09 유치원 간식 체리도넛,32,2021-04-20T04:09:06Z
7AqM2yLyE4M,UgyFkRopRYObAqabDw94AaABAg,@goodweather5535,1:10 이것이 그 정신승리인가,15,2021-07-25T16:43:58Z
7AqM2yLyE4M,Ugz8h2oAdXoV0r-d2T94AaABAg,@시우-i9t,주인공이 아니면 하염없이 너프 먹는 죠죠 세계관에서 죠스케가 주인공인 부에 자기 처형 브금까지 가져와 라스트 보스를 러쉬 해버리는 죠타로 클라스,1312,2021-06-27T04:29:31Z
7AqM2yLyE4M,UggalXDSto-n_3gCoAEC,@shin1479,로드롤러 안맞어 봤으면 조용히있지...,1101,2016-10-30T03:13:37Z
7AqM2yLyE4M,UgwnszKxYcUZngCT2E14AaABAg,@클즈-g8p,"2:10 시청자 : ㅋㅋㅋㅋㅋ
2:19 죠타로 : ㅋㅋㅋㅋㅋ",5,2021-11-19T10:14:50Z
7AqM2yLyE4M,Ugx1SYIFiD83qKc3lul4AaABAg,@기모찌앙-p2c,1:10 죠타로 그림자 손소독제,7,2022-09-13T23:17:35Z
7AqM2yLyE4M,UgxUGVhvZchbiU0HOHN4AaABAg,@봙뵑봙,"2:11 2:20 우리모두 상대를 약하게보지맙시다.
2:28 잘못하면 이렇게되니 조심합시다.",809,2020-03-27T17:06:46Z
7AqM2yLyE4M,UgzZP49N9CkOAesN5zR4AaABAg,@가아라사바쿠노-b5v,"키라 완전 츤데레네
양말 제대로 신겨주고....
8부에서 죠세후미 하고 합쳐져서
살아나서도 왜 인기 많은지 알겠다",68,2020-08-10T07:47:32Z
7AqM2yLyE4M,UgyNJq_Mq4NUDrA40Yp4AaABAg,@순망-f4l,시발ㅋㅋ 바로 처형브금 트네 ㅋㅋㅋ,8,2022-12-22T23:28:49Z
7AqM2yLyE4M,UgziH69dw_CLiR0Vjh94AaABAg,@enhypostasia,3:02 키라 요시카게 리타이어!!!,408,2019-08-28T08:49:43Z
7AqM2yLyE4M,UgzZmkLbrBWY9fJ4lKp4AaABAg,@간지-p6e,4부는 진짜 키라가 캐리했지 ㅋㅋㅋㅋㅋㅋㅋ 키라 나오기전에 ㅈ노잼의 향연이었다가 키라 등장후 개꿀잼이었음,4,2025-07-31T16:07:02Z
7AqM2yLyE4M,Ugy3bkjgLo-Cwkxk0mB4AaABAg,@Jaeyoung88,4부에서 지혼자 3부처형브금 들고오는애,6,2023-02-19T06:49:13Z
7AqM2yLyE4M,UgyzYBeorhusizD_gPV4AaABAg,@Conan7381,"1:19 ""그""브금 스타토",307,2020-04-25T10:42:00Z
7AqM2yLyE4M,Ugxq5W95EIzG0J2dshN4AaABAg,@Slslwlqo2,"카쿄인:자기의 죽음으로 디오의 능력을 알음.
키라:시간이라도 멈춘것처럼 너무 빨라!",28,2021-06-06T11:24:04Z
7AqM2yLyE4M,UghWGj2EA3WiingCoAEC,@listenhey5283,0:55 목소리 언제나 머시쪙,11,2017-07-01T07:54:32Z
7AqM2yLyE4M,Ugzu2c-5i2LM413PoNV4AaABAg,@최성훈-c6z,"더 월드 배우기 전엔 피지컬 원툴로 상위권에 속하던 스탠드인데
당연히 빠르고 아프겠지ㅋㅋㅋㅋㅋ",117,2021-03-20T09:59:10Z
7AqM2yLyE4M,UgyfthVxJySTufrugLp4AaABAg,@쭈니선생입니다만,2:28 여기 죠타로대사 소름,23,2022-08-10T05:30:41Z
7AqM2yLyE4M,UggzfPbRdPYfxHgCoAEC,@김정기-k3l,4부를 보니까 3부 최종보스 DIO가 얼마나 강한지 알게 되네요.,1373,2017-02-23T23:18:00Z
7AqM2yLyE4M,UgzFp73EJWTajjXt2YR4AaABAg,@Nadajwa,1:11 정체불명의 샴푸통 등장!,219,2020-12-19T05:48:56Z
7AqM2yLyE4M,UgwJtWoebeMzaZ8YQxV4AaABAg,@한유러,4부에 3부 음악을 넣어 버리는 이 애니는 대체!! 가슴이 웅장ㅎㅐ진다,118,2021-11-12T12:25:10Z
7AqM2yLyE4M,Ugx9qvLCgb_ZvJtiqU54AaABAg,@국어9등급,양말도 킬포고 죠타로보고 ㅈ밥이라는것도 너무 웃기네 ㅋㅋㅋㅋ 3부 피지컬 그대로였으면 시어하트어택 부숴지고 오른손 장애될애가 ㅋㅋㅋ,6,2024-08-26T06:13:56Z
7AqM2yLyE4M,UgxF3du43GV2H_2zsfR4AaABAg,@3412-c3z,키라가 가장 무서워했던 건 주인공인 죠스케가 아니라 죠타로였던 게 제일 웃김 ㅋㅋ 화살의 선택을 받은 것도 죠타로가 올까 봐 벌벌 떨다가 ㅋㅋ,18,2025-06-11T13:40:52Z
1SuNgIgjx3A,Ugzdu6MpL0xhMpDeXbl4AaABAg,@코죠__KONO_JOJO_DA,5부가 최애라면https://youtu.be/izUtp6aDnfc,199,2023-07-19T14:34:57Z
1SuNgIgjx3A,UgzeZj-9cN1ALt2sQSx4AaABAg,@시E얼,솔직히 능력이 좋은게 아니라 능력 활용을 ㅈㄴ잘함 ㄷㄷ,450,2025-04-15T12:39:40Z
1SuNgIgjx3A,UgwQYRe1OCWyP--W-Uh4AaABAg,@a_deep_preson,진짜 이거 보고 ㅈㄴ 놀랬음 애들 수준이 평범함을 찾아볼수가 없음 어떻게 대체 저걸 저렇게 할수가 있지 응용도가 개 뛰어남,48,2025-06-20T19:49:57Z
1SuNgIgjx3A,UgyBmcAo5QIdFl74WlB4AaABAg,@Mam_ma_jut,존나 명장면 인데 아리베데르치 로 인해 가려진 비운의 장면,980,2022-06-09T10:02:48Z
1SuNgIgjx3A,UgxXzO-O0qG5rHJKmM54AaABAg,@user-soup-g1l,"발차기 그냥 기절 시켜버리는 장면은 의외였음,, 지금까지 적을 맨 몸으로 기절시킨 장면은 처음이였거든......",926,2023-12-26T12:21:58Z
1SuNgIgjx3A,UgwV4SFiVYu_B8RUzYl4AaABAg,@dongjani,얼굴 가르고 가드 대신 피하는거 개지리네 진짜,577,2023-03-08T13:53:14Z
1SuNgIgjx3A,UgyE7-ZIKK4V2FKAPud4AaABAg,@백랑이다,"""각오는 되어있나. 나는 되어있다.""",80,2026-02-01T14:15:49Z
1SuNgIgjx3A,UgzDH-eotun1-bB1_ux4AaABAg,@구삭군,역시 우리 리더 존나 멋있어,206,2022-11-29T14:26:04Z
1SuNgIgjx3A,UgyK64bZR1UDZccRwxN4AaABAg,@Hospital1972,"보스 vs 리조토 , 프로슈토 vs 부차라티가 진짜 5부 씹 명장면이지",168,2023-06-27T06:08:51Z
1SuNgIgjx3A,UgyucLavm5HY7tkE0dx4AaABAg,@K-so6dd,"사실 지퍼닫고 여는 능력 그렇게 실용적인게 아닌데 부차라티, 죠르노가 개잘쓴거임",418,2023-08-10T18:36:18Z
1SuNgIgjx3A,UgxPYDzUOorI1mLNXGt4AaABAg,@어나더플레이어,솔직히 주인공인 죠르노 보다 부차라티가 더 좋은...5부의 진정한 주인공 브루노 부차라티..,74,2023-07-19T14:32:07Z
1SuNgIgjx3A,Ugye1Lcsb1Ea3iCGSN54AaABAg,@검정색Com,프로슈토가 멋진척 하다가 맞는거 겁나 웃기네 ㅋㅋㅋ,24,2024-01-08T02:30:28Z
1SuNgIgjx3A,UgzWFzRJKxt9MnpEgNh4AaABAg,@어둠을목표로한연성TV,빗치보이 나만 성장하는거 멋있냐,61,2024-05-14T12:43:47Z
1SuNgIgjx3A,UgyZt9UrEhtJI8EKxYd4AaABAg,@Dilbang-t2w,오!“미스타가 힘들게 알려줬는데”라는 대사 3부에서 디오 가 “죠셉 죠스타가 시험 끝나기 직전에 수범생 처럼 알려 줬는데”랑 비슷한데,3,2026-01-15T01:55:38Z
1SuNgIgjx3A,Ugw9TD-iMT3X0ng8S-F4AaABAg,@현우-z7n,"죠죠는 초능력배틀물이지만 기적의 논리, 기상천외한 능력활용, 극한의 전투지능 활용이 정수임ㅋㅋ",4,2026-02-15T06:52:57Z
1SuNgIgjx3A,UgzQBUYw220ZZXqZHy14AaABAg,@뿅구스,와 다시 보니까 더 멋있네,45,2023-07-20T13:57:10Z
1SuNgIgjx3A,Ugyhxc1L1QNUvTCmsCp4AaABAg,@제피야,자기 자신한테는 능력 안통하는 경우가 자주 있는데 스티키 핑거즈는 자신한테도 능력이 적용되는게 신의 한수였음. 그래서 이런 명장면이 참 많은듯...,1,2026-04-05T21:41:12Z
1SuNgIgjx3A,UgwR4-n4WbMd2DurbeV4AaABAg,@주받신,임무는 수행한다. 부하도 지킨다. 우리 [갱]의 셰계에서는 말야.,7,2025-05-11T03:54:02Z
1SuNgIgjx3A,UgxZdVBggj-2F3pFXwh4AaABAg,@김먼깡2,사운드 브금 연출 모션 다 완벽,5,2025-08-01T15:55:29Z
1SuNgIgjx3A,UgxhGkOh-61Hm7dOJA94AaABAg,@sisj-h2v,스티키핑거즈 챱챱 소리 너무 좋다,3,2025-06-21T14:02:45Z
1SuNgIgjx3A,UgzE0ApF0DguyGSPkdR4AaABAg,@권시현-p5j2m,무빙 개지리네 ㅋㅋㅋㅋ,0,2026-07-04T09:19:00Z
1SuNgIgjx3A,UgwroGLrPuntceUaK4p4AaABAg,@Nine10264,이건 언제 봐도 좋아,4,2024-02-24T04:05:12Z
1SuNgIgjx3A,UgxL95QpXZCKAJVTE3F4AaABAg,@Iwgh24,나는 부차라티의 특유의 지퍼소리가 좋은듯,41,2023-07-26T06:56:44Z
1SuNgIgjx3A,Ugw0bPMtLr82a_V_nKJ4AaABAg,@Arcturus_Mengsk,지퍼란 간단한 장치를 이렇게 활용할 수 있다고 생각한 아라키 작가님의 상상력은...,8,2025-12-15T06:08:35Z
1SuNgIgjx3A,Ugx3zrlBFvZp_CdO2jt4AaABAg,@bigbee592,이장면 보고 부차라티가 최애로 바뀜....아리베데르치,3,2026-01-29T14:42:31Z
1SuNgIgjx3A,UgyTwYmWJLaopyth5-x4AaABAg,@신재호-t1o,각오는 되어있나 난 되어있다,4,2026-02-01T00:21:59Z
1SuNgIgjx3A,Ugy9IJboXE1dWff-BAp4AaABAg,@미카-b1s,스티기 핑거즈가 스타플래티나랑 스텟이 엇비슷하던데(스티키 핑거즌 AA CDCD 백금:AACAAA) 짜 부챠라티가 5부의 죠타로를 대신하는 인물인듯...죠타로처럼 머리도 좋아서 스탠드 활용도도 미침..,10,2024-03-05T03:43:48Z
1SuNgIgjx3A,UgwWysPzo2wWHxswuLB4AaABAg,@yuummmi7,스티키 파괴력a 스피드a인데 근접으로 붙으면 다 죽일수있다 라는 느낌의 스타플이랑 비교되는게 아쉬움,4,2024-10-05T03:57:07Z
1SuNgIgjx3A,Ugzr35ZwaI3dQAW0N494AaABAg,@일품-l9j,부부의 기묘한 모험,5,2023-10-30T17:53:55Z
1SuNgIgjx3A,UgxqJr5ogOUjBSsVIX14AaABAg,@가나디-24y,난 스티키 핑거즈 주먹 휘두를때 나오는 픽셀 게임 소리가 너무 잘 어울린다고 생각함,0,2025-09-20T00:04:48Z
eabkNrDVYJY,UgwjzEEpsJblTwihK-t4AaABAg,@유튜브접습니다,3:54 야 그런건 알려줘야지 ㅋㅋㅋ,270,2022-07-26T06:09:49Z
eabkNrDVYJY,UgxEgCQsRogLEsPkG7p4AaABAg,@DeepCrimsonBlood,3:21 이것이.. 레퀴엠이다...,374,2022-03-25T13:32:01Z
eabkNrDVYJY,UgyaSOjPPqjb00D4pe14AaABAg,@Snxnxnsjxnsnsns,누가 편집한거 임팩트가 너무쌔서 이게 밋밋하다 ㅋㅋㅋㅋㅋㅋㅋ,66,2022-07-06T05:04:34Z
eabkNrDVYJY,Ugyn5C3_8GO4vPqQv3V4AaABAg,@pinkcowGMD,5:14아리베데르치,102,2022-09-09T01:05:22Z
eabkNrDVYJY,Ugx64mW96FZUPlQYnpl4AaABAg,@장재원-n8w,"사실 안티 캐리 능력으로 최강이라 ㅈㄴ 혁신적인 능력인듯 보통 세계관 최강자는 무에서 유를 그니까 전지전능한 천지창조 부류의 능력을 가지는데 얘는 상대를 제약하는 능력이니까
골익레 뽕이 차오른다 그리고 죠르노죠바나 진짜 쌉간지임 15살에 선과 악에 대해 본인만의 철학적 사고를 하고 지력과 무력 양면으로 갱단 마피아 쳐내고 먹어버린거 신격화 할만한 업적이지 성격도 시크해서 더 간지임",44,2023-11-11T05:26:48Z
eabkNrDVYJY,UgzMaWKxyRad5tBtVEx4AaABAg,@흑곰-i2k,"킹크가 ""코노 가키가!"" 할때 ㄹㅇ 진심아 담겨있네",234,2022-07-15T05:58:24Z
eabkNrDVYJY,UgzRfyeZgDxCKCBjoQ14AaABAg,@곽효인의놀이악기,"2:31 ???:왜 까마귀가 4마리냐고!
4는 재수없는 숫자라고!",1,2026-06-27T08:14:17Z
eabkNrDVYJY,Ugx8K1wTRvSwfyiI9fd4AaABAg,@싹튼감자칩,지금도 여전히 죽고 있는 우리 디아볼로...,5,2024-08-27T08:41:59Z
eabkNrDVYJY,Ugzi2xNpEto8_2CwZsd4AaABAg,@피글렛_BS,와 진짜 내 최애캐 죠르노 죠바나 간지 ㄷㄷ,11,2023-08-12T05:05:32Z
eabkNrDVYJY,UgzXN6h9D3lL9C6jL_N4AaABAg,@mnnmnn-qq,죠르노 머리 휘날리는거 간지 쩐다,4,2025-03-16T10:53:23Z
eabkNrDVYJY,UgwvCrNn7STRx8pXu4Z4AaABAg,@i_need_game,0:55,58,2022-02-21T14:17:59Z
eabkNrDVYJY,Ugxkuz-4lQKUX5tKIeF4AaABAg,@redtown1263,GER가 얼마나 사기냐면 죠르노를 해치겠다는 의지를 가진다는 진실에 조차 도달하지 못하기 때문에 공격자체가 불가능함,121,2023-02-27T12:29:40Z
eabkNrDVYJY,UgzidMnJmSSb8LedEu54AaABAg,@김태규-d8v,3:25 명대사넹,95,2022-03-30T07:27:04Z
eabkNrDVYJY,UgzbvFYOIS3d3f_oFkd4AaABAg,@las34766,”30대 아저씨가 겨우 10대 애들 통제 못해서 살해당하는 장면“ 혼또니 기묘 난다...,2,2024-05-17T07:16:44Z
eabkNrDVYJY,UgzGyqJldmmK_gUxV7N4AaABAg,@_Black_Lemonade,"『골드 익스피리언스 레퀴엠, G.E.R』

1. 『초월적인 스탯』 
G.E.R의 모든 스탯은 『없음』으로, *가늠하는 것이 불가능함을* 나타낸다. 당장 보여진 모습만 봐도, 쌀알 만한 돌을 손가락으로 만진 운동에너지만으로 건물이 박살났다.

2. 『강화된 능력』 
기존 골드 익스피리언스의 능력이 월등히 성장했다. 능력 발동의 한계는 가뿐히 박살냈으며, 능력시전 속도도 압도적으로 빨라졌다.

3. 『자아』 
스탠드가 독자적인 자아를 지니고 있다. 그리고 이는 항상 의식적임으로, 능력이 발동되기도 전에 기습해 죽이면 된다는 발상은 애초에 성립되지 않는다. 후에 서술할 『진실의 무효화』도 G.E.R의 독자적인 자아가 사용하는 능력으로, 스탠드술사인 죠르노 죠바나는 이 능력이 존재하는 지도 모른다.

4. 『시공간을 초월』 
후에 서술할 능력, 『진실의 무효화』가 시전됐을 때는 『시간삭제』가 진행되던 중이었다! 후에 더 설명하겠지만, 이는 G.E.R이 시공간을 초월했다는 뜻이다! 즉 G.E.R은 『시간정지』, 『타임 패러독스』, 『아공간』 등 모든 시공간적 제약 및 공격에 면역이다.

5. 『운명을 초월』 
디아볼로의 또 다른 스탠드 능력, 『에피타프』는 몇 초 뒤에 *반드시* 일어날 피할 수 없는 미래, 즉 운명을 보여준다. 그리고 그가 본 운명은 죠르노의 죽음. 하지만 G.E.R은 그 정해진 운명을 박살냈으며, G.E.R은 운명을 초월한 존재가 된다. 

6. 『인과관계를 초월』 
후에 서술할 진실의 무효화로 G.E.R은 인과관계를 초월한 존재가 됐다.

7. 『진실의 무효화』 
어떤 진실이든 '0'으로 되돌린다. 이 능력에 당하는 사람 입장에선 시간이 되감기되는 것처럼 보이지만, 실은 *『인과관계』* 자체가 부정되는 일련의 과정이다.

능력 발동 조건: 
*제약이 없다.* G.E.R이 자체적으로 죠르노의 신변에 위협이 될만한 모든 행위들을 부정한다.

능력 발동 범위: 
현재로선 단일 우주다. 

능력의 원리: 
모든 인과관계에는 '과정→결과'가 있다. 하지만 G.E.R은 자신이 원치않는 결과를 배제, 인과관계를 '과정→과정→과정→...'으로 변모시킨다 (디아볼로가 G.E.R이 발동됐을 때 무한한 자신의 모습을 본 이유). 데스루프의 원리도 이것. G.E.R은 죽음의 인과인 '죽음의 과정→죽음이라는 결과'에서 죽음이라는 결과를 배제, 영원히 죽음의 과정을 반복하도록 만든다! 대상이 죠르노인 경우 그를 위협하는 모든 행동들은 그 인과관계를 완전히 거슬러 올라가 *일어나지도 않았던 것이* 된다. 즉 G.E.R은 자유롭게 인과관계를 지배한다는 것. 단, 한 가지 한계가 있다면 이미 결과가 일어난 인과는 부정하지 못한다 (호위팀의 죽음 등).

8. 『현실조작?』 
토론의 여지가 있지만, G.E.R은 현실조작 능력이 있는 것으로 보인다. 데스루프의 무한한 죽음 자체의 원리는 진실의 무효화로 설명이 되지만, 그 정확한 세부원리는 밝혀진 게 없다. 디아볼로가 G.E.R의 파괴적인 러쉬를 맞고도 신체를 유지했던게 단순 G.E.R의 정밀동작성 때문이 아니라면, 디아볼로가 매번 다른 죽음을 경험하는게 실은 G.E.R이 무한한 현실을 창조해내는 것이라면, 디아볼로가 데스루프 중에 그의 스탠드를 못 꺼내는게 G.E.R이 그의 스탠드를 없애버려서라면, G.E.R은 안 그래도 초월적인 능력에 현실조작까지 갖고 있는 게 된다. 

9. 몇몇 이견에 대한 반박

""G.E.R은 멀티버스급 공격 앞에선 무력하다?"" 
G.E.R의 능력은 어디까지나 단일 우주다. 하지만 G.E.R은 능력범위 밖에서 자신을 향해 공격이 날아와도 이를 부정할 수 있다. 멀티버스급 공격의 인과관계 중 그 근간은 G.E.R의 능력범위 밖에 있지만, 결과는 범위 안에서 일어남으로, G.E.R은 멀티버스급 공격도 부정할 수 있다. 

""G.E.R은 직접 공격만 부정할 수 있다?""
G.E.R의 인과 부정은 이미 진행된 인과를 부정할 수 없다는 것 빼고는 한계가 없다. 이는 디아볼로전에서 다 설명이 되는데, G.E.R은 디아볼로의 시간삭제 중에 발동돼 공격을 부정했다. 여기서 중요한 점은, 디아볼로는 시간삭제가 진행 중엔 *직접적으로 개입할 수 없다.* 그리고 디아볼로의 시간삭제 능력은 단순히 시간만 날리는 게 아닌, 특정 시간대의 『현실』을 통째로 날려버린다. 뒷받침할 현실 자체가 없기에, 디아볼로가 시간삭제 중에 하는 모든 행위는 따지고 보면 *일어나지도 않는 일들이다.* 일어나지도 않았으니 직접 공격이니 따지는 것도 의미없다.
위 이견을 주장하는 사람들이 대표적인 예로 드는 게 푸치의 일순이다. 푸치의 일순은 G.E.R이 못 막았다고 하지만, 푸치의 일순은 죠르노를 포함한 생명체들에겐 영향을 단 하나도 미치지 않으며, 영향을 미치지 않으니 G.E.R이 굳이 부정할 필요도 없고, 5부에서 죠르노는 디아볼로를 처리한 후 레퀴엠 화살의 소유권을 포기, 아예 6부 시점엔 G.E.R을 소유하지 않고 있었을 가능성도 있다. 

""데스루프를 걸려면 꼭 대상을 죠르노가 직접 죽여야만 하나?""
토론의 여지는 분명히 있다. 난 반대의 입장인데, 원작이나 TVA나 데스루프가 일어날 때 디아볼로는 다른 장소들로 텔레포트 되어 각각 다른 죽음들을 경험한다. 하지만 죠르노에게 러쉬를 맞은 직후 노숙자에게 죽었을 때 디아볼로는 다른 장소로 텔레포트하지 않고 러쉬를 맞고 빠졌던 강에서 그대로 나와 노숙자에게 살해당했었다.  즉 디아볼로의 첫 번째 죽음은 죠르노의 러쉬공격에 의해서가 아닌 다리 밑 노숙자에 의해서가 된다. 이렇게 되면 데스루프는 G.E.R이 대상을 직접 죽이는 것 없이 그냥 인과조작만으로도 일으킬 수 있는 일이 된다.

결론:
G.E.R은 사이타마도, 손오공도, 고죠도 그냥 다 쓸어버린다.",136,2022-11-03T04:38:31Z
eabkNrDVYJY,UgxEAktznuOmR3WC9IJ4AaABAg,@141dfaffefa,6부에서 골익레 있었으면 시간을 아무리 가속해도 일순을 볼 수 있는  진실에 도달 하지 못하는 엔딩이었는데,112,2022-09-27T11:07:15Z
eabkNrDVYJY,Ugzx03--YX2OpsItf7F4AaABAg,@jwc8471,관리자와 사용자의 차이,0,2026-07-09T13:35:45Z
eabkNrDVYJY,UgzVH718ot6qJ1gaKN14AaABAg,@sseoker533,쁘르로세 보고 왔다면 개추 ㅋㅋ,2,2024-01-09T13:25:13Z
eabkNrDVYJY,Ugwu5jWg6ROWaX_7_GB4AaABAg,@qwertymmml,"이 영상 덕분에 죠죠러 된듯 처음에는 이 영상보고 그림체도 이상하고 G.E.R이 징그럽기만 했는데 계속 보고 있으니 뭔가 죠르노가 잘생겨보이고 G.E.R이 멋져보이는게 ㅋㅋㅋㅋ 진짜 감사해유 테론님
기억날 때마다 올게용",53,2023-08-13T15:30:21Z
eabkNrDVYJY,Ugy2QM2XPP2o0AQ9ACx4AaABAg,@정신병원사랑_브지아,"해냈다... 이겼다!
한순간 빠른 건 바로 나다!
[예지]는 이 녀석의 심장을 완벽하게 꿰뚫었다!
미래는 나의 [킹 크림슨]의움직임을 선택해주었다!
끝났다!
...
...
...
...
뭐야?!
설마,이건?!
날려버린 시간이 [역행] 하고 있는 건가?!
이 [레퀴엠] 은!
크,큰일이다!
모든 게 원래대로 돌아간다!
하지만 예지는 아직 나 디아볼로를 선택하고 있다!
받아라! 죠르노 죠바나!
이건 뭐지
 이건 뭐지
  이건 뭐지
   나, 난 뭘 보고 있는 거냐?!
     나, 난 뭘 보고 있는 거냐?!
       나, 난 뭘보고  있는 거냐?!
         난 꿈을 꾸고 있는 건가?
           난 꿈을 꾸고 있는 건가?
             난 꿈을 꾸고 있는 건가? 
               환각을 보고 있는 건가?
                 환각을 보고 있는 건가?
                    환각을 보고 있는 건가?
아니 그럴 리가 없어
날려버린 시간 속에서 움직일 수 있는 건
나 디아볼로뿐이다!

이것이 [레퀴엠] 이다
네가 보고 있는 건 틀림없는 [진실] 이다
틀림없이 네 능력이 실제로 일으킬 [움직임]을 보고 있다
하지만...
실제로 일어날 [진실] 에 도달하는 일은 절대로 없다
내 앞에 서는 자는 어떤 능력을 갖고있어도
절대로 도달할일은 없다
이게
《골드 • E • 레퀴엠》
이사실은 날 조종하는 죠르노 죠바나조차 알수 없다

난 뭘 날하고 있는 거지?
나,난!
처음부터 조금도 움직이지 않았어!",4,2024-07-04T16:47:57Z
eabkNrDVYJY,Ugz58VVo_CuiAQsU7np4AaABAg,@눈상어0924,"킹 크림신 등장할때 효과음하고, 무다러쉬할때 '위우우우웅'효과음 개좋네...",0,2025-07-01T09:27:34Z
eabkNrDVYJY,UgzxMHtnwN4jj2d7DSh4AaABAg,@나툼스튜디오,“니가 보고 있는건 틀림없이 진실이다“,1,2025-01-21T12:03:39Z
eabkNrDVYJY,UgxTTdUJuRT2rgfFLYZ4AaABAg,@irls-8n,다시봐도 간지,0,2023-10-01T23:16:00Z
eabkNrDVYJY,Ugzgn_vzrSsYlwhvf894AaABAg,@DoomGuy-ye4qc,끝났어. 카쿄인... 이기... 압둘... 보스...,5,2022-09-24T04:24:58Z
eabkNrDVYJY,UgxSvUVqwVfeL_1PfyN4AaABAg,@김심슨네-x6f,이것이 「레퀴엠」 이다 네가 보고 있는 건 틀림없는 「진실」 이다 틀림없이 네 능력이 실제로 일으킬 「움직임」을 보고 있다 하지만... 실제로 일어날 「진실」에 도달하는 일은 절대로 없다. 내 앞에 서는 자는 어떤 능력을 갖고 있어도 절대로 도달할 일은 없다 이게「골드 익스피리언스 레퀴엠」이 사실은 날 조종하는 죠르노 죠바나 조차도 알 수 없다,1,2026-05-01T01:21:34Z
eabkNrDVYJY,Ugzfjthc0ypaDDeDmvp4AaABAg,@김조현-v7l,아 다른 동영상은 편집 ㅂㅅ같이 해서 맘에 안들었는데 여긴 잘해주셨네 감사요,10,2022-07-21T12:50:00Z
eabkNrDVYJY,Ugw-C96cGCsDBnAk61B4AaABAg,@밍밍-z4e7j,메일 느끼는건데.. 악역이든 주인공이든 다 러쉬가 쌘듯.,42,2022-04-02T13:45:23Z
eabkNrDVYJY,UgxCCUIZj60LxXURu6V4AaABAg,@김대희-f2b,ㄹㅇ 개간지네,0,2025-10-01T22:16:52Z
eabkNrDVYJY,UgxFofAYuaTDVtNL3eV4AaABAg,@W0lfDO9,3:00,12,2022-10-01T11:35:06Z
eabkNrDVYJY,UgxsJBsYVdIn-R6XgEB4AaABAg,@GOODING-2599,"네가 보고있는것은 틀림없는 [[진실]]이다. 네놈의 능력은 내가 할 일들을 정확히 보여주고 있다.... 하지만 실제로 일어날[진실]에 도달할 일은 없다! 절대로! 내 앞에 서는자는 설령 어떤 능력을 지녔다 해도 절대로! 지나갈수 없다!
이것이 [골드 익스피리언스 레퀴엠(gold expirions reqiem G.E.R)!!]",16,2023-02-03T09:42:32Z
MiJMZrqhs-I,UgzWvrztqEosdsZVlmd4AaABAg,@피아노키위즈,피아노 + 죠죠 명대사 쌈@뽕하게 말아줄 죠죠러 구함,1164,2025-06-19T07:40:16Z
MiJMZrqhs-I,UgwLKDiO6ORJUKXMjJZ4AaABAg,@김연두-k9x,중간에 피아노 삑사리 난 부분을 눈치채고 불편하다면 당신은 죠죠러,3993,2025-06-19T10:06:16Z
MiJMZrqhs-I,Ugzo7RiRgCfF9cYzFrJ4AaABAg,@죠죠사토루,죠죠를 안 본 사람도 이 곡을 아는 이유는... 그것이 『운명』이기 때문이다.,2292,2025-06-19T07:39:47Z
MiJMZrqhs-I,UgyIMxBsYS_EVbL6ZUZ4AaABAg,@eclipse_naafiri,죠죠 늘 곡은 5부 처형곡인데 캐릭터는 항상 3부 캐릭터임 ㅋㅋ,1453,2025-06-20T03:40:07Z
MiJMZrqhs-I,UgxV-9GpdMJhqNijXUF4AaABAg,@daginkonz,죠르노 테마곡에 죠르노 빼고 다 보여주는 거 진짜...,126,2025-09-19T12:47:12Z
MiJMZrqhs-I,Ugwap2UYhM7t6tnpy3d4AaABAg,@firing_hairroot,"『결과』 뿐이다!! 이 악보에는 『결과』만이 남는다! 이게 바로 ""코다""의 능력! ""마디""를 지우고 건너뛰었다!",324,2025-06-19T13:20:15Z
MiJMZrqhs-I,Ugyj2Qs8LnJtJDHvGrN4AaABAg,@njseo503-j4s,"""이 피아노 건바나에게는 꿈이 있다""",997,2025-06-19T07:31:26Z
MiJMZrqhs-I,UgyLM1IGwlasjVFBdPV4AaABAg,@Sa1tb0und-솔트바운드,"악기 '마림바' 말이야... 실로폰랑 비슷하지만 다들 '마림바'란 발음으로 부르거든. 그런데 '글로켄슈필'는 다들 '실로폰'이라고 부른단 말이야~ '실로폰 연주'이라느니 '어린이용 실로폰'이라느니 하고 말이야─
왜 '어린이용 글로켄슈필'이라는 타이틀이 아니냔 말이야아아아아아아아─! 그게 납득이 되냐고~~ 응? 난 저ー언혀 납득이 안 되거든... 장난하냐─! 지금 나한테! 이름으로 불러! 이름으로로! 썩을─! 짜증나잖아! 까불고 앉았어! 썩을 것들아!""",70,2025-08-03T13:27:46Z
MiJMZrqhs-I,Ugx1lKCz-WvMZfIKcOB4AaABAg,@xo17172,"LESSON 2. ""사과를 여러개 칠하지 마라.""",528,2025-06-19T07:49:24Z
MiJMZrqhs-I,UgyaiPN-IH1U0PzOaXp4AaABAg,@SCSE0598,"그리고 그 엔딩에 to be continue 나오면서 베이스 연주 하는 것도 죠죠 1,2부 엔딩임",117,2025-06-29T03:53:14Z
MiJMZrqhs-I,UgyttrsvyAARN7qkO0J4AaABAg,@do_jang,당신은 이 노래를 모른다는 『진실』 에 도달하지 못한다.,21,2025-06-25T12:19:02Z
MiJMZrqhs-I,Ugz0mm5J3SS7yKky8l54AaABAg,@metfla,'구독자는 늘린다'. '영상퀄도 지킨다'. '양쪽' 다 해내야 한다는 게 '피아노 유튜버' 노릇의 고생스러운 점이지. 각오는 되어 있나? 나는 되어 있다.,10,2025-06-23T11:15:01Z
MiJMZrqhs-I,UgyES1NRyGUQfsHElHp4AaABAg,@ghsi-26dk,이거 말고도 투비 컨티뉴도 다 앎 ㅋㅋㅋ,164,2025-06-19T08:39:45Z
MiJMZrqhs-I,Ugz9UiLbKW1iurSf15p4AaABAg,@gamdaring겜다링,0:11 빱빠! 할 때 음 좀만 더 올리면 완벽,5,2025-07-11T08:18:49Z
MiJMZrqhs-I,Ugzp7N9yVnnNiCIh0bF4AaABAg,@PDMDJ,히야~ 내가 시간을 9초나 멈출 수 있다~,14,2025-06-19T16:10:43Z
MiJMZrqhs-I,Ugz2C5oaIWrTMFb8GKd4AaABAg,@배추-i,"*""킬러는 이미『댓글창』을 만졌다.""*",1,2026-07-05T08:09:19Z
MiJMZrqhs-I,UgxTGBu4jscA9W20qVR4AaABAg,@뭐_그냥_운명이라구,죠죠의 기묘한 모험 제목만 들어봤고 애니 보진 않았는데 노래는 알고 있음.,9,2025-06-19T07:38:05Z
MiJMZrqhs-I,UgxxRlE3Yqu6dhGIb1F4AaABAg,@카즈사아가냥이공장주,『인력』에 이끌렸다,13,2025-06-19T10:00:09Z
MiJMZrqhs-I,UgzB609BDSvj_qlr_MR4AaABAg,@코난이-t3j,그 다음에 너는 '히야~내가 삑사리를 알아냈다~!' 라 말한다!,3,2025-08-01T09:59:40Z
MiJMZrqhs-I,UgwqeOuRD4_zeSUWVgJ4AaABAg,@Park_04820,"""[Lesson 5] 는 이걸 위해서..
정말 실로 머나먼 길...
완전한 황금 악보 에너지!""",8,2025-06-20T08:22:20Z
MiJMZrqhs-I,UgwlZGHOmlvealegAhx4AaABAg,@아아아아아아아악-q5i,"[끝]이 나지 않는 것이 [끝] 넌 절대로 [진실]에 [도달]
하지 못한다
이것이
Gold Experience Requiem!",4,2025-06-28T00:50:51Z
MiJMZrqhs-I,UgwR_7JUPdO_E170LsR4AaABAg,@Redo_Rg,“나 죠르노 죠바나에겐 꿈이있다“,3,2025-10-20T04:04:32Z
MiJMZrqhs-I,UgwUhSZcDOlygT4WV2t4AaABAg,@tetolove999,"???:제왕은 이 디아볼로다! 영원히 변함없이!

(이후 보스:🔪😵    🧑‍⚕️😵    🚗😵    🤷😱😱😱)",3,2025-11-02T17:32:32Z
MiJMZrqhs-I,UgyPmP03C869MpQdJN94AaABAg,@uwtgsv-1755svsha,"LESSON 1. 묘한 음은 치지 말라.
LESSON 2. 건반이 알지 못하게 하라.
LESSON 3. 피아노는 무한의 힘이다.
LESSON 4. 경의를 표하라. 그리고 바이엘의 다음 단계로 나아가는 거다.",57,2025-06-22T01:14:54Z
MiJMZrqhs-I,UgxY7uFdZs_nJJNQnyp4AaABAg,@DIO-fk2dt,"그러나 나는 긍지높은 피아니스트 가문이다.
나도 뭐라도 치지 않는다면 쪽 팔려서 저세상에 못간다고!

내가 마지막으로 보여줄 것은...!
대대로 전해 내려져 온, 미래에 맡길 연주다!!
영혼을 담은 연주다!!!

죠죠! 내 최후의 연주다! 받아다오!!!",16,2025-06-19T23:06:16Z
MiJMZrqhs-I,UgwQNIeTpebqTi2GTPh4AaABAg,@김지북-1,『이미 킬러퀸은 피아노 건반을 만졌다!!』,2,2025-11-05T12:02:09Z
MiJMZrqhs-I,UgwWtnPEdyaC7OlzQyh4AaABAg,@bomin615,죠죠 자체를 못봤는데 들으니깐..,8,2025-06-19T09:10:51Z
MiJMZrqhs-I,Ugw1HCpGVOrjBBSQEkh4AaABAg,@Ehlsmsrpanjsi,"이 영상으로 죠죠 입문해서 엊그저께 5부 끝까지 달렸습니다
아직 볼 에피소드가 많아서 너무 행복하네요",0,2026-05-17T13:46:39Z
MiJMZrqhs-I,UgwfpA10FBvMbXeYgFl4AaABAg,@fire-qi1gc,코래와 래퀴앰이다,5,2025-06-28T12:12:26Z
MiJMZrqhs-I,Ugz6lJkc8jN1skD_1Fd4AaABAg,@이희원-m4k,나 죠르노 죠바나는 꿈이 있다,2,2026-01-23T15:25:10Z
cSf1FjgaQlU,UgzYbZtCkESy2viNeGB4AaABAg,@Tidlsshine_8383kr,0:59 여기 존나웃김 진짜 ㅋㅋㅋㅋㅋㅋㅋㅋㅋㅋㅋㅋㅋㅋㅋㅋㅋㅋㅋㅋㅋㅋㅋㅋㅋㅋㅋㅋㅋㅋㅋ,339,2024-12-09T15:24:36Z
cSf1FjgaQlU,Ugx1D0V4oGoP_tkm9jR4AaABAg,@아니뭐야돌려줘요,2:02 성우가 연기를 잘한건지 지도 어이없어서 쪼개는건지 아직도 궁금함 ㅋㅋㅋㅋㅋㅋㅋㅋㅋㅋㅋ,1379,2021-05-07T03:29:11Z
cSf1FjgaQlU,Ugwbdw_lIvqCSuaRnC14AaABAg,@amare295,2:13 혼자 존나 멋있네ㅋㅋㅋㅋ,620,2021-04-25T12:39:05Z
cSf1FjgaQlU,UgxCQC1KHL8kNlsbk094AaABAg,@Minseob9,"0:51 ""그"" 목소리",89,2019-04-07T12:46:10Z
cSf1FjgaQlU,Ugja5bjIc1RY7HgCoAEC,@munam9705,저렇게 당당하고 멋있게 도망가는주인공도 흔치않아,1826,2017-05-13T21:31:15Z
cSf1FjgaQlU,UgwzxwDU6FdZZRkA6Vh4AaABAg,@STARFLETA2,2:01 진짜 죠셉의 저 므흐흣흐흐흐흥~ 하는 웃음소리가 뭔가 기분좋음 ㅋㅋ,46,2025-02-05T17:18:44Z
cSf1FjgaQlU,Ugz7EX-3xue-nh37xN14AaABAg,@nzambici,죠셉이 역대 주인공들중에서 가장 인간적으로 싸운편이죠 ㅋㅋㅋ 그래서 더 마음에 듬 ㅋㅋㅋㅋ,1698,2017-11-28T13:35:14Z
cSf1FjgaQlU,UgxP2pjl5qkV3-njYcJ4AaABAg,@김강욱-x2j,0:51 니게룽다요 스모키~,511,2018-02-22T16:24:59Z
cSf1FjgaQlU,UgjG2PIMDZzo9ngCoAEC,@Kasukaba09,근데 죠셉은 도망치는 이유가 본인에게 어그로 끌리게 한뒤 방심시켜 해치우는계략이라서 ㅋㅋㅋ,2544,2017-01-08T06:35:51Z
cSf1FjgaQlU,UgzMiVkw-EFpFbVyuel4AaABAg,@racoon_grass,"죠셉이 도망칠때는 웃긴데
죠타로가 도망치려하니까 간지난다는 학계의 정석",974,2019-04-06T11:03:25Z
cSf1FjgaQlU,UgxkGJGCDgleZ-YWsIN4AaABAg,@클즈-g8p,세상에 어떤 주인공이 적을 앞에 두고 튀냐고ㅋㅋㅋ 진짜 클리셰를 뛰어넘는 클라스,825,2021-09-30T13:53:49Z
cSf1FjgaQlU,UgyAz35sqyvq-cSm8bp4AaABAg,@macin-ji92cf,1:19 어이가없네ㅋㅋㅋㅋㅋㅋㅋㅋㅋㅋㅋ,31,2024-09-04T16:28:32Z
cSf1FjgaQlU,UgiYDTvqHI0o13gCoAEC,@DongWanJoo-f4q,이타치를 넘어선 새로운 탈주,3524,2017-01-05T16:17:25Z
cSf1FjgaQlU,Ugjyen9PVua2u3gCoAEC,@김세진-q7l,2:09 연기에 영혼이 담겼네ㅋㅋㅋㅋㅋㅋㅋㅋㅋㅋㅋㅋ,681,2017-06-11T05:11:01Z
cSf1FjgaQlU,UgzWSxFVkCqv_o_iXIx4AaABAg,@류정우-j3i,00:51 죠죠최고의명장면,758,2017-12-11T07:43:41Z
cSf1FjgaQlU,UggmvCdQs_RixHgCoAEC,@LuminHan-z3z,역시 야바위왕. 자손들에게 뭘 가르친건지ㅋㅋㅋㅋㅋㅋㅋㅋ,486,2017-01-06T08:43:55Z
cSf1FjgaQlU,UggNH_BnruOBxXgCoAEC,@S_terma,"나는 죠타로가 말할때
""죠스타가문에는 전통적인 싸움의 발상법이있거든""
할때 나혼자 파문!!!
이라고했는데 ㅠ",448,2017-02-10T16:19:07Z
cSf1FjgaQlU,Ugiv5ZwBp2If13gCoAEC,@아아아아아a0a,죠스타가문에서 신사는 한명으로 끝나버렸ㄷㅏ﻿,3235,2017-01-09T10:41:41Z
cSf1FjgaQlU,UgxsAk66EYlz28Kcr7t4AaABAg,@조수윤-z3b,2:23 전통적인 것 같지는 않은데..ㅋㅋㅋ,188,2021-05-05T06:10:11Z
cSf1FjgaQlU,UgxkUjD_DT35Y-wuPr94AaABAg,@WhiteCocoa-s8o,2:05,1083,2017-09-04T15:01:28Z
cSf1FjgaQlU,UghyBL6HJ-_YtHgCoAEC,@qjarhf,근데 신기하게도 항상 저 계락은 먹힘ㅋ,1695,2017-01-19T02:49:47Z
cSf1FjgaQlU,UgyDCtN0UYbAZPF1SCV4AaABAg,@Asfrdvs,2:04 빤쓰런하니까 브금 꺼지는게 킬포ㅋㅋㅋㅋ,5,2025-07-09T13:56:30Z
cSf1FjgaQlU,Ugim_u65cUlNh3gCoAEC,@끙이-v2n,디오 : 죠나단 이후의 것들은 왜 하나같이 저 모양이냐,1184,2017-02-26T15:18:42Z
cSf1FjgaQlU,Ugw1ufKf1IRjh1offNV4AaABAg,@토레-b3u,"2:05 우리가 흔히 학교,학원을 쨀때",14,2020-02-24T05:30:59Z
cSf1FjgaQlU,UgyRV4ksCrxSAYXdBlF4AaABAg,@BWeny,진짜 마지막 전법,984,2017-12-09T14:43:00Z
cSf1FjgaQlU,UggvqVSqiPTBXHgCoAEC,@신선한오징어분말볶음,와무우... 저 묵직한 몸을 가지고 귀엽지 말란말이다,477,2017-01-30T08:35:54Z
cSf1FjgaQlU,UghxX_Kig4yx3HgCoAEC,@이영우-c5h,와무우 ㅇ? 거리는 자막 왜이리 웃기지ㅋㅋㅋㅋㅋㅋㅋ,719,2017-01-10T01:45:10Z
cSf1FjgaQlU,Ugw5Gtzn8J34BAAoO4p4AaABAg,@daginkonz,2:37  여기서 쿠죠도 니게룽 다이요~!!! 이러길 기대했는데,24,2025-02-26T12:13:08Z
cSf1FjgaQlU,Ugi14WDKwTAzp3gCoAEC,@까밀레온,와무우씬은 아직도 웃기닼ㅋㅋㅋㄱㄱ,1008,2017-01-07T13:32:20Z
cSf1FjgaQlU,Ugxxzk_PnBPaPyXxNqJ4AaABAg,@sfk1031,"손자병법이지.병력을 온전하고 후일을 기약하는건 전술인데
도망안치고 전멸하는 악당들",5,2025-04-26T08:25:48Z
GmtmbXMWJ0w,Ugzpy3WUb62PLlOBqMt4AaABAg,@Mr-Lee562,"""니넨 이제 다 뒤졋다""를 아름답게 노래로 표현한거같음",380,2025-05-21T19:05:47Z
GmtmbXMWJ0w,Ugw_mcDGEs-uQWgPy-J4AaABAg,@gakdogy,모든 죠죠가 서로 싸우면 도망갔던 죠셉이 이긴다고 한다,3781,2025-04-20T02:18:49Z
GmtmbXMWJ0w,UgxqFqEFufdsqN55aoh4AaABAg,@U_Sooo_Er,"브금 듣자마자
반사적으로 “완전무결 얼트밋 카즈다“라고 왜쳐버림ㅋㅋ",4054,2025-04-20T01:19:54Z
GmtmbXMWJ0w,UgxLGoMczkIXrVhm9mJ4AaABAg,@Ebegwu,저 태양을 등진 모습이 ㄹㅇ 절망적이였음,584,2025-04-20T01:51:03Z
GmtmbXMWJ0w,UgyVqWCBF-Yhxo63rG54AaABAg,@pump_guy-roblcraft,ㅆㅂ 카즈 브금 나오고 애니 끝나는줄 알았고 영상도 같이 끝나는줄…….,412,2025-04-20T02:35:28Z
GmtmbXMWJ0w,UgxaOJZ3VcjW2R4srMN4AaABAg,@I_am_not_umjunsick,Avalon은 이 다음에 템포 빨라지고 EDM 같아지는 부분이 ㄹㅇ 개지림...,1606,2025-04-20T01:16:59Z
GmtmbXMWJ0w,UgxaErET9YODEqiRPLR4AaABAg,@Theory_of_Relativity,"카즈는 지금 돌아와도 여전히 최강이라 부를 수 있는 존재이긴 해.....
그만한 노래로서는 진짜 찰떡이다",658,2025-04-23T11:27:23Z
GmtmbXMWJ0w,UgxMx6kevAiHpdhxegN4AaABAg,@Omen_Is_Cute,카즈 브금은 사실 뒤에 나오는 일렉기타가 본체임,815,2025-04-20T01:25:47Z
GmtmbXMWJ0w,Ugxd9v3lrTaT-hOH5RN4AaABAg,@vortigaunt4422,소름이 돋고 저절로 무릎이 꿇려지는 선율,424,2025-04-20T01:21:53Z
GmtmbXMWJ0w,UgxGloQ2qVVJ6pVAPzx4AaABAg,@고명지꺼이싷,이럴 때 니게룽다요를 사용하는 거다,58,2025-06-02T11:56:44Z
GmtmbXMWJ0w,Ugw7nYoCoue_v6hJej54AaABAg,@응가-x4c,기둥게이 ost가 ㄹㅇ 맛도린데,190,2025-04-22T10:30:08Z
GmtmbXMWJ0w,UgxLvSSJ7BTtDFbEw-V4AaABAg,@양준혁-q2b,경배하고...무릎을 꿇고싶어진다...,167,2025-04-20T02:32:04Z
GmtmbXMWJ0w,UgzoUv8SzcjIsOuYtuN4AaABAg,@ForestAndy,아름다운 절망....이거지,81,2025-04-20T03:56:44Z
GmtmbXMWJ0w,UgwTMAbqYrhW2dJ1_a14AaABAg,@대충이름-r5p,"이런 카즈 계열의 캐릭터가 다루기 힘든 이유가 일단은 저 경지 까지 끌고가는것도 어려움

와.... 뭐 이런놈이 다있음...? 이걸 어캐 죽이냐...?
의 연출을 잘 해야 하고 이 뒤에 이걸 죽이는 방법을 기가막히게 가지고 와야함 ㅋㅋㅋㅋㅋㅋ

보통 불사신 캐릭터 만들때 머리가 삐꾸 당해버리면 위엄이 떨어지는 편인데 카즈는 머리도 좋고 불사신의 느낌과 몇 안되던 약점마저 없어져서 ㅈ됐다의 느낌이 되게 강하게 들음 ㅋㅋㅋㅋ

이거 못한게 옆동내 1000살 흡혈귀임 촉수물 휘적휘적이랑 안된다 대학원생....!! 날 두고 취업하러 떠나지 마라 교수님 엔딩 나버려서 ㅋㅋㅋ",16,2025-04-22T13:02:37Z
GmtmbXMWJ0w,Ugx972gjjtnRKdq6DJ14AaABAg,@Yu-Gi_1111,"완전 생명체로서의 경이감을 느끼는 오케스트라곡 뒷부분에 
카즈의 파괴성을 느끼게 덥스텝으로 조지는 부분이 진짜 맛있는데",39,2025-04-24T06:15:44Z
GmtmbXMWJ0w,UgyHGb9YvokWqtguNGt4AaABAg,@최정훈-n2g,2부가 ost 다 잘 뽑힘,51,2025-04-20T02:45:41Z
GmtmbXMWJ0w,Ugyh1nrFA71rL0EHSOF4AaABAg,@어나더플레이어,최강자에 걸맞는 테마곡이다 오죽하면 이긴 방법이 우주로 보내서 이기기냐..,9,2025-07-05T02:32:20Z
GmtmbXMWJ0w,UgzQFqPvcH6kNRqVzXV4AaABAg,@달빠먼지_UkonGenius,"곡 이름 또한 죽음과 노화가 없는 즐거움만이 있는 세계 ""아발론""인 만큼 카즈가 태양을 극복함으로 진정한 불로불사 된 것, 머나먼 이상에 도달한 것을 잘 표현한 노래죠!",43,2025-04-21T00:42:50Z
GmtmbXMWJ0w,UgwA-_nOVytEX9mYwUR4AaABAg,@ka-sx6zl,진짜 끝나는줄 알았다.,30,2025-04-20T04:37:50Z
GmtmbXMWJ0w,Ugzr4_0OCyEtyqRXh4t4AaABAg,@moon-cm6uq,"영상에 나온 에픽버전 ost 만드신 분이 avalon도 리믹스 해주셨는데 꼭 한번 들어보셈
진짜 원곡의 분위기에 웅장함이 깔린 느낌임",40,2025-04-20T05:52:25Z
GmtmbXMWJ0w,UgzdhXOhnYE3mobnRSt4AaABAg,@princess_itan,진심 뭔가 말로 표현하기 힘든 그 아 얏됐다 싶으면서도 뭔가 오묘하게 희망차다고 해야하나 좀 그 복합적인 감정이 들면서도 그냥 이제 어쩌냐 싶은 수준이 아닌 그냥 체념하게 되는...뭔가...되게 그럼,11,2025-04-21T08:35:49Z
GmtmbXMWJ0w,Ugxv7gOJRI2iqhjYfqx4AaABAg,@illillililiiliillliliilllilili,"태양도 극복 못한 범부 따위가 어찌 카즈 옆에 서려 하느냐, 무잔!",18,2025-05-31T23:21:12Z
GmtmbXMWJ0w,UgzAcRHmIeK7AluOA2d4AaABAg,@komin-g6q,진짜 기묘하면서도 황홀한 느낌의 보스 bgm,8,2025-04-20T01:35:26Z
GmtmbXMWJ0w,UgzikwIeiyIZQDUavPl4AaABAg,@I-NEED-COFFEEEEE,"""경외하라. 나는 섬기는 이 없는 완전의 집결체다.""",54,2025-04-22T13:04:23Z
GmtmbXMWJ0w,UgwTUODnIYUGbbn45ax4AaABAg,@누구-is_who,저 이후에는 카즈의 기분이 반영된건지 왠 최고로 High한 비트가,6,2025-04-20T01:16:56Z
GmtmbXMWJ0w,UgxFrKZ_kRgYIPTdu_B4AaABAg,@실문이_silmoon466KOR,"요새 2부 OST가 너무 맛있더라고요
1부보다 장르 스펙트럼이 넓고 다양해서 그저 즐겨 듣기에도 좋고, 새로운 시도들도 많아서 신선하기도 합니다
개인적으로는 금관 앙상블이랑 덥스텝을 진짜 적절하게 버무린 와무우 테마곡인 Burning Colosseum이 호감이 가네요
스피드왜건이 전용기에서 내리는 첫 장면, 죠셉 Vs 와무우 전차전 준비하는 장면, 어둠의 일족 백스토리 설명하는 장면에 나오는 Field of fright도 어딘가 불길한 예감+뭔가 본격적으로 시작되려는 두근거림이 동시에 느껴지는 매력이 있어서 좋아요
후일담 장면에 나오는 Season은 ""천개의 바람이 되어(그대 내 무덤가에서 울지 마오)""를 오마주한 듯한 가사가 짠합니다",69,2025-04-20T01:20:54Z
GmtmbXMWJ0w,UgyRHKAFhtu_WXXDgdJ4AaABAg,@Lesson5는_이걸_위해서,아발론 : 천년끝에 홀로 도달한 이상향,7,2025-04-22T13:59:17Z
GmtmbXMWJ0w,UgxeJ-H54cf732sx83p4AaABAg,@sleepytoomuch2489,갠적으로 죠죠 시리즈 중 가장 좋아하는 시리즈임.,2,2025-04-26T03:51:33Z
GmtmbXMWJ0w,UgxYVKGAuoZgBSD-6YZ4AaABAg,@조Joe,“아이야이야이야아아”,4,2025-09-03T16:16:06Z
GmtmbXMWJ0w,UgyP2yKAlOpVWlUklal4AaABAg,@김무진-z4s,얼티밋 씽 카즈,3,2026-04-07T04:27:43Z
R4ULqxfyd5g,Ugy1tjzB3UEgYUMw-r54AaABAg,@애니인포,"미쳐버린 애니. 죠죠 스톤오션 1편
https://youtu.be/Ll6MA993X6E?si=xtc6T6JxAghMdNTj",2,2023-11-19T11:44:08Z
R4ULqxfyd5g,UgzUJI_PBw4GWJcD6oF4AaABAg,@user-ol1ru1ye2w,썸네일만 보면 웬 미친 애니 같네 ㅋㅋ,13,2023-11-19T09:53:55Z
R4ULqxfyd5g,UgyWIcWXpkM_a-PM47h4AaABAg,@밀키수-v1q,12:05 웨더 리포터(은발 안나수이(핑발,2,2023-11-19T13:14:10Z
R4ULqxfyd5g,Ugx-CcEQ1CdNAasZF2Z4AaABAg,@HOSHlNO_lCHlKA,와 이분이 드디어 죠죠를,0,2023-11-19T11:20:44Z
R4ULqxfyd5g,UgzEFtaOyrF1LV47qlV4AaABAg,@갈매기무적,이것으로 너의 세상으로 떠날 수 있군 디오!,0,2023-11-19T09:49:35Z
R4ULqxfyd5g,UgwruANEiAuILUGkO2p4AaABAg,@원균수,마블보다 더 방대한 죠죠 유니버스,2,2023-11-19T07:39:47Z
R4ULqxfyd5g,UgzUgK73jTY71bxPK2J4AaABAg,@성이름-h7h2i,바키보다는 더과학적인..,0,2023-11-19T16:10:38Z
_S0KdKaDmYw,UgwnrnE4uvLKV2yEa8J4AaABAg,@ansdmsgh,2:18 *지렸다* 개간지,1086,2020-06-02T09:22:25Z
_S0KdKaDmYw,Ugyvl81wJWwr7NUkD914AaABAg,@발리송-i8j,1:36 여기가 고트임,41,2025-12-02T14:49:17Z
_S0KdKaDmYw,UgygLUUIh7jR_jZZDjd4AaABAg,@멘블,4:00 이 말만 안했어도....,365,2020-09-02T16:10:48Z
_S0KdKaDmYw,UgzypajHIWagLjw1H9F4AaABAg,@dddddd2714,ㄹㅇ 죠나단 성우분은 ㅈㄴ 열정적인데 죠나단 얼굴보면 ㅈㄴ 침착햌ㅋㅋㅋㅋㅋㅋㅋ,2889,2018-08-06T14:50:33Z
_S0KdKaDmYw,UgwJ2zZv9eMBoAdmdvd4AaABAg,@Cutie_Jack,4:01 너때문에 살아난거잖아,33,2021-06-11T12:29:20Z
_S0KdKaDmYw,Ugj30eyiZE-bQ3gCoAEC,@default8420,이제보니 우리 아버지는 파문 전사셨군 주무실때마다 파문 호흡법을 쓰시더니,3398,2017-01-23T03:51:50Z
_S0KdKaDmYw,UgxPRq_mZ3eL0rhbPld4AaABAg,@이언정-z3f,5:12볼때 마다 자세 ㅈㄴ웃기네ㅋㅋㅋㅋ,393,2020-10-28T09:14:21Z
_S0KdKaDmYw,Ugyo-qhWNZNd5HJrkq14AaABAg,@박세빈-v1f,3:45 아니 그런 말 할시간 있으면 피하라고...,307,2020-07-21T08:07:52Z
_S0KdKaDmYw,Ugw_Y_PEueNpVVSOWl54AaABAg,@yayaki-p4h,1:38 명장면 ㄹㅇ ㅋㅋㅋㅋㅋㅋ,37,2021-09-01T12:33:50Z
_S0KdKaDmYw,UgyUzHP67b4T0Px0kqV4AaABAg,@none-ef8mv,2:38여기 별 나오네 떡밥 ㄷㄷ,605,2020-11-14T14:07:17Z
_S0KdKaDmYw,UgyasSNP6588LEie9tV4AaABAg,@천공-d5d,고전적인 영웅...그래서 죠나단이 지닌 순수함에 반하지 않을 수 없었음 ㅠㅠㅠㅠㅠㅠㅠㅠ 죠죠 주인공 통틀어서 가장 좋아하는 주인공입니다,655,2022-01-14T07:19:29Z
_S0KdKaDmYw,UgxZnWpAccITYuhuzpt4AaABAg,@justicemonster3122,"1:35 ""그""장면",17,2020-10-22T14:05:58Z
_S0KdKaDmYw,UgwdEZc5MtOhIQN43VB4AaABAg,@Jeolmeuni3,3:58 다시보니까 디오 봐줬네,21,2019-02-17T01:27:55Z
_S0KdKaDmYw,UgyxCayrtZDJT7yUEMB4AaABAg,@필드-k6y,"죠나단은 뭔가 그냥 보고 있으면 위대함이 느껴짐 다른 죠죠들은 다 멋있다는 생각 드는데
머리에서 가족사 그려져서 찡해서 그런가",912,2020-04-18T20:48:00Z
_S0KdKaDmYw,Ugi-vxBR7i6KxHgCoAEC,@DEKACHICHI-3x,"죠나단: 자신의 힘과 파문을 이용
죠셉: 머리를 써서 상대를 함정에 빠트리고 파문을 이용
죠타로: 일단 뚜까패고봄",1805,2017-04-25T14:43:20Z
_S0KdKaDmYw,Ugx-mzT6-WiLjBFKf1N4AaABAg,@NabyNaby559,1:08 역시 그 핏줄,467,2018-12-06T15:00:25Z
_S0KdKaDmYw,Ugz179upiV180uDuFZB4AaABAg,@손해원-r7e,1:38스타 플레티나 만큼의 스피드를 내는 그는 얼마나 강한것인가......,362,2020-12-16T13:53:14Z
_S0KdKaDmYw,UgyA-gHtDnf8waZkTLt4AaABAg,@진격의잼민-i1h,"4:54 1부 마지막인줄만 알았던 ""그""장면",95,2021-05-13T06:32:46Z
_S0KdKaDmYw,UgxenFBtJ5OqGT01wyV4AaABAg,@훈-u3l,3:53 비명소리 개웃겨ㅋㅋㅋ,71,2020-12-01T10:08:46Z
_S0KdKaDmYw,UgwoLIshY3dBqk-YqpF4AaABAg,@300mm4,4:46 머리만 날아가는 거 왤캐 웃기냐,35,2019-07-08T06:21:00Z
_S0KdKaDmYw,Ugynn6ad9IqYFb8VcbJ4AaABAg,@spastink6327,"죠나단은 인간같지 않은 신체능력, 역대급 파문출력과 재능도 있지만 가장 큰 무기는 숭고함과 그를 실천하려는 의지인듯
진짜 보면 경의라는게 가장 어울리는 주인공임",1062,2020-10-07T12:56:50Z
_S0KdKaDmYw,UgxVLigEnV-yGWBUrrN4AaABAg,@ShionFlina,"1:27 희대의 명장면..
요동친다 하트!  불타버릴 만큼 히트! 혈액의 비트! ~~오버드라이브!!!",11,2022-11-26T11:29:45Z
_S0KdKaDmYw,UgzNWe5mFFtVngHi-Qt4AaABAg,@user-oversky,1:28진짜 피지컬이 스타 플레티나 뺨치는데?,651,2019-07-21T05:12:20Z
_S0KdKaDmYw,Ugyk6K0udLBeJWR4osJ4AaABAg,@멜론크림빵13512,4:18 개인적으로 이 대사는 명언이라고 생각해요.,44,2023-03-05T16:03:39Z
_S0KdKaDmYw,Ugw_BdbQb7F0z1fiqh94AaABAg,@루포-p6t,"1부 파문의 시작
2부 파문의 응용
3부 스탠드의 시작
4부 스탠드의 특수능력
5부 스탠드의 능력심화
6부 일순의 시작
7부 일순 후의 새로운 이야기
8부 잃어버린 기억을 찾아서",40,2019-07-01T01:26:38Z
_S0KdKaDmYw,UgwOLnmC6bgiMfFz6K14AaABAg,@김현식-h6o,이 영상이 4년전에 날 파문전사로 만든 영상이네,34,2025-04-02T15:42:47Z
_S0KdKaDmYw,Ugz9e2fLPee2ammKLuR4AaABAg,@Snxnxnsjxnsnsns,역대 죠죠중 순수육탄전 원탑ㅋㅋㅋㅋㅋㅋ평범한 인간이 흡혈귀랑 맨몸으로 다이다이뜸ㅋㅋㅋㅋㅋ,15,2020-04-12T17:22:26Z
_S0KdKaDmYw,Ugx3ZzAIcSg5pEQh0Qd4AaABAg,@tmgks9181,죠나단의 싸움방식: 파문이랍시고 물리공격 >> 물리공격 성공시 격파>> 실패시 파문이 깃들었다며 마무리 대사치고 승리,883,2017-10-10T13:51:39Z
_S0KdKaDmYw,Ugx0jqUVBUJbP13BUsh4AaABAg,@justhyeon,1:27 killing point,22,2021-07-14T07:50:29Z
_S0KdKaDmYw,UgzGjDyrJ-_nVndOiqV4AaABAg,@ndsjrrkq3656,"4:17 
???: 해냈다!

아니야!",77,2019-11-02T08:23:09Z
yu75DzO85a8,Ugzh4AfcohQIIvWn6gR4AaABAg,@Ian621gd,다 개지림,0,2026-05-05T16:24:27Z
0_uvGEGdAAk,UgzYZGOVqdDYPjjUokt4AaABAg,@라붕이-o3t,"3:04 이때 본체 따라서 스탠드 손 따라오는거
연출 맘에 들었음 ㄹㅇ",76,2021-12-18T11:17:19Z
0_uvGEGdAAk,UgwiCN7Ah9fOuxoBDbV4AaABAg,@근사-r5z,1:57 죠린 놀라는 소리 개 귀엽네,86,2021-12-26T00:30:21Z
0_uvGEGdAAk,UgyPmGbcPNns-8f_7jZ4AaABAg,@YSzzang123,6부 2쿨은 징벌방인데 가독성때문에 기억안나서 애니로 정주행 기대중,22,2021-12-14T08:28:46Z
0_uvGEGdAAk,UgxJ3YN1-qSFe_Z7vKN4AaABAg,@강환영-j6n,3:40 와 지림,9,2023-01-19T02:20:35Z
0_uvGEGdAAk,Ugz7PndjBM8xopr2AeF4AaABAg,@Qwertt0119,이부분 연출 진짜 지렸음 ㅋㅋㅋ 원작초월 연출,21,2021-12-18T07:53:17Z
0_uvGEGdAAk,UgwMNBNMhWYlk-wwg8l4AaABAg,@realy_555,"3:30 명장면 온...
비트다운",6,2022-05-15T01:56:47Z
0_uvGEGdAAk,UgwPGjS-7AO2f-v4caR4AaABAg,@zhgg32,3:30 진짜 길이 길이 남을 명장면인데 왜 아무도 언급 안해주냐... 여기서라도 봅니다 감사해요,1,2024-11-19T15:42:39Z
0_uvGEGdAAk,UgxZ14PnO4N4bGv4NF94AaABAg,@user-clder,마지막 오라오라는 자막이 너무 좋았다,0,2022-08-10T23:14:57Z
0_uvGEGdAAk,UgwVNK7QI1vAl7QQIXh4AaABAg,@Mint_Jjabbagury,성우 마지막 오라! 할때 개소름돋음 ㄷㄷㄷ,0,2023-03-27T10:05:51Z
0_uvGEGdAAk,UgwLElacFcIeW5ppElt4AaABAg,@밴버거,브금 뽕맛 지리네,0,2022-08-05T09:41:48Z
0_uvGEGdAAk,Ugz_NJJlQmj97c8aikt4AaABAg,@justaxe-11,3:35 짧고굵은 비트였다....,16,2022-01-25T12:48:13Z
0_uvGEGdAAk,UgyfREIuo7hA1fidkPt4AaABAg,@땔감발견,넷플 6부 언제나옴...,7,2021-12-10T04:58:34Z
0_uvGEGdAAk,UgwRTBhT5kA0r6lffYB4AaABAg,@주인잃은모자,영상소스 어떻게 구하셨나요? 제가 알기로는 넷플은 녹화가 안되서,4,2021-12-16T13:14:10Z
0_uvGEGdAAk,UgzckBavJYaCks46b3h4AaABAg,@taryro7339,심지어 공기가 너를 나한테 데려와 주네! 이거 뭐 메가톤맨임?,0,2025-06-28T23:37:28Z
0_uvGEGdAAk,UgyJj4Eq4eQlI4WaI5d4AaABAg,@phk9476,랑그랑글라,8,2021-12-12T12:08:06Z
0_uvGEGdAAk,Ugw6WKsYN2lkXBrbiTB4AaABAg,@멘탈폭탄,저 러쉬맞는애스탠드는뭐임?뭔데 나사랑볼트를장전함,1,2022-01-09T12:45:40Z
0_uvGEGdAAk,Ugz4hMsaxSyLj6wXFnZ4AaABAg,@byendy8302,3D연출  데이비드프로덕션 원랜  장난감회사도 같이있는회사이지만  진짜 애들회사프레임은 죠죠1부때일어났다  그당시에 애들 만화 조지게했다는걸 옅볼수있었다는점  역시 3D회사에재왕  3D엄청많네,0,2022-06-01T10:28:52Z
0_uvGEGdAAk,UgxQI6DLO88oYn7-mCR4AaABAg,@행운-k2e,랜그랭그러,0,2022-03-26T02:25:34Z
0_uvGEGdAAk,UgxuR29oT2HNnY8wnQN4AaABAg,@dr.bong1313,왜하필 69번이야,0,2022-05-15T22:18:04Z
0_uvGEGdAAk,UgwpcXXo43hJS22WYM14AaABAg,@user-zj7cc6jt7c,"죠죠 6부 망작이라든데 이걸 명작으로만드네;;
(리스펙트!)",8,2021-12-18T10:01:03Z
0_uvGEGdAAk,UgzoW2x2NhnLEthsTC94AaABAg,@으잉-i7z,5부 노잼이엿는데 6부 개꿀잼이네,15,2021-12-13T18:05:56Z
0_uvGEGdAAk,UgzxcyTK01biE6IqdtB4AaABAg,@SukDanMuG,"왜 나는 3부나 4부 때보다 타격감이
줄어든 것같은 느낌이지..",1,2022-01-31T12:50:47Z
oXWjGFe5zZM,Ugyq08Ao5tClvTPCgF14AaABAg,@uwimanagisele4605,Nice Jojo,3,2023-08-15T13:09:07Z
0ldKyg8rmUY,UgymT8I7jHm_rkOAcQx4AaABAg,@NukeAMV,Re uploading my old Jojo Manga vs. Anime videos/AMVs.,0,2018-04-05T20:18:17Z
0ldKyg8rmUY,UgyTks_2PDC5zlyyapl4AaABAg,@domecity,"wow, I never realized how much less expressive the anime can be at times until now",1,2019-03-14T09:39:03Z
TZGZZrPJd2k,Ugx2optH8bncxXJOtcl4AaABAg,@dldksja01o,"근데 말라졌을때 올마이트 말고 근육질 올마이트가 ""내가 왔다"" 하는거 ㄹㅇ 일본이 압도함",24,2023-10-12T14:55:27Z
TZGZZrPJd2k,UgwzU3PPZOyT-YSJAY14AaABAg,@백상아린데,역시 성완경 성우님..크으ㅡㅡㅡ 목소리 너무 좋으시다..,23,2022-08-06T02:22:18Z
TZGZZrPJd2k,UgzFnofC1GOjFRb7ycN4AaABAg,@whrwpql1010,성완경님 너무 좋아ㅏㅏㅏㅓ,8,2022-08-29T06:03:37Z
TZGZZrPJd2k,Ugz37L8z9rRMGK9qrJF4AaABAg,@ariggatto7777,미국꺼는 약간 어벤져스같은데,8,2023-01-02T08:12:44Z
TZGZZrPJd2k,UgwhlwqXX8pD0P0_mRV4AaABAg,@마리모-TV,올마이트 소리 미첬누.,0,2026-06-30T14:27:01Z
TZGZZrPJd2k,Ugz5a0luas1phjf1pyt4AaABAg,@농농단-l8e,출혈 5스택 쌓아서 궁으로 대가리 터트릴거같은 목소리,1,2026-03-04T13:10:03Z
TZGZZrPJd2k,UgwTWReEv1Db5CYzGBt4AaABAg,@Z-존엉덩이,원본이좋아!,14,2021-12-05T11:47:58Z
TZGZZrPJd2k,UgxoF0Y2oDnsnws4Ea94AaABAg,@godjunFe1830,한미일 다 잘된듯!,4,2022-10-01T05:48:36Z
TZGZZrPJd2k,UgzCQ2HFLfmnc6ls5RF4AaABAg,@당토,아니 진짜 목소리 다 좋은거 너무 사기 아닌가요ㅠㅠㅠ 사랑할 수 밖에 없어요❤,0,2026-03-01T08:25:02Z
TZGZZrPJd2k,Ugzw7HB81dO2Yx_db2R4AaABAg,@bakjeonghun,한국이랑 일본은 서로 뭔가 목소리가 비슷한데 미국은 다름,0,2025-12-29T15:41:45Z
TZGZZrPJd2k,UgwxgQHEk-mOQlhjQ4R4AaABAg,@faceoff1335,전문성우랑 차이가 크구나,1,2026-04-11T05:54:28Z
TZGZZrPJd2k,Ugx8IawN57fCep4xxzV4AaABAg,@dldksja01o,일본어로 밖에 안봐서 일본어가 익숙하긴 한데 한국어랑 미국도 좋음,1,2023-10-12T14:48:56Z
TZGZZrPJd2k,UgzOGBLW__esg9fe02V4AaABAg,@dksl,성우 비교 모음▶ https://youtu.be/ZFF2BpZ6_KM,0,2022-02-03T07:11:43Z
TZGZZrPJd2k,UgyJKZlospUumX6Aj5V4AaABAg,@평범한중딩-i9s,토토토리코?,0,2022-11-19T12:44:39Z
TZGZZrPJd2k,UgwpIjGao2I5aDE9eH14AaABAg,@박준협-i2c,한미일 어벤져스 총 출동한 느낌.^^,1,2023-07-13T01:58:56Z
TZGZZrPJd2k,Ugw2zn79hFj4CLcLdvF4AaABAg,@아연-e9e,올마이트는 더빙이지,5,2022-09-12T11:58:40Z
TZGZZrPJd2k,UgzmlDx7CV-5_V1mMst4AaABAg,@남성서제민,귀도곤성우아니예요,1,2023-01-10T13:31:25Z
TZGZZrPJd2k,UgwiKCeR25BcQ0QiF354AaABAg,@엘빈-l6z,한국성우는 껄렁한 빌런느낌이 있어서 안어울림,0,2026-04-28T14:00:26Z
g17rZGyDAlk,UgzHX8Ru8Oal1rYT8S94AaABAg,@helloellie4874,영상들 너무 즐겁게 시청했어요! 얼마나 행복했을까요 :),1,2021-04-14T06:55:52Z
MxKJWWCEO_U,Ugx8NurTe9haRdmN98J4AaABAg,@OVER-ir3dk,이걸로 오늘 아이들의 동심이 파괴되었습니다,11,2022-03-07T13:33:51Z
MxKJWWCEO_U,Ugz823Kbvi_VC6zcEzd4AaABAg,@mandelacatalog3515,"""그렇다 죠스타가문은 대대로 츄미밍(?)을 좋아했다""",3,2022-08-06T12:14:59Z
MxKJWWCEO_U,Ugz_M2LgFLNA5ugLNnV4AaABAg,@goyakhan58hero,""" d4c! ""
치링치링 ~ 츄미밍 ~",0,2022-10-31T11:05:48Z
MxKJWWCEO_U,UgyEqNikIWUt6Y7hmcp4AaABAg,@박진영-l7q6h,아오 드러움 마지막 장면 ㅋㅋㅋ,1,2022-06-13T05:48:35Z
MxKJWWCEO_U,UgwtwhFrGQZiv5KVTkV4AaABAg,@uahhh23,ㅋㅋㅋㅋ나도 이생각 하고 클릭했는데 ㅋㅋㅋ역시 죠죠는 통한다 터스크 아크트 4!,1,2022-08-09T00:07:44Z
MxKJWWCEO_U,UgzurO69UxH4qhoH4l94AaABAg,@김순선-b4f,내가 뭘 본거지,0,2022-06-21T08:58:02Z
MxKJWWCEO_U,Ugzk-4NYHVzDPPucu714AaABAg,@LoV-KoV,"츄미ㅣ밍 소코다ㅏㅏㅏ (퍼방)
그렇게 7부는 끝났다",0,2022-04-05T23:55:36Z
MxKJWWCEO_U,Ugy6b1QjNIt0LzqW-DF4AaABAg,@Beliaruuuuuu,"어린이들에게 죠죠를 바로 가르치는 모습이 아주 보기 좋군요.
이걸로 스탠드 술사가 더 늘어날터이니 빨리 정신력 단련을...",1,2022-10-18T09:22:08Z
MxKJWWCEO_U,UgzCCp85PRHVFRuW3Dd4AaABAg,@아파톡톡,알고리즘 대단해!,0,2022-05-22T19:31:17Z
MxKJWWCEO_U,UgyJNBhweKd75OExVn54AaABAg,@기요밍-k8p,ㅗㅜㅑ 동심 파괴,0,2025-03-01T16:35:42Z
MxKJWWCEO_U,UgzCe06p1Dk9GksD9qh4AaABAg,@noriyakki,3부 츄미밍이면 더 레전드인데,1,2022-05-02T14:42:35Z
MxKJWWCEO_U,UgyXAyk4Ubn0pQ0nByF4AaABAg,@에에엑-o1y,마지막에 뿜었다 ㅋㅋㅋㅋㅋㅋㅋ,0,2022-07-30T12:38:33Z
MxKJWWCEO_U,UgxnIYLukJS0rHn-C7R4AaABAg,@therealgogito01,ㅁㅊㅋㅋㅋㅋㅋㅋㅋㅋㅋㅋㅋㅋㅋㅋ,2,2022-06-06T10:28:23Z
MxKJWWCEO_U,UgziIzzIUkEM6sQh65h4AaABAg,@원은재-y1p,Secret Jojo,0,2022-06-23T14:26:08Z
MxKJWWCEO_U,Ugy0I0hI6Ku6N8GtNPV4AaABAg,@OoooO00587,마지막 5명 구도 일부러 맞춘건가?,0,2022-10-05T13:22:28Z
MxKJWWCEO_U,Ugx-MJx8zoqkzIs6Ush4AaABAg,@salkwaeng2,ㄹㄹㄹㄹㄹㄹ롸?,1,2022-03-06T09:16:33Z
ljRk7kEj7jk,Ugwd1kEichuekbo3BFJ4AaABAg,@balrra3927,"Lagu: See tinh Speed up

Maaf klo salah
Pin buat info sejuta viewers mbok🗿",2,2022-05-15T13:23:41Z
ljRk7kEj7jk,UgzDZjVuiSrwoBti39h4AaABAg,@cahayakhanamaryam767,"Bagus Bett,Editan mu bestihh 100000000000/100🗿😊👍🏻👍🏻",2,2022-05-04T01:31:13Z
ljRk7kEj7jk,UgwgUJHQ3OLTSIjRGC54AaABAg,@_cnndy6540,"Nice 🐧✨
Rate:10% canda 🐧
Rate:80%
Moga menang 🐧",1,2022-04-26T13:38:08Z
ljRk7kEj7jk,Ugwv5DWvyV7KVc1JhvR4AaABAg,@diarikanaecnndy8059,Keren rate rahasia,1,2022-04-26T13:27:24Z
ljRk7kEj7jk,UgykgsziWrYvmCWK9ox4AaABAg,@mokaahoshizora,Tutor yg terakhir dong,2,2022-05-06T02:01:19Z
ljRk7kEj7jk,UgzOCcZwACjogy15v514AaABAg,@RalpN,Keren,1,2022-04-28T03:01:06Z
ljRk7kEj7jk,UgzEaBuUfGpzMzbX_id4AaABAg,@Yukarihaname,"Nice ✨
Btw foto pertama,doma mau di pukul sama shinobu tuh :v",2,2022-04-26T09:50:59Z
ljRk7kEj7jk,UgzBrPORPuFvo_wnBY14AaABAg,@MuiZah_San,"Keren 
Btw nama dj nya see tinhh hoangg 🗿",1,2022-04-26T11:20:20Z
HO-OXwUrxzc,Ugyx_pTl1g4iUcunY8x4AaABAg,@kimyouknow,"풀버전 보러가기
https://www.youtube.com/watch?v=paDx2A9h0ts

Mr
@ (5 : 50~)

부족한 부분은 댓글로 피드백 남겨주시길 바랍니다. 좋은 피드백은 언제나 환영입니다.",0,2023-02-21T12:03:03Z
6BwzOOjqY6g,UgyEg_cqC_tOxfwERKp4AaABAg,@sooplog,직접 일본 가챠샵에서 뽑았습니다~ 위치 공유는 불가능해요!🥲,176,2025-02-19T13:29:51Z
6BwzOOjqY6g,UgzPwM4jnZD5GbkC_cJ4AaABAg,@raincease,ㄷㄷㄷㄷ퀄리티 무슨일😮,469,2025-02-16T16:01:48Z
6BwzOOjqY6g,Ugx5Znl_o6x28L97lrF4AaABAg,@형유조아,저거 너무너무 가지고 싶었는데 다팔리고 없어서 속상했던 기분을 이거로 대리만족 합네다 ㅠ 넘넘 귀엽고 오밀조밀하네유 ㅠ 언젠간 꼭 찾아넬것입니다 ㅠㅠㅠ,123,2025-05-01T16:12:00Z
6BwzOOjqY6g,UgwPusQT7njv3k73aTd4AaABAg,@린린-h1e,미니 피아노 너무 탐나는데요 ~~  400엔에 연주가능한 피아노라니 ㅎㅎ 대혜자다😊,95,2025-02-16T01:32:44Z
6BwzOOjqY6g,Ugy_j6FMNCjdBsOtNMR4AaABAg,@바다-q6f,너무 귀여워요…저도 일본 갔다왔어요 ㅋㅋ❤,3,2025-07-28T06:40:40Z
6BwzOOjqY6g,UgzxhRh2eL0ddEl34E94AaABAg,@Da.x_eun,제 친구도 그거 있던데 넘 기엽더라구염❤❤❤,2,2025-05-31T09:50:55Z
6BwzOOjqY6g,UgxSSgLABsahF7avERN4AaABAg,@Leezio0,오아 레전드 퀄리티..,0,2025-08-17T16:26:34Z
6BwzOOjqY6g,UgySdmugKpBurV1edL94AaABAg,@jaesookyu9106,귀엽디 탐나여,1,2025-09-13T03:03:49Z
6BwzOOjqY6g,UgwUKNEFlBkVVYTJPYZ4AaABAg,@무카스샵,돼박이다 귀여웡❤🎉,2,2025-05-24T09:16:59Z
6BwzOOjqY6g,UgxvkAhZ1j42shc8-Ux4AaABAg,@jhemilynathally9849,귀여워😊❤,0,2026-07-08T13:47:34Z
6BwzOOjqY6g,Ugyuez4cKBhZyXyqXKV4AaABAg,@허공주-i4f,나듕 저거 갖고싶당,4,2025-02-17T17:23:34Z
6BwzOOjqY6g,UgxRdPkWYcP2K6YUl1V4AaABAg,@yu_2lm-g6e,그거 저두 샀어요!!,5,2025-02-17T15:07:11Z
6BwzOOjqY6g,UgwpPNxjW5fvWQqicmh4AaABAg,@jej80201081,저도 사줘요!,0,2025-12-25T11:05:27Z
6BwzOOjqY6g,UgykIC6oRV-kswGP7Vd4AaABAg,@NatureYoo,우왓❤,1,2025-02-16T01:00:51Z
6BwzOOjqY6g,Ugzb_RoqMfjQUAjNipl4AaABAg,@정민구-e5w,헐 갔고싶다 ㅠㅠ 아빠는 끌고가는데 힝 ㅋㅋ,0,2025-10-03T16:29:02Z
6BwzOOjqY6g,UgwRI8yOQUwFIsO82op4AaABAg,@동그라니-DONGGEULANI,너무 귀엽고 좋아요❤❤ 그런데 화음 가능 하나요??,0,2025-07-15T08:54:21Z
6BwzOOjqY6g,UgxBqwWqhxzkH6aejol4AaABAg,@raccoon0104,귀여워❤❤❤,0,2025-07-03T09:18:15Z
6BwzOOjqY6g,Ugyuxb4nQTLDO-hH6Ex4AaABAg,@윈_섬,검은 건반은 사용이 되나요?,8,2025-02-19T12:31:04Z
6BwzOOjqY6g,UgyaHq4cDRURkSrUiTJ4AaABAg,@hor401,음이 전체적으로 애매 한데?,0,2025-12-30T05:07:04Z
6BwzOOjqY6g,UgxVbDKkGaMNcPMmG0h4AaABAg,@MILK-STUDIO_S,신기,1,2025-09-24T12:33:40Z
6BwzOOjqY6g,UgxkM_2K7fIlDkyjvyB4AaABAg,@오잉-b8w7r,저도 있어용~!!,1,2026-04-25T11:23:17Z
6BwzOOjqY6g,UgyQttqCqIGJpT9kQON4AaABAg,@게임하는콜라1972,저거 많이 모아서 캐리비안 해적 쳐주세요(?),0,2025-12-16T07:39:25Z
6BwzOOjqY6g,UgxHIgRr9ZPAjK7jZyB4AaABAg,@이도율-s4f,나였으면 젓가락으로 젓가락 행진곡 하겠다,0,2026-07-03T12:34:28Z
6BwzOOjqY6g,Ugw_GBFfSVfN29VycBt4AaABAg,@oatmeal3644,헐 연주 되는거인줄 모르고 안샀는데…,1,2025-05-17T13:37:44Z
6BwzOOjqY6g,UgxoWq8eMnoR8MagX5d4AaABAg,@베리-k4e,용산역 팝업에 있어서 6천원에 뽑았는데 사용 방법은 이제 알았네요😂,0,2025-07-08T11:18:12Z
6BwzOOjqY6g,Ugxc_iucDKVsZFzFBtJ4AaABAg,@김브루스-i3h,나도줘,0,2026-03-18T13:14:51Z
6BwzOOjqY6g,UgxIyd9dcmHvWBTgbC54AaABAg,@김경조-d8k,이런버전미니리코더도있어요,0,2026-04-29T10:57:42Z
6BwzOOjqY6g,UgxoZTzf26fIXsOWjDd4AaABAg,@희동911,이거 이서 휴게소에 여자 화장실쪽에도 팔더라고요 ㅎ❤,0,2025-08-09T11:04:02Z
6BwzOOjqY6g,UgyttGb80f1Drkar5NR4AaABAg,@나는냐-k4w,일단 저걸로 칠 수 있는 곡 뭐 있지? 음 다른걸로 몇개 사야하나?,2,2025-08-05T09:27:38Z
6BwzOOjqY6g,Ugz6A0-q8r_2c0PAYrR4AaABAg,@JJU-yz1cu,저거 한국에서도 봤어요,0,2026-01-10T03:06:40Z
8xo-w9oWzTY,UgzgOBwRM8OUvKCOkjp4AaABAg,@recordersanghyeon,"Full Version:
https://youtu.be/DL95x2u1MUg?si=d0hIjP_WT1xsRBAr",181,2023-09-04T08:22:14Z
8xo-w9oWzTY,UgxYVLkRVXSzaapSU6x4AaABAg,@weouny,아니 미친 처음에 미 연속으로 부실때 진짜 놀람.. 피아노로 하는건 봤어도 리코더는 처음 본단 말이야,1522,2023-09-04T14:41:29Z
8xo-w9oWzTY,Ugx9ES0p7UL-KfSSxmZ4AaABAg,@dawn0-g3p,몇번을 들어도 멍 때리게 되고 처음 들었을 때 그 놀라움을 계속 느끼게 해주는 영상이에욬ㅋㅋㅋ진짜 이게 어떻게 가능한거죠?!,310,2023-09-23T09:22:27Z
8xo-w9oWzTY,UgyYnncj7xOUiPLU21R4AaABAg,@Kami0212,리코더의 음역권 한계때문에 옥타브를 넘나드는 연주 ㅋㅋㅋ,11,2023-11-26T08:57:30Z
8xo-w9oWzTY,Ugy1taK6AZf-vobjyeJ4AaABAg,@PLo_s,저 표정 하나 안 바뀌는거 봐... 진짜 AI 맞다니까?,114,2023-09-17T15:43:18Z
8xo-w9oWzTY,UgwlIGw_zp4DWjIxn4Z4AaABAg,@김종석-r2p,미쳤넼ㅋㅋㅋㅋㅋ,1,2026-06-24T05:21:33Z
8xo-w9oWzTY,UgyM8PKAYFa0tAuVAYB4AaABAg,@뚠이에용-20161,진짜 이분은 볼때 마다 리코더 진짜 잘불르심,4,2025-12-20T03:00:17Z
8xo-w9oWzTY,UgxhrT3EuasDZ4KqZep4AaABAg,@빌리블홀,"저런거 불때, 나는 트크트크트크트크트크 라고 부는데, 어떻게 저렇게 깔끔하게 텅잉하세요?",1,2026-07-04T01:50:14Z
8xo-w9oWzTY,UgxSIBmHlzphfR2NhGh4AaABAg,@김예은-x1d,ㅇㄴ 뭐얔ㅋㅋㅋㅋ 리코더 전공이세요..? 무슨 미가 왜케 투투트트ㅡ트 혀 마비되는거 아니냐고요ㅋㅋㅋㅋ,71,2023-09-04T15:55:10Z
8xo-w9oWzTY,Ugw4EEduX-Stnk-VQW94AaABAg,@kirineko97,텅잉 개쩐다...,3,2024-01-27T13:49:17Z
8xo-w9oWzTY,Ugx4iTRLns4UQuxVLRR4AaABAg,@글리치-u7x,???????????미친 뭐야 E곡을 리코더로????완전 대박....,1,2026-05-03T04:06:41Z
8xo-w9oWzTY,Ugx_XngDfSCldiGL9C54AaABAg,@haY2xU,쩔어요 ㄷㄷ 어떻게 이렇게 잘하시죠..,1,2026-03-23T07:04:43Z
8xo-w9oWzTY,UgxZjN-C_EDUnhUTVeR4AaABAg,@오동훈-u5b,미쳤다...........  (너무잘하신당......)♡,0,2026-05-24T00:33:59Z
8xo-w9oWzTY,UgwD-hvRl-bp_xqVxmF4AaABAg,@솥마니없는_유진,🐕간지😮,1,2025-11-25T09:45:52Z
8xo-w9oWzTY,UgwsT6yrAoK5UMDAaWd4AaABAg,@cmjae11,진짜 사람이세요..? 리코더 로봇인줄;,8,2023-09-04T12:04:15Z
8xo-w9oWzTY,UgziZR_PF66Lb682mwp4AaABAg,@쨈민이리퍼블릭,와...구독박고 열심히 영상챙겨봐야게따😊,2,2023-09-30T02:04:08Z
8xo-w9oWzTY,UgwRIuv1SesrAlBDAG94AaABAg,@x_q.ts-qs14,미치셨네,0,2026-07-06T01:29:37Z
8xo-w9oWzTY,UgyS94UykFYMxn5jayZ4AaABAg,@xiuli7695,레전드신이다😊,0,2026-05-11T12:18:25Z
8xo-w9oWzTY,Ugyjwmfj5RbtZAkBGZ54AaABAg,@장하이,이정도면 목에 모터가 달린게 아닌가... 숨이 어떻게 저렇게 스타카토로 나가지,4,2023-09-19T06:55:00Z
8xo-w9oWzTY,UgzHqd1SGgdUa0jz5F14AaABAg,@박혜민-x2d,와...텅잉을 얼마나 빨리 하시는거야...,0,2026-06-06T12:49:20Z
8xo-w9oWzTY,Ugwlzzgw8cAjim79OgJ4AaABAg,@간폭깜냥-21,와 한마디로 만 표현할수있다 ....미쳤다...😮,2,2023-10-03T11:30:20Z
8xo-w9oWzTY,UgyWhiuM46PVXnN718h4AaABAg,@user-Dokdo.is.korean.territory,칼림바로 쳐봤거든요?연주하다가 손톱 들려서 깜놀했었어요..전 라캄파넬라 연주할떼 가장 어려운 곡이구나 라고 생각했는데 ㅎㅎ❤,2,2023-10-05T08:06:57Z
8xo-w9oWzTY,UgyFqeaKB1SjAc9DdWx4AaABAg,@호올뤼이,ㅇㄴ 무슨 리코더로 랩을해네 ㅋㅋㅋㅋㅋㅋㅋㅋㅋㅋㅋㅋㅋ,4,2023-10-09T11:24:37Z
8xo-w9oWzTY,UgxTA0KqHCGh8VRyQFp4AaABAg,@joonpyo1004,그의 현란한 혀놀림..,4,2023-10-04T15:03:28Z
8xo-w9oWzTY,UgyDX3ailSwzYnTL4Dd4AaABAg,@로블누,구독 했어요❤,0,2025-12-08T11:53:57Z
8xo-w9oWzTY,UgxwQwqxg0EtEPTe--p4AaABAg,@강코더,감탄만 나와요👍👍👍👍👍,1,2024-03-26T23:56:51Z
8xo-w9oWzTY,Ugwpp9ui_UcflKYlAU14AaABAg,@채서먹는은채,저도 학교에서 불고 인싸됬습니당! 감사합니다❤,0,2026-05-21T09:41:08Z
8xo-w9oWzTY,UgzCxAx0l7rECjUGied4AaABAg,@wewon0603,와~쩐당😮,1,2024-06-24T09:02:34Z
8xo-w9oWzTY,UgwgNV7FKFNAYleuMCN4AaABAg,@오잉이-g1w,넘 잘해요❤,0,2023-10-19T11:29:54Z
8xo-w9oWzTY,UgykL-VgW7FnDihdykh4AaABAg,@KongKong_parrot1,텅잉 너무 잘하신다,0,2025-10-21T06:51:10Z
MrWjw3IWR00,UgxV-XdnZrbaaXndvul4AaABAg,@schoolfoodking,포이즌 로즈에게 궁금한거 댓글 ㄱㄱ,181,2024-09-25T08:02:52Z
MrWjw3IWR00,Ugz_V9iHYU0cCxhun2N4AaABAg,@사람gdj,포이즌 로즈는 무표정이 애교다,27,2024-09-30T11:48:52Z
MrWjw3IWR00,UgxFTNg20lVRKCeblvx4AaABAg,@주에잇,"포이즌 로즈 내일 생일 이시네여
미리 생일 축하 드려요🥳🎉",8,2024-11-09T00:09:18Z
MrWjw3IWR00,UgznG_qX5xMCsyZeU9l4AaABAg,@김현재-c3j,"철벽보건쌤이
무섭긴해도
에쁘니까😊😊",20,2024-09-25T11:23:07Z
MrWjw3IWR00,Ugx7FyQXvkNb1qqVFLx4AaABAg,@뜌니이-w4b,에뻐 검은색깔 좋아하다면 여려분 좋아요 눌러주세요 😢😢😢,5,2024-09-30T09:12:29Z
MrWjw3IWR00,Ugw6TSiAuEKKVirkRjh4AaABAg,@송이버섯-basut,예니도  해주세요!,37,2024-09-28T05:23:01Z
MrWjw3IWR00,UgwsWhto7cWzh9yyrSZ4AaABAg,@투어스_사랑녀_42,생일 축하드려요!🎉🎉,8,2024-11-10T12:45:14Z
MrWjw3IWR00,UgxPZxuCiZLrDukdiot4AaABAg,@유션윤,포이즌로즈(독 로즈)은근맑눈광❤,17,2024-09-25T09:53:34Z
MrWjw3IWR00,UgyM1Y6R5AAQnWYAvh14AaABAg,@루나-w1t4k,포이즌 로즈가 이게 내 특기야 한때 넘귀엽잖앙 ㅋㅋ 그리고 애교 타임 갑니다!  할때도 넘 귀여웡❤❤  미국인이라도 한국만도 잘해 ❤❤❤❤❤❤❤❤,22,2024-09-26T05:05:31Z
MrWjw3IWR00,Ugxh-IjEn9SqJL3XkEZ4AaABAg,@Raellove-15,"포이즌 로즈님 짱이쁘다❤❤❤
다른 생글이님,디바님도 다 이뻐용❤❤❤",5,2024-09-26T11:54:54Z
MrWjw3IWR00,UgwAtFXYNlQmf8SxECV4AaABAg,@백은애-v8w,"포이즌 로즈 너무 예쁘네요
답할때 1초도 고민 안하고 대답 하는게
너무 대단하네요😊",10,2024-10-01T13:32:09Z
MrWjw3IWR00,UgwXymfn-fghtgC2z_94AaABAg,@슈퍼게임,생일 하루차이..ㅋㅋ,2,2024-09-25T12:08:26Z
MrWjw3IWR00,Ugz9--0G91BBT4dCMwp4AaABAg,@아현입니당,포이즌 로즈. 오늘생일. 이시네요 축하드려여❤❤,2,2024-11-10T09:24:35Z
MrWjw3IWR00,UgxM24mKmWwHBK3hd4R4AaABAg,@DaeYoo-v2r,너무 친절해요,0,2026-04-27T12:27:49Z
MrWjw3IWR00,Ugz7jHoet2_osWhJ3TF4AaABAg,@Fight_Scene_Only,진짜 너무 이쁘시고 한국말 진짜 잘하세요❤❤,2,2024-11-15T13:48:14Z
MrWjw3IWR00,Ugw0KV6dZXiHs0V_Dbl4AaABAg,@꿺뉋뛗뤭뭺쀎쒩웲쮎췏,포이즌로즈 언니 너무 예쁘다 찐팬,3,2024-10-26T02:29:34Z
MrWjw3IWR00,UgzLI0EwTztTex7FYGF4AaABAg,@Aaa_as801,ㅍㅇ즌로즈님 저는 생일 1111임다 ㅋㅋㅋ 글고 닭갈비 너무 현실적이당🎉🎉,1,2024-09-25T11:11:10Z
MrWjw3IWR00,Ugx-ihuujd6L01HU3kd4AaABAg,@Chewah쬬아,포이즌 로즈언닝 싸룽해❤,4,2024-09-25T10:16:58Z
MrWjw3IWR00,UgwvV4M5qaCxj4Fhfip4AaABAg,@함유리-t5b,하 하 ㅋㅋㅋㅋㅋㅌㅋㅌ😂😂,1,2024-09-28T02:51:42Z
MrWjw3IWR00,UgxerKt6NNJw9bPRPtV4AaABAg,@송이버섯-basut,아!9일만 있으면 🥀님 생일이시지 않아여?생축,1,2024-11-01T14:23:28Z
MrWjw3IWR00,UgyxgDEAKopQEEqOQqt4AaABAg,@구름이-zih,저랑 생일이 같으시네요!? ㄹㅇ 대박이다!!!,0,2025-01-03T06:33:22Z
MrWjw3IWR00,UgwaYeWeyX68l1F3vSN4AaABAg,@서진숙-l2z,말할때마다 눈감는거 너무 좋음❤,0,2025-03-08T06:27:33Z
MrWjw3IWR00,UgzfNWL8x_smLI0_ZJB4AaABAg,@설이인데염,우와 언니랑 나랑 MBTI 똑같다!!급식왕 화이팅!!❤❤,1,2025-07-31T05:36:14Z
MrWjw3IWR00,UgwBm-KTglKkNIy_fR54AaABAg,@ty-xc8ro,무서운게 보건쌤 이래 ㅋㅋㅋㅋㅋ,0,2024-11-07T11:19:09Z
MrWjw3IWR00,UgyOtFgMEWrr4b7iJvx4AaABAg,@Noobtiger-7g2,한국어 진짜 잘 하시네요,0,2025-02-20T01:03:37Z
MrWjw3IWR00,Ugw8Lv3B77ME1BKtl-d4AaABAg,@귀요미._.또야,"재밌어요!!
허? ㅋㅋㅋㅋ",1,2024-09-25T08:18:39Z
MrWjw3IWR00,Ugx8aCCkjM8gayQV6SN4AaABAg,@밀콩-t7d,하하하하 이거 영상 너무  웃겨요😂,0,2025-01-11T05:44:55Z
MrWjw3IWR00,Ugwl0lbjcrOrNmDcx-p4AaABAg,@성인환-v3t,철벽보건쌤 너무 예쁘다,1,2024-09-28T10:16:41Z
MrWjw3IWR00,Ugyd0CmspNLF7gUe3nZ4AaABAg,@중수-보통,포이즌로즈 친한 레슬러는?,3,2024-09-25T10:13:27Z
MrWjw3IWR00,UgylkjGg2xnBLaXYYoN4AaABAg,@길남현-o4g9d,마지막 철벽 ㅋㅋㅋㅋ,0,2024-09-26T07:53:27Z
jYTZmqeqCSM,UgzpRUz7lpe_nTjlkv54AaABAg,@Cuwaink,일단 부럽,1,2025-01-12T20:29:53Z
Vvb2LvIWaiQ,UgwfsnDPbGQ0tbR6W_R4AaABAg,@heungDioSama,디오 정실은 바닐라아이스임.,6,2025-10-27T04:10:00Z
Vvb2LvIWaiQ,Ugxl3bolGPfVGcNRKUt4AaABAg,@김시호-d4r,아직도 디오 하이해질때 립스틱 어디서가져다발랐는지 모르겠음ㅋㅋㅋㅋ,1,2025-10-28T08:52:50Z
Vvb2LvIWaiQ,Ugzzrzt4mhgz5rs4dk94AaABAg,@서부전선_이상없다,킬러퀸은 이미 폭탄고양이를 만졌다,0,2025-11-01T12:20:40Z
Vvb2LvIWaiQ,UgxlU38wBFPwAkP08Jh4AaABAg,@psj-x8s,나란차 스미스 미쳤낰ㅋㅋㅋㅋ,2,2025-10-26T13:35:41Z
