video_id,video_title,description,channel_id,channel_name,published_at,duration_sec,duration_min,is_shorts_guess,view_count,like_count,comment_count,video_url,channel_subscriber_count,channel_video_count,matched_perf_id,matched_title,matched_genre,matched_venue,matched_perf_start,matched_perf_end,video_type,source_type,notes,date_signal,venue_signal,hashtag_categories,is_condensed_official,explicit_title_quote_match,signal_score,suggested_status,flag_reason
E2fe8R6F74s,김태경지휘 이너스오케스트라  센시빌음악회,"2021년6월20(일)  오후5:30
마에스트로 김태경 지휘자의 지역주민들을
위한 제1회 열린음악회로써 올10월에 다시
센텀시티 센시빌아파트에서 제2회 연주를
할 계획입니다!",UC7v_7bgaWuTkmlVYXBQcbpA,황성준,2021-06-20T11:44:08Z,244,4.07,False,291,8,1,https://www.youtube.com/watch?v=E2fe8R6F74s,26,29,PF239904,제73회 구미시립합창단 정기공연,서양음악(클래식),구미시문화예술회관 대공연장,2024-05-23,2024-05-23,,,,none,none,0,False,False,0,no_strong_signal,신호 없음
lfLTQFC7L80,동아일보 2015 공주 마라톤 대회,"동아일보 2015 공주 마라톤대회가 10월4일 공주시 일원에서 열렸습니다. 전국에서 풀코스, 하프코스, 10km, 5km 건강달리기 등의 종목에 참가한 9,000여 명의 선수들은 이날 웅진동 공주시민운동장을 출발해 백제문화제가 한창인 공주시 도심을 달리면서 맑은 가을하는 아래 펼쳐진 역사문화 관광도시 공주시를 만끽했는데요,
공주시 관계자는 ‘마라톤으로 인해 이른 아침부터 교통이 통제되었지만, 불평보다는 협조를 아끼지 않는 성숙된 시민의식을 보여줬다.’ 면서 대회 성공개최의 공을 시민들께 돌렸습니다.",UCB0h96ARIixpsAD4Jkh0oQw,Gongju흥미진진 공주시,2015-10-07T10:36:41Z,41,0.68,True,304,2,0,https://www.youtube.com/watch?v=lfLTQFC7L80,11800,4093,PF239904,제73회 구미시립합창단 정기공연,서양음악(클래식),구미시문화예술회관 대공연장,2024-05-23,2024-05-23,,,,none,none,0,False,False,0,no_strong_signal,신호 없음
F-mtT9Dt1rg,#경북도립교향악단 #김효근 #눈 #배은희팝페라가수 2019년,,UCNWzakzYm11CZbPrXsjTJ_A,팝페라소울(배은희),2019-12-05T15:31:49Z,261,4.35,False,112,2,0,https://www.youtube.com/watch?v=F-mtT9Dt1rg,3610,217,PF239904,제73회 구미시립합창단 정기공연,서양음악(클래식),구미시문화예술회관 대공연장,2024-05-23,2024-05-23,,,,none,none,0,False,False,0,no_strong_signal,신호 없음
HrzpD1BMPzc,"지고이네르바이젠  신상준 바이올린 Sarasate Zigeunerweisen, Op.20 거제시교향악단","사라시테 지고이네르바이젠 Sarasate Zigeunerweisen, Op.20 거제시교향악단
신상준 바이올린 Violin
현 계명대학교 교수 경북도립교향악단 악장
황은석 지휘 현 거제시 교향악단 상임지휘자
출처 https://youtu.be/-8BBzipu8vs",UC2u4j-eS-I-1pvcfWQxUBEA,JOHN GRAVITYS CG,2019-01-06T10:17:55Z,492,8.2,False,2113,32,1,https://www.youtube.com/watch?v=HrzpD1BMPzc,1910,563,PF239904,제73회 구미시립합창단 정기공연,서양음악(클래식),구미시문화예술회관 대공연장,2024-05-23,2024-05-23,,,,none,none,0,False,False,0,no_strong_signal,신호 없음
-hMc8ctA4l8,"해녀합창단 특별공연  제라진/하도해녀합창단 콜라보 무대 ""할망뭐햄수과"" 이경화시/성요한곡",2018년 4월14일 제주아트센터,UCz8Bp4AbzLnfVP2WlWxrAjg,이애리,2018-04-17T13:24:50Z,107,1.78,False,212,6,0,https://www.youtube.com/watch?v=-hMc8ctA4l8,100,148,PF239904,제73회 구미시립합창단 정기공연,서양음악(클래식),구미시문화예술회관 대공연장,2024-05-23,2024-05-23,,,,none,none,0,False,False,0,no_strong_signal,신호 없음
0Qpp-5fF91E,까투리사냥 (Hen Pheasant Hunting),"까투리 사냥 (Hen Pheasant Hunting) (dur:7’20”)

for 2 soli, SSAATTBB, 장구 & 징 (Korean Traditional Percussions)
based on whole-tone scale
inspired by Korean Traditional Song 
Jang-gu cadenza: Sun Young Yoon

Gwang Myeong City Choir (cond: Youngjin Kim, 김영진)
Soli: Joohee Moon, Jaemin Jaung (문주희 정재민)
장구 & 징 (percussions): Sun Young Yoon (윤선영)

Sep 21, 2014 (Composer’s first a cappella work, ever!)",UCNHMuSD3zwnDXAM9ZshiOTA,Hyun Kook,2015-12-06T07:54:41Z,440,7.33,False,630,4,0,https://www.youtube.com/watch?v=0Qpp-5fF91E,1620,257,PF239904,제73회 구미시립합창단 정기공연,서양음악(클래식),구미시문화예술회관 대공연장,2024-05-23,2024-05-23,,,,none,none,0,False,False,0,no_strong_signal,신호 없음
ULwC_nK5h3g,청도군 합창단,,UCt0tp5cWriw_ILjNfY5-pgg,주어진 여건 감사,2022-08-10T05:40:59Z,75,1.25,False,61,1,0,https://www.youtube.com/watch?v=ULwC_nK5h3g,0,1,PF239904,제73회 구미시립합창단 정기공연,서양음악(클래식),구미시문화예술회관 대공연장,2024-05-23,2024-05-23,,,,none,none,0,False,False,0,no_strong_signal,신호 없음
RNpKXRBqEFU,Kyrie  남원시립소년소녀합창단,,UC78OApgp8uTT_O82dyB4LMA,누리울림,2020-11-24T04:53:06Z,170,2.83,False,703,15,1,https://www.youtube.com/watch?v=RNpKXRBqEFU,424,33,PF239904,제73회 구미시립합창단 정기공연,서양음악(클래식),구미시문화예술회관 대공연장,2024-05-23,2024-05-23,,,,none,none,0,False,False,0,no_strong_signal,신호 없음
AtsxUbcG5qU,"대전시립청소년합창단 ""Koudjay(시간)""/여성3부합창 Ver. 작곡_시드니 길라메(Sydney Guillaume)","""Koudjay(시간)""

작곡_시드니 길라메(Sydney Guillaume)

지휘_천경필

연주_대전시립청소년합창단

""제73회 정기연주회-마더(Mother)"" 

2019.5.18.(토) 17:00. 대전예술의전당 아트홀 실황

 ""Koudjay(시간)""

아이티에서 태어나고 미국에서 활동하는 시드니 길라메(Sydney Guilaume)가 작곡한 Koudjay는 “시간”을 의미한다. 아카펠라 여성 3부로 작곡된 Koudjay(시간)는 “모든 일에는 때가 있다” 라는 속담을 인용하여 아이티의 리듬과 하모니, 언어를 사용하였다. 특히 이 곡은 두 언어의 요소가 혼합된 아이티 크레올(Haitian Creole)을 사용한다. 카브리해 서인도 제도에 있는 아이티는 프랑스의 영향을 받아 얼핏 들으면 프랑스어와 비슷하게 들리지만, 특유의 아프리카와 아랍인의 발음이 들어가 우리가 공부할 때 원본으로 삼는 프랑스 발음과는 확실히 다르다. 
빠른 템포과 경쾌한 리듬으로 이루어진 이 합창곡은 페스티벌이나 행진 음악, 댄스음악에 사용된다.",UCQciaa7-ymSta01Sqj4zXtw,대전시립청소년합창단Daejeon Civic Youth Choir,2019-07-12T07:23:50Z,211,3.52,False,1137,20,0,https://www.youtube.com/watch?v=AtsxUbcG5qU,996,228,PF239904,제73회 구미시립합창단 정기공연,서양음악(클래식),구미시문화예술회관 대공연장,2024-05-23,2024-05-23,,,,mismatch,none,0,False,False,-2,delete_candidate,날짜 불일치(다른 회차 가능성)
ol4jn_VBuSU,시흥시립소년소녀합창단 제3회 정기연주회-2nd Stage,"시흥시립소년소녀합창단 제3회 정기연주회(온라인 공연)
'희망을 노래하는 아이들의 송년음악회'

2nd Stage
시흥시의 캐릭터 해로토로와 함께하는 환상의 애니메이션 월드!
00:06 A Whole New World(애니메이션 '알라딘')
02:46 Under The Sea(애니메이션 '인어공주')
05:52 아기공룡 둘리(TV만화 '아기공룡 둘리')

○주최/주관: 시흥시 / 시흥시립소년소녀합창단
○문의: 문화예술과 031-310-6264",UCtfOZ_6mfUf7OTUHsL7jAfw,시흥문화예술,2020-12-24T15:00:14Z,523,8.72,False,1847,39,2,https://www.youtube.com/watch?v=ol4jn_VBuSU,1100,344,PF239904,제73회 구미시립합창단 정기공연,서양음악(클래식),구미시문화예술회관 대공연장,2024-05-23,2024-05-23,,,,none,none,0,False,False,0,no_strong_signal,신호 없음
-p8L0NuxoOM,Nyon Nyon - 부산시립합창단,"Nyon Nyon by Jake Runestad

32th BUSAN CHORAL FESTIVAL
부산시립합창단 2019.10.22 부산문화회관 대극장 
전진 지휘",UCSmOY8eznH61g_v1hrWZSwA,Jin Jeon,2021-03-16T01:50:34Z,178,2.97,False,1110,19,0,https://www.youtube.com/watch?v=-p8L0NuxoOM,73,21,PF239904,제73회 구미시립합창단 정기공연,서양음악(클래식),구미시문화예술회관 대공연장,2024-05-23,2024-05-23,,,,mismatch,none,0,False,False,-2,delete_candidate,날짜 불일치(다른 회차 가능성)
DqfuFPW30SE,던컨무용학원_2020 청주문화도시 조성사업 상생프로젝트 _ 미리크리스마스 Zoom in 콘서트,"던컨무용학원에서 운영 중인 던컨드림댄스팀의 공연이야기

코로나로 인하여 비대면 온라인 줌 콘서트로 진행된 공영 영상입니다.",UCN3wzFqSLeyPlp5dOSRrf8w,던컨무용학원,2020-12-12T12:12:59Z,751,12.52,False,376,20,0,https://www.youtube.com/watch?v=DqfuFPW30SE,304,345,PF239904,제73회 구미시립합창단 정기공연,서양음악(클래식),구미시문화예술회관 대공연장,2024-05-23,2024-05-23,,,,none,none,0,False,False,0,no_strong_signal,신호 없음
Zrz9Dhm9MwU,10 새마을한마음합창단,,UCokjPH7uGdcxX1MvVcsQc9g,윤재덕,2017-05-30T06:39:15Z,9,0.15,True,60,0,0,https://www.youtube.com/watch?v=Zrz9Dhm9MwU,25,62,PF239904,제73회 구미시립합창단 정기공연,서양음악(클래식),구미시문화예술회관 대공연장,2024-05-23,2024-05-23,,,,none,none,0,False,False,0,no_strong_signal,신호 없음
mLxXVGmTYJA,구미시립소년소녀합창단 UNTACT CONCERT 「 1. 구유안의 아기 」 2020.12.12,"제작총감독 및 지휘 : 권유진
트레이너 : 김종섭
연출 및 안무 : 고유정
반주 : 고예진,김예은
사무장 : 김순경
연주:구미시립소년소녀합창단
Mixing&Mastering : 이영록
영상촬영: 신용섭
음향 :정택봉
조명 :이광희

#구유안의_아기 #크리스마스 #코로나블루 #캐롤
#크리스마스에는_축복을
#구미시 #구미시문화예술회관 #구미시청
#구미시립예술단 #구미시립 #구미시립소년소녀합창단
#전국시립소년소녀합창단 #구미시어린이합창단
#구미시청
#UNTACT_연주회 #UNTACT_CONCERT
#비대면연주회 #소년소녀합창단_비대면공연
#지휘자_권유진",UCSytKgDICbJtNGyqcpg7Cpg,구미시립소년소녀합창단 (제임스),2020-12-22T08:00:21Z,239,3.98,False,1770,73,17,https://www.youtube.com/watch?v=mLxXVGmTYJA,554,144,PF239904,제73회 구미시립합창단 정기공연,서양음악(클래식),구미시문화예술회관 대공연장,2024-05-23,2024-05-23,,,,none,match,0,False,False,2,no_strong_signal,장소 일치
6ONYf3rgU-k,"'걱정 말아요 그대' 웨스턴심포니오케스트라(지휘자 방성호) / 걱정 말아요 그대(전인권 작사, 작곡)","WESTERN SYMPHONY ORCHESTRA
웨스턴심포니오케스트라(지휘자 방성호)
2021년 6월 30일(수)오후 7시 30분 
구미문화예술회관

진행 김병재 멘트. 1

Obladi-oblada - 솔리스츠
Hallo Mr. Mozart - 솔리스츠 
Stand by me - 솔리스츠
세비야 이발사 서곡 - 솔리스츠 
뱃노래 - 솔리스츠 

진행 김병재 멘트. 2

WSO F.v.Suppe - Light Cavalry Overture (경기병 서곡) 
WSO P.Mascagni - Cavalleria rusticana Intermezzo (카발레리아 루스티카나 간주곡)
WSO A.Marquez - Danzon No.2 (단존)

진행 김병재 멘트. 3

Spanish Rose (스페인의 장미) - Saxophone 김성훈
고맙소 - Saxophone 김성훈

진행 김병재 멘트. 4

WSO A.Piazzolla Libertango (리베르 탱고)
WSO Pops of Beethoven Symphony No.5 (운명교향곡 팝스)

진행 김병재 멘트. 5

반달 - 장사익
찔레꽃 - 장사익 
아버지 - 장사익 
봄날은 간다 - 장사익
님은 먼곳에 - 장사익

진행 김병재 멘트. 6

WSO Also sprach Zarathustra (짜라투스트라스는 이렇게 말했다) 
WSO 걱정 말아요 그대(전인권 작사, 작곡)
WSO 테스 형(나훈아 작사, 작곡)
WSO Besame Mucho
WSO Orphee aux Enfers 'cancan'

사진,영상편집 : 김문기의 포토랜드
HP 010-5273-2309
유투브 채널 : 김문기의 포토랜드
http://blog.daum.net/photokin",UC9mTG7yvizKx21dB8unxzNQ,김문기의 포토랜드 Kim Moon-gi's Photoland,2021-07-10T14:54:48Z,330,5.5,False,1278,13,1,https://www.youtube.com/watch?v=6ONYf3rgU-k,15600,10645,PF239904,제73회 구미시립합창단 정기공연,서양음악(클래식),구미시문화예술회관 대공연장,2024-05-23,2024-05-23,,,,none,none,0,False,False,0,no_strong_signal,신호 없음
-q99xT27grg,🍑 [펀치미 레시피] 복숭아 라떼 만들기  Peach Latte 🍑 #라떼만들기 #라떼맛집 #카페음료 #음료레시피,"무더운날 시원한 복숭아라떼 판매 해보셔요 :)
달달 담백함의 끝! 
두 잔 먹고싶은 복숭아라떼 만드는법 공유합니다 :)

궁금하신 음료 레시피는 댓글로 남겨주시면 또 공유하겠습니다!
이번주도 매출 대박나셔요! 아자아자!!

🍹 펀치미 구경하러 가기 🍹
👉 https://zrr.kr/6Ljh

#복숭아라떼 #복숭아음료 #펀치미",UCKiVour3qR7PfEI7CILpO6A,펀치미 punchmi,2023-08-21T05:58:20Z,29,0.48,True,1675,25,13,https://www.youtube.com/watch?v=-q99xT27grg,388,40,PF289823,구름빵 [영천],뮤지컬,영천시민회관 스타홀,2026-05-15,2026-05-15,,,,none,none,0,False,False,0,no_strong_signal,신호 없음
KvM9E3YXQq0,SUB)[집밥백선생] 간편 간식 백종원 빠다빵 만들기 / 먹기위해 요리하는 곰아저씨TV,"안녕하세요~! 먹기위해 요리하는 곰아저씨입니다.

오늘은 [집밥백선생]에서 백종원 선생님께서 만들었던 추억소환 음식 빠다빵을 만들어보려고 합니다.

진짜 간단하고, 재료도 많이 필요하지 않은 그런 간식이니 아무 때나 쉽게 하실 수 있을겁니다!

아! 영상보시고 구독과 좋아요, 알림설정은 사랑입니다♡
==================================================
요리 재료 
- 설탕, 버터, 식빵
==================================================
요리 과정
1. 버터 풀어주기
2. 설탕 섞어주기
3. 빵에 버터 발라주기
===================================================
#빠다빵 #집밥백선생 #곰아저씨",UCwrMnwVdNWD3gZIEGOG9mLA,먹기위해 요리하는곰아저씨TV,2020-05-22T10:00:12Z,136,2.27,False,667,24,65,https://www.youtube.com/watch?v=KvM9E3YXQq0,301,61,PF289823,구름빵 [영천],뮤지컬,영천시민회관 스타홀,2026-05-15,2026-05-15,,,,none,none,0,False,False,0,no_strong_signal,신호 없음
69i9CYBJVak,극장없는 시군 '작은 영화관' 생긴다!!,"도민의 문화향유 기회 확대와 도‧농간 문화격차 해소를 위해 영화관이 없는 도내 시군을 대상으로 작은 영화관 건립사업을 실시합니다.
이는 그간 관람객 부족 등에 따른 경영 및 수익성 문제로 민간부문의 영화관 건립 투자가 전무한데 따른 것으로 지역민의 문화적 소외감을 해소하고 도민의 삶의 질을 개선하는데 기여할 수 있을 것으로 기대됩니다.
경상남도는 올해부터 총 116억 원의 사업비를 들여 영화관이 없는 10개 시군을 대상으로 연차적으로 작은 영화관 건립사업을 추진해 나갈 계획이며, 우선 1차 사업으로 남해군 남해유배문학관 부지에 영화관을 신축한다는 계획입니다.",UCiGeWRkwZJL1ZH_1ImaZwmg,경남TV - 경상남도 공식 유튜브,2014-05-02T08:25:25Z,47,0.78,True,77,1,0,https://www.youtube.com/watch?v=69i9CYBJVak,303000,5854,PF289823,구름빵 [영천],뮤지컬,영천시민회관 스타홀,2026-05-15,2026-05-15,,,,none,none,0,False,False,0,no_strong_signal,신호 없음
z6l3YtjksRM,경북수목원,"3D입체 애니메이션 ""하늘이 경북 수목원으로 가다!""",UCvNQ75ODOg5FJiTkCfT6DvA,M-line Studio,2013-12-23T04:55:41Z,452,7.53,False,157,0,0,https://www.youtube.com/watch?v=z6l3YtjksRM,7770,128,PF289823,구름빵 [영천],뮤지컬,영천시민회관 스타홀,2026-05-15,2026-05-15,,,,none,none,0,False,False,0,no_strong_signal,신호 없음
1nH5AH056XE,갈리코 원숭이 '유후' 사진영상,,UCCt6WTaJqWzXLZUp2XW62dg,jeestar 402png,2019-11-03T07:43:13Z,37,0.62,True,76,0,0,https://www.youtube.com/watch?v=1nH5AH056XE,24,76,PF289823,구름빵 [영천],뮤지컬,영천시민회관 스타홀,2026-05-15,2026-05-15,,,,none,none,0,False,False,0,no_strong_signal,신호 없음
cKy8sa6bYXo,[투준] 2015년 하남 사랑몬테소리 어린이집 재롱잔치,,UCBRUPYgu9DJ7wLI_eiFbSMQ,투준,2018-09-02T01:03:33Z,1091,18.18,False,265,5,1,https://www.youtube.com/watch?v=cKy8sa6bYXo,33,117,PF289823,구름빵 [영천],뮤지컬,영천시민회관 스타홀,2026-05-15,2026-05-15,,,,none,none,0,False,False,0,no_strong_signal,신호 없음
biq57QHEBRk,2017년 2월 진천창의어린이집,진천창의어린이집,UCu6btfveI9-4nwUlHpQqg5Q,린이빈이,2017-02-11T12:19:34Z,160,2.67,False,102,2,2,https://www.youtube.com/watch?v=biq57QHEBRk,7,10,PF289823,구름빵 [영천],뮤지컬,영천시민회관 스타홀,2026-05-15,2026-05-15,,,,none,none,0,False,False,0,no_strong_signal,신호 없음
4vplExm0RCs,뮤지컬 구름빵 커튼콜 (서원지 김은지 이대관 이현주),2024.08.11 11:00,UCMvj6Iu_1T__U9CsXyUZlIA,서우서우내,2024-08-11T03:10:03Z,170,2.83,False,1971,7,0,https://www.youtube.com/watch?v=4vplExm0RCs,2240,281,PF289823,구름빵 [영천],뮤지컬,영천시민회관 스타홀,2026-05-15,2026-05-15,,,,mismatch,none,0,False,False,-2,delete_candidate,날짜 불일치(다른 회차 가능성)
2V0LfLejU20,"[ANT 문화스케치] 경기도문화의전당, 뮤지컬 '구름빵', 4월 26일~27일","경기도문화의전당이 뮤지컬 '구름빵'을 4월 26일부터 27일까지 행복한대극장에서 공연합니다. 이번 공연에서는 구름빵을 먹고 하늘을 날게 된 홍비, 홍시 남매의 여정이 쉴 새 없이 가로지르는 플라잉액션과 함께 무대 위에서 펼쳐지니까요. 가족단위 관람객들에게 좋은 공연이 될 것으로 기대됩니다.",UC7vu_HKmM4YeN0JEQYhU4Rw,ANTNEWS123,2014-04-07T10:58:59Z,36,0.6,True,1175,1,0,https://www.youtube.com/watch?v=2V0LfLejU20,223,856,PF289823,구름빵 [영천],뮤지컬,영천시민회관 스타홀,2026-05-15,2026-05-15,,,,none,none,0,False,True,2,no_strong_signal,작품명이 따옴표/괄호로 명시적으로 인용됨
2a9QpnyR_Iw,뮤지컬 구름빵 시즌2 (청라 아띠홀),"동요콘서트 구름빵 시즌2
2023.09.23 청라 아띠홀

0:00 - 인트로
0:24 - 구름빵 커튼콜
3:23 - 공연종료후 사진촬영

오랜만에 민석이랑 현우와 함께 뮤지컬을 보러 갔어요!
어린이 인기 애니메이션 구름빵이 동요콘서트 시즌2로 탄생!
정말~~ 재밌고 따뜻한 뮤지컬 이였습니다^^

◆ 민석현우의 대모험 ◆
민석이와 현우의 재미난 일상을 담고 있습니다^^
구독과 좋아요 많이 눌러주세요!


Song : NATONI - 발걸음
Follow Artist : https://bit.ly/3FSbLlu
Music promoted by DayDreamSound : https://youtu.be/lz1q-rZD-E8

#구름빵, #뮤지컬, #청라아띠홀",UCXW22o_fUXOIxLFidfVwptQ,민석현우의 대모험,2023-09-29T01:41:08Z,289,4.82,False,4157,15,2,https://www.youtube.com/watch?v=2a9QpnyR_Iw,1210,180,PF289823,구름빵 [영천],뮤지컬,영천시민회관 스타홀,2026-05-15,2026-05-15,,,,mismatch,none,1,False,False,-1,no_strong_signal,날짜 불일치(다른 회차 가능성)
gjQPptJbW9o,어린이뮤지컬 구름빵 주크박스 플라잉 어드벤처 시즌3,,UC47kO8M1o0vDZOw1W_EMJow,ohno,2014-01-19T21:34:05Z,109,1.82,False,7206,11,0,https://www.youtube.com/watch?v=gjQPptJbW9o,3020,8,PF289823,구름빵 [영천],뮤지컬,영천시민회관 스타홀,2026-05-15,2026-05-15,,,,none,none,0,False,False,0,no_strong_signal,신호 없음
9N8y1Cphqg4,[2000년대의 추억] 구름빵 오프닝,#2000년대의추억 #구름빵,UCCLym0dSP36i9sOeoe1Tw3Q,2000년대의 추억,2020-03-29T03:00:40Z,90,1.5,False,374744,3249,214,https://www.youtube.com/watch?v=9N8y1Cphqg4,2550,33,PF289823,구름빵 [영천],뮤지컬,영천시민회관 스타홀,2026-05-15,2026-05-15,,,,none,none,0,False,False,0,no_strong_signal,신호 없음
cQfUFXt61ZY,구름빵1편_구름빵,매주 토요일 1시 KBS 1TV 방영,UCHRTMSNY3tipzyEDw3iogjQ,gimc2011,2011-01-07T00:33:03Z,441,7.35,False,2499571,30249,2526,https://www.youtube.com/watch?v=cQfUFXt61ZY,6130,7,PF289823,구름빵 [영천],뮤지컬,영천시민회관 스타홀,2026-05-15,2026-05-15,,,,none,none,0,False,False,0,no_strong_signal,신호 없음
FHvzok3HMW4,하늘에서 살지요,"Provided to YouTube by UMAG

하늘에서 살지요 · 구름빵 배우들

뮤지컬 구름빵 2011 Summer Casting (Original Musical Soundtrack)

℗ 2012 ㈜뮤지컬 구름빵 문화산업 전문회사

Released on: 2012-03-19

Auto-generated by YouTube.",UC9wDiG0pUkQIFDf2FKSH1Mw,구름빵 배우들 - Topic,2025-12-01T02:11:38Z,81,1.35,False,504,1,0,https://www.youtube.com/watch?v=FHvzok3HMW4,85,32,PF289823,구름빵 [영천],뮤지컬,영천시민회관 스타홀,2026-05-15,2026-05-15,,,,mismatch,none,0,False,False,-2,delete_candidate,날짜 불일치(다른 회차 가능성)
zyQ-79MCv0k,"🤢구름빵2🤢청라 아띠홀 가족뮤지컬 보러왔어요 Family Musical,Cloud Bread /CC자막/subtitles","#삼남매육아 #구름빵시즌2 #구름빵노래

연스와 원스는 청라 아띠홀 뮤지컬 극장에 왔습니다.
We came to Musical theater.

안녕하세요?
Monpamontview [몬파몬티뷰] 입니다.
오늘도 연스(9),원스(6)와 같이 즐겁게
아빠랑 놀아볼까요?
Let's play with Daddy. (monpa!!!)



자막: (언어) 한국어(Korea)/영어(English)/일본어(Japan)/러시아어(Russia)/태국어(Thailand)",UCQFzJxym15M9pkFQnxHYLZw,몬파몬패밀리 Monpamon Family,2020-05-02T12:00:42Z,381,6.35,False,3045,17,7,https://www.youtube.com/watch?v=zyQ-79MCv0k,20900,819,PF289823,구름빵 [영천],뮤지컬,영천시민회관 스타홀,2026-05-15,2026-05-15,,,,none,none,0,False,False,0,no_strong_signal,신호 없음
RoEHkopeJs8,"뮤지컬 구름빵_주크박스플라잉어드벤처_시즌3 _""괜찮아요"" 연습영상","뮤지컬 구름빵_주크박스플라잉어드벤처_시즌3 _""괜찮아요"" 연습영상


더욱 따뜻해진 가족 사랑이야기와 짜릿한 플라잉액션이 더해져 온 가족이 함께할 수 있는 [뮤지컬 구름빵_주크박스플라잉어드벤처_시즌3] 여러분의 사랑으로 1년 여간 열심히 준비한 지컬 구름빵 시즌3가 올 겨울, 여러분을 찾아옵니다.

장소 : 국립극장 해오름극장
날짜 : 2014. 01.10.[금] ~ 2014. 01. 26.[일] 
시간 : 평일 11시,2시 /  주말,휴일 11시,2시,4시30분 / 매주 월요일 쉼
예약문의 : 1661-0960 
  
주최 : [주]뮤지컬구름빵, 극립극장
주관 : 문화아이콘, 극단길
후원 : GIMC, 한솔수북, 한솔교육
투자 : 일신창업투자주식회사, 문화체육관광부",UCAIsr2FA9bEA6KqQ3YoZWOg,뮤지컬 구름빵 시즌3,2014-01-03T07:09:23Z,33,0.55,True,2063,4,0,https://www.youtube.com/watch?v=RoEHkopeJs8,37,5,PF289823,구름빵 [영천],뮤지컬,영천시민회관 스타홀,2026-05-15,2026-05-15,,,,none,none,0,False,False,0,no_strong_signal,신호 없음
YeHD4qjn7hk,구름빵40, ,UCNoRN6u515JCMoaaudPhz8w,soriartcenter,2010-08-21T02:54:57Z,43,0.72,True,9922,7,0,https://www.youtube.com/watch?v=YeHD4qjn7hk,11,13,PF289823,구름빵 [영천],뮤지컬,영천시민회관 스타홀,2026-05-15,2026-05-15,,,,none,none,0,False,False,0,no_strong_signal,신호 없음
CMqv3051qhc,(문화카페초대)구름빵 시즌2,"형보다 나은 동생
전편에 비해 짜임새가 더 좋아졌네요.",UCKkotsLb9RsxrLCQK24Fbfw,Hye Soo Kim,2018-12-23T02:31:18Z,169,2.82,False,24245,29,0,https://www.youtube.com/watch?v=CMqv3051qhc,788,126,PF289823,구름빵 [영천],뮤지컬,영천시민회관 스타홀,2026-05-15,2026-05-15,,,,none,none,0,False,False,0,no_strong_signal,신호 없음
H87TxD0uf3Y,뮤지컬 [동요콘서트 구름빵 2015]_SPOT_Musical [Cloud Bread_Children's Song Concert],"신나는 동요와 따뜻한 동화가 어우러진 
에듀테인먼트 요리쇼!
뮤지컬 [동요콘서트 구름빵]
현재 공연중 ~ OPEN RUN
대학로 예술극장 나무와물
1544-1555",UCnCk-LOdFnyDMcYNi-DTkfg,play icon,2015-03-22T06:26:58Z,41,0.68,True,3174,4,1,https://www.youtube.com/watch?v=H87TxD0uf3Y,8,5,PF289823,구름빵 [영천],뮤지컬,영천시민회관 스타홀,2026-05-15,2026-05-15,,,,none,none,0,False,False,0,no_strong_signal,신호 없음
VCJe0mepkvM,뮤지컬 구름빵_주크박스플라잉어드벤처_시즌3_30초 스팟영상,"더욱 따뜻해진 가족 사랑이야기와 짜릿한 플라잉액션이 더해져 온 가족이 함께할 수 있는 [뮤지컬 구름빵_주크박스플라잉어드벤처_시즌3] 여러분의 사랑으로 1년 여간 열심히 준비한 지컬 구름빵 시즌3가 올 겨울, 여러분을 찾아옵니다.

장소 : 국립극장 해오름극장
날짜 : 2014. 01.10.[금] ~ 2014. 01. 26.[일] 
시간 : 평일 11시,2시 /  주말,휴일 11시,2시,4시30분 / 매주월요일 쉼
예약문의 : 1661-0960   

주최 : [주]뮤지컬구름빵, 극립극장
주관 : 문화아이콘, 극단길
후원 : GIMC, 한솔수북, 한솔교육
투자 : 일신창업투자주식회사, 문화체육관광부",UCAIsr2FA9bEA6KqQ3YoZWOg,뮤지컬 구름빵 시즌3,2014-01-01T05:57:43Z,31,0.52,True,7525,12,0,https://www.youtube.com/watch?v=VCJe0mepkvM,37,5,PF289823,구름빵 [영천],뮤지컬,영천시민회관 스타홀,2026-05-15,2026-05-15,,,,none,none,0,False,False,0,no_strong_signal,신호 없음
Cs4QXID3gU4,동요콘서트 구름빵 시즌2,"동요콘서트 구름빵이 시즌2로
10여년만에 재탄생했어요💕

👉인터파크
http://bitly.kr/PJV7sja
👉예스24
http://bitly.kr/xZDuOb
👉위메프
http://bitly.kr/oYdHES

신나는 애니메이션 노래와 동요,
따뜻한 감성 동화가 어우러진
동요콘서트 구름빵 시즌2!!


✔공연장 : 예술극장 나무와물(혜화역 4번출구 도보 5분)
✔기간 : 2018년 12월 18일 ~ OPEN RUN
✔관람등급 : 24개월 이상 관람가
✔문의 : 1666-5795",UCCv9DRbTbUSzSuILqAqhAAg,문화아이콘주식회사,2019-01-22T09:06:20Z,32,0.53,True,40942,87,0,https://www.youtube.com/watch?v=Cs4QXID3gU4,73,4,PF289823,구름빵 [영천],뮤지컬,영천시민회관 스타홀,2026-05-15,2026-05-15,,,,none,none,0,False,False,0,no_strong_signal,신호 없음
ap7sIX27aBE,주크박스 플라잉 어드벤처 뮤지컬 `구름빵`,"제목 : 주크박스 플라잉 어드벤처 뮤지컬 `구름빵`
공연기간 : 2011-04-09 ~ 2011-04-10
공연장 : 반석아트홀
공연시간 : 11:00 / 14:00 
관람연령 : 24개월 이상 입장가(미만입장불가) 
티켓정보 : 전석 25,000원 
문의 : 반석아트홀 1588-5234",UC7NSPwZH8uDs1HodbT8jC1A,hsarthall,2011-03-24T09:06:27Z,52,0.87,True,46297,13,0,https://www.youtube.com/watch?v=ap7sIX27aBE,302,80,PF289823,구름빵 [영천],뮤지컬,영천시민회관 스타홀,2026-05-15,2026-05-15,,,,mismatch,none,0,False,False,-2,delete_candidate,날짜 불일치(다른 회차 가능성)
M_BOkwP0dW8,"230924 16:30 써니텐 뮤지컬 커튼콜 영상, 렉스, 최하선, 배기성, 하마씨어터","정준호 : 렉스 배우님
이혜영 : 최하선 배우님
멀티역 : 배기성 배우님

하마씨어터 1열9
MOV : 16-35GM / STD / ISO 640 / F2.8 / 1/125
PIC : 70-200GM2 / ISO 800 / F2.8 / 1/320",UC-E9S06SewW0Ep-aHkZ7Iww,STAGE NOMAD,2023-09-27T00:04:23Z,305,5.08,False,831,4,0,https://www.youtube.com/watch?v=M_BOkwP0dW8,5780,1441,PF289823,구름빵 [영천],뮤지컬,영천시민회관 스타홀,2026-05-15,2026-05-15,,,,none,none,0,False,False,0,no_strong_signal,신호 없음
7quE71npGcs,"성내 장미어린이 집, 유아다례 수업시간, 서울 강동구 풍성로45길 39번지 3편","문화예술TV21, mytv21, 한국공예멀티미디어협회, 김영재 편집 보도, 정기간행물등록번호, 서울아-00666, 대표발행인 김옥연, 사업자등록번호 215-10-53506, 전통도자기, 옥토배기, 상표등록번호, 40-1061093",UCTepK0rSdUIFpMujLbiuVPQ,문화예술TV 21,2015-01-11T05:15:28Z,336,5.6,False,75,3,0,https://www.youtube.com/watch?v=7quE71npGcs,9570,9409,PF289823,구름빵 [영천],뮤지컬,영천시민회관 스타홀,2026-05-15,2026-05-15,,,,none,none,0,False,False,0,no_strong_signal,신호 없음
-TRZCSompkc,껀감자,재롱잔치 철철 울어요,UC6VrpGDHJnerfGK7N4xZfGA,jiny kim,2013-01-27T11:44:08Z,125,2.08,False,39,2,0,https://www.youtube.com/watch?v=-TRZCSompkc,3,3,PF289823,구름빵 [영천],뮤지컬,영천시민회관 스타홀,2026-05-15,2026-05-15,,,,none,none,0,False,False,0,no_strong_signal,신호 없음
U_lI0-3ZDOs,정도어린이집 재롱잔치,,UCqLIox3EteeFnl0MhyriciQ,그린그린,2021-09-14T04:29:06Z,81,1.35,False,75,1,0,https://www.youtube.com/watch?v=U_lI0-3ZDOs,42,41,PF289823,구름빵 [영천],뮤지컬,영천시민회관 스타홀,2026-05-15,2026-05-15,,,,none,none,0,False,False,0,no_strong_signal,신호 없음
gqpkGfw0dJg,경단 3살 재롱발표 - 감자도리,,UC9Ev_raWaGBHNHLJmOjPjrg,mi jeong Baek,2019-01-16T13:13:49Z,174,2.9,False,80,2,0,https://www.youtube.com/watch?v=gqpkGfw0dJg,2,5,PF289823,구름빵 [영천],뮤지컬,영천시민회관 스타홀,2026-05-15,2026-05-15,,,,none,none,0,False,False,0,no_strong_signal,신호 없음
7xHoUicLr3A,재롱잔치 귀여운천사~^^,,UCgadj4bHT3PWCCEdaujm14w,도훤,2017-02-04T11:21:12Z,174,2.9,False,19,0,0,https://www.youtube.com/watch?v=7xHoUicLr3A,0,3,PF289823,구름빵 [영천],뮤지컬,영천시민회관 스타홀,2026-05-15,2026-05-15,,,,none,none,0,False,False,0,no_strong_signal,신호 없음
Mgwnq8vEqvs,기다담 파란나라 재롱잔치(이세상에 모든것..),,UC47AXg9riWBYYgi2w3JlJ1Q,클로이,2021-12-16T06:01:53Z,170,2.83,False,104,1,0,https://www.youtube.com/watch?v=Mgwnq8vEqvs,2,8,PF289823,구름빵 [영천],뮤지컬,영천시민회관 스타홀,2026-05-15,2026-05-15,,,,none,none,0,False,False,0,no_strong_signal,신호 없음
eAVvm76Lhw8,"삼촌 죽어도 못보내 ,,,, 눈물의 화동 🥲(다른곳에 퍼가지말아주세요)","외삼촌 결혼식이고,
결혼을 하면 영원히 못본다고 믿는
순수한 아이의 마음,
오열을 하며 화동을 하는 모습에
너무 귀여워 올렸던 영상이에요.
아이가 직접 말한 이야기입니다.^^

단순 긴장하고,낯설어 운건 아니지만
그렇게 생각하시는 분들의 의견도 존중합니다 !

제가 악플이라고 칭한건 ..
아이가 운 이유에 대해서 말씀하시는 분들이 아닌

화동을 한 아이에 대한 질타,험담,
영상에 나오지도 않은 가족들에 대한 선 넘는 말
행복한 저희 가족의 추억을 장례식으로 칭하시거나
결혼에 대한 부정적인 인식을 굳이 결혼식 영상에
댓글 쓰시는 분들 …..🙂
그리고 영상을 올리면 악플은 감수하라는 댓글..?
저런 말들도 감수를 해야 하는건가요?^^

좋은 말들만 들을 수 없는걸 알지만,
선은 지켜주세요. 저희에겐 좋은 추억이고
아이에게도 즐거운 기억으로 남겨주고 싶어요!☺️

짧은 영상으로 추억도 회상해보고
공감해주시고 예뻐해주셔서 정말 감사합니다 !",UCh56cK3mNfS8djdWnVXC6sA,내맘이지,2021-11-13T12:59:18Z,75,1.25,False,7444929,48604,2897,https://www.youtube.com/watch?v=eAVvm76Lhw8,93600,295,PF236570,"한국가곡대축제, 가곡의 별들 [창원]",서양음악(클래식),3.15아트센터 대극장,2024-04-18,2024-04-18,,,,none,none,0,False,False,0,no_strong_signal,신호 없음
1PK6RPG-nMY,보헤미안랩소디 #김호중이스텔라_아무도모르게김호중의파트너 #김호중  #kimhojoong #트바로티 #shorts,@KimHojoong,UC6p5TGjq17ckwWBJiDyoiqg,테오,2021-10-12T12:12:27Z,16,0.27,True,37426,5974,41,https://www.youtube.com/watch?v=1PK6RPG-nMY,73400,1845,PF236570,"한국가곡대축제, 가곡의 별들 [창원]",서양음악(클래식),3.15아트센터 대극장,2024-04-18,2024-04-18,,,,none,none,0,False,False,0,no_strong_signal,신호 없음
JdIO0aZcmck,에녹💚 울산밤콘 인사말(230916),,UC617fsr6KyPgA8Ru6h-VwrA,바다별💚다시 태어나도 에녹편,2023-09-18T09:58:45Z,31,0.52,True,8639,1210,34,https://www.youtube.com/watch?v=JdIO0aZcmck,8980,676,PF236570,"한국가곡대축제, 가곡의 별들 [창원]",서양음악(클래식),3.15아트센터 대극장,2024-04-18,2024-04-18,,,,none,none,0,False,False,0,no_strong_signal,신호 없음
nJd4N_eAy-Y,양산시립 박물관_우산 윤현진,,UCry4QPsOGt9foRNSXQav5fA,Seer pictures,2019-10-26T14:37:03Z,266,4.43,False,184,2,0,https://www.youtube.com/watch?v=nJd4N_eAy-Y,51,102,PF236570,"한국가곡대축제, 가곡의 별들 [창원]",서양음악(클래식),3.15아트센터 대극장,2024-04-18,2024-04-18,,,,none,none,0,False,False,0,no_strong_signal,신호 없음
QksYKtnj648,노래도 잘해 텀블링도 잘해 🤗 #김호중_어젯밤이야기 #김호중 #kimhojoong #shorts,,UCLxJIDiXVv5BzF4qEXKYKbw,아이뻐은희 ,2022-03-27T04:05:24Z,26,0.43,True,48947,3265,16,https://www.youtube.com/watch?v=QksYKtnj648,5020,566,PF236570,"한국가곡대축제, 가곡의 별들 [창원]",서양음악(클래식),3.15아트센터 대극장,2024-04-18,2024-04-18,,,,none,none,0,False,False,0,no_strong_signal,신호 없음
glMX3ifx8_c,축가 1000배 잘 부르는 법 #shorts,"#shorts #결혼식축가 #결혼식

🔥발성의 추월차선, MOSTONE VOCAL ACADEMY🔥

◆커리큘럼 : https://cafe.naver.com/vocalokc/13
◆수강문의 : http://pf.kakao.com/_lsxhbb 
◆수강후기 : https://bit.ly/3xieXTJ

다수의 프로가수 및 뮤지컬배우 보컬트레이너, 보컬전공자, 아이돌, 연기자, 성우 등

노래를 처음 배우시는 '초보자' 부터 활동하시는 '프로가수' 까지 
목소리를 쓰시는 분이라면 누구나 배우실 수 있고 변화하실 수 있습니다.

#고음내는법 #믹스보이스 #3옥타브 #보컬학원 #보컬레슨 #보컬트레이닝 #노래 #보컬 #실용음악학원 #강남실용음악학원 #MOSTONE #모스톤보컬아카데미 #모스톤보컬학원 #3옥타브 #고음 #고음발성 #뮤지컬 #축가 #뮤지컬발성 #실용음악 #강남실용음악 #호흡압력 #성대접촉 #진성 #가성 #두성 #흉성 #노래잘부르는법 #목소리좋아지는법 #복식호흡 #믹스보이스",UCeeomz8tjZaa_O3CcPEKPAQ,모스톤 MOSTONE VOCAL,2023-01-15T03:00:30Z,54,0.9,True,529316,5547,116,https://www.youtube.com/watch?v=glMX3ifx8_c,118000,1338,PF236570,"한국가곡대축제, 가곡의 별들 [창원]",서양음악(클래식),3.15아트센터 대극장,2024-04-18,2024-04-18,,,,none,none,1,False,False,1,no_strong_signal,신호 없음
ITDyQNs4rmM,#빛이나는사람#김호중#트바로티#아리스#합창#생일축하#다온소리#별노을,,UCNPMwXTbuT1owlSy90aCdgw,다온소리뮤직센터,2022-11-14T05:58:42Z,54,0.9,True,10074,1316,,https://www.youtube.com/watch?v=ITDyQNs4rmM,12800,23,PF236570,"한국가곡대축제, 가곡의 별들 [창원]",서양음악(클래식),3.15아트센터 대극장,2024-04-18,2024-04-18,,,,none,none,1,False,False,1,no_strong_signal,신호 없음
AZ_eWX2vHMk,5초만에 노래 잘부르는 법#shorts,#shorts #이적 #보컬트레이너호시,UCBuiqvC4EW9DJ9ZZ1VPKe3w,보컬트레이너 호시,2023-09-07T09:15:00Z,42,0.7,True,617558,12703,101,https://www.youtube.com/watch?v=AZ_eWX2vHMk,42500,395,PF236570,"한국가곡대축제, 가곡의 별들 [창원]",서양음악(클래식),3.15아트센터 대극장,2024-04-18,2024-04-18,,,,none,none,0,False,False,0,no_strong_signal,신호 없음
CH3QOUXoTWI,[수원 예술인을 담다] 박이슬,"수원문화재단 10주년 기념사업_ 수원 예술인을 담다. 7편
국악, 사라지지 않고 살아지다
박이슬 / 아트컴퍼니 달문, 가야금 연주자
제작 : 정용신, 조훈희,양재필
[본 콘텐츠는 경기도와 경기콘텐츠진흥원을 지원받아 제작되었습니다]

[관련 사이트] 
수원미디어센터 홈페이지 : http://www.swmedia.or.kr
수원미디어센터 페이스북 : https://www.facebook.com/swmedia2015
수원문화재단 : https://www.swcf.or.kr

#시민과함께하는수원 #수미C #수원미디어센터 #수원문화재단 #수원시 #수원 #경기콘텐츠진흥원 #경기도 #수원시민영상콘텐츠제작지원 #제작지원 #시민영상콘텐츠 #온라인영상제작지원 #수원영상제작지원#수원 # 문화예술인 # 워크숍 # 수예담 # 가야금 # 박이슬 # 아트컴퍼니 # 달문 # 연주자 # 마을N",UCB86K932_hDUlhuDlZ57tfw,수원시미디어센터 - 수미C,2022-12-14T02:33:24Z,532,8.87,False,190,7,1,https://www.youtube.com/watch?v=CH3QOUXoTWI,488,1374,PF236570,"한국가곡대축제, 가곡의 별들 [창원]",서양음악(클래식),3.15아트센터 대극장,2024-04-18,2024-04-18,,,,none,none,0,False,False,0,no_strong_signal,신호 없음
3nQkGr-SZKg,동구문화원김임경노래교실#해운대남진(전찬영)#나야나,,UCm-ELWBTBfvw-VGGsvbIeWg,김가수김미애,2019-06-21T06:15:18Z,228,3.8,False,30,2,0,https://www.youtube.com/watch?v=3nQkGr-SZKg,157,107,PF236570,"한국가곡대축제, 가곡의 별들 [창원]",서양음악(클래식),3.15아트센터 대극장,2024-04-18,2024-04-18,,,,none,none,0,False,False,0,no_strong_signal,신호 없음
FoBgviX-cfY,흔들리는 음표 속에서 네 'MBTI' 느껴진거야 - Soprano 김한비,"곡 명 : W.A.Mazart Der Hölle Rache kocht in meinem Herzen from the Opera ""Die Zauberflöte""

공연명 : 흔들리는 음표 속에서 네 'MBTI' 느껴진거야
공연일시 : 2023.06.22(목) 19:30
공연장소 : 3.15아트센터 소극장
주최 : 창원문화재단
주관 : 경남청년음악인협의회

▪️블렌딩아트컴퍼니 사이트: www.blendingartcompany.com
▪️블렌딩아트컴퍼니 인스타그램: https://instagram.com/blending_art_company?igshid=16o2ywzsmo6aa

💌blending_art_company@naver.com",UC9zYJkoVRTrz9IZ69UgXBoA,블렌딩TV,2023-07-13T03:23:59Z,215,3.58,False,631,13,11,https://www.youtube.com/watch?v=FoBgviX-cfY,7090,399,PF236570,"한국가곡대축제, 가곡의 별들 [창원]",서양음악(클래식),3.15아트센터 대극장,2024-04-18,2024-04-18,,,,mismatch,match,0,False,False,0,no_strong_signal,날짜 불일치(다른 회차 가능성); 장소 일치
jo0rwYuV2EY,[ART REVIEW] 경남의 대표적인  여성중창단 경남프리마앙상블 (Feat. 경남프리모앙상블)-창원성산아트홀 소극장 by 밤의여왕 아리아 끼깔나게(?) 부르는 진신양의 아트리뷰,"창단 21주년 기념 경남프리마앙상블 제17회 정기연주회 ""나 하나 꽃 피어"" 에
아트 리뷰 상큼발랄 노래하는 리포터 진신양 이 떴다!!",UCd290OLSaNeonUTRuAJd2dg,경남예총 공식채널,2023-08-02T04:28:23Z,202,3.37,False,331,17,1,https://www.youtube.com/watch?v=jo0rwYuV2EY,7550,240,PF236570,"한국가곡대축제, 가곡의 별들 [창원]",서양음악(클래식),3.15아트센터 대극장,2024-04-18,2024-04-18,,,,none,none,0,False,False,0,no_strong_signal,신호 없음
bctnZd_KL0I,"♥「지리산 힐링캠핑」,지리산에서  힐링을 맛보다.","♥지리산 쌍계사에서 천황봉을 향해 30여분을 올라오다보면 아직은  덜 알려져  가족들이  힐링하기 좋은장소가 벽소령계곡을 끼고있는 「의신마을」이라 할 수 있다.
♥사설 오토캠핑장  3,000평에 샤워실과 화장실등 부대시설이 조성되어 있다.
♥차랑한대와 텐트 한동기준으로 2~3만원대에  이용할 수 있다.
♥유니콘시스템/신찬우대표
♥010-8647-8465",UCcvKfRki_T5DvjgQMn_Ib7g,유니콘시스템/신찬우대표 010-8647-8465,2013-07-27T05:22:23Z,243,4.05,False,456,1,0,https://www.youtube.com/watch?v=bctnZd_KL0I,3040,2214,PF236570,"한국가곡대축제, 가곡의 별들 [창원]",서양음악(클래식),3.15아트센터 대극장,2024-04-18,2024-04-18,,,,none,none,0,False,False,0,no_strong_signal,신호 없음
_msI_xSScfY,[최광철색소폰TV] TBC FM '최광철의 재즈타임' 공개방송 (관객과 함께),"TBC FM '최광철의 재즈타임' 공개방송 (관객과 함께)

- 드럼 : 서덕원
- 베이스 : 전성식
- 피아노 : 원영조
- 색소폰 : 최광철",UCEcuXIj85Qt7JX4_hmqmJ1w,최광철색소폰TV,2020-07-05T23:00:06Z,264,4.4,False,151,5,,https://www.youtube.com/watch?v=_msI_xSScfY,1370,241,PF236570,"한국가곡대축제, 가곡의 별들 [창원]",서양음악(클래식),3.15아트센터 대극장,2024-04-18,2024-04-18,,,,none,none,0,False,False,0,no_strong_signal,신호 없음
S7gC_PHVGds,"제11회 아리수 가곡제 1, 2부 27곡(2시간 11분) 모두 이어듣기 / 2022년 1월 22일(토)","2022 아리수사랑 신년음악회
한국가곡 별들의 축제
제11회 아리수 가곡제

2022년 1월 22일(토) 오후 6시
세종문화회관 체임버홀
주최, 주관 : 아리수사랑 http://cafe.daum.net/arisoosarang
후원 : 세종경제신문, 월간 리뷰, 데일리한국, 동인음악
기획, 진행 : 김정주    

PROGRAM                                                    

아리수 사랑(신달자 시. 이안삼 곡) - 소프라노 정선화, Bar. 송기창, Pf. 이영민
고 향(정지용 시. 채동선 곡) - Sop. 김성혜, Pf. 이영민
동 백(김성춘 시. 정애련 곡) - M.Sop. 양송미, Pf. 이영민
연리지 사랑(서영순 시. 이안삼 곡) - 소프라노 정선화, Pf. 이영민
외딴 생각(한상완 시. 김진우 곡) - Bar. 이동환, Pf. 백 설
아무도(島)(이순희 시. 한성훈 곡) - Pf. 백 설, Alto Sax. 한기원
남겨진 바다(공혜경 시. 김광자 곡) - Bar. 김승철, Pf. 백 설
매화연가(황여정 시. 이안삼 곡) - Sop. 김성혜, Pf. 이영민
사랑 너머(조영황 시. 김성희 곡) - Sop. 임청화, Pf. 이영민, 가야금 이리진
수락산 연가(이명숙 시. 임긍수 곡) - Ten. 이정원, Pf. 백 설
사랑을 찾아서(박수진 시. 박영란 곡) - Bar. 송기창, Pf. 백 설
마 중(허 림 시. 윤학준 곡) - Ten. 이 현, Pf. 백 설
내 맘의 강물(이수인 시, 곡) - 소프라노 정선화, 정혜욱, Ten. 이정원, Bar. 송기창, Pf. 백 설

Intermission

나는 누구인가(숲바람 시. 김현옥 곡) - Ten. 하만택, Pf. 백 설
벼룩시장(구준모 시. 정덕기 곡) - Bar. 송기창, Pf. 백 설
그리워 그리워(춘향전)(이서구 시. 현제명 곡) - Sop. 정혜욱, Ten. 이정원, Pf. 백 설
수선화(김동명 시. 김동진 곡) - Sop. 김성혜, Pf. 이영민 
비 목(한명희 시. 장일남 곡) - M.Sop. 양송미, Pf. 이영민
꽃구름 속에(박두진 시. 이흥렬 곡) - Sop. 김성혜, Pf. 이영민
산 아(신흥철 시. 신동수 곡) - Bar. 이동환, Pf. 백 설
그리운 사람아(임승천 시. 박경규 곡) - Ten. 하만택, Pf. 백 설
향 수(정지용 시. 김희갑 곡) - Ten. 이 현, Bar. 이동환, Pf. 백 설
무 곡(김연준 시. 김연준 곡) - Sop. 정혜욱, Pf. 이영민
그리운 금강산(한상억 시. 최영섭 곡) - Sop. 임청화, Pf. 이영민
삶이 그대를 속일지라도(푸쉬킨 시. 김효근 역.곡) - 소프라노 정선화, Pf. 이영민
산노을(유경환 시. 박판길 곡) - Ten. 이정원, Pf. 백 설
명 태(양명문 시. 변 훈 곡) - Bar.김승철, Pf. 백 설
사랑이여 어디든 가서(문효치 시. 이안삼 곡) - Sop. 임청화, Ten.이 현, Pf. 이영민
고향의 노래(김재호 시. 이수인 곡) - 출연진 다함께, Pf. 이영민

사진,영상편집 : 김문기의 포토랜드
HP 010-5273-2309
유투브 채널 : 김문기의 포토랜드
http://blog.daum.net/photokin",UC9mTG7yvizKx21dB8unxzNQ,김문기의 포토랜드 Kim Moon-gi's Photoland,2022-01-30T02:15:24Z,7854,130.9,False,927,21,6,https://www.youtube.com/watch?v=S7gC_PHVGds,15600,10645,PF236570,"한국가곡대축제, 가곡의 별들 [창원]",서양음악(클래식),3.15아트센터 대극장,2024-04-18,2024-04-18,,,,none,none,0,False,False,0,no_strong_signal,신호 없음
ACfEeRwTuFM,[23.06.20.] 소프라노 이윤경 독창회 - 대구 (6. 20),"장소     한영아트센터 안암홀
2023년 06월 20일(화) 19시 30분
관람시간     90분
관람등급     만7세이상
전석     20,000원

https://www.ticketlink.co.kr/product/44048

대구문화발전소 http://cafe.daum.net/dg-cultural 다음카페
대구문화발전소 https://band.us/band/49860918 밴드
Daegu culture https://cafe.naver.com/a9403043 네이버 카페
대구공연관람모임  https://cafe.naver.com/dglimjonghyun 네이버 카페
                  http://cafe.daum.net/deagu-seeplay 다음카페
대구공연관람 및 정보문의  https://open.kakao.com/o/gQZXaUQb 오픈쳇팅방(쳇방은 승인후)
라인워크   https://home.worksmobile.com/main/
한번 둘러보시고 가입하세요.

대구 공연 정보는 여기에 다 있다 https://dg-cultural.tistory.com/ 티스토리
대구 공연 정보는 여기에 다 있다  https://blog.naver.com/a9403043 네이버 블로그
대구공연정보   https://post.naver.com/a9403043?isHome=1  네이버 포스터
대구문화발전소   http://blog.daum.net/a94030431  다음 블로그
대구공연정보(유튜브)
https://www.youtube.com/channel/UCjTlbWQ2QLF5u6C9KCO1pbg?view_as=subscriber
대구공연리뷰(유튜브)
https://www.youtube.com/channel/UCgpi2LWn__GlGpNS75vcX2Q?view_as=subscriber
대구공연 즐기자(유튜브)
https://www.youtube.com/channel/UCsQDIols2t2-qB9VIVQFk4A
텔레그램 채널
https://t.me/dgartsee
한번 둘러보세요.",UCjTlbWQ2QLF5u6C9KCO1pbg,대구 공연 정보,2023-05-21T01:28:32Z,13,0.22,True,350,2,0,https://www.youtube.com/watch?v=ACfEeRwTuFM,981,4315,PF236570,"한국가곡대축제, 가곡의 별들 [창원]",서양음악(클래식),3.15아트센터 대극장,2024-04-18,2024-04-18,,,,none,none,0,False,False,0,no_strong_signal,신호 없음
_2JVhrsJ8WU,제175회 마산가곡부르기 정기연주회 -  당신은사랑받기위해 태어난 사람/한국을 빛낸 100위인 (그린쇼콰이어합창단),"*당신은 사랑받기 위해 태어난 사람 - 이만섭 시,곡 (그린쇼콰이어 합창단)
*한국을 빛낸 100명 위인 - 박문영 시,곡 (그린쇼콰이어 합창단)
(지휘 권안나, 반주 성평강)",UC9PyrJFfMl530Nzn2YFALKQ,노동환 TV,2021-10-30T03:07:43Z,523,8.72,False,45,0,0,https://www.youtube.com/watch?v=_2JVhrsJ8WU,606,443,PF236570,"한국가곡대축제, 가곡의 별들 [창원]",서양음악(클래식),3.15아트센터 대극장,2024-04-18,2024-04-18,,,,none,none,0,False,False,0,no_strong_signal,신호 없음
w5vNZcL2qL8,공연리뷰_그린여성합창단_보니엠의 써니,"차려 자세로 합창만 하는 시대는 갔다. 창원그린여성합창단이 지난 2일 선보인 세미뮤지컬 '써니'는 합창에 대한 기존의 고정관념을 훨씬 뛰어넘는 공연이었다. 보니엠의 써니와 나미의 빙글빙글, 리처드 샌드슨의 리얼리티, 두리스의 원티드, 그리고 조용필의 여행을 떠나요를 스토리로 엮어 멋진 공연을 꾸몄다. 이 영상은 그 중에서 첫순서로 선보인 '써니'다.",UCVYghUQMJo_n7yVNDkfoF9w,무한자연돌이끼,2015-06-04T04:41:05Z,202,3.37,False,4028,13,1,https://www.youtube.com/watch?v=w5vNZcL2qL8,164,157,PF236570,"한국가곡대축제, 가곡의 별들 [창원]",서양음악(클래식),3.15아트센터 대극장,2024-04-18,2024-04-18,,,,none,none,0,False,False,0,no_strong_signal,신호 없음
a30rufzYRVY,"제 1,483 회 토요 별★ 음악회 / 2025-12-27(토) 오후 8시","의사랑음사랑 (성악+플룻 연주회)

===의사랑음사랑은
음악을 사랑하며 공부하고 연주하는 모임입니다
1997년 부터 157 회의 정기 연주회와 수십회 의 독창회, 협연연주, 2인, 4인, 5인음악회,
100여회 의 천문대 별★음악회, 장애인 캠프 음악회, 아트홀 개관연주회,
평송수련회관 연주회, 국립 과학관 별★음악회, 천문연구원 은하수홀 개관연주회
대전시립 박물관의 대전음악제 ,다수의 대한민국 별★축제 음악회 대전 예술의 전당 연주등
여러 음악회에 출연, 기획, 후원 을 하며, 세상에 작은 보탬이 되고자 노력하는
여러분의 따뜻한 이웃입니다...

==========출연===========
===임종삼 / 테너
기획 음악 “바다의 노래” 대표
작곡가 김종덕 작품 발표회
진주챔버콰이어
창원 극동방송 “성가의 샘” 진행자
“소담” 연주회 영상 제작 스튜디오 운영
 
===조민홍 / 소프라노
​국민음악제 출연
예당 별빛축제 출연
예당 윈터 페스디벌 참가
진달래음악제 준비위원
한국침신대 교회음악과 재학중
 
===정용환 / 바리톤
노래하는 변호사
한국가곡연주협회
대전충청가곡연주회
의사랑.음사랑 연주회
돌체음악회 등에서 200여회 연주
월간리뷰.NN Arts ,이탈리아 음악협회 등
전국 콩쿨대회등에서 다수 입상
 
​===김부자 / 소프라노
서울장로회신학대학 음악(성악)과 졸업
계룡시장상, 시의회의장상수상
충남음악상,한국음악상 공로상 수상
한가협연주회원,대충연주회원, 의사랑 음사랑회원
 
​== 김연주 / 소프라노
목원대학교음악대학 성악학부 졸업
극동방송국 어린이합창단 발성코치역임
별축제및 다수 별음악회출연
의사랑음사랑 회원
림스뮤직 회원
아미치앙상블 단장
 
​=== 차미정 / 소프라노
서울사이버대학교 성악과, 웹문예창작학과 졸업, 웹스토리작가
독일 Internationale Akademie für Musik Köln Kursdiplom 수료
러시아 볼쇼이 오페라극장 솔리스트 마스터클래스 및 초청프로그램 수료
서울오페라클럽 오페라 캐스팅 콩쿨 3위
현) 데쎄체 아벤트무지켄(DSC Abendmusiken) 대표,
충남대학교 일반대학원 성악전공 재학 중
 
===백은희 / 플루트
충남대 평생교육원 수료
목원대 평생교육원 수료
플룻앙상블 소담 단원
별음악회 다수 연주
 
=== 심우훈/ 테너
천문대 별음악회기획감독 1400 회
중앙과학관 별 음악회 기획 감독 100회
의사랑음사랑 회장 10년 역임 / 림스뮤직 회원
독창음반녹음 4집
kbs tv 소소공방 /솔직담백등 여러방송 주역출연
심안과 원장 안과전문의
 
===한상일 / 피아노
충남대학교 피아노전공 및 동 대학원 졸업
조선일보 주최 신인음악회 출연
음악저널 콩쿨 성악반주부문 입상
아트브릿지 주최 피아노독주회 개최
다수의 오페라, 독창회, 수천회 음악회 음악코치 및 반주
현) 목원대학교 반주전공 박사과정,
반주강사, 음악코치 및 전문반주자
 
​=======================================

 =====1부 연주회 =========
so viel mehr (알수없는 그 곳으로) -황태자 루돌프 중-- 차미정+임종삼
그리워 그리워-- 오페라 '춘향전' 중 --현제명 곡---김연주+심우훈
Core 'ngrato(무정한 마음)-----S. Cardillo -----정용환
​에니메이션 메들리---H. Joe 작곡 -----백은희
 
====2부 별자리 설명 =====
 
​=====3부 연주회 ======
산유화 ---김소월시 김성태곡 ----조민홍
Tonight ........(뮤지컬West Side Story 중에서) L. Bernstein--김연주 + 심우훈
아름다운 나라------채정은시 한태수 곡 -------- 김 부자
첫사랑------김효근 시곡--------차미정+임종삼",UCN3W9zzLNx2Eeo04vm0628Q,대전시민천문대TV,2025-12-27T23:51:36Z,2791,46.52,False,125,6,2,https://www.youtube.com/watch?v=a30rufzYRVY,1410,697,PF236570,"한국가곡대축제, 가곡의 별들 [창원]",서양음악(클래식),3.15아트센터 대극장,2024-04-18,2024-04-18,,,,none,none,0,False,False,0,no_strong_signal,신호 없음
BhlclKKBAlM,전국 환경음악 페스티벌 & 에코그린합창단 창단연주회 개최,"""인간은 자연 속에서 태어나 자연에서 살다 ~~~~~ "" 로 시작되는 자연보호헌장을 기초로 1983년 5월17일 경상북도 도민의 자연보호교육 및 호연지기 배양을 위해 설립된 경북환경연수원이 2013년 5월 개원 30주년을 맞이한다.
 
경상북도환경연수원(원장 : 이진관)은 개원 30주년을 기념하기 위해, 제1회 전국 환경음악 페스티벌 및 ""에코그린합창단 창단 연주회""를 오는 5월 16일 17:00시부터 경북 칠곡군 교육문화회관에서 개최했다.

이전에 개최되는 제1회 『전국환경음악페스티벌』과 『에코그린합창단 창단연주회』는 ""자연 그리고 하모니""란 주제로 전국 최초로 환경음악을 통해 이 시대 우리 마음의 힐링과 행복을 찾기 위해 준비를 하고 있으며, 특히 제1회 전국환경음악페스티벌은 『대구 얘노을 소년소녀합창단』, 『울산 동구여성합창단』, 『전주 레이디싱어즈』, 『창원 마산여성합창단』, 『코레일 조이너스합창단』등 전국에서 참가한 환경음악분야 최고의 합창단공연과,  2011년 6월 환경연수원 교육 수료생 40여명을 중심으로 결성된 『에코그린합창단』의 창단연주회로 진행되었다.


에코그린합창단은 지난 2011년 『전국환경음악합창경연대회』참가를 시작으로, 구미시립노인요양병원, 포항시 선린애육원 공연 및 봉사활동 등 지금까지 총34회 연주회 경험을 바탕으로, 환경연수원 개원 30주년을 맞이하여 창단연주회를 개최했다.

이번 에코그린합창단 창단연주회에서는 ""숲 속을 걸어요"" 등 10여곡의 아름다운 환경음악 공연과, 부대행사로는 칠곡교육문화회관 주변에서 ""자연생태사진 및 가정원예전시회""가 개최되었으며,  이진관 경북환경연수원장은 ""이번에 실시하는 제1회 『전국환경음악페스티벌』과 『에코그린합창단 창단연주회』를 통해  환경음악, 동요, 가곡 등의 교육과 보급 활동의 전개와 도민의 친 환경적, 정서함양 및 도민화합에 기여하고, 아울러 음악을 통한 녹색환경교육의 새로운 가치를 창조하고자 그 의미를 두고자 한다""고 밝혔다.",UCjXG5Ho0yzSc9RUW_bwfCKA,조영덕,2013-05-18T04:28:08Z,1772,29.53,False,3142,6,0,https://www.youtube.com/watch?v=BhlclKKBAlM,500,770,PF236570,"한국가곡대축제, 가곡의 별들 [창원]",서양음악(클래식),3.15아트센터 대극장,2024-04-18,2024-04-18,,,,none,none,0,False,False,0,no_strong_signal,신호 없음
_vlhhF_6GPI,I see the light  (전혜미&유승우),"[[경기방방콕콕 예술방송국]]


|곡명: I see the light

|노래: 전혜미 / 유승우
|반주: 박지현

|촬영일: 2020년 9월 19일 (토)
|촬영장소: 구리아트홀 유채꽃 소극장


#passione-voce #unit #빠씨오네보체유닛
#경기방방콕콕 #예술방송국 #중창 #앙상블
#iseethelight #세미클래식 #구리아트홀
#빠씨오네 #영상공연 #듀엣",UCQQSXN7qCs0t1HWDnSNzfqQ,Passione-Voce unit 빠씨오네,2020-09-28T11:13:50Z,200,3.33,False,152,11,1,https://www.youtube.com/watch?v=_vlhhF_6GPI,136,127,PF236570,"한국가곡대축제, 가곡의 별들 [창원]",서양음악(클래식),3.15아트센터 대극장,2024-04-18,2024-04-18,,,,none,none,0,False,False,0,no_strong_signal,신호 없음
uliiwoXlXoo,백성의 마음을 아는 왕이 되겠노라 (김수로 아리아) / 오페라 '허왕후' 중(김주원 작곡) / 테너 정의근 [김해문화의전당],"2021.02.02(화) 유튜브 실시간 방송으로 진행되었던 
2021 김해문화의전당 신년음악회 Opera Gala Concert
4월 막을 올릴 김해문화재단 제작 오페라 '허왕후' 중 김수로 아리아입니다.

김해문화재단이 제작하는 오페라 '허왕후'가 4월8일~10일
김해문화의전당 마루홀에서 막을 올립니다!
많은 기대 부탁드려요!",UCk0obBpatiIc02m8syHdv7A,김해문화의전당_GASC SAESON ON STAGE,2021-02-08T11:53:08Z,174,2.9,False,155,5,0,https://www.youtube.com/watch?v=uliiwoXlXoo,475,208,PF236570,"한국가곡대축제, 가곡의 별들 [창원]",서양음악(클래식),3.15아트센터 대극장,2024-04-18,2024-04-18,,,,mismatch,none,0,False,False,-2,delete_candidate,날짜 불일치(다른 회차 가능성)
pnpTLTGQ9LY,웃음보다 울음이 더 많았던 날 중에 (디얀시 아리아) / 오페라 '허왕후' 중(김주원 작곡) / 소프라노 서예은 [김해문화의전당],"2021.02.02(화) 유튜브 실시간 방송으로 진행되었던 
2021 김해문화의전당 신년음악회 Opera Gala Concert
4월 막을 올릴 김해문화재단 제작 오페라 '허왕후' 중 디얀시 아리아입니다.

김해문화재단이 제작하는 오페라 '허왕후'가 4월8일~10일
김해문화의전당 마루홀에서 막을 올립니다!
많은 기대 부탁드려요!",UCk0obBpatiIc02m8syHdv7A,김해문화의전당_GASC SAESON ON STAGE,2021-02-08T11:47:40Z,249,4.15,False,300,6,1,https://www.youtube.com/watch?v=pnpTLTGQ9LY,475,208,PF236570,"한국가곡대축제, 가곡의 별들 [창원]",서양음악(클래식),3.15아트센터 대극장,2024-04-18,2024-04-18,,,,mismatch,none,0,False,False,-2,delete_candidate,날짜 불일치(다른 회차 가능성)
JbD8hARkQVk,A Song of Peace (평화의 노래) - 광주 영어방송 소년소녀합창단,"제13회 광주 합창제
합창단 : 광주 영어방송 소년소녀합창단
곡 제목 :  A Song of peace (평화의 노래)",UCq0aLo66oZjU6GrxJo2nFhQ,광주합창연합회,2020-12-30T23:30:50Z,197,3.28,False,364,11,0,https://www.youtube.com/watch?v=JbD8hARkQVk,112,41,PF236570,"한국가곡대축제, 가곡의 별들 [창원]",서양음악(클래식),3.15아트센터 대극장,2024-04-18,2024-04-18,,,,none,none,0,False,False,0,no_strong_signal,신호 없음
3fIHOaO0irs,경남오페라단 신춘가곡제_ 커튼콜_ 바리톤양준모_ 소프라노강혜정_ 테너김동원_ 메조소프라노이아경_2023.3.23.창원성산아트홀 대극장,,UCZOtSa8Iy8f226zt0aqRsRQ,선물,2023-03-23T13:42:02Z,24,0.4,True,66,0,0,https://www.youtube.com/watch?v=3fIHOaO0irs,375,137,PF236570,"한국가곡대축제, 가곡의 별들 [창원]",서양음악(클래식),3.15아트센터 대극장,2024-04-18,2024-04-18,,,,none,none,0,False,False,0,no_strong_signal,신호 없음
Eij5xOdEcR8,[230917] 밤안개🌃 멋지게 등장해서✨️ 계단 내려오는🕺 #에녹 💚 #불타는트롯맨 TOP7 울산 콘서트,"2023.09.16 ~ 2023.09.17 불타는 트롯맨 TOP7 울산 콘서트
KBS 울산홀",UCI3PgvqWYlidt4OlowUHZfQ,파도,2023-09-27T12:30:36Z,25,0.42,True,13479,1291,27,https://www.youtube.com/watch?v=Eij5xOdEcR8,10700,430,PF236570,"한국가곡대축제, 가곡의 별들 [창원]",서양음악(클래식),3.15아트센터 대극장,2024-04-18,2024-04-18,,,,mismatch,none,0,False,False,-2,delete_candidate,날짜 불일치(다른 회차 가능성)
9V_lIt4RnMc,창작오페라 3.15 커튼콜 -창원시립예술단,"이승만을 하야 시킨 4.19를 있겠한
민주화혁명 3.15",UCWgFDhLtpswkfIGyq3m5xKA,불혹의펄스 / Forty's Pulses,2021-11-05T03:23:29Z,71,1.18,False,57,1,0,https://www.youtube.com/watch?v=9V_lIt4RnMc,260,316,PF236570,"한국가곡대축제, 가곡의 별들 [창원]",서양음악(클래식),3.15아트센터 대극장,2024-04-18,2024-04-18,,,,none,none,0,False,False,0,no_strong_signal,신호 없음
aTITZ1Mv9N0,그리운 마음 - 전체,"그리운 마음 - 남성4부 - 김동환 작곡, 이중대 편곡",UCToZ-wRaek64eX66zwSqdNQ,김집사와 리코더,2023-01-28T05:03:21Z,224,3.73,False,131,1,0,https://www.youtube.com/watch?v=aTITZ1Mv9N0,541,866,PF236570,"한국가곡대축제, 가곡의 별들 [창원]",서양음악(클래식),3.15아트센터 대극장,2024-04-18,2024-04-18,,,,none,none,0,False,False,0,no_strong_signal,신호 없음
x8m855WDpbM,아휴 숨차 #박민수 #에녹 #불타는트롯맨콘서트,"230805 불타는트롯맨 수원콘서트 7시
에녹 형 아가미 호흡 따라하는 박민수

👉 박민수 인스타 https://instagram.com/dolmang_e
👉 박민수 유튜브 http://www.youtube.com/@minsu1362
👉 박민수 팬카페 https://cafe.naver.com/dolmang1999",UCzY_yPBB1eiq2l_6vyCd2sw,이번생은박민수,2023-09-27T05:21:42Z,33,0.55,True,1604,135,9,https://www.youtube.com/watch?v=x8m855WDpbM,7360,638,PF236570,"한국가곡대축제, 가곡의 별들 [창원]",서양음악(클래식),3.15아트센터 대극장,2024-04-18,2024-04-18,,,,none,none,0,False,False,0,no_strong_signal,신호 없음
jks9LgkWLhY,에녹바라기를 위한 #에녹댄스🕺컷 좋은 건 한 번 더 #enoch#영상출처mbn,,UCxDoJBdJiWXVLSdSpPRHBpQ,패션피플 Fashion people,2023-06-02T02:17:26Z,202,3.37,False,16568,657,77,https://www.youtube.com/watch?v=jks9LgkWLhY,8730,578,PF236570,"한국가곡대축제, 가곡의 별들 [창원]",서양음악(클래식),3.15아트센터 대극장,2024-04-18,2024-04-18,,,,none,none,0,False,False,0,no_strong_signal,신호 없음
TQN3d-lAcAc,세종 솔리스트 앙상블@심산아트홀 '조율',,UC-HCEKryRRud4BYwAZk7mtA,김진우,2020-01-12T00:24:24Z,260,4.33,False,214,6,0,https://www.youtube.com/watch?v=TQN3d-lAcAc,26,57,PF236570,"한국가곡대축제, 가곡의 별들 [창원]",서양음악(클래식),3.15아트센터 대극장,2024-04-18,2024-04-18,,,,none,none,0,False,False,0,no_strong_signal,신호 없음
n0ydENipQOE,"창원시남성합창단 T2공경호 -영원히 영원히(반주 진혜민, 색서폰 조지영)","창원시남성합창단 14회 정기연주회 시즌1 
사랑, 감동 그리고 추억
#창원시남성합창단 #14회정기연주회 #정기연주회 #아마추어남성합창단 #아마추어성악 #영원히영원히",UCrbmu4lGPcRF_Vv31RXv1rQ,Kei Oh,2020-11-02T06:22:30Z,251,4.18,False,131,4,1,https://www.youtube.com/watch?v=n0ydENipQOE,27,15,PF236570,"한국가곡대축제, 가곡의 별들 [창원]",서양음악(클래식),3.15아트센터 대극장,2024-04-18,2024-04-18,,,,none,none,0,False,False,0,no_strong_signal,신호 없음
tj6tgfqv3f8,연광철 한국가곡집 〈고향의 봄〉 녹음 현장,"연광철이 노래하는 한국가곡
〈고향의 봄〉

이번 음반에서 연광철은 그동안 한국 가곡을 ‘성량을 자랑’하거나 ‘열정과 감정을 분출’하는 것이라 여겨 왔던 해묵은 오해를 불식시킨다. 한국 가곡에 등장하는 시적 화자들은 이별의 슬픔을 당하고도 나를 떠난 그를 잊지 못한다. 돌아보고 또 돌아보며 이러지도 저러지도 못한다. 한번 정이 든 사람을 쉬이 버리지 못하는 그런 심성 때문에 한이 생겨난다. 이것이 바로 많은 한국 가곡의 주제가 된 이별의 정한情恨이다. 

가수로서 연광철은 오랫동안 한국 가곡을 염두에 두고 있었다. 그는 “오페라에서는 주로 독일 왕이나 대신을 연기해야 하지만, 한국 가곡을 부를 때만큼은 자기 자신이면 된다”면서 특히 이번 음반에서 부른 「고향의 봄」에 대해서는 “이 노래는 정말 충주 산골을 다니던, 있는 그대로의 내 이야기”라고 말하기도 했다. 베이스 가수로서 범접할 수 없는 테크닉과 성량, 작품에 대한 해석력을 겸비한 연광철은 한국인 가수로서의 정체성을 확고히 담아 우리 가곡만의 독특한 아름다움을 전달한다. 

🔖수록곡 가사 영어, 일어, 독일어 등 3개 국어로 번역

그동안 나온 한국 가곡 음반들은 주로 국내 감상자들을 위하여 제작하여 우리 가곡을 외국에 알린다는 취지가 희미했다. 그러나 풍월당은 이번 한국 가곡 음반 〈고향의 봄〉을 제작하면서 해외 동포는 물론이고 한국 문화에 관심 있는 외국인들을 위해 모든 가곡의 시를 영어, 일본어, 독일어 등 3개 국어로 번역했다. 시 번역은 간단한 일이 아니어서 우리 시를 번역해 해외에 꾸준히 알리고 있는 도서출판 읻다/나선 에이전시의 협력을 얻어 각 언어권의 최고 전문가를 소개받았다. 영어의 정새벽, 일어의 요시카와 나기, 독일어의 박술 등 번역가들은 우리 시의 독특한 정서와 아름다움을 각 언어권 독자들이 이해하고 느낄 수 있는 범위에서 세심하게 옮겨냈다. 

우리 시의 번역은 이번 프로젝트에서 특별히 중요한 의의를 가진다. 한류로 인해 한국 문화에 대한 관심이 높아졌지만, 우리 예술, 우리 문화에 대한 심도 있는 자료가 부족한 상황에서 이번 가곡 음반은 신선한 자극이 될 것이다. 곧 미주와 유럽 등 전세계에 있는 한국어 및 한국학과에서 활용할 수 있을 만큼 완성도를 높이고자 했다. 또한 음악의 입장에서도 반가운 일이라 할 수 있다. 세계적인 리트 피아니스트이자 독일 카를스루에 음악대학 총장인 하르트무트 횔은 여러 나라의 가곡들을 번안해서 부르는 대신 원래의 언어로 부르는 소위 ‘가곡의 국제화’ 운동을 벌여 왔다. 한국 가곡을 한국어 원어 그대로 부르되 잘 번역해서 소개한다면, 해외에서 활동하고 있는 우리 음악가들도 보다 적극적으로 우리 가곡을 소개할 수 있을 것이고, 이에 따라 작품의 질, 해석의 질 또한 올라갈 수 있을 것이다. 

🇰🇷연광철이 노래하는 한국 가곡
양장. 160쪽 책과 1CD. 큐알코드 수록
국문, 영문, 일문, 독문 번역 수록

🔖풍월당 주문하기
https://bit.ly/3RXoMTd
010-2100-5521
판매 가격: 29,000원

Project Manager: Pungwoldang
Recording: Tongyeong Concert Hall
Recorded: 4-7 Jul, 2023
Recording Producer / Tonmeister: Jin Choi
Recording Engineers: Jongwon Shin, Ga-eul Kim
Editing: Kyung-Wook Kim
Recorded and Mastered by sempre la musica
Piano Technician: Ok-Yeon Kang
Liner Notes: Nah Sung-in

Cover: Park Seo-Bo
Ecriture No.980308, 1998, 
Mixed media with Korean Hanji paper on canvas, 228×182cm,
Courtesy of Park Seo-Bo Foundation

Product Manager: ITTA / Nasun Agency
Translation: Jack Jung(English), Yoshikawa Nagi(Japanese), Sool Park(German)
Design: Marie Kim
Photo: Jinsu Lee

#풍월당 #가곡 곡 #연광철 #신미정 #별 
#클래식 #한국가곡 #고향의봄  
#통영국제음악당 #박서보 
#K_Classic #KoreanArtSong 
#Pungwoldang #KwangchulYoun",UCYu5Hi_BhKd_UbF3tQAchnw,PUNGWoLDANG,2023-11-01T05:06:47Z,154,2.57,False,3654,111,,https://www.youtube.com/watch?v=tj6tgfqv3f8,2950,59,PF236570,"한국가곡대축제, 가곡의 별들 [창원]",서양음악(클래식),3.15아트센터 대극장,2024-04-18,2024-04-18,,,,none,none,1,False,False,1,no_strong_signal,신호 없음
RqBS51ywbLY,고향의 노래(Bariton KIM HONGKYU) 바리톤 김홍규. 피아노 이호정,,UCtqda_zTwOqkJ9tBSN2mVig,Neue Stimme,2020-11-28T00:03:26Z,200,3.33,False,265,7,1,https://www.youtube.com/watch?v=RqBS51ywbLY,16,19,PF236570,"한국가곡대축제, 가곡의 별들 [창원]",서양음악(클래식),3.15아트센터 대극장,2024-04-18,2024-04-18,,,,none,none,0,False,False,0,no_strong_signal,신호 없음
Quuzyg1AmtQ,윤학준의 잔향_바리톤 안갑성 #목요일엔CONCERT,"매주 목요일, '진짜 음악'을 만나다!
 
◼ 프로그램
 - 윤학준의 잔향

◼ 출연진
 - 바리톤 안갑성

#바리톤안갑성 #윤학준잔향",UCWWAg-9v9F3yhMjiAlJ_IEg,하남문화재단,2023-03-16T09:15:02Z,313,5.22,False,199,7,0,https://www.youtube.com/watch?v=Quuzyg1AmtQ,6290,974,PF236570,"한국가곡대축제, 가곡의 별들 [창원]",서양음악(클래식),3.15아트센터 대극장,2024-04-18,2024-04-18,,,,none,none,0,False,False,0,no_strong_signal,신호 없음
PmY6h1k7nsM,함께 부를 노래 - 혼성합창의 밤 (3.15아트센터 소극장),"2019. 1. 19. 창원시혼성합창단, 가온누리합창단, 새로미가곡합창단",UCMZuZxe1MpNJv9c0RvvY8lw,정법무,2019-02-22T08:36:30Z,247,4.12,False,906,13,0,https://www.youtube.com/watch?v=PmY6h1k7nsM,39,14,PF236570,"한국가곡대축제, 가곡의 별들 [창원]",서양음악(클래식),3.15아트센터 대극장,2024-04-18,2024-04-18,,,,none,match,0,False,False,2,no_strong_signal,장소 일치
IPzW_S2zA94,315의거 기념식,"'제54주년 3.15의거 기념식'이 국가보훈처 주관으로 지난
15일 오전 10시 3.15아트센터(마산회원구 양덕동 소재)에서 거행됐습니다.",UC3XKtz0LvxRsP-iFcDx8cMg,추천창원 (창원시공식유튜브),2014-03-20T06:24:12Z,234,3.9,False,389,3,0,https://www.youtube.com/watch?v=IPzW_S2zA94,97300,2471,PF236570,"한국가곡대축제, 가곡의 별들 [창원]",서양음악(클래식),3.15아트센터 대극장,2024-04-18,2024-04-18,,,,none,match,0,False,False,2,no_strong_signal,장소 일치
42tsgfHmLsA,210623 경상남도오페라단연합회 출범기념 음악회 / 315아트센터,"2021년 6월 23일(수) 19시 30분
3.15아트센터 소극장

경상오페라단
벨라미치예술단
창원오페라앙상블
밀양오페라단
리릭오페라앙상블
BRAVO경남예술단
경남성악회
경상캄머오페라단
화오페라단


주최 경남오페라연합회 / 경상캄머오페라단",UCJAKKgG_jQfMNH34HFk5cPA,경상오페라단,2022-07-19T04:15:48Z,5249,87.48,False,183,3,0,https://www.youtube.com/watch?v=42tsgfHmLsA,151,85,PF236570,"한국가곡대축제, 가곡의 별들 [창원]",서양음악(클래식),3.15아트센터 대극장,2024-04-18,2024-04-18,,,,none,match,0,False,False,2,no_strong_signal,장소 일치
BgIAKlJyUhQ,님이 오시는지 - 창원필콰이어,창원필콰이어 창단연주회,UCfnYr1DvH6uL-UMCZAtfu2Q,Junhyun KIM,2017-10-04T10:48:52Z,286,4.77,False,161,9,0,https://www.youtube.com/watch?v=BgIAKlJyUhQ,1,4,PF236570,"한국가곡대축제, 가곡의 별들 [창원]",서양음악(클래식),3.15아트센터 대극장,2024-04-18,2024-04-18,,,,none,none,0,False,False,0,no_strong_signal,신호 없음
-N7WvlL11SI,"'비요일의 꽃비' 마산비비추합창단 창단연주회 (지휘 정명기,피아노 김미정)마산 3.15아트센터대극장  2022. 07. 02",,UC0g-u2J2AA4YXu-x5R2vcAw,Michael Jeong,2022-07-15T15:50:56Z,200,3.33,False,744,17,0,https://www.youtube.com/watch?v=-N7WvlL11SI,132,113,PF236570,"한국가곡대축제, 가곡의 별들 [창원]",서양음악(클래식),3.15아트센터 대극장,2024-04-18,2024-04-18,,,,none,match,0,False,False,2,no_strong_signal,장소 일치
cMYTrNlw-Qw,"'사랑하면 할수록' 마산비비추합창단 창단연주회 (지휘 정명기,피아노 김미정)마산 3.15아트센터대극장  2022. 07. 02",,UC0g-u2J2AA4YXu-x5R2vcAw,Michael Jeong,2022-07-15T15:56:58Z,241,4.02,False,941,19,1,https://www.youtube.com/watch?v=cMYTrNlw-Qw,132,113,PF236570,"한국가곡대축제, 가곡의 별들 [창원]",서양음악(클래식),3.15아트센터 대극장,2024-04-18,2024-04-18,,,,none,match,0,False,False,2,no_strong_signal,장소 일치
F-OZH3MMub4,창원리즈콰이어 창단연주회 아리랑,"창원리즈콰이어 창단연주회
창원시 혼성합창단
지휘 : 이상엽
반주 : 진혜민
문의전화 : 010-8371-1955",UC6hcCJtyS37F0Yqi9YCwwzA,김도연,2022-12-20T07:55:55Z,610,10.17,False,446,9,0,https://www.youtube.com/watch?v=F-OZH3MMub4,37,58,PF236570,"한국가곡대축제, 가곡의 별들 [창원]",서양음악(클래식),3.15아트센터 대극장,2024-04-18,2024-04-18,,,,none,none,0,False,False,0,no_strong_signal,신호 없음
xx7agR5y_qU,[합창세미나]A La Nanita Nana/창원리즈콰이어/제1회경남국제합창컨퍼런스/코리아합창제/(23.07.22),"#경남국제합창#경남합창#합창컨퍼런스#코리아합창제#초청연주#박신화교수님#요한로즈교수님#박창훈교수님
#공기태교수님#윤의중교수님#이기선교수님#안젤리아 안젤리니교수님#박지훈교수님#이상길교수님#합창#성가#성가곡#성가대#찬양대#호흡#발성#음정#지휘#지휘법#현대성가합창#고급합창지휘#재즈#팝합창#합창소리만들기#세미나#아카펠라합창곡블랜딩방법#유럽합창#르네상스합창#현대가곡합창분석#현대가곡합창지휘법#지휘가왜언어인가#아름다운비팅폼만들기



💟제1회 경남 국제합창 컨퍼런스 💟
☘️코리아합창제 
☘️2023.07.22 토




☘️초청연주
☘️A La Nanita Nana
☘️작사ㅡVictor C. Johnson
☘️작곡ㅡVictor C. Johnson


☘️창원리즈콰이어
☘️지휘ㅡ이상엽선생님
☘️반주ㅡ진혜민선생님



💐강의
🌱이기선교수님
🌱안젤리아 안젤리니교수님
🌱박지훈교수님
🌱이상길교수님




⚘️주최ㅡ코리아합창제 조직위원회
⚘️주관ㅡ경남기독교총연합회
⚘️특별후원ㅡ경상남도",UCeqbHVNzFtTpwYqa1jfZJqg,호산나피아노,2023-07-28T06:49:03Z,211,3.52,False,181,5,0,https://www.youtube.com/watch?v=xx7agR5y_qU,581,1425,PF236570,"한국가곡대축제, 가곡의 별들 [창원]",서양음악(클래식),3.15아트센터 대극장,2024-04-18,2024-04-18,,,,mismatch,none,1,False,False,-1,no_strong_signal,날짜 불일치(다른 회차 가능성)
EuzGPT6ezL8,3월 모닝콘서트 어뉴웨이와 함께하는 봄의 동행,"[2022 화요모닝콘서트 ‘봄이 오는 소리’] 공연 실황 영상 공개!!🎥

★ 3월 “어뉴웨이와 함께하는 봄의 동행”
  공연이 성황리에 종료되었습니다.

👀3월 공연을 놓치셨던 분들을 위해 공연 실황 영상을 준비했습니다.
📍2019 통일부장관상 및 대상 수상, 독일에서 인정받은 음악성을 가진 실력파 그룹
자작곡에서 데이브레이크, 폴킴 등 유명가수의 노래까지 ANEWAY만의 색깔로 만나볼 수 있었던 공연!!
📍그때의 행복을 다시 한번 창원아트TV로 즐기세요!

√일시: 2022.3.15.(화) 오전 11시
√출연: ANEWAY(어뉴웨이)

◆ 안내: www.cwcf.or.kr /055-268-7900

#창원문화재단 #성산아트홀 #모닝콘서트 #화요모닝콘서트 #BMW동성모터스와 #함께하는
#힐링 #창원공연 #ANEWAY",UCOe8nbIyGEYIqboJpdRS3uA,창원아트TV,2022-03-25T06:47:13Z,3319,55.32,False,237,12,5,https://www.youtube.com/watch?v=EuzGPT6ezL8,937,177,PF236570,"한국가곡대축제, 가곡의 별들 [창원]",서양음악(클래식),3.15아트센터 대극장,2024-04-18,2024-04-18,,,,mismatch,none,0,False,False,-2,delete_candidate,날짜 불일치(다른 회차 가능성)
ttxArArvnZw,용산시니어합창단_감격시대 빈대떡신사 바다의교향시,"제1회 용산시니어합창단 정기공연
[동행 그리고 설레임]
2017.6.20 용산아트홀 대극장 미르

가요_감격시대 빈대떡신사 바다의교향시",UCRUFOjjIr_4itjYdWYPWxRQ,李元揆（Itbatzz）,2017-07-08T07:01:00Z,159,2.65,False,117,0,0,https://www.youtube.com/watch?v=ttxArArvnZw,9,69,PF236570,"한국가곡대축제, 가곡의 별들 [창원]",서양음악(클래식),3.15아트센터 대극장,2024-04-18,2024-04-18,,,,mismatch,none,0,False,False,-2,delete_candidate,날짜 불일치(다른 회차 가능성)
XzKtGstQ4tE,"아름다운 우리 시를 엮어 ""마산 가곡""으로 탄생","아름다운 우리 시를 엮어 ""마산 가곡""으로 탄생

마산 가곡 부르기는 아름다운 우리 시로 만들어진 우리 가곡 부르기 행사로 마산을 중심으로 개최되는 행삽니다. 지난 7월 25일 마산문화원에서 열린 제 167회 마산가곡부르기 행사에 김준성 기자가 취재했습니다.


2004년 11월 마산 가톨릭 여성회관 강당에서 시작된 마산 가곡 부르기 행사는 우리 가곡 부르기와 더불어 연주, 다함께 부르기, 동요, 가요, 시낭송, 마임 등 다양한 형태의 음악회로 진행되며, 자연과 어머니, 사랑, 그리움 등을 주제로 프로그램을 구성하여 작곡가와 시인의 시를 엮어 노래로 부르며 다채로운 가곡을 탄생시키며 소개합니다.

[마산가곡부르기 회장 인터뷰]
우리 가곡을 부르고 싶지만 부르는 곳이 많이 없었기 때문에 마산에서 시작하게 되었습니다.

마산 가곡 부르기 행사 관계자는 ""우리 가곡 부르기 모임이 끊임없이 이어지기를 소원하며"" 또, ""늘 곁에서 따뜻한 격려와 성원 부탁드린다""고 전했습니다.

한편 마산 가곡부르기는 매월 넷째 주 토요일 오후 4시 마산 문화원 3층 대강당에서 개최됩니다.


#에코경남뉴스#경남뉴스#창원시가곡#마산가곡#아름다운시#마산가곡부르기 #정기연주회",UChTVUgurDPyguFavqQmOI2A,에코경남,2020-07-27T06:25:06Z,86,1.43,False,264,18,2,https://www.youtube.com/watch?v=XzKtGstQ4tE,17400,474,PF236570,"한국가곡대축제, 가곡의 별들 [창원]",서양음악(클래식),3.15아트센터 대극장,2024-04-18,2024-04-18,,,,none,none,0,False,False,0,no_strong_signal,신호 없음
_9_GBcJhJFw,2021년 모드니인형극단 성과보고회 군산장애인종합복지관,"2021년 성인발달장애인의 사회참여활대 및 경제적 기반 마련을 위한
""모드니 인형극단"" 프로젝트 시즌2 성과보고회
#군산장애인종합복지관
#전북사회복지공동모금회",UCn1E7fZ4ofbERQp5bcB5fhA,군산장애인종합복지관,2021-11-22T00:40:48Z,4025,67.08,False,485,7,1,https://www.youtube.com/watch?v=_9_GBcJhJFw,117,31,PF274937,헨젤과 그레텔 [군산],무용(서양/한국무용),군산예술의전당 대공연장,2025-10-25,2025-10-25,,,,none,none,0,False,False,0,no_strong_signal,신호 없음
3dquhvkCp_g,2022 어린이 뮤지컬 청양군 (아기 돼지 삼형제),2022 어린이 뮤지컬 청양군 (아기 돼지 삼형제),UCNFcLWPhaW8p4MEQsck0EZg,대전일보뉴스,2022-05-02T14:49:09Z,2481,41.35,False,278,1,0,https://www.youtube.com/watch?v=3dquhvkCp_g,13300,975,PF274937,헨젤과 그레텔 [군산],무용(서양/한국무용),군산예술의전당 대공연장,2025-10-25,2025-10-25,,,,none,none,0,False,False,0,no_strong_signal,신호 없음
yniQbGiUOAY,예심전도수련회2019 인형극,,UC4mCC7WGQD8_ogQnX_Nr6Cw,예심유튜브방송,2019-08-22T05:24:41Z,1904,31.73,False,320,,,https://www.youtube.com/watch?v=yniQbGiUOAY,4430,2228,PF274937,헨젤과 그레텔 [군산],무용(서양/한국무용),군산예술의전당 대공연장,2025-10-25,2025-10-25,,,,none,none,0,False,False,0,no_strong_signal,신호 없음
1LzUU6SdBpI,[인제대LINC+사업단]링크TV_링모지 5화_블링블링 LINC+ X K-WAVE_공연'우리할머니는 허왕후',,UCbXyeWk6-4vtFgE7NRizdEA,인제대학교 LINC 3.0 사업단,2021-10-14T06:51:06Z,54,0.9,True,39,0,0,https://www.youtube.com/watch?v=1LzUU6SdBpI,262,121,PF274937,헨젤과 그레텔 [군산],무용(서양/한국무용),군산예술의전당 대공연장,2025-10-25,2025-10-25,,,,none,none,0,False,False,0,no_strong_signal,신호 없음
LpoiovFRQn4,"[KHOA NEWS]2021년 5월, 백설공주 후속작 왕비의 진실거울! ★구독이벤트있어요! 더보기 참고★","▶ 기사 원문 : ★구독이벤트있어요! 더보기 참고★

1. 경남 통영시 욕지도 남부 연안 수로측량 실시
2. 이어도 탄생의 비밀
3.  전남 영광 안마군도 와  전북 군산 십이동파도 조류관측실시
     충남 보령에서 전남 신안 앞바다까지 연안해역조사 실시

★★ 채널 구독 인증 이벤트 ★★
해양예보방송 구독인증하고 시원한 아메리카노 쿠폰 받아가세요!
1 )해양예보방송 구독하고
2 )아래 링크로 이동해서 인증해주세요
이벤트 기간 : 5/3(월) ~ 5/17(월)
당첨자 발표 : 5/20(목)
이벤트바로가기 : https://forms.gle/ihKG8FVuWGfmZATn9

▶ 제보 안내 : http://www.khoa.go.kr/

▣ 온바다 유튜브 채널 구독 : http://goo.gl/Q1QnoV

[국립해양조사원 해양방송 온바다 / Ocean Information Broadcasting]",UCM7RcZA1CiuyhQIOlOSNJ0g,해양예보방송 On바다,2021-05-03T00:41:02Z,152,2.53,False,1382,257,36,https://www.youtube.com/watch?v=LpoiovFRQn4,27000,22021,PF274937,헨젤과 그레텔 [군산],무용(서양/한국무용),군산예술의전당 대공연장,2025-10-25,2025-10-25,,,,none,none,0,False,False,0,no_strong_signal,신호 없음
mLpkfsk6sdg,목포대양어린이집 딸기체험학습,"대양어린이집
딸기쳬험학습ㅡ연화농원(전남 영암군 삼호읍)",UC2xoItt2P7dUvyNT-9bUOFQ,김종곤,2018-03-26T01:59:45Z,49,0.82,True,260,0,0,https://www.youtube.com/watch?v=mLpkfsk6sdg,76,46,PF274937,헨젤과 그레텔 [군산],무용(서양/한국무용),군산예술의전당 대공연장,2025-10-25,2025-10-25,,,,none,none,0,False,False,0,no_strong_signal,신호 없음
oEl_MyBQGC0,"전국 3대 빵집 안동 맘모스제과 리뷰 먹방! (크림치즈빵, 유자파운드케이크, 소보로빵, 쑥앙버터, 옥수수크림빵) 빵순이 빵지순례","#맘모스제과 #맘모스베이커리 #전국3대빵집

전국 3대 빵집 안동 맘모스 베이커리!
크림치즈빵 2300원
소보로빵 1500원
옥수수크림빵 2000원
쑥앙버터 2000원
유자파운드케이크 15000원
자세한건 영상으로 함께 해 주세요^^*
(바쁘신분들은 설정에서 재생속도 1.25배속으로 보시면 
빠르게 시청하실 수 있습니다.)

♡좋아요와 구독은 더 좋은 영상을 만드는데 큰힘이 됩니다♡
♡Like and subscribe are a great help in making better videos♡

인스타▶ https://www.instagram.com/u9tube/
비지니스문의 Email▶ uwoo1440@gmail.com",UCFtszphChRvvgOztJaJZnTQ,리뷰는 유나인,2022-03-01T13:06:12Z,1001,16.68,False,8840,111,31,https://www.youtube.com/watch?v=oEl_MyBQGC0,19000,382,PF274937,헨젤과 그레텔 [군산],무용(서양/한국무용),군산예술의전당 대공연장,2025-10-25,2025-10-25,,,,none,none,0,False,False,0,no_strong_signal,신호 없음
Zv-u0PsFRlg,[국립생태원] 01 사슴과 재규어,"국립생태원 홈페이지
http://nie.re.kr

국립생태원 블로그
http://blog.naver.com/nie_korea

국립생태원 페이스북
http://blog.naver.com/nie_korea

국립생태원 인스타그램
https://www.instagram.com/nie_korea/",UCbl0zikxXmKC_RsEFPbCR4Q,국립생태원,2021-11-17T07:04:36Z,565,9.42,False,252,3,0,https://www.youtube.com/watch?v=Zv-u0PsFRlg,16200,1278,PF274937,헨젤과 그레텔 [군산],무용(서양/한국무용),군산예술의전당 대공연장,2025-10-25,2025-10-25,,,,none,none,0,False,False,0,no_strong_signal,신호 없음
xjOAxTKfsXA,용인시육아종합지원센터 '어린이날행사' 과자집만들기 방법,"안녕하세요. 용인시육아종합지원센터입니다. 
어린이날 행사 '우리 아이의 권리를 지켜주세요' 관련하여 놀이키트 만드는 방법을 업로드하였습니다.  영상을 보시면서 아이와 함께 즐거운 시간 보내시길 바랍니다.",UCwhj_5jheesqG8x5aj3klnQ,용인시육아종합지원센터,2021-04-29T08:51:47Z,274,4.57,False,592,7,0,https://www.youtube.com/watch?v=xjOAxTKfsXA,1560,161,PF274937,헨젤과 그레텔 [군산],무용(서양/한국무용),군산예술의전당 대공연장,2025-10-25,2025-10-25,,,,none,none,0,False,False,0,no_strong_signal,신호 없음
bdQTBPdVHgU,라임이의 달고나 만들기 달고나 뽑기 체험 쫀디기 쥐포 구워먹기!  [롤롤라임],"라임이와 아빠는 군산에 있는 철길마을에 갔어요
라임이가 좋아하는 달고나를 만들어먹을 수 있는 곳이에요
라임이는 대왕달고나를 만들었어요
연탄불에 쫀디기와 쥐포도 구워먹었어요
너무너무 맛있고 재미있었어요
#롤롤라임 #달고나뽑기 #달고나만들기",UCdAMP2PAJ6hOWy18BYqNR2A,롤롤라임팸[lollolraimfam],2021-05-20T10:00:50Z,292,4.87,False,176944,,0,https://www.youtube.com/watch?v=bdQTBPdVHgU,1020000,1070,PF274937,헨젤과 그레텔 [군산],무용(서양/한국무용),군산예술의전당 대공연장,2025-10-25,2025-10-25,,,,none,none,0,False,False,0,no_strong_signal,신호 없음
PSMRjsX1-AE,"{TEAM, 눈 가리고 애옹} 제5인격 사도 소설 더빙","안녕하세요, 제5인격 비공식 더빙팀 TEAM. 눈 가리고 애옹입니다 !
이번 영상은 사도 스토리를 주제로 한 소설을 더빙했습니다!
재미있게 보셨다면 구독과 좋아요 알림설정까지 부탁드립니다! 감사해요 :)

소설 원작 : 인즈 https://inz-identity5.postype.com/
일러스트 : 로이뇨

사도 : 문해

아웃트로 일러스트 : 다디무
아웃트로 나레이션 : 뿌꾸복어

편집 : 하즈헬 (현재 팀 탈퇴)",UCXp8y3SHHzUGvrA2i0FOKug,TEAM.눈 가리고 애옹,2020-10-10T13:06:22Z,137,2.28,False,348,12,5,https://www.youtube.com/watch?v=PSMRjsX1-AE,126,60,PF274937,헨젤과 그레텔 [군산],무용(서양/한국무용),군산예술의전당 대공연장,2025-10-25,2025-10-25,,,,none,none,0,False,False,0,no_strong_signal,신호 없음
AjFvWxe5sr4,퍼플의 마인크래프트(교회동생과함께),ㅇ,UCF5gPbzMa8rZPeQfsJ-MjDQ,호남TV,2015-05-19T12:45:14Z,681,11.35,False,96,2,0,https://www.youtube.com/watch?v=AjFvWxe5sr4,35,20,PF274937,헨젤과 그레텔 [군산],무용(서양/한국무용),군산예술의전당 대공연장,2025-10-25,2025-10-25,,,,none,none,0,False,False,0,no_strong_signal,신호 없음
4FECOd1_sKo,민노총도 최저임금위 불참 선언…사회적 대화 위기 / 연합뉴스TV (YonhapnewsTV),"민노총도 최저임금위 불참 선언…사회적 대화 위기
[뉴스리뷰]

[앵커]  

최저임금 산입범위 확대를 골자로 한 최저임금법 개정안에 대해 노동계의 반발이 거세지고 있습니다. 
  
한국노총에 이어 민주노총도 오늘(30일) 최저임금위원회 불참을 선언하면서 사회적 대화가 중단 위기에 놓였습니다. 
  
김태종 기자가 전해 드립니다. 

[기자]
  
민주노총은 기자회견을 열어 최저임금을 심의.결정하는 최저임금위원회에 불참하겠다고 밝혔습니다.  

[김명환 / 민주노총 위원장] ""최저임금 삭감법 강행 통과로 최저임금위원회가 사실상 무력화한 것이라고 판단하고, 현 상황에서 불참 입장을 밝힙니다.""

한국노총이 지난 29일 최저임금위원의 위촉장을 청와대에 반납한 데 이어 민주노총도 불참을 선언하면서 최저임금위원회는 파행이 불가피하게 됐습니다.     

최저임금을 심의.의결하는 최저임금위원회는 공익위원과 근로자위원, 사용자위원 각각 9명으로 구성됩니다. 
  
근로자위원의 불참 선언으로 위원회의 한 축이 완전히 빠지게 된 것입니다.
  
내년도 최저임금의 법정 심의 기일은 내달 28일로, 한 달도 채 남지 않은 상황입니다. 

민주노총은 또 노사정 대표자회의와 경제사회노동위원회에도 참가하지 않겠다는 점을 재확인했습니다. 
  
한국노총도 불참 가능성 밝힌 바 있어 어렵게 마련된 사회적 대화의 틀은 좌초 위기에 놓였습니다. 

이런 가운데 최저임금위원회 공익위원들은 최저임금 심의의 파행은 결국 근로자들의 피해를 초래한다며 노동계의 참여를 촉구했습니다.   
  
최저임금위원회 활동을 예정대로 추진하겠다는 뜻도 밝혔습니다. 

파행 위기에 놓인 사회적 대화에 새로운 돌파구가 마련될 수 있을 지 주목됩니다. 

연합뉴스TV 김태종입니다. 

연합뉴스TV : 02-398-4441(기사문의ㆍ제보) 카톡/라인 jebo23 

▣ 연합뉴스TV 유튜브 채널 구독
https://goo.gl/VuCJMi
▣ 대한민국 뉴스의 시작 연합뉴스TV / Yonhap News TV
http://www.yonhapnewstv.co.kr/",UCTHCOPwqNfZ0uiKOvFyhGwg,연합뉴스TV,2018-05-30T12:45:54Z,110,1.83,False,132,1,5,https://www.youtube.com/watch?v=4FECOd1_sKo,2270000,707445,PF274937,헨젤과 그레텔 [군산],무용(서양/한국무용),군산예술의전당 대공연장,2025-10-25,2025-10-25,,,,none,none,0,False,False,0,no_strong_signal,신호 없음
gjQ5IdRY_OI,브이로그/일상조각모음/라면볶이/온라인수업/카페/네스프레소캡슐/코코넛좋아요,"안녕하세요 
오랜만에 일상 조각모음 올려봅니다.

오늘도 즐겁게 영상 감상해주세요 
감사합니다 :)",UCUoPFrJTnDOAWp4t1_93SKg,그리니,2020-11-30T15:19:48Z,467,7.78,False,41,2,3,https://www.youtube.com/watch?v=gjQ5IdRY_OI,20,10,PF274937,헨젤과 그레텔 [군산],무용(서양/한국무용),군산예술의전당 대공연장,2025-10-25,2025-10-25,,,,none,none,0,False,False,0,no_strong_signal,신호 없음
Z-CvI2GCEjc,일본의 급부상중인 인기디저트 먹방,"I'm a beginner😅Please take care in the future. Like and subscribe👍💖
  
まだ初心者です😅
これから
一生懸命
がんばりますので
いいね👍& チャンネル登録
よろしくお願いいたします🤲💖
 
서투른점 많이 있지만😅
어여쁘게 봐주시고
좋아요와💖무료구독으로
응원 좀 해 주세요🙏
이제 시작한 병아리입니다🐣
쓴소리 좋은소리 모두 귀담아 듣겠습니다🙇‍♀
여기까지 읽어주신 구독자님👍
진심으로 감동입니다 

💖Kim san⬇️Instagram⬇️
https://instagram.com/nicepar1363?utm_medium=copy_link",UCmPnwi6_HUJ6uNefCuuGdqw,GreenYouTube,2021-09-09T10:24:58Z,221,3.68,False,96,8,4,https://www.youtube.com/watch?v=Z-CvI2GCEjc,8370,743,PF274937,헨젤과 그레텔 [군산],무용(서양/한국무용),군산예술의전당 대공연장,2025-10-25,2025-10-25,,,,none,none,0,False,False,0,no_strong_signal,신호 없음
yCG23ZrMl_w,시흥시립합창단 기획연주회 '브라보 마이 라이프',"시흥시립합창단 기획연주회 '브라보 마이 라이프'
✨Bravo My Life!✨

어린 시절 추억을 불러일으키는 동요메들리, 
그리고 세대별 인생을 
노래로 엮어 모두가 공감할 수 있는 합창 공연! 🎶

시민 여러분의 힘든 일상을 위로하고 
건강한, 활기찬, 행복한 삶을 응원합니다. 👏

03:03 동요메들리_향수, 아빠 힘내세요 등
09:20 솔로_서른 즈음에
14:05 솔로_이등병의 편지
18:45 남성합창_빨간구두 아가씨, 아빠의 청춘
22:54 혼성합창_어쩌다 마주친 그대
26:04 여성합창_어머나
28:55 남성합창_Bravo My Life
34:08 혼성합창_백세인생
37:56 혼성합창_아모르파티
41:35 앙코르공연

출연ㅣ시흥시립합창단, 지휘자 송성철, 반주자 김예송, 박일룡 밴드, 사회자 구새봄
주최/주관ㅣ시흥시 문화예술과/시흥시립합창단",UCtfOZ_6mfUf7OTUHsL7jAfw,시흥문화예술,2021-07-28T04:00:16Z,2859,47.65,False,7786,48,9,https://www.youtube.com/watch?v=yCG23ZrMl_w,1100,344,PF274937,헨젤과 그레텔 [군산],무용(서양/한국무용),군산예술의전당 대공연장,2025-10-25,2025-10-25,,,,none,none,0,False,False,0,no_strong_signal,신호 없음
RNpKXRBqEFU,Kyrie  남원시립소년소녀합창단,,UC78OApgp8uTT_O82dyB4LMA,누리울림,2020-11-24T04:53:06Z,170,2.83,False,703,15,1,https://www.youtube.com/watch?v=RNpKXRBqEFU,424,33,PF274937,헨젤과 그레텔 [군산],무용(서양/한국무용),군산예술의전당 대공연장,2025-10-25,2025-10-25,,,,none,none,0,False,False,0,no_strong_signal,신호 없음
2sLKZtPxnEg,HSG팀 '지금 이대로가 딱 좋다구!',횡성갑천초등학교 교육부선정 [2020 국립대학 육성사업] 작은 학교 인형극 캠프(2020.8.18.~8.21.)에서 공연한 갑천초중학생들의 순수창작인형극입니다,UC-8K_-V96jY3WaPNxJFsc7w,김하나,2020-08-22T00:47:30Z,573,9.55,False,236,4,1,https://www.youtube.com/watch?v=2sLKZtPxnEg,23,13,PF274937,헨젤과 그레텔 [군산],무용(서양/한국무용),군산예술의전당 대공연장,2025-10-25,2025-10-25,,,,mismatch,none,0,False,False,-2,delete_candidate,날짜 불일치(다른 회차 가능성)
_rktxfhxUOM,미녀와야수 서원이,편식하는 왕자역활,UCogTAR3u7RXn11kyACzB6uQ,루디까미,2014-02-06T14:23:33Z,98,1.63,False,87,0,0,https://www.youtube.com/watch?v=_rktxfhxUOM,0,8,PF274937,헨젤과 그레텔 [군산],무용(서양/한국무용),군산예술의전당 대공연장,2025-10-25,2025-10-25,,,,none,none,0,False,False,0,no_strong_signal,신호 없음
XLdcdLNbKbI,2021 청소년상상학교 운영 영상,2021년도 군산대WISET사업단과 전라북도교육청이 공동 주관하여 운영한 청소년상상학교 운영 영상입니다.,UChn22GeNjZEc6lxXI9M-xKg,호남제주권역전북지역R-WeSET사업단,2021-12-24T07:18:20Z,343,5.72,False,139,3,0,https://www.youtube.com/watch?v=XLdcdLNbKbI,0,7,PF274937,헨젤과 그레텔 [군산],무용(서양/한국무용),군산예술의전당 대공연장,2025-10-25,2025-10-25,,,,none,none,0,False,False,0,no_strong_signal,신호 없음
56oX_StPa7g,"그것이 알고싶다 [하스스톤]수연이 실종사건! [160114 방송 하이라이트] 데저트 이글 DesertEagle, Hearthstone","그는 왜 도망쳤을까
볼수록 매력 넘치는 상길형, 데저트이글의 유튜브입니다.

[160114방송분]
여러분의 구독&좋아요&댓글은 큰 힘이 됩니다.

[데저트이글의 라이브 보러가기!]
https://www.youtube.com/playlist?list=PLOwOUe5ue820WumvDQNuBbvgHS0r6fPy3

[DesertEagle 구독하기 링크 클릭]
http://www.youtube.com/channel/UCOYC5dyftpdpnb5x2PL-9_A/-?sub_confirmation=1

[DesertEagle 방송 관련 주소 링크 ↓]
●DesertEagle 인스타그램 : Deserteagle2015
●DesertEagle 페이스북 : http://www.facebook.com/gromhell
●DesertEagle 유튜브 : https://www.youtube.com/channel/UCOYC5dyftpdpnb5x2PL-9_A
●DesertEagle MY팟 : http://tvpot.daum.net/mypot/View.do?ownerid=MX-DLEikAUo0&lu=v_my
●DesertEagle 카카오톡 : 카카오톡 검색창에 ""deserteagle""",UCOYC5dyftpdpnb5x2PL-9_A,DesertEagle 데저트이글,2016-01-15T10:00:01Z,187,3.12,False,1192,3,1,https://www.youtube.com/watch?v=56oX_StPa7g,110000,1763,PF274937,헨젤과 그레텔 [군산],무용(서양/한국무용),군산예술의전당 대공연장,2025-10-25,2025-10-25,,,,none,none,0,False,False,0,no_strong_signal,신호 없음
5xaYfPTYzUo,이리동 치어리더,,UC6PhIZxwtJYLyjfUo4GT1zA,tobe You,2017-09-02T13:49:13Z,247,4.12,False,671,5,0,https://www.youtube.com/watch?v=5xaYfPTYzUo,0,1,PF274937,헨젤과 그레텔 [군산],무용(서양/한국무용),군산예술의전당 대공연장,2025-10-25,2025-10-25,,,,none,none,0,False,False,0,no_strong_signal,신호 없음
99ry4Z499QE,맑은샘인형극단 공연 숲속 동물들의 도장찍기20140710,20140710맑은샘인형극단 공연 숲속 동물들의 도장찍기,UC22YcftgOvcBZEfaL99fzzQ,하나여럿이,2022-04-18T12:51:05Z,1602,26.7,False,30,1,0,https://www.youtube.com/watch?v=99ry4Z499QE,468,962,PF274937,헨젤과 그레텔 [군산],무용(서양/한국무용),군산예술의전당 대공연장,2025-10-25,2025-10-25,,,,none,none,0,False,False,0,no_strong_signal,신호 없음
xvwH_ArFlFA,[ 어린이주일 특별예배 ]ㅣ22. 5. 01ㅣ에바다 인형극단 초청예배,"어린이 인형극 「 부자와 나사로 」
-----------------------------------------------------------
제주 고산교회 | 제주시 한경면 고산로 12-1 (064-773-0064)",UC16_bdX_SznYVuNyFm_6syg,제주 고산교회,2022-05-02T08:19:50Z,3186,53.1,False,193,5,1,https://www.youtube.com/watch?v=xvwH_ArFlFA,232,2043,PF274937,헨젤과 그레텔 [군산],무용(서양/한국무용),군산예술의전당 대공연장,2025-10-25,2025-10-25,,,,none,none,0,False,False,0,no_strong_signal,신호 없음
Xtt6RiXBdVY,나주시립소년소녀합창단 다시 일어나요,"설명  코로나-19 극복을 위한 코로나 응원송 만들기
나주시립소년소녀합창단이 나주시민들에게 위로와 용기를 드리기위한 응원송을 만들었다.
이현철 작곡 다시 일어나요",UCBADLqx5qR2RGMa6OSXBTqg,뮤직클래스Young,2020-05-04T10:48:52Z,209,3.48,False,1289,36,2,https://www.youtube.com/watch?v=Xtt6RiXBdVY,70,29,PF274937,헨젤과 그레텔 [군산],무용(서양/한국무용),군산예술의전당 대공연장,2025-10-25,2025-10-25,,,,none,none,0,False,False,0,no_strong_signal,신호 없음
-j1pJOWRSAQ,"[어린이 뮤지컬] 무지개 물고기 커튼콜, musical rainbow fish","성남코리아디자인센터, 2016.02.13",UCm7OROppWw1CCB1xvwrPFFw,pang mocha,2016-02-14T02:12:31Z,33,0.55,True,5314,9,0,https://www.youtube.com/watch?v=-j1pJOWRSAQ,7,3,PF274937,헨젤과 그레텔 [군산],무용(서양/한국무용),군산예술의전당 대공연장,2025-10-25,2025-10-25,,,,mismatch,none,0,False,False,-2,delete_candidate,날짜 불일치(다른 회차 가능성)
zK5cHorFvH4,Romeo et Juliette 프렌치 내한뮤지컬 커튼콜,2015.10.11 공연,UCRZ4-pgmCycRDzFCEaXXTkw,김지연,2016-06-07T06:46:23Z,83,1.38,False,23,1,0,https://www.youtube.com/watch?v=zK5cHorFvH4,10,6,PF274937,헨젤과 그레텔 [군산],무용(서양/한국무용),군산예술의전당 대공연장,2025-10-25,2025-10-25,,,,mismatch,none,0,False,False,-2,delete_candidate,날짜 불일치(다른 회차 가능성)
1P0nL339Y6Y,무지개 물고기 어린이날 공연♡,방탄주부단♡최고이십니다~~,UCdivbjk2V4hC9pQOl4foeKA,박경애,2017-05-04T05:53:21Z,1081,18.02,False,10405,19,2,https://www.youtube.com/watch?v=1P0nL339Y6Y,9,1,PF274937,헨젤과 그레텔 [군산],무용(서양/한국무용),군산예술의전당 대공연장,2025-10-25,2025-10-25,,,,none,none,0,False,False,0,no_strong_signal,신호 없음
K3RnE5cQwHc,나비부인 2017년 07월08일  전주7시공연 소리문화의전당 연지홀,"전주 소리문화의전당, 7월8일, 연지홀 7시 공연
나비부인 Vol. 2/7 
주최: 뮤직씨어터 슈바빙

나비부인 - 소프라노 이은희
핑커톤  -  테너 김재명
샤플레스 - 바리톤 김동식
고로 - 테너 김진우
스즈끼 - 메조소프라노 권소현
본조 - 베이스 이대혁

연출- 조승철 , 조연출 - 김정윤",UCcIIHvW_51EGg0chDWwrSiA,김진우,2017-07-31T11:43:00Z,921,15.35,False,488,4,0,https://www.youtube.com/watch?v=K3RnE5cQwHc,26,26,PF274937,헨젤과 그레텔 [군산],무용(서양/한국무용),군산예술의전당 대공연장,2025-10-25,2025-10-25,,,,none,none,0,False,False,0,no_strong_signal,신호 없음
dLP9m8r8dbk,오즈잉글리쉬 2017 오즈의 밤 - 오즈의 마법사: Over the Rainbow,"문산 오즈잉글리쉬 뮤지컬 발표
오즈의 마법사
Scene 1 : Over the Rainbow",UCW-jFMhmKO4qiUIPY7CgMyw,Sunyoung Cho,2017-11-21T14:48:59Z,500,8.33,False,177,3,0,https://www.youtube.com/watch?v=dLP9m8r8dbk,63,43,PF274937,헨젤과 그레텔 [군산],무용(서양/한국무용),군산예술의전당 대공연장,2025-10-25,2025-10-25,,,,none,none,0,False,False,0,no_strong_signal,신호 없음
GsrPJwEEcUw,2020 찾아가는 문화활동_어린이 뮤지컬 '쿡스토리'_극단파발극회,"극단 파발극회의 레파토리 어린이 뮤지컬 '쿡스토리'
온라인 공연영상 입니다. 

#찾아가는문화활동 #극단파발극회 #청석에듀씨어터 #쿡스토리 #아동뮤지컬",UCLYtme4C-X2YpT7UKkw7Q8g,ji won lee,2020-09-22T03:15:29Z,3199,53.32,False,517,4,0,https://www.youtube.com/watch?v=GsrPJwEEcUw,15,10,PF274937,헨젤과 그레텔 [군산],무용(서양/한국무용),군산예술의전당 대공연장,2025-10-25,2025-10-25,,,,none,none,0,False,False,0,no_strong_signal,신호 없음
Fc_flmKwcTk,암사 어린이 극장 - 주말 나들이 가기 좋은 곳,"윤은자매가 참 좋아하는 어린이 극장이랍니다. ^-^
재밌는 공연을 보고, 바로 앞에 있는 박물관과 선사유적지도 산책하고는 해요. 
이번 주말에 뭘 할까 고민되신다면, 어린이 연극도 추천합니다.",UCrcH3-rAYRgllwwmx65LYuw,윤은스토리,2019-09-20T05:22:08Z,193,3.22,False,1256,13,18,https://www.youtube.com/watch?v=Fc_flmKwcTk,2200,97,PF274937,헨젤과 그레텔 [군산],무용(서양/한국무용),군산예술의전당 대공연장,2025-10-25,2025-10-25,,,,none,none,0,False,False,0,no_strong_signal,신호 없음
eRe2du-pnlw,"Mein Herr Marquis 친애하는 후작님 / J. Strauss, Die Fledermaus 박쥐 / 소프라노 최연서 (고3)",2017 고등학교 3학년 추억 :),UC7O5m_Yv4skKFKJtQ6xsP9A,Yeony Sop.,2022-03-10T16:17:27Z,197,3.28,False,317,8,1,https://www.youtube.com/watch?v=eRe2du-pnlw,65,16,PF274937,헨젤과 그레텔 [군산],무용(서양/한국무용),군산예술의전당 대공연장,2025-10-25,2025-10-25,,,,none,none,0,False,False,0,no_strong_signal,신호 없음
AkoAdtZitUk,건양대학교 아동보육학과 2019 지역아동초청문화공연 탈인형극 '하양이의 꿈' 세번째 이야기,"탈인형극 세번째 이야기입니다
다음 이야기가 궁금하시다면, 좋아요와 구독 눌러주세요♥






이 외의 다양한 학과 정보를 알고싶으시다면,
아래의 링크를 클릭해 주세요♥
아동보육학과 FACEBOOK https://www.facebook.com/kychild1
아동보육학과 네이버 블로그 https://blog.naver.com/konyangchild
아동보육학과 홈페이지 https://kychild.konyang.ac.kr/",UCwKRgnjFQg6wMgT7IoKodVw,아동교육학과_건양대,2020-08-26T07:26:04Z,227,3.78,False,186,4,0,https://www.youtube.com/watch?v=AkoAdtZitUk,59,30,PF274937,헨젤과 그레텔 [군산],무용(서양/한국무용),군산예술의전당 대공연장,2025-10-25,2025-10-25,,,,none,none,0,False,False,0,no_strong_signal,신호 없음
gA9fhXcjtiQ,광명시) 광명뮤지컬단 l 가족뮤지컬 [마카롱] l 80분,"본 영상은 광명시 예산 지원을 받아 추진되는 사업입니다.

달달한 마카롱을 찾아 떠나는 모험
고양이를 따라가자

공연일시 l 2020.08.21~22.(무관객 공연)
공연장소 l 광명시민회관 대공연장

예술감독·극작 l 김성강
연출 l 서정수
작곡 l 정재희
안무 l 안선영
출연 l 조일권, 강진실, 노유라, 원종하, 최유리, 정도하, 이승규, 빅토리아

주최 l 광명시
주관 l 광명뮤지컬단
후원 l 광명시의회",UCyVib5wsFoqntchc-NFO2Pg,광명문화재단,2020-09-10T05:52:36Z,4776,79.6,False,7977,85,19,https://www.youtube.com/watch?v=gA9fhXcjtiQ,1180,360,PF274937,헨젤과 그레텔 [군산],무용(서양/한국무용),군산예술의전당 대공연장,2025-10-25,2025-10-25,,,,mismatch,none,0,False,False,-2,delete_candidate,날짜 불일치(다른 회차 가능성)
VBhpdRQmrpE,2019년 연극마당 샬롯의 거미줄1 (온유반),"2019.10.31 샘물학교 연극마당 실황
온유반-샬롯의 거미줄1",UCH2un3uOcHBaWmfWwjm8Z3A,샘물학교,2019-11-06T06:31:08Z,1550,25.83,False,8655,41,0,https://www.youtube.com/watch?v=VBhpdRQmrpE,527,397,PF274937,헨젤과 그레텔 [군산],무용(서양/한국무용),군산예술의전당 대공연장,2025-10-25,2025-10-25,,,,mismatch,none,0,False,False,-2,delete_candidate,날짜 불일치(다른 회차 가능성)
5uKRSlrdljo,제51회 정기음악회 특별출연  호남오페라단 뮈토스챔버싱어즈,"제51회 정기음악회 
군산예술의전당 대공연장
2019.11.22. 금 19:00

호남오페라단 뮈토스챔버싱어즈


군산영광여자고등학교 영광선교합창단",UCuCapxzjpo0HRsylMxLDZ-Q,손성욱,2019-12-05T02:51:23Z,572,9.53,False,321,2,0,https://www.youtube.com/watch?v=5uKRSlrdljo,799,183,PF274937,헨젤과 그레텔 [군산],무용(서양/한국무용),군산예술의전당 대공연장,2025-10-25,2025-10-25,,,,mismatch,match,0,False,False,0,no_strong_signal,날짜 불일치(다른 회차 가능성); 장소 일치
JyoVPonHLA4,임동현의 재능기부 연주회♥,,UCZtt_JFW49oa38r7XKoFY9A,sung cho,2020-02-26T01:16:39Z,117,1.95,False,33,1,0,https://www.youtube.com/watch?v=JyoVPonHLA4,3,7,PF274937,헨젤과 그레텔 [군산],무용(서양/한국무용),군산예술의전당 대공연장,2025-10-25,2025-10-25,,,,none,none,0,False,False,0,no_strong_signal,신호 없음
KuzqzQNj-0A,"20181118, 추수감사주일,  이은혜지휘자",중계충성라디오스타 하나님의 은혜,UCdMgrp_5zVoAYZfWhdP2XIQ,seungnam s,2018-11-18T12:05:32Z,237,3.95,False,132,1,0,https://www.youtube.com/watch?v=KuzqzQNj-0A,24,22,PF274937,헨젤과 그레텔 [군산],무용(서양/한국무용),군산예술의전당 대공연장,2025-10-25,2025-10-25,,,,none,none,0,False,False,0,no_strong_signal,신호 없음
P5nUzb7CM24,가족아동극 [해와 달이 된 오누이],"- 공연명 : 해와 달이 된 오누이
- 일시 : 2014.6.12 ~ 8.30
- 장소 : 대학로 브로드웨이아트홀 2관
- 주최/주관 : (주)오디뮤직
- 제작 : 오딩이션음악교육연구소",UCp5OnQyLZyGVLCckIfuX5LA,정보 공유 매거진,2014-08-22T01:12:42Z,128,2.13,False,1389,3,0,https://www.youtube.com/watch?v=P5nUzb7CM24,1,3,PF274937,헨젤과 그레텔 [군산],무용(서양/한국무용),군산예술의전당 대공연장,2025-10-25,2025-10-25,,,,mismatch,none,0,False,False,-2,delete_candidate,날짜 불일치(다른 회차 가능성)
o63vEQWj1qs,[문화공감] 호남오페라단 오페라 토스카 2018. 11. 17(토),,UCZCH_GHFMsFO2hso59kwXHQ,JTV ON,2018-11-17T09:20:16Z,803,13.38,False,442,5,1,https://www.youtube.com/watch?v=o63vEQWj1qs,274000,26517,PF274937,헨젤과 그레텔 [군산],무용(서양/한국무용),군산예술의전당 대공연장,2025-10-25,2025-10-25,,,,none,none,0,False,False,0,no_strong_signal,신호 없음
LaplnT_zgk0,트란퀼로 재능기부 연주회 해설,,UCOTmCEKI0p69G1Pet21y4pQ,Kim Min Suk,2014-04-04T07:56:15Z,1929,32.15,False,77,1,0,https://www.youtube.com/watch?v=LaplnT_zgk0,914,197,PF274937,헨젤과 그레텔 [군산],무용(서양/한국무용),군산예술의전당 대공연장,2025-10-25,2025-10-25,,,,none,none,0,False,False,0,no_strong_signal,신호 없음
RucGJ_MAV8c,"1막 3장: 유관순 아리아, 오페라 '유관순'(지휘: 이기균, 고려오페라단 2000년 작품)","장소 세종문화회관 대극장
주최 (사)고려오페라단
주관 류관순 기념사업회, 이화여고 총동창회
후원 문화관광부, 제2의 건국 범국민 추진위원회, KBS

극본 윤대성
작곡 박재훈
지휘 이기균
연출 배윤호
무대감독 장윤경

cast
류관순 국영순, 김인혜, 이지은
이창환 박치원, 김경
아버지 김명지, 임해철
어머니 이종숙, 이우순
관옥 홍기천, 김경환

지휘 이기균
학력
1975 ~ 1978 성남고등학교 35회 졸업
1983 ~ 1987 서울대학교 기악 학사
1992 ~ 1994 상트페테르부르크 국립음악원 기악 석사
1994 ~ 1996 상트페테르부르크 국립음악원 지휘 석사 (한국인 최초 지휘 전공 유학생)
1994 ~ 1996 상트페테르부르크 국립음악원 기악 박사 

경력
2010.01~ CMK교향악단 상임지휘자
2008.01~ 고려오페라단 단장
2005.02~2005.08 미국 캘리포니아주립대학교 노스리지교 교환교수
1998.03~ 경성대학교 예술대학 음악학부 교수
1997.04~1998.02 군산시립교향악단 상임지휘자
1996.01~ 고려오페라단 음악감독

공연 및 지휘
2012년 오페라 손양원
2012년 오페라 손양원
2011년 창작오페라 유관순 갈라콘서트
2010년 안중근 의사 순국 100주년 기념 안중근 갈라 콘서트

고려오페라단 연혁
1994년 8월 문화공보부 사단법인 설립인가
1995년 5월-9월 오페라 '안중근' 제작공연
1995년 12월 국무총리 단체표창
1996년 10월 오페라 '에스더' 제작공연
2000년 3월 오페라 '유관순' 제작공연
2000년 11월 오페라 '탁류' 제작공연
2001년 8월 오페라 '안중근' 제작공연
2003년 4월 오페라 '유관순' 제작공연
2010년 3월 안중근 의사 순국 100주년 추모 갈라콘서트
2011년 3월 제92주년 3.1절 기념음악회 박재훈 창작오페라 갈라콘서트 

고려오페라단 2013년 공연 일정 - 오페라 [손양원]
2013 대한민국 오페라 페스티벌
2013년 5월 31일 - 6월 2일
예술의 전당 오페라하우스 오페라극장
작곡: 박재훈
지휘: 이기균
연출: 이회수
음악감독: 장기범

관련링크
http://www.playdb.co.kr/playdb/Playdb...",UCC8V7zAif3ZLRvXEKwzAsJg,고려오페라단,2013-05-05T15:17:13Z,102,1.7,False,244,3,0,https://www.youtube.com/watch?v=RucGJ_MAV8c,2440,178,PF274937,헨젤과 그레텔 [군산],무용(서양/한국무용),군산예술의전당 대공연장,2025-10-25,2025-10-25,,,,none,none,0,False,False,0,no_strong_signal,신호 없음
OAGiDsbTrB4,수아 영어 연극 발표회,"안산시 어린이 영어연극 발표회 중 성포초등학교 - Sound of Music

제3회 안산시 어린이 영어연극 발표회
일시: 2013년 6월 5일 13:00
장소: 안산 문화 예술의 전당 별무리 극장
주최: 안산시
주관: 안산 화정 영어마을
후원: 경기도 안산교육지원청, 안산대학교",UC-1DGt28pIjmOjCGx5RIJNA,life4music,2013-06-06T04:34:24Z,537,8.95,False,5291,,5,https://www.youtube.com/watch?v=OAGiDsbTrB4,1160,120,PF274937,헨젤과 그레텔 [군산],무용(서양/한국무용),군산예술의전당 대공연장,2025-10-25,2025-10-25,,,,none,none,0,False,False,0,no_strong_signal,신호 없음
wnOnppny7mM,[주세화아나운서] 비대면 콘서트진행 영상!,,UCYCI8m02SqWpKUxbN2So0zw,주세화,2020-09-08T04:25:55Z,108,1.8,False,280,4,0,https://www.youtube.com/watch?v=wnOnppny7mM,121,37,PF274937,헨젤과 그레텔 [군산],무용(서양/한국무용),군산예술의전당 대공연장,2025-10-25,2025-10-25,,,,none,none,0,False,False,0,no_strong_signal,신호 없음
EQ2hreoWPhY,부산 중구 구립합창단 2016년 정기발표회,탱고 메들리,UCkgu_jJVX6BEvQ21uaI3idg,임용식,2016-09-29T13:42:49Z,175,2.92,False,378,0,0,https://www.youtube.com/watch?v=EQ2hreoWPhY,29,31,PF274937,헨젤과 그레텔 [군산],무용(서양/한국무용),군산예술의전당 대공연장,2025-10-25,2025-10-25,,,,none,none,0,False,False,0,no_strong_signal,신호 없음
7m4c8jkXovQ,평창지역아동센터 뮤지컬,2016년 평창지역아동센터 학부모 초청의 날 뮤지컬,UCWE8-mDRMCwbQdPFSTgkMgw,평창지역아동센터,2016-12-18T01:41:51Z,1836,30.6,False,613,14,2,https://www.youtube.com/watch?v=7m4c8jkXovQ,126,12,PF274937,헨젤과 그레텔 [군산],무용(서양/한국무용),군산예술의전당 대공연장,2025-10-25,2025-10-25,,,,none,none,0,False,False,0,no_strong_signal,신호 없음
ixEDfUwkFi8,찾아가는 어린이 클래식 음악회,@Artofboryeong,UCmMS062mEmFUodMnJo9afPg,BMS엔터테인먼트,2023-05-19T07:25:47Z,41,0.68,True,574,22,0,https://www.youtube.com/watch?v=ixEDfUwkFi8,6560,154,PF274937,헨젤과 그레텔 [군산],무용(서양/한국무용),군산예술의전당 대공연장,2025-10-25,2025-10-25,,,,none,none,0,False,False,0,no_strong_signal,신호 없음
MwDwnJ_OUYQ,여월초등학교 1학년4반 인형극,,UCCOeg6UGKkaPwpHVuNRhPvA,박정하,2017-10-16T07:21:11Z,162,2.7,False,298,1,1,https://www.youtube.com/watch?v=MwDwnJ_OUYQ,75,37,PF274937,헨젤과 그레텔 [군산],무용(서양/한국무용),군산예술의전당 대공연장,2025-10-25,2025-10-25,,,,none,none,0,False,False,0,no_strong_signal,신호 없음
7ysP0zvKltI,부성초총동문회 임원진 교례회,부성초동문 고문단 및 자문위원을 비롯한 임원께서 교례회에 참석 인사를 나누고 있는 영상입니다,UCGVsEpiZQxJTB12z8nYJCew,구본정,2014-10-12T16:45:18Z,88,1.47,False,123,0,0,https://www.youtube.com/watch?v=7ysP0zvKltI,3,26,PF274937,헨젤과 그레텔 [군산],무용(서양/한국무용),군산예술의전당 대공연장,2025-10-25,2025-10-25,,,,none,none,0,False,False,0,no_strong_signal,신호 없음
2JHdtot4V_w,비제 : 파랑돌,"Provided to YouTube by YG PLUS

비제 : 파랑돌 · 잠들기전

잠들기 전에 듣는 조용한 자장가 클래식 피아노 연주곡 (자장가, 숙면, 태교, 명상, 어린이집, 병원, 불면증, 요가음악)

℗ Sleep Music Studio

Released on: 2018-11-13

Auto-generated by YouTube.",UCaBHT3qbyM1BRET9Cyrp_dA,. - Topic,2022-06-30T15:02:38Z,92,1.53,False,307,0,0,https://www.youtube.com/watch?v=2JHdtot4V_w,25,270,PF274937,헨젤과 그레텔 [군산],무용(서양/한국무용),군산예술의전당 대공연장,2025-10-25,2025-10-25,,,,mismatch,none,0,False,False,-2,delete_candidate,날짜 불일치(다른 회차 가능성)
cdjkFAAGfDM,자신의 리즈 사진을 보고 부정하는 안정환ㅋㅋㅋ #shorts #냉장고를부탁해,"#shorts #냉장고를부탁해  #김성주 #안정환 #이연복 #최현석 
#김풍 #정호영 #에드워드리 #최강록 #이미영 #박은영",UCfn4ZZuQHGkNg8PZtNNRIIg,예능내컷,2025-04-29T05:13:00Z,30,0.5,True,2509551,27922,1764,https://www.youtube.com/watch?v=cdjkFAAGfDM,331000,2167,PF244963,셰프 [부안],뮤지컬,부안예술회관 공연장,2024-07-20,2024-07-20,,,,none,none,0,False,False,0,no_strong_signal,신호 없음
6iD7NCC8ITM,'파묘' 자문 무당이 말하는 일본 귀신 특징ㄷㄷ#shorts#파묘#무속인#무당/ 스브스뉴스,"✔ 뉴스에는 위아래가 없다, 스브스뉴스


- 비즈니스 문의 -
브랜디드 콘텐츠 기획/제작 문의: branded@sbs.co.kr
기업/브랜드 채널 컨설팅 및 기획/제작 문의: solution@sbs.co.kr

- 링크 -
허티: https://heartyfabric.com
- 스브스뉴스 제작진이 만들어가는 지속가능한 패브릭 브랜드

Instagram :  https://www.instagram.com/subusunews
Facebook :  https://www.facebook.com/subusunews
홈페이지 : https://news.sbs.co.kr/news/subusuNews.do?plink=GNB&cooper=SBSNEWS


Copyright Ⓒ SBS. All rights reserved. 무단 전재, 재배포 및 AI학습 이용 금지",UCQabORQKQRHP-iUqe-xIFvg,스브스뉴스 SUBUSUNEWS,2024-04-03T09:30:03Z,41,0.68,True,1794523,19958,634,https://www.youtube.com/watch?v=6iD7NCC8ITM,1390000,8336,PF244963,셰프 [부안],뮤지컬,부안예술회관 공연장,2024-07-20,2024-07-20,,,,none,none,0,False,False,0,no_strong_signal,신호 없음
cM2iO-u3Ql4,부안의 명물 도토리묵 활용! 환상적인 묵사발 신메뉴 출시🍲✨,"안녕하세요, 포차거리 여러분! 
부안의 명물 중 하나인 도토리묵을 이용하여 묵사발을 개발했습니다😋 
새콤달콤한 육수와 고소한 도토리묵의 조합이 환상의 조합을 이뤄, 더위를 날릴 좋은 메뉴로 떠오른답니다. 
지금 영상을 확인하고 가까운 부안 포차거리를 찾아보세요!",UCfnp0UrCATE2U370mlBzB3w,셰프온 TV,2023-06-26T22:06:12Z,16,0.27,True,372,2,0,https://www.youtube.com/watch?v=cM2iO-u3Ql4,2670,201,PF244963,셰프 [부안],뮤지컬,부안예술회관 공연장,2024-07-20,2024-07-20,,,,none,none,0,False,False,0,no_strong_signal,신호 없음
1r9zvFkEh80,전국구 비빔국수 맛집. #shorts,"의정부 제일시장에 위치한 영선네 비빔국수 :) 
가격은 7,000원.
양은 최소 2인분...",UC0CJh8arGQD7hc6dsdjJfTg,다인이의 다이닝,2022-09-26T08:04:26Z,23,0.38,True,1708752,11691,774,https://www.youtube.com/watch?v=1r9zvFkEh80,7060,360,PF244963,셰프 [부안],뮤지컬,부안예술회관 공연장,2024-07-20,2024-07-20,,,,none,none,0,False,False,0,no_strong_signal,신호 없음
yX7Q_FX3dp8,광진구 30년 전통의 복 요리 전문점!!!  #서울#광진구#복요리#복어#맛집#쇼츠#shorts,"#히트맨#맛대멋#맛vs멋
#서울#광진구#복어#맛집#김수영 
#쇼츠#shorts",UCPAzAcRpmyQY7mZ0Anq823g,고릴라티비,2023-05-18T08:13:00Z,60,1.0,True,1251,11,0,https://www.youtube.com/watch?v=yX7Q_FX3dp8,402,220,PF244963,셰프 [부안],뮤지컬,부안예술회관 공연장,2024-07-20,2024-07-20,,,,none,none,0,False,False,-3,delete_candidate,무관 해시태그 발견
J7aXqF2Ph54,과연 우연의 일치?수산시장들 왜 이럴까?ㅠㅠ#shorts,"값비싼 민어 틈에 자연스럽게 섞여있는 한마리의 값싼 중국산 양식생선. 이건 과연 우연의 일치일까요…?

원본영상 보러가기
https://youtu.be/s6mqfcW6tV0?si=6K4PDh6o6_NusuDS",UCGBf_AlWXkwfQ8R3lclRFbg,생선선생 미스터S,2023-08-11T09:00:21Z,38,0.63,True,4489142,16801,1630,https://www.youtube.com/watch?v=J7aXqF2Ph54,192000,453,PF244963,셰프 [부안],뮤지컬,부안예술회관 공연장,2024-07-20,2024-07-20,,,,none,none,0,False,False,0,no_strong_signal,신호 없음
Z-XUqFKj1Qo,이동식 주방~~아..갖고싶다 이보다 더 좋을수 없다👍🏼👍🏼👍🏼,,UCNds1lqkFOCrHO145szFueg,쇼츠 급상승 영상👉 (구독),2022-07-07T22:16:49Z,48,0.8,True,57,0,0,https://www.youtube.com/watch?v=Z-XUqFKj1Qo,325,386,PF244963,셰프 [부안],뮤지컬,부안예술회관 공연장,2024-07-20,2024-07-20,,,,none,none,0,False,False,0,no_strong_signal,신호 없음
nIpX6Paf0gg,[할슐랭가이드] 노포 - 전라북도 부안 진짜 가마솥 순대,[할슐랭가이드] 전주MBC 2019년 03월 04일,UCcMrSGpNrKbM-2Oyf80p6rw,전주MBC Original,2019-03-05T00:53:27Z,915,15.25,False,7364,57,3,https://www.youtube.com/watch?v=nIpX6Paf0gg,380000,17611,PF244963,셰프 [부안],뮤지컬,부안예술회관 공연장,2024-07-20,2024-07-20,,,,none,none,0,False,False,0,no_strong_signal,신호 없음
7UJZ0wkYSfw,"[생방송 오늘 저녁] 푸짐하게 쌓았다! 10종 이상의 다양한 음식, '해산물 5단찜' 20200625","★★★More 'Live Today Evening' clips are available★★★

iMBC
http://playvod.imbc.com/Vod/VodPlay?broadcastId=1003106100000100000

WAVVE
https://www.wavve.com/player/vod?programid=M_1003106100000100000&page=1",UCfWZnsdfiKvOyHDGfzMT3Cg,MBClife,2020-06-25T10:15:49Z,178,2.97,False,213,2,0,https://www.youtube.com/watch?v=7UJZ0wkYSfw,683000,48889,PF244963,셰프 [부안],뮤지컬,부안예술회관 공연장,2024-07-20,2024-07-20,,,,none,none,0,False,False,0,no_strong_signal,신호 없음
r4QZxHCbVuQ,[#천하제빵] 만 겹 맞아요? 밀가루 맛이 너무.. SNS 대란 일으킨 잠실 만 겹 크루아상의 냉정한 평가 결과 #치트키,"천하제빵 1회 260201 방송

#MBN #천하제빵 #제빵서바이벌 #베이커리 #파티시에
#이석원 #노희영 #김나래 #나폴리맛피아 #미미

Copyright MBN. All rights reserved.
무단 전재, 재배포 및 AI학습 이용 금지
☞ MBN Entertainment 구독하기 : https://buly.kr/D3eo2f7",UCYyLIlOJyqkAFKlVjzX5img,MBN Entertainment,2026-02-02T00:59:19Z,536,8.93,False,53838,122,152,https://www.youtube.com/watch?v=r4QZxHCbVuQ,2950000,110275,PF244963,셰프 [부안],뮤지컬,부안예술회관 공연장,2024-07-20,2024-07-20,,,,none,none,0,False,False,0,no_strong_signal,신호 없음
HYFkozIyr2U,한국 음식 먹고 탈났다는 일본 유명 배우,,UCDVASHiX028QxQCUmiVu53A,칙칙풉풉,2025-01-17T02:43:04Z,52,0.87,True,2766988,29263,1328,https://www.youtube.com/watch?v=HYFkozIyr2U,28300,287,PF244963,셰프 [부안],뮤지컬,부안예술회관 공연장,2024-07-20,2024-07-20,,,,none,none,0,False,False,0,no_strong_signal,신호 없음
_Srwzo8dMGs,사람들이 잘 모르는 순대국밥 국물의 비밀 #shorts,"뽀얀 고깃국 좋아하면 안 되는 이유?!
인천 용현시장으로 순대국밥 맛집을 찾아간 
이원일 셰프가 직접 알려드립니다!!

""국물이 뽀얗다면 좋은 국물이라 생각하는데 그렇지 않아요~!!
국물이 뽀얗다면 뼈가 얼어있었다거나, 잡뼈가 들어가있을 가능성이 있는데
국물이 맑으면 진짜 맛있는 고깃국밀입니다""
사람들이 잘 모르는 순대국밥 국물의 비밀🐷

전통시장의 온라인 진출기 인천 편 ep2.
#홍석천 #이원일 #홍윤화 #황은정
#인천 #인천시장 #용현시장 #인천용현시장
#인천핫플 #인천맛집 #떡 #떡집",UCReENaX7jbFVGMu5fuv92rQ,ch B tv,2023-08-08T07:30:06Z,25,0.42,True,79998,327,88,https://www.youtube.com/watch?v=_Srwzo8dMGs,88000,7638,PF244963,셰프 [부안],뮤지컬,부안예술회관 공연장,2024-07-20,2024-07-20,,,,none,none,0,False,False,0,no_strong_signal,신호 없음
cS8dQJ7l6NY,"[할슐랭가이드] 노포 - 봄철의 미각, 우리밀 칼국수 . 익산 싱그랭이",[할슐랭가이드] 전주MBC 2019년 04월 03일,UCcMrSGpNrKbM-2Oyf80p6rw,전주MBC Original,2019-04-04T01:13:51Z,985,16.42,False,1414,18,5,https://www.youtube.com/watch?v=cS8dQJ7l6NY,380000,17611,PF244963,셰프 [부안],뮤지컬,부안예술회관 공연장,2024-07-20,2024-07-20,,,,none,none,0,False,False,0,no_strong_signal,신호 없음
VNd9JE4VVZQ,미국 셰프도 반해버린 달콤 쫀득 약과의 맛🥮 #shorts #갓나온맛도리 #스브스뉴스,"✔ 뉴스에는 위아래가 없다, 스브스뉴스


- 비즈니스 문의 -
브랜디드 콘텐츠 기획/제작 문의: branded@sbs.co.kr
기업/브랜드 채널 컨설팅 및 기획/제작 문의: solution@sbs.co.kr

- 링크 -
175 플래닛 : https://175planet.com/
Instagram :  https://www.instagram.com/subusunews
Facebook :  https://www.facebook.com/subusunews
홈페이지 : https://news.sbs.co.kr/news/subusuNews.do?plink=GNB&cooper=SBSNEWS


Copyright Ⓒ SBS. All rights reserved. 무단 전재, 재배포 및 AI학습 이용 금지",UCQabORQKQRHP-iUqe-xIFvg,스브스뉴스 SUBUSUNEWS,2023-11-02T07:00:13Z,58,0.97,True,5734,64,0,https://www.youtube.com/watch?v=VNd9JE4VVZQ,1390000,8336,PF244963,셰프 [부안],뮤지컬,부안예술회관 공연장,2024-07-20,2024-07-20,,,,none,none,0,False,False,0,no_strong_signal,신호 없음
RPdN7NuWA4I,[전국시대]180206(화) #전체보기 (겨울옷 수납 세탁법/셰프부부 마늘해물갈비찜/자격증 탐구생활/부안 겨울바다/하루 500개! 돈가스의 비밀),"1. 대전 - 겨울옷 수납 세탁법
2. 제주 - 셰프부부의 마늘해물갈비찜
3. 포항 - 인정? 어, 인정! 자격증 탐구생활
4. 부안 - 부안의 겨울바다를 담다.
5. 광주 - 하루 500개, 돈가스의 비밀
*우리동네 게시판 //",UCwWqBWIe72xKV016rcXGaaA,여수MBCPrime,2018-02-06T00:56:02Z,2983,49.72,False,449,2,0,https://www.youtube.com/watch?v=RPdN7NuWA4I,186000,7171,PF244963,셰프 [부안],뮤지컬,부안예술회관 공연장,2024-07-20,2024-07-20,,,,none,none,0,False,False,0,no_strong_signal,신호 없음
Zrv--wQvJ14,고프로: 전북 부안 변산반도 로드트립 🚗 l 국내 여행지 추천,"#고프로와함께찾는한국여행: 전북 부안 변산반도 로드트립 🇰🇷

전북 부안으로 당장 가고 싶어지는 영상.avi
#고프로패밀리 @brightgraphy 의 부안 변산반도 로드트립을 공개합니다.
아래에 하나라도 해당된다면? 부안으로 고고!
⠀⠀⠀
1. 노을 좋아하는 사람이라면 꼭 가야함
2. 폭포 및 바위산 절경 좋아한다면 추천
3. 조개 캐는거 좋아하는 사람 추천
4. 맹대장 따라하고 싶은 사람 추천(??)
⠀⠀⠀⠀⠀⠀⠀⠀⠀
📍방문 장소 (영상 순서대로)
벼락폭포, 계화조류지, 내소사, 쇠뿔바위, 내소사 전나무숲, 변산반도 해안도로, 곰소 염전, 고사포해수욕장, 궁황 방파제, 고사포 해수욕장, 솔섬
⠀⠀⠀⠀⠀⠀⠀⠀⠀
여러분들이 재발견하고픈 한국은 어디인가요?

👌여행 안전수칙
1. 소규모 여행
2. 마스크 쓰고 여행
3. 3밀(밀폐, 밀접, 밀집) 피하기 여행


▪️ 고프로 채널을 팔로우하고 더 많은 정보를 얻어보세요!
페이스북: https://www.facebook.com/goprokr
인스타그램: https://instagram.com/goprokr
네이버 포스트: https://bit.ly/2NJwWft
Inside Line: https://gopro.com/news
공식 홈페이지: https://ko.gopro.com

#고프로 #GoPro",UCvHWoF5k-pBrEmxkqtlLcAg,고프로 코리아,2020-07-23T13:00:18Z,52,0.87,True,712,29,4,https://www.youtube.com/watch?v=Zrv--wQvJ14,3950,395,PF244963,셰프 [부안],뮤지컬,부안예술회관 공연장,2024-07-20,2024-07-20,,,,none,none,0,False,False,0,no_strong_signal,신호 없음
O_90rwQ2bnI,(라인업 권력있다 ㄷㄷ) 성X당 前 총괄 셰프부터 월클 파티시에까지! 헉 소리 나는 천하제빵 마스터 군단｜#바로보는천하제빵,"본방 끝나고 가장 빠르게 보는 #천하제빵
1회 MBN 260201 방송

#MBN #천하제빵 #제빵서바이벌 #베이커리 #파티시에
#이석원 #노희영 #김나래 #나폴리맛피아 #미미

🔥 ‘천하제빵’ 이석원 명장 신제품 출시🔥
[프리미엄 단팥빵8개 + 말차팥카스테라4개]

지금 오직 여기서만 단독 특가👇
https://hmall01.cafe24.com/shop4/product/detail.html?product_no=136

☞ MBN Entertainment 구독하기 : https://www.youtube.com/c/MBN_Entertainment",UCYyLIlOJyqkAFKlVjzX5img,MBN Entertainment,2026-02-01T14:20:01Z,757,12.62,False,12846,55,59,https://www.youtube.com/watch?v=O_90rwQ2bnI,2950000,110275,PF244963,셰프 [부안],뮤지컬,부안예술회관 공연장,2024-07-20,2024-07-20,,,,none,none,0,False,False,0,no_strong_signal,신호 없음
dIrBzL5_RSM,2대째 내려오는 달인의 시원하고 얼큰한 ‘짬뽕’ㅣ생활의 달인(A Master Of Living)ㅣSBS Story,"생활의 달인에서는 2대째 내려오는 맛있는 짬뽕의 달인을 찾아가 본다.

SBS 월요일 교양 '생활의 달인'
☞ 오후 9시 본방송

#생활의달인 #짬뽕 #짬뽕달인

▶ Hompage : https://www.sbs.co.kr/tv/culture
▶ Subscribe SBS Story : https://bit.ly/2Othu8e",UCYZv9v_bwfMGc64gLRe34OA,SBS STORY,2021-05-03T13:15:17Z,221,3.68,False,23161,110,22,https://www.youtube.com/watch?v=dIrBzL5_RSM,1880000,93558,PF244963,셰프 [부안],뮤지컬,부안예술회관 공연장,2024-07-20,2024-07-20,,,,none,none,0,False,False,0,no_strong_signal,신호 없음
DqJV_euOJvM,"[하이라이트] 권성준 진짜 긴장함;;💦 나폴리인들(?)의 자존심을 건 정면 승부! 나폴리 맛피아, 이대로 굴복⁉️ | 냉장고를 부탁해 | JTBC 250518 방송","[하이라이트] 권성준 진짜 긴장함;;💦 나폴리인들(?)의 자존심을 건 정면 승부! 나폴리 맛피아, 이대로 굴복⁉️
#냉장고를부탁해 #냉장고를부탁해22회하이라이트 #권성준 #안티모메로네이

📌 공홈에서 리플레이 : https://tv.jtbc.co.kr/janggosince2014",UCFL1sCAksD6_7JIZwwHcwjQ,JTBC Entertainment,2025-05-18T13:49:10Z,1645,27.42,False,705592,4033,314,https://www.youtube.com/watch?v=DqJV_euOJvM,8200000,95291,PF244963,셰프 [부안],뮤지컬,부안예술회관 공연장,2024-07-20,2024-07-20,,,,none,none,0,False,False,0,no_strong_signal,신호 없음
a3euXH_9sI8,"고깃집 폭탄 계란찜, 5가지 꿀팁 ✨",,UC9She1e6OWUpwJpwZtbqhjQ,김진순 점심시간,2025-05-07T12:31:05Z,38,0.63,True,6562076,46643,339,https://www.youtube.com/watch?v=a3euXH_9sI8,875000,595,PF244963,셰프 [부안],뮤지컬,부안예술회관 공연장,2024-07-20,2024-07-20,,,,none,none,0,False,False,0,no_strong_signal,신호 없음
ZEc-ANs55jA,🔥테토력 폭발🔥 선출 출신 안보현 가볍게 이긴 냉부해 센터(?) 짐승남 손종원 펀치🥊｜냉장고를 부탁해｜JTBC 250810 방송,"느좋에 힘좋까지 장착한🔥
다 가진 남자 🥊냉부 센터 손종원🥊


#냉장고를부탁해 #냉부해 #손종원 #안보현

[JTBC봐야지] 구독하기☞ https://url.kr/q9raxe

------------------------------------------------------
* 영상 속 프로그램은?

【냉장고를 부탁해 since 2014】
https://tv.jtbc.co.kr/janggosince2014
------------------------------------------------------",UCF3UEVPt5zZTlBVJwDG317g,JTBC Voyage,2025-08-10T13:22:08Z,1151,19.18,False,354624,4243,161,https://www.youtube.com/watch?v=ZEc-ANs55jA,4660000,23956,PF244963,셰프 [부안],뮤지컬,부안예술회관 공연장,2024-07-20,2024-07-20,,,,none,none,0,False,False,0,no_strong_signal,신호 없음
OV5B8V-7Ilg,"[하이라이트] 제2의 공풍증 환자 탄생(?) '아기 맹수' 김시현 VS '아재 괴수' 김풍, 당근 천국의 승자는? (2) | 냉장고를 부탁해  | JTBC 260308 방송","[하이라이트] '로드 투 김풍☠️' 제2의 공풍증 환자 탄생(?) '아기맹수' 김시현 VS '아재괴수' 김풍, 당근 천국의 승자는? (2)
#냉장고를부탁해 #냉장고를부탁해61회하이라이트 #박진영

📌 공홈에서 리플레이 : https://tv.jtbc.co.kr/janggosince2014",UCFL1sCAksD6_7JIZwwHcwjQ,JTBC Entertainment,2026-03-08T13:49:37Z,1489,24.82,False,1017584,7676,737,https://www.youtube.com/watch?v=OV5B8V-7Ilg,8200000,95291,PF244963,셰프 [부안],뮤지컬,부안예술회관 공연장,2024-07-20,2024-07-20,,,,none,none,0,False,False,0,no_strong_signal,신호 없음
MBgAVvrNZk0,170505 #윤형렬#부안오복마실축제#Heaven On Their Minds,,UCgRL7kQ9vOe3n_cShBZoGOg,eh0222 Lee,2017-05-05T14:21:12Z,246,4.1,False,293,3,1,https://www.youtube.com/watch?v=MBgAVvrNZk0,46,101,PF244963,셰프 [부안],뮤지컬,부안예술회관 공연장,2024-07-20,2024-07-20,,,,none,none,0,False,False,0,no_strong_signal,신호 없음
X_749nyalMI,🔥누적 조회수 1억 3천만🔥을 돌파한 강풀 원작을 ⚡노정의⚡가 출연해 💥실사화 200%💥한 개꿀잼 드라마 《결말까지 몰아보기》,"시청해 주셔서 감사합니다😍😍😍

제목은 왼쪽 상단을 확인하세요~!!

#드라마몰아보기 #아가씨네",UCZovMWbv41CX15CLsV7MrlA,아가씨네 : AGACINE,2025-08-22T10:01:01Z,6231,103.85,False,1317069,4688,244,https://www.youtube.com/watch?v=X_749nyalMI,136000,24,PF244963,셰프 [부안],뮤지컬,부안예술회관 공연장,2024-07-20,2024-07-20,,,,none,none,0,False,False,0,no_strong_signal,신호 없음
vIqSsHsXIQI,뮤지컬 〈더 데빌〉 The DEVIL 17.4.30 14 :00,説明,UCq7QF2uOS1_ZqvATvHmzrTQ,ジフミィ,2017-05-01T18:20:20Z,361,6.02,False,29,,,https://www.youtube.com/watch?v=vIqSsHsXIQI,17,111,PF244963,셰프 [부안],뮤지컬,부안예술회관 공연장,2024-07-20,2024-07-20,,,,none,none,0,False,False,0,no_strong_signal,신호 없음
NG0KgtZ30i8,2023 한옥자원활용 야간상설공연《부안군-도깨비 당산》,"[2023 한옥자원활용 야간상설공연]

달빛 아래 고즈넉한 한옥을 배경으로 펼쳐지는 전통예술공연!
2023년에는 전주, 익산, 임실, 고창, 부안에서 만나보실 수 있습니다!

두 번째 지역은 다가오는 8월 새만금 세계 스카우트 잼버리가 개최될 부안!

무더운 여름 우리를 서늘하게 만들 도깨비👹가 부안에 등장했다!
무서운 도깨비에게도 사랑하는 사람이 있다니...
도깨비의 이야기가 궁금한 사람은 모두 부안으로 모여라~

잼버리 기간에는 잼버리도 참여하고! 공연도 감상하고!
부안군과 포스댄스컴퍼니의 퍼포먼스 공연, 많은 관심 부탁드립니다~

《 부안군_도깨비 당산 》
*공연기간 : 2023.6.24.~9.30. 매주 토요일 20:00
  (금요특별공연 - 7.28, 8.4, 8.11)
*공연장소: 부안영상테마파크 정문 앞
  (우천 시 부안예술회관 공연장)
*공연내용: 사랑하는 사람을 지키기 위해 사후세계에서 부안 궁항 도깨비로 환생해 당산의 불이 되는 넌버벌 퍼포먼스
*공연티켓: 전석 10,000원 (할인별도)
*예매방법: 현장예매, 전화예매(063-227-1665)

⭐ 공연문의 ⭐
전북문화관광재단 홈페이지
포스댄스컴퍼니 063-227-1665
예술회관운영팀 063-230-7494

#부안군 #도깨비 #당산 #궁항 #부안가볼만한곳 #부안놀만한곳 #부안공연 #부안여행 #한옥자원활용야간상설공연 #전라북도문화관광재단 #전북문화관광재단 #새만금 #부안예술회관 #부안영상테마파크 #새만금 #세계스카우트잼버리 #포스댄스컴퍼니",UC9gdx4h39460W0wOL61hekw,뉴전스,2023-07-17T06:32:30Z,48,0.8,True,261,5,1,https://www.youtube.com/watch?v=NG0KgtZ30i8,252,100,PF244963,셰프 [부안],뮤지컬,부안예술회관 공연장,2024-07-20,2024-07-20,,,,mismatch,match,0,False,False,0,no_strong_signal,날짜 불일치(다른 회차 가능성); 장소 일치
KJgoPkFRv8I,21년도 한옥자원야간상설공연 부안도깨비 하이라이트,"#포스댄스컴퍼니 #forcedancecompany #퍼레이드

문의전화 ☎063-227-1665

#포스댄스컴퍼니#forcedancecompany#퍼레이드#도깨비#판타지뮤지컬#판타지#걸스힙합#방송댄스#왁킹#비보이#현대무용#힙합 #부안도깨비 #공연 #댄스컬 #도깨비

포스댄스컴퍼니 instargram
https://www.instagram.com/forcedancecompany/


#전주댄스학원
#전주댄스
#전주무용학원
#전주무용
#공연
#문화생활
#공연기획사
#전주입시학원",UCwTexpksLO13fUgzm-STfhg,전주댄스&발레학원ㅣ판타스틱 스튜디오,2021-07-08T12:08:39Z,38,0.63,True,484,7,0,https://www.youtube.com/watch?v=KJgoPkFRv8I,258,447,PF244963,셰프 [부안],뮤지컬,부안예술회관 공연장,2024-07-20,2024-07-20,,,,none,none,2,False,False,2,no_strong_signal,해시태그 2개 카테고리 일치
7ERPjxXjVfE,[2023 한옥자원활용 야간상설공연]  전주시 조선셰프 한상궁,"달빛 아래 고즈넉한 한옥을 배경으로 펼쳐지는 전통예술공연!

2023년에는 전주, 익산, 임실, 고창, 부안에서 만나보실 수 있습니다!

네 번째로 만나볼 곳은 전주시의 조선셰프 한상궁!

전주비빔밥, 그 맛의 시작

전주의 맛으로 전주남문시장을 구하라!

조선의 만능셰프 한상궁과 함께 비빔밥 이야기를 담은 댄스뮤지컬!

한 번 말고 두 번 보세요! 세 번 보세요!😎


《 전주시_조선셰프 한상궁 》
*공연기간 : 2023.6.9.~10.27. 매주 금요일 20:00
*공연장소: 전주한벽문화관 야외공연장
  (우천 시 전주한벽문화관 한벽극장)
*공연내용: 전주 남문시장을 배경으로 궁녀 한씨와 비빔밥 재료들이 흥겹게 만들어가는 댄스뮤지컬
*공연티켓: 전석 20,000원 (할인별도)
*예매방법: 온라인예매(인터파크), 현장예매, 전화예매(063-288-5525)

⭐ 공연문의 ⭐
전북문화관광재단 홈페이지
런파이브(공연단체) 063-288-5525
예술회관운영팀 063-230-7494

#전주시 #댄스뮤지컬 #조선셰프한상궁 #전주가볼만한곳 # 전주한옥마을 #전주공연 #전주여행 #한옥자원활용야간상설공연 #전라북도문화관광재단 #전북문화관광재단 #런파이브 #두댄스무용단 #전주한벽문화관 #전주남문시장",UCpwBabKEoJCwadDdWjr4vtA,전북특별자치도문화관광재단 ,2023-09-13T02:20:21Z,135,2.25,False,417,3,0,https://www.youtube.com/watch?v=7ERPjxXjVfE,1970,751,PF244963,셰프 [부안],뮤지컬,부안예술회관 공연장,2024-07-20,2024-07-20,,,,mismatch,none,0,False,False,-2,delete_candidate,날짜 불일치(다른 회차 가능성)
wDJMouWrPbA,📽#정읍JJ기획사콘써트 #정읍사예술회관 #2022-02-27 #~~~~~~,"📽#정읍JJ기획사콘써트 #정읍사예술회관 #2022-02-27 #~~~~~~
https://www.youtube.com/channel/UClEpSrF2FGrf7zCVF6U8fyQ
▲위의 주소는 유튜브 채널{칼빈군산TV} 영상을 볼수있는 주소입니다
SONY HANDY CAM FDR/AX700=카메라 촬영",UClEpSrF2FGrf7zCVF6U8fyQ,칼빈군산tv,2022-02-28T23:55:04Z,1779,29.65,False,299,4,1,https://www.youtube.com/watch?v=wDJMouWrPbA,10300,7529,PF244963,셰프 [부안],뮤지컬,부안예술회관 공연장,2024-07-20,2024-07-20,,,,mismatch,none,0,False,False,-2,delete_candidate,날짜 불일치(다른 회차 가능성)
qraSS2WHl9g,제1회 김제시청년가요제 축하공연 삼마이 - 사랑은언제나배고프다,"방송 : 2021.09.14.(화) 19시~
장소 : 김제문화예술회관 대 공연장(온라인진행)
주최 : 대한가수협회 김제/부안 지부
후원 : 김제시
기획/연출 : 아이엘컴퍼니, YBNTV
협찬 : 우리한방병원,  커피밥나무, 세종인력사무소, 김제중앙장례식장, 장금이식당, 중앙종로약국, 네일공주, 달빛주막, 해피통신, 만경석재, 7번상회, 우리정형외과/내과, 다선농원, 김제시 귀농협회, 김제산림조합",UCN-H0A0auk8npBet8RF3XEA,아리랑문화살롱,2021-09-24T03:02:43Z,201,3.35,False,166,6,2,https://www.youtube.com/watch?v=qraSS2WHl9g,334,92,PF244963,셰프 [부안],뮤지컬,부안예술회관 공연장,2024-07-20,2024-07-20,,,,mismatch,none,0,False,False,-2,delete_candidate,날짜 불일치(다른 회차 가능성)
XRKl8i1uNiQ,《이팝 : 소리꽃》 [2023 한옥자원활용 야간상설공연 - 고창군] #고창 #전북문화관광재단,#고창군 #이팝소리꽃 #고창농악보존회 #고창가볼만한곳 #고창놀만한곳 #고창공연 #고창여행 #한옥자원활용야간상설공연 #전라북도문화관광재단 #전북문화관광재단,UC9gdx4h39460W0wOL61hekw,뉴전스,2023-08-02T04:15:03Z,29,0.48,True,303,8,1,https://www.youtube.com/watch?v=XRKl8i1uNiQ,252,100,PF244963,셰프 [부안],뮤지컬,부안예술회관 공연장,2024-07-20,2024-07-20,,,,none,none,0,False,False,0,no_strong_signal,신호 없음
UA_7mHVPvrY,JTV전주방송 [정읍]밀가루 폭탄! 당 폭탄! 행복 폭탄! 다이어트는 나중에~🧡 | 정읍 오스트로,#정읍 #오스트로 #정읍맛집,UCZCH_GHFMsFO2hso59kwXHQ,JTV ON,2021-11-15T07:30:07Z,196,3.27,False,107,5,0,https://www.youtube.com/watch?v=UA_7mHVPvrY,274000,26517,PF244963,셰프 [부안],뮤지컬,부안예술회관 공연장,2024-07-20,2024-07-20,,,,none,none,0,False,False,0,no_strong_signal,신호 없음
YsT_Pq3QTIU,[문화K] 한옥에서 펼쳐지는 여름밤 ‘전통예술공연 향연’ / KBS  2023.06.22.,"https://news.kbs.co.kr/news/view.do?ncd=7706050

#문화K #한옥 #전통예술 #전주 #남문장터 #조선셰프한상궁 #농악 

[앵커]

 문화K 시간입니다.

 한낮 더위를 피해 밤 나들이하는 분들 있으실텐데요.

 여름밤, 한층 운치가 더해진 한옥을 무대로 흥과 멋이 가득한 전통예술공연이 곳곳에서 펼쳐지고 있습니다.

 그 현장으로 함께 가보시죠.

 [리포트]

 [""오늘이 바로, 바로, 남문 장터 열리는 날. 전라도 산해진미, 모두 이곳으로, 오! 남문장터.""]

 수라간 최고 요리사였던 한 상궁은 궐을 떠나  고향 전주에 내려옵니다.

 [""비나이다, 비나이다. 이 원수를 갚아~""]

 남모를 한을 숨기고 은둔하던 한 상궁.

 [""그러면 말이야. 우리 다 같이 지금부터 아주 신명 나고 걸판지게 비빔밥을 비벼 봅시다!""]

 유쾌한 남문 장터 상인들과 만나면서 앞치마 끈을 다시 동여맵니다.

 누명을 쓴 수라간 궁녀가 고향에서 재기하기까지 이야기를 춤과 노래, 해학으로 풀어낸 창작 댄스 뮤지컬입니다.

 [최원창/'조선셰프 한상궁' 총괄 기획 : ""좀 더 해학적인 공연으로 가져가려고 했었고 거기에 '한 상궁'이라는 캐릭터를 새롭게 설정을 해서 댄스와 뮤지컬을 하면서 그걸 요리 대결이라는 설정을 통해 재밌게 한번 풀어봤습니다.""]

 이야기꾼의 능청에 관객들이 열정적으로 호응하며 무대와 객석은 공연 내내 웃음 바다가 됩니다.

 [장상훈/관람객 : ""전주에 대해서 이렇게 또 쉽게 설명해주고 하니까 그 점이 너무 재밌었어요. 너무 신났고요. 아이들도 같이 와서 보니까 아이들이 너무 좋다고 하고 재밌는 시간이었습니다.""]

 익산에서는 함라에 유배 온 허균을 소재로 한 판소리 뮤지컬이, 부안에서는 연인을 지키기 위해 궁항 도깨비가 된 주인공의 이야기가 여름밤 무대를 채웁니다.

 고창과 임실 등 5개 시, 군에서  여름밤 한옥의 정취를 벗 삼아 소리와 춤, 농악 등이 어우러진 공연이 관객들을 찾아갑니다.

 [박하늘/전북문화관광재단 한옥 자원 활용 야간상설공연 담당 : ""전북도민과 전라북도를 찾아온 관광객분들에게 야간에 볼거리를 제공하기 위해 사업을 시작했습니다. 이번 5개 공연은 지역의 이야기를 담은 공연들과 설화, 민화 이런 부분들을 반영하여 (공연을) 선정했습니다.""]

 한국적 정취가 가득한 한옥을 배경으로 놀이와 전통, 현대 예술이 어우러진 신명의 무대.

 한낮 더위에 지친 나들이객들에게  색다른 볼거리를 선물하고 있습니다.  

 KBS 뉴스 이수진입니다.

 촬영:VJ 이현권/종합편집:최승리/문자그래픽:박유정/화면제공:전북문화관광재단",UC0QmCmZuE1uQcvqHVg2OYDQ,KBS뉴스 전북,2023-06-22T11:35:40Z,198,3.3,False,544,5,0,https://www.youtube.com/watch?v=YsT_Pq3QTIU,124000,20658,PF244963,셰프 [부안],뮤지컬,부안예술회관 공연장,2024-07-20,2024-07-20,,,,none,none,0,False,False,0,no_strong_signal,신호 없음
oxdFnuvCch0,"청년 셰프, 꿈을 요리하다 - 전북 완주 가치식당  | 생생3도 | 재미 PLAY","210402 생생3도 방송

#KBS #전북 #전주 #완주 #가치식당 #청년 #셰프 #꿈 #요리 #조리 #생생3도
　
KBS전주 유튜브 구독 → https://www.youtube.com/c/KBSJJ?sub_c...​
KBS전주 페이스북 팔로우 → https://www.facebook.com/kbsjeonju​
KBS전주 인스타그램 구독 → https://www.instagram.com/kbsjj_insiders
KBS전주 트위터 팔로우 → https://twitter.com/KBSJeonju​

KBS전북 뉴스라이브 → https://ggle.io/3YIV
KBS뉴스전북 페이스북 → https://www.facebook.com/kbsnewsjeonbuk",UCpzc0K6Y6AxQq9m3dPtQWXw,KBS전주,2021-04-05T07:00:22Z,489,8.15,False,340,,1,https://www.youtube.com/watch?v=oxdFnuvCch0,564000,11319,PF244963,셰프 [부안],뮤지컬,부안예술회관 공연장,2024-07-20,2024-07-20,,,,none,none,0,False,False,0,no_strong_signal,신호 없음
JPrPd4FuuAg,[2023 한옥자원활용 야간상설공연] 임실군 춤추는상쇠12 '동행',"[2023 한옥자원활용 야간상설공연]

달빛 아래 고즈넉한 한옥을 배경으로 펼쳐지는 전통예술공연!
2023년에는 전주, 익산, 임실, 고창, 부안에서 만나보실 수 있습니다!

세 번째로 만나볼 곳은 임실군의 동행!

열정적인 농악 공연을 보고 싶다면?
마을 사람들이 함께 하는 푸근한 정을 느끼고 싶다면?💗
대대로 이어져 오는 필봉농악의 계승 이야기가 궁금하다면?

임실필봉농악보존회의 12번째 '춤추는상쇠' 시리즈, 동행!
한 번 말고 두 번 보세요! 세 번 보세요!😎

《 임실군_K-판굿놀이 춤추는상쇠12 '동행' 》
*공연기간 : 2023.5.27.~9.23. 매주 토요일 20:00
*공연장소: 임실필봉문화촌 취락원
  (우천 시 임실필봉문화촌 대동관)
*공연내용: 전통적인 임실필봉농악의 명맥을 이어가는 과정을 주인공 '봉필'을 통해 풀어낸 전통연희극
*공연티켓: 전석 10,000원 (할인별도)
*예매방법: 현장예매, 전화예매(063-643-1902)

⭐ 공연문의 ⭐
전북문화관광재단 홈페이지
임실필봉농악보존회 063-643-1902
예술회관운영팀 063-230-7494

#임실군 #필봉 #농악 #필봉농악 #임실가볼만한곳 #임실놀만한곳 #임실공연 #임실여행 #한옥자원활용야간상설공연 #전라북도문화관광재단 #전북문화관광재단 #임실필봉문화촌 #임실필봉농악보존회",UCpwBabKEoJCwadDdWjr4vtA,전북특별자치도문화관광재단 ,2023-08-11T00:55:47Z,136,2.27,False,79,0,0,https://www.youtube.com/watch?v=JPrPd4FuuAg,1970,751,PF244963,셰프 [부안],뮤지컬,부안예술회관 공연장,2024-07-20,2024-07-20,,,,mismatch,none,0,False,False,-2,delete_candidate,날짜 불일치(다른 회차 가능성)
5_fHy9I8cDM,[2023 한옥자원활용 야간상설공연] 2023 한옥자원활용 야간상설공연 안내,"전라북도문화관광재단에서는 전라북도 5개 시군(전주, 익산, 임실, 고창, 부안)의 한옥자원을 활용한 지역특화 야간상설공연을 운영 지원합니다!

🌜🎇

달빛 아래 고즈넉한 한옥을 배경으로 펼쳐지는 전통예술공연!

국악뮤지컬부터 연희극, 넌버벌 퍼포먼스까지 다양하고 알찬 공연들을 함께 즐겨보아요!😆

🌙전주 - 조선 셰프 한상궁
🌙익산 - 사람, 꽃 피우다
🌙임실 - 동행
🌙고창 - 이팝:소리꽃
🌙부안 - 도깨비 당산


☎티켓할인 및 예매 문의는 해당 공연 측으로 문의 부탁드립니다!☺


#조선셰프한상궁 #허균익산에날아들다 #사람꽃피우다 #춤추는상쇠 #동행 #고창국악 #이팝소리꽃 #도깨비당산 #전주공연 #익산공연 #임실공연 #고창공연 #부안공연 #전북가볼만한곳 #공연추천 #전북여행 #여행 #한옥자원활용야간상설공연 #전라북도문화관광재단 #전북문화관광재단",UCpwBabKEoJCwadDdWjr4vtA,전북특별자치도문화관광재단 ,2023-08-11T01:06:51Z,21,0.35,True,107709,6,1,https://www.youtube.com/watch?v=5_fHy9I8cDM,1970,751,PF244963,셰프 [부안],뮤지컬,부안예술회관 공연장,2024-07-20,2024-07-20,,,,none,none,1,False,False,-2,delete_candidate,무관 해시태그 발견
4B5Z8p-lbcA,장구의신 가수 박 서진 대전 우송예술회관 단독 콘서트 2부 영상,"2018년8월18일 대전 우송예술회관
국가대표 장구의신 가수 박서진 단독 콘서트
2부 영상입니다^^",UC4O0G0P-47zJRfsHEdYGzww,파란까치,2018-08-29T16:32:57Z,2257,37.62,False,28385,1061,94,https://www.youtube.com/watch?v=4B5Z8p-lbcA,71300,984,PF244963,셰프 [부안],뮤지컬,부안예술회관 공연장,2024-07-20,2024-07-20,,,,none,none,0,False,False,0,no_strong_signal,신호 없음
dSAmZHhgWhM,부산 더셰프월드 센트럴원/장구의신 가수 박서진님/ 나무꾼,"2018년 11월 10일 토요일 
부산 기장 롯데 쇼핑몰 사거리 
장구의신 가수 박서진님 
나무꾼",UCejv1dTVRSjzHU_T1EWtqFw,김선애시샘달,2019-04-10T09:21:48Z,192,3.2,False,95,11,0,https://www.youtube.com/watch?v=dSAmZHhgWhM,21800,612,PF244963,셰프 [부안],뮤지컬,부안예술회관 공연장,2024-07-20,2024-07-20,,,,none,none,0,False,False,0,no_strong_signal,신호 없음
eNsSAmjqKLw,신나는 예술여행  '당신의 꿈은 무엇입니까?',"신나는 예술여행 사업으로 저희 공연 '당신의 꿈은 무엇입니까?[What is your dream?]'이 현재 진행중에 있어 소개하려합니다.

앞에서 지화자 게시물을 올리면서도 말씀드렸었지만 #신나는예술여행 은 #한국문화예술위원회 에서 공모를 통하여 선정된 예술단체들이 전국에 있는 기관과 시설에 문화예술 향유를 위해 진행하는 사업입니다😊
﻿﻿
당신의 꿈은 무엇입니까? 는
청소년들의 꿈에 대한 고민과 생각을 넌버벌퍼포먼스로 풀어내어 공연에 입힌 컨텐츠입니다.
공연이 끝나갈쯤이 되면 각자의 꿈에 대하여 다시 한번 생각하게 되고
자신에게 동기부여가 되며 힘들어도 포기하지 말고 노력해보자라는 마음이 가득차게 만들어주는 공연입니다.

신나는 예술여행 사업으로
현재 전국에 있는 학교시설에 찾아가 3회차를 완료하였고 지금도 계속 진행중에 있습니다.

간단한 공연 영상을 첨부하였으니 같이 보시죠😍

'누구에게나 있거나 있었던 꿈에 대하여'

#디스이즈잇 #thisisit #led마이클잭슨 #미러맨 #초청공연 #기업행사 #추천공연 #상설공연 #가족뮤지컬 #어린이뮤지컬 #어린이공연 #청소년뮤지컬 #청소년공연 #창작뮤지컬 #오늘공연정보 #넌버벌퍼포먼스 #비보이 #미디어아트 #led트론댄스 #trondance  #공연 #뮤지컬 #공연스타그램 #초등학교공연 #중학교공연 #고등학교공연 #mjcrew #문화예술회관 #대학교행사 #지화자 #국악퍼포먼스 #신나는예술여행 

#안산문화예술의전당 #미디어퍼포먼스  #스트릿댄스 #레이져쇼 #추천공연 
#광화문그사내 #안산공연 #미디어공연 #media #performance #streetdance #lasershow",UCTw8E69alvcnB9R-OveXrZw,THIS IS IT,2021-05-17T06:40:36Z,149,2.48,False,576,14,1,https://www.youtube.com/watch?v=eNsSAmjqKLw,1640,115,PF244963,셰프 [부안],뮤지컬,부안예술회관 공연장,2024-07-20,2024-07-20,,,,none,none,2,False,False,2,no_strong_signal,해시태그 2개 카테고리 일치
kQLBF5hrhFY,"[전국시대]190121(월) 겨울한정 달려라 썰매야, 새콤달콤 귀농일기, 영미 전성시대! 컬링, 대구가 돌아왔다, 공간재생카페, 우리동네 게시판","1. 원주 - 겨울 한정 달려라 썰매야
2. 남원 - 새콤달콤 귀농일기
3. 광주 - 영미전성시대! 컬링
4. 거제 - 대구가 돌아왔다
5. 포항 - 공간 재생카페

@우리동네 게시판",UCwWqBWIe72xKV016rcXGaaA,여수MBCPrime,2019-01-21T10:38:19Z,3098,51.63,False,187,6,0,https://www.youtube.com/watch?v=kQLBF5hrhFY,186000,7171,PF244963,셰프 [부안],뮤지컬,부안예술회관 공연장,2024-07-20,2024-07-20,,,,none,none,0,False,False,0,no_strong_signal,신호 없음
Bu5kv7cHFHQ,[4K/ENG]  새벽 4시반부터 장작불로 끓이는 육수. 직접 만드는 피순대. 49년 전통 부안 순댓국집 ｜한국인의오래된밥집 EP04,"👉 요리과정을 고화질, ASMR로 보고 싶다면,  @KBS_FOOD 
👉 한오밥 영상을 '30분' 일찍 보고 싶다면,  @KBS_FOOD 

#한국인의오래된밥집 #부안순댓국집 #순대맛집

[한국인의오래된밥집]

수도권 인구 2,500만 명. 식당 수 30만 개. 세계에서 식당이 제일 많지만, 그만큼 망하는 식당도 많은, 식당의 수명이 짧기로 유명한 대한민국에서 수십 년의 세월을 버틴 식당, 노포(老鋪). 고단한 현대사 속에서 살아남은 이 오랜 식당들은 우리에게 무엇을 의미할까? 사장과 직원, 그리고 단골손님들이 함께 나이 들어온 공간, 노포. 한국인들이 사랑한 이 오래된 식당에서, 음식과 삶에 관한 이야기를 들어본다. 

4부. 49년 전통 부안 순댓국집

■ KBS 걸어서 세계속으로 PD들이 직접 만든 해외여행전문 유튜브 채널 【Everywhere, K】
■ The Travels of Nearly Everywhere! 10,000 of HD world travel video clips with English subtitle! (Click on 'subtitles/CC' button)

● Subscribe to YOUTUBE - http://goo.gl/thktbU
● Like us on FACEBOOK - http://goo.gl/UKHX33■ KBS 걸어서 세계속으로 PD들이 직접 만든 해외여행전문 유튜브 채널 【Everywhere, K】
■ The Travels of Nearly Everywhere! 10,000 of HD world travel video clips with English subtitle! (Click on 'subtitles/CC' button)

● Subscribe to YOUTUBE - http://goo.gl/thktbU
● Like us on FACEBOOK - http://goo.gl/UKHX33",UCFw4M1BJYYdN1YtS8SzlDzg,KBS 트래블-걸어서 세계속으로,2022-03-04T10:30:09Z,982,16.37,False,20650,350,25,https://www.youtube.com/watch?v=Bu5kv7cHFHQ,857000,13377,PF244963,셰프 [부안],뮤지컬,부안예술회관 공연장,2024-07-20,2024-07-20,,,,none,none,0,False,False,0,no_strong_signal,신호 없음
R-gxt6YKkJI,🔥번호 교환 기념🔥 김소희 셰프한테 부부 의혹 받은💦 손종원 X 이은지 일방적 썸(?) 서사 모아보기💥｜냉장고를 부탁해｜JTBC 250302 방송 외,"＂부부 아니에요?＂ 밀당 기술 대박인 
손종원 X 이은지 번따(?) 현장ㄷㄷ;;

00:00 인트로
00:27 첫 만남에 콜라 플러팅 날린 이은지
11:50 고백 공격에 정신 못 차리는 손종원
17:45 위기감 느끼는(?) 이은지
25:35 마이크 잡아주는 손종원
38:18 💥번따 성공💥
42:50 헷갈리는 김소희 셰프ㅋㅋ



#냉장고를부탁해 #냉부해 #손종원 #이은지 #느좋셰프

[JTBC봐야지] 구독하기☞ https://url.kr/q9raxe

------------------------------------------------------
* 영상 속 프로그램은?

【냉장고를 부탁해 since 2014】
https://tv.jtbc.co.kr/janggosince2014
------------------------------------------------------",UCF3UEVPt5zZTlBVJwDG317g,JTBC Voyage,2025-03-12T07:55:29Z,3583,59.72,False,833314,8829,342,https://www.youtube.com/watch?v=R-gxt6YKkJI,4660000,23956,PF244963,셰프 [부안],뮤지컬,부안예술회관 공연장,2024-07-20,2024-07-20,,,,none,none,0,False,False,0,no_strong_signal,신호 없음
li93FfgUHV0,맛집따라가기 신생반점 된장짜장면,,UCMbSZtMu1_0fBfc-sSwXuIA,투박투박,2022-12-02T16:00:41Z,7,0.12,True,261,3,0,https://www.youtube.com/watch?v=li93FfgUHV0,120,203,PF244963,셰프 [부안],뮤지컬,부안예술회관 공연장,2024-07-20,2024-07-20,,,,none,none,0,False,False,0,no_strong_signal,신호 없음
ss6ppm21C1Y,우리 마을 장맛 비결 '연잎 메주' - 전북 부안 | 6시 내고향 2022.12.15 | 재미 PLAY,"우리 마을 장맛 비결 '연잎 메주' - 전북 부안 | 6시 내고향 2022.12.15

#6시내고향 #메주 #부안 
　
🔗공식 링크 https://linktr.ee/KBSJJ",UCpzc0K6Y6AxQq9m3dPtQWXw,KBS전주,2022-12-20T12:25:00Z,476,7.93,False,731,,9,https://www.youtube.com/watch?v=ss6ppm21C1Y,564000,11319,PF244963,셰프 [부안],뮤지컬,부안예술회관 공연장,2024-07-20,2024-07-20,,,,mismatch,none,0,False,False,-2,delete_candidate,날짜 불일치(다른 회차 가능성)
j8GEMIKLpXw,식크릿 노트 _ 장성 경양식 전문점 돈가스 맛집!,"겉으로 보기엔 평범한 돈가스
속을 열어봐야 진가가 보인다
채소와 치즈가 듬뿍~ 채소는 바로 사장님이 직접 재배하신다는데요
요리사에서 농부로 변신! 농부 셰프의 유기농 맛집을 소개합니다

★맛집정보
가게명 : 강마루 돈가스
주소 : 전남 장성군 북이면 사남북길 22
전화번호 : 061-392-9991",UCZuMmWiJt5pVN5uueJtwLVw,마이로컬텔레비전,2019-04-11T06:40:05Z,254,4.23,False,1083,8,0,https://www.youtube.com/watch?v=j8GEMIKLpXw,4980,1078,PF244963,셰프 [부안],뮤지컬,부안예술회관 공연장,2024-07-20,2024-07-20,,,,none,none,0,False,False,0,no_strong_signal,신호 없음
i5JLV_tUvHE,김제에서 펼쳐지는 마을밥상! 두 명의 게스트가 함께?! 9화 예고! | 다짜고짜 마을밥상 시즌2 | KBS전주,"김제에서 펼쳐지는 마을밥상! 두 명의 게스트가 함께?! 9화 예고! | 다짜고짜 마을밥상 시즌2 | KBS전주

#김제 #마을밥상 #이원준 #샘 #소피아
#영국 #조지아 #대한민국 #농번기 #게스트 #셰프 

KBS전주총국 유튜브 구독→ https://www.youtube.com/c/KBSJJ
KBS전주총국 페이스북 팔로우→ https://www.facebook.com/kbsjeonju",UCpzc0K6Y6AxQq9m3dPtQWXw,KBS전주,2019-10-07T08:30:01Z,30,0.5,True,149,,0,https://www.youtube.com/watch?v=i5JLV_tUvHE,564000,11319,PF244963,셰프 [부안],뮤지컬,부안예술회관 공연장,2024-07-20,2024-07-20,,,,none,none,0,False,False,0,no_strong_signal,신호 없음
Me9pWHT7Clg,불림쌀  맛있는 누룽지 자동생산기계 쌀누릉지자동제조기계,"불림쌀 맛있는 누룽지 자동생산기계 쌀누릉지자동제조기계
각종 식품기계제조 자동화설비 전국판매설치AS
대광식품기계 010-3532-9847 053-253-9847 http://dgfmc.com",UCOfu32drTTDauhqYT_e8Jrg,대광식품기계,2022-02-14T09:23:26Z,159,2.65,False,387,4,0,https://www.youtube.com/watch?v=Me9pWHT7Clg,326,121,PF244963,셰프 [부안],뮤지컬,부안예술회관 공연장,2024-07-20,2024-07-20,,,,none,none,0,False,False,0,no_strong_signal,신호 없음
x887DO5gaS8,[전북 군산] 식당도 아닌데 하룻밤 묵으면 방금 잡은 참돔으로 상다리 부러지게 4끼 차려주는 민박집┃섬 구경 왔다가 손맛 보고 떠나는 '신시도'┃국내여행┃#한국기행 #방방곡곡,"🍁보약같은 친구 : https://bit.ly/ebs_bang

전라북도 군산에 위치한 신시도에 하룻밤 묵으면 식사를 네 끼나 차려주는 민박집이 있다? 독일인 셰프 다리오와 함께 떠나는 섬마을 미식 여행!
바다에 나가 손님상에 올릴 해산물을 잡아온다는 정판옥 씨와 싱싱한 제철 해산물로 끼니마다 다 다른 반찬을 직접 만든다는 판옥 씨의 아내 장옥자 씨. 도착과 동시에 차려지는 푸짐한 참돔 회 한 상. 거기에 오늘 특별히 잡혔다는 흑삼 해삼까지. 배가 채 꺼지기도 전에 차려지는 저녁상은 직접 잡은 주꾸미, 갑오징어에 낙지까지 푸짐한 해물 샤부샤부다.
새벽 5시부터 일어나 12개의 반찬을 직접 만든다는 아내의 정성이 깃든 아침 밥상에서 이것도 서운해 떠나기 전 대접하는 꽃게가 들어간 해물 칼국수까지 특별한 계획이 없어도 들어서는 순간 특별해지는 그 섬, 군산 신시도로 섬시네끼 힐링 여행을 떠나본다.

✔ 프로그램명 : 한국기행 - 여긴 몰랐지, 2부, 섬시네끼, 신시도
✔ 방송 일자 : 2021. 06. 01

#섬 #민박 #식당 #한국기행 #참돔 #해상투어 #국내여행",UC1w8n82XeekpcvsgeBpxslA,EBS 방방곡곡,2024-05-10T08:00:30Z,920,15.33,False,2011137,14206,1120,https://www.youtube.com/watch?v=x887DO5gaS8,150000,1920,PF244963,셰프 [부안],뮤지컬,부안예술회관 공연장,2024-07-20,2024-07-20,,,,none,none,0,False,False,0,no_strong_signal,신호 없음
3Artxe4SWew,"백합맑은탕 다른재료 다 필요없어요 딱이것만 필요해요/Shell soup,백합맑은탕끓이는법,백합탕끓이는법,백합요리,백합탕만들기,조개탕끓이는번,조개요리,백합칼국수,백합수제비,조개칼국수","#백합요리 #백합맑은탕 #백합탕끓이는법 #맑은탕끓이는법

재료
백합 1kg,찐마늘1작은술,대파4/1쪽,청량고추2/1,홍고추2/1 ,소금1작은술,다시마 10*10 🎵Music provided by 브금대통령
🎵Track : Brunch - https://youtu.be/bO5FQBl77VU",UCK-jVrW2RE45UzEIGx4KAXA,먹쇠TV 요리하는셰프,2022-03-12T03:52:58Z,398,6.63,False,121271,1344,64,https://www.youtube.com/watch?v=3Artxe4SWew,71600,355,PF244963,셰프 [부안],뮤지컬,부안예술회관 공연장,2024-07-20,2024-07-20,,,,none,none,0,False,False,0,no_strong_signal,신호 없음
l7c1rnuzVrw,"해삼,전복,가리비,개불,낙지,멍게를 3.5만에 모두드립니다/낙장불입/해물모듬/Various Seafood Sashimi/Korean seafood","해물모듬 한 접시 입니다.
오랜만에 영상을 촬영하셔서 긴장한 나머지 
너무 많이 담아버리셨습니다.
하지만 영상을 보신분들에겐 영상과 같게 판매하신다고 합니다.
가시면 영상 보셨다고 꼭 말씀하세요 ㅋㅋ

해물모듬 3.5 만원입니다.

영상 보고 오신 손님들에게 횟감도  정말 잘 해 주신다고 하시니
믿고 가보셔도 좋습니다!


📍 주소 (Location) : 서울특별시 송파구 가락동 600
                                   수산 46호 강진수산

전화번호(전화주문):   02-408-3972
                          

📷 촬영 문의 / 맛집 추천 환영 : ionent@naver.com

#해물모듬 #가락시장 #강진수산",UCAoBeCwIm-8KeT7vylU3iiw,와우 푸드[wOw Food],2021-05-20T07:00:09Z,493,8.22,False,9509,115,14,https://www.youtube.com/watch?v=l7c1rnuzVrw,130000,431,PF244963,셰프 [부안],뮤지컬,부안예술회관 공연장,2024-07-20,2024-07-20,,,,none,none,0,False,False,0,no_strong_signal,신호 없음
tFCtoJ0T934,[반응폭발] 이장우 '밥도둑런' 대박! 부안 들썩인 진짜 이유?,"MBC '시골마을 이장우3'가 시청자들의 뜨거운 사랑 속에 성공적인 마침표를 찍으며, 이장우표 지역재생의 진정한 힘을 다시 한번 입증했습니다.

'시골마을 이장우3'는 지난 20일 방송을 끝으로 세 번째 시골살이 여정을 감동적으로 마무리했습니다. 2024년 김제를 시작으로 강화, 그리고 이번 부안까지 이어지며 사람 냄새 나는 이야기와 따뜻한 분위기로 큰 사랑을 받았습니다. 자극적인 설정 대신 지역 주민들과의 진솔한 교감, 시골의 정서를 담아내며 차별화된 힐링 예능으로 자리매김했죠. 이장우는 특유의 친근함과 소탈한 매력으로 초등학생들에게는 유쾌한 동네 형, 어르신들에게는 스스럼없는 막내아들처럼 다가가 부안 마을 사람들과 깊은 정을 나눴습니다. 프로그램은 부안의 제철 식재료, 지역 명인들, 아름다운 시골 풍경과 생활 문화를 자연스럽게 녹여내 지역의 숨은 매력을 재조명했다는 평가를 받았습니다. 특히 마지막 회에서는 부안 마라톤에 참가한 4500여 명의 러너들을 위해 이장우가 직접 개발한 '젓갈비빔밥'과 '오디주스'를 대접하는 '밥도둑런' 현장이 큰 화제를 모았습니다. 참가자들은 부안 특산물을 활용한 메뉴에 만족감을 표하며 ""다시 부안을 찾고 싶다""는 반응을 보였고, 이는 지역 활성화의 가능성을 보여주는 의미 있는 이벤트였습니다. 정준하, 이원일 셰프, 홍석천, 김미령 셰프 등 시즌을 함께했던 든든한 지원군들과 고강용 아나운서, 배우 조혜원까지 총출동하여 훈훈한 팀워크를 자랑했습니다. 약 4개월간 주민들과 함께했던 시간을 돌아보며 눈시울을 붉힌 이장우는 김제, 강화, 부안이 또 하나의 고향이 된 기분이라며 다음 시즌에 대한 기대감을 내비쳤습니다. '시골마을 이장우3'는 화려함보다는 지역과 사람의 온기를 담은 진정성 있는 이야기로 힐링 예능의 새로운 방향성을 제시하며 시청자들에게 깊은 여운을 선사했습니다.

#장동혁 #장동혁 #지역재생",UC4sbZOuKSY_vdgzl31SyN3Q,BDC Tech,2026-05-21T03:34:34Z,220,3.67,False,26,0,0,https://www.youtube.com/watch?v=tFCtoJ0T934,1630,1296,PF244963,셰프 [부안],뮤지컬,부안예술회관 공연장,2024-07-20,2024-07-20,,,,none,none,0,False,False,0,no_strong_signal,신호 없음
