video_id,video_title,description,channel_id,channel_name,published_at,duration_sec,duration_min,is_shorts_guess,view_count,like_count,comment_count,video_url,channel_subscriber_count,channel_video_count,matched_perf_id,matched_title,matched_genre,matched_venue,matched_perf_start,matched_perf_end,video_type,source_type,notes,date_signal,venue_signal,hashtag_categories,is_condensed_official,explicit_title_quote_match,signal_score,suggested_status,flag_reason
tE6vqusRuhc,안녕하세요 마이린입니다 #유쓰쇼츠페스티벌,"📸 “안녕하세요, 마이린입니다.”
지난 11년 동안 단 한 번도 바뀌지 않은 저만의 인사.
어릴 때부터 지금까지, 그 순간순간이 모두 ‘나다운 순간’이었어요.
이번 영상은 제 가장 진짜 모습,
그리고 100만 유튜버이자 대학생으로 살아가는 지금의 저를 담았습니다.
🎬 여러분의 ‘나다운 순간’은 어떤 모습인가요?
여러분만의 이야기를 영상으로 만들어
[유쓰 쇼츠 페스티벌]에 참여해 보세요!
📌 참여 방법
1. 1분 이내의 유튜브 쇼츠 제작
2. 필수 로고 및 해시태그 활용하여 쇼츠 업로드
3. http://bit.ly/4fyU6kN 에서 응모하기
#LG유플러스 #유튜브 #유쓰쇼츠페스티벌 #simplyme",UCNzn4cWu4ygeWTxXfP4ufug,마이린 TV,2025-08-12T09:01:27Z,28,0.47,True,1479153,15323,450,https://www.youtube.com/watch?v=tE6vqusRuhc,1140000,2985,PF217261,이상한 엄마 [포항],뮤지컬,포항문화예술회관 대공연장,2023-05-26,2023-05-27,,,,none,none,0,False,False,0,no_strong_signal,신호 없음
l4sUDIpnLnE,경상도 사람 특징.. (feat.숫자읽기),#shorts  #쇼츠 #웃긴영상,UC4vWJPc6W0gkDSWg4KICIDg,개그로GaGro,2022-04-28T06:39:52Z,28,0.47,True,10453784,50570,6219,https://www.youtube.com/watch?v=l4sUDIpnLnE,31400,291,PF217261,이상한 엄마 [포항],뮤지컬,포항문화예술회관 대공연장,2023-05-26,2023-05-27,,,,none,none,0,False,False,0,no_strong_signal,신호 없음
nADZgYgnGbo,유튜브 촬영 중 사망한 유명 유튜버들,"#쇼츠 #shorts 

나레이션 : 유키",UCnbBXCT66uOndisRXu8TeLA,여우괴담,2024-01-27T05:00:26Z,51,0.85,True,5097684,68437,672,https://www.youtube.com/watch?v=nADZgYgnGbo,489000,494,PF217261,이상한 엄마 [포항],뮤지컬,포항문화예술회관 대공연장,2023-05-26,2023-05-27,,,,none,none,0,False,False,0,no_strong_signal,신호 없음
IlnuNJQ5sV4,방송 3초만에 유명해진 금쪽이 클라스 ㄷㄷ,"#해외축구 #축구 

영상출처 : 채널A - 금쪽같은 내 새끼",UCYYo8D-Q8kZvtbyctSRNudQ,오타니 갤러리,2025-06-18T04:07:15Z,14,0.23,True,24850111,270054,4761,https://www.youtube.com/watch?v=IlnuNJQ5sV4,48500,718,PF217261,이상한 엄마 [포항],뮤지컬,포항문화예술회관 대공연장,2023-05-26,2023-05-27,,,,none,none,0,False,False,0,no_strong_signal,신호 없음
hCiiMJmhXIE,영등포 뒷골목에 함부로 가면 안 되는 이유,"영등포 타임스퀘어 앞 수도골목은 오래된 성매매 집결지이다.
지금도 청소년 통행금지구역으로 지정되어 있고 저녁만 되면 지나가는 남성들의 팔을 이끄는 이른바 ‘휘파리’ 여성들이 있다.
이 성매매 집결지는 한국전쟁 이후 미군부대가 들어서 미군들을 상대하기 위해 생겨났는데, 1962년 주둔군인들을 위한 특수수요 해결과 외화벌이를 위한 “성매매 허용 특정구역”으로 양성화되고 말았다.
이후 통행금지가 해제되면서 아예 24시간 영업을 하게 됐고, 86아시안게임 88올림픽 등 국제행사를 앞두고 미관상의 이유로 지금의 유리방 형태로 정비되기까지 했다.
물론 성매매방지특별법 시행과 고가도로 건설로 인한 수용으로 그 세력은 확실히 줄었지만, 이를 아예 폐쇄하려는 공권력의 움직임이 있을 때마다 지주, 포주, 성매매 여성들이 한 목소리로 생존권 보장을 외치며 반대를 하는 바람에 계속 남아있는 실정이었다.
그런데, 재개발 계획이 수립되자 지주들은 갑자기 쌍수를 들고 환영하기 시작했는데 이는 개발이익을 실현할 절호의 기회이기 때문이다.

#short #shorts #geography #social #지리 #seoul",UC8WcqP73kLTMq1OR-a1WuCw,마계지리,2023-06-10T14:42:07Z,60,1.0,True,709528,3896,308,https://www.youtube.com/watch?v=hCiiMJmhXIE,1480,25,PF217261,이상한 엄마 [포항],뮤지컬,포항문화예술회관 대공연장,2023-05-26,2023-05-27,,,,none,none,0,False,False,0,no_strong_signal,신호 없음
9JdH7Pzsu-g,수영장에 #수영복 입고 간다고?? 🤯💦,"수영장에 수영복 입고 가는 건 NO!❌
수영복은 꼭 샤워장에서 입어야 한다는 사실, 알고 계셨나요? 🤔
수영장 첫날 데스크부터 락커룸, 샤워실까지 완벽 정리!!

🎥 코치코치 ep.02 – 수영장 첫날 편에서 더 많은 꿀팁 확인하기!

#수영장 #에티켓 #수린이",UCWrgjBZXIEUmKKn0tz3l6RQ,GANA SWIM / 가나스윔,2025-07-14T04:00:17Z,18,0.3,True,431216,1403,63,https://www.youtube.com/watch?v=9JdH7Pzsu-g,16900,259,PF217261,이상한 엄마 [포항],뮤지컬,포항문화예술회관 대공연장,2023-05-26,2023-05-27,,,,none,none,0,False,False,0,no_strong_signal,신호 없음
dEKhHmPh1mE,역대급 엄마한테 물 뿌리는 레전드 금쪽이,,UCv83FFpEjpHwVg2fWvHJnow,금쪽이tv,2025-07-24T14:17:29Z,22,0.37,True,712061,3585,895,https://www.youtube.com/watch?v=dEKhHmPh1mE,327,4,PF217261,이상한 엄마 [포항],뮤지컬,포항문화예술회관 대공연장,2023-05-26,2023-05-27,,,,none,none,0,False,False,0,no_strong_signal,신호 없음
l1NVRRp4dhk,나솔 역대급 살벌했던 영숙과 옥순,"지켜보는 시청자와 상철: •︠_•︡;; •︠_•︡;; •︠_•︡;;
ㅋ..컴다운..!

JUST DIVE Wavve!🌊
#웨이브 #Wavve #나는SOLO #나는솔로 #영숙 #옥순 #상철",UCym5538xAEEppbridXozfgw,wavve 웨이브,2023-09-05T06:00:27Z,56,0.93,True,5415646,40534,2491,https://www.youtube.com/watch?v=l1NVRRp4dhk,692000,9373,PF217261,이상한 엄마 [포항],뮤지컬,포항문화예술회관 대공연장,2023-05-26,2023-05-27,,,,none,none,0,False,False,0,no_strong_signal,신호 없음
CC9K9p-0_eM,※충격※ 정신병원에 끌려갔다 왔다고 고백하는 금쪽이 #금쪽같은내새끼,#금쪽이 #은둔형,UCB-ogYCX9Me8nP9gEGpMjUg,채널에이드: 채널A Drama & Enjoy,2025-01-08T04:00:05Z,52,0.87,True,716560,7368,,https://www.youtube.com/watch?v=CC9K9p-0_eM,1250000,48212,PF217261,이상한 엄마 [포항],뮤지컬,포항문화예술회관 대공연장,2023-05-26,2023-05-27,,,,none,none,0,False,False,0,no_strong_signal,신호 없음
C0TDMjrTyOU,진짜 길거리 최고 빌런!! #매드브로 #육은영 #강약약강,,UCiTcv_AxQQSx77yGikHHDZw,매드브로 MadBros,2024-11-13T09:51:50Z,60,1.0,True,10687258,144517,7074,https://www.youtube.com/watch?v=C0TDMjrTyOU,619000,749,PF217261,이상한 엄마 [포항],뮤지컬,포항문화예술회관 대공연장,2023-05-26,2023-05-27,,,,none,none,0,False,False,0,no_strong_signal,신호 없음
6kSjYUViooU,이승우가 부담스러운 손흥민ㅋㅋ😅 #heungminson #footballplayer #footballshorts,"토트넘 손흥민 k올스타 경기시작전 선수들과 인사!
이승우 머리했는데 손흥민 밀당하며 외면ㅋㅋㅋ",UC4XBCfS-CStDRLCNIMS-Dfg,메타풋볼 METAFOOTBALL,2024-07-31T12:08:43Z,10,0.17,True,1318106,7096,139,https://www.youtube.com/watch?v=6kSjYUViooU,7890,74,PF217261,이상한 엄마 [포항],뮤지컬,포항문화예술회관 대공연장,2023-05-26,2023-05-27,,,,none,none,0,False,False,0,no_strong_signal,신호 없음
XJcaotgiQY8,[뮤지컬 이상한 엄마] TICKET OPEN✨ #shorts,"할리퀸키즈 ✨𝒏𝒆𝒘 𝒎𝒖𝒔𝒊𝒄𝒂𝒍✨
🌧뮤지컬 ""이상한 엄마""🌧

𝟮𝟬𝟮𝟮.𝟭𝟮.𝟬𝟴 𝗚𝗥𝗔𝗡𝗗 𝗢𝗣𝗘𝗡
📍신한pLay 스퀘어 라이브홀

-

🎟 𝟏𝐒𝐓 𝐓𝐈𝐂𝐊𝐄𝐓 𝐎𝐏𝐄𝐍
✔️2022.10.06(목) 오전 11시
✔️인터파크 티켓",UC6AaHbXadugV7GEMC05Ogxg,할리퀸키즈 TV,2022-09-23T08:20:26Z,11,0.18,True,5577,75,3,https://www.youtube.com/watch?v=XJcaotgiQY8,4970,93,PF217261,이상한 엄마 [포항],뮤지컬,포항문화예술회관 대공연장,2023-05-26,2023-05-27,,,,mismatch,none,0,False,True,0,no_strong_signal,작품명이 따옴표/괄호로 명시적으로 인용됨; 날짜 불일치(다른 회차 가능성)
gp9CqNWIbNI,뮤지컬 루쓰 커튼콜#포항#기쁨의교회#보아스#김다현#인사#또만나요,,UCZZF232CVLDK1WeMtjP5wfA,김다현tv,2022-05-30T03:00:56Z,16,0.27,True,3702,96,4,https://www.youtube.com/watch?v=gp9CqNWIbNI,1740,178,PF217261,이상한 엄마 [포항],뮤지컬,포항문화예술회관 대공연장,2023-05-26,2023-05-27,,,,none,none,0,False,False,0,no_strong_signal,신호 없음
X_749nyalMI,🔥누적 조회수 1억 3천만🔥을 돌파한 강풀 원작을 ⚡노정의⚡가 출연해 💥실사화 200%💥한 개꿀잼 드라마 《결말까지 몰아보기》,"시청해 주셔서 감사합니다😍😍😍

제목은 왼쪽 상단을 확인하세요~!!

#드라마몰아보기 #아가씨네",UCZovMWbv41CX15CLsV7MrlA,아가씨네 : AGACINE,2025-08-22T10:01:01Z,6231,103.85,False,1317056,4688,244,https://www.youtube.com/watch?v=X_749nyalMI,136000,24,PF217261,이상한 엄마 [포항],뮤지컬,포항문화예술회관 대공연장,2023-05-26,2023-05-27,,,,none,none,0,False,False,0,no_strong_signal,신호 없음
Fwi0L5yDAbg,옥토넛 뮤지컬 보러옴♡,,UCpSEoZc78RFSXomVqqFHndg,해나햇살,2022-12-31T01:53:38Z,7,0.12,True,325,12,,https://www.youtube.com/watch?v=Fwi0L5yDAbg,46,31,PF217261,이상한 엄마 [포항],뮤지컬,포항문화예술회관 대공연장,2023-05-26,2023-05-27,,,,none,none,0,False,False,0,no_strong_signal,신호 없음
w1Lv27KOlOU,[서울연극제 프린지] 제16회 서울창작공간 연극축제 - 살고지고 (하이라이트 영상),"[서울연극제 프린지] 제16회 서울창작공간 연극축제 - 살고지고 (하이라이트 영상)

- 극단명: 원공
- 작: 류수현
- 연출: 송현창
- 출연: 김성숙, 오인순
- 스태프
  · 무대감독 전양식
  · 음향오퍼 김종년
  · 조명오퍼 전재광
  · 조연출 김린
- 작품소개:
어느 제삿날 제수를 준비하며 시어머니와 며느리 간의 각자 인생관에 대한 대화를 통해 서로의 입장을 말하며 벌어지는 어쩌면 흔한 고부간의 갈등을 중심으로 풀어가는 연극

- 촬영·편집: 이성종

#서울연극제프린지 #서울창작공간연극축제
#원공 #살고지고",UCpDIYb1c0ayIbvwCKch-Eag,서울연극협회SEOUL THEATER ASSOCIATION,2020-05-25T06:55:09Z,947,15.78,False,565,17,2,https://www.youtube.com/watch?v=w1Lv27KOlOU,683,265,PF217261,이상한 엄마 [포항],뮤지컬,포항문화예술회관 대공연장,2023-05-26,2023-05-27,,,,none,none,0,False,False,0,no_strong_signal,신호 없음
NOulZkZqkVs,[17.07.19] 에이프릴 (April) 윤채경 생일 전광판,#에이프릴 #April #윤채경 #압구정역,UCbPHSpVs7KNZMn-nUGNgVqw,M I N,2017-07-19T05:54:59Z,24,0.4,True,323,7,0,https://www.youtube.com/watch?v=NOulZkZqkVs,9910,1087,PF217261,이상한 엄마 [포항],뮤지컬,포항문화예술회관 대공연장,2023-05-26,2023-05-27,,,,none,none,0,False,False,0,no_strong_signal,신호 없음
jDHLaC_26Xo,혼자 코인노래방 갔다가 현타 온 썰 ㅠㅠ #shorts,혼자 코인노래방 갔다가 현타 온 썰 ㅠㅠ,UCmjjgsm51PYMPf5REDylbSA,김켈리 Kellyfornia,2023-08-30T08:30:22Z,26,0.43,True,1654748,45486,265,https://www.youtube.com/watch?v=jDHLaC_26Xo,1290000,4853,PF217261,이상한 엄마 [포항],뮤지컬,포항문화예술회관 대공연장,2023-05-26,2023-05-27,,,,none,none,0,False,False,0,no_strong_signal,신호 없음
1EW1rS09Dpw,[그대에게 나의 이 마음 전하고파] 230114 박창근 포항앵콜CONCERT,,UCYOGycCTYacdqrX4sPpKewQ,노른자,2023-01-14T14:23:48Z,609,10.15,False,19546,1080,140,https://www.youtube.com/watch?v=1EW1rS09Dpw,13900,1072,PF217261,이상한 엄마 [포항],뮤지컬,포항문화예술회관 대공연장,2023-05-26,2023-05-27,,,,none,none,0,False,False,0,no_strong_signal,신호 없음
D7NEqSK6qUw,[엄마] 230114 박창근포항앵콜CONCERT,,UCYOGycCTYacdqrX4sPpKewQ,노른자,2023-01-15T20:56:35Z,224,3.73,False,3317,234,8,https://www.youtube.com/watch?v=D7NEqSK6qUw,13900,1072,PF217261,이상한 엄마 [포항],뮤지컬,포항문화예술회관 대공연장,2023-05-26,2023-05-27,,,,none,none,0,False,False,0,no_strong_signal,신호 없음
IbrkszZKjUQ,[어린아이] 230114 박창근 포항앵콜CONCERT,,UCYOGycCTYacdqrX4sPpKewQ,노른자,2023-01-14T13:51:42Z,236,3.93,False,5973,535,52,https://www.youtube.com/watch?v=IbrkszZKjUQ,13900,1072,PF217261,이상한 엄마 [포항],뮤지컬,포항문화예술회관 대공연장,2023-05-26,2023-05-27,,,,none,none,0,False,False,0,no_strong_signal,신호 없음
ZYYCTJmhkrc,[하하의 문화생활] 뮤지컬 장수탕선녀님,겨울방학 문화생활,UCKsHEA6OGfb_YPcqqvXiBdw,하하시스타즈,2022-01-28T03:59:05Z,192,3.2,False,3839,15,7,https://www.youtube.com/watch?v=ZYYCTJmhkrc,478,92,PF217261,이상한 엄마 [포항],뮤지컬,포항문화예술회관 대공연장,2023-05-26,2023-05-27,,,,none,none,0,False,False,0,no_strong_signal,신호 없음
ZLylS8UWs-U,"호기심딱지뮤지컬, 최고다호기심딱지 커튼콜","#호기심딱지뮤지컬 #호기심딱지 #최고다호기심딱지 #어린이뮤직컬 #가족뮤지컬 #호기심딱지뮤지컬커튼콜


땅콩이가 좋아하는 
EBS 장수프로그램, 최고다호기심딱지
어린이뮤지컬을 보고 왔어요!


––––––––––––––––––––––––––––––
라이프인플루언서 @미미땅콩 ''팬하기'' 부탁드려요
↓↓↓
https://in.naver.com/mimipn
––––––––––––––––––––––––––––––

호기심딱지뮤지컬,호기심딱지,최고다호기심딱지,어린이뮤직컬,가족뮤지컬,호기심딱지뮤지컬커튼콜",UCtZ-GYTof27RWQ-nHPuOW1Q,미미땅콩TV(mimipeanut tube),2023-02-07T08:44:05Z,286,4.77,False,495,,0,https://www.youtube.com/watch?v=ZLylS8UWs-U,1460,825,PF217261,이상한 엄마 [포항],뮤지컬,포항문화예술회관 대공연장,2023-05-26,2023-05-27,,,,none,none,0,False,False,0,no_strong_signal,신호 없음
Zx9yI7woV3M,호기심딱지 뮤지컬🩵 어린이들에게 인기 최고! #꾸미꾸미,#어린이뮤지컬 #공연 #행사,UC8u9ceR5Z259bfL6X0hdi8w,꾸미꾸미🍥,2023-10-30T09:00:25Z,55,0.92,True,276,10,0,https://www.youtube.com/watch?v=Zx9yI7woV3M,815,269,PF217261,이상한 엄마 [포항],뮤지컬,포항문화예술회관 대공연장,2023-05-26,2023-05-27,,,,none,none,1,False,False,1,no_strong_signal,신호 없음
NgCEkqYimD0,[예고] 보통 아닌 여자 김재화의 인생우기 탈출 프로젝트✨ 12월 17일 밤 11시 35분 방송 [보통의 재화] [KBS 드라마 스페셜 2021] | KBS 방송,"[예고] 보통 아닌 여자 김재화의 인생우기 탈출 프로젝트✨ 12월 17일 밤 11시 35분 방송 [보통의 재화] [드라마 스페셜 2021]

[보통의 재화] 곽선영X최대훈X김나연
----------------------------------------------
        ▶ Homepage : https://www.kbs.co.kr/
        ▶ Wavve : https://www.wavve.com/
        ▶ Youtube : https://www.youtube.com/KBSdrama
        ▶ Facebook : https://www.facebook.com/KBSdrama/",UC3m0s5XAQydCtbLHc8j1Uog,KBS 한국방송,2021-12-10T17:00:14Z,33,0.55,True,2990,51,2,https://www.youtube.com/watch?v=NgCEkqYimD0,2690000,47767,PF217261,이상한 엄마 [포항],뮤지컬,포항문화예술회관 대공연장,2023-05-26,2023-05-27,,,,none,none,0,False,False,0,no_strong_signal,신호 없음
vw2LV-Lo5Yk,[#뮤지컬태권날아올라]  공연 스팟 영상 공개!,"#뮤지컬태권날아올라 #스팟영상 공개!

세계를 사로잡은 태권도 뮤지컬 [태권, 날아올라]
더욱 화려해진 퍼포먼스와 견고해진 스토리로 다시 돌아온다! 

태권도 시범단 선수들과 뮤지컬 배우들의 완벽한 콜라보!

뮤지컬 [태권, 날아올라]
2023.07.14(금)~08.27(일)
우리금융아트홀

#뮤지컬 #태권날아올라 #가족뮤지컬 #태권도 #태권도퍼포먼스
#라이브 #컬쳐홀릭 #아메리카갓탤런트
#태권도뮤지컬 #태권도퍼포먼스 #인터파크 #티켓오픈 #5월16일
#Musical #FlyhighTaekwon #Taekwondo",UCQnMBdSbqtXAcaW0frD1rvg,콘텐츠제작사라이브,2023-05-09T23:00:17Z,30,0.5,True,13365,9,0,https://www.youtube.com/watch?v=vw2LV-Lo5Yk,13400,938,PF217261,이상한 엄마 [포항],뮤지컬,포항문화예술회관 대공연장,2023-05-26,2023-05-27,,,,match,none,2,False,False,4,verified_candidate,날짜 일치; 해시태그 2개 카테고리 일치
Jln36cfNT6A,양아치 수영 강사 특,,UCIyMDta1_15x7GH3S1xpHug,노브레싱,2022-09-24T08:57:42Z,47,0.78,True,10249354,53913,4878,https://www.youtube.com/watch?v=Jln36cfNT6A,58200,367,PF217261,이상한 엄마 [포항],뮤지컬,포항문화예술회관 대공연장,2023-05-26,2023-05-27,,,,none,none,0,False,False,0,no_strong_signal,신호 없음
JKGaUBTOtAw,포항효자교회,,UCRqBQqkLgIHto5WvUBcsQwg,합창조아,2023-07-26T05:30:25Z,578,9.63,False,425,5,0,https://www.youtube.com/watch?v=JKGaUBTOtAw,23,307,PF217261,이상한 엄마 [포항],뮤지컬,포항문화예술회관 대공연장,2023-05-26,2023-05-27,,,,none,none,0,False,False,0,no_strong_signal,신호 없음
PPlQQzQBPbs,🟥🟩🟨 최고의 극찬 쏟아졌습니다 [콩자반가요제 경연LIVE] | EP.51 6월 주장원전,"🟥🟩🟨 최고의 극찬 쏟아졌습니다 [콩자반가요제 경연LIVE] | EP.51 6월 주장원전

🎤오직 당신 만을 위한 단 하나의 무대 
[엘프 콩자반 가요제]가 시작되었습니다.
💛콩자반가요제 최종 우승 시💛
① 엘프 반주기 E-919 (360만 원 상당) +현금 200만 원
② 음반 제작 전액 지원 (국내 최고의 작곡가들 참여)
③ 가수 활동을 위한 적극 지원
- 월장원, 주장원 진출시 엘프가 마련한 소정의 기념품을 드립니다.  
----------------------------------------------------------------------------------
❤️ 🔥 출연자에 대한 근거없는 비방, 욕설, 
특정인의 도배글 등 상처가 되는 글은 삼가해 주시기 바랍니다👍🏻 
----------------------------------------------------------------------------------
엘프TV [콩자반쇼] 구독하기 ! 🔔 구독+알림설정+댓글 🔔 
: www.youtube.com/channel/UCleIClZIkMjXQZ7Px5bt49A
: 매주 목요일 저녁 8시 콩자반쇼는 LIVE로 진행됩니다.",UCleIClZIkMjXQZ7Px5bt49A,엘프TV,2022-06-03T11:30:12Z,222,3.7,False,615,23,22,https://www.youtube.com/watch?v=PPlQQzQBPbs,66300,3545,PF217261,이상한 엄마 [포항],뮤지컬,포항문화예술회관 대공연장,2023-05-26,2023-05-27,,,,none,none,0,False,False,0,no_strong_signal,신호 없음
cRcrUw7vdRc,KBS창작 수상곡 오늘은 내가 주인공---- 조재연 솔로,충주시 성악연구회와 루체레 중창단이 함께한 이상한 나라의 앨리스 공연 중에서.. 촬영자께  전환하시면서 화질이 떨어지지만 즐감하세요,UCH18VHGNtw1VqF6ky588Swg,장소희,2019-05-28T02:58:03Z,148,2.47,False,2347,22,2,https://www.youtube.com/watch?v=cRcrUw7vdRc,13,14,PF217261,이상한 엄마 [포항],뮤지컬,포항문화예술회관 대공연장,2023-05-26,2023-05-27,,,,none,none,0,False,False,0,no_strong_signal,신호 없음
BWEtRbNlH58,북한에서온 김여사 ~달아달아 둥근달아~북한의 정월대보름날 왜 명태를 먹지?,"북한에서온 김여사 
달아달아 둥근달아~
북한의 정월대보름날 왜 명태를 먹지?


탈북미녀가수 노수현과 함께 하는 음악과 솔직한 이야기가 있는 행복한 방송
채널A에 ""이만갑""이 있다면 유트브엔 노수현의 ""북한에서온 김여사 
대한민국과 북한의  이것의 차이점..이만오""가 있다~~~
구독자 분들의 많은 사랑과 응원 부탁 드립니다

'가수노수현~이제만나러오세요(이만오)' 밴드로 초대합니다.
https://band.us/n/afa6566dM9w4I

♥️노수현TV후원계좌♥️
수협 0️⃣0️⃣1️⃣ 0️⃣9️⃣7️⃣ 1️⃣5️⃣5️⃣ 5️⃣8️⃣5️⃣ 김☆연   
여러분들의 후원은 방송에 큰  도움이됩니다

🔵방송출연🔵
채널A   이제 만나러 갑니다 (김현정)
              잘살아 보세
TV조선   모란봉 클럽
mbc        통일전망대
KBS1    아침마당~도전꿈의 무대

#이제만나러갑니다 #김현정 #잘살아보세 #모란봉클럽 
#통일전망대  #도전꿈의무대  #장윤정도장깨기 #함흥미녀가수노수현TV
#가수노수현   #맛 #얼굴좀봅시다   #니꺼야 #고와고와
#북한유트버 #함흥냉면  #함경남도 #함흥  #북한가수
#여수mbc오마이싱어
#울산TBN교통방송
#인천경인TBN교통방송
#목포MBC
#광주MBC
#부산KNN
#부산KBS즐거운저녁길
#부산TBN교통방송
#부산MBC
#경남MBC
#경남TBN교통방송",UC3LBkA8awgnciuWTiD3Rpcg,함흥미녀가수노수현TV,2022-02-27T02:00:05Z,655,10.92,False,1756,239,29,https://www.youtube.com/watch?v=BWEtRbNlH58,39800,1280,PF217261,이상한 엄마 [포항],뮤지컬,포항문화예술회관 대공연장,2023-05-26,2023-05-27,,,,none,none,0,False,False,0,no_strong_signal,신호 없음
4DwPPBq4bq4,"""와! 어린이날이다""…아이와 함께할 공연은?","""와! 어린이날이다""…아이와 함께할 공연은?

[앵커] 

어린이날을 앞두고 동심을 자극하는 공연이 풍성하게 마련됐습니다. 

뮤지컬과 오페라 등 평소에는 체험하지 못했던 공연은 아이들에게 특별한 선물이 될 것 같은데요. 

신새롬 기자가 소개합니다.

[기자]

잃어버린 아기 고양이를 찾기 위해 엄마 고양이가 수학 천재 명탐정을 찾아갑니다.

무대 위 수학 퍼즐을 풀며 어린이들을 창의와 상상의 세계로 안내하고, 웅장한 음악과 배우들의 신나는 댄스는 뮤지컬의 흥을 고스란히 담아냈습니다.

우리 고유의 국악기 대금의 탄생설화를 다룬 삼국유사의 만파식적 이야기를 소재로 한 국악극도 있습니다.

신라의 악사와 백제의 소리꾼이 절대피리를 찾아 떠나는 여정을 통해 평화로운 음악도 함께 흐르고, 공연 전부터 시작되는 체험 행사는 어린이들에게 인기만점입니다. 

동화 '백설공주'를 재구성한 뮤지컬의 주인공은 다름아닌 일곱난쟁이들.

난쟁이들이 서로를 배려하고 소통하며 책임있고 예의바른 백설공주의 모습 등을 통해 아이들에게 8가지 인성 덕목을 전합니다.

도니체티의 오페라 '사랑의 묘약'은 시골마을에 사는 젊은 남녀의 알콩달콩한 사랑 이야기입니다.

가정의 달을 맞아 온 가족이 즐길 수 있는 동화적인 느낌으로 제작된 오페라. 

아시아인 최초로 퀸 엘리자베스 콩쿠르 성악 부문의 우승을 거머쥔 소프라노 홍혜란이 국내 오페라 무대에 처음으로 올라 더욱 기대를 모읍니다.

세종문화회관에서는 온 가족이 즐길 수 있는 61개팀의 공연이 마련됐습니다.

불을 활용한 무용 '플레이밍'과 건물 벽면을 타는 버티컬 퍼포먼스 '단디' 등 다양한 프로그램이 한자리에서 펼쳐집니다.

연합뉴스TV 신새롬입니다.
    
연합뉴스TV : 02-398-4409(제보) 4441(기사문의), 카톡/라인 jebo23

(끝)",UCTHCOPwqNfZ0uiKOvFyhGwg,연합뉴스TV,2016-05-04T03:51:38Z,122,2.03,False,243,1,0,https://www.youtube.com/watch?v=4DwPPBq4bq4,2270000,707445,PF217261,이상한 엄마 [포항],뮤지컬,포항문화예술회관 대공연장,2023-05-26,2023-05-27,,,,none,none,0,False,False,0,no_strong_signal,신호 없음
ZzF_NgTCbkA,"로또 번호 뽑은 정해인, 동공지진 온 이유","잊을만하면 나오는 로또조작설..
#로또 #복권 #동행복권 #1등 #정해인 #로또조작설 #쇼츠더머니 #머니투데이 #머투

*제보 및 비즈니스 문의 : mttv@mt.co.kr",UCoiydSu2BG9axZmoY8zpQrg,채널M,2025-01-06T06:00:28Z,39,0.65,True,419128,3214,395,https://www.youtube.com/watch?v=ZzF_NgTCbkA,44200,1773,PF217261,이상한 엄마 [포항],뮤지컬,포항문화예술회관 대공연장,2023-05-26,2023-05-27,,,,none,none,0,False,False,0,no_strong_signal,신호 없음
_4m76krIKeI,하루 주문이 100건 넘는 김치찌개 포항 청년 김치찌개 맛집 대신 가드림 가보고 싶은 맛집 대신 가드립니다 #shorts,"청년찌개 포항 상도점
https://naver.me/xDMgFS9n



영상촬영 문의 pohangfood@naver.com

#포항 #포항맛집 #포항여행 
포항에 궁금했던 식당이나 장소가 있나요?
저희가 대신 가서 리뷰 올려드릴게요!!

맛없는 집은 안올립니당~ Kevin MacLeod의 Merry Go - Silent Film Light에는 크리에이티브 커먼즈 저작자 표시 4.0 라이선스가 적용됩니다. https://creativecommons.org/licenses/by/4.0/

출처: http://incompetech.com/music/royalty-free/index.html?isrc=USUAN1100731

아티스트: http://incompetech.com/",UCWfYLx-fMXI2J63sPb3b5ZQ,주관식당[식자로드],2022-11-23T12:30:26Z,56,0.93,True,9255,95,20,https://www.youtube.com/watch?v=_4m76krIKeI,31900,798,PF217261,이상한 엄마 [포항],뮤지컬,포항문화예술회관 대공연장,2023-05-26,2023-05-27,,,,none,none,0,False,False,0,no_strong_signal,신호 없음
jL7KMUzlN74,와이즈발레단이 국립장기조직혈액관리원과 함께합니다.,"와이즈발레단과 국립장기조직혈액관리원
새로운 생명을 나누는 기작의 큰 행복을 함께하면 어떨까요?",UCx3DrDBIA3FpN7T4mZYu4hw,와이즈발레단WISE BALLET THEATER,2021-07-02T03:45:56Z,60,1.0,True,323,11,0,https://www.youtube.com/watch?v=jL7KMUzlN74,896,46,PF262007,"제15회 대한민국발레축제, 코펠리아",무용(서양/한국무용),예술의전당 [서울] CJ 토월극장,2025-05-31,2025-05-31,,,,none,none,0,False,False,0,no_strong_signal,신호 없음
shuFfl6JJis,제30회 정기미술전시회 무용부 축하공연,"본교 개교 30주년을 기념하여 제30회 정기미술전시회 오프닝 전에 음악부와 무용부의 축하공연이 있었습니다. 

#덕원예술고등학교 #덕원예고 #제30회정기미술전시회 #정기미술전시회 #덕원예고무용부 #제30회정기미술전시회축하공연

* 덕원예술고등학교 채널에 업로드되는 모든 동영상의 저작권 및 소유권은 덕원예고(학교법인 우정학원)에 있으며, 교내 영상 촬영 및 업로드 동의서를 받아 게시되었습니다. 본교 행사 및 학생 활동에 대한 편집 및 수정, 재배포, 상업적인 용도의 사용을 금합니다.",UCXVPyw0lRZDtRHD0oxbEbYg,덕원예술고등학교,2022-07-04T23:38:36Z,171,2.85,False,1297,28,0,https://www.youtube.com/watch?v=shuFfl6JJis,880,70,PF262007,"제15회 대한민국발레축제, 코펠리아",무용(서양/한국무용),예술의전당 [서울] CJ 토월극장,2025-05-31,2025-05-31,,,,none,none,0,False,False,0,no_strong_signal,신호 없음
XGWJbUrckJM,제13회 대한민국 청소년축제 영페스타,@대백제전@대한민국 청소년축제@영페스타@중고생 그룹싸운드 페스트발 @전국 청소년축제,UCs5bhPxHCIMPIayDRGt7d4w,삐돌이,2023-10-04T13:36:21Z,1468,24.47,False,533,7,3,https://www.youtube.com/watch?v=XGWJbUrckJM,5830,505,PF262007,"제15회 대한민국발레축제, 코펠리아",무용(서양/한국무용),예술의전당 [서울] CJ 토월극장,2025-05-31,2025-05-31,,,,none,none,0,False,False,0,no_strong_signal,신호 없음
u5jGyLeVoHE,"Ballet- “호두까기인형”(Nutcracker)” 2/2 by 박정호, 이지연","■ 친구인 김규헌 변호사가 개최한 “Hunk Party“ 가 60여명의 예술가, 각계 인사가 모인 가운데 강남  “Mechowlah Art Center” 에서열렸습니다. Hunk Party by Attorney K.H Kim  @ Mechowlah Art Center, Gangnam, Seoul

■ 즐겁게 감상한 공연 작품들은 다음과 같습니다. (저는 사진촬영하느라 정신이 없었습니다~~)

■ Ballet
  • 박정호, 이지연
   - “호두까기인형”(Nutcracker) 중 “Pas-de-deux”",UC38HG8Vg4zMqeMz5GOVmVMA,윤강훈 TV,2016-12-05T06:10:42Z,237,3.95,False,449,2,,https://www.youtube.com/watch?v=u5jGyLeVoHE,24,27,PF262007,"제15회 대한민국발레축제, 코펠리아",무용(서양/한국무용),예술의전당 [서울] CJ 토월극장,2025-05-31,2025-05-31,,,,none,none,0,False,False,0,no_strong_signal,신호 없음
dG7pPlr6XDE,커튼콜 80 : 백업댄서에서 국립발레단 마스터까지ㅣ발레리노 이영철의 영화 같은 발레 인생 / SBS / 골라듣는 뉴스룸,"[골룸] 커튼콜 80 : 백업댄서에서 국립발레단 마스터까지 ㅣ발레리노 이영철의 영화 같은 발레 인생  

이번 주 커튼콜은 국립발레단의 발레마스터 이영철씨를 만납니다. 

이영철씨는 고교 시절 백댄서로 당대의 인기가수였던 '육각수'와 '비비'의 무대에 섰던 독특한 이력이 있습니다. 

그러다 비교적 늦은 나이인 20세에 발레를 시작하게 되었는데요, 

고민과 방황을 겪었던 학창시절 이야기와, 백댄서를 그만두고 발레 타이즈를 신게 된 계기에 대해 이야기 나눴습니다. 

""발레가 제 인생을 만들어준 것 같아요""

10여 년간 국립발레단의 수석 무용수로 무대에 섰던 그가 은퇴 뒤 '발레 마스터'라는 지도자의 길에 발을 내디뎠는데요,

그의 영화 같은 발레 인생 뒤에 숨겨진 다양한 이야기와 은퇴에 대한 허심탄회한 소회, 그리고 최근 집필한 책 '발레리노 이야기'에 대한 소개를 지금 커튼콜에서 만나보세요. 

이영철 발레마스터가 직접 출연했던 'Life of Ballerino'와 안무가로 참여한 작품 '사이'의 음원도 함께 들어봅니다. 

♬ Life of Ballerino
♬ 사이

진행: SBS 이병희 아나운서, 김수현 기자 | 출연: 이영철 발레리노

▶SBS 뉴스 제보하기
카카오톡: 'sbs 뉴스'와 친구 맺고 채팅
페이스북: 'sbs 뉴스' 검색해 메시지 전송

이메일: sbs8news@sbs.co.kr 
전화: 02-2113-6000

[SBS 뉴스 채널 편성]

평일 
06시 00분 SBS 모닝와이드 1부
06시 25분 SBS 모닝와이드 2부
10시 10분 SBS 1010뉴스
11시 00분 SBS 모닝와이드 2부 (재)
12시 00분 SBS 12뉴스
14시 00분 SBS 뉴스브리핑
16시 00분 SBS 12뉴스 (재)
17시 00분 SBS 오뉴스
18시 00분 SBS 뉴스브리핑 (재)
19시 50분 SBS 8뉴스

토요일
06시 00분 SBS 모닝와이드 1부
06시 30분 SBS 모닝와이드 2부
08시 00분 SBS 뉴스토리
12시 00분 SBS 뉴스
15시 00분 SBS 뉴스
20시 00분 SBS 8뉴스

일요일
06시 00분 SBS 뉴스
12시 00분 SBS 뉴스
15시 40분 SBS 뉴스
20시 00분 SBS 8뉴스

※ 일정은 TV편성에 따라 변경 가능합니다. 

▶SBS 뉴스 채널 구독하기 : https://n.sbs.co.kr/youtube 
▶SBS 뉴스 라이브 : https://n.sbs.co.kr/live",UCkinYTS9IHqOEwR1Sze2JTw,SBS 뉴스,2021-02-10T08:00:29Z,5161,86.02,False,1928,52,2,https://www.youtube.com/watch?v=dG7pPlr6XDE,5250000,346902,PF262007,"제15회 대한민국발레축제, 코펠리아",무용(서양/한국무용),예술의전당 [서울] CJ 토월극장,2025-05-31,2025-05-31,,,,none,none,0,False,False,0,no_strong_signal,신호 없음
gXD8VsIuW3w,와이즈 발레단 150920,,UCIwIgxcZwfYECKkdTH3Nd9Q,Model News,2015-11-14T11:38:32Z,943,15.72,False,129,1,0,https://www.youtube.com/watch?v=gXD8VsIuW3w,1940,1721,PF262007,"제15회 대한민국발레축제, 코펠리아",무용(서양/한국무용),예술의전당 [서울] CJ 토월극장,2025-05-31,2025-05-31,,,,none,none,0,False,False,0,no_strong_signal,신호 없음
ZAj2Sh7lzI0,[발레] 와이즈발레단 - VITA,"💠20220618
💠대한민국발레축제
💠와이즈발레단
💠VITA
💠안무 : 주재만
💠출연
윤해지
조지령
김한슬
김민영
김예슬
안민영
김도연
이경주
김유리
이지연
신정윤
차지현
최유리
신상은
강정윤
김도윤
임지아
전지윤
변은지
이윤의
김성은
배수정
이진화
Bekmuratov Salamat
Mendbayar Namsrai
우만제
강재신
양승주
임진환
김동근
박종희
객원 - 원진호, 백인규, 류성우",UCrAZ7tmtOyJwu7O__KPMUKg,발레전도사 • young deok,2022-07-21T04:18:19Z,223,3.72,False,653,4,1,https://www.youtube.com/watch?v=ZAj2Sh7lzI0,1030,244,PF262007,"제15회 대한민국발레축제, 코펠리아",무용(서양/한국무용),예술의전당 [서울] CJ 토월극장,2025-05-31,2025-05-31,,,,none,none,0,False,False,0,no_strong_signal,신호 없음
Z3T3FF0FYjM,𝐒𝐄𝐎𝐔𝐋𝐒𝐓𝐀𝐆𝐄𝟏𝟏 서울스테이지11 7월공연 : 서울발레시어터,"𝐒𝐄𝐎𝐔𝐋𝐒𝐓𝐀𝐆𝐄𝟏𝟏 서울스테이지11 7월공연 : 서울발레시어터

🎵 Pas de Quatre

🔵서울발레시어터와 함께하는 발레 Talk Talk
🔵서울무용센터
⌁ 한국발레의 창작과 대중화를 모토로 독창적인 예술작품을 선보이는 서울 발레씨어터의 발레에 대한 다양한 이야기와 시연, 체험이 있는 시간
—일시 : 2023. 7. 6.(목) 14:00
—장소 : 서울무용센터 1F 스튜디오 화이트
—출연 : 서울발레시어터 

𝐒𝐄𝐎𝐔𝐋𝐒𝐓𝐀𝐆𝐄𝟏𝟏이 궁금하시다면🔻
linktr.ee/seoulstage11",UCtDRwbFw-3ZHhFfln638oXg,서울스테이지,2023-08-25T07:03:24Z,59,0.98,True,149,3,1,https://www.youtube.com/watch?v=Z3T3FF0FYjM,72,92,PF262007,"제15회 대한민국발레축제, 코펠리아",무용(서양/한국무용),예술의전당 [서울] CJ 토월극장,2025-05-31,2025-05-31,,,,none,none,0,False,False,0,no_strong_signal,신호 없음
XpvEemw12Cw,광주시립발레단 제129회 정기공연 〈호두까기 인형〉,"광주시립발레단 제129회 정기공연 〈호두까기 인형〉

장르 : 국악·무용
장소 : 국립아시아문화전당 극장2
기간 : 2021-12-23 (목) ~ 2021-12-26 (일)
시간 : 2021-12-23 (목) 19:30 / 2021-12-24 (금) 15:00 / 2021-12-25 (토) 15:00, 19:30 / 2021-12-26 (일) 14:00
가격 : R석 30,000원 / S석 20,000원 / A석 10,000원
출연 : 광주시립발레단
관람등급 : 8세이상 관람가
관람시간 : 120분(인터미션 15분)
주최 : 광주문화예술회관, 국립아시아문화전당
주관 : 광주시립발레단, 아시아문화원
문의 : 062-522-8716
상세안내 : https://playgwangju.co.kr/bbs/board.php?bo_table=korean&wr_id=49",UChNdnxatfx8gTjBHwRP0LQw,플레이광주,2021-11-19T02:46:40Z,29,0.48,True,77,0,0,https://www.youtube.com/watch?v=XpvEemw12Cw,25,62,PF262007,"제15회 대한민국발레축제, 코펠리아",무용(서양/한국무용),예술의전당 [서울] CJ 토월극장,2025-05-31,2025-05-31,,,,mismatch,none,0,False,False,-2,delete_candidate,날짜 불일치(다른 회차 가능성)
I6tplFItsi4,20220910 신현지의 발레콘서트 ‘클래식과 모던의 만남’ 커튼콜(김현준 FOCUS),"2022. 9. 10. SAT. PM 5:00


전통과 창작의 만남Ⅱ
_ 

신현지의 발레콘서트 ‘클래식과 모던의 만남’ 커튼콜
(김현준 FOCUS)",UCHK_7zu_Ramv3uhA2QfVKpg,_안녕,2022-09-10T11:52:27Z,55,0.92,True,224,0,0,https://www.youtube.com/watch?v=I6tplFItsi4,25,21,PF262007,"제15회 대한민국발레축제, 코펠리아",무용(서양/한국무용),예술의전당 [서울] CJ 토월극장,2025-05-31,2025-05-31,,,,none,none,0,False,False,0,no_strong_signal,신호 없음
o-CF9fHiDM0,[발레]대한민국발레축제-김용걸댄스씨어터,"💠20220617
💠대한민국발레축제
💠김용걸댄스씨어터
💠로렌스 (Lawrence)
💠안무 #김용걸
💠출연
파리스 #강경호
줄리엣 모 #김민정
줄리엣 부 #이승현
유모 #안세원
로미오 #이준수
줄리엣 #장윤서
로렌스 #김다운",UCrAZ7tmtOyJwu7O__KPMUKg,발레전도사 • young deok,2022-06-18T06:25:52Z,152,2.53,False,326,6,0,https://www.youtube.com/watch?v=o-CF9fHiDM0,1030,244,PF262007,"제15회 대한민국발레축제, 코펠리아",무용(서양/한국무용),예술의전당 [서울] CJ 토월극장,2025-05-31,2025-05-31,,,,none,none,0,False,False,0,no_strong_signal,신호 없음
cXKtBYFwWeM,[취미발레 작품:솔로를 군무처럼1] #지젤 #Giselle  몸이 기억하는 발레.,"오로라 작품을 연습하면서 동시에 이미 했던 작품들을 다시 연습해 봅니다. 순서를 잊지 않기 위해서. 오랜만에 지젤을 다 함께 튜튜를 입고 해 보았어요. 느낌 좋은 군무가 된 지젤.

#비전공발레 #취미발레 #취미발레작품 #쁘띠예종 (용인 소재.코스트코 앞)
#성인취미발레",UC3OjEAPeWszqAVl2ZKAag6A,Vina비나,2021-07-01T06:22:22Z,129,2.15,False,718,7,0,https://www.youtube.com/watch?v=cXKtBYFwWeM,335,219,PF262007,"제15회 대한민국발레축제, 코펠리아",무용(서양/한국무용),예술의전당 [서울] CJ 토월극장,2025-05-31,2025-05-31,,,,none,none,0,False,False,0,no_strong_signal,신호 없음
seRbQG9NiDQ,"국립발레단 ""왕자호동"" Korea National Ballet ""Prince Hodong""","국립발레단 ""왕자호동""
2010년10월29일(금) 20:00 / 2010년10월30일(토) 15:00
국립극장 해오름극장

Korea National Ballet ""Prince Hodong""
Fri, 29 Oct 2010, 8:00PM / Sat, 30 Oct 2010, 3:00PM
Main Hall 'Hae', National Theater of Korea",UCUaja3YSM7jrOuWf8bnkZww,KoreaNationalBallet,2010-10-26T10:27:46Z,31,0.52,True,2696,13,0,https://www.youtube.com/watch?v=seRbQG9NiDQ,74,10,PF262007,"제15회 대한민국발레축제, 코펠리아",무용(서양/한국무용),예술의전당 [서울] CJ 토월극장,2025-05-31,2025-05-31,,,,none,none,0,False,False,0,no_strong_signal,신호 없음
-psomsryqOI,"발레 지젤 커튼콜 2  - 박슬기, 허서명 (Giselle, Seulki Park, Seomyeong Heo), 22.06.19","국립발레단, 지젤 (Korean National Ballet. Giselle)
22.06.19

지젤 / 알브레히트 : 박슬기 / 허서명
힐라리온 : 정영재
미르타 : 정은영
패전트 파드되 : 신승원 / 하지석
두 윌리 : 신승원 / 박예은",UCyxHFuLDszEV2j7Uy3FuVjQ,Ballet Log,2021-09-22T13:14:30Z,55,0.92,True,122,1,0,https://www.youtube.com/watch?v=-psomsryqOI,2300,97,PF262007,"제15회 대한민국발레축제, 코펠리아",무용(서양/한국무용),예술의전당 [서울] CJ 토월극장,2025-05-31,2025-05-31,,,,none,none,0,False,False,0,no_strong_signal,신호 없음
Ch--Dvjggx0,2021 SGP 서울그랑프리 / UNIVERSAL ART CENTER,,UCeqH7VYkTPY7BcCphwcBJ4g,KDOWDF,2021-06-04T23:39:01Z,2129,35.48,False,3796,2,0,https://www.youtube.com/watch?v=Ch--Dvjggx0,983,1439,PF262007,"제15회 대한민국발레축제, 코펠리아",무용(서양/한국무용),예술의전당 [서울] CJ 토월극장,2025-05-31,2025-05-31,,,,none,none,0,False,False,0,no_strong_signal,신호 없음
C3og209yXNA,발푸르기스의밤,#발레#파우스트#광주시립발레단#gwangjucityballet#faust#warpurgisnight,UCWG84stho3U_lSqFAu1Kpqw,발레리나 공유민,2022-07-03T13:22:29Z,247,4.12,False,504,6,0,https://www.youtube.com/watch?v=C3og209yXNA,3000,132,PF262007,"제15회 대한민국발레축제, 코펠리아",무용(서양/한국무용),예술의전당 [서울] CJ 토월극장,2025-05-31,2025-05-31,,,,none,none,1,False,False,1,no_strong_signal,신호 없음
pHmPZIeyTZY,2021년 문화예술교육지원사업 '청춘발레' 결과발표,"2021년 진행된 문화예술교육지원사업 
'청춘발레' 반 결과발표회 영상입니다.

한해 동안 열정적으로 참여해주신 어르신들 강사님 감사드립니다:-)
건강한모습으로 또 만나요^^",UC8Y0063keunp5ngDVQV_Y5A,안골노인복지관,2022-01-10T05:47:23Z,641,10.68,False,203,4,0,https://www.youtube.com/watch?v=pHmPZIeyTZY,116,25,PF262007,"제15회 대한민국발레축제, 코펠리아",무용(서양/한국무용),예술의전당 [서울] CJ 토월극장,2025-05-31,2025-05-31,,,,none,none,0,False,False,0,no_strong_signal,신호 없음
fcYGyvLthIg,"Prize Winner – Ara SHIN, 309 – Prix de Lausanne 2026 – Classical","7 February 2026 
Finals - Classical variation: Coppelia, girl variation, Act III – Arthur Saint-Léon – Léo Delibes

🏆 7th Scholarship – Fondation Anita et Werner Damm-Etienne

© Prix de Lausanne - ARTE Concert - Mediaprofil 2026 
Produced by: Prix de Lausanne",UCL8OsQseIGMMwrbqpkQq8zw,Prix de Lausanne,2026-02-08T11:00:26Z,136,2.27,False,220323,4343,24,https://www.youtube.com/watch?v=fcYGyvLthIg,215000,4508,PF262007,"제15회 대한민국발레축제, 코펠리아",무용(서양/한국무용),예술의전당 [서울] CJ 토월극장,2025-05-31,2025-05-31,,,,none,none,0,False,False,0,no_strong_signal,신호 없음
AS8R9QOvpLQ,[발레]대한민국발레축제-한국을빛내는해외무용스타초청공연 커튼콜,"💠20220614
💠대한민국발레축제
💠한국을빛내는해외무용스타초청공연 커튼콜
​💠출연
#진세현 (뉴저지발레단) Booklynmack (워싱턴발레단)
#정혜민 (Sine Qua Non Art Company)
#위보라 (Compagine Derniere Minute)
#윤별 #박정은
#권세현 #이동탁 (유니버설발레단)
#이윤경 Andreacarino Misericordia  (Leipzig Ballet)
#김나이무브먼트컬렉티브
#김지영 #이승현
#조주현댄스컴퍼니",UCrAZ7tmtOyJwu7O__KPMUKg,발레전도사 • young deok,2022-06-18T06:35:18Z,173,2.88,False,171,2,0,https://www.youtube.com/watch?v=AS8R9QOvpLQ,1030,244,PF262007,"제15회 대한민국발레축제, 코펠리아",무용(서양/한국무용),예술의전당 [서울] CJ 토월극장,2025-05-31,2025-05-31,,,,none,none,0,False,False,0,no_strong_signal,신호 없음
ksWXadSCnLo,제10회 대한민국 발레축제 개막공연,"2020대한민국발레축제
20200618

유니버설발레단 발레갈라
예술의전당토월극장

1막
백조의호수 백조파드되
마라바로스 이현준

해적 파드트루아
서혜원 이동탁 강민우

루쓰리코디퍼두에
최지원 알렉산드르세이트칼리예프
 
고팍
리앙시후아이 

심청/문라이트파드되
강미선 이현준발레리노

 돈키호테/ 3막그랑파드되
손유희 간토지오콤비얀바

2막
잠자는숲속의미녀/3막
홍향기 콘스탄틴노보셀로프 
외 유니버설발레단 단원",UC54AlWA3fQUqUnxJyO5AKCA,sj-bravo_life,2020-06-19T00:09:51Z,194,3.23,False,112,2,0,https://www.youtube.com/watch?v=ksWXadSCnLo,1190,486,PF262007,"제15회 대한민국발레축제, 코펠리아",무용(서양/한국무용),예술의전당 [서울] CJ 토월극장,2025-05-31,2025-05-31,,,,none,match,0,False,False,2,no_strong_signal,장소 일치
4bMnDURbgOo,We Are One - World Dance Expo Seoul 2022 'Young Dance Festival’ (덕원예술고등학교/발레),"★Young Dance Festival★

✔ 취지: Would dance Expo Seoul 2022 Young Dance Festival !
차세대 유망 신예들에게 양질의 무대경험의 기회를 제공함으로써 우수한 무용인재들의 발굴 및 성장을 도모하고 세계적인 문화교류의 장을 만들어 향후 국내를 넘어 국제적인 무용계 발전에 기여하고자 합니다.
많은 관심과 성원 부탁드립니다.

✔일시: 2022.08.30.(화) ~2022.08.31.(수)
✔장소: 세종문화회관 대극장
✔주최/주관: 세계무용연맹 한국본부 조직위원회

※티켓 문의: 010-5656-2935 (단체 좌석 문의)

👉티켓 구매방법
-세종문화회관 사이트 접속→ 상단 메뉴 중 오른쪽에 Ticket 눌러 로그인 후 티켓 예매

또는→ 상단 메뉴 중 공연,전시,강좌 클릭 후 young dance festival 공연 클릭 후 예매하기 버튼 클릭!



📍We Are One- World Dance Expo Seoul 2022 Pre - Festival 'Young Dance Festival' Participation guide.

✔Intent: Would dance Expo Seoul 2022 Young Dance Festival !
By providing the next generation of promising newcomers with high-quality stage experiences, we aim to discover and grow excellent dance talents, create a world-class cultural exchange venue, and contribute to the development of the international dance industry beyond Korea.

Please show a lot of interest and support.

✔Date: 2022.08.30.(Tue) ~2022.08.31.(Wed)
✔Place: Sejong Center for the Performing Arts Grand Theater
✔Hosted / Supervision:World Dance Alliance Korea Headquarters Organizing Committee

※TICKEThttps://www.sejongpac.or.kr/portal/main/main.do",UCvT7hUj7Bbg5hddI6RNToSQ,WDAK 세계무용연맹,2022-08-05T09:44:09Z,64,1.07,False,2280,84,0,https://www.youtube.com/watch?v=4bMnDURbgOo,1670,44,PF262007,"제15회 대한민국발레축제, 코펠리아",무용(서양/한국무용),예술의전당 [서울] CJ 토월극장,2025-05-31,2025-05-31,,,,mismatch,none,0,False,False,-2,delete_candidate,날짜 불일치(다른 회차 가능성)
jdDJHKk-RlY,20220909 신현지의 발레콘서트 ‘클래식과 모던의 만남’ 커튼콜_김현준 FOCUS,"2022. 9. 9. FRI. PM7:30 


전통과 창작의 만남Ⅱ
_ 

신현지의 발레콘서트 ‘클래식과 모던의 만남’ 커튼콜
(김현준 FOCUS)",UCHK_7zu_Ramv3uhA2QfVKpg,_안녕,2022-09-09T15:49:36Z,54,0.9,True,147,0,0,https://www.youtube.com/watch?v=jdDJHKk-RlY,25,21,PF262007,"제15회 대한민국발레축제, 코펠리아",무용(서양/한국무용),예술의전당 [서울] CJ 토월극장,2025-05-31,2025-05-31,,,,none,none,0,False,False,0,no_strong_signal,신호 없음
4bSI5kc58OA,축하해주세요🥳런던무용학원성인발레회원님들2022년6월로잔발레단단원분들공연💖💖너무 깜찍하죠🎶🎶🎶,축하해주세요🥳런던무용학원성인발레회원님들2022년6월로잔발레단단원분들공연💖💖너무 깜찍하죠🎶🎶🎶,UC-CjKLJkbzGtAUp0zp5CIYA,런던무용학원,2022-06-25T15:27:48Z,23,0.38,True,697,5,0,https://www.youtube.com/watch?v=4bSI5kc58OA,300,260,PF262007,"제15회 대한민국발레축제, 코펠리아",무용(서양/한국무용),예술의전당 [서울] CJ 토월극장,2025-05-31,2025-05-31,,,,none,none,0,False,False,0,no_strong_signal,신호 없음
U1mZjwMG30o,2022년도 청소년 발레축제 Vlog | 발레단 | 발레공연 브이로그 💕~~ | 처음이자 마지막으로 엄청 긴 영상 ㅎㅎ,편집 : 블로,UCrTi_E-7wvIYzADYEf7_yyw,With Jueun 주은이랑,2022-09-10T03:16:40Z,1561,26.02,False,487,7,0,https://www.youtube.com/watch?v=U1mZjwMG30o,47,12,PF262007,"제15회 대한민국발레축제, 코펠리아",무용(서양/한국무용),예술의전당 [서울] CJ 토월극장,2025-05-31,2025-05-31,,,,none,none,0,False,False,0,no_strong_signal,신호 없음
0q46RB2QX1c,[제5회 발레리나아카데미 정기발표회] 코펠리아 시간의 왈츠,"안무 : 지경서
출연 : 김세희 서유빈 위연우 장리나 주효인 이주하 구나연 심리안

2023년 2월 16일 목요일 7시 성수아트홀에서 진행된 제5회 발레리나아카데미 정기발표회 [Ballerina on Stage]의 공연영상입니다.

#발레 #발레리나아카데미 #발레공연",UCj0cSWZAfru5ZWwWTK6kRkQ,발레리나아카데미,2023-09-13T13:05:04Z,195,3.25,False,11675,101,1,https://www.youtube.com/watch?v=0q46RB2QX1c,1350,133,PF262007,"제15회 대한민국발레축제, 코펠리아",무용(서양/한국무용),예술의전당 [서울] CJ 토월극장,2025-05-31,2025-05-31,,,,none,none,1,False,False,1,no_strong_signal,신호 없음
aiT2ajM0nfo,예술의 전당 발레 축제,,UCLnLVyi7Cvy9b-NNfSBjClA,수냥,2021-06-21T09:04:18Z,194,3.23,False,99,1,0,https://www.youtube.com/watch?v=aiT2ajM0nfo,29,19,PF262007,"제15회 대한민국발레축제, 코펠리아",무용(서양/한국무용),예술의전당 [서울] CJ 토월극장,2025-05-31,2025-05-31,,,,none,none,0,False,False,0,no_strong_signal,신호 없음
-cFe5njdgpg,시립발레단 '명작 발레' 15,광주북구문화센터,UCnb1hspgY_g90R3QwkpMHzw,광주북구문화아트인홈,2021-12-30T01:44:49Z,125,2.08,False,250,4,0,https://www.youtube.com/watch?v=-cFe5njdgpg,394,308,PF262007,"제15회 대한민국발레축제, 코펠리아",무용(서양/한국무용),예술의전당 [서울] CJ 토월극장,2025-05-31,2025-05-31,,,,none,none,0,False,False,0,no_strong_signal,신호 없음
LMJ_prmzXpw,[부산시민회관/부산시립예술단] 토크 오페라 '세비야의 이발사' 연습실 스케치!,"토크 오페라 '세비야의 이발사' 연습실 스케치!


오페라를 쉽고 재미있게 즐기는 특별한 시간!
토크 오페라 '세비야의 이발사' 공연이 7월 7일부터 9일까지 부산시민회관 대극장에서 펼쳐집니다 ✨

부산 출신 청년성악가 주역들과 부산시립청소년교향악단 연주를 감상하며 오페라의 매력에 빠져보세요~💚🧡
⠀
▪ 온라인 예매 : https://bit.ly/3HS2N9e
▪ 전화 예매 : 051) 607-6000(ARS 1번), 607-3110, 3113

#부산문화회관 #부산시민회관 #세비야의이발사 #토크오페라 #오페라 #부산오페라 #부산시립청소년교향악단 #볼만한공연 #교육공연 #청소년공연 #오페라입문",UCjI-1suSmm546J3PPRJ9B2w,배시시TV,2022-07-05T01:57:20Z,144,2.4,False,212,5,0,https://www.youtube.com/watch?v=LMJ_prmzXpw,2410,343,PF232766,제607회 부산시립교향악단 정기연주회,서양음악(클래식),부산문화회관 대극장,2024-01-19,2024-01-19,,,,none,match,1,False,False,3,verified_candidate,장소 일치
1LKp9mkSql8,김예나 졸업연주회 리허설.클라리넷 연주.clarinet.김예나크리스티나.경기예고,,UCjthO1t71K2OtwZpteM_dkg,들꽃수산나(들꽃수산나),2023-11-01T14:14:43Z,444,7.4,False,163,6,0,https://www.youtube.com/watch?v=1LKp9mkSql8,422,750,PF232766,제607회 부산시립교향악단 정기연주회,서양음악(클래식),부산문화회관 대극장,2024-01-19,2024-01-19,,,,none,none,0,False,False,0,no_strong_signal,신호 없음
TDtlRXM1tdU,[부산시립예술단 2021 스타프로젝트] 부산시립합창단 '프리마 돈나',"젊은 여성 성악가들을 의미하는 프리마 돈나! 

부산시립합창단 여성 성악가들의 화려하면서도 서정적인 기교를 감상할 수 있는 색다른 무대! 차기 부산성악계를 선두할 예비 프리마 돈나들을 만나봅니다!

👇티켓 예매

🔗홈페이지 :
https://www.bscc.or.kr/01_perfor/?mcode=0401010100&mode=2&no=22586&year=2021&month=08

📞고객지원센터 : 051-607-6000


#부산문화회관 #부산시립예술단 #부산시립합창단 #프리마돈나 #성악 #여성성악가 #성악가 #스타프로젝트 #2021스타프로젝트 #부산공연 #볼만한공연 #공연추천",UCjI-1suSmm546J3PPRJ9B2w,배시시TV,2021-08-04T06:23:13Z,70,1.17,False,148,3,0,https://www.youtube.com/watch?v=TDtlRXM1tdU,2410,343,PF232766,제607회 부산시립교향악단 정기연주회,서양음악(클래식),부산문화회관 대극장,2024-01-19,2024-01-19,,,,none,match,1,False,False,3,verified_candidate,장소 일치
ZBAUKryI4UU,191031 부산시립 제203회 정기    3  풍류수제천   작곡  김성경,"부산시립국악관현악단 제203회 정기연주회
수석지휘자 선정 공연 시리즈② - 박상후 지휘자
공존(共存): 자연 그리고 인간

◆ 일시 : 2019. 10. 31.(목) 19:30
◆ 장소 : 부산문화회관 대극장
◆ 지휘 : 박상후 (전/중앙국악관현악단 부지휘자)
◆ 객원 : 이기진·정혜민 (이상 콘트라 베이스)

◆ 연주곡목

3. 풍류수제천 / 작곡: 김성경

◆ 주최 : (재)부산문화회관
◆ 주관 : 부산시립예술단
◆ 입장료 : 전석 10,000원
◆ 예매 : 부산문화회관 홈페이지(http://www.bscc.or.kr/01_perfor/…)
◆ 문의 : 051-607-3124

 이 영상은 부산문화회관 대극장의 고정 카메라로 찍었습니다.",UCIC1RdtqpPngbK6f9gG1X5w,우리음악박춘석,2019-11-01T07:22:02Z,753,12.55,False,323,5,1,https://www.youtube.com/watch?v=ZBAUKryI4UU,1550,152,PF232766,제607회 부산시립교향악단 정기연주회,서양음악(클래식),부산문화회관 대극장,2024-01-19,2024-01-19,,,,none,match,0,False,False,2,no_strong_signal,장소 일치
Q7m9wbSTvD4,(제작현장) 2021 BSCC 제작공연 시리즈 'MOTI/어디로부터',"#제작현장 #MOTI
2021 BSCC 제작공연 시리즈 'MOTI/어디로부터' 

부산문화회관의 두 번째 제작공연인 'MOTI/어디로부터'!
#피땀눈물 이 담긴 제작현장을 영상을 통해 만나보세요! 

▪작품 소개
bscc-moti.com

▪일시 : 2021년 9월 3일(금) 오후 8시, 9월 4일(토)~5일(일) 오후 5시
▪장소 : 부산문화회관 대극장
▪문의 : 051-607-6000
▪예매 : www.bscc.or.kr


#부산문화회관 #2021bscc제작공연시리즈 #제작공연
#MOTI어디로부터 #MOTI #어디로부터 #모티 
#이정윤 #이정윤예술감독 #부산시립무용단 
#지역청년예술가 #무용 #무용공연 #볼만한공연 #공연추천
#공연일정 #부산공연 #소생 #본색 #안무신작",UCjI-1suSmm546J3PPRJ9B2w,배시시TV,2021-09-04T09:00:10Z,144,2.4,False,202,3,0,https://www.youtube.com/watch?v=Q7m9wbSTvD4,2410,343,PF232766,제607회 부산시립교향악단 정기연주회,서양음악(클래식),부산문화회관 대극장,2024-01-19,2024-01-19,,,,none,match,2,False,False,4,verified_candidate,장소 일치; 해시태그 2개 카테고리 일치
yVjljOtDWHw,[부산시립무용단] 창단 50주년 기념 제87회 정기공연 ‘1002 Nights_천 두번 째의 밤’ (Teaser2),"부산시립무용단 창단 50주년을 기념하여
부산시립무용단과 부산시립교향악단의 협연으로 이뤄지는 
‘1002 Nights_천 두번 째의 밤'.

이정윤 예술감독의 무대 연출과 안무
최수열 예술감독의 지휘로 연주되는 '세헤라자데'

▪일시 : 2023. 5. 12.(금) 19:30 / 5. 13.(토) 16:00
▪장소 : 부산시민회관 대극장
▪연출/안무 : 이정윤 
▪지휘/음악감독 : 최수열
▪음악 : 림스키-코르사코프 '세헤라자데'
▪출연 : 부산시립무용단 / 부산시립교향악단
▪공연정보 및 예매 : 부산문화회관 홈페이지(www.bscc.or.kr)
▪예매문의 : 051)607-6000(ARS 1번)

#부산시립예술단 #부산시립무용단 #부산시립교향악단",UCeySqDu5BowY_RD5sVYIYug,부산시립예술단TV,2023-05-02T02:12:16Z,206,3.43,False,388,,1,https://www.youtube.com/watch?v=yVjljOtDWHw,2640,553,PF232766,제607회 부산시립교향악단 정기연주회,서양음악(클래식),부산문화회관 대극장,2024-01-19,2024-01-19,,,,none,match,0,False,False,2,no_strong_signal,장소 일치
jKBnBqMCHOw,부산시립극단 돌아와요 부산항에_11152,"2017.12. 14일(목)~16일(토) 평일 7시30분 주말 5시
부산문화회관 중극장 

문의 및 예매 607-6000 

주최: 부산문화회관
주관 : 부산광역시립예술단
제작 : 부산시립극단",UC8Q8GXAa9dwCrAWtDZKjo0w,부산시립합창단,2017-11-16T02:07:11Z,36,0.6,True,181,1,0,https://www.youtube.com/watch?v=jKBnBqMCHOw,151,61,PF232766,제607회 부산시립교향악단 정기연주회,서양음악(클래식),부산문화회관 대극장,2024-01-19,2024-01-19,,,,none,match,0,False,False,2,no_strong_signal,장소 일치
cGEwwQuulFU,국립심포니오케스트라 아카데미 1차 합격영상 - Haydn 1mov.,,UCyrpaxLsxIH8aIvNabakCNQ,첼로딘,2022-03-07T16:49:34Z,646,10.77,False,775,10,1,https://www.youtube.com/watch?v=cGEwwQuulFU,121,48,PF269431,국립심포니오케스트라 아카데미: Colorful,서양음악(클래식),예술의전당 [서울] 콘서트홀,2025-08-20,2025-08-20,,,,none,none,0,False,False,0,no_strong_signal,신호 없음
mnSx-BBB0qA,2021 KNSO 작곡가 아틀리에 | 메이킹필름,"'작곡가 육성과 창작곡 발굴'✍
그 현장의 생생함을 담은 
'2021 KNSO 작곡가 아틀리에' 메이킹필름✨

상상 속 음표가 생생한 음악으로
태어나는 오케스트라 리딩 현장 속으로 떠나요🎼
-

기획 l 국립심포니오케스트라
작곡가 l 전예은, 전민재, 위정윤, 임영진, 정현식 
멘토 l 김택수, 데릭 버멜, 니나영
-

👉 국립심포니오케스트라 바로가기

- 홈페이지 https://bit.ly/3jOih2l
- 페이스북 https://url.kr/4omrk1
- 인스타그램 https://url.kr/c5xtdn
- 카카오톡 친구 https://url.kr/n1wytg

#국립심포니오케스트라 #국립심포니 #국심 #knso #작곡가 #작곡가아틀리에",UCoMo9mcWR5f_pPjdbacLaIw,국립심포니오케스트라,2023-02-01T01:52:57Z,108,1.8,False,789,12,1,https://www.youtube.com/watch?v=mnSx-BBB0qA,49800,833,PF269431,국립심포니오케스트라 아카데미: Colorful,서양음악(클래식),예술의전당 [서울] 콘서트홀,2025-08-20,2025-08-20,,,,none,none,0,False,False,0,no_strong_signal,신호 없음
7Bywl-EXdZk,오산문화재단 2023 신년음악회 | 23.2.25(Sat) 17:00 | 오산문화예술회관 대공연장 | 앵콜곡 10월의 어느 멋진 날에 | 손준호 김소현 이지훈,#10월의어느멋진날에 #손준호 #김소현 #이지훈,UCVvW8IH_7LO--Ubp-1spdEg,공타튜브🎬,2023-02-25T11:07:18Z,328,5.47,False,560,13,,https://www.youtube.com/watch?v=7Bywl-EXdZk,2800,400,PF240061,조수미 in Love [오산],서양음악(클래식),오산문화예술회관 대공연장,2024-05-30,2024-05-30,,,,none,match,0,False,False,2,no_strong_signal,장소 일치
k76vlgy2t8s,왜?김용문의 막사발 실크로드인가,왜?김용문의 막사발 실크로드인가,UCL8_H16wKly5mlnC46x4F8Q,막사발 김용문MACSABAL kim yongmoon,2022-03-18T20:04:53Z,16,0.27,True,1745,55,6,https://www.youtube.com/watch?v=k76vlgy2t8s,2690,3049,PF240061,조수미 in Love [오산],서양음악(클래식),오산문화예술회관 대공연장,2024-05-30,2024-05-30,,,,none,none,0,False,False,0,no_strong_signal,신호 없음
oXfLINFVgGQ,#앵두걸스#박앵두#미련#COVER#KMBCOMPANY,,UCzhMaBMVxsvB4rQGQf5VJxQ,최강타,2023-07-02T12:37:25Z,58,0.97,True,281,18,2,https://www.youtube.com/watch?v=oXfLINFVgGQ,38800,2138,PF240061,조수미 in Love [오산],서양음악(클래식),오산문화예술회관 대공연장,2024-05-30,2024-05-30,,,,none,none,0,False,False,0,no_strong_signal,신호 없음
OPMxMFd7-YQ,#스마일운동법 걱정을 모두 벗어버리고 스마일 운동으로 건강을... #웃음치료 #스마일 #차동욱목사 #화평방송 #smile,,UCxLa-LEGMpAq3X407Z4H_5g,화평방송 HPBS,2023-06-28T23:26:11Z,42,0.7,True,1277,10,1,https://www.youtube.com/watch?v=OPMxMFd7-YQ,175000,18356,PF240061,조수미 in Love [오산],서양음악(클래식),오산문화예술회관 대공연장,2024-05-30,2024-05-30,,,,none,none,0,False,False,0,no_strong_signal,신호 없음
GEwYDF-LQSg,"[스타 쇼츠 ]윤태진 아나, 김종국이 선택한 이상형 해명 “ #스타쇼츠 #shorts  #short #스레드 #스팔 #쇼츠라인","윤태진 아나, 김종국이 선택한 이상형 해명 “소문 과장, 싫지는 않아”(철파엠) 윤태진 아나운서가 김종국 이상형에 대해 이야기했다.

이날 한 청취자는 ""'골때녀' 멤버들 중 김종국 씨의 이상형으로 뽑히셨더라""라ㄴ는 메시지를 보냈다.


이에 윤태진은 ""저도 연락 받고 기사 봤다. 그런데 소문이 점점 과장되고 있는 것 같다""라고 입을 열었다.

그는 ""원래 '미우새'에서 차태현 씨가 그 이상형을 그리셨고 그 그림으로 아나콘다 멤버들과 대조를 하다가 '오 윤태진이랑 닮았다' 라고만 했다. 갑자기 이상형, 하루 지나니까 김종국 씨의 이상형 윤태진 이렇게 되네요""라며 당시 상황을 설명했다.

다만 윤태진은 ""싫지는 않으시고요?""라는 김영철의 말에 ""언급해주시는 것만으로도 감사하다""라고 이야기했다.

한편 윤태진은 ""배성재랑 김영철""이라는 질문에는 김영철을 선택해 웃음을 줬다.
스타 쇼츠  시작 인사드립니다.
[스타 쇼츠 ] #스타쇼츠 #쇼츠라인 # #shorts #소상공인마켓 #스레드 

안녕하세요, 여러분! 연예가스타 쇼츠가 드디어 시작되었습니다. 
여러분을 즐겁게 해줄 다양한 연예 소식과 스타들의 이야기를 전해드릴 예정입니다.

연예가스타 쇼츠는 최신 연예 소식부터 스타들의 인터뷰, 
뒷이야기까지 다양한 콘텐츠로 여러분을 즐겁게 해드릴 것입니다. 
스타들의 솔직한 이야기와 다양한 매력을 만나보실 수 있을 거예요.

또한, 연예가스타 쇼츠는 여러분의 의견과 참여를 환영합니다. 
스타들에게 궁금한 점이 있다면 언제든지 질문해주세요. 
우리 함께 스타들의 매력에 빠져보아요!

매일 연예가스타 쇼츠와 함께 즐거운 시간 보내시길 바랍니다. 많은 관심과 사랑 부탁드립니다 

Hello, everyone! Celebrity star shorts have finally started.
We are going to share various entertainment news and stories of stars that will make you happy.

Celebrity star shorts includes the latest entertainment news, interviews with stars,
We will entertain you with various contents including the behind-the-scenes stories.
You'll be able to see the candid stories and various charms of the stars.

Also, entertainer Star Shorts welcomes your opinions and participation.
If you have any questions for the stars, please feel free to ask.
Let's fall into the charms of stars together!

I hope you have a great time with celebrity star shorts every day. Please show a lot of interest and love.



#스타쇼츠 #shorts #소상공인마켓 #쇼츠라인 #shorts #이병진 #오은영 #서장훈 #이상민 #탁재훈 #이혜영 #미우새 #현진영 #김용임 #심하은 #송중기 #고소영 #장동건 #박군 #오은영 #일라이 #지연수 #서세원 #서세원사망 #김종국 #유재석 #서정희 #서동주  #탁재훈 #안성기 #이찬원 #박중훈 #옥문아 #김국진 #강수지#이수근 #백종원 #추성훈 #이소연 #장동민 #김종국 #추사랑 #송일국 #이상민 #박군 #안정환 #이혜원 #이민우 #김승현 #박수홍 #김다예 #유재석 #고현정 #김준호 #도경완  #박수홍 #송중기 #추성훈 #서장훈 #이상민 #미우새 #강변가요제 #이선희 #안문숙 #선우은숙 #김준호 #김지민 #돌싱포맨 #김흥국 #송중기 #김범수  #박미선 #유재석 #서장훈 #백종원  #소유진 #허재 #김태원 #부활 #영지 #심은하 #정호영  #미스터트롯2 #힐링캠프 #슈돌 #임영웅  #이경규 #한혜진 #김제동 #박군 #이찬원 #영탁 #김호중 #김희재 #정동원 #장민호 #김희재 #붐 #양지은 #재연배우 #송해 #남진 #설운도 #진성 #조영수  #이영애 #장윤정 #김다현 #김태연 #김의영 #홍지윤 #박주희 #미스트롯2 #미스트롯 #황우림 #장박 #캠핑#진해성 #나상도 #재하 #임주리 #안성준 #아는형님 #서혜진 #일박이일 #비데랜드 #구룡포과메기택배 #박여사영양찰떡 #유재석 #이상민 #탁재훈 #김종국 #미스트롯 #강변가요제 #불타는트롯맨 #손현주 #김종민 #화장실용품 #송가인 #송승헌 #송해 #한채아 #송해교 #서동주 #이세진 #양세찬 #양세형 #강수지 #강호동 #김지민 #김지수  #이혜영 #이혜원 #이혜정 #이혜지 #이혜성 #이혜라 #이혜인 #서정희 #정동원 #정호영  #정우  #정호석 #손태진 #손승완 #손현주 #손승연 #손유희 #손해사정인 #김호중 #김희재 #김태형 #김건희 #김다현 #김석진 #김채원 #김태연 #나상도 #나훈아 #박수홍 #박주희 #박서진 #박지민 #박지현 #박재범 #박호두 #박창근 #기성용 #차박 #차은우 #차두리 #최예나 #최신가요 #최석진 #최애의아이 #최성훈 #최재형 #최애 #최정 #성우 #성경 #손애진 #손혜진 #손혜원 #손혜주 #전지현 #전지희 #전지우 #유하인 # 송종국 #송헤나 #박나래 #전현무 #이광수 #김홍철 #아이유 #이영애 #박명수 #노홍철 #이수근 #백종원 #추성훈 #이소연 #장동민 #김종국 #추사랑 #송일국 #김병헌 #한채아 #이효리 #안정환 #이혜원 #이민우 #김승현 #박수홍 #김다예 #손현주 #고현정 #김준호 #도경완 #박수홍 #송중기 #추성훈 #서장훈 #이상민 #전현무  #선우은숙 #김준호 #김지민 #임원희 #김흥국 #김범수  #박미선 #유재석 #서장훈 #백종원 #손홍민 #송가인 #김호중 #김용만 #이만기 #박찬호 #류헌진 #이강인 #골테녀 #임영웅 #양헤찬 #양세형 #이천수 #박주호 #김민재 #이영표 #신지 #채리나 #은지원 #한채아 #배윤정 #유준상 #신동엽 #김희철 #딘딘 #김건우 #고창석 #오만석 #지창욱 #지상옥 #오종혁 #방시혁 #전소민 #하하 #이상이 #김건우 #한예종 #홍은희 #조영남 #조수미 #유지인 #조하나 #이현아 #조혜련 #박나래 #최여진 #최지우 #오남희 #신봉선 #이영하 #김남주 #심은하 #김희선 #수애 #수예 #최수종 #하희라 #김성주 #김동현 #한영 #현영 #김미려 #김연자 #김호영 #이석훈 #김남길 #김혜수 #고두심 #설경구 #박해일 #정재영 #정우성 #박성웅 #박유나 #김준한 #염정아 #박정민 #고민서 #조권 #조인성 #권상우 #서준맘  #비데나라포항 #포항비데 #경주비데 #영덕비데 #울진비데 #강릉비데 #평택비데 #속초비데 #울산비데 #안동비데 #현대큐밍 #비데나라 #비데랜드 #구룡포과메기 #챗GPT #포항비데렌드​ #비데구입 #비데구입 #지수 #안보현 #전소미 #전주비데 #군산비데 #익산비데 #정읍비데 #남원비데 #김제비데 #완주비데 #진안비데 #무주비데 #장수비데 #임실비데 #순창비데 #고창비데 #부안비데 #경기도비데 #수원비데 #용인비데 #성남비데 #고양비데 #부천비데 #안산비데 #안양비데 #남양주비데 #화성비데 #평택시비데 #의왕비데 #이천비데 #안성비데 #김포비데 #광주시비데 #광명비데 #군포비데 #시흥비데 #오산비데 #하남비데 #여주비데 #양주비데 #의정부비데 #동두천비데 #구리비데 #남양주시비데 #파주시비데 #여주비데 #인천비데 #부평비데 #계양구비데 #남동구비데 #연수구비데 #서구비데 #중구비데 #동구비데 #옹진군비데 #강화군비데 #동해비데 #삼척비데 #속초비데 #원주비데 #춘천비데 #태백비데 #고성비데 #양양비데 #양구비데 #영월비데 #인제비데 #정선비데 #철원비데 #평창비데 #홍천비데 #화천비데 #횡성비데 #전라남도 #광양비데 #구례비데 #나주비데 #담양비데 #목포비데 #무안비데 #보성비데 #순천비데 #신안비데 #여수비데 #영광비데 #영암비데 #완도비데 #장성비데 #장흥비데 #진도비데 #함평비데 #해남비데 #화순비데 #전주비데 #군산비데 #익산비데 #정읍비데 #남원비데 #김제비데 #완주비데 #진안비데 #무주비데 #장수비데 #임실비데 #순창비데 #고창비데 #부안비데 #비발인솔 #비발깔창 #깔창 #깔창추천 #깔창맛집 #경상남도 #창원비데 #진주비데 #통영비데 #사천비데 #김해비데 #밀양비데 #거제비데 #양산비데 #의령비데 #함안비데 #창녕비데 #고성비데 #남해비데 #하동비데 #산청비데 #함양비데 #거창비데 #합천비데 #마산비데​ #경상북도 #포항비데 #경주비데 #안동비데 #영주비데 #영천비데 #경산비데 #문경비데 #상주비데 #김천비데 #칠곡비데 #군위비데 #의성비데 #청송비데 #영양비데 #영덕비데 #청도비데 #고령비데 #성주비데 #칠곡비데 #예천비데 #봉화비데 #울진비데 #울릉비데 #대구비데 #중구비데 #동구비데 #서구비데 #남구비데 #북구비데 #수성구비데 #달서구비데 #달성군비데 #대구비데 #중구비데 #동구비데 #서구비데 #남구비데 #북구비데 #수성구비데 #달서구비데 #달성군비데 #부산비데 #해운대구비데 #남구비데 #동래구비데 #북구비데 #강서구비데 #금정구비데 #연제구비데 #수영구비데 #사상구비데 #사하구비데 #기장군비데 #동구비데 #중구비데 #영도구비데 #서구비데 #종로구비데 #중구비데 #용산구비데 #성동구비데 #광진구비데 #동대문구비데 #중랑구비데 #성북구비데 #강북구비데 #도봉구비데 #노원구비데 #은평구비데 #서대문구비데 #마포구비데 #양천구비데 #강서구비데 #구로구비데 #금천구비데 #영등포구비데 #동작구비데 #관악구비데 #서초구비데 #강남구비데 #송파구비데 #강동구비데 #서울비데 #강동구비데 #강북구비데 #관악구비데 #광진구비데 #구로구비데 #금천구비데 #노원구비데 #도봉구비데 #동대문구비데 #동작구비데 #마포구비데 #서대문구비데 #서초구비데 #성동구비데 #성북구비데 #송파구비데 #양천구비데 #영등포구비데 #용산구비데 #은평구비데 #중구비데 #중랑구비데 #울산비데 #남구비데 #동구비데 #북구비데 #울주군비데 #대전비데 #대전시비데 #유성구비데 #서구비데 #중구비데 #동구비데 #대덕구비데 #세종비데​ #오현경 #한성주 #백지영 #이승연 #조현아 #서하준
#연예기스타쇼츠 #비대면샵",UCXljVZHHkaV88NSGHfKTaJg,스타쇼츠 & 연예가소식 ,2023-08-09T06:27:15Z,7,0.12,True,749,3,0,https://www.youtube.com/watch?v=GEwYDF-LQSg,661,573,PF240061,조수미 in Love [오산],서양음악(클래식),오산문화예술회관 대공연장,2024-05-30,2024-05-30,,,,none,none,0,False,False,0,no_strong_signal,신호 없음
iYDp2AI7Dlk,모노노케 히메(원령공주) OST 🎧 아시타카의 전설｜The Legend of Ashitaka #shorts,"본 영상에서 발생하는 광고 수익은
모두 원저작자에게 돌아가며,
모든 저작권 또한 원저작자에게 있습니다.

The ad revenue generated in this video
goes to the original holder,
All copyrights are also in original holder.

#지브리 #모노노케히메 #아시타카의전설",UCPDmISVPPSJBvEabWvDHNPQ,토디 TODI,2025-09-12T09:01:18Z,32,0.53,True,1978634,18461,774,https://www.youtube.com/watch?v=iYDp2AI7Dlk,44000,215,PF240061,조수미 in Love [오산],서양음악(클래식),오산문화예술회관 대공연장,2024-05-30,2024-05-30,,,,none,none,0,False,False,0,no_strong_signal,신호 없음
eN4NlW6eWUs,눈물나면 울면 그만이야❤️‍🔥 #박앵두 #눈물편지 #Riak #Shorts,#박앵두 #눈물편지 #쇼츠 #음악 #음악추천 #노래 #노래추천 #감성 #감성플리 #추억 #추억의노래 #추억의가요 #추억의음악 #그때그시절 #노래방 #애창곡 #노래방애창곡 #트로트 #트로트추천 #트로트메들리 #trot #감성 #감성플리,UC1XPu7aMRZaJsb-9PHMQt8g,RIAK OFFICIAL,2022-10-26T06:07:24Z,21,0.35,True,933,19,3,https://www.youtube.com/watch?v=eN4NlW6eWUs,339000,8165,PF240061,조수미 in Love [오산],서양음악(클래식),오산문화예술회관 대공연장,2024-05-30,2024-05-30,,,,none,none,1,False,False,1,no_strong_signal,신호 없음
QuI0ctqs7Gw,동안성형 끝판왕!! 안면거상 후기!! #shots #동안성형 #레이저 #리프팅 #안면거상 #상안검수술,"❤성형공감 사이트 바로가기❤
http://m.ps-empathy.com

위 링크를 클릭하시면 병원정보 및 이벤트 신청 그리고 다양한 성형후기를 확인 할 수 있습니다.

*성형수술은 개인에 따라 염증, 출혈, 신경손상 등의 부작용이 있을 수 있으니 주의해야 합니다.",UCJgiq9K9a2kq7ype1AuiQOg,성형공감채널[성공],2024-12-27T09:30:09Z,46,0.77,True,2056705,1750,191,https://www.youtube.com/watch?v=QuI0ctqs7Gw,10000,887,PF240061,조수미 in Love [오산],서양음악(클래식),오산문화예술회관 대공연장,2024-05-30,2024-05-30,,,,none,none,0,False,False,0,no_strong_signal,신호 없음
D71u7ZAMyq0,"[스타 쇼츠 ]조영남, 27살 연하 조하나에 끊임없는 구애..  #스타쇼츠 #shorts  #스레드  #쇼츠라인","조영남, 27살 연하 조하나에 끊임없는 구애..김수미 철벽방어 분노 조영남에 이어 쎄시봉의 막내 김세환이 전격 출연, 거침없는 폭로전을 펼친다. 또한, 조하나를 향한 조영남의 끊임없는 구애와 이를 차단하는 김수미의 대치가 폭소탄을 선사할 예정이다.

평화로운 전원 마을, 조영남에 이어 쎄시봉의 막내 김세환이 찾아온다. 변함없는 동안 외모에 전원 패밀리들이 감탄한다. 
특히 금동이 임호는 “동네 청년분인 줄 알았다”라며 70대로 보이지 않는 김세환의 외모와 건강미에 놀라움을 금치 못했다. 

조하나를 향한 조영남의 플러팅이 계속된다. 김용건에게 직접 그린 그림을 선물하겠다며 “대신 하나한테 내 얘기 잘해 줘”라고 하자 김수미는 하나에게 농촌 총각이 있다며 칼차단을 한다. 이에 조영남이 “성실한 청년이냐, 돈 많은데 일찍 죽는 남자냐”라며 저세상 급 이상형 월드컵을 시작해 폭소탄을 선사한다. 

스타 쇼츠  시작 인사드립니다.
[스타 쇼츠 ] #연예가스타쇼츠 #쇼츠스타 #shorts  #short #소상공인마켓 #스레드 #스팔 #쇼츠라인

안녕하세요, 여러분! 연예가스타 쇼츠가 드디어 시작되었습니다. 
여러분을 즐겁게 해줄 다양한 연예 소식과 스타들의 이야기를 전해드릴 예정입니다.

연예가스타 쇼츠는 최신 연예 소식부터 스타들의 인터뷰, 
뒷이야기까지 다양한 콘텐츠로 여러분을 즐겁게 해드릴 것입니다. 
스타들의 솔직한 이야기와 다양한 매력을 만나보실 수 있을 거예요.

또한, 연예가스타 쇼츠는 여러분의 의견과 참여를 환영합니다. 
스타들에게 궁금한 점이 있다면 언제든지 질문해주세요. 
우리 함께 스타들의 매력에 빠져보아요!

매일 연예가스타 쇼츠와 함께 즐거운 시간 보내시길 바랍니다. 많은 관심과 사랑 부탁드립니다 

Hello, everyone! Celebrity star shorts have finally started.
We are going to share various entertainment news and stories of stars that will make you happy.

Celebrity star shorts includes the latest entertainment news, interviews with stars,
We will entertain you with various contents including the behind-the-scenes stories.
You'll be able to see the candid stories and various charms of the stars.

Also, entertainer Star Shorts welcomes your opinions and participation.
If you have any questions for the stars, please feel free to ask.
Let's fall into the charms of stars together!

I hope you have a great time with celebrity star shorts every day. Please show a lot of interest and love.



#스타쇼츠 #shorts #소상공인마켓 #쇼츠라인 #shorts #이병진 #오은영 #서장훈 #이상민 #탁재훈 #이혜영 #미우새 #현진영 #김용임 #심하은 #송중기 #고소영 #장동건 #박군 #오은영 #일라이 #지연수 #서세원 #서세원사망 #김종국 #유재석 #서정희 #서동주  #탁재훈 #안성기 #이찬원 #박중훈 #옥문아 #김국진 #강수지#이수근 #백종원 #추성훈 #이소연 #장동민 #김종국 #추사랑 #송일국 #이상민 #박군 #안정환 #이혜원 #이민우 #김승현 #박수홍 #김다예 #유재석 #고현정 #김준호 #도경완  #박수홍 #송중기 #추성훈 #서장훈 #이상민 #미우새 #강변가요제 #이선희 #안문숙 #선우은숙 #김준호 #김지민 #돌싱포맨 #김흥국 #송중기 #김범수  #박미선 #유재석 #서장훈 #백종원  #소유진 #허재 #김태원 #부활 #영지 #심은하 #정호영  #미스터트롯2 #힐링캠프 #슈돌 #임영웅  #이경규 #한혜진 #김제동 #박군 #이찬원 #영탁 #김호중 #김희재 #정동원 #장민호 #김희재 #붐 #양지은 #재연배우 #송해 #남진 #설운도 #진성 #조영수  #이영애 #장윤정 #김다현 #김태연 #김의영 #홍지윤 #박주희 #미스트롯2 #미스트롯 #황우림 #장박 #캠핑#진해성 #나상도 #재하 #임주리 #안성준 #아는형님 #서혜진 #일박이일 #비데랜드 #구룡포과메기택배 #박여사영양찰떡 #유재석 #이상민 #탁재훈 #김종국 #미스트롯 #강변가요제 #불타는트롯맨 #손현주 #김종민 #화장실용품 #송가인 #송승헌 #송해 #한채아 #송해교 #서동주 #이세진 #양세찬 #양세형 #강수지 #강호동 #김지민 #김지수  #이혜영 #이혜원 #이혜정 #이혜지 #이혜성 #이혜라 #이혜인 #서정희 #정동원 #정호영  #정우  #정호석 #손태진 #손승완 #손현주 #손승연 #손유희 #손해사정인 #김호중 #김희재 #김태형 #김건희 #김다현 #김석진 #김채원 #김태연 #나상도 #나훈아 #박수홍 #박주희 #박서진 #박지민 #박지현 #박재범 #박호두 #박창근 #기성용 #차박 #차은우 #차두리 #최예나 #최신가요 #최석진 #최애의아이 #최성훈 #최재형 #최애 #최정 #성우 #성경 #손애진 #손혜진 #손혜원 #손혜주 #전지현 #전지희 #전지우 #유하인 # 송종국 #송헤나 #박나래 #전현무 #이광수 #김홍철 #아이유 #이영애 #박명수 #노홍철 #이수근 #백종원 #추성훈 #이소연 #장동민 #김종국 #추사랑 #송일국 #김병헌 #한채아 #이효리 #안정환 #이혜원 #이민우 #김승현 #박수홍 #김다예 #손현주 #고현정 #김준호 #도경완 #박수홍 #송중기 #추성훈 #서장훈 #이상민 #전현무  #선우은숙 #김준호 #김지민 #임원희 #김흥국 #김범수  #박미선 #유재석 #서장훈 #백종원 #손홍민 #송가인 #김호중 #김용만 #이만기 #박찬호 #류헌진 #이강인 #골테녀 #임영웅 #양헤찬 #양세형 #이천수 #박주호 #김민재 #이영표 #신지 #채리나 #은지원 #한채아 #배윤정 #유준상 #신동엽 #김희철 #딘딘 #김건우 #고창석 #오만석 #지창욱 #지상옥 #오종혁 #방시혁 #전소민 #하하 #이상이 #김건우 #한예종 #홍은희 #조영남 #조수미 #유지인 #조하나 #이현아 #조혜련 #박나래 #최여진 #최지우 #오남희 #신봉선 #이영하 #김남주 #심은하 #김희선 #수애 #수예 #최수종 #하희라 #김성주 #김동현 #한영 #현영 #김미려 #김연자 #김호영 #이석훈 #김남길 #김혜수 #고두심 #설경구 #박해일 #정재영 #정우성 #박성웅 #박유나 #김준한 #염정아 #박정민 #고민서 #조권 #조인성 #권상우 #서준맘  #비데나라포항 #포항비데 #경주비데 #영덕비데 #울진비데 #강릉비데 #평택비데 #속초비데 #울산비데 #안동비데 #현대큐밍 #비데나라 #비데랜드 #구룡포과메기 #챗GPT #포항비데렌드​ #비데구입 #비데구입 #지수 #안보현 #전소미 #전주비데 #군산비데 #익산비데 #정읍비데 #남원비데 #김제비데 #완주비데 #진안비데 #무주비데 #장수비데 #임실비데 #순창비데 #고창비데 #부안비데 #경기도비데 #수원비데 #용인비데 #성남비데 #고양비데 #부천비데 #안산비데 #안양비데 #남양주비데 #화성비데 #평택시비데 #의왕비데 #이천비데 #안성비데 #김포비데 #광주시비데 #광명비데 #군포비데 #시흥비데 #오산비데 #하남비데 #여주비데 #양주비데 #의정부비데 #동두천비데 #구리비데 #남양주시비데 #파주시비데 #여주비데 #인천비데 #부평비데 #계양구비데 #남동구비데 #연수구비데 #서구비데 #중구비데 #동구비데 #옹진군비데 #강화군비데 #동해비데 #삼척비데 #속초비데 #원주비데 #춘천비데 #태백비데 #고성비데 #양양비데 #양구비데 #영월비데 #인제비데 #정선비데 #철원비데 #평창비데 #홍천비데 #화천비데 #횡성비데 #전라남도 #광양비데 #구례비데 #나주비데 #담양비데 #목포비데 #무안비데 #보성비데 #순천비데 #신안비데 #여수비데 #영광비데 #영암비데 #완도비데 #장성비데 #장흥비데 #진도비데 #함평비데 #해남비데 #화순비데 #전주비데 #군산비데 #익산비데 #정읍비데 #남원비데 #김제비데 #완주비데 #진안비데 #무주비데 #장수비데 #임실비데 #순창비데 #고창비데 #부안비데 #비발인솔 #비발깔창 #깔창 #깔창추천 #깔창맛집 #경상남도 #창원비데 #진주비데 #통영비데 #사천비데 #김해비데 #밀양비데 #거제비데 #양산비데 #의령비데 #함안비데 #창녕비데 #고성비데 #남해비데 #하동비데 #산청비데 #함양비데 #거창비데 #합천비데 #마산비데​ #경상북도 #포항비데 #경주비데 #안동비데 #영주비데 #영천비데 #경산비데 #문경비데 #상주비데 #김천비데 #칠곡비데 #군위비데 #의성비데 #청송비데 #영양비데 #영덕비데 #청도비데 #고령비데 #성주비데 #칠곡비데 #예천비데 #봉화비데 #울진비데 #울릉비데 #대구비데 #중구비데 #동구비데 #서구비데 #남구비데 #북구비데 #수성구비데 #달서구비데 #달성군비데 #대구비데 #중구비데 #동구비데 #서구비데 #남구비데 #북구비데 #수성구비데 #달서구비데 #달성군비데 #부산비데 #해운대구비데 #남구비데 #동래구비데 #북구비데 #강서구비데 #금정구비데 #연제구비데 #수영구비데 #사상구비데 #사하구비데 #기장군비데 #동구비데 #중구비데 #영도구비데 #서구비데 #종로구비데 #중구비데 #용산구비데 #성동구비데 #광진구비데 #동대문구비데 #중랑구비데 #성북구비데 #강북구비데 #도봉구비데 #노원구비데 #은평구비데 #서대문구비데 #마포구비데 #양천구비데 #강서구비데 #구로구비데 #금천구비데 #영등포구비데 #동작구비데 #관악구비데 #서초구비데 #강남구비데 #송파구비데 #강동구비데 #서울비데 #강동구비데 #강북구비데 #관악구비데 #광진구비데 #구로구비데 #금천구비데 #노원구비데 #도봉구비데 #동대문구비데 #동작구비데 #마포구비데 #서대문구비데 #서초구비데 #성동구비데 #성북구비데 #송파구비데 #양천구비데 #영등포구비데 #용산구비데 #은평구비데 #중구비데 #중랑구비데 #울산비데 #남구비데 #동구비데 #북구비데 #울주군비데 #대전비데 #대전시비데 #유성구비데 #서구비데 #중구비데 #동구비데 #대덕구비데 #세종비데​",UCXljVZHHkaV88NSGHfKTaJg,스타쇼츠 & 연예가소식 ,2023-08-07T07:38:42Z,59,0.98,True,14635,65,9,https://www.youtube.com/watch?v=D71u7ZAMyq0,661,573,PF240061,조수미 in Love [오산],서양음악(클래식),오산문화예술회관 대공연장,2024-05-30,2024-05-30,,,,none,none,0,False,False,0,no_strong_signal,신호 없음
IO1XUesfdpw,[스타 쇼츠 ] 홍진호 상견례는 예비 신부 향한 관심 이어지는 이유? #스타쇼츠 #shorts  #short #스레드 #스팔 #쇼츠라인,"돌싱포맨 홍진호 상견례는 예비 신부 향한 관심 이어지는 이유? 

​홍진호는 최근 직접 전한 여자친구와의 결혼 계획에 대해 언급하당.

​이날 방송에서 홍진호는 ""거기서 우발적으로 해버린 것""이라고 고백한다. 실제로 결혼을 준비 중이라고 밝혔으나 날짜, 상견례 모두 잡히지 않은 상태당.

​홍진호의 발언에 출연자들은 ""결혼 못 한다"" 등 장난스러운 반응을 보인다.

홍진호가 결혼 계획에 대해 다시 언급하며 그의 여자친구 등에 대한 관심이 다시 이어지고 있당.

​연락을 안 한 지는 오래됐다. 프로그램 출연 후 연락이 뜸해졌다""라고 밝힌 바 있다. 동시에 ""저도 사실 결혼을 준비 중이다. 숨기는 걸 안 좋아해서 항상 차고 다닌다""라며 여자친구와 맞춘 커플 반지를 공개하기도 했당.

스타 쇼츠  시작 인사드립니다.
[스타 쇼츠 ] #스타쇼츠 #쇼츠라인 # #shorts #소상공인마켓 #스레드 

안녕하세요, 여러분! 연예가스타 쇼츠가 드디어 시작되었습니다. 
여러분을 즐겁게 해줄 다양한 연예 소식과 스타들의 이야기를 전해드릴 예정입니다.

연예가스타 쇼츠는 최신 연예 소식부터 스타들의 인터뷰, 
뒷이야기까지 다양한 콘텐츠로 여러분을 즐겁게 해드릴 것입니다. 
스타들의 솔직한 이야기와 다양한 매력을 만나보실 수 있을 거예요.

또한, 연예가스타 쇼츠는 여러분의 의견과 참여를 환영합니다. 
스타들에게 궁금한 점이 있다면 언제든지 질문해주세요. 
우리 함께 스타들의 매력에 빠져보아요!

매일 연예가스타 쇼츠와 함께 즐거운 시간 보내시길 바랍니다. 많은 관심과 사랑 부탁드립니다 

Hello, everyone! Celebrity star shorts have finally started.
We are going to share various entertainment news and stories of stars that will make you happy.

Celebrity star shorts includes the latest entertainment news, interviews with stars,
We will entertain you with various contents including the behind-the-scenes stories.
You'll be able to see the candid stories and various charms of the stars.

Also, entertainer Star Shorts welcomes your opinions and participation.
If you have any questions for the stars, please feel free to ask.
Let's fall into the charms of stars together!

I hope you have a great time with celebrity star shorts every day. Please show a lot of interest and love.



#스타쇼츠 #shorts #소상공인마켓 #쇼츠라인 #shorts #이병진 #오은영 #서장훈 #이상민 #탁재훈 #이혜영 #미우새 #현진영 #김용임 #심하은 #송중기 #고소영 #장동건 #박군 #오은영 #일라이 #지연수 #서세원 #서세원사망 #김종국 #유재석 #서정희 #서동주  #탁재훈 #안성기 #이찬원 #박중훈 #옥문아 #김국진 #강수지#이수근 #백종원 #추성훈 #이소연 #장동민 #김종국 #추사랑 #송일국 #이상민 #박군 #안정환 #이혜원 #이민우 #김승현 #박수홍 #김다예 #유재석 #고현정 #김준호 #도경완  #박수홍 #송중기 #추성훈 #서장훈 #이상민 #미우새 #강변가요제 #이선희 #안문숙 #선우은숙 #김준호 #김지민 #돌싱포맨 #김흥국 #송중기 #김범수  #박미선 #유재석 #서장훈 #백종원  #소유진 #허재 #김태원 #부활 #영지 #심은하 #정호영  #미스터트롯2 #힐링캠프 #슈돌 #임영웅  #이경규 #한혜진 #김제동 #박군 #이찬원 #영탁 #김호중 #김희재 #정동원 #장민호 #김희재 #붐 #양지은 #재연배우 #송해 #남진 #설운도 #진성 #조영수  #이영애 #장윤정 #김다현 #김태연 #김의영 #홍지윤 #박주희 #미스트롯2 #미스트롯 #황우림 #장박 #캠핑#진해성 #나상도 #재하 #임주리 #안성준 #아는형님 #서혜진 #일박이일 #비데랜드 #구룡포과메기택배 #박여사영양찰떡 #유재석 #이상민 #탁재훈 #김종국 #미스트롯 #강변가요제 #불타는트롯맨 #손현주 #김종민 #화장실용품 #송가인 #송승헌 #송해 #한채아 #송해교 #서동주 #이세진 #양세찬 #양세형 #강수지 #강호동 #김지민 #김지수  #이혜영 #이혜원 #이혜정 #이혜지 #이혜성 #이혜라 #이혜인 #서정희 #정동원 #정호영  #정우  #정호석 #손태진 #손승완 #손현주 #손승연 #손유희 #손해사정인 #김호중 #김희재 #김태형 #김건희 #김다현 #김석진 #김채원 #김태연 #나상도 #나훈아 #박수홍 #박주희 #박서진 #박지민 #박지현 #박재범 #박호두 #박창근 #기성용 #차박 #차은우 #차두리 #최예나 #최신가요 #최석진 #최애의아이 #최성훈 #최재형 #최애 #최정 #성우 #성경 #손애진 #손혜진 #손혜원 #손혜주 #전지현 #전지희 #전지우 #유하인 # 송종국 #송헤나 #박나래 #전현무 #이광수 #김홍철 #아이유 #이영애 #박명수 #노홍철 #이수근 #백종원 #추성훈 #이소연 #장동민 #김종국 #추사랑 #송일국 #김병헌 #한채아 #이효리 #안정환 #이혜원 #이민우 #김승현 #박수홍 #김다예 #손현주 #고현정 #김준호 #도경완 #박수홍 #송중기 #추성훈 #서장훈 #이상민 #전현무  #선우은숙 #김준호 #김지민 #임원희 #김흥국 #김범수  #박미선 #유재석 #서장훈 #백종원 #손홍민 #송가인 #김호중 #김용만 #이만기 #박찬호 #류헌진 #이강인 #골테녀 #임영웅 #양헤찬 #양세형 #이천수 #박주호 #김민재 #이영표 #신지 #채리나 #은지원 #한채아 #배윤정 #유준상 #신동엽 #김희철 #딘딘 #김건우 #고창석 #오만석 #지창욱 #지상옥 #오종혁 #방시혁 #전소민 #하하 #이상이 #김건우 #한예종 #홍은희 #조영남 #조수미 #유지인 #조하나 #이현아 #조혜련 #박나래 #최여진 #최지우 #오남희 #신봉선 #이영하 #김남주 #심은하 #김희선 #수애 #수예 #최수종 #하희라 #김성주 #김동현 #한영 #현영 #김미려 #김연자 #김호영 #이석훈 #김남길 #김혜수 #고두심 #설경구 #박해일 #정재영 #정우성 #박성웅 #박유나 #김준한 #염정아 #박정민 #고민서 #조권 #조인성 #권상우 #서준맘  #비데나라포항 #포항비데 #경주비데 #영덕비데 #울진비데 #강릉비데 #평택비데 #속초비데 #울산비데 #안동비데 #현대큐밍 #비데나라 #비데랜드 #구룡포과메기 #챗GPT #포항비데렌드​ #비데구입 #비데구입 #지수 #안보현 #전소미 #전주비데 #군산비데 #익산비데 #정읍비데 #남원비데 #김제비데 #완주비데 #진안비데 #무주비데 #장수비데 #임실비데 #순창비데 #고창비데 #부안비데 #경기도비데 #수원비데 #용인비데 #성남비데 #고양비데 #부천비데 #안산비데 #안양비데 #남양주비데 #화성비데 #평택시비데 #의왕비데 #이천비데 #안성비데 #김포비데 #광주시비데 #광명비데 #군포비데 #시흥비데 #오산비데 #하남비데 #여주비데 #양주비데 #의정부비데 #동두천비데 #구리비데 #남양주시비데 #파주시비데 #여주비데 #인천비데 #부평비데 #계양구비데 #남동구비데 #연수구비데 #서구비데 #중구비데 #동구비데 #옹진군비데 #강화군비데 #동해비데 #삼척비데 #속초비데 #원주비데 #춘천비데 #태백비데 #고성비데 #양양비데 #양구비데 #영월비데 #인제비데 #정선비데 #철원비데 #평창비데 #홍천비데 #화천비데 #횡성비데 #전라남도 #광양비데 #구례비데 #나주비데 #담양비데 #목포비데 #무안비데 #보성비데 #순천비데 #신안비데 #여수비데 #영광비데 #영암비데 #완도비데 #장성비데 #장흥비데 #진도비데 #함평비데 #해남비데 #화순비데 #전주비데 #군산비데 #익산비데 #정읍비데 #남원비데 #김제비데 #완주비데 #진안비데 #무주비데 #장수비데 #임실비데 #순창비데 #고창비데 #부안비데 #비발인솔 #비발깔창 #깔창 #깔창추천 #깔창맛집 #경상남도 #창원비데 #진주비데 #통영비데 #사천비데 #김해비데 #밀양비데 #거제비데 #양산비데 #의령비데 #함안비데 #창녕비데 #고성비데 #남해비데 #하동비데 #산청비데 #함양비데 #거창비데 #합천비데 #마산비데​ #경상북도 #포항비데 #경주비데 #안동비데 #영주비데 #영천비데 #경산비데 #문경비데 #상주비데 #김천비데 #칠곡비데 #군위비데 #의성비데 #청송비데 #영양비데 #영덕비데 #청도비데 #고령비데 #성주비데 #칠곡비데 #예천비데 #봉화비데 #울진비데 #울릉비데 #대구비데 #중구비데 #동구비데 #서구비데 #남구비데 #북구비데 #수성구비데 #달서구비데 #달성군비데 #대구비데 #중구비데 #동구비데 #서구비데 #남구비데 #북구비데 #수성구비데 #달서구비데 #달성군비데 #부산비데 #해운대구비데 #남구비데 #동래구비데 #북구비데 #강서구비데 #금정구비데 #연제구비데 #수영구비데 #사상구비데 #사하구비데 #기장군비데 #동구비데 #중구비데 #영도구비데 #서구비데 #종로구비데 #중구비데 #용산구비데 #성동구비데 #광진구비데 #동대문구비데 #중랑구비데 #성북구비데 #강북구비데 #도봉구비데 #노원구비데 #은평구비데 #서대문구비데 #마포구비데 #양천구비데 #강서구비데 #구로구비데 #금천구비데 #영등포구비데 #동작구비데 #관악구비데 #서초구비데 #강남구비데 #송파구비데 #강동구비데 #서울비데 #강동구비데 #강북구비데 #관악구비데 #광진구비데 #구로구비데 #금천구비데 #노원구비데 #도봉구비데 #동대문구비데 #동작구비데 #마포구비데 #서대문구비데 #서초구비데 #성동구비데 #성북구비데 #송파구비데 #양천구비데 #영등포구비데 #용산구비데 #은평구비데 #중구비데 #중랑구비데 #울산비데 #남구비데 #동구비데 #북구비데 #울주군비데 #대전비데 #대전시비데 #유성구비데 #서구비데 #중구비데 #동구비데 #대덕구비데 #세종비데​ 
#연예기스타쇼츠 #비대면샵",UCXljVZHHkaV88NSGHfKTaJg,스타쇼츠 & 연예가소식 ,2023-08-09T01:35:26Z,6,0.1,True,384,1,0,https://www.youtube.com/watch?v=IO1XUesfdpw,661,573,PF240061,조수미 in Love [오산],서양음악(클래식),오산문화예술회관 대공연장,2024-05-30,2024-05-30,,,,none,none,0,False,False,0,no_strong_signal,신호 없음
yMBJniN7OMQ,"[스타쇼츠 & 연예가소식 ] 전혜진 “♥이선균 장항준 나 그만 팔아먹길, ..#스타쇼츠 #소상공인마켓 #비데랜드 #쇼츠라인 #shorts","전혜진 “♥이선균 장항준 나 그만 팔아먹길, 호랑이 이미지 타격 커” 배우 전혜진이 '남남' 은미 캐릭터로 연기 변신을 선보인 가운데, 남편 이선균 반응을 언급했다.배우 이선균과 2009년 결혼해 슬하에 두 아들 두고 있는 전혜진은 '남남'에서 엄마와 딸에 대한 이야기를 그린 것에 대해 ""아빠는 이걸 모른다고 생각했다. 아빠는 딸을 예뻐하고, 아들과 함께하는 것들에 대한 로망이 있다. 모녀는 너무 복잡한 것 같다""고 생각을 밝혔다.

이 드라마가 어린 친구들도 좋아하지만 저보다 나이 드신 부모님들이 좋아하시더라""고 이야기했다.

전혜진은 시청자들이 은미 캐릭터를 싫어할 수도 있겠다고 생각했다고 한다. 그는 ""캐릭터도 좋았지만, 그런 모습이 이렇게까지 반응을 부를지는 몰랐다. 신나게 했던 것 같다. 받쳐주는 동료들이 있어서 다행히 잘 어우러졌던 것 같다. 자신감을 얻었다""고 감사함을 전했다.

스타 쇼츠  시작 인사드립니다.
[스타 쇼츠 ] #스타쇼츠 #쇼츠라인 # #shorts #소상공인마켓 #스레드 

안녕하세요, 여러분! 연예가스타 쇼츠가 드디어 시작되었습니다. 
여러분을 즐겁게 해줄 다양한 연예 소식과 스타들의 이야기를 전해드릴 예정입니다.

연예가스타 쇼츠는 최신 연예 소식부터 스타들의 인터뷰, 
뒷이야기까지 다양한 콘텐츠로 여러분을 즐겁게 해드릴 것입니다. 
스타들의 솔직한 이야기와 다양한 매력을 만나보실 수 있을 거예요.

또한, 연예가스타 쇼츠는 여러분의 의견과 참여를 환영합니다. 
스타들에게 궁금한 점이 있다면 언제든지 질문해주세요. 
우리 함께 스타들의 매력에 빠져보아요!

매일 연예가스타 쇼츠와 함께 즐거운 시간 보내시길 바랍니다. 많은 관심과 사랑 부탁드립니다 

#스타쇼츠 #shorts #소상공인마켓 #쇼츠라인 #shorts #이병진 #오은영 #서장훈 #이상민 #탁재훈 #이혜영 #미우새 #현진영 #김용임 #심하은 #송중기 #고소영 #장동건 #박군 #오은영 #일라이 #지연수 #서세원 #서세원사망 #김종국 #유재석 #서정희 #서동주  #탁재훈 #안성기 #이찬원 #박중훈 #옥문아 #김국진 #강수지#이수근 #백종원 #추성훈 #이소연 #장동민 #김종국 #추사랑 #송일국 #이상민 #박군 #안정환 #이혜원 #이민우 #김승현 #박수홍 #김다예 #유재석 #고현정 #김준호 #도경완  #박수홍 #송중기 #추성훈 #서장훈 #이상민 #미우새 #강변가요제 #이선희 #안문숙 #선우은숙 #김준호 #김지민 #돌싱포맨 #김흥국 #송중기 #김범수  #박미선 #유재석 #서장훈 #백종원  #소유진 #허재 #김태원 #부활 #영지 #심은하 #정호영  #미스터트롯2 #힐링캠프 #슈돌 #임영웅  #이경규 #한혜진 #김제동 #박군 #이찬원 #영탁 #김호중 #김희재 #정동원 #장민호 #김희재 #붐 #양지은 #재연배우 #송해 #남진 #설운도 #진성 #조영수  #이영애 #장윤정 #김다현 #김태연 #김의영 #홍지윤 #박주희 #미스트롯2 #미스트롯 #황우림 #장박 #캠핑#진해성 #나상도 #재하 #임주리 #안성준 #아는형님 #서혜진 #일박이일 #비데랜드 #구룡포과메기택배 #박여사영양찰떡 #유재석 #이상민 #탁재훈 #김종국 #미스트롯 #강변가요제 #불타는트롯맨 #손현주 #김종민 #화장실용품 #송가인 #송승헌 #송해 #한채아 #송해교 #서동주 #이세진 #양세찬 #양세형 #강수지 #강호동 #김지민 #김지수  #이혜영 #이혜원 #이혜정 #이혜지 #이혜성 #이혜라 #이혜인 #서정희 #정동원 #정호영  #정우  #정호석 #손태진 #손승완 #손현주 #손승연 #손유희 #손해사정인 #김호중 #김희재 #김태형 #김건희 #김다현 #김석진 #김채원 #김태연 #나상도 #나훈아 #박수홍 #박주희 #박서진 #박지민 #박지현 #박재범 #박호두 #박창근 #기성용 #차박 #차은우 #차두리 #최예나 #최신가요 #최석진 #최애의아이 #최성훈 #최재형 #최애 #최정 #성우 #성경 #손애진 #손혜진 #손혜원 #손혜주 #전지현 #전지희 #전지우 #유하인 # 송종국 #송헤나 #박나래 #전현무 #이광수 #김홍철 #아이유 #이영애 #박명수 #노홍철 #이수근 #백종원 #추성훈 #이소연 #장동민 #김종국 #추사랑 #송일국 #김병헌 #한채아 #이효리 #안정환 #이혜원 #이민우 #김승현 #박수홍 #김다예 #손현주 #고현정 #김준호 #도경완 #박수홍 #송중기 #추성훈 #서장훈 #이상민 #전현무  #선우은숙 #김준호 #김지민 #임원희 #김흥국 #김범수  #박미선 #유재석 #서장훈 #백종원 #손홍민 #송가인 #김호중 #김용만 #이만기 #박찬호 #류헌진 #이강인 #골테녀 #임영웅 #양헤찬 #양세형 #이천수 #박주호 #김민재 #이영표 #신지 #채리나 #은지원 #한채아 #배윤정 #유준상 #신동엽 #김희철 #딘딘 #김건우 #고창석 #오만석 #지창욱 #지상옥 #오종혁 #방시혁 #전소민 #하하 #이상이 #김건우 #한예종 #홍은희 #조영남 #조수미 #유지인 #조하나 #이현아 #조혜련 #박나래 #최여진 #최지우 #오남희 #신봉선 #이영하 #김남주 #심은하 #김희선 #수애 #수예 #최수종 #하희라 #김성주 #김동현 #한영 #현영 #김미려 #김연자 #김호영 #이석훈 #김남길 #김혜수 #고두심 #설경구 #박해일 #정재영 #정우성 #박성웅 #박유나 #김준한 #염정아 #박정민 #고민서 #조권 #조인성 #권상우 #서준맘  #비데나라포항 #포항비데 #경주비데 #영덕비데 #울진비데 #강릉비데 #평택비데 #속초비데 #울산비데 #안동비데 #현대큐밍 #비데나라 #비데랜드 #구룡포과메기 #챗GPT #포항비데렌드​ #비데구입 #비데구입 #지수 #안보현 #전소미 #전주비데 #군산비데 #익산비데 #정읍비데 #남원비데 #김제비데 #완주비데 #진안비데 #무주비데 #장수비데 #임실비데 #순창비데 #고창비데 #부안비데 #경기도비데 #수원비데 #용인비데 #성남비데 #고양비데 #부천비데 #안산비데 #안양비데 #남양주비데 #화성비데 #평택시비데 #의왕비데 #이천비데 #안성비데 #김포비데 #광주시비데 #광명비데 #군포비데 #시흥비데 #오산비데 #하남비데 #여주비데 #양주비데 #의정부비데 #동두천비데 #구리비데 #남양주시비데 #파주시비데 #여주비데 #인천비데 #부평비데 #계양구비데 #남동구비데 #연수구비데 #서구비데 #중구비데 #동구비데 #옹진군비데 #강화군비데 #동해비데 #삼척비데 #속초비데 #원주비데 #춘천비데 #태백비데 #고성비데 #양양비데 #양구비데 #영월비데 #인제비데 #정선비데 #철원비데 #평창비데 #홍천비데 #화천비데 #횡성비데 #전라남도 #광양비데 #구례비데 #나주비데 #담양비데 #목포비데 #무안비데 #보성비데 #순천비데 #신안비데 #여수비데 #영광비데 #영암비데 #완도비데 #장성비데 #장흥비데 #진도비데 #함평비데 #해남비데 #화순비데 #전주비데 #군산비데 #익산비데 #정읍비데 #남원비데 #김제비데 #완주비데 #진안비데 #무주비데 #장수비데 #임실비데 #순창비데 #고창비데 #부안비데 #비발인솔 #비발깔창 #깔창 #깔창추천 #깔창맛집 #경상남도 #창원비데 #진주비데 #통영비데 #사천비데 #김해비데 #밀양비데 #거제비데 #양산비데 #의령비데 #함안비데 #창녕비데 #고성비데 #남해비데 #하동비데 #산청비데 #함양비데 #거창비데 #합천비데 #마산비데​ #경상북도 #포항비데 #경주비데 #안동비데 #영주비데 #영천비데 #경산비데 #문경비데 #상주비데 #김천비데 #칠곡비데 #군위비데 #의성비데 #청송비데 #영양비데 #영덕비데 #청도비데 #고령비데 #성주비데 #칠곡비데 #예천비데 #봉화비데 #울진비데 #울릉비데 #대구비데 #중구비데 #동구비데 #서구비데 #남구비데 #북구비데 #수성구비데 #달서구비데 #달성군비데 #대구비데 #중구비데 #동구비데 #서구비데 #남구비데 #북구비데 #수성구비데 #달서구비데 #달성군비데 #부산비데 #해운대구비데 #남구비데 #동래구비데 #북구비데 #강서구비데 #금정구비데 #연제구비데 #수영구비데 #사상구비데 #사하구비데 #기장군비데 #동구비데 #중구비데 #영도구비데 #서구비데 #종로구비데 #중구비데 #용산구비데 #성동구비데 #광진구비데 #동대문구비데 #중랑구비데 #성북구비데 #강북구비데 #도봉구비데 #노원구비데 #은평구비데 #서대문구비데 #마포구비데 #양천구비데 #강서구비데 #구로구비데 #금천구비데 #영등포구비데 #동작구비데 #관악구비데 #서초구비데 #강남구비데 #송파구비데 #강동구비데 #서울비데 #강동구비데 #강북구비데 #관악구비데 #광진구비데 #구로구비데 #금천구비데 #노원구비데 #도봉구비데 #동대문구비데 #동작구비데 #마포구비데 #서대문구비데 #서초구비데 #성동구비데 #성북구비데 #송파구비데 #양천구비데 #영등포구비데 #용산구비데 #은평구비데 #중구비데 #중랑구비데 #울산비데 #남구비데 #동구비데 #북구비데 #울주군비데 #대전비데 #대전시비데 #유성구비데 #서구비데 #중구비데 #동구비데 #대덕구비데 #세종비데​ #전혜진 #조우종 #정다운
#연예기스타쇼츠 #비대면샵 #김희선 #강형욱 #손석구 #김희애 #한가인 #박준금 #보아 #이미도 #송강호 #윤태진 #이수만 #박진영 #한성주 #오현경 #백지영 #티아라지연 #조현아 #이승연 #김희선 #유해진 #강형욱 #성아영 #한가인 #이미도 #박준금 #보아 #송강호 #구준엽 #박나래 #기안 #한혜진 #김대희 #양상국 #신봉선 #김신영 #엄정화 #도지원 #박소원 #최혜정 #예지원 #윤미라 #김세형 #조미령 #설현 #한소희 #김소은 #윤아 #혜리 #아이유 #한지민 #김유정 #장서희 #김완선 #정은지 #이경실 #최병서 #김구라 #박진영 #비 #신미 #김대호 #오연수 #손지창 #윤미이 #주영훈",UCXljVZHHkaV88NSGHfKTaJg,스타쇼츠 & 연예가소식 ,2023-08-23T01:09:22Z,59,0.98,True,9187,73,0,https://www.youtube.com/watch?v=yMBJniN7OMQ,661,573,PF240061,조수미 in Love [오산],서양음악(클래식),오산문화예술회관 대공연장,2024-05-30,2024-05-30,,,,none,none,0,False,False,0,no_strong_signal,신호 없음
mLQ1xNUrczE,"[스타 쇼츠 ] 또한 ""23년 전에 못 해준 걸 갚는 것""이라며 녹화 중 오열했다고 해 #스타쇼츠 #shorts  #short #스레드 #스팔 #쇼츠라인","구준엽 ""내가 돈'늦깎이 새신랑' 구준엽이 '라디오스타'를 통해 '대만 금잔디' 쉬시위안 서희원 와 꿀 떨어지는 대만 신혼생활을 공개한다. 또한 ""23년 전에 못 해준 걸 갚는 것""이라며 녹화 중 오열했다고 해 그 이유가 무엇인지 궁금증을 자아낸다. 그뿐만 아니라 구준엽은 두 사람의 재회 영상을 최초 공개, '라디오스타' 사상 최초 시청각 자료 셀프 대방출에 김구라 역시 만족스러워한다. 없어서 서희원과 결혼했고 최근 이혼했다는 가짜뉴스까지"" 구준엽은 특히 최근 결혼 후 대만을 떠들썩하게 만든 가짜 뉴스에 대해 솔직하게 대답했다. 구준엽은 ""제가 돈이 없어서 희원이와 결혼했고 희원이 돈을 훔쳐서 서울로 도망갔고 최근엔 희원이랑 이혼했고 희원이가 전남편에게 돌아갈 것이라는 등 시기하고 음해하는 분들이 생겼다""며 가짜뉴스에 대한 속마음도 공개했다는 후문이다.

스타 쇼츠  시작 인사드립니다.
[스타 쇼츠 ] #스타쇼츠 #쇼츠라인 # #shorts #소상공인마켓 #스레드 

안녕하세요, 여러분! 연예가스타 쇼츠가 드디어 시작되었습니다. 
여러분을 즐겁게 해줄 다양한 연예 소식과 스타들의 이야기를 전해드릴 예정입니다.

연예가스타 쇼츠는 최신 연예 소식부터 스타들의 인터뷰, 
뒷이야기까지 다양한 콘텐츠로 여러분을 즐겁게 해드릴 것입니다. 
스타들의 솔직한 이야기와 다양한 매력을 만나보실 수 있을 거예요.

또한, 연예가스타 쇼츠는 여러분의 의견과 참여를 환영합니다. 
스타들에게 궁금한 점이 있다면 언제든지 질문해주세요. 
우리 함께 스타들의 매력에 빠져보아요!

매일 연예가스타 쇼츠와 함께 즐거운 시간 보내시길 바랍니다. 많은 관심과 사랑 부탁드립니다 

Hello, everyone! Celebrity star shorts have finally started.
We are going to share various entertainment news and stories of stars that will make you happy.

Celebrity star shorts includes the latest entertainment news, interviews with stars,
We will entertain you with various contents including the behind-the-scenes stories.
You'll be able to see the candid stories and various charms of the stars.

Also, entertainer Star Shorts welcomes your opinions and participation.
If you have any questions for the stars, please feel free to ask.
Let's fall into the charms of stars together!

I hope you have a great time with celebrity star shorts every day. Please show a lot of interest and love.



#스타쇼츠 #shorts #소상공인마켓 #쇼츠라인 #shorts #이병진 #오은영 #서장훈 #이상민 #탁재훈 #이혜영 #미우새 #현진영 #김용임 #심하은 #송중기 #고소영 #장동건 #박군 #오은영 #일라이 #지연수 #서세원 #서세원사망 #김종국 #유재석 #서정희 #서동주  #탁재훈 #안성기 #이찬원 #박중훈 #옥문아 #김국진 #강수지#이수근 #백종원 #추성훈 #이소연 #장동민 #김종국 #추사랑 #송일국 #이상민 #박군 #안정환 #이혜원 #이민우 #김승현 #박수홍 #김다예 #유재석 #고현정 #김준호 #도경완  #박수홍 #송중기 #추성훈 #서장훈 #이상민 #미우새 #강변가요제 #이선희 #안문숙 #선우은숙 #김준호 #김지민 #돌싱포맨 #김흥국 #송중기 #김범수  #박미선 #유재석 #서장훈 #백종원  #소유진 #허재 #김태원 #부활 #영지 #심은하 #정호영  #미스터트롯2 #힐링캠프 #슈돌 #임영웅  #이경규 #한혜진 #김제동 #박군 #이찬원 #영탁 #김호중 #김희재 #정동원 #장민호 #김희재 #붐 #양지은 #재연배우 #송해 #남진 #설운도 #진성 #조영수  #이영애 #장윤정 #김다현 #김태연 #김의영 #홍지윤 #박주희 #미스트롯2 #미스트롯 #황우림 #장박 #캠핑#진해성 #나상도 #재하 #임주리 #안성준 #아는형님 #서혜진 #일박이일 #비데랜드 #구룡포과메기택배 #박여사영양찰떡 #유재석 #이상민 #탁재훈 #김종국 #미스트롯 #강변가요제 #불타는트롯맨 #손현주 #김종민 #화장실용품 #송가인 #송승헌 #송해 #한채아 #송해교 #서동주 #이세진 #양세찬 #양세형 #강수지 #강호동 #김지민 #김지수  #이혜영 #이혜원 #이혜정 #이혜지 #이혜성 #이혜라 #이혜인 #서정희 #정동원 #정호영  #정우  #정호석 #손태진 #손승완 #손현주 #손승연 #손유희 #손해사정인 #김호중 #김희재 #김태형 #김건희 #김다현 #김석진 #김채원 #김태연 #나상도 #나훈아 #박수홍 #박주희 #박서진 #박지민 #박지현 #박재범 #박호두 #박창근 #기성용 #차박 #차은우 #차두리 #최예나 #최신가요 #최석진 #최애의아이 #최성훈 #최재형 #최애 #최정 #성우 #성경 #손애진 #손혜진 #손혜원 #손혜주 #전지현 #전지희 #전지우 #유하인 # 송종국 #송헤나 #박나래 #전현무 #이광수 #김홍철 #아이유 #이영애 #박명수 #노홍철 #이수근 #백종원 #추성훈 #이소연 #장동민 #김종국 #추사랑 #송일국 #김병헌 #한채아 #이효리 #안정환 #이혜원 #이민우 #김승현 #박수홍 #김다예 #손현주 #고현정 #김준호 #도경완 #박수홍 #송중기 #추성훈 #서장훈 #이상민 #전현무  #선우은숙 #김준호 #김지민 #임원희 #김흥국 #김범수  #박미선 #유재석 #서장훈 #백종원 #손홍민 #송가인 #김호중 #김용만 #이만기 #박찬호 #류헌진 #이강인 #골테녀 #임영웅 #양헤찬 #양세형 #이천수 #박주호 #김민재 #이영표 #신지 #채리나 #은지원 #한채아 #배윤정 #유준상 #신동엽 #김희철 #딘딘 #김건우 #고창석 #오만석 #지창욱 #지상옥 #오종혁 #방시혁 #전소민 #하하 #이상이 #김건우 #한예종 #홍은희 #조영남 #조수미 #유지인 #조하나 #이현아 #조혜련 #박나래 #최여진 #최지우 #오남희 #신봉선 #이영하 #김남주 #심은하 #김희선 #수애 #수예 #최수종 #하희라 #김성주 #김동현 #한영 #현영 #김미려 #김연자 #김호영 #이석훈 #김남길 #김혜수 #고두심 #설경구 #박해일 #정재영 #정우성 #박성웅 #박유나 #김준한 #염정아 #박정민 #고민서 #조권 #조인성 #권상우 #서준맘  #비데나라포항 #포항비데 #경주비데 #영덕비데 #울진비데 #강릉비데 #평택비데 #속초비데 #울산비데 #안동비데 #현대큐밍 #비데나라 #비데랜드 #구룡포과메기 #챗GPT #포항비데렌드​ #비데구입 #비데구입 #지수 #안보현 #전소미 #전주비데 #군산비데 #익산비데 #정읍비데 #남원비데 #김제비데 #완주비데 #진안비데 #무주비데 #장수비데 #임실비데 #순창비데 #고창비데 #부안비데 #경기도비데 #수원비데 #용인비데 #성남비데 #고양비데 #부천비데 #안산비데 #안양비데 #남양주비데 #화성비데 #평택시비데 #의왕비데 #이천비데 #안성비데 #김포비데 #광주시비데 #광명비데 #군포비데 #시흥비데 #오산비데 #하남비데 #여주비데 #양주비데 #의정부비데 #동두천비데 #구리비데 #남양주시비데 #파주시비데 #여주비데 #인천비데 #부평비데 #계양구비데 #남동구비데 #연수구비데 #서구비데 #중구비데 #동구비데 #옹진군비데 #강화군비데 #동해비데 #삼척비데 #속초비데 #원주비데 #춘천비데 #태백비데 #고성비데 #양양비데 #양구비데 #영월비데 #인제비데 #정선비데 #철원비데 #평창비데 #홍천비데 #화천비데 #횡성비데 #전라남도 #광양비데 #구례비데 #나주비데 #담양비데 #목포비데 #무안비데 #보성비데 #순천비데 #신안비데 #여수비데 #영광비데 #영암비데 #완도비데 #장성비데 #장흥비데 #진도비데 #함평비데 #해남비데 #화순비데 #전주비데 #군산비데 #익산비데 #정읍비데 #남원비데 #김제비데 #완주비데 #진안비데 #무주비데 #장수비데 #임실비데 #순창비데 #고창비데 #부안비데 #비발인솔 #비발깔창 #깔창 #깔창추천 #깔창맛집 #경상남도 #창원비데 #진주비데 #통영비데 #사천비데 #김해비데 #밀양비데 #거제비데 #양산비데 #의령비데 #함안비데 #창녕비데 #고성비데 #남해비데 #하동비데 #산청비데 #함양비데 #거창비데 #합천비데 #마산비데​ #경상북도 #포항비데 #경주비데 #안동비데 #영주비데 #영천비데 #경산비데 #문경비데 #상주비데 #김천비데 #칠곡비데 #군위비데 #의성비데 #청송비데 #영양비데 #영덕비데 #청도비데 #고령비데 #성주비데 #칠곡비데 #예천비데 #봉화비데 #울진비데 #울릉비데 #대구비데 #중구비데 #동구비데 #서구비데 #남구비데 #북구비데 #수성구비데 #달서구비데 #달성군비데 #대구비데 #중구비데 #동구비데 #서구비데 #남구비데 #북구비데 #수성구비데 #달서구비데 #달성군비데 #부산비데 #해운대구비데 #남구비데 #동래구비데 #북구비데 #강서구비데 #금정구비데 #연제구비데 #수영구비데 #사상구비데 #사하구비데 #기장군비데 #동구비데 #중구비데 #영도구비데 #서구비데 #종로구비데 #중구비데 #용산구비데 #성동구비데 #광진구비데 #동대문구비데 #중랑구비데 #성북구비데 #강북구비데 #도봉구비데 #노원구비데 #은평구비데 #서대문구비데 #마포구비데 #양천구비데 #강서구비데 #구로구비데 #금천구비데 #영등포구비데 #동작구비데 #관악구비데 #서초구비데 #강남구비데 #송파구비데 #강동구비데 #서울비데 #강동구비데 #강북구비데 #관악구비데 #광진구비데 #구로구비데 #금천구비데 #노원구비데 #도봉구비데 #동대문구비데 #동작구비데 #마포구비데 #서대문구비데 #서초구비데 #성동구비데 #성북구비데 #송파구비데 #양천구비데 #영등포구비데 #용산구비데 #은평구비데 #중구비데 #중랑구비데 #울산비데 #남구비데 #동구비데 #북구비데 #울주군비데 #대전비데 #대전시비데 #유성구비데 #서구비데 #중구비데 #동구비데 #대덕구비데 #세종비데​ #구준엽 #서희원 #한혜진 #전현무 #기안 #박나래 #김보검 #비대먄샵
#연예기스타쇼츠 #비대면샵",UCXljVZHHkaV88NSGHfKTaJg,스타쇼츠 & 연예가소식 ,2023-08-08T04:07:58Z,56,0.93,True,3,0,0,https://www.youtube.com/watch?v=mLQ1xNUrczE,661,573,PF240061,조수미 in Love [오산],서양음악(클래식),오산문화예술회관 대공연장,2024-05-30,2024-05-30,,,,none,none,0,False,False,0,no_strong_signal,신호 없음
eYK6Q1rwXvA,앵두걸스가 떴다!! #앵두걸스 #노래 #로또 #로또챌린지 #lotto #dance #추천 #카우보이 #려화 #kpop #kpopchallenge #kbs #무빌 #방송 #박앵두,,UCu1OPQ4Ob7QWd1YSpYevnmg,앵두걸스 JMORNING TV,2023-09-30T14:52:26Z,18,0.3,True,9088,199,12,https://www.youtube.com/watch?v=eYK6Q1rwXvA,68200,8124,PF240061,조수미 in Love [오산],서양음악(클래식),오산문화예술회관 대공연장,2024-05-30,2024-05-30,,,,none,none,0,False,False,0,no_strong_signal,신호 없음
x1-00V2qj9w,"[스타 쇼츠 ] 박병은 ""조인성, '미우새' 어울려…공유, 결혼 빨리할 듯""  #스타쇼츠 #shorts  #short #스레드 #스팔 #쇼츠라인","박병은 ""조인성, '미우새' 어울려…공유, 결혼 빨리할 듯""  배우 박병은이 '낚시 메이트'인 조인성과 공유를 언급했다.

서장훈이 ""두 분이 영상통화를 한 시간씩 한다고""라고 친분에 대해 궁금해하자, 박병은은 ""가끔 혼술 하는 걸 좋아하는데 인성이도 집에서 저녁 먹으면서 간단히 한다. 혼술하면서 영상통화를 한다""라고 전했다. 서장훈이 ""둘이 사귀어요?""라고 물었더니 신동엽은 ""우리도 이제 선진국이니까 뭐""라고 너스레를 떨어 웃음을 안겼다. 

주변에서 가장 먼저 결혼할 것 같은 사람이 누구냐는 신동엽의 물음에 박병은은 ""공유 씨가 좀 빨리할 것 같다. 낚시를 같이 다녔는데 항상 제가 잡은 것도 손질해 준다. 집에가서 '형, 잡은 참돔 튀겨 소스했더니 너무 맛있다'라고 하며 사진도 보내준다""라고 공유의 다정한 면모를 설명했다.
스타 쇼츠  시작 인사드립니다.
[스타 쇼츠 ] #스타쇼츠 #쇼츠라인 # #shorts #소상공인마켓 #스레드 

안녕하세요, 여러분! 연예가스타 쇼츠가 드디어 시작되었습니다. 
여러분을 즐겁게 해줄 다양한 연예 소식과 스타들의 이야기를 전해드릴 예정입니다.

연예가스타 쇼츠는 최신 연예 소식부터 스타들의 인터뷰, 
뒷이야기까지 다양한 콘텐츠로 여러분을 즐겁게 해드릴 것입니다. 
스타들의 솔직한 이야기와 다양한 매력을 만나보실 수 있을 거예요.

또한, 연예가스타 쇼츠는 여러분의 의견과 참여를 환영합니다. 
스타들에게 궁금한 점이 있다면 언제든지 질문해주세요. 
우리 함께 스타들의 매력에 빠져보아요!

매일 연예가스타 쇼츠와 함께 즐거운 시간 보내시길 바랍니다. 많은 관심과 사랑 부탁드립니다 

Hello, everyone! Celebrity star shorts have finally started.
We are going to share various entertainment news and stories of stars that will make you happy.

Celebrity star shorts includes the latest entertainment news, interviews with stars,
We will entertain you with various contents including the behind-the-scenes stories.
You'll be able to see the candid stories and various charms of the stars.

Also, entertainer Star Shorts welcomes your opinions and participation.
If you have any questions for the stars, please feel free to ask.
Let's fall into the charms of stars together!

I hope you have a great time with celebrity star shorts every day. Please show a lot of interest and love.



#스타쇼츠 #shorts #소상공인마켓 #쇼츠라인 #shorts #이병진 #오은영 #서장훈 #이상민 #탁재훈 #이혜영 #미우새 #현진영 #김용임 #심하은 #송중기 #고소영 #장동건 #박군 #오은영 #일라이 #지연수 #서세원 #서세원사망 #김종국 #유재석 #서정희 #서동주  #탁재훈 #안성기 #이찬원 #박중훈 #옥문아 #김국진 #강수지#이수근 #백종원 #추성훈 #이소연 #장동민 #김종국 #추사랑 #송일국 #이상민 #박군 #안정환 #이혜원 #이민우 #김승현 #박수홍 #김다예 #유재석 #고현정 #김준호 #도경완  #박수홍 #송중기 #추성훈 #서장훈 #이상민 #미우새 #강변가요제 #이선희 #안문숙 #선우은숙 #김준호 #김지민 #돌싱포맨 #김흥국 #송중기 #김범수  #박미선 #유재석 #서장훈 #백종원  #소유진 #허재 #김태원 #부활 #영지 #심은하 #정호영  #미스터트롯2 #힐링캠프 #슈돌 #임영웅  #이경규 #한혜진 #김제동 #박군 #이찬원 #영탁 #김호중 #김희재 #정동원 #장민호 #김희재 #붐 #양지은 #재연배우 #송해 #남진 #설운도 #진성 #조영수  #이영애 #장윤정 #김다현 #김태연 #김의영 #홍지윤 #박주희 #미스트롯2 #미스트롯 #황우림 #장박 #캠핑#진해성 #나상도 #재하 #임주리 #안성준 #아는형님 #서혜진 #일박이일 #비데랜드 #구룡포과메기택배 #박여사영양찰떡 #유재석 #이상민 #탁재훈 #김종국 #미스트롯 #강변가요제 #불타는트롯맨 #손현주 #김종민 #화장실용품 #송가인 #송승헌 #송해 #한채아 #송해교 #서동주 #이세진 #양세찬 #양세형 #강수지 #강호동 #김지민 #김지수  #이혜영 #이혜원 #이혜정 #이혜지 #이혜성 #이혜라 #이혜인 #서정희 #정동원 #정호영  #정우  #정호석 #손태진 #손승완 #손현주 #손승연 #손유희 #손해사정인 #김호중 #김희재 #김태형 #김건희 #김다현 #김석진 #김채원 #김태연 #나상도 #나훈아 #박수홍 #박주희 #박서진 #박지민 #박지현 #박재범 #박호두 #박창근 #기성용 #차박 #차은우 #차두리 #최예나 #최신가요 #최석진 #최애의아이 #최성훈 #최재형 #최애 #최정 #성우 #성경 #손애진 #손혜진 #손혜원 #손혜주 #전지현 #전지희 #전지우 #유하인 # 송종국 #송헤나 #박나래 #전현무 #이광수 #김홍철 #아이유 #이영애 #박명수 #노홍철 #이수근 #백종원 #추성훈 #이소연 #장동민 #김종국 #추사랑 #송일국 #김병헌 #한채아 #이효리 #안정환 #이혜원 #이민우 #김승현 #박수홍 #김다예 #손현주 #고현정 #김준호 #도경완 #박수홍 #송중기 #추성훈 #서장훈 #이상민 #전현무  #선우은숙 #김준호 #김지민 #임원희 #김흥국 #김범수  #박미선 #유재석 #서장훈 #백종원 #손홍민 #송가인 #김호중 #김용만 #이만기 #박찬호 #류헌진 #이강인 #골테녀 #임영웅 #양헤찬 #양세형 #이천수 #박주호 #김민재 #이영표 #신지 #채리나 #은지원 #한채아 #배윤정 #유준상 #신동엽 #김희철 #딘딘 #김건우 #고창석 #오만석 #지창욱 #지상옥 #오종혁 #방시혁 #전소민 #하하 #이상이 #김건우 #한예종 #홍은희 #조영남 #조수미 #유지인 #조하나 #이현아 #조혜련 #박나래 #최여진 #최지우 #오남희 #신봉선 #이영하 #김남주 #심은하 #김희선 #수애 #수예 #최수종 #하희라 #김성주 #김동현 #한영 #현영 #김미려 #김연자 #김호영 #이석훈 #김남길 #김혜수 #고두심 #설경구 #박해일 #정재영 #정우성 #박성웅 #박유나 #김준한 #염정아 #박정민 #고민서 #조권 #조인성 #권상우 #서준맘  #비데나라포항 #포항비데 #경주비데 #영덕비데 #울진비데 #강릉비데 #평택비데 #속초비데 #울산비데 #안동비데 #현대큐밍 #비데나라 #비데랜드 #구룡포과메기 #챗GPT #포항비데렌드​ #비데구입 #비데구입 #지수 #안보현 #전소미 #전주비데 #군산비데 #익산비데 #정읍비데 #남원비데 #김제비데 #완주비데 #진안비데 #무주비데 #장수비데 #임실비데 #순창비데 #고창비데 #부안비데 #경기도비데 #수원비데 #용인비데 #성남비데 #고양비데 #부천비데 #안산비데 #안양비데 #남양주비데 #화성비데 #평택시비데 #의왕비데 #이천비데 #안성비데 #김포비데 #광주시비데 #광명비데 #군포비데 #시흥비데 #오산비데 #하남비데 #여주비데 #양주비데 #의정부비데 #동두천비데 #구리비데 #남양주시비데 #파주시비데 #여주비데 #인천비데 #부평비데 #계양구비데 #남동구비데 #연수구비데 #서구비데 #중구비데 #동구비데 #옹진군비데 #강화군비데 #동해비데 #삼척비데 #속초비데 #원주비데 #춘천비데 #태백비데 #고성비데 #양양비데 #양구비데 #영월비데 #인제비데 #정선비데 #철원비데 #평창비데 #홍천비데 #화천비데 #횡성비데 #전라남도 #광양비데 #구례비데 #나주비데 #담양비데 #목포비데 #무안비데 #보성비데 #순천비데 #신안비데 #여수비데 #영광비데 #영암비데 #완도비데 #장성비데 #장흥비데 #진도비데 #함평비데 #해남비데 #화순비데 #전주비데 #군산비데 #익산비데 #정읍비데 #남원비데 #김제비데 #완주비데 #진안비데 #무주비데 #장수비데 #임실비데 #순창비데 #고창비데 #부안비데 #비발인솔 #비발깔창 #깔창 #깔창추천 #깔창맛집 #경상남도 #창원비데 #진주비데 #통영비데 #사천비데 #김해비데 #밀양비데 #거제비데 #양산비데 #의령비데 #함안비데 #창녕비데 #고성비데 #남해비데 #하동비데 #산청비데 #함양비데 #거창비데 #합천비데 #마산비데​ #경상북도 #포항비데 #경주비데 #안동비데 #영주비데 #영천비데 #경산비데 #문경비데 #상주비데 #김천비데 #칠곡비데 #군위비데 #의성비데 #청송비데 #영양비데 #영덕비데 #청도비데 #고령비데 #성주비데 #칠곡비데 #예천비데 #봉화비데 #울진비데 #울릉비데 #대구비데 #중구비데 #동구비데 #서구비데 #남구비데 #북구비데 #수성구비데 #달서구비데 #달성군비데 #대구비데 #중구비데 #동구비데 #서구비데 #남구비데 #북구비데 #수성구비데 #달서구비데 #달성군비데 #부산비데 #해운대구비데 #남구비데 #동래구비데 #북구비데 #강서구비데 #금정구비데 #연제구비데 #수영구비데 #사상구비데 #사하구비데 #기장군비데 #동구비데 #중구비데 #영도구비데 #서구비데 #종로구비데 #중구비데 #용산구비데 #성동구비데 #광진구비데 #동대문구비데 #중랑구비데 #성북구비데 #강북구비데 #도봉구비데 #노원구비데 #은평구비데 #서대문구비데 #마포구비데 #양천구비데 #강서구비데 #구로구비데 #금천구비데 #영등포구비데 #동작구비데 #관악구비데 #서초구비데 #강남구비데 #송파구비데 #강동구비데 #서울비데 #강동구비데 #강북구비데 #관악구비데 #광진구비데 #구로구비데 #금천구비데 #노원구비데 #도봉구비데 #동대문구비데 #동작구비데 #마포구비데 #서대문구비데 #서초구비데 #성동구비데 #성북구비데 #송파구비데 #양천구비데 #영등포구비데 #용산구비데 #은평구비데 #중구비데 #중랑구비데 #울산비데 #남구비데 #동구비데 #북구비데 #울주군비데 #대전비데 #대전시비데 #유성구비데 #서구비데 #중구비데 #동구비데 #대덕구비데 #세종비데​ 
#연예기스타쇼츠 #비대면샵",UCXljVZHHkaV88NSGHfKTaJg,스타쇼츠 & 연예가소식 ,2023-08-08T08:21:13Z,59,0.98,True,166,3,0,https://www.youtube.com/watch?v=x1-00V2qj9w,661,573,PF240061,조수미 in Love [오산],서양음악(클래식),오산문화예술회관 대공연장,2024-05-30,2024-05-30,,,,none,none,0,False,False,0,no_strong_signal,신호 없음
1QjfMg_LSHc,"'미우새' 이후 두문불출 박수홍 모친, 결국 법정 선다 #스타쇼츠 #shorts  #short #스레드 #스팔 #쇼츠라인 #박수홍 #비데랜드  #서장훈","'미우새' 이후 두문불출 박수홍 모친, 결국 법정 선다 
#스타쇼츠 #shorts  #short #스레드 #스팔 #쇼츠라인 #박수홍 #비데랜드  #서장훈

스타 쇼츠  시작 인사드립니다.
[스타 쇼츠 ] #스타쇼츠 #쇼츠라인 # #shorts #소상공인마켓 #스레드 

안녕하세요, 여러분! 연예가스타 쇼츠가 드디어 시작되었습니다. 
여러분을 즐겁게 해줄 다양한 연예 소식과 스타들의 이야기를 전해드릴 예정입니다.

연예가스타 쇼츠는 최신 연예 소식부터 스타들의 인터뷰, 
뒷이야기까지 다양한 콘텐츠로 여러분을 즐겁게 해드릴 것입니다. 
스타들의 솔직한 이야기와 다양한 매력을 만나보실 수 있을 거예요.

또한, 연예가스타 쇼츠는 여러분의 의견과 참여를 환영합니다. 
스타들에게 궁금한 점이 있다면 언제든지 질문해주세요. 
우리 함께 스타들의 매력에 빠져보아요!

매일 연예가스타 쇼츠와 함께 즐거운 시간 보내시길 바랍니다. 많은 관심과 사랑 부탁드립니다 

Hello, everyone! Celebrity star shorts have finally started.
We are going to share various entertainment news and stories of stars that will make you happy.

Celebrity star shorts includes the latest entertainment news, interviews with stars,
We will entertain you with various contents including the behind-the-scenes stories.
You'll be able to see the candid stories and various charms of the stars.

Also, entertainer Star Shorts welcomes your opinions and participation.
If you have any questions for the stars, please feel free to ask.
Let's fall into the charms of stars together!

I hope you have a great time with celebrity star shorts every day. Please show a lot of interest and love.

#스타쇼츠 #shorts #소상공인마켓 #쇼츠라인 #shorts #이병진 #오은영 #서장훈 #이상민 #탁재훈 #이혜영 #미우새 #현진영 #김용임 #심하은 #송중기 #고소영 #장동건 #박군 #오은영 #일라이 #지연수 #서세원 #서세원사망 #김종국 #유재석 #서정희 #서동주  #탁재훈 #안성기 #이찬원 #박중훈 #옥문아 #김국진 #강수지#이수근 #백종원 #추성훈 #이소연 #장동민 #김종국 #추사랑 #송일국 #이상민 #박군 #안정환 #이혜원 #이민우 #김승현 #박수홍 #김다예 #유재석 #고현정 #김준호 #도경완  #박수홍 #송중기 #추성훈 #서장훈 #이상민 #미우새 #강변가요제 #이선희 #안문숙 #선우은숙 #김준호 #김지민 #돌싱포맨 #김흥국 #송중기 #김범수  #박미선 #유재석 #서장훈 #백종원  #소유진 #허재 #김태원 #부활 #영지 #심은하 #정호영  #미스터트롯2 #힐링캠프 #슈돌 #임영웅  #이경규 #한혜진 #김제동 #박군 #이찬원 #영탁 #김호중 #김희재 #정동원 #장민호 #김희재 #붐 #양지은 #재연배우 #송해 #남진 #설운도 #진성 #조영수  #이영애 #장윤정 #김다현 #김태연 #김의영 #홍지윤 #박주희 #미스트롯2 #미스트롯 #황우림 #장박 #캠핑#진해성 #나상도 #재하 #임주리 #안성준 #아는형님 #서혜진 #일박이일 #비데랜드 #구룡포과메기택배 #박여사영양찰떡 #유재석 #이상민 #탁재훈 #김종국 #미스트롯 #강변가요제 #불타는트롯맨 #손현주 #김종민 #화장실용품 #송가인 #송승헌 #송해 #한채아 #송해교 #서동주 #이세진 #양세찬 #양세형 #강수지 #강호동 #김지민 #김지수  #이혜영 #이혜원 #이혜정 #이혜지 #이혜성 #이혜라 #이혜인 #서정희 #정동원 #정호영  #정우  #정호석 #손태진 #손승완 #손현주 #손승연 #손유희 #손해사정인 #김호중 #김희재 #김태형 #김건희 #김다현 #김석진 #김채원 #김태연 #나상도 #나훈아 #박수홍 #박주희 #박서진 #박지민 #박지현 #박재범 #박호두 #박창근 #기성용 #차박 #차은우 #차두리 #최예나 #최신가요 #최석진 #최애의아이 #최성훈 #최재형 #최애 #최정 #성우 #성경 #손애진 #손혜진 #손혜원 #손혜주 #전지현 #전지희 #전지우 #유하인 # 송종국 #송헤나 #박나래 #전현무 #이광수 #김홍철 #아이유 #이영애 #박명수 #노홍철 #이수근 #백종원 #추성훈 #이소연 #장동민 #김종국 #추사랑 #송일국 #김병헌 #한채아 #이효리 #안정환 #이혜원 #이민우 #김승현 #박수홍 #김다예 #손현주 #고현정 #김준호 #도경완 #박수홍 #송중기 #추성훈 #서장훈 #이상민 #전현무  #선우은숙 #김준호 #김지민 #임원희 #김흥국 #김범수  #박미선 #유재석 #서장훈 #백종원 #손홍민 #송가인 #김호중 #김용만 #이만기 #박찬호 #류헌진 #이강인 #골테녀 #임영웅 #양헤찬 #양세형 #이천수 #박주호 #김민재 #이영표 #신지 #채리나 #은지원 #한채아 #배윤정 #유준상 #신동엽 #김희철 #딘딘 #김건우 #고창석 #오만석 #지창욱 #지상옥 #오종혁 #방시혁 #전소민 #하하 #이상이 #김건우 #한예종 #홍은희 #조영남 #조수미 #유지인 #조하나 #이현아 #조혜련 #박나래 #최여진 #최지우 #오남희 #신봉선 #이영하 #김남주 #심은하 #김희선 #수애 #수예 #최수종 #하희라 #김성주 #김동현 #한영 #현영 #김미려 #김연자 #김호영 #이석훈 #김남길 #김혜수 #고두심 #설경구 #박해일 #정재영 #정우성 #박성웅 #박유나 #김준한 #염정아 #박정민 #고민서 #조권 #조인성 #권상우 #서준맘  #비데나라포항 #포항비데 #경주비데 #영덕비데 #울진비데 #강릉비데 #평택비데 #속초비데 #울산비데 #안동비데 #현대큐밍 #비데나라 #비데랜드 #구룡포과메기 #챗GPT #포항비데렌드​ #비데구입 #비데구입 #지수 #안보현 #전소미 #전주비데 #군산비데 #익산비데 #정읍비데 #남원비데 #김제비데 #완주비데 #진안비데 #무주비데 #장수비데 #임실비데 #순창비데 #고창비데 #부안비데 #경기도비데 #수원비데 #용인비데 #성남비데 #고양비데 #부천비데 #안산비데 #안양비데 #남양주비데 #화성비데 #평택시비데 #의왕비데 #이천비데 #안성비데 #김포비데 #광주시비데 #광명비데 #군포비데 #시흥비데 #오산비데 #하남비데 #여주비데 #양주비데 #의정부비데 #동두천비데 #구리비데 #남양주시비데 #파주시비데 #여주비데 #인천비데 #부평비데 #계양구비데 #남동구비데 #연수구비데 #서구비데 #중구비데 #동구비데 #옹진군비데 #강화군비데 #동해비데 #삼척비데 #속초비데 #원주비데 #춘천비데 #태백비데 #고성비데 #양양비데 #양구비데 #영월비데 #인제비데 #정선비데 #철원비데 #평창비데 #홍천비데 #화천비데 #횡성비데 #전라남도 #광양비데 #구례비데 #나주비데 #담양비데 #목포비데 #무안비데 #보성비데 #순천비데 #신안비데 #여수비데 #영광비데 #영암비데 #완도비데 #장성비데 #장흥비데 #진도비데 #함평비데 #해남비데 #화순비데 #전주비데 #군산비데 #익산비데 #정읍비데 #남원비데 #김제비데 #완주비데 #진안비데 #무주비데 #장수비데 #임실비데 #순창비데 #고창비데 #부안비데 #비발인솔 #비발깔창 #깔창 #깔창추천 #깔창맛집 #경상남도 #창원비데 #진주비데 #통영비데 #사천비데 #김해비데 #밀양비데 #거제비데 #양산비데 #의령비데 #함안비데 #창녕비데 #고성비데 #남해비데 #하동비데 #산청비데 #함양비데 #거창비데 #합천비데 #마산비데​ #경상북도 #포항비데 #경주비데 #안동비데 #영주비데 #영천비데 #경산비데 #문경비데 #상주비데 #김천비데 #칠곡비데 #군위비데 #의성비데 #청송비데 #영양비데 #영덕비데 #청도비데 #고령비데 #성주비데 #칠곡비데 #예천비데 #봉화비데 #울진비데 #울릉비데 #대구비데 #중구비데 #동구비데 #서구비데 #남구비데 #북구비데 #수성구비데 #달서구비데 #달성군비데 #대구비데 #중구비데 #동구비데 #서구비데 #남구비데 #북구비데 #수성구비데 #달서구비데 #달성군비데 #부산비데 #해운대구비데 #남구비데 #동래구비데 #북구비데 #강서구비데 #금정구비데 #연제구비데 #수영구비데 #사상구비데 #사하구비데 #기장군비데 #동구비데 #중구비데 #영도구비데 #서구비데 #종로구비데 #중구비데 #용산구비데 #성동구비데 #광진구비데 #동대문구비데 #중랑구비데 #성북구비데 #강북구비데 #도봉구비데 #노원구비데 #은평구비데 #서대문구비데 #마포구비데 #양천구비데 #강서구비데 #구로구비데 #금천구비데 #영등포구비데 #동작구비데 #관악구비데 #서초구비데 #강남구비데 #송파구비데 #강동구비데 #서울비데 #강동구비데 #강북구비데 #관악구비데 #광진구비데 #구로구비데 #금천구비데 #노원구비데 #도봉구비데 #동대문구비데 #동작구비데 #마포구비데 #서대문구비데 #서초구비데 #성동구비데 #성북구비데 #송파구비데 #양천구비데 #영등포구비데 #용산구비데 #은평구비데 #중구비데 #중랑구비데 #울산비데 #남구비데 #동구비데 #북구비데 #울주군비데 #대전비데 #대전시비데 #유성구비데 #서구비데 #중구비데 #동구비데 #대덕구비데 #세종비데​ 
#연예기스타쇼츠 #비대면샵 #김희선 #강형욱 #손석구 #김희애 #한가인 #박준금 #보아 #이미도 #송강호 #윤태진 #이수만 #박진영 #한성주 #오현경 #백지영 #티아라지연 #조현아 #이승연 #김희선 #유해진 #강형욱 #성아영 #한가인 #이미도 #박준금 #보아 #송강호 #구준엽 #박나래 #기안 #한혜진 #김대희 #양상국 #신봉선 #김신영 #엄정화 #도지원 #박소원 #최혜정 #예지원 #윤미라 #김세형 #조미령 #설현 #한소희 #김소은 #윤아 #혜리 #아이유 #한지민 #김유정 #장서희 #김완선 #정은지 #이경실 #최병서 #김구라 #박진영 #비 #신미 #김대호",UCXljVZHHkaV88NSGHfKTaJg,스타쇼츠 & 연예가소식 ,2023-08-10T07:15:24Z,57,0.95,True,74,1,0,https://www.youtube.com/watch?v=1QjfMg_LSHc,661,573,PF240061,조수미 in Love [오산],서양음악(클래식),오산문화예술회관 대공연장,2024-05-30,2024-05-30,,,,none,none,0,False,False,0,no_strong_signal,신호 없음
H2RMbsP0WDk,"[스타 쇼츠 ] 전현무 저격? 한혜진 ""전남친 옷 많이 사줬다,  #스타쇼츠 #shorts  #short #스레드 #스팔 #쇼츠라인","전현무 저격? 한혜진 ""전남친 옷 많이 사줬다, 너무 꼴보기 싫게 입고 나와서"" 모델 겸 방송인 한혜진이 패션 센스 없던 전남친을 언급한다. 본인의 외모에 집착하는 남자친구 때문에 상처받은 고민녀의 사연이 방송된다.한혜진은 “제가 얼태기가 10년 전쯤에 왔었어요”라며 모델 활동을 하며 자신의 얼굴을 몇 십 년 동안 모니터링했더니 나중엔 본인의 얼굴을 다 뜯어내고 싶을 정도로 지겨워져서 현장에서 모니터링을 안 하게 되더라며 직업적으로 진짜 ‘얼태기’를 겪었던 경험을 털어놓는다. 그러면서 요즘 사람들은 모델이나 연예인처럼 자기 얼굴을 수시로 모니터링하니까 ‘얼태기’가 오는 것이라 설명한다.한혜진은 “그래서 좀 많이 사주긴 했지. 너무 꼴 보기 싫게 입고 나와서”라고 말해 스튜디오를 웃음바다로 만들었다고.“저는 얼태기가 전혀 없어요. 아예 보질 않아”라며 셀카조차 단 한 번도 찍은 적이 없다고 덧붙인다.

스타 쇼츠  시작 인사드립니다.
[스타 쇼츠 ] #스타쇼츠 #쇼츠라인 # #shorts #소상공인마켓 #스레드 

안녕하세요, 여러분! 연예가스타 쇼츠가 드디어 시작되었습니다. 
여러분을 즐겁게 해줄 다양한 연예 소식과 스타들의 이야기를 전해드릴 예정입니다.

연예가스타 쇼츠는 최신 연예 소식부터 스타들의 인터뷰, 
뒷이야기까지 다양한 콘텐츠로 여러분을 즐겁게 해드릴 것입니다. 
스타들의 솔직한 이야기와 다양한 매력을 만나보실 수 있을 거예요.

또한, 연예가스타 쇼츠는 여러분의 의견과 참여를 환영합니다. 
스타들에게 궁금한 점이 있다면 언제든지 질문해주세요. 
우리 함께 스타들의 매력에 빠져보아요!

매일 연예가스타 쇼츠와 함께 즐거운 시간 보내시길 바랍니다. 많은 관심과 사랑 부탁드립니다 

Hello, everyone! Celebrity star shorts have finally started.
We are going to share various entertainment news and stories of stars that will make you happy.

Celebrity star shorts includes the latest entertainment news, interviews with stars,
We will entertain you with various contents including the behind-the-scenes stories.
You'll be able to see the candid stories and various charms of the stars.

Also, entertainer Star Shorts welcomes your opinions and participation.
If you have any questions for the stars, please feel free to ask.
Let's fall into the charms of stars together!

I hope you have a great time with celebrity star shorts every day. Please show a lot of interest and love.



#스타쇼츠 #shorts #소상공인마켓 #쇼츠라인 #shorts #이병진 #오은영 #서장훈 #이상민 #탁재훈 #이혜영 #미우새 #현진영 #김용임 #심하은 #송중기 #고소영 #장동건 #박군 #오은영 #일라이 #지연수 #서세원 #서세원사망 #김종국 #유재석 #서정희 #서동주  #탁재훈 #안성기 #이찬원 #박중훈 #옥문아 #김국진 #강수지#이수근 #백종원 #추성훈 #이소연 #장동민 #김종국 #추사랑 #송일국 #이상민 #박군 #안정환 #이혜원 #이민우 #김승현 #박수홍 #김다예 #유재석 #고현정 #김준호 #도경완  #박수홍 #송중기 #추성훈 #서장훈 #이상민 #미우새 #강변가요제 #이선희 #안문숙 #선우은숙 #김준호 #김지민 #돌싱포맨 #김흥국 #송중기 #김범수  #박미선 #유재석 #서장훈 #백종원  #소유진 #허재 #김태원 #부활 #영지 #심은하 #정호영  #미스터트롯2 #힐링캠프 #슈돌 #임영웅  #이경규 #한혜진 #김제동 #박군 #이찬원 #영탁 #김호중 #김희재 #정동원 #장민호 #김희재 #붐 #양지은 #재연배우 #송해 #남진 #설운도 #진성 #조영수  #이영애 #장윤정 #김다현 #김태연 #김의영 #홍지윤 #박주희 #미스트롯2 #미스트롯 #황우림 #장박 #캠핑#진해성 #나상도 #재하 #임주리 #안성준 #아는형님 #서혜진 #일박이일 #비데랜드 #구룡포과메기택배 #박여사영양찰떡 #유재석 #이상민 #탁재훈 #김종국 #미스트롯 #강변가요제 #불타는트롯맨 #손현주 #김종민 #화장실용품 #송가인 #송승헌 #송해 #한채아 #송해교 #서동주 #이세진 #양세찬 #양세형 #강수지 #강호동 #김지민 #김지수  #이혜영 #이혜원 #이혜정 #이혜지 #이혜성 #이혜라 #이혜인 #서정희 #정동원 #정호영  #정우  #정호석 #손태진 #손승완 #손현주 #손승연 #손유희 #손해사정인 #김호중 #김희재 #김태형 #김건희 #김다현 #김석진 #김채원 #김태연 #나상도 #나훈아 #박수홍 #박주희 #박서진 #박지민 #박지현 #박재범 #박호두 #박창근 #기성용 #차박 #차은우 #차두리 #최예나 #최신가요 #최석진 #최애의아이 #최성훈 #최재형 #최애 #최정 #성우 #성경 #손애진 #손혜진 #손혜원 #손혜주 #전지현 #전지희 #전지우 #유하인 # 송종국 #송헤나 #박나래 #전현무 #이광수 #김홍철 #아이유 #이영애 #박명수 #노홍철 #이수근 #백종원 #추성훈 #이소연 #장동민 #김종국 #추사랑 #송일국 #김병헌 #한채아 #이효리 #안정환 #이혜원 #이민우 #김승현 #박수홍 #김다예 #손현주 #고현정 #김준호 #도경완 #박수홍 #송중기 #추성훈 #서장훈 #이상민 #전현무  #선우은숙 #김준호 #김지민 #임원희 #김흥국 #김범수  #박미선 #유재석 #서장훈 #백종원 #손홍민 #송가인 #김호중 #김용만 #이만기 #박찬호 #류헌진 #이강인 #골테녀 #임영웅 #양헤찬 #양세형 #이천수 #박주호 #김민재 #이영표 #신지 #채리나 #은지원 #한채아 #배윤정 #유준상 #신동엽 #김희철 #딘딘 #김건우 #고창석 #오만석 #지창욱 #지상옥 #오종혁 #방시혁 #전소민 #하하 #이상이 #김건우 #한예종 #홍은희 #조영남 #조수미 #유지인 #조하나 #이현아 #조혜련 #박나래 #최여진 #최지우 #오남희 #신봉선 #이영하 #김남주 #심은하 #김희선 #수애 #수예 #최수종 #하희라 #김성주 #김동현 #한영 #현영 #김미려 #김연자 #김호영 #이석훈 #김남길 #김혜수 #고두심 #설경구 #박해일 #정재영 #정우성 #박성웅 #박유나 #김준한 #염정아 #박정민 #고민서 #조권 #조인성 #권상우 #서준맘  #비데나라포항 #포항비데 #경주비데 #영덕비데 #울진비데 #강릉비데 #평택비데 #속초비데 #울산비데 #안동비데 #현대큐밍 #비데나라 #비데랜드 #구룡포과메기 #챗GPT #포항비데렌드​ #비데구입 #비데구입 #지수 #안보현 #전소미 #전주비데 #군산비데 #익산비데 #정읍비데 #남원비데 #김제비데 #완주비데 #진안비데 #무주비데 #장수비데 #임실비데 #순창비데 #고창비데 #부안비데 #경기도비데 #수원비데 #용인비데 #성남비데 #고양비데 #부천비데 #안산비데 #안양비데 #남양주비데 #화성비데 #평택시비데 #의왕비데 #이천비데 #안성비데 #김포비데 #광주시비데 #광명비데 #군포비데 #시흥비데 #오산비데 #하남비데 #여주비데 #양주비데 #의정부비데 #동두천비데 #구리비데 #남양주시비데 #파주시비데 #여주비데 #인천비데 #부평비데 #계양구비데 #남동구비데 #연수구비데 #서구비데 #중구비데 #동구비데 #옹진군비데 #강화군비데 #동해비데 #삼척비데 #속초비데 #원주비데 #춘천비데 #태백비데 #고성비데 #양양비데 #양구비데 #영월비데 #인제비데 #정선비데 #철원비데 #평창비데 #홍천비데 #화천비데 #횡성비데 #전라남도 #광양비데 #구례비데 #나주비데 #담양비데 #목포비데 #무안비데 #보성비데 #순천비데 #신안비데 #여수비데 #영광비데 #영암비데 #완도비데 #장성비데 #장흥비데 #진도비데 #함평비데 #해남비데 #화순비데 #전주비데 #군산비데 #익산비데 #정읍비데 #남원비데 #김제비데 #완주비데 #진안비데 #무주비데 #장수비데 #임실비데 #순창비데 #고창비데 #부안비데 #비발인솔 #비발깔창 #깔창 #깔창추천 #깔창맛집 #경상남도 #창원비데 #진주비데 #통영비데 #사천비데 #김해비데 #밀양비데 #거제비데 #양산비데 #의령비데 #함안비데 #창녕비데 #고성비데 #남해비데 #하동비데 #산청비데 #함양비데 #거창비데 #합천비데 #마산비데​ #경상북도 #포항비데 #경주비데 #안동비데 #영주비데 #영천비데 #경산비데 #문경비데 #상주비데 #김천비데 #칠곡비데 #군위비데 #의성비데 #청송비데 #영양비데 #영덕비데 #청도비데 #고령비데 #성주비데 #칠곡비데 #예천비데 #봉화비데 #울진비데 #울릉비데 #대구비데 #중구비데 #동구비데 #서구비데 #남구비데 #북구비데 #수성구비데 #달서구비데 #달성군비데 #대구비데 #중구비데 #동구비데 #서구비데 #남구비데 #북구비데 #수성구비데 #달서구비데 #달성군비데 #부산비데 #해운대구비데 #남구비데 #동래구비데 #북구비데 #강서구비데 #금정구비데 #연제구비데 #수영구비데 #사상구비데 #사하구비데 #기장군비데 #동구비데 #중구비데 #영도구비데 #서구비데 #종로구비데 #중구비데 #용산구비데 #성동구비데 #광진구비데 #동대문구비데 #중랑구비데 #성북구비데 #강북구비데 #도봉구비데 #노원구비데 #은평구비데 #서대문구비데 #마포구비데 #양천구비데 #강서구비데 #구로구비데 #금천구비데 #영등포구비데 #동작구비데 #관악구비데 #서초구비데 #강남구비데 #송파구비데 #강동구비데 #서울비데 #강동구비데 #강북구비데 #관악구비데 #광진구비데 #구로구비데 #금천구비데 #노원구비데 #도봉구비데 #동대문구비데 #동작구비데 #마포구비데 #서대문구비데 #서초구비데 #성동구비데 #성북구비데 #송파구비데 #양천구비데 #영등포구비데 #용산구비데 #은평구비데 #중구비데 #중랑구비데 #울산비데 #남구비데 #동구비데 #북구비데 #울주군비데 #대전비데 #대전시비데 #유성구비데 #서구비데 #중구비데 #동구비데 #대덕구비데 #세종비데​ #한혜진 #전현무 #기안
#연예기스타쇼츠 #비대면샵",UCXljVZHHkaV88NSGHfKTaJg,스타쇼츠 & 연예가소식 ,2023-08-08T03:33:01Z,58,0.97,True,34,1,0,https://www.youtube.com/watch?v=H2RMbsP0WDk,661,573,PF240061,조수미 in Love [오산],서양음악(클래식),오산문화예술회관 대공연장,2024-05-30,2024-05-30,,,,none,none,0,False,False,0,no_strong_signal,신호 없음
DPDEyB5crVQ,Kazabue - Cl.박상희  / 동탄 음악학원 / 바이올린 / 첼로 / 플룻 / 클라리넷,"Kazabue - Cl.박상희

2022년 뮤직드포레 제1회 성인연주회

- 뮤직드포레 음악학원 - 
경기도 화성시 노작로4길 22-21 1층

- 뮤직드포레 아트홀 - 
경기도 화성시 노작로3길 25-1 1층

전화번호 : 031-613-2944
blog : https://m.blog.naver.com/musicdeforet
Instagram : http://instagram.com/musicdeforet

#바이올린 #첼로 #플룻 #클라리넷 #관현악 #현악기 #음악학원 #동탄음악학원",UC83P2kRw_n9z1CaY-KluURA,뮤직드포레 동탄 음악학원,2022-09-06T06:00:50Z,207,3.45,False,343,8,0,https://www.youtube.com/watch?v=DPDEyB5crVQ,355,130,PF240061,조수미 in Love [오산],서양음악(클래식),오산문화예술회관 대공연장,2024-05-30,2024-05-30,,,,none,none,0,False,False,0,no_strong_signal,신호 없음
W4zVFG0fJ44,"[스타 쇼츠 ]드디어 기행 손절? 600억 쇼호스트 강주은 “♥최민수,   #스타쇼츠 #shorts  #short #스레드 #스팔 #쇼츠라인","드디어 기행 손절? 600억 쇼호스트 강주은 “♥최민수, 홈쇼핑 생방 중 난입해” 강주은이 남편 최민수의 홈쇼핑 스튜디오 난입 사건에 입을 열었다.강주은은 “처음 결혼했을 때 ‘인간이 인간하고 사는 게 아니구나’를 느꼈다. 독특한 게 너무 많아서 사건 사고도 많고 그랬는데 30년이 되다 보니까 평안하고 사고 치는 것도 없다. 이제 지켜봐야 한다”라고 전했다.

이어서 연 매출 600억 쇼호스트 강주은에게 닥친 시련이 소개됐다.

김숙은 “사고뭉치 최민수 씨가 홈쇼핑 생방송 중 난입을 했다”라고 말했다.강주은은 “자리에 앉더니 ‘이런 곳이구나’ 하더라”라고 말해 충격을 안겼다. 제작진과 사전에 상의한 거냐는 물음에 강주은은 “그분들도 몰랐다. 

화가 치밀어 올랐지만 홈쇼핑은 완판됐다고 밝혔다. 강주은은 “차분하게 있느라고. 그런 스트레스가 또 없다”라고 해 웃음을 안겼다.
스타 쇼츠  시작 인사드립니다.
[스타 쇼츠 ] #스타쇼츠 #쇼츠라인 # #shorts #소상공인마켓 #스레드 

안녕하세요, 여러분! 연예가스타 쇼츠가 드디어 시작되었습니다. 
여러분을 즐겁게 해줄 다양한 연예 소식과 스타들의 이야기를 전해드릴 예정입니다.

연예가스타 쇼츠는 최신 연예 소식부터 스타들의 인터뷰, 
뒷이야기까지 다양한 콘텐츠로 여러분을 즐겁게 해드릴 것입니다. 
스타들의 솔직한 이야기와 다양한 매력을 만나보실 수 있을 거예요.

또한, 연예가스타 쇼츠는 여러분의 의견과 참여를 환영합니다. 
스타들에게 궁금한 점이 있다면 언제든지 질문해주세요. 
우리 함께 스타들의 매력에 빠져보아요!

매일 연예가스타 쇼츠와 함께 즐거운 시간 보내시길 바랍니다. 많은 관심과 사랑 부탁드립니다 

Hello, everyone! Celebrity star shorts have finally started.
We are going to share various entertainment news and stories of stars that will make you happy.

Celebrity star shorts includes the latest entertainment news, interviews with stars,
We will entertain you with various contents including the behind-the-scenes stories.
You'll be able to see the candid stories and various charms of the stars.

Also, entertainer Star Shorts welcomes your opinions and participation.
If you have any questions for the stars, please feel free to ask.
Let's fall into the charms of stars together!

I hope you have a great time with celebrity star shorts every day. Please show a lot of interest and love.



#스타쇼츠 #shorts #소상공인마켓 #쇼츠라인 #shorts #이병진 #오은영 #서장훈 #이상민 #탁재훈 #이혜영 #미우새 #현진영 #김용임 #심하은 #송중기 #고소영 #장동건 #박군 #오은영 #일라이 #지연수 #서세원 #서세원사망 #김종국 #유재석 #서정희 #서동주  #탁재훈 #안성기 #이찬원 #박중훈 #옥문아 #김국진 #강수지#이수근 #백종원 #추성훈 #이소연 #장동민 #김종국 #추사랑 #송일국 #이상민 #박군 #안정환 #이혜원 #이민우 #김승현 #박수홍 #김다예 #유재석 #고현정 #김준호 #도경완  #박수홍 #송중기 #추성훈 #서장훈 #이상민 #미우새 #강변가요제 #이선희 #안문숙 #선우은숙 #김준호 #김지민 #돌싱포맨 #김흥국 #송중기 #김범수  #박미선 #유재석 #서장훈 #백종원  #소유진 #허재 #김태원 #부활 #영지 #심은하 #정호영  #미스터트롯2 #힐링캠프 #슈돌 #임영웅  #이경규 #한혜진 #김제동 #박군 #이찬원 #영탁 #김호중 #김희재 #정동원 #장민호 #김희재 #붐 #양지은 #재연배우 #송해 #남진 #설운도 #진성 #조영수  #이영애 #장윤정 #김다현 #김태연 #김의영 #홍지윤 #박주희 #미스트롯2 #미스트롯 #황우림 #장박 #캠핑#진해성 #나상도 #재하 #임주리 #안성준 #아는형님 #서혜진 #일박이일 #비데랜드 #구룡포과메기택배 #박여사영양찰떡 #유재석 #이상민 #탁재훈 #김종국 #미스트롯 #강변가요제 #불타는트롯맨 #손현주 #김종민 #화장실용품 #송가인 #송승헌 #송해 #한채아 #송해교 #서동주 #이세진 #양세찬 #양세형 #강수지 #강호동 #김지민 #김지수  #이혜영 #이혜원 #이혜정 #이혜지 #이혜성 #이혜라 #이혜인 #서정희 #정동원 #정호영  #정우  #정호석 #손태진 #손승완 #손현주 #손승연 #손유희 #손해사정인 #김호중 #김희재 #김태형 #김건희 #김다현 #김석진 #김채원 #김태연 #나상도 #나훈아 #박수홍 #박주희 #박서진 #박지민 #박지현 #박재범 #박호두 #박창근 #기성용 #차박 #차은우 #차두리 #최예나 #최신가요 #최석진 #최애의아이 #최성훈 #최재형 #최애 #최정 #성우 #성경 #손애진 #손혜진 #손혜원 #손혜주 #전지현 #전지희 #전지우 #유하인 # 송종국 #송헤나 #박나래 #전현무 #이광수 #김홍철 #아이유 #이영애 #박명수 #노홍철 #이수근 #백종원 #추성훈 #이소연 #장동민 #김종국 #추사랑 #송일국 #김병헌 #한채아 #이효리 #안정환 #이혜원 #이민우 #김승현 #박수홍 #김다예 #손현주 #고현정 #김준호 #도경완 #박수홍 #송중기 #추성훈 #서장훈 #이상민 #전현무  #선우은숙 #김준호 #김지민 #임원희 #김흥국 #김범수  #박미선 #유재석 #서장훈 #백종원 #손홍민 #송가인 #김호중 #김용만 #이만기 #박찬호 #류헌진 #이강인 #골테녀 #임영웅 #양헤찬 #양세형 #이천수 #박주호 #김민재 #이영표 #신지 #채리나 #은지원 #한채아 #배윤정 #유준상 #신동엽 #김희철 #딘딘 #김건우 #고창석 #오만석 #지창욱 #지상옥 #오종혁 #방시혁 #전소민 #하하 #이상이 #김건우 #한예종 #홍은희 #조영남 #조수미 #유지인 #조하나 #이현아 #조혜련 #박나래 #최여진 #최지우 #오남희 #신봉선 #이영하 #김남주 #심은하 #김희선 #수애 #수예 #최수종 #하희라 #김성주 #김동현 #한영 #현영 #김미려 #김연자 #김호영 #이석훈 #김남길 #김혜수 #고두심 #설경구 #박해일 #정재영 #정우성 #박성웅 #박유나 #김준한 #염정아 #박정민 #고민서 #조권 #조인성 #권상우 #서준맘  #비데나라포항 #포항비데 #경주비데 #영덕비데 #울진비데 #강릉비데 #평택비데 #속초비데 #울산비데 #안동비데 #현대큐밍 #비데나라 #비데랜드 #구룡포과메기 #챗GPT #포항비데렌드​ #비데구입 #비데구입 #지수 #안보현 #전소미 #전주비데 #군산비데 #익산비데 #정읍비데 #남원비데 #김제비데 #완주비데 #진안비데 #무주비데 #장수비데 #임실비데 #순창비데 #고창비데 #부안비데 #경기도비데 #수원비데 #용인비데 #성남비데 #고양비데 #부천비데 #안산비데 #안양비데 #남양주비데 #화성비데 #평택시비데 #의왕비데 #이천비데 #안성비데 #김포비데 #광주시비데 #광명비데 #군포비데 #시흥비데 #오산비데 #하남비데 #여주비데 #양주비데 #의정부비데 #동두천비데 #구리비데 #남양주시비데 #파주시비데 #여주비데 #인천비데 #부평비데 #계양구비데 #남동구비데 #연수구비데 #서구비데 #중구비데 #동구비데 #옹진군비데 #강화군비데 #동해비데 #삼척비데 #속초비데 #원주비데 #춘천비데 #태백비데 #고성비데 #양양비데 #양구비데 #영월비데 #인제비데 #정선비데 #철원비데 #평창비데 #홍천비데 #화천비데 #횡성비데 #전라남도 #광양비데 #구례비데 #나주비데 #담양비데 #목포비데 #무안비데 #보성비데 #순천비데 #신안비데 #여수비데 #영광비데 #영암비데 #완도비데 #장성비데 #장흥비데 #진도비데 #함평비데 #해남비데 #화순비데 #전주비데 #군산비데 #익산비데 #정읍비데 #남원비데 #김제비데 #완주비데 #진안비데 #무주비데 #장수비데 #임실비데 #순창비데 #고창비데 #부안비데 #비발인솔 #비발깔창 #깔창 #깔창추천 #깔창맛집 #경상남도 #창원비데 #진주비데 #통영비데 #사천비데 #김해비데 #밀양비데 #거제비데 #양산비데 #의령비데 #함안비데 #창녕비데 #고성비데 #남해비데 #하동비데 #산청비데 #함양비데 #거창비데 #합천비데 #마산비데​ #경상북도 #포항비데 #경주비데 #안동비데 #영주비데 #영천비데 #경산비데 #문경비데 #상주비데 #김천비데 #칠곡비데 #군위비데 #의성비데 #청송비데 #영양비데 #영덕비데 #청도비데 #고령비데 #성주비데 #칠곡비데 #예천비데 #봉화비데 #울진비데 #울릉비데 #대구비데 #중구비데 #동구비데 #서구비데 #남구비데 #북구비데 #수성구비데 #달서구비데 #달성군비데 #대구비데 #중구비데 #동구비데 #서구비데 #남구비데 #북구비데 #수성구비데 #달서구비데 #달성군비데 #부산비데 #해운대구비데 #남구비데 #동래구비데 #북구비데 #강서구비데 #금정구비데 #연제구비데 #수영구비데 #사상구비데 #사하구비데 #기장군비데 #동구비데 #중구비데 #영도구비데 #서구비데 #종로구비데 #중구비데 #용산구비데 #성동구비데 #광진구비데 #동대문구비데 #중랑구비데 #성북구비데 #강북구비데 #도봉구비데 #노원구비데 #은평구비데 #서대문구비데 #마포구비데 #양천구비데 #강서구비데 #구로구비데 #금천구비데 #영등포구비데 #동작구비데 #관악구비데 #서초구비데 #강남구비데 #송파구비데 #강동구비데 #서울비데 #강동구비데 #강북구비데 #관악구비데 #광진구비데 #구로구비데 #금천구비데 #노원구비데 #도봉구비데 #동대문구비데 #동작구비데 #마포구비데 #서대문구비데 #서초구비데 #성동구비데 #성북구비데 #송파구비데 #양천구비데 #영등포구비데 #용산구비데 #은평구비데 #중구비데 #중랑구비데 #울산비데 #남구비데 #동구비데 #북구비데 #울주군비데 #대전비데 #대전시비데 #유성구비데 #서구비데 #중구비데 #동구비데 #대덕구비데 #세종비데​ #강은주 #최민수 #김대희 #박성광 3신봉선 #양상국
#연예기스타쇼츠 #비대면샵",UCXljVZHHkaV88NSGHfKTaJg,스타쇼츠 & 연예가소식 ,2023-08-08T05:44:31Z,58,0.97,True,216,2,0,https://www.youtube.com/watch?v=W4zVFG0fJ44,661,573,PF240061,조수미 in Love [오산],서양음악(클래식),오산문화예술회관 대공연장,2024-05-30,2024-05-30,,,,none,none,0,False,False,0,no_strong_signal,신호 없음
-kIDeA87WvA,"서울독립영화제2019, 영화 ‘관계의 가나다에 있는 우리는’ 리뷰 (공연 읽어주는 기자, 영화 리뷰 #83) 독립 다큐멘터리를 찍는 사람들의 이야기","공연 읽어주는 기자! 영화 리뷰 여든세 번째 시간은 서울독립영화제2019 다섯 번째 리뷰, 이인희 감독의 ‘관계의 가나다에 있는 우리는’ 리뷰 ‘독립 다큐멘터리를 찍는 사람들의 이야기’입니다. 제45회 서울독립영화제 새로운선택 부문의 장편 영화로, SIFF2019 후반제작지원작입니다. 독립 다큐멘터리를 찍는 사람들의 이야기를 담고 있는데, 독립 다큐의 매력과 장점, 의미에 대해 진지하게 생각하고 공감하게 만드는 작품입니다. 촬영감독 박민규 역 은해성은, 차분한 톤으로 목소리를 아주 강하게 하지 않으면서도 존재감을 발휘합니다. 통역 최한나 역 오하늬는, 팍 튀는 연기를 하지 않으면서도 등장인물의 내면을 자연스럽게 표현합니다. 두 배우의 미래가 더욱 기대됩니다.",UC7w_EJqzrb0c3MZwzUFkdRA,공연 읽어주는 기자,2019-11-25T03:44:30Z,318,5.3,False,324,1,0,https://www.youtube.com/watch?v=-kIDeA87WvA,258,285,PF240061,조수미 in Love [오산],서양음악(클래식),오산문화예술회관 대공연장,2024-05-30,2024-05-30,,,,none,none,0,False,False,0,no_strong_signal,신호 없음
-YyKNtAAzJc,[10월 이달의 이천 유튜버] 이천 별빛 우주를 담다,#별빛정원우주,UCklZw3tdXy-cjSZFvT7jqiQ,이천시청,2022-10-28T01:35:34Z,537,8.95,False,476,9,1,https://www.youtube.com/watch?v=-YyKNtAAzJc,60800,1369,PF240061,조수미 in Love [오산],서양음악(클래식),오산문화예술회관 대공연장,2024-05-30,2024-05-30,,,,none,none,0,False,False,0,no_strong_signal,신호 없음
NpbEozfYYZE,'김수미'   [너도 가끔 내가],,UCrXPal77y0mD75ABOUQi4bw,수미sing,2021-06-06T11:42:31Z,269,4.48,False,575,30,4,https://www.youtube.com/watch?v=NpbEozfYYZE,30,1,PF240061,조수미 in Love [오산],서양음악(클래식),오산문화예술회관 대공연장,2024-05-30,2024-05-30,,,,none,none,0,False,False,0,no_strong_signal,신호 없음
1MyVGZAhnIQ,2004년 | 한국 도로 (ft. 우리의 꿈),,UC3TxYj-wnV8oYpsWoVGy2cg,Woojae Kim Vlog,2021-08-31T18:35:51Z,34,0.57,True,109,2,2,https://www.youtube.com/watch?v=1MyVGZAhnIQ,140,87,PF240061,조수미 in Love [오산],서양음악(클래식),오산문화예술회관 대공연장,2024-05-30,2024-05-30,,,,none,none,0,False,False,0,no_strong_signal,신호 없음
dVsgzBOPqSw,A new hope concert 서울시국악관현악단X이천문화재단,"#서울시국악관현악단  #고영열 #박상현 #김율희 #한상희 #박은혜 #이미리
 #이은혜
서울시국악관현악단이 이천으로 옵니다~

공연일: 2022. 3. 12. (토) 오후 5시
예약기간 : 2022. 1. 13. ~ 
공연장소 : 이천아트홀 대공연장
가격정보 : R석(30,000원), S석(20,000원), A석(10,000원)
문의 : 031-636-2202
예약방법 등 보다 자세한사항은 이천문화재단 홈페이지를 참고해주세요
http://asq.kr/Z77meB",UCklZw3tdXy-cjSZFvT7jqiQ,이천시청,2022-02-03T01:33:25Z,54,0.9,True,347,36,5,https://www.youtube.com/watch?v=dVsgzBOPqSw,60800,1369,PF240061,조수미 in Love [오산],서양음악(클래식),오산문화예술회관 대공연장,2024-05-30,2024-05-30,,,,none,none,0,False,False,0,no_strong_signal,신호 없음
PZOEtOU1qwE,최재현 배우[뮤지컬],,UCVX--C_sytBlfiJcDXnXF8Q,결혼식 연출 전문 특별한날2014,2019-05-16T01:49:53Z,327,5.45,False,106,2,0,https://www.youtube.com/watch?v=PZOEtOU1qwE,467,956,PF240061,조수미 in Love [오산],서양음악(클래식),오산문화예술회관 대공연장,2024-05-30,2024-05-30,,,,none,none,0,False,False,0,no_strong_signal,신호 없음
cjeib8oVXjE,"배우 양준모, ""개인적으로 감사드리고 싶어"" 뮤지컬 '지붕위의 바이올린'",2022년 4월 22일 프레스콜 현장,UCMM9oBz5_6CVXyR9LDcx3Nw,위드인뉴스,2022-04-22T12:32:55Z,123,2.05,False,248,16,1,https://www.youtube.com/watch?v=cjeib8oVXjE,4430,2437,PF240061,조수미 in Love [오산],서양음악(클래식),오산문화예술회관 대공연장,2024-05-30,2024-05-30,,,,none,none,0,False,False,0,no_strong_signal,신호 없음
zjO3O2Yyaic,어머니 심진스님 노래(오대산 월정사),어머니 심진스님 노래에 월정사를 둘러보고 배경으로 동영상을 만었습니다,UCoEAhzrEotMFBehPBCOup5Q,박순희 (박순희),2019-03-01T01:34:20Z,271,4.52,False,485,11,1,https://www.youtube.com/watch?v=zjO3O2Yyaic,937,176,PF240061,조수미 in Love [오산],서양음악(클래식),오산문화예술회관 대공연장,2024-05-30,2024-05-30,,,,none,none,0,False,False,0,no_strong_signal,신호 없음
dpPu-t_bUSk,신나는 예술여행5회징슈필오페라 피가로의 결혼((서울신정종합사회복지관2022.6.25),"2022 신나는 예술여행
주최 및 주관 제이에스오페라단
후원 한국문화예술위원회
제작  및 기획 이재성
총감독 박경준
연출     홍석임
오페라코치 최인선
수잔나  김은미
피가로  정국철
백    작  임창한
백작부인 성이현
마르체리나 홍소영
케루비노     김세미
바질리오     전병운",UCX3c1Osy0i3Tbhy8Smh16oA,JS오페라단,2022-06-26T14:17:52Z,4186,69.77,False,277,15,2,https://www.youtube.com/watch?v=dpPu-t_bUSk,1160,1957,PF240061,조수미 in Love [오산],서양음악(클래식),오산문화예술회관 대공연장,2024-05-30,2024-05-30,,,,none,none,0,False,False,0,no_strong_signal,신호 없음
YKHDdhfElfU,길병민(song) 레떼아모르,,UC88aWfEOVc_Xnd9qUquopuw,캐서린의사랑(영상일기)#Catherine's Love,2023-05-28T07:26:27Z,55,0.92,True,538,56,0,https://www.youtube.com/watch?v=YKHDdhfElfU,5460,8570,PF240061,조수미 in Love [오산],서양음악(클래식),오산문화예술회관 대공연장,2024-05-30,2024-05-30,,,,none,none,0,False,False,0,no_strong_signal,신호 없음
1ysKe-y_eKA,이두리 (Digital Single) ‘춘풍 (Feat. 정보권)’ (2021),"그 언젠가 봄과 함께 다시 돌아오기로 약속한 님을 애타게 기다리는 마음을 담은 곡입니다.

[Credit]

Produced by 이두리
Composed by 이두리
Lyrics by 김민빈

Vocal 정보권
Guitar 양다빈
Bass 한혁일
Drum 송지훈
Piano 이두리
해금 김도아
가야금 박신혜
장구 이민후

Recorded by
이재명 @JM studio
홍기(Sultan of the disco, Sound hong) @Sound Hong
Mixed & Mastered by 홍기(Sultan of the disco, Sound hong) @Sound Hong

Cover Designed by 정수경

#이두리 #정보권 #춘풍",UC5xfIenqoj2maiCB3RgYiUw,업그레이드럼,2021-04-26T08:36:17Z,284,4.73,False,216,9,0,https://www.youtube.com/watch?v=1ysKe-y_eKA,2750,451,PF240061,조수미 in Love [오산],서양음악(클래식),오산문화예술회관 대공연장,2024-05-30,2024-05-30,,,,none,none,0,False,False,0,no_strong_signal,신호 없음
6oKgapd5hek,"[OPERA] 입술은 침묵하고_레하르 오페라 '유쾌한 미망인‘ 中 (F.Lehar, Lippen Schweigen)_Sop. 홍채린 Ten. 양현준","2022.09.28
뮤직투어콘서트 Live
@오산시 소리울아트리움

소프라노_홍채린
피아노_김하은
레인스틱_노휘
촬영/음향/조명_노휘
영상편집 비티스트

주최  오산시청
주관  윤아트

#가곡 #성악 #클래식",UCWUJmXjCqxa56hXRIpHg_tQ,김대표음악실Kims Music Room,2022-11-08T05:14:22Z,192,3.2,False,219,11,2,https://www.youtube.com/watch?v=6oKgapd5hek,3270,417,PF240061,조수미 in Love [오산],서양음악(클래식),오산문화예술회관 대공연장,2024-05-30,2024-05-30,,,,mismatch,none,1,False,False,-1,no_strong_signal,날짜 불일치(다른 회차 가능성)
5E5Cm5kjeB8,송인준 - 야생화. 원곡 - 박효신,"레슨, 축가, 행사, MR제작 문의 :  카톡 - songx
인스타DM - https://www.instagram.com/jun.ist/
E-mail = jun-ist2015@naver.com",UCOwF761dyb0_48pWRneE9mA,송인준 Song-In Jun,2017-07-26T18:20:24Z,275,4.58,False,500,20,9,https://www.youtube.com/watch?v=5E5Cm5kjeB8,2950,379,PF240061,조수미 in Love [오산],서양음악(클래식),오산문화예술회관 대공연장,2024-05-30,2024-05-30,,,,none,none,0,False,False,0,no_strong_signal,신호 없음
GPm_HnqLfRE,완주문화예술회관 옹알스 히스토리쇼,,UCtArJt17Pke8tYaJLxl7TyA,붕어빵장수,2022-11-24T05:20:20Z,14,0.23,True,225,2,0,https://www.youtube.com/watch?v=GPm_HnqLfRE,43,10,PF240061,조수미 in Love [오산],서양음악(클래식),오산문화예술회관 대공연장,2024-05-30,2024-05-30,,,,none,none,0,False,False,0,no_strong_signal,신호 없음
r6ez4yra7nI,자유밴드 - 천년의 기억 (보컬.이시안),"박근혜대통령 67세 생신축하공연
세종문화회관 주최:미디어워치",UCVEq4AmKasOrkLdsyc9yMdQ,오잉,2018-02-02T09:50:35Z,1000,16.67,False,20008,162,37,https://www.youtube.com/watch?v=r6ez4yra7nI,45,4,PF240061,조수미 in Love [오산],서양음악(클래식),오산문화예술회관 대공연장,2024-05-30,2024-05-30,,,,none,none,0,False,False,0,no_strong_signal,신호 없음
VMKD6bEZS-U,"가수 신경숙/내가지켜줄께요,오산시,작사,작편곡,양승만,오산예술제","가수 신경숙,내가지켜줄께요,오산시,작사,작편곡,양승만,오산예술제,오산예총,노래듣기,인기가요,트로트,최신곡,최신트로트,성인가요,대­­­­­­­­­­­­­­­­­­­­­­­­­­­­­­­­­­­­­­­­­­­­­­­­­­­­­­­­­­­­중­­­가요,라이브,최신가요,new music,한국연예예술인총연합회,오­산지­회­",UCxE6YB3LJSbHRNG7NRp9qZQ,양승만,2019-11-13T06:10:08Z,222,3.7,False,518,10,3,https://www.youtube.com/watch?v=VMKD6bEZS-U,29200,1855,PF240061,조수미 in Love [오산],서양음악(클래식),오산문화예술회관 대공연장,2024-05-30,2024-05-30,,,,none,none,0,False,False,0,no_strong_signal,신호 없음
okkOsjEBWwo,#가요축제_민들레_가수 신수이 [영등포 갤럭시호텔 3부 편],#가요축제_민들레_가수 신수이 [영등포 갤럭시호텔 3부 편],UCL2N7orqn_tIhftRa9kxTWw,[제이지(JG)콘텐츠] Choi Yong,2018-03-03T10:11:44Z,222,3.7,False,227,4,0,https://www.youtube.com/watch?v=okkOsjEBWwo,1090,586,PF240061,조수미 in Love [오산],서양음악(클래식),오산문화예술회관 대공연장,2024-05-30,2024-05-30,,,,none,none,0,False,False,0,no_strong_signal,신호 없음
MiF0wnO47Dc,김태연/그대 내맘에 들어오면은,,UCVJMJdUD1zy7iLKfIpeBpOg,이 핸드폰 계정정애,2022-10-20T20:53:47Z,136,2.27,False,951,11,0,https://www.youtube.com/watch?v=MiF0wnO47Dc,13000,1847,PF240061,조수미 in Love [오산],서양음악(클래식),오산문화예술회관 대공연장,2024-05-30,2024-05-30,,,,none,none,0,False,False,0,no_strong_signal,신호 없음
Qg_ZettvlWs,[아싸 노래교실]  탤런트가수 신선희-사랑은 타이밍_방영_가요TV_장혜연노래교실-오산시청 대강당_웅엔터테인먼트대표 이상웅-2017.05.30. 00030,Tel: 010-9991-8003_웅엔터테인먼트대표-영상감독 이상웅*동영상 및 뮤직비디오 제작+사진-문의:Tel: 010-9991-8003_영상감독 이상웅*행사포함*,UCnCFGvw0b1c0s5asm0Kj6Vg,sangwoong lee,2017-05-30T14:08:03Z,197,3.28,False,979,8,2,https://www.youtube.com/watch?v=Qg_ZettvlWs,125000,32097,PF240061,조수미 in Love [오산],서양음악(클래식),오산문화예술회관 대공연장,2024-05-30,2024-05-30,,,,none,none,0,False,False,0,no_strong_signal,신호 없음
91aHyEjNTrY,세상에서 아름다운 것들 (말할수 없는 비밀) piano ver.,"세상에서 아름다운 것들 (말할수 없는 비밀) piano ver.
멜로디 위주가 아닌 -반주- 위주의 영상임을 참고하고 들어주세요! 
# 음악임용 분들은 교과서 그대로니 악보보시면서 들으시면 좋을듯 합니다~!",UCZYNSiCYsCHyqC-5cQ3PprA,Animato Music,2017-08-19T14:54:23Z,70,1.17,False,800,5,0,https://www.youtube.com/watch?v=91aHyEjNTrY,682,42,PF240061,조수미 in Love [오산],서양음악(클래식),오산문화예술회관 대공연장,2024-05-30,2024-05-30,,,,none,none,0,False,False,0,no_strong_signal,신호 없음
SVpTUX3z738,“주 기도” 2023년 2월 5일 주일3부 헌금송,"2023년 2월 5일 갈보리교회 주일3부예배 헌금송
주 기도(이현철) - Sop. 손지우",UCkTux8ozOPWRu4JlbSoxs7Q,갈보리교회.,2023-02-05T05:20:09Z,201,3.35,False,270,,,https://www.youtube.com/watch?v=SVpTUX3z738,5410,5471,PF240061,조수미 in Love [오산],서양음악(클래식),오산문화예술회관 대공연장,2024-05-30,2024-05-30,,,,none,none,0,False,False,0,no_strong_signal,신호 없음
76Khu2XTlhA,사랑의 기쁨(Plaisir D'amour)  - 트윈 폴리오 || 경복궁(Gyeongbokgung Palace) 2017년 11월 4일,"사랑의 기쁨(Plaisir D'amour) 
트윈 폴리오

경복궁(Gyeongbokgung Palace)
2017년 11월 4일

Mar. 20, 2022  CB",UCgQH4LhlmAZhi8tpxmd6eqw,CB26,2022-03-21T01:56:10Z,167,2.78,False,293,5,2,https://www.youtube.com/watch?v=76Khu2XTlhA,39100,5767,PF240061,조수미 in Love [오산],서양음악(클래식),오산문화예술회관 대공연장,2024-05-30,2024-05-30,,,,none,none,0,False,False,0,no_strong_signal,신호 없음
mHfGI-FanFM,그것이 사랑이었을까 - 오즈 김승란 곡,"그것이 사랑이었을까

         작사작곡노래 김승란

그것이 사랑이었을까 
그것이 사랑이었을까 

그것이 사랑이었을까 
우리 함께 했던 시간들.
설레이던 너의 손길 
이젠 너무 아쉬워.

가까이 있어도 그대
멀게만 느껴져서 슬퍼.
한잎 두잎 꽃잎 지듯
시들어가는 나의 사랑.

꽃잎도 세월도
아름답던 그 추억도
바람에 날아간다.
미련도 없이
팔랑대며 이리저리 나부끼며

(간주)

가까이 있어도 그대
멀게만 느껴져서 슬퍼.
한잎 두잎 꽃잎 지듯
시들어가는 나의 사랑.

꽃잎도 세월도
아름답던 그 추억도
바람에 날아간다.
미련도 없이
팔랑대며 이리저리 나부끼며

그것이 사랑이었을까
우리 함께 했던 시간들.
설레이던 너의 손길
이젠 너무 아쉬워.
가까이 있어도 그대
멀게만 느껴져서 슬퍼.
아 그 많던 
꽃잎은 다 어디로 갔을까
어디로...",UCP7p8Goi_f1qkkRU3OkcZOQ,오즈 김승란,2019-04-21T17:01:02Z,235,3.92,False,619,37,2,https://www.youtube.com/watch?v=mHfGI-FanFM,342,63,PF240061,조수미 in Love [오산],서양음악(클래식),오산문화예술회관 대공연장,2024-05-30,2024-05-30,,,,none,none,0,False,False,0,no_strong_signal,신호 없음
NwnoCQhjxis,•경성일오• [언택트중창]크리스마스에는 축복을 - 김현철 🌟⭐️🎄🎉✨Merry Christmas✨🎉🎄⭐️🌟,"안녕하세요. 여러분 알흠다운 하모니입니다.
아직은 적은 인원으로 중창을 하고 있지만 
언젠가는 다같이 모여서 노래부를 수 있는 날이 왔으면 좋겠네요!!

그냥 코로나로 인하여 무대서기가 어려워져 이렇게라도 노래를 부르고 싶어서 만든 채널입니다.
저희 노래 들으시고 다들 조금이라도 위로와 행복을 느끼셨으면 좋겠어요.

처음이라 아직 많이 부족하지만 점점 나아지겠죠ㅎㅎ
더 안좋아지진 않을거같아서 좋아요.

모두모두  행복한 크리스마스되세요!!

🎄Merry Christmas🎄

사용된 캐릭터 Png 출처 : 
https://m.blog.naver.com/songuiji/221400157845

#영상합창 #언택트합창",UCpkQZ47OfJpcNjGxNzU9NRg,알흠다운하모니,2020-12-24T19:40:48Z,227,3.78,False,936,39,23,https://www.youtube.com/watch?v=NwnoCQhjxis,18,1,PF240061,조수미 in Love [오산],서양음악(클래식),오산문화예술회관 대공연장,2024-05-30,2024-05-30,,,,none,none,0,False,False,0,no_strong_signal,신호 없음
E3kd3KG3Mzc,"Mother of Mine(내 어머니) - Jimmy Osmond: The Maroon Bells, Colorado on September 23, 2011","Mother of Mine(내 어머니)
Jimmy Osmond

The Maroon Bells, Colorado on September 23, 2011

Apr. 21, 2016/Mar. 30, 2020   CB",UCgQH4LhlmAZhi8tpxmd6eqw,CB26,2020-03-30T20:44:46Z,201,3.35,False,88,0,0,https://www.youtube.com/watch?v=E3kd3KG3Mzc,39100,5767,PF240061,조수미 in Love [오산],서양음악(클래식),오산문화예술회관 대공연장,2024-05-30,2024-05-30,,,,none,none,0,False,False,0,no_strong_signal,신호 없음
uF7nTgjYbvM,‘10월의 어느 멋진 날에’ 그림 뮤직비디오,넘 이뻐요 ♡,UC6Hc1gKDan9yvxJFE9YOilA,DJ music & play,2020-06-11T09:39:22Z,80,1.33,False,414,5,0,https://www.youtube.com/watch?v=uF7nTgjYbvM,30,39,PF240061,조수미 in Love [오산],서양음악(클래식),오산문화예술회관 대공연장,2024-05-30,2024-05-30,,,,none,none,0,False,False,0,no_strong_signal,신호 없음
1bnsuMW3uxk,"2026가톨릭필하모닉오케스트라 정기연주회(서울WYD대구교구대회) 소프라노 강혜정, 생명의 양식, 내 맘의 강물, 입맞춤, 백윤학 지휘 브람스 대학축전서곡, 교향곡 1번","J.Brahms브람스
Symphony No. 1 in C minor, Op. 68
교향곡 제1번 C단조, Op.68
Academic Festival Overture, Op. 80",UCxohMxBcFTfz3tULlqQBDwA,이동균,2026-04-15T17:24:54Z,5136,85.6,False,136,2,0,https://www.youtube.com/watch?v=1bnsuMW3uxk,11300,2008,PF274254,"월드 오케스트라 페스티벌, 제519회 대구시립교향악단 정기연주회 [대구]",서양음악(클래식),대구콘서트하우스 그랜드홀 (대공연장) ,2025-10-17,2025-10-17,,,,none,none,0,False,False,0,no_strong_signal,신호 없음
IbcWEeFA0Gs,"연주 중 쓰러진 지휘자, 침착한 관객들이 살렸다 / YTN","[앵커]
대구시립교향악단 지휘자가 지난 금요일 밤 정기연주회 도중 심장마비로 쓰러진 사건이 있었습니다.

4분 안에 응급조치가 이뤄져야 하는 긴박한 상황이었는데요.

현장에 있던 시민들이 당황하지 않고 발 빠르게 대처해 목숨을 건진 장면이 공개됐습니다.

허성준 기자가 보도합니다.

[기자]
앙코르곡 공연이 한창이던 대구시민회관.

단상에서 있던 지휘자가 갑자기 휘청하더니 바닥에 쓰러집니다.

당황한 연주자들이 어쩔 줄 모르는 사이 청중 몇 명이 무대로 뛰어 올라갑니다.

신속히 기도를 확보하고는 심폐소생술을 시작합니다.

[최강운, 영남대병원 순환기내과 수련의]
""제가 혼자 한 것은 아니고요. 앞에 응급조치했던 다른 의사 선생님들이 있었는데, 제가 소속을 밝히고 이런 조치를 하겠다고 얘기했을 때 조치를 잘 따라달라고 하고 주변을 잘 통제해 주셨어요.""

또 다른 청중은 로비로 달려가 자동심장제세동기를 가져옵니다.

패치를 붙여 환자의 상태를 확인하고, 전기 충격을 가해 꺼쪄가던 심장을 되살립니다. 

[장문희, 대구 수성소방서 대응관리담당]
""직업이 직업이다 보니까 연주회장에 들어갈 때 자동심장제세동기가 로비에 비치된 것을 봤습니다. 일단 빨리 제세동기를 가지러 가야겠다는 생각밖에 없었습니다. 몸이 거의 반사적으로 움직였습니다.""

쓰러진 뒤부터 자동제세동기가 작동되는 데까지 걸린 시간은 단 1분.

다른 청중들도 119구급대가 도착하자 환자 이송로를 만드는 등 '골든타임' 확보에 한몫했습니다.

곧바로 병원으로 옮겨진 지휘자는 심혈관을 확장하는 스텐트 삽입술을 받았습니다.

현재 일반 병실로 옮길 정도로 빠르게 회복 중입니다.

[줄리안 코바체프, 대구시향 상임지휘자]
""사람들이 모두 전보다 나아졌다고 얘기해 매우 행복합니다. 처음 대구에 왔을 때 제 심장을 여기 두겠다고 했는데 대구가 제 심장을 살렸습니다.""

위급한 상황에 당황하지 않고 도움의 손길을 이어간 성숙한 시민 의식이 빛을 발했습니다.

YTN 허성준[hsjk23@ytn.co.kr]입니다.

▶ 기사 원문 : http://www.ytn.co.kr/_ln/0115_201506011858504355
▶ 제보 안내 : http://goo.gl/gEvsAL, 모바일앱, 8585@ytn.co.kr, #2424

▣ YTN 유튜브 채널 구독 : http://goo.gl/Ytb5SZ

[ 한국 뉴스 채널 와이티엔 / Korea News Channel YTN ]",UChlgI3UHCOnwUGzWzbJ3H5w, YTN,2015-06-01T10:28:30Z,126,2.1,False,967853,7033,353,https://www.youtube.com/watch?v=IbcWEeFA0Gs,5370000,967689,PF274254,"월드 오케스트라 페스티벌, 제519회 대구시립교향악단 정기연주회 [대구]",서양음악(클래식),대구콘서트하우스 그랜드홀 (대공연장) ,2025-10-17,2025-10-17,,,,none,none,0,False,False,0,no_strong_signal,신호 없음
qiLU5zg0FbI,오케스트라 연습 초집중 #대구시민오케스트라 #수성못페스티벌개막식총연습,,UCYHSfJz7lFvSty0ESyOw8RA,HeyAngel,2025-09-22T23:55:12Z,16,0.27,True,3574,26,4,https://www.youtube.com/watch?v=qiLU5zg0FbI,402,86,PF274254,"월드 오케스트라 페스티벌, 제519회 대구시립교향악단 정기연주회 [대구]",서양음악(클래식),대구콘서트하우스 그랜드홀 (대공연장) ,2025-10-17,2025-10-17,,,,none,none,0,False,False,0,no_strong_signal,신호 없음
u9eq9Ibu24Q,Oberon J.306 : Overture / Daegu Symphony Orchestra,"from 'Daegu Symphony Orchestra [Student Orchestra Instructors’ Concert]'

Oberon J.306 : Overture / Carl Maria von Weber

2026.01.28.(Wed) 13:30pm / Orchestra Rehearsal Room, Daegu Concert House
Conducted by Byeong-gi Shin
Performed by Daegu Symphony Orchestra
- This performance is a required component for completing the Student Orchestra in-service training program.


'대구시립교향악단 [학생 오케스트라 지도교사 음악회]' 中

서곡 : 오베론, 작품306 / 칼 마리아 폰 베버

2026년 1월 28일(수) 오후1:30 / 대구콘서트하우스 오케스트라 합주실
지 휘 : 신병기
연 주 : 대구시립교향악단
- 본 연주는 학생 오케스트라 직무연수 이수를 위한 필수 연주 과정입니다.",UCmpvd-HI5sxTx1q9WaKrsmA,Conductor Byeong-gi Shin,2026-02-03T15:34:17Z,584,9.73,False,249,4,0,https://www.youtube.com/watch?v=u9eq9Ibu24Q,3720,300,PF274254,"월드 오케스트라 페스티벌, 제519회 대구시립교향악단 정기연주회 [대구]",서양음악(클래식),대구콘서트하우스 그랜드홀 (대공연장) ,2025-10-17,2025-10-17,,,,mismatch,match,0,False,False,0,no_strong_signal,날짜 불일치(다른 회차 가능성); 장소 일치
MMbJb1_Q_Ko,대구 가톨릭필하모닉 오케스트라 10주년 기념음악회 1부,"2022년6월12일
대구 콘서트하우스 그랜드홀

지휘:백종학
협연:조재혁
연주:대구 가톨릭필하모닉 오케스트라


L.v.Beethoven-Overture “Leonore” no.3 Op.72b  

S.Rachmaninoff-Piano Concerto no.2 Op.18  

I. Moderato 

II. Adagio sostenuto 

III. Allegro scherzando 

(협연자 : 조재혁)",UCAyvplQ3Rdx6D6tHMfDb4GQ,mjmj flute78,2022-07-05T13:13:11Z,3206,53.43,False,1471,14,2,https://www.youtube.com/watch?v=MMbJb1_Q_Ko,487,50,PF274254,"월드 오케스트라 페스티벌, 제519회 대구시립교향악단 정기연주회 [대구]",서양음악(클래식),대구콘서트하우스 그랜드홀 (대공연장) ,2025-10-17,2025-10-17,,,,none,none,0,False,False,0,no_strong_signal,신호 없음
