video_id,comment_id,author,text,like_count,published_at
f-vNz-EWa7k,Ugw8ngi_nLn4MRa3CN94AaABAg,@없어요-z7t,제주신화월드..?,2,2023-09-04T06:45:23Z
f-vNz-EWa7k,UgwX74xq7E3YVKlEmFd4AaABAg,@Emma-e1g,Are you stay ? + you are so beautiful ❤,1,2023-07-29T17:20:24Z
oeQeEEHGiuY,UgzCK5FOyWTZxO8rmTZ4AaABAg,@얌미하움-m3p,온라인 클래스로 오신분,2,2020-12-29T02:37:21Z
oeQeEEHGiuY,UgyD04d06eLPDALFkVh4AaABAg,@둥둥-x3j4s,이 공연을 실제로 못보다니....,0,2020-12-11T07:38:43Z
ipulKmcnKUk,UgxU_wIHHMn3XzTpQMN4AaABAg,@김미연-f7s,너무 멋져요~^^,2,2022-10-19T07:58:12Z
oiA4zYhreF4,UgwcBGKFCaR-pbhXzxd4AaABAg,@김경희-o4k,와우! 집에서 볼수있게  영상 올려주셔서  감사합니다!,1,2024-12-27T03:19:38Z
n9BloXK-PNc,UgwJriNgHxXPaABKJ1t4AaABAg,@Un.x.00,혹시 우와한 비디오에서 나오신분?!!!!❤,19,2025-10-28T13:49:04Z
n9BloXK-PNc,UgzwkdGltkn462_FrKV4AaABAg,@4랑-s9e,와 시연이 발레동작 나오는 부분 독보적이네요❤ 고등학교 진학 축하드리고 3년동안 공부도 발레도 열심히 해서 꼭 원하는 대학 진학하시길 응원할게요!,10,2025-12-11T22:00:42Z
n9BloXK-PNc,Ugy5nljn9HGnph0mnk94AaABAg,@늅-k5q,저 여기 가서 시연이 언니 봤어요🫶,10,2025-10-04T11:28:02Z
n9BloXK-PNc,UgxJpQhPqMbBr2cghDV4AaABAg,@진형석-p2j,❤️화팅 시연니 언니 나중에 발레 따라 잡을수 있을까😅,5,2025-11-26T12:04:35Z
n9BloXK-PNc,UgwmOBDJ_LxyKRbHzPV4AaABAg,@김둘콩_ENDZHD,언니 새해복 마니 받으세여!,3,2026-02-19T05:09:25Z
n9BloXK-PNc,UgyCvcz5bQ4d9TuRNRp4AaABAg,@Sua_tweety,선화 예무제 갔는데 다들 넘넘 잘하구 이쁘더라고요! 오빠들 보면서 많은 감정을 느꼈던 것 같아요😢 언니 항상 화이팅! 시연이 언니 발레 하는 거 보니까 영상보다 더 이뻤어요❤,18,2025-09-06T08:53:56Z
n9BloXK-PNc,Ugw3Dl7JJwoIdRxBqZp4AaABAg,@전현영-p5i,언니 이번에 졸업 무대 잘봤어여 넘 잘하시던❤,3,2026-01-10T14:10:17Z
n9BloXK-PNc,UgxkM7DQ6YaTlOOglEN4AaABAg,@즈콩-e6o,시연언니 곧있으면 졸업하고 선화예고 가는군🩷🩷🩷🩷🩷🩷🩷🩷,3,2025-09-06T07:37:59Z
n9BloXK-PNc,Ugxd3WUxF8HqblU5b4F4AaABAg,@고라파덕-u2v,누군가했더니 티비에 나온 천재소녀였구나,2,2025-09-06T14:18:21Z
n9BloXK-PNc,Ugzs3SGsoGl_eZaxsxN4AaABAg,@조하은-i6d,"저 선화 예무제 봤어요 시연이 언니도 봤어요❤
너무 잘해요❤",4,2025-09-06T08:33:26Z
n9BloXK-PNc,UgwHvsXxplixcc1u-dl4AaABAg,@해피-스마일-906,시연언니 응원해요!,3,2025-11-17T10:24:44Z
n9BloXK-PNc,UgyR8HMxk6ZL8AFo0rJ4AaABAg,@야미야미9,저 11월21에 시연언니 봤어요 마라탕집에서..,4,2025-11-23T15:27:32Z
n9BloXK-PNc,UgymGC0tDWR1R5WfoUV4AaABAg,@LinaLina-p3j4x,춤선 끝내준당 넘잘해요❤,3,2026-01-19T09:00:54Z
n9BloXK-PNc,Ugwd-zt4Eh1aXSOrm0h4AaABAg,@Min_1c,시연언니너무예뻐용!!!,3,2025-11-16T06:35:14Z
n9BloXK-PNc,Ugy-v1t_etbHsR2B4bt4AaABAg,@이다연-m4z,저 예무재 봤는데 길에서 언니도 봤어요!!진짜 팬이에요❤❤❤,3,2025-09-06T09:37:29Z
n9BloXK-PNc,UgwLiGS_E_-D78eQEs54AaABAg,@고영희희희,남자애들 잘생겼다ㄷㄷ,2,2025-09-07T08:56:50Z
n9BloXK-PNc,UgxploWNsnh2z1osl7x4AaABAg,@김효정-p5t,언니는 발래말고 춤도잘추넹❤🎉,2,2025-09-07T00:37:59Z
n9BloXK-PNc,UgwjtG06u0urpOzHK7d4AaABAg,@안종관-h6e,"언니 최고! 언니가 제일
잘해 ❤❤ 넘 예뻐 앞으로도 기대할께 화이팅!❤❤❤❤❤",3,2025-09-20T22:45:38Z
n9BloXK-PNc,Ugyz-DlDP9WCb8EBpNt4AaABAg,@AYul_16,저거 2층에서 실시간으로 봤는데 저기 계셨군요! 저때 독무 너무 멋지더라고요! 앞으로도 응원할게요❤❤,1,2025-10-08T12:36:44Z
n9BloXK-PNc,UgwkNPIFEemE5m8K4ZF4AaABAg,@별별별-n2h,독보적🤍,4,2025-12-26T18:18:14Z
n9BloXK-PNc,UgwvrL-_RPlPzaoDLEh4AaABAg,@閻怡岑怡岑,❤️❤❤❤❤❤,3,2025-12-24T14:36:09Z
n9BloXK-PNc,UgwaQCN5k5HZT89qPWB4AaABAg,@박정순-w6r,요즘에 왜 영삼 안욜려요?😢,2,2026-03-16T02:40:10Z
n9BloXK-PNc,UgyjW56MEGXt2W14Wdp4AaABAg,@마조리카-y6w,시연파파님 혹시 시연님 어릴때 피루엣연습때 입은 점퍼?그 옷 어디서 구매 하셧나용 넘 예뻐서,2,2025-10-10T11:24:46Z
n9BloXK-PNc,UgyjgGb8ZXl5XKzk5ll4AaABAg,@閻怡岑怡岑,好看,4,2026-01-17T06:26:37Z
n9BloXK-PNc,Ugws2WkzJv8Khmxk0_t4AaABAg,@hjj3010,시연양 너무 예쁘고 사랑스럽네요❤❤,1,2025-09-06T07:03:02Z
n9BloXK-PNc,UgzBiskRfOvDE2KUgI54AaABAg,@S.ph_1oo,시연언니 너무 이뻐요!,1,2025-09-06T08:07:00Z
n9BloXK-PNc,UgzRbEcCYujd1On_INd4AaABAg,@민뿌태,예뻐여ㅕㅕ👍🎉,2,2025-09-06T07:22:25Z
n9BloXK-PNc,UgzZ4JEF1yBZeW1TeqF4AaABAg,@그냥d1m,으앙 진짜 너무 예뻐여,1,2025-09-06T07:45:49Z
n9BloXK-PNc,Ugz7U-1PHnnAR1yaurd4AaABAg,@박은진-w6f,언니 짱,1,2025-09-06T16:09:07Z
n9BloXK-PNc,UgxSOOxwry1qK0wvDeV4AaABAg,@jadekkk._7,Wow I love the dance is so beautiful 🎉❤,1,2025-09-07T07:59:06Z
vTVfb6eDYVw,Ugwn7MCX7LhxORZiZCB4AaABAg,@나는베키너는,"<Coppelia 코펠리아>

0:01 ~ 2:19 - Swanhilda
2:20 ~ 3:57 - Coppelia Dawn 

<Paquita 파키타>

3:58 ~ 6:18 - Paquita Camaro 
6:18 ~ 7:29 - Paquita fourth (보석)

<Nutcracker 호두까기 인형>

7:30 ~ 9:38 - Nutcracker Sugar Plum Fairy

<The Sleeping Beauty 잠자는 숲속의 공주>

9:39 ~ 11:44 - Aurora 
11:45 ~ 12:49 - Blue Bird
12:50 ~ 14:03 - Lilac Fairy

<Don Quixote 돈키호테>

14:04 ~ 15:28 - Kitri act 3
15:29 ~ 16:17 - Kitri act 1
16:18 ~ 17:23 - Cupid 

<Esmeralda 에스메랄다>

17:24 ~ 19:02 - Esmeralda

<La Bayadere 라 바야데르>

19:03 ~ 20:22 - Gamzatti
20:23 ~ 21:43 - Third Shade

<Le Corsaire 해적>

21:44 ~23:19 - Medora act 2
23:20 ~ 24:23 - Le Corsaire variation 
24:24 ~ 26:00 - Gulnare 

<Fairy Doll 요정인형>

26:01 ~ 28:07 - Fairy Doll

<Giselle 지젤>

28:08 ~ 30:12 - Giselle Variation 

<Swan Lake 백조의 호수>

30:14 ~ 31:56 - Swan Lake act1 variation 
31:57 ~ 34:08 - Odette
34:09 ~ 36:22 - Odile 

<Raymonda 레이몬다>

36:23 ~ 37:54 - Raymonda act3 Birthday
37:55 ~ 40:25 - Raymonda Variation",111,2025-10-26T01:36:00Z
vTVfb6eDYVw,UgzUgA_lpBAolspZ6h54AaABAg,@jrosie4u,어릴때 발레하다 코로나때 그만두고 공부하고있는 고등학생입니다 이걸 들으니 추억돋으면서 슬퍼지기까지 하네요 감사해요 자주 들을게요!!,133,2025-11-23T10:37:24Z
vTVfb6eDYVw,UgxDqIbqIjNo8cpPTQd4AaABAg,@hawoo2866,저는 발레를 너무나도 사랑해서 이번년도에 잘하면 전공을 할 수 있는 초등학생이예요! 전공을 하기엔 조금 늦은 나이지만 이 음악을 듣고 발레 작품 파키타와 파랑새를 연습하고 있어요! 항상 감사합니다!,7,2026-04-21T10:56:27Z
vTVfb6eDYVw,UgxciGVAialVqJR07ht4AaABAg,@cherrycrumble5452,호두까기 인형의 계절이 오는 중🤍,78,2025-10-26T02:28:42Z
vTVfb6eDYVw,UgyEZ3LrNv5RNxEDLIt4AaABAg,@김세린-w3d,15:30 하….사랑해!,16,2025-10-27T12:02:44Z
vTVfb6eDYVw,UgwO9dcRNJU0pFB9adt4AaABAg,@규-p2e,맨날 발레 플레이리스트 검색하면 백조의 호수랑 호두까기 인형만 나와서 답답했는데 여기꺼 자주 들을게요💗,7,2025-12-03T17:59:41Z
vTVfb6eDYVw,UgylZ_5ut5ZQ4EnD8iN4AaABAg,@fly-nua,계속 발레 플리 만들어주세요... 유일하게 믿고 듣는 발레 플리에요ㅠㅠ,9,2025-11-22T12:53:26Z
vTVfb6eDYVw,UgxrkzQdNN6cDReQ0Zh4AaABAg,@경은-h9m,귀한 솔로바리에이션 플리 감사합니다,32,2025-10-27T12:26:31Z
vTVfb6eDYVw,UgxP6ZWaWwWTiNZq9HF4AaABAg,@s.j.6950,제가 실제로 자주 챙겨보던 학생들 콩쿨 무대에 사용된 음악이랑 싱크로율이 높은 음원을 가져와주셔서 더욱 행복해요.  첫 곡 코펠리아 저렇게 천천히 연주하는 곡을 찾고 싶었는데 아무데도 없더라고요ㅜㅜ 만들어주셔서 감사합니다!!,13,2025-10-29T07:15:28Z
vTVfb6eDYVw,UgwraJEV4JlSGC5EE-t4AaABAg,@강현주-g8p6p,"매일매일 너무나 잘 듣고 있어요~😊
감사해서 마음 전해드려요❤",0,2026-07-01T00:14:53Z
vTVfb6eDYVw,UgwlGkzNfQMS9gbwmrh4AaABAg,@Toggiigi,"티타임에 틀어놓으니까 되게 고급진 디저트 먹는 기분이에요,,ㅋㅋㅋㅎ 좋은 플리 감사합니당❤",11,2025-10-27T21:18:14Z
vTVfb6eDYVw,UgwTRjkUIz5XaiwNiWJ4AaABAg,@개굴오징인뎁,저 발레전공생인데 인형요정만 들으면 PTSD와요..(TMI죄송합니다),23,2025-11-20T13:03:45Z
vTVfb6eDYVw,UgzWLZEXLr3bA-UYCad4AaABAg,@Daydream-1126,이 플리 진짜 최고임,1,2026-06-07T10:50:39Z
vTVfb6eDYVw,UgyqXGXKwAjsQTb54bF4AaABAg,@Hyeoon00,공부할 때 틀어놓기 너무 좋아요!!🫧🩷,1,2026-05-24T10:29:01Z
vTVfb6eDYVw,UgzTxj1OGRcC5ypvJYt4AaABAg,@치즈호두르,"📍
0:00 Coppelia
3:58 Paquita
7:30 The Nutcracker
9:39 The Sleeping Beauty
14:03 Don Quixote
17:24 La Esmeralda
19:02 La Bayadere
21:44 Le corsaire
26:01 Fairy doll
28:09 Giselle
30:15 Swan Lake
36:26 Raymonda",19,2025-10-26T00:57:36Z
vTVfb6eDYVw,UgwpRZKAmDcavLM72id4AaABAg,@isabeloficinasdedanca7228,"Muito boa
Um abraço do Brasil 🇧🇷",0,2026-05-23T16:26:32Z
vTVfb6eDYVw,UgxUER5awM6eza1cVzd4AaABAg,@모든사용자에게표싣,"하 너무 좋아요! 남자 바리에이션도 기다려봅니다,,💙",3,2025-10-30T03:52:18Z
vTVfb6eDYVw,Ugw6ExvzyWfPpJNxKoV4AaABAg,@냠냠옥수수,너무 유익한 플리입니다~ 제 노동요 할게요,0,2026-06-02T06:13:32Z
vTVfb6eDYVw,Ugz759ccbuheVHWKbQx4AaABAg,@박지혜-w6n7w,요즘 날씨부터 한겨울까지 딱이구만...♥,1,2025-10-26T08:05:59Z
vTVfb6eDYVw,UgxjuH2x1ae9MtTYtqh4AaABAg,@아쿠아맨-007,제 예전 작품 음악들도 많고 옛날 생각 나서 좋네요! 플리 만들어주셔서 감사해요 ㅠㅠ,4,2025-10-26T01:59:41Z
vTVfb6eDYVw,UgzuIkko0L7fDflsnQh4AaABAg,@이율리-b9r,"남자 솔로도 만들어주세요, 구독할게요^^",0,2026-05-28T04:08:55Z
vTVfb6eDYVw,UgwLgXWURQJ83TurVCd4AaABAg,@오조오-h2g,ㅎㅎ 이 음악만 들으면 춤추고 싶어져요!😮,1,2026-01-12T20:06:56Z
vTVfb6eDYVw,UgzLGfg2Ol4PrruYi5d4AaABAg,@mayandolivia,요즘 최애플리에요 너무 기분좋게합니다 감사해요❤,0,2026-04-29T01:25:29Z
vTVfb6eDYVw,UgwiOVLxCSVkATwVRwR4AaABAg,@성희_좋아하는_사람,요정음악이 없어서 아쉬워요으ㅜ 물의 요정 젊음의 요정 탈리스만 헤베 플로라!!,0,2026-01-09T16:14:31Z
vTVfb6eDYVw,UgxAiXIbJ6JAg1ZWfhd4AaABAg,@lilykim4937,홈발레 음악으로 잘 듣고 있어요 : ) 발레 클레스 뮤직 플리 나올때 까지 버티기!!💕,0,2025-11-07T23:42:12Z
vTVfb6eDYVw,UgweU20cLdUOrMSBMp94AaABAg,@Cyr388toystory,진짜 감사합니다 너무 잘 듣고있어요 짱짱맨!!!!❤❤,0,2025-10-27T01:17:27Z
vTVfb6eDYVw,UgzoKqfiTZ8rAQFufLR4AaABAg,@새앙쥐-q4e,진짜 너무 조아요,0,2025-10-30T02:39:01Z
vTVfb6eDYVw,UgzCEQrdyDV2sDu6H-14AaABAg,@LizbethSánchez-q2k,"Increíble, playlist, gracias!",0,2025-10-29T17:31:28Z
vTVfb6eDYVw,UgwCM_Ihau5lJ59IXhZ4AaABAg,@junghakim5309,조아요,0,2025-11-08T13:12:34Z
vTVfb6eDYVw,Ugyvx8NK-pTpRBKR9X14AaABAg,@ajuliacarvalho,"oh, to be a ballet enthusiast 🎀🩰",0,2025-11-11T01:25:45Z
gBe5zoT3o6k,Ugx5P7mB5bNNcQsjO3Z4AaABAg,@peachblues__,"😎넘 쥬아💛💛💛
이제 연시 분위기 보여쥬떼여 🐅💨",0,2022-01-02T01:57:34Z
gBe5zoT3o6k,Ugw_3y2FiwsEIuKPL1Z4AaABAg,@alstnwlsla,캬..♡♡♡,0,2022-01-02T01:37:24Z
GMZc8e8xTQk,UgzT14gpN7Vp9fo_3Pp4AaABAg,@유후-f6w,"와,,진짜 잘한다 벌써부터 펄팩트한느낌이솔솔,,,",49,2023-03-11T10:24:04Z
GMZc8e8xTQk,UgzLunyR7-rU6DbdCTB4AaABAg,@giyo-tq2ob,우와 연습인데도 떨지않고 공연 하듯이 정말 잘하네요 아이들이 정말 발레리나 발레리노 같아요❤,11,2024-06-21T13:14:27Z
GMZc8e8xTQk,UgzzQO_kBwMgIWUaWb54AaABAg,@뚜짠-b1b,진짜 언니 너무 잘해요 시선도 바르고 정말 넘 완벽해여! 언닐 닮고 싶어요 언니를 보고 발레리나라는 꿈이 생겼어요! 진심으로 넘 잘해용❤❤❤,1,2026-01-23T04:02:29Z
GMZc8e8xTQk,UgzgEMZphk34GMM-t7F4AaABAg,@삶의의미-c1r,❤❤❤ 넘 잘하구 시연 언니 넘 이뻐용❤❤❤,1,2026-01-25T05:03:22Z
GMZc8e8xTQk,Ugzl2hmtCoxebVMzHTV4AaABAg,@남성이충열,"아직연습인데 너무 잘하네요..
벌써 중1이라니..
옛날은 떠올려보면 10살때 영재발굴단에 나왔는데 그때는 훨씬귀여웠네요.
지금은 언니네여!!
시연이 언니 공연홧팅!",25,2022-11-14T11:37:08Z
GMZc8e8xTQk,UgzLxxiPIhitTcWJxlx4AaABAg,@hjj3010,시연이 너무 귀엽다🥰🥰🥰공연 잘해^^,21,2022-11-14T02:14:49Z
GMZc8e8xTQk,UgxK8yG_Jy7oOaHzrvd4AaABAg,@김범준-p3o,연습인데 너무나도 잘하네요♡ 시연님도 화이팅! 다른친구들도 화이팅! 멋지고 아름다운 공연 기대할게요^^♡,12,2022-11-16T10:00:30Z
GMZc8e8xTQk,UgyHVkH_mINeW2rXdbx4AaABAg,@user-mocracy._.2,"와 여기에 출연하셨네요!! 저도 여기에서 같은 날짜에 공연 했었는데,, 그때는 제가 시연님은 몰라서 못봤네요ㅜㅜ",2,2024-05-31T11:09:21Z
GMZc8e8xTQk,UgzRepw5jkIK3PRFemx4AaABAg,@리아_뀨,시윤이 너무 예쁘다.....♡,3,2022-11-18T07:36:59Z
GMZc8e8xTQk,UgwamZbtQyBEM6h7FCV4AaABAg,@healing_forest_,귀엽고 예쁘고 정말정말 잘하네요❤,2,2023-03-22T02:46:10Z
GMZc8e8xTQk,UgwSSG7uirT6kaNhMXV4AaABAg,@lebleu2188,아기들 넘 귀여워요,1,2023-03-31T07:20:52Z
GMZc8e8xTQk,UgzKxD3_UoDX6B5GeAh4AaABAg,@cr74evergoat,이 소녀의 미래는 매우 밝습니다 🩰🎀,1,2024-12-27T22:39:45Z
GMZc8e8xTQk,Ugx3bY5vHqxVa8qD5WN4AaABAg,@hdh825,공연 연습 열심히 하네요,2,2024-06-19T05:08:52Z
GMZc8e8xTQk,Ugz5-Hrnqec0zb_wBNB4AaABAg,@greatwaltz8186,꺄아~~~ 애기들 넘 귀여워요 ♥♥♥♥♥,1,2023-08-14T17:55:36Z
GMZc8e8xTQk,UgwD7ddKCfrkyqsMO1x4AaABAg,@이윤교-o7q,대한민국 미래가 밝구나 ㅎㅎㅎ,1,2023-06-04T11:15:23Z
GMZc8e8xTQk,UgzWHldBoUCPecVCy6x4AaABAg,@리아_뀨,공연 화이팅!,3,2022-11-18T07:37:26Z
GMZc8e8xTQk,UgzrmzA2tFtzs1hVkOV4AaABAg,@이재순-i6f,와,1,2024-08-14T03:24:02Z
GMZc8e8xTQk,UgyTuhRs3UuFbdcjroZ4AaABAg,@김주연-w8y9q,아마 좋은 공연이 나올 것 같아요^^,6,2022-11-17T15:16:59Z
GMZc8e8xTQk,Ugzh5MgPJF8HWz0GTQR4AaABAg,@jamie-blue,고것들 참 귀엽구나,0,2025-03-26T23:14:57Z
GMZc8e8xTQk,UgxgOYG8CLa3ak5H5iJ4AaABAg,@최우진-o5l,"언니 너무 잘 하긴 하는데 
저는 언니 공연 을

못바 서슬 퍼    요_::)",1,2023-02-16T11:31:10Z
GMZc8e8xTQk,UgwPJAHrG_kbAW-zQTt4AaABAg,@뚜바비두밥,혹시 그 연습장에 있는 사람들 이름 다 알고 계시나요??,1,2024-10-14T06:40:26Z
GMZc8e8xTQk,UgyDojkyd2vOGw6RXQ54AaABAg,@kyungkim599,체형이 가장중요함,4,2022-12-13T01:13:44Z
GMZc8e8xTQk,UgzklSKRRlDuSPQ3mAd4AaABAg,@핑퐁-j3s,잘하시네,1,2022-11-26T01:39:34Z
GMZc8e8xTQk,UgzkXQfror-yhT_bYA94AaABAg,@jily4218,시연양 화이팅!!! 멋진 공연 기대할게요^^,3,2022-11-14T14:08:35Z
GMZc8e8xTQk,UgwoshyTGXXNdeQhGjt4AaABAg,@vlog-yun,-와우-,0,2023-12-17T13:04:48Z
GMZc8e8xTQk,Ugwp8BGsMbCUpxUijJd4AaABAg,@surisurilove,잘하네요.. 자세 곧고 다리 긴거봐ㅜㅜㅜ,2,2022-11-27T09:56:39Z
GMZc8e8xTQk,Ugy2Y7k7B7gmiX-pk5x4AaABAg,@오승아-q4e,발레학원 이름이 뭔가요? 제가 다니는 학원이랑 비슷해서요,1,2023-02-27T10:47:30Z
GMZc8e8xTQk,Ugw2JnvTxquFP7gPKvF4AaABAg,@이재순-i6f,너도 호두카기 인형 공연했어요❤❤❤,0,2024-08-14T14:26:36Z
GMZc8e8xTQk,UgxMAZ_H14tgwNkbv8V4AaABAg,@조광래-w1i,"고등학교 1학년까지는 남녀가 탈의실 같이 쓴다고 들었어요 
체력의 한계를 넘는 연습운동으로  2차성징이 그때 까지도 나타나지 않아 남자나 여자나 별차이가 없기 때문이라고 들었어요 😅",0,2023-10-28T02:40:31Z
GMZc8e8xTQk,UgxJiJKGM9-3QSci_R54AaABAg,@Riyen_1234,와... 저학생들 영상으로 올리면 좋겠당....,1,2023-05-23T09:47:58Z
3aqsljNa-5k,UgyD1fGtV-_JJ8yj7sF4AaABAg,@이성희-u1y6s,넘 이뻐용❤❤,0,2025-08-13T05:14:40Z
3aqsljNa-5k,UgxVtePJdpTR4rTZ27R4AaABAg,@이하윤-i7t,멋있어용❤️,0,2024-12-31T10:07:42Z
3aqsljNa-5k,UgxU83vsWdUXWDervld4AaABAg,@밤나나인데요_121,"ㅜㅜ 저 호두까기 공연이긴 한데..
저 병정ㅇ에요 ㅜㅜㅜㅜㅜㅜㅜㅜ
저 그 블루에요",0,2025-11-30T00:57:47Z
3aqsljNa-5k,UgwWSBZUNO6s93Qybft4AaABAg,@서짱-e7h,전 울산에 사는 학생인데 근처에 예고가 있거든요 근데 제가 원래 다니던 학원은 입시학원이 아닌데 예고를 가고 싶어서 학원을 옮기려고 하는데 현재 다니던 학원은 어렸을 때부터 해서 친구들과 잘 지냈는데 입시 학원을 가면 잘하는 애들이 많은데 적응 못 하거나 무시할까 봐 걱정이라 지금 학원을 못 바꾸고 있는데 적응 잘하는 법 좀 알려 주세요ㅠ😢😊,1,2025-01-20T12:47:34Z
3aqsljNa-5k,UgyJVPyYX6dzdujMsfN4AaABAg,@Jeong_Yon,너모 예뻐용🤍🤍,1,2024-12-31T11:46:25Z
3aqsljNa-5k,Ugw8w8cLIVf4HqC7T9h4AaABAg,@서짱-e7h,"그럼혹시 적응 어떻게 하셨어요?
친구들이 먼저 다가와 줬나요? 2월 달부터 학원 옮기는데 어떻게 해야 될지 모르겠어요ㅠ",1,2025-01-25T14:29:07Z
3aqsljNa-5k,UgzzHZC2GkptYefW6xh4AaABAg,@s.ph_1,저도 전공인데 5학년때 시작해서 지금은 6학년인데 발레를 너무 늦게 시작한것같아서 후회되는데 너무 늦게 시작한건가요..?토슈즈도 최근에 첨 신었거든요..ㅠ,1,2025-01-20T11:32:45Z
3aqsljNa-5k,Ugxs5TQunUCVcB8tbQx4AaABAg,@설-balla,발레 학원 어디다니세요?,0,2025-11-30T14:20:43Z
3aqsljNa-5k,Ugx-mFF86zl_mO6XXTF4AaABAg,@김민서-h2l8d,저런 공연은 어떻게 나가나요..?😢,0,2025-07-06T16:07:30Z
3aqsljNa-5k,UgzkPkD3IhuqPRVzuyR4AaABAg,@h.an6_a,진짜로 정스는 다 이쁜사람만 있나요,0,2025-01-05T08:10:38Z
3aqsljNa-5k,Ugzu-zil1RcuqOFkPlh4AaABAg,@rina-j6b8i,혹시 거기 윤지율이란 애도 있었나요?,0,2025-01-05T04:58:48Z
P49AeIs6ZS8,UgxqF_QA554rMZvCyJ94AaABAg,@믿음소망사랑-y5f,리튬 진짜 안타깝습니다 13살에 유튜브 할 정도면 똑똑하고 잘 큰 아이 같은데...,495,2025-09-05T06:22:09Z
P49AeIs6ZS8,Ugx_j-V2_aRMo1HpjBx4AaABAg,@파워바디파워인생,윤이버설 그립다...,144,2025-10-24T12:54:39Z
P49AeIs6ZS8,UgyUyECPkL7xqqZOfyF4AaABAg,@정둥이-w3w,사인미정이 아니라 보통 사인미상이라고 말하지 않나요;,291,2025-09-06T10:40:06Z
P49AeIs6ZS8,UgweUBOfnsgmUYvuuHV4AaABAg,@Jade-ug1jd,표예림씨를 ㅈ인건 학폭 가해자들 아닙니까?? 그 가해자들 멀쩡히 살아가고 있잖아요. 업에는 시차는 있을지언정 오차는 없다.,43,2026-01-26T09:18:52Z
P49AeIs6ZS8,UgyJDWGwaz0IuNn0pYF4AaABAg,@MrLikewind,13살 나이에 아버지한테 죽다니 이건 유튜버라서기보다 일반인이었어도 충격적인 얘기네,9,2026-02-14T23:23:57Z
P49AeIs6ZS8,UgxvVugO00Jvem87AS54AaABAg,@GAMEPORTTT,윤이버셜님 보고싶다....,223,2025-09-08T12:28:34Z
P49AeIs6ZS8,UgxnCaGr8Wa-A8sWOeV4AaABAg,@김피부,사인 '불명' 이겠져..,137,2025-09-07T15:36:04Z
P49AeIs6ZS8,Ugx08zKTu23qIuqTiFF4AaABAg,@전정미-b5z,마음 아프네요 다들 젊은 나이에 ...,50,2025-09-05T09:39:46Z
P49AeIs6ZS8,UgyBrkKTnsiJz1PJxE94AaABAg,@Lemon-rh6tn,"김용호는 남의 약점으로 낄낄대며 돈벌어먹다가 
끝발떨어지고 박수홍한테 고소먹고 빌빌대다가 죽었나보네
인생을 얼마나 잘 살아왔는지 얘 죽었다는 기사에 하나같이 잘죽었다는반응밖에 없다더라 ㅋㅋ 그렇게 같이 지냈던 가세연하고도 갈라섰는지 장례식장에 오지도않고",103,2026-01-01T10:54:19Z
P49AeIs6ZS8,Ugz4mmMqydu4IYjmUFp4AaABAg,@user-vc3dj6gw9i1,리튬은 한살 차이에 시골이 원주 귀래인데 문막읍 가까운데여서 그런가 왠지 모르게 더 씁쓸하네,16,2025-11-10T11:46:07Z
P49AeIs6ZS8,UgwBoLBGqvN3rhyUxeR4AaABAg,@국골에이스-e8i,윤이씨 젊은나이에 정말 고생 많이 하셨는데 너무 안타깝네요,27,2025-12-10T14:29:29Z
P49AeIs6ZS8,UgxJC0EWwBnxZaTZs9x4AaABAg,@Tsukine0915,마지막은 진짜 안타까운데…..,1,2026-07-06T07:02:00Z
P49AeIs6ZS8,Ugw8GJofcV6TuC2bc4x4AaABAg,@TV-sk5mg,윤이버셜이너무그립다ㅠㅠㅠ..............,20,2026-01-08T13:44:35Z
P49AeIs6ZS8,UgwuBIwGJ5Ze2cI-I214AaABAg,@이영민-h2j,김용호는 스포츠 신문 기자였죠,14,2025-09-06T00:15:16Z
P49AeIs6ZS8,UgztigdEAa-2VuWsMax4AaABAg,@김큐티-m4d,윤이버셜님은 넘 안타까워요ㅜ 똑똑하고 성실하고 이뻤는데~ ㅜ,2,2026-02-01T05:57:02Z
P49AeIs6ZS8,Ugwnynf2WtRKj2bxe6V4AaABAg,@rurounikenshin4848,"나이를 먹는다는게 참 개떡같다고 생각드는게...
나이 먹어갈수록, 새로운 사람을 알게될 경우는 줄어들어..어릴때보다..
근데, 직접적인 인연이건, 뭐 연예인이건, 유명인이건...
내가 알고 있던 사람들이 하나 둘씩 사망하는 사람이 늘어간다는 거야...
이게 참 기분이 그지같어....
아마 한 100살쯤 되는 어르신은 기분이 어떠실까...?
알고 있는 사람들중에 사망자가 더 많으실듯...
기분 좀 이상해...ㅡ,.ㅡㅋ
학창시절에 좋아했던 배우나 가수가 어느날 사망하고...
뭐 친구가 사고로 사망하고...
요즘은 유튜브가 활성화되어서, 유튜브에서 얼굴 좀 익힌 사람도 사망자가 제법 되네...
기분 개같어...",3,2026-02-10T22:33:31Z
P49AeIs6ZS8,UgzGWjj_G06uOobIaq94AaABAg,@대찡꼬,어디 김용호같은 인간이랑 윤이버셜님이랑 같이 올리는거야!,23,2025-10-02T22:32:23Z
P49AeIs6ZS8,UgzI8jo_LP4KHA1t7yl4AaABAg,@user-longicornbj80,잼미가 몇년만 더 버텼으면 가면 쓴 그 색히 잡아 넣을 수 있었을텐데...,1,2026-05-06T11:22:10Z
P49AeIs6ZS8,UgwNuQQ9Ppc6jNIL7vl4AaABAg,@55me-kr1,잼미님 억까 때문에…하…비극로다 ㅜㅜ,1,2026-06-17T13:50:15Z
P49AeIs6ZS8,Ugw4qHNLeag_57NgBbx4AaABAg,@장쯔이-k8p,김용호는 저기 왜끼노 ㅋㅋㅋㅋㅋㅋㅋㅋㅋ,77,2025-09-05T12:02:52Z
P49AeIs6ZS8,UgyvTFQYfuenFHf40254AaABAg,@SCV_GOLD,김용호는 살자 당한,2,2026-07-04T23:41:06Z
P49AeIs6ZS8,Ugx-yHzKVUZzpKS388B4AaABAg,@olivia-hr3dz,살아보니 포기하는 게 낫겠다 싶은데 저분들은 약의 도움을 안받으신 게 아닌지 ...받으셨다면 근근히 싸우며 살아는 있을겁니다.,7,2025-09-09T06:04:23Z
P49AeIs6ZS8,UgwTFTo27WM9d5hNnVF4AaABAg,@asdfqwerzxcv123,"잘나가다 마지막에... 저건 왜 끼냐?
쟨 죽었을때 댓글창에 잘 죽었다고 난리가 났었던 쓰레기잖아
얼마나 나쁜짓을 많이 했으면 사람이 죽었는데도 고인의 명복을 빕니다...이런댓은 없고 죄다 잘 죽었다고 
착하게좀 살지",4,2025-09-06T07:15:22Z
P49AeIs6ZS8,UgzAlrz-xuApqUJwMMp4AaABAg,@은냥-d5z,마지막 아이고ㅠ,0,2026-07-03T04:24:49Z
P49AeIs6ZS8,UgxMNVaQHsnTrAWCv8F4AaABAg,@이세돌화이팅,슬퍼하지 마세요 저승에서 저희 이세돌 만나셔서 행복하게 오래오래 사실거게요,0,2026-06-17T16:41:30Z
P49AeIs6ZS8,UgydCWDyyjrLqAcG0QF4AaABAg,@내사랑눈싸람,김웅서는 아내가 죽인거랑 다름없는거 아닌가 그알보고 소름돋았는데,54,2025-09-08T01:44:00Z
P49AeIs6ZS8,UgxGuGljjbgHTzedckh4AaABAg,@꾸에에에에-b9j,한선월을 아는사람: 🙄,1,2026-06-19T13:56:12Z
P49AeIs6ZS8,UgyrpFHCOFdSr9iqDDZ4AaABAg,@잎새달-r3u,에휴~~!! 정작 가야할것들은 안가고 ㅠㅠ,2,2025-12-26T18:36:15Z
P49AeIs6ZS8,UgzTjJSJp1ESQ2wkkgp4AaABAg,@Ss-eee,마지막이 충격이네,0,2026-01-05T02:12:45Z
P49AeIs6ZS8,Ugyb0dSwTI-h7uUM1kd4AaABAg,@이해불가_연예계,"극단적 선택 하신 분들
너무 안타깝습니다

다들 젊고 이쁘신데...",66,2025-09-05T06:18:38Z
sHmKImdIei0,UgwjZAVQHdv9JJThOCh4AaABAg,@김준우-i1d,"""니네집 쩔더라ㅋ""",181771,2023-04-01T07:13:20Z
sHmKImdIei0,UgzedhHaU5ZjOrEeTAx4AaABAg,@b6i1d,"""스위트홈""",55485,2023-03-31T18:16:10Z
sHmKImdIei0,UgwpZ8ECFwjp4Gv0pTt4AaABAg,@shirimp,"""전세사기""",29941,2023-04-09T10:54:47Z
sHmKImdIei0,UgxdikS0cbPSgy6z3nd4AaABAg,@da_on12,"??: 니네집 먹히고 잇어..
?: 알아.",0,2026-07-06T23:50:19Z
sHmKImdIei0,UgxAuA98dXU_smmeN0F4AaABAg,@성이름-g9q3h,"""아니 꿀벌이 이 일을 기억하겠냐고""",15653,2023-04-01T01:37:45Z
sHmKImdIei0,Ugy5ZUNiW-0yEJTlbiZ4AaABAg,@ob6711,"""가보니까 제 집이더라구요. 그래서 눈물이 났어요""",13456,2023-04-09T08:42:02Z
sHmKImdIei0,UgxxP3gB2kqPFbXma_54AaABAg,@seemonkey_92,"이 영상의 제목은
""제목 지어주면 치킨""이 가장 적합할듯싶습니다",5068,2023-04-11T11:11:25Z
sHmKImdIei0,Ugxuv4uQMDbV5zs58PZ4AaABAg,@럭키요정녕,꿀벌이 무서워도 벌집은 못 참지 ㅋ,1,2026-07-07T09:00:56Z
sHmKImdIei0,UgwZHqw5isOhM1l7i9Z4AaABAg,@uesr-vqepivindjxj,"제목이고 나발이고
수염 진짜 개열받네ㅋㅋ
듬성듬성",3608,2023-07-03T14:23:01Z
sHmKImdIei0,UgxKK-Lws0mpe2WHPHJ4AaABAg,@doggiekittie,근데 벌 너무 착한거 아니냐 ㅠㅠ 지꺼 뺏어묵는데 옆에서 앙대앙대 ㅠㅠ 이러고만 있는거같애,1308,2024-09-22T14:12:10Z
sHmKImdIei0,Ugx6dluVfuU_JyRHoYB4AaABAg,@qwer11256,"벌집째 포장된 꿀이나 벌집 아이스크림 등 (대개 꿀만 빨아먹고 벌집은 씹어 뱉어버리지만) 사람이 먹는 경우도 있지만, 인체의 소화기관은 밀랍과 같은 고분자 에스테르의 분자 구조를 깰 수 없어 소화가 되지 않는다. 조금 먹었을 때는 그냥 똥으로 나오고 마는 정도지만 많이 먹으면 설사를 할 수 있으니 주의해야 한다
다음날 설사 하겠네",377,2024-07-19T17:20:22Z
sHmKImdIei0,UgwONNmfFmNcMBTTlrp4AaABAg,@sunok8425,"꿀벌:내꿀..,,.,..,,,,,....,...... 
???:음~맛있다",0,2026-01-18T04:41:08Z
sHmKImdIei0,UgwMgRxenjdkfJeukrV4AaABAg,@담클립,"""그날 꿀벌은 떠올렸다""",901,2023-04-09T18:06:45Z
sHmKImdIei0,UgzH72jZ7oyyzrx6ZRB4AaABAg,@김나현-n2u,엄마 누가 우리집을 먹고있어,346,2024-04-14T10:16:42Z
sHmKImdIei0,UgxzcROpwCAeQTG37lh4AaABAg,@zzzz.427,다시봐도 찐짜 맛잇게먹는다,38,2023-07-22T05:58:02Z
sHmKImdIei0,UgzOczLniKz9jJc8ie94AaABAg,@Hi-12345-i,"벌집X
식량O",0,2026-07-09T12:18:19Z
sHmKImdIei0,UgzK__1KbNcDvcT_fod4AaABAg,@jajao_3,꿀벌 눈앞에서 거인이 집 파괴하고 있는데 어떻게 해야할지 안절부절하고 있는 거 개웃기네 ㅋㅋㅋ,486,2023-04-14T08:39:27Z
sHmKImdIei0,UgxIhzysZrH9rzuF_zN4AaABAg,@상콤_자몽,“김좀말벌씨 입니다“,883,2025-02-22T16:49:51Z
sHmKImdIei0,UgwryVhuHYZDG8k49SR4AaABAg,@레저-u8m,개인적으로 6시발내고향이 레전드였는데 ㅋㅋㅋ,181,2026-02-16T12:00:26Z
sHmKImdIei0,Ugy0kMgDhXc4zyn1dex4AaABAg,@0211won,수염난 아저씨의 위험한 벌집 먹방ㅋㅋㅋㅋ,1,2026-03-10T11:32:54Z
sHmKImdIei0,UgyP3AtofChLT50eZSx4AaABAg,@K1LEN_B,”건물주 앞에서 건물 먹기“,66,2023-04-11T14:14:40Z
sHmKImdIei0,UgyuFfPikg7CgILxIcV4AaABAg,@쿠린-w4l,"""부동산 보러왔는데..""",52,2025-10-07T08:46:34Z
sHmKImdIei0,UgwlrxRRAUPhBJ5k39d4AaABAg,@user-kfbfkwkakhsh,이 형 동영상에서는 자기가 왕인 것처럼 하는데 댓글 달 때에는 친절하고 착해짐ㅋㅋㅋ케케,54,2023-05-16T07:16:47Z
sHmKImdIei0,UgzCirMLpbXu0uHlqQ94AaABAg,@박혜림-x3q,꿀벌:야 ㅑㅑㅑ 이사람아ㅏㅏ 내 꿀 먹으면 물어버릴거야ㅑㅑ,1,2026-06-20T05:41:43Z
sHmKImdIei0,Ugw4BrieVzfGkR3aOqV4AaABAg,@TV-wp9uq,치킨 하나에 이정도 관심이면 아주 달달하겠누 주인장 ㅋㅋ,380,2024-11-03T14:27:29Z
sHmKImdIei0,UgzXQXW602YHNwXu-914AaABAg,@Siiiiiiiiiiiiiiiiiiii-o1p,"""소국의 벌집은 대국의 벌집보다 맛없다고 돌연먹방을 하는데..""",701,2024-01-06T13:21:02Z
sHmKImdIei0,Ugx-lbRbz--XYoHbk4d4AaABAg,@user-nw4uc1dk2v,짭짭대면서 입술 오리마냥 왔다갔다 하는 거 개킹받네 ㅋㅋㅋㅋㅋ,23,2023-04-13T14:47:28Z
sHmKImdIei0,UgwFOH2aOwmg1hQyi_F4AaABAg,@도치-p6,얼마나 안뺏기고 싶은지 감도 안옴(?),0,2026-07-08T11:07:57Z
sHmKImdIei0,UgyRYUFDmZweI03BDtV4AaABAg,@카지노-t3h,영상도 꿀빨지만 제목까지 꿀빨라고 하시네 ㅋㅋㅋ,256,2024-05-25T06:47:03Z
sHmKImdIei0,UgzKKVSba3kTL3iE82Z4AaABAg,@user-goldlight,먹는거 엄청 킹받게 먹네ㅋㅋㅋㅋ,11,2023-08-01T06:06:20Z
wAhuhRwNPMc,UgzmPeCRe3dH70PBRbZ4AaABAg,@정준휘-t5l,조회수가 왜 계속 오르지? 무서워....,163,2021-09-06T03:10:02Z
wAhuhRwNPMc,Ugw-u_Cax-xJR8_TVx94AaABAg,@카탈루냐전주지부장,느슨해진 예초기에 갈매기를 불어넣어 주는 영상이였다,211,2022-02-08T15:15:10Z
wAhuhRwNPMc,UgyTfvWx5MUZefrKJWJ4AaABAg,@이현성-y2o,구리형님 창문열때 손제스처 멋있는게.킬포임,98,2022-02-09T03:27:08Z
wAhuhRwNPMc,UgzrJs-m3VJprSnWGm94AaABAg,@count_ing_star,갈매사는 사람이 속초에서 갈매기를 부르네ㅋㅋㅋ,33,2022-07-28T18:54:16Z
wAhuhRwNPMc,UgyzBC6tUDF-ZN6mDH94AaABAg,@Margarita-q1z,누가 댓글에 님의 가사를 썼길래 검색했는데 ㅋㅋ나와서 보고갑니다 ㅋㅋ,23,2025-07-30T23:38:17Z
wAhuhRwNPMc,UgwXZxZxaFn7QmWsH3x4AaABAg,@청순이샤인머스켓농원,ㅋ 구리~속초~ 다음편도 기대할께요,13,2022-03-21T22:22:10Z
wAhuhRwNPMc,UgyRYZt9q_qfwHWO4ah4AaABAg,@조인숙-l4t,"1탄 경기도 구리는 진짜 정신줄 놓고 웃었는데 속초편은 약해요 ㅠ ㅠ 

역시 전편을 능가하는 속편은 없단 말이 맞는가... ㅠ ㅠ",9,2024-12-11T02:56:56Z
wAhuhRwNPMc,UgzHpMJylPvbz2_0WsN4AaABAg,@-milduknextdoor373,속초라...추억이구만..,9,2021-12-31T01:15:47Z
wAhuhRwNPMc,UgwS-F7i3lNfj-pSPb94AaABAg,@LINOSELやる,속초까지 ㅋㅋㅋㅋ,2,2022-02-26T15:33:55Z
wAhuhRwNPMc,Ugy-iKgZ_g5qELJlSBh4AaABAg,@user-sx8ke8vx8p,저건 뭐얔ㅋㄲ,2,2022-02-08T19:21:07Z
wAhuhRwNPMc,UgwaI7GO3h4Lz0ItW_94AaABAg,@jumelle866,ㅎㅎ 조만간 조선팔도 다 나오겠다~^^,10,2021-12-31T10:04:19Z
wAhuhRwNPMc,UgycdppyXXye6JKmE0Z4AaABAg,@김진선-x9b,"ㅇㅏ니 ㅋㅋ자꾸알고리즘떠ㅋㅋ
심지어나구리살아ㅋㅋㅋ",2,2022-07-15T15:27:04Z
wAhuhRwNPMc,UgwJhbGDknJKpEQFUWR4AaABAg,@성이름-m7r4f,뻘하게 웃기네ㅋㅋㅋㅋㅋㅋㅋㅋ,1,2023-05-08T07:13:26Z
wAhuhRwNPMc,Ugz7_QYFG5MXQcNovIR4AaABAg,@bluesky-5505,푸하하하,2,2022-01-23T00:10:45Z
wAhuhRwNPMc,UgxWRHFkFCb4ag35WNd4AaABAg,@dailyfolder,10만까지 존버,1,2022-02-26T12:06:04Z
wAhuhRwNPMc,Ugyrmtxx9HTBserQh6R4AaABAg,@잼있음우는꼬몽이,앜 ㅋㅋㅋㅋㅋㅋㅋㅋㅋㅋㅋ,2,2021-12-07T15:11:14Z
wAhuhRwNPMc,Ugy91zFwi43l9t9BOdh4AaABAg,@이성윤-i8m,예초호~기히~~,1,2023-12-27T11:28:08Z
wAhuhRwNPMc,UgwvBT7hKN4X9Vv7_r54AaABAg,@jococolife,ㅋㅋㅋㅋㅋㅋㅋㅋㅋㅋㅋㅋㅋ,5,2021-09-05T07:09:23Z
wAhuhRwNPMc,Ugw-51j2HnoabBUbkNB4AaABAg,@보민김-s7b,"처음에 진짜 뉴욕모습나오는거
어디서 볼수있나요 풀영상으로여 
알려주세용",1,2022-12-17T12:09:02Z
wAhuhRwNPMc,UgyKZwujrBbpsvV6Toh4AaABAg,@mil_duck,엌ㅋㅋㅋㅋㅋ,3,2021-09-04T14:03:53Z
wAhuhRwNPMc,UgwBTbSU2v5c_6MfzRN4AaABAg,@늦게핀꽃이아름답다,ㅋㅋㅋ,5,2022-01-03T09:48:41Z
wAhuhRwNPMc,UgxpMfYuAoOiVCRuwKN4AaABAg,@박-t4v9l,ㅎㅎㅎㅎㅎㅎㅎㅎㅎㅎ,2,2022-02-23T14:52:34Z
wAhuhRwNPMc,UgxsTNU_U-GNQJtwF_t4AaABAg,@오백이십96,혹시 속초 청호동인가요?,0,2025-07-31T13:56:10Z
wAhuhRwNPMc,Ugw1TF3klnbVmlyitL54AaABAg,@user-li3gh5pj1g,저분 근황 궁금..,1,2022-02-17T02:37:15Z
wAhuhRwNPMc,UgyMsZ30nMkaEB5H7VV4AaABAg,@hoyaj3097,ㅋㅋㅋㅋ 😆 😆 😆 😆,1,2022-02-08T05:27:39Z
wAhuhRwNPMc,UgymS2czIwFP-RwX5D14AaABAg,@dennisjeong2417,구리가 문제가 아니라 촬영자 바이브가 싼티나네 ㅋㅋㅋㅋㅋ,16,2021-11-12T07:21:33Z
wAhuhRwNPMc,UgwUf8FsUezV-aviTWN4AaABAg,@장동현-n4p,옼ㅋㅋ,0,2021-09-03T03:56:35Z
wAhuhRwNPMc,UgxSzQVLz_mFK0NaSDp4AaABAg,@히나노바,뎃이 없어,0,2021-09-04T08:44:54Z
wAhuhRwNPMc,UgwjJIBwwqbO7QlXGbp4AaABAg,@simej1160,근데 뉴욕 쩐다,0,2023-05-15T14:51:59Z
wAhuhRwNPMc,Ugwjh4YsyBWMfNoHvnp4AaABAg,@설탕많은꽈배기,ㄷ,0,2025-10-01T10:34:55Z
xJ-RCYIYxSc,UgyN9u2s_EjAe2AHONN4AaABAg,@메이129,피부가 진짜 선천적으로 좋은듯 저분은 오히려 살빠지면 피부 안좋아 질수도 있음 아닐수도 있고 관리하면 뭘해도 좋긴 하니까,3562,2025-05-04T04:30:43Z
xJ-RCYIYxSc,Ugx30uykW0aK_RamEdx4AaABAg,@이은화-m4l,좋은 췌장 주신 부모님께 감사하시길~♡,3204,2025-05-15T09:51:48Z
xJ-RCYIYxSc,UgzRKJKirsUh0ymmBEt4AaABAg,@NADA나다,이분은 박두기라는 크리에이터로 현재 구독자32.2만명이신분이다,1255,2025-05-01T11:04:09Z
xJ-RCYIYxSc,UgyE3jB3J-we_jxGMFB4AaABAg,@Francis-k2d6w,ㅈㄴ 다이어트 자극이다,9,2026-04-02T13:46:42Z
xJ-RCYIYxSc,UgxzT33ZvJ-5Z4rTf6p4AaABAg,@kims_i,"저렇게 맛있게 마라탕 드시는 분은 처음이에요..
앞으로 저분 먹방으로 갈아타야겠어요 ㅋㅎㅋㅎ",701,2025-05-05T14:59:49Z
xJ-RCYIYxSc,UgytnMzBBlYpXpVcna14AaABAg,@taxboy-d7g,언니 예뻐요라고하지만 닮았다하면 정색하는 그분들.,19,2026-03-28T05:56:02Z
xJ-RCYIYxSc,UgzXUTAVUBZqP7tUJEJ4AaABAg,@임덕효,턱살보니까 먹고싶은맘이 싹사라지네,9,2026-01-18T02:36:15Z
xJ-RCYIYxSc,UgwobL3EqVQ0OCxK6SN4AaABAg,@anb00,전에 풍자랑 같이 있는 짤 봤는데 덩치가 풍자보다도 더 크던데 그 몸으로 무리없이 버티는게 진짜 서양인급 췌장과 몸을 가진거같아서 부러웠음. 그 소화력과 신체면 난 먹을거 다먹고 운동 좀 해서 날씬하게 유지하고 다녔을텐대 싶었던.,518,2025-05-15T04:23:35Z
xJ-RCYIYxSc,UgygUv4IAGowRRhCJCp4AaABAg,@달달무스,와.........ㄷㅈ가 사람된것같음.....진짜로.....,3,2026-07-01T17:43:33Z
xJ-RCYIYxSc,UgzzCaglRydjzHQ6--V4AaABAg,@최씨-g1x,"여드름이 나올자리는 있냐,.,,,,,,,,,,,,,,,,,",6,2026-01-15T07:34:56Z
xJ-RCYIYxSc,UgzsbSrirWnM9AxHXM54AaABAg,@브롤스타즈꿀잼-f1k,그녀의 풍채가 모든걸 증명한다,483,2025-05-01T13:22:33Z
xJ-RCYIYxSc,UgzDXgkB7lBHvFG_e3h4AaABAg,@지니-po,아직 어려서 그래 .. 곧 슬슬 시작 될듯,43,2025-07-20T19:39:14Z
xJ-RCYIYxSc,UgyvJIY4gWNtW18kuXB4AaABAg,@hoochoi2801,성인병+비만+수명단축,5,2026-01-24T17:40:44Z
xJ-RCYIYxSc,UgxfLhnzYlnQaSuzexJ4AaABAg,@kandjwo1143,안부러운데요,13,2026-01-20T09:51:20Z
xJ-RCYIYxSc,UgwDX5fX49JYYi9iJmR4AaABAg,@코코몽-i4r,ㅋㅋㅋㅋㅋㅋ진짜 부러워 할까 ㅋㅋㅋㅋㅋㅋㅋㅋㅋㅋㅋ다이어터들이 ㅋㅋㅋㅋㅋㅋㅋㅋㅋㅋㅋㅋㅋㅋㅋㅋㅋㅋㅋㅋㅋㅋㅋㅋ,42,2026-01-21T11:02:51Z
xJ-RCYIYxSc,UgyJPTo9T7Sn9trnD7l4AaABAg,@parkjay7827,감사합니다 덕분에 방금 배민 끄고 산책하러갑니다,142,2025-07-06T17:21:44Z
xJ-RCYIYxSc,UgwvieSQMqSQCRGvWLd4AaABAg,@min7638,보고나니 식욕이 더 떨어져서 감사합니다,4,2025-09-28T18:18:16Z
xJ-RCYIYxSc,UgzKQaOt6pzdfvWWzSN4AaABAg,@Seolgidew817,걍 식욕 떨어짐..,3,2026-06-24T05:14:03Z
xJ-RCYIYxSc,UgwpC5QiJf2lQLVZaZZ4AaABAg,@에겐남의정석,다이어트 동기부여 감사합니다 피부는 좋으시네요,221,2025-05-01T14:37:03Z
xJ-RCYIYxSc,UgyjyV3x6-rm6fVHqL54AaABAg,@Darby8301,장난이 아니라 식단이랑 운동 조금씩 바꿔야함 조금 심하게 말하면 쓰러지면 옮겨 줄 사람 구하기도 힘듬 구급대원을 빼고,8,2025-09-20T09:16:04Z
xJ-RCYIYxSc,Ugx1CWq-h6MAOSE1P114AaABAg,@스껄요정,하나도 안 부러움.. 지금이야 젊으니 그나마 버티겠지만 나이먹으면 건강 아작나서 살 뺄수밖에 없을거임..,131,2025-07-03T23:36:08Z
xJ-RCYIYxSc,UgzfSmRiNRNqtS9tV254AaABAg,@periodname,맛있어 보이다가도 저 사람 모습 보면 숟가락 멈추게 됨,2,2026-06-25T06:44:08Z
xJ-RCYIYxSc,Ugx40iPALfikZTtZyhV4AaABAg,@최영경-x1o,"풍자도 얘 앞에선 초딩이 되더라
풍채가 남다름",120,2025-08-09T15:01:48Z
xJ-RCYIYxSc,UgzCXbTMdwkwAsvzCW94AaABAg,@천사n4k,다이어트 중인데 대리식사라 넘 좋음 너는 먹던지 찌던지 죽던지 말던지~ 나는 빠진다~,4,2025-07-04T18:36:26Z
xJ-RCYIYxSc,Ugw1uznsdXuWx1RQnnJ4AaABAg,@찬규박-n3t,건강하게 오래 사신다면 다행인대,54,2025-05-03T17:41:04Z
xJ-RCYIYxSc,Ugzrowa-Egbs2bvcYS54AaABAg,@KahoTono,ㅋㅋㅋ어후 실존인물이니까 댓글아낍니다,2,2026-01-28T11:44:41Z
xJ-RCYIYxSc,Ugwn6HW6vOQQejipOTR4AaABAg,@오라오라-p3z,이 영상보고 유투브 끄고 바로 뛰어 나갑니다 절대 살 찌면 안되겠다는 결심을 했습니다 감사합니다,18,2025-10-04T03:07:46Z
xJ-RCYIYxSc,UgyVGjQ3M2MM8H8XML54AaABAg,@굼뇽,근데 진짜 아무거나 먹어도 피부 좋으신거 너무 부러움... 살 안찌는 체질 이런 것 보다 피부 좋은게 더 부러워요 ㅠ,1,2026-05-16T14:36:40Z
xJ-RCYIYxSc,UgwTW_tmwFtjOvZlDJF4AaABAg,@이하나-e6l,머가부럽노;; 진짜 먹방중에 살찐 사람 먹방이 제일 극험이더라. 먹으면 저렇게 될거 생각하면 입맛이 뚝떨어짐,8,2026-01-09T14:31:07Z
xJ-RCYIYxSc,Ugzutq_8O9A5DtOnU594AaABAg,@자일리지,👍 와얼굴괄리어떡케했냐,3,2025-07-23T11:45:51Z
8fZYHR9a-Kc,UgzM0vaUGYx-ETSRbhl4AaABAg,@폴유폴링,도망치는분 무서워하는게아니라 너무 즐거워하는 목소리아닌가요 딱 누구놀리고 도망치면서 웃는 초딩같은데,21393,2023-10-16T12:31:37Z
8fZYHR9a-Kc,Ugzw7-LbG79vOynn6cF4AaABAg,@kzinoh,카메라 촬영하는 놈 말투보니 먼저 시비 걸고 조롱했을거  같다,13778,2023-10-23T03:51:33Z
8fZYHR9a-Kc,Ugw5CxLS0BL5epJBxT14AaABAg,@ZETA_,_촬영이 시작되기 전의 상황이 가장 중요하다._,40593,2023-10-15T14:29:25Z
8fZYHR9a-Kc,UgzlMxiG9dmH10RnfQ54AaABAg,@Sun-zx8sx,"와..  저 사람의 고독과 상처가 가늠이 안된다. 
저 행동이 옳았다는 건 아니지만..",1160,2025-03-05T17:38:53Z
8fZYHR9a-Kc,UgynqDnvrg0W3bOLXJZ4AaABAg,@은서-k7p,마지막에 콜라 먹고 진정해라?? 손이 없는데 콜라 먹고 진정하라는 둥 끝까지 조롱쳐하는거 보면 영상 찍은 놈이 악마임,12858,2023-10-17T05:03:15Z
8fZYHR9a-Kc,UgzNf7QrFg8WMv6GBOp4AaABAg,@루루루-i6q,저러기 전에 뭔일이 있었는지 모를일 중립,18513,2023-10-08T23:19:30Z
8fZYHR9a-Kc,Ugz8wZGQgCX-eJG5-pB4AaABAg,@kaieif2321,열심히 사는 사람 조롱했을것같다 힘들어도 본인 할 수 있는한 최선을 다하는 사람한테 어떻게 굴었을지 폰들고 사람 비추면서 해대는 말에 목소리 톤만봐도 얼마나 사람 인격을 깔보고 조롱했을지 느껴져서 화날뿐 어떤 생각머리 없는 놈이지,2078,2025-01-21T16:14:00Z
8fZYHR9a-Kc,UgzDAKv-03zBIlxDAot4AaABAg,@Mebingototo,적어도 카메라든 사람 정신상태가 영상속 사람보다 더 정상 아니라는 건 알겠다,41,2025-08-07T15:07:33Z
8fZYHR9a-Kc,UgyHS0GKC85VOVPUF_t4AaABAg,@clo5125,정말 여행자가 아무잘못 없는 상태로 저 할아버지가 쫓아온거면 여행자는 동영상을 찍을 틈도 없고 영상을 찍는다 하더라도 뛰어야죠 그리고 할아버지가 아이 헬프유 라고 말한걸 보면 뭐라 했는지 예상이 가는군요,9154,2023-10-13T09:24:11Z
8fZYHR9a-Kc,UgyJRVHL-awKjozgomN4AaABAg,@Magigi-v5m,"일단은 영상찍은놈도 정상은 아니라는거임.
대체 어떤 인간이 아무리 신체적 장애가 있는 사람이라해도 가위들고쫓아오는데  그상황을 영상을 찍을 생각을 하고 조롱까지할까",3480,2023-12-14T14:23:56Z
8fZYHR9a-Kc,UgwIObjL51FN_15BF254AaABAg,@KCOW1122,"그는 사진을 찍히고 싶지 않았을 것이다.
그런 그를 끝까지 모욕한 악한 인간아... 너의 추악한 행위는 하늘에 기록되었을 거야..",6302,2023-10-15T07:14:13Z
8fZYHR9a-Kc,UgzcE9Uc_2irYWQ5Z_14AaABAg,@BaegunVlog,저런 조롱하는 사람이 한둘이었을까 그런 지옥 속에서도 장애에도 불구하고 그림 그리며 열심히 사는 저분이 존경 스럽네요,159,2025-05-25T16:23:00Z
8fZYHR9a-Kc,UgyJCYU5ZV71LZglPr94AaABAg,@CatE-od9tc,"마지막에 콜라마시고 진정하라는거 보니 촬영하는 남자가 시비걸었네;
저렇게 태어나고 싶어서 태어난것도 아닌데 저런 개념없는 놈들은 진짜 처벌 못하나",4818,2023-12-04T10:44:33Z
8fZYHR9a-Kc,Ugzcpsj9xHF7l5maBC54AaABAg,@럽-v6y,누가 3초이상만 쳐다봐도 기분 상하는데 카메라까지 들이대니 너같으면 기분 안나쁘겠냐??,5460,2023-10-08T18:20:53Z
8fZYHR9a-Kc,UgwHj5d6eTGeCciVf5l4AaABAg,@추적60인분-q7l,"저렇게 태어나서 저 나이까지 살아온것만해도 존경스럽다... 나는 절대 못했을거 같아...
남은인생이라도 제발 행복하게 사시길...",6659,2023-10-17T15:31:59Z
8fZYHR9a-Kc,UgyOyweC24S29VI_Scx4AaABAg,@keemmeemmee,이거 촬영하는 놈이 어그로 끄는 나쁜놈임 ㅠ,13,2025-12-14T11:58:23Z
8fZYHR9a-Kc,UgxRRDknk8FwStQRUIN4AaABAg,@별헤는밤-t8y,말투부터가 조롱이네.. 평생을 고통 속에 살고 있는 약자에게 저러면 안돼!!,3185,2023-10-15T12:09:23Z
8fZYHR9a-Kc,UgwZqYLFnR2P_woXt1p4AaABAg,@inhelper73,"끝까지 찍고 조롱하는 말투라니... 
어른이 좀 되었음 한다... 
가정교육이 제일 중요. 이런 거 보면 
그냥 내 아이 제대로 키우자. 그래서 사회악이 안되도록 사랑과 배려 칭찬을 아는 사람으로 키우자는 생각밖에 안 듬..",4195,2023-10-18T01:08:15Z
8fZYHR9a-Kc,UgwZ_UEBQXpjuRYCwq14AaABAg,@Jhh274,팔없는 사람한테 콜라마시라고 하는것부터가,41,2024-08-27T06:57:28Z
8fZYHR9a-Kc,UgyexivdaS_wFPfteTh4AaABAg,@이정훈-q1o,나는 왜 가위로 찌르려는 사람보다 조롱하면서 도망가는 촬영자가 더 불쾌할까?,179,2025-10-15T14:37:34Z
8fZYHR9a-Kc,Ugzn_smPExSKxyy4FTJ4AaABAg,@tlias,조롱하는인간들 악마라 똑같게 만들어줘야 되는거임,4797,2023-10-18T01:44:35Z
8fZYHR9a-Kc,UgzZ45Yl4fFWUEmXSLF4AaABAg,@뭐고이게-f5u,"인생을 살면서 얼마나 많은 상처를 받았을까
제정신으로 사는게 가능하겠나 진짜",5575,2024-03-14T16:37:19Z
8fZYHR9a-Kc,Ugws6ITp6NfDSU1DXFB4AaABAg,@Abbie216,"""쫒아오지마세욬ㅋㅋ"" 하는데 웃으면서 카메라 들고 있는거 보면 자극한거 맞구만 뭘.",2102,2024-01-25T07:02:08Z
8fZYHR9a-Kc,UgwmHNwXBlkxMjwYn3R4AaABAg,@심재인-e9w,카메라 찍는 사람 목소리가 위협 느끼는게 아니라 낄낄 거리면서 도망가는걸 보니.. 먼저 시비 걸었을듯,3,2026-03-08T07:34:32Z
8fZYHR9a-Kc,UgzqLzIgvckRHZVKLVh4AaABAg,@김영미-c2e9t,"사지멀쩡해도 녹녹치 않은 세상살이인데
저분은 얼마나 힘든 세상을 살고 있는걸까??ㅠ .최소한 외모로 비난하고 상처주는 일은 하지말자.",2188,2023-10-15T03:47:22Z
8fZYHR9a-Kc,UgwqeF3ymDlNo2qA5Ad4AaABAg,@Godeung5,참다 참다 폭발한다고 폭발하는 사람만 정신병자 취급하면 안됨. 참다가 한계점에 도달하게 만든 그 경위를 봐야지 오죽했으면 저랬을까,2609,2023-12-02T11:45:04Z
8fZYHR9a-Kc,Ugy8zxoA6L-5h430A5R4AaABAg,@만수르-z4g,세상에 불만이 많겠군요  국가는 이사람의 자립을 도와야될것 같군요,3569,2023-08-12T08:21:24Z
8fZYHR9a-Kc,UgwbnoeywhvZkYJXHLF4AaABAg,@user-p7ce8d,저렇게 태어났는데 어릴때부터 얼마나 스트레스 받고 힘들게 자랐을지 짠하네요😢,2958,2023-10-12T11:28:40Z
8fZYHR9a-Kc,Ugx2SuS8ne088PQgt5x4AaABAg,@식충이-v3e,"보고만있어도 눈물이난다...
영상찍으며 뒷걸음질치며 장난치고있는데
노숙자가 잘못했을수도 있지만  그게아니라면
이거찍은사람 꼭 같은고통을 돌려받기를 기도한다",2362,2023-10-21T12:16:35Z
8fZYHR9a-Kc,UgygxbwKEXzPRppZtwR4AaABAg,@RRRRRRRR-c7q,촬영자목소리가 벌써 조롱하는 목소리인데ㅋㅋ찍기전에는 더했겠네,1001,2023-12-23T06:30:19Z
eWQn-X_MwDg,UgyAAH-hk-gvYFQFFrh4AaABAg,@shin_sajang93,"왜 다들 구독은 안해주는거야...
구독해줘어ㅠㅠㅠㅠㅠ",2844,2023-01-08T09:43:50Z
eWQn-X_MwDg,UgzXjmuPfpzMZnzXxeh4AaABAg,@Yurawriter,"헐...이거 안경만 벗으신건가여?!?!?!?
넘 예뻐여ㅠ 내가 저랬으면...",1301,2022-10-31T09:00:21Z
eWQn-X_MwDg,UgyMITG6tjbRgnQFfXp4AaABAg,@차승훈-j7n,"진짜 이런 모습은 첨봐서 진짜 이쁘세요!!!!

좋아요 570개 감사해용~❤❤",647,2023-06-13T12:21:54Z
eWQn-X_MwDg,Ugx8PR5JNo9RYmePCf14AaABAg,@김미애-p9p,거의 모든 사람들이 모여 함께 하는 모습을 볼 수 있는 것 같은 느낌이 들어요 ❤,118,2023-08-02T13:13:22Z
eWQn-X_MwDg,Ugw6oUr2aI0ROfYep6R4AaABAg,@덕분에행복해-happy,아 진짜 같은 여잔데 왜 심쿵하게 만드냐고오오오오오오오오옼!!,1161,2022-11-04T07:23:20Z
eWQn-X_MwDg,UgzXHlaNUZrEu3Ddtmx4AaABAg,@여지연-z6x,엉니 장발이나 단발두 엄청 잘 어우릴걸 같아요 너무너무 예뻐요오 :),380,2022-11-11T10:09:55Z
eWQn-X_MwDg,UgwZxQTLxJZfLClL7_V4AaABAg,@보라순이-b5r,하늘에서 귀여운 고양이 천사가 왔다!,29,2023-07-16T06:28:20Z
eWQn-X_MwDg,Ugy9M3sgfL2F7V-wMkh4AaABAg,@heajiokp99,"앗....뭐지 천사세요?
이런 모습도 이쁘시넹❤😊😊😊
갓벽한 신사장님",98,2023-08-03T04:20:08Z
eWQn-X_MwDg,UgxEbIyMd5hOs3QeYVB4AaABAg,@냥아치가좋아,"......뭐 ...뭐고 .... 다른 사람 아니가 ...
심쿵 하잖아 ... .혀로 입술 싹 핡고 가는 거 왜이리 심장이 떨리냐 .... 호달달달 ,,, 이쁘다 ..",462,2022-12-22T11:35:36Z
eWQn-X_MwDg,UgybQ2McgoNp4an2Nmd4AaABAg,@루루-k5n,와 정말 귀엽다,208,2023-02-22T00:38:35Z
eWQn-X_MwDg,UgxM5TpQLbL73ecQ2Sd4AaABAg,@뿌지직-k6q,와...진짜 댕 기여어여ㅕㅕㅕㅕㅓㅓㅓㅓㅠㅜ,193,2022-11-05T11:48:20Z
eWQn-X_MwDg,Ugw5QAh5VosQ88KR9HV4AaABAg,@jury_dog,아니 원래도 귀여웠는데 더 귀여워 졌잖아?!❤,14,2023-07-11T08:33:47Z
eWQn-X_MwDg,UgyY6_Jhvf3mxw7pzsZ4AaABAg,@I_am_human.525,"언니 넘 예쁘잖아요!ㅜㅜ
이렇게 미녀면서.. 하..  부러워서 눈물이...",39,2023-05-21T11:16:44Z
eWQn-X_MwDg,UgwzXWnY4cLrX_kJYg14AaABAg,@달빛asmr-moon,?아니 내가 뭘본거여?! 겁나 잘 어울리잖아,119,2023-07-29T15:47:10Z
eWQn-X_MwDg,Ugykp8KBo9EyvtQJl_x4AaABAg,@두비두밥-yc,다시봐도 예쁘고 귀엽다,14,2022-11-11T13:06:23Z
eWQn-X_MwDg,Ugy-5u8Akcq5ATV2vGh4AaABAg,@손나바카냥,아니 머리랑 안경으로 외모를 숨기시면 어케요!!ㄱㅋㅋㅋㅋㅋㅋㅜㅠ😢,3,2025-10-09T01:51:59Z
eWQn-X_MwDg,Ugz4ngV8wyI93OMbkvh4AaABAg,@하나-y5e,똑같다고 하기엔...너무 예쁘고 귀여운데..,19,2022-11-07T07:00:58Z
eWQn-X_MwDg,UgzSM6qt8G3hR9XiYcd4AaABAg,@Yunni-0262,겁나 귀여우시넹ㅋㅋㅋ,11,2023-05-21T02:21:50Z
eWQn-X_MwDg,UgxvNb5hoXG_yh0eMGV4AaABAg,@bananachacha-l0s,현타 엄청 왔겧어 언니 ㅋㅋ,6,2022-11-06T04:35:25Z
eWQn-X_MwDg,UgwBsJuG3OYKMiN1BO14AaABAg,@토마토love,신사장님~저런매력이잇다니~킹놀랍습니다~그와중에이쁜건모야 😊❤,2,2023-07-16T10:51:56Z
eWQn-X_MwDg,Ugyieb1tisVCtLKBA2Z4AaABAg,@송윤희-o9w,귀여워 ㅋㅋㅋ 진짜,6,2023-05-21T08:08:04Z
eWQn-X_MwDg,UgzWFRH6qt4ugAzUHxB4AaABAg,@목성의아버지,너무 귀엽잖아!,8,2022-11-04T09:45:54Z
eWQn-X_MwDg,UgwxsjRAQFA-xHwneRh4AaABAg,@byungilpark9248,완전 아이돌 급~♡,10,2022-11-13T12:14:05Z
eWQn-X_MwDg,UgxoWurACcr7Tntf_Ct4AaABAg,@구름이-g4q,꺄 너무 예쁘잔아 ㅠㅠㅠ,2,2023-05-27T08:58:52Z
eWQn-X_MwDg,Ugy1rAneRyA6_wsVfct4AaABAg,@IFARI_999,아 넘 귀여워ㅠㅠㅠㅠㅠㅠ,109,2022-11-05T07:24:22Z
eWQn-X_MwDg,UgzeQZM9is4O7iwPQFF4AaABAg,@바뉴뉴,언냐 너무 기여엽고 사랑스러용!❤️,4,2022-11-17T11:44:07Z
eWQn-X_MwDg,UgxmNlfhruZDxrQEm0J4AaABAg,@Rubyyjanee_editt,브로 너무 시원하고 귀엽다,26,2022-11-05T00:55:20Z
eWQn-X_MwDg,UgwbeTem0uq7Y-YiwW54AaABAg,@user-yf9vo5xb1k,매드몬스터 필터 개열받네,2,2023-07-29T12:01:14Z
eWQn-X_MwDg,UgwOxtVvA0QSRpt2dgR4AaABAg,@최희철-l1l,언니  진짜  귀여워 😍 😭 💗,60,2022-11-12T12:46:45Z
eWQn-X_MwDg,UgwGkPop0CaIrON0DA54AaABAg,@livestoryluchael2812,말도안돼! 귀엽자나 ㅋㅋㅋㅋㅋㅋㅋㅋㅋ,4,2022-12-22T06:34:16Z
78FOGX3PHes,Ugz4hVZqKpE5t7GFsZF4AaABAg,@ye_chan00,나도 처음에는 마라탕 왜 먹지.. 라고 생각했는데 지금은 마라탕 없는 삶은 말하지 마라탕!!,8707,2023-01-18T10:47:56Z
78FOGX3PHes,UgxO_IP38Q1HMP0uOAR4AaABAg,@ze_rroo,"아버님 아 안묵는다 해놓고 먹고 아 내한테 안맞다~해놓고
일주일 지나면 아버님 손에 갑자기 숟가락에 마라탕이 올라가 잇는 매직ㅋㅋㅋㅋ",6404,2023-01-18T10:52:21Z
78FOGX3PHes,UgzDt2HuyvtHAfdkwf94AaABAg,@Istiny1004,진짜 불호는 끝까지 불호에요....,801,2024-03-06T13:20:39Z
78FOGX3PHes,UgyhMuF8MbEBf5df1Yt4AaABAg,@Yulim0920,흡사 애완동물 싫어한다더니 나중엔 본인이 더 좋아하고 있는 아부지의 모습같네요..,77,2025-04-27T08:26:50Z
78FOGX3PHes,Ugx1VJra5ALACskfByp4AaABAg,@cadoevver1246,ㅋㅋㅋㅋㅋㅋㅋㅋㅋㅋㅋ아부지 넘 귀여우심ㅋㅋㅋㅋㅋㅋㅋㅋㅋ약간 장항준 감독님 생각남ㅋㅋㅋㅋㅋㅋㅋㅋㅋ천진난만 귀여운 느낌쓰,1213,2023-01-26T09:00:11Z
78FOGX3PHes,Ugx9dZ4bo5sV_OJO5R94AaABAg,@dlrormgp,이영상 몇번을봐도 좋음ㅋㅋㅋㅋ편집센스도 좋고 가족들분위기도 귀엽고,298,2023-09-30T02:29:02Z
78FOGX3PHes,UgxkVqhvnDKSTD-8UYh4AaABAg,@bmmjjok,아버님은 진짜 연기 잘하신다ㅋㅋ,3169,2023-01-19T01:03:52Z
78FOGX3PHes,UgxL9axh2EsvJsD7PsN4AaABAg,@스토리-c1s,맛있겠다❤,15,2024-03-26T08:11:31Z
78FOGX3PHes,Ugxwa06Od0luE4KfLnR4AaABAg,@코코넨네-f2k,우리아빠도 첨에는 이게 뭐고 하시더니 나중엔 술안주로 얼큰시원하담서 내가 낼 먹으려고 쟁여둔 마라탕 올클리어 ..,92,2023-01-18T17:27:24Z
78FOGX3PHes,Ugx7It7Yyg4BM44is2p4AaABAg,@킹받쥬-ujjertv,아버님 너무 귀여우셔영❤❤,55,2024-03-20T10:14:57Z
78FOGX3PHes,UgzrlmrbahWQYQdFGB94AaABAg,@whyareucrazy,너무 귀여우신 아버지세요ㅋㅋㅋㅋ,244,2023-01-26T02:42:15Z
78FOGX3PHes,UgyRYro_kq3BOjKPIkx4AaABAg,@BibigoJjolmyeon,아버님 목소리가 우리학교 과학쌤이랑 비슷하심 ㅋㅋㅋ,3,2023-11-11T08:27:39Z
78FOGX3PHes,UgxKaV9Nyqh08EkP0PV4AaABAg,@SS-xo1lt,엄마가 먼저 전도당하고 아빠는 첨엔 몇번 거부하지만 결국 넘어오는..... ㄹㅇ우리집이랑 똑같다ㅋㅋㅋㅋㅋㅋㅋㅋㅋㅋㅋㅋ,561,2023-01-31T22:16:32Z
78FOGX3PHes,UgwU6Uhyo-ukfJhhtCx4AaABAg,@user-or1vFt9eu4,나도 마라탕 먹는게 왜 유행인지 이해가 안 가서 안 좋아했는데....지금은 맨날 먹방 영상 찾아보고 1번 먹으면 밥까지 말아먹는 지경이 됨,96,2023-12-07T15:50:41Z
78FOGX3PHes,UgzfCdug_vWt9XOYSJp4AaABAg,@ybking57,아부지 어무이 진짜 최곱니다 ㅋㅋ,92,2023-02-01T16:52:23Z
78FOGX3PHes,Ugyun2rsb9qdx1lIxdJ4AaABAg,@프린세스._.뀨뀨까까,나도 마라탕 안먹어는데 먹고나서 계속먹음 ㅋㅋㅋㅋ,3,2024-01-11T09:42:40Z
78FOGX3PHes,Ugw4vti6pfKa-3z-my54AaABAg,@lovely_s2,가족이 화목하고 어머님 아버님이 인상이 너무 좋으셔서 부럽다..,409,2023-02-10T04:19:59Z
78FOGX3PHes,Ugwak7yabCcP64iSbWJ4AaABAg,@lekas-w2w,나는 일주일 만에 스며듬...,2,2024-01-12T14:54:21Z
78FOGX3PHes,UgyQY8yV8bQ0a4uDNGV4AaABAg,@barber_shop_yo,마라탕 매직은 언제나 굳이죠ㅋㅋ예찬님 오늘도 좋은 영상 감사드리고 이렇게 가족이랑  영상 찍는거 너무 보기 좋아요❤ 앞으로도 좋은영상 많이 올려주세요,20,2023-01-22T14:06:34Z
78FOGX3PHes,Ugy-Mj0Tqsr_HI_vM2J4AaABAg,@under-i3g,5번 먹었는데 먹을 때마다 탈나서 못먹는 1인,3,2026-03-09T13:50:19Z
78FOGX3PHes,UgyEaPPQLXoQUkNQR3B4AaABAg,@길동현-y7r,진짜 저렇게 됨 여동생이하도 마라탕 좋아해서 무슨맛인가 하고 먹어봤는데 다음날 바로 마라탕 사서 먹음z,11,2023-01-18T11:52:05Z
78FOGX3PHes,UgzI4ehWYI26LeJiBBB4AaABAg,@suxh.x2,애들이 끌고 갔을 때 먹는 게 아니였어...,13,2025-05-30T09:48:21Z
78FOGX3PHes,Ugz3I0GB5wg4TU15YAt4AaABAg,@류다인-j8o,아버님과 예찬님 어머님이 제 개그 코드에 딱 맞는 것 같아요 ㅎㅎ 아버님과 어머님 넘 귀여우세요❤,39,2023-01-18T12:32:42Z
78FOGX3PHes,UgzZGs34fD1d7H0Kz6B4AaABAg,@문은비-u7q,너무 맛있겠네요,1,2024-02-12T10:16:25Z
78FOGX3PHes,UgwC5uoLakvGYzqy5BR4AaABAg,@김규리-d5c9n,1년? 한달도 안걸린다 ㄹㅇ ㅋㅋㅋㅋㅋ 먹자마자 중독됨 ㅠㅠ,11,2023-01-26T07:48:52Z
78FOGX3PHes,UgwqT6GCGHFZoxFZpoh4AaABAg,@쓔뻘맨짱짱팬,형너무잘생겼어😊,1,2023-06-04T08:06:50Z
78FOGX3PHes,UgyuZqyeztFsk0fXqSh4AaABAg,@김괴수-c1g,ㅋㅋㅋㅋㅋ싫어하시는척 하면서 드시는데 너무 한가득 무셔서 좋아하는 티가 나셔서 귀여워욬ㅋㅋㅋ,43,2023-02-03T02:00:54Z
78FOGX3PHes,UgyxshbrKLfZsZ7x6Wp4AaABAg,@아이돌덕질하는계정,"ㅋㅋㅋㅋㅋㅋㅋㅋㅋㅋㅋㅋㅋㅋㅋㅋㅋㅋㅋㅋㅋㅋㅋㅋ
내가 저랬는데 ... ㅋㅋㅋㅋㅋㅋㅋㅋㅋㅋㅋㅋ",1,2023-04-19T10:14:39Z
78FOGX3PHes,UgxYrj7tPMRqSbf9oTp4AaABAg,@ieoox_2,앜 귀여우셔ㅠㅠ,34,2023-01-18T11:05:24Z
78FOGX3PHes,UgxqKHh9hkHAytyoIRV4AaABAg,@김루피-f5m,처음에 어머니가 접시에 마라탕 가득담고 숙주주려고 했는데 아버지 드릴때 접시 다 텅텅 비고 어머니가 한번만 먹어봐봐 하실때 다른 토핑으로 바뀐거 ㅋㅋㅋㅋㅋㅋㅋㅋㅋㅋㅋ,3,2023-08-30T05:03:37Z
mP7dRNHim2A,UgybnC9FrMMw9O8X4zV4AaABAg,@sssiw-y78,계란 껍질엔 살모넬라균이 사니까 조심하세요.,4375,2023-02-17T13:56:08Z
mP7dRNHim2A,UgzxYgkBMZy0my-bkcV4AaABAg,@동글말랑모찌.n,입술먹방은 이분이 짱임 소리도 좋고 깔끔해서 내 스탈임,1216,2023-07-04T08:24:06Z
mP7dRNHim2A,UgyRcXNvTsR2DXuqKr14AaABAg,@최최정현-m5t,깔끔하고 먹는 소리 넘 조아용,181,2024-01-11T07:28:12Z
mP7dRNHim2A,UgxCy6OdLTWmwVGONOl4AaABAg,@민루나-v3j,이거 넘 중독성 있어요 ! 잘보고 가요!♡,104,2023-03-16T13:33:16Z
mP7dRNHim2A,UgyC-1YpZ2V5sk--REZ4AaABAg,@샤미_생명수_콩렝,"근데 계란껍질에 박테리아가 있어서.......
조심히 드세용!❤❤❤❤❤❤❤❤❤
오늘 영상도 재밌게 보고 갑니당❤❤❤❤❤❤❤❤❤❤❤❤❤❤❤❤❤❤❤❤",193,2024-10-03T06:20:57Z
mP7dRNHim2A,Ugx8c3wQ_q3wHZgtmeJ4AaABAg,@박연희-s2w,젤리인것같은데 되게 잘만드셨네요,164,2023-11-24T07:24:59Z
mP7dRNHim2A,Ugzm36AEWR_71v40-wJ4AaABAg,@김순향-h2g,이런 계란먹방은 처음 보네요! 정말잘하시네요!,172,2023-11-04T11:28:09Z
mP7dRNHim2A,UgwXMMY4WOn216bXeWd4AaABAg,@일한이f,"정말 너~~무 신기해요!
저 완전 팬이에요",5,2024-01-25T03:47:38Z
mP7dRNHim2A,UgzeojS1OFJPL96wpPR4AaABAg,@florarain7867,계란깝질도 먹는줄~,314,2022-10-01T15:43:55Z
mP7dRNHim2A,UgyTJAJgi8rDWuJneWZ4AaABAg,@로이초코토리하루빰빠,계란껍질에는 살모넬라균사니까  조심히먹을세요......구독완료!,46,2024-07-22T05:11:44Z
mP7dRNHim2A,UgwTad1EFfhXc4rMCmN4AaABAg,@가수정연화월금저녁,계란젤리인가요~~??,20,2024-05-19T00:00:11Z
mP7dRNHim2A,UgwVjsa4BeeE7IYSXNl4AaABAg,@papago5,"새로운 유튜브 류의 탄생 ""입술좌""",364,2023-02-17T16:10:44Z
mP7dRNHim2A,UgyLeMAXjc31KX_1nEF4AaABAg,@고정해쥬삼,"❤저긔,,혹쉬 제가 꾸덕한 소리를 좋아하는데
또 이런거 될까여?근데여,,아니당😅",13,2023-12-02T01:37:39Z
mP7dRNHim2A,UgxHtNNEjFcDWLL2EZd4AaABAg,@giant-mosquito,처음에 보고 말랑이 달걀인줄 ㅋㅋ,1,2023-12-09T10:25:38Z
mP7dRNHim2A,Ugwg38hVkjwxPPK0t754AaABAg,@심순자-g5y,쩐다😮,3,2024-09-08T07:06:58Z
mP7dRNHim2A,UgzhIA1yHoCjQxFtnKh4AaABAg,@TOS-us2jm,이거 중독이네 ㅋㅋㅋㅋㅋㅋㅋㅋㅋㅋㅋ,1,2024-06-25T01:33:08Z
mP7dRNHim2A,UgxZhtWa4meki5RatOt4AaABAg,@클로버TV-b5j,저건 말랑이에 어디서 본거같은데 그리고 투명투명 한게대박 신기방기! 그리고 만든거인지 모르겠는데 그리고 어디서 구한거에요? 아무튼 그리고 저 투명 안애 있는저 노랑색도 예삐고 맛있어보인다! 어디서 구한건지 알려주세요ㅜㅜ,21,2023-01-02T07:40:53Z
mP7dRNHim2A,UgytjPBmMAgoi_-of3t4AaABAg,@쇼쇼-d6s,너무 잘 먹으셔요♡,1,2023-11-29T07:45:31Z
mP7dRNHim2A,UgxvtVktrbQikTgGWu14AaABAg,@왓썹-q5z,저거 말랑이 있는데 정말 신기하고 어떻게 만들지...?,67,2023-01-18T12:57:26Z
mP7dRNHim2A,Ugyrydx7PxDAzIGE1kt4AaABAg,@임콩콩-PyeongtaekBush7e,예전 문방구에서 팔던 계란 말랑이,2,2024-07-06T05:33:50Z
mP7dRNHim2A,UgycKQIdPGRyP5JR72h4AaABAg,@Seoyeon15,소리짱!!!!,2,2023-01-21T01:30:26Z
mP7dRNHim2A,UgyuKEH07vWLWJMU37F4AaABAg,@Loe_926,계란 껍질 드시면 안돼요 ! 😭🫶🏻 조심하세요 !,0,2026-07-08T08:27:29Z
mP7dRNHim2A,Ugy5oPxT69Dvb10FPo54AaABAg,@트리큐티,반을 쪼개서 젤라틴으로 만들었나...??;;;;,2,2023-02-04T04:34:30Z
mP7dRNHim2A,Ugz1zZkscJVZdzelrPh4AaABAg,@김다은-m7g-k2s,이분이 입술먹방 정석임,1,2026-01-30T08:44:10Z
mP7dRNHim2A,UgwiWEjU8c3NRHS0y1d4AaABAg,@yeowontv774,나 저거 아는데 만드는법을 까먹었어,9,2022-10-16T12:30:51Z
mP7dRNHim2A,Ugwoe6kMUoE31H4CMRl4AaABAg,@이주연-u4k9o,계란말랑이랑 거의 흡사한데 설마 ...,2,2024-08-30T00:32:21Z
mP7dRNHim2A,UgwJ-PszjHDCGZ6LORN4AaABAg,@슈퓨림누리,씹을때 소리가 너무 좋은데요?❤,9,2024-01-03T03:24:15Z
mP7dRNHim2A,Ugz6XZlsBEFwP9SrWyt4AaABAg,@김정호-h3f7j,소리  넘넘  좋아용♡,0,2024-07-12T05:54:23Z
mP7dRNHim2A,Ugy-EvcyK3dJlgeAT3p4AaABAg,@myeoungsunkim3069,먹어보고싶당...,13,2023-05-05T08:11:38Z
mP7dRNHim2A,UgyEPylIMDQzJRTc-hl4AaABAg,@rileyyoon__,소리가 너무 좋아!!! 💕,0,2024-01-10T01:12:45Z
jAfKBARKz50,UgwqoByRKMqUesecRTd4AaABAg,@Shri-da-da-da-da-da-da-da-da,유튜브 댓글은 진짜 순수 그 자체인데 틱톡 댓글은 진짜 사악함 ㄷㄷ 오이 못 먹는 사람도 있는데 왜 난리냐 혼자 뭐하냐 등등 이상한 말 엄청 많아요😢,18,2026-01-19T14:15:19Z
jAfKBARKz50,UgxvdNJSTTtEg4Mcoyt4AaABAg,@이1_dkdka,아이가 넘 순수해,707,2023-11-01T09:57:31Z
jAfKBARKz50,Ugzd9JKtSmmVQAPEUxd4AaABAg,@777Lovecat,너무 귀여워여!😊,70,2023-12-17T01:49:21Z
jAfKBARKz50,Ugyx2i0eqBuy0ijLGvp4AaABAg,@Iovely_채채,"저도 오이 싫어해서 김밥에 있는 오이 빼먹는데
ㅎㅎ 아기 귀엽네용",133,2023-11-02T09:23:22Z
jAfKBARKz50,Ugz3GV6vLfBB_Uynls94AaABAg,@은퇴계정,역시 애기들은 순수해,375,2023-11-01T10:20:15Z
jAfKBARKz50,Ugyzek-JUdPr9Q5o7lh4AaABAg,@여순택,"NG장면 보고 한 번 더 본 사람
⬇️",4,2024-02-13T10:47:28Z
jAfKBARKz50,UgyptrGuMGWBn9F1MZt4AaABAg,@박다린-g2d,아기가넘 순수해,8,2024-01-27T03:00:01Z
jAfKBARKz50,UgwlNjyoReArPJtPR2p4AaABAg,@rubberduck-r1c,ㅋㅋㅋ아이가 너무 귀엽닼ㅋㅋㅋ,23,2023-11-01T10:12:56Z
jAfKBARKz50,UgzUJ0GgJktc1aiTwmJ4AaABAg,@따보리와티니핑,"나도 써 먹어야지 ㅋㅋ


비하인드 없나요",5,2023-11-01T09:53:28Z
jAfKBARKz50,Ugzv_7u1AfX8M_LkKGN4AaABAg,@jjunseo-e5i,역시 켈리언니 ㅋㅋㅋ NG장면 웃겨요❤❤❤😊,5,2024-02-21T09:00:35Z
jAfKBARKz50,UgzlEZ5HGjDdRuWrlxd4AaABAg,@유링인뎁,"나도 오이
싫어하는데
근데 태스트 
해불까?
나도 오이
좋
아
할
수
있
겠
다.
꿀팁
감
사
합
니
다❤",2,2024-01-10T09:29:52Z
jAfKBARKz50,UgySI-0AmCzIrrYw7AV4AaABAg,@모두잘지내,아기들 속이기 겁나 쉬움ㅋㅋ,1,2023-12-16T08:34:51Z
jAfKBARKz50,UgyyxCXSZAmFlAEGwol4AaABAg,@조유리fan,기발하다 ㅋㅋㅋ❤,5,2023-11-01T09:53:42Z
jAfKBARKz50,UgyLlAbHQorCXoYK-4V4AaABAg,@노현정-w8h,NG장면 찾으려고 다시돌려봄ㅋㅋ,1,2023-11-02T05:54:07Z
jAfKBARKz50,UgzaqcvLR5MW-dN5S0V4AaABAg,@nolankim7320,진짜 아이 순수햌ㅋㅋㅋ,2,2023-11-03T10:21:22Z
jAfKBARKz50,UgydRBGBhxPIrnfgABF4AaABAg,@nyan.v0,진짜 얘기들은 너무 순수해ㅋㅋ큐,15,2023-11-03T11:35:21Z
jAfKBARKz50,UgyxLMIinxBolEMsIUl4AaABAg,@신우성-e2n,아기들이 넘 순수하잖앜ㅋㅋㅋㅋ핸드폰으로 음악을ㅋㅋㅋㅋ,0,2023-12-10T08:19:03Z
jAfKBARKz50,UgwDb-REDEITCHBiDLZ4AaABAg,@전소연-d8i,애기 속는거 넘 귀엽댜,55,2023-11-01T10:20:59Z
jAfKBARKz50,UgxjcEuM1ofet2R0s8J4AaABAg,@rasazy-tr7vz,잡는게 부자연 스럽다 했더니...ㅋㅋㅋ,1,2025-05-08T14:07:19Z
jAfKBARKz50,UgwtdSjEnupvHCk6TPh4AaABAg,@mh0.221,언니 그거 중간 잡고 한거 댓글로 틀킬까봐 보여준거 아니죠?ㅎㅎ 글구 애기 넘 순숳ㅎ,7,2023-11-01T11:33:45Z
jAfKBARKz50,UgxJ_EOyJoV6eusKUyh4AaABAg,@강진주-l7y,오이를 반으로 잘라 먹는 거  너무너무 귀엽다.  ㅋㅋㅋ,0,2023-11-12T00:52:53Z
jAfKBARKz50,UgzErF8kDfSqHilPUk94AaABAg,@이승민-t7k5f,아니 뒤에서 노래 트는 거 뭔데ㅋㅋㅋ,0,2023-11-28T08:57:28Z
jAfKBARKz50,Ugyv9ATO6jscc5DWDx14AaABAg,@김미화-o1w7b,우리형도 저래서 속아서 오이 개판 때리 ㅋㅋㅋㅋ ㅋㅋㅋㅋ ㅋㅋㅋㅋ ㅋㅋㅋㅋ ㅋㅋㅋㅋ,1,2023-11-10T12:01:02Z
jAfKBARKz50,UgwoYRFdXOp4KE9Gdrt4AaABAg,@tv-jo4lq,와 애기가 오이를 손으로 반을쪼개 버렸네 ㅋㅋㅋㅋ,0,2023-11-24T23:24:23Z
jAfKBARKz50,UgwpwPKkReTZfkKayv54AaABAg,@지유리-x8l,"저건 극소수고 일반은 ""뭔 개소리야 형 미쳤어?""임",0,2023-11-08T06:59:01Z
jAfKBARKz50,UgxzsfG3XXGOBL0tA-N4AaABAg,@박종범-p5b,저기요오이. 마술사에요😮,2,2023-12-04T10:11:41Z
jAfKBARKz50,UgzA4txuXeJzmyeScRZ4AaABAg,@Midl-421,아기 순수해서 귀여워요 ㅋㅋ,31,2023-11-11T10:15:52Z
jAfKBARKz50,UgzLy7VAoozEJPGnYMN4AaABAg,@kaa-h1e,먹지말고 피부에 양보하세요ㅋㅋㅋㅋㅋㅋ,1,2023-11-01T11:19:05Z
jAfKBARKz50,UgxQLDcz-hm1KYv5y7t4AaABAg,@토카현,아이가 너무 순수하당ㅋㅋ,1,2025-02-25T09:32:39Z
jAfKBARKz50,Ugzg8bFb8G2I4Gv9t9R4AaABAg,@YeRi.2015,마지막에    오이   남은  은거 없다고    중간에   잡고하는거    너무   웃겨 😂,0,2023-11-19T07:59:40Z
ymUMwwGOwdY,UgxQOTR0M8rX8Qrj2Sp4AaABAg,@salt_mom_diet,영상 속 폼롤러는 프로필링크에서 구매하실 수 있어요❤️,56,2025-04-09T09:07:16Z
ymUMwwGOwdY,Ugw8xjGwgkawIEp5gj14AaABAg,@ym533,진짜 개정리됨... 솔직히 마사지 따라할 땐 별 생각 옶이 근육 풀어주고 시원하니까 꾸준히했는데 다리라인 엄청 정리돼요 전 근육형은 아니도 지방형인데도 옴청 정리돼여,3484,2024-07-11T19:05:04Z
ymUMwwGOwdY,UgzqMoeZlWaxnk7NhGZ4AaABAg,@김예솔-q5l,폼롤러하면 확실히 라인이 정리되긴 해요!,385,2024-06-22T17:07:48Z
ymUMwwGOwdY,UgxSJG8gV0wkbKDMGQh4AaABAg,@koi__koi__,너무 아프게 많이 하면 안좋습니다 여러분 근막은 사실 살살 해도 풀려요...넘 많이 강하게 하면 오히려 손상갈 수 있어요,868,2025-03-21T17:10:44Z
ymUMwwGOwdY,Ugxixa98jzH6QVbt53h4AaABAg,@unknowwoouz,댓글이 뭔 죄다 제품 홍보글밖에 없음,21,2026-05-10T16:59:39Z
ymUMwwGOwdY,UgwUwz4iHq3CPg9Zlhh4AaABAg,@estell2807,"매일 하다보면 붓기도 많이 빠지구 몸이 가벼워져요
근데 그만큼 자극이 점점 사라져서 처음엔 갖다 대기만하도 아파서 울면서 햇는데 점점 돌기 폼롤러를 찾게되는 마법이...",13,2025-08-19T17:12:37Z
ymUMwwGOwdY,Ugy-GZ75PJJfH5LRCjF4AaABAg,@팡이맘1234,잠 안 자고 부은 날 바디써마로 풀어주면 회복 빠르더라고요. 확실히 바디 전용 기기라 만족도 높아요.,1578,2025-07-01T04:57:38Z
ymUMwwGOwdY,UgzJyPLZ0_ghDPGDgHN4AaABAg,@RozeDevi,"무릎 발목은 최대한 고정한 상태로 
폼룰러 사용해 주세요 
무릎 발목 뼈들이 돌아가면서 부딪히면 연골이 갈려나가면서 손상 됩니다.",161,2025-04-21T14:27:43Z
ymUMwwGOwdY,Ugz1GQp4MKuhiAqg90F4AaABAg,@user-hk9vy7zb7m,근육형 다리가 뭔지 모르시는군요.. 저건 살과 부종입니다,114,2025-06-19T13:23:03Z
ymUMwwGOwdY,Ugw2Sta1Sdwq8mi7mP14AaABAg,@새벽향기-e8u,일주일 만에 이렇게 라인이 달라지다니 부럽네요! 저도 요즘 코크보틀로 혈당 관리하면서 몸매에 신경쓰고 있는데 ~ 폼롤러 마사지까지 해 주면 다리가 더 슬림해지겠죠? 폼롤러가 집 안 어딘가에 있는데 찾아봐야겠어요 ㅎㅎ,4410,2025-09-18T12:00:22Z
ymUMwwGOwdY,UgyXjpxql1Cnpsak48p4AaABAg,@인생여행-j9l,오오오 오늘부터 폼롤러합니다 감사합니다😊❤,63,2025-01-13T08:32:12Z
ymUMwwGOwdY,UgxPnrrzDLZzqks7s294AaABAg,@zpdltit9208,아 저도 몸이 찌뿌뚱하면 힙으뜸 20분 찾아서 해여 진짜 목뒤 할때부터 개쉬원해여 다 하고 나면 몸이 가벼워지는 느낌..중독적이라 자주하게 됨요,3,2025-07-08T03:35:45Z
ymUMwwGOwdY,UgxcQNy12mpSBmzpWId4AaABAg,@wlsbdalr,외관상으로도 다리라인이 부드러워진게 느껴져요!! 폼롤러 사놓고 귀찮아서 안하게 되는데 확실히 하고나면 시원하긴 합니다ㅋㅋ,24,2025-06-05T19:50:24Z
ymUMwwGOwdY,UgwACRTRp7frc1ytNZh4AaABAg,@youkyungwon3867,저는 저녁마다 매일 10분씩 한 지 5년 됩니다ㅎㅎ 붓기 빠져서 좋아여  👍,12,2025-04-23T14:05:48Z
ymUMwwGOwdY,Ugwry7vbwnSL2y4HP-J4AaABAg,@Gxdhjkkm,이 방법 진짜 꾸준히 하면 종아리 가벼워지는게 느껴져요! 혈액순환도 잘되고 붓기가 많이 가라앉더라구요. 그리고 저 같은경우는 압박스타킹하고 부기용슬리퍼 하루종일 일상생활중에 신어줬는데 진짜 눈에띄게 얇아졌어요!!,3,2026-03-20T13:47:03Z
ymUMwwGOwdY,UgwXhgPmO3T_VRcrLUJ4AaABAg,@neoen0721,다리하면서 서해부( Y존)도 잊지말고 폼롤러 해주시면 부종 빼는데 많은 도움이 됩니다.,68,2024-08-21T19:30:16Z
ymUMwwGOwdY,UgxVjU9nokEkqjU2vjh4AaABAg,@angel1004angel-r7d,"근력 + 유산소 하고나서
맨 마지막에 폼롤러로 하시면 라인이 
이뻐져요...",4,2026-04-29T07:12:27Z
ymUMwwGOwdY,UgzaQLxWjbhuUSGPGqd4AaABAg,@지호월드정,와 대박이네요 전 폼롤러는 안 해봤고 붓기가 너무 심해서 칼륨크림 바르고 괄사만 해줬었는데 이제 폼롤러도 해야겠어요 좋은 영상 감사합니다,4,2026-03-23T14:23:36Z
ymUMwwGOwdY,UgzgyQy9ebYNgOBOxER4AaABAg,@spesmiracu,뭔가 살이 빠진다보다는 스트레칭하면 라인이 정리되는 느낌과 근육이 풀려서 근육통이 덜 오는것 같은 느낌...?일단 시원하니깡,2,2025-08-31T14:14:42Z
ymUMwwGOwdY,Ugxogyyg0LeQ6Yc1CSJ4AaABAg,@yoon_sallim,종아리 재보니 엌?! 짝짝이네요😮 몰랐어요 대박 저도 시작하고 있는데 일주일마다 비교해봐야겠네요🤔,0,2026-06-03T07:12:55Z
ymUMwwGOwdY,UgxHHckpxFPYMeTJcAR4AaABAg,@김돌핑핑이,일주일만에 효과짱이네요,2,2025-02-15T16:00:56Z
ymUMwwGOwdY,UgzYZEYI_gYwzrHCwUp4AaABAg,@angelito-lu2cs,힙으뜸님 어떤 영상을 봐야하는건가요.. 대박,0,2026-05-15T21:58:06Z
ymUMwwGOwdY,Ugy8RebnU0Qh0dkd8Dh4AaABAg,@초록하게초롱이,당장 고고 해야겠네용,1,2025-07-01T01:47:08Z
ymUMwwGOwdY,Ugw0jvv33OCG1cnnXKl4AaABAg,@som2507,진짜 퇴근하구 나서 하면 시원하고 풀리는 느낌이라 맨날하게됨 특히 뒷목이 지림...,0,2026-07-03T11:01:50Z
ymUMwwGOwdY,UgxSksurGNY3Wj_G0HV4AaABAg,@이희연-b3e,오 도전!!,2,2025-04-26T12:28:43Z
ymUMwwGOwdY,UgzeGcVMF-Y5-8p3qo94AaABAg,@thyou4806,나도 따라하면 빠질까?싶어서 바로 폼롤러 주문해서 한 2주정도 해봤는데 크게 차이가 없더라구요 ㅠㅠ 물론 안하는것 보단 훨씬 나아서 요즘은 폼롤러랑 하체붓기보조기로 같이 마사지해주고 있는데 이렇게 하니까 훨씬 좋더라구요 저도 근육이 많은 체형이라 평소 고민이 많은데 좋은 영상 감사합니다!,11,2025-05-06T00:56:06Z
ymUMwwGOwdY,UgyxACUwBE3YQluxeeB4AaABAg,@김지민-m1z,폼롤러 진짜 아픈디 시원해요 ㅋㅋ 슬림열크림 바르고 꾸준히 하고 있는데 이주정도 돼니까 얇아지네요.,0,2026-04-30T04:07:07Z
ymUMwwGOwdY,Ugw1eG1lsqCpzJNf2K94AaABAg,@강민주-v8e,살 빠지면 상체랑 허리둘레. 여기까지 빠지는데 다리는 안빠져여!!!!!!!!!!으아!!!!!!!!!그래서 나도 폼롤러시작!,1,2025-06-21T11:32:35Z
ymUMwwGOwdY,UgzBiCfGyVLEdxMvGpp4AaABAg,@김무옥-k1h,고통스럽지만 그 이후 가벼워지는 최강효과 폼 롤러,0,2026-03-22T15:02:56Z
ymUMwwGOwdY,UgyeHcWbLb-7ZD5d8d14AaABAg,@꾸뀨우,혹시 폼롤러로 할때 잘 못 따라가도 효과는 있을까요? 다리가 짧고 허리가 긴 체형이라 뭐든 자세 따라하는게 쉽지 않네여,1,2025-04-24T13:47:34Z
1hZCipQvKC0,UgwmNDKD76XrepM6weF4AaABAg,@doernoker5067,한자와 씨... 코스프레 현장까지...,9838,2025-04-01T04:25:08Z
1hZCipQvKC0,Ugxu_RHPuTsf3VCY3O14AaABAg,@키리사메-마리사-DAZE,상상도 못한 정체,4948,2025-03-30T22:42:00Z
1hZCipQvKC0,Ugx3VpmeBau0htqU6-p4AaABAg,@babo119,"데드풀하고 있는 거 쇼츠로 봄ㅋㅋㅋㅋㅋㅋ
반응 개웃겼음ㅋㅋㅋㅋㅋㅋ",2152,2025-04-03T12:12:34Z
1hZCipQvKC0,UgwtzPZT9dRSZ4bBz814AaABAg,@tank_boy-p1w,그와중에 칸예는 또 왜 저러고 다니는건데 ㅋㅋㅋㅋ,2237,2025-04-03T22:13:07Z
1hZCipQvKC0,Ugyz1mUN_2TuorD6grZ4AaABAg,@메이지-t2h,한번에 코스프레 두개나 할 수 있네 ㅋㅋㅋ,445,2025-04-01T10:31:50Z
1hZCipQvKC0,UgzB1TBmGF8Y2CUK1Ap4AaABAg,@김-h4x8x,저거 만날때마다 팬티색이 바뀐다는 전설이 있던데...어디서 구하는 걸까....,2315,2025-04-02T07:33:03Z
1hZCipQvKC0,Ugx9EuwodXyIilON2tp4AaABAg,@dong-c9o,갑자기 코난 목소리 나와서 놀랐네 ㅋㅋㅋㅋㅋㅋㅋ,581,2025-04-03T06:47:29Z
1hZCipQvKC0,UgxRDW3OgaAnu_XQVWh4AaABAg,@탕수육간장파-q9z,한자와좌 당신 대체,445,2025-04-03T08:34:41Z
1hZCipQvKC0,Ugy5jMGVjx_JLxbmK8R4AaABAg,@UniversalLover_kr,투명개성 제대로 쓰려면 옷벗어야해서 투명상태에서 친구들이랑 부딪히면 부끄러워함,509,2025-04-03T22:16:42Z
1hZCipQvKC0,UgzVq-3L7hlXGbTeUU54AaABAg,@카즈사아가냥이공장주,오오.. 원래 모습은 몰랐는데 좀 ㄲ. 귀엽네,660,2025-04-01T10:13:22Z
1hZCipQvKC0,UgwXERRP8xBHS-9PehJ4AaABAg,@redhood-n1j,"""아니 내 앞에 지금 알몸으로 있다고!""",40,2025-04-04T04:56:26Z
1hZCipQvKC0,Ugx8RMQCITDru2Ylai94AaABAg,@user-dason50,팬티보이는짤은 못참겠네,51,2025-04-04T08:50:11Z
1hZCipQvKC0,Ugxz3V1D3wIt1g4R6q94AaABAg,@음악팔이청년_SongFinder,오 예쁘고 귀엽다,42,2025-04-02T07:28:15Z
1hZCipQvKC0,UgzzUz7OccLgkgI0WcB4AaABAg,@bluelight13563,칸예 웨스트는 앀ㅋㅋㅋㅋㅋ,25,2025-04-03T11:04:11Z
1hZCipQvKC0,Ugz6iNhHmpVhibxVRjZ4AaABAg,@JunseongChang-t9d,애초에 왜 하필 개성이 투명일까….?,27,2025-04-06T14:22:17Z
1hZCipQvKC0,Ugz-hEc7wKYEO4ncvdB4AaABAg,@고래일각,블랙누아르 이녀석!,16,2025-04-01T10:44:41Z
1hZCipQvKC0,UgxFR2K8l5FzAovgdcd4AaABAg,@huyusaki-Kuro96,"케어 유튜브 폴가이즈 본 이후라서 
칸예 웨스트 나오자마자 웃었네 ㅋㅋㅋㅋ",3,2025-04-03T07:32:33Z
1hZCipQvKC0,UgxewXj8gyU1-Eup9Q14AaABAg,@러시아마누라뼈,초록 쫄쫄이에 교복 걸치고 크로마키 앞에 서면 됨.,15,2025-04-06T04:31:13Z
1hZCipQvKC0,Ugxv369awyUJ4Eh0ET94AaABAg,@장현빈-e1v,나 이 캐릭터 투명화 푼 모습 처음 봄,5,2025-04-04T06:10:31Z
1hZCipQvKC0,Ugz5xRegnLu8xqt0kzN4AaABAg,@김진현-i3g2s,아니 갑자기 코난과 한자와씨가왜나오는데ㅋㅋㅋㅋㅋㅋ,2,2025-04-06T12:58:31Z
1hZCipQvKC0,Ugzo6Wsf-pDQiedsiPF4AaABAg,@맛동산먹는마동석,여기서 본모습 첨 본당,0,2025-11-20T14:15:48Z
1hZCipQvKC0,UgznMaslV2bDRXWHApZ4AaABAg,@김서현-K3,아닠ㅋㅋ! 마음데로 제 최애 코난 불러오자 마세욧!!,1,2025-12-27T07:35:29Z
1hZCipQvKC0,UgxvGgbAs_4wpwuTOTR4AaABAg,@미솜미솜,꿀잼,0,2025-11-30T10:21:49Z
1hZCipQvKC0,Ugz04hpQf-0Z1kJ8Lhh4AaABAg,@Theory_of_Relativity,"하가쿠레는 진짜 외모 고트네
나히아에서 저만한 미모는 못봤다",9,2025-04-02T22:36:56Z
1hZCipQvKC0,UgxK7e8y3XBSAX_Gb6Z4AaABAg,@토도론,아아 이거 찍는거 사진은 뒤에 있지만 마주보는 상황에서 반전이기 때문에 검은색 인식 안돼게도 할 수 있음.,1,2025-04-03T12:23:46Z
1hZCipQvKC0,UgydMTs5MrgpByTpuid4AaABAg,@먹물샘,칸예는 ㅋㅋㅋㅋㅋ,23,2025-03-30T00:56:56Z
1hZCipQvKC0,Ugxs-6MQrKcCXdWehpx4AaABAg,@its_big_nose,블랙느와르는 어디갔어,122,2025-04-01T06:50:06Z
1hZCipQvKC0,UgyHHBiX6aGJe_KgmdV4AaABAg,@iq5rj,이거 데드풀 코스어가 치마들추고 놀라는거 본것같은데,1,2025-04-03T12:28:11Z
1hZCipQvKC0,UgwFWG9iocs0P8mTloN4AaABAg,@jooho_U,한자와씨와 토오루 코스프레를 동시에 ㄷㄷㄷ,0,2025-04-03T10:58:57Z
1hZCipQvKC0,UgyRJTVpUcpG6xSFdZR4AaABAg,@jy-tj5hc,언제나 검은색을 조심할것,2,2025-04-03T12:31:18Z
fEFyqOKqdcs,UgywP3-Os50A4K85U6d4AaABAg,@지현-j4c,다리 짧아가지고 발라당 앉는 거 ㅈㄴ 귀엽,4939,2025-02-25T13:40:39Z
fEFyqOKqdcs,UgzVJx1xV7kvvuymlcd4AaABAg,@뵤-b4y,애기라서 색색대는 숨소리 너무 귀여움 아가ㅠㅠㅠㅠㅠㅠㅠㅠㅠㅠㅠㅠㅠㅠ,59447,2025-02-23T09:19:02Z
fEFyqOKqdcs,UgyLAeOkhKSPDJOpmS94AaABAg,@heows8576,"애기들 특유의 저 오물거림 짦둥함 따끈따끈함 색색대는 숨소리 포근한 살냄새 빠져들것 같은 깨끗한 눈동자
진짜 저때는 이뻐죽음",457,2025-11-06T08:51:39Z
fEFyqOKqdcs,UgyRhzN3LOdwRgXWnG54AaABAg,@moviemv9512,"ㅋㅋㅋㅋ 스탭 방송 중인데 당황해서 “안돼, 저기 가!” 하면서도 막상 다가오니 너무 귀엽고 밀어낼 수 없어서 안아주는 거 ㅋㅋㅋㅋㅋㅋㅋㅋ",25470,2025-02-21T13:20:27Z
fEFyqOKqdcs,UgzE2ChjX1XdqM28UWV4AaABAg,@JudeBellingham0629,스텝의 사심 채우기 ㅋㅋㅋ어서 와서 안기라고 팔부터 펼쳐주는 스텝분 ㅋㅋㅋㅋ,33581,2025-02-21T11:56:14Z
fEFyqOKqdcs,Ugwgljv7e5JxLXqVJxF4AaABAg,@Son_padel,스탭도 심쿵했을듯 ㅋㅋㅋㅋ,8323,2025-02-21T11:13:58Z
fEFyqOKqdcs,UgwqPSh-eu8lwl08JiJ4AaABAg,@hilove9982,끙끙 소리 귀여웡,15262,2025-02-21T10:29:31Z
fEFyqOKqdcs,Ugx4vnk4Dc1cCLiIhxV4AaABAg,@Jaesusaengrapper,엄마도 아니고 딸도 아니라 맞는게 하나도없는데 그걸 ㄹㅇ자연스럽게 말해서 개웃김 ㅜㅜㅜㅜ,4288,2025-02-21T10:25:10Z
fEFyqOKqdcs,UgyzFQjNU5u2gO8GmLZ4AaABAg,@하루-o9y9h,엄마도 아니고 예지딸도 아니고 딸도 아니고 아들이야 ㅋㅋㅋ 대환장파티,58818,2025-02-21T10:06:46Z
fEFyqOKqdcs,UgwpKM9SMmpCNU0Mbrd4AaABAg,@조해운-d9i,스텝분 안돼 저리가 하면서 안는거봐ㅋㅋㅋ촬영때문에 거부해야하는데 귀여워서 몸이 반응한거같은데ㅋㅋㅋㅋㅋㅋ,44794,2025-02-23T11:07:18Z
fEFyqOKqdcs,UgzTt8bMmnTAJcfPktl4AaABAg,@꽌-m6p,“앙 저리가” 하면서 안으려고 하는게 너무 귀엽다는,13830,2025-02-21T10:52:43Z
fEFyqOKqdcs,UgyK9yMr-YQBiMZDsKh4AaABAg,@GANMAN412,애기들은 낯을 가리는게 아니라 낯짝을 가린다는데 ㅋㅋ 가서 안기는거 보니까 예지님이 아름다우신가봐 ㅋㅋㅋㅋ,7599,2025-02-21T14:35:17Z
fEFyqOKqdcs,UgzJPBUOL-XtZwWqhp94AaABAg,@comierdaniel,"어린이집 봉사활동 경험자로서, 아마 저 스텝이 애기 눈에 제일 사람답게 생겼을 확률이 높다",28141,2025-02-22T15:18:28Z
fEFyqOKqdcs,UgzrHIJDSzkr-DJfIql4AaABAg,@superbusy-k8q,포다닥 앉는거 어쩔거야ㅠㅠㅠㅠㅠㅠㅠㅠㅠ 심장아파,1361,2025-02-22T16:43:37Z
fEFyqOKqdcs,UgwfTmCmeyFahcsYPEJ4AaABAg,@jamongunni,자연스럽게 가길래 진짜 엄만줄 알았어요~ 애기 넘 귀요미에요.,4437,2025-02-21T12:28:56Z
fEFyqOKqdcs,Ugyay0DJLMhRCNpDrC14AaABAg,@이뿌니-u5t,이렇게 이쁜아기 처음 봐요 너무 이뽀ㅠㅠ,4855,2025-02-21T12:44:00Z
fEFyqOKqdcs,UgwErFUQPqOU-uerMBp4AaABAg,@HK-jr5pp,예지 딸이야? ㅋㅋㅋㅋㅋㅋ이거 한 문장 미쳤다 ㅋㅋㅋㅋ,942,2025-02-21T10:13:14Z
fEFyqOKqdcs,UgweBWR5yQCX8iqW0WF4AaABAg,@CR_7-siuuuuuuuu,엄마=여자 여자라서 걍 달려가본 귀요미ㅋㅋㅋㅋ,4820,2025-02-21T11:19:29Z
fEFyqOKqdcs,Ugxjlpjbb9qEBHCX-E54AaABAg,@mooduckeee,앉을 때 포다닥이 너무 귀여워서 미치겠ㅇㅡㅁㅜ이 아가는 뭔데 8시간을 앉아있냐ㅜ,411,2025-02-25T05:56:37Z
fEFyqOKqdcs,UgyjMhzb8-IoZOTCvQ54AaABAg,@rhwkdx,저 쪼그만 다리 뻣는거 진짜 극한의귀녀움이다ㅠㅠㅠㅠㅠㅠㅠㅠ이진아 ㅠㅠㅠㅠㅠㅠㅠㅠㅠ인형 같아ㅠㅠㅠㅠㅠ하ㅠㅠㅠㅠㅠ,336,2025-02-26T13:19:05Z
fEFyqOKqdcs,UgxYHuUnKsqp9igWgyJ4AaABAg,@biology_cell,보통 1~2살의 아기는 어머니로부터 애착형성을 주로 합니다. 따라서 같은 나잇대 성인 중 여성에게 조금더 안정감을 느낀다고 아동 심리학 논문에 나와있더군요.,287,2025-03-15T07:02:48Z
fEFyqOKqdcs,UgxFW7TbSfxhIbOg5xd4AaABAg,@강아디,어린이집 교사 10년했었는데 확실히 애기들은 ‘젊은여자’를 좋아해요 ㅎㅎ,586,2025-02-28T14:07:21Z
fEFyqOKqdcs,UgwY0hAh-s8ipRQF6tp4AaABAg,@knowbrightly,카더가든 뭔가 예쁘다 귀엽다 이런말을 최대한 안하려고 노력하는것 같음 귀엽다는 말 나올라하면 '쪼꼬만 자식이 갑자기 찾아왔네' ㅋㅋ,17,2025-12-30T03:32:31Z
fEFyqOKqdcs,UgwQ5oxmomZ8mrcqfNZ4AaABAg,@hirit418,"1. 철퍼덕 앉으면서 뻗는 두 다리 
2. 갑자기 세월무상 자세 
3. 오도도도 
4. 예지 딸 아님",50,2025-05-18T11:35:15Z
fEFyqOKqdcs,Ugz73iiiC2Sd7zVk1ZF4AaABAg,@Lemon_K-8282,일단 이진이가 썸넬에 있으면 그냥 못 지나가겠음 한번은 봐줘야함ㅇㅇ그래서 똑같은거 몇 십번 보는 중....,30,2025-12-09T03:17:05Z
fEFyqOKqdcs,UgzW7Bh1UmsVXaVlt-V4AaABAg,@1-1is_0,"이거 붐업되고 아무리 많은 이진이가 올라와도
이때가 레전드로 이쁨
이때 코디와 헤어와 조명과 카메라 모든게 존나 완벽해서 개이뻣음 애가",42,2025-08-02T07:14:44Z
fEFyqOKqdcs,UgwaNUxE-5MrM35J7hx4AaABAg,@이재훈-g8k5o,"앙 다문 저 입술,, 졸귀탱구리,,",554,2025-02-21T10:08:16Z
fEFyqOKqdcs,UgxhB_sQAVXGrSaSNNR4AaABAg,@nahyeon_l,다리 쭉 뻗으며 포다닥 자막 나오는 거 진짜 찰떡 …. 다리 뻗는게 저렇게 귀여울 일인가 ㅠㅠ,101,2025-03-01T13:06:59Z
fEFyqOKqdcs,UgxY05f-xJVC1YkTZBZ4AaABAg,@jenjennyjen23,아니 너무 자연스럽게 걸어갘 ㅋㅋㅋㅋㅋ,500,2025-02-21T10:03:37Z
fEFyqOKqdcs,Ugy0Q6XnOkT4EM1m5Yp4AaABAg,@민정곽-h8f,아기들 끙끙 대는 소리 넘 귀여워 저렇게 도도도 오면 팔 그냥 벌어지겠다 인누와♡♡♡♡,228,2025-02-25T14:45:17Z
aIN8bxm2QUs,UgwfmcjAfFzrlQ_QrLp4AaABAg,@볶은보리-k7j,볼트가 100m골인할때까지 cc기 안풀림,9486,2025-10-15T10:54:05Z
aIN8bxm2QUs,UgzY-B6FjYucKmGQdcp4AaABAg,@spkj5382,"트린궁 : 지가 cc 면역인줄 앎
올라프궁 : 지가 무적인줄 앎",1768,2025-10-22T13:03:25Z
aIN8bxm2QUs,Ugxe6D5dfy-qbjJK6CJ4AaABAg,@채원-x4b4j,뭔 cc가 10초를 ㅋㅋㅋㅋㅋㅋㅋㅋㅋㅋㅋㅋㅋㅋㅋㅋㅋㅋㅋㅋㅋㅋㅋㅋㅋㅋㅋ,1524,2025-10-17T13:46:52Z
aIN8bxm2QUs,UgyybbDSPv3ParR4NxR4AaABAg,@침촉맨-y3o,카오스급 cc연계ㅋㅋㅋㅋ,3352,2025-10-15T14:19:59Z
aIN8bxm2QUs,UgxusMm-X7NsRFhRUMh4AaABAg,@Haegod-i1k,CC 9.59초 ㅋㅋ 그냥 물 마시고 와도 되겠네,202,2025-10-20T01:44:10Z
aIN8bxm2QUs,UgxxiG1eBwUsOXMgKEl4AaABAg,@kimtokki7077,우주가 멸망해도 살아남지만 움직일수는 없는 사나이,1524,2025-10-16T14:54:26Z
aIN8bxm2QUs,UgwUCzVn4NzRQYa_B8p4AaABAg,@Cat_Wheel,멜 럭스 마오카이 케틀이면 트린다미어가 궁 두번 쓰고도 못 뚫겠다 ㅋㅋㅋㅋㅋㅋㅋㅋㅋ,502,2025-10-16T04:57:44Z
aIN8bxm2QUs,Ugw7Hzb4Ibkz7A37Zod4AaABAg,@ŴTF_ŸŎ,감히 마오카이가 있는데 앞으로 뚫을 생각을 하다니 뒤로 튀어도 잡힐 수 있는 CC기의 신인데,203,2025-10-09T08:53:45Z
aIN8bxm2QUs,UgwHbd3uspWOGCeCDKN4AaABAg,@PAFF_S2,히야~ 내가 9초나 멈출 수 있다~,60,2025-10-22T13:51:24Z
aIN8bxm2QUs,UgzIKk3IoJHxb07v_yJ4AaABAg,@bmf_ridge,어떻게 챔프 이름이 ‘속박’ ㅋㅋㅋㅋㅋ,536,2025-10-18T14:29:23Z
aIN8bxm2QUs,Ugw6dJAebNj_WYa-lKN4AaABAg,@do_kku,심지어 cc다 풀리기도 전에 뒤짐 ㅋㅋ,11,2026-01-16T17:56:12Z
aIN8bxm2QUs,UgzWSnY71GMc-8kRZGR4AaABAg,@펜타에몽,10초 차렷은 트린밖에 못해 ㅋㅋㅋ,8,2025-11-05T05:38:24Z
aIN8bxm2QUs,UgyZHaUQ6MTwI0ie9oF4AaABAg,@손현우-v3h,아 올라프마렵네 ㅋㅋ,18,2025-10-16T23:02:40Z
aIN8bxm2QUs,Ugz6bcaGKtod0XrKqhR4AaABAg,@제우스가역체탑임,속박 씨 정말 잘하시네요,0,2026-07-09T09:05:47Z
aIN8bxm2QUs,Ugz8Bab7Po72rIXsq554AaABAg,@ht-2recen,그와중에 공속신 처 올린게 겁나 웃기네 ㅋㅋㅋㅋㅋㅋㅋ,0,2026-01-07T02:11:38Z
aIN8bxm2QUs,Ugy3qhqsP7f7MTgtVRV4AaABAg,@llamadonkeyfrog,인스타에서 종경 백제검이라고 한게 개웃겼는데 ㅋㅋㅋㅋ,1,2025-11-09T07:40:21Z
aIN8bxm2QUs,UgypeexLu0ylEmjB-ZV4AaABAg,@양한재-u3s,그렇게 트린은... 생각 하는 걸 그만 두었다.,3,2025-10-20T06:08:12Z
aIN8bxm2QUs,UgykE2v7v9b7RQkkV9F4AaABAg,@jerrymouse2899,Cc 얼탱이 없네 ㅋㅋ,2,2025-10-19T23:09:49Z
aIN8bxm2QUs,UgxlZzXPCb2bNTFaaId4AaABAg,@choialex3503,진짜 전 우주가 도와준다 ㅋㅋㅋㅋ,0,2025-12-10T14:28:35Z
aIN8bxm2QUs,UgzC4vt4QbFeJ7YBJeR4AaABAg,@unvisible-v2c,최고로 high한 디오가 시간을 풀로 멈춰도 아직 묶여있음,0,2025-11-26T20:45:13Z
aIN8bxm2QUs,Ugy5k56zzPZZHRTAyf54AaABAg,@hgkim2517,이야 내가 9.59초나 멈출수있다~,0,2025-11-16T16:23:22Z
aIN8bxm2QUs,UgzgbGfADaiVFGRbIxN4AaABAg,@me-long,심지어 럭스 큐는 맞지도 않았네 ㅋㅋㅋㅋㅋㅋㅋ,0,2026-01-29T09:56:28Z
aIN8bxm2QUs,Ugx5S_yLs5jOVILlV2l4AaABAg,@Lee-vj5ww,속박 공중에뜸 선수,0,2026-04-29T01:04:28Z
aIN8bxm2QUs,UgxTREurHUi-UMVmEgJ4AaABAg,@TV-boong1,올라프 였다면..,8,2025-10-19T00:47:22Z
aIN8bxm2QUs,UgxokqnO1kvnO-_ioB14AaABAg,@난다난다훨훨,속박된지 9.59초만에 가버리는 랄로...,0,2025-11-18T23:52:31Z
aIN8bxm2QUs,UgxDdQBmyKq8r9lAWKd4AaABAg,@더보기-u1u,타이무 스또오오쁘!,0,2025-10-23T10:21:00Z
aIN8bxm2QUs,UgwG5CfJhpnNWMRGZhd4AaABAg,@kang_louis,이건 송태섭이 와도 못 뚫음;,22,2025-10-20T01:50:00Z
aIN8bxm2QUs,UgwjaJJg_PaDaBE0JXN4AaABAg,@unconscious-w1e,저정도면 ㅅㅂ 옥문강아니냐 ㅋㅋ,0,2025-11-09T06:50:00Z
aIN8bxm2QUs,Ugx7rJei01Mxhn8FoUd4AaABAg,@Bbbbbbb9964,조합 진짜 드럽네,0,2026-01-03T05:58:13Z
aIN8bxm2QUs,UgzQxW9doLvAe55z1Sl4AaABAg,@Hopesanc,"볼트가 결승선통과하고 만세할때 트린출발 
2400! 2400! 2400!",0,2025-11-24T09:46:51Z
2XtSD7RZx1g,UgxUrgUDpz4sDLggNZt4AaABAg,@김테메-g7g,저때 진짜 화나는 사람들은 오타니가 아니라 저걸 1년동안 봐야하는 kbo팬이다,5252,2024-12-21T03:36:45Z
2XtSD7RZx1g,Ugw9FzZtbnrHsvJgNZ54AaABAg,@검정-t9e,고의가 아닙니다. 실력입니다. 눈물이 나옵니다,48701,2023-05-12T19:26:53Z
2XtSD7RZx1g,Ugz9vFb1x7Wq2Tx7RWB4AaABAg,@Lavine-e9c,오타니가 과대평가해서 화난게 개웃기네 ㅋㅋㅋㅋㅋㅋㅋㅋㅋㅋ,9692,2024-06-15T00:51:58Z
2XtSD7RZx1g,Ugy8Imgp7OEg8fr2yLd4AaABAg,@제셀-z2c,상대방이 병신이란걸 상상하지못한 초고수의 모습... 이래서 무협지에서 예상못한 초보의 한수에 당하는건가,1069,2024-08-03T01:18:51Z
2XtSD7RZx1g,UgxU3Gsj-0d5-Tza_Cx4AaABAg,@해랑김-w3g,이건 들고있는 배트로 두들겨맞아도 무죄다,27202,2023-03-24T00:33:59Z
2XtSD7RZx1g,UgwTrelHz1e2wHfy5ON4AaABAg,@Girong.,"고의가 아니라 실력이라는걸 믿지않았지만
다음 투구들을 보고 바로 오해를 풀었다고 합니다... ㅜㅜ",11719,2023-07-18T14:06:42Z
2XtSD7RZx1g,UgwiQfCeu1NAKjhc05p4AaABAg,@이상범-c7h,한국 실력알고 바로 이해해줬구나.....,17859,2023-04-06T06:30:27Z
2XtSD7RZx1g,Ugzxh7wSMYvoGDa2xDN4AaABAg,@스타팅라인-6532,자기와 자기가 활동하는 리그에서는 절대 나올 수 없는 똥볼이라 고의로 생각한게 개웃기네 ㅋㅋㅋㅋㅋㅋㅋㅋㅋㅋㅋ,164,2025-10-24T19:26:49Z
2XtSD7RZx1g,UgxcjNOoksj_Sd7PBNR4AaABAg,@반박시니말이맞는듯,진짜 일본인들이 고의로 했다고 생각해 준단 사실이 너무 고맙다...,15691,2023-08-19T01:06:55Z
2XtSD7RZx1g,Ugz7PVY-aS0PeiUbJil4AaABAg,@ymso_Useoj208s,"일본인 : 야 고의냐?
한국인 : 한국야구 수준;",5351,2024-02-28T02:49:10Z
2XtSD7RZx1g,Ugycqyb4zZ30gEqr4-F4AaABAg,@FoK-w8q,"오타니를 화나게한 남자라..
인생업적이다",4513,2023-08-07T11:23:05Z
2XtSD7RZx1g,UgybnYxBaV9t3M7S2_d4AaABAg,@llll-fh4qy,여기서 오타니 욕하는 한국인이 보인다면 그 사람은 중국인일 겁니다,3184,2024-10-27T05:58:03Z
2XtSD7RZx1g,UgyusCBIg-bvNu_5_xR4AaABAg,@おーが-l9j,"あさごはん
うんちぶりぶり
おいしいな",27048,2023-03-24T11:11:11Z
2XtSD7RZx1g,UgwIPw8OjGrHsqRkCcZ4AaABAg,@ykk7482,그리고 일본인들 너무 친절한게 저거를 고의로 봐준다는거야... 사실은 우리의 실력인데😅,9298,2023-05-11T02:32:44Z
2XtSD7RZx1g,UgwTelen6wMwGpaDND54AaABAg,@g_style_jh,오타니 미안. 우리 수준이 이것 밖에 안 돼,3679,2023-11-07T05:00:53Z
2XtSD7RZx1g,UgytldAnApiyeNSZX0h4AaABAg,@호딱-p3y,일부러 맞출정도로 정교하지 못합니다….,28,2025-03-16T10:45:42Z
2XtSD7RZx1g,Ugy4OUFAB1WaX_i3kBZ4AaABAg,@hidetog-6202,韓国人も投手を批判している辺り大谷って本当にスーパースターなんだな,15400,2023-03-19T06:17:38Z
2XtSD7RZx1g,Ugy-cE-1KNNpjGF1mgJ4AaABAg,@아쑈유,미안해 오타니...,6442,2023-03-29T14:38:34Z
2XtSD7RZx1g,UgwsxSJTWjBWEYoH9vh4AaABAg,@ワンピースカード紹介,ごめん、故意じゃなく実力ですって韓国語のコメントが一番おもろかった。,7327,2023-03-11T14:29:50Z
2XtSD7RZx1g,Ugxn6OjqTyc92MRlGh54AaABAg,@미리미리-d1c,이거 경기전에 고우석이 오타니 몸에 맞춘다해서 더 예민했음 ㄹㅇ 나라망신이다,208,2025-04-14T00:55:48Z
2XtSD7RZx1g,UgwKj9UooxFw9p0F4Lt4AaABAg,@juno_1204,"여기 댓글 죄다 오타니한테 싹싹 비는 거 ㅈㄴ웃기네ㅋㅋㅋㅋㅋㅋㅋㅋㅋㅋㅋㅋㅋㅋㅋ 
심심할 때마다 보러 와야지",4125,2023-10-04T17:38:10Z
2XtSD7RZx1g,UgznhO44-pzAL_JMZzJ4AaABAg,@korealove8238,저 와중에 제구가 안되는 투수라는 것도 모르고 화낸거네 ㅋㅋ 우릴 너무 높게 평가해줌 착하네 진짜,4547,2023-03-12T11:03:46Z
2XtSD7RZx1g,UgwELCCEupXfJwW50sB4AaABAg,@jodae___,"내가 대신 사과합니다.
보물오타니 부상 당하지 않고 좋은모습
기대합니다.",4040,2023-03-20T08:07:01Z
2XtSD7RZx1g,UgwGdPu7SgAvgaR1Bv14AaABAg,@liachoi9840,오타니 한국야구 리스펙하는 인터뷰나 평소 인성도 그저 갓이라 ㅈㄴ 미안해지네 국적을 떠나 모든 야구팬들의 우상,600,2025-03-29T07:50:47Z
2XtSD7RZx1g,UgxpfQh9pdvMeSF_ib54AaABAg,@だい0528,ハングル語を翻訳する度に大谷愛が伝わってきて自分まで嬉しくなっちゃう,6411,2023-03-16T11:52:16Z
2XtSD7RZx1g,UgzVaUZEYCRUFyLqP3F4AaABAg,@Jr.Samchi-Jorim,오타니 영상 존나게 봤었는데 저정도로 큰소리낸거 처음이네 ㄷㄷ 심지어 데드볼 맞아도 킁소리한번 안내던데 이의리 당신은 대체...,3372,2023-08-27T22:24:57Z
2XtSD7RZx1g,UgxT_Q7l5je9VATSGcJ4AaABAg,@minwoo7911,대신 사과하겠습니다. 그러나 저것은 의도적으로 한 것이 아닙니다. 우리 의리선수는 의도적으로 맞추려고 했다면 오히려 몸에 근접하지도 않았을 것입니다.,5864,2023-03-28T14:26:53Z
2XtSD7RZx1g,UgxgqYWERV54UCYYhAZ4AaABAg,@pioneer-t9o,ㅋㅋㅋㅋㅋ오타니 화날만함 연속 3번 몸쪽 가까이 들어옴,75,2023-11-23T22:09:41Z
2XtSD7RZx1g,UgxBbFFcGq8gnTOqj0R4AaABAg,@president2413,"コメ欄の韓国人を翻訳してたら涙出てきそうになったw
大谷て全世界に愛されてんだな、ほんと野球界の宝だよ",4538,2023-03-25T09:47:09Z
2XtSD7RZx1g,Ugwj94PK37XhItmucFB4AaABAg,@infi5879,이 댓글 분위기 뭐야?? 너무 좋은데??? ㅋㅋㅋㅋㅋ 한국 일본이 이렇게 좋은 분위기인거 좋다 ㅋㅋㅋㅋ 이게 다 멋진 사람이 중간에 있어서 그런가?,1657,2023-03-27T16:45:46Z
9jeMBcjNLdc,UgwQRHSiXhM8DVgGPGJ4AaABAg,@레알마드리드손흥-t7z,실제로 크로우즈제로2 때문에 타카유키랑 아야노고 친해짐,6,2025-05-15T10:27:27Z
9jeMBcjNLdc,Ugw8vG-j6Dmkn1SRvw14AaABAg,@모자장수,이름도 없이 '단발' ㅋㅋㅋㅋ,30,2024-09-22T14:27:46Z
9jeMBcjNLdc,Ugw4z-dPEHz2V27ojh94AaABAg,@dhal5454,난 왜 어릴 때 부터 지금까지 장돈건 같다 생각하는거지..?? 지금도 닮았는데,5,2025-07-02T15:24:08Z
9jeMBcjNLdc,Ugy8HGBwGdc2MCZznVN4AaABAg,@FIXIE-cb2lb,스타일이 무에타이네,9,2025-03-22T07:53:15Z
9jeMBcjNLdc,UgyHqD7c-60NlTL5QCt4AaABAg,@kimkimkimkimmm3957,저 단발배우 일본에서 엄청 유명해졌다고 들었는데 ㅎㅎ,35,2024-09-28T09:16:04Z
9jeMBcjNLdc,Ugw_eMck40tJB8jx4G14AaABAg,@보스케,개간지네,0,2025-05-19T02:32:39Z
9jeMBcjNLdc,UgwKYrWHB--RiIgReS14AaABAg,@얍얒,ㅋㅋㅋ 단발이 뭐야 ㅋㅋ,8,2024-11-03T09:17:47Z
9jeMBcjNLdc,UgzYXCKg6yInO71YDK94AaABAg,@에이쓰레기-e9c,써머솔져킥~~,2,2024-07-02T02:46:29Z
9jeMBcjNLdc,UgyOSo1lI2wZA1AScLx4AaABAg,@러버슈터,단발이 아야노고인지 최근에 알았음 ㅋㅋㅋ,0,2026-06-04T12:21:43Z
9jeMBcjNLdc,UgyqN7FU8a9H-uw5NAV4AaABAg,@에이쓰레기-e9c,단발ㅋㅋㅋㅋ시발 료 시잘앜ㅋㅋㅋ,0,2026-05-12T09:03:56Z
9jeMBcjNLdc,UgwvVyc3rTDoltUZseF4AaABAg,@금연실패자,사채꾼우시지마vs이누이,2,2024-10-29T17:38:14Z
9jeMBcjNLdc,Ugz2O05OoJyk7t61ll14AaABAg,@suwonecoldsteveaustin,와 세리자와킥 ㅋㅋㅋ,12,2025-04-29T07:29:11Z
9jeMBcjNLdc,UgzU_xdf8u-tp9qtIcB4AaABAg,@youngsookim505,저정도면 장발아니냐,5,2025-02-08T00:17:22Z
9jeMBcjNLdc,UgyOy83y2W1u5W8A9TZ4AaABAg,@Stripedbeakfish,세리자와 타마오 VS 우루시바라 료,0,2025-09-14T04:44:58Z
9jeMBcjNLdc,Ugzeh9ohbgG7RyIMeFN4AaABAg,@이세-r6n,졷가졷가,0,2025-06-26T14:26:14Z
9jeMBcjNLdc,UgxyaaUFU0IHTmtyozx4AaABAg,@경상남도김해시장유동,우루시바라 료 ( 아야노 고 ),0,2025-11-18T07:23:04Z
9jeMBcjNLdc,UgxfXHXnMauwszNHLGt4AaABAg,@종국-c5j,강혁 같다,0,2025-06-10T08:58:06Z
9jeMBcjNLdc,UgyMx4Q2UE3Za42bN6d4AaABAg,@위대한-e2z,료,0,2025-03-29T10:11:48Z
9jeMBcjNLdc,UgxeGmefX9S_Eh0AcPB4AaABAg,@낙찌-v9h,나래누나 일본진출했었네,0,2025-04-01T13:41:57Z
9jeMBcjNLdc,UgxHfYQOQ0g0AbJPxGB4AaABAg,@호후-c5w,우루시바라 료 입니당 본명은 아야노 고,0,2025-05-01T09:37:26Z
9jeMBcjNLdc,Ugzm9i_hKfR8us84b-l4AaABAg,@특식-u5d,배우 아야노 고,3,2024-12-26T09:48:08Z
9jeMBcjNLdc,UgzGTsaksQ5lYcy1k3h4AaABAg,@아이나-i5i,참고로 싸우는 건 재밌어 라는 대사는 료가 말한겁니다,2,2025-05-19T10:02:10Z
9jeMBcjNLdc,Ugx0lto7e74hiJTuyOt4AaABAg,@kim_Doo-han,ㅇㅇㅈ,1,2024-06-15T22:22:50Z
9jeMBcjNLdc,Ugw8tH2mprt3e3KLk014AaABAg,@최고야-o7w,세리자와만 보면 조정석이 생각나네,2,2025-05-03T23:48:46Z
9jeMBcjNLdc,UgwK6j4gZhMLFeYEN8N4AaABAg,@한딱까리-w4u,야마다 타카유키,0,2025-04-27T10:48:22Z
9jeMBcjNLdc,UgzFtTFQ56xlWI8u2Zt4AaABAg,@초롱이-o1g,"단발이는 아야노고 라는 애에요
오구리슌 친구",0,2025-12-07T10:42:58Z
SIg3QY7V3IQ,UgxrTOUI2vU4fyx7CRp4AaABAg,@PPAKSS2,"애니 제목 : 에반게리온 (TVA 버전)
넷플릭스에서 보실 수 있습니다.
이 장면 끝나고 나오는 신지의 비명이 너무 절망적이었음...",2532,2025-05-14T10:08:50Z
SIg3QY7V3IQ,UgxVoy9gXxO_gLoGHi94AaABAg,@캐보팩,이전까지 신지는 아버지가 싫어도 어떻게든 관계를 회복해보려 노력했는데 이 장면 이후로는 아버지에 대한 감정이 미움과 두려움만 남게 됐음.,10048,2025-05-15T02:20:08Z
SIg3QY7V3IQ,UgzEmwQbSRGzAooPoMN4AaABAg,@jmhong0630,"원래도 정신상태가 아슬아슬했는데
저사건 이후로 완전 정싱이 멜롱하게 된거같음",11608,2025-05-14T11:24:32Z
SIg3QY7V3IQ,Ugx3-STlFub0Jt3gVhN4AaABAg,@김현-i8t,"""까짓거 해보죠 뭐"" 라는 말을 신지는 절대로 못할 말이라는 걸 알수있는 화",8227,2025-05-14T10:26:49Z
SIg3QY7V3IQ,UgwLhDKklSAbgLl0qit4AaABAg,@은시중,"차라리 화면이 꺼져 있었으면 좋을텐데, 화면에 비치는 모습을 그대로 봐 버린 신지...",2767,2025-05-14T12:46:38Z
SIg3QY7V3IQ,Ugy6KXeKjMfJ-6SJbb14AaABAg,@tvkenny-u7h,"저기서 명대사인 ""저건 에바잖아요"" 가 나왔지",6254,2025-05-14T15:30:51Z
SIg3QY7V3IQ,Ugz3vw895LVR6A28WXJ4AaABAg,@blue-gray87,솔직히 겐도우가 말한마디면 됬었다 니가 쓰러트려라가 아닌 니가 살려야한다고 했으면 ㅋㅋㅋ,3583,2025-05-14T11:42:27Z
SIg3QY7V3IQ,UgzGydlWP1lSuw8jIG94AaABAg,@hughru5975,확실하게 정신병걸리고싶을때 보면되는 애니,2822,2025-05-14T12:08:54Z
SIg3QY7V3IQ,Ugz3B7XSSa4lConovUd4AaABAg,@Greeny-그리니,어릴때 저 장면들중 3호기 머리통 터뜨릴때 내가 잘못본건가 싶어서 몇번 돌려봤는데 눈까리 튀어나간게 맞았더랬음. 어릴때 조금 충격받았었는데 ㅋ,1072,2025-05-14T12:22:30Z
SIg3QY7V3IQ,Ugz5b6WjHXmWxVunxu54AaABAg,@yangsamo7297,"""뭐 친구야 새로 사귀면 되긴 하죠 아버지.""",1790,2025-05-14T12:20:45Z
SIg3QY7V3IQ,UgwRxkdpfBxe55vHHBh4AaABAg,@Godz-o3r,저거 에바 1호기가 3호기 줘팰때 나오는 브금이 동요 같은 느낌의 평온한 노래인게 참 인상적이었음,1026,2025-05-14T11:59:03Z
SIg3QY7V3IQ,UgwFbwyWpDLNCP_Qnit4AaABAg,@moly4228,다들 신지 겐도 관계만 말하는데 저부분은 겐도의 명령은 무조건적으로 따르던 레이가 토우지는 신지의 친구인데 토우지가 다치면 신지가 슬퍼할거라고 타인의 감정을 생각하고 이해하는 변화를 보여주기도 함,491,2025-05-16T15:37:59Z
SIg3QY7V3IQ,UgwR88TUtKMkxt5pIzF4AaABAg,@매듭이MadBee,신지 성우분... 에반게리온 참여하시고 난 뒤에도 롱런하시는 게 여러 의미로 존경스럽네요 저런 비명은 대체 어떻게 커버하시는거임,474,2025-05-16T12:56:21Z
SIg3QY7V3IQ,UgwgxMYzGUM4LhtpCaF4AaABAg,@serenlucent4209,방금전 한글판 주제가 가사듣고 오니까 진짜 분위기 확 다르네 ㅋㅋ 한글판 주제가 완전 정의를 위해 돌진해 싸우는 용사들 이러는데 이건 뭐 암울하고 잔인하고 정신 나갈 스토리인데,184,2025-05-15T09:43:04Z
SIg3QY7V3IQ,UgwYIxrM-bYsN_TPrWR4AaABAg,@hj-m6o,"성우들은 매화마다 소리질러야 했을텐데...
맨정신으로 감독의 세계를 이해하기가 얼마나 힘들었을까... 제정신인 캐릭터가 없잖아.",25,2025-07-31T02:20:10Z
SIg3QY7V3IQ,UgxDzKHlt3m8Fq79rWV4AaABAg,@artarimu120,수상할정도로 여성과 남성이 신음소리내며 괴로워하는 장면이 잘 표현된 애니..,78,2025-05-20T11:47:30Z
SIg3QY7V3IQ,UgxNLtyI6uec3NlN-hF4AaABAg,@Rhdg-s5s,"정말 16,17화 이후 꽤나 희망차고 소년만화 스러웠던 내용이 완벽하게 반전되었죠",40,2025-05-15T08:39:15Z
SIg3QY7V3IQ,Ugyg6pP8feexrG1Crh94AaABAg,@새싹-d7i,이 만화는 뒤로 갈수록 더 암울해질 예정이지,482,2025-05-14T12:19:43Z
SIg3QY7V3IQ,UgzSTDRnS4DXwShW1R54AaABAg,@sksmsgksrnrdlsdlek111,처음 에반게리온 봤을때 저 에피소드 다음화에 아스카가 그 바보는 제기 못한다고 말한 그 장면 이후 토우지가 병실에 누워 있는거 보고 멀쩡해 보이는데 뭐가 문제 인거지 했는데 다시 정주행 할때 보니까 왼팔 왼다리가 없었음.. 저 사고 이후 토우지는 신지랑 한마디도 못해보고 레이 자폭 때문에 폭발 때문에 모두가 떠났다 라는 한마디 언급 때문에 진짜 충격 이였던..,46,2025-05-18T15:57:14Z
SIg3QY7V3IQ,UgwL_rJfbdai5PJLA-N4AaABAg,@LYRDSL,이래서 아무리 재능이 있어도 사람의 마음을 헤아릴 수 없는 사람은 부모나 리더로서 실격인 것 같네요...,23,2025-05-15T17:29:52Z
SIg3QY7V3IQ,Ugw3i9CWBxC6KUd918t4AaABAg,@신구-m4q,마지막에 모든 인류는 LCL이 되어 하나가 되었지만 겐도만 초호기한테 잡아먹혀 시체로 남음.,8,2025-12-28T19:27:08Z
SIg3QY7V3IQ,Ugzum8MJuvm1FrDoB_N4AaABAg,@우유-m5xr,이게 일본 애니의 성경급이고 엄청난 작품인 건 아는데 솔직히 우울증 걸린 감독이 하라는대로 그리고 편집하고 투자해준 사람들이 신기함 극장판 보니까 진짜 이게 뭐지? 병원 가보셔야 할 것 같은데 라는 말이 육성으로 나오던데 그 수많은 사람들 중에 의문 가진 사람이 없다니... 그리고 ㄹㅈㄷ로 흥행했다니 아직 내 좁은 식견으로는 이해할 수가 없다,136,2025-05-19T18:34:54Z
SIg3QY7V3IQ,UgziN1wzjyzHaOn-aL54AaABAg,@hello-pwqe,"그나마 이게 신극에 비하면 선녀임 ㅋㅋㅋ
작화는 올라서 더 ㅈ같아졌고 그때 나오는 브금은 또 ㅈㄴ평온한 분위기의 동요임",10,2025-06-01T13:51:50Z
SIg3QY7V3IQ,UgyJrw0_oOms34f036N4AaABAg,@Iamoneofthosemelodramaticfools,카메라라도 꺼주든가 저런 일을 14살짜리 애가 견딜 수 있을리가 없잖아,9,2025-06-12T18:57:21Z
SIg3QY7V3IQ,UgzkKpK3O153JIXucux4AaABAg,@taell0329,에반게리온 진짜 에피소드 하나하나가 암울해서 깜짝 놀랐다가 정신 멍해짐 ㄹㅇ...,11,2025-05-16T10:30:11Z
SIg3QY7V3IQ,Ugw5XFjG68KSKjqzRs54AaABAg,@lp4718,친구가 고2 겨울방학 때 애니 입문작으로 에반게리온 정주행 했다길래 그렇게 재미있나 했는데 장르가 왜 이래;;,300,2025-05-14T10:23:00Z
SIg3QY7V3IQ,Ugwkiu7kVolw6PsvaPF4AaABAg,@토막시체,"90년대말에서 2000년초까지 세기말적 분위기가 강해서
존나  암울한 것들 많이 나왔지ㅣ",6,2025-06-06T04:07:56Z
SIg3QY7V3IQ,Ugzr8yY5XT1aMrCfZod4AaABAg,@choiharlym9723,"작가가 그리다가 정신병걸린 에반게리온
회복하는데 시간 많이 걸렸다 함",395,2025-05-14T10:36:33Z
SIg3QY7V3IQ,UgyOItPg_GC4mfH5Ti94AaABAg,@woonda6188,에반게리온 안봤는데 이거보고 왜 마음의 준비 되기전에 보지 말라는건지 알겠다 와 ㅅㅂ....,2,2026-03-03T13:40:12Z
SIg3QY7V3IQ,Ugwb0Womybqiuiup0yd4AaABAg,@RUROUNI_KENSHIN,"친구를 자기 손으로 터트린게 아니고
친구를 아빠 명령으로 터트림당하는걸 보게 한거죠😂
실제로 친구는 멀쩡히 구조됨 ㅋㅋ",419,2025-05-14T10:26:24Z
rDQgHWYAHEI,Ugwbpbr2ddYIZlcwy3t4AaABAg,@하진짜로,아 약효 떨어졌어? 하면서 나한테 또 빨간약을 처방해준다,3004,2025-10-10T04:38:59Z
rDQgHWYAHEI,UgzyHlC1FNm33PSgU1Z4AaABAg,@지골몬사생팬,유니콘 나라에서 온 사람과 목소리가 상당히 유사하네요...,7092,2025-04-13T00:50:39Z
rDQgHWYAHEI,Ugwe-DSttHVd1K2fXsN4AaABAg,@user-pv9ce1ud9k,저때도 ㅈㄴ귀여웠음ㅋㅋ,5180,2025-04-10T09:29:18Z
rDQgHWYAHEI,Ugwi_PCxXVHcWHaNV7h4AaABAg,@ciserj,중간에 어? 한번씩 섞어주는게 느낌 잘 냈음 ㅋㅋㅋ,1232,2025-04-21T17:51:52Z
rDQgHWYAHEI,UgxLt-eCfIrf4mdPdkx4AaABAg,@gusejr._.02,빨간약을 먹기 싫은데 자꾸 뜨네 ㅋㅋㅋㅋㅋㅋㅋㅋㅋ 좋다,3558,2025-04-18T09:47:55Z
rDQgHWYAHEI,UgyBs_YhslZ5R09fgZB4AaABAg,@hslee3578,진짜 얘가 버튜버환상 다만들어놧어 ㅋㅋ,772,2026-01-03T22:12:15Z
rDQgHWYAHEI,UgwJmYcfVRuQw0iPenl4AaABAg,@SHURE-SE846,버츄얼도 귀엽고 실물도 이쁘고 ㄷ,1590,2025-05-03T05:21:28Z
rDQgHWYAHEI,UgwEMkXylhGm7zqLtht4AaABAg,@shj-1123,"다른 영상에 ""절때 유튜브에 텐미리를 검색하지마...""라고 댓 있길래 못 참고 검색했는데 유니유니야 너 이쁘고 귀여운건 알앗는데 왜 들어오자마자 욕을 박아버리니....",1499,2025-04-19T09:09:41Z
rDQgHWYAHEI,UgxVMg8_kT4CGIvB64h4AaABAg,@뮤빙-l2q,"ㄹㅇ 이게 목소리처럼 생긴사람들이 있는데
그냥 유니 그 자체네",500,2025-05-15T00:55:10Z
rDQgHWYAHEI,UgxAas9ZfBTCmFxJSX54AaABAg,@세상귀찮아요,현생 유뜨브 채널 계정을 까먹어서 아직도 전생 채널과 흔적이 남아있다는 풍문이 있다고 한다.,1047,2025-04-25T05:11:03Z
rDQgHWYAHEI,UgwXz26EawFk4TurwpN4AaABAg,@9944Kal,"저 얼굴로

싸장님 하고 앵기면 감자도 자동으로 메쉬드 포테땅 되지 당연ㅋㅋ",120,2025-07-27T03:11:53Z
rDQgHWYAHEI,UgxQ6vEUP6AMSms49b54AaABAg,@gyutaekim536,나 근데 트위치 매일 켜고봤는데 저런 스트리머의 존재도 몰랐을까. 이렇게 귀여운 일본인 스머 알았으면 바로 팔로우 했을텐데,964,2025-04-12T12:56:35Z
rDQgHWYAHEI,UgwHH9H-v2gi49aMfMl4AaABAg,@unknown_k0,니 얼구르에서 바로 알아보겠다 ㅋㅋㅋㅋㅋㅋㅋㅋㅋㅋㅋㅋㅋㅋㅋㅋㅋㅋㅋ,383,2025-04-14T07:46:43Z
rDQgHWYAHEI,Ugz2wGcJhC4hFQi1uDZ4AaABAg,@엄마나유튜브나왔어,"다같이 말 해볼까요? ""하씨 누구지""",958,2025-04-23T13:22:17Z
rDQgHWYAHEI,Ugw5zj8N5zdxkB3CSKl4AaABAg,@딥다-u6f,유니유니야 여전히 초심그대로구나ㅋㅋㅋㅋ행복하다,37,2025-09-03T09:00:41Z
rDQgHWYAHEI,UgzA01_ZNAyfCBiiA594AaABAg,@maple4801,와 빨간약도 되게 예쁘시다. 파란약하고 뭔가 묘하게 닮은 거 같기도 ㅋㅋㅋㅋ,57,2025-05-08T08:50:27Z
rDQgHWYAHEI,UgwoLjJjx_deT0w6dqN4AaABAg,@ize1019,"알고싶지 않았는데ㅋㅠㅠ 강제 빨간약 도랏네
유니는 유니콘으로 내 맘속에 이미 박혔다",47,2025-05-17T05:34:52Z
rDQgHWYAHEI,UgwOQyGkohnZ5Aqv3BJ4AaABAg,@갤럭시넷,유니유니야,0,2026-07-10T00:18:22Z
rDQgHWYAHEI,UgwhMJ79dyNmFoojZq14AaABAg,@blackbblack-i6h,이건 뭐 주기적으로 알고리즘의 간택을 받냐,31,2025-10-08T15:40:10Z
rDQgHWYAHEI,Ugx5xmuFqA-SKdN3g1R4AaABAg,@RB26DETT-n1z,얼굴을 인증함으로써 믿고볼수있는 버튜버 1위,21,2025-06-20T18:08:16Z
rDQgHWYAHEI,Ugz_t0BYJktNBWeDu2Z4AaABAg,@고래고뤠-y5z,니 얼구르가 유서 깊었구나..?,79,2025-09-04T09:50:54Z
rDQgHWYAHEI,UgyilTHCORVnJBDnh7V4AaABAg,@청솔마루akfh0111,근데 은근 다르다 이때가 더 차분해보이고 어른스러워보임,474,2025-04-25T21:54:04Z
rDQgHWYAHEI,UgxuR5_MG27TPtprwMh4AaABAg,@mine695,바로 텐련아 박아버리네 ㅋㅋㅋㅋㅋㅋㅋㅋ,251,2025-04-14T06:37:28Z
rDQgHWYAHEI,Ugxw26vkTcgP0jnzLB54AaABAg,@limit11-ps,요새 왜 내 알고리즘에 뜨냐 ㅋㅋㅋㅋ,110,2025-04-10T11:01:17Z
rDQgHWYAHEI,Ugw0svftYHOC6hnsh0d4AaABAg,@vOrangePie,니 얼구르는 진짜 유서깊은 단어였구나 ㅋㅋ,9,2025-12-27T05:03:40Z
rDQgHWYAHEI,UgwzS-bM3zBX71_VavB4AaABAg,@배유진3982,그냥ㅋㅋ 버츄얼이 현실 얼굴이잖아ㅋㅋㅋㅋ 똑같이 귀엽잔하,82,2025-06-01T14:15:15Z
rDQgHWYAHEI,Ugyi4wLH89bLaDdF1sh4AaABAg,@0Valack0,아니 이게 갑자기 알고리즘으로 나오네 ㅋㅋㅋㅋ 따로 안 찾고 이렇게 나오는건 처음인데... 갑자기 왜 ㄷㄷ,8,2025-10-27T17:13:13Z
rDQgHWYAHEI,UgykdsDhtcFYXTanxxt4AaABAg,@유카리-o9u,다른건 몰라도 단어선택은 한결같네ㅋㅋㅋㅋㅋ,10,2025-07-12T18:24:05Z
rDQgHWYAHEI,Ugwk1X-Diop2MNO2Of54AaABAg,@yanghwan7141,그러니까 이제 이 사람은 없고 유니콘으로 환생하신거죠?,11,2025-07-01T00:28:42Z
rDQgHWYAHEI,UgzUmRdYW3rrQoCT4iF4AaABAg,@Yes_라키,이런 게 돌아다니니까 유니님은 리제콘에 못 가지..,2,2026-06-09T05:53:23Z
SGolR7GZQkI,UgyrSKEX3odwRlYDrjh4AaABAg,@나롱이네,"애니이름 : 향기로운 꽃은 늠름하게 핀다
애니 보는 곳 : https://www.netflix.com/title/82024665

*해당 리뷰 영상은 1~4화를 포함하고 있습니다",307,2025-08-04T11:17:30Z
SGolR7GZQkI,UgxTWGZC0v2P9zXxnJF4AaABAg,@ameliajohnson5848,이거이거.. 진짜 무섭게 생긴게 뭔지 작가한테 보여줘야 하나...,2238,2025-08-06T04:31:40Z
SGolR7GZQkI,UgyHn43cV_ccbikG4qp4AaABAg,@꼬나-x3t,16:17 머리 내려 샤갈!,237,2025-08-20T12:16:48Z
SGolR7GZQkI,UgxUsPxNBYRek6bniFx4AaABAg,@사아-f2p,11:01  다시봐도 레전드 장면이긴하네,33,2026-04-17T20:24:46Z
SGolR7GZQkI,Ugz-rP-UpHvybpbC0A54AaABAg,@Ahwjwue,10:59 여기 너무 예쁨...,17,2026-02-24T20:27:06Z
SGolR7GZQkI,UgxDv8sz0PU_9P1uCRd4AaABAg,@닥터유-c2x9z,17:39 진짜 명장면이다 얼음컵 연애씬,9,2026-01-02T09:33:45Z
SGolR7GZQkI,UgyCLQDCFQHLJk9UOq14AaABAg,@도프0812,21:00 마지막 너무 진심 아니에요?물론 그 말에 적극적으로 동의 합니다.(진지),80,2025-08-08T12:50:03Z
SGolR7GZQkI,UgzMk0pCT-N-sHY9-Sp4AaABAg,@솜뭉치s,"만화 보고있다가 애니화 결정소식 뜬거보고 오열해버린 작품..
소리지르다가 엄마에게 ""지랄 염병을 하네"" 라는 말도 덤으로 들었던....",951,2025-08-04T11:21:11Z
SGolR7GZQkI,Ugwoz54K3Egcxe68bP54AaABAg,@뭡샺쯰줻,와구리 최근 본 여주중에서 제일 사랑스럽게 느껴지는 캐릭입니다 작화팀 돈 두배로 받아야해요,179,2025-08-04T12:06:54Z
SGolR7GZQkI,UgxRJU37DlysPcjcldh4AaABAg,@GmegiS2,단 걸 많이 먹어 당뇨로 죽어버리는 여주 vs 이딴걸 봐서 락스먹고 죽어버리는 나,273,2025-08-06T04:49:03Z
SGolR7GZQkI,Ugyibq6wHbnJ2m620xB4AaABAg,@하라카-Kylos,10:40 개인적으로 좋아하는 부분,24,2025-09-17T11:31:53Z
SGolR7GZQkI,Ugw7JZmEtL_BUwRekS54AaABAg,@윤쏘-e4p,16:13  잘생겼네,181,2025-08-16T20:59:46Z
SGolR7GZQkI,UgyVPs2ZskYNuH6E8wl4AaABAg,@neo-55555,세상 가장 건강한 청춘물이라고 단언할 수 있다 내가 이 작품으로 얼마나 큰 위로를 얻었는지..,13,2025-08-06T01:59:25Z
SGolR7GZQkI,Ugx-HmvSIZaaJxClJCd4AaABAg,@fevade123,자극적인거 보다 이거보면 ㄹㅇ 힐링됌,25,2025-12-30T08:17:15Z
SGolR7GZQkI,UgyyfyXAiRZgxPS6ZNB4AaABAg,@iroiro__,"항상 느끼는건데 역대급 로맨스 애니들은 다 여주가 참 잘먹는 귀여운 먹보임ㅋㅋㅋㅋ
이 애니도 그렇고 비스크돌, 패배히로인, 내마위 등등ㅋㅋㅋㅋ 되게 재밌는 패턴임",281,2025-08-05T16:34:27Z
SGolR7GZQkI,UgwY_P3HkqVHpYMk7HF4AaABAg,@츠키-mon,아 진짜 진격거 블루록 보다가 이거 보니까 진짜 심장 바쳐졌던 연애세포가 심장 다시 쌔벼와서 다시 살아나는 느낌임,55,2025-08-19T15:06:59Z
SGolR7GZQkI,UgxhOwGt631ruWzGxqF4AaABAg,@ミヨ-i,2:25 미치도록 귀엽네요..!,363,2025-08-04T14:05:26Z
SGolR7GZQkI,Ugzq3kXFmdJCpPDxJl54AaABAg,@나메코-h8g,너에게 닿기를 이을 작품이라고 자신합니다 너닿이 내가 10대일때 나왔던 작품인데 이제 뭘봐도 그저그런 30대가 봐도 풋풋하고 설레고 달달하면 말 다했지..,26,2026-01-14T15:41:49Z
SGolR7GZQkI,UgxfdlKQXMKf334ZY0B4AaABAg,@Jane_doe-o216,만화로도 개명작입니다....우정에 연애에..! 근데 확실히 아직은 연애보다는 우정에 관한 이야기가 비중이 더 많습니다 그럼에도 재밌어요!!!!!,46,2025-08-05T03:14:29Z
SGolR7GZQkI,UgzrfxzYYn_p64CNR2Z4AaABAg,@문이,진짜 보면서 락스 마려운 애니는 이게 처음이었음 올해 최고의 로맨스 애니,11,2025-10-31T18:56:23Z
SGolR7GZQkI,UgypeS2hPmFmRR2qXuF4AaABAg,@도현0610,이거 이번에 몰아봤는데 너무 재밌었음... 로맨스물 오랜만에 봤는데 일대일 직진순애물 좋아하면 꼭 보세요 와구리 너무 귀여워,4,2026-02-04T01:46:22Z
SGolR7GZQkI,UgwPI6b-l8SZ7oz_-_54AaABAg,@눈덩이-e6s,와구리 ㅈㄴ 귀여우면 개추,260,2025-08-04T12:01:13Z
SGolR7GZQkI,UgxdpVqlTUT4-JLt1NV4AaABAg,@HWK91,꼴통학교랑 명문학교가 서로 붙어있다? 다른게 아니라 이게 진짜 이세계 판타지지,9,2025-11-10T20:28:40Z
SGolR7GZQkI,UgyVy056ELUNMBtzNLh4AaABAg,@오미경-x3s,"보기전: 시키모리 팬이자 레제편 보고 온 사람으로서 이게 과연 어떻게 그둘을 밀어낼정도로 지리는 건지.....
본후: 흐어어어유ㅠㅠㅠㅠㅠㅠㅠㅠㅠㅠ 겁나 착해 ㅠㅠㅠㅠㅠ 너무 달달해",5,2025-10-26T16:47:19Z
SGolR7GZQkI,Ugynrxzf2M6BYTa4fyp4AaABAg,@이진우-f6u3w,"만화보다가 눈물 쏟아지더라구요😂😂
저런 따뜻한 말을 들어본지가 언제인가 싶은",8,2025-08-15T15:24:19Z
SGolR7GZQkI,Ugyq1NpT5uX7uMK6-ZN4AaABAg,@루스가이,이 작품 나롱이님이 왜 안올리시나 했는데 역시 퀄리티가 다르네요....ㅋㅋㅋㅋ,19,2025-08-04T11:27:34Z
SGolR7GZQkI,Ugydur8cSC-RF2fnuQV4AaABAg,@Snow_Flower-s3d,17:07 표정 졸귀탱ㄹㅇ,280,2025-08-04T22:01:08Z
SGolR7GZQkI,Ugzyj_BE6PTwgGucikZ4AaABAg,@lazy-turtle,아따 몇일 전에 박은 임플란트가 썩어부렸소이,47,2025-08-09T00:12:39Z
SGolR7GZQkI,UgyJ1jZCp2j7nTTrAJJ4AaABAg,@삼차-18293,"와.. 원래 로맨스 이런거 안보는데 
뭐가 이리 달달하냐",7,2025-08-19T11:24:50Z
SGolR7GZQkI,Ugyqmf_QufO7NKXUOx94AaABAg,@Jh-ed6nr,그림체 진짜 이쁘다..여주 너무 귀엽고 남주 걍 개잘생겼고 남주 친구들도 다 잘생겨서 눈이 즐거움ㅜ만화로 꼭 봐야겠어요!ㅜㅜ,55,2025-11-03T14:20:12Z
kVLyU1Iw_mw,Ugx-B48bMnpEkD_1eDt4AaABAg,@Ricky0714,와 진짜 이건 ㅈㄴ 뻔뻔하다,5046,2024-07-15T12:18:25Z
kVLyU1Iw_mw,UgzUPjDnv4Ye0yKaQil4AaABAg,@judejude1114,저정도 퍼포먼스는 1군중에서도 탑급이 폼 고점일때 나올까 말까한 정도임ㅋㅋ,3532,2024-07-16T19:13:45Z
kVLyU1Iw_mw,Ugz8JMQSIa_hU_hms414AaABAg,@LOYOON0715,중간에 check her pc 하던 사람은 예언 지리네 ㅋㅋㅋㅋ,3468,2024-07-15T23:59:11Z
kVLyU1Iw_mw,UgwLYOlJYc_Edq5-7pR4AaABAg,@pado9793,두번째랑 세번째는 1군 프로선수가 접신했을 때 공방에서 개인방송하면서 어쩌다가 나올만한 레전드 명장면이라고 볼순 있어도 첫번째 반속이랑 한발 끌어치기는 진짜 말이 안되네 ㅋㅋㅋ,1272,2024-07-18T15:30:35Z
kVLyU1Iw_mw,Ugycn9DPpGdShX2z-pZ4AaABAg,@Bvkfgop-1we938,"프로 1군엔 저런 샷이 있지만, 저딴 무빙으로 저런 샷을 쏘는 프로는 없다",1237,2024-07-17T14:27:39Z
kVLyU1Iw_mw,UgzZDnAx0WuO9mzpu6l4AaABAg,@Juew-v9v,ㅁㅊ 핵에다가 사진도용ㅋㅋㅋㅋㅋㅋㅋ 간이 배밖으로 나왔나,1064,2025-02-11T05:47:04Z
kVLyU1Iw_mw,UgwmkZnnIF9KCNzLHEJ4AaABAg,@CRoWn0711,마지막 클립은 에임이 일자로 가네 ㅋㅋㅋ,193,2024-07-17T07:15:32Z
kVLyU1Iw_mw,Ugwe_GiB54bAWc6X9I14AaABAg,@이승권과맷돌_희망편,무서운점은 저런샷을 쏠수있는사람들이 프로1군중엔 있다는점...,923,2024-07-17T00:58:21Z
kVLyU1Iw_mw,Ugw7Riwdo4N_zoOxfPR4AaABAg,@finekw,얼굴도 본인이 아니고 실력도 본인이 아니고 대단하네..,148,2025-04-04T09:29:49Z
kVLyU1Iw_mw,UgwZMeD9HomjLmhKLqt4AaABAg,@Frog9u,그저 ㄹㅈㄷ였던..😂😂❤,338,2024-07-15T11:18:39Z
kVLyU1Iw_mw,UgyA5lJedxXIyRYSXVJ4AaABAg,@사람-k1x9f,브리즈 마지막 부분은 너무 대놓고인데ㅋㅋ,87,2024-07-15T13:06:25Z
kVLyU1Iw_mw,UgzRPBm3aZjYrOcJLwF4AaABAg,@최우식b,프로게이머인데 사진도용이라니 ㅋㅋㅋㅋㅋㅋㅋㅋㅋㅋㅋㅋㅋ,16,2025-04-07T23:26:16Z
kVLyU1Iw_mw,UgxRA535ysQGOcZzFcx4AaABAg,@주수리-k1,해당 얼굴은 AI 사진이고 저것조차 퍼온 사진임,33,2025-04-08T05:42:01Z
kVLyU1Iw_mw,Ugx-aAfbwyH-IUPfbXF4AaABAg,@제네시스-c2p,"온라인 경기라서 검수 제대로 안한 주최측도 문제있다 ㅋㅋ
malibu는 프로 경기 전에도 하드웨어 정지까지 당할 정도로 핵쟁이로 유명한 애였음
프로필 사진은 AI 이미지로 만든 거였고 선수는 여자가 아니라 남자임(젠더 아님)",56,2025-04-12T15:31:45Z
kVLyU1Iw_mw,UgypzuQiyrL1WYV2alZ4AaABAg,@헤헤헤헤헤헷-c6d,마지막 각 쪼개기 안하는거 봐 근데 핵은 esp랑 에임핵 같이 쓴 듯,50,2024-07-18T10:09:11Z
kVLyU1Iw_mw,Ugy0yQtR62G3f2uaqK94AaABAg,@유석진-u5z,라이엇의 대처가 실망 스럽네 저런애는 벌금 까지 내게 해야지,4,2025-04-13T01:09:59Z
kVLyU1Iw_mw,Ugz0_CK5oZlpYLgAVO94AaABAg,@Hyun-zo1ww,비정상적으로 헤드라인이 고정적임 ㅋㅋㅋ ㅋ흔들리지가 않음 ㅈㄴ 저감도면 가능한데 저감도로 저렇게 서칭하는건 불가능,25,2025-04-02T08:27:32Z
kVLyU1Iw_mw,UgzN9Z3pn1TH-g1L9MF4AaABAg,@JUNGWls,사진도용까지ㅋㅋㅋㅋ 저여성분 어쭐래미,5,2025-04-09T16:41:24Z
kVLyU1Iw_mw,Ugyr8GCVbBM5SGUx7Ut4AaABAg,@A2Z-k9w,핵 사용 보다 사진 도용이 더 짜친다ㅋㅋㅋ,3,2025-04-12T11:33:40Z
kVLyU1Iw_mw,Ugx9CbsNXDbEDfiQfNR4AaABAg,@헤헿-o2g,트젠이라고 구라치다가 결국 남자인거 들킨 말리부? 예전에 본건데 이게 또 뜨네,4,2025-04-12T15:19:46Z
kVLyU1Iw_mw,UgwsUbcz8aZimI2BNnF4AaABAg,@Mesyah0801,"답글들 보면 중간에 ""Check her PC""가 ""Check RPC"", ""Check her physics""등등 이렇게 들린다는데 그 답글들 보고 다시보면 그렇게 들림",2,2025-04-26T12:20:17Z
kVLyU1Iw_mw,Ugz2Ji-4tZUdj5B0kq54AaABAg,@Amethyst-593d82,마지막 브리즈는 대놓고 쓰긴했네,5,2024-07-17T08:41:02Z
kVLyU1Iw_mw,UgzkQNmZw2gEo9CsUGp4AaABAg,@솧솧솧-m9u,프로리그에서 핵은 과학이다,1,2026-04-29T08:40:19Z
kVLyU1Iw_mw,Ugy4M3r27DbyEXv3ywd4AaABAg,@고양이별로간야옹이,카스대회보면 저런샷발 나오긴 한데 초탄 흘러버리고 박히는 첫타마다 헤드면 ㅋㅋㅋ,0,2026-01-10T23:34:21Z
kVLyU1Iw_mw,UgyYoRqp3OyyVUwndUx4AaABAg,@온새라,"핵이면 에임이 따라가야 돼는데 에임이 딴데 가있다가 끌어치기하는건데 진짜 그냥 잘하는 사람 아닌가?
.😅",1,2025-06-08T10:56:21Z
kVLyU1Iw_mw,Ugy7u4fFOdRQRndMUCd4AaABAg,@hhhhhh-p2c4g,하나부터 열까지 본인께 하나도없네 ㅋㅋ,2,2025-08-04T23:18:46Z
kVLyU1Iw_mw,UgxNMLlqVpUemzQwxSZ4AaABAg,@시크한시루,실딱이 수준인 나는 프로랑 핵이랑 똑같이 잘해서 구분이 안 감,100,2024-07-15T12:24:55Z
kVLyU1Iw_mw,UgwBJCQKYYReDON_dMV4AaABAg,@김춘자씨-1234,진짜 정교하다 ㄷㄷ,1,2024-07-17T06:10:55Z
kVLyU1Iw_mw,UgxRpiIOQ47kW1PyF2B4AaABAg,@sena10_016,저정도면 에임연습으로 되는부분도 있을것같은데.. 무빙이나 판단에서 프로인지 아닌지로 갈리는거라,0,2025-10-24T10:08:52Z
kVLyU1Iw_mw,UgyLahrnvRKIIFWJDRR4AaABAg,@자신있는볼링,와 핵 진짜 짜증 나는데,2,2025-04-05T14:41:14Z
OR8KdHfUuLE,Ugx85S52kF9c21_oG014AaABAg,@희정64,재밌죠,1,2025-11-26T21:24:29Z
sAZobJYL0EY,UgwxDsCkgvAH2vA32PZ4AaABAg,@경신송,앤이 돌아왔다🎉,0,2025-11-15T10:07:06Z
sAZobJYL0EY,Ugy9V1Q7HnngZUJY2PF4AaABAg,@희정64,저는 문길배우님 팬이에용,0,2025-11-30T05:33:38Z
DdEEFuZ9GwQ,Ugy6zoTdSvUS6KDVbuN4AaABAg,@희정64,너무멋져요 ㅎㅎ,1,2025-11-27T08:30:21Z
DdEEFuZ9GwQ,Ugzx2Mna5sM8qC39NBF4AaABAg,@희정64,저는 매슈팬이에요 문길매슈팬,1,2025-11-26T21:18:51Z
NfI8Rjnpofc,UgxKdKQPLVlM_0jsZUp4AaABAg,@하늘등대-p9h,"난 50대 아저씨... ISTJ 여서 공감 없는 부산 아저씨... 그러나 유일하게 3번본 뮤지컬... 처음엔 집사람에게 끌려가고... 그 후엔  앤공연이 있을때면 서울 올라가지... ""앤"" 볼때마다 새로운 감동을 느끼는건... 정말 감사한 일이야~~",6,2026-01-21T02:01:07Z
NfI8Rjnpofc,Ugz_h-izxysFpEMv5jh4AaABAg,@broken21c,너무 잘하신다😂❤❤❤,0,2026-05-13T12:06:27Z
NfI8Rjnpofc,Ugyfh4_dXIXigvgqRMp4AaABAg,@JIN-hf8vg,"너무너무너무 귀여워요 뇨니배우,,,💕흑흑 ㅠㅠㅠㅠ 보고나서 계속 머리에 맴돈 넘버였는데 영상 올려주셔서 감사합니다......👍",2,2026-02-03T19:07:23Z
NfI8Rjnpofc,UgyAqD8_sEmWkFx7lyx4AaABAg,@nemurinyumemi2270,뇨니앤 ㄱㅇㅇ,0,2026-01-04T10:24:43Z
wf3x6pGr9BI,Ugz_PWmhwqSvFXKprd94AaABAg,@misoonpark-k1z,얼마나 소리크게 빵! 하면 객석까지 들리는 거쥐? 배우님 사랑해요 ❤,120,2025-02-21T23:01:58Z
wf3x6pGr9BI,UgzGbqddoTNVe9mULpl4AaABAg,@namu0901,냅다 누워서 뻠삥(?)하는거 너무 웃겨요...ㅋㅋㅋㅋㅋㅋㅋㅋ꙼̈ 진짜ㅋㅋㅋㅋㅋㅋㅋㅋㅋㅋㅋㅋ꙼̈ 이 케미 어쩔ㅜㅠㅠㅠ̑̈,156,2025-01-18T17:26:59Z
wf3x6pGr9BI,Ugx9M3kHyY8Q03DED1V4AaABAg,@Ooooliver528,귀엽팁이,40,2025-01-18T15:06:20Z
wf3x6pGr9BI,Ugx-icQm84W3EGv092Z4AaABAg,@honeyhoneykim7869,광주 공연 꼭 왔으면 좋겠어요ㅠ,6,2025-03-31T03:22:37Z
wf3x6pGr9BI,Ugwd1xY7DcmMVM4f4Sp4AaABAg,@장서영-y2p,그렇게 누우시면 2층에서 안 보여요 ㅠㅠㅠㅠㅠㅠㅠㅠㅠㅠ,9,2025-02-19T11:46:27Z
wf3x6pGr9BI,Ugx0Nr8YvogDwP0ynrN4AaABAg,@오늘도꿈틀꿈틀,보고싶은데 비싸다해서😢,6,2025-01-29T00:10:48Z
wf3x6pGr9BI,UgxuHs8chd5kENTPp9l4AaABAg,@박대현-j7s,민경아 이쁘다,8,2025-01-29T19:46:37Z
wf3x6pGr9BI,Ugysi25I79zTkagn-Nl4AaABAg,@6stylers,영상시작부에 저기 뒤에 있는 여성분 성함 아시는분 ㅠㅠ너무 감명깊게봐서... 궁금해요!,2,2025-02-14T07:24:18Z
wf3x6pGr9BI,UgxYQY3v3QIJoGktPmN4AaABAg,@정현-n4m,짜증낸 사람 누구니...그 분인가요?,4,2025-03-16T13:49:32Z
wf3x6pGr9BI,Ugwu8bctG7aGlPo7MiV4AaABAg,@금강이조은,배꼽춤도  같이,1,2025-04-11T08:55:50Z
6YLFQ7nvfCs,UgyI3Xp-tS1k2z-_ird4AaABAg,@희정64,재밌죠?,0,2025-11-26T21:23:41Z
wR1ins7BjD8,UgyBALw4LsPVgqWjBVN4AaABAg,@nemurinyumemi2270,뇨니 앤은 ㄹㅇ 전설이다.,0,2026-01-07T14:01:53Z
dE9F4J-lrIU,Ugz1iCyiW1thnTSi0vR4AaABAg,@justbewhoyouwannabe,혜공어워즈 축공보고 다시 오지 않을 수 없었다,29,2026-03-30T21:53:03Z
dE9F4J-lrIU,UgxYjda-IjkOzV11c1x4AaABAg,@곽짱돌,새해 첫곡은 이 곡으로 하겠어요🥲🩵🩵,15,2023-12-31T14:53:14Z
dE9F4J-lrIU,Ugx7piLPq0wUd6RUBVN4AaABAg,@시크릿지우지우-b6w,"맞아요 저 길 모퉁이를 돌면 
또 다른 슬픔이 있을 거라고 
상상했었죠 그래서 두려웠었죠
하지만 이제 알아요
살아가려면 저 길 모퉁이
언젠가 만나게 돼있죠
피할 수 없어요
저 길 모퉁이를 돌면

저 길 모퉁이를 돌면
분명 좋은 일이 펼쳐질 거라고
이제 난 믿어요
용기를 내어봐요
저 길 모퉁이 돌아요
당신과 함께 나란히 손잡고
빛나는 내일을 향해서
반짝이는 우리들의 미래를 향해서",55,2023-08-04T05:03:34Z
dE9F4J-lrIU,UgzM_CJNvkGjuTAhiil4AaABAg,@lovealter4246,박슬기 앤 저길모퉁이 진짜 다시보고싶었는데 ㅠㅠ 커튼콜 박제 너무 감사합니다 ㅠㅠㅠㅠㅠㅠ 자주 보러 올게요 🥹🥹🥹🥹 다시봐도 눈물나요 ㅠㅠㅠㅠㅠㅠㅠㅠㅠ,48,2023-03-09T16:03:45Z
dE9F4J-lrIU,UgzPcUVbzGR0j0EVsO94AaABAg,@몽살구,"1:08
맞아요 처음에 난 환영받지 못한 아이
초록 지붕 집엔 남자 아이가 필요했죠
나를 환영해준 건 하얀 길과 호수
그리고 매슈 아저씨의 온화한 미소 뿐
하지만 지금은 에이번리 모두가 나를 기다려
마릴라 아줌마의 함박 웃음도 날 기다리고 있어
맞아요 저 길모퉁이를 돌면
또 다른 슬픔이 있을거라고
상상했었죠 그래서 두려웠었죠
하지만 이제 알아요 살아가려면 저 길모퉁이
언젠가 만나게 돼 있죠 피할 수 없어요
저 길모퉁이를 돌면
저 길모퉁이를 돌면
분명 좋은 일이 펼쳐질 거라고
이제 난 믿어요 용기를 내어봐요
저 길모퉁일 돌아요
당신과 나란히 손잡고
빛나는 내일을 향해서
우리들의 미래를 향해서",69,2024-03-11T14:01:00Z
dE9F4J-lrIU,Ugzi9fHpSehAQajKa1t4AaABAg,@hwiriric.,너무 좋네요 최고...,9,2024-01-02T15:05:25Z
dE9F4J-lrIU,UgzaRtVj6ImKLExwhQ54AaABAg,@창시뮤컴퍼니,와..미쳤다..,6,2024-01-14T11:24:14Z
dE9F4J-lrIU,UgyWL764B4_NPtxMm0Z4AaABAg,@CosMos1224..,"진짜 넘 잘한다 ㅜㅜ
박슬기배우님의앤 넘 감명깊게 관람했네요 ~~^^♥️♥️♥️",18,2023-03-12T09:48:23Z
dE9F4J-lrIU,UgxcUyJGoliqzf15V5J4AaABAg,@uii.r2,"2:21
맞아요 저 길 모퉁이를 돌면 또 다른 슬픔이 있을 거라고 상상했었죠 그래서 두려웠었죠 하지만 이제 알아요
살아가려면 저 길 모퉁이 언젠가 만나게 돼있죠 피할 수 없어요
저 길 모퉁이를 돌면
저 길 모퉁이를 돌면 분명 좋은 일이 펼쳐질 거라고 이제 난 믿어요
용기를 내어봐요
저 길 모퉁이 돌아요
당신과 함께 나란히 손잡고 빛나는 내일을 향해서 반짝이는 우리들의 미래를 향해서",11,2025-06-25T10:46:11Z
dE9F4J-lrIU,UgxE8cxrVTZpU0mP_-94AaABAg,@희정64,정말 잘하신다,16,2023-03-02T09:53:21Z
dE9F4J-lrIU,Ugz2fmfirVJUaxWO5B14AaABAg,@김지은-o5b7d,2:22,11,2023-05-25T10:22:56Z
dE9F4J-lrIU,UgyL6yjP-7TCxdT1KQp4AaABAg,@210kcal,"세상엔 누군가를 멸시하려는 사람이 있습니다만 
난 멸시 받으려 태어나지 않았습니다.
세상엔 빛나는 보석이 많고 많지만 
난 이 진주 목걸이 속에서도 빛을 찾을 수 있습니다. 
이 안에는 누군가의 내정과 진심이 가득 담겨 있으니까요
​
맞아요, 처음에 난 환영 받지 못한 아이
​
초록 지붕 집엔 남자 아이가 필요했죠
​
나를 환영해 준 건 하얀 길과 호수
​
그리고 매슈 아저시의 온화한 미소 뿐
​
하지만 지금은 에이번리 모두가 나를 기다려
​
마릴라 아줌마의 함박 웃음도 날 기다리고 있어
​
기쁨의 하얀길
처음 그 끝에 도착했을 땐 평생 잊지 못할 거예요
환영받지 못하던 아이 신세는 그때가 마지막이었으니까요
이제는 길이 끝난다 해서 두렵지 않습니다
난 믿을 겁니다
저 모퉁이를 돌면 분명 좋은 일이 있을 거라고요.
분명, 새로운 세계가 펼쳐질 거라고요
​
맞아요 저기 모퉁이를 돌면 
​
또 다른 슬픔이 있을 거라고
​
상상했었죠. 그래서 두려웠었죠.
​
하지만 이젠 알아요.
​
살아가려면 저 길 모퉁이
​
언젠가 만나게 돼 있죠
​
피할 수 없어요.
​
저 길 모퉁이를 돌면
​
저 길 모퉁이를 돌면 
​
분명 좋은 일이 펼쳐질 거라고
​
이제 난 믿어요 용기를 내어봐요
​
저 길 모퉁일 돌아요
​
당신과 함께 나란히 손 잡고 
​
빛나는 내일을 향해서 
​
반짝이는 우리들의 미래를 향해서",13,2026-01-08T07:07:57Z
dE9F4J-lrIU,UgweM5ZasB5Nprb9wKd4AaABAg,@이름업슴-z4y,눈물난다,0,2026-01-23T13:32:20Z
dE9F4J-lrIU,UgykqLDAweLhhLa7Sg54AaABAg,@radi___cally,영상 감사합니다🙌,5,2023-03-02T03:30:01Z
dE9F4J-lrIU,UgwXEVQam6fITtuT81N4AaABAg,@이종락-k9b,잘한다 ❤,2,2024-10-31T14:08:08Z
dE9F4J-lrIU,Ugz-UB9mLG5eRuttEXN4AaABAg,@blueif_lam,뮤지컬 앤 보고 와서 꽂혀서 영상 찾다가 박이안배우님의 박선우배우님 시절을 이렇게 보고 가네요 ^^,0,2025-12-10T15:47:12Z
dE9F4J-lrIU,UgxJYLvRhV2J3GmAi4V4AaABAg,@김소연-h4x6g,최공~!!,2,2023-06-24T15:03:57Z
dE9F4J-lrIU,UgwDp4fIw1oTNpFfZkp4AaABAg,@안예담-k2p,1:43,0,2026-03-14T08:32:37Z
dE9F4J-lrIU,UgygdBnp1g8TwMzhnBd4AaABAg,@bxxbytrap,3:00,2,2024-07-17T05:37:21Z
dE9F4J-lrIU,UgzoxxdBU7PKJktRwGF4AaABAg,@sssseeeuuunnn,박선우배우님 최고,2,2023-12-16T01:13:09Z
dE9F4J-lrIU,Ugwh4J2pD7KX2OKpRkN4AaABAg,@조유진-s6u4x,1:07,1,2024-02-20T08:40:35Z
dE9F4J-lrIU,UgwJfdruCMiXL7jpVLV4AaABAg,@drasan7995,0:41,1,2024-09-11T12:21:22Z
dE9F4J-lrIU,UgwLMHS91nY8Z1j8ZPt4AaABAg,@miyeonkwon3848,혹시 뮤지컬 난쟁이들에서 인어공주로 나오신분이 이분 맞나요?,8,2024-08-17T18:49:40Z
dE9F4J-lrIU,Ugx49j16_6juVXiYwX94AaABAg,@고결-h6x,"잘한다,,,, 승헌쓰 닮음",5,2024-10-17T05:54:42Z
dE9F4J-lrIU,UgyTxE1lFf6SvPeyqEd4AaABAg,@희정64,앤3아니에요?,8,2023-03-02T10:36:32Z
dE9F4J-lrIU,UgyoQ-1Rs0HbsmWpr3d4AaABAg,@조용진2,2:20,2,2024-03-17T13:38:19Z
dE9F4J-lrIU,UgyGJCiMG_uAZrmdJpJ4AaABAg,@냠냠snksksksksss,1:09,1,2024-04-19T12:58:48Z
dE9F4J-lrIU,UgzS_9ieDHw4t0KP9dt4AaABAg,@이지민-f7u1t,2:09,0,2025-03-20T11:32:57Z
dE9F4J-lrIU,UgyrbpPKrwJgQyljwQ14AaABAg,@화내면안대모쌩겨보여,1:59,0,2026-05-25T15:16:26Z
dE9F4J-lrIU,UgxikJ8p6VVrcDy07qF4AaABAg,@si3vo,2:22,0,2025-01-18T13:25:35Z
shmSEGC976g,UgiARS8B1_hMf3gCoAEC,@kiridakim,구리 현장에서 느꼈던 기쁨과 감동 다시 떠오르네요...얼른 신곡이랑 라이브무대에서 다시 만나길!,4,2016-11-08T04:33:56Z
shmSEGC976g,UgjNC2trWImD2ngCoAEC,@임지훈-n4e,❤❤❤❤❤❤,2,2017-02-11T11:12:54Z
shmSEGC976g,UghRcvdZpuvanngCoAEC,@hivo2030,음질이 왜이리 구려!,0,2016-11-20T16:38:28Z
shmSEGC976g,UgjmllO60XYQdngCoAEC,@봄날-x7u,❤❤❤❤❤❤❤❤❤❤,0,2017-07-02T23:57:02Z
edj-fDO-GH0,Ugzu72RpXGAdwmVb3eJ4AaABAg,@바람소리-o5p,"너컨님들 행복해 보이네요👍
영상감사합니다🙏",2,2021-08-24T12:49:57Z
OGwxdZ_Htvk,UgwD5LIRTI16XWi5_Oh4AaABAg,@이경하-z3z,"처음으로 콘서트관람했네요!
라이브로들으니 넘 황홀했어요~^^
기념일 축하해요",2,2021-08-16T07:07:56Z
OGwxdZ_Htvk,Ugwcg6qmhN2auNoCapJ4AaABAg,@이창현-p6m,"역시 high and dry는 이런 황량한 느낌이 나야하고,
도입부는 통기타여야 한다고 생각해요.
좋은 커버입니다~~^^",1,2023-02-24T12:29:14Z
OGwxdZ_Htvk,UgziCPtJA-27NjQ3zG94AaABAg,@AlexanderUnravel,Great,2,2022-04-28T11:49:29Z
OGwxdZ_Htvk,Ugw6EpNLU4STWD11iUV4AaABAg,@목련-z2f,👍👍👍👍,1,2022-01-28T05:54:49Z
d50EMbGvyus,UgzWpOHatdbNWrOX3RV4AaABAg,@ryeo_ss,자막 사용 설정하시면 가사와 함께 감상 가능합니다☺,2,2022-03-17T06:54:54Z
d50EMbGvyus,UgxNvLyxfzZWNkUGam54AaABAg,@바람소리-o5p,"행복한 너컨 감동한 우리 💓💝
팬들을 바라보는 영주님 눈빛에
사랑이 듬뿍 담겼네요 ..😭
영상공유해주셔서  감사합니다 🙏",2,2021-08-16T00:03:38Z
d50EMbGvyus,UgzWeYIaKU_Erg3E1up4AaABAg,@파래김-l5m,감사합니다 ❣,1,2021-08-16T17:55:11Z
d50EMbGvyus,UgzIdKG_3PzI4_sGHuF4AaABAg,@francescotorcoletti8337,"Bravissimi , I love you many kisses from Vallecchia Italy",0,2022-12-04T15:36:14Z
d50EMbGvyus,UgzEGe7boJMGnBWRxf14AaABAg,@leesoo-7309,"이 노래 불렀다면 너무 잘 어울리겠다는 상상했었는데, 부르셨군요. 영상이 있어서 너무 감사합니다.",0,2022-10-07T12:51:52Z
d50EMbGvyus,Ugzd-FPPqOv9DnPSHO14AaABAg,@윤석-v3z,감삼다 좋아요 눌렀어요,1,2022-01-07T17:10:05Z
d50EMbGvyus,UgyPWwBFAly8GYU_pnp4AaABAg,@윤석-v3z,히익 이걸 했었네,3,2022-01-07T17:08:18Z
6gUuyk1IA3g,UgwypHXR5WIx9Mivfe14AaABAg,@무기명-o4g,"대구 계명아트센터에서 보고옴. 돈값 함. VIP자리 예매했었고 

1. 계명아트센터 음향 문제가 심각했음. 마이크가 몇번이나 늦게 켜졌달까.. 오퍼레이터가 프랑스 현지분들이라 센터와 안맞앗나싶기도.... 
밴드와 오케스트라가 함께 어우러져야해서 그런가? 노래에 비해서 음향이 소박했음 

2. 조금 더 유명한 곡이 더 많았으면하는 아쉬움 들었음. 스타매니아가 30~40분을 잡아먹는 오프닝이라.. (노래는 상당히 좋음ㅋㅋ) 다들 모르는 노래라고 1부 인터미션에서 지루하다는 평가가 많았음 (레미제라블이나 노틀담드파리의 곡목을 좀 늘렸으면 하는... 왜냐? 한국이니까 ㅠ! 사실 난 돈주앙 들으러 간거라 돈주앙 생각지도 못한 최애곡들이 나와서 너무너무 좋았음ㅋㅋㅋㅋㅋ 개인적으로!!!!) 

3. 배우들이 노래하기 힘든 구조의 무대라서 아슬아슬해보였다... 특히 댄스가 가미? 댄스를 같이 보여주고싶어도 무슨 난간에서 노래하는것같은 무대구성...ㅎㄷㄷ

총평 : 프랑스뮤지컬갈라는 뮤지컬팬들 조차도 생소할 수 있기때문에 눈요기를 좀 더 많이 만들거나 설명, 해석 등이 더 필요해보였다 '프랑스'뮤지컬이라는걸 잊지말자....

그리고 유건우 지휘자 존멋..",1,2023-03-22T08:04:51Z
yXBKZVOmuTw,Ugy0k7v9e3WteK8N5cJ4AaABAg,@파래김-l5m,감사합니다,0,2021-10-13T20:05:20Z
fEwSOh8cG9M,UgixcXx3njtIPngCoAEC,@kimsooyean5601,sam~~~~~~~~~,2,2016-11-07T17:57:00Z
7-nZBX96N2o,Ugw5ZU1cv-QFjE59Wah4AaABAg,@곰탱이-f1w,애기 가끔 알고리즘으로 봤는데 귀여운거 맞네 ^^,583,2025-02-11T09:57:44Z
7-nZBX96N2o,UgyfPzzp2R0Dh0LTH1x4AaABAg,@무난한시민,"근데 히밥님 눈웃음이 진짜 이쁘네,,",19,2025-11-08T04:22:41Z
7-nZBX96N2o,UgzE15B7h3QCfSodUEF4AaABAg,@동주-h4z,어.. 할때 너무 귀여워!!!,125,2025-01-27T16:30:11Z
7-nZBX96N2o,UgzKl8w2WTzJv_q4Gdt4AaABAg,@현민희-z1t,와 군침 도내❤,145,2025-01-17T03:07:18Z
7-nZBX96N2o,UgzRZXSh9ECZmHDLLXd4AaABAg,@이새움-y7t,귀여운거인정❤,26,2025-02-25T01:18:17Z
7-nZBX96N2o,UgxSW6HKlcQ0Yb4UVfl4AaABAg,@a_fiake08,근데 쭈니쭈니 ㄹㅇ로 귀엽다 졸라 개 맛있게 먹네?,227,2025-01-18T07:28:17Z
7-nZBX96N2o,UgzKM_YZSham_uf2Nrh4AaABAg,@이현중-z1b,어우 쒯,6,2025-03-30T09:12:15Z
7-nZBX96N2o,Ugx4_TONV0qM96mIE8V4AaABAg,@여우_만두,귀엽넼ㅋㅋㅋ,40,2025-01-14T10:38:51Z
7-nZBX96N2o,UgyA9EXMrQClILz5Rf94AaABAg,@김혜리hey,너무 귀엽고 먹방도 잘하고 👍👍👍👍👍👍👍👍👍👍👍,6,2025-02-24T09:04:50Z
7-nZBX96N2o,UgyF4iBgaUi0k63ynC94AaABAg,@lin_glow,와 개잘먹어,7,2025-02-24T08:50:40Z
7-nZBX96N2o,UgwP2UuMYvrjN6wspyJ4AaABAg,@플레이뿡-k6t,옆에 환서네ㅋㅋㅋㅋㅋㅋㅋ 둘다 너무 귀엽다ㅋㅋㅋㅋㅋㅋ,3,2025-07-29T04:51:08Z
7-nZBX96N2o,UgzRqdgLZG9gZ2MS_qF4AaABAg,@우리_절교해,조환서.? 인가 그 친구가 쭈니한테 잘가~ 하는거 개 귀엽..,4,2025-06-05T14:40:32Z
7-nZBX96N2o,UgxddQDSJk8ezo_OC2p4AaABAg,@이른아침-s2v,아 귀여워,9,2025-01-18T08:17:18Z
7-nZBX96N2o,UgxqiBpqjPP9mqI_sUV4AaABAg,@만두-lucky,쭈니 오빠 오랜만이당 울 사촌 오빠랑 친해서 나랑 같이 놀 때도 많는데..좀 울산이 그립네..부산으로 이사오니까..😊😢,6,2025-02-23T01:08:15Z
7-nZBX96N2o,Ugxb6yeWXhs7f4QmCjZ4AaABAg,@꿺뉋뛗뤭뭺쀎쒩웲쮎췏,얼마나 긴장 했길래 자기 유튜브 이름를 까먹냐 😂😂😂 귀여워요 쭈니님😂😂,3,2025-05-26T08:51:49Z
7-nZBX96N2o,Ugwb0-IcXHWBjcAl2aV4AaABAg,@Austria-empfier,울산 사람 맞아요??ㅎㅎ 기분이 좋네요~,5,2025-02-21T16:52:27Z
7-nZBX96N2o,UgxUmwsHRoplorecyHJ4AaABAg,@롤로-u3l,저 애기분 유튜브 보고 싶었는데 못찾아갖고..먹방 보다가 겨우 찾았네..,2,2025-05-04T09:58:37Z
7-nZBX96N2o,Ugz5JiONyievPBPfA-V4AaABAg,@wkdtlfl87,아닝 근뎅 이거 침이 와,5,2025-01-11T08:59:39Z
7-nZBX96N2o,UgwoF7Mtfdlv6I6pn9F4AaABAg,@myun-w4x,먹방asmr 유튜버 귀엽당. ㅋ,1,2025-04-24T04:18:17Z
7-nZBX96N2o,UgxUCVq05XvT9wfzBuR4AaABAg,@권민경-m1l,참귀엽다😂,1,2025-04-08T18:42:26Z
7-nZBX96N2o,UgxTo9CANPCdiVpkrLF4AaABAg,@76810-q,왜 귀엽노😢😢,1,2025-04-12T09:23:51Z
7-nZBX96N2o,UgzmcQNJKY28wwYGOdN4AaABAg,@KoreanKidsMukbang,저도 같이 먹고싶어요😅,1,2025-03-08T01:56:07Z
7-nZBX96N2o,UgzwT0cl2vclthVqM9x4AaABAg,@전영진-v8x,기여버ㅜ,2,2025-01-14T02:26:01Z
7-nZBX96N2o,Ugw6eM8FQmfZaU9x_-d4AaABAg,@오리소녀-r8v,와! 저도 울산 살아요!❤❤,2,2025-02-17T12:58:35Z
7-nZBX96N2o,Ugw0k3a3T8UWAG9vc7N4AaABAg,@LegoLover.15,쭈니 제2의제리얌이라고 치면나옴ㅋㅋ,3,2025-06-09T12:14:59Z
7-nZBX96N2o,UgzOY_G_uXWXMSbkdnN4AaABAg,@박범원-e5n2e938r,쭈니귀여워,0,2026-05-26T13:56:16Z
7-nZBX96N2o,Ugy8DtkBarVOeOCecTZ4AaABAg,@유콩-o2q,진짜 맛있게 먹는다,9,2025-01-26T03:29:22Z
7-nZBX96N2o,UgxI3uwLuju_HrxHCSZ4AaABAg,@유유은서-i2y,"아, 나도 울산에 사는데❤❤❤",1,2025-03-01T02:04:04Z
7-nZBX96N2o,UgyxM88bsPFQwtR5pT14AaABAg,@sis810925,너무 맛있게먹는다😊❤,0,2026-05-10T12:20:03Z
7-nZBX96N2o,UgxLNM2P2SUQgd7lEgF4AaABAg,@menary-1234-y7o,귀엽당,0,2025-09-17T12:06:14Z
byN1OfaEfvU,UgxMy23w82-tJ-K6vqB4AaABAg,@HoldPlaylist,"ドングリを辿っても着きません
동구리오 타돗테모 츠키마셍
도토리를 따라가도 도착하지 않아요

森の小さなレストラン
모리노 치이사나 레스토랑
숲속의 작은 레스토랑

空っぽのポケットを弄って
카랏포노 포켓토오 마사굿테
텅 빈 주머니를 만지작거리며

忘れた人から辿り着く
와스레타 히토카라 타도리츠쿠
잊어버린 사람으로부터 도착합니다
​
予約は一つもありません
요야쿠와 히토츠모 아리마셍
예약은 하나도 없어요
​
森の小さなレストラン
모리노 치이사나 레스토랑
숲속의 작은 레스토랑

空席だらけのランチ時
쿠우세키다라케노 란치도키
빈자리만 가득한 점심시간
​
小鳥がパタパタ笑ってる
코토리가 파타파타 와랏테루
작은 새들이 파닥파닥 웃고 있어요

真っ赤なペンキのトタン屋根
맛카나 펜키노 토탄 야네
빨간 페인트가 칠해진 양철 지붕

メニューはおすすめ そればかり
메뉴와 오스스메 소레바카리
메뉴는 추천 요리뿐이에요

厨房の方から聞こえてる
츄보오노 호오카라 키코에테루
주방에서 들려오는
​
バイオリン フルート チェロ ビオラ
바이오린 후루토 체로 비오라
바이올린, 플루트, 첼로, 비올라 소리

ようこそようこそ いらっしゃい
요코소 요코소 이랏샤이
어서 오세요, 환영합니다

たらふく食べたらお眠りよ
타라후쿠 타베타라 오네무리요
배부르게 먹었다면 푹 쉬세요

それでは皆さんさようなら
소레데와 미나상 사요나라
그럼 여러분, 안녕히 가세요
​
明日は明日で エトセトラ
아시타와 아시타데 에토세토라
내일은 내일의 일로

右から左へおおわらわ
미기카라 히다리에 오와라와
오른쪽에서 왼쪽으로 바쁘게 돌아가고

手乗りの子熊も踊り出す
테노리노 코구마모 오도리다스
손수레를 탄 아기 곰도 춤을 춰요

カルパッチョ パエリア オードブル
카루팟초 파에리아 오도부루
카르파초, 빠에야, 오르되브르
​
リゾット デザートはありません
리좃토 데자토와 아리마셍
리조또, 디저트는 없어요

お墓の中まで届けましょう
오하카노 나카마데 토도케마쇼
무덤까지 배달해드릴게요

今宵は最後のフルコース
코요이와 사이고노 후루코스
오늘 밤은 마지막 풀 코스랍니다",805,2024-11-02T08:31:29Z
byN1OfaEfvU,UgyMJzb5XMbGwK5bwpl4AaABAg,@user-nc9yb8gu3m,7000원이지만 또 먹고 싶은 말차 쿠키입니다.,1709,2025-12-13T06:38:53Z
byN1OfaEfvU,UgwOrya81RuyWmmz5MR4AaABAg,@kim-myeongho,동구리로 검색하고 들어온 사람,650,2026-01-18T06:45:25Z
byN1OfaEfvU,Ugz4S4WKyGIeAx0xlT14AaABAg,@먹식이의나날,예약이..없겠구나. 예약하고 죽는 사람은 없으니,125,2026-01-04T11:14:18Z
byN1OfaEfvU,Ugw9vwCgkTwfLCaTS7d4AaABAg,@Bexter_109,"누군가는 일본에서 만드는 디저트를,
누군가는 스타 유닛으로 벌이는 서커스를

누군가는 말차가 들어간 모든것을",329,2026-01-03T07:23:55Z
byN1OfaEfvU,UgxUTjOrr7B7fW2mpP94AaABAg,@rrerr166,"또먹고싶은 말차밥입니다.
또먹고싶은 말차스테이크입니다.",339,2026-01-31T03:37:11Z
byN1OfaEfvU,UgzFrwa2-viQZrouiW54AaABAg,@흰버섯-b5g,하나에 7500원이지만 또 먹고 싶은 말차 푸딩입니다,251,2025-11-27T03:55:52Z
byN1OfaEfvU,UgzDwbjOs8XvuVbz5_N4AaABAg,@수비드극혐-v9p,키노피오 버전 듣고난 이후로 난 더 이상 돌아올 수 없는 몸이 돼버렸어..,164,2025-04-26T11:46:32Z
byN1OfaEfvU,Ugx0bPbiTPtwlO4czoh4AaABAg,@양제임스,"쇼츠의 일본 음식은 죄다 이노래 😂
근데 편안함 마음이 든다",81,2025-11-23T07:20:13Z
byN1OfaEfvU,UgwdLb_sRRfKjr4sZcB4AaABAg,@최훈-k7h,25000원이지만 또 먹고 싶은 말차 오므라이스입니다.,123,2025-12-29T08:13:48Z
byN1OfaEfvU,Ugw92j5ykfOhhzPZLX54AaABAg,@박주형-l8q,젠장 또 동구리야..,266,2025-11-02T13:13:05Z
byN1OfaEfvU,UgxXv894W9iSF9s1KiF4AaABAg,@이런디지몬십생키,"무덤까지 배달해준다는 가사와 오늘밤은 마지막 풀코스.. 너무 먹먹하다.. 정말 사후세계가 있다면 고인들이 마지막으로 아름다운 음악과 예쁜 풍경속에서 마지막 풀코스의 만찬을 즐기시고 편히 눈감으시길...아빠도 그렇게 좋아했던 뒷산에서 고양이들과 함께, 좋아했지만 몸이 아파 많이 못 드셨던 고기 실컷 드시고 편히 잠드셨길....",589,2025-03-24T02:46:51Z
byN1OfaEfvU,Ugxo-dPKF9x0XvZCH1N4AaABAg,@달사냥-i5c,"마지막 떠나는 길에 예약은 없습니다.
물론 빈손으로 가야지요, 지나간 일들은 다 잊고 갑니다.
먼길 떠나는 분들을 위한 푸짐한 밥상 받고 가세요.
그리고 푹 쉬시면 된답니다.
그 길이 그렇게 무서운 길은 아닐겁니다.",564,2025-02-26T09:02:41Z
byN1OfaEfvU,UgzmfP__FuVdQqB37Zt4AaABAg,@user-jebx6akw,너무 아름다운 노래예요~ 누구나 마지막은 죽음이죠 달콤하게 마무리 할수있기를,109,2025-03-19T06:14:15Z
byN1OfaEfvU,Ugy4Q92vj8I3_9F9yDF4AaABAg,@bbakkomi18,"가사모르를때:우왕 이노래 좋당
가사 알때:........",36,2026-01-28T00:02:35Z
byN1OfaEfvU,Ugx68E__kZQE45yokLZ4AaABAg,@dio21290,"확실히 가사를 마지막까지 보니 영혼의 경계지점을 말하는게 맞군요.
잊혀진 사람이 도착한다/마지막 식사/안녕히/무덤
이승과의 마무리를 짓고 가는곳",195,2025-07-29T19:06:26Z
byN1OfaEfvU,UgzvvGjRzLHN_6jFJzJ4AaABAg,@beskia4547,3만원이지만 또 먹고싶은 오사카 말차 우동입니다.,28,2026-01-29T10:00:31Z
byN1OfaEfvU,UgzxrichlqCKiEQH2lp4AaABAg,@knowname3243,"그냥 죽음에 관한 내용인 것 같았는데 아래 일본인분 댓글을 보고 생명의 윤회를 찬미한 노래인 것 같다는걸 느끼게 되었네요.
어쩐지 살짝 으스스하면서도 한편으론 마음이 따뜻해지고 동심으로 돌아간 듯한 느낌은 이런 것 때문인 것 같습니다.
그 외에도 가사에서  '그럼 여러분, 안녕히 가세요. 내일은 내일의 일로 기타등등', '디저트는 없어요'는 전생에 대한 미련을 버리고 맛있는 만찬을 즐기고 푹 잔 다음 새로운 생명으로써의 출발을 표현한 듯한 느낌입니다.",24,2026-03-13T16:40:05Z
byN1OfaEfvU,Ugyx8N-LRY2QXNsI7Hx4AaABAg,@안전운전2026,쇼츠에 자주들리기에 한번 방문해봤는데 경쾌하네요 ㅎㅎ,1,2026-07-08T00:35:51Z
byN1OfaEfvU,UgzeYHsCmqjQE3z5_ux4AaABAg,@SYK-f9o,"어느 스타크래프트 유튜버가 이 노래를 질럿, 드라군, 골리앗 등으로 부르게 만들길래 궁금해서 찾아옴 ㅋㅋㅋ",91,2025-10-06T12:48:07Z
byN1OfaEfvU,Ugy43mMaCRiC42bwjXp4AaABAg,@MintChib,숲속의 작은 질럿,145,2025-09-22T18:21:59Z
byN1OfaEfvU,UgzJ7anu6b77RKSa9nx4AaABAg,@걸어서열두바퀴,우리 복돌이도  그곳에서 행복해라 건강하게 뛰어다니고 맛난거 맛있게 먹고 친구들이랑 신나게 놀고❤,13,2026-01-11T01:22:12Z
byN1OfaEfvU,UgwQPQ6PROJvlBQCiqV4AaABAg,@rorolatte,노래는 경쾌한데 가사가 슬프군요 😢,18,2025-08-22T12:10:34Z
byN1OfaEfvU,UgwXdphm8CTpJ1v7MXN4AaABAg,@화니-o5v,식당에 아무도없는 이유를 알았네...,15,2026-02-03T04:35:39Z
byN1OfaEfvU,UgwC4cWKHWIRw0wggJJ4AaABAg,@EltElElElR,하나에 15000원이지만 또 먹고 싶은 말차크림브륄레 입니다,12,2026-01-30T18:24:31Z
byN1OfaEfvU,UgyTHhZ_9UJUx6vmmD54AaABAg,@밍민-u8p,동구리로 첨 알아서 몰랐는데 가사가 반전이네... 마지막 만찬이었냐고,5,2026-02-10T13:56:04Z
byN1OfaEfvU,Ugwjk4laQfeTKQ75K0h4AaABAg,@탈주하고싶다,잠잘때 반복함... 잘 잘듯.,25,2025-03-08T02:49:27Z
byN1OfaEfvU,Ugz7_yvZbD1AnpsUw9l4AaABAg,@1108aolt,"""또 먹고싶은 말차입니다.""",9,2026-01-29T06:36:58Z
byN1OfaEfvU,UgwJ3dxzgeH0T2D3-B14AaABAg,@seank9846,망자를 위한 마지막 만찬 이었네요.,27,2026-01-14T04:20:42Z
byN1OfaEfvU,Ugwdb5PRdZy8GXKc20d4AaABAg,@푸른바다-y4h,너무 좋아서 귀가 간질간질해요,45,2025-05-24T00:46:03Z
r33DGtwLAMo,Ugx3mSGpYnXgbl4AqqJ4AaABAg,@살포시-w9s,화사 마리아는 진짜 잘 샘플링한 거 같음.. 샘플링 듣고 마리아 들으니까 이렇게 세련되게 바꼈구나 싶음,6654,2024-07-09T15:12:49Z
r33DGtwLAMo,UgzKWa4AqGVQP2spP0x4AaABAg,@anythingan2,샘플링 원곡 어떻게 발굴해 내는 걸까... 환골탈태시키는 거 보면 짱 대단,15863,2024-05-19T12:07:23Z
r33DGtwLAMo,Ugy-CIuTXUIOBmJnslR4AaABAg,@준-h5q,"저거는 원곡이 따로있는게 아니라 
걍 샘플 만드는 애들이 
“니들이 이걸로 노래 만들어줘라”
라고 하고 돈주고 파는거임 
걍 
매장용 오뚜기 케챱 대용량으로 파는 느낌으로 ..
힙합하는 애들이 하는 샘플링이 보통 
1960-80년대에서 가져오는 원곡있는 
샘플링이라 맨날 원곡자랑 싸우는거고 ㅇㅇ",7740,2024-05-23T12:30:30Z
r33DGtwLAMo,UgxSrbk9riVXnbxpnK94AaABAg,@아이스뱅-k4g,그냥 카슈미르가 케이팝 다살리네 ㅋㅋㅋ다  카슈미르샘플이노,5271,2024-05-19T14:02:51Z
r33DGtwLAMo,UgyUxSG4g2653a3Qn6t4AaABAg,@OD.bae2022,확실히 곡퀄리티가 좋은게느껴짐,8116,2024-05-19T13:02:13Z
r33DGtwLAMo,UgzNID8Le-L6BhZtxDl4AaABAg,@c_trip999,정당하게 비용 지불하고 하는건 괜찮지,7172,2024-05-19T12:45:38Z
r33DGtwLAMo,UgyKKUvtumakJEMnSKV4AaABAg,@coldso96,원곡 있는 걸 샘플링 하는 것도 아니고 그냥 유료 폰트 사는 것 처럼 월에 12000원 주고 스플라이스라는 사이트에서 샘플 사다 쓰는거 국내외 작곡가 중에 안쓰는 사람 거의 없다 보면됨,637,2024-05-22T08:41:45Z
r33DGtwLAMo,Ugx0_p_ESuS9B70Gz7Z4AaABAg,@ssam_bbong,샘플링이 나쁜게 아닌데 댓글창 왜이러노,590,2024-05-24T15:31:14Z
r33DGtwLAMo,UgzkX7uPXJkgclmCZRt4AaABAg,@그냥-v5f,마리아 갓띵곡... 지금들어도 개좋다,547,2024-05-19T17:47:42Z
r33DGtwLAMo,UgyvOJW1VhbiKMFE35N4AaABAg,@이리ileeee,카슈미르 지분율 무엇ㄷㄷ,205,2024-05-19T19:03:34Z
r33DGtwLAMo,UgwFLid79P-KMkWKr5d4AaABAg,@chcchs,헐 슈러라 샘플링인줄 몰랐는데 원곡도 너무 좋음..,681,2024-05-20T11:20:49Z
r33DGtwLAMo,UgxVAhPvIDLXi7hW4bh4AaABAg,@mumu-nn1tf,표절이랑 샘플링도 구별못하는것들이 표절논란에는 발작하는거보면 아직까지 산업수준에 비해 소비자들의 수준은 못따라오는것같음. 소비자들 연령대가 낮아서그런건가,553,2024-05-25T05:24:40Z
r33DGtwLAMo,Ugxe2Gk_FAw4Uc2Fovx4AaABAg,@Untitled_1021,작곡어케하는지도 모르는애들이 댓글 싸는거 좀 보기 싫네ㅋㅋ,74,2024-05-24T16:05:33Z
r33DGtwLAMo,Ugw07TNXmD58xeHTdDR4AaABAg,@Akak-bh5bw,아니 근데 화사 목소리 미챴다.. 너무 좋음,189,2024-05-19T17:32:04Z
r33DGtwLAMo,UgwIYHt_o80pOi6nmGx4AaABAg,@이승현-k4r6p,카슈미르 존나 좋아하네 ㅋㅋ,72,2024-05-24T21:30:48Z
r33DGtwLAMo,UgxjO9CrTBQUKd8UPPZ4AaABAg,@사도사도-n9b,off the record 음향이 진짜 풍부하다... 몇초 잠깐 나왔는데도 전율이 돋네,45,2024-05-22T00:44:57Z
r33DGtwLAMo,UgyzELV6Bl6vfVgWcD94AaABAg,@JIJ12345,아니 샘플링 표절 아니라니깐 이제는 샘플 덕지덕지 바른 게 배신감 든다니 이딴 개소리 하는 놈들 다 머리 내려치고 싶음.,36,2025-01-20T05:16:17Z
r33DGtwLAMo,Ugxdpqfvdplgy7SCMpt4AaABAg,@듀-g1g,세상에 나온 노래가 몇곡인데 걍 무작정 내서 표절이라고 논란 생길바에 샘플링 하는 게 백배 낫지 뭘 자꾸 다 사오네 샘플음악만 쓰네 이러냐ㅅㅂㅋㅋㅋㅋㅋ,116,2024-05-25T03:23:26Z
r33DGtwLAMo,UgyNT7y7apjclJthVFF4AaABAg,@johmingiuda,"샘플링을 해도 크레딧에 올라가지 않는 경우
1. 원작자가 죽었다
2. 애초에 돈 내면 크레딧 안줘도 괜찮은 샘플이다 (ex. 스플라이스) 
3. 원작자한테 돈 내고 합의봤다 (이 경우 원작자가 샘플 곡에 어떤 압력을 가하지 않는다면 거즘 다 합의된 샘플임)",43,2024-07-09T16:58:59Z
r33DGtwLAMo,UgyCgNmbgUPIvk8bXM54AaABAg,@YelloMilk,"이제 앵간한 조합은 다 나온듯 ㅋㅋㅋㅋ
샘플링이 안전하지 ㅋㅋㅋ",49,2024-05-23T17:53:01Z
r33DGtwLAMo,UgzqXrwGx26O5tkCxfN4AaABAg,@홀리-x8r,음알못들이 샘플링 가지고 왈가왈부하는거 개웃기네,6,2024-11-11T13:15:09Z
r33DGtwLAMo,Ugx6-CDYaapzl5GtwdJ4AaABAg,@saintkim745,"현대의 창의성은 무에서 유를 창조하는 것이 아니라, 비범하게 선택해서 독창적으로 배열하는 능력.",190,2024-05-24T13:45:35Z
r33DGtwLAMo,UgwaqUtXsfkXEjstZCh4AaABAg,@ooeuww,헐 마지막 곡은 전혀 몰랐네 이제 들릴듯,43,2024-05-20T07:41:31Z
r33DGtwLAMo,UgyByGNLV-f15CqYH1B4AaABAg,@moomoo_min,마리아!! 너무 좋은 곡❤,43,2024-05-20T21:32:10Z
r33DGtwLAMo,UgwVL5NUN6eL6Yrxgpt4AaABAg,@Mode-iu5vv,"음악 = 떡볶이
샘플 = 마트에서 떡볶이 만들기 위해 파는 재료들

마트에서 물건 몰래 훔쳐서 떡볶이 만든다 = 불법
마트에서 정당한 값을 지불 후 떡볶이 만든다 = 합법",135,2024-05-24T20:00:56Z
r33DGtwLAMo,UgxiLCavadmxwR-9goZ4AaABAg,@rdhvmfjkiybm,ㅅㅂ 깡ㅋㅋㅋ,34,2024-05-24T01:54:41Z
r33DGtwLAMo,UgyoFpQ6SMuoNmAlzJZ4AaABAg,@아줌마들의덕질계정,저런 간단한걸로 이런 띵곡들을 만들다니,95,2024-05-20T12:26:05Z
r33DGtwLAMo,Ugynxd7Xo8163aCBFhl4AaABAg,@hayeon3030,돈내고 쓰라고 만든거 돈주고 썼더니 표절시비 붙는 이상한 나라가 다있네,4,2024-08-13T06:37:05Z
r33DGtwLAMo,UgyxSSMA0Ai6N8eDSA94AaABAg,@cat-z5w4s,다 개 명곡으로 뽑아냈는데  깡 나올때 나도 모르게 어... 쌤플링을 하고도.... 라는 생각이..ㅎ.. 것도 능력이긴하다..,8,2024-05-21T16:37:20Z
r33DGtwLAMo,UgzFvPh6csRCL1VZaPR4AaABAg,@hamdustry,"kshmr 이사람 유명한가보네
엄청 많다",244,2024-05-19T11:47:04Z
tte9G8RwfHg,UgxuGReuYOD0h7F1PWZ4AaABAg,@Hyeok89,"마프 좀 많이 사주고...쓰읍.. 중꺾마..

12/12 마프대란 : 12월 11일 (일) 8:00pm – 12일 (월) 11:59pm

전제품 최대 80% 할인 특가 + 할인코드 'HYUK' 입력시 추가 42% 할인​

*이벤트안내*
아래 링크를 타고 구매하신 분들중 세분에게
마이프로틴 상품권 15만원,10만원,7만원 상품권을 드립니다

마이프로틴 링크 https://tidd.ly/36mzZTJ


링크타고 싸게 구매하세요! 추천인 코드  WQEI-R2  (회원가입시 입력)
최대 40%이상 추가할인코드hyuk (결제창 할인코드란에 입력)

 추천인 코드  WQEI-R2  (회원가입시 입력)
최대 40%이상 추가할인코드hyuk (결제창 할인코드란에 입력)",499,2022-12-11T11:28:41Z
tte9G8RwfHg,UgwnuhbAFxg_WWnL4o54AaABAg,@박형민-r9x,랫풀다운 자리 뺏는 법,8323,2022-12-11T12:25:03Z
tte9G8RwfHg,UgxAYV1iF0lZ3xsOimN4AaABAg,@VeNeNo0328,마귀꾼인지 아닌지 먹을거로 확인하는 디테일이 좋네요,1321,2022-12-11T12:51:41Z
tte9G8RwfHg,Ugy5CsK7EXabX1W65Z54AaABAg,@ysj8576,진짜 ㄹㅇ 같은게 저 슬픈 눈을봐 저게 어떻게 가짜야,918,2022-12-11T11:50:15Z
tte9G8RwfHg,UgzcfOwGwgVWexNLp2Z4AaABAg,@habo_09,눈가에 습기찬거 개웃기네,1885,2022-12-11T11:23:56Z
tte9G8RwfHg,UgwJtUGg4QlYaHrzd4t4AaABAg,@찬구-t1s,마지막에 뻘쭘해서 ’도전하는게 중요하다‘하시는 모습.. 하남자 그 자체이십니다 형님…,3117,2022-12-11T12:47:56Z
tte9G8RwfHg,UgzVwCJgy1UTOXufrOR4AaABAg,@이우진쓰,여자분 끝까지 몸에 힘주고 활자지키네ㅋㅋㅋㅋㅋ,158,2022-12-15T09:50:29Z
tte9G8RwfHg,UgxB3ow4goibIjgRutd4AaABAg,@buffettinbusan,"평소 관심있던 사람
유튜브 광고 뽑는 명목으로 시도해본 거 좋았따..",701,2022-12-11T12:30:46Z
tte9G8RwfHg,Ugwgh9EHjQ4cPMS82Cd4AaABAg,@behelit9994,"""중요한건 꺾이지 않는 마음""",1537,2022-12-13T03:26:32Z
tte9G8RwfHg,UgwWvUtn8HH1navndTt4AaABAg,@림뜨뜨,박승현씨 전여자친구네 …..,105,2023-11-25T00:18:11Z
tte9G8RwfHg,UgxJcLGxp8R6AIMW4oR4AaABAg,@koinm,박승현 전여친아인교,25,2023-10-22T11:10:17Z
tte9G8RwfHg,UgzFC1az71jtB2T5dSZ4AaABAg,@네이비색얼큰칼국수,박승현님 전여친님이시네,17,2023-07-12T08:38:36Z
tte9G8RwfHg,Ugyn97MGQtyRGpByd3B4AaABAg,@RUReddy2ROCK,운동하는데 말거는거 실화인갘ㅋㅋㅋ,76,2022-12-15T12:42:37Z
tte9G8RwfHg,UgxBqi1Wsnc2IdZCr694AaABAg,@ggao_flover,왜 창피함은 우리의 몫이야 형…ㅠㅠ,775,2022-12-11T11:21:45Z
tte9G8RwfHg,UgzscEY8DM6qeqDFS4J4AaABAg,@보람-g2o,눈가 촉촉한거 ㅈㄴ 맘아프네 ㅠ,257,2022-12-11T13:56:13Z
tte9G8RwfHg,UgwExK4bXpar2BXn9Zd4AaABAg,@kojun_endeavor,"저 당시에 승현찡이랑 연애중이었나...?
저분 은근히 귀염상이라 방송에서 인기많았는데
김다미 닮았다고 애기 ㅈㄴ 나왔었음 
불쌍한 승현찡",10,2024-08-12T15:49:29Z
tte9G8RwfHg,UgzD9K_LbN-CsjKlUux4AaABAg,@이동욱-123,그녀는 승현 햄의 여자친구였다고한다..,31,2023-06-02T14:17:34Z
tte9G8RwfHg,Ugy_AqXCNA8RAVFKP1Z4AaABAg,@tongue104,바로 까서 그 자리에서 먹게 함으로써 마스크 속까지 확인하는... 전략적 하남자 그 자체,201,2022-12-15T06:31:25Z
tte9G8RwfHg,UgzYf8zYEHSJoIVCIop4AaABAg,@어응-u8d,단발 슬렌더 귀염상...미쳤다,87,2022-12-16T13:26:36Z
tte9G8RwfHg,UgymrzmGauuauhz8JxB4AaABAg,@hhku,"와 형님 프로틴바를 줌으로써 마스크안
얼굴을 보는 치밀함 ㄷㄷ",63,2022-12-14T12:33:03Z
tte9G8RwfHg,UgxaYSNBhRXeYfoVW2R4AaABAg,@이정재-y3l,마기꾼인지 확인절차까지 거치는거보면 한두 번해 본 솜씨가 아니노 ㄷㄷ;;,18,2022-12-11T14:07:29Z
tte9G8RwfHg,UgyYn-9E9pXthGj49Fp4AaABAg,@couon916,이 분 박승현님 여자친구분 아니신가요??,16,2023-06-10T11:50:26Z
tte9G8RwfHg,UgyrWumVM0yEosjFZlR4AaABAg,@visieg1235,왜 마지막에 형 울려고해 ㅋㅋㅋㅋ 눈 진짜 촉촉해졌엌ㅋㅋ,318,2022-12-11T11:35:56Z
tte9G8RwfHg,Ugww0hGOr_cFQ_llaF54AaABAg,@yangslevin9901,여자 허리 과신전한거 킹받네,7,2022-12-14T09:14:59Z
tte9G8RwfHg,UgzGN7mTamRoApQpUHB4AaABAg,@25재프,이미 둘이 사귀고 있다는게 학계의 정설,88,2022-12-13T09:10:43Z
tte9G8RwfHg,UgwFuGbra8kCLHjRrvB4AaABAg,@오태식-n6p,조이서 폼 미쳤다,36,2022-12-17T01:21:14Z
tte9G8RwfHg,UgxaBPHKjzVDjlb5-7x4AaABAg,@missteelo,승현쿤!!!,13,2023-06-24T16:46:55Z
tte9G8RwfHg,UgwcGDpPdfAL6iz4roR4AaABAg,@자취생-자유로운취미,"도전하는게 중요하다라고 말하는데 눈에 눈물이 글썽거리네요 ^^
중요한건 꺾이지 않는 마음이예요",15,2022-12-17T05:34:57Z
tte9G8RwfHg,UgzjuPIHtGX1duq7fMV4AaABAg,@이에뜨띠,형 랫플 무게도 안 치는 여자랑 사귀는건 아닌거 같아,328,2022-12-11T11:30:23Z
tte9G8RwfHg,Ugy7batBy1VJFk4lbip4AaABAg,@Haram___,주작같지않은 ㄹㅇ반응...좋다,218,2022-12-11T11:50:06Z
mQ9zO5LB9-c,UgxUv9_P7Kl4QgYoDi14AaABAg,@li9wo,아 닭을 dog으로 알아들을수도 있겠네 ㅋㅋㅋㅋㅋ 어떻게 저런생각을 하지,40649,2022-11-23T12:47:15Z
mQ9zO5LB9-c,UgwZozU0Hl24fRerQwN4AaABAg,@다잇다-e9j,양념인지 후라이드인지 구분도 안가게 뽀득뽀득하게 먹었네ㅋㅋㅋㅋ,1084,2022-12-11T12:06:12Z
mQ9zO5LB9-c,UgzC7V4O_5RA8Eu27oh4AaABAg,@없음이름-d3u,어떤 치킨집이 미쳤다고 ㅋㅋㅋㅋㅋㅋㅋㅋㅋㅋ,4541,2022-12-11T03:14:02Z
mQ9zO5LB9-c,UgzC0NPuIY8OR5fUw954AaABAg,@mystery.teller,개고기 한마리가 돈이 얼마인데 튀겨서 치킨으로 팔어,220,2025-05-02T10:09:35Z
mQ9zO5LB9-c,UgzFPaluuiCOgao7BsN4AaABAg,@CHRIS-pl2yu,개를튀긴다고 생각한게 더엽기적이네 ㅋㅋㅋ,1533,2022-12-12T05:28:03Z
mQ9zO5LB9-c,Ugxpk8vsY8Ossz1bAMN4AaABAg,@착한늘보,"저 분 무슨 애견단체 어쩌고에 속한 사람인데, 사실 저 상황 자체가 지어낸 말이라고 영국에서도 엄청나게 까였다고 들었어요.",7562,2022-12-16T00:53:15Z
mQ9zO5LB9-c,Ugz0Q3oEDea2i0OS_aZ4AaABAg,@김부각-l8x,"사장님:닭!
미친놈:dog?????? OMG It is dog!!!!!!!
ㅋㅋㅋㅋㅋㅋㅋㅋㅋㅋㅋㅋㅋㅋㅋ",3781,2022-12-11T11:27:13Z
mQ9zO5LB9-c,UgxnfT-hXe8n_S2XzBp4AaABAg,@tjdnftkfka309,"개고기면 메뉴판에 개고기라고 써놨겠지, 무슨 음식이든지 타국의 음식은 그 나라의 문화이기 때문에 내국인이면 몰라도 외국인이 그 문화를 욕할 순 없다고 생각함.. 그냥 내나라 문화랑 다르구나 해야지.",231,2023-11-22T11:34:31Z
mQ9zO5LB9-c,Ugxn0jxPJyNdv6VAP554AaABAg,@user-qw9uz1cw3g,아니 한국에서 말걸어서 한국어로 대답해줬는데 존나 당당하게 영어로 알아듣는건 뭔심보야 ㅋㅋㅋㅋㅋㅋㅋ,5347,2022-12-13T07:07:45Z
mQ9zO5LB9-c,UgwD_PZDwiCtIau-_tJ4AaABAg,@웰시꼬오기,영국에서 파는 피시 앤 칩스는 실러캔스와 아편을 튀긴 것일 수도 있습니다.,2581,2022-12-09T23:23:03Z
mQ9zO5LB9-c,UgyAcHus85YTZwAvHuF4AaABAg,@장은진은진-d6f,인간의 무지함이 이렇게 무섭네요,2007,2022-12-12T05:23:33Z
mQ9zO5LB9-c,Ugx3dba6yWNShYgHZQ94AaABAg,@김유나-x2o,"닭을 도그로 들었다가 백프로 맞을듯요!!🤣😅

개고기 튀김이란~말은 한 번도 못 들었죠ㅠㅠㅋ",8,2025-09-18T12:27:33Z
mQ9zO5LB9-c,UgxFdBa-7NimjzC3XMZ4AaABAg,@jua2656,강아지가 비율이 저럴리 없음ㅋㅋㅋㅋㅋㅋㅋㅋㅋㅋㅋㅋㅋㅋㅋㅋㅋㅋㅋㅋ왜 닭 윙봉을 종아리로 착각하고 갈비뼈를 손으로 착각하냐고ㅋㅋㅋㅋ,5144,2022-12-09T09:09:51Z
mQ9zO5LB9-c,UgwN0UIF0IRUTkHG9Jh4AaABAg,@조고곡,다 처먹어놓고 난 후 따지는 게 더 웃김 ㅋㅋㅋㅋㅋㅋㅋㅋ,5296,2023-03-24T23:33:11Z
mQ9zO5LB9-c,Ugyvco5_dREbfXf4YmV4AaABAg,@b.k1453,"정말.. 멍청함은 이길수가 없다는 말이 맞네..
단가가 얼마나 차이나는데 어떤 정신논 사람이 그 비싼걸 튀겨서 그가격에 팔어ㅋㅋㅋ",2274,2022-12-12T08:19:58Z
mQ9zO5LB9-c,UgwXXOvuWJ5WnTKyO154AaABAg,@sepulson,그런의미에서 오늘저녁은 개수육으로 해야겠다,2,2025-10-02T05:41:43Z
mQ9zO5LB9-c,Ugzozn6SZvB_cCD4TyJ4AaABAg,@kmlee8824,미친 ... 아무리 그래도 더 비싼 개고기를 치킨이라고 속여 내올리가 없잖아;;;,3120,2023-02-26T08:54:05Z
mQ9zO5LB9-c,Ugzk4AWscTBBrEwKu9N4AaABAg,@마체테-d1e,"넷플릭스 킹덤을 본 수억의 시청자는 물었다
""저 모자는 뭐야?""  한국인은 ""갓이야. 갓""
오마이 갓  ㅅㅂ",1253,2022-12-11T08:52:17Z
mQ9zO5LB9-c,UgxNZkUS7LnXbhZCc3J4AaABAg,@PainsMatrix,친킨집 사장이 땅파서 장사하는 게 아니면 몇배나 비싼 개고기를 헐값에 줄리가 없다.,1739,2023-03-03T11:16:53Z
mQ9zO5LB9-c,Ugxc4KoBXVA3nHvD_Gp4AaABAg,@김효정-j8u1q,개고기 닭과 원가 차이가 얼만데... 그리고 개고기는 식감이 좋아 튀기는 짓을 할리가 없고 개고기집과 일반음식점은 누가봐도 구분가능하게 해놓음 대부분 개고기 위주로 되어있고 가끔 사이드로 삼계탕을 팜,3,2024-08-16T01:58:54Z
mQ9zO5LB9-c,Ugw_PBr5DDvm_5LPN_14AaABAg,@낚시와생활-r9o,한국에선 튀기지도않고 치킨값에 그걸파는 미친사장도없다.,2332,2022-12-24T23:10:23Z
mQ9zO5LB9-c,Ugx6L9lTGl548AM3bGZ4AaABAg,@jack-t4d1b,망상이 지나치면 인생이 힘들어져요...ㅋㅋㅋ,572,2022-12-11T02:23:19Z
mQ9zO5LB9-c,Ugy_-9VWtxF4mkiJmZZ4AaABAg,@con4880,"진짜 미쳤네 ㅋㅋ
ㄹㅇ로 강아지 앞발은 손가락이 저렇게 안 많아 ㅋㅋ",817,2022-12-10T13:41:51Z
mQ9zO5LB9-c,UgwtFi59ZGMWDlbEH2t4AaABAg,@2025cca,아란이랑 같이 찍어주세요 ><,1,2024-02-11T19:09:55Z
mQ9zO5LB9-c,UgwsVnFkJPl-EVAFyfN4AaABAg,@pranken90,이거 네이버 댓글에 어떤놈이 저랬을거라고 100퍼 확신한다고 했는데 추천수가 어마어마했던 ㅋㅋㅋ 필력이 지렸던 댓글이였는데,1534,2022-12-10T07:23:24Z
mQ9zO5LB9-c,UgxvDWyj5uTm9w525CJ4AaABAg,@BlueTing,저 사람이 허언증으로 유명하다는 말도 있긴했었죠,719,2022-11-23T11:46:39Z
mQ9zO5LB9-c,UgzuTLze-4ytHeJcUs14AaABAg,@user-kissRudolph18,말도 안돼ㅋㅋㅋ 그 정도를 구분 못 할 리가..,533,2022-12-14T08:47:49Z
mQ9zO5LB9-c,UgzTMjoFXPGjd0TeDNN4AaABAg,@lee1-717,ㅋㅋ 오후 깜짝아ㅋ..,1,2024-02-27T08:26:45Z
mQ9zO5LB9-c,Ugx-RC6ZPGrDfJmRhJp4AaABAg,@user-hx1zs1ye6,뼈를 또 저렇게 맞춰볼생각을 하네 ㅋㅋㅋㅋㅋ,671,2022-12-10T02:32:52Z
mQ9zO5LB9-c,UgzjVmeJ2d4LvLImIvF4AaABAg,@문혜원-f9n,유식이 사라지고 없는 young 국nyeon,742,2022-12-12T08:35:57Z
2mFhNZf6VCk,Ugz0JhIXMYIWPJ410zV4AaABAg,@꿀꿀이-g1j,개인적으로 순위가 엉망인듯~~,649,2025-02-24T12:23:38Z
2mFhNZf6VCk,UgwczqFF0Yye_ji39UN4AaABAg,@love3438,그냥 매력있는  전희미가 최고,11,2026-05-17T12:31:30Z
2mFhNZf6VCk,Ugz5jIIZjkPd648bgzF4AaABAg,@하얀눈위의여자,순 엉터리네. 정작 예쁜사람들은 안나오고 무슨 안젤라베이비 보다 우서흔이 예쁨?,223,2025-10-11T14:57:22Z
2mFhNZf6VCk,Ugwi8LZFInIJabpcR2t4AaABAg,@jmp9968,노육효랑 조로사 왜 없나요??,115,2025-10-16T11:14:40Z
2mFhNZf6VCk,Ugw65CHZIeUceOD1gRZ4AaABAg,@체리-v4i,조로사,51,2025-10-23T11:19:34Z
2mFhNZf6VCk,Ugxk-nm4y1k_RmDSpdV4AaABAg,@두드림-k6m,전희미는 인정,16,2026-03-17T17:39:07Z
2mFhNZf6VCk,Ugzy4NpJCESttrSeH7R4AaABAg,@jjaykim7177,전희미는 진짜 이쁜듯.,7,2026-04-18T06:18:51Z
2mFhNZf6VCk,UgyEqBhVBH9OVJPr0Bd4AaABAg,@김정원-r7l,장약남!!,35,2025-11-04T08:04:49Z
2mFhNZf6VCk,Ugxyt10CBvPz849Myfh4AaABAg,@이현미-t3o,조로사 장약남 어디감,11,2025-11-21T07:06:00Z
2mFhNZf6VCk,UgxgJs48_D0MhYZNj3V4AaABAg,@민정-g1x,와...  안젤라베이비? 서약함? 조금맥? 구리나자? 포상은? 얼굴보다 특이한 이름 순위인듯 ㅋㅋㅋ,22,2024-08-05T15:47:58Z
2mFhNZf6VCk,Ugy9BVG-tDAG9i-01VN4AaABAg,@겸-u8c,전희미 귀엽고 이뻐요,14,2026-03-27T14:26:52Z
2mFhNZf6VCk,UgxOAvat2ojXc1l8KEZ4AaABAg,@seanjung5708,"백록,장약남, 노욱효가 없네",18,2025-12-22T11:46:51Z
2mFhNZf6VCk,UgxpvZSMTyZ8nIfbvWx4AaABAg,@달콩-v6w,"기준이 뭔교?
우서흔이 순위권인것도 웃기고 조로사가 없는건 더 어이없고",55,2025-11-19T23:09:17Z
2mFhNZf6VCk,UgyDzBElL11LozImVS94AaABAg,@user-ql9ws6od1n,개인적으로는 포상은 쥐징이 이두명이 진짜 예쁜듯,18,2025-02-02T05:47:48Z
2mFhNZf6VCk,UgwNxf3S90lzY2NIbd14AaABAg,@바람-l2h,1위 납득이 안가고 유역비는 나이가 너무 많아서 빠진건가...넘사벽인데...그리고 백록빠진게 어리둥절...조로사역시.....,89,2025-10-28T10:06:01Z
2mFhNZf6VCk,UgxOGz0RBMq-SXetF054AaABAg,@imsunny1004,노욱효랑 로사가 없자나...요즘 포상은 노욱효  류호존 요3명 넘 이뿌더라구여❤,46,2025-08-09T15:08:13Z
2mFhNZf6VCk,Ugx4jz-cYWP6cQ5VJkp4AaABAg,@hyangmijo,우서흔이 쥐징이 보다 이쁘다고....?????? ㅋㅋㅋ웃고갑니다 ㅋㅋㅋㅋㅋㅋㅋㅋㅋㅋ,160,2025-11-16T05:43:06Z
2mFhNZf6VCk,Ugy-SLKw7P1KXKdI1cV4AaABAg,@태광-f2f,조로사가 순위에 없는게 말이되냐,44,2025-11-14T14:40:49Z
2mFhNZf6VCk,Ugyykr-V4XaHVf8Zw_R4AaABAg,@rvk3044,노욱효도 예뻐!😊,16,2025-10-23T09:42:00Z
2mFhNZf6VCk,UgxSwlASZRpfKEnYkHx4AaABAg,@lovelyyeon1,"우서흔 이쁘다고 생각해본적 없는데…
사약함이 더 이쁜것 같은데… 
미인 기준이 좀 다른듯…",215,2025-05-31T09:10:01Z
2mFhNZf6VCk,Ugx_kWkm3laPPxOJMbl4AaABAg,@swimming-m7q,전희미가 1위? 조로사 백록은 아예 없고 늘 생각하지만 팬더 눈에 찐빵 얼굴 우서흔이 미녀란것도 확실히 우리나라 와는 좀 차이가 있는듯,223,2025-01-06T09:57:17Z
2mFhNZf6VCk,UgwGBgWgbagruTlOPI54AaABAg,@상촌-r9c,"중국 미녀의 가장 큰 특징은
한국 미녀와 비교하면 한국미녀는 턱선이 계란형인데 비해 중국의 미녀는 턱선이 하나같이 다들 뾰족합니다.
❤",9,2025-07-05T02:14:25Z
2mFhNZf6VCk,UgxVLSLYSKXqfGuKCQR4AaABAg,@콩주먹-o3n,전희미❤,11,2026-03-22T16:29:04Z
2mFhNZf6VCk,UgwcXNkQAgaAcVv3KqJ4AaABAg,@sun-dq2sq,조로사 최고 !!! 이 순위 엉터리,2,2026-03-11T16:51:39Z
2mFhNZf6VCk,Ugx-vHPy7BVevO18HUx4AaABAg,@relic6196,유역비가 없네,48,2025-09-14T16:31:01Z
2mFhNZf6VCk,Ugz6glT_XqY-o52pkDN4AaABAg,@yoojungseo1826,조로사 만큼 그녀만의 분위기와 자연미는 따라올 배우가 없더만.,115,2025-04-13T16:23:45Z
2mFhNZf6VCk,Ugx9c5mfdlymlRh72dB4AaABAg,@수달이-i2m-t9c,대체 우서흔 매력머임? 우서흔은 우리나라 조연도 못할거같은데....,2,2026-04-12T13:47:06Z
2mFhNZf6VCk,UgyuyP7zR7q6hu44vOV4AaABAg,@워니-n8xx,조로사가 왜 없죠? 제일 예쁜데,7,2026-02-27T08:41:11Z
2mFhNZf6VCk,UgyrxGtu1ziXuijitdJ4AaABAg,@한잔해26,노욱효가 없네 ㅡㅡ,8,2026-01-13T00:10:56Z
2mFhNZf6VCk,UgzAtsnHGFSqm_AKL354AaABAg,@열정-k2n,순위야 개취이긴한데. 최소한 장정의는 주야 마이너 버전이라 둘이 순위가 바껴야함,3,2025-12-09T18:47:54Z
19SJy7Vh4QM,Ugz2y92NcbLmPkhiI7x4AaABAg,@김영복-v5d,you'll be even better in the future...,2,2026-06-30T06:34:06Z
QABPvD7pO8k,UgwQUqpx6FvOEJrFLHN4AaABAg,@김시현-i3k,2021버전 디비디 판매해주세요!ㅠㅠ,5,2021-10-30T12:43:28Z
QABPvD7pO8k,UgwbovXVTLMaXwAK1714AaABAg,@finepinefine,검은 고양이와 검은 개 덕분에 행복한 요즘💜 정말 내게 찾아온 검은 행운 댕냥시!!! 넬루토 고마워 착하지 아이 예뻐💜,6,2021-10-30T13:34:44Z
QABPvD7pO8k,UgyDGoVRdcXZORVcvKl4AaABAg,@cherish-o7x,흐엉 벌써 공연이 한 달밖에 남지 않았다니!!! ㅠㅠ 시간이 너무 빨라요 녤루토 사랑해 🥺,7,2021-10-30T12:55:15Z
QABPvD7pO8k,UgzrU74opJUUHbuexzJ4AaABAg,@user-pg2pl4to7c,이 화질에 이 퀄리티.. 전캐스트 DVD 기대할게요..🧡,5,2021-10-30T14:32:51Z
QABPvD7pO8k,UgyuNWR7G8gPHerSB6t4AaABAg,@yomang_choonsik,와 영상 감사합니다 ㅜㅜ 너무 좋아요 댕냥시 진짜 애정합니다 💜,4,2021-10-30T12:48:34Z
QABPvD7pO8k,UgzrlW7dt1QpI0saseh4AaABAg,@lllorozilll,영상 너무 멋있어요~👏🏻👏🏻🐈‍⬛🐾🤎,4,2021-10-30T12:42:13Z
QABPvD7pO8k,Ugx-y_sNWahQld7JwDh4AaABAg,@심쿵-n7h,내일 또 만나요 댕냥시~~♡,2,2021-10-30T14:03:09Z
QABPvD7pO8k,UgzVnuZSAuj9l8B8DP54AaABAg,@angang1004,#댕냥시  모든 배우분들 응원합니다!!!👍👍👍,4,2021-10-30T12:43:29Z
QABPvD7pO8k,Ugy7RKdTol2vW3_kPwl4AaABAg,@민숭-p1z,이제껏 본 뮤지컬 중 가장 마음을 울렸어요 마지막까지 열심히 회전 돌아볼게요 ㅠㅠㅠㅠ! 벌써 너무 아쉽다... 봐도봐도 더 보고 싶은 댕냥시 영상 너무 예쁜데 온라인공연이나 dvd 이번년도로 오면 참 행복할 것 같습니다 ㅠㅠㅠㅠ❤️,1,2021-11-06T10:57:03Z
QABPvD7pO8k,UgxvFUdcsWwaIyC1Uyl4AaABAg,@iamsnnill,영상 너무 멋져여 영상 너무 감사합니다 ☺️,0,2021-10-31T09:24:50Z
QABPvD7pO8k,UgxGJuJlNssZMmT3boh4AaABAg,@안녕만두-x1b,"잘보고있습니다. 가슴따뜻해지는 이야기
인생뮤지컬을 찾았어요♡
넬루토  사랑해",0,2021-11-12T04:19:16Z
QABPvD7pO8k,UgwheuqcVPBWOWux36x4AaABAg,@곽나림-i4v,녤루토 가지마요 ㅠㅠ,1,2021-11-01T02:13:04Z
QABPvD7pO8k,UgyPbOXZ61FLTBR7l9d4AaABAg,@MieN0710,넬루토 보고싶다 😢,1,2021-10-30T21:49:53Z
FHLkxr4OJOU,UgxXz8s679bcKTtvaNx4AaABAg,@dingostudio,풀버전 보러가기▶️https://youtu.be/cGOMti3Vz2E,69,2023-07-04T16:00:36Z
FHLkxr4OJOU,UgztclErClIj-x_yIv54AaABAg,@산토끼익명의,본인도 재현 못 하는 신들린 라이브 ㅋㅋㅋ,61,2025-04-11T15:20:41Z
FHLkxr4OJOU,Ugxf3jp-GAY-_THC__l4AaABAg,@sjyrxtd,이 영상 말고 진짜 분장해서 마네킹끌어안고 노래부르는거 있는데 그게 훨씬더 잘 부름 ㅠㅠㅠㅠ 제발 그거 보러가오 ㅠㅠㅠㅠㅠ,1493,2024-06-11T15:16:30Z
FHLkxr4OJOU,UgyBqUa21GA8o5USmqZ4AaABAg,@드미엘,사과해요 에스메랄다 나한테,302,2024-07-31T08:21:22Z
FHLkxr4OJOU,UgzBDUxr-G725PZgHHJ4AaABAg,@Min-e3p,말끝마다 음 내리는거 ㄹㅇ 개웃ㅋㅋㅋㅋㅋㅋ,461,2024-06-15T09:47:11Z
FHLkxr4OJOU,UgwYtTx5jViVUGZioYR4AaABAg,@KYU_Balla,분장실의상 개킹받네 머리에 양파망 쓰고 상의 안에 암것도 안 걸친거 겁나 고증 잘했어 ㅋㅋㅋㅋㅋㅋㅋㅋㅋㅋㅋ,284,2024-01-25T00:53:17Z
FHLkxr4OJOU,Ugzrc4Uh2PLecYPtNP14AaABAg,@dear-chadi,빵송국 영상에서 에스메랄다 무대가 ㄹㅇ 찐이였는데..,378,2024-06-30T10:08:12Z
FHLkxr4OJOU,Ugwa8_9QQuM9fcU2Ev94AaABAg,@sunpoongki,이 잠깐을 위해 콰지모도 분장까지ㅠㅠㅠㅠㅠㅠ곽필립 jollaly 샤이닝스타✨✨✨,630,2023-06-10T17:06:34Z
FHLkxr4OJOU,UgxWtmjsJkPyPcSfADR4AaABAg,@shg1123,이거 너무 곱게 불렀다 ㅋㅋㅋ,52,2024-08-02T12:48:11Z
FHLkxr4OJOU,UgyO1MebSDB8N50i1lN4AaABAg,@user-nj9bn6zs4z,왜 잘부르냐고 ㅋㅋㅋㅋ,284,2024-02-19T02:12:19Z
FHLkxr4OJOU,Ugyw_UPXIQgdbxVDYnR4AaABAg,@user-gg6rj5ku9p,빵송국영상보면진짜눈물남,101,2024-07-29T16:03:15Z
FHLkxr4OJOU,Ugxg6_3KGW9LyWPSkwZ4AaABAg,@겨울밤-s7c,하긴 다아아아 하고  몹시 흔들리긴함  아니 춤을 춰요 하는데 왜 웃음이 나와버리지?,53,2024-01-09T02:16:08Z
FHLkxr4OJOU,UgzUKGofPvlg51BBIBx4AaABAg,@두영-u2k,"아 개킹받아
노트르흐흐드 담드 퐈리",106,2024-06-03T09:48:44Z
FHLkxr4OJOU,Ugy3M_rVvsgkqaf1W-N4AaABAg,@druminsect4424,왠지 어떤 무역 CM송을 잘 부를것 같은 느낌이네요!,61,2023-06-30T18:07:19Z
FHLkxr4OJOU,UgxEsbvRyEMkojT_j8t4AaABAg,@대충-j7y,내용증명 보내는걸로 안 끝날거같긴함,27,2024-02-21T12:25:55Z
FHLkxr4OJOU,UgzChj2OODU7iQnQd754AaABAg,@밍키-n7g,왜 잘함?,92,2023-10-21T10:44:51Z
FHLkxr4OJOU,UgyfquiA_MT6cOM5yb14AaABAg,@도리도감자도리잇,"오 여기선 훨씬 호흡 괜찮아 진 듯
그때정도로 우는 연기를 열심히 안해서 그런가?",18,2024-06-20T14:53:17Z
FHLkxr4OJOU,Ugx3eLrLlbYSuQRJKUp4AaABAg,@juliuscaesar4492,나 진짜 개그 그만두고 뮤지컬 하는줄 알았잖아 삼경영할때 놀라쏘오❤❤❤❤❤❤❤,14,2024-02-27T21:34:48Z
FHLkxr4OJOU,Ugx3int0Mj2gGmArmGt4AaABAg,@jirar_tv,노래보다 다아아아아 들으려고 무한반복중,9,2024-08-03T15:50:33Z
FHLkxr4OJOU,UgyEAQnO4gq7meB96sV4AaABAg,@talkabouttheworldyo,목소리 좋은디?ㅋㅋ,39,2023-06-12T10:36:02Z
FHLkxr4OJOU,Ugze6HaRU5tZflJ5QFt4AaABAg,@zzang_azzi,곽지모도 보고싶은 분들은 빵송국으로😊,42,2023-06-11T09:11:12Z
FHLkxr4OJOU,UgyNUT1YeaUFTJ7TuTp4AaABAg,@ellioTed1908,대박 노래 왜케 잘하눈데 ㅋㅋㅋㅋㅋㅋㅋㅋ,8,2024-07-26T03:01:19Z
FHLkxr4OJOU,UgyrgzSk82jEl8jVKpF4AaABAg,@박라헬-p4b,오오 곽지모도…!,11,2024-07-10T16:09:19Z
FHLkxr4OJOU,UgwYQYnqvy4VJwAS5yJ4AaABAg,@phoo3411,아가씨는 잠을 안자서 나를 힘들게하더니 에스메랄다는 춤을 안춰서 또 나를 힘들게 하네 😢,4,2024-08-08T05:58:07Z
FHLkxr4OJOU,Ugy7A0I9werMZjsmRUV4AaABAg,@일찍일어나는새가피곤,저 알머리 하고 나오신건가욬ㅋㅋㅋㅌ,7,2023-12-01T10:44:17Z
FHLkxr4OJOU,UgyTEU76zOU2actn0594AaABAg,@asuwish2123,와...  잘 한당 ㅎㅎ,10,2024-05-20T14:56:18Z
FHLkxr4OJOU,UgzXWkm4tBUkPaBuzEV4AaABAg,@userunknown-r6g,곽필립 당신의 미성을 사랑해,2,2024-10-14T05:10:07Z
FHLkxr4OJOU,UgwNRE5fjoNzLdF9oit4AaABAg,@유소-l3c,하품창법 곽며듬 😂,4,2024-07-15T16:12:04Z
FHLkxr4OJOU,UgwNamHLKNi_YHmTGrt4AaABAg,@starlight1761,진짜 잘어울려서 미치겠음ㅋㅋㅋㅋㅋㅋㅋㅋㅋㅋㅋㅋㅋㅋㅋ,35,2024-06-21T11:14:47Z
FHLkxr4OJOU,UgwgHfLmZqXPjcfSpld4AaABAg,@치즈피자-777,멍게머리가 본체라 ㅠㅠ,2,2024-08-03T11:28:36Z
p-tZhc3eiiQ,UgxqDDB1xHCV3O3lZ-h4AaABAg,@호호-m4c1k,준수님 응원합니다,2,2026-06-05T00:16:27Z
p-tZhc3eiiQ,Ugws9KsUomMoNuUGtgR4AaABAg,@홈문자,서편제 다음에 다시막이 오르면 꼭 보러갈 겁니다~자랑스런 준수님 최고예요~❤❤❤,6,2025-07-18T10:19:10Z
p-tZhc3eiiQ,UgzI51ID9GqoHjgaPDJ4AaABAg,@백순득-q9x,소리꾼  준수님  항상  응원하고 있습니다 ❤😅,5,2025-08-20T05:29:41Z
p-tZhc3eiiQ,UgzkOgwFy7Nil03TXLp4AaABAg,@채미화-s2h,이쁜 준수님 많이많이 사랑합니다 💜,4,2026-01-03T00:28:21Z
p-tZhc3eiiQ,Ugwe44VMeUk4HLUMFvt4AaABAg,@박금순-r6t,"우리 준수님 23년도에 서편제에 나오셨군요.
몰랐어요. 아쉬워라~~",3,2026-01-16T08:14:56Z
p-tZhc3eiiQ,Ugyd4FR6w1Wj-f5Q1GJ4AaABAg,@선플라워-x4m,서편제 다시 꼭  보고싶어용👍🏻👍🏻👍🏻,2,2026-01-09T03:17:44Z
p-tZhc3eiiQ,UgyQ0LHcMCpYNVrJZ294AaABAg,@복희박-i2h,"저도 준수님의 서편제 꼭 보고싶어요 
지금 상상만해도 즐거워요 ❤❤❤",3,2025-08-14T00:30:28Z
7FLhn4PQJIs,UgwpLlUJhmn5ESIKqgZ4AaABAg,@꽃처럼-m6b,김준수 님  영상보니  마음이 아프네요,9,2026-06-03T23:05:50Z
7FLhn4PQJIs,UgxDi_B7a9uv4jnqNLl4AaABAg,@나나js,"피 토하듯이 열창하시는 준수님~
보고 또 봐도 감동이네요ㅠㅠ",8,2026-06-04T08:50:38Z
7FLhn4PQJIs,Ugw9HScibneMDqpwqIZ4AaABAg,@복희박-i2h,"정말  소름 돋게 잘하는 소리꾼
눈물바가지 터집니다❤❤❤",9,2026-06-04T01:53:19Z
7FLhn4PQJIs,UgzWfthOELd8eY3GD1d4AaABAg,@순아-v4o,"심금을 울리는 심청가 최고입니다👍
김준수 님 소리는 애절함에 눈물이😭
감동입니다❤",9,2026-06-04T01:14:51Z
7FLhn4PQJIs,UgyWSQGuGauZMgXZjnx4AaABAg,@향순옥이-u4w9m,"뭘해도 최고다 
역시준수님  잘한다 👍",10,2026-06-04T01:01:11Z
7FLhn4PQJIs,UgykZw4pDfNmaefBn414AaABAg,@손배곰이-u8e,작년 창극 심청 공연에서 심봉사 역할로 김준수 님을 만났습니다. 올해는 서편제 커튼콜에서 심봉사 눈뜨는 대목을 소리하시는 모습으로 만나뵈네요. 왜 이분의 소리는 마음 속에 들어와 이리 깊게 박히는지 모르겠습니다. 다양한 활동으로 빛나시는 분~ 소리는 더 빛납니다. 오래도록 이 소리를 듣고 싶습니다.🎉🎉🎉❤,11,2026-06-04T01:07:08Z
7FLhn4PQJIs,Ugzrk2zltjq4I1Hb8OF4AaABAg,@최영순-t3h,김준수너무잘하네요,4,2026-06-08T10:36:45Z
7FLhn4PQJIs,UgwEb1wzo2B5fOMxxlR4AaABAg,@김석순-t6u,노래면노래.연기면연기.소리면소리.진짜우리나라에저런사람또있을까!❤❤❤❤❤,9,2026-06-03T22:51:38Z
7FLhn4PQJIs,UgxqvXyMudJBMjKS5KV4AaABAg,@복희박-i2h,"심학규로 빙의 하셨나요
어쩜 그리도 심곡을  탁 건드리십니까~",6,2026-06-04T09:26:01Z
7FLhn4PQJIs,UgwohqfdveK6lQmCDvt4AaABAg,@user-oh6lf4bu4x,素晴らしい❤,5,2026-06-04T12:46:41Z
Hd36hqdxmio,Ugz_EFYtKrYRIfxHP2Z4AaABAg,@뀨빈이-b4s,스폐셜 커튼콜은 뭔가요 다끝나고 다시 보여주는건가요,1,2026-06-15T02:50:01Z
MZzu7bZEww4,Ugxm_Y8yMKySaQNcEdt4AaABAg,@xvnowmww2,찍어주셔서 감사합니다!,16,2026-06-09T13:49:25Z
MZzu7bZEww4,Ugz1CrM7WHxMSpEeyOV4AaABAg,@지도사_지도,Jolla 사랑스럽다...,1,2026-06-14T13:13:45Z
MZzu7bZEww4,UgxqhJmfgKk44QGeg4p4AaABAg,@양성민-z2g,니누나 춤바람났댘ㅋㅋㅋㅋㅋㅋㅋㅋㅋㅋㅋㅋㅋㅋㅋㅋㅋㅋㅋㅋㅋㅋㅋㅋㅋㅋㅋㅋㅋㅋㅋㅋㅋㅋㅋㅋㅋㅋㅋㅋㅋㅋㅋㅋㅋ,11,2026-06-10T03:08:22Z
MZzu7bZEww4,UgwlYqbIzPamDqyKxQd4AaABAg,@starlightstarr,0:21 쏘리질러~~ 0:40 구도 돈벳 걸어볼래 0:59 내최애파트❤지연턴 1:21 아빠저리가악!!!!!(휘휘) ㅋㅋㅋㅋㅋㅋㅋㅋㅋㅋㅋ,11,2026-06-09T14:51:15Z
MZzu7bZEww4,UgwjH6T7X7drtDR9US54AaABAg,@qwerabc.d,차지연 땜시 내눈이 반짝거려요 울 차지연 볼려고 지연님을 알게 되어서 행복해용 🩵💜👍👍,8,2026-06-10T03:59:17Z
MZzu7bZEww4,UgwiJGTbuqEHWWqoj314AaABAg,@서음-t8c,꺅~~너무 소중한 영상 감사합니다♡,8,2026-06-09T14:05:13Z
MZzu7bZEww4,UgwcEHp7Zu8CJQ0SK3h4AaABAg,@ChongS.Noh-u6g,"언제나 즐거움을 주시네요 ❤ 
신나는 영상 감사합니다 ❤",5,2026-06-11T01:57:59Z
MZzu7bZEww4,UgyQp7Ozv7QCwGVXKZJ4AaABAg,@muzevchoi,차미니 한번만 보긴 너무 아쉽네요..🥺💗,8,2026-06-09T14:49:28Z
MZzu7bZEww4,UgzqztuJaYaZn148M6h4AaABAg,@bkuesky-d5n,와우~ 차지연  멋지당 ❤❤❤,10,2026-06-09T14:17:55Z
MZzu7bZEww4,UgzUwY1hC8wWV8Kf01h4AaABAg,@한유순-i8p,와우 우리 차지연님이 이렇게 멋지게 변신하셨군요 사랑합니다,8,2026-06-09T14:06:31Z
MZzu7bZEww4,UgzAx32EBIochH1i3s54AaABAg,@조자최-o3c,차지연멋진🇰🇷아티스트❤감사😂,8,2026-06-09T14:47:57Z
MZzu7bZEww4,UgwGyjt4ROolwxpXQ3F4AaABAg,@김무순-t6r,차지연 보고있음 기분이 좋아진다 영상  올려주셔서 감사합니다,6,2026-06-10T08:08:45Z
MZzu7bZEww4,UgwaxzTLy6dgL9fK1pl4AaABAg,@조자최-o3c,우와함❤멋진무대차지연영원히기억할께요💃💋,8,2026-06-09T14:46:37Z
MZzu7bZEww4,UgwgXPJNBxewjTuUEWt4AaABAg,@이금란-r2q,차지연너무멋있ㄷ잉,7,2026-06-09T14:19:03Z
MZzu7bZEww4,UgwLBwo8zTIDmler0gB4AaABAg,@JJ-hf3of,감사합니다🥹,7,2026-06-09T13:50:11Z
MZzu7bZEww4,Ugzgp_5HARkPRBRMC7Z4AaABAg,@starlightstarr,아 엔딩요정 미니 귀여워... 아이돌이다 아이돌,5,2026-06-09T14:53:40Z
MZzu7bZEww4,UgxqNhr3iKsrnivjshF4AaABAg,@qkrwodkrjffp,두 사람 자주 붙네. 남자배우는 갑자기 나타나서 차지연 갈라콘서트도 메인으로 서더니 서편제도하고 ㅎㅎ 친한가봄!,6,2026-06-09T14:35:46Z
MZzu7bZEww4,UgznzIQpxQ2qzpLpkOF4AaABAg,@모나카벨,와 재밌는거 하네요… 영상 감사합니다😊😊,3,2026-06-10T09:13:43Z
MZzu7bZEww4,UgwZe8YodQ9y_BHzKg14AaABAg,@초이-m9r,"커튼콜 차미니 보고싶어요~^^
오는 일요일까지 쭈~욱 부탁드려요!!",2,2026-06-10T13:10:21Z
MZzu7bZEww4,Ugz6xaXF3Am6UuqpFSt4AaABAg,@이희정-e1e,❤❤❤❤❤  차지연,5,2026-06-09T23:09:25Z
MZzu7bZEww4,Ugzzb_aXtTD3Z446b3V4AaABAg,@mu_sori,이 정도면 신입단원 필요 없지 않나요??🤭,2,2026-06-10T13:14:51Z
MZzu7bZEww4,UgzEAcUxb1Fuld8BEW94AaABAg,@Dwiqlq,본공연에도 나오는 장면인가요?,7,2026-06-09T14:30:07Z
K497E8r7toA,UgyqanX33khqqqq6qhh4AaABAg,@jintaosu-w1w,千年鹤（2007）,0,2024-09-25T17:08:38Z
