video_id,comment_id,author,text,like_count,published_at
vqoLKy7d9kI,UgybKxncnRFuiFU-xgV4AaABAg,@박상화-l6p,"성악가 윤여진, 강승규 정말 잘하네요~^^",1,2020-11-07T14:35:29Z
vqoLKy7d9kI,Ugx75z7YEeKNSXMyD0J4AaABAg,@베님_6390,엠씨가 제일 빛나네요~^^,0,2020-11-08T03:48:24Z
vqoLKy7d9kI,Ugzzf2mAuRZyOhHdfyB4AaABAg,@ninebell-m2k,승규 멋지다~~~~,1,2020-11-07T07:48:47Z
K1_hhIQRVrg,Ugxw0eXXMK3vmE-BjTt4AaABAg,@kate17172,궁금했는데.. 번역본이 없다니.. 빈필 뉴욕필 이름가운데 서울시향 이름올린 김보람 위원님 자랑스럽습니다!,13,2023-03-27T10:30:30Z
K1_hhIQRVrg,Ugzsq-V6RMdgYzMpL294AaABAg,@sujungunni5990,이 컨텐츠 너무너무 좋아요😊 김보람 위원님 기억하겠습니다.,6,2023-03-27T11:04:45Z
K1_hhIQRVrg,Ugzx9n93uHYQOuO3VPl4AaABAg,@은경-y8j,전혀몰랐던 신비한 세계. 헤어질 결심 볼땐 아무생각 없었는데 다시보고 싶어지네요,4,2023-03-27T10:12:05Z
K1_hhIQRVrg,Ugwr6truZrqRM_KKVvN4AaABAg,@justinryu7509,항상 양질의 좋은 영상 감사드립니다..,7,2023-03-26T09:03:45Z
K1_hhIQRVrg,Ugxi6M_rJzLZoyQJiXp4AaABAg,@virusssun6576,"몰랐던 분야를 새롭게 알게 돼었네요, 좋은 영상 감사합니다.",6,2023-03-26T12:40:08Z
K1_hhIQRVrg,UgzuAe-gq0Qh6Bp3jGV4AaABAg,@chongi114,"기자님 컨텐츠는 다양하고, 숨겨져있던 사람 그리고 일들을 발굴? 하는듯한 느낌이예요~ 어디서도 볼수없는 영상들이 많아서 신선하고 볼것도 많아서 좋아요!! 보물 많이많이 올려주세요 ❤",7,2023-03-27T10:21:29Z
K1_hhIQRVrg,Ugy03lnhV-vkXp5qHHp4AaABAg,@claud7900,너무 재밌어요>< 김보람 위원님 정말 프로시네요👍🏻👍🏻👍🏻,5,2023-03-27T13:02:48Z
K1_hhIQRVrg,UgzNENmzxgq8jSvS1fh4AaABAg,@minpaper,출판사마다 악보가 많이 다를 수도 있군요..!!ㅋㅋ 몰랐어요,3,2023-03-26T22:29:46Z
K1_hhIQRVrg,UgxCdNq6jKxcJe1gLhZ4AaABAg,@김민경-p3r,정말 대단하세요 👍 설명도 잘 해주시고 참 유익한 영상입니다 많이 배워가요,2,2023-03-26T11:13:05Z
K1_hhIQRVrg,Ugx1hDNTMrxVWw4263t4AaABAg,@duckbote,음악 문외한에게는 지휘자마다 악보가 다르다는것조차 너무 신세계 입니다 !!! 우왕,3,2023-04-12T07:05:34Z
K1_hhIQRVrg,UgzurGkXiicsfnaLXuF4AaABAg,@SRY-sb5lr,같은 악기도 색이 다른 소리가나듯 같은 악보지만 다른 음악이 나올수 있군요 진품명품편 잘봤습니다.,1,2023-03-27T13:10:50Z
K1_hhIQRVrg,UgysdHmGgRGeomXG1Lp4AaABAg,@JUNCHI0131,새삼 음악은 제게 취미의 영역이라 다행이네요... 위원님 정말 대단하십니다! 좋은 컨텐츠 잘봤습니다!,2,2023-03-28T11:56:55Z
K1_hhIQRVrg,Ugw8SB6r3B7RmFxBxah4AaABAg,@Lee-vs4ju,ㄷㄷㄷ 오케스트라의 사서 정말 다양한 일을 하시는거군요!!,3,2023-05-08T09:29:05Z
K1_hhIQRVrg,Ugw6ouesKsPi9gViFIx4AaABAg,@amadeus8014,베토벤 9번 정명훈쌤이 베런 라이터 판본으로 지휘를 하시는군요~,2,2023-07-19T04:52:48Z
K1_hhIQRVrg,UgxFzSv9xoxgQCv_CBl4AaABAg,@SeoulPO,🧡,3,2023-03-30T14:45:48Z
K1_hhIQRVrg,UgwRjEIfTPweVA64X5R4AaABAg,@초롱초롱-d8q,우와 신기하네요,1,2023-03-26T09:09:51Z
K1_hhIQRVrg,UgxMdFIt7VT9HDjVFEF4AaABAg,@현지아-b4k,오.. 대박!!,2,2023-03-30T23:21:18Z
K1_hhIQRVrg,UgxXstsC3o8RmF9Jlah4AaABAg,@dndnfgo-i3h,너무 재밌고 유익해요,0,2023-04-20T05:13:58Z
K1_hhIQRVrg,UgxzZ_ouIh2ScWyVd0t4AaABAg,@yhkee1,지휘자가 파트보를 마음에 안 들면 다 뜯어고치는군요. 그런데 갑자기 지휘자가 바뀌게 되면 어떻게 되죠? 리허설할 때 아주 복잡해지는데요. 지휘 자가 원하는 대로 순식간에 악보를 배포하고 거기에 맞게 리허설이 가능한가요? 그리고 정명훈 지휘자는 자기 악보를 서울시향에 다 맡겨놓고 다니는 건가요? 그러면  다른데 라디오 프랑스라든가 그런 데서 지휘하게 되면 그 악보가 필요할 건데 그때는 자기가 개인적으로 지참하는 악보 그러니까. 원본 있고 복사본이  있다던가 그런 식으로 해야 되겠는데요?,1,2023-04-12T22:49:56Z
K1_hhIQRVrg,UgwQ254rHFvLRPLdZll4AaABAg,@중용-p3p,돈을 한그 벌어서 아마존 악보를 몽땅 털어버려야겠다는... 불끈!!,0,2023-04-15T11:08:08Z
K1_hhIQRVrg,UgxMoLmUaeBP9vaF4Kl4AaABAg,@돌산유격대,한국에 음대가 그리 많아도 세계적인 클래식 작품이 몇개일까 정말 반성해야 한다,1,2023-04-21T01:08:52Z
K1_hhIQRVrg,Ugw4AQmZ4fRu_lVXayV4AaABAg,@박문희-p5o,책 제목 부탁드려요~^^,4,2023-03-26T08:51:47Z
K1_hhIQRVrg,Ugx3OIBEtEsTv6pq4Ol4AaABAg,@이형주-u5k,전문가들의 분야... 그들만의 분야....그들만의 리그.... 그들만의 유희....,0,2023-03-26T08:05:38Z
dRRmAyy7rD4,UgyuLZ-bn_bj4yp3QbV4AaABAg,@MBR-gh4tu,"허 가수님의 중저음의 차분한 발성에 의한 ""다시 한 번 만"" 잘 들었습니다...
아주~  좋아요...^^",2,2023-05-30T23:27:34Z
Lib78v6mVAA,Ugxt55NIP7WfcKdcJHV4AaABAg,@MBCdrama_classic,"👇<커피프린스 1호점> 보러가기👇
https://youtu.be/ZsO75MjIlIM",22,2022-10-17T00:23:49Z
Lib78v6mVAA,Ugx_Hz5B9s-OBeeO4il4AaABAg,@뀨이잉-q7t,키스신은 커프가 진리지.. 설레는 여름밤.. 내 최애 드라마ㅜㅜㅜ♡,186,2022-12-07T08:28:42Z
Lib78v6mVAA,UgxJXaB-wER1P2OQUht4AaABAg,@jiyoung7136,10년후에 봐도 신선하고 안 질릴 전설의 커프. 공유 윤은혜 이때가 제일 리즈 시절임.,6,2026-06-25T03:15:15Z
Lib78v6mVAA,UgyUcrLnJmatCI-nJpZ4AaABAg,@오네벨,"ㅋㅋㅋㅋㅋㅋ""이때부터인것같아요.....제입꼬리가 찢어지기 시작한게...."" ㅋㅌㅌㅌㅋㅌㅌㅋㅋㅋㅋㅋㅋㅋㅋㅋㅋㅋ앜ㅋㅋㅋㅋㅋㅋ개웃기넼ㅋㅋㅋㅋ",199,2022-12-03T18:36:43Z
Lib78v6mVAA,UgzsCGe6tUpxZDGm-794AaABAg,@안용수-f5z,느낌왔어여 이때부터김종국님이랑 사이가멀어졌을거같음,298,2022-10-14T13:52:44Z
Lib78v6mVAA,UgxdaWPY9gWEfRWmZj94AaABAg,@hot-short96,"역대급 맞네요
지금 다시 봐도 키스신 멋지네요
공유랑 윤은혜 다시 보니 어리고 상큼해요",42,2023-03-13T13:57:21Z
Lib78v6mVAA,UgzuU5QpCs369qE3WPB4AaABAg,@lets7775,은혜 순수함섹쉬함 을가지고 있네,11,2023-04-14T20:18:37Z
Lib78v6mVAA,Ugw5L1Ka5mfUXFTmxjd4AaABAg,@서지은-n3l,"집에 안보낸데꺆,개설레❤🙆‍♀️👍",16,2022-12-31T07:18:41Z
Lib78v6mVAA,UgwV1kgDgKQTKyNlb0l4AaABAg,@김호영-b6x,"공유 진짜 웃겨,",8,2023-02-08T00:46:32Z
Lib78v6mVAA,Ugy8MhAdj3oAVQvWcaV4AaABAg,@멜론거북이_ffjxne,크으..이게 찐사랑이지..❤,4,2026-01-04T11:30:39Z
Lib78v6mVAA,UgxpuzXOKT-8T5zchYx4AaABAg,@방구석집토끼,넌 대체 누굴보고 있는거야 ~,15,2022-10-14T13:03:38Z
Lib78v6mVAA,Ugz3vJHO6fkorBoNebd4AaABAg,@user-yditdkgckhcd,와중에 편집자님 에셈팬이신가 자막이 엑소와 엔시티ㅎㅎㅎ,21,2022-10-20T21:14:11Z
Lib78v6mVAA,UgxAkcF3fSlA64GVoUR4AaABAg,@bb_5642,하 진짜 커프 볼때마다 여름 느낌 나고 좋음,1,2026-03-25T16:56:38Z
Lib78v6mVAA,Ugwh-nKt8veDtSIBTKl4AaABAg,@sunny21332,지금 봐도 ㅋ 아웅 어쩔티비 ㅎㅎ,15,2022-10-20T05:57:49Z
Lib78v6mVAA,UgznIUksO2qoGjs2H0l4AaABAg,@LucyKyohe_,깍키스신너무멋져,2,2026-02-13T10:29:04Z
Lib78v6mVAA,Ugzc6q6lVBGZ6ineFaR4AaABAg,@룰루랄라-f6f,공유 수염 난거 첨봄 ㅋ,4,2023-02-17T11:06:19Z
Lib78v6mVAA,Ugxyi1-Z65VQ9M0AMUJ4AaABAg,@M1lk.09,위에 글씨 보자마자 으르렁인줄 알았다..,1,2023-01-09T14:12:05Z
Lib78v6mVAA,Ugx8SdSwpzzed35n4I14AaABAg,@리니-e5x,마지막 웃김😅,1,2023-01-17T08:46:27Z
Lib78v6mVAA,UgxmeUnIV0hEXiqApzR4AaABAg,@bdh-u4d,헐 대박,2,2023-03-14T12:40:00Z
Lib78v6mVAA,UgyU8a_InOYlnjC8s_J4AaABAg,@ngocanh11098,Rewatch this drama 100000 times,6,2022-11-14T14:28:47Z
Lib78v6mVAA,Ugx1SYiHqYZSzCvy9O14AaABAg,@lillianmarievistal5597,"back then this was considered a risque scene compared to other romcom kdramas of its time, which were relatively tame 😆",0,2026-06-23T12:58:40Z
Lib78v6mVAA,Ugzq7a0YkOVjQZeQor14AaABAg,@경기수-b3m,ㅋㅋㅋㅋㅋㅋㅋㅋㅋㅋㅋㅋㅋㅋㅋㅋㅋㅋㅋㅋ😂😂😂😂😂😂😂😂😂😂,1,2023-07-13T08:11:26Z
Lib78v6mVAA,UgwCQEXZCcdUILoHkLN4AaABAg,@꿍꾸밍,키스해키스해!!어..어!?진짜했네?,1,2022-10-15T08:21:13Z
Lib78v6mVAA,Ugzt9XjDIrNDYkEEH6t4AaABAg,@김종옥-n3f,와~~  ㅆㅂ 💋   존나 잘하네,1,2023-01-25T04:12:40Z
Lib78v6mVAA,UgzTPdlo1T6wvlBWQ-54AaABAg,@lni_xe_ixn,♥-♥,2,2023-03-30T12:07:44Z
Lib78v6mVAA,Ugwr5nnsiARkYjvgHVZ4AaABAg,@소연-r1u,이~야~❤🎉,0,2026-06-10T08:48:18Z
Lib78v6mVAA,UgxwJ7Q75JFcJWkX4N94AaABAg,@김희진-u6u8s,이거뭐야ㅋ,3,2023-03-03T07:36:18Z
Lib78v6mVAA,Ugynk2brawp2a0AniKR4AaABAg,@유다혜-h9b,키스 먼저 가서 좀 더 이상 참 좋은 하루 보내 주세요,0,2022-10-16T10:37:07Z
Lib78v6mVAA,Ugzuh0D0Pt9W4pvvWox4AaABAg,@김영진-g1n4m,나도 하고싶다,1,2022-12-14T08:48:26Z
Lib78v6mVAA,UgyVLMAqDZB5fyV4SU14AaABAg,@옍빠,옼키,0,2022-10-17T13:01:51Z
Y9mf50TBAs0,UgylGsqnxv4XVj2T2fd4AaABAg,@김어부-u3i,그냥 포차 비스무리한 술집들 다 집계한거 아니냐,20,2026-03-31T09:31:33Z
Y9mf50TBAs0,UgxbZ1TUYwDq1aYP6XF4AaABAg,@소년-t1s,"대학로에 무슨 개 쌉소리를하고있엌ㅋㅋㅋ
혜화에 헌팅포차 하나라도 말해봐라ㅋㅋ 
대학로 주민으로서 진짜 개짜치네 
나도 집앞에 헌포있었으면 딴동네 안가지 
나도 가고싶다 집 앞 헌포",16,2026-01-30T23:52:06Z
Y9mf50TBAs0,Ugwrz0uQbAocixf9q7h4AaABAg,@Koz_zico,그냥 핫플은 모든곳이 헌포라 쳐서 수치 매긴듯?,24,2025-07-01T13:37:09Z
Y9mf50TBAs0,Ugx-yj0jXkb4riTiBtF4AaABAg,@이하준-h2w,혜화에 헌팅포차가 있다구요....???,6,2025-12-15T09:44:49Z
Y9mf50TBAs0,Ugz3bECYlmTd4QSdOtt4AaABAg,@matine_tv,오 🎉,0,2026-03-19T05:42:30Z
Y9mf50TBAs0,UgwQ-tQOcS86hB1_Ki14AaABAg,@KokotdakKoko,구월동 부평이 없네 ㅋㅋㅋㅋㅋ,21,2025-12-13T14:42:11Z
Y9mf50TBAs0,Ugzbs2Bcp3W9_YWYtIJ4AaABAg,@SeilPark89,신촌에도 있어? 근에 보통 자기 사는지억 가까운데 가지 않음? 마포구라 홍대 신촌 이태원 정도 갓 20대에는 강남 건대입구 대학로 조져 봤는데 흠.. 힘드렁 멀리,9,2025-08-22T16:21:58Z
Y9mf50TBAs0,UgwEI40OtUuNb5szuD94AaABAg,@은수빈-iz,인천,1,2026-03-25T09:47:41Z
Y9mf50TBAs0,UgzXqzziCUyhxGqqf414AaABAg,@Whahutwhahut,헌팅 포차 가보고 너무 실망입니다… 사냥하면서 술 먹는 레인지인줄 알았는데… 진짜 수준 낮네여…,0,2026-06-19T06:08:15Z
Y9mf50TBAs0,UgwM698vcqKYSpbWMit4AaABAg,@user-hanwootwoplus,그렇게 많을리가..,10,2025-08-19T05:10:12Z
Y9mf50TBAs0,UgzX1u8LzJmFRx6XvEJ4AaABAg,@은이름,종로는 거의 다 야장아님..?,0,2026-07-03T12:39:26Z
Y9mf50TBAs0,UgwYnANvv-KodA7XWbJ4AaABAg,@강강강-v1k,서면에 40개나 있다고...? 😅,0,2026-06-29T03:37:16Z
Y9mf50TBAs0,Ugy1Zd-oFY8fsSVBGHN4AaABAg,@조범탱-f1t,헌팅포차 안갈그야 그돈으로 안마방가는게 낫지,0,2026-06-03T11:01:55Z
Y9mf50TBAs0,Ugz9c-oc-G3uBKObl_14AaABAg,@exelsior747,개구라임 신촌 58개는 진짜 개 쌉개소리임 ㅋㅋㅋㅋㅋㅋㅋㅋㅋㅋㅋㅋㅋㅋㅋㅋㅋㅋ,4,2025-12-30T13:00:19Z
Y9mf50TBAs0,UgwjRkxTaYDZkjNPOoZ4AaABAg,@베이비붐-f5r,부천역이 없네...,0,2026-03-01T04:22:22Z
Y9mf50TBAs0,UgwMtSPLpX3MFThuTph4AaABAg,@알람이-h2g,아닌데..,4,2025-02-17T06:47:59Z
Y9mf50TBAs0,UgxPLe-ZvO2HgyIHKkd4AaABAg,@Nsy429,부평이없네,0,2025-11-11T13:06:34Z
Y9mf50TBAs0,Ugzn2r0M3lYYMHBMieB4AaABAg,@kth838383,예??? 신촌??,1,2025-11-08T07:21:27Z
Y9mf50TBAs0,UgznrH0WucfV_oqDcTx4AaABAg,@고사리갈비탕,종로가무슨,0,2026-05-17T11:53:29Z
Y9mf50TBAs0,Ugw7M8JgpMQKZVjwiuZ4AaABAg,@말썽아기,경상돈빼,0,2026-06-04T17:43:21Z
Y9mf50TBAs0,UgweUut014EpdxCdggt4AaABAg,@김루-l1k,강남ㅇㅕㄱ이요?,0,2025-10-31T03:33:09Z
HW8fLsn-zWk,Ugx1gJxBHmFDSvxaPId4AaABAg,@ffpp-x7x,이제야 알게 되었네요. 구수경TV 승승장구 가 봅시다.,1,2026-04-06T02:44:20Z
HW8fLsn-zWk,UgyEkrKx6HGrKOfZF5V4AaABAg,@정태민-gogo,당신은  나만의 여자🎉🎉❤❤❤,2,2026-02-16T00:02:24Z
HW8fLsn-zWk,UgwN_WjeYjusMQ-3eu54AaABAg,@선각자-h1e,기가 막히게 하네~... 영상이 드물어서 겨우 찾았네요~ 디지털 시대에 맞게 인기와 수익도 창출할수 있게 유튜브 생방송 원합니다... 미모와 목소리 까지 고와서 엄청 인기 높을듯 싶네요~ 나름 유튜브 구독자 전문가 입니다. 믿어 보시면 후회 안할듯 싶네요... 선각자도 기억좀 해 주시면 감사하겠고요... 모나지 않은 창법을 갖고 있어서 무조건 성공 합니다!!,7,2023-09-10T04:54:02Z
Zvh6n5ck7AE,UgyA1oXuk2pEyd29cYR4AaABAg,@류기석-x6o,교외선은어떻게추진되는지요?,1,2023-02-16T05:49:03Z
1q4iJLeHSmw,UgyOOw773XvhDLjsTSR4AaABAg,@직장인서군,진짜 알바 있더라 ...,2,2026-06-20T13:15:21Z
1q4iJLeHSmw,UgzKrmkXL7axgBMOmV94AaABAg,@팩트-m9k,여자알바 많이 심어놓음 ㅎㅎ 유명한 곳도 알바 2-3명 채워놓습니다. 시급높아서 그냥 2시간만 앉아있다오면 된다 싶어서 알바많이 한다고 함. 알바천국에서 로테이션 소개팅 스탭 모집한다는 글 많이 봤는데 일도와주는 스탭이아니라 자리 메꿔주는 여자알바생 구하는 모집글이었음. 인스타에서 광고 때리는 유명한 곳리었음,41,2025-12-02T09:20:14Z
1q4iJLeHSmw,UgwcAr-ru44xrb_Db8h4AaABAg,@해쉬브라운-q9t,거기도 알바가잇는거야??싀바 ㅠ 가뜩이나 어려운데 더 어렵겟다,1,2026-05-26T21:36:05Z
1q4iJLeHSmw,Ugy6npff9T955PQSk2R4AaABAg,@hahaha-bu5rd,저기 여자 알바 엄청 많음ㅋㅋㅋ내 경험담ㅋㅋㅋ,22,2025-12-25T14:54:12Z
1q4iJLeHSmw,UgxGLA1ai0s3G54A7R14AaABAg,@김동운-s5k,외모 상 본적이 없는데,0,2026-05-13T11:29:31Z
b1NkadhcqOk,UgziBTPVeJtmBG4SFT14AaABAg,@순정당당,의정부 2동성당이 제 본당인데   어렸을 때  성모병원 기억나네요  축억이 새롭새롭 ^^,1,2023-10-23T12:44:40Z
b1NkadhcqOk,UgzmDk3vfwGDE4Acdcd4AaABAg,@박현수-r7x,1:39 그레이스 구급차 베스타 구급차,0,2022-03-05T00:49:39Z
5mGdm4-o9SA,UgwgciwGK88YncsChjp4AaABAg,@lifefood1,"진정한 ㅡ프로 유튜버시네요 몇번 가셔서 영상 멋지게 찍어주시고
신곡동 자주 가던 동네였는데 지금 멀리 왔네요
감사합니다.",0,2023-08-10T13:28:37Z
5mGdm4-o9SA,UgyHYkXi9atuRQgu5Kx4AaABAg,@보미-x5b,오~ 가성비 죽이네요~ 감사합니다~,0,2022-12-26T07:33:52Z
5mGdm4-o9SA,Ugz1yKfTG2TYqhGOdDp4AaABAg,@hawaharp5075,"추운날 동태탕 진짜 맛있겠네용~
근데 저 가격에 남는게 있으신지ㅠㅠ",1,2022-12-26T07:02:50Z
5mGdm4-o9SA,Ugzj9XR4fBbqd9kdOqZ4AaABAg,@mattsajang,"이 추운 날씨에 정말 잘 어울리는 소주안주~ㅎㅎ
근데 내년에 인상해서 6천원 맞아요 ??ㅋㅋㅋ
가성비 끝내주네요^^",0,2022-12-28T06:11:37Z
5mGdm4-o9SA,UgxWgQ-5ooFJ4bguzVJ4AaABAg,@chaedo,인상된다고 해도 가격이 넘 괜찮네요😊,0,2022-12-27T11:11:34Z
5mGdm4-o9SA,UgxIt8p7GtzDTWjGM5x4AaABAg,@cassadee7319,고읍동 별미지교 옆 구 슈바인학센 자리에 하얼빈이라는 중식뷔페가 생겼던데 궁금하네요 ㅋㅋ,0,2023-01-03T14:16:53Z
5mGdm4-o9SA,UgyTYz1YNZHgJ_gLwPl4AaABAg,@청아-w4u,"오~ 저도 여기 가봐야겠어요 ㅎ
예전에 이레네 칼국수 먹으러 갔는데 옆에서 드시고 있는 거 봤어요 ㅎㅎ",0,2023-03-18T15:24:15Z
ioygdJyJ_OA,UgzDfMUKKourbSpgIEl4AaABAg,@yhskTV,"칼국수를 단일메뉴로만 파는 칼국수 전문점은 확실히 맛집인 것 같아요~ 치즈 군만두는 처음보는데 비쥬얼이 너무 맛있어보이네요ㅎㅎ 칼국수면이 두툼해서 더 식감이 좋을 것 같아요!
만두칼국수는 만두도 왕만두가 들어있어서 정말 배부를 것 같네요!🙂 영상 잘보고 구독, 좋아요 누르고 갑니다~♥",2,2023-02-14T07:24:54Z
PKtE0sGU97w,UgwJfb86dF4YVUaFqe54AaABAg,@すすきの-w9z,"햐~~   보기 드문 악기
기가 막히게  좋습ㄴ다♡",2,2022-07-14T15:41:00Z
PKtE0sGU97w,Ugyta9AvarxN7ZVxkHJ4AaABAg,@사랑김-f2d,오늘도 수고하셨습니다  멋지네요~^♡,0,2022-07-15T15:12:19Z
p6P5QRRzN3w,Ugzsbq8FzRCBwyxeppx4AaABAg,@한정수-x2w,순수하고 고급지고  신선하고 고급지고 아릅다운 천상의명품보이스  조명섭왕자님 응원합니다  최고최고 감사합니다  💜💜💜🌈🌈🌈👍👍👍🙏🙏🙏,4,2023-06-10T06:31:15Z
p6P5QRRzN3w,UgyWT71z0ll7jxINLRp4AaABAg,@성애숙-u3q,슈트가 멋진 명보스님 최고 오늘도 브라보 친구 응원 합니다,3,2023-06-10T11:03:40Z
nWvgL1Z0XMI,Ugz9J_hRd-az_TkPxl54AaABAg,@풀잎소리TV,원곡은 이곳으로 https://youtu.be/RXmkZiW_MUw,8,2022-09-03T10:10:37Z
nWvgL1Z0XMI,UgxJdtECGczqyGrZcyR4AaABAg,@아리아-p8b,"풀잎 소리님 오랜만입니다.
백일홍 이렇게 이쁜줄 몰랐네요.
홍보영상 감사합니다.
노래 꽃 잘감상 했습니다.",8,2022-09-03T10:24:12Z
nWvgL1Z0XMI,UgyzyToW6UtGUlZjJMl4AaABAg,@leejungin7,"백일홍이 아직은 이쁩니다.
꽃들에향연~
#가수님 노래도 듣고 백일홍도보고 짱! 입니다.",7,2022-09-03T10:08:23Z
nWvgL1Z0XMI,Ugy68w8k7HHsvddg7yl4AaABAg,@관연정,우리명왕자님.꽃.정말.사랑스럽고넘.예쁘네요천상에목소리왕자님.노래.잘듣고 꽃구경도잘했네요.감사합니다.😁😁😁👍👍👍👏👏👍♥️♥️👏,7,2022-09-03T10:41:07Z
AMfbX-tr-PM,UgyPvSl8nEDSs2O_aqN4AaABAg,@유시니채널-y7g,너무 좋습니다. 좋은 연주 감사합니다.,0,2026-05-03T01:37:51Z
AMfbX-tr-PM,UgyHA9g9cZpDw13TqeJ4AaABAg,@최수현-q1t,찐 한국사람,0,2026-05-14T12:18:39Z
AMfbX-tr-PM,UgyTxSGM9Qe922sPwtB4AaABAg,@jun1635XVI,크.. 감성이 죽여주는군요,2,2022-07-15T15:10:45Z
AMfbX-tr-PM,UgynbNwWB-t56dKM2594AaABAg,@HyukMonica,"안녕하세요 연습으로 들으면서  카피하겠습니다
1:19

1:27

1:36

1:41",2,2024-09-20T11:18:52Z
AMfbX-tr-PM,UgzMneKhXci1Pqs1DYx4AaABAg,@user-dandyboy,"좋아하는노래인데 
하모니카로 들으니 더애잔해지네요!
비도오시는데 오늘한잔안할수없을듯...",3,2022-06-23T11:00:09Z
AMfbX-tr-PM,UgwJUVI6VYR0l_n-lPp4AaABAg,@Park_Chang_Hyun,"CX12가 고 김현식 님의 곡과도 잘 어울리네요.
저는 CX12 블랙으로 비처럼 음악처럼을 연주한 적이 있는데, 의외로 잘 어울려 놀란 기억이 납니다.
골드 모델이 은근 간지가 있어 보여 사고 싶었는데 단종돼서 많이 아쉽네요...",2,2022-06-24T04:59:15Z
AMfbX-tr-PM,UgyvHFcPX_KEwi8hqmt4AaABAg,@JaysBae,익숙하지만 음 진행이 매끄럽지 않은 부분은 많이 아쉽습니다.,0,2025-12-26T13:31:20Z
Wk70tQgAybQ,UgyZIi-6skCXBqeVOEx4AaABAg,@도언-e6g,역사는 슬픈 과거야~~😢😢😢,0,2018-09-02T21:56:05Z
Wk70tQgAybQ,Ugxir61d8mVfjJlkZvd4AaABAg,@namsoonchoi4097,"알고보니 참 슬픈 우리의 역사네요?
뼈아픈 고통을 우리는 일본군에 의해 당했네요
잊지 말아야 겠어요 ~~",0,2018-08-31T13:41:10Z
i0FCMVKXKbY,UgzIFLAhzsWXcKdWnKV4AaABAg,@여영태-d4c,소유님 얼굴도 예쁘지만 어떻게 노래를 그렇게 잘 부를까요 정말 듣는 순간 황홀해집니다,2,2019-09-21T06:43:19Z
i0FCMVKXKbY,UgwfxaCqdfPIbqadfyt4AaABAg,@수평선-d8r,김소유가수 최고👏👍👍👍👍👍👍👍,2,2019-08-10T15:55:26Z
i0FCMVKXKbY,Ugz3gVYbG55-F74q0vh4AaABAg,@얼짱힘짱,"소유님보면
나도모르게입가에미소가",2,2019-08-20T18:29:29Z
i0FCMVKXKbY,Ugz3Wt_OBW9flxCUT154AaABAg,@이용연-g4c,소유잘한다~최고,9,2019-07-08T11:09:03Z
i0FCMVKXKbY,UgxXhZFgPsaxk-M24ql4AaABAg,@내임아,소유양 화이팅,7,2019-07-14T00:33:10Z
i0FCMVKXKbY,UgwoEYH0EVQ2KYayFlV4AaABAg,@하모-0919,공연장에서 저 모습보면 정말 빠져 나올수가 없답니다.응원합니다,6,2019-07-10T03:25:18Z
i0FCMVKXKbY,Ugx3WK47EQP4AwQozl94AaABAg,@김용규-h4i,김소유 1등,2,2019-07-30T04:39:39Z
i0FCMVKXKbY,Ugxr5qnX5Gno-Ic3sqp4AaABAg,@남궁곤-p5m,"멋지네요~~
떡집 딸이 젤 잘하네요 ^^",3,2019-08-10T23:45:43Z
i0FCMVKXKbY,UgzoozTyuBXYNGRosud4AaABAg,@벨로시티,"소유님 풀샷영상 정말 감사합니다 꾸벅
오늘도 여신포스 즐감하고 갑니다^^",6,2019-07-14T11:12:58Z
i0FCMVKXKbY,UgxkgFQKU9G2TdB5lEB4AaABAg,@벨로시티,"이제 여신 등극이다!
트롯여신 김소유!!!",5,2019-07-11T15:56:26Z
i0FCMVKXKbY,UgzUjvKuTxh6pmWeeNR4AaABAg,@청학거사,댄스 여신   탄생🤗🤗🤗,5,2019-07-09T12:18:29Z
i0FCMVKXKbY,UgzHyVl9IDAHRPF-B4V4AaABAg,@배경안-t8b,명랑상큼활발한소유양에모습잘봡읍니다~,4,2019-07-16T11:51:23Z
i0FCMVKXKbY,Ugwm0xDG8XE0_a40IAV4AaABAg,@tzart8052,영상 감사합니다  고생하셨습니다    트롯신,5,2019-07-11T12:04:02Z
i0FCMVKXKbY,UgwPTDAZrqv6TnOjIzB4AaABAg,@안상아-f4c,가인 홍자 보다 백배 예쁘고 잘한다,4,2019-07-22T20:58:13Z
i0FCMVKXKbY,Ugx0_YlH_DmjUG2230J4AaABAg,@김태건-r7m,가인님 노래보다 깊이없이가벼워  홍자보다는 나은것같네,0,2019-08-01T10:59:35Z
XXvEj85DwCc,Ugz0A9VZfs9aU4JqZ7B4AaABAg,@지혜를-r3o,"들으면들을수록 빠지는 목소리
명품보이스  조명섭가수님 응원합니다!!~~❤❤",5,2023-06-28T06:13:36Z
XXvEj85DwCc,Ugzh4Q91FD9m0z7laAF4AaABAg,@Jiyongjin0000,최고의 가수 조명섭 가수님 응원합니다 👍,0,2023-09-21T08:06:50Z
XXvEj85DwCc,UgxLrg8QrxcoxQ-M7OF4AaABAg,@기러기-n9o,목소리 좋은가수님,0,2023-07-02T23:18:34Z
XXvEj85DwCc,UgxDbKoYKdkEPgxJOq54AaABAg,@whitebird1991,"명픔가수님영상올려주어감사합니다,응원합니다, ❤",0,2023-07-08T11:10:34Z
x7SKLzMYwXI,Ugzrnfar-b8DiP9b7-94AaABAg,@IllIIl1,카메라 구도 저 영상말고 다른것도 있나요. 넓게찍어서 보기 좋습니다,0,2023-03-25T22:35:55Z
x7SKLzMYwXI,UgzYfdkqSreikzuMoZh4AaABAg,@송재용학부졸업전기,JWJYY SEOUL,1,2023-03-28T16:26:27Z
x7SKLzMYwXI,UgxZaHzvhj-WOJfDDr94AaABAg,@백용학-c6i,카메라가 한대밖에 없나요? 대체 뭘 보라는건지~~~.,2,2023-03-25T05:29:39Z
23HyR091ft4,Ugx2Q34x1n6tS_Fxaep4AaABAg,@한정수-x2w,조명섭왕자님 최고최고  사랑합니다 응원합니다 감사합니다 최고요❤❤❤  👍👍👍👍👍,35,2023-07-04T04:37:18Z
23HyR091ft4,UgwV0_GFTEfQAGaMM6x4AaABAg,@미자이-l5p,"# 조명섭황태자가수님
매력덩어리 춤도멋스럽게
잘추시넹ㅛ 🕺 🕺 🕺 🕺 🕺 🕺 🕺 🕺 🕺 🕺 🕺 🕺",18,2023-07-04T12:35:39Z
23HyR091ft4,UgwX1LH9VsfLB8aRAdx4AaABAg,@빛나는향기-d7c,"매력부자  인간축음기 
#조명섭  왕자님  최고입니다",25,2023-07-04T09:45:22Z
23HyR091ft4,UgxRhhelu-5nTmHSbM54AaABAg,@pusike,조명섭왕자님 덕분에 행복해요,33,2023-07-04T07:59:50Z
23HyR091ft4,UgzWgw6zPHOt4u_9Ykh4AaABAg,@부산백일홍,"저끼를 어떡혀 ~~울끼쟁이 서비가수님. 넘귀엽고사랑스럽네요
멋진가수님 응원 합니다 ~~🤩🤩🤩✨️✨️✨️🎀🎀🎀🌻🌻🌻🌼🌼🌼💔💔💎💎💎",19,2023-07-04T13:07:19Z
23HyR091ft4,UgyYZiGiGstMyk_TyAV4AaABAg,@배동식-t5n,"아무리 봐도 사랑스러운 
다재다능한 만능 재주꾼 
#👨‍⚕️조명섭 가수를 
사랑하며 응원합니다 
승승장구하길 바라면서 
💙💙💙💙💙💙💙",17,2023-07-04T17:45:24Z
23HyR091ft4,UgzpuWF6tanXaHpbMbJ4AaABAg,@나빌레라lee,"조명섭가수님  어찌저리 귀여우실까요
노래도 춤도 독보적~
매력이 넘쳐요~",17,2023-07-04T14:53:27Z
23HyR091ft4,UgzQleGymxGvmPvj5rJ4AaABAg,@김스마일-v6x,사뿐사뿐 매력철철 #조명섭 님~ ㅎㅎㅎ,15,2023-07-04T16:02:20Z
23HyR091ft4,UgxbhSSSzzSkCnAt-wp4AaABAg,@카프치노,"ㅎㅎㅎ 못말리는
끼쟁이 서비님😉☺️😁",15,2023-07-04T15:12:11Z
23HyR091ft4,UgxS5idkHJe4lbFg3154AaABAg,@이소향-q4j,"항상 목마르다
이갈증 어떡하지ㅠ
콘서트로도 모자라니~
조명섭의 가치가 무한대❤",13,2023-07-05T03:54:35Z
23HyR091ft4,UgwD5X0Q8SZyhtThl6x4AaABAg,@주손이,울가수님 넘 귀여워 사랑합니다~~^^^,15,2023-07-04T15:34:48Z
23HyR091ft4,UgxYe6YjZyj-2gFV8P94AaABAg,@정은김-g4h,첫째~머리가 너무좋으니  아이디어가 막따라오지요 귀여움을 받을수밖에~유머도 많구요~한마디로 천재입니다😅😂,7,2023-07-14T10:27:54Z
23HyR091ft4,UgykcVJmn-ZsGsj3WFx4AaABAg,@사랑의독마늘찌유니,최고최고 🩵,12,2023-07-05T12:46:03Z
23HyR091ft4,UgwyysbjKtXh5kAS8zt4AaABAg,@natashakinskipark4065,"개성이 뚜렷한  
특별한 가수
귀엽고 멋나고 예쁘고~",7,2023-07-09T12:01:53Z
23HyR091ft4,UgzrhqQhzMWShM89xr54AaABAg,@내가최고-q3l,"ㅎㅎㅎㅎㅎㅎㅎ 호탕한 웃음에 위로 받아요,조명섭가수의 ""브라보 친구""신명난다",33,2023-07-04T05:17:26Z
23HyR091ft4,Ugz6Cd3LXzTMr_bdOQR4AaABAg,@남숙한-q5c,"울 가수님 넘 귀여워요 
재밌나요
좀심하시길요
퇸근길 감사합니다 ❤❤❤",2,2023-09-06T09:27:57Z
23HyR091ft4,UgzPzTWS_rq-d3eqfrN4AaABAg,@whitebird1991,"ㅋ,ㅋ,울가수님코믹은옛것,귀여우셔라,에밀스님들비타민입니다,❤😂😂😂",25,2023-07-04T07:59:06Z
23HyR091ft4,UgzQgEk42QGpWPnuqEZ4AaABAg,@관연정,부라보.조명섭.홧~팅~😂😂😂👍👍👍👏👏👏❤❤❤,1,2025-12-01T05:06:30Z
23HyR091ft4,UgzY8di8i2_NwjTP88V4AaABAg,@베리베리스트로베-d6y,ㅎㅎ 웃음주는 국민 손자 가수님.  ^^,24,2023-07-04T07:52:20Z
23HyR091ft4,Ugy0JeyDFW79J2kDp454AaABAg,@하리-i4d,행동이 너무 재밋어요ㅋㅋㅋㅋ,1,2025-11-29T08:08:14Z
23HyR091ft4,UgwhIPCJ90a52RzkSgZ4AaABAg,@코스모스-r5b,포천 부라보친구 매력이 넘쳐요 👍 사랑합니다 💘,2,2023-10-17T00:03:37Z
fi0ndIIx8D4,UgwXhDO1NKMyhfI-GKZ4AaABAg,@하현-x3f,내가 너무 열심히 덕질했나..추천영상에 떠버리네..귀여워..,19,2020-07-06T17:05:06Z
fi0ndIIx8D4,UgxTmbi0mQ7zD_PZuIN4AaABAg,@사랑받는w,내가 여기까지 오다니.. ㅜㅜ 사도오온,19,2020-07-01T07:13:54Z
fi0ndIIx8D4,Ugz3K6Rp5m4PF9nEt8x4AaABAg,@8410sje,결국 여기까지 왔네 귀염귀염하네요,11,2020-07-16T14:40:33Z
fi0ndIIx8D4,UgyE_3tpjYGiZBrB4rt4AaABAg,@sdg_jj,매력덩어리 상이님♡,10,2020-09-16T06:02:21Z
fi0ndIIx8D4,Ugz3vIf0B-nJPPvZKEh4AaABAg,@정지원-v8e,이상이 배우님은 사랑입니다💕,12,2020-07-09T17:50:21Z
fi0ndIIx8D4,UgzhZXzQ8NARQ78UaFt4AaABAg,@모찌-d4z,사돈 진짜 열심히 살아왔구나..!,7,2020-10-14T04:22:20Z
fi0ndIIx8D4,UgyZuaN9Gf9IQdB3gSR4AaABAg,@김령하-b4n,상이님 브이할때 넘 졸귀잖아!!♥♥,8,2020-09-06T13:33:54Z
fi0ndIIx8D4,UgzEDY-cgpnME7D0LEl4AaABAg,@sunnykim3408,"애기애기 한게 완전 귀여움 ㅎㅎㅎ
열심히도 하네요~",3,2022-02-04T23:00:32Z
fi0ndIIx8D4,UgxTJpu4iw4YLry2WAd4AaABAg,@Sunshine-f8g,ㅋㅋㅋ 댱2상상님아~~^^ 또왔네유,5,2021-01-10T11:11:32Z
fi0ndIIx8D4,UgxqsCslMpYVcwG61qd4AaABAg,@flowerfairy5783,7년 전인데 얼굴이 어제 같은 얼굴 ㅋㅋ💙,2,2021-08-04T01:26:05Z
fi0ndIIx8D4,Ugylls4ciTmgeZqhZ_d4AaABAg,@ddanthink,이게 뜨네..,2,2021-08-09T17:33:04Z
fi0ndIIx8D4,UgwVBjeHG16YRU5fLlh4AaABAg,@sky2sac,대박♥♥♥,3,2021-08-31T12:58:51Z
fi0ndIIx8D4,Ugw7rUnWoyJ8qHArx0p4AaABAg,@초코푸들송다희,클겨 소취,5,2020-07-12T02:48:11Z
fi0ndIIx8D4,UgwZ-xwez8gRbVDB0E54AaABAg,@tomatotamot,헉ㅋㅋㅋㅋㅋㅋㅋㅜㅜㅜ넘 신기ㅜㅜㅜ,2,2021-12-23T15:48:26Z
fi0ndIIx8D4,UgzFJkQg9L-yrxt5XrN4AaABAg,@hi-deedee2801,Nakakan in love naman ito... yo!,1,2020-07-26T02:58:08Z
fi0ndIIx8D4,UgxLek05NLfUk3T54Np4AaABAg,@BISOL-m1n,"안녕하세요 <놀면 뭐하니> 제작진입니다.
다름이 아니라 이번주 회차에 이상이 배우님이 출연하셔서 올려주신 영상을 자료로 사용 하고 싶어 댓글 남깁니다.
채널명 출처 기재 후 사용해도 괜찮을지 여쭙습니다
긍정적인 답변 기다리겠습니다.",0,2024-09-30T12:58:52Z
Q47q9FZdLmk,UgyNnA438WbuOzTz3o94AaABAg,@ggholics,"[경기도 예술인 버스킹 콘서트] : 수원편
👇아래 영상으로 함께하세요👇
https://youtu.be/tBYodOpAvrw",1,2023-06-08T11:25:15Z
9_JPZU0j04c,Ugyou0rYsMuZX8OFMNp4AaABAg,@장하영-b6q,너무 멋있어요ㅠㅜㅠ💙,7,2018-05-12T15:30:57Z
9_JPZU0j04c,UgxCGawwjCav-tzPj794AaABAg,@dotoripu,"한글번역 커버를 찾는중이였습니다.
정말좋네요! 다들 하나하나 개성이 있으시고 정말멋지네요.",3,2018-08-26T10:23:19Z
9_JPZU0j04c,Ugwe9VGAjnCrZXU21QB4AaABAg,@Ryuuu1205,청춘들의 열정이 그대로 담겨있는 것 같아요! 너무 멋있습니다 🥹… 이 영상이 보물이고 사랑이에요 ㅠㅠㅠ,0,2025-02-25T06:08:57Z
9_JPZU0j04c,UgwLoP0OQpWyy3fBDvB4AaABAg,@fmdream9387,정말 멋집니다..,0,2018-11-11T02:48:11Z
9_JPZU0j04c,Ugxi0xowEIE1Tf6i_9h4AaABAg,@kimchipastry,울었네요...,2,2018-05-12T13:14:10Z
9_JPZU0j04c,UgzmBoW7hw6-uFyI5V54AaABAg,@faizajullinar4409,Cooool!!,1,2018-05-23T00:28:43Z
2HdBs12a3Yg,Ugz5X8P2f_vSA1uggSF4AaABAg,@byeorakgogo2462,와 백만송이사랑이다~~~~ 진짜.꼭 봐야하는 뮤지컬. 진짜 배우분들 연기력 노래실력 와 하나도 뺄 것이 없어요 너무 잘해요정말.  보면 울어요 ㅠ 너무 잘해서 ㅜ 넘 감동이에요 이 뮤지컬,5,2022-10-07T15:23:07Z
2HdBs12a3Yg,UgwzB7IIfLyxaXq2bhp4AaABAg,@Ils5900,꼭 3년전 추억입니다,0,2025-10-07T06:44:50Z
2HdBs12a3Yg,Ugwf_UV7z2LTBaBfbyB4AaABAg,@melodydif,부모님 모시고가서 가족끼리 행복한 하루 마무리했었습니다. 뮤지컬 추억하고 이 노래들 들으면 넘버 떠오르면서 오래가는 향기에요,0,2025-10-31T23:29:54Z
2HdBs12a3Yg,UgzUOBwmFx41fq9_i6x4AaABAg,@짱연일,"아무런기대없이갔는데
진짜최고의공연~!!",0,2022-11-20T09:55:14Z
2HdBs12a3Yg,UgyHQCFWWJExKr0z7Ih4AaABAg,@user-bbali,살면서 ....한번 더 보고 싶으네요,0,2023-04-15T14:28:33Z
2HdBs12a3Yg,UgySjfiyJpK2ueeYBi54AaABAg,@yk-iz3lh,lg 유플러스에 올라와 봤는데 진짜 쵝오~!,0,2025-08-27T22:49:44Z
2HdBs12a3Yg,UgwwPPXe6MmHQb2fH-p4AaABAg,@melodydif,"뮤지컬 너무 잘 봤고~! 배우님들 수고하셨습니다! 우리의 장군님, 영춘!! 응원합니다 >ㅡ<",0,2022-10-31T11:29:51Z
lG_jkZGNZYo,Ugw-p7hLO2V9E1DnW914AaABAg,@윤태정-z3b,넘좋아요,0,2020-10-13T15:10:14Z
lG_jkZGNZYo,UgxkQOWknIVov3T9uql4AaABAg,@vra.garcia5255,와 이쁘다.ㅎㅎㅎ 홧팅 땅랑땅랑,1,2020-09-07T05:48:25Z
BLtMxwNZ-Pc,UgzFw3DHUXyRD7ppp4Z4AaABAg,@김만식-x7u,싱그러워라♡♡♡,0,2019-12-21T16:12:55Z
GrMxJUylL94,Ugz1MkYChoDwVRtaHuN4AaABAg,@김석산-v4u,"빗속의 연가戀歌

사랑하는 사람을 그리워하며 부르는 
연가戀歌는

사랑하는 마음으로 간절히 생각하며(연戀) 
부르는 노래지

누군가를 그리워하며 사랑하는 감정이 끊임없이 솟아나는
어지러운 마음은(䜌:어지러울 련 心마음심)

쏟아지는 빗줄기에 더 힘들어지고

빗줄기 같은 실타래는
결코 잊을 수 없는 그대 향한 그리움

그 님 그림자에게라도
그립고 사모함을 표현해야 

더 이상 빗속을 헤매지 않도록
애타는 마음을 위로 할 수 있을 거야",0,2024-10-30T12:34:22Z
GrMxJUylL94,Ugyy9Pq_h7-cX1awPiZ4AaABAg,@노래하는권박사,"https://youtu.be/ScJMdS5angg?si=Jfp5-pDg5u0jsHuj

이렇게 라이브로 부르고 싶네요.",0,2024-03-08T03:02:46Z
BkthIumTzKY,UgwgNOD7oiNXTVklpZx4AaABAg,@BUSETS2DTxekhachgiuongnam,"Hi my friend, fantastic video, great upload, i truly enjoyed watching 👍",0,2022-11-03T15:22:13Z
BkthIumTzKY,Ugz1O3nMyAnWG5Vn_fR4AaABAg,@nambenluc,"Like 👍  - 35
Thanks for your support 🙏 🙌 ❤ 💕 💜 💙 Have a happy day and Share your support 😀",2,2022-10-24T04:23:41Z
BkthIumTzKY,UgxxegrVZ6hFbG593tt4AaABAg,@Volio-eg5my,Wyrazy współczucia w związku z tragicznym wydarzeniem w Waszym Kraju 💔,0,2022-11-01T19:04:29Z
BkthIumTzKY,UgzdwHUVP1NbLv6Fdb94AaABAg,@hanssi7864,Haha how i wish i can join your prestigious crusade to success. You site is milking views! continuity of series achieved. You are fulfilling! I am locked. get me loaded. I watched till the end and i love to give you thumbs up!,0,2022-10-28T17:45:51Z
BkthIumTzKY,Ugxysupz-Q8e3XJuKup4AaABAg,@drg.rochmaniindrati,L12 my lovely friend so beautiful dance and nice song 💃🏽💃🏽💃🏽🖤🖤🖤💥💥♥️♥️ have a great time,1,2022-08-14T15:45:52Z
BkthIumTzKY,Ugwen67rwbvBu6RZNfx4AaABAg,@kimsam-k5,선생님 아름다워요 ~ 명절 잘 보내세요 감사하고 존경합니다.💞💜🥰👍,2,2022-09-09T01:52:38Z
BkthIumTzKY,UgwNR9qXZ-Y9TneXcDp4AaABAg,@yulianahandihandi7665,"Cantiik demo nya ,Choreo dan musik yg bagus,Kereen👍👍💃💃🎶🎶❤️13",1,2022-08-14T16:35:17Z
BkthIumTzKY,UgybaLWvuYZXgOgZ3rF4AaABAg,@dreamlinedance2203,바깥풍경이 넘 아름다운 곳에서 우아한 두분 춤을 보니 눈으로 마음으로 힐링합니다.가을에 듣기 넘 좋습니다. 축하합니다. 앞날에 축복이 있으시길요 👋👋👋🎉🎊🎉🎶🎵🎶💃🏼💃🏼💃🏼💃🏼👍🏼👍🏼🥰🥰🥰🥰🥰,0,2022-10-27T02:42:14Z
BkthIumTzKY,Ugw5-fVIab1CZ2bLciZ4AaABAg,@accomplicesindance,Very graceful dancing & lovely hand styling :-),0,2022-09-27T01:55:48Z
BkthIumTzKY,Ugx2BNsrA_EUsobCNkN4AaABAg,@einmerin,awesome.. 💚💙💜👏👏👏,0,2022-09-23T10:07:33Z
BkthIumTzKY,Ugwn5I4jyjSLwm_wl414AaABAg,@heavens9753,감미롭고 아름다운댄스 감사합니다~^^❤️🧡💛💚💙👍,0,2022-09-04T08:54:04Z
BkthIumTzKY,UgxkiotgbddUGaeJ7X14AaABAg,@rokilinedance,"멋진공간
분위기있는 곡
흔날리는 치마자락의 매력 
깊게 감상합니다. 샘 편안한밤되세요 ❤️👍👍👍🤩😍💋💗💗💗",1,2022-09-11T15:48:36Z
BkthIumTzKY,UgxU6Jt-_05_WLOn7pN4AaABAg,@linedance_Han02_KDHDA,"아름답습니다 ~~~♡.♡
축하드리고 꽃길만 걸으시길 바랍니다~~♡😍😍😍👏👏👍👍👍",2,2022-08-18T23:33:12Z
BkthIumTzKY,UgxzBo1WNMPIsnWdboV4AaABAg,@janetwong2677,"Beautiful dance and music, nice views 💝🎉👏🤗",0,2022-09-18T04:29:23Z
BkthIumTzKY,Ugzue2A4lZTUB08tpTV4AaABAg,@tessalukito1603,I always loved your performance.. Outstanding..😘🤗🥰❤👍😁,1,2022-08-17T01:13:41Z
BkthIumTzKY,UgwDQtU90i1MuvhdrMR4AaABAg,@reggiekwanlinedance8344,Lovely song and dance👏😍🥰,1,2022-08-14T15:39:52Z
BkthIumTzKY,Ugwh2sEDRB7A_vV0zYd4AaABAg,@helenabatara,So beautiful dance,1,2022-08-14T14:30:43Z
BkthIumTzKY,UgwzcjS_33agfsyI8-B4AaABAg,@dreamlinedance2203,.아름다운에 넋을 놓고 보고 있네요.축하드리고 수고하셨습니다🎊🎉✨👍👍👍🥰🥰🥰🥰💃💃💃,1,2022-08-14T11:56:26Z
BkthIumTzKY,Ugyct25LTcf0oDMmsb54AaABAg,@sweetdance9175,Long time no see dear friend 😍… very beautiful dance & song 👍🤩💃💃❤️💐,1,2022-08-14T23:19:55Z
BkthIumTzKY,UgzSJHCKOHVaimXyioF4AaABAg,@cintawisatakuliner7511,Very beautiful,1,2022-08-14T11:59:29Z
BkthIumTzKY,UgwSqggxh3rkuJZuzGh4AaABAg,@JesusLineDanceMix-BlrmWrldHits,"Wow, sweet cool & smooth. Luv your demo. Thanks, cheers!!!",1,2022-08-19T11:51:37Z
BkthIumTzKY,Ugz91wvUrxkcm6gczl14AaABAg,@cclinedancing5130,Excellent & beautiful dance my pretty friend 😍😘👩‍🎤💃❤️💚💜💙💛💖🍁💥💫,0,2022-08-18T21:53:40Z
BkthIumTzKY,UgxXAfOW97T_0Cxgzkd4AaABAg,@JejuDanceFit제주댄스핏,다들 멋지세요..응원합니다👏👏👏💜💜💜💙💙💙,1,2022-08-16T08:22:58Z
BkthIumTzKY,UgwkCCkBWDCU55z7JFt4AaABAg,@Dailytv,복애~~~~~~~~~~~~~띵~~~~~~~~~~~😍😍😍😍😍,1,2022-08-14T11:57:53Z
BkthIumTzKY,UgzaDJ_dPFJGxQZH7cp4AaABAg,@niniprimadistudio9872,Nice dance ...this choreography n music  're very beautiful...both of you good dancers🥰💕👍👏,1,2022-08-14T11:56:40Z
BkthIumTzKY,UgzGtOJwUdyET37f5XR4AaABAg,@lilylinedance7429,두분 선생님 넘 우아하고 아름답습니다🥰🥰💛💛💛,1,2022-08-15T00:45:10Z
BkthIumTzKY,Ugxwyf6-ZgccBVlkJ9Z4AaABAg,@narshalinedance8165,"새로운 도전!!  ♡♡
임복애 선생님과 ♡라인댄스로 행복한 시간 ♡뜻깊은 시간 많으시길 바랍니다
👍👍❤️❤️",1,2022-08-14T13:11:48Z
BkthIumTzKY,UgwUUQl1zLYVNoMsh6p4AaABAg,@Linda_KDHDA,"이노래는 제가 좋아하는 러브송입니다🥰
좋은 작품 보여주셔서 감사합니다~^^
두분 😊축하드립니다",1,2022-08-14T16:39:47Z
BkthIumTzKY,UgyqynqVub368-mSR2F4AaABAg,@yongokpark5692,"오랫만입니다 ~♡
일상이 넘 바쁘네요🙆‍♀️🙆‍♀️
 선생님🥰🥰
보람있는 일상을 응원합니다 ❤️❤️👍👍👍",1,2022-09-01T10:31:27Z
BkthIumTzKY,UgzDK9_dtg4sWKET96h4AaABAg,@VividsuandBori,와~귀로 듣고 눈으로 보는 즐거움이네요ㅎㅎ 안봤으면 후회할뻔 했네요. 이런 분위기 너무 좋아요. 아주 아름답고 편안하네요. 재미있는 영상이에요. 매우 만족스러웠습니다. 좋은 영상을 만들어 주셔서 감사합니다.,1,2022-10-06T01:49:46Z
JQiyS4X0bmE,UgwdRxOTX-foi9wQs_Z4AaABAg,@shogim8625,😮,1,2026-05-31T07:36:20Z
JQiyS4X0bmE,UgwU1reHI9KA6XkA6_N4AaABAg,@shogim8625,"사랑해요
형수님",1,2026-05-31T07:36:52Z
JQiyS4X0bmE,UgwbSfIBCflPHFscL8R4AaABAg,@오균김-i6f,박순예님가요무대 1:,4,2023-10-13T04:05:38Z
JQiyS4X0bmE,UgzTpeZ_j0MEWR6-h6h4AaABAg,@재용유-w4r,잘하시네요열심히,7,2023-07-09T11:27:38Z
JQiyS4X0bmE,UgxChUsTGkkfmUbkjeh4AaABAg,@원유직-r2e,노래잘듣고잇네요산본원,7,2023-07-05T10:02:00Z
JQiyS4X0bmE,UgxhXme2VY8BXgQq7lV4AaABAg,@박영근-i2z,구수하게 멋드러지게일품이네요,5,2023-07-06T01:54:08Z
JQiyS4X0bmE,Ugx2v__pERKcvzF_9Fl4AaABAg,@그림자-o9i,"도봉산연가,잘듣고갑니다,,",5,2023-07-12T03:10:41Z
JQiyS4X0bmE,Ugxr-DnQWhJKVya_XGB4AaABAg,@tv-osori,박순애 가수님 힘찬 응원합니다 짝짝짝 🎉🎉🎉🎉🎉❤❤❤,4,2023-07-15T06:51:21Z
JQiyS4X0bmE,UgzG9rbNH73VcNcuon54AaABAg,@유수정-w7k,노래가 넘 좋으네요,4,2023-07-18T10:44:34Z
JQiyS4X0bmE,Ugwkuri3DE3ENaqwDgd4AaABAg,@okwoo3074,"구수한음악
감사합니다 ^♡^",4,2023-07-15T11:06:01Z
JQiyS4X0bmE,UgwVbNdznhovfkRccll4AaABAg,@최정운-w5y,"박순애님응원합니다오늘도즐감하고갑니다,,",2,2025-02-28T13:50:55Z
JQiyS4X0bmE,UgzvmYAOEIrbNZhSSfh4AaABAg,@박수운-t9j,"내 익생 찾아ㆍ갈거야
 더 이상 속지않는

산새 들새 도봉산 아래
처량하며 애절하구려
양평에서 들으며",1,2026-05-08T11:19:10Z
JQiyS4X0bmE,UgyuinXFhorVbAHTT1F4AaABAg,@최정운-w5y,"박순애님이찾는도봉산중턱에정을남긴그사람지금은어느하늘아래에...,,",1,2026-03-07T13:22:18Z
JQiyS4X0bmE,Ugz8_zF-hCu4EeI6fQV4AaABAg,@최정운-w5y,"도봉산연가들으니오래전산기슭우측대포집에서절친한시인과마주앉아산바람안주삼아막걸리한사발씩나누던그분이생각나네요,,",1,2026-02-12T02:43:52Z
JQiyS4X0bmE,UgwUGjRq0Hn5msw_fbZ4AaABAg,@오균김-i6f,0:25,1,2023-08-26T08:09:01Z
NFJyr4DciJg,UgyTxnAhOae-FDJFwod4AaABAg,@木野-o9i,"안녕하세요
노래 잘들었습니다
트롯의 섹시 디바 하면 
구수경이라 해도 되겠습니다",2,2021-02-10T03:38:53Z
NFJyr4DciJg,UgzctrXftiGHeEJKBjx4AaABAg,@이철구-u5x,구수경 응원합니다.❤,0,2026-02-20T07:18:01Z
NFJyr4DciJg,UgzUwMgIh2jvG6dd4q54AaABAg,@정주-g7o,구수경 이런 노래도 너무 잘하네❤❤ 팔색조 매력 구수경 화이팅 ❤❤,0,2026-03-14T09:58:03Z
NFJyr4DciJg,UgxWkJ5K1F7W7dq75Ed4AaABAg,@wonderful9-y3m,"노래가 구슬프네요
구수경 가수님 응원합니다 ❤❤❤",0,2026-02-21T14:57:04Z
szZhYjZdCFo,UgxXTE6pZMZ5uj-1h4x4AaABAg,@조명제-p8s,김민정 과연 희망찬 노래 정말 가창력 풍부하고 건전가요 너무좋습니다,7,2023-01-02T13:52:10Z
szZhYjZdCFo,UgwIoz0LYlZnJjqEF1F4AaABAg,@jeonggyusin3694,역쉬 민정언니 멋져요,10,2020-08-31T07:10:54Z
szZhYjZdCFo,UgzhJyvq1iJvhlR1ZBB4AaABAg,@박성규-t8u9c,이 좋은노래가 왜? 못뜨나 유행하게 해야지요❤😮😅,6,2023-09-12T18:04:42Z
szZhYjZdCFo,UgxII93mVLlTkF_fLl54AaABAg,@musickorea7,"좋은 노래 잘 듣고갑니다

연주인천국",6,2023-09-28T13:29:09Z
szZhYjZdCFo,UgyDFbUYnQWUoTAByBd4AaABAg,@루시-h9e,노래 좋네요,3,2024-06-28T04:13:07Z
NM65R7xfkns,UgwoLfwn7sFKxJLl8u14AaABAg,@가인보리내음,"유승석색소폰연주자님 ㅡ
잘밧어요. 대단하십니다 박수짝짝짝짝짝짝짝짝짝짝짝짝짝짝짝",0,2021-04-28T05:55:46Z
NM65R7xfkns,Ugx7RS-9Lj8zIV6EO5t4AaABAg,@가수진강-열두띠야,"유승석소방대원 넘 멋져요
응원합니다 짝짝짝",0,2021-04-20T11:45:02Z
YXlBVAGVsXU,Ugxi0OPzkxK0UVsdRXh4AaABAg,@필성-o2j,"김강수 가수님 밤열차를 넘 잘 부르시네요.
저는 첨 접하는 밤열차인데 감정 듬뿍실어 넘 잘 하시네요.
잘 부르신 밤열차 즐감하고 좋아요와 박수드립니다.~~👍👏👏👏👏👏",0,2022-04-14T12:34:53Z
YXlBVAGVsXU,UgyK0nQPJwMK1-e-mMB4AaABAg,@park2624,"안녕하세요 반갑습니다 ~~^^♡♡♡
좋아요 감사합니다 ~~^^",0,2022-04-13T22:42:14Z
5H0HJ3mW0yE,Ugxar6eucHEMfc9Bu9J4AaABAg,@ffpp-x7x,"구수경은 ‘현역가왕3’를 통해 실력과 스타성, 무대 장악력까지 모두 입증해냈다.
승승장구 구수경!!",2,2026-03-21T22:33:06Z
yodXsojRrqI,Ugyo0E5V39k0Wa23qpp4AaABAg,@꺼냥-t8r,2026년 3월에도 듣고 있는 사람 있을까요?..저처럼...,82,2026-03-06T14:07:01Z
yodXsojRrqI,Ugzf0nq5wqF8Fsx0qA94AaABAg,@투자의신-t5p,1982년 고등학교 졸업하고 친구와 대구 동성로 음악 다방에서 이노래 신청해 들었는데 나이 60대 중반이 되어 들어니 왜 이렇게 눈물이 나고 떠나가신 부모님. 친구 생각이 간절하고 보고 싶다...,128,2025-07-17T13:01:20Z
yodXsojRrqI,UgzpC8Rd9Zd3EBk-HwJ4AaABAg,@성주-g,"청춘아 빨리가라
어른이되고싶었는데
어른이되고보니 부모님 품속에서
지냈던 그시절이  눈물나게
그립더이다.~",95,2024-11-04T14:56:30Z
yodXsojRrqI,Ugw0YAMAzyjj1mDqRn14AaABAg,@샐리-w7l,20대 청춘일때는 넘 좋은 노래로만 들었는데... 60세 들으니 왜 이리도 슬프고 가슴이 아리는지...,519,2021-10-30T12:09:05Z
yodXsojRrqI,UgxGyejVMxNzCTPYg-F4AaABAg,@인우-h6b,여러 가수가 부르는걸 비교해보니 결국 원가수가 가장좋다. 왜그런가 보니 가사 자체가   넘사벽 애절해서 여기에 감정을 주입하면 오히려 역효과같다. 무덤덤하게 부르니 가사가 그대로 전달되어서 듣는이가 저절로 가슴을 저민다. 눈시울이 자연스레 붉어진다.,219,2020-10-31T13:27:53Z
yodXsojRrqI,Ugwogow-2JK3nzTkgMp4AaABAg,@한영수-d5m,"어느덧 60중반이 되었네요.
대학다닐때 가장 좋아했던 밴드인데.
세월이 너무 빨라서
내게 과연 20대가 있었나 싶네요.",347,2019-09-16T15:55:02Z
yodXsojRrqI,UgyvE3mL-rmHffYZDxt4AaABAg,@Pisol-o6g,고3때 라디오 끼고 자주들었는데 환갑에 이노래 들으니 맘이 짠하다.,68,2024-12-20T12:45:17Z
yodXsojRrqI,UgxjH6SJtZfyUS4nnt54AaABAg,@홍련꽃-v6l,"구슬픈 멜로디에 비해 반주는 꽤나 리드미컬하고 흥이 돋는다. 이런 진지한 분위기의 곡이라면 좀 더 어쿠스틱한 반주가 어울릴 것이라는 편견을 깬 것일까, 둔탁한 드럼과 오르내리는 일렉기타 연주는 우수에 젖고 연민에 찌들어버린 처절한 우리네 삶을 희화화 시키는 해학의 장치가 되었다. 살아가며 몇 번이고 죽을 고비와 정상 없는 태산을 넘나드는 나약한 우리는 절망 속에서 옛것을 만지작대며 웃다가 순간마다의 청춘이 지고 있음을 잊고 사는 것은 아닐까.",118,2023-01-11T10:51:00Z
yodXsojRrqI,UgzzeBtI1mBzgbYtN2Z4AaABAg,@rainyday4249,가사가 진짜 미쳤다...시대를 초월하며 그 어느 세대가 들어도 공감할 가사,412,2020-01-08T15:08:22Z
yodXsojRrqI,UgxTJmNpiISkMtVl0xd4AaABAg,@김재영-k6d3f,1987년 12월에  내아버님돌아가셨을때 이노래를 카세트테이프에다 녹음해서전해주던 내친구 남홍이가. 45세의 짧은나이에 어제 생을 마감하였다ᆢ너무나슬퍼서 힘들다ᆢ내친구 남홍아ᆢ잘가라ㆍ거기서는행복하고 오래오래살아라 ㆍ잘가라내친구여ᆢ,534,2017-10-16T15:08:40Z
yodXsojRrqI,UgydUnqJ23y1zZ4xBJt4AaABAg,@ecometro,"토요일에 외할아버지가 돌아가셔서 어제 발인 했습니다
일요일에서 월요일로 넘어가는 새벽에 친척들 전부 지쳐 주무실때
어머니는 맥주 한캔 들고 빈소안에서 쪼록쪼록 드시었습니다
말없이 어머니 곁에서 작은 맥주 한캔을 같이 마셨습니다
외할아버지의 막내딸이자 늦둥이었던 우리어머니는 할아버지 보내드릴때까지 이 맥주를 밤새 조금씩 따라 마시겠다고 했습니다
그러면서 안주로 저에게 노래 한곡 부탁하였습니다
그때 다른 노래도 생각 안나도 어디서 곁다리로 들어본 이 노래가 생각났습니다
조용히 읊조리듯 이노래를 곁에서 밤새 불러드렸습니다
장례식에서 노래 부른거 아니라 배웠지만 엊그제만큼은 그래야할거같아서 계속 불렀습니다
어머니의 맥주가 마지막 모금이 남았을때쯤 날이 밝아왔습니다
어머니가 마지막 모금을 드시며 아부지 잘가 하시고 흐느끼시는데
너무 슬프고 힘들었습니다. 
할아버지 때가 되어 가시었습니까 울 엄마 두고 할아버지 엄마 뵈러 그렇게 뒤도 안돌아보시고 가셨어요
내가 가시는길 노래 불러서 죄송하지만 울엄마가 너무 슬퍼해서 불렀습니다 
부디 좋은곳에서 울엄마 우리가족 그리워 해주시고 제사날에 찾아와주세요 
울엄마가 너무 슬퍼합디다",12,2021-09-07T06:00:10Z
yodXsojRrqI,Ugz3p3_Lis4LDEKh6HZ4AaABAg,@김영덕-z2r,"가슴이 먹먹하네요,,,,59년생입니다,건강하세요~~~ 여러분!!!",7,2025-10-18T20:15:16Z
yodXsojRrqI,UgwWMhGVj97-kqFQ7iZ4AaABAg,@사계절봄여름가을-n6h,일찍 짧은연세에 고생만하시다가 갑자기돌아가신 우리부모님  그리고 우리첫아들 태어나자마자 뇌막염으로 일년넘게 고통속에서 힘들게 살가다간 아들 지금도 항상생각하면 마음아프고슬픕니다    천국에서 부디 아프지말고   부모님과 아들  건강하게 행복하게 지냈으면 늘 기도합니다,218,2020-07-20T11:48:30Z
yodXsojRrqI,UgzKr_uK2b-ZAMCe_IF4AaABAg,@plumshrewd,한국 음악사에 전무후무한 괴짜 천재 밴드,39,2021-02-20T14:24:29Z
yodXsojRrqI,UggqReh4UHWUiXgCoAEC,@JHPARK-xx9zz,대학교1학년때 이노래를 부르며 청춘언제가겠나 했는데 벌써 50중년이 훌쩍넘어섰네~세월이 참 빠르다.,247,2016-12-21T04:17:49Z
yodXsojRrqI,UgxPVjefC_-CYoWFtFR4AaABAg,@You2Voo,27살 청춘의 김창완님이 어떤 마음으로 청춘이라는 노래를 지었을까 생각해보니 놀랍네요. 청춘은 지나고서야 비로소 느껴지는 거라고 생각했는데 청춘의 시절에서 짧지만 아니 짧아서 아름다운 것이 청춘이라는 것을 깨달으신것 같아 생각이 깊으신 분이시구나 느끼게 됩니다.,91,2020-11-27T17:06:33Z
yodXsojRrqI,UgycPsLpKa-4NHCrDOB4AaABAg,@몰입마을,2026년 1월 1일에 듣고 있는 사람있을까~~~??,53,2026-01-01T11:46:23Z
yodXsojRrqI,UgwEsQxNa8HEAqDyD3t4AaABAg,@emrullahBykl,"My heart with this song everytime , Korean 80s really another level . Annyeong from Turkey 🇰🇷❤🇹🇷",53,2021-06-21T11:25:02Z
yodXsojRrqI,Ugx-qBfljkiXbNEAjCN4AaABAg,@김영자-o4c,"눈물이,자꾸흐르네요,80세를넘고나서,가숨을더욱울리네요,들의니더욱",45,2025-04-12T21:22:33Z
yodXsojRrqI,UgyOPV6KgjLoEmU3UvN4AaABAg,@데이굿-t7q,"지나간 내청춘을 생각하며 눈물짓다
젊은 나이에 혼자되셔 우리6자매를 혼자키우셔 이제는 껍떼기만 남으신 엄마생각이나 엉엉울었어요
87되신 우리엄마..그래도 힘들지만 너희들키우며 바쁘게 살았던 그때가 좋았다 하시네요ㅜ
엄마에게 전화해야겠어요",181,2020-02-08T10:49:46Z
yodXsojRrqI,UgxUqa6ew3MDR-cKrFd4AaABAg,@오로-v3j,중3때 이곡을 듣고 친구들이랑 얼마나 부르고 다녔던지 벌써45년이 흘렀네요  에구~,11,2025-11-16T11:59:59Z
yodXsojRrqI,UgzFY9Hvi45oaNKwgPZ4AaABAg,@박한영-m3s,"생각나네요
울엄마",22,2024-12-07T06:38:37Z
yodXsojRrqI,Ugi6-9YmFPUJ-3gCoAEC,@한번뿐인인생-n9i,강남역 근처 술집에서 아저씨들  4명이서 술마시며  노래 부르는데  왜 그렇게 애잔한지...사실  응팔에서도 가장  슬픈 장면은  이 노래 나올때,164,2016-01-17T10:33:53Z
yodXsojRrqI,UgzdW3g__PDcUWEou8F4AaABAg,@너클헤드-s5l,"60대 형님들... 
아니 아버지 어머님들
그간 고생 많으셨습니다.
-30대 아들 올림-",5,2025-09-02T15:50:02Z
yodXsojRrqI,Ugyzv2YMGnpBjCTtVa14AaABAg,@Wayup27,"19살인데 나이먹는게 두렵고 무섭다.
내 10대 첫 목표가 생겼다.
 내 모든것을 불태워 서울대학에 진학하는것. 못 가더라도 미련안남게 열심히 하자. 못 가더라도 미련안남게.. 
두려워하지말자 그까짓거 서울대",5,2025-06-29T19:47:38Z
yodXsojRrqI,UgxMs_IvNgLY3VBHIOx4AaABAg,@로열위드치즈,"힘들때 대한민국 80,90년대 노래만한게 없다
역시 한국인인가",45,2020-05-28T09:35:43Z
yodXsojRrqI,UggaJUGBDEeZKngCoAEC,@ForTheEmpreor,부모님 세대의 음악은 지금 들어도 어색함이나 거부감이 없네요.,61,2016-01-24T07:01:19Z
yodXsojRrqI,UgygVeknokq2yyLNUBd4AaABAg,@gufar11,지나간 청춘을 그리워 하지마라. 오늘이 너의 가장 젊은 날이다.,236,2020-02-20T14:57:15Z
yodXsojRrqI,UgykcqEzWHocxKVSu7p4AaABAg,@박해인-w4z,"1981년 고3때 친구들 하고불렀던 노래 추억이 생각나서 감회가새롭네요,내나이 62,T.T,",16,2025-06-27T08:26:22Z
yodXsojRrqI,UgzFqOudmQ7q6_sO84R4AaABAg,@김경협-r9c,영원할줄 알았던 질풍노도의 시기도 이젠 아련한 추억속에 잠기고 어느덧 40대후반이 되었네요. 살아가는게 힘겨움을 느낄때 들으니 더없이 공감가고 위로가 되는 노래.마음편하게 해주시는 창완이 형님 감사합니다,83,2020-06-08T23:55:58Z
ceyB8BuRV_o,UgxjOguqXHSATGRJBCR4AaABAg,@alysamcs4522,"아름답고 귀한 영상 잘 감상했습니다 
감사합니다👍👍👍",2,2023-07-28T22:48:04Z
ceyB8BuRV_o,UgxsS-W4fBprz6ItlUd4AaABAg,@flyawayandyk2916,67년 영화라니 ..👍🏻🙏🏻 귀한영상 감사합니다,5,2023-07-14T01:11:03Z
ceyB8BuRV_o,Ugzuofp6S-HgSMEWj-94AaABAg,@봉정김-x2n,"❤❤❤🎉🎉🎉😮😅😂😢감사합니다🌹🧚‍♀️🌹🧚‍♀️🌹🧚‍♀️🔥🐣🌍🌍🔥🐣찬미예수님👼🕯🕊👼감사합니다끝이아름다워야
한다🌹🧚‍♀️🌹🧚‍♀️🌹🧚‍♀️",2,2024-12-10T12:50:15Z
ceyB8BuRV_o,UgxWl369w_DvMXC8nIZ4AaABAg,@봉정김-x2n,알렐루야 ~유튜브채널 위대한수업 그모든관계안에서 체험학습 감사합니다 주님의이름으로축복합니다 ~재밋네요 ㅋㅋㅋ ~행복한나라로 여행해봅니다 즐감합니다 행복한성탄절 보내세요 알렐루야 #할렐루야 찬미예수님 ❤❤❤🎉🎉🎉😂😅😢😮감사합니다,2,2024-12-10T14:15:58Z
VhjnUZHN-tM,UgweYy9a-FMt2Hkq8Yx4AaABAg,@user-urusa,마크툽은 그림자도 잘생겼네,27,2024-11-13T13:41:59Z
VhjnUZHN-tM,UgwYeuQFd9NaloOxP-14AaABAg,@kaoruko_love,3:35 여기 목소리 긁는 소리내는거 왜케 좋지??,11,2025-07-23T19:09:31Z
VhjnUZHN-tM,UgxdhuICLmTL9Y7JPQJ4AaABAg,@챌플린,크툽이형 원곡에 애드립이 이거면 진짜 노래방 상위먹었응텐데 ㅋㅋ,5,2024-12-15T05:41:19Z
VhjnUZHN-tM,UgwnL0tbO4rCwqhjCx14AaABAg,@간바이이이이,너므 다 주무시는거 아녜용,11,2025-02-08T08:53:39Z
VhjnUZHN-tM,UgxBYsFCBGBwWCHQo814AaABAg,@빛이나는툽툽,잘 듣고  가요♡  이윽고 여기까지와서보고가네❤,0,2025-10-01T14:32:57Z
VhjnUZHN-tM,Ugy-4Rb0K0zeC8-BErl4AaABAg,@YugeYun,The vocal range of Maktub is insane. That high note 3:45 is so beautiful.,2,2025-02-24T11:39:26Z
VhjnUZHN-tM,UgytwmCCAHf4erAlqIV4AaABAg,@junis-k1m,3:18 고음 호강 시작😭,0,2026-01-19T18:53:30Z
VhjnUZHN-tM,UgyL6GutF_rHKrndyZB4AaABAg,@뱃살공듀-y8d,3:25,24,2024-09-01T12:44:27Z
VhjnUZHN-tM,Ugywf0j0ZucoVkSn9Ld4AaABAg,@mi-youngpark9978,아....진짜 고음충한데 너무 고자극이다..... 사랑한다 진짜,0,2025-03-06T12:28:41Z
VhjnUZHN-tM,UgyIL7YKQJncZmze7Md4AaABAg,@anabel3387,"Que vuelva MaRa Music a cantar,son los mejores
😢❤",3,2024-11-02T14:41:27Z
VhjnUZHN-tM,UgzdZjEskgAZwqW9Az14AaABAg,@수리부엉이-t8q,이조합 콘서트 가고싶다,0,2025-07-30T22:43:07Z
VhjnUZHN-tM,UgxIqdJseKC4exhc0ft4AaABAg,@써니-o9b-d7j,기도같은 가사,0,2025-05-02T23:48:10Z
VhjnUZHN-tM,UgyLTXLYpQUf3t4G4EF4AaABAg,@지니-k5y3e,용원게이당,0,2026-05-13T14:13:39Z
VhjnUZHN-tM,UgxbwvCOC9mvBeOFX2x4AaABAg,@Doheonzzzang,마라는대로님들 해킹당해서 영상 다사라졌는데 여기 하나있네요ㅠㅠ,46,2024-08-23T06:35:14Z
VhjnUZHN-tM,UgyfycprPe4iVfzy1mF4AaABAg,@꿀밤-s7y,투비오빠 휘슬 미쳤따리❤❤❤,4,2024-09-09T07:25:09Z
VhjnUZHN-tM,Ugx5Ji4nlKRK7fp27LV4AaABAg,@crown4263,삼각김밥!,0,2025-09-19T17:15:28Z
VhjnUZHN-tM,UgyY_H3uq6YHn_-mi-F4AaABAg,@머머리-v9t,비너도 휘슬은 걍 불가능으로 만들었음,0,2025-11-30T12:53:00Z
VhjnUZHN-tM,Ugy7pAMj-Lddj0BD51p4AaABAg,@bella-66v,가운데분은 그냥 주무시네,3,2026-01-06T06:36:28Z
VhjnUZHN-tM,UgxIq2CcnCM-6KH6kex4AaABAg,@정호-v7n,마크튭 미만이네,1,2024-10-03T10:55:25Z
VhjnUZHN-tM,UgzCX5CvEZc6i6W1LKh4AaABAg,@73.7cm6,ㅈㄴ 잘하네,0,2025-06-24T16:39:50Z
VhjnUZHN-tM,Ugwexy8Yrnje22CYltZ4AaABAg,@Hobbyactivity0107,3:08,8,2024-09-28T05:13:35Z
REPhHrzZ0Vs,UgyGl2S1HmYMzE9VixR4AaABAg,@검은날개-z2f,두분다 진짜 대단하시다^^,1,2021-12-14T13:22:34Z
REPhHrzZ0Vs,UgzdW4wULCblaFv1lYx4AaABAg,@김이글-c7z,매사끼님 전교2등인데 반에서2등 ㅎㅎ 두분다 경이롭습니다,2,2021-12-16T02:32:14Z
REPhHrzZ0Vs,UgySJzTc_--F0Pdf0I14AaABAg,@아름다운청년-r2l,다른세계에서 치시네요 프로로 진출 얼른하세요 응원합니다,1,2021-12-15T00:35:48Z
NwP8QKO6BMg,Ugx_37WjT0pJ2lHofQl4AaABAg,@호수-b3l,뚜아 롤업젤리가 반밖에 없네 ㅋ ㅋ,19,2023-08-01T07:55:39Z
NwP8QKO6BMg,UgxfbP74lUPBfV5s7px4AaABAg,@가현박-g3z,아이들이 어설프게 연기하는거 너무 귀여워유ㅠ,609,2023-06-27T08:50:08Z
NwP8QKO6BMg,Ugz0Uiq-RBtEohEukbN4AaABAg,@김짱구-m4n,우리 학교 문구점에는 그냥 롤업젤리있는데 ㄷㄷㄷㄷㄷ 그리고 맛이없어요ㅠ,9,2023-07-17T09:27:22Z
NwP8QKO6BMg,Ugz2DAbery84vG1T4th4AaABAg,@혜서-y8d,아버님 마지막 표정 너무 귀여우세요❤,135,2023-06-23T13:28:50Z
NwP8QKO6BMg,UgyNU-Gjd6OabZGgRA14AaABAg,@Soi_544,저도 롤업젤리 먹어 보고 싶네여!! 마이쮸로도 다음에 도전 해봐야겠어여!!👍,66,2023-06-20T10:06:07Z
NwP8QKO6BMg,UgxT8jZgGRkVCOatqaB4AaABAg,@쥬니-m7h,저희 난곡동 에있는 우림시장쪽으오 들어가면 아이스크림 할인점이 있는데 거기서 롤업젤리 1개 700원에 팔아요!! 대따 많아요🎉,3,2023-06-20T22:22:52Z
NwP8QKO6BMg,UgyLJF_ZO7x3EM3LVmd4AaABAg,@joo1545,레드버켓 에서 로럽젤리 1개당 천원이에요!!,4,2023-09-07T12:20:32Z
NwP8QKO6BMg,Ugy7ELgy-Kr9Hu8JDQx4AaABAg,@비영사랑해,수아랑 수지 너무 귀엽다❤,5,2023-07-12T04:40:59Z
NwP8QKO6BMg,UgyqQ2OEr1dvrLo2nph4AaABAg,@J-wz2wl,와 오랜만에 봤는데 애들 진짜 많이 컸네요ㅎㅎ 이뻐요ㅎㅎ,19,2023-06-26T09:17:04Z
NwP8QKO6BMg,UgyMdP5jxePzKIvGheV4AaABAg,@사람nnn,롭업젤리 아이스크림 할인점 에도 팔아용!800원에!,2,2023-06-23T05:08:03Z
NwP8QKO6BMg,UgxN18ibJyn_Ve3d_Gt4AaABAg,@kongdduk.1100,저희동네 아이스크림 할인점에는 롤업젤리는 있는데 메로나가 없어요😢,2,2023-08-19T03:24:03Z
NwP8QKO6BMg,UgyZicKEDYJAOFfpeQ54AaABAg,@아스티넬-u4o,롤업젤리 먹고 싶어요..근데 사먹는게 귀찮( 해외 직구 +가격..),7,2023-06-20T08:08:27Z
NwP8QKO6BMg,UgyY1o3e-o6Sw-AAxl54AaABAg,@예01111_naruto,뚜아 진짜 이쁘다,3,2023-06-30T23:56:21Z
NwP8QKO6BMg,Ugx6ac_dxUWOnpLJ-Yh4AaABAg,@e_zgt,접어 먹는 젤리 돼요??,3,2023-06-28T07:12:19Z
NwP8QKO6BMg,UgxCEXTL3IatWyNRGER4AaABAg,@lemon-and-friend,롤업젤리 라임이네 성동점에 한 박스 팔던데 벌써 유행 지난건가요?,1,2023-06-30T06:18:37Z
NwP8QKO6BMg,UgyA2iIIZRr_RWPgQaJ4AaABAg,@유니-f6l,뚜아뚜지 모두 너무 귀여웡~><,10,2023-07-05T11:40:56Z
NwP8QKO6BMg,UgxZZIwPf-msFsNckAt4AaABAg,@햄츄-z5e,부탁이 있는데 하루종일 뚜지가 주인공 인 버전 해주시면 좋겠습니다 매일 힐링 하고 갑니다❤,6,2023-07-09T03:24:02Z
NwP8QKO6BMg,Ugx-FSRBxNvqJAhWsqx4AaABAg,@lydiaseo6947,저도 언니드라고 같이 해 봤는데 아이스크림하고 말 주라고 같이 부쳐 먹으니까 바삭바삭해졌어요,2,2023-12-13T16:29:12Z
NwP8QKO6BMg,Ugw83PGNtIqXygnoGr94AaABAg,@오룽이_0808,ㅋㅋ 너무 웃기네요 ㅋㅋ 😂😂😂,2,2024-06-15T23:59:27Z
NwP8QKO6BMg,Ugyv9DC5dA-HNJYWxCN4AaABAg,@INFJ애니쥬아,걍 자르면 되지 않나?,2,2024-10-19T10:00:17Z
NwP8QKO6BMg,UgyHFOQ4QFrHzrMDy_t4AaABAg,@yunamong_pick,"동네에 간식류 많이파는 아이스크림 할인점 가보세요 혹시 몰라요 롤업젤리 팔수도 있어요
저희 집 근체 아이스크림 할인점에는 팔더라고요",2,2023-06-22T11:25:47Z
NwP8QKO6BMg,UgxWTM8JVYDVjsQSJ8h4AaABAg,@그림쟁이연이,잉!!❤❤❤귀요미티들❤,5,2023-06-20T14:58:14Z
NwP8QKO6BMg,UgyxxlZRaOXkQXEB_Np4AaABAg,@루나에영,마이쮸 말고말랑카우로한번 먹어바요~,3,2023-10-08T10:13:40Z
NwP8QKO6BMg,UgzUmkUBqffCOCy1xaF4AaABAg,@Cherry1-11,마이쮸는  롤업 젤리보다 이빨에 잘 안달라 붙어서 마이쮸가 더 좋은거 같아용 (개인적으로),2,2023-07-06T10:23:05Z
NwP8QKO6BMg,UgzVWVpDSemT3RnX0pR4AaABAg,@민지김-i7j,"뚜빠님~ 뚜맘의 어머님 장모님 웅영웅좋아하시잖아요?!
그래서 말인데 웅영웅 포카 드릴까요?",2,2023-07-05T13:00:30Z
NwP8QKO6BMg,UgwLh2-yVL54RAWNDGd4AaABAg,@루리TV-l4x,뚜아 롤업젤리 잘못펼치거 너무 귀여워요,1,2024-06-07T00:03:13Z
NwP8QKO6BMg,UgxyEDbA98pCcyVt-r14AaABAg,@한머잘하는게스트-v3d,마이쮸 이런건 상상도 못했넼ㅋㅋ,0,2025-04-13T08:55:19Z
NwP8QKO6BMg,UgyrGLqv-5mBXiVHyLN4AaABAg,@박병건-t8c,"진짜뚜아뚜지
팬이애요❤🫶",4,2024-04-21T03:36:12Z
NwP8QKO6BMg,Ugyk_Pgo0eIaLf2F08J4AaABAg,@hayoon._.,다들 마이쭈 앏아야 하신다고 하는데 두꺼워도 한 바퀴만 돌리고 자르시면 성공 합니다,1,2023-09-10T05:50:52Z
NwP8QKO6BMg,Ugx3GXfxGbV4yYpc_4J4AaABAg,@뽀크롱-e6r,우리 학교 앞에 SNS 있는데 거기에 노력 젤리 엄청 많은데,1,2023-09-26T02:13:54Z
YdrxSvXPhbE,UgwYTC58RstT0GPTbJZ4AaABAg,@ganadaramabasajachakatapaha,박항서는 인생은 실전이야 뭐 이런 표정 ㅋㅋㅋㅋㅋㅋㅋ,313,2026-06-14T10:23:18Z
YdrxSvXPhbE,UgwqTJr_jK0nk8ENDk14AaABAg,@dxxdixx,박항서도 이게 되네....? 하는 표정이면 말 다했지 ㅋㅋㅋㅋㅋㅋ,2946,2025-10-03T14:38:03Z
YdrxSvXPhbE,UgzX5CtAuVbefHjqQXZ4AaABAg,@ddz1212,저건 오히려 찬 사람이 더 다칠뻔 했구만ㅋㅋㅋㅋ일반인보다 못한 레전드 판정이고ㅋㅋㅋㅋㅋ,317,2026-03-02T03:29:52Z
YdrxSvXPhbE,UgzqttyKgrVIZDJwdxR4AaABAg,@즐배익,그걸 영상판독까지 하고 경고라니... 어이가없다,1775,2025-10-07T17:43:03Z
YdrxSvXPhbE,UgxPOs_88OagEkK936t4AaABAg,@엔쏘니-f6h,박항서는 이게 되네란 표정이신데?ㅋㅋㅋ,2773,2025-09-30T15:14:11Z
YdrxSvXPhbE,UgzZGycx1P-T2hsw_WB4AaABAg,@AKI-ji9zp,"오심은 심판 국룰이구나 경기,다큐,예능을 가리지 않네",423,2025-10-01T10:19:04Z
YdrxSvXPhbE,UgyUsTti3ZpEBjThWU94AaABAg,@onemillion70000,인공지능이 대체해야하는 직업 우선순위에 심판은 무조건임,1670,2025-09-30T15:02:24Z
YdrxSvXPhbE,UgzOBEPmvbnuoBeXpr14AaABAg,@khm72003644,박항서 마지막 표정이 킬포 ㅋ,38,2025-11-12T08:47:42Z
YdrxSvXPhbE,UgwY6Z1VQ28bDiupHwJ4AaABAg,@wh1910,박항서도 어이없어하네 ㅋㅋㅋㅋㅋ,76,2025-10-04T01:41:07Z
YdrxSvXPhbE,UgwdU6vPkyCdmwPpi2l4AaABAg,@qwerasdf99,정환이의 불행은 항서의 행복ㅎㅎ,353,2025-10-02T17:53:11Z
YdrxSvXPhbE,UgzAPeYvG84PPjt5NdZ4AaABAg,@임상혁-l6p,심판....옛날에야 카메라도 얼마없고 권위로 찍어눌럿다지만 지금이러는건 참....대단하다,31,2025-09-30T13:51:19Z
YdrxSvXPhbE,UgyZYdfEnYQRf2qUlz14AaABAg,@밀라요보비치-s2f,"저걸 VAR 보고도 파울 판정에 옐로카드 준 주심은 
심판의 자격이 없음",834,2025-10-02T06:23:54Z
YdrxSvXPhbE,UgxQN2jzTMsn6G2xb9N4AaABAg,@disorm5222,항항항  머쓱하셔서 끝에 웃으면서 코 쓱 하심 ㅋㅋㅋ,28,2025-10-19T14:42:43Z
YdrxSvXPhbE,UgwowknWuwlqciRZ0DV4AaABAg,@이말올-s5p,"언제쯤 심판이나 판사나 AI로 대체 하는 날이 올까?
학연 지연 권력 재력 사적감정 없이 원칙대로
상식대로 판단하는 날이 어서 왔으면...",19,2025-09-30T07:54:37Z
YdrxSvXPhbE,UgyQm2QkAaRzfu1PJlF4AaABAg,@이티비티ml,다들 마지막에 발로 밀었다고 하는데 그 장면 자체가 슬로우로 걸어놓고 보니까 그렇게 보이는거지 슛때린거 자체가 찰나의 순간인데 때리고 발을 어떻게 빼냐고,427,2025-09-30T08:01:02Z
YdrxSvXPhbE,UgzJtURQfBky2a6ANw94AaABAg,@JoRaReGi,박항서 ㅋㅋㅋㅋㅋㅋ 한국 심판 수준을 알아버린 ㅋㅋㅋㅋㅋㅋㅋ,2,2026-04-19T11:21:11Z
YdrxSvXPhbE,UgxAk2rBvjlK8xpjfKl4AaABAg,@삼상신호등,"맞지 , 힘을 썼지 ..넘어지라고. ..",24,2025-10-10T08:21:12Z
YdrxSvXPhbE,UgwJF7sgvHbAFqJBJ_J4AaABAg,@dolsam4783,저건 명백한 오심이다..,159,2025-09-30T22:13:56Z
YdrxSvXPhbE,UgypN2870-wngph-eAp4AaABAg,@이연자-s3j,안느님 화이팅❤❤❤,17,2025-10-11T08:57:05Z
YdrxSvXPhbE,UgwbDRTwpi4dn_Cddgd4AaABAg,@jcy_jcy,킥 차면서 스터드로 깠으면 몰라 이걸 파울을 부네 ㅋㅋㅋㅋ,7,2025-10-02T06:34:15Z
YdrxSvXPhbE,UgxF0LQd307mIoaF53R4AaABAg,@존슨씨,안느 극대노는 박쌤의 행복,7,2025-10-12T04:57:46Z
YdrxSvXPhbE,Ugzuxouv2HSA1_ZU9Ox4AaABAg,@tero1021,'다나와 게임안해!' 하던 후인정감독이 생각나네요,2,2026-03-01T12:27:14Z
YdrxSvXPhbE,Ugxi_YV44Wkc2T4hgP14AaABAg,@sungdo-f4z,"오른쪽 발 앞코가 꺾이면서 넘어질때의 자세가 다칠거같아서 떠있는 왼발에 힘을줘서 반동에 의해 자기몸을 뒤로 튕겨져나가게 한거 아닐까요...?
저렇게 안돌았으면 무릎 아작났을듯..",94,2025-09-30T02:38:00Z
YdrxSvXPhbE,UgwRgtPSy_sN-kqvxUJ4AaABAg,@그릴레오,와 심판은 예능에서도 오심 남발이구나,1,2025-10-02T03:26:18Z
YdrxSvXPhbE,UgwgR2EoQhRGt6t3KNx4AaABAg,@수시생,대체 저동작에서 어케 발을 내리는거임 ? 혹시인증 가능하나 똑같은 속도에서  상대 팔이랑 허벅지 위에 걸쳐 있는거 똑같이해서 내릴수있는지 인증좀,588,2025-09-29T17:30:03Z
YdrxSvXPhbE,UgwluaX6lc-YLRMfkmR4AaABAg,@IlIllllI2324,옛날이야 카메라도 없고 자세한 장면 모르니 그냥 그런갑다 했지만 저따구로 하면할수록 요즘시대에서는 다 알게 된다. ㅋㅋㅋㅋ 심판 못보는 것들 2부 3부로 내려버려야 좀 문화가 정착되겟지,37,2025-10-03T06:14:43Z
YdrxSvXPhbE,UgwVl6Ziz8ExhUzuszN4AaABAg,@______ksu______,애초에 스터드로 찍은 것도 아니고 슈팅 차면서 올라가 있는 발에 살짝 닿았다 걸려서 같이 넘어진 것 같구만 옐로카드 뽑을 사안이냐 이게,17,2025-09-30T12:36:59Z
YdrxSvXPhbE,UgyuXkI8pG0kj2VkwhF4AaABAg,@toughmen,슈팅 차고 나서 모션을 보자. 차고 나서 상대와 붙이칠때 살짝 발로 차는 듯한 모션이 있다. 보토은 슛을 하더라도 앞에 사람이 있으면 접기 마련인데 의도적으로 살짝 더 밀었다고 보여집니다. 상황에 따라 다르겠지만 레브도 가능한 모션입니다.,1,2026-05-01T13:54:47Z
YdrxSvXPhbE,Ugylqgdf5PMZSAtUYap4AaABAg,@ダイヤ-e3l,"이미 찬 시점에서 상대방이 없에 있는데
무추척 반사신경 가져도 저건 못함
농구 점프 뛸 때 한템포 늦는거하고 같음",4,2025-09-30T12:44:50Z
YdrxSvXPhbE,Ugyh4gghl9PNgdlqkyx4AaABAg,@genmu33,헝그리 일레븐에서 벨기에인가 편파판정 나올때 좀 화를 내긴했지만 저정도는 아니었는데 저건 진짜 개 빡친거다 ㅎㄷㄷ,1,2025-10-20T16:01:36Z
OngJ6V1GRKc,UgyeBxpetOQnQbYSZqx4AaABAg,@youngjay1108,▶해당 영상 보러가기: https://youtu.be/6zXVBVRA3DE,870,2022-09-28T08:43:41Z
OngJ6V1GRKc,Ugw201X3Ms1BfSw4dmx4AaABAg,@kangdongwook,진짜 가려도 존잘이라는게 저런거구나,24559,2022-09-30T17:09:35Z
OngJ6V1GRKc,UgzNYzZ-9OiXajCWzp54AaABAg,@butter_t3254,"모자이크가 의미없게 존잘이네.....,,",9287,2022-10-02T00:59:31Z
OngJ6V1GRKc,UgyEQSqkTCvsMAcgXHd4AaABAg,@mariang123,뭔데 이 모자이크 뚫고 나오는 잘생김.,83505,2022-09-28T22:38:06Z
OngJ6V1GRKc,Ugy97phhPT49748sc4t4AaABAg,@와아아아왁-i3r,웃을때 입모양 진짜 매력적이다…입꼬리 미쳤음,9162,2023-06-14T20:05:26Z
OngJ6V1GRKc,UgzwRPchEorlEZ8Z6pV4AaABAg,@Pill-th,"이 영상을 보고 진짜 확실해졌다,, 잘생겼는데 애인이 없으면 유부남이거나 게이라는 말이…",40231,2022-09-28T10:55:17Z
OngJ6V1GRKc,UgzhTAuXoCLi2I6lAcF4AaABAg,@twxwvf-jis,아니 무슨 피부질감이 존나 섹시하냐,8892,2022-09-29T21:42:56Z
OngJ6V1GRKc,Ugzjh9uzNYNAtuhbo354AaABAg,@meme8438,눈 가려도 잘생김이 뚫고나오넴,20675,2022-09-28T03:30:10Z
OngJ6V1GRKc,Ugx2bGQYgLKXdOVJvtp4AaABAg,@잘자-f3e,"몸매,피부,얼굴,치열,목소리까지 완벽하네 사기다...",5435,2023-02-05T08:12:05Z
OngJ6V1GRKc,UgwOm3hGYCjjpmTQD714AaABAg,@dalvitdansing,질문하신 여성분의 아쉬운 한숨이 모든 걸 말해주네요..,26411,2023-01-21T15:44:12Z
OngJ6V1GRKc,UgzVkmjXJvviMgGb96Z4AaABAg,@aaaa-f1g-k1v,보통 눈만 잘생긴 사람이 많아서 하관까지 잘생기기 쉽지 않은데 하관이 이미 잘생겨서 눈이 어떻게 생겨도 못생기기 쉽지않음…,5183,2022-10-05T16:13:08Z
OngJ6V1GRKc,Ugwny-ucKUoMEeOcGnl4AaABAg,@쿨쿨따푸데데,와시발 웃을 때 진짜 오진다;;;;; 넋놓고 끝까지 봄,9563,2022-10-01T12:32:28Z
OngJ6V1GRKc,UgxPdJSEKvn6JftKSsx4AaABAg,@chlqudrn,뒤에 여자 분 너무 아쉬운가 보네 ㅋㅋㅋ,3205,2023-02-20T01:09:09Z
OngJ6V1GRKc,UgzXKucr2Wg65DZlbSt4AaABAg,@pupin1005,간만에 화류계 게이가 아닌 일반 게이를 봣네.. 편하다..,7445,2022-09-29T09:57:15Z
OngJ6V1GRKc,Ugw96kmLYfixUHaMvLh4AaABAg,@퓨어-h3l,몸 엄청 좋은 임시완 느낌이야.. 뭐야 개존잘,10938,2022-09-30T13:45:33Z
OngJ6V1GRKc,UgyggoSEFWuq_kkYOrp4AaABAg,@mozzigi9503,겁나 잘생겼네 ㄷㄷ;,12415,2022-09-27T05:31:39Z
OngJ6V1GRKc,UgyW9m2q_0tUoqOQ1EZ4AaABAg,@user-wr4xe,하.. 진짜 이런 분 유전자는 퍼져야하는데.. 아쉽네요…,1473,2023-12-11T16:57:46Z
OngJ6V1GRKc,UgwjqcTqMHD-VmXsbaV4AaABAg,@지식인-g3y,ㄹㅇ게이중에 제일 정상적으로 말하네 주위 찐친이.말하는거같음 ㅋ,8482,2022-09-28T01:11:57Z
OngJ6V1GRKc,UgxdZ1dS-mJt_tHH1-14AaABAg,@김춘배-w3g,존나 잘생겼네 그냥,3608,2023-01-13T23:47:58Z
OngJ6V1GRKc,Ugxa4lo56ajVrUZACvF4AaABAg,@daldaldal-e7w,웃을 때 입매가 진짜 지린다..,14786,2022-09-28T15:48:28Z
OngJ6V1GRKc,Ugy3wt_QhLgGZcr872p4AaABAg,@leeandy5952,게이바 주변사는데 게이들 옷잘입고 잘생긴애들 진짜 많아요. 농담 안하고 대한민국 잘생긴애들중 아마 최소 10%는 게이일겁니다.,27,2025-02-21T10:08:41Z
OngJ6V1GRKc,UgyqnfmpDTtmB6tpkVx4AaABAg,@sj3468,쾌락이라고만 따지기엔 저 모자이크 뚫고 나오는 존잘 기운은 여자들한테 최상위 포식자임…뒤에서 여자들 다 만나면서 거짓말 하는 기만이 아니라면 저건 진심이라고 밖에 할 수 없음…,14122,2023-01-14T03:37:20Z
OngJ6V1GRKc,Ugw-852kL-4Ltm3oFhd4AaABAg,@귤마시씀,실루엣만 봐도 잘생겼네.. 잘생긴 사람들중에 게이가 많더라...,5756,2022-09-28T06:56:22Z
OngJ6V1GRKc,UgwUkXv4EgzBbJ9Jaz54AaABAg,@user-noname-,아아앙악!!! 그냥 잘생기셨다고!!! 그만 까라고!!!! 저리 가라고!!!,4306,2022-09-28T10:50:02Z
OngJ6V1GRKc,Ugzr7ID1dq64Sig_D9l4AaABAg,@Ol해나,잘생긴 남자가 게이인 건 정말… 너무 슬픈 일입니다 ㅠㅠ,1341,2023-06-08T02:59:35Z
OngJ6V1GRKc,UgxOk8ae06VGL0WahkB4AaABAg,@얍얍얍-c3d,좆댔다 또 잘생긴사람이 다른 길로 갔구나..😢,7626,2022-10-02T16:20:42Z
OngJ6V1GRKc,UgwIpKnc1XrIAd1UJFR4AaABAg,@uzz-ks5pq,진짜 미친 존잘 섹시 몸부터 피부까지,6912,2022-10-31T01:51:48Z
OngJ6V1GRKc,UgyerEQZIeX89W-bKfp4AaABAg,@sunkong119,미쳤다 웃는거 치인다,4960,2022-09-29T15:46:42Z
OngJ6V1GRKc,UgwYpfIgpooIRxZ7Oht4AaABAg,@rhdqisf,개열받네 왜하필 엘프가 게이야 .... 어차피 내꺼아니여도 아깝자나 저건 눈이 단추만해도 존잘임,198,2023-10-23T01:04:32Z
OngJ6V1GRKc,UgybTKXW6ggE_c22xN14AaABAg,@IOA583,와 ㅆㅂ 이건 뭐지 진짜 존나잘생겼네,2117,2023-01-19T15:46:43Z
nXfJkHCcX0c,Ugx59dpjRffn5UtuYqt4AaABAg,@앨리스얌,아 진짜 귀엽다 ㅋㅋㅋ,1865,2024-11-11T11:30:19Z
nXfJkHCcX0c,UgzgPuv1EJIz2GL90Yd4AaABAg,@햄치즈-d5d,ㅏ 중간중간 아오니님 흐느적 거리는거 넘 커여븐 ㅋㅋㅋ,357,2024-11-10T14:52:45Z
nXfJkHCcX0c,Ugwcon0boH40sJm09qR4AaABAg,@설효림_seolhyorim,"마지막에 강쥐 킬포ㅋㅋㄱ
아니 너무 중독되자나..
아오니에 스며들었ㄸㅏ",312,2024-11-10T15:17:30Z
nXfJkHCcX0c,Ugz7j5LQMd2vg7KHMst4AaABAg,@효은_s2,아오니님 흐물흐물 팔 흐느적거리시는거 넘 귀여워요❤,117,2024-11-10T22:56:15Z
nXfJkHCcX0c,UgwCLsdxHA7Asg0-5-t4AaABAg,@캐릭온TV팬,박자랑 춤이 너무잘맞아ㅠㅠ 마지막 (강아지 졸귀),971,2024-11-11T06:21:06Z
nXfJkHCcX0c,Ugwtv63zxyx9aTt6QVJ4AaABAg,@아린-p6c,중간에 애플이도 너무 귀엽고 오징어처럼 흐느적거리는(?)아오니님도 너무 귀여워용 ㅜ,42,2024-11-10T15:17:53Z
nXfJkHCcX0c,UgwivAJCfH8WiIVlUSJ4AaABAg,@Dwoeng-geun,역시 편집자님이야 ㅋㅋ 아오니님 너무 귀여우신거 아니냐고요 ㅋ큐ㅠ,282,2024-11-10T15:15:41Z
nXfJkHCcX0c,UgyCF7_sKLaO5Lh53-J4AaABAg,@Xun.2vu,아니 ㅋㅋㅋㅋㅋ 중간중간 킬포 왤케 많아옄ㅋ,22,2024-11-10T14:55:41Z
nXfJkHCcX0c,Ugy60dDsyCeG_19QSeF4AaABAg,@jw-ij1hg,아 편집자님ㅋㅋㅋㅋㅋㅋㅋㅋㅋㅋ 항상 수고 많으시고 웃음 쥬셔서 감사합니당,11,2024-11-13T08:11:47Z
nXfJkHCcX0c,UgzQEvduLZJhVfYzuNt4AaABAg,@최강잼민로그,아닌 박자가 딱딱 맞아서 넘 기여웡😅❤,8,2024-11-11T05:47:18Z
nXfJkHCcX0c,Ugw01Z1-1Ohy8TC3ZJV4AaABAg,@고고-q1k,편집자님 센스ㅋㅋㅋㅋㅋㅋ 너모 귀엽잖아 아오니❤,6,2024-11-11T01:46:28Z
nXfJkHCcX0c,Ugw1PEazpMVLHKCyiPh4AaABAg,@이승준-i9h,아니 마지막에 강아지 인형 뭔뎈ㅋ,1,2026-06-27T03:08:12Z
nXfJkHCcX0c,Ugz2pQPaQDx7H_RD53V4AaABAg,@마루-i7g,으갹갸 아오니님 춤추시는거 너무 귀여워요.ᐟ.ᐟ,5,2024-12-06T12:47:42Z
nXfJkHCcX0c,UgwodLSfwdtez0JLDXx4AaABAg,@윤태현-r4v,너무 귀엽다.강아지보니 힐링되요,5,2024-11-10T22:59:48Z
nXfJkHCcX0c,UgwZHGjGUOqs_f91ELt4AaABAg,@연우_SyRy,저거 찍으려고 머리 딴 아온희씨 너무 귀여운거 아니냐고요 🥹,4,2024-11-10T14:59:53Z
nXfJkHCcX0c,UgzMSLNNBx3Ou60_AD94AaABAg,@쯔하데스,"겁나 이쁘자너 .. 담에 아오니 실제 춤만 나오는 것도 해주시라요 ,,
글구 브이로그 한번도 드가요오!!!🙈💗오늘부로 아오니 언니 제꼬💋",2,2024-11-11T10:06:36Z
nXfJkHCcX0c,UgwiaqmfEuYty66qjp14AaABAg,@꼬마거미,ㅋㅋㅋㅋㅋㅋㅋ 오니님 머리 땋으시고 영상 뽕 뽑으셨구만요 ❤,5,2024-11-10T16:52:40Z
nXfJkHCcX0c,Ugxis5dTf5DiEc3wvA54AaABAg,@체리-cherry_IM,뭔가 이상하게 박자가 맞아서 계속 보게 되네요 그리고 곧 있으면 50만이에요!! 축하드려요!!!,21,2024-11-10T23:17:20Z
nXfJkHCcX0c,UgwDMuXXJ1uMBV0_BE94AaABAg,@규리-v4h,편집자님 앞으로 많이 만들어주세요❤❤,6,2024-11-10T22:54:33Z
nXfJkHCcX0c,UgzNy5lLLKnqJPlwPNJ4AaABAg,@치쯧쯔릇쯧쯧쯧,아오니님 몸이랑 머리만 봐도 얼굴은.... 진짜 이쁘실것 같은데,1,2025-01-10T11:00:16Z
nXfJkHCcX0c,Ugy-R9sWf-pXFIzoM394AaABAg,@goddrone6715,아오니님 매력 쩌시네요 ㅠㅠ,0,2026-06-10T03:39:49Z
nXfJkHCcX0c,UgwiRdEv10os4FmYIHx4AaABAg,@최강삼성_1982,아 귀여운 인간....,2,2026-04-08T10:24:48Z
nXfJkHCcX0c,UgzdfOQZfkEygEwo8kx4AaABAg,@Stargram720,ㅋㅋㅋㅋ 편집자님 넘 웃기셔 ㅋㅋㅋ 13번 넘게 돌려 봤어요!!ㅋㅋㅋ,1,2025-01-27T05:48:46Z
nXfJkHCcX0c,UgxQ5hZmXX6q0hvcqDx4AaABAg,@학생전소민,안녕하세요! 아오니님 영상너무 잘만들으셨어요. 그리고 다른 영상도 정말재밌네요!😊😊😊😊😊😊😊😊,0,2025-12-09T00:33:27Z
nXfJkHCcX0c,UgyCw4SX7Kt02fmhu414AaABAg,@레이-Ray0203,아 ㄹㅇ 내 취향이다ㅋㅋㅋㅋ 요런 귀여운 인싸랑 친구하고싶다ㅋㅋㅋ,1,2025-02-24T18:43:59Z
nXfJkHCcX0c,UgyqTMgtYHoQNOa8boJ4AaABAg,@ani_mxti0n,아오니님이 숏츠로 계속 영상 오리시니까 넘후 좋아요,1,2024-11-10T15:06:45Z
nXfJkHCcX0c,UgwgwcAAYGKA2o4Lg9h4AaABAg,@hashblanssoa,저거 찍으셨을 생각하니까 아오니님 너무 깜찍하신데요 ㅜ,1,2024-11-30T15:34:46Z
nXfJkHCcX0c,UgzartIOLRVnSevPzg94AaABAg,@Hsw0322,아오니님의 모동숲캐릭터 넘귀여워여ㅕㅠㅠ,2,2024-11-12T09:09:50Z
nXfJkHCcX0c,UgyXajEe1tudWWKYapt4AaABAg,@왈왈짖는원도어_11,아 이거 전에 올리자마자 봤는데 또봐도 귀여우세요 ㅠㅠㅠ,0,2025-09-27T13:16:37Z
nXfJkHCcX0c,UgyHZnmGwOI1oGS0AmZ4AaABAg,@댄디임,편집자님 마지막 강아지 넣어주신거 너무 사랑해요(?),1,2024-11-11T11:50:23Z
rtAk189-A_I,UgzLrftIDvVamYWsHiV4AaABAg,@-evengers7063,"음원요청, 행사문의는 카카오채널 '수트맨'으로 요청주세요.",0,2026-03-12T21:05:59Z
ViHTHiRwzfE,Ugy7RAX_GCoOubPrDBt4AaABAg,@-evengers7063,"음원요청, 행사문의는 카카오채널 '수트맨'으로 요청주세요.",0,2026-03-12T21:07:02Z
jCEA3qsguzE,UgzG8JOn_DW6ARnpThN4AaABAg,@-evengers7063,"음원요청, 행사문의는 카카오채널 '수트맨'으로 요청주세요.",0,2026-03-12T21:06:55Z
PEqYvCDW2N4,UgwnHHm_yPP9wABCrIt4AaABAg,@hyunij1467,여러분 화질 높여서 보세욤❣️,0,2020-01-05T07:24:52Z
PEqYvCDW2N4,UgxN5rbv3TVpbOjl55l4AaABAg,@상훈뷘,"zㅋㅋㅋㅋㅋㅋ아 어머니 눈물 흘리시는거 넘 웃기고 슬퍼ㅠㅋㅋㅋㅋ효녀 지횬 이번에두 넘 잼났어요,,,❤️",1,2020-01-05T12:36:47Z
PEqYvCDW2N4,UgyjQfIwDZgk7uTMG_94AaABAg,@림제이-i2c,아따 맛있게 잘묵네요 햄 2020년엔 더이상 아프지 마십쇼ㅠ 제맘이 더 아픕니더 랍유💘,1,2020-01-05T08:07:07Z
PEqYvCDW2N4,UgzhDhzS5KMjA2efLDd4AaABAg,@임보미-w5h,아싸1등🙋🏻‍♀️🙋🏻‍♀️엄훠니 와이카노 하심서 눈물 흘리심ㅋㅋㅋㅋ너무 귀여우심🥰🥰,1,2020-01-05T07:39:03Z
PEqYvCDW2N4,UgyousxcNizKUAk-etl4AaABAg,@ANGELBIN0000,지현성님 요도브 잘 보고 있습니다 ❤️ 늘 파이팅입니다!,1,2020-01-16T18:04:29Z
PEqYvCDW2N4,UgxSPUmiX7bcvMcyYCJ4AaABAg,@배그라미,"지현씨,,,쌍둥이,,,신가요?? 허허,,,어훠님이 아주 뿌듯하시겠습니다,,,은제 요놈의 자슥들이 다커서ㅠㅠ🖤",1,2020-01-05T07:55:22Z
PEqYvCDW2N4,Ugx0-IqS2MseUZ7ZDoV4AaABAg,@박신영-j8p,"성님 이번 영상도 힐링만땅>€<  어머니,, 제가 엄청 팬이에요,, 💜",1,2020-01-05T12:12:30Z
PEqYvCDW2N4,UgzXRXrIAteYbHIWbAV4AaABAg,@0hooon364,대구성님 먹방 귀여워요❣️,1,2020-01-05T10:26:27Z
PEqYvCDW2N4,UgwqYzRiHg5OeS8VOZp4AaABAg,@gyu0302,누나 동영상이 너무 힐링되여>< 오늘부터 구독 꾸욱!,1,2020-01-27T08:12:48Z
PEqYvCDW2N4,Ugw3-Jax__ara_Ihe7Z4AaABAg,@주노초파,언니 아구리 너무 좋아요😍😍,1,2020-01-05T12:01:38Z
PEqYvCDW2N4,UgzTHFsNzF00Lu0CFBJ4AaABAg,@딩딩코딩코,젼젼성님 요리하는데 입부터 마중나와있군요❤️ 귀여우니까 좋아요할게여 흥;;💕💕💕,0,2020-01-09T15:17:46Z
PEqYvCDW2N4,Ugzk2sqZhZuE6a8VsYB4AaABAg,@까빠-c9i,와 음식 다 맛있어보여요 영상 보니까 배고프네요ㅋㅋ,1,2020-01-05T13:36:03Z
PEqYvCDW2N4,UgzzcrEFFZ5OAvterql4AaABAg,@이동석-w2q,대구성님 잘보고갑니다🙂,1,2020-01-05T09:51:00Z
PEqYvCDW2N4,UgxO7QKY4Byg1vlAaOp4AaABAg,@박가현-h2p,성님..🥰 아우가 성님 뵐 날만을 고대하고이씀다 헤헤,1,2020-01-05T11:44:59Z
PEqYvCDW2N4,UgxukUL4jUfTe0fpE0x4AaABAg,@shiyan9920,ㅋㅋㅋㅋㅋㅋㅋㅋㅋㅋ 입술만 봐도 전지현 동생ㅋㅋㅋㅋ 이벤트 참여합니더 낄낄휘,1,2020-01-05T09:15:20Z
PEqYvCDW2N4,Ugxe0pvFhRqWCeLiW6d4AaABAg,@seong7462,네일은 문방구에서 사서 하신건가요?! ^__^,1,2020-01-05T15:38:48Z
PEqYvCDW2N4,Ugw3cKmqVUj-HGG5yFR4AaABAg,@이신롱,자꾸 연우가 연어로 들려서 오해했엉 ㅋㅋㅋㅋㅋ 나두 다음에 지현맘 영상에 출현할랭,0,2020-01-06T13:08:07Z
1GoeySlOuPA,UgyxC-dHewdCXjw2Zyx4AaABAg,@mayoji-g5e,하루 10시간 재획할바에 그냥 나가서 일할께요....,394,2025-07-18T17:29:24Z
1GoeySlOuPA,UgzJ6jqDyKmkENPRSGF4AaABAg,@이주용-p1l,쌀숭이가 아니라 그냥 메창이잖아...,2226,2025-07-16T00:45:19Z
1GoeySlOuPA,UgyMRqZsLMNcnrVOvnF4AaABAg,@쫑이-m1t,ㅋㅋㅋ 하루 풀재할시간에 ㄹㅇ 현실재획이 몇천배 나음,1885,2025-07-16T01:33:11Z
1GoeySlOuPA,UgwQNMjQaQ_BvRLQUOp4AaABAg,@걍존나싸워,그냥 게임을 열심히 하는 사람이잖아..,378,2025-07-16T01:56:27Z
1GoeySlOuPA,Ugw6oMwWg5I3p1hbRG14AaABAg,@각설탕-p8w,"과장이 좀 있지만 최소 조건은 자신이 메창이라 
눈감고 소리만 들어도 보스 잡을수 있는 경지여야함",287,2025-07-16T00:34:08Z
1GoeySlOuPA,Ugw5jaqG3JGvLUvcI7x4AaABAg,@Han.s_K,"쌀먹은.. 주말 부업정도 느낌으로 해야함;
퇴근하고 대리뛸시간 대신 보스돌리고, 주말에 편의점 알바 뛰는 대신에 보스 돌리는것 정도로 생각해야지 저걸 메인 수익으로 생각하면 안됌..",207,2025-08-05T01:30:06Z
1GoeySlOuPA,UgyyVpSj5ZThPTZv35B4AaABAg,@No-sweets,나가서 일 하면 저짓 안 해도 저거보다 더 버니까.. 매몰되지 말자구,40,2025-07-22T02:21:46Z
1GoeySlOuPA,Ugzb5bRbUYueMN7PP2x4AaABAg,@이재-g1u,팩트) 저렇게 꾸준히 그리고 계획적으로 메이플 하는 메짱은 이미 쌀먹은 물건너간 헤비유저들이다.,179,2025-08-15T15:52:54Z
1GoeySlOuPA,UgwnA-T-lVYenT2SSgN4AaABAg,@어우민망해,"저 시급이면 일해서 돈 버는 게 낫겠다고 하는 사람 많은데 그게 운영자의 의도임
인게임에서 노력하지 말고 현질 하라고 유도하는 장치잖아
요즘에는 경험치도 돈 내면 얻을 수 있어서 돈이면 다 됨",44,2026-01-18T19:29:28Z
1GoeySlOuPA,Ugw45KliqUiVpytc7WB4AaABAg,@2밤톨,뭐야..그냥 메생이의 브이로그잖아?,4,2025-07-16T12:21:40Z
1GoeySlOuPA,UgwZ6YVLFEiKbNNYspl4AaABAg,@songfly14,메이플 안하다가 시간때우려고 했는데 일퀘 못하면 뭔가 답답함...중독성은 인정이다....적당히 하자,5,2025-07-18T00:29:01Z
1GoeySlOuPA,UgwbtvauSx3Gj8Xy_dd4AaABAg,@힝힝-t9x,열심히 사십니다...ㄷㄷ,2,2025-07-16T01:13:18Z
1GoeySlOuPA,UgzlbkK22EO_vWoqycJ4AaABAg,@J_Nao,10개월 뒤 미래에서 왔다 검밑솔 보스만 돌아도 1주일 5억메소로 반토막났다,4,2026-06-08T14:14:51Z
1GoeySlOuPA,Ugyg631Ruq44r5sHyZt4AaABAg,@러버문,법원에서도 인정한 극심한 고통을 해서 고작 저 돈을 벌 바에 나가는게 ㄹㅇ 맞는데ㅋㅋ,4,2025-07-16T21:29:23Z
1GoeySlOuPA,Ugy329iEaik8tMUQcf14AaABAg,@tugiomgum,이 과정이 재밌게 느껴지는 사람이 아니라면 돈 벌기 위해서 이지랄 하는 건 존나 인생손실이지 ㅋㅋ,0,2026-06-11T08:11:01Z
1GoeySlOuPA,UgyXEJl-spk0RqW0NQx4AaABAg,@daramG77777,우린 그걸 매창인생이라고 불러,5,2025-07-16T07:18:08Z
1GoeySlOuPA,UgyQDb6QjGv9C6yIbrh4AaABAg,@모근-s7q,그냥 부지런한 사람이자너..,1,2026-03-20T14:57:42Z
1GoeySlOuPA,UgwRf9P2D17Rx6PJwkh4AaABAg,@악플러차단합니다,재획 5시간 할바에 나가서 8시간 일하고말지,9,2025-09-05T13:19:34Z
1GoeySlOuPA,Ugw6Wj1gd1S4dacGnGl4AaABAg,@1399-o3w,이정도면 아무리 게임이라도 노가다가 될수 있다는..,2,2025-07-16T17:56:57Z
1GoeySlOuPA,UgycfWfVOl5vV1aryLB4AaABAg,@차승훈-u3u,ㄹㅇ 메이플 사냥 안쉬고 7시간 vs 일 9시간으로 계산했을때 일이 훨씬 더 편함 ㄹㅇ 1시간동안 같은 사냥터 사냥할때 ㄹㅇ 개힘듬,3,2026-01-06T08:08:13Z
1GoeySlOuPA,UgwxoRQI7tql4tNH59t4AaABAg,@rhwkdsksrlacl,저정도면 그냥 현실에서 공장뛰는게 오히려 더 재밌는게아닐까..?,1,2026-03-18T21:44:58Z
1GoeySlOuPA,UgyuNiilvuUwggPXdS54AaABAg,@전-두환,"근데 메이플 이번에 시작하면서 느낀건데 챌린저스 패스부터 싹다 사냥하고 보스 좀 돌면 굳이 현질할 필요없이 메이플 포인트로 바꿔서 다 할 수 있어서 너무 좋더라구요.. 뭔가 경쟁이라기 보다 혼자서 현질 없이 얼마나 키울 수 있을까 하면서 하다보니 이제 한달반정도 되가는데 아직 보스가 서툴러서 하드 데미안까지 잡았지만 재미있어요
현질한 친구가 투력 5천만 정도 되는데 저는 3천만이라 종종 보스 돌다보면 친구가 부럽긴 한데 아직까진 현질없이 버틸만 합니다! 
그리고 고인물들이 여전히 계셔서 새벽에 종종 헤네시스 가면 솔 에르다 조각도 주시고 좋은 사람들이 많습니다..ㅎㅎ",21,2025-08-10T21:01:44Z
1GoeySlOuPA,UgzH69RlU7zMSAgGM4R4AaABAg,@namdo1-e2f,아니 5시간에 10억이면 시간당 4천원인데 차라리 그 시간에 알바를 하는게 낫겠다 ㅋㅋㅋ,19,2025-07-17T13:37:58Z
1GoeySlOuPA,UgwaB-cR74PGZZma4LJ4AaABAg,@햇빛이-h1k,이정도면 쌜파는것도 인정이지...난 퇴근하고 본케하나만 해도 지루해지던데,0,2026-03-13T10:47:13Z
1GoeySlOuPA,UgwNAdsie-Mz3aazg654AaABAg,@재서이-g5z,그냥 게임은 게임 현실은 현실로 보는게 제일 건강함. 게임에서 번 돈은 그대로 게임에 다시 투자 현실에서 번 돈은 나에게 투자.,8,2025-08-26T16:03:22Z
1GoeySlOuPA,UgwXO-DbpSeOE4ZyVbZ4AaABAg,@귀여운누누,몸이 아파서 일을 할 수 없는 사람이 메이플로 쌀먹을 한다면 그건 나름 가치가 있는 일 아닐까 이런 생각을 한 적이 있었음.,0,2026-06-14T07:20:23Z
1GoeySlOuPA,UgyvNYr3WCdeWHvKVOB4AaABAg,@정지민-k7e,이정도 노력이면 인정해주자 전메창출신인데 글이라 쉬워보이는데 절대로 쉽지않음,68,2025-07-16T01:13:35Z
1GoeySlOuPA,Ugy-ZTogB0JAqI-yOT54AaABAg,@쉼표-i6e,그럴거면 차라리 일을해라 하려다가 마지막에 밖에가서 일이나하자라고 내맘을 말해주는구나 ㅋㅋ,0,2025-07-17T13:43:20Z
1GoeySlOuPA,Ugy8cKhWwJ8YbrzI1954AaABAg,@DDuIGl999,"매주 투자시간 35시간 + 주보 4캐릭 5시간
매주 40시간 × 4 매달 160시간 투자 = 500억

160시간 최저시급 최소 160만원 
1500:1 기준 160만원 = 1066억",3,2025-12-08T15:00:18Z
1GoeySlOuPA,UgyiViePZ30OvDGBc4J4AaABAg,@SeungjunLee-l9w,쌀먹 하는 사람 칭찬 해줘야댐... 이렇게 성실하게 일하는데....,0,2026-06-21T00:07:31Z
GRS2AALgQLI,Ugzlk_lJXPH9n1sl5uh4AaABAg,@호-w4e,미니스톱이 없음?ㅋㅋㅋ,1,2023-09-12T09:16:52Z
NV4N65a2Hj0,Ugglr3ui9ltY1XgCoAEC,@BBang-ggu,킬라그램 앙팡 러너 짭네시캐리 ㅇㅈ?,0,2017-04-16T00:06:28Z
YCS9NxzMWsw,UgxYSfcJy4d25HKuoeV4AaABAg,@권위선-s1r,"#영탁님 신랑수업 김찬우님한데도움을받나봤요,운동신경이좋은분,센스있게잘하실것같아요,오늘신랑수업넘기대됩니다,본방사수입니다👍👍👍👍👍🙏🙏🙏🙏🙏💙💙💙💙💙",35,2022-04-13T08:30:17Z
YCS9NxzMWsw,UgzXY3nk1LHwKDKfMdR4AaABAg,@taklove513,"#영탁#님 #신랑수업
울영탁님은  뭐든 다 잘하시니
면허도 한번에 딸것 같아요♡
오늘 넘 기대 만땅 입니다
항상 좋은일 웃는일만 가득하세요
늘 응원합니다 사랑합니다💙🦊
멋진내가수 언제나 최고 홧팅입니다👍👍👍👍👍👍👍",26,2022-04-13T09:12:04Z
YCS9NxzMWsw,UgwOWXFwjb43LIRZmsR4AaABAg,@장정금-g8y,영탁할수있다한번만에면허시험할수있을것이다👍👍👏🙏,23,2022-04-13T09:29:10Z
YCS9NxzMWsw,Ugy8yZu58cdkRHS7BOt4AaABAg,@이영미-i4o,"울영탁님 운전면허 필기시험 
합격 축하드립니다 🎉 
실기시험 도로시험 
모두 합격하시길  기도하고 응원합니다",12,2022-04-13T14:00:27Z
YCS9NxzMWsw,UgyVyjq-JC_GDVsBx8d4AaABAg,@이정연-o9p,"영탁님
꼭 성공 하길요",25,2022-04-13T08:57:27Z
YCS9NxzMWsw,Ugxev2cvV4lud9NH1ZV4AaABAg,@정기순-b9o,오늘밤 기대 대박으로 갑니다   멋진모습보고파💙💙💙,27,2022-04-13T09:04:35Z
YCS9NxzMWsw,UgyzR9cBSG-ewtsDxqh4AaABAg,@user-sh1se2dong,"운동신경 꿋
습득력 굿.
무슨??..장기 프로젝트..
전 국민에게 다 알리며 운전면허 취득하는 분 처음 봅니다ㅡ대세남.인기님..
얼마나 또 개그치며 웃길지..빨리 보고 싶네요.
손영주 선생님 변함없는 타기사랑 감사합니다",16,2022-04-13T11:34:35Z
YCS9NxzMWsw,UgzyPfTk1ggWL3nsl6x4AaABAg,@들꽃-q4q,영탁님 운전면허 합겹축하해요  잘했어요 요즘은 남여 모두 운전은 필수라고 생각해요  잘하실겁니다,12,2022-04-13T13:31:48Z
YCS9NxzMWsw,UgxEpAFEuugVpw1OHSp4AaABAg,@이미라-f5k,"쌤감사합니다 
영탁님본방사수 합니다 
영탁님응원합니다 
ㅋㅋ선생님최고",17,2022-04-13T10:29:46Z
YCS9NxzMWsw,Ugwx-4A9hDD8arTAxE14AaABAg,@장정금-g8y,총재님영탁하이팅👍👍👍👍👏🙏,19,2022-04-13T09:27:08Z
YCS9NxzMWsw,UgxscgJBgIPbbSjWsd54AaABAg,@봄-u7n,선생님 영탁님 말씀 하실때 웃는모습 영탁님 너무 이뻐하시는 말씀 감사드려요,26,2022-04-13T08:45:31Z
YCS9NxzMWsw,Ugy31hLzan71c8A_RNx4AaABAg,@이영애-n9l,"드뎌 울탁님 운전면허 도전하는군요
능력있고 센스있는 탁님 빨리취득 하겠죠 사랑하고 응원합니다",12,2022-04-13T12:29:06Z
YCS9NxzMWsw,UgwjtQlLkOgusbQAyjJ4AaABAg,@해바라기-u2y4k,울가수영탁님 일사천리로 합격으로 갑시다~~규규규,12,2022-04-13T12:20:41Z
YCS9NxzMWsw,Ugwf8gicvHSZuz5bDRV4AaABAg,@광주잎세주,바른탁인성탁아무것도버릴게없는울탁님지금신랑수업 보구있는데넘잘하구있네용,11,2022-04-13T13:14:06Z
YCS9NxzMWsw,UgzpQOog54-z6tKmHMJ4AaABAg,@서윤-x3r8p,넘 잘할것같은데요~^^,20,2022-04-13T09:04:01Z
YCS9NxzMWsw,UgxK1FHdPTKN-128gFR4AaABAg,@한량나그네,ㅎㅎㅎ  손샘 하투하튜 ..,24,2022-04-13T08:25:40Z
YCS9NxzMWsw,Ugy3tC8Mb28DeexHrD54AaABAg,@마몽드-l2m,아마 ㅇㅌ님 바로 딸것 같아요,21,2022-04-13T08:48:34Z
YCS9NxzMWsw,UgwDgEueU5rshhPXfct4AaABAg,@ty-mq1dd,영탁님 신랑수업기대됩니다,11,2022-04-13T10:29:33Z
YCS9NxzMWsw,UgzbpduJlpyPV6SoERd4AaABAg,@최희연-v5k,ㅋㅋ 운전면허 필수죵,17,2022-04-13T08:57:34Z
YCS9NxzMWsw,Ugw_I14TjiQwGaJq4AF4AaABAg,@강경숙-u3g,대박대박.축카해유.,10,2022-04-13T13:10:08Z
YCS9NxzMWsw,UgwwfvTgATkB4zgWP2J4AaABAg,@김은순-y5b,찬우 씨 영탁 씨를 많이 생각해 주셔서  너무 감사해요 신랑수업 파이팅입니다,6,2022-04-13T16:26:25Z
YCS9NxzMWsw,Ugyr70lQV_PISFr1r514AaABAg,@김태연-s1z6e,"울영탁 님
한방 따네요 천재💙💙💙",4,2022-04-13T14:21:58Z
YCS9NxzMWsw,Ugw_rz13Jb8BZBfSZK14AaABAg,@진정탁-u3s,울탁님   77점으로 필기 합격했어요  축하합니다,5,2022-04-13T14:00:36Z
YCS9NxzMWsw,UgybvLQR2dvf_JyevH54AaABAg,@신순희-j3f,우리영탁님 1차 필기  합격하셨어요 축하합니다 🎉 💕 💜  우리영탁님 사랑 💕 💖 💗 ❤   합니다,0,2022-04-14T02:37:11Z
YCS9NxzMWsw,UgyuHpW_TkmVeNbgCVB4AaABAg,@무궁화꽃-k4c,탁이가 학과시험 한번에 붙엇내요 역시 축하해요 ^^,4,2022-04-13T14:22:07Z
YCS9NxzMWsw,Ugx2iTGjQDK-T9LquiR4AaABAg,@탁라뷰,필기시험에 합격했으니  실기도 합격해야죠^^,1,2022-04-14T10:31:18Z
YCS9NxzMWsw,Ugy7wqN-0BpSayjFvVl4AaABAg,@나대복,"#영탁# 신랑수업#잘보았습니다
운전면허 필기 시험 합격 축하합니다
앞으로 실기 연습 많이 하셔서 합격하길 응원 합니다",0,2022-04-14T11:42:08Z
pD4MLh7Z9ng,UgyDd45quzVs1PF_b794AaABAg,@난닝구TV,오늘 이벤트 마지막 날 입니다 ^^ 9월 구독자 이벤트 영상 / 영상 내용 필독 -> https://youtu.be/VHdUOpj-5G0,4,2019-09-30T08:50:56Z
pD4MLh7Z9ng,UgxuI6rCxAzHVdapRQB4AaABAg,@BIANCA-d0c0b,"오늘도 1등 으로와서 영상 시청 합니다ㅎㅎ
koreagame07@naver.com",1,2019-09-30T08:51:06Z
pD4MLh7Z9ng,UgxS6AahgE-3OD_mud94AaABAg,@내구독자수아베뒤지는,ㅋㅋㅋ와.. 지코랑합방을하시네..,1,2019-10-03T01:38:12Z
pD4MLh7Z9ng,UgzQH6VpJ_ruiV82DX14AaABAg,@깔락이,원큐 나올때마다 기분않좋아  ㅋㅋㅋㅋㅋㅋㅋㅋㅋㅋㅋㅋ,0,2019-10-01T07:46:40Z
pD4MLh7Z9ng,UgwKgdLv-HoZX0KRt8F4AaABAg,@oh_js,"매일 영상 올려주셔서 감사해요. 
(ohjongseok5@naver.com)",0,2019-09-30T09:48:48Z
pD4MLh7Z9ng,UgxCVbCQrvb6vm7wGMB4AaABAg,@zin45645,"ㅋㅋㅋ 재밋습니다 ㅋㅋㅋ 가끔 합방해주세요 ㅋㅋ 무슨일이고! 
ckdals456@naver.com",0,2019-09-30T11:03:01Z
pD4MLh7Z9ng,UgzHYCbBLoQvHqWtCnN4AaABAg,@동글셈,킹오파 이그니스 뽑기 방송가요 ~,0,2019-09-30T11:50:04Z
pD4MLh7Z9ng,Ugz7KoVXQTeoHJrZe994AaABAg,@에헤라디야-g5x,"저녁늦게 봤었는데 또 보네요
seoungryul@naver.com",0,2019-09-30T10:37:07Z
pD4MLh7Z9ng,Ugz07G7Wmqf8Lq4Xf5p4AaABAg,@이현승-d9w,지코 캬악퉤~,5,2019-09-30T09:33:29Z
pD4MLh7Z9ng,UgylNKTxiIyFPsET_6Z4AaABAg,@jhkim235,"역시 닝구형님은 신의손입니다..오늘 뒷심부족한듯 하네용ㅎㅎ므선일이고 
wjdgns838333@naver.com",0,2019-09-30T08:52:13Z
pD4MLh7Z9ng,UgxXtKWCbCL8zlI1i5B4AaABAg,@byunstory,닝구형 쓰레기 지코랑 친하지 마셔유~이미지 베려유~,5,2019-09-30T13:13:56Z
pD4MLh7Z9ng,UgzwDFTmfPu_DECJwkx4AaABAg,@수미-r8d,형님 이쯤됨 한번쯤은 당첨시켜주십시오!!!ㅋㅋㅋㅋprince8586@naver.com,1,2019-09-30T09:06:40Z
pD4MLh7Z9ng,UgxOboXkUtT0zKllQkN4AaABAg,@박영욱-q3o,"우와....형 이제 합방가는거야?
와 감탄만나온다 liont73316@gmail.com",1,2019-09-30T15:31:20Z
pD4MLh7Z9ng,UgybxLPEdqnPtU5aXQx4AaABAg,@이런게인생이지,"왜, 용감한 3형제가 보이는걸까 ....",0,2019-09-30T13:51:47Z
pD4MLh7Z9ng,UgwF6ZlkqFrI3F4GtRR4AaABAg,@깔락이,나왔다 ㅋㅋㅋㅋㅋㅋㅋㅋㅋㅋㅋㅋㅋㅋㅋㅋㅋㅋㅋㅋㅋㅋㅋㅋㅋㅋㅋㅋㅋㅋㅋㅋㅋㅋㅋㅋ,0,2019-10-01T07:41:17Z
pD4MLh7Z9ng,UgwKYtGkRxStDnodmt94AaABAg,@seyoungkim4350,케미 진짜 오졌어요 ㅋㅋㅋ 실컷 웃고 즐기다 갑니다fa5692@naver.com,0,2019-10-01T07:13:14Z
pD4MLh7Z9ng,UgxFOk__DVQkkorTz-J4AaABAg,@코카콜라-h3f,"원큐님 합방이라니 ㅋㅋㅋ
(mjm216@naver.com)",0,2019-10-01T02:35:23Z
pD4MLh7Z9ng,UgwQg3OB-GGg-kW2h314AaABAg,@김성엽-z8t,"닝구형님 항상 재미는 영상올려줘서 감사합니다 몸관리 잘하시면서  재미는 영상 올려주세요~^^
ghost50@naver.com",0,2019-10-01T06:18:34Z
pD4MLh7Z9ng,UgwN6_ssOvpvuDZY9214AaABAg,@박프로-r9p,내가 일등이다 스바르마 pdg250@nate.com,0,2019-09-30T14:11:07Z
pD4MLh7Z9ng,Ugyc0tXXPNrhJSgWqOF4AaABAg,@뚱뚱이-y3l,"드디어 마지막날이군요.행운을 빌어봅니다
aksjfk1235@gmail.com",0,2019-09-30T09:30:55Z
pD4MLh7Z9ng,UgxPjuZ0zxpiBWL25hx4AaABAg,@picking3966,"항상 잼있게 잘보고 있습니다..
kkll1447@naver.com",0,2019-09-30T10:47:05Z
pD4MLh7Z9ng,UgyURjt9XlXqss3zwtN4AaABAg,@JHoon2,"ㅋㅋㅋㅋ 아따마 화끈하네예~ 
sanghoon7366@hanmail.net",0,2019-09-30T09:04:14Z
pD4MLh7Z9ng,UgyxQ4H9opeA9a-Lzwl4AaABAg,@김영은-v2h,"난닝구님 당신은 대체...
tept4457@nate.com",0,2019-09-30T08:53:51Z
pD4MLh7Z9ng,Ugx3Gzl4kWLMWI7Rsi94AaABAg,@깔락이,500무과 2탄  ㅎㅎㅎㅎㅎㅎㅎㅎㅎㅎㅎㅎㅎㅎㅎㅎㅎㅎㅎㅎㅎㅎㅎ,0,2019-10-01T07:40:13Z
pD4MLh7Z9ng,UgyILntaMnwjQalnKDx4AaABAg,@jjshin8584,"저도 열받아서 1000만원 지르고 싶..ㅋㅋ 닝구님 잼나게 보고 갑니다
pinkrurururu19@gmail.com",0,2019-09-30T09:04:36Z
pD4MLh7Z9ng,UgyVidl3cGf2IyfQvX14AaABAg,@대운의시작-1,"난닝구 행님 뽑기 영상 잘 보고 있습니다.화이팅이다 ㅅㅂㄹㅁ
(oops2362@naver.com)",0,2019-09-30T14:27:55Z
pD4MLh7Z9ng,Ugw4cKbhEkEq0ZOvYUZ4AaABAg,@이윤재-x2y,"닝구형 구독해서 열심히 시청할게요~닝구형 화이팅^^
water259@naver.com",0,2019-10-01T08:15:52Z
pD4MLh7Z9ng,Ugy2r1CkTcWJUyADoiJ4AaABAg,@skaska1997,"형님 보고 에오스레드 빌헬미나 뒤늦게 시작했슴다 @~@
(side2walk@naver.com)",0,2019-09-30T11:04:55Z
pD4MLh7Z9ng,Ugx6IAMbFyOxbbZLRb94AaABAg,@코코낸네야,"1000만원 현질이라니.. 후덜덜
kino83네이버",0,2019-09-30T11:17:34Z
pD4MLh7Z9ng,UgwtDJNu2ZKEdggk7-Z4AaABAg,@이타인-c3c,이걸보면서 현질뉴혹받음 난닝구 ㅎㅎ,0,2019-09-30T14:33:12Z
X9wT2xpVu90,UgyBq4QDqdZnSozy-zV4AaABAg,@haessal-z4g,ㅋㅋㅋㅋ 샤이을걸이들 안좋아하는척 해놓구선 이부분 너무 웃겨요 저도 을걸이슬로건 미친듯이 흔들었습니다 ㅋㅋㅋㅋㅋㅋㅋ,3,2021-09-06T11:51:57Z
AtdKVYHqVuE,UgzYqW-mq5vGpchNqUN4AaABAg,@the_2top,우정출연: 더투탑🖤,8,2021-03-01T11:20:22Z
AtdKVYHqVuE,UgyV4shjOAAlwiZlFdx4AaABAg,@myungsoccer,"오타가 나왔네요 ㅜ
2:24 시즌권은 팀당 ₩2,000,000~",6,2021-03-01T11:18:04Z
AtdKVYHqVuE,UgyeU74wF-B7kiuxyul4AaABAg,@심플라이프-e2u,자주 올려주세요~~ 요즘 이런 영상 스타일 넘 좋네요 ㅎㅎ,1,2021-03-01T15:37:57Z
AtdKVYHqVuE,UgzVtMDB5wmrKR7DWOd4AaABAg,@허니혀니22,아 우리의 청춘! 명싸커 채널도 빤낭 구독자 더욱더 많아 졌으면!!ㅎ일반인은 잘 접하지 못하는 이런 솔직한 얘기 감사히 잘봤습니다!저도 충장 갔다가 아직 안되서 실망!ㅎ고양시 잔디가 울나라 전체 짱이죠!^^미팅건은 왜 갔는지 궁금하네요!ㅎ민영 선수꺼 낼룸 구독할게유!(구독 되어 있네유^^),0,2021-03-01T09:01:40Z
AtdKVYHqVuE,UgyspGj2NhGzOZVp0al4AaABAg,@김아무개-u4j,"요즘 청춘fc 다시보는데 명싸커,더투탑 언제나 화이팅입니당",0,2021-03-01T15:29:50Z
AtdKVYHqVuE,Ugx-GR3VzAokFoxi0i94AaABAg,@tv-cx7hn,축구 유튜버입장에서 보다보니 하나하나 다 맞는 말씀입니다 그치만 화이팅입니다 !,1,2021-03-27T11:02:36Z
AtdKVYHqVuE,Ugxpk8kPtvHEiZAKn2V4AaABAg,@자카-f4s,....슬프다...명싸커 화이팅....😍,1,2021-03-01T09:10:33Z
AtdKVYHqVuE,UgwkphUd-PGQFvDuka54AaABAg,@장우영-x7g,우옹 화정이다!!,0,2021-03-01T09:06:37Z
AtdKVYHqVuE,Ugzxv0z0NES2eS_97pp4AaABAg,@ho_II,5:39 는 아예 런업인데ㅋㅋ 이참에 런업 영상배우기 함가시죠!,0,2021-03-01T12:35:11Z
AtdKVYHqVuE,Ugwh6WzCTMhoFd6Xa-p4AaABAg,@chunsikbaestudio,어려운 길이죠 아직은 ㅎㅎ,0,2021-03-02T03:33:47Z
AtdKVYHqVuE,UgzRfRp4dO3-tioZwAB4AaABAg,@휘자-l6u,와... 오공 오랜만이내여... 저기아직있구나,0,2021-03-02T06:39:52Z
AtdKVYHqVuE,UgwUNp5vfJHFFOJgyMJ4AaABAg,@Louis_001,런업님 영상이랑 느낌이 똑같아요!,0,2021-03-01T13:18:06Z
AtdKVYHqVuE,UgxbVzq-8ehzfeenqu14AaABAg,@선수탐구,슬프면서 공감가면서 감동받는 그런 컨텐츠입니다 ㅎㅎㅎㅎㅎㅎ,1,2021-05-28T09:32:30Z
AtdKVYHqVuE,Ugzxrfm0xDCY3NMXIaN4AaABAg,@하늘-f1c6q,저가 많이 봐드릴게요,0,2021-03-24T06:21:26Z
AtdKVYHqVuE,UgwgKvqezRn7T5jLSph4AaABAg,@oT-qq5yw,명싸커님 반갑습니다~ 청춘fc때부터 꾸준히 시청했던 팬입니다!! 부족하지만 고등학교에서 체육교사를 하면서 현재 구독자 400명인 축구 초보 유튜버입니다. 궁금한게 많습니다. 여쭤볼 것도 있어서요 ㅎㅎ 피드백이라도 조금 주실 수 있으실까요? jongbale 제 카톡 아이디인데 여유기 되신다면 카톡 한번만 주시면 감사드리겠습니다!!! 명사커 화이팅!!!,0,2021-03-01T10:37:44Z
AtdKVYHqVuE,UgxfKWJAKSRHjB8CgkJ4AaABAg,@troat_manse,명싸커님 손흥민선수 닮음ㅋ,0,2021-03-01T15:15:59Z
AtdKVYHqVuE,Ugy2QMYUu4VbiHtuAL54AaABAg,@ess1m499,명싸커님 멋있어요.,1,2021-03-01T08:30:25Z
VzKv1aebpPI,Ugw4RY3T3buiqLMLyup4AaABAg,@Ellenyoon愛,이렇게 말하면 어쩔지 모르겠지만 오또케~ 여경들보다 용감하고 멋지네요!,2,2019-07-13T09:21:44Z
VzKv1aebpPI,Ugzva89JXbtNi5_OUT14AaABAg,@kimdorothy6368,뭔가  고맙고 멋있고  너희들 같은애들이 많다면 전쟁은 일어나지 않을것같다,3,2019-07-13T04:58:47Z
VzKv1aebpPI,UgxKxIFmqHPbky1i9y14AaABAg,@크림-s9o,삼각고인목이나 돌맹이 껴두는게 좋음..사람이 밀고있는게 오히려 위험함...저건 막아낸게 아니라 사람이 깔려서 신체때문에 멈춘거..신고한거는 잘한것같음..,0,2019-07-13T20:43:31Z
VzKv1aebpPI,UgzFC0IiNyXx132JKZ14AaABAg,@chris-mina,너희가 여경보다 훨씬 낫다 멋지다!,1,2019-07-13T05:33:55Z
miSY3vxRSak,UgxOcwBMW5QLeMSRSPF4AaABAg,@홍학철77,너무 즐거운 경험이었습니다 물론 수현언니랑 함께해서 더😍 앞으로도 장신수현 채널 많이 봐주세요 저도종종 나오겠습니다(?) 화이팅❤️❤️,3,2020-10-18T05:36:48Z
miSY3vxRSak,Ugzvnxou8HaXMCcbCPV4AaABAg,@kle5187,와역시멋지당!!!!♥오 그리고  너무이뻐요!!!!!항상좋고재밌는영상감사해요 얼굴이 좀달라보이네요,2,2020-10-18T04:59:33Z
miSY3vxRSak,Ugw6dGpRxJG17VSFvml4AaABAg,@jugho6514,"이쁘고 멋있고? 귀엽고 이쁘고??  
결론 수현님은 역시 운동!",1,2020-10-18T09:24:16Z
miSY3vxRSak,UgwAsexsz6w6mzkVLO94AaABAg,@더블배럴샷건,ㅋㅋㅋ 찰지게 넘어지네 우리같은 장신은 넘어지면 더 크게 다침 조심요 ㅋㅋㅋ😊,1,2020-10-19T23:01:12Z
miSY3vxRSak,UgyzLCHiWnLaJrcV2Pt4AaABAg,@김려음-x1t,"와~역시 멋지시네요
역시 장신수현님 짱 이십니다",1,2020-10-18T14:29:55Z
miSY3vxRSak,Ugy-an6TJNCnIhloi7h4AaABAg,@추노꾼-e8r,"오 대구fc👍 조현우 울산가고 울산팬 됐지만...ㅋㅋ
오랜만에 수현님 공차는 모습 보니까 좋네요😁",1,2020-10-18T10:39:09Z
miSY3vxRSak,Ugy79ldnpIxj26v6xbt4AaABAg,@櫃本賢治,4:43 두 사람 모두 제복 모습 멋지군요 😉.,1,2021-03-29T09:54:45Z
miSY3vxRSak,UgyauC1oVyRSPDKCUZx4AaABAg,@조선-o8g,댓글은진짜 오랜만에 다네요^^♡~,1,2020-10-21T13:47:36Z
miSY3vxRSak,UgxgY_UStwGrQ5wtiOp4AaABAg,@dvk1880,멋져요~!,1,2020-10-18T04:47:06Z
miSY3vxRSak,UgzVMYOQuOliHlTeYQ94AaABAg,@tvvlog730,멋져멋져👏🏻👏🏻,1,2020-10-18T04:58:29Z
miSY3vxRSak,UgyO-KbmiqvnA1zcNa94AaABAg,@채널심인보,와우!!!!,1,2020-10-18T10:38:43Z
miSY3vxRSak,UgxaIOwQ1EWeyHkSb494AaABAg,@앙아-h4x,와 나도 대구사람인데!!!,1,2020-10-18T05:24:29Z
miSY3vxRSak,Ugwawqqf3f45UKZEww14AaABAg,@엑스칼리스마,2,1,2020-10-18T04:48:00Z
HuzMeiTbL6w,Ugyu3kiCmVLzpEiD17h4AaABAg,@디토-y5p,젊은 진행자 두분 다 매력있으시네요~^^,2,2021-08-09T15:27:53Z
HuzMeiTbL6w,UgxkpbGV5Eu59qxAKa94AaABAg,@SeokKu,"아동주거 빈곤가구의 주거 지원을 위한 SH의 노력 너무 멋있네요
SH의 다양한 활동들로 인해 더욱 더 청며들수 있게하는 그런 주춧돌이 되어 가는 활동들이 많은것같습니다
8월의 뉴스도 기대하겠습니다!!",2,2021-08-07T17:05:37Z
HuzMeiTbL6w,UgwELVJvFQSpoule6Yx4AaABAg,@JungEddy,SH 비주얼 이병민 사원님이 이병민 사장님이 될 때까지! 응원하겠습니다 파이팅!,2,2021-07-30T10:28:28Z
HuzMeiTbL6w,Ugzqa2di4oOeZMP6L3x4AaABAg,@고구마-u6h,오늘의 주요뉴스를 통해서 가로주택 정비사업에 대해 알아갑니다. 그 외에도 SH공사 외부전문가 활용 갈등문제 해소 박차를 위해 힘쓰고 있다는 점..그리고 또 이전에 영상들을 복습할 수 있고 댓글들도 읽어주니 아주 알찼습니다... 그리고 이병민 사원님 인기가 많아시네욬ㅋㅋㅋㅌ,1,2021-08-08T01:05:14Z
HuzMeiTbL6w,UgyWODEA2lnrGWNo4rB4AaABAg,@재욱김-v9d,"ㅋㅋㅋㅋㅋㅋㅋㅋㅋㅋㅋㅋㅋㅋㅋㅋㅋ 나 sh 직원 아닌데, 저 목소리 너무 좋다!! 남자가 반할듯!! 연예계진출합시댜",1,2021-08-04T10:56:54Z
HuzMeiTbL6w,UgxUiFMJ75nVTXBYUXF4AaABAg,@user-mc1ew5bt9d,이병민사원님 멋지십니다 화이팅😆😆,2,2021-07-30T11:07:13Z
HuzMeiTbL6w,UgwYpTX5xkTwfjmgncl4AaABAg,@쑤으니,가로주택정비사업 활성화 기원합니다,0,2021-08-24T17:33:04Z
HuzMeiTbL6w,UgwqmD4B-BErcNjQ-EV4AaABAg,@tl4274,이병민 사원님 화이팅하세요:),2,2021-07-30T10:41:52Z
HuzMeiTbL6w,UgwuqB-nPfVjgrcwQLN4AaABAg,@랄릴라-h3r,SH 청신호 tv 응원합니다,1,2021-08-08T04:18:05Z
HuzMeiTbL6w,UgwJSz9Ts0qEXL-EeWB4AaABAg,@darkmoonksky,이병민 사원님 사장님될때까지 화이팅 응원합니다.,1,2021-08-07T04:04:37Z
HuzMeiTbL6w,UgzjsG-j6-5lOawm_JR4AaABAg,@낭낭이-z9z,썸네일 제목이 좀 그래요. ㅜ SH소식을 전해준다는 의미가 명확하게 담긴 썸네일이면 더 클릭해서 볼 것 같거든요~,0,2021-08-19T02:41:09Z
4iwjEJD1r1g,UgwqJu8hS9l3rEeJMBd4AaABAg,@hongdinho,"11/22(일) 오전 10시에 서울은평나인티플러스 VS 스타FS서울 경기
생중계 되면 라이브 스트리밍 키도록 하겠습니다.
같이 봐요!",2,2020-11-21T16:19:59Z
4iwjEJD1r1g,UgyLkM2vRIlnW9xj17R4AaABAg,@Dhqoxbwoqo,"1:57 리오넬지호!!
8:00   용준띠 마무리!",0,2021-02-17T23:31:34Z
4iwjEJD1r1g,Ugw1isHTTmt8Te03tu94AaABAg,@TV-wo3he,오 병욱햄 잘한당,0,2020-11-21T17:11:50Z
On8N3DB8MYI,Ugxc9JwcVc9j1iJ0pkd4AaABAg,@mslee3062,체형이 많이 바뀌긴했지만 여전히 ㅈㄴ잘하네,167,2022-04-28T08:54:32Z
On8N3DB8MYI,UgyCvus_F6IyvQKPtkB4AaABAg,@박제민-q3w,"반대로 얼마나 노력하는 삶을 살아왔을까
어느정도 긴장이 풀린 그들의 모습...이런모습도멋지다 배나와도 그모습 그대로 다들 멋지다 안느처럼",137,2022-05-01T17:58:07Z
On8N3DB8MYI,UgwpeFF53EzkNRq5fjd4AaABAg,@약방의칸초,축구선수 출신이면 식사량이 상당할텐데 운동량이 줄어서 확 찐듯 ㅠㅠ,13,2022-04-28T08:37:51Z
On8N3DB8MYI,UgxV8n3zob1W97y0u2t4AaABAg,@YKtheFBK,어려서부터 먹는거 운동하는거 사생활 까지 다 관리하고 얼마나 조심했을텐데 은퇴하고나서 맘껏 행복한 것들 누릴 자격이있지 ㅜㅜ,274,2022-04-28T09:01:01Z
On8N3DB8MYI,UgxGE7Pmk8VJuvrMZpJ4AaABAg,@vermouth-i9f,반대로 선수생활하면서 몸 유지하려고 얼마나 많이 노력했을지 생각하게 되네요...,95,2022-04-29T11:48:22Z
On8N3DB8MYI,Ugy_ffSEr7NoMaQbDNl4AaABAg,@rkssdg,수상할 정도로 눈에 띄는 킥 정확도..,49,2022-05-01T04:08:16Z
On8N3DB8MYI,UgxalweMy_nm2lZPoNh4AaABAg,@hiderocket,동네아저씨 되었네 ㅋㅋ 귀여워 ㅋㅋ 체형이 저렇게 변하니까 세계적인 선수도 조축 아저씨마냥 차네 ㅋㅋ,18,2022-04-28T09:01:40Z
On8N3DB8MYI,Ugwo-aliDgY5nhBxZVt4AaABAg,@bitoh5056,2010 스네이더는 닥월클이였음,12,2022-04-28T09:09:08Z
On8N3DB8MYI,UgyTpP12P_fJcoOU-dJ4AaABAg,@장민수-v6c,스네이더... 프리킥골보고 저선수 누구야 했었는데ㅎㅎ 동네 아저씨 다되셨네,7,2022-04-28T08:57:25Z
On8N3DB8MYI,Ugw5ARa3FuAsRDSYkKV4AaABAg,@user-ds5bz3mi3r,"2010 달성 업적만 해도 인테르 트레블 주역, 월드컵 준우승 이라는 어마어마한 업적을 달성해 당시 발롱도르 1순위 였지만 하필 전성기 메시와 세얼간이 때문에 포디움에도 못 들어간 비운의 선수...그래도 명실상부한 레전드",506,2022-04-29T12:55:59Z
On8N3DB8MYI,Ugxlm0PKRnWJ28EGbfN4AaABAg,@unknown-lu3es,아무리 체형이 바뀌어도 클래스는 영원하구나.,393,2022-04-28T08:46:22Z
On8N3DB8MYI,UgzNvnWrVyOMsDELnA14AaABAg,@Miller_G,우리는 정환이형이 있어서 그렇게 놀랍지는 않다 ㅋㅋㅋ 그냥 반갑넹 ㅋㅋㅋㅋ,4,2022-04-29T13:48:50Z
On8N3DB8MYI,Ugzia5_unqRPKIna1tV4AaABAg,@GT-bq3me,와ㅋㅋ나이들면 아무리 스네이더도 별수 없구나. 아저씨 몸매ㅋㅋ동질감 느껴져,3,2022-04-28T09:58:04Z
On8N3DB8MYI,Ugz9bRi6uDwW5aGv7yl4AaABAg,@tjdtlr29,몸은변해도 클라스는 영원하다....,12,2022-04-30T08:03:19Z
On8N3DB8MYI,Ugzs397PNLzgA8E1WO14AaABAg,@킹왕짱0,스네이더는 못참지~~오렌지 군단 레전드!,3,2022-05-20T08:25:16Z
On8N3DB8MYI,UgzkOpCyyc0EHtatLW14AaABAg,@김중권-r2h,2010년에는 진짜 스네이더가 발롱받는줄 알았다...,3,2022-05-04T03:05:19Z
On8N3DB8MYI,Ugzli4iXDyLwaNXGNFZ4AaABAg,@jokogho3389,전설의 네덜란드 경기 다시보고 싶다 이번 월드컵,9,2022-04-28T15:59:34Z
On8N3DB8MYI,UgygQsY49rT-pVE-Smd4AaABAg,@꼬부기-t3c,"작은키에 단단한 밸런스있는 슈팅이 일품이었음..
뭔가 슛이 램파드 레이저 슛 느낌..",23,2022-04-28T09:48:34Z
On8N3DB8MYI,Ugyy2mcH4TC3TPjDKIt4AaABAg,@본드Bond,나이 먹고 나만 배 나온게 아니였구나 ㅜㅜ,6,2022-04-28T08:17:53Z
On8N3DB8MYI,Ugw0jkvRWKTEOA6Dq9x4AaABAg,@주말노숙자,한국 조기축구에도 용병(?)같은 전 프로축구 선수 있음 슈팅이 핵탄급 ㄷㄷ,4,2022-04-28T12:49:02Z
On8N3DB8MYI,Ugz1CEUzW2pL1Qe8gVZ4AaABAg,@미스터리살롱,스네이더는 인테르의 트레블과 네덜란드의 남아공 월드컵 준우승 1등 공신이었다,20,2022-04-28T11:06:58Z
On8N3DB8MYI,UgzcHyfWqd9GSi_fg1h4AaABAg,@sSs-ob9rr,"몸관리위해  먹고싶은거 참았었던 현역시절뒤로하고 은퇴후
후덕한모습 보기좋네요 행복한시간 보내고있는듯",1,2022-05-04T02:51:18Z
On8N3DB8MYI,UgyimDxvZDcCeswO0Ph4AaABAg,@StarBoy-rd7cd,아니 배가 너무 불렀는데;,7,2022-04-28T08:09:17Z
On8N3DB8MYI,UgyTkBN90cWnupzMNjd4AaABAg,@칸나바로-q5i,오랜 시간이 지나고 다시 외친다. 스네이더가 받았어야!!,15,2022-04-28T09:43:40Z
On8N3DB8MYI,UgyR33h6KE01A_SI7714AaABAg,@emiupno,스네이더 형님 근황을 이렇게 보다니...감회가 새롭네요,55,2022-04-30T11:19:39Z
On8N3DB8MYI,UgxC49Gr3Zizg0mJDtl4AaABAg,@LOVE-or2bg,맘먹고 몸만들면 금방이지. 그냥 저렇게 살고싶은거임ㅋ,3,2022-04-29T22:21:31Z
On8N3DB8MYI,UgyUBC-LYyHLiy6il1d4AaABAg,@Jetosetosan,와 썸넬 스네이더라서 바로 달려왔다 형님 잘지내고 있는거 같아서 보기 좋습니다,0,2022-05-03T14:56:17Z
On8N3DB8MYI,UgwaK-qHCErccJ-QtVB4AaABAg,@trumantv,37세면 아직 젊은데 넘 변했네ㅋㅋㅋ귀여워ㅋㅋㅋ,43,2022-04-28T09:19:59Z
On8N3DB8MYI,UgxFwgRWP8rLutt6tlh4AaABAg,@병원-d7h,"뭉쳐야찬다 이번시즌
후반기에 나오기로 되어있죠 ㅎㅎㅎㅎ
비밀인데",3,2022-04-28T21:27:42Z
On8N3DB8MYI,UgxSulhpL_CN8JWiDT14AaABAg,@saykul1024,오늘 자 신규 확찐자 1명!!,3,2022-04-28T14:23:53Z
iQuLpxoSq6k,Ugzfg_B3ba3-mdLY9dx4AaABAg,@바비어멈,위메프에서 이익공유 특가전할때 떡갈비 구매했는데요 진짜 맛있어요!! 레알!,0,2022-03-04T01:55:18Z
-DpuPZQ5Swo,UgwuhIFQbZDK7RIiWjR4AaABAg,@벼벼벼-t9o,좋습니다,0,2023-04-22T15:43:53Z
8nGnHWnRRMw,UgwdFQhhH5QPbueHkyd4AaABAg,@김민국-n2y,"부상으로 같이 뛰지는 못했지만 ,
두번째 만남도 즐겁고 반가웠습니다! 👍👍",127,2021-04-28T07:31:22Z
8nGnHWnRRMw,UgwXOn0dKdNBVcnfrfh4AaABAg,@johanninekim6390,4:54  부터 약 20초간 ㅎㄷㄷ,22,2021-10-12T12:06:33Z
8nGnHWnRRMw,Ugwad_mikfjqyCpmu2J4AaABAg,@쓸대없는디테일,7:15 ㄷㄷ,31,2021-07-23T13:05:26Z
8nGnHWnRRMw,Ugw7c4-NzCBITa4If_J4AaABAg,@F56SE,"뉴스에 나온 살인 풋살을 한 멍청도fc 풋살 보다가
이 경기 보니까 눈정화 된다 편-안",22,2021-05-18T08:33:39Z
8nGnHWnRRMw,UgypGXPGaO6E8Iau67d4AaABAg,@jasonkay7676,03:20 띠리리~ 짠짠짠~ 으으라아ㅣㅈ즈누ㅜ누니,21,2021-04-29T00:20:21Z
8nGnHWnRRMw,Ugwh5N8fI_mcr6AQTgJ4AaABAg,@ksgrsaf3485,"축벤져스도 일반다른팀은 양학하는수준인데
확실히 국대 클라스가 다르다....",34,2021-04-29T13:08:14Z
8nGnHWnRRMw,UgyVwW2nj3KcbIm74-J4AaABAg,@hoya7892,"풋살은 제천fs 소림축구지,,,국대vs 제천조선족 소림축구랑 한번 기획해주길,,,",224,2021-05-22T03:35:08Z
8nGnHWnRRMw,UgyD0SjQFj38tCNyUj54AaABAg,@인생은파도-d6g,진짜 축알못인데  신종훈 선수  와  진짜 멋있어요,14,2021-05-19T15:51:52Z
8nGnHWnRRMw,Ugwj3LMCHcK6wwOMsTp4AaABAg,@라이터-b6i,"축벤도 어디 매칭가면 최상위권실력일텐데 
풋살국대는 진짜 넘사네 ㄷㄷㄷ",28,2021-04-28T05:37:42Z
8nGnHWnRRMw,UgzQELTlSl2Di1mcb0h4AaABAg,@복숭아키위딸기,8:28,109,2021-04-27T12:51:36Z
8nGnHWnRRMw,UgzIPl6sE-oplp3XC714AaABAg,@록-h6m,풋살 국대 컨텐츠도 좋고 편집도 잘돼있어서 구독했습니다!,18,2021-04-28T14:29:54Z
8nGnHWnRRMw,UgxDf0PwYMT7E9TptjF4AaABAg,@Chunshibaba,와... 16번 저분 축벤져스 상대로 접기를 몇번이나 먹이시는건지... ㄷㄷ 축벤져스 분들도👍👍 덕분에 제가 축구하듯이 잼있게 잘 봤습니다 더투탑 포에버!!,16,2021-05-18T15:37:23Z
8nGnHWnRRMw,Ugy_V7PtnXVat8TEtLp4AaABAg,@우지원-c1e,"팬인데 업르드 속도가 필요햔듯합니다
이미 두세군데서 하루전에 올라왔네요^^
힘내세요",18,2021-04-27T11:15:08Z
8nGnHWnRRMw,UgyEiYxpn8kFXm_U8iR4AaABAg,@Shin_Super,"마지막까지 매너 있게 진행하신 모습에
인정합니다! 멋졌습니다!👍",12,2021-06-11T14:54:14Z
8nGnHWnRRMw,UgympnpnvnW7I7mzbWB4AaABAg,@MAN_CHA,시간 가는 줄 모르고 봤네요 👍,2,2022-04-14T03:21:09Z
8nGnHWnRRMw,UgzfwUoYK-GXdoqI1cN4AaABAg,@우비-u5y,대인 방어랑 지역방어 바뀌는 속도가 아주 그냥 보기만해도 숨통이 막히네요 ㄷㄷㄷ,9,2021-04-27T13:40:03Z
8nGnHWnRRMw,UgyDP173cJvrTMGryVF4AaABAg,@바람난님,우와 ㅋㅋㅋㅋㅋㅋ 신종훈 선수 너무 잘한다,6,2021-05-17T12:29:52Z
8nGnHWnRRMw,UgwZ6RsHuaJGFHK4xtN4AaABAg,@고단-m6g,너무 잘한다 ㄷㄷ,4,2021-04-27T09:08:03Z
8nGnHWnRRMw,UgwB0UYKHoYp8Gq432t4AaABAg,@hjm3562,어 여기 저번 주말에 청라에서 축구했는디... 나중에 보면 보고 배워야겠다 ㅎㅎ,2,2021-05-01T03:13:06Z
8nGnHWnRRMw,UgwnBGIeB79h0ke94494AaABAg,@the_2top,신종훈 선수님과의 콜라보도 기대해주세요😉,35,2021-04-27T10:05:12Z
8nGnHWnRRMw,Ugyzn_DyehHmemoFuIB4AaABAg,@junijuni9790,와 진짜 몇번째 보는건지 모르겠어요 ㅋㅋ 유튜브에서 본 풋살영상중 탑입니다,9,2021-04-27T23:22:58Z
8nGnHWnRRMw,UgwwpckFiI3asyfcQS94AaABAg,@DB-r9b,7:13    7:45   8:17    우리들이 원하는...,4,2021-06-30T04:25:46Z
8nGnHWnRRMw,UgxuZVBSprZLpnl-Vwt4AaABAg,@jackpark4565,간만에 유투브 축구 보면서 감탄하면서 박수 치는것도 정말 오랜만이네요. 14.16번 선수 뭐에요? 경찰 부르고 싶을 정도로....넘 잘 차시네요..물론 축벤도 충분히 잘 차지만...,3,2021-05-03T13:14:40Z
8nGnHWnRRMw,UgxNSPY8pbso-YP-_zF4AaABAg,@hmt21,"클라스가 다르다.
패스 슛 개인기가 저렇게 정확하고 빠를수 있구만.
축선수들 빠르다는 건 알고 있었지만.",0,2021-09-13T08:08:46Z
8nGnHWnRRMw,UgxsvqFCZEfx1yiY6eF4AaABAg,@partypeople7945,국대 클라스 와우!,1,2021-06-02T17:14:35Z
8nGnHWnRRMw,Ugy-6zPUM2kwpGs0iyJ4AaABAg,@테라나스-VOO,워... 미쳤다,2,2021-04-30T02:53:53Z
8nGnHWnRRMw,Ugy2fhaYnXQYY2_UNfh4AaABAg,@김현호-b1h,이게 풋살이구나...와 ㅋㅋㅋㅋㅋㅋ,5,2021-04-30T23:17:03Z
8nGnHWnRRMw,UgwaWSY-kFpdP-qZ_Yl4AaABAg,@김동현-j6y,국대 클라스 ㄷㄷㄷ,2,2021-05-01T04:51:00Z
8nGnHWnRRMw,Ugz6ogof8YuOiNRgxSV4AaABAg,@김동석-s8z,6:46초 골이 진짜 풋살 ㄷㄷㄷㄷㄷ,87,2021-05-13T01:36:38Z
8nGnHWnRRMw,UgzuRPWBaU5yDP1cQz54AaABAg,@hwarimanu,와 풋살의 천상계,5,2021-04-27T10:30:26Z
Y8RMqrdAImA,Ugz9wSqi5bArhrElBxV4AaABAg,@r1ver_garden,"연극< 이 구역 이기적인 로맨스>

저는 4/25부터 시작하고,
서울에서는 5/19일 부터 나와요 ㅎㅎ 

극장에서 만나요 🫶🏻",2,2023-03-16T13:40:12Z
Y8RMqrdAImA,UgytEOB1n1LdCGIh5lZ4AaABAg,@오뭐졍,노란 원피스 너무 찰떡이에연ㅠㅠ💛,0,2023-03-17T02:39:51Z
Y8RMqrdAImA,Ugxd8kHUk_bWxPWG6Jd4AaABAg,@히든카드12345,다들 리액션 장난없네요ㅋㅋㅋ대문자 E들의 만남.. 공연은 언제하시나요???,0,2023-03-16T13:40:43Z
Y8RMqrdAImA,UgwUM6XozoMnqKhPylt4AaABAg,@김일강-x2s,공연보러갈게욤,0,2023-03-18T03:01:04Z
mMzKBGzoG4g,UgyiEAwZqN6yjivOMPJ4AaABAg,@쮸둥,ㅋㅋㅋㅋㅋ로고송 너무 중독성있눈뎅....♡조타조아,0,2021-04-14T22:23:36Z
k7iIEzjRvBw,UgzDKvcYuoQbu8W_CH94AaABAg,@남춘홍-v7w,"홍자시대
홍일병님 감사합니다. 
홍자님 응원 합니다
화이팅💜💜💜",27,2022-08-31T06:12:04Z
k7iIEzjRvBw,Ugztpwj1GRcvYdg8-cZ4AaABAg,@안양윤-c9p,감사합니다 예쁜홍자님 홍자시대 홍일병님 홍심이님 모두가 한마음 대장님 사랑하는 마음 변치말고 최고의 국민가수 응원하며 사랑합니다 🤚😍😃😎😆🤣😂😅😀🎊🎊💜❤💜,28,2022-08-31T06:42:00Z
k7iIEzjRvBw,UgxefVWyhTCX1BkyVA54AaABAg,@청도유천벌꿀TV,홍자님예쁘요 홍일병님들  정말열성이시네요 나도가고싶다,15,2022-08-31T23:43:20Z
k7iIEzjRvBw,UgzbtYcCPW8ubQbsiMR4AaABAg,@꽃순이-q1x,예쁜 홍자님 뭔 일이래  무슨일을 하셨나요 모르겠네  홍일병님들 다 모이셨네  홍자님은  눈믈 훔치시고  팬분들  다  엄청 많이 모셨네  홍자님은 넘 예쁘시고  사랑해    영원히  홍자만 나도 저기 가고 싶다   난리네,27,2022-08-31T05:42:19Z
k7iIEzjRvBw,UgxrZcAnBOjobOcO1KV4AaABAg,@호강-l2c,슈퍼스타 홍자! 최고!,20,2022-08-31T09:56:45Z
k7iIEzjRvBw,UgxNwSnS5aWz1p6psJ54AaABAg,@김애화-x7w,동영상 보니 너무 좋아요 울대장님 마음껏 볼수 있는 날이 빨리 오길 바랍니다,22,2022-08-31T09:48:49Z
k7iIEzjRvBw,UgyLu3vsfp3zokm9koZ4AaABAg,@김남호-x3l,"귀한 영상 감사합니다  ❤서편제 주연 송화의 
    가슴을 울리는 감성연기와 소리
❤뮤지컬 스타로
❤손색이 없습니다 
❤제일 예쁜가수 홍자님 
❤언제나 화양연화❤
❤응원합니다",22,2022-08-31T09:42:51Z
k7iIEzjRvBw,UgzNdngYgmspjse4IQd4AaABAg,@뚱띵이-e6z,그때도 참예쁘네요,23,2022-08-31T09:06:40Z
k7iIEzjRvBw,UgwddqCCUu9EjsvPZUN4AaABAg,@풍선이-p1u,"아 보지못한 귀한 영상이네요
감사합니다 ~~
홍자님 저모습을 보니 울컥해 지네요
대충 기억은 납니다
지금은 최고의 정상에 있으니
든든합니다~",24,2022-08-31T07:45:00Z
k7iIEzjRvBw,UgzJiLyIqwjuPMfJJiR4AaABAg,@큰삽,👍👍👍👍👍,10,2022-09-24T01:06:56Z
k7iIEzjRvBw,UgzRkuYcv_Z4n3Y4zHJ4AaABAg,@권윤수-p2v,"이자리에 참석한 홍일병님들 하지만 참석하지 못하고 마음만 애태운 홍일병님들 모두 모두 식지 않은 열정에 감사하며 부럽 습니다.
저 역시 참삭하지 못하고 이렇게 보는 것만으로도 만족하며 참석하신 분들 부러워 하며 이런 모습이라도 보는 것 만드로도 감사합니다.
모든 홍일병님 화이팅을 외치며 홍대장 사랑합니다~모두 모두 화이팅~~~",12,2022-09-06T00:26:02Z
k7iIEzjRvBw,UgwhccRWwbPhIUgpzqh4AaABAg,@예쁜이-c8m,영상 감사합니다 ㆍ  추억이 새록 새록 나네요,27,2022-08-31T06:39:03Z
k7iIEzjRvBw,UgzicRWFUyPY-XQW_sp4AaABAg,@소리잎이,반가운분들을 보니 넘 좋네요.^^,26,2022-08-31T05:55:05Z
k7iIEzjRvBw,UgyXoFU2cfbwGrOa1D94AaABAg,@들풀-g7h,"짱아님 감사합니다 오래전에 영상같은데요
엄청난  미모에 감동",24,2022-08-31T06:46:58Z
k7iIEzjRvBw,UgyWdJOja_QcJzD2b3V4AaABAg,@심재덕-l8k,응원합니다.,18,2022-08-31T10:18:47Z
k7iIEzjRvBw,UgxyYp0hkprv8sYNWSt4AaABAg,@꽃순이-q1x,",",21,2022-08-31T05:43:42Z
k7iIEzjRvBw,UgwPi3fonOgMRu01tiN4AaABAg,@사랑초B,여신홍자님 역시마음도 여신이네요♡♡♡,7,2022-10-18T15:16:38Z
k7iIEzjRvBw,UgzanR6CZwp46gPGK4B4AaABAg,@김무량심,"귀한 영상 이군요
초심으로  모두 열심히 대장님 위해  응원해요 ~",3,2023-01-16T10:39:24Z
-lYhURUFwJA,UgyBXXEwX5Lyck9hJ3t4AaABAg,@이설탕-n6p,엄기준씨 드라마볼때는 연기잘하네라고만 생각했었는데 예능프로같은 프로보면 말도 조곤조곤하시고 매력이 많은분이시네요,3,2021-01-23T18:43:27Z
-lYhURUFwJA,UgzO7YHzt4XJVltT3e94AaABAg,@user-fn4qh5yd8f,이분은 티비에 보여지는 연기는 안해도 매년마다 꾸준히 뮤지컬 공연을 하시는 분이라 ㅋㅋㅋㅋ 맞는 말씀하시네요 ㅎㅎ,3,2021-01-08T16:47:31Z
-lYhURUFwJA,UgwIRO97vs5kXwgjor94AaABAg,@일상아지매,엄기준씨 멋있어요.선생님도 이쁘시네요..ㅎ,3,2021-01-08T13:52:12Z
-lYhURUFwJA,UgzFc7GMFGZjPooxLHJ4AaABAg,@lululala_hing,노래 얘기 나와서.. 엄기준씨 뮤지컬 배우세요😅,3,2021-01-08T13:35:46Z
-lYhURUFwJA,Ugxb5hIdIUn28oxo4yF4AaABAg,@그냥아저씨-t8f,사주가 좋은사람은 달라도 다르네요.엄기준 멋집니다.,0,2021-01-08T16:06:43Z
-lYhURUFwJA,Ugz35PqiEH5Kd6j3Rl54AaABAg,@캔-y5e,정확하시네요👍,3,2021-01-14T16:15:35Z
-lYhURUFwJA,Ugzq_zYdRMpiRighC3V4AaABAg,@nolgozappazida,헐..ㅋㅋㅋㅋㅋㅋ,0,2021-01-28T21:42:02Z
ungDyPXCauc,UgzhIkmCdsN3sqsnfcF4AaABAg,@몽꼴레오,"휴~~
햄버거집 갑질논란 이라는데 
햄버거집 점원의 싸가지 없는 
말투를보니 나같았어도 집어던졌을 듯.   직원말투가 진짜 짜증나는...
저런말투를 듣고 과연 가만있을 사람이 몇이나 될지?
이런건 갑질이 아니고 폭력이나 소란 아닌가요  어떤게 죄가 더 무거울지는 모르겠지만 갑질은 아닌듯
햄버거집 점원도 그닦잘한건 없는것 같네요",1,2018-12-06T10:45:29Z
ungDyPXCauc,UgzGuPs1rk7_9T6PqQB4AaABAg,@W.F.LBroadcasting,완전히 갑질에 속하진 않는거같은데요.. 점원도  불만섞인 말투로 손님한테 대하는거보니 쌍방에 잘못이 있는거로 보입니다!!,0,2018-12-06T09:38:01Z
ungDyPXCauc,UgyTIXerCDQ3XJsZbFZ4AaABAg,@앤카라-o8z,자동문화가 익숙치않고 옛날주먹구구식에 아직도 있슴 ㅡ 주문하고 번호표를 받았으면 전광판을 주의해서 봐야지 ㅡ 지가 무식해서 못봐놓고는 왜불만 ㅡ던지는버릇은 어디서 하던버릇인가 ㅡ 가정교육 학교교육 사회교육 하나도 안되있다!! 미개한사람들 ㅡ,0,2018-12-06T18:13:22Z
ungDyPXCauc,Ugwroghcq7ooQwkRNYp4AaABAg,@이혜진-s9o1n,갑질은 예전부터 속속터져나오고있지만 누구하나 처벌규정이나 법규 만들거나 하는사람은없습니다. 문제는 사회의식도 문제지만 나라운영하시는 국회의원들도 문제있어여~예를들어 윤창호법 강력처벌해야된다는 취지로 그친구분들이 고생고생하면서 발의시키고 거기에 국회위원들이 동의를했어여~ 정작 법무부에서 형량을 조율했을때 국회에서 반박해서 발의하고자했던것들을 낮아지지않게하고 통과할수있게해야되는데 형량이 단축되었져~안한거만도 못해여~왜 형량을 줄었을까여~사법부.국회의원도 음주운전할때 있을꺼에여~법이강화되면 옷을 벗어야되니까~갑질도 마찬가지에여~국회의원도 갑질할때 분명히 있을꺼에여~거기에 법규발의시키면 국회의원도 처벌받아야하기때문에 안하는거같아여~개인적인 생각이에여!!~^^,1,2018-12-06T09:33:15Z
ungDyPXCauc,UgyPdPrnIRJ3y0h0pLV4AaABAg,@고장맨,돈,0,2018-12-06T10:02:58Z
nq-6zWIMRT4,Ugz1EJxWfyztpkmXT314AaABAg,@홍동그니그니,우.와.재.밌.다.하.하.저.의.이.름.은.머.게욧,1,2020-10-13T07:33:44Z
nq-6zWIMRT4,Ugw6cDspSz9oN6VZiNp4AaABAg,@정현우-h8m7z,"저 치즈볼 입니다 ㅋㅋㅋㅋ
구독했어요 ㅋㅋㅋㅋ",3,2020-10-15T22:30:40Z
nq-6zWIMRT4,UgyLOelmN0gc5MhuiFV4AaABAg,@kasumv,너무 재밌네여,2,2020-10-13T02:15:03Z
nq-6zWIMRT4,UgwzHGk_Jv7yU9I3eZ54AaABAg,@happy-mo9st,안녕하세요 문선초에서 왔숩니당 힘내세요!!!!,1,2020-10-22T13:18:56Z
nq-6zWIMRT4,UgxCHeVlWg1YZtuxw5x4AaABAg,@스페셜요원,촉석루에서의 공연 인상 깊었습니다,0,2020-10-20T07:15:24Z
nq-6zWIMRT4,UgyTY_0UKQODfzm6GoJ4AaABAg,@잡것들올림,오늘 배움  뮤지컬 선생님  저  5학년 5반  댄스왕(열활) 배근우입니다     용산초등학교,5,2020-10-21T08:26:55Z
nq-6zWIMRT4,UgwjAaN0sukbzt59_Bl4AaABAg,@김유진-f5b3p,안녕하십니까 저는 어제 학교 뮤지컬 수업 들었던 학생입니다 힘내세요 잘하십니다,0,2020-10-14T04:55:31Z
nq-6zWIMRT4,Ugz1vBSgdJsbGw_7TYB4AaABAg,@O._.O000,"ㅎ 기억하실진 모르겠지만 저 오늘 수업했던 군인...입니다..,, 노래가 너무 중독성있어서 또 들어왔습니당~",2,2020-10-13T07:38:09Z
nq-6zWIMRT4,UgwFQak898e08IHgOVx4AaABAg,@쁘이-g6i,패드로  구독 누르고 감니드아~~~ 디음 수업시간에 뵈오~~~~ 힘내세요오(사천초6학년 학생 구독누름.??)ㅋㅋㅋㅋ,2,2020-10-20T12:21:53Z
nq-6zWIMRT4,Ugx4v9x-jgGvVMzcj5R4AaABAg,@규태아빠-c4v,"선생님 저희 기억하시나요?
의짜의짜입니다
내년 뮤지컬 제가 응원합니다^^
그동안 잘알려주셔서 감사합니다",1,2020-12-02T10:00:15Z
nq-6zWIMRT4,UgwojSWXBV2EoQTWjOJ4AaABAg,@김민경-m1x,"안녕하세요 저 문선초등학교 5학년 5반 월,화,금 수업 받았던 학생입니다^^",0,2020-10-26T14:16:36Z
nq-6zWIMRT4,Ugydw7CuEVbgqJSv4vB4AaABAg,@김유진-s1n,선생님 저 아실지 모르겠지만 연극 뮤지컬 수업 들었던 학생입니다 선생님 잘하시네요,0,2020-10-14T04:58:27Z
nq-6zWIMRT4,UgyPSaKr1V5yXuYWia54AaABAg,@노민수-h5e,정동초1반수업받은학생입니다 정말 아쉬었어요ㅠㅠ,0,2020-10-17T01:08:43Z
nq-6zWIMRT4,Ugz59LRnIaA6e1fGa-J4AaABAg,@jch4305,힣힣 재밋다!,1,2020-10-13T02:15:38Z
nq-6zWIMRT4,UgxTy9fXQt_HYgU9tkt4AaABAg,@user-of3tb7ik3b,아 뭐야 직스티비였네,1,2021-01-11T16:51:37Z
nq-6zWIMRT4,Ugw1lhm2oG8RfFHHMGt4AaABAg,@힝힝-w7d,"태희쌤.....
저 의짜의짜 반 인 5학년1반큰소리역 맏았던 도희입니다
시간나서왔는데.....컴터보다 화면이좋네요....
앞으론 못보지만 뮤지컬 지원할테니까 뮤지컬단에 있어주쎄요^^
의짜의짜^^",1,2020-12-01T13:37:11Z
nq-6zWIMRT4,Ugwx1kAi61AXYhMjWPR4AaABAg,@안녕-d2f,"1:56 왼쪽이 선생님인가요?
아님 오른쪽인가요",0,2020-10-07T10:28:17Z
nq-6zWIMRT4,UgzoK-9HDuzj8m6IokF4AaABAg,@김소영-o7c8e,선생님 저 의짜의짜예요,0,2020-10-29T11:20:48Z
nq-6zWIMRT4,UgwdP-oPrnjiseW6icJ4AaABAg,@김성수-b4e,"난 똥쟁이⁉💩️
군인이라는 애는 정말 크흠..........;;",0,2020-10-14T11:47:21Z
2WBeAsnr5QU,Ugy2eH6cUGjvA7vVoF54AaABAg,@이재홍-k1n,저런 수박들 데리고 문통이 하드캐리했으니.ㅠㅠ,12,2023-05-12T02:39:02Z
2WBeAsnr5QU,UgzBTgwc8HASldAU_Fp4AaABAg,@안성신-y1w,수고들 많이 하십니다. 불의는 끼어들지 못는 세상이 되기를 국민들 힘을 합 합시다. 심혁 기자 승리 해요!!! 수고 많습니다.,19,2023-05-11T22:54:22Z
2WBeAsnr5QU,Ugz3yx3uBYDn0gv0fnh4AaABAg,@커피사랑-j6r,"오벤저스 넘 좋네요~!!
김성수 평론가님 역시 최고에요^^*
최평 심혁기자 응원합니다.",17,2023-05-12T00:54:22Z
2WBeAsnr5QU,UgzmDeIcV4IIalJrA0Z4AaABAg,@이윤수-t9f,"심혁* 최한욱*김성수*송서미*화이팅요!!
방송이 유쾌하고 집중하게 하는 방송이었어요~
응원합니다^^",15,2023-05-12T00:35:26Z
2WBeAsnr5QU,UgzYX2Hp50feBF1zhNh4AaABAg,@아몽드봉봉-c5b,"심기자님 ㅋㅋㅋ
사과는 개나 줘야 합니다!! ㅋ
민주당은 좀 당당해 지길!!!
심기자님의 심층취재 너무 좋았고요~
앞으로도 많은 부탁 드립니다!",8,2023-05-13T08:38:04Z
2WBeAsnr5QU,UgydOKApSiR2MlRyUY94AaABAg,@예인-r9h,수고하셨습니다,14,2023-05-11T22:30:32Z
2WBeAsnr5QU,Ugx6Y51DiWDY1lqznm94AaABAg,@김태연-z7c,재방봅니다,6,2023-05-12T07:03:25Z
2WBeAsnr5QU,UgwfHmrBSkH0hepFnnN4AaABAg,@yjyang8067,"어벤져스인줄 알고 검색했는데 안 나오더라구요 😅
 역시 기대했던대로 좋습니다. 오벤져스 흥하세요!",3,2023-05-16T05:52:19Z
2WBeAsnr5QU,UgwpC6wtYgfX5CIVplJ4AaABAg,@김태연-z7c,이복현 이혼도 더럽게 햇지요,8,2023-05-12T07:03:13Z
2WBeAsnr5QU,UgzWCvghSumczwWmVGJ4AaABAg,@권희옥-l3e,넘무 재밌섰요 시간 가는줄  모른게,3,2023-05-13T21:38:09Z
2WBeAsnr5QU,Ugy_ji0bTcjgwboefRx4AaABAg,@mountain-ho4ut,롯본기김교수체널에서확인,8,2023-05-12T00:05:41Z
2WBeAsnr5QU,UgzrhN3BKogdF27qEk94AaABAg,@하진영-y5i,오벤저스 축하드립니다 무궁한발전이 있기를빔니다,2,2023-05-17T03:22:17Z
2WBeAsnr5QU,Ugx0NSBe9earMdMAYEl4AaABAg,@김현정-z6f5p,감사합니다 알바를 제공해주시니!!,2,2023-05-13T14:15:44Z
2WBeAsnr5QU,Ugxy7TG9Qgl1KUZALFB4AaABAg,@수니-m1i,에이라이--  못듣겠네,3,2023-05-18T15:42:27Z
2WBeAsnr5QU,UgxahsyhsoRanepyTGF4AaABAg,@김현정-z6f5p,윤영찬 이상민 이런자들은 민주당 겉옷만 입었다 모두 날려라,2,2023-05-13T14:24:44Z
2WBeAsnr5QU,UgzZq0323bc797LnmDJ4AaABAg,@유레카-f3j,"김성수TV.  더탐사 ""중이 제머리 못깍는다""는 측면도 있는데 제대로 밝혀주셔서 감사합니다.이제 더더더 지지합니다. 다만 심혁님과 관련하여 참고인을 압수수색한다는 일은 있을수 없는일입니다. 제가 알기론 거기 소속기자가 고소당하여 압수수색 당한걸로 알고 이습니다. 출연자 섭외에 주의하셔야 할 거 같습니다.",2,2023-05-14T07:36:41Z
2WBeAsnr5QU,UgxSxKZ-Fn9Xq4l6dfl4AaABAg,@숙-q3h,"거니,낙지랑  음* 란걸  당원들  알고있다, 수박들  정신차ㅡ려라~😢
영선이  수사도 안해도 왜  지들편이라서~",11,2023-05-11T15:27:52Z
2WBeAsnr5QU,Ugxjn7opcvMdgIzqRn94AaABAg,@김순이-p2r,내부간신이 제일 나빠요!!!,1,2023-05-15T00:35:16Z
2WBeAsnr5QU,UgzPF10_uaKTZiXRzhl4AaABAg,@이강산-n9i,속히 심판하소서 아멘 아멘 아멘 😥😥😥😥😥😥😥😥😅😂,17,2023-05-11T12:13:10Z
2WBeAsnr5QU,Ugxh9T1UVOvq29u5zhh4AaABAg,@목마려,"김성수 최한욱 심혁님 응원합니다.
너무 든든하고 보기 좋습니다.",18,2023-05-11T14:25:12Z
2WBeAsnr5QU,Ugxrn4m_oFlOybrpau14AaABAg,@김나리-d2u,검찰이 이나라에서 불법이 이리 많은데 검찰은 누가 잘못을 단죄 하나요???? 검찰을 개혁 없애고 다른 조직을 만들 수 없나요??? 국회에서 법을 새로 만들어 검찰조직을 해부할수없나요???,9,2023-05-11T15:17:45Z
2WBeAsnr5QU,UgzPgOL6ML1-OCgh5KV4AaABAg,@davidkim1734,오벤져스 화이팅,9,2023-05-11T19:03:24Z
2WBeAsnr5QU,UgxEx6-a1HH95RxT3HR4AaABAg,@푸른색바다,최한욱평론가님 언제나 응원보냅니다 건승하시길❤❤❤,23,2023-05-11T13:15:19Z
2WBeAsnr5QU,UgyJs5EQqfqtZW_ecU14AaABAg,@권희옥-l3e,이낙지 조중동 한통입니다,1,2023-05-13T21:40:02Z
2WBeAsnr5QU,UgzHnnHuUUN1a4jNFON4AaABAg,@SEOL.2570년.천유,응원합니다 ❤,10,2023-05-11T15:39:00Z
2WBeAsnr5QU,UgxI4iRqi1-J4yggw7R4AaABAg,@옥-i1s,댓글 읽으려구 왔는데 다 지우셨네요..,0,2023-05-26T01:47:43Z
2WBeAsnr5QU,Ugyuo3LrKt611NxvLcV4AaABAg,@태온아비,심혁 좀 부르지마세요ㅜㅜ,10,2023-05-11T21:30:57Z
2WBeAsnr5QU,Ugyw7pgDcLpmGWW8OCJ4AaABAg,@jhelislee2593,"심혁과 놀고 있는 김성수,,,,,
구독 취소 + 내 가족 전체",12,2023-05-11T12:00:09Z
2WBeAsnr5QU,UgyCwzOPB4v9b77lqJ94AaABAg,@mimipark3956,요즘 트위터에 갑자기 이재명대표 욕하는 낙지파의 트위공격이 엄청 심해요. 하도 욕해서 트윗가보면 문파 또는 여니. 이지랄 하는거더라구요. 이낙지는 남자 김건희 인가봐요. 여론전을 더럽게 해요,2,2023-05-16T06:02:24Z
2WBeAsnr5QU,Ugz_bBSABaKdRHCgbVl4AaABAg,@박사중-h2x,"타블라 흠
쫌
흠",8,2023-05-11T13:44:12Z
iHPwDtkKcjw,UgzIDImgZ7MihOdB0WJ4AaABAg,@eddiegrube8046,Very pretty lady,4,2019-06-01T09:08:22Z
iHPwDtkKcjw,UgxMUqvERE3rd_ZSaLh4AaABAg,@詹友欽詹友欽-d5r,美,2,2020-11-27T00:55:09Z
iHPwDtkKcjw,UgxgNUDH40_ugcnEZjx4AaABAg,@ratnamanchansishresthashre8848,Wow sweet smile beautu 💘,4,2019-06-01T15:02:54Z
iHPwDtkKcjw,UgzYkEPxdVPkgV-GAox4AaABAg,@MrJetjm,옹..,3,2019-06-03T13:38:03Z
iHPwDtkKcjw,UgyvhJ0pUqUSTW089lV4AaABAg,@녹차피콜로,💜💜💜💜💜💜,2,2019-07-24T12:07:19Z
0vtw1g1JA-4,Ugz3D14HR_JjaIDYSZl4AaABAg,@korea-apt24,오신김에 구독과좋아요 마구마구 눌러주세요 😊😊😊로또일등되실거에요 감사합니다 ㅎㅎ,2,2023-10-08T11:17:38Z
0vtw1g1JA-4,UgzpvVOa5tW59lNsjwR4AaABAg,@지니로니통기타,축제현장의 멋진 소프라노 노래와 영상~ 즐감하고 응원합니다~!!,3,2023-10-08T13:05:29Z
0vtw1g1JA-4,UgxUEgeV2R5OzqNAhnF4AaABAg,@KOREA-APT,와우❤❤❤,1,2023-10-10T01:39:54Z
0vtw1g1JA-4,Ugx6Z4y9juTtB88Wv_t4AaABAg,@jpkwon,,3,2023-10-08T23:03:19Z
0vtw1g1JA-4,UgxqweEwvE-V7T44W3d4AaABAg,@korea-busking,❤❤❤완전최고,1,2023-10-09T01:50:45Z
0vtw1g1JA-4,UgxMrN1WSwweZsAZ54l4AaABAg,@jpkwon,완전 대박!!!!  정말 잘봣습니다 감사합니다^^,3,2023-10-08T23:03:10Z
0vtw1g1JA-4,Ugz0sVJwZXOrKHndDed4AaABAg,@pansy-p3c,"덕분에 
눈호강 귀호강하고 갑니다😊",3,2023-10-08T11:25:50Z
0vtw1g1JA-4,UgwK-CO1Vo02FuvbsJJ4AaABAg,@KOREA-APT,또바도 대단함😮,1,2023-10-10T07:30:53Z
WJYLnWSRy4A,UgzqgEY_RGtgNtbACQh4AaABAg,@sam-a-media,"😎제품구매 → https://smartstore.naver.com/samhwa4515
😍휴대폰으로 문의 주시면 전국 최저가 맞춰드립니다.😍",0,2023-06-30T03:02:41Z
WrJKFLix2-4,UgzJ__VDw0TiScQhbjZ4AaABAg,@TkTj-u5v,0:10,0,2024-04-08T13:36:14Z
rYf99PhMiC0,UgwjmnRpfb5U0D8PYvJ4AaABAg,@aotgb1,"너무 재밌을 것 같아요
클래식 음악도 좋네요",1,2022-06-26T12:31:10Z
rYf99PhMiC0,UgyfTFJacxXW_yTdJ9h4AaABAg,@tekang1004,가장행복한 시간은 꿈의 오케스트라 놀이카드와 함께 놀이 할때 입니다^^,1,2022-06-26T08:59:31Z
rYf99PhMiC0,UgyaQU0AfRE_G1P5RY54AaABAg,@miuccia116,"[한국문화예술교육진흥원 유튜브 구독완료]

[참여완료]

음악은 제게 따뜻함을 줘요..
음악은 늘 저를 위로해주거든요..
힘들 때도 슬플 때도 기쁠 때도..
음악과 함께 하면 마음이 따뜻해져요..
음악이 있어서 지금의 힘듦도 견디고 있는 것 같아요..
자주 들러 좋은 정보 많이 얻어갈게요..
든든한 동반자가 되어주실거죠?",1,2022-06-17T09:38:24Z
rYf99PhMiC0,Ugz_iS8yC834UV1vPKp4AaABAg,@이찬규-k1f,★ 음악은 복잡한 머릿속을 진정시키고 흐트러진 마음을 다잡는데 도움을 주네요. 파이팅~!!! ★,1,2022-06-26T20:50:07Z
rYf99PhMiC0,UgyINbcGDkRKnbhg_Qh4AaABAg,@김수연-o9w6w,"색다르고 재밌네요.
음악은 생각을 정리하게 하고 편안함을 줘서 좋아요.",0,2022-06-26T13:02:22Z
rYf99PhMiC0,UgyGEOl19lt1MMNC1GN4AaABAg,@정순태-c6v,꿈의 오케스트라 놀이카드 입니다,0,2022-06-17T12:29:31Z
rYf99PhMiC0,Ugzl0i3x4kYwqnB-oTp4AaABAg,@하얀슈즈아웃,음악은 여러가지 감정을 느끼게도 해주고 힐링해줘요. 음악은 사랑입니다,0,2022-06-26T12:01:50Z
rYf99PhMiC0,UgxJQE-GkQ2ccVuC8H14AaABAg,@최민경-g1p,"음악은 나에게 창작활동의 영감을 주어서
일상을 신나게 해주네요",0,2022-06-16T00:45:05Z
rYf99PhMiC0,UgwBQ0wvlm8lSV4oCcZ4AaABAg,@sdhyong,즐겁게 해주고 편안한 마음이 들게 해요,0,2022-06-26T12:01:33Z
rYf99PhMiC0,UgwWpuJtlq-XvoxMHe94AaABAg,@루나양,"음악은 저에게     여유와 힐링와 감동을  만들어준답니다,",0,2022-06-25T05:41:33Z
rYf99PhMiC0,UgxQ2YUj-Bq6GVNMq054AaABAg,@정은-h5q,음악은 내가 힘들때 위로 해주고 기쁠땐 더 큰 기쁨을 주는 가장 고마운 벗이다.,0,2022-06-16T00:51:03Z
rYf99PhMiC0,Ugx2dh4bdldYBOcppoB4AaABAg,@송재길-e1r,음악을 들으면서 마음도 정화되고 일상이 풍요로워지는 듯~ 다양한 감정을 소화할 수 있으니까 언제나 필요하네요,0,2022-06-26T11:29:20Z
rYf99PhMiC0,UgzFYMmA-I7wNplONyR4AaABAg,@야호-m9h,음악은 새로운 감정과 긍정적 에너지를 선물해 줘서 마음이 노래하듯 즐거워지고 새롭게 깨어나는 기분입니다,0,2022-06-26T12:05:35Z
rYf99PhMiC0,Ugy8x7t5xTDGks5Sqmp4AaABAg,@yegameuna,음악은 즐거움을 그리고 행복한 감정을 느끼게 해요,0,2022-06-24T05:46:00Z
rYf99PhMiC0,UgyFmGYuqwD5ciUcG3x4AaABAg,@tinckervel,음악은 듣기에 따라 나의 기분을 대변해 주는 것 같은 느낌이 듭니다.,0,2022-06-26T13:30:58Z
rYf99PhMiC0,UgzypkOxH-J-890pLZp4AaABAg,@omgk114,음악을 들으면 스트레스가 많았던 제 마음이 차분해지는 것 같아요. 신나게 따라 부르면서 스트레스를 날려 버립니다^^,0,2022-06-23T02:26:39Z
rYf99PhMiC0,Ugzx2XJFr1ReMBeElTd4AaABAg,@구구나인-i5k,"음악은 편안함과 안정됨을 저에게 줘요 
그래서 음악을 들을때면 항상 눈을 감게 되는것 같아요",0,2022-06-25T06:51:20Z
rYf99PhMiC0,Ugxz7a2K6dzHJWFY43F4AaABAg,@jeongsug512,음악이 오락음악같고 재밌어요^^ 💛💚💖💖💖💖,1,2022-06-19T03:39:11Z
rYf99PhMiC0,UgxFiFKRp_DWmBss4mp4AaABAg,@KIMJUNGHWA100,음악은 때로는 희망을 주고 위로를 주기도 하죠~,0,2022-06-17T11:44:01Z
rYf99PhMiC0,Ugylq-1xK5_CbLp5Kmh4AaABAg,@hyunsuk771,음악은 저에게 한박자 쉬어가는 쉼표같아요. 여유와 힐링이 주는 휴식..,1,2022-06-19T17:11:38Z
rYf99PhMiC0,UgzaB282LJOscFjzVJ94AaABAg,@차지혜-g5b,재밌네요^^ 좋은 놀이를 알려주셔서 감사합니다!,0,2022-06-26T10:22:39Z
rYf99PhMiC0,UgwB7jPdlefYPaUdBN54AaABAg,@아남카라-v1r,음악은 어머니와 저의 대화 창고지요 ~ 신나는 음악을 들으며 신나게 같이 춤을 추며 따라부르다 보면 이야기도 많이 할수 있어서 좋아용,0,2022-06-24T03:53:52Z
rYf99PhMiC0,UgxOFmwkoFMh0oe_Hdl4AaABAg,@으뜨샘,음악은 저에게 일상의 빈 공간을 채워주는 역할을 하는 친구인것 같아요,0,2022-06-25T06:50:09Z
rYf99PhMiC0,Ugze3QPmhZVwloksA7R4AaABAg,@찐-i6q,"음악은 어느 특정한 장소에서 느꼈던 기억을 회상시켜주는 존재에요. 여행지에서 들었던 음악, 기쁠때 들었던 음악, 슬플 때 들었던 음악 등 특정 음악을 들으면 그 공간과 기억이 또렷하게 생각나곤 합니다",0,2022-06-17T05:59:53Z
rYf99PhMiC0,Ugxdned1_XvZR089l8J4AaABAg,@bluetopaz168,요즘 저는 배경음악이 멋진 영화나 드라마를 자주 보죠~ 스토리와 음악에 푹 빠져있다보면 하루 스트레스가 다 날아가는 듯 해요! 위로해주는 친구같은 음악!,0,2022-06-23T10:21:43Z
rYf99PhMiC0,UgyoX1p3IOuSSCuSAkl4AaABAg,@레몬그린티,꿈의 오케스트라 놀이 카드로 즐거운 음악과 오케스트라를 즐길 수 있는 유익한 시간이었어요🙂👍,0,2022-06-26T14:24:57Z
rYf99PhMiC0,UgywStai04AEvWoXTp94AaABAg,@윤디-r3w,"기쁠때는 더 기쁘게 UP해주고, 슬플때는 달래주고 .. 음악을 들으면 마음이 평온해 지는 것 같아요..",0,2022-06-17T23:09:31Z
rYf99PhMiC0,Ugz5VlxoXpXA5CPsfbJ4AaABAg,@두보-v5i,음악은 나에게 편안한 기분을 만들어주고 한번 쉬어갈 수 있는 텀이 되어줍니다.,0,2022-06-17T09:18:27Z
rYf99PhMiC0,Ugxvf-Fxt5sLH6l5OhZ4AaABAg,@jameslee4770,꿈의 오케스트라 놀이카드 정말 재미있네요~ ^.~,0,2022-06-26T15:05:02Z
rYf99PhMiC0,Ugy2sEthRfCNusIXX9N4AaABAg,@지니유니-g2g,음악을 듣는 다는 것은 처음 그 음악을 들었을 때의 감정 또한 그대로 다시 일어나는 것(재생) 같아요!,0,2022-06-26T02:46:17Z
MHk9VMs4cGU,UgzUKMI4bFZME0ebkaJ4AaABAg,@lookatthehappiness,쇼생크 탈출,2,2023-02-28T07:08:47Z
_wFNCOqfYBI,UgxPyjhVPRZnrCCDJFB4AaABAg,@날라리-n8v,"다시봐도 넘 멋진 
이영성친구~~!
파트너님도 예쁘십니다!
늘 응원합니다!",0,2026-03-07T12:35:41Z
_wFNCOqfYBI,UgwjJP0wKFbzPiSxDBh4AaABAg,@이영성-v3s,감사합니다.용기를 내어 보았습니다. 2:39,0,2023-09-21T19:33:32Z
_wFNCOqfYBI,Ugyt6YR_TiwoCbKYDfp4AaABAg,@Douglas-re6vp,망신시키지마셈,0,2024-05-06T13:12:44Z
ok-ZFXVL3rA,UgzN-pwzcBH8JyZnpWx4AaABAg,@윤영미색소폰.기타,"전북 레가토 색소폰 앙상블 제13회 정기연주회 실황을 차례로 올려 봅니다. 그 황홀했던 시간의 선율들이 지금도 감동입니다.
유친님들 즐감해주시기를 부탁드립니다!!",0,2022-06-15T00:22:41Z
ok-ZFXVL3rA,Ugy05F_e_2qbdV7ncwR4AaABAg,@임선화-r2t,"레가토 13회 정기 연주회 축하드립니다.
훌륭한 앙상블 하모니가 전북의 자랑입니다.
넘 멋져요. 항상 응원합니다~~♡♡♡",1,2022-06-15T11:39:35Z
ok-ZFXVL3rA,UgzgF2JLKHpRyWGHoQl4AaABAg,@TV-sr5er,"멋지시네요!
멋진 무대위에 
아름다운 연주 즐겁게 감상하고 박수를 보냅니다.
응원합니다 ⚘️ ⚘️ ⚘️ ⚘️ ⚘️",1,2022-06-14T22:36:29Z
ok-ZFXVL3rA,UgwHGQB303US3B9z-_94AaABAg,@신철색소폰,"선생님, 반갑습니다, 멋진무대 에서 공연을 하셨네요, 정성들인 영상과, 감미로운 멋진연주 즐청하고 갑니다, 즐거운 주말 되세요, 🎷👍",1,2022-06-17T04:13:54Z
ok-ZFXVL3rA,UgxsKL5iM58AkKU15XJ4AaABAg,@김종술색소폰TV,"레가토 색소폰 앙상블
즐청합니다ㅉㅉㅉ",1,2022-06-15T11:01:30Z
ok-ZFXVL3rA,UgzKjwHzF8q1pcnP2FB4AaABAg,@김도화통기타라이브,알람듣고 왔어요  멋진 공연  잘 보았습니다 즐감하고 응원합니다 행복한 하루 보내시고 건강하세요,1,2022-06-14T22:23:44Z
ok-ZFXVL3rA,UgyNU70h6klUNSjLynx4AaABAg,@야생구절초,"좋을  아침 레가토에
멋진 연주 공연   힘이
넘치고   웅장 하네요   
들을수록   빠져드네요   멋진곡  들으면서 머물다 갑니다   멋져요 🎵👍👏🏼👏🏼",0,2022-06-14T22:20:44Z
ok-ZFXVL3rA,UgxHjjDW4UgDv4o6drN4AaABAg,@내맘뜨락,"❤21
멋진 연주회에 초대해주셔서 감사합니다 
아름다운 선율에 감동받으며 구독 좋아요 손잡고 갑니다
늘 기쁨이 넘치는 나날되세요 
💯💯🎁🎁🙆‍♂️🙆‍♂️",1,2022-06-15T02:36:44Z
ok-ZFXVL3rA,UgxQzqVzAZJken7h0nR4AaABAg,@seol6332,"레가토에
멋진공연
환상적입니다
모든분들이 멋집니다❤",0,2022-06-14T22:04:25Z
ok-ZFXVL3rA,Ugxb0wxlZsm_gtlNSFx4AaABAg,@KCOOK,"웅장하네요
너무너무 신나요 캐리비안 잘듣고 박수치고 갑니다",0,2022-06-15T01:09:20Z
ok-ZFXVL3rA,UgxWCA_rUe7W7mwRecF4AaABAg,@기타치는팝송아저씨,훌륭한 무대입니다 감동입니다 힐링합니다 🌺🌴🌿,0,2022-06-15T12:21:30Z
ok-ZFXVL3rA,UgxwY-cTRzO-tL0xUJZ4AaABAg,@트로트가수천숙경,윤쌤 예쁘신 선생님 반갑습니다 오늘도 선생님의 예쁜 영상 잘보고 가면서 예쁜 공연 하셨습니다 최고입니다 멋지세요 잘보고 듣고 힐링하고 가면서 (좋아요 )힘찬 응원합니다 예쁜 공연 잘보고 갑니다 최고입니다 멋지세요,1,2022-06-15T05:42:24Z
ok-ZFXVL3rA,Ugx_zfeHBZBbDtlWM7B4AaABAg,@지리산방송국,너무 너무 멋진 정기연주회 환상적 입니다 지휘자의 모습도 너무 좋고요 잘 보고 갑니다.,0,2022-06-15T22:09:39Z
ok-ZFXVL3rA,UgyZZSMBA9sZT_f6Tsx4AaABAg,@시낭송가.손효성,"잠시 힐링할수있는 기화가 된
멋진 합주 공연입니다.",0,2022-06-15T11:40:58Z
ok-ZFXVL3rA,Ugz7XaLgToSL0dVcMpt4AaABAg,@BaekSeungGeun_Saxophone,"멋진 연주회를 감상합니다.
아름다운 공연 감사합니다.",0,2022-06-15T13:08:03Z
ok-ZFXVL3rA,UgyzdEjZdpkjztxzXFV4AaABAg,@ch.9831,"멋진 앙상블 공연실황 영상 감사합니다. 엄지올리고 갑니다.  건강하시고, 행복한 시간 되세요. 👍🙏🌹",0,2022-06-14T23:12:01Z
ok-ZFXVL3rA,UgxkZ_lrLQKZOr9OgbJ4AaABAg,@tvpoemandrecitation2931,"정기연주회 공연 속으로 젖었다가 끝까지 즐감하고 응원하고 갑니다 
멋진 영상 올려주셔서 감사합니다 
오늘도 기쁨과 행복 가득했으면 좋겠습니다 💕",0,2022-06-15T03:58:51Z
ok-ZFXVL3rA,UgzZZO5U2BT5YN_0GK94AaABAg,@김기봉-f4c,"소리와 리듬의 일체감을 갖추기란 많은 투자를 해야지요.
진정한 글레식 예술적 열정에 큰박수 드립니다.",0,2022-06-17T05:26:28Z
ok-ZFXVL3rA,Ugx53E75SY7r_6TjVt54AaABAg,@임경희TV목요일밤9시,"안녕하세요
고품격 멋진공연으로 귀호강하고갑니다🎵🎵🎶🎶",0,2022-06-14T22:52:41Z
ok-ZFXVL3rA,UgzDoo0MMAM0w6rCgjV4AaABAg,@031nust,"앙상블 정말 어려울것 같은데 대단하시네요
멋진 무대 입니다
즐감하고 응원하며 갈께요 행복한 하루 보내세요 😎",0,2022-06-15T07:59:37Z
ok-ZFXVL3rA,UgwZspBE2_tn-NxaOfp4AaABAg,@조혜숙이창환tv월목,안녕하세요   레가토의   공연   넘  좋아요 ㅡ멋지세요~~~^^,0,2022-06-14T23:26:31Z
ok-ZFXVL3rA,UgxVTt_g2Ge5BSOTkl14AaABAg,@hohosgarden,"오~~정지연주회~~지난번에 이어~~^^
풀청으로 감사 전합니다.^^",0,2022-06-14T22:44:38Z
ok-ZFXVL3rA,Ugw6ddw_81RvuxYEiCZ4AaABAg,@tv-linguisticpsychology3306,멋진 공연 영상을 올려주셨네요. 잘 보고 즐감하고 갑니다. 감사합니다💕33,0,2022-06-17T17:32:45Z
ok-ZFXVL3rA,UgzShHvLmyFAyFU2JCF4AaABAg,@naholro,"안녕하세요 
아주 멋지고 근사한 
연주 이십니다
감사합니다 🙇‍♂️
👍2",0,2022-06-14T22:10:43Z
ok-ZFXVL3rA,UgxAQ8mgaJu_8a8Qxhp4AaABAg,@tripndrum,"멋지고 아름다운 연주네요
잘 봤습니다^^",0,2022-06-14T22:28:22Z
ok-ZFXVL3rA,Ugy9I4wC6Z9hnbZ1cSN4AaABAg,@ASMR-ho5so,"안녕하세요 
즐감 합니다",0,2022-06-14T23:04:11Z
ok-ZFXVL3rA,Ugw5RfsYwpGy3E3SGyN4AaABAg,@dhsaxophone9139,"안녕하세요 선생님 ^^ 너무나 멋진 앙상블 입니다. 모두 많은 노력과 연습을 통한 시간들이 결실을 맺었네요 
멋진 연주회 잘듣고 갑니다. 멋지고 부럽습니다. 👍👍😊😊",0,2022-06-15T00:53:29Z
ok-ZFXVL3rA,UgwPIvTdEjCXKs-YKG54AaABAg,@늘해랑색소폰lhw,"안녕하세요 ~
멋진 영상 올려주셔서
즐겁게 감상 합니다 ~
잘 봤습니다 
오늘도 행복한 시간 지내세요 🙏 🌷",0,2022-06-15T04:39:15Z
ok-ZFXVL3rA,UgzK-pLc7sHkNyjhLNB4AaABAg,@user-kbc7763,"함께하는 시간이 정말 즐거웠겠습니다~^^
연습하는 과정도 함께 했을거고요👍🥂💘🍷💃",0,2022-06-15T05:36:30Z
ok-ZFXVL3rA,Ugyen_zQdbaOq7M5X_d4AaABAg,@중년서성득,훌륭한 합주 영상 잘보고 👍 갑니다 응원합니다,0,2022-06-15T00:44:37Z
FCu8RVhFKAM,UgzVfzjLSgD-QaW2cGB4AaABAg,@최정원-f6n,좋아하는 곡인데 너무 아름다워요,0,2021-05-12T10:42:46Z
FCu8RVhFKAM,UgwqmSxN4TyK7LvB1k54AaABAg,@송-g4m,"목소리가 이 봄 날과 너무 잘 어울려요
좋은 음악 감사합니다^_^!",0,2021-05-12T09:25:59Z
FCu8RVhFKAM,UgxR2cCgu3aHOx2NvDl4AaABAg,@BJ-to9xn,멋진 노래 감사합니다!,0,2021-05-12T10:20:17Z
FCu8RVhFKAM,Ugxbxwd9kHKfgp5A8oR4AaABAg,@버터맛케이크,아름다운 곡 이날씨랑 참 어울려요 좋은 연주 감사합니다 🕊💜,0,2021-05-12T11:39:02Z
FCu8RVhFKAM,UgxezVE4AFlCsXo_dzt4AaABAg,@쓩쓩-d9r,"너무좋아서 계정까지 만들었어요 🧡
좋아하는 곡에 아름다운 목소리까지 ..♥",0,2021-05-12T11:42:55Z
FCu8RVhFKAM,Ugyg0KWz_v1bK8uAQKF4AaABAg,@고미희-e4q,너무 자연스럽게 노래를 잘하시네요^^,0,2024-08-27T05:14:31Z
FCu8RVhFKAM,UgyW8LemPVjC-qncGPh4AaABAg,@임하은-t3y,"아름다운 가사와 아주 잘어울리는 목소리입니다 :)
기회가 된다면 공연장에서 직접 듣고 깊어요~🙌🏻",0,2021-05-12T10:19:40Z
FCu8RVhFKAM,UgzbVHyh0lsvO4pJvct4AaABAg,@이삭몬테소리어린이집,"봄날의 달콤한 첫사랑처럼 아름다운 노래~
감동입니다.",0,2021-05-29T11:10:51Z
FCu8RVhFKAM,Ugy0ObgKCPTup527WeN4AaABAg,@세원장-u6y,표정이 너무 좋아요. 좋은 목소리 아름다운 노래 잘 어울림니다. 👍,0,2021-05-29T11:21:21Z
FCu8RVhFKAM,Ugy5VCr8mjd6vFxNrE54AaABAg,@가영아놀자,아름다운 공연입니다 ☆,0,2021-05-12T09:57:43Z
FCu8RVhFKAM,UgzRDNcrUnBsWLtwoN54AaABAg,@momo___tv,맑고 청아한 목소리가 마음을 울려요..💖💖,0,2021-05-12T09:14:22Z
FCu8RVhFKAM,UgwlzwAsKSLzm746gEd4AaABAg,@withbolltun,최곱니다~🥰,0,2021-05-24T03:59:55Z
dNo2oWBBO7Q,Ugyj8qhBD5lb2mCfPSl4AaABAg,@모니-y2t,자롼다,5,2021-05-15T01:22:52Z
dNo2oWBBO7Q,UgzR-pLrk3CtkXmrPlp4AaABAg,@Kyoka-6ja,너무 이쁘고 너무 잘하세용!!,6,2021-05-14T08:49:51Z
dNo2oWBBO7Q,Ugwramu-SEQz8-bV9894AaABAg,@우애-c7z,와!!! 짱이네요~~💕,7,2021-05-14T08:50:19Z
dNo2oWBBO7Q,Ugx6sW4jPMLNYHTBYcd4AaABAg,@딩유-v6l,너무 이뻐요,5,2021-05-15T01:21:01Z
dNo2oWBBO7Q,UgyeynL092d1iZLL7CJ4AaABAg,@Kyoka-6ja,다시봐도 너무 이쁘다ㅋ,3,2022-01-03T13:45:20Z
dNo2oWBBO7Q,Ugwl1qKXNYyDVJN3Rzt4AaABAg,@공룡-b3d,우와 좋네요 👍,6,2021-05-11T10:09:42Z
dNo2oWBBO7Q,UgzSp0NAybMCF7wGIbx4AaABAg,@한요신-h1p,"화창한 날씨에 점심 식사 후 유튜브 시청하는데, 몸도 마음도 맑아지는 기분이예요~ 특히 마지막 클라이막스 꽃바람 속으로~ 하는 부분은 정말 최고내요😃👍",6,2021-05-12T03:20:03Z
dNo2oWBBO7Q,Ugw-aNOZLXt492tcRSN4AaABAg,@seulgijung7455,우와 ~  목소리로 봄이 온것 같아용😁,6,2021-05-11T10:02:09Z
dNo2oWBBO7Q,Ugz6lQYUFcQeEfa9WV14AaABAg,@soaa79,청량하고 매력적인 목소리 들을수록 좋네요,6,2021-05-11T11:08:39Z
dNo2oWBBO7Q,UgwsrmFH9ncdh0eC1Il4AaABAg,@pjr5101,와~~ 너무 예쁘고 봄에 찰떡이네요!! 목소리가 어쩜 이리 노래랑 잘 어울리는지 모르겠어요~💜,7,2021-05-11T09:44:52Z
p7A2602Hj-I,UgxrKaps1YPFqHx9_Pt4AaABAg,@핑덩핑,^^,0,2019-11-22T10:43:08Z
1deHIrsc1FY,UgxO6pa1yqkRYSQwZv94AaABAg,@김충운-d4r,"2014년 안산시립국악단의 존재도 모르던 나,  
'괄목상대' 청소년 연주 국악을 들은 후 벌써 9년이 지나니 
그야말로 안산의 연주 솜씨는 
어느 도시보다도 아주 구슬프고도 구수한 구음을 표현함을 
인정할 수밖에 없어 너무도 아름답다. 

대한민국 디지털 한류문화가 하늘도 울리는구나.... 

참으로 나는 깊이 머리 숙여 감사를 드리노니
나의 지적 창안이 특별시나 광역시가 아닌 일반 시에서도 통함은 
어찌 조상님들의 깊은 지혜와 슬기뿐이겠는가!",0,2023-02-17T12:23:28Z
K0BrVTO9unM,Ugz14OrPZ_tmDDbYZKV4AaABAg,@커피우유-e3u,"목소리가 청아하니 넘 예뻐요~
근데…저 솔리스트 성함은 정선혜님입니다. 수정 부탁드려요~",0,2021-06-20T10:34:55Z
-t2MgPQkC9w,Ugw404kUKQ4dqM8SF9l4AaABAg,@TheOseonaege,설렁설렁하시는듯해도 지휘로 호흡할 부분도 절도있게 끊어주시고 그와중에 피아노싸인도 줘가면서..^^여유로운 지휘 멋지세요,1,2020-11-13T16:03:36Z
kjB6qz0okJA,UgwxMB_CWCOFwOIZ6zJ4AaABAg,@yoon3427,보진 못했지만 좋은 공연을 위해 모두 애쓰셨어요👏👏👏,8,2021-10-13T12:52:38Z
kjB6qz0okJA,UgyRyHmeyzeOyxyoLsJ4AaABAg,@yeezaai,아웅 콩이 귀여워라 ㅠ ㅠ ㅠ ㅠ ㅠ,9,2021-10-13T11:00:00Z
kjB6qz0okJA,Ugwvm5TK1P2YmvkuTPh4AaABAg,@브라운초코-l2v,"국가대표 성악가 길병민님 동시대를 함께 살면서 세계 최고의 베이스바리톤의
연주 들으면서   사는게 행복합니다.",3,2023-02-21T11:28:17Z
oMZC8U0x04U,UgxaGdxOnyBLzC-Md4t4AaABAg,@허계숙-f2w,지방에서 보기드문  오케스트라  잘봣네요,1,2022-10-02T06:53:05Z
WwE1-1RzKbU,Ugxj0r-mxyUX-PdCVKh4AaABAg,@bariton_ian,앵콜이라도 녹화 몰래해서 여러분께 그 느낌을 전달할 수 있어서 다행입니다,7,2021-06-05T16:52:03Z
WwE1-1RzKbU,UgwrSiCJeHs4pUFPn794AaABAg,@이해경-j4f,"교수님 감사합니다
정말 오랫만에 합창단의  아름다운음악 들어봅니다
늘응원 합니다",0,2021-06-05T21:18:58Z
WwE1-1RzKbU,Ugwqn6tJuAyGQsBMct94AaABAg,@sunyi6409,"감사합니다! 교수님 
천상의 화음에 온몸에 소름이 끼치네요.
이렇게라도 공유해 주시니 감사합니다.
코로나 만 아니면......😭😭😭",4,2021-06-05T06:16:06Z
WwE1-1RzKbU,UgxnfCKlU2mxQImL0c94AaABAg,@lizjung6337,🙏💜🙏💜🙏💜🙏💜🙏💜,3,2021-06-05T07:30:28Z
WwE1-1RzKbU,Ugy-TNERt5K7MAEVpDd4AaABAg,@angelahayes2447,교수님 ~  감사합니다 ^^ ❤   웅장한 오케스트라 와 경이로울만큼 ~ 아름다운 하모니에 감동 했읍니다 ~ 👍,2,2021-06-05T08:14:34Z
WwE1-1RzKbU,Ugx7NrU5-tcGe5pGKsx4AaABAg,@JinyiJooha,"안녕하세요^^ 모테트 단원입니다.
무대 자리에서는 이렇게까지 듣지 못했는데
현장 영상으로 볼 수 있어서 좋네요!
보러와주셔서 감사합니다😊",2,2021-06-09T16:03:08Z
WwE1-1RzKbU,UgyZiIgj1RWt4ZhlQWJ4AaABAg,@유희자-y1d,"안녕하세요? 이안교수님 
오랫만에 왔습니다
이렇게라도 들려주시니 
감사합니다  현장에서
직접 들어야 더 좋은데요
좋습니다~~👍👍👍😊",3,2021-06-05T06:30:09Z
WwE1-1RzKbU,Ugxku6ZkIUR51D0e_GJ4AaABAg,@sally-ou7qd,"롯데콘서트홀~너무 훌륭하지만, 모테트 합창단의 실력  또한 일품이라 콘서트홀의 공명이 너무나도 아름답게 귀에 잔향으로 계속 맴도는듯하여 잠시 끝난뒤에도 눈을 감고 있었어요🎶",2,2021-06-05T07:13:45Z
WwE1-1RzKbU,UgyDYgW20DNv1llkkM54AaABAg,@이문연-g2f,아름답습니다. 평안하게 해 줍니다. 감사합니다.,0,2021-06-06T04:55:25Z
WwE1-1RzKbU,UgxdQm5UjE5dlEvApbl4AaABAg,@geeni1018,"와우~~~ 역시 모테트 합창단이네여.!!!!!^^
아쉽고또 아쉽지만 참아야겠져? ㅋㅋ
담엔 꼭 보리라.👊 
교수님 귀한 영상 감사 합니다.👍💕",1,2021-06-05T09:14:12Z
WwE1-1RzKbU,Ugw81Yq5B1kMiQiilBx4AaABAg,@따지맘-u4q8d,"우와🤗🤗사람 많네요 ㅎ 분위기가 보는것만으로도 설레요,,,나두 가고싶다",3,2021-06-05T06:05:43Z
WwE1-1RzKbU,UgxEF9SEVCCvx602mb14AaABAg,@별밤뜨락-g8q,이 멋진 환상의 화음을 관람하신 멋진분들 부럽습니다.  금요일 오후는 성전꽃꽂이 땜시 시간이 허락 되지 않아서 아쉽 네요. 감동적인 합창 들려주셔서 감사합니다.  행복한 저녁되십시오.,0,2021-06-05T11:54:28Z
WwE1-1RzKbU,Ugy4RUqkoo7W_xaNzXF4AaABAg,@강범준-t5q,"누가그러더군요    
소년소녀합창은  월드비전선명회합창단
성인합창은   모테트합창단    이라구요   

국립  시립보다   훨씬   뛰어납니다  !",0,2021-09-13T07:02:32Z
WwE1-1RzKbU,Ugzd5AgPjBGTz7MiNV54AaABAg,@hohan4438,"이안교수님 안녕하세요 !!!
수고하십니다 !!! 교수님 !!!
같이하실분들은 아직 안오셨나봐요!!! 교수님 !!!
교수님과 같이하시는분둘은 좋으시겠습니다 !!! 교수님 !!! ⚘🍬🍬🍬💌",2,2021-06-05T06:18:18Z
QdXNlMN-s5s,UgzLcyZkkCKb00pp3uN4AaABAg,@dcomt77,"너무나 아름답고
감동적인 곡 입니다",1,2023-01-13T02:01:22Z
QdXNlMN-s5s,Ugxe7pkMp18_pJy91Dp4AaABAg,@dcomt77,"저도 현장에 있었습니다
이현교수님의 연주도 최고고
곡도 정말 최고 입니다",1,2023-01-13T01:56:44Z
QdXNlMN-s5s,Ugxpw__IzqqN0SAOaCJ4AaABAg,@gpobj,가사도 곡도 연주도 참 좋습니다.,1,2023-01-04T07:45:12Z
QdXNlMN-s5s,Ugy7-gKutlImJ4sqwup4AaABAg,@dcomt77,"정말 아름답고
멋진곡 입니다
정확한 가사 및 악보
부탁드립니다",1,2023-01-13T01:55:51Z
QdXNlMN-s5s,UgzpZP6vDU8UAWgwoBl4AaABAg,@gpobj,이곡의 원제목은 가을 남대천 입니다. 가곡동인을 통해 발표된 곡으로 홍난파음악제 프로그램에 가을의 남대천으로 잘못표기 되어 인쇄되었습니다.,1,2023-01-04T08:19:26Z
U5UWEBfQuhI,Ugwu0CLi7DI1LSRhTgp4AaABAg,@beautyfool,"대학 밴드부 그 자체로 낭만 아입니까! 
우당탕탕 대학교 밴드부의 청춘 음악 로맨스! 
SBS 드라마 🌸사계의 봄🌸 이 매주 수요일 밤 10시 40분 방송! 오는 5월 6일 화요일 첫방송 기대해주세요!!!",1484,2025-05-05T08:01:54Z
U5UWEBfQuhI,UgzBnjAZScXlu2Mhz6l4AaABAg,@azures.ky_,"요즘은 전세가 역전되어 기타 품귀현상이 일어나고 있습니다… 소중한 기타 여러분 제발 지원해주세요
아 드럼은 여전히 없는거 맞습니다 드럼도 제발 많이 들어와주세요……",9785,2025-05-05T08:06:39Z
U5UWEBfQuhI,UgykgNsvpcckrZCFaEF4AaABAg,@마침-r5w,이승협...♡ 진짜 이상적인 밴드부 선배라서 너무 좋음,2285,2025-05-05T08:06:26Z
U5UWEBfQuhI,UgydtcBepBphQsWhgAl4AaABAg,@TURNOFFYOURNOTEBOOK,언니도 한씹덕 하셨군요…..ㅋㅋㅋㅋㅋㅋ,2113,2025-05-05T08:05:40Z
U5UWEBfQuhI,UgyWmDBD-iCileyyDf94AaABAg,@세제포,원래 밴드부 노래는 보컬이 할 수 있는가 없는가로 결정되는게 국룰….,227,2025-05-05T12:15:25Z
U5UWEBfQuhI,UgzQHDHytduNW6GenNd4AaABAg,@gPfla167,ㅋㅋㅋㅋㅋㅋ아 마자막에 요상하게 뛰면서 아 늦잠잤다!!!가 젤웃김,963,2025-05-05T08:11:40Z
U5UWEBfQuhI,UgyLpjvq87h6ojqRd9Z4AaABAg,@sssssssslllliiiinnnn,와 이승협 개잘생김 목소리돋ㅌ너무 좋다 진짜 미친거아님??,574,2025-05-05T09:45:49Z
U5UWEBfQuhI,Ugz9zxgZ6oOi3VhUiJN4AaABAg,@현정-j5k,케이온ㅋㅋㅋㅋㅋㅋㅋ밴드 대대대선배 애니 쌉인정😊,330,2025-05-05T08:17:53Z
U5UWEBfQuhI,UgyzLJ5rXtyfmCA8soJ4AaABAg,@ssalanghaeyop,대학 밴드부…허구헌날 술마시고 노는데 막상 공연 설 거 셀렉하려고 모든 팀 다 모여서 합주 확인해보면 베이스랑 드럼 재능이 미쳤음 대체 언제 연습한건지 술만 마시던 사람들이;; 그래도 다른 과 사람들이랑 친해질 수 있어서 좋았고 다같이 만들어낸 공연도 뿌듯하고 행복했음 심심해서 과방 가서 노래 부르면 옆에 있던 사람이 연주해주고 바로 곡 하나 뚝딱. 과방 꾸미는 것도 좋아했었는데 물론 난 악기 하나 제대로 다루지 못하는 보컬이였지만 그립다,323,2025-05-05T14:18:27Z
U5UWEBfQuhI,UgzKShWgkld5KUeYFYx4AaABAg,@왜이래-l7m,기타 가방 매고가는날에 눈이나 비오는 순간 진짜 지옥시작임...,73,2025-05-05T11:23:11Z
U5UWEBfQuhI,UgxhofrW15qubvxYn854AaABAg,@GYYT-r9t,확실히 이승협이 가수겸배우라 그런지 연기가 돋보이는군용 🥹😍,126,2025-05-05T10:28:49Z
U5UWEBfQuhI,Ugx-tKaWuI7OUzeouuh4AaABAg,@쫑감자많이먹어라,미친 이승협.... 개놀랬내 ㄹㅈㄱ,42,2025-05-05T08:13:20Z
U5UWEBfQuhI,UgzuRjSY021KMKYBnil4AaABAg,@유임유-y5c,아 진짜 ㅇㅈ ㅋㅋ 옛날에 기타나 우크렐레? 그런거 들고다니는 사람들 겁나 멋져보였는데 현실은 낭만은 있지만 걸을때마다 어깨아픔 ㅠ,49,2025-05-05T08:06:05Z
U5UWEBfQuhI,Ugw__U-C5lUd2IXof9t4AaABAg,@사우-g10,이승협 ❤❤❤,50,2025-05-05T08:28:32Z
U5UWEBfQuhI,UgykOzDusGzkYqcIqm54AaABAg,@armoodz270,"미친,, 엔플라잉이 왜 여기에 있어ㅋㅋㅋㅋㅋㅋㅋ",16,2025-05-07T07:26:30Z
U5UWEBfQuhI,Ugw_m6-HePaI-jkPbkJ4AaABAg,@김옹뇽,이승협 억‎양 귀엽다…,24,2025-05-05T15:25:08Z
U5UWEBfQuhI,Ugyr8GNwx0Mc8cT747F4AaABAg,@Blic02,내 동년배들은... 다 갓노우즈... 들었다...,26,2025-05-05T08:34:03Z
U5UWEBfQuhI,UgwJpYTUdnBHCmZWVBJ4AaABAg,@서미연-v2z,요즘은 건반이 귀합니다... 드럼도 귀하고요.... 저희 학교 밴드도 건반으로 지원한게 아닌 애가 해서 걍 망...했어욬ㅋㅋㅋㅋㅋㅋ 피아노같은거 다들 많이 배웠을줄 일았는데 생각보다 건반을 잘치는 사람들이 앖더라고요..,6,2026-01-26T10:15:57Z
U5UWEBfQuhI,UgzE6t3_MK-HGPfr6Jp4AaABAg,@연이-i9w6q,아 미친 승협아 니가 여기서 왜 나와 미친 사랑한다,33,2025-05-05T16:02:56Z
U5UWEBfQuhI,UgwAFWHcT9lsFO-Q3Zl4AaABAg,@이다현-c7e,승혀비 나오자마자 눈 땡그래졌다🙊 드디어 드라마 방영 내일..!,62,2025-05-05T14:13:51Z
U5UWEBfQuhI,UgztCvC4oTC872thLxl4AaABAg,@hanakosaranghae,일단 대학에 저렇게 잘생긴 선배가 있다는것 자체가 이상.,13,2025-05-05T15:28:34Z
U5UWEBfQuhI,Ugy9wuS02MdGqsiuPGp4AaABAg,@sad1004cute,아 진짜 ㅠㅜㅠ 유준이가 여기나올거라는걸 상상도 못했는데 나오다니ㅠㅠ,38,2025-05-05T08:45:38Z
U5UWEBfQuhI,Ugzjkxfr2T2CRrF-OlB4AaABAg,@moebius0228,헐 대박 백인혁이다,40,2025-05-05T08:14:37Z
U5UWEBfQuhI,UgybgMH0cyORaVQ7rxJ4AaABAg,@riceyab,이승협이 여기서 왜 나와 ㄷㄷ,16,2025-05-05T09:15:56Z
U5UWEBfQuhI,UgxTxljR1Xw8FWcZZYt4AaABAg,@GYYT-r9t,우아아아아 사내뷰공업님 눈썰미가 좋으시군.. 이승협을 캐스팅해주시다니 ㅠㅠ 너무 감사합니당 😍😍 승짱 너무 잘생겼땨 🥹,27,2025-05-05T10:28:09Z
U5UWEBfQuhI,Ugx5kVLW4E3C3YxaxDN4AaABAg,@_vpdlqhfltemfahdkdy,아 이승협 ..🥹🥹,28,2025-05-05T10:18:17Z
U5UWEBfQuhI,Ugx_zKz2PKF9b6rJLu94AaABAg,@DayOo1.2,아 백인혁 사랑한다구 선업튀 그리워 ㅜ,8,2025-05-05T11:59:27Z
U5UWEBfQuhI,UgyY2p9rUnh3Pb9BfRh4AaABAg,@폴폴폴리딕,아니요. 현실은 저런 존잘남이 존재하지 않습니다.,34,2025-05-05T09:15:15Z
U5UWEBfQuhI,Ugz16p5Ed4UbIkSyn6J4AaABAg,@N.Fia유진,이승협이다 이승협!! 걍 아무생각 없이 평소처럼 사내 뷰공업 보고 있었는데 승협이가 ~~###~~!,22,2025-05-05T08:09:46Z
U5UWEBfQuhI,UgyewHkVIHSheSC-KfV4AaABAg,@Rani-be3wl,뭐야 이승협이잖아!!!!!!,6,2025-05-06T04:51:00Z
-ZlfWLRy3-w,Ugzx7C0Tnv1vGbrIpdd4AaABAg,@오재휸,옐이는  프로네  힘들텐데  웃는 모습이 이쁘네,58,2026-02-18T14:04:31Z
-ZlfWLRy3-w,UgzT0Bo2BJLzzXsIB-F4AaABAg,@choovictor4816,저런 이쁨이 역동적이다 와우,266,2025-09-11T14:02:46Z
-ZlfWLRy3-w,UgyOHnY-L40Jx0IOa3N4AaABAg,@푸른사자군단,그냥 활력 넘치는 인간 비타민~,35,2025-12-13T06:40:23Z
-ZlfWLRy3-w,UgzITqZBSP1v4lS8gOp4AaABAg,@김메알-x3h,이분을 보면 항상 건강하고 아름답다는 생각이 듬. 좋은 에너지가 느껴짐.,654,2025-09-12T00:11:34Z
-ZlfWLRy3-w,UgwFFW5POZQ0X8MTqFB4AaABAg,@isfp777,길쭉길쭉에너지까지넘침ㄷㄷ,934,2025-09-11T15:00:57Z
-ZlfWLRy3-w,UgwG_vkh9ozqmKkPUyJ4AaABAg,@사과-t4r,진짜 단숨에 기분이 시원하고 싱그러워짐ㅠ,72,2025-09-12T19:47:11Z
-ZlfWLRy3-w,UgzQBWhPikqY7Ba-2GR4AaABAg,@윤재영-w9i,진짜 신나서 웃을땐 잇몸이 보이네ㅋㅋㅋ,19,2025-11-18T22:21:58Z
-ZlfWLRy3-w,UgxtN7eKvccwzhbP4n14AaABAg,@june5906,"옐 쇼츠는 기본적으로 무조건 3번은 봄, 처음은 마음을 보고, 두번째는 예쁘게 웃는 얼굴을 보고 세번째는 역동적인 춤을 보고",51,2026-03-16T15:25:27Z
-ZlfWLRy3-w,UgwUkpN-y89RMOdkMLl4AaABAg,@DukeMalhbore,진짜 건강미와 청량함 긍정적 미모가 뿜뿜.,8,2026-02-24T16:45:06Z
-ZlfWLRy3-w,UgwypepgQvYzjOAUpXB4AaABAg,@리사치킨,진짜 시원하다 ㄷㄷㄷ,17,2025-09-30T05:15:04Z
-ZlfWLRy3-w,Ugw9InTFWixBSEgJem54AaABAg,@김조훈-j2q,노래처럼 여름과 청춘이 보이네,11,2025-09-13T03:06:08Z
-ZlfWLRy3-w,Ugx9IOI0u0CEZ_hqh0B4AaABAg,@user-eunsangilmo,옐은 최고요 최고 👍,10,2025-12-21T03:55:37Z
-ZlfWLRy3-w,UgzzyssepDvA6w4RHMJ4AaABAg,@lovedk481,진짜 너무 보기 좋습니다.,8,2026-01-03T11:16:21Z
-ZlfWLRy3-w,Ugw-hyFEhwOuXlEpDG94AaABAg,@겨즈,와 흑발포니테일 진짜 너무 아름다우심 ㅠㅠ길쭉길쭉 뻗은 것도 너무 부러워요,13,2025-09-17T11:41:39Z
-ZlfWLRy3-w,UgydUKzMxUM-iL8Hkbt4AaABAg,@도리-t7y,어쩜 저리  발랄하고  상쿰할까  하이키,23,2025-09-12T04:14:20Z
-ZlfWLRy3-w,UgxydMas6USwwiWtKz94AaABAg,@like9dog,즐기니깐 아름답게 빛난다. 부럽네 어려서 그런것도 있지만 그만큼 했으니 진짜 이쁘긴하네.,8,2025-09-13T20:26:56Z
-ZlfWLRy3-w,UgzBs5miigfr4ERiZ-N4AaABAg,@장세철-g4t,"청춘이 여름이군요
부럽네 젊음이~~
이뿌다 진해아가씨~~",30,2025-10-02T14:55:12Z
-ZlfWLRy3-w,Ugz93IOY8u_dmL-yqY14AaABAg,@jjungsgaga,"엘~~ 너무 조으다 ~~
항상 응원해~~~~~",5,2025-09-12T10:40:13Z
-ZlfWLRy3-w,UgwfdCVfDj9XbM3m90R4AaABAg,@효민김-o5f,싱싱하네요😮😅,4,2025-12-16T13:22:59Z
-ZlfWLRy3-w,Ugz9gX8w5A8Nw5H3wNp4AaABAg,@미해산업,"예쁘네 웃는모습  앞으로계속잘성장해서 좋은가수 연예인으로쭉성장하기바란다
건강해보여서 더 예쁜거같다",2,2026-02-10T10:35:07Z
-ZlfWLRy3-w,Ugx-Qlx40Fy5I07c9rB4AaABAg,@davidkim1807,하이키가 3년차라는게 대단하다. 포기하지 않고 끝까지 버틴결과 나름 인기도 얻고,0,2026-07-10T00:41:08Z
-ZlfWLRy3-w,UgwfiAaG2H2kgOg_yrN4AaABAg,@time1067,상큼❤,6,2025-09-11T14:06:47Z
-ZlfWLRy3-w,UgzGhG7IUTOL71sjxzl4AaABAg,@정혀니다,천상 아이돌이다!!,4,2025-09-12T00:07:01Z
-ZlfWLRy3-w,UgwZwSa26N5zEvJEGL94AaABAg,@MBTI-z2b,팬임다😊😊,26,2025-09-12T02:27:51Z
-ZlfWLRy3-w,UgwabRyB315KZqYXb5t4AaABAg,@user-sr8nx2xk8u,우찌저래말랐는데 볼륨이 ㄷㄷㄷ,6,2026-02-01T15:04:54Z
-ZlfWLRy3-w,Ugz6-d2WZ0mzVgGk1B54AaABAg,@강경진-w8z,신영이 넘이뻐요,0,2026-07-05T07:24:11Z
-ZlfWLRy3-w,UgyECFphtMHChNFOmdd4AaABAg,@cesmalga4581,이쁘당,3,2025-09-11T13:57:58Z
-ZlfWLRy3-w,UgyCjTyUrircWThgFC54AaABAg,@woogilife2933,찐. 여름을 상징하는 걸그룹이 된듯,6,2025-09-12T04:24:39Z
-ZlfWLRy3-w,Ugwl-rN4thBLdpcjMm14AaABAg,@googoo19,반짝반짝 빛나네요,2,2025-09-16T07:27:04Z
-ZlfWLRy3-w,Ugzfe1HRS6IIkrwi8nF4AaABAg,@moonlight-boy,"그냥 존재 자체가 여름이네..
정말 에너지 뿜뿜 보는 사람도 힘이난다",2,2025-09-18T06:19:43Z
ifMrvU3vS-4,UgxaJY3eNZppkAzMQDh4AaABAg,@seungdukbaik159,"정당한 비자 받고 입국 한것은 어쩔수 없다지만 
조금의 사회 불안조장은 바로 출국시키고 영구 압국금지 시켜주세요",141,2023-12-21T19:07:24Z
ifMrvU3vS-4,Ugztqh-cQ6LJMFgK5DV4AaABAg,@kdklk5492,"외국인 범법행위는 보다 강력한 공권을 동원해서 철해야 한다.
이나라는 불법하면 끝짱난다는
인식을 외국인에게 심어주어야 한다.
어디 남에 나라에서 불법짓을😡🚨",905,2023-10-07T06:02:11Z
ifMrvU3vS-4,UgyhTFe8QKbFsRkqzK54AaABAg,@KSKwak-fz9qc,"나라의 치안을 위해 강력 조치와 방범 부탁 합니다.
한번 적시에 바로 추방 시켜야 합니다.",142,2024-01-16T14:36:01Z
ifMrvU3vS-4,UgyWwQtrx32Qv94EdqF4AaABAg,@user-3165,제발 국회의원들아 자국민을 지켜라  특수부대 투입 다 보내야한다 여러분 이러다 주인이 바뀌겠어영 정신차립시다  땅팔고  집 좀 팔지 맙시다,708,2024-03-14T11:26:12Z
ifMrvU3vS-4,UgzTUC8-a0T051x7EcF4AaABAg,@공산당물러가라,대림동 발령받은 경찰들은 진짜 욕하면서 다른데 발령받고싶은 마음이 군재대날짜 세고 있는거랑 똑같을듯.,75,2024-01-31T12:21:11Z
ifMrvU3vS-4,UgzYhbibxr8AdXu_xBJ4AaABAg,@user-le6be5qi5d,중국범죄자들 추방해야 됩니다..,417,2023-12-25T11:58:26Z
ifMrvU3vS-4,UgwMAHOrxnj6X9M8apx4AaABAg,@Trends_issue,문제 일으키면 바로 추방하는 법좀 만들어라,2047,2023-12-16T21:47:29Z
ifMrvU3vS-4,UgyRc9E-F2GS7SmFNxN4AaABAg,@고한식-x3d,저런자들하루빨리 추방켜야한다 법 강화시켜야함,397,2023-12-21T06:46:49Z
ifMrvU3vS-4,Ugzdn6gBju4x75_XpaV4AaABAg,@박서진-b8s,"이런인간들에게. 우리혈세로
의료보험 다해주고 우리 경찰이
이런일꺼지 해야허냐
추방해라 술먹고 신고당하면
추방하는걸로",46,2024-03-10T06:53:37Z
ifMrvU3vS-4,UgzX85ljCkX82uwMC9B4AaABAg,@김정란-e2u,"경찰분들 정말 고생이
많으십니다😢",139,2025-02-25T07:50:31Z
ifMrvU3vS-4,UgzbZFEdyI6jk9c-65N4AaABAg,@야생붕어TV,"사고치는 인간들 중국으로 추방시키자
자국민을 지켜야할 경찰관들이 저런 중국인들때문에 저렇게 고생하는데 
지들나라에서는 저럴수있을까? 중국법이 왜 쎄게해놨겠어 중국인들은 막무가내야 조심해야된다",80,2023-12-21T02:39:55Z
ifMrvU3vS-4,Ugzk9A4P0q8U1WzsgQ14AaABAg,@이종율-t5e,저런 쓰레기 추방이 답이다,2149,2023-12-15T02:11:12Z
ifMrvU3vS-4,Ugx4mHwHXRCwzy5-i-54AaABAg,@수아압빠,추방. 중국가서 손가락 빨게 .... 정신 못차리는 인간들은 다 추방하세요,2092,2023-12-13T22:57:36Z
ifMrvU3vS-4,UgyiVYgH7Uv8Es_hT4p4AaABAg,@최연-c4i,제발 중국인 받지도 말고 추방시켜라,24,2024-02-28T00:12:57Z
ifMrvU3vS-4,Ugw9UBrEouVx9azDd_V4AaABAg,@테슬람2010,정치인들 중국인문제해결하면 당선이다 꼭 기억해라,231,2024-03-11T17:33:31Z
ifMrvU3vS-4,UgzWiBw1ia7OdCqepiV4AaABAg,@다시한번-o8h,분기마다 공권력 동원해서 정화를 해야해,246,2023-10-08T06:18:30Z
ifMrvU3vS-4,UgyH9aGZ5Ctx-r6gell4AaABAg,@Like-qf8gr,저런놈들 추방 영원히 입국 금지,130,2023-12-25T00:25:41Z
ifMrvU3vS-4,Ugwuu_7SCUkVYV8MJMd4AaABAg,@조종래-p1p,"공권력 무시하는 
저런자들 극형에 처하자
대한민국 법 국민 국가를 지키자",61,2023-12-20T01:53:49Z
ifMrvU3vS-4,Ugw2J08yjB8ek9GIVBV4AaABAg,@울나리랑이,울나라참큰일이다  얼마나 울나라를  업신여기면저럴까  국회의원들  머하까,33,2024-02-12T17:41:06Z
ifMrvU3vS-4,UgwyiUmzRD9eZfy_h9V4AaABAg,@차아앙,MC무현의 큰 설사,6,2024-04-14T12:10:38Z
ifMrvU3vS-4,UgwHQxGypHSH1Wa55bB4AaABAg,@이상준-n9q,대한민국이 언제 이렇게됐냐? 자손들 에게 이런나라를 물려줄꺼냐?,735,2023-12-21T11:58:09Z
ifMrvU3vS-4,UgyoBVqxj-XTs4lLqaJ4AaABAg,@비수-r7m,큰 문제  입니다  인구가 부족하다고해서  범죄율이 높은   사람들을  그냥받아들이지말고  엄격히  걸러서 받아들입시다,163,2023-12-24T21:15:18Z
ifMrvU3vS-4,UgxwzgG4x-TzoEMda1V4AaABAg,@neot285,이정도면 심각한데,237,2023-10-04T15:46:42Z
ifMrvU3vS-4,UgyLWeattqppEazlvUJ4AaABAg,@콩콩콩콩콩-w4r,정말 슬픈일임. 저 대림이 더블 역세권으로 얼마나 좋은 위치인데 저기를 아주 중국인 밭으로 점령을 해서 한국인들이 가지를 못함..,4,2026-01-29T15:28:49Z
ifMrvU3vS-4,Ugw--txrIBYZe_Wsdxl4AaABAg,@WWOuua,경찰 공무원 합격한 사람한테 대림동에서 일하라고 하면 진짜 존나 무섭겠다 ㅋㅋㅋㅋ,3,2025-12-11T13:03:36Z
ifMrvU3vS-4,UgxnGuf8Vp5oWO5hs414AaABAg,@cherryy9361,중국경찰 앞에선 절대 저렇게 못하는데.  참 답답하다. 한국 공권력,1345,2023-12-14T11:11:13Z
ifMrvU3vS-4,UgwaIEP48Pb0HF9rJPt4AaABAg,@hanamshi1209ify,어쩌다 저런덜되먹은 인간들이 동포라는이유로 한국에서혜택받으며사는지 재발법계정을해서 추방시키고 저런동포라는 인간들받지말아라 부탁이다.,168,2023-12-25T02:13:11Z
ifMrvU3vS-4,UgwgtvQVQqNgIOEZ2SF4AaABAg,@봄여름가을겨울-v4m,그냥 그대로 추방하라,62,2023-11-06T11:15:52Z
ifMrvU3vS-4,UgxNpc6Vl8cBH6jrZHV4AaABAg,@joohyounlee3009,"사소한 문제라도 일으키면 바로 추방해라!!!
그게 자국민 보호하는 길이다!!!",10,2024-07-01T02:55:48Z
ifMrvU3vS-4,Ugyw164iLvwlFeHDFpd4AaABAg,@야해-w7945,법이 법같지도않은 나라에오니 법이 더우수워보이는거지,4,2024-07-17T20:39:02Z
hmDt88ANJMI,Ugx9s0MAGORzMuRRIcR4AaABAg,@ssulply,"본 영상이 궁금하다면?
👉👉https://youtu.be/t-f9HJdxUHc",213,2023-08-08T06:31:03Z
hmDt88ANJMI,Ugz_7yygLIFUjndBtu94AaABAg,@쿤이네형,반응보니까 신박이 아니라 충격인거 같은걸요...,10144,2023-08-07T09:26:51Z
hmDt88ANJMI,UgzfURmmCSZVMQ31SiZ4AaABAg,@적록색맹,"이때 궤도가 나타나서
""비가 왜 오는 줄 알아요?"" 하면 그게 더 소름일듯",10867,2023-08-16T18:49:06Z
hmDt88ANJMI,UgzXMYdF8ImdzX5q4C54AaABAg,@이렇고저런인간,"""비가 왜 오는줄 알아요?""
""왜 오는데요?""
""내가 물어봤잖아""",4828,2023-09-11T15:03:12Z
hmDt88ANJMI,UgyG-pW7g6zShyxflAJ4AaABAg,@jaewonlee9457,아무말 대잔치에는 외모 필수! 😂,207,2023-08-26T16:50:44Z
hmDt88ANJMI,UgyDa6SWnRI_ZQhr_i94AaABAg,@gorgopaide8041,"비가 왜 오는줄 아냐...?
빨래 널고 나왔거든..",8016,2023-08-07T09:48:53Z
hmDt88ANJMI,UgzQ6pk3LzoAMGmy5VF4AaABAg,@m5r-p4s,"비가 왜 오는지 아냐..?
내 무릎이 아프거든;;",14,2024-04-03T10:04:44Z
hmDt88ANJMI,UgwR2Or4ldKPnaTw9BB4AaABAg,@밤밤-e9f,웃을 때 너무 이쁘다..,2160,2023-08-13T12:05:42Z
hmDt88ANJMI,Ugw_4mPVZHyZgqJr5Lx4AaABAg,@반합-y7g,80년대 멘트가 지금 MZ로 온거보니 유행은 돌고 도나보다...할아버지가 구라치지 말라고 말씀하시길래 그런말 어떻게 아시냐고 물었더니 어렸을때 썻던 말이다더라 ㅋㅋ,99,2023-12-27T22:02:15Z
hmDt88ANJMI,UgzqmGm_qlZ1kX1Arlx4AaABAg,@Raccoon_Iife,충격과 공포라는 말을 이럴때 쓰는게 옳은것 같다...,2335,2023-08-07T15:18:45Z
hmDt88ANJMI,Ugy0Qledem2g-dBeS4t4AaABAg,@혀로30분,주접도 풍년들이지  😂  ~,2,2023-12-10T08:43:33Z
hmDt88ANJMI,UgxXQriwkbkRSremelZ4AaABAg,@이도현-y8m,“김태희가 여기 있잖아요”,4701,2023-08-08T00:13:45Z
hmDt88ANJMI,UgzkdnbP23jME-qeODZ4AaABAg,@dhkdckd,약간 옛날 오승은 닮으셨네,2,2023-08-24T19:53:53Z
hmDt88ANJMI,Ugx9ag0Hi9NSDH-eJBt4AaABAg,@땅속은밀한디그다,"🙎‍♂️: 비가 왜 오는지 알아요?
💁‍♀️: 아 대기권의 수증기가 응축되어 떨어지는게 비에요 
🙍‍♂️: ...",349,2023-08-15T04:12:03Z
hmDt88ANJMI,UgyTUsammYbEX2BPvbl4AaABAg,@beaster1154,"주먹을 왜 쥐었는지 알아요?
당신 맨트를 들었기 때문이예요 ㅎㅎㅎㅎ",2,2023-12-11T13:44:14Z
hmDt88ANJMI,UgzEwHyYa4wNASneAsh4AaABAg,@두치와뿌꾸-l3n,누구닮앗나 했더니 팜하니느낌 ! 귀여우시다,555,2023-08-11T02:38:57Z
hmDt88ANJMI,UgxiEM8qfjymBAl4zZN4AaABAg,@white8263,언니 넘 러블리해 귀여워 ❤❤❤,7,2023-11-26T15:33:18Z
hmDt88ANJMI,UgzgEfuE-qf1oHZArGB4AaABAg,@petitguitare,여자분 뭔가 2000년대 초 포켓걸 이런 느낌이다 요즘 획일화된 스타일 아니고 앞머리도 그렇고 그 때느낌이라 뭔가 기분이 몽글해짐 귀야움,87,2023-08-11T11:06:31Z
hmDt88ANJMI,Ugyiki6PUcctURBJFlJ4AaABAg,@졸리다-d1e,아니 비가 오는거랑 그거랑 무슨 상관인데 시발,2,2023-09-11T15:09:31Z
hmDt88ANJMI,UgyWRUAOn1FNXE0eK7F4AaABAg,@이이이이잉-s6d,뭐라고 하나 봤더니하면서 손 귀에 갖다대는거 왜케 귀여워 진짜 어칼거야..,216,2023-08-15T06:31:13Z
hmDt88ANJMI,Ugwxz6gm2DBc7koqOuB4AaABAg,@ruttatata2023,"“비가 왜 오늘줄 알아요?”
“왜 오는데요?”
“태양을 피할려고요”",3,2024-01-24T17:11:32Z
hmDt88ANJMI,Ugwe0PcOAdTu9K_dBgN4AaABAg,@첫눈처럼-107,젊은 친구들 전부 다 귀엽고 이쁘고 잘 생기고 기운 넘치고 신나 보여서 좋다.,474,2023-08-08T02:43:21Z
hmDt88ANJMI,Ugwbs9rhsEp6sghJDfl4AaABAg,@주-i8l,이분 키드밀리 아바타소개팅에 나오신 단발머리 분이시네,3,2024-07-26T09:09:58Z
hmDt88ANJMI,UgwUJSVPTWbunUFghoF4AaABAg,@HONG시,진짜 이쁘다,177,2023-08-09T08:44:44Z
hmDt88ANJMI,UgyQeWkW33ETpSBUImB4AaABAg,@삼국대난투,"비가 왜오는지 알아?

오늘 세차했거든",2,2024-07-25T08:02:13Z
hmDt88ANJMI,Ugx19D81UHDhLERN0lZ4AaABAg,@고티카-l2s,요즘 서른 클라쓰,9,2023-08-07T18:00:48Z
hmDt88ANJMI,UgybnedOe5qpQgssfw14AaABAg,@MechXplorers,내가 이해력이옶는건가.. 뭔쇼리?,1,2024-07-30T12:05:54Z
hmDt88ANJMI,Ugy_xo_RowIZt1-IBMt4AaABAg,@JessicaEllenCornish,ㅋㅋㅋㅋㅋㅋ”당한건 아닌데“ㅋㅋㅋㅋㅋㅋㅋㅋㅋㅋㅋㅋㅋㅋㅋ,412,2023-08-10T02:48:05Z
hmDt88ANJMI,UgzzI6sv8aYLvBtqkHV4AaABAg,@촤봉,귀엽게 생기셨다,78,2023-08-07T12:06:44Z
hmDt88ANJMI,UgxS5Egoz8A5ih-hp0F4AaABAg,@whdals0667,듣자마자 김태희인가 했는데 진짜 그 비 얘기하는거구나ㅋㅋ,2,2023-08-30T04:01:32Z
82zJY2z2W-g,Ugwpy9uAI9JoRjUDmbd4AaABAg,@ellykim3945,ㅋㅋㅋㅋㅋ 천상연하니까 댄서분들 바로 유턴해서 들어가시는거 진짜 웃기넼ㅋㅋㅋ,73533,2025-08-03T08:58:29Z
82zJY2z2W-g,Ugzv1YmQAuunjE1UmD94AaABAg,@123-b3l1l,댄서분들까지 연기하셨넼ㅋㅋㅋㅋ,17623,2025-08-03T09:53:13Z
82zJY2z2W-g,UgwILBVeDHqg17PvZux4AaABAg,@빠리삐리뽕-14,아닠ㅋㅋ 맞는말이랔ㅋㅋ너무 웃김ㅋㅋㅋ 선곡이랑 진행까지 너무 웃김ㅋㅋ,18461,2025-08-03T05:04:13Z
82zJY2z2W-g,Ugz5AJX1NzKnVhhN1c14AaABAg,@ohlilulila,진짜 저자리에 있었는데 개웃겨서 오히려 좋았음ㅋㅋㅋㅋㅋㅋㅋㅋㅋㅋㅋㅋㅋㅋㅋㅌㅌㅌㅌㅌㅌㅋㅋㅋㅋㅋㅋㅋㅋ 진짜 이창섭 최고,28868,2025-08-03T12:50:56Z
82zJY2z2W-g,Ugz2Wledqm843AV1RPx4AaABAg,@bimbim-u9b,아니 워터로나가? 는 왜 아무말 없음 짐짜 갸웃긴데,35918,2025-08-03T10:17:32Z
82zJY2z2W-g,Ugw6zzVN5jXGkQjS2894AaABAg,@niel081611,"나도 이거보고 그치그치 보딩빌딩(?)대회 아니긴 하지 근데 페스티벌 같은거니까 신나는거 해야하지 않나?
했는데 뭔가 이창섭이 발라드 불러서 웃겼을듯
알면서 방향 틀은 자신이ㅋㅋㅋㅋ",16752,2025-08-03T05:37:58Z
82zJY2z2W-g,UgyKhjdQa9m8q5-QGsx4AaABAg,@BLACK_PEARL_,난 이렇게 틀을 깨고 새로운 패러다임을 제시하는 사람들이 너무 좋더라. 다소 어이없고 무모해보이고 뜬금없어보일지 몰라도. 틀을 깼다는 것 자체로도 칭찬해. 어느 분야의 누구라도 도전할 수 있게 만들잖아. 도전은 혁신을 낳고 그 혁신은 우리를 더 윤택하거나 즐겁게 살게 하지.,24026,2025-08-03T08:45:37Z
82zJY2z2W-g,Ugy5Pn42GvHUmb2djst4AaABAg,@원모캐도미데사릿엔,창섭씨는 예능의 신이에요..,13067,2025-08-03T06:08:18Z
82zJY2z2W-g,UgzJhPCfqZBXoQTQAEx4AaABAg,@parislee5753,워터로 나가냐는건 뭔 질문인건데 ㅋㅋㅋㅋㅋㅋㅋㅋㅋㅋㅋㅋㅋㅋㅋㅋㅋㅋㅋㅋ,727,2025-08-03T09:25:50Z
82zJY2z2W-g,Ugx0EXy4awIseLeitgh4AaABAg,@쵸랑-g3f,ㅋㅋㅋㅋㅋㅋ 너무 웃기넹....ㅋㅋㅋ 비투비는 최고입니다... 이창섭오빠. 재미있게 웃음ㅋㅋㅋ,4112,2025-08-03T07:28:56Z
82zJY2z2W-g,Ugw9xk21U6b1_ZHEnV14AaABAg,@김현종-f9c,얘 재밌었던게 자기가 정통 발라드 처음이자 마지막일거라고 다신 없을거라며 마지막인거 예감 했었음ㅋㅋㅋㅋ근데 노래 잘부르고 멘트 찰지고 떼창 재밌게하고 마지막에 댄스곡 두곡으로 진 제대로 빼놓고 감ㅋㅋㅋ ar켜놓고 신나는곡 하는것도 좋지만 쌩라가 주는 감동도 좋더라,1184,2025-08-12T19:07:50Z
82zJY2z2W-g,Ugw-RNO2YUhBsFTc_HJ4AaABAg,@체리쥬빌레123,앜ㅋㅋㅋㅋ창섭님 개호감ㅋㅋㅋ,1544,2025-08-03T05:28:09Z
82zJY2z2W-g,UgzfnOUGtNIZnFnnBAd4AaABAg,@hhhooooomm,"아니 아이디어도 진짜 개 좋고 마인드도 좋고
근데 이걸 진짜로 했다는.. 실행력이 대단하다 진짜..ㅋㅋㅋ",674,2025-08-03T05:45:12Z
82zJY2z2W-g,UgwND3LvV9BUQv_b62V4AaABAg,@sainthune,"이게 힙한거지 🎉🎉🎉  ㅋㅋㅋㅋ ㅋㅋㅋㅋ
연예인이나 스타는 이렇게 신선하고 
남들 다 왜저래 이런걸 잘 소화하는게 멋있고 재밌어보임 ㅋㅋ",419,2025-08-12T14:06:49Z
82zJY2z2W-g,UgxT34MycZTc6q3jpit4AaABAg,@BTOB_lover2,ㅋㅋㅋㅋㅋㅋㅋ 아 진짜 넘 귀엽당 태닝 포챠코임💙💙,493,2025-08-03T07:16:02Z
82zJY2z2W-g,UgwmRN32jUIN31DSQEd4AaABAg,@bbinom2505,ㅋㅋㅋㅋ 워터로 나가? ㅋㅋㅋㅋㅋㅜ..,368,2025-08-03T10:22:42Z
82zJY2z2W-g,Ugw5nmah1-wqgcKC7yR4AaABAg,@dbwls_a3a,멜로디는 기분이 좋다ㅋㅋㅋㅋㅋㅋㅋㅋㅋ,451,2025-08-03T06:02:59Z
82zJY2z2W-g,UgxQmO9h0g--eatpZ3p4AaABAg,@박혁준-hj,워터로 나가 ㅇㅈㄹㅋㅋㅋㅋㅋㅋㅋㅋㅋㅋㅋㅋㅋㅋㅋㅋㅋㅋㅋㅋㅋㅋ,38,2026-06-10T15:22:35Z
82zJY2z2W-g,UgzvyKf14eaFlby4Sd54AaABAg,@Mr.NanabaWolf,보디빌딩대회였냐고 불만표하던 전과자아쥬씨는 나시를 입고 우람한 팔을 자랑했구나... 😂😂😂,46,2025-08-19T06:39:05Z
82zJY2z2W-g,Ugw1UIZEZxm0U0CLMpx4AaABAg,@강민-u8f,"기회되면 이창섭 콘서트 꼭 가보세요
지인이 표 줘서 그냥 한 번 가봤는데
진짜 콘서트 시간 내내 너무 재밌고 좋았어요
이쁨 받을 줄 아는 사람 같음",6,2026-06-02T23:15:25Z
82zJY2z2W-g,UgyIYRysDARgdTaoURl4AaABAg,@AIMS-LD,워터밤가서 봤는데 실제로 이 반응을 즐기는게 개웃김 ㅋㅋㅋㅋ,86,2025-08-23T17:50:50Z
82zJY2z2W-g,UgzSi3TuBMFTz83xgOx4AaABAg,@flower-qu9hu,아 너 가수라곸ㅋㅋㅋㅋㅋ 언제까지 웃길건뎈ㅋㅋㅋ,206,2025-08-03T09:43:17Z
82zJY2z2W-g,UgwyK4u5oT0bd0MY5FN4AaABAg,@vhdks45,워터밤 공식채널 창섭 풀영상 올라옴.총 5곡중 3곡은 신나는 댄스곡.발라드도 호응짱 좋았고 남팬들이 천상연 고래고래 큰소리로 따라부름ㅋ,53,2025-08-09T13:29:32Z
82zJY2z2W-g,UgyZrH7OrnSaor27UsV4AaABAg,@quuu213,이 형은 오히려 갈수록 호감스택 쌓임ㅋㅋㅋ,2,2026-06-18T14:48:11Z
82zJY2z2W-g,UgxHsWGwkbSrn5JAJ_V4AaABAg,@갈릭소스-f4p,이창섭 ㅈㄴ 호감형이네ㅋㅋㅋㅋㅋㅋ친해지고 싶다,35,2025-08-23T04:52:20Z
82zJY2z2W-g,UgxWLf3GoEjLQzqWfbp4AaABAg,@rneongnyangX2,창섭아 보디빌딩 대회는 아니었지만 신나는노래만 튼건 처음부터 그랬을거야...,40,2025-08-04T12:33:48Z
82zJY2z2W-g,UgxX330djEwmPjl-O3d4AaABAg,@hyeonny-cw5dv,킬포 천상연 부른다 해놓고 입반주는 꽃이 되어줄게 ㅋㅋㅋㅋㅋㅋ,67,2025-08-03T12:37:23Z
82zJY2z2W-g,UgzKSbIBbgVJdp-3j_14AaABAg,@blueinbloom24,댄서 들어가는게 ㄹㅇ 개웃기네 ㅋㅋㅋㅋ,11,2025-08-15T07:56:52Z
82zJY2z2W-g,UgxKZCu4a6C0O_ONmZx4AaABAg,@wiwubqjb,"틀 깨는게 너무 좋다 ㅋㅋㅋㅋㅋㅋ
역시 이창섭 ㅋㅋㅋㅋ😂❤",128,2025-08-03T12:53:31Z
82zJY2z2W-g,UgzJotsPdVIMhhndxNB4AaABAg,@인간복숭아-0226,앜ㅋㅋㅋ큐ㅠ 신나서 꽃이 되↗어줄게 하는것도 넘나 귀여움,146,2025-08-03T10:12:53Z
xQ2viAUjigo,UgzzU9srTgBxCFxg9wJ4AaABAg,@navykdh8,저 여자 결혼식때 영상으로 틀어주면 너무 좋아할듯,439,2026-06-20T05:09:15Z
xQ2viAUjigo,UgzvlZ8H4y3-5u6prfR4AaABAg,@웃어봐-l1f,"술마시고, 흥 즐기며 초면인 모르는 사람과 쿨한척  원나잇은 허락 하지만..
가까운 지인과는 연애도 힘들다는 그들..",525,2026-06-22T23:03:10Z
xQ2viAUjigo,UgwGjkTuK98CognbhvB4AaABAg,@davidsong1164,호주 워홀 갔다온 여자와 이태원에 놀러 다닌 여자를 거르는 거라 알려주는 교보재 같은 영상이군요 ㅎㅎ,1783,2026-05-17T00:00:17Z
xQ2viAUjigo,UgyRhdoW9DJpTu7UAth4AaABAg,@justinlyjlee,그녀는 이제 돌아올 수 없는 강을 건넜다..,854,2026-05-14T05:38:32Z
xQ2viAUjigo,UgwxluM565oIjHYthwh4AaABAg,@kekejake8813,아주머니 기분 좋아보이시네😊,168,2026-06-04T22:28:47Z
xQ2viAUjigo,UgzQ-BLWJdbCd4i0iVF4AaABAg,@onesoo,외국인들에겐 관대해지는 오픈마인드,1148,2026-05-14T05:39:58Z
xQ2viAUjigo,UgwquOiNYBd0Jiub6b54AaABAg,@손바닥-g8z,오옥 소리 낼 생각에 벌써부터 싱글벙글 하너!,166,2026-05-29T05:27:04Z
xQ2viAUjigo,UgyOE-bIXWFD8XeN7Cd4AaABAg,@핸들-w2w,니가 기분이 그렇게 좋다면야...니가 하고싶은데로,252,2026-05-13T11:00:04Z
xQ2viAUjigo,UgwfZqF4Fsf5FEp8JbF4AaABAg,@엘부리,얼굴 다 팔렸네 ㅋㅋ,358,2026-05-06T16:40:55Z
xQ2viAUjigo,UgyIzzs-_cW4eiRu1kR4AaABAg,@dffa9522,벌써부터 신낫구만,37,2026-05-20T11:45:36Z
xQ2viAUjigo,Ugwa44qQjvFmLAY8pLd4AaABAg,@내천적은나자신이다,"누구에게 보여지고 알려져도 떳떳할 일들만 하고 삽시다~ 연예인들 보세요 평생 따라옵니다, 영원한 비밀 없고, 그렇지 않게 살면서도 충분히 인생 즐기고 재밌고 행복하게 살 수 있습니다",47,2026-05-18T10:00:17Z
xQ2viAUjigo,Ugyo2m6-AnfBdOkvuwh4AaABAg,@ChiJiBee,보픈마인드ㅋㅋ,53,2026-06-03T12:52:10Z
xQ2viAUjigo,UgzJyvt4JtASEUfrqhh4AaABAg,@마이무-p6c,중고등 정도의 자녀가있는 이모님같은데 기분이 아주 좋아보이시네요,38,2026-06-15T09:12:29Z
xQ2viAUjigo,UgwCzzc51zobKnwGvxJ4AaABAg,@망캐-v2j,이걸 문화로 생각하겠지?,0,2026-07-09T22:42:22Z
xQ2viAUjigo,Ugzq__4W5sdRpWVCPg14AaABAg,@고독한여행가,아지매 좋아죽네 ㅋㅋㅋㅋㅋ,5,2026-06-15T06:24:26Z
xQ2viAUjigo,UgzTMMwKaNyoaY2fyjt4AaABAg,@후후훗-w7j,ㅋㅋㅋㅋㅋㅋㅋㅋㅋㅋㅋㅋㅋㅋㅋ허-벌,5,2026-06-06T13:17:44Z
xQ2viAUjigo,UgwRwnytQXHcAaE1_oB4AaABAg,@화니-y6z,멋지네~~,10,2026-05-21T07:44:28Z
xQ2viAUjigo,Ugxfamr4dE5XepJ6gMx4AaABAg,@potential8,남이 길거리에서 벗고 다녀도 상관없지 다만 내주위에는 없길 바랄뿐.,0,2026-07-08T23:18:33Z
xQ2viAUjigo,UgzpvSCZjgQkwhorFkp4AaABAg,@굿데이-z6j,돌아오지 않는다는,16,2026-05-23T11:49:46Z
xQ2viAUjigo,Ugz4GD9zKNW30PPF0ul4AaABAg,@보더콜리바둑이,이거 하나로 조만간 소송가서 x된다고 본다,66,2026-05-25T01:44:21Z
xQ2viAUjigo,UgwaRyG-Tl3HjZH1XV54AaABAg,@일지매네버다이,2026년형 양공주.,1,2026-07-08T06:09:12Z
xQ2viAUjigo,UgzvSYZf7hmBEwsyQFt4AaABAg,@깐돌이-c4c,ㅋㅋ 얼굴공개굿,294,2026-05-15T05:20:24Z
xQ2viAUjigo,Ugxyk4_kzYPGn4Sf2gB4AaABAg,@이빌죠,이태원 프리덤~~,43,2026-05-25T22:17:13Z
xQ2viAUjigo,Ugz6LI7Dfi0dWuki43Z4AaABAg,@psj1222,쟤네는 저게 쿨하다고 생각할거 아니야ㅋㅋㅋㅋㅋ,1,2026-06-29T14:34:02Z
xQ2viAUjigo,UgzI6xULLxuVMbrELtJ4AaABAg,@Yathabhut,시원하게 개통되겠구나…,188,2026-06-04T10:13:28Z
xQ2viAUjigo,Ugxrck1BNUATLGtO4HZ4AaABAg,@침착매니아,얼마나 넓어지고 싶은지 감도안온다,3,2026-06-13T15:17:14Z
xQ2viAUjigo,UgxUv2tYxAjvWrpaACZ4AaABAg,@user-alaskacat,ㅎㅎㅎㅎ 저렇게 길들여지는거지 ㅋㅋ,0,2026-07-09T21:18:05Z
xQ2viAUjigo,UgwG3oEP_LrsW2Y-QTN4AaABAg,@Razor-z2d,훈훈해지네요,1,2026-06-29T15:41:01Z
xQ2viAUjigo,UgzvWse1cSRlMP2FBJB4AaABAg,@낭만주의-o3e,"좋은 시절이지
서로 좋으면 뭐",100,2026-05-14T04:48:59Z
xQ2viAUjigo,UgxeFJdmU8mnWQrhNG94AaABAg,@ssiiskkw,알 빠 노??? ㅋㅋㅋㅋㅋㅋㅋㅋㅋㅋ,1,2026-06-09T03:44:40Z
4ML9bDO_mYA,Ugzc1C6VVOhFo7yk5XN4AaABAg,@Birkenknicker,😊that's nice ❤,0,2024-03-03T06:11:32Z
4ML9bDO_mYA,Ugz-riaibq4xR2rb00J4AaABAg,@noorlnonoorno6935,😊😊😊,0,2024-03-02T08:55:30Z
4ML9bDO_mYA,UgxItGSO0fJZ_Gpa1pJ4AaABAg,@Prabodhi_1,❤❤,0,2024-03-03T03:03:08Z
4ML9bDO_mYA,UgyprYfZKS35_DixemJ4AaABAg,@malakloka_hadaad,شكلك جميلل اويي 😫✨,0,2024-03-03T02:27:43Z
4ML9bDO_mYA,UgxMsKbzlMZuj9e0LMp4AaABAg,@malakloka_hadaad,نفسي ترد علياااا🥺,0,2024-03-03T02:27:53Z
4ML9bDO_mYA,UgwY8N1c00WznrFMKGp4AaABAg,@IreneVlogs14,❤,0,2024-03-04T02:05:48Z
4ML9bDO_mYA,Ugw-uURkCCgbru-Knix4AaABAg,@IreneVlogs14,❤,0,2024-03-04T02:05:58Z
vpVFkGSk77s,Ugx90B9_SAtST7h2DOV4AaABAg,@TV-ro6qd,"조명이 모스부호다.
여기 콩팟있음.
ㅅㅂ",98,2025-01-10T02:45:51Z
vpVFkGSk77s,UgzIRsQ3wY9UmwauDMZ4AaABAg,@원진이이,저기생매장...,34,2024-09-06T23:23:06Z
vpVFkGSk77s,UgzCLB96Y6ojOF9Kg9R4AaABAg,@シカ-892a,중국에서 무서움느낌,13,2026-03-24T16:41:15Z
vpVFkGSk77s,Ugyn7wm2Kpc4k9v3wH14AaABAg,@스타라이트라이드,신천4동이네. 신세계백화점 맞은편. 요즘 뜨는 동네.,15,2026-01-03T16:10:10Z
vpVFkGSk77s,UgxwujemP-vdW53_Mlx4AaABAg,@changlaejung6114,이해안되서 안무서움,39,2025-09-21T14:03:24Z
vpVFkGSk77s,UgyhAhhd6MESlfS3Qnt4AaABAg,@개발자-j6y,장기 털린다,12,2026-03-04T10:41:06Z
vpVFkGSk77s,UgyvQfKlzE2QNIGT-xd4AaABAg,@넘나웃겨-d9p,저기 유명 떡방 아인교ㅋㅋ,5,2026-04-27T18:25:38Z
vpVFkGSk77s,Ugz6OwI9Acx4rp2tw1F4AaABAg,@참견er,보이스 시크릿바가 뭔지를 모르는데,12,2025-01-05T14:22:31Z
vpVFkGSk77s,UgyZzgVuZi3KyuqLDeB4AaABAg,@BlueSky-v6t,자.. 자.. 장.. 장ㄱ.. 장기.. 장기ㅁ.. 장기 바둑,2,2026-05-21T17:42:39Z
vpVFkGSk77s,Ugz_m2mw8wXgEuKO4OF4AaABAg,@싼마이인생-M60,아는집이라무섭다.,0,2026-07-07T15:28:18Z
vpVFkGSk77s,Ugz0rEeECaUp8t0yatR4AaABAg,@김상용-n2q6c,무관심이 답이다,20,2025-11-03T11:38:52Z
vpVFkGSk77s,UgzRfZk8uoE7Yy6AYVV4AaABAg,@bakkyeng2862,왜? 저기드가면 장기라도 적출된다냐?,64,2024-07-30T04:01:50Z
vpVFkGSk77s,UgyzlE0yZTHGJm8LvG94AaABAg,@5특전단,"대구에서 평생살았는데 뭔지 이해못함,,,,,모스부호도 아닌데?",1,2026-06-17T12:06:14Z
vpVFkGSk77s,Ugy9L7C2VJbMd9u22wd4AaABAg,@고속도로인생-e3m5h,뭐야 이게 왜 무섭다는건지,1,2026-03-27T10:31:12Z
vpVFkGSk77s,UgwwKGEorq_WsmYnzz54AaABAg,@김상현-l5k,신고가 답이다.,1,2026-05-26T14:28:41Z
vpVFkGSk77s,Ugwiy2kvTaveMISxhkV4AaABAg,@정스타-n4w,그냥 떡집아님?,4,2026-02-26T10:18:19Z
vpVFkGSk77s,Ugwg7YDkI1sV0No2syN4AaABAg,@dkkrkkmbdbdne,설명좀,2,2026-03-11T22:20:24Z
vpVFkGSk77s,Ugyf_6vwaqEP5Zmv-eR4AaABAg,@공수거-v7c,"하얀색 작은간판 ""Boy's secret""",3,2026-05-15T09:22:43Z
vpVFkGSk77s,UgyXPXN3JpOBn_Fjfxl4AaABAg,@JHLee-n6r,이해될때까지 보라는 얘기?,0,2026-07-04T14:07:30Z
vpVFkGSk77s,UgxjptkPsvdLHOjxTad4AaABAg,@SecretMember-n9d,"-. .-. --- --. . ..-.

콩 팥 있 음",34,2025-08-05T14:34:29Z
vpVFkGSk77s,Ugwy4ppsXRXjJqzyCQR4AaABAg,@Jj-ht7zm,종로 같을 줄 알고 갔는데 그냥 2030 남녀같이 앉아서 노는 곳이었음 ㅡㅡ 역시 여행은 부산인가,0,2026-06-28T06:34:13Z
vpVFkGSk77s,UgypuR-LOiZbX4RvSI94AaABAg,@참이슬-i1x,모스부호 맞아요?,3,2026-01-24T21:06:03Z
vpVFkGSk77s,UgzfHSdgrWYJi0DOHd94AaABAg,@야르코,여기 대구 어디죠?,8,2024-07-17T18:12:11Z
vpVFkGSk77s,Ugx4UXYgDZzlQm13DeV4AaABAg,@loveisover2049,머구리,3,2026-05-25T11:22:34Z
vpVFkGSk77s,Ugy9byleWsOSR-lBzTd4AaABAg,@lII영표씨llIl,특공대 통신병 출신이다 모스부호 ㅇㅈㄹ하는거 보고 웃고간다.,11,2026-03-04T04:45:17Z
vpVFkGSk77s,Ugy5JqNnSBCnwatFH1l4AaABAg,@민지석-e8h,대구가 이해가되는곳야?ㅋㅋㅋ,1,2026-06-22T04:19:35Z
vpVFkGSk77s,UgywomZrk4NjWGesguB4AaABAg,@염석진1,저기 젊은애들 나와서 서비스 잘해준다고 소문난곳인데;;,3,2026-04-05T04:10:26Z
vpVFkGSk77s,Ugx3CbRlDbFMFaFaDVl4AaABAg,@대통운수-c9t,시크릿바 안마 7080 이해안감,0,2026-05-01T09:22:46Z
vpVFkGSk77s,Ugyn6dcc-RXLEEwb0ot4AaABAg,@파파지니-i3n,대구사랑인데무슨말인지나도모르겟다설명좀해주라,15,2024-12-27T14:36:54Z
vpVFkGSk77s,Ugx3wT3x4uouncKaNuV4AaABAg,@uperjyj3103,설명을 적어놔라,17,2024-08-10T10:54:11Z
vfH-9h5Gg_c,UgxWIb4qj4h2Y4xQ3nN4AaABAg,@sapae11,"그냥.. 존나 화려란 간판이거나 
노래방이 구석진 곳에 있다거나 
노래방안에 휴지가 있다던가  대천 같은 관광지가 아닌데 한시간 기본 2만원 이상 받으면 거의 8-90퍼는 그런곳 아닌가",65,2023-09-07T06:32:21Z
vfH-9h5Gg_c,UgwNIaBht9vtWhjg2jB4AaABAg,@keyimkir,헐..어릴때 저 여자 그림 그려진 노래방 간적 있었는데 그냥 평범한 노래방 같던데 저런곳도 있었구나,58,2023-07-20T10:31:55Z
vfH-9h5Gg_c,Ugzk689W0KdMh3K9jAF4AaABAg,@훈이-l4q,가락시장쪽이 레전드임  친구가 그동네 살아서 저녁에 소주에 회먹고 노래방갈까 하면서 노래 흥얼거리면서 가는데 2명이 따라붙으면서 예쁜 아가씨들 많아요 ㅇㅈㄹ 진짜 놀랐다 그리고 노래방비가 3만원임 근처에 코노가 없어서 그냥 3만원 내고 부름,96,2023-06-20T01:22:57Z
vfH-9h5Gg_c,UgweKwKrtnLnReqcaVd4AaABAg,@Kim45-f9p,"하토표기는 단랸 2종임 캔맥말고 병맥 나오죠~
방이나  연습장은 3종 캔나오나 요즘은  따지지 않고
업소 자유대로도 많이 하는듯",22,2025-04-27T08:23:29Z
vfH-9h5Gg_c,Ugxh-tiwJeU87tHeUXZ4AaABAg,@Ftghjj-c2z,생방도 봣지만 이 날 폼조앗음 ㅋㅋㅋㅋ전엔 부부먹방 브이로그 같다면 인방같앗음 이날은,1,2026-01-18T23:06:30Z
vfH-9h5Gg_c,Ugxhe3mN53EFzRjwDsJ4AaABAg,@Menniprincess12,오 음악산업진흥법상 말하실때 나오는곳 제 집 주변에 있는곳이에요!,7,2023-10-31T10:18:51Z
vfH-9h5Gg_c,Ugx3QxgYa9F6iiMnshB4AaABAg,@이지환-u9i,항시대기 ㅋㅋㅋㅋㅋ,1,2026-05-06T10:02:13Z
vfH-9h5Gg_c,Ugw0QwUl5DwW_GHkQSt4AaABAg,@신동일-j1f,아니 이런 훌륭한 정보가... 그런데를 찾아야겠구나.,0,2026-07-04T20:05:22Z
vfH-9h5Gg_c,Ugz-TmYwa2zSyr48qhR4AaABAg,@레안_0708,노래클럽이나 노래광장도 유흥업소인가요?,14,2023-07-04T07:47:21Z
vfH-9h5Gg_c,Ugz0tGEfHT7dD0H8v8t4AaABAg,@정현자-h7i,냅둬라   !!,1,2025-10-05T08:04:02Z
vfH-9h5Gg_c,UgzK1Gr8yRMcnbTj6up4AaABAg,@팔도비비면-z2r,1종  인데 2종으로 꼼수쓰는거지,1,2026-02-11T11:23:41Z
vfH-9h5Gg_c,UgyWpRrA08VIMHv77dF4AaABAg,@huuj98888,"저런곳에 건전마사지. 가게가 있던데,그곳도 업소인가요????",0,2025-11-01T13:51:48Z
vfH-9h5Gg_c,UgyJ3ZfOMgW5OcD4dQp4AaABAg,@김짱구-m6h,노래방과 노래연습장은 엄연히 다르다 노래방은 옛 단란주정을 말하고 스킨쉽과 T끈고 2차를 가는 곳이고 노래연습장은 도우미 데리고 놀다 2차를 가기 위한 곳이다.,1,2025-08-14T09:45:25Z
vfH-9h5Gg_c,Ugy89gpWlaYNKxdEuyB4AaABAg,@소미-st.awy_x,락휴는 그대로이건데뇨,1,2025-11-26T10:21:02Z
vfH-9h5Gg_c,UgyVP01GJ7QLTIGzFkp4AaABAg,@7조용시청남7,걍 합법화 해  고령화 에  1인가구 시대에 하이쿠,0,2025-08-01T16:34:26Z
vfH-9h5Gg_c,UgxqMzDdselK401rso94AaABAg,@kalsae777,이차 안가면 안감다고,0,2025-11-27T04:03:01Z
vfH-9h5Gg_c,Ugyd0kgpUNkORhHTEjR4AaABAg,@공뿐이,노래방이던 연습장이던 5만원주면 바로노래방 빈방에가서 맥주로 거시기 씻고 쇼파에서 함  에이 ㄷㅌㄷ여긴 울산 전부다그럼😢,19,2023-12-24T15:28:47Z
vfH-9h5Gg_c,UgxGPARfB2p6zzgjC194AaABAg,@정현자-h7i,"세상이       순수가  어디 남아있노  ?
급부상하고   양극화가심해져서  먹고살아야하는데  돈있는인간들    돈좀쓰라해라",0,2025-10-05T08:13:29Z
vfH-9h5Gg_c,Ugxn3rZfRbDPQYZPrKV4AaABAg,@슈테판-u8k,노래밤,1,2026-06-20T19:50:56Z
vfH-9h5Gg_c,UgwKD2-6xdtvvX2gzxV4AaABAg,@김짱구-m6h,옛날에는 술한잔 먹으면 한번씩 했는데 요즈음은 T돈 끈고 2차를 나간다 T라는 것은 영업을 못하는 시간을 미리 계산하는 것을 T라 한다.,1,2025-08-14T09:49:16Z
vfH-9h5Gg_c,Ugw4a7FEuthIHBjmy9x4AaABAg,@들꽃아이-c5p,노래방이건 노래연습장이건 똑같은노래방이니까 크게 상관하지말자,0,2025-08-20T23:05:39Z
vfH-9h5Gg_c,UgxEb_q2Hte1sCPutfZ4AaABAg,@아아-y5z6b,무슨 개소리지? 3종이 노래연습장. 주류 허가를 받지않는곳 2종 단란주점 주류허가를 받고 노래방이란 명칭사용.단 주류파는곳과 노래부르는곳을 분리시켜야됨. 1종 유흥주점 도우미 주류 합법인곳. 1종이 그런데 기본양주세트라서 유흥주점 이라고 간판달면 손님들이 비싼곳이라고 잘안와서 노래방과 유사하게 노래바 노래홀 노래주점 음악홀 이런간판을씀.,6,2025-08-11T14:02:13Z
vfH-9h5Gg_c,UgyA_pEDtVrdzdyOqBp4AaABAg,@syk3213,나 가고싶어......,3,2023-06-24T02:12:49Z
vfH-9h5Gg_c,UgzLlAitpLQkS2fvyM54AaABAg,@황반꿀,온천장 아바타노래방 가지마세요,0,2026-02-01T08:47:34Z
vfH-9h5Gg_c,UgyuFC6e_FKo7bp6pa14AaABAg,@Rora-queen-5678,여자가 가서 혼자 노래불러도 그런 여자들이 오나요? 노래방을 인생에서 단한번도 가보지 않아서요,0,2026-03-15T08:52:41Z
vfH-9h5Gg_c,UgxgyQG_rck5ocXMU0N4AaABAg,@happydame,"문득 궁금했던 왜 하트가 있지?였는데
영상보고 명확해졌어요🤓",0,2025-12-23T10:08:07Z
vfH-9h5Gg_c,UgwKurbQmEL0hyfwu8x4AaABAg,@정현자-h7i,"얼마나  살기좋은  나라냐  
할아버지       늙은  흰머리허연  인간들      늙어  누가받아주노    
돈못써     안달나 디지는데       돈 겁나    들고 가면  오빠  오빠    
겁나  좋아한다",0,2025-10-05T08:11:33Z
vfH-9h5Gg_c,Ugwkpylg8pph3FGzllV4AaABAg,@zi.9xan,노인 코래방은요?,11,2023-08-26T05:32:06Z
vfH-9h5Gg_c,Ugyb9oy9P5O5dwNsZ3x4AaABAg,@파란-u3m,"뭔 헛 소리여~ㅋ
노래방에서만 1억은 썻다.
노래연습장은 3종 술 판매금지
(근데 캔맥주나 안주 몰래 다 팔지 ㅎ
안팔면 장사 안됨) 
노래방은 2종부터 술 판매 허용
(병 맥주 나옴)
1종은 세금 비싸고 접대도 가능함
근데 대부분이 2~3종이 많지
단속 걸리면 재수없으면 영업정지 당하고 또 장사하는게 이 바닥이여~~
아무데나 들어가도 코인 노래방 아니면 다 비슷함 도우미 불러줌 ㅎ
내가 사는곳이 24시 전국탑 화곡동이여~~
아가씨는 생초 2~30대
생점 40대 점초 50대 
손님 나이보고 주인이 보도방 전화해서 부르면
아가씨 오지 ㅎ 근데 오래 놀지마
10년 어린 애랑 살아도 봤는데 그 습관 못고친다.ㅠ.
아직도 여러군대 생기는데 노래연습장 간판 안쓴다.",3,2025-12-23T11:25:04Z
M-x_-EUgt3Y,UgwILBHhnVNfjfKpPbN4AaABAg,@Miso-j2w,체력 약하신 분들은 지정석 필수에요. 의료팀으로 일한 간호사인데 스탠딩에서 뛰다가 틸진해서 쓰러져서 오는 사람들 엄청 많아요,207,2023-07-06T06:14:02Z
M-x_-EUgt3Y,UgzB-gA_lSc6kTZfVfh4AaABAg,@we_justmusic,"오늘 흠뻑쇼 첫공 다녀왔습니다 
잠실로 가시는 스탠딩석 분들은
본공연 다 끝나고 앵콜 메들리 부분 들어갈때쯤에 뒤로 나와서 스탠딩 끝부분에서 한번 즐겨보세요 ㅋㅋㅋ 엄청 넓어서 그쪽은 그냥 클럽수준입니다 
스탠딩에서 빽빽하게 점프만 하다가 뒤에서 널널하게 원하는 춤 다 춰도됌 ㅋㅋㅋ
 따라만 할 수 있으면 싸이가 하는 안무 싹다 가능 ㅋㅋ 물도 그쪽까지 다 뿌려주기도 해요!!!",290,2023-06-30T16:36:37Z
M-x_-EUgt3Y,UgzeCJt6ETMh75XQ0Cx4AaABAg,@HAPPY-cj9wm,"지정석은   놉놉놉.. 밑에 열기 . 시원함 느껴보시면 
뒤로 못감요 😊",27,2023-08-30T09:00:46Z
M-x_-EUgt3Y,Ugy9eNyqnhUnqRd91HB4AaABAg,@jerry_tomtree,올해가면 3번째인데 스탠딩말고는 시도조차 안해봤어요ㅋㅋㅋㅋㅋ 스탠딩 짱!,152,2023-06-21T17:04:47Z
M-x_-EUgt3Y,UgyRwjG5T98Il4---Rh4AaABAg,@salcazoid,들은 얘기론 흠뻑쇼 5-6시간 공연한다고 함. 싸이 체력 개쩐다. 40넘은 나이에 5-6시간동안 춤추고 노래하면... 그것도 온 체력 다 쏟이서,209,2023-06-20T18:34:33Z
M-x_-EUgt3Y,Ugzwzekr59vP1oDZXCh4AaABAg,@hansome-raccoon,제가 지정석 두번에 스탠딩 100번째로 거의 맨앞 가봤는데요 솔직히 재미로는 스탠딩이 더 재밌습니다 물론 공연 2시간정도까지요.. 재밌긴 끝까지 재밌는데 너무 힘들어요ㅠㅠㅠㅠㅠ 화장실도 못가고요 다리가 너무 아파요 그래서 그 다음부터는 지정석만.. 스탠딩 다시 가고 싶긴 한데 도저히 감당이 안될 것 같아서 못갑니다.. 근데 지정석도 진짜 재밌어요!! 처음에 지정석은 물 안올줄 알았는데 진짜 많이 와요 그리고 무엇보다 즐길때 즐기고 쉴때 쉴 수 있어서 좋습니다,26,2024-07-05T16:06:30Z
M-x_-EUgt3Y,UgzT4SSww1SoaX3o4_p4AaABAg,@ggimsung98-gj,"진정함 흠뻑쇼는 스탠딩임
담달까지 포함하면 3번짼데 스탠딩이 진리에요~!",232,2023-06-18T10:50:22Z
M-x_-EUgt3Y,UgyjlsdB7IcCtZda_2l4AaABAg,@kuinmo5591,개인마다 다르긴 하겠지만 지정석 스탠딩 다 가본사람인데 저는 스탠딩이 더 신나더라구요,58,2023-06-12T11:32:02Z
M-x_-EUgt3Y,UgxNFl7JMWz0YE74ABB4AaABAg,@Jammanbo123,"4번갔는데 지정석은 처음가고 안갑니다ㅠㅠㅠ
스탠딩 뛸때 열기 한번에 올라가는게 너무 좋아서ㅠ",3,2025-06-17T02:47:15Z
M-x_-EUgt3Y,UgykUOpmoc4zPv3dO8J4AaABAg,@YG-Repositories,"싸이공연 5번째갑니다 올나잇스탠드 포함 
그냥 스탠딩이최곱니당!",43,2023-08-07T09:04:00Z
M-x_-EUgt3Y,UgxKWbYd83lMi1HcAS54AaABAg,@CatDog91,3. 흠뻑쇼는 스탠딩입니다!!,9,2023-08-14T14:52:17Z
M-x_-EUgt3Y,UgzHaDFFykBETvE3UjR4AaABAg,@김하온-e1t,지정석이 더 좋다니... 무조건 스탠딩입니당 흠뻑쇼는,55,2023-06-28T00:07:25Z
M-x_-EUgt3Y,UgzGf9Vg-rVYfs1nr5p4AaABAg,@해물파전-z2g,다른건 인정하지만 지정석이 더 좋다는건…ㅋㅋㅋㅋㅋ흠뻑쇼는 스탠딩임 흠뻑쇼에서 스탠딩이랑 지정석은 그냥 다른 공연임,6,2025-06-29T16:21:51Z
M-x_-EUgt3Y,Ugwh-n1eaFNnUWDEmo14AaABAg,@0nepunman,"지정석이 더 좋음ㅋㅋㅋㅋㅋㅋㅋㅋ
지 주관적인 의견을 사실인냥 적어놨네",5,2023-07-20T13:49:13Z
M-x_-EUgt3Y,Ugxajm3Q2lEcGPXjD5B4AaABAg,@naplo_33,에이~스탠딩이짘ㅋㅋㅋㅋㅋ 지정석은 체력 안좋은 분들 추천 ㅋㅋㅋㅋㅋ 체력좋으면 무조건 스탠딩가서 미친듯이 뛰어야되!!!ㅋㅋㅋ,18,2023-06-20T10:38:57Z
M-x_-EUgt3Y,Ugxh_Ncd7psWUdbXrpV4AaABAg,@glassjoy1231,본공연은 스탠딩 앞에서! 앵콜부턴 스탠딩 뒤에서 보면 짱 재밌습니다아 스탠딩 뒤 뭔 재미냐구요? 여기선 앉아서도 보고 놀면서도 보고 너무 좋아요:),0,2026-05-28T03:56:22Z
M-x_-EUgt3Y,UgyiFXYbWW2WwKjakqB4AaABAg,@밈미-w4y,크록스도~😂,5,2023-06-14T08:58:04Z
M-x_-EUgt3Y,UgwVTYbwG6WKzKAvKP94AaABAg,@hjeong0415,"흠뻑쇼눈 스탠딩이죠 ㅋㅋ 둘다 가봤는데 스탠딩이 훨씬 재밌었어요
물론 체력 안 되시는 분들은 지정석이 맞습니다",1,2026-06-12T18:49:56Z
M-x_-EUgt3Y,Ugy5tVRAz3-X_ElXKTt4AaABAg,@고장난8톤트럭0,스탠딩짱,6,2023-06-23T08:39:06Z
M-x_-EUgt3Y,Ugy5OFbuBN_ONXK63Oh4AaABAg,@벚꽃엔딩-p2r,금욜갈가봐요 토일 누워있게. 시작도 안했는데 겁나네,2,2023-06-23T12:34:12Z
M-x_-EUgt3Y,UgzeUcytqro-mk_lNU94AaABAg,@theonlything8108,스탠딩 예매했는데요?!ㅡㅜ 다른분 글보니 안심 큭,4,2023-06-19T12:43:03Z
M-x_-EUgt3Y,UgySs8a3rYISNaWqIxF4AaABAg,@tidndofis7,체력이 있다면 스탠딩이 진리입니다 물론 난 체력이 약하다 하시는 분들은 비추천입니다 시작하자마자 실려 나가는 사람 여럿봤거든요😅,1,2024-06-16T05:47:22Z
M-x_-EUgt3Y,UgyGeaShDtFXs31u54Z4AaABAg,@백열매-u6m,우비 필수인가요?,0,2026-06-16T14:23:31Z
M-x_-EUgt3Y,UgwfCg8Ssc9q5KZis1x4AaABAg,@sojin2486,저는 흠뻑쇼는 스탠딩 올나잇은 지정석 파 😂😂😂,0,2024-08-10T13:53:52Z
M-x_-EUgt3Y,UgxpX5_qkAi2HEWRPgd4AaABAg,@ht5u-l9x,"흠뻑쇼 오래 유지 했음 좋겠다
싸이 은퇴해도 누군가가 이어서",5,2023-07-13T03:25:02Z
M-x_-EUgt3Y,UgydvM8aT_6Oj7aE9ZJ4AaABAg,@박현진-g4m5x,"자기.체력 테스트 해보고 싶으면
격투기 복싱 MMA 스파링이나
흠뻑쇼에 가보면 알 수 있다",4,2023-07-13T20:06:11Z
M-x_-EUgt3Y,UgwGv-QTS9HeZdAmyFJ4AaABAg,@jjubi-h7x,아..진짜. .한번 혼자라도 가야겠닼ㅋㅋㅋ언제하지.,4,2024-01-15T08:14:01Z
M-x_-EUgt3Y,UgyEVImA2ixwLo6z6714AaABAg,@우라늄캔디,지정석 자리없어서 스탠딩으로ㅠㅠ 8월 예예!!,0,2024-06-25T06:13:17Z
M-x_-EUgt3Y,Ugy5nP3USYjm4apmWIJ4AaABAg,@Hiiii_0,"스탠딩 한번 가고 지정석 두번 가봤는데
지정석이 그냥 최곱니다!!! 스탠딩 펜스 못잡을가같음 바로 지정석 ㄱ",1,2024-07-31T14:19:28Z
M-x_-EUgt3Y,Ugz3DQvHt1yHHIijtAV4AaABAg,@망주커플,혹시 상의 정보 좀 알 수 있을까용??,3,2023-08-07T05:06:08Z
1aSr_pQ83D4,UgxXTehEofaQ5qISUPJ4AaABAg,@보니-x5h,모자귀엽~영상 잘 찍으시네요~,0,2022-08-22T00:12:28Z
e-hjtGju9Lc,UgzNoi7_WNPdQxkK0Op4AaABAg,@topclassTV,"🔥클럽에 대한 모든 정보가 여기에🔥
클러버들과 소통하는 가장 스마트한 방법 
탑클 커뮤니티로 초대합니다.
https://bit.ly/clubcommunity",1,2022-04-13T10:46:22Z
J1i5t3opjvA,Ugywzi6JpTn27w8wO2p4AaABAg,@뀨삥-j8w,나도 라섹인데 3일동안 누가 내 눈꺼풀 까집고 다진마늘 넣은 줄 알았음 진짜 개아파서 오지게 후회했는데 3일후에 눈 떠보니까 뭔 아틀란티스 세상 온 것 마냥 신세계였음 안경으로는 보지못하는 선명한 세계,59744,2022-10-03T08:27:32Z
J1i5t3opjvA,UgxKgaqrcqtWjOozl5x4AaABAg,@soon7960,아픈것보다 폰못하는게 제일 슬펐음ㅋㅋㅋ 심심해서 평생 안듣던 라디오를 들을정도,14959,2022-10-03T08:36:39Z
J1i5t3opjvA,UgyKKY8AGKLE44dgint4AaABAg,@user-nawon,"아 진짜 ㄹㅇ.... 난 4일동안 아팠는데 너무 아파서 4일차에 병원 갔었음ㅋㅋㅋㅋㅋㅋ
카운터에서 펑펑 울면서 수술 잘못된거 아니에여....?.????.?? 이러니까 엄청 놀라시면서 진료실(?)로 바로 들여보내줌ㅋㅋㅋㅋ
내가 너무 아프다고 계속 우니까 의사쌤이랑 간호사님 다 웃으시면서 원래 라섹은 좀 아프다고 참으래서 일단 걍 집에 왔는데
아무리 생각해도 이건 아닌 것 같아서 나 이제 눈 잘못된다고 엄마ㅠㅠ 엄마 얼굴 보고싶어ㅓㅠㅠㅠㅠ 수술 전에 맘껏 봐둘걸ㅠㅠㅠㅠ 이러면서 꺼이꺼이 울다가 (엄마는 나 이러는거 무시함)
다음날 광명 찾음ㅋㅋㅋㅋㅋㅋㅋㅋㅋㅋㅋ",6876,2023-08-24T14:41:57Z
J1i5t3opjvA,UgxtpYCX9M3uMXyfneR4AaABAg,@Tokkitokki2,"저거 너무 ㄹㅇ임 ㅋㅋㅋㅋ큐ㅠㅠㅠㅠ 눈물이 질질나서 3일간 개고생....
그리고 저 불빛 보기 전에, 두둗두두하면서 각막깎는것도 있는데 마취돼서 아프진 않지만 그.... 뭔가 시리고 기분이 너무너무너무너무 다시는 느끼고싶지않은 느낌 ㅠㅠ😭",5968,2022-10-03T08:25:58Z
J1i5t3opjvA,Ugz9IaT6LMu91BX2zz94AaABAg,@fig06,진짜... 진자 개ㅡㅡㅡㅡㅡㅡㅡㅡ아픕니다... 이틀에서 3일째가 진심 죽고싶음..... 눈에서 눈물 계속 나고 너무 아픈데 뭘 할수가 없으니까 걍 계속 울기만 하고 밥도 제대로 못먹고 계속 침대에 누워있고 그 며칠동안 휴지곽을 몇 통을 썼는지 모르겠음 ... ㅠㅜ 물론 4일째에 그동안 왜 그난리 쳤는지 싶을 정도로 완전 멀쩡해져서 ㅋㅋㅋ 하 근데 다시 생각해도 너무 심한 고통이었어요 ㅜㅜ 물론 안경쓰고 렌즈끼는 귀찮음이 훨씬 커서 다시 돌아간다해도 다시 할테지만요<....,4610,2022-10-03T10:35:57Z
J1i5t3opjvA,UgzyzSLE2jGq5Soy1eN4AaABAg,@20w00,라섹하면 한 3~4일? 정도 ㄹㅇ 개아픔 + 계속 눈물 나와서 눈 부음;; 다신 경험하고 싶지 않은 고통이었어...,5958,2022-10-03T08:19:32Z
J1i5t3opjvA,UgxFffuHSMtGtRbyMF54AaABAg,@AxjJ02jsqqZ,눈이 건강하다는게 정말 축복인듯합니다...,13448,2022-10-08T00:21:35Z
J1i5t3opjvA,UgyjGxFl885pnlTrfJd4AaABAg,@접음-z2f,'잠깐만!!이렇게 본격적이라고?!  난 아직 마음의 준비가...' 넘 커엽,1947,2023-03-18T04:19:54Z
J1i5t3opjvA,Ugx7L250DWLxXQdEWZB4AaABAg,@g7o-x8b,진짜 라섹은 딱 3일이 지옥 그 자체..... 누가 내 눈 안에 모래 넣고 문지르는 느낌 나고 눈물 줄줄 붕어로 살다가.. 4일째 아침에 눈 번쩍 떠지고 광명 찾음...,16738,2022-10-03T08:54:31Z
J1i5t3opjvA,Ugykt6Lu4caxxMm94Hl4AaABAg,@aaabbbcccddd11-e5f,"ㅋㅋㅋㅋㅋㅋㅋ안과직원으로써 진짜 귀엽고 웃긴 영상ㅋㅋㅋㅋㅋㅋㅠㅠ다들 눈감을 걱정은 절대 안하셔도됩니다..!! 원장님들도 계속 말씀 하실거고 눈 못감게 기구로 벌리고있어용 그리구 라섹 수술하시는 분들은 무조건 보호자 필수 !!!!!!!!! 혼자는 힘들어요!! 

+ 다들 라섹하고 광명 찾으세요♥️",8139,2022-10-03T08:26:37Z
J1i5t3opjvA,UgzjXHl20lFs07OO1jp4AaABAg,@october7721,요즘 기술이 좋아졌는지 전 무통라섹 했는데 진짜 전혀 안 아팠어요 걍 혼자 택시 타고 저벅저벅 집 갔음... 수술 안 된 줄 알 정도;.. 너무 심심해서 밤에 산책 다니고 그랬음... 요즘 안 아픈 사람도 많다니까 라섹 받으실 분들 너무 걱정하지 마세요ㅎㅎㅎ,618,2024-02-13T03:42:27Z
J1i5t3opjvA,UgyA8FC5OUvVHHNSibl4AaABAg,@sssddsdksd1925,한사람은 추천하고 안한사람은 비추천하는 기묘한 수술,13317,2022-12-14T18:28:14Z
J1i5t3opjvA,UgzApYtPLwwAjfTMC1h4AaABAg,@beautyfool,라섹... 사람마다 다르다곤 하지만 저는 진짜 아팠습니다 ㅠㅠㅠㅠ,5920,2022-10-03T08:20:36Z
J1i5t3opjvA,UgwGV41R_IHYfrE4put4AaABAg,@aronstaff79,라섹수술하고 나왔는데 딱 그 순간에 그 병원에 조인성 왔었다..뵈는게 없어서 그를 못 봤지...보호자였던 언니만 개신난 날..ㅠㅜ,434,2023-09-05T12:04:02Z
J1i5t3opjvA,UgxxW4j-__mZHfpCTf94AaABAg,@0Zooyoung,"라섹한 사람입니다 3일동안 진짜 샤워도 하지말라 그래서 진짜 죽은 듯이 시간을 보냈는데...
드디어 3일이란 시간이 흐르고 눈을 떴을 때... 이렇게 선명한 세상은 진짜 본 적이 없을 정도로 신기했음... 전에 안경 쓰던거랑 색감도 다르게 보이고 암튼 진짜 신기했음

근데 더 신기한건

일주일 뒤에 각막보호렌즈 빼고 완전 회복 후는 걍 존나 미침... 세상에 존나 아름다움 진짜로 막 눈물 나올 거 같았음....",12878,2022-10-09T15:37:44Z
J1i5t3opjvA,UgyIz9hT5515u0VLr1x4AaABAg,@yyjup7664,ㅋㅋㅋㅋㅋㅋㅋㅋㅋㅋ 남자목소리 진짜 킹받고 웃겨요...,1752,2022-10-03T08:26:32Z
J1i5t3opjvA,UgypWwS-DDasb6L-xM94AaABAg,@유앙겔리온,"시력 2.0, 1.5 인 축복받은 사람입니다. 옛날에 친한 언니가 라식수술 할때 보호자로 가서 3일간 간병해 줬는데... 진짜 너무 아파하는 모습에 저도 너무 힘들었거든요. 근데 몇일 지나고 눈 알이 새로 이식됐다는 소리에 함께 기뻐했는데 ... 이 영상 보니 너무 공감가네요. 여러분들 눈 건강 꼭 챙기세요~❤",1398,2023-03-30T16:07:26Z
J1i5t3opjvA,UgwPU5IxrUhRgnSX7294AaABAg,@rndrmagogkwlak__,"시력 겁나 나빠서 맨날 눈,코,입 따로따로 보다가 조합된 얼굴을 선명하게 처음 봤을때 충격을 아직도 잊을 수 없음,, 그래도 라섹한게 살면서 제일 잘한 일 중 하나임ㅋㅋㅋㅋ",2009,2022-10-03T11:13:50Z
J1i5t3opjvA,UgyTSoz6JBivqfTisv14AaABAg,@아가취가욥,하 진짜 진짜 진짜 개애애애애애애애애아파서 눈 뽑아버리고 싶었음 하루종일 라디오 틀어놓고 암막커튼 쳐서 그 깜깜한 방에 고독하게 누워있고 진짜 가족들 오기만을 기다렸음 그치만 지금은 제일 좋음 안경..이 뭐지?,539,2022-10-03T09:25:10Z
J1i5t3opjvA,UgxxOG17wKb8RX1tcTx4AaABAg,@jjy9009,진짜 자면서도 눈이 아파서 꿈속에서도 눈이 아파서 울면서 깸 잠을 자도 아프고 눈을떠도 감아도 아픔 그러다 3일째 되는날 기적같이 안아프면서 내가 여태 살던 세상이 이랬다고...?? 그리고 거울보고 안경없는 생얼보고 개놀램,13,2025-03-27T10:46:24Z
J1i5t3opjvA,Ugz38gsJ03YnD6dInAV4AaABAg,@satsmm_0226,라섹하면 신기한게 아침에 일어나면 항상 뿌했던 방안이 너무 잘보임ㅋㅋㅋㅋㅋ 그리고 갠적으로 좋은점은 롯월가서 혜성특급타는데 내부가 잘보이는겈ㅋㅋㅋㅋ 항상 안경 벗고타서 아무것도 안보였는데 보이니까 신세계,731,2022-10-03T10:11:21Z
J1i5t3opjvA,Ugx9XyA0qHYknX-zNBx4AaABAg,@앨리스-j4c,진짜 인정임ㅋㅌㅋㅋ저도 3일때까지는 집 전체가 거의 뱀파이어집처럼 암막커튼 해놓고 티비고 꺼놓고 라디오만 들으면서 살았어옄ㅌㅋㅋㅋ 밥 먹을때도 불 끄고 먹음ㅋㅌㅋ,595,2022-10-03T08:33:01Z
J1i5t3opjvA,UgyXHv_XgWf219rb69x4AaABAg,@user-bbang8888,2일차 지금 나만 이런가 싶어서 썬글라스 끼고 눈 반만 뜨고 이거 다시 보러 옴 하루만 더 참아보자....,16,2025-01-06T04:40:55Z
J1i5t3opjvA,UgxR48Xvpx-TpCs_9Kt4AaABAg,@user-SangJiMin,눈 감고 싶어서 눈꺼풀 부르르떨림 ㅠㅠ ㅋㅋㅋ,474,2022-10-03T08:21:06Z
J1i5t3opjvA,Ugxtdz_lhv0wTtUaO2R4AaABAg,@양갱이-d1w,라섹했는데 라식하신분들은 다혼자 걸어나오시고 라섹하신분들은 다 기어나옴요 ㅋㅋㅋㅋㅋ😂,1481,2022-10-08T00:50:16Z
J1i5t3opjvA,UgyRxYoKW-wRd5Pv2gh4AaABAg,@Se0ny,"지금 고3으로서는 3일 아픈 것쯤이야..싶음
빨리 대학 붙고 라섹 수술 받는다 꼭…!😢",74,2023-07-22T15:44:55Z
J1i5t3opjvA,UgxzujVvgPqJozf9G0l4AaABAg,@나다시박,"라식은 하루만 아팠어요ㅠㅠ 라섹하신 분들 넘 대단 ㅠ
수술할 때 불빛 계속 잘 보고잇는데 딴데보면 안된다고 엄청 다급하게 그러셔서 개무서웠는데",382,2022-10-03T12:23:29Z
J1i5t3opjvA,UgzPz9eCKzMqc_--cDR4AaABAg,@scaryturtle,"라섹에 대해 다들 무서운 반응이군 !
나는 수술 당일 1시간만 아프고 이틀 째 넘어가는 밤에 잠깐 아파서 너무 아프면 소량만 넣으라는 진통제 한 번 넣고 말았음 ㅎㅎ 타이레놀만 먹으면 그냥 완전 괜찮았고
심지어 올타임 눈 뜨고 생활 가능해서 걍 일상생활 다 함. 고통은 케바케입니다",2709,2022-10-07T08:12:18Z
J1i5t3opjvA,Ugw0DVPI6S4-WWmR_LZ4AaABAg,@ssj9456,라섹하고 목욕탕갓는데 새삼스럽게 발가벗은 모습들이 너무 잘보여서 민망햇음 ㅠ 수술전에 흐릿하던 모습만 보고 살아와서 눈좋은사람시점은 생각도 못햇어요ㅠ,26,2023-05-07T07:54:24Z
J1i5t3opjvA,Ugwi2J7VKJ5K1tuNLxZ4AaABAg,@kimBomji,님들 의사쌤이 세수하지말라고 할텐데 진짜 말 꼭들으세요. 저는 말안듣고 벅벅세수하다가 그날은 괜찮았는데 자고 인나니 각막찢어져서 눈꼽땜에 눈도안떠지고 다시치료받고 일주일 누워만있었음ㅋㅋㅋ,1455,2022-10-07T18:39:29Z
Gkg8iGQOcVs,UgzgyX05Q3lE5TQxSuV4AaABAg,@이현덕-h3d,이건미숙이아니라 면허증 다시 따야할듯,2206,2024-09-13T01:36:23Z
Gkg8iGQOcVs,UgwnQWMEdNqx2T2GcRN4AaABAg,@Wintopcap,가드박는것도  모자라  다른 바이크추돌에다  몸소 몸연기까지  존나  카리스마있어,850,2024-10-05T02:33:24Z
Gkg8iGQOcVs,UgzgpCrsf8xyNkY4tlN4AaABAg,@GRS9123,유명 라이딩 코스에는 깊은 코너에 바이크를 세워두면 새 차를 뽑을 수 있다고 한다. 나는 이 이야기를 참 좋아한다,506,2025-02-19T20:44:45Z
Gkg8iGQOcVs,Ugx37DMJfLoXOksB1p14AaABAg,@조효성-z3n,슬라럼을 못하면 땡기지를 말고 코너를 못 누울꺼 같으면 속도를 줄이던 선택을 해야 하는데 상황판단하는 반응이 저렇게 느리면 바이크타다 죽을수도 있는데...,193,2025-05-22T19:54:57Z
Gkg8iGQOcVs,UgxEu1-p3Trmbxd7LkV4AaABAg,@미니-e4o,가드레일의 쾌유를 빕니다,895,2024-09-13T12:11:32Z
Gkg8iGQOcVs,UgwK2lHOk7Ds6u-XQW14AaABAg,@비의향-r2j,앞으로 코미디언으로 성장 가능성이 매우 큽니다. 자자 박수 부탁드립니다.😄👍🏻,203,2024-09-16T18:28:46Z
Gkg8iGQOcVs,Ugxnv7ji5T7VJFIkzUJ4AaABAg,@ghyun6337,자꾸 보게 되네.. 중독성있음,41,2025-06-22T11:41:33Z
Gkg8iGQOcVs,UgwOnk0Ni0U-t1TOpod4AaABAg,@KGW-e3l3y,술을 과하게 먹은게 아니라면 중증 정신분열 정도 장착해야 가능한 퍼포먼스인데……,0,2026-06-14T12:51:14Z
Gkg8iGQOcVs,UgzOTA84hC_KsKHRVqZ4AaABAg,@wonderwall82,"처음에 속도를 충분히 줄이지 못해 긴장한 상태로 코너에 들어오고, 감당못할 진입속도와 생각보다 깊은 코너에 시선이 돌아가지 못해 밖으로 돌거 같고, 그러니 브레이크를 잡게되나 오히려 바이크가 서게되서 직진으로 가드레일 박고.. 남 일 같지 않아 맘이 아프다..",8,2024-09-23T08:34:06Z
Gkg8iGQOcVs,UgztffT8Xw_Kg6Hk1xJ4AaABAg,@dubyoo3847,코너가 저리 깊을거라고 생각 못한듯.. 코너타려면 기본적으로 코스를 알고 타야 저런상황을 면할수 있음,72,2024-10-16T16:27:44Z
Gkg8iGQOcVs,Ugzh1lyrZsfIjyb7MpB4AaABAg,@summerhot9522,"바이크 전문 지식과 스킬을 갖고 있는 것은 아니지만 오랫동안 생존한 라이더로서 한마디 하자면...
코너링시 사고의 원인 대부분은 과속임. 보통 자신감이 붙은 라이더가 코너를 돌때 속도는 생각안하고 뱅킹각을 많이 주며 코너를 돔. 
뱅킹각도 중요한 요소일 수 있지만 결국 눕힐 수 있는 각도의 한계가 존재하고 그에 맞는 속도의 상한도 존재하기 때문에 코너 진입시 중요한건 감속임.  코너링시에 사용되는 브레이킹 기술이 있다고만 알고 있지만 할줄도 모르고 잘못된 브레이킹을 했을때 하이사이드가 날 수 있다고 들은 적있어서 가급적 브레이크를 조심히 사용함.  때문에 진입전에 감속을 하면됨 까불지 말고
  
전문 지식과 스킬이 없는 일반 라이더일경우 속력을 줄이고 적당한 속도로 선회하는 것이 최고이며 잘 타는거임.",89,2025-04-26T07:58:51Z
Gkg8iGQOcVs,Ugyy3KODosBULqULr194AaABAg,@gs0-t4y,"저속도면 돌아갈거라 철석같이 믿고 도는데
점점 넓어지는 회전반경에 당황하면서 뇌가 일시정지 되면서 저렇게 되는겁니다
꼭저렇게 경험해야 배우는 사람들. 생각보다 만쵸 ㅎㅎㅎ",30,2025-02-19T13:29:15Z
Gkg8iGQOcVs,UgxrJyDdKuqRPVfaw6B4AaABAg,@깊은하늘-t5g,"코너 돌다 박은게 아니라 그냥 가서 박은거아님? 
기물파손으로 재판받아야될듯",520,2024-09-10T15:30:08Z
Gkg8iGQOcVs,Ugz_8pA5d-Ir0hjimMZ4AaABAg,@청개구리-x8o,아쉽네요... 담 기회엔 가도록 하세요,0,2026-06-09T07:28:26Z
Gkg8iGQOcVs,Ugw3RiCVEeog6BCFtr14AaABAg,@달탄중,우울했는데  한결 나아졌어요 감사합니다🙏,301,2024-09-14T08:11:18Z
Gkg8iGQOcVs,UgxeG0s73VjvUne8IG94AaABAg,@hysuneok-03,"인간은 시선이 가는쪽으로 자연스레 몸이 따라간다합니다.
항공사 파일럿들도 장애물은 절대 쳐다보지 않고 비행한다하죠.",106,2024-11-12T15:06:17Z
Gkg8iGQOcVs,Ugz9xe5dgC8vDD5eEWl4AaABAg,@끄아아앙-o9q,밥배달하는 사람입니다. 저거보단 잘 탈 거 같습니다.,221,2025-06-07T16:19:39Z
Gkg8iGQOcVs,UgwHZ-JPRomFCooWLYx4AaABAg,@이지민-s9d,대체 내가 뭘 보고 있는거지....시선 처리도 좋고...인코스로 진입도 했는데..왜 갑자기 직진으로 가서 들이 받는겨...돌다 미끄러지거나 어느정도 돌다 들이 받으면 이해라도 하겠는데...@_@;;,0,2026-06-22T04:28:42Z
Gkg8iGQOcVs,Ugyds8xvy_Z1bHod4pd4AaABAg,@큐큐라이더,그 양반 참 갈때도 예술로 가는구만,4,2024-09-16T06:21:48Z
Gkg8iGQOcVs,UgypEV6wLq8TIDaASNB4AaABAg,@Pibrizo-t6d,한번 누워볼려고 속도를 내봤는데 막상 코너 진입하고 보니 겁이나서 브레이크를 잡은듯,60,2024-09-25T15:28:21Z
Gkg8iGQOcVs,UgxlX-kA5ge1vPuTa4V4AaABAg,@김용태-n9c,순간적으로 예상했던것 보다 깊어서 몸이 굳으셨네요 ...,0,2026-06-26T06:39:38Z
Gkg8iGQOcVs,UgyPNsy0qo6ZptqtFIZ4AaABAg,@kkurng2,우리나라 아닌듯 하네요..번호판 색깔이 노란색인거 보니 베트남인듯..,37,2024-09-25T07:51:07Z
Gkg8iGQOcVs,UgwBDmAUjyok-wG9yAB4AaABAg,@김선생-l4e,왠지 기분이 좋아지는 영상,0,2026-06-29T06:41:32Z
Gkg8iGQOcVs,Ugw8BebtDB1WBq1ivV14AaABAg,@kennybae,진짜 코너타는법은 지인이든 라이딩 스쿨이든 배우고 타야함 진짜.,53,2024-09-21T10:06:45Z
Gkg8iGQOcVs,UgzVbDtFOkY6GEnkYdt4AaABAg,@junlee602,"집중하세요 여러분
저기 바닦에 페이트 절대 절대 절대 조심 조심하셔야해요",6,2024-09-25T04:43:36Z
Gkg8iGQOcVs,UgxDnDIeXTEQ3bVveLd4AaABAg,@블라인드-t9k,갈때도 아름답게 가시네,0,2025-06-21T06:59:23Z
Gkg8iGQOcVs,UgxjN7msYe4wAdifhrR4AaABAg,@자유대한-c6f,"비슷한 경험 다들 한번쯤은 있을것.
속도에 취하면 급코너에 대처하기 힘듬.
늘 확보된 시야 만큼만 감아야 안전함.",5,2025-02-06T11:30:37Z
Gkg8iGQOcVs,UgyWFxjubx02du36qeV4AaABAg,@나무-v4o,바이크도 자신이 감당할수 있는 기종을 탑시다. 바이크는 실제지 절대 장난감이 아닙니다.,15,2025-02-07T16:29:14Z
Gkg8iGQOcVs,UgzNsbPaox1T-zSyTCl4AaABAg,@김철민-h9r,잘한다 라이더  저런게. 인명사고 나게함. 치료하고 낫어면. 자전거 타고 다니어야함,11,2024-09-13T12:40:23Z
Gkg8iGQOcVs,UgyOgQkPZxRFFX10OlN4AaABAg,@bpteree,나 새벽 두부배달한다. 가방매고 두부가 망가지지않게 코너를 신속하게 빠져나간다.,0,2026-06-15T17:34:25Z
H3d4MYYxnWE,UgyeWTeh5vz6jOkYmiZ4AaABAg,@은경염-o7c,요섭이 예뻐요❤❤❤,1,2024-09-20T11:25:57Z
H3d4MYYxnWE,Ugw3H2ikaE-WQpBg7Y94AaABAg,@JR2-722,너무 부럽다...!!!!,2,2024-09-14T07:09:52Z
DUP_e3ZFpYc,UgwJ6SCcOC-kC3y7Uuh4AaABAg,@부돌이,0:50 카메라맨 지켜주는 갓브레인 💙🤍❤,107,2023-08-08T20:27:49Z
DUP_e3ZFpYc,UgyXl_HVJLU4laKz8Jd4AaABAg,@jhk5827,나사나수 같은 응원곡 갖고 있다는거는 정말 선수든 팬이든 뽕차도 됨… 케이리그 원탑 갓곡임…,43,2023-09-09T12:14:01Z
DUP_e3ZFpYc,UgwUeZWgCICY_CPIOzh4AaABAg,@파슨스-u2m,진짜 내가 사랑하는 구단을 떠나서 객관적으로도 존나 멋있는 구단이다,49,2024-04-16T11:53:31Z
DUP_e3ZFpYc,UgxugrL9UkEAijjEaHh4AaABAg,@jaecong91,제발 노브레인 오면 이기자 선수단 이것들아...,25,2023-08-08T00:22:11Z
DUP_e3ZFpYc,Ugw4yOq0aXez5qkhorN4AaABAg,@ilovecdg,수원삼성💙노브레인 우리 사랑 영원해..💙🤍❤,36,2023-08-07T23:02:05Z
DUP_e3ZFpYc,Ugzfuj14dvFVku57Vad4AaABAg,@검정색야생마,"다음에도 또 와주세요 

노브레인이 와서 진게 아니라 그냥 얘들이 못하는거에요 일말의 고민 없이 다음에도 와주세요 감사합니다",76,2023-08-07T23:35:41Z
DUP_e3ZFpYc,UgyHg3U3mb-w1UvK-5R4AaABAg,@l개랑복치,자주와셔서 오셨을땨 이기는 모습 보고싶어요ㅠㅜ 더운날에도 찾아와 주신 노브레인 형들 고마워요!!💙🤍❤️,37,2023-08-08T00:32:01Z
DUP_e3ZFpYc,UgwusvfQE7cWQZdnZLB4AaABAg,@njkim85,"진짜 노브레인 형님들의 나사나수는 전설이다.. 이만큼 내 뽕 차게 하는 응원가가 없다.. 수원의, 수원에 의한, 수원을 위한 응원가다..",181,2023-08-07T23:10:04Z
DUP_e3ZFpYc,UgyF7z44A7kGiCC-RiR4AaABAg,@BlueWingsSuwon,"노브레인 💙🤍❤️
수원삼성🔵⚪️🔴
땔래야 때수 없는 관계 
노브레인의 나사나수는 언제 들어도 레전드이고
노브레인의 수원의 전사들이여를 들을때마다 내안에 푸른피가 샘솓는 느낌을 받는다 
사랑한다 노브레인💙🤍❤️
사랑한다 수원🔵⚪️🔴",32,2023-08-08T01:56:53Z
DUP_e3ZFpYc,UgyQrbJAMvqMEsDy8FJ4AaABAg,@이승재-q7w7q,이번시즌 제발 한번오자,4,2026-03-14T10:59:07Z
DUP_e3ZFpYc,UgwS21QYN3qqQ0m2is94AaABAg,@pdsno1,"강원 팬이지만 술한잔 먹고 듣는 나사나수는 왜이렇게 사람 마음을 찡하게 만드는지...
수원 서퍼터스 여러분 힘내싶쇼. 강원팬들도 힘낼께요.",23,2023-10-22T07:23:53Z
DUP_e3ZFpYc,UgyMfCrpaXXB_Vw-rip4AaABAg,@축구덕후재민TV,수원월드컵경기장에서 노브레인 형님들이 나오다니.. 역시 미쳤네요.. 무대를 찢었습니다,21,2023-08-08T00:42:49Z
DUP_e3ZFpYc,Ugxz2LX5OfTOBnJaeW94AaABAg,@Neuv123,대구팬이어서 오늘 정말 즐거웠지만 반대로 수원 경기가 너무 실망스러웠습니다. 이기고 지는게 문제가 아니라 누구보다 급해야 하는 팀이 U자 빌드업이나 하면서 아무 생각 없이 볼 돌리다 무지성 롱패스만 반복하고. 이렇게 뜨거운 팬이 있는 팀이 이따위로 경기하는게 말이 됩니까. 적어도 팬들을 실망시키지는 말아야죠. 벨톨라 퇴장으로 40분이나 수적 우세를 점했으면서 너무 설렁설렁 하더라구요. 전술 문제가 큰건지 동기부여가 없어진건지. K리그 최고의 명문으로서 구단이 좀 더 책임감을 가졌으면 좋겠네요. 명문이 잘나가야 리그도 더 잘나가죠.,25,2023-09-17T10:13:50Z
DUP_e3ZFpYc,Ugzjhq6iIjPeDrRzkg94AaABAg,@Gloryman99,멋지다.   울산 팬인데  제가 수원팬이라면 이 영상 울면서 볼듯,9,2023-10-01T16:40:10Z
DUP_e3ZFpYc,UgxqRo--ive1efkXdMl4AaABAg,@블루윙즈짱먹어라,중꺾마 마음으로 앞으로도 계속 수원을 위해 와주세요 노브레인 승요될때까지 빅버드에서 기다려야지,18,2023-08-07T23:05:54Z
DUP_e3ZFpYc,UgwZrJ_lzDK0v8irv7J4AaABAg,@TV-cr8ti,전북팬이지만 수원의 전사들이여는 진짜 너무좋다,8,2023-09-03T13:38:32Z
DUP_e3ZFpYc,Ugx8YyXsPbTVAb3RVO14AaABAg,@bluewings1995-q4m,진짜 수뽕 차올랐음 감사합니다 :),13,2023-08-07T23:53:10Z
DUP_e3ZFpYc,Ugxejyy7j05mzI7gneh4AaABAg,@상어-q8o,이성우 보컬님은 진짜 노래를 사랑한다는게 느껴짐 모든 노래에 최선을 다해서 에너지를 쏟는 모습보면 안 반할 수가 없는듯 예나 지금이나 열정은 최소한 국내에서 만큼은 아무도 못따라갈듯 오래오래 노래해주세요 !!,17,2023-08-13T11:02:29Z
DUP_e3ZFpYc,Ugznw-FasK1mcbtkIFZ4AaABAg,@rotemchoboman,마산사람 NC팬인데 ㄹㅇ 성우햄 이 노래 하나만으로 수원삼성 입문 고려중,3,2024-10-06T04:17:11Z
DUP_e3ZFpYc,UgyEAoqKb-1YcVvFyRZ4AaABAg,@허슬제임스,이정효 노브레인뜨면  기저귀오링날듯ㅋㅋ,5,2026-01-02T22:55:41Z
DUP_e3ZFpYc,UgyWBlTi2apV3BUoUPd4AaABAg,@119_rescue,수원의 전사들이여 원래 경기시작전에 항상 틀어줬었는데 ㅠㅠ,1,2026-03-29T23:33:03Z
DUP_e3ZFpYc,Ugzx5p9Bpt2nmQtvb014AaABAg,@dh4y114,잡아주는거 쏘 스윗!!,7,2023-08-08T03:27:42Z
DUP_e3ZFpYc,Ugzoxo1rAgaqypcNBxF4AaABAg,@바우와우-b5t,"나의사랑 나의수원
오직 너만을 사랑해 !!!!!",2,2025-12-20T11:34:34Z
DUP_e3ZFpYc,Ugx2yzgigsJ7pKwdJVh4AaABAg,@현서이-s8r,지나가던 대구팬입니다 너무 멋져요 수원의 승격을 진심으로 응원하겠습니다.,15,2023-12-14T05:03:46Z
DUP_e3ZFpYc,Ugy0_vVS7DWy5xF39od4AaABAg,@아코디언-x7j,역대급 오프닝,8,2023-08-08T01:32:13Z
DUP_e3ZFpYc,UgyIHlStXytsThjJerp4AaABAg,@user-lpiytf,노브레인  관리 잘해서 할아버지 되어서도 와야해요💙🤍❤️🤣🤣🤣,5,2023-08-09T09:21:31Z
DUP_e3ZFpYc,UgytK79OYULczh_IX854AaABAg,@보딘이사라,"저날 겜보고 노브레인에 반하고 수원팬들에감동..수원블루윙즈 자존심을 잃지말길
강등권은 수원에 어울리지 않음
전주에 원정 가족들 응원갑니다 ..승리하자",10,2023-08-10T00:45:49Z
DUP_e3ZFpYc,UgxkreorSVTOEl_ZCiR4AaABAg,@김정은-e8e3t,전북팬인데 나사나수 넘 좋은거 인정,4,2024-05-17T02:04:05Z
DUP_e3ZFpYc,UgxkiM3dgW7pZmxKobV4AaABAg,@dopria6814,진짜 이날경기 이겼으면 평생 하루에 3번씩 조회수늘려줄수있었는데.. 진짜 반성해라 선수들은,2,2023-08-08T11:41:43Z
DUP_e3ZFpYc,UgwWq8D6Ds37aPYBRsd4AaABAg,@user-k129un38t,진짜 고마워요,5,2023-08-07T23:59:28Z
x2k4sC2u_6A,UgxtvMBMwOnbzj-EqSp4AaABAg,@ee0ee_202,오빠왔다~~💙💛💚💜😍 하이파이브님 영상은 우리 멤버들 넷을 한눈에 담을 수 있어서 좋아요 또 또 감사히 보았습니다!,15,2024-09-13T01:13:54Z
x2k4sC2u_6A,UgwgnfJh9ymFfAXA4Vp4AaABAg,@HighlightxBeast_LightxBeauty,"하이파이브님 영상 넘 감사해용🩶
동니 넘어질 뻔 한 거 보면서 심장철렁했다 ㅠㅠ
6:17 신곡을 이렇게 따라불러주는 게 정말 행복할 거 같오 두두 웃는 거 진짜 예쁘다
13:42 셋째형 멘트 시켜놓고 막내는 긴급회의 합류ㅋㅋㅋㅋㅋㅋㅋㅋ
13:54 앵콜 가능할지 체크하는 첫째
21:05 강강수월랰ㅋㅋㅋㅋㅋㅋ 얼찌말 기차도 그렇고 모든 건 다 첫째 머리속에서 나오는 아이디어인가봄 ㅋㅋㅋ
21:22 같이 하는 강강수월랰ㅋㅋㅋㅋㅋㅋ
라이트는 진짜 어디에나 있다 ㅋㅋㅋㅋㅋ 너무 유쾌한 영상이야 킬포가 넘 많닼ㅋㅋㅋㅋ",13,2024-09-13T01:54:53Z
x2k4sC2u_6A,Ugysq8BazNE8sugcwqR4AaABAg,@Mai-nz5gj,This is why Highlight live is the best esp Yoseob adlibs & highnote🥹🫰,3,2025-05-11T12:45:48Z
x2k4sC2u_6A,UgxDz4wvk7zKzSJOr7d4AaABAg,@옴뇽뇽-m3m,22:28 메보는 바쁘다 바빠 물마시랴 노래하랴💛,4,2024-09-19T21:54:57Z
x2k4sC2u_6A,UgzuzOcfmOCzl_vw9sJ4AaABAg,@yang갱-i9e2h,얼찌말 으쌰라으쌰부터 비오날 떼창까지 혹시 멤버들한테 들릴까 목터져라 지르고 온 보람이 있네요😊,6,2024-09-13T04:09:39Z
x2k4sC2u_6A,Ugz4J7hEiSMNBSwUFz54AaABAg,@khjjung0307,항상 영상 잘 보고 있습니다~ 감사해요~😊,8,2024-09-13T01:44:01Z
x2k4sC2u_6A,UgycQnv_l0B6FLX9WDt4AaABAg,@은경염-o7c,와 좋아요❤❤❤,6,2024-09-13T00:38:27Z
x2k4sC2u_6A,UgwU_JbJ8i13vWwoqo94AaABAg,@kiki2030,💙💛💚💜Thank for sharing🎉🫶🏻,3,2024-09-13T12:01:35Z
x2k4sC2u_6A,UgxU7GFUHmbMOPGYG_h4AaABAg,@정금자-e7t,0:06 0:06 오빠왔다~~💙 / 0:34  0:34 어우 오빠왔어요 💛,7,2024-09-13T02:35:57Z
x2k4sC2u_6A,UgytO3r_vSuoj5Znyux4AaABAg,@illbeyourhome,Woaaah yang yoseob 25:15 😯👏👏👏😍😍😍,7,2024-09-13T02:48:36Z
x2k4sC2u_6A,UgzlvB-uriGdm9fvtWx4AaABAg,@momamia87,OMG thanks for sharing.. Miss them so badly ❤,3,2024-09-18T06:26:34Z
x2k4sC2u_6A,UgzEe0Oz7S5um0hWAcx4AaABAg,@옴뇽뇽-m3m,15:35,4,2024-09-18T22:00:16Z
x2k4sC2u_6A,UgxP_ewmLXCiBnynzj94AaABAg,@옴뇽뇽-m3m,20:58 두주니가ㅜ손잡는거 뭐야 ㅋㅋㅋㅋㅋ그와중에 보컬 포기모태💛,4,2024-09-19T21:52:18Z
Jp-R9yk6hZU,UgxzaDbZuhj7FPjQ8jl4AaABAg,@샛별-q9w,"모든 사랑 노래는
이 분만의 특권처럼 인식된
로맨틱한 허스키의 임재범님 😊",2,2023-04-04T15:28:25Z
Jp-R9yk6hZU,UgyznR3WZa7LhOFWazh4AaABAg,@mingli8052,❤❤ 재범님은 사랑입니다~❤️‍🔥❤️‍🔥❤️‍🔥,1,2023-04-05T00:25:03Z
YHzHtlJyA6U,UgxpDMba10jdwdcjYJ94AaABAg,@유성희-i4j,"#박지현 님
지현님 윙크에 쓰러집니다 최고예용",26,2023-08-07T04:07:11Z
YHzHtlJyA6U,UgzSnadskGH8RWFaE_54AaABAg,@장필선-u4e,하는모습마다 다이뻐 지현이는사랑이예요,13,2023-08-07T12:21:40Z
YHzHtlJyA6U,UgxBXAefzGYmcoCwLmh4AaABAg,@현희조-e4p,#박지현 찐으로 사랑해 사랑해 사랑해 멋지다 빛나는 보석입니다 지현님이 있어서 나날이 행복합니다 응원할께요 사랑합니다,24,2023-08-07T06:27:47Z
YHzHtlJyA6U,UgzM1KtLShjlRLNJHAp4AaABAg,@목면-u5g,"#박지현 #찐이야
너무 짧아..ㅠㅠ 윙크 기억할게~ㅋ^^",25,2023-08-07T04:07:13Z
YHzHtlJyA6U,UgzYEFEuuUByLiC7f2R4AaABAg,@루비-g7q,"#박지현
언제봐도 찐찐찐 앤돌핀왕자님.
언제나 행복하신일들만 가지세요.사랑해요.",13,2023-08-07T19:10:07Z
YHzHtlJyA6U,UgzeFBbJ9JanjnpDPvR4AaABAg,@현이-o1b,#박지현님❤울.ㅡ왕자님.믿을사람.엔돌핀 팬 분들이랍니다.끝까지.응원합니다😅😅😅,9,2023-08-08T04:05:31Z
YHzHtlJyA6U,UgzMAo_njr4wHF24LZ14AaABAg,@aesukkim8964,#박지현 울지현 대한민국최고의가수,10,2023-08-07T15:10:38Z
YHzHtlJyA6U,UgwHKasjF5Sn3d31_Fl4AaABAg,@최명화-f4u,부산콘서트밧는데😢😢 나는박지현완전좋아요,8,2023-08-08T16:31:35Z
YHzHtlJyA6U,UgwuPugqE_rr3LPNy294AaABAg,@우달막-r3k,"재미있는  가수 박지현님 날날이 승승장구
하니 기쁜 좋아요  우리의  비타민입니다
최고의 가수 지현님 행복하세요
우리도 행복합니다 건강응원합니다",9,2023-08-09T07:57:48Z
YHzHtlJyA6U,UgyhoIc9BnmPCniYAN14AaABAg,@Coco-zn7wu,뭘해도 다이쁜 우리 사랑스러운 지현님❤❤❤❤❤❤❤,12,2023-08-07T12:31:38Z
YHzHtlJyA6U,UgyZZAVZv45nUrIJLZB4AaABAg,@박순옥-d7u,"#박지현
수원콘서트에서  멋잇는 모습 영상잘보고 있습니다 지현님 승승 장구하세요",6,2023-08-09T14:08:46Z
YHzHtlJyA6U,UgyRHppldsuDG2nbDD54AaABAg,@은물결-i8v,#박지현 살이 쏙빠졌네요  날씬한근육질의 멋진 남성으로 변해서 너무보기좋아요  가요계에 탑으로 우뚝서시길~♡,8,2023-08-09T08:58:49Z
YHzHtlJyA6U,UgzlnZ6uyfpbW2a8hvN4AaABAg,@최태옥-b5y,"미모가빛을발하네
박지현 넘매력있어",5,2023-08-14T20:01:28Z
YHzHtlJyA6U,Ugz4H445dOk5lSjM7Ep4AaABAg,@은희천-b1c,지현님 응원합니다  항상같이할게요❤❤❤,6,2023-08-12T22:35:15Z
YHzHtlJyA6U,UgyFMb-XB5t_UUsEARd4AaABAg,@김바다-q7o,박지현 찐팬예에요,3,2023-08-27T05:41:35Z
XiBCqwjosM8,Ugxj-bBl1By35ax494F4AaABAg,@namey70,마법의 순간을 함께 했습니다. kt위즈 팬이라 행복합니다.,341,2024-10-10T02:38:49Z
XiBCqwjosM8,UgygwlHWlMhO2UsLPfx4AaABAg,@akaka-akakakaka,두산도 두산인데 그냥 kt 존나 멋있네 시즌초 꼴아박았는데 기어코 5위 올라가서 업셋까지 해버리네,1120,2024-10-03T12:10:49Z
XiBCqwjosM8,Ugw6myvfMWI5uerVBuF4AaABAg,@lollol-bb7sv,거대한 마법이 잠실을 휘감습니다,137,2025-01-30T03:08:17Z
XiBCqwjosM8,Ugw32Fzsh3qn6n6Tift4AaABAg,@BBE24,마법사는 베어스를 테디베어로 만들었다…,122,2024-10-04T09:07:33Z
XiBCqwjosM8,UgzKg-HZvDtXCJyXUL94AaABAg,@라미러버,진심 야구보기 시작한직후 와카에서 업셋 나오는걸 볼줄은 예상도 못했음 10구단 된지 이제 10년차인데 한 15년 뒤에나 볼줄 알았는데 진짜 구단 닉값 지대로 하는듯 마법처럼 야구함,91,2025-05-28T13:19:01Z
XiBCqwjosM8,UgwNSU4XQvpQL3xKJgx4AaABAg,@norinyylove,시즌 초반에 꼴아박아도 KT위즈가 가을야구 못간다는 말은 절대 안믿는다 이제,450,2024-10-04T04:08:58Z
XiBCqwjosM8,UgyLOvXbysBNyQ3BxT14AaABAg,@살찐너구리-e6s,와 다시봐도 지린다 ㅋㅋㅋㅋ,63,2025-02-26T04:55:07Z
XiBCqwjosM8,Ugwki9lU01rke7GRS8d4AaABAg,@jml4773,케이티는 최근 코시갓던 팀임 이런 팀은 다 한큐가 잇음,72,2024-10-03T21:05:48Z
XiBCqwjosM8,UgwgVelwRA1PgpYLuDZ4AaABAg,@nacho_bo586,1차전 시즌내내 못이겨본 곽빈이었는데 이겨서 설마 2차전 이기겟어 ? 하고직관 갔던 기억난다,29,2025-06-05T07:23:35Z
XiBCqwjosM8,UgxaBRGIkPoFYjtKcKp4AaABAg,@체리체리-w4w,최초로 와카 준플 플오 진출하는 팀이 될 것 같다 KT,25,2024-10-10T13:42:41Z
XiBCqwjosM8,UgyGle4zcC7BcIksRbB4AaABAg,@ddagyu,역시 포시 kt사랑은 두산 ㅋㅋ,332,2024-10-03T10:03:16Z
XiBCqwjosM8,UgxAPIPIli9hU0Veh2l4AaABAg,@jam4743,준영이 진짜 기특함🫳🫳🫳,16,2025-02-09T02:47:29Z
XiBCqwjosM8,UgysLb6UfCIaPT-b0xh4AaABAg,@MouansMuchas-d9d,요즘 힘든데 이걸로 삽니다 ㅠ,10,2025-06-13T11:51:21Z
XiBCqwjosM8,UgybyDxBpBMB9kbLZLF4AaABAg,@byliiliiilii4490,다시 봐도 뽕이 차오른다 10위에서 와카업셋이 개도름ㅋㅋㅋㅋㅋㅋㅋㅋㅋㅋㅋㅋ,6,2025-09-26T00:56:52Z
XiBCqwjosM8,UgwSsKjHxro4IoMYgEB4AaABAg,@ikjoon-nj4rt,"24 부터 케이티 팬....
현장에서 얼마나 소리 질렀는데 목소리를 잃었..",3,2026-04-28T06:14:00Z
XiBCqwjosM8,UgzA5a5ohMZidS8T7pF4AaABAg,@손원빈-q4l,마법의 순간이라는 말이 너무 멋있다,3,2025-12-14T10:59:31Z
XiBCqwjosM8,Ugx4g8QJWjkrKN8DIXN4AaABAg,@야옹-v7f,"26년 3월31일에 또 봅니다..
눈물난다~~
제발 다치지말고 시즌 끝내길 바랍니다",3,2026-03-31T06:36:36Z
XiBCqwjosM8,UgztUHH-kjVF5wYS1oR4AaABAg,@메이쩐-k4p,다시봐도 도파민 폭발한다!!!! 정말 우승한 것 마냥 기분 좋았음 ❤,5,2025-09-22T08:23:31Z
XiBCqwjosM8,Ugyo_CJ9I2t1FXzP0kx4AaABAg,@si-ju3id,"ㅋㅋㅋㅋㅋㅋ 1루 심판
아웃 포즈ㅋㅋㅋㅋㅋㅋㅋㅋㅋㅋ",11,2024-10-04T13:09:47Z
XiBCqwjosM8,UgwwplBst-ufPN8Eis54AaABAg,@오늘의하늘10-l7q,여름에 입덕해서 이 순간까지 온 내인생 레전드,97,2024-10-28T12:50:51Z
XiBCqwjosM8,UgwMxg90RQb7ZXf4RdV4AaABAg,@kbo2211,타자가 단체로 버러유 타는데 감독이 무슨수로?ㅋㅋㅋㅋㅋ 그냥 욕받이가 필요한거지 역시 코리안 !!,183,2024-10-03T11:13:49Z
XiBCqwjosM8,UgwPP8ZrMEjZLxM92Od4AaABAg,@일상알쓰의,이걸로입문함,4,2026-04-06T03:39:33Z
XiBCqwjosM8,UgzYAxgvJoiFgJCWFZZ4AaABAg,@CommanderSupreme-1,"볼넷, 단타라도 자꾸 얻어내야 투수가 소비되고 약한 투수 나와서 점수내는건데, 3안타 무사사구로 틀어막혔으니 변명의 여지가 없음.",13,2024-10-03T13:01:09Z
XiBCqwjosM8,UgwTisDjNvMbGVKV_BF4AaABAg,@hellojingoo,올만에 콱뽕에 취할려고 다시보는중,4,2026-02-01T00:09:36Z
XiBCqwjosM8,UgxEDJ7q1RmE1VRhqFd4AaABAg,@메니큐-r9f,"이상한건 우리팀이다함ㅋㅋㅋ
그래서 이사갔어도 팀세탁을못함",3,2026-04-03T18:18:25Z
XiBCqwjosM8,UgyNp7MO6qrHOSEYW1d4AaABAg,@판타스틱-n3b,두산 올해 외국인 운이 투타 다 너무 없었던지라 kt가 부러울 따름이다,53,2024-10-03T13:33:52Z
XiBCqwjosM8,UgxdtlppQAC8du-HmUV4AaABAg,@user-l3s5k,"이것은 두산이 역사를 쓴 것인가, kt가 역사를 쓴 것인가?",12,2024-10-03T13:16:10Z
XiBCqwjosM8,UgxBDkYHZb-hxqjMOiN4AaABAg,@xuxsxl,"와 미춌다
내가 원했던거임❤",12,2024-10-03T12:24:19Z
XiBCqwjosM8,Ugy1Ifc5wUOnHgiBFjx4AaABAg,@FiffyFiffystarstruck대박,"감독 탓하기 보단 2경기 에서 침묵을 지킨 두산 타선이 문제 아님?
투수 총력전한 거보면 이승엽도 악을 쓴 거 같은데?
그렇다고 2경기 모두 대량 실점한 것도 아니고",105,2024-10-03T13:20:21Z
XiBCqwjosM8,UgxpKOcuVjQlWl6z6st4AaABAg,@dos2h,kt위즈가 우승하겠다 온 우주가 돕는 느낌 지워버릴수가없다,36,2024-10-07T02:52:34Z
8ppgitZYJKM,UgzeNtOj9oIP1jmbo8N4AaABAg,@애니팜앵무새농장,훌륭한 연주 잘 감상하고갑니다 감사합니다,0,2022-12-20T12:35:00Z
8ppgitZYJKM,Ugw4SA_MqeOHOEU5-rN4AaABAg,@forever_spring,조아조아요~♡,0,2022-12-20T09:28:35Z
ULSPEM_O3sM,UgwsGONp66EsCvWdq_94AaABAg,@goldkangjin,롯데 팬들은 전설이라고 해야죠,258,2025-05-11T06:44:51Z
ULSPEM_O3sM,UgxBqtXATaLk39J-31d4AaABAg,@행성여행,"부산 젊은이들이 얼마나 많이 외지로 나가 있는지 
어디가나 롯데팬들이 많다",38,2025-06-22T02:48:41Z
ULSPEM_O3sM,UgwjVIzs7AOc8BtNWoV4AaABAg,@박재민-r6d,롯데는 어딜가도 응원단 때문에 기죽을 일이 없음.,1017,2025-05-11T06:59:01Z
ULSPEM_O3sM,Ugy-68j_baiZkVgf4xx4AaABAg,@jongchanlee606,"서울태생입니다 부산과 아무관련없지만
부산하면 야구고 야구하면 롯데라 배웠습니다
롯데팬이라 행복합니다~낭만 그자체 롯데!!",1276,2025-05-11T12:54:39Z
ULSPEM_O3sM,Ugy83HHnaK5CjmitFg14AaABAg,@miseong-k1k,롯데팬들은 의리 있고 열정적이고 최고다🎉,65,2025-08-01T03:52:25Z
ULSPEM_O3sM,UgwrIGpSsaG4v9jAc5J4AaABAg,@진-f7n,솔직히 응원탑은 롯데임 ㅋㅋㅋ,15,2025-10-18T12:22:06Z
ULSPEM_O3sM,Ugz0M5NVEXFrxHken9l4AaABAg,@ryuwin3145,롯데가 중간만 해도 한국야구 자체가 돈잔치한다... (=롯데가 잘해야 집구석이 편하다!!!),549,2025-05-12T14:28:53Z
ULSPEM_O3sM,Ugzb14ZEu1ZG5gNy9Fd4AaABAg,@터미널특허,학씨!!  오늘도 연승으로 가자😁😁😁,145,2025-05-11T00:05:19Z
ULSPEM_O3sM,UgzZ8SBc2WTtED_t3vx4AaABAg,@김정숙-h3z,"롯데팬으로써 이렇게 뿌듯해본지가 언제인지
경기를 재밌게하는 롯데
화이팅 더블헤더 2차전도
승리하자",147,2025-05-11T08:28:32Z
ULSPEM_O3sM,UgyqnBUTypCAgLasWwx4AaABAg,@조아요-o5x,진짜 떼창소름이다,83,2025-06-25T15:30:47Z
ULSPEM_O3sM,UgwbTeL2E3QlSyaIJGR4AaABAg,@skyfullofstars1834,롯데가 잘하면 KBO전체가 잘산다..,27,2025-05-20T02:49:22Z
ULSPEM_O3sM,UgwHSdarMByrhbx7olB4AaABAg,@naru7518,주말 사직에 운이 좋게도 표를 끊었다.. 다시 들어가보니 140만명 대기가 웬말이야~ 겨우 3경기 티켓이 열렸는데..,179,2025-05-11T04:43:41Z
ULSPEM_O3sM,UgwNvudLUPYAtGfWoAJ4AaABAg,@Hye0nb-t3z,"부산에서 태어낫고 성남에 살고있지만 
뼈 속까지 롯데팬입니다 이번시즌은 진짜 다릅니다 질 것 같지 않습니다 꼭 우승합시다 우리",188,2025-06-23T14:40:05Z
ULSPEM_O3sM,UgziNFjuIPpBJ2xPE214AaABAg,@슈니-y1c,진짜 개지린다 롯데,21,2025-07-03T15:08:47Z
ULSPEM_O3sM,Ugxe83CH5xFuuJ74dbt4AaABAg,@고니고니-q7i,사직야구장 수원점,20,2025-05-19T15:28:37Z
ULSPEM_O3sM,UgyiPboNJM7ZyU4xgzR4AaABAg,@리쿠우,티켓 140만명 대기 ㄷㄷ 주말 사직은 포기다 ㅋ,216,2025-05-11T04:11:27Z
ULSPEM_O3sM,UgxkOVlv1JpO6QIuJ594AaABAg,@핀-g4m,평일 8만대 주말 40만대 레드데이 100만대 뜨는거 봄 진짜 다들 미친줄,11,2025-07-16T04:36:26Z
ULSPEM_O3sM,UgyZ_XD1KRKjwclDfdV4AaABAg,@잔향-w9e,"롯데는 매년 4위 언저리만 있어도
5만  돔 구장 있어도 된다
신축 구장 지을때 참고해라",132,2025-05-11T10:43:43Z
ULSPEM_O3sM,UgwyUgYFp0WmD3qbn4l4AaABAg,@dyy_91,롯데 화이팅!!!!,53,2025-05-17T04:21:13Z
ULSPEM_O3sM,Ugxxpgoc-rW_i8sHEnd4AaABAg,@김근남-k9r,"와~~~
반가워라 주황색봉다리~~~",55,2025-05-11T04:08:15Z
ULSPEM_O3sM,UgyeoXTejSaKsVMxqNN4AaABAg,@barcarole918,부산에서 야구는 종교다.,27,2025-05-12T11:03:02Z
ULSPEM_O3sM,Ugwe79HN3lf3bh425VN4AaABAg,@hat_hit,"자이언츠 원정팬이 상당히 많은 수준이 아니라
수원가면 거의 60~70% 롯데팬임
고척가면 70% 롯데팬",59,2025-05-23T06:18:55Z
ULSPEM_O3sM,UgxxosvoM95nhc4Pvxx4AaABAg,@seungugim,내 거주하는 실버타운에 어느 할배가 저 올드유니폼 입고 다니는 할배 있슴 😁,32,2025-05-11T07:55:04Z
ULSPEM_O3sM,Ugzfl1WAYifRDBMrfM54AaABAg,@배tv,눈물난다...😢😢😢,41,2025-05-13T15:21:24Z
ULSPEM_O3sM,Ugyvf46a8_5IA7zokm54AaABAg,@손정아-n4y,오늘 직관간닷!! 승요돼보자~~박세웅 홧팅!! 톳데선수들 홧팅!!롯팬들홧팅!!,80,2025-05-11T00:53:27Z
ULSPEM_O3sM,UgzIIzybLNoJ3KNejK94AaABAg,@doori_choi,"충남 출생, 서울 근처 경기도 거주함.
직관 첫경기가 롯데 대 엘지 경기였는데
엘지가 이기는 경기에서 엘지좌석에서 반대편 원정석 보고 롯데팬이 된 케이스 ㅋ",74,2025-05-14T22:45:54Z
ULSPEM_O3sM,UgyD0Rx-HYq0dwSKX0V4AaABAg,@김폴-e1o,마 부산 아이가? ㅋㅋㅋㅋ,29,2025-05-11T03:48:05Z
ULSPEM_O3sM,UgxxVuauX0-ddgwpVZR4AaABAg,@norababa-l6n,매진은 롯데가 시키지... 😂,21,2025-05-12T07:02:34Z
ULSPEM_O3sM,UgwHQI5H5gy7EIvEvpl4AaABAg,@조아조아님,"신문지. 라이타. 봉다리
거기에 파도응원
파도도 여러차례 보내기도 하고 양방향도 보내고
백미는 뱃노래. 돌아와요 부산항에. 부산갈매기. 3연창이지",19,2025-05-17T15:16:58Z
ULSPEM_O3sM,UgydSKvrKTkek3dBhxx4AaABAg,@lottegiants-o8q,호준아ㅜㅜ 괜찮을거라 믿는다😢,22,2025-05-11T16:22:31Z
xB0mWGb-Kk4,Ugz74oPM3Aw3OLuEW2R4AaABAg,@강경이-l4t,#박지현 미스터 트로트2 깜박이을 키고 오세요 수원 콘서트 고생하셨어요 이푹염에 왕자님 복장 너무 더워 을것 같아요 박지현 우리가수님 엔돌핀님들 고생이 많았어요 💟💟💟💟👍👍💪💪,19,2023-08-06T18:47:34Z
xB0mWGb-Kk4,UgyleE1qh4meVvvT7tR4AaABAg,@홍익요리사,울 왕자님 !!보는것 만으로도  넘좋아요 ❤❤❤,18,2023-08-06T23:30:52Z
xB0mWGb-Kk4,UgxjLoCgrwMnAA4h43Z4AaABAg,@지현민한사랑,#박지현 가수님 최고 응원합니다,3,2023-08-09T12:30:37Z
xB0mWGb-Kk4,UgwwY9gQdGEmNRMZWkp4AaABAg,@점숙윤-b1v,"박지현~멋지다
잘생겼다~❤❤❤최고가수
보면볼수록~최고다🎉🎉🎉🎉",3,2023-08-12T02:47:04Z
xB0mWGb-Kk4,Ugz0DIsy-sFmudN8J9J4AaABAg,@김병수-t9h6c,"#박지현
오늘밤 지현님의 춘자만나러 갈께요",5,2023-08-09T04:03:18Z
xB0mWGb-Kk4,Ugxxf5k62tAzUTOXc0J4AaABAg,@박효은-d5e,#박지현 매일 보고푼 울지현님 사랑해용.,0,2023-10-02T11:20:02Z
xB0mWGb-Kk4,Ugz9uvRmddoYE9rGAdp4AaABAg,@Tv-vl1gg,🤍🤍🤍🐬🙆,2,2023-08-15T09:51:09Z
Px9_5hMmgQk,UgwxmFPQFGiaE9shYbh4AaABAg,@6318kmspiano2,"이날 감격과 아쉬움으로 인사하고 있을때 우림님이 손흔들어 주셔 정말 세상을 다 가진 기분 이었어요ᆢ😍😍 안녕~~포레스텔라~ 
내게 늘 행복주셔 고마워여~~👋👋👋👋👋",1,2020-10-22T22:05:13Z
Px9_5hMmgQk,Ugw1-6ZLQx-vKLIVUBZ4AaABAg,@인테리어의품격,잔망~~우림님~~♡,0,2021-04-17T13:24:57Z
KoSdPOlsF9w,UgzwKhsInonOhCSL1Md4AaABAg,@jeanlee2647,이 공연에서 라포엠이 정말 왜 라포엠인지 보여줬죠 너무 자랑스러웠어요~,1,2026-06-20T08:59:43Z
KoSdPOlsF9w,UgyBU49ApD0PKusJrup4AaABAg,@라일락꽃길,창작가곡6곡이나 발매한 라포엠~ 크로스오버 분야를 잘 이끌어가고있는 최고의 그룹❤🎉❤,14,2026-04-30T15:21:48Z
-ub0M461z3A,UgxaBcoVrFekQvTidWB4AaABAg,@suwonskartriumsk2710,"공연 관련 정보 : https://www.suwonskartrium.or.kr/?p=16_view&prepage=16&page=1&year=2026&month=08&idx=2388
참고바랍니다!",0,2026-07-08T08:57:46Z
_EPDBV0iP7o,Ugz7-zdQ9P3zEm4VsuV4AaABAg,@호떡아가씨,뜨거운 박수 👏👏👏👏👏,1,2026-04-29T06:55:51Z
_EPDBV0iP7o,UgzV2hPD6L4yyWNRyB54AaABAg,@웅본킴,멋저부렁,1,2026-04-28T11:20:25Z
_EPDBV0iP7o,UgzT5gdXx3pkpO1COuV4AaABAg,@플로라뜰,저도 박수를 보냅니다~😊❤,1,2026-04-28T10:52:39Z
x5mWktpZuF8,Ugzs5wKzzLidqHUQUAl4AaABAg,@goorrm,아무생각 없지? 소리 들을 때 진짜 아무생각 없어보여서 개웃김ㅋㅋㅋㅋㅋ 얼굴 클로즈업은 왜하는뎈ㅋㅋㅋㅋㅋㅋㅋㅋ,12554,2024-01-05T04:44:01Z
x5mWktpZuF8,Ugxr39hpXkGO5WSLZOB4AaABAg,@이지원-c6z,서우같은 카드나 긁고다니는 인생이 진짜 행복한 거 아니냐고..😂,8208,2024-01-07T14:20:06Z
x5mWktpZuF8,UgxjPuLE6CPlZmo4U1Z4AaABAg,@잇츠미-r1v,딕션이 좋다는게 이런거구나..,363,2024-01-14T10:25:50Z
x5mWktpZuF8,UgwZ6wNjtvdN0Xc5AZN4AaABAg,@moredeeper,네 도와주세요.. 카드나 긁고 싶어요,4743,2024-01-03T13:16:38Z
x5mWktpZuF8,UgxXy11MCpO5A7t-ovB4AaABAg,@Popping1230,미쳤다고 오디션 보러 다니냐? 할때 왤케 고양이 같음ㅋㅋ 다니냥?!,7343,2024-01-05T09:59:31Z
x5mWktpZuF8,UgxhLq5lkI9Fnk7A0KN4AaABAg,@yoon_407,학생일땐 대학에 가고싶긴하니?.. 졸업후엔 취직이 하고싶긴 해? 로 들림. 괜히 혼나는 기분들어ㅜㅜㅜ열심히 살아야겠다..,3686,2024-01-04T11:25:31Z
x5mWktpZuF8,UgxfsoaccRXy1b7R6DN4AaABAg,@Utube-i8u,와 서우 진짜 예쁘당 작은얼굴에 저 고양이같은 눈코입이라니,3873,2024-01-06T10:41:33Z
x5mWktpZuF8,UgzyTt3Z1QwjgoQ6LeR4AaABAg,@산이-k6m,신데렐라 언니… 등장인물들이 정말 하루죙일 울어서 보다보면 기빨리지만 넘 재밌음ㅋㅋㅋㅋ,6039,2023-11-18T13:22:18Z
x5mWktpZuF8,UgyAeLK-__wDY7-kFlJ4AaABAg,@JGH0505,와 근데 딕션이 ㄷㄷ 저렇게 빨리 다다다닥 말하는데 자막 없이 정확히 다 들림. 그렇다고 기계적으로 뱉는 것도 아니고 맛깔지게 대사 살리네,255,2024-01-09T17:25:39Z
x5mWktpZuF8,UgwB4felV1JHFU7vaNV4AaABAg,@햇살부스러기콕콕콕,"브금 안깔려서 좋다 
예전 드라마 st",3517,2023-11-13T10:21:35Z
x5mWktpZuF8,Ugy0tYkMdeQL90m95Ah4AaABAg,@ddureal,진짜 어린 나이에 사회에 찌든 역할 왜케 소화잘한거냐구..,63,2024-01-11T14:05:03Z
x5mWktpZuF8,UgxSmM6kjdaVmRtnyTZ4AaABAg,@kijhy7737,문근영 연기오짐 빨리 쾌차해서 연기보고싶다ㅠㅠ,315,2024-01-09T07:12:08Z
x5mWktpZuF8,Ugx0K4xTfeWTLmf8za14AaABAg,@user-uj5qw2un2p,취준중인데 한마디 한마디가 푹푹 박히네…,674,2024-01-08T07:19:13Z
x5mWktpZuF8,Ugym9ymZhuRmu8wX1KN4AaABAg,@콜라중독-j1u,최연소 대상 배우다운 대사 소화력ㄷㄷ,44,2024-01-09T11:58:47Z
x5mWktpZuF8,Ugw8bdNnWqF4_eU9Ax14AaABAg,@2727_l,내 앞에서 울지마. 재수없어~가 빠졌네ㅜ,955,2024-01-03T08:04:24Z
x5mWktpZuF8,Ugx5hl_HeIPQw5MVgch4AaABAg,@imdownhy,"정말 꿈없고 계획도 없어서 미래의 난 뭘 해야할까 암울하던 시기에 저거 본방 보고 순살됐던 기억나네... 은조언니가 그때 여럿 뼈 발랐지,,,",758,2024-01-05T17:27:30Z
x5mWktpZuF8,UgwEAgMDpp8dxIXYkJx4AaABAg,@sukkim9075,문근영씨 발음 어쩜 저리 또릿하냐?!😮,41,2024-01-09T14:40:30Z
x5mWktpZuF8,Ugzbzbj7Sq0C7Y7TIip4AaABAg,@바닐라라떼-q3t,문근영 전달력 쩐다,19,2024-01-10T10:09:12Z
x5mWktpZuF8,UgzxcchP1SJmhkdo1pB4AaABAg,@hiii_gjju14,진짜 문근영 숨은 레전드 작품.. 1화에서 머리 풀린거도 존예였는데,50,2024-01-09T13:54:23Z
x5mWktpZuF8,UgzVv_RJu-t47oCK8S54AaABAg,@망고-b5t,취직으로 생각하니가 존나 마음아픔.. 너 취직이 하고 싶긴 해? 근데 왜 안붙어? 어지간하면 한군데는 붙어야하는거 아니야? 너 생각없지?.... 죄송해요 근영언니.....새해엔 열심히 해볼게요...,222,2024-01-07T13:01:41Z
x5mWktpZuF8,Ugy8xOf3sqDUPuHGPeN4AaABAg,@limoncello04,승헌쓰밖에 생각이 안나네,930,2024-01-03T11:06:06Z
x5mWktpZuF8,UgwuU6-DbI7Q5mJTFBl4AaABAg,@mew9824,두분다 얼른 왕성하게 다시 활동하는 모습 보고 싶네요...!!,524,2024-01-06T21:14:40Z
x5mWktpZuF8,Ugzonk0EJ1Fs6Ll68254AaABAg,@슈슈-h4b,나도 서우처럼 카드나 긁고싶다,292,2023-12-30T11:39:45Z
x5mWktpZuF8,UgzK17xlP7g-7WCYoCV4AaABAg,@jp3666,"이거 ost 아직도 들음
한드 역대 제일 명연기라고 생각하는 장면 1. 김갑수 죽고 혼자 아빠라고 부르는 문근영 2. 바람의 화원에서 참형 면하고 우는 문근영",9,2024-01-22T00:49:08Z
x5mWktpZuF8,Ugxb-4CQLIdzThmP7dd4AaABAg,@Dream-kg8yf,문근영 목소리가 너무 좋아서 계속 듣게 됨,26,2024-01-20T13:31:35Z
x5mWktpZuF8,Ugwb0l7WsRrQMCKBrgN4AaABAg,@cutekim-d9q,문근영 딕션 좋다아,23,2024-01-20T12:17:57Z
x5mWktpZuF8,UgyW159GvU08RT9s0Zh4AaABAg,@Uljim,역시 연기대상 문근영,15,2024-01-14T13:00:40Z
x5mWktpZuF8,UgzLZoUaIckb3S1Q3ix4AaABAg,@손님-i2v,난 저 당.연.하.지 가 너무 좋아ㅋㅋㅋ,71,2024-01-05T09:50:39Z
x5mWktpZuF8,Ugxo3KEHhO4AMC0mgiN4AaABAg,@고냉이-v8w,문근영이 진짜 연기 잘했는데... 드라마 복귀 좀 해줘요~,12,2024-01-13T02:17:45Z
x5mWktpZuF8,Ugy3uec_qCfKsiIMVoh4AaABAg,@space05-f9d,"문근영 대사가 나한테까지 
전해지는건 왜일까...열심히 살자!",21,2024-01-09T06:29:51Z
YQTsS1S7MtQ,Ugz-tpgRA1XX8fm7gft4AaABAg,@sarahn.4775,Gorgeous! So fun! Such a pretty costume too!,5,2019-05-16T03:12:54Z
YQTsS1S7MtQ,Ugx-AHN9eo0azmgnitB4AaABAg,@ウズボー百田,She’s just amazing❤She can dance in the air!,1,2023-07-14T05:51:02Z
YQTsS1S7MtQ,UgyjP_X9wGPg1zCvrY94AaABAg,@발레전도사_영덕,💕💕💕💕💕,1,2020-12-03T01:11:07Z
YQTsS1S7MtQ,UgwXY-kUGwvCl2OCj8p4AaABAg,@Pockymochi8,The transitions are so cool,1,2023-06-08T21:03:04Z
fFlMUhyDWQ0,UgxYeomtghJ0baHICIh4AaABAg,@nayon9984,다리 들어올릴때 다리가 끝도없이 주우욱 나와서 개놀람 다리길이 무엇 진짜 너무 예쁘다,1921,2024-11-30T14:27:11Z
fFlMUhyDWQ0,Ugzi5RooNF6GDnhTBU14AaABAg,@jybyun1107,발레하기에 적합한 피지컬이긴 해.. 신체조건이 레알 미쳤음,40,2024-12-02T04:16:51Z
fFlMUhyDWQ0,Ugy3LpgIBatU4nw35DZ4AaABAg,@Susu-em1kd,진짜 무용가 존잘인게 저 장원영 옆에서도 미모가 안 꿀림 둘다 용안 미침...,2228,2024-11-30T14:05:14Z
fFlMUhyDWQ0,UgxAf8xb7fT2tkK6MPF4AaABAg,@yisnoo,장원영 비율 진심 미쳤네 비주얼이 진심 발레리나 그자체임 강경호님도 너무 멋있어요ㅜㅜ진짜 공주랑 왕자임,282,2024-12-01T10:03:50Z
fFlMUhyDWQ0,UgwOWsV_3pQur7K9NCd4AaABAg,@심심심심심심,장원영은 무슨 마네킹같다…. 기럭지는 길쭉한데 외모는 순정만화 여주네;;,705,2024-11-30T15:44:16Z
fFlMUhyDWQ0,UgzBO35B8EKHFyPvU4l4AaABAg,@user-aib6g0wx,"전공자도 아닌데 형편없는 연습 상태로 나왔었으면 다리 올릴때 겁나 부들부들 거리거나 발레 동작 느낌이 아닌 그냥 다리 올리는걸 목표로 빠르게 발차기 하는것처럼 보이기 쉬운데, 저 정도면 잘했구만 뭘 남자 무용수랑 합도 좋고 
꼭 답글로 전공자의 눈으로 오글거리니 어쩌니.. 대다수의 사람이 니네처럼 봤으면 굳이 안그래도 이미 여러 커뮤에 짤 박제돼서 조롱당하고 트위터 영상도 조롱의 의미로 터졌을거니까 걱정 ㄴㄴ 
좋은 의미로 반응 터진지 한참이야 그리고 꼭 전공자 눈 타령하는 애들 그냥 어릴때 잠깐 배웠을 사람일 가능성이 더 커보임 진짜 발레를 애정하는 찐전공자이면 저렇게 가볍게 말 못하지 
오히려 알량한 우월감도 표출 안하고",670,2024-12-01T01:49:48Z
fFlMUhyDWQ0,UgwM94olO-K-IeeLwIB4AaABAg,@user-gs6iw4fn9k,진짜 뭔 오르골에 나오는 발레하는 인형 같다 미친…,341,2024-11-30T15:53:03Z
fFlMUhyDWQ0,Ugzk_CtiBt0O52RMbx54AaABAg,@룰루멍멍,원영이 진짜 뭐든 열심히 잘 하는구나,23,2024-12-02T03:49:36Z
fFlMUhyDWQ0,Ugwhn1zoXQXJOU156JV4AaABAg,@여너_yeoneo_yeoni,강경호 발레리노님은 복 받으셨네요......부럽,126,2024-11-30T14:42:46Z
fFlMUhyDWQ0,UgxIXYSv2NAT4pCfzp14AaABAg,@니아-r5l,강경호무용수님이 맞았구나..,10,2024-11-30T15:31:23Z
fFlMUhyDWQ0,UgwMHlYq84ft6Nr5IMV4AaABAg,@aIwayswithme,백마탄왕자와 공주님같네 .. 그림합 지린다,25,2024-11-30T18:55:38Z
fFlMUhyDWQ0,UgyVgqx6IKRz9J2SQol4AaABAg,@Se0l_1087,"뭔가 낮익었는데 강경호,,❤❤둘이 조합 미쳐써요 그냥 완전 그냥 천상의 조합임 어떻게 둘다 잘생기고 예쁜,,❤❤",47,2024-12-02T07:14:31Z
fFlMUhyDWQ0,UgzB-UP9VO0u5vr-AsJ4AaABAg,@Joy-gx7os,와!  강경호 발레리노 스테파에서도 멋졌는데 원영이와도 환상의 호흡이네요❤  둘다 멋지고 아름다워요😊 둘의 조합 최고~~!!,40,2024-12-03T00:29:34Z
fFlMUhyDWQ0,Ugx4Re-R2kwvJ5kyZ0J4AaABAg,@yun5224887,발레 얼굴로 하는거였네… 둘다 미모 무엇,289,2024-11-30T16:32:24Z
fFlMUhyDWQ0,UgxFAlGjkPH4oYIP4cJ4AaABAg,@phapha5648,강경호도 대박이네,11,2024-12-01T00:29:57Z
fFlMUhyDWQ0,UgwV-YVrl1LJX-FulaJ4AaABAg,@Usye8289,강경호!!!!!!!😮 헐 대박,17,2024-12-01T14:20:55Z
fFlMUhyDWQ0,UgxSSr4rrTIvGoGzapl4AaABAg,@jongchul_love,옆에 분 스테파 나오셨던 강경호 발레리노입니다아...개잘생겼죠,460,2024-11-30T13:44:10Z
fFlMUhyDWQ0,UgwpMGXvcIMOMxfAl0R4AaABAg,@hyeon-n4e,헉 경호였어? 오..멋지다,8,2024-12-01T03:11:40Z
fFlMUhyDWQ0,UgzYYmlk8NvtXyjkn_94AaABAg,@고로w8t,무용가님 이랑 같이하니깐 환상의 호흡이 맞춰진다...❤,13,2024-12-01T01:04:19Z
fFlMUhyDWQ0,Ugzpj59yvT72lYw388l4AaABAg,@xxxe-j2j,와....그림 너무 좋다... 노래도 그렇고 걍 꿈속의 환상같음 어케 이리 아름답지 둘다 너무 우아하다... 백조가틈,38,2024-11-30T16:10:03Z
fFlMUhyDWQ0,UgwhUKbH95328PzgGqd4AaABAg,@세젤로즈s,"장원영님은 진짜 아이돌이 천직인것같다 
어쩜 저렇게 예쁘지?",14,2024-12-01T13:32:13Z
fFlMUhyDWQ0,UgyMebtWvBi3Snt-YGR4AaABAg,@뚱이입미다,진짜 공주같다는게 이런거구나,173,2024-12-01T00:34:08Z
fFlMUhyDWQ0,UgyNkQ3v7GpAG31MSv94AaABAg,@junonbouya,아이브고 무용과 원영이가 인간극장에서 선보인 발레가 여기서 빛을 보는구나 😭😭😭 ㅋㅋㅋㅋ,90,2024-11-30T13:31:00Z
fFlMUhyDWQ0,Ugzkh3vluO5it-7UkmV4AaABAg,@intmila,무용가분 이런무대 수도 없이 했을텐데 손 떨리시는거봐 ㅋㅋㅋㅋㅋㅋㅋ,336,2024-11-30T15:12:20Z
fFlMUhyDWQ0,Ugw5xYmrSzIZzXxI0Nd4AaABAg,@wooramshin928,그냥 하늘에서 내려온 천사아니냐 저 정도면ㄷㄷㄷ,9,2024-12-01T05:03:08Z
fFlMUhyDWQ0,UgyecL1qWVM7SU-9g854AaABAg,@cdkiwjjddkv,지구 최초로 장원영을 든 남자,5,2024-12-01T08:33:27Z
fFlMUhyDWQ0,UgyTuFR-_izmABd3SX54AaABAg,@zxcvbnm-d2f,비율 무슨 일이야 거의 맨발 무대인데,82,2024-11-30T15:20:04Z
fFlMUhyDWQ0,UgzQC_Xr5Ug-2Rp5VFx4AaABAg,@Minhee_0917,원영이 진쨔 다 가져따 겁나 기엽고 이뻐,23,2024-12-01T04:56:54Z
fFlMUhyDWQ0,UgxdipSRSCcHx9e7HPR4AaABAg,@KW-il9cb,상대 무용수분 너무 부럽네요 ㅋㅋㅋㅋㅋ,13,2024-11-30T16:35:11Z
fFlMUhyDWQ0,UgwhhedlT-r-tKVHqoB4AaABAg,@rose-t2d3o,깜냥호 잘생겼다❤ 역시 본업할때는 Devil swan이네ㅎㅎㅎ 비주얼도 안 밀려❤❤,11,2024-12-04T00:51:49Z
