video_id,comment_id,author,text,like_count,published_at
uh2rMuVvD0M,UgyzmGw_Ct82NxrrqAl4AaABAg,@LondonSymphonyOrchestra,Subscribe to never miss the music and help support the LSO🎶🤗,2,2025-06-19T14:45:12Z
uh2rMuVvD0M,Ugxf2IIjjADrPxDvuFh4AaABAg,@stevieb6368,Brilliant Berlioz! Bravo! I'm looking forward to hearing Sunday night's Mozart and Richard Strauss concert. Ein Heldenleben 👏👏👏,6,2025-05-20T19:56:27Z
uh2rMuVvD0M,UgzWdmis-4xKWLia1TJ4AaABAg,@billducker7404,Thank You so much.  Great E flat clarinet solo.  God bless you all.  Bill.   Uk. 🎶🎶,1,2025-05-20T18:30:15Z
uh2rMuVvD0M,Ugw9TlFFAjtEzIjVNqV4AaABAg,@yong-gilchoi8614,I love LSO and Simon Rattle !!!,0,2025-05-21T02:22:29Z
uh2rMuVvD0M,UgwDJv1TjMPx-e_ryMF4AaABAg,@hanalosanova219,I love London symphony orchestra🎉❤️❤️❤️❤️,1,2025-05-21T14:10:31Z
uh2rMuVvD0M,UgwKjXDY7CypbBSmabl4AaABAg,@lindakosoff398,Love love LSO!!,1,2025-05-20T14:45:29Z
uh2rMuVvD0M,UgxNxgxZ8GXvuV0WI2N4AaABAg,@pragma5475,Merveille,0,2025-05-20T15:24:45Z
uh2rMuVvD0M,UgzfqOKDSUWY1FzhpSh4AaABAg,@alisondening2207,Terrific,0,2025-05-20T19:53:57Z
uh2rMuVvD0M,UgzxAIF0EmbK9EZpiPF4AaABAg,@Dogaradodia,Is it the clarinetist or the music?,2,2025-05-20T22:39:37Z
uh2rMuVvD0M,UgwXpcMcnkKdiVZSVRZ4AaABAg,@truthboy1464,Reptilian music,2,2025-05-21T05:40:40Z
uh2rMuVvD0M,Ugwf-WOuGZkeAhQ-pRl4AaABAg,@dorurun9962,"Слишком он "" распаляется - в результате не очень ритмично ( играет оркестр)и духовые громче струнных , а почему? .. физиология , так не дожно быть",3,2025-05-24T20:39:42Z
z8DeYCc39bg,UgzC6wiTmfe0CHZSUzt4AaABAg,@타이거-q5y,스미슨과 침대에서 왈츠를...,0,2024-11-10T00:18:16Z
nn35B1fALRQ,Ugwb6GERGffuDrxsQ8x4AaABAg,@타이거-q5y,스미슨에 걷어차이고 얼마니 분했으면...,0,2024-11-10T00:20:50Z
nhw6nnoxnc4,Ugy0FuYaE0DZRREpPCJ4AaABAg,@megavoice9,"여배우 입장에선 ""갑자기 누가 너에 대한 곡을 써서 극에 올렸데!"" ""엥?"" 뭠미? ㅎㅎ. 
매일 오던 , 못읽은 200개 팬레터중에 하나들 아니였을까요? ㅎㅎ",0,2025-11-12T06:10:02Z
TkugU2jD-9E,UgxxM5xJ_TVGAFO24Sp4AaABAg,@김용빈-u9y,"속편으로 아기 코끼리 왕자 바두인데, 바두는 바바의 장남이자, 차기 왕인 폼의 아들입니다. 푸른색 운동화에, 붉은 반바지에, 푸른 반팔 티셔츠를 입었습니다. 여자친구로는 초록 코끼리 원주민들의 공주 아일라(AYLA)가 있는데, 아일라 공주의 모계의 조상이 바로 클레오 여왕입니다.",0,2024-02-04T04:19:01Z
vRP5wJsLFfU,UgzN5LS4MI2w_gb4UZp4AaABAg,@놀심,쇼츠 영상 하단의 ▶ 버튼을 누르면 '풀버전 영상으로' 바로가기 하실 수 있으니 참고해주세요.,182,2023-10-21T11:43:16Z
vRP5wJsLFfU,UgzPW7lthi05UxhrHpJ4AaABAg,@쾌남-m3d,상대가 만만하다 느끼면  내가 우월한게 아니라 상대가 나를 배려하고 있다는 증거다,7856,2023-06-15T16:50:54Z
vRP5wJsLFfU,UgzxVts5T5mx8ugB66B4AaABAg,@gemeinleben2552,선 넘는 행위는 지능이 낮은 사람들만 하는거 같음. 어찌됐든 상대방이 어떤 패를 가지고 나한테 어떠한 이득을 줄지도 모르는데 선 넘는 행위로 하여금 상대방을 불편하게 만들어서 적의를 띄우게 하는 건 멍청한 행위라고 생각함.,1950,2024-04-21T17:21:34Z
vRP5wJsLFfU,UgwF6yhxlTUFAjtfkWd4AaABAg,@장서연-v4b,선 넘는 사람은 내면이 불건강하고 불안한 사람이니까 손절이고 나발이고 에너지 낭비할 필요없고 관계 완전 단절이 답임,1090,2024-05-05T08:06:47Z
vRP5wJsLFfU,UgztPegUGwTTkdzS6El4AaABAg,@번개집사,"살면서 느낀건 한번아니면 아닌겁니다
이건 진리",281,2024-05-10T03:22:39Z
vRP5wJsLFfU,Ugw0O_CwwwDpXzK80Ol4AaABAg,@Mannersmakeaman,"더 확실한 건
만만하다고 무시하는 사람이 이상한 거죠",1323,2023-06-12T23:18:33Z
vRP5wJsLFfU,Ugy9_mR_BryyHYcefcp4AaABAg,@letsgo4874,"왜 사람들은 
만만한 사람을 보면 괴롭히고 막대하고싶어할까..
진짜 성악설이 맞는 건가..",8273,2023-05-13T13:41:42Z
vRP5wJsLFfU,UgzJjXL_IvqhkJ7yW0p4AaABAg,@dodi8109,불쾌함을 표현하자,4693,2023-05-13T13:33:51Z
vRP5wJsLFfU,UgxH5CLWdD7wMWH5fzJ4AaABAg,@전호윤-s1l,아무리 친해도 선넘으면 그냥 손절하세요...남 맞춰주면서 살기엔 너무 짦은 삶입니다,422,2023-06-09T15:41:52Z
vRP5wJsLFfU,UgwjIvL0AwaqRtZCBkp4AaABAg,@barkhyesu,"무리에 끼지 못한다고 무서워 할 필요 없다는걸 최근에 크게 깨달았음. 그들이 나를 무시하는데 굳이 내가 노력 할 필요 없음. 날 믿고 봐주는 사람들과 유대 쌓기도 바
쁘다는 걸 깨달은 순간 울컥 함.",113,2024-08-29T10:51:53Z
vRP5wJsLFfU,UgyFSWUjpiwkLOvZeHN4AaABAg,@단군자손,걍 어릴적부터 거부나 거절을 습관화해야되고 참는거를 너무 강제하면 안된다. 진짜 어릴적부터 잘 키워야한다. 후천적으로 고치기 너무 어려움.,1444,2023-06-06T23:55:14Z
vRP5wJsLFfU,Ugwslxiy_zNAlaTaMS54AaABAg,@30-jq2pw,이말 맞음. 그냥 쓸데없는 말안하고 잘 안웃어주기만해도 사람들이 쉽게 함부로 못한다. 진짜다,2194,2023-05-30T12:02:19Z
vRP5wJsLFfU,UgwKUP8lrfJ9ZSCNF2l4AaABAg,@mimi9154,난 싫은 사람앞에선 절대 웃지 않음,530,2023-05-13T23:29:02Z
vRP5wJsLFfU,UgwqMAiSfOO5Qy1Q4AR4AaABAg,@g_estalt9,웃지 않고 정색했는데도 또 그러길래 손절했습니다 후회는 없어요,3632,2023-05-13T17:04:29Z
vRP5wJsLFfU,UgzjRTSpD09rL5hOKed4AaABAg,@No_friends_no_gao,"멋쩍을때 웃지만 않아도 인생에 큰도움됨
만만한 사람들의 특징이 불필요한 부분에서 너무 웃음",1090,2023-06-05T12:14:30Z
vRP5wJsLFfU,Ugwp7LdTxN6n3-eTLmF4AaABAg,@ChrisLee-nk5ns,"확실한 거절을 표현하는 습관은, 확실히 감사를 표현하는 것만큼 훈련이 필요한 중요한  것.",1691,2023-06-03T07:32:57Z
vRP5wJsLFfU,UgzIWfETt3QACgCb-Kx4AaABAg,@자성발전,살다보니 외로움보다 고통이 선넘는 인간들이였슴. 그래서 싹 정리함.,157,2024-02-01T17:17:51Z
vRP5wJsLFfU,Ugzp_rPn_B-cDicPBdV4AaABAg,@portal9999-y5b,"움찔해봤자에요.. 그런 인성의 사람은 또 그래요.
그냥 손절이 답임.. 제일 골치아픈건, 손절할 수 없는 관계지..",293,2024-02-27T06:30:42Z
vRP5wJsLFfU,UgxcrlkEg5i0maDh1zZ4AaABAg,@erickim3710,갑뿐싸시 “장난이야” 또는 ”왜이렇게 예민해“ 라고 반응이 나오면 100% 입니다,416,2023-06-06T21:45:45Z
vRP5wJsLFfU,UgzPa6bH1Rwf9G5hdC14AaABAg,@STFCMALM,"살아보니 맞음
나는 배려 해준다고 생각했지만
상대는 그런 나를 호구로 봄
더 웃긴건 표현을 하니 지인들이 나뉘어짐
계속 관계유지하는 사람과 인연 끊는 사람",47,2025-05-16T00:12:43Z
vRP5wJsLFfU,Ugw-KrsPInkS5WAk_hd4AaABAg,@파브르-o5s,"모두 강강약약 사람이 됩시다 
그게 진짜 남자입니다 
힘들고 지친 사람에게는 따뜻한 위로를
예의없고 무례한 사람에게는 따끔한 일침을 날릴수있는",114,2024-04-11T06:27:28Z
vRP5wJsLFfU,Ugz7oazr64piWRZZJdl4AaABAg,@심쿵두부,"웬만하면 좋게좋게 넘기는 스타일이었던 내가 그래서 이젠 흑화가 됐고 분위기 맞춘답시고 웃진 않음
호구가 될뿐
한국사회가 날 이렇게 만듦",569,2023-05-14T10:29:45Z
vRP5wJsLFfU,UgytxareEnNcbZLG1zx4AaABAg,@두쫀쿠쿠다스-p2j,"선 넘는 사람들한테 궁금한게..
지능이 낮은거야? 개념이 없는거야?",431,2023-05-18T11:52:54Z
vRP5wJsLFfU,UgxI6-4KSVtWVnoW4Kh4AaABAg,@별벼리-w8y,"웃는사람들이 진짜화나면 개무서운데 그걸모르고 무시하고 선넘다가
개쪽파는일이 있을거임",671,2023-05-17T08:50:32Z
vRP5wJsLFfU,UgwMpUDtspJlk3D7MIZ4AaABAg,@James-dj9mw,사람이 마냥 말랑해보이면 누가됐든 건들기 마련이라 어떻게든 안에 가시가 있다는걸 한번은 보여줘야함 그리고 불쾌함은 그때그때 표현하는 습관을 들여야함,240,2023-07-31T04:52:16Z
vRP5wJsLFfU,UgxCAaM6qjmvqMp1Iy54AaABAg,@초묘-g3p,무시당하는 걸 두려워할 필요는 없다. 인생 살면서 누가 근본이 좋은 사람인지 알아가는 과정이다. 한두 명 진짜 좋은 사람만 찾을 수 있다면 누가 날 무시하든 말든 그건 중요한 게 아니다. 어차피 그런 사람들 걸러내는 게 중요하다. 무시당하는 걸 두려워하지 마라. 누가 근본이 쓰레기인지 알아내는 건 좋은 자신만의 무기다.,36,2023-07-04T14:16:05Z
vRP5wJsLFfU,UgyCNjDWtxOXhmAnEzN4AaABAg,@정성-f6z,"지금 제 딸의 상황과 비슷하네요ㅜㅜ
성격이 순딩해서 주변 친구들이 만만하게 보고 선을 넘는 행동을 종종 한답니다.
일이 커질까바 그래도 잘 지내고 싶은 마음에 부모에게 말 못하고 참고 있었다는걸 우연히 알게 되었네요..
그동안 자식에게 절대로 친구들에게 함부로 말하거나 행동하지 말라 엄하게 교육시켰어도..
반대로 누구도 너를 함부로 대하게 해서는 안된다는 교육은 시키지 못한것 같아요
그것이 몇몇 친구들이 딸을 만만하게 보는 계기가 된것 같아요.
그동안 얼마나 속상했을지..ㅠㅠ
이제부터라도 이 쇼츠도 보고 같이 연습하면서 내면의 힘을 기르는 교육을 연습시켜야겠어요.
구독 누르고 갑니다. 좋은 정보 감사합니다.",897,2023-05-13T18:09:56Z
vRP5wJsLFfU,UgxzfV9tKsiBb5glxSJ4AaABAg,@달빛-w6j,"러시아속담에 쳐웃으면
ㅂㅅ취급받는다는 말이 있던데
다 이유가 있음",147,2023-05-15T22:40:14Z
vRP5wJsLFfU,Ugw1Ofzj1NzVKXCDNrZ4AaABAg,@ccc4142,맞음 특히 누군가 놀리면서 웃기는 거 계속하는 사람들은 좀 티를 내줘야 댐. 그리고 그렇게 계속 무시하는 사람들은 결국 나에대한 리스펙도 없다는 방증이니 한번 지르고 쳐내도 인생에 득이면 득이지 해가되진 않음.,139,2023-06-23T10:50:59Z
vRP5wJsLFfU,UgyKcumjUrkjRvfgz054AaABAg,@재벌1,"선을 넘는 사람은 
개념이 없더군요....
자기방식대로 불쾌함을 말로 표현하던지 ..아님 거리를 두는 행동을 보여주는게...어떻게든 표현해야 홧병이 안나고 관계도 유지됩니다",60,2023-07-09T15:21:06Z
3g3mFbcre90,UgzeDuzJvH_uDrdvaXt4AaABAg,@user-fr5wo5jl3j,졸라 뻔하다 이걸 속는 니들도 참....ㅋ,103,2023-02-19T12:32:18Z
3g3mFbcre90,UgyLILnKfM2LgiMthM94AaABAg,@고중초종이접기,정답 종이가 평평하다,14,2023-08-20T09:36:03Z
3g3mFbcre90,Ugz3id8wAFVR2QUzX6l4AaABAg,@신한결-x1w,어떻게 만든거죠??????,0,2023-10-07T12:17:26Z
3g3mFbcre90,Ugz58je3SXoD-h93tN94AaABAg,@메롱이321,헐~빨강종이가  밑에 있었는데 다시 순간이동처럼 슈숙하면서 계단 위층으로 올라가네?,6,2023-04-10T12:35:42Z
3g3mFbcre90,UgzCWXwlYwBxnaOReHZ4AaABAg,@김미진-c1r,평평한걸 입체로 만드셨네요.,0,2024-07-20T11:26:09Z
3g3mFbcre90,UgzeM6dA54Z6V6xtFrZ4AaABAg,@해정농장,그거 어떻게 만들었어요?!예술인데!?우왕!!^^♥♡,10,2024-10-20T00:42:17Z
3g3mFbcre90,UgxyFRYgbln3spMwFbl4AaABAg,@에일릭코,"착시현상으로보기엔 계단모양이지만 실제로는 평평한 모양입니다 왜 이렇게 보이냐면...
















만약 착시현상으로보이는 구멍이면 뇌가 구멍이란걸 알아서 이건 구멍이다 하고 생각해서 그렇게 보이는 겁니다.",0,2026-03-22T07:50:21Z
3g3mFbcre90,UgwFNTi687puT8wujTt4AaABAg,@짱친즈,아니 돌리는게 이렇게 돌리는 거였냐고 ㅋㅋㅋ,8,2023-01-25T12:04:14Z
3g3mFbcre90,UgyqYZkr155R4YYwHqx4AaABAg,@이성호-k2y,접는방법알려저있어요?,0,2025-02-11T10:22:28Z
3g3mFbcre90,UgyP2vyuaD2IHsvXBdN4AaABAg,@sunshine-fr5yt,알고있는 비밀이지만 지나쌤 대단하시네요,43,2022-10-15T12:28:38Z
3g3mFbcre90,UgzIHvm4WpH3W7zHE-F4AaABAg,@준영나-t5w,???:난 비밀을 알고있어....,0,2023-12-27T12:29:14Z
3g3mFbcre90,UgyvVyKjpBIKCNelK8Z4AaABAg,@뿌찌_POBY,저거 그냥 5층이 아니라 직선으로 색칠하고 빨간종이 맨 밑에두면 당연히 맨 위로 바뀌겠죠...?😂😂😂😂,8,2023-05-20T13:53:15Z
3g3mFbcre90,UgzV8JevxUxTS4xIxph4AaABAg,@twinpapa1230,아주 대단하네요😊😊😊,0,2024-10-28T10:43:48Z
3g3mFbcre90,UgwCLiJBo8rQkCrNBax4AaABAg,@엄태형-b9x,지나쌤 대단해요!,3,2023-02-12T00:06:24Z
3g3mFbcre90,Ugxgygw4eIL-pNjueOh4AaABAg,@paperclass-q1s,긱블에서봄 평평하게 만들어짐 착시현상,0,2023-11-11T01:49:46Z
3g3mFbcre90,UgxltpdxaQwnFOJFrHd4AaABAg,@LOLLOL-ho1eq,"해석:종이 위는 대각선으로 되어 있어서 위,밑에로 되어 있고 손잡이같은거는 평평하게 지그제그인데 오르락처럼 되어 있어서입니다. 그리고 걍 각 맞추면 끝입니다",4,2023-02-01T11:16:30Z
3g3mFbcre90,UgzUIm3Kq5Y1_zmIomN4AaABAg,@conccufgd,지나쌤님 대단해요,0,2023-12-16T23:23:24Z
3g3mFbcre90,Ugy6QK_ZNRP7BgHcABx4AaABAg,@user-ozzozz,이거 아래는 야깐 휘어져 있고계단 처럼 보이는 것은 사실 종이에 계단 그림을 그려서 착시 처럼 보인거임,7,2022-12-24T13:47:02Z
3g3mFbcre90,Ugw7SRp5e7oBueapIZN4AaABAg,@난강해질거야,표면인건아는데 표면계단을 만든게대단하네요,0,2025-02-17T11:25:13Z
3g3mFbcre90,UgzIT0zjWuYMnUVQKCV4AaABAg,@최성현-q2z,???:난 이 비밀을 알고있어,19,2023-08-22T23:02:37Z
3g3mFbcre90,Ugw2orlcD9QaVQqIMK94AaABAg,@CookieRunKingdom-z3q,우린 이걸 점대칭도형이라고 부르기로 했어요,0,2023-09-10T10:45:51Z
3g3mFbcre90,UgzVDp0-kv9gSUfUsDx4AaABAg,@메롱이321,헐~  이게어떡해된거임? 종이접기는 역시 신기해❤~~,5,2023-04-10T12:37:41Z
3g3mFbcre90,UgwOqzSQD3My7o_U8Wd4AaABAg,@비니비니-l1m,어떻게만듬,0,2024-03-28T13:23:05Z
3g3mFbcre90,Ugwz83Mxirs6ZmQ_CfF4AaABAg,@hdhdhxhxiririp,정답 계단이 아니라 평평한 종이로 입체를  표현한 것이다 ❤,49,2023-03-18T12:48:30Z
3g3mFbcre90,UgyLq1vDSYb7yDqK4Gd4AaABAg,@고란영-e1r,와  대단하네요,0,2022-11-03T06:26:18Z
3g3mFbcre90,Ugx1sNv8F3S61_iHrIV4AaABAg,@leesy7081,우와 천재,4,2023-01-29T13:13:01Z
3g3mFbcre90,Ugz3sdwrSnl2sX52pUd4AaABAg,@Robot-noob_per,착시현상인가요??,0,2024-02-10T22:58:37Z
3g3mFbcre90,UgxOgAJ8DgihLabmIld4AaABAg,@memeheasung,이거 착시 현상 대회 세계 1위임 심지어 이거 옆에서 보면 평면임,4,2022-11-13T04:30:51Z
3g3mFbcre90,Ugw62ZEWY7Nijr36E-J4AaABAg,@누브NB,평평하게하고 그린거 아닌가요?,0,2025-02-01T12:01:43Z
3g3mFbcre90,UgxUSXhO9gZ60PwANoJ4AaABAg,@hansong-kd9xi,잘만드션내용~ 그런대어떡해만드신거애요?,5,2024-01-12T13:03:11Z
nFPnPL1k2CE,UgzHmdH81dfT6ZHlqHB4AaABAg,@umeshkushwaha9795,Next time soon as,0,2026-07-09T15:02:29Z
nFPnPL1k2CE,UgwexzXeJ6yqK90S--Z4AaABAg,@linaosin08com,Yang lanjutanya menit keberapa??,0,2026-07-09T10:48:26Z
k2TbjBG7-2w,UgxMSVtqBLpHxMsgaOJ4AaABAg,@krlhm55,어제다녀옴,0,2024-06-06T14:47:56Z
k2TbjBG7-2w,Ugxw6DeLKaB7_PV_UCJ4AaABAg,@박소은-e4o,"함평갯벌낙지 알아 주는디
먹고싶네  맛있겠당",1,2024-03-22T05:58:03Z
R7PH1l38H8o,Ugx2h8oE16V83B_0gbR4AaABAg,@가랄라라,나도대회나가는데~^^,0,2018-05-08T13:15:12Z
BCGzBbrq1jk,UgxUqIIMPPYRqLNF5X14AaABAg,@louezdieu986,합창은 물론이거니와 쏠리스트 완전 최고의 구성이네요,1,2021-11-07T06:45:53Z
BCGzBbrq1jk,UgxKvUHbDfC6hRdXtJ14AaABAg,@agapanthus1953,Wonderful...as always! Gamsahamnidda from Hoju.,2,2019-11-30T09:45:53Z
paEfYmgm4So,Ugx3TbWYegt9s02YWfx4AaABAg,@바람하늘꽃,"정기 연주회 너무 기대 됩니다
모두 화이팅요!!",0,2023-06-14T02:09:30Z
paEfYmgm4So,UgxEPIr3CrD8B5NC4tl4AaABAg,@최인숙-h5c,"항상 최고의 연주로 기대를 져버리지 않는 군포시립소년소녀합창단, 실내관현악단 응원합니다~^^",0,2023-06-14T02:27:57Z
paEfYmgm4So,UgyudkIr_UZtW97gSb94AaABAg,@사랑사이-h6m,군포소년소녀 합창단과 오케스트라의 최고의 연주 항상 멋져요^♡^,0,2023-06-14T06:53:49Z
wXqJTapU4CY,Ugz7Y5g0l9kf9wQPydp4AaABAg,@김석훈-m3c,박문전 지휘자님 여전하시넹 ㅎㅎ,0,2022-08-10T08:40:06Z
4gYH30klP1w,UgxV-fLpM-tpB9cSIb94AaABAg,@Hzisikekzk,"제발 절대 이 영상 내리지 말아주세요 ㅠㅠ
저 저기 학생이었는데 넘 추억이에요ㅠㅠ 영상이 찾아봐도 이 계정 뿐이네요😭😭 감사합니당",0,2026-04-02T06:16:23Z
PF_i0-Kd58w,Ugz_IZdqk9wkYHVhpcR4AaABAg,@jinkimlinedance7900,"알림 울려왔습니다~~😊가족 뮤지컬 너무 재미있겠어요~~ 뮤지컬을 안본지도 너무 오래 된거 같아요~~와우~
수박 잔치에 신났네요~~🎶🎵🎶
풀청으로 응원드리고 갑니다~~!!!👏👏👏",2,2021-09-02T04:46:26Z
PF_i0-Kd58w,UgxdmJu48CogWeltOjp4AaABAg,@MAY-CATS,"9월도 건강하고 행복 가득한일만 있기를 응원합니다..가족뮤지컬 따뜻하고 화려한 무대가 압도적이네요..신나게 즐길수있는 유익한시간될것 같아요.. 수박잔치네요ㅋㅋ
남녀노소할것없이 재밌어할것같아요.
멍멍🐶🐱냥냥",1,2021-09-02T04:44:30Z
PF_i0-Kd58w,UgzGhzzZKkrJmoSK5jd4AaABAg,@어머나윤쌤,"아이들이 엄청 좋아하겠네요
오즘 어디를 가기도 꺼려지지만 뮤지컬은 좋네요~^^👍🥰⚘",0,2021-09-02T05:04:46Z
PF_i0-Kd58w,UgzaT82CHh9O489xhI14AaABAg,@윤정희-아버지고향,"안녕하세요   멋진영삼
귀엽게 율동하는 새싹  친구들 
즐거운하루  였네요",1,2021-09-03T02:44:22Z
PF_i0-Kd58w,Ugx6V4WJ7l01wzZXPqN4AaABAg,@tv-jw8yd,3👈잠시 머물다 갈께요,0,2021-09-02T04:50:17Z
PF_i0-Kd58w,UgzDapDnQb_469mRzK14AaABAg,@노래하는파주댁김정임,"안녕하세요 인사드립니다 
함양에 사시나와요 
넘 반갑습니다 😁 
잘 봤습니다 
감사합니다 👏👏👏",0,2021-09-03T00:57:22Z
PF_i0-Kd58w,Ugzm7--W80nsG0Q84t14AaABAg,@옥이랑3구독금지,아이들이 매우 좋와할  뮤지컬이군요 ㅎㅎㅎ 옥이랑부게로 함께 합니다,0,2021-09-03T12:29:27Z
YbZN4TI2Sxg,UgxTsFs2aHOJ11SHEAp4AaABAg,@덕유린,좋다~👍,0,2021-06-01T05:00:59Z
8lhrihJCJGE,Ugy-4L3_rlZx-U1xnlp4AaABAg,@전치5주,이번주 토요일날  갈 예정인데 계곡 놀기 괜찮나요 ??,1,2023-06-19T17:41:38Z
8lhrihJCJGE,UgwO256RL2DcApQzNgB4AaABAg,@캠핑스토리-y6t,정말 재밌군요ㅋㅋㅋ,0,2022-07-22T14:00:16Z
8lhrihJCJGE,UgxaEQaCuCeXRR9d3wl4AaABAg,@파파목수,잼나게 보고 갑니다 😁,0,2022-07-17T16:44:25Z
8lhrihJCJGE,Ugx5qJeaYKcQDJguKDp4AaABAg,@messtincooking,이정도는 되어야 계곡이죠😀😀,0,2022-07-18T11:24:25Z
8lhrihJCJGE,UgxMLe05-PCBa3ixC0R4AaABAg,@hklee6076,혹시 텐트자리 그늘은 충분한가요? 타프 설치없이도 그늘이 충분한지 궁금합니다.,0,2022-07-28T15:42:10Z
8lhrihJCJGE,Ugz9s1kN2T6qacOy4eZ4AaABAg,@시아-r1g,여기 전기사용 가능한가요~?,0,2022-08-07T11:38:34Z
WcJYddCsn-g,Ugx2wBbxHr23D7grN7J4AaABAg,@임종현-y8v,럭키네 최고!,0,2026-07-07T07:23:20Z
WcJYddCsn-g,UgwIwFRnSH9VbMN_0l14AaABAg,@노노보이,"일주일 백만원은 뻥이죠?
일인 4박5일 얼마들까요 싸게요",0,2026-07-09T11:23:29Z
szJqxjg46NI,Ugy2W8QP77lO2PkWMNJ4AaABAg,@joodeul,"안녕하세요.들판님들:)
폭염주의보가 있던 날 캠핑을 다녀왔는데요
올 여름 시작하면서 제일 더웠던 날씨였던것 같아요.
이번 영상도 즐겁게 시청해주세요.

🏷보드게임 스틱스택/타코/꼬치의 달인 3개를 세트 할인행사
https://m.smartstore.naver.com/asmodeekorea/products/5571868132?nt_source=youtube&nt_medium=ad&nt_detail=Joodeul&nt_keyword=",9,2021-07-27T08:00:44Z
szJqxjg46NI,UgwXj8khcc-Whh4nKQJ4AaABAg,@jimmywildandfree,"정말 여름 캠핑은 이겨내는게 맞는 것 같아요!!!
귀여운 파라솔과 알전구 조화 진짜 좋아용ㅎㅎㅎ",2,2021-08-02T00:46:00Z
szJqxjg46NI,UgzVTwLu1JpmJk8-dhN4AaABAg,@윤소소-f2o,오늘도 보면서 힐링했어요 날 너무 더운데도 즐거움 주셔서 감사해요 우와 마지막에 소나기였나봐요 좀만 늦었음 비 쫄딱 맞았을 생각하니 후덜덜 했을거 같아요ㅠ다음 영상도 기다릴게요~^^더위 조심하세요,2,2021-07-28T03:44:30Z
szJqxjg46NI,UgwjDxFzlH-ec0NvrxZ4AaABAg,@시우TV,와우 아이템 하나하나가 다 갬성적이네요 ㅎㅎㅎㅎ,2,2021-07-27T11:56:20Z
szJqxjg46NI,UgwfJzRBaKcti3dAog54AaABAg,@ajkim4040,넘 이쁜 주들~~~더워서 캠핑 못 가는데 대리만족만 하고 있네요~~ 더운 가운데 건강 조심하세요~~^^*,1,2021-07-29T00:57:10Z
szJqxjg46NI,UgyFOKL55mO5eAVylTR4AaABAg,@김지기-v8n,고추칩 광고인줄 알앗어요~,7,2021-07-27T10:05:14Z
szJqxjg46NI,Ugx-y5e_pyVRXA1BK_p4AaABAg,@송아리-w7f,항상 주들 영상 보면서 힐링하고 갑니다^^,1,2021-07-28T07:54:13Z
szJqxjg46NI,UgyNKVSAaoKJ3saCSmV4AaABAg,@dowony2,"고추칩이라는 과자가 있군여~!
꼭 먹어보고 싶은 과자네요😄",0,2021-12-21T07:19:42Z
szJqxjg46NI,UgzQ3gIwrmrHeZfHGY94AaABAg,@이남매-p3d,😱장수하늘소라니;;;신기한데 무섭기도하네요ㅎㅎ무더위에 건강조심하세요♥,1,2021-07-27T17:26:40Z
szJqxjg46NI,UgxDg5KvXG1lcHOXvJ14AaABAg,@koalla74,"여름엔 계곡캠핑이 짱인것같아요~
담엔 계곡으로 ㄱㄱㄱ~~~",1,2021-07-28T00:14:08Z
szJqxjg46NI,UgzGJDd5dJ__Td-76T94AaABAg,@choibolt,다음 캠핑장은 여기로 예약해야겟어용!! 주빠님 상어 너무 탐나네여 정보 부탁드려요ㅎㅎ,2,2021-07-27T09:09:00Z
szJqxjg46NI,UgxTjvDdOm7ZDzjqOPN4AaABAg,@bruraxl8335,It's great 👍😎👌,1,2021-07-29T02:11:20Z
szJqxjg46NI,UgwMDVHSdMViRMfR2y54AaABAg,@신은주-k6u,"안녕하세요~  영상 재미있게 잘 봤습니다~
혹시 새우 구워 드시던 화로대는 어디껀지 알려주실 수 있나용?",1,2021-07-28T07:45:46Z
szJqxjg46NI,UgxhQp6OqjFNG2aZyix4AaABAg,@TV-oj9db,"영상 잘보고있습니다^^
혹시 텐트안에 매트정보좀 알 수 있을까요??",1,2021-08-02T14:23:05Z
szJqxjg46NI,Ugykjs2SXi4A7UOOQ3V4AaABAg,@미미테일,영상 잘 보고 있습니다 이쁜 아이템 많이 보유하고 계셔서 개미지옥에 빠지게 난드시네요 ㅠ 그런 의미에서 파라솔 정보좀 알수 있을까요,1,2021-08-02T23:42:20Z
szJqxjg46NI,UgxZFxxoauzYkvKbKTB4AaABAg,@챙-e4k,주들님 컵 어디껀지 알수있을까요~?,1,2021-08-04T09:10:37Z
szJqxjg46NI,UgxEkQees414ch6Ei1p4AaABAg,@박흥순-p6r,반가워요주들님.저도지금손주둘대리고계곡캠핑중인데.넘덤내요.소낙비가그립네요.그리고자주쓰시던동그란팬제품좀알고심네요.저도주말까지화이팅,1,2021-07-28T05:50:46Z
szJqxjg46NI,UgxVwTAE_TXDxZA0VhJ4AaABAg,@이정훈-f4p1n,버너와 사각냄비는 어디꺼죠?,1,2021-09-09T11:33:32Z
szJqxjg46NI,UgxdtkYudd_hCNWnJDx4AaABAg,@뚱s맘,"저녁시간에 영상을봤더니 배가무~~지 고프네요ㅠㅠ
말씀하실때마다 예쁘게말씀하시구 긍정의아이콘이십니당👏👏
타코게임 하시는거보고 너무재미있어서 웃었어요!
스피드 제스처 굳굳ㅋㅋㅋㅋㅋ
원터치텐트와 타프조합도 잘봤습니다^^
캠린이는 항상 볼때마다 배울점이 많네여😄
무더운여름 안캠하세요👋👋",3,2021-07-27T08:25:26Z
szJqxjg46NI,UgyHFIB8gogndaXy17N4AaABAg,@위주선-q4m,앞영상 보면서  댓글 남겻는데  끝까지  보고 잇으니  게임도  재미 잇네요  ㅋㅋㅋ,3,2021-07-27T08:35:03Z
szJqxjg46NI,UgxED2EhCcMrh0Rq8od4AaABAg,@위주선-q4m,요즘 완전  폭염인데  밖은  죽음인데  거긴  너무너무 시원 하겠어요~~ 항상  부럽습니다~ ㅠ 언제나  화이팅 입니다~~!!,2,2021-07-27T08:12:26Z
szJqxjg46NI,UgzY3KD0j02EufhXp494AaABAg,@messtincooking,폭염 캠핑 진짜 무서워요 ㅎㅎ 건강 챙기면서 안전 캠핑하셔요^^,3,2021-07-27T10:08:40Z
szJqxjg46NI,UgxW-3O4m17zRFYZVEp4AaABAg,@하루이틀-d2z,"주들님 영상은 영상들도 항상 이쁘고 두분 목소리도 이쁘고해서 건너뛰지않고 정독합니다ㅎㅎㅎ
두분을보면 현실부부가 아닌 드라마속에 주인공 부부같아요^^
논뷰마져  아름답네요^^
좋아요 꾹",3,2021-07-27T08:45:08Z
szJqxjg46NI,Ugxz5NB7vDAY1vYLuAF4AaABAg,@기석박-s8q,안녕하세여 혹시 장소는 알수 없나요? ㅎㅎ,2,2021-07-27T09:09:22Z
szJqxjg46NI,UgwM_AHF_UQrcy-V8fd4AaABAg,@박원희-l8q,너무반가워요.69세 찐팬이에요. 꼬박꼬박 보고있는데 너무 더워서 염려도 되면서 너무 더워서 이번주는 건너뛰시나 했어요. 더위에 조심해서 캠핑하셨으면 좋겠어요.. 일단 빨리 영상부터 볼게요.감사해요.❤❤❤,8,2021-07-27T08:14:07Z
szJqxjg46NI,UgzpnjnXClw2m0KqWGp4AaABAg,@KH-qr4co,여름에는 무조건 깊은 산. 덕유대가 인기가 좋은 이유가 있어요.,1,2021-08-16T06:53:31Z
szJqxjg46NI,UgxWUVeNglblB8KTYmN4AaABAg,@betterthannow,살랑사랑 부는 바람이 너무 시원하게 느껴집니다~~ 영상 편집 정말 잘 하시는 것 같습니다 ^^,1,2021-07-31T04:33:04Z
szJqxjg46NI,UgyxsZ2t6ws4J2MdfZx4AaABAg,@박명옥-n3m,저희도 가 봤던 곳이라 반갑네요 ㅎㅎ 깨끗한 시설이 맘에 들었어요 ~~,2,2021-07-27T08:45:10Z
szJqxjg46NI,UgyAZQNwH8p0HCCwQ0J4AaABAg,@뽈-g3e,쓰시는전기밥솥 궁굼해욧 ㅎ,0,2022-04-11T14:53:21Z
szJqxjg46NI,UgzEEpqUOl2fEkLnqJ14AaABAg,@보키-q3j,"진짜 입에서 덥다는 말밖에 안나오죠..~ 
이또한 즐기며 하는거죠?ㅋ 
급새우꼬치 먹고싶어지네요~ 요즘 더워서 불앞에 있기도 두렵네요~ 가족과게임하며 즐기는것도 좋네요
저흰각자따로 ㅎ 밥먹을때만 같이 
영상 즐거웠어요",4,2021-07-27T08:18:03Z
n-XDBmpKDVc,UgyuarlzxNaMpBf9LfR4AaABAg,@쪼히-g4t,진짜 이정도면 1가구 1옹알 해야하는것 아닙니까 ....뭐든 잘해 최고야 ㅠ,18,2018-06-05T16:51:51Z
n-XDBmpKDVc,UgznAxRNdMX5fZaZCgx4AaABAg,@영원한햇살-w1i,옹알님덕분에 제 리스트에 에어프라이기랑 삼겹살이 추가됐어옄ㅋㅋㅋㅋㅜㅠㅠㅠㅠ통장은 슬프고 제 위장은 행복하겠져..?🤔,43,2018-06-05T10:38:21Z
n-XDBmpKDVc,Ugw_7m92Z-a6vF3pNrF4AaABAg,@hnjgzz,"믿보옹👍🏻👍🏻❤️
믿고 보는 옹알님영상😖",15,2018-06-05T10:32:22Z
n-XDBmpKDVc,UgzWUhLUtYHRTTsF5yt4AaABAg,@아리-까리,"통삼겹에 마늘 뭍혀서 구워도 맛있어요 물론 간마늘이지요
치킨 도전 어떠세요?? 생닭에 카레가루 살짝 발라줘도 괜찮아요~~",19,2018-06-05T10:52:16Z
n-XDBmpKDVc,UgxvOWRBAQuunj3_rZJ4AaABAg,@yoovlog,에어프라이어 뽐뿌온다.....,53,2018-06-06T07:53:32Z
n-XDBmpKDVc,Ugy7XE32X915mh0kzUF4AaABAg,@hyewon3972,"옹브이로그 꾸준히챙겨보지만 볼때마다 마음이 편안해져요☺️
특별히 자기전에 조곤조곤말하실때 저도 같이 힐링이되고 친구처럼 같이 하루에잇엇던일 말하는거같아서 조하요👍🏻
 꺄ㅑ 오늘은 맘스터치 싸이버거 말잇못🙊
글구 항상 생각하는거지만 옹님 피부와아아안전 좋네요 꿀피부🤔 
남은하루도 행복하게 보내세요 옹알님❤️",25,2018-06-05T11:16:32Z
n-XDBmpKDVc,UgwyLYUH5s-ldebBbsB4AaABAg,@WA-jn3iy,알람 뜨자마자 호다다닥 들어왔네유~~^^*😍😍,9,2018-06-05T10:31:24Z
n-XDBmpKDVc,UgwSidTaus1AWAesEWF4AaABAg,@러브드-j7q,"통삼겹 보고 관심없던 에어프라이어에 관심이 생겼어요...😂😂😂ㅋㅋㅋㅋㅋㄱㄱㅋ
으아 마늘 삼겹 비주얼...!!!👍👍👍
거창세끼도 기대할께용💖💕💖",8,2018-06-05T11:25:06Z
n-XDBmpKDVc,UgwzhXK1gDpztRvDFAl4AaABAg,@곤지-i8p,오늘영상은 힘들었어요ㅠㅠ맛있는게 너무 많아요ㅠㅠㅠㅜ,7,2018-06-05T13:55:35Z
n-XDBmpKDVc,UgztBulL_ow7JPyE7q14AaABAg,@동그리-g4r,제목 '통삼겹'보고 호다닥 달려왔어요!!!,2,2018-06-05T13:42:23Z
n-XDBmpKDVc,Ugwg5C9jcwa9HGrdOwd4AaABAg,@tldms3310,아껴놓고 보려다가 빨리 봐버렸어용ㅋㅋㅋㅋㅋ 옹알님표 거창세끼도 기대하겠습니닷 ㅎㅎ,4,2018-06-05T11:15:57Z
n-XDBmpKDVc,UgzQf0if8fX5qUotc_N4AaABAg,@pyclge,나도 사고싶다아ㅜㅠㅠㅜㅜㅜㅜㅠ 에어프라이기가 있으면 정말 삶의 질이 달라지는군요ㅠㅠㅠㅠㅠㅠㅠㅠㅠ,3,2018-06-05T14:25:37Z
n-XDBmpKDVc,UgweY6J9RUoAMQH6-6F4AaABAg,@성세현-n6g,도토리 양념까지 하세요??ㅎㄷㄷ,20,2018-06-05T13:31:33Z
n-XDBmpKDVc,UgyVwsenvvhlfsadqKx4AaABAg,@롱타임노씨-y7n,옹알님 늘 응원해요~~트루언니 보다가 옹알님도 알게되어 구독하는데 일상 너무 재미있고 보다보니 옹알이님 참 따듯한분같아요 먼저 올라온 거창세끼속 옹알님보니 너무 예뻐 못 참고 여기에 와서 댓글 남겨요~할머님께  반찬 올려주는모습이 자꾸생각나요ㅠ 어쩜 이리도 착하실까ㅠ 옹알님은 사랑♡♡♡,2,2018-06-05T12:47:59Z
n-XDBmpKDVc,Ugwch5xKKfOD2lghc3d4AaABAg,@birdeee,저는 옹알이님이 운전 하는 거 보는게 넘 재밌어여 ㅋㅋㅋㅋ 애기같은데 신기해요오,2,2018-06-05T14:29:57Z
n-XDBmpKDVc,UgwFVqHbhlR9goUKQlF4AaABAg,@임선희-r5b,"옹알님 영상 넘흐 잘 보고 있어요^^
저보다 어리신데 야무지셔서 본받고 싶네용!!👍👍👍",2,2018-06-05T13:53:30Z
n-XDBmpKDVc,UgyucVyEVHwLYIukgkp4AaABAg,@kyjoo2004,진짜 이런힐링 친구들한테도 전파중입니당!😻,1,2018-06-05T16:35:33Z
n-XDBmpKDVc,Ugz6_A9Ts7OP86x32ap4AaABAg,@Jamie-mu8uy,옹알님~ 영상 진짜 잘보규있어요! 항상 되게 부지런해보이고 알차게 사는거같아 또 배우고갑니당! 화이팅❤️,1,2018-06-05T19:53:26Z
n-XDBmpKDVc,UgziLbyCbV5Mcl7CPQV4AaABAg,@Claireb-why,옹알님! 댓글 처음 달아보지만 진짜 저는 언니의 애청자입니다!! 언니의 동영상이 저한테 힘이 엄청 많이 되요!!😉,1,2018-06-05T10:53:44Z
n-XDBmpKDVc,UgxSCMJt5GQ3DCWBOXp4AaABAg,@sohee8028,마지막에 거창세끼라는 말이 나와서 쪼금 놀랐네요ㅋㅋㅋㅋㅋ 유트루님 영상 제목이었는데 이렇게 말로 들으니 확실히 다르게 느껴지네요ㅋㅋㅋㅋ 오늘 영상도 잘 봤습니다!!,1,2018-06-05T13:09:18Z
n-XDBmpKDVc,UgxIqY_EMBK7UVXAY2l4AaABAg,@ssujj6987,선좋아요 후시청!!! 우아아아앙😍,4,2018-06-05T10:32:18Z
n-XDBmpKDVc,UgzFAFrcpVuubvbvZeJ4AaABAg,@굠-t2p,헉 언니 도토리묵 썰어와서 한입먹으면서 언니영상틀었는데 틀자마자...! 아니아니 이런 우연이....?....!.!.!.!.!🙊,0,2018-06-06T11:09:23Z
n-XDBmpKDVc,UgyqtkykzEtnMdpSMTN4AaABAg,@윤슬-e4l,오늘 처음 언니영상 보러왔는데 트루언니와는 다른 또 다른 힐링을 받고가요!!💙,0,2018-06-06T10:35:45Z
n-XDBmpKDVc,Ugyvy1Jm0gxpamCRXyV4AaABAg,@Boo_Yeo_Ul,"❤옹알언니❤ 너무 맛있겠어요ㅎㅎㅎ
저듀 먹어보고싶네요ㅎㅎㅎ 오늘도 소소한 일상이라고 하시지만 저한테는 꽉차고 재미있는 영상이에요ㅎㅎ 감사해요❤❤❤❤❤",1,2018-06-05T10:57:52Z
n-XDBmpKDVc,UgwLHktF9spoksQcFFN4AaABAg,@오뉴-p9j,우와 에어프라이어 탐나네요👍🏻 옹알님 요리는 믿고봅니당❤️❤️ 옹알님 영상 넘나좋아요,2,2018-06-05T15:42:20Z
n-XDBmpKDVc,UgyugZCmebGjNMz2Dv54AaABAg,@yeong0719,진짜 ... 야무지심👍🏼👍🏼 도토리묵이라니💕 진짜 피부 너무나 좋네용,1,2018-06-05T10:54:46Z
n-XDBmpKDVc,UgyMqVRqWtNxDeR-1ZR4AaABAg,@냥구리냥냥,흐앙 키보드소리 죠아요 ㅠ 옹알언니! ASMR 가즈아~!~!~!,0,2018-06-05T19:10:24Z
n-XDBmpKDVc,UgwCRhuTNfmian-JS_N4AaABAg,@뉴늉맘,헐 통삼겹 마늘 ㅠㅠㅠ 완전 맛있겠어요 오늘도 잘 봤어요 옹알님~,0,2018-06-06T03:20:49Z
n-XDBmpKDVc,Ugwh6PR8bkO0F1Bf7al4AaABAg,@현주-s1d,"언니영상을보면서 저도 치킨을 먹었어요ㅋㅋㅋㅋㅋㅋ
통삼겹진짜맛있어보여요!!진심 에어프라이어를 사야겠다는 마음이 너무 많이 들어요!! 진짜 항상 좋은영상감사합니다!!
😁😁😁😁💜💜💜",1,2018-06-05T11:57:30Z
n-XDBmpKDVc,Ugy4BD7sDymiN14b5-B4AaABAg,@잼잼_222,캬하 통삼겹 비주얼도 대박이지만 맛있다고 하시니 진짜 관심 없던 에어프라이어가 갖고싶어지네요 ㅎㅎㅎ,0,2018-06-06T11:19:17Z
rsfNYHxOEPU,UgxA302thx72XGg4Y1N4AaABAg,@bbibbabba_lulla,나멈마얼굴이너무많이보이네요...,0,2020-08-05T16:18:35Z
UgwWoszn5VA,UgxoUV0aXa1Dk_bEQqB4AaABAg,@이현순-c2u,너무좋아요,0,2022-04-13T06:12:35Z
UgwWoszn5VA,Ugy2L2DxCGeFM7MaaSh4AaABAg,@TV-ul3my,"박수와함컵!!!!??.!!!!!!??!.?,!!,
,,!!",0,2022-05-24T10:26:26Z
7eF3vlwkSEA,Ugxr-eiV69FIrdODTH94AaABAg,@whatsupfam4527,다시봐도 저희집이랑 공감되는게 많은듯..구독이 안되있어서 다시왔슴다. 꾹꾹 저녁맛있게 드세요,1,2019-10-18T09:00:57Z
7eF3vlwkSEA,Ugzh12bvnSpRr1p8Jo14AaABAg,@song7713,누나 딸 ?,1,2019-08-22T07:56:06Z
toSYRcKBhhM,UgyRwZ5GJ3NJUETaNEh4AaABAg,@schoolfoodking,"⬇⬇급식걸즈 뮤지컬,급식왕 부산국제코미디페스티벌 예매하러 가기⬇⬇
급식왕 부산 코미디페스티벌 -- https://tickets.interpark.com/goods/23009708
부산 - https://tickets.interpark.com/goods/23009224?GoodsCode=23009224&is1=ticket&is2=product
구미-https://tickets.interpark.com/goods/23011201
청주 - https://tickets.interpark.com/goods/23010305",38,2023-08-28T09:07:12Z
toSYRcKBhhM,UgzxHXZdUr69AD1Lorx4AaABAg,@keeter12,수박이 수영장이면 수박주스 이야기하는건가요?ㅋㅋ,7,2023-08-28T10:09:18Z
toSYRcKBhhM,UgwZ2b3vFPPOUV_W60l4AaABAg,@또옹TV,뭐야 라바쌤 ㅋㅋㅋㅋㅋㅋㅋㅋㅋㅋㅋㅋㅋ바보,0,2023-08-29T07:37:05Z
toSYRcKBhhM,UgzAoKTsCDo5CYUZTih4AaABAg,@star-dx8ud,"10:56 개콘에서 본 그거당
너무 반갑다.참 재미있게 봤는뎅ㅎㅎ






아 그리고 메이킹도 빨리 빨리 만들어주세요.",0,2023-09-16T10:48:43Z
toSYRcKBhhM,UgwiPZVrNsM1gnaMtfF4AaABAg,@건댕이-j2k,ㅋㅋㅋ 아니 진짜 수박을 ㅋㅋㅋ ㅋㅋㅋ,0,2023-09-01T11:48:56Z
toSYRcKBhhM,UgxAdPTjzeR-k20xVCB4AaABAg,@asmr중독자-z8g,정말로~~ 급식왕이든 급식걸즈든 다 재미있어서 매일 보게됌!!,3,2023-08-29T08:04:38Z
toSYRcKBhhM,UgwJ6iLciESOs5BTwC94AaABAg,@winter_snackzz,이번 영상도 재미있었어요❤🎉🎉😊영상 올려 주셔서 감사해여❤❤  비록 늦게 봤지만🎉🎉,0,2023-08-29T08:20:41Z
toSYRcKBhhM,UgwbKfhUhZKA7kGr2GR4AaABAg,@Jinhellow,너무 시원할것 같아요!급식왕님 항상 재미있는 영상을 올려주셔서 감사합니다!,0,2023-08-29T07:17:43Z
toSYRcKBhhM,UgwQFmCjHXL2Km0Oj4F4AaABAg,@유완상-t8k,아양 아트센터 너무 재밌었어요 급식까지 뮤지컬 다음에 또보러 올래 🎉🎉🎉,0,2024-02-01T23:46:39Z
toSYRcKBhhM,UgyWYvTg22s5KygTa894AaABAg,@김태완-l7n,"뭐야 2지구 데이지가 아직도 있는거야
아무튼 뜨거운 여름 있으니까
수박은 학생들을 먹어야 되겠는데",0,2023-08-29T05:56:47Z
toSYRcKBhhM,UgxxzuyHEpgSnwFBmCB4AaABAg,@박기범-v3y,급식왕 영상이 기대되네요,2,2023-08-28T10:10:24Z
toSYRcKBhhM,UgzX3SiYYDKUbcIUrs94AaABAg,@이윤_사랑녀,2지구 데이지 궈여워요,1,2023-09-03T11:51:38Z
toSYRcKBhhM,UgxI-G0-yw3w2gSJCWx4AaABAg,@장주영-m1w,옛날 캐릭터 전부 나오게 해 주세오,2,2023-08-29T08:01:10Z
toSYRcKBhhM,UgyR6xY6QrGV-io5mvV4AaABAg,@김예명-n8m,저 이번주 토요일에 급식왕 코미디 페스티벌 가요❤❤ 토요일 4시때 봐욤❤❤,2,2023-08-28T10:14:33Z
toSYRcKBhhM,Ugzt1N0oW_w9VKSLZGZ4AaABAg,@중앙선KTX이음,다음편은 라바쌤 빚다갚다 나오면 좋겠네요,0,2023-08-29T10:08:23Z
toSYRcKBhhM,UgxVc5NHGRTdXO35rdF4AaABAg,@moonlight_6313,여름엔 역시 수박!~🍉,2,2023-08-29T07:52:33Z
toSYRcKBhhM,UgwaUgbQACXWAwOE1EN4AaABAg,@김선우-k8z,ㄹ.  라. 라바쌤 불쌍하시네여😅😅,0,2023-08-30T05:36:18Z
toSYRcKBhhM,UgzhOqht3kfHj5STN4B4AaABAg,@지현진-g5h,아진짜팬이에여,1,2023-08-28T11:38:26Z
toSYRcKBhhM,UgzQoyetd6lIQYtsr-R4AaABAg,@CHABINNIE,라바쌤 통장 찿은거 축하해여,0,2023-12-18T06:52:25Z
toSYRcKBhhM,UgzH0mJbE6H3EuBfzIJ4AaABAg,@지유뽀미의하루,박공주쌤 왼일이래ㅋㅋ,1,2023-09-22T11:07:07Z
toSYRcKBhhM,UgwkfDEmyshaCo4xKuZ4AaABAg,@해피해피-l9c,동키쌤이 길가다가 충섭이 조심하래 ㅋㅋㅋㅋ ㅋㅋㅋㅋ ㅋㅋㅋㅋ ㅋㅋㅋㅋ ㅋㅋㅋㅋ ㅋㅋㅋㅋ ㅋㅋㅋㅋ ㅋㅋㅋㅋ ❤❤❤❤❤❤,0,2023-08-29T10:56:11Z
toSYRcKBhhM,UgxHlJwRjY0rbmYZ7KR4AaABAg,@qwfyhhjnnjjj,"기대된다,재미있어요.",0,2023-08-29T07:34:57Z
toSYRcKBhhM,UgyxYvHWvVGtR2Fy8lV4AaABAg,@오화영-e4q,에고.. 잊어버리면 또 여기저기 돈빌려달라고 하시겠지..😅,0,2023-08-30T07:02:06Z
toSYRcKBhhM,UgwFdeInP458PENxSHB4AaABAg,@토메이토-k7d,급식왕 너무 재밌어요❤😊,0,2023-08-30T10:42:49Z
toSYRcKBhhM,Ugyn2CvsTwuM_FAHf954AaABAg,@강성욱-h7s,"교실을 수박수영장으로 만드는 방법ㅋㅋㅋㅋㅋ 경찰서를 잡혀가야하구만 잘가라 이번에 하필이면 급식걸즈인가? 발가락쌤은 구구쌤이랑 헤어져라 냄새가 나면 누가좋아하냐 그런데 막내작가
잘하신다 보고배워 반평균을 깎잖아 발가락이 급식왕 홍당무님 막내작가님 다음편을 어떤거 만들지 기대됩니다 앞으로 잘부탁드립니다",0,2023-08-29T10:02:04Z
toSYRcKBhhM,UgwtG95e5YlBhYMlzLB4AaABAg,@Kamaime_Koryu,두루마 라바쌤통장뺏으면 니 도둑이다,1,2023-08-29T11:55:07Z
toSYRcKBhhM,Ugxa0ZlJ4gg4qKqdwi94AaABAg,@아보카도-c4d,오늘도 좋은 영상 감사해요❤❤,0,2023-08-30T17:57:07Z
toSYRcKBhhM,UgzxBuZ9nijSZ8S1pYp4AaABAg,@TV-ul2ol,수박수영장이면 박공주쌤이 다 먹어버릴텐데,40,2023-08-28T10:08:58Z
toSYRcKBhhM,UgyLHi-bAEwbMsjEn6R4AaABAg,@HiByeSalgujiyeon,당무 옷 거꾸로 수박이네 ㅋㅋ,0,2023-08-30T05:18:22Z
toSYRcKBhhM,UgxjUEwzG3gyLXnx0v94AaABAg,@jiesep,급식왕은 옛날도 재밌지만 지금도 재밌어요 급식왕 많이 볼게요,0,2023-08-29T09:10:45Z
YqGl-aoILhM,Ugw8-0UOu07DCfDAgc94AaABAg,@mamanggu70,https://youtu.be/_BxL6QA4Oag전체보기,0,2023-08-21T07:19:52Z
Hf5iwGYZ2BY,Ugw54JEoi_7tFTyCiiF4AaABAg,@예순김-e3w,어머나~^^,1,2025-03-19T11:57:50Z
pSBgKwTCEis,UgwszWuwDfi12eBmCjJ4AaABAg,@성대원-s9u,ㅇ,0,2023-10-13T08:27:50Z
uNQ4WAJcvu0,Ugxqk8ZtPkgkhDpjbyV4AaABAg,@Gloria.chosim,감사하며 감상 잘 합니다.,1,2022-03-08T06:21:15Z
T8kvy0IsnoA,UgihFNeRJg5pFngCoAEC,@투덜마녀이야기,감동의 기억이 새록새록 올라옵니다.감사합니다~,0,2017-06-26T05:41:36Z
r7IjKVvDW0o,Ugh8yL2yKRnETHgCoAEC,@투덜마녀이야기,영상 감사합니다~,2,2017-06-26T05:42:54Z
r7IjKVvDW0o,UghnPe7Bt1YxQHgCoAEC,@공쥬샹큼발랄민다,은별이언니넹    저두있네용 부천유스콰이어 사랑해주시는거 있지않았죠,2,2017-04-16T02:34:15Z
lH6HIG5Wg0g,UgxePc7ogLV5lZcaRyx4AaABAg,@윤경애-b2k,연습은 주로 어디서하나요,1,2024-06-17T01:08:31Z
i6MNaNZ2OeQ,UgxsLsaLyT5JXx3erd94AaABAg,@앙빵아놀자,엄청나시네요~이소프라노분 누구시죠?,1,2019-02-25T07:12:06Z
i6MNaNZ2OeQ,UgzQZaktJMRbO9eyfgV4AaABAg,@이서영-l8u9z,🎉,0,2025-06-20T12:45:30Z
Vw8QUiplsr8,UghLqd5nbVR2v3gCoAEC,@hyunkilshin,ㅊㅊ,0,2016-04-02T11:54:14Z
DorqZQCNFDU,UgybSP_gcVLTzntMqYR4AaABAg,@Didi-dr7kq,몇층에 앉으셨나요?,0,2025-05-13T05:10:37Z
VQe182znvDM,Ugxyo9hbhfHJHy_ceO94AaABAg,@진지한맹구,그립습니다~~^^♡,0,2023-12-07T08:29:14Z
L_feOxAkv7E,UgySQRyX-bzhrhMkygB4AaABAg,@moonduckim,"포스터 한장 한장 의미있는 자료,  영상으로 만들어 주셔서 감사합니다.",1,2018-05-06T03:39:07Z
L_feOxAkv7E,Ugw95LLs4MI6ZAhba354AaABAg,@a01071002385,#부천시와시립예술단노조위원장,1,2021-03-24T11:14:46Z
T6P3Co46w_k,UgwqoMjJbGSyZp_EAiJ4AaABAg,@카이노스홈서비스TV,바람이 먼저 났고 그래서 처자식을 버린것이다. 잡자기 유학을 떠난게 아니라 바람이 나서 하차를 하고 유학은 핑계일뿐,455,2024-04-04T01:36:41Z
T6P3Co46w_k,UgwDXbKjmJF70CEvV0x4AaABAg,@KBW-KBW,바람핀 여자도 그밥에 그나물이네...,537,2024-02-25T00:37:21Z
T6P3Co46w_k,Ugy0M2xYZ2aW3PLD55V4AaABAg,@hplee581,"사람이 살다보면 헤어질 수도 있다.

하지만 그 방법론은 문제인거다.
우리 색시, 색시하며 방송에서 색시 자랑하다가 다른여자 눈맞아
도피성 유학, 아내도 모르는 비밀귀국....이혼...
이런 방법은 아니지...

그래놓고
욕하는 사람들에게
나의 이혼이 당신에게 준 불편이 대체뭐냐?..
이게 맞냐??....
넌 혼나는게 맞다.",240,2024-02-25T08:00:48Z
T6P3Co46w_k,UgzVCGT90u0xaJJKwOB4AaABAg,@Aa-f6qq,진짜 거지상 찰떡,214,2024-03-16T10:53:02Z
T6P3Co46w_k,Ugw0r-8DfnGr-7hOs3F4AaABAg,@남이종범,"뜨면,,,저래,,,양아치,,,",573,2024-02-19T09:33:29Z
T6P3Co46w_k,Ugx5Gx4Au3mPgfoM2SF4AaABAg,@말-k4s,"김민희, 김민희의 스타일 리스트....그동네는 다 왜그모양.",22,2024-03-21T04:47:57Z
T6P3Co46w_k,UgwPDa0tgwPg_VR8WYt4AaABAg,@JucyJU-w6k,아니 하필 그 배우 직원,134,2025-05-09T02:09:20Z
T6P3Co46w_k,UgzcI3CUE0_qQH02zrl4AaABAg,@뻔뻔한자기,관상은 과학이다.,50,2024-03-01T05:00:13Z
T6P3Co46w_k,UgyxrPdwv2hkv5sDWgZ4AaABAg,@정승원-n7m,개구리 올챙이때를 잊었군,344,2024-02-22T02:17:07Z
T6P3Co46w_k,UgznCEdQiDvG35S9GIZ4AaABAg,@podona6089,"ㅋㅋㅋ 꼴깝떤다 하는 것임 저런걸 보고 ㅋㅋ
지복을 걷어차게 지가 걷어찰 관상이드만 역시나구만 ㅋㅋ",578,2024-02-17T16:25:18Z
T6P3Co46w_k,UgxsYUC3HaAal_2Q5AN4AaABAg,@CHOASWW,김씨는 한량에 놈팽이스타일 주변에서 먹여살리는 상이다,107,2024-02-27T11:42:27Z
T6P3Co46w_k,Ugyi2h6M9vdZd6JqhfF4AaABAg,@도준스-b3q,복을 걷어찻네,541,2024-02-15T07:35:28Z
T6P3Co46w_k,UgzbnGBwenh9ltn3bdh4AaABAg,@mjsuk670,"김민희 스타일리스트.. 라는 대목에서  
이거 뭐지? 깊은 것이
그 동네,, 왜 영 안되겠구만 싶네요.",387,2024-02-19T10:23:06Z
T6P3Co46w_k,UgzKnrfMVf5VbA1664d4AaABAg,@배동연-r5t,가장이 가족에 대한 책임감없이 지 꼴리는대로 살 바엔 결혼은 왜 하는데? 자유로운 영혼 어쩌고 하면서 책임을 방기하는 것들은 치도곤으로 다스려야 한다.,114,2025-12-11T05:23:13Z
T6P3Co46w_k,UgxAZ8yaFmoDp63qk1Z4AaABAg,@TV-re2iv,어찌 배우 스타일리스트 행보가 비슷하냐;;;,313,2024-02-15T07:53:23Z
T6P3Co46w_k,UgxBgmEcdX9RRSAu7e94AaABAg,@kjs-qr3mp,인성은 노럭하면 변할수 있으나 천성은 타고나는거다 이그,57,2024-02-29T00:24:46Z
T6P3Co46w_k,UgxWSPxt2lJPxXHEOyp4AaABAg,@달빛아래나-j7b,착한 조강지처 버린 인간이 행복하게 살거나 잘 뒤지는 꼴을 못봤다.,73,2024-02-29T15:44:34Z
T6P3Co46w_k,UgzzyibxqpoNOCjAcX14AaABAg,@어뗘-j2h,복여겨워~~  이말뜻이 이런거구나 ㅉㅉ,126,2024-03-01T01:08:54Z
T6P3Co46w_k,UgzwXx-4HqtLmwuzskN4AaABAg,@유주-q6r,배우자복이란게 있음 결혼하고 잘되거나 훅가거나 하는사람보면 배우자복 무시못함..,228,2024-02-15T08:08:30Z
T6P3Co46w_k,UgzgQ45Dvnc4r8c1QbF4AaABAg,@cookiejy,"난   티브이 켜놓고 밥먹다가 이 남자 나오면 밥맛이 뚝~~떨어졌음 
나한테 잘못한것도 아닌데 
왠지 싫었다
저런 인간성을 난 관상에서 알아봤던 모양이다",119,2024-02-18T14:26:57Z
T6P3Co46w_k,Ugxep6qWZlcXLMcLJEl4AaABAg,@미타-f6s,김C: 제가 바람펴서 여러분들이 피해보신게 뭐가있나요? (졸라 당당했음 미친)ㅋㅋㅋㅋㅋㅋㅋ,4,2026-01-30T03:24:48Z
T6P3Co46w_k,Ugx_5KPCF7OG2jxsQFJ4AaABAg,@김미향-c6p,"사람들의 비난에 이 자가 한 말...내 이혼이 당신들에게 어떤 해를 끼쳤냐고...이혼으로 파괴된 가정을 가진 사람들이 당신땜에 고통스럽다. 그냥 찌그러져 살아, 방송에 면상 들이대지 말고",41,2024-03-11T23:55:59Z
T6P3Co46w_k,Ugwi3SngFcIEXJlXaR14AaABAg,@tiasyn6072,가정환경 집안수준도 비슷하게 만나야하는 이유임. 머리검은 짐승은 거두지 말라고 했는데 부유한 여자가 가난한 남자 거둬들여 인생꼬인 유형..,148,2024-02-26T17:50:09Z
T6P3Co46w_k,Ugza9aSFCErbY9X2g054AaABAg,@고독한늑대-u4c,김민희한테 못된거 배웠나보네,583,2024-02-18T14:29:11Z
T6P3Co46w_k,UgwHyiaJapZU6vr-KRF4AaABAg,@빙수-g4f,처자식버리고잘될수가없지😂,48,2024-02-27T22:13:43Z
T6P3Co46w_k,UgwMf8slfzbHXkIsc4B4AaABAg,@김택관-m6c,조강지처를 버리면 어찌 되는지 알아보려 하셨나?,32,2024-02-25T07:36:39Z
T6P3Co46w_k,UgxajbJ8sgT4pX9cKMl4AaABAg,@user-ol2sr2vf2c,"고마운걸 모르는 인간은, 자기만 생각하고 사는거 같아요. 평생 안변해요.",9,2024-03-17T00:23:36Z
T6P3Co46w_k,Ugxf6j7Y_a5-nz_jCr94AaABAg,@오감자-p2d,1박2일 어느 편인가 엠씨몽이 종종 김씨가 다른 여자랑 만난다고 했던게 기억남. 김씨는 사실이 아니라고 장난식으로 항의했는데 그게 결국 만남의 시초였던거.,31,2024-03-02T03:27:45Z
T6P3Co46w_k,UgzP7ONJ_gedmOSXMC14AaABAg,@jk3lee609,"어느 방송사라도
내용이 사실 이라면 절대로 방송 출연을 하게 하면안된다",69,2024-03-01T08:30:50Z
T6P3Co46w_k,UgzrZDbYVdkmR3r2eet4AaABAg,@너울파도-l3u,본인은 본인이 최고라고 착각을 하는구나,21,2024-02-26T09:34:14Z
wRi1ymukNO4,UgwCNONBwjpjRpzVZZV4AaABAg,@최동건-l2f,철이 없기는 커녕 우는 할머니 안아드려서 위로 해드린건데 어디를보셔서 철이 없다고하시는지... 애도 슬픈거 참고 있을거에요 영정을 든것 보니까,95,2026-01-02T06:11:11Z
wRi1ymukNO4,UgzJBErRVYl6lEVKO1J4AaABAg,@joohyunlee8134,삼가 고인에 명복을 빕니다,1,2026-07-08T10:58:25Z
wRi1ymukNO4,UgycTEGPXw_aqV60n9h4AaABAg,@jhk2600-j1h,"장례지낼 때 우리 할머니 우실 때 왜 집안에 애기가 필요한지 너무 잘알았음..
성인이 다된 나도 못해드리는 것을 8살 손자가 해주고 있었음. 손자 때문에 할머니가 살고있음. 너무너무 고마운 사촌동생. 할머니에게 웃음을 주는 사랑스러운 내동생",4,2026-05-03T13:39:49Z
wRi1ymukNO4,UgwOpyUMAck9h2zduGp4AaABAg,@팝켓tv-x5i,너무 슬퍼하지 마세요 그곳에서 당신을 보고계실거에요 그곳에서 편안히 아프지 마시고 편안히 계세요😢,3,2026-06-02T14:53:06Z
wRi1ymukNO4,Ugzjmpdb6-YA5FYieN14AaABAg,@레옹-x7s,하늘의별이되신 고인의 명복을 빕니다!!,23,2023-11-12T23:50:19Z
wRi1ymukNO4,UgyMrdakLvWhGEITR_J4AaABAg,@나인-123,철없는게아니고 너무 의젓하고 기특한아이에요. 우는할머니안아드리고 슬픈것도참는아이가 어디가 철없다는거죠?,5,2026-05-16T00:28:18Z
wRi1ymukNO4,UgxLUGh2yMg7qR1tdL94AaABAg,@땡땡임,삼가고인의명복을빕니다 부디하늘에선잘사시길.,2,2026-05-16T23:43:34Z
wRi1ymukNO4,UgzQB7bhQ3Erd10ef554AaABAg,@햇살788,주님에 곁으로 먼저 가셨군요  천국 가셨을 겁니다 ❤,20,2023-11-12T09:30:55Z
wRi1ymukNO4,UgwC-B2MyXgOCQmbEXx4AaABAg,@강희티비,슬퍼😢요,7,2023-11-25T07:52:10Z
wRi1ymukNO4,UgyNgcEvsoHIAHW-CIN4AaABAg,@스미친-b5s,삼가에고인에명복을빕니다,1,2026-06-04T11:19:01Z
wRi1ymukNO4,UgwJapx6rtoeCcajXwJ4AaABAg,@songi-r8f,아이 대단해😢,4,2026-04-11T10:32:40Z
wRi1ymukNO4,UgxGnCijBvhmIX3svmN4AaABAg,@Lucky-vf9lv,"제목이 왜 이래요 철없는 모습이라뇨, 의젓하기만 한데. 너무 기특한 어린이네요.",31,2026-01-08T15:52:47Z
wRi1ymukNO4,Ugx0dTuXzaNMzeq0nlF4AaABAg,@카피바라-zt5,고생했어요 ㅠㅠㅠ 하늘 나라에서 잘사세요❤❤❤❤,2,2026-01-09T11:45:34Z
wRi1ymukNO4,UgzZKurayoRIdmZCXSp4AaABAg,@Qwertifjdn-s4k4l,삼가 고인의 명복을 빕니다,1,2026-05-29T12:19:37Z
wRi1ymukNO4,Ugw78YwVGNq5RysF5Vh4AaABAg,@뉴비-d4j,삼가고인의 명복을 빕니다 ㅠㅠ!!,1,2026-05-04T23:24:50Z
wRi1ymukNO4,Ugw_gXpR7HkvXbsdeXl4AaABAg,@jumsubrak6697,삼가 고인의 명복을 빕니다 힘네세요ㅠㅠㅠ😢,1,2026-01-09T13:06:51Z
wRi1ymukNO4,Ugw593lSP8vCWGPZWZh4AaABAg,@사람_0422,삼가 고인의 명복을 빕니다 🙏 😭,1,2025-12-23T12:41:06Z
wRi1ymukNO4,Ugxr3e7GvUWp9ZxCZyJ4AaABAg,@임미혜-p9x2b,우리 주님께서 좋으신데로 들어 보내주셨을 꺼에요 슬퍼하지마시고 힘내세요,2,2025-08-31T07:35:01Z
wRi1ymukNO4,UgwO_CwYOS3c-7OdUdJ4AaABAg,@이기형-z8u,삼가 고인의 명복을 빕니다😢😢,1,2026-01-29T16:26:42Z
wRi1ymukNO4,UgxXuZwv1w5gNb8MEXp4AaABAg,@Qwertifjdn-s4k4l,삼기 고인의 명복을 빕니다😢,1,2025-12-25T14:00:59Z
wRi1ymukNO4,UgyU2-slNWcKW3iK-jZ4AaABAg,@강희티비,제가 너무 좋아하는이유는 바로 이런 상황에서 가장 많은 사람들이 함께 했던 것을 알기에 정말 많은 분들의 사랑을 느끼고 있습니다,0,2024-03-09T11:03:48Z
wRi1ymukNO4,UgyOzoxvxqBYSZ4GDT14AaABAg,@Qwertifjdn-s4k4l,삼가고인의 명복을 빕니다,1,2025-11-16T06:20:03Z
wRi1ymukNO4,Ugybl8cdeQFQwSHp8Rp4AaABAg,@노현도-q8x,삼가고인의명복을빕니다,0,2025-12-29T13:32:24Z
wRi1ymukNO4,UgzoRwH3w7tHo_9HRr94AaABAg,@지율-o5z,ㅠ,0,2026-07-02T08:54:34Z
wRi1ymukNO4,UgwO-caPgJ8Y94LD3aV4AaABAg,@요원hstsjsh,저영상을보니 저의 할아버지 생각이 나네요,2,2026-03-09T12:20:58Z
wRi1ymukNO4,UgypbC_lpHuG96UOTJ94AaABAg,@플투멍멍이,좋은곳에 가셨을것 입니다.,7,2025-03-17T08:05:59Z
wRi1ymukNO4,UgxIkJsVGIK4fMgEUzB4AaABAg,@플레티넘-c6i,심가고인의 명복을 빕니다,1,2025-12-13T08:02:27Z
wRi1ymukNO4,UgzdXZcQcITUBsHEwHR4AaABAg,@박은선-q8z,고인의명복을빌며,1,2025-12-04T18:07:56Z
wRi1ymukNO4,Ugz29oF2JKHJ1uNzBA54AaABAg,@쵸쿄인데_뭐요-gduxte,힝..우리 외할머니 생각난다,1,2026-05-03T07:52:52Z
wRi1ymukNO4,Ugwv-JGB_eMvV9GUfLZ4AaABAg,@jungs20,"삼가고인의 명복을 빕니다
(아까는 오류였습니다)",1,2026-01-14T07:02:11Z
qdBT8isz3-M,UgxhdPMgBhy-QAYJ0ap4AaABAg,@pakistankang,호교가 아니라 혹여,1,2023-08-25T04:16:00Z
dbHGo-1am0A,Ugy0HkDxkC2aTZmQN4t4AaABAg,@tvNDRAMA_official,"🌞 미스터션샤인 1편부터 보고싶다면? 아래 링크로 정주행하기!
https://www.youtube.com/playlist?list=PLdyB3s37qpTP0mLUOcpb3iV_SSTYB9mox",540,2020-07-30T01:26:46Z
dbHGo-1am0A,UgydZdTZ-mIyX_dFPLh4AaABAg,@3DCS884,"이 장면이 왜 명장면이냐면
저 두 추노꾼의 작품속 인격이 처음 드러나는 포인트임. 그리곤 살리고 구하고 돕고 의병도하고 폭파도 하고 멋짐",4488,2022-03-18T12:41:39Z
dbHGo-1am0A,Ugy4NrRMpDvOBLyK-vN4AaABAg,@이은승-p8f,상자를 통해 전해지는 그 작은 아이의 떨림에 측은지심을 느끼는 것이야 말로 사람 사는 세상이 지옥이 되는 것을 막아주는 마지막 보루가 아닐까 싶네요~,14058,2020-11-06T07:50:09Z
dbHGo-1am0A,UgzHcoBVrrChQvFCZel4AaABAg,@Gooo00-z4q,"나중에 이병헌이 도와달라면서
 '그 소년이 또 떨고있소'하는데ㅋㅋㅋㅋㅋㅋ",11542,2020-01-22T13:27:54Z
dbHGo-1am0A,UgxtAIe1Is6iKQwpBOt4AaABAg,@nahyunkim6335,"그 뒤로 뭔 일만 나면 유진초이 추노꾼한테가서 “그 소년이 또 떨고 있소.” ㅋㅋㅋ
“뭘 좀 잘 입지 계속 떨어..;;”
궁시렁 거리면서도 또 다 도와줌.
여러분 힘들더라도 꼭 정주행 하세요.~
미스터 션샤인은 사랑과 애국입니다.",6935,2021-04-21T22:46:48Z
dbHGo-1am0A,UgyIMjRkB6f-bp2gyLp4AaABAg,@hayomidang,"어찌나 떨리던지 상자가 얼마나 떨었으면 그 안에서 라는 대사가 너무 와닿는다 ㅠㅠㅠ
어쩜 주옥같은 대사를 쓰실까 작가님 대단",9799,2020-03-11T04:46:48Z
dbHGo-1am0A,UgwsGYCk_TpznSED4AR4AaABAg,@markryu1863,이장면에서 짠했음. 파국이 아재하고 옆에 계신분하고 이 드라마에서 감초역활 진짜 톡톡히 하셨음. 파국이 아재가 명언을 남기기도 하셨죠. 그판에서 누가 호구인지 모르면 네가 호구다.ㅎㅎㅎ,4928,2020-08-23T01:30:40Z
dbHGo-1am0A,UgwNizu-Z7F2jMkJOSF4AaABAg,@박지민-h4t5r,"대사 디테일 미쳤다 
추노꾼은 9살인지 10살인지 헷갈려하는데 이병헌이 그 9살 노비라고 단정짓는 걸 듣고 당사자인 거 알아채는 거 개소름",2875,2022-02-19T16:55:54Z
dbHGo-1am0A,UgwbJa9FH8-V_3MlPPR4AaABAg,@nahyojinee,"상자가 떨리는 걸 알면서도 아무 낌새없이 ""못잡것다""라고 말한 장면이 연기인 건지 실수인지는 모르겠는데 가장 현실에 가까웠고 자연스러웠음.",4561,2020-10-17T16:40:31Z
dbHGo-1am0A,UgybDaWfQJ1xpvtgwuV4AaABAg,@김진수-k5p,일식이와 춘식이가 초이를 일부러 안잡아줬다는거구나..  그래서 초이가 고마웠소 하는거구나..,5685,2020-01-21T09:31:07Z
dbHGo-1am0A,Ugx783o5A7SXNRd63B94AaABAg,@현핍-r4w,이분들 나중에 독립운동 하는데 감동 ㄷㄷ,4546,2020-08-13T14:15:19Z
dbHGo-1am0A,UgyD6agTv985RJXYtUl4AaABAg,@gomaemi,드라마 이렇게 광적으로 좋아해본적 없고 본거 또 보는 스타일은 더더욱 아닌데 미스터션샤인은 굿즈까지 찾아보고 촬영장까지 찾아갈정도로 좋음... 예술 작품임... 어찌 이리 대사 하나하나가 묵직할까,2205,2022-03-04T18:42:31Z
dbHGo-1am0A,Ugx4yYwSmy7j8H6FNZx4AaABAg,@kimbk.1583,1:49 복잡미묘한 저 눈빛..,387,2020-08-24T11:11:47Z
dbHGo-1am0A,UgzVTzjcqx22lPIdjVp4AaABAg,@jimin_1441,아 상자가 어찌나 떨리던지 고 안에서 얼마나 떨었으면ㅠㅠㅠㅠㅠ이런 대사 너무 찡해,1259,2020-10-05T05:57:18Z
dbHGo-1am0A,UgyCZABKch_LWrCVX6p4AaABAg,@마패-c3v,"파국 아재 진짜 연기 잘하시는거 같음
작품마다 내가 알던 그 배우가 맞나 싶을 정도로,다른 사람으로 빙의되서 연기하심 ㅋㅋ",1224,2021-07-28T20:59:16Z
dbHGo-1am0A,Ugz7REKbqKFLe2VMFd54AaABAg,@ilsuknam6308,"이런일은 드라마뿐만 아니라 훗날 사람관계는
어찌 될지모르니  몹쓸짓은 하면안돼..
몹쓸짓을 하더라도  용서받을수 있는만큼만
하면서 살아야해",3182,2020-01-24T12:08:28Z
dbHGo-1am0A,UgxkU2CX_ZVmuXTUkVV4AaABAg,@아갓럽포유,"최근들어 다시보는 중에 이 씬 생각나서 그 부분 유심히 봤더니
진짜 초반 가마터 씬에서
상자 밖으로 머리댕기 나온거 보이더라. 디테일 진짜ㄷㄷ",746,2022-12-17T13:12:38Z
dbHGo-1am0A,Ugws3wHWiNhBz_WF_Kx4AaABAg,@추억은사랑을닮아-w9r,이병헌 목소리 중저음 미쳤다 진짜,2318,2020-01-24T14:18:08Z
dbHGo-1am0A,UgyKWzsHGDz8QClDfWN4AaABAg,@언제나만쿨,이 드라마는 심지어 배정남까지 연기를 잘 했다.,590,2021-08-05T05:50:05Z
dbHGo-1am0A,UgwXXhalqLXBRZLwhgJ4AaABAg,@BH-vx6kq,저 두명이 친일했으면 조선은 최소 몇년이상 빨리 망했다는게 학계의 정설,3344,2020-04-14T22:29:01Z
dbHGo-1am0A,UgzQcl3uOlABaVKHuLV4AaABAg,@user-xj5ex8dt5e,조선말의 추노꾼이자 개화기의 장사꾼이자 대한민국의 교수이자 천리마마트 사장님이시네,1392,2020-04-01T04:43:53Z
dbHGo-1am0A,Ugy6Rm1yny5w2Rx18I54AaABAg,@박태훈-k9c,00:30 혹시 뭐 목적이 죽인다든가 죽이고잡다든가 죽일 예정이라든가ㅋㅋㅋㅋㅋㅋㅋㅋ,942,2020-04-05T11:04:20Z
dbHGo-1am0A,UgxW-GD6Sg1Zstf7i5Z4AaABAg,@yunjiya4964,그 소년은 덕분에 아주아주 길게 더 살았소 .. 나름 복수도 하였고 사랑하는 사람도 생기고 나라독립운동에도 참여하였소 … 그 많은 일을 덕분에 하였소 …ㅠㅠㅠㅠㅠㅠㅠㅠ,36,2023-03-02T09:07:34Z
dbHGo-1am0A,UgyWVm_eqtprkvncmUV4AaABAg,@nukeintheegg,"생각하면 정말 위대한 일 아닌가?

정말 아무도 신경쓰지 않고, 오히려 죽도록 팼던 그 천한 추노꾼 두 명의 자비로 한 양반가 여식의 운명이 바뀌고, 위대한 일에 힘을 보탰다. 
우리도 항상 주변을 봐야 할 것이다. 천하다 하여 눈을 거두는 일 없이, 고루 보고 사람의 온기를 가져야 할 것이다.",854,2020-10-27T19:40:00Z
dbHGo-1am0A,UgxLGBbE61pRnotfnVN4AaABAg,@이슬-u1i,"그 상자가 어찌나 떨리던지
대사가 넘 슬펐다ㅠ",446,2020-09-07T23:45:22Z
dbHGo-1am0A,UgxjN9luoyrvKyvRGTB4AaABAg,@mlb612,"와... 이 드라마 처음 봤을때 충격을 아직도 잊지 못함.... 
그냥 이건 드라마가 아니라 장편 영화임...
영상미, 대사, 배우들 그냥 다 완벽해서 
드라마라고 느껴지지가 않음 
그냥 각 편이 다 영화라고 착각하게 됨....
레전드 드라마 TOP 2 안에 들어감",10,2025-08-19T03:22:32Z
dbHGo-1am0A,Ugw_oInqe11i2y95ALB4AaABAg,@나다잉-f9y,연기를 어캐 저렇게 맛깔나하지?ㅋㅋㅋㅋㅋ 진짜 저 때 살던 사람들 같에,120,2020-08-27T03:10:57Z
dbHGo-1am0A,UgzrYQ-1A19aU9VDXhx4AaABAg,@sophialee2139,이 장면 너무 좋아서 10번은 본 것 같다. 이렇게 인간적인 대사와 감성. 너무 좋다.,30,2025-03-10T06:29:52Z
dbHGo-1am0A,UgySq9h4-uPKLYAAwAN4AaABAg,@제이초-v5p,"그 후 유진은 추노꾼에게 부탁할때마다 
""상자 속 아이가 떨고있소""를 남발하지ㅋㅋㅋㅋ",62,2021-09-15T17:20:11Z
dbHGo-1am0A,UgwsbM7b1-KzdwLQyqR4AaABAg,@이슬비-b9z,"상자가~~
상자가  얼마나 떨리던지~~
ㅠㅠ
이 대사에서 갑짜기~~
 눈물이 납니다~~",92,2020-12-17T09:35:21Z
R0_sh-JbWI4,UgwgctUsVWC0ImFeWbV4AaABAg,@LEGE_94,"저건 10년이지나도 아직도 저문구를 쓰네 ㅋㅋㅋㅋ

우리는 갈게
너희는 각개 ㅋㅋㅋㅋㅋ",2162,2024-09-29T10:09:52Z
R0_sh-JbWI4,Ugz0v8EtwMxoMqtOwgB4AaABAg,@김-h6j1y,훈련병3주째가 입소식 하는 훈련병 놀리는게 존나 웃음벨임 ㅋㅋㅋㅋ 내가 그랬음 ㅋㅋㅋㅋ,1484,2024-09-30T01:43:27Z
R0_sh-JbWI4,UgwwhdXt4vWn3WEFox14AaABAg,@user-fc1ht9wm1f,"군필: 공감
미필: 곧감",29,2026-02-18T07:09:25Z
R0_sh-JbWI4,UgxWyGc4imfsbHItuzt4AaABAg,@노마-v3u,"머리카락이 너무 많아서 집중이 안되네요!
밀어야 이입이 될텐데 ㅠㅠ",1411,2024-09-29T07:38:06Z
R0_sh-JbWI4,Ugw2wUxfl23f3ZgODGJ4AaABAg,@JjJj-ys3ld,"진짜 코골이가 대단함
내 건너편에서 한놈은 ICBM쏘고
한놈은 거기서 터지는 듯한 소리남",120,2024-10-07T15:09:10Z
R0_sh-JbWI4,UgzoU9vqNcZalWnWHMx4AaABAg,@woogi.02,"와 우리는 갈게 너희는 각개….
어딜가든 적혀져있었던..",543,2024-09-29T09:31:57Z
R0_sh-JbWI4,UgzVkfV3wZ9pE8OtGop4AaABAg,@theperfectchoicelife,자대가면 동기인데 몇주 차이로 왤케 짬찌처럼 보였을까..,141,2024-09-29T07:08:51Z
R0_sh-JbWI4,Ugx7kRfUD0NN0viLapF4AaABAg,@송송-w8m,ㄹㅇㅋㅋ 훈련소 끝나면 내 군생활이 끝난거 같지만 이제야 튜토리얼 깬거임…,98,2024-10-01T06:08:14Z
R0_sh-JbWI4,UgxWx-Zx6A7d24__bix4AaABAg,@세리카귀문질문질,"훈련소 2일차 서로 대화를 하면서 알아갔고
2주차에 친해지기 시작했고 3 4주차를 하며 더욱 친해졌고 각개랑 숙영 행군때는 진짜 잊지못할 추억이었다 특히 행군때 23시의 하늘을 올려다보면 보이눈 수많은 별과 그 밑의 수많은 빡빡이는 평생 잊지 못할거같다
3분대친구들아 너네덕분에 훈련소 정말 재밌게 보냈고 다시볼일 있으면 다시 보고싶다",18,2025-01-29T14:47:41Z
R0_sh-JbWI4,UgxcK_Zs14hL5qq-Oy14AaABAg,@방구석롹커,나는 갈게 너는 각개 이거 화장실에 ㅈㄴ 써있는데 ㅋㅋㅋㅋㅋㅋㅋㅋㅋ😂,15,2024-09-29T10:38:47Z
R0_sh-JbWI4,UgzOloZyDEGoU139yvR4AaABAg,@BNKIVA,2주 뒤 입대 입니다. 잘 다녀오겠습니다,10,2025-05-19T11:44:58Z
R0_sh-JbWI4,Ugzkml9wWXfVdpYMvTl4AaABAg,@user-tx4lq1qm5f,이거 보고 첫날밤 PTSD 왔다.... 군대는 진짜 생각보다 더 ㅈ같았고 암울하고 슬펐음....,9,2024-10-20T17:48:35Z
R0_sh-JbWI4,Ugz5G5zv5jdhN2pzBY94AaABAg,@21세기사랑꾼,오빠 진짜잘생겼어요,11,2024-09-30T05:18:01Z
R0_sh-JbWI4,Ugyq8w8AOJL8VnaIGAF4AaABAg,@코리아울프,24년 2월 26일 입대하고 2일도 안되서 분대동기들이랑 말놓고 그런게 엊그제같은데 8월 25일 동기들 다 전역했는데 난 하사가 되었다(6개월이지만 너무 길다),3,2025-09-08T14:26:15Z
R0_sh-JbWI4,Ugw6V9y7Whlrjt_e1W94AaABAg,@feel-good02,공익 훈련소 하면서 현역들이 완전군장으로 행군하면서 공익 쳐다보던 표정이 잊히지가 않는다..,4,2024-12-10T17:00:25Z
R0_sh-JbWI4,UgwA9PXVuxnYRP9Gk2t4AaABAg,@haksang2,훈련소5일차 친해지지도못하고 적응도못하고 우울하다,3,2025-08-16T07:27:44Z
R0_sh-JbWI4,UgyMhlyoL9ysrO4zztR4AaABAg,@SeBo-세보,1일차에 코골면서 자던 애들이 제일 신기함..,28,2024-09-30T06:48:33Z
R0_sh-JbWI4,UgyfDv7AhQIMuvFSIbp4AaABAg,@도하담당일진_나벨2,공익들 캐리어들고 엄빠차타고갈때 다들 한맘한뜻으로 슬퍼함..,4,2024-10-23T11:06:44Z
R0_sh-JbWI4,Ugzegfz_jG-ZaDNjJpJ4AaABAg,@woowoododo,감사합니다!,0,2024-09-29T07:07:28Z
R0_sh-JbWI4,UgwG8aAs_bmH5jhpvFJ4AaABAg,@taegyulee4956,눈썹 너무이쁘다 어캐하셨지,1,2024-09-30T06:24:45Z
R0_sh-JbWI4,UgxmnIFww_aSsd-CQXB4AaABAg,@user-kw8ds3hu7s,2일날 아침이 없는게 아쉽네요,2,2025-02-28T10:05:30Z
R0_sh-JbWI4,Ugx8hhpHXJ1qazvJ-7l4AaABAg,@쁍쀼-i3d,ㅋㅋㅋㅋ이걸 입대 하루전에 보는 내가..,85,2024-09-29T12:33:43Z
R0_sh-JbWI4,Ugy7qoEtwPx8jwYxkZp4AaABAg,@이빨-z5i,"족저테라피패드 챙겨가세요
행군때 발 덜 아팟어요",1,2025-06-10T19:07:46Z
R0_sh-JbWI4,UgwcJeNPwBkic24m13V4AaABAg,@냐아옹이다냥,감사합니다,0,2025-04-24T07:55:16Z
R0_sh-JbWI4,Ugyqsld1YPfBRTB0MLN4AaABAg,@kimchi_style05,훈련 다 하고 전속 가기 전에 식당에서 5일차 봤는데 그렇게 기분 좋을 수가 으헠헠헠 고생하십쇼 다들,7,2024-09-29T07:28:20Z
R0_sh-JbWI4,Ugy3WaKdc9lKWsorbih4AaABAg,@wave_king123,훈련소에서 만난 애 자대가서도 만나면 동기다ㅋㅋㅋㅋㅋㅋㅋ,2,2025-01-22T18:11:21Z
R0_sh-JbWI4,UgwwBPgt2BDhLiz8oWB4AaABAg,@깡꼬-03,작년 1월에 입대했던 날이 떠오르네요 ㅋㅋㅋ😅,0,2024-09-29T07:33:41Z
R0_sh-JbWI4,UgwEXSwz3Uh1VZEZNbd4AaABAg,@dlsak8221,헤헤 재밋다,0,2024-09-29T10:45:56Z
R0_sh-JbWI4,UgxXA2lbrg8rF5qlkol4AaABAg,@honma-m8c,군대가 좋아졌어도 가장 이쁜 시기에 군대에 갖혀 통제된 삶을 사는것 자체가 쉬운건 아니지. 이건 군대가 개판 오분전이라도 존중받아야 마땅하고 감사하게 생각하고 있음.,0,2026-02-10T00:01:25Z
R0_sh-JbWI4,UgyqhBdSfTSwtC2N9Fp4AaABAg,@d달밤b,제대하고 다시보니 지금 들어간다 하는 애들보면 왤케 ㅈㄴ 신나냐 ㅋㅋㅋㅋ,0,2026-07-07T19:52:11Z
DDMhoPGcQiI,UgzwbxwnkGeN6GILmYV4AaABAg,@송학림-i8k,내가 쉽게 해볼께.........멋짐 ㅎㅎㅎㅎㅎ,193,2025-08-04T10:48:22Z
DDMhoPGcQiI,UgzgOIJjGncFs-lv8kV4AaABAg,@hnch4720,조선에 있는 미군중에 제일높은놈이 총들고 와서 내가하겠다면하는거지 뭔말이 많아 하면 걍 사인해줘야지 ㅋㅋㅋ,291,2025-08-15T11:16:27Z
DDMhoPGcQiI,Ugwkw29brXYVymbXQ494AaABAg,@아티V6,제국주의 시대에 1계급 특진한 전쟁영웅 영관급 장교면 어마어마하지 ㅋㅋㅋㅋㅋ,26,2026-04-10T23:19:43Z
DDMhoPGcQiI,UgzOc9wWxDYcDgCqNUJ4AaABAg,@ghks-f5,아구스...전생에는 착했구나,161,2025-08-01T02:37:17Z
DDMhoPGcQiI,Ugw6XNDo35sCEpGPupR4AaABAg,@aquaangelia6398,훌륭한 대화의 수단을 가지고 딜을 하네. 멋있네. ^^,26,2025-09-04T08:55:12Z
DDMhoPGcQiI,Ugz9271uPhi1akg_uXx4AaABAg,@KevinKim122,하긴 ㅋㅋㅋㅋ 알렌이 공사라고는 해도 실질적인 조선내 미군 총사령관 비슷한 위치인 카일이랑 엇비슷한 위치지 뭐,106,2025-06-20T07:27:19Z
DDMhoPGcQiI,UgyGmvMKh7JQ9Z5D2vx4AaABAg,@링링링링-b4o,일본군도 개입하는데 미군은 왜 개입못해?멋진딜 지금 정치를 저렇게 해야 하는데...,22,2025-10-12T01:41:03Z
DDMhoPGcQiI,UgzCZv-L1iMNu4Kridd4AaABAg,@장내수,저때   최고 멋졌어 ..카일  부하 말을  저렇게  말도 멋있게  지켸..😅😂😮😊😢,65,2025-03-25T17:19:46Z
DDMhoPGcQiI,UgwUNIk0JIMO74571Rl4AaABAg,@Railroader-1,호러스 알렌이 카일한테 절대 못 비빔,2,2026-06-14T18:24:13Z
DDMhoPGcQiI,UgzAVWReGEQMLP3NCiJ4AaABAg,@구발란스,"극중에서 카일은 미국인 중에서도 조상이 영국인이라.. 
같은 미국인 사이에서도 레베루가 좀 다른느낌?
거기에 나름 전쟁영웅(유진이 살려줬지만)
빡치면 외교관쌩깔수 있음 ㅎ",31,2025-09-02T19:04:46Z
DDMhoPGcQiI,UgxkxizIYZ2kQZyXBH94AaABAg,@김무옥-k1h,ㅈㄴ멋있다 ㄹㅇ,6,2025-11-10T05:13:09Z
DDMhoPGcQiI,UgwM2KrSWqEXxTgUi914AaABAg,@이귀희-l5y,최고의 친구를 얻었다!  .,0,2026-07-03T00:35:58Z
DDMhoPGcQiI,Ugxno5NRPfPcDJANoRR4AaABAg,@CeA-p8d,"아구스가 원랜군인이였지....
어쩌다가 무기밀매에 손을댔어~",2,2026-01-29T05:10:49Z
DDMhoPGcQiI,UgxIV28Uli43ijTIHDt4AaABAg,@BKN910711,츄즈 닥터,8,2025-08-16T09:34:17Z
DDMhoPGcQiI,Ugx-vg6XPhq-CTfTBIN4AaABAg,@osvec,ㅋ ㅑ ~ 그렛잇 ~!! Lieutenant ㅋ ㅏ 일 무어 ~!!,0,2026-05-01T12:41:07Z
DDMhoPGcQiI,UgyKZoj7hGu7G8wzV1N4AaABAg,@금은동-gsb74,"호러스 알렌...스브스에 제중원이란 비슷한 시기를 다룬 드라마에서 주인공을 도와준 선역으로 나왔는데 실상을 보면 파킹 양키에 불과했음..
근데 미션에선 알렌의 실제 묘사를 그대로 해줬음ㅋ",9,2025-08-27T15:13:57Z
DDMhoPGcQiI,Ugxv1r9QXrzd-ldwWgt4AaABAg,@Andreas-g6m,여기서 닥터는 박사라는 뜻인대,1,2026-07-01T18:36:04Z
DDMhoPGcQiI,Ugy164UfL25OMkrSSf94AaABAg,@슈비파파,티모시달튼 닮음,0,2026-03-23T01:17:08Z
DDMhoPGcQiI,UgwtIf2gUcxqDr7-XeF4AaABAg,@kim-py7bh,쥬스닥털,0,2025-12-21T08:10:25Z
DDMhoPGcQiI,UgyZxs5LQiZtPRpOpch4AaABAg,@stafftglove,알렌 이 사람 오징어게임 vip??,0,2026-02-10T06:57:24Z
DDMhoPGcQiI,UgwMeFKNAa80SoHJFvh4AaABAg,@yu.andrew8918,타국에서 주둔 할때는 군인이 최고.,0,2026-06-04T01:25:59Z
DDMhoPGcQiI,Ugyw7wdA5xMMGVYXdkl4AaABAg,@손준철-l7i,2,0,2026-05-28T08:31:25Z
DDMhoPGcQiI,UgxU3QzMwUvBjpjDDTd4AaABAg,@sswewe5866,"사실상 카일무어가 저 세계관 최강자임 ㅋㅋㅋ 

전쟁영웅에 조선에서 카일 무어보다 높은 계급의 군인도 없음..

저 혼란의 시대에 의사 나부랭이가 군인한테 개긴다?..  갈아치우면 됨 ㅋㅋ",1,2026-03-27T00:41:02Z
DDMhoPGcQiI,UgzcoaxdkX281VLoV-N4AaABAg,@terrybossman3697,"어려운 부탁이야

말해봐 내가 쉽게 해볼게

세상 든든하다...",28,2025-08-18T21:47:48Z
DDMhoPGcQiI,Ugxmn2b8q76r214-qoF4AaABAg,@jh729,"근데, 파견 미군중 제일 높은사람이 장군이나 제독도 아니고.,  소령? 실제로 저랬나?",2,2025-08-27T00:14:16Z
z-XIEWXJ4k8,UgwEwUNkYnNNguz3GKR4AaABAg,@길동-w7m,뭔뜻임?,0,2023-08-06T13:17:07Z
O4rLYBco7Ag,UgzReUQ1CVlAnDqmb-54AaABAg,@꽁꽁-v8f,대표적인 역사왜곡 드라마,0,2022-12-01T19:46:31Z
ll_MR-FHGBA,UgyPG_g2w1lzIrggpjZ4AaABAg,@또리장군-y7n,넘 이쁘고 슬프고 안타깝고 애달픈 드라마,7,2023-06-30T01:45:28Z
ll_MR-FHGBA,UgzL59OKdlzdOQO1snh4AaABAg,@jassminkim5566,참구엽다!,1,2023-07-27T10:27:44Z
ll_MR-FHGBA,UgwX33xTcTH0npnnkft4AaABAg,@한도-x6n,애가 타는구나,0,2023-07-03T10:32:52Z
QduS6gmQZVI,UgzkU26JxMu_92qmbAx4AaABAg,@hellen2921,초록 잘어울려,1,2023-08-06T11:46:57Z
CHZPgK5tqTI,UgzyMhAG7QdQJ1fevb94AaABAg,@user-fu4bd1dq5n,나는 갈게 너네는 각개,3492,2023-01-29T10:13:56Z
CHZPgK5tqTI,UgwhypKWj3Wv_00VV8R4AaABAg,@juni4245,야간전술보행 이거 ㄹㅇ 하면서 내가 이딴걸 왜하고 있지 하면서도 주변 살펴보면 그냥 개웃김 ㅋㅋㅋ,142,2023-09-03T10:42:28Z
CHZPgK5tqTI,UgxEgssy67mpyDxMC2x4AaABAg,@아지아지송아지-w9x,왜 진지한 모습이 더 귀여워 보이지?ㅋㅋ,527,2023-01-29T04:42:00Z
CHZPgK5tqTI,UgyghaG_OJGhdc99N4l4AaABAg,@JaydenJo124,5주차 특) 1주차들 앞에서 군가 ㅈㄴ 크게 부르고 4주간 한번도 맞지 않았던 제식이 완벽해짐,1082,2023-02-06T18:20:52Z
CHZPgK5tqTI,UgweC0VWOLRfBUu1czR4AaABAg,@lifeyolo4871,요즘은 몽쉘 먹을려고 교회 안갑니다 ㅋㅋㅋㅋㅋㅋ 부식이 하도 잘 나와서 오히려 살이 찝니다 대신에 5주차가 2주차 놀리는건 진짜로 있음 ㅋㅌㅋㅋ,752,2023-01-29T03:29:54Z
CHZPgK5tqTI,Ugx6xImsO0Wmw5F4HeF4AaABAg,@uminnice,"ㄹㅇ 5주차가 3주차 1주차 지나가면 놀리고 낄낄대고
3주차가 1주차보고 '니네 좆됐다'거리는게 코미디임 ㅋㅋㅋㅋㅋㅋㅋㅋㅋㅋㅋㅋㅋㅋㅋ",401,2023-04-09T13:31:25Z
CHZPgK5tqTI,UgxrBa-mjjLsfNTw8Vh4AaABAg,@VichunGSI,"근데 훈련소는 진짜 아무것도 있는게 없지만, 동기들 덕분에 버틴게 크긴 함... 마지막날 전출날에는 서로 울면서 안아주고 보내주기도 했었움... 가끔 그립기도 하고",37,2023-08-11T02:08:29Z
CHZPgK5tqTI,UgzfYyI8VqMLlCP6eZN4AaABAg,@김수연-b3p2q,"나라를 지키기 위해서 힘써주시는 대한민국의 모든 군인 분들께 감사의 말씀을 전해드립니다,,🥹😭 진짜 마음아파요,,,",104,2023-05-05T14:02:19Z
CHZPgK5tqTI,UgxGghdWEJugg3L7V6h4AaABAg,@amelia9913,"튜토리얼 끝났습니다
이제부터 진짜 시작입니다",1182,2023-01-29T06:31:55Z
CHZPgK5tqTI,UgwSgYYL9j5XG_lv-ZN4AaABAg,@dasf51adsfads,"최근 필수 훈련소 준비물
 
1. 일체형 충전기 - 훈련소에서 주말에 휴대폰 사용 가능합니다. 근데 분리형 충전기 말고 일체형 충전기만 반입 가능해서 꼭 일체형 충전기 사가세요

2. 이어플러그 - 새벽 1시만 되면 양 옆에서 귀에 악지르듯이 코곱니다. 진짜 개패고 싶은데 팰 수는 없으니까 이어플러그 무조건 챙겨가세요 혹시 아침에 못일어나면 어쩌지 걱정하는데 무조건 일어나니까 걱정할 필요없습니다 

3. 어깨/무릎 보호대 - 군대에서 보호대 지급 안해줍니다. 각개 전투나 행군할때 어깨 무릎 보호대 있는 거랑 없는거랑 천지차이라 그냥 무조건 챙겨가세요 주의할 점은 신형 보호대 가져가야 합니다 구형 보호대는 신형 군장이랑 안맞아서 버리게 되니 신형 보호대 잘 확인하고 구매하세요 

+ 추가로 신형 보호대 판매하는 곳은 군대어때 밖에 없는 걸로 알고 있습니다",716,2024-04-05T04:08:15Z
CHZPgK5tqTI,UgyX_Y6x5lts1nfMXsB4AaABAg,@엘렘멜렝,???:시각적 열반에 듭시다..,52,2023-01-29T03:49:22Z
CHZPgK5tqTI,UgyG5RUrqie5sLcDwQB4AaABAg,@죽창-o9f,훈련소 막주차에 뭔가 다 한듯한 기분과 이제 시작이라는 기분의 오묘함은 말로 표현 못할 듯 ㅋㅋ,14,2024-05-30T13:29:58Z
CHZPgK5tqTI,Ugxw18IXbJRTvevQajN4AaABAg,@como6142,훈련소때 동기들 번호 받고 카톡방 만들고 이등병때까지만 톡방 살아있고 병장ㅡ전역때 까진 걍 뒤진 톡방 되는거 국룰임,124,2023-01-29T03:59:16Z
CHZPgK5tqTI,Ugw9mK4aGRwyekDS-U94AaABAg,@tiger_ate_Teahyeon,왜 군대가면 살빠지고 근육이 생기는지 알것같음..,74,2023-01-29T03:20:50Z
CHZPgK5tqTI,UgwV4F4KweUYS_4Zun94AaABAg,@234o-v2y,"입대날은 그냥 어찌저찌 바쁘게 하루가 끝남 
불편한곳에서 억지로 자고 그다음날 눈떳을때 군대안에서 주변에 자기랑 똑같은 빡빡이친구들 누워있는거 볼때가 가장 절망적임.
앞으로 이렇게 살아야하는구나 확 와닿고 한숨쉬며 눈치껏 애들따라 모포갬",11,2023-01-30T12:56:18Z
CHZPgK5tqTI,UgzCKpUt8XJpBLB2CGF4AaABAg,@제임스-g9s,눈물젖은 초코파이 ㅠㅠㅠㅠ,36,2023-01-29T03:30:29Z
CHZPgK5tqTI,UgzPG7uiD-Vdy2p9js54AaABAg,@얍얍얍얍얍얍-yap,형 낼 군대가는데 이거 공유했다가 덕분에 옆구리에 멍들었네요. 감사합니다,31,2023-01-29T10:28:14Z
CHZPgK5tqTI,Ugxkkpvvn2stosV2awB4AaABAg,@이의준-d4d,"어느닐 아침 기상시간 훈련병이 울고 있었고, 조교가 다가와 물었다 ""왜 울고 있는가?"" 그러자 훈련병이 대답하였다 ""전역하는 꿈을 꾸었습니다 너무나도 행복한 꿈이였습니다."" 조교는 되물었다 ""행복한 꿈인데 왜 울고 있는건가?"" 그러자 훈련병이 말하기를 ""그 꿈은  이뤄지지않기에 슬퍼서 울었습니다"" 그러자 그 말을 듣고 있던 일병 짬찌였던 조교의 눈에서도 눈물이 흐르기 시작하였다",292,2023-02-10T20:29:52Z
CHZPgK5tqTI,UgwfXTFd9_oIzzWJJ5B4AaABAg,@user-vk2ni8uj2n,고생하시는 모든 군인분들 화이팅 입니다 !!,5,2024-04-01T04:56:51Z
CHZPgK5tqTI,UgzVT-g6pr8Ycsoj_DZ4AaABAg,@rnstn25,"5주차 2주차 별 차이 없다고 하는 사람들 있는데 집 갈 때 되어봐라 ㅋㅋㅋㅋㅋ
하루하루가 ㅈㄴ 큰 차이임",6,2025-01-04T01:06:30Z
CHZPgK5tqTI,UgzaHAXP7miXIqPZoUp4AaABAg,@star.bbonno,유말랑님 꿀귀탱...진짜 국군장병분들 고생하십니다 ㅠㅠ,10,2023-01-29T15:31:45Z
CHZPgK5tqTI,Ugyn3nii-1PxKTSokCx4AaABAg,@감동-t1y,입대하루전 최고의선택,8,2023-07-08T23:19:19Z
CHZPgK5tqTI,UgxDebH8Mh8xjSkHDsd4AaABAg,@기하루-v3y,야간전술보행 진짜 공감ㅋㅋㅋㅋㅋㅋㅋㅋㅋ,6,2023-02-02T15:02:52Z
CHZPgK5tqTI,UgxGe5s4B16cPQ2VCaF4AaABAg,@rr-ht7ey,군인들 화이팅ㅠㅠ 정말 친한 남사친들 군대 가있는데 몸 조심히 잘 갔다왔으면 좋겠메😢😢,2,2023-10-22T12:57:47Z
CHZPgK5tqTI,Ugw4OdxQ-N5ihurje6N4AaABAg,@강아지키우고싶다-n4o,"전역한지도 벌써 6년이 지났구나,, 세월이 참 빠르네",3,2023-12-17T00:53:28Z
CHZPgK5tqTI,UgyzGsoOiF3_QyTaELJ4AaABAg,@ruricho1064,ㅋㅋㅋㅋㅋㅋㅋㅋㅋㅋㅋㅋㅋㅋ 귀여워,6,2023-01-29T03:32:44Z
CHZPgK5tqTI,UgwsMljqPHdKyyxmhRt4AaABAg,@예쁘게태어난곤대,슬픈데 왜 귀엽지..,6,2023-01-29T05:27:44Z
CHZPgK5tqTI,UgwoxUobV05r5omyDmZ4AaABAg,@inmyansusim,훈련소 기독교가 최고의 클럽이었다,15,2023-01-29T03:38:22Z
CHZPgK5tqTI,Ugy8Qk4YEUQLCw2f9Lp4AaABAg,@hohoeo5859,눈이 진짜매력있다ㅠ,5,2023-01-29T14:48:07Z
CHZPgK5tqTI,Ugwsc1L9bnja04Cf95V4AaABAg,@아아-t6j8y,훈련소에서 한주차이 애들 놀리는게 ㅈㄴㄴㄴ 재밌었지 ㅋㅋㅋㅋㅋ,3,2023-05-04T04:07:39Z
JaE4sZYQmfk,Ugx7a4zrHHPeV11O7O14AaABAg,@syannael,"😍샨나엘에게 후원하기 링크
(금액과 상관없이 컨텐츠 제작에 큰 힘이 됩니다♡)
:: https://toon.at/donate/syannael
 ::

＊ 댓글/채팅창 매너관련
- 범죄사건이니 만큼 화가 나는 부분이 많은 것은 이해합니다. 
하지만 댓글창에 비속어와 욕설 사용은 금지입니다. 
조금 더 클린한 댓글창을 만들고자 하는 것이니 협조바랄게요 ^^

- 지속적이고 반복적으로 영상마다
 ★심한 욕설을 달아놓으시면 관리자 권한으로 채널에서 댓글을 숨길 수 밖에 ★ 없습니다.

- 반말, 피드백이 아닌 악플, 싸움대댓글에 관련된 댓글은  ★ 무통보 삭제 ★입니다.

＊클린하고, 교양있는 방송 만들겠습니다.!  샨나엘 방송 많이많이 사랑해주세요오!! ^-^",1,2020-06-29T15:06:53Z
JaE4sZYQmfk,Ugzxg-oUo0ctFl3Mj-d4AaABAg,@hendo8451,저는 사건이 일어난 함안군 군북면 출신입니다. 이 영상을 통해 다시 봐도 참으로 어처구니가 없고 안타깝기만 하네요. 최근에도 방앗간 터를 지나가면 이 사건이 생각납니다. 고인의 명복을 빕니다.,21,2020-06-22T04:28:35Z
JaE4sZYQmfk,UgweGpUXC_3vNkCxs1h4AaABAg,@jkim6350,역시 다수의 전과자 출신은 다르네요. 사람은 정말 안변하나 봅니다. 사람 잘 알아보고 사겨야 하는데 모르고 심지어 재혼 결혼도 하더라.  얼마전에도 모녀 죽인 사건도 있었죠..,20,2020-06-16T02:46:45Z
JaE4sZYQmfk,UgzBJA7cW6Oc6by_GgZ4AaABAg,@고앵님-n7q,"미제사건 대다수는
초동수사 부실의 이유도 있다던데
눈 앞에 있는 범인도 못 잡고
이래저래 속터지고 답답하네요",10,2020-07-17T03:06:59Z
JaE4sZYQmfk,UgzLNcaG0rDCqQcT0x14AaABAg,@임꺽정TV,조만간 범인은 잡히고 무기징역에 처할것이다..분명히 그렇것이다..,8,2020-06-15T04:02:48Z
JaE4sZYQmfk,UgzJjxz79mMXIfJJs4t4AaABAg,@sugichoi9096,"하필 전과가 18범이네...
정말 천벌 받을거다. 나쁜x",2,2020-09-07T18:19:27Z
JaE4sZYQmfk,UgzsKVA4m4yaTtb9R1x4AaABAg,@Aa-nz5lq,"이사건은 김씨의 존재 자체부터가
비상식적인거 같네요

사건전 전과 18범 이말은 그에게
범죄행위를 당한 피해자가 최소
18명이란 말인데 그런 인물이 다시 사회에 돌아올수 있었단게 정말 이해할수 없네요 사건이후 그는 전과
19범이 됩니다

죄의 경중을 떠나 그를 애초에 다시는
사회의 테두리 안으로 못들어오게 했다면 그에게 피해를 입은 많은 사람들과 어쩌면 박씨할머니까지 나쁜일이 없었을지 모릅니다

다시 자유인이 된 김씨를
법을 지키며 살아온 다른 이들이 왜 두려워 하며 살아야 할까요?

박씨할머니의 명복을 빌며 유가족분들께 유감을 전합니다",36,2020-06-12T11:19:34Z
JaE4sZYQmfk,Ugxzw0okKoXC_95pVnB4AaABAg,@hotdogjelly1713,사건에 있어 감정적으로 치우치거나 개인적인 의견을 더 내놓는다거나 하지 않으셔서 너무 좋아요. 이런 컨텐츠를 좋아하는데 주제가 주제이다보니 전달해주는 유튜버는 객관적으로 사건을 봐야하는데 아닌 경우가 종종 있어서 불편하더라구요. 세심한 대본 스킬과 단어 선택도 분위기 흐름을 깨는 듯한 이질감이 없어서 너무 좋습니다..! 제 최애 유튜버에요. 너무 뛰어나신 실력에 비해서 구독자가 아직은 낮네요 물론 더 채널이 커지리라 믿습니다!  좋은 컨텐츠 기다릴게요!,6,2020-06-17T13:25:08Z
JaE4sZYQmfk,UgwWYrJnjcIxiA5XHil4AaABAg,@유민-b7f,전과 18범이 세상에 나와있는 이유가 뭡니까..대체..감옥에 있어야하는거아닌가..어이가없네 아주,5,2020-09-25T04:52:17Z
JaE4sZYQmfk,UgzVTfYixF4g0wByWAJ4AaABAg,@개난리-z5p,경찰이 어떻게 더 수사하냐? 용의자가 전과 18범이면 판사 머리꼭대기에 있다고 봐야함.,2,2021-07-07T01:22:47Z
JaE4sZYQmfk,UgzFagyUV5H8XiT5eVh4AaABAg,@Littleprince70,샨나엘님 오랜만애 듣네요~ 전달력이 좋아서 샨나엘님 좋아합니다.,1,2020-07-05T03:00:38Z
JaE4sZYQmfk,UgzCvn7UDFwQbiQtM-h4AaABAg,@나야나-p5w,낙하흔이 과학적 입증으로 지금이라면 절대 무죄 나올수 없는 사건이죠 저ㅅㄲ는 평생 살면서 그죄 다받고 죽어서도  갈기갈기 찢어지는  고통속에서 살길 바라는 저주밖에 해줄수 없는게 안타깝기만하네요,4,2020-06-13T05:53:07Z
JaE4sZYQmfk,UgwIPF66KyL3m0s7V4t4AaABAg,@김정은-y4u9w,항상즐겨봐유~~~  설명도 잘해주시고  듣기좋아여,3,2020-06-12T19:21:18Z
JaE4sZYQmfk,UgyG0NXAFXUzHb3Gb4F4AaABAg,@라일락-o9b,전과 몇십범이니 빠져나갈구멍이나  포커페이스를  아주잘 유지햇겟죠ㅠ 범인이 뻔한데 참 안타깝네요ㅠ,1,2022-05-15T10:48:56Z
JaE4sZYQmfk,UgyHThuiJWovDkGtU614AaABAg,@frogrig,여전히 아름답고 똑부러지신 미스테리 샨나엘님 응원합니다,2,2020-06-20T01:54:51Z
JaE4sZYQmfk,Ugy5u3OyH5RklaUMWKJ4AaABAg,@푸른하늘바라보기,큰오빠 잘듣고 갈께요~,4,2020-06-15T05:43:53Z
JaE4sZYQmfk,UgxJnkF74xenowIAFOZ4AaABAg,@블리빈-d1x,감사히 잘 보겠습니다 :),1,2020-06-12T12:56:30Z
JaE4sZYQmfk,UgzcK3TdnRnsNHa1lfN4AaABAg,@조삼형-s9s,오늘영상도유익하게잘보고갑니다!,0,2020-06-12T14:48:19Z
JaE4sZYQmfk,Ugx16kaDHIkozeWlEk94AaABAg,@신종원-d9i,오늘도 잘보고 가용~~~ 항상 좋은 영상 감사합니다^^,0,2020-06-12T11:54:55Z
JaE4sZYQmfk,Ugy1KsH-tMCLQf6_YfF4AaABAg,@aeyoungheatherly4204,감사합니다 😊,1,2020-06-19T01:25:33Z
JaE4sZYQmfk,Ugw0uSLmlINDtiuj3h14AaABAg,@진성호-n7p,"경찰이 뭐하나 제대로 하는게 없던시절,,,, 초등수사 개판, 수사의지 개판, 왠만한 사건 전부다 미제 사건 처리하는 게으른 경찰,,, 국민들 혈세나 축내는 기생충같던 시절 이야기죠,,,, 요즘 경찰은 좀  개선 되었을라나?",3,2020-07-23T13:49:51Z
JaE4sZYQmfk,UgzAQiFP-39g0naHMvp4AaABAg,@슈슈-m9b,구독했어요,0,2020-06-18T01:50:41Z
JaE4sZYQmfk,Ugw_CLltFRujbmC3IyB4AaABAg,@drsnowmon,감사합니다,0,2020-06-14T09:14:00Z
JaE4sZYQmfk,UgyT5_Bi3LXUjtEcehN4AaABAg,@foreverlove925,영상잘봤습니다,0,2020-06-14T03:43:12Z
JaE4sZYQmfk,UgyQAJdCT9dIS8UF1VF4AaABAg,@이경화-n5r,"범인은반드시
천벌을받을거야",1,2022-02-06T12:36:54Z
JaE4sZYQmfk,UgxX6UYP_8TGvAHfPnd4AaABAg,@파반느5,오랫만에 시간나서 들러봅니다.. 좋은방송 감사해요~~ 나엘님~,2,2020-06-15T02:06:17Z
JaE4sZYQmfk,Ugw0Ndibt3MWM9HuAdl4AaABAg,@Ubermensch-wx3br,객관적이고 차분한 진행이 참 좋습니다~~~🥰🥰🥰,0,2020-06-14T01:17:07Z
JaE4sZYQmfk,UgwgcsL8dQ3IFFCcC4R4AaABAg,@축복-n1n,"과학은 나날이 발전하고 있는데 경찰대학에서 초기 수사의 중요성에 대한 학생들에게 이론과 실습을 탄탄히 가르쳐 졸업시키고나 있는지 의문이 듭니다 
여전히 특히 지방에서는 논리와 치밀성 없이 그져 보이는대로 주먹구구식으로 수사하는 것을 많이 보며  의아하기만 합니다",6,2020-06-13T07:18:07Z
JaE4sZYQmfk,Ugzlk-GjYoNits3_9PR4AaABAg,@GUNDYRS,운동화 진술이랑 전과보면 답 안나오냐? 다 잡아놓고 뭐하냐,1,2021-05-02T11:38:09Z
JaE4sZYQmfk,Ugzm1fO1BcRyP-hhoQJ4AaABAg,@녹차피콜로,고인의 명복을 빕니다          샨나엘님 예쁘네요 💗💗💗💗💗💗💗💗,0,2020-08-30T08:57:36Z
Nfy1VlhPjhY,UgxZzBwJdD5HFxt4Yjp4AaABAg,@Duckiscool1228,"1.슬픔이 많은 편
2.적응이 빠른 편
3.미친놈인 편",4824,2023-07-13T06:37:37Z
Nfy1VlhPjhY,UgyXmUydLBQj72WD49p4AaABAg,@YU-jt9oq,"훈련소 첫날밤 심정
현역 : 와 ㅈ됐네ㅋㅋ
상근 : 와 ㅈ될뻔했네ㅋㅋ",3974,2023-06-04T11:51:42Z
Nfy1VlhPjhY,UgxjXz9a-9NCnOIBeH54AaABAg,@user-김말봉,"1. 적응이 느림
2. 적응이 빠름
3. 적응이 ㅈㄴ 빠름",1311,2024-03-18T09:51:51Z
Nfy1VlhPjhY,UgyvckDpgIne6sNcd6t4AaABAg,@Bianchi777,"1. 위쪽 눈물이 많은 편
2. 적응이 빠른 편
3. 아래쪽 눈물이 많은 편",2007,2024-02-21T00:34:05Z
Nfy1VlhPjhY,UgzHvCkuqP_A_fC0P714AaABAg,@gdf-s9w,2억명의 새로운 신병 기대가 되는 신병이군,3813,2023-04-25T09:43:09Z
Nfy1VlhPjhY,UgxsJt8jbl_lUnUhkrR4AaABAg,@최유민-t6f,진짜 저항없이 터졌네 ㅋㅋㅋㅋㅋㅋㅋㅋㅋㅋㅋㅋ,3846,2023-04-25T09:12:56Z
Nfy1VlhPjhY,UgwhYLLHNkDse8VAwZV4AaABAg,@yooa2328,훈련소 조교가 그러는데 밤에 화장실간다고 해서 같이가서 앞에서 기다리는데 30분동안 안 나와서 문따고 들어갔더니 그거 하고 있었다라는 썰을 들은...ㅋㅋㅋㅋㅋ,59,2023-06-28T17:51:16Z
Nfy1VlhPjhY,Ugyt5hfHCFjRbZwaKsx4AaABAg,@negons2327,훈련소 정수기에서 콜라가 나온다며 너무좋아하던 동기의 잠꼬대를 잊을 수가 없다...,1944,2023-04-27T09:56:21Z
Nfy1VlhPjhY,UgwMcEmiT-2tjljEcit4AaABAg,@선물상자-b3z,"""항상첫밤을노릴것❤""",2992,2023-04-25T09:14:54Z
Nfy1VlhPjhY,Ugz9g2rufgxrvhDpdVx4AaABAg,@탑미왕-f8g,저거 툭하면 화장실 가는 그놈 아니냐 ㅋㅋ,489,2025-10-14T09:37:20Z
Nfy1VlhPjhY,UgwB1Iy1W6YRqBmz_SN4AaABAg,@HK-by1xm,첫날 생활관에서 해내다니 정말 범상치않은 놈이군,947,2023-04-26T11:17:17Z
Nfy1VlhPjhY,UgyoVgXVf6fOtNBzhV94AaABAg,@Jang-b6e,"""기대가 되는 신병이군♥︎""",241,2023-04-26T06:27:58Z
Nfy1VlhPjhY,UgyBKhWUjH-6iNsNV8l4AaABAg,@fullip7731,입대하면 신병 끝날 때까지 성욕 싹 떨어지던데..ㅋㅋㅋ,32,2023-04-25T10:19:14Z
Nfy1VlhPjhY,UgwPt1KAnrPGljScGrN4AaABAg,@umm..hi_0,저거 뒤에 보이자마자 바로 터졌다ㅋㅋㅋㅋㅋㅋㅋㅋㅋㅋ,180,2023-04-25T09:34:42Z
Nfy1VlhPjhY,UgwDjyeF_QQn9OyW0Np4AaABAg,@dog_say07,오늘 신병이 4명이 되겠군..,666,2023-04-25T09:18:06Z
Nfy1VlhPjhY,UgyFqPY-SjlBXnq8OxR4AaABAg,@Kainipnidat,그렇게 다음날 훈련병은 3억9천명이 되었다,133,2023-04-27T13:32:13Z
Nfy1VlhPjhY,UgxsyKMJNU45PmnSmO14AaABAg,@icantsleepnow,""" 꽃향기만 남기고 갔단다 """,579,2023-05-09T14:58:23Z
Nfy1VlhPjhY,UgwvTVCjtNokX1QVTkh4AaABAg,@user-ln1ci5lw7k,처음부터..적응이 빠르군,57,2023-04-25T09:14:12Z
Nfy1VlhPjhY,UgwLmfoKZCowYzCV6xJ4AaABAg,@liiiiilllllil2860,총기함에 손가락 넣고 왔다리갔다리하던 40번 훈련병...  잊혀지질않네,21,2023-06-17T08:00:38Z
Nfy1VlhPjhY,UgydqdRpQ-RBMkOqRjR4AaABAg,@fishingman917,군대에서 욕을 많이먹고 저녁에 자기위로를 하는것이다,289,2023-04-25T09:13:20Z
Nfy1VlhPjhY,Ugw9VPF8QbwoBXcyIVV4AaABAg,@M.Ozil2,"이상하게 훈련소에서 몽정 ㅈㄴ함 ㅋㅋㅋㅋㅋ
평소에 야한생각도 안하고, ㅇㄷ도 안봤는데
강제 금딸한지 5일만에 바로 했음 ㅋㅋㅋㅋ",101,2023-04-29T03:15:20Z
Nfy1VlhPjhY,UgxRsmLytLEcSq7vQNt4AaABAg,@Aing_A,조교 겁나 섹시해,9,2023-04-25T09:14:55Z
Nfy1VlhPjhY,UgwUwNHw3TI8VglzDJF4AaABAg,@JitaeJu,마지막 표정이 ㅈㄴ웃기네 ㅋㅋㅋㅋ,31,2023-04-25T13:56:40Z
Nfy1VlhPjhY,UgwFe0vuGjLCXcpEmFh4AaABAg,@연어sushi-2HY,자일위 신병 시절이라.. 이거이거 귀하거든요,1,2026-05-21T09:43:15Z
Nfy1VlhPjhY,UgyQqRm3J4riXWasuLN4AaABAg,@GLoser0812,마지막 보고 순간 뭐하는 거지 하고 약  5초정도 멍때렷네..,27,2023-04-25T09:15:59Z
Nfy1VlhPjhY,UgwyoWcgIExP_W9wiG54AaABAg,@imsipan,자신의 기분을 좋게하는 박수를 치는 행동이군! 아주 좋아❤,42,2023-05-04T06:22:38Z
Nfy1VlhPjhY,Ugw2v4fFWDNro_JnWW54AaABAg,@moda8009,아직…전날에 본게 선명하구만,9,2023-04-25T09:11:52Z
Nfy1VlhPjhY,Ugymrw49oH45ZblzCZp4AaABAg,@_Victor_135,“해성이형이 좋아했던 찰쌱소리 박수….”,9,2023-05-01T09:12:57Z
Nfy1VlhPjhY,Ugwf5QJffOVW1TuMead4AaABAg,@hyukjun06,"""영역 표시""",13,2023-04-25T10:37:43Z
Nfy1VlhPjhY,UgyPFyO-pC9Mgrd7M2l4AaABAg,@몰루-u7u,"""본격 전우조 만들기""",47,2023-04-25T11:34:13Z
6NgT4ezLJIw,Ugy9NTT1m_2agiWGyEF4AaABAg,@JHK8942,고마워하는건 바라지도 않으니까 조롱이나 하지마라,3302,2025-03-07T10:44:13Z
6NgT4ezLJIw,UgwpWyYGhzcOxC3GZBp4AaABAg,@eatingpartner,요새 군대 좋아졌니 뭐니 해도 군대는 군대입니다...항상 고생하십니다. 모든 장병분들 몸 건강히 군 생활 마치시기 바랍니다.,1476,2025-03-07T10:43:16Z
6NgT4ezLJIw,Ugx-rURqfR5treVwaAB4AaABAg,@정유찬-r5t,0:30 저 짜장면 연출이다. 훈련소에서 짜장면 따위 나오지도 않는다. 그리고 군대에서 짜장면이 나온다고 해도 저렇게 고퀄일 수 없다.,651,2025-03-07T11:15:24Z
6NgT4ezLJIw,UgyKmGqntIQl9MfWqQZ4AaABAg,@재환유-n8o,군캉스니 뭐니 하도 비꼬는 사람이 많아서 얘기하는데 1년 반이라는 귀한 시간과 청춘을 저희를 위해 써주시는 분들입니다,23,2025-03-08T11:45:08Z
6NgT4ezLJIw,UgzsXQSfcN1Na80JrE94AaABAg,@키위복숭아,1분안에 설명하는 내용을 전부 담을 수 는 없겠지만 힘든 부분이 정말 많습니다. 우리가 자는 새벽 이 순간에도 불침번 및 경계초소 나라지키고 국민 지켜주셔서 고맙습니다.,75,2025-04-30T16:57:42Z
6NgT4ezLJIw,Ugw0BqW5bkM7HW-JBNN4AaABAg,@파란-댕댕이,이렇게 고생하시는 군인분들을 존경하자.,621,2025-03-07T10:04:28Z
6NgT4ezLJIw,UgwcHrwJ-_Lp8Yqm50B4AaABAg,@흰개-k3g,잠시 씻을 수 있는 시간(5분),24,2025-06-24T10:46:18Z
6NgT4ezLJIw,Ugxz_N40Y0X9aV9H71R4AaABAg,@lenyre-d10,훈련소에서 쉬는 시간 저거보다 더 적습니다. 자꾸 뭘 시켜서. 분대장님들이 바빠서 훈련이 지연되면 그때 쉬는 시간이 생겨서 수다 떨기도 하고.,22,2025-03-13T10:54:15Z
6NgT4ezLJIw,Ugwmq_BgYf7xJjNS2NJ4AaABAg,@jjs8577,조롱을왜하는지모르겠다: 지들은안가면서,55,2025-11-28T12:34:20Z
6NgT4ezLJIw,UgzpX3zOlq4pby--L514AaABAg,@나아나나나,2025년 8월 18일 논산 입대합니다 건강히 잘 다녀오겠습니다! .😢,63,2025-08-12T12:14:02Z
6NgT4ezLJIw,UgzSYLA8nhL-6kjdbAd4AaABAg,@ad_carry,1분만이도 입대하는 날이 오기를 바란다!!,132,2025-03-08T05:31:26Z
6NgT4ezLJIw,UgwBtVdij54l47MY0z54AaABAg,@lilliilliiiill,자유가 없고 젊은청춘 갇혀서 사생활도 없고 내 의지대로 하루를 못보내는 답답함이 정말 큽니다,10,2025-03-08T14:29:04Z
6NgT4ezLJIw,UgyzwlaP9lfkIEQdfPV4AaABAg,@EO77144,"남동생 군대 보낸 누나인 입장으로 다봤는데 스케쥴....난 소화하기 힘들지도...ㅋㅋㅋ
사격훈련 때 과녁 잘 안맞혀져 진다고 투덜거리는 동생 생각나서 뭔가 안쓰러운데 사격 못하는거 아빠 닮았다고 하는거 보면 너무 웃기고ㅋㅋㅋㅋㅋㅋㅋ
휴가 나올때마다 내가 밥 사주는데 조심히 다치지 않고 잘 다녀오길😊",7,2025-03-08T01:37:16Z
6NgT4ezLJIw,UgwOLrAuZyCfdemZ0qh4AaABAg,@나다e1w3m,"나의 4년뒤 미래네 훈련병,모든 군인분들 대단하십니다 힘내십쇼",5,2025-03-07T11:21:09Z
6NgT4ezLJIw,UgyOkT45ZmvDU7nkAiF4AaABAg,@sgl3482,천룡인으로 태어나면 인생 반은 성공,53,2025-03-14T13:23:00Z
6NgT4ezLJIw,UgwFTyHTQPejWYMtJG54AaABAg,@오렌지-x8z4z,"군인분들 항상 존경하고 있어요 나라 지켜주셔서 정말 감사드려요 
몸조심 잘하시고 무사히 전역해주세요!!
이렇게라도 도움이 되었으면 좋겠네요
항상 응원하고 안전하길 빌게요.",49,2025-03-07T10:43:40Z
6NgT4ezLJIw,UgwYhIoTzQRioYXQbCN4AaABAg,@Sangbass01,"항상 나오는 말이 옛날에 비하면 군캉스라고들 조롱하지만
모든 현역 장병 분들께 진심으로 감사드립니다 덕분에 전역 후 평화롭게 살고 있습니다
건강히 전역하시고, 사회로 돌아오신 뒤에는 고생하신 만큼 행복한 일만 있으시길 바랍니다",23,2025-03-10T03:38:04Z
6NgT4ezLJIw,UgweRKQXpuwvJoA6Qfh4AaABAg,@juni4245,마지막에 감사인사 하면서 안끊는거 굿,6,2025-03-07T13:22:09Z
6NgT4ezLJIw,UgxHDlZYDzEEhdcPbHd4AaABAg,@Retrobananashake,내 중고등학교 기숙사 살면서 시간표가 딱 저랬는데 역시 학교가 이상한거였구나..,5,2025-06-19T09:14:19Z
6NgT4ezLJIw,UgzeHzvmGHcBlUlOSvR4AaABAg,@garam325-c3p,저희 오빠가 오늘 군대에 갔는데 무사히 건강하게 생활하다가 전역했으면 좋겠네요😢 모든 군인분들 항상 감사합니다!,1,2026-04-20T14:20:13Z
6NgT4ezLJIw,UgwD9KvIYXaP89WDUlZ4AaABAg,@도시쥐의여행,1월 6일 입대 나라지키고 오겠습니다,23,2026-01-05T03:09:53Z
6NgT4ezLJIw,UgxEc0TNJT-tI2UyP9h4AaABAg,@스노우-m4o,이번에 ROTC 동계 입영 훈련 받고왔는데 훈련받는게 거의 비슷하네요... 모든 군인분들 화이팅입니다!!,2,2025-03-07T12:28:44Z
6NgT4ezLJIw,Ugyf0EF0D-ZjuEc4Bb94AaABAg,@joon463,여태 인생 돌이켜봐도 훈련소에서의 한달이 내 인생에 가장 긴 한달이었다.,73,2025-03-07T16:58:26Z
6NgT4ezLJIw,UgzI8GPE5i0mmWXCSFJ4AaABAg,@Chzzkaccount,내년에 군대가는데 이런영상이...! 감삼다,0,2025-03-07T11:29:00Z
6NgT4ezLJIw,UgylRLiIYPYOw8cuaQB4AaABAg,@kao0118,"훈련소에서 몇 주 있다보면 취침할 때 먼저 군대 간 친구들 생각이 나더라 ""그 새기도 이걸 버틴 건가?""하면서",72,2025-03-07T10:47:26Z
6NgT4ezLJIw,UgxnsHlM7ENMZUoV-DJ4AaABAg,@kchm5264,가서 몸건강히 지내다 나오고 운동하면 시간도 잘 가고 몸도 만들고 좋음 식단도 알아서 되는 군대니까 운동 해야지 싶었던 사람들한테 좋은 기회임,1,2025-03-07T10:54:51Z
6NgT4ezLJIw,UgwIXcAAQccg9s7JfaR4AaABAg,@므스므-q4z,기상나팔소리보다 울리기전 마이크 노이즈음이 젤고통임,41,2025-03-07T10:41:55Z
6NgT4ezLJIw,UgwEOq4UyaQLI4vyMRJ4AaABAg,@여우는개과,"안그런데도 있겠지만
보통 더 빡세고 더 빠듯합니다
조심히 다녀오세요",0,2025-03-08T08:22:03Z
6NgT4ezLJIw,UgzsoFNAHcJ-HwZMkSl4AaABAg,@User-kr0505,1월 20입대 잘다녀오겠습니다 🫡,13,2026-01-19T16:35:15Z
6NgT4ezLJIw,Ugy6b0Olz9PDDgzNRlp4AaABAg,@토크08,"군인분들! (육,해,공,UDT,707,특전사 등) 항상 존경합니다. 우리 대한과 세계를 수호한다는 의지로 젋은 청춘을 바쳐 힘들게 근무하심을 많은 사람들은 알 겁니다. 항상 화이팅하세요! ☆☆☆☆(아 이건 4스탄데 대장 방문 아니니깐 ㅋ.. 놀라지 마세염)",1,2025-03-21T22:37:59Z
1IjGJvsoONs,Ugyi_l5tbgec04m-mPF4AaABAg,@naturallife337,감사합니다,1,2026-01-28T07:31:09Z
1IjGJvsoONs,UgwXpUmDu2zXbDOwAu14AaABAg,@바다AI,"정보감사해요
6월에 다녀옵니다",0,2026-04-30T09:04:17Z
1IjGJvsoONs,UgxL5tdZpOxOM9uDWQJ4AaABAg,@초코렛다크,전자시계(카시오나 지샥)와 선크림 올인원 크림은 꼭 챙겨가세요 그리고 잠자리에 예민한 분들은 귀마개랑 성장유도안대 챙겨가시고 안경 쓰는 분들은 여분의 안경도 하나 챙겨가면 좋아요,2,2025-04-12T05:35:37Z
1IjGJvsoONs,UgwMOK_T_mtJCvW3mvJ4AaABAg,@모지리-b6f,"지금 천안 아들이랑 하룻밤 자고
내일 논산 입소식가요
돈번다고 못해준것만 생각나네요
아들 훈련잘받고 퇴소식날 먹고싶은거 다 가지고갈게",1,2026-02-01T13:17:02Z
1IjGJvsoONs,UgwqQXj0aeNqcS1VmDh4AaABAg,@서울훈,"세상에서 가장 아름다운 보석 💎 최고의 선물 💎 최고의 아들들 ❤❤❤  논산훈련소 실로암 노래 🎵 🎶 너무너무 좋아요 ❤
건강하게 서로에게 좋은 시간을 만들어 주는 것이 좋다 ❤❤  매주마다 영상 올려주세요 ❤❤❤",8,2025-01-28T04:49:08Z
1IjGJvsoONs,Ugys8N9jNKT8WwN72pV4AaABAg,@47bedfordrd,"우리 애가 12월 16일날 입소해요
미국에서 태어나서 대학때까지 미국에 살다가 한국 경험 1년 하고 한국이 너무 좋아 군대를 가겠다 해서 가는 경우입니다.

한국말도 어눌한데 걱정이 이만저만이 아니예요. 강원도에서 군생활 한다고 하는데 입소하는 날은  뭘 준비해야 하는지요. 제가 지금 한국에 나와 있어요. 함께 그날 하려구요. 감사합니다",23,2024-11-14T08:53:54Z
1IjGJvsoONs,UgxN6HLzR54l67rI_vt4AaABAg,@ВладимирБоргов,현역병은 수요일 아닌가?,0,2026-01-13T13:38:36Z
1IjGJvsoONs,UgzXR5Qi310N5nfyEhN4AaABAg,@랑스-l1g,부대에서 몇 km 이내까지 허용하나요?,1,2025-10-07T13:53:04Z
1IjGJvsoONs,UgwkAAMaEAR-p6aQ2j94AaABAg,@qswre963,저케 머리가 긴 장병이 어딨냐,1,2025-06-16T08:01:01Z
DNcp8jfcviw,Ugx3LVKY2mpMRcCywRR4AaABAg,@Zero-dk7ou,진짜 저런 머리로 다른 분야를 팠으면 좋았을 텐데,26,2020-09-07T13:00:19Z
DNcp8jfcviw,UgwDDU9-2UC-cyZbNL14AaABAg,@리틀만만이,조작을 알아체고 보고한 공무원 국민들이 바라는 일하는 공무원 입니다,3,2022-08-22T02:54:34Z
DNcp8jfcviw,UgxUAbwoqYB_NkF1g6d4AaABAg,@유건희-d4q,국정원은 뭐하냐 이런 초특급 을 안뽑고,11,2020-09-07T11:13:27Z
DNcp8jfcviw,UgwFP-xLZqO0xFt3A5d4AaABAg,@푸른하늘바라보기,큰오빠입니다. 잘 듣고 갑니다.,11,2020-09-07T20:53:28Z
DNcp8jfcviw,UgxaAIaGirtoHbA-Dz94AaABAg,@kps4205,"그시간에 공부를 열심히 했더라면
그머리로 왜 그런짖을!",22,2020-09-07T10:40:36Z
DNcp8jfcviw,UgzHwdiSq51i9zfa5Rd4AaABAg,@칸나-m8p,이 정도라면 타고난 범죄자라고 본다!,8,2020-09-16T06:13:01Z
DNcp8jfcviw,Ugy2Zd3ysj6KBmFe_7d4AaABAg,@jieonshim2333,완전 반사회적 인격장애 인생을 새싹때부터...,10,2020-09-07T10:17:48Z
DNcp8jfcviw,UgwrFaVawTXzh3EJBVV4AaABAg,@나야나-p5w,와 대박이네요 뭔 첩보 영화줄요  미쳐도 단단히 미쳤네...,7,2020-09-07T14:08:24Z
DNcp8jfcviw,UgxWQEtFafRWTKYchkx4AaABAg,@이지원-t4g7j,국정원에서 그는 스카웃되었다,6,2020-09-07T23:57:28Z
DNcp8jfcviw,UgyrVSceQab67tbntRt4AaABAg,@annachung6130,"군더더기없이 차분하게 진행을 참 잘하시네요 ... 감사드립니다 
구독하고 갑니다  ~",9,2020-09-07T16:36:08Z
DNcp8jfcviw,Ugww67fSuMjys9JcRep4AaABAg,@고앵님-n7q,"아이고 징하다 징해ㅋㅋ
그런 집요함으로 공부에나 더 매달리지ㅋㅋ 저런 인성머리로 공무원 안 된 게 천만다행이지만",12,2020-09-07T09:40:28Z
DNcp8jfcviw,UgxDjhN7tLVRL2RHtHd4AaABAg,@예린-h8t,"징글징글 하게  끈질긴걸 넘어  거의  집착수준!   그성격에 공부까지 잘했더라면
더 위험했을지도...",4,2020-09-07T12:04:41Z
DNcp8jfcviw,UgwwO6kwstmZTQlZRAp4AaABAg,@글로리-w7i,모든게 조작이네요 사람은 맞는지 모르겠어요 ㅠ,2,2022-07-16T09:13:30Z
DNcp8jfcviw,Ugx3af1yzLYzfqoMk5h4AaABAg,@정소라-o6w,지 꾀에  지가  속은꼴 ㅋ    지식을 탐하다니  밥 먹지말아라 할짓이  없어서  최고 더런 범죄를 ㅉㅉ  구독하구  봐야징ㅎ  샨나엘님  오늘 파일  짱이네요,2,2020-09-08T12:08:20Z
DNcp8jfcviw,UgzHZiGN7JawjVHqDFJ4AaABAg,@LOVEw-ChocoCream,우연히 보게 되었는데 이어폰으로 들으니 목소리가 차분하시고 듣기에도 너무 좋습니다!! 다른 영상까지 계속 찾아보게 되네요!!,5,2020-09-30T16:42:38Z
DNcp8jfcviw,Ugykf3uGuIx75cSdzWJ4AaABAg,@jungheekim8241,그 열의로 공부를 열심히 하지....ㅠㅠ 이렇게 허술할수가,3,2020-09-09T01:21:26Z
DNcp8jfcviw,Ugz1UauzYe2ppqR5Hm14AaABAg,@김광자-h4j,그런머리로 공부를해라  저런놈이 공무원 되었으면 큰일났겠네 공금횡령에 정보빼내고 안봐도 비디오네,3,2020-09-08T12:59:00Z
DNcp8jfcviw,UgzAViXOstRubXsDi1t4AaABAg,@녹차피콜로,저런머리로 다른분야를 팠으면 좋았겠네요     샨나엘님 예쁘네요 💖💖💖💖💖💖💖💖,3,2020-09-21T01:08:12Z
DNcp8jfcviw,UgziHLtWyc6ZOJvOeEx4AaABAg,@커피믹스-j4e,"휴~~
듣는것만으로도 힘든삶이네요..
머리가 좋은건가, 간이 부은건가;;",0,2022-01-09T00:56:46Z
DNcp8jfcviw,UgwKdqCkkzeQvkMiTs14AaABAg,@hesse97,왜 그렇게 살까.  그렇게 살고 싶을까? 본인이 아닌 껍데기의 삶이 그토록 갖고싶었을까 안타깝네요,3,2020-09-08T03:59:35Z
DNcp8jfcviw,Ugx-8GIUmzcB-7Uj0jp4AaABAg,@tory5713,여러 의미로 대~단하네요ㅋㅋ 오늘도 잘보고 갑니다♡,6,2020-09-07T10:46:31Z
DNcp8jfcviw,Ugxs2IDeY60PvNGkTtR4AaABAg,@모나토에스프리,저렇게 허술할줄 몰랐네요 그래도 잡아도 다행이네요..잘보았습니다 ^^,2,2020-09-11T08:55:11Z
DNcp8jfcviw,UgwVyzLIXRMe4Zr_ztx4AaABAg,@샨나엘러브,"저 정도 의지와 실행력이라면
계속 공부를 했더라도 분명히
원하는 결과를 얻을 수 있지 않았을까
싶어서 아쉬웠는데
그의 조작이력을 보니 
절대 그러지 못 했을 거 같네요
인생 자체가 완전히 조작인 사람이니까요
참..한심하네요..
저런 사람이 공무원이 됐다면
더 큰 사고를 냈을 거 같아요
마지막에라도 그의 행각이 모두 밝혀져서
다행이란 생각이 듭니다. 에휴...
이번 영상도 감사히 잘 봤어요
고생하셨어요 나엘님^^",16,2020-09-07T09:47:04Z
DNcp8jfcviw,Ugwo0u1R33Qz79ga9s94AaABAg,@손영혁,좋은머리가졌으면 좋은곳으로 쓰지 공무원합격 조작을하다니.저런범죄자가 공무원안되는게 차라리나을듯..,16,2020-09-07T10:06:32Z
DNcp8jfcviw,UgzYxWkDnbz1rlDCLrR4AaABAg,@이슈란,수고하셨어요ෆෆ,3,2020-09-07T11:29:12Z
DNcp8jfcviw,Ugyxy5xN3WBNs2hU3WB4AaABAg,@프로파일러키메라,*샨나엘님 고생 많으셨습니다~^^*,2,2020-09-07T12:34:56Z
DNcp8jfcviw,Ugz7h2NYwBWsxI7N-n54AaABAg,@kyungro8013,"제밌네요.
앞으로도 너무 유혈낭자하고 끔찍한 사건보다 이런 사건을 많이 다뤄 주셨으면 좋겠어요.
감사 합니다.",1,2022-05-16T11:34:26Z
DNcp8jfcviw,UgzKxFQMQhQCkGtchh94AaABAg,@angj3758,미션 임파서벌 보는 기분이네 ㅎ,0,2020-10-26T01:59:33Z
DNcp8jfcviw,UgzgEwNjxuxrGejiV794AaABAg,@aeyoungheatherly4204,감사합니다 😊,2,2020-09-10T01:41:11Z
DNcp8jfcviw,Ugyyj9tKuVkwz3OB_nR4AaABAg,@townsky1668,미션 임파써글 출연배우로 추천합니다,1,2020-09-20T14:46:23Z
OKgwqZN5uic,Ugzr_-KPCYJ42usGUrh4AaABAg,@tvNDRAMA_official,"1:45 안가 창호입니다 (소름 🌟)
1:54 의병이라는 박정민
2:17 ""하느님 내 남은 생을 다 쓰겠습니다""

미스터션샤인 22화 몰아보기 👉 https://www.youtube.com/playlist?list=PLdyB3s37qpTPpENDAZQBjA4b9gd-s_2uy
 
미스터션샤인 처음부터 보고싶다면? 👉 https://www.youtube.com/playlist?list=PLdyB3s37qpTP0mLUOcpb3iV_SSTYB9mox",2420,2020-10-30T04:39:08Z
OKgwqZN5uic,Ugx3gTnVUlIzWeVBPK94AaABAg,@박유라-s3s,"청룡에서 여기까지 온 사람들,,, 고생하셨소 ,,,,",983,2025-11-26T00:45:00Z
OKgwqZN5uic,Ugyp8WBmOIQGbEztuzR4AaABAg,@joonsookim2399,청룡영화제가 여기까지 오게했다...,1500,2025-11-24T04:12:07Z
OKgwqZN5uic,UgyaIssLs34h8-DGzTh4AaABAg,@witchjin,뭐야 박정민 안나온데가 어디야 왜케 열심히 일했어..,249,2025-11-26T07:27:27Z
OKgwqZN5uic,UgzcO8EfO3cc8998q7F4AaABAg,@하니하니-m4j,여기도 나왔네 쉬고싶었던 마음이 이해가네ㅋㅋ,334,2025-11-24T23:22:19Z
OKgwqZN5uic,UgzCR0Qd3sxV7-nz4BB4AaABAg,@tv-gj4uw,박정민님  알고리즘 풍년일세. 열심히 사셨네 이 분 진짜.ㅋ 청룡열차 아직 못내림.,700,2025-11-24T23:47:26Z
OKgwqZN5uic,Ugx_ohgOxbBU3kkp4px4AaABAg,@helloworld-et1gl,"'안가 창호입니다.' 도 소름끼쳤는데
유진초이가 처음으로 자신을 최유진이라고 소개한 것도 감동이었음..",2195,2023-04-06T14:11:54Z
OKgwqZN5uic,UgzUQqv0cAUr7Yu38NR4AaABAg,@휘게의숲,박정민이 그러보고니 미스터션샤인에도 나왔네. 청룡보고 1박 2일동안 여기저기 갔다가 여기 옴 ㅎ,472,2025-11-23T05:36:17Z
OKgwqZN5uic,UgzTmdL8tGtcYLXn9PJ4AaABAg,@울트라M,아주 안나오는데가 없네. 열심히 살았군~~,158,2025-11-25T16:02:37Z
OKgwqZN5uic,UgyRYWr06F9EsZ1YMtB4AaABAg,@김종민-z7q2o,"'나의 아버지'가 아니라 '나의 아버지의 아버지'이신 하느님 문장 참 좋다...
자기가 믿는 종교는 아니지만 자신을 자식처럼 아껴준 요셉이 믿던 신에게라도 빌겠다는 그 마음...",1097,2022-09-08T19:07:58Z
OKgwqZN5uic,UgxonkDuLDLrkDTHT854AaABAg,@sy-jd8zp,"청룡보고 온분들 방가방가~^^
박정민 알고리즘 대박일세..
팬되어버림..자꾸보다가 정들었음ㅋㅋㅋ",151,2025-11-26T17:17:59Z
OKgwqZN5uic,UgzkKIfA3GveMCF7NTR4AaABAg,@Time_travler,"몇 번 다시 보니까 ""저도 그들 중에 하납니다"" 를 듣고 이병헌 표정이 미묘하게 바뀌는것도 신기하다...그 미묘한 표정을 연기하네",5525,2020-11-03T13:14:43Z
OKgwqZN5uic,UgxTj57bNLUbWlDbbyR4AaABAg,@whatever9484,"ㅇ ㅏ... 여기까지 올일인가 ㅜㅜ 
박정민 그대 정말 ❤",215,2025-11-24T23:04:34Z
OKgwqZN5uic,UgwuC1GD_DbvRWn9zw54AaABAg,@lakelee2112,안가 창홉니다 헐 박정민?,110,2025-11-26T11:21:29Z
OKgwqZN5uic,Ugy9bTh8442MCleEn8J4AaABAg,@hjs7388,박정민이 다이어트를 열심히 하는 이유가 있구나. 저 모습도 멋진데 확실히 턱선 살아나면서 마른 얼굴이 치트키네...,60,2025-11-25T03:43:26Z
OKgwqZN5uic,UgzPLilMcyi3lEAqxJx4AaABAg,@차부운하게,박정민이였구나...❤,210,2025-11-25T22:53:32Z
OKgwqZN5uic,UgzLJvfi-WUpPFx1BwF4AaABAg,@뚜비-z4j,이 둘은 나중에 형제가 되어 형은 복싱을하고 동생은 피아노를 칩니다,12170,2020-10-30T05:23:42Z
OKgwqZN5uic,UgyRm8SwJpPHDtEEPfl4AaABAg,@nonoyesno9638,아무리 봐도..김은숙 작가가 잠깐 신내림을 받지 않고서야 이런 짜임새 좋은 레전드 드라마를 탄생시켰을까싶음.. 미쳤음,1509,2023-04-10T15:48:40Z
OKgwqZN5uic,UgxqfDdkj2GcWBhCNEB4AaABAg,@오잉-y7c,안가 창호입니다 할 때 소름 쫙 돋음ㅜㅜㅜ 이 역사가 너무 와닿더라,10418,2020-10-30T05:06:43Z
OKgwqZN5uic,UgxhmkmQyc9UpRgNI2V4AaABAg,@rovvuu,둘이 저렇게 만나고 다음생에 형제로 만났구만..,41,2025-11-28T08:56:24Z
OKgwqZN5uic,UgxY0luwh9_AzhOoLTh4AaABAg,@지구인-u9q-l3i,"은근 박정민 영상 못 본게 많았네 
파묘중ㅋ좋은 의미로😮😮",98,2025-11-25T23:52:13Z
OKgwqZN5uic,Ugy38TA0iGy2rtbUnIF4AaABAg,@tv-jg6xg,또 눈물남..이드라마는 다시 보고 싶어도...눈물나니까...진짜 명작..,51,2025-11-27T09:15:00Z
OKgwqZN5uic,UgxCbZBDoIsL4-XweeN4AaABAg,@J1HEeee,미치겠다 청룡ㅋㅋㅋ,97,2025-11-26T04:17:15Z
OKgwqZN5uic,UgzLpNwH2njX-BKngVh4AaABAg,@솨-m5f,"헛된희망에 의지하였으니 살아만 있게해달라니..
대사가 미쳤다..",2894,2020-10-30T04:14:05Z
OKgwqZN5uic,UgwX4lrxaGl_nAY8EBB4AaABAg,@코레아우라-u3v,"본방송 볼때 안가 창호입니다 라고 할때 눈물이 주르륵 흘렸던 기억이 난다...
대한의 수많은 역사중에 독립운동의 역사가 나는 가장 자랑스럽고 대한민국의 국민이라는것에 가장 큰 자부심을 느낀다",4539,2020-10-30T06:37:48Z
OKgwqZN5uic,UgzgBdpVGm8-VjyikH94AaABAg,@정예나-k9d,그것만이 내세상이 처음이 아니엿내여 ㅎ 두배우님 너무 ㅠ최애 ㅜ,63,2025-11-25T13:06:48Z
OKgwqZN5uic,UgyZmdqNgcmtZ-NopRN4AaABAg,@yeah-h4w6h,박정민 마스크 진짜 매력적이다... 어디에 붙이든 잘어울려 머싰서,3382,2020-10-30T04:15:08Z
OKgwqZN5uic,UgynDAJId8A5d8wzGcF4AaABAg,@paho1900,영어 잘하는 흑인도 살기 힘든 시대에 저 멀리 미국까지 간 분들도 진짜 대단하다. 애신이도 미국가지 ㅜㅜ,3259,2020-10-30T04:46:11Z
OKgwqZN5uic,UgyUF5Nh7x78wDsN4MV4AaABAg,@sorism45,"“조선인이십니까?” 라는 질문에 아니라고 더이상 말하지 않는 최유진😌
게다가 안창호 선생님을 연결시킬 줄은 정말 몰랐어서, 그리고 그 연결이 너무 잘 맞아서 소름 돋았던 장면임.",2118,2020-10-31T07:32:16Z
OKgwqZN5uic,UgydY477ESxgPIfk_Jp4AaABAg,@스키드-u8u,배우들도 미쳤지만 작가가 진짜 미쳤다... 대사 한줄한줄이 소오름...,3738,2020-11-03T11:03:45Z
ekoKiRAitBk,UgyTqInP_s18n_OKekl4AaABAg,@ko_p18,군대에서 이거보는 내 인생이 레전드,4007,2024-09-22T06:44:32Z
ekoKiRAitBk,Ugwc1ZS5_FIuV2789jJ4AaABAg,@GilJJoock,"가장 많이 보이던 낙서
1. 뺑이쳐라
2. 우린 '갈게' 너흰 '각개'
3. 분대장 훈련병 무조건 해라 휴가 준다

이제 일병 1호봉이네 인생...",2839,2024-09-22T06:30:53Z
ekoKiRAitBk,Ugy-RHHWlnHYnU5sc-p4AaABAg,@user-pk9cw7wb4r,1:53 오른쪽 하단 개웃기네 ㅋㅋㅋ,508,2024-09-22T09:56:40Z
ekoKiRAitBk,UgzK17ySdBhYG8bcJPV4AaABAg,@ienground,1:34 너넨 각개 우린 갈게가 없네 ㅋㅋㅋㅋㅋㅋㅋㅋㅋㅋㅋㅋ,1614,2024-09-22T06:24:20Z
ekoKiRAitBk,Ugw65JL44ZECnSgEUpZ4AaABAg,@fggg-7,입소하고 단상에 앉아서 시작하기전까지 시간 존나안갓음 시간을 안봐서 모르겠지만 1분이 체감 1시간이였음 ㄹㅇ,51,2025-12-10T19:46:16Z
ekoKiRAitBk,Ugz1Ioo2jXwJqyCKOIR4AaABAg,@user-Kesatsu,1:34 보자마자 훈련소 생각나서 ㅈㄴ 웃었넼ㅋㅋㅋㅋㅋㅋㅋ 군대 시리즈 더 만들어줘요,278,2024-09-22T08:29:40Z
ekoKiRAitBk,UgycMPAy_NaKMFK8IrR4AaABAg,@Sywvdbxidiwbvqycirb,난 다음날 아침 기상나팔 울리면서 일어났을 때 진짜 ㅈ됐구나를 실감했음 ㅋㅋ,68,2024-09-22T09:49:33Z
ekoKiRAitBk,Ugxos5eh1E95DLE_ey94AaABAg,@MadStrongDog,1:35 관물대 아래쪽 낙서는 전군 공통점이네 ㅋㅋㅋㅋㅋㅋㅋㅋㅋㅋㅋㅋㅋㅋㅋㅋㅋㅋㅋㅋㅋㅋㅋㅋㅋㅋㅋㅋㅋ,35,2024-09-22T07:46:33Z
ekoKiRAitBk,UgxqwpP4svybBkzIQIV4AaABAg,@rudwodi11,"관물대 밑에 낙서 국룰ㅋㅋㅋㅋㅋ
우린 갈게 너흰 '각개'",343,2024-09-22T06:25:22Z
ekoKiRAitBk,UgzP0uK2M6CmFc8PtzJ4AaABAg,@옹생이,꿀팁한입 여성분이 하시는 채널인줄 알았는데 훈련소 관물대 낙서 어케알았지;;,21,2024-09-22T10:04:14Z
ekoKiRAitBk,UgySlgXEwhXUxw4Bg0p4AaABAg,@M.Ozil2,와 이걸 내가 어떻게 버텼는지 아직도 의문,12,2025-10-31T13:46:57Z
ekoKiRAitBk,Ugw-iPj7G4iHLKk7aZN4AaABAg,@dragonwings5045,"각개는 빼는게 좋긴해 ㅋㅋ
점수 평가에 들어간다길래 했는데
팔만 엄청 쓸림",22,2024-09-22T09:30:16Z
ekoKiRAitBk,Ugyu1TgXPbFz7dXwdzR4AaABAg,@dkddiw9wjsj,영상 보는것만으로도 우울해지는 team 06 게이들은 개추 ㅋㅋㅋㅋ,20,2024-11-28T09:35:38Z
ekoKiRAitBk,UgwWUSCPbQhd14_NKm14AaABAg,@백멍이,1:31 이거 신검할때도 낙서로 도배해놨던데,13,2025-10-09T11:30:26Z
ekoKiRAitBk,UgyZuqdhraBgiNWySGF4AaABAg,@유타미나의맛,0:59 뭐고 파인애플게이가 아니였?다고?,100,2024-09-22T06:28:48Z
ekoKiRAitBk,UgzjHKl8QWNjDAV4uuh4AaABAg,@Coffee_install,저 낙서 은근 웃긴거 많아서 읽으면 재밌었는데 ㅋㅋㅋㅋ,8,2024-10-05T22:32:33Z
ekoKiRAitBk,UgxiTQUsjU1YhhcPckt4AaABAg,@티니에블라스의밤,1:33  ㅋㅋㅋㅋㅋ 자연스럽게 끼워넣는 주인장님 센스,233,2024-09-22T06:26:28Z
ekoKiRAitBk,Ugzq_OctKPE9PxFP6bN4AaABAg,@XO.Oxxxxxxx,나 첫날 밤에 자면서 눈물흘렸는데 ㅋㅋㅋㅋㅋㅋㅋㅋㅋㅋㅋㅋ 이제 2주남았네,191,2024-09-22T14:12:32Z
ekoKiRAitBk,Ugyop24sM9lPHfoeVPF4AaABAg,@대충이름-r5p,0:46 이런 친구들 훈련소에서 디게 잘지냄ㅋㅋㅋㅋㅋ 내 기수때는 은근히 순둥순둥하고 쾌활한 친구들 많았음ㅋㅋㅋ,310,2024-10-01T04:04:11Z
ekoKiRAitBk,Ugzfdsmrl6FMt0VUhuB4AaABAg,@마마손미,"실제로 훈련소 1,2일차 땐 생활관 애들 전부 우울해서 서로 인사도 안하고 아무말도 안했던 기억이 나네요 ㅋㅋㅋ",7,2024-09-26T05:43:44Z
ekoKiRAitBk,Ugw1aMtMKRFNu-PFEEF4AaABAg,@meanseo,아....아직 미필인데 벌써 머리가 아득해진다.....,17,2024-09-22T06:51:51Z
ekoKiRAitBk,Ugx18NLVtTTXtIw4wU54AaABAg,@ShiroNaNaSan,참고로 관물대 밑에 머리 박고 눕다가 정말 철제에 머리를 박으며 아야 하고 겨우 누웠는데 금세 조교 지나가서 급히 일어나다가 머리 또 박습니다 ㅋㅋㅋㅋ,30,2024-09-22T10:32:26Z
ekoKiRAitBk,UgybhTHGIRjUSL46MfV4AaABAg,@뭐더라-k6w,D-128 상6입니다! 응원 한 번씩만 부탁 드릴게요!,6,2024-10-08T04:33:09Z
ekoKiRAitBk,Ugw6Pz7tEt2n-2nt3sB4AaABAg,@사라네일기,"행군할 땐 진짜 족저테라피패드 꼭 챙겨가세요.
훈련소 가면 총+군장+훈련 풀세트인데… 밤 되면 뒷꿈치 그냥 터집니다.
이거 하나면 그날 훈련 고통값은 뽕 제대로 뽑음.
훈련소 준비물로 강추함 
가면 발이 가장 피로하더라",3,2025-04-15T13:33:26Z
ekoKiRAitBk,UgxKfx9jo2VEqOuQ1R94AaABAg,@many6396,폰없이 하루 보내는거 미치는줄 알았는데 이틀 삼일 지나고나니 그 심심함을 즐기게되더라,6,2024-09-26T10:30:09Z
ekoKiRAitBk,UgwjGAAb_M3JlQ8YW8t4AaABAg,@나는그루터가좋다,"3일전에 수료했습니다 
몇주동안 개고생하고 부모님 얼굴 보니까 눈물이 멈추지 않더군요
어쨌든 후반기 교육도 끝내고 여러분들을 지킬 수 있는 군인이 되어 있겠습니다 충성",14,2024-09-27T05:23:07Z
ekoKiRAitBk,UgwEcPTENb6FB1s09u94AaABAg,@HOOOOOOO-Tae,"1일차때는 다들 숨막히는 긴장감에 싸늘한 느낌과 적막감...
한여름인데도 분위가 싸해서 그런지  그렇게 덥다는 느낌도 안들고, 다들 긴장해서 정자세로 앉아있지 저렇게 널부러져 앉아있거나 누워서 낙서구경 하는사람 극히 드뭄 (있다면 높은 확률로 폐급임)또 아직 군복을 못받아서 싸제옷 입고 얼타고 있고 그냥 조교들만 인원체크하고 정돈시키느라 정신없음

군생활 하면서 가장 긴장있던 순간 톱3는 5대기때 실제상황 걸렸을때랑, 입소 첫날 그리고 자대배치 첫날...",35,2024-09-27T15:35:03Z
ekoKiRAitBk,UgykOtgvwkaSSXGZaw94AaABAg,@곽춘삼,*00조교 한테 가서 맞짱까실? 말하면 서로 암호여서 담배 받을수있음* 이게 없네,25,2024-09-22T10:37:00Z
ekoKiRAitBk,Ugz6t6qaPoijdqPOOWt4AaABAg,@mmmandu,다 표정이 똑같아 ㅋㅋㅋㅋㅋㅋㅋ,63,2024-09-22T06:25:45Z
ekoKiRAitBk,UgwlPCYoJ3uqjG9Q5Kx4AaABAg,@dorchunghart227,담달 7일 입대인데 갑자기 뜨네 암튼 어떤 느낌인지 알려주니 이러쿵 저러쿵... 잘 다녀오겠습니다,1,2026-03-05T00:39:34Z
-G1JKH0MbsY,UgyMf0sG_sqBTih-x-54AaABAg,@아우어어,"ㅋㅋㅋㅋㅋㅋㅋㅋ화목한 회사
브이로그 재밌네용ㅎㅎ",3,2020-10-22T09:09:46Z
-G1JKH0MbsY,UgzMn8Vf47EcPjMxskN4AaABAg,@재오니-w8z,너무 재밌네용 ^~^,4,2020-10-22T16:55:39Z
-G1JKH0MbsY,Ugx9hKZ3b1MAhDic_W54AaABAg,@장은서-k4e,대표님은 매일 배가 고프신가봐용 ㅎㅎ 저랑 비슷하네요 ~,3,2020-10-22T09:20:25Z
-G1JKH0MbsY,UgwekaJP-fkZY_MdjDh4AaABAg,@날아라송당무-g3u,프로먹방러 대표님이시네유~ 자주 올려주세요 호호😊,1,2020-10-22T09:50:57Z
-G1JKH0MbsY,UgyeyZw7APLCwHhOcZB4AaABAg,@고산-t5f,잘 보고가요~ 대표님 목소리가 넘흐 좋으시넹~,1,2020-10-22T09:17:56Z
-G1JKH0MbsY,UgxtzrajBY-Ch4HvTUh4AaABAg,@songjeongjo,대표님 말고 직원1 보고싶습니다!!!!!!!!!,1,2021-01-11T10:07:20Z
-G1JKH0MbsY,Ugwh4DMyKrXYGmnaeA94AaABAg,@장뜨,꿀잼,3,2020-10-24T12:49:52Z
-G1JKH0MbsY,UgwhPeJk-AlvUGfmhv94AaABAg,@오리-q5b2i,예찬이형 오랜만입니다 !,0,2021-06-24T12:52:36Z
-G1JKH0MbsY,UgyDYuqUEMTW-l8Qg0V4AaABAg,@방울개-q4t,대표님 멋지시네여!~,1,2020-10-22T10:09:00Z
-G1JKH0MbsY,UgyR8jescxDCD6eZHkx4AaABAg,@Shinzm,대표님 훤칠하시네요~👍🏻,0,2020-12-09T00:42:24Z
-G1JKH0MbsY,UgyYRrZcx67tieaLZh14AaABAg,@chparkk99,꿀 보이스십니다 😊,0,2020-11-01T09:29:51Z
-G1JKH0MbsY,Ugzs4F7D59wNeg_pS7F4AaABAg,@leehayoung6539,진짜 변함없네요 정말로 변함없네요 ppt 어떡하지 ....,0,2021-03-08T02:08:44Z
-G1JKH0MbsY,UgwsPx9jflScxx81-8l4AaABAg,@킹해팔이,플룻 레전드네요,0,2020-10-30T09:54:42Z
-G1JKH0MbsY,Ugy6rAceo-7WQ2NFw_p4AaABAg,@장미-b9j,경남대특강 강의 동영상 올려주세요. 기다릴께요.,1,2020-10-22T10:42:12Z
sqJqWQYqf60,UgxefR_0o0bgcYsIv3J4AaABAg,@hyelin-c1p,아이 귀여웡  용빈님 절대로 변하지 않고 순수함으로 영원히 쭈우욱~~~~🩵🩵🩵🩵🩵,218,2025-06-15T12:49:28Z
sqJqWQYqf60,UgxadMNvXHFjCIy0ErZ4AaABAg,@sy-it8no,"김용빈 가수님 소년에서 남자가 되셨네요. 이때도 지금도 순수하고 
선한 모습은 변함없으세요",157,2025-06-15T13:06:51Z
sqJqWQYqf60,Ugx67WqHq-bV7-POZaR4AaABAg,@경순이,이렇게 부끄러움 많은 순수한 김용빈 대중앞에 노래할때는 완전 딴모습 감정 몰입도 최고봉 입니다 짱 짱 짱 ❤,137,2025-06-15T13:20:46Z
sqJqWQYqf60,UgweaMAnWfbg403y9gV4AaABAg,@MiS-y7x,"김용빈  가수님 소개안해도 돼요  얼굴이 소개 다했어용
김용빈  금수저  응원합니다",97,2025-06-15T12:40:57Z
sqJqWQYqf60,UgzUa0_h493gu0AzMzl4AaABAg,@7oj7k,"너무 순수하고 착한 청년같습니다
연예계생활을 이렇게 오래했는데 어쩜이리 때묻지 않고 반듯할까요
그래서 다들 좋아하는것 같아요
김용빈 님 응원합니다!❤❤❤",113,2025-06-15T13:11:18Z
sqJqWQYqf60,UgzJvWo4BKBVoFcFBF94AaABAg,@김은희-b4l8o,"김용빈 가수님 선하고 순수해요 
계속 좋은 일들만 있어으면 해요
금수저 1위 응원합니다",84,2025-06-15T15:21:40Z
sqJqWQYqf60,UgxyCB9FRNZ9xUSs7AZ4AaABAg,@운사랑,"김용빈 님 순수 그 자체
매일 김용빈 님 매력에 빠진다~~ 빠져^^
순수한 마음 변치 말고 승승장구 하세요❤
김용빈 님 사랑합니다 ❤",75,2025-06-15T14:59:16Z
sqJqWQYqf60,UgzVXwJDgvdHMu3-pOV4AaABAg,@배진숙-i2o,"김용빈 가수님 
너무 선하고 순수한 수려한 모습이네요❤❤❤",105,2025-06-15T13:07:12Z
sqJqWQYqf60,Ugx0EnixVV3at2puloV4AaABAg,@방명숙-p6c,"김용빈 가수님 더 트롯쇼 2주연속
1위 축하합니다 🩵🩵🩵",79,2025-06-16T12:37:25Z
sqJqWQYqf60,Ugx0X66f-zdpUSDiYjJ4AaABAg,@Everyday-k5i,김용빈 사랑스럽고 순수한사람  미소짓게하는,88,2025-08-07T08:13:43Z
sqJqWQYqf60,UgwjAwFlJpvMsnF_15l4AaABAg,@hongjh-HA,"이쁨 자체다
순수남 귀여워서 
김용빈님 응원 영원히  할께요",119,2025-06-15T12:59:30Z
sqJqWQYqf60,Ugwwj1lkHj4hx6FYTCx4AaABAg,@강띵-l4f,김용빈 에고 이렇게 부끄럼을 잘 타는 가수인데 폭우속에서 열정적으로 노래를 하는 카리스마가 넘치는 멋진 가수였네요 ❤❤❤😊,71,2025-08-04T06:15:52Z
sqJqWQYqf60,UgxQ9VUoo9fj8rzQj-Z4AaABAg,@미뇽별,"김용빈 가수님  청정구역
빛나는 외모 순수한 모습❤",76,2025-06-15T13:25:54Z
sqJqWQYqf60,UgxpwQ_uFJNdOAkXoRF4AaABAg,@오은경-d8m,"순수하고  반듯한 
청년   김용빈   이젠 멋지고 아름다운 최고의가수가 되셨네요
꽃길만 걸으시길 응원합니다",63,2025-06-15T13:49:42Z
sqJqWQYqf60,Ugyi0P-hVE6worVG-IJ4AaABAg,@하늘색꿈-q2j,"김용빈  가수님
이런 시절도 있었네요
세상 무해한 순수한 영혼
아름다운 청년
앞길이 늘 해처럼 빛나기를...",64,2025-08-18T17:14:26Z
sqJqWQYqf60,UgzmKx1clNmCBr2m3WJ4AaABAg,@dangdong-i7g,김용빈님 응원합니다   좋은 일  많이 하세요  승승장구하세요 최고   사투리말이    어쩜  이리  귀여울수가,56,2025-06-16T03:07:09Z
sqJqWQYqf60,UgwTwRHfNZk016ERw3d4AaABAg,@임예숙,"김용빈  가수님  너무 반듯하고  귀여워요
사투리도 자연스럽고 좋아요",69,2025-06-15T13:10:52Z
sqJqWQYqf60,UgxMnwLsotup4ZvJ5ZN4AaABAg,@오현정-w9b,"김용빈 가수님 응원합니다 
인사말 지금이랑 똑같네요~",59,2025-06-16T13:52:42Z
sqJqWQYqf60,UgxKhexWNMqcwVCV6oB4AaABAg,@해바라기-i2r3u,"김용빈 얼굴만 봐도
웃는얼굴이 너무귀엽고 
예쁘고 잘생겼어요",56,2025-07-07T14:07:45Z
sqJqWQYqf60,Ugz-vlU6wk5B2Y2yU8R4AaABAg,@서옥연-z3e,"김용빈 부끄러움이 많은 잘생긴
용빈왕자님 앞으로승승장구
하세요❤❤❤❤",69,2025-06-15T12:44:30Z
sqJqWQYqf60,UgwIXPtsdvXg_e6HwWZ4AaABAg,@lovebin썬9988,"김용빈 가수님
너무 순수하고
귀엽고 사랑스러워요
ㅎㅎㅎㅎㅎㅎㅎㅎㅎㅎ",66,2025-06-15T15:10:16Z
sqJqWQYqf60,UgzToLmvF2k1TD9AzlF4AaABAg,@wow3078,김용빈 가수님 지금은 조근조근 할말 다하는 남자로 변했어요 ㅋㅋ,52,2025-06-15T15:33:56Z
sqJqWQYqf60,UgxAwgLUE0D6XGQy1nB4AaABAg,@고미-e8w2d,김용빈님 좋은 노래 좋은 모습 앞으로 더 많이 보여주세요 응원합니다 😊😊😊,46,2025-06-16T03:33:48Z
sqJqWQYqf60,UgxlvUivmHl6QwU3pmp4AaABAg,@경순이,김용빈 인상은 천만불 짜리 김용빈 노래는 천만불 짜리 ❤,59,2025-06-15T13:18:32Z
sqJqWQYqf60,UgwxCiGevhzbjoEW61R4AaABAg,@화니u1k,"본래    아이돌  외모네요 
항상  이쁜  김용빈",69,2025-06-15T12:45:56Z
sqJqWQYqf60,Ugyht2MJcLr4HOsQgHd4AaABAg,@엘사도사랑빈-y8j,"순수청년  김용빈님
순수함이
너무 사랑스럽네요😊😊",80,2025-06-15T12:32:13Z
sqJqWQYqf60,UgwcB7lTU-mkgVWqiSV4AaABAg,@배은현-n8y,"김용빈 가수님 
이뗘는 미소년이셨네요
여기로 봐도 저기로 봐도 빛이나는 울왕자님
사랑합니다~~",44,2025-06-17T14:39:22Z
sqJqWQYqf60,UgwAsJyCLe7eeCNuZhx4AaABAg,@myungyoo9137,김용빈 가수님! 너무 순수하고 예쁘네요! 응원합니다 ❤,51,2025-06-16T03:59:02Z
sqJqWQYqf60,Ugxjk7hgqxCBElzI8JN4AaABAg,@행운의장미,김용빈 가수님 브끄러워하는것도 넘예쁘네요,57,2025-06-15T13:23:41Z
sqJqWQYqf60,UgyDrZ_7bcbKNjvNj3F4AaABAg,@이하정-x2m,저렇게 순수하고 맑은데 무대만 올라가면 카리스마작렬. 숨어있는 끼는 어쩔수없나봐요. 언제나화이팅❤❤❤,50,2025-08-23T00:46:59Z
HqvIBkAaAws,UgwibkIvQcioIBoY8ZV4AaABAg,@명랑아지매-q4x,"축하합니다
유진공주
이제 날개를 활짝펴고 날아올라요",109,2025-01-08T02:30:25Z
HqvIBkAaAws,UgyFnKPakitV-rEtGop4AaABAg,@구본기-i9f,#전유진양   졸업 축하해요 🎉,115,2025-01-08T02:15:13Z
HqvIBkAaAws,Ugxn-R0Mri8a7-mNjal4AaABAg,@jakenoh3470,유진양 졸업축하 이젠 팬들을 위한 인생 학생이 되어줘...,62,2025-06-12T05:10:37Z
HqvIBkAaAws,UgyceZlOHNGqAXORQ7N4AaABAg,@김명섭의천지인대학,"불세출의 아티스트
전유진의 졸업을 기쁜 마음으로 촉하합니다.

졸업은 새로운 시작입니다.
대학생활은 무엇이든지
자기주도적으로 하는 것입니다.

부디 많은 사색과
폭넓은 독서를 하여
지혜를 갖춘 지성인으로서
거듭나길  기원합니다.

감사합니다.
전유진 Fighting!!!",39,2025-01-08T02:58:37Z
HqvIBkAaAws,UgxpG444MtOZ5tG227J4AaABAg,@hwanpark2980,전유진 가수님 졸업을 진심으로 축하 합니다. 응원합니다.,117,2025-01-08T03:12:31Z
HqvIBkAaAws,UgyvVpeZc6tuanxFt5x4AaABAg,@변중환-m8w,"우리전유진가수공주님즐거워던
여고시절도사랑하는친구들과
이별는아쉽지만이젠우리나를대표하는최고의가수님이되실때까지응원를보내드리며추운날씨감기조심하시고새해복많이받으세요
감사합니다
졸업축하축하",72,2025-01-09T07:32:44Z
HqvIBkAaAws,UgzPIh3Alt4_FTIxbqp4AaABAg,@수환김-z1g,인물은 유진이가 출중하네🐬🦭,8,2025-01-10T07:17:01Z
HqvIBkAaAws,UgwfzzSWgSs9h1XRI0B4AaABAg,@오광택,유진아 잘잤어 굿모닝,7,2025-08-31T23:10:41Z
HqvIBkAaAws,UgyR3TE8mUnU9Tp4upZ4AaABAg,@박재희-o8u,전유진 졸업 축하합니다 🎉,32,2025-01-21T05:14:32Z
HqvIBkAaAws,UgxcJciXDTkQBSNqFLJ4AaABAg,@일본고베코스모스,"유진양박서진펜입니다
졸업축하드립니다
새로운도약에간빠이~~❤❤
한일톱텐쇼탑7가왕1.가왕2
응원합니다",9,2025-04-05T20:51:05Z
HqvIBkAaAws,UgyQ6d3K8E-YFkG4Byx4AaABAg,@junnabiss,"연예인관리가 좋가좋구나
주위에서 제일 이쁨",43,2025-01-08T02:27:50Z
HqvIBkAaAws,Ugwct0_cYShKaRL3wY94AaABAg,@송영재-t8y,졸업  축하해요,20,2025-01-10T07:56:18Z
HqvIBkAaAws,Ugy2uSt-q6A5kTLjIId4AaABAg,@SunshineStar-j4i,"아 ~
엣날이여 ~
고교시절은  다시오지 않으리 ~~~",10,2025-05-24T10:22:10Z
HqvIBkAaAws,UgxX3qCmn1wWKmEf0rp4AaABAg,@HappyDays1211,고딩? 졸업식 완전 애기네😂,7,2025-06-13T15:07:57Z
HqvIBkAaAws,UgyF6YKFgCaa_QG7gbt4AaABAg,@최숙이-g1m,전유진 졸업 축하해요💐🙏🙏🙏,8,2025-10-21T07:16:32Z
HqvIBkAaAws,UgyFVVssLiEaYwTkEtR4AaABAg,@uerger-r2t,벌써 3년이갔네요.여기서 성장 멈치고 그대로 쭉 갔으면 좋겠어요.,13,2025-01-15T06:04:33Z
HqvIBkAaAws,Ugz5LprNV3K-oHG8B0l4AaABAg,@이레-o2l,유지니 졸업 축하해요~~❤,20,2025-02-10T05:57:43Z
HqvIBkAaAws,UgwNPJUdAkQbpzl0bwh4AaABAg,@병국김-z1i,"이쁘다 전유진 ^^,,",15,2025-03-06T08:18:15Z
HqvIBkAaAws,UgyBx2mE_e6XGAbF5nt4AaABAg,@이윤섭-t9k,유진아 축하해,7,2025-03-25T08:47:58Z
HqvIBkAaAws,UgyHJMjbs8WTaAX9CJ94AaABAg,@설희이-p6f,"우리유진이.어른됐네.
추카햐!!!!",39,2025-01-17T07:44:08Z
HqvIBkAaAws,UgwWDXnWyV1q7LeqES54AaABAg,@wjyou,유진양 졸업 축하해요^^,9,2025-01-16T06:59:08Z
HqvIBkAaAws,Ugz5htWGaD0AKbb1GPV4AaABAg,@Asf0738,예쁜 유진아씨  졸업 축하해요 🎉🎉🎉🎉🎉🎉,14,2025-01-15T04:06:44Z
HqvIBkAaAws,UgwpgaYv2qLI6p-oOGB4AaABAg,@mingxigao4843,성인 축하해요.이뻐요,7,2025-04-21T04:21:43Z
HqvIBkAaAws,Ugyz-U4FehScCi2OYIR4AaABAg,@김국진매니져,부럽다...!!!!,13,2025-01-16T05:12:53Z
HqvIBkAaAws,Ugwt4fdUosQ8XWsbINt4AaABAg,@박영원-f4n,축하합니다.  전유진.  축하합니다,20,2025-05-01T23:50:57Z
HqvIBkAaAws,UgyMbLxvOqO7l7DtQud4AaABAg,@happyjs7,우리유진이 졸업축하해요♡♡,19,2025-01-18T13:24:39Z
HqvIBkAaAws,Ugx6Pl-9BM-jf-gIk7t4AaABAg,@현아당,유진공주 졸업 축하해요,11,2025-01-08T07:15:20Z
HqvIBkAaAws,UgyYr91qfdck8nJ4Pc94AaABAg,@user-dx6cb9hs3x,졸업  축하드려요   🎉🎉🎉🎉🎉,17,2025-05-17T04:59:15Z
HqvIBkAaAws,UgyNm4ku8bZMTmQ1cal4AaABAg,@안시현-p7j,"졸업축하해요.
대학생으로 새롭게 시작하는 전유진  가수님을 응원합니다.",167,2025-01-08T02:47:25Z
HqvIBkAaAws,Ugx-oazDtpCRdb_cB3B4AaABAg,@kw5413,"앤,   왜 이케  이쁘니",20,2025-05-23T09:39:18Z
YC11pDYESs8,Ugwg5Xn9f04xhVRmp8p4AaABAg,@융이-e1p,역시... 이 노래는 송가인이다...저 노래가 나왔던 시대에서 타임워프해서 나타난것같은...,61,2026-02-17T14:57:56Z
YC11pDYESs8,Ugze72HiaAET22bwcuh4AaABAg,@김옥선-q1y,"현역가왕 보다가 송가인 한많은 대동강 듣고싶어 왔네요~~
역시 송가인 최고다~~~!!!!!!!!!",108,2026-02-17T15:20:38Z
YC11pDYESs8,Ugxy-pZBdkOrTA68syJ4AaABAg,@아침햇살-v6v,역시 진은 다르네요,44,2026-02-18T06:33:05Z
YC11pDYESs8,Ugzj5GHXp4I-1DvFmBF4AaABAg,@Su-j3m,송가인에게 진을 안겨준 바로 그 노래 한많은 대동강!,115,2023-01-04T16:57:00Z
YC11pDYESs8,UgzQ4EKPsXC1plfGonp4AaABAg,@뮬리-n2q,나두 누구노래듣고 짜증나서 일부러 찿아 듣습니다 아 역시 잘한다 송가인,25,2026-02-20T17:24:36Z
YC11pDYESs8,UgwQ3II8JF-q2pGljPR4AaABAg,@Lee-du4ij,한많은 대동강 부른 이때는 목이 많이 안 좋은 상태였는데도 불구하고 역시 잘 하네요.,26,2026-02-19T03:28:41Z
YC11pDYESs8,UgwMGXRq2wU4uCTjKV14AaABAg,@별이-h6p,"저도 현가왕 한많은 대동강 듣다가
이곳에 왔는데 하늘과 땅 차이네요
속이 뻥 뚫립니다
왜 그곳에서 스트레스를 받고 들었는지 ㅜㅜ",49,2026-02-18T13:25:05Z
YC11pDYESs8,Ugy8lDWl1orLtd7uWut4AaABAg,@백두대간-b4h,"세계로 널리널리 알고 있는 대한에 국보급보물 1호 
송가인 💞 이어라 
💕한많대동강 
💞👍💞👍💞",137,2023-01-04T11:17:26Z
YC11pDYESs8,Ugw2NW1kY1DoB9nnCn54AaABAg,@yjk9171,"#송가인 국보가수 국민가수 가요여제 행복비타민
스무색조 명품보컬 언제나 응원합니다.",55,2023-01-06T02:59:32Z
YC11pDYESs8,UgwBYXcFzh3qHrM4A_N4AaABAg,@홍일손,가인이 목소리는 한이서려있어,31,2026-02-17T23:23:18Z
YC11pDYESs8,Ugw_iObNY0hDKpMO-Ep4AaABAg,@진옥-x1i,"송가인 TV조선 화요일은 밤이좋아
한많은 대동강 역시 가인님은 소리의 깊이가 다르네요 
최고입니다👍",54,2023-01-06T01:12:52Z
YC11pDYESs8,UgzuEmsY8TZlL7O1vax4AaABAg,@YOU-xt7ym,방송에 송출된 영상보다 클린버전이 더 좋은거 같아요 송가인 홧팅! 휴식기도 좀 가지고 항상 건강하세요,77,2023-01-04T17:04:23Z
YC11pDYESs8,UgysdEggQkif8ukEo8t4AaABAg,@소운4528,같은노래인데 홍자가 부른거랑 너무 다르네요  역시 송가인,52,2026-02-18T13:19:54Z
YC11pDYESs8,Ugw3_XgP2FyY03UsQCd4AaABAg,@ghlee1465,"한많은대동강은 송가인 리메이크로 다시 태어나 
전국민의 사랑을 받고 있습니다",61,2023-01-05T11:43:24Z
YC11pDYESs8,UgyF1ZzKTTQBGVWaGhx4AaABAg,@SB지윤,가인언니 우리엄마찐팬이라서 ㅎㅎ 같이봐서요 ㅎㅎ 완전 감동있어서요 ㅎㅎ 역시 송가인이어라,140,2023-01-04T11:04:28Z
YC11pDYESs8,Ugx_l7r3LvE2tmQn2x14AaABAg,@좋은날-n3e,이때도 목이 안좋은 상태인데도 그래도 아주 잘불렀네요,20,2026-02-18T23:31:24Z
YC11pDYESs8,Ugxg-KYdzSzA0sfWcgx4AaABAg,@수호신-b1s,와~~ 차원이 다른 송가인!!,52,2023-01-06T10:55:44Z
YC11pDYESs8,UgyZ1yuenr3q0z7-79J4AaABAg,@까꿍-e6z,울 가수님 👏👏👏👏👏👏👏👏👏,18,2026-02-18T01:01:13Z
YC11pDYESs8,Ugz9hd5i4v5lfLFFWNx4AaABAg,@워터-k5l,"홍지윤, 송가인 선후배 절친인데 응원합니다. 역시 송가인 노래 잘하십니다.
두 분 모두 꽃길만 가세요^^",40,2023-01-06T13:26:43Z
YC11pDYESs8,Ugy51FdSJSsyoQt_CxF4AaABAg,@강공주-k8h,가인가인 송가인 사랑해요 💜,39,2023-01-05T11:12:44Z
YC11pDYESs8,UgwT4jJh9KFeRKDm6Qd4AaABAg,@경자최-i7g,가인님노래은매일든어도좋네요 최고,43,2023-01-06T12:16:21Z
YC11pDYESs8,UgxWDwZtyNmTeMlB7tF4AaABAg,@최배달-h3w,"깊이가 느껴진 목소리....언제 들어도 감동
복덩이 송가인 최고다",127,2023-01-04T11:15:30Z
YC11pDYESs8,Ugylts_lQ8lH7DMNkDZ4AaABAg,@sinchong8,미스트롯에서 송가인이 저 노래를 부르면서 대한민국 트로트 광풍이 21세기에 휘몰아치기 시작했다. 저 광풍이 미스터트롯에까지 휘몰아쳐 미스터트롯 탑세븐이 전부다 스타가 되었고,60,2023-01-05T15:13:30Z
YC11pDYESs8,Ugw0u457yqwqdusL7FN4AaABAg,@ryuha__angel,#송가인 #가인이어라 #트로트가나는좋아요 #오늘같이좋은날 #미스트롯 #화요일은밤이좋아,78,2023-01-04T11:03:46Z
YC11pDYESs8,UgzF5tpQjj-pLUhyTT14AaABAg,@산딸기-f8z,역시 👍 역시 최고 👍  다시듣고싶은 노래 최고의 실력 최고다 👍 ~❤❤❤,1,2026-07-08T02:44:26Z
YC11pDYESs8,Ugw7y87_v1H8CswvUIl4AaABAg,@구름이장군-m7t,"역시 송가인이어라~~~ 홍자로 인하여, 귀 청소하고 갑니다.",9,2026-02-21T15:06:11Z
YC11pDYESs8,UgxtRJlJACYgEE5feAB4AaABAg,@호썬-m4w,미치겠다 ~,41,2023-01-04T12:16:21Z
YC11pDYESs8,UgwCgCxMZfWS0vtAVxt4AaABAg,@멋진인생-e6z,"역시...송가인 한 많은 대동강 
최고 입니다.👍",27,2023-01-09T14:05:06Z
YC11pDYESs8,UgyOydIg_UOSuUtkXQZ4AaABAg,@정영례-o6f,요즘에 자주나와주세요 너무좋아요 가인님 항상받도 좋아용 오늘하루도 수고하구 화이팅하세요 사랑해용,19,2023-01-09T21:51:22Z
YC11pDYESs8,Ugxn3-OfO5JlrT_Gs_B4AaABAg,@Trot79,"#송가인 #조은심 #한많은대동강아
송가인 님의 목소리는 누구도 따라올 수 없는 천상의 목소리 한 많은 대동강아  이 노래는 진짜 마음의 심금을 주었습니다 지금도 사랑하고 있습니다 축복 받으시고 건강하시고 감사합니다 그리고 tv 조선에서 미스 트롯 운영에서 진짜 실력 있는 가수를 발굴해 주신 거 너무 감사드립니다",82,2023-01-04T11:12:06Z
Ne22--vP7UM,Ugwge9ggkRnaD8XKFBV4AaABAg,@dhzhxhsnttl,마지막에 뛰어가시는분 너무 행복해보이시네요^^,0,2023-07-24T03:54:28Z
Ne22--vP7UM,UgySdLoiLe4SIbyh3Wh4AaABAg,@yuniyooniee,"🩷영상 보러가기🩷
https://youtu.be/PLjmUSYf_Nc

☠️준영아 저기 2024년 보이지...? | 친오빠 훈련소 수료식 브이로그",0,2023-07-24T02:57:45Z
_aU0gyhr4CM,UgzEtYBhvRocWn1zrRV4AaABAg,@KNN_NEWS,"풀영상 시청하기 ▷▷▷
https://youtu.be/yMHE0w1doHE",1,2023-04-24T06:46:32Z
GbsISNodNwE,UgzkSb1jZ1mCIwxaO9J4AaABAg,@축복의통로-o9n,연기 좋아요. 감정 표현이 정말 좋아요,1,2023-02-02T13:13:51Z
GbsISNodNwE,UgytbUmJXp8hrvWQ2B54AaABAg,@object_object_cast,연기가 너무 좋습니다!! 오래 기억에 남을 것 같아요!,2,2022-01-06T05:39:58Z
GbsISNodNwE,Ugw4ieYajVfhTGvA7h54AaABAg,@zzaangggku,나이스~~~열심히 하세요},1,2022-01-17T13:30:21Z
DakVhz9cqys,Ugxn3TZv1eJJ5G7N65R4AaABAg,@장성희-w9d,너무너무  잘생기고  남자지만  이쁘고 사랑스런 장민호~👍👍👍,76,2022-09-23T15:55:20Z
DakVhz9cqys,Ugxvp_dLd9x73HuYlYZ4AaABAg,@김선화-r2y6e,# 멋진민호님  건강하세요,33,2022-09-25T13:53:44Z
DakVhz9cqys,UgxB7lTHvpfLLzNBgwt4AaABAg,@줄리-i1x,#장민호 #한번뿐인기적 오늘은 더 잘생쁨이네요~~,42,2022-09-24T11:20:12Z
DakVhz9cqys,Ugz8UTFFU7anFFQoe854AaABAg,@김령숙-k8c,울민호님  슈퍼모델 더 그레이스 에서 넘 멋쩌었요   최곱니다  홧팅...,54,2022-09-24T01:54:33Z
DakVhz9cqys,Ugy1SygNqXL2I-Ty8eF4AaABAg,@하정애-n5e,"이노래도.들을수록
깊이가있어요.잔잔한.마음속을.살금
살금.스며드네요
민호님감사해요",43,2022-09-24T10:36:35Z
DakVhz9cqys,UgzSX6E2FjsLeEgK_e14AaABAg,@아메리카노77,"#장민호 #한번뿐인기적 명품목소리로
달달하고 감미롭게 부르시니
최고예요 
민호님 응원합니다",66,2022-09-23T18:46:54Z
DakVhz9cqys,UgxNe43LSwEYYwljqzl4AaABAg,@이용의-n5t,너무이뻐요☆☆☆☆☆☆☆,30,2022-09-25T05:45:35Z
DakVhz9cqys,Ugx1biOpDHuVOCnMQud4AaABAg,@별빛-o9z,한번뿐인기적 감미로운 노래 귀호강 잘하고 갑니다 장민호님 언제나 힘차게  화이팅 합시다,52,2022-09-24T00:40:10Z
DakVhz9cqys,UgzTT3HJBBrnY4zpCRJ4AaABAg,@jeongryunseok,"울민호님 참 잘생겼다 
조각미남 장민호님 어쩌면 이렇게도 멋질까요 볼수록 빠져들어 갑니다 장민호님 사랑합니다 💜 💕",22,2022-10-15T12:19:44Z
DakVhz9cqys,UgxjjojuxTbDjpjzIjN4AaABAg,@장신순-u9v,"오늘도민호님
한번뿐인기적.재방.영상보며
하루문을엽니다♥♥♥",51,2022-09-23T22:24:56Z
DakVhz9cqys,Ugw9QsbZERMNiM-GJkV4AaABAg,@박순애-i5f,"내 삶에 쉼터는 호근 
노래만 들어도 행복감",37,2022-09-24T21:43:08Z
DakVhz9cqys,Ugxadu3gZGjErQsNhml4AaABAg,@정연양-u6x,👍👍👍👍👍👍👍👍👍👍👍👍,28,2022-09-26T03:52:44Z
DakVhz9cqys,UgwwFQUNQMV0_WE58aB4AaABAg,@엘짱-d3p,"노래 좋으네요
한번뿐인 기적. .무슨 노래를 불러도 가슴에 와 닿네요~~~^^",47,2022-09-24T09:58:31Z
DakVhz9cqys,UgxesFCIjvMEKZALuZ94AaABAg,@eunmishin8282,"#장민호
#한번뿐인 기적
민호님 편이라 행복합니다
감미로운 보이스 귀호강!
눈호강! 하고 갑니다~
횟팅!!!😍😍😍",59,2022-09-23T22:46:52Z
DakVhz9cqys,UgzgxUgC2svwDXaKtZ94AaABAg,@민트솜사탕55,"#장민호
#한번뿐인기적
#단한분뿐인 민호님
#사랑함니다",20,2022-10-01T01:13:22Z
DakVhz9cqys,UgzCgjZY29mAd-P0o2x4AaABAg,@점순박-l9c,미스트릇중에서 최고미남 ㅎㅎ,24,2022-09-27T07:27:00Z
DakVhz9cqys,UgxlT3jINNyBTtBRMih4AaABAg,@정영자-p6g,"장민호잘생겨다
감성장인감동입니다ㆍ♡",17,2022-11-03T12:37:32Z
DakVhz9cqys,UgxrrbiArR_qrs3Ck0l4AaABAg,@장독대장,장민호노래는따라부리기가너무어려워 ㅡ,17,2022-10-11T11:14:20Z
DakVhz9cqys,Ugx_E-Rfc6w3-TwOdYp4AaABAg,@화순김-m5f,민호님 짱 짱 짱임니당,16,2022-10-10T01:18:01Z
DakVhz9cqys,UgytpbZyUiEIn7Yom4p4AaABAg,@다해-n2r,"너~엄
좋다~~",17,2022-10-16T12:47:33Z
DakVhz9cqys,UgzCcxXEKvn0CsLHyrd4AaABAg,@정연양-u6x,"🌛 
반갑습니다 탑멘버님들의 맏형 
장민호님 여기까지오시기에 하늘땅이 맞붙어돌아갈정도로 정말 고생많으셨습니다
민호님의 모든힘든세월을 하나님은 투명하게 다알고계시기에 민호님을 위한 하나님의 은혜와 축복도 민호님께서 바라시는대로 원하시는대로 넘쳐나게 채워주실것 입니다요
하나님도 믿고보시는 우리민호님은 하나님과 세상중심속의 대들보이자 기둥이라는 사실을 민호님은 아시는지요
여기까지오면서 민호님을 위한 하나님의
깊은뜻을 알게되였습니다요 
민호님의 위치가 얼 마나중요한지를 이제부터는 아셔야합니다
중심이 기울어지면 전쟁터
중심이반듯하면 우리미래의 평화입니다
당신은 하나님께서 사랑하시고 제일 밑음직한사람으로 쓰임밭는 우리모두의 중심축입니다
예전에해오신것처럼 항상한결같은마음으로
변함없이 탑멘보들을위한 사랑이되여주시고 우리모두의 평화의 축이되여주시길 진심으로바랍니다요 
존경과 감사를드립니다
성부와 성자와 성령의 이름으로 기도드립니다
🙏 아멘~",15,2022-10-20T00:28:22Z
DakVhz9cqys,UgxFNALC1C1PlZJneex4AaABAg,@김영주-f9i3t,난이제야민효님 아제야알앗을까요,13,2022-12-03T08:27:08Z
DakVhz9cqys,Ugw7KmuYwWM3KmP72fV4AaABAg,@채채-s4j,장민호님   노래<한번뿐인기적 > 내가 제일 좋아한   노래입니다   위로받고   보답으로   응원합니다,10,2023-04-29T15:39:44Z
DakVhz9cqys,UgxkUFy3L9j1fZCEl6F4AaABAg,@김명희-r3k8p,"나의쉼터장민호
왜이제야알았을까~~❤",10,2023-04-13T09:47:20Z
DakVhz9cqys,UgzsOym7Gx6rPT-uL3N4AaABAg,@김정순-m8d,"와ᆢ 최고네요
감미롭ᆢ
너무잘하시네요♡♡",10,2023-01-25T00:58:38Z
DakVhz9cqys,UgyRcuZhkRZk7W4jTE94AaABAg,@ohyuyasgirl,"눈감고 듣고 있으니깐 천국 온거같네요
 목소리가 천상에서 내려온 천사 같네요",11,2022-12-20T13:30:29Z
DakVhz9cqys,UgxOlPwwJs3gyw4dwz14AaABAg,@이미경-w9f3j,"노래부르시는모습
슬픈사슴눈으로 노래부르시는모습이. 가슴이. 찐하네요. 넘잘생기신 민호님날씨가많이쌀쌀해졌는데 감기조심하시고. 승승장구하시길 민트님들 과응 원합니다~~^~~♡🦌🦌🦌🙆🙆🙆👍👍👍💖💖",18,2022-10-06T03:54:30Z
DakVhz9cqys,UgwKFFPgPQkxZC6oh6B4AaABAg,@선심위,한번뿐인기적너무맘에다아 장민호님고맙고감사합니다승승장구하십시요응원합니다,40,2022-09-25T01:32:59Z
DakVhz9cqys,UgzXdTCrthgND5zmrj54AaABAg,@조경숙-j5v,달달한 #한번뿐인 기적# 울 민호님 명품보이스에 푹 빠져봅니다~~,48,2022-09-24T05:16:50Z
DakVhz9cqys,UgxcYlTNIn7JdfgJxXB4AaABAg,@김정자-l3p,노래가 끝까지 나왔으면 좋겠다,34,2022-09-26T05:36:24Z
Uz1lHSlOSHk,UgwndOYR_L2Z36XZXBh4AaABAg,@채채-s4j,장민호님    누구보다   그 현장에  계신분들  맘~다   아실것같아요    참가하신  모든  창업자  대표님들 응원합니다,42,2022-09-23T12:01:58Z
Uz1lHSlOSHk,UgzWvCwH-IBy-dg2Oo54AaABAg,@jinbae7481,장민호 장민호 장민호 정맣 못하는게뭘가요 차분하게 오랜내공이 나오네요,53,2022-09-23T11:15:24Z
Uz1lHSlOSHk,UgxVIAEAJt82FoCCbNh4AaABAg,@자두꽃향기-j4c,MC 장민호 너무멋집니다,60,2022-09-23T11:05:57Z
Uz1lHSlOSHk,Ugw5SwNztMeCDvhXcqt4AaABAg,@박연순-l6b,"[스타트업 서바이벌!]
""창업 인"" 의 꿈을 응원하는 단독 MC🎤
#장민호님! 최고최고! 대박! 완전! 대박! 진심으로 축하드립니다!
이 프로그램에 참석한 ""창업 인"" 은 무조건 대박 날 태다! 파이팅!",60,2022-09-23T11:37:38Z
Uz1lHSlOSHk,UgxZ8w7wpgNXDGM3TkN4AaABAg,@이정우-x2o1p,"오래전부터 mc였나보네요
너무자연스러워요 매끄럽게
잘 하시네요",52,2022-09-23T10:52:45Z
Uz1lHSlOSHk,Ugw-hgTfCTFZG4k0tit4AaABAg,@보화김-e7w,민호님 입니다 역시 민호님 입니다 #스타트업 서바이벌 화이팅 대박대박나세요 역시입니다  서바이벌 창업아이템 다음주기대됩니다 파이팅 모두모두 같이함께해요 파이팅 민트님,34,2022-09-23T11:38:21Z
Uz1lHSlOSHk,Ugw1gG-ZiHii5hl-pFx4AaABAg,@lee3she209,차분하게 mc 짱임니다 민호님 짱,53,2022-09-23T10:46:38Z
Uz1lHSlOSHk,UgzCZkcKBpE8Tvfe1pd4AaABAg,@황점악-c4z,스타터업스바이벌MC최고의멋진민호님진행도최고멋짐도최고입니다민호님하시는모든프로는다대박입니다~~홧팅~^♥,35,2022-09-23T12:39:50Z
Uz1lHSlOSHk,UgyI3gYx5AitJtwKyLh4AaABAg,@정화신-v3r,"2022창업프로 mc장민호가수님
축하 드려요.
멋져요 💕 💜 💏 💙 💚 😍 💕",25,2022-09-23T14:36:13Z
Uz1lHSlOSHk,Ugy1mzpTS228zRl5FrB4AaABAg,@주원-o5m,"장민호 님 SBS 창업프로젝트 스타트업 서바이벌~ 시사프로 MC로 데뷔하시는 장민호 님의 모습이 너무도 자연스럽네요.
장민호 님은 타고난 분임이 분명합니다.
계속 승승장구하시길 응원합니다👍🏼",33,2022-09-23T14:37:04Z
Uz1lHSlOSHk,UgxeTOxhIHvgEq5kJ5h4AaABAg,@박은미-s1g,말도 참 이쁘게 잘하네요ㅎ,47,2022-09-23T11:01:38Z
Uz1lHSlOSHk,UgxIkUsEfJPsx9rtF354AaABAg,@eunmishin8282,"#스타트업 서바이벌
명MC #장민호
축하 드려요~
우려했던 거와 달리  너무 잘 하셨어요.
민호님 편이라 행복합니다.
홧팅!!!😍😍😍",36,2022-09-23T13:48:14Z
Uz1lHSlOSHk,UgwGLfcNY6mdCeQxsMd4AaABAg,@별빛-o9z,서바이벌 앰씨로 진행을 넘 잘하셨어 장민호님때문에 보는네네 행복이였답니다 대박기원합니다,28,2022-09-23T15:45:35Z
Uz1lHSlOSHk,UgzsddtfpxrwUOhflep4AaABAg,@이영자-i5n,"장민호 스타트업서바이벌MC  
창업인들의  꿈을위해 말씀으로 
힘을실어주고 배려와 격려를 해주시는 민호님 응원합니다",16,2022-09-24T14:14:04Z
Uz1lHSlOSHk,Ugxn-do-dSK7_uz7NqB4AaABAg,@손순아-i9z,민호님 진짜 너무 멋졌어요 역시 최고의 mc네요 민호님 너무 잘어울리고 말씀도 너무 잘 하시고 최고입니다 스타트업 대박대박 응원합니다 민호님 최고 최고 최고 👍👍👍👍👍👍👍,16,2022-09-24T09:35:56Z
Uz1lHSlOSHk,UgwG2UWNMqLCfDkw6PV4AaABAg,@황옥자-f1l,"#장민호
#스타트업 스타트업
역시 명 mc입니다",17,2022-09-24T00:03:22Z
Uz1lHSlOSHk,Ugyva6qx1xMXq_dBaUZ4AaABAg,@안심이-n7f,"단독MC 축하드립니다 
언제나 멋진 민호님
응원합니다 건강잘챙기시고 행복하시길 바랍니다~♡",16,2022-09-24T13:48:50Z
Uz1lHSlOSHk,UgzGLaWnaG-308jW7vx4AaABAg,@hee7279,"장민호
스타트업 서바이벌
들어서는데 빛이 나네요
너무 잘생긴 장민호 ♡",17,2022-09-24T03:22:51Z
Uz1lHSlOSHk,UgyA8VRX8dVsL5t6pDZ4AaABAg,@김연희-v8j,"스타트업 써바이얼 이프로는 언제 방송 했나요 저번주 기다려도 장민호 님 
출연안하시는 것 같았어요 
못봤어요 아쉽네요 민호님 응원합니다.",27,2022-09-23T12:43:57Z
Uz1lHSlOSHk,UgyHbYOPJalakX9X5u14AaABAg,@부인공작,스타트업 서바이벌 mc 징민호님 차분하고 안정감을 주면서  잘하셨어요 창업하는  사장님들  좋은아이템  결과있길 화이팅!!!,14,2022-09-24T05:45:43Z
Uz1lHSlOSHk,UgwhX_qbv8Jo21m7JNR4AaABAg,@화순김-m5f,민호님 다른 엠시 축하합니다,14,2022-09-24T06:39:36Z
Uz1lHSlOSHk,Ugz2rEAQmxwLNZo77iN4AaABAg,@이용의-n5t,똑똑하게보여서좋네요,14,2022-09-24T08:17:28Z
Uz1lHSlOSHk,Ugwk1rV3AJxx9939WIh4AaABAg,@옥이야1,민호님응원합니다,11,2022-09-29T11:25:15Z
Uz1lHSlOSHk,Ugxt0jagwzaDe-47adN4AaABAg,@검정-z3b,지방도 볼수있게 좀 해주세요,15,2022-09-24T12:33:38Z
Uz1lHSlOSHk,UgwWFsgbhxe7a3iLPPR4AaABAg,@눈꽂-m5e,멋찌다~~~뿡뿡,10,2022-09-29T15:38:38Z
Uz1lHSlOSHk,UgwxpjtnpCriKdh_R1d4AaABAg,@청춘-c4v,민호님은 뇌섹남인데 뭔들 못하겠어요 일거리 많이 주세요,5,2022-12-20T02:11:44Z
Uz1lHSlOSHk,UgzMraGwGet0OnBYztx4AaABAg,@라인댄스-B,장민호 창업프로젝트 오늘은 더잘생기고 더멋져요 따듯하고 아름다운사람 장민호 트롯신사 응원합니다,47,2022-09-23T11:49:01Z
Uz1lHSlOSHk,Ugwgsjq3f9R-BkYSQql4AaABAg,@김희숙-n6h,민호님 너무 멋져요,53,2022-09-23T10:50:04Z
Uz1lHSlOSHk,Ugw9tdi2EikHvPF7ndd4AaABAg,@박선옥-h2s,"장민호 스타트업서바이벌 
최고의 명 엠씨 넘 잘 하십니다 
민호님 입담 품격 인품 
못하는게없는 끼쟁이 사랑꾼 민호님 최고최고 
잘 하십니다 
항상 민호님 응원하고 사랑합니다 
스타트업서바이벌 
대박대박 나세요 응원합니다",50,2022-09-23T12:19:49Z
Uz1lHSlOSHk,UgypMpKM8hpy6FQIHqh4AaABAg,@임선희-n9s,차분하면서도. 따뜻한 사람 #장민호님축하해요. 💚 ㅡ,46,2022-09-23T11:55:59Z
kiaHRcu68zE,Ugx-dtEVDGb2deDbtg54AaABAg,@장성희-w9d,울민호씨 어두운 데서도 빛이나네요~,13,2022-09-24T03:21:26Z
kiaHRcu68zE,UgzDnNXnVbzO53moBeR4AaABAg,@미진-m1m,울 민호님 천성이 참 착한분같아요 선함이 눈에보입니다 민호님 편이라서 감사해요 늘응원합니다,17,2022-09-24T02:37:45Z
kiaHRcu68zE,UgzLbEdTFBRCbX2ObVd4AaABAg,@이덕순-e7g,울민호님 짱입니다 회이팅 사랑해요 💜,16,2022-09-24T03:00:25Z
kiaHRcu68zE,UgygLHMFDo2FtRQRTal4AaABAg,@박현숙-i7y,민호님 선하고 착한 분이시죠  인성  매너 최고입니다 민호님 편이라 행복합니다 민트님들 감사합니다,17,2022-09-24T02:42:28Z
kiaHRcu68zE,UgzYLA0rXtaYwQKM3PR4AaABAg,@강자근,#장민호최고 항상 응원합니다       #민호특공대화이팅,7,2022-09-24T09:01:16Z
kiaHRcu68zE,UgwKjtdWzBeiHZsXFjl4AaABAg,@김령숙-k8c,울민호님 민트님들 넘 수고 했습니다 안전하게 조심해서 귀가 하세요  홧팅...,12,2022-09-24T03:42:46Z
kiaHRcu68zE,UgyqiKJbeZzUa5RdMJ14AaABAg,@성순자-m5l,멋진 민호님 앞길에 꽃길많 걸으세요 사랑 합니다 축복 합니다 건강하세요💕 😍💜  💖,3,2022-09-26T18:08:23Z
kiaHRcu68zE,Ugw7BEUJw2sSbKe2R9l4AaABAg,@지아-z7l,"장민호님  대중들에게 큰사랑받으며
대중들과 영원한트롯가수로  
활동하시는 민호님~!!
건강잘챙기시고
언제나변함없이 대중들과
함께해주세요
항상 응원을보냅니다~!!♡",2,2022-09-27T10:22:53Z
kiaHRcu68zE,UgygsxN8YPV_dPr9rxB4AaABAg,@윤자김-s3p,"민호님
 많은 사람들 틈에서 인사를 아끼지 않는 민호님을 보면서 역시 내가 존경하는 가수 민호님이다 라고 다시 한 번 존경합니다
 감사하고 고맙습니다
🙏 🙏 🙏 🙏 🙏",1,2022-09-27T14:03:49Z
kiaHRcu68zE,UgysuU1r8LAsqkj2MU54AaABAg,@정희구-p6g,"장민호님 
좋은 노래 잘 듣고 있어요 영상 보고 있습니다 쵝고중최고입니다",0,2022-10-02T12:16:33Z
kiaHRcu68zE,UgwTamJkaoRVSUUErg94AaABAg,@정화신-v3r,"장민호가수님 엄청 응원 합니다 ❤️ 
민트님들도 대단 해요.
어찌그리 다 아름다운지요.~♡♡♡",1,2022-09-27T14:05:01Z
kiaHRcu68zE,UgwTpmlASMC8zxVz5cx4AaABAg,@별빛-o9z,피곤할텐데도 퇴근길에도 팬님들한테도 사랑인사을 하시네요 장민호님 착한인성는 만인이다 잘알지요 수고하셨습니다,16,2022-09-24T02:59:12Z
kiaHRcu68zE,UgwJHa2UPxt2LFaLtBl4AaABAg,@임희정-o1j,울민호님 계신곳마다 민트님들 환호성은  메아리 치네요 민호님 응원합니다,11,2022-09-24T03:26:15Z
0bnN6tJQjXU,UgxD034HhqD3PKvoTix4AaABAg,@wendy209758,아니 이것들 쇼츠에 도배를해놨네 샹,0,2022-12-29T13:19:16Z
0bnN6tJQjXU,UgxQYZJdoCos_6UawaV4AaABAg,@Esftrggu,"미씽2고 나발이고 왤케 쇼츠 도배를 해놓고 있나
드라마 재밌게 만들면 알아서 시청율 올라간다",0,2022-12-28T16:10:52Z
hIjeabJGhj4,UgwdOl8J2Qc1SxsDYjh4AaABAg,@k.tamarin6422,Park Gyuri🎵😆💕💕💕💕💕,0,2023-03-16T05:57:07Z
v1HoUg_5y4I,UgxPmfzWo6tIPrADog14AaABAg,@다누다누,야함주의😅,26,2023-04-28T07:12:01Z
v1HoUg_5y4I,Ugw7aKqXn686HMOmCa94AaABAg,@김미화-c2y,응원합니다,10,2023-05-17T14:07:45Z
v1HoUg_5y4I,UgxFKgRkabC9w_6P4FR4AaABAg,@피카추-p3r,귀여워요 ~~~~😅😅😅,29,2023-04-28T07:18:33Z
v1HoUg_5y4I,UgxbYlddsNCZ6760a3d4AaABAg,@user-okboo,귀까지  빨개졌네요 ㅎㅎㅎ  우리 영탁님 그래도 잘했어요,28,2023-04-28T09:49:22Z
v1HoUg_5y4I,UgzUUqEzZfBy7EEnL0N4AaABAg,@천호탁,대단한 내가수 볼수록 멋지다,37,2023-04-28T07:37:22Z
v1HoUg_5y4I,UgxI46kVmYQuf41qw-x4AaABAg,@덕이야-m9h,영상 ❤❤첨봐요 😂😂😂😂  영탁님 관절 조심❤,8,2024-07-31T22:04:02Z
v1HoUg_5y4I,Ugz5cUzCi6bKnLQXr9x4AaABAg,@개여울-p6j,ㅋㅋㅋ 귀여운 상남자,9,2023-06-09T06:06:39Z
v1HoUg_5y4I,UgxP3hbGJETB-ASlZQp4AaABAg,@k..428,ㅋㅋㅋㅋㅋ 👍💙,23,2023-04-28T11:03:04Z
v1HoUg_5y4I,UgzMkbxOQBmSuhhSl354AaABAg,@him7174,ㅋㅋㅋ 옴마,9,2023-05-26T10:21:06Z
v1HoUg_5y4I,UgxyCI2AlLeZrE_oTs14AaABAg,@솜사탕-w9f,"하하하  옴마야  하하하  빵터짐요 
뭘해도 이쁘고 최선을 다해요~~",30,2023-04-28T08:11:24Z
v1HoUg_5y4I,UgypMe8AKftm5UUl_ed4AaABAg,@yijun-1234,ㅋㅋㅋㅋㅋㅋ넘웃겨 굿입니다♡영탁님 ㅎ💙,30,2023-04-28T07:22:14Z
v1HoUg_5y4I,Ugxou-hFP7_wnQVMa_N4AaABAg,@김태연-s1z6e,"아이고야 정말 
춤신이되었군용 ㅎㅎㅎ💙💙💙💙💙",28,2023-04-28T09:20:09Z
v1HoUg_5y4I,UgyDVlOooyo5L3t3Y0x4AaABAg,@김성희-h6e,볼때마다 힐링됩니다 너무 사랑스럽고 예뻐요  👍 평생 내사람들과 함께 해요 ❤❤❤,21,2023-05-04T21:48:25Z
v1HoUg_5y4I,Ugwqu3Xz7yDFtBIK51Z4AaABAg,@심수옥-d4j,"ㅋㅋ 이쁜데 웃기기까지
완전 코미디~
귀여운 탁님
사랑스런 탁님~♡♡♡",31,2023-04-28T09:10:14Z
v1HoUg_5y4I,UgwsV-APIotCcGAcszJ4AaABAg,@salgubbit,"옴마야
야함주의  경고
이럴때 젤부끄러워
할거다하셧자나요
ㅋㅋ😅
표정은 찐으로 
부끄러운듯요 ㆍ",24,2023-04-28T08:22:59Z
v1HoUg_5y4I,UgzXcT76q5o-Cl6KPM54AaABAg,@박폭스사랑,"🤣🤣🤣아이고 귀여우신 울탁님💙
이럴때 제일 부끄러워ㅎㅎ 춤 다추시고 나니 현타 오신 탁님 너무 귀여우셔요💙",31,2023-04-28T09:13:48Z
DLDjIIsr398,UgzyrLsUkw6Ep-RXEzF4AaABAg,@jamesleetv1054,"전체영상 
https://youtu.be/IUpvzMb6Zmg",11,2023-08-11T03:59:21Z
DLDjIIsr398,UgziYO5kVWsZ5ad3AuN4AaABAg,@김정옥-y2c,"희재님 넘멋져요 항상응원 합니다 
뭐라고예 돌리보까예  희재님 넘 귀여워요",15,2023-08-11T13:19:07Z
DLDjIIsr398,UgwozHX3G2S7LqrrY0d4AaABAg,@장순애-x7j,잘한다 희재,9,2023-08-24T08:01:12Z
DLDjIIsr398,Ugz-z70DovuY4hjkTgx4AaABAg,@꼄-k9f,사랑스런 김희재~기분업 무대장악력 최고 열심히 돌리고 했네요 선명한화질올려주셔서 감사합니다,14,2023-08-12T00:39:24Z
dbg5BmkRJ48,UgxjJHPjoqwA3tVLSwN4AaABAg,@학살은안돼,누나 미안해 나 쌌어,2,2022-07-23T09:11:52Z
dbg5BmkRJ48,Ugxkc6CoaONKV7VFMCJ4AaABAg,@태경하-i2y,팬티나 까지,0,2023-05-06T14:41:29Z
AUz3UUtS3ys,Ugz4jsDLhvQwc_bFP5p4AaABAg,@hongjinyoungvietnam,Daebak ❤❤,3,2022-09-28T03:41:04Z
AUz3UUtS3ys,UgzgCyD8XqCwFFTSwCR4AaABAg,@hongjinyoungvietnam,다른 진영 팬캠 있나요? 🤩,3,2022-09-28T08:28:12Z
AUz3UUtS3ys,UgzRNMZduBE29TrGkj94AaABAg,@spunk2949,홍진영 씨가 대범하고 친절해요.,0,2022-09-30T07:24:07Z
AUz3UUtS3ys,UgwvU_Bvqefd6Lql8Wh4AaABAg,@hoangchau4391,무대에서 진영을 보며 흐뭇한 미소를 금치 못했다. 가수 홍진영은 언제나 가장 빛난다.  감사합니다 ❤,4,2022-09-28T03:46:03Z
AUz3UUtS3ys,UgyBynko6jezAAW-F2t4AaABAg,@DJ-ux4kx,잘가라~~~너를 잊었다아~~~몇번은더 복사 할테니~~,1,2022-10-01T09:41:35Z
AUz3UUtS3ys,UgykiqipY9y_RLsSNYN4AaABAg,@류신사,그닥 거짓말 나빠요,1,2022-09-30T15:42:44Z
gZ-Ta1B8gNg,UgxmliMbKga19pr50Qd4AaABAg,@i.am.jihoonk,아라중 음악시간이다,0,2020-10-30T05:01:02Z
fFPNmwjxL94,Ugy0wh0_0GUM3UO7JuJ4AaABAg,@whitegrapes007,"유친님들
기나긴 장마때문에 힘들게 보냈던 
여름이... 조용히 지나지고,

🍂🍂가을의 무턱에 들어서 있네요.
모든일들 잠시 놓아두고,
어디론가 훌쩍 여행을 떠나고픈. 
그런 마음입니다..

지난 7월에 함안에서 있었던 콘서트영상을 모음곡으로 담아 보았답니다.
유친님들께선 이미 보신 영상들 이실거예요..
제가 소장하고 싶어서 업로드 합니다.

💥유친닝들,바쁘실텐데..
댓글인사 안해주셔도 됩니다.
그냥..
기타잘치고, 노래 잘부르는..
거기다,곡도 잘 만드는..🎶
포크가수 유로김철민님..
이름만 기억해 주시면., 
청포도는 행복하답니다.
행복한 가을 되세요..🍂🍁🍁",7,2020-09-14T03:08:32Z
fFPNmwjxL94,Ugy_kBJzTHjQraGEIB14AaABAg,@한겨레_독립TV,멋진 콘서트영상 감사하고 응원합니다^^,3,2020-09-15T05:36:48Z
fFPNmwjxL94,UgwSaJ72tutzlI2QrQt4AaABAg,@트로트가수천숙경,"김철민 멋지신 가수님 반갑습니다 오늘도 가수님의 멋진 기타연주 와 노래 가 넘 멋지시네요 (좋아요) 
예쁘게 드리고 힐링하고 갑니다 최고입니다 오늘도 수고많으셨습니다 편한 저녁시간되세요 늘응원합니다 건강하세요 행복하세요",3,2022-03-09T10:46:25Z
fFPNmwjxL94,UgzL4wMFLSDBlkFGYLl4AaABAg,@팬블리,일등~~~⚘☕,2,2020-09-14T03:11:04Z
fFPNmwjxL94,UgywR7xSvItV81qpA_Z4AaABAg,@anggelliaworship,"함안콘서트에 
청포도의 행복느낌으로
감상하고 있어요
유로김철민가수님!
노래 너무 좋아 팬이 되었어요
감상 잘 하고 갈게요^^",2,2023-05-10T05:44:10Z
fFPNmwjxL94,UgymvRXd8ubYM0OiZfF4AaABAg,@북촌아뜰리에_구소현,음악들으면서  식사하니 한층 고급스러워 지네요! 멋집니다.,3,2020-09-15T05:08:51Z
fFPNmwjxL94,UgwfsNiOc11AWKwZp-94AaABAg,@atan20579,아름다운 무대에서 연주 한 좋은 노래,3,2020-09-16T07:24:05Z
fFPNmwjxL94,UgzvfXI53aPbigPSTxx4AaABAg,@iamsuncheon,"네,, 잘 쉬어갑니다. 감사합니다.",1,2020-09-14T13:43:50Z
fFPNmwjxL94,UgxW-KvEbLmYjAq7YsJ4AaABAg,@태수기라이프,안녕하세요 반갑습니다 유로 감철민님 노래 듣고싶어왔어요 어찌해 목소리 넘 맘에들어요 중독성있는 목소리 넘 좋아합니다👍👍👍,3,2020-09-15T11:01:31Z
fFPNmwjxL94,Ugyw8r5f3wAE_4njjR14AaABAg,@jeakyoung777,최고의 가수  유로 김철민  멋집니다.,1,2020-09-14T03:11:06Z
fFPNmwjxL94,Ugyst-Ud3OM_4arskJh4AaABAg,@들꽃-l1t,"유로님 노래는 저의 드라이브송 입니다
부드러운 목소리~
언제 들어도 정겨움이예요..",1,2020-09-15T02:29:05Z
fFPNmwjxL94,UgylU5eY6HUe2Jsarh14AaABAg,@수련456,"언제나 멋지신
유로님 건행을
발원 합니다",2,2020-09-14T10:25:48Z
fFPNmwjxL94,UgzTr_Xty7Pj4ZyyPh94AaABAg,@blue-mp5sf,"편안하게 걈상할수 있어서
너무 좋네요.
유로님, 청포도님..감사합니다.",1,2020-09-15T11:51:08Z
fFPNmwjxL94,UgzHsH1mk0DnFCoVDVN4AaABAg,@music_Dance_jeahee,10번째 좋아요 꾸욱누르고 입장합니당ㅎ유로김철민님 영상모음 이시군요^^청포도님의 사랑이 느껴집니다🌹🌹🌹음악들으며 점심먹어요😄😄청포도님 좋은시간보내세요^^유로김철민님 응원합니다🌸🌸🌸👍,1,2020-09-14T03:38:49Z
fFPNmwjxL94,UgxB2n6m7gzXXIfVZDl4AaABAg,@농튜버강사,와 감동입니다,1,2020-09-15T09:11:08Z
fFPNmwjxL94,UgwMDJsPjPI7ZmkSqZ54AaABAg,@seo_young_tv,"아이고 좋구나
아름다운 보이스에
가을여행에
몸을 올려봅니다요
좋고도 좋아요
멋진가수#유로김철민 가수님
#청포님은 우리의 귀하신
유친님 

🤭🤭🎸🎤🇰🇷🌹☕",2,2020-09-14T03:33:31Z
fFPNmwjxL94,UgyIfJqaCwYWSWztmkZ4AaABAg,@blue-mp5sf,"출근준비 하면서
다시 듣고 있어요.. 모음곡 너무 좋아요.",1,2020-09-15T22:25:20Z
fFPNmwjxL94,UgzKaV6gXtS8ZBLqmXx4AaABAg,@미란다이선미,"선선한바람쐬며 울 유로님노래 듣고
있지요...넘 좋네요~~*",1,2020-09-14T12:23:59Z
fFPNmwjxL94,UgymuN5xVb38GWPgOZN4AaABAg,@채정숙통기타,들어도 들어도 좋은노래 유로님 오늘은 차분히 이어폰끼고 들어봅니다. 바쁘단핑계로 자주못뵙네요. 좋은노래 고맙습니다. 좋은날되세요.,1,2020-09-14T23:47:13Z
fFPNmwjxL94,UgwQT9grsTBWrajKSA14AaABAg,@TV_drone,"댓글 달고 천천히 듣겠습니다 
편안한 저녁시간 보내세요 ~",2,2020-09-14T12:48:38Z
fFPNmwjxL94,UgxHrdzMCzQ4wllhbnJ4AaABAg,@이광수작가,월요일 점심 먹은 후 이 노래를 듣고 있습니다....^^,2,2020-09-14T03:41:34Z
fFPNmwjxL94,UgzB5LCNSY7xdYgEmSB4AaABAg,@일산할머니,"노래를 직접 작사를 하셨군요 
한편의 소박하고 맑은 한편의 소설을 읽은 느낌이라고 표현해도 될것 같습니다
맑은 목소리도 좋고..  가사도 너무 좋습니다  철민님의  감미로운 목소리가  하루의 피로를 녹여 줍니다
함안에서 콘서트를 하신 영상이군요  정말 마음놓고 쉬어 가네요 
수고 많으셨어요 엄지척 27 로 응원 합니다.",1,2020-09-14T10:17:52Z
fFPNmwjxL94,UgwCy7OnW51NAHXySrR4AaABAg,@feel-rl1wg,"환상적인 연주와 감성이 넘치는 
유로님 공연을 이렇게 편안하게
볼수 있다니 모든것이 청포도님 덕분입니다,
이런  호강이 없네요,감사합니다 ~♡",1,2020-09-15T00:51:57Z
fFPNmwjxL94,UgxXV2BjsQgxFhHSEGl4AaABAg,@Juliasalon2512,"신짜오 🥰
노랫소리가 나른한 오후 
따스한 분위기로 가득 채윱니다 
아름다운 노래입니다 👍👍👍👍❤",1,2020-09-14T06:15:16Z
fFPNmwjxL94,UgxwcjIUVyreR63VeDR4AaABAg,@빛-p2o,잘잘텃밭님 실방타고 왓어용 노래 잘 부르신다용 응원합니다 홧팅,1,2020-09-14T22:44:19Z
fFPNmwjxL94,UgxbaQ6ShILJ5YJKKMx4AaABAg,@healingtv7297,"너무 좋네요~~
귀가 쾌적한 느낌입니다.
감사해요.
맛점 하셔요~~^^",1,2020-09-14T03:36:27Z
fFPNmwjxL94,Ugxwj2Bdce6xFfiwtT54AaABAg,@_zalzaltutbat629,"#청포도~ㅇ님 안녕하세요 😄 
늘 안부 물어주시고 감사합니다 🙏 💕 
덕분에 음악 🎶 잘 듣고 있어요 🤗👍
늘 건강하시고 행복하세요 😊 💕 
큰성장 하시길 바랍니다 🙏 또올께요 🤗 응원하고 갑니다",1,2020-09-14T22:15:04Z
fFPNmwjxL94,UgwiqEnWgHEoXBtac-x4AaABAg,@서현이네소확행,"멋진 노래 너무
좋습니다
마음의 힐링이 되네요
노래 들으면서 잠시
쉬어 갑니다
엄지 척 입니다
👍👏🎸🎼🎶🎵💐💖",1,2020-09-14T05:16:07Z
fFPNmwjxL94,UgyevmZftPj3q4Nk2cF4AaABAg,@천해영천사,풀청하고 이웃맺고  갑니다,1,2020-09-14T08:48:27Z
fFPNmwjxL94,UgwTBrcQ7NLW9-YTmap4AaABAg,@김영철의길따라노래따,"34.
유로 김철민님의 팬이 안될수가 없겠 습니다.
수준높은 노래와 재스쳐 너무 좋습니다.
촬영의각도부터 영상 편집 실력도 보통이 아니십니다.
멋진영상 즐청 하였 습니다.",1,2020-09-14T12:57:40Z
ISfgK7DbeT4,Ugz9sfGiMReosROKa0V4AaABAg,@zk7by53msp,애기 때부터의 교육만큼 좋은 약도 없다. 쓰레기 버리지말기도 재활용 똑바로하기도 저렇게 교육 철저히 했으면 좋겠네요.,0,2023-08-31T23:17:08Z
ISfgK7DbeT4,UgzRQqLmSGE4K6HppHx4AaABAg,@퍽하키,그냥 담배를 마약류로 지정하자,2,2023-08-25T23:08:49Z
ISfgK7DbeT4,UgwPdJ7Wlp73p0NiRTp4AaABAg,@namyangmed,왜 팔면서 금연 교육을 해.. 그냥 않팔게 법을 바꿔,0,2023-08-26T02:50:18Z
yY4ATPD-cyU,UgxsgRVnHYXccRw2Zz14AaABAg,@djembe7tv,"<이제는 - 젬베 Cover> 풀영상 보기!
☞ https://youtu.be/VZgSB911d24",0,2023-01-13T08:26:16Z
UMPoglsnYlk,Ugyf5lGk6plpVwERWbh4AaABAg,@풀비-m2t,"와우~~~@@!! 멋쩌요
소리 보정도 하지 않았는데 너무 멋진 소립니다",0,2024-03-26T12:14:59Z
UMPoglsnYlk,UgyWnGeV7SvdlSVOBel4AaABAg,@kangkang7404,"[임나일본부의 부활]
소방관,  군인, 경찰관 은 우리의 삶을 지켜주는 영웅입니다.  임진왜란과 일제강점시기  수많은 영웅을 우리는 늘 감사하며 살아가고 있습니다.

그러나 왜구를 존경하고 강도 일본인을 자랑스럽게 여겨야하는 참담한 일이 벌어 지고 말았습니다. 

대학교의 강단사학자는 일본서기의 왜구가 249년 신라를 정벌하고 가야를 멸망시키고 임나일본부를 설치하여 646년 임나가 없어지는  그 날 까지  한강 이남을 일본의 식민지로 통치하였다고 합니다.  뿐만 아니라 야마토왜의 임나소국의 수장이  합천 남원 김해 함안 등  한강 이남의 지역에 2,000 여기 이상의 고분에 묻혔다고 합니다.  전혀 근거 없는 사실  이지만 역사적 사실이라고 국민을 윽박 지르고 있습니다.  강단사학자 들은 역사를 왜곡하여 그 시체의 무덤을 영웅으로 모시고 가야를 침탈한 수장으로 그의 훌륭한 통치업적에 감사함을 영원히 잊지 않기 위하여 2021년 3월 유네스코 세계문화 유산에 1차 자료를 등록 하였습니다. 2021년 말 2022년 초 유네스코 실사단의 현장방문을 마치면  세계가 인정하는 세계문화유산 고분군이 됩니다.

강단사학자는
대한민국의 국민에게 자랑스러운 문화유산 무덤 앞에  정성과 존경의 뜻을 담아 한 잔의 술을 두 손 모아  왜구의 무덤에 바치라고  합니다.

이렇게 참담한 일은 강단사학자가 역사의 권력을 잡고 있기 때문입니다. 그 강단사학자의 뒤를 좀비와 같이 따르는 자가 문화재청, 남원시, 합천군청 입니다. 

가야고분군은 우리의 조상 무덤입니다. 왜구의 수장층 무덤이 아닙니다. 일본서기의   기록은 일본열도에서 일어난 사건이고 허구의 기사입니다. 
우리가 독도의 이름 대신 일본이 주장 하는 죽도(다케시마)를  유네스코에 등재하는 것과 다를바 없습니다.

임나일본부는 정한론의 명분으로 내세우는 일본제국의 논리 입니다. 임진왜란과 일제강점35년을 정당화 시키고  가야의 영토를 침탈 하려는 것입니다.

국민 여러분 우리의 가야를 지켜 주십시오.
역사의 권력을 장악한
강단사학자는 일본서기를  신봉하고 무서워하지만, 역사의 주권을 가진 국민을 개돼지와 같이 무시  하고 있습니다.
우리는 토착왜구가 아닙니다. 토착왜구의 자손이 아닙니다.
강단사학자와 맞서 싸워 주십시오.  유네스코  홈페이지에 등록되어 있는 남원의 기문국, 합천의  다라국을  삭제하여 주십시요.ㆍㅇ",0,2021-12-09T21:16:15Z
I12D5-BSMcw,Ugz3SmUNpAX3qANczTl4AaABAg,@뮤페H,실력파 올라운더 정동원의 고화질 직캠 더보기 <<<<< 프로필 링크로 이동❤,279,2025-04-15T03:29:22Z
I12D5-BSMcw,Ugx07HVeWB2p9pJCCS54AaABAg,@지피지기-o8b,"잘 컸다 
키고 크고 잘 생기고 
외모까지  완벽
노래는 기본이지 
목소리도  멋지다",9,2026-06-27T10:06:44Z
I12D5-BSMcw,UgwySNV2XZcQuTsncQl4AaABAg,@jihoo0227,오랜만에 다시 봤는데 조회수 580만이라구요? 잘못봤나 했어요. 어지간히 이뻤나 봐요.,16,2026-04-24T16:03:19Z
I12D5-BSMcw,UgwVNGGxk58-Us2Epep4AaABAg,@서영미-n3m,정동원  가수님  스타성최고,21,2026-05-21T08:49:46Z
I12D5-BSMcw,Ugx9y5QQ1J3xPXE1Qxx4AaABAg,@suercvxilzx,정동원 목소리는 주인공 소리 👍,50,2025-09-25T11:14:41Z
I12D5-BSMcw,UgzyRAG5NWUakC7aQyp4AaABAg,@올리브-m6m,"이젠 예전의 삐약이 아니네😊
이젠 청년일세😊
늘 응원합니다😊",37,2025-05-25T13:38:15Z
I12D5-BSMcw,Ugw0Vk5YYMe16JD-WFp4AaABAg,@강은서-k9o,울 동원군멋져요  늘 언제나응원합니다^^❤,8,2026-06-02T06:00:47Z
I12D5-BSMcw,UgwATGqRJiOsKroAf-54AaABAg,@cherrysagesohn,"끼 부리는거 아닌데,,, 
저절로 나오는 핵폭탄급 매력,,,
타고난 연예인
해병 정동원 🌸🇰🇷🪖
무사무탈 전역 기원",36,2026-04-23T08:35:24Z
I12D5-BSMcw,UgyeP-X6aFw8pSaGcQx4AaABAg,@시사랑13Q,우리 동원이 너무 잘 컸다. ❤❤❤❤❤❤❤❤❤❤❤❤❤,7,2026-06-20T09:45:58Z
I12D5-BSMcw,UgwKg8Lf2oRvWJpDYvN4AaABAg,@Sun-nn9hz,"정동원 보고싶다
시간아 빨리 좀 가라",7,2026-07-01T10:59:51Z
I12D5-BSMcw,Ugx-euXl3Au2QgH_6n14AaABAg,@영심이-w4k,울동원이.너무멋지게.크가네요.잘생겨네요.음색도아주멋지고.👍🏻👍🏻❤❤❤❤,7,2026-06-26T03:52:24Z
I12D5-BSMcw,UgywKrROI8bS_HX4brN4AaABAg,@혜돌맘-g4m,정동원. 멋집니다❤❤❤,16,2025-04-14T04:04:40Z
I12D5-BSMcw,Ugy1cx2Bh1Qj_P-C9el4AaABAg,@포근한하루-k7j,"잘다녀 오세요
키가 몇인지~?
대단해요 🎉🎉🎉❤",7,2026-06-20T05:26:13Z
I12D5-BSMcw,UgxvmtSVkruMz3fi7Oh4AaABAg,@정미란-z4v,와 그 꼬맹이가 이렇개 키가 많이 컸나요~~,21,2026-04-05T12:00:08Z
I12D5-BSMcw,UgxCf18Ae76uonq_ADR4AaABAg,@정영자-p7j,대단해요 정말정말 멋져요 끝까지 응원하고 축복합니다 🤴 👑 💕 😘 😍 정동원 최고 수준 노래를 듣고 있습니다 파이팅 사랑해요 💜 😘 💕 😍 💖 ❤️ 💜,10,2026-06-15T00:47:33Z
I12D5-BSMcw,UgyLQ4oBXuXjBjNBip94AaABAg,@이일해-z7b,멋찜 폭팔,14,2025-04-13T14:55:54Z
I12D5-BSMcw,UgyQG1Yvso6QaqjSa614AaABAg,@안경미-k2s,와우 기럭지봐라 멋지네,8,2026-06-26T23:41:43Z
I12D5-BSMcw,UgyyO5ggUkD8OdQrW_B4AaABAg,@김미정-n1z,정동원님 보고싶네요 언제쯤 볼수있을까요 진짜 넘 보고싶다 ❤,53,2025-12-14T18:22:15Z
I12D5-BSMcw,UgyuZIFxXS4EvlE2XEB4AaABAg,@조성자-l3k,"애고 엉청 멋지버렸네
삐악인줄 알았더니
눈깝작할사이 요리신사로 세월이 참빠르다 늘 응원해
동원이 ㅎㅎ",90,2025-10-31T03:32:56Z
I12D5-BSMcw,Ugyq0dzUTHsX5KegSUl4AaABAg,@파이팅-n3e,옷맵시도  너무  훌륭하고   콘하면   정동원 콘   비주얼짱!,24,2026-01-26T13:41:58Z
I12D5-BSMcw,Ugwgw5rbr0MHNlZuk8l4AaABAg,@에스-e8m,"매력이 철철  넘치는  사랑스런  생명체   정동원 
보고싶다  무대를 갖고노는  팔색조매력남  동원군",36,2025-12-06T05:29:41Z
I12D5-BSMcw,UgzvR6gUdCglAnHBB3t4AaABAg,@소녀여,"와 이 영상보고 내 맘이 왜케 설레이냐 ㅎㅎ
미치긋네~",17,2025-04-21T07:41:42Z
I12D5-BSMcw,UgxnyZFXFJlZa9rlAq54AaABAg,@정은아-c1o,훈남으로 잘 성장해준 동원이가 참 기특하다,92,2025-10-03T02:20:19Z
I12D5-BSMcw,UgykBURVJp-h5vGXF6x4AaABAg,@김숙희-l2h,"지금도 저렇게 멋진데 
군대 갔다오면 
최상남자가 되어 있겠네.❤",45,2026-01-08T00:48:35Z
I12D5-BSMcw,Ugxm850iFyv3VYHMsWl4AaABAg,@LOVE산청,끝까지~잘 성장하길~,96,2025-10-03T04:48:57Z
I12D5-BSMcw,UgxEv6-eX2MXhPX__7d4AaABAg,@항상기뻐하자-t1c,"와우 완벽한 비쥬얼이네
정동원 너무 
잘생기고 멋있게
잘 성장했네요",72,2025-11-27T04:53:57Z
I12D5-BSMcw,Ugx1g4KjKDW481cE0Rh4AaABAg,@밀크채영,잘생김,30,2025-12-20T19:49:07Z
I12D5-BSMcw,Ugz5KYlSwhLfvT7ezgd4AaABAg,@Poseidón-1-1,가수인생을 놓고 보면 워밍업  정도  일텐데 정동원은 진짜 어마어마한 슈퍼스타 글로벌스타 될것같아,39,2026-03-25T02:05:19Z
I12D5-BSMcw,UgwAD7H31xy-zXFrP6d4AaABAg,@김희영-o2t,동원이 롱런~,81,2025-10-07T10:22:48Z
I12D5-BSMcw,UgykbPknOpHTxHd5hC54AaABAg,@맹꽁이-i5w,정동원 가수님 😂🎉응원합니다 😂🎉멎져부려유 😂🎉필승😂🎉,22,2026-03-28T02:35:58Z
RTRa-s_GJgk,Ugxo-nuZ_KbyfmOerx54AaABAg,@tvNDRAMA_official,"미스터션샤인 13화 몰아보기
👉 https://www.youtube.com/playlist?list=PLdyB3s37qpTOu2SChNU6w9ur_3tVD98sq

미스터션샤인 처음부터 보고싶다면?
👉 https://www.youtube.com/playlist?list=PLdyB3s37qpTP0mLUOcpb3iV_SSTYB9mox",117,2020-11-06T06:10:53Z
RTRa-s_GJgk,UgxEcKqCV3q7uJbfnFB4AaABAg,@와가하이-y5p,인종차별이 만연했던 당시에 아시아인을 저렇게 제 자식처럼 여기는건 진정한 사랑이 아니면 불가능할듯,5180,2020-10-22T20:02:38Z
RTRa-s_GJgk,Ugxauoc1xe1-imYT4kV4AaABAg,@bwk3544,"기도하지 않는 밤에도
늘 신이 함께 하길 바라며...

선교사가 기도하지 않은 밤이 있을까
싶었는데, 
자기가 죽어 이세상에 없을 때에도 
신이 너와 함께 하기를..라는 뜻인거 같네

작가의 필력이
유진의 목소리가
대단하다, 나를 이리 묶어놓으니",280,2023-04-15T01:15:10Z
RTRa-s_GJgk,Ugz6E7neAZsh654NerR4AaABAg,@eliseo0426,"이 드라마 보면서 이렇게 기구한 인생이 있을까 싶었다.
행복을 주는 모든 이가 떠나갔고 행복을 주고 싶은 이를 위해 내가 떠나가야 했던 역할.",971,2020-10-26T19:50:46Z
RTRa-s_GJgk,Ugzw5YUhupi0NNW8Gxt4AaABAg,@도준-p6r,선교사들이 참 많이도 죽었지.. 지금도 마포 양화진에 가면 선교사들 무덤이 모여있음. 외국 무덤 느낌이 나고 경건해짐.,1863,2020-10-26T06:51:05Z
RTRa-s_GJgk,Ugz7Dvl6jhV-J9y-ICZ4AaABAg,@최유림-q2l,"3:23 이때 화면 검게 전환되면서 ""요셉"" 하고 끝나는 연출 대박인것같다... 뭔가 유진초이의 삶을 지탱하던 줄 하나가 뚝 뜮긴것 같달까...",1739,2021-05-29T12:55:30Z
RTRa-s_GJgk,Ugy33_dtiksGF8eO41B4AaABAg,@iamikelim,"진짜 이병헌 목소리로 듣는 ""고위하고 위대한 자여"" 이 대사는 가슴을 웅장하게 만듦.",2897,2020-11-01T04:01:56Z
RTRa-s_GJgk,UgyrtLD5LnnHboQgLwN4AaABAg,@oseowa,"선교사들을 못까는 이유
목적은 포교지만
포교를 앞장세워 누구도 하지 못한 베품을 앞장서서 하는 사람들이니까",226,2022-09-16T07:59:38Z
RTRa-s_GJgk,UgxtO8XAAzsy0BHDWKF4AaABAg,@user-kimmarshall,드라마에서 요셉은 선교사이자 고종 황제의 밀사로 활동하던 애국자였습니다. 의병들의 조력자였고 이완익이 고종의 밀서를 가로채기 위해 중간에서 살해했습니다. 그리고 그 살해혐의를 구동매에게 덮어씌우나 유진이 철저한 조사를 통해 요셉과 구동매의 오명을 벗기고 이완익의 사주를 받은 진범을 잡아냅니다.,1624,2023-03-01T04:59:27Z
RTRa-s_GJgk,Ugw_u6SCXq-jk1Si-mt4AaABAg,@All_white,"유진에겐 조선이 얼마나 미울까...
아버지도 어머니도 자기의 아내도
모든 것을 빼앗는구나",538,2022-07-30T13:43:10Z
RTRa-s_GJgk,UgzPIl6ZFcaE9ccexYJ4AaABAg,@안냐세요-t8d,이 장면보고 진짜 엄청 울었는데... 이병헌의 연기와 유진초이라는 사람의 인생을 알고있으니 신부님이 죽은 의미가 더 크게 다가왔어서..,2213,2020-10-24T06:48:04Z
RTRa-s_GJgk,Ugy0EdvCdbN6V3W_iZx4AaABAg,@뎅청덩이,개인적으로 이장면이 제일 가슴이 아림.. 가족전체를 잃고 가족이라고 부를수있는 유일한사람이 주검이 되어서 돌아왔을때  어떤 마음일지 상상도 안됨,17,2026-01-29T03:34:50Z
RTRa-s_GJgk,Ugzxbk7mXRPOLN89Ek14AaABAg,@debiiiiiie,그 내 코가 석짜야 하던 그 외국인인가요....? ㅠㅠ,2407,2020-10-25T16:26:29Z
RTRa-s_GJgk,Ugyoezo_d-5SnTlaGxh4AaABAg,@1skcowroq838,"유진에게
네 머리칼을 다듬어 주고
나는 겨우 약을 발라주면서 신께 기도를 했단다.
이 이방의 아이에게 갓 구운 빵과 맑은 물을 허락하시라고.
이 이방의 아이에게 추위를 거두시고 뜨거운 햇살을 허락하시라고.
""겨우""라는 말은 지워야겠다.
가난한 선교사에게 약은 꽤나 값비쌌거든.
보고 싶구나, 유진
근래에 탁주 담그는 법을 배웠단다.
너를 만나러 가는길에 들고 갈 계획인데 한성에 도착하기 전에 다 비우는 일은 없게 애써 보마.
고귀하고 위대한 자여
나의 아들아
네가 어디있든 너를 위해 기도하마.
기도하지 않는 밤에도 늘 신이 너와 함께하시길 바라며
요셉",4414,2020-10-25T16:50:59Z
RTRa-s_GJgk,UgyNu8RW0iW4r3Srnzx4AaABAg,@byungmul1385,고귀하고 위대한 자여... 나의 아들아. 너가 어디에 있건 널 위해 기도하마. 기도하지 않는 밤에도 늘 신이 너와 함께 하기를...,363,2021-01-28T14:27:30Z
RTRa-s_GJgk,UgxtNyqT6k-LxhZ8oDl4AaABAg,@권재범-m2r,흑인도 개 취급 받던 시절에 동양인은 벌레 취급인데 드라마지만 찐사랑임...,720,2020-11-04T01:18:52Z
RTRa-s_GJgk,Ugxyr00etBwUIMo2zAF4AaABAg,@강황진-s9x,기도하지 않는 밤에도 늘 신이 함께 하길....진정 부모의 맴이다...,42,2024-06-27T06:44:51Z
RTRa-s_GJgk,Ugy-1tDQg03CzqIwaZ14AaABAg,@10-Sun-B,이병헌의  저 묵직한 감정선 연기는 그냥 연기를잘해서만 되는게 아닌듯. 진짜 저건 재능인듯.,652,2020-11-18T09:35:01Z
RTRa-s_GJgk,Ugx-Wgn17amOXpDeRoJ4AaABAg,@대한사람-u1c,조선은 그의 두 아버지를 모두 앗아갔구나.불쌍한 유진.ㅠㅠ,41,2023-04-12T03:00:40Z
RTRa-s_GJgk,UgyRkPGDh23qX3FterR4AaABAg,@김도희-m8u,달콤한인생때부터 느낀거지만 나레이션도 대박인듯...,603,2020-10-19T17:09:07Z
RTRa-s_GJgk,UgyTzZngB7DUtj630gl4AaABAg,@now4you7,연기로는 깔 수가 없다 정말.. 어떻게 저렇게 하지,483,2020-10-18T17:45:01Z
RTRa-s_GJgk,UgwfUrbml2IRco5FQxt4AaABAg,@hellowow,"진짜 이병헌은 연기도 연기도 표정, 감정연기도 지리지만... 목소리가 진짜 대박이다ㅋㅋㅋ....",479,2021-05-13T11:38:49Z
RTRa-s_GJgk,Ugx-LwktErPS85p9xOl4AaABAg,@아키듀크,"기도란 저렇게 하는 것이었구나.
갓구운 빵. 맑은 물. 따뜻한 햇빛...을 베풀어 주시라고",93,2023-08-23T06:10:48Z
RTRa-s_GJgk,Ugzc7Nt-kf3Hcinm4KV4AaABAg,@김동주-b4c,저  선교사가 유진의 목숨을 살려준분임 ㅠ,11,2023-02-12T13:04:12Z
RTRa-s_GJgk,UgwXa3JRNXgihD07rRB4AaABAg,@als-z8w,이장면보고 개울었음... 요셉이 죽고 말남겼을때,86,2021-01-29T18:16:09Z
RTRa-s_GJgk,Ugw4hGmGliecc1FXnNV4AaABAg,@박미현-u5o,"예수님의 마음이 아니면 이럴수 없다 ㅠㅠ
가족도 지인도 아닌 타국을 사랑하고
타국의 사람들을 사랑하는거...",128,2021-05-01T12:42:58Z
RTRa-s_GJgk,Ugywb_hZ3LW_dxq7cPd4AaABAg,@doooooooooonut,"나는 선한 싸움을 싸우고 나의 달려갈 길을 마치고 믿음을 지켰으니 디모데후서 4:7
요셉 선교사에게 제일 잘 어울리는 구절이 아닐까 합니다...",571,2021-06-27T02:56:31Z
RTRa-s_GJgk,Ugz2tnOuF0H4jzK3d794AaABAg,@bkBKbkBK-q7v,작가는 미친게 틀림이 없다.공기도 울게 만들거 같은 이 대본은 대체 뭐냐고...;;;;,17,2023-05-12T12:33:11Z
RTRa-s_GJgk,UgzatQLFybzIOkpFITF4AaABAg,@user-gz8dv6qm3u,이병헌은 진짜… 연기로는 깔 수 없는 배우구나,153,2022-03-25T18:42:15Z
RTRa-s_GJgk,UgwzTprthy2SAGDwTtZ4AaABAg,@지네디지단-v5m,드라마지만 내가 유진이면 진짜 조선이라는 나라가 싫겠다.......,30,2021-08-22T01:30:44Z
