prfnm,entrpsnm,genrenm,telno,relateurl,mt30id
"Just 바리X운정X은용, 영산회상, 그 명상적 이행",(AKA)운뎅,한국음악(국악),010-5275-1298,,AG014122
"셀럽피아 앙상블 연주회, 여행 I: 유럽",(CELEBPIA PIANO ENSEMBLE) 셀럽피아앙상블,서양음악(클래식),,,AG021478
도깨비 가족 마술쇼 [일산],(High)매직 엔터테인먼트,복합,,https://highmagic.modoo.at/,AG016512
"미라클 보이스 앙상블 장애인의 날 기념 투어 콘서트: The Voice of Miracle [부산], 아르텔필하모닉오케스트라와 함께하는 사랑의 송가 [부산]",(복)단우복지재단,서양음악(클래식),051-907-1042,http://danwoobokji.com/default/,AG011412
부산버스킹페스타,(사) 2030부산월드엑스포범시민유치위원회,대중음악,051-669-4291,https://www.2030busanexpo.kr/index.expo,AG013422
"(사) BPS Chamber & Youth Orchestra: 빛을 향한 여정, (사) BPS Chamber & Youth Orchestra: 빛을 향한 여정, 제5회 (사) BPS챔버오케스트라 정기연주회",(사) BPS챔버오케스트라,서양음악(클래식),,,AG018555
"제11회 KNN방송교향악단 정기연주회: 교향곡 마스터피스 시리즈, 피아니스트 임동혁 초청 [부산], 제11회 KNN방송교향악단 정기연주회: 교향곡 마스터피스 시리즈, 피아니스트 임동혁 초청 [부산], 제11회 KNN방송교향악단 정기연주회: 교향곡 마스터피스 시리즈, 피아니스트 임동혁 초청 [부산]",(사) KNN방송교향악단,서양음악(클래식),051-850-9568,https://www.knnphil.com/,AG007482
"나우청년프로젝트 시즌5 [전주], 나우청년프로젝트 시즌5 [전주], 사단법인더문화와 함께하는 클래식 페스티벌 [전주]",(사) THE 문화(사단법인 더 문화),복합,,,AG014973
임지현 12잡가 완창 발표회,(사) 가무악꼬레,한국음악(국악),,,AG022487
"가야금의 울림 [성남], 가야금의 울림 [성남], 이영희 명인과 함께하는 가야금 농현의 미Ⅱ [성남]",(사) 가야금산조보존연구회 경기지회,한국음악(국악),,,AG019918
제6회 우리동네꿈나무예술학교오케스트라 정기연주회,(사) 강동문화원,서양음악(클래식),02-488-0386,http://www.gdcc.or.kr/xe/,AG017702
"제9회 강동구소년소녀합창단 정기연주회, 엠스트링 정기연주회: 하이든과 드보르작의 만남",(사) 강동음악협회,서양음악(클래식),02-6081-4186,https://www.facebook.com/gdma2016,AG017580
"제1회 강릉국제영화제, 스페셜 콘서트",(사) 강릉국제영화제,복합,070-4469-2264,http://www.giff.kr/kor/,AG007332
"단단단 페스티벌, 영산홍 콘서트, 단단단 페스티벌, 영산홍 콘서트, 단단단 페스티벌, 서낭당의 신부,마을의 전설이 되다",(사) 강릉단오제위원회,복합,,https://www.danojefestival.or.kr/,AG010835
제4회 춤이야기마당: 古한 굿 DANCE,(사) 경기민예총,복합,,http://www.kgminyechong.org/,AG021850
제4회 춤이야기마당: 古한 굿 DANCE,(사) 경기민예총 춤위원회,무용(서양/한국무용),,http://kgminyechong.org/menu_03_02,AG021851
"서울시무형문화재43호, 경제어산 수륙재 시연회",(사) 경제어산전승보존회,한국음악(국악),,,AG016955
"고려대학교 개교 120주년 기념공연, 코리올라누스",(사) 고대극회,연극,,,AG019549
대구 힙합 페스티벌,(사) 고래,대중음악,,,AG022338
고양시 자원봉사자의날 기념행사,(사) 고양시자원봉사센터,복합,,https://www.gy1365.or.kr/,AG018062
"공익활동을 위한 기금 마련 콘서트, 당신이 있어 참 좋다!",(사) 관악뿌리재단,대중음악,02-6338-7500,http://garoot.org/wp/,AG017306
제34회 구미시새마을여성합창단 정기연주회 [구미],(사) 구미시새마을회,복합,054-4527-5649,http://saemaul.gumi.go.kr/main.do,AG020240
"김천금릉빗내농악보존회, 진굿",(사) 국가무형유산 김천금릉빗내농악보존회,한국음악(국악),,,AG018631
"처용무 기획공연: 처용의 숨결, 조화를 이루다 [대구]",(사) 국가무형유산 처용무 보존회 대구지부,무용(서양/한국무용),,,AG022395
"제6회 처용무 보존회 서울지부 정기공연: 與人樂, 제6회 처용무 보존회 서울지부 정기공연: 與人樂, 춤길동행 무궁무진",(사) 국가무형유산 처용무보존회 서울지부여령지회,무용(서양/한국무용),,https://www.cheoyongmu.com/,AG016753
"사물놀이 몰개, Sound Project: 파랑 [충주], 사물놀이 몰개, Sound Project: 파랑 [충주], 사물놀이 몰개, Sound Project: 파랑 [충주]",(사) 국악단 소리개 충북지부 사물놀이 몰개,한국음악(국악),,,AG017837
"제주성주풀이: 새집지어오람구나 [서울], 제주성주풀이: 새집지어오람구나 [서울], 새집지어 오람구나 [태안]",(사) 국악연희단하나아트,한국음악(국악),,,AG019314
"Festival shiwol, 부산재즈페스타",(사) 국제청소년문화교류연맹,복합,,http://www.uniycef.org/,AG019422
7인의 부인들 [고령],(사) 국채보상운동기념사업회,복합,053-745-6753,http://www.gukchae.com/,AG022652
그라티아 오케스트라 정기연주회,(사) 그라티아오케스트라,서양음악(클래식),,,AG017643
"더 호러쇼: 기묘한 마을의 비밀, 더 호러쇼: 기묘한 마을의 비밀",(사) 글로벌문화예술협회,복합,,https://www.instagram.com/gcaa_korea/,AG016559
"사형수 김대중 [안양], 사형수 김대중 [수원], 사형수 김대중 [광주]",(사) 김대중평화센터,연극,02-324-7972,www.kdjpeace.com,AG017519
"오색: 난장 [안산], 오색: 난장 [안산], 오색: 난장 [안산]",(사) 나인티,무용(서양/한국무용),,,AG022593
"국악 콘서트: 소리판 [제주], 국악 콘서트: 소리판 [제주]",(사) 너나들이,한국음악(국악),,,AG018483
"장애인 뮤지션들이 들려주는 빛이 나는 음악 이야기: 우리, 빛이 되어 노래하다",(사) 너빌볓해,복합,,,AG022105
"남도국제음악제 [여수], 남도국제음악제 [여수], 남도국제음악제 [여수]",(사) 누림,서양음악(클래식),02-3445-9615,http://noorim.org/,AG005057
"서영님의 춤 인생 70, 여제의 길: 그리움과 사랑으로, 서영님의 춤, 그 향기",(사) 님 무용예술원,무용(서양/한국무용),02-553-5744,,AG011394
제3회 솔빛소리합창단 정기연주회,(사) 대건카리타스,복합,031-850-1481,http://www.caritasdaegun.or.kr/,AG017896
제24회 대구광역시 무형유산 제전,(사) 대구광역시무형유산연합회,한국음악(국악),,https://www.instagram.com/dgmh7755/,AG022301
제11회 대구시민과 함께 하는 문화와 생명콘서트,(사) 대구기독교총연합회,서양음악(클래식),053-654-3311,http://www.ccd.pe.kr/,AG022449
"제3회 대구 창작 뮤지컬 페스타: 뮤지컬 콘서트, 폐막식, 제3회 대구 창작 뮤지컬 페스타: 뮤지컬 콘서트, 폐막식, 제3회 대구 창작 뮤지컬 페스타, 비형랑",(사) 대구뮤지컬협회,뮤지컬,070-8226-5736,,AG014599
"모두페스티벌, 세 번째 날!: 꽃분씨의 홀로서기, 고양이와 나 [대구], 모두페스티벌, 다섯째 날, 모두페스티벌, 넷째 날",(사) 대구사람장애인자립생활센터,연극,053-295-4240,https://saramcil.modoo.at/,AG016436
"제35회 전국무용제, 월드 발레 스타 갈라, 제35회 전국무용제 사전축제, 명작무극장, 제35회 전국무용제 사전축제, 명작무극장",(사) 대한무용협회,무용(서양/한국무용),02-744-8066,https://koreadanceassociation.org/,AG003378
"경산늬우스, 경산늬우스",(사) 대한무용협회 경산시지부,무용(서양/한국무용),,https://www.koreadanceassociation.org/branch?r=%EA%B2%BD%EC%83%81%EB%B6%81%EB%8F%84,AG020753
"제28회 고양춤페스티벌, 명작명무와 함께하다 [고양], 제27회 고양춤 페스티벌",(사) 대한무용협회 고양시지부,무용(서양/한국무용),,,AG014709
"제35회 부산무용제, 제35회 부산무용제",(사) 대한무용협회 부산광역시지회,무용(서양/한국무용),051-632-5116,https://busandance1963.com/,AG021686
숨 [제주 서귀포],(사) 대한무용협회 서귀포시지부,무용(서양/한국무용),,,AG019518
한-불 수교 140주년 기념 공연: 갓 KOREA 심쿵 FRANCE ART FESTIVAL [하남],(사) 대한무용협회 하남시지부,무용(서양/한국무용),,,AG022135
제59회 가수의 날 기념: 안양시민과 함께하는 송년 감사 음악회 [안양],(사) 대한민국가수희망시대,대중음악,,,AG020673
라오니엘 콘서트: 크로스오버,(사) 대한민국문화예술협회,복합,,,AG019558
글로벌 인플루언서 엑스포 [고양],(사) 대한인플루언서협회,복합,,,AG017848
"힙합 페스티벌, 시간을 넘어선 발걸음: The Journey of Hip-Hop Dance [수원]",(사) 대한힙합연맹,대중음악,,,AG020319
"1872 고창 히어로 [고창], 제35회 동리대상 [고창], 고창 흥부설전 [고창]",(사) 동리문화사업회,한국음악(국악),,,AG014604
"최영란의 소리, 동초제 수궁가 완창공연, 최영란의 소리, 동초제 흥보가 완창공연",(사) 동초제판소리보존회,한국음악(국악),,,AG016778
"공양무, 공양무, 동희스님, 천상의 소리와 작법",(사) 동희범음회,한국음악(국악),02-923-8180,,AG017353
Emotion.exe: 별과 함께 걷다,(사) 드림스테이지,연극,,https://dreamstage.or.kr/,AG020498
"무문무, 환영무",(사) 들숨,서양음악(클래식),,,AG013690
"햇빛투게더 EP.04, 모두의 운동회: 모두의 햇빛이 되는 하루",(사) 따뜻한 하루,서양음악(클래식),,,AG021531
"ESG 장애인식개선 무용극, 아버지의 봄 2, ESG 장애인식개선 무용극, 아버지의 봄 2, ESG 장애인식개선 무용극, 아버지의 봄",(사) 룩스빛 아트컴퍼니(LUX 빛 아트컴퍼니),무용(서양/한국무용),02-533-4863,http://luxbitart.co.kr/,AG017338
"원웨이 페스티벌, 원웨이 페스티벌, 원웨이 페스티벌",(사) 리본디어스(Reborn The Earth),복합,02-6958-7990,https://reborntheearth.org/,AG021135
"별別세계 [제주], Re: Bouy, 떠오르는 빛 [제주 서귀포], Re: Bouy, 떠오르는 빛 [제주]",(사) 마로,한국음악(국악),064-722-0129,https://marojeju.kr/,AG001939
"맨하탄음대 동문회 콩쿨 대상콘서트: 바이올리니스트 우수현, 제1회 맨하탄음악대학 반주전공 동문 음악회, (사) 맨하탄음대 예술인총회 성악과 음악회: Winter Night Concert",(사) 맨하탄음대 예술인총회,서양음악(클래식),,,AG020634
디즈니 & 지브리 OST 콘서트 [전주],(사) 무궁화복지월드,복합,,https://www.mworld.or.kr/,AG022387
"제26회 (사) 김병호류가야금산조보존회 정기연주회, 선영숙 가야금 독주회: 운산무산",(사) 무형문화재 제47조 김병호류가야금 산조보존회,한국음악(국악),061-371-0788,,AG019702
"요술항아리 [춘천], 요술항아리 [춘천], 라임의 왕 김삿갓 [춘천]",(사) 문화강대국,복합,033-253-5058,https://blog.naver.com/mungangguk-2002,AG003795
은경,(사) 문화예술교육협회,뮤지컬,,,AG019136
발탈! 어쩐가 볼라요!,"(사) 발탈, 전통극보존회",한국음악(국악),,,AG017672
"김선이: 동초제 흥보가, 김선이 소리인생 55년: 동초제 흥보가 [부산]",(사) 백제남도소리고법진흥회,한국음악(국악),062-511-1423,,AG016325
"김현철 X 윤상 X 이현우 트리플콘서트 [서울 중구], 현진영의 JAZZ UNIVERSE",(사) 별똥별스타도네이션,대중음악,02-2232-7399,http://star.thanksgiving.co.kr/,AG019534
"비단길전통춤축제: 의례의 기억! 춤으로 풀다 [구미], 비단길전통춤축제: 의례의 기억! 춤으로 풀다 [구미], 비단길 전통춤축제 [구미]",(사) 보훈무용예술협회 경상북도지회,무용(서양/한국무용),,http://www.bohundance.org/index.php?mid=page_jQdF63&document_srl=269,AG012735
"제3회 인천보훈무용제 [인천], 제3회 인천보훈무용제 [인천], 제2회 인천 보훈무용제",(사) 보훈무용예술협회 인천광역시지회,무용(서양/한국무용),,https://invada.modoo.at/,AG019102
"제3회 숨과 쉼 가을음악회, 제3회 숨과 쉼 가을음악회",(사) 부산국제예술단,서양음악(클래식),051-868-7517,http://www.xn--3e0bz7ho8jjjdv5bo1jn2d.kr/,AG019988
"부산국제음악제 메인콘서트 Ⅲ. 제633회 부산시립 교향악단 정기 연주회, 제17회 부산국제음악제, 프린지콘서트 1: 블뤼엔 앙상블",(사) 부산국제음악제,서양음악(클래식),051-516-8293,https://www.bmimf.co.kr/main/main.html,AG022177
"제17회 부산국제음악제, 프렌들리콘서트, 제17회 부산 국제 음악제, 부산 음악인 시리즈3. 부산음악인, 제17회 부산 국제 음악제, 프롬나드 콘서트 Ⅲ",(사) 부산국제음악제 조직위원회 (구. 부산마루국제음악제 조직위원회),서양음악(클래식),051-516-8293,http://www.bmimf.co.kr/main/main.html,AG006797
"한국해양진흥공사와 함께하는 해양음악제: 바다의 오케스트라 [부산], 한국해양진흥공사와 함께하는 해양음악제: 바다의 재즈 [부산], 부산 메세나 신년음악회",(사) 부산메세나협회,서양음악(클래식),,https://www.bmecenat.kr/,AG020739
지구환경 프로젝트 [부산],(사) 부산민예총,무용(서양/한국무용),,http://openart.or.kr/,AG017609
"제15회 부산사람이태석 기념음악회, 제15회 부산사람이태석 기념음악회, 제14회 부산사람이태석 기념음악회",(사) 부산사람이태석기념사업회,서양음악(클래식),051-637-0125,http://www.johnlee.or.kr/,AG019304
"팬텀 스타워즈: 부산청년 봄을 깨우다, 팬텀 스타워즈: 부산청년 봄을 깨우다, 제8회 작강연극제: 모두가 익어가는 계절, 홀로 익지 못한 한 존재의 시절 [부산]",(사) 부산예술문화단체총연합회 (부산예총),복합,051-631-1377,http://artpusan.or.kr/,AG017363
"팬텀 스타워즈: 부산청년 봄을 깨우다, 팬텀 스타워즈: 부산청년 봄을 깨우다 [부산]",(사) 부산예술후원회,서양음악(클래식),,https://basa.or.kr/,AG018452
"콘서트 오페라 리골레토: 휴머니스트 위트컵 장군 헌정 프로젝트 [부산], 테너 김우경 소프라노 황신녕 초청콘서트 [부산], 테너 김우경 소프라노 황신녕 초청콘서트 [부산]",(사) 부산창작오페라단,서양음악(클래식),,https://bcop.co.kr/,AG020263
"부산국제록페스티벌, 부산국제록페스티벌, Road to BU-ROCK 로드 투 부락 [울산]",(사) 부산축제조직위원회,복합,,https://www.bfo.or.kr/,AG018902
"제67회 부산독일가곡연구회 정기연주회: 한일국교정상화 60주년 기념 한일음악회, 제67회 부산독일가곡연구회 정기연주회: 한일국교정상화 60주년 기념 한일음악회",(사) 부산한일문화교류협회,서양음악(클래식),,http://www.kojac.or.kr/,AG020605
"Sop. 오진현과 Bar.김대수의 슈만가곡연주회 시리즈, Sop. 오진현과 Bar.김대수의 슈만가곡연주회 시리즈",(사) 빛소리오페라단,서양음악(클래식),062-227-7442,http://www.bitsori.co.kr,AG001175
여행을 떠나: 나랑 같이 여행 갈래요?,(사) 사랑의 달팽이,뮤지컬,,https://www.soree119.com/,AG016599
북녘의 춤 그리고 음악,(사) 삼현육각보존회,한국음악(국악),,,AG018480
"라이프로드싱어즈 찬양콘서트: 찬양의 제사, 라이프로드싱어즈 찬양콘서트: 이길 위에",(사) 생명길선교회,서양음악(클래식),02-2690-9177,https://liferoadmission.modoo.at/?link=33btuu47,AG017610
"놀량사거리보존회 정기공연, 소리극 놀량패의 평안도다리굿",(사) 서도소리진흥회,한국음악(국악),,,AG020317
"제3회 한국 영화음악 콘서트, 제2회 영화음악 콘서트",(사) 서울그랜드필하모닉예술단,서양음악(클래식),,,AG010890
"서울남성합창단 정기연주회: Fall in Harmony, 서울남성합창단 정기연주회",(사) 서울남성합창단,서양음악(클래식),,http://www.seoulmalechoir.com/,AG019964
소프라노 이재윤 독창회,(사) 서울문화예술교육협회,서양음악(클래식),,https://scaea.or.kr/,AG021165
"제6회 민중가요 페스티벌: 깃발, 바람되어 날다, 제6회 민중가요 페스티벌: 깃발, 바람되어 날다, 콰르텟엑스의 행복콘서트: Beyond the People 콘서트",(사) 서울민예총,복합,02-3447-3477,https://www.facebook.com/SEOULMINART/,AG019242
"제13회 추석맞이 효사랑 한마당, 제13회 추석맞이 효사랑 한마당, 제12회 추석맞이 효사랑 한마당",(사) 서울시지체장애인협회 강동구지회,대중음악,,,AG017001
"창단48주년기념, (사)서울싱잉커플즈 정기연주회",(사) 서울싱잉커플즈,서양음악(클래식),,https://www.bubuchoir.net/,AG014659
"제6회 서울연극25페스티벌: 동양극장 1936, 그날 밤",(사) 서울연극협회 서대문지부,연극,,,AG020142
"서울코랄 창단 57주년 기념음악회, 서울코랄 창단 56주년 기념음악회",(사) 서울코랄,서양음악(클래식),,,AG017383
THE PRESENT WITH PRESENT 선물과 함께하는 현재,(사) 석정 문화재단,서양음악(클래식),,,AG018132
"성창순 판소리 보존회 정기연주회, 故 성창순 7주기 추모공연: 옥빛같은 소리, 쪽빛같은 노래",(사) 성창순판소리보존회,한국음악(국악),,,AG015539
"OK LIVE CONCERT (OK 라이브 콘서트) : 아름다운 동행, OK LIVE CONCERT (OK 라이브 콘서트) : 아름다운 동행, OK LIVE CONCERT (OK 라이브 콘서트) : 아름다운 동행","(사) 세계한인경제무역협회(월드옥타, World-OKTA)",복합,,https://www.okta.net/okta/,AG021209
"테너 이승묵 독창회, 테너 이승묵 독창회",(사) 세계화교육문화재단,서양음악(클래식),02-312-3550,https://globaleducation.or.kr/,AG018181
"제9회 힉엣눙크! 뮤직 페스티벌, 줄리아드 교수 이소연 피아노 리사이틀, 제9회 힉엣눙크! 뮤직 페스티벌, 줄리아드 교수 이소연 피아노 리사이틀, 제9회 힉엣눙크! 뮤직 페스티벌, 줄리아드 교수 이소연 피아노 리사이틀",(사) 세종솔로이스츠,서양음악(클래식),02-584-5494,http://www.sejongsoloists.or.kr,AG001178
"세종 메세나 콘서트, 세종메세나 콘서트",(사) 세종시메세나협회,복합,,,AG014675
"제42회 세진음악회: 회복과 화해의 하모니, 제41회 세진음악회: 하모니, 함께하는 새로운 시작",(사) 세진회,서양음악(클래식),,https://www.facebook.com/profile.php?id=100091930034188,AG017888
"달콤한 위로 초코파이 [서울 성동], 달콤한 위로 초코파이 [서울 성동], 달콤한 위로 초코파이 [서울 성동]",(사) 소리문화창작소 신,복합,063-227-2465,https://www.instagram.com/sori_sinn/,AG006730
"소리연 정기 연주회, 국악의 향연, 소리연 정기 연주회, 국악의 향연",(사) 소리연,한국음악(국악),,,AG012277
"(사) 소사벌챔버오케스트라 정기연주회: 브람스의 숲, 브루흐의 노래 [평택], (사) 소사벌챔버오케스트라 정기연주회: 브람스의 숲, 브루흐의 노래 [평택], (사) 소사벌챔버오케스트라 정기연주회: 브람스의 숲, 브루흐의 노래 [평택]",(사) 소사벌챔버오케스트라,서양음악(클래식),,https://m.blog.naver.com/sosabulchamber,AG022330
서울솔리스트 첼로앙상블 창단 20주년 축하음악회,(사) 소체,서양음악(클래식),,,AG021755
"솔크의 열다섯 번째 이야기: a SONG of HOPE for CHAD (차드에 희망을 노래하다), 솔크의 열다섯 번째 이야기: a SONG of HOPE for CHAD (차드에 희망을 노래하다), 솔크의 열다섯 번째 이야기: a SONG of HOPE for CHAD (차드에 희망을 노래하다)",(사) 솔크(SOLC),서양음악(클래식),,https://www.youtube.com/@WithSolc,AG020184
"제48회 심훈상록문화제 폐막식 [당진], 제47회 심훈상록문화제, 폐막식, 제47회 심훈상록문화제, 폐막식",(사) 심훈상록문화제 집행위원회,복합,,,AG017002
"박성현 파이프 오르간 콘서트, 박성현 오르간 부산 콘서트 [부산]",(사) 씨네마틱 그루브네트워크,서양음악(클래식),,,AG020429
정세문의 그리운 언덕 愛 부는 美친 콘서트,(사) 아름드리 다문화원,서양음악(클래식),,http://www.archorus.or.kr/,AG020090
"제17회 광주국제음악제: 모차르트의 선율, 베니스의 축제, 제17회 광주국제음악제: 모차르트의 선율, 베니스의 축제, 제17회 광주국제음악제: 모차르트의 선율, 베니스의 축제",(사) 아시아공연예술위원회,서양음악(클래식),062-226-2030,http://blog.naver.com/asiaculture2030/221035878708,AG005056
"국가무형유산 종묘제례악 보태평·정대업 일무전장 열한 번째 연작: 팔풍의 몸짓, 일무, 국가무형유산 종묘제례악 보태평·정대업 일무전장 열한 번째 연작: 팔풍의 몸짓, 일무, 국가무형유산 종묘제례악 보태평·정대업 일무전장 열번째 연작: 64인이 펼치는 팔풍의 몸짓, 일무",(사) 아악일무보존회,한국음악(국악),02-581-0433,,AG018046
"양욱진 첼로 독주회 [부산], 제12회 IPB 정기연주회 [부산], 양욱진 첼로 리싸이틀 [부산]","(사) 아이피비(IPB, International Players of Busan)",서양음악(클래식),010-4845-0078,https://www.ipbchamber.com/,AG007434
안산 민중가요 콘서트 [안산],(사) 안산민예총,복합,,https://www.facebook.com/ansanart,AG020712
"ODCF: 아직 오지 않은 세계를 위한 리허설, ODCF: 아직 오지 않은 세계를 위한 리허설, ODCF: 아직 오지 않은 세계를 위한 리허설",(사) 애니멀프리이니셔티브(Animal Free Initiative),복합,,https://afinitiative.org/,AG022382
제10회 애양청소년 오케스트라 정기연주회,(사) 애양청소년오케스트라,서양음악(클래식),,,AG020717
"김정원 x 오케스트라 디 오리지널: 황제 [화성], SNU 브라스 소사이어티 (서울대학교 브라스 소사이어티) : 10+1 [화성], SNU 브라스 소사이어티 (서울대학교 브라스 소사이어티) : 10+1 [화성]",(사) 엔드리스(endless),서양음악(클래식),,https://endless.ne.kr/,AG020492
"영남필하모니오케스트라와 함께하는 어린이 클래식: 동물의 사육제, 신비한 음악을 찾아서 [대구], 영남필하모니오케스트라와 함께하는 어린이 클래식: 동물의 사육제, 신비한 음악을 찾아서 [대구], 영남필하모니오케스트라와 함께하는 어린이 클래식: 동물의 사육제, 신비한 음악을 찾아서 [대구]",(사) 영남필하모니오케스트라,서양음악(클래식),053-217-5592,http://ynphil.com/,AG006891
"풍화자무 [안양], 풍화자무 [안양], 풍화자무 [안양]",(사) 예스토리,한국음악(국악),,,AG022197
"오즈의 마법사: 도로시의 모험 [부안], 오즈의 마법사: 도로시의 모험 [양산]",(사) 예진예술원,무용(서양/한국무용),063-253-5358,,AG007991
제5회 ONETHING ORCHESTRA 정기연주회,(사) 와이엠에스,복합,,,AG017706
트리니트 인 콘서트 [용인],(사) 용인문화시민광장,복합,032-335-7942,,AG020339
"제11회 소리청열리고 정기공연: 뼁파, 제11회 소리청열리고 정기공연: 뼁파",(사) 우리예술보존회,복합,,,AG020489
"세계 재즈의 날 부산 기념공연: The Magic of Big Band Sound [부산], 세계 재즈의 날 부산 기념공연: The Magic of Big Band Sound [부산], 세계 재즈의 날 부산 기념공연: The Magic of Big Band Sound [부산]",(사) 음악예술인협회,대중음악,,,AG013425
U 어린이 뮤직 페스타 [의정부],(사) 의정부음악협회,서양음악(클래식),,,AG020329
"육사시집 (陸史詩集) 초판본 발간 80주년 기념 이육사 시음악회 [안동], 육사시집 (陸史詩集) 초판본 발간 80주년 기념 이육사 시음악회 [안동], 육사시집 (陸史詩集) 초판본 발간 80주년 기념 이육사 시음악회 [안동]",(사) 이육사추모사업회(이육사문학관),복합,054-852-7337,http://www.264.or.kr/,AG019717
"(사) 이태석재단 UN 특별협의지위 NGO 출범 축하음악회: 사랑으로 세운 길, 세계평화를 향해 나아가다, 이태석 사랑나눔 음악회",(사) 이태석재단,서양음악(클래식),02-595-9094,https://www.leetaeseokfoundation.org/,AG017489
비커밍맘 [영천],(사) 인구보건복지협회 대구.경북지회,뮤지컬,,https://clinic.ppfk.or.kr/clinic/daegu,AG019299
"지운하 명인의 예인인생 70주년: 동행 [인천], 지운하 명인의 예인인생 70주년: 동행 [인천], 지운하 명인의 예인인생 70주년: 동행 [인천]",(사) 인천 남사당놀이 보존회,한국음악(국악),070-8134-4275,https://www.facebook.com/profile.php?id=61550612873793,AG012357
"부평구문화재단 후원의밤 X 인천아트쇼, 쇼팽 오마카세 [인천 부평], 부평구문화재단 후원의밤 X 인천아트쇼, 쇼팽 오마카세 [인천 부평]",(사) 인천아트쇼 조직위원회(Incheon Art Show Organizing Committee),복합,032-710-7406,https://www.iartshow.co.kr/,AG022651
"제43회 대한민국 연극제 인천, 폐막식, 제43회 대한민국연극제 인천, 전쟁과 평화: 일렉트라 스토리 [인천], 제43회 대한민국연극제 인천, 어둠상자",(사) 인천연극협회,연극,,,AG019167
"Bass 이연성 독창회, 라흐마니노프와 샬라핀, 아발얀과 이연성, 세계적 아코디어니스트 니키타 블라소프와 퀸텟 초청 공연",(사) 인천오페라단(인천시티오페라단),서양음악(클래식),032-429-0248,,AG002664
국창 임방울의 소리향연,(사) 임방울국악진흥회,한국음악(국악),062-673-0731,http://imbangul.or.kr/,AG003745
"제12회 자문밖 문화축제 오프닝, 평창대관령음악제 예술감독 양성원과 함께하는 예술과 삶의 이음, 제12회 자문밖 문화축제 오프닝, 평창대관령음악제 예술감독 양성원과 함께하는 예술과 삶의 이음",(사) 자문밖문화포럼,복합,010-2042-0385,,AG017033
"춤추는허리 돌봄추리극 중간과정 발표회: 주렁주렁 치렁치렁, 춤추는허리 돌봄추리극 중간과정 발표회: 주렁주렁 치렁치렁, 몸 이동, 준비운동: 얼음 땡",(사) 장애여성공감,복합,02-441-2384,https://wde.or.kr/,AG017605
"모두페스티벌, 아우성치는 봄 날 [대구], 모두페스티벌, 똑, 똑, 똑 [대구]",(사) 장애인지역공동체,연극,053-215-9460,http://www.jangjigong.org/,AG016437
"한 청년의 마지막 편지 [전주], 한 청년의 마지막 편지 [전주]",(사) 전북민주화운동기념사업회,서양음악(클래식),063-231-0610,https://jbdemo.kr/,AG022271
"트로트와 클래식 오케스트라의 특별한 감동!! 열린 음악회 with 미스트롯2 양지은 & 황승아 [부안], 소리꾼 유태평양과 함께하는 국악 in 클래식 [부안], 클나무오케스트라 & 팝핀현준 & 박애리 열린음악회 [부안]",(사) 전북예술문화원,서양음악(클래식),063-283-2511,https://blog.naver.com/jbacc85,AG001181
명지병원 초청 음악회: 제1회 전북도민회 예향의 밤,(사) 전북특별자치도민회중앙회,복합,,,AG020303
마당놀이 방황하는 황금바위 [전주],(사) 전주기접놀이보존회,연극,,,AG014472
전태일 컴필레이션 콘서트: 나비가 된 불꽃 [대구],(사) 전태일의 친구들,복합,,,AG017342
"무등산호랑이 연대기 제2편, 팥죽할멈과 호랑이: 호랑아, 나랑 놀자 [광주], 무등산호랑이 연대기 제2편, 팥죽할멈과 호랑이: 호랑아, 나랑 놀자 [광주], 무등산호랑이 연대기 제2편, 팥죽할멈과 호랑이: 호랑아, 나랑 놀자 [광주]",(사) 전통연희놀이연구소,한국음악(국악),070-7573-9313,https://talchum.net/,AG007451
"제주 비밀을 찾아 떠나는 모험, 제주해녀 평화음악회",(사) 제주문화기획연구소,복합,,,AG012617
"제5회 사단법인 지영희류 해금산조 보존회 정기연주회: 師弟之情 (사제지정), 제5회 사단법인 지영희류 해금산조 보존회 정기연주회: 師弟之情 (사제지정), 제4회 (사) 지영희 해금산조 보존회 정기연주회: 지영희 시나위 그리고 산조",(사) 지영희 해금산조 보존회,한국음악(국악),,,AG013051
문화가 숨쉬는 아리랑,(사) 창작국악단 도드리,한국음악(국악),062-266-5889,http://cafe.daum.net/DODRY,AG000817
음악선생님 [울산],(사) 처용오페라단,서양음악(클래식),,,AG019853
"우리읍내 [장성], 우리읍내 [장성], 홍길동 활빈 헌터스 [장성]",(사) 청강창극단,연극,010-6611-6231,http://www.xn--939ax9ajyhd25a7pa.com/,AG014618
"제54회 성애순 가야금 독주회, (사) 최옥삼류가야금산조보존회 함동정월 서거 30주기 추모음악회, 제49회 성애순 가야금 독주회",(사) 최옥삼류가야금산조보존회,한국음악(국악),,,AG005293
제54회 성애순 가야금 독주회,(사) 최옥삼류가야금산조보존회 서울지회,한국음악(국악),,,AG021431
"제28회 춘천국제고음악제, 폐막 오페라: 오르페오와 에우리디체, 제28회 춘천국제고음악제, 폐막 오페라: 오르페오와 에우리디체",(사) 춘천국제고음악제,서양음악(클래식),,http://www.ciemfestival.co.kr/,AG020158
"제5회 춘천 오페라 페스티벌, 요한 슈트라우스 2세의 오페레타: 박쥐, 제5회 춘천 오페라 페스티벌, 요한 슈트라우스 2세의 오페레타: 박쥐, 제5회 춘천 오페라 페스티벌, 요한 슈트라우스 2세의 오페레타: 박쥐",(사) 춘천오페라페스티벌조직위원회,서양음악(클래식),,https://chuncheonoperafestival.com/,AG014011
"사단법인 칠곡 전통 문화 예술원 창립 공연: 예술이 피어나다, 사람이 이어지다 [칠곡], 사단법인 칠곡 전통 문화 예술원 창립 공연: 예술이 피어나다, 사람이 이어지다 [칠곡], 사단법인 칠곡 전통 문화 예술원 창립 공연: 예술이 피어나다, 사람이 이어지다 [칠곡]",(사) 칠곡전통문화예술원,한국음악(국악),,,AG022420
"한여름밤의 발레 축제, 한여름밤의 발레 축제, 한여름밤의 발레 축제",(사) 케이글로벌발레원(K-Global Ballet Institute),무용(서양/한국무용),02-523-2290,http://kgbi.or.kr/,AG016875
김현철 X 윤상 X 이현우 트리플콘서트 [서울 중구],(사) 케이컬쳐진흥원 (구. (사) 한중문화관광미디어총연합회),대중음악,,,AG021421
"世代共感 세대공감6, 해리 빅버튼 X 더베인 X 나타샤, 世代共感 세대공감6, 해리 빅버튼 X 더베인 X 나타샤, 世代共感 세대공감6, 해리 빅버튼 X 더베인 X 나타샤",(사) 코드(우무지),대중음악,,https://www.wumuji.com/,AG019872
"KISF OST CONCERT: 윤일상 & WE필하모닉 스트리밍 콘서트 [부산], KISF OST CONCERT: 윤일상 & WE필하모닉 스트리밍 콘서트 [부산], KISF OST CONCERT: 윤일상 & WE필하모닉 스트리밍 콘서트 [부산]",(사) 코리아국제스트리밍페스티벌,연예,,https://kisf.kr/kor/default.asp,AG019598
"제11회 강동필하모닉오케스트라 정기연주회, 제11회 강동필하모닉오케스트라 정기연주회, 제11회 강동필하모닉오케스트라 정기연주회",(사) 코리아로얄오케스트라,서양음악(클래식),,,AG017508
"그라시아스 콘서트: SUMMER POEM [광주], 스바보드나 [광주], 스바보드나 [광주]",(사) 코코넛,서양음악(클래식),,https://www.coconutngo.org/,AG019171
"샌드아트 & 오케스트라 호두까기인형 [전주], 샌드아트 & 오케스트라 호두까기인형 [전주], 샌드아트 & 오케스트라 호두까기인형 [전주]",(사) 클나무(클나무필하모닉오케스트라),서양음악(클래식),,,AG020195
"제4회 브랜든 색소폰 오케스트라 정기연주회: Grand Opera Gala Concert, 브랜든 색소폰 오케스트라 x 길병민, 제4회 브랜든 색소폰 오케스트라 정기연주회: Grand Opera Gala Concert, 브랜든 색소폰 오케스트라 x 길병민, 제4회 브랜든 색소폰 오케스트라 정기연주회: Grand Opera Gala Concert, 브랜든 색소폰 오케스트라 x 길병민",(사) 클래식 색소폰 협회,서양음악(클래식),070-4237-1004,https://kcsa.at/,AG017537
"고군산군도 선유도령 장자아씨 [군산], 고군산군도 선유도령 & 장자아씨 [군산] (12.05), 고군산군도 선유도령 & 장자아씨 [군산]",(사) 태 아트 컴퍼니,뮤지컬,063-442-8527,https://www.tae-art.com/,AG016364
부룬디 우무초청소년합창단 초청 연주회: 희망을 노래하는 아프리카의 빛 [대구],(사) 텐포원(TEN FOR ONE),복합,070-4897-1041,https://ten-for-one.org/,AG022520
"TIMF앙상블 SPICE Ⅲ. 믹스 앤 매치, TIMF앙상블 SPICE Ⅲ. 믹스 앤 매치, TIMF앙상블 SPICE Ⅱ, 바리에테: 관객 저마다의 기시감 [서울]",(사) 팀프앙상블(TIMF 앙상블),서양음악(클래식),02-3474-8317,http://www.ensembletimf.com,AG002354
북녘의 춤 그리고 음악,(사) 평양검무보존회,무용(서양/한국무용),02-2605-6383,http://www.pygeommu.com/,AG018479
"평택페스티발오케스트라, 차이코프스키: The Prize Winner [평택], 평택페스티발오케스트라, 차이코프스키: The Prize Winner [평택], 평택페스티발오케스트라, 차이코프스키: The Prize Winner [평택]",(사) 평택페스티발오케스트라,서양음악(클래식),,,AG021740
"온 가족이 행복한 콘서트 오페라 시리즈3. 프란츠 레하르: THE MERRY WIDOW [부산], 온 가족이 행복한 콘서트오페라 시리즈Ⅲ, 요한스프라우스 Ⅱ: 박쥐 [부산], 온 가족이 행복한 콘서트오페라 시리즈Ⅲ, 요한스프라우스 Ⅱ: 박쥐 [부산]",(사) 하다(HADA),서양음악(클래식),,http://hada22.co.kr/,AG016462
"하슬라국제예술제, 사랑에서 열정으로, 하슬라국제예술제, 사랑에서 열정으로, 하슬라국제예술제, 사랑에서 열정으로",(사) 하슬라국제예술제,복합,02-6954-7760,https://hasla.or.kr/,AG017130
"임예주의 전통춤판 8, 노루목 춤꽃: 춘앵전, 정가지무, 장구춤 [안산], (사) 한국고전무용중앙협회 안산지부창단 기념공연, 임예주 전통춤판 Ⅶ, (사) 한국고전무용중앙협회 안산지부창단 기념공연, 임예주 전통춤판 Ⅶ",(사) 한국고전무용중앙협회 안산지부,무용(서양/한국무용),,https://www.youtube.com/channel/UChYald2hhbdohgrqQQbO-8w,AG017725
"진정한 융복합 콘서트, 꿈을 그리는 노래: 슈만과 말러의 예술과 삶, 제12회 Real Stimme 독일예술가곡연구회 정기연주회: 인생 - 희노애락 (喜怒哀樂)",(사) 한국공간디자인학회,복합,02-6406-8307,https://www.kisd.or.kr/,AG020621
"강효지 솔로 콘서트: 더 바흐 #7 골드베르크, 만화경, 위클리 클래식 페스티벌, 이야기가 있는 클래식 콘서트: 바람의 이야기, 위클리 클래식 페스티벌, 듀오 슈벙: Love, Friends, Time [제주 서귀포]",(사) 한국공연예술가협회,서양음악(클래식),02-6053-0407,https://www.artistsofkorea.com/,AG009238
"MCT FESTIVAL BIG CONCERT with KOMCA, MCT FESTIVAL BIG CONCERT with KOMCA",(사) 한국과학기술정책연구회(STPS),복합,,https://kstps.or.kr/,AG021876
"가고파 음악제: 클래식의 향연, 고향을 그리며",(사) 한국관광진흥원,서양음악(클래식),,,AG020548
이웃과 소통하는 우리 소리 한마당: 강북 어울림 가락,(사) 한국국악협회 강북구지부,한국음악(국악),,,AG022650
"제32회 국악대공연 [고양], 제31회 국악대공연 [고양], 제30회 국악대공연",(사) 한국국악협회 고양시지부,한국음악(국악),,http://www.kukakhyuphoe.or.kr/pages/info_01.php,AG011016
빛고을국악대축제 송년국악한마당,(사) 한국국악협회 광주광역지사회,한국음악(국악),062-524-8300,http://xn--hc0bwg276dwmdrqvdva.com/,AG003828
"판소리로 듣는 단원 김홍도 [안산], 제33회 단원전국국악경연대회, 제33회 단원전국국악경연대회",(사) 한국국악협회 안산지부,한국음악(국악),,,AG018634
"제42회 한국기독남성합창단 정기연주회, 제41회 사단법인 한국기독남성합창단 정기연주회, 제41회 사단법인 한국기독남성합창단 정기연주회",(사) 한국기독남성합창단,서양음악(클래식),,,AG017587
"두루두루 찾아가는 대중음악 콘서트 [안동], 두루두루 찾아가는 대중음악 콘서트 [영광], 두루두루 찾아가는 대중음악 콘서트 [오산]",(사) 한국대중음악공연산업협회,대중음악,,http://mciak.com/,AG018560
"제16회 강동 예술인 페스티벌, 강동문인협회, 강동예술인페스티벌, 강동문인협회",(사) 한국문인협회 강동지부,복합,,,AG019834
브라보체 정기연주회: 동행Ⅷ 심장병 어린이를 위한 기금마련 자선음악회,(사) 한국문화예술교육진흥협회,복합,02-6406-7533,https://kcultureart.kr/,AG021403
"제27회 한국미래춤협회 페스티벌: 춤의 세계로 [성남], 제27회 한국미래춤협회 페스티벌: 춤의 세계로 [성남], 제27회 한국미래춤협회 페스티벌: 춤의 세계로 [성남]",(사) 한국미래춤협회,무용(서양/한국무용),010-9138-1652,http://m.kfdance.co.kr/,AG016159
괜찬타! 정숙아 [대구],(사) 한국민족예술인총연합 대구지회(대구민예총),연극,,,AG019307
우리는 꿈을 위해 달려간다. 돈키호테처럼,(사) 한국발달장애인가족연구소,연극,,http://genapride.org/,AG020179
"제2회 국제생활음악경연대회 입상자 연주, YOUNG ARTIST CONCERT [대구]",(사) 한국생활음악협회 대구지부,서양음악(클래식),,,AG020094
"제2회 한국스즈키 대전·충청·호남 연합 오케스트라 정기연주회 [천안], 성동스즈키 바이올린 & 첼로 정기연주회, 한국스즈키 음악협회 프렌드쉽 콘서트",(사) 한국스즈키음악협회,서양음악(클래식),,,AG020391
"제22회 시조명인전, 제22회 시조명인전",(사) 한국시조명인협회,한국음악(국악),,,AG019008
CHOREO AWARDS,(사) 한국안무저작권협회,대중무용,,,AG020763
"오해, 오해",(사) 한국연극배우협회 광주광역시지회,연극,,https://www.instagram.com/gj.actor/,AG021941
"제7회 말모이축제, 강원 지역: 잘 가시우야, 조선간장: 기억을 담그다",(사) 한국연극협회 강릉시지부,연극,,http://ktheater.bravod.co.kr/,AG019146
어쩌다보니 [거제],(사) 한국연극협회 거제지부,연극,,http://www.gnta.kr/11,AG017449
"제40회 광주 연극제: 제44회 대한민국 연극제 예선대회, 제40회 광주 연극제: 제44회 대한민국 연극제 예선대회, 달을 태우다 [경기 광주]",(사) 한국연극협회 광주시지회,연극,062-523-7201,,AG004089
"시집살이 [군포], 시집살이 [군포]",(사) 한국연극협회 군포시지부,연극,,,AG016861
"제23회 호러와 함께 대구국제힐링공연예술제, 모서리, 제23회 호러와 함께 대구국제힐링공연예술제, 모서리, 제43회 대구 연극제, 노비문서",(사) 한국연극협회 대구광역시지회,연극,,,AG009192
"제41회 복사골연극제, 그녀들의 블루스, 제40회 복사골연극제, 흔적 [부천]",(사) 한국연극협회 부천지부,연극,,,AG018827
"벚꽃동산, 벚꽃동산, 벚꽃동산",(사) 한국연극협회 서울지회 영등포지부,연극,,,AG021826
"제12회 원주어린이극페스티벌, 제12회 원주어린이극페스티벌, 제11회 원주어린이극페스티벌 [원주]",(사) 한국연극협회 원주지부,연극,,,AG008149
"제25회 밀양공연예술축제, 반추",(사) 한국연극협회 진주지부,연극,055-746-7411,http://www.gnta.kr/11,AG019418
"춘천연극 예술축제, 가족회담, 춘천연극 예술축제, 가족회담, 춘천연극 예술축제, 가족회담",(사) 한국연극협회 춘천시지부,연극,,,AG018648
"제4회 G·G청년연극페스티벌 in 하남, Dear: 친애하는 당신에게, 제3회 G.G 청년연극페스티벌, 회전목마, 제3회 G.G 청년연극페스트벌, 장마 [하남]",(사) 한국연극협회 하남지부,연극,,,AG019046
제59회 가수의 날 기념: 안양시민과 함께하는 송년 감사 음악회 [안양],(사) 한국연예예술인총연합회,대중음악,,http://www.kcaa1.com,AG020672
7080 낭만 극장쇼 [용인],(사) 한국연예예술인총연합회 용인지회,연예,,,AG016796
조항조 콘서트: 노래애 미친 남자 [진주],(사) 한국연예예술인협회진주지회,대중음악,,,AG018587
"한국예술 가곡의 밤, 작곡가 신귀복 구순 기념 음악회: 얼굴",(사) 한국예술가곡총연합회,서양음악(클래식),,https://www.facebook.com/groups/713341703988686/,AG021370
"제19회 당진예술제 & 아트페스타 개막식 [당진], 제7회 당진음악협회 정기연주회: 한국가곡 100년의 노래, 제18회 당진예술제, 개막식",(사) 한국예술문화단체총연합회 당진지회,연극,,,AG014241
"제18회 양양예총 종합예술제 초청공연, 제18회 양양예총 종합예술제 초청공연",(사) 한국예술문화단체총연합회 양양군지회,복합,,,AG020024
홍천철도 100년 염원 축하콘서트,(사) 한국예술문화단체총연합회 홍천지회,복합,,,AG020801
"제16회 강동예술인페스티벌, 강동구립민속예술단 국악관현악, 제15회 강동예술인페스티벌, 강동구립경서도민요예술단, 제15회 강동예술인페스티벌, 강동연극협회",(사) 한국예총 강동구지회,서양음악(클래식),,,AG017569
"제7회 말모이축제, 이북 지역: 어느 골목 모퉁이의 단단씨, 제7회 말모이축제, 제주지역: 혀, 제7회 말모이축제, 충청 지역: 국희 이야기",(사) 한국예총 서울종로구지회,연극,,,AG017124
"시흥시 신년음악회: 하나의 울림, 시흥시 신년음악회: 하나의 울림, 시흥시 송년음악회: 크리스마스 지브리 & 디즈니 OST 콘서트",(사) 한국예총 시흥지회,복합,031-316-5700,https://www.sharts.or.kr/,AG017956
제46회 여수예술제,(사) 한국예총 여수지회,복합,061-642-7466,http://www.ysarts.or.kr/,AG012551
"수봉IN기획공연, 들썩 들썩 연희 판! 놀이 판! [인천], 벚꽃동산 [인천 미추홀], 수봉산의 잃어버린 황금 악보를 찾아라! [인천]",(사) 한국예총 인천광역시연합회 인천예총(인천수봉문화회관),복합,032-872-7873,http://www.artin.or.kr/,AG004952
신춘음악회: 대한민국 재즈 페스티벌 [목포],(사) 한국예총 전라남도연합회,대중음악,,,AG013324
"제41회 복사골연극제, 그녀들의 블루스, 제41회 복사골연극제, 그녀들의 블루스, 제40회 복사골연극제, 흔적 [부천]",(사) 한국예총부천지회(부천예총),연극,,,AG018826
MCT FESTIVAL BIG CONCERT with KOMCA,(사) 한국음악저작권협회(KOMCA),대중음악,,https://www.komca.or.kr,AG021878
"제11회 대한민국 청소년 교향악축제 [수원], 제11회 대한민국 청소년 교향악 축제 [고양], 제57회 난파음악제: 난파음악제를 기념하며 (난파합창제)",(사) 한국음악협회 경기도지회,서양음악(클래식),,https://kgmak.modoo.at/,AG017034
"경산오페라단, 아리랑 [경산]",(사) 한국음악협회 경산시지부,서양음악(클래식),,,AG019542
"경산오페라단, 아리랑 [청송]",(사) 한국음악협회 경상북도지회,서양음악(클래식),053-817-7817,http://gbart.co.kr/coding/sub3/sub1_8view.asp,AG020633
"제36회 광주음악제: 음악으로 기억하고, 화합으로 나아가다, 제36회 광주음악제: 음악으로 기억하고, 화합으로 나아가다, 제35회 광주음악제, Be Peace 세상을 위한 진혼곡",(사) 한국음악협회 광주광역시지회,서양음악(클래식),062-674-0555,http://cafe.daum.net/gj-music,AG003735
"부산 청년 연주자의 첫 무대: 영 솔로이스츠, 골든앙상블 희로애락 [부산]",(사) 한국음악협회 부산광역시지회 ((사) 부산음악협회),서양음악(클래식),,http://www.bmasso.or.kr/,AG021338
"낯익은 클래식, 클래시칸 앙상블 with 고상지 [수원]",(사) 한국음악협회 수원시지부(수원시음악협회),서양음악(클래식),031-235-8899,http://www.swmusic.or.kr/,AG022640
"제39회 별망성 전국 음협 콩쿠르 수상자 음악회, 제39회 별망성 전국 음협 콩쿠르 수상자 음악회, 제39회 별망성전국음협콩쿠르 축하 뮤직 페스티벌",(사) 한국음악협회 안산시지부,서양음악(클래식),,,AG017101
한국음악협회 안양지부 해피콘서트: Sounds of the Oceans [안양],(사) 한국음악협회 안양시지부,서양음악(클래식),,,AG020291
"제11회 여수에코국제음악제, 여수영재교육원오케스트라, 제11회 여수에코국제음악제: 신세계 (新世啓) 음악너머, 감각을 열다, 제49회 여수예술제, 한국음악협회 여수지부: 가을밤의 세레나데",(사) 한국음악협회 여수지부,서양음악(클래식),010-5042-5303,,AG008912
"U어린이 뮤직 페스타 [의정부], U어린이 뮤직 페스타 [의정부]",(사) 한국음악협회 의정부지부,서양음악(클래식),,https://www.facebook.com/profile.php?id=100063766020134,AG017520
"제주-대구 교류음악회 오페라 마술피리 하이라이트 [제주], 제주-대구 교류음악회 오페라 마술피리 하이라이트 [제주]",(사) 한국음악협회 제주특별자치도지회,서양음악(클래식),,,AG021575
"제11회 충주시민 한마음 음악회: 그대를 위한 노래, 제10회 충주시민 한마음음악회, 더 팬텀 오브 포 맨 [충주]",(사) 한국음악협회 충주시지부,서양음악(클래식),,,AG014752
"제19회 충남음악축제: 고전의 빛, 사랑의 노래 [예산], 제19회 충남음악축제: 고전의 빛, 사랑의 노래 [예산], 제19회 충남음악축제: 고전의 빛, 사랑의 노래 [예산]",(사) 한국음악협회 충청남도지회,서양음악(클래식),010-3410-9235,,AG021559
"대한민국 작곡제전 Ⅵ, 윤이상 서거 30주년 추념 [대구], 대한민국 작곡제전 Ⅵ, 윤이상 서거 30주년 추념 [대구], 대한민국 작곡제전 Ⅴ, 윤이상 서거 30주년 추념",(사) 한국작곡가협회,서양음악(클래식),02-2220-1255,http://kocoas.com/NEW/,AG002978
"프레스티지 콘서트, 프레스티지 콘서트, 한빛예술단의 찾아가는 희망음악회: 조금은 특별한 인어공주 [경기 광주]",(사) 한국장애인공연예술협회,서양음악(클래식),070-4457-7818,https://saltandlight.co.kr/,AG022006
"오페라 갈라, 비제 카르멘 [전주], 오페라 갈라, 비제 카르멘 [전주], 최성웅 모노드라마, 품바 [전주 (앵콜) ]",(사) 한국장애인교육협회,서양음악(클래식),,,AG015940
에녹 새해맞이 디너쇼 [대구],(사) 한국장애인새마을운동연합회,복합,031-872-2358,https://www.kdsma.kr/,AG020857
"제46회 대한민국 장애인의 날 기념 제23회 사랑의 음악회: 공감의 선율, 제45회 대한민국 장애인의 날 기념 제22회 사랑의 음악회",(사) 한국장애인음악협회,서양음악(클래식),,,AG018744
"농악콘서트: 심재랑 [춘천], 농악콘서트: 심재랑 [춘천], 메나리: 봄에서 봄 [춘천]",(사) 한국전통문화예술원 태극,한국음악(국악),,,AG020540
"안동시 전통춤 문화제: 우리 춤으로 하나되어 [안동], 안동시 전통춤 문화제: 우리 춤으로 하나되어 [안동]",(사) 한국전통춤협회 안동시지부,무용(서양/한국무용),,,AG022249
제1회 인천 전통춤 축제: 무향만리,(사) 한국전통춤협회 인천광역시지부,무용(서양/한국무용),,,AG017771
"환상공간 [서천], 의당집터 다지기 [논산], 피노키오야 노올자~! [서울 구로]",(사) 한국지역문화재단총연합회,복합,,,AG019679
모란장 전국가요제 결승전,(사) 한국지역인터넷신문협의회,대중음악,031-721-9922,https://www.kinews.or.kr/,AG018145
"공익활동을 위한 기금 마련 콘서트, 당신이 있어 참 좋다!",(사) 한국축제포럼 관악지부,대중음악,,,AG017307
"제22회 서울코다이싱어즈 정기연주회: Liszt 대서사시, Via Crucis (십자가의 길), 제22회 서울코다이싱어즈 정기연주회: Liszt 대서사시, Via Crucis (십자가의 길), 한국 헝가리 수교 35주년기념 정기연주회, 헝가리 시편가",(사) 한국코다이협회,서양음악(클래식),,https://www.kodaly.or.kr/,AG016956
보성소리 심청가,(사) 한국판소리보존회 안양지부,한국음악(국악),,,AG016074
"완창판소리二, 신정혜의 김세종제 춘향가",(사) 한국판소리보존회 중구지부,한국음악(국악),,http://www.koreapansori.com/introduce/location.php,AG017927
"팬플루티스트 안드리아 키라 내한 공연, 팬플루티스트 안드리아 키라 내한 공연",(사) 한국팬플룻협회,서양음악(클래식),,,AG016510
"(사) 한국하모니카연맹 춘계정기연주회, (사) 한국하모니카연맹 춘계정기연주회",(사) 한국하모니카연맹,서양음악(클래식),,,AG021396
"제28회 생생 춤 페스티벌, 안무가 매칭 프로젝트 [고양], 제28회 생생 춤 페스티벌, 안무가 매칭 프로젝트 [고양], 제28회 생생 춤 페스티벌, 안무가 매칭 프로젝트 [고양]",(사) 한국현대무용협회,무용(서양/한국무용),02-765-5352,http://www.codako.co.kr/,AG003002
"제38회 현대춤 NEW GENERATION FESTIVAL, 제38회 현대춤 NEW GENERATION FESTIVAL, 제39회 한국현대춤협회 한국현대춤작가 12인전",(사) 한국현대춤협회,무용(서양/한국무용),02-2220-1338,www.instagram.com/cdak1986,AG003229
제15회 RARE DREAMZ 정기연주회,(사) 한국희귀·난치성질환연합회,복합,02-7145-5522,https://www.kord.or.kr/index.php,AG020901
KRCAF 한•러 문화예술제전,(사) 한러대화(KRD),복합,,http://ekrd.or.kr/,AG022618
내 하나의 사람은 가고,(사) 한베따이한,뮤지컬,031-430-2768,http://kvd.or.kr/,AG017797
댄스 하이라이트 페스타 [부산],(사) 한컬쳐스,무용(서양/한국무용),,,AG018695
"함께하는 사랑밭 감사콘서트: 사랑의 시간, 온기를 더하다, 함께하는 사랑밭 감사콘서트: 사랑의 시간, 온기를 더하다, 함께하는 사랑밭 감사 콘서트, 담다 닮다",(사) 함께하는 사랑밭,복합,02-2612-4400,https://www.withgo.or.kr/index.do,AG014859
"여명 1919, 1919: 세상을 바꾸기 위한 과정의 기록, 1919: 세상을 바꾸기 위한 과정의 기록",(사) 항일여성독립운동기념사업회,복합,02-924-0660,http://www.herstorykorea.org/index.html,AG008014
영원한 평화의 노래,(사) 행동하는양심 광주전남협의회,복합,062-652-9977,https://www.facebook.com/ DJpeacesong/,AG005102
"희망씨 나눔 콘서트: Get Together, 희망씨 나눔 콘서트: Get Together",(사) 희망씨,복합,02-2236-1105,http://www.hopec.co.kr/,AG018714
"세월호 참사 11주기 4월 연극제, 이어도 사나 [안산], 4월 연극제, 다시, 봄 다시 봄: 장기자랑 [안산], 4월 연극제, 다시, 봄 다시 봄:  우리 이야기 [안산]",(사)4.16세월호참사가족협의회,복합,031-482-0416,https://416family.org/,AG011508
"제21회 (사) CMAK음악인협회 정기연주회, 제20회 (사) CMAK음악인협회 정기연주회, 제19회 (사)CMAK음악인협회 정기연주회",(사)CMAK 음악인협회,서양음악(클래식),02-2666-0522,https://cmakmusic.modoo.at/,AG003951
제11회 JW Chorale in seoul 정기연주회 [경기],(사)JW Chorale in seoul,서양음악(클래식),,https://www.facebook.com/jwchorale/?locale=ko_KR,AG015514
"가행 (歌行) : 돛대도 아니 달고, 페치카",(사)K문화독립군,뮤지컬,02-2059-5060,http://kvaluecreators.com/,AG006159
"휘이 [화성], 손인영의 춤, ㅅ·ㅁ: 서예를 하는 것과 같은 춤, 손인영의 춤, ㅅ·ㅁ: 서예를 하는 것과 같은 춤",(사)NOW무용단,무용(서양/한국무용),02-3674-2210,,AG000982
"희망, 사랑, 나눔 행복콘서트, 희망, 부활, 사랑, 제1회 UN 평화음악회: 하나 되는 사랑",(사)SSO서울심포니오케스트라,서양음악(클래식),,,AG013191
"사단법인 YK문화예술 음악회, 테너 조용갑과 함께 하는 가곡과 오페라의 밤, 테너 조용갑과 함께하는 5人 5色 Concert 오페라 & 크로스오버",(사)YK문화예술 (와이케이문화예술),서양음악(클래식),02-6180-7880,http://www.cyksf.com/default/,AG013636
"비상 飛上, Dream of  서공철, 가야금산조 및 병창 전승자주관 기획행사, 김태은 가야금 독주회",(사)가야금병창보존회,한국음악(국악),044-862-2340,http://www.gayageum.org,AG002363
가을 밤 고택음악회: 옹기종기 [의정부],(사)가야금산조진흥회,한국음악(국악),02-582-4470,http://www.가야금산조진흥회.com/,AG008482
"국가무형유산 승무/태평무 보유자 연합 공개행사, 국가무형유산 승무/태평무 보유자 연합 공개행사, 국가무형유산 승무 & 태평무 보유자 연합 공개행사",(사)강선영춤전승원,무용(서양/한국무용),,,AG010428
"제39회 강숙자오페라라인 정기연주회: 피노키오 [전남광주], 제39회 강숙자오페라라인 정기연주회: 피노키오 [전남광주], 제39회 강숙자오페라라인 정기연주회: 피노키오 [전남광주]",(사)강숙자오페라라인,서양음악(클래식),062-514-7090,,AG001551
"강태홍의 소리, 강태홍의 소리",(사)강태홍류 가야금산조보존회,한국음악(국악),051-550-4085,cafe.daum.net/KangTaeHong/,AG002673
"제17회 대한민국 오페라 페스티벌, 베세토 오페라단: 코지 판 투테, 제17회 대한민국 오페라 페스티벌, 베세토 오페라단: 코지 판 투테, 제17회 대한민국 오페라 페스티벌, 베세토 오페라단: 코지 판 투테",(사)강화자베세토오페라단,서양음악(클래식),02-3476-6224,http://www.besetoopera.or.kr/,AG003932
"제36회 거창국제연극제 폐막식 및 뮤지컬 갈라콘서트, 제30회 거창국제연극제, 놀부가 떴다!, 제30회 거창국제연극제, 좀비가 된 사람들",(사)거창연극제집행위원회,연극,055-942-1755,http://www.kift.or.kr/,AG004260
"제7회 경기국극진흥회정기공연: 김선달타령, 제6회 경기국극진흥회 정기공연, 뱃사공타령, 제4회 경기국극진흥회 정기공연 소리꾼의 비상",(사)경기국극진흥회,한국음악(국악),02-742-4545,http://11kgm.com/main/index.html,AG003068
"경기도 성가합창제, 제10회 쉐퍼즈콰이어 정기연주회: 우리는 노래한다 [안산], 제9회 쉐퍼즈콰이어 정기연주회: 경기도 성가 합창제",(사)경기도기독교총연합회,서양음악(클래식),,,AG015050
"제18회 김권수와 고양특례시민이 함께하는 국악의 향연: 휘몰이잡가 전승공연 [고양], 제18회 김권수와 고양특례시민이 함께하는 국악의 향연: 휘몰이잡가 전승공연 [고양], 제17회 김권수와 함께하는 국악의 향연",(사)경기소리휘몰이잡가보존회,한국음악(국악),,,AG008797
"소리꾼 전병훈의 경기잡가 완창, 잡가의 멋4: 12잡가 감상회, 전병훈의 경기소리와 창부타령, 창부(倡夫)",(사)경기음악연구회,한국음악(국악),,http://gyeongeum.org/,AG014264
"제24회 경기인형극제 수원, 여우 까마귀 그리고 사자, 제24회 경기인형극제, 망태할아버지가 온다 [수원], 제24회 경기인형극제, 극단 영: 비발디 사계 [수원]",(사)경기인형극진흥회,연극,070-4681-0675,http://www.ggipuppet.com/,AG004979
"영수(煐秀) 노경미 명창 세거월장재 (歲 去 月 長 在), 영수(煐秀) 노경미 명창 세거월장재 (歲 去 月 長 在), 청춘, 경기잡가를 노래하다",(사)경기잡가포럼,한국음악(국악),031-938-0070,,AG008778
"그룹홈 청소년 지원을 위한 자선공연, 그룹홈 청소년 지원을 위한 자선공연",(사)경기청소년희망센터,복합,031-504-6777,https://gyhc.myhom.kr/,AG012849
"판소리, 시대의 옷을 입다 [함안], 판소리, 시대의 옷을 입다 [함안], 경남국악관현악단 휴와 함께하는 심쿵 심쿵 국악콘서트 [김해]",(사)경남국악관현악단 휴,한국음악(국악),055-273-0946,http://www.hyugugak.kr,AG002352
"경남오페라단 오페라 콘서트: All That Love [창원], 경남오페라단 오페라 콘서트: All That Love [창원], 제6회 창원신춘가곡제: 우리 가곡으로 만나는 사계",(사)경남오페라단,서양음악(클래식),055-266-5580,http://www.knopera.co.kr,AG002031
"해설이 있는 한국가곡의 밤, 해설이 있는 한국가곡의 밤",(사)경북예술문화원,복합,053-950-7933,http://www.kpartculture.org/,AG006941
"제1회 구미 퓨전 국악 음악회, 제1회 구미 퓨전 국악 음악회, 제5회 한국음악 창작 콩쿠르대회 [구미]",(사)경북판소리진흥회,한국음악(국악),054-456-9535,,AG011115
"제16회 경산필하모닉오케스트라 정기연주회, 제16회 경산필하모닉오케스트라 정기연주회, 해설이 있는 음악 동물의 사육제 [경산]",(사)경산필하모닉오케스트라,서양음악(클래식),,https://cafe.daum.net/gspho/_rec,AG010512
최영숙의 재담소리,(사)경서도창악회,한국음악(국악),02-523-6268,http://cafe.naver.com/kungsodo/,AG002364
"함성 1919, 함성 1919, 제1회 대한민국 창작오페라 페스티벌, 손양원",(사)고려오페라단,서양음악(클래식),02-883-7753,http://www.korea-opera.com,AG001179
"제7회 고령 세계 현 페스티벌, 제5회 고령세계 현페스티벌",(사)고령문화원,한국음악(국악),054-954-2347,http://culture.goryeong.go.kr/culture/index.do,AG014345
"행주대첩, 제39회 대한민국연극제, 경기도대회: 어린왕자를 꿈꾸다",(사)고양연극협회,연극,,https://cafe.daum.net/kytheater,AG009573
"고잉홈프로젝트: The Rebels, 고잉홈프로젝트: The Rebels, 고잉홈프로젝트: The 9th",(사)고잉홈프로젝트,서양음악(클래식),,https://goinghomeproject.org/,AG011857
"제22회 고촌아트홀 관현악학교 정기연주회, 제21회 고촌아트홀 관현악학교 정기연주회, 제20회 고촌아트홀 관현악 꿈의학교 정기연주회",(사)고촌아트홀,서양음악(클래식),031-986-1004,http://acts29.kr/,AG005410
"곤지암뮤직페스티벌 10주년 기념, 폐막공연: Voyage of Peace, 곤지암뮤직페스티벌 10주년 기념, 폐막공연: Voyage of Peace, 곤지암뮤직페스티벌 10주년 기념, Winds of Asia",(사)곤지암뮤직페스티벌,서양음악(클래식),02-537-3522,http://www.gonjiamfestival.com/,AG005917
"공명 콘서트: Resonance, 공명 콘서트: Resonance, 공명 콘서트: 길, Tea, pleasure",(사)공명,한국음악(국악),02-383-7580,http://www.gongmyoung.co.kr/,AG001449
"제7차 세계한민족 공연예술축제: 한인화락, 콘체르토 말라가, 제3차 세계한민족공연예술축제",(사)공연전통예술미래연구원,한국음악(국악),02-523-6267,,AG008111
"광명심포니오케스트라 평화콘서트: 평화잇다, 광명심포니오케스트라 평화콘서트: 평화잇다, 제111회 광명심포니오케스트라 정기연주회, 모차르트 270주년 기념: 아마데우스 [광명]",(사)광명심포니오케스트라,서양음악(클래식),02-2680-6063,http://www.gsymphony.org,AG000727
송영주 재즈 피아노 솔로,(사)광원아트홀,복합,032-858-7650,https://www.gwart.org/,AG012888
가라지 콘서트,(사)광주시민방송(광주FM),복합,,,AG015059
"구례자연드림파크 뮤직페스티벌 [구례], 구례자연드림파크 뮤직페스티벌 [구례], 구례 자연드림 락페스티벌",(사)구례자연드림파크 입주기업협의회,복합,,,AG012112
"찾아가는 무형문화재, 진도씻김굿 [제주]",(사)국가무형문화재 진도씻김굿보존회,한국음악(국악),061-542-4717,,AG012752
"국가무형문화재 공개행사: 피리정악, 피리정악 및 대취타 보존회, 피리정악 및 대취타 보존회",(사)국가무형문화재 피리정악 및 대취타 보존회,한국음악(국악),02-958-2518,http://cafe.daum.net/Daechwita,AG000749
"봉산탈춤보존회, 꼼수 위의 묘수, 봉산탈춤보존회, 꼼수 위의 묘수, 봉산탈춤보존회, 탈: 바꿈",(사)국가무형유산 봉산탈춤보존회,무용(서양/한국무용),02-566-6356,http://www.bongsantal.com,AG001528
"전쟁, 소리꽃 화현, 전쟁, 소리꽃 화현, 시대담악: 작금의 소리",(사)국방국악문화진흥회,한국음악(국악),02-794-8838,http://www.guggug.co.kr/,AG007533
"춤시 오딧세이 [예산], 춤시 오딧세이 [경기 광주], KOREAN DRUM Ⅲ: THE DRUM SHAMAN, 영혼의 맥박소리",(사)국수호디딤무용단,무용(서양/한국무용),02-421-4797,https://www.facebook.com/DidimDanceCompany/,AG002383
"서울어텀페스타, 길: The way, 미르 목계에 깃들다!, 미르 목계에 깃들다!",(사)국악단 소리개,한국음악(국악),010-9199-3156,https://sorigae.modoo.at/,AG001186
공명콘서트: 별 헤는 밤 빼앗긴 들에서 꽃처럼 침묵을 깨다 [세종],(사)국어문화원연합회,복합,02-2669-9605,https://www.kplain.kr/,AG010412
"Play Memories: 정소윤 피아니스트와 함께하는 클래식과 밴드로 듣는 넥슨 게임 OST, Play Memories: 정소윤 피아니스트와 함께하는 클래식과 밴드로 듣는 넥슨 게임 OST, Play Memories: 정소윤 피아니스트와 함께하는 클래식과 밴드로 듣는 넥슨 게임 OST",(사)국제문화개발연구원,서양음악(클래식),031-924-5291,https://icdi.modoo.at/,AG013189
"한일국교정상화 60주년기념공연, 더 라스트 퀸: 조선왕조 마지막 황태자비, 정구열의 감수성이 노래하는 오직 사랑을 아는 이만이, 제24회 의정부 음악극축제, 봄이 오면-2",(사)국제문화공연교류회,서양음악(클래식),02-760-9200,https://youtube.com/channel/UCZkYX43IlBVfV7G_qgMt5Nw?si=YERNjtqsAnHmAnx2,AG013262
"인천국제음악콩쿠르, Final for Young Violinist, 인천국제음악콩쿠르, Final for Junior Violinist, 인천국제음악콩쿠르, Semi-Finals for Young Violinist",(사)국제문화교류협회,복합,,https://blog.naver.com/icea2855,AG009047
"제2회 나눔의 기쁨 [대전], EQ UP!, 교과서음악회, 제3회 이윤서피아노독주회",(사)국제문화예술교류협회,서양음악(클래식),053-765-4288,http://icaia.co.kr/,AG009836
사랑나눔 POP 콘서트,(사)국제사랑재단,서양음악(클래식),02-744-7607,http://www.ilf2004.org/,AG003139
"아시테지 국제여름축제: 꼬마야, 꼬마야, 아시테지 국제여름축제: 꼬마야, 꼬마야, 아시테지 국제여름축제, 걸리버 여행기: ZOOM IN OUT",(사)국제아동청소년연극협회 한국본부(아시테지),연극,02-745-5862,http://assitejkorea.org/,AG002794
"제46회 대한민국 장애인의 날 기념 제23회 사랑의 음악회: 공감의 선율, 제44회 장애인의 날 기념 제21회 사랑의 음악회, 봄의 향연, 세계 장애인의 날 기념 사랑의 콘서트",(사)국제장애인문화교류협회,서양음악(클래식),02-2282-7114,http://www.nanum.tv/,AG004407
세계 문화 댄스 페스티벌 [익산],(사)국제청소년연합,복합,00-1588-2346,https://www.iyf.or.kr/,AG007779
"제18회 (사) 국제피아노음악협회 정기연주회, 제16회 국제피아노음악협회 정기연주회, 제15회 (사)국제피아노음악협회 정기연주회",(사)국제피아노음악협회,서양음악(클래식),02-533-7017,https://www.mcst.go.kr/kor/s_data/corporation/corpView.jsp?pSeq=1673,AG010321
"무희: 무명이 되고자 했던 그녀, 무희: 무명이 되고자 했던 그녀 [대구]",(사)국채보상기념사업회,연극,053-745-6753,http://www.gukchae.com/,AG010635
"브런치클래식 Ⅵ. 가을 그 쓸쓸함에 대하여 [군포], 리: 바운드 축제, 브람스를 좋아하세요?, 브런치클래식 Ⅴ. 낭만 가객 바리톤 최현수 [군포]",(사)군포프라임필하모닉오케스트라,서양음악(클래식),031-392-6422,http://www.primephil.net/,AG002802
"궁중무용춘앵전보존회, 고집멸도, 한국 춤 100選 열두마당 - 춤으로 읽는 무용사",(사)궁중무용춘앵전보존회,무용(서양/한국무용),02-746-9716,http://cafe.daum.net/chunangmu,AG003079
"그라시아스 콘서트: SUMMER POEM [광주], 그라시아스 콘서트: SUMMER POEM [광주], 테너 훌리오 곤살레스 독창회",(사)그라시아스합창단,서양음악(클래식),00-1899-2199,http://graciaschoir.com/kr/,AG004420
"부산포 [부산], 부산포 [부산], 부산포 [부산]",(사)극단 맥,연극,051-625-2117,http://www.mac1986.com,AG001673
"세탁소엔 붕어빵이 있다 [창원], 세탁소엔 붕어빵이 있다 [창원], 세탁소엔 붕어빵이 있다 [창원]",(사)극단 미소,연극,055-264-5264,http://www.misodrama.com,AG001343
"검정고무신 2 [부산], 검정고무신 2 [부산], 검정고무신 2 [부산]",(사)극단 에저또,연극,,http://cafe.daum.net/ejotto,AG000942
"수무바다 흰고무래 [사천], 의기 논개: 프리미엄 갈라 에디션 [진주], 제44회 대한민국연극제 부산, 개는 물지 않는다",(사)극단 현장 [진주],연극,055-746-7411,https://www.ihyunjang.com/hj/main/index,AG002771
"제17회 대한민국 오페라 페스티벌, 글로리아 오페라단: 사랑의 묘약, 제17회 대한민국 오페라 페스티벌, 글로리아 오페라단: 사랑의 묘약, 제17회 대한민국 오페라 페스티벌, 글로리아 오페라단: 사랑의 묘약",(사)글로리아 오페라단,서양음악(클래식),02-543-2351,http://www.gloriaopera.co.kr,AG001695
"제6회 장영선의 춤: 무향 [구미], 제5회 낙동강구비구미 전국시니어무용대제전, 제5회 낙동강구비구미 전국시니어무용대제전",(사)글로벌사회복지연구원 구미지부,복합,,-,AG010827
"피싱, 코지 판 투테 [대전], 대전블루스",(사)글로벌아트오페라단,서양음악(클래식),042-821-6922,https://www.facebook.com/globalartopera,AG000694
"제150회 두레콘서트, 바이올리니스트 KoN 콘서트: 소녀의 눈물, 소녀의 내일",(사)글로벌케어,복합,02-6959-0333,https://www.globalcare.or.kr/,AG014409
"금암 김병호 원가락 프로젝트 Ⅲ. 비상, 제25회 (사) 김병호류가야금산조보존회 정기연주회, 김은선 가야금 독주회, 사이 Ⅱ",(사)김병호류 금암가야금산조보존회,한국음악(국악),070-7651-7110,,AG001667
"오페라 옴니버스 & 팬텀, 세계4대오페라축제, 라트라비아타, Classic Concert",(사)김자경오페라단,서양음악(클래식),02-333-0720,https://www.facebook.com/%EC%82%AC%EA%B9%80%EC%9E%90%EA%B2%BD%EC%98%A4%ED%8E%98%EB%9D%BC%EB%8B%A8-190522561053895/,AG001665
"알고 들으면 유익한 음악이야기, 바로크 천재들의 보물 Ⅱ [김포], 알고 들으면 유익한 음악이야기, 바로크 천재들의 보물 Ⅱ [김포], 알고 들으면 유익한 음악이야기, 바로크 천재들의 보물 [김포]",(사)김포필하모닉오케스트라,서양음악(클래식),031-983-4150,http://www.gimpophil.org/,AG001829
"팥죽할멈과 호랑이 [전주], 안녕, 꼭두 [순천], 안녕, 꼭두 [익산]",(사)꼭두,연극,063-232-1416,http://www.kkokdoo.com,AG002377
"꾸러기음악회, 신기한 악기의 세계 [서울], 꾸러기음악회, 신기한 악기의 세계 [서울], 악기야 놀자: 여름 방학",(사)꾸러기예술단,서양음악(클래식),02-547-9851,http://www.iconcert.co.kr/,AG003648
"제4회 건축! 음악을 품다 [인천], 제3회 건축! 음악을 품다 [인천], 별에서 온 사람들",(사)꿈꾸는 마을,서양음악(클래식),032-751-1823,http://www.dpnews.or.kr,AG003482
신(新) 산대희,(사)나누매기,한국음악(국악),010-7758-5167,,AG005616
스프링 콘체르토,(사)나눔과기쁨,서양음악(클래식),,,AG011404
"제10회 대한민국 나눔대축제, 캐리언니와 꼬마친구들의 신나는 댄스타임",(사)나눔국민운동본부,복합,070-7710-6300,http://www.sharingkorea.net/gboard/,AG007128
"제14회 전주세계소리축제, 혼불",(사)나라국악관현악단(구. 전주국악실내악단),한국음악(국악),,,AG003697
"순천가 삼삼오오: 여섯 갈래 길, 찬란한 비상 [순천], 순천가 삼삼오오: 여섯 갈래 길, 찬란한 비상 [순천]",(사)낙안읍성 판소리보존회(구.(사)한국판소리보존회 순천낙안읍성지부),한국음악(국악),010-3733-0809,http://cafe.daum.net/Naganeupseong,AG001263
"국창 신영희, 소리인생 70주년 기념 공연",(사)남도민요보존회,한국음악(국악),,,AG014842
"남사당유니버스: 원로, 남사당유니버스: 원로",(사)남사당(남사당놀이보존회),한국음악(국악),02-538-3880,https://www.namsadangnori.com/,AG001788
남산골 가무악 국악 한마당,(사)남산골국악진흥회,한국음악(국악),02-2256-7366,http://namsangolgukak.or.kr/,AG013994
"세 남자의 풍물이야기 Ⅱ, 동주공제: 함께건너다, 세 남자의 풍물이야기 Ⅱ, 동주공제: 함께건너다",(사)남산놀이마당,한국음악(국악),051-516-4434,http://www.ipoongmul.com,AG001510
"제6회 남자의자격 청춘합창단 정기연주회, 제5회 (사)남자의자격 청춘합창단 창단 10주년 및 정기연주회, 제5회 (사)남자의자격 청춘합창단 창단 10주년 및 정기연주회",(사)남자의자격 청춘합창단,서양음악(클래식),070-4906-0602,,AG012402
"춘향이 [광주], 춘향이 [광주], 춘향이 [광주]",(사)내벗소리민족예술단,한국음악(국악),062-261-4002,https://mfsori.modoo.at/,AG002365
"출해: 이무기 이야기 [고양], 출해: 이무기 이야기 [고양], 고양문화다리 예술주간 누리 프로그램6. 대한민국 대표 사운드, 김주홍과 노름마치: 허튼소리 [고양]",(사)노름마치예술단,한국음악(국악),02-323-2257,http://www.noreummachi.com,AG001564
"대전시립교향악단 디스커버리 시리즈 7, 신인발굴 음악회 [대전], 디스커버리 시리즈 6, 신인발굴 음악회",(사)높은음자리표,서양음악(클래식),,,AG014073
"한국 가곡의 밤: 우리 가곡, 마음의 노래, 한국 가곡의 밤: 우리 가곡, 마음의 노래, 한국 가곡의 밤: 우리 가곡, 마음의 노래",(사)뉴서울오페라단,서양음악(클래식),02-792-1721,http://nsopera.com/,AG002381
"제220회 뉴서울필하모닉오케스트라 정기 연주회: 피아니스트 임동혁과 함께하는 차이코프스키, 제220회 뉴서울필하모닉오케스트라 정기 연주회: 피아니스트 임동혁과 함께하는 차이코프스키, 제220회 뉴서울필하모닉오케스트라 정기 연주회: 피아니스트 임동혁과 함께하는 차이코프스키",(사)뉴서울필하모닉오케스트라,서양음악(클래식),02-6002-6290,http://www.newseoulphil.org/,AG006408
"부산세계박람회 유치 성공 기원 음악회, 부산세계박람회 유치 성공 기원 음악회, 제3회 뉴코리아 스트링 콰르텟 정기연주회",(사)뉴코리아필하모닉오케스트라,서양음악(클래식),02-6404-3569,http://www.newkoreaphil.com/,AG002807
"대구무형유산 제전, 대구무형유산제전, 대구광역시무형문화재 전수교육조교뎐 이을 脈",(사)대구광역시 무형문화재 연합회,한국음악(국악),053-341-7755,http://mh.ok11.kr/,AG010877
"제20회 DIMF, 피아노의 숲 [대구], 제20회 DIMF 어워즈 [대구], 제20회 DIMF 어워즈 [대구]",(사)대구국제뮤지컬페스티벌(DIMF),뮤지컬,053-622-1945,http://www.dimf.or.kr/main.do,AG004228
"Voice and Melody: The Melodies of America [대구], Voice and Melody: The Melodies of America [대구], 월드탱고챔피언 내한공연: What is Tango [대구]",(사)대구그랜드심포니오케스트라,서양음악(클래식),053-621-3301,https://www.facebook.com/grandsymphony,AG002360
"대구메세나협회 창립1주년 기념 자선음악회, 대구 클라리넷 앙상블, 대구메세나협회 창립1주년 기념 자선음악회, 대구 클라리넷 앙상블",(사)대구메세나협회,서양음악(클래식),053-474-1230,https://www.mecenatdg.or.kr/,AG015545
"조금 더 가까이서 들을 것 Vol.04 [대구], 조금 더 가까이서 들을 것 Vol.04 [대구], 조금 더 가까이서 들을 것 Vol.03 [대구]",(사)대구스트릿컬처팩토리,대중음악,010-3500-9058,https://www.facebook.com/westmoon2016/,AG007418
넌 어디가 아프니? [대구],(사)대구여성장애인연대,연극,053-637-6058,http://www.ddaws.or.kr/,AG008844
"아츠스프링 대구 페스티벌, 얼쑤 좋다 우리가락 한마당",(사)대구장애인예술연대,복합,,,AG015564
"한지수: 생황 방앗간, 한지수: 생황 방앗간",(사)대안공간 루프,복합,02-3141-1377,http://altspaceloop.com/,AG009491
"레테 [대전], 레테 [대전], 대전시민오페라단, 양화진",(사)대전시민오페라단,서양음악(클래식),042-821-6930,,AG014457
"라라라온 [프리즘홀], 라라라온 [프리즘홀], 라라라온 [부산 바이널언더그라운드]",(사)대한가수협회,대중음악,02-780-2783,http://www.singer.or.kr/site/,AG010494
"춤으로 푸는 고전, 춤으로 푸는 고전, 춤으로 푸는 고전",(사)대한무용학회,무용(서양/한국무용),02-2220-1333,http://www.ksdance.org/,AG005540
"제28회 대구국제무용제, 제28회 대구국제무용제, 제36회 대구무용제",(사)대한무용협회 대구광역시지회,무용(서양/한국무용),,http://daegudance.com/xe/main,AG015935
"제29회 성남 창작 무용제, 제40회 성남무용제, 제41회 성남전국무용경연대회",(사)대한무용협회 성남시지부,무용(서양/한국무용),,http://koreadanceassociation.org/branch?r=%EA%B2%BD%EA%B8%B0%EB%8F%84,AG011896
"제4회 시니어 한국민속춤 제전: 좋고 좋소, 에라 좋구나, 파주 춤결, 세대를 품다. [파주], 제15회 파주시민을 위한 춤대공연: 락, 페스티벌 2",(사)대한무용협회 파주시지부,무용(서양/한국무용),,https://koreadanceassociation.org/,AG014695
"KRCAF 한•러 문화예술제전, KRCAF 한•러 문화예술제전, 제4회 예맥-악가무: 무시무종",(사)대한문화예술진흥협회,복합,,http://kcaa23.org/layout/pc/home.php?go=main,AG013533
"제17회 대한민국오페라페스티벌, 더뮤즈오페라단: 치즈를 사랑한 할아버지, 제17회 대한민국 오페라 페스티벌, 글로리아 오페라단: 사랑의 묘약, 제16회 대한민국오페라페스티벌, 코리아아르츠그룹: 도산",(사)대한민국오페라단연합회,서양음악(클래식),02-1544-9373,,AG008011
"제2회 대한민국 전통예술 전승축제, 쾌유재, 춤 전승전, 긔룬 것은 다 님이다",(사)대한민국전통예술전승원,복합,02-419-9867,http://www.ktaia.or.kr/,AG005271
"제8회 대한민국 휠체어 합창단 정기연주회, 우리가락 우리노래, 제7회 대한민국휠체어합창단 정기연주회, 제6회 대한민국휠체어합창단 정기연주회",(사)대한민국휠체어합창단(Korean Wheelchair choir),서양음악(클래식),,http://koreawheelchairquire.com/,AG009672
"세계청소년명상페스티벌(MeMe Festival), MeMe 콘서트 [평창]",(사)대한불교조계종 문수청소년회,복합,033-646-1318,https://moonsoo.or.kr/ko/,AG012053
암 경험자의 정서적 지지를 위한 고잉 온 콘서트,(사)대한암협회,대중음악,02-2263-5110,http://kcscancer.org/,AG007043
"상반기 예진 아티스트 페스티벌, 예진영아티스트콘서트 1, 예진 신예 아티스트 페스티발, 예진 신예 아티스트 콘서트, 예진 영 아티스트 콘서트 2",(사)대한예능진흥회,서양음악(클래식),02-2266-7740,http://www.yaejinmusic.com/gnuboard4/,AG003006
"제64회 연세신포니에타 정기연주회, 제63회 연세신포니에타 정기연주회",(사)더무악뮤직컴퍼니,서양음악(클래식),02-569-0678,,AG008021
"제17회 대한민국오페라페스티벌, 더뮤즈오페라단: 치즈를 사랑한 할아버지, 제17회 대한민국오페라페스티벌, 더뮤즈오페라단: 치즈를 사랑한 할아버지, 창작오페라 찬드라",(사)더뮤즈오페라단,서양음악(클래식),02-564-4898,,AG003654
"평화음악회 함께 살아감 (Living Together) [수원], 치유와 평화를 위한 평화음악회 [인천], 치유와 평화를 위한 평화음악회 [서울]",(사)더불어배움,복합,02-744-8890,https://thebaeum.or.kr/,AG011075
뚜껑없는 열차,(사)독립유공자유족회,복합,02-722-8400,http://www.815family.or.kr/,AG010121
"전라북도 공연예술 페스타, 동남풍의 사계 그리고 조우, 전라북도 공연예술 페스타, 동남풍의 사계 그리고 조우",(사)동남풍,한국음악(국악),010-3303-5909,,AG006870
"낙엽 [전주], 낙엽 [전주], 전라북도 공연예술 페스타, 공사장(孔社長)",(사)동화기념사업회,연극,010-4651-3181,,AG006836
"오정해의 농담: 악작(樂作) [정읍], 오정해의 농담: 악작(樂作) [정읍], 오정해의 농담: 동작(動作) [정읍]",(사)둘레,대중음악,063-536-2560,http://dulle.or.kr/,AG006236
"드림필하모닉오케스트라 정기연주회: 위대한 이름들 고전음악의 거장 [전주], 드림필하모닉오케스트라 정기연주회: 위대한 이름들 고전음악의 거장 [전주], 광복 80주년 기념 팝스 콘서트 [김제]",(사)드림필,복합,063-232-8690,http://cafe.daum.net/dreamphil.,AG002355
"제2회 디오오케스트라 영아티스트 콘서트 [대구], 제2회 디오오케스트라 영아티스트 콘서트 [대구], 제2회 디오오케스트라 영아티스트 콘서트 [대구]",(사)디오오케스트라,서양음악(클래식),053-655-1108,https://dioo.modoo.at/,AG010714
레미제라블 [노원문화예술회관],(사)디티에스행복들고나(DTS행복들고나),무용(서양/한국무용),02-936-7253,http://dtshappy.org/,AG008424
"라벨라 그랜드 갈라, 라 보엠, 라벨라 그랜드 갈라, 라 보엠, 푸푸게노! 똥밟았네?",(사)라벨라오페라단,서양음악(클래식),02-572-6773,http://www.labellaopera.com/,AG001600
"드리머스 [대구], 드리머스 Dreamers, 드리머스 (Dreamers)",(사)라하프 (극단 라하프),뮤지컬,02-337-2004,https://tourmaline-fireman-664.notion.site/d07cb14dfcab49009e6962a9a8f70e53,AG010421
러브월드 다문화 오케스트라 후원 연주회,(사)러브월드,서양음악(클래식),02-6204-0305,http://www.loveworld.pro/,AG013000
"우리꿈빛청소년오케스트라 & 구미그린필오케스트라 합동정기연주회, 우리꿈빛청소년오케스트라 & 구미그린필오케스트라 합동정기연주회",(사)레인보우청소년문화센터,서양음악(클래식),,,AG010765
"리을무용단 창단 40주년 기념공연: 미혹, 리을무용단 창단 40주년 기념공연: 미혹, 제36회 리을무용단 정기공연",(사)리을춤연구원 (리을무용단),무용(서양/한국무용),02-2263-4680,http://cafe.daum.net/realchoom,AG001176
"마니죤 튜닝밴드 정기연주회, 마니죤 튜닝밴드 정기연주회",(사)마니죤윈드콰이어,서양음악(클래식),053-741-2764,,AG015329
"쪽빛 황혼 [안성], 쪽빛 황혼 [안성], 쪽빛황혼 [속초]",(사)마당극패 우금치,한국음악(국악),042-934-9394,http://www.wukumchi.co.kr/,AG008088
"너에게 들려주고 싶은 클래식 이야기: 너클리, Paris en Flute [성남], 너에게 들려주고 싶은 클래식 이야기: 너클리 [성남], 너에게 들려주고 싶은 클래식이야기: 너클리, FOR THE MUSE [성남]",(사)마제스틱필하모닉오케스트라,서양음악(클래식),02-525-3538,http://majestic.or.kr/zbxe/,AG007683
매헌윤봉길의사 상하이의거 90주년 기념 음악축제,(사)매헌 윤봉길의사 기념사업회,서양음악(클래식),02-578-3388,http://www.yunbonggil.or.kr/index.php,AG011770
"강북 연희 살으리랏다, 삼각산 국악페스티벌 (11.6), 삼각산 국악페스티벌 (11.6)",(사)명아락,한국음악(국악),,http://www.myoungarak.com/,AG012661
"모스틀리 필하모닉 오케스트라 송년음악회, 모스틀리 필하모닉 오케스트라 정기연주회, 모스틀리 오케스트라 스토리가 있는 음악회: 내 사랑을 받아주세요",(사)모스틀리 뮤직,서양음악(클래식),02-3285-8808,http://www.mostly.kr/mpo/new/default02.asp,AG007700
"모스틀리 오케스트라의 스토리가 있는 음악회: 내 사랑을 받아주세요 [예산], 모스틀리 오케스트라의 스토리가 있는 음악회: 내 사랑을 받아주세요 [태안], 카네기 LEE 재단 창립 6주년 기념, 지구힐링콘서트",(사)모스틀리 필하모닉 오케스트라,서양음악(클래식),02-3285-8808,http://www.mostly.kr,AG002359
"대한민국오페라페스티벌, 토스카, 투란도트",(사)무악오페라,서양음악(클래식),02-569-0678,https://www.facebook.com/muakopera/,AG002946
Festival SP 융복합 아트 페스티벌,(사)무용문화포럼,무용(서양/한국무용),070-8944-6881,,AG004408
"사단법인 무트댄스, 5th BE-MUT, 사단법인 무트댄스, 5th BE-MUT, 사단법인 무트댄스, 5th BE-MUT",(사)무트댄스,무용(서양/한국무용),02-525-1117,http://www.mutdance.com,AG002394
"제6회 K프렌즈와 함께하는 송년음악회 [부산], 제15회 마루국제음악제, KNN방송교향악단 특별음악회: All That Mozart, 임태경과 KNN방송교향악단의 특별한 송년음악회 [부산]",(사)문화사랑케이프렌즈,서양음악(클래식),,,AG014668
"동행, 음악극 쇼케이스: 혼듸, 동행, 음악극 쇼케이스: 혼듸, 후생가외, 제1회 노주애 해금 독주회: 애열 (愛悅)",(사)문화예술나눔터 아이원,복합,02-2246-0071,http://www.ai1.or.kr,AG001272
"소프라노 박정화 초청 독창회 [부산], CHRISTMAS CLASSIC FANTASY [파주], CHRISTMAS CLASSIC FANTASY [파주]",(사)문화예술라온,서양음악(클래식),,,AG011565
"제36회 메리 정기연주회: 동행 (同行) : 차이콥스키 5번 & 한중 합동 연주회, 제36회 메리 정기연주회: 동행 (同行) : 차이콥스키 5번 & 한중 합동 연주회, 제31회 MERRY 정기연주회: Magic Hour: 1900년대 디즈니 오케스트라 콘서트",(사)문화예술봉사단 메리,서양음악(클래식),,https://www.wearemerry.org/?fbclid=IwAR1dwkNR_kuv8UHJNWGCa-iisSoxn7HqTNWOu8PeJBava_tJtx4L6js0IFs,AG012238
"한국-싱가포르 문화교류 연주회: BRIDGE [고양], 한국-싱가포르 문화교류 연주회: BRIDGE [고양], 제34회 메리 정기연주회, 경계 너머: 말러 1번＆알라딘 OST 콘서트",(사)문화예술봉사단메리,서양음악(클래식),,https://www.wearemerry.org/home,AG013944
"앙상블 쿠아라 정기연주회: 시절인연 [광주], 앙상블 쿠아라 정기연주회: 시절인연 [광주], 피아니스트 김정원 전국투어 리사이틀: Minor Light [광주]",(사)문화예술진흥회,서양음악(클래식),062-376-7200,http://www.cuara.org/,AG014779
"구미아시아연극제, 햄릿 Part. 1, 구미아시아연극제, 햄릿 Part. 1, 구미아시아연극제, 온 가족 외출 [구미]",(사)문화창작집단 공터다,연극,054-444-0604,http://cafe.daum.net/gumire,AG002920
"이수현 피아노 독주회, 이수현 피아노 독주회, 정은비 마림바 콘서트",(사)문화커뮤니티 금토,서양음악(클래식),,http://www.geumto.or.kr,AG013344
"NOT A NUMBER [춘천], NOT A NUMBER [춘천], 소낙비 [춘천]",(사)문화프로덕션 도모,연극,033-253-7111,http://artdomo.co.kr/,AG001464
"제22회 자라섬재즈페스티벌, 제22회 자라섬재즈페스티벌, 제20회 자라섬재즈페스티벌",(사)문화현상,대중음악,031-581-2815,http://jarasumjazz.com,AG010175
CAMARATA와 함께하는 물망초 음악회,(사)물망초,서양음악(클래식),02-585-9963,http://www.mulmangcho.org/?fbclid=IwAR0u2ByYu9yZErl-ENW1cBd3PyZoRUzDEVMT30O6TFQSg6cFexd0yNY13HY,AG005754
"대원플러스와 함께하는 신델라의 뮤직나눔 사랑나눔, 대원플러스와 함께하는 신델라의 뮤직나눔 사랑나눔",(사)뮤직나눔,서양음악(클래식),02-6082-3375,http://www.musicnanum.co.kr/,AG012057
"정명훈 & 원 코리아 오케스트라, 아시아필하모닉오케스트라",(사)미라클오브뮤직,서양음악(클래식),02-745-0310,,AG003138
"히든카드, 하이마스크 시즌2, 프로포즈 [안동], 하이마스크 시즌2, 프로포즈 [안동]",(사)미래문화재단,복합,054-841-2430,http://www.gbculture.org/coding/main.asp,AG005086
"이순신: 이순신과 류성룡의 위대한 만남, 제19회 이마에스트리 정기연주회, 제19회 이마에스트리 정기연주회",(사)미래성악포럼,서양음악(클래식),02-352-5824,http://www.imaestri.co.kr/,AG003647
"사물놀이 본향 [세종], 이광수 헌정 음악회, 이광수 헌정 음악회",(사)민족음악원,한국음악(국악),041-333-3777,http://www.samulnori.com,AG002367
"일리야 라쉬코프스키, 라흐마니노프 3개의 피아노 협주곡 [수원], 일리야 라쉬코프스키, 라흐마니노프 3개의 피아노 협주곡 [수원], 베토벤의 생애를 관통하는 세 개의 피아노 협주곡: 위대한 베토벤 [부산]",(사)밀레니엄심포니오케스트라,복합,02-6292-9367,http://www.millenniumsymphony.com/,AG002687
"제17회 밀양여름공연예술축제, 억척어멈과 그의 자식들, 제17회 밀양여름공연예술축제, 홍도야 울지마라, 제17회 밀양여름공연예술축제, 오버코트",(사)밀양연극촌,연극,055-355-2308,,AG004227
"임수정의 춤, 무맥 (舞脈) 의 유산: 예맥지무 (藝脈之舞), 임수정의 춤, 무맥 (舞脈) 의 유산: 예맥지무 (藝脈之舞), 故박병천 선생 14주기 추모공연: 무송제헌무",(사)박병천류 진도북춤보존회,무용(서양/한국무용),010-5208-3355,http://cafe.naver.com/jindobookchoom,AG002382
"제2회 박성희판소리보존회 정기공연, 제2회 박성희판소리보존회 정기공연",(사)박성희판소리보존회,한국음악(국악),,,AG008878
"발트앙상블 Neoclassic!, 발트앙상블 Neoclassic!, 발트앙상블 x SAL, APOLLO",(사)발트,서양음악(클래식),,-,AG009924
"어버이날 기념 폴포츠 콘서트 [수원], 폴 포츠: 위대한 10년의 기적",(사)밝은청소년,서양음악(클래식),02-776-4818,http://www.eduko.org/main.php,AG005159
"제34회 베누스토심포니오케스트라 정기연주회: CHORAL, 제33회 베누스토심포니오케스트라 정기연주회, 제32회 베누스토심포니오케스트라 정기연주회",(사)베누스토음악인연합회,서양음악(클래식),02-522-0067,http://www.venusto.co.kr,AG000794
"The Magic 팬텀 & 퀸 [의정부], 제17회 베하필하모닉 오케스트라 정기연주회, 제16회 베하필하모닉 오케스트라 송년 콘서트 [인천]",(사)베하 필하모닉 오케스트라,서양음악(클래식),02-3487-3019,http://www.behaphil.co.kr/,AG003244
"명불허전 [대구], 명불허전 [대구], 춤속의 사람 舞中人, 박재희 춤 60년",(사)벽파춤연구회,무용(서양/한국무용),,,AG008320
"사계명월: 계절의 리듬, 전통의 춤사위, 사계명월: 계절의 리듬, 전통의 춤사위, 보훈무용제, 보훈 댄스 페스티벌",(사)보훈무용예술협회,무용(서양/한국무용),02-588-4262,http://www.bohundance.org/,AG004962
"제3회 춤사랑무용제, 제2회 춤사랑무용제, 제2회 춤사랑무용제",(사)보훈무용예술협회  구미시지부,무용(서양/한국무용),,http://www.bohundance.org/index.php?mid=page_jQdF63,AG011195
"세상의 모든 춤 속으로: 세계 무용 [거제], 제22회 부산국제무용제 캐나다 퀘백 포커스 특별초청 공연: 위기의 시대, 존재를 묻다, 제22회 부산국제무용제, 제1회 BIDF 프린지: DAY 2 [부산]",(사)부산국제무용제 조직위원회,무용(서양/한국무용),051-868-7881,http://www.bidf.kr/,AG004892
"제18회 부산국제어린이청소년영화제, 애니메이션 음악회, 제17회 부산국제어린이청소년영화제, 애니메이션 음악회",(사)부산국제어린이청소년영화제,복합,051-743-7652,http://biky.or.kr/,AG011953
"제23회 부산국제연극제, 폐막작: 메리 고 라운드 (MERRY-GO-ROUND), [패키지] 제23회 부산국제연극제, 초청작 4개 공연 관극패키지, [패키지] 제23회 부산국제연극제, 초청작 4개 공연 관극패키지",(사)부산국제연극제조직위원회,연극,051-802-8003,http://www.bipaf.org/,AG003376
"제87회 부산네오필하모닉 오케스트라 정기연주회 [부산], 제87회 부산네오필하모닉 오케스트라 정기연주회 [부산], 제87회 부산네오필하모닉 오케스트라 정기연주회 [부산]",(사)부산네오필하모닉 오케스트라,서양음악(클래식),070-8899-7308,http://neophil.org/,AG001117
"음유시인: Troubadour [부산], 음유시인: Troubadour [부산], 프랑스 로맨틱 콘서트 [부산]",(사)부산메트로폴리탄팝스오케스트라,서양음악(클래식),070-7727-0188,http://www.bmpo.co.kr,AG001174
"부산메트로폴리탄필하모닉오케스트라, ClassIn Movie : 영화의 클래스 [부산], 부산메트로폴리탄필하모닉오케스트라, ClassIn Movie : 영화의 클래스 [부산], 부산메트로폴리탄필하모닉오케스트라, ClassIn Movie : 영화의 클래스 [부산]",(사)부산메트로폴리탄필하모닉오케스트라,서양음악(클래식),070-7727-0188,https://www.bmpo.co.kr/,AG011952
"Road to BU-ROCK 로드 투 부락, SPYAIR ASIA TOUR: BUDDY [서울], Road to BU-ROCK 로드 투 부락 [부산 금정], Road to BU-ROCK 로드 투 부락 [서울 영등포]",(사)부산문화관광축제조직위원회,복합,051-501-6051,http://www.bfo.or.kr/main/index.asp,AG006356
"론 브랜튼의 재즈 크리스마스! [부산], 론브랜튼의 April in Busan  째즈콘서트",(사)부산문화예술사랑,서양음악(클래식),,,AG013127
춤 관객과 함께하다 [부산],(사)부산민주항쟁기념사업회,한국음악(국악),051-790-7477,http://www.ohminju.or.kr/,AG014059
"NAC 문화예술교육 공연 및 체험, 악기체험 클클클 Ⅴ. 동물원에 간 오케스트라, NAC 문화예술교육 공연 및 체험, 악기체험 클클클 Ⅳ. 도레미 [부산], NAC 렉처콘서트, 고전에서 낭만으로 Ⅲ. 베토벤 [부산]",(사)부산심포니오케스트라,서양음악(클래식),051-621-4577,http://www.bso21.com,AG001622
"제27회 부산세계자원봉사대회 성공 기념 자원봉사자 초청 위로음악회: 동행Ⅴ, 제27회 부산세계자원봉사대회 성공 기념 자원봉사자 초청 위로음악회: 동행Ⅴ, 부산자원봉사자 초청 위로음악회: 동행II",(사)부산자원봉사포럼,복합,,https://www.bvf.or.kr/,AG010638
"임호열 피아노 독주회, 임호열 피아노 독주회, 정자영 & 임호열 듀오 콘서트",(사)부암뮤직소사이어티,복합,02-3216-3968,https://buammusic.modoo.at/,AG003356
"뷰티플마인드와 함께하는 가을음악회, 뷰티플마인드와 함께하는 가을음악회, 뷰티플마인드와 함께하는 가을음악회",(사)뷰티플마인드,복합,02-772-9961,http://www.beautifulmindcharity.org,AG001192
"크로스챔버오케스트라 연주회, 같이의 가치, 필리핀 모자원 건축 음악회, 필리핀 모자원 건축 음악회",(사)브링업 인터내셔널,서양음악(클래식),,https://www.bringupi.org/,AG009901
"제11회 대한민국장애인국제무용제, KIADA, 제11회 대한민국장애인국제무용제, KIADA, 제11회 대한민국장애인국제무용제, KIADA",(사)빛소리친구들,무용(서양/한국무용),02-309-7922,http://lsf.kr/,AG005575
모두가 함께 광대가 되다,(사)사물광대,한국음악(국악),010-7920-0787,,AG001355
"시집 가는 날, 김덕수의 침묵이 만든 소리 1 [대전], 사물놀이",(사)사물놀이 한울림,한국음악(국악),02-2232-7952,https://www.facebook.com/SamulnoriHanullim,AG001054
"생명의 소리, 생명의 소리",(사)새생명장기기증운동본부,복합,00-1544-4255,https://www.lovejanggi.or.kr/html/,AG012326
"제12회 사단법인 샹떼자듀합창단 정기연주회: 수난절 음악회, 제19회 사단법인 샹떼자듀합창단 정기연주회, 사단법인 샹떼자듀합창단 기획연주회, 모차르트 Requiem in D minor KV 626",(사)샹떼자듀 합창단,서양음악(클래식),,,AG009250
"서경스트링 오케스트라 정기연주회, 이동일 첼로 독주회, 서경대학교 오케스트라 정기연주회",(사)서경뮤직소사이어티,서양음악(클래식),070-8702-1061,http://www.skmsociety.org/defaults.asp,AG002975
"가야금산조 축제: 삼일삼색, 제3회 서공철류 가야금산조 보존회 정기연주회, 제3회 서공철류 가야금산조 보존회 정기연주회",(사)서공철류 가야금산조 보존회,한국음악(국악),,,AG013878
"(사)서도소리보존회 정기공연, 북녘의 소리 서도소리 어우렁 더우렁 II, (사)서도소리보존회 정기공연, 북녘의 소리 서도소리 어우렁 더우렁 II, 북녘의 소리 한마당: 어우렁더우렁",(사)서도소리보존회,한국음악(국악),02-445-3982,https://seodosound.modoo.at/,AG001825
"제23회 서울 국제 무용 콩쿠르, 주니어 갈라 [광주], 제23회 서울 국제 무용 콩쿠르, 주니어 갈라 [광주], 제23회 서울 국제 무용 콩쿠르, SIDC 갈라",(사)서울국제문화교류회,무용(서양/한국무용),02-588-7570,,AG003638
"제34회 (사) 서울나눔뮤직그룹 기부음악회: Side by Side, 제3회 OCI 드림앙상블 정기연주회: 음악을 담다, 제2회 OCI 드림앙상블 정기연주회: 음악을 담다",(사)서울나눔뮤직그룹,서양음악(클래식),02-3482-1536,http://www.seoulmusicgroup.org/es_all/,AG003462
서울시민과 함께하는 한여름밤의 콘서트,(사)서울네오예술단,서양음악(클래식),02-803-6385,https://snac.modoo.at/?link=pxg7nvt5,AG005068
"제33회 서울레이디스싱어즈 정기연주회: HARMONY OF LOVE, 서울 코랄 뮤직 페스티벌 기획연주회: 가을바람에 실린 하모니 [부천], 제32회 서울레이디스싱어즈 정기연주회",(사)서울레이디스싱어즈,서양음악(클래식),02-766-0525,www.choruscenter.co.kr,AG002097
"주피터스트링콰르텟 내한공연, 다니엘 호프 바이올린 리사이틀, 링컨센터 챔버뮤직소사이어티 내한 공연",(사)서울로얄심포니오케스트라,서양음악(클래식),02-3444-0071,http://www.srso.co.kr/,AG001350
가민 음악학교 가을: 공연 그것은 음악가를 키우는 음악학교다,(사)서울문예마당,한국음악(국악),02-3411-0705,,AG005711
"호두까기 인형 [인천], 호두까기 인형 [공주], 영등포아트홀 기획공연, 가을밤 낭만발레",(사)서울발레시어터(서울발레씨어터),무용(서양/한국무용),02-3442-2637,http://www.ballet.or.kr,AG002755
"윤보선 고택 쌀롱콘서트, ACC 수요극장, 윤보선 고택 쌀롱콘서트",(사)서울스프링실내악축제 사무국,서양음악(클래식),02-720-3933,,AG013513
"제21회 서울스프링실내악축제 폐막 공연, 프랑스 1886 (05.03), 제21회 서울스프링실내악축제 폐막 공연, 프랑스 1886 (05.03), 제21회 서울스프링실내악축제, 가족음악회: 영재들 (05.02)",(사)서울스프링실내악축제집행위원회,서양음악(클래식),02-720-3933,www.seoulspring.org,AG002926
"디즈니 & 픽사 OST 콘서트 [서울 서초], 디즈니 OST 콘서트: 디 오케스트라, Perfect Concert",(사)서울시민간오케스트라연합회,서양음악(클래식),02-6292-9370,,AG003631
"제8회 구로꿈나무인형극제, 장수고개 이야기, 제8회 구로꿈나무인형극제, 난 토마토 절대 안 먹어, 서울인형극제, 랑랑별때때롱",(사)서울시자치구문화재단연합회,복합,,http://www.acfsar.or.kr/,AG012355
"호두까기 인형 [성남], 호두까기 인형 [성남], 호두까기 인형 [성남]",(사)서울시티발레단,무용(서양/한국무용),02-936-3155,http://kkjballet.com/page1.html,AG006790
"제47회 서울연극제, 꼰대 오지라퍼 관종 박철남, 제47회 서울연극제, 사소한 것들, 제47회 서울연극제, 당신은 아들을 모른다",(사)서울연극협회,연극,02-765-7500,www.stheater.or.kr,AG002898
"장애 예술가와 함께하는 아름다운 이음 콘서트, 장애 예술가와 함께하는 아름다운 이음 콘서트, 장애 예술가와 함께하는 아름다운 이음 콘서트",(사)서울오케스트라,서양음악(클래식),02-588-0974,http://www.seoulorchestra.co.kr,AG001180
"오페라마티네, 피가로의결혼 (4월), 한.일 빅 갈라 콘서트, 오페라 마티네, 돈 조반니",(사)서울오페라단,서양음악(클래식),02-396-2038,,AG001531
"제45회 서울예술가곡제: 첫사랑, 봄빛에 새기다, 제42회 서울예술가곡제, 가족愛! 가곡愛!, 제42회 서울예술가곡제, 가족愛! 가곡愛!",(사)서울우리예술가곡협회,서양음악(클래식),02-519-4888,http://urigagok.com/,AG005138
"제119회 (사) 서울윈드오케스트라 정기연주회: 윈드오케스트라로 만나는 국악음악, 서울윈드오케스트라 콘서트, All that Christmas Season 2, 청양군민을 위한 WIND STONY : 필립 스파크의 초상 [청양]",(사)서울윈드오케스트라 (구.서울윈드앙상블),서양음악(클래식),02-6404-3569,http://www.seoulwind.co.kr/,AG003014
"제67회 서울튜티앙상블 정기연주회, 제67회 서울튜티앙상블 정기연주회, 서울튜티앙상블 코로나19 극복 힐링기부콘서트",(사)서울튜티앙상블,서양음악(클래식),02-395-9356,https://seoultutti1988.modoo.at/,AG000988
"희망, 부활, 사랑",(사)서울특별시교시협의회,서양음악(클래식),,,AG013190
"제118회 서울팝스오케스트라 정기연주회: 38주년 하성호와 서울팝스오케스트라 기념 연주회, 제118회 서울팝스오케스트라 정기연주회: 38주년 하성호와 서울팝스오케스트라 기념 연주회, 서울팝스오케스트라 창단36주년 기념음악회",(사)서울팝스오케스트라,서양음악(클래식),02-593-8760,http://www.seoulpops.com/,AG002739
"우리소리를 찾아서 [성남], 우리소리를 찾아서",(사)선소리산타령 보존회 성남시지부,한국음악(국악),,,AG014990
최혜경의 춤 이야기,(사)선아,무용(서양/한국무용),02-6498-7223,http://www.sunadancecompany.com/,AG016338
남과북 그 아우름 소리,(사)선진통일건국연합,한국음악(국악),02-774-9940,http://greatkorea.org/,AG003817
"제25회 성남윈드오케스트라 정기연주회, 제24회 성남윈드오케스트라 정기연주회 [성남], 제23회 성남윈드 오케스트라 정기 연주회",(사)성남윈드오케스트라,서양음악(클래식),031-718-3292,http://cafe.daum.net/sungnamwind/,AG001915
제15회 성음크로마하프연주단 정기연주회,(사)성음크로마하프협회,서양음악(클래식),053-562-5108,http://chromaharp.onmam.com/,AG011104
"란, 태수야 [대학로], 내 아이에게",(사)세상과 연애하기,연극,,https://www.seyeon.org/,AG015925
"채향순의 춤, 초심행, 허균의 미인여행: 사람, 꽃 피우다 [익산], 사람, 꽃 피우다 [익산]",(사)세종전통예술진흥회,복합,070-4197-9664,,AG005310
유진아 Class With Centrophilharmonic Orchestra [대구],(사)센트로필하모닉오케스트라,서양음악(클래식),070-7656-3118,,AG002338
"갈라콘서트 with 풍류대장 [평택], 웃다리 1945 [평택]",(사)소리사위예술단,무용(서양/한국무용),,https://www.facebook.com/sorisawiart,AG009909
"재패니메이션콘서트: 12월의선물 [대구], 재패니메이션콘서트: 12월의선물 [대구], 하나로 연결된 평화음악회",(사)소리얼필하모닉오케스트라,서양음악(클래식),02-882-4666,http://www.soliall.com,AG002279
"솔리스트 브라스 밴드 창단 20주년 정기연주회, 제13회 솔리스트 브라스 밴드 정기연주회, 제12회 솔리스트 브라스 밴드 정기연주회",(사)솔리스트 브라스밴드,서양음악(클래식),02-6404-3569,http://www.seoulwind.co.kr/category/%EC%86%94%EB%A6%AC%EC%8A%A4%ED%8A%B8%EB%B8%8C%EB%9D%BC%EC%8A%A4%EB%B0%B4%EB%93%9C,AG002372
"제4회 글읽는우리소리의 멋과 전통국악 융합, 제4회 글읽는우리소리의 멋과 전통국악 융합",(사)송강가사문학보존회,한국음악(국악),,,AG010506
"송해 추모3주기 특별기획공연, 송해사랑음악회, 송해 2주기 추모음악회",(사)송해문화예술진흥회,대중음악,031-222-0507,http://songhae.kr/,AG015576
"수원여자고등학교 개교 90주년 총동문음악제 [수원], 경기피아체레앙상블 기획 연주회 Ⅳ [수원]",(사)수원문화도시포럼,서양음악(클래식),,http://sccf.kr/,AG013798
동백꽃 피는 날 [수원],(사)수원민주화운동계승사업회,복합,,,AG013488
"수원화성 夜 상설공연: 낭만 夜 고궁 음악회, 수원화성 夜 상설공연: 낭만 夜 고궁 음악회",(사)수원음악진흥원,서양음악(클래식),031-224-0533,http://www.mios.or.kr/,AG002370
"녹두꽃은 영원하리, 전라북도 공연예술 페스타, 국제민족음악교류제",(사)수제천보존회,한국음악(국악),063-536-0712,,AG006937
제12회 코랄하우스 100인 남성합창단 정기연주회 [부산],(사)숭인 문화재단,서양음악(클래식),051-622-0224,http://www.soongin.kr/,AG007778
"롯데카드와 함께하는 스페셜 하모니, 롯데카드와 함께하는 스페셜 하모니, Special Night",(사)스페셜올림픽코리아,복합,02-447-1179,http://sokorea.or.kr/index.php?tpf=main/index,AG007574
"제3회 스포츠 닥터스 나눔 콘서트, 제2회 스포츠닥터스와 함께하는 나눔콘서트, 제1회 스포츠닥터스와 함께하는 나눔콘서트",(사)스포츠닥터스,서양음악(클래식),02-501-8611,http://sportsdoctors.or.kr/,AG002933
"엄마를 찾아 떠나는 아리의 모험 [광주], 아티스트 IN 과천, 부릉부릉 봄봄, 엄마를 찾아 떠나는 아리의 모험 [여수]",(사)아리수,한국음악(국악),02-507-3120,http://ari-su.or.kr,AG000731
제5회 아리인과 함께하는 한반도평화음악회,(사)아리인,복합,02-3280-2795,http://www.ariin.co.kr/,AG007374
"한여름 밤의 고궁, 유재하와 라흐마니노프 [인천], 시와 바이올린",(사)아마빌레뮤직,서양음악(클래식),070-8240-7045,http://www.amabilemusic.com/,AG004511
춤으로 만나는 아시아,(사)아시아춤문화연구소,무용(서양/한국무용),055-772-1171,https://www.youtube.com/channel/UCR-Oqn6kmyOlRXXSOPZFtTg,AG001063
"오페라 하이라이트 콘서트: 오페라 애호가를 위한 음악회 [부산], 오페라 하이라이트 콘서트: 오페라 애호가를 위한 음악회 [부산], 제4회 깐딴떼부산 공연, 오페라 하이라이트 콘서트: The Best of Opera [부산]",(사)아지무스오페라단,서양음악(클래식),070-7522-4649,http://cafe.naver.com/agimus,AG001172
"대구국제방송교향악단 신인음악회 [대구], 대구국제방송교향악단 신인음악회 [대구], 대구국제방송교향악단 신인음악회 [대구]",(사)아트애비뉴컴퍼니(대구국제방송교향악단),서양음악(클래식),070-8200-8476,http://www.aacompany.net/,AG008212
"조선나이트 국악 X 디스코 Vol.2 [강릉], 조선나이트 국악 X 디스코 Vol.2 [강릉], 화랑을 기다리며 [강릉]",(사)아트컴퍼니 해랑,한국음악(국악),033-651-1517,http://www.haerangarts.com/web2018/main.php,AG008847
"제44회 대한민국연극제 경기도대회, 거리의 사람들, 제44회 대한민국연극제 경기도대회, 거리의 사람들, 제9회 연극인의 마을, 해 뜨는 집 [안산]",(사)안산연극협회 극단 예지촌,연극,031-485-3844,,AG015149
"안중근, 천국에서의 춤 [대구], 안중근, 천국에서의 춤 [대구], 안중근, 천국에서의 춤 [서울]",(사)안중근숭모회,서양음악(클래식),02-771-4195,http://www.patriot.or.kr/,AG011757
"제5회 에이블뮤직그룹 정기연주회, 제5회 에이블뮤직그룹 정기연주회",(사)에이블아트,서양음악(클래식),070-8672-1140,https://ableart.or.kr/,AG012676
"우리집에 집신이 살아요, 우리 집에 집신이 살아요, 달과 아이들",(사)연극놀이터 해마루,연극,02-502-1137,http://cafe.daum.net/eduplay,AG003268
"라포엠 콘서트 [울산], 라포엠과 함께하는 송년 콘서트 [울산], 신소이밴드 재즈크리스마스 [울산]",(사)열린문화협회,복합,052-269-6119,http://www.oca.or.kr/,AG012800
"唱然之端, 최이정의 미산제 흥보가 [대구], 제20회 대구아리랑 축제, 아리랑소리극",(사)영남민요아리랑보존회,한국음악(국악),053-424-6853,http://www.arirang77.net/,AG002375
"젊은 이수자전 [대구], 젊은 이수자전 [대구]",(사)영남판소리보존회,한국음악(국악),053-793-9535,http://www.pansoriyn.com,AG001973
"넥스트 스테이지, 강동휘 피아노 리사이틀, 너에게 들려주고 싶은 클래식이야기: 너클리, FOR THE MUSE [성남], 영 아티스트 포럼 앤 페스티벌, 관악질주: 박예람 플루트 리사이틀",(사)영아티스트포럼앤페스티벌,서양음악(클래식),,,AG007870
"제10회 영천아리랑 대축제, 제10회 영천아리랑 대축제, 제8회 영천아리랑 대축제",(사)영천아리랑연구보존회,한국음악(국악),,,AG008766
비단길 전통춤축제 [구미],(사)예락,무용(서양/한국무용),054-4555-1967,https://blog.naver.com/gukaki,AG012734
"제19회 김천국제가족연극제, 아기새, 황악산 날아오르다, 숨비소리, 숨비소리",(사)예술공동체 삼산이수,연극,054-439-8245,,AG001990
"보재 이상설, 조국독립을 꿈꾸다: 서전서숙 [진천], 보재 이상설, 조국독립을 꿈꾸다: 서전서숙 [진천], 보재 이상설, 조국독립을 꿈꾸다: 서전서숙 [청주]",(사)예술공장 두레,연극,043-211-0752,http://www.dureart.co.kr,AG001467
"희망, 사랑나눔 신춘 음악회",(사)예술기획 예루,연극,063-288-0789,,AG002336
"아버지와 나와 홍매와 [강릉], 모스크바의 바다 [청주], 정글북 [청주]",(사)예술나눔,복합,043-266-9903,http://www.artnanum.com,AG001527
희로애락 喜路愛樂,(사)옛소리국악진흥회,한국음악(국악),054-472-3012,cafe.daum.net/ysrpa/,AG001932
"오연 나르리: 춤으로 피어나다, 오연 나르리: 춤으로 피어나다, 오연 나르리: 춤으로 피어나다",(사)오연문화예술원,무용(서양/한국무용),031-701-0337,http://oyunart.kr/,AG009155
"디 오리지널 시리즈, 임동혁 X 오케스트라 디 오리지널, 리부트: 라흐마니노프, 디 오리지널 시리즈, 임동혁 X 오케스트라 디 오리지널, 리부트: 라흐마니노프, 디 오리지널 시리즈, 임동혁 X 오케스트라 디 오리지널, 리부트: 라흐마니노프",(사)오케스트라 디 오리지널,서양음악(클래식),,,AG011150
"ESG오페라마, 저출생 인식개선: Yes-kids!, 정신나간 작곡가와 키스하다, 정신나간 작곡가와 키스하다 (11.11)",(사)오페라마 예술경영 연구소,서양음악(클래식),02-560-7912,http://www.operama.org/,AG004367
"해녀 [성남], 해녀 [성남]",(사)오페라인제주,서양음악(클래식),064-748-9922,https://operainjeju.com/,AG011480
"화용월태, 최민정의 강산제 심청가 완창발표회, 화용월태, 최민정의 강산제 심청가 완창발표회, 국악사 70년 연봉에게 길을 묻다",(사)온고을소리청,한국음악(국악),063-283-4357,,AG002342
"제18회 우리춤 대축제, 제18회 우리춤 대축제, 제17회 우리춤대축제",(사)우리춤협회,무용(서양/한국무용),02-928-8100,http://www.woorichum.or.kr/,AG003001
"IMMORTAL DANCEⅢ 우봉 이매방, IMMORTAL DANCEⅢ 우봉 이매방, (사)우봉이매방춤보존회 정기공연",(사)우봉이매방춤보존회,무용(서양/한국무용),,,AG010305
"TOEshoes on the PIANO: 동화 속 춤추는 피아노, 엠째즈, I’M A JAZZTRAVELER",(사)운김,대중음악,010-6777-8824,-,AG010675
"웅부문화원 봄맞이 음악회, 웅부문화원 봄맞이 음악회",(사)웅부문화원,복합,054-842-5525,http://ungbu.kr/,AG009529
제1회 유엔평화음악회,(사)워커장군추모사업회,복합,,,AG010286
"세계 호스피스 완화의료의 날 기념 음악회, 세계 호스피스 완화의료의 날 기념 음악회",(사)원불교호스피스회,복합,063-843-3530,,AG007132
니벨룽의 반지: 라인의 황금,(사)월드아트오페라,서양음악(클래식),00-2135-2250,https://www.facebook.com/worldartopera,AG005726
"제1회 청소년 K-ARTS 페스티벌 [부산], 제1회 청소년 K-ARTS 페스티벌 [부산], RI3690지구 고양로타리클럽 창립40주년기념음악회",(사)월드엔젤피스 예술단,복합,051-557-6072,,AG008586
제29회 꿈씨음악회,(사)유엔해비타트 한국위원회,복합,02-761-8001,https://www.unhabitat.or.kr/,AG010350
강원의 소리,(사)음악만들기앙상블,한국음악(국악),033-734-6328,,AG004359
"제2회 한미동맹 70주년대한민국음악제, 다시 일어서는 대한민국",(사)이승만건국대통령기념사업회,서양음악(클래식),,www.syngmanrhee.or.kr,AG014171
"제7회 인천시립교향악단 기획연주회, i 사랑 태교음악회",(사)인구보건복지협회 인천지회,서양음악(클래식),,,AG014341
"노희섭 디너쇼, 노희섭 디너쇼, 1st 서울천마합창단 Concert [경산]",(사)인씨엠예술단,서양음악(클래식),02-2659-4100,http://www.insiem.org/main.html,AG001492
제3회 5.3 합창단 정기연주회,(사)인천민주화운동계승사업회,복합,032-441-0288,http://www.idf.or.kr/main.php,AG010981
인천안무가전: In the midst of life,(사)인천안무가협회,무용(서양/한국무용),032-833-5355,,AG006588
"제59회 인코리안심포니오케스트라 정기연주회 [부산], 제59회 인코리안심포니오케스트라 정기연주회 [부산], 제58회 인코리안심포니오케스트라 정기연주회 [부산]",(사)인코리안심포니오케스트라,서양음악(클래식),051-626-8081,http://www.incorean.co.kr/,AG001353
"김찬영 전국투어 [서울], 자라섬재즈 서칭포 재즈맨: 경계를 넘어 [세종], 자라섬재즈 서칭포 재즈맨: 경계를 넘어 [세종]",(사)자라섬청소년재즈센터,대중음악,031-581-2813,http://www.jarasumjazz.com/the16th/teaser,AG006537
우리 시 우리 노래 신작가곡음악회,(사)자연을 사랑하는 문학의집,복합,02-778-1026,http://www.imhs.co.kr/,AG007348
"제30회 꿈씨음악회, 제29회 꿈씨음악회",(사)자원봉사애원,서양음악(클래식),02-3278-5140,http://www.aewon.org/,AG010349
"비욘드무용단 두 번째 날개짓, 의문의려(倚門倚閭): 부모가 자식을 기다리는 마음, 비욘드무용단 두 번째 날개짓, 의문의려(倚門倚閭): 부모가 자식을 기다리는 마음",(사)장애인문화예술진흥개발원,무용(서양/한국무용),02-593-4761,,AG014576
"모두페스티벌, 세 번째 날!: 꽃분씨의 홀로서기, 고양이와 나 [대구], 모두페스티벌, 다섯째 날, 모두페스티벌, 넷째 날",(사)전국장애인부모연대 대구지부 북구지회,연극,053-3111-6903,https://www.bumo.or.kr/bbs/board.php?bo_table=B45&sca=%EB%8C%80%EA%B5%AC,AG016438
아버지와 나와 홍매와,(사)전문예술극단 예인방,연극,061-334-1001,http://www.dramahall.co.kr,AG002344
"전주대사습 뎐, 전주대사습뎐, Hi~ 심생원 (하이 심생원)",(사)전주대사습놀이보존회,한국음악(국악),063-252-6792,http://www.jjdss.or.kr,AG000772
"제25회 전주 세계 소리축제, 오늘의 시나위 [전주], 제25회 전주 세계 소리축제, 오늘의 시나위 [전주], 제25회 전주세계소리축제, 판소리 다섯바탕: 수궁가, 김세미",(사)전주세계소리축제조직위원회,복합,063-232-8398,http://sorifestival.com,AG003507
"춘하추동, 디톡스 콘서트 [보성], 춘하추동, 디톡스콘서트 [김천], 춘하추동, 디톡스 콘서트",(사)전통공연예술연구소,한국음악(국악),02-742-5170,https://www.kitpa.net/,AG011882
"법음: 일곱 법고, 세상을 나오다 [수원], 제3회 고성(鼓聲) 정기공연, 제3회 고성(鼓聲) 정기공연",(사)전통국악예술교육협회,한국음악(국악),031-258-0741,https://cafe.naver.com/gukak2017,AG012511
"아퀴 x 아트룸, 사계 (四季) [전주]",(사)전통문화마을,한국음악(국악),063-232-1902,http://www.tcvillage.kr,AG002346
"꼭꼭 숨어라! 토선생 찾기 [광주], 인수화풍, 해설이 있는 타악: 타.타.타",(사)전통문화연구회 얼쑤,한국음악(국악),062-676-3844,http://www.olssu.com,AG001194
"국가무형문화재 살풀이춤, 도살풀이춤 정명숙, 양길순 연합공개 행사",(사)전통춤연구 보존회,무용(서양/한국무용),02-744-7037,https://tartlab.co.kr/,AG013358
"김윤서의 가곡풍류, 화답 Ⅱ: 넓고 깊게 잇기, 국악대학전 내일의 예인, 홍솔휘 & 이가현가단, 국악대학전 내일의 예인, 윤주연 & 신별하",(사)정가악회,한국음악(국악),02-583-9979,http://www.jgah.co.kr/,AG002747
"제14회 서울시 문화유산 판소리 수궁가 공개발표: 수궁가, 제12회 정의진 판소리 공개발표회, 양암제 수궁가 완창공연",(사)정광수제판소리보존회,한국음악(국악),,,AG015640
"제24회 서울세계무용축제, (사)정은혜민족무용단",(사)정은혜민족무용단,무용(서양/한국무용),042-821-6482,,AG001053
동백꽃 피는 날 [수원],(사)제주4.3범국민위원회,뮤지컬,,,AG013487
"마고할망이 들려주는 자청비 이야기 [제주], 마고할망이 들려주는 자청비 이야기 [제주], 재일제주인 문화예술 교류공연: 현해탄을 건넌 기억들",(사)제주빌레앙상블,서양음악(클래식),064-760-3792,,AG006775
"한-슬로바키아 수교 기념: 사랑과 화합의 콘서트, 한-슬로바키아 수교 기념: 사랑과 화합의 콘서트, 빛의서막, 대한광복단 [전주]",(사)조선오페라단,서양음악(클래식),02-586-0116,https://ko-kr.facebook.com/chosunopera,AG002846
춤추는 발레리나처럼,(사)조승미발레단,무용(서양/한국무용),02-3437-7375,http://www.CSMBallet.com,AG000786
"조이오브스트링스의 메타모포시스: 영산회상, 조이오브스트링스의 메타모포시스: 영산회상, 조이오브스트링스 정기연주회: 그녀의 목소리",(사)조이오브스트링스,서양음악(클래식),02-3471-6686,http://joyofstrings.co.kr/,AG002967
"루카스, THE BOOK",(사)주님의작품문화행동아트리,뮤지컬,010-2648-8255,http://www.gospelartree.com/,AG004534
"이슬기 가야금 독주회, 이슬기 가야금 독주회",(사)죽파류가야금산조보존회,한국음악(국악),02-582-4470,,AG001187
"박범훈 소리 연 60, 도반, 팝핀현준 박애리와 함께하는 춤추는 관현악, 제1회 신진작곡가 발굴을 위한 창작국악축제",(사)중앙국악관현악단,한국음악(국악),02-896-2091,https://www.cato.co.kr/,AG005590
"다노네, 다노세, 다노네, 다노세, 다노네, 다노세",(사)중요무형문화재 강릉단오제보존회,한국음악(국악),033-643-1301,http://www.danoje.or.kr,AG002343
소프라노 조수미 콘서트: Mother Dear [진주],(사)진주목문화사랑방,서양음악(클래식),055-752-4005,https://jinjumok.kr/,AG006997
"제32회 창무 국제 공연 예술제: 둥구루움에 용오름, 제32회 창무 국제 공연 예술제: 둥구루움에 용오름, 제31회 창무국제공연예술제: 대지의 목소리",(사)창무예술원,무용(서양/한국무용),070-4264-8252,https://www.facebook.com/Changmuart,AG002096
"제5회 말모이축제, 전라도부문: 조선의 눈동자",(사)청강판소리고법보존회,한국음악(국악),02-735-9939,http://www.ebuksori.or.kr/,AG014619
"국립청년극단, 헤파이스토스 로미오와 줄리엣 [춘천], 축제극장몸짓 기획공연: ㅁㅇ,ㅁㅇ (마임, 마음) [춘천], 축제극장몸짓 기획공연: ㅁㅇ,ㅁㅇ (마임, 마음) [춘천]",(사)춘천마임축제,연극,033-242-0585,www.mimefestival.com,AG004103
"춘천연극제, 헬로우 미스 미스터, 춘천연극제, 헬로우 미스 미스터, 춘천연극제, 사랑해 엄마",(사)춘천연극제,연극,033-241-4345,http://citf.or.kr/,AG004334
"춤추는 유물, 춤추는 유물, 춤다솜무용단 기획공연: 무시, 시간의 결: 시간의 경계를 넘는 전통과 현대의 춤결",(사)춤다솜무용단,무용(서양/한국무용),010-8883-8165,,AG000993
"제20회 칠포재즈페스티벌 [포항], 제20회 칠포재즈페스티벌 [포항], 제20회 칠포재즈페스티벌 [포항]",(사)칠포재즈축제위원회,대중음악,070-8675-9177,,AG010457
"제39회 성라자로마을 자선음악회: 그대있음에 [성남], 장애인과 함께하는 음악회: 아름다운 동행 [성남], 장애인과 함께하는 음악회: 아름다운 동행 [성남]",(사)코리아뮤직소사이어티,서양음악(클래식),00-1588-8611,http://www.art8832.com/,AG012594
"길 [김천], 길 [고양]",(사)코리아파파로티문화재단,뮤지컬,054-431-7003,http://www.kpaparotti.com/home/index.php,AG006576
"제4회 코리안 퍼시픽 필하모닉 오케스트라 정기연주회, 코리안퍼시픽필하모닉오케스트라와 함께하는 송년음악회, 코리안퍼시픽필하모닉오케스트라 기획연주 시리즈③, 20세기를 탐하다",(사)코리안 퍼시픽 필하모닉 오케스트라,서양음악(클래식),02-522-8054,http://www.kpphil.org/,AG007851
"제199회 코리안챔버오케스트라 정기연주회: KCO X 에스더 유 2, 제199회 코리안챔버오케스트라 정기연주회: KCO X 에스더 유 2, 제199회 코리안챔버오케스트라 정기연주회: KCO X 에스더 유 1",(사)코리안챔버오케스트라(구. 서울바로크합주단),서양음악(클래식),02-592-5728,http://www.kco.or.kr,AG002358
"느린산책, 쿰 [수원]",(사)쿰,서양음악(클래식),031-286-8009,http://koum-art.com/,AG010853
"불가사리 프로젝트, 지역민과 공감하는 문화나눔 콘서트: With",(사)크리스탈 문화예술,복합,,,AG011444
"클라라하우스 커피 클래식: 모차르트와 커피의 만남 [대전], 클라라하우스 커피 클래식: 모차르트와 커피의 만남 [대전], 츄를료니스 콰르텟 [대전]",(사)클라라하우스,서양음악(클래식),042-861-5999,http://www.clarahouse.kr/,AG008780
"변검사자 탈출사건 [전주], 아퀴 x 아트룸, 사계 (四季) [전주], 아퀴 x 아트룸, 사계 (四季) [전주]",(사)타악연희원 아퀴,복합,070-7558-4023,http://xn--he5b23r.com/,AG002662
"광주국제음악제, 광주국제음악제",(사)통섭,서양음악(클래식),,,AG010685
"금강: 잠깐 빛났던, 당신의 얼굴은 우리들의 깊은 가슴이었다, 금강: 잠깐 빛났던, 당신의 얼굴은 우리들의 깊은 가슴이었다, 금강: 잠깐 빛났던, 당신의 얼굴은 우리들의 깊은 가슴이었다",(사)통일맞이,뮤지컬,02-392-3615,http://www.moon.or.kr/default/,AG006387
"CANEMOVEMENT: 고차원의 비밀, CANEMOVEMENT: 고차원의 비밀, 그렇게 다시",(사)트러스트무용단,무용(서양/한국무용),02-879-0613,http://trustdancetheatre.com/,AG000732
"틴탑: we gonna rock it drop it top it hey don’t stop it pop it, 틴탑: we gonna rock it drop it top it hey don’t stop it pop it, 틴탑: we gonna rock it drop it top it hey don’t stop it pop it",(사)티앤비엔터테인먼트,서양음악(클래식),02-522-5973,http://www.tnbenter.com,AG001081
"제21회 자선음악회, 사랑이 머무는 곳에, 제21회 자선음악회, 사랑이 머무는 곳에, 제21회 자선음악회, 사랑이 머무는 곳에",(사)평안의집,서양음악(클래식),031-638-0650,http://www.ph.or.kr/,AG003331
"영남의 소리 춤, 영남의 소리 춤",(사)풍물마실,한국음악(국악),054-972-9779,https://cafe.daum.net/pungmulmasil,AG009245
"제17회 프레미에 스트링 콰르텟 정기연주회, 프레미에 앙상블과 함께하는 겨울의 낭만, 클라리넷으로 떠나는 오페라 여행",(사)프레미에필하모닉오케스트라,서양음악(클래식),02-585-5964,,AG002803
"DMZ 피스트레인 뮤직 페스티벌 [철원], DMZ 피스트레인 뮤직 페스티벌 [철원], DMZ 피스트레인 뮤직 페스티벌 [철원]",(사)피스트레인,대중음악,,,AG012261
재즈팝콘,(사)하나를위한음악재단,복합,02-725-3342,http://music4one.org/,AG007221
"코리아로얄오케스트라 여름음악회, 코리아로얄오케스트라 여름음악회, 코리아로얄오케스트라 여름음악회",(사)하늘소리예술단,한국음악(국악),02-6403-6321,,AG001185
"하늘오페라단 콘서트시리즈 17. 노래의 향기 [대구], 하늘오페라단 콘서트시리즈 17. 노래의 향기 [대구], 제3회 가을밤에 흐르는 가곡의 향기",(사)하늘오페라단,서양음악(클래식),,,AG009568
"하피스트 곽정의 쉐어링 러브 14: 그리다, 하피스트 곽정의 Sharing Love 13, 하피스트 곽정의 Sharing Love 12",(사)하피데이앙상블,서양음악(클래식),010-8849-9820,http://www.harpydayensemble.co.kr/common/index/index_body.php,AG002962
그토록 그리움이,(사)한겨레아리랑연합회,한국음악(국악),02-762-5014,,AG003919
"제13회 한국 가야금 연주가 협회 정기 연주회, 제12회 한국가야금연주가협회 정기연주회, 제12회 한국가야금연주가협회 정기연주회",(사)한국가야금연주가협회,한국음악(국악),,,AG004138
"제22회 (사) 한국경기소리보존회 기획공연, 가인지심 Ⅵ: 이어道사나, 제22회 (사) 한국경기소리보존회 기획공연, 가인지심 Ⅵ: 이어道사나, 제21회 (사) 한국경기소리보존회 기획공연: 가인지심Ⅴ",(사)한국경기소리보존회,한국음악(국악),02-507-5825,http://www.gsih.or.kr,AG001190
"한국경제인협회 퓨처 리더스 캠프 기념연주 [강릉], 한국경제인협회 퓨처 리더스 캠프 기념연주 [강릉], 한국경제인협회 퓨처 리더스 캠프 기념연주 [강릉]",(사)한국경제인협회,서양음악(클래식),02-3771-0114,https://www.fki.or.kr/,AG015263
"(사) 한국고전무용중앙협회, 동행: 전통의 깊이, 30년의 화답, (사) 한국고전무용중앙협회, 동행: 전통의 깊이, 30년의 화답, 박은하 한빛전통예술단, 십이지정 · 하나의 숨",(사)한국고전무용중앙협회,무용(서양/한국무용),010-8654-3476,http://centradance.dothome.co.kr/,AG010695
"웰컴 대학로, 더 라스트맨, 웰컴 대학로, 이솝우화, 웰컴 대학로, 홈쑈핑 주식회사",(사)한국공연관광협회,복합,02-742-5520,,AG005174
"예술의전당 국제음악제, 이승원 & 아나스타샤 코베키나 with SAC 페스티벌 오케스트라, 예술의전당 국제음악제, 현대음악앙상블소리 3.0, 예술의전당 국제음악제, 아나스타샤 코베키나 첼로 리사이틀",(사)한국공연예술경영협회,서양음악(클래식),02-785-6843,http://artsmanagement.or.kr/,AG003048
"무라마츠 타카츠구 내한공연, 바닐라 무드 콘서트, 체코소년합창단 보니푸에리, 크리스마스콘서트",(사)한국공연예술포럼,복합,02-548-4481,http://kpartsforum.com/,AG011165
"ACC 국제 공동 창·제작 쇼케이스, 남편 없는 부두, ACC 국제 공동 창·제작 쇼케이스, 남편 없는 부두, 현대자동차그룹 대학 연극 뮤지컬 페스티벌, 시상식",(사)한국공연프로듀서협회,연극,02-741-1204,http://www.kapap.co.kr/,AG003645
"평화음악회 함께 살아감 (Living Together) [수원], 평화음악회 함께 살아감 (Living Together) [수원], 치유와 평화를 위한 평화음악회 [인천]",(사)한국교회총연합,복합,02-744-6200,https://www.ucck.org/,AG011074
"국악진흥법 제정기념 송년의 밤, 희설: 기쁨이 피어나다",(사)한국국악진흥예술연합,한국음악(국악),,,AG015213
제41회 대한민국 국악제,(사)한국국악협회,한국음악(국악),02-744-8051,http://xn--3e0ba624pxwo7zadv.xn--3e0b707e/,AG012684
"이향우, 일흔번째 꽃을 피우다 [성남], 제37회 성남전국(학생) 국악경연대회, 제24회 성남시 장수무대",(사)한국국악협회 성남시지부,한국음악(국악),,http://www.kukakhyuphoe.or.kr/pages/info_01.php,AG012106
"전통소리 & 인생 [충주], 전통소리 & 인생 [충주], 아리랑 랩소디 [충주]",(사)한국국악협회 충주지부,한국음악(국악),,http://www.kukakhyuphoe.or.kr/pages/info_01.php,AG010509
"파주국악대제전, 파주국악대제전, 파주 국악 대제전",(사)한국국악협회 파주시지부,한국음악(국악),,http://www.pajuart.or.kr/society/society04.php,AG012491
"함안차사, 제18회 함안예술제, 제21회 함안국악협회 정기연주회, 제20회 함안국악협회 정기연주회",(사)한국국악협회 함안군지부,한국음악(국악),,http://www.kukakhyuphoe.or.kr/pages/info_01.php,AG010809
서울코다이싱어즈 정기연주회,(사)한국국제합창협회,서양음악(클래식),,,AG010583
"제11회 여성연극제, 살아남은 자의 이력서, 봄 작가, 겨울 무대 낭독공연",(사)한국극작가협회,연극,02-2269-0535,http://kpw.or.kr/xe/,AG008070
일어나 함께 가자 [대구],(사)한국기독교 문화사업회,서양음악(클래식),,,AG013764
아르텔필하모닉오케스트라와 함께하는 평화통일 기원음악회,(사)한국대중문화예술산업총연합,복합,02-2160-6560,-,AG009787
"제2회 대중문화예술제, 홍도야 우지마라 [당진], 제2회 대중문화예술제, 홍도야 우지마라 [당진]",(사)한국대중문화예술인협회,복합,010-3461-5789,http://www.kpcaa.net/,AG012790
"제7회 SDP국제페스티벌 (SDP INTERNATIONAL FESTIVAL) : DINK DANSE, 제6회 SDP국제페스티벌, 도시중독, 파랑새 날다",(사)한국댄스플레이협회,무용(서양/한국무용),,,AG011614
"해설이 있는 가족음악회, 토닥토닥 클래식",(사)한국도서관협회,복합,02-535-4868,https://www.kla.kr/kla/,AG014270
"한독수교 140주년 기념, GALA CONCERT",(사)한국독일동문네트워크,서양음악(클래식),02-3785-0654,https://adeko.or.kr/,AG014445
그랑프리 동요 페스티벌,(사)한국동요문화협회,서양음악(클래식),02-455-1924,http://www.dongyo.or.kr/,AG004554
"오창현의 매직콘서트: 나는 마술사다, 오창현의 매직콘서트: 나는 마술사다",(사)한국무대공연예술협회,연극,010-8403-2130,https://ksa2130.modoo.at/,AG010677
"열정 NO.1 춤 페스티벌, 전통춤전 [파주]",(사)한국무용협회 경기도지회,무용(서양/한국무용),,http://koreadanceassociation.org/es_bh2a1n1/?r=home#,AG009371
"제29회 전국 금오 무용경연대회, 제29회 전국 금오 무용경연대회",(사)한국무용협회 구미시지부,무용(서양/한국무용),,http://www.koreadanceassociation.org/v2/,AG009450
"제24회 전국차세대 안무가전, 대구 전통춤의 밤: 춤의향기로 물들다, 제10회 수성아트피아 무용축제",(사)한국무용협회 대구광역시지회,무용(서양/한국무용),053-623-2019,http://daegudance.com/xe/main,AG009693
"제2회 시니어 한국민속춤제전, 좋고 좋소 에라 좋구나, 제1회 시니어 한국민속춤제전, 좋고 좋소 에라 좋구나, 제1회 시니어 한국민속춤제전, 좋고 좋소 에라 좋구나",(사)한국무용협회 파주지부,무용(서양/한국무용),,http://koreadanceassociation.org/v2/branch?r=%EA%B2%BD%EA%B8%B0%EB%8F%84,AG009716
"화성예술인시리즈1 화통, 희망을 주는 춤판: 춤으로 만나는 2판! 4판!",(사)한국무용협회 화성시지부,무용(서양/한국무용),,http://koreadanceassociation.org/,AG010092
슈만 판타지와 함께하는 피아니스트 하영아의 낭만여행,(사)한국문화산업포럼,서양음악(클래식),,www.cforum.or.kr,AG013476
코인,(사)한국문화예술산업강원진흥회,복합,070-7502-7813,http://kcaia.co.kr,AG006875
"제4회 대한민국 국제 뮤지컬 콩쿠르 결선, 제4회 대한민국 국제 뮤지컬 콩쿠르 결선, 제4회 대한민국 국제 뮤지컬 콩쿠르 결선",(사)한국뮤지컬협회,뮤지컬,02-765-5598,http://kmusical.kr,AG005172
"해란강의 여령들, 해란강의 여령들",(사)한국민족춤협회,무용(서양/한국무용),02-742-0998,http://www.ceda.kr/?act=main,AG007561
"아트위캔 정기연주회 앙상블콘서트, 투게더위캔 송년음악회",(사)한국발달장애인문화예술협회 아트위캔,서양음악(클래식),02-717-4336,http://www.artwecan.or.kr/,AG004366
"제29회 창작신인안무가전, 제29회 창작신인안무가전, 제19회 K-Ballet World, 제19회 청소년 발레 페스티벌",(사)한국발레협회,무용(서양/한국무용),02-538-0505,http://www.koreaballet.or.kr/,AG003592
"대구경북발레페스티벌, 대구경북발레페스티벌, 대구경북발레페스티벌 [대구]",(사)한국발레협회 대구경북지회,무용(서양/한국무용),,http://www.dkballet.or.kr/,AG010385
"제4회 (사) 한국발레협회 대전충남세종지회 발레 페스티벌 [대전], 제4회 (사) 한국발레협회 대전충남세종지회 발레 페스티벌 [대전], 제4회 (사) 한국발레협회 대전충남세종지회 발레 페스티벌 [대전]",(사)한국발레협회 대전충남세종지회,무용(서양/한국무용),,,AG013855
"노민호와 주리애 [완도], 쥬크박스 뮤지컬, 노민호와 주리애 [김천]",(사)한국방송예술인단체연합회(KFBO),대중음악,02-2655-1525,http://kfbo.org/wp/,AG012306
"고향 마을, 슈퍼히어로의 탄생",(사)한국생활연극협회,연극,,http://k-act.co.kr/,AG013312
"안동윈터아트페스티벌, 겨울은 가고 봄바람은 살랑, ANDREEA CHIRA 내한공연",(사)한국생활음악학회,서양음악(클래식),02-3474-9998,https://www.facebook.com/%ED%95%9C%EA%B5%AD%EC%83%9D%ED%99%9C%EC%9D%8C%EC%95%85%ED%95%99%ED%9A%8C-190394155227489,AG006878
"서도 Project in 부산, 서도 Project in 부산, 고운 님 오시는 날",(사)한국서도민요보존회,한국음악(국악),051-755-5525,,AG007402
"제작공연 시리즈, 名作 02. 명창 박정욱: 황해도 철물이굿 [평택], 명창박정욱의 철물이굿, 명창박정욱의 철물이굿",(사)한국서도소리연구보존회,한국음악(국악),02-2232-5749,http://cafe.daum.net/gareheon,AG002374
제6회 한국가곡의 밤,(사)한국서정가곡작곡가협회,서양음악(클래식),010-8730-0953,,AG005705
"D.FESTA 소극장축제, 월지문 (月之吻) [부산], D.FESTA 소극장축제, 월지문 (月之吻) [부산], D.FESTA 소극장축제, 배신, 내 아픈 사랑을 위하여 [부산]",(사)한국소극장협회,연극,02-3674-0471,https://smalltheater.or.kr/,AG003812
천일야화: 알라딘,(사)한국실용무용연합회,무용(서양/한국무용),02-3445-0056,http://www.fid.world/,AG003371
"박은하 한빛전통예술단, 십이지정 · 하나의 숨, 박은하 한빛전통예술단, 십이지정 · 하나의 숨, 타흥태Ⅴ",(사)한국십이체장고춤보존회,무용(서양/한국무용),,,AG009801
"M 인디스테이지, 인디스커버리: 명가의 품격 Ⅱ, M 인디스테이지, 인디스커버리: 명가의 품격 Ⅰ, 명가의 품격 (11.16)",(사)한국싱어송라이터협회,대중음악,,,AG014555
"국립남도국악원 토요상설, 국악이 좋다: 여성국극 선화공주, 옥중화: 사랑의 연가, 예인 황진이",(사)한국여성국극예술협회,연극,02-741-1535,https://cafe.daum.net/womenmusical,AG004435
"제82회 (사) 한국여성작곡가회 봄 정기발표회, 씨앗의 기억: 한글의 소리로서의 탄생, 제81회 (사) 한국여성작곡가회 가을정기발표회, 제80회 (사) 한국여성작곡가회 봄 정기발표회",(사)한국여성작곡가회,서양음악(클래식),070-7807-7647,http://www.womancomposer.or.kr,AG002357
"한국여성작곡가회 대구지부 연주자초청 음악회시리즈 XV, 정혜진, 안수영 듀오 리사이틀",(사)한국여성작곡가회 대구지부,서양음악(클래식),,,AG010708
아버지를 찾습니다,(사)한국연극배우협회,연극,02-764-5086,http://www.kactor.kr/passion/,AG007479
"싸움터의 산책 [부산], 싸움터의 산책 [부산], 싸움터의 산책 [부산]",(사)한국연극배우협회 부산광역시지회,연극,,,AG011925
"제11회 늘푸른 연극제, 극단 신협: 벚꽃동산, 제11회 늘푸른 연극제, 극단 신협: 벚꽃동산, 제11회 늘푸른 연극제, 극단 신협: 벚꽃동산",(사)한국연극협회,연극,02-744-8055,http://ktheater.bravod.co.kr/,AG004033
"제40회 대한민국연극제, 밀양: 시추, 제40회 대한민국연극제, 밀양: 삼장사의 용감, 제40회 대한민국연극제, 밀양: 돌아올 수 없는 강을 건너다",(사)한국연극협회 경상남도지회,연극,055-746-7413,http://www.gnta.kr/,AG011819
"삼장사의 용감 [구미], 제39회 대한민국연극제 in 안동·예천, 초청공연: 안녕, 굴사르, 제39회 대한민국연극제 in 안동·예천, 만선",(사)한국연극협회 경상북도지회,연극,054-855-0039,http://ktheater.bravod.co.kr/sub4_2.html?cate=14&index=14,AG009705
"행주대첩 [고양], 제44회 대한민국연극제 경기도대회, 경로를 벗어나 재탐색합니다, 행주대첩 [고양]",(사)한국연극협회 고양지부,연극,,,AG011665
"구미아시아연극제, 구미 아시아 연극제, 봄이 오면 [구미], 구미아시아연극제, 발자국/발자취",(사)한국연극협회 구미지부 (구미연극협회),연극,,http://ktheater.bravod.co.kr/sub4_2.html?cate=14&index=14,AG010934
"제17회 대전국제소극장연극축제, 장주몽첩, 제17회 국제 소극장 축제, 그대는 봄 [대전], 제17회 대전국제소극장연극축제, 장주몽첩",(사)한국연극협회 대전광역시지회,연극,042-223-0060,http://www.djdrama.kr/,AG007045
"제44회 대한민국연극제 부산, 폐막행사, 제44회 대한민국연극제 부산, 성호가든, 제44회 대한민국연극제 부산, 태풍이 온다",(사)한국연극협회 부산광역시지회,연극,,https://www.facebook.com/busantheater,AG008330
"제43회 대한민국 연극제 인천, 폐막식, 제43회 대한민국연극제 인천, 전쟁과 평화: 일렉트라 스토리 [인천], 제43회 대한민국연극제 인천, 두껍아 두껍아",(사)한국연극협회 인천광역시지회,연극,032-862-9683,,AG004055
"고상한 찬호씨와 남자들의 수다, 고상한 찬호씨와 남자들의 수다",(사)한국연극협회 전북지회,연극,063-277-7440,http://ktheater.bravod.co.kr/sub4_2.html?cate=16&index=12,AG010998
"제43회 대한민국연극제 경기도대회, 심청전을 짓다 [파주], 어머니, 제25회 파주예술제, 아이고 배야",(사)한국연극협회 파주지부,연극,,http://ktheater.bravod.co.kr/,AG009527
"제21회 함안예술제, 나의 말금씨 [함안], 제21회 함안예술제, 나의 말금씨 [함안], 동행 [함안]",(사)한국연극협회 함안지부,연극,,,AG010826
"화성예술인시리즈5 화통(通), 효자, 최루백",(사)한국연극협회 화성지부,연극,,http://ktheater.bravod.co.kr/sub4_2.html?cate=11&index=8,AG010917
"이스크라: 잃어버린 불꽃, 이스크라: 잃어버린 불꽃",(사)한국연기예술학회,연극,010-5521-0763,http://www.kosas.or.kr/,AG007869
"제32회 국악대공연 [고양], 제30회 국악대공연, 제26회 고양시민가요제",(사)한국연예예술인총연합회 고양지회,대중음악,,http://www.kcaa1.com/default/friends/friends_2.php?tit=08&sub=02&com_board_category_code=c2,AG011120
"제19회 당진예술제 & 아트페스타 개막식 [당진], 제17회 당진예술제, 제17회 당진예술제",(사)한국연예예술인총연합회 당진지부,복합,,http://www.djtimes.co.kr,AG014181
"제23회 임진강가요제, 제23회 파주예술축제, 트로트 한마당",(사)한국연예예술인총연합회 파주지부,복합,,,AG009755
"제30회 드림콘서트 [고양], 제29회 드림콘서트, 제1회 드림콘서트 트롯",(사)한국연예제작자협회,대중음악,02-786-7637,http://www.kepa.net/,AG011760
"제13회 대한민국 신진 연출가전, 백지은: 기억의 불씨, 제13회 대한민국 신진 연출가전, 백지은: 기억의 불씨, 제13회 대한민국 신진연출가전, 권오윤: 6-1칸에서",(사)한국연출가협회,연극,070-8822-4126,https://www.krda.co.kr/,AG008066
"시흥시 송년음악회: 크리스마스 지브리 & 디즈니 OST 콘서트, 시흥시 송년음악회: 크리스마스 지브리 & 디즈니 OST 콘서트, 제17회 당진예술제",(사)한국예술문화단체총연합회,복합,02-2655-3000,http://www.yechong.or.kr/,AG005715
"월화전, 월화전, 강릉합창페스티벌",(사)한국예술문화단체총연합회 강릉지회(강릉예총),복합,033-642-3587,http://www.gnart.org/home/,AG008849
"제40회 성남문화예술제, 음악제, 제44회 대한민국연극제 경기도대회, 만조상해원경 [파주], 제44회 대한민국연극제 경기도대회, 거리의 사람들",(사)한국예총 경기도연합회 (경기예총),연극,031-239-6457,http://ggfaco.com/,AG016061
"행주대첩 [고양], 제44회 대한민국연극제 경기도대회, 경로를 벗어나 재탐색합니다, 5GO음악회: 아름다운고양시 8景 가을음악회",(사)한국예총 고양시지회 (고양예총),복합,031-907-8553,https://gyart93.com:454/main/main.php,AG009814
"금오예술제, 금오예술제",(사)한국예총 구미지회,연극,054-451-4422,gumiart.net/,AG010319
"청소년 무대예술 페스티벌 [대구], 청소년 무대예술 페스티벌 [대구], 햄릿, 나는 죽이지 않았다. [대구]",(사)한국예총 대구광역시연합회  (대구예총),복합,053-651-5028,http://dgyechong.com/,AG010550
"분홍 립스틱 [보령], 라이어 [보령], 꽃, 별이 지나 [보령]",(사)한국예총 보령지회,복합,041-936-5869,,AG006683
"제29회 성남 창작 무용제, 제40회 성남무용제, 제40회 성남문화예술제 연극제, 수유리, 고치지 못한것들",(사)한국예총 성남지회 (성남예총),복합,031-753-1020,https://www.cas.or.kr/,AG011895
"송년의 밤: 조아용 콘서트 [용인], 송년의 밤: 조아용 콘서트 [용인], The Greatest Musical Concert [용인]",(사)한국예총 용인지회 (용인예총),복합,031-337-1333,http://yechong.kr/,AG009709
"마리서사: 박인환, 그리고 목마와 숙녀 [서울 중랑]",(사)한국예총 중랑구지회,복합,,http://yechong.or.kr/,AG014517
"포항시립교향악단, 협주곡의 밤 [포항], 포항‧울산‧경주 해오름동맹 합창 페스티벌, 포항‧울산‧경주 해오름동맹 합창 페스티벌",(사)한국예총 포항지부,서양음악(클래식),054-249-6589,http://www.phart.kr/www/,AG012863
"제57회 군산 진포예술제 개막식 [군산], 제57회 군산 진포예술제 개막식 [군산], 제56회 군산 진포예술제 개막식",(사)한국예총군산지회(군산예총),한국음악(국악),063-462-1234,http://cafe.daum.net/huangdeuk,AG008906
자연의 소리 우쿨렐레를 품은 오카리니스트 양강석,(사)한국오카리나협회,서양음악(클래식),00-1644-5845,http://koass.or.kr/,AG004513
"라 트라비아타, The New Way, 제7회 대한민국오페라페스티벌, 리날도",(사)한국오페라단,서양음악(클래식),02-587-1950,http://www.kopera.co.kr,AG000744
"제21회 한국소극장오페라축제, 제2회 라이징스타오페라갈라축제 2, 제2회 라이징스타오페라갈라축제 2",(사)한국오페라인협회,서양음악(클래식),02-543-7352,https://www.instagram.com/korea_opera_association/,AG012492
제20회 한국소극장오페라축제,(사)한국오페라협회,서양음악(클래식),02-543-7352,https://www.facebook.com/kopera2019,AG008164
"여수국제음악제, 제4회 서울팝스필하모닉 오케스트라 정기연주회",(사)한국음악교육협회,복합,02-3474-9998,http://www.kmedu.kr/,AG008315
"라라라온 [전주 더 뮤지션], 라라라온 [전주 더 뮤지션], 라라라온 [전주 더바인홀]",(사)한국음악레이블산업협회,대중음악,02-3143-5953,http://www.liak.or.kr/pc_kor/index.html,AG007163
"제58회 서울음악제, 제58회 서울음악제, 제58회 서울음악제",(사)한국음악협회,서양음악(클래식),02-2655-3060,http://www.mak.or.kr/,AG003131
"제29회 구미음악제, 제29회 구미음악제, 제27회 구미음악제",(사)한국음악협회 구미지부,서양음악(클래식),054-464-7881,,AG010072
"제4회 김포시음악협회 정기연주회: 작곡의 거장들 [김포], 제4회 김포시음악협회 정기연주회: 작곡의 거장들 [김포], 상명대학교 윈드오케스트라 초청 음악회 [김포]",(사)한국음악협회 김포시지부,서양음악(클래식),,,AG011056
"당진음악협회와 함께하는 사랑과 감사의 하모니 콘서트: 소리를 보다 (SEEING THE SOUND), 전문예술인과 청소년이 함께하는 해나루 음악제 [당진], 전문예술인과 청소년이 함께하는 해나루 음악제 [당진]",(사)한국음악협회 당진시지부,서양음악(클래식),041-358-6866,,AG008945
"제44회 대구국제성악콩쿠르 결선 연주회, 제44회 대구국제성악콩쿠르 결선 연주회, 제43회 대구국제성악콩쿠르 결선",(사)한국음악협회 대구광역시지회,복합,053-656-7733,https://www.mak.or.kr:444/html/mak_group/office_01.asp,AG010551
"제37회 한밭신인음악회 [대전], 제37회 한밭신인음악회 [대전], 제37회 한밭신인음악회 [대전]",(사)한국음악협회 대전광역시지회,서양음악(클래식),042-226-2267,http://www.dmak.or.kr/main,AG008019
"제40회 성남문화예술제, 음악제, 성남시 신춘음악회, 제39회 성남문화예술제, 음악제",(사)한국음악협회 성남지부,서양음악(클래식),,,AG014307
"제9회 늠내클래식축제, 사랑의 묘약 [시흥], 낭만 그리고 고전, 두 남자의 사랑의 시 [시흥], 제8회 늠내 클래식축제, 까발레리아 루스티까나",(사)한국음악협회 시흥시지부,서양음악(클래식),031-404-6325,https://siheungmusic.modoo.at/,AG012204
"왕평흐노니, 왕평 [양평], 왕평흐노니",(사)한국음악협회 영천시지부,서양음악(클래식),010-4069-5666,,AG008921
"제29회 청소년 협주곡의 밤 [인천], 제29회 청소년 협주곡의 밤 [인천], 인천음악제, 팝 콘서트",(사)한국음악협회 인천광역시지회,서양음악(클래식),032-873-7772,http://www.incheonmusic.org/,AG007002
"능소야 버들아 [천안], 능소야 버들아 [천안], 작곡가 집중탐구VI, 페르골레지 [천안]",(사)한국음악협회 천안시지부,서양음악(클래식),010-2448-1608,https://makca.kr/,AG009391
"파주윈드오케스트라와 함께하는 가을 음악회 [파주], 파주 윈드 오케스트라와 함께하는 Jazz Soul Ensemble [파주], 파주필하모닉오케스트라 신춘 음악회",(사)한국음악협회 파주지부,서양음악(클래식),031-944-3396,http://www.pajuart.or.kr/,AG009272
"포항‧울산‧경주 해오름동맹 합창 페스티벌, 포항‧울산‧경주 해오름동맹 합창 페스티벌",(사)한국음악협회 포항지부 포항음악협회,서양음악(클래식),054-274-1441,http://www.phmak.or.kr/,AG012862
"가을밤의 랩소디 [함안], 제13회 아라가야 합창제 [함안], 제12회 아라가야 합창제 [함안]",(사)한국음악협회 함안지부,서양음악(클래식),,https://www.mak.or.kr:444/html/mak_group/office_01.asp,AG010833
굿바람신바람,(사)한국의소리 숨,한국음악(국악),02-552-2689,http://koreansori.kr/,AG004041
"제4회 하남인형극장 [하남], 제10회 예술인형축제, 푸키치와 소년, 제10회 예술인형축제, 푸키치와 소년",(사)한국인형극협회,연극,02-481-8809,www.koreapuppet.org,AG004143
"제6회 대한민국치유예술제, #정답을작성해주세요, 제6회 대한민국치유예술제, #정답을작성해주세요, 제6회 대한민국치유예술제, #정답을작성해주세요",(사)한국임상연극심리치료협회,복합,02-747-4718,http://www.kacdp.or.kr/,AG010642
"환대 (Welcome to the opera & cine music), 영상스토리 가곡콘서트, 환대, 기도 PRAYER",(사)한국입양어린이합창단,서양음악(클래식),,,AG008461
"ACL-KOREA 뉴뮤직콘서트 시리즈, Concert Ⅱ: 충동 충돌 충격, ACL-KOREA 뉴뮤직 콘서트 시리즈, Concert Ⅰ: 충동 총돌 충격, ACL-Korea 50주년 기념음악제, 뉴뮤직 콘서트 시리즈: Network 19.73.20.23",(사)한국작곡가협회 ACL코리아,서양음악(클래식),010-6221-3933,http://www.aclkorea.org/,AG002964
"한빛예술단의 찾아가는 희망음악회: 조금은 특별한 인어공주 [인천 서해], 한빛예술단의 찾아가는 희망음악회: 조금은 특별한 인어공주 [인천 서해], 한빛예술단의 찾아가는 희망음악회, 오케스트라가 들려주는 조금은 특별한 피노키오 [파주]",(사)한국장애인공연예술단,서양음악(클래식),02-989-2204,,AG008392
"장애인문화예술축제 A+ Festival, 안산시민과 함께 하는 K트롯 콘서트, 안산시민과 함께 하는 K트롯 콘서트",(사)한국장애인문화예술단체총연합회,복합,02-304-6211,http://www.fdca.or.kr/,AG003709
크리스마스 칸타타 [용인],(사)한국장애인문화협회 용인시지부,복합,031-321-9100,http://www.yibluesky.org/,AG014661
개러지 페스트 (GARAGE FEST),(사)한국장애인사진콘텐츠협회,대중음악,042-274-5581,http://www.kdpca.or.kr/,AG015172
제1회 마포미래인재들의 꿈을 응원하는 음악회,(사)한국재즈협회,서양음악(클래식),02-528-4076,https://koreajazz.co.kr/,AG004084
"김서하의 시리즈, 翏잡가 1, 님을 그리며",(사)한국전통민요협회,한국음악(국악),02-529-1550,http://www.koreansori.co.kr/sub/main/main.html,AG004844
제8회 김지성 거문고 독주회,(사)한국전통민요협회 대구 2지부,한국음악(국악),010-2725-7790,http://www.koreansori.co.kr/sub/intro/intro_branch_view.html?jibu_code=22,AG010816
"타악판타지 통: 흥과 신명의 한판 [세종], 틱·탁·톡 : 전통 타악과 퍼포먼스가 만난 가장 역동적인 무대 [원주], 틱·탁·톡 : 전통 타악과 퍼포먼스가 만난 가장 역동적인 무대 [원주]",(사)한국전통예술단 아울,한국음악(국악),033-761-7228,http://www.artaul.com,AG001189
"한(恨)이 깊으니, 흥(興)도 깊더라, 故 선운 임이조 10주기 추모공연, 恨이 깊으니 흥도 깊더라",(사)한국전통춤연구회,무용(서양/한국무용),,,AG014169
"대한민국전통춤문화제 정기공연: 권번춤 이야기, 대한민국전통춤문화제 정기공연: 권번춤 이야기, 제4회 사단법인 대한전통춤협회 이은자 예술단 정기공연",(사)한국전통춤협회,무용(서양/한국무용),02-2058-1277,https://koreadance77.com/,AG003118
"부산전통춤문화제, (사)한국전통춤협회 부산지부 창립공연, (사)한국전통춤협회 부산지부 창립공연",(사)한국전통춤협회 부산지부,무용(서양/한국무용),,,AG010127
"전국풍류자랑, 비탈 [용인], 비탈 [예산]",(사)한국전통타악그룹 태극,한국음악(국악),033-251-4323,http://www.gotg.or.kr,AG001341
정과정곡,(사)한국정가진흥회 부산지부,한국음악(국악),,http://www.jeongga.kr/,AG008825
"제44회 전국신인국악연주회, 제43회 전국신인국악연주회, 한국정악원 115주년 기념공연, 지음풍류",(사)한국정악원,한국음악(국악),02-2653-3116,,AG004139
"제9회 고양국제무용제, GIDF",(사)한국청소년문화연대조인핸드,복합,031-978-3892,http://joinhand.com/,AG014217
"도봉청소년오케스트라 송년음악회, 도봉청소년오케스트라 송년음악회, 제40회 도봉청소년오케스트라 정기연주회",(사)한국청소년문화활동협회,서양음악(클래식),02-3494-2020,http://www.kycaa.co.kr/base/index.php,AG009276
"제16회 한국 춤 백년화, 제16회 한국 춤 백년화, 제15회 한국춤백년화",(사)한국춤역사위원회,무용(서양/한국무용),010-9331-5709,http://www.kdcoh.com/,AG009343
"한영숙류 이철진 춤: 오직 승무, 7일간의 한영숙류 이철진 춤: 후생가외 (後生可畏), 우리시대 라이벌 춤으로 맞장",(사)한국춤예술센터,무용(서양/한국무용),02-3675-6688,https://thekoreandance.modoo.at/,AG002098
"제16회 춤 & 판고무신춤축제, 춤 & 판, 제16회 춤 & 판고무신춤축제, 춤 & 판, 제16회 춤 & 판고무신춤축제, 고무신춤축제",(사)한국춤협회,무용(서양/한국무용),02-410-6888,http://kd.or.kr/xe/main,AG003206
"대구치맥페스티벌, 치맥페스티벌 [대구], 치맥페스티벌 [대구]",(사)한국치맥산업협회,대중음악,053-248-9998,http://www.chimackorea.com/,AG014000
"션윈 월드투어 [부산], 션윈 월드투어 [고양], 션윈 월드투어 [서울]",(사)한국파룬따파학회,무용(서양/한국무용),02-6377-7000,,AG015686
"제52회 판소리 유파 대제전 [대전], 제51회 판소리 유파 대제전, 제4회 청어람, 판소리 다섯바탕",(사)한국판소리보존회,한국음악(국악),02-566-9457,http://www.koreapansori.com/,AG001903
"레전드 춘향전 [안산], 여성국극 라이징 [안산], 여성국극 라이징 [안산]",(사)한국판소리보존회 안산지부,한국음악(국악),,,AG010497
"유희경 완창 프로젝트, 동초제 심청가",(사)한국판소리보존회 용인수지 지부,한국음악(국악),,,AG015762
"(사) 한국페스티발앙상블 기획 연주 2. 창단 40주년: 유혹, 마흔번째 악장: 나에게, 이 한곡, (사) 한국페스티발앙상블 기획 연주 2. 창단 40주년: 유혹, 마흔번째 악장: 나에게, 이 한곡, 제81회 (사) 한국페스티발앙상블 정기연주회",(사)한국페스티발앙상블,서양음악(클래식),02-501-8477,http://www.korfestival.or.kr/,AG002639
"대한민국발레축제 in 춘천, 스페셜 발레 갈라, 대한민국발레축제 in 춘천, 스페셜 발레 갈라, 대한민국발레축제 in 춘천, 스페셜 발레 갈라",(사)한국프로발레협회,무용(서양/한국무용),,https://k-proba.com/kproba/index.php,AG013672
"플라멩코 파탈, 롤라장의 플라멩코 카르멘",(사)한국플라멩코협회,무용(서양/한국무용),02-747-7460,http://lolaflamenco.wixsite.com/association,AG003311
"제21회 부산국제합창제: 축제 합창단 콘서트 & 대상경연 및 시상식 [부산], 제21회 부산국제합창제: 그랜드 콘서트 [부산], 제21회 부산국제합창제, 스페셜 콘서트 Ⅱ [부산]",(사)한국합창조직위원회,서양음악(클래식),051-622-0534,,AG007085
"제46회 한국합창제, 제24회 코리아 합창페스티벌, 제45회 한국합창제 (The 45th KOREAN CHORAL FESTIVAL)",(사)한국합창총연합회,서양음악(클래식),02-3661-8535,http://www.kfcm.co.kr/,AG003135
"SICF 서울국제안무페스티벌, NO IM NOT / TEMPO, SICF 서울국제안무페스티벌, NO IM NOT / TEMPO, SICF 서울 국제 안무 페스티벌: 37N & Plantoid & Nothing, everything & 무늬의 무늬",(사)한국현대무용진흥회,무용(서양/한국무용),02-325-5702,http://www.moderndance.co.kr/,AG002617
"WPOP EDM FESTIVAL, 갈매기의 꿈 [계룡]",(사)한국힙합문화협회 중앙회,복합,02-2606-2206,http://khiphop.kr/,AG010588
갈매기의 꿈 [계룡],(사)한국힙합문화협회 충남지회,복합,,,AG010587
"제13회 러시아가곡연구회 정기연주회, 거장이 전해주는 메세지 Ⅱ",(사)한러교류협회,서양음악(클래식),,,AG008640
"제4회 코리아&뮤직페스티발, 코지 판 투떼, 갈라콘서트: 희망의 봄, 세계 가곡의 밤",(사)한러오페라단,서양음악(클래식),02-3211-4211,https://www.facebook.com/%ED%95%9C%EB%9F%AC%EC%98%A4%ED%8E%98%EB%9D%BC%EB%8B%A8-1835134940127791/,AG004127
겨레사랑 한국가곡 페스티벌,(사)한민족평화나눔재단,서양음악(클래식),,,AG004443
"위대한 단재(丹齋) 신채호 [대전], 위대한 단재(丹齋) 신채호 [대전]",(사)한빛사랑예술원,뮤지컬,042-710-2100,http://hanbitsarang.com/default/index.php,AG006343
"서울특별시무형유산 살풀이춤지정 10주년 기념공연, 무지의 발견, 춤을 짓다,춤을 잇다: 이은주의 살풀이춤, 이한솔의 춤: 다락",(사)한영숙살풀이춤보존회,무용(서양/한국무용),02-2644-5059,http://blog.daum.net/salpoori,AG001195
"가인과 예가주 [정읍], 하늘연인",(사)한옥마을사람들,무용(서양/한국무용),063-532-1248,,AG004343
"으랏차차 복방귀 [대구], 으랏차차 복방귀 [대구], 7인의 부인들 [고령]",(사)한울림 (극단한울림),연극,053-246-2925,http://www.hanwoollim.com/,AG002269
"자싱 다차오 필하모닉 오케스트라 내한공연 [예산], 복길천장(福吉天長)비파협연 오케스트라 내한공연",(사)한중문화우호협회,서양음악(클래식),02-335-1288,http://www.kcfriend.org/,AG005471
"쿠바 음악의 디바 다이메아로세나 첫 내한 공연, 쿠바 음악의 디바 다이메아로세나 첫 내한 공연 [부산]",(사)한쿠바교류협회,복합,02-2038-2306,http://www.cuba.or.kr/,AG005624
"바람으로의 여행 [광주], 바람으로의 여행 [광주]",(사)함께;마중,뮤지컬,,,AG013158
"제12회 빛의소리 나눔콘서트, 제13회 올키즈스트라 정기연주회: All kid stellar, 제11회 빛의소리 나눔콘서트 [성남]",(사)함께걷는아이들,서양음악(클래식),02-522-7935,https://www.withu.or.kr/USR_main.asp??=Main/index,AG003333
"제11회 사랑과 희망의 하모니: 창작합창서사시 훈민정음, 제11회 사랑과 희망의 하모니: 창작합창서사시 훈민정음, 신체비전: 몸의 기억 [안산]",(사)함께한대,복합,02-2220-2004,http://www.withhyu.org/expo2/wizard/frames/server_index.html?home_id=withhyu&pageType=index,AG003150
"박미영 무용단 기획공연, 얼",(사)해외한민족 연구소,한국음악(국악),,http://ioka.co.kr/html/index.asp,AG012747
"나의 이야기 극장, 청년 마음공감 극장, 우리는 사랑할 수 있을까, 나의 이야기 극장",(사)행복공장,연극,02-6084-1016,http://www.happitory.org/,AG008025
"HK와 함께하는 행복나무플러스의 삶과 나눔 콘서트, HK와 함께하는 행복나무플러스의 삶과 나눔 콘서트, HK와 함께하는 행복나무플러스의 삶과 나눔 콘서트",(사)행복나무플러스,서양음악(클래식),02-2263-7530,https://www.facebook.com/hbnamu/,AG005199
"파주시민을 위한 헤이리챔버오케스트라 송년음악회, 파주시민을 위한 헤이리챔버오케스트라 송년음악회, 제11회 헤이리챔버오케스트라 정기연주회, 송년음악회",(사)헤이리예술마을,복합,,https://www.heyri.net/,AG015091
"제21회 유엔참전용사, 영웅을 위한 음악회, 제7회 정전협정 및 유엔군 참전의 날 추모 평화음악회",(사)호국문화진흥위원회,복합,02-3473-8802,http://www.homoonjin.or.kr/main.php,AG003564
이을판 어울판,(사)호남여성농악보존회,한국음악(국악),010-4642-8079,,AG011410
"서빛마루문예회관 명작콘서트, Opera On Stage: 버섯피자 (9월), (사) 호남오페라단 창단 40주년 기념 송년음악회 [전주], 운명의 힘 [전주]",(사)호남오페라단,서양음악(클래식),063-288-6807,http://www.honamopera.com/,AG002751
"홍난파가곡제: 나의 살던 고향은, 홍난파가곡제: 나의 살던 고향은, 홍난파가곡제: 나의 살던 고향은",(사)홍난파의집,서양음악(클래식),02-2665-7419,https://lanpa.co.kr/,AG014277
"(사) 홍정희오페라단 COREA Arirang 세계를 울리다, (사)홍정희오페라단 COREA, Then and Now, (사)홍정희오페라단 오페라 갈라콘서트, 별이 빛나는 밤에",(사)홍정희 오페라단,서양음악(클래식),02-586-0945,http://blog.naver.com/opera_hong,AG003504
"제27회 서울특별시무형유산 화고판소리고법 공개행사: 동락여정 同樂旅程, 제27회 서울특별시무형유산 화고판소리고법 공개행사: 동락여정 同樂旅程, 서울시무형유산 제25호 판소리고법 (정화영) 공개행사",(사)화고판소리고법보존회,한국음악(국악),010-8907-0088,,AG004016
"화음챔버오케스트라: Maniac Discovery, 화음챔버오케스트라: Maniac Discovery, 화음챔버오케스트라: Maniac Discovery",(사)화음(화음챔버오케스트라),서양음악(클래식),02-544-9092,http://www.hwaum.org/,AG000841
"환경콘서트: 푸른 바다, 그리고 인연 (with 김기태), 세계적인 팝페라테너 임형주와 함께하는 지구의날 기념 환경콘서트",(사)환경운동연합,서양음악(클래식),02-735-7000,http://kfem.or.kr/,AG011494
제17회 휘몰이잡가 공개발표회,(사)휘몰이잡가 보존회,한국음악(국악),010-3744-6365,,AG006953
"제3회 광주흥사단기러기합창단 정기연주회, 도산 안창호",(사)흥사단,복합,02-743-2511,http://www.yka.or.kr/html/introduce/introduce.asp,AG007205
제13회 흥청무 정기공연,(사)흥청무 보존회,무용(서양/한국무용),,,AG009552
"(사) 희망나눔과 함께하는 희망나눔 열린음악회 [대구], (사) 희망나눔과 함께하는 희망나눔 열린음악회 [대구], (사) 희망나눔과 함께하는 희망나눔 열린음악회 [대구]",(사)희망나눔,복합,053-761-3399,https://www.hopesharecorp.com/,AG009797
"코로나19 극복 기원 안동 시민과 함께하는 희망나눔 열린음악회, 코로나19 극복 기원 안동 시민과 함께하는 희망나눔 열린음악회",(사)희망나눔 안동시지부,대중음악,,,AG012117
"제9회 희망을 나누는 송년콘서트, 제8회 희망을 나누는 신년콘서트, 제7회 희망을 나누는 신년콘서트",(사)희망나눔협의회,복합,02-334-9547,http://www.nanum100.or.kr/,AG015215
Hope Concert,(사)희망이룸,서양음악(클래식),055-263-5647,https://hopeirum.co.kr/,AG005201
"제29회 광주 소극장 축제, 봄이 오면, 제29회 광주소극장축제, 광주 소극장 재즈페스티벌, 제29회 광주 소극장 축제, 봄이 오면",(시)한국소극장협회 전남광주통합특별시지회 (구.(사) 한국소극장협회 광주지회),복합,010-2218-7007,https://gjsmalltheater.modoo.at/,AG010650
"오월 어머니의 노래 [서울], 오월 어머니의 노래 [광주]",(유)광민,복합,062-369-9126,,AG016132
"유튜브 팬페스트 코리아, 유튜브 팬페스트 코리아",(유)구글코리아,연예,02-531-9000,https://www.google.co.kr/?hl=kohttps://play.google.com/store/games?device=windows,AG016308
"다른 사막 도시들 [대학로], 다른 사막 도시들 [대학로], 다른 사막 도시들 [대학로]",(유)극단기일게,연극,,,AG007852
"제12회 깐따피아 정기연주회: 테너 민현기 & 바리톤 임창한 듀오 리사이틀, 국립타이난대학교 예술대학원 반주과 교수콘서트, 국립타이난대학교 예술대학원 반주과 교수콘서트",(유)깐따피아아트컴퍼니(Cantapia Art Company),서양음악(클래식),,https://www.facebook.com/gocantapia,AG011661
"판타지 재난뮤지컬, 1초, 선천적 얼간이들, 선천적 얼간이들",(유)네이버웹툰,뮤지컬,,,AG016618
"루돌프와 산타클로스 [부산], 집을 떠나며 [부산]",(유)뉴태양부동산중개법인,뮤지컬,,,AG014261
"SAC ON SCREEN, 늙은 부부 이야기 [경남], 늙은 부부 이야기 [부산 동래], 늙은 부부이야기 [용인]",(유)덕우기획,연극,,,AG008277
"쇼뮤지컬 어게인, 드림하이 [서울 (앵콜) ], 쇼뮤지컬 어게인, 드림하이 [서울 (앵콜) ], 쇼뮤지컬 어게인, 드림하이",(유)드림하이문화산업전문회사,뮤지컬,,,AG013256
"디어 에반 핸슨 (Musical Dear Evan Hansen) [서울], 디어 에반 핸슨 (Dear Evan Hansen) [부산], 디어 에반 핸슨 (Dear Evan Hansen)",(유)디어에반핸슨문화산업전문회사,뮤지컬,,,AG015391
"유브이 쇼 in 유브이 텔, 장윤정 라이브 콘서트 [부산], 스테이지 파이터 GALA SHOW: THE ORIGINALS [서울]",(유)디온커뮤니케이션,대중음악,02-1522-2274,,AG005964
"BEER FEST [광주], BEER FEST [광주]",(유)라온트리,대중음악,,,AG019621
"라이프 오브 파이 (LIFE OF PI) [부산], 라이프 오브 파이 (LIFE OF PI)",(유)라이프오브파이문화산업전문회사,뮤지컬,,,AG019968
"렛미플라이 [서울], 렛미플라이 [서울], 렛미플라이 [의성]",(유)렛미플라이,뮤지컬,,,AG011280
"갤러리롤랑: 썸머나잇 브리즈, Musica ex Machina: 기계장치의 음악, christmas Jazz Night",(유)롤랑(ROLLAND),대중음악,02-391-1928,,AG007641
"하모니 [전주], 하모니 [전주], 인어공주 [금정]",(유)뮤지컬 수 컴퍼니,뮤지컬,063-228-0356,,AG005517
"두들팝 [서울 광진], 두들팝 [서울 광진], 두들팝 [서울 광진]",(유)브러쉬씨어터,연극,00-1600-8534,https://www.brushtheatre.com/,AG004817
"사의 찬미 [대구], 사의 찬미 [안동], 사의 찬미 [포항]",(유)쇼앤텔플레이,연극,,,AG009121
"프란츠 슈베르트: 보이스 그리고 리스트, 프란츠 슈베르트: 보이스 그리고 리스트, 제이센틱 클래식 시리즈 CINQUE, 힐링이 있는 클래식 미니 콘서트",(유)아트홀제이,서양음악(클래식),010-4947-7748,http://arthallj.com/,AG005412
알라딘 [부산],(유)알라딘문화산업전문회사,뮤지컬,,,AG018805
"더 펜, 더 펜, 더 펜",(유)앤유컴퍼니,뮤지컬,,https://www.instagram.com/andyoucompany/,AG021195
"여자만세2 [대학로], 여자만세 [제주], ACC 수요극장, 여자만세",(유)여자만세,연극,,,AG008738
크리스마스 칸타타 [전주],(유)우리군민신문,복합,061-983-0365,http://www.yhnews.kr/,AG014699
"더 테이블 The Table, 장수상회 [광주], 장수상회 [성남]",(유)장수상회문전사,연극,02-929-1010,,AG004104
"GLOBAL CALLING: ELDER BROOK in SEOUL, GLOBAL CALLING: ELDER BROOK in SEOUL, SOUNDCLASH THURSDAY’S",(유)장영,대중음악,,https://www.instagram.com/lionseoul,AG021205
MusicBank Global Festival,(유)제3기뮤직뱅크월드투어문화산업전문회사,대중음악,,,AG014879
"제2회 인어스브라스앙상블 정기연주회, 성재창 트럼펫 리사이틀 [대구]",(유)지지티 동성기획,서양음악(클래식),,,AG009363
광한루원에 피어난 연희꽃,(유)청연,한국음악(국악),,https://www.instagram.com/cheongyeon_418/,AG021828
캣츠 내한공연 [대구],(유)캣츠문화산업전문회사,뮤지컬,,,AG022664
"캔들라이트: 히사이시 조 최고의 작품 [부산], 캔들라이트: 신카이 마코토 헌정 프로그램",(유)크세모스코리아(fever),서양음악(클래식),080-352-8774,https://feverup.com/ko/seoul,AG017119
"고영철 첼로 리사이틀, Cello in Blue [청주]",(유)키아프뮤직,서양음악(클래식),,,AG016558
"이무기는 방울방울 [광주], 이무기는 방울방울 [광주], 이무기는 방울방울 [광주]",(유)펀스토리,연극,010-5683-8412,https://fun-story.imweb.me/,AG016493
"호두까기 인형 [군산], 판타스틱 앨리스 [군산], 판타스틱 앨리스 [전주]",(유)포스댄스컴퍼니,무용(서양/한국무용),010-4808-3440,https://www.facebook.com/forcedancecompany/,AG003818
"마리슈 7주년 기념 단독공연: 일곱 번째 생일, 마리슈 7주년 기념 단독공연: 일곱 번째 생일, 마리슈 친목형 콜라보 콘서트: 마리슈와 친구들",(유)폰드,대중음악,,-,AG009698
"오버코트 [화성], 오버코트 [서울 성북], 오버코트 [서울 성북]",(유)햇살놀이터,연극,,,AG008763
"[패키지] 세월호 참사 12주기 4월 연극제: 노란 빛 사람들, 세월호 참사 12주기 4월 연극제, 노란 빛 사람들: 당신에게 죽음의 온도는 몇 도 인가요?, 세월호 참사 11주기 4월 연극제, 늙은 소년들의 왕국 [안산]",(재) 416재단(4.16재단),복합,031-405-0416,https://416foundation.org/?gclid=EAIaIQobChMI7aT_-rqb-wIV54NLBR1pGQAKEAAYASAAEgLdg_D_BwE,AG012691
"양인모 X 김치앤칩스, 다미앵 잘레 X 코헤이 나와, 프리즘, 네덜란드 댄스 시어터 (NDT1) , 필름 스크리닝: 미스트",(재) GS문화재단,복합,02-2005-0101,,AG018391
경기인디뮤직페스티벌,(재) 경기도콘텐츠진흥원​,대중음악,,https://www.gcon.or.kr/gcon/main/main.do,AG016979
"세월호 참사 11주기 4월 연극제, 이어도 사나 [안산]",(재) 경기문화재단 경기도미술관,연극,,http://www.gmoma.or.kr,AG018763
"경기인디뮤직페스티벌 (INMUFE), 경기인디뮤직페스티벌 (INMUFE), 경기인디뮤직페스티벌 [화성]",(재) 경기콘텐츠진흥원,복합,033-623-8052,,AG019311
"풍류365, 달빛풍류 [울산], 풍류365, 달빛풍류 [울산], 갈매기 똥 [울산]",(재) 고래문화재단(장생포문화창고),연극,,https://www.uwcf.or.kr/jspculturedepot/index_main,AG020686
"안동, 공주 자매도시 교류음악회: 베토벤 합창 교향곡, 환희의 송가 [안동], 공주, 안동 자매도시 교류음악회: 환희의 송가 [공주], 공주, 안동 자매도시 교류음악회: 환희의 송가 [공주]",(재) 공주문화관광재단(공주문예회관),복합,041-852-0858,https://www.gongjuacc.or.kr/base/main/view,AG006021
"그날들 [광주], 어쩌면 해피엔딩 [광주], 어쩌면 해피엔딩 [광주]",(재) 광주CBS,뮤지컬,062-376-8700,https://gjcbs.co.kr/,AG018656
"제3회 구미 페스티발 오케스트라 정기연주회: Carmen suite, 제4회 춤사랑 무용제 [구미]",(재) 구미문화재단,복합,,,AG017530
"국립극단, 스카팽 [화성], 국립극단, 안트로폴리스 Ⅲ: 오이디푸스, 국립극단, 안트로폴리스 Ⅲ: 오이디푸스",(재) 국립극단,연극,00-1644-2003,http://www.ntck.or.kr,AG001456
"브런치클래식 Ⅵ. 가을 그 쓸쓸함에 대하여 [군포], 브런치클래식 Ⅵ. 가을 그 쓸쓸함에 대하여 [군포], 제257회 상상극장 정기공연: 돌멩이찌개 [군포]",(재) 군포문화재단,무용(서양/한국무용),031-943-0410,https://www.gunpocf.or.kr/,AG019096
"GUNPO MUSICAL STATION 59.9 (군포 뮤지컬 스테이션 59.9) : 한국뮤지컬 EP.4 확장, GUNPO MUSICAL STATION 59.9 (군포 뮤지컬 스테이션 59.9) : 한국뮤지컬 EP.4 확장, GUNPO MUSICAL STATION 59.9 (군포 뮤지컬 스테이션 59.9) : 한국뮤지컬 EP.3 완성",(재) 군포문화재단(군포문화예술회관),복합,031-390-3521,http://www.gunpoart.net/,AG004597
"저녁의음악회, 마스터즈 온 첼로 [김해] (12월), 저녁의음악회, 마스터즈 온 첼로 [김해] (12월), 한웅원밴드 X 유태평양: 그루브 in 판소리 [김해]",(재) 김해문화관광재단,서양음악(클래식),,https://www.ghct.or.kr/home/main,AG016751
"머메이드 점핑 피날레, 머메이드 점핑 피날레",(재) 나르샤재단,복합,,http://narshasf.kr/,AG021985
"남양주문화재단 마티네 콘서트 시리즈, 11시 클래식 수다 with 장일범 (11월), 남양주문화재단 마티네 콘서트 시리즈, 11시 클래식 수다 with 장일범 (11월), 남양주문화재단 마티네 콘서트 시리즈, 11시 클래식 수다 with 장일범 (11월)",(재) 남양주문화재단,복합,031-511-6950,https://www.nyjcf.or.kr/,AG020832
넥센그룹 강병중 회장 헌정음악회 [부산],(재) 넥센월석문화재단(NEXEN월석문화재단),복합,,http://www.nexencorp.com/new/kor/fam/nexenculture.php,AG020386
"그놈은 예뻤다 [대구], 그놈은 예뻤다 [대구], 그놈은 예뻤다 [대구]",(재) 대구광역시 동구문화재단(아양아트센터),복합,053-230-3307,https://www.dgdgcf.or.kr/,AG006040
"올리버 케른 피아노 리사이틀 Oliver Kern Piano Recital: Fantasies and Dances, 김채은 플루트 리사이틀 (Flutist Evelyn Chayeun Kim) : Dreams & Fantasies, 김채은 플루트 리사이틀 (Flutist Evelyn Chayeun Kim) : Dreams & Fantasies",(재) 도은,복합,,https://www.doeunfoundation.com/,AG020859
"리: 바운드 축제, 퓨전 심청전, 리: 바운드 축제, HIPULSE, 리: 바운드 축제, 봉천내사람들: 만두전성시대",(재) 동작문화재단,서커스/마술,,https://www.idfac.or.kr/,AG019480
"스페니쉬 브라스, 러 메탈스 초청 연주회 [강원 동해]",(재) 동해문화관광재단,서양음악(클래식),,http://dctf.or.kr,AG021095
"블러썸 청소년 음악제 본선경연, 블러썸 청소년 음악제 본선경연, LOVE FNC COUNTDOWN",(재) 러브에프엔씨(LOVE FNC),대중음악,02-515-5025,https://www.lovefnc.or.kr/,AG018053
"일본민주음악협회 교류공연, 한일교류 음악회",(재) 민주음악협회,한국음악(국악),,,AG015786
"국악그룹 뜨락, 송상현의 붉은충절 [부산], 국악그룹 뜨락, 송상현의 붉은충절 [부산], 솔리튜드 월 (SOLITUDE WALL) [부산]",(재) 부산진문화재단,대중무용,051-806-0016,http://www.bsjincf.or.kr/main.php,AG016905
"국악그룹 뜨락, 송상현의 붉은충절 [부산], 솔리튜드 월 (SOLITUDE WALL) [부산], 라틴재즈밴드 겟츠의 LATIN FIESTA [부산]",(재) 부산진문화재단(백양문화예술회관),복합,051-806-0016,https://byartscenter.or.kr/,AG022056
"카이로스댄스컴퍼니, 춤추는 카르멘 [진천], 왕들의 귀환, 대가들의 수다 [진천], 왕들의 귀환, 대가들의 수다 [진천]",(재) 생거진천문화재단,서양음악(클래식),,https://jinculture.or.kr/index.php,AG022120
"나의 이야기 극장, 청년 마음공감 극장, 우리는 사랑할 수 있을까",(재) 생명보험사회공헌재단,연극,,https://www.lif.or.kr/home/main.php,AG020452
"서울스프링페스티벌 원더쇼 (WONDER SHOW), 서울스프링페스티벌 원더쇼 (WONDER SHOW), 서울 스프링 페스타 WONDER SHOW",(재) 서울관광재단,복합,02-3788-0800,https://www.sto.or.kr/,AG018497
"노들노을스테이지 in 라이브하우스, 노들인디션 VOL.7 잭킹콩 단독공연: Peace of mind, 노들인디션 VOL.6 전자양 단독공연: 합주와 생활",(재) 서울문화재단(노들섬 복합문화공간),복합,02-749-4500,https://nodeul.org/,AG018528
"서울 커넥트 스테이지 ON, 연극, 서울 커넥트 스테이지 ON, 연극, 서울 커넥트 스테이지 ON, 무용",(재) 서울문화재단(청년예술청(SAPY)),복합,,https://www.sapy.kr/,AG022472
"서울시향 한누 린투의 프로코피예프: 로미오와 줄리엣, 서울시향 한누 린투의 프로코피예프: 로미오와 줄리엣, 서울시향 한누 린투의 프로코피예프: 로미오와 줄리엣",(재) 서울시립교향악단,서양음악(클래식),00-1588-1210,http://www.seoulphil.or.kr,AG000840
"어머니 손끝에서 피어나는 삶의소리: 苧産八邑 (저산팔읍) 길쌈놀이 [예산], 서천 무장애 향유주간 공연, 선물 같은 일주일, 서천 무장애 향유주간 공연, 선물 같은 일주일",(재) 서천문화관광재단,복합,041-957-9030,https://www.seocheonctf.or.kr/index.do,AG021150
"광복80주년 기념 공동기획, 안녕 간토 [제주], 안녕 간토",(재) 성프란치스코평화센터,서양음악(클래식),064-739-0951,http://www.stfpc.org/,AG019576
"더 드레서 [세종], 더 드레서 [세종], 디깅라이브세종, EP.23 우희준 [세종]",(재) 세종시문화관광재단(세종문화예술회관),서양음악(클래식),044-850-0599,http://www.sjcf.or.kr/,AG004681
"소리율 아카데미 콘서트, 제2회 소리율챔버앙상블 정기연주회",(재) 소리율(소리율챔버앙상블),서양음악(클래식),010-7416-7455,,AG014881
"라틴 키친 루나의 연말 재즈 콘서트: 크리스마스 멜로디 [수원], 라틴 키친 루나의 연말 재즈 콘서트: 크리스마스 멜로디 [수원], 김준수: 수궁 [수원]",(재) 수원문화재단(수원SK아트리움),복합,031-290-3600,http://www.swcf.or.kr/,AG004269
"순천문화재단 출범기념 송년음악회, 순천문화재단 출범기념 송년음악회",(재) 순천문화재단,복합,061-746-2900,http://www.cfsc.or.kr/,AG007651
개교122주년 신명 열린 음악회 및 제11회 윈드오케스트라 정기연주회,(재) 신명총동창회 장학회,서양음악(클래식),,,AG018110
"제6회 S Classic Week 4th: 사람의 조화, 제6회 S Classic Week, 1st. 악기의 조화: 편견 없는 선율, 신한음악상과 함께하는 S-Classic Week, Day1. Spring",(재) 신한금융희망재단,서양음악(클래식),,https://www.shinhanfoundation.or.kr/,AG019527
"유은서 피아노 리사이틀, C&M 콘서트시리즈 II: 최송하 바이올린 리사이틀, C&M 콘서트시리즈 II: 최송하 바이올린 리사이틀",(재) 씨앤엠문화재단,서양음악(클래식),,,AG018165
"요셉: 너를 향한 계획, 컨츄리 씨스터즈 [서울 동작], 마크 (Mark)",(재) 씨티에스문화재단(CTS문화재단),서양음악(클래식),02-6333-0120,http://www.ctscf.or.kr/,AG020503
이희문의 잡가잡담: 열흘한옥,(재) 아름지기,한국음악(국악),,https://arumjigi.org/,AG022001
충주본색: 국악ON쉼,(재) 아침편지문화재단,복합,043-723-2033,https://www.godowon.com/,AG019521
"신현필x고희안, 디어 모차르트 [안양], 신현필x고희안, 디어 모차르트 [안양], 조수미 세계무대 데뷔 40주년 기념 공연: Continuum [안양]",(재) 안양문화예술재단(안양아트센터),복합,031-687-0500,http://www.ayac.or.kr/main/main.asp,AG004191
서울 비르투오지 & 대전 MBC 청소년 오케스트라: 음악으로 이어지는 세대의 하모니,(재) 액트,서양음악(클래식),010-4327-1238,https://www.act-korea.org/,AG021863
"그놈은 예뻤다 [양구], 어린이를 위한 문화공연지원: 여름방학 문화여행을 떠나자! [양구], 모차르트의 마법 바이올린 [양구]",(재) 양구문화재단,뮤지컬,033-482-9612,http://www.ygcf.or.kr/#footerArea,AG017221
"환상공간 [양산], 환상공간 [양산], 에스메의 여름 [양산]",(재) 양산문화재단,복합,,,AG019330
"사물놀이 느닷, 양평 아리랑 [안산], 사물놀이 느닷, 양평 아리랑 [안산], 와그르르르 수궁가 [양평]",(재) 양평문화재단,복합,031-772-2610,https://ypcf.or.kr/,AG018573
"STAGE 100: 연극제, 모딧세이, STAGE 100: 연극제, 바쁜 사람들, STAGE 100: 연극제, 동물농장",(재) 엔씨문화재단 (NC문화재단 ),연극,,https://www.ncfoundation.or.kr/main,AG022094
하모나이즈의 해피홀릭콘서트 [여수],(재) 여수교육재단,복합,,,AG011094
"제10회 KBS교향악단과 함께하는 여수음악제, 폐막연주회: 열 번째 심포니, 계속될 선율, 제10회 KBS 교향악단과 함께하는 여수 음악제, 특별연주회 Ⅱ. 백윤학의 Cine-Fantasy, 제10회 KBS교향악단과 함께하는 여수음악제, 특별연주회 Ⅰ. 라포엠의 Love Rhapsody",(재) 여수음악제,서양음악(클래식),,,AG019430
"여주세종문화관광재단 기획공연: 숨, 세종의 뜻이 머무는 길 [여주], 여주세종문화관광재단 기획공연: 숨, 세종의 뜻이 머무는 길 [여주], 신경다양성·발달장애 어린이를 위한 참여형 무용 공연, 야호야호 Echoing Dance [여주]",(재) 여주세종문화관광재단,복합,031-881-9672,http://www.yjcf.or.kr/main/yjcf,AG005425
김경아의 피리세계: 金聲玉振 (금성옥진),(재) 여향한국전통음악연구소,한국음악(국악),,,AG021014
"물의 아이 [충북 영동], 물의 아이 [충북 영동], 물의 아이 [충북 영동]",(재) 영동군 문화관광재단,연극,,https://www.yd21.go.kr/ydft/,AG021157
"영등포아트홀 기획공연, 한글날 특집 콘서트: 주현미, 가요백년을 노래하다",(재) 영등포문화재단(영등포아트홀),복합,,https://www.instagram.com/ydparthall/,AG022288
"안녕 2026 [영암], 봄날의 곰 [영암]",(재) 영암문화관광재단,뮤지컬,061-471-9405,https://yacf.or.kr/index.cs,AG022500
설아 어디 가? [경북 영주],(재) 영주문화관광재단,연극,,http://www.yctf.or.kr/,AG016723
"완주 인형극 페스타, 이야기쏙! 이야기야, 완주 인형극 페스타, 어둑시니, 토장군을 찾아라! [완주]",(재) 완주문화관광재단 (구. 완주문화재단),복합,063-262-3955,https://wfac.or.kr/main/,AG018795
"자원봉사자 힐링콘서트: 당신 덕분에 빛나는 용인, 자원봉사자 힐링콘서트: 당신 덕분에 빛나는 용인",(재) 용인시자원봉사센터,복합,,https://www.yongin1365.or.kr/,AG020623
"제5회 Woon Kyung 유 Chamber Orchestra (운경유챔버오케스트라) 정기연주회: 봄의 세레나데, 제8회 운경 유 앙상블 정기연주회 [대구], 제4회 Woon Kyung 遊 Chamber Orchestra 정기연주회",(재) 운경재단,서양음악(클래식),,http://woonkyung.com/,AG011696
"에티와 동물들의 위대한 페레이드: 보고, 듣고, 함께 부르는 동물의 사육제, 에티와 동물들의 위대한 페레이드: 보고, 듣고, 함께 부르는 동물의 사육제",(재) 원불교 소태산홀,복합,02-815-3460,,AG021441
"원효, 화쟁의 춤 [대학로], 원효, 화쟁의 춤 [대학로]",(재) 원효불교문화연구재단,연극,,,AG018429
"샤로수길 클럽데이, 샤로수길 클럽데이, 제36회 유재하 음악경연대회, 전야제",(재) 유재하음악장학회,대중음악,,https://yjh.or.kr/,AG016214
박정희 대통령 & 육영수 여사 탄신 기념 음악회: 당신이 그리우면,(재) 육영재단,복합,02-2204-6111,,AG017703
"수험생과 함께하는 수고했담 콘서트 [경기 이천], 수험생과 함께하는 수고했담 콘서트 [경기 이천]",(재) 이천시청소년재단,대중음악,,,AG020648
"나무늘보 릴렉스 [인천], 나무늘보 릴렉스 [인천], 명랑 동화 뮤지컬, 삼양동화: 헨젤과 새엄마 & 거울을 깬 왕비 [인천]",(재) 인천문화재단 인천아트플랫폼,복합,032-760-1000,https://inartplatform.kr/,AG017377
"청라 브런치 콘서트, 이금희와 함께 하는 힐링브런치 콘서트: 늦가을의 영화 OST [인천], 제31회 서곶문화예술제, 소리와 춤이 있는 그곳! 서해구 [인천], 제31회 서곶문화예술제, 고도를 기다리며",(재) 인천서해구문화재단 (구. (재) 인천서구문화재단),복합,032-567-1160,http://www.iscf.kr/new/html/index/,AG006362
"재능 혜화 마티네, 재능 혜화 마티네, 재능 혜화 마티네",(재) 재능문화 (JEI 재능문화),복합,,http://jeicf.org/,AG006041
"전남동부극동방송 전속합창단 정기연주회 [여수], 전남동부극동방송 전속합창단 정기연주회 [여수]",(재) 전남동부극동방송,복합,,,AG018303
"제967회 전남도립국악단 토요가무악희 시즌3, 그린국악: 시리렁 실근, 제966회 전남도립국악단 토요가무악희 시즌3, 그린국악: 대한의 함성을 기억하다, 제965회 전남도립국악단 토요가무악희 시즌3, 그린국악: 흥과 멋의 어울림",(재) 전라남도문화관광재단(도립국악단),복합,061-285-6928,http://www.jpg.or.kr,AG000960
"노자와 베토벤 [무안], 6시 퇴근 [무안], 제967회 전남도립국악단 토요가무악희 시즌3, 그린국악: 시리렁 실근",(재) 전라남도문화재단,복합,061-280-5800,https://www.jncf.or.kr/,AG017220
"제3회 휘게 실내악 축제, 슈퍼거북 슈퍼토끼 [전주], 슈퍼거북 슈퍼토끼 [전주]",(재) 전북특별자치도 문화관광재단,연극,,https://www.jbct.or.kr/d_index.php,AG019435
"INCHEON MEETS JAZZ: 인천의 詩, 인천 콘서트 챔버가 노래하다, 켈로 [인천], 신데렐라의 모래이야기 [인천]",(재) 제물포문화재단 (구(재) 인천중구문화재단),복합,032-777-9113,,AG011485
"베이비박스 스토리, 봄날의 베이비박스 콘서트, 베이비박스 스토리, 봄날의 베이비박스 콘서트",(재) 주사랑공동체,서양음악(클래식),,https://www.godslove.or.kr/kor/html/main/,AG018222
"해설이 있는 11시 콘서트, 바이올리니스트 김동현 (12월), 해설이 있는 11시 콘서트, 바이올리니스트 김동현 (12월), 천안예술의전당 크리스마스 기념 공연: V.O.S & 최성수 [천안]",(재) 천안문화재단(천안예술의전당),복합,00-1566-0155,http://www.cnac.or.kr/,AG006034
"대한민국은 공연중, 국립심포니오케스트라: 라흐마니노프 & 베토벤",(재) 청와대재단,복합,,https://www.opencheongwadae.kr/,AG017096
"퓨전국악 프로젝트, 각인 [청주], 직지 찾아 터밟기 [무안]",(재) 청주시문화산업진흥재단,복합,043-219-1000,https://cjculture.org/,AG019680
대한민국 상생 K-POP 콘서트 WITH 춘천 세계태권도주니어선수권대회,(재) 춘천레저조직위원회,복합,033-250-4540,https://www.clt.or.kr/kr,AG017080
"사의 찬미 [춘천], 윌리엄과 윌리엄의 윌리엄들 [춘천]",(재) 춘천문화재단(춘천문화예술회관),복합,,https://cccf.or.kr/home/reservation/space/art_center,AG022560
"지브리 영화음악 콘서트: 지브리와 사랑에 빠지다 [칠곡], 지브리 영화음악 콘서트: 지브리와 사랑에 빠지다 [칠곡], 지브리 영화음악 콘서트: 지브리와 사랑에 빠지다 [칠곡]",(재) 칠곡문화관광재단,뮤지컬,,,AG021031
"니콜라이 루간스키 피아노 리사이틀 [통영], 니콜라이 루간스키 피아노 리사이틀 [통영], 통영국제음악재단 기획공연, 크리스틴 정현 리 & 파비올라 김 듀오 리사이틀 [통영]",(재) 통영국제음악재단,서양음악(클래식),055-650-0400,https://timf.org/kr/,AG006063
"이지훈과 함께하는 음악여행: 프랑스 & 독일 [파주], 안녕? 빨강머리 앤 [파주], 울림, 하나의 춤길 [파주]",(재) 파주문화재단,복합,031-950-8400,https://www.pajucf.or.kr/,AG018729
"국립무용단, 향연 [평택], 유니버설발레단, 호두까기인형 [평택], 손민수 피아노 리사이틀 [평택]",(재) 평택시문화재단(평택아트센터),복합,031-669-0813,https://www.pccf.or.kr/page.do?PAGE=sub02_01_p7,AG021146
"가을엔 포크 콘서트: 송창식×정미조×함춘호 밴드 [포천], 가을엔 포크 콘서트: 송창식×정미조×함춘호 밴드 [포천], 가을엔 포크 콘서트: 송창식×정미조×함춘호 밴드 [포천]",(재) 포천문화관광재단,대중음악,031-535-3600,https://www.pcfac.or.kr/,AG016953
"유니버설발레단, 호두까기인형 [창원 마산], 유니버설발레단, 잠자는 숲속의 미녀 [안동], 유니버설발레단, 잠자는 숲속의 미녀 [안동]",(재) 한국문화재단 유니버설발레단(구. (재) 효정한국문화재단),복합,070-7124-1762,http://www.littleangels.or.kr/,AG008401
희망 Dream NEXT Concert: STAGE,(재) 한국증권금융 꿈나눔재단,서양음악(클래식),,http://foundation.ksfc.co.kr/,AG022218
"동초향류: 이어지는 숨, 하나의 소리, 동초향류: 이어지는 숨, 하나의 소리",(재) 한국판소리문화재단,한국음악(국악),,,AG020867
"제1296회 서초금요음악회, 한미친선 음악회",(재) 한미동맹재단,복합,,https://kusaf.org/,AG022003
"제3회 호수문화제, 제3회 호수문화제",(재) 호수이영준문화재단,한국음악(국악),02-754-7040,https://www.xn--9p4bo5e15ak7bl74a.com/,AG019873
"겨울밤 추억만들기 콘서트 [홍천], 그래도 가족 [홍천], 그래도 가족 [홍천]",(재) 홍천문화재단,뮤지컬,,https://www.hccf.or.kr/Home/index,AG019112
"HAC Choice, 크리스마스 이브 콘서트: Winter Serenade [화성], Sac on Screen, 유니버설발레단: 라 바야데르 [화성] (영상화), 화성시 오케스트라 정기연주회, 마스터피스 시리즈 Ⅳ: 동화의 세계",(재) 화성시문화관광재단,복합,031-8015-8187,,AG018962
"HAC Choice, 크리스마스 이브 콘서트: Winter Serenade [화성], Sac on Screen, 유니버설발레단: 라 바야데르 [화성] (영상화), SAC ON SCREEN, 보컬 마스터 시리즈 Ⅲ. 베이스 바리톤 사무엘 윤 [화성] (영상화)",(재) 화성시문화관광재단(화성예술의전당),복합,,https://hac.hcf.or.kr/index.do,AG021749
"국립발레단, 해설이 있는 전막발레 해적 [강릉], 한국예술종합학교 전통예술원, 전통연희 & 전통무용 [강릉], K-컬처 페스티벌 [강릉]",(재)2024강원동계청소년올림픽대회 조직위원회,복합,,https://gangwon2024.org/,AG015293
"이탈리아 Euregio Klassika 내한공연, 콘서트오페라: 라보엠, 이탈리아 Euregio Klassika 내한공연, 콘서트오페라: 라보엠, 심포닉 하모니카 with 전제덕, 박종성, 밀레니엄심포니오케스트라",(재)CBS,복합,02-2650-7000,http://www.cbs.co.kr/,AG002831
"KBS교향악단 x 정명훈의 말러 교향곡 4번, KBS교향악단 x 정명훈의 말러 교향곡 4번, KBS교향악단 x 정명훈의 말러 교향곡 4번",(재)KBS교향악단,서양음악(클래식),02-6099-7400,http://www.kbssymphony.org/,AG002837
"제120회 강남심포니오케스트라 정기연주회, 제120회 강남심포니오케스트라 정기연주회, 리: 바운드 축제, RIVER STORIES: 금강",(재)강남문화재단,복합,02-6712-0533,https://www.gangnam.go.kr/office/gfac/main.do,AG002781
"강릉국제공연예술페스티벌 (GIPF) , 로스팅드림즈, 강릉국제공연예술페스티벌 (GIPF) , 리매치: 좀생이별빛 아래, 강릉국제공연예술페스티벌 (GIPF) , 해변의 건축가",(재)강릉문화재단,복합,033-647-6800,https://www.gncaf.or.kr/#top-menu-depth1,AG013456
"왕세자 실종사건, 왕세자 실종사건, 왕세자 실종사건",(재)강북문화재단,복합,02-994-8538,http://www.gbcf.or.kr/,AG006341
"까만 인절미 [춘천], 까만 인절미 [원주], 까만 인절미 [철원]",(재)강원도립극단,연극,033-255-0497,https://www.facebook.com/kwdlkd,AG004832
"대관령음악제 기획공연, 4色 콘서트: Super Brass Stars 슈퍼 브라스 스타즈 [춘천], 대관령음악제 기획공연, 4色 콘서트: Super Brass Stars 슈퍼 브라스 스타즈 [춘천], 제23회 평창 대관령 음악제, 4色 콘서트: 인다코 콰르텟 [강릉]",(재)강원문화재단,복합,033-249-5645,http://www.gwcf.or.kr/,AG006110
"모차르트 스페셜 콘서트 with 피아니스트 백건우 [거제], 두시 음악 살롱, 바로크의 정원 (11월), 두시 음악 살롱, 바로크의 정원 (11월)",(재)거제시문화예술재단,복합,055-680-1000,https://www.geojeart.or.kr/index.asp,AG005946
"오지게 재밌는 가시나들 [거창], 타악으로 바라본 오페라 [거창], 제36회 거창국제연극제, 걸리버 여행기: 줌 인 아웃 (08.08)",(재)거창문화재단,복합,055-940-8460,http://www.gccf.or.kr/,AG006064
"광화문 연가 [수원], 빨래 [수원], 빨래 [수원]",(재)경기아트센터,복합,031-230-3200,http://www.ggac.or.kr/,AG009048
"경기시나위오케스트라, 젊은 명인: Young Virtuoso [용인], 경기시나위오케스트라 기획공연, Bravo my life: 당신의 삶을 노래하다 [용인], 경기시나위오케스트라 기획공연, Bravo my life: 당신의 삶을 노래하다 [용인]",(재)경기아트센터(경기시나위오케스트라),한국음악(국악),031-289-6471,http://gugak.ggac.or.kr/,AG008667
"다시 돌아온 동춘서커스 [창녕], 인디안아존스 [김해], 구태진과 창녕의 별밤이야기 [창녕]",(재)경남문화예술진흥원,복합,055-213-8000,http://www.gcaf.or.kr/,AG008861
금호이웃사촌마을과 함께하는 브람스 콘서트,(재)경북테크노파크,복합,053-819-3000,https://www.gbtp.or.kr/,AG014938
"법에는 법, 내가 보는 악마 (Demon In My View)",(재)경원재단,연극,010-7293-1564,https://kyoungwon.org/,AG012485
"조희창의 토요 클래식 살롱 Ⅴ. 우리 시대의 슈베르티아데 [경주], 조희창의 토요 클래식 살롱 Ⅴ. 우리 시대의 슈베르티아데 [경주], 후지타 마오 피아노 리사이틀 [경주]",(재)경주문화재단,복합,00-1588-4925,http://www.garts.kr,AG004591
"더 스토리 오브 언더더씨 [고양], 장수탕 선녀님 [고양], 페인터즈 [고양]",(재)고양문화재단,복합,00-1577-7766,www.artgy.or.kr/,AG003325
"할머니의 여름휴가 [과천], 할머니의 여름휴가 [과천], 할머니의 여름휴가 [과천]",(재)과천문화재단,서양음악(클래식),02-2009-9700,http://www.gcart.or.kr/home/main/index.php,AG009565
"제23회 과천축제, 화양연화, 말하는 남생이 [과천]",(재)과천축제,복합,02-504-0938,http://www.gcfest.or.kr/,AG005167
"광명전통예술플랫폼 Vol.1 락 (樂) & 락 (ROCK) : 전傳하여 통通하다, 광명전통예술플랫폼 Vol.1 연희 & 스카: 니나노 판서트, 광명전통예술플랫폼 Vol.1 피리 & 댄스: 날좀보쑈!",(재)광명문화재단,복합,02-2621-8800,http://www.gmcf.or.kr/,AG005457
"로맨틱 하모니: Harmony of Two Nations [광주], 세종솔로이스츠와 이안 보스트리지의 일뤼미나시옹 [광주], 세종솔로이스츠와 이안 보스트리지의 일뤼미나시옹 [광주]",(재)광주문화재단,복합,062-670-7400,http://www.gjcf.or.kr/cf/index.do,AG005640
"불후의 명곡 브람스 [경기 광주], 사랑의묘약: 호텔아디나 [경기 광주], 사랑의묘약: 호텔아디나 [경기 광주]",(재)광주시문화재단 [경기광주],복합,,,AG009287
"나루아티스트와 함께하는 살롱음악회: 칸타빌레 앙상블 (9월), 나루아티스트와 함께하는 살롱음악회: 칸타빌레 앙상블 (9월), 제29회 서울세계무용축제, 열혈예술청년단: 바디 그라데이션",(재)광진문화재단,복합,02-2049-4700,http://www.naruart.or.kr/,AG004934
"리: 바운드 축제, OPERA in CHAMBER, 리: 바운드 축제, 우리아빠, 김솔아 콰르텟: Falling in Jazz (Guest 이진아)",(재)구로문화재단,복합,02-2029-1700,https://www.guroartsvalley.or.kr/mpage,AG004864
"신데렐라 [구리], 신데렐라 [구리], 신데렐라 [구리]",(재)구리문화재단(구리아트홀),복합,031-580-7900,https://www.guriart.or.kr/mainPage.do,AG003722
"세계 음악극 축제, 혜성컴퍼니: 백만사, 세계음악극축제, 판소리공장 바닥소리: 해녀탐정 홍설록, 세계 음악극 축제, 전남광주통합특별시립창극단: 희경루 방회도",(재)국립극장진흥재단,서양음악(클래식),02-2280-4114,http://www.ntok.go.kr/,AG002785
"조선 마법사관 진준, 조선 마법사관 진준, 소리: 성덕대왕신종",(재)국립박물관문화재단,복합,00-1544-5955,https://www.nmf.or.kr/user/sub/20181010122358212100_contents.do,AG002911
"국립발레단, 지젤, 국립발레단, 지젤, 국립발레단 Fly Higher with KNB, 해설이 있는 전막발레: 해적 [제주]",(재)국립발레단,무용(서양/한국무용),02-587-6181,http://www.korean-national-ballet.kr/ko,AG000696
"PLIE, PLIE, PLIE",(재)국립발레단 부설 발레아카데미,무용(서양/한국무용),02-587-6199,http://www.korean-national-ballet.kr/ko/academy/intro,AG004353
"국립오페라단 정기공연, 돈 카를로스, 국립오페라단 정기공연, 돈 카를로스, 국립오페라단 정기공연, 돈 카를로스",(재)국립오페라단,서양음악(클래식),02-580-3500,http://www.nationalopera.org/,AG001453
"섬: 1933~2019, 섬: 1933~2019, 창작ing, 돌쇠전",(재)국립정동극장,뮤지컬,02-751-1500,https://www.jeongdong.or.kr/portal/main/main.do,AG002862
"제210회 국립합창단 정기연주회: 헨델 메시아, 제210회 국립합창단 정기연주회: 헨델 메시아, 국립합창단 청년교육단원 결과보고회: Fermata: 음악이 머무는 자리",(재)국립합창단,서양음악(클래식),02-587-8111,http://www.nationalchorus.or.kr,AG001454
"국립현대무용단, 코레오 커넥션: 서울, 국립현대무용단, 코레오 커넥션: 서울, 트리플 빌 [부산]",(재)국립현대무용단,무용(서양/한국무용),02-3472-1420,http://kncdc.kr/,AG001458
"제20회 21c한국음악프로젝트: 국악창작곡개발, 국악방송 개국 25주년 공개음악회: CHANGE UP (변화), 서울어텀페스타, 길: The way",(재)국악방송,한국음악(국악),02-300-9990,http://www.gugakfm.co.kr/gugak_web/main/,AG003692
"제257회 상상극장 정기공연: 돌멩이찌개 [군포], 제257회 상상극장 정기공연: 돌멩이찌개 [군포], 아인슈타인의 환경 여행 [군포]",(재)군포문화재단 (군포시평생학습원),복합,031-390-3050,https://www.gunpocf.or.kr/happy,AG006086
규랑예술제,(재)규랑문화예술재단,무용(서양/한국무용),070-7860-8308,,AG004120
"금천라이브 플러스, 금천라이브 플러스, 금천라이브 플러스",(재)금천문화재단,복합,02-809-8240,http://gcfac.or.kr/,AG005483
"함께 한 여정 함께 할 미래, 캄보디아 하비에르 학교 건립을 위한 자선음악회",(재)기쁨나눔재단,서양음악(클래식),02-6956-0008,https://www.gpnanum.or.kr/,AG004246
"키즈 마티네 콘서트 [김포], 키즈 마티네 콘서트 [김포], 키즈 마티네 콘서트 [김포]",(재)김포문화재단,복합,031-999-3927,https://www.gcf.or.kr/main/?load_popup=1,AG004796
"저녁의음악회, 마스터즈 온 첼로 [김해] (12월), 한웅원밴드 X 유태평양: 그루브 in 판소리 [김해], 한웅원밴드 X 유태평양: 그루브 in 판소리 [김해]",(재)김해문화재단 김해문화의전당,복합,055-320-1234,https://www.gasc.or.kr/index.do,AG004298
"다시, 봄: 아지매들의 이야기 [김해], 긴긴밤 [김해], 긴긴밤 [김해]",(재)김해문화재단(김해서부문화센터),복합,055-344-1800,https://wgcc.ghct.or.kr/,AG006008
음악이 꽃피는 한옥,(재)내셔널트러스트 문화유산기금,서양음악(클래식),02-3675-3401,http://nt-heritage.org/nt/main.asp,AG005531
"ORIGIN ALIVE 053, 무등호락 062, 네이버 온스테이지, 장풍파랑 051",(재)네이버문화재단,복합,031-600-3282,https://www.naverfoundation.org/,AG006715
"방과후 공연놀이터, 방과후 공연놀이터, 방과후 공연놀이터",(재)노원문화재단(노원문화예술회관),복합,02-2289-3400,https://nowonarts.kr/,AG005007
"DSAC 아트 페스티벌, 달서 춤 향연: 무 (儛) , 삶을 잇고 가을을 물들이다, DSAC 아트 페스티벌, 달서 춤 향연: 무 (儛) , 삶을 잇고 가을을 물들이다, DSAC 아트 페스티벌, 달서 춤 향연: 무 (儛) , 삶을 잇고 가을을 물들이다","(재)달서문화재단 (웃는얼굴아트센터, 달서아트센터)",복합,053-584-8715,http://www.dscf.or.kr/pages/main/,AG004731
"​DSAC 브랜드 콘서트, Playlist: Untitled 시즌Ⅲ, 여름 [대구], ​DSAC 브랜드 콘서트, Playlist: Untitled 시즌Ⅲ, 여름 [대구]",(재)달서문화재단 달서가족문화센터,복합,,,AG015482
"베이스 연광철, 겨울나그네 [당진], 브라소닛 빅밴드와 앰비규어스댄스컴퍼니, Body & Voice [당진], 신경다양성, 발달장애 어린이를 위한 참여형 무용공연: 야호야호 Echoing Dance [당진]",(재)당진문화재단,복합,041-350-2911,http://www.dangjinart.kr/,AG006072
"오즈의 마법사 [파주], 대교어린이 TV코러스코리아",(재)대교문화재단,서양음악(클래식),02-829-0202,http://www.dkculture.org/ko/main.aspx,AG003658
"봉산문화회관 장기공연시리즈 Ⅰ. 라이어 3탄 [대구], 라이어 2탄 [대구], 라이어 1탄 [대구]",(재)대구광역시 중구 도심재생문화재단,복합,053-219-4211,https://djdrcf.or.kr/,AG015481
"김윤경의 해설이 있는 소소한 클래식 [대구], 김윤경의 해설이 있는 소소한 클래식 [대구], 대구청년클래식음악제, 스페셜 콘서트: 청년 슈베르트를 만나다",(재)대구문화재단,복합,053-430-1200,http://www.dgfc.or.kr/,AG007671
다함께 부르는 유란의 노래,(재)대구여자고등학교 총동창회장학회,서양음악(클래식),,,AG013701
"제23회 대구국제오페라축제, 미인 [대구], 제23회 대구국제오페라축제, 미인 [대구], 제23회 대구국제오페라축제, 미인 [대구]",(재)대구오페라하우스,복합,053-666-6000,www.daeguoperahouse.org,AG003484
"동초제 판소리 춘향가 8시간 완창, 동초제 판소리 춘향가 8시간 완창, 대전국제기타페스티벌, 앙드레 로드리게스 & 로드리고 시모스 / 조앙 카마레로 / 파비우 자논",(재)대전문화재단,복합,042-480-1000,https://dcaf.or.kr/web/index.do,AG007500
"W필하모닉오케스트라, 가을의 노래, W필하모닉오케스트라, 가을의 노래, W필하모닉오케스트라, 가을의 노래",(재)더블유필하모닉오케스트라,서양음악(클래식),,,AG009115
"To Know, To Love: Harmony, Hear it, Feel it, Live it, To Know, To Love, To Know, To Love",(재)덕영재단,서양음악(클래식),02-597-0546,http://www.dukyoung.org/,AG003055
OPCD STAGE,(재)도봉문화재단,무용(서양/한국무용),02-908-2900,http://www.dbfac.or.kr/front/main.do,AG008069
"동대문문화재단 기획공연, 와인et멜로디, 브런치 콘서트 아트리움: 국립예술단체 영아티스트 시리즈, 국립국악관현악단 청년교육단원, 브런치 콘서트 아트리움: 국립예술단체 영아티스트 시리즈, 국립국악관현악단 청년교육단원",(재)동대문문화재단,복합,02-3295-5567,https://www.ddmac.or.kr/,AG016113
"제44회 대구국제성악콩쿠르 결선 연주회, 제43회 대구국제성악콩쿠르 결선, 제42회 대구국제성악콩쿠르 본선 연주회",(재)동일문화장학재단,서양음악(클래식),053-756-1201,http://dongilsf.or.kr/,AG012299
"스타우즈 시리즈: 안녕, 나의 별님에게, 스타우즈 시리즈: 안녕, 나의 별님에게, 한-러 청소년 오케스트라 연주회",(재)렛츠런재단,복합,02-2199-9999,http://www.lrf.or.kr/index.do;jsessionid=DB417452778BE1D1924354BD479568D7,AG006906
"제8회 롯데장학재단과 함께하는 청춘열전 출사표 결선 경연, 제8회 롯데장학재단과 함께하는 청춘열전 출사표 결선 경연, 제7회 롯데장학재단과 함께하는 청춘열전 출사표 결선 경연",(재)롯데장학재단,복합,02-776-6723,https://www.lottefoundation.or.kr/introScholarsHope.do,AG008074
"MAC 모닝 콘서트 #10, MAC 모닝 콘서트 #10, MAC 모닝 콘서트 #10",(재)마포문화재단(마포아트센터),복합,02-3274-8500,http://www.mapoartcenter.or.kr/mapoArt/f/jsp/,AG003286
"마포인재육성장학재단 10주년 기념 마포윈드오케스트라 초청 음악회, 신춘음악회 [서울 마포]",(재)마포인재육성장학재단,복합,02-3153-6361,http://www.mapojh.or.kr/,AG013048
"이-음 콘서트, 찾아가는 오페라갈라콘서트, 이-음 콘서트, 최범석 & 채희정 듀오, 이-음 콘서트, 시엘앙상블",(재)명경문화재단,서양음악(클래식),051-702-1300,http://mkfc.or.kr/,AG014958
"GMC Chamber Series, 바이올린 리아 강 [부산], 바그너 프로젝트 Ⅱ: 발퀴레 2막 [부산], 바그너 프로젝트 Ⅱ: 발퀴레 2막 [부산]",(재)문화재단1963,서양음악(클래식),051-756-1963,http://www.f1963.com/ko/?c=about&s=1,AG005378
"박범훈류피리산조연주회 정기공연, 회향",(재)뭇소리,한국음악(국악),,,AG014692
"다시, 봄: 아지매들의 이야기 [김해], 다시, 봄: 아지매들의 이야기 [밀양], 다시, 봄: 아지매들의 이야기 [밀양]",(재)밀양문화관광재단,연극,,,AG016151
"박정희 대통령 & 육영수 여사 탄신 기념 음악회: 당신이 그리우면, 제1회 박정희대통령 탄신기념, 한국 가곡의 밤",(재)박정희대통령기념재단,연예,02-716-9345,https://www.presidentparkchunghee.org/index.php,AG014183
"제11회 여수에코국제음악제, 여수영재교육원오케스트라, 제11회 여수에코국제음악제, 여수영재교육원오케스트라, 제11회 여수에코국제음악제: 신세계 (新世啓) 음악너머, 감각을 열다",(재)범민문화재단,복합,061-666-3139,http://www.bmcf.kr/,AG005589
"부천아트센터와 벽산문화재단이 함께하는 The Next Classic, 벽산문화재단과 함께하는 The 넥스트 클래식 [성남], 이천문화재단과 벽산문화재단이 함께하는 The 넥스트 클래식",(재)벽산문화재단,서양음악(클래식),02-3775-4001,https://www.bsfoundation.org/,AG014064
"부산국제공연예술마켓 (BPAM) , 당클매다: 신이 머문 자리, 부산국제공연예술마켓 (BPAM) , 나를 잊지 말아요, 부산국제공연예술마켓 (BPAM) 개막작: 쿼드, 연극의 질문들: The sound of Macbeth",(재)부산문화재단,복합,051-744-7707,https://www.bscf.or.kr/,AG006384
"제야음악회 [부산], 리처드 용재오닐, 선물: Bach Society [부산], 리처드 용재오닐, 선물: Bach Society [부산]",(재)부산문화회관,복합,051-607-6000,http://www.bscc.or.kr/main/,AG003929
"패밀리 매직쇼 [부천], 부천문화재단 어린이공연, 덩덕쿵별쿵 어린왕자, 부천문화재단 어린이공연, 덩덕쿵별쿵 어린왕자",(재)부천문화재단,복합,032-320-6300,http://www.bcf.or.kr/,AG003646
"BAC 초이스, 물의 소리 [부천], BAC 초이스, 물의 소리 [부천], BAC 초이스, 물의 소리 [부천]",(재)부천아트센터,복합,00-1533-0202,https://www.bac.or.kr/Home/ko/Main,AG013177
전태일: 네 이름은 무엇이냐 [서울 종로],(재)사람사는세상노무현재단,복합,02-713-1219,https://www.knowhow.or.kr/,AG014255
"주현미, 가요백년을 노래하다 [사천], 토끼, 날다! [사천], 토끼, 날다! [사천]",(재)사천문화재단,복합,055-835-6492,http://www.sccf.or.kr/main/main.php,AG006141
"명가의 초대, 강허달림 콘서트, 명가의 초대, 신촌블루스 콘서트: 40+1 여름, 명가의 초대, 딕훼밀리 콘서트",(재)삼익문화재단,복합,02-542-0893,http://www.samickcf.co.kr/,AG007180
"제4회 서암음악회, 풍류: 바람의 기록 [광주], 제3회 서암 작은 음악회: 이봉근, 소리사유",(재)서암문화재단,한국음악(국악),,,AG016269
"제22회 마니피캇 어린이 합창단 정기연주회, 제22회 마니피캇 어린이 합창단 정기연주회",(재)서울가톨릭청소년회,복합,02-727-2095,http://www.eduseoul.or.kr/introduce/map.asp,AG007281
"OK LIVE CONCERT (OK 라이브 콘서트) : 아름다운 동행, OK LIVE CONCERT (OK 라이브 콘서트) : 아름다운 동행, 서울콘 X WORLD K-POP FESTIVAL: COUNTDOWN",(재)서울경제진흥원,복합,,,AG015188
"제132회 서울모테트합창단 정기연주회, 제132회 서울모테트합창단 정기연주회, 제132회 서울모테트합창단 정기연주회",(재)서울모테트음악재단,서양음악(클래식),02-579-7295,http://www.seoulmotet.com/,AG003917
"쿼드, 연극의 질문들: 김우옥, 혁명의 춤, 쿼드, 연극의 질문들: 김우옥, 혁명의 춤, 벚꽃동산 [대학로]",(재)서울문화재단,연극,02-3290-7000,http://www.sfac.or.kr/,AG002840
연평,(재)서울시복지재단,연극,,http://www.welfare.seoul.kr,AG016451
"청사초롱 불 밝혀라, 청사초롱 불 밝혀라, 청사초롱 불 밝혀라",(재)서울예술단,뮤지컬,02-523-0984,http://www.spac.or.kr,AG001455
동물원 이야기,(재)서울예술실용전문학교,복합,02-379-0007,http://www.sart.ac.kr/new/main,AG007011
"고음악 오디세이, 음악의 언어: 극장 (Theatrum), 고음악 오디세이, 음악의 언어: 극장 (Theatrum), 서리풀 고음악 시리즈, 바로크 노엘",(재)서초문화재단,복합,02-3477-2461,https://www.seochocf.or.kr/site/main/home,AG006068
"크리스마스 발레, 호두까기 인형 [성남], 크리스마스 발레, 호두까기 인형 [성남], 성남아트센터 마티네 콘서트: 독일, 음악의 숲",(재)성남문화재단,복합,031-783-8000,http://www.snart.or.kr/main/main,AG004593
"톡톡 클래식 시리즈, 사랑에 빠지다 Fall in Love: 가을과 사랑에 빠진 클래식, 톡톡 클래식 시리즈, 사랑에 빠지다 Fall in Love: 쇼팽과 사랑에 빠진 지브리, 톡톡 클래식 시리즈, 사랑에 빠지다 Fall in Love: 쇼팽과 사랑에 빠진 지브리",(재)성동문화재단,복합,02-2204-7500,https://www.sdfac.or.kr/main/index.html,AG005502
"브런치콘서트 11시11분, 글래스고 장미: 찰스 레니 매킨토시 & 마가렛 맥도널드, 브런치콘서트 11시11분, 글래스고 장미: 찰스 레니 매킨토시 & 마가렛 맥도널드, 노인 박멸",(재)성북문화재단,복합,02-2038-4901,https://www.sbculture.or.kr/culture/index.jsp,AG006616
"성정문화재단 창립 45주년 기념 음악회, 성정문화재단 창립 45주년 기념 음악회, 제13회 성정콘서트",(재)성정문화재단,서양음악(클래식),031-257-4500,http://www.sungjung.org/,AG004447
"청소년 콘캉스 [문경], 다시 이육사를 부르다 [안동], 다시 이육사를 부르다 [안동]",(재)세계유교문화재단,복합,054-851-7182,https://www.worldcf.co.kr:511/coding/main.asp,AG008165
"제18회 세일 한국가곡 콩쿠르 본선 연주회, 제17회 세일 한국가곡의 밤, 제17회 세일 한국가곡의 밤",(재)세일음악문화재단,서양음악(클래식),02-555-4713,http://www.seilmcf.org/,AG003159
"서울시뮤지컬단, 크리스마스 캐럴, 서울시뮤지컬단, 크리스마스 캐럴, 서울시오페라단, 오페라 갈라",(재)세종문화회관,복합,02-399-1000,https://www.sejongpac.or.kr/portal/main/main.do,AG003950
"꿈의숲 마티네 콘서트, 벨 에포크 아트 & 뮤직시리즈4: 샤갈, 영혼을 물들인 사랑의 색채, 꿈의숲 마티네 콘서트, 벨 에포크 아트 & 뮤직시리즈4: 샤갈, 영혼을 물들인 사랑의 색채, 꿈의숲 마티네 콘서트, 벨 에포크 아트 & 뮤직시리즈3: 모네, 빛이 머무는 정원",(재)세종문화회관 꿈의숲아트센터,복합,02-2289-5401,https://www.dfac.or.kr/main/main.asp,AG003728
"삼청각 수요상설공연, 三淸: 삼청, 삼청각 수요상설공연, 三淸: 삼청, 삼청각 수요상설공연, 三淸: 삼청",(재)세종문화회관 삼청각,한국음악(국악),02-765-3700,http://www.samcheonggak.or.kr/index.asp,AG003540
"한국즉흥음악축제, 메인 콘서트 Ⅱ (2.29), 한국즉흥음악축제, 메인 콘서트 Ⅰ (2.28), 한국즉흥음악축제, 나이트 콘서트 Ⅰ (2.28)",(재)세종문화회관 서울돈화문국악당,한국음악(국악),02-3210-7001,http://sdtt.or.kr/user/,AG005096
"세향국악앙상블 창단 연주회, 세향국악앙상블 창단 연주회, 세향국악앙상블 창단 연주회",(재)세향국악오케스트라,한국음악(국악),,,AG011406
"패스 [부산], 패스 [정선], 패스 [속초]",(재)속초문화관광재단,복합,033-636-0664,http://sokchocf.or.kr/sokchocf,AG009952
"수림뉴웨이브, 이준형: 길굿, 수림뉴웨이브, 이준형: 길굿, 수림뉴웨이브, 이준형: 길굿",(재)수림문화재단,복합,02-962-7911,http://www.surimcf.or.kr/index.html,AG007026
"수림 뉴 웨이브, 김효영: 비껴선 시선, 수림 뉴 웨이브, 김효영: 비껴선 시선, 수림 뉴 웨이브, 김효영: 비껴선 시선",(재)수림문화재단(김희수아트센터),복합,,,AG016628
"수성르네상스 프로젝트, 젊은 예술가 리사이틀 Ⅷ. 베이시스트 이기욱 리사이틀 [대구], 수성르네상스 프로젝트, 젊은 예술가 리사이틀 Ⅷ. 베이시스트 이기욱 리사이틀 [대구], 수성르네상스 프로젝트, 젊은 예술가 리사이틀 Ⅷ. 베이시스트 이기욱 리사이틀 [대구]",(재)수성문화재단 수성아트피아,복합,053-668-1800,http://www.ssartpia.kr/,AG003328
"플레르 트리오 콘서트, 서명현 피아노 독주회, 오은애 가야금 독주회",(재)순복음선교회,서양음악(클래식),02-780-1922,,AG005035
"K-가곡 월드스타 콘서트 [아산], K-가곡 월드스타 콘서트 [아산], 치카치카 호랑이 [아산]",(재)아산문화재단,복합,041-540-2550,http://culture.asan.go.kr/_culture/new/,AG006791
"아레테 콰르텟 바르톡 현악사중주 전곡연주1, 아스틴 퀸텟 정기연주회, 벤투스 브라스 퀸텟, The First",(재)아트실비아,서양음악(클래식),02-540-3285,http://www.artsylvia.org/,AG007956
"안산시립국악단 기획연주회: 목요보노음악회 [안산], 안산시립국악단 기획연주회: 목요보노음악회 [안산], 안산시립국악단 기획연주회: 목요보노음악회 [안산]",(재)안산문화재단(안산문화예술의전당),뮤지컬,031-481-4000,https://www.ansanart.com/index.do,AG008769
"동아시아 평화공감 콘서트 [안성], 에일리 전국투어 콘서트: SHOW TOK [안성], 에일리 전국투어 콘서트: SHOW TOK [안성]",(재)안성문화재단,복합,,,AG009221
"한국가곡의 밤, 나의 조국 나의 노래",(재)안익태기념재단,서양음악(클래식),02-821-8494,http://ahneaktai.or.kr/,AG004345
"띠띠~씽! 12동물! [양양], 국립오페라단, 잔니 스키키 [양양], 반쪽이의 대모험 [양양]",(재)양양문화재단,복합,,https://www.yycf.or.kr/contents/performances_and_events_detail.html?idx=107,AG013596
"월간뮤지크, 김용준 X 이진성, 월간뮤지크, 김용준 X 이진성, 월간뮤지크, 김용준 X 이진성",(재)양천문화재단,복합,02-6289-3000,https://yfac.kr/,AG007046
"반짝반짝 페리오 [의령], 반짝반짝 페리오 [의령], 반짝반짝 페리오",(재)어린이공연문화재단 행복한아이,복합,02-585-4772,http://www.happychildren.kr/2015/,AG009240
"꿈의 댄스팀 연수, 호두까기 인형, 꿈의 댄스팀 연수, 호두까기 인형, #플레잉연수: 옥상달빛X윤딴딴",(재)연수문화재단,복합,032-822-1000,http://www.ysfac.or.kr/user/index.php,AG010702
"꽃잠: 별별수다 [예주], 슈퍼거북 슈퍼토끼 [영덕], 빨래 [영덕]",(재)영덕문화관광재단,복합,054-734-8030,http://ydct.org/ydct/main.do,AG009310
"영등포아트홀 기획공연, The Earth: us, 영등포아트홀 기획공연, The Earth: us, 영등포아트홀 기획공연, 도란도란 클래식 시즌2. 베토벤",(재)영등포문화재단,복합,02-2670-4020,https://www.ydpcf.or.kr/,AG003650
"띠띠~씽! 12동물: 하늘문 너머 [영월], 1457, 소년 잠들다 [영월], 1457, 소년 잠들다 [영월]",(재)영월문화관광재단,복합,033-375-6353,http://www.ywcf.or.kr/,AG013612
"영화의전당 BCC 시네라이브, 11시 영화음악콘서트: 합창으로 듣는 영화음악 [부산] (11월), 영화의전당 BCC 시네라이브, 11시 영화음악콘서트: 합창으로 듣는 영화음악 [부산] (11월), 다시, 봄: 아지매들의 이야기 [김해]",(재)영화의전당,복합,051-780-6000,http://www.dureraum.org/bcc/main/main.do?rbsIdx=1,AG003514
"실험실 콘서트 [대전], 더 드레서 [세종], 마리 퀴리 [포항]",(재)예술경영지원센터,복합,02-708-2244,http://www.gokams.or.kr/main/main.aspx,AG004439
"3DIVA 콘서트 [예천], 앨리스 인 완다랜드 [예천], 페인터즈 [예천]",(재)예천문화관광재단,복합,054-650-6037,https://yctf.kr/,AG016984
"민들레 피리 [오산], 민들레 피리 [오산], 발렌티나 이고시나 내한공연 [오산]",(재)오산문화재단,복합,031-379-9900,https://osan.go.kr/arts/main.do,AG004804
"키즈인비또 스페셜, 클래식 어드벤처: 음악 왕국으로 떠나는 대모험! [용인], 키즈인비또 스페셜, 클래식 어드벤처: 음악 왕국으로 떠나는 대모험! [용인], 윤별 발레 컴퍼니, 그랜드 갈라 [용인]",(재)용인문화재단,복합,031-260-3300,https://www.yicf.or.kr/main/mainPage.do,AG004589
"용인시립청소년오케스트라 & 용인시립소년소녀합창단 합동 정기연주회 [용인], 용인시립합창단 기획공연, Verdi Requiem, 용인시립합창단 기획공연, 아카펠라 & 재즈",(재)용인문화재단(용인시립합창단),서양음악(클래식),031-260-3300,https://www.yicf.or.kr/arts/PageLink.do?menuNo=030000&subMenuNo=030100&link=forward:/PageContent.do,AG007381
"썬더, 봄밤 [서울 성동], 봄밤 [서울 성동]",(재)우란문화재단,복합,02-465-1418,http://www.wooranfdn.org,AG004990
"해설이 있는 판소리 다섯바탕, 김송의 미산제 수궁가 [전주], 해설이 있는 판소리 다섯바탕, 김송의 미산제 수궁가 [전주], 해설이 있는 판소리 다섯바탕, 김송의 미산제 수궁가 [전주]",(재)우진문화재단,복합,063-272-7223,www.woojin.or.kr,AG003494
"EHWAJANG 326 ARTSTREET BORN SS CONCERT, Stage concert",(재)우호문화재단,복합,02-2008-0002,http://www.wooho.or.kr/,AG015694
"낮은 칼바람 [울산], 구석구석 문화배달, 울산! 혁신도시와 전통의 만남, 울산사람들과 함께하는 한여름 밤의 꿈",(재)울산문화재단,복합,052-259-7906,https://uacf.or.kr/,AG010356
"해설이 있는 음악회 서.클.스, 하모니카로 쓴 편지 (10월), 해설이 있는 음악회 서.클.스, 하모니카로 쓴 편지 (10월), 신명나는 울주 어울림 한마당 [울산]",(재)울주문화재단,한국음악(국악),,,AG009179
"제31회 전국원음합창제, 다 같이 다 함께 [안산]",(재)원불교 경기인천교구,서양음악(클래식),,,AG014432
"까만 인절미 [원주], 까만 인절미 [원주], 백건우와 슈베르트 [원주]",(재)원주문화재단,복합,033-763-9114,http://www.wcf.or.kr/,AG004119
"제41회 월하문화재단 정기연주회: 청석령 지나거다, 제31회 전국신인정가악발표회, 선가 김월하 선생 30주기 추모음악회: 학이 머물던 자리",(재)월하문화재단,한국음악(국악),02-764-1778,http://www.wolha.or.kr/,AG005338
"제62회 유나이티드 필하모닉 오케스트라와 함께하는 가족음악회: Great Korea, 유나이티드와 함께하는 해운대구 가족 음악회, 제60회 유나이티드필하모닉 오케스트라와 함께하는 크리스마스 칸타타: Glory Glory Korea [천안]",(재)유나이티드문화재단,서양음악(클래식),02-553-0377,https://www.kupfac.co.kr,AG002782
"오네긴, 스페셜 갈라, 호두까기 인형 [광진]",(재)유니버설문화재단,무용(서양/한국무용),070-7124-1720,http://www.ucfkorea.com/,AG000691
"천상의 수다쟁이들, 배우 정영주 x 유엔젤보이스의 봄날 이야기 [성남], 유엔젤보이스 발렌타인콘서트, Love Letter, 유엔젤보이스 발렌타인콘서트, Love Letter",(재)유엔젤보이스,서양음악(클래식),031-717-8575,uangelvoice.com,AG002618
"은평 에브리바디 페스티벌 (EEBF) , 앰비규어스댄스컴퍼니: 더 벨트 (The belt), 은평 에브리바디 페스티벌 (EEBF) , 앰비규어스댄스컴퍼니: 더 벨트 (The belt), 은평 에브리바디 페스티벌 (EEBF) , 와이즈발레단: 지젤 GISELLE",(재)은평문화재단,복합,02-351-3736,https://www.efac.or.kr/main.php,AG006007
"3DIVA CONCERT [의정부], 3DIVA CONCERT [의정부], 불편한 편의점 [의정부]",(재)의정부문화재단 (의정부예술의전당),복합,031-828-5841,https://www.uac.or.kr/newuac/introduce/introduce_03.php,AG006055
"수호천사 뮤직콘서트, 수호천사 뮤직콘서트, 수호천사 [대학로]",(재)이담문화예술재단,한국음악(국악),,https://www.leedam.org/,AG015468
월드 클래스 스타 초청 음악회,(재)이대웅음악장학회,서양음악(클래식),02-2071-5888,http://charmvit.co.kr/concours/,AG014650
"우리춤몸짓전Ⅱ, 큰 나무 이야기 [수원], 이애주춤 법열곡 31주년: 승무, 마음 하나에 펼쳐진 우주 [수원], 이애주춤 법열곡 30주년, 법열곡: 마음 하나에 펼쳐진 우주",(재)이애주문화재단,무용(서양/한국무용),,,AG011628
"장수탕 선녀님 [인제], 장수탕 선녀님 [인제], 광화문 그 사내 [인제]",(재)인제군문화재단,서양음악(클래식),033-460-8900,http://www.injeart.or.kr/index.php,AG004632
"호두까기 인형 [인천], 호두까기 인형 [인천], 이희문 프로젝트: 오방신과 [인천]",(재)인천광역시 부평구문화재단(부평아트센터),연극,032-500-2000,http://www.bpcf.or.kr/,AG004438
"트라이보울 시리즈, 백연 발레프로젝트와이: MELTING 멜팅 [인천], 트라이보울 시리즈: 99 아트컴퍼니의 제, 타오르는 삶 [인천], 트라이보울 시리즈: 99 아트컴퍼니의 제, 타오르는 삶 [인천]",(재)인천문화재단,복합,032-455-7100,http://www.ifac.or.kr/,AG006902
"조선셰프 한상궁 [전주], 7월의 시네마 뮤직 콘서트 [김제], 제54회 비르투오조 정기연주회: Virtuoso, 협주곡의 걸작을 만나다 [전주]",(재)전라북도문화관광재단,연극,063-230-7400,https://www.jbct.or.kr/d_index.php,AG016247
"댄서스 잡 콘서트 [달오름극장], 댄서스 잡 콘서트 [해오름극장], 댄스 하이라이트 페스타 [부산]",(재)전문무용수지원센터,무용(서양/한국무용),02-720-6202,http://www.dcdcenter.or.kr/,AG003065
"(재) 전주문화재단 전주한벽문화관 우수작품시리즈 Ⅴ. 카운터테너 이동규 [전주], (재) 전주문화재단 전주한벽문화관 우수작품시리즈 Ⅴ. 카운터테너 이동규 [전주], (재) 전주문화재단 전주한벽문화관 우수작품시리즈 Ⅴ. 카운터테너 이동규 [전주]",(재)전주문화재단,복합,063-211-9275,http://www.jjcf.or.kr/,AG007467
"별주부가 떴다! [전주], 진짜 진짜 옹고집, 진짜 진짜 옹고집",(재)전주문화재단 한옥마을상설공연단,한국음악(국악),063-283-9225,,AG004347
"트리거: 小CIETY [제천], 전국 풍류자랑: 당골포차 [부산], 남동문화재단 N-Pick, 전국풍류자랑: 타악판타지 통 [인천]",(재)전통공연예술진흥재단,한국음악(국악),,https://www.kotpa.org/ucms/main/indexmain.do,AG016970
"정선아리랑 토요상설공연: 뗏꾼, 정선아리랑 토요상설공연: 뗏꾼, 아리아라리 [정선]",(재)정선아리랑문화재단,복합,033-560-3000,http://www.jacf.or.kr/,AG006252
"제3차 세계한민족공연예술축제, 최영진의 장단 10년의 장기 프로젝트, 대금의 본 (6.28), 최영진의 장단 10년의 장기 프로젝트, 대금의 본 (6.28)",(재)정효국악문화재단,한국음악(국악),02-523-6268,http://www.jeonghyo.or.kr/index.asp,AG006548
"제7차 세계한민족 공연예술축제: 한인화락, 한일신년음악회, 한일전통음악의 흥과 멋, 제4차 세계한민족공연예술축제, 한인화락(韓人和樂)",(재)정효문화재단,한국음악(국악),02-523-6268,http://www.jeonghyo.or.kr/,AG012149
"제9회 강동구소년소녀합창단 정기연주회, The Chorus: LA 아펜젤러합창단 초청연주회, 제21회 서울그랜드합창단 정기연주회",(재)조은뮤직소사이어티,서양음악(클래식),031-427-1127,https://jmsociety.modoo.at/,AG003056
"종로 가족공연축제, 꼬마장승 가출기, 종로 가족공연축제, 꼬마장승 가출기, 종로 가족공연축제, 꼬마장승 가출기",(재)종로문화재단,복합,02-6203-1155,www.jfac.or.kr,AG003862
"디어 에반 핸슨 (Musical Dear Evan Hansen) [서울], 중구민을 위한 월요극장 11, 홍련, 중구민을 위한 월요극장 11, 홍련",(재)중구문화재단(충무아트센터),서양음악(클래식),02-2230-6600,http://www.caci.or.kr/Home/Main.aspx,AG004669
"길 떠나는 고목, 길 떠나는 고목",(재)지구와 사람,연극,02-733-1510,,AG014246
빨래 [여수],(재)지에스칼텍스재단,뮤지컬,061-808-7009,,AG003525
"모닝콘서트, 홍대광의 하얀 겨울콘서트: 잘됐으면 좋겠다 [창원] (12월), 모닝콘서트, 홍대광의 하얀 겨울콘서트: 잘됐으면 좋겠다 [창원] (12월), 유니버설발레단, 호두까기인형 [창원 마산]",(재)창원문화재단,복합,055-268-7917,http://cwcf.or.kr/main/main.asp,AG004643
"모글 윈드 오케스트라 X 창원 시민 뮤지컬단, 주크박스 뮤지컬: 사랑을 노래하다 [창원], 알파블록스 [창원], 알파블록스 [창원]",(재)창원문화재단(3.15아트센터),복합,,,AG014740
"제9회 제주국제합창축제, 세계합창제, World Choir Festival, 평화, 사랑의노래 [제주]",(재)천송재단,서양음악(클래식),064-751-2588,https://www.chunsong.org/,AG012537
"자립준비청년과 고립청년 후원을 위한 청년희망 신년음악회, 자립준비청년과 고립청년 후원을 위한 청년희망 신년음악회",(재)청년미래재단,서양음악(클래식),02-2648-8090,,AG015411
"사의 찬미 [춘천], 윌리엄과 윌리엄의 윌리엄들 [춘천], 윌리엄과 윌리엄의 윌리엄들 [춘천]",(재)춘천문화재단,복합,033-259-5825,http://www.cccf.or.kr/,AG005042
"아롤을 깨물었을 때 [안동], 제38회 춘천인형극제, 걸리버 여행기: 줌 인 아웃, 제38회 춘천인형극제, 걸리버 여행기: 줌 인 아웃",(재)춘천인형극제,복합,033-242-8452,http://www.cocobau.com/,AG006939
"어머니 손끝에서 피어나는 삶의소리: 苧産八邑 (저산팔읍) 길쌈놀이 [예산], 어머니 손끝에서 피어나는 삶의소리: 苧産八邑 (저산팔읍) 길쌈놀이 [예산], 배아현과 함께 객석으로 떠나는 피서: 트롯 흥캉스 [예산]",(재)충남문화관광재단,복합,041-630-2900,,AG013536
"베를린 필하모닉 우드윈드 앙상블 [예산], 베를린 필하모닉 우드윈드 앙상블 [예산], 소프라노 조수미: 사랑할 때 [예산]",(재)충남문화재단,복합,041-630-2900,https://www.cacf.or.kr/_kor/index.php,AG006810
"다시, 민들레 [보은], 다시, 민들레 [옥천], 다시, 민들레 [영동]",(재)충북문화재단,서양음악(클래식),,,AG014603
"충주 파크뮤직페스티벌 WITH GUGAK, 강원특별자치도립무용단 초청공연: 산에서 강으로, 춤 [충주], 강원특별자치도립무용단 초청공연: 산에서 강으로, 춤 [충주]",(재)충주문화관광재단,복합,043-723-1348,http://cjartdb.co.kr/,AG015743
"제268회 국립심포니오케스트라 정기연주회: 멘델스존, 교향곡 3번 스코틀랜드, 제268회 국립심포니오케스트라 정기연주회: 멘델스존, 교향곡 3번 스코틀랜드, 국립심포니콘서트오케스트라: 베토벤, 교향곡 9번 합창 [세종]",(재)코리안심포니오케스트라(국립심포니오케스트라),서양음악(클래식),02-523-6258,http://www.koreansymphony.com/,AG005058
"서울국제컴퓨터음악제, 서울국제컴퓨터음악제, MUSEUM AFTER DARK",(재)태진문화재단,복합,02-6929-4470,https://platform-l.org/,AG006061
"제12회 박경리문학상 축하공연, 빅마마, 제12회 박경리문학상 축하공연, 빅마마",(재)토지문화재단,복합,033-766-5544,https://tojicf.com/,AG014531
아시안 팝 페스티벌 (ASIAN POP FESTIVAL),(재)파라다이스문화재단(PARADISE CULTURAL FOUNDATION),대중음악,02-2278-9851,https://pcf.or.kr/,AG015885
"이은결 30주년: ONE OF ONE [평택], 이은결 30주년: ONE OF ONE [평택], 국립무용단, 향연 [평택]",(재)평택시문화재단,복합,031-8053-3500,https://blog.naver.com/pccf_2020,AG008591
"마리 퀴리 [포항], 마리 퀴리 [포항], 마리 퀴리 [포항]",(재)포항문화재단,복합,054-289-7999,https://phcf.or.kr/kr/main.do#none,AG006057
"하남문화재단 문화가 있는 날 #8: 가수 김사월, 외로워 말아요 눈물을 닦아요 [하남], 하남문화재단 문화가 있는 날 #8: 가수 김사월, 외로워 말아요 눈물을 닦아요 [하남], 하남문화재단 문화가 있는 날 #8: 가수 김사월, 외로워 말아요 눈물을 닦아요 [하남]",(재)하남문화재단,복합,031-790-7979,www.hnart.or.kr,AG003359
"제19회 아랍 문화제, 제18회 아랍문화제 [광주], 제12회 아랍문화제",(재)한국-아랍소사이어티,복합,02-551-7130,http://www.korea-arab.org/,AG008071
"유니버설 발레단, 잠자는 숲속의 미녀 [서울], 제27회 유니버설발레아카데미 발레축제, 유니버설발레단, 더 발레리나 [영덕]",(재)한국문화재단,한국음악(국악),02-566-6300,http://www.chf.or.kr/,AG006666
"사단법인 국가무형유산 처용무보존회 공개행사, 결연, 해설이 있는 풍류, 일무와 궁중정재편",(재)한국문화재재단,복합,02-2270-1207,http://www.chf.or.kr/nima/main.jsp,AG002927
"K-MEGA SONG 콘서트 [부산], 나는 이중섭이다 [대전]",(재)한국연구재단,서양음악(클래식),042-869-6114,https://www.nrf.re.kr/index,AG009696
"제3회 연극 판 페스티벌, 세 판: 감마선에 노출되어 히어로가 된 세 명의 박사는 왜 지구를 지키려 하지 않는가, 제3회 연극 판 페스티벌, 두 판: 어슬렁, 제3회 연극 판 페스티벌, 한 판: 남자들",(재)한국연극인복지재단,연극,02-741-0332,http://plays.or.kr/xe/,AG014220
"더텐테너스와 함께하는 초청 디너 콘서트 [성남], 더텐테너스와 함께하는 크리스마스 디너 콘서트, 더텐테너스와 함께하는 크리스마스 디너 콘서트",(재)한국예술문화재단,서양음악(클래식),02-514-0981,http://www.ikaf.or.kr/,AG003800
"젤리피쉬 [제주], 신경다양성, 발달장애 어린이를 위한 참여형 무용공연: 야호야호 Echoing Dance [당진], 크립스 (Creeps)",(재)한국장애인문화예술원,연극,02-760-9725,http://www.i-eum.or.kr/,AG007436
"브라보체 정기 연주회: 동행 Ⅶ, 브라보체 남성성악가합창단 연주회, 브라보체 대한민국 남성성악가 연주회",(재)한국혁신전략연구원,서양음악(클래식),02-508-5766,https://kisif.org/,AG013406
"어울아트센터 명작시리즈 Ⅴ, 시인과 촌장 45주년 기념 콘서트 [대구], 어울아트센터 명작시리즈 Ⅴ, 시인과 촌장 45주년 기념 콘서트 [대구], 어울아트센터 명작시리즈 Ⅴ, 시인과 촌장 45주년 기념 콘서트 [대구]",(재)행복북구문화재단(어울아트센터),복합,053-320-5120,https://www.hbcf.or.kr/,AG004778
오셀로와 이아고 [안동],(재)행복전통마을,한국음악(국악),054-823-9001,http://happyheritage.org/,AG014012
"노래극,  오월",(재)홍리김오월평화문화재단,연극,,,AG013565
"반석산 피크닉: 홍이삭X짙은X김제형 [화성], 화성시 문화의 날, 렉처콘서트 PART1, 굿모닝, 홍콩 [화성]",(재)화성시문화재단,서양음악(클래식),031-8015-8100,http://www.hcf.or.kr/,AG004622
"갑신의거 [횡성], 강아지똥 [횡성], 안녕? 빨강머리 앤 [횡성]",(재)횡성문화재단,복합,033-343-8879,http://www.hscf.or.kr/,AG006071
"대한민국연극제 서울대회, 만무방, 강제결혼, 제6회 코델 코메디 페스티벌, 10분 모노드라마",(주) 21세기 스테이지,연극,,,AG016885
"EK 3rd Concert: You Good?, EK 3rd Concert: You Good?, EK 3rd Concert: You Good?",(주) 260 아시아,대중음악,,,AG016596
"가을 안치환 콘서트: 가을을 노래하다, 가을 안치환 콘서트: 가을을 노래하다, 봄 안치환 콘서트",(주) A&L Ent(에이앤엘이엔티),대중음악,010-8772-1700,,AG014767
"SONNET FAN CONCERT: THE GIFT SET, 올모스트 먼데이 내한공연, Almost Monday: the DIVE tour [서울], 올모스트 먼데이 내한공연, Almost Monday: the DIVE tour [서울]",(주) AOD,대중음악,,,AG016304
"북텔러리스트 10주년 기념 공연, 이 시대 아버지를 위한 응원가 父父젤라, 북텔러리스트 10주년 기념 공연, 이 시대 아버지를 위한 응원가 父父젤라",(주) BTLplay,연극,,,AG017184
조선의사위 원혁 CONCERT,(주) DABO​,대중음악,,,AG016986
"한동근 단독 콘서트: 여름밤, 너와, 한동근 단독 콘서트: 여름밤, 너와, AGAIN, 한동근 콘서트",(주) DRS.ENT,대중음악,,,AG017540
"이은결 30주년: ONE OF ONE [인천], 이은결 30주년: ONE OF ONE [용인], 이은결 30주년: ONE OF ONE [부산]",(주) EJ,뮤지컬,,,AG018164
"페스티벌 나다 (NADA Art&Music Festival), 나다 뮤직페스티벌 (NADA Art & Music Festival)",(주) HB기획,복합,,,AG018802
"쪼아맨과 멜롱이 시즌2: 흥청망청별로 잡혀간 멜롱이 구출대작전, 쪼아맨과 멜롱이 시즌2: 흥청망청별로 잡혀간 멜롱이 구출대작전, 투깝쇼",(주) JDB엔터테인먼트(제이디비엔터테인먼트),연극,02-323-6967,https://www.jdbent.co.kr/,AG005819
제주 하늘을 열다,(주) JSP TOUR & ENTERTAINMENT 주식회사 제이에스피투어 앤 엔터테인먼트,대중음악,,,AG017441
"APEC MUSIC FESTA [경주], Blue House Concert, Blue House Concert",(주) KBSN(케이비에스앤),복합,02-787-3333,http://www.kbsn.co.kr/kbsn/index.do,AG005960
"진해성 콘서트: 별과 사랑의 노래 [창원], 진해성 콘서트, 별과 사랑의 노래",(주) KDH엔터테인먼트,대중음악,02-2057-5757,http://www.kdhent.com/,AG017952
아름다운 물방아간 아가씨,(주) Kaylee,서양음악(클래식),,,AG018812
"제3회 OCI 드림앙상블 정기연주회: 음악을 담다, 제2회 OCI 드림앙상블 정기연주회: 음악을 담다",(주) OCI 홀딩스,서양음악(클래식),,https://www.oci-holdings.co.kr/,AG017493
"PARCO PRODUCE, 아메리칸 드림, PARCO PRODUCE, 아메리칸 드림, Eiko Ishibashi X Ryusuke Hamaguchi: GIFT",(주) PARCO(파르코),복합,,https://www.parco.co.jp/,AG017419
허용별 콘서트: 보컬 전쟁 시즌2 The War of Vocalists Ⅱ [광주],(주) SRB 무등일보,복합,062-606-7700,https://www.mdilbo.com/,AG019049
Montreux Jazz Festival Japan 몽트뢰 재즈 페스티벌 재팬,(주) VISUALNOTES,대중음악,,https://visualnotes.co.jp/,AG017423
"Utagokoro Rie Concert: Sing A Life [서울], Utagokoro Rie in Korea: Sing A Soul",(주) movado,대중음악,,,AG019044
"탑현 팬미팅인 척하는 미니 콘서트: 꽃 한 다발, 탑현 팬미팅인 척하는 미니 콘서트: 꽃 한 다발, 탑현 팬미팅인 척하는 미니 콘서트: 꽃 한 다발",(주) ravex,대중음악,,https://ravex.co.kr/,AG013670
"그린캠프, 뮤직 앤 캠핑페스티벌 [인천]",(주) 가족사랑전람,대중음악,,,AG016379
"남벌 [서울 광진], 남벌 [서울 광진], PARCO PRODUCE, 아메리칸 드림",(주) 감탄사,서양음악(클래식),,,AG018883
"서리풀 오후의 실내악 (패키지), 서리풀 오후의 실내악 (패키지), 서리풀 오후의 실내악: 러시아의 향수",(주) 객석컴퍼니(월간 객석),서양음악(클래식),02-747-2115,http://www.gaeksuk.com/,AG003134
"TAEMIN WORLD TOUR: LiMiNaL [서울], TAEMIN WORLD TOUR: LiMiNaL [서울], TAEMIN WORLD TOUR: LiMiNaL [서울]",(주) 갤럭시코퍼레이션(Galaxy Corporation),복합,,https://www.galaxyuniverse.ai/,AG018435
"김경호 전국투어 콘서트: 발라드를 위한 時 [김해], 김장훈 전국투어 콘서트: 원맨쇼 [김해], 데뷔 60주년 기념공연, 남진 전국투어 콘서트 [김해]",(주) 경남매일신문,복합,055-323-1000,http://www.gnmaeil.com/,AG019160
"안다미로 아트 컴퍼니, 문 [경산], 안다미로 아트 컴퍼니, 문 [경산], 극동 아시아 타이거즈, 애프터 써머: After Summer",(주) 경산문화관광재단,복합,,https://www.gbgs.go.kr/open_content/tour/index.do,AG018512
"호야;好夜, 악녀: 메디아에 대한 오해, 악녀: 메디아에 대한 오해",(주) 고도,뮤지컬,,,AG016321
"심야서점 음악회: 서점에 피는 소리 [부산], 심야서점 음악회: 서점에 피는 소리 [부산], 심야서점음악회 [부산]",(주) 교보문고,복합,,https://www.kyobobook.co.kr/,AG019135
삼총사 [대전],(주) 굿모닝충청,복합,042-389-0080,http://www.goodmorningcc.com/,AG012546
"바다가 시작되는 곳, 바다가 시작되는 곳",(주) 굿지미헌팅,대중음악,010-4364-2016,,AG018202
"치매식당 (앵콜), 치매식당 (앵콜), 치매식당",(주) 그레가,뮤지컬,,,AG017913
"nafla instinct tour, JT2DE: MVLD. 10 YEAR ANNIVERSARY SHOW., JT2DE: MVLD. 10 YEAR ANNIVERSARY SHOW.",(주) 그루블린 GROOVL1N,대중음악,,,AG017275
"심야서점 음악회: 서점에 피는 소리 [부산], 심야서점 음악회: 서점에 피는 소리 [부산], 심야서점음악회 [부산]",(주) 그리니어,복합,,https://greenear.co.kr/,AG019134
"POW CONCERT: COLOR ON [서울], POW CONCERT: COLOR ON [서울], POW TOUR: POWERFUL YOUTH [서울]",(주) 그리드엔터테인먼트(GRID Ent.),대중음악,,https://grident.net/,AG017730
"글래드 키즈 페스트, 우주여행: 가자! 우주로 [제주], 글래드 키즈 페스트, 우주여행: 가자! 우주로 [제주], 크리스마스 디너 공연, 메리 글래드 마스 [제주]",(주) 글래드 호텔앤리조트(메종 글래드 제주),대중음악,064-747-5000,http://gladhotel-resort.com/,AG007706
"VL [대학로], VL [대학로], VL [대학로]",(주) 글림아티스트,뮤지컬,,https://gleamartist.com/,AG012012
"김수로 Curated 21, 와이프, 하트셉수트 [대학로], 지킬 앤 하이드 [대학로]",(주) 글림컴퍼니,연극,02-6498-0403,https://gleamcompany.com/,AG014941
"In search of paradise: 낙원을 찾아서 [대학로], In search of paradise: 낙원을 찾아서 [대학로], In search of paradise: 낙원을 찾아서 [대학로]",(주) 꼬레오,대중무용,,https://coreo.co.kr/,AG019162
Christmas Tea-Time [대구],(주) 꾼아트컴퍼니,서양음악(클래식),,https://www.facebook.com/wormsdk/,AG018007
"제9회 단단페스티벌, 사소한 것",(주) 나온컬쳐,연극,02-3675-3677,https://naontheater.modoo.at/,AG001105
"행오버, 행오버, 행오버",(주) 나인진엔터테인먼트,연극,02-6221-6485,www.ninejin.com,AG013870
"가을이 남긴 멜로디, 유진박 & 마테오석 듀오콘서트",(주) 낫넘(NOTNUMB),서양음악(클래식),,,AG017325
"DJMAX MIRACLE, Lies of P Orchestra Concert P의 거짓 콘서트, DJMAX MIRACLE: DRIVE",(주) 네오위즈(NEOWIZ),대중음악,,,AG018233
제2회 루아 오케스트라 정기연주회 [서울],(주) 네패스루아,복합,,,AG017200
"GHOST STAGE (마왕 신해철 11주기 헌정 콘서트), 크롬 트리뷰트팀 시월 신해철 헌정공연: May, I Stand for you.",(주) 넥스트씨앤에이(NEXT C&A Inc.),대중음악,,,AG018727
"신해철 트리뷰트 콘서트, 해에게서 그대에게, 신해철 트리뷰트 콘서트, 마왕 10th: 고스트 스테이지",(주) 넥스트유나이티드,대중음악,02-553-7345,,AG017049
"NOUERA THE 1ST FANCON: EnTER the mission, NOUERA THE 1ST FANCON: EnTER the mission",(주) 누아엔터테인먼트,대중음악,,,AG019349
"Play NuPlay #4, 주형진 & LaY, Play NuPlay #4, 주형진 & LaY, Play NuPlay #4, 2nd Label Concert",(주) 누플레이(NUPLAY),대중음악,02-536-1477,http://nu-play.com/,AG006464
다혜 팬 콘서트 with 동진: Cherry Road,(주) 다혜가다했다,대중음악,,,AG018307
"그렇게 우린, [대전], 그렇게 우린, [세종], 그렇게 우린, [세종]",(주) 담비컬쳐플래닛,뮤지컬,,https://www.dambiart.com/index,AG017267
"넘버블록스 [울산 (앵콜) ], 넘버블록스 [당진], 넘버블록스 [청주]",(주) 대교,복합,,https://www.daekyo.com/,AG018800
1ST ROCK CAFE 콘서트 [광주],(주) 대로부동산개발,대중음악,,,AG016348
1ST ROCK CAFE 콘서트 [광주],(주) 대로스틸,대중음악,062-576-8922,http://daerosteel.com/,AG016346
"북구와 함께하는 예술의전당 SAC on Screen, 랑데부 [울산] (영상화), 랑데부, 랑데부",(주) 더그레이트쇼(The Great Show),연극,,https://thegreatshow.co.kr/,AG016699
"그린캠프페스티벌 [이천], 그린캠프페스티벌 [이천], 그린캠프페스티벌 [인천]",(주) 더그루브코리아,대중음악,,,AG016378
"TAEYANG TOUR: THE LIGHT YEAR [앵콜], TAEYANG TOUR: THE LIGHT YEAR [앵콜], TAEYANG TOUR: THE LIGHT YEAR [앵콜]",(주) 더블랙레이블(THEBLACKLABEL Inc.),대중음악,,https://theblacklabel.com/,AG016688
"베를린 필 12 첼리스트 내한공연, 베를린 필 12 첼리스트 내한공연, 베를린 필 12 첼리스트 내한공연",(주) 더블유씨엔코리아(WCN),서양음악(클래식),02-2183-1290,http://www.wocu.net/,AG005396
SYMPHONIC GHIBLI 심포닉 지브리 with Wind Orchestra,(주) 더블유씨컴퍼니,서양음악(클래식),,,AG018259
"WPOP EDM FESTIVAL, WPOP EDM FESTIVAL",(주) 더월드팝엔터프라이즈(WPOP),대중음악,,,AG017656
박가경 바이올린 독주회,(주) 더카이노스,서양음악(클래식),,,AG016718
"제45회 장애인의 날 서로응원콘서트, 임태경&더크로스&유미: 우리는 국가대표",(주) 더클라우드(THE CLOUD),복합,,https://www.the-cloud.kr/,AG018658
"Naniwa Danshi ASIA TOUR 2024 ＋ 2025, ＋ Alpha",(주) 덕스앤덕스,대중음악,,,AG017015
"뮤지컬 스토리 콘서트 Ⅲ. 뮤지컬 영화 같은 하루 [군포], 뮤지컬 스토리 콘서트 Ⅲ. 뮤지컬 영화 같은 하루 [군포], 뮤지컬 스토리 콘서트 Ⅱ. 운명의 종과 신의 노래 [군포]",(주) 드래곤프로덕션,뮤지컬,,,AG017499
"양반들 단독 콘서트: 납시오, 양반들 단독 콘서트: 납시오, 연정 (YEONJEONG) 단독 콘서트: 푸른연정",(주) 드림팩토리클럽,대중음악,02-479-2455,https://www.df.co.kr/,AG006146
"최고다 호기심딱지 시즌4, 피사총사: 우리 몸은 우리가 지킨다! [대구], 최고다 호기심딱지 시즌4, 피사총사: 우리 몸은 우리가 지킨다! [대구], 최고다 호기심딱지 시즌4, 피사총사: 우리 몸은 우리가 지킨다! [대구]",(주) 디멘션,뮤지컬,,,AG019113
"마이진 전국투어 콘서트: BLOOMING [고양], 마이진 전국투어 콘서트: BLOOMING [부산], 마이진 전국투어 콘서트: BLOOMING [대구]",(주) 디비엔터테인먼트(DB 엔터테인먼트),대중음악,,,AG018231
"hololive STAGE World Tour: Synchronize! [서울], Anime X Game Festival, 레드 스테이지",(주) 디앤씨미디어(D&C media),복합,02-333-2513,https://dncmedia.co.kr/,AG017943
"YOUNITE MINI FAN-CON, LOVE TYPE: YOUNITE to YOUNIZ, YOUNITE MINI FAN-CON, LOVE TYPE: YOUNITE to YOUNIZ, 에이비식스 FAN CONCERT, BE: 6IX IN SEOUL",(주) 디엠지이엔티,연예,,,AG018146
"WPOP EDM FESTIVAL, Boryeong POOL PARTY FESTIVAL (보령 풀 파티 페스티벌), Boryeong POOL PARTY FESTIVAL (보령 풀 파티 페스티벌)",(주) 디케이이앤티,대중음악,,,AG016716
"JUST B WORLD TOUR: JUST ODD [서울], DRIPPIN FAN CONCERT: PLAY: Drippin Adventure, DRIPPIN FAN CONCERT: PLAY: Drippin Adventure",(주) 디테일즈,대중음악,,https://dearmymuse.com/,AG017514
"제4회 대학로 클래식 페스티벌 극단전: 아직도 고전중, 안티고네 悲클래스, 제8회 1번출구 연극제: 스카프, 하문: 인간보호구역, 미치지 않고서야, D.FESTA 소극장축제, 배신, 내 아픈 사랑을 위하여 [부산]",(주) 디피스토리(DPSTORY),연극,,,AG009999
더파워풀 [인천],(주) 딴지그룹,대중음악,031-313-7709,,AG018881
"집들이 콘서트 #48. 잔혹동화 생존기, 집들이 콘서트 #48. 잔혹동화 생존기, 집들이 콘서트 #48. 잔혹동화 생존기",(주) 라슨컴퍼니,뮤지컬,,,AG016223
LØREN 'FYN' SINGLE RELEASE PARTY,(주) 라오하,대중음악,,,AG018788
"최현우 19+Ⅰ [이천], 최현우 FaTe [서울], 최현우 FaTe [서울]",(주) 라온플레이,서커스/마술,,,AG017972
"IDOL1ST KENTY ASIA TOUR [서울], IDOL1ST KENTY ASIA TOUR [서울], IDOL1ST KENTY ASIA TOUR [서울]",(주) 라이브랜드,대중음악,,,AG017016
"강릉국제공연예술페스티벌 (GIPF) , 로스팅드림즈, 강릉페스티벌, 로스팅드림즈 [강릉]",(주) 라이브랩,뮤지컬,02-2038-8533,,AG017398
"제16회 대한민국오페라페스티벌, 누오바오페라단: 라보엠",(주) 라이브스톤,서양음악(클래식),,,AG018784
"장범준 금토일 공연: 흐린날의 벚꽃엔딩, 장범준 금토일 공연: 흐린날의 벚꽃엔딩",(주) 라이크앤두,대중음악,,,AG018891
"우주용사멤버쉽클럽 단독 콘서트, SPACE ROCK FESTIVAL, 우주용사멤버쉽클럽 단독 콘서트, SPACE ROCK FESTIVAL",(주) 러브마뉴버,대중음악,010-8777-8938,,AG017624
"조선셰프 한상궁 [전주], 조선셰프 한상궁 [전주], 조선셰프 한상궁 [전주]",(주) 런파이브,뮤지컬,,,AG013588
"OUR FIRST STAGE TOUR: SEORI, OUR FIRST STAGE TOUR: SEORI",(주) 레이블사유,대중음악,,,AG017029
"제1회 로고스 봄 연주회 [안양], 제1회 로고스 봄 연주회 [안양]","(주) 로고스엔터테인먼트(Logos Entertainment Co., Ltd)",서양음악(클래식),,,AG018832
"Break, Assemble: 해체와 조립, Break, Assemble: 해체와 조립",(주) 로로컴퍼니,대중음악,,,AG018266
"THE OPERA DAY OF HANGUL, THE OPERA DAY OF HANGUL, NGL x Undercity presents, WHO RUNS THE WORLD?",(주) 로스트앤파운드(Lost and Found),대중음악,,https://www.instagram.com/lost.and.found_kr/,AG016678
"디깅 나우, 품바21 단독공연: 조선 크리스마스, 디깅 나우, 심아일랜드 단독공연: Let‘s find your inner child, Grown-ups! (앵콜), 디깅 나우, 심아일랜드 단독공연: Let‘s find your inner child, Grown-ups!",(주) 로칼하이레코즈 (Localhigh Records),대중음악,,,AG016874
"이창섭 단독 콘서트: Unknown [고양], 이창섭 단독 콘서트: Unknown [고양], 이창섭 단독 콘서트: Unknown [울산]",(주) 루트59(ROUTE59),무용(서양/한국무용),,,AG017961
위치스 데뷔 쇼케이스 W!TCHX DEBUT SHOWCASE: Halloween Night Party,(주) 리브라이즈,대중음악,02-3472-0052,https://leavelize.com/,AG017589
WPOP EDM FESTIVAL,(주) 마노패밀리(MANO FAMILY),복합,,https://manofamily.co.kr/,AG017658
퍼커셔니즘 [충북],(주) 마에스트리,복합,,,AG016888
"FOOTPRINT, XSCALA SERIES, 정동하, XSCALA SERIES, 정동하",(주) 마인드마크,대중음악,,,AG018152
"CHOI HOJONG 2nd MOVENOTE: LIMBO, CHOI HOJONG 2nd MOVENOTE: LIMBO, CHOI HOJONG 1ST MOVENOTE: NOWHERE",(주) 매니지먼트 낭만,무용(서양/한국무용),,,AG018840
"이기찬 단독 콘서트: Back to You [서울 (앵콜) ], 이기찬 단독 콘서트, Back to You",(주) 매니지먼트인,대중음악,,,AG018579
LUCY DAYS,(주) 머쉬룸블랙,대중음악,,https://mushroomblack.co.kr/,AG017826
"Priz-V FANCONCERT: Hi-Five, Priz-V FANCONCERT: Hi-Five",(주) 메타버스엔터테인먼트,대중음악,,,AG018742
옥천여관,(주) 메타포스(METAFORCE Creative),연극,02-6958-1145,http://metaforceinc.com/,AG016352
제60회 강원특별자치도민 체육대회 성공개최 기원 음악회: SWEET HOME 삼척,(주) 멜로커스,서양음악(클래식),,,AG018667
"헐리우드 레전더리 콘서트, 시리즈 Ⅰ: 히어로즈 & 판타지 [고양], 헐리우드 레전더리 콘서트, 시리즈 Ⅰ: 히어로즈 & 판타지 [고양], 헐리우드 레전더리 콘서트, 시리즈 Ⅰ: 히어로즈 & 판타지 [고양]",(주) 모그컴퍼니,서양음악(클래식),00-1391-1966,,AG017389
"고고다이노 곤충탐험대: 고고다이노가 작아졌어요 [진주], 고고다이노 곤충탐험대: 고고다이노가 작아졌어요 [진주], 고고다이노 곤충탐험대: 고고다이노가 작아졌어요 [진주]",(주) 모꼬지,뮤지컬,,https://www.moggozi.com/,AG015248
"You & It (유앤잇) [서울 (앵콜) ], 페이크북 [서울 중구], 페이크북 [서울 중구]",(주) 모노스,뮤지컬,,,AG019012
"tripleS World Tour: ANDLESS [서울], tripleS World Tour: ANDLESS [서울], tripleS World Tour: ANDLESS [서울]",(주) 모드하우스,연예,,,AG014226
"호두까기인형 [고양], 제1회 숲속의 뮤지컬페스티벌, 피터팬 [부산 동래], 제1회 숲속의 뮤지컬 페스티벌, 복순이 할배 [부산]",(주) 모멘텀아트,뮤지컬,,,AG018614
"JAY PARK WORLD TOUR, SERENADES & BODY ROLLS: THE REPLAY [서울], JAY PARK WORLD TOUR, SERENADES & BODY ROLLS: THE REPLAY [서울], JAY PARK WORLD TOUR, SERENADES & BODY ROLLS: THE REPLAY [서울]",(주) 모어비전(MORE VISION),대중음악,,https://morevision.kr/,AG016642
몽키비지엠 연말 재즈콘서트: The First Meeting [부산],(주) 몽비,대중음악,,,AG017914
섹시동안클럽 뮤지컬 페스티벌,(주) 몽타주컬처앤스테이지,뮤지컬,,,AG017413
"TRADITIONAL K-ROCK FESTA Vol.1: 악당들, TRADITIONAL K-ROCK FESTA Vol.1: 악당들",(주) 무아엔터테인먼트(MUAH Ent.),대중음악,,https://muah.or.kr/,AG016799
"눈먼자들 [삼척], 상당한 가족 [삼척]",(주) 문곰엔터테인먼트,연극,,,AG017350
이상한 나라의 앨리스 시즌1: 꿀벌 미스터리 [전주],(주) 문화다양성공존,연극,,http://gongzone2022.com/,AG018504
"Parasol Waves x Cadejo 조인트공연: 발렌타인 브로맨스 VALENTINE BROMANCE, Parasol Waves x Cadejo 조인트공연: 발렌타인 브로맨스 VALENTINE BROMANCE, 제비다방 컴필레이션",(주) 문화지형연구소 씨티알(씨티알사운드),대중음악,02-3141-1969,https://www.ctrplus.com/ctrprint,AG007588
The 4th ASTROAD: Stargraphy [인천],(주) 뮤즈엠,대중음악,,,AG018866
트롯프렌즈 [인천],(주) 뮤직바인 (MUSIC VINE),대중음악,,,AG020314
"김동률 콘서트: 오래된 노래, 김동률 콘서트: 오래된 노래, 존박 콘서트: BREAK!",(주) 뮤직팜,대중음악,,http://www.musicfarm.co.kr/,AG006113
"가을이 남긴 멜로디, 유진박 & 마테오석 듀오콘서트",(주) 밀라그로인터웍,서양음악(클래식),,http://www.milagro.co.kr/,AG017324
MCND FAN CON IN SEOUL,(주) 발코,대중음악,,,AG020665
"뱃사공 단독콘서트: 리얼엠씨 [부산], 뱃사공 단독콘서트: 리얼엠씨 [부산], 뱃사공 단독콘서트: 리얼엠씨 [부산]",(주) 배드땡스(BADTHANGS),대중음악,,,AG018076
민초: 횃불을 들어브러,(주) 백스퀘어 (Vac.square),연극,,,AG018003
"미스트롯4 전국투어 콘서트: 트롯으로 세상을 홀려라 [안산], 미스트롯4 전국투어 콘서트: 트롯으로 세상을 홀려라 [안산], 미스트롯4 전국투어 콘서트: 트롯으로 세상을 홀려라 [안산]",(주) 베테랑글로벌,대중음악,,,AG021613
"걸프렌드, 걸프렌드, 걸프렌드",(주) 보더리스컴퍼니,뮤지컬,,,AG018638
"소극장 마술사 [부천], 소극장 마술사 [부천]",(주) 부천소극장,서커스/마술,010-6306-8720,,AG017296
"브레드이발소: 브레드와 윌크의 세계여행 [대구], 브레드이발소: 브레드와 윌크의 세계여행 [대구], 브레드이발소: 브레드와 윌크의 세계여행 [창원]",(주) 브레드이발소,뮤지컬,,,AG017925
"VIP 실내악 페스티벌 Ⅲ. 낭만의 여정 [부산], 제7회 어니스트 필하모닉 오케스트라 정기연주회 [창원], 피아니스트 김소영 리사이틀 [광주]",(주) 블렌딩 아트 컴퍼니(Blending Art Company),서양음악(클래식),070-7537-1248,https://www.instagram.com/blending_art_company/,AG016855
"한국 키르키스스탄 수교 33주년 기념콘서트, 컬러오브아시아, 한국-몽골 수교35주년 기념콘서트: 세계가 하나되는 울림-2",(주) 비노월드와이드(Vino Worldwide),복합,,,AG018717
"토스, 머니 코드 콘서트: Out of 방구석",(주) 비바리퍼블리카,대중음악,,https://toss.im/,AG018922
"BGM 콘서트, BGM 콘서트",(주) 비비오코퍼레이션,대중음악,,,AG018877
"PURA LANA #3 Sunset Rollercoaster [제주], PURA LANA #3 Sunset Rollercoaster [제주], PURA LANA #3 Sunset Rollercoaster [제주]",(주) 비스츠앤네이티브스,대중음악,,http://beastsandnatives.com,AG016989
세상 참 예쁜 오드리,(주) 비씨엠(BROTHER CULTURE MEDIA),뮤지컬,,,AG019213
"MC스나이퍼: Back To The Old School 3, Back To The Old School 2 (백투더 올드스쿨 2)",(주) 비카이트,대중음악,,,AG016895
"STRAW PICK, 노래하는 도슨트: 에드워드호퍼의 푸른저녁, STRAW PICK, 노래하는 도슨트: 에드워드호퍼의 푸른저녁, STRAW PICK with 정아로",(주) 비케이 씨앤씨,대중음악,,,AG017496
"cacophony After April’s Party: 가장 사적 [서울], cacophony After April’s Party: 가장 사적 [서울]","(주) 비크(VIC, Inc.)",대중음악,,,AG018762
"SEO EUNKWANG, REC: Feel Alive, SEO EUNKWANG, REC: Feel Alive, LEE MINHYUK (HUTA) CONCERT, HOOK - WHO: KING",(주) 비투비컴퍼니(BTOB COMPANY),대중음악,,https://btobcompany.kr/,AG017092
제2회 뮤제스트 앙상블 정기연주회,(주) 비피클래식(BP Classic Inc.),서양음악(클래식),,,AG017075
"JEONG EUNJI SOLO CONCERT: SUMMER, I, JEONG EUNJI SOLO CONCERT: SUMMER, I, KIMSUNGKYU LIVE, LV4: LEAP TO VECTOR FINAL [부산]",(주) 빌리언스,대중음악,,https://bladeent.com/,AG016743
멜로소나 첫 콘서트: My Warm Concert,(주) 사가엠(SAGA-M),대중음악,,,AG018235
"Sunsat 단독공연: Lost in the waves, KYUDO, SUN & MER, NATASHA: Sound On, KYUDO, SUN & MER, NATASHA: Sound On",(주) 사운드리퍼블리카,대중음악,,,AG018418
"LOTTE OST FESTIVAL, 조성우 영화음악 심포니 콘서트",(주) 사운드워크숍,서양음악(클래식),,,AG019151
"ROCK STAGE: 국카스텐 X 크라잉넛 [거제], 홍지민과 함께하는 판타스틱쇼 시즌2, 홍지민과 함께하는 판타스틱쇼 시즌2",(주) 산책컴퍼니,복합,,,AG013722
"DAD & ME 기타 콘서트: 장하은 장형섭 Ⅹ 허원경 허병훈, DAD & ME 기타 콘서트: 장하은 장형섭 Ⅹ 허원경 허병훈",(주) 상상속의 여행,서양음악(클래식),,,AG016475
반짝반짝 달님이: 내동생은 천하무적,(주) 서우앤컴퍼니,뮤지컬,,,AG018167
"내중쉽 콘서트, 내중쉽 콘서트, 내중쉽 콘서트",(주) 선바,대중음악,,https://www.instagram.com/sunbaakim/,AG017801
최혜경의 춤 이야기,(주) 선아기획,무용(서양/한국무용),,,AG016339
"민들레 피리 [오산], 이올라오스 [대학로], 이올라오스 [대학로]",(주) 섬으로간 나비,연극,010-9213-4576,http://blog.naver.com/sumnavi,AG003387
"친절한 식구들 [대학로], 친절한 식구들 [대학로], 친절한 식구들 [대학로]",(주) 세멜디,연극,010-5895-1270,,AG018895
"EverBlue Festival 에버블루 페스티벌 [대구], 인싸가족 [고양], FT 아일랜드 with 심포니",(주) 세이지플랫폼,뮤지컬,,,AG019298
"크리스마스 이브 송년음악회: 사랑해요, 엄마! 콘서트 [포항]",(주) 세이클린,복합,,,AG017804
케이팝 월드 페스티벌 & 뮤직뱅크 [창원],(주) 셔플,대중음악,,,AG017529
"Super Rookie Challenge. Vocal: Season 1, Round 1, Super Rookie Challenge. Vocal: Season 1, Round 1, Super Rookie Challenge: Season 17, Round 3",(주) 셰르파뮤직 SHERPA MUSIC,대중음악,,https://www.sherpamusic.com/,AG017290
"피터팬 [광명], 브레멘 음악대 [광명], 토끼와 자라 [광명]",(주) 소나무(소나무예술극장),뮤지컬,02-893-6977,https://sonamookm.modoo.at/?link=2y8servr,AG003686
"강우성 피아노 리사이틀 思索 #10, 검은 점 (點) 그리고 하얀 선 (線), 강우성 피아노 리사이틀 思索 #10, 검은 점 (點) 그리고 하얀 선 (線)",(주) 소노볼트(Sono Vault Inc.),서양음악(클래식),,,AG018580
"밴드여시 시노래 콘서트: 읽고 걷고 노래하고, 밴드여시 시노래 콘서트: 읽고 걷고 노래하고, 밴드여시 시노래 콘서트: 읽고 걷고 노래하고",(주) 소릿길미디어(구.문화예술기획 소릿길),대중음악,,,AG017474
"박지현 콘서트: 쇼맨쉽 시즌2 SHOWMANSHIP SEASON 2 [서울 (앵콜) ], 박지현 콘서트: 쇼맨쉽 시즌2 SHOWMANSHIP SEASON 2 [서울 (앵콜) ], 박지현 콘서트: 쇼맨쉽 시즌2 SHOWMANSHIP SEASON 2 [성남]",(주) 쇼7,연예,010-5897-1399,,AG017755
"비보이를 사랑한 발레리나 [속초], 비보이를 사랑한 발레리나 [부산], 비보이를 사랑한 발레리나 [의령]",(주) 쇼봄(쇼비보이),뮤지컬,02-2266-3727,,AG003846
"DKB WORLD TOUR, DARK STRANGE [서울], DKB WORLD TOUR, DARK STRANGE [서울]",(주) 쇼웍스,대중음악,,,AG016522
"NEKIRU X Maison de Queen 2MAN, IDOL PALETTE Vol.69: 2026 한가위, ioonight vol.3: Yellow DAY",(주) 수소엔터테인먼트 (SOOSO Ent.),대중음악,,,AG018502
"The Present [군산], The Present [군산], 상상나라 모래마술쇼 [군산]",(주) 수피아엔터테인먼트,서커스/마술,,https://www.instagram.com/supia_ent/,AG018398
"엔니오 모리꼬네 오리지널: Dear, Ennio, 엔니오 모리꼬네 오리지널: Dear, Ennio",(주) 숲인터내셔날,서양음악(클래식),010-9379-7275,,AG017747
은경,(주) 스윗앤솔트크리에이티브,뮤지컬,,,AG019137
"스카 페스티벌 10주년 기념공연 SKA FESTIVAL: Super-Swag, 스카 페스티벌 10주년 기념공연 SKA FESTIVAL: Super-Swag, 스카 페스티벌 10주년 기념공연 SKA FESTIVAL: Super-Swag",(주) 스카프로덕션,대중음악,,,AG017472
인순이 디너쇼,(주) 스타잇엔터테인먼트,대중음악,,,AG017872
"East Of Eden Live in Seoul, MVXS 6, NEMOPHILA Live, MVXS 5 [서울], NEMOPHILA Live, MVXS 5 [서울]",(주) 스테이지랩스,대중음악,,,AG018819
"일호터널, 일호터널, 일호터널",(주) 스토리라,연극,,,AG016504
"최고의 발라더 with 백지영, 케이윌 [경주]",(주) 스튜디오 글로빅,대중음악,,http://glovic.co.kr/,AG018514
"김현철 & 윤상 & 이현우 전국투어 콘서트: A Breeze of memory [서울 (앵콜) ], 김현철 & 윤상 & 이현우 전국투어 콘서트: A Breeze of memory [부산], 김현철 & 윤상 & 이현우 전국투어 콘서트: A Breeze of memory [서울]",(주) 스튜디오363(STUDIO 363),대중음악,,,AG018620
"폰티첼로: 공명 (PONTICELLO: RESONANCE), 러브홀릭 지선의 LIVEHOLIC, 러브홀릭 지선의 LIVEHOLIC",(주) 스튜디오델타,대중음악,,https://www.instagram.com/acut_studiodelta,AG017164
"더매직스타 TOP7 전국투어 매직쇼 [전주], 더매직스타 TOP7 전국투어 매직쇼 [고양], 더매직스타 TOP7 전국투어 매직쇼 [대구]",(주) 스튜디오프리즘,대중음악,,,AG016201
"테이 콘서트: 발라드 콘체르토 (Ballad Concerto), 테이 콘서트: 발라드 콘체르토 (Ballad Concerto), 테이 콘서트: 발라드 콘체르토 (Ballad Concerto)",(주) 심플(SIM.PLE Inc.),대중음악,,,AG018867
"추화정 X 태하 콘서트: Friend's Forever, 추화정 X 태하 콘서트: Friend's Forever",(주) 싸이코텐션(Psycho Tension),대중음악,,https://www.instagram.com/psychotension_official/,AG017418
"정미조 미니콘서트: 12월의 인사, 장필순 콘서트, 그녀가 부르는 가을의 소리",(주) 써클,대중음악,,,AG017257
서진주 비올라 독주회,(주) 쓰리엘,서양음악(클래식),,,AG017058
"MVXS 7, New Arrival (KOIAI x M4SK), MVXS 7, New Arrival (KOIAI x M4SK), PassCode ASIA TOUR [서울]",(주) 쓰리피엠(3PM),대중음악,,https://3pm.earth/,AG017752
"김도현 30주년 기념 음악회, 더레이 소극장 콘서트: THE RAY IS BACK",(주) 씨씨에이(C.C.A),대중음악,00-1899-0042,,AG006890
"소수빈 단독공연: 늘 그래왔던 것처럼 앞으로도, 10CM FAN CONCERT: THE MISSING TRACKS 사라진 곡들의 행방, CASE No.1011, 10CM FAN CONCERT: THE MISSING TRACKS 사라진 곡들의 행방, CASE No.1010",(주) 씨에이엠위더스(CAM),대중음악,,https://www.instagram.com/camwus_official/,AG017838
SPURT,(주) 씨큐레이션(C-CURATION INC.),대중음악,,,AG011251
"시크릿쥬쥬: 별의보석, 잃어버린 빛을 찾아서 [춘천], 시크릿쥬쥬: 별의보석, 잃어버린 빛을 찾아서 [춘천], 시크릿쥬쥬: 별의보석, 잃어버린 빛을 찾아서 [대전]",(주) 씬앤뮤지스,대중음악,,,AG018461
"On cloud nine, 샤윱규양, 콘서트, 작심4일",(주) 아더스 이니티움 (Arthus Initium),뮤지컬,,https://www.instagram.com/arthus_initium/,AG018517
"김종욱 찾기 [대학로], 김종욱 찾기 [대학로], 레드북 [수원]",(주) 아떼오드,뮤지컬,070-4400-8877,,AG020169
"ONE PACT (원팩트) HALL LIVE, ONE FACT: 합, ONE PACT (원팩트) HALL LIVE, ONE FACT: 합",(주) 아르마다이엔티(ARMADA Ent.),대중음악,,https://www.instagram.com/armada_ent/,AG018442
"정소윤의 그대와: 크리스마스 드림, 정소윤의 그대와: 크리스마스 드림",(주) 아우어뮤직,서양음악(클래식),,,AG017912
섹시동안클럽 뮤지컬 페스티벌,(주) 아이디팀,뮤지컬,,,AG017412
"방향인터내셔날 창립 10주년 기념 콘서트: With Us, 아이티 아이들 돕기 프로젝트, 헤이쥬드 콘서트 [고양], 디렉션 후원 나이트",(주) 아이비엔터테인먼트,대중음악,,,AG012866
"페이지나 [광주], 제18회 DIMF 창작지원작, 페이지나 [대구]",(주) 아이어드림,뮤지컬,,,AG016241
YES CONCERT (예스콘서트) [일산],(주) 아이티필,대중음악,,,AG017938
"BAC 초이스 Ⅳ, 시를 읊다, 님이 침묵한 까닭?, 창작산실, 서의철 가단의 남도 선소리, 시를 읊다: 님이 침묵한 까닭?, 서의철 가단의 민간풍류",(주) 아정컴퍼니,한국음악(국악),,,AG017217
"쇼 머스트 고 온 in 대학로, 쇼 머스트 고 온 in 대학로, 코드네임X [서울 용산]",(주) 아츠컴퍼니artz company,뮤지컬,,,AG018726
"키즈예술공연, 소리마을 따꿍이와 함께하는 비빔밥 여행 (6월)",(주) 아트라컴퍼니(ARTRA Company),복합,070-7619-1224,http://www.artracompany.com/,AG016281
"GAC 기획공연, 11시 음악산책 단편선 시리즈 Ⅵ. 더블린 사람들 中 에블린, GAC 기획공연, 11시 음악산책 단편선 시리즈 Ⅴ. 살로메, GAC 기획공연, 11시 음악산책 단편선 시리즈Ⅳ, 아를의 여인",(주) 아트앤파트너스,서양음악(클래식),02-332-6777,https://www.artandpartners.com/,AG018690
"싱잉볼 콘서트, 하늘소리: 소망을 하늘로",(주) 아트인뱅크,복합,031-372-8857,https://www.artinbank.com/,AG017543
무지개 물고기 [제천],(주) 아트컴퍼니,뮤지컬,,,AG017078
"CLASSIC WEEKENDS, 라 트라비아타 (08.08~08.24), CLASSIC WEEKENDS, 라 트라비아타 (08.08~08.24), CLASSIC WEEKENDS, 첼리스타 첼로 앙상블 (08.23)",(주) 아트포드(ARTPOD),서양음악(클래식),,,AG019277
"호미곶범맞이굿: 깜깜 day [포항], 호미곶범맞이굿: 깜깜 day [포항], 호미곶범맞이굿: 깜깜 day [포항]",(주) 아트플랫폼한터울,뮤지컬,,https://blog.naver.com/aph3105,AG017128
"로데아트센터 개관 2주년 기념 FRIENDS 시리즈: 피피남 & Friends, 로데아트센터 개관 2주년 기념 FRIENDS 시리즈: 피피남 & Friends, 로데아트센터 개관 2주년 기념 FRIENDS 시리즈: 피피남 & Friends",(주) 악기거리 로데클래식(RODE CLASSIC),서양음악(클래식),02-544-1152,https://www.rodeartscenter.com/main/,AG016515
"시라노, 시라노",(주) 알지 컴퍼니(RG COMPANY),뮤지컬,02-545-0110,https://www.rgcompany.net/,AG017517
"KEVIN MOON FREECHILD Release Party, BILLSTAX LIVE FAST DIE SKRT CONCERT, BILLSTAX LIVE FAST DIE SKRT CONCERT",(주) 알지비컴퍼니,대중음악,,,AG018710
"hololive STAGE World Tour: Synchronize! [서울], Anime X Game Festival, 레드 스테이지",(주) 애니플러스(ANIPLUS),복합,070-7162-7013,https://www.aniplustv.com/,AG017942
노인만 사는 세상,(주) 앤노엔,연극,,,AG017538
"어반자카파 전국투어 콘서트: 겨울 [대전], 어반자카파 전국투어 콘서트: 겨울 [대구], 어반자카파 전국투어 콘서트: 겨울 [성남]",(주) 앤드류컴퍼니,대중음악,,,AG016460
"YOUNGJAE ASIA TOUR: Fermata, YOUNGJAE ASIA TOUR, ONCE IN A DREAM [서울]",(주) 앤드벗컴퍼니,대중음악,,,AG017103
"스즈메의 문단속, 날씨의 아이, 너의 이름은. 갈라 콘서트 (9월)",(주) 앤유클래식(NU CLASSIC),뮤지컬,,,AG017224
"한 입, 한 소절: 첫 번째 이야기, 향수 [고양], 한 입, 한 소절: 첫 번째 이야기, 향수 [고양], 마티네콘서트 마실, 목마른 야채 [인천]",(주) 앨리웁,뮤지컬,,,AG018738
"Redoor 단독콘서트: Memory, BLASE Concert: Domain Expansion, AREA X: ZONE",(주) 앳에어리어 (AT AREA),대중음악,,http://atareaofficial.com/,AG017787
박강성 희망콘서트,(주) 어게인엔터테인먼트 (again entertainment),대중음악,,https://againent.co.kr/company/,AG018385
"권진아 꽃말 콘서트, Peony: Another Dream, 싱긴어게인 콘서트, 권진아 연말 콘서트, This Winter: Best Wishes",(주) 어나더레이블 (ANOTHER),대중음악,070-8028-2407,https://another.bstage.in/,AG018732
"고향사랑 음악회: 당신의 가을에게 [부산], 레이어스클래식 라이브 콘서트: Passion, Ardor and Tango [서울], 레이어스클래식 라이브 콘서트: Passion, Ardor and Tango [서울]",(주) 어썸아트앤뉴미디어,서양음악(클래식),02-6951-4130,,AG011731
제주 하늘을 열다,(주) 어치브먼트,대중음악,,,AG017442
"FIFTY FIFTY Asia Fancon Tour: Still Lobubble [서울], 바비킴 콘서트: Soul Dreamer",(주) 어트랙트,연예,,https://www.theattrakt.com/,AG018950
"DKB FAN-CON: BLACK OUT (앵콜), DKB FAN-CON: BLACK OUT (앵콜), 손영택 (Universe) 1st FAN-CON: From Birth to Death",(주) 에버라인 (Everline),대중음악,02-2661-0996,https://www.everlineshop.com/,AG013412
"유해준의 음악 공개방송 & 팬미팅: 사랑해준 그대만이, 유해준의 음악 공개방송 & 팬미팅: 사랑해준 그대만이",(주) 에스더블유제이이엔티,대중음악,,,AG018585
"심규선 x 안예은 콘서트: 어느 봄날 [청주], 심규선 x 안예은 콘서트: 어느 봄날 [청주], 심규선 x 안예은 콘서트: 어느 봄날 [청주]",(주) 에스비위너엔터테인먼트,대중음악,010-2968-8621,,AG016734
"PINEAPPLE, 공감콘서트, PINEAPPLE, 공감콘서트, 가수 김신 쇼케이스, 신세계",(주) 에스에이치에이젼씨,연예,010-9811-8891,,AG017237
"자선콘서트, 늦가을 이야기소리 [제주]",(주) 에스올레커뮤니케이션,복합,,,AG017547
"노을 콘서트, Cafe 유월, 노을 콘서트, Cafe 유월, 노을 콘서트, Cafe 유월",(주) 에스이십칠,대중음악,,,AG018542
"김현철 & 윤상 & 이현우 전국투어 콘서트: A Breeze of memory [부산], 김현철 & 윤상 & 이현우 전국투어 콘서트: A Breeze of memory [서울], n.SSign 1st Concert: EVERBLUE in SEOUL",(주) 에스투지이엔티,대중음악,,https://www.s2zentertainment.com/contact-us,AG010823
"KANGDANIEL FAN CONCERT: RUNWAY: WALK TO DANIEL, KANGDANIEL CONCERT: ACT : NEW EPISODE, KANG DANIEL CONCERT, ACT",(주) 에이라 ARA,대중음악,,,AG017223
"The Present, 스핀오프 콘서트: 임태경.COM, 임태경 20주년 기념 전국 투어 콘서트: 임태경.COM: Color of Music [대구], 임태경 20주년 기념 전국 투어 콘서트, 임태경.COM: Color of Music [부산]",(주) 에이벡스,대중음악,,http://www.avecs.co.kr/,AG017173
"피아니스트 배길 리사이틀, 피아니스트 배길 리사이틀, 정명훈과 비르투오지 [서울 서초]",(주) 에이벡스(AVECS),대중음악,02-792-9277,http://avecs.co.kr/,AG009583
"서영은 콘서트 [대구], 서영은 콘서트 [전주], 보고싶어 서영은, 내안의 그대들과 함께 팬콘서트",(주) 에이사이드컴퍼니,대중음악,,,AG016195
"Sustainable Wave Festival (서스테이너블 웨이브 페스티벌), Sustainable Wave Festival (서스테이너블 웨이브 페스티벌), go!go!vanillas ASIA TOUR (고고바닐라즈 아시아 투어) [서울]",(주) 에이오디(AOD),뮤지컬,,,AG017225
"주술회전 인 콘서트 월드투어 [서울], 주술회전 인 콘서트 월드투어 [서울], 김장훈 전국투어 콘서트: 원맨쇼 [하남]",(주) 에이치앤에이치,대중음악,010-4322-1235,,AG017312
"이영현 콘서트: 나의 노래가 필요한 너에게 - 숨 [제주], 이영현 콘서트: 나의 노래가 필요한 너에게 - 숨 [용인], 이영현 콘서트: 나의 노래가 필요한 너에게 - 숨 [부산]",(주) 에이치오이엔티(HO ENT),대중음악,,https://hoentofficial.com/,AG017604
"몽유도원 [서울 송파], 몽유도원 [서울 송파], 몽유도원 [서울 송파]",(주) 에이콤(ACOM),뮤지컬,02-2250-5900,http://www.acommusical.com/default/,AG002629
"라크로체클래식과 함께하는 명품 송년 콘서트: Begin Again, 라크로체 클래식 가을 특별 기획, 대한민국 신진성악가와 함께하는 오페라아리아 & 가곡의 밤 [성남], 라크로체클래식과 함께하는 토크 송년음악회: 이럴때 듣는 크리스마스 콘서트",(주) 에이텍에스앤에스(ATECH SNS),서양음악(클래식),,https://www.atechsns.com/,AG017767
"나도 음악가 [고양], 라크로체클래식 가족의 달 기획공연: Family is Power",(주) 에이텍엔터테인먼트,서양음악(클래식),,,AG018718
명일방주 앰비언스 시네스티시아: 빛나는 선율의 기념비,(주) 에이티케이,대중음악,070-4903-0824,,AG019286
"APF CONCERTS PRESENTS, Sunny Day Service TOUR in SEOUL, APF CONCERTS PRESENTS, Sunny Day Service TOUR in SEOUL, APF CONCERTS PRESENTS, Sunny Day Service TOUR in SEOUL",(주) 에이피에프컴퍼니(APF COMPANY),대중음악,,,AG018869
"코리아 비트박스 챔피언쉽, 코리아 비트박스 챔피언쉽, 코리아 비트박스 챔피언쉽",(주) 에일뮤직 (AEYLMUSIC),대중음악,,,AG019274
"Guns N' Roses World Tour in Korea, Guns N' Roses World Tour in Korea, Yngwie Malmsteen: THE 40th ANNIVERSARY TOUR",(주) 에잇피엠 엔터테인먼트,대중음악,02-515-2709,,AG017438
꿈꾸는 허수아비,(주) 에쿠우스엔터,복합,,http://www.equusenter.co.kr,AG018853
"AxMxP CONCERT: X VERSE, AxMxP CONCERT: X VERSE, AxMxP CONCERT: X VERSE",(주) 에프엔씨엔터테인먼트(FNC ENTERTAINMENT),복합,02-517-5426,https://www.fncent.com/,AG005806
"DIVINE MEMORY [광주], DIVINE MEMORY [광주], DIVINE MEMORY [광주]",(주) 엑스온스튜디오 (XON Studios),복합,031-975-0237,https://xon.co.kr/,AG018914
제이의 매직랜드 (앵콜),(주) 엔에스프로덕션,복합,010-2079-4561,,AG017131
"지브리 & 디즈니 오케스트라 콘서트 (11.15), 지브리 & 디즈니 오케스트라 콘서트 (11.15), 지브리 & 디즈니 오케스트라 콘서트 (11.15)",(주) 엔오에이 (NOA Inc.),서양음악(클래식),,,AG018462
"조커 [대학로], 조커 [대학로], 조커 [대학로]",(주) 엔제이원,뮤지컬,02-538-1586,,AG018475
"CHROMA KEY 005: MOVE AS ONE, CHROMA KEY 005: MOVE AS ONE, CHROMA KEY 004: FULL VOLUME [인천]",(주) 엔타시아,복합,,,AG017666
"임창情 콘서트: 다시, 우리의 시간을 노래하다 [성남], 임창情 콘서트: 다시, 우리의 시간을 노래하다 [성남], 임창정 30주년 콘서트: 촌스러운 콘서트 [서울 (앵콜) ]",(주) 엠박스 엔터테인먼트(Mbox Ent.),대중음악,,https://www.instagram.com/mbox_ent/,AG018559
"로미오와 줄리엣 [서울 서초], 로미오와 줄리엣 [서울 서초], 로미오와 줄리엣 [서울 서초]",(주) 엠스텐,뮤지컬,010-9211-7132,,AG017691
"막심 므라비차 메가밴드 내한공연 [대구], 막심 므라비차 메가밴드 내한공연 [대구], 막심 므라비차 메가밴드 내한공연 [부산]",(주) 엠씨알에이치그룹(MCRH GROUP),서양음악(클래식),,https://www.mcrhgroup.com/,AG016860
"옥주현 with Friends 뮤지컬 콘서트 [춘천], 뮤지컬 넘버원 콘서트 [춘천]",(주) 엠에스투데이(MS TODAY),복합,033-256-3300,https://www.mstoday.co.kr/,AG018058
"아웃캐스트, 아웃캐스트, 스톤 [대학로]",(주) 엠제이스타피시(MJStarfish),뮤지컬,010-2469-6524,,AG005436
"블랙홀 35주년 기념공연, 블랙홀 & 정홍일, Twin Concert: Rock으로 대동단결, 블랙홀 콘서트 [부산]",(주) 엠케이비(MKB),대중음악,,,AG016335
메타노이아,(주) 여가,연극,,,AG017013
"하루 첫 팬 콘서트: 오늘, 하루: 처음 들려주는 이야기 [부산], 하루 첫 팬 콘서트: 오늘, 하루: 처음 들려주는 이야기 [부산], 하루 첫 팬 콘서트: 오늘, 하루: 처음 들려주는 이야기 [서울]",(주) 여가엔수,대중음악,,,AG018374
"최백호 & 정훈희, 낭만콘서트 [포천]",(주) 영마이,대중음악,,,AG016954
"김용빈 콘서트: 세레나데, 김용빈 콘서트: 세레나데",(주) 오네스타컴퍼니,대중음악,,,AG022339
"리스닝 룸, 이츠 음감회 콘서트 #1 (추가공연), 리스닝 룸, 이츠 음감회 콘서트 #1 (추가공연), 리스닝 룸, 이츠 음감회 콘서트 #1 (추가공연)",(주) 오드삼삼ODD33,대중음악,,https://www.instagram.com/odd33_/,AG019094
"카스쿨 페스티벌 (CassCool Festival), CassCool Festival",(주) 오비맥주,대중음악,,www.beer.co.kr,AG019187
V8 Pre-Listening Party,(주) 오어(OOR),대중음악,,,AG021918
"허각 전국투어 콘서트, 공연각: 사이 [대전], 허각 전국투어 콘서트, 공연각: 사이 [부산], 허용별 콘서트: 보컬 전쟁 시즌2 The War of Vocalists Ⅱ [제주]",(주) 오에스프로젝트,대중음악,,,AG016850
JENNIE: The Ruby Experience,(주) 오에이엔터테인먼트(Odd Atelier),대중음악,,https://oddatelier.net/,AG018386
"정준일 소극장 콘서트: 피아노 여름 목소리, 정준일 콘서트: 봄 여름 가을 이별, 정준일 콘서트: 봄 여름 가을 이별","(주) 오오에이에스 (OOAS Co., Ltd.)",대중음악,,https://www.instagram.com/loveidococococo,AG017162
"온오프믹스와 함께하는 뮤지컬 클래스 Season 7: The Concert, 온오프믹스와 함께하는 뮤지컬 클래스 Season 6: The Concert, 온오프믹스와 함께하는 뮤지컬 클래스 Season5: The Concert",(주) 온오프믹스 (onoffmix),복합,02-6080-5579,https://onoffmix.com/,AG019122
"올림뮤직 예술단 창단 연주회, 송년음악회: 사랑이라는 이름으로",(주) 올림뮤직(Ollim Music),서양음악(클래식),,https://www.instagram.com/ollimmusic/,AG017926
"제26회 밀양공연예술축제, 미세스 마캠, 미세스 마캠 [제주], 미세스 마캠 [제주]",(주) 올빛컴퍼니,연극,,,AG016968
"안동 K-POP 콘서트, 안동 K-POP 콘서트",(주) 와이낫커뮤니케이션,대중음악,,,AG012440
"baby selects, Westwood (웨스트우드) 서울 공연, baby selects, RAVE Fest pt.2: Brutalismus 3000 내한공연, baby selects, RAVE Fest pt.2: Brutalismus 3000 내한공연",(주) 와이드비전에이전시,대중음악,,,AG019392
"애니 [세종시], 애니 [세종시], 애니",(주) 와이엔케이홀딩스(YNK Holdings),뮤지컬,,,AG016921
"pH-1 Concert: HOUSE PARTY, pH-1 Concert: HOUSE PARTY, pH-1 Concert: HOUSE PARTY",(주) 와이지플러스,대중음악,010-7470-9967,,AG016780
"조용필 & 위대한탄생 전국투어 콘서트 [서울], 조용필 & 위대한탄생 전국투어 콘서트 [광주], 조용필 & 위대한탄생 전국투어 콘서트 [인천]",(주) 와이피씨 (YPC),대중음악,,https://choyongpil.com/,AG012597
"CHRISTMAS MUSIC FESTIVAL in SEONGSU, CHRISTMAS MUSIC FESTIVAL in SEONGSU, 크리스마스 뮤직 페스티벌 (CHRISTMAS MUSIC FESTIVAL) [서울 성수]",(주) 우오산,대중음악,,,AG020708
"울산뮤직페스티벌, 쇼! 음악중심, 울산뮤직페스티벌, 쇼! 음악중심, 울산뮤직페스티벌, 쇼! 음악중심",(주) 울산문화방송,복합,052-290-1114,http://www.usmbc.co.kr/,AG003796
이 무지치 베네치아니 초청공연 [부산],(주) 움(UM PRODUCTION),서양음악(클래식),,,AG018290
박소영 바이올린 독주회,(주) 원건축,복합,,,AG017858
"2AM 정진운 Shaking Party Concert [이태원], 2AM 정진운 Shaking Party Concert [이태원], KIMHYUNJOONG WORLD TOUR : FILAMENT [서울]",(주) 원트리즈뮤직(WantreezMusic),대중음악,070-4617-5755,https://techntree.com/,AG016176
"THE BOYZ CONCERT: INTER-ZECTION, THE BOYZ CONCERT: INTER-ZECTION, THE BOYZ: THE BLAZE WORLD TOUR [서울]",(주) 원헌드레드레이블(One Hundred Label),대중음악,,https://www.instagram.com/100red_official,AG018249
"미드나잇 피크닉 페스티벌, 미드나잇 피크닉 페스티벌",(주) 위고온,대중음악,033-636-0328,https://mipic.co.kr/,AG006374
"컨테이너, 컨테이너, 벙어리장갑 [부산]",(주) 위너스아트컴퍼니,연극,070-7576-1086,https://www.culture.go.kr/ticket/company/detail/TA001352,AG007141
"BANG & JUNG & YOO & MOON ENCORE CONCERT: Farewell, Earth [앵콜]",(주) 위메이크더쇼(WE MAKE THE SHOW),대중음악,,https://wemake.show/,AG018090
"그날들 [이천], 그날들 [부산], 그날들 [광주]",(주) 위즈덤엔터테인먼트,연극,,,AG018271
"정동하 팬콘서트: Chapter. Ⅱ, 정동하 팬콘서트: Chapter. Ⅱ, 정동하 팬콘서트: Chapter. Ⅱ",(주) 위즈온센(WYS EN SCÈNE),복합,,https://www.instagram.com/wys.en.scene/,AG018913
"모두의 김종서 NO.4, 모두의 김종서, 모두의 김종서",(주) 윈원엔터테인먼트,대중음악,,,AG018749
"제6회 레페만돌린기타앙상블 정기연주회: 만돌린의 詩, 제6회 레페만돌린기타앙상블 정기연주회: 만돌린의 詩, 제5회 레페만돌린기타앙상블 정기연주회: Hello Winter",(주) 유넷피아,대중음악,,,AG012829
"도유카 단독 콘서트 Vol.3 Again, The Sound, 도유카 단독 콘서트 Vol.3 Again, The Sound, 김뮤지엄 단독 콘서트: Eternal Airline",(주) 유니버스타운(UNIVERSE TOWN),대중음악,02-566-1884,https://www.universetown.com/,AG018264
"정다한 디너콘서트 [안산], 정다한 디너콘서트 [안산], 정다한 데뷔 10주년 기념 콘서트 [안산]",(주) 유엠케이,대중음악,010-4004-1544,,AG018423
"더 레시피 [안동], 드라랄라 치과, 내 친구 워렌버핏 [서울 강남 (앵콜) ]",(주) 유유상생,뮤지컬,,https://www.instagram.com/yuyusangsaeng_production/,AG018775
"윤수일 BAND 50주년 콘서트 [진주], 윤수일 BAND 50주년 콘서트 [진주], 여수 세계섬박람회 성공기원 데뷔 50주년 기념 윤수일 BAND 전국투어 콘서트 [여수]",(주) 윤수일,대중음악,,,AG018752
"ACC 수요극장, 베를린 필하모닉 카메라타, SAC on SCREEN, 베를린 필하모닉 카메라타, GAC 화요극장, 베를린 필하모닉 카메라타",(주) 이건산업,복합,032-760-0800,https://www.eagon.com:5011/,AG006445
"이노마스 뮤직 시리즈 2 [대구], 이노마스 뮤직 시리즈 2 [대구], 이노마스 뮤직 시리즈 [부산]",(주) 이노마스,대중음악,,,AG018274
"ALL (H) OURS 1st FANCON: ALL the HOURS [서울 (앵콜) ], ALL (H) OURS 1st FANCON: ALL the HOURS [서울 (앵콜) ], ALL (H) OURS 1st FANCON: ALL the HOURS [서울]",(주) 이든엔터테인먼트(EDEN Ent.),대중음악,02-561-9363,http://www.edenenter.com/,AG018474
"체리블라썸 뮤직콘서트 인 윈터, 체리블라썸 뮤직콘서트 인 윈터, 체리블라썸 뮤직콘서트 인 윈터",(주) 이디아,대중음악,,http://www.edia-mice.com/,AG018388
"쎄시봉: The Last Concert [대전], 쎄시봉: The Last Concert [대전], 쎄시봉: The Last Concert [대전]",(주) 이디엔터테인먼트,연극,070-7425-2101,https://www.facebook.com/%EC%9D%B4%EB%94%94%EC%97%94%ED%84%B0%ED%85%8C%EC%9D%B8%EB%A8%BC%ED%8A%B8-197349310403010,AG004410
"ESCAPE KOREA, EDC KOREA, EDC KOREA",(주) 이디엠앤코,대중음악,02-3490-2185,,AG006542
"싱어게인3 TOP10 전국투어 [제주], 싱어게인3 TOP10 전국투어 [제주]",(주) 이룸컴퍼니,복합,064-745-3233,https://erumcompany.com/,AG016340
"IMAGINE the Stage, IMAGINE #01: DECEMBER, IMAGINE the Stage, IMAGINE #01: DECEMBER, IMAGINE the Stage, IMAGINE #01: DECEMBER",(주) 이매진프로,연예,,,AG017635
"캐빈 [서울], 르 마스크, 보이스 오브 햄릿",(주) 이모셔널씨어터,뮤지컬,02-2038-8680,,AG017881
"백투더트랙 전국투어 콘서트 vol.1 [대구], 백투더트랙 전국투어 콘서트 vol.1 [대구], 백투더트랙 전국투어 콘서트 vol.1 [창원]",(주) 이앤시,대중음악,,,AG017425
"제61회 극단서울 정기공연, 베니스의 상인 (The Merchant of Venice), ANNE: The Musical from Green Gables, 십이야",(주) 이엠씨에듀테인먼트(EMC Edutainment),뮤지컬,,,AG013814
"XR 공연, 도채비 [제주], XR 공연, 도채비 [제주]",(주) 인스피어,복합,064-787-7898,,AG017679
현역가왕 전국투어 콘서트 [제주],(주) 인싸이트이앤씨,대중음악,02-1522-2553,https://insightencbae.wordpress.com/,AG017293
"폴포츠 내한 공연: Prime Time [익산], 폴포츠 내한 공연: Prime Time [군산], 폴포츠 내한 공연: Prime Time [함안]",(주) 인코다뮤직(InCoda Music),서양음악(클래식),02-363-2202,https://www.incodamusic.com/,AG018369
"INFINITE 15TH ANNIVERSARY CONCERT: LIMITED EDITION [인천 (앵콜) ], INFINITE 15TH ANNIVERSARY CONCERT: LIMITED EDITION [인천 (앵콜) ], INFINITE 15TH ANNIVERSARY CONCERT: LIMITED EDITION",(주) 인피니트컴퍼니(INFINITE),대중음악,,https://www.instagram.com/infinitecompany_official,AG017685
"DCH 라이브 클럽 with 안일구, 온: 콘서트, 루미넬라 듀오의 네 손이 그리는 환상 이야기, 온: 콘서트, 루닐스라운지: DUOLOGUE",(주) 일상의 온쉼표,서양음악(클래식),010-2226-6000,,AG017453
"에코와 멜로디의 애니멀심포니, 에코와 멜로디의 애니멀심포니",(주) 일상의클래식,서양음악(클래식),,,AG018599
무대를 빌려드립니다 리딩쇼케이스,(주) 자유문화발전소,뮤지컬,,,AG018375
"연합뉴스TV 개국 14주년 송년음악회, 데이 데이 콘서트 Ⅰ. 유다빈밴드 X 범진 [안양], 데이 데이 콘서트 Ⅱ, 양다일 X 디에이드 [안양]",(주) 제로스프로덕션,대중음악,02-400-9801,http://zerothproduction.com/,AG017824
"휘성 X KCM 콘서트 [전주], 이재원 단독 콘서트: ONCE AGAIN [서울], 김원준 & 조성모 콘서트: SHOW! HEAVEN [목포]",(주) 제스(zes),대중음악,,www.thezes.com,AG014621
"맘마미아 아바걸스 내한공연 [서울], 맘마미아 아바걸스 [천안], 심수봉 전국투어콘서트 [천안]",(주) 제이드림,대중음악,,http://www.j-dream.kr/,AG011164
"EARTHING (어싱), 박재홍 & 성기문 RECITAL: 소곡집 [서울], 서울전자음악단 원주공연",(주) 제이에이치엔터테인먼트,대중음악,010-4913-2889,,AG016433
"올모스트 메인, 올모스트 메인, 올모스트 메인",(주) 제이와이드컴퍼니,복합,02-571-5882,http://www.jwide.co.kr/sub/main.php,AG007217
"AMAZON DJ WATER FESTIVAL [전주], AMAZON DJ WATER FESTIVAL [전주], 레트로 슈퍼콘서트 [대구]",(주) 주원컴퍼니,대중음악,063-252-0615,https://www.youtube.com/channel/UCbEwo6XTljt5E_xywIjNfxA,AG013264
뚜껑없는 열차,(주) 준키네엔터테인먼트,연극,,,AG018887
"김용진 콘서트: Breathe, 더가이즈, 마흔즈음에: 김광석을 노래하다 [부산]",(주) 중독자,연극,02-597-9328,https://www.facebook.com/smileholic1/,AG003442
"피아니스트 김정원 전국투어 리사이틀 [청주], 김정원 피아노 리사이틀: 자화상 (Dear myself) [청주]",(주) 중부매일신문,복합,043-275-3011,https://www.jbnews.com/,AG017612
"Utagokoro Rie Concert: Sing A Life [서울], Utagokoro Rie Concert: Sing A Life [서울], YOUNGJAE ASIA TOUR: Fermata",(주) 지니어스,대중음악,,,AG017105
"매직 인 버블랜드 [용인], 매직 인 버블랜드 [인천], 빨간머리앤의 풍선동화 [용인]",(주) 지니크리에이티브,서커스/마술,,,AG018201
"뷰티풀라이프, 뷰티풀라이프, 대학로 명품 연극시리즈, 뷰티풀 라이프 [거제]",(주) 지안컴퍼니,연극,02-719-0988,https://blog.naver.com/ziancompany,AG004577
"반짝반짝 달님이: 내동생은 천하무적 [대구], 반짝반짝 달님이: 내동생은 천하무적",(주) 지키페,뮤지컬,,,AG018169
"차이코프스키 챔버 오케스트라 창단연주회, 미로슬라브 꿀띠쉐프 X 세르게이 타라소프, 라흐마니노프 피아노 협주곡, 아시안 닥터스 오케스트라 콘서트",(주) 차이코프스키 씨앤씨(차이코프스키 C&C),서양음악(클래식),,,AG016562
"ILHOON 단독 콘서트: MAEDUP, ILHOON 단독 콘서트: MAEDUP",(주) 카펜터즈아트리퍼블릭 (Carpenterz Art Republic),연예,,,AG018758
"노영심 어쩌면 작은음악회, 노영심 어쩌면 작은음악회",(주) 칼라엔터(CALLA Ent.),대중음악,02-545-8393,https://callaent.com/,AG018278
"레인보우 버블젬: 흩어진 버블젬을 찾아라! [대전], 레인보우 버블젬: 흩어진 버블젬을 찾아라! [제주], 레인보우 버블젬: 흩어진 버블젬을 찾아라! [안산]",(주) 캠프파이어애니웍스(CAMPFIRE ANIWORKS),뮤지컬,,https://www.campfireani.com/,AG018478
"김용필 콘서트: 뷰티풀 라이프 [부산], 김용필 콘서트: 뷰티풀 라이프 [부산], 김용필 콘서트: 뷰티풀 라이프 [부산]",(주) 컨셉케이컴퍼니 CONCEPT.K COMPANY,대중음악,,https://concept-k.co.kr/,AG017198
"제4회 월드 판소리 페스티벌, 청년 소리꾼 판소리 100일 독공 지원사업 결과발표회: 고선화의 적벽가 완창, 돈화문 전통생활문화축제, 돈화문 국악위크: 사이... 소리... 숨...",(주) 컬처브릿지,대중음악,,https://culturebridge.kr/main/main.html,AG018094
누가 이 사람을 모르시나요 [성남],(주) 컬쳐플러스,연극,,,AG016258
"헬로, 더 헬: 오델로, 세자매, 여도",(주) 컴퍼니다(company DA),연극,,,AG006304
"신유 단독 콘서트: 시작 [부산], 해피투게더 with 민수현 [서울]",(주) 컴퍼니첼로,대중음악,,,AG017451
"ACC 수요극장, 토스카 (영상화), ACC 수요극장, 백조의 호수 (영상화), On Screen Concert, 할리우드 갈라 콘서트 [부산] (영상화)",(주) 케빈앤컴퍼니(kevin&company),서양음악(클래식),,http://kevinncompany.com/,AG018253
왓 이프,(주) 케이아이엔티 (K.I ENT),뮤지컬,,,AG013241
"윤수일 BAND 50주년 전국투어 콘서트, 유미 콘서트: YOU ME STAR IS BORN, 유미 콘서트: YOU ME STAR IS BORN",(주) 케이지에이치(KGH inc),대중음악,,,AG016779
"제3회 인디뮤직페스티벌 인디오텀: In-die-Autumn, 제3회 인디뮤직페스티벌 인디오텀: In-die-Autumn",(주) 케이투에이치,대중음악,,http://k2hent.com/,AG018227
"KT & G 상상실현 페스티벌 [춘천], KT & G 상상실현 페스티벌 [춘천], RECORDING & PLAY TOUR, 브로콜리너마저: 우리는 모두 실패할 것을 알고 있어요 [춘천]",(주) 케이티앤지(KT&G),복합,080-931-0399,https://www.ktng.com/,AG017196
"내 하나의 사람은 가고, 내 하나의 사람은 가고",(주) 코너스톤 컬쳐&컨텐츠,뮤지컬,,,AG017795
"제16회 대한민국오페라페스티벌, 코리아아르츠그룹: 도산, 이수인 추모 3주기 가곡제, 별을 그리다, 이수인 추모 3주기 가곡제, 별을 그리다",(주) 코리아아르츠그룹,서양음악(클래식),02-557-5587,,AG016033
"비밀통로: INTERVAL [대구], 비밀통로: INTERVAL, 비밀통로: INTERVAL",(주) 콘텐츠 합,연극,,,AG014044
"마하랑 떠나요, 수도SONG 세계여행 [고양]",(주) 퀸컴퍼니(QUEEN COMPANY),뮤지컬,010-2531-1991,,AG018282
"리처드 용재 오닐: 바흐 소사이어티 [서울], 리처드 용재 오닐: 바흐 소사이어티 [서울], 율리우스 아살 피아노 리사이틀 [서울]",(주) 크레디아뮤직앤아티스트,서양음악(클래식),02-741-1524,http://www.credia.co.kr/,AG006076
"현역가왕3 with 현역가왕 패밀리 페스티벌 [대구], 현역가왕3 with 현역가왕 패밀리 페스티벌, 현역가왕3 with 현역가왕 패밀리 페스티벌 [부산]",(주) 크레아스튜디오,대중음악,,,AG013085
"제182회 아트엠콘서트, 강승민 첼로 리사이틀, 제178회 아트엠콘서트, 조가람 피아노 리사이틀, 제177회 아트엠콘서트, 조성호 & 유지홍 듀오 리사이틀",(주) 크리스텔라,서양음악(클래식),,,AG016363
"SPLASH FESTIVAL [부산], SPLASH FESTIVAL [부산], SPLASH FESTIVAL [부산]",(주) 크리에이티브올,대중음악,070-8648-1906,https://daolgroup.kr/,AG022013
"김성연의 마임세계 (世界), 옥천여관",(주) 테오니스(THEONIX),연극,,,AG016351
"킬링시저, 킬링시저, 킬링시저",(주) 토브씨어터컴퍼니,연극,02-6464-0965,,AG018681
"루니 벌룬쇼: 정글 탐험대 [세종], 뚝딱뚝딱 예술놀이터 [대구], 뚝딱뚝딱 예술놀이터 [대구]",(주) 통아트,서커스/마술,,,AG017998
"어게인 투란도트: 12월의 투란도트 (12.31), 어게인 투란도트: 12월의 투란도트",(주) 투란도트문화산업전문회사,서양음악(클래식),,,AG016942
임한별의 별 (別) 연말 콘서트: 크리스마스타 (A Christmas' Star) [부산],(주) 트리즈컴퍼니(Triz Company),대중음악,02-6959-2353,https://www.trizcompany.com/,AG017764
K-메가아일랜드 페스티벌 [여수],(주) 티모스미디어,대중음악,,,AG019182
"미스터트롯3 TOP7 콘서트 [부산], 미스터트롯3 전국투어 콘서트 [고양], 미스터트롯3 전국투어 콘서트 [포항]",(주) 티브이조선이앤엠(TV조선 E&M),대중음악,,https://www.instagram.com/tvchosunenm/,AG018572
"누가 내 머리에 똥 쌌어? [거제], 콧구멍을 후비면 [광주]",(주) 티제이컴퍼니,대중음악,,,AG018372
"tobi lou: Same Old Jeans 투어 [서울], tobi lou: Same Old Jeans 투어 [서울], tobi lou: Same Old Jeans 투어 [서울]",(주) 팀스팟(TEAM SPOT),대중음악,,https://www.papatony.cyou/,AG018591
"미라클 [울산], 아랑, 원령설화, 아랑, 원령설화",(주) 파란달,한국음악(국악),02-742-7262,https://www.facebook.com/performergroupparandal/,AG003752
"시뮬라시옹, 힐마운트 더퍼스트 센트럴포레로얄그랜드 스타파크 위례시티, 힐마운트 더퍼스트 센트럴포레로얄그랜드 스타파크 위례시티",(주) 파란오이,연극,,,AG016477
"YVES COSMIC CRISPY TOUR [서울], TUNE UP STAGE, blah (블라) 첫 단독 콘서트: 한 번 더 안녕, TUNE UP STAGE, blah (블라) 첫 단독 콘서트: 한 번 더 안녕",(주) 파익스퍼밀(PAIX PER MIL),대중음악,,https://www.instagram.com/paixpermil/,AG018103
옹알스 [대전],(주) 파인아트컴퍼니,뮤지컬,,,AG018114
"PAPA x 프라임필하모닉 기획 시리즈: The Rising [군포], PANG X 헤르만아트홀 기획공연 시리즈, 남예서 피아노 리사이틀, PANG X 헤르만아트홀 기획공연 시리즈, 남예서 피아노 리사이틀",(주) 팡프로덕션(PANG Production),서양음악(클래식),,https://pangproduction.net/,AG019033
"엄마까투리: 유치원도, 도시도 처음이야 [전주], 엄마까투리: 유치원도, 도시도 처음이야 [전주], 엄마까투리: 유치원도, 도시도 처음이야 [전주]",(주) 퍼니플럭스(FunnyFlux),뮤지컬,02-376-0791,http://www.funnyflux.kr/index.do,AG015035
"산문 극장 연습, 화성에서의 나날: 파트 1 [대학로]",(주) 퍼포밍아츠네트워크,복합,02-2138-2085,https://stagepan.co.kr/,AG017189
VANNER 1ST CONCERT: THE FLAG: A TO V [서울 (앵콜) ],(주) 퍼플카우(PURPLE COW),대중음악,,https://www.instagram.com/purplecow_inc/,AG016551
"GHOST STAGE (마왕 신해철 11주기 헌정 콘서트), 들국화, 전인권 40주년 콘서트: 마지막 울림, 들국화, 전인권 40주년 콘서트: 마지막 울림",(주) 펀앤펀,서양음악(클래식),,,AG018692
코리아 그랜드 뮤직 어워즈 [인천],(주) 펑키스튜디오,대중음악,,,AG017711
"곤 투모로우 [대학로], 곤 투모로우 [대학로], 서편제 [서울]",(주) 페이지원(Page1),뮤지컬,02-797-9559,http://page1company.com/,AG007673
"MAQIA presents ONEMAN TOUR: Tomoshibi, MAQIA presents ONEMAN TOUR: Tomoshibi, Pinyo Live Tour: ASTRO",(주) 풀다이브 Fulldive,대중음악,,https://fulldive.live/,AG019032
"접화군생 풍류도종로 타악연주발표회, 접화군생 풍류도종로 타악연주발표회",(주) 풍류도,한국음악(국악),,,AG018715
"LUCKLIFE TOUR: Dreamer Believer [서울], LUCKLIFE TOUR: Dreamer Believer [서울], LOTTE OST FESTIVAL, 히사이시 조 X 로열 필하모닉 오케스트라 스페셜 투어",(주) 프로막스코리아(PROMAXKOREAInc.),복합,,,AG016934
