perf_id,title,genre,venue_name,perf_start_date,perf_end_date,total_ticket_sales_qty,verified_video_count
PF285931,"제209회 국립발레단 정기공연, 백조의 호수",무용(서양/한국무용),예술의전당 [서울] 오페라극장,2026-04-07,2026-04-12,13279,0
PF261034,"제204회 국립발레단 정기공연, 카멜리아 레이디",무용(서양/한국무용),예술의전당 [서울] 오페라극장,2025-05-07,2025-05-11,8218,1
PF266067,"제206회 국립발레단 정기공연, 인어공주",무용(서양/한국무용),예술의전당 [서울] 오페라극장,2025-08-13,2025-08-17,7601,0
PF287859,"서울예술단, 나빌레라 [서울 서초]",뮤지컬,예술의전당 [서울] CJ 토월극장,2026-05-02,2026-05-17,6935,1
PF279879,제142회 광주시립발레단 정기공연: 호두까기 인형 [광주],무용(서양/한국무용),광주 예술의 전당 대극장,2025-12-19,2025-12-21,5748,0
PF258352,국립오페라단 정기공연 오페라: 트리스탄과 이졸데,서양음악(클래식),예술의전당 [서울] 오페라극장,2025-12-04,2025-12-07,5655,2
PF258347,국립오페라단 정기공연 오페라: 세 개의 오렌지에 대한 사랑,서양음악(클래식),예술의전당 [서울] 오페라극장,2025-06-26,2025-06-29,4990,2
PF234671,"대전시립연정국악단, 토요국악",한국음악(국악),대전시립연정국악원 작은마당,2024-03-09,2024-11-23,4382,1
PF254412,"제139회 광주시립발레단 정기공연, 호두까기 인형",무용(서양/한국무용),광주 예술의 전당 대극장,2024-12-20,2024-12-21,4377,1
PF285068,국립오페라단 정기공연: 베르테르,서양음악(클래식),예술의전당 [서울] 오페라극장,2026-04-23,2026-04-26,4195,2
PF235602,더 북 [수원],뮤지컬,정조테마공연장,2024-03-09,2024-04-28,3973,2
PF221326,이상한 엄마 [여수],뮤지컬,GS칼텍스 예울마루 대극장,2023-09-14,2023-09-16,3853,1
PF273739,서편제; The Original [서울],뮤지컬,국립정동극장,2025-10-17,2025-11-09,3625,0
PF269008,달샤베트 [구미],뮤지컬,구미시문화예술회관 대공연장,2025-09-06,2025-09-07,3596,1
PF249683,"제138회 광주시립발레단 정기공연, 코펠리아",무용(서양/한국무용),광주 예술의 전당 대극장,2024-10-18,2024-10-19,3042,1
PF271681,"국립극단, 젤리피쉬",연극,국립극단 [명동] 명동예술극장,2025-09-12,2025-09-21,3013,2
PF241938,"제18회 DIMF 공식초청작, 미싱링크 [대구]",뮤지컬,대구문화예술회관 팔공홀,2024-07-03,2024-07-07,2962,2
PF256447,"기획초청 Pick크닉, 유원",연극,국립극단 [명동] 명동예술극장,2025-01-24,2025-02-02,2897,2
PF240595,"경산시립극단, 원효와 요석",뮤지컬,천마아트센터 그랜드홀,2024-05-10,2024-05-11,2702,1
PF262183,"ACC 퍼니, 천개의 파랑",뮤지컬,국립아시아문화전당 극장1,2025-05-30,2025-05-31,2702,1
PF270404,로제타,연극,국립극단 [명동] 명동예술극장,2025-08-23,2025-08-31,2661,1
PF264452,"부산 콘서트홀 개관 페스티벌: 사랑으로 부르는 자유, 피델리오 [부산]",서양음악(클래식),부산콘서트홀 콘서트홀,2025-06-27,2025-06-28,2552,0
PF265251,정글북 [안동],뮤지컬,안동문화예술의전당 웅부홀,2025-10-24,2025-10-25,2550,1
PF259097,"예술의전당 교향악축제, 국립심포니오케스트라 (04.10)",서양음악(클래식),예술의전당 [서울] 콘서트홀,2025-04-10,2025-04-10,2504,2
PF233056,"서울시향 얍 판 츠베덴의 새로운 시작 ①, 음악감독 취임 연주회",서양음악(클래식),예술의전당 [서울] 콘서트홀,2024-01-25,2024-01-25,2502,0
PF259083,"예술의전당 교향악축제, 경기필하모닉오케스트라 (04.20)",서양음악(클래식),예술의전당 [서울] 콘서트홀,2025-04-20,2025-04-20,2498,0
PF285082,"예술의전당 교향악축제, 경기필하모닉오케스트라 (04.18)",서양음악(클래식),예술의전당 [서울] 콘서트홀,2026-04-18,2026-04-18,2481,0
PF232684,"제251회 국립심포니오케스트라 정기연주회: 스트라빈스키, 페트루슈카",서양음악(클래식),예술의전당 [서울] 콘서트홀,2024-08-31,2024-08-31,2455,0
PF240292,"제137회 광주시립발레단 정기공연, DIVINE",무용(서양/한국무용),광주 예술의 전당 대극장,2024-05-24,2024-05-25,2441,0
PF256403,"기획초청 Pick크닉, 파랑새 & 전락",연극,국립극단 [명동] 명동예술극장,2025-02-08,2025-02-16,2433,2
PF232724,"국립심포니오케스트라, 음악의 얼굴 베를리오즈, 환상교향곡",서양음악(클래식),예술의전당 [서울] 콘서트홀,2024-05-12,2024-05-12,2366,1
PF281245,"제262회 국립심포니오케스트라 정기연주회: 시벨리우스, 교향곡 2번",서양음악(클래식),예술의전당 [서울] 콘서트홀,2026-03-07,2026-03-07,2362,1
PF256784,"제260회 국립심포니오케스트라 정기연주회: 쇼스타코비치, 교향곡 11번",서양음악(클래식),예술의전당 [서울] 콘서트홀,2025-12-06,2025-12-06,2347,2
PF277428,서울시향 니콜라이 루간스키의 쇼팽 피아노 협주곡 1번 ①,서양음악(클래식),예술의전당 [서울] 콘서트홀,2026-02-12,2026-02-12,2333,0
PF258379,"국립오페라단 정기공연 한국현대오페라, 화전가",서양음악(클래식),예술의전당 [서울] 오페라극장,2025-10-25,2025-10-26,2332,0
PF277020,"누구나 클래식, 다니엘의 해설클래식: 차이콥스키와 발레음악 (11월)",서양음악(클래식),세종문화회관 세종대극장,2025-11-18,2025-11-18,2329,1
PF256779,"제254회 국립심포니오케스트라 정기연주회: 베토벤, 교향곡 9번 합창",서양음악(클래식),예술의전당 [서울] 콘서트홀,2025-02-16,2025-02-16,2316,1
PF256786,"제255회 국립심포니오케스트라 정기연주회: 베르디, 레퀴엠",서양음악(클래식),예술의전당 [서울] 콘서트홀,2025-03-09,2025-03-09,2305,1
PF259188,"대전시립무용단, 헨젤과 그레텔",무용(서양/한국무용),대전예술의전당 앙상블홀,2025-04-02,2025-04-05,2253,1
PF235055,"부산시립합창단, 피노키오와 파란마녀",뮤지컬,부산문화회관 대극장,2024-05-03,2024-05-04,2241,2
PF239323,서울시향과 유니세프가 함께하는 아주 특별한 콘서트,서양음악(클래식),이화여자대학교 대강당,2024-05-04,2024-05-04,2228,2
PF276885,"대전시립무용단, 춤으로 그리는 동화: 헨젤과 그레텔 [대전 (앵콜) ]",무용(서양/한국무용),대전예술의전당 앙상블홀,2025-12-17,2025-12-20,2216,0
PF225394,이상한 엄마 [전주],뮤지컬,한국소리문화의전당 모악당,2023-10-12,2023-10-14,2201,2
PF232740,"국립심포니오케스트라: 음악의 얼굴 드보르자크, 교향곡 7번",서양음악(클래식),예술의전당 [서울] 콘서트홀,2024-07-21,2024-07-21,2197,1
PF253110,서울시향 얍 판 츠베덴과 김봄소리 ①,서양음악(클래식),예술의전당 [서울] 콘서트홀,2025-10-01,2025-10-01,2185,1
PF253049,서울시향 얍 판 츠베덴과 이매뉴얼 액스 ①,서양음악(클래식),예술의전당 [서울] 콘서트홀,2025-11-27,2025-11-27,2178,1
PF230598,"국립국악관현악단, 어린이 음악회 노래놀이: 별별땅땅",한국음악(국악),국립극장 하늘극장,2024-04-25,2024-05-05,2174,2
PF239546,"키즈 페스타 in 포항, 장수탕 선녀님 [포항]",뮤지컬,포항문화예술회관 대공연장,2024-05-24,2024-05-25,2159,0
PF277440,서울시향 필리프 조르당의 브루크너 교향곡 9번 ②,서양음악(클래식),예술의전당 [서울] 콘서트홀,2026-01-30,2026-01-30,2158,1
PF258512,"다담: 차, 이야기, 우리음악으로 행복해지는 시간",한국음악(국악),국립국악원 우면당,2025-02-26,2025-11-26,2140,0
PF230367,서울시향 얍 판 츠베덴의 환희의 송가,서양음악(클래식),롯데콘서트홀,2024-12-19,2024-12-20,2130,2
PF288478,"대전시립교향악단 디스커버리 시리즈3, EQ-UP 콘서트: 호두까기 인형",서양음악(클래식),대전예술의전당 아트홀,2026-04-29,2026-04-30,2127,0
PF252621,"국립극단 x 대전예술의전당 공동제작, 십이야 [대전]",연극,대전예술의전당 앙상블홀,2024-12-21,2024-12-27,2117,1
PF241947,"대전시립교향악단, 디스커버리 시리즈 6: EQ-UP 콘서트, 피터와 늑대",서양음악(클래식),대전예술의전당 아트홀,2024-06-27,2024-06-28,2102,0
PF259094,"예술의전당 교향악축제, 부천필하모닉오케스트라 (04.11)",서양음악(클래식),예술의전당 [서울] 콘서트홀,2025-04-11,2025-04-11,2100,0
PF269552,제1회 전국 국공립무용단 전통춤 축제: 대한민국 전통춤 축제,무용(서양/한국무용),국립극장 해오름극장,2025-10-30,2025-10-31,2099,0
PF244872,매달린 집: 캐나다 희곡의 발견 [수원],연극,경기아트센터(구. 경기도문화의전당) 소극장,2024-08-31,2024-09-08,2068,0
PF245617,"기획초청 Pick크닉, 배소고지 이야기; 기억의 연못",연극,국립극단 [명동] 명동예술극장,2024-08-31,2024-09-08,2059,1
PF252417,"대전시립무용단, 옹고집전 [대전 (앵콜) ]",무용(서양/한국무용),대전예술의전당 앙상블홀,2024-12-04,2024-12-07,2033,0
PF259085,"예술의전당 교향악축제, 대전시립교향악단 (04.12)",서양음악(클래식),예술의전당 [서울] 콘서트홀,2025-04-12,2025-04-12,2031,0
PF285045,"예술의전당 교향악축제, 인천시립교향악단 (04.04)",서양음악(클래식),예술의전당 [서울] 콘서트홀,2026-04-04,2026-04-04,2007,0
PF217261,이상한 엄마 [포항],뮤지컬,포항문화예술회관 대공연장,2023-05-26,2023-05-27,2005,2
PF268948,정글북 [경남 진주],뮤지컬,경상남도문화예술회관 대공연장,2025-09-12,2025-09-13,2002,0
PF270295,"스쿨클래식, 해설이 있는 발레: 볼레로 [천안]",복합,천안예술의전당 대공연장,2025-07-10,2025-07-11,1977,0
PF256795,"제259회 국립심포니오케스트라 정기연주회: 브루크너, 교향곡 4번",서양음악(클래식),예술의전당 [서울] 콘서트홀,2025-11-01,2025-11-01,1968,1
PF235749,"한화와 함께하는 교향악축제: The Wave, 광주시립교향악단 (4.26)",서양음악(클래식),예술의전당 [서울] 콘서트홀,2024-04-26,2024-04-26,1945,0
PF260159,꽃의 비밀 [춘천],연극,춘천문화예술회관 공연장,2025-07-25,2025-07-26,1940,0
PF282294,"기획초청 Pick크닉, 셋톱박스",연극,국립극단 [명동] 명동예술극장,2026-01-23,2026-02-01,1938,2
PF289875,"제17회 경산시립극단 정기공연, 남매지: 연꽃으로 피어나",연극,경산시민회관 대강당,2026-04-30,2026-05-02,1938,2
PF250244,갯골의 여자들 [경산],연극,경산시민회관 대강당,2024-10-10,2024-10-12,1938,0
PF276931,"제16회 경산시립극단 정기공연: 효녀, 청이",뮤지컬,경산시민회관 대강당,2025-10-30,2025-11-01,1938,1
PF234022,제77회 부산시립극단 정기공연: 나혜석,연극,부산시민회관 대극장,2024-05-18,2024-06-01,1923,0
PF289463,"근대로 그림책 페스티벌, 장수탕 선녀님 [대구]",뮤지컬,봉산문화회관 가온홀,2026-05-02,2026-05-03,1922,2
PF265101,꽃의 비밀 [여수],연극,GS칼텍스 예울마루 대극장,2025-07-19,2025-07-20,1920,0
PF281241,"국립심포니오케스트라, 영화음악 콘서트: 할리우드 블록버스터",서양음악(클래식),예술의전당 [서울] 콘서트홀,2026-05-01,2026-05-01,1915,1
PF285087,"예술의전당 교향악축제, 춘천시립교향악단 (04.19)",서양음악(클래식),예술의전당 [서울] 콘서트홀,2026-04-19,2026-04-19,1907,0
PF289258,"제55회 목멱예술제: 우리가락, 우리춤",한국음악(국악),국립국악원 예악당,2026-05-20,2026-05-22,1902,2
PF259082,"예술의전당 교향악축제, 강릉시립교향악단 (04.05)",서양음악(클래식),예술의전당 [서울] 콘서트홀,2025-04-05,2025-04-05,1894,0
PF253117,서울시향 얍 판 츠베덴과 아우구스틴 하델리히 ②,서양음악(클래식),예술의전당 [서울] 콘서트홀,2025-06-20,2025-06-20,1888,0
PF281247,"제261회 국립심포니오케스트라 정기연주회: 쇼스타코비치, 교향곡 1번",서양음악(클래식),예술의전당 [서울] 콘서트홀,2026-02-11,2026-02-11,1886,2
PF230413,서울시향 바실리 페트렌코의 드보르자크 교향곡 8번 ②,서양음악(클래식),예술의전당 [서울] 콘서트홀,2024-06-21,2024-06-21,1883,1
PF280946,"제263회 국립심포니오케스트라 정기연주회: 거슈윈, 파리의 아메리카인",서양음악(클래식),예술의전당 [서울] 콘서트홀,2026-05-17,2026-05-17,1872,1
PF253095,서울시향 키릴 게르스타인의 브람스 피아노 협주곡 2번 ②,서양음악(클래식),예술의전당 [서울] 콘서트홀,2025-05-24,2025-05-24,1861,0
PF253082,에드워드 가드너와 제임스 에네스 ①,서양음악(클래식),예술의전당 [서울] 콘서트홀,2025-06-26,2025-06-26,1861,0
PF263656,꽃의 비밀 [제주],연극,제주아트센터 대극장,2025-05-16,2025-05-17,1851,1
PF253093,서울시향 드뷔시와 라벨 ①,서양음악(클래식),예술의전당 [서울] 콘서트홀,2025-05-15,2025-05-15,1842,0
PF235671,"한화와 함께하는 교향악축제: The Wave, 인천시립교향악단 (4.28)",서양음악(클래식),예술의전당 [서울] 콘서트홀,2024-04-28,2024-04-28,1835,0
PF263659,"광주시립합창단 기획연주회Ⅱ, 합창뮤지컬: 피터팬과 후크선장 [광주]",서양음악(클래식),광주 예술의 전당 대극장,2025-05-23,2025-05-24,1833,0
PF230415,서울시향 바실리 페트렌코의 드보르자크 교향곡 8번 ①,서양음악(클래식),예술의전당 [서울] 콘서트홀,2024-06-20,2024-06-20,1830,0
PF230368,서울시향 크리스티안 테츨라프의 브람스 바이올린 협주곡 1,서양음악(클래식),예술의전당 [서울] 콘서트홀,2024-09-05,2024-09-05,1826,1
PF230408,서울시향 얍 판 츠베덴과 토머스 햄프슨 ①,서양음악(클래식),예술의전당 [서울] 콘서트홀,2024-03-28,2024-03-28,1825,0
PF235708,"한화와 함께하는 교향악축제: The Wave, 국립심포니오케스트라 (04.12)",서양음악(클래식),예술의전당 [서울] 콘서트홀,2024-04-12,2024-04-12,1816,0
PF264555,"예술의전당 어린이 가족 페스티벌, 어린이무용 얍! 얍! 얍!",무용(서양/한국무용),예술의전당 [서울] 자유소극장,2025-07-18,2025-07-27,1814,2
PF268158,제622회 부산시립교향악단 정기연주회 [부산],서양음악(클래식),부산콘서트홀 콘서트홀,2025-07-10,2025-07-10,1812,0
PF259102,"예술의전당 교향악축제, 진주시립교향악단 (04.16)",서양음악(클래식),예술의전당 [서울] 콘서트홀,2025-04-16,2025-04-16,1807,0
PF287003,제630회 부산시립교향악단 정기연주회 [부산],서양음악(클래식),부산콘서트홀 콘서트홀,2026-04-24,2026-04-24,1794,1
PF275167,제31회 전국시립소년소녀합창제,서양음악(클래식),인천문화예술회관 대공연장,2025-10-24,2025-10-25,1792,1
PF279404,제71회 순천시립극단 정기공연: 크리스마스 캐럴 [순천],뮤지컬,순천문화예술회관 대극장,2025-12-12,2025-12-13,1788,2
PF281310,"대구, 광주 달빛동맹 교류공연: 라 보엠 [대구]",서양음악(클래식),대구오페라하우스,2026-01-30,2026-01-31,1785,1
PF282168,"낙동아트센터 개관 페스티벌, 낙동의 첫울림: 낙동강 팡파레 & 말러 교향곡 8번 [부산]",서양음악(클래식),낙동아트센터 콘서트홀,2026-01-10,2026-01-11,1781,2
PF236724,제5회 경산시립교향악단 정기연주회,서양음악(클래식),천마아트센터 그랜드홀,2024-03-14,2024-03-14,1767,1
PF242002,"수성아트피아 명품시리즈 Ⅶ, 국립극단, 햄릿 [대구]",연극,수성아트피아 대극장 (대공연장) ,2024-08-16,2024-08-17,1764,0
PF248774,렛미플라이 [구미],뮤지컬,구미시문화예술회관 대공연장,2024-10-25,2024-10-26,1761,1
PF232741,"국립심포니오케스트라: 음악의 얼굴 쇼스타코비치, 교향곡 5번",서양음악(클래식),예술의전당 [서울] 콘서트홀,2024-09-26,2024-09-26,1753,1
PF291526,가정의달 기념 국군교향악단 기획연주회,서양음악(클래식),롯데콘서트홀,2026-05-21,2026-05-21,1746,2
PF259086,"예술의전당 교향악축제, 수원시립교향악단 (04.04)",서양음악(클래식),예술의전당 [서울] 콘서트홀,2025-04-04,2025-04-04,1734,0
PF287338,제33회 경산시립합창단 정기연주회: 동방의 빛,서양음악(클래식),천마아트센터 그랜드홀,2026-03-26,2026-03-26,1733,0
PF265719,경산시립교향악단 기획연주회: 작곡가시리즈 하이든,서양음악(클래식),천마아트센터 그랜드홀,2025-06-05,2025-06-05,1733,1
PF260260,제8회 경산시립교향악단 정기연주회,서양음악(클래식),천마아트센터 그랜드홀,2025-03-13,2025-03-13,1733,2
PF269311,제9회 경산시립교향악단 정기연주회: 페르귄트 & 세레하자데,서양음악(클래식),천마아트센터 그랜드홀,2025-07-24,2025-07-24,1733,1
PF239810,경산시립교향악단 기획연주회: 피터와 늑대,서양음악(클래식),천마아트센터 그랜드홀,2024-05-02,2024-05-02,1733,0
PF245095,제6회 경산시립교향악단 정기연주회: Mozart & Dvorak,서양음악(클래식),천마아트센터 그랜드홀,2024-07-25,2024-07-25,1732,1
PF285080,"예술의전당 교향악축제, 광주시립교향악단 (04.12)",서양음악(클래식),예술의전당 [서울] 콘서트홀,2026-04-12,2026-04-12,1728,0
PF269558,"국립무용단, 거장의 숨결 Ⅱ: 김현자, 조흥동 [서울]",무용(서양/한국무용),국립극장 해오름극장,2025-12-20,2025-12-21,1722,1
PF259088,"예술의전당 교향악축제, 강남심포니오케스트라 (04.08)",서양음악(클래식),예술의전당 [서울] 콘서트홀,2025-04-08,2025-04-08,1718,0
PF270834,"ASAC 우리 뮤지컬의 힘 11, 홍련 [안산]",뮤지컬,안산문화예술의전당 달맞이극장,2025-11-21,2025-11-22,1717,0
PF281937,제627회 부산시립교향악단 정기연주회 [부산],서양음악(클래식),부산콘서트홀 콘서트홀,2026-01-29,2026-01-29,1714,2
PF285092,"예술의전당 교향악축제, 부천필하모닉오케스트라 (04.05)",서양음악(클래식),예술의전당 [서울] 콘서트홀,2026-04-05,2026-04-05,1714,0
PF261056,"국립현대무용단, 우리는 움직일 수밖에 없었다",무용(서양/한국무용),예술의전당 [서울] CJ 토월극장,2025-05-23,2025-05-25,1713,2
PF259101,"예술의전당 교향악축제, 전주시립교향악단 (04.13)",서양음악(클래식),예술의전당 [서울] 콘서트홀,2025-04-13,2025-04-13,1702,0
PF232718,"국립심포니오케스트라, 음악의 얼굴 로드리고, 아랑후에스 기타 협주곡",서양음악(클래식),예술의전당 [서울] 콘서트홀,2024-02-02,2024-02-02,1701,1
PF251953,"부산시립예술단 연합공연, 가마釜 뫼山",복합,부산문화회관 대극장,2024-12-12,2024-12-13,1672,1
PF285093,"예술의전당 교향악축제, 울산시립교향악단 (04.23)",서양음악(클래식),예술의전당 [서울] 콘서트홀,2026-04-23,2026-04-23,1668,0
PF265123,오지게 재밌는 가시나들 [창원],뮤지컬,3.15아트센터 대극장,2025-07-04,2025-07-05,1650,2
PF235753,"한화와 함께하는 교향악축제: The Wave, 부천필하모닉오케스트라 (4.5)",서양음악(클래식),예술의전당 [서울] 콘서트홀,2024-04-05,2024-04-05,1645,0
PF257538,SM CLASSICS LIVE with 서울시립교향악단 [예술의전당],서양음악(클래식),예술의전당 [서울] 콘서트홀,2025-02-14,2025-02-14,1639,1
PF242268,제30회 경산시립합창단 정기연주회: 푸치니 서거 100주년,서양음악(클래식),천마아트센터 그랜드홀,2024-06-13,2024-06-13,1639,1
PF235758,"한화와 함께하는 교향악축제: The Wave, 제주특별자치도립 제주교향악단 (4.16)",서양음악(클래식),예술의전당 [서울] 콘서트홀,2024-04-16,2024-04-16,1630,0
PF247150,"제14회 김해가야금축제, 김해시립가야금연주단 콘서트: 지금",한국음악(국악),김해문화의전당 마루홀,2024-09-06,2024-09-06,1626,0
PF278683,"국립오페라단, 피가로의 결혼 Le nozze di Figaro [군포]",서양음악(클래식),군포문화예술회관 수리홀,2025-12-26,2025-12-27,1623,2
PF230600,"국립오페라단 신년음악회: 큰 울림, 기쁜 소리",서양음악(클래식),국립극장 해오름극장,2024-01-05,2024-01-06,1623,1
PF285118,"예술의전당 교향악축제, 원주시립교향악단 (04.16)",서양음악(클래식),예술의전당 [서울] 콘서트홀,2026-04-16,2026-04-16,1618,0
PF239600,"익산 브랜드 공연, WEST & EAST: 서쪽남자 & 동쪽여자",복합,익산예술의전당 대공연장,2024-05-04,2024-05-04,1615,1
PF285090,"예술의전당 교향악축제, 수원시립교향악단 (04.02)",서양음악(클래식),예술의전당 [서울] 콘서트홀,2026-04-02,2026-04-02,1596,1
PF272413,"부산마루국제음악제 메인콘서트 Ⅳ, 제623회 부산시립교향악단 정기연주회: 소리, 승천",서양음악(클래식),부산콘서트홀 콘서트홀,2025-09-13,2025-09-13,1592,0
PF277413,서울시향 필리프 조르당의 브루크너 교향곡 9번 ①,서양음악(클래식),롯데콘서트홀,2026-01-29,2026-01-29,1582,0
PF270995,"광복80주년 기념음악회, 염원 [창원]",서양음악(클래식),성산아트홀 대극장,2025-08-14,2025-08-14,1570,0
PF268485,"꿈꾸는 예술학교, 토크오페라: 헨젤과 그레텔",서양음악(클래식),부산시민회관 대극장,2025-07-03,2025-07-04,1568,0
PF259091,"예술의전당 교향악축제, 인천시립교향악단 (04.02)",서양음악(클래식),예술의전당 [서울] 콘서트홀,2025-04-02,2025-04-02,1566,0
PF271546,춤 스케치,무용(서양/한국무용),국립정동극장,2025-09-05,2025-09-27,1558,1
PF240616,삐노키오 [안동],연극,안동문화예술의전당 웅부홀,2024-08-29,2024-08-31,1558,1
PF264464,부산콘서트홀 개관 페스티벌: 하나를 위한 노래 Symphony No.9 of one,서양음악(클래식),부산콘서트홀 콘서트홀,2025-06-21,2025-06-21,1556,1
PF251749,"제91회 인천시립무용단 정기공연, Water Castle 토끼탈출기",무용(서양/한국무용),국립극장 해오름극장,2024-12-06,2024-12-07,1553,0
PF286542,제200회 창원시립합창단 정기연주회: 모차르트 탄생 270주년 기념 오페라 갈라콘서트 [창원],서양음악(클래식),성산아트홀 대극장,2026-03-26,2026-03-26,1553,0
PF288006,"제61회 대구시립극단 정기공연: 첫사랑, 1919년 [대구]",연극,대구문화예술회관 비슬홀,2026-04-29,2026-05-09,1551,2
PF259098,"예술의전당 교향악축제, 부산시립교향악단 (04.17)",서양음악(클래식),예술의전당 [서울] 콘서트홀,2025-04-17,2025-04-17,1550,1
PF273996,제61회 인천 시민의 날 & IFEZ 개청 22주년 기념음악회,복합,아트센터 인천 콘서트홀,2025-10-15,2025-10-15,1534,1
PF261746,제620회 부산시립교향악단 정기연주회: New World [부산],서양음악(클래식),부산콘서트홀 콘서트홀,2025-05-23,2025-05-23,1513,0
PF257532,"대전시립합창단 기획연주회Ⅰ, 어린이음악회: 토끼야, 수궁가자!",서양음악(클래식),대전예술의전당 앙상블홀,2025-02-19,2025-02-21,1513,0
PF244388,원더매직의 오리지널 과학마술콘서트 [함안],서커스/마술,함안문화예술회관 대공연장,2024-08-31,2024-08-31,1512,0
PF235685,"한화와 함께하는 교향악축제: The Wave, 춘천시립교향악단 (4.18)",서양음악(클래식),예술의전당 [서울] 콘서트홀,2024-04-18,2024-04-18,1510,0
PF250433,"세상에서 가장 아름다운 오페라, 라 보엠 [의정부]",서양음악(클래식),의정부예술의전당 대극장,2024-11-23,2024-11-24,1509,0
PF275832,단심 (單沈) PURE HEART [경주],무용(서양/한국무용),경주세계문화엑스포 문화센터공연장,2025-10-31,2025-11-04,1502,0
PF278975,제626회 부산시립교향악단 정기연주회 [부산],서양음악(클래식),부산콘서트홀 콘서트홀,2025-12-12,2025-12-12,1493,0
PF234086,"대전시립합창단, 기획연주회 1: 아기코끼리 바바",서양음악(클래식),대전예술의전당 앙상블홀,2024-02-15,2024-02-17,1488,0
PF285928,"광주시립발레단 기획공연, 발레살롱콘서트 Ⅰ. 잠자는 숲속의 미녀",무용(서양/한국무용),빛고을시민문화관 공연장,2026-03-27,2026-03-28,1484,0
PF259100,"예술의전당 교향악축제, 광주시립교향악단 (04.03)",서양음악(클래식),예술의전당 [서울] 콘서트홀,2025-04-03,2025-04-03,1477,1
PF270828,"수원시립공연단 광복 80주년 특별기획공연, 향화",뮤지컬,수원SK아트리움 대공연장,2025-09-05,2025-09-07,1475,2
PF281857,"광주시립국악관현악단 특별기획연주회, 1229 여객기참사 추모음악회: 진혼, 기억",한국음악(국악),광주 예술의 전당 대극장,2025-12-26,2025-12-26,1466,0
PF269482,"광주시립오페라단, 달빛동맹 교류공연: 안드레아 셰니에",서양음악(클래식),광주 예술의 전당 대극장,2025-08-29,2025-08-30,1464,2
PF266169,제145회 강릉시립교향악단 정기연주회,서양음악(클래식),강릉아트센터 (구. 강릉문화예술관) 사임당홀 (대공연장) ,2025-07-04,2025-07-05,1459,0
PF260909,"서울시립교향악단, 우리동네 음악회",서양음악(클래식),강동아트센터 대극장 한강,2025-03-27,2025-03-27,1457,2
PF235715,"한화와 함께하는 교향악축제: The Wave, 전주시립교향악단 (04.11)",서양음악(클래식),예술의전당 [서울] 콘서트홀,2024-04-11,2024-04-11,1454,0
PF277659,"과천시립교향악단 콘서트시리즈 5, Symphony No.2 Resurrection [과천]",서양음악(클래식),예술의전당 [서울] 콘서트홀,2025-11-12,2025-11-12,1447,1
PF256589,"제430회 인천시립교향악단 정기연주회, 클래식 에센스 Ⅱ",서양음악(클래식),아트센터 인천 콘서트홀,2025-02-22,2025-02-22,1440,0
PF288117,광주시립합창단 기획연주회 Ⅰ. 미취학 아동을 위한 음악회: 칭구야~노올~자 [광주],서양음악(클래식),광주 예술의 전당 소극장,2026-04-16,2026-04-18,1437,0
PF232864,제380회 광주시립교향악단 정기연주회: 신년음악회 Festival,서양음악(클래식),전남대학교 민주마루홀,2024-01-16,2024-01-17,1437,0
PF233731,제381회 광주시립교향악단 정기연주회: No.2,서양음악(클래식),광주 예술의 전당 대극장,2024-02-24,2024-02-24,1434,0
PF279096,"서울발레시어터, 호두까기 인형 [제주]",무용(서양/한국무용),서귀포예술의전당 대극장,2025-12-05,2025-12-06,1422,2
PF268916,제146회 강릉시립교향악단 정기연주회,서양음악(클래식),강릉아트센터 (구. 강릉문화예술관) 사임당홀 (대공연장) ,2025-08-08,2025-08-09,1417,0
PF274122,"제15회 김해가야금축제, 김해시립가야금연주단 콘서트: 지금 知琴",한국음악(국악),김해문화의전당 마루홀,2025-09-25,2025-09-25,1417,0
PF256613,"제429회 인천시립교향악단 정기연주회, 클래식 에센스 Ⅰ",서양음악(클래식),아트센터 인천 콘서트홀,2025-02-15,2025-02-15,1416,0
PF256787,"제256회 국립심포니오케스트라 정기연주회: 프로코피예프, 교향곡 5번",서양음악(클래식),예술의전당 [서울] 콘서트홀,2025-06-13,2025-06-13,1414,1
PF235686,"한화와 함께하는 교향악축제: The Wave, 과천시립교향악단 (4.24)",서양음악(클래식),예술의전당 [서울] 콘서트홀,2024-04-24,2024-04-24,1410,0
PF265865,"제435회 인천시립교향악단 정기연주회, 클래식 헤리티지 오브 인천: 빛과 그림자",서양음악(클래식),아트센터 인천 콘서트홀,2025-07-11,2025-07-11,1408,0
PF278769,창원시립예술단 송년음악회,서양음악(클래식),성산아트홀 대극장,2025-12-23,2025-12-23,1400,2
PF285993,"부여군충남국악단의 토요상설 국악공연, 유종지미: 끝맺음의 아름다움 [부여]",한국음악(국악),부여국악의전당,2026-03-07,2026-10-31,1399,0
PF259103,"예술의전당 교향악축제, 제주특별자치도립제주교향악단 (04.15)",서양음악(클래식),예술의전당 [서울] 콘서트홀,2025-04-15,2025-04-15,1399,0
PF257789,SM CLASSICS LIVE with 서울시립교향악단 [롯데콘서트홀],서양음악(클래식),롯데콘서트홀,2025-02-15,2025-02-15,1389,2
PF245219,"제612회 부산시립교향악단 정기연주회: Prelude, 부산마루국제음악제 메인콘서트 Ⅳ",서양음악(클래식),부산문화회관 대극장,2024-09-06,2024-09-06,1386,1
PF235380,대전시립연정국악원 K브런치콘서트 우.아.한 [대전],한국음악(국악),대전시립연정국악원 작은마당,2024-03-27,2024-11-27,1385,2
PF253567,"익산 브랜드 공연, WEST & EAST: 서쪽남자 & 동쪽여자",복합,익산예술의전당 대공연장,2024-11-22,2024-11-23,1385,1
PF274463,"서울아트마켓 (PAMS) , 체어, 테이블, 체어.",복합,국립극장 달오름극장,2025-10-24,2025-10-26,1383,0
PF262236,"부산시립예술단 연합공연, 바리데기",복합,부산문화회관 대극장,2025-05-22,2025-05-24,1382,1
PF278203,"제10회 용인시립합창단 상임운영기념 정기연주회: 우리의 노래, 마음의 뜰에 피어나",서양음악(클래식),용인포은아트홀,2025-11-12,2025-11-12,1377,2
PF262007,"제15회 대한민국발레축제, 코펠리아",무용(서양/한국무용),예술의전당 [서울] CJ 토월극장,2025-05-31,2025-05-31,1368,1
PF274550,인천문화예술회관 재개관 기념 사전 공연 GRAND OPEN [인천],서양음악(클래식),인천문화예술회관 대공연장,2025-10-01,2025-10-01,1365,0
PF244771,국립합창단 여름합창축제: Summer Paradiso (08.22),서양음악(클래식),예술의전당 [서울] 콘서트홀,2024-08-22,2024-08-22,1363,0
PF241553,"제428회 인천시립교향악단 정기연주회, 클래식 에센스 Ⅳ: 1905",서양음악(클래식),아트센터 인천 콘서트홀,2024-12-06,2024-12-06,1361,2
PF280771,제370회 창원시립교향악단 정기연주회: 라흐마니노프 교향곡 3번,서양음악(클래식),성산아트홀 대극장,2025-12-11,2025-12-11,1359,0
PF287214,제47회 용인시립소년소녀합창단 정기연주회 [용인],서양음악(클래식),용인포은아트홀,2026-03-21,2026-03-21,1356,1
PF287218,제38회 용인시립청소년오케스트라 정기연주회 [용인],서양음악(클래식),용인포은아트홀,2026-03-22,2026-03-22,1356,2
PF274172,"제133회 경주시립극단 정기공연: 리어왕, 다시 부르다",연극,경주예술의전당 대공연장(화랑홀),2025-11-20,2025-11-22,1355,0
PF285475,제11회 용인시립합창단 정기연주회: 바로크 소리로 빚은 빛과 심연,서양음악(클래식),용인포은아트홀,2026-03-19,2026-03-19,1354,1
PF280817,제333회 부천필하모닉오케스트라 정기연주회: Top of the World,서양음악(클래식),부천아트센터 콘서트홀,2026-01-16,2026-01-16,1354,0
PF245225,제613회 부산시립교향악단 정기연주회: Romantic,서양음악(클래식),부산문화회관 대극장,2024-10-01,2024-10-01,1352,1
PF271373,제198회 창원시립합창단 정기연주회: 합창으로 떠나는 세계여행,서양음악(클래식),성산아트홀 대극장,2025-09-19,2025-09-19,1347,1
PF281192,금난새 X 성남시립교향악단 Classic Gala Concert [화성],서양음악(클래식),화성예술의전당 동탄아트홀,2025-12-27,2025-12-27,1344,0
PF239435,제384회 광주시립교향악단 정기연주회: 鎭魂,서양음악(클래식),광주 예술의 전당 대극장,2024-06-01,2024-06-01,1341,0
PF235752,"한화와 함께하는 교향악축제: The Wave, 대구시립교향악단 (4.9)",서양음악(클래식),예술의전당 [서울] 콘서트홀,2024-04-09,2024-04-09,1333,0
PF262266,제120회 강릉시립합창단 정기연주회: 피노키오와 파란마녀,뮤지컬,강릉아트센터 (구. 강릉문화예술관) 사임당홀 (대공연장) ,2025-05-02,2025-05-03,1333,1
PF256494,"제143회 강릉시립교향악단 정기연주회, 신년음악회: 라 트라비아타",서양음악(클래식),강릉아트센터 (구. 강릉문화예술관) 사임당홀 (대공연장) ,2025-01-24,2025-01-25,1329,0
PF220917,패스,연극,서강대 메리홀 대극장,2023-08-04,2023-08-16,1321,0
PF236627,제193회 부산시립합창단 정기연주회,서양음악(클래식),부산문화회관 대극장,2024-06-27,2024-06-27,1319,0
PF245221,제615회 부산시립교향악단 정기연주회: Auferstehung,서양음악(클래식),부산문화회관 대극장,2024-12-20,2024-12-20,1317,0
PF270365,지젤 [안산],무용(서양/한국무용),안산문화예술의전당 해돋이극장,2025-11-14,2025-11-15,1317,2
PF232891,"부산시립국악관현악단 특별연주회, 신년음악회: 청룡이 나르샤",한국음악(국악),부산문화회관 대극장,2024-01-24,2024-01-24,1310,2
PF232787,제419회 인천시립교향악단 정기연주회: 신년음악회,서양음악(클래식),아트센터 인천 콘서트홀,2024-01-19,2024-01-19,1306,1
PF239826,얍 판 츠베덴&클라라 주미 강 with 서울시립교향악단 [부산],서양음악(클래식),부산문화회관 대극장,2024-11-02,2024-11-02,1302,0
PF281672,"제440회 인천시립교향악단 정기연주회, 새해음악회",서양음악(클래식),인천문화예술회관 대공연장,2026-01-30,2026-01-30,1297,1
PF273671,"경산시립예술단 기획공연, 달려라 오빠 & 가을편지",복합,경산시민회관 대강당,2025-09-15,2025-09-16,1292,0
PF243639,"제15회 광주시립오페라단 정기공연, 신데렐라 [광주]",서양음악(클래식),국립아시아문화전당 극장2,2024-07-26,2024-07-27,1285,0
PF253245,"제58회 대구시립극단 정기공연-1, 오거리 사진관 [대구]",연극,대구문화예술회관 비슬홀,2024-12-04,2024-12-14,1281,0
PF241589,제385회 광주시립교향악단 정기연주회: 헌정,서양음악(클래식),광주 예술의 전당 대극장,2024-06-28,2024-06-28,1280,0
PF253115,서울시향 얍 판 츠베덴과 아우구스틴 하델리히 ①,서양음악(클래식),롯데콘서트홀,2025-06-19,2025-06-19,1279,0
PF285083,"예술의전당 교향악축제, 공주시충남교향악단 (04.21)",서양음악(클래식),예술의전당 [서울] 콘서트홀,2026-04-21,2026-04-21,1272,0
PF232682,"제248회 국립심포니오케스트라 정기연주회: 라벨, 두 개의 피아노 협주곡",서양음악(클래식),롯데콘서트홀,2024-03-09,2024-03-09,1269,0
PF287097,"국립합창단, 시네마 클래식 [화성]",서양음악(클래식),화성예술의전당 동탄아트홀,2026-05-23,2026-05-23,1268,0
PF236170,"서울시향 퇴근길 콘서트, 영화보다 빛나는 영화음악",서양음악(클래식),LG아트센터 서울 LG SIGNATURE 홀,2024-04-09,2024-04-09,1268,0
PF238245,"광주시립교향악단, 키즈 콘서트: Flying Symphony",서양음악(클래식),광주 예술의 전당 소극장,2024-05-03,2024-05-05,1266,0
PF243221,제131회 목포시립교향악단 정기연주회: 목포를 영웅으로 Eroica,서양음악(클래식),목포시민문화체육센터 대공연장,2024-07-11,2024-07-11,1262,1
PF261410,제394회 광주시립교향악단 정기연주회: 운명의 봄,서양음악(클래식),광주 예술의 전당 대극장,2025-04-25,2025-04-25,1262,0
PF233807,"제312회 부천필하모닉오케스트라 정기연주회: 신년음악회, 신세계로부터",서양음악(클래식),부천아트센터 콘서트홀,2024-01-19,2024-01-19,1259,0
PF261735,"제87회 대구시립무용단 정기공연: 어린이 무용극, 탈출",무용(서양/한국무용),대구문화예술회관 팔공홀,2025-05-03,2025-05-05,1255,1
PF254102,"제390회 광주시립교향악단 정기연주회, 송년음악회",서양음악(클래식),광주 예술의 전당 대극장,2024-12-24,2024-12-24,1242,0
PF233949,제502회 대구시립교향악단 정기연주회: 프로코피예프 극적인 사랑,서양음악(클래식),대구콘서트하우스 그랜드홀 (대공연장) ,2024-02-16,2024-02-16,1240,1
PF248662,"제509회 대구시립교향악단 정기연주회, 말러 교향곡 제5번",서양음악(클래식),대구콘서트하우스 그랜드홀 (대공연장) ,2024-10-18,2024-10-18,1240,0
PF266171,제517회 대구시립교향악단 정기연주회: 로맨틱 차이콥스키,서양음악(클래식),대구콘서트하우스 그랜드홀 (대공연장) ,2025-07-04,2025-07-04,1234,2
PF279449,대구시립교향악단 송년음악회: 클래식 크로스오버 [대구],서양음악(클래식),대구콘서트하우스 그랜드홀 (대공연장) ,2025-12-26,2025-12-26,1232,2
PF276124,제520회 대구시립교향악단 정기연주회: 베토벤 No.5,서양음악(클래식),대구콘서트하우스 그랜드홀 (대공연장) ,2025-11-07,2025-11-07,1232,2
PF242062,"제323회 부천필하모닉오케스트라 정기연주회, 송년음악회: 베토벤, 합창",서양음악(클래식),부천아트센터 콘서트홀,2024-12-27,2024-12-27,1229,0
PF271690,제518회 대구시립교향악단 정기연주회: 라흐마니노프 No.2,서양음악(클래식),대구콘서트하우스 그랜드홀 (대공연장) ,2025-09-19,2025-09-19,1226,2
PF248346,얍 판 츠베덴 & 서울시립교향악단 with 클라라 주미 강 [광주],서양음악(클래식),광주 예술의 전당 대극장,2024-10-30,2024-10-30,1222,1
PF241430,"키즈 페스타 in 포항, 헨젤과 그레텔",무용(서양/한국무용),포항문화예술회관 대공연장,2024-07-20,2024-07-20,1221,0
PF244795,국립합창단 여름합창축제: Summer Paradiso (08.21),서양음악(클래식),예술의전당 [서울] 콘서트홀,2024-08-21,2024-08-21,1220,1
PF250912,제510회 대구시립교향악단 정기연주회,서양음악(클래식),대구콘서트하우스 그랜드홀 (대공연장) ,2024-11-08,2024-11-08,1219,1
PF278922,"제521회 대구시립교향악단 정기연주회: 겨울, 다시 봄 [대구]",서양음악(클래식),대구콘서트하우스 그랜드홀 (대공연장) ,2025-12-12,2025-12-12,1216,1
PF278172,"인천시립교향악단 기획연주회, 송년음악회 [인천]",서양음악(클래식),인천문화예술회관 대공연장,2025-12-26,2025-12-26,1212,2
PF237177,제505회 대구시립교향악단 정기연주회: 세기의 낭만,서양음악(클래식),대구콘서트하우스 그랜드홀 (대공연장) ,2024-04-26,2024-04-26,1210,0
PF278287,"BAC 특별기획, 제야음악회",서양음악(클래식),부천아트센터 콘서트홀,2025-12-31,2025-12-31,1209,1
PF237592,"인천시립교향악단 기획연주회, 가족음악회: Shall We Dance?",서양음악(클래식),아트센터 인천 콘서트홀,2024-05-03,2024-05-03,1209,0
PF253094,서울시향 키릴 게르스타인의 브람스 피아노 협주곡 2번 ①,서양음악(클래식),롯데콘서트홀,2025-05-23,2025-05-23,1207,0
PF242073,"제173회 부천시립합창단 송년음악회: 헨델, 메시아",서양음악(클래식),부천아트센터 콘서트홀,2024-12-19,2024-12-19,1206,0
PF246485,뉴서울필하모닉의 브람스 & 라흐마니노프 [수원],서양음악(클래식),수원SK아트리움 대공연장,2024-09-07,2024-09-08,1204,1
PF281671,제442회 인천시립교향악단 정기연주회: 인천시향의 말러,서양음악(클래식),아트센터 인천 콘서트홀,2026-04-25,2026-04-25,1204,1
PF233099,"제424회 인천시립교향악단 정기연주회, 클래식 에센스 Ⅱ: 슬라빅 웨이브",서양음악(클래식),아트센터 인천 콘서트홀,2024-07-19,2024-07-19,1204,0
PF226019,"제7회 창원국제실내악축제: 클래식, 벽을 허물다 [3.15아트센터]",서양음악(클래식),3.15아트센터 대극장,2023-11-07,2023-11-07,1202,0
PF264901,"서울예술단, 윤동주, 달을 쏘다. [김해]",뮤지컬,김해문화의전당 마루홀,2025-08-22,2025-08-23,1202,0
PF251669,"제76회 대전시립무용단 정기공연, 볼레로 & 봄의제전 원 (Circle) & 원 (Circle)",무용(서양/한국무용),대전예술의전당 아트홀,2024-11-15,2024-11-16,1201,0
PF257299,부천시립예술단 신년음악회: 사랑의 인사 [부천],서양음악(클래식),부천아트센터 콘서트홀,2025-01-23,2025-01-23,1201,0
PF265110,제332회 부천필하모닉오케스트라 정기연주회 [부천],서양음악(클래식),부천아트센터 콘서트홀,2025-12-23,2025-12-23,1200,0
PF264857,"군산시립예술단 합동연주회, 주광영 상임지휘자 고별연주회: 군산, 독도를 노래하다!",서양음악(클래식),군산예술의전당 대공연장,2025-06-12,2025-06-12,1200,0
PF254927,"제511회 대구시립교향악단 정기연주회, 송년음악회: 푸치니 오페라 & 뮤지컬 갈라콘서트 [대구]",서양음악(클래식),대구콘서트하우스 그랜드홀 (대공연장) ,2024-12-27,2024-12-27,1200,0
PF249775,제26회 BIAF 개최 기념 부천필하모닉 오케스트라와 신카이 마코토가 함께하는 애니메이션 OST 콘서트 [부천],서양음악(클래식),부천아트센터 콘서트홀,2024-10-26,2024-10-26,1197,0
PF240748,"제166회 대전시립합창단 정기연주회, 대전시립교향악단 마스터즈 시리즈 6: 카르미나 부라나",서양음악(클래식),대전예술의전당 아트홀,2024-06-20,2024-06-21,1197,0
PF249759,부천시립예술단 BICOF와 함께하는 부천시민의날 경축음악회,서양음악(클래식),부천아트센터 콘서트홀,2024-10-02,2024-10-02,1195,0
PF253213,"서울예술단, 천 개의 파랑 [제주]",뮤지컬,제주문예회관 대극장,2024-12-07,2024-12-08,1195,0
PF239506,제138회 강릉시립교향악단 정기연주회: 스트라빈스키 봄의 제전,서양음악(클래식),강릉아트센터 (구. 강릉문화예술관) 사임당홀 (대공연장) ,2024-05-23,2024-05-24,1194,0
PF257245,"제327회 부천필하모닉오케스트라 정기연주회, 베르디, 레퀴엠",서양음악(클래식),부천아트센터 콘서트홀,2025-06-20,2025-06-20,1193,0
PF281677,"제441회 인천시립교향악단 정기연주회, 인천시향과 올해의 예술가 Adventurous IPO Ⅱ",서양음악(클래식),아트센터 인천 콘서트홀,2026-03-27,2026-03-27,1193,1
PF240213,"제225회 부산시립국악관현악단 정기연주회: 창단 40주년 기념음악회 불혹의 나이, 100년을 꿈꾸며...",한국음악(국악),부산문화회관 대극장,2024-05-23,2024-05-23,1192,1
PF244017,제157회 군산시립교향악단 정기연주회: 드보르작 in 군산,서양음악(클래식),군산예술의전당 대공연장,2024-07-18,2024-07-18,1188,0
PF238300,제72회 군산시립교향악단 특별기획연주회: 해설이 있는 교과서 음악회,서양음악(클래식),군산예술의전당 대공연장,2024-04-25,2024-04-25,1188,0
PF253538,제159회 군산시립교향악단 정기연주회,서양음악(클래식),군산예술의전당 대공연장,2024-12-05,2024-12-05,1188,0
PF262285,제77회 군산시립교향악단 특별기획연주회,서양음악(클래식),군산예술의전당 대공연장,2025-05-03,2025-05-03,1188,0
PF281220,제40회 목포시립연극단 정기공연: 어린왕자,뮤지컬,목포시민문화체육센터 대공연장,2025-12-25,2025-12-25,1187,0
PF240653,"제73회 군산시립교향악단 특별기획연주회, 군산시민과 함께하는 신청곡 콘서트",서양음악(클래식),군산예술의전당 대공연장,2024-05-30,2024-05-30,1185,0
PF252825,"인천시립극단, 크리스마스 캐럴 [인천 (앵콜) ]",연극,제물포구문화체육센터(구. 동구문화체육센터) 공연장,2024-11-29,2024-12-05,1184,1
PF230406,서울시향 얍 판 츠베덴과 토머스 햄프슨 ②,서양음악(클래식),롯데콘서트홀,2024-03-29,2024-03-29,1183,0
PF272601,제95회 인천시립극단 정기공연: 시련 [인천],연극,인천문화예술회관 소공연장,2025-09-24,2025-09-28,1182,1
PF263522,"제515회 대구시립교향악단 정기연주회: 댄스, 발스, 볼레로",서양음악(클래식),대구콘서트하우스 그랜드홀 (대공연장) ,2025-05-23,2025-05-23,1181,1
PF283299,부천시립예술단 신년음악회,서양음악(클래식),부천아트센터 콘서트홀,2026-01-22,2026-01-22,1180,1
PF233098,"제420회 인천시립교향악단 정기연주회: 클래식 에센스 I, 아이 갓 리듬",서양음악(클래식),아트센터 인천 콘서트홀,2024-03-22,2024-03-22,1179,1
PF262258,부천시립예술단 BICOF와 함께하는 부천시민의날 경축음악회 [부천],서양음악(클래식),부천아트센터 콘서트홀,2025-09-26,2025-09-26,1176,0
PF269496,"제25회 SPAF, (라) 오호드 Ⅹ 론 Ⅹ 마르세유 국립 발레단: 룸 위드 어 뷰",무용(서양/한국무용),국립극장 해오름극장,2025-10-17,2025-10-18,1175,0
PF260258,"제393회 광주시립교향악단 정기연주회, 교향악축제 프리뷰",서양음악(클래식),광주 예술의 전당 대극장,2025-04-01,2025-04-01,1175,0
PF241550,"제427회 인천시립교향악단 정기연주회, 클래식 나우 Ⅱ: 첼리스트 문태국",서양음악(클래식),아트센터 인천 콘서트홀,2024-11-08,2024-11-08,1174,0
PF245226,제614회 부산시립교향악단 정기연주회: England,서양음악(클래식),부산문화회관 대극장,2024-11-07,2024-11-07,1173,1
PF236786,제383회 광주시립교향악단 정기연주회: 교향악축제 프리뷰 Babi Yar,서양음악(클래식),광주 예술의 전당 대극장,2024-04-24,2024-04-24,1171,0
PF262260,부천시립예술단 복사골 예술제 경축음악회 [부천],서양음악(클래식),부천아트센터 콘서트홀,2025-04-30,2025-04-30,1169,0
PF255110,박쥐 [계룡],서양음악(클래식),계룡문화예술의전당 대공연장,2024-12-20,2024-12-21,1166,1
PF283879,"국립합창단 3.1절 기념음악회: 거룩한 함성, 그날 이후...",서양음악(클래식),예술의전당 [서울] 콘서트홀,2026-03-01,2026-03-01,1166,0
PF250656,"대한민국은 공연중, 별들의 낭독회: 게릴라 씨어터",연극,국립극단 [명동] 명동예술극장,2024-11-01,2024-11-03,1160,2
PF257265,"제325회 부천필하모닉오케스트라 정기연주회, Slavic Majesty",서양음악(클래식),부천아트센터 콘서트홀,2025-02-28,2025-02-28,1159,0
PF230321,서울시향 얍 판 츠베덴과 힐러리 한 ①,서양음악(클래식),롯데콘서트홀,2024-05-09,2024-05-09,1155,0
PF240304,"대전시립무용단 정기공연, 로미오 & 줄리엣 Ⅱ: 유성과 예랑",무용(서양/한국무용),대전예술의전당 아트홀,2024-05-31,2024-06-01,1153,2
PF229738,렛미플라이 [안양],뮤지컬,평촌아트홀,2023-12-23,2023-12-24,1152,2
PF258224,"부산시립합창단, 피노키오와 파란마녀",뮤지컬,부산문화회관 대극장,2025-05-03,2025-05-04,1150,2
PF289291,"제73회 창원시립무용단 정기공연, 사계: 풍류정담 [창원]",무용(서양/한국무용),성산아트홀 대극장,2026-04-23,2026-04-23,1147,0
PF260827,"수성아트피아 명품시리즈 Ⅰ, 유니버설발레단: 발레 춘향 [대구]",무용(서양/한국무용),수성아트피아 대극장 (대공연장) ,2025-06-20,2025-06-21,1142,1
PF235434,"제503회 대구시립교향악단 정기연주회: 영국의 자부심, 엘가",서양음악(클래식),대구콘서트하우스 그랜드홀 (대공연장) ,2024-03-15,2024-03-15,1139,1
PF243856,BIFAN 전야제 영화음악 콘서트,서양음악(클래식),부천아트센터 콘서트홀,2024-07-03,2024-07-03,1139,0
PF244276,앤 [구리],뮤지컬,구리아트홀 코스모스대극장,2024-08-03,2024-08-03,1139,1
PF279990,성남시립국악단 창단 20주년 기념 감사음악회 / 송년음악회: 새로운 미래,한국음악(국악),성남아트센터 오페라하우스,2025-12-11,2025-12-11,1138,1
PF283994,제195회 인천시립합창단 정기연주회 [인천],서양음악(클래식),인천문화예술회관 대공연장,2026-02-26,2026-02-26,1137,0
PF232771,제610회 부산시립교향악단 정기연주회,서양음악(클래식),부산문화회관 대극장,2024-04-19,2024-04-19,1136,0
PF232772,제611회 부산시립교향악단 정기연주회,서양음악(클래식),부산문화회관 대극장,2024-06-21,2024-06-21,1135,0
PF230315,서울시향 크리스티안 테츨라프의 브람스 바이올린 협주곡 2,서양음악(클래식),롯데콘서트홀,2024-09-06,2024-09-06,1130,0
PF259090,"예술의전당 교향악축제, 창원시립교향악단 (04.01)",서양음악(클래식),예술의전당 [서울] 콘서트홀,2025-04-01,2025-04-01,1129,1
PF265039,"제177회 부천시립합창단 정기연주회, 송년음악회: 헨델, 메시아",서양음악(클래식),부천아트센터 콘서트홀,2025-12-17,2025-12-17,1128,0
PF262810,"제434회 인천시립교향악단 정기연주회, 클래식 에센스 Ⅵ [인천]",서양음악(클래식),아트센터 인천 콘서트홀,2025-06-13,2025-06-13,1123,0
PF250886,"국립오페라단, 시칠리아 섬의 저녁기도 [당진]",서양음악(클래식),당진문예의전당 대공연장,2024-11-01,2024-11-02,1123,1
PF247751,제132회 목포시립교향악단 정기연주회: 베토벤 교향곡 7번,서양음악(클래식),목포시민문화체육센터 대공연장,2024-09-12,2024-09-12,1121,1
PF232042,"제172회 부천시립합창단 정기연주회: 모차르트, 레퀴엠",서양음악(클래식),부천아트센터 콘서트홀,2024-06-20,2024-06-20,1117,0
PF244269,"국립발레단 & 도쿄시티발레단, TWO WAVES [강릉]",무용(서양/한국무용),강릉아트센터 (구. 강릉문화예술관) 사임당홀 (대공연장) ,2024-08-09,2024-08-10,1116,0
PF259096,"예술의전당 교향악축제, 청주시립교향악단 (04.09)",서양음악(클래식),예술의전당 [서울] 콘서트홀,2025-04-09,2025-04-09,1112,0
PF233110,"제421회 인천시립교향악단 정기연주회: 뉴 골든 에이지 I, 브루크너 교향곡 7번",서양음악(클래식),아트센터 인천 콘서트홀,2024-04-26,2024-04-26,1111,1
PF258987,샌드아트로 즐기는 문학이 잇는 클래식 제2막: 잠자는 숲 속의 미녀 [울산],서양음악(클래식),울산문화예술회관 대공연장,2025-07-11,2025-07-11,1110,0
PF234435,"제9기 포항시립연극단 어린이뮤지컬아카데미 특별공연, 연습학교",뮤지컬,포항문화예술회관 대공연장,2024-02-23,2024-02-25,1110,0
PF232766,제607회 부산시립교향악단 정기연주회,서양음악(클래식),부산문화회관 대극장,2024-01-19,2024-01-19,1109,2
PF242061,"제322회 부천필하모닉오케스트라 정기연주회, 가렛 키스트와 차이콥스키",서양음악(클래식),부천아트센터 콘서트홀,2024-11-29,2024-11-29,1107,0
PF259390,돈데보이: 가객들의 여행 [의정부],연극,의정부예술의전당 대극장,2025-04-04,2025-04-05,1106,2
PF273388,제438회 인천시립교향악단 정기연주회 [인천],서양음악(클래식),아트센터 인천 콘서트홀,2025-11-14,2025-11-14,1102,2
PF233127,"제422회 인천시립교향악단 정기연주회: 뉴 골든 에이지 Ⅱ, 브루크너 교향곡 8번",서양음악(클래식),아트센터 인천 콘서트홀,2024-05-17,2024-05-17,1102,2
PF253714,제189회 인천시립합창단 정기연주회,서양음악(클래식),아트센터 인천 콘서트홀,2024-12-12,2024-12-12,1101,2
PF278562,군산시립예술단 합동연주회: 송년음악회,서양음악(클래식),군산예술의전당 대공연장,2025-12-18,2025-12-18,1094,0
PF264359,"제16회 대한민국 국공립극단페스티벌: 부산시립극단, 신데렐라: 너의 뜻대로 [경주]",연극,경주예술의전당 소공연장(원화홀),2025-07-12,2025-07-13,1088,0
PF266730,꽃의 비밀 [제천],연극,제천예술의전당 대공연장,2025-07-04,2025-07-05,1087,0
PF263277,피터팬 [인천],무용(서양/한국무용),인천학생교육문화회관 싸리재홀(대공연장),2025-05-03,2025-05-03,1085,1
PF251617,스크루지 [의정부],무용(서양/한국무용),의정부예술의전당 대극장,2024-12-14,2024-12-14,1085,1
PF273368,제437회 인천시립교향악단 정기연주회: 인천시향의 라벨,서양음악(클래식),아트센터 인천 콘서트홀,2025-10-31,2025-10-31,1085,0
PF264165,"제18회 광주시립오페라단 정기공연, 가족 오페라 콘서트: 사랑의 묘약",서양음악(클래식),광주 예술의 전당 소극장,2025-05-30,2025-05-31,1085,2
PF285864,제372회 창원시립교향악단 정기연주회: 더 그레이트,서양음악(클래식),3.15아트센터 대극장,2026-03-06,2026-03-06,1084,1
PF284404,제371회 창원시립교향악단 정기연주회: 드보르작과 라이네케,서양음악(클래식),3.15아트센터 대극장,2026-02-12,2026-02-12,1084,0
PF265079,제330회 부천필하모닉오케스트라 정기연주회: Frespanol,서양음악(클래식),부천아트센터 콘서트홀,2025-10-16,2025-10-16,1082,0
PF265077,제328회 부천필하모닉오케스트라 정기연주회: ROMA,서양음악(클래식),부천아트센터 콘서트홀,2025-07-24,2025-07-24,1082,2
PF242055,얍 판 츠베덴 & 서울시립교향악단 [대구],서양음악(클래식),수성아트피아 대극장 (대공연장) ,2024-10-31,2024-10-31,1082,0
PF275919,"울산 포항 경주 해오름동맹 시립예술단 합동공연, 공존: Coexistence [울산]",서양음악(클래식),울산문화예술회관 대공연장,2025-11-14,2025-11-14,1082,0
PF278135,제72회 창원시립무용단 정기공연: 창원 길굿,무용(서양/한국무용),성산아트홀 대극장,2025-11-13,2025-11-13,1081,2
PF251567,세빌리아의 이발사 [안성],서양음악(클래식),안성맞춤아트홀 대공연장,2024-11-15,2024-11-16,1081,2
PF271734,제368회 창원시립교향악단 정기연주회: 시벨리우스와 모차르트 [창원],서양음악(클래식),3.15아트센터 대극장,2025-08-22,2025-08-22,1080,0
PF283261,창원시립교향악단 신년음악회 [창원],서양음악(클래식),3.15아트센터 대극장,2026-01-22,2026-01-22,1080,0
PF253781,"성남시립국악단 송년음악회, 성남시립국악단과 함게하는 조선팝 에볼루션 [성남]",한국음악(국악),성남아트센터 오페라하우스,2024-12-04,2024-12-04,1079,0
PF287996,"ACC 브런치콘서트 플러스, 나윤선: Lost Pieces (5월)",대중음악,국립아시아문화전당 극장2,2026-05-28,2026-05-28,1079,1
PF239904,제73회 구미시립합창단 정기공연,서양음악(클래식),구미시문화예술회관 대공연장,2024-05-23,2024-05-23,1078,0
PF280822,부천필하모닉오케스트라 발렌타인 콘서트,서양음악(클래식),부천아트센터 콘서트홀,2026-02-13,2026-02-13,1076,0
PF252423,죠죠 (Jojo),연극,국립극단 [명동] 명동예술극장,2024-11-16,2024-11-17,1075,0
PF261583,광주시립합창단 기획연주회 Ⅰ. 칭구야~ 노올~자,서양음악(클래식),광주 예술의 전당 소극장,2025-04-10,2025-04-11,1075,1
PF278176,"제194회 인천시립합창단 정기연주회: G.F.Handel Messiah, HWV56",서양음악(클래식),아트센터 인천 콘서트홀,2025-12-02,2025-12-02,1073,0
PF273713,제399회 광주시립교향악단 정기연주회: Fall in love with Opera,서양음악(클래식),광주 예술의 전당 대극장,2025-10-17,2025-10-17,1072,2
PF255504,"제619회 부산시립교향악단 정기연주회, PARADISO",서양음악(클래식),부산문화회관 대극장,2025-04-11,2025-04-11,1071,0
PF273316,인천문화예술회관 재개관 시범공연 인천시립교향악단 기획연주회 [인천],서양음악(클래식),인천문화예술회관 대공연장,2025-09-27,2025-09-27,1069,0
PF236306,서울시향과 함께하는 키즈 콘서트: 클래식 음악여행,서양음악(클래식),LG아트센터 서울 LG SIGNATURE 홀,2024-04-12,2024-04-12,1068,1
PF250270,제74회 구미시립합창단 정기공연: 하이든 The Creation,서양음악(클래식),구미시문화예술회관 대공연장,2024-10-31,2024-10-31,1066,0
PF233671,제361회 서울시국악관현악단 정기연주회,한국음악(국악),세종문화회관 세종대극장,2024-09-26,2024-09-26,1065,0
PF256685,제512회 대구시립교향악단 정기연주: 어둠에서 빛으로,서양음악(클래식),대구콘서트하우스 그랜드홀 (대공연장) ,2025-02-07,2025-02-07,1061,0
PF267656,"남양주시립합창단, 오페라 카르멘",서양음악(클래식),다산아트홀,2025-07-03,2025-07-05,1061,1
PF271401,김성녀의 마당놀이: 심청이와 춘향이가 온다 [대구],연극,아양아트센터 아양홀,2025-09-26,2025-09-26,1060,1
PF236808,"부산시립교향악단 기획음악회, 우리 아이 음악회",서양음악(클래식),부산문화회관 대극장,2024-05-10,2024-05-10,1055,0
PF237409,"국립합창단, 전쟁 그리고 평화: 하이든 전쟁미사, 칼 젠킨스 평화를 만드는 사람들 [용인]",서양음악(클래식),용인포은아트홀,2024-04-23,2024-04-23,1049,0
PF233128,제423회 인천시립교향악단 정기연주회,서양음악(클래식),아트센터 인천 콘서트홀,2024-06-21,2024-06-21,1045,1
PF240779,대구시립교향악단과 함께하는 시민행복 나눔콘서트,서양음악(클래식),아양아트센터 아양홀,2024-06-12,2024-06-12,1044,1
PF262389,"광주시립교향악단 특별음악회, GSO 키즈콘서트: 모래 위의 클래식",서양음악(클래식),광주 예술의 전당 소극장,2025-05-02,2025-05-04,1043,0
PF232020,"부천필하모닉오케스트라, 홍석원과 브루크너",서양음악(클래식),부천아트센터 콘서트홀,2024-02-28,2024-02-28,1042,1
PF265109,제329회 부천필하모닉오케스트라 정기연주회: 브루크너 6 [부천],서양음악(클래식),부천아트센터 콘서트홀,2025-09-12,2025-09-12,1038,1
PF285706,제404회 광주시립교향악단 정기연주회: 보헤미아의 봄,서양음악(클래식),광주 예술의 전당 대극장,2026-03-20,2026-03-20,1037,1
PF225754,친절한 돼지씨 [논산],한국음악(국악),논산아트센터(구. 논산문화예술회관) 대공연장,2023-09-21,2023-09-21,1034,1
PF232014,"부천필하모닉오케스트라 해설음악회 I: 음악의 아버지, 바흐",서양음악(클래식),부천아트센터 콘서트홀,2024-03-07,2024-03-07,1032,0
PF264964,달 샤베트 [무안],뮤지컬,무안승달문화예술회관 대공연장,2025-05-22,2025-05-22,1027,1
PF262682,"국립극단, 헤다 가블러 [당진]",연극,당진문예의전당 대공연장,2025-06-14,2025-06-15,1025,1
PF283590,"한불 수교 140주년 기념, 부천필하모닉오케스트라 with 프랑스대사관 [부천]",서양음악(클래식),부천아트센터 콘서트홀,2026-03-07,2026-03-07,1024,0
PF244242,제1회 인천시립소년소녀합창단 정기연주회,서양음악(클래식),아트센터 인천 콘서트홀,2024-07-20,2024-07-20,1024,2
PF265280,APEC 뮤직페스티벌 [경주] (06.15),서양음악(클래식),경주예술의전당 대공연장(화랑홀),2025-06-15,2025-06-15,1020,0
PF248137,"대한민국은 공연중, 국립발레단: 해설이 있는 전막발레 돈키호테",무용(서양/한국무용),국립극장 해오름극장,2024-10-23,2024-10-23,1019,1
PF264087,"GAC 특별기획공연, 국립심포니오케스트라 with 홍석원 & 카미유 토마 [광주]",서양음악(클래식),광주 예술의 전당 대극장,2025-06-11,2025-06-11,1018,1
PF281635,제35회 의정부시립합창단 연주회: Merry Christmas 의정부!,서양음악(클래식),의정부예술의전당 대극장,2025-12-18,2025-12-18,1018,1
PF250895,"국립합창단, 카르미나 부라나 [창원]",서양음악(클래식),3.15아트센터 대극장,2024-12-14,2024-12-14,1017,2
PF260966,"제204회 국립합창단 정기연주회, 낭만주의 거장의 합창음악Ⅳ: 미사 솔렘니스",서양음악(클래식),예술의전당 [서울] 콘서트홀,2025-10-29,2025-10-29,1013,1
PF231996,"부천필하모닉오케스트라, 송유진과 차이콥스키",서양음악(클래식),부천아트센터 콘서트홀,2024-05-24,2024-05-24,1011,0
PF250576,"제43회 의정부시립무용단 정기공연: 예혼, 기억하다",무용(서양/한국무용),의정부예술의전당 대극장,2024-10-16,2024-10-16,1010,0
PF248557,"대한민국은 공연중, K-클래식: 국립오페라단, 오페라 페스타",서양음악(클래식),국립극장 해오름극장,2024-10-26,2024-10-26,1009,2
PF269431,국립심포니오케스트라 아카데미: Colorful,서양음악(클래식),예술의전당 [서울] 콘서트홀,2025-08-20,2025-08-20,1006,2
PF271046,"강릉국제공연예술페스티벌 (GIPF) , 해변의 건축가",서양음악(클래식),강릉아트센터 (구. 강릉문화예술관) 사임당홀 (대공연장) ,2025-09-06,2025-09-07,1005,0
PF279629,천안예술의전당 신년음악회 [천안],서양음악(클래식),천안예술의전당 대공연장,2026-01-24,2026-01-24,1005,1
PF270180,달 샤베트 [문경],뮤지컬,문경문화예술회관 대공연장,2025-08-02,2025-08-02,1002,0
PF252050,제35회 안산시여성합창단 정기연주회: 그대와 영원히,서양음악(클래식),안산문화예술의전당 해돋이극장,2024-11-07,2024-11-07,1000,2
PF264287,영화음악 콘서트: 노크 시네마 [김포],한국음악(국악),김포아트빌리지 야외공연장,2025-05-03,2025-05-03,1000,0
PF261718,제2회 인천시립소년소녀합창단 정기연주회 [인천],서양음악(클래식),아트센터 인천 콘서트홀,2025-04-05,2025-04-05,1000,1
PF242030,"제320회 부천필하모닉오케스트라 정기연주회, 지휘자와 작곡가 Ⅷ: 세바스티앙 랑-레싱과 차이콥스키",서양음악(클래식),부천아트센터 콘서트홀,2024-10-18,2024-10-18,999,0
PF249803,"제49회 파주시립예술단 정기 공연, 리이: 율곡 이이 [파주]",뮤지컬,파주운정행복센터 공연장,2024-10-12,2024-10-13,998,0
PF248087,"대한민국은 공연중, 국립심포니오케스트라: 라흐마니노프 & 베토벤",서양음악(클래식),국립극장 해오름극장,2024-10-22,2024-10-22,996,2
PF282317,"제402회 광주시립교향악단 정기연주회: 신년음악회, 만남",서양음악(클래식),광주 예술의 전당 대극장,2026-01-16,2026-01-16,995,0
PF237614,화염: 끝없는 증오와 가혹한 위로 [인천],연극,부평아트센터 해누리극장,2024-04-18,2024-04-21,991,1
PF245073,"대구시립교향악단, 대구국제피아노페스티벌 (08.23)",서양음악(클래식),대구콘서트하우스 그랜드홀 (대공연장) ,2024-08-23,2024-08-23,985,0
PF255606,제616회 부산시립교향악단 정기연주회: RHAPSODY & CAPRICCIO,서양음악(클래식),부산문화회관 대극장,2025-01-10,2025-01-10,985,0
PF252127,제88회 익산시립합창단 정기연주회 [익산],서양음악(클래식),익산예술의전당 대공연장,2024-10-31,2024-10-31,985,1
PF254171,인천시립소년소녀합창단 기획연주 송년음악회: 초코케잌,서양음악(클래식),아트센터 인천 콘서트홀,2024-12-19,2024-12-19,985,0
PF258617,제134회 목포시립교향악단 정기연주회: 신년음악회 [목포],서양음악(클래식),목포시민문화체육센터 대공연장,2025-02-27,2025-02-27,984,0
PF262020,"유니버설발레단, 춘향 [군포]",무용(서양/한국무용),군포문화예술회관 수리홀,2025-05-30,2025-05-31,983,1
PF260821,"서울시향 퇴근길 콘서트: 고대 이집트, 음악으로 깨어나다",서양음악(클래식),LG아트센터 서울 LG SIGNATURE 홀,2025-04-04,2025-04-04,983,0
PF250496,장수탕 선녀님 [이천],뮤지컬,이천아트홀 대공연장,2024-11-30,2024-12-01,983,1
PF233185,"대구시립교향악단, 사랑의 묘약",서양음악(클래식),대구콘서트하우스 그랜드홀 (대공연장) ,2024-01-26,2024-01-26,981,2
PF286757,이상한 나라의 앨리스: 완다랜드 [칠곡],뮤지컬,칠곡군교육문화회관 대공연장,2026-03-28,2026-03-28,975,0
PF256605,"제431회 인천시립교향악단 정기연주회, 클래식 에센스 Ⅲ [인천]",서양음악(클래식),아트센터 인천 콘서트홀,2025-03-20,2025-03-20,975,0
PF255601,제618회 부산시립교향악단 정기연주회: (ENT) SPANNUNG,서양음악(클래식),부산문화회관 중극장,2025-03-06,2025-03-07,974,0
PF265974,"서울예술단, 천 개의 파랑 [대구]",뮤지컬,대구학생문화센터 대공연장,2025-07-05,2025-07-05,972,2
PF249902,제34회 아주여성합창단 & 제22회 아주남성합창단 정기연주화: 희망은 깨어 있네 [성남],서양음악(클래식),성남아트센터 콘서트홀,2024-10-19,2024-10-19,968,0
PF252148,클래식은 내 친구 [성남],서양음악(클래식),성남아트센터 콘서트홀,2024-11-05,2024-11-05,968,2
PF276181,제625회 부산시립교향악단 정기연주회: RACHMANINOFF,서양음악(클래식),부산문화회관 대극장,2025-11-14,2025-11-14,967,0
PF232018,"부천필하모닉오케스트라 해설음악회 Ⅲ: 교향곡의 아버지, 하이든",서양음악(클래식),부천아트센터 콘서트홀,2024-06-27,2024-06-27,967,0
PF253177,화첩: 공무도花 [안양],무용(서양/한국무용),안양아트센터 관악홀,2024-12-14,2024-12-14,967,1
PF233970,제76회 부산시립극단 정기공연: 사람에게는 얼마만큼의 땅이 필요한가,연극,부산문화회관 중극장,2024-03-14,2024-03-16,966,2
PF253107,"제67회 구미시립소년소녀합창단 정기공연, CINEMA ADVENTURE",서양음악(클래식),구미시문화예술회관 대공연장,2024-12-07,2024-12-07,965,0
PF274417,창원시립교향악단 야외팝스콘서트,서양음악(클래식),진해야외공연장 공연장,2025-10-16,2025-10-16,964,2
PF256285,성남시립교향악단 신년음악회,서양음악(클래식),성남아트센터 콘서트홀,2025-01-17,2025-01-17,963,2
PF243199,"국립심포니오케스트라, KNSO국제아카데미: Colorful",서양음악(클래식),롯데콘서트홀,2024-08-20,2024-08-20,960,1
PF241461,"포항뮤직페스티벌, 포항시립교향악단 with 대니 구",서양음악(클래식),포항문화예술회관 대공연장,2024-06-14,2024-06-14,959,0
PF257683,"대구시민주간 2.28민주운동 65주년, 대구시립교향악단 특별연주회: 역사적 순간들",서양음악(클래식),대구콘서트하우스 그랜드홀 (대공연장) ,2025-02-28,2025-02-28,959,2
PF254978,"국립합창단, 카르미나 부라나 [의정부]",서양음악(클래식),의정부예술의전당 대극장,2024-12-24,2024-12-24,957,1
PF283774,제11기 포항시립연극단 어린이 뮤지컬 아카데미 특별공연: 놀부전,뮤지컬,포항문화예술회관 대공연장,2026-02-12,2026-02-14,955,0
PF259344,제190회 인천시립합창단 정기연주회 [인천],서양음악(클래식),아트센터 인천 콘서트홀,2025-03-13,2025-03-13,954,2
PF280846,"부천필하모닉오케스트라 해설음악회 Ⅰ, Classic in Mass Media: Classic in Drama [부천]",서양음악(클래식),부천아트센터 콘서트홀,2026-03-12,2026-03-12,950,0
PF269563,제44회 대구국제음악제 개막공연 (08.22),서양음악(클래식),대구콘서트하우스 그랜드홀 (대공연장) ,2025-08-22,2025-08-22,949,0
PF273977,제193회 인천시립합창단 정기연주회,서양음악(클래식),인천문화예술회관 대공연장,2025-10-16,2025-10-16,949,0
PF232769,제609회 부산시립교향악단 정기연주회,서양음악(클래식),부산문화회관 대극장,2024-03-22,2024-03-22,948,0
PF232009,"부천필하모닉오케스트라, 최수열과 브람스",서양음악(클래식),부천아트센터 콘서트홀,2024-03-22,2024-03-22,945,0
PF266802,"포항뮤직페스티벌, 포항시립교향악단 With 황가람, 대니 구, 고상지",서양음악(클래식),포항문화예술회관 대공연장,2025-06-12,2025-06-12,945,0
PF267187,"국립극단, 십이야 [부산]",연극,(재) 영화의전당 하늘연극장,2025-08-08,2025-08-09,945,0
PF284906,"제166회 군산시립교향악단 정기연주회, 프리뷰 콘서트: 교향악 축제 [군산]",서양음악(클래식),군산예술의전당 대공연장,2026-04-09,2026-04-09,943,0
PF278924,성남시립 교향악단 & 합창단 공동기획: 송년음악회 [성남],서양음악(클래식),성남아트센터 콘서트홀,2025-12-09,2025-12-09,943,1
PF253615,제78회 고양시립합창단 정기연주회 [고양],서양음악(클래식),고양아람누리 아람음악당,2024-12-12,2024-12-12,943,2
PF246860,"제508회 대구시립교향악단 정기연주회, 브루크너의 교향곡 0번",서양음악(클래식),대구콘서트하우스 그랜드홀 (대공연장) ,2024-09-13,2024-09-13,942,0
PF260093,"국립오페라단, 마술피리 [포항]",서양음악(클래식),포항문화예술회관 대공연장,2025-04-05,2025-04-05,942,1
PF245072,"K-예술축제 아.우.름, 아하! 강아지똥",연극,대전시립연정국악원 작은마당,2024-08-28,2024-08-29,940,1
PF242784,"제507회 대구시립교향악단 정기연주회, 브라질에서 온 클래식 [대구]",서양음악(클래식),대구콘서트하우스 그랜드홀 (대공연장) ,2024-07-12,2024-07-12,936,1
PF268136,"국립오페라단, 박쥐 [울산]",서양음악(클래식),울산문화예술회관 대공연장,2025-08-22,2025-08-23,935,2
PF253911,"광주시립오페라단 송년공연, 월드 클래식 오페라 시리즈 Ⅳ",서양음악(클래식),국립아시아문화전당 극장1,2024-12-07,2024-12-07,935,1
PF276276,제148회 강릉시립교향악단 정기연주회,서양음악(클래식),강릉아트센터 (구. 강릉문화예술관) 사임당홀 (대공연장) ,2025-11-14,2025-11-15,933,0
PF269099,제52회 파주시립예술단 정기공연: 몬페바지,뮤지컬,파주운정행복센터 공연장,2025-07-24,2025-07-25,933,0
PF233781,목포시립교향악단 신년음악회,서양음악(클래식),목포시민문화체육센터 대공연장,2024-02-01,2024-02-01,932,0
PF267023,제397회 광주시립교향악단 정기연주회: Brilliant Colours,서양음악(클래식),광주 예술의 전당 대극장,2025-07-25,2025-07-25,931,0
PF286905,제151회 강릉시립교향악단 정기연주회 [강릉],서양음악(클래식),강릉아트센터 (구. 강릉문화예술관) 사임당홀 (대공연장) ,2026-04-10,2026-04-11,930,0
PF243809,스프레이 [김제],연극,김제문화예술회관 대공연장,2024-07-04,2024-07-06,929,2
PF257270,제326회 부천필하모닉오케스트라 정기연주회,서양음악(클래식),부천아트센터 콘서트홀,2025-04-10,2025-04-10,928,0
PF282308,성남시립교향악단 신년음악회 [성남],서양음악(클래식),성남아트센터 콘서트홀,2026-01-22,2026-01-22,928,2
PF225777,"개관 15주년 컬렉션 III, 오셀로와 이아고 [창원]",한국음악(국악),3.15아트센터 소극장,2023-10-05,2023-10-07,926,2
PF232919,성남시립교향악단 신년음악회 [성남],서양음악(클래식),성남아트센터 콘서트홀,2024-01-18,2024-01-18,926,2
PF258741,제513회 대구시립교향악단 정기연주회: GOLDEN LEGEND,서양음악(클래식),대구콘서트하우스 그랜드홀 (대공연장) ,2025-03-14,2025-03-14,925,1
PF232427,"서울시립교향악단 특별 음악회: 얍 판 츠베덴의 바그너, 발퀴레",서양음악(클래식),세종예술의전당 대공연장,2024-02-02,2024-02-02,925,1
PF249400,"대한민국은 공연중, 공상집단 뚱딴지: 코뿔소",연극,예술의전당 [서울] 자유소극장,2024-10-31,2024-11-06,925,1
PF250687,"성남시립교향악단 기획공연, 금난새의 영화음악이야기",서양음악(클래식),성남아트센터 콘서트홀,2024-10-30,2024-10-30,925,0
PF249274,"대한민국은 공연중, 극단 코너스톤: 맹",연극,예술의전당 [서울] 자유소극장,2024-10-17,2024-10-23,924,1
PF282486,제165회 군산시립교향악단 정기연주회: 라 트라비아타,서양음악(클래식),군산예술의전당 대공연장,2026-01-22,2026-01-22,922,0
PF245082,"대구시립교향악단, 대구국제피아노페스티벌 (08.22)",서양음악(클래식),대구콘서트하우스 그랜드홀 (대공연장) ,2024-08-22,2024-08-22,921,0
PF276145,"성남시립교향악단 기획공연, 금난새의 영화음악 이야기",서양음악(클래식),성남아트센터 콘서트홀,2025-11-06,2025-11-06,921,0
PF272568,왕세자 실종사건 [하남],뮤지컬,하남문화예술회관 검단홀(대극장),2025-10-18,2025-10-18,921,1
PF259665,"성남시립교향악단 기획공연, 금난새의 봄날의 오페라",서양음악(클래식),성남아트센터 콘서트홀,2025-03-26,2025-03-26,920,0
PF288083,"국립발레단, 더블 빌_맥그리거 & 테틀리 [세종]",무용(서양/한국무용),세종예술의전당 대공연장,2026-05-15,2026-05-16,920,1
PF245601,노인과 바다,한국음악(국악),국립극단 [명동] 명동예술극장,2024-09-13,2024-09-14,920,0
PF270135,제164회 군산시립교향악단 정기연주회: Made in Gunsan,서양음악(클래식),군산예술의전당 대공연장,2025-09-18,2025-09-18,919,0
PF260897,제432회 인천시립교향악단 정기연주회 [인천],서양음악(클래식),아트센터 인천 콘서트홀,2025-04-25,2025-04-25,918,0
PF232388,"과천시립교향악단 콘서트시리즈 1, 신년음악회 [과천]",서양음악(클래식),과천시민회관 대극장,2024-01-26,2024-01-26,918,2
PF262721,새봄 음악회: 봄을 노래하다 [당진],서양음악(클래식),당진문예의전당 대공연장,2025-05-17,2025-05-17,917,1
PF291248,대구시립합창단 스쿨콘서트 [대구] (05.20),서양음악(클래식),대구콘서트하우스 그랜드홀 (대공연장) ,2026-05-20,2026-05-20,916,2
PF272881,생텍쥐페리 [안성],뮤지컬,안성맞춤아트홀 대공연장,2025-10-17,2025-10-18,916,0
PF249469,"경남도립극단 순회공연, 빌미 [김해]",연극,김해문화의전당 누리홀,2024-10-12,2024-10-12,915,0
PF254109,"제68회 순천시립소년소녀합창단 정기연주회, 스크루지",뮤지컬,순천문화예술회관 대극장,2024-12-14,2024-12-14,914,0
PF237682,공주시립합창단 창단 10주년 특별기획연주회: 피가로의결혼 & 라보엠,서양음악(클래식),공주문예회관 대공연장,2024-04-05,2024-04-06,913,0
PF236009,제382회 광주시립교향악단 정기연주회: Klimax,서양음악(클래식),전남대학교 민주마루홀,2024-03-29,2024-03-29,913,0
PF241181,제56회 천안시립교향악단 정기연주회 [천안],서양음악(클래식),천안예술의전당 대공연장,2024-07-05,2024-07-05,912,2
PF237664,제236회 울산시립교향악단 정기연주회: 불후의 명곡,서양음악(클래식),울산문화예술회관 대공연장,2024-06-21,2024-06-21,912,0
PF257907,제392회 광주시립교향악단 정기연주회: Unison,서양음악(클래식),전남대학교 민주마루홀,2025-02-14,2025-02-14,911,0
PF255215,"제21회 포천시립민속예술단 정기공연: 물, 하늘을 그리다",한국음악(국악),포천반월아트홀 대극장,2024-12-11,2024-12-11,910,1
PF257248,부천필하모닉오케스트라 해설음악회 Ⅲ: 슈만의 속삭임,서양음악(클래식),부천아트센터 콘서트홀,2025-05-22,2025-05-22,909,0
PF247425,쪽빛황혼 [예주],연극,예주문화예술회관,2024-09-04,2024-09-05,908,1
PF255603,제621회 부산시립교향악단 정기연주회: DSCH,서양음악(클래식),부산문화회관 대극장,2025-06-19,2025-06-19,907,1
PF278950,제401회 광주시립교향악단 정기연주회: Winter Rhapsody,서양음악(클래식),전남대학교 민주마루홀,2025-12-12,2025-12-12,906,0
PF270620,로제타 [부산],연극,(재) 영화의전당 하늘연극장,2025-09-05,2025-09-06,904,1
PF268053,지젤 [순천],무용(서양/한국무용),순천문화예술회관 대극장,2025-07-13,2025-07-13,904,1
PF239895,제237회 울산시립교향악단 정기연주회: FROM THE NEW WORLD,서양음악(클래식),울산문화예술회관 대공연장,2024-08-09,2024-08-09,903,0
PF232639,"국립심포니오케스트라 초청공연, 다이나믹 K 심포니 시리즈 1: 로드리고 아랑후에스 기타 협주곡",서양음악(클래식),고양아람누리 아람음악당,2024-02-03,2024-02-03,902,0
PF287490,"제23회 포천시립민속예술단 정기공연, 꺼지지 않는 불꽃: 19190330",한국음악(국악),포천반월아트홀 대극장,2026-03-20,2026-03-20,901,1
PF270779,필하모니코리아 1882-1901 동유럽의 낭만: 라흐마니노프와 차이코프스키 두 영혼의 울림 [순천],서양음악(클래식),순천문화예술회관 대극장,2025-08-23,2025-08-23,901,0
PF288991,"제70회 안산시립국악단 정기연주회: 전통의 선율, 봄을 깨우다",한국음악(국악),안산문화예술의전당 해돋이극장,2026-04-23,2026-04-23,900,1
PF271507,"이천문화재단X국립합창단, 시네마 클래식 [이천]",서양음악(클래식),이천아트홀 대공연장,2025-10-18,2025-10-18,898,0
PF248554,"대한민국은 공연중, K-클래식: KBS교향악단, 가을의 서정",서양음악(클래식),국립극장 해오름극장,2024-10-27,2024-10-27,897,2
PF279599,국립심포니콘서트오케스트라: 크리스마스 콘서트 [세종],서양음악(클래식),세종예술의전당 대공연장,2025-12-24,2025-12-24,895,0
PF235916,"제5회 경주시립신라고취대 정기연주회, 김현호 예술감독 취임기념: 봄날",한국음악(국악),경주예술의전당 대공연장(화랑홀),2024-03-21,2024-03-21,895,0
PF264612,제516회 대구시립교향악단 정기연주회: 영웅의 생애,서양음악(클래식),대구콘서트하우스 그랜드홀 (대공연장) ,2025-06-13,2025-06-13,894,1
PF232767,제608회 부산시립교향악단 정기연주회,서양음악(클래식),부산문화회관 대극장,2024-02-27,2024-02-27,893,0
PF267379,"국립극단, 십이야 [제주]",연극,제주아트센터 대극장,2025-07-18,2025-07-19,891,0
PF235837,"제224회 부산시립국악관현악단 정기연주회: 부지휘자 김경수 취임연주회, 내일",한국음악(국악),부산문화회관 대극장,2024-03-21,2024-03-21,891,2
PF221813,"안중근, 천국에서의 춤 [마포]",무용(서양/한국무용),마포아트센터 아트홀맥,2023-08-11,2023-08-12,889,2
PF246188,제140회 강릉시립교향악단 정기연주회: 말러 교향곡 제5번,서양음악(클래식),강릉아트센터 (구. 강릉문화예술관) 사임당홀 (대공연장) ,2024-09-05,2024-09-06,887,0
PF258984,샌드아트로 즐기는 문학이 잇는 클래식 제4막: 마술피리 [울산],서양음악(클래식),울산문화예술회관 대공연장,2025-11-28,2025-11-28,886,1
PF265394,제396회 광주시립교향악단 정기연주회: Contrast,서양음악(클래식),광주 예술의 전당 대극장,2025-06-27,2025-06-27,886,1
PF279570,"과천시립여성합창단 X 과천문화원 공동기획 콰이어시리즈 3, 추사",서양음악(클래식),과천시민회관 대극장,2025-12-05,2025-12-05,883,0
PF276784,"도깨비 마법서당, 고전편 [수원]",연극,경기아트센터(구. 경기도문화의전당) 소극장,2025-11-02,2025-11-02,881,0
PF282737,"과천시립교향악단 콘서트시리즈1, 신년음악회",서양음악(클래식),과천시민회관 대극장,2026-01-29,2026-01-29,876,0
PF233672,제362회 서울시국악관현악단 정기연주회,한국음악(국악),세종문화회관 세종대극장,2024-11-29,2024-11-29,875,0
PF232269,춘천시립교향악단 신년음악회,서양음악(클래식),춘천문화예술회관 공연장,2024-01-11,2024-01-11,875,0
PF246475,제158회 군산시립교향악단 정기연주회: 브루크너 in 군산,서양음악(클래식),군산예술의전당 대공연장,2024-09-12,2024-09-12,874,0
PF255508,"제617회 부산시립교향악단 정기연주회, VALENTEIN",서양음악(클래식),부산문화회관 대극장,2025-02-14,2025-02-14,869,0
PF240709,"안산시립예술단 기획연주회, 목요보노음악회",복합,보노마루,2024-05-16,2024-12-19,868,0
PF241477,벨벳토끼 [공주],한국음악(국악),공주문예회관 대공연장,2024-06-13,2024-06-14,867,2
PF258965,"과천시립교향악단 콘서트시리즈 2, 알레그로 콘 브리오",서양음악(클래식),과천시민회관 대극장,2025-03-27,2025-03-27,866,0
PF262325,안녕? 빨강머리 앤 [대구],뮤지컬,아양아트센터 아양홀,2025-05-05,2025-05-05,865,1
PF251197,"성남시립교향악단 기획공연, 금난새의 오페라이야기: 푸치니 갈라콘서트",서양음악(클래식),성남아트센터 콘서트홀,2024-11-07,2024-11-07,865,0
PF247141,제387회 광주시립교향악단 정기연주회,서양음악(클래식),광주 예술의 전당 대극장,2024-09-27,2024-09-27,863,0
PF263811,제246회 울산시립교향악단 정기연주회: 자연의 교향곡 (Nature’s Symphony),서양음악(클래식),울산문화예술회관 대공연장,2025-09-12,2025-09-12,862,1
PF257258,부천필하모닉오케스트라 해설음악회 Ⅰ: 슈베르트 [부천],서양음악(클래식),부천아트센터 콘서트홀,2025-03-13,2025-03-13,862,0
PF259785,제122회 포항시립합창단 정기연주회: 항해,서양음악(클래식),포항문화예술회관 대공연장,2025-03-27,2025-03-27,862,1
PF240856,청춘연가 [의정부],뮤지컬,의정부예술의전당 대극장,2024-06-29,2024-06-29,861,1
PF270304,피터팬 [남양주],무용(서양/한국무용),다산아트홀,2025-08-23,2025-08-23,861,1
PF243035,"제10회 을숙도 오페라 축제, 마술피리",서양음악(클래식),을숙도문화회관 대공연장,2024-07-05,2024-07-06,858,2
PF268017,"국립극단, 십이야 [김포]",연극,김포아트홀,2025-07-25,2025-07-26,858,1
PF264556,"안산시립국악단 기획연주회, 목요보노음악회",한국음악(국악),보노마루,2025-05-15,2025-12-18,858,1
PF257294,제119회 군산시립합창단 정기 연주회: 게임 OST 콘서트,서양음악(클래식),군산예술의전당 대공연장,2025-02-06,2025-02-06,856,0
PF249945,제78회 군산시립합창단 기획연주회: 하모니 Ⅱ,서양음악(클래식),군산예술의전당 대공연장,2024-10-17,2024-10-17,856,0
PF237626,제116회 군산시립합창단 정기 연주회,서양음악(클래식),군산예술의전당 대공연장,2024-04-04,2024-04-04,856,0
PF271791,이중섭 [제주 서귀포],서양음악(클래식),서귀포예술의전당 대극장,2025-09-12,2025-09-13,854,2
PF280087,"제233회 부산시립국악관현악단 정기연주회, 강원도립국악관현악단 합동교류연주회: 함께 가는 길, 동행",한국음악(국악),부산문화회관 대극장,2025-12-18,2025-12-18,853,1
PF239545,제89회 부산시립무용단 정기공연: 빙빙 (Being Being),무용(서양/한국무용),부산문화회관 대극장,2024-05-17,2024-05-18,853,0
PF254879,부산시립국악관현악단 수능생을 위한 음악회,한국음악(국악),부산문화회관 중극장,2024-11-28,2024-11-29,848,2
PF241087,"부산시립합창단 특별연주회, 퀸 심포니",서양음악(클래식),부산시민회관 대극장,2024-07-23,2024-07-23,848,1
PF242797,제119회 춘천시립합창단 정기연주회: 합창으로 듣는 재즈와 영화음악,서양음악(클래식),춘천문화예술회관 공연장,2024-07-11,2024-07-11,848,0
PF246932,신명의 꽃 [해남],한국음악(국악),해남문화예술회관 대공연장,2024-09-03,2024-09-04,846,0
PF242033,"부천필하모닉오케스트라 해설음악회 Ⅳ: 음악의 신동, 모차르트",서양음악(클래식),부천아트센터 콘서트홀,2024-09-12,2024-09-12,845,0
PF233232,제155회 군산시립교향악단 정기연주회: 고군산군도 신년음악회,서양음악(클래식),군산예술의전당 대공연장,2024-01-18,2024-01-18,844,0
PF246572,제117회 군산시립합창단 정기 연주회,서양음악(클래식),군산예술의전당 대공연장,2024-08-29,2024-08-29,844,0
PF235913,제156회 군산시립교향악단 정기연주회: 3.5만세운동 구암동,서양음악(클래식),군산예술의전당 대공연장,2024-03-14,2024-03-14,844,0
PF282548,안산시립국악단 기획연주회: 안산시승격 40주년 기념 신년음악회 [안산],한국음악(국악),안산문화예술의전당 해돋이극장,2026-01-14,2026-01-14,842,0
PF236003,"성남시립교향악단 기획공연, 금난새의 오페라이야기: 베르디 갈라콘서트",서양음악(클래식),성남아트센터 콘서트홀,2024-03-27,2024-03-27,841,0
PF275674,6시 퇴근 [남양주],뮤지컬,다산아트홀,2025-11-07,2025-11-08,841,2
PF280843,제334회 부천필하모닉오케스트라 정기연주회 [부천],서양음악(클래식),부천아트센터 콘서트홀,2026-02-27,2026-02-27,840,0
PF241498,제57회 대구시립교향악단: 청소년 협주곡의 밤,서양음악(클래식),대구콘서트하우스 그랜드홀 (대공연장) ,2024-06-21,2024-06-21,840,2
PF217873,친절한 돼지씨 [무안],한국음악(국악),무안승달문화예술회관 대공연장,2023-05-11,2023-05-11,839,2
PF242870,"경남도립극단 음악극, 축제: 경상남도 무릉군 도원면 1994번지 [진주]",연극,경상남도문화예술회관 대공연장,2024-07-06,2024-07-07,837,0
PF249929,"제388회 광주시립교향악단 정기연주회, 행진",서양음악(클래식),광주 예술의 전당 대극장,2024-11-09,2024-11-09,836,0
PF242117,제186회 인천시립합창단 정기연주회: 모차르트 레퀴엠 & 펜데레츠키 아뉴스데이,서양음악(클래식),아트센터 인천 콘서트홀,2024-06-27,2024-06-27,836,1
PF266929,제78회 군산시립교향악단 기획연주회: 납량특집 콘서트,서양음악(클래식),군산예술의전당 대공연장,2025-08-21,2025-08-21,836,0
PF265663,시지프스 [함안],뮤지컬,함안문화예술회관 대공연장,2025-07-12,2025-07-12,836,0
PF232584,"서울시극단, 제15기 시민연극교실",연극,세종문화회관 세종S씨어터,2024-01-06,2024-01-07,835,0
PF264051,제193회 포항시립연극단 정기공연: 모르페섬의 한여름밤의 꿈,연극,포항문화예술회관 대공연장,2025-05-23,2025-05-25,834,1
PF249801,"평택시립국악관현악단 창단 기념 연주회: 평택의 소리, 아시아의 소리: 만남",한국음악(국악),평택시남부문예회관 대공연장,2024-10-12,2024-10-13,834,0
PF267737,장녀들 [군포],연극,군포문화예술회관 수리홀,2025-08-23,2025-08-24,834,1
PF259994,"한국가곡콘서트, 가곡의 별들 [창원]",서양음악(클래식),3.15아트센터 대극장,2025-04-23,2025-04-23,834,2
PF245160,변강쇠 점 찍고 옹녀 [대구],한국음악(국악),대구문화예술회관 팔공홀,2024-08-23,2024-08-24,834,2
PF234670,"과천시립교향악단 콘서트시리즈 2, Drama [과천]",서양음악(클래식),과천시민회관 대극장,2024-03-29,2024-03-29,833,2
PF260849,"제77회 대전시립무용단 정기공연: 인연, 가족사진 Ⅱ",무용(서양/한국무용),대전시립연정국악원 큰마당,2025-04-25,2025-04-26,833,0
PF241933,"제1회 아트밸리 아산 오페라 축제, 국립오페라단 잔니스키키",서양음악(클래식),경찰인재개발원 차일혁홀 ,2024-06-22,2024-06-22,832,0
PF253677,꿈의 아리아 [용인],서양음악(클래식),용인시평생학습관 (여성회관) 큰어울마당,2024-12-07,2024-12-07,832,0
PF241569,"제425회 인천시립교향악단 정기연주회, 클래식 나우 Ⅱ: 바수니스트 유성권",서양음악(클래식),아트센터 인천 콘서트홀,2024-09-06,2024-09-06,830,1
PF257824,"서울시합창단, M 컬렉션 시리즈 Ⅱ: 낙엽 위에 흐르는 멜로디",서양음악(클래식),세종문화회관 세종체임버홀,2025-10-30,2025-10-31,830,0
PF247912,"포항국제음악제, 포항시립교향악단 & 선우예권",서양음악(클래식),포항문화예술회관 대공연장,2024-11-07,2024-11-07,829,1
PF257260,부천필하모닉오케스트라 해설음악회 Ⅱ: 멘델스존의 춤 [부천],서양음악(클래식),부천아트센터 콘서트홀,2025-04-17,2025-04-17,829,0
PF232642,"다이나믹 K 심포니 시리즈 3, 베를리오즈 환상교향곡",서양음악(클래식),고양아람누리 아람음악당,2024-05-10,2024-05-10,829,0
PF280665,제주특별자치도립 제주예술단 송년음악회,서양음악(클래식),제주문예회관 대극장,2025-12-11,2025-12-11,828,2
PF257765,제241회 울산시립교향악단 정기연주회: 꿈과 환상 Dreams & Fantasies,서양음악(클래식),울산문화예술회관 대공연장,2025-03-14,2025-03-14,828,2
PF233255,"안산시립국악단 기획연주회, 신년음악회",한국음악(국악),안산문화예술의전당 해돋이극장,2024-01-18,2024-01-18,826,1
PF273395,제77회 안산시립합창단 창단 30주년 정기연주회 [안산],서양음악(클래식),안산문화예술의전당 해돋이극장,2025-09-25,2025-09-25,825,1
PF287618,제10회 평택시립국악관현악단 정기 연주회: 지영희의 음악세계,한국음악(국악),평택아트센터 대공연장,2026-04-15,2026-04-15,824,0
PF287392,"과천시립교향악단 콘서트시리즈2, 김정원 그리고 바그너 [과천]",서양음악(클래식),과천시민회관 대극장,2026-04-17,2026-04-17,824,0
PF242058,"제318회 부천필하모닉오케스트라 정기연주회, 서진과 멘델스존",서양음악(클래식),부천아트센터 콘서트홀,2024-07-26,2024-07-26,823,0
PF277339,제70회 순천시립소년소녀합창단 정기연주회 [순천],서양음악(클래식),순천문화예술회관 대극장,2025-11-08,2025-11-08,822,0
PF279264,제82회 고양시립합창단 정기연주회: 송년가족음악회,서양음악(클래식),고양아람누리 아람음악당,2025-12-11,2025-12-11,822,0
PF247691,빵야 [서울 금천],연극,금나래아트홀,2024-10-09,2024-10-09,819,1
PF244379,고도를 기다리며 [군포],연극,군포문화예술회관 철쭉홀,2024-08-02,2024-08-03,818,2
PF283537,"경남도립극단, 반야 삼촌 [진주]",연극,경상남도문화예술회관 대공연장,2026-04-09,2026-04-11,816,2
PF268086,"천안예술의전당 개관13주년 기념공연, 국립합창단: 가을에 찾아온 모차르트 그리고 가곡",서양음악(클래식),천안예술의전당 대공연장,2025-09-19,2025-09-19,816,0
PF235789,제75회 고양시립합창단 정기연주회: 봄이 오는 소리,서양음악(클래식),고양아람누리 아람음악당,2024-03-19,2024-03-19,815,0
PF269866,"국립창극단, 송년판소리",한국음악(국악),국립극장 달오름극장,2025-12-19,2025-12-20,815,2
PF269427,"국립심포니오케스트라, 브루크너 교향곡 4번 [고양]",서양음악(클래식),고양아람누리 아람음악당,2025-10-31,2025-10-31,813,1
PF234884,"용인시립합창단 기획공연, 아카펠라 & 재즈",서양음악(클래식),용인포은아트홀,2024-03-28,2024-03-28,812,0
PF272744,신명의 꽃: 헌화가 [제천],한국음악(국악),제천예술의전당 대공연장,2025-09-26,2025-09-27,812,2
PF246467,잠자는 숲속의 미녀 [논산],무용(서양/한국무용),논산아트센터(구. 논산문화예술회관) 대공연장,2024-08-23,2024-08-23,811,1
PF280336,제83회 창원시립소년소녀합창단 정기연주회: The Gift of Christmas,서양음악(클래식),성산아트홀 대극장,2025-12-12,2025-12-12,811,0
PF260900,제433회 인천시립교향악단 정기연주회 [인천],서양음악(클래식),아트센터 인천 콘서트홀,2025-05-16,2025-05-16,811,2
PF255128,"군산시립예술단 합동연주회, 김과장네 크리스마스 빅~뱅!",서양음악(클래식),군산예술의전당 대공연장,2024-12-19,2024-12-19,809,0
PF252669,제22회 익산시립풍물단 정기공연,한국음악(국악),익산예술의전당 대공연장,2024-11-07,2024-11-07,809,2
PF253438,제130회 대구시립소년소녀합창단 정기연주회: 우리가 노래하는 이유,서양음악(클래식),대구문화예술회관 팔공홀,2024-12-07,2024-12-07,807,0
PF242029,"제321회 부천필하모닉오케스트라 정기연주회, 지휘자와 작곡가 Ⅸ: 마르틴 덴디벨과 시벨리우스",서양음악(클래식),부천아트센터 콘서트홀,2024-11-14,2024-11-14,806,0
PF234179,"경기필하모닉 마스터즈 시리즈 Ⅱ, 말러 교향곡 1번 [서울]",서양음악(클래식),롯데콘서트홀,2024-05-24,2024-05-24,806,2
PF276164,"울산 포항 경주 해오름동맹 시립예술단 합동공연, 공존: Coexistence [경주]",서양음악(클래식),경주예술의전당 대공연장(화랑홀),2025-11-15,2025-11-15,806,0
PF239606,하늘을 난 라이트형제 시즌Ⅱ,뮤지컬,다산아트홀,2024-05-04,2024-05-04,804,0
PF257269,부천필하모닉오케스트라 어린이를 위한 음악놀이터 Ⅰ: 마음이 들리는 시간,서양음악(클래식),부천아트센터 콘서트홀,2025-06-05,2025-06-05,803,0
PF232016,"부천필하모닉오케스트라 해설음악회 Ⅱ: 음악의 어머니, 헨델",서양음악(클래식),부천아트센터 콘서트홀,2024-04-26,2024-04-26,801,0
PF279848,제177회 대구시립합창단 정기연주회 [대구],서양음악(클래식),대구콘서트하우스 그랜드홀 (대공연장) ,2025-12-18,2025-12-18,801,2
PF221787,"K-예술축제, 얼쑤 [대전]",뮤지컬,대전시립연정국악원 큰마당,2023-08-26,2023-08-27,800,0
PF257254,"제174회 부천시립합창단 정기연주회: 하이든, 천지창조",서양음악(클래식),부천아트센터 콘서트홀,2025-03-21,2025-03-21,800,1
PF274879,"대전시립교향악단 디스커버리 시리즈6, EQ-UP 콘서트: 클래식 음악여행",서양음악(클래식),대전예술의전당 앙상블홀,2025-10-28,2025-10-29,800,0
PF259931,"제141회 광주시립국악관현악단 정기연주회: 꿈, 리턴즈",한국음악(국악),광주 예술의 전당 대극장,2025-04-04,2025-04-04,800,0
PF289823,구름빵 [영천],뮤지컬,영천시민회관 스타홀,2026-05-15,2026-05-15,800,1
PF277028,"제13회 단원구여성합창단 정기연주회: 응답하라, 8090 [안산]",서양음악(클래식),안산문화예술의전당 해돋이극장,2025-11-04,2025-11-04,800,1
PF232973,"통영국제음악제, 광주시립교향악단 with 에마뉘엘 파위",서양음악(클래식),통영국제음악당 콘서트홀,2024-04-04,2024-04-04,799,0
PF265803,"대구시립교향악단, 스쿨 콘서트: 영화 속 클래식",서양음악(클래식),대구콘서트하우스 그랜드홀 (대공연장) ,2025-06-05,2025-06-05,798,1
PF265114,"부천필하모닉오케스트라, 어린이를 위한 음악놀이터 Ⅱ [부천]",서양음악(클래식),부천아트센터 콘서트홀,2025-12-04,2025-12-04,797,2
PF283881,"대구시민주간 2.28민주운동 66주년 기념, 대구시립교향악단 특별연주회: 기억과 울림",서양음악(클래식),대구콘서트하우스 그랜드홀 (대공연장) ,2026-02-27,2026-02-27,796,0
PF277877,제3회 인천시립소년소녀합창단 정기연주회 [인천],서양음악(클래식),인천문화예술회관 대공연장,2025-11-08,2025-11-08,795,0
PF252438,제118회 군산시립합창단 정기연주회: 군산 세레나데,서양음악(클래식),군산예술의전당 대공연장,2024-11-14,2024-11-14,792,0
PF236260,"명품국악콘서트, 우리소리 [영천]",한국음악(국악),영천시민회관 스타홀,2024-03-16,2024-03-16,789,0
PF241570,"제426회 인천시립교향악단 정기연주회, 클래식 에센스 Ⅲ: 환호하라, 기뻐하라",서양음악(클래식),아트센터 인천 콘서트홀,2024-10-18,2024-10-18,786,2
PF245104,신명의 꽃 [충북],한국음악(국악),증평문화회관 대강당,2024-08-09,2024-08-10,786,0
PF246275,"제24회 SPAF, 스테파니 레이크 컴퍼니: 콜로서스",무용(서양/한국무용),아르코예술극장 대극장,2024-10-17,2024-10-18,786,0
PF259527,"국립국악원 창작악단 기획공연, 작곡가 시리즈 Ⅳ: 이상규",한국음악(국악),국립국악원 예악당,2025-03-27,2025-03-28,784,2
PF276135,제132회 울산시립합창단 정기연주회: 헨델 메시아 [울산],서양음악(클래식),울산문화예술회관 대공연장,2025-12-11,2025-12-11,784,2
PF228736,왕세자 실종사건 [거창],뮤지컬,거창문화센터 공연장,2023-11-10,2023-11-11,783,0
PF271446,원주시립교향악단 특별음악회: TOSCA 토스카 [원주],서양음악(클래식),원주백운아트홀,2025-09-11,2025-09-11,783,1
PF263810,제247회 울산시립교향악단 정기연주회: 승리와 초월 (Triumph Transcendence),서양음악(클래식),울산문화예술회관 대공연장,2025-10-31,2025-10-31,782,1
PF245170,이희문 프로젝트: 오방신과 스팽글 [구미],한국음악(국악),구미시문화예술회관 대공연장,2024-08-31,2024-08-31,782,0
PF232384,"대전시립교향악단 마스터즈 시리즈1, 신년음악회",서양음악(클래식),대전예술의전당 아트홀,2024-01-12,2024-01-12,781,0
PF277351,뉴서울필하모닉 x 한수진: 천상의 손끝 거장의 선율 [창원],서양음악(클래식),3.15아트센터 대극장,2025-12-06,2025-12-06,781,1
PF285886,"얍 판 츠베덴 & 서울시립교향악단, Mozart & Tchaikovsky [평택]",서양음악(클래식),평택아트센터 대공연장,2026-04-11,2026-04-11,781,0
PF278797,제69회 구미시립소년소녀합창단 정기공연: 선물,서양음악(클래식),구미시문화예술회관 대공연장,2025-12-13,2025-12-13,781,1
PF253598,똥벼락 [부산],한국음악(국악),국립부산국악원 연악당,2024-12-13,2024-12-14,779,2
PF242040,"제317회 부천필하모닉오케스트라 정기연주회, 지휘자와 작곡가 Ⅴ: 이승원과 슈베르트",서양음악(클래식),부천아트센터 콘서트홀,2024-07-11,2024-07-11,779,0
PF281488,"세종예술의전당 신년음악회, 시즌 오프닝 콘서트 with 국립심포니오케스트라 [세종]",서양음악(클래식),세종예술의전당 대공연장,2026-01-16,2026-01-16,779,0
PF278331,"제24회 익산시립풍물단 정기공연, 리: 컬렉션",한국음악(국악),익산예술의전당 대공연장,2025-11-13,2025-11-13,778,1
PF266965,"NEXT MOTION 단원창작 프로젝트: 익산시립무용단, 풍물단 합동 정기공연 [익산]",한국음악(국악),익산예술의전당 대공연장,2025-06-19,2025-06-19,778,0
PF272799,"제79회 군산시립교향악단 특별기획연주회: 은파, 세바우 전설",서양음악(클래식),군산예술의전당 대공연장,2025-10-16,2025-10-16,777,0
PF261980,"국립현대무용단, 얍! 얍! 얍! [서울 금천]",무용(서양/한국무용),금나래아트홀,2025-05-17,2025-05-17,777,0
PF252996,제168회 대전시립합창단 정기연주회: Magic of Christmas,서양음악(클래식),대전예술의전당 아트홀,2024-12-17,2024-12-17,777,1
PF256130,"울산시립합창단, 신년음악회: Song Of Arirang",서양음악(클래식),울산문화예술회관 대공연장,2025-01-21,2025-01-21,776,0
PF264096,"국립현대무용단, 솔로 프로젝트",무용(서양/한국무용),예술의전당 [서울] 자유소극장,2025-06-06,2025-06-08,775,2
PF286254,"서울예술단, 나빌레라 [김해]",뮤지컬,김해문화의전당 마루홀,2026-04-17,2026-04-18,774,2
PF260651,"토요기획공연, 판: 꽃의 노래 [남원]",한국음악(국악),국립민속국악원 예원당,2025-03-08,2025-11-22,773,0
PF258986,샌드아트로 즐기는 문학이 잇는 클래식 제3막: 햄릿 [울산],서양음악(클래식),울산문화예술회관 대공연장,2025-09-26,2025-09-26,771,0
PF253533,제140회 광주시립국악관현악단 정기연주회: 선물,한국음악(국악),광주 예술의 전당 대극장,2024-12-12,2024-12-12,771,0
PF274502,살로메 [고창],한국음악(국악),고창문화의전당 공연장,2025-09-26,2025-09-27,770,1
PF240061,조수미 in Love [오산],서양음악(클래식),오산문화예술회관 대공연장,2024-05-30,2024-05-30,769,1
PF249140,제77회 고양시립합창단 정기연주회,서양음악(클래식),고양아람누리 아람음악당,2024-10-17,2024-10-17,769,0
PF271091,조선이야기꾼 전기수 [성주],뮤지컬,성주문화예술회관 대공연장,2025-08-23,2025-08-23,766,1
PF254353,잇츠 홈쇼핑 주식회사 [논산],연극,논산아트센터(구. 논산문화예술회관) 대공연장,2024-12-06,2024-12-07,766,0
PF266595,"서울예술단, 천 개의 파랑 [군산]",뮤지컬,군산예술의전당 대공연장,2025-07-12,2025-07-12,765,1
PF278816,"부산발레시어터, 호두까기인형 [예산]",무용(서양/한국무용),충남도청 문예회관,2025-12-11,2025-12-11,765,2
PF271487,제398회 광주시립교향악단 정기연주회: The Echo of Peace,서양음악(클래식),광주 예술의 전당 대극장,2025-09-12,2025-09-12,765,0
PF271539,이벤져스 라이브 [대구],뮤지컬,대구서구문화회관 공연장,2025-08-16,2025-08-16,764,2
PF247294,"서구愛마토콘서트, 베르사이유 궁전의 우아한 음악가들 [대구]",서양음악(클래식),대구서구문화회관 공연장,2024-08-31,2024-08-31,763,0
PF256438,"제153회 과천시립교향악단 콘서트시리즈 1, 신년음악회",서양음악(클래식),과천시민회관 대극장,2025-01-23,2025-01-23,763,0
PF242041,"부천필하모닉오케스트라, 어린이를 위한 음악놀이터Ⅱ: 춤추며 동화속으로",서양음악(클래식),부천아트센터 콘서트홀,2024-12-05,2024-12-05,762,0
PF248833,해녀의 바다 [포항],서양음악(클래식),포항문화예술회관 대공연장,2024-10-10,2024-10-10,762,0
PF286793,제405회 광주시립교향악단 정기연주회: Leningrad,서양음악(클래식),광주 예술의 전당 대극장,2026-04-10,2026-04-10,758,1
PF254107,제69회 순천시립극단 정기공연: 늙은 소년들의 왕국,연극,순천문화예술회관 대극장,2024-12-05,2024-12-06,756,0
PF250548,"ACC 퍼니, 록산느를 위한 발라드",연극,국립아시아문화전당 극장2,2024-12-05,2024-12-07,756,0
PF240761,"충주시립우륵국악단, 깨비 깨비 도깨비",한국음악(국악),충주시문화회관,2024-05-23,2024-05-24,755,0
PF239318,"대구시립국악단 40주년 특별기획, 민족의 숨결 겨레의 노래 [대구]",한국음악(국악),대구문화예술회관 팔공홀,2024-05-30,2024-05-30,752,2
PF232004,부천필하모닉오케스트라 어린이를 위한 음악놀이터I,서양음악(클래식),부천아트센터 콘서트홀,2024-06-05,2024-06-05,752,0
PF248996,"국립발레단 Fly Higher with KNB, 해설이 있는 전막발레 돈키호테 [천안]",무용(서양/한국무용),천안예술의전당 대공연장,2024-10-11,2024-10-11,750,1
PF254178,"제98회 순천시립합창단 정기연주회, 박현빈과 함께하는 송년음악회",서양음악(클래식),순천문화예술회관 대극장,2024-12-18,2024-12-18,750,0
PF273169,난 책이 좋아요 [아산],뮤지컬,아산시 평생학습관(아산아트홀) 아산아트홀(아산시평생학습관),2025-10-04,2025-10-04,749,0
PF279227,양산시립합창단 송년음악회: 당신을 위한 노래 Song for you,서양음악(클래식),양산문화예술회관 대공연장,2025-12-04,2025-12-04,749,1
PF269097,택견마을 혹부리영감 [충주],한국음악(국악),충주시문화회관,2025-07-23,2025-07-24,748,0
PF259980,제144회 강릉시립교향악단 정기연주회,서양음악(클래식),강릉아트센터 (구. 강릉문화예술관) 사임당홀 (대공연장) ,2025-03-28,2025-03-29,748,0
PF242104,제87회 익산시립합창단 정기연주회,서양음악(클래식),익산예술의전당 대공연장,2024-06-13,2024-06-13,743,1
PF236570,"한국가곡대축제, 가곡의 별들 [창원]",서양음악(클래식),3.15아트센터 대극장,2024-04-18,2024-04-18,742,0
PF221137,서교동에서 죽다 [여수],연극,GS칼텍스 예울마루 소극장,2023-09-01,2023-09-02,742,1
PF240268,제76회 군산시립합창단 기획연주회: 오월 愛 편지,서양음악(클래식),군산예술의전당 대공연장,2024-05-23,2024-05-23,740,0
PF263054,제179회 경상북도 도립교향악단 정기연주회: 위시 [포항],서양음악(클래식),포항문화예술회관 대공연장,2025-05-02,2025-05-02,740,0
PF246242,"제24회 SPAF, 리미니 프로토콜 & 슈테판 카에기: 이것은 대사관이 아니다",연극,아르코예술극장 대극장,2024-10-22,2024-10-23,740,0
PF260381,"제170회 대전시립합창단 정기연주회: 바흐, 요한 수난곡 Version Ⅱ",서양음악(클래식),대전예술의전당 아트홀,2025-04-18,2025-04-18,740,0
PF239400,수박수영장 [거창],뮤지컬,거창문화센터 공연장,2024-04-27,2024-04-27,737,2
PF245176,"과천시립교향악단 콘서트시리즈 5, 여름 축제의 밤",서양음악(클래식),과천시민회관 대극장,2024-08-22,2024-08-22,737,0
PF239809,제238회 울산시립교향악단 정기연주회: 슈만과 브람스 [울산],서양음악(클래식),울산문화예술회관 대공연장,2024-08-30,2024-08-30,737,1
PF280013,제90회 익산시립합창단 정기연주회: 하모니 마음의 울림,서양음악(클래식),익산예술의전당 대공연장,2025-12-04,2025-12-04,735,0
PF266311,제89회 익산시립합창단 정기연주회 [익산],서양음악(클래식),익산예술의전당 대공연장,2025-06-13,2025-06-13,735,1
PF233599,"국립심포니오케스트라: The New Year, New Energy & New Generation [강릉]",서양음악(클래식),강릉아트센터 (구. 강릉문화예술관) 사임당홀 (대공연장) ,2024-01-25,2024-01-25,733,0
PF226603,"개관 15주년 컬렉션 IV, 조상님께 바치는 댄스 [창원]",무용(서양/한국무용),3.15아트센터 대극장,2023-10-28,2023-10-29,733,0
PF235702,제2회 하남시립합창단 기획연주회,서양음악(클래식),하남문화예술회관 검단홀(대극장),2024-03-14,2024-03-14,733,0
PF234044,제136회 강릉시립교향악단 정기연주회: 신년음악회,서양음악(클래식),강릉아트센터 (구. 강릉문화예술관) 사임당홀 (대공연장) ,2024-02-03,2024-02-03,733,0
PF274218,"찾아가는 국립극장, 국립창극단: 이날치傳",한국음악(국악),거제문화예술회관 대극장,2025-11-06,2025-11-06,732,0
PF271082,창원시립교향악단 특별 기획공연: Special Artist Concert Ⅶ,서양음악(클래식),성산아트홀 대극장,2025-09-05,2025-09-05,732,0
PF255314,호야: 好夜 [여주],연극,세종국악당,2024-12-05,2024-12-05,732,0
PF282684,제138회 목포시립교향악단 정기연주회,서양음악(클래식),목포시민문화체육센터 대공연장,2026-01-29,2026-01-29,732,1
PF249209,"대한민국은 공연중, 극단76, 관객모독",연극,예술의전당 [서울] 자유소극장,2024-10-04,2024-10-10,732,1
PF271145,서편제; The Original [춘천],한국음악(국악),춘천문화예술회관 공연장,2025-11-21,2025-11-22,732,1
PF254249,제142회 강릉시립교향악단 정기연주회,서양음악(클래식),강릉아트센터 (구. 강릉문화예술관) 사임당홀 (대공연장) ,2024-12-20,2024-12-20,731,0
PF261551,제5회 세종시립청소년교향악단 정기연주회 [세종],서양음악(클래식),세종예술의전당 대공연장,2025-04-12,2025-04-12,730,2
PF282477,신년음악회: Fly High Seogu!,복합,인천서구문화회관 대공연장,2026-01-23,2026-01-23,730,0
PF252911,제176회 춘천시립교향악단 정기연주회: 고별 속 환희,서양음악(클래식),춘천문화예술회관 공연장,2024-12-06,2024-12-06,728,0
PF243592,잠자는 숲속의 미녀 [함안],무용(서양/한국무용),함안문화예술회관 대공연장,2024-07-13,2024-07-13,726,0
PF260903,제31회 춘천시립청소년합창단 정기연주회,서양음악(클래식),춘천문화예술회관 공연장,2025-04-12,2025-04-12,726,1
PF248136,"대한민국은 공연중, 국립국악관현악단: 격, 한국의 멋",한국음악(국악),국립극장 해오름극장,2024-10-25,2024-10-25,725,2
PF255091,"평택시립국악관현악단, 평택시민과 함께하는 국악성가의 밤",복합,평택시서부문예회관 대공연장,2024-12-18,2024-12-18,724,0
PF278736,제123회 강릉시립합창단 정기연주회,서양음악(클래식),강릉아트센터 (구. 강릉문화예술관) 사임당홀 (대공연장) ,2025-12-04,2025-12-04,723,0
PF252113,"강동예술인페스티벌, 구립시니어합창단",서양음악(클래식),강동아트센터 대극장 한강,2024-10-24,2024-10-24,723,0
PF233604,"국립현대무용단, HIP合 (힙합) [강릉]",무용(서양/한국무용),강릉아트센터 (구. 강릉문화예술관) 사임당홀 (대공연장) ,2024-01-23,2024-01-23,723,0
PF270492,제176회 대구시립합창단 정기연주회: 송 오브 아리랑,서양음악(클래식),대구콘서트하우스 그랜드홀 (대공연장) ,2025-09-25,2025-09-25,722,1
PF256215,"제391회 광주시립교향악단 정기연주회, 신년음악회 New Wave",서양음악(클래식),전남대학교 민주마루홀,2025-01-15,2025-01-15,722,0
PF274798,"포항국제음악제, 손민수 & 포항시립교향악단",서양음악(클래식),효자아트홀,2025-11-12,2025-11-12,721,0
PF286226,"시 승격 30주년 기념음악회 & 양산시립합창단 정기연주회: 하모니로 빚은 도시, 양산30 [양산]",복합,양산문화예술회관 대공연장,2026-03-19,2026-03-19,720,0
PF280199,제149회 강릉시립교향악단 정기연주회 [강릉],서양음악(클래식),강릉아트센터 (구. 강릉문화예술관) 사임당홀 (대공연장) ,2025-12-20,2025-12-20,719,2
PF271125,"국립극단 청소년극, 섬X희곡X집",연극,국립극단 [용산] 야외마당,2025-09-11,2025-09-28,719,2
PF250609,제75회 군산시립교향악단 기획연주회,서양음악(클래식),군산예술의전당 대공연장,2024-11-07,2024-11-07,718,0
PF284332,수원시립교향악단 기획연주회: 수원음악인의 밤 [수원],서양음악(클래식),수원SK아트리움 대공연장,2026-03-06,2026-03-06,718,0
PF252040,"세종예술의전당 국립심포니오케스트라, 송년음악회",서양음악(클래식),세종예술의전당 대공연장,2024-12-08,2024-12-08,718,1
PF244588,"강릉시립교향악단, 힐링음악회 [강릉]",서양음악(클래식),강릉아트센터 (구. 강릉문화예술관) 사임당홀 (대공연장) ,2024-07-22,2024-07-22,717,1
PF283192,"그랜드 오케스트라 위크, 제403회 광주시립교향악단 정기연주회: Nr.2",서양음악(클래식),광주 예술의 전당 대극장,2026-02-03,2026-02-03,717,1
PF264458,"제83회 제주특별자치도립 서귀포합창단 정기연주회, 가족사진",서양음악(클래식),서귀포예술의전당 대극장,2025-05-28,2025-05-28,716,0
PF251327,양산시립합창단 정기연주회: 가을의 향연,서양음악(클래식),양산문화예술회관 대공연장,2024-10-31,2024-10-31,716,0
PF234645,제55회 천안시립교향악단 정기연주회,서양음악(클래식),천안시청 봉서홀,2024-03-08,2024-03-08,715,0
PF252093,"제165회 부산시립소년소녀합창단 정기연주회: 즐거운 겨울, 크리스마스",서양음악(클래식),부산문화회관 대극장,2024-12-14,2024-12-14,713,0
PF237300,서울시향과 함께하는 키즈 콘서트: 클래식 음악 여행 [서울 강동],서양음악(클래식),강동아트센터 대극장 한강,2024-04-13,2024-04-13,713,0
PF257855,제242회 울산시립교향악단 정기연주회: 낭만주의 영웅들 Romantic Heroes,서양음악(클래식),울산문화예술회관 대공연장,2025-04-04,2025-04-04,713,1
PF260348,제170회 경상북도 도립국악단 정기연주회: APEC 정상회의 성공개최 기원 교류음악회,한국음악(국악),포항문화예술회관 대공연장,2025-03-22,2025-03-22,713,1
PF282027,국립심포니오케스트라와 함께하는 신년음악회 [안동],서양음악(클래식),안동문화예술의전당 웅부홀,2026-01-31,2026-01-31,712,1
PF248080,빵야 [서울 영등포],연극,영등포아트홀,2024-10-19,2024-10-19,711,1
PF260947,"제203회 국립합창단 정기연주회, 낭만주의 거장의 합창음악 Ⅲ. 스타바트 마테르",서양음악(클래식),롯데콘서트홀,2025-09-16,2025-09-16,711,2
PF245313,"제386회 광주시립교향악단 정기연주회, Leggiero",서양음악(클래식),광주 예술의 전당 소극장,2024-08-29,2024-08-30,711,0
PF282575,"제248회 울산시립교향악단 정기연주회: 도시, 춤, 그리고 꿈 (The city, the dance, and the dream)",서양음악(클래식),울산문화예술회관 대공연장,2026-02-06,2026-02-06,711,1
PF276349,"국립현대무용단: 청, 연 [서울 은평]",무용(서양/한국무용),서울문화예술교육센터 은평(서울무용창작센터) 블랙박스 공연장,2025-11-28,2025-11-30,709,0
PF221591,친절한 돼지씨 [안성],한국음악(국악),안성맞춤아트홀 대공연장,2023-09-15,2023-09-15,709,1
PF244399,신뺑파전 [연천],연극,연천수레울아트홀 대공연장,2024-08-02,2024-08-03,708,0
PF257791,이희문 프로젝트: 오방신과 스팽글 [안성],한국음악(국악),안성맞춤아트홀 대공연장,2025-02-22,2025-02-22,708,1
PF251353,"국립현대무용단, 얍! 얍! 얍! [부산]",무용(서양/한국무용),부산문화회관 중극장,2025-06-14,2025-06-15,707,1
PF250792,"제178회 서울시소년소녀합창단 정기연주회: 노래는 맛있게, 표정은 밝게, 마음은 즐겁게 Ⅱ",서양음악(클래식),세종문화회관 세종체임버홀,2024-11-01,2024-11-02,707,0
PF242938,제139회 강릉시립교향악단 정기연주회,서양음악(클래식),강릉아트센터 (구. 강릉문화예술관) 사임당홀 (대공연장) ,2024-07-12,2024-07-12,706,0
PF235840,제137회 강릉시립교향악단 정기연주회,서양음악(클래식),강릉아트센터 (구. 강릉문화예술관) 소공연장,2024-03-14,2024-03-15,706,0
PF245071,"국립현대무용단, 코레오 커넥션 3: 어린이 무용 얍! 얍! 얍! [세종]",무용(서양/한국무용),세종예술의전당 대공연장,2024-10-01,2024-10-02,706,1
PF266963,"서울예술단, 윤동주, 달을쏘다 [강릉]",뮤지컬,강릉아트센터 (구. 강릉문화예술관) 사임당홀 (대공연장) ,2025-07-25,2025-07-25,705,1
PF269529,"국립국악관현악단, 관현악시리즈 Ⅰ: 어쿠스틱",한국음악(국악),국립극장 해오름극장,2025-08-23,2025-08-23,705,1
PF263587,제131회 대구시립소년소녀합창단 정기연주회: 모두 행복 해져라,서양음악(클래식),대구문화예술회관 팔공홀,2025-05-17,2025-05-17,705,0
PF249121,회란기 [관악],연극,관악아트홀 (구. 관악문화관) 관악아트홀 (구. 관악문화관) ,2024-10-18,2024-10-19,704,1
PF238548,"부산시립국악관현악단 예술교육공연, 영도 할매 마리오네트 인형과 함께 떠나는 국악사계",한국음악(국악),부산문화회관 중극장,2024-05-08,2024-05-09,704,0
PF286970,"수성아트피아 명품시리즈 Ⅳ, 이자람 판소리: 눈, 눈, 눈 [대구]",한국음악(국악),수성아트피아 대극장 (대공연장) ,2026-05-08,2026-05-09,703,0
PF275679,"국립극단, 조씨고아, 복수의 씨앗 [구미]",연극,구미시문화예술회관 대공연장,2025-12-05,2025-12-06,703,1
PF240530,"국립극단, 스카팽 [하남]",연극,하남문화예술회관 검단홀(대극장),2024-06-07,2024-06-08,702,1
PF274198,제24회 대구시립교향악단 대학생 협주곡의 밤,서양음악(클래식),대구콘서트하우스 그랜드홀 (대공연장) ,2025-10-24,2025-10-24,702,2
PF260720,제99회 순천시립합창단 정기연주회 [순천],서양음악(클래식),순천문화예술회관 대극장,2025-03-20,2025-03-20,701,0
PF265661,제100회 순천시립합창단 정기연주회 [순천],서양음악(클래식),순천문화예술회관 대극장,2025-06-12,2025-06-12,700,0
PF251499,"제389회 광주시립교향악단 정기연주회, Star",서양음악(클래식),전남대학교 민주마루홀,2024-11-29,2024-11-29,699,0
PF237340,제86회 천안시충남국악관현악단 정기연주회,한국음악(국악),천안시청 봉서홀,2024-04-19,2024-04-19,696,1
PF279946,"서울시무용단, 안무가 랩: 듀오",무용(서양/한국무용),세종문화회관 세종S씨어터,2025-12-18,2025-12-21,695,1
PF272113,안산시립국악단 기획연주회: 청소년을 위한 드림콘서트,한국음악(국악),안산문화예술의전당 해돋이극장,2025-09-04,2025-09-04,695,1
PF272140,"제25회 SPAF, 네안데르탈",연극,아르코예술극장 대극장,2025-10-31,2025-11-02,695,0
PF293054,오늘을 기억해 [대구],뮤지컬,대구서구문화회관 공연장,2026-06-13,2026-06-13,694,2
PF263523,제58회 대구시립교향악단 청소년 협주곡의 밤: 영 아티스트 콘서트,서양음악(클래식),대구콘서트하우스 그랜드홀 (대공연장) ,2025-05-30,2025-05-30,694,1
PF240541,록산느를 위한 발라드 [안동],연극,안동문화예술의전당 웅부홀,2024-11-21,2024-11-22,693,2
PF236668,"제95회 순천시립합창단 정기연주회: 신춘음악회, 오메~봄이여라",서양음악(클래식),순천문화예술회관 대극장,2024-03-21,2024-03-21,692,0
PF281903,여수시립합창단과 함께하는 송년음악회: HANDEL'S MESSIAH [여수],서양음악(클래식),GS칼텍스 예울마루 대극장,2025-12-18,2025-12-18,691,0
PF247981,잇츠 홈쇼핑 주식회사 [포천],연극,포천반월아트홀 대극장,2024-09-28,2024-09-28,690,1
PF276040,정악단 기획공연: 필운대 풍류 Ⅳ,한국음악(국악),국립국악원 우면당,2025-11-20,2025-11-22,690,2
PF253537,"제228회 부산시립국악관현악단 정기연주회: 창단 40주년 기념 감사음악회, 고맙습니Day",한국음악(국악),부산문화회관 대극장,2024-12-18,2024-12-18,690,2
PF277711,광주시립교향악단 GSO 오티움 콘서트 Ⅴ.Guitar,서양음악(클래식),광주 예술의 전당 소극장,2025-11-26,2025-11-26,689,0
PF251782,"대전시립교향악단 마스터즈 시리즈 11, 차이콥스키 교향곡 제6번, 비창",서양음악(클래식),대전예술의전당 아트홀,2024-11-26,2024-11-26,688,2
PF278330,제207회 공주시충남교향악단 정기연주회: 내포의 전원교향곡,서양음악(클래식),충남도청 문예회관,2025-11-27,2025-11-27,688,0
PF259312,제161회 군산시립교향악단 정기연주회: 쇼스타코비치 in 군산,서양음악(클래식),군산예술의전당 대공연장,2025-03-13,2025-03-13,688,0
PF287781,제124회 포항시립합창단 정기연주회: 봄 날,서양음악(클래식),포항문화예술회관 대공연장,2026-04-09,2026-04-09,687,0
PF260593,사의 찬미 [오산],뮤지컬,오산문화예술회관 대공연장,2025-03-28,2025-03-29,686,2
PF251261,제141회 강릉시립교향악단 정기연주회,서양음악(클래식),강릉아트센터 (구. 강릉문화예술관) 사임당홀 (대공연장) ,2024-11-15,2024-11-15,686,0
PF269882,"제120회 군산시립합창단 정기연주회, 새로운 시작의 서곡: 바람 셰익스피어..소녀를 노래하다",서양음악(클래식),군산예술의전당 대공연장,2025-09-06,2025-09-06,685,0
PF279746,제69회 안산시립국악단 정기연주회 [안산],한국음악(국악),안산문화예술의전당 해돋이극장,2025-12-04,2025-12-04,684,0
PF289021,"제153회 성남시립합창단 정기연주회, 칼 오르프: 카르미나 부라나 [성남]",서양음악(클래식),성남아트센터 콘서트홀,2026-04-30,2026-04-30,684,0
PF256150,"제372회 대전시립교향악단 정기연주회, 마스터즈 시리즈 Ⅰ: 신년음악회 [대전]",서양음악(클래식),대전예술의전당 아트홀,2025-01-17,2025-01-17,683,0
PF274254,"월드 오케스트라 페스티벌, 제519회 대구시립교향악단 정기연주회 [대구]",서양음악(클래식),대구콘서트하우스 그랜드홀 (대공연장) ,2025-10-17,2025-10-17,683,2
PF270424,페이지나 [광주],뮤지컬,광주북구문화센터 (양산도서관) 공연장,2025-08-22,2025-08-23,683,0
PF278544,제125회 춘천시립합창단 정기연주회: 송년음악회 CINE오페라,서양음악(클래식),춘천문화예술회관 공연장,2025-12-11,2025-12-11,682,0
PF281583,제180회 경상북도 도립교향악단 정기연주회,서양음악(클래식),경주예술의전당 대공연장(화랑홀),2025-12-23,2025-12-23,682,0
PF266968,"국립오페라단, 마술피리 [제천]",서양음악(클래식),제천예술의전당 대공연장,2025-07-11,2025-07-11,680,2
PF236125,제70회 성남시립국악단 정기연주회,한국음악(국악),성남아트센터 콘서트홀,2024-03-14,2024-03-14,680,0
PF251582,"제61회 광주시립창극단 정기공연, 여울물 소리 [광주]",한국음악(국악),광주 예술의 전당 대극장,2024-11-07,2024-11-08,680,0
PF259324,수원음악인의 밤 [수원],서양음악(클래식),수원SK아트리움 대공연장,2025-03-13,2025-03-13,680,2
PF247733,헨젤과 그레텔 [익산],무용(서양/한국무용),익산예술의전당 대공연장,2024-10-05,2024-10-05,679,1
PF233328,제171회 춘천시립교향악단 정기연주회,서양음악(클래식),춘천문화예술회관 공연장,2024-02-01,2024-02-01,677,0
PF271465,제80회 부산시립극단 정기공연: 시련 [부산],연극,부산문화회관 중극장,2025-09-11,2025-09-13,677,1
PF227196,그래비티 스페이스 [여수],뮤지컬,GS칼텍스 예울마루 대극장,2023-11-17,2023-11-18,676,1
PF240741,"광주시립교향악단, GSO 오티움 콘서트 Ⅱ: Early Romantic",서양음악(클래식),광주 예술의 전당 소극장,2024-06-14,2024-06-14,674,0
PF278082,"제14회 부평구립소년소녀합창단 정기연주회, 창작합창뮤지컬: 마녀 집에 간 헨젤과 그레텔 [인천]",서양음악(클래식),부평아트센터 해누리극장,2025-11-08,2025-11-08,674,1
PF239684,"국립국악관현악단, 야외 음악회: 애주가 (愛酒歌)",한국음악(국악),국립극장 문화광장,2024-06-01,2024-06-02,673,1
PF241861,제191회 포항시립연극단 정기공연: 바냐삼촌,연극,포항시청 대잠홀,2024-06-19,2024-06-22,673,0
PF253137,제119회 강릉시립합창단 정기연주회,서양음악(클래식),강릉아트센터 (구. 강릉문화예술관) 사임당홀 (대공연장) ,2024-12-06,2024-12-06,673,0
PF272190,"제25회 SPAF, 디 임플로이",연극,아르코예술극장 대극장,2025-10-24,2025-10-26,672,0
PF264119,"제163회 군산시립교향악단 정기연주회: 베토벤, 영웅",서양음악(클래식),군산예술의전당 대공연장,2025-06-05,2025-06-05,670,0
PF243428,광주시립교향악단 GSO 오티움 콘서트 Ⅲ: Romantic,서양음악(클래식),광주 예술의 전당 소극장,2024-07-18,2024-07-18,670,0
PF241873,제1회 당진시충남합창단 정기연주회: 호국보훈의달 기념 포레레퀴엠,서양음악(클래식),당진문예의전당 대공연장,2024-06-27,2024-06-27,669,2
PF264102,"제3회 당진시충남합창단 기획연주회, 가정의 달 기념 가족음악회: 그대에게",서양음악(클래식),당진문예의전당 대공연장,2025-05-13,2025-05-13,669,0
PF266775,제3회 당진시충남합창단 정기연주회: 클래식 명곡 시리즈 (Masterpiece Series) [당진],서양음악(클래식),당진문예의전당 대공연장,2025-06-24,2025-06-24,669,0
PF239768,제1회 당진시충남합창단 기획연주회: 가정의 달 기념 가족음악회,서양음악(클래식),당진문예의전당 대공연장,2024-05-09,2024-05-09,669,1
PF234267,"과천시립여성합창단 콰이어시리즈 1, 세계합창여행: 아시아, 유럽",서양음악(클래식),과천시민회관 대극장,2024-02-23,2024-02-23,669,0
PF274937,헨젤과 그레텔 [군산],무용(서양/한국무용),군산예술의전당 대공연장,2025-10-25,2025-10-25,669,0
PF275576,"제4회 당진시충남합창단 기획연주회, 국내 유명작곡가 초청: 가을의 향기 Vol.4 [당진]",서양음악(클래식),당진문예의전당 대공연장,2025-10-28,2025-10-28,669,0
PF253472,"경주시립합창단 송년음악회, 환희의 송가",서양음악(클래식),경주예술의전당 대공연장(화랑홀),2024-12-19,2024-12-19,668,0
PF235740,"제137회 광주시립국악관현악단 정기연주회: 새로운 30년, 그 서막 (序幕) 을 열다",한국음악(국악),광주 예술의 전당 대극장,2024-03-14,2024-03-14,667,0
PF281610,"의정부문화재단 신년음악회, 국립심포니오케스트라: 빛으로 여는 새해 [의정부]",서양음악(클래식),의정부예술의전당 대극장,2026-01-23,2026-01-23,667,0
PF260837,제162회 군산시립교향악단 정기연주회: 신춘음악회,서양음악(클래식),군산예술의전당 대공연장,2025-04-03,2025-04-03,666,1
PF248981,"부천시립합창단, 부천시민합창페스티벌",서양음악(클래식),부천아트센터 콘서트홀,2024-10-16,2024-10-16,665,0
PF272418,"만능재치꾼 피가로, 세빌리아의 이발사 [장흥]",서양음악(클래식),장흥문화예술회관 대공연장,2025-09-12,2025-09-12,664,0
PF266354,이상한 나라의 춘자씨 [부산],뮤지컬,(재) 영화의전당 하늘연극장,2025-07-26,2025-07-26,663,0
PF284806,제145회 광주시립국악관현악단 정기연주회: 풍류,한국음악(국악),광주 예술의 전당 대극장,2026-03-19,2026-03-19,663,0
PF277125,"국립합창단, 카르미나 부라나 [안성]",서양음악(클래식),안성맞춤아트홀 대공연장,2025-12-05,2025-12-05,660,1
PF238431,"샌드아트로 만나는 가족음악회, 아라비안 나이트 [울산]",서양음악(클래식),울산문화예술회관 대공연장,2024-05-10,2024-05-10,660,0
PF237359,"제129회 경주시립극단 정기공연, 8인의 여인들 [경주]",연극,경주예술의전당 소공연장(원화홀),2024-04-19,2024-04-21,658,0
PF275676,제8회 경주시립신라고취대 정기공연: 찬기파랑가,한국음악(국악),경주예술의전당 대공연장(화랑홀),2025-12-04,2025-12-04,658,0
PF241574,제116회 강릉시립합창단 정기연주회: 별은 너에게로,서양음악(클래식),강릉아트센터 (구. 강릉문화예술관) 사임당홀 (대공연장) ,2024-06-21,2024-06-21,658,0
PF239943,경주시립신라고취대 특별기획공연: 교류음악회 동행,한국음악(국악),경주예술의전당 대공연장(화랑홀),2024-05-22,2024-05-22,657,0
PF283825,제220회 포항시립교향악단 정기연주회: 베토벤,서양음악(클래식),효자아트홀,2026-02-12,2026-02-12,657,0
PF268892,페페의 꿈 [제주],서양음악(클래식),제주아트센터 대극장,2025-08-02,2025-08-02,657,0
PF232046,제315회 부천필하모닉오케스트라 정기연주회: 아드리앙 페뤼숑과 드뷔시,서양음악(클래식),부천아트센터 콘서트홀,2024-04-04,2024-04-04,657,0
PF260881,"광주시립교향악단, GSO 오티움 콘서트 Ⅰ. Marimba",서양음악(클래식),광주 예술의 전당 소극장,2025-04-16,2025-04-16,656,0
PF257183,제151회 성남시립합창단 정기연주회: 살아있는 자를 위한 웅대한 위로의 노래 [성남],서양음악(클래식),성남아트센터 콘서트홀,2025-02-07,2025-02-07,656,0
PF246460,"제200회 공주시충남교향악단 정기연주회, 메가시티 콘서트 [대전]",서양음악(클래식),대전예술의전당 아트홀,2024-09-10,2024-09-10,655,1
PF279359,제8회 평택시립국악관현악단 정기 연주회: 송년 가족음악회 [평택],복합,평택시서부문예회관 대공연장,2025-12-11,2025-12-11,654,0
PF223593,그때도 오늘 [창원],연극,3.15아트센터 소극장,2023-09-01,2023-09-02,654,1
PF249994,제90회 부산시립무용단 정기공연: 무가 용호상박,무용(서양/한국무용),부산문화회관 대극장,2024-10-25,2024-10-26,653,0
PF257779,악단광칠 콘서트: 매우 춰라! [의정부],한국음악(국악),의정부예술의전당 대극장,2025-03-15,2025-03-15,652,0
PF256574,제160회 군산시립교향악단 정기연주회: 신년음악회,서양음악(클래식),군산예술의전당 대공연장,2025-01-23,2025-01-23,651,0
PF272710,페페의 꿈 [대구],서양음악(클래식),대구서구문화회관 공연장,2025-08-30,2025-08-30,651,0
PF248532,"김성녀의 마당놀이, 심청이와 춘향이가 온다 [인천]",연극,인천문화예술회관 야외공연장,2024-10-04,2024-10-05,651,0
PF253392,아하! 강아지똥 [익산],연극,솜리문화예술회관 중공연장,2024-12-07,2024-12-07,650,0
PF260286,제243회 울산시립교향악단 정기연주회: 삶과 죽음의 성찰 Reflections of Life & Death,서양음악(클래식),울산문화예술회관 대공연장,2025-06-20,2025-06-20,649,0
PF254075,제211회 포항시립교향악단 정기연주회: 대화합,서양음악(클래식),포항문화예술회관 대공연장,2024-12-05,2024-12-05,649,0
PF233204,수원시립교향악단 신년음악회,서양음악(클래식),수원SK아트리움 대공연장,2024-01-18,2024-01-18,649,0
PF242028,"제319회 부천필하모닉오케스트라 정기연주회, 지휘자와 작곡가 Ⅶ: 김건과 시벨리우스",서양음악(클래식),부천아트센터 콘서트홀,2024-09-27,2024-09-27,648,0
PF219436,연희도깨비 [남산국악당],한국음악(국악),서울남산국악당 크라운해태홀,2023-08-03,2023-08-05,646,2
PF247815,"경산시립교향악단 실내악 시리즈, CHAMBER MUSIC SERIES",서양음악(클래식),경산시민회관 대강당,2024-09-04,2024-09-04,646,0
PF264006,경산시립교향악단 가정의 달 기획연주회: 동물의 사육제,서양음악(클래식),경산시민회관 대강당,2025-05-03,2025-05-03,646,1
PF286346,제102회 순천시립합창단 정기연주회: 모차르트의 빛과 어둠,서양음악(클래식),순천문화예술회관 대극장,2026-03-19,2026-03-19,645,0
PF246586,"광주시립교향악단, GSO 오티움 콘서트 Ⅳ: Impressionism",서양음악(클래식),광주 예술의 전당 소극장,2024-09-12,2024-09-12,645,0
PF255356,제16기 시민연극교실,연극,세종문화회관 세종S씨어터,2024-12-21,2024-12-22,645,0
PF271151,이희문 프로젝트: 오방신과 스팽글 [춘천],한국음악(국악),춘천문화예술회관 공연장,2025-09-05,2025-09-05,645,0
PF262636,타악기야 놀자! [예산],서양음악(클래식),충남도청 문예회관,2025-04-30,2025-04-30,644,0
PF246684,템플 [함안],연극,함안문화예술회관 대공연장,2024-10-12,2024-10-12,642,0
PF264809,"부산시립합창단, SUMMER FANTASY: Chorus of Dream",서양음악(클래식),부산문화회관 대극장,2025-07-24,2025-07-24,641,2
PF288752,"부산발레시어터, 신데렐라 [원주]",무용(서양/한국무용),원주치악예술관,2026-05-02,2026-05-02,640,1
PF244128,부산시향의 심야음악회,서양음악(클래식),부산문화회관 중극장,2024-08-23,2024-08-23,639,0
PF244350,제171회 대구시립합창단 정기연주회,서양음악(클래식),대구콘서트하우스 그랜드홀 (대공연장) ,2024-07-25,2024-07-25,639,2
PF243009,"광주시립발레단 기획공연, 발레살롱콘서트 Ⅱ: 단원안무전",무용(서양/한국무용),빛고을시민문화관 공연장,2024-07-05,2024-07-06,639,2
PF244529,벨벳토끼 [목포],한국음악(국악),남도소리울림터,2024-08-03,2024-08-03,639,0
PF287037,제127회 춘천시립합창단 정기연주회 [춘천],서양음악(클래식),춘천문화예술회관 공연장,2026-04-23,2026-04-23,638,0
PF269620,"대구국제금관·타악페스티벌, 대구시립교향악단 (08.20)",서양음악(클래식),대구콘서트하우스 그랜드홀 (대공연장) ,2025-08-20,2025-08-20,637,1
PF276368,"과천시립소년소녀합창단 하모니시리즈3, 창작합창뮤지컬: 스마트폰에 빠진 에디슨 [과천]",서양음악(클래식),과천시민회관 대극장,2025-11-08,2025-11-08,636,0
PF235855,"수원시립교향악단 기획연주회, 음악인의 밤",서양음악(클래식),수원SK아트리움 대공연장,2024-03-07,2024-03-07,635,0
PF266669,"서울예술단, 윤동주, 달을 쏘다. [익산]",뮤지컬,익산예술의전당 대공연장,2025-07-19,2025-07-19,635,1
PF280813,제335회 부천필하모닉오케스트라 정기연주회: Romeo & Juliet,서양음악(클래식),부천아트센터 콘서트홀,2026-04-03,2026-04-03,635,0
PF247217,NEW 달을 품은 슈퍼맨 [고흥],뮤지컬,고흥문화회관 김연수실,2024-09-13,2024-09-13,634,2
PF246890,신뺑파전 [천안],연극,천안시성환문화회관 대공연장,2024-09-21,2024-09-22,634,0
PF271596,"GAC공연예술축제 그라제, 자라는 자라 [광주]",한국음악(국악),광주 예술의 전당 소극장,2025-09-11,2025-09-11,634,0
PF254097,"제198회 광주시립합창단 정기연주회, 헨델 오라토리오: 메시아",서양음악(클래식),빛고을시민문화관 공연장,2024-12-12,2024-12-12,634,1
PF260332,제76회 안산시립합창단 정기연주회: 지구마블 콘서트,서양음악(클래식),안산문화예술의전당 해돋이극장,2025-03-27,2025-03-27,634,1
PF250005,"강릉시립교향악단 기획연주, 가곡의 밤",서양음악(클래식),강릉아트센터 (구. 강릉문화예술관) 사임당홀 (대공연장) ,2024-10-24,2024-10-24,634,0
PF264923,달 샤베트 [인제],뮤지컬,인제하늘내린센터 대공연장,2025-05-24,2025-05-24,633,0
PF244963,셰프 [부안],뮤지컬,부안예술회관 공연장,2024-07-20,2024-07-20,633,1
PF216451,실험실 콘서트 [여수],서양음악(클래식),GS칼텍스 예울마루 대극장,2023-05-19,2023-05-19,633,2
PF273047,"울산시립교향악단 송년음악회, 당신을 위한 음악선물",서양음악(클래식),울산문화예술회관 대공연장,2025-12-19,2025-12-19,632,2
PF289510,슈퍼거북 슈퍼토끼 [보성],뮤지컬,보성군문화예술회관,2026-05-22,2026-05-23,631,1
PF233456,대전시립교향악단 마스터즈 시리즈 2: 베를리오즈 환상교향곡,서양음악(클래식),대전예술의전당 아트홀,2024-02-06,2024-02-06,630,2
PF264047,"오케스트라와 함께하는 국립오페라단, 마술피리 [사천]",서양음악(클래식),사천문화예술회관 대공연장,2025-05-22,2025-05-22,628,1
PF252007,제133회 목포시립교향악단 정기연주회: 고전과 낭만,서양음악(클래식),목포시민문화체육센터 대공연장,2024-11-14,2024-11-14,628,0
PF236927,제93회 천안시립합창단 정기연주회,서양음악(클래식),천안시성환문화회관 대공연장,2024-04-04,2024-04-04,626,0
PF273432,"바람, 다녀가셔요 [고창]",연극,고창문화의전당 공연장,2025-09-11,2025-09-11,626,0
PF288346,음악으로 읽는 세계문학 시리즈 Ⅳ. 해와 달이 될뻔한 오누이 [대전],서양음악(클래식),대전시립연정국악원 큰마당,2026-05-02,2026-05-02,625,0
PF238670,"문학이 잇는 클래식 제2막, 카르멘 [울산]",서양음악(클래식),울산문화예술회관 대공연장,2024-05-31,2024-05-31,625,0
PF246267,"제24회 SPAF, 성북동 비둘기: 걸리버스",연극,대학로예술극장 대극장,2024-10-03,2024-10-05,625,0
PF269505,판타스틱 애니멀즈 [전주],서양음악(클래식),한국소리문화의전당 모악당,2025-08-27,2025-08-27,625,2
PF278381,"부산시립합창단 예술교육공연, 교실 밖 합창여행",서양음악(클래식),부산문화회관 챔버홀,2025-11-05,2025-11-07,625,2
PF293486,분홍립스틱 [고창],연극,고창문화의전당 공연장,2026-06-18,2026-06-18,625,0
PF287302,제175회 대전시립합창단 정기연주회: 헨델 오라토리오 사울,서양음악(클래식),대전예술의전당 아트홀,2026-04-16,2026-04-16,624,0
PF278360,비제 서거 150주년 춘천시립청소년교향악단 송년음악회,서양음악(클래식),춘천문화예술회관 공연장,2025-12-13,2025-12-13,623,0
PF263990,"제1268회 서초금요음악회, 교향악 축제 Ⅲ: 서울시향 우리동네 음악회 관현악",서양음악(클래식),서초문화예술회관(구. 서초구민회관) 아트홀(대강당),2025-05-09,2025-05-09,623,0
PF284055,"제384회 대전시립교향악단 정기연주회: DPO 마스터즈 시리즈 2, 브루크너 교향곡 제4번 로맨틱",서양음악(클래식),대전예술의전당 아트홀,2026-02-27,2026-02-27,623,0
PF263141,제91회 부산시립무용단 정기공연: 남풍,무용(서양/한국무용),부산문화회관 대극장,2025-05-09,2025-05-10,622,0
PF279481,제197회 대전시립연정국악단 정기공연: 송년음악회,한국음악(국악),대전시립연정국악원 큰마당,2025-12-19,2025-12-19,621,0
PF265460,아줌마가 달려간다 [문경],연극,문경문화예술회관 문희아트홀,2025-05-30,2025-05-31,620,0
PF287650,나의 아저씨 [김해],연극,김해서부문화센터 하늬홀,2026-05-29,2026-05-30,620,0
PF269027,"국립오페라단, 마술피리 [인천 서구]",서양음악(클래식),인천서구문화회관 대공연장,2025-08-02,2025-08-02,618,1
PF236595,제73회 안산시립합창단 정기연주회,서양음악(클래식),안산문화예술의전당 해돋이극장,2024-03-28,2024-03-28,618,2
PF258794,"ACC 브런치 콘서트, 한웅원밴드 X 유태평양: 그루브 in 판소리",복합,국립아시아문화전당 극장2,2025-03-26,2025-03-26,618,0
PF266556,신명의 꽃: 사물놀이 완판 [고창],한국음악(국악),고창문화의전당 공연장,2025-06-12,2025-06-12,618,1
PF263672,제395회 광주시립교향악단 정기연주회: 형제들,서양음악(클래식),광주 예술의 전당 대극장,2025-05-30,2025-05-30,618,1
PF240181,공주시충남교향악단 가정의 달 맞이: 쿵짝쿵짝! 가족 음악회! [공주],서양음악(클래식),공주문예회관 대공연장,2024-05-28,2024-05-28,617,0
PF286950,"국립합창단, 시네마 클래식 [군산]",서양음악(클래식),군산예술의전당 대공연장,2026-04-25,2026-04-25,616,2
PF238532,"목포시립무용단 명무초청 기획공연, 心舞: 이보다 더 좋을 수 없다",무용(서양/한국무용),목포문화예술회관,2024-04-18,2024-04-18,614,0
PF255629,춘천시립교향악단 신년음악회,서양음악(클래식),춘천문화예술회관 공연장,2025-01-10,2025-01-10,613,0
PF235995,제118회 춘천시립합창단 정기연주회: 최상윤 상임지휘자 취임기념,서양음악(클래식),춘천문화예술회관 공연장,2024-03-21,2024-03-21,611,0
PF264277,"제217회 대구시립국악단 정기연주회: 광복 80주년 기념 공연, 민족의 숨결 겨레의 노래 [대구]",한국음악(국악),대구문화예술회관 팔공홀,2025-05-30,2025-05-30,611,0
PF290637,헤어드레서 [고창],뮤지컬,고창문화의전당 공연장,2026-05-07,2026-05-07,611,2
PF225164,그래비티 스페이스 [제주],뮤지컬,BeIN(비인),2023-09-15,2023-09-17,610,1
PF220650,콜비츠와의 대화 [서울],한국음악(국악),양천문화회관 대극장,2023-07-05,2023-07-06,609,2
PF272142,"제25회 SPAF, 하리보 김치",연극,서울문화재단 대학로극장 쿼드 (예술청) 대학로극장 쿼드 (예술청) ,2025-10-16,2025-10-19,609,0
PF246511,진호의 책방 [양산],서양음악(클래식),양산문화예술회관 대공연장,2024-08-31,2024-08-31,607,2
PF225793,연희도깨비 [군포],한국음악(국악),군포문화예술회관 철쭉홀,2023-11-03,2023-11-04,607,0
PF264137,이야기 보따리 기획공연: 별이와 무지개다리,한국음악(국악),국립민속국악원 예원당,2025-05-10,2025-05-31,607,2
PF284595,제63회 천안시립교향악단 정기연주회: 차이콥스키,서양음악(클래식),천안예술의전당 대공연장,2026-03-13,2026-03-13,607,2
PF246278,"제24회 SPAF, 지젤 비엔: 사람들",무용(서양/한국무용),아르코예술극장 대극장,2024-10-26,2024-10-27,607,0
PF273685,"만능재치꾼 피가로, 세빌리아의 이발사 [인천 계양]",서양음악(클래식),계양문화회관 대공연장,2025-09-26,2025-09-27,607,0
PF243778,실험실 콘서트 [강릉],서양음악(클래식),강릉아트센터 (구. 강릉문화예술관) 소공연장,2024-08-03,2024-08-03,607,1
PF245967,통속소설이 머 어때서?! [광주],연극,빛고을시민문화관 공연장,2024-09-04,2024-09-04,606,1
PF236743,"대전시립연정국악원 전통시리즈, 국립국악원 주역 초청: 판소리 다섯마당 [대전]",한국음악(국악),대전시립연정국악원 작은마당,2024-03-28,2024-11-28,606,0
PF245649,제57회 천안시립교향악단 정기연주회 [천안],서양음악(클래식),천안예술의전당 대공연장,2024-09-06,2024-09-06,606,0
PF241558,"제198회 국립합창단 정기연주회: 합창음악, 그 위대한 역사적 시대를 돌아보다",서양음악(클래식),예술의전당 [서울] IBK챔버홀,2024-06-25,2024-06-25,605,0
PF253180,"제58회 대구시립극단 정기공연-2, 여기가 집이다 [대구]",연극,대구문화예술회관 비슬홀,2024-12-18,2024-12-21,605,0
PF231998,부천필하모닉오케스트라 아침의 콘서트: A long time ago,서양음악(클래식),부천아트센터 콘서트홀,2024-06-13,2024-06-13,605,0
PF258769,제60회 천안시립교향악단 정기연주회 [천안],서양음악(클래식),천안예술의전당 대공연장,2025-03-15,2025-03-15,605,0
PF254824,제169회 경상북도 도립국악단 정기연주회: 송년음악회,한국음악(국악),경북고령대가야문화누리 (구. 대가야국악당) 대공연장 (우륵홀) ,2024-12-11,2024-12-11,605,0
PF251705,북극곰 로라 [김포],뮤지컬,김포아트홀,2024-11-01,2024-11-02,605,2
PF268408,제78회 대전시립무용단 정기공연: 축축축 讚 (찬) Me,무용(서양/한국무용),대전시립연정국악원 큰마당,2025-11-21,2025-11-22,604,0
PF244858,진호의 책방 [익산],서양음악(클래식),익산예술의전당 대공연장,2024-08-11,2024-08-11,603,1
PF243283,"도립교향악단과 함께하는 해설이 있는 오페라, 사랑의 묘약 [영덕]",서양음악(클래식),예주문화예술회관,2024-07-16,2024-07-16,603,0
PF235449,"대전시립교향악단 마스터즈 시리즈 4, 스트라빈스키 봄의 제전",서양음악(클래식),대전예술의전당 아트홀,2024-04-09,2024-04-09,602,0
PF246270,"제24회 SPAF, 티아고 호드리게즈: 바이 하트",연극,서울문화재단 대학로극장 쿼드 (예술청) 대학로극장 쿼드 (예술청) ,2024-10-18,2024-10-20,602,0
PF259895,전북특별자치도립국악원과 함께하는 국악콘서트 with 김태연 [장성],복합,장성문화예술회관 대공연장,2025-03-11,2025-03-11,601,1
PF270639,"BAC 특별기획, 찾아가는 국립극장 선정작 국립국악관현악단: 베스트 컬렉션",한국음악(국악),부천아트센터 콘서트홀,2025-10-18,2025-10-18,601,1
PF234014,새해의 왈츠,서양음악(클래식),울산문화예술회관 대공연장,2024-02-23,2024-02-23,600,0
PF231983,"부천시립합창단 신년음악회, 바로크의 영광",서양음악(클래식),부천아트센터 콘서트홀,2024-01-25,2024-01-25,599,0
PF269609,국립국악원 창작악단 기획공연: 긴산조 협주곡Ⅱ,한국음악(국악),국립극장 해오름극장,2025-10-26,2025-10-26,599,1
PF279394,제199회 창원시립합창단 정기연주회 [창원],서양음악(클래식),3.15아트센터 대극장,2025-12-04,2025-12-04,599,1
PF266942,신명의 꽃: 헌화가 [평택],한국음악(국악),평택시서부문예회관 대공연장,2025-07-11,2025-07-11,599,0
PF238533,영덕군 신춘음악회,서양음악(클래식),예주문화예술회관,2024-04-25,2024-04-25,598,1
PF258940,"제79회 군산시립합창단 기획 연주회, 여성의 날 기념 합창 음악극: 엄마, 그녀의 계절",서양음악(클래식),군산예술의전당 대공연장,2025-03-06,2025-03-06,598,0
PF247793,함안의 편지 [함안],서양음악(클래식),함안문화예술회관 대공연장,2024-10-26,2024-10-26,598,0
PF257878,제213회 포항시립교향악단 정기연주회 [포항],서양음악(클래식),포항문화예술회관 대공연장,2025-02-13,2025-02-13,597,0
PF280788,부천시립합창단 어린이 음악회: 우리가 노래하는 이유,서양음악(클래식),부천아트센터 콘서트홀,2026-02-12,2026-02-12,596,0
PF271508,제81회 군산시립합창단 기획 연주회: 합창의 품격 어울림,서양음악(클래식),군산예술의전당 대공연장,2025-09-25,2025-09-25,595,0
PF221685,페페의 꿈 [상주],복합,상주문화회관 대공연장,2023-07-22,2023-07-22,595,1
PF261104,"광주시립오페라단 기획공연, 오페라 갈라 콘서트: 60 Stars",서양음악(클래식),빛고을시민문화관 공연장,2025-04-05,2025-04-05,594,0
PF243305,제240회 울산시립교향악단 정기연주회: 격동의 사반세기,서양음악(클래식),울산문화예술회관 대공연장,2024-11-22,2024-11-22,594,1
PF263698,"충주시립우륵국악단, 어린이 음악극: 빨강 모자의 신나는 모험",한국음악(국악),충주시문화회관,2025-05-20,2025-05-21,594,1
PF250835,이희문 프로젝트: 오방신과 스팽글 [광주],한국음악(국악),광주 예술의 전당 대극장,2024-11-02,2024-11-02,593,1
PF284430,"제249회 울산시립교향악단 정기연주회: 낭만, 열정, 그리고 비창 Romance, Passion, and Pathétique",서양음악(클래식),울산문화예술회관 대공연장,2026-03-13,2026-03-13,592,1
PF249853,"춘천시립교향악단 특별연주회, 브런치콘서트",서양음악(클래식),춘천문화예술회관 공연장,2024-10-26,2024-10-26,591,0
PF258391,"국립현대무용단 어린이 무용, 얍! 얍! 얍! [화성]",무용(서양/한국무용),반석아트홀,2025-05-23,2025-05-24,591,0
PF276182,제32회 춘천시립청소년합창단 정기연주회 [춘천],서양음악(클래식),춘천문화예술회관 공연장,2025-11-08,2025-11-08,590,0
PF263113,"경남도립극단, 둥둥 낙랑둥 [거제]",연극,거제문화예술회관 대극장,2025-06-17,2025-06-17,589,0
PF290856,제195회 포항시립연극단 정기공연: 생존의 법칙,연극,포항시청 대잠홀,2026-06-04,2026-06-06,588,0
PF280345,제주특별자치도립 서귀포예술단 송년음악회 [제주 서귀포],서양음악(클래식),서귀포예술의전당 대극장,2025-12-18,2025-12-18,588,1
PF290601,망월: 달을 바라다 [광주],뮤지컬,광산문화예술회관 공연장,2026-05-14,2026-05-16,588,2
PF241597,흥보마누라 이혼소송 사건 [고양],한국음악(국악),고양아람누리 새라새극장,2024-07-05,2024-07-06,587,0
PF260894,"인천시립교향악단 기획연주회, 가족음악회 [인천]",서양음악(클래식),부평아트센터 해누리극장,2025-05-31,2025-05-31,586,1
PF281958,"대전시립교향악단 마스터즈 시리즈 Ⅰ, 신년음악회: 림스키코르사코프 세헤라자데 [대전]",서양음악(클래식),대전예술의전당 아트홀,2026-01-08,2026-01-08,586,1
PF251626,"국립부산국악원 교류공연, 춤: 남겨진 유산",무용(서양/한국무용),국립국악원 예악당,2024-11-14,2024-11-15,586,0
PF268631,"대전시립교향악단 마스터즈 시리즈7, 스트라빈스키 페트루슈카",서양음악(클래식),대전예술의전당 아트홀,2025-07-29,2025-07-29,585,0
PF236071,제28회 춘천시립청소년교향악단 정기연주회,서양음악(클래식),춘천문화예술회관 공연장,2024-03-23,2024-03-23,584,0
PF265041,"제176회 부천시립합창단 정기연주회: 로시니, 작은 장엄 미사",서양음악(클래식),부천아트센터 콘서트홀,2025-07-17,2025-07-17,583,1
PF250139,제58회 천안시립교향악단 정기연주회 [천안],서양음악(클래식),천안예술의전당 대공연장,2024-11-15,2024-11-15,583,0
PF252724,"명가월륜: 불멸의 춤, 원왕생무 [서울 은평]",무용(서양/한국무용),은평문화예술회관 공연장,2024-11-23,2024-11-23,582,0
PF268969,신데렐라의 모래이야기 [예천],서양음악(클래식),예천군문화회관,2025-07-26,2025-07-26,582,0
PF261099,"경남도립극단, 둥둥 낙랑둥 [진주]",연극,경상남도문화예술회관 대공연장,2025-04-17,2025-04-19,581,1
PF279627,국립심포니콘서트오케스트라: 크리스마스 콘서트,서양음악(클래식),예술의전당 [서울] IBK챔버홀,2025-12-23,2025-12-23,581,0
PF248401,유쾌한 하녀 마리사 [양산],연극,양산문화예술회관 대공연장,2024-09-28,2024-09-28,581,0
PF266760,헤어드레서 [홍천],뮤지컬,홍천문화예술회관,2025-06-12,2025-06-13,581,1
PF277371,제47회 울산시립청소년교향악단 정기연주회: 백조의 호수,서양음악(클래식),울산문화예술회관 대공연장,2025-11-30,2025-11-30,580,0
PF266553,신명의 꽃: 김덕수와 친구들 [고창],한국음악(국악),고창문화의전당 공연장,2025-06-13,2025-06-13,580,0
PF245210,자라는 자라 [진주],한국음악(국악),경상남도문화예술회관 대공연장,2024-10-19,2024-10-19,580,0
PF277816,6시 퇴근 [성주],뮤지컬,성주문화예술회관 대공연장,2025-11-29,2025-11-29,578,2
PF236643,제59회 성남시립소년소녀합창단 정기연주회,서양음악(클래식),성남아트센터 콘서트홀,2024-03-29,2024-03-29,577,1
PF253692,"제40회 공주시충남연정국악단 정기연주회, 송년음악회: 그해 겨울을 따뜻했네 [공주]",한국음악(국악),공주문예회관 대공연장,2024-12-04,2024-12-04,577,0
PF264448,"제123회 춘천시립합창단 정기연주회, 카르미나부라나",서양음악(클래식),춘천문화예술회관 공연장,2025-06-05,2025-06-05,576,1
PF256622,"제194회 대전시립연정국악단 정기공연, 신년음악회: 새해진연: 조선의 빛",한국음악(국악),대전시립연정국악원 큰마당,2025-01-24,2025-01-24,576,0
PF280192,제58회 제주특별자치도립무용단 정기공연: 집,무용(서양/한국무용),BeIN(비인),2025-12-12,2025-12-13,576,2
PF288124,앰비규어스 댄스컴퍼니: FEVER (피버) [김해],무용(서양/한국무용),김해서부문화센터 하늬홀,2026-05-16,2026-05-16,575,0
PF265139,"국악의 날 기념 기획공연, 흥으로 잇는 세상: 연희 판",한국음악(국악),국립국악원 예악당,2025-06-05,2025-06-05,575,1
PF263282,"대전시립교향악단 마스터즈 시리즈 5, 베토벤 교향곡 제3번: 영웅 [대전]",서양음악(클래식),대전예술의전당 아트홀,2025-05-22,2025-05-22,575,0
PF266435,"제152회 성남시립합창단 정기연주회, 악상: Expressions with 박지훈 [성남]",서양음악(클래식),성남아트센터 콘서트홀,2025-07-03,2025-07-03,575,1
PF256800,"쇼스타코비치 서거 50주기 기념, 국립심포니오케스트라 실내악 시리즈 1",서양음악(클래식),예술의전당 [서울] IBK챔버홀,2025-02-27,2025-02-27,575,2
PF251746,"강동예술인페스티벌, 구립여성합창단",서양음악(클래식),강동아트센터 대극장 한강,2024-10-22,2024-10-22,574,0
PF276206,생텍쥐페리 [안동],뮤지컬,경북도청 동락관,2025-10-25,2025-10-25,574,1
PF273072,DIVA [거창],뮤지컬,거창문화센터 공연장,2025-09-05,2025-09-05,573,0
PF244097,비르투오소들의 조우 (遭遇) [구미],서양음악(클래식),구미시문화예술회관 대공연장,2024-08-23,2024-08-23,573,0
PF278804,제76회 구미시립합창단 정기공연: 겨울우화 [구미],서양음악(클래식),구미시문화예술회관 대공연장,2025-12-11,2025-12-11,573,1
PF279564,제43회 강서구립극단 정기공연: 도연,뮤지컬,강서아트리움 아리홀,2025-12-12,2025-12-14,572,0
PF250180,해녀의 바다 [경주],서양음악(클래식),경주예술의전당 대공연장(화랑홀),2024-10-31,2024-10-31,572,0
PF268555,"광주시립교향악단, GSO 오티움 콘서트 Ⅲ. Flute",서양음악(클래식),광주 예술의 전당 소극장,2025-08-22,2025-08-22,572,0
PF289563,장애인의 날 기념 서귀포예술의전당 특별기획 아름다운 동행 with 제주특별자치도립 서귀포예술단 [제주 서귀포],서양음악(클래식),서귀포예술의전당 대극장,2026-04-22,2026-04-22,572,0
PF258985,샌드아트로 즐기는 문학이 잇는 클래식 제1막: 페르귄트 [울산],서양음악(클래식),울산문화예술회관 대공연장,2025-04-25,2025-04-25,572,0
PF240574,"ACC 초이스, 여자야 여자야",무용(서양/한국무용),국립아시아문화전당 극장1,2024-07-05,2024-07-06,572,1
PF226470,왕세자 실종사건 [여주],뮤지컬,세종국악당,2023-11-03,2023-11-04,571,0
PF278301,제46회 군포시립여성합창단 정기연주회,서양음악(클래식),군포문화예술회관 수리홀,2025-11-05,2025-11-05,571,0
PF251979,호야: 好夜 [영등포],연극,영등포아트홀,2024-12-14,2024-12-14,571,0
PF257268,제175회 부천시립합창단 정기연주회 [부천],서양음악(클래식),부천아트센터 콘서트홀,2025-04-24,2025-04-24,571,1
PF261059,제7회 경주시립신라고취대 정기공연: 春興 (춘흥),한국음악(국악),경주예술의전당 대공연장(화랑홀),2025-04-25,2025-04-25,570,0
PF239158,제29회 춘천시립청소년합창단 정기연주회: 사랑의 노래,서양음악(클래식),춘천문화예술회관 공연장,2024-05-18,2024-05-18,570,0
PF220926,YOU & IT [함안],뮤지컬,함안문화예술회관 대공연장,2023-07-22,2023-07-22,570,0
PF252087,"제6회 춘천시립국악단 정기공연: 늘 푸른 봄내, 샘밭장 놀이마당",한국음악(국악),춘천문화예술회관 공연장,2024-11-28,2024-11-28,570,0
PF257751,"DSAC 문화공감, 회란기 [대구]",연극,달서아트센터 (구. 웃는얼굴아트센터) 청룡홀,2025-02-22,2025-02-22,570,1
PF283975,부산시립교향악단 기획음악회: 세계 클래식 음악산책 Ⅰ,서양음악(클래식),부산문화회관 중극장,2026-03-13,2026-03-13,569,1
PF282047,"국립심포니콘서트오케스트라, 브람스, 교향곡 2번 [세종]",서양음악(클래식),세종예술의전당 대공연장,2026-01-27,2026-01-27,569,2
PF262693,"국립현대무용단, 내가 물에서 본 것 [부산]",무용(서양/한국무용),부산시민회관 대극장,2025-08-30,2025-08-30,568,2
PF232927,제203회 포항시립교향악단 정기연주회: 신년음악회,서양음악(클래식),포항문화예술회관 대공연장,2024-01-18,2024-01-18,568,0
PF242681,제96회 순천시립합창단 정기연주회: 호국보은의 달 음악회 평화를 위한 노래,서양음악(클래식),순천문화예술회관 대극장,2024-06-21,2024-06-21,568,0
PF247567,제75회 안산시립합창단 정기연주회,서양음악(클래식),안산문화예술의전당 해돋이극장,2024-09-05,2024-09-05,568,0
PF252678,"제86회 대구시립무용단 정기공연, 대구 춤 시리즈 Ⅲ: 대구낙원",무용(서양/한국무용),대구문화예술회관 팔공홀,2024-12-13,2024-12-14,567,0
PF216858,페페의 꿈 [춘천],복합,춘천인형극장,2023-05-05,2023-05-06,567,2
PF234795,"국립심포니오케스트라, 실내악 시리즈 Ⅰ: 반 고흐 작품으로 만나는 19, 20세기 음악가들",서양음악(클래식),예술의전당 [서울] IBK챔버홀,2024-02-29,2024-02-29,567,2
PF240506,"제47회 울산시립무용단 정기공연, 파도를 기다리는 사람들: 서퍼",무용(서양/한국무용),울산문화예술회관 대공연장,2024-06-28,2024-06-28,567,1
PF265478,"과천시립예술단 공동기획연주회, 콰이어시리즈 2: 베르디 레퀴엠 [과천]",서양음악(클래식),과천시민회관 대극장,2025-06-12,2025-06-12,566,0
PF250372,제10회 강원특별자치도립무용단 정기공연: 오르페우스 [강릉],한국음악(국악),강릉아트센터 (구. 강릉문화예술관) 사임당홀 (대공연장) ,2024-11-19,2024-11-19,566,0
PF280158,제61회 성남시립소년소녀합창단 정기연주회 [성남],서양음악(클래식),성남아트센터 콘서트홀,2025-12-19,2025-12-19,566,1
PF226022,"제7회 창원국제실내악축제, 클래식, 벽을 허물다 [성산아트홀]",서양음악(클래식),성산아트홀 소극장,2023-11-01,2023-11-01,566,2
PF265033,"부천시립예술단 1234 콘서트, 부천시립합창단: 오르간과 합창음악",서양음악(클래식),부천아트센터 콘서트홀,2025-10-30,2025-10-30,566,1
PF263323,제244회 울산시립교향악단 정기연주회: 희망과 감성 (American Dreams & French Impressions),서양음악(클래식),울산문화예술회관 대공연장,2025-07-25,2025-07-25,564,1
PF236666,제120회 포항시립합창단 정기연주회: 꽃길만 걷게 해줄게,서양음악(클래식),포항문화예술회관 대공연장,2024-03-21,2024-03-21,564,0
PF248737,"국립발레단 Fly Higher with KNB, 해설이 있는 전막발레 돈키호테 [음성]",무용(서양/한국무용),음성문화예술회관 대공연장,2024-10-08,2024-10-08,564,1
PF240138,벨벳토끼 [경기 광주],한국음악(국악),광주시문화예술의전당 (구. 남한산성아트홀) 남한산성홀,2024-06-22,2024-06-22,562,0
PF251800,"국립오페라단, 잔니 스키키 [동해]",서양음악(클래식),동해문화예술회관 대공연장,2024-11-16,2024-11-16,562,0
PF285273,제9회 대전아트필하모닉오케스트라 정기연주회: 비극과 서정사이,서양음악(클래식),대전예술의전당 아트홀,2026-03-12,2026-03-12,561,0
PF264559,만복이네 떡집 [고령],뮤지컬,경북고령대가야문화누리 (구. 대가야국악당) 대공연장 (우륵홀) ,2025-05-24,2025-05-24,561,0
PF261893,매우 춰라! [하남],한국음악(국악),하남문화예술회관 검단홀(대극장),2025-05-28,2025-05-28,561,1
PF247775,북극곰 로라 [여주],뮤지컬,세종국악당,2024-08-13,2024-08-13,561,1
PF253216,제15회 논산시립합창단 정기연주회,서양음악(클래식),논산아트센터(구. 논산문화예술회관) 대공연장,2024-11-26,2024-11-26,560,0
PF290046,제48회 여수시립국악단 정기연주회: 불의소리 바람의 노래,한국음악(국악),GS칼텍스 예울마루 대극장,2026-04-23,2026-04-23,560,0
PF291223,"국립합창단, 시네마 클래식 [보령]",서양음악(클래식),보령문화예술회관 대공연장,2026-05-29,2026-05-29,559,0
PF263228,"국립창극단, 토선생 용궁가다 [제주 서귀포]",한국음악(국악),김정문화회관,2025-04-30,2025-05-01,558,0
PF226232,조상님께 바치는 댄스 [용인],무용(서양/한국무용),용인포은아트홀,2023-11-03,2023-11-04,558,0
PF278131,서편제; The Original [제주],한국음악(국악),제주아트센터 대극장,2025-11-28,2025-11-29,557,0
PF249407,렛미플라이 [울진],뮤지컬,울진문화예술회관,2024-10-04,2024-10-05,557,0
PF292664,"꿈의 오케스트라 용인, 꿈의 향연: 봄날 [용인]",서양음악(클래식),죽전야외음악당,2026-05-30,2026-05-30,556,1
PF241432,제173회 춘천시립교향악단 정기연주회,서양음악(클래식),춘천문화예술회관 공연장,2024-06-20,2024-06-20,556,0
PF253057,제121회 춘천시립합창단 정기연주회: 두포전,서양음악(클래식),춘천문화예술회관 공연장,2024-12-13,2024-12-13,556,1
PF280811,"제178회 부천시립합창단 정기연주회: 모차르트, c단조 미사",서양음악(클래식),부천아트센터 콘서트홀,2026-04-23,2026-04-23,556,0
PF281296,당진문화재단 신년음악회: 국립심포니오케스트라,서양음악(클래식),당진문예의전당 대공연장,2026-01-17,2026-01-17,556,0
PF242484,"과천시립교향악단 콘서트시리즈 4, 고전에 대하여",서양음악(클래식),과천시민회관 대극장,2024-07-11,2024-07-11,556,2
PF237102,"제205회 포항시립교향악단 정기연주회, 차웅 제6대 예술감독 취임연주회",서양음악(클래식),포항문화예술회관 대공연장,2024-03-27,2024-03-27,555,0
PF262714,"제7회 춘천시립국악단 정기공연, 어버이날 효 콘서트: 아부지",한국음악(국악),춘천문화예술회관 공연장,2025-05-08,2025-05-08,555,0
PF265503,환도열차 [제천],연극,제천예술의전당 대공연장,2025-06-20,2025-06-20,554,0
PF261698,울산시립교향악단 해설과 함께 온가족 행복콘서트: 알고보니 클래식 [울산],서양음악(클래식),울산문화예술회관 대공연장,2025-05-30,2025-05-30,554,0
PF241086,"부산시립합창단 예술교육공연, 지그재그 음악놀이",서양음악(클래식),부산시민회관 소극장,2024-05-16,2024-05-17,553,0
PF251014,어중씨 이야기 [인천],뮤지컬,제물포구문화체육센터(구. 동구문화체육센터) 공연장,2024-11-08,2024-11-09,552,1
PF270181,"전남도립국악단 광복 80주년 기획공연, 백범김구: 대한을 지키는 사람들",한국음악(국악),남도소리울림터,2025-08-02,2025-08-02,552,1
PF264829,키키의 경계성 인격장애 다이어리 [인천],뮤지컬,트라이보울 공연장 (2층) ,2025-06-28,2025-06-28,551,0
PF290247,이상한 나라의 앨리스: 완다랜드 [창녕],뮤지컬,창녕문화예술회관 대공연장,2026-05-13,2026-05-13,551,0
PF286382,"국립현대무용단, 얍! 얍! 얍! [창원]",무용(서양/한국무용),3.15아트센터 대극장,2026-05-05,2026-05-05,551,1
PF246138,제174회 춘천시립교향악단 정기연주회,서양음악(클래식),춘천문화예술회관 공연장,2024-09-06,2024-09-06,551,0
PF245213,헤르만 헤세의 음악 세계 [진주],서양음악(클래식),경상남도문화예술회관 대공연장,2024-10-31,2024-10-31,551,1
PF275586,"국립민속국악원, 지지지 [군산]",한국음악(국악),군산예술의전당 대공연장,2025-11-08,2025-11-08,551,1
PF230307,"서울시향 실내악 시리즈 Ⅱ, 브람스와 브루흐",서양음악(클래식),예술의전당 [서울] IBK챔버홀,2024-03-30,2024-03-30,550,0
PF257492,제177회 춘천시립교향악단 정기연주회,서양음악(클래식),춘천문화예술회관 공연장,2025-02-27,2025-02-27,550,2
PF264403,"부산시립합창단 예술교육, 피노키오와 파란마녀",뮤지컬,부산문화회관 대극장,2025-05-02,2025-05-02,550,0
PF253419,제6회 경주시립신라고취대 정기공연: 일신우일신,한국음악(국악),경주예술의전당 대공연장(화랑홀),2024-12-13,2024-12-13,550,0
PF242072,"부천시립합창단 세상의 모든 음악, 시원한 여름음악회",서양음악(클래식),부천아트센터 콘서트홀,2024-07-18,2024-07-18,549,0
PF230412,"서울시향 실내악 시리즈 Ⅲ, 아우구스틴 하델리히",서양음악(클래식),예술의전당 [서울] IBK챔버홀,2024-04-27,2024-04-27,549,0
PF269801,타악기야 놀자! [고창],서양음악(클래식),고창문화의전당 공연장,2025-07-24,2025-07-24,548,0
PF276294,제24회 해운대구립 청소년 오케스트라 정기연주회 [부산],서양음악(클래식),(재) 영화의전당 하늘연극장,2025-10-19,2025-10-19,548,0
PF286169,"안산시립합창단 특별기획공연, 안산시립합창단 아카펠라 콘서트: 다! [안산]",서양음악(클래식),안산문화예술의전당 달맞이극장,2026-03-19,2026-03-19,548,2
PF271070,제180회 춘천시립교향악단 정기연주회,서양음악(클래식),춘천문화예술회관 공연장,2025-09-12,2025-09-12,548,0
PF272531,"성남시립국악단 기획연주회, 조선팝 에볼루션 Ⅱ",한국음악(국악),성남아트리움 (구. 성남시민회관) 대극장,2025-09-25,2025-09-25,547,0
PF253104,서울시향 실내악 시리즈 Ⅳ: 윤 젱,서양음악(클래식),예술의전당 [서울] IBK챔버홀,2025-08-23,2025-08-23,547,2
PF272162,"제25회 SPAF, 1도씨 (1 Degree Celcius)",무용(서양/한국무용),세종문화회관 세종S씨어터,2025-10-30,2025-10-31,547,0
PF220067,연희도깨비 [금천],한국음악(국악),금나래아트홀,2023-07-21,2023-07-22,545,2
PF220095,서교동에서 죽다 [평택],연극,평택시남부문예회관 대공연장,2023-07-07,2023-07-08,545,1
PF235542,"인천시립무용단 기획공연, 원천 (O川)",무용(서양/한국무용),부평아트센터 해누리극장,2024-03-29,2024-03-30,545,0
PF261383,화염,연극,LG아트센터 서울 U+ 스테이지,2025-05-02,2025-05-04,545,1
PF236531,제172회 춘천시립교향악단 정기연주회,서양음악(클래식),춘천문화예술회관 공연장,2024-03-28,2024-03-28,544,0
PF219102,"클래식, 벽을 허물다 [포항]",서양음악(클래식),포항문화예술회관 대공연장,2023-06-22,2023-06-22,544,0
PF233598,"부산시립합창단 유명지휘자 초청연주회, Abendlied: 어둠을 밝히는 빛",서양음악(클래식),부산문화회관 대극장,2024-02-29,2024-02-29,543,0
PF247861,이희문 프로젝트: 오방신과 스팽글 [강릉],한국음악(국악),강릉아트센터 (구. 강릉문화예술관) 사임당홀 (대공연장) ,2024-10-05,2024-10-05,542,0
PF245931,지역극단과 함께하는 연극 바캉스 [진주],연극,경상남도문화예술회관 대공연장,2024-08-20,2024-08-25,542,0
PF272008,"국립현대무용단, 정글 [경주]",무용(서양/한국무용),경주예술의전당 대공연장(화랑홀),2025-10-01,2025-10-01,542,1
PF251184,제16회 대구시립국악단 한국무용의밤: 환희지무,무용(서양/한국무용),대구문화예술회관 팔공홀,2024-11-07,2024-11-07,542,0
PF245346,원더매직의 오리지널 과학마술 콘서트 시즌1 [공주],서커스/마술,공주문예회관 대공연장,2024-08-21,2024-08-21,541,0
PF285325,제221회 포항시립교향악단 정기연주회 [포항],서양음악(클래식),포항문화예술회관 대공연장,2026-03-12,2026-03-12,541,0
PF246429,제95회 과천시립여성합창단 콰이어시리즈 3 [과천],서양음악(클래식),과천시민회관 대극장,2024-08-29,2024-08-29,541,0
PF273313,헤어드레서 [무안],뮤지컬,남도소리울림터,2025-10-25,2025-10-25,541,0
PF264308,"제16회 대한민국 국공립극단페스티벌, 포항시립연극단: 모르페섬의 한여름 밤의 꿈 [경주]",연극,경주예술의전당 대공연장(화랑홀),2025-07-05,2025-07-05,541,0
PF285474,"대전시립무용단 기획공연 Ⅰ, 춤으로 그리는 동화: 피노키오",무용(서양/한국무용),대전예술의전당 앙상블홀,2026-04-01,2026-04-04,540,0
PF290200,"ACC 레퍼토리 공연, 시간을 칠하는 사람 [광주] (5월)",연극,국립아시아문화전당 극장1,2026-05-14,2026-05-18,540,1
PF272217,아들에게: 미옥 앨리스 현 [대전],연극,대전예술의전당 앙상블홀,2025-11-08,2025-11-09,540,0
PF247527,화성시 예술단 국악 마티네 콘서트: 소리산책,한국음악(국악),반석아트홀,2024-09-12,2024-09-12,540,0
PF261060,타악기야 놀자 [평택],서양음악(클래식),평택시남부문예회관 대공연장,2025-04-19,2025-04-19,540,1
PF282503,제219회 포항시립교향악단 정기연주회: 신년음악회,서양음악(클래식),포항문화예술회관 대공연장,2026-01-22,2026-01-22,539,0
PF244874,삐노키오 [익산],연극,솜리문화예술회관 중공연장,2024-08-23,2024-08-24,539,0
PF261711,제215회 포항시립교향악단 정기연주회: 열정,서양음악(클래식),포항문화예술회관 대공연장,2025-04-17,2025-04-17,539,0
PF269946,무악지우 [안양],무용(서양/한국무용),평촌아트홀,2025-08-30,2025-08-30,539,1
PF261998,"제5회 대전아트필하모닉오케스트라 정기연주회: 베토벤, 축제",서양음악(클래식),대전예술의전당 아트홀,2025-05-23,2025-05-23,537,0
PF261776,"남양주시립합창단, 해설이 있는 음악회: 어린이와 함께하는 즐거운 클래식",서양음악(클래식),다산아트홀,2025-04-04,2025-04-05,536,0
PF273964,아들에게: 미옥 앨리스 현 [평택 남부],연극,평택시남부문예회관 대공연장,2025-10-19,2025-10-19,536,0
PF284526,"공주시충남교향악단과 함께하는 명곡시리즈 Ⅰ, 백건우 & 브람스 [공주]",서양음악(클래식),공주문예회관 대공연장,2026-03-27,2026-03-27,536,0
PF244447,나와 몬스터 그리고 가방 [거제],연극,거제문화예술회관 소극장,2024-07-11,2024-07-12,536,0
PF265408,"제121회 강릉시립합창단 정기연주회: 솔향이 스민 바흐, 바다가 된 그리움",서양음악(클래식),강릉아트센터 (구. 강릉문화예술관) 사임당홀 (대공연장) ,2025-06-19,2025-06-19,535,0
PF252044,"전남도립어린이국악단 정기공연, 우리 같이 놀아볼래?",한국음악(국악),남도소리울림터,2024-11-02,2024-11-02,535,1
PF272231,제147회 강릉시립교향악단 정기연주회,서양음악(클래식),강릉아트센터 (구. 강릉문화예술관) 사임당홀 (대공연장) ,2025-09-22,2025-09-22,534,1
PF279828,제17기 시민연극교실,연극,세종문화회관 세종S씨어터,2025-12-13,2025-12-14,534,0
PF240018,"춘천시립예술단 특별공연, 퇴근길 콘서트",서양음악(클래식),춘천시청 호반광장,2024-05-17,2024-05-17,534,0
PF266527,"제198회 부산시립합창단 정기연주회, 광복80주년 기념음악회: Song of Arirang [부산]",서양음악(클래식),부산문화회관 대극장,2025-09-18,2025-09-18,534,0
PF271115,"제3회 대한민국 국악관현악축제, 전주시립국악단",한국음악(국악),세종문화회관 세종M씨어터,2025-10-18,2025-10-18,533,1
PF282539,도립서귀포예술단 신년음악회 [제주],복합,서귀포예술의전당 대극장,2026-01-22,2026-01-22,533,0
PF269523,국립국악관현악단 청년교육단원 결과 발표회: 청풍국악,한국음악(국악),국립극장 해오름극장,2025-12-26,2025-12-26,532,2
PF289311,분홍립스틱 [영덕],연극,예주문화예술회관,2026-05-16,2026-05-16,532,2
PF288657,제373회 창원시립교향악단 정기연주회: 교향악축제 프리뷰 [창원],서양음악(클래식),3.15아트센터 대극장,2026-04-14,2026-04-14,532,0
PF251464,"부산시향과 함께 걷다, 세계 클래식 음악 산책: 영국",서양음악(클래식),부산문화회관 중극장,2025-10-30,2025-10-30,531,0
PF279553,제115회 원주시립합창단 정기연주회 ＋ 제196회 원주시립교향악단 정기연주회,서양음악(클래식),원주백운아트홀,2025-12-04,2025-12-04,531,0
PF272406,제124회 춘천시립합창단 정기연주회: 합창의 정석,서양음악(클래식),춘천문화예술회관 공연장,2025-09-25,2025-09-25,530,1
PF243414,"화성시 예술단 마티네 콘서트: 바로크, 일그러진 진주",서양음악(클래식),반석아트홀,2024-07-03,2024-07-03,530,0
PF285245,광주시립오페라단 기획공연: 60 Stars,서양음악(클래식),빛고을시민문화관 공연장,2026-03-14,2026-03-14,529,0
PF231994,"부천시립합창단 어린이 음악회, 우리 함께 가요",서양음악(클래식),부천아트센터 콘서트홀,2024-02-29,2024-02-29,528,0
PF242214,여자야 여자야,무용(서양/한국무용),금나래아트홀,2024-07-12,2024-07-12,527,0
PF279604,"조씨고아, 복수의 씨앗 [제천]",연극,제천예술의전당 대공연장,2025-12-19,2025-12-20,527,0
PF260794,제60회 성남시립소년소녀합창단 정기연주회,서양음악(클래식),성남아트센터 콘서트홀,2025-03-29,2025-03-29,527,0
PF253023,레미제라블 [해남],무용(서양/한국무용),해남문화예술회관 대공연장,2024-11-21,2024-11-21,526,0
PF291240,"서구愛 마토콘서트, 사춘기 메들리 [대구]",연극,대구서구문화회관 공연장,2026-05-30,2026-05-30,526,1
PF289077,"제주도립무용단 기획공연, 순력Ⅲ: 양로, 예 (禮) 가 되는 춤",무용(서양/한국무용),제주문예회관 대극장,2026-04-25,2026-04-25,525,0
PF238223,제163회 부산시립소년소녀합창단 정기연주회,서양음악(클래식),부산문화회관 대극장,2024-05-25,2024-05-25,525,0
PF259644,피버 [인천 부평],무용(서양/한국무용),부평아트센터 해누리극장,2025-04-25,2025-04-25,525,2
PF272198,"제8회 중국희곡 낭독공연, 광인일기",연극,국립극단 [명동] 명동예술극장,2025-09-03,2025-09-04,525,1
PF292731,페인터즈 [예천],뮤지컬,예천군문화회관,2026-06-19,2026-06-19,524,0
PF274269,제300회 수원시립교향악단 정기연주회 [수원],서양음악(클래식),수원SK아트리움 대공연장,2025-10-23,2025-10-23,524,0
PF245367,깃털피리 [무안],뮤지컬,남도소리울림터,2024-08-24,2024-08-24,524,1
PF266626,이희문프로젝트: 오방신과 스팽글 [대전],한국음악(국악),대전예술의전당 아트홀,2025-08-15,2025-08-15,523,1
PF283422,"국립국악원, 연희-판: 흥으로 잇는 세상 [안동]",한국음악(국악),안동문화예술의전당 웅부홀,2026-02-27,2026-02-27,523,1
PF262226,제70회 순천시립극단 정기공연: 불가불가 (不可不可),연극,순천문화예술회관 대극장,2025-05-01,2025-05-02,523,0
PF285699,제134회 경주시립극단 정기공연: 하얀앵두,연극,경주예술의전당 소공연장(원화홀),2026-04-02,2026-04-04,522,0
PF251438,"부산시향과 함께 걷다, 세계 클래식 음악 산책: 프랑스",서양음악(클래식),부산문화회관 중극장,2025-08-28,2025-08-28,522,1
PF241958,"원주시립교향악단과 함께하는 오페라, 사랑의 묘약",서양음악(클래식),원주백운아트홀,2024-06-15,2024-06-15,522,1
PF290269,"온 가족 힐링 동화발레, 백조의호수 [영천]",무용(서양/한국무용),영천시민회관 스타홀,2026-05-23,2026-05-23,521,0
PF250228,회란기 [고양],연극,고양아람누리 새라새극장,2024-11-02,2024-11-03,521,2
PF269429,국립심포니오케스트라 실내악 시리즈 2,서양음악(클래식),예술의전당 [서울] IBK챔버홀,2025-10-26,2025-10-26,521,2
PF271099,"제3회 대한민국국악관현악축제, 진주시립국악관현악단",한국음악(국악),세종문화회관 세종M씨어터,2025-10-24,2025-10-24,521,2
PF284140,제218회 성남시립교향악단 정기연주회,서양음악(클래식),성남아트센터 콘서트홀,2026-02-26,2026-02-26,519,0
PF272353,"김선국제오페라단, 세빌리아의 이발사 [삼척]",서양음악(클래식),삼척문화예술회관 대공연장,2025-09-06,2025-09-06,519,0
PF271723,라 트라비아타 [고령],서양음악(클래식),경북고령대가야문화누리 (구. 대가야국악당) 대공연장 (우륵홀) ,2025-08-29,2025-08-29,518,2
PF241810,페인터즈 [영덕],뮤지컬,예주문화예술회관,2024-06-08,2024-06-08,518,1
PF255182,세종국악심포니오케스트라 & 김경호의 아리랑목동 [무안],복합,무안승달문화예술회관 대공연장,2024-12-13,2024-12-13,518,2
PF259347,제11회 서산시 시립합창단 기획연주회: 엄마의 비밀일기 [서산],서양음악(클래식),서산시문화회관 대공연장,2025-03-06,2025-03-06,517,0
PF235649,"제27회 안동시립합창단 정기공연: G. F. Handel, MESSIAH",서양음악(클래식),안동문화예술의전당 웅부홀,2024-04-04,2024-04-04,517,0
PF287036,이상한 나라의 앨리스: 완다랜드 [양주],뮤지컬,양주문화예술회관 소공연장,2026-04-25,2026-04-25,516,1
PF258014,"국립현대무용단, 얍! 얍! 얍! [공주]",무용(서양/한국무용),공주문예회관 대공연장,2025-06-20,2025-06-21,516,0
PF252704,"제192회 포항시립연극단 정기공연, 형산강 랩소디",연극,포항시청 대잠홀,2024-11-28,2024-12-01,516,1
PF279038,헤어드레서 [무안],뮤지컬,무안승달문화예술회관 대공연장,2025-11-20,2025-11-20,516,0
PF288324,7시에 만나 [무안],연극,무안승달문화예술회관 대공연장,2026-04-09,2026-04-09,516,0
PF239819,이단자들 [부산],연극,부산시민회관 소극장,2024-10-25,2024-10-26,515,2
PF250538,"전남도립국악단, 명인명창과 함께하는 오마주: 사제 (師弟) (10.19) [화순]",한국음악(국악),화순 하니움 문화스포츠센터 적벽실 (대강당) ,2024-10-19,2024-10-19,514,0
PF266899,아이 스웨어 (I Swear) [안양],뮤지컬,안양아트센터 수리홀,2025-07-19,2025-07-19,514,0
PF246067,"접근성 활성화 오페라, 라보엠 [김해]",서양음악(클래식),김해문화의전당 마루홀,2024-09-13,2024-09-13,514,2
PF251187,"대전시립교향악단, 디스커버리 시리즈 8: 대전시립교향악단 창단40주년 기념 & 대전MBC창사 60주년 기념음악회",서양음악(클래식),대전예술의전당 아트홀,2024-10-31,2024-10-31,514,0
PF256687,"제195회 부산시립합창단 정기연주회, 벤자민 브리튼: 봄의 교향곡",서양음악(클래식),부산문화회관 대극장,2025-03-13,2025-03-13,514,1
PF238555,오페라 카르멘: 타악기가 들려주는 못 다 한 이야기 [제주],서양음악(클래식),제주아트센터 대극장,2024-04-28,2024-04-28,513,0
PF270397,장녀들 [군산],연극,군산예술의전당 대공연장,2025-08-30,2025-08-30,513,1
PF264984,한국 & 일본 국교정상화 60주년 기념공연: 한국 & 일본 무형유산의 만남,한국음악(국악),국립국악원 예악당,2025-06-13,2025-06-13,513,0
PF253881,제295회 수원시립교향악단 정기연주회,서양음악(클래식),수원SK아트리움 대공연장,2024-12-12,2024-12-12,513,1
PF262528,제45회 목포시립무용단 정기공연: 명작,무용(서양/한국무용),목포시민문화체육센터 대공연장,2025-04-24,2025-04-24,511,0
PF290242,제55회 경주시립합창단 정기연주회: 경주시립합창단 창단 30주년 기념음악회,서양음악(클래식),경주예술의전당 대공연장(화랑홀),2026-06-04,2026-06-04,511,1
PF256187,제212회 포항시립교향악단 정기연주회: 신년음악회,서양음악(클래식),포항문화예술회관 대공연장,2025-01-16,2025-01-16,511,0
PF254132,"전남도립국악단 정기공연, 本 : 가치를 탐하다",한국음악(국악),남도소리울림터,2024-11-30,2024-11-30,511,0
PF262763,"평택시립국악관현악단, 광복 80주년 기념 봉축음악회 교성곡: 용성 [평택]",한국음악(국악),한국소리터 지영희홀,2025-04-29,2025-04-29,510,0
PF268574,올라비올라 B to B with 길병민 [제주],서양음악(클래식),서귀포예술의전당 대극장,2025-07-25,2025-07-25,510,1
PF261560,제211회 성남시립교향악단 정기연주회,서양음악(클래식),성남아트센터 콘서트홀,2025-04-24,2025-04-24,510,1
PF274576,"서울아트마켓 (PAMS) , 코너스톤: 요새는 아무도 하려 하지 않는 그, 윷놀이",연극,이어령 예술극장 (구. 석관동 예술극장),2025-11-06,2025-11-08,510,0
PF242703,"제15회 대한민국 국공립극단 페스티벌, 그림자의 시간 [경주]",연극,경주예술의전당 소공연장(원화홀),2024-08-02,2024-08-04,509,1
PF285759,부산시립국악관현악단 & 진주시립국악관현악단 합동교류연주회: 영남 풍류 [부산],한국음악(국악),부산시민회관 대극장,2026-03-26,2026-03-26,509,2
PF271259,바흐가 사랑한 커피 이야기 [오산],서양음악(클래식),오산문화예술회관 대공연장,2025-09-06,2025-09-06,509,0
PF252609,제67회 구미시립무용단 정기공연 [구미],무용(서양/한국무용),구미시문화예술회관 대공연장,2024-11-21,2024-11-21,509,0
PF241206,제142회 광주시립소년소녀합창단 정기공연: 모차르트 레퀴엠,서양음악(클래식),광주 예술의 전당 대극장,2024-06-14,2024-06-14,509,1
PF274713,헨젤과 그레텔 [청양],무용(서양/한국무용),청양문예회관 대공연장,2025-10-16,2025-10-16,508,0
PF253578,"동화나라 별별친구, 만보와 별별머리",한국음악(국악),국립부산국악원 예지당,2024-12-20,2024-12-21,508,1
PF217562,회란기 [금천],연극,금나래아트홀,2023-06-02,2023-06-03,507,2
PF272204,"제25회 SPAF, 거실의 변신",연극,대학로예술극장 대극장,2025-11-01,2025-11-02,507,0
PF257275,부천시립합창단 어린이 음악회: 다 잘될 거야,서양음악(클래식),부천아트센터 콘서트홀,2025-02-20,2025-02-20,507,0
PF271134,"제3회 대한민국국악관현악축제, 평택시립국악관현악단",한국음악(국악),세종문화회관 세종M씨어터,2025-10-22,2025-10-22,506,0
PF247017,제120회 춘천시립합창단 정기연주회,서양음악(클래식),춘천문화예술회관 공연장,2024-09-12,2024-09-12,506,2
PF236936,"제11회 현대일본희곡 낭독공연, 가타부이, 1972",연극,국립극단 [명동] 명동예술극장,2024-03-22,2024-03-24,506,0
PF241804,제39회 목포시립연극단 정기공연: 푸르른 날에,연극,목포문화예술회관,2024-06-08,2024-06-09,506,1
PF263914,타악기야 놀자! [하남],서양음악(클래식),하남문화예술회관 검단홀(대극장),2025-06-25,2025-06-25,505,0
PF274858,제624회 부산시립교향악단 정기연주회: 스코틀랜드,서양음악(클래식),부산문화회관 중극장,2025-10-17,2025-10-17,505,0
PF257687,"제373회 대전시립교향악단 정기연주회, 마스터즈 시리즈 Ⅱ: 드뷔시 라 메르",서양음악(클래식),대전예술의전당 아트홀,2025-02-20,2025-02-20,505,0
PF274500,"서울아트마켓 (PAMS) , 음이온: 스와이프!",연극,대학로예술극장 소극장,2025-10-18,2025-10-26,504,1
PF242734,놀부전 [함안],서양음악(클래식),함안문화예술회관 대공연장,2024-07-20,2024-07-20,504,2
PF235843,"제195회 광주시립합창단 정기연주회, 신춘음악회: 봄, 합창으로 노래하다",서양음악(클래식),빛고을시민문화관 공연장,2024-03-22,2024-03-22,504,0
PF266546,신뺑파전 [함안],연극,함안문화예술회관 대공연장,2025-07-18,2025-07-18,504,0
PF275771,민들레 피리 [대전],뮤지컬,대전시립연정국악원 큰마당,2025-10-31,2025-10-31,503,0
PF279780,대구시립국악단 송년음악회: 여명 [대구],한국음악(국악),대구문화예술회관 팔공홀,2025-12-23,2025-12-23,502,1
PF276768,"무장애문화향유, 살롱 드 배리어프리 [인천]",서양음악(클래식),청라복합문화센터 블루노바홀 공연장,2025-11-05,2025-11-05,502,0
PF277608,제182회 춘천시립교향악단 정기연주회 [춘천],서양음악(클래식),춘천문화예술회관 공연장,2025-12-05,2025-12-05,502,1
PF273284,"과천시립교향악단 콘서트시리즈 4, Italy and 플루트 & 하프로 그리는 가을",서양음악(클래식),과천시민회관 대극장,2025-10-01,2025-10-01,501,0
PF245644,"수원시립교향악단 키즈 콘서트, 플라잉심포니",서양음악(클래식),수원SK아트리움 대공연장,2024-08-14,2024-08-14,501,0
PF251104,"서울시향 퇴근길 토크 콘서트 Ⅲ: 고대 이집트, 음악으로 떠나는 시간 여행 ②",서양음악(클래식),남대문교회,2024-11-15,2024-11-15,500,0
PF261685,서울시향 퇴근길 토크 콘서트 II: 식탁 위의 클래식 ②,서양음악(클래식),남대문교회,2025-04-25,2025-04-25,500,0
PF240418,"서울시향 퇴근길 토크 콘서트 Ⅰ, 과거와 미래의 교향곡: AI의 선율 ①",서양음악(클래식),정동제일교회,2024-05-28,2024-05-28,500,0
PF260453,강아지똥 [부산],연극,해운대문화회관 해운홀,2025-04-12,2025-04-12,500,1
PF258869,"만X만한 연극 시리즈2, 록산느를 위한 발라드 [천안]",연극,천안예술의전당 소공연장,2025-05-16,2025-05-17,500,0
PF280406,제18회 공주시립합창단 정기연주회: SING CHRISTMAS,서양음악(클래식),공주문예회관 대공연장,2025-12-18,2025-12-18,499,0
PF260308,제17회 공주시립합창단 정기연주회: 봄의 왈츠 (Spring Waltz),서양음악(클래식),공주문예회관 대공연장,2025-03-27,2025-03-27,499,0
PF262280,제297회 수원시립교향악단 정기연주회 [수원],서양음악(클래식),수원SK아트리움 대공연장,2025-04-30,2025-04-30,499,1
PF284170,"제126회 춘천시립합창단 정기연주회, 봄마중: 가곡으로 맞이하는 봄의 소리",서양음악(클래식),춘천문화예술회관 공연장,2026-03-12,2026-03-12,499,1
PF276126,제92회 부산시립무용단 정기공연: 두드림-DoDream,무용(서양/한국무용),부산문화회관 대극장,2025-11-07,2025-11-08,499,0
PF246249,"제24회 SPAF, 김재훈컴퍼니: PNO",복합,대학로예술극장 대극장,2024-10-15,2024-10-16,498,0
PF235403,제235회 울산시립교향악단 정기연주회: 냉정과 열정,서양음악(클래식),울산문화예술회관 대공연장,2024-04-26,2024-04-26,498,1
PF253106,서울시향 실내악 시리즈 Ⅴ: 키트 암스트롱,서양음악(클래식),예술의전당 [서울] IBK챔버홀,2025-09-13,2025-09-13,497,0
PF237104,"과천시립교향악단 콘서트시리즈 3, 교향악축제 프리뷰 콘서트: 과천의 도약",서양음악(클래식),과천시민회관 대극장,2024-04-16,2024-04-16,497,0
PF248845,"서울시청소년국악단 프로젝트 오케스트라, EP.1 관현악: 비상",한국음악(국악),세종문화회관 세종M씨어터,2024-09-24,2024-09-24,497,0
PF245852,제206회 성남시립교향악단 정기연주회 [성남],서양음악(클래식),성남아트센터 콘서트홀,2024-08-30,2024-08-30,497,2
PF236732,4.4 독립만세운동 기념음악회: 달의 춤,복합,당진문예의전당 대공연장,2024-04-04,2024-04-04,497,1
PF250276,제81회 목포시립합창단 정기연주회,서양음악(클래식),목포문화예술회관,2024-10-31,2024-10-31,496,1
PF251837,"제16회 공주시립합창단 정기연주회, 류한필 예술감독 취임연주회",서양음악(클래식),공주문예회관 대공연장,2024-11-12,2024-11-12,496,1
PF273245,신뺑파전 [부안],연극,부안예술회관 공연장,2025-09-10,2025-09-10,496,0
PF281257,"국립심포니오케스트라, 실내악 시리즈 Ⅰ: 베버 서거 200주기 기념",서양음악(클래식),예술의전당 [서울] IBK챔버홀,2026-03-26,2026-03-26,495,1
PF242436,제38회 아산시립합창단 정기연주회,서양음악(클래식),아산시 평생학습관(아산아트홀) 아산아트홀(아산시평생학습관),2024-06-27,2024-06-27,495,2
PF275086,금천하모니축제 Week 국립합창단 초청공연,서양음악(클래식),금나래아트홀,2025-10-11,2025-10-11,493,0
PF291527,세종국악관현악단 & 김경호의 아리랑목동 [부산],복합,동래문화회관 대극장,2026-06-19,2026-06-19,493,2
PF261413,순천·목포·광양시립소년소녀합창단 초청 교류음악회: 우리들의 이야기 [순천],서양음악(클래식),순천문화예술회관 대극장,2025-04-05,2025-04-05,493,0
PF285666,국립합창단 기획공연: 폴란드 합창 음악의 향연,서양음악(클래식),예술의전당 [서울] IBK챔버홀,2026-04-17,2026-04-17,493,2
PF264927,국립심포니오케스트라와 함께하는 YOUNG & CLASSIC [김포],서양음악(클래식),김포아트홀,2025-06-15,2025-06-15,493,1
PF237150,제504회 대구시립교향악단 정기연주회: 드보르자크 인 아메리카,서양음악(클래식),대구문화예술회관 팔공홀,2024-04-25,2024-04-25,492,1
PF245124,"제167회 대전시립합창단 정기연주회, 황금빛의 비엔나",서양음악(클래식),대전예술의전당 아트홀,2024-08-29,2024-08-29,492,0
PF271578,국립발레단 부설 발레아카데미 정기공연: PLIE,무용(서양/한국무용),서울아트센터 도암홀,2025-08-23,2025-08-23,492,1
PF277091,"제11회 바로크음악제, 국립민속국악원, 지지지 [대전]",한국음악(국악),대전시립연정국악원 큰마당,2025-11-15,2025-11-15,491,0
PF291624,이상한 나라의 숨바꼭질 [천안],뮤지컬,천안어린이꿈누리터 (구. 천안시 어린이 회관) 꿈누리대공연장,2026-05-30,2026-05-31,490,0
PF257980,제209회 성남시립교향악단 정기연주회,서양음악(클래식),성남아트센터 콘서트홀,2025-02-20,2025-02-20,490,0
PF272362,제299회 수원시립교향악단 정기연주회,서양음악(클래식),수원SK아트리움 대공연장,2025-09-18,2025-09-18,490,0
PF272748,제216회 성남시립교향악단 정기연주회,서양음악(클래식),성남아트센터 콘서트홀,2025-09-23,2025-09-23,488,0
PF278891,제53회 파주시립예술단 정기공연: 가거라 삼팔선,뮤지컬,문산행복센터 대공연장,2025-11-27,2025-11-29,488,0
PF235230,"제204회 포항시립교향악단 정기연주회, 전원속의 브람스",서양음악(클래식),포항문화예술회관 대공연장,2024-02-29,2024-02-29,488,0
PF281834,"서울시발레단, 오하드 나하린: 데카당스 [김포]",무용(서양/한국무용),김포아트홀,2026-01-17,2026-01-17,488,1
PF254991,기억의 파편 [인천],무용(서양/한국무용),남동소래아트홀 소래극장 (대공연장) ,2024-12-27,2024-12-27,487,1
PF263255,짐: 계급사회 [부안],무용(서양/한국무용),부안예술회관 공연장,2025-04-25,2025-04-25,487,1
PF259485,제4회 대전아트필하모닉오케스트라 정기연주회: 새로운 봄,서양음악(클래식),대전예술의전당 아트홀,2025-03-13,2025-03-13,487,0
PF284013,산초와 돈키호테 [대전],연극,대전예술의전당 앙상블홀,2026-06-04,2026-06-05,487,2
PF270307,제215회 성남시립교향악단 정기연주회,서양음악(클래식),성남아트센터 콘서트홀,2025-08-28,2025-08-28,486,0
PF266095,제213회 성남시립교향악단 정기연주회,서양음악(클래식),성남아트센터 콘서트홀,2025-06-26,2025-06-26,486,0
PF263922,"제5회 천안어린이꿈누리터 어린이날 기획행사, 스페이스 매직쇼",복합,천안어린이꿈누리터 (구. 천안시 어린이 회관) 꿈누리대공연장,2025-05-05,2025-05-05,486,0
PF267136,제214회 성남시립교향악단 정기연주회,서양음악(클래식),성남아트센터 콘서트홀,2025-07-10,2025-07-10,486,0
PF281718,제183회 춘천시립교향악단 정기연주회,서양음악(클래식),춘천문화예술회관 공연장,2026-01-23,2026-01-23,485,0
PF253412,제44회 목포시립무용단 정기공연,무용(서양/한국무용),목포시민문화체육센터 대공연장,2024-11-21,2024-11-21,484,1
PF288280,제220회 성남시립교향악단 정기연주회 [성남],서양음악(클래식),성남아트센터 콘서트홀,2026-04-23,2026-04-23,484,0
PF286124,제219회 성남시립교향악단 정기연주회 [성남],서양음악(클래식),성남아트센터 콘서트홀,2026-03-26,2026-03-26,484,0
PF246023,허튼소리 [보성],한국음악(국악),보성군문화예술회관,2024-08-22,2024-08-22,483,0
PF262813,제30회 춘천시립청소년교향악단 정기연주회: 공연번호 30,서양음악(클래식),춘천문화예술회관 공연장,2025-05-10,2025-05-10,483,0
PF262652,가장무도 [포항],한국음악(국악),포항문화예술회관 대공연장,2025-05-10,2025-05-10,482,2
PF293161,잠자는 숲속의 미녀 [금산],무용(서양/한국무용),금산다락원 생명의집 대공연장,2026-06-25,2026-06-25,482,2
PF275579,"부산시립합창단 예술교육공연, 교실 밖 합창여행 (10.01)",서양음악(클래식),부산문화회관 중극장,2025-10-01,2025-10-01,482,0
PF284107,"제181회 제주특별자치도립 제주교향악단 정기연주회: 제주 헤리티지 시리즈 Ⅰ, 낭 쉐",서양음악(클래식),제주문예회관 대극장,2026-02-12,2026-02-12,482,0
PF279987,"과천시립교향악단 콘서트시리즈 6, 베토벤 & 드보르작: 목가적 풍경 [과천]",서양음악(클래식),과천시민회관 대극장,2025-12-11,2025-12-11,482,0
PF253355,제208회 성남시립교향악단 정기연주회,서양음악(클래식),성남아트센터 콘서트홀,2024-12-05,2024-12-05,482,0
PF243468,거인의 정원 [부산 영도],무용(서양/한국무용),영도문화예술회관 대공연장(봉래홀),2024-07-13,2024-07-13,482,0
PF246156,제172회 대구시립합창단 정기연주회: 샐러리맨 칸타타,서양음악(클래식),대구콘서트하우스 그랜드홀 (대공연장) ,2024-09-05,2024-09-05,482,0
PF247933,제29회 춘천시립청소년교향악단 정기연주회: 칼리니코프의 가을정경,서양음악(클래식),춘천문화예술회관 공연장,2024-09-28,2024-09-28,481,0
PF264492,황제와 영웅 [부안],서양음악(클래식),부안예술회관 공연장,2025-05-16,2025-05-16,481,0
PF250269,깃털피리 [울진],뮤지컬,울진문화예술회관,2024-10-19,2024-10-19,481,2
PF271692,기린자리 [홍성],한국음악(국악),홍주문화회관 대공연장,2025-09-04,2025-09-04,480,0
PF246276,"제24회 SPAF, 주목댄스씨어터: 에즈라스",무용(서양/한국무용),서울문화재단 대학로극장 쿼드 (예술청) 대학로극장 쿼드 (예술청) ,2024-10-11,2024-10-13,480,0
PF240551,"월곡: 지킨다는 것, 우리의 사명 [안동]",뮤지컬,안동문화예술의전당 웅부홀,2024-11-14,2024-11-15,480,0
PF245871,오즈의 의류수거함 [정선],뮤지컬,정선아리랑센터 아리랑홀,2024-08-14,2024-08-14,480,0
PF250401,"과천시립소년소녀합창단 하모니시리즈 3, 사라진 백설을 찾아라",뮤지컬,과천시민회관 대극장,2024-10-26,2024-10-26,480,0
PF248952,"남동문화재단 기획공연 스포트라이트 Q, 신명의 꽃: 찬기파랑가 [인천]",한국음악(국악),남동소래아트홀 소래극장 (대공연장) ,2024-10-18,2024-10-19,480,0
PF248587,"대전시립교향악단, 마스터즈 시리즈 10: R.슈트라우스 장미의 기사 모음곡",서양음악(클래식),대전예술의전당 아트홀,2024-10-25,2024-10-25,479,0
PF264451,"광주시립교향악단, GSO 오티움 콘서트 Ⅱ. Double Bass",서양음악(클래식),광주 예술의 전당 소극장,2025-06-13,2025-06-13,478,0
PF259822,제296회 수원시립교향악단 정기연주회,서양음악(클래식),수원SK아트리움 대공연장,2025-03-27,2025-03-27,478,0
PF235288,제202회 성남시립교향악단 정기연주회,서양음악(클래식),성남아트센터 콘서트홀,2024-03-07,2024-03-07,477,0
PF244008,벨벳토끼 [안양],한국음악(국악),평촌아트홀,2024-07-28,2024-07-28,477,0
PF243226,배소고지 이야기: 기억의 연못 [제주],연극,제주아트센터 대극장,2024-07-13,2024-07-13,477,1
PF261372,부산시립교향악단 기획음악회: 우리 아이 음악회,서양음악(클래식),부산문화회관 중극장,2025-05-08,2025-05-08,477,0
PF271485,백조의 호수 [연천],무용(서양/한국무용),연천수레울아트홀 대공연장,2025-10-18,2025-10-18,477,1
PF287239,"제222회 포항시립교향악단 정기연주회: 벨칸토, 아름다운 노래",서양음악(클래식),포항문화예술회관 대공연장,2026-04-02,2026-04-02,476,0
PF278735,제54회 경주시립합창단 정기연주회: 겨울지나 봄이 오듯이,서양음악(클래식),경주예술의전당 대공연장(화랑홀),2025-12-11,2025-12-11,476,0
PF266542,수원시립합창단 기획연주회 [수원],서양음악(클래식),수원SK아트리움 대공연장,2025-06-25,2025-06-25,476,1
PF251665,우정만리 [의정부],연극,의정부예술의전당 대극장,2024-12-20,2024-12-21,476,0
PF242487,"제239회 울산시립교향악단 정기연주회, 나의 가장 친한 친구에게 [울산]",서양음악(클래식),울산문화예술회관 대공연장,2024-10-25,2024-10-25,475,0
PF252304,"강동예술인페스티벌, 구립청소년교향악단",서양음악(클래식),강동아트센터 대극장 한강,2024-10-26,2024-10-26,475,0
PF266036,제175회 대구시립합창단 정기연주회: 보훈의 달 추념음악회,서양음악(클래식),대구콘서트하우스 그랜드홀 (대공연장) ,2025-06-19,2025-06-19,475,0
PF271180,춤추는 은빛 초상화 [춘천],연극,춘천문화예술회관 공연장,2025-09-10,2025-09-10,475,0
PF238740,제206회 포항시립교향악단 정기연주회: 암흑에서 광명으로,서양음악(클래식),포항문화예술회관 대공연장,2024-04-25,2024-04-25,475,0
PF245551,송소희 X 두번째달 X 오단해: 모던민요 [오산],한국음악(국악),오산문화예술회관 대공연장,2024-08-31,2024-08-31,473,1
PF274704,강아지똥 [서천],연극,서천문예의전당 대강당,2025-10-17,2025-10-17,472,1
PF247379,"수원시립교향악단 유료회원 초청음악회, 루드비히 판 베토벤",서양음악(클래식),수원SK아트리움 대공연장,2024-09-04,2024-09-04,472,1
PF283075,경상북도 도립국악단과 함께하는 울림의 새날 同樂 신년국악음악회 [안동],한국음악(국악),경북도청 동락관,2026-01-22,2026-01-22,472,0
PF242451,제74회 안산시립합창단 정기연주회,서양음악(클래식),안산문화예술의전당 해돋이극장,2024-06-20,2024-06-20,471,0
PF246441,레오나르도 다빈치의 판타스틱 애니멀즈 [목포],서양음악(클래식),목포문화예술회관,2024-08-24,2024-08-24,471,1
PF235456,"제169회 대구시립합창단 정기연주회: 사랑의 노래 왈츠, 봄의 길목에서",서양음악(클래식),대구콘서트하우스 그랜드홀 (대공연장) ,2024-03-21,2024-03-21,470,0
PF276128,부산시립합창단 송년음악회: British Baroque & Modern,서양음악(클래식),부산문화회관 대극장,2025-12-04,2025-12-04,470,0
PF290478,괴물도감 [천안],한국음악(국악),천안어린이꿈누리터 (구. 천안시 어린이 회관) 꿈누리대공연장,2026-05-16,2026-05-16,470,1
PF260027,"제132회 경주시립극단 정기공연, 을화",연극,경주예술의전당 소공연장(원화홀),2025-04-03,2025-04-04,469,0
PF239853,제204회 성남시립교향악단 정기연주회,서양음악(클래식),성남아트센터 콘서트홀,2024-05-30,2024-05-30,469,0
PF242035,"부천시립합창단, 아침의 콘서트: 시와 합창 - 한국 가곡",서양음악(클래식),부천아트센터 콘서트홀,2024-09-11,2024-09-11,469,0
PF268650,제172회 대전시립합창단 정기연주회: 늦은 여름밤 음악,서양음악(클래식),대전예술의전당 아트홀,2025-09-02,2025-09-02,469,0
PF290299,슈퍼거북 슈퍼토끼 [고성],뮤지컬,고성군문화복지센터 대공연장,2026-05-09,2026-05-09,469,0
PF262734,국립합창단과 함께하는 Classic Serenade [김포],서양음악(클래식),김포아트홀,2025-05-13,2025-05-13,468,0
PF245754,"화성시 예술단, 마티네 콘서트: 클래식의 클래식",서양음악(클래식),반석아트홀,2024-08-07,2024-08-07,468,0
PF253359,"서울시무용단, 에이플러스 A+",무용(서양/한국무용),세종문화회관 세종S씨어터,2024-12-13,2024-12-15,468,1
PF245309,차이콥스키 콩쿠르 수상자 콘서트 [안성],서양음악(클래식),안성맞춤아트홀 대공연장,2024-09-13,2024-09-13,468,0
PF277374,"부산발레시어터, 호두까기인형 [울산 중구]",무용(서양/한국무용),울산중구문화의전당 함월홀 (2층) ,2025-12-13,2025-12-13,467,1
PF276103,제21회 서구립소년소녀합창단 정기연주회 [인천],서양음악(클래식),인천서구문화회관 대공연장,2025-10-31,2025-10-31,467,1
PF245200,"K-예술축제 아.우.름, 괴물도감 [대전]",한국음악(국악),대전시립연정국악원 작은마당,2024-08-22,2024-08-23,467,0
PF267360,지역극단과 함께하는 연극 바캉스 [진주],연극,경상남도문화예술회관 대공연장,2025-07-15,2025-07-19,467,0
PF274319,세상친구 [제천],연극,제천예술의전당 대공연장,2025-10-24,2025-10-25,466,0
PF262847,"제주도립무용단 창단 35주년 기념 기획공연, 단원 춤 작가전: The SOLIST",무용(서양/한국무용),제주문예회관 대극장,2025-04-26,2025-04-26,466,0
PF245437,"제24회 SPAF, LOD 뮤직씨어터: 우먼, 포인트 제로",복합,국립극장 달오름극장,2024-10-04,2024-10-05,466,0
PF248362,제207회 성남시립교향악단 정기연주회 [성남],서양음악(클래식),성남아트센터 콘서트홀,2024-09-27,2024-09-27,466,2
PF236948,"제11회 현대일본희곡 낭독공연, 조지오웰, 침묵의 소리",연극,국립극단 [명동] 명동예술극장,2024-03-23,2024-03-23,466,0
PF254698,제7회 부평구립풍물단 정기연주회: 도시풍물 Ⅱ,한국음악(국악),부평아트센터 해누리극장,2024-12-07,2024-12-07,466,0
PF242223,제205회 성남시립교향악단 정기연주회,서양음악(클래식),성남아트센터 콘서트홀,2024-06-27,2024-06-27,465,0
PF233668,제360회 서울시국악관현악단 정기연주회,한국음악(국악),세종문화회관 세종M씨어터,2024-07-03,2024-07-03,465,1
PF257746,"울산시립청소년교향악단, 신년음악회 [울산]",서양음악(클래식),울산문화예술회관 대공연장,2025-02-22,2025-02-22,465,0
PF272095,제36회 김천시립소년소녀관현악단 정기연주회: 꿈의 항해,서양음악(클래식),김천시립율곡도서관 율곡홀 (다목적강당),2025-09-02,2025-09-02,464,0
PF250853,유앤잇 [상주],뮤지컬,상주문화회관 대공연장,2024-10-26,2024-10-26,464,1
PF265904,제68회 구미시립무용단 정기공연,무용(서양/한국무용),구미시문화예술회관 대공연장,2025-06-19,2025-06-19,464,0
PF269390,"창원시립무용단 기획공연, 장단의 숨: 춤 · 결 [창원]",무용(서양/한국무용),성산아트홀 소극장,2025-07-17,2025-07-17,464,0
PF228261,친절한 돼지씨 [대구],한국음악(국악),어울아트센터(구. 대구북구문예회관) 함지홀(대공연장),2023-11-18,2023-11-18,464,2
PF283841,춘천시립교향악단 & 청소년교향악단 특별연주회: The Cinema and Classic [춘천],서양음악(클래식),춘천문화예술회관 공연장,2026-02-27,2026-02-27,464,0
PF259267,제210회 성남시립교향악단 정기연주회,서양음악(클래식),성남아트센터 콘서트홀,2025-03-14,2025-03-14,464,0
PF251356,무브먼트 코리아 [논산],복합,논산아트센터(구. 논산문화예술회관) 대공연장,2024-10-25,2024-10-25,464,0
PF281266,김천시립교향악단 송년음악회: Goodbye 2025 [김천],서양음악(클래식),김천시립율곡도서관 율곡홀 (다목적강당),2025-12-23,2025-12-23,464,0
PF278583,"제87회 여수시립합창단 정기연주회: 네 개의 색, 하나의 노래",서양음악(클래식),GS칼텍스 예울마루 대극장,2025-11-07,2025-11-07,464,1
PF276657,"제36회 김천시립교향악단 정기연주회: 차이코프스키, 쇼스타코비치",서양음악(클래식),김천시립율곡도서관 율곡홀 (다목적강당),2025-10-30,2025-10-30,463,0
PF267168,"ASAC 리프팅, 다시, 봄 [안산]",뮤지컬,안산문화예술의전당 달맞이극장,2025-09-19,2025-09-20,463,0
PF286220,제62회 성남시립소년소녀합창단 정기연주회: The Sound of Spring,서양음악(클래식),성남아트센터 콘서트홀,2026-03-21,2026-03-21,463,1
PF275483,"울산시립무용단 추석특별공연, 가배풍악 [울산]",한국음악(국악),울산문화예술회관 소공연장,2025-10-03,2025-10-03,463,2
PF281089,"제37회 김천시립소년소녀관현악단 정기연주회, 루카의 모험: 생상스의 동물 사육제",서양음악(클래식),김천시립율곡도서관 율곡홀 (다목적강당),2025-12-19,2025-12-19,462,0
PF249622,"제92회 인천시립극단 정기공연, 하늘의 적 [인천]",연극,부평아트센터 해누리극장,2024-10-17,2024-10-18,462,0
PF241414,제51회 경주시립합창단 정기연주회: miserere by gregorio allegri,서양음악(클래식),경주예술의전당 대공연장(화랑홀),2024-06-20,2024-06-20,462,0
PF277517,국립심포니오케스트라와 함께하는 송년음악회 [서울 금천],서양음악(클래식),금나래아트홀,2025-12-27,2025-12-27,462,0
PF251454,"부산시향과 함께 걷다, 세계 클래식 음악 산책: 북유럽",서양음악(클래식),부산문화회관 중극장,2025-07-24,2025-07-24,462,1
PF244623,"부산시립국악관현악단 예술교육공연, 재밌는 국악 신나는 국악 (7월)",한국음악(국악),부산문화회관 중극장,2024-07-11,2024-07-12,462,0
PF280511,"제27회 김천시립소년소녀합창단 정기연주회: 겨울밤, 우리의 꿈이 노래가 되어 [김천]",서양음악(클래식),김천시립율곡도서관 율곡홀 (다목적강당),2025-12-12,2025-12-12,460,1
PF287419,딴소리 판 [서천],한국음악(국악),서천문예의전당 대강당,2026-04-08,2026-04-08,459,0
PF277650,"전남도립어린이국악단 정기공연, 스무 해의 울림: 알록달록 피어나는 우리의 꿈",한국음악(국악),남도소리울림터,2025-11-08,2025-11-08,459,0
PF264740,제38회 김천시립국악단 정기연주회: 춘화경명 (春和景明),한국음악(국악),김천시립율곡도서관 율곡홀 (다목적강당),2025-05-22,2025-05-22,459,0
PF283677,"광주시립교향악단, GSO 오티움 콘서트 Ⅰ: Bassoon [광주]",서양음악(클래식),광주 예술의 전당 소극장,2026-02-13,2026-02-13,459,0
PF270711,헤어드레서 [영주],뮤지컬,영주문화예술회관 까치홀,2025-08-09,2025-08-09,458,0
PF258854,수원시립합창단 신년음악회,서양음악(클래식),수원SK아트리움 대공연장,2025-02-27,2025-02-27,458,2
PF233768,성남시립교향악단 정기연주회 시즌권,서양음악(클래식),성남아트센터 콘서트홀,2024-02-01,2024-02-01,458,0
PF265113,"부천시립합창단 기획연주회, YOU사연 [부천]",서양음악(클래식),부천아트센터 콘서트홀,2025-08-21,2025-08-21,458,2
PF237228,"제7회 중국희곡 낭독공연, 나는 반금련이 아니야",연극,국립극단 [명동] 명동예술극장,2024-03-30,2024-03-31,457,0
PF274955,광주시립교향악단 GSO 오티움 콘서트 Ⅳ. Oboe,서양음악(클래식),광주 예술의 전당 소극장,2025-10-23,2025-10-23,457,0
PF270573,베로나의 두 신사 [안양],연극,평촌아트홀,2025-09-13,2025-09-13,457,0
PF267930,이희문 프로젝트: 오방신과 스팽글 [연천],한국음악(국악),연천수레울아트홀 대공연장,2025-08-30,2025-08-30,457,0
PF264214,제171회 대전시립합창단 정기연주회 & 대전시립교향악단 디스커버리 시리즈5: 애도의 노래 & 독일 레퀴엠 [대전],서양음악(클래식),대전예술의전당 아트홀,2025-06-12,2025-06-12,457,0
PF288364,고스트 [영천],연극,영천시민회관 스타홀,2026-04-18,2026-04-18,456,0
PF246929,정글라이프 [상주],뮤지컬,상주문화회관 대공연장,2024-08-23,2024-08-23,456,1
PF278826,제32회 달서구립합창단 정기연주회: 바람의 노래 [대구],서양음악(클래식),달서아트센터 (구. 웃는얼굴아트센터) 청룡홀,2025-11-27,2025-11-27,455,0
PF243364,"국립합창단, 전쟁 그리고 평화 [당진]",서양음악(클래식),당진문예의전당 대공연장,2024-07-12,2024-07-12,455,2
PF237886,제290회 수원시립교향악단 정기연주회,서양음악(클래식),수원SK아트리움 대공연장,2024-04-18,2024-04-18,455,0
PF272482,"정크, 클라운 [무안]",연극,남도소리울림터,2025-09-06,2025-09-06,455,0
PF240396,제5회 춘천시립국악단 정기공연: 예향의 강원별곡,한국음악(국악),춘천문화예술회관 공연장,2024-05-30,2024-05-30,454,0
PF241045,청춘연가 [함양],뮤지컬,함양문화예술회관 대공연장,2024-06-01,2024-06-01,454,0
PF254135,당진문예의전당과 공주시충남교향악단이 함께하는 환희의 송가,서양음악(클래식),당진문예의전당 대공연장,2024-12-19,2024-12-19,454,0
PF273348,"만능재치꾼 피가로, 세빌리아의 이발사 [하동]",서양음악(클래식),하동문화예술회관 대공연장,2025-09-18,2025-09-18,454,0
PF243651,장영실과 함께하는 별별 GPT [여수],뮤지컬,GS칼텍스 예울마루 대극장,2024-07-19,2024-07-20,453,2
PF243050,글뤽아우프 [평택],연극,평택시남부문예회관 대공연장,2024-07-12,2024-07-12,453,0
PF284086,"국립현대무용단, 정글 [김포]",무용(서양/한국무용),김포아트홀,2026-02-28,2026-02-28,453,0
PF286581,"국립국악원, 한국의 흥과 신명 [평택]",한국음악(국악),평택시남부문예회관 대공연장,2026-04-10,2026-04-10,452,1
PF243279,대구시립국악단과 함께하는 대구편입 1주년 기념음악회,한국음악(국악),군위 삼국유사교육문화회관 공연장,2024-06-27,2024-06-27,452,1
PF247429,"ㅋㅋㅋ 재미있는 연극시리즈, 헤비메탈 걸스 [과천]",연극,과천시민회관 소극장,2024-10-19,2024-10-19,452,0
PF251686,"제201회 공주시충남교향악단 정기연주회, 카르멘 Ⅹ 세헤라자데",서양음악(클래식),공주문예회관 대공연장,2024-11-21,2024-11-21,451,0
PF273260,천안시립교향악단 기획공연: 협주곡의 밤 [천안],서양음악(클래식),천안시성환문화회관 대공연장,2025-09-03,2025-09-03,451,0
PF269784,"부산시립국악관현악단 특별연주회, 광복80주년 기념음악회: 광복의 빛을 넘어",한국음악(국악),부산문화회관 대극장,2025-08-14,2025-08-14,451,0
PF242743,"제77회 군산시립합창단 기획 연주회: 노트르담, 그림자속 이야기",서양음악(클래식),군산예술의전당 소공연장,2024-07-04,2024-07-04,450,0
PF266164,"국립창극단, 토선생, 용궁가다 [용인]",한국음악(국악),용인시문화예술회관 처인홀,2025-07-05,2025-07-05,450,0
PF277161,풍년에 넌즞 들은 아가멤논 [고양],한국음악(국악),고양아람누리 새라새극장,2025-11-13,2025-11-15,450,0
PF237277,"제7회 중국희곡 낭독공연, 제일 가까운 장애인 화장실이 어디죠?",연극,국립극단 [명동] 명동예술극장,2024-03-27,2024-03-28,450,1
PF260001,"수성아트피아 시즌페스티벌, 4월 음악제: 국립심포니오케스트라 & 윤한결, 김태형 [대구]",서양음악(클래식),수성아트피아 대극장 (대공연장) ,2025-04-11,2025-04-11,449,0
PF260290,울산시립합창단 기획연주회: 소리높여 합창포유 Ⅱ [울산],서양음악(클래식),울산문화예술회관 대공연장,2025-04-17,2025-04-17,448,0
PF273422,"제46회 목포시립소년소녀합창단 정기연주회: 오늘, 빛나는 우리",서양음악(클래식),목포문화예술회관,2025-09-27,2025-09-27,446,2
PF217283,연희 도깨비 [포항],한국음악(국악),포항시청 대잠홀,2023-06-10,2023-06-10,446,2
PF263024,제204회 공주시충남교향악단 정기연주회 [공주],서양음악(클래식),공주문예회관 대공연장,2025-05-29,2025-05-29,446,0
PF241932,거인의 정원 [양산],무용(서양/한국무용),양산문화예술회관 대공연장,2024-06-22,2024-06-22,446,2
PF270187,종이꽃밭: 두할망본풀이 [평택 남부],한국음악(국악),평택시남부문예회관 대공연장,2025-08-22,2025-08-22,446,2
PF251451,"부산시향과 함께 걷다, 세계 클래식 음악 산책: 마티네, 북유럽",서양음악(클래식),부산문화회관 중극장,2025-07-25,2025-07-25,445,0
PF279680,올라비올라의 B to B [제주],서양음악(클래식),제주문예회관 대극장,2025-12-05,2025-12-05,445,0
PF236884,강원특별자치도립무용단 앵콜 기획공연: 舞 (무) 의 無我 (무아) [춘천],무용(서양/한국무용),춘천문화예술회관 공연장,2024-03-17,2024-03-17,445,0
PF267819,청양군민을 위한 WIND STONY : 필립 스파크의 초상 [청양],서양음악(클래식),청양문예회관 대공연장,2025-07-17,2025-07-17,445,0
PF257678,제76회 군산시립교향악단 특별기획연주회: 발렌타인 콘서트,서양음악(클래식),군산예술의전당 소공연장,2025-02-14,2025-02-14,444,0
PF284622,제629회 부산시립교향악단 정기연주회: 축제 [부산 강서],서양음악(클래식),낙동아트센터 콘서트홀,2026-04-01,2026-04-01,444,0
PF274507,대구경북소년소녀합창페스티벌: 우리가 노래하는 세상 [대구],서양음악(클래식),대구문화예술회관 팔공홀,2025-10-18,2025-10-18,444,1
PF244302,마술사 최형배의 오리지널 과학마술 콘서트 시즌1 [아산],서커스/마술,아산시 평생학습관(아산아트홀) 아산아트홀(아산시평생학습관),2024-08-15,2024-08-15,444,1
PF265108,"부천시립예술단 1234 콘서트, 부천필하모닉오케스트라: 20세기 파리",서양음악(클래식),부천아트센터 콘서트홀,2025-08-28,2025-08-28,444,0
PF265264,APEC 뮤직페스티벌 [경주] (06.14),서양음악(클래식),경주예술의전당 대공연장(화랑홀),2025-06-14,2025-06-14,443,0
PF232000,부천필하모닉오케스트라 아침의 콘서트: 올림포스의 음악축제,서양음악(클래식),부천아트센터 콘서트홀,2024-04-12,2024-04-12,443,0
PF229235,수박수영장 [영월],뮤지컬,영월군문화예술회관,2023-12-15,2023-12-16,443,0
PF269338,"낙월블루하트와 함께하는 서울시향 행복한 음악회, 함께! Ⅰ",서양음악(클래식),세종문화회관 세종체임버홀,2025-07-18,2025-07-18,443,0
PF257866,최수열x서울시국악관현악단: Reframing 프로젝트,한국음악(국악),세종문화회관 세종M씨어터,2025-06-26,2025-06-26,443,0
PF271119,"제3회 대한민국 국악관현악축제, 청주시립국악단",한국음악(국악),세종문화회관 세종M씨어터,2025-10-21,2025-10-21,442,2
PF249608,"제21회 무룡 아트 페스티벌, 원더매직의 오리지널 과학마술콘서트 시즌1 [울산]",서커스/마술,울산북구문화예술회관 공연장,2024-10-15,2024-10-15,442,0
PF288597,누가 내 머리에 똥쌌어? [횡성],뮤지컬,횡성문화예술회관 대공연장,2026-05-02,2026-05-02,442,0
PF290419,"화류비련극, 홍도 [밀양]",연극,밀양아리랑아트센터 대공연장,2026-06-05,2026-06-05,441,2
PF270196,강강숲에 떨어진 달님 [천안],한국음악(국악),천안예술의전당 소공연장,2025-09-05,2025-09-05,441,0
PF237822,"천안시립교향악단 오페라 마티네, 모차르트의 여자는 다 그래",서양음악(클래식),천안시청 봉서홀,2024-05-02,2024-05-02,441,1
PF280983,충주시립우륵국악단 기획연주회Ⅳ x 충주시청소년우륵국악단 창단연주회,한국음악(국악),충주시문화회관,2025-12-18,2025-12-18,441,0
PF244863,송소희 X 두번째달 X 오단해: 모던민요 [익산],한국음악(국악),익산예술의전당 대공연장,2024-08-02,2024-08-02,440,2
PF274977,신뺑파전 [장흥],연극,장흥문화예술회관 대공연장,2025-10-23,2025-10-23,440,0
PF269912,신데렐라의 모래이야기 [목포],서양음악(클래식),목포문화예술회관,2025-08-09,2025-08-09,440,0
PF244107,"과천시립소년소녀합창단 하모니시리즈 2, 프렌들리 콘서트 [과천]",서양음악(클래식),과천시민회관 대극장,2024-07-27,2024-07-27,439,0
PF289333,인천학생교육문화회관과 함께하는 인천시립교향악단 요기조기 음악회 [인천],서양음악(클래식),인천학생교육문화회관 싸리재홀(대공연장),2026-04-29,2026-04-29,438,0
PF268417,비밀의 노래 [보성],연극,보성군문화예술회관,2025-07-17,2025-07-17,438,0
PF246080,국립발레단 부설 발레아카데미 정기공연: PLIE,무용(서양/한국무용),서울아트센터 도암홀,2024-08-16,2024-08-16,438,1
PF240560,"과천시립여성합창단 콰이어시리즈 2, 혼성합창 그리고 봄의 향기 노래 (春.向.歌)",서양음악(클래식),과천시민회관 대극장,2024-05-23,2024-05-23,438,0
PF289692,"제21회 광주시립오페라단 정기공연, 콘서트 오페라: 카르멘",서양음악(클래식),국립아시아문화전당 극장2,2026-05-16,2026-05-16,438,1
PF259186,"제199회 광주시립합창단 정기연주회, 신춘음악회: 희망과 사랑",서양음악(클래식),빛고을시민문화관 공연장,2025-03-13,2025-03-13,438,0
PF248273,제194회 부산시립합창단 정기연주회: 현대 오라토리오,서양음악(클래식),부산문화회관 대극장,2024-12-05,2024-12-05,438,0
PF255216,"제73회 충주시립우륵국악단 정기연주회, 노래하라: CANTAREⅡ",한국음악(국악),충주시문화회관,2024-12-19,2024-12-19,438,0
PF242209,깃털피리 [영주],뮤지컬,영주문화예술회관 까치홀,2024-06-22,2024-06-22,436,2
PF278470,신명의 꽃: 헌화가 [논산],한국음악(국악),논산아트센터(구. 논산문화예술회관) 대공연장,2025-11-21,2025-11-21,435,0
PF283804,"최수호 x 유태평양 x 억스, 빅3 콘서트 with 공주시충남연정국악단",한국음악(국악),공주문예회관 대공연장,2026-03-07,2026-03-07,435,0
PF245064,"국립심포니오케스트라, ECO & ECHO 콘서트 [세종]",서양음악(클래식),세종예술의전당 대공연장,2024-09-13,2024-09-13,434,1
PF239626,"목포시립예술단, 동물의 사육제",뮤지컬,목포문화예술회관,2024-05-09,2024-05-09,434,1
PF286865,"BAC 초이스, 디토 오케스트라 with 신지아",서양음악(클래식),부천아트센터 콘서트홀,2026-04-19,2026-04-19,433,0
PF242498,제170회 대구시립합창단 정기연주회: 칼 젠킨스의 평화를 위한 기원,서양음악(클래식),대구콘서트하우스 그랜드홀 (대공연장) ,2024-06-27,2024-06-27,433,0
PF263774,"목포시립교향악단 특별연주회, 가족음악회",서양음악(클래식),목포시민문화체육센터 대공연장,2025-05-08,2025-05-08,433,1
PF251360,제30회 춘천시립청소년합창단 정기연주회: 노래 어때? 게임 어때?,서양음악(클래식),춘천문화예술회관 공연장,2024-11-16,2024-11-16,433,0
PF269205,제145회 광주시립소년소녀합창단 정기공연: 아! 대한민국,서양음악(클래식),광주 예술의 전당 대극장,2025-08-14,2025-08-14,432,2
PF261346,제178회 춘천시립교향악단 정기연주회: OBERON,서양음악(클래식),춘천문화예술회관 공연장,2025-04-18,2025-04-18,432,2
PF223012,"개관 15주년 컬렉션 개막작, 물질 [창원]",복합,3.15아트센터 자유마당,2023-08-25,2023-08-26,432,2
PF274887,BAC 초이스 Ⅵ. 이매지너리,뮤지컬,부천아트센터 소공연장,2025-11-29,2025-11-30,431,1
PF261061,"대전시립교향악단 마스터즈 시리즈Ⅳ, 쇼스타코비치 교향곡 제11번: 1905년",서양음악(클래식),대전예술의전당 아트홀,2025-04-10,2025-04-10,431,0
PF264191,"국립현대무용단, 얍! 얍! 얍! [제주]",무용(서양/한국무용),제주아트센터 대극장,2025-06-06,2025-06-06,431,0
PF242651,제198회 공주시충남교향악단 정기연주회: 비창의 미학 [공주],서양음악(클래식),공주문예회관 대공연장,2024-07-19,2024-07-19,431,0
PF272850,"리: 바운드 축제, 혹부리 영감이 되고 싶은 도깨비",서양음악(클래식),예술의전당 [서울] 자유소극장,2025-11-07,2025-11-08,431,0
PF279300,"국립창극단, 완창판소리 (3월)",한국음악(국악),국립극장 달오름극장,2026-03-07,2026-03-07,430,0
PF272133,"제25회 SPAF, 16 & 17",무용(서양/한국무용),대학로예술극장 대극장,2025-10-16,2025-10-17,430,0
PF225029,"오페라 하이라이트 페스타, 카르멘 [화성]",서양음악(클래식),반석아트홀,2023-11-18,2023-11-18,430,1
PF272175,"서울아트마켓 (PAMS) , TOB GROUP: BARCODE",무용(서양/한국무용),대학로예술극장 대극장,2025-10-21,2025-10-22,430,0
PF265546,김성녀의 마당놀이: 심청이와 춘향이가 온다 [영덕],연극,예주문화예술회관,2025-07-19,2025-07-19,430,0
PF269578,"국립국악관현악단, 국악가요",한국음악(국악),국립극장 하늘극장,2025-10-25,2025-10-25,430,1
PF246701,"국립심포니오케스트라, ECO & ECHO 콘서트 [통영]",서양음악(클래식),통영국제음악당 콘서트홀,2024-11-30,2024-11-30,430,1
PF283350,"국악콘서트, 장끼자랑: 사내들 [대전]",한국음악(국악),대전시립연정국악원 큰마당,2026-02-07,2026-02-07,430,0
PF247714,이희문 프로젝트: 오방신과 스팽글 [익산],한국음악(국악),익산예술의전당 대공연장,2024-10-17,2024-10-17,429,0
PF266618,"서구愛 마토콘서트, 매우 춰라!",한국음악(국악),대구서구문화회관 공연장,2025-06-28,2025-06-28,429,1
PF273460,세상친구 [논산],연극,논산아트센터(구. 논산문화예술회관) 대공연장,2025-09-19,2025-09-19,429,1
PF246264,"제24회 SPAF, FCC & 투시아타 아비아: 새비지 콜로나이저",연극,대학로예술극장 대극장,2024-10-19,2024-10-20,429,0
PF270847,배소고지 이야기: 기억의 연못 [평택],연극,평택시남부문예회관 대공연장,2025-09-19,2025-09-19,429,0
PF252224,스피리또 앙상블과 함께하는 베토벤 Ⅹ 클림트: 운명의 키스,복합,다산아트홀,2024-11-22,2024-11-22,429,0
PF255468,우리읍내 [포천],연극,포천반월아트홀 대극장,2024-12-20,2024-12-20,429,2
PF286278,"앤서니 브라운, 난 책이 좋아요 [양주]",뮤지컬,양주문화예술회관 소공연장,2026-04-11,2026-04-11,428,1
PF271418,"안동시립합창단 기획공연, 안동여행: 봄, 여름, 가을, 겨울 그리고 다시 봄",서양음악(클래식),안동문화예술의전당 웅부홀,2025-09-11,2025-09-11,428,0
PF264543,경셩유행가: 판을 나온 소리 [연천],한국음악(국악),연천수레울아트홀 대공연장,2025-06-13,2025-06-13,428,0
PF245518,완창판소리 (11월),한국음악(국악),국립극장 달오름극장,2024-11-23,2024-11-23,428,0
PF273167,신뺑파전 [아산],연극,아산시 평생학습관(아산아트홀) 아산아트홀(아산시평생학습관),2025-10-02,2025-10-02,427,0
PF259813,"과천시립소년소녀합창단 하모니시리즈 1, 노래가 세상이라면",서양음악(클래식),과천시민회관 대극장,2025-03-22,2025-03-22,427,2
PF273993,"국립오페라단, 잔니 스키키 [부산]",서양음악(클래식),(재) 영화의전당 하늘연극장,2025-11-08,2025-11-08,427,2
PF242672,"대전시립교향악단 마스터즈 시리즈 7, 말러 교향곡 제5번",서양음악(클래식),대전예술의전당 아트홀,2024-07-19,2024-07-19,426,2
PF256726,"부산시립교향악단 기획음악회, 실내악시리즈Ⅰ: 위대한 유산",서양음악(클래식),부산문화회관 중극장,2025-02-21,2025-02-21,425,0
PF269594,"국립창극단, 완창판소리 (11월)",한국음악(국악),국립극장 달오름극장,2025-11-15,2025-11-15,425,1
PF281184,"국립심포니 아카데미, 겨울 프롤로그 [대구]",서양음악(클래식),어울아트센터(구. 대구북구문예회관) 함지홀(대공연장),2025-12-09,2025-12-09,425,1
PF251522,제20회 서구립소년소녀합창단 정기연주회: 어린왕자와 노래별,서양음악(클래식),청라복합문화센터 블루노바홀 공연장,2024-10-25,2024-10-25,425,0
PF271040,"대구시립교향악단, 체임버 시리즈 Ⅲ. 거장의 금고",서양음악(클래식),어울아트센터(구. 대구북구문예회관) 함지홀(대공연장),2025-08-05,2025-08-05,425,1
PF273895,"대구시립무용단, 탈출 [대구 북구]",무용(서양/한국무용),어울아트센터(구. 대구북구문예회관) 함지홀(대공연장),2025-09-10,2025-09-10,425,0
PF262646,"부산시립합창단 유명지휘자 초청연주회, 전쟁과 평화 그리고 희망",서양음악(클래식),부산문화회관 중극장,2025-06-20,2025-06-20,424,0
PF289254,오케스트라가 들려주는 클래식 동화: 페페의 꿈 [서천],서양음악(클래식),서천문예의전당 대강당,2026-05-20,2026-05-20,424,2
PF251828,"제13회 부평구립소년소녀합창단 정기연주회, Vivaldi and Love",서양음악(클래식),부평아트센터 해누리극장,2024-11-09,2024-11-09,424,0
PF251355,"부산시립청소년교향악단 예술교육공연, 재밌는 클래식 맛있는 클래식",서양음악(클래식),부산문화회관 중극장,2024-10-15,2024-10-15,424,1
PF247013,"카운터테너 이동규 리사이틀, Dream Quilter: 꿈을 누비는 자 [홍성]",서양음악(클래식),홍주문화회관 대공연장,2024-08-30,2024-08-30,424,0
PF280834,"부천시립예술단 1234 콘서트 Ⅰ, 부천필하모닉오케스트라: 봄, 그리고 이야기 [부천]",서양음악(클래식),부천아트센터 콘서트홀,2026-03-19,2026-03-19,424,0
PF250878,제36회 고양시립소년소녀합창단 정기연주회: 동심의 날개,서양음악(클래식),고양아람누리 아람음악당,2024-11-02,2024-11-02,424,0
PF250053,"국립오페라단, 잔니 스키키 [연천]",서양음악(클래식),연천수레울아트홀 대공연장,2024-11-23,2024-11-23,423,1
PF247342,"인천시립교향악단 기획연주회, 하이든 2 베토벤 [인천]",서양음악(클래식),남동소래아트홀 소래극장 (대공연장) ,2024-10-02,2024-10-02,422,1
PF271346,"나, 옥분뎐傳! [논산]",연극,논산아트센터(구. 논산문화예술회관) 대공연장,2025-08-22,2025-08-22,422,0
PF237580,제203회 성남시립교향악단 정기연주회,서양음악(클래식),성남아트센터 콘서트홀,2024-04-12,2024-04-12,422,2
PF262681,"경남도립극단 교류공연, 빌미 [부산 남구]",연극,부산문화회관 중극장,2025-08-23,2025-08-23,422,0
PF245055,"K-예술축제 아.우.름, 종이꽃밭: 두할망본풀이",한국음악(국악),대전시립연정국악원 큰마당,2024-08-30,2024-08-31,422,0
PF265706,향악잡영오수: 최치원 놀이 [연천],한국음악(국악),연천수레울아트홀 대공연장,2025-07-18,2025-07-18,422,2
PF260890,"인천시립교향악단 기획연주회, For Culture Leaders [인천]",서양음악(클래식),인천문화예술회관 소공연장,2025-04-18,2025-04-18,422,0
PF241986,제121회 포항시립합창단 정기연주회: 6월에는,서양음악(클래식),포항문화예술회관 대공연장,2024-06-20,2024-06-20,422,0
PF274492,제7회 평택시립국악관현악단 정기 연주회: 아시아의 소리 [평택],한국음악(국악),평택시남부문예회관 대공연장,2025-10-23,2025-10-23,421,0
PF272880,"제31회 춘천시립청소년교향악단 정기연주회, 생상스 탄생 190주년: 영웅의 죽음과 변용",서양음악(클래식),춘천문화예술회관 공연장,2025-09-27,2025-09-27,421,0
PF242718,앙상블 오푸스의 꿈꾸는 저녁 [제주],서양음악(클래식),제주아트센터 대극장,2024-07-07,2024-07-07,421,0
PF240288,춘천시립청소년교향악단 특별연주회: DREAMS COME TRUE,서양음악(클래식),춘천문화예술회관 공연장,2024-06-01,2024-06-01,421,0
PF240680,제71회 성남시립국악단 정기연주회,한국음악(국악),성남아트센터 콘서트홀,2024-05-23,2024-05-23,421,0
PF234099,제201회 성남시립교향악단 정기연주회,서양음악(클래식),성남아트센터 콘서트홀,2024-02-01,2024-02-01,421,1
PF247944,처용-心: The Sage [김포],무용(서양/한국무용),김포아트홀,2024-09-28,2024-09-28,420,0
PF285752,"국립심포니오케스트라, 실내악 시리즈: 용인문화재단 만원 조아용! [용인]",서양음악(클래식),용인시문화예술회관 처인홀,2026-03-28,2026-03-28,420,0
PF277009,서편제; The Original [대구],한국음악(국악),대구문화예술회관 팔공홀,2025-11-15,2025-11-16,419,2
PF273519,"바람, 다녀가셔요 [아산]",연극,아산시 평생학습관(아산아트홀) 아산아트홀(아산시평생학습관),2025-10-18,2025-10-18,419,0
PF245886,제117회 강릉시립합창단 정기연주회: 오 아름다운 밤,서양음악(클래식),강릉아트센터 (구. 강릉문화예술관) 사임당홀 (대공연장) ,2024-08-30,2024-08-30,419,0
PF263742,"국립심포니오케스트라 아카데미 & 아벨 콰르텟, Hommage a Bach: 바흐에게 바치는 헌사",서양음악(클래식),예술의전당 [서울] IBK챔버홀,2025-06-04,2025-06-04,418,0
PF231846,헬렌 앤 미 [김포],뮤지컬,통진두레문화센터 두레홀,2023-12-16,2023-12-16,418,1
PF254307,"제67회 안산시립국악단 정기연주회, 월드오케스트라6",한국음악(국악),안산문화예술의전당 해돋이극장,2024-12-04,2024-12-04,418,0
PF279318,"국립창극단, 완창판소리 (4월)",한국음악(국악),국립극장 달오름극장,2026-04-11,2026-04-11,417,1
PF236048,제39회 공주시충남연정국악단 정기연주회: 당신의 봄,한국음악(국악),공주문예회관 대공연장,2024-03-14,2024-03-14,416,0
PF268686,피버 (FEVER) [포항],무용(서양/한국무용),포항시청 대잠홀,2025-07-18,2025-07-18,416,0
PF261856,BAC 초이스 Ⅱ. 조이오브스트링스: Stars & Strings,서양음악(클래식),부천아트센터 콘서트홀,2025-06-13,2025-06-13,415,0
PF276424,"순천시립소년소녀합창단과 함께하는 행복한 문화동행, 합창",서양음악(클래식),순천문화예술회관 대극장,2025-10-24,2025-10-24,415,0
PF261025,"포천반월아트홀 토요상설, 포천시립소년소녀합창단",서양음악(클래식),포천반월아트홀 소극장,2025-04-26,2025-11-08,414,0
PF253653,"울산시립합창단, 송년음악회: 감사히 한 해를 보내며",서양음악(클래식),울산문화예술회관 대공연장,2024-12-12,2024-12-12,414,0
PF259614,제72회 성남시립국악단 정기연주회 [성남],한국음악(국악),성남아트센터 콘서트홀,2025-03-13,2025-03-13,413,2
PF275589,"국립합창단 청년교육단원 결과보고회, Timeless Voice: 멈추지 않는 우리의 노래",서양음악(클래식),국립극장 하늘극장,2025-11-01,2025-11-01,413,1
PF279418,"국립합창단, 시네마 클래식 [태백]",서양음악(클래식),태백문화예술회관 대공연장,2025-12-03,2025-12-03,412,1
PF269617,장단: 놀음 [평택],한국음악(국악),평택시남부문예회관 대공연장,2025-08-08,2025-08-08,412,1
PF286425,"제122회 군산시립합창단 정기 연주회: The Barton Series Ⅱ. 지휘자 프로젝트, 봄이 오는 소리: 바람 사랑 꽃 희망의 노래",서양음악(클래식),군산예술의전당 소공연장,2026-03-26,2026-03-26,412,0
PF290023,토선생 용궁가다 [군산],한국음악(국악),군산예술의전당 대공연장,2026-05-16,2026-05-16,412,1
PF253628,"제12회 남양주시립소년소녀합창단 기획연주회, 세상이 노래가 된다면 [남양주]",서양음악(클래식),다산아트홀,2024-11-28,2024-11-28,411,0
PF277845,제8회 춘천시립국악단 정기공연: 인연,한국음악(국악),춘천문화예술회관 공연장,2025-11-27,2025-11-27,411,0
PF265978,헤어드레서 [양산],뮤지컬,양산문화예술회관 대공연장,2025-06-28,2025-06-28,411,0
PF277022,세상친구 [인천],연극,제물포구문화체육센터(구. 동구문화체육센터) 공연장,2025-12-05,2025-12-06,410,2
PF253088,"제14회 서구립풍물단 정기연주회, 서구유희: 두번째 이야기",한국음악(국악),청라복합문화센터 블루노바홀 공연장,2024-11-16,2024-11-16,410,0
PF280809,"부천시립합창단 기획연주회, YOU사연Ⅰ",서양음악(클래식),부천아트센터 콘서트홀,2026-03-20,2026-03-20,410,0
PF283965,"제84회 파주시립예술단 기획연주회, 파주시 승격 30주년 기념 콘서트: 우리가 함께 만든 30년, 파주시 [파주]",서양음악(클래식),파주운정행복센터 공연장,2026-02-12,2026-02-12,410,0
PF230520,완창판소리 (6월),한국음악(국악),국립극장 하늘극장,2024-06-15,2024-06-15,409,1
PF248875,제74회 군산시립교향악단 특별기획연주회,서양음악(클래식),군산예술의전당 대공연장,2024-10-04,2024-10-04,409,0
PF281516,제14회 남양주시립소년소녀합창단 정기연주회: MUSIC SCHOOL,서양음악(클래식),다산아트홀,2025-12-27,2025-12-27,409,0
PF240208,"울산시립청소년교향악단, 기획연주회: 놀라운 마술",서양음악(클래식),울산문화예술회관 소공연장,2024-05-25,2024-05-25,409,0
PF243045,처용-心: The Sage [연천],무용(서양/한국무용),연천수레울아트홀 대공연장,2024-07-03,2024-07-03,409,0
PF233972,"제78회 부산시립극단 정기공연, 스타프로젝트: 코카서스의 백묵원",연극,부산시민회관 소극장,2024-11-15,2024-11-16,408,0
PF289883,"부천문화재단 기획공연, 달빛 윤슬은 파도 위를 춤춘다",무용(서양/한국무용),복사골문화센터 아트홀,2026-05-14,2026-05-14,408,0
PF243068,공주시립합창단 창단 10주년 기념 연주회: Why We Sing 우리가 노래하는 이유,서양음악(클래식),공주문예회관 대공연장,2024-06-27,2024-06-27,408,0
PF248539,울산시립교향악단 초청공연,서양음악(클래식),울산중구문화의전당 함월홀 (2층) ,2024-11-07,2024-11-07,407,0
PF251463,"부산시향과 함께 걷다, 세계 클래식 음악 산책: 마티네, 영국",서양음악(클래식),부산문화회관 중극장,2025-10-31,2025-10-31,407,0
PF281295,제24회 김제시립합창단 정기연주회: 새로운 시작,서양음악(클래식),김제문화예술회관 대공연장,2025-12-19,2025-12-19,407,0
PF230522,완창판소리 (5월),한국음악(국악),국립극장 하늘극장,2024-05-11,2024-05-11,407,2
PF277514,"국립국악관현악단, 노크 (NOK) 시네마 [부안]",한국음악(국악),부안예술회관 공연장,2025-11-05,2025-11-05,407,0
PF271147,수원시립교향악단 유료회원 초정음악회: 여명,서양음악(클래식),수원SK아트리움 대공연장,2025-08-26,2025-08-26,406,0
PF253658,"명가월륜: 불멸의 춤, 원왕생무 [아산]",무용(서양/한국무용),아산시 평생학습관(아산아트홀) 아산아트홀(아산시평생학습관),2024-11-16,2024-11-16,406,0
PF265446,페페의 꿈 [양주],뮤지컬,양주문화예술회관 소공연장,2025-06-21,2025-06-21,406,1
PF230524,완창판소리 (4월),한국음악(국악),국립극장 하늘극장,2024-04-13,2024-04-13,406,0
PF243209,대구시립국악단 찾아가는 공연: 백리향,한국음악(국악),대구서구문화회관 공연장,2024-06-19,2024-06-19,406,0
PF251263,제52회 경주시립합창단 정기연주회: 가을... 세레나데,서양음악(클래식),경주예술의전당 대공연장(화랑홀),2024-11-14,2024-11-14,405,0
PF259311,국립합창단과 함께하는 흥겨운 음악여행 [동해],서양음악(클래식),동해문화예술회관 대공연장,2025-03-28,2025-03-28,405,1
PF265406,제179회 춘천시립교향악단 정기연주회 [춘천],서양음악(클래식),춘천문화예술회관 공연장,2025-06-27,2025-06-27,405,0
PF265048,제37회 고양시립소년소녀합창단 정기연주회: 별을 그리다,서양음악(클래식),고양아람누리 아람음악당,2025-06-11,2025-06-11,405,0
PF221804,"안중근, 천국에서의 춤 [광명]",무용(서양/한국무용),광명시민회관 대공연장,2023-08-04,2023-08-05,405,2
PF250315,제188회 수원시립합창단 정기연주회,서양음악(클래식),수원SK아트리움 대공연장,2024-10-24,2024-10-24,405,0
PF246257,"제24회 SPAF, 바샤르 무르쿠스＆쿨루드 바젤의 카사비 시어터: 뮤지엄",연극,서울문화재단 대학로극장 쿼드 (예술청) 대학로극장 쿼드 (예술청) ,2024-10-24,2024-10-26,405,0
PF241657,안동시립합창단 & 김천시립합창단 교류 기획공연: 베르디 레퀴엠,서양음악(클래식),안동문화예술의전당 웅부홀,2024-06-28,2024-06-28,404,2
PF230526,완창판소리 (3월),한국음악(국악),국립극장 하늘극장,2024-03-16,2024-03-16,403,1
PF284194,김성녀의 마당놀이: 심청이와 춘향이가 온다 [전주],연극,한국소리문화의전당 연지홀,2026-03-14,2026-03-14,403,0
PF275060,제80회 군산시립교향악단 특별기획연주회: 실내악 콘서트,서양음악(클래식),군산예술의전당 소공연장,2025-11-13,2025-11-13,403,0
PF249010,"김천합창제, 합창으로 하나되는 김천: 합창뷔페",서양음악(클래식),김천시문화예술회관 대공연장,2024-09-12,2024-09-12,403,0
PF274606,제81회 고양시립합창단 정기연주회: 가을 야상곡 Autumn Nocturne,서양음악(클래식),고양아람누리 아람음악당,2025-10-23,2025-10-23,403,0
PF269915,제13회 남양주시립소년소녀합창단 기획연주회: 이야기가 있는 한여름 가족음악회,서양음악(클래식),다산아트홀,2025-08-02,2025-08-02,402,0
PF283740,제48회 울산시립청소년교향악단 정기연주회: 봄을 향한 왈츠,서양음악(클래식),울산문화예술회관 소공연장,2026-02-28,2026-02-28,402,0
PF246545,악단광칠 콘서트: 매우 춰라! [화성],한국음악(국악),반석아트홀,2024-12-18,2024-12-18,402,0
PF248044,"이천국제음악제, 프린지 콘서트 5th: 뉴서울필하모닉의 브람스 & 라흐마니노프",서양음악(클래식),이천아트홀 대공연장,2024-09-28,2024-09-28,401,0
PF255997,국립심포니오케스트라 신년음악회 [속초],복합,속초문화예술회관 대공연장,2025-01-24,2025-01-24,401,2
PF269232,피버 (FEVER) [대구],무용(서양/한국무용),봉산문화회관 가온홀,2025-08-30,2025-08-30,401,1
PF264196,신데렐라의 모래이야기 [옥천],서양음악(클래식),옥천문화예술회관,2025-05-16,2025-05-16,400,0
PF264319,제53회 경주시립합창단 정기연주회: 광복 80주년 기념 peace&freedom,서양음악(클래식),경주예술의전당 대공연장(화랑홀),2025-06-17,2025-06-17,400,0
PF271440,제75회 충주시립우륵국악단 정기연주회: 정체성 Ⅱ,한국음악(국악),충주시문화회관,2025-09-02,2025-09-02,400,0
PF225362,서교동에서 죽다 [서울 꿈빛극장],연극,성북미디어문화마루 꿈빛극장,2023-11-04,2023-11-05,400,1
PF280700,충주시립택견단 기획공연: 그 판,한국음악(국악),충주시문화회관,2025-12-09,2025-12-09,400,1
PF286832,제200회 원주시립교향악단 정기연주회: EROICA 영웅,서양음악(클래식),원주백운아트홀,2026-04-15,2026-04-15,400,1
PF288261,"제953회 전남도립국악단 토요가무악희 시즌 2, 그린국악: 수어로 만나는 우리소리",한국음악(국악),남도소리울림터,2026-04-18,2026-04-18,399,0
PF264524,깨비친구 삽살이 [인천 중구],한국음악(국악),인천중구문화회관,2025-06-13,2025-06-14,399,1
PF276371,"국립심포니콘서트오케스트라, 클래식 언박싱: What's in my Orchestra [당진]",서양음악(클래식),당진문예의전당 대공연장,2025-11-14,2025-11-14,399,0
PF289909,한웅원밴들 X 유태평양: 그루브 in 판소리 [금산],복합,금산다락원 생명의집 대공연장,2026-05-07,2026-05-07,398,0
PF258329,서울시향 퇴근길 토크 콘서트 Ⅰ: 동갑내기가 꽃피운 바로크 ①,서양음악(클래식),혜화동성당,2025-03-19,2025-03-19,398,0
PF230306,서울시향 실내악 시리즈 I: 낭만과 혁신,서양음악(클래식),세종문화회관 세종체임버홀,2024-02-24,2024-02-24,398,0
PF250753,정글라이프 [무안],뮤지컬,무안승달문화예술회관 대공연장,2024-10-17,2024-10-17,397,0
PF270526,친구의 전설 [김천],뮤지컬,김천시립문화회관,2025-08-09,2025-08-09,397,0
PF250429,"국립심포니오케스트라 실내악 시리즈 Ⅱ, 정화된 밤",서양음악(클래식),세종문화회관 세종체임버홀,2024-11-28,2024-11-28,397,0
PF225031,"오페라 하이라이트 페스타, 오텔로 [화성]",서양음악(클래식),반석아트홀,2023-11-19,2023-11-19,397,0
PF277865,창원시립소년소녀합창단 기획연주회: CHANGWON YOUTH CHOIR FESTIVAL,서양음악(클래식),3.15아트센터 대극장,2025-11-14,2025-11-14,397,0
PF274718,제218회 대구시립국악단 정기연주회: 詩와 함께하는 풍류마당,한국음악(국악),대구문화예술회관 팔공홀,2025-10-16,2025-10-16,396,2
PF288038,제234회 부산시립국악관현악단 정기연주회 [부산],한국음악(국악),부산문화회관 중극장,2026-04-23,2026-04-23,396,2
PF263063,실험실 콘서트 [춘천],서양음악(클래식),춘천문화예술회관 공연장,2025-05-03,2025-05-03,395,0
PF286720,"국립합창단, Classic Serenade [속초]",서양음악(클래식),속초문화예술회관 대공연장,2026-04-01,2026-04-01,395,0
PF276123,제181회 춘천시립교향악단 정기연주회 [춘천],서양음악(클래식),춘천문화예술회관 공연장,2025-11-14,2025-11-14,394,0
PF274164,제15회 김해 가야금축제 신진전: 숨결,한국음악(국악),김해문화의전당 누리홀,2025-09-24,2025-09-24,394,0
PF255214,"제10회 서산시립합창단 기획연주회, 마니피카트",서양음악(클래식),서산시문화회관 대공연장,2024-12-20,2024-12-20,394,1
PF253801,"대전시립교향악단, 마스터즈 시리즈12: 송년음악회 베토벤, 합창",서양음악(클래식),대전예술의전당 아트홀,2024-12-20,2024-12-20,393,0
PF253141,서울시향 실내악 시리즈 Ⅱ: 제임스 에네스,서양음악(클래식),세종문화회관 세종체임버홀,2025-06-28,2025-06-28,393,0
PF233373,"전남도립국악단, 고 김대중 전 대통령 탄신 100주년 기념공연: 인동초의 봄",한국음악(국악),남도소리울림터,2024-01-06,2024-01-06,393,0
PF262835,김성녀의 마당놀이: 심청이와 춘향이가 온다 [연천],연극,연천수레울아트홀 대공연장,2025-05-17,2025-05-17,392,0
PF269591,"대구국제금관·타악페스티벌, 대구시립교향악단 (08.21)",서양음악(클래식),대구콘서트하우스 그랜드홀 (대공연장) ,2025-08-21,2025-08-21,392,1
PF259898,판타스틱 애니멀즈 [인천],서양음악(클래식),인천학생교육문화회관 싸리재홀(대공연장),2025-03-08,2025-03-08,392,0
PF254003,완창판소리 (5월),한국음악(국악),국립극장 하늘극장,2025-05-17,2025-05-17,391,2
PF234531,대전시립교향악단 마스터즈 시리즈 3: 라벨 다프니스와 클로에 모음곡 제2번,서양음악(클래식),대전예술의전당 아트홀,2024-03-08,2024-03-08,391,1
PF266842,"대전시립교향악단 마스터즈 시리즈6, 브루크너 교향곡 제3번",서양음악(클래식),대전예술의전당 아트홀,2025-07-04,2025-07-04,391,0
PF265073,"부천시립예술단 1234 콘서트, 부천시립합창단: 계절과 합창 - 한국가곡",서양음악(클래식),부천아트센터 콘서트홀,2025-09-18,2025-09-18,390,0
PF240283,제207회 포항시립교향악단 정기연주회: 온가족 음악 나들이,서양음악(클래식),포항문화예술회관 대공연장,2024-05-16,2024-05-16,390,0
PF249083,꿈의 아리아 [영등포],서양음악(클래식),영등포아트홀,2024-11-23,2024-11-23,389,1
PF257744,"광주시립교향악단, 체임버 시리즈 Ⅰ: Cello Moments",서양음악(클래식),국립아시아문화전당 극장2,2025-02-21,2025-02-21,389,0
PF272197,"제25회 SPAF, 바퀴를 두른 사람들",무용(서양/한국무용),대학로예술극장 대극장,2025-10-25,2025-10-26,389,0
PF276057,제38회 고양시립소년소녀합창단 정기연주회: 띵동 알림소리,서양음악(클래식),고양아람누리 아람음악당,2025-11-06,2025-11-06,388,0
PF259237,"제97회 과천시립여성합창단 정기연주회, 콰이어시리즈 1: New song & New action [과천]",서양음악(클래식),과천시민회관 대극장,2025-03-13,2025-03-13,388,0
PF216127,"오페라 하이라이트 페스타, 카르멘",서양음악(클래식),영등포아트홀,2023-06-25,2023-06-25,388,0
PF282605,제198회 대전시립연정국악단 정기공연: 신년음악회 [대전],한국음악(국악),대전시립연정국악원 큰마당,2026-01-23,2026-01-23,388,0
PF258725,"대전시립교향악단 마스터즈 시리즈3, 무소륵스키: 전람회의 그림 [대전]",서양음악(클래식),대전예술의전당 아트홀,2025-03-11,2025-03-11,388,0
PF258927,"광주시립교향악단, 체임버 시리즈 Ⅱ: Ignition",서양음악(클래식),국립아시아문화전당 극장2,2025-03-14,2025-03-14,388,0
PF237334,국립합창단의 흥겨운 합창여행 [김포],서양음악(클래식),김포아트홀,2024-04-12,2024-04-12,387,2
PF273751,"판타지 가족오페라, 물의 아이 [울산]",서양음악(클래식),울산중구문화의전당 함월홀 (2층) ,2025-10-25,2025-10-25,387,2
PF236360,제165회 대전시립합창단 정기연주회: 브루크너와 바그너,서양음악(클래식),대전예술의전당 아트홀,2024-04-12,2024-04-12,387,1
PF272194,"제25회 SPAF, 마일스톤: 삶의 이정표",복합,아르코예술극장 대극장,2025-11-06,2025-11-07,387,0
PF254001,완창판소리 (3월),한국음악(국악),국립극장 하늘극장,2025-03-22,2025-03-22,387,0
PF265399,제135회 목포시립교향악단 정기연주회 [목포],서양음악(클래식),목포문화예술회관,2025-06-19,2025-06-19,387,1
PF245799,"운수대통: 젊은 것들아, 잘봐라 우리도 할 수 있어 [밀양]",연극,밀양아리랑아트센터 대공연장,2024-08-24,2024-08-24,387,0
PF262121,대구시립합창단 스쿨콘서트 (04.09),서양음악(클래식),대구콘서트하우스 그랜드홀 (대공연장) ,2025-04-09,2025-04-09,386,2
PF287027,라 칼라스 [부산],서양음악(클래식),(재) 영화의전당 하늘연극장,2026-04-18,2026-04-18,386,0
PF240766,레오나르도 다빈치의 판타스틱 애니멀즈 [강진],서양음악(클래식),강진아트홀 대공연장,2024-05-11,2024-05-11,386,1
PF247942,"국립발레단 Fly Higher with KNB, 해설이 있는 전막발레 돈키호테 [창원]",무용(서양/한국무용),진해문화센터 (진해구민회관) 공연장,2024-10-01,2024-10-01,384,0
PF251549,신뺑파전 2 [여주],연극,세종국악당,2024-10-17,2024-10-17,384,0
PF268517,밀정리스트 [홍천],연극,홍천문화예술회관,2025-07-11,2025-07-12,384,0
PF283505,부산시립예술단 무장애 음악회: 화음,복합,부산문화회관 중극장,2026-01-28,2026-01-28,384,1
PF272134,스윙 어게인 [대전],무용(서양/한국무용),대전예술의전당 앙상블홀,2025-11-29,2025-11-29,383,0
PF279352,"국립창극단, 완창판소리 (5월)",한국음악(국악),국립극장 달오름극장,2026-05-09,2026-05-09,383,0
PF265963,"전남도립국악단 교류공연, 국악이음: 경기필하모닉오케스트라 [무안]",서양음악(클래식),남도소리울림터,2025-06-14,2025-06-14,383,0
PF239091,"울산시립합창단, 기획연주회: 합창으로 들려주는 창작 소리동화 고래의 모험",서양음악(클래식),울산문화예술회관 대공연장,2024-05-02,2024-05-02,383,0
PF263944,김성녀의 마당놀이: 심청이와 춘향이가 온다 [인천 중구],연극,인천학생교육문화회관 싸리재홀(대공연장),2025-05-10,2025-05-10,382,0
PF249374,"춘천시립합창단 특별공연, 춘천; 문학을 노래하다",서양음악(클래식),춘천문화예술회관 공연장,2024-10-23,2024-10-23,382,2
PF252640,국악 관현악 콘서트: Break out and fly #2 [목포],한국음악(국악),목포문화예술회관,2024-11-23,2024-11-23,382,1
PF254074,카운터테너 이동규 리사이틀: Dream Quilter 꿈을 누비는 자 [여주],서양음악(클래식),세종국악당,2024-12-21,2024-12-21,382,2
PF285426,제184회 춘천시립교향악단 정기연주회,서양음악(클래식),춘천문화예술회관 공연장,2026-03-20,2026-03-20,382,0
PF235424,제234회 울산시립교향악단 정기연주회: 고백,서양음악(클래식),울산문화예술회관 대공연장,2024-03-14,2024-03-14,382,1
PF236374,제130회 목포시립교향악단 정기연주회,서양음악(클래식),목포문화예술회관,2024-03-21,2024-03-21,381,1
PF261768,"부산시립국악관현악단 특별연주회, 국악 브런치 콘서트: 국악 살롱, Salon",한국음악(국악),부산문화회관 중극장,2025-04-23,2025-04-23,381,0
PF251446,"국립합창단, 전쟁 그리고 평화 [이천]",서양음악(클래식),이천아트홀 대공연장,2024-11-23,2024-11-23,381,0
PF254004,완창판소리 (6월),한국음악(국악),국립극장 하늘극장,2025-06-21,2025-06-21,381,0
PF269039,쪽빛황혼 [금산],연극,금산다락원 생명의집 대공연장,2025-07-24,2025-07-24,380,2
PF276209,"국립심포니콘서트오케스트라, 클래식 언박싱 시즌 2: What's in my orchestra [세종]",서양음악(클래식),세종예술의전당 대공연장,2025-11-02,2025-11-02,380,0
PF275096,이상한 나라의 꼭두 [나주],연극,나주문화예술회관,2025-10-14,2025-10-14,380,0
PF268577,DIVA [함양],뮤지컬,함양문화예술회관 대공연장,2025-07-19,2025-07-19,380,1
PF248817,지상의 여자들 [제주],연극,제주아트센터 대극장,2024-10-02,2024-10-03,380,0
PF259205,"제79회 부산시립극단 정기공연, 스타프로젝트: 오롯이 빛나는",연극,부산시민회관 소극장,2025-03-28,2025-03-29,379,2
PF269674,"제88회 대구시립무용단 정기공연, Dance Now Asia In Daegu [대구]",무용(서양/한국무용),대구문화예술회관 팔공홀,2025-08-22,2025-08-23,379,1
PF270072,병사 이야기 [광주],서양음악(클래식),서빛마루문화예술회관,2025-08-29,2025-08-30,378,1
PF263867,"제15회 서산시립합창단 정기연주회, 제31회 충청남도 장애인체육대회 성공기원 음악회: Great & Joy",서양음악(클래식),서산시문화회관 대공연장,2025-05-16,2025-05-16,378,0
PF261064,제189회 수원시립합창단 정기연주회 [수원],서양음악(클래식),수원SK아트리움 대공연장,2025-04-03,2025-04-03,378,2
PF264318,"제16회 대한민국 국공립극단페스티벌, 을화 [경주]",연극,경주예술의전당 소공연장(원화홀),2025-07-03,2025-07-04,377,0
PF271136,"울산시립청소년교향악단 기획공연, 영화 속 클래식 [울산]",서양음악(클래식),울산문화예술회관 소공연장,2025-09-20,2025-09-20,377,0
PF241892,제21회 남양주시립합창단 정기연주회: 모차르트 레퀴엠,서양음악(클래식),다산아트홀,2024-06-11,2024-06-11,377,0
PF242536,흥보마누라 이혼소송사건 [포항],한국음악(국악),포항시청 대잠홀,2024-08-09,2024-08-10,377,0
PF244310,바이올린 엑스트라바간자 (Violin Extravaganza) [광주],서양음악(클래식),빛고을시민문화관 공연장,2024-08-17,2024-08-17,376,0
PF252474,제23회 김제시립합창단 정기연주회: 어느 좋은 날의 하모니 [김제],서양음악(클래식),김제문화예술회관 대공연장,2024-11-08,2024-11-08,376,0
PF240745,"중구소년소녀합창단 기획연주회, 소금꽃 [울산]",서양음악(클래식),울산중구문화의전당 함월홀 (2층) ,2024-05-25,2024-05-25,376,0
PF261904,국립심포니오케스트라 with 홍석원 & 카미유 토마 [세종],서양음악(클래식),세종예술의전당 대공연장,2025-06-12,2025-06-12,376,0
PF252566,"부산시립청소년교향악단 예술교육공연, 재밌는 클래식 맛있는 클래식",서양음악(클래식),부산시민회관 대극장,2024-10-30,2024-10-30,375,1
PF247682,악단광칠 콘서트: 매우 춰라! [울산],한국음악(국악),서울주문화센터 공연장,2024-09-10,2024-09-10,375,0
PF238093,"남양주시립합창단 오페라 축제, 푸치니 라 보엠",서양음악(클래식),다산아트홀,2024-04-05,2024-04-05,375,0
PF238087,"남양주시립합창단 오페라 축제, 도니제티 사랑의 묘약",서양음악(클래식),다산아트홀,2024-04-04,2024-04-04,375,0
PF244361,마술피리: 희망의 메아리 [상주],서양음악(클래식),상주문화회관 대공연장,2024-07-20,2024-07-20,375,0
PF246827,뉴서울필하모닉의 브람스 & 라흐마니노프 [전주],서양음악(클래식),한국소리문화의전당 모악당,2024-09-20,2024-09-20,375,0
PF263917,제216회 포항시립교향악단 정기연주회: 프렌치 토스트와 에스프레소,서양음악(클래식),포항문화예술회관 대공연장,2025-05-15,2025-05-15,374,0
PF252898,국립오페라단과 함께하는 오페라 갈라 콘서트 [여주],서양음악(클래식),세종국악당,2024-12-14,2024-12-14,374,1
PF236567,제197회 공주시충남교향악단 정기연주회: 리츠 & 쇼스타코비치,서양음악(클래식),공주문예회관 대공연장,2024-04-03,2024-04-03,374,0
PF254576,제215회 대구시립국악단 정기연주회: 명인과 함께 달구벌을 수놓다,한국음악(국악),대구문화예술회관 팔공홀,2024-12-19,2024-12-19,374,0
PF263048,김성녀 마당놀이: 심청이와 춘향이가 온다 [여주],연극,세종국악당,2025-05-25,2025-05-25,374,0
PF251409,"부산시향과 함께 걷다, 세계 클래식 음악 산책: 아메리카",서양음악(클래식),부산문화회관 중극장,2025-03-25,2025-03-25,374,0
PF275502,"대한민국은 공연중, 뉴서울필하모닉의 천상의 손끝, 거장의 선율 [홍성]",서양음악(클래식),홍주문화회관 대공연장,2025-10-25,2025-10-25,374,0
PF278808,"제86회 대전시립청소년합창단 정기연주회: 파란 겨울, 빨간 크리스마스",서양음악(클래식),대전시립연정국악원 큰마당,2025-12-13,2025-12-13,374,0
PF289444,"어린이날 기획공연: 중섭, 빛깔 있는 꿈",연극,국립국악원 풍류사랑방,2026-05-03,2026-05-05,374,0
PF263509,"광주시립창극단 특별기획공연 천변만화, 열어볼 결심",한국음악(국악),광주 예술의 전당 소극장,2025-05-23,2025-05-23,374,2
PF290357,신뺑파전 [김제],연극,김제문화예술회관 대공연장,2026-05-15,2026-05-15,373,0
PF263486,"제46회 울산시립청소년교향악단 정기연주회, 전원",서양음악(클래식),울산문화예술회관 소공연장,2025-05-24,2025-05-24,373,0
PF241380,제35회 고양시립소년소녀합창단 정기연주회,서양음악(클래식),고양아람누리 아람음악당,2024-06-12,2024-06-12,373,2
PF249313,제95회 천안시립합창단 정기연주회 [천안],서양음악(클래식),천안예술의전당 대공연장,2024-10-17,2024-10-17,373,1
PF276362,"강원특별자치도립무용단 기획공연, 오르페우스 [춘천]",한국음악(국악),춘천문화예술회관 공연장,2025-10-31,2025-10-31,373,0
PF262269,"대전시립교향악단 디스커버리 시리즈 3, 영유아를 위한 음악회: 걸음마 콘서트",서양음악(클래식),대전예술의전당 연습실 (1F) ,2025-04-29,2025-04-30,372,0
PF289675,과천시립교향악단 실내악시리즈 1. 20세기의 로맨티시즘 [과천],서양음악(클래식),과천시민회관 소극장,2026-06-04,2026-06-04,372,0
PF288547,그놈은 예뻤다 [장흥],연극,장흥문화예술회관 대공연장,2026-04-16,2026-04-16,372,0
PF273795,Chaos Ⅱ & 그들의 논쟁 [성남아트리움],무용(서양/한국무용),성남아트리움 (구. 성남시민회관) 대극장,2025-10-25,2025-10-25,372,2
PF278221,국립심포니오케스트라 아카데미 SYMPHONY & CLARINET: 가을 클래식 [부여],서양음악(클래식),국립부여박물관 사비마루,2025-11-29,2025-11-29,372,0
PF272992,"하슬라국제예술제, 이어지는 선물",서양음악(클래식),강릉아트센터 (구. 강릉문화예술관) 사임당홀 (대공연장) ,2025-10-26,2025-10-26,371,0
PF262081,매우 춰라! [인천],한국음악(국악),부평아트센터 해누리극장,2025-06-13,2025-06-13,371,0
PF274350,"서초문화재단 & 서초교향악단 공동기획, 모차르트 피아노 협주곡 전곡 시리즈 2",서양음악(클래식),반포심산아트홀,2025-12-18,2025-12-18,371,1
PF240783,제291회 수원시립교향악단 정기연주회,서양음악(클래식),수원SK아트리움 대공연장,2024-05-31,2024-05-31,371,1
PF250637,제293회 수원시립교향악단 정기연주회,서양음악(클래식),수원SK아트리움 대공연장,2024-10-29,2024-10-29,370,1
PF273046,"국립발레단 Fly Higher with KNB, 해설이 있는 전막발레 해적 [태백]",무용(서양/한국무용),태백문화예술회관 대공연장,2025-09-28,2025-09-28,370,0
PF269806,"국립무용단, 사자의 서 [밀양]",무용(서양/한국무용),밀양아리랑아트센터 대공연장,2025-08-23,2025-08-23,370,2
PF259175,"제912회 전남도립국악단 토요가무악희 시즌1, 그린국악: 모란이 피기까지는",한국음악(국악),남도소리울림터,2025-03-01,2025-03-01,370,0
PF250948,"ACC 난생처음 시리즈, 강강숲에 떨어진 달님",한국음악(국악),국립아시아문화전당 어린이극장,2024-11-01,2024-11-02,370,0
PF260219,제214회 포항시립교향악단 정기연주회: 마이웨이,서양음악(클래식),포항문화예술회관 대공연장,2025-03-20,2025-03-20,370,0
PF264687,김성녀의 마당놀이: 심청이와 춘향이가 온다 [용인],연극,용인시문화예술회관 처인홀,2025-05-31,2025-05-31,369,0
PF277071,"제3회 화성시 오케스트라 정기연주회: 교향, 숲의 서사 [화성]",서양음악(클래식),반석아트홀,2025-11-19,2025-11-19,369,0
PF289276,"남동문화재단 N-Pick, 국립합창단: 클래식 세레나데 [인천]",서양음악(클래식),남동소래아트홀 소래극장 (대공연장) ,2026-05-16,2026-05-16,369,0
PF243514,헤비메탈 걸스 [정선],연극,정선아리랑센터 아리랑홀,2024-07-10,2024-07-10,369,1
PF258493,제122회 춘천시립합창단 정기연주회,서양음악(클래식),춘천문화예술회관 공연장,2025-03-06,2025-03-06,369,1
PF243513,"H-클래식 피콜로 오페라 페스티벌, 라 트라비아타",서양음악(클래식),해운대문화회관 해운홀,2024-07-19,2024-07-19,368,1
PF272868,"리: 바운드 축제, 날 좀 보소",한국음악(국악),예술의전당 [서울] 자유소극장,2025-11-02,2025-11-02,367,0
PF280145,"국립극단 청년교육단원 연극제, 어떤 연극: 금조 이야기",연극,국립정동극장 세실 (구.세실극장),2025-12-18,2025-12-19,367,2
PF253142,서울시향 실내악 시리즈 Ⅰ: 알반 게르하르트,서양음악(클래식),세종문화회관 세종체임버홀,2025-03-29,2025-03-29,367,0
PF279764,"제202회 광주시립합창단 정기연주회: 바로크의 거장, 비발디와 헨델을 만나다",서양음악(클래식),광주 예술의 전당 소극장,2025-12-18,2025-12-18,366,0
PF271072,In search of PARADISE: 낙원을 찾아서 [당진],무용(서양/한국무용),당진문예의전당 대공연장,2025-09-13,2025-09-13,366,0
PF254700,광주예술의전당 발레교실 작품발표회,무용(서양/한국무용),광주 예술의 전당 소극장,2024-12-03,2024-12-03,366,2
PF254775,비비몽 [부산],한국음악(국악),국립부산국악원 연악당,2024-12-27,2024-12-28,366,1
PF274569,"QUAD CHOICE X SPAF, asses.masses: 당나귀들의 반란",연극,서울문화재단 대학로극장 쿼드 (예술청) 대학로극장 쿼드 (예술청) ,2025-11-08,2025-11-09,365,0
PF266593,"국립오페라단, 잔니 스키키 [대전]",서양음악(클래식),대전예술의전당 앙상블홀,2025-08-29,2025-08-29,365,0
PF263682,"전남도립국악단 어린이날 특집공연: 푸르른 오월, 꿈을 달다 [무안]",한국음악(국악),남도소리울림터,2025-05-03,2025-05-03,365,0
PF253040,제143회 광주시립소년소녀합창단 정기공연: 나를 노래해,뮤지컬,광주 예술의 전당 대극장,2024-11-30,2024-11-30,365,0
PF244835,동치미 [논산],연극,논산아트센터(구. 논산문화예술회관) 대공연장,2024-07-26,2024-07-27,365,2
PF285930,제147회 광주시립소년소녀합창단 정기공연: 미라클 (Miracle),뮤지컬,광주 예술의 전당 소극장,2026-04-04,2026-04-04,365,0
PF245208,종이꽃밭: 두할망본풀이 [진주],한국음악(국악),경상남도문화예술회관 대공연장,2024-12-07,2024-12-07,364,0
PF280144,"국립극단 청년교육단원 연극제, 어떤 연극: 전화벨이 울린다",연극,국립정동극장 세실 (구.세실극장),2025-12-22,2025-12-23,364,2
PF234776,한걸음 먼저 맞이하는 속초의 봄 WITH 강릉시립교향악단,서양음악(클래식),속초문화예술회관 대공연장,2024-02-16,2024-02-16,364,1
PF251956,"부산시립청소년교향악단 예술교육공연, 재밌는 클래식 맛있는 클래식",서양음악(클래식),부산문화회관 중극장,2024-10-22,2024-10-22,364,1
PF266840,"제4회 파주시립소년소녀합창단 기획연주회, 세 가지 빛깔 하나의 마음",서양음악(클래식),파주운정행복센터 공연장,2025-06-21,2025-06-21,364,0
PF250251,엄마를 찾아 떠나는 아리의 모험 [영광],한국음악(국악),영광예술의전당 대공연장,2024-10-24,2024-10-24,363,0
PF247308,이단자들 [구미],연극,구미시문화예술회관 소공연장,2024-10-18,2024-10-19,363,0
PF219710,평롱(平弄): 그 평안한 떨림 [고성],한국음악(국악),고성공룡시장 공영주차장,2023-06-09,2023-06-10,363,1
PF268005,숲속음악대 덩따쿵 [서산],한국음악(국악),서산시문화회관 대공연장,2025-07-05,2025-07-05,363,0
PF253478,제32회 인천서구립합창단 정기연주회,서양음악(클래식),청라복합문화센터 블루노바홀 공연장,2024-11-21,2024-11-21,363,0
PF260544,디토오케스트라와 함께하는 바흐학개론 [여주],서양음악(클래식),세종국악당,2024-10-28,2024-10-28,363,0
PF279417,광주시립창극단 특별기획공연: 열어볼 결심,한국음악(국악),광주 예술의 전당 소극장,2025-12-12,2025-12-12,363,2
PF264053,"대구시립합창단 기획연주, 오월 음악회: 춘하야 오월아 놀~자 [대구]",서양음악(클래식),대구콘서트하우스 그랜드홀 (대공연장) ,2025-05-15,2025-05-15,363,1
PF242253,여자야 여자야 [구미],무용(서양/한국무용),구미시문화예술회관 대공연장,2024-07-27,2024-07-27,362,0
PF272249,제136회 목포시립교향악단 정기연주회: 현대음악의 밤,서양음악(클래식),목포시민문화체육센터 대공연장,2025-09-04,2025-09-04,362,0
PF278334,"송년음악회: 뉴서울필하모닉의 천상의 손끝, 거장의 선율 [인천]",서양음악(클래식),인천서구문화회관 대공연장,2025-12-05,2025-12-05,362,0
PF270449,베로나의 두 신사 [여주],연극,세종국악당,2025-09-06,2025-09-06,362,0
PF276548,광주예술의전당 발레교실 작품발표회,무용(서양/한국무용),광주 예술의 전당 소극장,2025-11-01,2025-11-01,361,2
PF236112,제85회 대구시립무용단 정기공연: 댄스커넥션 이스트 X 웨스트,무용(서양/한국무용),대구문화예술회관 팔공홀,2024-04-05,2024-04-06,361,0
PF231987,"부천시립합창단 신춘음악회, 합창으로 듣는 시인의 사랑",서양음악(클래식),부천아트센터 콘서트홀,2024-03-28,2024-03-28,361,1
PF263939,"제49회 울산시립무용단 정기공연: 파도를 기다리는 사람들, 서퍼 [울산]",무용(서양/한국무용),울산문화예술회관 대공연장,2025-06-27,2025-06-27,361,2
PF269623,"국립창극단, 완창판소리 (10월)",한국음악(국악),국립극장 달오름극장,2025-10-11,2025-10-11,361,1
PF279811,"국립극단 청년교육단원 연극제, 어떤 연극: 죽음들",연극,국립정동극장 세실 (구.세실극장),2025-12-25,2025-12-26,361,2
PF269233,"남양주시립합창단, 클래식 세계여행: 바로크 음악이야기 Ⅰ",서양음악(클래식),다산아트홀,2025-07-24,2025-07-24,360,0
PF263844,록산느를 위한 발라드 [광명],연극,광명시민회관 대공연장,2025-05-30,2025-05-31,360,1
PF248221,"월드오케스트라페스티벌, 광주시립교향악단 [대구]",서양음악(클래식),대구콘서트하우스 그랜드홀 (대공연장) ,2024-10-24,2024-10-24,360,0
PF250905,"남양주시립합창단, 해설이 있는 음악회: 합창으로 듣는 뮤지컬",서양음악(클래식),정약용도서관,2024-10-22,2024-10-22,360,0
PF249048,"남양주시립합창단, 클래식 세계여행: 아름다운 Waltz",서양음악(클래식),다산아트홀,2024-09-26,2024-09-26,360,0
PF278458,생텍쥐페리 [해남],뮤지컬,해남문화예술회관 대공연장,2025-11-28,2025-11-28,359,2
PF281355,강릉시립합창단 특별기획연주: 송년가족음악회,서양음악(클래식),강릉아트센터 (구. 강릉문화예술관) 소공연장,2025-12-30,2025-12-30,359,0
PF244296,"울산시립청소년교향악단 기획연주회, 솔리스트 음악회 [울산]",서양음악(클래식),울산문화예술회관 소공연장,2024-07-20,2024-07-20,359,0
PF245553,김덕수와 앙상블 시나위 콘서트: COSMIC SINAWI [거제],한국음악(국악),거제문화예술회관 소극장,2024-09-07,2024-09-07,359,0
PF255789,"남양주시립합창단, 클래식 세계여행: 우리들의 크리스마스",서양음악(클래식),정약용도서관,2024-12-26,2024-12-26,359,0
PF249966,"남양주시립합창단, 클래식 세계여행: 천지창조",서양음악(클래식),다산아트홀,2024-10-10,2024-10-10,359,0
PF237212,"남양주시립합창단, 클래식 세계여행: 모차르트 대관식 미사 그리고 슈베르트, 비발디",서양음악(클래식),다산아트홀,2024-03-21,2024-03-21,358,0
PF277806,"국립심포니콘서트오케스트라: 드보르자크, 교향곡 8번 [세종]",서양음악(클래식),세종예술의전당 대공연장,2025-11-25,2025-11-25,358,2
PF241578,"국립국악원 창작악단, 관현악-축제 [울진]",한국음악(국악),울진문화예술회관,2024-06-20,2024-06-20,358,0
PF274282,뉴서울필하모닉의 천상의 손끝 거장의 선율 [홍천],서양음악(클래식),홍천문화예술회관,2025-10-23,2025-10-23,357,0
PF249152,"제197회 광주시립합창단 정기연주회, The KISS",서양음악(클래식),광주 예술의 전당 소극장,2024-10-18,2024-10-18,357,0
PF247958,속살: 숨겨둔 진실 [고창],연극,고창문화의전당 공연장,2024-09-04,2024-09-05,356,0
PF236384,광주시립교향악단 GSO 체임버 시리즈 Ⅲ,서양음악(클래식),광주 예술의 전당 소극장,2024-04-12,2024-04-12,356,2
PF234264,"공주시충남교향악단, 발렌타인 콘서트: 사랑의 고백",서양음악(클래식),공주문예회관 대공연장,2024-02-14,2024-02-14,356,0
PF236258,제212회 대구시립국악단 정기연주회: 전통의 맥,한국음악(국악),대구문화예술회관 팔공홀,2024-03-21,2024-03-21,356,1
PF281361,공주시충남교향악단 신년음악회 New Year‘s Concert,서양음악(클래식),공주문예회관 대공연장,2026-01-08,2026-01-08,356,0
PF234748,"부산시립국악관현악단 특별연주회, 국악 브런치 콘서트: 국악 살롱, Salon",한국음악(국악),부산문화회관 중극장,2024-02-27,2024-02-27,355,0
PF246272,이부산의 타의 향 [수원],한국음악(국악),수원SK아트리움 대공연장,2024-08-30,2024-08-31,355,1
PF240659,"부산시립합창단 예술교육공연, 교실 밖 합창여행",서양음악(클래식),부산시민회관 소극장,2024-06-05,2024-06-05,355,2
PF276856,제33회 인천서구립합창단 정기연주회: Seasons of Love,서양음악(클래식),인천서구문화회관 대공연장,2025-11-08,2025-11-08,354,1
PF243147,"남동문화재단 기획공연 스포트라이트 Q, 템플 [인천]",연극,남동소래아트홀 소래극장 (대공연장) ,2024-07-19,2024-07-20,354,0
PF243858,"제196회 광주시립합창단 정기연주회, 여름밤의 휴식",서양음악(클래식),광주 예술의 전당 소극장,2024-07-19,2024-07-19,354,1
PF261415,"BCC 클래식 1, Star & String [부산]",서양음악(클래식),(재) 영화의전당 하늘연극장,2025-04-19,2025-04-19,354,0
PF240749,거제옥포대첩축제기념 거제필하모닉 오케스트라 Classic Concert,서양음악(클래식),거제문화예술회관 소극장,2024-06-03,2024-06-03,353,0
PF264802,매우 춰라! [보성],한국음악(국악),보성군문화예술회관,2025-06-20,2025-06-20,353,0
PF246248,유쾌한 하녀 마리사 [창녕],연극,창녕문화예술회관 대공연장,2024-09-05,2024-09-05,353,0
PF261282,"사물놀이 몰개, 길: The Way [충주]",한국음악(국악),충주시문화회관,2025-04-11,2025-04-11,353,0
PF247301,반쪽이전 [영광],뮤지컬,영광예술의전당 대공연장,2024-08-29,2024-08-29,352,0
PF247079,김성녀의 마당놀이: 심청이와 춘향이가 온다! [보령],연극,보령문화예술회관 대공연장,2024-08-23,2024-08-23,352,0
PF253154,"제96회 과천시립여성합창단 콰이어시리즈 4, 겨울을 찾아온 여성합창",서양음악(클래식),과천시민회관 대극장,2024-11-28,2024-11-28,352,1
PF217043,회란기 [하남],연극,하남문화예술회관 아랑홀(소극장),2023-05-20,2023-05-20,352,0
PF257252,"부천시립예술단 1234 콘서트, 부천시립합창단: 악기와 합창음악",서양음악(클래식),부천아트센터 콘서트홀,2025-03-06,2025-03-06,352,2
PF265771,제68회 안산시립국악단 정기연주회 [안산],한국음악(국악),안산문화예술의전당 해돋이극장,2025-06-05,2025-06-05,351,1
PF243944,벽을 뚫고 나온 꽃 [과천],복합,과천시민회관 소극장,2024-07-20,2024-07-20,351,1
PF280132,"국립극단 청년교육단원 연극제: 어떤 연극, 말괄량이? 길들이기",연극,국립정동극장 세실 (구.세실극장),2025-12-15,2025-12-16,351,2
PF281675,"인천시립교향악단 기획연주회, 과정음악회 Ⅰ",서양음악(클래식),아트센터 인천 콘서트홀,2026-03-26,2026-03-26,351,1
PF236471,제141회 광주시립소년소녀합창단 정기공연: 봄의 여행,서양음악(클래식),광주 예술의 전당 소극장,2024-03-30,2024-03-30,351,0
PF251832,수상한 외갓집 [횡성],연극,횡성문화예술회관 대공연장,2024-11-20,2024-11-20,351,0
PF240420,"서울시향 퇴근길 토크 콘서트 Ⅰ, 과거와 미래의 교향곡: AI의 선율 ②",서양음악(클래식),대한성공회 서울주교좌성당,2024-05-30,2024-05-30,350,0
PF253169,우리가 사랑했던 그 날 [고창],뮤지컬,고창문화의전당 공연장,2024-11-14,2024-11-14,350,0
PF245567,비르투오소들의 조우 (遭遇) [광주],서양음악(클래식),빛고을시민문화관 공연장,2024-08-31,2024-08-31,350,0
PF265300,"대전시립무용단, 천년의 춤 [대전]",무용(서양/한국무용),대전시립연정국악원 큰마당,2025-06-28,2025-06-28,350,2
PF251103,"서울시향 퇴근길 토크 콘서트 Ⅲ: 고대 이집트, 음악으로 떠나는 시간 여행 ①",서양음악(클래식),대한성공회 서울주교좌성당,2024-11-14,2024-11-14,350,0
PF261755,서울시향 퇴근길 토크 콘서트 II: 식탁 위의 클래식 ①,서양음악(클래식),대한성공회 서울주교좌성당,2025-04-24,2025-04-24,350,0
PF243247,"서울시향 퇴근길 토크 콘서트 Ⅱ: 체코, 음악으로 여행하다 ①",서양음악(클래식),대한성공회 서울주교좌성당,2024-07-18,2024-07-18,350,0
PF244599,"제3회 파주시립소년소녀합창단 정기연주회, Harmony in the Wolrd",서양음악(클래식),파주운정행복센터 공연장,2024-07-27,2024-07-27,349,0
PF244668,앙상블 오푸스의 꿈꾸는 저녁 [강릉],서양음악(클래식),강릉아트센터 (구. 강릉문화예술관) 사임당홀 (대공연장) ,2024-08-13,2024-08-13,348,0
PF265525,"남동문화재단 스포트라이트, 피버 FEVER [인천 남동]",무용(서양/한국무용),남동소래아트홀 소래극장 (대공연장) ,2025-06-14,2025-06-14,348,0
PF288417,김영하 작가와 함께 떠나는 음악과 문학의 인문학 여행 [천안],서양음악(클래식),천안예술의전당 소공연장,2026-05-02,2026-05-02,347,0
PF239306,양희경의 달콤한 클래식 [칠곡],서양음악(클래식),칠곡군교육문화회관 대공연장,2024-05-02,2024-05-02,347,0
PF282863,오프닝 콘서트: 신세계교향곡 & 카르미나 부라나 [공주],서양음악(클래식),공주문예회관 대공연장,2026-02-12,2026-02-12,347,1
PF275425,놓cill 수 없는 국립예술단 모음.ZIP #6. 세계가 인정한 우리음악과 춤 [김포],한국음악(국악),김포아트홀,2025-10-31,2025-10-31,347,0
PF277196,돈의 신 (神) [보성],한국음악(국악),보성군문화예술회관,2025-11-06,2025-11-06,347,0
PF234473,광주시립교향악단 GSO 체임버 시리즈 Ⅰ,서양음악(클래식),광주 예술의 전당 소극장,2024-02-29,2024-02-29,346,2
PF233531,"제176회 원주시립교향악단, 제107회 원주시립합창단 정기연주회",서양음악(클래식),원주백운아트홀,2024-01-26,2024-01-26,346,0
PF287390,오늘도 극한직업 [원주],연극,원주치악예술관,2026-04-04,2026-04-04,346,2
PF252173,뉴서울필하모닉의 브람스 & 라흐마니노프 [거창],서양음악(클래식),거창문화센터 공연장,2024-10-29,2024-10-29,346,0
PF272872,"리: 바운드 축제, 비욘드 아리랑",연극,예술의전당 [서울] 자유소극장,2025-10-22,2025-10-23,346,1
PF264320,"공주시충남연정국악단, 걱정돼, 고마곰. 걱정 마 친구야",한국음악(국악),공주문예회관 대공연장,2025-05-17,2025-05-17,346,0
PF243693,스프레이 [울진],연극,울진문화예술회관,2024-07-18,2024-07-18,345,0
PF290679,남도천지밥 [나주],연극,나주문화예술회관,2026-05-15,2026-05-15,345,0
PF246717,혼돈 & 그들의 논쟁 [화성],무용(서양/한국무용),화성아트홀,2024-11-30,2024-11-30,345,0
PF277714,경셩유행가: 판을 나온 소리 [제주],한국음악(국악),제주문예회관 대극장,2025-11-14,2025-11-14,344,1
PF260287,올라비올라의 B to B [거창],서양음악(클래식),거창문화센터 공연장,2025-03-14,2025-03-14,344,0
PF270497,"대전시립교향악단 마스터즈 시리즈8, 프로코피예프 교향곡 제5번",서양음악(클래식),대전예술의전당 아트홀,2025-08-22,2025-08-22,343,1
PF272195,"제8회 중국희곡 낭독공연, 날개 달린 두약",연극,국립극단 [명동] 명동예술극장,2025-09-06,2025-09-07,342,0
PF264510,"두들팝 Ver.2, 폴리팝 [완주]",뮤지컬,완주향토예술문화회관 공연장,2025-06-14,2025-06-14,342,0
PF289782,"콘서트 인 북구 Ⅰ, 피아니스트 고희안의 Spring Holiday [광주]",대중음악,광주북구문화센터 (양산도서관) 공연장,2026-05-15,2026-05-15,341,1
PF254163,가난한 크리스마스 [춘천],연극,춘천인형극장 대극장,2024-12-07,2024-12-07,341,1
PF283448,창원시립교향악단과 함께하는 신년음악회 [거창],서양음악(클래식),거창문화센터 공연장,2026-01-23,2026-01-23,341,0
PF244396,제199회 공주시충남교향악단 정기연주회: 해피 투게더,서양음악(클래식),공주문예회관 대공연장,2024-08-22,2024-08-22,341,0
PF269091,"수원시립교향악단 기획연주회, 게임음악회: 카트라이더 [수원]",서양음악(클래식),수원SK아트리움 대공연장,2025-07-29,2025-07-29,341,1
PF273344,도립국악단과 함께하는 산불피해 극복을 위한 무한감동 연주회 [청송],한국음악(국악),청송문화예술회관 대공연장,2025-09-18,2025-09-18,341,1
PF244832,"남양주시립합창단, 클래식 세계여행: 장엄미사",서양음악(클래식),다산아트홀,2024-07-25,2024-07-25,340,0
PF240601,"부산시립합창단 예술교육공연, 교실 밖 합창여행 (10.02)",서양음악(클래식),부산문화회관 중극장,2024-10-02,2024-10-02,340,0
PF274768,"필하모니코리아, 클래식 마스터피스 [음성]",서양음악(클래식),음성문화예술회관 대공연장,2025-10-23,2025-10-23,340,0
PF238070,"부산시립교향악단 기획음악회, 실내악 시리즈 Ⅲ. Zoom-in 1",서양음악(클래식),부산문화회관 중극장,2024-05-24,2024-05-24,339,0
PF262238,"꼭두, 80일간의 세계일주 [대전]",연극,대전시립연정국악원 큰마당,2025-05-03,2025-05-03,339,2
PF248958,자라는 자라 [밀양],한국음악(국악),밀양아리랑아트센터 대공연장,2024-10-12,2024-10-12,339,0
PF277733,"제194회 포항시립연극단 정기공연: 광주리를 이고 나가시네요, 또",연극,포항시청 대잠홀,2025-12-04,2025-12-06,339,1
PF286056,NEW 망원동 브라더스 [충북 영동],연극,영동복합문화예술회관,2026-03-19,2026-03-19,339,0
PF250969,"일이관지, 예술로 꿰뚫다: 사제동행",한국음악(국악),국립국악원 풍류사랑방,2024-10-22,2024-10-24,338,0
PF250301,"제28회 안동시립합창단 정기공연: 미사탱고, 비발디 그리고 우리의 가을 이야기",서양음악(클래식),안동문화예술의전당 웅부홀,2024-10-22,2024-10-22,338,1
PF289624,신뺑파전 [장흥],연극,장흥문화예술회관 대공연장,2026-05-07,2026-05-07,337,0
PF282061,제208회 공주시충남교향악단 정기연주회: 목가적 전원,서양음악(클래식),공주문예회관 대공연장,2026-01-30,2026-01-30,337,0
PF252894,"제131회 경주시립극단 정기공연, 벚꽃동산",연극,경주예술의전당 소공연장(원화홀),2024-12-06,2024-12-07,337,0
PF259987,"제174회 대구시립합창단 정기연주회: 칸타타, 호모심비우스",서양음악(클래식),대구콘서트하우스 그랜드홀 (대공연장) ,2025-03-20,2025-03-20,337,0
PF265051,"국립심포니오케스트라, YOUNG & CLASSIC [제주 서귀포]",서양음악(클래식),서귀포예술의전당 대극장,2025-06-05,2025-06-05,337,0
PF261910,"포천반월아트홀 토요상설, 포천시립민속예술단",한국음악(국악),포천반월아트홀 소극장,2025-05-24,2025-09-27,336,2
PF277918,양촌리 러브스캔들 [구리],서양음악(클래식),구리아트홀 코스모스대극장,2025-11-14,2025-11-15,336,0
PF259412,제229회 부산시립국악관현악단 정기연주회 [부산],한국음악(국악),부산문화회관 대극장,2025-03-27,2025-03-27,336,2
PF273913,"남양주시립합창단, 클래식 세계여행: 오페라 속 사랑이야기 2",서양음악(클래식),다산아트홀,2025-09-25,2025-09-25,336,0
PF278183,돈키호테 [김제],무용(서양/한국무용),김제문화예술회관 대공연장,2025-11-14,2025-11-14,336,0
PF248758,"광주시립극단, 출장 연극 시리즈 1: 오스카와 장미할머니 [예술의전당 [광주] ]",연극,광주 예술의 전당 소극장,2024-10-03,2024-10-03,335,1
PF231990,부천시립합창단 아침의 콘서트: 영화와 합창음악,서양음악(클래식),부천아트센터 콘서트홀,2024-03-12,2024-03-12,335,0
PF266647,아는 사람 되기 [광주],연극,서빛마루문화예술회관,2025-07-05,2025-07-05,334,1
PF278595,"서울시합창단, 가곡시대 [부산]",서양음악(클래식),부산콘서트홀 챔버홀,2025-11-22,2025-11-22,334,2
PF290796,브레멘 음악대 [보령],서양음악(클래식),보령문화예술회관 대공연장,2026-05-16,2026-05-16,334,2
PF254186,제26회 통영시립소년소녀합창단 정기연주회,서양음악(클래식),통영국제음악당 콘서트홀,2024-11-19,2024-11-19,334,1
PF271502,관.조. (觀.照.) : 나를 비추어 보다,한국음악(국악),국립국악원 풍류사랑방,2025-09-16,2025-09-18,334,1
PF237862,광주시립교향악단 GSO 체임버 시리즈 Ⅳ,서양음악(클래식),광주 예술의 전당 소극장,2024-05-09,2024-05-09,334,2
PF268113,"국립오페라단, 박쥐 렉처콘서트 [울산]",서양음악(클래식),울산문화예술회관 소공연장,2025-07-18,2025-07-18,333,0
PF234793,광주시립교향악단 GSO 체임버 시리즈 Ⅱ,서양음악(클래식),광주 예술의 전당 소극장,2024-03-13,2024-03-13,333,1
PF231991,부천시립합창단 아침의 콘서트: 오르간과 합창음악,서양음악(클래식),부천아트센터 콘서트홀,2024-05-09,2024-05-09,333,0
PF251435,"부산시향과 함께 걷다, 세계 클래식 음악 산책: 마티네, 프랑스",서양음악(클래식),부산문화회관 중극장,2025-08-29,2025-08-29,332,0
PF265726,"제196회 대전시립연정국악단 정기공연, 한국무용의 밤: 망향의 춤",무용(서양/한국무용),대전시립연정국악원 큰마당,2025-06-20,2025-06-20,332,1
PF286268,"서초문화재단 & 서초교향악단 공동기획, 모차르트 피아노 협주곡 전곡 시리즈 4",서양음악(클래식),반포심산아트홀,2026-03-26,2026-03-26,332,1
PF266436,거인의 정원 [함양],무용(서양/한국무용),함양문화예술회관 대공연장,2025-06-20,2025-06-20,332,1
PF264383,"제16회 대한민국 국공립극단페스티벌, 푸르른 날에 [경주]",연극,경주예술의전당 대공연장(화랑홀),2025-07-19,2025-07-19,332,0
PF234308,"인천시립교향악단 기획연주회, 챔버뮤직 시리즈 Ⅰ",서양음악(클래식),아트센터 인천 다목적홀,2024-02-23,2024-02-23,331,0
PF252419,대단한 놀이판: 오늘의 광대 [영광],한국음악(국악),영광예술의전당 대공연장,2024-11-07,2024-11-07,330,0
PF243259,앙상블 오푸스의 꿈꾸는 저녁 [익산],서양음악(클래식),익산예술의전당 대공연장,2024-07-05,2024-07-05,330,0
PF260402,춘천시립합창단 정기회원을 위한 음악회: 낭만 합창의 울림,서양음악(클래식),춘천문화예술회관 공연장,2025-04-03,2025-04-03,330,0
PF284829,돈의 신: 神 [춘천],한국음악(국악),춘천문화예술회관 공연장,2026-06-20,2026-06-20,330,0
PF267170,몬드리안: 더 라인 오브 옵세션 [익산],무용(서양/한국무용),익산예술의전당 대공연장,2025-08-02,2025-08-02,330,0
PF278128,"바람, 다녀가셔요 [영천]",연극,영천시민회관 스타홀,2025-11-21,2025-11-21,330,1
PF248733,"대전시립무용단, 한국 춤! 거장들과 함께하는 천년의 춤 [대전]",무용(서양/한국무용),대전시립연정국악원 큰마당,2024-10-12,2024-10-12,329,0
PF276039,제30회 안동시립합창단 정기연주회: 슈베르트 겨울나그네,서양음악(클래식),안동문화예술의전당 웅부홀,2025-11-28,2025-11-28,329,1
PF232041,"부천시립합창단 기획연주회, 너에게로 가는 길",서양음악(클래식),부천아트센터 콘서트홀,2024-04-25,2024-04-25,328,0
PF222566,슬리핑 뷰티 [포항],무용(서양/한국무용),포항시청 대잠홀,2023-09-01,2023-09-02,327,2
PF272215,"제8회 중국희곡 낭독공연, 현실동화",연극,국립극단 [명동] 명동예술극장,2025-09-05,2025-09-06,327,1
PF216959,친절한 돼지씨 [인천],한국음악(국악),청라복합문화센터 블루노바홀 공연장,2023-05-26,2023-05-26,327,2
PF253462,"정읍시립국악단 기획공연, 필름콘서트: 세기의 로맨스",한국음악(국악),정읍사예술회관,2024-11-14,2024-11-14,325,1
PF255240,"서울시립교향악단, 우리동네 음악회",서양음악(클래식),성북미디어문화마루 꿈빛극장,2024-12-03,2024-12-03,324,1
PF266421,"광주시립극단 기획공연 출장연극시리즈 2, 리보와 앤 [광주 국립아시아문화전당]",연극,국립아시아문화전당 극장2,2025-06-29,2025-06-29,324,1
PF287149,광주북구문화센터 특별기획 #1. 한웅원밴들 X 유태평양: 그루브 in 판소리 [광주 북구],복합,광주북구문화센터 (양산도서관) 공연장,2026-04-03,2026-04-03,324,0
PF245549,완창판소리 (9월),한국음악(국악),국립극장 달오름극장,2024-09-21,2024-09-21,323,0
PF267518,"광주시립창극단 교류공연, 천변만화 & 전남도립국악단, 국악이음 [광주]",한국음악(국악),광주 예술의 전당 소극장,2025-07-05,2025-07-05,323,0
PF259204,"제79회 부산시립극단 정기공연, 스타프로젝트: 초월자",연극,부산시민회관 소극장,2025-04-04,2025-04-05,323,0
PF279459,제174회 대전시립합창단 정기연주회: 크리스마스 오라토리오 [대전],서양음악(클래식),대전시립연정국악원 큰마당,2025-12-11,2025-12-11,323,0
PF242629,"제15회 대한민국 국공립극단 페스티벌, 어둠상자 [경주]",연극,경주예술의전당 대공연장(화랑홀),2024-08-01,2024-08-01,323,0
PF262108,"국립현대무용단, 얍! 얍! 얍! [포항]",무용(서양/한국무용),포항시청 대잠홀,2025-06-28,2025-06-28,322,0
PF262625,"제63회 거제옥포대첩축제 기념공연, 국립합창단: 전쟁 그리고 평화 [거제]",서양음악(클래식),거제문화예술회관 대극장,2025-06-12,2025-06-12,322,0
PF221738,실험실 콘서트 [익산],서양음악(클래식),익산예술의전당 대공연장,2023-09-02,2023-09-02,322,2
PF274329,"국립창극단: 토선생, 용궁가다 [포천]",한국음악(국악),포천반월아트홀 대극장,2025-10-17,2025-10-18,322,0
PF289040,광주시립창극단 기획공연: 천변만화 (04.29),한국음악(국악),광주 예술의 전당 소극장,2026-04-29,2026-04-29,322,0
PF275512,"제232회 부산시립국악관현악단 정기연주회, 창작 위촉곡 시리즈 IV. 부산 국악작곡 콩쿠르",한국음악(국악),부산문화회관 중극장,2025-10-28,2025-10-28,322,1
PF248211,"월드오케스트라페스티벌, 대구시립국악단 [대구]",한국음악(국악),대구콘서트하우스 그랜드홀 (대공연장) ,2024-11-19,2024-11-19,321,0
PF241081,우리가 사랑했던 그날 [인제],뮤지컬,인제하늘내린센터 대공연장,2024-05-25,2024-05-25,321,1
PF270679,"남양주시립합창단, 상상더이상 음악회 [남양주] (8월)",서양음악(클래식),정약용도서관,2025-08-12,2025-08-12,321,0
PF279551,제197회 원주시립교향악단 정기연주회 ＋ 제116회 원주시립합창단 정기연주회: 부활,서양음악(클래식),원주백운아트홀,2025-12-11,2025-12-12,320,0
PF287473,슈퍼거북 슈퍼토끼 [연천],뮤지컬,연천수레울아트홀 대공연장,2026-04-22,2026-04-22,320,0
PF246905,밀정리스트 [연천],연극,연천수레울아트홀 대공연장,2024-09-28,2024-09-28,320,0
PF258642,"대전시립연정국악단, 토요국악 (03.08)",한국음악(국악),대전시립연정국악원 작은마당,2025-03-08,2025-03-08,320,0
PF243261,"서울시향 퇴근길 토크 콘서트 Ⅱ: 체코, 음악으로 여행하다 ②",서양음악(클래식),경동교회,2024-07-19,2024-07-19,320,0
PF240275,"남양주시립합창단, 해설이 있는 음악회",서양음악(클래식),다산아트홀,2024-05-14,2024-05-14,320,1
PF258332,서울시향 퇴근길 토크 콘서트 Ⅰ: 동갑내기가 꽃피운 바로크 ②,서양음악(클래식),경동교회,2025-03-21,2025-03-21,320,0
PF263532,제130회 울산시립합창단 정기연주회: 청년들이여! 함께 노래해요 [울산],서양음악(클래식),울산문화예술회관 대공연장,2025-05-22,2025-05-22,319,0
PF243047,실험실 콘서트 [이천],서양음악(클래식),이천아트홀 소공연장,2024-08-31,2024-08-31,319,0
PF276175,돈의 신 (神) [당진],한국음악(국악),당진문예의전당 대공연장,2025-11-21,2025-11-21,318,1
PF259769,"대전시립연정국악단, 토요국악 (03.22)",한국음악(국악),대전시립연정국악원 작은마당,2025-03-22,2025-03-22,318,0
PF258212,제188회 원주시립교향악단 정기연주회 [원주],서양음악(클래식),원주백운아트홀,2025-03-13,2025-03-13,317,0
PF289417,"앤서니 브라운, 우리가족 [아산]",뮤지컬,도고아트홀(구.아산 코미디홀),2026-05-03,2026-05-03,317,0
PF248269,"부산시립교향악단 기획음악회, 실내악시리즈 Ⅳ. Zoom-in 2: 러시안 로망스",서양음악(클래식),부산문화회관 챔버홀,2024-10-11,2024-10-11,317,0
PF264324,"제16회 대한민국 국공립극단페스티벌, 오거리 사진관 [경주]",연극,경주예술의전당 소공연장(원화홀),2025-07-31,2025-07-31,316,0
PF275724,제194회 원주시립교향악단 정기연주회 [원주],서양음악(클래식),원주백운아트홀,2025-10-30,2025-10-30,316,1
PF257601,"안동국제합창축제, 안동시립합창단: 하이든, 천지창조",서양음악(클래식),안동문화예술의전당 웅부홀,2025-02-21,2025-02-21,316,0
PF267645,앙상블오푸스: 열정과 서정 사이 [목포],서양음악(클래식),목포문화예술회관,2025-07-05,2025-07-05,315,0
PF269831,페페의 꿈 [완주],뮤지컬,완주향토예술문화회관 공연장,2025-08-08,2025-08-08,315,0
PF290436,"이금희와 함께하는 오후 2시 다정한 클래식: 봄날의 하루, 다문화 음악여행 (5월) [포천]",서양음악(클래식),포천반월아트홀 대극장,2026-05-30,2026-05-30,315,0
PF245542,완창판소리 (10월),한국음악(국악),국립극장 달오름극장,2024-10-12,2024-10-12,315,0
PF249897,"경숙이, 경숙아버지 [밀양]",연극,밀양아리랑아트센터 소공연장,2024-10-25,2024-10-26,314,0
PF263881,강아지똥 [영월],연극,영월군문화예술회관,2025-05-24,2025-05-24,314,2
PF250882,"공주시충남교향악단, 신진발굴 프로젝트: NEW ARTIST CONCERT",서양음악(클래식),공주문예회관 대공연장,2024-11-09,2024-11-09,314,0
PF287952,팬잔스의 해적들 [울산],서양음악(클래식),서울주문화센터 공연장,2026-04-18,2026-04-18,313,0
PF276340,"BCC CHOICE, 다크니스 품바 [부산]",무용(서양/한국무용),(재) 영화의전당 하늘연극장,2025-11-29,2025-11-29,313,0
PF246144,"제128회 울산시립합창단 정기연주회, K-Art POP 토크 콘서트",서양음악(클래식),울산문화예술회관 소공연장,2024-09-05,2024-09-05,312,0
PF259416,"경기도무용단, 5049 : 허공에 날린 화살 [용인]",무용(서양/한국무용),경기아트센터 경기국악원 국악당,2025-04-04,2025-04-05,312,0
PF261132,올라비올라의 B to B [수원],서양음악(클래식),경기아트센터(구. 경기도문화의전당) 소극장,2025-04-26,2025-04-26,312,0
PF249860,대단한 놀이판: 오늘의 광대 [횡성],한국음악(국악),횡성문화예술회관 대공연장,2024-10-24,2024-10-24,311,0
PF252920,"디토오케스트라, 바흐학개론 [연천]",서양음악(클래식),연천수레울아트홀 대공연장,2024-12-18,2024-12-18,311,0
PF233333,"힘차게 비상하는 청룡의 해, 신년음악회 [울산]",서양음악(클래식),울산문화예술회관 소공연장,2024-01-18,2024-01-18,310,1
PF254002,완창판소리 (4월),한국음악(국악),국립극장 하늘극장,2025-04-12,2025-04-12,310,0
PF289543,송소희 Χ 두번째달 Χ 오단해: 모던민요 [보성],한국음악(국악),보성군문화예술회관,2026-05-14,2026-05-14,310,2
PF250534,"전남도립국악단, 명인명창과 함께하는 오마주: 사제 (師弟) (10.12) [무안]",한국음악(국악),남도소리울림터,2024-10-12,2024-10-12,310,0
PF264341,"제16회 대한민국 국공립극단페스티벌, 충북도립극단: 오아시스 세탁소 습격사건 [경주]",연극,경주예술의전당 소공연장(원화홀),2025-07-20,2025-07-20,309,0
PF275250,김효영의 생황: 오굿 x Resurrection [광주],한국음악(국악),빛고을시민문화관 공연장,2025-11-15,2025-11-15,309,2
PF235004,제44회 울산시립청소년교향악단 정기연주회: 프랑스 음악여행,서양음악(클래식),울산문화예술회관 소공연장,2024-02-24,2024-02-24,309,0
PF247823,"남양주시립합창단, 해설이 있는 음악회: 김광석, 유재하 그리고 김현식의 사랑의 노래들",서양음악(클래식),진접읍주민자치센터 크낙새홀(대강당),2024-09-10,2024-09-10,309,0
PF267553,"대전아트콰이어 창단연주회: 비상, 새로운 시작 [대전]",서양음악(클래식),대전시립연정국악원 큰마당,2025-07-22,2025-07-22,309,0
PF289174,내 딸 심청 [인천],무용(서양/한국무용),인천서구문화회관 대공연장,2026-05-17,2026-05-17,308,2
PF253535,"국립발레단, 연수단원 갈라콘서트",무용(서양/한국무용),국립극단 [명동] 명동예술극장,2024-11-19,2024-11-19,308,0
PF249729,노인과 여자를 위한 나라는 없다 [목포],연극,목포문화예술회관,2024-10-12,2024-10-12,308,0
PF288037,"광주시립교향악단, GSO 체임버 시리즈 Ⅱ. April Romance",서양음악(클래식),국립아시아문화전당 극장2,2026-04-23,2026-04-23,308,0
PF248757,"광주시립극단, 출장 연극 시리즈 1: 오스카와 장미할머니 [광주서구문화센터]",연극,광주서구문화센터,2024-10-05,2024-10-05,308,1
PF271870,In search of PARADISE: 낙원을 찾아서 [부산],무용(서양/한국무용),동래문화회관 대극장,2025-09-19,2025-09-19,308,0
PF270350,"지휘자와 함께하는 원데이 아카데미, 국악단: 국악소리여행 [김천]",한국음악(국악),김천시립율곡도서관 율곡홀 (다목적강당),2025-08-06,2025-08-06,308,0
PF243437,NEW 달을 품은 슈퍼맨 [정읍],뮤지컬,정읍사예술회관,2024-07-26,2024-07-26,308,1
PF286378,제86회 제주특별자치도립 서귀포합창단 정기연주회: 그대 앞에 봄이 있다,서양음악(클래식),서귀포예술의전당 대극장,2026-03-26,2026-03-26,308,2
PF236623,제115회 강릉시립합창단 정기연주회: 무언으로 오는 봄,서양음악(클래식),강릉아트센터 (구. 강릉문화예술관) 소공연장,2024-03-29,2024-03-29,307,0
PF279051,제146회 광주시립소년소녀합창단 정기공연: 새로운 여정: 하모니의 시작,서양음악(클래식),광주 예술의 전당 소극장,2025-12-13,2025-12-13,307,1
PF257255,"부천시립예술단 1234 콘서트, 부천필하모닉오케스트라",서양음악(클래식),부천아트센터 콘서트홀,2025-03-28,2025-03-28,306,0
PF243002,모차르트와 모짜렐라의 마술피리 이야기 [울산],서양음악(클래식),울산북구문화예술회관 공연장,2024-07-04,2024-07-04,306,1
PF279509,제54회 파주시립예술단 정기연주회: 메시아,서양음악(클래식),파주운정행복센터 공연장,2025-12-04,2025-12-04,306,2
PF239719,템플 [김해],연극,김해문화의전당 누리홀,2024-05-17,2024-05-18,306,1
PF278371,헤어드레서 [정선],뮤지컬,정선아리랑센터 아리랑홀,2025-08-20,2025-08-20,306,0
PF237163,"울산시립합창단, 기획연주회: 소리높여 합창포유",서양음악(클래식),울산문화예술회관 대공연장,2024-04-04,2024-04-04,306,0
PF289416,냉면 한 그릇 후루룩 넘기듯 [속초],연극,속초문화예술회관 대공연장,2026-05-08,2026-05-09,305,1
PF265959,"전남도립국악단 교류공연, 국악이음 [수원]",한국음악(국악),경기아트센터(구. 경기도문화의전당) 소극장,2025-06-05,2025-06-05,305,0
PF242418,제187회 수원시립합창단 정기연주회,서양음악(클래식),수원SK아트리움 대공연장,2024-06-27,2024-06-27,304,0
PF268069,"수성아트피아 스테이지 S 시리즈, 차차차원이 다다른 차원 [대구]",뮤지컬,수성아트피아 대극장 (대공연장) ,2025-08-22,2025-08-24,304,0
PF272116,바흐가 사랑한 커피 이야기 [서산],서양음악(클래식),서산시문화회관 대공연장,2025-09-12,2025-09-12,303,2
PF238499,"성남시립국악단 기획연주회, 천원의 행복릴레이: 아름다운 추억",한국음악(국악),성남아트센터 앙상블씨어터,2024-04-25,2024-04-25,303,0
PF239940,하늘을 난 라이트형제 시즌Ⅱ: 오픈리허설,뮤지컬,다산아트홀,2024-05-03,2024-05-03,303,0
PF263543,달나라의 장난 [춘천 (앵콜) ],연극,KT&G 상상마당 [춘천] 사운드홀,2025-05-28,2025-06-01,303,0
PF260354,제203회 공주시충남교향악단 정기연주회: 위대한 승리 [공주],서양음악(클래식),공주문예회관 대공연장,2025-04-08,2025-04-08,302,0
PF272922,"국립민속국악원, 지지지 [경주]",한국음악(국악),경주예술의전당 대공연장(화랑홀),2025-09-05,2025-09-06,302,2
PF270102,갑신의거 [횡성],연극,횡성문화예술회관 대공연장,2025-08-22,2025-08-22,301,1
PF262778,광주시립교향악단 체임버 시리즈 Ⅲ: Romance of May,서양음악(클래식),광주 예술의 전당 소극장,2025-05-16,2025-05-16,301,0
PF221519,"청소년을 위한 공연예술축제, 5=1 [영덕]",연극,영덕 무형문화재 전수교육관 소극장,2023-07-17,2023-07-17,301,0
PF278484,제15회 서구립풍물단 정기연주회: 선물,한국음악(국악),인천서구문화회관 대공연장,2025-11-15,2025-11-15,301,1
PF260958,살로메 [구리],한국음악(국악),구리아트홀 코스모스대극장,2025-04-11,2025-04-11,301,2
PF278332,"제주특별자치도립 서귀포관악단, 청소년·대학생 협주곡의 밤",서양음악(클래식),서귀포예술의전당 대극장,2025-11-27,2025-11-27,300,1
PF288771,김영하 작가의 음악 [양주],서양음악(클래식),양주문화예술회관 소공연장,2026-05-16,2026-05-16,300,0
PF272499,음악선생님 [울산],서양음악(클래식),꽃바위문화관 다목적 공연장,2025-09-19,2025-09-20,300,1
PF275514,처용소리소리소리어울 [울산],무용(서양/한국무용),꽃바위문화관 다목적 공연장,2025-11-07,2025-11-08,300,1
PF272235,"리: 바운드 축제, 마당놀이 죽계선비뎐",연극,중랑구민회관 대공연장,2025-11-15,2025-11-15,300,0
PF234744,"부산시립교향악단 기획음악회, 실내악 시리즈Ⅱ 봄 인사",서양음악(클래식),부산문화회관 중극장,2024-03-08,2024-03-08,299,0
PF257339,"국립현대무용단, 얍! 얍! 얍! [대전]",무용(서양/한국무용),대전예술의전당 앙상블홀,2025-05-04,2025-05-06,299,1
PF288732,"마티네 콘서트, 미술관으로 간 클래식 #1. 영국 [하남]",서양음악(클래식),하남문화예술회관 아랑홀(소극장),2026-05-14,2026-05-14,299,1
PF258377,올라비올라의 B to B [화성],서양음악(클래식),화성아트홀,2025-03-07,2025-03-07,299,0
PF250361,정글라이프 [부안],뮤지컬,부안예술회관 공연장,2024-10-11,2024-10-11,299,2
PF242496,목 짧은 기린 지피 [의령],뮤지컬,의령군민문화회관,2024-06-19,2024-06-19,299,0
PF242059,"광주필하모니 오케스트라 정기연주회, 불후의 명곡 베토벤: 영웅 [경기 광주]",서양음악(클래식),광주시문화예술의전당 (구. 남한산성아트홀) 남한산성홀,2024-06-23,2024-06-23,299,0
PF271122,"제3회 대한민국국악관현악축제, 대구시립국악단",한국음악(국악),세종문화회관 세종M씨어터,2025-10-23,2025-10-23,298,0
PF268769,"제35회 거창국제연극제, 갈매기에게 나는 법을 가르쳐준 고양이 (07.26)",뮤지컬,거창 수승대 구연극장 (구 거북극장) ,2025-07-26,2025-07-26,298,0
PF269403,기린자리 [홍천],한국음악(국악),홍천문화예술회관,2025-08-23,2025-08-23,297,1
PF233986,"제78회 부산시립극단 정기공연, 스타프로젝트: 사천의 선인",연극,부산시민회관 소극장,2024-11-22,2024-11-23,297,0
PF264237,벨벳토끼 [포천],한국음악(국악),포천반월아트홀 대극장,2025-05-31,2025-05-31,297,0
PF248693,"리케이댄스 bOK, 푸닥거리 [안양]",무용(서양/한국무용),안양아트센터 수리홀,2024-10-25,2024-10-25,297,0
PF245999,"부산시립교향악단 기획음악회, 제80회 청소년 협주곡의 밤",서양음악(클래식),부산문화회관 중극장,2024-10-25,2024-10-25,297,0
PF251247,울산시립합창단 초청공연: 북구민을 위한 새희망 음악회,서양음악(클래식),울산북구문화예술회관 공연장,2024-11-05,2024-11-05,297,0
PF272164,"제25회 SPAF, 도그 데이즈 오버, 2.0",무용(서양/한국무용),서울문화재단 대학로극장 쿼드 (예술청) 대학로극장 쿼드 (예술청) ,2025-10-23,2025-10-24,296,0
PF276848,부산시립교향악단 기획음악회: 제81회 청소년 협주곡의 밤,서양음악(클래식),부산문화회관 중극장,2025-11-20,2025-11-20,296,0
PF276908,"인천시립교향악단 기획연주회, 체임버 시리즈 Ⅱ: 목관앙상블 [인천]",서양음악(클래식),아트센터 인천 다목적홀,2025-11-28,2025-11-28,296,1
PF260710,"부산시립교향악단 기획음악회, 실내악 시리즈 Ⅱ: 줌인 Ⅰ",서양음악(클래식),부산문화회관 챔버홀,2025-04-30,2025-04-30,295,0
PF218080,페페의 꿈 [부산],복합,금정문화회관 대공연장(금빛누리홀),2023-06-17,2023-06-17,295,0
PF268629,차이콥스키 콩쿠르 수상자 콘서트 [연천],서양음악(클래식),연천수레울아트홀 대공연장,2025-09-13,2025-09-13,295,0
PF266092,제142회 광주시립국악관현악단 정기연주회: Noche de Maestra-젊은 마에스트라의 초대,한국음악(국악),광주 예술의 전당 소극장,2025-06-27,2025-06-27,295,0
PF237565,"광주시립합창단 기획연주회 Ⅲ: 합창을 화합의 장으로, 합창을 화합의 도구로 (04.30)",서양음악(클래식),광산문화예술회관 공연장,2024-04-30,2024-04-30,294,0
PF285310,"제31회 안동시립합창단 정기연주회: 안동의 봄, 리듬으로 피어나다",서양음악(클래식),안동문화예술의전당 웅부홀,2026-03-13,2026-03-13,294,1
PF264750,초등학생을 위한 실험실 콘서트 [김포],서양음악(클래식),김포아트홀,2025-06-07,2025-06-07,294,1
PF241075,"공주시충남연정국악단, 천안시충남국악관현악단 합동연주회: 이음",한국음악(국악),공주문예회관 대공연장,2024-05-31,2024-05-31,294,1
PF239744,대구시립합창단 기획연주: 오월의 기쁨,서양음악(클래식),대구문화예술회관 팔공홀,2024-05-09,2024-05-09,294,1
PF278123,제4회 파주시립소년소녀합창단 정기연주회: 풍금소리,서양음악(클래식),문산행복센터 대공연장,2025-11-15,2025-11-15,294,0
PF236502,"문학이 잇는 클래식 제1막, 로미오와 줄리엣 [울산]",서양음악(클래식),울산문화예술회관 대공연장,2024-03-29,2024-03-29,294,0
PF263692,타악기야 놀자! [대구],서양음악(클래식),봉산문화회관 가온홀,2025-06-14,2025-06-14,294,1
PF259857,제80회 파주시립예술단 기획연주회 신예지휘자 초청연주: 이보미 & 이동규 듀오콘서트,서양음악(클래식),파주운정행복센터 공연장,2025-03-14,2025-03-14,293,0
PF266078,광주시립교향악단 체임버 시리즈 Ⅳ: Identity,서양음악(클래식),광주 예술의 전당 소극장,2025-07-03,2025-07-03,293,0
PF264613,"대전시립연정국악단, 토요국악 (05.24)",한국음악(국악),대전시립연정국악원 작은마당,2025-05-24,2025-05-24,293,0
PF247008,이야기로 만나는 춤의 정원 [강릉],무용(서양/한국무용),강릉아트센터 (구. 강릉문화예술관) 사임당홀 (대공연장) ,2024-09-08,2024-09-08,293,0
PF264446,"제51회 파주시립예술단 정기공연, 김동혁 상임지휘자 취임연주회: CARMINA BURANA",서양음악(클래식),파주운정행복센터 공연장,2025-05-22,2025-05-22,293,0
PF238844,"포천시립민속예술단, 사월愛 포천의 四季",한국음악(국악),서울남산국악당 크라운해태홀,2024-04-24,2024-04-24,293,1
PF244726,"광주시립교향악단, GSO 체임버 시리즈 Ⅴ",서양음악(클래식),광주 예술의 전당 소극장,2024-08-21,2024-08-21,292,1
PF235304,"제196회 공주시충남교향악단 정기연주회, 봄의 향기 [공주]",서양음악(클래식),공주문예회관 대공연장,2024-03-08,2024-03-08,292,0
PF236047,제186회 수원시립합창단 정기연주회,서양음악(클래식),수원SK아트리움 대공연장,2024-03-14,2024-03-14,292,1
PF284858,전통음악의 밤 [경주],한국음악(국악),경주예술의전당 소공연장(원화홀),2026-03-12,2026-03-12,291,0
PF241116,"제127회 울산시립합창단 정기연주회, 위로와 희망",서양음악(클래식),울산문화예술회관 대공연장,2024-06-13,2024-06-13,291,0
PF240088,"제882회 전남도립국악단 토요가무악희 시즌 2, 그린국악: 작은씨앗, 나빌레라",한국음악(국악),남도소리울림터,2024-05-04,2024-05-04,291,0
PF272400,"국립국악원, 세계가 인정한 우리 음악과 춤 [수원]",한국음악(국악),수원SK아트리움 대공연장,2025-10-02,2025-10-02,290,2
PF289374,꼬마 강치전 [아산],뮤지컬,도고아트홀(구.아산 코미디홀),2026-05-31,2026-05-31,290,0
PF262199,"대전시립연정국악단, 토요국악 (04.26)",무용(서양/한국무용),대전시립연정국악원 작은마당,2025-04-26,2025-04-26,290,0
PF270982,기린자리 [사천],한국음악(국악),사천문화예술회관 대공연장,2025-08-28,2025-08-28,290,1
PF216125,"오페라 하이라이트 페스타, 오텔로",서양음악(클래식),영등포아트홀,2023-06-24,2023-06-24,289,0
PF286909,"남양주시립합창단, 클래식 세계여행: 드보르작과 비발디 [남양주] (3월)",서양음악(클래식),다산아트홀,2026-03-24,2026-03-24,289,0
PF216623,무풍,한국음악(국악),서울남산국악당 크라운해태홀,2023-04-22,2023-04-22,289,0
PF264680,"남양주시립합창단, 클래식 세계여행: 유럽 합창 음악",서양음악(클래식),다산아트홀,2025-05-27,2025-05-27,289,0
PF289421,싸운드 써커스 [영월],뮤지컬,영월군문화예술회관,2026-05-08,2026-05-08,289,1
PF270207,광주시립교향악단 체임버 시리즈 Ⅴ: Soul in minor,서양음악(클래식),광주 예술의 전당 소극장,2025-08-28,2025-08-28,288,0
PF284993,제203회 광주시립합창단 정기연주회: Friendly Concert,서양음악(클래식),국립아시아문화전당 극장2,2026-03-12,2026-03-12,288,0
PF274375,제173회 대전시립합창단 정기연주회: 바로크 음악의 두 거장 Bach & Händel,서양음악(클래식),대전시립연정국악원 큰마당,2025-10-14,2025-10-14,288,0
PF276816,"국립오페라스튜디오, 어린이와 마법",서양음악(클래식),국립극장 달오름극장,2025-11-14,2025-11-14,288,0
PF254928,오즈의 의류수거함 [인천],뮤지컬,계양문화회관 대공연장,2024-12-04,2024-12-04,288,1
PF269321,동백당: 빵집의 사람들 [완주],연극,완주문화예술회관 대극장,2025-08-14,2025-08-14,288,1
PF273803,제16회 서산시립합창단 정기연주회,서양음악(클래식),서산시문화회관 대공연장,2025-09-19,2025-09-19,287,2
PF252281,제294회 수원시립교향악단 정기연주회,서양음악(클래식),수원SK아트리움 대공연장,2024-11-21,2024-11-21,287,0
PF272856,"리: 바운드 축제: 나도, 밤나무!",한국음악(국악),예술의전당 [서울] 자유소극장,2025-10-25,2025-10-25,286,0
PF276437,"MEG 패밀리 클래식, 현을 위한 세레나데 [광명]",서양음악(클래식),광명문화예술교육지원센터 광명극장,2025-10-18,2025-10-18,286,1
PF256598,"인천시립교향악단 기획연주회, 챔버뮤직 시리즈 Ⅰ: 실내악 토크 콘서트 with 피아니스트 안인모 [인천]",서양음악(클래식),아트센터 인천 다목적홀,2025-03-26,2025-03-26,285,0
PF275736,인사이드 미 [삼척],뮤지컬,삼척문화예술회관 대공연장,2025-10-18,2025-10-18,285,0
PF261876,"BAC 초이스 Ⅲ, 파랑새 [부천]",연극,부천아트센터 소공연장,2025-06-28,2025-06-29,285,0
PF284848,"대전시립교향악단 마스터즈 시리즈 3, 바그너 교향곡 다장조",서양음악(클래식),대전예술의전당 아트홀,2026-03-20,2026-03-20,285,0
PF249590,"판소리 레미제라블, 구구선 사람들 [안양]",한국음악(국악),안양아트센터 수리홀,2024-11-08,2024-11-08,285,0
PF264708,"콘서트 IN 북구 #2: 밴드날다의 심청, 날다 [광주]",한국음악(국악),광주북구문화센터 (양산도서관) 공연장,2025-05-30,2025-05-30,285,2
PF267890,"대구시립국악단 특별기획, 메콩강+실크로드",한국음악(국악),대구문화예술회관 팔공홀,2025-07-17,2025-07-17,285,1
PF251077,"충주시립우륵국악단 기획연주회, 우륵을 꿈꾸다",한국음악(국악),충주시문화회관,2024-10-22,2024-10-22,284,0
PF248759,"광주시립극단, 출장 연극 시리즈 1: 오스카와 장미할머니 [광주디자인센터]",연극,광주디자인센터 이벤트홀,2024-10-07,2024-10-07,284,1
PF266604,김영욱 x 콜레기움무지쿰 서울: 8 Seasons [대전],서양음악(클래식),대전예술의전당 아트홀,2025-08-19,2025-08-19,284,0
PF272700,"제83회 파주시립예술단 기획연주회, 내 마음의 노래: 윤동주 그리고 김소월",서양음악(클래식),파주운정행복센터 공연장,2025-09-10,2025-09-10,284,0
PF277775,기도문 (Litanei) [순천],연극,순천문화예술회관 대극장,2025-11-14,2025-11-15,284,0
PF265297,"녕 (寧) , 왕자의 길 [대전]",무용(서양/한국무용),대전시립연정국악원 큰마당,2025-06-07,2025-06-07,284,0
PF287137,제193회 수원시립합창단 정기연주회 [수원],서양음악(클래식),수원SK아트리움 대공연장,2026-04-02,2026-04-02,284,1
PF274917,BAC 초이스 Ⅶ. 저수지의 인어 [부천],연극,부천아트센터 소공연장,2025-12-13,2025-12-14,284,1
PF225030,"오페라 하이라이트 페스타, 봄봄 [화성]",서양음악(클래식),반석아트홀,2023-11-17,2023-11-17,283,0
PF253160,"국립합창단, 전쟁 그리고 평화 [군포]",서양음악(클래식),군포문화예술회관 수리홀,2024-12-26,2024-12-26,283,0
PF248795,실험실 콘서트 [광주],서양음악(클래식),광주 예술의 전당 소극장,2024-10-05,2024-10-05,283,2
PF247885,"국립현대무용단, 코레오 커넥션: 몹 Ⅹ 수선되는 밤 [대구]",무용(서양/한국무용),대구문화예술회관 팔공홀,2024-11-01,2024-11-01,283,1
PF250071,첼로가야금 2.0 콘서트 [울산],복합,울주문화예술회관 그린나래홀 (공연장) ,2024-10-26,2024-10-26,282,2
PF258404,"쇼스타코비치 서거 50주기 기념, 국립심포니오케스트라 실내악 시리즈 Ⅰ [당진]",서양음악(클래식),당진문예의전당 소공연장,2025-02-25,2025-02-25,282,0
PF251890,"제210회 포항시립교향악단 정기연주회: 첼로, 그리고 가을!",서양음악(클래식),포항문화예술회관 대공연장,2024-11-14,2024-11-14,282,0
PF254051,"부산시립무용단 특별공연, 홀로홀춤: 디딤 & STEP",무용(서양/한국무용),부산문화회관 중극장,2024-12-13,2024-12-14,282,0
PF249972,"제45회 울산시립청소년교향악단 정기연주회, 독일 오스트리아 음악여행",서양음악(클래식),울산문화예술회관 소공연장,2024-10-26,2024-10-26,282,0
PF287256,제146회 광주시립국악관현악단 정기연주회: 빛의 도시,한국음악(국악),광주 예술의 전당 소극장,2026-04-10,2026-04-10,282,1
PF270887,웰컴! ASAC 레퍼토리.2: 염전이야기 [안산],연극,보노마루,2025-09-26,2025-09-28,281,0
PF218774,콜비츠와의 대화 [대전],연극,대전시립연정국악원 큰마당,2023-06-09,2023-06-10,280,1
PF246774,적로: 이슬의 노래 [대전],한국음악(국악),대전시립연정국악원 큰마당,2024-09-22,2024-09-22,280,0
PF284923,"제199회 대전시립연정국악단 정기공연, 신춘음악회: 청춘 [대전]",한국음악(국악),대전시립연정국악원 큰마당,2026-03-20,2026-03-20,280,0
PF247046,"BAC 챔버 뮤직 시리즈 Ⅳ, 피아니스트 김용배와 함께하는 10월의 실내악",서양음악(클래식),부천아트센터 콘서트홀,2024-10-05,2024-10-05,280,0
PF272185,"제25회 SPAF, 드래곤 레이디는 울지 않는다 (Dragon Ladies Dont Weep)",복합,세종문화회관 세종S씨어터,2025-10-24,2025-10-25,279,0
PF260826,"제916회 전남도립국악단 토요가무악희 시즌 1, 신춘음악회: 희망해, 봄",한국음악(국악),남도소리울림터,2025-03-29,2025-03-29,279,0
PF284440,"샌드아트로 즐기는 문학이 잇는 클래식 제1막, 알퐁스 도데: 아를의 여인 [울산]",서양음악(클래식),울산문화예술회관 대공연장,2026-03-27,2026-03-27,279,0
PF263213,"대전시립연정국악단, 토요국악 (05.10)",한국음악(국악),대전시립연정국악원 작은마당,2025-05-10,2025-05-10,279,0
PF253369,"트라이보울 그룹무브먼트시리즈, 인천시립무용단: 동지 (冬至) 춤 서린 풍경",무용(서양/한국무용),트라이보울 공연장 (2층) ,2024-12-20,2024-12-20,279,0
PF244203,쪽빛황혼 [횡성],연극,횡성문화예술회관 대공연장,2024-07-20,2024-07-20,279,0
PF290330,빵굽는 포포 아저씨 [광양],뮤지컬,광양시문화예술회관 대공연장,2026-05-08,2026-05-08,279,0
PF262632,"봉산문화회관 우수공연 시리즈, 날 (陧) [대구]",한국음악(국악),봉산문화회관 가온홀,2025-05-10,2025-05-10,278,0
PF289759,괴물도감 [전주],한국음악(국악),전북예술회관 공연장,2026-05-23,2026-05-23,278,1
PF266476,"광주시립극단 기획공연 출장연극시리즈 2, 리보와 앤 [광주 남구문화예술회관]",연극,광주남구문화예술회관 공연장,2025-07-06,2025-07-06,278,1
PF272904,"리: 바운드 축제, 망고나무만세 & 고등학생일상",연극,예술의전당 [서울] 자유소극장,2025-11-15,2025-11-16,277,0
PF248792,꿈의 아리아 [연천],서양음악(클래식),연천수레울아트홀 대공연장,2024-10-26,2024-10-26,277,0
PF286326,"광주시립교향악단, GSO 체임버 시리즈Ⅰ: From Vienna to Bohemia",서양음악(클래식),국립아시아문화전당 극장2,2026-03-27,2026-03-27,277,0
PF252238,"안동시립합창단 기획공연, 바흐의 매그니피캇과 헨델의 딕시트 도미누스 [안동]",서양음악(클래식),안동문화예술의전당 웅부홀,2024-12-19,2024-12-19,277,0
PF262571,판타스틱 애니멀즈 [김포],서양음악(클래식),김포아트홀,2025-05-03,2025-05-03,277,1
PF278488,무악지우 [원주],무용(서양/한국무용),원주치악예술관,2025-12-04,2025-12-04,277,0
PF260585,"울산시립무용단 UMDC 컨템퍼러리, 벽사춤 [울산]",무용(서양/한국무용),울산문화예술회관 소공연장,2025-04-24,2025-04-25,276,2
PF243734,"대전시립교향악단 마스터즈 시리즈 8, 프랑크 교향곡",서양음악(클래식),대전예술의전당 아트홀,2024-08-27,2024-08-27,276,0
PF253540,"부산시립청소년교향악단 예술교육공연, 재밌는 클래식 맛있는 클래식",서양음악(클래식),부산문화회관 대극장,2024-11-12,2024-11-12,276,1
PF247128,"제14회 김해가야금축제, 신진전 민정민의 가야금병창: 오늘",한국음악(국악),김해문화의전당 누리홀,2024-09-04,2024-09-04,276,0
PF266927,"광주시립창극단 교류공연, 천변만화 [대전]",한국음악(국악),대전시립연정국악원 큰마당,2025-07-02,2025-07-02,275,0
PF272874,"리: 바운드 축제, 보이첵",무용(서양/한국무용),예술의전당 [서울] 자유소극장,2025-10-31,2025-10-31,275,1
PF270898,한여름 밤의 꿈 [청양],연극,청양문예회관 대공연장,2025-08-28,2025-08-28,275,0
PF253062,클래식 히스토리 콘서트 [논산],서양음악(클래식),논산아트센터(구. 논산문화예술회관) 대공연장,2024-11-08,2024-11-08,275,0
PF284619,"부산시립소년소녀합창단 특별연주회, Friendly Concert (프렌들리 콘서트)",서양음악(클래식),부산문화회관 중극장,2026-03-07,2026-03-07,274,2
PF291509,꿈속에선 다정하였네 [과천],연극,과천시민회관 소극장,2026-06-19,2026-06-20,274,0
PF265263,헤어드레서 [평창],뮤지컬,평창문화예술회관 대공연장,2025-06-25,2025-06-25,273,0
PF240547,"필하모니코리아오케스트라, 반대의 이끌림: 라벨과 쇼스타코비치 [안동]",서양음악(클래식),안동문화예술의전당 웅부홀,2024-11-30,2024-11-30,273,1
PF233321,"부산시립교향악단 기획음악회, 실내악시리즈I",서양음악(클래식),부산문화회관 중극장,2024-02-06,2024-02-06,273,1
PF292843,슈퍼 루나틱 [함양],뮤지컬,함양문화예술회관 대공연장,2026-06-19,2026-06-19,273,0
PF277076,"GAC 기획공연, ChaosⅡ & 그들의 논쟁 [광주]",무용(서양/한국무용),광주 예술의 전당 소극장,2025-11-15,2025-11-15,272,0
PF252663,장수탕 선녀님 [보성],뮤지컬,보성군문화예술회관,2024-11-13,2024-11-14,272,1
PF284682,대전아트콰이어 기획연주회 1. 시네마 보이스 [대전],서양음악(클래식),대전예술의전당 앙상블홀,2026-03-07,2026-03-07,271,1
PF233325,"부산시립청소년교향악단 특별연주회, 유망주음악회: Ensemble",서양음악(클래식),부산문화회관 챔버홀,2024-01-27,2024-01-27,271,0
PF273403,"서울아트마켓 (PAMS) , 악단광칠: 넥스트 저니",한국음악(국악),서울남산국악당 크라운해태홀,2025-10-18,2025-10-18,271,0
PF280209,"남양주시립합창단, 클래식 세계여행: 아름다운 낭만주의 음악",서양음악(클래식),다산아트홀,2025-12-09,2025-12-09,271,0
PF269310,"BCC CLASSIC II, 김영욱 X 콜레기움무지쿰서울: 8 Seasons [부산]",서양음악(클래식),(재) 영화의전당 하늘연극장,2025-08-16,2025-08-16,271,0
PF261023,"포천반월아트홀 토요상설, 포천시립극단",연극,포천반월아트홀 소극장,2025-04-12,2025-11-22,271,0
PF269086,동백당: 빵집의 사람들 [강원],연극,강릉아트센터 (구. 강릉문화예술관) 소공연장,2025-08-24,2025-08-24,270,1
PF279889,페페의 꿈 [양구],뮤지컬,양구문화복지센터,2025-08-16,2025-08-16,270,0
PF264364,"제16회 대한민국 국공립극단페스티벌, 빌미 [경주]",연극,경주예술의전당 소공연장(원화홀),2025-07-26,2025-07-26,270,0
PF218932,그때도 오늘 [청양],연극,청양문예회관 대공연장,2023-06-22,2023-06-22,269,0
PF246971,"인천시립무용단 교류공연, 만찬: 진, 오귀 [진도]",무용(서양/한국무용),국립남도국악원 진악당,2024-08-17,2024-08-17,269,0
PF270255,달이거나 달빛이거나: 전설은 이렇게 만들어졌다 [의정부],연극,의정부예술의전당 대극장,2025-09-13,2025-09-13,269,0
PF279174,폴리팝 [대구],뮤지컬,어울아트센터(구. 대구북구문예회관) 함지홀(대공연장),2025-12-13,2025-12-13,269,0
PF260498,"천안시립교향악단 오페라 마티네, 베르디의 라 트라비아타 [천안]",서양음악(클래식),천안시청 봉서홀,2025-04-15,2025-04-15,269,0
PF242656,"제15회 대한민국 국공립극단 페스티벌, 가객 박인환",뮤지컬,경주예술의전당 대공연장(화랑홀),2024-06-30,2024-06-30,269,0
PF274734,경기필하모닉 클래식 콘서트 [파주],서양음악(클래식),파주운정행복센터 공연장,2025-10-02,2025-10-02,268,0
PF266404,광주시립합창단 기획연주회 Ⅳ. 호국보훈의 달 기념음악회: 기억과 희망,서양음악(클래식),국립아시아문화전당 극장2,2025-06-27,2025-06-27,268,0
PF285725,국립합창단 CLASSIC SERENADE [오산],서양음악(클래식),오산문화예술회관 대공연장,2026-03-28,2026-03-28,268,0
PF217323,회란기 [울산],연극,울산문화예술회관 소공연장,2023-05-27,2023-05-28,268,0
PF285006,"국립남도국악원 토요상설: 국악이 좋다, 사이로 초청공연: 재담 Rope Dancing",한국음악(국악),국립남도국악원 진악당,2026-03-14,2026-03-14,268,1
PF236286,라트라비아타와 함께 떠나는 봄의 오페라 여행,서양음악(클래식),영도문화예술회관 대공연장(봉래홀),2024-03-21,2024-03-21,268,0
PF241527,선녀씨 이야기 [의정부],연극,의정부예술의전당 소극장,2024-07-26,2024-07-27,268,0
PF249513,"국립남도국악원 토요상설, 국악이 좋다: 귀향",한국음악(국악),국립남도국악원 진악당,2024-10-12,2024-10-12,267,2
PF258188,1882-1901 동유럽의 낭만 [김해],서양음악(클래식),김해문화의전당 마루홀,2025-04-26,2025-04-26,267,1
PF241214,"남양주시립합창단, 클래식 세계여행: 찬란한 오월에 듣는 슈만의 시인의 사랑 Op.48",서양음악(클래식),다산아트홀,2024-05-30,2024-05-30,267,0
PF263740,강아지똥 [전남],연극,강진아트홀 대공연장,2025-05-10,2025-05-10,267,1
PF243026,"남양주시립합창단, 클래식 세계여행: 살리에리와 하이든",서양음악(클래식),다산아트홀,2024-06-27,2024-06-27,266,0
PF271504,딴소리 판 [부산 영도],한국음악(국악),영도문화예술회관 대공연장(봉래홀),2025-09-06,2025-09-06,265,0
PF253202,"반가워 교향악, 베토벤 교향곡 9번 합창: 환희의 송가 [함양]",서양음악(클래식),함양문화예술회관 대공연장,2024-11-21,2024-11-21,265,0
PF266639,"국립현대무용단, 내가 물에서 본 것 [세종]",무용(서양/한국무용),세종예술의전당 대공연장,2025-08-14,2025-08-14,265,2
PF246954,"남양주시립합창단, 클래식 세계여행: 시 낭송과 함께하는 한국 가곡의 향연",서양음악(클래식),다산아트홀,2024-08-27,2024-08-27,265,0
PF270738,소녀춘향: 춘향과 동학의 만남 [남원],한국음악(국악),남원국악전용공연장 청아원 ,2025-08-09,2025-09-27,265,0
PF286253,"제83회 목포시립합창단 정기연주회: B to B, Beyond (바흐에서 브람스로, 그리고 우리에게)",서양음악(클래식),목포시민문화체육센터 소공연장,2026-03-26,2026-03-26,265,0
PF220037,연희도깨비 [예주],연극,예주문화예술회관,2023-07-14,2023-07-15,264,0
PF265756,"중구소년소녀합창단 기획연주 합창제, 무지개빛 하모니",서양음악(클래식),울산중구문화의전당 함월홀 (2층) ,2025-06-14,2025-06-14,264,0
PF222109,YOU & IT [고령],뮤지컬,경북고령대가야문화누리 (구. 대가야국악당) 대공연장 (우륵홀) ,2023-07-29,2023-07-29,264,0
PF253416,제31회 경산시립합창단 정기연주회: 헨델의 메시아,서양음악(클래식),천마아트센터 그랜드홀,2024-11-13,2024-11-13,263,1
PF257933,"제129회 울산시립합창단 정기연주회, 한국가곡 토크 콘서트",서양음악(클래식),울산문화예술회관 소공연장,2025-02-20,2025-02-20,263,1
PF234940,"강릉시립합창단 단원콘서트, 가곡과 오페라: Der Klang",서양음악(클래식),강릉아트센터 (구. 강릉문화예술관) 소공연장,2024-02-29,2024-02-29,263,0
PF244891,바디 콘서트 [대구],무용(서양/한국무용),봉산문화회관 가온홀,2024-08-23,2024-08-23,263,0
PF259262,제216회 대구시립국악단 정기연주회: 봄의 청성,한국음악(국악),대구문화예술회관 팔공홀,2025-03-13,2025-03-13,263,2
PF242034,"부천시립합창단, 신예지휘자 연주회",서양음악(클래식),부천아트센터 콘서트홀,2024-11-28,2024-11-28,263,0
PF249879,"부산시립국악관현악단 예술교육공연, 재밌는 국악 신나는 국악 (9월)",한국음악(국악),부산문화회관 중극장,2024-09-25,2024-09-25,262,0
PF276462,제201회 광주시립합창단 정기연주회: 가을의 서정,서양음악(클래식),광주 예술의 전당 소극장,2025-11-13,2025-11-13,262,2
PF222331,슬리핑 뷰티 [양천],무용(서양/한국무용),양천문화회관 대극장,2023-08-04,2023-08-05,262,1
PF261136,"브람스의 유일한 연가곡, 아름다운 마겔로네 [용인]",서양음악(클래식),용인시평생학습관 (여성회관) 큰어울마당,2025-04-26,2025-04-26,261,0
PF244924,향악잡영오수: 최치원놀이 [수원],한국음악(국악),경기아트센터(구. 경기도문화의전당) 소극장,2024-08-03,2024-08-03,261,0
PF251407,"부산시향과 함께 걷다, 세계 클래식 음악 산책: 마티네, 아메리카",서양음악(클래식),부산문화회관 중극장,2025-03-26,2025-03-26,261,0
PF250780,"부산시립교향악단 기획음악회, 실내악시리즈 Ⅴ. Zoom-in 3",서양음악(클래식),부산문화회관 챔버홀,2024-11-26,2024-11-26,261,0
PF266407,충주시립우륵국악단 기획연주회 Ⅱ. 호국음악회: 애국가,한국음악(국악),충주시문화회관,2025-06-19,2025-06-19,261,0
PF217042,회란기 [광주],연극,광산문화예술회관 공연장,2023-05-12,2023-05-13,261,0
PF259850,"부산시립소년소녀합창단 특별연주회, Friendly Concert (프렌들리 콘서트)",서양음악(클래식),부산문화회관 중극장,2025-03-29,2025-03-29,260,2
PF272155,"리: 바운드 축제, 헤르만헤세의 음악세계",서양음악(클래식),강동아트센터 대극장 한강,2025-10-19,2025-10-19,260,0
PF285215,정악단 기획공연: 이습회 1932,한국음악(국악),국립국악원 풍류사랑방,2026-03-19,2026-03-20,260,1
PF247032,"제48회 파주시립예술단 정기연주회, 합창으로 만나는 인생의 희로애락: VOYAGE [파주]",서양음악(클래식),파주운정행복센터 공연장,2024-08-24,2024-08-24,260,0
PF280812,제12회 서산시립합창단 기획연주회 [서산],서양음악(클래식),서산시문화회관 대공연장,2025-12-12,2025-12-12,260,0
PF249703,"디토오케스트라, 바흐학 개론 [울주]",서양음악(클래식),서울주문화센터 공연장,2024-10-26,2024-10-26,260,1
PF272795,광주시립교향악단 체임버 시리즈 Ⅵ: Fanfare,서양음악(클래식),광주 예술의 전당 소극장,2025-09-26,2025-09-26,260,0
PF246279,적로: 이슬의 노래 [안산],한국음악(국악),안산문화예술의전당 달맞이극장,2024-09-27,2024-09-28,259,2
PF260799,"대전시립연정국악단, 토요국악 (04.12)",한국음악(국악),대전시립연정국악원 작은마당,2025-04-12,2025-04-12,259,0
PF242643,"제15회 대한민국 국공립극단 페스티벌, 여기가 집이다",연극,경주예술의전당 소공연장(원화홀),2024-07-26,2024-07-26,259,1
PF244814,쪽빛황혼 [광명],연극,광명시민회관 대공연장,2024-08-17,2024-08-17,259,2
PF285558,"이정호 & 부산청년국악관현악단, 웨이브x: 송현민의 국악 내비게이션 [대전]",한국음악(국악),대전시립연정국악원 큰마당,2026-04-11,2026-04-11,258,1
PF242695,"제15회 대한민국 국공립극단 페스티벌, 나혜석 [경주]",연극,경주예술의전당 대공연장(화랑홀),2024-07-06,2024-07-06,258,0
PF234646,"대구시립무용단 X 국립현대무용단: 더블빌, 대구보디 & 정글",무용(서양/한국무용),대구문화예술회관 팔공홀,2024-02-24,2024-02-24,257,0
PF259887,"인천시립무용단 기획공연, 스몸비",무용(서양/한국무용),제물포구문화체육센터(구. 동구문화체육센터) 공연장,2025-04-05,2025-04-05,257,0
PF286897,"BAC 초이스, 반쪼가리 자작 [부천]",연극,부천아트센터 소공연장,2026-05-02,2026-05-03,257,1
PF221768,"안중근, 천국에서의 춤 [충주]",무용(서양/한국무용),충주시문화회관,2023-07-26,2023-07-27,256,1
PF245557,"제24회 SPAF, 쿼드초이스 오류의 방",한국음악(국악),서울문화재단 대학로극장 쿼드 (예술청) 대학로극장 쿼드 (예술청) ,2024-10-03,2024-10-06,256,0
PF275129,카로스 타악기 앙상블과 함께하는 타악기야 놀자! [구리],서양음악(클래식),구리아트홀 코스모스대극장,2025-10-25,2025-10-25,255,0
PF289411,신지아 & 디토 체임버 오케스트라: 두 번의 사계 [대구],서양음악(클래식),대구문화예술회관 팔공홀,2026-06-10,2026-06-10,255,0
PF269463,경계: 모든 경계는 넘어서다 [전주],무용(서양/한국무용),전주한벽문화관 한벽공연장,2025-08-08,2025-08-09,255,1
PF219954,벗 [광주],연극,광주북구문화센터 (양산도서관) 공연장,2023-07-08,2023-07-08,255,2
PF264247,제190회 원주시립교향악단 정기연주회 [원주],서양음악(클래식),원주백운아트홀,2025-05-29,2025-05-29,254,0
PF287364,제209회 공주시충남교향악단 정기연주회 [공주],서양음악(클래식),공주문예회관 대공연장,2026-04-17,2026-04-17,254,0
PF266599,"인천시립극단 창단 35주년 기념 낭독공연, 바냐 아저씨 & 과부들",연극,인천문화예술회관 복합문화공간 ,2025-07-03,2025-07-05,254,1
PF290418,DANCING GRANDMOTHERS: 조상님께 바치는 댄스 [인천],무용(서양/한국무용),부평아트센터 해누리극장,2026-06-20,2026-06-20,253,0
PF285041,"과천시립여성합창단 콰이어시리즈 1, 다시 찾아온 봄 [과천]",서양음악(클래식),과천시민회관 대극장,2026-03-12,2026-03-12,253,0
PF289999,키다리밴드: 추억을 노래하다 [평택],대중음악,평택아트센터 소공연장,2026-06-04,2026-06-04,252,0
PF251601,민속악단 기획공연: 오늘의 허튼 가락,한국음악(국악),국립국악원 풍류사랑방,2024-11-06,2024-11-07,252,2
PF284994,"울산시립무용단 기획공연: 굿, 굿, 굿",무용(서양/한국무용),울산문화예술회관 소공연장,2026-03-20,2026-03-20,252,1
PF254315,"대전시립교향악단, 디스커버리 시리즈 9: 크리스마스 콘서트",서양음악(클래식),대전예술의전당 앙상블홀,2024-12-11,2024-12-12,252,0
PF264808,"제230회 부산시립국악관현악단 정기연주회, 창작 위촉곡 시리즈 II. 부산국악작곡가협회와 함께하는 바람이 머무는 시간",한국음악(국악),부산문화회관 대극장,2025-06-24,2025-06-24,252,0
PF290290,쪽빛황혼 [창녕],연극,창녕문화예술회관 대공연장,2026-05-22,2026-05-22,252,0
PF261547,"강원특별자치도립국악관현악단, 강원-부산 ITX 개통기념 합동교류연주회",한국음악(국악),강릉아트센터 (구. 강릉문화예술관) 사임당홀 (대공연장) ,2025-04-10,2025-04-10,251,0
PF272860,"리: 바운드 축제, 금다래꿍",한국음악(국악),예술의전당 [서울] 자유소극장,2025-10-18,2025-10-19,251,0
PF247321,"거창 클래식 페스티벌2, Stars & Strings",서양음악(클래식),거창문화센터 공연장,2024-08-31,2024-08-31,250,0
PF269419,내안의 물고기 [나주],무용(서양/한국무용),나주문화예술회관,2025-07-26,2025-07-26,250,0
PF270239,"경남도립극단, 빌미 [함양]",연극,함양문화예술회관 대공연장,2025-08-06,2025-08-06,250,0
PF239360,"남양주시립합창단, 클래식 세계여행: 흑인영가 / 한국합창",서양음악(클래식),다산아트홀,2024-04-30,2024-04-30,250,0
PF280071,제24회 광산구립합창단 정기연주회: 그리움에서 희망으로 [광주 광산],서양음악(클래식),광산문화예술회관 공연장,2025-12-09,2025-12-09,250,0
PF266152,동백당: 빵집의 사람들 [남원],연극,춘향문화예술회관 대공연장,2025-06-14,2025-06-14,250,0
PF258389,"청소년 낭만활극, 록산느를 위한 발라드 [화성]",연극,반석아트홀,2025-05-10,2025-05-11,249,0
PF269629,"국립창극단, 완창판소리 (9월)",한국음악(국악),국립극장 달오름극장,2025-09-27,2025-09-27,249,0
PF264614,신데렐라의 모래이야기 [강진],서양음악(클래식),강진아트홀 대공연장,2025-06-14,2025-06-14,249,1
PF274116,"국립남도국악원 추석특별공연, 한가위 풍류마당",한국음악(국악),국립남도국악원 진악당,2025-10-06,2025-10-06,249,1
PF264365,"제16회 대한민국 국공립극단페스티벌, 아버지와 나와 홍매와 [경주]",연극,경주예술의전당 소공연장(원화홀),2025-07-09,2025-07-09,249,0
PF290486,AUX 콘서트: 무제; 無題 (Untitled) [부산],한국음악(국악),해운대문화회관 해운홀,2026-06-20,2026-06-20,249,0
PF287098,DCH 합창페스티벌: 대구소년소녀합창단 [대구],서양음악(클래식),대구콘서트하우스 그랜드홀 (대공연장) ,2026-04-18,2026-04-18,248,2
PF266308,"남양주시립합창단, 상상더이상 음악회",서양음악(클래식),이석영 뉴미디어 도서관 계단존 (1F) ,2025-06-14,2025-06-14,248,2
PF247074,국악 관현악 콘서트: Break out and fly #2 [순천],한국음악(국악),순천문화예술회관 대극장,2024-09-07,2024-09-07,248,0
PF259300,대전시립연정국악원 K브런치콘서트: 우.아.한 (05.28),한국음악(국악),대전시립연정국악원 작은마당,2025-05-28,2025-05-28,248,0
PF263126,강아지똥 [횡성],연극,횡성문화예술회관 대공연장,2025-05-13,2025-05-13,248,1
PF250388,제183회 원주시립교향악단 정기연주회,서양음악(클래식),원주백운아트홀,2024-10-24,2024-10-24,247,2
PF224943,그래비티 스페이스 [세종],뮤지컬,세종예술의전당 대공연장,2023-10-06,2023-10-06,246,0
PF287928,제85회 파주시립예술단 기획연주회: 밤의 노래,서양음악(클래식),솔가람아트홀 대공연장,2026-04-09,2026-04-09,245,0
PF284296,"울산시립합창단 기획연주회: 합창, 즐거움",서양음악(클래식),울산문화예술회관 소공연장,2026-03-05,2026-03-05,245,1
PF274121,"국립남도국악원 토요상설, 국악이 좋다: 조선마술사",한국음악(국악),국립남도국악원 진악당,2025-10-11,2025-10-11,245,0
PF259935,국립국악원 강원분원 건립기념 합동교류연주회,한국음악(국악),강릉아트센터 (구. 강릉문화예술관) 사임당홀 (대공연장) ,2025-03-18,2025-03-18,245,0
PF289529,"서울예술단, 나빌레라 [밀양]",뮤지컬,밀양아리랑아트센터 대공연장,2026-05-23,2026-05-23,244,0
PF248659,"대구시립교향악단, 실내악의 발견 Ⅱ. 체임버 시리즈 ⑤ 호른 임주연 & 바순 최윤경 듀오 리사이틀",서양음악(클래식),대구콘서트하우스 챔버홀 (소공연장) ,2024-10-02,2024-10-02,244,0
PF237622,"광주시립합창단 기획연주회 Ⅰ: 합창을 화합의 장으로, 합창을 화합의 도구로",서양음악(클래식),광주북구문화센터 (양산도서관) 공연장,2024-04-12,2024-04-12,244,0
PF244121,배소고지 이야기: 기억의 연못 [목포],연극,목포문화예술회관,2024-07-27,2024-07-27,244,0
PF244650,"대구시립교향악단, 실내악의 발견 Ⅰ. 체임버 시리즈 ③ 듀엣에서 퀸텟까지",서양음악(클래식),대구콘서트하우스 챔버홀 (소공연장) ,2024-08-14,2024-08-14,244,1
PF243208,"대구시립교향악단, 실내악의 발견 Ⅰ. 체임버 시리즈 ② 고전적이고, 낭만적으로",서양음악(클래식),대구콘서트하우스 챔버홀 (소공연장) ,2024-07-17,2024-07-17,244,2
PF276152,아들에게: 미옥 앨리스 현 [태백],연극,태백문화예술회관 대공연장,2025-10-31,2025-10-31,244,0
PF253034,해피 해프닝 [부산],서커스/마술,부산민주공원 공연장 큰방(중극장),2024-11-23,2024-11-24,243,1
PF267921,지금 내려갑니다 [창녕],연극,창녕문화예술회관 대공연장,2025-07-16,2025-07-16,243,1
PF265177,"국립현대무용단, 내가 물에서 본 것 [안동]",무용(서양/한국무용),안동문화예술의전당 웅부홀,2025-08-22,2025-08-22,243,2
PF267088,허튼소리 [부안],한국음악(국악),부안예술회관 공연장,2025-06-19,2025-06-19,243,0
PF264321,제37회 김천시립합창단 정기연주회: Hope & Peace,서양음악(클래식),김천시립문화회관,2025-05-15,2025-05-15,243,0
PF252529,"광주시립교향악단, GSO 체임버 시리즈 Ⅶ",서양음악(클래식),광주 예술의 전당 소극장,2024-12-05,2024-12-05,243,1
PF278379,제78회 부산시립청소년교향악단 정기연주회: 제9번,서양음악(클래식),부산문화회관 대극장,2025-12-09,2025-12-09,242,2
PF250350,"합창으로 듣는 정가, 유희 [연천]",한국음악(국악),연천수레울아트홀 대공연장,2024-11-29,2024-11-29,242,1
PF251262,"대구시립교향악단, 실내악의 발견 Ⅱ. 체임버 시리즈 ⑧ 더블베이스 이효선 리사이틀",서양음악(클래식),대구콘서트하우스 챔버홀 (소공연장) ,2024-11-29,2024-11-29,242,0
PF242823,"국립현대무용단, 여자야 여자야 [강릉]",무용(서양/한국무용),강릉아트센터 (구. 강릉문화예술관) 사임당홀 (대공연장) ,2024-07-20,2024-07-20,242,0
PF291454,"갬블러크루: 얼쑤, 얼쓰 [광명]",대중무용,광명시민회관 대공연장,2026-06-13,2026-06-13,241,0
PF269023,"ACC 수요극장, 한여름 밤의 꿈 (영상화)",서양음악(클래식),국립아시아문화전당 극장3,2025-08-06,2025-08-06,241,0
PF287115,"ACC 수요극장, 백조의 호수 (영상화)",무용(서양/한국무용),국립아시아문화전당 극장3,2026-05-06,2026-05-06,241,0
PF249488,"대구시립교향악단, 실내악의 발견 Ⅱ. 체임버 시리즈 ⑥ 궁정의 실내악",서양음악(클래식),대구콘서트하우스 챔버홀 (소공연장) ,2024-10-23,2024-10-23,241,0
PF285643,"대구시립무용단 기획공연, 스테이지 모빌리티 커넥션 [대구]",무용(서양/한국무용),대구문화예술회관 비슬홀,2026-03-27,2026-03-28,241,0
PF288621,그림 The林 동화콘서트: 자라는 자라 [이천],한국음악(국악),이천아트홀 소공연장,2026-06-13,2026-06-13,240,0
PF263772,"DSAC 문화공감, 전통창작음악집단 4인놀이 국악콘서트: Ⅹ",한국음악(국악),달서아트센터 (구. 웃는얼굴아트센터) 청룡홀,2025-05-21,2025-05-21,240,1
PF268568,배꼽잡는 슬로우 [담양],한국음악(국악),담양문화회관 대공연장,2025-07-04,2025-07-04,240,0
PF277529,"대전시립연정국악단 ,토요국악 (11.22)",한국음악(국악),대전시립연정국악원 작은마당,2025-11-22,2025-11-22,239,0
PF275567,"정크, 클라운 [울진]",연극,울진문화예술회관,2025-10-23,2025-10-23,239,0
PF269079,"연희물리학 ver.1, 원 [천안]",한국음악(국악),천안예술의전당 소공연장,2025-08-23,2025-08-23,239,0
PF287541,"광주시립창극단 대전연정국악단 교류공연: 가락, 네 빛으로 물들다 [광주]",한국음악(국악),광주 예술의 전당 소극장,2026-04-02,2026-04-02,239,0
PF246770,"대구시립교향악단, 실내악의 발견 Ⅰ. 체임버 시리즈 ④ 실내악과 춤을",서양음악(클래식),대구콘서트하우스 챔버홀 (소공연장) ,2024-09-04,2024-09-04,239,1
PF284774,"창작희곡공모 선정작 낭독공연, 옥수수밭 땡볕이지",연극,국립극단 [명동] 명동예술극장,2026-02-27,2026-02-27,239,2
PF244760,"제24회 밀양공연예술축제, 스프레이",연극,"밀양아리나 (구, 밀양연극촌) 꿈꾸는극장",2024-07-23,2024-07-25,239,0
PF245116,"M 마티네 시리즈 Ⅰ, 클래식 히스토리 콘서트: 한낮의 클래식 산책",서양음악(클래식),마포아트센터 아트홀맥,2024-09-03,2024-09-03,239,0
PF239271,"대구시립교향악단, 실내악의 발견 Ⅰ. 체임버 시리즈 ① 앙상블의 매력",서양음악(클래식),대구콘서트하우스 챔버홀 (소공연장) ,2024-05-08,2024-05-08,238,0
PF264145,공주전: Before Princess [구리],무용(서양/한국무용),구리아트홀 코스모스대극장,2025-05-24,2025-05-24,238,0
PF260029,"수성아트피아 시즌페스티벌, 4월 음악제, 서울모테트합창단: Gabriel Faure의 합창 명곡 [대구]",서양음악(클래식),수성아트피아 대극장 (대공연장) ,2025-04-12,2025-04-12,238,0
PF266296,"대전시립연정국악단, 토요국악 (06.28)",한국음악(국악),대전시립연정국악원 작은마당,2025-06-28,2025-06-28,238,0
PF258173,임지영X정나라: 거장의 숨결 [공주],서양음악(클래식),공주문예회관 대공연장,2025-10-21,2025-10-21,238,2
PF242624,"제15회 대한민국 국공립극단 페스티벌, 화염 [경주]",연극,경주예술의전당 소공연장(원화홀),2024-07-12,2024-07-12,238,0
PF275933,"국립남도국악원 토요상설, 국악이 좋다: 합동교류연주회",한국음악(국악),국립남도국악원 진악당,2025-11-22,2025-11-22,238,2
PF289361,배꼽잡는 슬로우 [아산],연극,도고아트홀(구.아산 코미디홀),2026-05-09,2026-05-09,238,0
PF251258,"대구시립교향악단, 실내악의 발견 Ⅱ. 체임버 시리즈 ⑦ 고전 산책",서양음악(클래식),대구콘서트하우스 챔버홀 (소공연장) ,2024-11-12,2024-11-12,238,1
PF285760,대구시립교향악단 체임버 시리즈 Ⅰ: 프랑스 목관의 흐름 [대구],서양음악(클래식),대구콘서트하우스 챔버홀 (소공연장) ,2026-03-25,2026-03-25,238,1
PF256521,"대전시립교향악단 디스커버리 시리즈1, 당.신.들: 당신의 신청곡을 들려드립니다",서양음악(클래식),대전예술의전당 앙상블홀,2025-01-23,2025-01-24,238,0
PF290159,"국립남도국악원 토요상설: 국악이 좋다, (사) 남도민속놀이문화예술원 초청공연: 춤을 부르는 장단 in 전라도",한국음악(국악),국립남도국악원 진악당,2026-05-02,2026-05-02,237,1
PF259763,"다시, 민들레 [청주]",연극,씨어터 제이,2025-03-28,2025-03-29,237,2
PF250291,금란방 [강릉],뮤지컬,강릉단오제전수교육관 (구. 단오문화관) 공연장,2024-10-26,2024-10-26,237,2
PF262531,"어린이날 기획공연, 뿔난 오니",연극,국립국악원 풍류사랑방,2025-05-04,2025-05-05,237,0
PF260268,"남양주시립합창단, 클래식 세계여행: 시 낭송과 함께하는 우리 가곡",서양음악(클래식),다산아트홀,2025-03-18,2025-03-18,237,0
PF237113,"화요국악무대, 수석수작 [대구]",한국음악(국악),대구문화예술회관 비슬홀,2024-04-09,2024-04-09,236,1
PF251934,"서울시국악관현악단 실내악 시리즈 Ⅱ, 남다른 기품",한국음악(국악),세종문화회관 세종체임버홀,2024-12-10,2024-12-10,236,0
PF293210,수상한 흥신소 [완도],연극,완도문화예술의전당,2026-06-23,2026-06-23,236,0
PF292252,뚝딱하니 어흥! [부산],뮤지컬,꿈나래어린이극장,2026-06-13,2026-06-13,236,0
PF238925,"화요국악무대, 가족 힐링 콘서트 [대구]",뮤지컬,대구문화예술회관 비슬홀,2024-05-07,2024-05-07,236,2
PF289380,개굴개굴 고래고래 [아산],연극,도고아트홀(구.아산 코미디홀),2026-05-30,2026-05-30,235,0
PF290512,"부산시립합창단, 꿈을 향해 [꿈꾸는 예술학교 단체관람]",뮤지컬,부산문화회관 중극장,2026-04-29,2026-04-30,235,0
PF289331,"갓을 쓴 도깨비, 갓깨비 [춘천]",복합,춘천인형극장 대극장,2026-05-05,2026-05-05,235,0
PF269528,"국립남도국악원 토요상설, 국악이 좋다: 조공례를 부르다",한국음악(국악),국립남도국악원 진악당,2025-08-02,2025-08-02,235,1
PF239533,"광주시립합창단 기획연주회 Ⅳ: 5·18광주민주화운동 기념음악회, 광주합창제",서양음악(클래식),광주 예술의 전당 소극장,2024-05-16,2024-05-16,235,1
PF279854,"제6회 춘천시립인형극단 정기공연: 흰, 모비딕",연극,봄내극장,2025-12-18,2025-12-20,235,0
PF273471,"국립현대무용단, 정글 [익산]",무용(서양/한국무용),익산예술의전당 대공연장,2025-10-18,2025-10-18,234,0
PF291711,난 책이 좋아요 [부산 금정],뮤지컬,꿈나래어린이극장,2026-06-20,2026-06-20,234,0
PF280962,남양주시립합창단 가족음악회: 상상더이상 음악회 [남양주],서양음악(클래식),별빛도서관 대강당,2025-12-18,2025-12-18,234,0
PF252638,"남양주시립합창단, 해설이 있는 음악회: 올드팝으로 떠나는 세계여행",서양음악(클래식),별빛도서관 대강당,2024-11-14,2024-11-14,234,0
PF248440,"광주시립교향악단, GSO 체임버 시리즈 Ⅵ",서양음악(클래식),광주 예술의 전당 소극장,2024-10-17,2024-10-17,233,0
PF278466,국악관현악 콘서트: 하나의 팔레트 [영광],한국음악(국악),영광예술의전당 대공연장,2025-11-13,2025-11-13,233,0
PF266040,제81회 파주시립예술단 기획연주회 [파주],서양음악(클래식),솔가람아트홀 대공연장,2025-06-12,2025-06-12,233,0
PF272169,"제25회 SPAF, 디아스포라 (Diaspora)",복합,세종문화회관 세종S씨어터,2025-10-18,2025-10-19,233,0
PF272323,"국립남도국악원 토요상설, 국악이 좋다: 김대례를 잇다",한국음악(국악),국립남도국악원 진악당,2025-09-27,2025-09-27,233,0
PF220437,연희도깨비 [남해],한국음악(국악),남해탈공연박물관 다초실험극장,2023-06-23,2023-06-24,233,0
PF274568,"서울아트마켓 (PAMS) , 극단청년단X이인경: 라이트 트리스",복합,서울문화재단 대학로극장 쿼드 (예술청) 대학로극장 쿼드 (예술청) ,2025-10-28,2025-10-29,232,0
PF289414,"앤서니 브라운, 난 책이 좋아요 [아산]",뮤지컬,도고아트홀(구.아산 코미디홀),2026-05-02,2026-05-02,232,0
PF256988,회란기 [공주],연극,공주문예회관 대공연장,2025-02-14,2025-02-15,232,0
PF261839,"대구시립교향악단, 체임버 시리즈 Ⅰ: 익숙한 듯 낮선",서양음악(클래식),대구콘서트하우스 챔버홀 (소공연장) ,2025-04-02,2025-04-02,231,1
PF288635,장애인의 날 기념 Darkness to Light with 길병민 [김포],서양음악(클래식),김포아트홀,2026-04-24,2026-04-24,231,0
PF257968,일리야 라쉬코프스키: 운명의 수레바퀴 [공주],서양음악(클래식),공주문예회관 대공연장,2025-05-02,2025-05-02,231,2
PF276150,춤시 오딧세이 [예산],무용(서양/한국무용),충남도청 문예회관,2025-11-04,2025-11-04,231,2
PF278494,생텍쥐페리 [철원],뮤지컬,철원군 화강문화센터 공연장,2025-11-13,2025-11-13,231,1
PF253064,"부산시립합창단 예술교육공연, 교실 밖 합창여행 (11.06)",서양음악(클래식),부산시민회관 대극장,2024-11-06,2024-11-06,231,0
PF277140,제137회 목포시립교향악단 정기연주회,서양음악(클래식),목포시민문화체육센터 대공연장,2025-11-06,2025-11-06,230,0
PF253234,그들의 논쟁 & 혼돈 [거창],무용(서양/한국무용),거창문화센터 공연장,2024-11-14,2024-11-14,228,0
PF247392,자라는 자라 [인천],한국음악(국악),트라이보울 공연장 (2층) ,2024-09-07,2024-09-07,228,1
PF264373,"경남도립극단 순회공연, 빌미 [창녕]",연극,창녕문화예술회관 대공연장,2025-05-14,2025-05-14,228,0
PF283296,부산시립합창단 특별연주회: 부산시립합창단 x 광주시립합창단 교류음악회,서양음악(클래식),낙동아트센터 콘서트홀,2026-03-17,2026-03-17,227,0
PF248138,블루도그스 [천안],연극,천안시성환문화회관 대공연장,2024-10-12,2024-10-13,227,0
PF291312,도메니코 노르디오 바이올린 독주회: 시간 속의 대화,서양음악(클래식),반포심산아트홀,2026-06-04,2026-06-04,227,0
PF284382,"대전시립연정국악단, 토요국악 [대전] (03.14)",한국음악(국악),대전시립연정국악원 작은마당,2026-03-14,2026-03-14,226,0
PF264421,조선에서 온 리골레토 [곡성],서양음악(클래식),곡성레저문화센터 동악아트홀,2025-06-12,2025-06-12,226,2
PF285036,"ACC 수요극장, 록산느를 위한 발라드 (영상화)",연극,국립아시아문화전당 극장3,2026-04-01,2026-04-01,226,0
PF250997,제118회 강릉시립합창단 정기연주회: 가을수채화,서양음악(클래식),강릉아트센터 (구. 강릉문화예술관) 사임당홀 (대공연장) ,2024-11-08,2024-11-08,226,0
PF228180,실험실 콘서트 [대구],서양음악(클래식),대구문화예술회관 비슬홀,2023-11-18,2023-11-18,225,2
PF275501,광주시립교향악단 체임버 시리즈 Ⅶ. Pastorale,서양음악(클래식),광주 예술의 전당 소극장,2025-11-06,2025-11-06,225,0
PF259208,제76회 부산시립청소년교향악단 정기연주회 [부산],서양음악(클래식),부산문화회관 대극장,2025-04-01,2025-04-01,225,1
PF253528,개굴개굴 고래고래 [완주],연극,완주향토예술문화회관 공연장,2024-12-14,2024-12-14,224,1
PF280299,국립민속국악원 송년공연: 다섯바탕전 [남원],한국음악(국악),국립민속국악원 예원당,2025-12-20,2025-12-20,224,1
PF272181,"서울아트마켓 (PAMS) , 씨앗프로젝트: 오함마백씨행장 완판본",연극,아르코예술극장 소극장,2025-10-23,2025-10-24,224,0
PF264164,"화요국악무대, 꽃바람이 부네 [대구]",한국음악(국악),대구문화예술회관 비슬홀,2025-05-13,2025-05-13,224,1
PF245016,"안동시립합창단 기획공연, 한여름밤의 콘서트",서양음악(클래식),안동문화예술의전당 백조홀,2024-08-08,2024-08-08,223,1
PF277085,제50회 부산시립국악관현악단 청소년 협연의 밤: 꿈과 감성이 있는 젊은 음악회 [부산],한국음악(국악),부산문화회관 중극장,2025-11-21,2025-11-21,223,2
PF265106,"화요국악무대, 한국춤 곡선의 미 [대구]",무용(서양/한국무용),대구문화예술회관 비슬홀,2025-06-10,2025-06-10,223,2
PF240023,"부산시립교향악단 기획음악회, 미완성 음악회 Ⅱ",서양음악(클래식),부산문화회관 대극장,2024-06-20,2024-06-20,223,0
PF262791,"울산시립무용단 기획공연, 춤꾼 [울산]",무용(서양/한국무용),울산문화예술회관 소공연장,2025-05-16,2025-05-16,223,2
PF260879,"BAC 초이스 Ⅰ, 허윤정의 거문고: 절정 [부천]",한국음악(국악),부천아트센터 소공연장,2025-04-26,2025-04-26,221,1
PF277795,아들에게: 미옥 엘리스 현 [삼척],연극,삼척문화예술회관 대공연장,2025-11-15,2025-11-15,221,0
PF261961,"화요국악무대, 가야금으로 시간을 읊다 [대구]",한국음악(국악),대구문화예술회관 비슬홀,2025-04-29,2025-04-29,220,0
PF247096,"더 하우스 콘서트, 기타로 작은 오케스트라를 실현하다",서양음악(클래식),쌍벽루아트홀,2024-09-08,2024-09-08,220,0
PF272546,"화요국악무대, 전통美感 [대구]",한국음악(국악),대구문화예술회관 비슬홀,2025-09-23,2025-09-23,220,1
PF238507,"부산시립청소년교향악단 특별연주회, 솔로이스트들의 축제",서양음악(클래식),부산문화회관 대극장,2024-05-21,2024-05-21,220,2
PF269339,"남양주시립합창단, 상상더이상 음악회",서양음악(클래식),남양주 어린이비전센터 다목적강당,2025-07-26,2025-07-26,220,2
PF246652,"남양주시립합창단, 해설이 있는 음악회: 합창으로 듣는 뮤지컬",서양음악(클래식),와부읍주민자치센터 미디어센터,2024-08-22,2024-08-22,220,0
PF289284,"국립합창단, 흥겨운 합창여행 [나주]",서양음악(클래식),나주문화예술회관,2026-05-01,2026-05-01,219,1
PF253391,"ACC 수요극장, 라보엠",서양음악(클래식),국립아시아문화전당 극장3,2024-12-04,2024-12-04,219,0
PF256028,"부산시립청소년교향악단 예술교육공연, 지그재그 음악놀이",서양음악(클래식),부산문화회관 사랑채극장 (소극장) ,2024-12-18,2024-12-18,219,0
PF265670,"성남시립국악단 기획연주회, 천원의 행복릴레이: 아름다운 여정",한국음악(국악),성남아트센터 앙상블씨어터,2025-06-12,2025-06-12,219,0
PF242250,마술피리: 희망의 메아리 [전남],서양음악(클래식),강진아트홀 대공연장,2024-06-15,2024-06-15,219,0
PF271450,"국립남도국악원 토요상설, 국악이 좋다: 차세대 명인전 1. 전통의 새 물결",한국음악(국악),국립남도국악원 진악당,2025-08-16,2025-08-16,219,2
PF286785,"부산시립교향악단 기획음악회, 실내악 시리즈 Ⅰ: 줌인 Ⅰ",서양음악(클래식),부산문화회관 챔버홀,2026-04-15,2026-04-15,219,0
PF279462,돈의 신 (神) [충주],한국음악(국악),충주시문화회관,2025-12-13,2025-12-13,218,0
PF259319,"국립부산국악원 기악단 정기공연, 전통에 대한 경의 Ⅷ: 화악",한국음악(국악),국립부산국악원 연악당,2025-03-14,2025-03-15,218,1
PF271884,a Dark Room [부산 해운대],무용(서양/한국무용),해운대문화회관 해운홀,2025-09-20,2025-09-20,218,1
PF271926,어머니 달의 신화 [영광],무용(서양/한국무용),영광예술의전당 대공연장,2025-08-21,2025-08-21,218,2
PF244801,통속소설이 머 어때서?! [의정부],연극,의정부예술의전당 대극장,2024-08-31,2024-08-31,217,1
PF242183,국립민속국악원 무용단 정기공연: 길,무용(서양/한국무용),국립민속국악원 예원당,2024-06-13,2024-06-13,217,2
PF254835,누모리 쇼 [논산],복합,논산아트센터(구. 논산문화예술회관) 대공연장,2024-12-14,2024-12-14,217,0
PF274771,"DSAC 온 스테이지, 회신: 윤동주 귀하 [대구]",서양음악(클래식),달서아트센터 (구. 웃는얼굴아트센터) 청룡홀,2025-10-17,2025-10-17,216,1
PF233341,수원시립합창단 기획연주회,서양음악(클래식),수원SK아트리움 소공연장,2024-01-16,2024-01-16,216,2
PF252041,손없는 색시 [영덕],연극,예주문화예술회관,2024-11-30,2024-11-30,216,0
PF271896,제114회 원주시립합창단 정기연주회,서양음악(클래식),국민건강보험공단 (원주) 건강홀,2025-09-05,2025-09-05,215,1
PF253371,"첼리스타 첼로 앙상블, Farewell Concert [대구]",서양음악(클래식),대구콘서트하우스 챔버홀 (소공연장) ,2024-12-21,2024-12-21,215,0
PF243448,목 짧은 기린 지피 [춘천],뮤지컬,춘천인형극장 대극장,2024-07-27,2024-07-27,215,1
PF261941,"국립무용단, 미인 최종 드레스 리허설 공개",무용(서양/한국무용),국립극장 해오름극장,2025-04-02,2025-04-02,214,0
PF263421,"스테이지 149, 인천열전 1: 인천시립장애인예술단: 다함께, 봄",서양음악(클래식),인천문화예술회관 소공연장,2025-05-16,2025-05-16,214,0
PF267258,세기의 사나이 [해남],연극,해남문화예술회관 대공연장,2025-07-03,2025-07-03,214,0
PF277061,"남동문화재단 스포트라이트, 뉴서울필하모닉의 천상의 손끝, 거장의 선율 [인천 남동]",서양음악(클래식),남동소래아트홀 소래극장 (대공연장) ,2025-11-20,2025-11-20,214,0
PF267560,"부산시립교향악단 기획음악회, 실내악 시리즈 Ⅲ: 줌인 Ⅱ [부산]",서양음악(클래식),부산문화회관 챔버홀,2025-08-12,2025-08-12,213,0
PF289558,"토선생, 용궁가다 [제천]",한국음악(국악),제천예술의전당 대공연장,2026-05-30,2026-05-30,213,0
PF245710,벨벳토끼 [완주],한국음악(국악),완주향토예술문화회관 공연장,2024-08-23,2024-08-24,213,1
PF286765,제17회 서산시립합창단 정기연주회: 봄이 피기까지는,서양음악(클래식),서산시문화회관 대공연장,2026-03-19,2026-03-19,212,1
PF252487,문제의 숨은 곡 찾기 [김포],한국음악(국악),통진두레문화센터 두레홀,2024-11-17,2024-11-17,212,2
PF288966,"남양주시립합창단, 클래식 세계여행: 즐거운 세계 민요 여행 (4월)",서양음악(클래식),다산아트홀,2026-04-21,2026-04-21,212,0
PF273631,"대전시립연정국악단, 토요국악 (10.11)",한국음악(국악),대전시립연정국악원 작은마당,2025-10-11,2025-10-11,211,0
PF259273,대전시립연정국악원 K브런치콘서트: 우.아.한 (03.26),한국음악(국악),대전시립연정국악원 작은마당,2025-03-26,2025-03-26,211,0
PF246315,조선에서 온 리골레토 [전주],서양음악(클래식),덕진예술회관,2024-09-14,2024-09-14,211,1
PF288059,춤추는 팬더 [평창],무용(서양/한국무용),평창문화예술회관 대공연장,2026-04-29,2026-04-29,211,0
PF266676,제22회 남양주시립합창단 정기연주회: 케루비니 레퀴엠 C단조,서양음악(클래식),다산아트홀,2025-06-19,2025-06-19,210,0
PF266970,"ACC 수요극장, 알제리의 이탈리아 여인 (영상화)",서양음악(클래식),국립아시아문화전당 극장3,2025-07-02,2025-07-02,210,0
PF233394,"ACC 수요극장, 세헤라자데",서양음악(클래식),국립아시아문화전당 극장3,2024-01-17,2024-01-17,210,0
PF253548,"남양주시립합창단, 클래식 세계여행: 슈트라우스의 왈츠",서양음악(클래식),정약용도서관,2024-11-26,2024-11-26,210,0
PF244934,배소고지 이야기: 기억의 연못 [광양],연극,광양시문화예술회관 대공연장,2024-08-03,2024-08-03,210,0
PF287735,김영욱 x 콜레기움 무지쿰 서울: 8 Seasons [여수],서양음악(클래식),GS칼텍스 예울마루 대극장,2026-05-07,2026-05-07,209,0
PF238869,제71회 충주시립우륵국악단 정기연주회,한국음악(국악),충주시문화회관,2024-04-25,2024-04-25,208,0
PF265637,"부산시립국악관현악단 예술교육공연, 재밌는 국악 신나는 국악 (6월)",한국음악(국악),부산문화회관 중극장,2025-06-04,2025-06-04,208,0
PF257043,경셩유행가: 판을 나온 소리 [공주],한국음악(국악),공주문예회관 대공연장,2025-05-23,2025-05-23,207,2
PF242567,"제15회 대한민국 국공립극단 페스티벌, 뻘 [경주]",연극,경주예술의전당 대공연장(화랑홀),2024-07-09,2024-07-09,206,0
PF278903,쪽빛 황혼 [청양],연극,청양문예회관 대공연장,2025-11-27,2025-11-27,206,0
PF288325,토요일 토요일은 클래식 Vol 2. 제주특별자치도립 서귀포합창단: 목소리의 온기,서양음악(클래식),김정문화회관,2026-04-11,2026-04-11,206,0
PF249183,오즈의 의류수거함 [양구],뮤지컬,양구문화복지센터,2024-09-28,2024-09-28,206,0
PF239973,"광주시립창극단 교류공연, 국립민속국악원 찾아가는 국악원",한국음악(국악),광주 예술의 전당 소극장,2024-05-08,2024-05-08,205,2
PF278409,자라는 자라 [정선],한국음악(국악),정선아리랑센터 아리랑홀,2025-06-20,2025-06-20,204,2
PF275206,대전시립합창단 기획연주회 Ⅵ. 가족 정원,서양음악(클래식),대전예술의전당 앙상블홀,2025-10-31,2025-10-31,204,0
PF252542,"국립국악원 창작악단, 환상기행 [논산]",한국음악(국악),논산아트센터(구. 논산문화예술회관) 대공연장,2024-11-06,2024-11-06,204,0
PF243118,이기동체육관 [영덕],연극,예주문화예술회관,2024-07-13,2024-07-13,204,0
PF237856,"ACC 수요극장, 국립무용단: 묵향",무용(서양/한국무용),국립아시아문화전당 극장3,2024-04-03,2024-04-03,203,0
PF277835,매우 춰라! [의성],한국음악(국악),의성문화회관,2025-11-13,2025-11-13,203,0
PF248181,제110회 원주시립합창단 정기연주회,서양음악(클래식),원주치악예술관,2024-09-26,2024-09-26,203,1
PF250069,Pool [광주],무용(서양/한국무용),광주 예술의 전당 소극장,2024-10-15,2024-10-15,203,0
PF250926,정수정전 [공주],뮤지컬,공주문예회관 대공연장,2024-11-08,2024-11-08,203,0
PF277646,부산시립교향악단 기획음악회: 실내악 시리즈 Ⅴ. 줌인 Ⅲ,서양음악(클래식),부산문화회관 챔버홀,2025-12-02,2025-12-02,203,0
PF250888,"국립합창단 청년교육단원 합창연주회: 가을밤, 시 그리고 낭만 [거창]",서양음악(클래식),거창문화센터 공연장,2024-10-15,2024-10-15,202,0
PF254808,이기동 체육관 [울진],연극,울진문화예술회관,2024-12-12,2024-12-12,202,0
PF265798,"부산시립청소년교향악단 예술교육공연, 재밌는 클래식 맛있는 클래식",서양음악(클래식),부산문화회관 대극장,2025-06-04,2025-06-04,202,1
PF264065,국립민속국악원 어린이날 기획공연: 별이와 무지개다리,뮤지컬,국립민속국악원 예원당,2025-05-05,2025-05-05,201,1
PF225183,친절한 돼지씨 [부안],한국음악(국악),부안예술회관 공연장,2023-09-08,2023-09-08,201,1
PF271726,"국립남도국악원 토요상설, 국악이 좋다: 허창열의 탈, 굿",한국음악(국악),국립남도국악원 진악당,2025-08-23,2025-08-23,201,0
PF241315,순정대학x밀당대학 [전북 완주],서양음악(클래식),완주문화예술회관 대극장,2024-05-31,2024-05-31,201,0
PF284727,"창작희곡공모 선정작 낭독공연, 극동아시아 요리 연구",연극,국립극단 [명동] 명동예술극장,2026-02-26,2026-02-26,200,1
PF270041,스프레이 [양주],연극,양주문화예술회관 소공연장,2025-08-23,2025-08-23,200,2
PF292662,빨간기타 [장수],뮤지컬,장수한누리전당 소공연장,2026-06-02,2026-06-02,200,0
PF289898,똥벼락 [장수],한국음악(국악),장수한누리전당 소공연장,2026-04-24,2026-04-24,200,0
PF249277,"대한민국은 공연중, 극단홍시: 이별의 말도 없이",연극,예술의전당 [서울] 자유소극장,2024-10-26,2024-10-27,200,1
PF267141,"대구시립교향악단, 체임버 시리즈 Ⅱ. 윈드 온 스트링스",서양음악(클래식),비원뮤직홀 콘서트홀,2025-06-17,2025-06-17,200,2
PF282652,"대전시립교향악단 디스커버리 시리즈 1, 당.신.들: 당신의 신청곡을 들려드립니다",서양음악(클래식),대전예술의전당 앙상블홀,2026-01-22,2026-01-23,200,0
PF249443,"대한민국은 공연중, 안다미로아트컴퍼니: 문",무용(서양/한국무용),예술의전당 [서울] 자유소극장,2024-11-10,2024-11-10,200,2
PF245772,걷다 바라보다 그리고 서다 [제주],무용(서양/한국무용),제주아트센터 대극장,2024-08-18,2024-08-18,199,1
PF283942,"국립심포니콘서트오케스트라, 멘델스존, 교향곡 3번 스코틀랜드 [세종]",서양음악(클래식),세종문화예술회관 대공연장,2026-02-12,2026-02-12,199,1
PF280322,부산시립무용단 특별공연: 홀로홀춤 with 움트다,무용(서양/한국무용),부산문화회관 중극장,2025-12-05,2025-12-06,198,2
PF264658,"부산시립교향악단 예술교육공연, 우리아이 음악회",서양음악(클래식),부산문화회관 중극장,2025-05-09,2025-05-09,198,0
PF222391,발레 메카닉 [강동],복합,강동아트센터 소극장 드림,2023-08-19,2023-08-20,198,2
PF246187,진호의 책방 [의성],서양음악(클래식),의성문화회관,2024-08-20,2024-08-20,198,0
PF277721,줄타는 아이와 아프리카 도마뱀 [군산],한국음악(국악),군산예술의전당 소공연장,2025-11-29,2025-11-29,197,0
PF242639,"제15회 대한민국 국공립극단 페스티벌, 창작희곡의 발견",연극,경주예술의전당 소공연장(원화홀),2024-06-28,2024-06-29,197,0
PF284734,"창작희곡공모 선정작 낭독공연, 모노텔",연극,국립극단 [명동] 명동예술극장,2026-02-28,2026-02-28,197,0
PF268184,몬드리안: 더 라인 오브 옵세션 [수원],무용(서양/한국무용),수원문화원 (빛누리아트홀) 수원문화원 (빛누리아트홀) ,2025-07-26,2025-07-26,197,2
PF261097,고래바위에서 기다려 [양평],연극,양평문화재단 씨어터 양평,2025-04-12,2025-04-12,197,2
PF249276,"대한민국은 공연중, 극단 파람불: 옥이가 오면",연극,예술의전당 [서울] 자유소극장,2024-11-08,2024-11-08,197,2
PF235151,춘천시립예술단 정기회원 음악회,서양음악(클래식),춘천문화예술회관 공연장,2024-02-29,2024-02-29,196,1
PF248964,"공명콘서트, 별 헤는 밤 빼앗긴 들에서 꽃처럼 침묵을 깨다 [군산]",한국음악(국악),군산예술의전당 대공연장,2024-09-28,2024-09-28,195,0
PF272718,스트라빈스키의 병사이야기 [강릉],복합,강릉아트센터 (구. 강릉문화예술관) 소공연장,2025-10-01,2025-10-01,195,1
PF243451,"대전시립교향악단, 디스커버리 시리즈 7: 신인발굴 음악회",서양음악(클래식),대전예술의전당 앙상블홀,2024-07-25,2024-07-25,195,0
PF268034,"부산시립무용단 Dancers and Masterpiece Vol.4, 이정윤의 댄스살롱: 별이 빛나는 쌍쌍",무용(서양/한국무용),부산문화회관 중극장,2025-07-11,2025-07-12,194,0
PF246102,배소고지 이야기: 기억의 연못 [부산],연극,(재) 영화의전당 하늘연극장,2024-09-21,2024-09-21,194,2
PF288284,"ACC x QUAD 기언치, 봄: 헉_Hug [서울]",무용(서양/한국무용),서울문화재단 대학로극장 쿼드 (예술청) 대학로극장 쿼드 (예술청) ,2026-05-08,2026-05-09,194,0
PF223138,"제23회 SPAF, 싸움의 기술, 졸 2.0",연극,여행자극장,2023-10-12,2023-10-15,193,0
PF265723,"대전시립연정국악단, 토요국악 (06.14)",한국음악(국악),대전시립연정국악원 작은마당,2025-06-14,2025-06-14,193,0
PF269035,"BAC 초이스 Ⅴ 2인 가극, 아파트",서양음악(클래식),부천아트센터 소공연장,2025-09-27,2025-09-28,193,2
PF246064,타악 & DJ퍼포먼스: BEAT OF SCHOOL,복합,전주한벽문화관 한벽공연장,2024-08-13,2024-08-14,193,0
PF271656,춤추는 은빛 초상화 [하남],연극,하남문화예술회관 아랑홀(소극장),2025-09-06,2025-09-06,192,0
PF252078,대단한 놀이판: 오늘의 광대 [밀양],한국음악(국악),밀양아리랑아트센터 대공연장,2024-11-16,2024-11-16,192,1
PF247486,말뚝이 가라사대 [울산],서양음악(클래식),울산중구문화의전당 함월홀 (2층) ,2024-10-11,2024-10-11,192,2
PF263621,"대전시립교향악단 디스커버리 시리즈4, 시네마 클래식 [대전]",서양음악(클래식),대전예술의전당 앙상블홀,2025-05-08,2025-05-09,192,0
PF246895,디토 체임버 뮤직 소사이어티: 바흐학 개론 [천안],서양음악(클래식),천안시성환문화회관 대공연장,2024-10-04,2024-10-05,192,0
PF252309,"강동예술인페스티벌, 구립무용단",무용(서양/한국무용),강동아트센터 소극장 드림,2024-10-26,2024-10-26,192,0
PF249660,한빛오케스트라와 함께하는 희망음악회 [산청],서양음악(클래식),산청문화예술회관 대공연장,2024-10-17,2024-10-17,192,0
PF245463,눈으로 보자 귀로 듣자 타악기야 놀자! [인천],서양음악(클래식),청라복합문화센터 블루노바홀 공연장,2024-08-21,2024-08-21,192,0
PF251694,제9회 강동구소년소녀합창단 정기연주회,서양음악(클래식),강동아트센터 소극장 드림,2024-11-03,2024-11-03,192,0
PF288709,"국립남도국악원 토요상설: 국악이 좋다, 삶의 노래: 농요",한국음악(국악),국립남도국악원 진악당,2026-05-16,2026-05-16,192,0
PF239962,에코백 [보성],복합,보성군문화예술회관,2024-05-14,2024-05-14,191,1
PF245040,보물섬을 찾아 떠나보세! [연천],한국음악(국악),연천수레울아트홀 대공연장,2024-08-30,2024-08-30,191,0
PF291384,강아지똥 [부산],연극,부산민주공원 공연장 큰방(중극장),2026-06-20,2026-06-20,191,1
PF277525,대전시립합창단 기획연주회 Ⅶ. 세계음악시리즈: 재즈 인 블루,복합,대전예술의전당 앙상블홀,2025-11-14,2025-11-14,191,0
PF237576,"광주시립합창단 기획연주회 Ⅱ: 합창을 화합의 장으로, 합창을 화합의 도구로",서양음악(클래식),전일빌딩245 다목적강당,2024-04-16,2024-04-16,191,1
PF263431,"ASAC 클래식, 김영욱 X 콜레기움무지쿰: 8 Seasons [안산]",서양음악(클래식),안산문화예술의전당 달맞이극장,2025-06-21,2025-06-21,191,0
PF288706,"국립남도국악원 토요상설: 국악이 좋다, 가무극 날 좀 보소",한국음악(국악),국립남도국악원 진악당,2026-05-09,2026-05-09,190,2
PF245058,"국립현대무용단, 코레오 커넥션 1: 박재현 수선되는 밤 X 정진아 아니요, 네 [세종]",무용(서양/한국무용),세종예술의전당 대공연장,2024-09-25,2024-09-25,189,2
PF272329,"대전시립연정국악원 K브런치 콘서트, 우.아.한: 도치 (10.29)",한국음악(국악),대전시립연정국악원 작은마당,2025-10-29,2025-10-29,189,0
PF244466,신 별주부전 [천안],서양음악(클래식),천안예술의전당 대공연장,2024-09-12,2024-09-12,189,2
PF290288,판소리 시 (詩) 네마 오페라: 소월 [인천],복합,문학시어터,2026-05-29,2026-05-30,189,0
PF278265,"대전시립교향악단 디스커버리 시리즈 7, 신인발굴 음악회 [대전]",서양음악(클래식),대전예술의전당 앙상블홀,2025-11-12,2025-11-12,189,0
PF261073,올라비올라의 B to B [연천],서양음악(클래식),연천수레울아트홀 대공연장,2025-04-12,2025-04-12,188,0
PF250292,제75회 부산시립청소년교향악단 정기연주회,서양음악(클래식),부산문화회관 대극장,2024-11-29,2024-11-29,188,0
PF246273,"제24회 SPAF, 미나미무라 치사토: 침묵 속에 기록된",무용(서양/한국무용),아르코예술극장 소극장,2024-10-17,2024-10-18,188,0
PF252550,"전남도립국악단 교류공연, 국악이음: 광주시립창극단",한국음악(국악),남도소리울림터,2024-11-16,2024-11-16,188,0
PF289218,"사물놀이 몰개, Sound Project: 파랑 [충주]",한국음악(국악),충주시문화회관,2026-04-30,2026-04-30,188,0
PF254563,한빛오케스트라와 함께하는 희망음악회 [구리],서양음악(클래식),구리아트홀 코스모스대극장,2024-12-07,2024-12-07,187,1
PF241359,모차르트의 마법 바이올린 [남해],서양음악(클래식),남해문화센터 (구. 남해군문화체육센터) 다목적홀,2024-06-04,2024-06-04,186,0
PF275926,"국립남도국악원 토요상설, 국악이 좋다: 소고 놀음 허튼",한국음악(국악),국립남도국악원 진악당,2025-11-01,2025-11-01,186,0
PF272213,"리: 바운드 축제, 개똥이와 무등산 호랑이",한국음악(국악),노원어린이극장 (구.노원어울림극장) 노원어린이극장 (구.노원어울림극장) ,2025-11-02,2025-11-02,185,0
PF244670,배소고지 이야기: 기억의 연못 [논산],연극,논산아트센터(구. 논산문화예술회관) 대공연장,2024-07-19,2024-07-20,185,0
PF262145,선녀씨 이야기 [대전],연극,대전시립연정국악원 작은마당,2025-05-02,2025-05-02,185,0
PF244793,쾌도난장 [고흥],한국음악(국악),고흥문화회관 김연수실,2024-07-26,2024-07-27,185,1
PF246254,"운수대통: 젊은 것들아, 잘봐라 우리도 할 수 있어 [사천]",연극,사천문화예술회관 대공연장,2024-08-22,2024-08-22,185,0
PF279775,"대전시립교향악단 마스터즈 시리즈11, 송년음악회: 합창 [대전]",서양음악(클래식),대전시립연정국악원 큰마당,2025-12-16,2025-12-16,184,0
PF251742,"강동예술인페스티벌, 구립국악관현악단",한국음악(국악),강동아트센터 소극장 드림,2024-10-20,2024-10-20,184,0
PF224898,슬리핑 뷰티 [충주],무용(서양/한국무용),충주시문화회관,2023-09-15,2023-09-16,184,1
PF277814,"화요국악무대, 허튼가락 산조 [대구]",서양음악(클래식),대구문화예술회관 비슬홀,2025-11-25,2025-11-25,184,1
PF276427,김영욱 x 콜레기움 무지쿰 서울: 8 Seasons [부산],서양음악(클래식),금정문화회관 대공연장(금빛누리홀),2025-12-06,2025-12-06,183,0
PF273814,"ACC 수요극장, 브람스 교향곡 4번 (영상화)",서양음악(클래식),국립아시아문화전당 극장3,2025-10-01,2025-10-01,183,0
PF288282,"대전시립연정국악단, 토요국악 (04.25)",한국음악(국악),대전시립연정국악원 작은마당,2026-04-25,2026-04-25,182,0
PF253459,인간탐구생활 [영천],뮤지컬,영천시민회관 스타홀,2024-11-23,2024-11-23,182,0
PF235042,제177회 원주시립교향악단 정기연주회,서양음악(클래식),원주백운아트홀,2024-02-23,2024-02-23,182,0
PF273505,브라스 무브먼트 [전남 무안],서양음악(클래식),남도소리울림터,2025-09-27,2025-09-27,182,0
PF287546,"남동문화재단 N-Pick, 국립현대무용단, 얍!얍!얍! [인천]",무용(서양/한국무용),남동소래아트홀 소래극장 (대공연장) ,2026-04-17,2026-04-18,181,0
PF274519,"대전시립교향악단 마스터즈 시리즈 10, 엘가 교향곡 제1번",서양음악(클래식),대전시립연정국악원 큰마당,2025-10-21,2025-10-21,181,1
PF239854,"춘천시립인형극단, 이머시브 오브제극 미토의 고백",연극,KT&G 상상마당 [춘천] 사운드홀,2024-05-22,2024-05-26,181,0
PF287439,말린 고추와 복숭아향 립스틱 [대전],연극,대전예술의전당 앙상블홀,2026-06-26,2026-06-27,181,0
PF264912,"ACC 수요극장, 만선 (영상화)",연극,국립아시아문화전당 극장3,2025-06-04,2025-06-04,181,0
PF272314,탐라순력도: 다채로운 꿈 [제주 서귀포],복합,김정문화회관,2025-09-06,2025-09-06,181,1
PF234711,"대전시립교향악단 디스커버리 시리즈2, 화이트데이 콘서트",서양음악(클래식),대전예술의전당 앙상블홀,2024-03-14,2024-03-15,180,0
PF268435,이별의 말도 없이 [예산],연극,예산문예회관,2025-07-12,2025-07-12,180,0
PF274923,In search of PARADISE: 낙원을 찾아서 [울산],무용(서양/한국무용),울산북구문화예술회관 공연장,2025-10-23,2025-10-23,180,0
PF251947,"부산시립교향악단 기획음악회, 부산시향의 심야음악회",서양음악(클래식),부산문화회관 중극장,2024-12-06,2024-12-06,180,1
PF268142,자라는 자라 [평창],한국음악(국악),평창문화예술회관 대공연장,2025-07-15,2025-07-15,179,0
PF266033,흥보 마누라 이혼소송 사건 [과천],한국음악(국악),과천시민회관 소극장,2025-06-21,2025-06-21,179,1
PF244056,가장무도 [안동],한국음악(국악),안동문화예술의전당 백조홀,2024-09-27,2024-09-27,179,2
PF276946,타악기로 듣는 전람회의 그림 [제주],서양음악(클래식),김정문화회관,2025-11-02,2025-11-02,179,2
PF276781,"수원시립합창단 기획연주회: Unison, 우리의 노래",서양음악(클래식),수원SK아트리움 대공연장,2025-11-05,2025-11-05,178,0
PF276774,신데렐라의 모래이야기 [완주],서양음악(클래식),완주향토예술문화회관 공연장,2025-11-07,2025-11-07,178,0
PF288356,"남양주시립합창단, 상상더이상 음악회",서양음악(클래식),화도수동행정복지센터 천마홀(다목적공연장),2026-04-11,2026-04-11,178,2
PF236247,"부산시립교향악단 기획음악회, 미완성 음악회 Ⅰ",서양음악(클래식),부산문화회관 대극장,2024-04-18,2024-04-18,177,0
PF254802,사신의 기: 택견 [충주],한국음악(국악),충주시문화회관,2024-12-06,2024-12-06,176,1
PF261712,"DSAC 온 스테이지, 교집합: 스치듯 물들여지는 모든 것들에 대한 [대구]",무용(서양/한국무용),달서아트센터 (구. 웃는얼굴아트센터) 청룡홀,2025-04-18,2025-04-18,176,0
PF248049,"제24회 SPAF, 프로젝트 이인 Ⅹ 캐나다 내셔널액세스아트센터: 카메라 루시다",무용(서양/한국무용),아르코예술극장 소극장,2024-10-26,2024-10-27,176,0
PF240536,"국립남도국악원 토요상설, 국악이 좋다: 전주시립국악단 초청공연, 여울빛 콘서트",한국음악(국악),국립남도국악원 진악당,2024-05-11,2024-05-11,175,1
PF287663,"국립남도국악원 토요상설: 국악이 좋다, 양주풍류악회 X 정재연구회 초청공연",한국음악(국악),국립남도국악원 진악당,2026-04-11,2026-04-11,175,1
PF289876,빵굽는 포포아저씨［경남 산청］,뮤지컬,산청문화예술회관 대공연장,2026-05-06,2026-05-06,175,0
PF271010,실과 철: 몸의 현 [제주],무용(서양/한국무용),김정문화회관,2025-08-23,2025-08-23,175,0
PF283291,제8회 대전아트필하모닉 오케스트라 정기연주회: 신년음악회 [대전],서양음악(클래식),대전시립연정국악원 큰마당,2026-02-03,2026-02-03,175,2
PF266764,제192회 원주시립교향악단 정기연주회 [원주],서양음악(클래식),원주치악예술관,2025-06-27,2025-06-27,175,2
PF260839,토요일 토요일은 클래식 vol.2: 제주특별자치도립 서귀포예술단,서양음악(클래식),김정문화회관,2025-03-15,2025-03-15,174,0
PF240011,당국땡: 당신은 지금 국악이 땡긴다 [군포],한국음악(국악),군포문화예술회관 철쭉홀,2024-05-25,2024-05-25,174,0
PF244373,나와 몬스터 그리고 가방 [보성],연극,보성군문화예술회관,2024-07-04,2024-07-04,173,0
PF266425,"광주시립극단 기획공연 출장연극시리즈 2, 리보와 앤 [광주 북구문화센터]",연극,광주북구문화센터 (양산도서관) 공연장,2025-07-04,2025-07-04,173,1
PF224543,평롱(平弄): 그 평안한 떨림 [양구],한국음악(국악),양구문화복지센터,2023-09-22,2023-09-23,173,2
PF288294,"ACC x QUAD 기언치, 봄: 아따, 구보씨 [서울]",연극,서울문화재단 대학로극장 쿼드 (예술청) 대학로극장 쿼드 (예술청) ,2026-05-15,2026-05-16,172,1
PF279568,"국립남도국악원 토요상설, 국악이 좋다: 디딤",한국음악(국악),국립남도국악원 진악당,2025-12-13,2025-12-13,172,1
PF245470,차이콥스키 콩쿠르 수상자 콘서트 [대구],서양음악(클래식),수성아트피아 대극장 (대공연장) ,2024-09-12,2024-09-12,172,0
PF220723,조상님께 바치는 댄스 [제주],무용(서양/한국무용),김정문화회관,2023-07-01,2023-07-02,172,2
PF276058,아줌마가 달려간다 [청송],연극,청송문화예술회관 대공연장,2025-10-28,2025-10-28,171,0
PF275014,"화요국악무대, 젊은 국악 [대구]",한국음악(국악),대구문화예술회관 비슬홀,2025-10-28,2025-10-28,171,1
PF285249,"DSAC 아트 셀렉션, 긴긴밤 [대구]",한국음악(국악),달서아트센터 (구. 웃는얼굴아트센터) 청룡홀,2026-03-20,2026-03-20,171,0
PF267641,줄타는 아이와 아프리카 도마뱀 [완주],한국음악(국악),완주향토예술문화회관 공연장,2025-07-11,2025-07-11,171,0
PF278143,"제7회 대전아트필하모닉오케스트라정기연주회: 시벨리우스, 희망 [대전]",서양음악(클래식),대전시립연정국악원 큰마당,2025-11-29,2025-11-29,171,1
PF265470,줄타는 아이와 아프리카 도마뱀 [속초],한국음악(국악),속초문화예술회관 대공연장,2025-06-14,2025-06-14,171,0
PF261224,"판소리 레미제라블, 구구선 사람들 [제주]",한국음악(국악),제주아트센터 대극장,2025-04-19,2025-04-19,171,1
PF253785,하얀마음 하얀이 [영광],뮤지컬,영광예술의전당 대공연장,2024-11-21,2024-11-21,170,0
PF247894,국악 관현악 콘서트: Break out and fly #2 [완주],한국음악(국악),완주향토예술문화회관 공연장,2024-09-28,2024-09-28,170,0
PF269326,스윙 어게인 [인천],무용(서양/한국무용),인천중구문화회관,2025-08-16,2025-08-16,170,0
PF247340,보물섬을 찾아 떠나보세! [부산],한국음악(국악),영도문화예술회관 대공연장(봉래홀),2024-09-20,2024-09-20,170,0
PF259316,"대전시립청소년합창단, 가곡시리즈 Ⅱ: 꽃 피는 날",서양음악(클래식),대전예술의전당 앙상블홀,2025-03-22,2025-03-22,170,2
PF284368,명품 국악 컬렉션: 김무빈 [대전],한국음악(국악),대전시립연정국악원 작은마당,2026-03-07,2026-03-07,170,0
PF288710,"국립남도국악원 토요상설: 국악이 좋다, 울돌네야",무용(서양/한국무용),국립남도국악원 진악당,2026-05-23,2026-05-23,169,1
PF225340,판소리 레미제라블: 구구선 사람들 [영덕],한국음악(국악),무형문화재 전수관 소공연장,2023-09-16,2023-09-17,169,0
PF222919,슬리핑 뷰티 [인천],무용(서양/한국무용),청라복합문화센터 블루노바홀 공연장,2023-08-18,2023-08-19,169,1
PF268262,GRAVITY [이천],무용(서양/한국무용),이천아트홀 소공연장,2025-09-06,2025-09-06,169,0
PF242383,"광주시립창극단 교류공연, 천변만화",한국음악(국악),국립민속국악원 예원당,2024-06-22,2024-06-22,169,1
PF292145,쪽빛황혼 [울산],연극,울산문화예술회관 대공연장,2026-06-20,2026-06-20,169,0
PF272247,딴소리 판 [창녕],한국음악(국악),창녕문화예술회관 대공연장,2025-09-10,2025-09-10,168,0
PF268515,갑진딴스 [태백],무용(서양/한국무용),태백문화예술회관 대공연장,2025-07-11,2025-07-11,168,1
PF239601,"과천시립교향악단 연주회, 이병욱의 불새 그리고 김다미",서양음악(클래식),하남문화예술회관 검단홀(대극장),2024-05-25,2024-05-25,168,0
PF275469,"경남도민예술단 송현, 바람에 새겨진 이름",무용(서양/한국무용),창녕문화예술회관 대공연장,2025-10-23,2025-10-23,168,0
PF288170,"아티스트 인 안동, 트리플 노트 (Triple Note) : 선율과 울림",복합,안동문화예술의전당 백조홀,2026-06-04,2026-06-04,168,0
PF287875,"대전시립연정국악단, 토요국악 (04.11)",한국음악(국악),대전시립연정국악원 작은마당,2026-04-11,2026-04-11,167,0
PF288748,"체어, 테이블, 체어 [완주]",복합,완주향토예술문화회관 공연장,2026-05-02,2026-05-02,167,1
PF272173,"제25회 SPAF, 반 쿨트, 무앙 쿨트: 숭배에 관하여",연극,아르코예술극장 소극장,2025-10-28,2025-10-29,167,0
PF271390,제131회 울산시립합창단 정기연주회: 합창종합선물세트,서양음악(클래식),울산문화예술회관 대공연장,2025-09-18,2025-09-18,167,1
PF256066,"강북구립소년소녀합창단 창단 7주년 정기연주회: 함께, 너와 내가 행복해",서양음악(클래식),강북문화예술회관 소공연장 (강북진달래홀) ,2024-12-21,2024-12-21,167,0
PF260944,"국립현대무용단, 얍! 얍! 얍! [경기 광주]",무용(서양/한국무용),광주시문화예술의전당 (구. 남한산성아트홀) 남한산성홀,2025-05-31,2025-05-31,167,0
PF248479,배소고지 이야기: 기억의 연못 [순천],연극,순천문화예술회관 대극장,2024-09-28,2024-09-28,166,0
PF279567,"국립남도국악원 토요상설, 국악이 좋다: 연륜, 시간이 흘러 여기까지",한국음악(국악),국립남도국악원 진악당,2025-12-06,2025-12-06,166,0
PF281715,강북구립소년소녀합창단 창단 8주년 정기연주회: 어린왕자,서양음악(클래식),강북문화예술회관 소공연장 (강북진달래홀) ,2025-12-20,2025-12-20,165,1
PF269473,지금 내려갑니다 [의령],연극,의령군민문화회관,2025-07-25,2025-07-25,165,0
PF262254,부산시립청소년교향악단 특별연주회: 솔로이스트들의 축제,서양음악(클래식),부산문화회관 대극장,2025-05-13,2025-05-13,165,2
PF262558,완창무대: 소리 판,한국음악(국악),국립민속국악원 예음헌,2025-04-19,2025-09-13,165,0
PF279052,국립극단 명작 상영회 [서울 광진] (영상화),연극,나루아트센터 갤러리(전시실),2025-11-26,2025-12-10,165,0
PF262565,"제920회 전남도립국악단 토요가무악희 시즌2, 그린국악: 나의 무대, 나의 그린국악",한국음악(국악),남도소리울림터,2025-04-26,2025-04-26,164,0
PF225303,판소리 레미제라블: 구구선 사람들 [광명],한국음악(국악),광명시민회관 대공연장,2023-10-06,2023-10-07,164,0
PF251284,"제10회 바로크음악제: 한국음악이 있는 세계의 바로크, 불세출, 자락: 사라져가는 것에 대하여 [대전]",한국음악(국악),대전시립연정국악원 큰마당,2024-11-09,2024-11-09,164,0
PF246438,수상한 외갓집 [산청],연극,산청문화예술회관 대공연장,2024-08-29,2024-08-29,164,1
PF270347,"지휘자와 함께하는 원데이 아카데미, 교향악단: 클래식 엿보기 [김천]",서양음악(클래식),김천시립문화회관,2025-08-20,2025-08-20,163,0
PF247222,"가곡시리즈 Ⅰ, 슈베르트 & 이수인",서양음악(클래식),대전예술의전당 앙상블홀,2024-09-14,2024-09-14,163,0
PF259327,"대전시립합창단 기획연주회 Ⅱ, 시니어 음악회: My Way",서양음악(클래식),대전예술의전당 앙상블홀,2025-03-18,2025-03-18,162,0
PF242389,"군산시립교향악단 하우스 캔들 콘서트 Ⅱ, 캔들시네마",서양음악(클래식),군산예술의전당 대공연장,2024-06-20,2024-06-20,161,0
PF271405,"국립남도국악원 토요상설, 국악이 좋다: 연희에 물들다",한국음악(국악),국립남도국악원 진악당,2025-08-09,2025-08-09,161,2
PF270984,병사 이야기 [인제],서양음악(클래식),인제하늘내린센터 대공연장,2025-08-16,2025-08-16,161,1
PF258341,더블빌: 초인 & 당신의 징후 [화성],무용(서양/한국무용),반석아트홀,2025-04-26,2025-04-26,160,0
PF290446,"SEA: SONG 시리즈01, 가곡의 봄 [거제]",서양음악(클래식),거제문화예술회관 야외공연장,2026-05-11,2026-05-11,160,0
PF251629,"전남도립국악단 교류공연, 국악이음: 경복도립국악단 [무안]",한국음악(국악),남도소리울림터,2024-10-26,2024-10-26,158,0
PF248424,고추장수 서일록씨의 잔혹한 하룻밤 [영덕],연극,예주문화예술회관,2024-09-25,2024-09-25,157,0
PF220631,벗 [양산],연극,쌍벽루아트홀,2023-07-15,2023-07-15,157,0
PF240907,순정대학x밀당대학 [전북 장수],서양음악(클래식),장수한누리전당 소공연장,2024-05-30,2024-05-30,157,0
PF274119,"국립남도국악원 토요상설, 국악이 좋다: 소수민족",한국음악(국악),국립남도국악원 진악당,2025-10-04,2025-10-04,156,0
PF272177,"리: 바운드 축제, 0.75 청년시대",연극,구로창의아트홀,2025-11-07,2025-11-08,156,0
PF279571,"국립남도국악원 토요상설, 국악이 좋다: 조각보, 그것은 내가 해야제",한국음악(국악),국립남도국악원 진악당,2025-12-20,2025-12-20,156,1
PF287669,"국립남도국악원 토요상설: 국악이 좋다, 사물놀이 땀띠 초청공연: 지금 우리 이곳에",한국음악(국악),국립남도국악원 진악당,2026-04-25,2026-04-25,155,1
PF248271,"부산시립청소년교향악단 특별연주회, 유망주음악회-Ensemble",서양음악(클래식),부산문화회관 챔버홀,2024-10-05,2024-10-05,155,0
PF249351,"대한민국은 공연중, 안애순컴퍼니: 척",무용(서양/한국무용),국립극단 [명동] 명동예술극장,2024-10-22,2024-10-23,155,2
PF250424,어머니 달의 신화 [강북],무용(서양/한국무용),강북문화예술회관 강북소나무홀 (구.대공연장) ,2024-11-16,2024-11-16,155,0
PF251931,"더 하우스 콘서트, 해금과 재즈피아노의 만남 [양산]",복합,쌍벽루아트홀,2024-11-10,2024-11-10,155,0
PF273604,"창작희곡 공모 선정작 낭독공연, 역행기",연극,국립극단 [명동] 명동예술극장,2025-09-28,2025-09-28,155,0
PF288236,고영열의 봄이 오는 소리: 춘향 [수원],한국음악(국악),정조테마공연장,2026-04-25,2026-04-25,154,2
PF245060,"국립현대무용단, 코레오 커넥션 4: 정글 [세종]",무용(서양/한국무용),세종예술의전당 대공연장,2024-10-05,2024-10-05,154,1
PF285313,"판소리 레미제라블, 구구선 사람들 [수원]",한국음악(국악),정조테마공연장,2026-03-28,2026-03-28,153,0
PF288609,"춘천 고음악 시리즈, 고음악의 향연: 이탈리안 바로크 2, 콜레기움 강워넨세",서양음악(클래식),춘천문화예술회관 공연장,2026-05-26,2026-05-26,153,0
PF247565,유쾌한 하녀 마리사 [김해],연극,김해서부문화센터 하늬홀,2024-09-21,2024-09-21,153,0
PF267902,토선생 용궁가다 [의령],한국음악(국악),의령군민문화회관,2025-07-11,2025-07-11,152,2
PF246193,"제6회 마포 M 국악페스티벌, 꼬레아 리듬터치: 악단광칠 콘서트, 매우춰라!",한국음악(국악),마포아트센터 플레이맥,2024-09-22,2024-09-22,152,0
PF272426,"리: 바운드 축제, 낭땡이로 확 쳐불구정 허다",연극,노원문화예술회관 소공연장,2025-10-31,2025-11-01,152,0
PF272058,"박인환 칸타타, 마리서사: 박인환, AI로 만나다 [인제]",서양음악(클래식),인제하늘내린센터 대공연장,2025-08-30,2025-08-30,152,1
PF287990,"국립현대무용단, 얍! 얍! 얍! [익산]",무용(서양/한국무용),익산예술의전당 대공연장,2026-04-25,2026-04-25,151,0
PF234800,제75회 군산시립합창단 기획연주회: 꿈엔들 잊힐리야,서양음악(클래식),"군산예술의전당 2,3 전시실 로비",2024-02-22,2024-02-22,150,0
PF263983,별별마당 우금치 어린이극장: 할머니가 들려주는 우리 신화 [대전] (5월),한국음악(국악),별별마당 우금치 관용극장,2025-05-03,2025-05-31,150,0
PF246866,"화요국악무대, 타율 [대구]",한국음악(국악),대구문화예술회관 비슬홀,2024-09-10,2024-09-10,150,2
PF234731,"군산시립교향악단 하우스 캔들 콘서트 I, 그대에게 주는 음악 선물",서양음악(클래식),군산예술의전당 대공연장,2024-02-14,2024-02-14,150,0
PF287157,"K-국악스테이지, 경기도당굿보존회 X 국립민속국악원 기악단: 하나되어 [남원]",한국음악(국악),국립민속국악원 예원당,2026-03-28,2026-03-28,150,0
PF274087,"대전시립연정국악단, 토요국악 (10.25)",한국음악(국악),대전시립연정국악원 작은마당,2025-10-25,2025-10-25,149,0
PF278270,대전아트콰이어 기획연주회 2: 합창으로 에헤라디야,서양음악(클래식),대전예술의전당 앙상블홀,2025-11-13,2025-11-13,149,0
PF248871,"제3회 연극페스티벌: 인생예찬, 경숙이, 경숙아버지 [경기 광주]",연극,광주시문화예술의전당 (구. 남한산성아트홀) 맹사성홀,2024-10-19,2024-10-19,149,0
PF266501,제2회 광산구립합창단 영·호남 친선음악회 [광주],서양음악(클래식),광산문화예술회관 공연장,2025-06-14,2025-06-14,149,0
PF242912,블루도그스 [사천],연극,사천문화예술회관 대공연장,2024-06-28,2024-06-29,149,2
PF258070,히트 앤 런 (Hit & Run) [김해],무용(서양/한국무용),김해문화의전당 마루홀,2025-03-22,2025-03-22,148,0
PF259885,"부산시립청소년교향악단 특별연주회, 유망주음악회",서양음악(클래식),부산문화회관 챔버홀,2025-04-19,2025-04-19,148,2
PF253643,우정만리 [밀양],연극,밀양아리랑아트센터 대공연장,2024-12-06,2024-12-06,148,0
PF273493,"창작희곡 공모 선정작 낭독공연, 야견들",연극,국립극단 [명동] 명동예술극장,2025-09-27,2025-09-27,148,0
PF249158,옷장 속 이야기 [구리],한국음악(국악),구리아트홀 유채꽃소극장,2024-10-12,2024-10-13,148,0
PF276088,"녕 (寧) , 왕자의 길 [인천 중구]",무용(서양/한국무용),인천학생교육문화회관 싸리재홀(대공연장),2025-11-08,2025-11-08,147,0
PF260811,"부산시립교향악단 기획음악회, 미완성 음악회 Ⅲ",서양음악(클래식),부산문화회관 대극장,2025-04-10,2025-04-10,147,0
PF248188,"콘서트 IN 북구 #2, 더튠 근대민요프로젝트: 늙은 노래의 좌표",한국음악(국악),광주북구문화센터 (양산도서관) 공연장,2024-09-27,2024-09-28,147,1
PF251928,"강동예술인페스티벌, 구립풍물",한국음악(국악),강동아트센터 소극장 드림,2024-10-23,2024-10-23,147,0
PF275329,제2회 대전아트콰이어 정기연주회: 샐러리맨 칸타타 [대전],서양음악(클래식),대전시립연정국악원 큰마당,2025-10-15,2025-10-15,147,1
PF272179,"리: 바운드 축제, 초혼제: 기왕지사 인연 맺은 이 땅이오니",한국음악(국악),강북문화예술회관 소공연장 (강북진달래홀) ,2025-11-09,2025-11-09,147,1
PF274379,제25회 SPAF: 세 번째 전쟁,복합,아르코예술극장 소극장,2025-11-01,2025-11-02,147,0
PF276455,프렉쳐,연극,아르코 꿈밭극장 아르코꿈밭극장,2025-11-01,2025-11-02,146,2
PF278591,제3회 인천시립소년소녀합창단 정기연주회: 인천! 해방둥이,서양음악(클래식),인천문화예술회관 대공연장,2025-11-08,2025-11-08,146,1
PF222075,슬리핑 뷰티 [광명],무용(서양/한국무용),광명시민회관 대공연장,2023-08-11,2023-08-12,146,1
PF264108,부산시립교향악단 기획음악회: 미완성 음악회Ⅳ,서양음악(클래식),부산문화회관 대극장,2025-06-18,2025-06-18,146,0
PF247354,"반가워, 교양있고 향기로운 음악 [함양]",서양음악(클래식),함양문화예술회관 대공연장,2024-09-12,2024-09-12,145,0
PF260621,어머니 달의 신화 [제주],복합,BeIN(비인),2024-12-01,2024-12-01,145,2
PF272321,"국립남도국악원 토요상설, 국악이 좋다: 하멜, 조선은 처음이지?",한국음악(국악),국립남도국악원 진악당,2025-09-13,2025-09-13,145,0
PF288598,전설의 황금 미역 [부산],서양음악(클래식),영도문화예술회관 대공연장(봉래홀),2026-05-02,2026-05-02,144,1
PF279875,"제941회 전남도립국악단 토요가무악희 시즌4, 그린국악: 혼을 담은 소리를 그리다",한국음악(국악),남도소리울림터,2025-12-20,2025-12-20,144,0
PF237141,"창작공감: 희곡, 입체낭독공연: 오함마백씨행장 완판본",연극,홍익대 대학로 아트센터 소극장,2024-03-15,2024-03-16,144,0
PF273774,기도문 (Litanei) [과천],연극,과천시민회관 소극장,2025-10-17,2025-10-18,144,0
PF256651,제186회 원주시립교향악단 정기연주회 [원주],서양음악(클래식),원주백운아트홀,2025-01-09,2025-01-09,143,2
PF266399,쪽빛황혼 [예산],연극,예산문예회관,2025-06-12,2025-06-12,143,0
PF266161,갑신의 거 [충주],연극,충주시문화회관,2025-06-21,2025-06-21,142,1
PF246190,제74회 부산시립청소년교향악단 정기연주회,서양음악(클래식),부산문화회관 대극장,2024-09-10,2024-09-10,142,0
PF293358,김영하 작가의 음악 [양구],서양음악(클래식),양구문화복지센터,2026-06-20,2026-06-20,142,1
PF275411,대전아트필하모닉오케스트라 기획연주회 2: 낭만을 부탁해,서양음악(클래식),대전예술의전당 앙상블홀,2025-10-24,2025-10-24,142,2
PF258189,더 라인 오브 옵세션-몬드리안 (The Line of Obsession-Mondrian) [김해],무용(서양/한국무용),김해문화의전당 마루홀,2025-04-18,2025-04-19,142,0
PF244604,"제24회 밀양공연예술축제, 헤비메탈 걸스",연극,"밀양아리나 (구, 밀양연극촌) 꿈꾸는극장",2024-08-02,2024-08-03,142,0
PF272201,"제25회 SPAF: 900 며칠, 20세기의 기억",무용(서양/한국무용),에스팩토리 D동,2025-11-07,2025-11-08,141,0
PF285387,"세종국악관현악단의 한낮의 음악회: 여음 Ⅰ, 소리는 어떻게 한 사람의 삶이 되는가?",한국음악(국악),군포문화예술회관 철쭉홀,2026-03-11,2026-03-11,141,0
PF271451,어머니 달의신화 [예산],무용(서양/한국무용),예산문예회관,2025-08-30,2025-08-30,141,0
PF267369,PISTE: Eight Moments (피스트: 여덟 개의 순간) [제주],무용(서양/한국무용),제주아트센터 대극장,2025-07-12,2025-07-12,141,0
PF290062,국립민속국악원 어린이날 기획공연: 별이와 무지개다리 [남원],뮤지컬,국립민속국악원 예원당,2026-05-05,2026-05-05,141,1
PF277530,"대전시립연정국악단, 토요국악 (11.08)",한국음악(국악),대전시립연정국악원 작은마당,2025-11-08,2025-11-08,141,0
PF240642,"5월, 화합과 미래로 [광산]",서양음악(클래식),광산문화예술회관 공연장,2024-05-18,2024-05-18,141,0
PF249993,제49회 부산시립국악관현악단 청소년 협연의 밤: 꿈과 감성이 있는 젊은 음악회,한국음악(국악),부산문화회관 중극장,2024-11-26,2024-11-26,140,1
PF254953,기린의 여행법,연극,홍익대 대학로 아트센터 소극장,2024-12-21,2024-12-21,140,1
PF264084,"ACC 수요극장, 조씨고아, 복수의 씨앗 (영상화)",연극,국립아시아문화전당 극장3,2025-05-21,2025-05-21,140,0
PF286929,"K-국악스테이지, 국립민속국악원 국악연주단: 봄, 향기 [남원]",한국음악(국악),국립민속국악원 예원당,2026-03-21,2026-03-21,140,1
PF243411,이야기로 만나는 춤의 정원 [원주],무용(서양/한국무용),원주치악예술관,2024-07-07,2024-07-07,139,0
PF242491,제181회 원주시립교향악단 & 제109회 원주시립합창단 정기연주회,서양음악(클래식),원주치악예술관,2024-06-27,2024-06-27,138,0
PF249026,"One, 나의 유토피아 [광주]",한국음악(국악),광주 예술의 전당 소극장,2024-10-01,2024-10-01,138,1
PF271441,제77회 부산시립청소년교향악단 정기연주회 [부산],서양음악(클래식),부산문화회관 대극장,2025-09-12,2025-09-12,138,2
PF255440,"제905회 전남도립국악단 토요가무악희 시즌4, 그린국악: 가장 나다운, 나의 그린국악",한국음악(국악),남도소리울림터,2024-12-21,2024-12-21,137,0
PF253443,"부산시립청소년교향악단 특별연주회, 유망주음악회: 동행",서양음악(클래식),부산문화회관 챔버홀,2024-12-10,2024-12-10,137,1
PF252229,밀정리스트 [양주],연극,양주문화예술회관 소공연장,2024-11-16,2024-11-16,137,0
PF273629,"그때, 그들, 그집 [옥천]",연극,옥천문화예술회관,2025-09-19,2025-09-19,137,0
PF254957,반,연극,홍익대 대학로 아트센터 소극장,2024-12-20,2024-12-20,137,1
PF266498,"광주시립극단 기획공연 출장연극시리즈 2, 리보와 앤 [광주 디자인진흥원]",연극,광주디자인센터 이벤트홀,2025-07-11,2025-07-11,137,1
PF274946,"ACC 수요극장, 춘향 (영상화)",한국음악(국악),국립아시아문화전당 극장3,2025-10-15,2025-10-15,137,0
PF251874,잠자는 숲속의 미녀 [의령],무용(서양/한국무용),의령군민문화회관,2024-11-01,2024-11-01,136,0
PF263318,"대전시립합창단 기획연주회 Ⅲ, 가족과 함께하기 좋은 영화 음악 콘서트: Sound of Movie [대전]",서양음악(클래식),대전예술의전당 앙상블홀,2025-05-15,2025-05-15,136,0
PF272625,흥으로 잇는 세상: 연희 판 [원주],한국음악(국악),원주치악예술관,2025-09-27,2025-09-27,136,0
PF251861,제23회 광산구립합창단 정기연주회,서양음악(클래식),광산문화예술회관 공연장,2024-11-05,2024-11-05,135,1
PF263517,"안산시립합창단 특별기획공연, 안산시립합창단과 함께하는 태교음악회: 클래식 이펙트 콘서트 [안산]",서양음악(클래식),안산문화예술의전당 별무리극장,2025-05-17,2025-05-17,135,0
PF259365,"전통시리즈, 판소리 다섯마당: 박수범 [대전]",한국음악(국악),대전시립연정국악원 작은마당,2025-03-20,2025-03-20,135,2
PF259029,"부산시립교향악단 기획음악회, 미완성 음악회 Ⅱ",서양음악(클래식),부산문화회관 중극장,2025-03-05,2025-03-05,135,0
PF269535,기린자리 [서산],한국음악(국악),서산시문화회관 대공연장,2025-07-26,2025-07-26,134,0
PF266510,"광주시립극단 기획공연 출장연극시리즈 2, 리보와 앤 [광주 서빛마루문화예술회관]",연극,서빛마루문화예술회관,2025-07-16,2025-07-16,134,1
PF287386,PISTE: Eight Moments (피스트: 여덟 개의 순간) [대전],무용(서양/한국무용),대전예술의전당 앙상블홀,2026-05-30,2026-05-30,134,0
PF248070,"이천국제음악제, 프린지 콘서트 8th: 커티스 트리오",서양음악(클래식),이천아트홀 소공연장,2024-10-12,2024-10-12,133,0
PF265627,국립민속국악원 국악의 날 기획공연: 다듬고 가꾸어 잇고 있다 [남원],한국음악(국악),국립민속국악원 예원당,2025-06-05,2025-06-05,133,2
PF243843,비르투오소들의 조우 (遭遇) [전주],서양음악(클래식),한국소리문화의전당 연지홀,2024-08-24,2024-08-24,133,0
PF278746,제67회 부여군충남국악단 정기공연: 사비지음,한국음악(국악),부여국악의전당,2025-11-15,2025-11-15,133,0
PF249206,"대한민국은 공연중, 오! 오필리아 오필리아 Ⅹ The Day Before: episode",무용(서양/한국무용),국립극단 [명동] 명동예술극장,2024-11-08,2024-11-09,133,0
PF242103,"광주 어린이 상상극장, 에코백 [경기 광주]",서커스/마술,광주시문화예술의전당 (구. 남한산성아트홀) 맹사성홀,2024-08-17,2024-08-17,132,0
PF254877,"제615회 부산시립교향악단 정기연주회 오픈 리허설 콘서트, 미완성 음악회Ⅲ",서양음악(클래식),부산문화회관 대극장,2024-12-19,2024-12-19,132,0
PF254280,"더 하우스 콘서트, 클라리넷 음악계의 신선한 바람 [양산]",서양음악(클래식),쌍벽루아트홀,2024-12-08,2024-12-08,132,0
PF265800,"부산시립청소년교향악단 특별연주회, 유망주음악회",서양음악(클래식),부산문화회관 챔버홀,2025-06-14,2025-06-14,131,2
PF261494,"대구시립합창단 작은음악회, 챔버시리즈 Ⅰ",서양음악(클래식),대구콘서트하우스 챔버홀 (소공연장) ,2025-04-15,2025-04-15,130,2
PF243678,"국립심포니오케스트라 X 콩치노 콩크리트, 오프 어라운드 클래식 [경기]",서양음악(클래식),콩치노콩크리트 공연장,2024-07-13,2024-07-13,130,0
PF265941,제113회 원주시립합창단 & 제191회 원주시립교향악단 정기연주회 [원주],서양음악(클래식),원주치악예술관,2025-06-12,2025-06-12,129,0
PF240850,고칠봉씨 귀촌 분투기 [단양],연극,단양군문화예술회관 공연장,2024-05-18,2024-05-18,129,2
PF249178,"대전시립합창단 기획연주회 6, 가을 가곡 가락",서양음악(클래식),대전예술의전당 앙상블홀,2024-10-11,2024-10-11,128,0
PF235441,"제126회 울산시립합창단 정기연주회, 합창선물 3",서양음악(클래식),울산문화예술회관 대공연장,2024-03-07,2024-03-07,128,0
PF244896,"제894회 전남도립국악단 토요가무악희 시즌3, 그린국악: 우리의 소리를 그리다: partⅡ, 무용",무용(서양/한국무용),남도소리울림터,2024-07-27,2024-07-27,128,0
PF272199,"제25회 SPAF, 100개의 키보드",복합,TINC This is Not a Church(구. 명성교회) TINC,2025-10-22,2025-10-23,127,0
PF288933,지역 아티스트와 함께하는 K-클래식 콘서트3: 노이에클랑 M.A.P. [천안],서양음악(클래식),천안예술의전당 소공연장,2026-05-21,2026-05-21,126,0
PF246050,"춘천시립인형극단, 미토의 고백 (앵콜)",연극,KT&G 상상마당 [춘천] 사운드홀,2024-08-22,2024-08-24,126,0
PF263598,선녀씨 이야기 [태백],연극,태백문화예술회관 대공연장,2025-05-09,2025-05-09,126,1
PF221040,"청소년을 위한 공연예술축제, 지수가 누구야 [영덕]",연극,영덕 무형문화재 전수교육관 소극장,2023-07-10,2023-07-10,125,0
PF224058,"청소년을 위한 공연예술축제, Do It Now! [대구]",연극,문화예술전용극장CT,2023-09-15,2023-09-16,125,0
PF288185,남복이 차복이 [전주],연극,전주대사습청(구.전주소리문화관) 놀이마당(야외마당),2026-04-18,2026-04-18,125,0
PF253415,"광주시립교향악단, GSO 오티움 콘서트 Ⅴ: Modern",서양음악(클래식),광주 예술의 전당 소극장,2024-12-11,2024-12-11,125,0
PF270759,"제930회 전남도립국악단 토요가무악희 시즌3, 그린국악: 국악의 내일을 그리다",한국음악(국악),남도소리울림터,2025-08-16,2025-08-16,124,0
PF272209,"제25회 SPAF, 카르카사",무용(서양/한국무용),서울문화재단 대학로극장 쿼드 (예술청) 대학로극장 쿼드 (예술청) ,2025-11-01,2025-11-02,124,0
PF252508,삐노키오 [인천],연극,인천중구문화회관,2024-11-22,2024-11-23,124,2
PF252810,제5회 춘천시립인형극단 정기공연: 달나라의 장난,연극,축제극장몸짓,2024-11-29,2024-11-30,124,0
PF266116,"백양문화예술회관 with 부산시립무용단: 춤, 본색 [부산]",무용(서양/한국무용),백양문화예술회관 공연장,2025-06-28,2025-06-28,124,0
PF275068,"남양주시립합창단, 상상더이상 음악회",서양음악(클래식),와부읍주민자치센터 미디어센터,2025-10-16,2025-10-16,123,1
PF251719,블루도그스 [거창],연극,거창문화센터 공연장,2024-10-25,2024-10-26,123,0
PF276180,부산시립교향악단 기획음악회: 실내악 시리즈 Ⅳ. 동행 (同行),서양음악(클래식),부산문화회관 중극장,2025-11-05,2025-11-05,123,0
PF256295,부산시립교향악단 기획음악회: 미완성 음악회 Ⅰ,서양음악(클래식),부산문화회관 대극장,2025-01-09,2025-01-09,123,0
PF286057,"K-국악스테이지, 경기도당굿보존회 X 국립민속국악원 기악단: 선율에 오른 굿 [남원]",한국음악(국악),국립민속국악원 예원당,2026-03-14,2026-06-27,123,0
PF258026,"대전시립무용단, 단원창작공연: New Wave in Daejeon",무용(서양/한국무용),대전예술의전당 앙상블홀,2025-03-07,2025-03-07,122,0
PF266273,"판소리마당, 소리 판: 명창무대",한국음악(국악),국립민속국악원 예음헌,2025-06-14,2025-09-27,122,1
PF235491,"울산시립무용단 기획공연, 춤비나리: 벨신",무용(서양/한국무용),울산문화예술회관 소공연장,2024-03-08,2024-03-08,122,2
PF274875,"DSAC 지역예술 협력 프로그램, 대구시립소년소녀합창단: For a Better World",서양음악(클래식),달서아트센터 (구. 웃는얼굴아트센터) 청룡홀,2025-10-14,2025-10-14,122,1
PF272222,"리: 바운드 축제, 우릴 살게한 소리, 가노",연극,오류아트홀,2025-11-08,2025-11-08,122,0
PF284401,국립민속국악원 새해 설 공연: 설마설마,한국음악(국악),국립민속국악원 예원당,2026-02-17,2026-02-17,122,0
PF272337,"리: 바운드 축제, 해녀수덕",서양음악(클래식),강북문화예술회관 강북소나무홀 (구.대공연장) ,2025-10-16,2025-10-16,121,0
PF282024,"춘천시립합창단 모닝콘서트, PAUSE Ⅰ: 새로움의 희망, 기쁨 그리고 설렘",서양음악(클래식),춘천문화예술회관 로비,2026-01-21,2026-01-21,121,0
PF290412,이야기 보따리 ① 별이와 무지개다리 [남원],한국음악(국악),국립민속국악원 예원당,2026-05-09,2026-05-09,120,0
PF243827,공명콘서트: 별 헤는 밤 빼앗긴 들에서 꽃처럼 침묵을 깨다 [부산],한국음악(국악),동래문화회관 대극장,2024-07-20,2024-07-20,120,1
PF237534,"제876회 전남도립국악단 토요가무악희 시즌1, 그린국악",한국음악(국악),남도소리울림터,2024-03-23,2024-03-23,120,0
PF273826,춤추는 은빛 초상화 [태안],연극,태안군문화예술회관 대공연장,2025-09-25,2025-09-25,120,0
PF273539,그라고 다 가불고 낭게,연극,국립극단 [명동] 명동예술극장,2025-09-26,2025-09-26,120,0
PF279069,"대전시립교향악단 디스커버리 시리즈 8, 크리스마스 콘서트",서양음악(클래식),대전예술의전당 앙상블홀,2025-12-09,2025-12-10,119,0
PF249731,"더 하우스 콘서트, 영 아티스트들의 숨결로 만나는 베토벤 [양산]",서양음악(클래식),쌍벽루아트홀,2024-10-13,2024-10-13,119,0
PF246134,대한적십자사 청소년오케스라 정기연주회,서양음악(클래식),롯데콘서트홀,2024-08-05,2024-08-05,118,0
PF253466,제31회 달서구립합창단 정기연주회 [대구],서양음악(클래식),달서아트센터 (구. 웃는얼굴아트센터) 청룡홀,2024-11-22,2024-11-22,118,0
PF251531,"대전시립합창단 기획연주회7, 세계음악시리즈: 탱고",서양음악(클래식),대전예술의전당 앙상블홀,2024-11-28,2024-11-28,117,0
PF272493,스윙 어게인 [평창],무용(서양/한국무용),평창문화예술회관 대공연장,2025-09-17,2025-09-17,117,0
PF280633,대전아트콰이어 기획연주회 3: 별과 찬미,서양음악(클래식),대전시립연정국악원 큰마당,2025-12-09,2025-12-09,117,0
PF250295,"제6회 마포 M국악 페스티벌, 꼬레아 리듬터치 Ⅳ: 판소리 레미제라블: 구구선 사람들",한국음악(국악),마포아트센터 플레이맥,2024-12-07,2024-12-07,117,0
PF244231,공명 콘서트: 별 헤는 밤 빼앗긴 들에서 꽃처럼 침묵을 깨다 [철원],한국음악(국악),철원군 화강문화센터 공연장,2024-07-18,2024-07-18,117,0
PF251075,첼로가야금 2.0 콘서트 [용인],복합,용인문화예술원 마루홀,2024-11-02,2024-11-02,116,0
PF242499,마술피리: 희망의 메아리 [이천],서양음악(클래식),이천아트홀 소공연장,2024-07-13,2024-07-13,116,0
PF218167,서교동에서 죽다 [진주],연극,현장아트홀,2023-06-17,2023-06-18,115,0
PF246195,자락: 사라져가는 것에 대하여 [평택],한국음악(국악),평택시북부문예회관 소공연장,2024-09-04,2024-09-04,115,1
PF241525,앙상블오푸스의 꿈꾸는 저녁 [천안],서양음악(클래식),천안예술의전당 소공연장,2024-07-04,2024-07-04,114,0
PF264417,"제924회 전남도립국악단 토요가무악희 시즌2, 그린국악: 청포장 꽃바람",한국음악(국악),남도소리울림터,2025-05-31,2025-05-31,114,0
PF247928,대단한 놀이판: 오늘의 광대 [하동],한국음악(국악),하동문화예술회관 대공연장,2024-09-12,2024-09-12,114,1
PF281038,"제942회 전남도립국악단 토요가무악희 시즌4, 그린국악: 겨울, 기억을 잇다",한국음악(국악),남도소리울림터,2025-12-27,2025-12-27,113,0
PF221037,"청소년을 위한 공연예술축제, Do It Now! [영덕]",연극,영덕 무형문화재 전수교육관 소극장,2023-07-12,2023-07-12,112,0
PF269837,적로: 이슬의 노래 [대구],한국음악(국악),대구문화예술회관 비슬홀,2025-08-15,2025-08-16,111,2
PF252152,손 없는 색시 [군위],연극,군위 삼국유사교육문화회관 공연장,2024-11-07,2024-11-07,111,0
PF283731,"K-브런치콘서트, 우.아.한: 황현선 (3월)",한국음악(국악),대전시립연정국악원 작은마당,2026-03-25,2026-03-25,111,0
PF292547,꼬마 강치전 [남양주],뮤지컬,남양주 어린이비전센터 다목적강당,2026-06-19,2026-06-20,111,2
PF262836,경기필하모닉오케스트라 마스터즈 시리즈I: 베토벤 교향곡 3번 (영상화),서양음악(클래식),경상남도문화예술회관 대공연장,2025-05-20,2025-05-20,111,1
PF248716,"제6회 마포 M국악 페스티벌, 꼬레아 리듬터치 Ⅲ: 첼로가야금 2.0 콘서트",복합,마포아트센터 플레이맥,2024-11-05,2024-11-05,110,0
PF252371,엄마를 찾아 떠나는 아리의 모험 [고흥],한국음악(국악),고흥문화회관 김연수실,2024-11-12,2024-11-12,109,0
PF253593,수상한 외갓집 [고흥],연극,고흥문화회관 김연수실,2024-11-27,2024-11-27,109,1
PF279391,당신만이 [양구],뮤지컬,양구문화복지센터,2025-10-25,2025-10-25,109,0
PF266860,"제926회 전남도립국악단 토요가무악희 시즌2, 그린국악: 화려한 선율로 아침을 깨우다",한국음악(국악),남도소리울림터,2025-06-21,2025-06-21,108,0
PF254517,제111회 원주시립합창단 정기연주회 [원주],서양음악(클래식),원주치악예술관,2024-12-05,2024-12-05,107,1
PF224064,"청소년을 위한 공연예술축제, 지수가 누구야 [대구]",연극,문화예술전용극장CT,2023-09-11,2023-09-12,107,0
PF252836,보물섬을 찾아 떠나보세! [합천],한국음악(국악),합천군문화예술회관 대공연장,2024-11-20,2024-11-20,107,0
PF287200,제40회 김천시립국악단 정기연주회: 국악ZIP 집대성,한국음악(국악),김천시립율곡도서관 율곡홀 (다목적강당),2026-03-26,2026-03-26,107,0
PF274574,"서울아트마켓 (PAMS) , 네이키드블루스: 이 세상 말고",연극,TINC This is Not a Church(구. 명성교회) TINC,2025-11-05,2025-11-09,106,0
PF234669,"대전시립무용단, 단원창작공연: New Wave In Daejeon",무용(서양/한국무용),대전예술의전당 앙상블홀,2024-02-23,2024-02-23,105,0
PF249735,말뚝이 가라사대 [이천],서양음악(클래식),이천아트홀 소공연장,2024-11-08,2024-11-08,105,1
PF251664,"판소리 레미제라블, 구구선 사람들 [밀양]",한국음악(국악),밀양아리랑아트센터 소공연장,2024-11-14,2024-11-14,105,0
PF241603,적로: 이슬의 노래 [안동],한국음악(국악),안동문화예술의전당 백조홀,2024-08-02,2024-08-02,104,0
PF273184,"제932회 전남도립국악단 토요가무악희 시즌3, 그린국악: 국악의 내일을 그리다",한국음악(국악),남도소리울림터,2025-09-13,2025-09-13,104,0
PF242727,벨벳토끼 [보성],한국음악(국악),보성군문화예술회관,2024-06-18,2024-06-19,103,0
PF284413,제79회 부산시립청소년교향악단 정기연주회 [부산],서양음악(클래식),부산문화회관 중극장,2026-03-18,2026-03-18,103,1
PF274040,춤시 오딧세이 [경기 광주],무용(서양/한국무용),광주시문화예술의전당 (구. 남한산성아트홀) 남한산성홀,2025-11-01,2025-11-01,103,0
PF256341,"춘천시립합창단 모닝콘서트 PAUSE 1: 겨울, 그리고 다가올 봄",서양음악(클래식),춘천문화예술회관 공연장,2025-01-22,2025-01-22,103,0
PF275877,"춘천시립합창단 모닝콘서트, PAUSE Ⅱ: 사랑과 Nostalgia [춘천]",서양음악(클래식),춘천문화예술회관 로비,2025-11-05,2025-11-05,103,0
PF246098,"더 하우스 콘서트, 에스윗 & 전유라 [태백]",서양음악(클래식),태백문화예술회관 소공연장,2024-08-09,2024-08-09,102,1
PF264174,갑신의 거 [부천],연극,부천시민회관 대공연장,2025-07-11,2025-07-12,101,1
PF243373,모차르트와 모짜렐라의 마술피리 이야기 [춘천],서양음악(클래식),춘천인형극장 대극장,2024-07-13,2024-07-13,101,0
PF290570,"국립현대무용단, 얍! 얍! 얍! [음성]",무용(서양/한국무용),음성문화예술회관 대공연장,2026-05-30,2026-05-30,100,0
PF262696,제80회 군산시립합창단 기획 연주회: 쉿! 크릿 콘서트,서양음악(클래식),군산예술의전당 소공연장,2025-05-15,2025-05-15,100,0
PF250891,그루브 in 판소리 [경기 광주],한국음악(국악),광주시문화예술의전당 (구. 남한산성아트홀) 맹사성홀,2024-11-01,2024-11-01,100,1
PF259200,"제914회 전남도립국악단 토요가무악희 시즌1, 그린국악: 새로운 그린국악을 그리다",한국음악(국악),남도소리울림터,2025-03-15,2025-03-15,100,0
PF241452,조선에서 온 리골레토 [전북],서양음악(클래식),장수한누리전당 소공연장,2024-06-13,2024-06-13,99,1
PF259034,"포천반월아트홀 토요상설, 별별 소리",한국음악(국악),포천반월아트홀 소극장,2025-03-22,2025-03-22,99,0
PF249202,속살: 숨겨둔 진실 [거창],연극,거창문화센터 공연장,2024-10-05,2024-10-05,98,0
PF290779,"이야기 보따리 ② 오늘, 오늘이의 노래 [남원]",연극,국립민속국악원 예원당,2026-05-16,2026-05-16,97,2
PF236348,"제873회 전남도립국악단 토요가무악희 시즌1, 그린국악",한국음악(국악),남도소리울림터,2024-03-02,2024-03-02,97,0
PF271358,"네 발은 좋고, 두 발은 나쁘다 [전주]",한국음악(국악),전북예술회관 공연장,2025-09-06,2025-09-06,96,2
PF246683,"제24회 SPAF, 코끼리들이 웃는다: 커뮤니티 대소동",연극,아르코예술극장 소극장,2024-10-11,2024-10-13,96,0
PF224268,그래비티 스페이스 [대구],뮤지컬,대구문화예술회관 팔공홀,2023-09-23,2023-09-24,96,1
PF268236,"경남도립극단 순회공연: GOTT, 神 (신) , GOD",연극,거창문화센터 공연장,2025-07-05,2025-07-05,96,0
PF224957,"청소년을 위한 공연예술축제, 5=1 [대구]",연극,문화예술전용극장CT,2023-09-13,2023-09-13,96,0
PF251081,그랜드 필하모닉 오케스트라의 클래식 히스토리 콘서트 [철원],서양음악(클래식),철원군 화강문화센터 공연장,2024-10-17,2024-10-17,95,0
PF255178,"국립극단 X ACC, 오장군의 발톱 낭독회",연극,국립아시아문화전당 극장3,2024-12-11,2024-12-11,95,0
PF284627,"대전시립교향악단 챔버 시리즈 1, 플루트와 실내악 [대전]",서양음악(클래식),대전예술의전당 앙상블홀,2026-03-06,2026-03-06,95,2
PF267492,"대전시립합창단 기획연주회Ⅳ, 앙상블 음악회: 여름 편지",서양음악(클래식),대전예술의전당 앙상블홀,2025-07-03,2025-07-03,94,0
PF277498,잠깐만 [양주],연극,양주문화예술회관 소공연장,2025-11-15,2025-11-15,94,2
PF273673,"국립국악원과 함께하는 유네스코, 세계가 인정한 우리 음악과 춤",한국음악(국악),예산문예회관,2025-09-19,2025-09-19,94,1
PF275105,제3회 KNSO 작곡가 아틀리에: BAC X 국립심포니오케스트라,서양음악(클래식),부천아트센터 콘서트홀,2025-11-05,2025-11-05,94,0
PF273804,긴긴밤 [양평],한국음악(국악),양평문화재단 씨어터 양평,2025-10-18,2025-10-18,93,2
PF287659,무당호랑이 쿵이 [진도],한국음악(국악),국립남도국악원 진악당,2026-05-05,2026-05-05,92,1
PF250111,"제901회 전남도립국악단 토요가무악희 시즌4, 그린국악: 가장 나다운, 나의 그린국악",한국음악(국악),남도소리울림터,2024-10-05,2024-10-05,92,0
PF259574,"울산시립무용단 기획공연, 춤비나리: 벨신",무용(서양/한국무용),울산문화예술회관 소공연장,2025-03-21,2025-03-21,92,2
PF284588,"제945회 전남도립국악단 토요가무악희 시즌1, 그린국악: 옛 추억을 그리다",한국음악(국악),남도소리울림터,2026-02-21,2026-02-21,91,0
PF248041,"제24회 SPAF, 모니카 림 & 민디 멩 왕: 망자를 위한 오페라",복합,아르코예술극장 소극장,2024-10-22,2024-10-22,91,0
PF270450,드래곤즈 [춘천],무용(서양/한국무용),춘천인형극장 대극장,2025-08-23,2025-08-23,91,0
PF234875,"대전시립교향악단 챔버시리즈 1, 바이올린과 실내악 Ⅰ",서양음악(클래식),대전예술의전당 앙상블홀,2024-03-26,2024-03-26,90,0
PF244461,"제893회 전남도립국악단 토요가무악희 시즌3, 그린국악: PART Ⅰ, 우리의 소리를 그리다",한국음악(국악),남도소리울림터,2024-07-20,2024-07-20,90,0
PF271212,제172회 대전시립합창단 정기연주회: 노래하는 인문학 빛 LUX,서양음악(클래식),대전예술의전당 앙상블홀,2025-09-17,2025-09-17,89,0
PF263046,허튼소리 [창녕],한국음악(국악),창녕문화예술회관 대공연장,2025-04-23,2025-04-23,89,0
PF238948,"대전시립교향악단, 디스커버리 시리즈 4: 당.신.들 당신의 신청곡을 들려드립니다",서양음악(클래식),대전예술의전당 앙상블홀,2024-05-17,2024-05-17,89,0
PF288329,"제951회 전남도립국악단 토요가무악희 시즌 1, 그린국악: 봄, 평화를 노래하다",한국음악(국악),남도소리울림터,2026-04-04,2026-04-04,89,0
PF234398,"부산시립합창단, 화이트데이 브런치 콘서트",서양음악(클래식),부산문화회관 대극장,2024-03-14,2024-03-14,88,0
PF259541,"제915회 전남도립국악단 토요가무악희 시즌1, 그린국악: 새로운 그린국악을 그리다",한국음악(국악),남도소리울림터,2025-03-22,2025-03-22,88,0
PF247275,엄마를 찾아 떠나는 아리의 모험 [단양],한국음악(국악),단양군문화예술회관 공연장,2024-09-06,2024-09-06,87,0
PF267264,허튼소리 [영주],한국음악(국악),영주문화예술회관 까치홀,2025-06-21,2025-06-21,86,0
PF234176,"대전시립교향악단 디스커버리 시리즈 1, 시네마 클래식",서양음악(클래식),대전예술의전당 앙상블홀,2024-02-20,2024-02-20,86,1
PF248607,괴물도감 [춘천],한국음악(국악),춘천인형극장 대극장,2024-09-29,2024-09-29,86,0
PF273808,"SAC on Screen, 호두까기 인형 (영상화)",무용(서양/한국무용),안성맞춤아트홀 문화살롱,2025-11-06,2025-11-06,86,1
PF262115,"제918회 전남도립국악단 토요가무악희 시즌2, 그린국악: 나의 무대, 나의 그린국악",한국음악(국악),남도소리울림터,2025-04-12,2025-04-12,85,0
PF260206,"제913회 전남도립국악단 토요가무악희 시즌1, 그린국악: 새로운 그린국악을 그리다",한국음악(국악),남도소리울림터,2025-03-08,2025-03-08,85,0
PF228587,피스트: 여덟 개의 순간 [광명],무용(서양/한국무용),광명시민회관 대공연장,2023-11-24,2023-11-25,84,0
PF234834,"제871회 전남도립국악단 토요가무악희 시즌1, 그린국악",한국음악(국악),남도소리울림터,2024-02-17,2024-02-17,84,0
PF275743,"제935회 전남도립국악단 토요가무악희 시즌4, 그린국악: 혼을 담은 소리를 그리다",한국음악(국악),남도소리울림터,2025-10-11,2025-10-11,83,0
PF263481,"경남도립극단 순회공연, 빌미 [하동]",연극,하동문화예술회관 대공연장,2025-05-01,2025-05-01,83,0
PF235687,소리판 명창무대 [남원],한국음악(국악),국립민속국악원 예음헌,2024-02-17,2024-10-26,83,2
PF284305,"제944회 전남도립국악단 토요가무악희 시즌1, 그린국악: 지나온 겨울에 답하다",한국음악(국악),남도소리울림터,2026-02-14,2026-02-14,82,0
PF254907,"제904회 전남도립국악단 토요가무악희 시즌4, 그린국악: 가장 나다운, 나의 그린국악",한국음악(국악),남도소리울림터,2024-12-14,2024-12-14,81,0
PF291185,"앙상블 위크, 신창용, 송지원, 김민지 [과천]",서양음악(클래식),과천시민회관 대극장,2026-05-30,2026-05-30,81,1
PF291160,"앙상블 위크, 헤이리챔버오케스트라 [과천]",서양음악(클래식),과천시민회관 대극장,2026-05-29,2026-05-29,81,1
PF245249,"춘천시립합창단 모닝콘서트, 휴가다 (休歌茶) : 여름에 떠나는 음악여행",서양음악(클래식),춘천문화예술회관 로비,2024-08-14,2024-08-14,80,0
PF234548,"춘천시립합창단 휴가다 (休歌茶) , 봄 그리고 새로운 시작",서양음악(클래식),춘천문화예술회관 로비,2024-02-21,2024-02-21,80,0
PF251894,호랑이를 타는 방법 [전주],한국음악(국악),전주한벽문화관 한벽공연장,2024-11-01,2024-11-02,80,0
PF244757,"제892회 전남도립국악단 토요가무악희 시즌3, 그린국악",한국음악(국악),남도소리울림터,2024-07-13,2024-07-13,80,0
PF264416,"제923회 전남도립국악단 토요가무악희 시즌2, 그린국악: 다시 돌아온 그 어느 봄날",한국음악(국악),남도소리울림터,2025-05-17,2025-05-17,80,0
PF251006,세 개의 사물 [용인],한국음악(국악),용인문화예술원 마루홀,2024-11-30,2024-11-30,80,1
PF278410,In search of PARADISE: 낙원을 찾아서 [정선],무용(서양/한국무용),정선아리랑센터 아리랑홀,2025-10-16,2025-10-16,79,0
PF276010,"국립심포니콘서트오케스트라, 별 헤는 밤 [세종]",서양음악(클래식),세종예술의전당 다목적실 (3F) ,2025-10-22,2025-10-22,79,0
PF240867,"대전시립교향악단 챔버시리즈 2, 피아노와 실내악",서양음악(클래식),대전예술의전당 앙상블홀,2024-06-13,2024-06-13,79,0
PF259210,대전시립교향악단 챔버 시리즈 Ⅰ: 비올라와 실내악,서양음악(클래식),대전예술의전당 앙상블홀,2025-03-20,2025-03-20,79,2
PF267877,향악잡영오수: 최치원놀이 [고흥],한국음악(국악),고흥문화회관 김연수실,2025-08-09,2025-08-09,79,2
PF290780,이야기 보따리 ③ 변검사자 탈출사건 [남원],한국음악(국악),국립민속국악원 예원당,2026-05-23,2026-05-23,78,0
PF247542,"대전시립합창단 기획연주회 5, 노래하는 인문학: 아름다운 물방앗간 아가씨",서양음악(클래식),대전예술의전당 앙상블홀,2024-09-12,2024-09-12,78,0
PF272011,"정크, 클라운 [철원]",연극,철원군 화강문화센터 공연장,2025-08-21,2025-08-21,78,0
PF258111,"대전시립교향악단, 마티네 콘서트 1: 영국",서양음악(클래식),대전시립연정국악원 작은마당,2025-02-27,2025-02-27,78,2
PF248754,"광주시립극단, 출장 연극 시리즈 1: 오스카와 장미할머니 [빛고을아트스페이스]",연극,빛고을아트스페이스 소공연장,2024-10-08,2024-10-08,78,1
PF263848,풍편에 넌즞 들은 아가멤논 [밀양],한국음악(국악),밀양아리랑아트센터 대공연장,2025-06-05,2025-06-05,77,1
PF254020,"대전시립교향악단, DPO 클로즈업 3: 더블베이스 박종호",서양음악(클래식),대전시립연정국악원 작은마당,2024-12-05,2024-12-05,77,0
PF255136,"제906회 전남도립국악단 토요가무악희 시즌4, 그린국악: 가장 나다운, 나의 그린국악",한국음악(국악),남도소리울림터,2024-12-28,2024-12-28,77,0
PF241808,하늘로 가지 못한 선녀씨 이야기 [철원],연극,철원군 화강문화센터 공연장,2024-05-16,2024-05-16,76,0
PF239808,"대전시립합창단, 기획연주회 3: 가족음악회 카네이션",서양음악(클래식),대전예술의전당 앙상블홀,2024-05-09,2024-05-09,76,0
PF265044,로망 노망 [고흥],무용(서양/한국무용),고흥문화회관 김연수실,2025-05-15,2025-05-24,75,0
PF270208,놀이터 愛pisode: 음악화첩 [영월],한국음악(국악),영월군문화예술회관,2025-08-23,2025-08-23,74,0
PF252895,"대전시립교향악단 챔버 시리즈4, 바이올린과 실내악Ⅱ",서양음악(클래식),대전예술의전당 앙상블홀,2024-11-15,2024-11-15,74,0
PF269055,시서화로 만나는 최현: 최현춤전 [철원],무용(서양/한국무용),철원군 화강문화센터 공연장,2025-07-17,2025-07-17,73,0
PF276014,"제934회 전남도립국악단 토요가무악희 시즌4, 그린국악: 혼을 담은 소리를 그리다",한국음악(국악),남도소리울림터,2025-10-04,2025-10-04,73,0
PF249888,하얀마음 하얀이 [완주],뮤지컬,완주향토예술문화회관 공연장,2024-10-25,2024-10-25,72,0
PF287234,춘천시립예술단 정기회원 음악회 [춘천],서양음악(클래식),춘천문화예술회관 로비,2026-04-03,2026-04-03,72,1
PF251615,빛고을국악전수관 X 광주시립국악관현악단: 해설이 있는 국악콘서트 Ⅱ [광주],한국음악(국악),빛고을국악전수관,2024-11-14,2024-11-14,72,0
PF249789,칼치 [부산],연극,창조문화활력센터 소극장 624,2024-10-25,2024-10-26,71,2
PF249852,내 웨딩케이크는 누가 먹어버렸나 [양주],연극,양주문화예술회관 소공연장,2024-10-05,2024-10-05,71,0
PF271084,"노래하는 인문학, LUX [대전]",서양음악(클래식),대전예술의전당 앙상블홀,2025-09-17,2025-09-17,71,0
PF240836,"제885회 전남도립국악단 토요가무악희 시즌 2, 그린국악: back to the basic",한국음악(국악),남도소리울림터,2024-05-25,2024-05-25,71,0
PF247097,"제896회 전남도립국악단 토요가무악희 시즌3, 그린국악",복합,남도소리울림터,2024-08-17,2024-08-17,71,0
PF290781,이야기 보따리 ④ 공주전 [남원],무용(서양/한국무용),국립민속국악원 예원당,2026-05-30,2026-05-30,71,0
PF274851,국립민속국악원 추석공연: 도는놈 뛰는놈 나는놈 [남원],한국음악(국악),국립민속국악원 예원당,2025-10-06,2025-10-06,71,0
PF250760,"더 하우스 콘서트, 트리오 콘 스피리토 [태백]",서양음악(클래식),태백문화예술회관 소공연장,2024-10-18,2024-10-18,70,1
PF264962,광주시립합창단 기획연주회 Ⅲ. Matinee Concert: 어울림,서양음악(클래식),광주 예술의 전당 대극장,2025-06-11,2025-06-11,70,0
PF274381,광주시립합창단 기획연주회 Ⅵ. Matinée Concert: 어울림,서양음악(클래식),광주 예술의 전당 대극장,2025-10-15,2025-10-15,70,0
PF280435,"제940회 전남도립국악단 토요가무악희 시즌4, 그린국악: 혼을 담은 소리를 그리다",한국음악(국악),남도소리울림터,2025-12-13,2025-12-13,69,0
PF252218,고추장수 서일록씨의 잔혹한 하룻밤 [부산],연극,창조문화활력센터 소극장 624,2024-11-22,2024-11-23,69,0
PF270353,"지휘자와 함께하는 원데이 아카데미, 합창단: Lecture Concert [김천]",서양음악(클래식),김천시립문화회관,2025-08-11,2025-08-11,68,0
PF243336,"대전시립합창단 기획연주회4, 앙상블 음악회: All that Harmony [대전]",서양음악(클래식),대전예술의전당 앙상블홀,2024-07-04,2024-07-04,68,0
PF224813,"청소년을 위한 공연예술축제, Do It Now! [부산]",연극,BNK부산은행 조은극장 1관,2023-09-04,2023-09-05,68,1
PF252195,적로: 이슬의 노래 [구례],한국음악(국악),구례군 문화예술회관 공연장,2024-10-25,2024-10-25,68,0
PF272147,"제25회 SPAF, 더블빌, 로이풀러: 리서치 & 마지막 춤은 나를 위해",무용(서양/한국무용),정동1928아트센터 이벤트홀,2025-10-18,2025-10-19,67,0
PF265093,김효영의 생황: 오굿 X Resurrection [통영],한국음악(국악),통영시민문화회관 대극장,2025-05-18,2025-05-18,67,0
PF289920,아름다운 마겔로네 [과천],서양음악(클래식),과천시민회관 소극장,2026-05-16,2026-05-16,67,0
PF265635,"제925회 전남도립국악단 토요가무악희 시즌2, 그린국악: 소매 끝에 스친 충절, 승무로 피어나다",한국음악(국악),남도소리울림터,2025-06-07,2025-06-07,67,0
PF241095,"대전시립교향악단, 디스커버리 시리즈 5: 국방과학연구소 가족을 위한 힐링 음악회",서양음악(클래식),대전예술의전당 아트홀,2024-05-22,2024-05-22,67,0
PF285322,"제946회 전남도립국악단 토요가무악희 시즌1, 그린국악: 겨울에 아쉬움",한국음악(국악),남도소리울림터,2026-02-28,2026-02-28,67,0
PF242457,"제889회 전남도립국악단 토요가무악희 시즌 2, 그린국악: 오늘과 미래의 전통을 그리다",한국음악(국악),남도소리울림터,2024-06-22,2024-06-22,67,0
PF253778,고추장수 서일록씨의 잔혹한 하룻밤 [철원],연극,철원군 화강문화센터 공연장,2024-11-14,2024-11-14,66,0
PF249743,"음악축제: 악, 듣고 싶다: 국립부산국악원 기악단, 성악단",한국음악(국악),국립부산국악원 연악당,2024-10-24,2024-11-02,66,0
PF266481,잠깐만 [고흥],연극,고흥문화회관 김연수실,2025-06-26,2025-06-26,66,0
PF245459,통속소설이 머 어때서?! [인천],연극,청라복합문화센터 블루노바홀 공연장,2024-08-10,2024-08-10,66,1
PF252531,광주시립합창단 기획연주회 Ⅶ: Matinee Concert 어울림,서양음악(클래식),광주 예술의 전당 대극장,2024-11-20,2024-11-20,66,0
PF288444,"제952회 전남도립국악단 토요가무악희 시즌 2: 기억, 위로의 선율",한국음악(국악),남도소리울림터,2026-04-11,2026-04-11,66,0
PF267475,"대전시립교향악단, 마티네 콘서트 3. 프랑스",서양음악(클래식),대전시립연정국악원 작은마당,2025-07-10,2025-07-10,66,0
PF264609,딴소리 판 [강진],한국음악(국악),강진아트홀 대공연장,2025-06-21,2025-06-21,65,2
PF246490,"제897회 전남도립국악단 토요가무악희 시즌3, 그린국악: 우리의 소리를 그리다",한국음악(국악),남도소리울림터,2024-08-31,2024-08-31,65,0
PF238608,"제880회 전남도립국악단 토요가무악희 시즌1, 그린국악",한국음악(국악),남도소리울림터,2024-04-20,2024-04-20,65,0
PF287867,"예라고 하는 사람, 아니오라고 하는 사람 [인천]",연극,문학시어터,2026-04-24,2026-04-25,65,1
PF242458,"제890회 전남도립국악단 토요가무악희 시즌 2, 그린국악: back to the music",한국음악(국악),남도소리울림터,2024-06-29,2024-06-29,65,0
PF240803,"제882회 전남도립국악단 토요가무악희 시즌 2, 그린국악: 봄날",한국음악(국악),남도소리울림터,2024-05-18,2024-05-18,64,0
PF270923,"제931회 전남도립국악단 토요가무악희 시즌3, 그린국악: 국악의 내일을 그리다",한국음악(국악),남도소리울림터,2025-08-30,2025-08-30,64,0
PF234835,"제872회 전남도립국악단 토요가무악희 시즌1, 그린국악",한국음악(국악),남도소리울림터,2024-02-24,2024-02-24,64,0
PF262113,"제917회 전남도립국악단 토요가무악희 시즌2, 그린국악: 나의 무대, 나의 그린국악",한국음악(국악),남도소리울림터,2025-04-05,2025-04-05,64,0
PF272973,"정크, 클라운 [전주]",연극,전북예술회관 공연장,2025-10-25,2025-10-26,63,1
PF272820,"대구시립무용단, 두물머리: 두 강이 만나는 곳 [대구]",무용(서양/한국무용),대구문화예술회관 비슬홀,2025-09-12,2025-09-12,63,1
PF288954,광주시립합창단 기획연주회 Ⅱ. 마티네 콘서트: 어울림Ⅳ,서양음악(클래식),광주 예술의 전당 로비,2026-04-29,2026-04-29,63,0
PF237732,"대전시립합창단, 기획연주회2: 봄의 시작",서양음악(클래식),대전시립연정국악원 큰마당,2024-03-29,2024-03-29,63,1
PF271615,"대전시립교향악단 챔버시리즈 3, 피아노와 실내악",서양음악(클래식),대전예술의전당 앙상블홀,2025-09-11,2025-09-11,63,0
PF267528,별주부전 [홍천],복합,홍천문화예술회관,2025-04-10,2025-04-11,63,2
PF264928,대전시립교향악단 챔버 시리즈 Ⅱ: 클라리넷과 실내악,서양음악(클래식),대전예술의전당 앙상블홀,2025-06-20,2025-06-20,62,1
PF238596,"제879회 전남도립국악단 토요가무악희 시즌 2, 그린국악: back to the basic",한국음악(국악),남도소리울림터,2024-04-13,2024-04-13,62,0
PF245001,"대전시립교향악단 챔버 시리즈3, 호른과 실내악",서양음악(클래식),대전예술의전당 앙상블홀,2024-09-05,2024-09-05,62,0
PF245094,수상한 외갓집 [남해],연극,남해문화센터 (구. 남해군문화체육센터) 다목적홀,2024-08-01,2024-08-01,62,0
PF238625,"제881회 전남도립국악단 토요가무악희 시즌 1, 그린국악",한국음악(국악),남도소리울림터,2024-04-27,2024-04-27,61,0
PF286348,"제948회 전남도립국악단 토요가무악희 시즌 1, 그린국악: 당신의 안녕을 그리다",한국음악(국악),남도소리울림터,2026-03-14,2026-03-14,61,0
PF288534,오즈의 의류수거함 [합천],뮤지컬,합천군문화예술회관 대공연장,2026-04-14,2026-04-14,61,0
PF284100,"제943회 전남도립국악단 토요가무악희 시즌1, 그린국악: 봄을 여는 소리",한국음악(국악),남도소리울림터,2026-02-07,2026-02-07,61,0
PF247369,"더 하우스 콘서트, 프로젝트54 [태백]",서양음악(클래식),태백문화예술회관 소공연장,2024-09-06,2024-09-06,61,1
PF286015,"제950회 전남도립국악단 토요가무악희 시즌 1, 그린국악: 매화꽃 향기",한국음악(국악),남도소리울림터,2026-03-28,2026-03-28,61,0
PF242533,"제888회 전남도립국악단 토요가무악희 시즌 2, 그린국악: back to the music",한국음악(국악),남도소리울림터,2024-06-15,2024-06-15,60,0
PF249444,"대한민국은 공연중, 최상철무용단: 그들의 논쟁 Ⅹ 99아트컴퍼니: 이야기의 탄생",무용(서양/한국무용),국립극단 [명동] 명동예술극장,2024-10-25,2024-10-26,60,0
PF262117,"제919회 전남도립국악단 토요가무악희 시즌2, 그린국악: 나의 무대, 나의 그린국악",한국음악(국악),남도소리울림터,2025-04-19,2025-04-19,60,0
PF273550,"제933회 전남도립국악단 토요가무악희 시즌3, 그린국악: 국악의 내일을 그리다",한국음악(국악),남도소리울림터,2025-09-20,2025-09-20,59,0
PF287410,"제949회 전남도립국악단 토요가무악희 시즌 1, 그린국악: 소리를 계절로 앞서다",한국음악(국악),남도소리울림터,2026-03-21,2026-03-21,59,0
PF259940,"대전시립교향악단, DPO 클로즈업 1",서양음악(클래식),대전시립연정국악원 작은마당,2025-03-28,2025-03-28,58,2
PF287196,아인슈타인의 과학여행 [전주],뮤지컬,전주대사습청(구.전주소리문화관) 놀이마당(야외마당),2026-04-11,2026-04-11,58,0
PF246803,걷다 바라보다 그리고 서다 [부산],무용(서양/한국무용),금정문화회관 대공연장(금빛누리홀),2024-08-29,2024-08-29,58,0
PF238186,"한화와 함께하는 교향악축제, The Wave, 서울시립교향악단 (04.19) (영상화)",서양음악(클래식),국립아시아문화전당 극장3,2024-04-19,2024-04-19,58,0
PF225180,"청소년을 위한 공연예술축제, 지수가 누구야 [부산]",연극,BNK부산은행 조은극장 1관,2023-09-08,2023-09-08,57,1
PF280417,쪽빛황혼 [양구],연극,양구문화복지센터,2025-12-13,2025-12-13,57,1
PF286120,"제947회 전남도립국악단 토요가무악희 시즌 1, 그린국악: 당신의 안녕을 그리다",한국음악(국악),남도소리울림터,2026-03-07,2026-03-07,56,0
PF274709,"제25회 SPAF, 위트니스 스탠드 서울: 소리의 기념비 Sonic Monument",복합,낙산공원 일대,2025-10-22,2025-10-24,56,0
PF291092,"클래식 오아시스, 인터미션: #목가 [대구]",서양음악(클래식),대구콘서트하우스 로비 및 야외,2026-06-04,2026-06-04,55,0
PF234832,"제870회 전남도립국악단 토요가무악희 시즌1, 그린국악",한국음악(국악),남도소리울림터,2024-02-03,2024-02-03,54,0
PF222775,고추장수 서일록씨의 잔혹한 하룻밤 [춘천],연극,아트팩토리 봄,2023-09-01,2023-09-02,54,0
PF244333,"제891회 전남도립국악단 토요가무악희 시즌3, 그린국악",한국음악(국악),남도소리울림터,2024-07-06,2024-07-06,54,0
PF238632,"제878회 전남도립국악단 토요가무악희 시즌1, 그린국악",한국음악(국악),남도소리울림터,2024-04-06,2024-04-06,52,0
PF273900,돈의 신 (神) [파주],한국음악(국악),파주운정행복센터 공연장,2025-09-27,2025-09-27,52,0
PF249898,해녀의 바다 [울산],서양음악(클래식),울산문화예술회관 대공연장,2024-10-17,2024-10-17,51,0
PF272158,"제25회 SPAF, 12 사운드",복합,TINC This is Not a Church(구. 명성교회) TINC,2025-10-18,2025-10-19,51,0
PF236497,"제874회 전남도립국악단 토요가무악희 시즌1, 그린국악",한국음악(국악),남도소리울림터,2024-03-09,2024-03-09,50,0
PF238169,"한화와 함께하는 교향악축제, The Wave, 국립심포니오케스트라 (04.12) (영상화)",서양음악(클래식),국립아시아문화전당 극장3,2024-04-12,2024-04-12,50,0
PF262224,"세종 인스피레이션, 헤리티지 만찬",한국음악(국악),세종문화회관 세종대극장,2025-04-17,2025-04-17,50,2
PF279779,"국립무용단, 거장의 숨결 오픈 리허설",무용(서양/한국무용),국립극장 연습실,2025-12-02,2025-12-02,49,1
PF277789,"제937회 전남도립국악단 토요가무악희 시즌4, 그린국악: 혼을 담은 소리를 그리다",한국음악(국악),남도소리울림터,2025-11-01,2025-11-01,47,0
PF242437,"제887회 전남도립국악단 토요가무악희 시즌 2, 그린국악: back to the basic",한국음악(국악),남도소리울림터,2024-06-08,2024-06-08,47,0
PF237991,"대전시립교향악단, DPO 클로즈업 1: 오보에 박지현",서양음악(클래식),대전시립연정국악원 작은마당,2024-04-30,2024-04-30,46,0
PF248383,"제898회 전남도립국악단 토요가무악희 시즌3, 그린국악: 우리의 소리를 그리다",한국음악(국악),남도소리울림터,2024-09-07,2024-09-07,46,0
PF253760,"부산시립합창단 예술교육공연, 교실 밖 합창여행 (11.14)",서양음악(클래식),부산문화회관 대극장,2024-11-14,2024-11-14,46,0
PF264132,"제922회 전남도립국악단 토요가무악희 시즌2, 그린국악: 따스한 손길",한국음악(국악),남도소리울림터,2025-05-10,2025-05-10,46,0
PF238192,"한화와 함께하는 교향악축제, The Wave, 광주시립교향악단 (04.26) (영상화)",서양음악(클래식),국립아시아문화전당 극장3,2024-04-26,2024-04-26,45,0
PF224958,"청소년을 위한 공연예술축제, 5=1 [부산]",연극,BNK부산은행 조은극장 1관,2023-09-06,2023-09-07,45,0
PF271816,비손: Two Hands [제주],한국음악(국악),BeIN(비인),2025-08-30,2025-08-30,45,0
PF242006,"제886회 전남도립국악단 토요가무악희 시즌 2, 그린국악: back to the basic",한국음악(국악),남도소리울림터,2024-06-01,2024-06-01,44,0
PF238005,"제877회 전남도립국악단 토요가무악희 시즌1, 그린국악",한국음악(국악),남도소리울림터,2024-03-30,2024-03-30,44,0
PF237463,"제875회 전남도립국악단 토요가무악희 시즌 1, 그린국악",한국음악(국악),남도소리울림터,2024-03-16,2024-03-16,44,0
PF249098,"제899회 전남도립국악단 토요가무악희 시즌3, 그린국악: 우리의 소리를 그리다",한국음악(국악),남도소리울림터,2024-09-14,2024-09-14,43,0
PF275830,"제936회 전남도립국악단 토요가무악희 시즌4, 그린국악: 결실의 가을",한국음악(국악),남도소리울림터,2025-10-18,2025-10-18,43,0
PF237628,"챔버시리즈1, 대구시립합창단: 작은음악회",서양음악(클래식),대구콘서트하우스 챔버홀 (소공연장) ,2024-04-05,2024-04-05,43,1
PF250728,이부산의 타의 향 [예산],한국음악(국악),예산문예회관,2024-10-17,2024-10-17,42,0
PF255080,"제903회 전남도립국악단 토요가무악희 시즌4, 그린국악: 가장 나다운, 나의 그린국악",한국음악(국악),남도소리울림터,2024-12-07,2024-12-07,41,0
PF279068,"대전시립교향악단, DPO 클로즈업 3",서양음악(클래식),대전시립연정국악원 작은마당,2025-12-04,2025-12-04,41,1
PF240903,"대전시립교향악단, DPO 클로즈업 2: 바이올린 신민경",서양음악(클래식),대전시립연정국악원 작은마당,2024-06-05,2024-06-05,41,1
PF238171,"한화와 함께하는 교향악축제, The Wave, 부천필하모닉오케스트라 (4.5) (영상화)",서양음악(클래식),국립아시아문화전당 극장3,2024-04-05,2024-04-05,41,0
PF290801,콧물끼리 [남양주],연극,남양주 어린이비전센터 다목적강당,2026-05-30,2026-05-30,40,2
PF250669,"음악축제: 악, 듣고 싶다: 두번째달 Ⅹ 국립부산국악원 성악단",한국음악(국악),국립부산국악원 예지당,2024-10-31,2024-10-31,40,0
PF235817,제108회 원주시립합창단 정기연주회 [원주],서양음악(클래식),원주치악예술관,2024-02-29,2024-02-29,40,0
PF249494,"제900회 전남도립국악단 토요가무악희 시즌3, 그린국악: 우리의 소리를 그리다",한국음악(국악),남도소리울림터,2024-09-21,2024-09-21,39,0
PF260092,"국립무용단, 미인 오픈리허설",무용(서양/한국무용),국립극장 연습실,2025-03-11,2025-03-11,39,0
PF291215,"앙상블 위크, 아레테 콰르텟 [과천]",서양음악(클래식),과천시민회관 대극장,2026-05-28,2026-05-28,38,1
PF238170,"한화와 함께하는 교향악축제, The Wave, 대전시립교향악단 (04.13) (영상화)",서양음악(클래식),국립아시아문화전당 극장3,2024-04-13,2024-04-13,37,0
PF244674,오페라 하이라이트 페스타 [부산],서양음악(클래식),금정문화회관 대공연장(금빛누리홀),2024-08-23,2024-08-24,37,1
PF288652,"안성맞춤아트홀 문화가 있는 날: 아트-데이, 나무, 물고기, 달 (영상화)",한국음악(국악),안성맞춤아트홀 문화살롱,2026-05-13,2026-05-13,37,0
PF252568,"판소리 레미제라블, 구구선사람들 [춘천]",한국음악(국악),춘천인형극장,2024-11-30,2024-11-30,35,1
PF246764,"제895회 전남도립국악단 토요가무악희 시즌3, 그린국악: 우리의 소리를 그리다, PART Ⅲ 기악",한국음악(국악),남도소리울림터,2024-08-10,2024-08-10,34,0
PF251433,쪽빛황혼 [영월],연극,영월군문화예술회관,2024-11-08,2024-11-09,31,0
PF240854,"제883회 전남도립국악단 토요가무악희 시즌 2, 그린국악",한국음악(국악),남도소리울림터,2024-05-11,2024-05-11,31,0
PF250084,제24회 당진시교향악단 정기연주회: 영화 아마데우스 속의 모차르트 관현악! [당진],서양음악(클래식),당진문예의전당 소공연장,2024-11-15,2024-11-15,31,0
PF251613,빛고을국악전수관 X 광주시립국악관현악단: 해설이 있는 국악콘서트 Ⅰ [광주],한국음악(국악),빛고을국악전수관,2024-10-24,2024-10-24,31,0
PF265873,"대전시립교향악단, DPO 클로즈업 2: 호른 유선경",서양음악(클래식),대전시립연정국악원 작은마당,2025-06-26,2025-06-26,30,0
PF247154,"제14회 김해가야금축제, 찾아가는 음악회: 소담 (紹湛)",한국음악(국악),카페 언엔드,2024-09-05,2024-09-05,30,0
PF271311,군산시립예술단 광장 콘서트,복합,군산예술의전당 야외광장,2025-08-23,2025-08-23,30,1
PF289457,"안성맞춤아트홀 문화가 있는 날: 아트-데이, 귀토: 토끼의 팔란 (영상화)",한국음악(국악),안성맞춤아트홀 문화살롱,2026-05-27,2026-05-27,29,0
PF252891,악단광칠 콘서트: 매우춰라! [철원],한국음악(국악),철원군 화강문화센터 공연장,2024-11-07,2024-11-07,27,0
PF249430,"국악창작실내악 작품 공모 당선작 발표회, 조약돌Ⅱ [부산]",한국음악(국악),국립부산국악원 예지당,2024-10-12,2024-10-12,25,0
PF270853,"미동, 번뇌하다 [춘천]",무용(서양/한국무용),춘천인형극장 대극장,2025-08-16,2025-08-16,25,0
PF246802,퍼커셔니즘 [충북],복합,증평문화회관 대강당,2024-09-07,2024-09-07,24,0
PF266060,대전시립교향악단 DPO 클로즈업2,서양음악(클래식),대전시립연정국악원 작은마당,2025-06-26,2025-06-26,23,0
PF246496,뿔난오니 [춘천],연극,춘천인형극장 대극장,2024-08-17,2024-08-18,23,1
PF240169,"SAC ON SCREEN, 증발 Into Thin Air",무용(서양/한국무용),김해서부문화센터 하늬홀,2024-06-19,2024-06-19,23,2
PF241066,"가정의 달 기념 영화음악 콘서트, CINEMA SUITE FOR 국군교향악단",서양음악(클래식),롯데콘서트홀,2024-05-13,2024-05-13,20,2
PF274216,"낙월블루하트와 함께하는 서울시향 행복한 음악회, 함께! II",서양음악(클래식),롯데콘서트홀,2025-10-12,2025-10-12,20,0
PF279884,이벤져스 라이브 [양구],뮤지컬,양구문화복지센터,2025-06-21,2025-06-21,20,0
PF273037,박첨지뎐 [단양],한국음악(국악),단양군문화예술회관 공연장,2025-09-12,2025-09-12,19,0
PF288703,난 책이 좋아요 [남양주],뮤지컬,남양주 어린이비전센터 다목적강당,2026-04-17,2026-04-18,19,0
PF253183,"국립심포니오케스트라, 국립합창단: 가을밤, 시 그리고 낭만",서양음악(클래식),국립극단 [명동] 명동예술극장,2024-11-18,2024-11-18,17,0
PF251145,"제902회 전남도립국악단 토요가무악희 시즌4, 그린국악: 가장 나다운, 나의 그린국악",한국음악(국악),남도소리울림터,2024-10-26,2024-10-26,17,0
PF292765,햄릿: 소리의 심리학 [충주],복합,충주시문화회관,2026-06-20,2026-06-20,16,0
PF246594,"제36회 춘천인형극제, 처용-心: The Sage [춘천]",무용(서양/한국무용),춘천인형극장 대극장,2024-08-15,2024-08-15,15,0
PF273020,a Dark room [제주],무용(서양/한국무용),BeIN(비인),2025-09-13,2025-09-13,14,0
PF248230,"후기 낭만파의 거장, 안톤 브루크너 [예산]",서양음악(클래식),충남도청 문예회관,2024-10-26,2024-10-26,12,0
PF272804,"정크, 클라운 [남해]",연극,남해문화센터 (구. 남해군문화체육센터) 다목적홀,2025-09-04,2025-09-04,12,0
PF247539,내 웨딩케이크는 누가 먹어버렸나 [부산],연극,창조문화활력센터 소극장 624,2024-09-06,2024-09-07,11,2
PF284373,"강원특별자치도립무용단, 시나브런치 콘서트: 동행 [춘천]",무용(서양/한국무용),강원국악예술회관 리허설스테이지 (3F) ,2026-02-25,2026-02-25,9,0
PF258289,"강원특별자치도립무용단, 시나브런치 콘서트: 마중 [춘천]",무용(서양/한국무용),강원국악예술회관 리허설스테이지 (3F) ,2025-02-26,2025-02-26,9,0
PF262459,동백당: 빵집의 사람들 [증평],연극,증평문화회관 대강당,2025-04-10,2025-04-10,5,0
PF252792,"제902회 전남도립국악단 토요가무악희 시즌4, 그린국악: 가장 나다운, 나의 그린국악",한국음악(국악),남도소리울림터,2024-11-09,2024-11-09,4,0
PF237428,"대전시립합창단, 기획연주회2: 봄의 시작",서양음악(클래식),대전시립연정국악원 큰마당,2024-04-12,2024-04-12,2,1
PF247602,마포인재육성장학재단 10주년 기념 마포윈드오케스트라 초청 음악회,서양음악(클래식),마포아트센터 아트홀맥,2024-09-05,2024-09-05,2,0
PF278637,"제26회 중구구립합창단 정기연주회: 가을, 그 바람에 실린 울림",서양음악(클래식),충무아트센터 대극장,2025-11-14,2025-11-14,0,0
