video_id,video_title,description,channel_id,channel_name,published_at,duration_sec,duration_min,is_shorts_guess,view_count,like_count,comment_count,video_url,channel_subscriber_count,channel_video_count,matched_perf_id,matched_title,matched_genre,matched_venue,matched_perf_start,matched_perf_end,video_type,source_type,notes,source_shard,match_status,correction_note,video_format
-Ljmg_LEBG4,"광명심포니 오케스트라와 함께 공연한 하모니(하이든, 모차르트, Need You!) 중 하이든의 고별","연극과 클래식의 만남.
기존의 해설이 있는 클래식을 넘어 보는 클래식의 첫번째 시리즈.
'하모니' 중 하이든의 고별 입니다. 
광명심포니 오케스트라의 아름다운 연주와 창작의숲의 기획이 만나 새로운 장르를 만들었네요.",UCz7ZLWvuxLXkHpezOcBDJIg,창작의숲,2020-12-04T02:24:03Z,177,2.95,False,96.0,7.0,0.0,https://www.youtube.com/watch?v=-Ljmg_LEBG4,140,82,PF232018,"부천필하모닉오케스트라 해설음악회 Ⅲ: 교향곡의 아버지, 하이든",서양음악(클래식),부천아트센터 콘서트홀,2024-06-27,2024-06-27,,,,shard_0,review,"candidate work ""하모니"" found but ambiguous among 2 instances",general
VsQxycEmmEA,서울시합창단 & 프라임필하모니 신나는콘서트 중 longing공연영상(정현수 개인앨범 'The Color of Love 中),"제 개인앨범 The Color Of Love 중 Longing 이란 곡 입니다.
제 개인적으로 앨범 중에서 가장 좋아하는 곡 입니다.",UCCW4PZbQx7fS8fq5H41I63g,정현수,2021-02-13T20:29:58Z,322,5.37,False,182.0,4.0,0.0,https://www.youtube.com/watch?v=VsQxycEmmEA,69,14,PF260720,제99회 순천시립합창단 정기연주회 [순천],서양음악(클래식),순천문화예술회관 대극장,2025-03-20,2025-03-20,,,,shard_0,review,"candidate work ""하모니"" found but ambiguous among 2 instances",general
wsWNp3ELeYM,하남문화예술회관 뮤지컬 빨래,#뮤지컬 #빨래 #커튼콜 #하남문화예술회관,UC5_TidEzxhpD9oVntcZPR2A,쉼멍,2022-03-18T03:12:05Z,60,1.0,True,131.0,4.0,0.0,https://www.youtube.com/watch?v=wsWNp3ELeYM,106,40,PF251567,세빌리아의 이발사 [안성],서양음악(클래식),안성맞춤아트홀 대공연장,2024-11-15,2024-11-16,,,,shard_1,review,"candidate work ""빨래"" found but ambiguous among 3 instances",shorts
ZUdV-H1DwVo,울산 남구 구립교향악단 '2020 송년음악회' - 01,"#울산남구 #구립교향악단 #코로나-19 #무관중연주회 #베토벤합창

남구 구립교향악단, 코로나-19 극복을 위한
제76회 정기연주회 '2020 송년음악회, 베토벤 합창'

2020. 12. 6(일) 17:30, 문화예술회관 대공연장",UCA_sH8tAjjakRDWfLKN3FDQ,울산남구 고래방송국,2020-12-07T03:51:10Z,1740,29.0,False,917.0,41.0,3.0,https://www.youtube.com/watch?v=ZUdV-H1DwVo,24500,692,PF262813,제30회 춘천시립청소년교향악단 정기연주회: 공연번호 30,서양음악(클래식),춘천문화예술회관 공연장,2025-05-10,2025-05-10,,,,shard_1,review,"candidate work ""구구"" found but ambiguous among 2 instances",general
d445QpjXGi0,"제 16회 사계음악콩쿠르 / 주은지,박명지,정동찬,김민정 - 중앙대학교 졸업",#주은지 #박명지 #정동찬 #김민정 #한음사계음악콩쿠르 #한음 #한음콩쿨 #한음음악콩쿠르 #한음수상자연주회 #유니버셜뮤직콩쿨 #한음필하모닉콩쿠르 #예중 #예고 #음대입시 #서울대 #한예종 #콩쿨 #타악기 #음대 #음대입시 #피아노 #현악 #작곡 #성악 #뮤지컬 #실용 #서울예고 #이화여고 #서울예고 #음악춘추 #이화경향,UCz7uLYZA3VQ53dSqa7Aucgw,Haneum competition,2020-09-21T04:34:23Z,242,4.03,False,371.0,5.0,0.0,https://www.youtube.com/watch?v=d445QpjXGi0,1920,748,PF245309,차이콥스키 콩쿠르 수상자 콘서트 [안성],서양음악(클래식),안성맞춤아트홀 대공연장,2024-09-13,2024-09-13,,,,shard_1,review,"candidate work ""지정"" found but ambiguous among 3 instances",general
qWgleaftrnM,-꿈꾸는하모니 - 초등학교 합창  #전국소년소녀합창경연대회 결선진출 #연세대 백주년기념관콘서트홀 #합창동아리 #음악교사 #합창지휘자,,UCHOujpM65Fg7WbSaOobRRww,꿈꾸는 하모니,2023-06-12T05:58:41Z,12,0.2,True,49195.0,369.0,,https://www.youtube.com/watch?v=qWgleaftrnM,7510,362,PF263532,제130회 울산시립합창단 정기연주회: 청년들이여! 함께 노래해요 [울산],서양음악(클래식),울산문화예술회관 대공연장,2025-05-22,2025-05-22,,,,shard_1,review,"candidate work ""하모니"" found but ambiguous among 2 instances",shorts
8cSWnjRV1PY,"울산 남구 구립합창단 제4회 정기연주회 ""헨델 오라토리오 메시아""","울산 남구 구립합창단 제4회 정기연주회
""헨델 오라토리오 메시아""

2025년 12월 9일 화요일 19시30분 
울산문화예술회관 대공연장

합창 울산 남구 구립합창단
오케스트라 협연  울산 남구 구립교향악단
솔리스트  소프라노 박인경, 카운터테너 윤진태, 테너 조윤환, 바리톤 김대수
피아노 최혜민
지휘 김동욱

G. F. Handel’s Oratorio
MESSIAH
헨델의 오라토리오 메시아

0:00

Part the First

1. Sinfony 3:33

2. Comfort ye (Accompagnato: Tenor) 7:20

3. Ev'ry valley (Song: Tenor) 10:05

4. And the glory of the Lord (Chorus) 13:37

5. Thus saith the Lord (Accompagnato: Bass) 16:56

6. But who may abide (Song: Countertenor) 18:52

7. And he shall purify (Chorus) 23:;25

12. For unto us a child is born (Chorus) 25:52

17. Glory to God (Chorus) 30:15

18. Rejoice greatly (Song: Soprano) 32:40

21. His yoke is easy (Chorus) 37:35

 

Part the Second

23. He was despised (Song: Countertenor) 40:06

24. Surely He hath borne our griefs (Chorus) 44:53

26. All we, like sheep (Chorus) 46:42

29. Thy rebuke hath broken His heart 51:00

(Accompagnato: Tenor)

30. Behold and see (Song: Tenor) 52:30

33. Lift up your heads (Chorus) 53:50

36. Thou art gone up on high (Song: Countertenor) 57:33

38. How beautiful are the feet (Song: Soprano) 1:00:52

40. Why do the nations (Song: Bass) 1:03:14

43. Thou shalt break them (Song: Tenor) 1:06:28

44. Hallelujah (Chorus) 1:08:30

 

Part the Third

45. I know that my Redeemer liveth (Song: Soprano) 1:12:30

46. Since by man came death (Chorus) 1:19:30

48. The trumpet shall sound (Song: Bass) 1:21:32

53. Worthy is the Lamb (Chorus) 1:25:55

54. Amen (Chorus) 1:29:15",UCD4omg1kW7twrKmm5rCOnPw,울산 남구립합창단,2026-01-06T18:12:34Z,5970,99.5,False,544.0,5.0,0.0,https://www.youtube.com/watch?v=8cSWnjRV1PY,49,7,PF263532,제130회 울산시립합창단 정기연주회: 청년들이여! 함께 노래해요 [울산],서양음악(클래식),울산문화예술회관 대공연장,2025-05-22,2025-05-22,,,,shard_1,review,"candidate work ""구구"" found but ambiguous among 2 instances",general
7vbONvF0bHA,예술의전당 영상화사업(SAC On Screen) - 스냅(하이라이트): 그루잠 프로덕션,"예술의전당 영상화사업(SAC On Screen)
미스터리 넌버벌퍼포먼스 스냅
2021. 8. 31.(화) 19:00 / 해남문화예술회관 대공연장

#예술의전당 #영상화사업 #SAC On Screen #해남군 #해남문화예술회관
#넌버벌 #퍼포먼스 #스냅 #그루잠 #사전신청중 #코로나19 #마음방역",UCLSXv8rfKmkGmr2RQ7De8ig,해남문화예술회관,2021-08-18T04:54:11Z,130,2.17,False,260.0,5.0,0.0,https://www.youtube.com/watch?v=7vbONvF0bHA,281,57,PF272973,"정크, 클라운 [전주]",연극,전북예술회관 공연장,2025-10-25,2025-10-26,,,,shard_1,review,"candidate work ""스냅"" found but ambiguous among 4 instances",general
Gz9u6fchItQ,221226 아가사-공주공연 밤공 커튼콜(고상호 배우님 focus),,UCScIhLu5O-1pKr9ejwjFBQQ,밀레,2022-12-27T00:37:46Z,191,3.18,False,109.0,3.0,0.0,https://www.youtube.com/watch?v=Gz9u6fchItQ,321,489,PF224764,테레즈 라캥 [공주],뮤지컬,공주문예회관 대공연장,2023-11-09,2023-11-11,,,,shard_10,review,"candidate work ""아가사"" found but ambiguous among 4 instances",general
EMcFRt_QkGI,제2회 더스트링오케스트라 정기연주회 브람스 교향곡1번 4악장,"제2회 더스트링오케스트라 정기연주회
브람스- 교향곡 1번 4악장
2017.12.27. 성남아트센터 앙상블시어터 저녁 7시 공연연주",UCnV-oKQG0OYutro2Cu9kgWw,김도연,2017-12-28T15:10:21Z,432,7.2,False,207.0,2.0,0.0,https://www.youtube.com/watch?v=EMcFRt_QkGI,4,28,PF245852,제206회 성남시립교향악단 정기연주회 [성남],서양음악(클래식),성남아트센터 콘서트홀,2024-08-30,2024-08-30,,,,shard_10,review,"candidate work ""브람스"" found but ambiguous among 2 instances",general
ee4dyFQelWo,2016 남양주 시립예술단 송년음악회 공연,"2016. 12. 22 화도체육문화센터에서 열린

2016 남양주 시립예술단 송년 음악회 공연 영상 입니다.",UCZFTAP8J_0xEjjhreKMHa4A,남양주시•남양주TV,2016-12-23T05:58:26Z,6121,102.02,False,1301.0,9.0,1.0,https://www.youtube.com/watch?v=ee4dyFQelWo,28200,4203,PF260602,남양주시립예술단 신춘음악회,서양음악(클래식),다산아트홀,2025-03-22,2025-03-22,,,,shard_10,review,"candidate work ""남양주시립예술단 송년음악회"" found but ambiguous among 2 instances",general
IAYpIESMxXI,남양주시립예술단 송년음악회 외5,설명,UCZFTAP8J_0xEjjhreKMHa4A,남양주시•남양주TV,2015-06-17T02:41:19Z,61,1.02,False,25.0,0.0,0.0,https://www.youtube.com/watch?v=IAYpIESMxXI,28200,4203,PF260602,남양주시립예술단 신춘음악회,서양음악(클래식),다산아트홀,2025-03-22,2025-03-22,,,,shard_10,review,"candidate work ""남양주시립예술단 송년음악회"" found but ambiguous among 2 instances",general
V3gs0M1FP-U,#rotary3650 - 제60년차 지구대회 영상 풀버전(4) 만찬 축하공연 (2022.04.22) #김재덕 #다크니스품바 #태권도국가대표시범단,"RI3650지구 제60년차 지구대회의 실황중계 풀버전의 네 번째 영상 -  RI회장대리 환영만찬을 축하하는 메인 축하공연으로 세계적인 안무가 #김재덕 씨가 이끄는 #모던테이블 의 ‘#다크니스품바’ 공연과 #대한태권도협회 국가대표 시범단의 역동적인 퍼포먼스, 그리고 마이클 맥거번 RI회장대리의 지구대회 강평, 감사선물 증정, 그리고 60년차 지구대회의 감동적인 피날레로 이어지는 약 50분간의 만찬행사 2부 실황입니다. ~~ #김재덕 #다크니스품바 #태권도국가대표시범단 #KTA
........................................................................

#국제로타리3650지구 제60년차 #지구대회 가 지난 2022년 4월 22일(금) 그랜드 하얏트 서울호텔에서 RI회장대리 자격으로 방한한 미국 출신 마이클 맥거번 前 국제로타리 부회장과 한국 로타리 19개 지구 지도자 및 내빈, 3650지구 회원 및 가족 등 500여명이 참석한 가운데 성황리에 개최됐습니다.

사회적 거리두기가 해제되고, 포스트 코로나 시대를 알리는 로타리안과 가족들의 축제로 펼쳐진 이번 제60년차 지구대회는 지난 2년여간 코로나 팬데믹 사태로 인해 위축됐던 로타리 회원들의 대면회합과 대면 봉사활동이 다시 재개되는 시점에서 개최되어 더욱 큰 의미를 가졌습니다.

특히, 지구대회 전날인 4월 21일에는 8개 신생클럽들이 합동 창립식을 개최하여 금년도에 3650지구의 중점사업으로 추진 중인 코오롱(서울One&Only), 삼일제약(서울HC), 엘엠에스(서울나노), 메가존클라우드(서울클라우드나인), 회명산업(서울HM) 등 5개 ESG 기업 로타리클럽을 비롯, 로타리 회원 자녀 클럽인 서울LINK 로타리클럽(서울무악RC 후원)도 41명의 회원들로 구성되어 창립되었으며, 서울예장RC이 후원하는 서울해피포럼 로타리클럽과 서울윈드 오케스트라 로타리클럽도 함께 창립하는 등 8개 클럽 280여명의 회원들이 새롭게 입회하여 60년차 지구대회를 더욱 빛냈습니다.

또한 특별강연 연사로 러시아 역사 전문가로 주러시아대사와, 한국국제교류재단이사장, KBS이사장 등을 역임한 이인호 서울대 명예교수가 초청되어 ""극단의 시대, 로타리 운동""이라는 연제로 최근 급변하는 국제정세와 로타리의 국제평화 및 국제봉사활동을 중심으로 감동적인 강연을 펼쳤습니다.

아울러 3650 지구대회 위상에 걸맞는 품격높은 공연프로그램을 통해 ‘우리 시대 최고의 소리꾼’으로 유명한 가수 #장사익 씨를 비롯, 세계적인 안무가 김재덕 씨가 이끄는 모던테이블, 대한태권도협회 국가대표 시범단, 진도북춤 박미영 무용단, 라디오 프랑스 필하모닉 오케스트라의 첫 동양인 종신 악장이자, 최연소 티보 바르가 콩쿠르 우승자로 잘 알려진 바이올리니스트 박지윤 씨의 연주 등으로 제60년차 지구대회의 축제 분위기를 더욱 고조시켰습니다.",UCdK9fdyvWFfVIWN6KvtfSsQ,로타리에서 만나요,2022-04-29T17:00:28Z,2795,46.58,False,112.0,3.0,0.0,https://www.youtube.com/watch?v=V3gs0M1FP-U,1760,346,PF246971,"인천시립무용단 교류공연, 만찬: 진, 오귀 [진도]",무용(서양/한국무용),국립남도국악원 진악당,2024-08-17,2024-08-17,,,,shard_10,review,"candidate work ""다크니스 품바"" found but ambiguous among 4 instances",general
-0IUIkDlJWE,가을 바다가 좋아 #갈매기야 웃어라 파도야 춤춰라,"1899년에 개항된 이래, 1970년대 항만 일부가 수출자유지역으로 지정됨에 따라 국제 무역항으로 꾸준히 성장해왔다. 부두는 총 21개가 있으며, 이 중 제1부두는 가고파 국화축제가 열리며 창원시에서 공원화해서 부두의 기능은 상실한 지 오래. 제2부두에는 마산여객선터미널이 있고, 제4부두는 한국GM 창원공장에서 생산된 수출차량들이 선적된다. 그 외 여러 민간기업에서 운용하는 부두가 여럿 있다. 경남 내에서 차지하는 비중이 커서, 마산지방해양수산청이 위치해 있다. 마산시 시절, 마산항에도 첨단 컨테이너 부두가 필요하다는 의견이 나왔고 마산항의 물동량이 증가할 것으로 예상됨에 따라 컨테이너 전용부두인 가포신항을 만들었지만 부산신항의 일부가 창원시 경계 내부로 들어오는 바람에 가포신항은 낙동강 오리알 신세가 되어 버렸고 준공한 지 1년이 넘도록 개장을 못하고 있던 상황. 다행히 마산합포구를 지역구로 둔 이주영 전 해양수산부 장관이 노력한 끝에 2015년에 개장할 수 있게 되었다. 대신 기존에 계획했던 컨테이너 전용부두에서 잡화 부두로 용도가 변경되어 버렸다.

여담으로 가포유원지를 밀어내고 새롭게 매립하여 탄생한 가포신항에는 해양경찰청 산하 창원해양경찰서 전용부두가 위치해 있다. 2012년에 창원해양경찰서가 개서하면서 새롭게 생겨난 해양경찰 전용 함정계류부두다. 지역민들의 데이트코스로 유명한 옛날 마인버스 차고지에 생겨난 브라운핸즈 카페 바닷가 난간에서 고개를 조금만 꺾어서 신항만 쪽으로 보면 해경 경비함정과 바지선들이 보인다. 하지만 이곳에 접근하기 위해서는 가포신항만 보안검색대를 통과해야 함으로 타 해경부두에 비해서 출입이 매우 까다로운 편이다. 현대로템의 수출 열차들은 모두 창원공장에서 트레일러를 통해 이곳으로 옮겨진다.#

여담으로 항구 역할은 모두 마창대교 쪽에있는 가포신항으로 옮기고 기존의 자리에는 마산해양신도시가 건설중이다. 마산만의 얕은 수심과 내해인 육지쪽으로 좁게 파고든 지형으로 하여금 남해 먼바다에서 해양장파 (부진동)이 유입되어 파도가 없는데도 해수면이 최대 80cm까지 출렁임 (흔들림) 현상이 발생하기 때문이다. 또한 도심의 혼잡함 개선 및 새로운 관광지(유원지) 확보 목적도 있다. #

 옛 마산항 여객선터미널[편집]

돝섬 해피랜드 홈페이지
창원국동크루즈 홈페이지

제2부두에 위치해있던 여객선 터미널. 하지만 실상은 돝섬셔틀여객선정류장. 돝섬 해피랜드 홈페이지엔 아예 돝섬유람선터미널이라고 안내해놓았다. 정기 여객 노선으로 마산항-돝섬 노선이 있으며, 왕복 도선료는 2016년 성인 기준 7,000원. 한때 전국 7대도시, 그중에서도 항구도시 마산의 대표 연안터미널로서 전성기 시절에는 부산, 통영, 거제, 여수는 물론 일본의 대마도와 후쿠오카를 오가는 노선이 있었지만 도로가 늘어나고, 마산항의 인프라 발전이 정체되면서 하나 둘씩 사라졌다.

2000년대 초반에 마산항을 살리기 위한 자구책으로 김혁규가 경남도지사 선거에서 마산과 시모노세키를 잇는 직항로를 개설할 것을 공약으로 세워 운행한 적이 있다. 경남에는 엄연히 마산항이 있는데 왜 부산항으로 물류 운송을 빼앗겨야 하나는 의구심에서 시작했지만, 결과적으로는 완전히 실패. 마산항의 열악한 인프라를 전혀 보지 못하고 추진한 탁상행정의 산물이었다.결국 2007년을 끝으로 고려고속훼리[1]가 마산-거제(고현) 노선을 철수함으로써 돝섬 노선을 제외하고 여객터미널에서 여객선이 모두 사라졌다.

그나마 2013년에 여객터미널 북쪽에 별도의 크루즈터미널을 신설하고 마산만을 한바퀴 순환하는 크루즈 관광노선인 창원국동크루즈가 들어오긴 했지만, 정기 여객노선이 아니다. 그리고 이 터미널이 아니라 마산소방서 뒷편에 위치해 있는 별도의 크루즈 유람선터미널을 이용한다. 터미널 위치 코앞에 마산만 해양신도시 간척 사업이 진행되고 있어, 결국 2015년 12월을 끝으로 철거되었다. 기존의 돝섬 노선은 2013년에 건설된 창원연안크루즈터미널로 이전이 확정되어 진행될 계획이었는데, 어른의 사정으로 이전이 불발되어 컨테이너 신세를 면치 못하고 있다고 한다. 마산만 한 가운데에 박힌 돝섬을 오가는 여객선의 존재 때문에 연안 여객노선이 존재하던 시절에도 이 터미널은 돝섬터미널이라고 꽤 자주 불렸다. 인지도도 오히려 이쪽이 더 높은 편. 무엇보다도 마산 출신자라면 어릴 적에 한 번씩은 이용해본 경험이 있을 것이다. 왜냐면 돝섬이 다름 아닌 단골 소풍장소였기 때문이다.
#마산항 #합포 #회원 #횟집  #개항#부마항쟁 #갈매기 #갈매기의 꿈 #떼갈매기 #등대 #국화축제  #마창진 #삼포 #명동 #처녀뱃사공 #가고파 #합창화음 #해조류 #등대 #수평선 #가을바다 #해양신도시",UCqb26S03kFI8Ub6t7-GoeIg,ARMYW,2022-10-13T07:08:36Z,17,0.28,True,295.0,4.0,0.0,https://www.youtube.com/watch?v=-0IUIkDlJWE,634,719,PF268810,매우 춰라 [경남],한국음악(국악),경상남도문화예술회관 대공연장,2025-09-04,2025-09-04,,,,shard_11,review,"candidate work ""갈매기"" found but ambiguous among 2 instances",shorts
2sfagwFEc70,마당놀이 놀부전(2016. 5. 14)-그시절 추억의 쇼(청춘극장),,UCIVRJU1LwSNOcd6ogctlR8g,이선구,2016-05-14T12:10:27Z,1860,31.0,False,469268.0,1546.0,24.0,https://www.youtube.com/watch?v=2sfagwFEc70,26300,27642,PF284194,김성녀의 마당놀이: 심청이와 춘향이가 온다 [전주],연극,한국소리문화의전당 연지홀,2026-03-14,2026-03-14,,,,shard_11,review,"candidate work ""놀부전"" found but ambiguous among 2 instances",general
Yh5tU13MZ5Y,"#힘내요_서울시민 💪 2022 서울시향 신년 음악회 2022 Seoul Philharmonic New Year’s Concert｜성시연, 선우예권 출연 🎹","성시연 지휘자와 선우예권 피아니스트 그리고 서울시향이 함께하는 새해의 시작 🌅

시민들에게는 음악으로 위로와 희망을 전하고, 티켓 판매 수익금은 코로나19로 어려움을 겪는 곳에 기부하는 서울시향의 2022년 첫번째 희망 프로젝트! 💗

티켓 예매는👉 https://bit.ly/3mpcCle

ㅡ
#힘내요_서울시민 2022 서울시향 신년 음악회
2022 Seoul Philharmonic New Year’s Concert

2022년 1월 6일(목) 오후 7시 30분 | 세종문화회관 대극장
Thursday, 6th January, 2022 7:30PM | Sejong Grand Theater

전석 1만원 KRW 10,000

지휘 성시연 Shiyeon Sung, conductor
협연 선우예권(피아노) Yekwon Sunwoo, piano
연주 서울시립교향악단 Seoul Philharmonic Orchestra

프로그램 Program
글린카, 루슬란과 류드밀라 서곡
Glinka, Ruslan and Lyudmila Overture

프로코피예프, 피아노 협주곡 제2번
Prokofiev, Piano Concerto No. 2 in G minor, Op. 16

차이콥스키, 교향곡 제4번
Tchaikovsky, Symphony No. 4 in F minor, Op. 36

ㅡ
🧡 Follow SPO
홈페이지 https://www.seoulphil.or.kr
페이스북 https://www.facebook.com/SPO
트위터 https://twitter.com/seoulphil
인스타그램 https://www.instagram.com/seoulphil
네이버TV https://tv.naver.com/seoulphil",UCwmgO3PhE925-mLG1h26Uow,서울시립교향악단 Seoul Philharmonic Orchestra,2021-12-22T05:44:27Z,21,0.35,True,2040.0,32.0,1.0,https://www.youtube.com/watch?v=Yh5tU13MZ5Y,40300,697,PF230314,서울시향 실내악 시리즈 Ⅶ,서양음악(클래식),세종문화회관 세종체임버홀,2024-12-14,2024-12-14,,,,shard_11,review,"candidate work ""서울시향 신년 음악회"" found but ambiguous among 2 instances",shorts
vN3Rkmodto4,"[2022 위대한 유산, 오늘과 만나다] 현장 스케치","[2022 인류무형문화유산 활용 공연 - 위대한 유산, 오늘과 만나다]

""위대한 유산, 오늘과 만나다"" 공연시리즈가 온라인 상영회로 돌아옵니다!

온라인상영회 : 2022. 11. 16.(수) ~ 12. 9.(금) 14시
관람방법 : 공진단 유튜브, 네이버TV
세부일정
 [풀영상 / 12.5 이후 비공개 전환]
 - 11. 28.(월) [꼭두각시산대 WALL&MOON] & [CODE - 강강:술래]
 - 11. 29.(화) [바로크 판소리 심청] & [줄 타는 아이와 아프리카 도마뱀]
 - 11. 30.(수) [풍류방의 노래들] & [정악가무]
 - 12. 1.(목) [느닷 X 난장앤판 - 관객모리] & [고풍(古風)]
 - 12. 2.(금) [2022 위대한 유산, 해금과 만나다] & [아리랑 리커넥티드]
[하이라이트 / 고정개시]
 - 12. 5.(월) [꼭두각시산대 WALL&MOON] & [CODE - 강강:술래]
 - 12. 6.(화) [바로크 판소리 심청] & [줄 타는 아이와 아프리카 도마뱀]
 - 12. 7.(수) [풍류방의 노래들] & [정악가무]
 - 12. 8.(목) [느닷 X 난장앤판 - 관객모리] & [고풍(古風)]
 - 12. 9.(금) [2022 위대한 유산, 해금과 만나다] & [아리랑 리커넥티드]

-
누리집 : https://www.kotpa.org
페이스북 : https://www.facebook.com/gongzindan
인스타그램 : https://www.instagram.com/gongzindan
네이버 블로그 : https://blog.naver.com/gongzindan",UCwC6NZATf6wZTxwhYFXOjaQ,전통공연예술진흥재단,2022-10-26T01:31:07Z,221,3.68,False,997.0,16.0,1.0,https://www.youtube.com/watch?v=vN3Rkmodto4,38500,1546,PF249537,거꾸로프로젝트 3색 소리극: 흥보가 비하인드스토리 [광주],한국음악(국악),광주북구문화센터 (양산도서관) 공연장,2024-10-19,2024-10-19,,,,shard_11,review,"candidate work ""줄타는 아이와 아프리카 도마뱀"" found but ambiguous among 3 instances",general
qWgleaftrnM,-꿈꾸는하모니 - 초등학교 합창  #전국소년소녀합창경연대회 결선진출 #연세대 백주년기념관콘서트홀 #합창동아리 #음악교사 #합창지휘자,,UCHOujpM65Fg7WbSaOobRRww,꿈꾸는 하모니,2023-06-12T05:58:41Z,12,0.2,True,49067.0,367.0,,https://www.youtube.com/watch?v=qWgleaftrnM,7500,362,PF235441,"제126회 울산시립합창단 정기연주회, 합창선물 3",서양음악(클래식),울산문화예술회관 대공연장,2024-03-07,2024-03-07,,,,shard_11,review,"candidate work ""하모니"" found but ambiguous among 2 instances",shorts
MCYXSIumox4,"정명훈│브람스, 교향곡 1번 c단조 Op.68  (J.Brahms, Symphony No. 1 in c minor Op. 68) MyungWhun Chung, Conductor","#클래식은티예무 #TV예술무대 #정명훈 #MBCtvartshow

지휘- 정명훈 (MyungWhun Chung, Conductor )
연주- 서울시립교향악단 (Seoul Philharmonic Orchestra)

♪브람스, 교향곡 1번 c단조 Op.68  (J.Brahms, Symphony No. 1 in c minor Op. 68)

1악장 00:06
2악장 14:18
3악장 23:55
4악장 28:22

2020 대원문화재단 신년음악회 (2020.1.5 녹화)
예술의전당 콘서트홀

★TV예술무대 인스타그램
https://www.instagram.com/tvartshow_official



*본 채널의 모든 영상은 출처 없이 무단으로 사용하거나 재편집, 배포, 이용(AI학습 포함)은 허용되지 않습니다.",UCAQQfjGwBLlW9enkLTKL0ew,TV예술무대,2020-07-09T08:09:33Z,2772,46.2,False,633176.0,5637.0,283.0,https://www.youtube.com/watch?v=MCYXSIumox4,249000,501,PF259077,"예술의전당 교향악축제, 서울시립교향악단 (04.18)",서양음악(클래식),예술의전당 [서울] 콘서트홀,2025-04-18,2025-04-18,,,,shard_12,review,"candidate work ""브람스"" found but ambiguous among 2 instances",general
ox_92pDOgxQ,"창단 20년 부산하모니합창단 정기연주회 개최 (2023-06-10,토/뉴스데스크/부산MBC)","* 부산MBC 뉴스제보 ☎ 051-760-1111
* 부산 MBC 카카오톡 제보 채널  :   부산MBC제보
* '좋아요'  버튼과 '구독' 버튼 꼭 눌러주세요.
* 우측 상단에 종 그림이 '알람' 버튼 입니다. 
   눌러서 켜놓으시면 생방송 알람이 갑니다.

* 부산MBC 홈페이지 :    https://www.busanmbc.co.kr
* 부산MBC뉴스  페이스북 :   https://bit.ly/2QEOmdB 
* 부산MBC뉴스 인스타그램 : https://www.instagram.com/busan_mbcnews/?hl=ko
* 부산MBC뉴스 카카오뷰 : https://pf.kakao.com/_pxmgFs
*웹사이트 한눈에 보기 : https://linktr.ee/busanmbcnews

#부산뉴스 #뉴스데스크부산 #뉴스투데이부산
#부산MBC  #부산문화방송 #부산엠비씨",UCYv6OdjenbbDHRKTLCB5kdw,부산MBC뉴스,2023-06-10T11:45:11Z,42,0.7,True,709.0,,0.0,https://www.youtube.com/watch?v=ox_92pDOgxQ,236000,40684,PF276243,"제21회 부산국제합창제, 스페셜 콘서트 Ⅱ [부산]",서양음악(클래식),(재) 영화의전당 하늘연극장,2025-10-31,2025-10-31,,,,shard_12,review,"candidate work ""하모니"" found but ambiguous among 2 instances",shorts
TDtiASgSy-s,강서구 구립극단 꿈따모 13기 연극 / 불효자는 웁니다 (1부),설명,UCsHmKHHZQiJ9W0aw_-b_K6A,달수TV,2017-09-11T17:06:23Z,1522,25.37,False,487.0,3.0,0.0,https://www.youtube.com/watch?v=TDtiASgSy-s,1710,772,PF255356,제16기 시민연극교실,연극,세종문화회관 세종S씨어터,2024-12-21,2024-12-22,,,,shard_12,review,"candidate work ""구구"" found but ambiguous among 2 instances",general
nWYa1xT1iic,뮤지컬 피터팬(의왕시립소년소녀합창단),,UCyBbi2gaCeUdDMdjwbqJIoA,베토벤과농부아저씨,2022-09-28T09:00:32Z,2818,46.97,False,291.0,2.0,0.0,https://www.youtube.com/watch?v=nWYa1xT1iic,4880,1596,PF236643,제59회 성남시립소년소녀합창단 정기연주회,서양음악(클래식),성남아트센터 콘서트홀,2024-03-29,2024-03-29,,,,shard_12,review,"candidate work ""피터팬"" found but ambiguous among 3 instances",general
lxi7yLpaKNA,"2020 청주레이디싱어즈 제14회 공연 /뮤지컬합창/ 서편제 살다보면/ 뮤지컬 빨래, 중 참 예뻐요 /웨스트 사이드 스토리중 Tonight /사회김병재 /지휘최신민 / 반주 조미화","Cheongjiudady Singers
청주레이디싱어즈는 1999년 창단하여 현재에 이르기까지
여성합창 특유의 섬세하고 청아한 음색을 지닌 충청북도 최고의
여성합창단으로 성장 발전하였으며, 합창음악을 통하여 자기
개발을 하고 순수합창음악에서 종교음악, 현대음악에 이르기까지
다양한 장르의 음악을 선보이며 국내의 유명 합창경연대회
입상 및 찾아가는 음악회, 정기연주회 등의 활발한 활동을
하고 있는 중견여성합창단입니다.
단장: 강진모
지휘: 최신민
반주: 조미화
소프라노  파트장 김수경 , 구계자 ,남은수, 박은주, 변영란, 서정목,
이정순, 장행숫, 최정원 
메조소프라노 파트장 성인상, 김옥자, 나소영, 박정미, 유은숙, 정구영, 정은주, 조은지
알토 파트장 고지연, 강정화, 곽현옥, 손지원, 안미경, 양지영, 엄지연, 이영미, 임세인

단원 모집
모집기간
-2020년 10월 20일 ~ 2021년 3월 20일
모집대상
-만 58세 이하의 음악을 사랑하는 여성
모집인원 10홈 내외
연습일시 매주 화요일 오전 10시 ~ 12시
(하절기, 동절기, 방학있음)
연습장소 청주시 흥덕구 운천동 합창단
연습실 (황금종음악사 2층)



14회 정기공연  영화 사운드오브 뮤직 중  morning hymb ,  the sound of music, do- re- mi,
Edelweiss

#청주레이디싱어즈합창단 정기공연 #단장 강진모 #지휘자 최신민 #피아노반주 조미화
#후원 충청북도 #충북문화재단  #청주아트홀  #morning hymb #the sound of music, do- re- mi,
Edelweiss #사회김병재",UCGSPpMcWS3QOsenxA3_1Wtg,영원한 방랑객vagabond,2020-11-22T04:14:57Z,1224,20.4,False,418.0,14.0,6.0,https://www.youtube.com/watch?v=lxi7yLpaKNA,2700,970,PF266015,제14회 공주시립합창단 기획연주회 [공주],서양음악(클래식),공주문예회관 대공연장,2025-06-24,2025-06-24,,,,shard_12,review,"candidate work ""빨래"" found but ambiguous among 3 instances",general
JZg2tKa1JiY,"비 오는 날 이 음악| 바흐 무반주 첼로 모음곡 1번 프렐류드 J. S. Bach Cello Suite No.1 in G Major, BWV 1007  I. Prélude 윤여훈","🌧☂봄비 내리는 화요일 이 음악으로 시작하시면 어떨까요?
Trio MEG의 첼리스트 윤여훈의 바흐 무반주 첼로 모음곡 1번 프렐류드🎵
따뜻한 봄비 소리와 부드러운 첼로의 음색이 너무 잘 어울리죠?
오늘 하루 촉촉하게 시작 해 보세요!

🎻Cello Yeo Hoon Yoon
첼로 윤여훈
-러시아 상트페테르부르크 국립음대 부속영재학교 졸업
-러시아 상트페테르부르크 국립음대 수학
-독일 베를린 한스 아이슬러 국립음대 디플롬 및 마스터
-뉴서울필하모닉오케스트라, Saint-Petersburg 필하모닉 오케스트라, Saint-Petersburg 방송교향악단, 카펠레 오케스트라, Brandenburg Symphony, 제주신포니에타, 서울대신포니에타 등과 협연
-국내외 다수 콩쿨 입상
-독일 Berliner Ensemble 소속 아티스트로 유럽순회 연주 및 페스티벌 초청, Brandenburg Symphony Orchestra 객원수석, 정단원 첼로 제2수석 역임
-숙명여자대학교, 서경대학교 강사 역임
-현재 선화예술고등학교, 계원예술중·고등학교 출강
-KBS교향악단 첼로 부수석
-AVEC 현악사중주단, 트리오 MEG 멤버, 첼리스타 첼로앙상블, 앙상블 우리 멤버

📌Trio MEG 의 소식은 아래 인스타그램과 페이스북 에서 더욱 빠르게 만나보실 수 있습니다.
홈페이지: https://www.triomeg.net/​​
인스타그램 : https://www.instagram.com/trio_meg/​",UCWH8ExCzF_WH47vr5dnaZrA,빵클 - 피아니스트 김용진의 클래식 수다,2021-04-12T22:00:12Z,150,2.5,False,1021.0,60.0,26.0,https://www.youtube.com/watch?v=JZg2tKa1JiY,11800,223,PF253106,서울시향 실내악 시리즈 Ⅴ: 키트 암스트롱,서양음악(클래식),예술의전당 [서울] IBK챔버홀,2025-09-13,2025-09-13,,,,shard_12,review,"candidate work ""첼리스타 첼로 앙상블"" found but ambiguous among 3 instances",general
C06nIs93roI,케이페라 린(퓨전국악 린) - 경산필하모니오케스트라 12회 정기연주회 초청공연,"#퓨전국악린 #경산필하모닉오케스트라 #정기연주회 #초청공연 

-린 Lin Blog-
blog.naver.com/soopmusic

-공연문의-
SMA(주)숲 뮤직아트
02-2055-2100
soopmusic@naver.com
www.soopmusic.com",UCbCLuua1bMH9DF_LxvsCoNA,케이페라린 K-Pera Lin 퓨전국악,2016-12-24T01:04:59Z,117,1.95,False,231.0,3.0,0.0,https://www.youtube.com/watch?v=C06nIs93roI,333,169,PF257825,"서울시국악관현악단 실내악 시리즈, 소리섬",한국음악(국악),세종문화회관 세종체임버홀,2025-07-25,2025-07-25,,,,shard_12,review,"candidate work ""하모니"" found but ambiguous among 2 instances",general
NHfdMSZxXSs,[부산시립청소년교향악단] 제66회 정기연주회 '판타스틱 Fantastic',"12월 2일, 부산문화회관 대극장에서 부산시립청소년교향악단 제66회 정기연주회 '판타스틱 Fantastic'이 열립니다.
⠀
부산시립청소년교향악단 수석지휘자 이명근이 지휘하고, 편안하고 짜임새있는 감각과 함께 탁월한 명석함으로 음악을 해석하여 관객을 압도하는 바이올리니스트 이서현과 함께합니다.

· 일자 : 2021-12-02(목) 오후 7시 30분
· 장소 : 부산문화회관 대극장
· 예매 : 부산문화회관 홈페이지(www.bscc.or.kr)
· 문의 : 051-607-6000(ARS 1번)",UCeySqDu5BowY_RD5sVYIYug,부산시립예술단TV,2021-11-24T04:43:12Z,29,0.48,True,218.0,5.0,0.0,https://www.youtube.com/watch?v=NHfdMSZxXSs,2630,551,PF238507,"부산시립청소년교향악단 특별연주회, 솔로이스트들의 축제",서양음악(클래식),부산문화회관 대극장,2024-05-21,2024-05-21,,,,shard_12,review,"candidate work ""판타스틱"" found but ambiguous among 3 instances",shorts
rOKOGL8B7Zs,연극 노란달 지정대사,,UClV4UysjZP-GM2wYyKGMwlg,박선희(지원),2026-02-08T15:35:44Z,118,1.97,False,130.0,0.0,0.0,https://www.youtube.com/watch?v=rOKOGL8B7Zs,95,22,PF289865,"국립 어린이 청소년 극단, 노란 달",연극,국립극단 [명동] 명동예술극장,2026-05-28,2026-06-14,,,,shard_13,review,"candidate work ""지정"" found but ambiguous among 3 instances",shorts
qWgleaftrnM,-꿈꾸는하모니 - 초등학교 합창  #전국소년소녀합창경연대회 결선진출 #연세대 백주년기념관콘서트홀 #합창동아리 #음악교사 #합창지휘자,,UCHOujpM65Fg7WbSaOobRRww,꿈꾸는 하모니,2023-06-12T05:58:41Z,12,0.2,True,49067.0,367.0,,https://www.youtube.com/watch?v=qWgleaftrnM,7500,362,PF253653,"울산시립합창단, 송년음악회: 감사히 한 해를 보내며",서양음악(클래식),울산문화예술회관 대공연장,2024-12-12,2024-12-12,,,,shard_13,review,"candidate work ""하모니"" found but ambiguous among 2 instances",shorts
8cSWnjRV1PY,"울산 남구 구립합창단 제4회 정기연주회 ""헨델 오라토리오 메시아""","울산 남구 구립합창단 제4회 정기연주회
""헨델 오라토리오 메시아""

2025년 12월 9일 화요일 19시30분 
울산문화예술회관 대공연장

합창 울산 남구 구립합창단
오케스트라 협연  울산 남구 구립교향악단
솔리스트  소프라노 박인경, 카운터테너 윤진태, 테너 조윤환, 바리톤 김대수
피아노 최혜민
지휘 김동욱

G. F. Handel’s Oratorio
MESSIAH
헨델의 오라토리오 메시아

0:00

Part the First

1. Sinfony 3:33

2. Comfort ye (Accompagnato: Tenor) 7:20

3. Ev'ry valley (Song: Tenor) 10:05

4. And the glory of the Lord (Chorus) 13:37

5. Thus saith the Lord (Accompagnato: Bass) 16:56

6. But who may abide (Song: Countertenor) 18:52

7. And he shall purify (Chorus) 23:;25

12. For unto us a child is born (Chorus) 25:52

17. Glory to God (Chorus) 30:15

18. Rejoice greatly (Song: Soprano) 32:40

21. His yoke is easy (Chorus) 37:35

 

Part the Second

23. He was despised (Song: Countertenor) 40:06

24. Surely He hath borne our griefs (Chorus) 44:53

26. All we, like sheep (Chorus) 46:42

29. Thy rebuke hath broken His heart 51:00

(Accompagnato: Tenor)

30. Behold and see (Song: Tenor) 52:30

33. Lift up your heads (Chorus) 53:50

36. Thou art gone up on high (Song: Countertenor) 57:33

38. How beautiful are the feet (Song: Soprano) 1:00:52

40. Why do the nations (Song: Bass) 1:03:14

43. Thou shalt break them (Song: Tenor) 1:06:28

44. Hallelujah (Chorus) 1:08:30

 

Part the Third

45. I know that my Redeemer liveth (Song: Soprano) 1:12:30

46. Since by man came death (Chorus) 1:19:30

48. The trumpet shall sound (Song: Bass) 1:21:32

53. Worthy is the Lamb (Chorus) 1:25:55

54. Amen (Chorus) 1:29:15",UCD4omg1kW7twrKmm5rCOnPw,울산 남구립합창단,2026-01-06T18:12:34Z,5970,99.5,False,544.0,5.0,0.0,https://www.youtube.com/watch?v=8cSWnjRV1PY,49,7,PF253653,"울산시립합창단, 송년음악회: 감사히 한 해를 보내며",서양음악(클래식),울산문화예술회관 대공연장,2024-12-12,2024-12-12,,,,shard_13,review,"candidate work ""구구"" found but ambiguous among 2 instances",general
RGvbbt72bHs,"[풀버전] 제주 울림 뮤지컬 합창단, 청량하고 맑은 하모니  ＜아틀란티스 소녀♬＞ #싱포골드 #Singforgold #SBSenter","제주 울림 뮤지컬 합창단은 아틀란티스 소녀를 합창한다.

SBS 일요일 예능 ‘싱포골드'
☞ 오후 6시 본방송

#싱포골드 #박진영 #제주울림뮤지컬합창단

▶ Hompage : https://www.sbs.co.kr/tv/enter
▶ Subscribe SBS Entertainment : https://bit.ly/2SpOhMC

*프로그램 다시 보기

✔ SBS홈페이지:
https://programs.sbs.co.kr/tv/youtube?co=youtube&type=tv&content_id=E462540860&yt_channel=SBSEntertainment
✔ WAVVE:
https://www.wavve.com/player/vod?contentid=S01_E462540860.1&utm_campaign=2022_SBS&utm_source=youtube&utm_medium=movcon&utm_contents=SBSEntertainment",UCmjNKt6kITwaZTqvWuaSPLg,SBS Entertainment,2022-09-25T09:39:48Z,226,3.77,False,106414.0,828.0,27.0,https://www.youtube.com/watch?v=RGvbbt72bHs,7500000,242927,PF246652,"남양주시립합창단, 해설이 있는 음악회: 합창으로 듣는 뮤지컬",서양음악(클래식),와부읍주민자치센터 미디어센터,2024-08-22,2024-08-22,,,,shard_13,review,"candidate work ""하모니"" found but ambiguous among 2 instances",general
2BkQi_5kxgg,MS9. 가을의 서정과 브람스,"․ 대전시립교향악단 마스터즈시리즈 9  '가을의 서정과 브람스'
 ․ 2021년 9월 10일(금) 19:30, 대전시립연정국악원 큰마당
 ․  객원지휘 _ 지중배   /   첼 로 _ 이정현
 ․ 스메타나 _ 교향시 「나의 조국」중 ‘몰다우’
   드보르자크 _ 첼로 협주곡 나단조, 작품 104
   브람스 _ 교향곡 제4번 마단조, 작품 98",UCkAcL7zFwLDVd5t-B4xQFzg,대전시립교향악단Daejeon Philharmonic Orchestra,2021-09-03T05:36:46Z,33,0.55,True,215.0,1.0,0.0,https://www.youtube.com/watch?v=2BkQi_5kxgg,1020,89,PF262836,경기필하모닉오케스트라 마스터즈 시리즈I: 베토벤 교향곡 3번 (영상화),서양음악(클래식),경상남도문화예술회관 대공연장,2025-05-20,2025-05-20,,,,shard_13,review,"candidate work ""브람스"" found but ambiguous among 2 instances",shorts
2BkQi_5kxgg,MS9. 가을의 서정과 브람스,"․ 대전시립교향악단 마스터즈시리즈 9  '가을의 서정과 브람스'
 ․ 2021년 9월 10일(금) 19:30, 대전시립연정국악원 큰마당
 ․  객원지휘 _ 지중배   /   첼 로 _ 이정현
 ․ 스메타나 _ 교향시 「나의 조국」중 ‘몰다우’
   드보르자크 _ 첼로 협주곡 나단조, 작품 104
   브람스 _ 교향곡 제4번 마단조, 작품 98",UCkAcL7zFwLDVd5t-B4xQFzg,대전시립교향악단Daejeon Philharmonic Orchestra,2021-09-03T05:36:46Z,33,0.55,True,215.0,1.0,0.0,https://www.youtube.com/watch?v=2BkQi_5kxgg,1020,89,PF234179,"경기필하모닉 마스터즈 시리즈 Ⅱ, 말러 교향곡 1번 [서울]",서양음악(클래식),롯데콘서트홀,2024-05-24,2024-05-24,,,,shard_14,review,"candidate work ""브람스"" found but ambiguous among 2 instances",shorts
0C3VLpYsMw8,성동구립 꿈의 오케스트라 성동 하모니-숲속의 오케스트라,"지난 6월 3일 서울숲 야외무대에서 개최된 성동구립 꿈의 오케스트라 [성동 하모니-숲속의 오케스트라] 공연 영상을 공개 합니다. 👏👏 

본 공연은 문화체육관광부가 주최하고 한국문화예술교육진흥원이 주관하는 ‘꿈의 오케스트라-꿈의 향연’ 프로젝트의 일환으로, 제12회 세계 문화예술교육 주간을 맞아 우리 일상에서 음악을 통한 #위로 #힐링 #치유의 메시지를 전달하고자 진행된 프로젝트 입니다.

ⓒ 본 영상물은 2023 꿈의 오케스트라 사업의 일환으로 제작되었습니다.
ⓒ 본 영상물의 무단 전재, 복제 및 배포를 금합니다.",UC9s20jc3NZ-6oRl6YdudvDQ,성동문화재단,2023-06-26T08:29:26Z,4165,69.42,False,987.0,51.0,2.0,https://www.youtube.com/watch?v=0C3VLpYsMw8,1960,483,PF280199,제149회 강릉시립교향악단 정기연주회 [강릉],서양음악(클래식),강릉아트센터 (구. 강릉문화예술관) 사임당홀 (대공연장) ,2025-12-20,2025-12-20,,,,shard_14,review,"candidate work ""하모니"" found but ambiguous among 2 instances",general
qWgleaftrnM,-꿈꾸는하모니 - 초등학교 합창  #전국소년소녀합창경연대회 결선진출 #연세대 백주년기념관콘서트홀 #합창동아리 #음악교사 #합창지휘자,,UCHOujpM65Fg7WbSaOobRRww,꿈꾸는 하모니,2023-06-12T05:58:41Z,12,0.2,True,49067.0,367.0,,https://www.youtube.com/watch?v=qWgleaftrnM,7500,362,PF240659,"부산시립합창단 예술교육공연, 교실 밖 합창여행",서양음악(클래식),부산시민회관 소극장,2024-06-05,2024-06-05,,,,shard_14,review,"candidate work ""하모니"" found but ambiguous among 2 instances",shorts
wDI61QrFLjA,국립국악원 토요명품공연 [2019.04.20.],"07. 소고춤
 ○ 무용/정승연·권문숙·임동연·이하경·권덕연·변승아
 ○ 태평소/장수호, 꽹과리/강병혁, 징/이흥구, 장구/김수용, 북/임용남


○ 해당공연 및 다양한 자료를 보시려면 http://archive.gugak.go.kr/portal/main 로 이동하십시요.
○ 주최 및 촬영/국립국악원[National Gugak Center]",UCmN4xFSlmWw-_d2riM-ep0A,국립국악원 National Gugak Center,2019-05-21T00:26:12Z,457,7.62,False,23341.0,232.0,9.0,https://www.youtube.com/watch?v=wDI61QrFLjA,72700,3576,PF279571,"국립남도국악원 토요상설, 국악이 좋다: 조각보, 그것은 내가 해야제",한국음악(국악),국립남도국악원 진악당,2025-12-20,2025-12-20,,,,shard_14,review,"candidate work ""토요명품"" found but ambiguous among 2 instances",general
vudOyGWwOlw,국립국악원 토요명품공연 [2019.08.10.],"07. 한량무(임이조류)
 ○ 무용/김진우, 태평소/이재혁, 사물/이홍구·오영환·박은하·이대원


○ 해당공연 및 다양한 자료를 보시려면 https://archive.gugak.go.kr/portal/main 로 이동하십시요.
○ 주최 및 촬영/국립국악원[National Gugak Center]",UCmN4xFSlmWw-_d2riM-ep0A,국립국악원 National Gugak Center,2019-10-25T05:09:22Z,549,9.15,False,2728.0,38.0,1.0,https://www.youtube.com/watch?v=vudOyGWwOlw,72700,3576,PF275936,"국립남도국악원 토요상설, 국악이 좋다: 리플렉션",한국음악(국악),국립남도국악원 진악당,2025-11-29,2025-11-29,,,,shard_14,review,"candidate work ""토요명품"" found but ambiguous among 2 instances",general
wRDb6CgvQzg,[퇴근요정 권혁수/콘텐츠일자리] 퇴근길엔 신이나! 신이나! 알차게 즐기는 별주부전 (국립국악원),"오디오북 콘텐츠 종사자 와 함께 국립국악원에서 판소리~~히~~ 를 제대로 즐기고 왔습니다:-) 
창을 하며 풀리는 직장 스트레스! 문화 생활은 덤!  
영상 보시면서 즐겁게 퇴근 하세요~~

#콘텐츠일자리 #국립국악원 #별주부전 #오디오북 #퇴근요정
권혁수

* ::: 문화체육관광부의 정보 더 알아보기 ::*

- Homepage :  https://www.mcst.go.kr/english/index.jsp
- Facebook : https://www.facebook.com/mcstkorea
- Twitter : https://twitter.com/mcstkorea
- Instagram : https://www.instagram.com/mcstkorea/",UCXXA3M3rNQ1NTJZyUJOekPw,문화체육관광부,2019-12-09T09:30:02Z,361,6.02,False,8597.0,17.0,2.0,https://www.youtube.com/watch?v=wRDb6CgvQzg,162000,2913,PF285991,"국립무용단, 몽유도원무 [광주]",무용(서양/한국무용),국립아시아문화전당 극장2,2026-04-03,2026-04-04,,,,shard_15,review,"candidate work ""별주부전"" found but ambiguous among 3 instances",general
2PBBuh3A2f4,2015 필하모니안즈 서울 신년음악회 (‘칸타빌레 드림콘서트’ 시즌1),"■ 공연정보 《내일도 칸타빌레 드림 콘서트》
2015. 01. 03 토 오후 7시 30분 세종문화회관 대극장
주  최 : 필하모니안즈서울 오케스트라, (사)전유성의코미디시장
주  관 : 사단법인 티앤비엔터테인먼트
입장료 : R석 8만원 / S석5만원 / A석 3만원 / B석 2만원
문  의 : 사단법인 티앤비엔터테인먼트 02-522-5973, www.tnbenter.com
예매처 : SAC , 인터파크티켓, 
예매바로가기 http://www.sacticket.co.kr/home/play/play_view.jsp?seq=27899

2015년 새해에도 클래식 환타지 
필하모니안즈 서울 ‘칸타빌레 드림콘서트’와 함께
마음을 두드리는 감미로운 선율과 함께 다가오는 2015년 새해를 맞이하는 일. 상상만으로도 설렘과 흥분이 가득하다. 올해도 새로운 한 해를 맞이하여 밝고 희망찬 기운을 전하기 위해 필하모니안즈 서울 오케스트라와 인기리에 종영한 드라마 ‘내일도 칸타빌레’ 팀이 뭉쳤다. 
Welcome 2015 ""내일도 칸타빌레 드림콘서트“라는 부제의 필하모니안즈 서울의 신년음악회는 2015년 1월 3일(토) 세종문화회관 대극장에서 그랜드오프닝으로 시즌 1의 첫 시작을 알릴 예정이다.

 획기적인 기획으로 많은 사랑을 받고 있는 청도개나소나콘서트, 듣도보도못한콘서트 등을 연출한 개그맨 전유성의 연출로 큰 기대를 받으며 2015년 새해에 아름다운 클래식 선율을 통해 감미로운 한해가 되기를 바란다는 메시지를 담아 청중에게 또 다시 진한 감동을 전달하고자 한다. 

이날 공연은 인기리에 방영된 클래식 음악드라마 ‘내일도 칸타빌레’ OST 중 가장 사랑받은 Gershwin의 ‘Rhapsody in Blue’를 섬세하면서도 폭발적인 매력의 음색을 표현해내는 피아니스트의 연주를 시작으로, 영웅교향곡으로 널리 알려진 베토벤의 ‘교향곡 3번’ 등을 웅장한 오케스트라를 통해 만날 볼 수 있다.",UCTslsOiNw_pvWgqo2SCFn_w,티앤비엔터테인먼트,2014-12-19T10:32:48Z,103,1.72,False,1432.0,4.0,2.0,https://www.youtube.com/watch?v=2PBBuh3A2f4,3560,751,PF281488,"세종예술의전당 신년음악회, 시즌 오프닝 콘서트 with 국립심포니오케스트라 [세종]",서양음악(클래식),세종예술의전당 대공연장,2026-01-16,2026-01-16,,,,shard_15,review,"candidate work ""하모니"" found but ambiguous among 2 instances",general
ee4dyFQelWo,2016 남양주 시립예술단 송년음악회 공연,"2016. 12. 22 화도체육문화센터에서 열린

2016 남양주 시립예술단 송년 음악회 공연 영상 입니다.",UCZFTAP8J_0xEjjhreKMHa4A,남양주시•남양주TV,2016-12-23T05:58:26Z,6121,102.02,False,1301.0,9.0,1.0,https://www.youtube.com/watch?v=ee4dyFQelWo,28200,4203,PF236358,남양주시립예술단 신춘음악회,서양음악(클래식),다산아트홀,2024-03-09,2024-03-09,,,,shard_15,review,"candidate work ""남양주시립예술단 송년음악회"" found but ambiguous among 2 instances",general
IAYpIESMxXI,남양주시립예술단 송년음악회 외5,설명,UCZFTAP8J_0xEjjhreKMHa4A,남양주시•남양주TV,2015-06-17T02:41:19Z,61,1.02,False,25.0,0.0,0.0,https://www.youtube.com/watch?v=IAYpIESMxXI,28200,4203,PF236358,남양주시립예술단 신춘음악회,서양음악(클래식),다산아트홀,2024-03-09,2024-03-09,,,,shard_15,review,"candidate work ""남양주시립예술단 송년음악회"" found but ambiguous among 2 instances",general
ox_92pDOgxQ,"창단 20년 부산하모니합창단 정기연주회 개최 (2023-06-10,토/뉴스데스크/부산MBC)","* 부산MBC 뉴스제보 ☎ 051-760-1111
* 부산 MBC 카카오톡 제보 채널  :   부산MBC제보
* '좋아요'  버튼과 '구독' 버튼 꼭 눌러주세요.
* 우측 상단에 종 그림이 '알람' 버튼 입니다. 
   눌러서 켜놓으시면 생방송 알람이 갑니다.

* 부산MBC 홈페이지 :    https://www.busanmbc.co.kr
* 부산MBC뉴스  페이스북 :   https://bit.ly/2QEOmdB 
* 부산MBC뉴스 인스타그램 : https://www.instagram.com/busan_mbcnews/?hl=ko
* 부산MBC뉴스 카카오뷰 : https://pf.kakao.com/_pxmgFs
*웹사이트 한눈에 보기 : https://linktr.ee/busanmbcnews

#부산뉴스 #뉴스데스크부산 #뉴스투데이부산
#부산MBC  #부산문화방송 #부산엠비씨",UCYv6OdjenbbDHRKTLCB5kdw,부산MBC뉴스,2023-06-10T11:45:11Z,42,0.7,True,709.0,,0.0,https://www.youtube.com/watch?v=ox_92pDOgxQ,236000,40684,PF278197,제168회 부산시립 소년소녀합창단 정기연주회 [부산],서양음악(클래식),부산문화회관 대극장,2025-12-13,2025-12-13,,,,shard_15,review,"candidate work ""하모니"" found but ambiguous among 2 instances",shorts
qWgleaftrnM,-꿈꾸는하모니 - 초등학교 합창  #전국소년소녀합창경연대회 결선진출 #연세대 백주년기념관콘서트홀 #합창동아리 #음악교사 #합창지휘자,,UCHOujpM65Fg7WbSaOobRRww,꿈꾸는 하모니,2023-06-12T05:58:41Z,12,0.2,True,49067.0,367.0,,https://www.youtube.com/watch?v=qWgleaftrnM,7500,362,PF278197,제168회 부산시립 소년소녀합창단 정기연주회 [부산],서양음악(클래식),부산문화회관 대극장,2025-12-13,2025-12-13,,,,shard_15,review,"candidate work ""하모니"" found but ambiguous among 2 instances",shorts
ox_92pDOgxQ,"창단 20년 부산하모니합창단 정기연주회 개최 (2023-06-10,토/뉴스데스크/부산MBC)","* 부산MBC 뉴스제보 ☎ 051-760-1111
* 부산 MBC 카카오톡 제보 채널  :   부산MBC제보
* '좋아요'  버튼과 '구독' 버튼 꼭 눌러주세요.
* 우측 상단에 종 그림이 '알람' 버튼 입니다. 
   눌러서 켜놓으시면 생방송 알람이 갑니다.

* 부산MBC 홈페이지 :    https://www.busanmbc.co.kr
* 부산MBC뉴스  페이스북 :   https://bit.ly/2QEOmdB 
* 부산MBC뉴스 인스타그램 : https://www.instagram.com/busan_mbcnews/?hl=ko
* 부산MBC뉴스 카카오뷰 : https://pf.kakao.com/_pxmgFs
*웹사이트 한눈에 보기 : https://linktr.ee/busanmbcnews

#부산뉴스 #뉴스데스크부산 #뉴스투데이부산
#부산MBC  #부산문화방송 #부산엠비씨",UCYv6OdjenbbDHRKTLCB5kdw,부산MBC뉴스,2023-06-10T11:45:11Z,42,0.7,True,709.0,,0.0,https://www.youtube.com/watch?v=ox_92pDOgxQ,236000,40684,PF247285,"부산시립합창단 특별연주회, 현대합창의 밤 Ⅴ",서양음악(클래식),부산문화회관 대극장,2024-11-01,2024-11-01,,,,shard_15,review,"candidate work ""하모니"" found but ambiguous among 2 instances",shorts
MCYXSIumox4,"정명훈│브람스, 교향곡 1번 c단조 Op.68  (J.Brahms, Symphony No. 1 in c minor Op. 68) MyungWhun Chung, Conductor","#클래식은티예무 #TV예술무대 #정명훈 #MBCtvartshow

지휘- 정명훈 (MyungWhun Chung, Conductor )
연주- 서울시립교향악단 (Seoul Philharmonic Orchestra)

♪브람스, 교향곡 1번 c단조 Op.68  (J.Brahms, Symphony No. 1 in c minor Op. 68)

1악장 00:06
2악장 14:18
3악장 23:55
4악장 28:22

2020 대원문화재단 신년음악회 (2020.1.5 녹화)
예술의전당 콘서트홀

★TV예술무대 인스타그램
https://www.instagram.com/tvartshow_official



*본 채널의 모든 영상은 출처 없이 무단으로 사용하거나 재편집, 배포, 이용(AI학습 포함)은 허용되지 않습니다.",UCAQQfjGwBLlW9enkLTKL0ew,TV예술무대,2020-07-09T08:09:33Z,2772,46.2,False,633180.0,5637.0,283.0,https://www.youtube.com/watch?v=MCYXSIumox4,249000,501,PF285042,"예술의전당 교향악축제, 서울시립교향악단 (04.09)",서양음악(클래식),예술의전당 [서울] 콘서트홀,2026-04-09,2026-04-09,,,,shard_16,review,"candidate work ""브람스"" found but ambiguous among 2 instances",general
3CVjDKj29mk,"[부산시립합창단 창단 50주년] 시민과 함께한 하모니, 부산을 넘어 세계로","🎉부산시립합창단 창단 50주년

시민과 함께한 하모니 부산을 넘어 세계로 !
합창으로 시민과 소통한 부산시립합창단🎵
2022년 새로운 반세기를 힘차게 시작합니다.",UCeySqDu5BowY_RD5sVYIYug,부산시립예술단TV,2022-01-20T07:25:01Z,61,1.02,False,341.0,12.0,0.0,https://www.youtube.com/watch?v=3CVjDKj29mk,2630,551,PF261805,"국립합창단, 카르미나 부라나 [부산]",서양음악(클래식),부산콘서트홀 콘서트홀,2025-05-16,2025-05-16,,,,shard_16,review,"candidate work ""하모니"" found but ambiguous among 2 instances",general
VC0H7XaFzAk,2020 익산시립무용단 제40회 정기공연 무풍천리,"2020 익산시립무용단 제40회 정기공연 무풍천리

#익산 #익산시 #시립무용단 #무풍천리",UC2oz_Gh__7Z8xL3ykgG9eKg,익산시 공식 유튜브,2020-09-18T01:14:24Z,7114,118.57,False,3793.0,81.0,19.0,https://www.youtube.com/watch?v=VC0H7XaFzAk,14200,1540,PF249633,제46회 익산시립무용단 정기공연,무용(서양/한국무용),익산예술의전당 대공연장,2024-10-11,2024-10-11,,,,shard_16,review,"candidate work ""무풍"" found but ambiguous among 4 instances",general
C9u4ikVRtEc,[ 호랑이 오빠 얼쑤 ]- 공연 전체 영상,"2012년 국립극장(초연) 이후 1,000여 이상 공연되고 있는 공연!
신나는 예술여행(3년 연속), 부산학생교육문화회관(3년 연속), 국립국악원 등 초청공연!

엄마들이 믿고 찾는 공연!
선생님도 추천하는 공연!

아이들의 함성과 노래가 공연 내내 울려퍼지는 공연!
모둠북과 피아노 LIVE 연주에 어른들도 흥겨운 공연!

[ 호랑이 오빠 얼쑤 ] 공연전체 영상입니다! 
공연의 재미와 감동을 먼저 맛보세요!!!

-----------------------------------
○ 공연시간 : 60분
○ 작,연출 : 유영길
○ 공연문의 : 기획팀장 010-8273-0712

-----------------------------------
○ [ 얼쑤 ]의 다른 영상을 보시려면-------
공연 전체 영상 : https://youtu.be/C9u4ikVRtEc
공연 줄거리 영상 : https://youtu.be/IlTdzOFc_r0
모둠북과피아노 라이브 연주 영상 : https://youtu.be/qHXesq6lU7Q

○ 극단 신명나게의 [ 도깨비가 준 선물  ]의 영상을 보시려면-------
공연 소개 영상 : https://youtu.be/YZ8Yc4GRYeM
공연 전체 영상 : https://youtu.be/WQ5kgHCh2ms?si=Us96QwKw63qwpM9B",UCTAd_CQ7V_OuAWKL-zMhtLg,신명나게,2021-01-07T05:29:53Z,3506,58.43,False,2609.0,19.0,0.0,https://www.youtube.com/watch?v=C9u4ikVRtEc,708,87,PF292547,꼬마 강치전 [남양주],뮤지컬,남양주 어린이비전센터 다목적강당,2026-06-19,2026-06-20,,,,shard_16,review,"candidate work ""얼쑤"" found but ambiguous among 5 instances",general
u0OtkEbemjA,"#shorts 키트리 캐스터네츠ㅣ누녜즈,오시포바) 발레 돈키호테 작품비교","로얄발레단 마리아넬라 누네즈
볼쇼이발레단 나탈리아 오시포바
돈키호테 키트리 캐스터네츠 바리에이션 작품 비교❤️",UCJSp4GqXKkQB2Um0hhgeM3Q,발레하는 펄리나 PEARLINA,2023-03-03T12:30:26Z,46,0.77,True,213515.0,4228.0,250.0,https://www.youtube.com/watch?v=u0OtkEbemjA,57100,507,PF239415,"국립발레단, 돈키호테",무용(서양/한국무용),예술의전당 [서울] 오페라극장,2024-06-05,2024-06-09,,,,shard_17,review,"candidate work ""돈키호테"" found but ambiguous among 6 instances",shorts
Wmxk-ZREu0Q,"우아한 몸짓, 스페인 대표 발레 돈키호테  2부 Don Quixote ballet ep02","발레 돈키호테 2부. 광주시립발레단, 1997년 광주문예회관 대극장. 
#발레 #돈키호테 #DonQuixote",UCRvrYUbatHPDc-snY-jCG0A,광주MBC,2019-05-11T23:00:02Z,1497,24.95,False,10814.0,57.0,2.0,https://www.youtube.com/watch?v=Wmxk-ZREu0Q,265000,11543,PF239415,"국립발레단, 돈키호테",무용(서양/한국무용),예술의전당 [서울] 오페라극장,2024-06-05,2024-06-09,,,,shard_17,review,"candidate work ""돈키호테"" found but ambiguous among 6 instances",general
Hrh29CAGJK0,광주시립발레단 제132회 정기공연 [돈키호테],"광주시립발레단 제132회 정기공연 [돈키호테]

공연일시
2022.10.7. 14:00

공연장소
국립아시아문화전당 예술극장 극장1

주최
광주문화예술회관/국립아시아문화전당

주관
광주시립발레단

캐스팅정보
키트리 – 강민지
바질리오 - 박관우

연출진정보
총연출 및 예술감독 박경숙
안무 Krzysztof Nowogrodzki
지휘 박승유
조안무 김혜민
기술감독 유준규
영상디자인 김장연 김정민
의상디자인 박지우
조명디자인 김연수
분장디자인 구유진
기술감독   유준규
조명감독   서경원


#Don Quixote #돈키호테 #호두까기인형 #광주시립발레단
#박경숙 #Krzysztof Nowogrodzki #ballet #gwangjucityballet #키트리 #바질리오",UC02x5SS_0-45ZZ13ROGsdtQ,광주예술의전당 Gwangju Arts Center,2023-01-25T09:30:03Z,6360,106.0,False,25665.0,359.0,16.0,https://www.youtube.com/watch?v=Hrh29CAGJK0,4420,783,PF239415,"국립발레단, 돈키호테",무용(서양/한국무용),예술의전당 [서울] 오페라극장,2024-06-05,2024-06-09,,,,shard_17,review,"candidate work ""돈키호테"" found but ambiguous among 6 instances",general
VT0-sY0jmSk,발레리나들도 어렵다는 그작품🦢백조의 호수 #shorts #발레,"발레하면 바로 떠오르는 이미지는? ""🦢"" 백조의 호수죠? 오늘은 미국 ABT 발레단의 질리언 머피와 러시아 mariinsky 발레단의 울리야나 로파트키나 발레리나 비교 영상입니다!",UCJSp4GqXKkQB2Um0hhgeM3Q,발레하는 펄리나 PEARLINA,2023-05-18T12:30:28Z,36,0.6,True,773767.0,11133.0,434.0,https://www.youtube.com/watch?v=VT0-sY0jmSk,57100,507,PF239415,"국립발레단, 돈키호테",무용(서양/한국무용),예술의전당 [서울] 오페라극장,2024-06-05,2024-06-09,,,,shard_17,review,"candidate work ""백조의 호수"" found but ambiguous among 6 instances",shorts
Y_LmAeKPDM0,20060131 오페라 '마술피리' 공연,국립 오페라단 사랑의 마술피리가 지난 26일 목요상설무대에서 펼쳐졌다.,UCSCZJRYjJrYrfGfdU42iPag,강남구,2021-08-19T00:46:09Z,27,0.45,True,44.0,1.0,0.0,https://www.youtube.com/watch?v=Y_LmAeKPDM0,30100,8691,PF239764,"부산시립예술단 토크오페라, 마술피리 [부산]",서양음악(클래식),부산시민회관 소극장,2024-04-24,2024-05-03,,,,shard_17,review,"candidate work ""국립오페라단, 마술피리"" found but ambiguous among 9 instances",shorts
sMhDwlhLBck,[예고편] 부산시립교향악단 창단 60주년 특집 다큐멘터리 '과거와 미래의 하모니',"올해 창단 60주년을 맞이하며
새로운 100년을 준비하는 부산시립교향악단!

부산시향 창단 60주년 특집 다큐멘터리 '과거와 미래의 하모니'가 2022년 12월 24일(토) 낮 12시 20분 부산MBC에서 방송됩니다.
많은 시청 바랍니다.

#부산시립예술단 #부산시립교향악단",UCeySqDu5BowY_RD5sVYIYug,부산시립예술단TV,2022-12-17T11:17:40Z,41,0.68,True,296.0,,0.0,https://www.youtube.com/watch?v=sMhDwlhLBck,2630,551,PF239764,"부산시립예술단 토크오페라, 마술피리 [부산]",서양음악(클래식),부산시민회관 소극장,2024-04-24,2024-05-03,,,,shard_17,review,"candidate work ""하모니"" found but ambiguous among 2 instances",shorts
TsuyXGiu4xA,최근 선 넘었다고 유명한 국내 배리어프리 연극 근황 우리 읍내 무대 비하인드 알아봄 / 비디오머그,"지난 22일부터 나흘간 초연을 올린 연극 〈우리 읍내〉에는 특별한 점이 많습니다.
전 세계적으로 유명한 동명의 원작을 우리 식으로 해석하면서 주인공을 농인으로 설정했단 점부터 파격적인데요. 이 역할의 배우를 비롯해 연극에 참여한 두 명의 배우가 실제 농인 배우라는 점도 아직은 낯설게 느껴지기도 합니다.
하지만 무대에 선 이들은 전혀 이질감 없이 평범한 일상을 연기해냅니다. 농인과 청인(음성을 들을 수 있는 비장애인)이 함께 사는 모습이 편안함을 느끼게 하기도 합니다. 실제로 농인과 청인이 자연스럽게 대화하기란 쉬운 일이 아닙니다. 연기를 할 때도 부단한 노력이 필요했다고 하는데요.
수어로, 자막으로, 오디오 채널로 시각장애인, 농인, 청인 누구나 즐길 수 있는 이 공연에 숨은 노력과 비하인드를 들어봤습니다

(취재: 김수현 / 구성: 이세미 / 편집: 이기은 / 디자인: 박수민 / 제작: 디지털뉴스기획부)

✔신뢰할 수 있는 재미, 비디오머그 VIDEOMUG

#비디오머그 #우리읍내 #배리어프리 #VMG

♨지금 뜨거운 이슈, 함께 토론하기(스프 구독) : https://premium.sbs.co.kr

▶비디오머그 채널 구독하기 : https://n.sbs.co.kr/mugTube
▶Homepage : https://videomug.co.kr
▶Facebook : https://www.facebook.com/videomug
▶Twitter : https://twitter.com/videomug_sbs",UCMEbRpvuwTbXxGiyDb1mT8w,비디오머그 - VIDEOMUG,2023-06-28T09:17:57Z,347,5.78,False,6452.0,152.0,5.0,https://www.youtube.com/watch?v=TsuyXGiu4xA,1870000,12727,PF238348,"국립극단, 스카팽 [군포]",연극,군포문화예술회관 수리홀,2024-05-31,2024-06-01,,,,shard_17,review,"candidate work ""우리읍내"" found but ambiguous among 3 instances",general
6WCbeUDvnD0,"20230903 밤 뮤지컬 더 픽션 커튼콜 (황민수f, 박유덕, 김서환)","20230903 밤 뮤지컬 더 픽션

커튼콜

황민수f, 박유덕, 김서환",UC-tsIStHr0MC0bPAh3bkbHg,고냥이 아지트,2023-09-10T14:24:16Z,170,2.83,False,25.0,0.0,,https://www.youtube.com/watch?v=6WCbeUDvnD0,1080,836,PF245824,쿠로이 저택엔 누가 살고 있을까? [여주],뮤지컬,세종국악당,2024-09-14,2024-09-14,,,,shard_17,review,"candidate work ""더 픽션"" found but ambiguous among 3 instances",general
prrEd7XCn1k,울산 남구 구립교향악단 '2020 힐링 음악회' #무관중공연 #제71회정기연주회,"#울산남구 #구립교향악단 #코로나-19 #무관중공연 #클래식

남구 구립교향악단, 코로나-19 극복을 위한
제71회 정기연주회 ""2020 힐링 음악회""
2020. 5. 19(화) 오후 4시 무관중 공연

※ 프로그램 노트

01:45 요한 스트라우스 2세 봄의 소리 왈츠
10:15 차이코프스키 바이올린 협주곡 작품35 제1악장 보통 빠르게
31:40 바버 현을 위한 아다지오 작품11
40:26 프렌켈 “백학”
45:10 최진 “시간에 기대어”
56:01 베토벤 교향곡 제5번 다단조 작품67 제4악장 빠르게

※ 출연진

지휘: 이태은(남구 구립교향악단 상임지휘자)

협연
 바이올린 남수진
· 서울대학교 음악대학 졸업
· 텍사스 주립대학 음악대학 석사 및 박사 졸업
· 부천시립교향악단 상임단원 역임
· 현, 울산 중구심포니오케스트라 악장, USP 챔퍼오케스트라 객원악장
· 선화예중·고, 부산예중·고 외래교수
· 영남대학교, 울산대학교 음악대학 겸임교수

 베이스 박기범
· 러시아 상트페테르부르크 국립음악원 졸업
· 러시아 림스키 코르사코프 국제성악 콩쿠르 입상
· 러시아 상트페테르부르크 국립오페라단 솔리스트 역임
· 러시아 카스트라마 순회 공연, 푸쉬킨 탄생 200주년 기념 초청연주,
  네크라소프·푸쉬킨 박물관 초청연주
· 오페라 ‘보리스 고두노프’, ‘에브게니 오네긴’, ‘토스카’, ‘리골레토’, ‘라 보엠’
  주역 출연

연주: 남구 구립교향악단
사회: 김언지",UCA_sH8tAjjakRDWfLKN3FDQ,울산남구 고래방송국,2020-05-21T23:00:13Z,4125,68.75,False,2914.0,88.0,16.0,https://www.youtube.com/watch?v=prrEd7XCn1k,24500,692,PF257746,"울산시립청소년교향악단, 신년음악회 [울산]",서양음악(클래식),울산문화예술회관 대공연장,2025-02-22,2025-02-22,,,,shard_17,review,"candidate work ""구구"" found but ambiguous among 2 instances",general
RDbeeLOdcVs,제64회 남구구립교향악단 정기연주회 앵콜 캐럴 연주,"제64회 남구구립교향악단 정기연주회 앵콜 공연
캐럴 연주",UCI1apwg5-gyc7ejb6S7TlXg,Jung gu Kang,2018-12-28T01:03:41Z,348,5.8,False,678.0,8.0,0.0,https://www.youtube.com/watch?v=RDbeeLOdcVs,324,522,PF246190,제74회 부산시립청소년교향악단 정기연주회,서양음악(클래식),부산문화회관 대극장,2024-09-10,2024-09-10,,,,shard_17,review,"candidate work ""구구"" found but ambiguous among 2 instances",general
QhluiieihAA,"전석 매진의 신화✨발레, 백조의 호수 2018년 풀버전 ;  Swan Lake Ballet / Лебединое Озеро / Le lac des cygnes[광주시립발레단]","국립발레단 예술감독을 지낸 최태지 단장이 이끄는 
광주시립발레단의 발레공연 실황 풀버전 ✨
차이코프스키 3대 발레 중 하나로 고전발레의 진수를 느낄 수 있는 작품.

[2018년 8월 공연]

#광주시립발레단 #백조의호수 #언택트공연",UCRvrYUbatHPDc-snY-jCG0A,광주MBC,2019-04-10T04:30:00Z,7133,118.88,False,752529.0,5109.0,309.0,https://www.youtube.com/watch?v=QhluiieihAA,265000,11543,PF263450,제140회 광주시립발레단 정기공연: DIVINE [광주],무용(서양/한국무용),광주 예술의 전당 대극장,2025-05-16,2025-05-17,,,,shard_18,review,"candidate work ""백조의 호수"" found but ambiguous among 6 instances",general
Hrh29CAGJK0,광주시립발레단 제132회 정기공연 [돈키호테],"광주시립발레단 제132회 정기공연 [돈키호테]

공연일시
2022.10.7. 14:00

공연장소
국립아시아문화전당 예술극장 극장1

주최
광주문화예술회관/국립아시아문화전당

주관
광주시립발레단

캐스팅정보
키트리 – 강민지
바질리오 - 박관우

연출진정보
총연출 및 예술감독 박경숙
안무 Krzysztof Nowogrodzki
지휘 박승유
조안무 김혜민
기술감독 유준규
영상디자인 김장연 김정민
의상디자인 박지우
조명디자인 김연수
분장디자인 구유진
기술감독   유준규
조명감독   서경원


#Don Quixote #돈키호테 #호두까기인형 #광주시립발레단
#박경숙 #Krzysztof Nowogrodzki #ballet #gwangjucityballet #키트리 #바질리오",UC02x5SS_0-45ZZ13ROGsdtQ,광주예술의전당 Gwangju Arts Center,2023-01-25T09:30:03Z,6360,106.0,False,25665.0,359.0,16.0,https://www.youtube.com/watch?v=Hrh29CAGJK0,4420,783,PF263450,제140회 광주시립발레단 정기공연: DIVINE [광주],무용(서양/한국무용),광주 예술의 전당 대극장,2025-05-16,2025-05-17,,,,shard_18,review,"candidate work ""돈키호테"" found but ambiguous among 6 instances",general
DHxeVXq5j74,광주시립발레단 백조의호수 연습현장_#생방송빛날,"광주시립발레단 백조의호수 연습현장_#생방송빛날

호두까기 인형, 잠자는 숲속의 미녀와 함께
차이콥스키의 3대 발레음악으로 평가받는
백조의 호수

70명의 단원이 4개월 동안 준비한 공연
놓치지 마세요

▶ 광주MBC 유튜브 구독하기 https://goo.gl/jbmus1
▶ 광주MBC뉴스 유튜브 구독하기 https://goo.gl/325xEt
▶ 광주MBC 공식 홈페이지 http://www.kjmbc.co.kr     
▶ 광주MBC 공식 페이스북 https://www.facebook.com/kjmbc    
▶ 광주MBC 공식 트위터 https://twitter.com/kjmbc_mbc
▶ 광주MBC 공식 인스타그램 https://www.instagram.com/kjmbc",UCRvrYUbatHPDc-snY-jCG0A,광주MBC,2018-07-10T07:22:19Z,252,4.2,False,5021.0,40.0,5.0,https://www.youtube.com/watch?v=DHxeVXq5j74,265000,11543,PF263450,제140회 광주시립발레단 정기공연: DIVINE [광주],무용(서양/한국무용),광주 예술의 전당 대극장,2025-05-16,2025-05-17,,,,shard_18,review,"candidate work ""백조의 호수"" found but ambiguous among 6 instances",general
3CVjDKj29mk,"[부산시립합창단 창단 50주년] 시민과 함께한 하모니, 부산을 넘어 세계로","🎉부산시립합창단 창단 50주년

시민과 함께한 하모니 부산을 넘어 세계로 !
합창으로 시민과 소통한 부산시립합창단🎵
2022년 새로운 반세기를 힘차게 시작합니다.",UCeySqDu5BowY_RD5sVYIYug,부산시립예술단TV,2022-01-20T07:25:01Z,61,1.02,False,341.0,12.0,0.0,https://www.youtube.com/watch?v=3CVjDKj29mk,2630,551,PF278975,제626회 부산시립교향악단 정기연주회 [부산],서양음악(클래식),부산콘서트홀 콘서트홀,2025-12-12,2025-12-12,,,,shard_18,review,"candidate work ""하모니"" found but ambiguous among 2 instances",general
RoFlauQq1_s,레미제라블 by 경북교향악단,"경북 공무원 교육원에서 특강으로 진행된 교향악 플러스!
레밀리터블의 영상과 함께^^",UCALJb12YenKB69cqUu2oYLg,inaspapa,2013-05-07T05:31:49Z,126,2.1,False,172.0,0.0,0.0,https://www.youtube.com/watch?v=RoFlauQq1_s,12,43,PF236531,제172회 춘천시립교향악단 정기연주회,서양음악(클래식),춘천문화예술회관 공연장,2024-03-28,2024-03-28,,,,shard_18,review,"candidate work ""레미제라블"" found but ambiguous among 12 instances",general
ZHJS8g0T6Qc,죠아키노 로시니 / 방금 들린 그 목소리 (오페라 '세비야의 이발사' 중에서)[KBS제주] 20220404방송,"죠아키노 로시니 / 방금 들린 그 목소리 (오페라 '세비야의 이발사' 중에서)
Gioachino Rossini / Una voce poco fa (dell'opera 'Il Barbiere di Siviglia')",UCV1i2By7x5vWxA5K7JVomdQ,KBS제주,2022-04-07T05:25:39Z,372,6.2,False,1781.0,31.0,3.0,https://www.youtube.com/watch?v=ZHJS8g0T6Qc,63800,5268,PF273993,"국립오페라단, 잔니 스키키 [부산]",서양음악(클래식),(재) 영화의전당 하늘연극장,2025-11-08,2025-11-08,,,,shard_18,review,"candidate work ""세비야의 이발사"" found but ambiguous among 4 instances",general
-BkFuPOJMmk,"P.Mascagni : Intermezzo from Opera "" Cavalleria Rusticana "" - 부산로얄필하모니오케스트라 [ 2021부산오페라갈라 ]","1. 부산로얄필하모니오케스트라 : 
곡명 : P.Mascagni : Intermezzo from Opera _ Cavalleria Rusticana ( 마스카니 : 오페라 카발레리아 루스티카나 간주 ) 

--------- 공연 소개------------------
공연 : 2021 부산오페라위크  [ 부산오페라갈라 ] 2021 Busan Opera Week [ Busan Opera Gala ]
연주 : 부산로얄필하모니오케스트라
지휘 : 양진모
장소 : 부산 금정문화회관
일시 : 2021년 11월 17일
기획 : 금정문화회관
-----------------------------------------------
구독과 좋아요는 채널성장에 큰 힘이 됩니다.
더 좋은 콘텐츠로 보답하겠습니다. 고맙습니다.
-----------------------------------------------
#클래식K #부산오페라갈라 #오페라아리아
#부산MBC #부산문화방송",UC0tBQ7evz5sNbMjwBOhmhiA,클래식K,2021-12-20T09:00:01Z,195,3.25,False,376.0,4.0,0.0,https://www.youtube.com/watch?v=-BkFuPOJMmk,43100,1054,PF274734,경기필하모닉 클래식 콘서트 [파주],서양음악(클래식),파주운정행복센터 공연장,2025-10-02,2025-10-02,,,,shard_18,review,"candidate work ""하모니"" found but ambiguous among 2 instances",general
PJsDYng7fBY,"동화로 재탄생한 판소리 수궁가 ""자라는 자라"" 생중계","동화로 재탄생한 판소리 '수궁가'

2019년 11월 23일 오후 5시에 진행되는 동화콘서트  ""자라는 자라"" 생중계 예고 영상입니다.


자세히보기 - http://reurl.kr/46258EE0WL


#동화콘서트 #자라는자라 #수궁가 #아르코예술기록원  #신창렬 #심소라 #이나라 #생중계",UCDHgVFK0iTBFATevkGoBBVw,한국문화예술위원회(ARKO),2019-11-22T00:26:17Z,117,1.95,False,216.0,2.0,0.0,https://www.youtube.com/watch?v=PJsDYng7fBY,17800,2006,PF252634,"광주시립창극단, 판소리 감상회 (11월)",한국음악(국악),광주 예술의 전당 소극장,2024-11-27,2024-11-27,,,,shard_18,review,"candidate work ""자라는 자라"" found but ambiguous among 6 instances",general
nWYa1xT1iic,뮤지컬 피터팬(의왕시립소년소녀합창단),,UCyBbi2gaCeUdDMdjwbqJIoA,베토벤과농부아저씨,2022-09-28T09:00:32Z,2818,46.97,False,291.0,2.0,0.0,https://www.youtube.com/watch?v=nWYa1xT1iic,4880,1596,PF263659,"광주시립합창단 기획연주회Ⅱ, 합창뮤지컬: 피터팬과 후크선장 [광주]",서양음악(클래식),광주 예술의 전당 대극장,2025-05-23,2025-05-24,,,,shard_19,review,"candidate work ""피터팬"" found but ambiguous among 3 instances",general
vKaw_I6Arnk,The Swan Lake Suite Op.20 백조의 호수 P. Tchaikovsky,"호남필하모닉 오케스트라
Honam Phil Harmonic Orchestra 
공연명 : 음악으로 떠나는 세계여행 낭만시대로의 여행 서유럽편
일 시 : 2017년 6월 13일 화요일 
음악감독 : 이준행
객원지휘 : Valery V.Khlebnikov
악 장 : 김수연
객원악장 : 이성애
단무장 : 서하림
총 무 : 서승현
나래이션 : 양선영, 정일행
무 용 : Polynskiy Dmitry, Chyrkaya Katsiaryna",UCdbP08BIJWyDH9fYsxD7ntA,JUN LEE,2017-12-01T16:11:21Z,326,5.43,False,90.0,2.0,0.0,https://www.youtube.com/watch?v=vKaw_I6Arnk,61,34,PF238245,"광주시립교향악단, 키즈 콘서트: Flying Symphony",서양음악(클래식),광주 예술의 전당 소극장,2024-05-03,2024-05-05,,,,shard_19,review,"candidate work ""백조의 호수"" found but ambiguous among 6 instances",general
QhluiieihAA,"전석 매진의 신화✨발레, 백조의 호수 2018년 풀버전 ;  Swan Lake Ballet / Лебединое Озеро / Le lac des cygnes[광주시립발레단]","국립발레단 예술감독을 지낸 최태지 단장이 이끄는 
광주시립발레단의 발레공연 실황 풀버전 ✨
차이코프스키 3대 발레 중 하나로 고전발레의 진수를 느낄 수 있는 작품.

[2018년 8월 공연]

#광주시립발레단 #백조의호수 #언택트공연",UCRvrYUbatHPDc-snY-jCG0A,광주MBC,2019-04-10T04:30:00Z,7133,118.88,False,752531.0,5109.0,309.0,https://www.youtube.com/watch?v=QhluiieihAA,265000,11543,PF235027,"광주시립발레단 기획공연, 발레살롱콘서트 Ⅰ: Voice of Spring",무용(서양/한국무용),광주 예술의 전당 소극장,2024-03-08,2024-03-09,,,,shard_19,review,"candidate work ""백조의 호수"" found but ambiguous among 6 instances",general
Hrh29CAGJK0,광주시립발레단 제132회 정기공연 [돈키호테],"광주시립발레단 제132회 정기공연 [돈키호테]

공연일시
2022.10.7. 14:00

공연장소
국립아시아문화전당 예술극장 극장1

주최
광주문화예술회관/국립아시아문화전당

주관
광주시립발레단

캐스팅정보
키트리 – 강민지
바질리오 - 박관우

연출진정보
총연출 및 예술감독 박경숙
안무 Krzysztof Nowogrodzki
지휘 박승유
조안무 김혜민
기술감독 유준규
영상디자인 김장연 김정민
의상디자인 박지우
조명디자인 김연수
분장디자인 구유진
기술감독   유준규
조명감독   서경원


#Don Quixote #돈키호테 #호두까기인형 #광주시립발레단
#박경숙 #Krzysztof Nowogrodzki #ballet #gwangjucityballet #키트리 #바질리오",UC02x5SS_0-45ZZ13ROGsdtQ,광주예술의전당 Gwangju Arts Center,2023-01-25T09:30:03Z,6360,106.0,False,25665.0,359.0,16.0,https://www.youtube.com/watch?v=Hrh29CAGJK0,4420,783,PF235027,"광주시립발레단 기획공연, 발레살롱콘서트 Ⅰ: Voice of Spring",무용(서양/한국무용),광주 예술의 전당 소극장,2024-03-08,2024-03-09,,,,shard_19,review,"candidate work ""돈키호테"" found but ambiguous among 6 instances",general
McHJ8ut9dTU,연극 '호신술' [공연에 뜨겁게 미치다],"141회 

뜨거운 라인업 - 연극 '호신술', 클래식 '2018 크리스마스 콘서트 - 유키 구라모토와 친구들', 발레 '2018 예술의전당 & 국립발레단 - 호두까기 인형'

#공뜨미
#뮤지컬
#연극
#콘서트
#발레
#tbs

----------------------------------------------
▶tbs 페이스북 https://www.facebook.com/mylovetbs/
▶tbs 홈페이지 www.tbs.seoul.kr/
▶네이버TV (김어준의 뉴스공장) http://tv.naver.com/newsfactory 
▶tbs 커뮤니티 http://bit.ly/2EaWnQp",UC5HSw5OY2vfVFSihpiB-AVQ,TBS 시민의방송,2018-12-13T12:17:22Z,312,5.2,False,1252.0,6.0,0.0,https://www.youtube.com/watch?v=McHJ8ut9dTU,1300000,30019,PF232584,"서울시극단, 제15기 시민연극교실",연극,세종문화회관 세종S씨어터,2024-01-06,2024-01-07,,,,shard_19,review,"candidate work ""국립발레단, 호두까기인형"" found but ambiguous among 5 instances",general
93XV-s7BcpE,190916 국립극단 연극 스카팽 커튼콜,,UCqF2lQpm2TfAvuNuA6fpIUw,Spotlight on you!,2019-09-16T13:16:36Z,253,4.22,False,2896.0,22.0,1.0,https://www.youtube.com/watch?v=93XV-s7BcpE,388,145,PF232584,"서울시극단, 제15기 시민연극교실",연극,세종문화회관 세종S씨어터,2024-01-06,2024-01-07,,,,shard_19,review,"candidate work ""국립극단, 스카팽"" found but ambiguous among 5 instances",general
l5BYMuDlTZ0,국립국악원 토요명품공연[2015.12.05.]  04. 해금산조(지영희류) (Sanjo ),"04. 해금산조(지영희류) 
산조는 기악독주곡 형식을 갖춘 음악으로 장구나 북 등 장단반주와 함께 연주된다. 산조 연주는 짧게는 10여분에서 길게는 한 시간 가량으로 자유롭게 할 수 있다. 산조는 초기에 즉흥성을 띤 가락들로 연주되기 시작하였으나 느린데서 빠른데로 옮겨가는 ‘장단 틀’의 형성과 더불어 다양한 조(調)를 갖추어 정형화되면서 산조명인의 음악성이 극대화된다. 가야금산조가 먼저 발달했으며, 대금산조, 거문고산조가 20세기 전반기에 이미 형성되었고, 이후 해금산조, 피리산조, 아쟁산조 등이 잇달아 만들어졌다. 

04. Haegeum Sanjo
Sanjo is a genre of solo instrumental music accompanied by a rhythmic instrument like janggu or buk, and can be performed anywhere between 10 minutes and an hour. Initially, it began as a combination of improvisatory melodic fragments, but as a rhythmic framework moving from slow to fast and various modes were established, masters developed their own styles to the utmost. 
Gayageum was the first instrument that developed this genre, which spread to daegeum and geomungo during the first half of the 20th century, and was later taken up by haegeum, piri, and ajaeng. 
As the genre developed for different instruments, each instrument came to have masters who developed their own schools, reaching their zenith in the latter part of the 20th century. Sanjo was greatly influenced by Pansori inasmuch as it is often dubbed “Pansori without voice.”

○   해금 : 김지희 ,  고수 : 강형수",UCmN4xFSlmWw-_d2riM-ep0A,국립국악원 National Gugak Center,2015-12-09T07:44:13Z,605,10.08,False,3714.0,19.0,1.0,https://www.youtube.com/watch?v=l5BYMuDlTZ0,72700,3576,PF269609,국립국악원 창작악단 기획공연: 긴산조 협주곡Ⅱ,한국음악(국악),국립극장 해오름극장,2025-10-26,2025-10-26,,,,shard_19,review,"candidate work ""토요명품"" found but ambiguous among 2 instances",general
59uNJ9orTTs,국립국악원 토요명품공연[2015.04.11.]  02. 허튼가락(Heoteun Garak),"02. 허튼가락(12분)
본디 허튼가락이라는 말은 정형화되지 않고 즉흥성을 띤 음악이라는 뜻으로 쓰이는 말이나, 여기서는 산조와 시나위에 사용되는 장단을 활용하고, 음악적 다양성과 긴장감을 보완해서 민속음악의 멋을 살리고자 새롭게 구성한 곡을 말한다. 각 악기들의 음색과 음향적 조화뿐만 아니라 호흡과 감성의 조화를 위해 서로 만나고 흩어지는 시나위적 틀 속에서 상호 울림의 교감을 완성해가고자 하였다.

02. Heoteun Garak
“Heoteun Garak” originally means non-standardized, improvisatory music, but here it means a new composition using rhythmic patterns from Sanjo and Sinawi with additional elements so as to capture the beauty of folk music. This piece aims to bring out harmony not only between the instruments, but between different emotions and sensibilities in the spirit of Sinawi.

○ 출연/국립국악원 민속악단
   - 가야금 : 박준호 문경아 이여진, 거문고 : 한민택 이선화 이재하, 아쟁 : 김영길 윤서경 배런, 해금 : 김정림 김선구 김지희, 장구 : 조용복

○  주최 및 촬영/국립국악원[National Gugak Center]",UCmN4xFSlmWw-_d2riM-ep0A,국립국악원 National Gugak Center,2015-04-15T07:06:04Z,697,11.62,False,981.0,8.0,0.0,https://www.youtube.com/watch?v=59uNJ9orTTs,72700,3576,PF269609,국립국악원 창작악단 기획공연: 긴산조 협주곡Ⅱ,한국음악(국악),국립극장 해오름극장,2025-10-26,2025-10-26,,,,shard_19,review,"candidate work ""토요명품"" found but ambiguous among 2 instances",general
gKTtLu0A1ZQ,영동난계국악단 별주부전 Live 2014.09.14,코엑스몰 한일축제한마당 2014 in Seoul,UCvezRLTg_V270sSirp-gADQ,TAMI TV,2014-09-20T16:32:54Z,203,3.38,False,323.0,7.0,0.0,https://www.youtube.com/watch?v=gKTtLu0A1ZQ,588,363,PF285148,제74회 성남시립국악단 정기연주회 [성남],한국음악(국악),성남아트센터 콘서트홀,2026-03-12,2026-03-12,,,,shard_19,review,"candidate work ""별주부전"" found but ambiguous among 3 instances",general
Hh1WpOB6wkQ,국립국악원 토요명품공연[2016.06.11.] 06. 농악 판굿 '웃다리농악',"06. 농악 판굿 '웃다리농악'
판굿은 판을 벌여놓고 농악을 연주하는 이른바 ‘판놀음’을 지칭한다. 20세기 이후 풍물굿이 마을 공동체 단위를 벗어나 전문적인 예인들에 의해 재편되었고, 특히 전국 규모의 대회ㆍ행사에 맞춘 형태로 재구성되면서, 제의와 상징으로서의 성격보다는 놀이적 연희형태의 판굿으로 강화되었다. 
풍물굿의 지역적 특성이 전승되고 있기 때문에, 오늘날 판굿은 구성을 어떻게 하느냐에 따라 다양한 형태의 양식을 갖출 수 있다. 풍물(농악)은 2014년 11월 27일, 유네스코 인류무형문화유산으로 등재되었다.

 ○ 꽹과리/이홍구·오영환, 태평소/장수호, 징/박은하·박상인, 장구/남기문·김수용, 북/최병삼·백진석
 ○ 상모/이대원·강병혁·임용남·유지형·이동주(객원)·조만희(객원)·김희수(객원)·나현철(객원)

○  주최 및 촬영/국립국악원[National Gugak Center]",UCmN4xFSlmWw-_d2riM-ep0A,국립국악원 National Gugak Center,2016-06-16T00:52:11Z,1073,17.88,False,348353.0,2624.0,189.0,https://www.youtube.com/watch?v=Hh1WpOB6wkQ,72700,3576,PF269617,장단: 놀음 [평택],한국음악(국악),평택시남부문예회관 대공연장,2025-08-08,2025-08-08,,,,shard_19,review,"candidate work ""토요명품"" found but ambiguous among 2 instances",general
IimyJaR798Q,선소리산타령 얼쑤! 국악한마당   선소리타령구리시보존회,"선소리산타령 얼쑤! 국악한마당

일시 : 2020년 12월 31일(목) 오전 11시
장소 : 선소리타령구리시보존회 사무실

주최 : 구리시
주관 : 선소리타령구리시보존회
후원 : 사)한국예총구리지회 

정유진
얼쑤! 국악한마당

사물놀이
꽹과리 - 임동일
장구 - 정유진
북 - 조기환
징 - 민경진

경기민요
오복례, 김명자, 이숙자, 이은경

풍년가
태평가
양산도
밀양아리랑

진도북춤
정유진

한강수타령
뱃노래
자진뱃노래

선소리산타령 얼쑤! 국악한마당
          끝
제작
미디어주노

한국무용 장고춤
김경아, 장은진",UCDdMCf8U_23VD4ysrcfyFrg,DocuRain 다큐레인,2020-12-31T08:49:26Z,1434,23.9,False,371.0,4.0,1.0,https://www.youtube.com/watch?v=IimyJaR798Q,57300,2467,PF273028,"광주시립창극단, 판소리 감상회 (9월)",한국음악(국악),광주 예술의 전당 소극장,2025-09-24,2025-09-24,,,,shard_19,review,"candidate work ""얼쑤"" found but ambiguous among 5 instances",general
QV58SzO2C1c,|🏪|#불편한 편의점 #shorts 적용해! 자중해! #혜화공연 #연극추천 #공연 #직캠,"뮤직드라마 [불편한편의점]
https://tickets.interpark.com/goods/24002802",UCxKQRgViQ1pn2oK1fYYITIA,극단지우 [오픈런],2024-10-10T09:32:15Z,48,0.8,True,35518.0,300.0,7.0,https://www.youtube.com/watch?v=QV58SzO2C1c,353,149,PF257633,"서울시극단, 코믹 (Com!que)",연극,세종문화회관 세종M씨어터,2025-03-28,2025-04-20,,,,shard_2,review,"candidate work ""불편한 편의점"" found but ambiguous among 3 instances",shorts
Y_LmAeKPDM0,20060131 오페라 '마술피리' 공연,국립 오페라단 사랑의 마술피리가 지난 26일 목요상설무대에서 펼쳐졌다.,UCSCZJRYjJrYrfGfdU42iPag,강남구,2021-08-19T00:46:09Z,27,0.45,True,44.0,1.0,0.0,https://www.youtube.com/watch?v=Y_LmAeKPDM0,30100,8691,PF243878,"부산시립예술단 토크오페라, 마술피리",서양음악(클래식),부산문화회관 대극장,2024-07-04,2024-07-05,,,,shard_2,review,"candidate work ""국립오페라단, 마술피리"" found but ambiguous among 9 instances",shorts
sMhDwlhLBck,[예고편] 부산시립교향악단 창단 60주년 특집 다큐멘터리 '과거와 미래의 하모니',"올해 창단 60주년을 맞이하며
새로운 100년을 준비하는 부산시립교향악단!

부산시향 창단 60주년 특집 다큐멘터리 '과거와 미래의 하모니'가 2022년 12월 24일(토) 낮 12시 20분 부산MBC에서 방송됩니다.
많은 시청 바랍니다.

#부산시립예술단 #부산시립교향악단",UCeySqDu5BowY_RD5sVYIYug,부산시립예술단TV,2022-12-17T11:17:40Z,41,0.68,True,296.0,,0.0,https://www.youtube.com/watch?v=sMhDwlhLBck,2630,551,PF243878,"부산시립예술단 토크오페라, 마술피리",서양음악(클래식),부산문화회관 대극장,2024-07-04,2024-07-05,,,,shard_2,review,"candidate work ""하모니"" found but ambiguous among 2 instances",shorts
F_gJpJNahjc,[구리문화재단 온라인 서포터즈] 뮤지컬 《만복이네 떡집》 그 연습 현장!,"🎥영상제작 : 2021 구리문화재단 온라인서포터즈 서정은

김리리 작가의 '만복이네 떡집' 시리즈가 뮤지컬로 재탄생하다!
신비한 떡집에서 펼쳐지는 따뜻하고 달콤한 이야기!
그 연습현장을 같이 둘러볼까요?

뮤지컬 '만복이네 떡집'
▪일시 : 10월 9일(토) 11시, 14시 / 10월 10일(일) 14시
▪장소 : 구리아트홀 코스모스 대극장
▪가격 : 전석 2만원
▪연령 : 만 36개월 이상
▪예매 : 구리문화재단 홈페이지 또는 인터파크티켓
▪문의 : 031-580-7900~1

#구리문화재단 #구리아트홀 #제작공연 #뮤지컬 #만복이네떡집",UCqHtuaubN8VmOfHwyoMaFXw,구리문화재단 구리아트홀,2021-09-30T07:28:15Z,303,5.05,False,1118.0,10.0,0.0,https://www.youtube.com/watch?v=F_gJpJNahjc,458,116,PF228736,왕세자 실종사건 [거창],뮤지컬,거창문화센터 공연장,2023-11-10,2023-11-11,,,,shard_2,review,"candidate work ""만복이네 떡집"" found but ambiguous among 2 instances",general
zO3cfy_IZIU,광주 필하모니 오케스트라 - Hungarian Dance No.1,"Hungarian Dance No.1............... J. Brahms
지휘 : 김 기 원   ‘경기도 문화의날’ 코로나 극복, 광주시민을 위한 힐링 콘서트
광주시민 필하모니 오케스트라   2020년 7월 10일 남한산성 아트홀",UCJrvhFwpIHKS2mWOMepUVzA,광주필하모니 오케스트라,2020-07-28T03:03:50Z,219,3.65,False,286.0,18.0,1.0,https://www.youtube.com/watch?v=zO3cfy_IZIU,186,79,PF277806,"국립심포니콘서트오케스트라: 드보르자크, 교향곡 8번 [세종]",서양음악(클래식),세종예술의전당 대공연장,2025-11-25,2025-11-25,,,,shard_2,review,"candidate work ""하모니"" found but ambiguous among 2 instances",general
sMhDwlhLBck,[예고편] 부산시립교향악단 창단 60주년 특집 다큐멘터리 '과거와 미래의 하모니',"올해 창단 60주년을 맞이하며
새로운 100년을 준비하는 부산시립교향악단!

부산시향 창단 60주년 특집 다큐멘터리 '과거와 미래의 하모니'가 2022년 12월 24일(토) 낮 12시 20분 부산MBC에서 방송됩니다.
많은 시청 바랍니다.

#부산시립예술단 #부산시립교향악단",UCeySqDu5BowY_RD5sVYIYug,부산시립예술단TV,2022-12-17T11:17:40Z,41,0.68,True,296.0,,0.0,https://www.youtube.com/watch?v=sMhDwlhLBck,2630,551,PF247751,제132회 목포시립교향악단 정기연주회: 베토벤 교향곡 7번,서양음악(클래식),목포시민문화체육센터 대공연장,2024-09-12,2024-09-12,,,,shard_20,review,"candidate work ""하모니"" found but ambiguous among 2 instances",shorts
QdTD1HCw65M,제 2회 감사와 나눔 음악회 2019.12.06 마음의 하모니 - 송어,"송어 (f.shubert 작곡/ 김규환 편곡)

지휘 고영훈/ 단장 김영민/ 마음의 하모니 합창단 with 소프라노 고예정

2019년 12월 6일 pm 6:30

제 2회 감사와 나눔 음악회",UC6-yRhfG1La9NkSAGEKS0qg,Harmony of Heart Chorus마음의 하모니 합창단,2019-12-06T15:57:44Z,117,1.95,False,201.0,9.0,0.0,https://www.youtube.com/watch?v=QdTD1HCw65M,78,39,PF279394,제199회 창원시립합창단 정기연주회 [창원],서양음악(클래식),3.15아트센터 대극장,2025-12-04,2025-12-04,,,,shard_20,review,"candidate work ""하모니"" found but ambiguous among 2 instances",general
8UX3112ksY4,"J. Brahms Symphnoy No.2 in D Major, Op.73 | 예술의전당 | 교향악축제 | 진주시립교향악단 | 브람스","2021년 4월 8일 목요일 오후 7시30분 예술의전당 콘서트홀
Thu. Apr 8, 2021 at 07:30 P.M. Concert Hall, Seoul Arts Center

🎵  브람스 | 교향곡 제2번 라 장조 Op.73
ㅤㅤJ. Brahms Symphnoy No.2 in D Major, Op.73

ㅤㅤ지   휘  | 정인혁
ㅤㅤ연ㅤ주 | 진주시립교향악단 
      
2021 Seoul Arts Center
Orchestra Festival - Jinju Symphony Orchestra
Conductor | Inhyeok Jeong

Copyright ⓒ2021. Seoul Arts Center. All Rights Reserved.",UCBvDRQETp01JUOVHaumO08Q,예술의전당 Concert,2022-03-24T10:00:04Z,2394,39.9,False,2914.0,53.0,1.0,https://www.youtube.com/watch?v=8UX3112ksY4,66700,1085,PF273260,천안시립교향악단 기획공연: 협주곡의 밤 [천안],서양음악(클래식),천안시성환문화회관 대공연장,2025-09-03,2025-09-03,,,,shard_20,review,"candidate work ""브람스"" found but ambiguous among 2 instances",general
ZHJS8g0T6Qc,죠아키노 로시니 / 방금 들린 그 목소리 (오페라 '세비야의 이발사' 중에서)[KBS제주] 20220404방송,"죠아키노 로시니 / 방금 들린 그 목소리 (오페라 '세비야의 이발사' 중에서)
Gioachino Rossini / Una voce poco fa (dell'opera 'Il Barbiere di Siviglia')",UCV1i2By7x5vWxA5K7JVomdQ,KBS제주,2022-04-07T05:25:39Z,372,6.2,False,1781.0,31.0,3.0,https://www.youtube.com/watch?v=ZHJS8g0T6Qc,63800,5268,PF266593,"국립오페라단, 잔니 스키키 [대전]",서양음악(클래식),대전예술의전당 앙상블홀,2025-08-29,2025-08-29,,,,shard_20,review,"candidate work ""세비야의 이발사"" found but ambiguous among 4 instances",general
Krr_yG3EsdY,[우리의 낙원 정다운 가곡] 갈매기 (이은상 시 - 채동선 곡),2010년 11월15일 저녁 서울 종로3가 둘로스소극장. 우리의 낙원 정다운 가곡 제8회 작곡가와 함께 가곡 부르기. 초청 작곡가: 오숙자. 지도: 신귀복. 피아노: 고승희. 주최: 참깨방송.,UCiw6RObBFSVCCoHTIsgc_kQ,SesameTube 참깨방송,2010-11-19T09:53:17Z,246,4.1,False,700.0,0.0,0.0,https://www.youtube.com/watch?v=Krr_yG3EsdY,160000,19477,PF261678,신귀복 가곡 음악회: 가곡의 별 [보성],서양음악(클래식),보성군문화예술회관,2025-04-15,2025-04-15,,,,shard_20,review,"candidate work ""갈매기"" found but ambiguous among 2 instances",general
6ObzrslToH8,"채동선 가곡 모음곡 / ""다른하늘-새벽별을 잊고-갈매기(바다)-동해(풍랑)"" / 채동선 곡 _ 문현주 편곡  / 더 싱어즈 / 지휘 김보미  _ Pf 박영서","보성군문화예술회관합창단 제5회정기연주회
채동선 가곡 합창편곡 초연",UC-HPc0T5Iw2CJuykU3vtEtg,보성군문화예술회관합창단,2022-07-07T17:00:36Z,517,8.62,False,625.0,17.0,1.0,https://www.youtube.com/watch?v=6ObzrslToH8,783,557,PF261678,신귀복 가곡 음악회: 가곡의 별 [보성],서양음악(클래식),보성군문화예술회관,2025-04-15,2025-04-15,,,,shard_20,review,"candidate work ""갈매기"" found but ambiguous among 2 instances",general
8UX3112ksY4,"J. Brahms Symphnoy No.2 in D Major, Op.73 | 예술의전당 | 교향악축제 | 진주시립교향악단 | 브람스","2021년 4월 8일 목요일 오후 7시30분 예술의전당 콘서트홀
Thu. Apr 8, 2021 at 07:30 P.M. Concert Hall, Seoul Arts Center

🎵  브람스 | 교향곡 제2번 라 장조 Op.73
ㅤㅤJ. Brahms Symphnoy No.2 in D Major, Op.73

ㅤㅤ지   휘  | 정인혁
ㅤㅤ연ㅤ주 | 진주시립교향악단 
      
2021 Seoul Arts Center
Orchestra Festival - Jinju Symphony Orchestra
Conductor | Inhyeok Jeong

Copyright ⓒ2021. Seoul Arts Center. All Rights Reserved.",UCBvDRQETp01JUOVHaumO08Q,예술의전당 Concert,2022-03-24T10:00:04Z,2394,39.9,False,2914.0,53.0,1.0,https://www.youtube.com/watch?v=8UX3112ksY4,66700,1085,PF266530,춘천시립교향악단 실내악 시리즈,서양음악(클래식),춘천문화예술회관 공연장,2025-07-11,2025-07-11,,,,shard_20,review,"candidate work ""브람스"" found but ambiguous among 2 instances",general
Aki0XbpXzQc,가수정문현 홍도야 울지마라 원곡김영춘 제422회 한국가수협회 금산문화 예술단 정기공연 관광특구 월미도 학무대 특설무대,인천TV방송영상명감독박동만 영상문의01090245997,UC1J3Pjib3GLP6G-MQ5zQfNQ,인천TV방송영상명감독박동만,2025-03-07T10:50:01Z,180,3.0,False,11.0,2.0,0.0,https://www.youtube.com/watch?v=Aki0XbpXzQc,16200,56758,PF277520,홍도야 우지마라 [인천],연극,인천문화예술회관 소공연장,2025-11-29,2025-12-07,,,,shard_21,review,"candidate work ""홍도"" found but ambiguous among 2 instances",shorts
93lwzd9qOqA,가수 박경희(홍도야울지마라)(원곡김영춘 (비영리)인천사랑봉사단45회정기공연,,UCluwRc_7Md9WbtHEkLuUN7w,한국방송TV(인천사랑봉사단)단장임탁,2022-09-18T10:49:49Z,193,3.22,False,8.0,1.0,0.0,https://www.youtube.com/watch?v=93lwzd9qOqA,1310,5172,PF277520,홍도야 우지마라 [인천],연극,인천문화예술회관 소공연장,2025-11-29,2025-12-07,,,,shard_21,review,"candidate work ""홍도"" found but ambiguous among 2 instances",general
IsDV1uHXFps,가수정진섭 홍도야 울지마라 원곡김영춘 제410회 한국가수협회 금산문화 예술단 2024년 송년회 특집공연 관광특구 월미도 학무대 특설무대,인천TV방송영상명감독박동만 영상문의01090245997,UC1J3Pjib3GLP6G-MQ5zQfNQ,인천TV방송영상명감독박동만,2024-12-03T17:36:25Z,179,2.98,False,6.0,1.0,0.0,https://www.youtube.com/watch?v=IsDV1uHXFps,16200,56758,PF277520,홍도야 우지마라 [인천],연극,인천문화예술회관 소공연장,2025-11-29,2025-12-07,,,,shard_21,review,"candidate work ""홍도"" found but ambiguous among 2 instances",shorts
XDmbwl-UzG8,가수박동수 홍도야 울지마라 원곡김영춘 제367회 한국가수협회 금산문화 예술단 정기공연 관광특구 월미도 학무대 특설무대,인천TV방송영상명감독박동만 영상문의01090245997,UC1J3Pjib3GLP6G-MQ5zQfNQ,인천TV방송영상명감독박동만,2023-10-28T00:08:01Z,187,3.12,False,49.0,2.0,0.0,https://www.youtube.com/watch?v=XDmbwl-UzG8,16200,56758,PF277520,홍도야 우지마라 [인천],연극,인천문화예술회관 소공연장,2025-11-29,2025-12-07,,,,shard_21,review,"candidate work ""홍도"" found but ambiguous among 2 instances",general
ULJ_hj6AgGc,가수정문현 홍도야 울지마라 원곡김영춘 제394회 한국가수협회 금산문화 예술단 정기공연 관광특구 월미도 학무대 특설무대,인천TV방송영상명감독박동만 영상문의01090245997,UC1J3Pjib3GLP6G-MQ5zQfNQ,인천TV방송영상명감독박동만,2024-06-10T08:04:32Z,189,3.15,False,50.0,3.0,0.0,https://www.youtube.com/watch?v=ULJ_hj6AgGc,16200,56758,PF277520,홍도야 우지마라 [인천],연극,인천문화예술회관 소공연장,2025-11-29,2025-12-07,,,,shard_21,review,"candidate work ""홍도"" found but ambiguous among 2 instances",general
MCa-jMzncH4,가수황진설 홍도야 울지마라 원곡김영춘 제422회 한국가수협회 금산문화 예술단 정기공연 관광특구 월미도 학무대 특설무대,인천TV방송영상명감독박동만 영상문의01090245997,UC1J3Pjib3GLP6G-MQ5zQfNQ,인천TV방송영상명감독박동만,2025-03-07T16:36:51Z,182,3.03,False,19.0,1.0,1.0,https://www.youtube.com/watch?v=MCa-jMzncH4,16200,56758,PF277520,홍도야 우지마라 [인천],연극,인천문화예술회관 소공연장,2025-11-29,2025-12-07,,,,shard_21,review,"candidate work ""홍도"" found but ambiguous among 2 instances",general
Ree4A2oAywM,2020 언택트 공연 갈매기 - The Other Side  Making Film,"한양대학교 연극영화학과 대학원에서 코로나 시대를 맞아 진행한

언택트 공연 갈매기가 곧 시작됩니다! 많은 기대와 응원 부탁드립니다!  

 

총괄 프로듀서 - 권용, 조한준, 김준희, 우종희, 박선희 

연출 - 이준호 

기획 - 김진영, 오성수

편집 - 김현준

드라마터지 - 김경아, 성기웅

배경 - 엽원철 

음향 - 이경선

의상 - 장결여

음악 - 정하나

액팅코치 - 장성원

스크린/콘티 - 유은아 

소품 - 김정훈

 

출연 - 김병윤, 장진향, 송용진, 지민희, 윤박함, 장승원, 곽초원, 이우람 

 

장소 - 온라인 플랫폼 Zoom & YouTube 


한양대학교 연극영화학과 대학원 인스타그램 ▼
https://www.instagram.com/hyu_theatre_grad/


#한양대학교연극영화학과대학원 #HDT연극영화학과 #언택트갈매기 #연출이준호",UCbctJ7X2wPEC13orEcKdVDg,HDT Media 한양대 연극영화학과 연극전공,2020-10-24T17:04:00Z,118,1.97,False,332.0,6.0,0.0,https://www.youtube.com/watch?v=Ree4A2oAywM,811,88,PF263085,헤다 가블러 [고양],연극,고양어울림누리 어울림극장,2025-06-07,2025-06-08,,,,shard_21,review,"candidate work ""갈매기"" found but ambiguous among 2 instances",general
NikJ-O_yaw4,"영어 뮤지컬 헤어스프레이 공연 ""Musical Hairspray""  초등학생 공연","헤어스프레이는 많은 아이들에게 배역이 갈 수 있고, 좋은 메세지를 갖고 재미있게 할 수 있는 작품  중 하나다.
2014년 3~5학년 뮤지컬 동아리 아이들의 공연이다.  일주일에 한번 2시정도 5개월 연습하고 공연했는데  학교선생님, 보컬선생님, 아이들 대사 암기 및 스태프로 도와주시는 선생님과 함께 했다. 기본 12~15차시 안에 15분의 공연을 만들어야 하는데 22차시라는 긴 시간만큼 좀 더 집중해서 할 수 있지 않았나 싶다.  아이들의 열심이 너무 예뻤다.

넘버.
1. Good morning Baltimore
2. The nicest kids in Town
3. Mama, I'm a big girl now
4. I can hear the bells 
5.(The legend of) Miss Baltimore crabs 
6. It takes two
7. Run and tell that
8. I know where I've been
9. Without love
10. You can't stop the beat",UC_lkLPQ-wwww_a4QUUKOMkA,Yun Mi Shin,2021-10-18T14:57:02Z,2783,46.38,False,345.0,6.0,0.0,https://www.youtube.com/watch?v=NikJ-O_yaw4,6,13,PF224058,"청소년을 위한 공연예술축제, Do It Now! [대구]",연극,문화예술전용극장CT,2023-09-15,2023-09-16,,,,shard_21,review,"candidate work ""스프레이"" found but ambiguous among 10 instances",general
kqFqF7ZYirY,"클라라 주미 강│브람스, 바이올린 협주곡 D장조 Op.77 (J.Brahms,Violin Concerto Op.77) Vn.Clara Jumi Kang MBC210920방송","#클래식은티예무 #TV예술무대 #클라라주미강 #PFO #4K #MBCtvartshow

연주- 평창페스티벌오케스트라 (Pyeong Chang Festival Orchestra)
지휘- 정치용 (Chi Yong Jung, Conductor )
협연- 클라라 주미 강 (Clara-Jumi Kang, Violin)

♪브람스, 바이올린 협주곡 D장조 Op.77 (J.Brahms, Violin Concerto In D Major Op.77 )
1악장  00:35
2악장  23:25
3악장  32:04

2021평창대관령음악제 (예술감독: 손열음)
https://www.youtube.com/c/MPYCTV

💜 TV예술무대 인스타그램 💜
https://www.instagram.com/tvartshow_official",UCAQQfjGwBLlW9enkLTKL0ew,TV예술무대,2021-10-22T09:00:31Z,2469,41.15,False,435671.0,5032.0,191.0,https://www.youtube.com/watch?v=kqFqF7ZYirY,249000,501,PF230368,서울시향 크리스티안 테츨라프의 브람스 바이올린 협주곡 1,서양음악(클래식),예술의전당 [서울] 콘서트홀,2024-09-05,2024-09-05,,,,shard_22,review,"candidate work ""브람스"" found but ambiguous among 2 instances",general
dn7GGySri_Q,"Brahms: Concerto - Heifetz,  Reiner / 브람스: 바이올린협주곡 - 하이페츠, 라이너","Brahms: Concerto in D major, Op. 77
브람스: 바이올린협주곡 D장조, 작품 77

I.   Allegro non troppo (Start 00:00)
II.  Adagio (Start 18:55)
III. Allegro giocoso ma non troppo vivace (Start 27:11)

Violin: Jascha Heifetz
바이올린: 야사 하이페츠
Chicago Symphony Orchestra
시카고 심포니 오케스트라
Conductor: Fritz Reiner
지휘: 프리츠 라이너

Recorded: Orchestral Hall, Chicago, February 21 & 22, 1955
.....................................................................................................................................
레오나르도의 다락방은 음반시장의 쇠퇴와 함께 구하기 힘들어진 거장들의 연주나 많이 알려지지는 않았지만 숨겨진 좋은 연주들을 소개하는 채널입니다.

Leonardo's Attic is a channel that introduces performances by masters who have become difficult to find with the decline of the record market, or good hidden performances that are not well known.",UCOyFg9V1I58cf2jPC8vzJQg,레오나르도의 다락방 Leonardo's Attic - Kang,2022-12-01T15:10:44Z,2080,34.67,False,10641.0,259.0,12.0,https://www.youtube.com/watch?v=dn7GGySri_Q,15800,928,PF230368,서울시향 크리스티안 테츨라프의 브람스 바이올린 협주곡 1,서양음악(클래식),예술의전당 [서울] 콘서트홀,2024-09-05,2024-09-05,,,,shard_22,review,"candidate work ""브람스"" found but ambiguous among 2 instances",general
MCYXSIumox4,"정명훈│브람스, 교향곡 1번 c단조 Op.68  (J.Brahms, Symphony No. 1 in c minor Op. 68) MyungWhun Chung, Conductor","#클래식은티예무 #TV예술무대 #정명훈 #MBCtvartshow

지휘- 정명훈 (MyungWhun Chung, Conductor )
연주- 서울시립교향악단 (Seoul Philharmonic Orchestra)

♪브람스, 교향곡 1번 c단조 Op.68  (J.Brahms, Symphony No. 1 in c minor Op. 68)

1악장 00:06
2악장 14:18
3악장 23:55
4악장 28:22

2020 대원문화재단 신년음악회 (2020.1.5 녹화)
예술의전당 콘서트홀

★TV예술무대 인스타그램
https://www.instagram.com/tvartshow_official



*본 채널의 모든 영상은 출처 없이 무단으로 사용하거나 재편집, 배포, 이용(AI학습 포함)은 허용되지 않습니다.",UCAQQfjGwBLlW9enkLTKL0ew,TV예술무대,2020-07-09T08:09:33Z,2772,46.2,False,633174.0,5637.0,283.0,https://www.youtube.com/watch?v=MCYXSIumox4,249000,501,PF230368,서울시향 크리스티안 테츨라프의 브람스 바이올린 협주곡 1,서양음악(클래식),예술의전당 [서울] 콘서트홀,2024-09-05,2024-09-05,,,,shard_22,review,"candidate work ""브람스"" found but ambiguous among 2 instances",general
fwkkxL0t044,[광주시립발레단 제 132회 정기공연] 돈키호테,"광주시립발레단이 10월 7일부터 
국립아시아문화전당 예술극장 극장1에서 
[돈키호테]를 선보입니다. 

모험담을 다루었던 소설 원작과는 달리
이발사 ‘바질리오’와 여관집 딸 ‘키트리’의 
사랑이야기를 담은 발레 [돈키호테]

그들의 애틋한 사랑과 열정적인 스페인의 
정취를 느껴보세요! 

광주시립발레단 제 132회 정기공연 [돈키호테]

📍𝚂𝚌𝚑𝚎𝚍𝚞𝚕𝚎
10월 7일(금) ~ 9일(일)

📍𝙸𝚗𝚏𝚘𝚛𝚖𝚊𝚝𝚒𝚘𝚗
관람연령 : 8세이상
러닝타임 : 약 140분 이내(인터미션 30분)
티        켓 : R 30,000원 S 20,000원 A 10,000원 
공연예매 : 광주문화예술회관 https://gjart.gwangju.go.kr/
전화예매 : 티켓링크 1588-7890, http://www.ticketlink.co.kr/home
공연문의 : 062-522-8716

*자세한 공연정보는 문화예술회관 홈페이지를 참고해 주세요.",UC02x5SS_0-45ZZ13ROGsdtQ,광주예술의전당 Gwangju Arts Center,2022-09-08T02:26:11Z,31,0.52,True,645.0,9.0,0.0,https://www.youtube.com/watch?v=fwkkxL0t044,4420,783,PF285928,"광주시립발레단 기획공연, 발레살롱콘서트 Ⅰ. 잠자는 숲속의 미녀",무용(서양/한국무용),빛고을시민문화관 공연장,2026-03-27,2026-03-28,,,,shard_22,review,"candidate work ""돈키호테"" found but ambiguous among 6 instances",shorts
L9H8RoNsr8Y,"볼쇼이 발레단 - '지젤' 중에서 Pas de Deux, Scene.", ,UCwwrE4SPUVd3YVjWYJEa4jQ,chitmore,2012-03-06T10:23:10Z,274,4.57,False,6635.0,11.0,0.0,https://www.youtube.com/watch?v=L9H8RoNsr8Y,29,6,PF275044,"국립발레단, 지젤 [강릉]",무용(서양/한국무용),강릉아트센터 (구. 강릉문화예술관) 사임당홀 (대공연장) ,2025-11-06,2025-11-07,,,,shard_22,review,"candidate work ""지젤"" found but ambiguous among 8 instances",general
DVzGgcHMbss,"낭만발레의 지존,유니버설발레단 지젤 2막 군무 Giselle ballet,나탈리아 쿠쉬,홍향기,강미선,조이 아나벨 워막 , 유니버설발레단 지젤,","지젤,Giselle,유니버설발레단,유니버설아트센터,나탈리아 쿠쉬,홍향기,강미선,조이 아나벨 워막 지젤로 골라보는 재미가 쏠쏠한 낭만발레의 최고봉 유니버설발레단 지젤,발레리나 예카테리나,발레리노 매튜 골딩,발레리노 이현준,발레리노 이동탁,발레리노 김기민,발레리노 콘스탄틴",UCwVWeJ7lz0x956yj9cUCRVg,문화예술의전당,2018-03-25T18:31:00Z,538,8.97,False,48777.0,364.0,10.0,https://www.youtube.com/watch?v=DVzGgcHMbss,12600,3819,PF275044,"국립발레단, 지젤 [강릉]",무용(서양/한국무용),강릉아트센터 (구. 강릉문화예술관) 사임당홀 (대공연장) ,2025-11-06,2025-11-07,,,,shard_22,review,"candidate work ""지젤"" found but ambiguous among 8 instances",general
_vcIWZLYjec,"창원시립합창단 제185회 정기연주회 ""뮤지컬 콘서트 레미제라블""","창원시립합창단 제185회 정기연주회 ""뮤지컬 콘서트 레미제라블""

2020년 11월 6일(금) 오후 7시 30분 
성산아트홀 대극장

[출연진]
지휘 _ 공기태
연출 _ 김성경",UCd6crvtNGmXMCFAD2ACxfpA,창원시립예술단,2020-12-30T06:32:47Z,3257,54.28,False,2456.0,46.0,4.0,https://www.youtube.com/watch?v=_vcIWZLYjec,1470,174,PF237241,제185회 인천시립합창단 정기연주회,서양음악(클래식),아트센터 인천 콘서트홀,2024-04-12,2024-04-12,,,,shard_22,review,"candidate work ""레미제라블"" found but ambiguous among 12 instances",general
gHg-np-iMVc,[예술극장] 빨래방:쌉소리 촉각카드 음성소개 : 1장. 빨래방,"#무용 #접근성 #공연 #이가영
이 콘텐츠는 음성해설 무용 작품 [빨래방:쌉소리] 촉각카드 음성소개입니다.

2023 예술극장 접근성 제작공연 [빨래방:쌉소리]는 #음성해설 #촉각카드 #터치투어 #촉각전시 까지 
다양한 감각으로 공연을 즐길 수 있습니다.

#음성해설 #무용 #공연 [빨래방:쌉소리]는
2023년 8월 5일 토요일 오후 3시와 7시
8월 6일 일요일 오후 4시에
#대학로예술극장 소극장에서 공연합니다.
전회차 음성해설을 제공하고, 음성해설을 위한 FM수신기는
공연 당일, 소극장 로비에서 무료로 대여해드립니다.

공연에 대한 정보는
#아르코대학로예술극장 누리집 theater.arko.or.kr 과
고객지원센터 02-3668-0007에서 안내받을 수 있습니다!

접근성 제작 : 아르코·대학로예술극장
일러스트 : 엄지 
음성소개 낭독 : [빨래방:쌉소리] 음성해설 작가 레아
음향감독 : 남영모 무대기술부 대리
프로듀서 : 이유진 극장운영부 차장",UCDHgVFK0iTBFATevkGoBBVw,한국문화예술위원회(ARKO),2023-07-25T08:30:56Z,43,0.72,True,127.0,1.0,0.0,https://www.youtube.com/watch?v=gHg-np-iMVc,17800,2006,PF234135,"국립극단, 스카팽 [안동]",연극,안동문화예술의전당 웅부홀,2024-05-16,2024-05-17,,,,shard_22,review,"candidate work ""빨래"" found but ambiguous among 3 instances",shorts
ZASScPA6LoA,2020 언택트공연 갈매기 - The Other Side teaser trailer 2,"한양대학교 연극영화학과 대학원에서 
코로나 시대를 맞아 진행한
언택트 공연 갈매기가 곧 시작됩니다!
많은 기대와 응원 부탁드립니다!


한양대학교 연극영화학과 대학원 인스타그램 ▼
https://www.instagram.com/hyu_theatre_grad/


#갈매기 #한양대학교연극영화학과대학원 #언택트공연 #연출이준호",UCbctJ7X2wPEC13orEcKdVDg,HDT Media 한양대 연극영화학과 연극전공,2020-10-17T12:44:33Z,53,0.88,True,262.0,5.0,0.0,https://www.youtube.com/watch?v=ZASScPA6LoA,811,88,PF234135,"국립극단, 스카팽 [안동]",연극,안동문화예술의전당 웅부홀,2024-05-16,2024-05-17,,,,shard_22,review,"candidate work ""갈매기"" found but ambiguous among 2 instances",shorts
eusiZAvbHXQ,스크루지의 겨울이야기,"인형과 배우들이 하나가 되어 들려주는 재미와 감동이 있는 따뜻한 가족뮤지컬 ‘스크루지의 겨울이야기’


[시놉시스]

자린고비 주인공 스크루지는 친척과 이웃에게 사랑과 인정이라고는 손톱만큼도 없는 구두쇠 할아버지다. 이런 스크루지를 좋아하는 사람은 한 명도 없었다.

서로 함께 나누고 희망을 전하는 크리스마스도 돈 밖에 모르는 스크루지에게는 일을 못하는 날 중에 하나였다. 그런데 크리스마스 전날 밤 못된 스크루지에게 한바탕 위기가 닥친다. 무서운 유령이 스크루지 앞에 나타난 것이다. 그 날밤 스크루지는 시간의 유령과 함께 과거, 현재, 그리고 미래의 모습을 보게 되는데…

스크루지는 시간여행을 통해 자신의 잘못을 뉘우치고 어릴 적에 순수하고 따뜻한 마음을 찾을 수 있을까요?


[공연특징]

1) 어린이들에게는 다소 어려운 내용일 수 있는 스크루지의 과거, 현재, 미래로의 시간여행을 작은 손인형부터 막대인형과 그림자인형 그리고 실제 어린이 크기의 구체관절인형까지 다양한 종류의 인형들과 배우가 하나 되어 이야기 해 줌으로써 아이들이 쉽게 이해하고 흥미를 느낄 수 있도록 하였습니다.

2) 미니어쳐 세트와 다양한 소도구들을 이용하여 흥미를 더하고 세 명의 배우들이 주인공들의 역할을 바꿔가며 보여주는 에너지 넘치는 연기로 아이들에게는 호기심과 상상력을 키워줄 수 있도록 연출하였습니다.

3) 뮤지컬로서의 필수적인 수준 높은 음악과 배우들의 노래(넘버)를 통하여 어린이뿐만 아니라 가족 모두가 재미와 깊은 감동을 느낄 수 있는 가족뮤지컬로 만들었습니다.

4) 뮤지컬 [스크루지의 겨울이야기]로 새사람이 된 스크루지를 보면서 마음이 넓어지고 따뜻한 사랑을 느끼며 가족 모두가 과거와 현재의 나의 모습 그리고 미래의 모습에 대해 이야기 해보는 소중한 시간이 되었으면 합니다.",UClmRtvNJABqwC07Zb9k0dOQ,남양주공연기획팀,2014-12-24T08:40:27Z,367,6.12,False,1033.0,0.0,0.0,https://www.youtube.com/watch?v=eusiZAvbHXQ,7,8,PF289706,목 짧은 기린 지피 [전주],뮤지컬,전북예술회관 공연장,2026-05-09,2026-05-09,,,,shard_22,review,"candidate work ""스크루지"" found but ambiguous among 4 instances",general
Z0ChPo5Zfwk,[충북문화재단 · 핫 플레이스 공연 릴레이] 김진미풍유무용단 (장화 홍련),"[충북문화재단 · 핫 플레이스 공연 릴레이]

땀과 노력으로 빚어진 감동!
꿈을 찾아 모인 사람들이 만들어 가는 멋진 공연으로
마음 한편이 따뜻해 지는 걸 느껴보세요.

서로 비교 할 수 없을 만큼 
재미있고 감동적인 공연을 만나보세요!

자세한 사항은 세상의 모든 마케팅 '올맵' 으로!
홈페이지  http://www.allmap.co.kr/ 
네이버 블로그 https://blog.naver.com/allmapmkt
페이스북 http://www.facebook.com/cjmap365",UCMrSNEi7huWZzM8d2xTn5Mg,TV올맵 (allmap),2019-11-28T03:56:11Z,184,3.07,False,378.0,6.0,0.0,https://www.youtube.com/watch?v=Z0ChPo5Zfwk,79,156,PF246803,걷다 바라보다 그리고 서다 [부산],무용(서양/한국무용),금정문화회관 대공연장(금빛누리홀),2024-08-29,2024-08-29,,,,shard_22,review,"candidate work ""홍련"" found but ambiguous among 3 instances",general
pvj0qojTSD8,"하모나라 ; 하모니카 계명창 1, 잠자는 공주  G , 010 6733 6400","김희수 ( 010 6733 6400 ) kimheesoo1120@hanmail.net
***1990,2 세종대 졸업 
***2017,2 서울 디지털 대학교 실용음악과 졸업 

***하모니카 연주곡 1,2,3 권 
***하모니카 & 비네타 연주곡 1,2,3 권
***하모니카 베이스 연습곡 1
***하모니카 기초 연습곡 1

***라임사이버문화센타 인터넷 강의 4편( 입문 , 실전, 중급 , 베이스) WWW.dongacc.com 모바일 :m.dongacc.com
***맑은샘 광천교회 문화대학 
***호평동 주민 센타(남양주)
***온조 문화센타 ( 강동구 )
***홍성군청 평생 학습관 ( 충남 )
***성복중앙교회 (종암동 )
***강북 장애인 복지관 
***이문체육문화센타 (이문동 )

***하모나라 김희수 하모니카 교실 교육과정 (초급반 , 중급반 , 고급반 , 비네타 반 , 합주반 , 강사반)

***하모나라 (Http://www.cafe.daum.net/harmonara ) 서울 중랑구 망우로 328 시네마 시티 1008호 7호선 상봉역 2번출구 100m 직진 한국관 옆 건물",UCEcofZIoRzX4IEynZU-0E8A,김희수하모니카,2019-09-18T00:47:59Z,206,3.43,False,1596.0,34.0,2.0,https://www.youtube.com/watch?v=pvj0qojTSD8,7730,1130,PF245595,잠자는 숲속의 미녀 [목포],무용(서양/한국무용),목포시민문화체육센터 대공연장,2024-08-10,2024-08-10,,,,shard_23,review,"candidate work ""하모니"" found but ambiguous among 2 instances",general
2zuRK7bY7-s,[생중계 다시보기] 오페라정원 - 세비야의 이발사,"내 손안의 문화예술, SNARTube

성남문화재단의 NEW 브랜드 콘서트
오페라 정원의 두번째 프로그램 - 세비야의 이발사

인류 역사 최대 희극 오페라
이탈리아 낭만주의 대표 작곡가 조아키노 로시니의 최고 걸작
유쾌한 익상과 친숙한 음악으로 담아낸 로맨틱 코미디
오페라 세비야의 이발사를 
다시보기로 관람하세요!

2020년 8월 8일 (토) 오후 5시
성남아트센터 콘서트홀",UC3lVzrafVONyPmQTAjfOFFQ,성남문화재단,2020-09-25T09:17:09Z,8468,141.13,False,16359.0,232.0,11.0,https://www.youtube.com/watch?v=2zuRK7bY7-s,11000,1068,PF261731,"성남아트리움 작곡가 시리즈, 모차르트 Ⅱ [성남]",서양음악(클래식),성남아트리움 (구. 성남시민회관) 대극장,2025-06-28,2025-06-28,,,,shard_23,review,"candidate work ""세비야의 이발사"" found but ambiguous among 4 instances",general
oElNTPB_kqQ,당진시립합창단 『브람스 독일 레퀴엠』 ◈리허설 영상 Ⅱ,"당진시립합창단 제31회 정기연주회 『브람스 독일 레퀴엠』 리허설 영상

▷지휘자 이대우
▷당진시립합창단
▷코리아쿱오케스트라

장소 : 코리아쿱오케스트라 스튜디오(서초구 방배로 62 성산빌딩 지하1층)

#당진시립합창단 #이대우지휘자 #코리아쿱오케스트라",UCdSsdmUi29Y8lfOBYH-v7Qw,당진시충남합창단,2021-06-15T13:48:57Z,34,0.57,True,412.0,13.0,0.0,https://www.youtube.com/watch?v=oElNTPB_kqQ,875,153,PF289692,"제21회 광주시립오페라단 정기공연, 콘서트 오페라: 카르멘",서양음악(클래식),국립아시아문화전당 극장2,2026-05-16,2026-05-16,,,,shard_23,review,"candidate work ""브람스"" found but ambiguous among 2 instances",shorts
eFA3wTc6wE8,국립국악원 토요명품공연 [2018.06.02.],"03. 쌍무고
 ○ 원무/김혜자·이명희·이지연·김태은·김영신·윤은주·이지은·이주리
 ○ 협무/장민하·최형선·김혜영·김진정·이정미·이주희·백미진·정승연
 ○ 집박/채조병
 ○ 피리/민지홍·김인기, 대금/이결·이종범, 해금/한갑수·이찬미
 ○ 장구/홍석복, 좌고/정택수

○ 해당공연 및 다양한 자료를 보시려면 https://archive.gugak.go.kr/ArchivePortal/index.jsp 로 이동하십시요.
○ 주최 및 촬영/국립국악원[National Gugak Center]",UCmN4xFSlmWw-_d2riM-ep0A,국립국악원 National Gugak Center,2018-06-19T00:26:23Z,440,7.33,False,14696.0,111.0,5.0,https://www.youtube.com/watch?v=eFA3wTc6wE8,72700,3576,PF249513,"국립남도국악원 토요상설, 국악이 좋다: 귀향",한국음악(국악),국립남도국악원 진악당,2024-10-12,2024-10-12,,,,shard_23,review,"candidate work ""토요명품"" found but ambiguous among 2 instances",general
y2MD84Sm5zU,Una Furtiva Lagrima from L'ELISIR D'AMORE 테너 이영화 6월24일(목) 문경문화회관 라이브 콘서트중에서 지휘 김현국 반주 뉴서울 필하모니,"테너 이영화 프로
-단국대, 동 대학원 졸업, 이탈리아 렛체 ""티토 스키파"" 국립음악원 디플로마
-페스카라 고등음악원 오페라 오케스트라 지휘과 디플로마
-제3회 로마 국제 오페라콩쿨 1위,
-라티나 제10회 ""라우리 볼피"" 국제 콩쿨1위.
-스페인 팜플로나 제7회 훌리안 가야레 국제성악콩쿨 ""호세 카레라스 최고 테너상""
-로마 국립극장에서 La traviata ""Alfredo""역 데뷔 후 베네치아 페니체극장, 주셉페 디 스테파노 오페라페스티벌, 몬테카를로 왕립오페라극장, 바이로이트 오페라극장, 프랑크푸르트 오페라극장, 베를린 도이치오퍼, 빈 폭스오퍼, 파리 바스티유극장 등 유럽에서 오페라가수 및 지휘자로 활동.
-제4대 한국성악가협회 이사장,
-단국대학교 음악.예술대학 초대 학장 역임
-단국대학교 음악.예술대학 음악학부 교수",UC1WzAZ7U1c2AQtjcefEidhg,YoungKeun Kim,2021-06-27T05:34:18Z,301,5.02,False,236.0,6.0,0.0,https://www.youtube.com/watch?v=y2MD84Sm5zU,460,274,PF253391,"ACC 수요극장, 라보엠",서양음악(클래식),국립아시아문화전당 극장3,2024-12-04,2024-12-04,,,,shard_23,review,"candidate work ""하모니"" found but ambiguous among 2 instances",general
v-tdv9eM3D0,2018 남양주시립예술단 신춘음악회,"남양주에 싱그러운 봄이 왔음을 알리는 신춘음악회가 열렸습니다.
남양주시립예술단은 8일 오남체육문화센터에서 아름다운 합창으로 봄을 맞이했는데요. 

2회째를 맞이하는 이번 음악회는 2018년 정규 첫 공연으로 남양주시립합창단, 시립소년소녀합창단과 남양주윈드오케스트라가 함께 다양한 장르를 선보이는 자리였습니다. 

먼저 남양주시립합창단이 뮤지컬 ‘오페라의 유령’의 The Phantom of opera로 음악회 문을 열었고 시립소년소녀합창단의 아침의 노래, 남양주윈드오케스트라의 오페라 ‘박쥐’ 서곡 등으로 구성되어 90분간 진행됐는데요. 

시민참여형 문화예술도시를 만들어가는 남양주시는 신춘음악회, 찾아가는 문화나들이, 시민합창페스티벌 등 다양한 문화행사를 펼쳐온 만큼 앞으로도 시민 누구나 집 앞 10분거리에서 문화를 향유할 수 있는 문화텐미닛 남양주를 응원합니다.  


홈페이지 : https://www.ntv.go.kr
페이스북 : https://www.facebook.com/ntvgokr",UCZFTAP8J_0xEjjhreKMHa4A,남양주시•남양주TV,2018-03-09T08:37:52Z,74,1.23,False,368.0,3.0,0.0,https://www.youtube.com/watch?v=v-tdv9eM3D0,28200,4203,PF267656,"남양주시립합창단, 오페라 카르멘",서양음악(클래식),다산아트홀,2025-07-03,2025-07-05,,,,shard_24,review,"candidate work ""남양주시립예술단 신춘음악회"" found but ambiguous among 3 instances",general
Bo1nxpcZCko,[뮤지컬인형극 삐노키오] 하이라이트 영상,"2022년 구로문화재단 [뮤지컬인형극 삐노키오]의 하이라이트 영상입니다.

한국적인 감성에 이탈리아의 색채를 입힌 세계적인 명작시리즈

진짜가 되어가는 과정을 그린 성장이야기
뮤지컬인형극 ‘삐노키오‘


""삐노키오야!!"" 

드넓은 바다 한 곳, 삐노키오를 애타게 부르는 걱정 가득한 목소리. 
""이 녀석.. 어디에 가면 찾을 수 있을까?""

음악과 함께 나무 결로 가득한 무대가 서서히 깨어나며 나무에서 태어난 삐노키오와 
삐노키오를 사랑하는 제빼또 할아버지의 이야기가 시작됩니다.
나무인형 삐노키오는 긴 여행을 마치고 나서야 진짜가 되는데, 
이 과정에서 진짜가 된다는 것은 겉모습을 찾는 것이 아닌 
내 안에 일어나는 감정들을 경험하고 깨달으며, 
더불어 다른 이를 사랑하는 마음을 가지게 될 때 가능하다는 것을 알게 됩니다. 

모두 삐노키오와 함께 신나고 재미있는 모험을 해볼까요?



제  작 : 구로문화재단
주  최 : 한국문화예술회관연합회
후  원 : 문화체육관광부, 한국문화예술위원회, 구로구

원작 : 피노키오(Pinocchio, 이탈리아 아동 문학)
극작 : 최세아, 배근영
연출 : 배근영
인형디자인 : 지미 데이비스 (Jimmy Davies)
무대디자인 : 김교은
작곡·음향감독 : 이주환
조명감독 : 최진근
영상감독 : 황성하
의상디자인 : 정수미
안무 : 이아름
그림자극 :이정민
가면제작 : 박승아

출연진 : 고은경, 이병선, 이주희, 이현주, 
                정성진, 권이진, 김성용, 신소영

구로문화재단
이사장 : 문헌일
본부장 : 김태식
공연기획팀장 : 문진애
공연기획담당 : 성정화
기획 : 서원곤, 김한준, 김혜미,공지은,박예준,임민지
조명감독 : 박정연, 전예지
음향감독 : 최진호, 이승태
기계감독 : 이동희
대관·하우스운영 : 권지애
안내 : 조은선",UCwEsSB0x3jaUl4c8FSb1uug,구로문화재단,2022-10-11T07:44:58Z,191,3.18,False,2225.0,10.0,0.0,https://www.youtube.com/watch?v=Bo1nxpcZCko,1210,251,PF260066,피노키오의 모험 [춘천],서양음악(클래식),춘천문화예술회관 공연장,2025-05-14,2025-05-14,,,,shard_24,review,"candidate work ""삐노키오"" found but ambiguous among 3 instances",general
kNBdR8-GbKk,국립창극단 '변강쇠 점 찍고 옹녀' 달라진 옹녀 문안이요~,"우리 시대의 여인,
그 이름 옹녀! 믿고 보는 옹녀!

초연 이후 6년 연속
매진 행렬을 이어가는 ""국민 창극""인 만큼
이것을 못 본 사람은 없어야해〰️〰️

국립창극단 '변강쇠 점 찍고 옹녀'
2019.8.30(금)-9.8(일)
국립극장 달오름

예매바로가기 https://bit.ly/2Mm8uS0",UCJ55axexMkXqp1Fgwvmdsgg,국립극장 National Theater of Korea,2019-08-01T05:36:49Z,29,0.48,True,4958.0,11.0,0.0,https://www.youtube.com/watch?v=kNBdR8-GbKk,37700,1210,PF279328,"국립창극단, 절창 Ⅵ",한국음악(국악),국립극장 달오름극장,2026-04-24,2026-04-25,,,,shard_24,review,"candidate work ""변강쇠 점 찍고 옹녀"" found but ambiguous among 2 instances",shorts
lL97tYIMhf4,[거점2호 우리동네키움센터] 판소리 창작 창극 [신흥부놀부전] 1기 '제비가 기가막혀!',"안녕하세요. 거점2호 우리동네키움센터입니다.

3월~5월 프로젝트로 진행된 판소리 창작 창극 [신흥부놀부전] 1기의 장면발표극을 공개합니다.

판소리 창작 창극 [신흥부놀부전]은 기존의 흥부놀부전의 틀을 깨고 아이들이 직접 창작한 대본으로 새로운 형태의 흥부놀부전 창극을 진행해보는 프로젝트형 수업입니다.

아이들이 창작한 새로운 흥부놀부전! 즐겁게 감상하시고 
아이들에게 많은 칭찬과 격려 부탁드립니다 :)",UCDBOSmzrAyiXZ1DZSturVzA,거점2호우리동네키움센터,2022-06-29T09:43:20Z,499,8.32,False,135.0,3.0,0.0,https://www.youtube.com/watch?v=lL97tYIMhf4,54,41,PF266164,"국립창극단, 토선생, 용궁가다 [용인]",한국음악(국악),용인시문화예술회관 처인홀,2025-07-05,2025-07-05,,,,shard_24,review,"candidate work ""놀부전"" found but ambiguous among 2 instances",general
TnxwpfXz2LU,"[브릿지영상] 연극 '쥐덫', 아가사 크리스티의 긴장감 넘치는 추리극을 눈앞에서","연극 '쥐덫' 프레스콜이 지난 1월 30일 오후 서울 종로구 동숭동 SH아트홀에서 열렸다.

이날 배우 양희경, 임채원, 박형준, 윤순홍, 장보규, 이정화, 정예훈, 이호준 등이 참석해 열연을 펼쳤다.

영국의 세계적인 추리작가 아가사 크리스티의 작품 '쥐덫'은 런던 모처에서 발생한 살인 사건으로 시작한다. 사건 현장에서 발견된 의문의 메모는 몰리와 자일즈 부부가 함께 운영하는 몽스웰 게스트 하우스를 가리킨다. 이곳이 폭설로 고립되며 연쇄 살인사건이 발생해 투숙객 중 누가 범인인지 투숙객들과 트로터 형사가 함께 범인을 추적하는 내용이다. 

66주년을 맞이한 연극 '쥐덫'은 오는 3월 25일까지 서울 대학로 SH아트홀에서 공연한다.

최민석 기자 yullire@viva100.com",UCghOQJZaKZchw82CCDGxL8A,브릿지경제,2018-02-04T03:12:16Z,151,2.52,False,1291.0,6.0,0.0,https://www.youtube.com/watch?v=TnxwpfXz2LU,25900,3126,PF234482,"서울시극단, 트랩 (Trap)",연극,세종문화회관 세종S씨어터,2024-09-27,2024-10-20,,,,shard_25,review,"candidate work ""아가사"" found but ambiguous among 4 instances",general
0DHBkPiq5GQ,"20150318 뮤지컬 '난쟁이들' 관객과의 대화 - 백은혜, 조형균","1. 어깨 광의 비밀은? ㅋㅋㅋㅋ (백은혜)
2. 더블캐스트 정동화찰리와 다른 본인만의 매력은? (조형균)",UCvW8mmwDB0aq_pta7Paqimw,레이미,2015-03-18T18:10:14Z,172,2.87,False,323.0,4.0,0.0,https://www.youtube.com/watch?v=0DHBkPiq5GQ,93,44,PF246013,아가사 [횡성],뮤지컬,횡성문화예술회관 대공연장,2024-08-24,2024-08-24,,,,shard_25,review,"candidate work ""난쟁이들"" found but ambiguous among 3 instances",general
vudOyGWwOlw,국립국악원 토요명품공연 [2019.08.10.],"07. 한량무(임이조류)
 ○ 무용/김진우, 태평소/이재혁, 사물/이홍구·오영환·박은하·이대원


○ 해당공연 및 다양한 자료를 보시려면 https://archive.gugak.go.kr/portal/main 로 이동하십시요.
○ 주최 및 촬영/국립국악원[National Gugak Center]",UCmN4xFSlmWw-_d2riM-ep0A,국립국악원 National Gugak Center,2019-10-25T05:09:22Z,549,9.15,False,2728.0,38.0,1.0,https://www.youtube.com/watch?v=vudOyGWwOlw,72700,3576,PF283546,국립국악원 설 공연,한국음악(국악),국립국악원 예악당,2026-02-17,2026-02-17,,,,shard_25,review,"candidate work ""토요명품"" found but ambiguous among 2 instances",general
wDI61QrFLjA,국립국악원 토요명품공연 [2019.04.20.],"07. 소고춤
 ○ 무용/정승연·권문숙·임동연·이하경·권덕연·변승아
 ○ 태평소/장수호, 꽹과리/강병혁, 징/이흥구, 장구/김수용, 북/임용남


○ 해당공연 및 다양한 자료를 보시려면 http://archive.gugak.go.kr/portal/main 로 이동하십시요.
○ 주최 및 촬영/국립국악원[National Gugak Center]",UCmN4xFSlmWw-_d2riM-ep0A,국립국악원 National Gugak Center,2019-05-21T00:26:12Z,457,7.62,False,23341.0,232.0,9.0,https://www.youtube.com/watch?v=wDI61QrFLjA,72700,3576,PF283546,국립국악원 설 공연,한국음악(국악),국립국악원 예악당,2026-02-17,2026-02-17,,,,shard_25,review,"candidate work ""토요명품"" found but ambiguous among 2 instances",general
Hh1WpOB6wkQ,국립국악원 토요명품공연[2016.06.11.] 06. 농악 판굿 '웃다리농악',"06. 농악 판굿 '웃다리농악'
판굿은 판을 벌여놓고 농악을 연주하는 이른바 ‘판놀음’을 지칭한다. 20세기 이후 풍물굿이 마을 공동체 단위를 벗어나 전문적인 예인들에 의해 재편되었고, 특히 전국 규모의 대회ㆍ행사에 맞춘 형태로 재구성되면서, 제의와 상징으로서의 성격보다는 놀이적 연희형태의 판굿으로 강화되었다. 
풍물굿의 지역적 특성이 전승되고 있기 때문에, 오늘날 판굿은 구성을 어떻게 하느냐에 따라 다양한 형태의 양식을 갖출 수 있다. 풍물(농악)은 2014년 11월 27일, 유네스코 인류무형문화유산으로 등재되었다.

 ○ 꽹과리/이홍구·오영환, 태평소/장수호, 징/박은하·박상인, 장구/남기문·김수용, 북/최병삼·백진석
 ○ 상모/이대원·강병혁·임용남·유지형·이동주(객원)·조만희(객원)·김희수(객원)·나현철(객원)

○  주최 및 촬영/국립국악원[National Gugak Center]",UCmN4xFSlmWw-_d2riM-ep0A,국립국악원 National Gugak Center,2016-06-16T00:52:11Z,1073,17.88,False,348353.0,2624.0,189.0,https://www.youtube.com/watch?v=Hh1WpOB6wkQ,72700,3576,PF283546,국립국악원 설 공연,한국음악(국악),국립국악원 예악당,2026-02-17,2026-02-17,,,,shard_25,review,"candidate work ""토요명품"" found but ambiguous among 2 instances",general
GYa8BoCWi-I,국립국악원 토요명품공연[2016.01.16.] 05. 영산재,"05. 영산재
반주: 이종호 양선희  음향 :조은주
범종: 최병재 목어 :박성호 운판 : 김태훈
법고: 최경자  뒷북 : 김영신  타주 : 장민하 김혜영 
나비: 김혜자 백진희 이지연 김태은 유재연 최성희 
바라: 안덕기 박상주 김청우 정현도 김서량   태평소: 이호진

○  주최 및 촬영/국립국악원[National Gugak Center]",UCmN4xFSlmWw-_d2riM-ep0A,국립국악원 National Gugak Center,2016-02-03T05:11:38Z,965,16.08,False,1435.0,8.0,1.0,https://www.youtube.com/watch?v=GYa8BoCWi-I,72700,3576,PF283546,국립국악원 설 공연,한국음악(국악),국립국악원 예악당,2026-02-17,2026-02-17,,,,shard_25,review,"candidate work ""토요명품"" found but ambiguous among 2 instances",general
eFA3wTc6wE8,국립국악원 토요명품공연 [2018.06.02.],"03. 쌍무고
 ○ 원무/김혜자·이명희·이지연·김태은·김영신·윤은주·이지은·이주리
 ○ 협무/장민하·최형선·김혜영·김진정·이정미·이주희·백미진·정승연
 ○ 집박/채조병
 ○ 피리/민지홍·김인기, 대금/이결·이종범, 해금/한갑수·이찬미
 ○ 장구/홍석복, 좌고/정택수

○ 해당공연 및 다양한 자료를 보시려면 https://archive.gugak.go.kr/ArchivePortal/index.jsp 로 이동하십시요.
○ 주최 및 촬영/국립국악원[National Gugak Center]",UCmN4xFSlmWw-_d2riM-ep0A,국립국악원 National Gugak Center,2018-06-19T00:26:23Z,440,7.33,False,14696.0,111.0,5.0,https://www.youtube.com/watch?v=eFA3wTc6wE8,72700,3576,PF283546,국립국악원 설 공연,한국음악(국악),국립국악원 예악당,2026-02-17,2026-02-17,,,,shard_25,review,"candidate work ""토요명품"" found but ambiguous among 2 instances",general
Wvgo_uolRUk,뮤지컬 '랭보' | 무용극 '주름이 많은 소녀'  |  연극 '호신술' [공연에 뜨겁게 미치다],"141회 

1. 뜨거운 시선 - 뮤지컬 '랭보'
2. 뜨거운 인터뷰 - 무용극 '주름이 많은 소녀'
3. 뜨거운 라인업 - 연극 '호신술', 클래식 '2018 크리스마스 콘서트 - 유키 구라모토와 친구들', 발레 '2018 예술의전당 & 국립발레단 - 호두까기 인형'


#공뜨미
#뮤지컬
#연극
#콘서트
#발레
#tbs

----------------------------------------------
▶tbs 페이스북 https://www.facebook.com/mylovetbs/
▶tbs 홈페이지 www.tbs.seoul.kr/
▶네이버TV (김어준의 뉴스공장) http://tv.naver.com/newsfactory 
▶tbs 커뮤니티 http://bit.ly/2EaWnQp",UC5HSw5OY2vfVFSihpiB-AVQ,TBS 시민의방송,2018-12-13T12:30:00Z,1691,28.18,False,466.0,1.0,0.0,https://www.youtube.com/watch?v=Wvgo_uolRUk,1300000,30019,PF272651,"국립정동극장, 광대 [대전]",한국음악(국악),대전시립연정국악원 큰마당,2025-09-20,2025-09-21,,,,shard_25,review,"candidate work ""국립발레단, 호두까기인형"" found but ambiguous among 5 instances",general
vudOyGWwOlw,국립국악원 토요명품공연 [2019.08.10.],"07. 한량무(임이조류)
 ○ 무용/김진우, 태평소/이재혁, 사물/이홍구·오영환·박은하·이대원


○ 해당공연 및 다양한 자료를 보시려면 https://archive.gugak.go.kr/portal/main 로 이동하십시요.
○ 주최 및 촬영/국립국악원[National Gugak Center]",UCmN4xFSlmWw-_d2riM-ep0A,국립국악원 National Gugak Center,2019-10-25T05:09:22Z,549,9.15,False,2728.0,38.0,1.0,https://www.youtube.com/watch?v=vudOyGWwOlw,72700,3576,PF272400,"국립국악원, 세계가 인정한 우리 음악과 춤 [수원]",한국음악(국악),수원SK아트리움 대공연장,2025-10-02,2025-10-02,,,,shard_25,review,"candidate work ""토요명품"" found but ambiguous among 2 instances",general
-C1RA1E03HY,Haydn - Ouvertüre in D - Pan Asia Philharmonia (팬아시아 필하모니아),"팬아시아 필하모니아 제4회 정기연주회 - 동행 4
하이든 시리즈
2017년 6월 5일(월) / 예술의전당 IBK챔버홀

Performance : PanAsia Philharmonia
Conductor/Dirigent : Jong Jin Lee

지휘: 마에스트로 이종진
단장: 김이슬",UC6hMDo_K24ck0mAQlBlktkw,현대문화기획,2017-07-05T05:12:22Z,255,4.25,False,262.0,2.0,0.0,https://www.youtube.com/watch?v=-C1RA1E03HY,762,344,PF264247,제190회 원주시립교향악단 정기연주회 [원주],서양음악(클래식),원주백운아트홀,2025-05-29,2025-05-29,,,,shard_25,review,"candidate work ""하모니"" found but ambiguous among 2 instances",general
d0bI_2D4dh4,Haydn Concerto for Cello No.1 in C major - Pan Asia Phillharmonia (팬아시아 필하모니아),"팬아시아 필하모니아 제4회 정기연주회 - 동행 4
하이든 시리즈 - 협연: Vc.유지연

Performance: PanAsia Philharmonia
Conductor/Dirigent: Jong Jin Lee

2017년 6월 5일(월) / 예술의전당 IBK챔버홀
지휘: 마에스트로 이종진 / 단장: 김이슬",UC6hMDo_K24ck0mAQlBlktkw,현대문화기획,2017-07-07T01:46:01Z,1631,27.18,False,589.0,8.0,0.0,https://www.youtube.com/watch?v=d0bI_2D4dh4,762,344,PF264247,제190회 원주시립교향악단 정기연주회 [원주],서양음악(클래식),원주백운아트홀,2025-05-29,2025-05-29,,,,shard_25,review,"candidate work ""하모니"" found but ambiguous among 2 instances",general
gc-4flcRVGk,Pan Asia Phillharmonia - Haydn Concerto for Piano in D major No.11 팬아시아 필하모니아,"팬아시아 필하모니아 제4회 정기연주회 - 동행 4
하이든 시리즈

Performance: PanAsia Philharmonia
Conductor/Dirigent: Jong Jin Lee

2017년 6월 5일(월) / 예술의전당 IBK챔버홀
Pf. 김현정 
I. Vivace  II. Un poco adagio  III. Rondo all’Ungarese: Allegro assai
지휘: 마에스트로 이종진
단장: 김이슬",UC6hMDo_K24ck0mAQlBlktkw,현대문화기획,2017-07-06T03:06:14Z,1323,22.05,False,1110.0,13.0,1.0,https://www.youtube.com/watch?v=gc-4flcRVGk,762,344,PF264247,제190회 원주시립교향악단 정기연주회 [원주],서양음악(클래식),원주백운아트홀,2025-05-29,2025-05-29,,,,shard_25,review,"candidate work ""하모니"" found but ambiguous among 2 instances",general
CIESOv6knp8,인천시립교향악단 제396회 정기연주회 '작곡가 집중탐구Ⅰ. 브람스를 좋아하세요?' 2부,"인천문화예술회관의 온라인 중계 공연·전시 : 문화백신 '추석특별전'
- 인천시립교향악단 제396회 정기연주회 '작곡가 집중탐구Ⅰ. 브람스를 좋아하세요?' 2부

인천문화예술회관이 추석 연휴 동안 시민들의 슬기로운 집콕 문화생활을 위해 '문화백신_추석특별전'을 마련하였습니다. 

위대한 작곡가의 음악세계를 심도 깊게 살펴보는 인천시립교향악단의 '작곡가 집중탐구' 시리즈! 그 첫 시간에는 독일 교향곡의 전통을 이어간 브람스의 대표적인 작품들을 연주합니다.

2부는 브람스가 20년이라는 긴 세월에 걸쳐 완성한 교향곡 1번 C단조가 장식합니다. 특유의 절제되고 단정한 오케스트레이션과 탄탄한 형식미, 사색적인 분위기를 즐길 수 있습니다.

위대한 작곡가 브람스의 형식미와 우수가 가득한 음악으로 이 가을의 감성을 채우시기 바랍니다.


○ 프로그램
​
브람스(1833-1897)                                   교향곡 1번 C단조 op.68
J. Brahms                              Symphony No. 1 in C minor op.68


*인천문화예술회관 홈페이지 https://www.incheon.go.kr/art/
*인천문화예술회관 공식 블로그 https://blog.naver.com/artspr 
*인천문화예술회관 페이스북 http://bitly.kr/nmuR98SqgX
*인천문화예술회관 카카오톡채널 https://pf.kakao.com/_mcxdXxb",UCrFUIM--ORpvlaSMgELJ9zQ,인천문화예술회관,2021-09-17T15:00:12Z,2672,44.53,False,1449.0,43.0,3.0,https://www.youtube.com/watch?v=CIESOv6knp8,1610,224,PF247141,제387회 광주시립교향악단 정기연주회,서양음악(클래식),광주 예술의 전당 대극장,2024-09-27,2024-09-27,,,,shard_26,review,"candidate work ""브람스"" found but ambiguous among 2 instances",general
sxrHMohNju8,"마스터즈시리즈7 ""전원속의 브람스""","ㅇ 대전시립교향악단 마스터즈시리즈 7 ""전원속의 브람스""
ㅇ 2021년 7월 18일(일) 17:00, 대전시립연정국악원 큰마당
ㅇ객원지휘 _ 이병욱(인천시향 예술감독)
     트 럼 펫 _ 임승구
 ㅇ프 로 그 램 
     하차투리안 _ 「스파르타쿠스 모음곡 제2번」 중 
                         ‘스파르타쿠스와 프리지아를 위한 아다지오’ 
     아르투니안 _ 트럼펫 협주곡 내림 가장조
      브람스 _ 교향곡 제2번 라장조, 작품 73",UCkAcL7zFwLDVd5t-B4xQFzg,대전시립교향악단Daejeon Philharmonic Orchestra,2021-07-12T01:17:17Z,39,0.65,True,324.0,4.0,0.0,https://www.youtube.com/watch?v=sxrHMohNju8,1020,89,PF237560,"대전시립교향악단 마스터즈 시리즈 5, 차이콥스키 교향곡 제5번",서양음악(클래식),대전예술의전당 아트홀,2024-05-10,2024-05-10,,,,shard_26,review,"candidate work ""브람스"" found but ambiguous among 2 instances",shorts
QhluiieihAA,"전석 매진의 신화✨발레, 백조의 호수 2018년 풀버전 ;  Swan Lake Ballet / Лебединое Озеро / Le lac des cygnes[광주시립발레단]","국립발레단 예술감독을 지낸 최태지 단장이 이끄는 
광주시립발레단의 발레공연 실황 풀버전 ✨
차이코프스키 3대 발레 중 하나로 고전발레의 진수를 느낄 수 있는 작품.

[2018년 8월 공연]

#광주시립발레단 #백조의호수 #언택트공연",UCRvrYUbatHPDc-snY-jCG0A,광주MBC,2019-04-10T04:30:00Z,7133,118.88,False,752529.0,5109.0,309.0,https://www.youtube.com/watch?v=QhluiieihAA,265000,11543,PF243009,"광주시립발레단 기획공연, 발레살롱콘서트 Ⅱ: 단원안무전",무용(서양/한국무용),빛고을시민문화관 공연장,2024-07-05,2024-07-06,,,,shard_26,review,"candidate work ""백조의 호수"" found but ambiguous among 6 instances",general
Lsurd7jomj0,성탄 특집 광주시립발레단 '잠자는 숲 속의 미녀' The Sleeping beauty,"성탄 특집 광주시립발레단 제 127회 정기 공연 
차이콥스키 3대 발레 시리즈 세 번째 공연
*광주에서 20년만에 만나는 전막공연!
'잠자는 숲 속의 미녀'

주요 내용
 왕궁에서 오로라공주의 탄생을 축하는 세례식이 한창인데 식에 초대 받지 못한 마녀 카라보스가 공주가 16세가 되는 해 물레 바늘에 찔려 죽을 것이라 저주를 내린다.
마녀의 계략에 빠져 100간의 깊은 잠에 빠진 오로라공주!
 그녀를 깨울 용기있는 사람은 누구인가?

안무: 마리우스 프티바
음악: 표트르 차이콥스키

광주시립발레단 공연 
총연출: 최태지
재안무: 장운규, 전효정
협연:광주시립교향악단
객원지휘: 최승한

#발레 #잠자는숲속의공주 #차이코프스키",UCRvrYUbatHPDc-snY-jCG0A,광주MBC,2020-12-25T07:30:11Z,7122,118.7,False,68976.0,868.0,40.0,https://www.youtube.com/watch?v=Lsurd7jomj0,265000,11543,PF243009,"광주시립발레단 기획공연, 발레살롱콘서트 Ⅱ: 단원안무전",무용(서양/한국무용),빛고을시민문화관 공연장,2024-07-05,2024-07-06,,,,shard_26,review,"candidate work ""잠자는 숲속의 미녀"" found but ambiguous among 7 instances",general
Jc2DGxhpF6U,국악의 색다른 변신...판타스틱 / YTN,"[YTN 기사원문] http://www.ytn.co.kr/_pn/0930_201309150756427079
[앵커]신명나는 몸짓과 리듬으로 관객들을 사로잡는 비언어극.언어의 장벽을 뛰어넘어 세계인과 소통할 수 있는 장르로 친숙한데요.한국 전통 국악에 타악을 접목시킨 이색 공연이 미국 시장에 첫 선을 보였습니다.현지 반응을 양재혁 리포터가 전합니다.[기자]사랑하는 두 젊은이가 안타까운 이별을 맞습니다.다시 만나기 ...",UChlgI3UHCOnwUGzWzbJ3H5w, YTN,2013-09-15T01:02:38Z,156,2.6,False,232.0,0.0,0.0,https://www.youtube.com/watch?v=Jc2DGxhpF6U,5360000,964744,PF226232,조상님께 바치는 댄스 [용인],무용(서양/한국무용),용인포은아트홀,2023-11-03,2023-11-04,,,,shard_26,review,"candidate work ""판타스틱"" found but ambiguous among 3 instances",general
vg9nZ1J09RE,편지 - 정남규 / 원주시립합창단,"객원지휘: 이동규
피아노: 이해인

원주시립합창단 브런치 콘서트, 원주문화원",UCo97PR1AIWnSbyHxyfWqGlg,Dr. Dong-Kyu Lee,2025-08-03T13:34:08Z,394,6.57,False,504.0,12.0,0.0,https://www.youtube.com/watch?v=vg9nZ1J09RE,2680,591,PF248181,제110회 원주시립합창단 정기연주회,서양음악(클래식),원주치악예술관,2024-09-26,2024-09-26,,,,shard_26,review,"candidate work ""지정"" found but ambiguous among 3 instances",general
vTd-LP3HEGM,전주시립합창단 맛보기 ㅡ 완전한 하모니,"전주.완주 상생협력을 위한 찾아가는 음악회가 23.6.10. 저녁7시 완주문화예술회관에서 열렸습니다.
빛나고 청명하며 품격있는 울림을 전하는 천상의 하모니를 맛보기합니다.",UCDshO61T5a8FQvYqMjtDuBg,진스명소,2023-06-09T22:19:02Z,250,4.17,False,662.0,9.0,1.0,https://www.youtube.com/watch?v=vTd-LP3HEGM,273,108,PF252810,제5회 춘천시립인형극단 정기공연: 달나라의 장난,연극,축제극장몸짓,2024-11-29,2024-11-30,,,,shard_26,review,"candidate work ""하모니"" found but ambiguous among 2 instances",general
vg9nZ1J09RE,편지 - 정남규 / 원주시립합창단,"객원지휘: 이동규
피아노: 이해인

원주시립합창단 브런치 콘서트, 원주문화원",UCo97PR1AIWnSbyHxyfWqGlg,Dr. Dong-Kyu Lee,2025-08-03T13:34:08Z,394,6.57,False,504.0,12.0,0.0,https://www.youtube.com/watch?v=vg9nZ1J09RE,2680,591,PF254517,제111회 원주시립합창단 정기연주회 [원주],서양음악(클래식),원주치악예술관,2024-12-05,2024-12-05,,,,shard_26,review,"candidate work ""지정"" found but ambiguous among 3 instances",general
w1JQjhSxtU8,국립국악원 토요명품공연[2016.12.03.],"01. 종묘제례악 '전폐희문·희문·기명·역성·소무·독경·영관' (0:01)
종묘제례악은 동북아시아의 고대 아악과 한국 전통 음악을 조화시킨 15세기 창작품으로 오늘까지 역사적 단절 없이 연주되어 온 한국음악 최고 명작 중의 하나이며 현재 중요무형문화재 제1호이다. 연주와 노래(악장), 춤(일무)이 일정한 유교 제례의 절차에 따라 펼쳐지는 고유한 성격을 지니고 있다. 문덕을 기린 보태평(문무) 11곡과 무공을 칭송한 정대업(무무) 11곡으로 구성되어 있고 아악·당악·향악기가 함께 연주한다. 2001년 5월 18일, 유네스코 인류무형문화 유산으로 등재되었다.
 ○ 집사/이정규, 집박/양명석, 악장/김병오
 ○ 피리/황규상·이영·이건회·김성진·홍현우(태평소), 대금/노붕래·김상준·김영헌·김기엽·김휘곤
 ○ 해금/황애자·김주남·윤문숙·사현욱·김용선, 가야금/이종길·김윤희·김형섭, 아쟁/김창곤·정계종, 거문고/김미숙·고보석·박지현
 ○ 편종/김치자, 편경/조인환, 방향/조유회, 장구/박거현, 절(진)고/안성일, 징/홍창남, 축/이준아, 어/채성희, 휘/조일하
 ○ 문무/최형선·김진정, 무무/박성호·김청우

02. 판소리 수궁가 중 '토끼화상 그리는 대목' (23:51)
판소리는 남도지방 특유의 곡조를 토대로 발달하였고 소리꾼 한 명이 고수 한 명의 장단에 맞추어 일정한 내용을 소리로 표현하고 아니리(말)와 발림(몸짓)으로 극적 효과를 높인다. 더불어 관중이나 고수가 흥을 돋우기 위해 소리에 맞추는 추임새가 매력적이다. 판소리는 지역 특성과 역사에 따라 동편·서편·중고제로 구분되며 충·효·의리·정절 등의 가치관을 담은 ‘춘향가·심청가·흥보가·수궁가·적벽가’의 다섯 바탕으로 정착되었다. 2003년 11월 7일, 유네스코 인류무형문화유산으로 등재되었다.
 ○ 소리/정회석, 고수/강형수

03. 처용무 (36:51)
처용무는 신라 헌강왕(875~886)의 처용설화에 기원을 둔 궁중무용으로 음양오행의 기본정신을 바탕으로, 악귀를 몰아내고 왕실의 평화를 기원하던 궁중 나례의식의 무용이다. 청색은 동쪽, 백색은 서쪽, 적색은 남쪽, 흑색은 북쪽, 황색은 중앙을 상징하는 옷을 입고 얼굴에는 탈(가면)을 쓰고 추는 춤으로 일자진, 원진 등을 사용하여 사방을 정화한다. 춤사위는 단순하지만 당당하고 활기찬 움직임 속에서 씩씩하고 호탕한 남성적인 멋을 느낄수 있으며, 처용탈과 조화를 이루는 춤이다. 2009년 9월 30일, 유네스코 인류무형문화유산으로 등재되었다.
 ○ 지도/이종호, 무용/김태훈·박성호·안덕기·김청우·김영신
 ○ 집박/이상원, 피리/홍현우·이종무, 대금/이승엽·이오훈, 해금/전은혜·김용선, 창사/문현·홍창남, 좌고/안성일, 장구/박거현

04. 가곡 '언락·우락' (48:22)
가곡은 고려가요 진작을 기원으로 하는 오랜 역사와 많은 종류의 선율을 가진 성악곡이다. 조선시대에 선비들이 풍류방에서 시조시를 기악반주(거문고·가야금·해금·대금·세피리·단소·장구)에 맞춰, ‘대여음·1장·2장·3장·중여음·4장·5장’의 형식으로 부르던 가곡은 남녀창의 우조와 계면조로 구성되어 있다. 2010년 11월 16일, 유네스코 인류무형문화유산으로 등재되었다.
 ○ 노래/문현·조일하, 피리/김성진, 대금/문응관, 해금/고수영, 단소/이종범, 가야금/고연정, 거문고/이방실, 장구/홍창남  

05. 영산재 작법 (1:01:28)
영산재란 석가가 영취산에서 행한 설법회를 재현하는 의식으로 불교의 영혼 천도를 위한 의식 가운데 가장 규모가 큰 의식이다. 작법은 영산재에 사용되는 춤으로 보통 나비춤, 바라춤, 법고춤이 있다. 2009년에 처용무와 함께 유네스코 인류무형문화유산으로 등재되었다.
 ○ 반주/이종호(지도)·양선희, 목어/이혜경, 운판/윤은주, 법고/최형선·김영신, 타주/김혜영·김진정, 나비/김혜자·이명희·김태은·이정미·박지애·조은주, 바라/김태훈·박성호·안덕기·김청우
 ○ 태평소/장수호

06. 판굿 (1:18:31)
판굿은 판을 벌여놓고 농악을 연주하는 이른바 ‘판놀음’을 지칭한다. 20세기 이후 풍물굿이 마을 공동체 단위를 벗어나 전문적인 예인들에 의해 재편되었고, 특히 전국 규모의 대회ㆍ행사에 맞춘 형태로 재구성되면서, 제의와 상징으로서의 성격보다는 놀이적 연희형태의 판굿으로 강화되었다. 풍물굿의 지역적 특성이 전승되고 있기 때문에, 오늘날 판굿은 구성을 어떻게 하느냐에 따라 다양한 형태의 양식을 갖출 수 있다. 풍물(농악)은 2014년 11월 27일, 유네스코 인류무형문화유산으로 등재되었다.
 ○ 꽹과리/이홍구, 태평소/장수호, 징/오영환, 장구/김수용·유지형, 북/권오성·박상인, 상모/강병혁·임용남·이동주(객원)·김지원(객원)·이의태(객원)·조만희(객원)

○ 시간을 클릭하면 해당구간으로 이동하며, 다양한 자료를 원하시면 http://archive.gugak.go.kr/ArchivePortal/index.jsp 로 이동하십시요.
○ 주최 및 촬영/국립국악원[National Gugak Center]",UCmN4xFSlmWw-_d2riM-ep0A,국립국악원 National Gugak Center,2016-12-05T08:21:43Z,5639,93.98,False,2607.0,35.0,0.0,https://www.youtube.com/watch?v=w1JQjhSxtU8,72700,3576,PF277722,"국립국악원 송년공연, 나례",한국음악(국악),국립국악원 예악당,2025-12-18,2025-12-21,,,,shard_27,review,"candidate work ""토요명품"" found but ambiguous among 2 instances",general
i647qgybTn8,울산 남구 구립교향악단 제78회 정기연주회 - 02,"울산 남구청 공식 유튜브 채널 고래방송국TV입니다.

울산 남구 구립교향악단 제78회 정기연주회 - 02

남구 구립교향악단
제78회 정기연주회  '학교종이 땡땡땡'

온가족이 함께하는 추억속으로의 여행 '학교종이 땡땡땡'

2021. 6. 8. (화) 19:30​, 문화예술회관 대공연장

#울산남구​ #구립교향악단​ #학교종이땡땡땡",UCA_sH8tAjjakRDWfLKN3FDQ,울산남구 고래방송국,2021-06-11T05:24:51Z,623,10.38,False,436.0,25.0,10.0,https://www.youtube.com/watch?v=i647qgybTn8,24500,692,PF278379,제78회 부산시립청소년교향악단 정기연주회: 제9번,서양음악(클래식),부산문화회관 대극장,2025-12-09,2025-12-09,,,,shard_27,review,"candidate work ""구구"" found but ambiguous among 2 instances",general
vudOyGWwOlw,국립국악원 토요명품공연 [2019.08.10.],"07. 한량무(임이조류)
 ○ 무용/김진우, 태평소/이재혁, 사물/이홍구·오영환·박은하·이대원


○ 해당공연 및 다양한 자료를 보시려면 https://archive.gugak.go.kr/portal/main 로 이동하십시요.
○ 주최 및 촬영/국립국악원[National Gugak Center]",UCmN4xFSlmWw-_d2riM-ep0A,국립국악원 National Gugak Center,2019-10-25T05:09:22Z,549,9.15,False,2728.0,38.0,1.0,https://www.youtube.com/watch?v=vudOyGWwOlw,72700,3576,PF271450,"국립남도국악원 토요상설, 국악이 좋다: 차세대 명인전 1. 전통의 새 물결",한국음악(국악),국립남도국악원 진악당,2025-08-16,2025-08-16,,,,shard_27,review,"candidate work ""토요명품"" found but ambiguous among 2 instances",general
GRu53u-yvQM,"[정기공연] 로시니, '세비야의 이발사' 서곡｜Rossini, II barbiere di Siviglia: Overture｜#서울시향 210709공연","2021 서울시향 마르쿠스 슈텐츠 II: 하이든 교향곡
THE GENIUS OF HAYDN

2021년 7월 9일 롯데콘서트홀 연주 실황
July 9th, 2021｜LOTTE Concert Hall

🎼 로시니, '세비야의 이발사' 서곡
Rossini, II barbiere di Siviglia: Overture

[📝프로그램노트]
http://naver.me/xOvnfHKQ


ㅡ
🧡 Follow SPO
누리집 https://www.seoulphil.or.kr
페이스북 https://www.facebook.com/SPO
트위터 https://twitter.com/seoulphil
인스타그램 https://www.instagram.com/seoulphil
네이버TV https://tv.naver.com/seoulphil",UCwmgO3PhE925-mLG1h26Uow,서울시립교향악단 Seoul Philharmonic Orchestra,2022-05-09T11:13:49Z,491,8.18,False,152819.0,1004.0,38.0,https://www.youtube.com/watch?v=GRu53u-yvQM,40300,697,PF244334,세빌리아의 이발사 [수원],서양음악(클래식),수원SK아트리움 대공연장,2024-08-02,2024-08-03,,,,shard_28,review,"candidate work ""세비야의 이발사"" found but ambiguous among 4 instances",general
Wft276Z-EDo,Bar.김기훈  -  Largo Al Factotum Della Citta ＜오페라 세비야의 이발사＞ [열린 음악회/Open Concert] | KBS 230101 방송,Bar.김기훈  -  Largo Al Factotum Della Citta ＜오페라 세비야의 이발사 中＞,UCR5cyf8hncN_AaQPfmvmlgA,KBS 레전드 케이팝,2023-01-01T10:22:10Z,319,5.32,False,18204.0,225.0,28.0,https://www.youtube.com/watch?v=Wft276Z-EDo,2180000,31381,PF244334,세빌리아의 이발사 [수원],서양음악(클래식),수원SK아트리움 대공연장,2024-08-02,2024-08-03,,,,shard_28,review,"candidate work ""세비야의 이발사"" found but ambiguous among 4 instances",general
5myW0ndKEWk,[10분 오페라 #6] 로시니의 '세비야의 이발사’,"펜트하우스 로나도 이거 보고 공부해따!
✔공부장면 : https://youtu.be/t68qniccA7c

Now there's English caption!(Yeah~!!)
Please turn on the subtitle function!


#온라인음악수업 #오페라해설 #세비야의이발사


나레이션 : 최홍미 선생님
대본, 캐릭터와 배경디자인 : 이현도 선생님
영상과 음악편집 : 이민규( @음큐채널  ) 선생님
#EBS온라인클래스 #E학습터",UCQdJppqUSSxlj5Z2eP5SbNQ,음플릭스,2021-03-08T11:00:04Z,604,10.07,False,80084.0,972.0,77.0,https://www.youtube.com/watch?v=5myW0ndKEWk,36800,379,PF244334,세빌리아의 이발사 [수원],서양음악(클래식),수원SK아트리움 대공연장,2024-08-02,2024-08-03,,,,shard_28,review,"candidate work ""세비야의 이발사"" found but ambiguous among 4 instances",general
GWgN00-nwEs,(2020.03.08) 로시니 오페라 콘체르탄테 세비야의 이발사 SPOT,"2020년, 로시니 오페라 콘체르탄테  세비야의 이발사 무대를 위해 
최고 성악가들이 한자리에 모입니다.
바리톤 김주택, 소프라노 강혜정, 테너 김건우, 바리톤 성승민, 베이스 손혜수등 내로라하는 성악가들이 참여하는 
아트앤아티스트의 다섯번째 오페라 콘체르탄테 시리즈!
로시니 오페라 콘체르탄테 세비야의 이발사
많은 기대 부탁드립니다. 

-공연일시 : 2020년 3월 8일 (일) 오후 5시
-공연장소 : 롯데콘서트홀 
-예매처 : 롯데콘서트홀, 인터파크

공연 정보 및 자세한 내용은 예매처를 통해 확인하실 수 있습니다.",UCdScniO82z3-0npmtt24rxg,아트앤아티스트 Arts&Artists,2020-02-13T01:59:46Z,31,0.52,True,1183.0,22.0,0.0,https://www.youtube.com/watch?v=GWgN00-nwEs,20400,349,PF244334,세빌리아의 이발사 [수원],서양음악(클래식),수원SK아트리움 대공연장,2024-08-02,2024-08-03,,,,shard_28,review,"candidate work ""세비야의 이발사"" found but ambiguous among 4 instances",shorts
i4qQswVKyD0,[#바리톤김동규 #BackStage] Il barbiere di Siviglia_ 세비야의 이발사 #공연실황 #로시니,"동서식품, 창립 50주년 기념 '제11회 동서커피클래식' 공연실황 
세종문화회관 대극장 #김동규 #동서커피클래식 
바리톤 김동규 '세비야의 이발사' Il barbiere di Siviglia

모두가 나를 찾아 안달이죠, 
귀부인,젊은이,노인, 아가씨 할 것 없이
여기서는 가발, 저기서는 콧수염
여기서는 치료를 해달라하고 저기서는 편지를 전해달라고 하죠.
.....
 오 훌륭해 피가로 최고로 훌륭해
내가 바로 이 거리의 만능일꾼이라네.",UCOLoLnOhjwRHr1U62CdzXDA,동규TV,2020-10-01T07:00:21Z,359,5.98,False,3803.0,113.0,18.0,https://www.youtube.com/watch?v=i4qQswVKyD0,4810,103,PF244334,세빌리아의 이발사 [수원],서양음악(클래식),수원SK아트리움 대공연장,2024-08-02,2024-08-03,,,,shard_28,review,"candidate work ""세비야의 이발사"" found but ambiguous among 4 instances",general
krHRPaopP0I,"제8회 대한민국장애인예술경연대회 스페셜K 결선_얼쑤(연극·뮤지컬, 스페셜K Performance상)","제8회 대한민국장애인예술경연대회 스페셜K 결선(Awards)
일시 : 2020. 08. 20(목) 19:00
장소 : KBS아트홀

즐거움이 가득한 얼쑤의 무대 감상하시죠!

👇👇👇
사단법인 한국장애인문화예술단체총연합회(이하 장예총)는 장애인문화예술단체가 연합하여 설립된 문화체육관광부 산하 사단법인입니다. 
장예총은 회원단체 간 상호 유대강화와 협력교류로 장애인문화예술 발전과 진흥을 도모하고, 장애예술인의 예술권 확보를 통한 창작활동 증진으로 선진문화예술복지 실현에 기여하는 것을 목적으로 하고 있습니다.

다양한 콘텐츠 개발과 대형 무대를 기획하여 예술가를 꿈꾸는 장애인의 가능성을 발굴하여 전문예술인으로 성장할 수 있도록 기회의 장을 제공 해 왔고, 다양한 분야에서 활동하는 장애예술인이 자신의 작품을 일반 관객에게 발표하여 예술적 역량을 인정받을 수 있도록 지원 해 왔습니다. 장예총은 새로운 운영진의 발족과 더불어 장애예술가의 역량강화를 위해 교육 분야에 더욱 매진할 예정입니다.

대표사업
-장애인문화예술축제  A+ Festival
-대한민국장애인예술경연대회 스페셜K
-대한민국장애인문학상·미술대전
-손으로 보는 우리 역사(Seeing Korean History with Hands)",UC2bgj-zWHyMI2CTAuaoItaw,장예총,2020-09-04T05:29:39Z,790,13.17,False,1744.0,151.0,1.0,https://www.youtube.com/watch?v=krHRPaopP0I,1500,729,PF221787,"K-예술축제, 얼쑤 [대전]",뮤지컬,대전시립연정국악원 큰마당,2023-08-26,2023-08-27,,,,shard_28,review,"candidate work ""얼쑤"" found but ambiguous among 5 instances",general
9tcNeSqmLIQ,광주국악상설공연 9월 18일(토) -  타악그룹 얼쑤 『얼씨구야~! 한가위다』,"광주국악상설공연 9월 18일(토) -  타악그룹 얼쑤 『얼씨구야~! 한가위다』

 대표 고창길
 사회 한석중
 

■ 소리&타악 창작곡 “뱃노래”

어업 노동요의 하나. 우리 나라에는 많은 종류의 뱃노래가 있는데, 뱃노래의 대부분이 노동요이기 때문에 노동의 형태에 따라 노래도 다르며, 또한 같은 종류의 노래일지라도 지방마다 다르다. 어부들이 흔히 부르는 노래. 얼쑤만의 스타일로 재구성하였다.
-타악 얼쑤 소리 박은비 신디 김보람

■ 향발무
향발을 가지고 여름날의 청량한 비소리와 리듬을 만들어 추는 춤.
-광주뿌리 한국무용단 류채린, 김세나, 문수정, 김종미, 김주연

■ 구름위의 산책




 퓨전타악 음악의 진수를 보여주는 작품으로 일렉기타, 베이스, 드럼, 신디사이저와의 음악적 조합으로 마치 구름 위에 떠있는 느낌과 영감을 주는 것이 특징이다. 특히 일렉기타와 드럼의 화려한 연주가 돋보이는 작품으로 관객들의 오감을 만족시킨다.
-모듬북 고창길, 김대선, 노준영 일렉기타 손성훈 
 베이스 기타 김정훈 드럼 임하윤
 

■ 25현 가야금독주 “황금산의 백도라지”
북한음악으로 우리나라에서 가장 많이 알려진 25현 가야금곡이다.이곡은 한사람의 작곡가에의해 창작된 것이 아닌 집체 창작에 의해 만들어진 곡 입니다.
-가야금 조한 타악 얼쑤 신디 김보람


■국화~꽃으로 (부채춤)
 국화~꽃으로(부채춤) 가을 풍성한 국화꽃을 표현한 춤.
-광주 뿌리 한국무용단 류채린, 김세나, 문수정, 김종미, 김주연


■(신)아리랑&꿈
살아가면서 누구나 꿈을 가져보고 꿔봤을 것이다.(나의 꿈, 당신의 꿈, 우리의 꿈) 하지만 현실에 순응하며 살다보면 그동안 꿈꿔왔던 것을 잊어버리고 살아가게 된다. 작품(아리랑＆꿈)은 이러한 나의 아련한 꿈을 다시 한 번 생각하게 해준다.아름다운 태평소 선율과 나의 마음을 울려주는 북소리 그리고 우리민족의 영원한 꿈을 담은 아름다운 ""아리랑""곡을 재 편곡하여 잠시나마 잊고 살아왔던 나의 꿈을 잠시 꾸게 해주는 작품이다.
-꽹과리 김대선 일렉 키타 손성훈 베이스 키타 김정훈 드럼 임하윤
신디 김보람 태평소 이명운 가야금 조한 모듬북 노준영 보컬 박은비



출연진
사회 한석중
쇠 김대선
장구 김지은, 김수연 
모듬북
노준영, 황인상,
고창길
가야금 조한 
태평소(이명운) 
소리(박은비) 
춤 류채린, 김세나,
문수정, 김종미, 
김주연
신디 김보람 
드럼 임하윤 
일렉키타 손성훈 
베이스키타 김정훈
안무 공진희


제작 및 공연지원
총연출 고창길
무대감독 송재만
조명감독 양원영
음향감독 전승병



#광주문화예술회관​​ #온라인으로보는국악상설공연​ ​#광주국악상설공연 #타악그룹 #얼쑤 #광주뿌리한국무용단 #가야금독주 #향발무 #신아리랑",UC02x5SS_0-45ZZ13ROGsdtQ,광주예술의전당 Gwangju Arts Center,2021-09-18T09:20:22Z,4277,71.28,False,548.0,10.0,0.0,https://www.youtube.com/watch?v=9tcNeSqmLIQ,4420,783,PF221787,"K-예술축제, 얼쑤 [대전]",뮤지컬,대전시립연정국악원 큰마당,2023-08-26,2023-08-27,,,,shard_28,review,"candidate work ""얼쑤"" found but ambiguous among 5 instances",general
2PbqAP31ILc,인천시립합창단 - 구구단을 외자,"165회 정기연주회 
청소년과 함께하는 신나는 합창 클래식

2019년 8월 8일

구구단을 외자 / 김준범 곡

지휘 . 김종인 부지휘자",UCojthTzEDoEs2S3X_hXpkrw,인천시립합창단Incheon City Chorale,2020-10-07T04:30:53Z,255,4.25,False,2986.0,42.0,3.0,https://www.youtube.com/watch?v=2PbqAP31ILc,4140,117,PF244350,제171회 대구시립합창단 정기연주회,서양음악(클래식),대구콘서트하우스 그랜드홀 (대공연장) ,2024-07-25,2024-07-25,,,,shard_28,review,"candidate work ""구구"" found but ambiguous among 2 instances",general
8OqW8H7CwY0,"KBS부산어린이합창단60기-무지개중창단 곡명""무지개  빛  하모니""대상수상","2014년 독서문화음악제 KBS어린이합창단 60기 중창단 ""무지개중창단""곡명:무지개  빛 하모니 /부산시 서병수시장  대상 수상곡",UCy1XZGRWvKD2sXeXNQqyx0Q,jin365521,2014-09-21T20:58:15Z,192,3.2,False,2839.0,5.0,0.0,https://www.youtube.com/watch?v=8OqW8H7CwY0,41,44,PF280788,부천시립합창단 어린이 음악회: 우리가 노래하는 이유,서양음악(클래식),부천아트센터 콘서트홀,2026-02-12,2026-02-12,,,,shard_28,review,"candidate work ""하모니"" found but ambiguous among 2 instances",general
ee4dyFQelWo,2016 남양주 시립예술단 송년음악회 공연,"2016. 12. 22 화도체육문화센터에서 열린

2016 남양주 시립예술단 송년 음악회 공연 영상 입니다.",UCZFTAP8J_0xEjjhreKMHa4A,남양주시•남양주TV,2016-12-23T05:58:26Z,6121,102.02,False,1301.0,9.0,1.0,https://www.youtube.com/watch?v=ee4dyFQelWo,28200,4203,PF286085,남양주시립예술단 신춘음악회,서양음악(클래식),다산아트홀,2026-03-14,2026-03-14,,,,shard_28,review,"candidate work ""남양주시립예술단 송년음악회"" found but ambiguous among 2 instances",general
IAYpIESMxXI,남양주시립예술단 송년음악회 외5,설명,UCZFTAP8J_0xEjjhreKMHa4A,남양주시•남양주TV,2015-06-17T02:41:19Z,61,1.02,False,25.0,0.0,0.0,https://www.youtube.com/watch?v=IAYpIESMxXI,28200,4203,PF286085,남양주시립예술단 신춘음악회,서양음악(클래식),다산아트홀,2026-03-14,2026-03-14,,,,shard_28,review,"candidate work ""남양주시립예술단 송년음악회"" found but ambiguous among 2 instances",general
YYGyC1qnr78,국립국악원 토요명품공연[2016.04.09.] 03.천년만세,"03. 천년만세
천년만세는 국립국악원 전승 영산회상의 뒷풍류에 별도로 붙여진 아명이다. 영산회상 끝에 연주되는 계면가락도드리, 양청도드리, 우조가락도드리의 세 곡을 부르는 이름이다. 
세 곡은 ‘느리고-빠르고-느린’ 속도의 변화가 있다. 원래 영산회상 모음곡에 해당하는 상령산부터 군악까지를 본풍류, 위 세 곡을 뒷풍류로 분류하며, 뒷풍류는 본풍류에 이어서 연주하기도 하지만 통상 별도의 악곡처럼 연주하기도 한다.

 ○ 피리/윤형욱, 대금/김상준, 단소/김휘곤, 해금/황애자, 가야금/이유나, 거문고/채은선, 양금/조유회, 장구/홍석복",UCmN4xFSlmWw-_d2riM-ep0A,국립국악원 National Gugak Center,2016-04-12T08:50:25Z,567,9.45,False,171994.0,789.0,76.0,https://www.youtube.com/watch?v=YYGyC1qnr78,72700,3576,PF288710,"국립남도국악원 토요상설: 국악이 좋다, 울돌네야",무용(서양/한국무용),국립남도국악원 진악당,2026-05-23,2026-05-23,,,,shard_28,review,"candidate work ""토요명품"" found but ambiguous among 2 instances",general
Hrh29CAGJK0,광주시립발레단 제132회 정기공연 [돈키호테],"광주시립발레단 제132회 정기공연 [돈키호테]

공연일시
2022.10.7. 14:00

공연장소
국립아시아문화전당 예술극장 극장1

주최
광주문화예술회관/국립아시아문화전당

주관
광주시립발레단

캐스팅정보
키트리 – 강민지
바질리오 - 박관우

연출진정보
총연출 및 예술감독 박경숙
안무 Krzysztof Nowogrodzki
지휘 박승유
조안무 김혜민
기술감독 유준규
영상디자인 김장연 김정민
의상디자인 박지우
조명디자인 김연수
분장디자인 구유진
기술감독   유준규
조명감독   서경원


#Don Quixote #돈키호테 #호두까기인형 #광주시립발레단
#박경숙 #Krzysztof Nowogrodzki #ballet #gwangjucityballet #키트리 #바질리오",UC02x5SS_0-45ZZ13ROGsdtQ,광주예술의전당 Gwangju Arts Center,2023-01-25T09:30:03Z,6360,106.0,False,25666.0,359.0,16.0,https://www.youtube.com/watch?v=Hrh29CAGJK0,4420,783,PF244630,"국립발레단, 돈키호테 [당진]",무용(서양/한국무용),당진문예의전당 대공연장,2024-09-11,2024-09-12,,,,shard_29,review,"candidate work ""돈키호테"" found but ambiguous among 6 instances",general
u0OtkEbemjA,"#shorts 키트리 캐스터네츠ㅣ누녜즈,오시포바) 발레 돈키호테 작품비교","로얄발레단 마리아넬라 누네즈
볼쇼이발레단 나탈리아 오시포바
돈키호테 키트리 캐스터네츠 바리에이션 작품 비교❤️",UCJSp4GqXKkQB2Um0hhgeM3Q,발레하는 펄리나 PEARLINA,2023-03-03T12:30:26Z,46,0.77,True,213515.0,4228.0,250.0,https://www.youtube.com/watch?v=u0OtkEbemjA,57100,507,PF244630,"국립발레단, 돈키호테 [당진]",무용(서양/한국무용),당진문예의전당 대공연장,2024-09-11,2024-09-12,,,,shard_29,review,"candidate work ""돈키호테"" found but ambiguous among 6 instances",shorts
K3X6mh-1vSg,[ballet]1막 돈키호테(키트리 등장) - 오픈리허설 유니버설발레단,"[ballet]1막 돈키호테(키트리 등장) - 오픈리허설 유니버설발레단

스페인이 배경인 이 발레는 정열의 나라의 이름처럼 탬버린과 부채로 흥을돋군다. 

신날땐 부채를 크게 부치며 기분 좋음을, 부채를 바닥으로 치면서 매우 기쁨을 나타낸다.",UCYVLuGV6GXE7tNgWWYoQnGQ,Shin ae Choi (zoe),2017-04-06T09:55:57Z,79,1.32,False,15496.0,110.0,2.0,https://www.youtube.com/watch?v=K3X6mh-1vSg,47,25,PF244630,"국립발레단, 돈키호테 [당진]",무용(서양/한국무용),당진문예의전당 대공연장,2024-09-11,2024-09-12,,,,shard_29,review,"candidate work ""돈키호테"" found but ambiguous among 6 instances",general
GRu53u-yvQM,"[정기공연] 로시니, '세비야의 이발사' 서곡｜Rossini, II barbiere di Siviglia: Overture｜#서울시향 210709공연","2021 서울시향 마르쿠스 슈텐츠 II: 하이든 교향곡
THE GENIUS OF HAYDN

2021년 7월 9일 롯데콘서트홀 연주 실황
July 9th, 2021｜LOTTE Concert Hall

🎼 로시니, '세비야의 이발사' 서곡
Rossini, II barbiere di Siviglia: Overture

[📝프로그램노트]
http://naver.me/xOvnfHKQ


ㅡ
🧡 Follow SPO
누리집 https://www.seoulphil.or.kr
페이스북 https://www.facebook.com/SPO
트위터 https://twitter.com/seoulphil
인스타그램 https://www.instagram.com/seoulphil
네이버TV https://tv.naver.com/seoulphil",UCwmgO3PhE925-mLG1h26Uow,서울시립교향악단 Seoul Philharmonic Orchestra,2022-05-09T11:13:49Z,491,8.18,False,152811.0,1004.0,38.0,https://www.youtube.com/watch?v=GRu53u-yvQM,40300,697,PF245308,세빌리아의 이발사 [오산],서양음악(클래식),오산문화예술회관 대공연장,2024-08-24,2024-08-25,,,,shard_29,review,"candidate work ""세비야의 이발사"" found but ambiguous among 4 instances",general
5myW0ndKEWk,[10분 오페라 #6] 로시니의 '세비야의 이발사’,"펜트하우스 로나도 이거 보고 공부해따!
✔공부장면 : https://youtu.be/t68qniccA7c

Now there's English caption!(Yeah~!!)
Please turn on the subtitle function!


#온라인음악수업 #오페라해설 #세비야의이발사


나레이션 : 최홍미 선생님
대본, 캐릭터와 배경디자인 : 이현도 선생님
영상과 음악편집 : 이민규( @음큐채널  ) 선생님
#EBS온라인클래스 #E학습터",UCQdJppqUSSxlj5Z2eP5SbNQ,음플릭스,2021-03-08T11:00:04Z,604,10.07,False,80084.0,972.0,77.0,https://www.youtube.com/watch?v=5myW0ndKEWk,36800,379,PF245308,세빌리아의 이발사 [오산],서양음악(클래식),오산문화예술회관 대공연장,2024-08-24,2024-08-25,,,,shard_29,review,"candidate work ""세비야의 이발사"" found but ambiguous among 4 instances",general
Wft276Z-EDo,Bar.김기훈  -  Largo Al Factotum Della Citta ＜오페라 세비야의 이발사＞ [열린 음악회/Open Concert] | KBS 230101 방송,Bar.김기훈  -  Largo Al Factotum Della Citta ＜오페라 세비야의 이발사 中＞,UCR5cyf8hncN_AaQPfmvmlgA,KBS 레전드 케이팝,2023-01-01T10:22:10Z,319,5.32,False,18204.0,225.0,28.0,https://www.youtube.com/watch?v=Wft276Z-EDo,2180000,31381,PF245308,세빌리아의 이발사 [오산],서양음악(클래식),오산문화예술회관 대공연장,2024-08-24,2024-08-25,,,,shard_29,review,"candidate work ""세비야의 이발사"" found but ambiguous among 4 instances",general
i4qQswVKyD0,[#바리톤김동규 #BackStage] Il barbiere di Siviglia_ 세비야의 이발사 #공연실황 #로시니,"동서식품, 창립 50주년 기념 '제11회 동서커피클래식' 공연실황 
세종문화회관 대극장 #김동규 #동서커피클래식 
바리톤 김동규 '세비야의 이발사' Il barbiere di Siviglia

모두가 나를 찾아 안달이죠, 
귀부인,젊은이,노인, 아가씨 할 것 없이
여기서는 가발, 저기서는 콧수염
여기서는 치료를 해달라하고 저기서는 편지를 전해달라고 하죠.
.....
 오 훌륭해 피가로 최고로 훌륭해
내가 바로 이 거리의 만능일꾼이라네.",UCOLoLnOhjwRHr1U62CdzXDA,동규TV,2020-10-01T07:00:21Z,359,5.98,False,3803.0,113.0,18.0,https://www.youtube.com/watch?v=i4qQswVKyD0,4810,103,PF245308,세빌리아의 이발사 [오산],서양음악(클래식),오산문화예술회관 대공연장,2024-08-24,2024-08-25,,,,shard_29,review,"candidate work ""세비야의 이발사"" found but ambiguous among 4 instances",general
JzY7aBMZWbw,"브람스 - 교향곡 4번 :: 과천시립교향악단 I 지휘 김예훈 / J.Brahms - Symphony No. 4, Op. 98","#과천시립교향악단 #김예훈 

▶ 과천시립교향악단 해설이 있는 음악회 ""열정과 냉정 사이""

♪ J. 브람스 - 교향곡 4번, Op.98
J. Brahms - Symphony No.4, Op.98

00:16 - 해설
03:24 - 1st mov.                               
16:40 - 2nd mov.
27:50 - 3rd mov.
34:04 - 4th mov.

지휘 l 김예훈
Conductor l Yehun kim

과천시립교향악단
Gwacheon Symphony Orchestra

-
과천시민회관 대극장
2021.12.10",UCDVTsBJ1_6D9pzLiJ-zTsdw,DIRIGENT,2022-04-15T23:26:34Z,2673,44.55,False,95.0,3.0,0.0,https://www.youtube.com/watch?v=JzY7aBMZWbw,128,38,PF245176,"과천시립교향악단 콘서트시리즈 5, 여름 축제의 밤",서양음악(클래식),과천시민회관 대극장,2024-08-22,2024-08-22,,,,shard_29,review,"candidate work ""브람스"" found but ambiguous among 2 instances",general
SwIJNKCpnH0,강릉서 울려 퍼지는 평화의 하모니…세계합창대회 개막 / SBS,"〈앵커〉

올해로 12회째를 맞는 세계합창대회가 강원도 강릉에서 개막됐습니다. 세계 최대 규모의 합창대회인데요. 올해는 34개 나라에서 8천여 명이 강릉을 찾았습니다.

장선이 기자가 보도합니다.

〈기자〉

국가와 종교, 세대를 뛰어넘어 평화를 노래하는 세계합창대회가 강원도 강릉에서 막을 올렸습니다.

세계합창대회는 '모두를 위한 평화와 번영'을 주제로 지난 2000년 오스트리아 린츠에서 시작됐습니다.

2년 주기로 대륙을 넘나들며 개최되는데, 올해로 12번째를 맞습니다.

당초 지난해 개최 예정이었지만 코로나19 여파로 1년 연기돼 올해 열리게 됐습니다.

[허용수/강릉 세계합창대회 조직위원장 : 길고 긴 코로나 팬데믹 이후 우리는 다시 얼굴을 맞대고 음악으로 소통할 것입니다. 이곳 강릉에서 시작된 하모니는 온 세계를 향해 평화의 메아리로 울려 퍼질 것입니다.]

올해는 특히 러시아와 전쟁 중인 우크라이나에서 온 합창단이 함께해 평화 축제의 의미를 더했습니다.

1970년대 창단돼 전 세계를 돌며 아름다운 선율을 전하고 있는 우크라이나 보그닉 소녀합창단은 강릉 산불 이야기를 듣고, 이재민들의 아픔을 위로하기 위해 산불 피해 현장에서 특별 공연을 열었습니다.

이번 대회에는 34개국 323개 팀에서 8천여 명이 참가했습니다.

합창경연 외에도 길거리 퍼레이드와 세계합창총회, 워크숍 등 다양한 부대행사들이 강릉아레나와 강릉아트센터를 비롯한 지역 명소에서 펼쳐집니다.

강원특별자치도 출범 이후 개최되는 첫 국제행사인 이번 대회는 오는 13일까지 이어지며, 폐막식에서 차기 대회 개최국이 발표될 예정입니다.

(영상취재 : 주 범, 허 춘, 영상편집 : 김준희)


☞더 자세한 정보
https://news.sbs.co.kr/y/?id=N1007254557
 

#강릉 #세계합창대회 #대회

▶SBS 뉴스 채널 구독하기 : https://n.sbs.co.kr/youtube 

♨지금 뜨거운 이슈, 함께 토론하기(스프 구독) : https://premium.sbs.co.kr

▶SBS 뉴스 라이브 : https://n.sbs.co.kr/youtubeLive , https://n.sbs.co.kr/live 

▶SBS 뉴스 제보하기
홈페이지: https://n.sbs.co.kr/inform 
애플리케이션: 'SBS뉴스' 앱 설치하고 제보 - https://n.sbs.co.kr/App 
카카오톡: 'SBS뉴스'와 친구 맺고 채팅 - https://pf.kakao.com/_ewsdq/chat 
페이스북: 'SBS뉴스' 메시지 전송 - https://www.facebook.com/sbs8news 
이메일: sbs8news@sbs.co.kr 
문자 #누르고 6000 
전화: 02-2113-6000 

홈페이지: https://news.sbs.co.kr/ 
페이스북: https://www.facebook.com/sbs8news 
트위터: https://www.twitter.com/sbs8news
카카오톡: https://pf.kakao.com/_ewsdq
인스타그램: https://www.instagram.com/sbsnews",UCkinYTS9IHqOEwR1Sze2JTw,SBS 뉴스,2023-07-04T08:41:29Z,126,2.1,False,2332.0,21.0,3.0,https://www.youtube.com/watch?v=SwIJNKCpnH0,5240000,344837,PF248805,강릉합창대축제,서양음악(클래식),강릉아트센터 (구. 강릉문화예술관) 사임당홀 (대공연장) ,2024-10-11,2024-10-12,,,,shard_3,review,"candidate work ""하모니"" found but ambiguous among 2 instances",general
JqAnC-Gxmxw,2023 강릉 세계합창대회/우정콘서트 시흥하모니어스(The 12th World Choir Games-Gangneung 2023),"2023 강릉 세계합창대회 우정콘서트 정동진역 공연 #강릉세계합창대회 #2023강릉세계합창대회 #경포해변 #시흥하모니어스 #강릉여행 #The 12th World Choir Games-Gangneung 2023 #정동진 #JEONGDONGJIN STATION 
#우정콘서트",UC3rzr45gSfaGde4_jrZNOiw,가을영상,2023-07-09T08:42:27Z,673,11.22,False,2538.0,33.0,7.0,https://www.youtube.com/watch?v=JqAnC-Gxmxw,2370,373,PF248805,강릉합창대축제,서양음악(클래식),강릉아트센터 (구. 강릉문화예술관) 사임당홀 (대공연장) ,2024-10-11,2024-10-12,,,,shard_3,review,"candidate work ""하모니"" found but ambiguous among 2 instances",general
kNBdR8-GbKk,국립창극단 '변강쇠 점 찍고 옹녀' 달라진 옹녀 문안이요~,"우리 시대의 여인,
그 이름 옹녀! 믿고 보는 옹녀!

초연 이후 6년 연속
매진 행렬을 이어가는 ""국민 창극""인 만큼
이것을 못 본 사람은 없어야해〰️〰️

국립창극단 '변강쇠 점 찍고 옹녀'
2019.8.30(금)-9.8(일)
국립극장 달오름

예매바로가기 https://bit.ly/2Mm8uS0",UCJ55axexMkXqp1Fgwvmdsgg,국립극장 National Theater of Korea,2019-08-01T05:36:49Z,29,0.48,True,4958.0,11.0,0.0,https://www.youtube.com/watch?v=kNBdR8-GbKk,37700,1210,PF230607,"국립창극단, 절창Ⅳ",한국음악(국악),국립극장 달오름극장,2024-05-17,2024-05-18,,,,shard_3,review,"candidate work ""변강쇠 점 찍고 옹녀"" found but ambiguous among 2 instances",shorts
Y7ks0cKv6Og,다 안다 (금천하모니 합창단),"2016년 8월, 스페인에서 밀레니엄 합창단이 왔다.
그 때 특별 무대로 금천초 합창단이 초대되어서 공연을 했다.
'다 안다'와 '노래로 세상을 아름답게'...
기록이 남아있는 '다 안다'만 올린다.
중창 대회에서 금상까지 받았던 아이들이라 중창과 합창 발성이 섞여 있어서 음색이 나름 새로운 느낌이다.
저렇게 잘 하는 데  욕심 때문에 구박했던 것 같아서 많이 미안한 마음이다.
그 해 합창단 활동 자료가 있어서 기억에 도움이 되라고 덧붙인다.
16년 합창단 친구들, 수고 많았어.
고맙구~~

■ 2016년 금천 하모니 합창단 활동 현황
  5.  3 나도스타 동요 부르기 대회(중창부문 은상 2, 동상 1, 금천구)
  5.11 시흥5동 마을총회(주민과의 대화) 초청 연주
  5.11 나눔 콘서트 (노인요양센터 인영실버)
  6. 7 경인교육대학교 음악교육학과 학부생 대상 수업시연 (지도교수 외 20명)
  6.25 한국동요음악콩쿠르 금상 수상(5, 6학년 부 2개 부문, 한국동요음악협회)
  7.12 금천에듀필하모닉오케스트라 창단식 축하공연(금천초)
  8.19 스페인 밀레니엄합창단 내한공연 특별출연(금나래 아트홀)
  9.12 교가녹음(예음스튜디오) 
11.18. 2016 학교歌 좋다 교가 경연대회 최우수(D’LIVE, 용산아트홀 대극장)
11.24  1인 1기 발표회 찬조출연(금천초 꿈오름관)
12.21  제4회 정기연주회(금천초 꿈오름관)",UChrwWOiN7FkiGYdVR4Kcjfg,김두석,2022-10-29T22:58:46Z,160,2.67,False,333.0,3.0,1.0,https://www.youtube.com/watch?v=Y7ks0cKv6Og,60,10,PF232004,부천필하모닉오케스트라 어린이를 위한 음악놀이터I,서양음악(클래식),부천아트센터 콘서트홀,2024-06-05,2024-06-05,,,,shard_3,review,"candidate work ""하모니"" found but ambiguous among 2 instances",general
yL523SKK7Dk,유니즌하모니(대구 아마추어 합창단) 사랑이라는 이름을 더하여_김태원 작사작곡,"(합창) 사랑이라는 이름을 더하여_김태원 작사작곡

사랑이라는 이름을 더하여는 부활 리더 김태원이 작사와 작곡을 맡고 우효원이 편곡한 곡으로 남자의 자격이란 프로그램에서 합창으로 선보여 큰 화제가 되었다. 인생을 담은 서정적인 가사와 함께 부드러운 선율이 아름다운 곡이다.

-인스타그램: https://www.instagram.com/unison_harmony/
-네이버카페: https://cafe.naver.com/unisonharmony
-공연 및 입단문의 : king8512[카카오톡]

- 유니즌하모니 제1회 연주회를 도와주신 후원자님께 진심으로 감사드립니다.
김민지님, 김미화님, 김진화님, 박병주님, 박주현님, 변선애님, 서덕자님, 손용훈님, 오현석님, 윤영호님, 이기쁨님, 이성웅님, 이한솔님, 정환욱님, 황병국님, 하늘소망교회성가대, 박수연님, 정원철님, 익명

*대구, 2030, 청년, 아마추어, 합창단, 뮤지컬, 보컬, 발성, 성악, 영화음악, 오페라",UCPi9yk87J7YRrmTxWyMJylA,대구 유니즌하모니 합창단,2019-10-02T07:17:03Z,275,4.58,False,646.0,13.0,1.0,https://www.youtube.com/watch?v=yL523SKK7Dk,124,62,PF253137,제119회 강릉시립합창단 정기연주회,서양음악(클래식),강릉아트센터 (구. 강릉문화예술관) 사임당홀 (대공연장) ,2024-12-06,2024-12-06,,,,shard_3,review,"candidate work ""하모니"" found but ambiguous among 2 instances",general
vyA6KkIz_gY,강릉 세계합창대회 #세종 사계절하모니합창단#내나라우리땅,,UCkUYROmE3_4f-Wvf7MbQRPQ,오늘,2023-07-10T11:24:02Z,185,3.08,False,721.0,10.0,1.0,https://www.youtube.com/watch?v=vyA6KkIz_gY,12,30,PF253137,제119회 강릉시립합창단 정기연주회,서양음악(클래식),강릉아트센터 (구. 강릉문화예술관) 사임당홀 (대공연장) ,2024-12-06,2024-12-06,,,,shard_3,review,"candidate work ""하모니"" found but ambiguous among 2 instances",general
3CVjDKj29mk,"[부산시립합창단 창단 50주년] 시민과 함께한 하모니, 부산을 넘어 세계로","🎉부산시립합창단 창단 50주년

시민과 함께한 하모니 부산을 넘어 세계로 !
합창으로 시민과 소통한 부산시립합창단🎵
2022년 새로운 반세기를 힘차게 시작합니다.",UCeySqDu5BowY_RD5sVYIYug,부산시립예술단TV,2022-01-20T07:25:01Z,61,1.02,False,341.0,12.0,0.0,https://www.youtube.com/watch?v=3CVjDKj29mk,2630,551,PF253137,제119회 강릉시립합창단 정기연주회,서양음악(클래식),강릉아트센터 (구. 강릉문화예술관) 사임당홀 (대공연장) ,2024-12-06,2024-12-06,,,,shard_3,review,"candidate work ""하모니"" found but ambiguous among 2 instances",general
sEPyN5D_3Zc,[EBS×서울시향] VR오케스트라 (360° VR)ㅣ브람스: 헝가리 무곡 5번,"□ 촬영 일시: 2020년 1월 
□ 촬영 장소: 롯데콘서트홀 
□ 지휘: 윌슨 응 Wilson Ng (부지휘자)
□ 연주: 서울시립교향악단
□ 곡명: 
요하네스 브람스, 헝가리 무곡 제5번
Johannes Brahms, Hungarian Dance No. 5

(곡 소개) 
브람스는 1853년에 헝가리에 갔을 때 집시 음악을 접하고 흥미를 느껴 ‘헝가리 무곡’을 썼다. 전체 21곡으로 이루어져 있으며, 네 묶음으로 나뉘어 출판되었다. 이 가운데 첫째 묶음인 ‘1~5번’은 1869년에 출판되었다. 원래는 피아노 한 대에 두 사람이 앉아 연주하는 ‘연탄곡’이었으나, 나중에 관현악곡으로 편곡되었다. ‘5번’은 이 가운데 가장 유명하며, 템포와 표현 면에서 강렬한 대비를 보여준다.

*모바일의 경우 세로/가로 자동회전 기능이 활성 되어 있으면 좀 더 원활하게 360° VR 영상이 플레이가 됩니다.
*원활한 재생을 위해서는 크롬이나 유튜브 앱을 통해서 시청하는 것을 권장해 드립니다. 일부 윈도우 구 버전이나 인터넷 익스플로러에서는 구동이 안 되는 경우가 있습니다.

※ 해당 영상은 교육적인 활용을 위해 제작된 저작물로, 영리 목적으로 사용할 수 없습니다",UCwmgO3PhE925-mLG1h26Uow,서울시립교향악단 Seoul Philharmonic Orchestra,2020-04-29T00:00:10Z,183,3.05,False,5193.0,63.0,4.0,https://www.youtube.com/watch?v=sEPyN5D_3Zc,40300,697,PF253108,서울시향 실내악 시리즈 Ⅲ,서양음악(클래식),세종문화회관 세종체임버홀,2025-07-26,2025-07-26,,,,shard_3,review,"candidate work ""브람스"" found but ambiguous among 2 instances",general
qWgleaftrnM,-꿈꾸는하모니 - 초등학교 합창  #전국소년소녀합창경연대회 결선진출 #연세대 백주년기념관콘서트홀 #합창동아리 #음악교사 #합창지휘자,,UCHOujpM65Fg7WbSaOobRRww,꿈꾸는 하모니,2023-06-12T05:58:41Z,12,0.2,True,49067.0,367.0,,https://www.youtube.com/watch?v=qWgleaftrnM,7500,362,PF284296,"울산시립합창단 기획연주회: 합창, 즐거움",서양음악(클래식),울산문화예술회관 소공연장,2026-03-05,2026-03-05,,,,shard_3,review,"candidate work ""하모니"" found but ambiguous among 2 instances",shorts
8cSWnjRV1PY,"울산 남구 구립합창단 제4회 정기연주회 ""헨델 오라토리오 메시아""","울산 남구 구립합창단 제4회 정기연주회
""헨델 오라토리오 메시아""

2025년 12월 9일 화요일 19시30분 
울산문화예술회관 대공연장

합창 울산 남구 구립합창단
오케스트라 협연  울산 남구 구립교향악단
솔리스트  소프라노 박인경, 카운터테너 윤진태, 테너 조윤환, 바리톤 김대수
피아노 최혜민
지휘 김동욱

G. F. Handel’s Oratorio
MESSIAH
헨델의 오라토리오 메시아

0:00

Part the First

1. Sinfony 3:33

2. Comfort ye (Accompagnato: Tenor) 7:20

3. Ev'ry valley (Song: Tenor) 10:05

4. And the glory of the Lord (Chorus) 13:37

5. Thus saith the Lord (Accompagnato: Bass) 16:56

6. But who may abide (Song: Countertenor) 18:52

7. And he shall purify (Chorus) 23:;25

12. For unto us a child is born (Chorus) 25:52

17. Glory to God (Chorus) 30:15

18. Rejoice greatly (Song: Soprano) 32:40

21. His yoke is easy (Chorus) 37:35

 

Part the Second

23. He was despised (Song: Countertenor) 40:06

24. Surely He hath borne our griefs (Chorus) 44:53

26. All we, like sheep (Chorus) 46:42

29. Thy rebuke hath broken His heart 51:00

(Accompagnato: Tenor)

30. Behold and see (Song: Tenor) 52:30

33. Lift up your heads (Chorus) 53:50

36. Thou art gone up on high (Song: Countertenor) 57:33

38. How beautiful are the feet (Song: Soprano) 1:00:52

40. Why do the nations (Song: Bass) 1:03:14

43. Thou shalt break them (Song: Tenor) 1:06:28

44. Hallelujah (Chorus) 1:08:30

 

Part the Third

45. I know that my Redeemer liveth (Song: Soprano) 1:12:30

46. Since by man came death (Chorus) 1:19:30

48. The trumpet shall sound (Song: Bass) 1:21:32

53. Worthy is the Lamb (Chorus) 1:25:55

54. Amen (Chorus) 1:29:15",UCD4omg1kW7twrKmm5rCOnPw,울산 남구립합창단,2026-01-06T18:12:34Z,5970,99.5,False,544.0,5.0,0.0,https://www.youtube.com/watch?v=8cSWnjRV1PY,49,7,PF284296,"울산시립합창단 기획연주회: 합창, 즐거움",서양음악(클래식),울산문화예술회관 소공연장,2026-03-05,2026-03-05,,,,shard_3,review,"candidate work ""구구"" found but ambiguous among 2 instances",general
yWDpOsobdDg,"[기획공연] 올해의 레퍼토리 소리극 ""콜비츠와의 대화"" 홍보영상","케테콜비츠의 예술적 삶을 그려낸 소리극 ""콜비츠와의 대화""
한명의 소리꾼이 이야기판을 이끌어가는 전통 판소리 양식을 바탕으로 
4인의 코러스를 작품에 적극적으로 투입하여 시공간적으로 입체성을 가지게 하여 
좀 더 확장된 풍부한 판소리 양식을 구현하고자 한다.

일시 : 12월 15~16일 19시 30분
문의전화 : 010-6634-7903",UCjrLSEbSN00frMGCB8Wkkyg,문화통신사,2021-12-03T09:24:39Z,39,0.65,True,371.0,1.0,0.0,https://www.youtube.com/watch?v=yWDpOsobdDg,282,192,PF227298,"공연예술축제 그라제, 콜비츠와의 대화 [광주]",한국음악(국악),광주 예술의 전당 소극장,2023-10-17,2023-10-18,,,,shard_3,review,"candidate work ""콜비츠와의 대화"" found but ambiguous among 2 instances",shorts
lM9Cv7s7rnQ,220522 렛미플라이 밤공 스페셜커튼콜 -  Let me fly final (안지환 배우님 세로 focus),"뮤지컬 렛미플라이 
Let me fly final
안지환",UCScIhLu5O-1pKr9ejwjFBQQ,밀레,2022-05-22T15:39:17Z,161,2.68,False,110.0,3.0,0.0,https://www.youtube.com/watch?v=lM9Cv7s7rnQ,321,489,PF264328,라흐 헤스트 [여주],뮤지컬,세종국악당,2025-06-21,2025-06-21,,,,shard_30,review,"candidate work ""렛미플라이"" found but ambiguous among 6 instances",general
Cpd_1BFaPEE,[뮤지컬] 렛미플라이 - 미래탐사 / 안지환 Focus (220520),,UCo4fYH65JOFbZXaVP_XRJGA,people asking the way,2022-05-20T17:23:37Z,310,5.17,False,375.0,,,https://www.youtube.com/watch?v=Cpd_1BFaPEE,76,179,PF264328,라흐 헤스트 [여주],뮤지컬,세종국악당,2025-06-21,2025-06-21,,,,shard_30,review,"candidate work ""렛미플라이"" found but ambiguous among 6 instances",general
lusJ8EdnD7k,창작무용과  동양적 선율의 아름다운 하모니를 느껴 보세요,,UCrr7EjvdnKwDKTJpyeIElFw,감성멜로디,2023-06-21T01:15:48Z,514,8.57,False,927.0,14.0,2.0,https://www.youtube.com/watch?v=lusJ8EdnD7k,13500,443,PF249911,"국립현대무용단, 청, 연",무용(서양/한국무용),예술의전당 [서울] 자유소극장,2024-11-23,2024-11-24,,,,shard_30,review,"candidate work ""하모니"" found but ambiguous among 2 instances",general
pgWRKs2WLYM,국립국악원 토요명품공연[2015.09.05.] 02. 허튼가락(Heoteun Garak),"02. 허튼가락
본디 허튼가락이라는 말은 정형화되지 않고 즉흥성을 띤 음악이라는 뜻으로 쓰이는 말이나, 여기서는 산조와 시나위에 사용되는 장단을 활용하고, 음악적 다양성과 긴장감을 보완해서 민속음악의 멋을 살리고자 새롭게 구성한 곡을 말한다. 

02. Heoteun Garak
“Heoteun Garak” originally means non-standardized, improvisatory music, but here it means a new composition using rhythmic patterns from Sanjo and Sinawi with additional elements so as to capture the beauty of folk music. This piece aims to bring out harmony not only between the instruments, but between different emotions and sensibilities in the spirit of Sinawi. 

○ 가야금 : 문경아 이여진, 거문고 : 이선화 이재하, 아쟁 : 김영길 윤서경, 해금 : 김정림 김지희, 장구 : 정준호

○  주최 및 촬영/국립국악원[National Gugak Center]",UCmN4xFSlmWw-_d2riM-ep0A,국립국악원 National Gugak Center,2015-09-11T00:41:09Z,687,11.45,False,344.0,4.0,0.0,https://www.youtube.com/watch?v=pgWRKs2WLYM,72700,3576,PF251601,민속악단 기획공연: 오늘의 허튼 가락,한국음악(국악),국립국악원 풍류사랑방,2024-11-06,2024-11-07,,,,shard_30,review,"candidate work ""토요명품"" found but ambiguous among 2 instances",general
tEAynGzflH4,국립국악원 토요명품공연[2018.02.03.],"05. 박종선류 아쟁산조
 ○ 아쟁/김영길, 장구/조용복


○ 해당공연 및 다양한 자료를 보시려면 https://archive.gugak.go.kr/ArchivePortal/index.jsp 로 이동하십시요.
○ 주최 및 촬영/국립국악원[National Gugak Center]",UCmN4xFSlmWw-_d2riM-ep0A,국립국악원 National Gugak Center,2018-02-20T07:55:28Z,722,12.03,False,1929.0,25.0,1.0,https://www.youtube.com/watch?v=tEAynGzflH4,72700,3576,PF251601,민속악단 기획공연: 오늘의 허튼 가락,한국음악(국악),국립국악원 풍류사랑방,2024-11-06,2024-11-07,,,,shard_30,review,"candidate work ""토요명품"" found but ambiguous among 2 instances",general
bWnMhWRFfBk,"백조의 호수1편 블랙스완 흑조 오딜 작품분석ㅣ미국ABT발레단, 러시아 mariinsky발레단","미국 ABT 발레단의 질리언 머피(열정의 무대 쿠퍼역 에단 스티펄 아내)와 러시아 마린스키 발레단의 울리야나 로파트키나 발레리나 비교 영상입니다! 영화로도 많이 알려진 블랙스완, 흑조 아다지오 작품입니다!

#발레 #발레리나 #취미발레 #블랙스완 #balletdancer #ballerina #balletvariation",UCJSp4GqXKkQB2Um0hhgeM3Q,발레하는 펄리나 PEARLINA,2023-03-30T12:30:17Z,526,8.77,False,938816.0,9167.0,1847.0,https://www.youtube.com/watch?v=bWnMhWRFfBk,57100,507,PF234442,"국립발레단, 백조의 호수 [구미]",무용(서양/한국무용),구미시문화예술회관 대공연장,2024-03-20,2024-03-21,,,,shard_31,review,"candidate work ""백조의 호수"" found but ambiguous among 6 instances",general
ZtLmNzKRo3Y,김형석지휘자(프라임오케스트라) 백조의호수 Swan Lake - Pyotr Ilyich Tchaikovsky,,UCEyvK1uz3gdCya54j5D49FA,hoki Do,2013-05-11T12:06:25Z,188,3.13,False,4960.0,7.0,0.0,https://www.youtube.com/watch?v=ZtLmNzKRo3Y,399,146,PF234442,"국립발레단, 백조의 호수 [구미]",무용(서양/한국무용),구미시문화예술회관 대공연장,2024-03-20,2024-03-21,,,,shard_31,review,"candidate work ""백조의 호수"" found but ambiguous among 6 instances",general
sdmOOhuxDPA,Tchaikovsky Swan Lake Waltz No. 2 NY Laureate Orchestra 백조의 호수 왈츠 2번,"Tchaikovsky Swan Lake Waltz No. 2 
NY Laureate Orchestra 

백조의 호수 왈츠 2번 
뉴욕로리엇오케스트라 지휘 김경수",UCt8n6McL_Av1pnvDYkUxGXg,NYLAUREATEORCHESTRA,2012-06-29T02:02:53Z,492,8.2,False,1357.0,1.0,0.0,https://www.youtube.com/watch?v=sdmOOhuxDPA,58,24,PF234442,"국립발레단, 백조의 호수 [구미]",무용(서양/한국무용),구미시문화예술회관 대공연장,2024-03-20,2024-03-21,,,,shard_31,review,"candidate work ""백조의 호수"" found but ambiguous among 6 instances",general
Q5shVjXTgSE,10 백조의호수 차이코프스키 Pyotr Ilyich Tchaikovsky The Swan Lake Op20 제10회정기연주회 비루투오소20111210,"백조의호수_차이코프스키_Pyotr_Ilyich_Tchaikovsky_The_Swan_Lake_Op20_제10회정기연주회_비루투오소20111210

제10회정기연주회
Virtuoso Philharmonic Orchestra

2011년 12월 10일 토요일 7시 과천시민회관 대극장

백조의호수_차이코프스키_Pyotr_Ilyich_Tchaikovsky_The_Swan_Lake_Op20",UCHiDnHPtdz9FmDJdF4WkWcg,Virtuoso Philharmonic Orchestra,2014-08-04T06:19:37Z,633,10.55,False,1150.0,2.0,0.0,https://www.youtube.com/watch?v=Q5shVjXTgSE,27,38,PF234442,"국립발레단, 백조의 호수 [구미]",무용(서양/한국무용),구미시문화예술회관 대공연장,2024-03-20,2024-03-21,,,,shard_31,review,"candidate work ""백조의 호수"" found but ambiguous among 6 instances",general
6E8H0u7HK8o,백조의 호수 아기 발레 앙바 아나방 알라스콩 앙오 엄마귀에만 들림 주의 짱꾸릉의 혹독한 발레연습,,UCj0ZUgUmVdKOsYeeLJ7YDdw,짱꾸릉TV,2022-11-08T05:04:57Z,61,1.02,False,662.0,14.0,0.0,https://www.youtube.com/watch?v=6E8H0u7HK8o,48,127,PF234442,"국립발레단, 백조의 호수 [구미]",무용(서양/한국무용),구미시문화예술회관 대공연장,2024-03-20,2024-03-21,,,,shard_31,review,"candidate work ""백조의 호수"" found but ambiguous among 6 instances",general
YbPIlVOTL2I,"R.슈트라우스, 살로메 1부 | 슈트라우스 오페라 입문작 | 오페라정주행 39편","0:00 작곡가 리하르트 슈트라우스
3:43 작곡배경
5:48 오스카와일드의 원작
8:37 드레스덴 초연
9:19 여러 언어의 대본
11:51 슈트라우스와 오페라
14:16 ‘살로메’라는 이름
16:47 오페라 스토리의 배경
22:27 전반부 줄거리

유정우쌤 | 음악칼럼니스트
흉부외과 전문의, 클래식 음악 평론가
한국 바그너 협회 회장

일구쌤 | 안일구 
플루티스트, 플루트선생님,  플루트아트센터(FAC) 대표
Email | fluti19@gmail.com
Intragram | @19____an

인터뷰장소
엠디에프커피바 (@mdf_coffeebar)

#유정우쌤 #슈트라우스 #살로메




일구쌤 채널 후원하기
https://www.youtube.com/watch?v=NbiLYACGmpw&t=6s",UCJg0L-xnYoZgEzVvk4i3dCQ,일구쌤 클래식,2022-07-08T14:33:57Z,2303,38.38,False,8169.0,208.0,7.0,https://www.youtube.com/watch?v=YbPIlVOTL2I,42700,908,PF242759,"제21회 대구국제오페라축제, 시칠리아 섬의 저녁기도",서양음악(클래식),대구오페라하우스,2024-10-25,2024-10-26,,,,shard_31,review,"candidate work ""살로메"" found but ambiguous among 5 instances",general
j04BYYDXHz4,부산시립극단  제1기 어린이 뮤지컬 아카데미 공연 ‘피터팬’,"부산시립극단  제1기 어린이 뮤지컬 아카데미 공연 ‘피터팬’
제1기 어린이 뮤지컬 아카데미 어린이 배우 모집 
 ▸ 모집대상 : 부산시 소재 초등학교 3학년 ~ 중학교 2학년
 ▸ 모집인원 : 20명 
 ▸ 참가조건 : 연습일정 및 공연 참가에 성실히 참여 가능한 어린이",UCeySqDu5BowY_RD5sVYIYug,부산시립예술단TV,2019-11-05T10:40:44Z,87,1.45,False,717.0,16.0,2.0,https://www.youtube.com/watch?v=j04BYYDXHz4,2630,551,PF234435,"제9기 포항시립연극단 어린이뮤지컬아카데미 특별공연, 연습학교",뮤지컬,포항문화예술회관 대공연장,2024-02-23,2024-02-25,,,,shard_31,review,"candidate work ""피터팬"" found but ambiguous among 3 instances",general
vkFWCPZ37RM,20190904  정글라이프 ㅋㅓ튼콜,"#뮤지컬 #정글라이프
#박웅 배우님
#김준영배우님
#하미미배우님
#유동훈배우님
#원근영배우님
#김진철배우님
#주다온배우님",UCQzpUrBrXCETzWizg0a9LYA,The JYKM,2019-09-07T18:08:12Z,334,5.57,False,48.0,1.0,0.0,https://www.youtube.com/watch?v=vkFWCPZ37RM,3440,3294,PF225083,헬렌 앤 미 [제주],뮤지컬,제주아트센터 대극장,2023-09-24,2023-09-24,,,,shard_31,review,"candidate work ""정글라이프"" found but ambiguous among 6 instances",general
3CVjDKj29mk,"[부산시립합창단 창단 50주년] 시민과 함께한 하모니, 부산을 넘어 세계로","🎉부산시립합창단 창단 50주년

시민과 함께한 하모니 부산을 넘어 세계로 !
합창으로 시민과 소통한 부산시립합창단🎵
2022년 새로운 반세기를 힘차게 시작합니다.",UCeySqDu5BowY_RD5sVYIYug,부산시립예술단TV,2022-01-20T07:25:01Z,61,1.02,False,341.0,12.0,0.0,https://www.youtube.com/watch?v=3CVjDKj29mk,2630,551,PF266311,제89회 익산시립합창단 정기연주회 [익산],서양음악(클래식),익산예술의전당 대공연장,2025-06-13,2025-06-13,,,,shard_31,review,"candidate work ""하모니"" found but ambiguous among 2 instances",general
8cSWnjRV1PY,"울산 남구 구립합창단 제4회 정기연주회 ""헨델 오라토리오 메시아""","울산 남구 구립합창단 제4회 정기연주회
""헨델 오라토리오 메시아""

2025년 12월 9일 화요일 19시30분 
울산문화예술회관 대공연장

합창 울산 남구 구립합창단
오케스트라 협연  울산 남구 구립교향악단
솔리스트  소프라노 박인경, 카운터테너 윤진태, 테너 조윤환, 바리톤 김대수
피아노 최혜민
지휘 김동욱

G. F. Handel’s Oratorio
MESSIAH
헨델의 오라토리오 메시아

0:00

Part the First

1. Sinfony 3:33

2. Comfort ye (Accompagnato: Tenor) 7:20

3. Ev'ry valley (Song: Tenor) 10:05

4. And the glory of the Lord (Chorus) 13:37

5. Thus saith the Lord (Accompagnato: Bass) 16:56

6. But who may abide (Song: Countertenor) 18:52

7. And he shall purify (Chorus) 23:;25

12. For unto us a child is born (Chorus) 25:52

17. Glory to God (Chorus) 30:15

18. Rejoice greatly (Song: Soprano) 32:40

21. His yoke is easy (Chorus) 37:35

 

Part the Second

23. He was despised (Song: Countertenor) 40:06

24. Surely He hath borne our griefs (Chorus) 44:53

26. All we, like sheep (Chorus) 46:42

29. Thy rebuke hath broken His heart 51:00

(Accompagnato: Tenor)

30. Behold and see (Song: Tenor) 52:30

33. Lift up your heads (Chorus) 53:50

36. Thou art gone up on high (Song: Countertenor) 57:33

38. How beautiful are the feet (Song: Soprano) 1:00:52

40. Why do the nations (Song: Bass) 1:03:14

43. Thou shalt break them (Song: Tenor) 1:06:28

44. Hallelujah (Chorus) 1:08:30

 

Part the Third

45. I know that my Redeemer liveth (Song: Soprano) 1:12:30

46. Since by man came death (Chorus) 1:19:30

48. The trumpet shall sound (Song: Bass) 1:21:32

53. Worthy is the Lamb (Chorus) 1:25:55

54. Amen (Chorus) 1:29:15",UCD4omg1kW7twrKmm5rCOnPw,울산 남구립합창단,2026-01-06T18:12:34Z,5970,99.5,False,544.0,5.0,0.0,https://www.youtube.com/watch?v=8cSWnjRV1PY,49,7,PF260290,울산시립합창단 기획연주회: 소리높여 합창포유 Ⅱ [울산],서양음악(클래식),울산문화예술회관 대공연장,2025-04-17,2025-04-17,,,,shard_31,review,"candidate work ""구구"" found but ambiguous among 2 instances",general
qWgleaftrnM,-꿈꾸는하모니 - 초등학교 합창  #전국소년소녀합창경연대회 결선진출 #연세대 백주년기념관콘서트홀 #합창동아리 #음악교사 #합창지휘자,,UCHOujpM65Fg7WbSaOobRRww,꿈꾸는 하모니,2023-06-12T05:58:41Z,12,0.2,True,49067.0,367.0,,https://www.youtube.com/watch?v=qWgleaftrnM,7500,362,PF260290,울산시립합창단 기획연주회: 소리높여 합창포유 Ⅱ [울산],서양음악(클래식),울산문화예술회관 대공연장,2025-04-17,2025-04-17,,,,shard_31,review,"candidate work ""하모니"" found but ambiguous among 2 instances",shorts
azjgFDLdbZo,[서울남산국악당] 2019 천하제일 젊은 탈춤꾼들의 무도회  [가장무도-숨김과 드러냄] SPOT,"천하제일탈공작소X서울남산국악당
2019 서울남산국악당 우수공연공동기획
올 추석명절을 뒤흔들 멋진 탈춤꾼들이 온다!",UC31MfQSGbY8CzdX6XgC6xAw,남산골한옥마을,2019-08-23T04:26:58Z,35,0.58,True,216.0,4.0,0.0,https://www.youtube.com/watch?v=azjgFDLdbZo,2180,293,PF222350,오셀로와 이아고 [전주],한국음악(국악),한국소리문화의전당 연지홀,2023-09-22,2023-09-22,,,,shard_31,review,"candidate work ""가장무도"" found but ambiguous among 2 instances",shorts
PyxtkTg-kDw,탈춤극 [아가멤논] 입체리뷰 모니터링단 2022년 8월 21일 관람,"2022년 장애예술인 창작활성화 지원사업 연구분야 선정작 
""접근성 모니터링단 활동을 통한 입체적인 리뷰 연구""
공동연구 ‘입체리뷰 모니터링단’ 문영민 박하늘 안정우 이성수 장근영
주최‧주관 박하늘
후원 서울문화재단


2022년 8월 21일 우리는 ‘천하제일탈공작소’의 풍편에 넌즞 들은 [아가멤논]을 관람하였습니다. 이 공연은 대학로극장 쿼드 개관 페스티벌 중 한 작품으로서 탈춤 극입니다.
 
썸네일 이미지 설명: 5명의 배우가 인사하는 커튼콜 사진을 배경으로 “입체리뷰 모니터링단 연구모임 2022년 8월 21일 관람 풍편에 넌즞 들은 [아가멤논]”이라고 쓰여 있다. 아가멤논을 붉을 글씨로 강조하였다.


#입체리뷰 #모니터링단 #접근성 #배리어프리 #연구 #문영민 #박하늘 #안정우 #이성수 #장근영 #천하제일탈공작소 #풍편에넌즞들은 #아가멤논 #서울문화재단 #예술청 #대학로극장쿼드 #서울장애예술창작센터 #잠실창작스튜디오",UCu20ve2bjQxmgaNMzmgrEsw,sky,2022-08-27T19:04:04Z,1631,27.18,False,224.0,8.0,0.0,https://www.youtube.com/watch?v=PyxtkTg-kDw,26,17,PF222350,오셀로와 이아고 [전주],한국음악(국악),한국소리문화의전당 연지홀,2023-09-22,2023-09-22,,,,shard_31,review,"candidate work ""풍편에 넌즞 들은 아가멤논"" found but ambiguous among 2 instances",general
Qm6Bu7dO0HM,제25회 전국어린이연극경연대회 금상 경복초등학교 15소녀 표류기,"제25회 전국어린이연극경연대회 금상(1위) 경복초등학교 15소녀 표류기
연출/작/지도교사 이정수 무대 이지형 연기지도 윤수향
스태프 4학년 : 최서은, 김민서, 소진아, 신정원, 유예서, 유채호, 임태린, 박시연
  출연  5학년 : 도채연, 조채은, 신아현, 최지요, 김민서, 박지현, 신정연, 양승우, 박명진
        6학년 : 김호연, 이연우, 한진우, 김윤지, 조준휘, 김민주, 박서정, 강다경, 김나연, 김서윤, 최재영",UCUQXhIfyVzrB4jLnf6kDE5A,Art Play 모두의 예술놀이TV,2017-04-26T05:02:47Z,2492,41.53,False,32191.0,136.0,70.0,https://www.youtube.com/watch?v=Qm6Bu7dO0HM,1110,140,PF291388,신콩쥐 [포천],서양음악(클래식),포천반월아트홀 대극장,2026-06-13,2026-06-13,,,,shard_32,review,"candidate work ""표류"" found but ambiguous among 2 instances",general
NzIhe979p_M,2016 덕도초등학교 학예회 연극-신놀부전,"2016년 덕도초등학교 학예회 연극 ""신놀부전""입니다. 대본은 어느 초등학교 선생님의 것을 가져와 우리 실정에 맞게 고쳤습니다. 재미있게 봐주세요.",UCfTvPOvkLYtgBPO0xNvHqzA,생활의개그,2016-11-07T04:02:52Z,1034,17.23,False,1484.0,13.0,0.0,https://www.youtube.com/watch?v=NzIhe979p_M,14,20,PF291388,신콩쥐 [포천],서양음악(클래식),포천반월아트홀 대극장,2026-06-13,2026-06-13,,,,shard_32,review,"candidate work ""놀부전"" found but ambiguous among 2 instances",general
lTPW52vldEg,"브람스의 가장 극적인 곡, 브람스 교향곡 제 1번","#classic #클래식 #knn방송교향악단 

지휘 및 예술감독: 오충근 | 연주: KNN방송교향악단 | 협연: 바이올리니스트 양고운, 챌리스트 김민지",UCw08DZoQIOc4RmbO7Y-pPRg,KNN 클래식,2023-06-23T12:00:41Z,321,5.35,False,382.0,3.0,0.0,https://www.youtube.com/watch?v=lTPW52vldEg,9690,245,PF230332,"서울시향 얍 판 츠베덴의 바그너, 발퀴레",서양음악(클래식),예술의전당 [서울] 콘서트홀,2024-02-01,2024-02-01,,,,shard_33,review,"candidate work ""브람스"" found but ambiguous among 2 instances",general
bUvi2efwbAA,7 제38회 평택시청소년오케스트라 정기연주회 오페라의 향연II 2부 협연 & 관현악 브람스 교향곡 1번 4악장 지휘 이예원,"브람스 교향곡 1번 4악장  
Adagio – Piu Andante –Allegro non troppo, ma con brio – Piu Allegro 
브람스 교향곡 4악장은 거대한 소나타 형식이며, 인상적인 선율로 인해 브람스의 전체 교향곡 중에서도 가장 유명한 악장
이다. 베토벤 교향곡 9번 등에서 영향을 받은 듯, 재현부의 경과구를 전개부로 대체한 형태다. 
뿐만 아니라, 거의 5분에 달하는 거대한 서주가 달려 있다. 1악장에도 서주가 있지만 4악장의 서주는 더욱 복잡하고 규모가 크다. 역대 소나타 형식에 붙은 서주 중, 가장 큰 규모라 볼 수 있다. 제시부와 별도로 서주에서도 세 개의 주제가 제시되며, 이 주제들은 주부에서도 중요하게 사용되고 있다.  
무겁고 느린 C단조(Adagio)의 서주가 시작될 때 저음의 현악기들이 연주되면서 팀파니가 역시 저음으로 뒤따른다. 이어서 현의 피치카토가 등장했다가, 다시 저음의 현악기와 팀파니, 그리고 다시 현악기들의 피치카토로 이어진다. 
서주의 중간부에 들어서면 바이올린의 트레몰로를 밀에 깔고 호른이 알프스 호른풍의 환한 노래를 부른다. 매우 인상적인 선율이다. 앞서 연주됐던 어두운 분위기를 단숨에 몰아내는, 환한 햇살의 느낌이 든다. 이 지점부터는 관악기들의 활약이 두드러진다. 트롬본이 단편적인 찬송가(코랄)풍의 선율을 연주하고 부드럽고 서정적인 관악기의 향연이 끝나고 자연스럽게 제시부에 연결된다. 

제시부부터는 빠르지만 지나치지 않게 경쾌한(Allegro non troppo ma con brio) C장조로 바이올린이 저음으로 ‘환희의 송가’주제와 연결되지만 서민적인 제 1주제가 연주되고 이어 플루트와 금관악기의 가세에 이어 찰현아기들을 중심으로 새로운 동기가 합쳐진다. 이어서 온화한 제 2주제는 바이올린으로 제시되어, 점진적으로 고조되어 정점에 이른다. 이어서 오보에가 연약한 대응 주제를 통해서 악상이 고조됨을 막는다. 
전개부에서는 첼로와의 유니슨으로 이어지는 제 1주제로 시작하는데, 목관의 반복은 제시부와 같지 않게 이어지고, 금관의 가세까지는 제시부와 다르지 않으나 마지막 동기가 편곡되어 저음과 고음이 돌아가면서 연주하는 아주 강렬한 악상으로 이어진다.  

재현부는 C단조의 절망적인 느낌을 주는 코데타를 통해서 재현부가 C단조로 끝난다. 정점에 이르면 서주에 제시되었던 트롬
본의 코랄풍의 주제를 튜티로 장대하게 연주하여 클라이막스에 이르게 된다.",UC1Cju216L05iori8QhRU4fA,평택꿈끼락청소년오케스트라 PT KUMKIRAKYOUTH,2021-12-16T14:29:18Z,1105,18.42,False,345.0,11.0,0.0,https://www.youtube.com/watch?v=bUvi2efwbAA,341,296,PF287218,제38회 용인시립청소년오케스트라 정기연주회 [용인],서양음악(클래식),용인포은아트홀,2026-03-22,2026-03-22,,,,shard_33,review,"candidate work ""브람스"" found but ambiguous among 2 instances",general
NHfdMSZxXSs,[부산시립청소년교향악단] 제66회 정기연주회 '판타스틱 Fantastic',"12월 2일, 부산문화회관 대극장에서 부산시립청소년교향악단 제66회 정기연주회 '판타스틱 Fantastic'이 열립니다.
⠀
부산시립청소년교향악단 수석지휘자 이명근이 지휘하고, 편안하고 짜임새있는 감각과 함께 탁월한 명석함으로 음악을 해석하여 관객을 압도하는 바이올리니스트 이서현과 함께합니다.

· 일자 : 2021-12-02(목) 오후 7시 30분
· 장소 : 부산문화회관 대극장
· 예매 : 부산문화회관 홈페이지(www.bscc.or.kr)
· 문의 : 051-607-6000(ARS 1번)",UCeySqDu5BowY_RD5sVYIYug,부산시립예술단TV,2021-11-24T04:43:12Z,29,0.48,True,218.0,5.0,0.0,https://www.youtube.com/watch?v=NHfdMSZxXSs,2630,551,PF232766,제607회 부산시립교향악단 정기연주회,서양음악(클래식),부산문화회관 대극장,2024-01-19,2024-01-19,,,,shard_33,review,"candidate work ""판타스틱"" found but ambiguous among 3 instances",shorts
JzY7aBMZWbw,"브람스 - 교향곡 4번 :: 과천시립교향악단 I 지휘 김예훈 / J.Brahms - Symphony No. 4, Op. 98","#과천시립교향악단 #김예훈 

▶ 과천시립교향악단 해설이 있는 음악회 ""열정과 냉정 사이""

♪ J. 브람스 - 교향곡 4번, Op.98
J. Brahms - Symphony No.4, Op.98

00:16 - 해설
03:24 - 1st mov.                               
16:40 - 2nd mov.
27:50 - 3rd mov.
34:04 - 4th mov.

지휘 l 김예훈
Conductor l Yehun kim

과천시립교향악단
Gwacheon Symphony Orchestra

-
과천시민회관 대극장
2021.12.10",UCDVTsBJ1_6D9pzLiJ-zTsdw,DIRIGENT,2022-04-15T23:26:34Z,2673,44.55,False,95.0,3.0,0.0,https://www.youtube.com/watch?v=JzY7aBMZWbw,128,38,PF242484,"과천시립교향악단 콘서트시리즈 4, 고전에 대하여",서양음악(클래식),과천시민회관 대극장,2024-07-11,2024-07-11,,,,shard_33,review,"candidate work ""브람스"" found but ambiguous among 2 instances",general
nnP7IXSrilM,제37회 충남대학교 합창단 정기연주회 - 사계 (하모니카),충남대학교 합창단 아카펠라팀 하모니카 '사계' 공연,UCb1mW1EcOeS4YxIoL2ENd8g,Dottedline90,2014-12-23T06:35:24Z,172,2.87,False,944.0,5.0,0.0,https://www.youtube.com/watch?v=nnP7IXSrilM,73,59,PF251828,"제13회 부평구립소년소녀합창단 정기연주회, Vivaldi and Love",서양음악(클래식),부평아트센터 해누리극장,2024-11-09,2024-11-09,,,,shard_33,review,"candidate work ""하모니"" found but ambiguous among 2 instances",general
4cPmFkLKz1Y,6시 내고향-얼쑤~ 판소리를 사랑한 남자 - 전북 남원.20180806,6시 내고향-얼쑤~ 판소리를 사랑한 남자 - 전북 남원.20180806,UCHlSeJxRIXZWMARC2oMwmcQ,KBS 교양,2018-08-06T09:56:09Z,267,4.45,False,118.0,1.0,0.0,https://www.youtube.com/watch?v=4cPmFkLKz1Y,1810000,79171,PF230520,완창판소리 (6월),한국음악(국악),국립극장 하늘극장,2024-06-15,2024-06-15,,,,shard_33,review,"candidate work ""얼쑤"" found but ambiguous among 5 instances",general
gJLh6SVkhT4,"[주요 뉴스] KBS뉴스광장 경남 - 교향악, 국악, 합창 등 경남도민예술단 지정 (2015.02.19,목)","교향악과 국악, 합창 등
4개 분야에서 경남도민예술단이 지정돼 
문화 소외지역을 찾아 공연합니다.
경상남도는 
도내에서 활동 중인 공연 예술단을
심사 선정해 도민예술단으로 지정하고 
한 회 공연에 천만 원에서 4천만 원씩 지원해 
전 시군을 돌며 순회 공연을 할 계획입니다.
4개 예술단에는 교향악과 국악, 합창단 외에 
뮤지컬과 연극 등의 분야에서 
한 개를 추가할 예정이며
3월 초까지 공연 단체의 신청을 받습니다.
경상남도는 도민 예술단이 
지역 문화 예술을 육성하는 효과도
날 것으로 보고 있습니다.

#KBS창원 #KBS뉴스경남 #경남도민예술단

☞ KBS창원 뉴스 홈페이지 바로가기
http://changwon.kbs.co.kr/news

☞ KBS 창원 1TV 실시간(On-air) 방송 시청하기
http://kapi.kbs.co.kr/L/11_20

☞ KBS 창원 1TV VOD 조회하기 ""유튜브-KBS창원""
http://www.youtube.com/kbscwstation",UCUsCKdK1HlmBfAjaftDcEJw,KBS창원,2015-02-19T11:33:56Z,21,0.35,True,66.0,0.0,0.0,https://www.youtube.com/watch?v=gJLh6SVkhT4,675000,11811,PF282027,국립심포니오케스트라와 함께하는 신년음악회 [안동],서양음악(클래식),안동문화예술의전당 웅부홀,2026-01-31,2026-01-31,,,,shard_34,review,"candidate work ""지정"" found but ambiguous among 3 instances",shorts
qH_kmo8T3zo,울산남구지부뮤즈팬플룻오케스트라   홀로아리랑 2019 정기연주회아름다운 하모니 콘서트,,UCUbAa_6yF2ZPa2iieKmPgVw,nobleocarina,2020-05-22T01:00:37Z,288,4.8,False,36.0,2.0,0.0,https://www.youtube.com/watch?v=qH_kmo8T3zo,1790,3013,PF282027,국립심포니오케스트라와 함께하는 신년음악회 [안동],서양음악(클래식),안동문화예술의전당 웅부홀,2026-01-31,2026-01-31,,,,shard_34,review,"candidate work ""하모니"" found but ambiguous among 2 instances",general
vudOyGWwOlw,국립국악원 토요명품공연 [2019.08.10.],"07. 한량무(임이조류)
 ○ 무용/김진우, 태평소/이재혁, 사물/이홍구·오영환·박은하·이대원


○ 해당공연 및 다양한 자료를 보시려면 https://archive.gugak.go.kr/portal/main 로 이동하십시요.
○ 주최 및 촬영/국립국악원[National Gugak Center]",UCmN4xFSlmWw-_d2riM-ep0A,국립국악원 National Gugak Center,2019-10-25T05:09:22Z,549,9.15,False,2728.0,38.0,1.0,https://www.youtube.com/watch?v=vudOyGWwOlw,72700,3576,PF286057,"K-국악스테이지, 경기도당굿보존회 X 국립민속국악원 기악단: 선율에 오른 굿 [남원]",한국음악(국악),국립민속국악원 예원당,2026-03-14,2026-06-27,,,,shard_34,review,"candidate work ""토요명품"" found but ambiguous among 2 instances",general
Hh1WpOB6wkQ,국립국악원 토요명품공연[2016.06.11.] 06. 농악 판굿 '웃다리농악',"06. 농악 판굿 '웃다리농악'
판굿은 판을 벌여놓고 농악을 연주하는 이른바 ‘판놀음’을 지칭한다. 20세기 이후 풍물굿이 마을 공동체 단위를 벗어나 전문적인 예인들에 의해 재편되었고, 특히 전국 규모의 대회ㆍ행사에 맞춘 형태로 재구성되면서, 제의와 상징으로서의 성격보다는 놀이적 연희형태의 판굿으로 강화되었다. 
풍물굿의 지역적 특성이 전승되고 있기 때문에, 오늘날 판굿은 구성을 어떻게 하느냐에 따라 다양한 형태의 양식을 갖출 수 있다. 풍물(농악)은 2014년 11월 27일, 유네스코 인류무형문화유산으로 등재되었다.

 ○ 꽹과리/이홍구·오영환, 태평소/장수호, 징/박은하·박상인, 장구/남기문·김수용, 북/최병삼·백진석
 ○ 상모/이대원·강병혁·임용남·유지형·이동주(객원)·조만희(객원)·김희수(객원)·나현철(객원)

○  주최 및 촬영/국립국악원[National Gugak Center]",UCmN4xFSlmWw-_d2riM-ep0A,국립국악원 National Gugak Center,2016-06-16T00:52:11Z,1073,17.88,False,348355.0,2624.0,189.0,https://www.youtube.com/watch?v=Hh1WpOB6wkQ,72700,3576,PF286057,"K-국악스테이지, 경기도당굿보존회 X 국립민속국악원 기악단: 선율에 오른 굿 [남원]",한국음악(국악),국립민속국악원 예원당,2026-03-14,2026-06-27,,,,shard_34,review,"candidate work ""토요명품"" found but ambiguous among 2 instances",general
CReMJrP7cGk,강나연 발레 백조의호수,발레콩쿨 15년 3월 29일 양산문화회관 백조의호수,UCIqR47AfQ9WutswMEgnvmJg,나연,2015-03-29T07:34:38Z,142,2.37,False,789.0,7.0,2.0,https://www.youtube.com/watch?v=CReMJrP7cGk,26,4,PF244225,잠자는 숲속의 미녀 [양산],무용(서양/한국무용),양산문화예술회관 대공연장,2024-07-27,2024-07-27,,,,shard_35,review,"candidate work ""백조의 호수"" found but ambiguous among 6 instances",general
2tLiG-ZRD_c,국립국악원 토요명품공연[2015.07.18.] 05. 포구락(Pogurak),"05. 포구락
포구락은 공 던지기 놀이를 형상화한 궁중춤으로 고려 문종 27년(1073) 팔관회에서 처음 추어진 후 현재 전승되고 있는 작품이다. 12명 혹은 16명의 무용수들이 포구문을 중심으로 두 편으로 나뉘어 춤을 추다가 포구문 위에 뚫린 구멍(풍류안)에 던져 넣는 것을 겨루는 게임 형식의 춤이다. 공을 풍류안으로 넣은 사람에게는 봉화(奉花)가 꽃을 주고, 풍류안에 넣지 못한 사람에게는 봉필(奉筆)이 얼굴에 먹점을 찍는다. 

05. Pogurak
A court dance that enacts throwing of balls, this has been passed down ever since it was performed at Palgwanhoe in the 27th year of Goryeo’s King Munjong (1073, CE). Dancers of a number between 12 and 16 split into two teams who compete to throw a ball into a hole in the middle. The person who scores a goal receives a flower, but those who do not have their face tainted with a spot. It is accompanied by pieces like Hyangdang Gyoju, Samhyeon 
Dodeuri, Yeombul Dodeuri, Jajin Dodeuri, and Taryeong.

○ 죽간자 : 박지애·이하경, 봉화 : 이정미, 봉필 : 최형선, 협무 : 김영애· 이지은·백미진·이주리·이미영·권문숙
○ 집박 : 조인환
○ 피리 : 고우석·민지홍,  대금 : 문응관·김휘곤, 해금 : 류은정·김용선, 장구 : 조성욱(준단원) , 좌고 : 김창곤

○  주최 및 촬영/국립국악원[National Gugak Center]",UCmN4xFSlmWw-_d2riM-ep0A,국립국악원 National Gugak Center,2015-07-27T00:39:04Z,474,7.9,False,666.0,3.0,0.0,https://www.youtube.com/watch?v=2tLiG-ZRD_c,72700,3576,PF249737,"국립국악원 무용단, 고려가무",무용(서양/한국무용),국립국악원 우면당,2024-10-16,2024-10-17,,,,shard_35,review,"candidate work ""토요명품"" found but ambiguous among 2 instances",general
rvyCIBL1JIU,국립국악원 토요명품공연[2015.11.28.],"01. 산조합주 (0:06)
산조합주는 본디 독주곡양식인 산조를 합주형태로 바꾸어 무대예술화 한 것을 지칭하는 말이다. 산조는 각 악기별, 유파별로 다양하게 전승되므로, 합주를 할 때는 특정 악기나 특정 유파 산조의 선율을 중심으로 짜여서, 모든 악기들이 각자 자신의 산조 선율이 아니라 그 짜인 선율을 함께 연주하게 된다. 
○  피리/황광엽·이호진, 대금/문재덕·김충환, 해금/김선구·김지희, 가야금/박준호·문경아, 거문고/이선화·이재하, 아쟁/윤서경·배런 
○  장구/강형수

02. 수룡음4중주 (15:17)
전통 가곡의 반주음악을 노래 없이 기악곡으로 연주하는 형태를 자진한잎이라 부른다. 원래 수룡음이라는 음악은 고려시대 송나라에서 수입되어 조선시대까지 궁중음악으로 사용된 당악곡의 명칭이며, 지금은 전승이 단절된 음악이다. 오늘날은 가곡의 여러 곡목 중에서 평롱, 계락, 편수대엽을 기악으로 연주할 때 이를 수룡음이라 부른다.
○ 생황/이종무, 단소/이종범, 양금/조유회, 아쟁/김인애

03. 경기민요 '한오백년, 강원도아리랑, 뱃노래, 잦은뱃노래' (23:58)
서울과 경기지역을 중심으로 전승된 민요를 말한다. 창부타령, 노랫가락, 한강수타령 등은 서울 지방을 중심으로 발달한 노래들이며, 예전에는 서울지역에서 전문 음악가들에 의해 발달한 노래라는 의미로 경성 속요로 지칭되었다. 5개의 구성음이 비교적 고루 사용되며, 급격한 형태의 시김새가 두드러지지 않아서 선율진행이 부드럽다.
○ 노래/조경희·이금미·강효주·채수현, 피리/이호진, 대금/원완철, 해금/김선구, 가야금/박준호, 아쟁/배런, 장구/강형수

04. 다스름과 태평가 (35:10)
태평가는 전통 가곡의 악곡 중에서 가장 나중에 부르는 음악으로, 흔히 남창과 여창이 함께 노래한다. “이려도 태평성대 저려도 태평성대 / 요지일월(堯之日月)이요 순지건곤(舜之乾坤)이로다 / 우리도 태평성대니 놀고 놀려 하노라.” 이 중에서 첫 구절 “이려도”는 노래를 하지 않고 거문고 독주로 대체되며, 노래는 “태평성대”부터 부른다.
○ 남창/홍창남, 여창/박진희(준), 거문고/김치자·김미숙·채은선·이방실, 대금/최성호, 해금/윤문숙, 장구/박거현
  
05. 포구락 (46:01)
포구락은 공 던지기 놀이를 형상화한 궁중춤으로 고려 문종 27년(1073) 팔관회에서 처음 추어진 후 현재 전승되고 있는 작품이다. 12명 혹은 16명의 무용수들이 포구문을 중심으로 두 편으로 나뉘어 춤을 추다가 포구문 위에 뚫린 구멍(풍류안)에 던져 넣는 것을 겨루는 게임 형식의 춤이다. 반주음악으로 향당교주, 삼현도드리, 염불도드리, 자진도드리, 타령 등을 연주한다.
○ 지도/최경자, 죽간자/박지애·이하경, 봉화/최형선, 봉필/이정미, 협무/윤은주·김영애·이지은·이미영·권문숙·임동연
○ 집박/이정규, 피리/홍현우·김성준, 대금/박장원·이결, 해금/황애자·전은혜, 장구/홍석복, 좌고/안성일

06. 다섯 악기를 위한 저녁노래Ⅴ(이건용 작곡) (55:06)
이 시대의 대표적인 작곡가 중 한 사람인 이건용은 원래 서양음악을 전공했으며, 40여 년간 다양한 형태의 국악곡을 만들어 왔다. 1997년부터 ‘저녁노래’ 라는 제목으로 기악곡들을 발표해 왔는데, 그의 ‘저녁노래’시리즈는 '저녁노래 Ⅰ'부터 '저녁노래 Ⅶ'에 이르기까지 시대적 화두나 거대담론 속의 실천보다는 일상의 섬세함과 욕망의 세밀화를 구현하고자 한 음악이다.
○ 가야금/임은정, 대금/이명훈, 피리/손정민(준), 해금/조혜령, 대아쟁/이화연

07. 동래학춤 (1:05:51)
동래학춤은 부산 동래지역에서 전승되는, 학의 동작을 표현한 춤이다. 동래야류에서 연행되던 춤사위가 독립한 것이며, 동래 덧배기춤의 한 분파이다. 주된 춤사위는 학이 날개를 너울거리며 가볍게 뛰어다니는 사위, 날개를 폈다가 오므리는 사위, 땅에 서서 상하 좌우를 바라보는 시늉을 하는 사위 등 학의 다양한 자세와 동작을 형상화한다. 반주는 사물악기(징, 꽹과리, 북, 장구)가 중심이 되며, 장단은 굿거리장단이 사용된다. 동래학춤은 1972년 9월 19일에 부산광역시 지정 무형문화재 제3호로 지정되었다.
○ 지도/윤재호, 무용/김태훈·박성호·박상주·김서량·김진우(준)
○ 구음/유미리·조준희(준), 꽹과리/박상인, 징/유지형, 장구/강형수, 북/임용남

○  주최 및 촬영/국립국악원[National Gugak Center]",UCmN4xFSlmWw-_d2riM-ep0A,국립국악원 National Gugak Center,2015-11-30T09:07:32Z,4548,75.8,False,1247.0,5.0,0.0,https://www.youtube.com/watch?v=rvyCIBL1JIU,72700,3576,PF249737,"국립국악원 무용단, 고려가무",무용(서양/한국무용),국립국악원 우면당,2024-10-16,2024-10-17,,,,shard_35,review,"candidate work ""토요명품"" found but ambiguous among 2 instances",general
ClOiQle430E,국립국악원 토요명품공연[2016.06.04.] 03. 포구락,"03. 포구락
포구락은 공 던지기 놀이를 형상화한 궁중무용으로 고려 문종 27년(1073) 팔관회에서 처음 추어진 후 현재 전승되고 있는 작품이다. 12명 혹은 16명의 무용수들이 포구문을 중심으로 두 편으로 나뉘어 춤을 추다가 포구문 위에 뚫린 구멍(풍류안)에 공을 던져 넣는 것을 겨루는 놀이 형식의 춤으로 이번 공연에는 6명이 춤을 춘다. 
공을 풍류안으로 넣은 사람에게는 봉화(奉花)가 상의 의미로 꽃을 주고, 풍류안에 넣지 못한 사람에게는 봉필(奉筆)이 벌의 의미로 얼굴에 먹점을 찍는다. 포구락은 경기를 관전하는 듯한 재미와 함께 상벌로 인한 긴장감을 주는 놀이춤이다.
 ○ 지도/최경자
 ○ 죽간자/임동연·이혜경, 봉화필/김영애·이주희, 협무/김혜자·백진희·이명희·이지연·김태은·이정미
 ○ 집박/노붕래, 피리/김철·김성준, 대금/김승엽·박장원, 해금/고수영·공경진, 장구/박거현, 좌고/홍석복

○  주최 및 촬영/국립국악원[National Gugak Center]",UCmN4xFSlmWw-_d2riM-ep0A,국립국악원 National Gugak Center,2016-06-09T05:50:03Z,472,7.87,False,3070.0,16.0,1.0,https://www.youtube.com/watch?v=ClOiQle430E,72700,3576,PF249737,"국립국악원 무용단, 고려가무",무용(서양/한국무용),국립국악원 우면당,2024-10-16,2024-10-17,,,,shard_35,review,"candidate work ""토요명품"" found but ambiguous among 2 instances",general
o_EtE3QqbF0,국립국악원 토요명품공연[2016.05.21],"01. 경기잡가 '제비가' (3:34)
경기잡가는 경기지역을 중심으로 직업예능인들에게 전승되어 온 노래를 말한다. 서서 노래하는 경기산타령과 앉아서 부르는 12잡가, 그 밖에 휘모리잡가, 집장가 등으로 구분한다. 
 ○ 소리/이금미·강효주

02. 가인전목단 (11:56)
‘아름다운 사람이 모란꽃을 꺾는다’라는 뜻을 가진 춤으로 꽃 중의 왕이요, 부귀를 상징하는 모란의 아름다움을 즐기는 모습을 표현한 작품이다. 조선 순조 1828년에 효명세자가 만들었다. 
 ○ 지도/장민하, 무용/조은주·박경순·권문숙·박지애·백미진·임동연·이하경·이혜경
 ○ 집박/이정규, 피리/김성준·김인기, 대금/김영헌·이오훈, 해금/전은혜·공경진, 장고/안성일, 좌고/홍창남

03. 현악 도드리 (21:50)
도드리란 ‘되돌아든다(還入)’는 뜻으로, 고려시대부터 전승되는 궁중음악인 보허자 중에서 반복되는 선율을 일부 변화시켜 만들었기 때문에 붙은 이름이다. 수연장지곡이라고도 하는데, 이것을 한 옥타브 높게 변주한 송구여지곡이 나오면서 송구여지곡은 웃도드리, 수연장지곡은 밑도드리라고도 한다. 
 ○ 가야금/장경원, 거문고/김치자, 양금/정지영

04. 살풀이 (29:18)
살풀이란 나쁜 기운·악귀·살을 푼다는 뜻으로 무속에서 유래한 춤이다. 무속음악인 살풀이 곡에 맞추어 추지만 춤 자체는 추상적인 내용으로 종교적인 의미를 지니지 않는다. 
흰색의 긴 명주 수건을 들어 맺거나 푸는 과정을 통하여 우주와 교감하는 듯, 삶의 희로애락을 형상화한다. 20세기 초 직업적인 예능인에 의해 하나의 공연종목으로 추어지면서 무대예술로 다듬어졌다. 
 ○ 살풀이춤/김진정
 ○ 피리/황광엽, 대금/문재덕, 해금/김지희, 가야금/문경아, 거문고/한민택, 아쟁/윤서경, 장고/조용복, 징/이재하

05. 영산회상 '하현·염불·타령' (40:30)
영산회상은 상령산, 중령산, 세령산, 가락덜이, 상현도드리, 하현도드리, 염불도드리, 타령, 군악의 9곡으로 구성되어 있고, 선비들의 풍류방에서 주로 연주했다. 세악은 각 악기를 단잽이로 편성하고 음량이 적은 세피리를 사용하며 장구는 변죽을 연주하여 섬세함을 더하고 경우에 따라 맑은 고음의 양금을 편성하기도 한다. 오늘은 보통빠르기의 하현도드리부터 염불도드리를 거쳐 경쾌한 타령까지 연주한다.
 ○ 피리/고우석, 대금/김영헌, 해금/한갑수, 가야금/강효진, 거문고/윤성혜, 단소/이오훈, 양금/조유회, 장구/안성일

06. 사물놀이 (51:45)
1978년 태동 이후 이미 1980년대 초반부터 해외에서 극찬을 받기 시작해서 오늘날은 국내뿐만 아니라 해외에서도 대한민국의 대표적인 음악으로 인식되고 있으며, 한국 전통음악의 독특한 리듬 체계를 느낄 수 있다. 
처음에는 김덕수, 김용배, 이광수, 최종실로 구성된 단체를 지칭하는 고유명사처럼 사용되었지만, 사물놀이가 인기를 끌고 여러 단체들이 만들어지자 사물놀이라는 무대공연양식을 지칭하는 말이 되었다. 국립국악원 사물놀이 팀은 1984년 만들어졌다.
 ○ 꽹과리/이홍구, 징짝쇠/박은하, 장구/남기문, 징/권오성

07. 해금협주곡 '윤회'
* 해당 공연은 작곡가의 요청으로 공개하지 않습니다.
  더 나은 서비스 품질을 위해 노력하겠습니다. 감사합니다.

08. 국악관현악 '남도아리랑' (1:05:55)
 ○ 작곡/백대웅, 객원지휘/원영석(이화여자대학교 교수), 해금협연/김준희(창작악단원)
 ○ 대금/김정수·류근화·이창우·주민경·이명훈·이필기·김용수, 피리/임규수·이승헌·황세원·안은경·김보미·박계전
 ○ 해금/사주현·안경희·이소라·김진·안혜진·유선경(객원), 가야금/이지혜·서은영·임은정·최보라·이주인·이지언, 거문고/박영승·김은수·이선희·김준영·서정곤·주은혜, 아쟁/이화연·윤나금·배문경·김참다운
 ○ 타악/서수복·안혜령·최윤정·양재춘·황영남·김태정, 양금/전명선, 소금/임준형

○  주최 및 촬영/국립국악원[National Gugak Center]",UCmN4xFSlmWw-_d2riM-ep0A,국립국악원 National Gugak Center,2016-07-14T06:07:01Z,4555,75.92,False,1398.0,15.0,0.0,https://www.youtube.com/watch?v=o_EtE3QqbF0,72700,3576,PF249737,"국립국악원 무용단, 고려가무",무용(서양/한국무용),국립국악원 우면당,2024-10-16,2024-10-17,,,,shard_35,review,"candidate work ""토요명품"" found but ambiguous among 2 instances",general
EzXTRWHVEJM,국립국악원 토요명품공연 [2015.03.21.],"01. 보허자 (00:00:56~00:09:37)
고려시대에 중국의 송나라로부터 수입되었으며 조선시대를 거치며 궁중음악으로 사용되면서 우리의 전통음악으로 정착한 음악이다. 
오늘날 전승되는 보허자는 관악합주로 연주되는 곡과 현악기로 연주되는곡이 있는데, 관악합주로 연주되는 곡은 궁중에서 주로 정재반주로 사용되었다. 흔히 보허자는 20박 한 장단의 조금 느린 관악합주로 연주되며, 현악기로 연주되는 곡은 보허사라는 명칭을 사용한다.
 ○ 집박/황규상, 피리/양명석·김성준·이종무·김인기, 대금/이상원·노붕래·이승엽·이종범, 소금/김백만(준단원), 해금/윤문숙·공경진·김용선·한갑수, 아쟁/김창곤, 창사/이정규·문현·김병오·홍창남·이준아·조일하·박진희(준단원)·조유회, 편종/이종길, 편경/조인환, 좌고/조성욱(준단원), 장구/박거현

02. 대금산조 (00:10:47~00:22:41)
산조는 기악독주곡 형식을 갖춘 음악으로 장구나 북 등 장단반주와 함께 연주된다. 
산조는 초기에 즉흥성을 띤 가락들로 연주되기 시작하였으나, 느린데서 빠른데로 옮겨가는 ‘장단 틀’의 형성과 더불어 다양한 조(調)를 갖추어 정형화되면서 산조명인의 음악성이 극대화된다. 
 ○  대금/원완철, 장구/정준호

03. 공막무 (00:24:11~00:32:48)
공막무는 조선후기 검무(劍舞) 계통의 궁중정재이다. 궁궐의 연회는 외연과 내연이 있는데, 외연은 잔치의 주인공이 임금일 경우이고 내연은 주인공이 대왕대비나 왕비일 경우이다. 공막무는 내연에서 연행되던 정재였다. 무사를 상징하는 전립(모자)을 쓰고, 전복(검은 색 괘자)을 입으며, 여러 대형을 만들어 가며 춤을 추는데, 제비처럼 날렵하게 허리를 앞뒤로 숙였다 젖히며 빙빙 도는 ‘연풍대’ 동작이 일품이다.
 ○ 재구성안무/하유미, 악사/최나리(준단원)·권덕연(준단원), 무용/정현도·김서량, 집박/황규상, 피리/김성준·이종무, 대금/이승엽·이종범, 해금/공경진·한갑수, 장구/박거현, 좌고/조성욱(준단원)

04. 남도굿거리 (00:34:59~00:42:32)
국립국악원 전승 영산회상을 제외한 대부분 향제줄풍류에서는 뒷풍류의 맨 끝 곡으로 굿거리가 포함된다. 이 굿거리를 독립시켜 연주할 때 남도굿거리라고 부르는데, 19세기의 여러 악보들에서도 굿거리는 발견되는 것으로 보아 뒷풍류에 굿거리가 포함된 것은 보편적인 현상으로 보인다. 
 ○ 피리/황광엽·장수호(준단원), 대금/문재덕·김충환, 해금/김선구·김지희, 가야금/박준호·문경아, 거문고/한민택·이선화, 아쟁/김영길·배런, 장구/정준호

05. 영상회상(상령산) (00:43:56~00:59:22)
영산회상의 역사는 조선전기부터 확인되며, 민간의 기악곡으로 본격적으로 발전하기 시작한 것은 17세기 중반부터이다. 오늘날에는 현악영산회상, 관악영산회상, 평조회상의 3가지로 전승되고 있다. 
 ○ 피리/김성진, 대금/김영헌, 해금/고수영, 단소/김휘곤, 가야금/채성희, 거문고/채은선, 양금/고보석, 장구/홍석복

06. 접동새 (01:01:14~01:10:56)
김소월 시인의 접동새 시상을 가지고 만든 작품으로, 2성부로 나뉜 해금과 2대의 아쟁(소아쟁, 대아쟁)으로 접동새의 시적 이미지를 형상화한 곡이다. 
평안도 민요 특유의 음계를 변용하여 대위적으로 엮었고, 곡의 전 후반에 다소 복잡한 리듬으로 시상을 좀 더 적극적으로 표현하고자 했다.
 ○ 작곡/계성원, 출연/국립국악원 창작악단(해금1/안경희, 해금2/김진, 소아쟁/이화연, 대아쟁/최혜림(준단원)

07. 설장구춤 (01:12:05~01:21:39)
국립국악원의 ‘설장구춤’은 국립국악원 연희부의 박은하에 의해 군무로 짜여진 작품이다.
휘모리-오방진(동살풀이)-굿거리삼채(자진모리)-휘모리장단에 맞추어 독무와 군무가 대비되도록 구성 되었으며, 이 속에서 장단의 긴장과 이완이 잘 드러난다.
 ○ 무용/이지연·김태은·이정미·유재연·최성희·이지은·권문숙·박경순·이하경, 태평소/장수호(준단원), 장구/유지형, 꽹과리/박은하, 징/강병혁, 북/이명모(준단원)

○  주최 및 촬영/국립국악원[National Gugak Center",UCmN4xFSlmWw-_d2riM-ep0A,국립국악원 National Gugak Center,2015-03-27T08:52:23Z,4939,82.32,False,2362.0,7.0,0.0,https://www.youtube.com/watch?v=EzXTRWHVEJM,72700,3576,PF249737,"국립국악원 무용단, 고려가무",무용(서양/한국무용),국립국악원 우면당,2024-10-16,2024-10-17,,,,shard_35,review,"candidate work ""토요명품"" found but ambiguous among 2 instances",general
DM042akejcA,국립국악원 토요명품공연[2016.12.24.],"01. 보허자 (0:02)
고려시대에 중국의 송나라로부터 수입되었으며 조선시대를 거치며 궁중음악으로 사용되면서 우리의 전통음악으로 정착한 음악이다. 오늘날 전승되는 보허자는 관악합주로 연주되는 곡과 현악기로 연주되는 곡이 있는데, 관악합주로 연주되는 곡은 ‘천문해일선홍(天門海日先紅)’으로 시작되는 노래를 남·녀창과 함께 연주되며 궁중에서 주로 정재반주로 사용되었다. 
현악기로 연주되는 곡은 민간의 방중악(실내악)으로 발달한 음악이며, 18세기 이후 도드리를 비롯한 여러 파생곡을 생성시킨 음악이다. 흔히 보허자는 20박 한 장단의 조금 느린 관악합주로 연주되며, 현악기로 연주되는 곡은 보허사라는 명칭을 사용한다.
 ○ 집박/양명석, 창사/이정규·문현·김병오·홍창남·이준아·조일하
 ○ 피리/이영·이건회·김성진·윤형욱·김성준, 대금/채조병·노붕래·김상준·최성호·이승엽, 소금/이오훈
 ○ 해금/김기동·황애자·윤문숙·고수영·김용선, 아쟁/김인애, 편종/윤성혜, 편경/조인환, 장구/박거현, 좌고/홍석복

02. 서도잡가 '초한가' (8:52)
서도잡가는 황해도와 평안도의 직업 예능인들에게 전승되어 온 전문가들의 노래를 가리킨다. 서서 노래하는 서도산타령 외에 앉아서 노래하는 제전, 초한가, 공명가, 추풍감별곡 그리고 시창과 송서로 구분된다. 좁은 의미로는 좌창만을 지칭할 때도 있다. 노랫말은 길지만 음악적으로는 복잡하지 않은데, 맨 마지막은 대개 수심가의 선율로 마무리하곤 한다. 서도산타령은 경기 산타령과 음악적 영향 관계가 있고, 제전, 초헌가 등은 서사적인 사설내용이 불규칙한 박자구조로 노래 불린다. 시창은 한문가사를 느리게 노래하며, 송서는 글 읽는 스타일로 노래하는 것을 말한다.
 ○ 소리/유지숙·김민경·장효선

03. 무고 (18:43)
이 춤의 유래는 고려 때 문신 이혼이 경상북도 영해(現:영덕) 지방으로 귀양 갔을 때 바다에 떠 있는 뗏목을 건져 북을 만들었는데, 그 소리가 굉장히 크고 웅장해서 북을 치며 춤을 춘데서 비롯되었다고 전한다. 
대개 8명이 춤을 추는데 원무(元舞)인 네 명은 북채를 들고 북을 두드리거나 어루고, 나머지 네 명은 협무(挾舞)라고 하는데 주변을 돌며 춤을 춘다. 그 춤의 변화하는 모양이 마치 두 마리의 용이 용맹스럽게 여의주를 다루고, 두 마리의 나비가 꽃을 감도는 것 같다고 하여 당시 가장 기묘한 것이라 하였다. 춤의 내용을 노래로 알리는 창사(唱詞)는 주로 한문시를 노래한다.
 ○ 지도/장민하, 원무/이지연·이명희·김태은·김영신, 협무/김혜영·김진정·이정미·유재연
 ○ 집박/양명석, 피리/윤형욱·김성준, 대금/박장원·이승엽, 해금/고수영·김용선, 장구/박거현, 좌고/김병오

04. 세악합주 영산회상 '하현·타령' (26:45)
영산회상은 상령산, 중령산, 세령산, 가락덜이, 상현도드리, 하현도드리, 염불도드리, 타령, 군악의 9곡으로 구성되어 있고, 선비들의 풍류방에서 주로 연주했다. 세악은 각 악기를 단잽이로 편성하고 음량이 적은 세피리를 사용하며 장구는 변죽을 연주하여 섬세함을 더하고 경우에 따라 맑은 고음의 양금을 편성하기도 한다. 오늘은 조금 느리고 낮은 하현도드리에서 시작하여 점점 빨라지고 고음으로 연주되는 타령을 이어서 연주한다.
 ○ 피리/홍현우, 대금/박장원, 단소/이결, 해금/사현욱, 가야금/이종길, 거문고/고보석, 양금/김형섭, 장구/홍석복

05. 사랑가춤 (33:55)
판소리 춘향가 중 사랑가 대목을 가야금병창으로 반주하는 무용으로 그린 작품이다. 사랑가 대목은 춘향가 전체를 통틀어 가장 화평하고 부드러운 대목이고, 단오날 광한루에서 처음 만난 후 이별 전까지 서로의 사랑을 나누는 내용이 평화롭고 사랑스럽게 그려져 있다. 사랑가춤도 남녀의 두 무용수를 통하여 부드러우면서도 화평한 2인무로 구성하여 형상화하였다.
 ○ 무용/백미진·김서량, 병창/위희경, 대금/원완철, 거문고/이재하, 아쟁/윤서경, 장고/조용복

06. 사물놀이 (41:44)
사물놀이는 꽹과리, 징, 장구, 북의 네 개 타악기로 연주하는 타악합주로서 풍물굿의 무대화 성공작이라고 할 수 있다. 1978년 태동 이후 이미 1980년대 초반부터 해외에서 극찬을 받기 시작해서 오늘날은 국내뿐만 아니라 해외에서도 대한민국의 대표적인 음악으로 인식되고 있으며, 한국 전통음악의 독특한 리듬 체계를 느낄 수 있다. 처음에는 김덕수, 김용배, 이광수, 최종실로 구성된 단체를 지칭하는 고유명사처럼 사용되었지만, 사물놀이가 인기를 끌고 여러 단체들이 만들어지자 사물놀이라는 무대공연양식을 지칭하는 말이 되었다. 국립국악원 사물놀이 팀은 1984년 만들어졌다.
 ○ 꽹과리/이홍구, 징/박은하, 장구/남기문, 북/이대원

07. Happy Walk·We wish you a merry christmas (55:44)
Happy Walk은 작곡가의 어린 시절 도화지에 온 가족이 소풍가는 모습을 그리던 추억을 떠올리며 만든 작품이다. 모든 사람들이 행복하게 걸어 나가길 바라는 마음이 투영된 따뜻한 감성을 느낄 수 있는 곡이다.
2015년 국립국악원 생활음악시리즈 음반으로 발매된 ‘국악으로 듣는 크리스마스 캐럴’에 수록된 작품이다. 우리에게 익숙한 크리스마스 캐럴 중 하나인 ‘We wish you a merry christmas’를 국악관현악으로 재구성한 작품으로, 국악관현악을 통해 색다른 느낌의 크리스마스 캐럴을 만날 수 있을 것이다.
 ○ 지휘/박치완, 소금/임준형, 대금/류근화·이창우·주민경·이명훈·이필기·김용수, 피리/임규수·이승헌·황세원·진윤경·김보미·박계전
 ○ 해금/사주현·안경희·김준희·이소라·김진·안혜진, 가야금/서은영·박세연·임은정·최보라·이주인·이지언, 거문고/박영승·김은수·이선희·김준영·서정곤·주은혜, 아쟁/이화연·윤나금·배문경·김참다운·최혜림(객원)
 ○ 타악/서수복·안혜령·최윤정·양재춘, 양금/전명선, 신디/김기범

○ 시간을 클릭하면 해당구간으로 이동하며, 다양한 자료를 원하시면 http://archive.gugak.go.kr/ArchivePortal/index.jsp 로 이동하십시요.
○ 주최 및 촬영/국립국악원[National Gugak Center]",UCmN4xFSlmWw-_d2riM-ep0A,국립국악원 National Gugak Center,2016-12-28T05:49:44Z,4523,75.38,False,3636.0,28.0,2.0,https://www.youtube.com/watch?v=DM042akejcA,72700,3576,PF249737,"국립국악원 무용단, 고려가무",무용(서양/한국무용),국립국악원 우면당,2024-10-16,2024-10-17,,,,shard_35,review,"candidate work ""토요명품"" found but ambiguous among 2 instances",general
8k05VseG6Ds,국립국악원 토요명품공연[2015.04.11.]  01. 여민락(Yeominrak),"01. 여민락(11분)
여민락은 본래 세종대왕이 창제했다고 알려진 용비어천가 한문가사를 노랫말로 하는 음악이었다. 여민락은 조선후기를 거치면서 네 가지 악곡으로 분화되어 전승되었다. (여민락)만, 본령, 해령은 관악합주로 연주되는 궁중음악이며, 관현합주 여민락은 민간의 풍류음악으로 전승된 음악이다. (여민락)만, 본령, 해령이 임금의 행차에 사용된 음악이었던 만큼 느리고 중후한 선율을 갖는 데 비해, 관현합주 여민락은 민간의 풍류음악으로 전승된 음악인만큼 느리고 유장하면서도 우아한 아름다움을 담고 있다.

01. Yeominrak
Yeomillak was originally a song set to the Sino-Korean text of Yongbieocheonga, which is known to have been composed by King Sejong the Great, but it diverged into four variations in the late Joseon dynasty, which have been passed down as such. Yeomillakman, Bollyeong, and Haeryeong are court music performed by wind ensemble whereas Yeomillak, which is orchestral, has been passed down as civilian Pungnyu music. There are musical differences between the first three pieces and Yeomillak, as the first three were used for Kings’ processions while Yeomillak developed its own gracious style in private chambers.

○ 출연/국립국악원 정악단
  - 집박 : 조인환
  - 피리 : 황규상 이건회 김성준 이종무 민지홍 김인기
  - 대금 : 이상원 노붕래 김영헌 김기엽 김휘곤
  - 해금 : 황애자 류은정 전은혜 고수영 사현욱
  - 거문고 : 홍선숙 김치자 김미숙 채은선 고보석
  - 가야금 : 채성희 장경원 이유나 이명하 김형섭  
  - 아쟁 : 김인애, 소금 : 김백만(준단원), 장구 : 안성일, 좌고 : 조성욱(준단원)

○  주최 및 촬영/국립국악원[National Gugak Center]",UCmN4xFSlmWw-_d2riM-ep0A,국립국악원 National Gugak Center,2015-04-15T07:05:23Z,631,10.52,False,3214.0,15.0,2.0,https://www.youtube.com/watch?v=8k05VseG6Ds,72700,3576,PF249737,"국립국악원 무용단, 고려가무",무용(서양/한국무용),국립국악원 우면당,2024-10-16,2024-10-17,,,,shard_35,review,"candidate work ""토요명품"" found but ambiguous among 2 instances",general
bQ0TohsAdRk,국립국악원 토요명품공연[10.10.] 05. 아박무(Abangmu),"05. 아박무
상혼’은 아박무를 바탕으로 한 작품이다. 아박무는 ‘아박’이라고 하는 작은 악기(박)를 두 손에 들고 추는
궁중정재이다. 문헌상으로는 고려시대부터 기록이 등장하며, 조선후기 궁중 연회에서 자주 등장한 정재
이다. ‘상혼’은 무대 구도, 몸짓의 반복과 변화에 중점을 두며, 정중동(靜中動), 동중정(動中靜)의 이미지를
큐브라는 이미지 속에 대입하여 구성하고자 했다. 큐브는 사각의 형식에서 변화하지 않지만 내적으로 끊
임없이 움직이려는 모습이자 현재 우리의 모습이다. 여기에 아박이 가지고 있는 소리의 변주를 시도하여
지금까지와는 다른 이미지의 궁중무용 형상화를 보여주고자 한다.

05. Abangmu
Sanghon is based upon Abangmu, a court dance where the dancer holds small bak(abak) in both hands. Documents show that it existed as early as the Goryeo period, and was often performed in the royal court of the Joseon dynasty. This work focuses on the stage structure and the change of gestures, and projects images of “motion in stillness” and “stillness in motion” into a cube. Although a cube looks rectangular on the surface, it constantly moves within itself, just like we do. And additionally the sound of the abak is varied for a different image of court dance.

 ○ 지도/최경자
 ○ 무용/김혜자·최형선·김혜영·유재연, 후대인/이주희·정승연·서희정·이미영·권문숙·조은주·이윤정·박지애·이혜경(준단원)·고은비(준단원)
 ○ 집박/황규상, 피리/윤형욱·김철, 대금/이결·이종범, 해금/사현욱·한갑수, 장구/홍석복, 좌고/안성일, 창사/이준아·박진희(준단원)

○  주최 및 촬영/국립국악원[National Gugak Center]",UCmN4xFSlmWw-_d2riM-ep0A,국립국악원 National Gugak Center,2015-10-14T07:50:48Z,419,6.98,False,1782.0,12.0,0.0,https://www.youtube.com/watch?v=bQ0TohsAdRk,72700,3576,PF249737,"국립국악원 무용단, 고려가무",무용(서양/한국무용),국립국악원 우면당,2024-10-16,2024-10-17,,,,shard_35,review,"candidate work ""토요명품"" found but ambiguous among 2 instances",general
ADGt3gwWthI,국립국악원 토요명품공연[2015.07.18.],"01. 산조합주  (0:06)
산조합주는 본디 독주곡양식인 산조를 합주형태로 바꾸어 무대예술화 한 것을 지칭하는 말이다. 산조는 각 악기별, 유파별로 다양하게 전승되므로, 합주를 할 때는 특정 악기나 특정 유파 산조의 선율을 중심으로 짜여서, 모든 악기들이 각자 자신의 산조 선율이 아니라 그 짜인 선율을 함께 연주하게 된다. 
○ 피리 : 한세현·황광엽·이호진 
○ 대금 : 길덕석·문재덕·김충환 
○ 해금 : 김정림·김선구·김지희
○ 가야금 : 박준호·문경아·이여진
○ 거문고 : 한민택·이재하·이선화
○ 아쟁 : 김영길·윤서경·배  런, 장구 : 정준호

02. 수룡음 4중주 (15:51)
전통 가곡의 반주음악을 노래 없이 기악곡으로 연주하는 형태를 자진한잎이라 부른다. 자진한잎은 기악독주나 병주, 중주, 관악합주 등 다양한 형태로 연주되며, 악기 편성에 따라 음악의 질감이 사뭇 달라진다. 원래 수룡음이라는 음악은 고려시대 송나라에서 수입되어 조선시대까지 궁중음악으로 사용된 당악곡의 명칭이며, 지금은 전승이 단절된 음악이다. 오늘날은 가곡의 여러 곡목 중에서 평롱, 계락, 편수대엽을 기악으로 연주할 때 이를 수룡음이라 부른다.
○ 생황 : 이종무, 단소 : 이종범, 양금 : 조유회, 아쟁 : 김인애

03. 경기민요(한오백년, 강원도아리랑, 뱃노래, 자진뱃노래) (24:59)
서울과 경기지역을 중심으로 전승된 민요를 말한다. 
경기도의 향토민요와 전문가들이 부르는 통속민요는 음악적으로 차이가 있다. 창부타령, 노랫가락, 한강수타령 등은 서울 지방을 중심으로 발달한 노래들이며, 예전에는 서울지역에서 전문 음악가들에 의해 발달한 노래라는 의미로 경성 속요로 지칭되었다. 
○ 노래 : 조경희·이금미·강효주 
○ 피리 : 이호진, 대금 : 원완철, 해금 : 김정림, 가야금 : 이여진, 아쟁 : 배  런 ,  장구 : 정준호

04. 다스름과 태평가 (36:06)
태평가는 전통 가곡의 악곡 중에서 가장 나중에 부르는 음악으로, 흔히 남창과 여창이 함께 노래한다.
○ 거문고 : 채은선·윤성혜·이방실·우민희(준단원), 대금 : 채조병 , 해금 : 고수영,    남창 : 이정규, 여창 : 박진희(준단원),  장구 : 홍석복

05. 포구락 (47:47)
포구락은 공 던지기 놀이를 형상화한 궁중춤으로 고려 문종 27년(1073) 팔관회에서 처음 추어진 후 현재 전승되고 있는 작품이다. 12명 혹은 16명의 무용수들이 포구문을 중심으로 두 편으로 나뉘어 춤을 추다가 포구문 위에 뚫린 구멍(풍류안)에 던져 넣는 것을 겨루는 게임 형식의 춤이다. 공을 풍류안으로 넣은 사람에게는 봉화(奉花)가 꽃을 주고, 풍류안에 넣지 못한 사람에게는 봉필(奉筆)이 얼굴에 먹점을 찍는다. 
○ 죽간자 : 박지애·이하경, 봉화 : 이정미, 봉필 : 최형선, 협무 : 김영애· 이지은·백미진·이주리·이미영·권문숙
○ 집박 : 조인환
○ 피리 : 고우석·민지홍,  대금 : 문응관·김휘곤, 해금 : 류은정·김용선, 장구 : 조성욱(준단원) , 좌고 : 김창곤

06. 다섯악기를 위한 저녁노래Ⅴ(이건용 작곡) (57:51)
이 시대의 대표적인 작곡가 중 한 사람인 이건용은 원래 서양음악을 전공했으며, 1973년 국립국악원 창작음악발표회를 위해 ‘13인의 주자와 여창을 위한 분향’이라는 곡을 처음 쓴 이래, 이후 40여 년간 다양한 형태의 국악곡을 만들어 왔다. 
1997년부터 ‘저녁노래’ 라는 제목으로 기악곡들을 발표해 왔는데, 그의 ‘저녁노래’시리즈는 '저녁노래 Ⅰ'부터 '저녁노래 Ⅶ'에 이르기까지 시대적 화두나 거대담론 속의 실천보다는 일상의 섬세함과 욕망의 세밀화를 구현하고자 한 음악이다.
○ 가야금 : 박세연, 대금 : 주민경, 피리 : 김보미 , 해금 : 조혜령, 대아쟁 : 이화연

07. 동래학춤 (1:09:26)
동래학춤은 부산 동래지역에서 전승되는, 학의 동작을 표현한 춤이다. 동래야류에서 연행되던 춤사위가 독립한 것이며, 동래 덧배기춤의 한 분파이다. 주된 춤사위는 학이 날개를 너울거리며 가볍게 뛰어다니는 사위, 날개를 폈다가 오므리는 사위, 땅에 서서 상하 좌우를 바라보는 시늉을 하는 사위 등 학의 다양한 자세와 동작을 형상화한다. 
○ 무용 : 김태훈·박성호·정현도·김서량·김진우(준단원)
○ 구음 : 조정희·조준희(준단원), 꽹과리 : 박상인, 징 : 이명모(준단원), 장구 : 정준호, 북 : 유지형

○  주최 및 촬영/국립국악원[National Gugak Center]",UCmN4xFSlmWw-_d2riM-ep0A,국립국악원 National Gugak Center,2015-07-20T07:42:09Z,4764,79.4,False,1054.0,4.0,0.0,https://www.youtube.com/watch?v=ADGt3gwWthI,72700,3576,PF249737,"국립국악원 무용단, 고려가무",무용(서양/한국무용),국립국악원 우면당,2024-10-16,2024-10-17,,,,shard_35,review,"candidate work ""토요명품"" found but ambiguous among 2 instances",general
dcvteKsPe88,2014 토요명품공연[09.27.] 07. 포구락,"○  2014 토요명품공연: 종합 라형[09.27.]의 일곱 번째 프로그램 

○  팸플릿 수록 내용 
포구락(抛毬樂)은 '공을 던지면서 즐긴다'는 뜻으로, 공 던지기 놀이를 춤으로 표현한 궁중무용이다. 고려 때부터 전승되어 오고 있다. 무대 가운데 세워진 구멍이 뚫린 문(포구문)을 세워 놓고, 12명~16명의 무용수들이 두 편으로 나뉘어 춤을 추다가 포구문의 구멍(풍류안)에 공을 던져 넣는다. 
공을 구멍 안으로 넣은 사람에게는 상으로 꽃을 주고, 넣지 못한 사람에게는 얼굴에 먹으로 점을 찍는다. 만약 공이 구멍 가운데 걸리게 될 경우에는 다시 한 번 넣을 수 있는데, 그래도 또 걸리게 된다면 또 한 번의 기회를 주어 삼세번까지의 여유를 즐긴다. 옛날에는 꽃 대신 포구문에 무명을 걸어서 상으로 주었다고 한다.

○  출연/국립국악원 무용단, 정악단
 -  죽간자/박지애·최나리(준단원), 봉화/고은비(준단원)·봉필/권문숙 
 -  협무/김혜자·최형선·홍명진·이지연·김태은·윤은주 
 -  집박/김기동 
 -  피리/이종무·김인기, 대금/김기엽·이결, 해금/사현욱·한갑수, 장구/안성일, 좌고/조성욱(준단원)


○  주최/국립국악원, 후원/국악방송
○  출처/국립국악원[National Gugak Center]
○  국악아카이브 사이트에서 보기/http://archive.gugak.go.kr/ArchivePortal/mediaType/totalSearch/videoTotSearchView.do?system_id=AV&clipid=20609
○  촬영/국립국악원",UCmN4xFSlmWw-_d2riM-ep0A,국립국악원 National Gugak Center,2015-01-19T08:20:08Z,485,8.08,False,432.0,2.0,0.0,https://www.youtube.com/watch?v=dcvteKsPe88,72700,3576,PF249737,"국립국악원 무용단, 고려가무",무용(서양/한국무용),국립국악원 우면당,2024-10-16,2024-10-17,,,,shard_35,review,"candidate work ""토요명품"" found but ambiguous among 2 instances",general
jnrGZmRxkb0,[문화광장] 브람스-대학축전 서곡,"■ 일시 : 2012년 3월 7일 수요일 14시
■ 장소 : 제주대학교 아라뮤즈홀
■ 주제 : 제주특별자치도립 오케스트라와 함께하는 오리엔테이션
■ 주최 : 제주대학교 기초교육원

■ 연주 : 제주특별자치도립 교향악단
■ 곡목 : 브람스-대학축전 서곡 / J.Brahms-Academic Festival Overture C mior Op.80
■ 지휘 : 정운선",UCIZHQEljuuOExGRdwcbS0hg,419 K,2012-03-09T11:09:50Z,644,10.73,False,35007.0,60.0,2.0,https://www.youtube.com/watch?v=jnrGZmRxkb0,1540,254,PF276657,"제36회 김천시립교향악단 정기연주회: 차이코프스키, 쇼스타코비치",서양음악(클래식),김천시립율곡도서관 율곡홀 (다목적강당),2025-10-30,2025-10-30,,,,shard_36,review,"candidate work ""브람스"" found but ambiguous among 2 instances",general
41hANxeZe88,"요한 슈트라우스 '박쥐' 서곡 | STRAUSS, J. II 'Die Fledermaus' Overture | 필하모니아 오케스트라 | 지휘-오토 클렘페러","요한 슈트라우스 '박쥐' 서곡 | STRAUSS, J. II 'Die Fledermaus' Overture
요한 슈트라우스 2세의 오페레타 중 가장 유명한 작품으로 3막 형식의 희극이다.
곡명 ""박쥐""란 주인공 아이젠슈타인의 남작의 절친인 팔케가 꾸민 극중 복수극을 부르는 말로, 팔케가 오래 전에 가면무도회에서 박쥐로 분장한 것을 아이젠슈타인이 골탕 먹인적이 있던 것에 유래한다.
내용을 한 줄로 요약하면, 경찰 모욕죄로 5일간 금고형을 살게 되어 있는 아이젠슈타인 남작은 그 전야에 아내 몰래 파티에 참석하는데, 그의 아내 로잘린데가 변장하고 파티에 참석하여 남편을 골탕 먹인다는 이야기다.

지휘-오토 클렘페러
필하모니아 오케스트라
1961",UC5hG40RvUDEnz2wYRGdrGnw,Kim's Sound,2021-01-27T04:48:08Z,516,8.6,False,72246.0,560.0,14.0,https://www.youtube.com/watch?v=41hANxeZe88,29100,617,PF268633,"국립오페라단, 박쥐 [안성]",서양음악(클래식),안성맞춤아트홀 대공연장,2025-08-08,2025-08-08,,,,shard_36,review,"candidate work ""하모니"" found but ambiguous among 2 instances",general
vTd-LP3HEGM,전주시립합창단 맛보기 ㅡ 완전한 하모니,"전주.완주 상생협력을 위한 찾아가는 음악회가 23.6.10. 저녁7시 완주문화예술회관에서 열렸습니다.
빛나고 청명하며 품격있는 울림을 전하는 천상의 하모니를 맛보기합니다.",UCDshO61T5a8FQvYqMjtDuBg,진스명소,2023-06-09T22:19:02Z,250,4.17,False,662.0,9.0,1.0,https://www.youtube.com/watch?v=vTd-LP3HEGM,273,108,PF236471,제141회 광주시립소년소녀합창단 정기공연: 봄의 여행,서양음악(클래식),광주 예술의 전당 소극장,2024-03-30,2024-03-30,,,,shard_36,review,"candidate work ""하모니"" found but ambiguous among 2 instances",general
fUId777vMMk,아! 대한민국 서울 중구 구립 여성가요 합창단 (77주년 광복절 축하 국민 음악회 2022.8.15)KBS 아레나홀(구 88체육관) 서울로망스 오케스트라 50인조 악단 연주,,UC20kxm53kv-trl2l8kTBCWg,정도영 tv,2022-08-17T11:52:30Z,317,5.28,False,196.0,6.0,0.0,https://www.youtube.com/watch?v=fUId777vMMk,1090,1140,PF249140,제77회 고양시립합창단 정기연주회,서양음악(클래식),고양아람누리 아람음악당,2024-10-17,2024-10-17,,,,shard_37,review,"candidate work ""구구"" found but ambiguous among 2 instances",general
kPDNXnPwuRw,라뽀합창단 감동의하모니2 ♡향수♡,,UCK_7BfyEucde5Mc3yvPYZ_g,김영준,2015-09-17T14:30:38Z,290,4.83,False,446.0,1.0,0.0,https://www.youtube.com/watch?v=kPDNXnPwuRw,0,2,PF249140,제77회 고양시립합창단 정기연주회,서양음악(클래식),고양아람누리 아람음악당,2024-10-17,2024-10-17,,,,shard_37,review,"candidate work ""하모니"" found but ambiguous among 2 instances",general
ZHJS8g0T6Qc,죠아키노 로시니 / 방금 들린 그 목소리 (오페라 '세비야의 이발사' 중에서)[KBS제주] 20220404방송,"죠아키노 로시니 / 방금 들린 그 목소리 (오페라 '세비야의 이발사' 중에서)
Gioachino Rossini / Una voce poco fa (dell'opera 'Il Barbiere di Siviglia')",UCV1i2By7x5vWxA5K7JVomdQ,KBS제주,2022-04-07T05:25:39Z,372,6.2,False,1781.0,31.0,3.0,https://www.youtube.com/watch?v=ZHJS8g0T6Qc,63800,5268,PF259859,"국립오페라단, 잔니 스키키 [음성]",서양음악(클래식),음성문화예술회관 대공연장,2025-03-27,2025-03-27,,,,shard_37,review,"candidate work ""세비야의 이발사"" found but ambiguous among 4 instances",general
7nAl5GczqZM,고양예술고등학교 연기과 제 3회 실습공연 우리읍내,고양예술고등학교 연기과 제 3회 실습공연 우리읍내 중 무대감독 맨 처음 부분입니다.,UCh9ClNFZKAcRVmnyf48n0qA,정수미,2013-06-05T17:10:01Z,337,5.62,False,9981.0,8.0,0.0,https://www.youtube.com/watch?v=7nAl5GczqZM,25,2,PF250228,회란기 [고양],연극,고양아람누리 새라새극장,2024-11-02,2024-11-03,,,,shard_37,review,"candidate work ""우리읍내"" found but ambiguous among 3 instances",general
6jbMS8rrhRM,[200116]국립국악관현악단 신년음악회_달의아들 :포레스텔라 고우림 포커스 4K영상,"#포레스텔라 #forestella #고우림
#국립관현악단신년음악회 #달의아들 #롯데콘서트홀
2차가공 및 재업로드 금지",UCUi8jNP6gheL2Ts8by1YpLQ,멋짐뿜뿜,2020-01-16T16:13:23Z,363,6.05,False,1767.0,86.0,2.0,https://www.youtube.com/watch?v=6jbMS8rrhRM,1050,263,PF269544,"국립국악관현악단, 윈터 콘서트",한국음악(국악),국립극장 해오름극장,2025-12-24,2025-12-24,,,,shard_38,review,"candidate work ""국립국악관현악단, 신년 음악회"" found but ambiguous among 3 instances",general
8AVtfqRQ-_s,베세토 오페라단 체코국립오페라단 초청 공연 '박쥐',,UCqjZXjl8u9G-UU7B-1Xv7PA,회사원P,2018-09-10T01:57:47Z,306,5.1,False,681.0,8.0,0.0,https://www.youtube.com/watch?v=8AVtfqRQ-_s,297,66,PF268799,"국립오페라단 오페레타, 박쥐",서양음악(클래식),경상남도문화예술회관 대공연장,2025-12-12,2025-12-13,,,,shard_38,review,"candidate work ""국립오페라단, 박쥐"" found but ambiguous among 5 instances",general
n2O_egvHQIY,2022 인천시티발레단 지젤,"2023년 문예회관 과 함께하는 방방곡곡 문화공감사업
문예회관 예술단체 공연콘텐츠 공동제작 배급 선정",UCdiZx4r4lKZsohGFSD1ZOZA,Incheon City Ballet인천시티발레단,2022-12-26T10:27:14Z,177,2.95,False,824.0,1.0,0.0,https://www.youtube.com/watch?v=n2O_egvHQIY,584,78,PF233595,"국립발레단, 해설이 있는 전막발레 해적 [강릉]",무용(서양/한국무용),강릉아트센터 (구. 강릉문화예술관) 사임당홀 (대공연장) ,2024-01-31,2024-01-31,,,,shard_38,review,"candidate work ""지젤"" found but ambiguous among 8 instances",general
vg9nZ1J09RE,편지 - 정남규 / 원주시립합창단,"객원지휘: 이동규
피아노: 이해인

원주시립합창단 브런치 콘서트, 원주문화원",UCo97PR1AIWnSbyHxyfWqGlg,Dr. Dong-Kyu Lee,2025-08-03T13:34:08Z,394,6.57,False,504.0,12.0,0.0,https://www.youtube.com/watch?v=vg9nZ1J09RE,2680,591,PF260735,제112회 원주시립합창단 정기연주회 [원주],서양음악(클래식),원주치악예술관,2025-03-27,2025-03-27,,,,shard_38,review,"candidate work ""지정"" found but ambiguous among 3 instances",general
sMhDwlhLBck,[예고편] 부산시립교향악단 창단 60주년 특집 다큐멘터리 '과거와 미래의 하모니',"올해 창단 60주년을 맞이하며
새로운 100년을 준비하는 부산시립교향악단!

부산시향 창단 60주년 특집 다큐멘터리 '과거와 미래의 하모니'가 2022년 12월 24일(토) 낮 12시 20분 부산MBC에서 방송됩니다.
많은 시청 바랍니다.

#부산시립예술단 #부산시립교향악단",UCeySqDu5BowY_RD5sVYIYug,부산시립예술단TV,2022-12-17T11:17:40Z,41,0.68,True,296.0,,0.0,https://www.youtube.com/watch?v=sMhDwlhLBck,2630,551,PF271441,제77회 부산시립청소년교향악단 정기연주회 [부산],서양음악(클래식),부산문화회관 대극장,2025-09-12,2025-09-12,,,,shard_38,review,"candidate work ""하모니"" found but ambiguous among 2 instances",shorts
Y7ks0cKv6Og,다 안다 (금천하모니 합창단),"2016년 8월, 스페인에서 밀레니엄 합창단이 왔다.
그 때 특별 무대로 금천초 합창단이 초대되어서 공연을 했다.
'다 안다'와 '노래로 세상을 아름답게'...
기록이 남아있는 '다 안다'만 올린다.
중창 대회에서 금상까지 받았던 아이들이라 중창과 합창 발성이 섞여 있어서 음색이 나름 새로운 느낌이다.
저렇게 잘 하는 데  욕심 때문에 구박했던 것 같아서 많이 미안한 마음이다.
그 해 합창단 활동 자료가 있어서 기억에 도움이 되라고 덧붙인다.
16년 합창단 친구들, 수고 많았어.
고맙구~~

■ 2016년 금천 하모니 합창단 활동 현황
  5.  3 나도스타 동요 부르기 대회(중창부문 은상 2, 동상 1, 금천구)
  5.11 시흥5동 마을총회(주민과의 대화) 초청 연주
  5.11 나눔 콘서트 (노인요양센터 인영실버)
  6. 7 경인교육대학교 음악교육학과 학부생 대상 수업시연 (지도교수 외 20명)
  6.25 한국동요음악콩쿠르 금상 수상(5, 6학년 부 2개 부문, 한국동요음악협회)
  7.12 금천에듀필하모닉오케스트라 창단식 축하공연(금천초)
  8.19 스페인 밀레니엄합창단 내한공연 특별출연(금나래 아트홀)
  9.12 교가녹음(예음스튜디오) 
11.18. 2016 학교歌 좋다 교가 경연대회 최우수(D’LIVE, 용산아트홀 대극장)
11.24  1인 1기 발표회 찬조출연(금천초 꿈오름관)
12.21  제4회 정기연주회(금천초 꿈오름관)",UChrwWOiN7FkiGYdVR4Kcjfg,김두석,2022-10-29T22:58:46Z,160,2.67,False,333.0,3.0,1.0,https://www.youtube.com/watch?v=Y7ks0cKv6Og,60,10,PF265114,"부천필하모닉오케스트라, 어린이를 위한 음악놀이터 Ⅱ [부천]",서양음악(클래식),부천아트센터 콘서트홀,2025-12-04,2025-12-04,,,,shard_39,review,"candidate work ""하모니"" found but ambiguous among 2 instances",general
KWoIldZ2zBU,"[안산시립국악단] 붓 끝으로 세상을 꽃피운 천재, 김홍도","안산시립국악단 기획연주회
붓 끝으로 세상을 꽃피운 천재, 김홍도

#안산시립국악단 #김홍도 #기획연주회 #안산시립예술단 #안산시유튜브 #안산소셜방송 #안산시SNS #안산",UCxGC3WnnWoRZoUXP02UHXeA,안산시,2023-08-14T00:30:15Z,5033,83.88,False,717.0,14.0,1.0,https://www.youtube.com/watch?v=KWoIldZ2zBU,47900,1663,PF279746,제69회 안산시립국악단 정기연주회 [안산],한국음악(국악),안산문화예술의전당 해돋이극장,2025-12-04,2025-12-04,,,,shard_39,review,"candidate work ""홍도"" found but ambiguous among 2 instances",general
QhluiieihAA,"전석 매진의 신화✨발레, 백조의 호수 2018년 풀버전 ;  Swan Lake Ballet / Лебединое Озеро / Le lac des cygnes[광주시립발레단]","국립발레단 예술감독을 지낸 최태지 단장이 이끄는 
광주시립발레단의 발레공연 실황 풀버전 ✨
차이코프스키 3대 발레 중 하나로 고전발레의 진수를 느낄 수 있는 작품.

[2018년 8월 공연]

#광주시립발레단 #백조의호수 #언택트공연",UCRvrYUbatHPDc-snY-jCG0A,광주MBC,2019-04-10T04:30:00Z,7133,118.88,False,752531.0,5109.0,309.0,https://www.youtube.com/watch?v=QhluiieihAA,265000,11543,PF268334,"광주시립발레단 초청공연, 해설이 있는 발레",무용(서양/한국무용),광주북구문화센터 (양산도서관) 공연장,2025-07-18,2025-07-19,,,,shard_39,review,"candidate work ""백조의 호수"" found but ambiguous among 6 instances",general
qqj3-c_Gu48,2018년 광주시립발레단 (백조의 호수) 홍보영상 1분 40초 소재,"2018년 7월 13일(금) ~ 15일(일)간, 광주문화예술회관 대극장에서 (백조의 호수)전막 공연을 합니다. 

광주문화예술회관 홈페이지 (http://gjart.gwangju.go.kr/cmd)",UCDacTW1C-MdaF4bd-38BpwQ,광주시립발레단,2018-06-21T08:11:35Z,104,1.73,False,1067.0,5.0,1.0,https://www.youtube.com/watch?v=qqj3-c_Gu48,28,3,PF268334,"광주시립발레단 초청공연, 해설이 있는 발레",무용(서양/한국무용),광주북구문화센터 (양산도서관) 공연장,2025-07-18,2025-07-19,,,,shard_39,review,"candidate work ""백조의 호수"" found but ambiguous among 6 instances",general
DHxeVXq5j74,광주시립발레단 백조의호수 연습현장_#생방송빛날,"광주시립발레단 백조의호수 연습현장_#생방송빛날

호두까기 인형, 잠자는 숲속의 미녀와 함께
차이콥스키의 3대 발레음악으로 평가받는
백조의 호수

70명의 단원이 4개월 동안 준비한 공연
놓치지 마세요

▶ 광주MBC 유튜브 구독하기 https://goo.gl/jbmus1
▶ 광주MBC뉴스 유튜브 구독하기 https://goo.gl/325xEt
▶ 광주MBC 공식 홈페이지 http://www.kjmbc.co.kr     
▶ 광주MBC 공식 페이스북 https://www.facebook.com/kjmbc    
▶ 광주MBC 공식 트위터 https://twitter.com/kjmbc_mbc
▶ 광주MBC 공식 인스타그램 https://www.instagram.com/kjmbc",UCRvrYUbatHPDc-snY-jCG0A,광주MBC,2018-07-10T07:22:19Z,252,4.2,False,5021.0,40.0,5.0,https://www.youtube.com/watch?v=DHxeVXq5j74,265000,11543,PF268334,"광주시립발레단 초청공연, 해설이 있는 발레",무용(서양/한국무용),광주북구문화센터 (양산도서관) 공연장,2025-07-18,2025-07-19,,,,shard_39,review,"candidate work ""백조의 호수"" found but ambiguous among 6 instances",general
Lsurd7jomj0,성탄 특집 광주시립발레단 '잠자는 숲 속의 미녀' The Sleeping beauty,"성탄 특집 광주시립발레단 제 127회 정기 공연 
차이콥스키 3대 발레 시리즈 세 번째 공연
*광주에서 20년만에 만나는 전막공연!
'잠자는 숲 속의 미녀'

주요 내용
 왕궁에서 오로라공주의 탄생을 축하는 세례식이 한창인데 식에 초대 받지 못한 마녀 카라보스가 공주가 16세가 되는 해 물레 바늘에 찔려 죽을 것이라 저주를 내린다.
마녀의 계략에 빠져 100간의 깊은 잠에 빠진 오로라공주!
 그녀를 깨울 용기있는 사람은 누구인가?

안무: 마리우스 프티바
음악: 표트르 차이콥스키

광주시립발레단 공연 
총연출: 최태지
재안무: 장운규, 전효정
협연:광주시립교향악단
객원지휘: 최승한

#발레 #잠자는숲속의공주 #차이코프스키",UCRvrYUbatHPDc-snY-jCG0A,광주MBC,2020-12-25T07:30:11Z,7122,118.7,False,68976.0,868.0,40.0,https://www.youtube.com/watch?v=Lsurd7jomj0,265000,11543,PF268334,"광주시립발레단 초청공연, 해설이 있는 발레",무용(서양/한국무용),광주북구문화센터 (양산도서관) 공연장,2025-07-18,2025-07-19,,,,shard_39,review,"candidate work ""잠자는 숲속의 미녀"" found but ambiguous among 7 instances",general
--toA7bprGY,2018년 광주시립발레단 (백조의 호수) 홍보&인터뷰 영상,"2018년 7월 13일(금) ~ 15일(일)간, 광주문화예술회관 대극장에서 (백조의 호수)전막 공연을 합니다. 

광주문화예술회관 홈페이지 (http://gjart.gwangju.go.kr/cmd)",UCDacTW1C-MdaF4bd-38BpwQ,광주시립발레단,2018-06-21T08:07:59Z,221,3.68,False,1048.0,12.0,2.0,https://www.youtube.com/watch?v=--toA7bprGY,28,3,PF268334,"광주시립발레단 초청공연, 해설이 있는 발레",무용(서양/한국무용),광주북구문화센터 (양산도서관) 공연장,2025-07-18,2025-07-19,,,,shard_39,review,"candidate work ""백조의 호수"" found but ambiguous among 6 instances",general
f5IoQTuJFSE,성균합창단 2015정기공연 [식스브람스],지휘 : 46기 권대영,UCmdJHtZlyqpVH8opgIaXDcQ,BAEK BAEK,2015-11-18T09:59:29Z,618,10.3,False,378.0,2.0,1.0,https://www.youtube.com/watch?v=f5IoQTuJFSE,65,69,PF249313,제95회 천안시립합창단 정기연주회 [천안],서양음악(클래식),천안예술의전당 대공연장,2024-10-17,2024-10-17,,,,shard_39,review,"candidate work ""브람스"" found but ambiguous among 2 instances",general
Z2myKBIYYCI,부산시립교향악단 60주년 특집다큐 ' 과거와 미래의 하모니',"부산시립교향악단 60주년 특집다큐 ' 과거와 미래의 하모니'

*유튜브 구독하기 : https://www.youtube.com/channel/UCWU3txtKWGULLDzKFvO48IQ
*인스타그램 : www.instagram.com/mediaworks_0701
*MW 홈페이지 : https://www.mediaworks0701.com/home",UCWU3txtKWGULLDzKFvO48IQ,mediaworks,2023-03-29T00:19:25Z,3239,53.98,False,81.0,5.0,0.0,https://www.youtube.com/watch?v=Z2myKBIYYCI,18,61,PF284413,제79회 부산시립청소년교향악단 정기연주회 [부산],서양음악(클래식),부산문화회관 중극장,2026-03-18,2026-03-18,,,,shard_39,review,"candidate work ""하모니"" found but ambiguous among 2 instances",general
i647qgybTn8,울산 남구 구립교향악단 제78회 정기연주회 - 02,"울산 남구청 공식 유튜브 채널 고래방송국TV입니다.

울산 남구 구립교향악단 제78회 정기연주회 - 02

남구 구립교향악단
제78회 정기연주회  '학교종이 땡땡땡'

온가족이 함께하는 추억속으로의 여행 '학교종이 땡땡땡'

2021. 6. 8. (화) 19:30​, 문화예술회관 대공연장

#울산남구​ #구립교향악단​ #학교종이땡땡땡",UCA_sH8tAjjakRDWfLKN3FDQ,울산남구 고래방송국,2021-06-11T05:24:51Z,623,10.38,False,436.0,25.0,10.0,https://www.youtube.com/watch?v=i647qgybTn8,24500,692,PF284413,제79회 부산시립청소년교향악단 정기연주회 [부산],서양음악(클래식),부산문화회관 중극장,2026-03-18,2026-03-18,,,,shard_39,review,"candidate work ""구구"" found but ambiguous among 2 instances",general
iWfhqERytHg,지금무대에선 울산남구구립교향악단 제 66회정기연주회 1부 지휘 이태은,"1. 오용철 해피버스데이 팡파레 (2019)(01:39)
2. 임주섭 교향시 반구대 암각화(2019)(10:17)
3. 베를리오즈 환상교향곡 14(30:04)
지휘 이태은",UCUvv27Hi5Yg4oTCh6KbE1LA,Yongchul Oh (loveberlin),2020-10-09T06:29:20Z,2610,43.5,False,1723.0,30.0,4.0,https://www.youtube.com/watch?v=iWfhqERytHg,1250,1179,PF284413,제79회 부산시립청소년교향악단 정기연주회 [부산],서양음악(클래식),부산문화회관 중극장,2026-03-18,2026-03-18,,,,shard_39,review,"candidate work ""구구"" found but ambiguous among 2 instances",general
w28XwJxWOA4,울산 남구 구립교향악단 '2021 신춘음악회' - 04,"#울산남구​ #구립교향악단​ #신춘음악회

남구 구립교향악단
제77회 정기연주회  '2021 신춘음악회'

2021. 4. 13. (화) 19:30​, 문화예술회관 대공연장",UCA_sH8tAjjakRDWfLKN3FDQ,울산남구 고래방송국,2021-04-15T03:20:29Z,905,15.08,False,283.0,12.0,0.0,https://www.youtube.com/watch?v=w28XwJxWOA4,24500,692,PF284413,제79회 부산시립청소년교향악단 정기연주회 [부산],서양음악(클래식),부산문화회관 중극장,2026-03-18,2026-03-18,,,,shard_39,review,"candidate work ""구구"" found but ambiguous among 2 instances",general
j2vFfS6UtlI,국립발레단 해설이있는발레 3탄 유형종과 함께하는 '돈키호테',"*해설이 있는 전막발레 3탄 유형종과 함께하는 '돈키호테'(DON QUIXOTE)

*2013년 8월 28일(수)~8월 31일(토) 
WED-FRI PM7:30 / SAT PM2:00, 6:00 

*장소 : 예술의전당 CJ토월극장
-음악 : 루드비히 밍쿠스
-안무 : 마리우스 프티파
-재안무 : 문병남
-예술감독 : 최태지
-출연 : 국립발레단

*티켓예매 : http://www.sacticket.co.kr/home/play/play_view.jsp?seq=17050
*Twitter@KN_BALLET
*Facebook www.facebook.com/kballet1962",UCx_KHSENSxWukAGGIT-tFnQ,KoreanNationalBallet,2013-06-25T02:16:08Z,63,1.05,False,5803.0,22.0,2.0,https://www.youtube.com/watch?v=j2vFfS6UtlI,245,18,PF248137,"대한민국은 공연중, 국립발레단: 해설이 있는 전막발레 돈키호테",무용(서양/한국무용),국립극장 해오름극장,2024-10-23,2024-10-23,,,,shard_4,review,"candidate work ""돈키호테"" found but ambiguous among 6 instances",general
Bqy7NsUseE0,KP발레단협회 전막공연 돈키호테 특별영상,"행사:KP발레단협회 전막공연 돈키호테
일시:20200809
장소:더케이 아트홀
출연:

음원저작권 문제로 영상이 편집되어 있습니다.
무삭제 원본 영상은 아래 링크에서 보실 수 있습니다.
https://tv.naver.com/v/15470198

원본소장처: https://artskoreatv.com

동영상이 도움이 되셨나요? 계속적인 작업을 하도록 월정액 1,000원이상으로 으로 후원채찍을 주십시요. 후원하시는 분은 artskoreatv.com의 모든 동영상을 보실수 있습니다. 후원금계좌 국민은행 016-21-1401-657 천승요

#artskoreatv",UCzHgc67tKXitJKrH86aZk3w,ArtsKoreaTV,2020-08-27T09:41:11Z,364,6.07,False,105.0,0.0,0.0,https://www.youtube.com/watch?v=Bqy7NsUseE0,22500,12050,PF248137,"대한민국은 공연중, 국립발레단: 해설이 있는 전막발레 돈키호테",무용(서양/한국무용),국립극장 해오름극장,2024-10-23,2024-10-23,,,,shard_4,review,"candidate work ""돈키호테"" found but ambiguous among 6 instances",general
Lk0wSykzzbo,"국립발레단의 돈키호테는 춤춘다…""세계화 목표"" / 연합뉴스TV (YonhapnewsTV)","국립발레단의 돈키호테는 춤춘다…""세계화 목표""

[앵커] 

너무나 유명한 소설, 돈키호테를 원작으로 한 동명의 고전 발레가 무대에 오릅니다. 

이번엔 국립발레단의 재안무 버전인데요. 

제 역할을 찾은 돈키호테 속에 담긴 국립발레단의 이야기를 신새롬 기자가 소개합니다.

[기자]

탬버린이 흥겨움을 더하는 스페인 광장.

사랑에 빠진 키트리와 바질 앞에 늙은 기사 돈키호테가 나타납니다.

돈키호테의 도움으로 키트리와 바질의 사랑이 이뤄지는 이야기로, 고전 발레 중 가장 화려하고 유쾌한 작품으로 꼽힙니다.

고전의 매력은 그대로 살리되, 작품명인 '돈키호테'의 사랑과 모험에 비중을 실은 재안무 버전이 무대에 오릅니다.

[송정빈 / '돈키호테' 재안무] ""재해석을 할 때도 고전은 고전의 틀 안에서 좀 그 선을 넘어가지 않도록 유지하는 편이거든요. 화려한 볼거리와 화려한 무용수들의 테크닉 같은 것을 더욱더 극대화해 살리려고 노력했습니다.""

나이가 많아 마임만 했던 '늙은 기사' 돈키호테는 꿈속에서 춤을 추고, 모험에 나서게 되는 낭만적인 이유도 덧붙여졌습니다. 

[송정빈 / 국립발레단 안무가] ""수염을 떼고 나오고, 이런 마임 같은 것도 천천히 이렇게 천천히 하다가 젊어졌을 때는 조금 더 프리하게 더 마음을 표현할 수 있는….""

국립발레단 무용수에서 안무가로 발돋움한 송정빈은 지난 2020년 '해적'으로 전막 발레 안무가로 데뷔했습니다.

3년 연속 발레단 정기 공연으로 무대에 오르며 입지를 다진 '해적'은 올해 독일과 스위스 등 유럽 7개국 투어도 나서게 됩니다.

[송정빈 / 국립발레단 안무가] ""한국적인 내용이 아닌 그들의 원작의 내용을 개작해서 우리가 재구성해서 그들의 나라에 가서 발레한다는 게 굉장히 영광스럽기도 하고요.""

한국 발레의 세계화를 꿈꾸는 국립발레단의 무대는 이제 막 시작됐습니다.

연합뉴스TV 신새롬입니다. (romi@yna.co.kr)

#발레_돈키호테 #돈키호테 #국립발레단
    
연합뉴스TV 기사문의 및 제보 : 카톡/라인 jebo23

▣ 연합뉴스TV 유튜브 채널 구독
https://goo.gl/VuCJMi
▣ 대한민국 뉴스의 시작 연합뉴스TV / Yonhap News TV
http://www.yonhapnewstv.co.kr/",UCTHCOPwqNfZ0uiKOvFyhGwg,연합뉴스TV,2023-04-12T22:28:53Z,133,2.22,False,1510.0,28.0,0.0,https://www.youtube.com/watch?v=Lk0wSykzzbo,2260000,704493,PF248137,"대한민국은 공연중, 국립발레단: 해설이 있는 전막발레 돈키호테",무용(서양/한국무용),국립극장 해오름극장,2024-10-23,2024-10-23,,,,shard_4,review,"candidate work ""돈키호테"" found but ambiguous among 6 instances",general
fsG9-PUO31Y,발레공연리뷰-돈키호테,,UChyHkdcy06OSZXVC6Ci45UQ,공연전시채널 [우공전],2021-05-28T10:00:18Z,114,1.9,False,103.0,1.0,4.0,https://www.youtube.com/watch?v=fsG9-PUO31Y,1,6,PF248137,"대한민국은 공연중, 국립발레단: 해설이 있는 전막발레 돈키호테",무용(서양/한국무용),국립극장 해오름극장,2024-10-23,2024-10-23,,,,shard_4,review,"candidate work ""돈키호테"" found but ambiguous among 6 instances",general
KTCj1UpsYWQ,뮤지컬 3DIVA 콘서트 제천공연,"뮤지컬 팝스 오케스트라와 함께 하는 
뮤지컬 3DIVA 콘서트 제천공연

#뮤지컬
#뮤지컬3DIVA
#뮤지컬3DIVA제천공연
#뮤지컬제천공연
#팝스오케스트라제천공연
#팝스오케스트라
#뮤지컬홍지민
#뮤지컬전수경
#뮤지컬최정원
#뮤지컬배우
#뮤지컬가수
#제천영상회
#제천문화재단
#제천문화공감
#청풍명월제천지노TV",UCt8VwQv-h9S_Gg_aSHXzLag,제천지노TV,2022-04-15T04:03:04Z,734,12.23,False,1637.0,21.0,10.0,https://www.youtube.com/watch?v=KTCj1UpsYWQ,2390,279,PF244912,제천예술의전당 개관 축하 음악회 [제천],서양음악(클래식),제천예술의전당 대공연장,2024-07-26,2024-07-26,,,,shard_4,review,"candidate work ""DIVA"" found but ambiguous among 2 instances",general
v-tdv9eM3D0,2018 남양주시립예술단 신춘음악회,"남양주에 싱그러운 봄이 왔음을 알리는 신춘음악회가 열렸습니다.
남양주시립예술단은 8일 오남체육문화센터에서 아름다운 합창으로 봄을 맞이했는데요. 

2회째를 맞이하는 이번 음악회는 2018년 정규 첫 공연으로 남양주시립합창단, 시립소년소녀합창단과 남양주윈드오케스트라가 함께 다양한 장르를 선보이는 자리였습니다. 

먼저 남양주시립합창단이 뮤지컬 ‘오페라의 유령’의 The Phantom of opera로 음악회 문을 열었고 시립소년소녀합창단의 아침의 노래, 남양주윈드오케스트라의 오페라 ‘박쥐’ 서곡 등으로 구성되어 90분간 진행됐는데요. 

시민참여형 문화예술도시를 만들어가는 남양주시는 신춘음악회, 찾아가는 문화나들이, 시민합창페스티벌 등 다양한 문화행사를 펼쳐온 만큼 앞으로도 시민 누구나 집 앞 10분거리에서 문화를 향유할 수 있는 문화텐미닛 남양주를 응원합니다.  


홈페이지 : https://www.ntv.go.kr
페이스북 : https://www.facebook.com/ntvgokr",UCZFTAP8J_0xEjjhreKMHa4A,남양주시•남양주TV,2018-03-09T08:37:52Z,74,1.23,False,368.0,3.0,0.0,https://www.youtube.com/watch?v=v-tdv9eM3D0,28200,4203,PF255000,남양주시립예술단 송년음악회,서양음악(클래식),남양주체육문화센터 실내체육관,2024-12-14,2024-12-14,,,,shard_4,review,"candidate work ""남양주시립예술단 신춘음악회"" found but ambiguous among 3 instances",general
gh_p5ptsN1M,남양주 시립예술단 신춘음악회,"2017년 3월 10일
호평체육문화센터에서 열린 남양주 시립예술단 신춘음악회
공연 영상 입니다.",UCZFTAP8J_0xEjjhreKMHa4A,남양주시•남양주TV,2017-03-13T07:36:37Z,6227,103.78,False,2071.0,18.0,2.0,https://www.youtube.com/watch?v=gh_p5ptsN1M,28200,4203,PF255000,남양주시립예술단 송년음악회,서양음악(클래식),남양주체육문화센터 실내체육관,2024-12-14,2024-12-14,,,,shard_4,review,"candidate work ""남양주시립예술단 신춘음악회"" found but ambiguous among 3 instances",general
QhluiieihAA,"전석 매진의 신화✨발레, 백조의 호수 2018년 풀버전 ;  Swan Lake Ballet / Лебединое Озеро / Le lac des cygnes[광주시립발레단]","국립발레단 예술감독을 지낸 최태지 단장이 이끄는 
광주시립발레단의 발레공연 실황 풀버전 ✨
차이코프스키 3대 발레 중 하나로 고전발레의 진수를 느낄 수 있는 작품.

[2018년 8월 공연]

#광주시립발레단 #백조의호수 #언택트공연",UCRvrYUbatHPDc-snY-jCG0A,광주MBC,2019-04-10T04:30:00Z,7133,118.88,False,752527.0,5109.0,309.0,https://www.youtube.com/watch?v=QhluiieihAA,265000,11543,PF288343,"광주시립발레단 기획공연, 발레살롱콘서트 Ⅱ. 춤으로 만나는 발레의 역사",무용(서양/한국무용),광주 예술의 전당 소극장,2026-04-24,2026-04-25,,,,shard_4,review,"candidate work ""백조의 호수"" found but ambiguous among 6 instances",general
Hrh29CAGJK0,광주시립발레단 제132회 정기공연 [돈키호테],"광주시립발레단 제132회 정기공연 [돈키호테]

공연일시
2022.10.7. 14:00

공연장소
국립아시아문화전당 예술극장 극장1

주최
광주문화예술회관/국립아시아문화전당

주관
광주시립발레단

캐스팅정보
키트리 – 강민지
바질리오 - 박관우

연출진정보
총연출 및 예술감독 박경숙
안무 Krzysztof Nowogrodzki
지휘 박승유
조안무 김혜민
기술감독 유준규
영상디자인 김장연 김정민
의상디자인 박지우
조명디자인 김연수
분장디자인 구유진
기술감독   유준규
조명감독   서경원


#Don Quixote #돈키호테 #호두까기인형 #광주시립발레단
#박경숙 #Krzysztof Nowogrodzki #ballet #gwangjucityballet #키트리 #바질리오",UC02x5SS_0-45ZZ13ROGsdtQ,광주예술의전당 Gwangju Arts Center,2023-01-25T09:30:03Z,6360,106.0,False,25666.0,359.0,16.0,https://www.youtube.com/watch?v=Hrh29CAGJK0,4420,783,PF288343,"광주시립발레단 기획공연, 발레살롱콘서트 Ⅱ. 춤으로 만나는 발레의 역사",무용(서양/한국무용),광주 예술의 전당 소극장,2026-04-24,2026-04-25,,,,shard_4,review,"candidate work ""돈키호테"" found but ambiguous among 6 instances",general
_HRQEFD1m2I,[차이코프스키_잠자는 숲속의 미녀 '왈츠']제천청소년오케스트라  |  2022년 제16회정기연주회,"#제천#제천문화회관#정기연주회

■일시_2022년11월20일
■장소_제천문화회관
■곡명_P.Tchaikovsky, The Sleeping Beauty  Waltz from the Ballet
             차이코프스키_잠자는숲속의미녀""왈츠""
■지휘_김상현
■연주_제천청소년오케스트라

러시아를 대표하며 러시아 음악의 선구자적인 역할을 한 대작곡가 차이코프스키(Pyot'r Illich Tchaikovsky)의 [백조의 호수], [호두까기 인형]과 더불어 3대 발레 작품으로 손꼽히는 [잠자는 숲속의 미녀] 중 왈츠입니다.

■ 제천청소년오케스트라 인스타그램
https://instagram.com/jecheon_youthorchestra?igshid=ZDdkNTZiNTM=

#제천청소년오케스트라
#충청북도#제천
#Jecheon
#바이올린 #비올라 #첼로
#정기연주회
#현악기 #청소년 #오케스트라
#제천문화회관",UCnpvVIYPP_GgfOYo9P4M-nw,제천청소년오케스트라,2023-03-23T10:04:28Z,377,6.28,False,68.0,7.0,0.0,https://www.youtube.com/watch?v=_HRQEFD1m2I,101,140,PF224898,슬리핑 뷰티 [충주],무용(서양/한국무용),충주시문화회관,2023-09-15,2023-09-16,,,,shard_4,review,"candidate work ""잠자는 숲속의 미녀"" found but ambiguous among 7 instances",general
O0fMRLBaD-M,세비야의이발사_대구오페라하우스_커튼콜2023.4.22._이혜진_김효종_조재경_전태현_최웅조_김보라_정재학,,UCZOtSa8Iy8f226zt0aqRsRQ,선물,2023-04-22T23:41:04Z,139,2.32,False,193.0,1.0,0.0,https://www.youtube.com/watch?v=O0fMRLBaD-M,375,137,PF230597,"국립오페라단, 알제리의 이탈리아 여인",서양음악(클래식),국립극장 해오름극장,2024-02-22,2024-02-25,,,,shard_40,review,"candidate work ""세비야의 이발사"" found but ambiguous among 4 instances",general
rGaVbKyohNc,뮤지컬 〈Jungle Life／정글 라이프〉 커튼콜  - 3,,UCqJWltkv0YVg8rX4x5j8-EQ,연보남,2019-12-14T23:55:43Z,249,4.15,False,59.0,0.0,0.0,https://www.youtube.com/watch?v=rGaVbKyohNc,50,159,PF247511,쿠로이 저택엔 누가 살고 있을까? [제주],뮤지컬,제주아트센터 대극장,2024-09-21,2024-09-22,,,,shard_40,review,"candidate work ""정글라이프"" found but ambiguous among 6 instances",general
sd6F9ptUY1s,구두쇠 스크루지 할아버지ㅣ크리스마스 캐럴🎄ㅣ크리스마스 이야기 뮤지컬ㅣ아기상어 크리스마스 동화ㅣ핑크퐁! 인기동요,"베베핀! 안녕?👨‍👩‍👦‍👦핑크퐁 아기상어의 새로운 가족! Bebefinn 한글 동요 채널 오픈💗👨‍👩‍👦‍👦
https://www.youtube.com/channel/UC_Py3VQ4sjXHj1c4Rhb5ITw?sub_confirmation=1

아기상어 뚜루루뚜루🦈 베베핀 가족과 상어가족이 만났어요
지금 바로 영상보기 ➡️  https://fong.kr/12144/01

핑크퐁의 새로운 영상을 가장 빠르게 만나는 방법!
지금 바로 핑크퐁 공식 유튜브 채널 [구독] 버튼을 눌러주세요.
★ 핑크퐁 유튜브 구독하기: https://www.youtube.com/pinkfongko?su...

----
모두가 기뻐하는 크리스마스에 심술이 잔뜩난 할아버지가 있었어요. 스크루지 할아버지에게 갑자기 찾아온 세명의 크리스마스 유령들! 과연 할아버지에게는 어떤 일이 일어날까요?🎄👴🏻
----

전세계 어린이들의 마음을 사로잡은 글로벌 브랜드 핑크퐁!
핑크퐁 공식 유튜브 채널에 업로드되는 모든 동요・동화는
유아 교육 전문가들이 자체적으로 제작하고 있습니다.

핑크퐁 동요・동화를 앱으로도 만나보실 수 있습니다.
★ 무료 앱 다운로드 : https://fong.kr/923/17

핑크퐁 도서나 인형 등 다양한 상품을 만나보고 싶으신가요?
★ 핑크퐁 스토어: http://pinkfong.com

핑크퐁 SNS를 팔로우하고 교육 정보와 이벤트 소식도 받아보세요!
★ 페이스북: https://www.facebook.com/pinkfong.ko
★ 인스타그램: https://www.instagram.com/pinkfong.ko 
★ 카카오스토리: https://story.kakao.com/ch/pinkfong

Copyright © 2022 The Pinkfong Company, Inc.  All Rights Reserved.
#핑크퐁 #아기상어 #구두쇠스크루지 #크리스마스캐럴 #핑크퐁아기상어 #크리스마스동화 #크리스마스뮤지컬",UCqXwKu6dKobXEQFhdKtiJLQ,핑크퐁 (인기 동요・동화),2022-11-29T10:00:37Z,332,5.53,False,372301.0,369.0,0.0,https://www.youtube.com/watch?v=sd6F9ptUY1s,16500000,4485,PF254605,스크루지의 크리스마스 캐럴 [경산],뮤지컬,천마아트센터 그랜드홀,2024-12-19,2024-12-19,,,,shard_40,review,"candidate work ""스크루지"" found but ambiguous among 4 instances",general
UXTx5AcRM6A,인천시립교향악단 제396회 정기연주회 '작곡가 집중탐구Ⅰ. 브람스를 좋아하세요?' 1부,"인천문화예술회관의 온라인 중계 공연·전시 : 문화백신 '추석특별전'
- 인천시립교향악단 제396회 정기연주회 '작곡가 집중탐구Ⅰ. 브람스를 좋아하세요?' 1부

인천문화예술회관이 추석 연휴 동안 시민들의 슬기로운 집콕 문화생활을 위해 '문화백신_추석특별전'을 마련하였습니다. 

위대한 작곡가의 음악세계를 심도 깊게 살펴보는 인천시립교향악단의 '작곡가 집중탐구' 시리즈! 그 첫 시간에는 독일 교향곡의 전통을 이어간 브람스의 대표적인 작품들을 연주합니다.

1부에서는 인천시립교향악단과 좋은 호흡을 보여준 바이올리니스트 양인모와 첼리스트 문태국이 함께 브람스의 마지막 관현악 작품 “바이올린과 첼로를 위한 2중 협주곡”을 연주합니다.

위대한 작곡가 브람스의 형식미와 우수가 가득한 음악으로 이 가을의 감성을 채우시기 바랍니다.


○ 프로그램

브람스(1833-1897)            바이올린과 첼로를 위한 2중 협주곡 A단조 op.102 
J. Brahms      Concerto for violin, cello and orchestra in A minor op.102
                                                바이올린 양인모, 첼로 문태국

​

*인천문화예술회관 홈페이지 https://www.incheon.go.kr/art/
*인천문화예술회관 공식 블로그 https://blog.naver.com/artspr 
*인천문화예술회관 페이스북 http://bitly.kr/nmuR98SqgX
*인천문화예술회관 카카오톡채널 https://pf.kakao.com/_mcxdXxb",UCrFUIM--ORpvlaSMgELJ9zQ,인천문화예술회관,2021-09-17T15:00:11Z,2185,36.42,False,3990.0,126.0,11.0,https://www.youtube.com/watch?v=UXTx5AcRM6A,1610,224,PF233128,제423회 인천시립교향악단 정기연주회,서양음악(클래식),아트센터 인천 콘서트홀,2024-06-21,2024-06-21,,,,shard_40,review,"candidate work ""브람스"" found but ambiguous among 2 instances",general
NFiQ0PkJ3EQ,부산시립교향악단 -  브람스: 교향곡 제 4번 [1986/LP],"부산시립교향악단 - 브람스: 교향곡 제 4번 [1986]

부산시립교향악단
지휘: 박종혁

브람스: 교향곡 제 4번 마단조, op.98
 - A1: I. Allegro non troppo [0:00]
 - A2: II. Andante moderato [13:36]
 - A3: III. Allegro giocoso [26:05]
 - A4: IV. Allegro energico e passionato (Theme and Variations) [32:46]

지구레코드",UCFPqSGTSBNdLHyAzM3E0crg,Minheum Cho,2020-04-10T14:11:51Z,2622,43.7,False,672.0,8.0,1.0,https://www.youtube.com/watch?v=NFiQ0PkJ3EQ,2130,180,PF263486,"제46회 울산시립청소년교향악단 정기연주회, 전원",서양음악(클래식),울산문화예술회관 소공연장,2025-05-24,2025-05-24,,,,shard_40,review,"candidate work ""브람스"" found but ambiguous among 2 instances",general
_buXHPDqjZY,사물놀이를 위한 협주곡 | 루체하모니오케스트라 제4회 정기연주회 |성인아마추어오케스트라,,UCovjspQlK4zDziLaQQMaZzQ,루체예술단 Luce Art Company,2023-04-02T09:29:54Z,61,1.02,False,492.0,11.0,0.0,https://www.youtube.com/watch?v=_buXHPDqjZY,1200,586,PF265771,제68회 안산시립국악단 정기연주회 [안산],한국음악(국악),안산문화예술의전당 해돋이극장,2025-06-05,2025-06-05,,,,shard_40,review,"candidate work ""하모니"" found but ambiguous among 2 instances",general
vudOyGWwOlw,국립국악원 토요명품공연 [2019.08.10.],"07. 한량무(임이조류)
 ○ 무용/김진우, 태평소/이재혁, 사물/이홍구·오영환·박은하·이대원


○ 해당공연 및 다양한 자료를 보시려면 https://archive.gugak.go.kr/portal/main 로 이동하십시요.
○ 주최 및 촬영/국립국악원[National Gugak Center]",UCmN4xFSlmWw-_d2riM-ep0A,국립국악원 National Gugak Center,2019-10-25T05:09:22Z,549,9.15,False,2728.0,38.0,1.0,https://www.youtube.com/watch?v=vudOyGWwOlw,72700,3576,PF288706,"국립남도국악원 토요상설: 국악이 좋다, 가무극 날 좀 보소",한국음악(국악),국립남도국악원 진악당,2026-05-09,2026-05-09,,,,shard_40,review,"candidate work ""토요명품"" found but ambiguous among 2 instances",general
YYGyC1qnr78,국립국악원 토요명품공연[2016.04.09.] 03.천년만세,"03. 천년만세
천년만세는 국립국악원 전승 영산회상의 뒷풍류에 별도로 붙여진 아명이다. 영산회상 끝에 연주되는 계면가락도드리, 양청도드리, 우조가락도드리의 세 곡을 부르는 이름이다. 
세 곡은 ‘느리고-빠르고-느린’ 속도의 변화가 있다. 원래 영산회상 모음곡에 해당하는 상령산부터 군악까지를 본풍류, 위 세 곡을 뒷풍류로 분류하며, 뒷풍류는 본풍류에 이어서 연주하기도 하지만 통상 별도의 악곡처럼 연주하기도 한다.

 ○ 피리/윤형욱, 대금/김상준, 단소/김휘곤, 해금/황애자, 가야금/이유나, 거문고/채은선, 양금/조유회, 장구/홍석복",UCmN4xFSlmWw-_d2riM-ep0A,국립국악원 National Gugak Center,2016-04-12T08:50:25Z,567,9.45,False,171994.0,789.0,76.0,https://www.youtube.com/watch?v=YYGyC1qnr78,72700,3576,PF288706,"국립남도국악원 토요상설: 국악이 좋다, 가무극 날 좀 보소",한국음악(국악),국립남도국악원 진악당,2026-05-09,2026-05-09,,,,shard_40,review,"candidate work ""토요명품"" found but ambiguous among 2 instances",general
eFA3wTc6wE8,국립국악원 토요명품공연 [2018.06.02.],"03. 쌍무고
 ○ 원무/김혜자·이명희·이지연·김태은·김영신·윤은주·이지은·이주리
 ○ 협무/장민하·최형선·김혜영·김진정·이정미·이주희·백미진·정승연
 ○ 집박/채조병
 ○ 피리/민지홍·김인기, 대금/이결·이종범, 해금/한갑수·이찬미
 ○ 장구/홍석복, 좌고/정택수

○ 해당공연 및 다양한 자료를 보시려면 https://archive.gugak.go.kr/ArchivePortal/index.jsp 로 이동하십시요.
○ 주최 및 촬영/국립국악원[National Gugak Center]",UCmN4xFSlmWw-_d2riM-ep0A,국립국악원 National Gugak Center,2018-06-19T00:26:23Z,440,7.33,False,14696.0,111.0,5.0,https://www.youtube.com/watch?v=eFA3wTc6wE8,72700,3576,PF288706,"국립남도국악원 토요상설: 국악이 좋다, 가무극 날 좀 보소",한국음악(국악),국립남도국악원 진악당,2026-05-09,2026-05-09,,,,shard_40,review,"candidate work ""토요명품"" found but ambiguous among 2 instances",general
qWgleaftrnM,-꿈꾸는하모니 - 초등학교 합창  #전국소년소녀합창경연대회 결선진출 #연세대 백주년기념관콘서트홀 #합창동아리 #음악교사 #합창지휘자,,UCHOujpM65Fg7WbSaOobRRww,꿈꾸는 하모니,2023-06-12T05:58:41Z,12,0.2,True,49067.0,367.0,,https://www.youtube.com/watch?v=qWgleaftrnM,7500,362,PF271390,제131회 울산시립합창단 정기연주회: 합창종합선물세트,서양음악(클래식),울산문화예술회관 대공연장,2025-09-18,2025-09-18,,,,shard_40,review,"candidate work ""하모니"" found but ambiguous among 2 instances",shorts
8cSWnjRV1PY,"울산 남구 구립합창단 제4회 정기연주회 ""헨델 오라토리오 메시아""","울산 남구 구립합창단 제4회 정기연주회
""헨델 오라토리오 메시아""

2025년 12월 9일 화요일 19시30분 
울산문화예술회관 대공연장

합창 울산 남구 구립합창단
오케스트라 협연  울산 남구 구립교향악단
솔리스트  소프라노 박인경, 카운터테너 윤진태, 테너 조윤환, 바리톤 김대수
피아노 최혜민
지휘 김동욱

G. F. Handel’s Oratorio
MESSIAH
헨델의 오라토리오 메시아

0:00

Part the First

1. Sinfony 3:33

2. Comfort ye (Accompagnato: Tenor) 7:20

3. Ev'ry valley (Song: Tenor) 10:05

4. And the glory of the Lord (Chorus) 13:37

5. Thus saith the Lord (Accompagnato: Bass) 16:56

6. But who may abide (Song: Countertenor) 18:52

7. And he shall purify (Chorus) 23:;25

12. For unto us a child is born (Chorus) 25:52

17. Glory to God (Chorus) 30:15

18. Rejoice greatly (Song: Soprano) 32:40

21. His yoke is easy (Chorus) 37:35

 

Part the Second

23. He was despised (Song: Countertenor) 40:06

24. Surely He hath borne our griefs (Chorus) 44:53

26. All we, like sheep (Chorus) 46:42

29. Thy rebuke hath broken His heart 51:00

(Accompagnato: Tenor)

30. Behold and see (Song: Tenor) 52:30

33. Lift up your heads (Chorus) 53:50

36. Thou art gone up on high (Song: Countertenor) 57:33

38. How beautiful are the feet (Song: Soprano) 1:00:52

40. Why do the nations (Song: Bass) 1:03:14

43. Thou shalt break them (Song: Tenor) 1:06:28

44. Hallelujah (Chorus) 1:08:30

 

Part the Third

45. I know that my Redeemer liveth (Song: Soprano) 1:12:30

46. Since by man came death (Chorus) 1:19:30

48. The trumpet shall sound (Song: Bass) 1:21:32

53. Worthy is the Lamb (Chorus) 1:25:55

54. Amen (Chorus) 1:29:15",UCD4omg1kW7twrKmm5rCOnPw,울산 남구립합창단,2026-01-06T18:12:34Z,5970,99.5,False,544.0,5.0,0.0,https://www.youtube.com/watch?v=8cSWnjRV1PY,49,7,PF271390,제131회 울산시립합창단 정기연주회: 합창종합선물세트,서양음악(클래식),울산문화예술회관 대공연장,2025-09-18,2025-09-18,,,,shard_40,review,"candidate work ""구구"" found but ambiguous among 2 instances",general
VT0-sY0jmSk,발레리나들도 어렵다는 그작품🦢백조의 호수 #shorts #발레,"발레하면 바로 떠오르는 이미지는? ""🦢"" 백조의 호수죠? 오늘은 미국 ABT 발레단의 질리언 머피와 러시아 mariinsky 발레단의 울리야나 로파트키나 발레리나 비교 영상입니다!",UCJSp4GqXKkQB2Um0hhgeM3Q,발레하는 펄리나 PEARLINA,2023-05-18T12:30:28Z,36,0.6,True,773769.0,11133.0,434.0,https://www.youtube.com/watch?v=VT0-sY0jmSk,57100,507,PF262691,"국립발레단, 호두까기인형 [부산]",무용(서양/한국무용),부산시민회관 대극장,2025-12-05,2025-12-06,,,,shard_41,review,"candidate work ""백조의 호수"" found but ambiguous among 6 instances",shorts
1dd-5AY2nQ8,[4K] 220114 안성 2022 신년음악회 김성식(Kim SungSik) - 참 예뻐요 | 뮤지컬 빨래,,UCUMjoaf2DNXgdAv5NpFSLiw,치치,2022-01-17T10:53:21Z,343,5.72,False,4252.0,93.0,6.0,https://www.youtube.com/watch?v=1dd-5AY2nQ8,476,60,PF248002,레미제라블 [안성],무용(서양/한국무용),안성맞춤아트홀 대공연장,2024-10-18,2024-10-19,,,,shard_41,review,"candidate work ""빨래"" found but ambiguous among 3 instances",general
TcNL9S2V7yk,"대전시립청소년합창단과 시민 100명, 모두 160명이 부르는‘7030대전 희망의 하모니’... 공연 일주일 전 ‘합창연습 엿보기’","“대전시립청소년합창단이 올해 7030 즉 시 승격 70주년 광역시 승격 30주년을 맞이해서 무엇인가 특별한 의미있는 공연을 기획하면 참 좋을 것 같다라는 생각이 들어서 제가 작년에 이렇게 구상을 한 번 해봤습니다. 그래서 대전에 사시는 70년 되신 분들과 30년 동안 대전에 이주하셔서 아니면 태어나셔서 30년 동안 사신 30분... 70분, 30분을 모아서 100분의 일반 시민들을 초대했습니다. 그래서 그분들과 함께 저희 시립청소년합창단 단원들과 총 160명 정도가 이번 연출을 하게 됐습니다. 저는 참 뜻이 깊은 것이 여태까지 이렇게 일반 시민들과 함께 시립예술단이 같이 합동공연을 한 것이 거의 없습니다. 그래서 저희가 이번 뜻있는 해를 맞이해서 연주회를 개최한 것에 대해서 굉장히 기쁘게 생각합니다. 그리고 저희 합창단과 함께 참여해주신 시민들께 감사의 말씀을 드리고 싶습니다.” - 천경필 대전시립청소년합창단 예술감독 겸 지휘자

지난 8월 29일 오후 7시 30분 남들은 다 퇴근하는 저녁 시간에 대전문화예술의전당 1층 대전시립청소년합창단 연습실에 웬일인지 나이 지긋한 분들이 모였습니다.

알고 보니 대전시립청소년합창단이 대전시 출범 70주년과 대전광역시 승격 30주년을 맞아 기획한 뜻 깊은 공연에 참여하는 시민합창단이라네요.

9월 7일(토요일) 오후 5시 대전예술의전당 앙상블 홀에서 열릴 ‘시민과 함께 노래하는 7030 희망의 합창’공연을 위해 모이신 분들이라지요.   

대전시립청소년합창단 단원 60명에 시민합창단 100분 등 모두 160명이 그날 대전 하늘에 미래를 여는 아름다운 하모니를 수놓을 예정입니다.  

특히 시민합창단은 대전에서 70년을 사신 분들 70분, 그리고 대전으로 이주했거나 태어나 30년 동안 대전에서 사신 30분 등 모두 100명으로 구성해 ‘7030’의 의미를 더욱 깊게 했습니다.  

모두 엄격한 선발 과정을 통해 뽑힌 분들이라지요. 

대전의 미래인 청소년들과 대전을 일구어온 주역인 시민들의 만남, 그리고 화음으로 어우러져 노래하는 화합과 감동의 무대가 아닐 수 없습니다.

마침 이날이 연습 첫날이라네요. 

홀로 참여해 노익장을 과시하는 분들도 있고, 자식들과 함께 참여하신 분들과 부부가 손을 잡고 함께 참여한 분들도 있더라구요.   

그래서 참여한 분들의 이야기를 들어봤습니다.

......중략........

“대전시민여러분 꼭 보러 오세요”

감사합니다. 

모둠티비 ‘구독’ ‘좋아요’ ‘알람설정’은 힘이 됩니다.",UCfEovDpcaJuxYyvboxW18QQ,모둠TV,2019-09-04T08:28:06Z,1206,20.1,False,1283.0,32.0,3.0,https://www.youtube.com/watch?v=TcNL9S2V7yk,3250,203,PF270840,"청소년합창페스티벌, 대전시립청소년합창단 기획연주회 Ⅲ",서양음악(클래식),대전예술의전당 앙상블홀,2025-09-13,2025-09-13,,,,shard_41,review,"candidate work ""하모니"" found but ambiguous among 2 instances",general
OT0LqZKyyVg,별주부전 영상,인뮤직컴퍼니의 국악 마당극 별주부전입니다.,UCp6LOdWDp1Kz2-VMzxQjHQA,JEONGIN SHIN,2019-04-08T11:05:14Z,121,2.02,False,184.0,0.0,0.0,https://www.youtube.com/watch?v=OT0LqZKyyVg,1,3,PF244466,신 별주부전 [천안],서양음악(클래식),천안예술의전당 대공연장,2024-09-12,2024-09-12,,,,shard_41,review,"candidate work ""별주부전"" found but ambiguous among 3 instances",general
n01H_Dj5Ey8,#장구의신박서진#사천별주부전축제#인기폭발#멋진공연,"#박서진 #사천별주부전축제 #인기폭발 #멋진공연 #흥해라
밀어밀어 #화요일은밤이좋아 #TV조선 #링크공유합니다 감사합니다💛
❤공식영상❤휘모리장단으로 🤜🏻더운 여름 날씨를 ‘밀어밀어’♪ TV CHOSUN 220726 방송
출처 : 화요일은 밤이 좋아 | 네이버TV
http://naver.me/xxpjdeEZ

#박서진 #천년지기 #화요일은밤이좋아 #TV조선 #링크공유합니다 감사합니다💛
💖공식영상💖장구에 접신 된 박서진의 신명나는 무대🙊 ‘천년지기’♫ TV CHOSUN 220726 방송
출처 : 화요일은 밤이 좋아 | 네이버TV
http://naver.me/x0Gl0mMs

#박서진 #꽃이핍니다 
💛공식영상💛YouTube에서 '박서진(신곡) - 꽃이핍니다' 보기
https://youtu.be/vhpaspbJY1k

❤공식❤- 장구의 신! 가수 박서진 공식팬카페★ - http://m.cafe.daum.net/school1951/_rec",UC_KGfrjcUdtRBek69rNkxyw,노란별경짱,2022-07-30T15:51:28Z,1287,21.45,False,6704.0,789.0,28.0,https://www.youtube.com/watch?v=n01H_Dj5Ey8,47300,5046,PF244466,신 별주부전 [천안],서양음악(클래식),천안예술의전당 대공연장,2024-09-12,2024-09-12,,,,shard_41,review,"candidate work ""별주부전"" found but ambiguous among 3 instances",general
yKgZNe3lgsU,2006 별주부전,"2006년 학습발표회 영어뮤지컬 별주부전 사진

-
Created with AquaSoft SlideShow Ultimate: http://www.aquasoft.net",UC6O9g0iUG2HVngqYAiUgCzQ,김윤옥,2010-12-28T03:54:48Z,121,2.02,False,336.0,1.0,0.0,https://www.youtube.com/watch?v=yKgZNe3lgsU,0,5,PF244466,신 별주부전 [천안],서양음악(클래식),천안예술의전당 대공연장,2024-09-12,2024-09-12,,,,shard_41,review,"candidate work ""별주부전"" found but ambiguous among 3 instances",general
w324XfKnAuY,구례 중동초등학교 2015년 학예회발표 / 초등 3학년 연극별주부전,"구례 중동초등학교 학예회 발표 / 초등학교 3학년 연극 별주부전
산수유마을 학교",UCg7Qq2dtmEvxuzpKc8v8djw,지리산과 하나되기 산수유마을,2015-11-07T01:31:25Z,326,5.43,False,3364.0,15.0,7.0,https://www.youtube.com/watch?v=w324XfKnAuY,24,37,PF244466,신 별주부전 [천안],서양음악(클래식),천안예술의전당 대공연장,2024-09-12,2024-09-12,,,,shard_41,review,"candidate work ""별주부전"" found but ambiguous among 3 instances",general
zkAUHDizNQg,ETB 교육산업신문TV - 공주 석송초 4~6학년 어린이들 영어연극 별주부전 공연,공주 석송초등학교(교장 서병렬) 4~6학년 어린이들이 12월 14일 공주문예회관에서 별주부전을 영어로 연극했다.,UCNDxjzj_9ieifNiXtl3aYCA,문학채널,2012-12-16T11:34:37Z,489,8.15,False,685.0,3.0,0.0,https://www.youtube.com/watch?v=zkAUHDizNQg,12200,4144,PF244466,신 별주부전 [천안],서양음악(클래식),천안예술의전당 대공연장,2024-09-12,2024-09-12,,,,shard_41,review,"candidate work ""별주부전"" found but ambiguous among 3 instances",general
b-P3J3VXQx0,[수원야행] (국악) 별주부전 - 난감하네 소리꾼김보성 직캠X노랫말,"수원야행 한옥기술전시관 앞마당에서 공연된 국악 별주부전 -난감하네 직캠 입니다. -소리꾼 김보성 

[가사]
남해용왕 우연득병하여 아무리 약을써도 백약이 무효라~
이때 용왕꿈속에 신령나타나 토끼간이 제약이라 일러주니~
이말을 들은 용왕, 별주부에게 명하기를~ “토끼를 잡아오너라~”허니,
이말 들은 별주부 말 허기를...

난감하네~ 난감하네~
난감하네~ 난감하네~
세상이 어디요~ 육지가 어디요~
토끼가 누구요~ 어찌 생겼소~
그놈에 간을 어찌 구한단말이요~
나나나나나나나나 나~ 난감하네~

돈싫소 명예싫소 벼슬도 싫소~
세상에 나가긴 더욱 더 싫소~
어찌저 험한세상 간단 말이요~
아이고 불쌍한 내신세야~
어허~~~ !!
난감하네 ~ 

어찌혔든 이리하여 별주부 세상에 나오는디~
정신없이 토끼를 찾아다닐적에 어느날 저~ 멀리
코는 오똑 귀는 쫑끗 입은 방긋~
아~ 저놈이 바로 토끼렸다.
이에 별주부 허는말이~

아이고~ 토선생 정말 방갑소~
나는 용궁서온 별주부이요~
용왕님께서 큰상 주신다 허니~
자자자자자자자자 자~ 용궁갑 시다~

거리엔 산해진미 너엄 처나고~
건물은 모두 황금으로 지었고~
게다가 벼슬까지 하실거이니~
나와~ 용궁~ 가서 
부귀영화 누립시다 ~~

이말들은 토끼 말허기를...

어어어어허~~~~“싫다 이놈아”

어~어~어어~ 어

남해용왕 우연득병하여 아무리 약을써도 백약이 무효라
이에 별주부에게 토끼에 간을 구하라 하니
이말들은 별주부 말 허기를....

어어어어허~ 난감하네!!",UCUpA8SaDPK5n_muaBaS3Y3g,FRUITISLAND,2018-09-12T01:43:02Z,216,3.6,False,1484.0,9.0,1.0,https://www.youtube.com/watch?v=b-P3J3VXQx0,5370,162,PF244466,신 별주부전 [천안],서양음악(클래식),천안예술의전당 대공연장,2024-09-12,2024-09-12,,,,shard_41,review,"candidate work ""별주부전"" found but ambiguous among 3 instances",general
bCQ7UvQjL78,초등 5학년 별주부전 연극,,UCxksOe4rQd1xZrLROrcZYJQ,BORA Sophia CHUNG,2014-07-25T04:57:25Z,588,9.8,False,2533.0,6.0,,https://www.youtube.com/watch?v=bCQ7UvQjL78,14,16,PF244466,신 별주부전 [천안],서양음악(클래식),천안예술의전당 대공연장,2024-09-12,2024-09-12,,,,shard_41,review,"candidate work ""별주부전"" found but ambiguous among 3 instances",general
2UOKYGLBYFw,#장구의신 *박서진* 사천 비토별주부전축제 #꽃이핍니다[연꽃],"(2022년7월30일)#장구의신 #박서진 #사천 #비토별주부전축제
#서포면 #비토해양낚시공원

#삼천포아가씨 #꽃이핍니다 #항구의남자 #나무꾼 #메들리
#18세순이 #청춘을돌려다오 #사랑의트위스트

※본 영상은 광고수익창출을 하지 않습니다

장구의 신*박서진*의 ‘꽃이 핍니다’♬ | KBS 220817 방송 
출처 : 네이버TV
 - https://naver.me/G1Ifpr8z

KBS 가요무대 *박서진* 봉선화 연정
https://m.tv.naver.com/v/27754497

TV조선 국가가부른다 *박서진*호랑나비
https://m.tv.naver.com/v/27684256

TV조선 국가가부른다 *박서진* 테스형
https://m.tv.naver.com/v/27684333

💖 장구의신 가수 *박서진* 공식팬카페 
https://m.cafe.daum.net/school1951

💖 장구의신 가수 *박서진* 유튜브채널 
   https://m.youtube.com/channel/UCInYIznyqojL4rJc83pSJQA",UClvdyXzlcQqKL9xh9HIdY_w,연꽃,2022-08-19T06:18:11Z,1235,20.58,False,4545.0,357.0,11.0,https://www.youtube.com/watch?v=2UOKYGLBYFw,54800,1132,PF244466,신 별주부전 [천안],서양음악(클래식),천안예술의전당 대공연장,2024-09-12,2024-09-12,,,,shard_41,review,"candidate work ""별주부전"" found but ambiguous among 3 instances",general
isqpcOMO-dM,별주부전,"문흥 한마음 축제
3학년 별주부전 연극",UCCEphTrkdfVMMEqnbsfNeVw,Christy Jo,2018-10-25T10:01:15Z,158,2.63,False,418.0,4.0,0.0,https://www.youtube.com/watch?v=isqpcOMO-dM,127,97,PF244466,신 별주부전 [천안],서양음악(클래식),천안예술의전당 대공연장,2024-09-12,2024-09-12,,,,shard_41,review,"candidate work ""별주부전"" found but ambiguous among 3 instances",general
fmqYqQ3ZiU4,2018 사랑과 희망의 하모니(LOVE and HOPE in HARMONY),"2018. 12. 1(토) 오후 5:00 - 예술의전당 콘서트홀
주최 : (사)함께한대
지휘 금노상 
호른 김홍박, 바이올린 김응수, 소프라노 캐슬린 킴, 테너 김우경
사회 백승주",UCJRA-HC0zj3468_IQ2HDz8g,BlueEYE Entertainment,2018-11-16T01:13:59Z,71,1.18,False,358.0,0.0,0.0,https://www.youtube.com/watch?v=fmqYqQ3ZiU4,35,53,PF273388,제438회 인천시립교향악단 정기연주회 [인천],서양음악(클래식),아트센터 인천 콘서트홀,2025-11-14,2025-11-14,,,,shard_42,review,"candidate work ""하모니"" found but ambiguous among 2 instances",general
IRAecVusp-s,브람스 교향곡 제3번 / 정명훈 지휘 J. Brahms - Symphony No.3(2025.06.),"00:00 I. Allegro con brio - Un poco sostenuto 생기 있게 빠르지만, 약간 끌듯이
12:38 II. Andante 느리게
22:05 ★ III. Poco allegretto 조금 더 빠르게
29:03 IV. Allegro-Un poco sostenuto 경쾌하게-조금씩 길게 끌어가며
37:11 박수(Applause)

★= 곡의 하이라이트 악장

이번 영상은 새롭게 음질 개선 작업이 이뤄진 시범 영상입니다.
음질 관련해서 아쉬운 부분이 있으시다면 자유롭게 의견을 남겨주세요~
현실적으로 가능한 부분은 최대한 반영하여 공연 현장의 감동을 디지털로도 잘 느끼실 수 있도록 노력하겠습니다.🥰

아래 설명과 함께 감상하면 재미가 2배가됩니다!👇

1. 작품 소개👀

이 작품에서 브람스가 사용한 의미는 그의 음악적 친구였던 바이올리니스트 요제프 요아힘의 음악 모토인 ‘자유롭게 그리고 외롭게’(Frei aber einsam)을 뜻하는 FAE 음정에서 영감을 받았다.  
그는 완성한 '교향곡 제3번 악보'를 클라라 슈만의 생일을 축하하는 의미로 보냈다. 클라라는 “얼마나 멋진 작품인가! 얼마나 멋진 시인가! 가장 좋아하는 악장이 무엇인지 결코 말할 수 없다. 모든 악장이 하나의 조각, 심장의 한 박동, 모두 보석 같다”는 극찬의 답장을 보냈다.  

1악장. 생기 있게 빠르지만, 약간 끌듯이 Allegro con brio - Un poco sostenuto
F-A♭-F 음이 밝고 안정적인 속도로 나아간다. 현악기가 주제를 끌어가며 금관과 목관악기에서 차곡차곡 이어간다. 작은 낭만의 선율들은 강렬한 동기로 발전해 간다. 불안정한 리듬 구조에 쌓인 오케스트라 모든 악기들의 노래가 흥겹다.  

2악장.  느리게 Andante
고요하고 편안하다. 목관악기의 아름다운 노래는 현악기와 함께한다. 따사로운 햇살처럼 비추는 오케스트라의 음색들이 브람스만의 서정적 움직임을 보여준다. 클라라 슈만은 2악장에 대해 “순수한 낙원, 시냇물 소리와 곤충들의 윙윙거리는 소리가 들린다. 자연의 즐거운 품속으로 끌려 들어가는 기분이다”라는 감상을 브람스에게 편지로 보냈다.

3악장. 조금 더 빠르게 Poco allegretto 
클라라 슈만은 “세 번째 악장은 진주이지만, 비탄의 눈물에 담긴 회색 진주”와 같다는 느낌을 남겼다. 그의 감상처럼 이 악장의 정서는 슬픔이다. 아득한 선율의 노래는 느려지는 대신 조금씩 빨라진다. 그 가운데에서 맴도는 선율들이 점점 거세어졌다 다시 사라져간다. 특히 호른의 노랫소리가 아름답다. 

4악장. 경쾌하게-조금씩 길게 끌어가며 Allegro-Un poco sostenuto
브람스는 마지막 악장에 단조를 사용해, 당대의 관습에 도전했다. 극적인 멜로디와 화성의 전개 속에서 솟아오른다. 힘차고 밝은 노래들이 한 곳을 향해 달려가는 듯하다. 웅장한 타악기의 울림들이 재빠르게 상승하는 선율들을 감싸안는다. 이 걸음들은 아주 작은 소리의 움직임으로 이어진다. 고요한 가운데에서 1악장의 F-A♭-F의 주제가 울리며 사라진다.

[해당 공연 프로그램 북 중 발췌] 글 정은주(음악 칼럼니스트) -

본 영상은 KBS 중계석의 방영분을 활용하였습니다. 

[마스터즈 시리즈II / KBS교향악단 X 정명훈의 브람스 III, IV]

▶ 일시 및 장소
2025년 6월 5일 (목) / 롯데콘서트홀

▶ 출연
지휘 | 정명훈

▶ 프로그램
브람스 | 교향곡 제3번 F장조, 작품 90

[Masters Series II / KBS Symphony Orchestra X Myung-whun Chung's Brahms III, IV]

▶ Date and Venue
Jun. 5th (Thu) / Lotte Concert Hall

▶ Artists
Cond) Myung-Whun Chung

▶ Program
J. Brahms | Symphony No.3 in F Major, Op. 90


#정명훈 #브람스 #brahms",UCUqNn2bpiOC6JPhMcf6wRYw,KBS교향악단,2025-11-07T08:21:44Z,2250,37.5,False,79017.0,1162.0,67.0,https://www.youtube.com/watch?v=IRAecVusp-s,223000,657,PF248554,"대한민국은 공연중, K-클래식: KBS교향악단, 가을의 서정",서양음악(클래식),국립극장 해오름극장,2024-10-27,2024-10-27,,,,shard_42,review,"candidate work ""브람스"" found but ambiguous among 2 instances",general
b2gpuBLaTi8,[주말&문화] 신진 작가들 전시회부터 브람스 연주회까지 / KBS  2023.03.17.,"새싹이 돋아나는 봄을 맞아 울산 화단의 새싹들인 신진 작가들의 작품이 한 자리에 모였습니다.

 울산미술협회가 주최하는 ON 2023 신진작가전.

 울산미협 신입회원을 중심으로 26명의 작가가 참여해 서양화, 문인화, 공예 등 다양한 분야의 작품을 선보입니다.

 [김봉석/울산미술협회 회장  :  ""기존에 보지 못했던, 그리고 새로운 물결이나 새로운 시도, 그런 작품의 경향도 신진 작가들을 통해서 보실 수 있는 계기가 될 수 있을 것입니다.""]

 전시는 다음주 월요일까지 이어집니다.

 창작예술소에서 작품 활동을 하는 작가들의 작품입니다.

 지난달에 북구 예술창작소 소금나루 2014에 입주한 10기 작가 6명의 첫 전시회.

 한국화와 서양화, 입체 설치 작품, 영상 미술 등이 일상의 순간부터 정체성과 관계에 대한 고민 등 심도 깊고 다양한 주제들로 보는 이들에게도 사색의 시간을 제공합니다.

 이번 전시는 이달 말까지 북구 예술 창작소 소금나루 2014에서 진행됩니다.

 울산시립교향악단의 제228회 정기연주회가 24일 저녁 8시에 시민들을 찾아갑니다.

 브람스의 정수를 주제로 브람스의 교향곡 제 4번 마단조 작품98과 리스트의 교향시 3번 ‘전주곡’, 리스트의 ‘피아노 협주곡 제 2번’을 연주합니다.

 주말 앤 문화 김희윤입니다.

 촬영기자:김용삼",UCZ5vHhRDF3p9xwMmsX73tCw,KBS울산,2023-03-17T16:05:25Z,119,1.98,False,119.0,3.0,0.0,https://www.youtube.com/watch?v=b2gpuBLaTi8,17300,4861,PF272748,제216회 성남시립교향악단 정기연주회,서양음악(클래식),성남아트센터 콘서트홀,2025-09-23,2025-09-23,,,,shard_42,review,"candidate work ""브람스"" found but ambiguous among 2 instances",general
v1Cwn6aYKw8,220730 웰컴 대학로 웰댕 | 오세요 - 한보라 (랑 창작뮤지컬 콘서트 / 뮤지컬 쿠로이 저택엔 누가 살고 있을까?),"220730 웰컴 대학로 웰댕

랑 창작뮤지컬 콘서트
뮤지컬 쿠로이 저택엔 누가 살고 있을까?
오세요 - 한보라가네코

#배우한보라 #한보라
#뮤지컬 #쿠로이저택엔누가살고있을까
#오세요 #한보라가네코",UCaB2DX1DdJXV9itmHfMTszA,carotte,2022-07-30T16:40:43Z,142,2.37,False,258.0,7.0,2.0,https://www.youtube.com/watch?v=v1Cwn6aYKw8,45,201,PF266238,사의 찬미 [횡성],뮤지컬,횡성문화예술회관 대공연장,2025-06-27,2025-06-28,,,,shard_43,review,"candidate work ""쿠로이 저택엔 누가 살고 있을까?"" found but ambiguous among 5 instances",general
l4Jmlvsg8YU,김해봉황초_이상한나라의앨리스,"Created with Stop Motion Studio. Available for iPhone, iPod and iPad on the AppStore. http://itunes.apple.com/us/app/id441651297?mt=8&at=10lGyj&ct=yt",UCN-PWRP5FwN1oge_DJsAW-w,케챱,2015-09-08T04:22:20Z,62,1.03,False,48.0,0.0,0.0,https://www.youtube.com/watch?v=l4Jmlvsg8YU,11,19,PF242143,헨젤과 그레텔 [김해],무용(서양/한국무용),김해서부문화센터 하늬홀,2024-07-13,2024-07-13,,,,shard_43,review,"candidate work ""이상한 나라의 앨리스"" found but ambiguous among 4 instances",general
J2gdXmD8Dzc,20200627 뮤지컬 6시퇴근 낮공 커튼콜 퇴장모습,"6시퇴근 배우님들 퇴장모습
#박웅배우님 
#임강성배우님 
#정휘욱배우님
#김소정배우님 
#신진경배우님
#류경환배우님
#정인지배우님",UCQzpUrBrXCETzWizg0a9LYA,The JYKM,2020-07-03T16:33:42Z,35,0.58,True,94.0,0.0,0.0,https://www.youtube.com/watch?v=J2gdXmD8Dzc,3440,3294,PF243437,NEW 달을 품은 슈퍼맨 [정읍],뮤지컬,정읍사예술회관,2024-07-26,2024-07-26,,,,shard_43,review,"candidate work ""6시 퇴근"" found but ambiguous among 3 instances",shorts
TPqh5ophNDU,14.11.08. 뮤지컬 정글라이프 커튼콜_김지온(F),"2014년 11월 8일 
뮤지컬 정글라이프 커튼콜

오레오_박태성
홍호란_김윤지
사수미_고현경
하예나_한수연
이원순_이든
피동희_김지온
미화_이세나


#김지온 #뮤지컬 #커튼콜 #정글라이프",UCHOdgml_0ohPidR7QZYiZ6g,hyoni,2023-04-28T04:21:45Z,109,1.82,False,47.0,0.0,0.0,https://www.youtube.com/watch?v=TPqh5ophNDU,220,566,PF243437,NEW 달을 품은 슈퍼맨 [정읍],뮤지컬,정읍사예술회관,2024-07-26,2024-07-26,,,,shard_43,review,"candidate work ""정글라이프"" found but ambiguous among 6 instances",general
hv76mjaYm7c,20160210 뮤지컬 정글라이프 :) 커튼콜,"Cast. 이준혁, 이미지, 류단오, 황재열, 조환준, 한다은, 김채은",UCbK9-0Szs1AvVZu7Iqo9uGg,heeya0522,2016-02-11T01:43:53Z,316,5.27,False,106.0,0.0,0.0,https://www.youtube.com/watch?v=hv76mjaYm7c,255,729,PF243437,NEW 달을 품은 슈퍼맨 [정읍],뮤지컬,정읍사예술회관,2024-07-26,2024-07-26,,,,shard_43,review,"candidate work ""정글라이프"" found but ambiguous among 6 instances",general
390dhdh_c9w,20191221 뮤지컬 정글라이프 커튼콜,"2019년 12월 21일 생중계한 뮤지컬 정글라이프의 커튼콜 영상입니다. 직장인의 현실을 보여주는 공감 스토리! 웰컴 튜더 정글~ 출연 : 김지온(피동희 역), 주종혁(오레오 역), 하미미(홍호란 역), 황재열(사수미 역), 손지애(하예나 역), 유동훈(이원순 역), 송나영(김미화 역)",UCfjKKt6Zu_QYBDcHb1mz5lg,덕학사전TV,2019-12-23T09:30:12Z,350,5.83,False,169.0,3.0,0.0,https://www.youtube.com/watch?v=390dhdh_c9w,1480,1154,PF243437,NEW 달을 품은 슈퍼맨 [정읍],뮤지컬,정읍사예술회관,2024-07-26,2024-07-26,,,,shard_43,review,"candidate work ""정글라이프"" found but ambiguous among 6 instances",general
ArrJ5b9IFqQ,2020. 01. 18(토) 뮤지컬 정글라이프 낮3시 🐛스페셜커튼콜 🌸근영미화,"2020. 01. 18(토) 뮤지컬 정글라이프 낮3시 공연★
-
🐛스페셜커튼콜 🌸근영미화🌸
-
#20200118 #뮤지컬 #정글라이프 #고스트씨어터 #와컴퍼니 #3시공연 #낮공연 #김지온 #원근영 #주종혁 #사다빈 #임호준 #손지애 #유동훈 #오레오 #종혁오레오 #사자 #어흥 🦁 #스페셜커튼콜 #동영상 #근영미화 #미화 #원근영",UCC3_AbGph4dyKX55hYFL5hw,러블리써니양,2020-01-19T12:47:21Z,319,5.32,False,534.0,7.0,0.0,https://www.youtube.com/watch?v=ArrJ5b9IFqQ,0,13,PF243437,NEW 달을 품은 슈퍼맨 [정읍],뮤지컬,정읍사예술회관,2024-07-26,2024-07-26,,,,shard_43,review,"candidate work ""정글라이프"" found but ambiguous among 6 instances",general
u0OtkEbemjA,"#shorts 키트리 캐스터네츠ㅣ누녜즈,오시포바) 발레 돈키호테 작품비교","로얄발레단 마리아넬라 누네즈
볼쇼이발레단 나탈리아 오시포바
돈키호테 키트리 캐스터네츠 바리에이션 작품 비교❤️",UCJSp4GqXKkQB2Um0hhgeM3Q,발레하는 펄리나 PEARLINA,2023-03-03T12:30:26Z,46,0.77,True,213515.0,4228.0,250.0,https://www.youtube.com/watch?v=u0OtkEbemjA,57100,507,PF243892,"국립발레단, 돈키호테 [대구]",무용(서양/한국무용),대구오페라하우스,2024-08-30,2024-08-31,,,,shard_44,review,"candidate work ""돈키호테"" found but ambiguous among 6 instances",shorts
4p4rwvIIRSc,칼리오페 합창단 '사랑아 왜 도망가'+'버터플라이' #한여름밤의음악회 #경산문화원 #하모니,"현장에서 들으며 잔잔한 감동을 먹은 아름다운 하모니.

칼리오페 합창단(경산문화원)
제14회 한여름 밤의 음악회





구독 알람⏰설정 해주시고 좋아요 꾹 눌러주세요!

감사합니다.",UCvtYU4MknmTLFzG7sFNmpSA,온마을TV,2022-07-21T16:25:23Z,470,7.83,False,759.0,10.0,0.0,https://www.youtube.com/watch?v=4p4rwvIIRSc,352,240,PF280197,제32회 경산시립합창단 정기연주회,서양음악(클래식),천마아트센터 그랜드홀,2025-12-02,2025-12-02,,,,shard_44,review,"candidate work ""하모니"" found but ambiguous among 2 instances",general
huEgRPmZqg8,"새야새야파랑새야 - 화성시민합창단  (라인여성, 라인남성)","화성시민합창단
제4회 경기남부합창페스티벌
광교호수공원
지    휘 김형걸
피아노 최선미",UC_dDeiy3DsGDtqHN0fwLAEQ,화성시민예술단,2023-04-20T14:00:43Z,310,5.17,False,175.0,0.0,0.0,https://www.youtube.com/watch?v=huEgRPmZqg8,23,6,PF279459,제174회 대전시립합창단 정기연주회: 크리스마스 오라토리오 [대전],서양음악(클래식),대전시립연정국악원 큰마당,2025-12-11,2025-12-11,,,,shard_44,review,"candidate work ""파랑새"" found but ambiguous among 3 instances",general
vufzDHdjaG0,[지니발레 10주년 기념 공연] 3. 잠자는 숲속의 미녀,"평범한 사람들의 아름다운 중독, 2013년 3월 30일 양천문화회관 대극장에서 지니발레아카데미 10주년 기념 공연이 있었습니다. 소중한 땀방울 속에 베어있는 꿈과 열정으로 만들어진 무대 설레이는 마음으로 여러분들 앞에 선보입니다.
[G.B.A] 일반인들을 위한 성인취미발레 전문학원[홍대역부근]http://cafe.daum.net/genieballet",UC1BjWT-24eOFqAKzG9JrMqQ,lhhcool,2013-05-12T04:24:44Z,143,2.38,False,8924.0,13.0,0.0,https://www.youtube.com/watch?v=vufzDHdjaG0,196,73,PF222331,슬리핑 뷰티 [양천],무용(서양/한국무용),양천문화회관 대극장,2023-08-04,2023-08-05,,,,shard_44,review,"candidate work ""잠자는 숲속의 미녀"" found but ambiguous among 7 instances",general
wsWNp3ELeYM,하남문화예술회관 뮤지컬 빨래,#뮤지컬 #빨래 #커튼콜 #하남문화예술회관,UC5_TidEzxhpD9oVntcZPR2A,쉼멍,2022-03-18T03:12:05Z,60,1.0,True,131.0,4.0,0.0,https://www.youtube.com/watch?v=wsWNp3ELeYM,106,40,PF243448,목 짧은 기린 지피 [춘천],뮤지컬,춘천인형극장 대극장,2024-07-27,2024-07-27,,,,shard_44,review,"candidate work ""빨래"" found but ambiguous among 3 instances",shorts
U5fCvMDqsXA,20131114  뮤지컬 빨래 14차 :))  커튼콜_ (ver.준혁롱고)_by Ssong★,"이준혁,최주리,조민정,김지훈,양미경,최정훈,우윤구,송은별",UCbK9-0Szs1AvVZu7Iqo9uGg,heeya0522,2013-11-15T07:00:14Z,169,2.82,False,60.0,0.0,0.0,https://www.youtube.com/watch?v=U5fCvMDqsXA,255,729,PF243448,목 짧은 기린 지피 [춘천],뮤지컬,춘천인형극장 대극장,2024-07-27,2024-07-27,,,,shard_44,review,"candidate work ""빨래"" found but ambiguous among 3 instances",general
C_pm2rzYHeo,서울시향 얍 판 츠베덴 브람스 교향곡  1번 커튼콜,,UCuD7sq1DPhBaxeuAPmpctJA,hongkid,2023-01-12T13:39:12Z,27,0.45,True,917.0,7.0,0.0,https://www.youtube.com/watch?v=C_pm2rzYHeo,531,226,PF230338,서울시향 얍 판 츠베덴의 쇼스타코비치 교향곡 7번,서양음악(클래식),롯데콘서트홀,2024-04-04,2024-04-05,,,,shard_45,review,"candidate work ""브람스"" found but ambiguous among 2 instances",shorts
hTDCNrsTpOw,얍 판 츠베덴×서울시향 아주 특별한 콘서트 커튼콜(Yapp Van Zweden×Seoul Philharmonic concert curtain call),,UCgiaeM9vxDtqVgZInwDOj0A,js group 0,2023-04-07T12:18:29Z,27,0.45,True,1640.0,23.0,0.0,https://www.youtube.com/watch?v=hTDCNrsTpOw,55,91,PF230338,서울시향 얍 판 츠베덴의 쇼스타코비치 교향곡 7번,서양음악(클래식),롯데콘서트홀,2024-04-04,2024-04-05,,,,shard_45,review,"candidate work ""서울시향 아주 특별한 콘서트"" found but ambiguous among 2 instances",shorts
wsWNp3ELeYM,하남문화예술회관 뮤지컬 빨래,#뮤지컬 #빨래 #커튼콜 #하남문화예술회관,UC5_TidEzxhpD9oVntcZPR2A,쉼멍,2022-03-18T03:12:05Z,60,1.0,True,131.0,4.0,0.0,https://www.youtube.com/watch?v=wsWNp3ELeYM,106,40,PF271145,서편제; The Original [춘천],한국음악(국악),춘천문화예술회관 공연장,2025-11-21,2025-11-22,,,,shard_45,review,"candidate work ""빨래"" found but ambiguous among 3 instances",shorts
RjNFioX-Wzs,아싸.나도신이다.강릉시 시립교향악단 찾아가는 음악회/송정해수욕장/2022.08.06#바이올리니스트 임지영#지휘자 정민#베토벤#생상스#멘델스존#로시니#브람스#요한스트라우스 1세,"휴가의 막바지에 시원한 바닷가에 울려퍼진 시립교향악단의 선율이
한여름밤을 로맨틱하게 물들여 주었습니다.
가족단위로 옹기종기 모여앉아 듣는 고급진 선율 이었습니다.
이렇게 오늘도 귀중한 하루가 의미있게 보내졌습니다.
늘그렇지만 감사하고 감사한일입니다.",UCXWBdRQ0I7qGeAizY-kRlJQ,아싸나도신이다.🦆,2022-08-07T23:15:00Z,3594,59.9,False,2359.0,32.0,13.0,https://www.youtube.com/watch?v=RjNFioX-Wzs,7080,798,PF250005,"강릉시립교향악단 기획연주, 가곡의 밤",서양음악(클래식),강릉아트센터 (구. 강릉문화예술관) 사임당홀 (대공연장) ,2024-10-24,2024-10-24,,,,shard_45,review,"candidate work ""브람스"" found but ambiguous among 2 instances",general
KywkpyjaZdQ,금난새지휘자와함께 성남시립교향악단 백조의호수왈츠연주,#금난새지휘자와함께#성남시립교향악단,UCQesuukc1ptfD-Vp17SJMXg,아송고현정 TV,2023-10-05T12:33:56Z,494,8.23,False,110.0,1.0,0.0,https://www.youtube.com/watch?v=KywkpyjaZdQ,3360,3244,PF250005,"강릉시립교향악단 기획연주, 가곡의 밤",서양음악(클래식),강릉아트센터 (구. 강릉문화예술관) 사임당홀 (대공연장) ,2024-10-24,2024-10-24,,,,shard_45,review,"candidate work ""백조의 호수"" found but ambiguous among 6 instances",general
hwv-ESS0cdU,2023금천구새해인사회 2023.1. 11일(금천구구립시니어합창단노윤섭지휘자),,UC8_fzVH4NuELWCc9rOh6vJw,양대원TV,2023-01-11T05:04:13Z,16,0.27,True,1421.0,12.0,0.0,https://www.youtube.com/watch?v=hwv-ESS0cdU,317,541,PF250005,"강릉시립교향악단 기획연주, 가곡의 밤",서양음악(클래식),강릉아트센터 (구. 강릉문화예술관) 사임당홀 (대공연장) ,2024-10-24,2024-10-24,,,,shard_45,review,"candidate work ""구구"" found but ambiguous among 2 instances",shorts
prrEd7XCn1k,울산 남구 구립교향악단 '2020 힐링 음악회' #무관중공연 #제71회정기연주회,"#울산남구 #구립교향악단 #코로나-19 #무관중공연 #클래식

남구 구립교향악단, 코로나-19 극복을 위한
제71회 정기연주회 ""2020 힐링 음악회""
2020. 5. 19(화) 오후 4시 무관중 공연

※ 프로그램 노트

01:45 요한 스트라우스 2세 봄의 소리 왈츠
10:15 차이코프스키 바이올린 협주곡 작품35 제1악장 보통 빠르게
31:40 바버 현을 위한 아다지오 작품11
40:26 프렌켈 “백학”
45:10 최진 “시간에 기대어”
56:01 베토벤 교향곡 제5번 다단조 작품67 제4악장 빠르게

※ 출연진

지휘: 이태은(남구 구립교향악단 상임지휘자)

협연
 바이올린 남수진
· 서울대학교 음악대학 졸업
· 텍사스 주립대학 음악대학 석사 및 박사 졸업
· 부천시립교향악단 상임단원 역임
· 현, 울산 중구심포니오케스트라 악장, USP 챔퍼오케스트라 객원악장
· 선화예중·고, 부산예중·고 외래교수
· 영남대학교, 울산대학교 음악대학 겸임교수

 베이스 박기범
· 러시아 상트페테르부르크 국립음악원 졸업
· 러시아 림스키 코르사코프 국제성악 콩쿠르 입상
· 러시아 상트페테르부르크 국립오페라단 솔리스트 역임
· 러시아 카스트라마 순회 공연, 푸쉬킨 탄생 200주년 기념 초청연주,
  네크라소프·푸쉬킨 박물관 초청연주
· 오페라 ‘보리스 고두노프’, ‘에브게니 오네긴’, ‘토스카’, ‘리골레토’, ‘라 보엠’
  주역 출연

연주: 남구 구립교향악단
사회: 김언지",UCA_sH8tAjjakRDWfLKN3FDQ,울산남구 고래방송국,2020-05-21T23:00:13Z,4125,68.75,False,2914.0,88.0,16.0,https://www.youtube.com/watch?v=prrEd7XCn1k,24500,692,PF248539,울산시립교향악단 초청공연,서양음악(클래식),울산중구문화의전당 함월홀 (2층) ,2024-11-07,2024-11-07,,,,shard_45,review,"candidate work ""구구"" found but ambiguous among 2 instances",general
RDbeeLOdcVs,제64회 남구구립교향악단 정기연주회 앵콜 캐럴 연주,"제64회 남구구립교향악단 정기연주회 앵콜 공연
캐럴 연주",UCI1apwg5-gyc7ejb6S7TlXg,Jung gu Kang,2018-12-28T01:03:41Z,348,5.8,False,678.0,8.0,0.0,https://www.youtube.com/watch?v=RDbeeLOdcVs,324,522,PF245999,"부산시립교향악단 기획음악회, 제80회 청소년 협주곡의 밤",서양음악(클래식),부산문화회관 중극장,2024-10-25,2024-10-25,,,,shard_45,review,"candidate work ""구구"" found but ambiguous among 2 instances",general
iWfhqERytHg,지금무대에선 울산남구구립교향악단 제 66회정기연주회 1부 지휘 이태은,"1. 오용철 해피버스데이 팡파레 (2019)(01:39)
2. 임주섭 교향시 반구대 암각화(2019)(10:17)
3. 베를리오즈 환상교향곡 14(30:04)
지휘 이태은",UCUvv27Hi5Yg4oTCh6KbE1LA,Yongchul Oh (loveberlin),2020-10-09T06:29:20Z,2610,43.5,False,1723.0,30.0,4.0,https://www.youtube.com/watch?v=iWfhqERytHg,1250,1179,PF245999,"부산시립교향악단 기획음악회, 제80회 청소년 협주곡의 밤",서양음악(클래식),부산문화회관 중극장,2024-10-25,2024-10-25,,,,shard_45,review,"candidate work ""구구"" found but ambiguous among 2 instances",general
NDLXz8qj0-s,2017 제7회 대한민국발레축제 스팟영상,"🩰2017 제7회 대한민국발레축제 스팟영상 공개🩰
6월 8일 – 6월 25일 / 예술의전당

6.17(토) - 6.18(일)
국립발레단 / 발레 갈라

6.23(금) - 6.25(일)
국립발레단 / 스파르타쿠스

6.8(목) - 6.10(토)
유니버설발레단 / 디즈이즈모던

6.16(금)
서울발레시어터 / 한여름 밤의 꿈

6.19(월) - 6.20(화)
기획공연 초청 안무가 시리즈 / 조주현 김세연

6.13(화) - 6.14(수)
와이즈발레단 / The Last Exit
M발레단 / 안중근, 천국에서의 춤
신현지 B Project / Moment
이루다 블랙토 프로젝트 / Black Swan Lake

6.17(토) - 6.18(일)
김용걸댄스시어터 / step by step
다크서클즈 컨템포러리 댄스 / 평범한 남자들",UCf-3C98faQZ9UvP8DpsgL3A,대한민국발레축제,2017-04-21T09:55:57Z,31,0.52,True,849.0,4.0,0.0,https://www.youtube.com/watch?v=NDLXz8qj0-s,1690,101,PF275053,"유니버설발레단, 호두까기 인형 [이천]",무용(서양/한국무용),이천아트홀 대공연장,2025-12-05,2025-12-06,,,,shard_46,review,"candidate work ""안중근, 천국에서의 춤"" found but ambiguous among 4 instances",shorts
z6aJFrMc7QI,"2019. 5. 모스크바 국립 발레 ""백조의호수""","2019 모스크바 국립 발레 ""백조의 호수"" 공연
Moscow State Ballet ""SWAN LAKE""

5.30(목) 7:30pm  순천문화예술회관
5.31(금) 7:30pm  김해문화의전당
6.01(토) 7:00pm  이천아트홀",UCKvXLK2y7N9K2_CLK1DP3pQ,YEONG-IN KIM,2019-04-01T09:04:09Z,81,1.35,False,1500.0,6.0,1.0,https://www.youtube.com/watch?v=z6aJFrMc7QI,1210,131,PF275053,"유니버설발레단, 호두까기 인형 [이천]",무용(서양/한국무용),이천아트홀 대공연장,2025-12-05,2025-12-06,,,,shard_46,review,"candidate work ""백조의 호수"" found but ambiguous among 6 instances",general
PB-8rCO_0I4,dong2bc 발레공연을 봐요-백조의호수 공연 관람,"모스크바 백조의 호수 발레공연 관람 후
인사할때만 동영상찍음.",UCM50N2IJKr5KEjPj6Zcmc3A,dong2bc wow,2019-06-03T14:11:31Z,110,1.83,False,42.0,2.0,0.0,https://www.youtube.com/watch?v=PB-8rCO_0I4,83,110,PF275053,"유니버설발레단, 호두까기 인형 [이천]",무용(서양/한국무용),이천아트홀 대공연장,2025-12-05,2025-12-06,,,,shard_46,review,"candidate work ""백조의 호수"" found but ambiguous among 6 instances",general
TZdq5ydlxfc,[Classical Music] (15) 한다혜 - 발레 지젤: 1막 패전트 파드되,"#발레음악 #클래식 #피아노

15. 발레 지젤: 1막 패전트 파드되

VIBE - https://vibe.naver.com/album/9641964
FLO - https://www.music-flo.com/detail/album/413728631/albumtrack
Genie - https://www.genie.co.kr/detail/albumInfo?axnm=83971395
Melon - https://www.melon.com/album/detail.htm?albumId=11330252

Released on : 2023 - 05 - 11
Copyrights 2023 ⓒ DONGAKNUA. All Rights Reserved
---
GISELLE : Adolphe Adam  

발레피아니스트 한다혜가 전하는
피아노 음악 이야기
첫 번째 앨범 [지젤]

슬프지만 아름다운 사랑을 다룬
발레 지젤의 음악은 심플함과 강렬함의
두 요소를 함께 가지고 있다. 

한다혜 아티스트는 지젤이 가진 
양면의 칼날같은 순수한 사랑과 열정을
발레의 호흡과 함께 피아노로 섬세하게 표현하였다.

피아노 선율만으로도 전체적인 극의 흐름을
느낄 수 있는 이번 앨범을 통해
발레음악의 매력을 느껴보길 바란다.


┃TRACK LIST┃

01. 발레 지젤: 서곡
02. 발레 지젤: 1막 알브레히트의 등장
03. 발레 지젤: 1막 [사랑] 사랑의 고백
04. 발레 지젤: 1막 [사랑] 연인들의 춤
05. 발레 지젤: 1막 [사랑] 지젤, 알브레히트, 힐라리온
06. 발레 지젤: 1막 [포도 수확의 귀환] - 왈츠
07. 발레 지젤: 1막 [포도 수확의 귀환] – 지젤과 알브레히트의 파드되 1
08. 발레 지젤: 1막 알브레히트
09. 발레 지젤: 1막 베르타와 지젤
10. 발레 지젤: 1막 [포도 수확의 귀환] 행진
11. 발레 지젤: 1막 지젤 솔로 바리에이션
12. 발레 지젤: 1막 패전트 남성 바리에이션 1
13. 발레 지젤: 1막 패전트 여성 바리에이션
14. 발레 지젤: 1막 패전트 남성 바리에이션 2
15. 발레 지젤: 1막 패전트 파드되
16. 발레 지젤: 1막 지젤의 친구들
17. 발레 지젤: 2막 미르타의 등장
18. 발레 지젤: 2막 미르타 바리에이션 1
19. 발레 지젤: 2막 미르타 바리에이션 2
20. 발레 지젤: 2막 지젤과 알브레히트의 파드되 2
21. 발레 지젤: 2막 지젤과 알브레히트의 파드되 3
22. 발레 지젤: 2막 알브레히트 바리에이션
23. 발레 지젤: 2막 코다
24. 발레 지젤: 피날레


┃CREDIT┃

Produced by 정소영 (Soyoung Joung)
Music Directed by 이규영 (Lee Kyu Young)

Piano & Arranged by 한다혜 (Han Da Hye)
Composed by Adolphe Charles Adam

Recording 구본승 @DONGAKNUA
Mixing & Mastering by 양정모 @DONGAKNUA
Marketing Management by 현수린
Art Worked & Video by 현수린
Media Planning by 구본승

A&R Director by 강민건, 박미진, 김나연
A&R by 이하림, 원서희, 유재건
Performing Arts 송지우, 허민서, 정혜진
Media Marketing & Promotion 현수린

Created by 동아크누아",UCez8GTSEaemJflwG_awIDwg,#SOUND,2023-05-11T03:00:07Z,85,1.42,False,598.0,9.0,0.0,https://www.youtube.com/watch?v=TZdq5ydlxfc,12100,1778,PF275053,"유니버설발레단, 호두까기 인형 [이천]",무용(서양/한국무용),이천아트홀 대공연장,2025-12-05,2025-12-06,,,,shard_46,review,"candidate work ""지젤"" found but ambiguous among 8 instances",general
DEPVe3KcdEE,대구시립국악단 제193회 정기연주회 '아듀 2018 얼쑤 2019' - 월광,"대구시립국악단 제193회 정기연주회
 - 아듀 2018 얼쑤 2019 -

곡목 : 월광 (작곡 정동희)
안무 : 채한숙 (대구시립국악단 한국무용 안무자)
지휘 : 이현창 (대구시립국악단 지휘자 이현창)",UCKOvKrfeTfjT4qEq7VNNf2g,TaeHoon Kim,2019-01-08T02:57:00Z,723,12.05,False,699.0,3.0,1.0,https://www.youtube.com/watch?v=DEPVe3KcdEE,52,6,PF284741,"평택시립국악관현악단, 봄맞이 소리 [평택]",복합,평택아트센터 대공연장,2026-03-04,2026-03-04,,,,shard_46,review,"candidate work ""얼쑤"" found but ambiguous among 5 instances",general
LuoO5AdMUck,Brahms Hungarian Dance No. 5  프라미스청소년오케스트라 - 브람스 - 헝가리안댄스 희망콘서트,"Brahms Hungarian Dance No. 5  
프라미스청소년오케스트라
브람스  헝가리안댄스

제 14회 정기연주회 
엔데믹을 넘어 
희망 콘서트
지휘 김연정
용인포은아트홀

브람스 헝가리안 댄스 5번은  3년만에 정기연주회를 가지게 되어 
춤을 추는 듯한 기쁨 마음을 전달하고자 준비하였습니다. 
좋아요와 댓글은 힘이 됩니다^^

Promise Youth Orchestra",UCLUpHbyRpwoNbZLyxfVLXVw,"김연정 Dr. Kim, Yun Jeong",2022-11-27T09:19:29Z,218,3.63,False,390.0,15.0,0.0,https://www.youtube.com/watch?v=LuoO5AdMUck,848,129,PF284741,"평택시립국악관현악단, 봄맞이 소리 [평택]",복합,평택아트센터 대공연장,2026-03-04,2026-03-04,,,,shard_46,review,"candidate work ""브람스"" found but ambiguous among 2 instances",general
prrEd7XCn1k,울산 남구 구립교향악단 '2020 힐링 음악회' #무관중공연 #제71회정기연주회,"#울산남구 #구립교향악단 #코로나-19 #무관중공연 #클래식

남구 구립교향악단, 코로나-19 극복을 위한
제71회 정기연주회 ""2020 힐링 음악회""
2020. 5. 19(화) 오후 4시 무관중 공연

※ 프로그램 노트

01:45 요한 스트라우스 2세 봄의 소리 왈츠
10:15 차이코프스키 바이올린 협주곡 작품35 제1악장 보통 빠르게
31:40 바버 현을 위한 아다지오 작품11
40:26 프렌켈 “백학”
45:10 최진 “시간에 기대어”
56:01 베토벤 교향곡 제5번 다단조 작품67 제4악장 빠르게

※ 출연진

지휘: 이태은(남구 구립교향악단 상임지휘자)

협연
 바이올린 남수진
· 서울대학교 음악대학 졸업
· 텍사스 주립대학 음악대학 석사 및 박사 졸업
· 부천시립교향악단 상임단원 역임
· 현, 울산 중구심포니오케스트라 악장, USP 챔퍼오케스트라 객원악장
· 선화예중·고, 부산예중·고 외래교수
· 영남대학교, 울산대학교 음악대학 겸임교수

 베이스 박기범
· 러시아 상트페테르부르크 국립음악원 졸업
· 러시아 림스키 코르사코프 국제성악 콩쿠르 입상
· 러시아 상트페테르부르크 국립오페라단 솔리스트 역임
· 러시아 카스트라마 순회 공연, 푸쉬킨 탄생 200주년 기념 초청연주,
  네크라소프·푸쉬킨 박물관 초청연주
· 오페라 ‘보리스 고두노프’, ‘에브게니 오네긴’, ‘토스카’, ‘리골레토’, ‘라 보엠’
  주역 출연

연주: 남구 구립교향악단
사회: 김언지",UCA_sH8tAjjakRDWfLKN3FDQ,울산남구 고래방송국,2020-05-21T23:00:13Z,4125,68.75,False,2914.0,88.0,16.0,https://www.youtube.com/watch?v=prrEd7XCn1k,24500,692,PF268136,"국립오페라단, 박쥐 [울산]",서양음악(클래식),울산문화예술회관 대공연장,2025-08-22,2025-08-23,,,,shard_46,review,"candidate work ""구구"" found but ambiguous among 2 instances",general
x2bJMW6V4RA,국립국악원 토요명품공연[2016.04.16.] 07. 관현합주 경풍년,"07. 관현합주 경풍년
 ○ 집박/김기동, 피리/양명석·황규상·이건회·이종무·김인기, 대금/이상원·노붕래·김상준·김영헌·김기엽, 소금/이오훈
 ○ 해금/황애자·윤문숙·류은정·고수영·사현욱·공경진, 가야금/장경원·이유나·김윤희·강효진·이명하, 거문고/김치자·김미숙·채은선·윤성혜·고보석, 아쟁/김창곤·김인애
 ○ 장구/박거현, 좌고/안성일

○  주최 및 촬영/국립국악원[National Gugak Center]",UCmN4xFSlmWw-_d2riM-ep0A,국립국악원 National Gugak Center,2016-04-20T05:48:41Z,431,7.18,False,25555.0,131.0,7.0,https://www.youtube.com/watch?v=x2bJMW6V4RA,72700,3576,PF261353,민속악단 정기공연: 다시 그리는 노래,한국음악(국악),국립국악원 예악당,2025-04-10,2025-04-11,,,,shard_46,review,"candidate work ""토요명품"" found but ambiguous among 2 instances",general
G7BSlt9IjzU,경기필포유 시즌✌🏻브람스를 좋아하세요?💋,"슈만, 클라라 그리고 브람스의 러브스토리!

경기필 정나라 부지휘자, 최종혁 PD,  노승림 작가의 더욱 대담해진 입담!

공연정보 : 
2021. 3. 21(일) 오후5시 경기아트센터 대극장
예매링크 : https://tickets.interpark.com/goods/2...​

2021. 3. 23(화) 오후7시30분 예술의전당 콘서트홀
예매링크 : https://tickets.interpark.com/goods/2...​

#새로운경기​​​ #경기아트센터​​​ #경기필포유",UC0p33ZnRkC4p0jiPJajQZkw,꺅! tv 경기아트센터,2021-02-23T07:20:15Z,895,14.92,False,2222.0,19.0,1.0,https://www.youtube.com/watch?v=G7BSlt9IjzU,23300,1211,PF259485,제4회 대전아트필하모닉오케스트라 정기연주회: 새로운 봄,서양음악(클래식),대전예술의전당 아트홀,2025-03-13,2025-03-13,,,,shard_46,review,"candidate work ""브람스"" found but ambiguous among 2 instances",general
6a_TFKWhuYY,원스 어폰어 타임 인 해운대 | 송영미,"#집들이콘서트_34회
NEW 달을품은슈퍼맨

-
👉 2019년 09월 17일 화요일
👉 대학로 드림아트센터 2관 

사회: 김용철 (호박고구마)
출연: 조환지.김지온.강수영.정휘욱.송영미,이서영.장한얼,박희수, 서태인, 이우종, 김은주 

주최.주관.제작: 집들이 콘서트
프로듀서: 옥한나
제작PD: 이민규 
프로젝트 매니져: 이우희 
음향디자인: 이경재
조명디자인: 박준범
분장: 현새롬, 한연우
사진: TEO
영상 감독: 이제우 (제이팩토리)
영상 촬영: 미미컴퍼니, 이정우
하우스 매니져: 김준섭
티켓 매니져: 이솔
진행: 오동석",UCQMka1cnbr3n8wHZDjQ5WmQ,집들이콘서트,2019-09-25T09:01:59Z,205,3.42,False,6293.0,127.0,12.0,https://www.youtube.com/watch?v=6a_TFKWhuYY,2860,294,PF227708,헬렌 앤 미 [부산],뮤지컬,부산민주공원 공연장 큰방(중극장),2023-11-18,2023-11-19,,,,shard_46,review,"candidate work ""NEW 달을 품은 슈퍼맨"" found but ambiguous among 3 instances",general
QhluiieihAA,"전석 매진의 신화✨발레, 백조의 호수 2018년 풀버전 ;  Swan Lake Ballet / Лебединое Озеро / Le lac des cygnes[광주시립발레단]","국립발레단 예술감독을 지낸 최태지 단장이 이끄는 
광주시립발레단의 발레공연 실황 풀버전 ✨
차이코프스키 3대 발레 중 하나로 고전발레의 진수를 느낄 수 있는 작품.

[2018년 8월 공연]

#광주시립발레단 #백조의호수 #언택트공연",UCRvrYUbatHPDc-snY-jCG0A,광주MBC,2019-04-10T04:30:00Z,7133,118.88,False,752534.0,5109.0,309.0,https://www.youtube.com/watch?v=QhluiieihAA,265000,11543,PF253535,"국립발레단, 연수단원 갈라콘서트",무용(서양/한국무용),국립극단 [명동] 명동예술극장,2024-11-19,2024-11-19,,,,shard_46,review,"candidate work ""백조의 호수"" found but ambiguous among 6 instances",general
qWgleaftrnM,-꿈꾸는하모니 - 초등학교 합창  #전국소년소녀합창경연대회 결선진출 #연세대 백주년기념관콘서트홀 #합창동아리 #음악교사 #합창지휘자,,UCHOujpM65Fg7WbSaOobRRww,꿈꾸는 하모니,2023-06-12T05:58:41Z,12,0.2,True,49067.0,367.0,,https://www.youtube.com/watch?v=qWgleaftrnM,7500,362,PF251247,울산시립합창단 초청공연: 북구민을 위한 새희망 음악회,서양음악(클래식),울산북구문화예술회관 공연장,2024-11-05,2024-11-05,,,,shard_46,review,"candidate work ""하모니"" found but ambiguous among 2 instances",shorts
8cSWnjRV1PY,"울산 남구 구립합창단 제4회 정기연주회 ""헨델 오라토리오 메시아""","울산 남구 구립합창단 제4회 정기연주회
""헨델 오라토리오 메시아""

2025년 12월 9일 화요일 19시30분 
울산문화예술회관 대공연장

합창 울산 남구 구립합창단
오케스트라 협연  울산 남구 구립교향악단
솔리스트  소프라노 박인경, 카운터테너 윤진태, 테너 조윤환, 바리톤 김대수
피아노 최혜민
지휘 김동욱

G. F. Handel’s Oratorio
MESSIAH
헨델의 오라토리오 메시아

0:00

Part the First

1. Sinfony 3:33

2. Comfort ye (Accompagnato: Tenor) 7:20

3. Ev'ry valley (Song: Tenor) 10:05

4. And the glory of the Lord (Chorus) 13:37

5. Thus saith the Lord (Accompagnato: Bass) 16:56

6. But who may abide (Song: Countertenor) 18:52

7. And he shall purify (Chorus) 23:;25

12. For unto us a child is born (Chorus) 25:52

17. Glory to God (Chorus) 30:15

18. Rejoice greatly (Song: Soprano) 32:40

21. His yoke is easy (Chorus) 37:35

 

Part the Second

23. He was despised (Song: Countertenor) 40:06

24. Surely He hath borne our griefs (Chorus) 44:53

26. All we, like sheep (Chorus) 46:42

29. Thy rebuke hath broken His heart 51:00

(Accompagnato: Tenor)

30. Behold and see (Song: Tenor) 52:30

33. Lift up your heads (Chorus) 53:50

36. Thou art gone up on high (Song: Countertenor) 57:33

38. How beautiful are the feet (Song: Soprano) 1:00:52

40. Why do the nations (Song: Bass) 1:03:14

43. Thou shalt break them (Song: Tenor) 1:06:28

44. Hallelujah (Chorus) 1:08:30

 

Part the Third

45. I know that my Redeemer liveth (Song: Soprano) 1:12:30

46. Since by man came death (Chorus) 1:19:30

48. The trumpet shall sound (Song: Bass) 1:21:32

53. Worthy is the Lamb (Chorus) 1:25:55

54. Amen (Chorus) 1:29:15",UCD4omg1kW7twrKmm5rCOnPw,울산 남구립합창단,2026-01-06T18:12:34Z,5970,99.5,False,544.0,5.0,0.0,https://www.youtube.com/watch?v=8cSWnjRV1PY,49,7,PF251247,울산시립합창단 초청공연: 북구민을 위한 새희망 음악회,서양음악(클래식),울산북구문화예술회관 공연장,2024-11-05,2024-11-05,,,,shard_46,review,"candidate work ""구구"" found but ambiguous among 2 instances",general
ox_92pDOgxQ,"창단 20년 부산하모니합창단 정기연주회 개최 (2023-06-10,토/뉴스데스크/부산MBC)","* 부산MBC 뉴스제보 ☎ 051-760-1111
* 부산 MBC 카카오톡 제보 채널  :   부산MBC제보
* '좋아요'  버튼과 '구독' 버튼 꼭 눌러주세요.
* 우측 상단에 종 그림이 '알람' 버튼 입니다. 
   눌러서 켜놓으시면 생방송 알람이 갑니다.

* 부산MBC 홈페이지 :    https://www.busanmbc.co.kr
* 부산MBC뉴스  페이스북 :   https://bit.ly/2QEOmdB 
* 부산MBC뉴스 인스타그램 : https://www.instagram.com/busan_mbcnews/?hl=ko
* 부산MBC뉴스 카카오뷰 : https://pf.kakao.com/_pxmgFs
*웹사이트 한눈에 보기 : https://linktr.ee/busanmbcnews

#부산뉴스 #뉴스데스크부산 #뉴스투데이부산
#부산MBC  #부산문화방송 #부산엠비씨",UCYv6OdjenbbDHRKTLCB5kdw,부산MBC뉴스,2023-06-10T11:45:11Z,42,0.7,True,709.0,,0.0,https://www.youtube.com/watch?v=ox_92pDOgxQ,236000,40684,PF283296,부산시립합창단 특별연주회: 부산시립합창단 x 광주시립합창단 교류음악회,서양음악(클래식),낙동아트센터 콘서트홀,2026-03-17,2026-03-17,,,,shard_46,review,"candidate work ""하모니"" found but ambiguous among 2 instances",shorts
qWgleaftrnM,-꿈꾸는하모니 - 초등학교 합창  #전국소년소녀합창경연대회 결선진출 #연세대 백주년기념관콘서트홀 #합창동아리 #음악교사 #합창지휘자,,UCHOujpM65Fg7WbSaOobRRww,꿈꾸는 하모니,2023-06-12T05:58:41Z,12,0.2,True,49067.0,367.0,,https://www.youtube.com/watch?v=qWgleaftrnM,7500,362,PF283296,부산시립합창단 특별연주회: 부산시립합창단 x 광주시립합창단 교류음악회,서양음악(클래식),낙동아트센터 콘서트홀,2026-03-17,2026-03-17,,,,shard_46,review,"candidate work ""하모니"" found but ambiguous among 2 instances",shorts
V9UfH23DD_E,"[예고편] 얍 판 츠베덴의 브람스 교향곡 1번 | Brahms, Symphony No. 1 in C minor | 2023 시즌 시작! | Jaap van Zweden","2023. 1. 12.(목) 오후 8시 롯데콘서트홀
Thursday, 12th January, 2023 at 8:00 PM, LOTTE Concert Hall

2023. 1. 13.(금) 오후 8시 롯데콘서트홀
Friday, 13th January, 2023 at 8:00 PM, LOTTE Concert Hall

지휘 얍 판 츠베덴 Jaap van Zweden, conductor

프로그램
브람스, 교향곡 제1번
Brahms, Symphony No. 1 in C minor, Op. 68

바그너, 뉘른베르크의 명가수 전주곡
Wagner, Die Meistersinger von Nurnberg, WWV 96: Prelude

바그너, 트리스탄과 이졸데 전주곡 & 사랑의 죽음
Wagner, Tristan und Isolde, WWV 90: Prelude & Liebestod

슈트라우스 2세, 박쥐 서곡
J. Strauss II, Die Fledermaus Overture

🎫 예매하기
👉 https://www.seoulphil.or.kr
👉 https://www.lotteconcerthall.com

ㅡ
🧡 Follow SPO
누리집 https://www.seoulphil.or.kr
페이스북 https://www.facebook.com/SPO
트위터 https://twitter.com/seoulphil
인스타그램 https://www.instagram.com/seoulphil
네이버TV https://tv.naver.com/seoulphil",UCwmgO3PhE925-mLG1h26Uow,서울시립교향악단 Seoul Philharmonic Orchestra,2022-12-31T12:40:15Z,31,0.52,True,1686.0,21.0,1.0,https://www.youtube.com/watch?v=V9UfH23DD_E,40300,697,PF277461,서울시향 얍 판 츠베덴의 브루크너 교향곡 4번,서양음악(클래식),롯데콘서트홀,2026-04-02,2026-04-03,,,,shard_47,review,"candidate work ""브람스"" found but ambiguous among 2 instances",shorts
QhluiieihAA,"전석 매진의 신화✨발레, 백조의 호수 2018년 풀버전 ;  Swan Lake Ballet / Лебединое Озеро / Le lac des cygnes[광주시립발레단]","국립발레단 예술감독을 지낸 최태지 단장이 이끄는 
광주시립발레단의 발레공연 실황 풀버전 ✨
차이코프스키 3대 발레 중 하나로 고전발레의 진수를 느낄 수 있는 작품.

[2018년 8월 공연]

#광주시립발레단 #백조의호수 #언택트공연",UCRvrYUbatHPDc-snY-jCG0A,광주MBC,2019-04-10T04:30:00Z,7133,118.88,False,752527.0,5109.0,309.0,https://www.youtube.com/watch?v=QhluiieihAA,265000,11543,PF259543,"광주시립발레단 발레살롱콘서트 Ⅰ, Voice of Spring",무용(서양/한국무용),빛고을시민문화관 공연장,2025-03-21,2025-03-22,,,,shard_47,review,"candidate work ""백조의 호수"" found but ambiguous among 6 instances",general
Lsurd7jomj0,성탄 특집 광주시립발레단 '잠자는 숲 속의 미녀' The Sleeping beauty,"성탄 특집 광주시립발레단 제 127회 정기 공연 
차이콥스키 3대 발레 시리즈 세 번째 공연
*광주에서 20년만에 만나는 전막공연!
'잠자는 숲 속의 미녀'

주요 내용
 왕궁에서 오로라공주의 탄생을 축하는 세례식이 한창인데 식에 초대 받지 못한 마녀 카라보스가 공주가 16세가 되는 해 물레 바늘에 찔려 죽을 것이라 저주를 내린다.
마녀의 계략에 빠져 100간의 깊은 잠에 빠진 오로라공주!
 그녀를 깨울 용기있는 사람은 누구인가?

안무: 마리우스 프티바
음악: 표트르 차이콥스키

광주시립발레단 공연 
총연출: 최태지
재안무: 장운규, 전효정
협연:광주시립교향악단
객원지휘: 최승한

#발레 #잠자는숲속의공주 #차이코프스키",UCRvrYUbatHPDc-snY-jCG0A,광주MBC,2020-12-25T07:30:11Z,7122,118.7,False,68976.0,868.0,40.0,https://www.youtube.com/watch?v=Lsurd7jomj0,265000,11543,PF259543,"광주시립발레단 발레살롱콘서트 Ⅰ, Voice of Spring",무용(서양/한국무용),빛고을시민문화관 공연장,2025-03-21,2025-03-22,,,,shard_47,review,"candidate work ""잠자는 숲속의 미녀"" found but ambiguous among 7 instances",general
hQlcI09BNpg,광주시립발레단 지젤 포스터 촬영🤍,"광주시립발레단
Photo by baki
#발레리나공유민
#지젤#gwangjucityballet#ballerina#ballerino#ballet#balletclass#공연영상#공연스타그램#giselle#gisellepost#balletpost#광주시립발레단",UCWG84stho3U_lSqFAu1Kpqw,발레리나 공유민,2023-10-08T05:54:30Z,5,0.08,True,3923.0,78.0,10.0,https://www.youtube.com/watch?v=hQlcI09BNpg,3000,132,PF259543,"광주시립발레단 발레살롱콘서트 Ⅰ, Voice of Spring",무용(서양/한국무용),빛고을시민문화관 공연장,2025-03-21,2025-03-22,,,,shard_47,review,"candidate work ""지젤"" found but ambiguous among 8 instances",shorts
mZ98u1W-ThM,레미제라블 one day more,"레미제라블 one day more
당진 시립합창단",UC322D5TF2xi0IQC_fnUTLPA,Vocalist박명원,2016-06-27T19:09:46Z,432,7.2,False,610.0,8.0,1.0,https://www.youtube.com/watch?v=mZ98u1W-ThM,58,27,PF232767,제608회 부산시립교향악단 정기연주회,서양음악(클래식),부산문화회관 대극장,2024-02-27,2024-02-27,,,,shard_47,review,"candidate work ""레미제라블"" found but ambiguous among 12 instances",general
WLC1_LDKUyk,금나래아트홀 어린이소리극 '벨벳토끼' 하이라이트,"판소리, 민요, 연희, 악기연주가 다양하게 어우러지는 어린이 소리극 '벨벳토끼'!
무려 제29회 서울어린이연극상 대상 수상작이라고 하는데요. +_+
전통예술로 어떻게 어린이극을 창작했을까 궁금하신 분들께
공연 하이라이트 영상을 살짝 보여드릴게요.
본 공연이 궁금하신 분은?  예매하러 가기⇩
https://url.kr/w3ijyz

[공연정보]
🐇공연명: 어린이 소리극 '벨벳토끼'
🐇공연 일시:
1월 12일(목) 오전 11시
13일(금)오전 11시 / 오후 4시
14일(토) 오전 11시 / 오후 2시
🐇공연 장소: 금나래아트홀 공연장
🐇관람 연령: 36개월 이상
🐇러닝 타임: 60분
🐇티켓 가격: 전석 2만원  *세부 할인율은 재단 홈페이지 참조
🐇공연 문의 : 금천문화재단 02-2627-2989",UCcYXaXSl10E7cELBRaDBr7A, 금천문화재단,2022-12-23T07:59:44Z,66,1.1,False,317.0,3.0,1.0,https://www.youtube.com/watch?v=WLC1_LDKUyk,1080,380,PF220650,콜비츠와의 대화 [서울],한국음악(국악),양천문화회관 대극장,2023-07-05,2023-07-06,,,,shard_47,review,"candidate work ""벨벳토끼"" found but ambiguous among 9 instances",general
vg9nZ1J09RE,편지 - 정남규 / 원주시립합창단,"객원지휘: 이동규
피아노: 이해인

원주시립합창단 브런치 콘서트, 원주문화원",UCo97PR1AIWnSbyHxyfWqGlg,Dr. Dong-Kyu Lee,2025-08-03T13:34:08Z,394,6.57,False,504.0,12.0,0.0,https://www.youtube.com/watch?v=vg9nZ1J09RE,2680,591,PF271896,제114회 원주시립합창단 정기연주회,서양음악(클래식),국민건강보험공단 (원주) 건강홀,2025-09-05,2025-09-05,,,,shard_47,review,"candidate work ""지정"" found but ambiguous among 3 instances",general
u0kbj4D3shc,부천시립합창단 판타스틱 코랄 파티 앵콜송 실황(23.07.20),,UCo5boPv8h6l635Nr8Aw3WcQ,SeoulChoralSociety,2023-07-20T15:58:02Z,61,1.02,False,1161.0,14.0,0.0,https://www.youtube.com/watch?v=u0kbj4D3shc,826,83,PF271804,생명사랑 음악회 [부천],서양음악(클래식),부천아트센터 소공연장,2025-09-06,2025-09-06,,,,shard_47,review,"candidate work ""판타스틱"" found but ambiguous among 3 instances",general
JlxUc2U1wkQ,2023/02/19 뮤지컬 [빨래] #커튼콜 #빨래 #뮤지컬 #뮤지컬빨래 #musical #bballae   #curtaincall,뮤지컬 빨래 2023/02/19 (일) 14:00 공연,UCXZtmZ8TVHtbOyhG86IXXSg,myaliceahyeon,2023-09-17T10:24:35Z,146,2.43,False,101.0,2.0,0.0,https://www.youtube.com/watch?v=JlxUc2U1wkQ,12,6,PF248774,렛미플라이 [구미],뮤지컬,구미시문화예술회관 대공연장,2024-10-25,2024-10-26,,,,shard_48,review,"candidate work ""빨래"" found but ambiguous among 3 instances",general
ct-uGcfGMiA,뮤지컬 빨래 커튼콜(대학로 유니플랙스 2관)재미와 감동이 동시에♡,#김유상 #김해시의원 #빨래,UCr9fKOdW101Jxbz0Tx6ee7w,김해유상,2023-09-30T23:13:47Z,158,2.63,False,199.0,11.0,3.0,https://www.youtube.com/watch?v=ct-uGcfGMiA,6360,652,PF248774,렛미플라이 [구미],뮤지컬,구미시문화예술회관 대공연장,2024-10-25,2024-10-26,,,,shard_48,review,"candidate work ""빨래"" found but ambiguous among 3 instances",general
oyVIBnHF_vo,230729 | 뮤지컬 빨래 구미 밤공 | 장혜민 노희찬(F) 강나리 김송이 이승헌 박준성 박정민 서태인,"Title : 빨래 구미 밤공
Date : 2023.07.29 (토) 18시30분 #구미문화예술회관 

-Today Cast-
나영 | 장혜민
솔롱고 | 노희찬(F:)
주인할매 | 강나리
희정엄마 | 김송이
구씨 | 이승헌
빵 | 박준성
마이클 | 박정민
서점여직원 | 서태인

바디 : Sony α7s3
렌즈 : Sony 70-200 F2.8 GM OSS II 

#뮤지컬빨래 #뮤지컬 #빨래 #구미 #장혜민 #노희찬",UCB_vC1lBDn6ihzM_nA4jlTw,푸른빛,2023-07-29T14:22:15Z,59,0.98,True,1245.0,7.0,0.0,https://www.youtube.com/watch?v=oyVIBnHF_vo,38,42,PF248774,렛미플라이 [구미],뮤지컬,구미시문화예술회관 대공연장,2024-10-25,2024-10-26,,,,shard_48,review,"candidate work ""빨래"" found but ambiguous among 3 instances",shorts
QusianhKAdE,230817 뮤지컬 빨래 커튼콜,,UCZKrV1otS3atDl3vaSUrBrQ,쥬,2023-08-29T20:00:15Z,60,1.0,True,92.0,0.0,0.0,https://www.youtube.com/watch?v=QusianhKAdE,1,6,PF248774,렛미플라이 [구미],뮤지컬,구미시문화예술회관 대공연장,2024-10-25,2024-10-26,,,,shard_48,review,"candidate work ""빨래"" found but ambiguous among 3 instances",shorts
rQTg422l6sk,유니즌하모니(대구 아마추어 합창단) 2021년 제5회 천안전국중창경연대회 동상 - 아름다운나라,"2021년 제 5회 천안전국중창경연대회 - 동상

짧은 준비기간에도 열심히 한마음으로 준비하여 동상의 쾌거를 이뤘습니다~!
모두 감사합니다.^^

-인스타그램 : https://www.instagram.com/unison_harmony/
-네이버카페 : https://cafe.naver.com/unisonharmony

*신입단원 상시 모집합니다.
카카오톡(King8512) or 인스타그램(unison_harmony) DM 주세요!

* 2021 제 5회 천안전국중창경연대회를 도와주신 후원자님께 진심으로 감사드립니다.
장세환님 박철순님 

*대구, 2030, 청년, 아마추어, 합창단, 뮤지컬, 보컬, 발성, 성악, 영화음악, 오페라",UCPi9yk87J7YRrmTxWyMJylA,대구 유니즌하모니 합창단,2021-06-11T16:17:11Z,310,5.17,False,354.0,14.0,4.0,https://www.youtube.com/watch?v=rQTg422l6sk,124,62,PF239158,제29회 춘천시립청소년합창단 정기연주회: 사랑의 노래,서양음악(클래식),춘천문화예술회관 공연장,2024-05-18,2024-05-18,,,,shard_48,review,"candidate work ""하모니"" found but ambiguous among 2 instances",general
-reNncv-bJ4,돈키호테＆산초 전부 OK 김호영(Kim Ho Young)， 뮤지컬〈맨 오브 라만차〉♬ 판벌려 - 이번 판은 한복판 7회,"뮤지컬 〈맨 오브 라만차〉에서 
돈키호테 ＆ 산초 1인 2역에 도전하는 김호영
(뭐야 뭐야) 완벽하게 해내는 1인 2역
볼수록 몰입되는 김호영의 뮤지컬

★JTBC2 채널번호 안내★
 KT olleh 39번 ／ SK Btv 48번 ／ LG U+ 40번 ／ Skylife 45번",UCFL1sCAksD6_7JIZwwHcwjQ,JTBC Entertainment,2019-07-16T13:56:04Z,132,2.2,False,141628.0,1565.0,44.0,https://www.youtube.com/watch?v=-reNncv-bJ4,8200000,95171,PF284013,산초와 돈키호테 [대전],연극,대전예술의전당 앙상블홀,2026-06-04,2026-06-05,,,,shard_48,review,"candidate work ""돈키호테"" found but ambiguous among 6 instances",general
OAlYsokBb7I,가족뮤지컬 '누가 내 머리에 똥 쌌어?' LIVE 생중계 프리뷰!!,"코로나로 인한 언택트 시대!
서천군은 어린이와 학부모들을 위해 가만히 있을 수 없죠~~~!!
'누가 내 머리에 똥 쌌어?' 인기 가족뮤지컬을
랜선을 통해 서천군, 대한민국, 전 세계에 LIVE 생중계 합니다!
2020년 8월 26일 저녁 7시!!!!!!

#서천군#뮤지컬#누가내머리에",UCmnrBouLa2B5ioZ3AkfBldQ,요즘서천,2020-08-26T00:01:03Z,147,2.45,False,2753.0,27.0,13.0,https://www.youtube.com/watch?v=OAlYsokBb7I,4970,468,PF274704,강아지똥 [서천],연극,서천문예의전당 대강당,2025-10-17,2025-10-17,,,,shard_48,review,"candidate work ""누가 내 머리에 똥쌌어?"" found but ambiguous among 2 instances",general
92U7OUJICiY,가족뮤지컬 “누가 내 머리에 똥쌌어?” 공연+요즘서천 생중계!!,"서천군, 가족뮤지컬 “누가 내 머리에 똥쌌어?” 공연 개최

서천군은 서천군과 극단 옹기종기가 주관하는 ‘2021년 문예회관과 함께하는 방방곡곡 문화공감사업’에서 민간예술단체 우수 공연 프로그램으로 선정된 ‘가족뮤지컬 '누가 내 머리에 똥쌌어?'' 공연을 오는 25일 오후 7시 서천 문예의전당 대강당에서 선보입니다.

선착순 200명 한정+서천군청 유튜브 [요즘서천] 생중계!!!

이번 공연은 코로나19로 인해 현장 선착순 200명만 관람이 가능하며 공연실황은 서천군청 공식 유튜브 채널 ‘요즘서천’에서 생중계할 예정입니다.

#가족#뮤지컬#공연",UCmnrBouLa2B5ioZ3AkfBldQ,요즘서천,2021-08-23T23:14:14Z,80,1.33,False,1041.0,6.0,0.0,https://www.youtube.com/watch?v=92U7OUJICiY,4970,468,PF274704,강아지똥 [서천],연극,서천문예의전당 대강당,2025-10-17,2025-10-17,,,,shard_48,review,"candidate work ""누가 내 머리에 똥쌌어?"" found but ambiguous among 2 instances",general
0n7AErdKpw0,[sbn] 서천 가족 뮤지컬 공연 ‘누가 내 머리에 똥쌌어’ 열려,,UCWElV8jilsESVNbFHAW6ccw,SBN NEWS,2021-08-27T09:20:50Z,57,0.95,True,419.0,1.0,1.0,https://www.youtube.com/watch?v=0n7AErdKpw0,2480,5359,PF274704,강아지똥 [서천],연극,서천문예의전당 대강당,2025-10-17,2025-10-17,,,,shard_48,review,"candidate work ""누가 내 머리에 똥쌌어?"" found but ambiguous among 2 instances",shorts
NHfdMSZxXSs,[부산시립청소년교향악단] 제66회 정기연주회 '판타스틱 Fantastic',"12월 2일, 부산문화회관 대극장에서 부산시립청소년교향악단 제66회 정기연주회 '판타스틱 Fantastic'이 열립니다.
⠀
부산시립청소년교향악단 수석지휘자 이명근이 지휘하고, 편안하고 짜임새있는 감각과 함께 탁월한 명석함으로 음악을 해석하여 관객을 압도하는 바이올리니스트 이서현과 함께합니다.

· 일자 : 2021-12-02(목) 오후 7시 30분
· 장소 : 부산문화회관 대극장
· 예매 : 부산문화회관 홈페이지(www.bscc.or.kr)
· 문의 : 051-607-6000(ARS 1번)",UCeySqDu5BowY_RD5sVYIYug,부산시립예술단TV,2021-11-24T04:43:12Z,29,0.48,True,218.0,5.0,0.0,https://www.youtube.com/watch?v=NHfdMSZxXSs,2630,551,PF262254,부산시립청소년교향악단 특별연주회: 솔로이스트들의 축제,서양음악(클래식),부산문화회관 대극장,2025-05-13,2025-05-13,,,,shard_48,review,"candidate work ""판타스틱"" found but ambiguous among 3 instances",shorts
j6tiq4Jbbc8,[오페라 커튼콜] 나의 능력이 아닌 그분께서 주신 능력으로!! Soli Deo Gloria!! | 국립오페라단 콘서트오페라 Gianni Schicchi | (feat. 환호),"#solideogloria #국립오페라단 #잔니스키키 #커튼콜
#콘서트오페라 #giannischicchi #koreanationalopera
#바리톤김은곤 #공연 #연주 #오페라",UCLT1_8hj7bFg3nU23o-U8ag,Cantando Ugo 노래하는 우고,2023-03-27T12:59:14Z,13,0.22,True,1803.0,17.0,0.0,https://www.youtube.com/watch?v=j6tiq4Jbbc8,857,162,PF258352,국립오페라단 정기공연 오페라: 트리스탄과 이졸데,서양음악(클래식),예술의전당 [서울] 오페라극장,2025-12-04,2025-12-07,,,,shard_49,review,"candidate work ""국립오페라단, 잔니 스키키"" found but ambiguous among 6 instances",shorts
KL3sThLmCaU,"R.슈트라우스, 살로메 2부 | 19금 오페라, 작품성 | 오페라정주행 39편","0:00 후반부 줄거리
15:41 19금 오페라?
19:06 주요 역할들과 성악가
22:44 슈트라우스의 음악
27:46 음반과 영상물
37:55 살로메의 성공, 작품성

유정우쌤 | 음악칼럼니스트
흉부외과 전문의, 클래식 음악 평론가
한국 바그너 협회 회장

일구쌤 | 안일구 
플루티스트, 플루트선생님,  플루트아트센터(FAC) 대표
Email | fluti19@gmail.com
Intragram | @19____an

인터뷰장소
엠디에프커피바 (@mdf_coffeebar)

#유정우쌤 #슈트라우스 #살로메




일구쌤 채널 후원하기
https://www.youtube.com/watch?v=NbiLYACGmpw&t=6s",UCJg0L-xnYoZgEzVvk4i3dCQ,일구쌤 클래식,2022-07-09T22:00:15Z,2491,41.52,False,4233.0,129.0,4.0,https://www.youtube.com/watch?v=KL3sThLmCaU,42700,908,PF265319,"국립오페라단, 죽음의 도시 [대구]",서양음악(클래식),대구오페라하우스,2025-09-05,2025-09-06,,,,shard_49,review,"candidate work ""살로메"" found but ambiguous among 5 instances",general
KcYbA6Y5ACg,2021 [지젤] 리허설 현장,"드디어 내일! 유니버설발레단 [지젤]이 화려한 막을 올립니다 🥳
연습도 공연만큼 진지한 단원들의 리허설 연습 현장을 공개합니다 :)

그럼 내일 예술의전당 오페라극장에서 만나요~!

#유니버설발레단 #Universalballet #지젤 #Giselle #리허설 #Rehearsal #Ballet",UCk1RygHm67qOfwgxaNmRI2w,Universal Ballet,2021-12-02T02:41:29Z,93,1.55,False,762.0,15.0,1.0,https://www.youtube.com/watch?v=KcYbA6Y5ACg,7640,562,PF269156,"국립발레단, History of KNB Movement Series 3",무용(서양/한국무용),예술의전당 [서울] 자유소극장,2025-08-29,2025-08-31,,,,shard_49,review,"candidate work ""지젤"" found but ambiguous among 8 instances",general
qWgleaftrnM,-꿈꾸는하모니 - 초등학교 합창  #전국소년소녀합창경연대회 결선진출 #연세대 백주년기념관콘서트홀 #합창동아리 #음악교사 #합창지휘자,,UCHOujpM65Fg7WbSaOobRRww,꿈꾸는 하모니,2023-06-12T05:58:41Z,12,0.2,True,49067.0,367.0,,https://www.youtube.com/watch?v=qWgleaftrnM,7500,362,PF262251,제166회 부산시립소년소녀합창단 정기연주회 [부산],서양음악(클래식),부산문화회관 대극장,2025-05-31,2025-05-31,,,,shard_49,review,"candidate work ""하모니"" found but ambiguous among 2 instances",shorts
HZW41-ScOSk,천상의 하모니 무료공연으로 만나보자. 익산 시립합창단 제77회 정기연주회,"#익산시립합창단 제77회 정기공연~!

""아주 특별한 선물""이 찾아옵니다~!

5월 14일 오후 2시부터 지정배부처에서

무료로(1인 2매) 배부하오니 많은 관람 부탁드릴게요~!

▶공연일시 : 2019. 05. 23(목) / 19:30

▶공연장소 : 익산예술의전당 대공연장

※지정배부처
익산예술의전당, 솜리문화예술회관, 모현도서관, 부송도서관, 영등도서관, 신동행정복지센터",UC2oz_Gh__7Z8xL3ykgG9eKg,익산시 공식 유튜브,2019-05-13T08:33:11Z,40,0.67,True,419.0,17.0,0.0,https://www.youtube.com/watch?v=HZW41-ScOSk,14200,1540,PF277608,제182회 춘천시립교향악단 정기연주회 [춘천],서양음악(클래식),춘천문화예술회관 공연장,2025-12-05,2025-12-05,,,,shard_49,review,"candidate work ""하모니"" found but ambiguous among 2 instances",shorts
xOTuaBI6QYQ,Brahms symphony no.1 4th mov GPO(Dongshin Lee)브람스 교향곡 제1번 4악장 마에스트로 이동신 지휘  경북도립교향악단,"10년 지난  후에도 70년이 천년이 지난 후에도 이 연주회의 모든 아티스트는 가슴 뭉클한 찐한 감동의 미소를 지을 것이다 감동을 잃어가는 이 시대에 뜨거운 감동의 공전 마에스트로 이동신과 상임악장 임병원 그리고 세계에서 가장 감동있는 심포니오케스트라 GPO경북도립교향악단 멤버들
Symphony no.1 4th mov GPO(Dongshin Lee)
심포니의 이동신 2017 GPO 경북도립교향악단
상임악장 임병원
제1바이올린 부수석 김세강 강정민 강영희 김미수 김민지 정희진 이은미 임주은 강지윤
제2바이올린 수석 오은정 부수석 김나영 강지혜 박청은 박형근 이승현 윤은정 정인경 정희정 김효빈
비올라 수석 최영식 부수석 김준영 구본삼 김노을 김은정 박지혜 배단비 정봉득 최지민
첼로 수석 노선희 부수석 홍주표 구세은 박현주 백수정 송미선 정영화 한영준 한욱주
콘트라베이스 수석 최현탁 류정민 손진희 이승훈 이충근 유양환
플룻 수석 황효정 부수석 홍지선 이지연
오보에 수석 박선경 부수석 박복란 이현호
클라리넷 수석 권승전 부수석 변현정 현재근
바순 수석 허상미 부수석 김주희 이도겸
호른 수석 박세은 이영규 최기수 함민수 정정헌
트럼펫 수석 배승호 이수철 전종목
트럼본 수석 진영국 최희목 최재훈 튜바 수석 김일천
타악기 수석 정희라 송국선 한상준
피아노 부수석 장희정

대한민국 경상북도청
사무국장 이상대
사무국 행정담당 박수연
기획 홍보팀장 강종식
악보 이상훈
악기 이창훈
세계의 중심 우리 대한민국 구미문화예술회관",UC2u4j-eS-I-1pvcfWQxUBEA,JOHN GRAVITYS CG,2017-03-25T04:38:28Z,997,16.62,False,235.0,4.0,0.0,https://www.youtube.com/watch?v=xOTuaBI6QYQ,1910,563,PF281669,"인천시립교향악단 기획연주회, 실내악 콘서트 Ⅰ",서양음악(클래식),인천문화예술회관 소공연장,2026-01-21,2026-01-21,,,,shard_49,review,"candidate work ""브람스"" found but ambiguous among 2 instances",general
3CVjDKj29mk,"[부산시립합창단 창단 50주년] 시민과 함께한 하모니, 부산을 넘어 세계로","🎉부산시립합창단 창단 50주년

시민과 함께한 하모니 부산을 넘어 세계로 !
합창으로 시민과 소통한 부산시립합창단🎵
2022년 새로운 반세기를 힘차게 시작합니다.",UCeySqDu5BowY_RD5sVYIYug,부산시립예술단TV,2022-01-20T07:25:01Z,61,1.02,False,341.0,12.0,0.0,https://www.youtube.com/watch?v=3CVjDKj29mk,2630,551,PF281295,제24회 김제시립합창단 정기연주회: 새로운 시작,서양음악(클래식),김제문화예술회관 대공연장,2025-12-19,2025-12-19,,,,shard_49,review,"candidate work ""하모니"" found but ambiguous among 2 instances",general
SD89XlzcoAU,2018 성균합창단 정기공연 3 레미제라블 메들리,,UCRU7HzaS0Y0rC2jPrI6-hnw,조재훈,2018-12-02T16:45:45Z,892,14.87,False,1819.0,9.0,0.0,https://www.youtube.com/watch?v=SD89XlzcoAU,14,16,PF286720,"국립합창단, Classic Serenade [속초]",서양음악(클래식),속초문화예술회관 대공연장,2026-04-01,2026-04-01,,,,shard_49,review,"candidate work ""레미제라블"" found but ambiguous among 12 instances",general
RGvbbt72bHs,"[풀버전] 제주 울림 뮤지컬 합창단, 청량하고 맑은 하모니  ＜아틀란티스 소녀♬＞ #싱포골드 #Singforgold #SBSenter","제주 울림 뮤지컬 합창단은 아틀란티스 소녀를 합창한다.

SBS 일요일 예능 ‘싱포골드'
☞ 오후 6시 본방송

#싱포골드 #박진영 #제주울림뮤지컬합창단

▶ Hompage : https://www.sbs.co.kr/tv/enter
▶ Subscribe SBS Entertainment : https://bit.ly/2SpOhMC

*프로그램 다시 보기

✔ SBS홈페이지:
https://programs.sbs.co.kr/tv/youtube?co=youtube&type=tv&content_id=E462540860&yt_channel=SBSEntertainment
✔ WAVVE:
https://www.wavve.com/player/vod?contentid=S01_E462540860.1&utm_campaign=2022_SBS&utm_source=youtube&utm_medium=movcon&utm_contents=SBSEntertainment",UCmjNKt6kITwaZTqvWuaSPLg,SBS Entertainment,2022-09-25T09:39:48Z,226,3.77,False,106414.0,828.0,27.0,https://www.youtube.com/watch?v=RGvbbt72bHs,7500000,242920,PF250905,"남양주시립합창단, 해설이 있는 음악회: 합창으로 듣는 뮤지컬",서양음악(클래식),정약용도서관,2024-10-22,2024-10-22,,,,shard_49,review,"candidate work ""하모니"" found but ambiguous among 2 instances",general
DVzGgcHMbss,"낭만발레의 지존,유니버설발레단 지젤 2막 군무 Giselle ballet,나탈리아 쿠쉬,홍향기,강미선,조이 아나벨 워막 , 유니버설발레단 지젤,","지젤,Giselle,유니버설발레단,유니버설아트센터,나탈리아 쿠쉬,홍향기,강미선,조이 아나벨 워막 지젤로 골라보는 재미가 쏠쏠한 낭만발레의 최고봉 유니버설발레단 지젤,발레리나 예카테리나,발레리노 매튜 골딩,발레리노 이현준,발레리노 이동탁,발레리노 김기민,발레리노 콘스탄틴",UCwVWeJ7lz0x956yj9cUCRVg,문화예술의전당,2018-03-25T18:31:00Z,538,8.97,False,48777.0,364.0,10.0,https://www.youtube.com/watch?v=DVzGgcHMbss,12600,3819,PF275402,"국립발레단, 지젤 [서울]",무용(서양/한국무용),예술의전당 [서울] 오페라극장,2025-11-12,2025-11-16,,,,shard_5,review,"candidate work ""지젤"" found but ambiguous among 8 instances",general
L9H8RoNsr8Y,"볼쇼이 발레단 - '지젤' 중에서 Pas de Deux, Scene.", ,UCwwrE4SPUVd3YVjWYJEa4jQ,chitmore,2012-03-06T10:23:10Z,274,4.57,False,6635.0,11.0,0.0,https://www.youtube.com/watch?v=L9H8RoNsr8Y,29,6,PF275402,"국립발레단, 지젤 [서울]",무용(서양/한국무용),예술의전당 [서울] 오페라극장,2025-11-12,2025-11-16,,,,shard_5,review,"candidate work ""지젤"" found but ambiguous among 8 instances",general
_eaeTMmMLtA,"영화《티파니에서 아침을》(Breakfast at Tiffany's) 오드리 헵번이 불렀던 주제가 ""Moon River"" 마에스트로 금난새가 들려주는 감미로운 클래식_하모니카 이윤석","#금난새#Moon River#오드리 헵번#티파니에서 아침을#불가리안웨딩댄스#무디#팔라디오#젠킨스#부에노스아이레스#봄 #피아졸라#로시니#세빌리아이발사#험담은미풍처럼#뱃노래#조두남#베이스#오영광#생폴#홀스트#제주CBS#생명돌봄#CBS#마에스트로#콘서트#해설이있는#클래식#감동#공연#가슴뭉클#재미#전율#오페라#바이올린#김혜지#하모니카#이윤석#기타#곽진규#뉴월드챔버오케스트라#오케스트라#마음편한#힐링#Rossini
감미로운 클래식 들으며 힐링하세요^^
Moon River",UCXwsf77BfORkQCnMOLWsECg,제주CBS,2022-06-24T06:11:02Z,229,3.82,False,761.0,16.0,0.0,https://www.youtube.com/watch?v=_eaeTMmMLtA,1470,190,PF276145,"성남시립교향악단 기획공연, 금난새의 영화음악 이야기",서양음악(클래식),성남아트센터 콘서트홀,2025-11-06,2025-11-06,,,,shard_5,review,"candidate work ""하모니"" found but ambiguous among 2 instances",general
8cSWnjRV1PY,"울산 남구 구립합창단 제4회 정기연주회 ""헨델 오라토리오 메시아""","울산 남구 구립합창단 제4회 정기연주회
""헨델 오라토리오 메시아""

2025년 12월 9일 화요일 19시30분 
울산문화예술회관 대공연장

합창 울산 남구 구립합창단
오케스트라 협연  울산 남구 구립교향악단
솔리스트  소프라노 박인경, 카운터테너 윤진태, 테너 조윤환, 바리톤 김대수
피아노 최혜민
지휘 김동욱

G. F. Handel’s Oratorio
MESSIAH
헨델의 오라토리오 메시아

0:00

Part the First

1. Sinfony 3:33

2. Comfort ye (Accompagnato: Tenor) 7:20

3. Ev'ry valley (Song: Tenor) 10:05

4. And the glory of the Lord (Chorus) 13:37

5. Thus saith the Lord (Accompagnato: Bass) 16:56

6. But who may abide (Song: Countertenor) 18:52

7. And he shall purify (Chorus) 23:;25

12. For unto us a child is born (Chorus) 25:52

17. Glory to God (Chorus) 30:15

18. Rejoice greatly (Song: Soprano) 32:40

21. His yoke is easy (Chorus) 37:35

 

Part the Second

23. He was despised (Song: Countertenor) 40:06

24. Surely He hath borne our griefs (Chorus) 44:53

26. All we, like sheep (Chorus) 46:42

29. Thy rebuke hath broken His heart 51:00

(Accompagnato: Tenor)

30. Behold and see (Song: Tenor) 52:30

33. Lift up your heads (Chorus) 53:50

36. Thou art gone up on high (Song: Countertenor) 57:33

38. How beautiful are the feet (Song: Soprano) 1:00:52

40. Why do the nations (Song: Bass) 1:03:14

43. Thou shalt break them (Song: Tenor) 1:06:28

44. Hallelujah (Chorus) 1:08:30

 

Part the Third

45. I know that my Redeemer liveth (Song: Soprano) 1:12:30

46. Since by man came death (Chorus) 1:19:30

48. The trumpet shall sound (Song: Bass) 1:21:32

53. Worthy is the Lamb (Chorus) 1:25:55

54. Amen (Chorus) 1:29:15",UCD4omg1kW7twrKmm5rCOnPw,울산 남구립합창단,2026-01-06T18:12:34Z,5970,99.5,False,544.0,5.0,0.0,https://www.youtube.com/watch?v=8cSWnjRV1PY,49,7,PF274220,"울산합창대축제, 울산사람 큰울림 [울산]",서양음악(클래식),울산문화예술회관 대공연장,2025-10-16,2025-10-16,,,,shard_5,review,"candidate work ""구구"" found but ambiguous among 2 instances",general
qWgleaftrnM,-꿈꾸는하모니 - 초등학교 합창  #전국소년소녀합창경연대회 결선진출 #연세대 백주년기념관콘서트홀 #합창동아리 #음악교사 #합창지휘자,,UCHOujpM65Fg7WbSaOobRRww,꿈꾸는 하모니,2023-06-12T05:58:41Z,12,0.2,True,49067.0,367.0,,https://www.youtube.com/watch?v=qWgleaftrnM,7500,362,PF274220,"울산합창대축제, 울산사람 큰울림 [울산]",서양음악(클래식),울산문화예술회관 대공연장,2025-10-16,2025-10-16,,,,shard_5,review,"candidate work ""하모니"" found but ambiguous among 2 instances",shorts
M9wz5KrGmUY,"[청주시립합창단] 제74회 정기연주회 브람스_독일 레퀴엠 (J.Brahms_Ein deutsches Requiem, Op.45)","청주시립합창단 제74회 정기연주회 브람스_독일 레퀴엠 (J.Brahms_Ein deutsches Requiem, Op.45)

제1곡. Selig sind, die da Leid tragen 01:04
           애통하는 자는 복이 있나니 (합창)

제2곡. Denn alles Fleisch, es ist wie Gras 10:44
            모든 육신은 풀과 같고 (합창)

제3곡. Herr, lehre doch mich  24:43
           나의 종말과 연한이 어떠함을 알게 하사 (바리톤 독창과 합창)

제4곡. Wie lieblich sind deine Wohnungen 33:39
            주의 장막이 어찌 그리 사랑스러운지요 (합창)

제5곡. Ihr habt nun Traurigkeit 39:33
           지금은 너희가 근심하나 (소프라노 독창과 합창)

제6곡. Denn wir haben hie keine bleibende Statt 45:46
           우리가 영구히 머물 도성은 없고 (바리톤 독창과 합창)

제7곡. Selig sind die Toten, die in dem Herrn sterben 57:08
            주 안에서 죽는 자들은 복이 있도다 (합창)",UCpyaM8woA6_i9OLMFVsO-fw,청주시립예술단,2023-07-04T06:38:54Z,4087,68.12,False,1014.0,20.0,,https://www.youtube.com/watch?v=M9wz5KrGmUY,3070,646,PF261064,제189회 수원시립합창단 정기연주회 [수원],서양음악(클래식),수원SK아트리움 대공연장,2025-04-03,2025-04-03,,,,shard_5,review,"candidate work ""브람스"" found but ambiguous among 2 instances",general
zYgoMTzN4Uw,부산 중구 구립합창단 2016년 정기발표회,진달래 꽃,UCkgu_jJVX6BEvQ21uaI3idg,임용식,2016-09-29T13:32:28Z,278,4.63,False,415.0,3.0,0.0,https://www.youtube.com/watch?v=zYgoMTzN4Uw,29,31,PF278595,"서울시합창단, 가곡시대 [부산]",서양음악(클래식),부산콘서트홀 챔버홀,2025-11-22,2025-11-22,,,,shard_5,review,"candidate work ""구구"" found but ambiguous among 2 instances",general
LXX3Ud66swQ,6월28일 무료공연 / 부산문화회관 하모니합창단 정기연주회,"6월28일 무료공연 / 부산문화회관 하모니합창단 정기연주회 
- 부산MBC 뉴스투데이 20220613
- 안희성 아나운서
---------------------------------
엔데믹 시대를 맞아,
일상회복과 새로운 출발을 응원하는
부산하모니합창단의 정기연주회가
오는 28일 문화회관 대극장에서
열립니다.

이번 연주회는 무료공연으로,
창작합창 공모 당선곡을
비롯해 친숙한 영가곡 등을 선사하며
다양하고 화려한 합창의 세계를
보여줍니다.

지난 2003년 3월 창단된 부산하모니합창단은
무반주 예술합창을 비롯한
다양한 합창곡들을 17차례의 정기연주회를 통해
해마다 선보여 왔습니다.

이두원 기자
blade@busanmbc.co.kr
-----------------------------------------------
구독과 좋아요는 채널성장에 큰 힘이 됩니다.
더 좋은 콘텐츠로 보답하겠습니다. 고맙습니다.
-----------------------------------------------
#부산문화회관 #하모니합창단 #정기연주회
#클래식K #부산음악콩쿠르 #피아노곡모음
#부산MBC #부산문화방송",UC0tBQ7evz5sNbMjwBOhmhiA,클래식K,2022-06-13T04:45:52Z,41,0.68,True,677.0,9.0,1.0,https://www.youtube.com/watch?v=LXX3Ud66swQ,43100,1054,PF278595,"서울시합창단, 가곡시대 [부산]",서양음악(클래식),부산콘서트홀 챔버홀,2025-11-22,2025-11-22,,,,shard_5,review,"candidate work ""하모니"" found but ambiguous among 2 instances",shorts
ox_92pDOgxQ,"창단 20년 부산하모니합창단 정기연주회 개최 (2023-06-10,토/뉴스데스크/부산MBC)","* 부산MBC 뉴스제보 ☎ 051-760-1111
* 부산 MBC 카카오톡 제보 채널  :   부산MBC제보
* '좋아요'  버튼과 '구독' 버튼 꼭 눌러주세요.
* 우측 상단에 종 그림이 '알람' 버튼 입니다. 
   눌러서 켜놓으시면 생방송 알람이 갑니다.

* 부산MBC 홈페이지 :    https://www.busanmbc.co.kr
* 부산MBC뉴스  페이스북 :   https://bit.ly/2QEOmdB 
* 부산MBC뉴스 인스타그램 : https://www.instagram.com/busan_mbcnews/?hl=ko
* 부산MBC뉴스 카카오뷰 : https://pf.kakao.com/_pxmgFs
*웹사이트 한눈에 보기 : https://linktr.ee/busanmbcnews

#부산뉴스 #뉴스데스크부산 #뉴스투데이부산
#부산MBC  #부산문화방송 #부산엠비씨",UCYv6OdjenbbDHRKTLCB5kdw,부산MBC뉴스,2023-06-10T11:45:11Z,42,0.7,True,709.0,,0.0,https://www.youtube.com/watch?v=ox_92pDOgxQ,236000,40684,PF236542,부산시립소년소녀합창단 특별연주회: Friendly Concert,서양음악(클래식),부산문화회관 중극장,2024-03-30,2024-03-30,,,,shard_5,review,"candidate work ""하모니"" found but ambiguous among 2 instances",shorts
1_q4oBzZ2Zw,[유아대상 과학문화공연] 뮤지컬 / 깃털피리 - 하이라이트,"2020. 8. 26.(수) 00시 ~29.(토) 24:00 기간 
국립중앙과학관 채널에서 온라인으로 진행 된 공연
뮤지컬 ""깃털피리"" 하이라이트 영상입니다.

다음공연 안내
[샌드아트/공룡 이야기]
동물들의 귀, 코, 뿔, 발자국 등을 보면서 어떤 동물인지 맞춰보고,
국립중앙과학관에 전시되어 있는 다양한 종류의 공룡 이름과 특징에 대해 알아봅니다.
- 공연기간 : 2020. 9. 23.(수) 00:00 ~ 26.(토) 24:00",UCXxtwdYcghpqmfb9YyHV0Fg,국립중앙과학관,2020-08-29T15:00:00Z,301,5.02,False,3293.0,14.0,0.0,https://www.youtube.com/watch?v=1_q4oBzZ2Zw,19200,1164,PF292252,뚝딱하니 어흥! [부산],뮤지컬,꿈나래어린이극장,2026-06-13,2026-06-13,,,,shard_5,review,"candidate work ""깃털피리"" found but ambiguous among 3 instances",general
vg9nZ1J09RE,편지 - 정남규 / 원주시립합창단,"객원지휘: 이동규
피아노: 이해인

원주시립합창단 브런치 콘서트, 원주문화원",UCo97PR1AIWnSbyHxyfWqGlg,Dr. Dong-Kyu Lee,2025-08-03T13:34:08Z,394,6.57,False,504.0,12.0,0.0,https://www.youtube.com/watch?v=vg9nZ1J09RE,2680,591,PF235817,제108회 원주시립합창단 정기연주회 [원주],서양음악(클래식),원주치악예술관,2024-02-29,2024-02-29,,,,shard_5,review,"candidate work ""지정"" found but ambiguous among 3 instances",general
fzGGsnSMYd4,[부산시립예술단] 토크 오페라 '세비야의 이발사',"오페라를 쉽고 재미있게 즐기는 특별한 시간!
토크 오페라 '세비야의 이발사' 공연이 7월 7일부터 9일까지 부산시민회관 대극장에서 펼쳐집니다 ✨
⠀
부산 출신 청년성악가 주역들과 부산시립청소년교향악단 연주를 감상하며 오페라의 매력에 빠져보세요~💚🧡

#부산시립예술단 #예술교육공연 #꿈꾸는예술교육",UCeySqDu5BowY_RD5sVYIYug,부산시립예술단TV,2022-07-03T01:14:46Z,26,0.43,True,356.0,7.0,0.0,https://www.youtube.com/watch?v=fzGGsnSMYd4,2630,551,PF268485,"꿈꾸는 예술학교, 토크오페라: 헨젤과 그레텔",서양음악(클래식),부산시민회관 대극장,2025-07-03,2025-07-04,,,,shard_50,review,"candidate work ""세비야의 이발사"" found but ambiguous among 4 instances",shorts
gKTtLu0A1ZQ,영동난계국악단 별주부전 Live 2014.09.14,코엑스몰 한일축제한마당 2014 in Seoul,UCvezRLTg_V270sSirp-gADQ,TAMI TV,2014-09-20T16:32:54Z,203,3.38,False,323.0,7.0,0.0,https://www.youtube.com/watch?v=gKTtLu0A1ZQ,588,363,PF279780,대구시립국악단 송년음악회: 여명 [대구],한국음악(국악),대구문화예술회관 팔공홀,2025-12-23,2025-12-23,,,,shard_50,review,"candidate work ""별주부전"" found but ambiguous among 3 instances",general
TrVwt84UZJg,[WOS]월드오케스트라시리즈_베누스토오케스트라 스페셜콘서트_#1부_오프닝_백조의 호수,"■ 주최- 대구콘서트하우스

■ 주관- 월드오케스트라시리즈조직위원회

■ 후원- 문화체육관광부 TBC 한국OSG

■ 일시- 2017.11.29.(수) 19:30

■ 장소- 대구콘서트하우스 그랜드홀

■ 연주- 대구베누스토오케스트라 (지휘- 노철우, 협연- Vn. 정원영)

· The Swan Lake Suite Op.20a - Ⅰ. Scene. Moderato ...... P. I. Tchaikovsky",UCJoHII4cL7JFwk8P0sn3Erg,대구베누스토 오케스트라 관리채널,2018-03-24T02:02:41Z,247,4.12,False,355.0,3.0,1.0,https://www.youtube.com/watch?v=TrVwt84UZJg,151,33,PF248221,"월드오케스트라페스티벌, 광주시립교향악단 [대구]",서양음악(클래식),대구콘서트하우스 그랜드홀 (대공연장) ,2024-10-24,2024-10-24,,,,shard_50,review,"candidate work ""백조의 호수"" found but ambiguous among 6 instances",general
VlPFDMQpyYA,IN TWO WEEKS(2주안에) - 별주부전 LIVE,"3월 6일 홍대 에반스라운지에서 2주안에가 첫 공연을 했습니다.
넘다, 별주부전부터 미발매곡인 LONDON까지 들려드렸는데요
신나는 카피곡들과 함께했습니다.
첫 공연을 하면서 아직 많이 부족한 우리의 모습을 깨닫고 다음공연때는 더 멋진 락밴드 2주안에로 돌아오겠습니다. :) 함께 공연했던 노모밴드, 험블밴드도 고생많으셨고 부족한 저희를 무대로 초대해주신 에반스라운지 모든 스탭들에게도 감사합니다!

ps. 다음공연은 홍대 라디오키친에서!",UCyZ3U7lFDUKpLdlojBIfwPg,우주,2017-03-08T04:54:44Z,199,3.32,False,273.0,16.0,0.0,https://www.youtube.com/watch?v=VlPFDMQpyYA,104,14,PF245472,신 별주부전 [김포],서양음악(클래식),김포아트홀,2024-09-25,2024-09-25,,,,shard_50,review,"candidate work ""별주부전"" found but ambiguous among 3 instances",general
auKwMINOlGE,샌드아트동화 창작오페라 미스래빗 - 별주부전,"본 사업은 2020년 코로나 창작지원활성화 공연예술창작발표지원 사업으로 제작되었습니다.

인칸토솔리스트앙상블

대구광역시 지정 전문예술단체 (2016-4호)
대구음악협회 단체공로상 (2017-5호)

http://www.incanto08.com
공연문의 : 053-626-4322",UCfRac9C50K8daRWcSHFaI9w,인칸토솔리스트앙상블,2020-12-21T13:10:13Z,4123,68.72,False,450.0,,0.0,https://www.youtube.com/watch?v=auKwMINOlGE,129,162,PF245472,신 별주부전 [김포],서양음악(클래식),김포아트홀,2024-09-25,2024-09-25,,,,shard_50,review,"candidate work ""별주부전"" found but ambiguous among 3 instances",general
fKElIjC2zvk,[예술이음학교(문광초)] 교사 예술가 협력수업 AI연극 별주부전 1부 바다편,"ㅇ 협력수업 프로젝트 주제: 연극으로 그리는 내일! 창의 예술 프로젝트 「연극, AI를 만나다!」
 ㅇ 시기: 2021년 3월~7월
 ㅇ 참여: 문광초 3,4학년 학생
 ㅇ 주요내용: 최근 AI교육 흐름에 예술교육을 융합한 시도의 하나로서 노벨 엔지니어링(NE, Novel EngineerIng) 수업을 진행하였다. 노벨엔지니어링이란 소설을 뜻하는 ‘노벨’과 공학을 뜻하는 ‘엔지니어링’이 합쳐진 융합교육법으로 노벨엔지니어링 수업모델에서는 학습자가 책을 읽고 주인공의 문제상황을 인식하여 문제를 해결하기 위한 해결책을 고안해 보도록 한다. 본 수업에서는 이러한 문제해결에 연극적 요소를 적극 가미하여 독서를 통해 인식한 우리 옛 이야기(별주부전) 속 문제상황을 AI를 통해 해결하는 과정을 연극으로 풀어냈다. 
 ㅇ 관련교과: 국어, 음악, 창의적 체험활동",UCCJ2GOkeF1eaVg4EXVHKD8w,예술온학교,2022-01-05T07:55:11Z,771,12.85,False,362.0,4.0,0.0,https://www.youtube.com/watch?v=fKElIjC2zvk,1450,394,PF245472,신 별주부전 [김포],서양음악(클래식),김포아트홀,2024-09-25,2024-09-25,,,,shard_50,review,"candidate work ""별주부전"" found but ambiguous among 3 instances",general
USc2BRHnMK0,돌아온 낭만 발레 '지젤'...스타 무용수 총출동 / YTN,"[앵커]
호두까기 인형, 백조의 호수와 함께 전 세계적으로 사랑받는 발레 작품이 있습니다.

낭만 발레의 대표작 '지젤'인데요.

국내에선 오랜만의 공연이기도 하고 국내외 스타 무용수들이 대거 등장해 팬들의 관심이 뜨겁습니다.

김정회 기자가 소개합니다.

[기자]
깊은 밤, 흰옷을 입고 무리 지어 춤추는 윌리들.

발레 '지젤'은 이 요절한 처녀들의 혼령 '윌리'에 대한 인상이 강렬한 작품입니다.

여기에 주인공 '지젤'의 순수한 사랑이 작품 전체를 관통해 아련하고 긴 여운을 남깁니다.

국립발레단과 유니버설 발레단이 다시 무대에 올립니다.

국립발레단은 파리오페라 발레 버전을, 유니버설 발레단은 마린스키 발레단 버전을 선보입니다.

버전은 달라도 두 단체 모두 원작에 가까운 형태를 추구하며 무대나 의상도 큰 변화가 없습니다.

그런데도 티켓 예매는 일찍부터 불붙었습니다.

스타 무용수들이 대거 등장하기 때문으로 보입니다.

국립발레단은 간판인 김지영, 박슬기, 김리회에 이영철과 김기완을 내세웠고

유니버설 발레단은 매튜 골딩, 김기민을 앞세운 해외파 두 팀에 국내파 세 팀이 등장합니다.

'지젤'은 발레 초보자라도 드라마를 보듯 즐길 장면들이 많습니다.

특히 지젤이 사랑에 배신당한 뒤 미쳐가는 광란의 춤 장면과

[김지영 / 국립발레단 수석무용수 '지젤'역 : 알브레히트와 사랑했던 시간을 생각하고 동작을 완벽하진 않아도 기억하는 부분이 있거든요. 그 부분은 정말 그 순간에 빠져들어요.]

죽을 위기에 놓인 연인을 사랑의 힘으로 구하는 장면,

아이돌 그룹의 '칼군무'처럼 정확성이 요구되는 윌리들의 춤 장면은 압권으로 꼽힙니다.

[강미선 / 유니버설발레단 수석무용수 '지젤'역 : 그 장면을 연출하기 위해 무한한 반복 연습을 하고 있고 여러 명이지만 한 사람처럼 움직여야 하기 때문에 집중적으로 연습하고 있고….]

봄과 함께 돌아온 지젤, 시각을 압도하는 희고 푸른 색채의 아름다움이 다시 시작됐습니다.

YTN 김정회입니다.

▶ 기사 원문 : http://www.ytn.co.kr/_ln/0106_201803240207131453
▶ 제보 안내 : http://goo.gl/gEvsAL, 모바일앱, 8585@ytn.co.kr, #2424

▣ YTN 유튜브 채널 구독 : http://goo.gl/Ytb5SZ

[ 한국 뉴스 채널 와이티엔 / Korea News Channel YTN ]",UChlgI3UHCOnwUGzWzbJ3H5w, YTN,2018-03-23T17:17:51Z,157,2.62,False,2264.0,15.0,0.0,https://www.youtube.com/watch?v=USc2BRHnMK0,5360000,964746,PF238655,"국립현대무용단, 어린이 무용: 얍! 얍! 얍!",무용(서양/한국무용),예술의전당 [서울] 자유소극장,2024-05-18,2024-05-26,,,,shard_51,review,"candidate work ""지젤"" found but ambiguous among 8 instances",general
Krr_yG3EsdY,[우리의 낙원 정다운 가곡] 갈매기 (이은상 시 - 채동선 곡),2010년 11월15일 저녁 서울 종로3가 둘로스소극장. 우리의 낙원 정다운 가곡 제8회 작곡가와 함께 가곡 부르기. 초청 작곡가: 오숙자. 지도: 신귀복. 피아노: 고승희. 주최: 참깨방송.,UCiw6RObBFSVCCoHTIsgc_kQ,SesameTube 참깨방송,2010-11-19T09:53:17Z,246,4.1,False,700.0,0.0,0.0,https://www.youtube.com/watch?v=Krr_yG3EsdY,160000,19477,PF265434,신귀복 가곡음악회: 가곡의 별 [제주],서양음악(클래식),제주문예회관 대극장,2025-06-06,2025-06-06,,,,shard_51,review,"candidate work ""갈매기"" found but ambiguous among 2 instances",general
qWgleaftrnM,-꿈꾸는하모니 - 초등학교 합창  #전국소년소녀합창경연대회 결선진출 #연세대 백주년기념관콘서트홀 #합창동아리 #음악교사 #합창지휘자,,UCHOujpM65Fg7WbSaOobRRww,꿈꾸는 하모니,2023-06-12T05:58:41Z,12,0.2,True,49067.0,367.0,,https://www.youtube.com/watch?v=qWgleaftrnM,7500,362,PF284619,"부산시립소년소녀합창단 특별연주회, Friendly Concert (프렌들리 콘서트)",서양음악(클래식),부산문화회관 중극장,2026-03-07,2026-03-07,,,,shard_51,review,"candidate work ""하모니"" found but ambiguous among 2 instances",shorts
13oiOoR1R4A,함께 - 무지개빛하모니 / 이주민 다문화 합창대회 (230916),,UCxLa-LEGMpAq3X407Z4H_5g,화평방송 HPBS,2023-09-16T05:30:48Z,43,0.72,True,363.0,8.0,0.0,https://www.youtube.com/watch?v=13oiOoR1R4A,173000,18272,PF274507,대구경북소년소녀합창페스티벌: 우리가 노래하는 세상 [대구],서양음악(클래식),대구문화예술회관 팔공홀,2025-10-18,2025-10-18,,,,shard_52,review,"candidate work ""하모니"" found but ambiguous among 2 instances",shorts
5KW_sVLYJ7E,한화생명과 함께하는 예술의전당 11시 콘서트 Brahms ungarischer tanz nr. 6 브람스 헝가리 무곡 6번,"2022. 10. 13 예술의전당 콘서트홀
지휘 : 송안훈 Conductor: An-Hoon Song 
오케스트라 : 강남 심포니 오케스트라  Gangnam Symphony Orchestra",UC6LbXEOjGgdweuR57F8KjTA,AH Song,2023-01-19T07:45:54Z,371,6.18,False,889.0,23.0,1.0,https://www.youtube.com/watch?v=5KW_sVLYJ7E,108,49,PF254680,제185회 원주시립교향악단 정기연주회 [원주],서양음악(클래식),원주백운아트홀,2024-12-12,2024-12-12,,,,shard_52,review,"candidate work ""브람스"" found but ambiguous among 2 instances",general
tquN5KFj5Ps,광주 필하모니 오케스트라 - 아리랑,"아리랑............ 최성환 (북한 공훈예술가)     
지휘 : 김 기 원   ‘경기도 문화의날’ 코로나 극복, 광주시민을 위한 힐링 콘서트
광주시민 필하모니 오케스트라    2020년 7월 10일 남한산성 아트홀",UCJrvhFwpIHKS2mWOMepUVzA,광주필하모니 오케스트라,2020-07-28T03:05:30Z,518,8.63,False,654.0,33.0,1.0,https://www.youtube.com/watch?v=tquN5KFj5Ps,186,79,PF254680,제185회 원주시립교향악단 정기연주회 [원주],서양음악(클래식),원주백운아트홀,2024-12-12,2024-12-12,,,,shard_52,review,"candidate work ""하모니"" found but ambiguous among 2 instances",general
gHg-np-iMVc,[예술극장] 빨래방:쌉소리 촉각카드 음성소개 : 1장. 빨래방,"#무용 #접근성 #공연 #이가영
이 콘텐츠는 음성해설 무용 작품 [빨래방:쌉소리] 촉각카드 음성소개입니다.

2023 예술극장 접근성 제작공연 [빨래방:쌉소리]는 #음성해설 #촉각카드 #터치투어 #촉각전시 까지 
다양한 감각으로 공연을 즐길 수 있습니다.

#음성해설 #무용 #공연 [빨래방:쌉소리]는
2023년 8월 5일 토요일 오후 3시와 7시
8월 6일 일요일 오후 4시에
#대학로예술극장 소극장에서 공연합니다.
전회차 음성해설을 제공하고, 음성해설을 위한 FM수신기는
공연 당일, 소극장 로비에서 무료로 대여해드립니다.

공연에 대한 정보는
#아르코대학로예술극장 누리집 theater.arko.or.kr 과
고객지원센터 02-3668-0007에서 안내받을 수 있습니다!

접근성 제작 : 아르코·대학로예술극장
일러스트 : 엄지 
음성소개 낭독 : [빨래방:쌉소리] 음성해설 작가 레아
음향감독 : 남영모 무대기술부 대리
프로듀서 : 이유진 극장운영부 차장",UCDHgVFK0iTBFATevkGoBBVw,한국문화예술위원회(ARKO),2023-07-25T08:30:56Z,43,0.72,True,127.0,1.0,0.0,https://www.youtube.com/watch?v=gHg-np-iMVc,17800,2006,PF224240,오셀로와 이아고 [안동],한국음악(국악),구름에 리조트 천자문마당,2023-09-07,2023-09-09,,,,shard_52,review,"candidate work ""빨래"" found but ambiguous among 3 instances",shorts
sxrHMohNju8,"마스터즈시리즈7 ""전원속의 브람스""","ㅇ 대전시립교향악단 마스터즈시리즈 7 ""전원속의 브람스""
ㅇ 2021년 7월 18일(일) 17:00, 대전시립연정국악원 큰마당
ㅇ객원지휘 _ 이병욱(인천시향 예술감독)
     트 럼 펫 _ 임승구
 ㅇ프 로 그 램 
     하차투리안 _ 「스파르타쿠스 모음곡 제2번」 중 
                         ‘스파르타쿠스와 프리지아를 위한 아다지오’ 
     아르투니안 _ 트럼펫 협주곡 내림 가장조
      브람스 _ 교향곡 제2번 라장조, 작품 73",UCkAcL7zFwLDVd5t-B4xQFzg,대전시립교향악단Daejeon Philharmonic Orchestra,2021-07-12T01:17:17Z,39,0.65,True,324.0,4.0,0.0,https://www.youtube.com/watch?v=sxrHMohNju8,1020,89,PF240867,"대전시립교향악단 챔버시리즈 2, 피아노와 실내악",서양음악(클래식),대전예술의전당 앙상블홀,2024-06-13,2024-06-13,,,,shard_52,review,"candidate work ""브람스"" found but ambiguous among 2 instances",shorts
XcX95pBP5mA,원주시민 오케스트라 2018정기연주회 (브람스: 레퀴엠),브람스: 레퀴엠 /  원주 백운아트홀 / 2018 4월 21일 / 원주시민오케스트라,UCzX6sJetvkMx-4tiGLtPUQg,DARTH VADER,2018-05-01T03:49:13Z,4791,79.85,False,630.0,11.0,1.0,https://www.youtube.com/watch?v=XcX95pBP5mA,13,6,PF284607,제629회 부산시립교향악단 정기연주회 [부산],서양음악(클래식),부산콘서트홀 콘서트홀,2026-03-26,2026-03-26,,,,shard_53,review,"candidate work ""브람스"" found but ambiguous among 2 instances",general
R8gJu9Iwxs8,"금천하모니축제 [금천예술무대] - 주희의음악이야기, 금천평화날개뮤지컬단, 금천평화날개합창단 편","마지막 금천예술무대의 주무대는 바로 온라인! 금천하모니TV!

온라인 콘텐츠를 위해 다양한 금천구민들이 다양한 장르로 참여했습니다!

성악, 뮤지컬부터 온라인 합창까지~!
한땀한땀 정성들여 준비한 금천예술무대 만나보시죠!

[금천하모니축제] 금천예술무대
- 주희의 음악이야기
- 금천평화날개뮤지컬단
- 금천평화날개합창단


금천예술무대!
내년 금천하모니축제에서 또 만나요~!

#금천하모니축제 #금천예술무대 #금천구청 #금천문화재단 #금나래중앙공원 #축제 #공연 #예술 #주희의음악이야기 #금천평화날개뮤지컬단 #금천형화날개합창단 #성악 #뮤지컬 #시민뮤지컬 #합창 #온라인합창",UCjovCOllzA7uZaFcOkGI9yw,금천하모니TV,2021-11-14T09:00:09Z,2192,36.53,False,578.0,35.0,0.0,https://www.youtube.com/watch?v=R8gJu9Iwxs8,1560,57,PF247691,빵야 [서울 금천],연극,금나래아트홀,2024-10-09,2024-10-09,,,,shard_53,review,"candidate work ""하모니"" found but ambiguous among 2 instances",general
j6tiq4Jbbc8,[오페라 커튼콜] 나의 능력이 아닌 그분께서 주신 능력으로!! Soli Deo Gloria!! | 국립오페라단 콘서트오페라 Gianni Schicchi | (feat. 환호),"#solideogloria #국립오페라단 #잔니스키키 #커튼콜
#콘서트오페라 #giannischicchi #koreanationalopera
#바리톤김은곤 #공연 #연주 #오페라",UCLT1_8hj7bFg3nU23o-U8ag,Cantando Ugo 노래하는 우고,2023-03-27T12:59:14Z,13,0.22,True,1803.0,17.0,0.0,https://www.youtube.com/watch?v=j6tiq4Jbbc8,857,162,PF262887,라 트라비아타 [의정부],서양음악(클래식),의정부예술의전당 대극장,2025-06-14,2025-06-14,,,,shard_53,review,"candidate work ""국립오페라단, 잔니 스키키"" found but ambiguous among 6 instances",shorts
G3FWZcHII-c,"크리스티안 틸레만&드레스덴 슈타츠카펠레 콘서트 - 브람스, 차이콥스키, 리스트 │ 오르페오 채널","크리스티안 틸레만&드레스덴 슈타츠카펠레 콘서트 - 브람스, 차이콥스키, 리스트 │ 오르페오 채널



방송일시 ㅣ 11월 7일 일요일 저녁 9시 35분


지휘 ㅣ 크리스티안 틸레만
연주 ㅣ 슈타츠카펠레 드레스덴
솔로 ㅣ 리사 바티아슈빌리 (바이올린), 고티에 카퓌숑 (첼로)




🎼 주요 연주곡
브람스 : 바이올린과 첼로를 위한 이중 협주곡 a단조 Op.102
차이콥스키 : 로미오와 줄리엣 b단조 TH 42 '환상 서곡'
리스트 : 교향시 3번 S.97 '전주곡'



3명의 19세기 작곡가들의
삶과 사랑 그리고 죽음

  21세기를 선도하는 거장 클래식 아티스트 리사 티아슈빌리와 고티에 카퓌숑 그리고 크리스티안 틸레만은 슈타츠카펠레 드레스덴과 함께 3명의 19세기 작곡가들의 사랑과 죽음에 대한 정교하고도 세밀한 곡을 연주한다. 리스트의 전주곡에서 보여주는 것 처럼 삶의 단계는 죽음의 선율에 대한 서곡으로 볼 수 있다. 그 다음 차이콥스키의 로미오와 줄리엣으로 사랑 뒤에 숨겨진 비극적인 삶의 부적절한 해결, 브람스의 이중 협주곡으로 어떤 완성을 이루는 서사시와 영웅적 욕망으로 프로그램이 구성되었다



#ORFEO #브람스 #이중협주곡 #고티에카퓌숑 #리사바티아슈빌리



👉 오르페오TV의 방송제작, 광고·협찬 문의는 공식 메일로 보내주시기바랍니다. 
✉ info@music2watch.com 

오르페오 채널 안내📺
스카이라이프 144번
올레 KT 139번
LG유플러스 231번
SK브로드밴드 235번
딜라이브 232번
LG헬로비전 272번
HCN 228번

오르페오 채널 SNS 바로가기📱
홈페이지 http://www.orfeo-tv.com
트위터 http://www.twitter.com/ORFEO_TV
인스타그램 http://www.instargram.com/orfeo_tv
페이스북 http://www.facebook.com/ORFEO-TV-621230285190748
유튜브 http://www.youtube.com/c/ORFEOTV
네이버TV http://tv.naver.com/ORFEO_TV",UC9SUM7KuhhhRpwGdO11Wb_A,ORFEO TV,2021-11-05T04:00:10Z,254,4.23,False,1080.0,13.0,0.0,https://www.youtube.com/watch?v=G3FWZcHII-c,25400,1140,PF282047,"국립심포니콘서트오케스트라, 브람스, 교향곡 2번 [세종]",서양음악(클래식),세종예술의전당 대공연장,2026-01-27,2026-01-27,,,,shard_53,review,"candidate work ""브람스"" found but ambiguous among 2 instances",general
UTa5CUAUQhM,#정명훈&드레스덴슈타츠카펠레내한공연(2023.3.8)#브람스교향곡제3번3악장#예술의전당,@정명훈&드레스덴슈타츠카펠레 단원의 친절한 sign,UCURHm3vjwRQL8D9S59xl-LA,한스튜브 hans tube,2023-03-08T14:01:45Z,36,0.6,True,1171.0,25.0,1.0,https://www.youtube.com/watch?v=UTa5CUAUQhM,1990,900,PF282047,"국립심포니콘서트오케스트라, 브람스, 교향곡 2번 [세종]",서양음악(클래식),세종예술의전당 대공연장,2026-01-27,2026-01-27,,,,shard_53,review,"candidate work ""브람스"" found but ambiguous among 2 instances",shorts
aTLxFXqHIhE,자본주의 속 환경 파괴 문제…'백조의 호수' / SBS / 문화현장,"[FunFun 문화현장]

〈앵커〉

문화현장, 매주 수요일은 공연소식입니다.

김수현 문화예술 전문기자가 전해드립니다.

〈기자〉

[프렐조카쥬 발레 '백조의 호수' / 22~25일 / LG아트센터 서울]

호숫가에 거대한 공장을 세우려는 자본가와 환경 파괴 속에 희생되는 백조의 이야기, 프랑스의 무용 거장 앙줄랭 프렐조카쥬가 독창적인 안무로 새롭게 탄생시킨 백조의 호수입니다.

마법에 걸린 공주 오데트는 환경 운동가, 왕자 지그프리트는 시추장비 개발회사 후계자, 마법사 로트바르트는 부동산 사업가가 됐습니다.

차이코프스키의 발레 음악 외에 다른 음악도 새롭게 추가했고, 영상과 조명만으로 다양한 장면들을 표현합니다.

[앙줄랭 프렐조카쥬/안무가 : '백조의 호수'는 호수이며 물입니다. 물은 생명체에 절대적으로 필요한 천연자원입니다. 그래서 이건 이 프로젝트를 관통할 수 있는 질문들입니다.]

---

[장한나 & 빈 심포니 오케스트라 / 오늘 / 롯데콘서트홀]

브루노 발터, 리하르트 슈트라우스, 카라얀 등 거장들이 함께 했던 오스트리아의 유명 악단 빈 심포니가 한국에서 공연합니다.

노르웨이 트론헤임 심포니 예술감독, 독일 함부르크 심포니 수석 객원 지휘자를 맡고 있는 장한나가 지휘봉을 잡습니다.

베토벤 교향곡 3번 영웅, 그리고 2021년 쇼팽 콩쿠르 우승자인 브루스 리우가 협연하는 베토벤 피아노 협주곡 3번을 들려줍니다.

---

[로테르담 필하모닉 내한공연 / 19일 / 롯데콘서트홀]

이스라엘 출신의 지휘자 라히브 샤니가 이끄는 네덜란드 명문 악단 로테르담 필하모닉도 한국을 찾아옵니다.

샤니는 주목받는 차세대 지휘자로 29살에 로테르담 필하모닉 최연소 상임지휘자로 임명됐고, 2026년부터는 뮌헨 필하모닉 수장도 겸하게 됩니다.

내한공연 프로그램은 차이코프스키 교향곡과 김봄소리가 협연하는 브람스 바이올린 협주곡입니다.

(영상편집 : 오노영)


☞더 자세한 정보
https://news.sbs.co.kr/y/?id=N1007228470
 

#SBS뉴스 #발레 #백조의호수

▶SBS 뉴스 채널 구독하기 : https://n.sbs.co.kr/youtube 
▶SBS 뉴스 라이브 : https://n.sbs.co.kr/youtubeLive , https://n.sbs.co.kr/live 

▶SBS 뉴스 제보하기
홈페이지: https://n.sbs.co.kr/inform 
애플리케이션: 'SBS뉴스' 앱 설치하고 제보 - https://n.sbs.co.kr/App 
카카오톡: 'SBS뉴스'와 친구 맺고 채팅 - https://pf.kakao.com/_ewsdq/chat 
페이스북: 'SBS뉴스' 메시지 전송 - https://www.facebook.com/sbs8news 
이메일: sbs8news@sbs.co.kr 
문자: #6000 
전화: 02-2113-6000 

홈페이지: https://news.sbs.co.kr/ 
페이스북: https://www.facebook.com/sbs8news 
트위터: https://www.twitter.com/sbs8news
카카오톡: https://pf.kakao.com/_ewsdq
인스타그램: https://www.instagram.com/sbsnews",UCkinYTS9IHqOEwR1Sze2JTw,SBS 뉴스,2023-06-14T03:34:58Z,123,2.05,False,935.0,6.0,0.0,https://www.youtube.com/watch?v=aTLxFXqHIhE,5240000,344837,PF258014,"국립현대무용단, 얍! 얍! 얍! [공주]",무용(서양/한국무용),공주문예회관 대공연장,2025-06-20,2025-06-21,,,,shard_53,review,"candidate work ""백조의 호수"" found but ambiguous among 6 instances",general
prrEd7XCn1k,울산 남구 구립교향악단 '2020 힐링 음악회' #무관중공연 #제71회정기연주회,"#울산남구 #구립교향악단 #코로나-19 #무관중공연 #클래식

남구 구립교향악단, 코로나-19 극복을 위한
제71회 정기연주회 ""2020 힐링 음악회""
2020. 5. 19(화) 오후 4시 무관중 공연

※ 프로그램 노트

01:45 요한 스트라우스 2세 봄의 소리 왈츠
10:15 차이코프스키 바이올린 협주곡 작품35 제1악장 보통 빠르게
31:40 바버 현을 위한 아다지오 작품11
40:26 프렌켈 “백학”
45:10 최진 “시간에 기대어”
56:01 베토벤 교향곡 제5번 다단조 작품67 제4악장 빠르게

※ 출연진

지휘: 이태은(남구 구립교향악단 상임지휘자)

협연
 바이올린 남수진
· 서울대학교 음악대학 졸업
· 텍사스 주립대학 음악대학 석사 및 박사 졸업
· 부천시립교향악단 상임단원 역임
· 현, 울산 중구심포니오케스트라 악장, USP 챔퍼오케스트라 객원악장
· 선화예중·고, 부산예중·고 외래교수
· 영남대학교, 울산대학교 음악대학 겸임교수

 베이스 박기범
· 러시아 상트페테르부르크 국립음악원 졸업
· 러시아 림스키 코르사코프 국제성악 콩쿠르 입상
· 러시아 상트페테르부르크 국립오페라단 솔리스트 역임
· 러시아 카스트라마 순회 공연, 푸쉬킨 탄생 200주년 기념 초청연주,
  네크라소프·푸쉬킨 박물관 초청연주
· 오페라 ‘보리스 고두노프’, ‘에브게니 오네긴’, ‘토스카’, ‘리골레토’, ‘라 보엠’
  주역 출연

연주: 남구 구립교향악단
사회: 김언지",UCA_sH8tAjjakRDWfLKN3FDQ,울산남구 고래방송국,2020-05-21T23:00:13Z,4125,68.75,False,2914.0,88.0,16.0,https://www.youtube.com/watch?v=prrEd7XCn1k,24500,692,PF244296,"울산시립청소년교향악단 기획연주회, 솔리스트 음악회 [울산]",서양음악(클래식),울산문화예술회관 소공연장,2024-07-20,2024-07-20,,,,shard_53,review,"candidate work ""구구"" found but ambiguous among 2 instances",general
V_8iqbRbttE,"🦢 백조의 호수 | 발레, 요약하기","클래식 발레의 대표적인 작품

백조의 호수 요약하기",UCo5RG9GfparkD0gY23PU3ag,테르프 Terp,2019-02-11T04:31:35Z,901,15.02,False,684601.0,6178.0,217.0,https://www.youtube.com/watch?v=V_8iqbRbttE,51500,189,PF234724,"국립발레단, 백조의 호수",무용(서양/한국무용),LG아트센터 서울 LG SIGNATURE 홀,2024-03-27,2024-03-31,,,,shard_54,review,"candidate work ""백조의 호수"" found but ambiguous among 6 instances",general
VT0-sY0jmSk,발레리나들도 어렵다는 그작품🦢백조의 호수 #shorts #발레,"발레하면 바로 떠오르는 이미지는? ""🦢"" 백조의 호수죠? 오늘은 미국 ABT 발레단의 질리언 머피와 러시아 mariinsky 발레단의 울리야나 로파트키나 발레리나 비교 영상입니다!",UCJSp4GqXKkQB2Um0hhgeM3Q,발레하는 펄리나 PEARLINA,2023-05-18T12:30:28Z,36,0.6,True,773769.0,11133.0,434.0,https://www.youtube.com/watch?v=VT0-sY0jmSk,57100,507,PF234724,"국립발레단, 백조의 호수",무용(서양/한국무용),LG아트센터 서울 LG SIGNATURE 홀,2024-03-27,2024-03-31,,,,shard_54,review,"candidate work ""백조의 호수"" found but ambiguous among 6 instances",shorts
yEkQaYhLVZE,발레 백조의호수,"클래식 발레의 대표 브랜드
백조의 호수!!!

이해하기 어렵다고 생각말고
공연 스토리를 이해하고 관람포인트 이해하고 보자!!!


예술에 관하여 궁금하신점이 있으시면 알려주십시요.
준비해서 영상으로 알려드리겠습니다.
tem.dam2014@hanmail.net",UCSH1zaLHhpOPHR2McXXeyBw,예술의 모든지식 TA,2020-11-20T06:15:01Z,488,8.13,False,14224.0,225.0,7.0,https://www.youtube.com/watch?v=yEkQaYhLVZE,1980,12,PF234724,"국립발레단, 백조의 호수",무용(서양/한국무용),LG아트센터 서울 LG SIGNATURE 홀,2024-03-27,2024-03-31,,,,shard_54,review,"candidate work ""백조의 호수"" found but ambiguous among 6 instances",general
bWnMhWRFfBk,"백조의 호수1편 블랙스완 흑조 오딜 작품분석ㅣ미국ABT발레단, 러시아 mariinsky발레단","미국 ABT 발레단의 질리언 머피(열정의 무대 쿠퍼역 에단 스티펄 아내)와 러시아 마린스키 발레단의 울리야나 로파트키나 발레리나 비교 영상입니다! 영화로도 많이 알려진 블랙스완, 흑조 아다지오 작품입니다!

#발레 #발레리나 #취미발레 #블랙스완 #balletdancer #ballerina #balletvariation",UCJSp4GqXKkQB2Um0hhgeM3Q,발레하는 펄리나 PEARLINA,2023-03-30T12:30:17Z,526,8.77,False,938797.0,9167.0,1847.0,https://www.youtube.com/watch?v=bWnMhWRFfBk,57100,507,PF234724,"국립발레단, 백조의 호수",무용(서양/한국무용),LG아트센터 서울 LG SIGNATURE 홀,2024-03-27,2024-03-31,,,,shard_54,review,"candidate work ""백조의 호수"" found but ambiguous among 6 instances",general
-HKo-v9HnVw,Tchaikovsky Swan Lake (차이코프스키 백조의 호수),"오랜만에 발레 한편 감상하시죠.
댓글은 고독커도 춤추게 합니다.",UCDrRhIdaPMgNNRiFbP5inpQ,명랑한 고독커,2021-10-26T10:52:46Z,169,2.82,False,201534.0,741.0,47.0,https://www.youtube.com/watch?v=-HKo-v9HnVw,3970,221,PF234724,"국립발레단, 백조의 호수",무용(서양/한국무용),LG아트센터 서울 LG SIGNATURE 홀,2024-03-27,2024-03-31,,,,shard_54,review,"candidate work ""백조의 호수"" found but ambiguous among 6 instances",general
sffbthbz_H8,청학마루 야경 [ 작곡 김수진 ] 미래필하모니 오케스트라 지휘 박성은 / 소프라노 권소라,"김수진-청학마루 야경 (관현악곡)
6.25 한국전쟁 이후에 형성된 마을
공동묘지가 있었는데 사람들이 하나둘씩 모이더니 형성된 마을
스마트 폰으로 편리함을 추구하는 오늘,
스마트 폰은 잘 모르지만 한글을 배우는 열정은 가득한 할머니들이 살아가는 마을
부산역부터 시작해서 가운데 부둣가와 BIFC 건물을 지나서 오륙도까지 보이는 마을
부산의 어제 그리고 오늘을 한눈에 볼 수 있는 마을
봉래산을 따라 옹기종기 집들이 모여 형성된 해돋이마을 청학마루에서
일출부터 가로등과 부둣가의 불이 켜지는 야경을 바라봅니다.

작곡가 김수진
·경성대학교, 신라대학교 겸임교수
·신라대학교 학점은행 겸임교수
·부산작곡가협회 사무국장, 향신회·창작합창21 이사
·한국작곡가회, 부산영상음악협회 회원

소프라노 권소라
·한국예술종합학교 예술사 졸업
·이탈리아 밀라노 G. Verdi 국립음악원 최고연주자
과정 졸업
·부일콩쿨 1위, 동서대학교 전국성악콩쿨 1위,
이탈리아 Citadi Pesaro 국제콩쿨 2위,
Fausto Ricci 국제콩쿨 2위, T.O.S.C.A 국제
콩쿨 3위 및 특별상 등
·이탈리아 밀라노 산페델레성당 바흐 ‘요한 수난곡’
솔리스트 협연, 부산콘서트 필하모닉 오케스트라
정기연주회 협연
·2020 국립오페라단 주최 지역순회오페라 출연
·오페라 ‘사랑의 묘약’. ‘마술피리’, 창작오페라 ‘뱀이 심장을 먹었어’ 주역 및 다수 음악회와 이탈리아/
귀국독창회
·현 동서대학교 외래교수

지휘 박성은
·고신대학교 예술대학 기악과 · 동의대학교 예체능대학 음악대학원 졸업, 러시아 그네신국립 음악대학교 석사
·미국 조지아센트럴대학교 음악박사, 문화관광부 주최 한 러시아 수교 15주년 기념 음악회 2회 지휘.
·외국인노동자 진료 돕기 위한 사랑의 음악회 지휘, 한독일 문화교류음악회 2회 지휘,
·푸치니오페라 갈라콘서트(푸치니의 여인들), 서울대학병원 어린이병원 개원 20주년 기념 백혈병 어린이 돕기 콘서트지 휘
·향천회 작품발표회, 성주군민과 함께하는 조영남, 윤희정, 김동규의 3인3색 콘서트 지휘,
·문화체육관광부와 해외문화홍보원 주최 한국뉴질랜드 수교50주년 기념 프랜드십 콘서트 2회 지휘,
·고용노동부 주최 일家양득, 행복한 가족음악회 2회 지휘, 2014년 제 39회 부산음악상(지휘부문)수상
·현) 미래필하모니오케스트라 예술감독 겸 상임지휘자, 영도 청소년 오케스트라 상임지휘자",UCORwZgUjn_uW9hyTdb9LTsQ,MUSE,2021-06-28T05:24:26Z,317,5.28,False,416.0,22.0,0.0,https://www.youtube.com/watch?v=sffbthbz_H8,1530,158,PF264165,"제18회 광주시립오페라단 정기공연, 가족 오페라 콘서트: 사랑의 묘약",서양음악(클래식),광주 예술의 전당 소극장,2025-05-30,2025-05-31,,,,shard_54,review,"candidate work ""하모니"" found but ambiguous among 2 instances",general
IdQV33cu9EA,"발레 ‘레미제라블’ 리뷰 (공연 읽어주는 기자, 발레 리뷰 #15) 세계 최초 창작 발레에서, 발레리나 김순정이 악역을 표현하는 방법","공연 읽어주는 기자! 발레 리뷰 열다섯 번째 시간은 ‘레미제라블’ 리뷰 ‘세계 최초 창작 발레에서, 발레리나 김순정이 악역을 표현하는 방법’입니다. 지우영 예술감독(안무, 대본, 연출), 댄스시어터샤하르 제작으로, 9월 23일부터 24일까지 도봉구민회관 대강당에서 공연됐습니다. ‘레미제라블’을 주제로 한 세계 최초 창작 전막 발레로, 10월 24일 노원문화예술회관 무대에 다시 오를 예정이입니다.

데나르디에르 부인 역 발레리나 김순정은 악역을 부지런하게 표현해, 관객이 받을 수 있는 정서적 상처를 완충하는 역할을 합니다. 김순정은 연극적 연기에도 뛰어남을 발휘하는데, 표정과 안무에는 우아함과 표독스러움이 공존한다는 점도 돋보입니다.",UC7w_EJqzrb0c3MZwzUFkdRA,공연 읽어주는 기자,2020-09-27T10:32:04Z,281,4.68,False,921.0,8.0,1.0,https://www.youtube.com/watch?v=IdQV33cu9EA,258,285,PF221813,"안중근, 천국에서의 춤 [마포]",무용(서양/한국무용),마포아트센터 아트홀맥,2023-08-11,2023-08-12,,,,shard_54,review,"candidate work ""레미제라블"" found but ambiguous among 12 instances",general
bGK0NIX7ofA,국립국악원 토요명품공연[2017.11.18.],"01. 향두계놀이 중에서
 ○ 소리/유지숙·김민경·장효선·오현승(객원)·문영식(객원)·박영주(객원)·이서현(객원)·류지선(객원)·김유리
 ○ 반주/이호진·박상인·임용남·유지형·김민우(객원)


○ 해당공연 및 다양한 자료를 보시려면 https://archive.gugak.go.kr/ArchivePortal/index.jsp 로 이동하십시요.
○ 주최 및 촬영/국립국악원[National Gugak Center]",UCmN4xFSlmWw-_d2riM-ep0A,국립국악원 National Gugak Center,2017-11-28T06:46:13Z,235,3.92,False,558.0,7.0,0.0,https://www.youtube.com/watch?v=bGK0NIX7ofA,72700,3576,PF236260,"명품국악콘서트, 우리소리 [영천]",한국음악(국악),영천시민회관 스타홀,2024-03-16,2024-03-16,,,,shard_54,review,"candidate work ""토요명품"" found but ambiguous among 2 instances",general
MaUZfRdnfgg,"20230819토, 유니버설발레단-'더발레리나'공연출연1","20230819토, 유니버설발레단-'더발레리나'공연출연1, 함안문화예술회관대공연장

#더 발레리나 #더발레리나 
#The ballerina #theballerina
#유니버설발레단 
#UNIVERSAL BALLET #universal ballet
#함안문화예술회관 #함안문화예술회관대공연장
#아이와함께 #어린이체험 #어린이체험학습 
#현장체험학습 #발레공연",UCtZTc6WLhqjTb9weLa1W4xQ,작은차이 도담정원,2023-08-19T20:30:01Z,52,0.87,True,735.0,9.0,2.0,https://www.youtube.com/watch?v=MaUZfRdnfgg,117,100,PF243592,잠자는 숲속의 미녀 [함안],무용(서양/한국무용),함안문화예술회관 대공연장,2024-07-13,2024-07-13,,,,shard_54,review,"candidate work ""유니버설발레단, 더 발레리나"" found but ambiguous among 2 instances",shorts
3nGuoneHlKM,백조의 호수 유니버설발레단 전여진 발레리나 일레르 레오타드 #발레복 #발레 #ballet #dancewear #취미발레 #ballerina,,UC5QCXE8pOj9FjGuTK_qOOuA,일레르iilaire,2023-05-25T00:13:15Z,31,0.52,True,1610.0,20.0,0.0,https://www.youtube.com/watch?v=3nGuoneHlKM,312,24,PF243592,잠자는 숲속의 미녀 [함안],무용(서양/한국무용),함안문화예술회관 대공연장,2024-07-13,2024-07-13,,,,shard_54,review,"candidate work ""백조의 호수"" found but ambiguous among 6 instances",shorts
TyZPIc5vUto,"2021 동화발레 ""백조의 호수"" 사천문화회관 대극장","2021년 사천문화재단 기획공연 동화발레 ""백조의 호수""

“기존 작품과의 차별성 및 연출의도 ”
  관객 모두의 귀에 쏙쏙 들어오는 내레이션과 재미있는 이야기가 함께 있는 공연으로 백조, 흑조 모양의 투구와 호숫가 전경 막을 제작하여 많은 볼거리와 함께 한층 가까워 질 수 있는 특별한 시간이 될 것이다.
 또한 발레 입문자들이 알아야할 가장 중요한 차이코프스키의 3대발레 중 대표 발레 작품. 

“실제 동물과 유사한 의상을 제작”
 어린이들에게 자칫 지루할 수 있는 전막 발레나 유명한 장면들만 표현하는 갈라 공연과는 달리 실제 백조모양과 유사한 투구모양의 부리와 의상을 제작, 의인화하여 어린이들에게 친근하게 다가갈 수 있도록 연출하였다.",UCnHOTIOYeMIA2tWcaH-SXpw,사단법인 서울시티발레단,2022-03-10T06:56:41Z,4520,75.33,False,2210.0,15.0,0.0,https://www.youtube.com/watch?v=TyZPIc5vUto,257,36,PF243592,잠자는 숲속의 미녀 [함안],무용(서양/한국무용),함안문화예술회관 대공연장,2024-07-13,2024-07-13,,,,shard_54,review,"candidate work ""백조의 호수"" found but ambiguous among 6 instances",general
2-plDHxEKi0,2022인천시티발레단 지젤&한국문화예술회관연합회 방방곡곡 문화공감사업 공연콘텐츠 공동제작배급 프로그램 선정작,"https://incheoncityballet.modoo.at/

2022한국문화예술회관연합회 방방곡곡 문화공감사업 공연콘텐츠 공동제작배급 프로그램으로 낭만 발레의 정수 지젤 작품을 제작하여 충추시문화회관  공주문예회관 평택남부문화예술회관 3곳 6회 공연을
지역 공연 문화의 향유를 즐기며 지젤 작품을 통해서 이 가을
아름다운 추억을 만들어 드릴것입니다

지젤 공연 

충추시문화회관대공연장

(10월21일 금요일19:30)
(10월22일 토요일15:00)
(10월22일 토요일19:30)

공주문예회관 대공연장

(11월04일 금요일 19:30)
(11월05일 토요일 15:00)

평택남부문화예술회관 

(11월24일 토요일 19:30)

인천시티발레단 발레 작품 * 지젤 *

발레 지젤은 전국 문화예술회관연합회  250여 곳 
800석 중 공연장을  타켓으로 만들었습니다.
전국 방방곡곡으로 공연장에 인천시티발레단 지젤 작품이
무대에서 볼수 있는 날 기대해 봅니다.
총예술감독박태희 PD김주일 연출장운규 안무전효정 지도위원정혜란 인천시티발레단 단원 여러분  스태프, 충주시문화회관 공주문예회관 평택남부문화예술회관 담당자님 모든 분들께
존경과 경의를 표합니다 
그리고 방방곡곡 문화공감사업 공동콘텐츠 공동제작 배급  사업비 지원해주신 한국문화예술회관연합회에게 감사드립니다.

#공연정보 
#충주시문화회관
#공주문예회관
#평택남부문화예술회관
#인천시티발레단
#지젤
#한국문화예술회관연합회 
#방방곡곡문화공감사업 
#공연콘텐츠제작배급프로그램
#인터파크",UCdiZx4r4lKZsohGFSD1ZOZA,Incheon City Ballet인천시티발레단,2022-10-10T02:29:02Z,140,2.33,False,635.0,4.0,0.0,https://www.youtube.com/watch?v=2-plDHxEKi0,584,78,PF243592,잠자는 숲속의 미녀 [함안],무용(서양/한국무용),함안문화예술회관 대공연장,2024-07-13,2024-07-13,,,,shard_54,review,"candidate work ""지젤"" found but ambiguous among 8 instances",general
06kP0kYkZB0,2022인천시티발레단 지젤&한국문화예술회관연합회 방방곡곡 문화공감사업 공연콘텐츠 공동제작배급 프로그램  선정,"https://incheoncityballet.modoo.at/

2022한국문화예술회관연합회 방방곡곡 문화공감사업 공연콘텐츠 공동제작배급 프로그램으로 낭만 발레의 정수 지젤 작품을 제작하여 충추시문화회관  공주문예회관 평택남부문화예술회관 3곳 6회 공연을
지역 공연 문화의 향유를 즐기며 지젤 작품을 통해서 이 가을
아름다운 추억을 만들어 드릴것입니다

지젤 공연 

충추시문화회관대공연장

(10월21일 금요일19:30)
(10월22일 토요일15:00)
(10월22일 토요일19:30)

공주문예회관 대공연장

(11월04일 금요일 19:30)
(11월05일 토요일 15:00)

평택남부문화예술회관 

(11월24일 토요일 19:30)

인천시티발레단 발레 작품 * 지젤 *

발레 지젤은 전국 문화예술회관연합회  250여 곳 
800석 중 공연장을  타켓으로 만들었습니다.
전국 방방곡곡으로 공연장에 인천시티발레단 지젤 작품이
무대에서 볼수 있는 날 기대해 봅니다.
총예술감독박태희 PD김주일 연출장운규 안무전효정 지도위원정혜란 인천시티발레단 단원 여러분  스태프, 충주시문화회관 공주문예회관 평택남부문화예술회관 담당자님 모든 분들께
존경과 경의를 표합니다 
그리고 방방곡곡 문화공감사업 공동콘텐츠 공동제작 배급  사업비 지원해주신 한국문화예술회관연합회에게 감사드립니다.

#공연정보 
#충주시문화회관
#공주문예회관
#평택남부문화예술회관
#인천시티발레단
#지젤
#한국문화예술회관연합회 
#방방곡곡문화공감사업 
#공연콘텐츠제작배급프로그램
#인터파크",UCdiZx4r4lKZsohGFSD1ZOZA,Incheon City Ballet인천시티발레단,2022-10-10T02:10:50Z,37,0.62,True,2395.0,31.0,0.0,https://www.youtube.com/watch?v=06kP0kYkZB0,584,78,PF243592,잠자는 숲속의 미녀 [함안],무용(서양/한국무용),함안문화예술회관 대공연장,2024-07-13,2024-07-13,,,,shard_54,review,"candidate work ""지젤"" found but ambiguous among 8 instances",shorts
Sl0-zGKrEmI,"인천시향, 10일 (브람스를 좋아하세요) 온라인 생중계","#인천뉴스 #btv뉴스 #SK브로드밴드

[B tv 인천뉴스 김지영 기자]

[기사내용]
인천시립교향악단의 정기연주회
(작곡가 집중탐구 시리즈 브람스를 좋아하세요)가
오는 9월 10일 저녁, 온라인 생중계됩니다.

유명 작곡가의 음악세계를 심도 깊에 살펴볼 수 있는 
이번 공연에서는 독일 교향곡의 전통을 이어간 
브람스의 대표작들을 감상할 수 있습니다.

공연은 인천문화예술회관의 (문화백신) 프로그램의 일환으로
인천시립교향악단과 인천문화예술회관의 유튜브 채널을 통해
누구나 무료로 즐길 수 있습니다.

▣ B tv 인천뉴스 기사 더보기
https://www.youtube.com/c/SKbroadband인천방송

▣ B tv 인천뉴스 제보하기
채널ID: 'btv인천방송' 추가하여 채팅
페이스북: 'SK브로드밴드 인천방송' 검색하여 메시지 전송
이메일: jylee7895@sk.com
전화: 1670-7294

▣ 뉴스 시간 안내
[뉴스특보 / B tv 인천뉴스]
평일 7시 / 11시 / 15시 / 19시 / 21시 / 23시

[주말뉴스]
주말 7시 / 11시 / 19시 / 23시",UCZ8XrVm4AFkxLLLjw7fwMvw,ch B tv 인천,2021-09-06T10:30:08Z,43,0.72,True,46.0,0.0,0.0,https://www.youtube.com/watch?v=Sl0-zGKrEmI,33000,21001,PF260894,"인천시립교향악단 기획연주회, 가족음악회 [인천]",서양음악(클래식),부평아트센터 해누리극장,2025-05-31,2025-05-31,,,,shard_54,review,"candidate work ""브람스"" found but ambiguous among 2 instances",shorts
0C3VLpYsMw8,성동구립 꿈의 오케스트라 성동 하모니-숲속의 오케스트라,"지난 6월 3일 서울숲 야외무대에서 개최된 성동구립 꿈의 오케스트라 [성동 하모니-숲속의 오케스트라] 공연 영상을 공개 합니다. 👏👏 

본 공연은 문화체육관광부가 주최하고 한국문화예술교육진흥원이 주관하는 ‘꿈의 오케스트라-꿈의 향연’ 프로젝트의 일환으로, 제12회 세계 문화예술교육 주간을 맞아 우리 일상에서 음악을 통한 #위로 #힐링 #치유의 메시지를 전달하고자 진행된 프로젝트 입니다.

ⓒ 본 영상물은 2023 꿈의 오케스트라 사업의 일환으로 제작되었습니다.
ⓒ 본 영상물의 무단 전재, 복제 및 배포를 금합니다.",UC9s20jc3NZ-6oRl6YdudvDQ,성동문화재단,2023-06-26T08:29:26Z,4165,69.42,False,987.0,51.0,2.0,https://www.youtube.com/watch?v=0C3VLpYsMw8,1960,483,PF265200,제298회 수원시립교향악단 정기연주회 [수원],서양음악(클래식),수원SK아트리움 대공연장,2025-06-18,2025-06-18,,,,shard_54,review,"candidate work ""하모니"" found but ambiguous among 2 instances",general
RDbeeLOdcVs,제64회 남구구립교향악단 정기연주회 앵콜 캐럴 연주,"제64회 남구구립교향악단 정기연주회 앵콜 공연
캐럴 연주",UCI1apwg5-gyc7ejb6S7TlXg,Jung gu Kang,2018-12-28T01:03:41Z,348,5.8,False,678.0,8.0,0.0,https://www.youtube.com/watch?v=RDbeeLOdcVs,324,522,PF276848,부산시립교향악단 기획음악회: 제81회 청소년 협주곡의 밤,서양음악(클래식),부산문화회관 중극장,2025-11-20,2025-11-20,,,,shard_54,review,"candidate work ""구구"" found but ambiguous among 2 instances",general
dNLLHvFxW7E,국립국악원 토요명품공연[2016.06.11.] 01. 종묘제례악,"01. 종묘제례악 '전폐희문·희문·기명·역성·소무·독경·영관'
종묘제례악은 동북아시아의 고대 아악과 한국 전통 음악을 조화시킨 15세기 창작품으로
오늘까지 역사적 단절 없이 연주되어 온 한국음악 최고 명작 중의 하나이며
현재 중요무형문화재 제1호이다. 

1425년(세종 7) 세종대왕은 친히 종묘에 제향하고 환궁한 뒤 이조판서 허조(許稠)에게 ""종묘대제에 먼저 당악(唐樂)을 쓰고 겨우 종헌(終獻)에서야 향악(鄕樂)을 쓰니 앞으로는 조고 신령(祖考神靈)께서 생시에 익히 들으시던 향악으로 아뢰게 하는 것이 어떠할지 맹사성(孟思誠)과 의논하라""고 하였고, 중국 음악이론가 박연(朴堧)과 사대적(事大的) 유신(儒臣)들의 반대 속에서도 ""우리의 향악을 버릴 수 없다""라는 굳은 의지로 마침내 1435년(세종 17) 우리의 향악으로 《보태평(保太平)》 11곡(曲)과 《정대업(定大業)》 15곡을 만들어냈다.

그러나 이것이 처음에는 제사음악이 아니고 조종(祖宗)의 공덕을 기리고 개국 창업(開國創業)의 어려움을 길이 기념하기 위하여 국초(國初)의 고취악(鼓吹樂)과 향악을 참작하여 만들었던 것이며, 이것이 종묘의 제례악으로 채택된 것은 1463년(세조 9)이었다. 세조는 ""《정대업》과 《보태평》은 그 성용(聲容)이 성대하므로 종묘에 쓰지 않음은 가석(可惜)타""(세조실록)하여 최항(崔恒)에게 명하여 간단히 간추려 고치게 한 후 제례악으로 채택케 하였다.

이와 같이 종묘제례악으로 채택된 《보태평》과 《정대업》은 500여 년 동안 전승되면서 변화는 있었지만 현재까지 연주되고 있다. 《보태평》은 조종(祖宗)의 문덕(文德)을 내용으로 한 것이고 《정대업》은 무공(武功)을 내용으로 한 것이다.
[네이버 지식백과] 종묘제례악의 연혁 (두산백과)

연주와 노래(악장), 춤(일무)이 일정한 유교 제례의 절차에 따라 펼쳐지는
고유한 성격을 지니고 있다. 
문덕을 기린 보태평(문무) 11곡과 무공을 칭송한 정대업(무무) 11곡으로 구성되어 있고
아악·당악·향악기가 함께 연주한다.
2001년 5월 18일, 유네스코 인류무형문화 유산으로 등재되었다.


 ○ 집사/황규상, 집박/양명석, 악장/김병오·홍창남
 ○ 피리/이영·김성진·홍현우(태평소)·김철·이종무·민지홍, 대금/이상원·김상준·최성호·문응관·김기엽·이결
 ○ 해금/황애자·김주남·류은정·전은혜·공경진·한갑수, 가야금/조유회·이유나·고연정, 아쟁/김인애, 거문고/김미숙·이방실·박지현
 ○ 편종/윤성혜, 편경/이건회, 방향/장경원, 장구/박거현, 절(진)고/안성일, 징/홍석복, 축/김창곤, 어/고보석, 휘/조일하
 ○ 문무/최형선·김진정, 무무/정현도·김서량

○  주최 및 촬영/국립국악원[National Gugak Center]",UCmN4xFSlmWw-_d2riM-ep0A,국립국악원 National Gugak Center,2016-06-16T00:40:46Z,1358,22.63,False,546834.0,4286.0,809.0,https://www.youtube.com/watch?v=dNLLHvFxW7E,72700,3576,PF275933,"국립남도국악원 토요상설, 국악이 좋다: 합동교류연주회",한국음악(국악),국립남도국악원 진악당,2025-11-22,2025-11-22,,,,shard_54,review,"candidate work ""토요명품"" found but ambiguous among 2 instances",general
YYGyC1qnr78,국립국악원 토요명품공연[2016.04.09.] 03.천년만세,"03. 천년만세
천년만세는 국립국악원 전승 영산회상의 뒷풍류에 별도로 붙여진 아명이다. 영산회상 끝에 연주되는 계면가락도드리, 양청도드리, 우조가락도드리의 세 곡을 부르는 이름이다. 
세 곡은 ‘느리고-빠르고-느린’ 속도의 변화가 있다. 원래 영산회상 모음곡에 해당하는 상령산부터 군악까지를 본풍류, 위 세 곡을 뒷풍류로 분류하며, 뒷풍류는 본풍류에 이어서 연주하기도 하지만 통상 별도의 악곡처럼 연주하기도 한다.

 ○ 피리/윤형욱, 대금/김상준, 단소/김휘곤, 해금/황애자, 가야금/이유나, 거문고/채은선, 양금/조유회, 장구/홍석복",UCmN4xFSlmWw-_d2riM-ep0A,국립국악원 National Gugak Center,2016-04-12T08:50:25Z,567,9.45,False,171994.0,789.0,76.0,https://www.youtube.com/watch?v=YYGyC1qnr78,72700,3576,PF275933,"국립남도국악원 토요상설, 국악이 좋다: 합동교류연주회",한국음악(국악),국립남도국악원 진악당,2025-11-22,2025-11-22,,,,shard_54,review,"candidate work ""토요명품"" found but ambiguous among 2 instances",general
Hh1WpOB6wkQ,국립국악원 토요명품공연[2016.06.11.] 06. 농악 판굿 '웃다리농악',"06. 농악 판굿 '웃다리농악'
판굿은 판을 벌여놓고 농악을 연주하는 이른바 ‘판놀음’을 지칭한다. 20세기 이후 풍물굿이 마을 공동체 단위를 벗어나 전문적인 예인들에 의해 재편되었고, 특히 전국 규모의 대회ㆍ행사에 맞춘 형태로 재구성되면서, 제의와 상징으로서의 성격보다는 놀이적 연희형태의 판굿으로 강화되었다. 
풍물굿의 지역적 특성이 전승되고 있기 때문에, 오늘날 판굿은 구성을 어떻게 하느냐에 따라 다양한 형태의 양식을 갖출 수 있다. 풍물(농악)은 2014년 11월 27일, 유네스코 인류무형문화유산으로 등재되었다.

 ○ 꽹과리/이홍구·오영환, 태평소/장수호, 징/박은하·박상인, 장구/남기문·김수용, 북/최병삼·백진석
 ○ 상모/이대원·강병혁·임용남·유지형·이동주(객원)·조만희(객원)·김희수(객원)·나현철(객원)

○  주최 및 촬영/국립국악원[National Gugak Center]",UCmN4xFSlmWw-_d2riM-ep0A,국립국악원 National Gugak Center,2016-06-16T00:52:11Z,1073,17.88,False,348348.0,2624.0,189.0,https://www.youtube.com/watch?v=Hh1WpOB6wkQ,72700,3576,PF275933,"국립남도국악원 토요상설, 국악이 좋다: 합동교류연주회",한국음악(국악),국립남도국악원 진악당,2025-11-22,2025-11-22,,,,shard_54,review,"candidate work ""토요명품"" found but ambiguous among 2 instances",general
IimyJaR798Q,선소리산타령 얼쑤! 국악한마당   선소리타령구리시보존회,"선소리산타령 얼쑤! 국악한마당

일시 : 2020년 12월 31일(목) 오전 11시
장소 : 선소리타령구리시보존회 사무실

주최 : 구리시
주관 : 선소리타령구리시보존회
후원 : 사)한국예총구리지회 

정유진
얼쑤! 국악한마당

사물놀이
꽹과리 - 임동일
장구 - 정유진
북 - 조기환
징 - 민경진

경기민요
오복례, 김명자, 이숙자, 이은경

풍년가
태평가
양산도
밀양아리랑

진도북춤
정유진

한강수타령
뱃노래
자진뱃노래

선소리산타령 얼쑤! 국악한마당
          끝
제작
미디어주노

한국무용 장고춤
김경아, 장은진",UCDdMCf8U_23VD4ysrcfyFrg,DocuRain 다큐레인,2020-12-31T08:49:26Z,1434,23.9,False,371.0,4.0,1.0,https://www.youtube.com/watch?v=IimyJaR798Q,57300,2467,PF247423,"광주시립창극단, 판소리 감상회 (9월)",한국음악(국악),광주 예술의 전당 소극장,2024-09-25,2024-09-25,,,,shard_54,review,"candidate work ""얼쑤"" found but ambiguous among 5 instances",general
C_pm2rzYHeo,서울시향 얍 판 츠베덴 브람스 교향곡  1번 커튼콜,,UCuD7sq1DPhBaxeuAPmpctJA,hongkid,2023-01-12T13:39:12Z,27,0.45,True,917.0,7.0,0.0,https://www.youtube.com/watch?v=C_pm2rzYHeo,531,226,PF253053,서울시향 얍 판 츠베덴의 말러 교향곡 7번,서양음악(클래식),롯데콘서트홀,2025-02-20,2025-02-21,,,,shard_55,review,"candidate work ""브람스"" found but ambiguous among 2 instances",shorts
DzVVtb0oGqs,돈키호테(제주시티발레단),,UCKi7uFLP5MXehxVCOSTCx0A,변공우,2017-07-21T14:40:46Z,61,1.02,False,218.0,2.0,0.0,https://www.youtube.com/watch?v=DzVVtb0oGqs,23,12,PF279096,"서울발레시어터, 호두까기 인형 [제주]",무용(서양/한국무용),서귀포예술의전당 대극장,2025-12-05,2025-12-06,,,,shard_55,review,"candidate work ""돈키호테"" found but ambiguous among 6 instances",general
POnVlzfcO2g,2021년 서울발레시어터 신작 [피터팬  PETER PAN] 4K 티저영상,"서울발레시어터 신작 [피터팬] 홍보영상

2021년 7월 10일 (토) PM2 / PM6  우리금융아트홀 

예매처: https://tickets.interpark.com/goods/2...

문의: 02-3442-2637

#seoulballettheatre  #wooriarthall #peterpan #ballet #d-5",UCTkUynMKerJQ63EFVLUqVwg,서울발레시어터Seoul Ballet Theatre,2021-07-06T10:26:56Z,241,4.02,False,1432.0,21.0,4.0,https://www.youtube.com/watch?v=POnVlzfcO2g,2730,78,PF279096,"서울발레시어터, 호두까기 인형 [제주]",무용(서양/한국무용),서귀포예술의전당 대극장,2025-12-05,2025-12-06,,,,shard_55,review,"candidate work ""피터팬"" found but ambiguous among 3 instances",general
5zPvJQ8AqcA,돈키호테(제주시티발레단),,UCKi7uFLP5MXehxVCOSTCx0A,변공우,2017-07-21T14:36:01Z,300,5.0,False,307.0,4.0,0.0,https://www.youtube.com/watch?v=5zPvJQ8AqcA,23,12,PF279096,"서울발레시어터, 호두까기 인형 [제주]",무용(서양/한국무용),서귀포예술의전당 대극장,2025-12-05,2025-12-06,,,,shard_55,review,"candidate work ""돈키호테"" found but ambiguous among 6 instances",general
eR3nPKEk-SI,2011프라하필하모니아 TV스팟,"2011년 10월 22,23일. 예술의전당 콘서트홀.",UC1EE94Yj8-z5sbzE-qES4Zg,동진관,2011-10-06T03:22:14Z,27,0.45,True,258.0,0.0,0.0,https://www.youtube.com/watch?v=eR3nPKEk-SI,26,14,PF236627,제193회 부산시립합창단 정기연주회,서양음악(클래식),부산문화회관 대극장,2024-06-27,2024-06-27,,,,shard_55,review,"candidate work ""하모니"" found but ambiguous among 2 instances",shorts
XaNa-bYsfE4,Dona Nobis Pacem (이현철) -  부산하모니합창단,"#제14회대통령상전국합창경연대회
#합창대회
#대통령상
#청운령합창단
#부산하모니합창단
#한국음악협회대전광역시지회
#대전음악협회
#음악협회",UCKQOfsOi3EspreOu3P5JmtQ,문예담풍(문화와 예술을 담은 풍경),2022-12-04T06:39:42Z,291,4.85,False,161.0,3.0,0.0,https://www.youtube.com/watch?v=XaNa-bYsfE4,1120,1184,PF236627,제193회 부산시립합창단 정기연주회,서양음악(클래식),부산문화회관 대극장,2024-06-27,2024-06-27,,,,shard_55,review,"candidate work ""하모니"" found but ambiguous among 2 instances",general
Sl0-zGKrEmI,"인천시향, 10일 (브람스를 좋아하세요) 온라인 생중계","#인천뉴스 #btv뉴스 #SK브로드밴드

[B tv 인천뉴스 김지영 기자]

[기사내용]
인천시립교향악단의 정기연주회
(작곡가 집중탐구 시리즈 브람스를 좋아하세요)가
오는 9월 10일 저녁, 온라인 생중계됩니다.

유명 작곡가의 음악세계를 심도 깊에 살펴볼 수 있는 
이번 공연에서는 독일 교향곡의 전통을 이어간 
브람스의 대표작들을 감상할 수 있습니다.

공연은 인천문화예술회관의 (문화백신) 프로그램의 일환으로
인천시립교향악단과 인천문화예술회관의 유튜브 채널을 통해
누구나 무료로 즐길 수 있습니다.

▣ B tv 인천뉴스 기사 더보기
https://www.youtube.com/c/SKbroadband인천방송

▣ B tv 인천뉴스 제보하기
채널ID: 'btv인천방송' 추가하여 채팅
페이스북: 'SK브로드밴드 인천방송' 검색하여 메시지 전송
이메일: jylee7895@sk.com
전화: 1670-7294

▣ 뉴스 시간 안내
[뉴스특보 / B tv 인천뉴스]
평일 7시 / 11시 / 15시 / 19시 / 21시 / 23시

[주말뉴스]
주말 7시 / 11시 / 19시 / 23시",UCZ8XrVm4AFkxLLLjw7fwMvw,ch B tv 인천,2021-09-06T10:30:08Z,43,0.72,True,46.0,0.0,0.0,https://www.youtube.com/watch?v=Sl0-zGKrEmI,33000,21001,PF278172,"인천시립교향악단 기획연주회, 송년음악회 [인천]",서양음악(클래식),인천문화예술회관 대공연장,2025-12-26,2025-12-26,,,,shard_55,review,"candidate work ""브람스"" found but ambiguous among 2 instances",shorts
F_A-IkYbus8,"금난새, 성남시립교향악단 | 차이코프스키, 백조의 호수 모음곡 중 제 2곡 ""왈츠""(The Swan Lake Suite, Op. 20a: Act. 2 ""Waltz"")","'차이코프스키의 백조의 호수 제2장 왈츠'입니다.
올해 예울마루 신년음악회에서 금난새 지휘자의 지휘아래에 공연을 펼쳤었습니다! 

열정 넘치는 오케스트라 연주! 다시 한 번 감상해 보시죠!

#차이코프스키 #백조의호수 #금난새 #성남시립교향악단 #왈츠 #예울마루 #여수 #클래식 #오케스트라",UCRNNyUQeN7fLmCUkZPylOxA,GS칼텍스 예울마루,2020-05-30T01:44:41Z,502,8.37,False,1204.0,15.0,0.0,https://www.youtube.com/watch?v=F_A-IkYbus8,2070,676,PF282308,성남시립교향악단 신년음악회 [성남],서양음악(클래식),성남아트센터 콘서트홀,2026-01-22,2026-01-22,,,,shard_55,review,"candidate work ""백조의 호수"" found but ambiguous among 6 instances",general
z4UNEJafeJQ,"예전엔 미처 몰랐어요 -하모니 합창단 In Olden Days,  I Didn't Quite Know","06 예전엔 미처 몰랐어요 사한 작사 황장수 작곡 
한국창작합창21
제12회 정기작품발표회
음악에 길을 묻다. 

2017. 9. 29(금) 7:30pm
부산시민회관 대극장
하모니합창단
지휘: 김강규, 피아노: 김민선

Poems by the late poet Kim SoWol have been cherished by many Koreans and some of his poems have been composed into songs  And there have been many attempts to make this poem into a song to sing about, but none was done so well as this one.  In my desire to introduce the song to the world, I added my English translation of the lyrics along with the Korean lyrics into the video originally posted by MEDIA EMOTION.
If any wants to view the original poem side by side with Korean  translation of mine,pleae click the link below.

http://www.newlifeforum.us/xe/index.php?mid=poetryboard&category=3718&document_srl=3437",UCHYOPHqCv9d6d34xQiAH8KA,youshine,2018-05-20T21:10:55Z,283,4.72,False,1053.0,10.0,4.0,https://www.youtube.com/watch?v=z4UNEJafeJQ,60200,1141,PF260903,제31회 춘천시립청소년합창단 정기연주회,서양음악(클래식),춘천문화예술회관 공연장,2025-04-12,2025-04-12,,,,shard_55,review,"candidate work ""하모니"" found but ambiguous among 2 instances",general
RjG5n_ymIHY,*𝙉𝙀𝙒* 구구단송 모음집 | 귀에 쏙쏙! 노래로 쉽게 외우는 구구단 | 2단부터 12단까지 | 구구단의 제왕 | 초등학교 필수동요 | 학습동요 | 주니토니 | JunyTony,"주니토니 유튜브 공식 채널을 ♥구독♥하고 즐거운 동요, 동화를 매 주 만나보세요!
구독하기 : https://www.youtube.com/c/KizcastleKorean?sub_confirmation=1

👉 구구단 카드로 놀면서 외우자!
https://smartstore.naver.com/junytony/products/8525762082 

🔊 구구단을 한 권에 쏘옥! 사운드북 구매하기
https://smartstore.naver.com/junytony/products/7656712573

🛒 주니토니 스토어 바로가기
https://smartstore.naver.com/junytony


▶ 순서

0:06 New 2단
1:03 New 3단
2:08 New 4단
3:14 New 5단
4:10 New 6단
5:06 New 7단
6:10 New 8단
7:19 New 9단
8:15 New 11단
9:27 New 12단


* 주니토니의 동요, 동화를 만나볼까요?
▷ '베스트 동요&동화 모음집' 시리즈 이어 보기: https://www.youtube.com/watch?v=c3u-Jh9Uk9Y&list=PLwAhia4ND7XAseEKaxIVLfTstMCVi7P4t
▷ '파닉스 ABC Song' 이어 보기 : https://www.youtube.com/watch?v=Pe_5QJYzslc&list=PLwAhia4ND7XBI6LGwgIzfAFzPBgv3jwrH
▷ '호기심동요' 시리즈 이어 보기: https://www.youtube.com/watch?v=zQYh9guclcQ&list=PLwAhia4ND7XA_GuSL5OG86T0dsTlhOI4c
▷ '동물동요' 시리즈 이어 보기: https://www.youtube.com/watch?v=VAwmk2UYZto&list=PLwAhia4ND7XBrHm9fgpp2w0uIMEPMksr-
▷ '동화뮤지컬' 이어 보기: https://www.youtube.com/watch?v=nxmL0_GO05o&list=PLwAhia4ND7XAu6DiWkQ3ZgWW-2Kxe82JW


* 주니토니의 동요, 동화를 아래 음원 사이트에서도 감상할 수 있어요!
▷ 멜론 http://www.melon.com/artist/timeline.htm?artistId=720223
▷ 유튜브 뮤직 https://www.youtube.com/channel/UCKMis6cLb_IBLtFgrsEKQ7g
▷ 애플 뮤직 https://music.apple.com/kr/artist/junytony/1577150197
▷ 지니 http://www.genie.co.kr/detail/artistInfo?xxnm=80213992
▷ 플로 https://www.music-flo.com/detail/artist/hdahioey/track?sortType=RECENT&roleType=ALL


#구구단#구구단송#구구단외우기#동요연속듣기 
Copyright © 2022 KizCastle. All Rights Reserved.",UCuI7J9khfdYqzDN8nDriDxg,주니토니 - 인기 동요・동화,2022-09-17T01:00:14Z,636,10.6,False,5461840.0,16706.0,0.0,https://www.youtube.com/watch?v=RjG5n_ymIHY,2880000,2038,PF288324,7시에 만나 [무안],연극,무안승달문화예술회관 대공연장,2026-04-09,2026-04-09,,,,shard_55,review,"candidate work ""구구"" found but ambiguous among 2 instances",general
vg9nZ1J09RE,편지 - 정남규 / 원주시립합창단,"객원지휘: 이동규
피아노: 이해인

원주시립합창단 브런치 콘서트, 원주문화원",UCo97PR1AIWnSbyHxyfWqGlg,Dr. Dong-Kyu Lee,2025-08-03T13:34:08Z,394,6.57,False,504.0,12.0,0.0,https://www.youtube.com/watch?v=vg9nZ1J09RE,2680,591,PF285691,제117회 원주시립합창단 정기연주회 [원주],서양음악(클래식),원주치악예술관,2026-03-19,2026-03-19,,,,shard_55,review,"candidate work ""지정"" found but ambiguous among 3 instances",general
aUnSLLVIK8E,D. Shostakovich Symphony No.5 제4악장_부산로얄필하모니오케스트라,"#을숙도문화회관 #명품콘서트 #부산로얄필하모니오케스트라

제76회 을숙도명품콘서트 [쇼스타코비치 교향곡 5번]

2020. 12. 2.(수) 19:30

을숙도문화회관 대공연장

D. Shostakovich Symphony  No.5 

제4악장 Allegro non troppo

지휘. 백진현
연주. 부산로얄필하모니오케스트라(BRPO)",UCsiBe5UZARSZUZi4EikmV-A,을숙도문화회관,2021-01-05T06:06:10Z,613,10.22,False,941.0,13.0,1.0,https://www.youtube.com/watch?v=aUnSLLVIK8E,958,87,PF259208,제76회 부산시립청소년교향악단 정기연주회 [부산],서양음악(클래식),부산문화회관 대극장,2025-04-01,2025-04-01,,,,shard_55,review,"candidate work ""하모니"" found but ambiguous among 2 instances",general
7tmRN364rZQ,D. Shostakovich Symphony  No.5 제1악장_부산로얄필하모니오케스트라,"#을숙도문화회관 #명품콘서트 #부산로얄필하모니오케스트라

제76회 을숙도명품콘서트 [쇼스타코비치 교향곡 5번]

2020. 12. 2.(수) 19:30

을숙도문화회관 대공연장

D. Shostakovich Symphony  No.5 

제1악장 Moderato-Allegro non troppo

지휘. 백진현
연주. 부산로얄필하모니오케스트라(BRPO)",UCsiBe5UZARSZUZi4EikmV-A,을숙도문화회관,2021-01-05T06:02:06Z,930,15.5,False,335.0,9.0,0.0,https://www.youtube.com/watch?v=7tmRN364rZQ,958,87,PF259208,제76회 부산시립청소년교향악단 정기연주회 [부산],서양음악(클래식),부산문화회관 대극장,2025-04-01,2025-04-01,,,,shard_55,review,"candidate work ""하모니"" found but ambiguous among 2 instances",general
Tgey0RL8vPM,Bizet : L' Arlesienne Suite No.1 Prelude_부산로얄필하모니오케스트라,"#을숙도문화회관 #명품콘서트 #부산로얄필하모니오케스트라

제76회 을숙도명품콘서트 [쇼스타코비치 교향곡 5번]

2020. 12. 2.(수) 19:30

을숙도문화회관 대공연장

Bizet : L' Arlesienne Suite No.1 Prelude
비제 '아를의 여인' 제1모음곡

지휘. 백진현
연주. 부산로얄필하모니오케스트라(BRPO)",UCsiBe5UZARSZUZi4EikmV-A,을숙도문화회관,2021-01-05T06:09:17Z,224,3.73,False,881.0,12.0,0.0,https://www.youtube.com/watch?v=Tgey0RL8vPM,958,87,PF259208,제76회 부산시립청소년교향악단 정기연주회 [부산],서양음악(클래식),부산문화회관 대극장,2025-04-01,2025-04-01,,,,shard_55,review,"candidate work ""하모니"" found but ambiguous among 2 instances",general
Gji-11DBqkc,울산 남구 구립교향악단 '2020 송년음악회' - 03,"#울산남구 #구립교향악단 #코로나-19 #무관중연주회 #베토벤합창

남구 구립교향악단, 코로나-19 극복을 위한
제76회 정기연주회 '2020 송년음악회, 베토벤 합창'

2020. 12. 6(일) 17:30, 문화예술회관 대공연장",UCA_sH8tAjjakRDWfLKN3FDQ,울산남구 고래방송국,2020-12-07T04:27:59Z,1493,24.88,False,467.0,32.0,0.0,https://www.youtube.com/watch?v=Gji-11DBqkc,24500,692,PF259208,제76회 부산시립청소년교향악단 정기연주회 [부산],서양음악(클래식),부산문화회관 대극장,2025-04-01,2025-04-01,,,,shard_55,review,"candidate work ""구구"" found but ambiguous among 2 instances",general
OjS2utTk7PY,백조의 호수 이장면! 주목해주세요~,유니버설발레단 백조의 호수 재미있게 보는법!,UCk1RygHm67qOfwgxaNmRI2w,Universal Ballet,2010-09-12T10:56:57Z,276,4.6,False,4978.0,10.0,0.0,https://www.youtube.com/watch?v=OjS2utTk7PY,7640,562,PF232367,"국립발레단, 백조의 호수 [부산]",무용(서양/한국무용),부산시민회관 대극장,2024-03-15,2024-03-16,,,,shard_56,review,"candidate work ""백조의 호수"" found but ambiguous among 6 instances",general
kJtvZUYnlcA,드림씨어터_매튜 본의 ＜백조의 호수(Swan Lake)＞ 스팟 영상 ver.1,,UClrzoMCev4Z6cVtvRUQAY_w,dreamtheatre busan,2019-09-11T07:04:00Z,21,0.35,True,1078.0,2.0,0.0,https://www.youtube.com/watch?v=kJtvZUYnlcA,80,29,PF232367,"국립발레단, 백조의 호수 [부산]",무용(서양/한국무용),부산시민회관 대극장,2024-03-15,2024-03-16,,,,shard_56,review,"candidate work ""백조의 호수"" found but ambiguous among 6 instances",shorts
dNCooPLSxVg,드림씨어터_매튜 본의 ＜백조의 호수(Swan Lake)＞ 스팟 영상 ver.2,,UClrzoMCev4Z6cVtvRUQAY_w,dreamtheatre busan,2019-09-11T07:12:26Z,31,0.52,True,38445.0,2.0,0.0,https://www.youtube.com/watch?v=dNCooPLSxVg,80,29,PF232367,"국립발레단, 백조의 호수 [부산]",무용(서양/한국무용),부산시민회관 대극장,2024-03-15,2024-03-16,,,,shard_56,review,"candidate work ""백조의 호수"" found but ambiguous among 6 instances",shorts
nlCxWf_XnHo,B.C.B.C. [백조의 호수] 공연 영상,"박헌주BusanCityBalletCompany
백조의 호수 中
2019.04.12.(금) 8시 영화의전당 하늘연극장",UCfLs_4sZcMo8t7G4sl106eA,사랑이,2020-09-18T02:48:41Z,35,0.58,True,10986.0,62.0,3.0,https://www.youtube.com/watch?v=nlCxWf_XnHo,113,152,PF232367,"국립발레단, 백조의 호수 [부산]",무용(서양/한국무용),부산시민회관 대극장,2024-03-15,2024-03-16,,,,shard_56,review,"candidate work ""백조의 호수"" found but ambiguous among 6 instances",shorts
Zd7kYr_onm4,"뮤지컬 레미제라블, 충남교향악단 특별콘서트 세계유산등재 2주년기념 축하쇼 20170928","제63회 백제문화제
The 63rd Baekje Cultural Festival
한류원조 백제를 만나다
2017년 9월 28일
공주시 금강신관공원에서",UCr6ZOWoEqzmgb7mF9mTkLQw,한복이 아름다워,2019-02-06T05:01:58Z,341,5.68,False,76.0,0.0,0.0,https://www.youtube.com/watch?v=Zd7kYr_onm4,107000,22086,PF241087,"부산시립합창단 특별연주회, 퀸 심포니",서양음악(클래식),부산시민회관 대극장,2024-07-23,2024-07-23,,,,shard_56,review,"candidate work ""레미제라블"" found but ambiguous among 12 instances",general
qJMnF1jQim4,김정양 (Chung Yang Kim): 현충일과 발레곡 지젤,"현충일에 발레곡 지젤을 보내 드립니다. 아래의 인터넷제목을 복사 하셔서 유튜브검색창에서 찾아 클릭하시면 발레곡 동영상을 보실 수가 있습니다. 
Isabel Seabra . Myrta in Giselle Teatro alla Scala Milano
앞으로 terra rossa sisters 로 검색하세요!",UCGWnj4HDeQ4KF9U_pyyAxDQ,terra rossa,2019-06-06T07:35:25Z,1604,26.73,False,308.0,3.0,0.0,https://www.youtube.com/watch?v=qJMnF1jQim4,26,73,PF270652,백조의 호수 [금산],무용(서양/한국무용),금산다락원 생명의집 대공연장,2025-08-14,2025-08-14,,,,shard_56,review,"candidate work ""지젤"" found but ambiguous among 8 instances",general
Zd7kYr_onm4,"뮤지컬 레미제라블, 충남교향악단 특별콘서트 세계유산등재 2주년기념 축하쇼 20170928","제63회 백제문화제
The 63rd Baekje Cultural Festival
한류원조 백제를 만나다
2017년 9월 28일
공주시 금강신관공원에서",UCr6ZOWoEqzmgb7mF9mTkLQw,한복이 아름다워,2019-02-06T05:01:58Z,341,5.68,False,76.0,0.0,0.0,https://www.youtube.com/watch?v=Zd7kYr_onm4,107000,22086,PF284595,제63회 천안시립교향악단 정기연주회: 차이콥스키,서양음악(클래식),천안예술의전당 대공연장,2026-03-13,2026-03-13,,,,shard_56,review,"candidate work ""레미제라블"" found but ambiguous among 12 instances",general
4cPmFkLKz1Y,6시 내고향-얼쑤~ 판소리를 사랑한 남자 - 전북 남원.20180806,6시 내고향-얼쑤~ 판소리를 사랑한 남자 - 전북 남원.20180806,UCHlSeJxRIXZWMARC2oMwmcQ,KBS 교양,2018-08-06T09:56:09Z,267,4.45,False,118.0,1.0,0.0,https://www.youtube.com/watch?v=4cPmFkLKz1Y,1810000,79171,PF254004,완창판소리 (6월),한국음악(국악),국립극장 하늘극장,2025-06-21,2025-06-21,,,,shard_56,review,"candidate work ""얼쑤"" found but ambiguous among 5 instances",general
qWgleaftrnM,-꿈꾸는하모니 - 초등학교 합창  #전국소년소녀합창경연대회 결선진출 #연세대 백주년기념관콘서트홀 #합창동아리 #음악교사 #합창지휘자,,UCHOujpM65Fg7WbSaOobRRww,꿈꾸는 하모니,2023-06-12T05:58:41Z,12,0.2,True,49067.0,367.0,,https://www.youtube.com/watch?v=qWgleaftrnM,7500,362,PF237163,"울산시립합창단, 기획연주회: 소리높여 합창포유",서양음악(클래식),울산문화예술회관 대공연장,2024-04-04,2024-04-04,,,,shard_56,review,"candidate work ""하모니"" found but ambiguous among 2 instances",shorts
8cSWnjRV1PY,"울산 남구 구립합창단 제4회 정기연주회 ""헨델 오라토리오 메시아""","울산 남구 구립합창단 제4회 정기연주회
""헨델 오라토리오 메시아""

2025년 12월 9일 화요일 19시30분 
울산문화예술회관 대공연장

합창 울산 남구 구립합창단
오케스트라 협연  울산 남구 구립교향악단
솔리스트  소프라노 박인경, 카운터테너 윤진태, 테너 조윤환, 바리톤 김대수
피아노 최혜민
지휘 김동욱

G. F. Handel’s Oratorio
MESSIAH
헨델의 오라토리오 메시아

0:00

Part the First

1. Sinfony 3:33

2. Comfort ye (Accompagnato: Tenor) 7:20

3. Ev'ry valley (Song: Tenor) 10:05

4. And the glory of the Lord (Chorus) 13:37

5. Thus saith the Lord (Accompagnato: Bass) 16:56

6. But who may abide (Song: Countertenor) 18:52

7. And he shall purify (Chorus) 23:;25

12. For unto us a child is born (Chorus) 25:52

17. Glory to God (Chorus) 30:15

18. Rejoice greatly (Song: Soprano) 32:40

21. His yoke is easy (Chorus) 37:35

 

Part the Second

23. He was despised (Song: Countertenor) 40:06

24. Surely He hath borne our griefs (Chorus) 44:53

26. All we, like sheep (Chorus) 46:42

29. Thy rebuke hath broken His heart 51:00

(Accompagnato: Tenor)

30. Behold and see (Song: Tenor) 52:30

33. Lift up your heads (Chorus) 53:50

36. Thou art gone up on high (Song: Countertenor) 57:33

38. How beautiful are the feet (Song: Soprano) 1:00:52

40. Why do the nations (Song: Bass) 1:03:14

43. Thou shalt break them (Song: Tenor) 1:06:28

44. Hallelujah (Chorus) 1:08:30

 

Part the Third

45. I know that my Redeemer liveth (Song: Soprano) 1:12:30

46. Since by man came death (Chorus) 1:19:30

48. The trumpet shall sound (Song: Bass) 1:21:32

53. Worthy is the Lamb (Chorus) 1:25:55

54. Amen (Chorus) 1:29:15",UCD4omg1kW7twrKmm5rCOnPw,울산 남구립합창단,2026-01-06T18:12:34Z,5970,99.5,False,544.0,5.0,0.0,https://www.youtube.com/watch?v=8cSWnjRV1PY,49,7,PF237163,"울산시립합창단, 기획연주회: 소리높여 합창포유",서양음악(클래식),울산문화예술회관 대공연장,2024-04-04,2024-04-04,,,,shard_56,review,"candidate work ""구구"" found but ambiguous among 2 instances",general
F_A-IkYbus8,"금난새, 성남시립교향악단 | 차이코프스키, 백조의 호수 모음곡 중 제 2곡 ""왈츠""(The Swan Lake Suite, Op. 20a: Act. 2 ""Waltz"")","'차이코프스키의 백조의 호수 제2장 왈츠'입니다.
올해 예울마루 신년음악회에서 금난새 지휘자의 지휘아래에 공연을 펼쳤었습니다! 

열정 넘치는 오케스트라 연주! 다시 한 번 감상해 보시죠!

#차이코프스키 #백조의호수 #금난새 #성남시립교향악단 #왈츠 #예울마루 #여수 #클래식 #오케스트라",UCRNNyUQeN7fLmCUkZPylOxA,GS칼텍스 예울마루,2020-05-30T01:44:41Z,502,8.37,False,1204.0,15.0,0.0,https://www.youtube.com/watch?v=F_A-IkYbus8,2070,676,PF232919,성남시립교향악단 신년음악회 [성남],서양음악(클래식),성남아트센터 콘서트홀,2024-01-18,2024-01-18,,,,shard_57,review,"candidate work ""백조의 호수"" found but ambiguous among 6 instances",general
Ni6XG9RPPwk,[청주시립국악단] 장타령 - 소리꾼 남상일님의 구성진 소리~ 얼쑤!♬,"청주시립예술단 코로나19 극복 프로젝트

“청주시립예술단이 집으로 배달하는 예술택배” - 청주시립국악단
코로나19로 지친 시민들을 위로하기 위해 온라인으로 공연 영상을 선보입니다. 

지난 19년 11월 27일 '수능생을 위한 감성콘서트' 영상입니다.
청주시립국악단의 '장타령'을 소리꾼 남상일님의 소리와 함께하시죠!

- 소리 남상일 / 편곡 조원행

♥ 청주시 유튜브 채널 구독하기 →https://tuney.kr/ldc9eW
""구독""과 ""좋아요""를 눌러 주시면 큰 힘이 됩니다~*

#청주시립국악단 #장타령 #소리남상일 #편곡조원행 #감성콘서트 #청주국악",UCKdAjOi831AeX6Kzb4dv4Sg,청주시,2020-04-09T20:00:05Z,471,7.85,False,278.0,5.0,1.0,https://www.youtube.com/watch?v=Ni6XG9RPPwk,58100,1350,PF254879,부산시립국악관현악단 수능생을 위한 음악회,한국음악(국악),부산문화회관 중극장,2024-11-28,2024-11-29,,,,shard_57,review,"candidate work ""얼쑤"" found but ambiguous among 5 instances",general
RGvbbt72bHs,"[풀버전] 제주 울림 뮤지컬 합창단, 청량하고 맑은 하모니  ＜아틀란티스 소녀♬＞ #싱포골드 #Singforgold #SBSenter","제주 울림 뮤지컬 합창단은 아틀란티스 소녀를 합창한다.

SBS 일요일 예능 ‘싱포골드'
☞ 오후 6시 본방송

#싱포골드 #박진영 #제주울림뮤지컬합창단

▶ Hompage : https://www.sbs.co.kr/tv/enter
▶ Subscribe SBS Entertainment : https://bit.ly/2SpOhMC

*프로그램 다시 보기

✔ SBS홈페이지:
https://programs.sbs.co.kr/tv/youtube?co=youtube&type=tv&content_id=E462540860&yt_channel=SBSEntertainment
✔ WAVVE:
https://www.wavve.com/player/vod?contentid=S01_E462540860.1&utm_campaign=2022_SBS&utm_source=youtube&utm_medium=movcon&utm_contents=SBSEntertainment",UCmjNKt6kITwaZTqvWuaSPLg,SBS Entertainment,2022-09-25T09:39:48Z,226,3.77,False,106414.0,828.0,27.0,https://www.youtube.com/watch?v=RGvbbt72bHs,7500000,242920,PF257639,"합창, 피어나다",서양음악(클래식),세종문화회관 세종체임버홀,2025-04-16,2025-04-17,,,,shard_57,review,"candidate work ""하모니"" found but ambiguous among 2 instances",general
ox_92pDOgxQ,"창단 20년 부산하모니합창단 정기연주회 개최 (2023-06-10,토/뉴스데스크/부산MBC)","* 부산MBC 뉴스제보 ☎ 051-760-1111
* 부산 MBC 카카오톡 제보 채널  :   부산MBC제보
* '좋아요'  버튼과 '구독' 버튼 꼭 눌러주세요.
* 우측 상단에 종 그림이 '알람' 버튼 입니다. 
   눌러서 켜놓으시면 생방송 알람이 갑니다.

* 부산MBC 홈페이지 :    https://www.busanmbc.co.kr
* 부산MBC뉴스  페이스북 :   https://bit.ly/2QEOmdB 
* 부산MBC뉴스 인스타그램 : https://www.instagram.com/busan_mbcnews/?hl=ko
* 부산MBC뉴스 카카오뷰 : https://pf.kakao.com/_pxmgFs
*웹사이트 한눈에 보기 : https://linktr.ee/busanmbcnews

#부산뉴스 #뉴스데스크부산 #뉴스투데이부산
#부산MBC  #부산문화방송 #부산엠비씨",UCYv6OdjenbbDHRKTLCB5kdw,부산MBC뉴스,2023-06-10T11:45:11Z,42,0.7,True,709.0,,0.0,https://www.youtube.com/watch?v=ox_92pDOgxQ,236000,40684,PF271069,제167회 부산시립소년소녀합창단 정기연주회 [부산],서양음악(클래식),부산문화회관 대극장,2025-09-13,2025-09-13,,,,shard_57,review,"candidate work ""하모니"" found but ambiguous among 2 instances",shorts
wDI61QrFLjA,국립국악원 토요명품공연 [2019.04.20.],"07. 소고춤
 ○ 무용/정승연·권문숙·임동연·이하경·권덕연·변승아
 ○ 태평소/장수호, 꽹과리/강병혁, 징/이흥구, 장구/김수용, 북/임용남


○ 해당공연 및 다양한 자료를 보시려면 http://archive.gugak.go.kr/portal/main 로 이동하십시요.
○ 주최 및 촬영/국립국악원[National Gugak Center]",UCmN4xFSlmWw-_d2riM-ep0A,국립국악원 National Gugak Center,2019-05-21T00:26:12Z,457,7.62,False,23341.0,232.0,9.0,https://www.youtube.com/watch?v=wDI61QrFLjA,72700,3576,PF285005,"국립남도국악원 토요상설: 국악이 좋다, 국립남도국악원 국악연주단: 해설이 있는 국악의 향연",한국음악(국악),국립남도국악원 진악당,2026-03-07,2026-03-07,,,,shard_57,review,"candidate work ""토요명품"" found but ambiguous among 2 instances",general
2BkQi_5kxgg,MS9. 가을의 서정과 브람스,"․ 대전시립교향악단 마스터즈시리즈 9  '가을의 서정과 브람스'
 ․ 2021년 9월 10일(금) 19:30, 대전시립연정국악원 큰마당
 ․  객원지휘 _ 지중배   /   첼 로 _ 이정현
 ․ 스메타나 _ 교향시 「나의 조국」중 ‘몰다우’
   드보르자크 _ 첼로 협주곡 나단조, 작품 104
   브람스 _ 교향곡 제4번 마단조, 작품 98",UCkAcL7zFwLDVd5t-B4xQFzg,대전시립교향악단Daejeon Philharmonic Orchestra,2021-09-03T05:36:46Z,33,0.55,True,215.0,1.0,0.0,https://www.youtube.com/watch?v=2BkQi_5kxgg,1020,89,PF251531,"대전시립합창단 기획연주회7, 세계음악시리즈: 탱고",서양음악(클래식),대전예술의전당 앙상블홀,2024-11-28,2024-11-28,,,,shard_57,review,"candidate work ""브람스"" found but ambiguous among 2 instances",shorts
M0syvPInJjI,"청소년공연예술제 해외작품(병사이야기,칼로니의새이발사,디스커버리)spot","병사이야기 :5.12~13 , 달오름극장
칼로니의 새 이발사 : 5.16~17, KB하늘극장
디스커버리 : 5.19~20, KB하늘극장

*Twitter - http://twitter.com/ntok_ (@ntok_)
*Facebook - http://www.facebook.com/NTOKstory
*Blog - http://blog.naver.com/ntok2010
*Homepage - http://www.ntok.go.kr",UCJ55axexMkXqp1Fgwvmdsgg,국립극장 National Theater of Korea,2012-05-02T05:16:04Z,31,0.52,True,87.0,0.0,0.0,https://www.youtube.com/watch?v=M0syvPInJjI,37700,1210,PF243979,돈 조반니 [의정부],서양음악(클래식),의정부예술의전당 대극장,2024-08-09,2024-08-10,,,,shard_58,review,"candidate work ""병사 이야기"" found but ambiguous among 2 instances",shorts
-Ljmg_LEBG4,"광명심포니 오케스트라와 함께 공연한 하모니(하이든, 모차르트, Need You!) 중 하이든의 고별","연극과 클래식의 만남.
기존의 해설이 있는 클래식을 넘어 보는 클래식의 첫번째 시리즈.
'하모니' 중 하이든의 고별 입니다. 
광명심포니 오케스트라의 아름다운 연주와 창작의숲의 기획이 만나 새로운 장르를 만들었네요.",UCz7ZLWvuxLXkHpezOcBDJIg,창작의숲,2020-12-04T02:24:03Z,177,2.95,False,96.0,7.0,0.0,https://www.youtube.com/watch?v=-Ljmg_LEBG4,140,82,PF232014,"부천필하모닉오케스트라 해설음악회 I: 음악의 아버지, 바흐",서양음악(클래식),부천아트센터 콘서트홀,2024-03-07,2024-03-07,,,,shard_58,review,"candidate work ""하모니"" found but ambiguous among 2 instances",general
8aDSG1CBOCc,봄날의 곰 뮤지컬 커튼콜,"봄날의 곰

2021.11월 관람 / 대학로 세우아트센터

어린이공연 / 어린이뮤지컬 / 가족뮤지컬 / 가족공연",UCMR3fTBjsFNtAzlfOCWc1Jw,showoo,2022-07-18T03:07:04Z,31,0.52,True,59.0,1.0,0.0,https://www.youtube.com/watch?v=8aDSG1CBOCc,397,60,PF287479,만복이네 떡집 [남양주],뮤지컬,다산아트홀,2026-04-18,2026-04-18,,,,shard_58,review,"candidate work ""봄날의 곰"" found but ambiguous among 2 instances",shorts
sObYZg1Iu_4,천안시립합창단 제85회 정기연주회 / 브람스와 함께 춤을 /,"천안시립합창단 제85회 정기연주회
/ 브람스와 함께 춤을 /

2022.04.19(화) PM 7:30
천안예술의전당 대공연장

지휘 : 임한귀 천안시립합창단 예술감독
Soprano 강혜정
Violin 김주은
특별출연 : 천안시립무용단

#천안시립합창단 #천안시 #시립합창단 #지휘자임한귀 #소프라노강혜정 #천안시립무용단",UCS9Hk665uj6anEose2quMdw,천안시 · Cheonan,2022-04-19T12:28:47Z,7035,117.25,False,4229.0,149.0,9.0,https://www.youtube.com/watch?v=sObYZg1Iu_4,17800,2769,PF245649,제57회 천안시립교향악단 정기연주회 [천안],서양음악(클래식),천안예술의전당 대공연장,2024-09-06,2024-09-06,,,,shard_58,review,"candidate work ""브람스"" found but ambiguous among 2 instances",general
_buXHPDqjZY,사물놀이를 위한 협주곡 | 루체하모니오케스트라 제4회 정기연주회 |성인아마추어오케스트라,,UCovjspQlK4zDziLaQQMaZzQ,루체예술단 Luce Art Company,2023-04-02T09:29:54Z,61,1.02,False,492.0,11.0,0.0,https://www.youtube.com/watch?v=_buXHPDqjZY,1200,586,PF245649,제57회 천안시립교향악단 정기연주회 [천안],서양음악(클래식),천안예술의전당 대공연장,2024-09-06,2024-09-06,,,,shard_58,review,"candidate work ""하모니"" found but ambiguous among 2 instances",general
DEPVe3KcdEE,대구시립국악단 제193회 정기연주회 '아듀 2018 얼쑤 2019' - 월광,"대구시립국악단 제193회 정기연주회
 - 아듀 2018 얼쑤 2019 -

곡목 : 월광 (작곡 정동희)
안무 : 채한숙 (대구시립국악단 한국무용 안무자)
지휘 : 이현창 (대구시립국악단 지휘자 이현창)",UCKOvKrfeTfjT4qEq7VNNf2g,TaeHoon Kim,2019-01-08T02:57:00Z,723,12.05,False,699.0,3.0,1.0,https://www.youtube.com/watch?v=DEPVe3KcdEE,52,6,PF260139,"평택시립국악관현악단, 봄맞이 소리 [평택]",복합,한국소리터 지영희홀,2025-04-02,2025-04-02,,,,shard_58,review,"candidate work ""얼쑤"" found but ambiguous among 5 instances",general
LuoO5AdMUck,Brahms Hungarian Dance No. 5  프라미스청소년오케스트라 - 브람스 - 헝가리안댄스 희망콘서트,"Brahms Hungarian Dance No. 5  
프라미스청소년오케스트라
브람스  헝가리안댄스

제 14회 정기연주회 
엔데믹을 넘어 
희망 콘서트
지휘 김연정
용인포은아트홀

브람스 헝가리안 댄스 5번은  3년만에 정기연주회를 가지게 되어 
춤을 추는 듯한 기쁨 마음을 전달하고자 준비하였습니다. 
좋아요와 댓글은 힘이 됩니다^^

Promise Youth Orchestra",UCLUpHbyRpwoNbZLyxfVLXVw,"김연정 Dr. Kim, Yun Jeong",2022-11-27T09:19:29Z,218,3.63,False,390.0,15.0,0.0,https://www.youtube.com/watch?v=LuoO5AdMUck,848,129,PF260139,"평택시립국악관현악단, 봄맞이 소리 [평택]",복합,한국소리터 지영희홀,2025-04-02,2025-04-02,,,,shard_58,review,"candidate work ""브람스"" found but ambiguous among 2 instances",general
7vbONvF0bHA,예술의전당 영상화사업(SAC On Screen) - 스냅(하이라이트): 그루잠 프로덕션,"예술의전당 영상화사업(SAC On Screen)
미스터리 넌버벌퍼포먼스 스냅
2021. 8. 31.(화) 19:00 / 해남문화예술회관 대공연장

#예술의전당 #영상화사업 #SAC On Screen #해남군 #해남문화예술회관
#넌버벌 #퍼포먼스 #스냅 #그루잠 #사전신청중 #코로나19 #마음방역",UCLSXv8rfKmkGmr2RQ7De8ig,해남문화예술회관,2021-08-18T04:54:11Z,130,2.17,False,260.0,5.0,0.0,https://www.youtube.com/watch?v=7vbONvF0bHA,281,57,PF278458,생텍쥐페리 [해남],뮤지컬,해남문화예술회관 대공연장,2025-11-28,2025-11-28,,,,shard_58,review,"candidate work ""스냅"" found but ambiguous among 4 instances",general
qfv_xakSSFI,군산시립예술단 합동연주회 / 1-1새야새야파랑새야 / 편곡 오병희 / 소리꾼 고영열 / 군산칸타타 항쟁,"군산시립예술단 합동연주회 
군산칸타타 항쟁 [창작공연]

*극본,작곡: 오병희
*각색,연출: 안지선
*소리꾼: 고영열
*지휘: 백정현(교향악단상임지휘자)
*연주: 군산시립교향악단
*합창: 군산시립합창단
*장소: 군산예술의전당 대공연장

군산칸타타 항쟁
1부 : 수탈과 저항, 군산의 노래
-관리와 지주들이 부패했던 조선 말 동학농민혁명으로부터 시작하여 
국권을 빼앗기고 일제의 수탈과 압제 속에 놓였던 위기의 상황과 3.5만세운동,
옥구농민항쟁으로 끝까지 봉기했던 군산의 역사를 그린다.

2부: 일제 강점기, 그 시절의 노래
-1920년~1930년대 신문물로 인해 변화되어가는 강점기의 문화와 풍경을
다양한 색체로 풀어낸다.

3부: 기쁨의 노래
-자주독립과 미래에 대한 희망을 노래한다.

#군산시립예술단, #군산시립교향악단, #군산시립합창단, #합동연주회
#창작공연, #군산칸타타, #항쟁, #작곡오병희, #편곡오병희, #극본오병희,
#연출안지선, #각색안지선, #소리꾼, #고영열, #소리꾼고영열, #지휘백정현
#군산시립교향악단상임지휘자, #군산예술의전당",UC1sAgxHwarLKoRHn1_TB2nw,Philharmonic Gunsan,2022-03-22T02:28:45Z,236,3.93,False,189.0,16.0,0.0,https://www.youtube.com/watch?v=qfv_xakSSFI,566,69,PF250388,제183회 원주시립교향악단 정기연주회,서양음악(클래식),원주백운아트홀,2024-10-24,2024-10-24,,,,shard_58,review,"candidate work ""파랑새"" found but ambiguous among 3 instances",general
eFA3wTc6wE8,국립국악원 토요명품공연 [2018.06.02.],"03. 쌍무고
 ○ 원무/김혜자·이명희·이지연·김태은·김영신·윤은주·이지은·이주리
 ○ 협무/장민하·최형선·김혜영·김진정·이정미·이주희·백미진·정승연
 ○ 집박/채조병
 ○ 피리/민지홍·김인기, 대금/이결·이종범, 해금/한갑수·이찬미
 ○ 장구/홍석복, 좌고/정택수

○ 해당공연 및 다양한 자료를 보시려면 https://archive.gugak.go.kr/ArchivePortal/index.jsp 로 이동하십시요.
○ 주최 및 촬영/국립국악원[National Gugak Center]",UCmN4xFSlmWw-_d2riM-ep0A,국립국악원 National Gugak Center,2018-06-19T00:26:23Z,440,7.33,False,14696.0,111.0,5.0,https://www.youtube.com/watch?v=eFA3wTc6wE8,72700,3576,PF287663,"국립남도국악원 토요상설: 국악이 좋다, 양주풍류악회 X 정재연구회 초청공연",한국음악(국악),국립남도국악원 진악당,2026-04-11,2026-04-11,,,,shard_58,review,"candidate work ""토요명품"" found but ambiguous among 2 instances",general
oElNTPB_kqQ,당진시립합창단 『브람스 독일 레퀴엠』 ◈리허설 영상 Ⅱ,"당진시립합창단 제31회 정기연주회 『브람스 독일 레퀴엠』 리허설 영상

▷지휘자 이대우
▷당진시립합창단
▷코리아쿱오케스트라

장소 : 코리아쿱오케스트라 스튜디오(서초구 방배로 62 성산빌딩 지하1층)

#당진시립합창단 #이대우지휘자 #코리아쿱오케스트라",UCdSsdmUi29Y8lfOBYH-v7Qw,당진시충남합창단,2021-06-15T13:48:57Z,34,0.57,True,412.0,13.0,0.0,https://www.youtube.com/watch?v=oElNTPB_kqQ,875,153,PF237732,"대전시립합창단, 기획연주회2: 봄의 시작",서양음악(클래식),대전시립연정국악원 큰마당,2024-03-29,2024-03-29,,,,shard_58,review,"candidate work ""브람스"" found but ambiguous among 2 instances",shorts
dNLLHvFxW7E,국립국악원 토요명품공연[2016.06.11.] 01. 종묘제례악,"01. 종묘제례악 '전폐희문·희문·기명·역성·소무·독경·영관'
종묘제례악은 동북아시아의 고대 아악과 한국 전통 음악을 조화시킨 15세기 창작품으로
오늘까지 역사적 단절 없이 연주되어 온 한국음악 최고 명작 중의 하나이며
현재 중요무형문화재 제1호이다. 

1425년(세종 7) 세종대왕은 친히 종묘에 제향하고 환궁한 뒤 이조판서 허조(許稠)에게 ""종묘대제에 먼저 당악(唐樂)을 쓰고 겨우 종헌(終獻)에서야 향악(鄕樂)을 쓰니 앞으로는 조고 신령(祖考神靈)께서 생시에 익히 들으시던 향악으로 아뢰게 하는 것이 어떠할지 맹사성(孟思誠)과 의논하라""고 하였고, 중국 음악이론가 박연(朴堧)과 사대적(事大的) 유신(儒臣)들의 반대 속에서도 ""우리의 향악을 버릴 수 없다""라는 굳은 의지로 마침내 1435년(세종 17) 우리의 향악으로 《보태평(保太平)》 11곡(曲)과 《정대업(定大業)》 15곡을 만들어냈다.

그러나 이것이 처음에는 제사음악이 아니고 조종(祖宗)의 공덕을 기리고 개국 창업(開國創業)의 어려움을 길이 기념하기 위하여 국초(國初)의 고취악(鼓吹樂)과 향악을 참작하여 만들었던 것이며, 이것이 종묘의 제례악으로 채택된 것은 1463년(세조 9)이었다. 세조는 ""《정대업》과 《보태평》은 그 성용(聲容)이 성대하므로 종묘에 쓰지 않음은 가석(可惜)타""(세조실록)하여 최항(崔恒)에게 명하여 간단히 간추려 고치게 한 후 제례악으로 채택케 하였다.

이와 같이 종묘제례악으로 채택된 《보태평》과 《정대업》은 500여 년 동안 전승되면서 변화는 있었지만 현재까지 연주되고 있다. 《보태평》은 조종(祖宗)의 문덕(文德)을 내용으로 한 것이고 《정대업》은 무공(武功)을 내용으로 한 것이다.
[네이버 지식백과] 종묘제례악의 연혁 (두산백과)

연주와 노래(악장), 춤(일무)이 일정한 유교 제례의 절차에 따라 펼쳐지는
고유한 성격을 지니고 있다. 
문덕을 기린 보태평(문무) 11곡과 무공을 칭송한 정대업(무무) 11곡으로 구성되어 있고
아악·당악·향악기가 함께 연주한다.
2001년 5월 18일, 유네스코 인류무형문화 유산으로 등재되었다.


 ○ 집사/황규상, 집박/양명석, 악장/김병오·홍창남
 ○ 피리/이영·김성진·홍현우(태평소)·김철·이종무·민지홍, 대금/이상원·김상준·최성호·문응관·김기엽·이결
 ○ 해금/황애자·김주남·류은정·전은혜·공경진·한갑수, 가야금/조유회·이유나·고연정, 아쟁/김인애, 거문고/김미숙·이방실·박지현
 ○ 편종/윤성혜, 편경/이건회, 방향/장경원, 장구/박거현, 절(진)고/안성일, 징/홍석복, 축/김창곤, 어/고보석, 휘/조일하
 ○ 문무/최형선·김진정, 무무/정현도·김서량

○  주최 및 촬영/국립국악원[National Gugak Center]",UCmN4xFSlmWw-_d2riM-ep0A,국립국악원 National Gugak Center,2016-06-16T00:40:46Z,1358,22.63,False,546835.0,4286.0,809.0,https://www.youtube.com/watch?v=dNLLHvFxW7E,72700,3576,PF270222,"국립국악원, 사직제례악",한국음악(국악),국립국악원 예악당,2025-09-03,2025-09-05,,,,shard_59,review,"candidate work ""토요명품"" found but ambiguous among 2 instances",general
TvL0ruRnQK8,국립국악원 토요명품공연 [2018.06.16.],"06. 문묘제례악
 ○ 문무/김태은, 무무/김영신, 집사/황규상, 집박/채조병, 악장/문현·홍창남
 ○ 지/노붕래·김상준·최성호·김영헌·이  결
 ○ 훈/양명석·김  철·고우석·김인기·이종무
 ○ 적/윤문숙·고수영·공경진·김용선 
 ○ 약/장경원·고연정·이방실·정지영
 ○ 금/조유회, 슬/김윤희, 편종/김미숙, 편경/이종길, 축/김형섭, 어/박지현, 소/이오훈, 부/채은선
 ○ 노도/이종범, 노고/이웅, 진고/정택수, 특종/이찬미, 특경/이유나, 휘/문응관


○ 해당공연 및 다양한 자료를 보시려면 https://archive.gugak.go.kr/ArchivePortal/index.jsp 로 이동하십시요.
○ 주최 및 촬영/국립국악원[National Gugak Center]",UCmN4xFSlmWw-_d2riM-ep0A,국립국악원 National Gugak Center,2018-06-21T06:35:48Z,567,9.45,False,1056.0,12.0,0.0,https://www.youtube.com/watch?v=TvL0ruRnQK8,72700,3576,PF270222,"국립국악원, 사직제례악",한국음악(국악),국립국악원 예악당,2025-09-03,2025-09-05,,,,shard_59,review,"candidate work ""토요명품"" found but ambiguous among 2 instances",general
6DNEfwMy2tA,국립국악원 토요명품공연[2016.01.16.] 01. 종묘제례악,"01. 종묘제례악
문 무: 최형선, 김진정  무무: 정현도, 김서량
집 사:  양명석  집박: 이  영
악 장: 이정규, 김병오 
피 리: 황규상, 김성진, 고우석, 윤형욱, 이종무, 김인기
태평소: 홍현우
대금: 채조병, 김상준, 최성호, 문응관, 김휘곤, 이  결, 이승엽 
해금: 김기동, 김주남, 류은정, 전은혜, 공경진, 김용선, 한갑수
아쟁: 김창곤, 김인애
가야금: 조유회, 이유나, 김윤희, 강효진
거문고: 김치자, 채은선, 윤성혜, 고보석
편종: 조인환    편경: 이종길      방향: 김형섭  장구: 박거현
절(진)고: 안성일   징: 홍창남   축:  채성희   어: 조일하  휘: 이오훈

○  주최 및 촬영/국립국악원[National Gugak Center]",UCmN4xFSlmWw-_d2riM-ep0A,국립국악원 National Gugak Center,2016-02-03T05:14:13Z,1400,23.33,False,2925.0,44.0,2.0,https://www.youtube.com/watch?v=6DNEfwMy2tA,72700,3576,PF270222,"국립국악원, 사직제례악",한국음악(국악),국립국악원 예악당,2025-09-03,2025-09-05,,,,shard_59,review,"candidate work ""토요명품"" found but ambiguous among 2 instances",general
wDI61QrFLjA,국립국악원 토요명품공연 [2019.04.20.],"07. 소고춤
 ○ 무용/정승연·권문숙·임동연·이하경·권덕연·변승아
 ○ 태평소/장수호, 꽹과리/강병혁, 징/이흥구, 장구/김수용, 북/임용남


○ 해당공연 및 다양한 자료를 보시려면 http://archive.gugak.go.kr/portal/main 로 이동하십시요.
○ 주최 및 촬영/국립국악원[National Gugak Center]",UCmN4xFSlmWw-_d2riM-ep0A,국립국악원 National Gugak Center,2019-05-21T00:26:12Z,457,7.62,False,23341.0,232.0,9.0,https://www.youtube.com/watch?v=wDI61QrFLjA,72700,3576,PF270222,"국립국악원, 사직제례악",한국음악(국악),국립국악원 예악당,2025-09-03,2025-09-05,,,,shard_59,review,"candidate work ""토요명품"" found but ambiguous among 2 instances",general
eFA3wTc6wE8,국립국악원 토요명품공연 [2018.06.02.],"03. 쌍무고
 ○ 원무/김혜자·이명희·이지연·김태은·김영신·윤은주·이지은·이주리
 ○ 협무/장민하·최형선·김혜영·김진정·이정미·이주희·백미진·정승연
 ○ 집박/채조병
 ○ 피리/민지홍·김인기, 대금/이결·이종범, 해금/한갑수·이찬미
 ○ 장구/홍석복, 좌고/정택수

○ 해당공연 및 다양한 자료를 보시려면 https://archive.gugak.go.kr/ArchivePortal/index.jsp 로 이동하십시요.
○ 주최 및 촬영/국립국악원[National Gugak Center]",UCmN4xFSlmWw-_d2riM-ep0A,국립국악원 National Gugak Center,2018-06-19T00:26:23Z,440,7.33,False,14696.0,111.0,5.0,https://www.youtube.com/watch?v=eFA3wTc6wE8,72700,3576,PF270222,"국립국악원, 사직제례악",한국음악(국악),국립국악원 예악당,2025-09-03,2025-09-05,,,,shard_59,review,"candidate work ""토요명품"" found but ambiguous among 2 instances",general
ydMCv8YurTU,국립국악원 토요명품공연[2016.01.16.] 06. 무을농악,"06. 무을농악
꽹과리: 오영환, 박상인, 김희수(객원)
징: 이홍구, 이대원  장구: 김수용, 유지형, 김영은(객), 이유리(객)
북: 권오성, 김지원(객원), 김만곤(객), 김윤만(객)
상모: 강병혁, 임용남, 이동주(객), 이의태(객), 이명모(객), 박수빈(객)         원영식(객), 김광수(객), 김길수(객), 조만희(객), 김민규(객) 
태평소: 이호진

○  주최 및 촬영/국립국악원[National Gugak Center]",UCmN4xFSlmWw-_d2riM-ep0A,국립국악원 National Gugak Center,2016-02-03T05:10:35Z,1405,23.42,False,64256.0,376.0,29.0,https://www.youtube.com/watch?v=ydMCv8YurTU,72700,3576,PF270222,"국립국악원, 사직제례악",한국음악(국악),국립국악원 예악당,2025-09-03,2025-09-05,,,,shard_59,review,"candidate work ""토요명품"" found but ambiguous among 2 instances",general
25QijBgub1k,국립국악원 토요명품공연[2016.10.08.],"01. 종묘제례악 '전폐희문·희문·기명·역성·소무·독경·영관' (0:11)
종묘제례악은 동북아시아의 고대 아악과 한국 전통 음악을 조화시킨 15세기 창작품으로 오늘까지 역사적 단절 없이 연주되어 온 한국음악 최고 명작 중의 하나이며 현재 중요무형문화재 제1호이다. 연주와 노래(악장), 춤(일무)이 일정한 유교 제례의 절차에 따라 펼쳐지는 고유한 성격을 지니고 있다. 문덕을 기린 보태평(문무) 11곡과 무공을 칭송한 정대업(무무) 11곡으로 구성되어 있고 아악·당악·향악기가 함께 연주한다. 2001년 5월 18일, 유네스코 인류무형문화 유산으로 등재되었다.
 ○ 집사/이상원, 집박/황규상, 악장/이정규·김병오
 ○ 피리/고우석·홍현우·김철·김성준·이종무, 태평소/홍현우, 대금/노붕래·김상준·최성호·김기엽·김휘곤·이결
 ○ 해금/황애자·김주남·윤문숙·류은정·전은혜, 가야금/이유나·고연정·정지영, 아쟁/김인애, 거문고/김치자·채은선·박지현
 ○ 편종/김형섭, 편경/김기동, 방향/장경원, 장구/홍석복, 절고·진고/안성일, 징/홍창남, 축/이준아, 어/채성희, 휘/박진희
 ○ 문무/이종호·김태훈, 무무/정현도·김서량

02. 판소리 춘향가 중 '사랑가' (23:04)
판소리는 남도지방 특유의 곡조를 토대로 발달하였고 소리꾼 한 명이 고수 한 명의 장단에 맞추어 일정한 내용을 소리로 표현하고 아니리(말)와 발림(몸짓)으로 극적 효과를 높인다. 더불어 관중이나 고수가 흥을 돋우기 위해 소리에 맞추는 추임새가 매력적이다. 판소리는 지역 특성과 역사에 따라 동편·서편·중고제로 구분되며 충·효·의리·정절 등의 가치관을 담은 ‘춘향가·심청가·흥보가·수궁가·적벽가’의 다섯 바탕으로 정착되었다. 2003년 11월 7일, 유네스코 인류무형문화유산으로 등재되었다.
 ○ 판소리/정회석, 고수/정준호

03. 처용무 (36:09)
처용무는 신라 헌강왕(875~886)의 처용설화에 기원을 둔 궁중무용으로 음양오행의 기본정신을 바탕으로, 악귀를 몰아내고 왕실의 평화를 기원하던 궁중 나례의식의 무용이다. 청색은 동쪽, 백색은 서쪽, 적색은 남쪽, 흑색은 북쪽, 황색은 중앙을 상징하는 옷을 입고 얼굴에는 탈(가면)을 쓰고 추는 춤으로 일자진, 원진 등을 사용하여 사방을 정화한다. 춤사위는 단순하지만 당당하고 활기찬 움직임 속에서 씩씩하고 호탕한 남성적인 멋을 느낄수 있으며, 처용탈과 조화를 이루는 춤이다. 2009년 9월 30일, 유네스코 인류무형문화유산으로 등재되었다.
 ○ 지도/이종호, 무용/김태훈·박성호·안덕기·김청우·정현도
 ○ 집박/문현, 피리/김철·이종무, 대금/이승엽·이오훈
 ○ 해금/사현욱·김용선, 창사/이정규·김병오, 좌고/안성일  

04. 아리랑을 펼치다 (47:32)
민족의 노래 아리랑은 유네스코 인류무형문화유산에 등재된 종목 중 하나로 오늘날 음악가들에게 창작의 원천이 되기도 한다. 이 곡은 황해도 해주지역에 전래되는 아리랑을 경쾌한 리듬과 악기 간의 화음, 연주자들의 적극적 해석과 흥을 반영하여 25현 가야금과 거문고를 위한 곡으로 창작한 것으로, 2014년 창작악단 10주년 기념 실내악연주회 ‘이면(裏面)을 빚다’에서 초연되었다. 2014년 11월 27일, “북한의 아리랑”도 첫 유네스코 인류무형문화유산으로 등재되었다.
 ○ 작곡/이지혜, 가야금/이지혜·이지언, 거문고/김은수

05. 아리랑연곡 '구아리랑·강원도아리랑·자진아리·해주아리랑·상주아리랑·진도아리랑·아리랑' (57:35)
아리랑은 대표적인 한국민요이다. 아리랑은 ‘아리랑’ 또는 ‘아라리’ 등이 후렴에 들어있는 민요의 총칭으로, 지역과 시대에 따라 다양한 리듬과 선율의 사설이 발달되어 전승되고 있다. 아리랑의 노랫말에는 우리의 역사와 삶의 현장에서 느끼는 희로애락과 염원이 담겨 있다. 2012년 12월 6일, 파리에서 유네스코 인류무형문화유산으로 등재되었다.
 ○ 소리/강효주·채수현·김민경·장효선·양명희·조정희
 ○ 피리/황광엽, 대금/문재덕, 해금/김지희, 가야금/이여진, 거문고/한민택, 아쟁/윤서경, 장고/정준호

06. 강강술래 (1:10:47)
강강술래는 남부 지방에서 풍요와 다산을 기원하기 위해 널리 행해지는 민속놀이이다. 밝은 보름달 아래 마을 여성들이 둥글게 모여서 손을 잡고 ‘강강술래’ 라는 후렴이 붙은 노래를 부르며 빙글빙글 돌면서 밤새 춤추고 노래한다. 강강술래를 할 때는 목청이 좋은 여자 한 사람이 앞소리를 부르면, 놀이를 하는 여러 명이 뒷소리로 후렴을 부르며 춤을 춘다. 중요무형문화재 제8호로 지정 되었으며 2009년 9월 30일, 유네스코 인류무형문화유산으로 등재되었다.
 ○ 지도/최경자
 ○ 강강술래/백미진·김영애·이주리·서희정·정승연·권문숙·박민지·박경순·이도경·임동연·이하경·이혜경·최나리·권덕연
 ○ 소리/양명희·조정희, 피리/황광엽, 대금/문재덕, 해금/김지희, 가야금/이여진, 거문고/한민택, 아쟁/윤서경, 장고/정준호

○ 시간을 클릭하면 해당구간으로 이동하며, 다양한 자료를 원하시면 http://archive.gugak.go.kr/ArchivePortal/index.jsp 로 이동하십시요.
○ 주최 및 촬영/국립국악원[National Gugak Center]",UCmN4xFSlmWw-_d2riM-ep0A,국립국악원 National Gugak Center,2016-12-30T02:18:14Z,4905,81.75,False,1389.0,14.0,0.0,https://www.youtube.com/watch?v=25QijBgub1k,72700,3576,PF270222,"국립국악원, 사직제례악",한국음악(국악),국립국악원 예악당,2025-09-03,2025-09-05,,,,shard_59,review,"candidate work ""토요명품"" found but ambiguous among 2 instances",general
_eaeTMmMLtA,"영화《티파니에서 아침을》(Breakfast at Tiffany's) 오드리 헵번이 불렀던 주제가 ""Moon River"" 마에스트로 금난새가 들려주는 감미로운 클래식_하모니카 이윤석","#금난새#Moon River#오드리 헵번#티파니에서 아침을#불가리안웨딩댄스#무디#팔라디오#젠킨스#부에노스아이레스#봄 #피아졸라#로시니#세빌리아이발사#험담은미풍처럼#뱃노래#조두남#베이스#오영광#생폴#홀스트#제주CBS#생명돌봄#CBS#마에스트로#콘서트#해설이있는#클래식#감동#공연#가슴뭉클#재미#전율#오페라#바이올린#김혜지#하모니카#이윤석#기타#곽진규#뉴월드챔버오케스트라#오케스트라#마음편한#힐링#Rossini
감미로운 클래식 들으며 힐링하세요^^
Moon River",UCXwsf77BfORkQCnMOLWsECg,제주CBS,2022-06-24T06:11:02Z,229,3.82,False,761.0,16.0,0.0,https://www.youtube.com/watch?v=_eaeTMmMLtA,1470,190,PF250687,"성남시립교향악단 기획공연, 금난새의 영화음악이야기",서양음악(클래식),성남아트센터 콘서트홀,2024-10-30,2024-10-30,,,,shard_59,review,"candidate work ""하모니"" found but ambiguous among 2 instances",general
nF6txvzoa8A,[금란방] 오픈드레스 리허설 초대 이벤트,#오픈드레스리허설 #금란방 #서울예술단,UCRq_sziR9sGzp8OmlpQaSWg,서울예술단,2022-09-15T01:03:30Z,59,0.98,True,431.0,25.0,11.0,https://www.youtube.com/watch?v=nF6txvzoa8A,6030,691,PF284338,"서울예술단, 나빌레라 [안동]",뮤지컬,안동문화예술의전당 웅부홀,2026-04-24,2026-04-24,,,,shard_59,review,"candidate work ""금란방"" found but ambiguous among 3 instances",shorts
vdwhMbUbFRI,안양시립합창단 '브람스 레퀴엠' 예고,"안양시립합창단 '브람스 독일 레퀴엠' 

■일시 : 2023. 6. 15 THU 19:30 
■장소 : 안양아트센터 관악홀

■출연진

상임지휘자  이충한
소프라노      이윤정
바리톤          정일헌

안양시립합창단
원주시립합창단
프라임필하모닉 오케스트라",UC_LZqn3F7PHbCxW_kUosk-w,안양시립합창단.Anyang Civic Chorale. 安養市立合唱團,2023-06-09T04:47:18Z,393,6.55,False,1744.0,40.0,19.0,https://www.youtube.com/watch?v=vdwhMbUbFRI,4560,781,PF237628,"챔버시리즈1, 대구시립합창단: 작은음악회",서양음악(클래식),대구콘서트하우스 챔버홀 (소공연장) ,2024-04-05,2024-04-05,,,,shard_59,review,"candidate work ""브람스"" found but ambiguous among 2 instances",general
oElNTPB_kqQ,당진시립합창단 『브람스 독일 레퀴엠』 ◈리허설 영상 Ⅱ,"당진시립합창단 제31회 정기연주회 『브람스 독일 레퀴엠』 리허설 영상

▷지휘자 이대우
▷당진시립합창단
▷코리아쿱오케스트라

장소 : 코리아쿱오케스트라 스튜디오(서초구 방배로 62 성산빌딩 지하1층)

#당진시립합창단 #이대우지휘자 #코리아쿱오케스트라",UCdSsdmUi29Y8lfOBYH-v7Qw,당진시충남합창단,2021-06-15T13:48:57Z,34,0.57,True,412.0,13.0,0.0,https://www.youtube.com/watch?v=oElNTPB_kqQ,875,153,PF237428,"대전시립합창단, 기획연주회2: 봄의 시작",서양음악(클래식),대전시립연정국악원 큰마당,2024-04-12,2024-04-12,,,,shard_59,review,"candidate work ""브람스"" found but ambiguous among 2 instances",shorts
OjS2utTk7PY,백조의 호수 이장면! 주목해주세요~,유니버설발레단 백조의 호수 재미있게 보는법!,UCk1RygHm67qOfwgxaNmRI2w,Universal Ballet,2010-09-12T10:56:57Z,276,4.6,False,4978.0,10.0,0.0,https://www.youtube.com/watch?v=OjS2utTk7PY,7640,562,PF281719,"국립발레단, 백조의 호수 [부산]",무용(서양/한국무용),부산시민회관 대극장,2026-03-19,2026-03-20,,,,shard_6,review,"candidate work ""백조의 호수"" found but ambiguous among 6 instances",general
kJtvZUYnlcA,드림씨어터_매튜 본의 ＜백조의 호수(Swan Lake)＞ 스팟 영상 ver.1,,UClrzoMCev4Z6cVtvRUQAY_w,dreamtheatre busan,2019-09-11T07:04:00Z,21,0.35,True,1078.0,2.0,0.0,https://www.youtube.com/watch?v=kJtvZUYnlcA,80,29,PF281719,"국립발레단, 백조의 호수 [부산]",무용(서양/한국무용),부산시민회관 대극장,2026-03-19,2026-03-20,,,,shard_6,review,"candidate work ""백조의 호수"" found but ambiguous among 6 instances",shorts
dNCooPLSxVg,드림씨어터_매튜 본의 ＜백조의 호수(Swan Lake)＞ 스팟 영상 ver.2,,UClrzoMCev4Z6cVtvRUQAY_w,dreamtheatre busan,2019-09-11T07:12:26Z,31,0.52,True,38445.0,2.0,0.0,https://www.youtube.com/watch?v=dNCooPLSxVg,80,29,PF281719,"국립발레단, 백조의 호수 [부산]",무용(서양/한국무용),부산시민회관 대극장,2026-03-19,2026-03-20,,,,shard_6,review,"candidate work ""백조의 호수"" found but ambiguous among 6 instances",shorts
nlCxWf_XnHo,B.C.B.C. [백조의 호수] 공연 영상,"박헌주BusanCityBalletCompany
백조의 호수 中
2019.04.12.(금) 8시 영화의전당 하늘연극장",UCfLs_4sZcMo8t7G4sl106eA,사랑이,2020-09-18T02:48:41Z,35,0.58,True,10986.0,62.0,3.0,https://www.youtube.com/watch?v=nlCxWf_XnHo,113,152,PF281719,"국립발레단, 백조의 호수 [부산]",무용(서양/한국무용),부산시민회관 대극장,2026-03-19,2026-03-20,,,,shard_6,review,"candidate work ""백조의 호수"" found but ambiguous among 6 instances",shorts
lemoe9EhWUY,"[메시지] 지휘자 티에리 피셔가 말하는 #서울시향 6월 정기공연 프로그램📝｜다프니스와 클로에, 브람스, 생상스｜🇩🇪🇲🇫클래식으로 만나는 유럽여행✈","🎫 예매하기
👉 https://www.seoulphil.or.kr
👉 https://www.sac.or.kr


ㅡ
🧡 Follow SPO
누리집 https://www.seoulphil.or.kr
페이스북 https://www.facebook.com/SPO
트위터 https://twitter.com/seoulphil
인스타그램 https://www.instagram.com/seoulphil
네이버TV https://tv.naver.com/seoulphil",UCwmgO3PhE925-mLG1h26Uow,서울시립교향악단 Seoul Philharmonic Orchestra,2022-06-10T07:10:42Z,372,6.2,False,626.0,27.0,1.0,https://www.youtube.com/watch?v=lemoe9EhWUY,40300,697,PF253096,서울시향 드뷔시와 라벨 ②,서양음악(클래식),예술의전당 [서울] 콘서트홀,2025-05-16,2025-05-16,,,,shard_6,review,"candidate work ""브람스"" found but ambiguous among 2 instances",general
xXF-w650V5c,국회에 울린 전국 발달장애인 ‘하모니’ ...감동의 물결,"국회에 울린 전국 발달장애인 ‘하모니’ ...감동의 물결 


한국지적발달장애인복지협회(회장 김성조)와 나경원 자유한국당 의원실 주최로 지난 3일 서울 여의도 국회의원회관 대회의실에서 열린 제5회 전국발달장애인합창대회에가 전국 12개 팀이 참가해 감동의 하모니를 선사했다.

출전한 12개팀 중 영예의 대상은 온사랑합창단에게 주어졌다, 보건복지부장관상과 트로피, 상금 300만원이 지급됐다.

김성조 한국지적발달장애인복지협회 회장은 ""이번 합창대회를 통해 발달장애인의 사회성을 향상 시기키고 잠재된 예술재능을 계발하는 자리가 되길 바란다.""고 인사했다.

나경원 의원은 “이번 합창대회를 통해 자신에게도 희망과 기쁨을 만들어내고 세상 사람들에게 기쁜과 사랑을 전달하여 삶의 희망을 나눴으면 한다.”며 참여한 모든 장애인들과 “우린 할 수 있다.”고 열창했다.

이 대회는 김성조회장이 취임하면서 합창으로 발달장애인의 궁극적인 목표인 자립생활과 행복한 삶을 꿈꿔 비록 몸은 불편하지만 고난과 시련을 극복하여 긍정적인 사고와 즐거운 노래로 자기재능 발굴을 유도했으면 하는 바램으로 합창대회가 만들어졌다.

한편, 김성조회장은 지난 3월 경북 구미 금오산호텔에서 개최된 전국대의원대회 및 정기총회에서 만장일치 추대돼 연임하고 있다. 경북 3선 국회의원, 여의도연구소장, 정책위의장, 국회재정기획위장 등을 역임하고 대한체육회부회장과 한국체육대학교 총장으로 재직하고 있다.",UCdh1_pbf2JZD9pst20Mj_9w,kimgajoong,2017-07-04T06:51:56Z,31,0.52,True,162.0,0.0,0.0,https://www.youtube.com/watch?v=xXF-w650V5c,1570,4556,PF257299,부천시립예술단 신년음악회: 사랑의 인사 [부천],서양음악(클래식),부천아트센터 콘서트홀,2025-01-23,2025-01-23,,,,shard_6,review,"candidate work ""하모니"" found but ambiguous among 2 instances",shorts
F_A-IkYbus8,"금난새, 성남시립교향악단 | 차이코프스키, 백조의 호수 모음곡 중 제 2곡 ""왈츠""(The Swan Lake Suite, Op. 20a: Act. 2 ""Waltz"")","'차이코프스키의 백조의 호수 제2장 왈츠'입니다.
올해 예울마루 신년음악회에서 금난새 지휘자의 지휘아래에 공연을 펼쳤었습니다! 

열정 넘치는 오케스트라 연주! 다시 한 번 감상해 보시죠!

#차이코프스키 #백조의호수 #금난새 #성남시립교향악단 #왈츠 #예울마루 #여수 #클래식 #오케스트라",UCRNNyUQeN7fLmCUkZPylOxA,GS칼텍스 예울마루,2020-05-30T01:44:41Z,502,8.37,False,1204.0,15.0,0.0,https://www.youtube.com/watch?v=F_A-IkYbus8,2070,676,PF256285,성남시립교향악단 신년음악회,서양음악(클래식),성남아트센터 콘서트홀,2025-01-17,2025-01-17,,,,shard_6,review,"candidate work ""백조의 호수"" found but ambiguous among 6 instances",general
1uk7176wJFk,"Kim Bum Soo & Kim Da Mi, perfect harmonizing 'I Miss You' 《Fantastic Duo》판타스틱 듀오 EP02","Fantastic Duo 판타스틱 듀오 EP02 20160424 SBS

The last episode winner team Kim Bum Soo & Kim Da Mi singing 'I Miss You' and their perfect harmony give goosebumps to audience.

지난 회 우승자인 김범수와 어묵소녀는 보고싶다를 부르며 엄청난 무대를 보여주었다.

“Shall we sing a song together?”
What if you can received a love call from the top singers in Korea?

Anyone who has a smart phone can sing duet songs with Korea's top singers in “Fantastic Duo”! Incredible collaboration and Amazing duet performances of singers and their fans starts here.

SBS Mucis Show ‘Singers in My Hands - Fantastic Duo’ to be aired for the first time on April 17 2016 and it aris on every Sunday at 4:50pm.

☞ Visit 'Fantastic Duo' official website and get more information:
http://goo.gl/wWLq8m

☞ Enjoy watching other best clips of 'Fantastic Duo' to follow:
https://goo.gl/CoHNXF",UCmjNKt6kITwaZTqvWuaSPLg,SBS Entertainment,2016-04-24T10:29:07Z,280,4.67,False,26767904.0,247631.0,9038.0,https://www.youtube.com/watch?v=1uk7176wJFk,7500000,242920,PF268560,레미제라블 [사천],무용(서양/한국무용),사천문화예술회관 대공연장,2025-07-24,2025-07-24,,,,shard_6,review,"candidate work ""판타스틱"" found but ambiguous among 3 instances",general
VT0-sY0jmSk,발레리나들도 어렵다는 그작품🦢백조의 호수 #shorts #발레,"발레하면 바로 떠오르는 이미지는? ""🦢"" 백조의 호수죠? 오늘은 미국 ABT 발레단의 질리언 머피와 러시아 mariinsky 발레단의 울리야나 로파트키나 발레리나 비교 영상입니다!",UCJSp4GqXKkQB2Um0hhgeM3Q,발레하는 펄리나 PEARLINA,2023-05-18T12:30:28Z,36,0.6,True,773767.0,11133.0,434.0,https://www.youtube.com/watch?v=VT0-sY0jmSk,57100,507,PF290843,"유니버설발레단, 더 발레리나 [영덕]",무용(서양/한국무용),예주문화예술회관,2026-06-06,2026-06-07,,,,shard_6,review,"candidate work ""백조의 호수"" found but ambiguous among 6 instances",shorts
u9QsJUIkOoE,"KBS 전국노래자랑(2023 목포시편) 최우수상 국악 가수 오선지 축하 공연,  홍도 섬 불볼락 축제(23.9.22)[사단법인 소리사랑그룹(회장 이충광) 소속/목포뉴스 신안신문TV","[신안신문 /목포뉴스]
제6회 섬 불볼락 축제, 신안 홍도에서 개최
22일부터 이틀간 개최...바다에 수놓아진 작고 붉은 꽃, 불볼락 활짝~ -해상퍼레이드 시작으로 불볼락 버거 만들기, 수산물 깜짝 경매 비롯 선상낚시체험, 불볼락 경품 추천 등 다채

http://sanews.co.kr/sub_read.html?uid=12017&section=section17&section2=",UC8WeickmY-PmS3SNL1SHEAg,폭로닷컴 신안신문TV,2023-09-24T09:45:56Z,788,13.13,False,959.0,9.0,3.0,https://www.youtube.com/watch?v=u9QsJUIkOoE,6140,913,PF269763,별주부전 [목포],한국음악(국악),목포문화예술회관,2025-08-02,2025-08-02,,,,shard_6,review,"candidate work ""홍도"" found but ambiguous among 2 instances",general
qfv_xakSSFI,군산시립예술단 합동연주회 / 1-1새야새야파랑새야 / 편곡 오병희 / 소리꾼 고영열 / 군산칸타타 항쟁,"군산시립예술단 합동연주회 
군산칸타타 항쟁 [창작공연]

*극본,작곡: 오병희
*각색,연출: 안지선
*소리꾼: 고영열
*지휘: 백정현(교향악단상임지휘자)
*연주: 군산시립교향악단
*합창: 군산시립합창단
*장소: 군산예술의전당 대공연장

군산칸타타 항쟁
1부 : 수탈과 저항, 군산의 노래
-관리와 지주들이 부패했던 조선 말 동학농민혁명으로부터 시작하여 
국권을 빼앗기고 일제의 수탈과 압제 속에 놓였던 위기의 상황과 3.5만세운동,
옥구농민항쟁으로 끝까지 봉기했던 군산의 역사를 그린다.

2부: 일제 강점기, 그 시절의 노래
-1920년~1930년대 신문물로 인해 변화되어가는 강점기의 문화와 풍경을
다양한 색체로 풀어낸다.

3부: 기쁨의 노래
-자주독립과 미래에 대한 희망을 노래한다.

#군산시립예술단, #군산시립교향악단, #군산시립합창단, #합동연주회
#창작공연, #군산칸타타, #항쟁, #작곡오병희, #편곡오병희, #극본오병희,
#연출안지선, #각색안지선, #소리꾼, #고영열, #소리꾼고영열, #지휘백정현
#군산시립교향악단상임지휘자, #군산예술의전당",UC1sAgxHwarLKoRHn1_TB2nw,Philharmonic Gunsan,2022-03-22T02:28:45Z,236,3.93,False,189.0,16.0,0.0,https://www.youtube.com/watch?v=qfv_xakSSFI,566,69,PF261361,제189회 원주시립교향악단 정기연주회 [원주],서양음악(클래식),원주백운아트홀,2025-04-11,2025-04-11,,,,shard_6,review,"candidate work ""파랑새"" found but ambiguous among 3 instances",general
M9wz5KrGmUY,"[청주시립합창단] 제74회 정기연주회 브람스_독일 레퀴엠 (J.Brahms_Ein deutsches Requiem, Op.45)","청주시립합창단 제74회 정기연주회 브람스_독일 레퀴엠 (J.Brahms_Ein deutsches Requiem, Op.45)

제1곡. Selig sind, die da Leid tragen 01:04
           애통하는 자는 복이 있나니 (합창)

제2곡. Denn alles Fleisch, es ist wie Gras 10:44
            모든 육신은 풀과 같고 (합창)

제3곡. Herr, lehre doch mich  24:43
           나의 종말과 연한이 어떠함을 알게 하사 (바리톤 독창과 합창)

제4곡. Wie lieblich sind deine Wohnungen 33:39
            주의 장막이 어찌 그리 사랑스러운지요 (합창)

제5곡. Ihr habt nun Traurigkeit 39:33
           지금은 너희가 근심하나 (소프라노 독창과 합창)

제6곡. Denn wir haben hie keine bleibende Statt 45:46
           우리가 영구히 머물 도성은 없고 (바리톤 독창과 합창)

제7곡. Selig sind die Toten, die in dem Herrn sterben 57:08
            주 안에서 죽는 자들은 복이 있도다 (합창)",UCpyaM8woA6_i9OLMFVsO-fw,청주시립예술단,2023-07-04T06:38:54Z,4087,68.12,False,1014.0,20.0,,https://www.youtube.com/watch?v=M9wz5KrGmUY,3070,646,PF261361,제189회 원주시립교향악단 정기연주회 [원주],서양음악(클래식),원주백운아트홀,2025-04-11,2025-04-11,,,,shard_6,review,"candidate work ""브람스"" found but ambiguous among 2 instances",general
H3cnqZ1QA7g,사노라면♡하모니색소폰오케스트라 ♡8회정기연주회#소프라노 이애리,"#사노라면 
#하모니색소폰오케스트라 
#이애리연주
#금정문화회관 

4월29일 제8회
하모니 색소폰 오케스트라
정기 연주회가
금정 문화회관
금빛누리홀 에서

""함께해요
행복동행""
으로  함께 했습니다.
행복으로 동행 했습니다.

연주곡은 
""사노라면 ""
입니다~",UCD_-tpcOUH6GvBGD5BaThWQ,이애리색소폰,2023-05-12T23:00:12Z,395,6.58,False,1140.0,129.0,162.0,https://www.youtube.com/watch?v=H3cnqZ1QA7g,6470,327,PF290796,브레멘 음악대 [보령],서양음악(클래식),보령문화예술회관 대공연장,2026-05-16,2026-05-16,,,,shard_6,review,"candidate work ""하모니"" found but ambiguous among 2 instances",general
y60cTSZ-0sQ,난파합창단 찾아가는 위로의 하모니,,UCkc2fpfdSnMUMtcPjFd3O2g,MusicGrapher,2021-10-21T11:20:18Z,1216,20.27,False,102.0,4.0,0.0,https://www.youtube.com/watch?v=y60cTSZ-0sQ,232,95,PF242418,제187회 수원시립합창단 정기연주회,서양음악(클래식),수원SK아트리움 대공연장,2024-06-27,2024-06-27,,,,shard_6,review,"candidate work ""하모니"" found but ambiguous among 2 instances",general
sxrHMohNju8,"마스터즈시리즈7 ""전원속의 브람스""","ㅇ 대전시립교향악단 마스터즈시리즈 7 ""전원속의 브람스""
ㅇ 2021년 7월 18일(일) 17:00, 대전시립연정국악원 큰마당
ㅇ객원지휘 _ 이병욱(인천시향 예술감독)
     트 럼 펫 _ 임승구
 ㅇ프 로 그 램 
     하차투리안 _ 「스파르타쿠스 모음곡 제2번」 중 
                         ‘스파르타쿠스와 프리지아를 위한 아다지오’ 
     아르투니안 _ 트럼펫 협주곡 내림 가장조
      브람스 _ 교향곡 제2번 라장조, 작품 73",UCkAcL7zFwLDVd5t-B4xQFzg,대전시립교향악단Daejeon Philharmonic Orchestra,2021-07-12T01:17:17Z,39,0.65,True,324.0,4.0,0.0,https://www.youtube.com/watch?v=sxrHMohNju8,1020,89,PF245001,"대전시립교향악단 챔버 시리즈3, 호른과 실내악",서양음악(클래식),대전예술의전당 앙상블홀,2024-09-05,2024-09-05,,,,shard_6,review,"candidate work ""브람스"" found but ambiguous among 2 instances",shorts
TDtiASgSy-s,강서구 구립극단 꿈따모 13기 연극 / 불효자는 웁니다 (1부),설명,UCsHmKHHZQiJ9W0aw_-b_K6A,달수TV,2017-09-11T17:06:23Z,1522,25.37,False,487.0,3.0,0.0,https://www.youtube.com/watch?v=TDtiASgSy-s,1710,772,PF279828,제17기 시민연극교실,연극,세종문화회관 세종S씨어터,2025-12-13,2025-12-14,,,,shard_60,review,"candidate work ""구구"" found but ambiguous among 2 instances",general
NUT08dP_34M,브람스 레퀴엠 ( 순천시립합창단 정기연주회 ),"지휘 황유순
소프라노 박소은, 바리톤 장은석 
순천시립합창단, 익산시립합창단",UCUo2Bf7iT_Y3U3MFBO7z1uA,Yu Sun Hwang,2021-07-13T04:12:46Z,4380,73.0,False,2259.0,36.0,,https://www.youtube.com/watch?v=NUT08dP_34M,104,27,PF250315,제188회 수원시립합창단 정기연주회,서양음악(클래식),수원SK아트리움 대공연장,2024-10-24,2024-10-24,,,,shard_60,review,"candidate work ""브람스"" found but ambiguous among 2 instances",general
AopgDkJgsvM,"김선옥 거문고협주곡 - 숨, #난계국악단 #공주시충남연정국악단 #하모니","2025 영동세계국악엑스포 성공유치 결의를 위한 화합 한마당
영동군 난계국악단과 공주시 충남연정국악단의 교류음악회
곡목명 : 거문고협주곡 '숨'
거문고 : 김선옥 (이화여자대학교 한국음악과 교수)
작곡 : 이정호
지휘 : 공주시 충남연정국악단 객원지휘자 김종욱

장소 : 영동군 복합문화예술회관
일시 : 2023년 6월 22일 오후7시 30분


불교공뉴스 TV 홈페이지에서 다양한 정보를 확인하실 수 있습니다.
http://www.bzeronews.com/
#교육 #정치 #사회 #종교 #문화 #뉴스 #힐링",UCXgCXa8xGwLi-JkmVLaXfqA,k축제tv,2023-06-30T07:23:29Z,709,11.82,False,1774.0,16.0,0.0,https://www.youtube.com/watch?v=AopgDkJgsvM,340000,15952,PF273631,"대전시립연정국악단, 토요국악 (10.11)",한국음악(국악),대전시립연정국악원 작은마당,2025-10-11,2025-10-11,,,,shard_61,review,"candidate work ""하모니"" found but ambiguous among 2 instances",general
sxrHMohNju8,"마스터즈시리즈7 ""전원속의 브람스""","ㅇ 대전시립교향악단 마스터즈시리즈 7 ""전원속의 브람스""
ㅇ 2021년 7월 18일(일) 17:00, 대전시립연정국악원 큰마당
ㅇ객원지휘 _ 이병욱(인천시향 예술감독)
     트 럼 펫 _ 임승구
 ㅇ프 로 그 램 
     하차투리안 _ 「스파르타쿠스 모음곡 제2번」 중 
                         ‘스파르타쿠스와 프리지아를 위한 아다지오’ 
     아르투니안 _ 트럼펫 협주곡 내림 가장조
      브람스 _ 교향곡 제2번 라장조, 작품 73",UCkAcL7zFwLDVd5t-B4xQFzg,대전시립교향악단Daejeon Philharmonic Orchestra,2021-07-12T01:17:17Z,39,0.65,True,324.0,4.0,0.0,https://www.youtube.com/watch?v=sxrHMohNju8,1020,89,PF271615,"대전시립교향악단 챔버시리즈 3, 피아노와 실내악",서양음악(클래식),대전예술의전당 앙상블홀,2025-09-11,2025-09-11,,,,shard_61,review,"candidate work ""브람스"" found but ambiguous among 2 instances",shorts
NBwtwxqHOVE,창원시립합창단 뮤지컬콘서트 레미제라블 하이라이트,"창원시립합창단 뮤지컬콘서트 레미제라블 
2019.11.02. 성산아트홀 대극장 

지휘: 공기태 
연출: 김성경 
출연: 창원시립합창단 

Changwon City Chorale 
Musical Concert Les miserables",UCd6crvtNGmXMCFAD2ACxfpA,창원시립예술단,2020-01-28T08:21:49Z,298,4.97,False,1426.0,24.0,0.0,https://www.youtube.com/watch?v=NBwtwxqHOVE,1470,174,PF278769,창원시립예술단 송년음악회,서양음악(클래식),성산아트홀 대극장,2025-12-23,2025-12-23,,,,shard_7,review,"candidate work ""레미제라블"" found but ambiguous among 12 instances",general
gJLh6SVkhT4,"[주요 뉴스] KBS뉴스광장 경남 - 교향악, 국악, 합창 등 경남도민예술단 지정 (2015.02.19,목)","교향악과 국악, 합창 등
4개 분야에서 경남도민예술단이 지정돼 
문화 소외지역을 찾아 공연합니다.
경상남도는 
도내에서 활동 중인 공연 예술단을
심사 선정해 도민예술단으로 지정하고 
한 회 공연에 천만 원에서 4천만 원씩 지원해 
전 시군을 돌며 순회 공연을 할 계획입니다.
4개 예술단에는 교향악과 국악, 합창단 외에 
뮤지컬과 연극 등의 분야에서 
한 개를 추가할 예정이며
3월 초까지 공연 단체의 신청을 받습니다.
경상남도는 도민 예술단이 
지역 문화 예술을 육성하는 효과도
날 것으로 보고 있습니다.

#KBS창원 #KBS뉴스경남 #경남도민예술단

☞ KBS창원 뉴스 홈페이지 바로가기
http://changwon.kbs.co.kr/news

☞ KBS 창원 1TV 실시간(On-air) 방송 시청하기
http://kapi.kbs.co.kr/L/11_20

☞ KBS 창원 1TV VOD 조회하기 ""유튜브-KBS창원""
http://www.youtube.com/kbscwstation",UCUsCKdK1HlmBfAjaftDcEJw,KBS창원,2015-02-19T11:33:56Z,21,0.35,True,66.0,0.0,0.0,https://www.youtube.com/watch?v=gJLh6SVkhT4,675000,11811,PF250895,"국립합창단, 카르미나 부라나 [창원]",서양음악(클래식),3.15아트센터 대극장,2024-12-14,2024-12-14,,,,shard_7,review,"candidate work ""지정"" found but ambiguous among 3 instances",shorts
QhluiieihAA,"전석 매진의 신화✨발레, 백조의 호수 2018년 풀버전 ;  Swan Lake Ballet / Лебединое Озеро / Le lac des cygnes[광주시립발레단]","국립발레단 예술감독을 지낸 최태지 단장이 이끄는 
광주시립발레단의 발레공연 실황 풀버전 ✨
차이코프스키 3대 발레 중 하나로 고전발레의 진수를 느낄 수 있는 작품.

[2018년 8월 공연]

#광주시립발레단 #백조의호수 #언택트공연",UCRvrYUbatHPDc-snY-jCG0A,광주MBC,2019-04-10T04:30:00Z,7133,118.88,False,752529.0,5109.0,309.0,https://www.youtube.com/watch?v=QhluiieihAA,265000,11543,PF243885,"광주시립발레단 초청공연, 해설이 있는 발레",무용(서양/한국무용),광주북구문화센터 (양산도서관) 공연장,2024-07-19,2024-07-20,,,,shard_7,review,"candidate work ""백조의 호수"" found but ambiguous among 6 instances",general
Lsurd7jomj0,성탄 특집 광주시립발레단 '잠자는 숲 속의 미녀' The Sleeping beauty,"성탄 특집 광주시립발레단 제 127회 정기 공연 
차이콥스키 3대 발레 시리즈 세 번째 공연
*광주에서 20년만에 만나는 전막공연!
'잠자는 숲 속의 미녀'

주요 내용
 왕궁에서 오로라공주의 탄생을 축하는 세례식이 한창인데 식에 초대 받지 못한 마녀 카라보스가 공주가 16세가 되는 해 물레 바늘에 찔려 죽을 것이라 저주를 내린다.
마녀의 계략에 빠져 100간의 깊은 잠에 빠진 오로라공주!
 그녀를 깨울 용기있는 사람은 누구인가?

안무: 마리우스 프티바
음악: 표트르 차이콥스키

광주시립발레단 공연 
총연출: 최태지
재안무: 장운규, 전효정
협연:광주시립교향악단
객원지휘: 최승한

#발레 #잠자는숲속의공주 #차이코프스키",UCRvrYUbatHPDc-snY-jCG0A,광주MBC,2020-12-25T07:30:11Z,7122,118.7,False,68976.0,868.0,40.0,https://www.youtube.com/watch?v=Lsurd7jomj0,265000,11543,PF243885,"광주시립발레단 초청공연, 해설이 있는 발레",무용(서양/한국무용),광주북구문화센터 (양산도서관) 공연장,2024-07-19,2024-07-20,,,,shard_7,review,"candidate work ""잠자는 숲속의 미녀"" found but ambiguous among 7 instances",general
qqj3-c_Gu48,2018년 광주시립발레단 (백조의 호수) 홍보영상 1분 40초 소재,"2018년 7월 13일(금) ~ 15일(일)간, 광주문화예술회관 대극장에서 (백조의 호수)전막 공연을 합니다. 

광주문화예술회관 홈페이지 (http://gjart.gwangju.go.kr/cmd)",UCDacTW1C-MdaF4bd-38BpwQ,광주시립발레단,2018-06-21T08:11:35Z,104,1.73,False,1067.0,5.0,1.0,https://www.youtube.com/watch?v=qqj3-c_Gu48,28,3,PF243885,"광주시립발레단 초청공연, 해설이 있는 발레",무용(서양/한국무용),광주북구문화센터 (양산도서관) 공연장,2024-07-19,2024-07-20,,,,shard_7,review,"candidate work ""백조의 호수"" found but ambiguous among 6 instances",general
DHxeVXq5j74,광주시립발레단 백조의호수 연습현장_#생방송빛날,"광주시립발레단 백조의호수 연습현장_#생방송빛날

호두까기 인형, 잠자는 숲속의 미녀와 함께
차이콥스키의 3대 발레음악으로 평가받는
백조의 호수

70명의 단원이 4개월 동안 준비한 공연
놓치지 마세요

▶ 광주MBC 유튜브 구독하기 https://goo.gl/jbmus1
▶ 광주MBC뉴스 유튜브 구독하기 https://goo.gl/325xEt
▶ 광주MBC 공식 홈페이지 http://www.kjmbc.co.kr     
▶ 광주MBC 공식 페이스북 https://www.facebook.com/kjmbc    
▶ 광주MBC 공식 트위터 https://twitter.com/kjmbc_mbc
▶ 광주MBC 공식 인스타그램 https://www.instagram.com/kjmbc",UCRvrYUbatHPDc-snY-jCG0A,광주MBC,2018-07-10T07:22:19Z,252,4.2,False,5021.0,40.0,5.0,https://www.youtube.com/watch?v=DHxeVXq5j74,265000,11543,PF243885,"광주시립발레단 초청공연, 해설이 있는 발레",무용(서양/한국무용),광주북구문화센터 (양산도서관) 공연장,2024-07-19,2024-07-20,,,,shard_7,review,"candidate work ""백조의 호수"" found but ambiguous among 6 instances",general
azjgFDLdbZo,[서울남산국악당] 2019 천하제일 젊은 탈춤꾼들의 무도회  [가장무도-숨김과 드러냄] SPOT,"천하제일탈공작소X서울남산국악당
2019 서울남산국악당 우수공연공동기획
올 추석명절을 뒤흔들 멋진 탈춤꾼들이 온다!",UC31MfQSGbY8CzdX6XgC6xAw,남산골한옥마을,2019-08-23T04:26:58Z,35,0.58,True,216.0,4.0,0.0,https://www.youtube.com/watch?v=azjgFDLdbZo,2180,293,PF219436,연희도깨비 [남산국악당],한국음악(국악),서울남산국악당 크라운해태홀,2023-08-03,2023-08-05,,,,shard_7,review,"candidate work ""가장무도"" found but ambiguous among 2 instances",shorts
7StEAA5k6xA,가장무도 : 숨김과 드러냄,"가장무도

""풍편에 넌즛""이라는 탈춤의 대사처럼, 탈춤은 언뜻 들어 익숙한듯하지만 제대로 들여다본 적 없는 장르일 것입니다. 숨김으로서 여운을 남기고, 드러냄으로서 매력을 극대화하는 무대를 준비했습니다.

2019년 추석연휴를 가장무도와 함께, 제대로 보여주는 탈춤판과 함께, 서울남산국악당과 함께, 천하제일탈공작소와 함께 나쁜 기운을 물리치고 행복하고 건강한 시간이 되세요~

2019년 9월 14일(토) 오후2시, 5시 (2회 공연)
서울남산국악당 크라운해태홀
전석 20,000원
문의  서울남산국악당 02-2261-0500
예매바로가기  https://bit.ly/2M2Bs9W

#가장무도 #숨김과드러냄 #천하제일탈공작소 #서울남산국악당 #남산골한옥마을 #탈춤 #추석 #이것이탈춤이다",UCIJ4Yw2RlL_aCT0098pCspw,천하제일탈공작소,2019-08-28T06:53:14Z,201,3.35,False,670.0,11.0,0.0,https://www.youtube.com/watch?v=7StEAA5k6xA,1370,109,PF219436,연희도깨비 [남산국악당],한국음악(국악),서울남산국악당 크라운해태홀,2023-08-03,2023-08-05,,,,shard_7,review,"candidate work ""가장무도"" found but ambiguous among 2 instances",general
ELfjajnQlLM,인천#서구구립소년소녀합창단,#서구구립합창단,UCgdC7S0fWtZJ--6zGaieaBw,🌻임봉덕채널영상🌷,2023-05-31T16:57:30Z,212,3.53,False,471.0,4.0,0.0,https://www.youtube.com/watch?v=ELfjajnQlLM,5330,5454,PF276103,제21회 서구립소년소녀합창단 정기연주회 [인천],서양음악(클래식),인천서구문화회관 대공연장,2025-10-31,2025-10-31,,,,shard_7,review,"candidate work ""구구"" found but ambiguous among 2 instances",general
pf6zbsh6NXg,제7회 전국민주시민합창축전  '평화와 희망의 하모니 in 광주' 전체영상,"■광주전남 6·10민주항쟁 36주년 기념    제7회 전국민주시민합창축전
           '평화와 희망의 하모니 in 광주'

일시: 2023년 6월 17일(토)오후4시
장소: 광주교육대학교 풍향관 1층 , 에듀컬처(하정웅)아트홀

- 2022년에는 5.3민주항쟁을 기념하여 인천시에서 개최되었고,  2023년에는 ' 평화와 희망의 하모니 in  광주'라는 주제로 6·10민주항쟁 36주년을 기념하는 문화행사를 기획하여  광주에서 개최 전국에서 13개 합창단이 참가.",UCB0W6x2ZfVWsaFLPrAlIy9Q,사단법인광주전남6월항쟁,2023-09-13T00:29:45Z,6789,113.15,False,277.0,7.0,0.0,https://www.youtube.com/watch?v=pf6zbsh6NXg,121,48,PF239533,"광주시립합창단 기획연주회 Ⅳ: 5·18광주민주화운동 기념음악회, 광주합창제",서양음악(클래식),광주 예술의 전당 소극장,2024-05-16,2024-05-16,,,,shard_7,review,"candidate work ""하모니"" found but ambiguous among 2 instances",general
8MHYBn0CulE,[공연] AtoZ Ensemble 앙상블 아투지 정기연주회 - AtoZ Series I 'America',"[공연] AtoZ Ensemble 앙상블 아투지 정기연주회 - AtoZ Series I 'America'

-


Flute 서지원
Oboe 이정훈
Clarinet 박예실
Bassoon 정순민
Horn 유선경


(Piano 박진우)


-
2021년 9월 19일(일) 오후 2시 예술의전당 IBK챔버홀


주    최 : 영음예술기획
후    원 : 서울대학교, 연세대학교, 한국예술종합학교 동문회
입 장 권 : 전석 2만원 (초·중·고·대학생 50% 할인)
공연문의 : 영음예술기획 (02)581-5404 / www.iyoungeum.com
-


AtoZ Ensemble
앙상블 아투지(AtoZ Ensemble)는 A에서부터 Z까지, 즉 어떠한 한계를 두지 않고 예술의 다양함을 담는다는 의미에서부터 시작된다. 국내외에서 유능함을 인정받아 여러 무대에서 활발히 활동하고 있는 젊은 연주자들이 모여 새로운 음악적 시도와 연구 및 연주를 위하여 함께 뜻을 모아 탄생하였으며 폭넓은 연주력과 탄탄한 기획력을 바탕으로 실내악 분야에 신선한 활력을 불어넣어 줄 것이다. 


-
[PROFILE] Flute 서지원 
- 예원학교, 서울예고, 서울대학교 음악대학 졸업
- 독일 쾰른 국립음대 석사 과정 졸업
- 독일 프란츠리스트 바이마르 국립음대 최고연주자 과정 졸업
- 독일학술교류처(DAAD) 장학생 선발
- 코리안심포니, 수원시향, 강릉시향, 프라임필하모닉오케스트라 등 협연
- 현재 충남대, 가톨릭성음악아카데미, 예원학교, 서울예고, 강원예고 출강
       가일 플레이어즈, 루나퀸텟, 앙상블 아투지 멤버
-


[PROGRAM]
Leonard Bernstein (1918-1990) (arr. Don Stewart)
Candide Overture for Woodwind Quintet


Carl Nielsen (1865-1931)
Wind Quintet in A Major, Op.43


Júlio Medaglia (b.1938)
Belle Époque en Sud-America


George Gershwin (1898-1937) (arr. Reinhard Gutschy)         *Pf. 박진우
Rhapsody in Blue
.
.
**영상
비제 '카르멘 모음곡 제1번'
https://youtu.be/ymYajsvFMQI
.
.
#웹매거진allthatflute#올댓플루트#flute#플루트#플룻
.
#AtoZ_Ensemble #앙상블_아투지_정기연주회
.
#flutist서지원#플루티스트서지원


더 다양한 기사와 공연정보들을 http://www.allthatflute.com 에서 지금 확인하세요.",UCD7bAm0pNMhq44oK3qWEbkg,웹매거진allthatflute,2021-09-06T02:53:59Z,84,1.4,False,337.0,8.0,0.0,https://www.youtube.com/watch?v=8MHYBn0CulE,3110,1053,PF264928,대전시립교향악단 챔버 시리즈 Ⅱ: 클라리넷과 실내악,서양음악(클래식),대전예술의전당 앙상블홀,2025-06-20,2025-06-20,,,,shard_7,review,"candidate work ""지정"" found but ambiguous among 3 instances",general
0G8lDLZyjmE,웅장한 결혼식 뮤지컬축가를 하고싶다면? Do You Hear The People Sing! #뮤지컬웨딩 #뮤지컬축가 #레미제라블 #4인축가,"#뮤지컬웨딩#축가추천#뮤지컬축가#뮤지컬배우#축하공연#4인축가#뮤지컬웨딩문의#웨딩#공연#결혼#결혼식축가#특별한축가#축가이벤트#뮤지컬웨딩이벤트#레미제라블#shorts 

www.musicw.co.kr
02-547-2108
뮤지컬웨딩
카카오톡 musicalwd",UC0bVfOgG2xG2xDuP7Ii6O7Q,뮤지컬웨딩MusicalWedding,2022-07-27T01:30:00Z,51,0.85,True,1931.0,25.0,0.0,https://www.youtube.com/watch?v=0G8lDLZyjmE,109000,4754,PF290801,콧물끼리 [남양주],연극,남양주 어린이비전센터 다목적강당,2026-05-30,2026-05-30,,,,shard_7,review,"candidate work ""레미제라블"" found but ambiguous among 12 instances",shorts
b7502RL7v0Y,루드비히 밍쿠스의 돈 키호테 - 비엔나 오페라 발레단 │ 오르페오 채널,"루드비히 밍쿠스의 돈 키호테 - 비엔나 오페라 발레단



방송일시 ㅣ 11월 15일 월요일 오후 4시 45분



지휘 ㅣ 케빈 로도스
연주 ㅣ 빈 슈타츠오퍼 오케스트라
솔로 ㅣ 카밀 파벨카, 크리스토프 벤첼, 마리아 야콥레바




대리만족을 선사하는 발레
화려하고 이국적인 스페인의 춤

  창을 들고 풍차를 향해 돌진하는 돈 키호테! 스페인 극작가 세르반테스에 의해서 씌여진이 작품은 400년이 지나도록 전 세계에서 사랑을 받고 있고 1869년 고전발레의 아버지라 불리는 밍쿠스에 의해 발레로 탄생되었다. 스페인의 춤과 음악, 문화를 바탕으로 탄생한 돈 키호테의 안무는 스페인의 흥과 정열, 눈을즐겁게 하는 고난도 테크닉, 유쾌한 발레 마음 등 통통 튀는 매력으로 관람객들에게 대리만족을 선사하고 많은 사랑을 받는 작품이다.



 
#ORFEO #발레 #돈키호테



👉 오르페오TV의 방송제작, 광고·협찬 문의는 공식 메일로 보내주시기바랍니다. 
✉ info@music2watch.com 

오르페오 채널 안내📺
스카이라이프 144번
올레 KT 139번
LG유플러스 231번
SK브로드밴드 235번
딜라이브 232번
LG헬로비전 272번
HCN 228번

오르페오 채널 SNS 바로가기📱
홈페이지 http://www.orfeo-tv.com
트위터 http://www.twitter.com/ORFEO_TV
인스타그램 http://www.instargram.com/orfeo_tv
페이스북 http://www.facebook.com/ORFEO-TV-621230285190748
유튜브 http://www.youtube.com/c/ORFEOTV
네이버TV http://tv.naver.com/ORFEO_TV",UC9SUM7KuhhhRpwGdO11Wb_A,ORFEO TV,2021-11-13T04:00:08Z,75,1.25,False,1073.0,13.0,0.0,https://www.youtube.com/watch?v=b7502RL7v0Y,25400,1140,PF254412,"제139회 광주시립발레단 정기공연, 호두까기 인형",무용(서양/한국무용),광주 예술의 전당 대극장,2024-12-20,2024-12-21,,,,shard_8,review,"candidate work ""돈키호테"" found but ambiguous among 6 instances",general
sxN-mrJoAlc,소프라노 김성혜 Corolatura Aria 콘서트 / 오페라 '라크메'중 The Bell Song 'Air des clochettes'(L.Delibes 곡),"소프라노 김성혜 Corolatura Aria 콘서트 

일자 ; 2019년 11월 21일(목) 
장소 : 롯데콘서트홀
지휘 : 김덕기
바리톤 : 한명원 
코리아쿱 오케스트라
주최 : 아이뉴스24 
주관 : TOOLMUSIC

단 한번만이라도 김성혜의 노래를 들었다면 금세 그의 ‘포로’가 된다. 청아한 음색과 섬세한 해석, 그리고 화려하고 뛰어난 테크닉을 구사하는 콜로라투라 소프라노의 진수를 보여준다. 고음의 끝판왕! 그동안 국내외에서 보여준 김성혜의 활약은 이 별명 하나로 요약된다. 
오페라 데뷔는 로마에서 했다. 벨리니 ‘몽유병의 여인’으로 첫 무대에 오른 그는 마음을 움직이는 소리로 ‘최고의 아미나’라는 현지 언론의 찬사를 받았다. 국내에서는 국립오페라단 ‘마술피리’ 밤의 여왕 역으로 주목 받으며 “조수미를 연상케 하는 뛰어난 콜로라투라 소프라노”라는 극찬을 들었다. 이후 ‘리골레토’의 질다, ‘람메르무어의 루치아’의 루치아, ‘코지 판 투테’의 데스피나로 완벽 변신해 박수갈채를 받았다. 
김성혜의 음악 스펙트럼은 더 넓어져 한국오페라와 창작오페라 부문에서도 뛰어난 활약을 계속하고 있다. ‘춘향전’ 춘향 역뿐만 아니라 창작오페라 ‘천년의 사랑’ 천관녀 역, ‘청’ 심청 역 등을 맡아 관객을 ‘들었다 놨다’ 감동을 줬다. 특히 ‘청’에서 보여준 폭풍 노래와 연기는 국립극장을 눈물바다로 만들어 화제가 됐다.
김성혜는 이탈리아 로마의 산타체칠리아 국립음악원을 졸업했다. ‘이탈리아 제1의 소프라노’라는 레나타 스코토(Renata Scotto)의 지도하에 산타 체칠리아 아카데미아에서 오페라 전문과정과 성악 전문과정 디플로마를 취득했다. 또 로마 아카데미아에서는 ‘마지막 벨칸토의 계승자’로 불리는 마리엘라 데비아(Mariella Devia)에게 배우며 성악 전문과정 디플로마를 받았다. 
콩쿠르에서도 우수한 성적을 거뒀다. 처음으로 도전했더 ‘마리오 델 모나코 콩쿠르’ 1위 없는 2위를 시작으로, ‘줄리에타 시미오나토 콩쿠르’ 3위, ‘제로 레온카발로 콩쿠르’ 스페셜 상, ‘아테나 오페라 페스티벌 콩쿠르’ 3위, ‘포라나 리리카 콩쿠르’ 3위에 입상하는 등 주요 국제콩쿠르에서 실력을 인정받았다. 제4회 대한민국오페라대상 신인상과 2018년 대한민국브랜드대상 최우수예술가상을 수상했다. 현재 숙명여자대학교, 한세대학교, 동아방송예술대학교에 출강하며 한국과 유럽에서 활발하게 연주하고 있다.
  
지휘 김덕기
-서울예고, 단국대학교 피아노과 졸업
-밀라노 베르디 음악원, 치비카 무지카 피아노 및 지휘 전공 
-베르테르, 페도라, 두 사람의 포스카리 한국 초연
-'오페라 저널' 창간
-인천시향 부지휘자 역임
-예술의전당 오페라 페스티벌 지휘
-대한민국 오페라 50, 60, 70주년 기념연주회 지휘
-KBS교향악단, 서울시립교향악단, 코리안심포니, 프라임필, 일본 신세이교향악단, 니혼필, 동경도립교향악단, 그리스 데살로니카 국립교향악단 지휘
-서울대 지휘과 교수 정년 퇴임
현)국립오페라단 운영자문위원 및 예술의전당 심의위원

바리톤 한명원
-한국예술종합학교 졸업
-밀라노 베르디 국립음대 졸업
-문화관광부 선정 오늘의 젊은 예술가상
-2005-696호 문화관광부 표장 2001-6호
-제4회 잔 프랑코 마지니 국제 콩쿨 1등 및 베르디 특별상
-제7회 자코모 아라갈 국제 콩쿨 1등 및 청중상(특별상)
-제1회 까프라올로 국제 콩쿨 1등
-제7회 아싸미 국제 콩쿨 1등
-제33회 벨리니 국제 콩쿨 3등
-제22회 벨베데레 국제 콩쿨 3등
-제40회 베르디 국제 콩쿨 1등
-제37회 프란체스코 비냐스 국제 콩쿨 3등
현)안양대학교 인문예술대학 음악학부 교수

코리아쿱 오케스트라
-2014년 창단 
-“라 스칼라” '아이다1963' 공연
-포은아트홀 마티네콘서트 고정 참여
-머니투데이 음악회, CBS 아름다운 열정, 
유니버설 발레단 오네긴, 국립현대무용단 쓰리볼레로, 국립오페라단 루살카, 오페라 라 보엠, 가면무도회, 일 트로바토레, 베를린 코미셰오퍼 마술피리, 국립합창단 베르디 레퀴엠 등 정통 클래식 공연 참여
-필름콘서트 픽사 인 콘서트, 미녀와야수 인 콘서트, 스타워즈 인 콘서트, 
드림웍스 인 콘서트, 해리포터 인 콘서트
등 매년 90여회의 오페라, 발레 공연 등 다양한 공연 참여

Program
1부 
1. Delibes  The Bell Song (Air des clochettes)
   들리브의 오페라 '라크메'중 라크메의 아리아 (종의 아리아) 
2. R.Wagner  Prelude Act1   
   바그너의 오페라 '로엔그린' 1막 전주곡
3. W. Mozart k.418  Vorrei spiegarvi, oh Dio 
   모차르트의 콘체르토 아리아 “오, 신이시여, 당신에게 말할 수 있다면 ”
4. Rossini  Una voce poco fa  
   로시니의 오페라 '세빌리아의 이발사' 중 로지나의 아리아 “방금 들린 그 목소리” 
5. Intermezzo 간주곡
    F.Cilea  Act2  
    칠레아의 오페라 '아드리아나 르쿠브뢰르' 중 2막 간주곡            
    P.Mascagni 
    마스카니의 오페라 '카발레리아 루스티카나' 중 간주곡 
6. G. Verdi  Gualtier Malde...Caro nome 
   베르디의 오페라 '리골레토' 중 질다의 아리아 “그리운 그 이름”
7. G. Verdi Tutte le feste al tempio ....`Si, vendetta 
   베르디의 오페라 '리골레토' 중 리골레토와 질다의 이중창 “주일날 교회에 다녀와서...그래, 복수다”


                            - INTERMISSION -

2부
1. J. Offenbach  Olympia “Les Oiseaux dans la charmille” 
   오펜바흐의 오페라 '호프만의 이야기' 중 올림피아의 아리아 (인형의 노래) “새들은 나뭇가지 사이에”
2. V. Bellini  Ah! non credea mirarti , Ah! non giunge uman pensiero
   벨리니 오페라 '몽유병의 여인'중 아미나의 아리아 “아, 믿을 수 없어라, 아, 알 수 없는 인간의 생각이여”
3.  G. Puccini    
   푸치니의 오페라 '마농 레스코' 3막 간주곡
   Three Great Mad scenes (광란의 아리아들)
4. Thomas 'Hamlet' Ophelie ? A vos jeux, mes amis  
   토마스의 오페라 '햄릿' 중 오필리아의 아리아 “당신들의 놀이에, 친구들이여” 
5. U. Giordano  - Nemico della Patria 
   조르다노의 오페라 '안드레아 세니에' 중 제라르의 아리아 “조국의 적이라니”
6. G. Donizetti Il dolce suono... (Mad Scene) 
   도니체티의 오페라 '람메르무어의 루치아' 중 루치아의 아리아 “달콤한 목소리,,, (광란의 아리아)

 앵콜
Italian Street Song operetta 'Naughy Marietta'(V. hervert 곡) 
보리밭(박화목 시. 윤용하 곡) 

영상. 사진 촬영편집제작 / 김문기_김문기의 포토랜드
http://blog.daum.net/photokin
phone 010-5273-2309",UC9mTG7yvizKx21dB8unxzNQ,김문기의 포토랜드 Kim Moon-gi's Photoland,2020-01-22T16:32:19Z,567,9.45,False,2242.0,33.0,4.0,https://www.youtube.com/watch?v=sxN-mrJoAlc,15600,10572,PF278073,"제20회 광주시립오페라단 정기공연: 푸치니, 오페라: 라 보엠 [광주]",서양음악(클래식),광주 예술의 전당 대극장,2025-12-05,2025-12-06,,,,shard_8,review,"candidate work ""국립오페라단, 마술피리"" found but ambiguous among 9 instances",general
j04BYYDXHz4,부산시립극단  제1기 어린이 뮤지컬 아카데미 공연 ‘피터팬’,"부산시립극단  제1기 어린이 뮤지컬 아카데미 공연 ‘피터팬’
제1기 어린이 뮤지컬 아카데미 어린이 배우 모집 
 ▸ 모집대상 : 부산시 소재 초등학교 3학년 ~ 중학교 2학년
 ▸ 모집인원 : 20명 
 ▸ 참가조건 : 연습일정 및 공연 참가에 성실히 참여 가능한 어린이",UCeySqDu5BowY_RD5sVYIYug,부산시립예술단TV,2019-11-05T10:40:44Z,87,1.45,False,717.0,16.0,2.0,https://www.youtube.com/watch?v=j04BYYDXHz4,2630,551,PF283897,"부산시립극단 특별공연 어린이 뮤지컬 아카데미, 오즈의 마법사 [부산]",뮤지컬,부산문화회관 중극장,2026-02-28,2026-03-01,,,,shard_8,review,"candidate work ""피터팬"" found but ambiguous among 3 instances",general
eeyMHGVz2Sk,[문화가 있는 날] 극단고도 어린이뮤지컬 「피터팬」,"9월 문화가 있는 날
지난 해 가장 인기있었던 공연들을 모아모아!
다양한 장르들의 공연을 여러분께 선물합니다🥰

#문화가있는날 #웃는얼굴아트센터
#극단고도 #피터팬",UCXEGsw_Gvl4mMAeHzKOseaA,달서아트센터 DSAC,2021-09-29T05:21:03Z,2982,49.7,False,5794.0,26.0,8.0,https://www.youtube.com/watch?v=eeyMHGVz2Sk,953,161,PF283897,"부산시립극단 특별공연 어린이 뮤지컬 아카데미, 오즈의 마법사 [부산]",뮤지컬,부산문화회관 중극장,2026-02-28,2026-03-01,,,,shard_8,review,"candidate work ""피터팬"" found but ambiguous among 3 instances",general
6NENy7k6EZ0,마스크플레이 뮤지컬 피터팬,"2011년 10개 도시 투어, 2012년 7개 도시 투어
전국 10만 관객이 선택한 최고의 작품!",UCo8a58HWYmfDVzUH1q8UZnA,문화콩,2013-11-19T02:20:55Z,33,0.55,True,726.0,1.0,0.0,https://www.youtube.com/watch?v=6NENy7k6EZ0,79,84,PF283897,"부산시립극단 특별공연 어린이 뮤지컬 아카데미, 오즈의 마법사 [부산]",뮤지컬,부산문화회관 중극장,2026-02-28,2026-03-01,,,,shard_8,review,"candidate work ""피터팬"" found but ambiguous among 3 instances",shorts
HmTvuF-YSXI,자라지 않는 소년 #김지온 피터팬 🍃 | ‪#후크 스페셜 커튼콜‬,,UCL3Jgns7qOppTzr7EPHVGGQ,Marshy_mellow  ,2023-09-24T09:05:56Z,25,0.42,True,649.0,,0.0,https://www.youtube.com/watch?v=HmTvuF-YSXI,142,406,PF283897,"부산시립극단 특별공연 어린이 뮤지컬 아카데미, 오즈의 마법사 [부산]",뮤지컬,부산문화회관 중극장,2026-02-28,2026-03-01,,,,shard_8,review,"candidate work ""피터팬"" found but ambiguous among 3 instances",shorts
pV_4sUSxIpo,영상공연 하일라이트!! 건강한 피터팬의 튼튼모험!!,"코로나 19로 공연장을 찾기 어려운 어린이친구들을 위해 
인형컴이 영상 공연으로 찾아갑니다. 많은 관심과 기대 부탁드립니다.

#생활습관동요 #비대면온라인공연#뮤지컬인형극 #puppet #인형극 #어린이뮤지컬

인형컴엔터테인먼트
tel : 02-891-3707, 010-7648-2272
e.mail : puppet21@naver.com

🧸유튜브 https://www.youtube.com/channel/UCQnS...
🧸인스타그램 https://instagram.com/imdoll_2020?igs...
🧸블로그 https://blog.naver.com/bruceoh501
🧸공식사이트 http://www.puppet21.net/",UCQnSsBayarlpxARJrdGY6pQ,인형컴 _ 아임돌TV [I`m Doll TV],2020-07-23T05:00:15Z,495,8.25,False,7855.0,22.0,0.0,https://www.youtube.com/watch?v=pV_4sUSxIpo,726,60,PF283897,"부산시립극단 특별공연 어린이 뮤지컬 아카데미, 오즈의 마법사 [부산]",뮤지컬,부산문화회관 중극장,2026-02-28,2026-03-01,,,,shard_8,review,"candidate work ""피터팬"" found but ambiguous among 3 instances",general
kFOwc1zAzNM,2018 나주시립소년소녀합창단 피터팬 뮤지컬,공연사진모음 영상,UCBADLqx5qR2RGMa6OSXBTqg,뮤직클래스Young,2019-06-15T12:37:26Z,211,3.52,False,539.0,7.0,1.0,https://www.youtube.com/watch?v=kFOwc1zAzNM,70,29,PF283897,"부산시립극단 특별공연 어린이 뮤지컬 아카데미, 오즈의 마법사 [부산]",뮤지컬,부산문화회관 중극장,2026-02-28,2026-03-01,,,,shard_8,review,"candidate work ""피터팬"" found but ambiguous among 3 instances",general
Bla7l1pYleo,"뮤지컬 ""피터팬과 후크선장"" 제28회 남원시립소년소녀합창단 정기공연",,UCo4E8qA2SZPdKmzwn6dolBA,Jungeun Shin,2022-08-31T00:47:41Z,3761,62.68,False,628.0,9.0,1.0,https://www.youtube.com/watch?v=Bla7l1pYleo,4,1,PF283897,"부산시립극단 특별공연 어린이 뮤지컬 아카데미, 오즈의 마법사 [부산]",뮤지컬,부산문화회관 중극장,2026-02-28,2026-03-01,,,,shard_8,review,"candidate work ""피터팬"" found but ambiguous among 3 instances",general
wI26RIS18Vg,28년간 아름다운 하모니를 이어온 동구 고운매합창단 정기연주회,"동구가 지역 문화예술 발전을 위해 1995년 창단한
#고운매합창단 은 지금까지 200회 이상 공연을 펼쳐 
대전 문화예술 발전에 톡톡히 기여하고 있습니다.👍

11월 24일 열린 제25회 정기연주회에서
고운매합창단이 들려주는 아름다운 하모니!
같이 감상하시겠습니다.😊🎵",UCALjl6QB-X8HzrcnPNzWM8A,동구U_대전 동구 공식 채널,2022-11-25T02:08:35Z,110,1.83,False,779.0,38.0,13.0,https://www.youtube.com/watch?v=wI26RIS18Vg,7930,577,PF271379,제200회 광주시립합창단 정기연주회 [광주],서양음악(클래식),광주 예술의 전당 대극장,2025-09-05,2025-09-05,,,,shard_8,review,"candidate work ""하모니"" found but ambiguous among 2 instances",general
HhzCZGVdFDw,동아방송예술대학교 공연예술계열 연극전공 우리읍내 커튼콜,,UCE8WS2bFDtPvy4kdBXpSa_Q,전이재,2019-10-25T16:23:36Z,38,0.63,True,631.0,4.0,0.0,https://www.youtube.com/watch?v=HhzCZGVdFDw,376,465,PF216757,12인의 성난 사람들 [안산],연극,안산문화예술의전당 달맞이극장,2023-06-23,2023-06-24,,,,shard_8,review,"candidate work ""우리읍내"" found but ambiguous among 3 instances",shorts
v-tdv9eM3D0,2018 남양주시립예술단 신춘음악회,"남양주에 싱그러운 봄이 왔음을 알리는 신춘음악회가 열렸습니다.
남양주시립예술단은 8일 오남체육문화센터에서 아름다운 합창으로 봄을 맞이했는데요. 

2회째를 맞이하는 이번 음악회는 2018년 정규 첫 공연으로 남양주시립합창단, 시립소년소녀합창단과 남양주윈드오케스트라가 함께 다양한 장르를 선보이는 자리였습니다. 

먼저 남양주시립합창단이 뮤지컬 ‘오페라의 유령’의 The Phantom of opera로 음악회 문을 열었고 시립소년소녀합창단의 아침의 노래, 남양주윈드오케스트라의 오페라 ‘박쥐’ 서곡 등으로 구성되어 90분간 진행됐는데요. 

시민참여형 문화예술도시를 만들어가는 남양주시는 신춘음악회, 찾아가는 문화나들이, 시민합창페스티벌 등 다양한 문화행사를 펼쳐온 만큼 앞으로도 시민 누구나 집 앞 10분거리에서 문화를 향유할 수 있는 문화텐미닛 남양주를 응원합니다.  


홈페이지 : https://www.ntv.go.kr
페이스북 : https://www.facebook.com/ntvgokr",UCZFTAP8J_0xEjjhreKMHa4A,남양주시•남양주TV,2018-03-09T08:37:52Z,74,1.23,False,368.0,3.0,0.0,https://www.youtube.com/watch?v=v-tdv9eM3D0,28200,4203,PF280561,남양주시립예술단 송년음악회,서양음악(클래식),남양주체육문화센터 실내체육관,2025-12-13,2025-12-13,,,,shard_9,review,"candidate work ""남양주시립예술단 신춘음악회"" found but ambiguous among 3 instances",general
gh_p5ptsN1M,남양주 시립예술단 신춘음악회,"2017년 3월 10일
호평체육문화센터에서 열린 남양주 시립예술단 신춘음악회
공연 영상 입니다.",UCZFTAP8J_0xEjjhreKMHa4A,남양주시•남양주TV,2017-03-13T07:36:37Z,6227,103.78,False,2071.0,18.0,2.0,https://www.youtube.com/watch?v=gh_p5ptsN1M,28200,4203,PF280561,남양주시립예술단 송년음악회,서양음악(클래식),남양주체육문화센터 실내체육관,2025-12-13,2025-12-13,,,,shard_9,review,"candidate work ""남양주시립예술단 신춘음악회"" found but ambiguous among 3 instances",general
Hh1WpOB6wkQ,국립국악원 토요명품공연[2016.06.11.] 06. 농악 판굿 '웃다리농악',"06. 농악 판굿 '웃다리농악'
판굿은 판을 벌여놓고 농악을 연주하는 이른바 ‘판놀음’을 지칭한다. 20세기 이후 풍물굿이 마을 공동체 단위를 벗어나 전문적인 예인들에 의해 재편되었고, 특히 전국 규모의 대회ㆍ행사에 맞춘 형태로 재구성되면서, 제의와 상징으로서의 성격보다는 놀이적 연희형태의 판굿으로 강화되었다. 
풍물굿의 지역적 특성이 전승되고 있기 때문에, 오늘날 판굿은 구성을 어떻게 하느냐에 따라 다양한 형태의 양식을 갖출 수 있다. 풍물(농악)은 2014년 11월 27일, 유네스코 인류무형문화유산으로 등재되었다.

 ○ 꽹과리/이홍구·오영환, 태평소/장수호, 징/박은하·박상인, 장구/남기문·김수용, 북/최병삼·백진석
 ○ 상모/이대원·강병혁·임용남·유지형·이동주(객원)·조만희(객원)·김희수(객원)·나현철(객원)

○  주최 및 촬영/국립국악원[National Gugak Center]",UCmN4xFSlmWw-_d2riM-ep0A,국립국악원 National Gugak Center,2016-06-16T00:52:11Z,1073,17.88,False,348349.0,2624.0,189.0,https://www.youtube.com/watch?v=Hh1WpOB6wkQ,72700,3576,PF270512,"국립국악원 창작악단 정기공연, 전통의 재발견 Ⅵ",한국음악(국악),국립국악원 예악당,2025-09-25,2025-09-26,,,,shard_9,review,"candidate work ""토요명품"" found but ambiguous among 2 instances",general
sxrHMohNju8,"마스터즈시리즈7 ""전원속의 브람스""","ㅇ 대전시립교향악단 마스터즈시리즈 7 ""전원속의 브람스""
ㅇ 2021년 7월 18일(일) 17:00, 대전시립연정국악원 큰마당
ㅇ객원지휘 _ 이병욱(인천시향 예술감독)
     트 럼 펫 _ 임승구
 ㅇ프 로 그 램 
     하차투리안 _ 「스파르타쿠스 모음곡 제2번」 중 
                         ‘스파르타쿠스와 프리지아를 위한 아다지오’ 
     아르투니안 _ 트럼펫 협주곡 내림 가장조
      브람스 _ 교향곡 제2번 라장조, 작품 73",UCkAcL7zFwLDVd5t-B4xQFzg,대전시립교향악단Daejeon Philharmonic Orchestra,2021-07-12T01:17:17Z,39,0.65,True,324.0,4.0,0.0,https://www.youtube.com/watch?v=sxrHMohNju8,1020,89,PF232384,"대전시립교향악단 마스터즈 시리즈1, 신년음악회",서양음악(클래식),대전예술의전당 아트홀,2024-01-12,2024-01-12,,,,shard_9,review,"candidate work ""브람스"" found but ambiguous among 2 instances",shorts
e2INVQjX3iY,"수원시립공연단 제17회 정기공연 연극 '바람, 다녀가셔요' 하이라이트","수원시립공연단 제17회 정기공연 연극 '바람, 다녀가셔요' 하이라이트

공연정보
일시: 5월 27일(금) 19:30
5월 28일(토) 15:00 19:00
5월 29일(일) 15:00
장소: 수원SK 아트리움
출연진: 이순재, 손숙, 배상돈, 황세원, 이경 외",UCk4FvI5x1lH1p5IPfmb1tLg,수원시립공연단,2022-07-22T01:00:10Z,168,2.8,False,272.0,6.0,0.0,https://www.youtube.com/watch?v=e2INVQjX3iY,294,71,PF248417,회란기 [수원],연극,수원SK아트리움 대공연장,2024-10-12,2024-10-13,,,,shard_9,review,"candidate work ""바람, 다녀가셔요"" found but ambiguous among 3 instances",general
sLmOWKuArD4,211113 아가사 무대인사 (f. 안지환),,UCcTdn_5qZG2IhSerbCyhO1g,Alpha,2021-11-13T19:48:54Z,626,10.43,False,25.0,1.0,0.0,https://www.youtube.com/watch?v=sLmOWKuArD4,8,43,PF251670,렛미플라이 [의성],뮤지컬,의성문화회관,2024-10-31,2024-11-01,,,,shard_9,review,"candidate work ""아가사"" found but ambiguous among 4 instances",general
Vz1p5PWAJ3g,[OST] 2022 이화미디어고 연극제 피터팬,"[피터팬]
영원한 아이들의 나라, 네버랜드로!

소녀가장으로 동생들과 힘겹게 살아가는 '웬디'. 꿈과 미래가 막막한 '웬디'에게 '피터팬'이 찾아온다. '웬디'는 '피터팬'과 네버랜드를 여행하며 해방감을 느낀다.

""지금 이 순간을 기억해. 무지개가 뜰 그날까지.""

이화여자대학교병설미디어고등학교 연극반 OST
17, 18기 공동제작
각본 박시연 이수빈
연출 박시연
조연출 박지효
배우 권채영 김나린 김태희 안채영 유현지 이서연 이수빈 이하선 전주연 정윤채
음향 조민서 조유진 하유빈
조명 김다빈
무대디자인 김이엘 안하은 이윤서 조가은 추예빈
편집 김태희",UCyyevDO3CZYCvO6Bkr8E1aw,[OST] 이화미디어고 연극부,2023-03-17T00:00:15Z,1583,26.38,False,670.0,28.0,6.0,https://www.youtube.com/watch?v=Vz1p5PWAJ3g,46,6,PF293161,잠자는 숲속의 미녀 [금산],무용(서양/한국무용),금산다락원 생명의집 대공연장,2026-06-25,2026-06-25,,,,shard_9,review,"candidate work ""피터팬"" found but ambiguous among 3 instances",general
RxH2Zu5eJVU,광명시립합창단 뮤지컬 레 미제라블 커튼콜 20190314(영상1),"2019.03.14
광명시립합창단- 뮤지컬 [ 레 미제라블 ]- 커튼콜(영상1)

#광명시립합창단#뮤지컬#레미제라블",UCbPI5RvZclI1H0OYCkzmGyg,Christine Ryu류원경,2020-08-29T20:09:15Z,122,2.03,False,86.0,2.0,,https://www.youtube.com/watch?v=RxH2Zu5eJVU,495,1688,PF241892,제21회 남양주시립합창단 정기연주회: 모차르트 레퀴엠,서양음악(클래식),다산아트홀,2024-06-11,2024-06-11,,,,shard_9,review,"candidate work ""레미제라블"" found but ambiguous among 12 instances",general
VC0H7XaFzAk,2020 익산시립무용단 제40회 정기공연 무풍천리,"2020 익산시립무용단 제40회 정기공연 무풍천리

#익산 #익산시 #시립무용단 #무풍천리",UC2oz_Gh__7Z8xL3ykgG9eKg,익산시 공식 유튜브,2020-09-18T01:14:24Z,7114,118.57,False,3793.0,81.0,19.0,https://www.youtube.com/watch?v=VC0H7XaFzAk,14200,1540,PF251994,"국립무용단, 산조 [익산]",무용(서양/한국무용),익산예술의전당 대공연장,2024-11-30,2024-11-30,,,,shard_9,review,"candidate work ""무풍"" found but ambiguous among 4 instances",general
vudOyGWwOlw,국립국악원 토요명품공연 [2019.08.10.],"07. 한량무(임이조류)
 ○ 무용/김진우, 태평소/이재혁, 사물/이홍구·오영환·박은하·이대원


○ 해당공연 및 다양한 자료를 보시려면 https://archive.gugak.go.kr/portal/main 로 이동하십시요.
○ 주최 및 촬영/국립국악원[National Gugak Center]",UCmN4xFSlmWw-_d2riM-ep0A,국립국악원 National Gugak Center,2019-10-25T05:09:22Z,549,9.15,False,2728.0,38.0,1.0,https://www.youtube.com/watch?v=vudOyGWwOlw,72700,3576,PF272322,"국립남도국악원 토요상설, 국악이 좋다: 전통의 숨결",한국음악(국악),국립남도국악원 진악당,2025-09-20,2025-09-20,,,,shard_9,review,"candidate work ""토요명품"" found but ambiguous among 2 instances",general
RNkcOOkFlWg,부여군충남국악단 (2020.8.2 - CMB충청방송 캡쳐),부여군충남국악단 (2020.8.2 - CMB충청방송 캡쳐),UC_9bNeTmZhkzpL_hCz-hq0g,만땅이오,2020-12-31T02:00:59Z,3382,56.37,False,416.0,9.0,0.0,https://www.youtube.com/watch?v=RNkcOOkFlWg,2310,1161,PF260121,"부여군충남국악단, 토요상설 국악공연",한국음악(국악),부여국악의전당,2025-03-01,2025-10-25,,,,shard_0,confirmed,"signal_scorer: verified->review 재검토 필요 (날짜 불일치 감지, 자동삭제 아님)",general
kQ8zAm1s3f0,"발레 호두까기인형, 호두까기인형과 할아버지 춤 - 국립발레단 (The Nutcracker, The Nutcracker and Grandfather dance), 2019.12.25","국립발레단, 호두까기인형
2019.12.25
호두까기인형과 할아버지의 춤

드로셀마이어 : 송정빈
호두까기인형 : 리유 콜레트
어린 마리 : 안희주
----------------
Korean National Ballet, The Nutcracker
2019.12.25
The Nutcracker and Grandfather dance

Drosselmeyer : Jungbin Song
Nutcracker doll : Colette Rieu
Marie : Heeju Ahn",UCyxHFuLDszEV2j7Uy3FuVjQ,Ballet Log,2021-12-19T12:43:20Z,185,3.08,False,192609.0,691.0,29.0,https://www.youtube.com/watch?v=kQ8zAm1s3f0,2300,97,PF278512,"국립발레단, 호두까기인형 [서울 서초]",무용(서양/한국무용),예술의전당 [서울] 오페라극장,2025-12-13,2025-12-25,,,,shard_1,confirmed,"signal_scorer: verified->review 재검토 필요 (날짜 불일치 감지, 자동삭제 아님)",general
zbdbS3KqDo4,"J. Strauss I: Radetzky March, Op. 228 - 정한결지휘자 Hangyul Chung | 제61회 인천 시민의 날 & IFEZ 개청 22주년 기념음악회","2020.10.15 
#인천시립교향악단 #인천시민의날 
#정한결지휘자 #지휘정한결 #정한결
#incheon  #philharmonic  #orchestra #radetzkymarch",UCvGe2WvsqEmtxEewWo13OjQ,한결같이_from2024,2025-10-16T07:32:09Z,157,2.62,False,851.0,14.0,1.0,https://www.youtube.com/watch?v=zbdbS3KqDo4,109,28,PF273996,제61회 인천 시민의 날 & IFEZ 개청 22주년 기념음악회,복합,아트센터 인천 콘서트홀,2025-10-15,2025-10-15,,,,shard_1,confirmed,"signal_scorer: verified->review 재검토 필요 (날짜 불일치 감지, 자동삭제 아님)",shorts
uhrd1DYjqnM,MUSICAL 어린이 뮤지컬 장수탕 선녀님 커튼콜 - ﻿﻿한소희/김채은/백지예/박나연/한혜란/유선봉,"*커튼콜 촬영 가능

2022/3/25
K-MUSICAL 어린이 뮤지컬 장수탕 선녀님 커튼콜
﻿﻿한소희/김채은/백지예/박나연/한혜란/유선봉
서울숲 씨어터 2관",UC6_8FcuWvXfxpH0Y9mLbQLQ,j,2022-03-25T16:30:09Z,284,4.73,False,118539.0,299.0,0.0,https://www.youtube.com/watch?v=uhrd1DYjqnM,1390,2342,PF288098,장수탕 선녀님 [의정부],뮤지컬,의정부예술의전당 대극장,2026-05-23,2026-05-23,,,,shard_1,confirmed,"signal_scorer: verified->review 재검토 필요 (날짜 불일치 감지, 자동삭제 아님)",general
df_p_47c7wU,🎬2부 열살 가장 파랑새 희진이...33살 엄마가 희귀병을 얻고 모든 걸 내려놓으려 할 때 희망을 위해 버팀목이 되기로 한 가족.. #인간극장 | KBS 2002.03.11,"🎬2부 열살 가장 파랑새 희진이...33살 엄마가 희귀병을 얻고 모든 걸 내려놓으려 할 때 희망을 위해 버팀목이 되기로 한 가족.. #인간극장 |열살 파랑새의 꿈| | KBS 2002.03.11

- 모든 출연자 분들에게 따듯한 댓글 부탁드립니다~*
- 영상 방송 시점에 따라 현 상황과 내용이 다소 다를 수 있습니다.
- 인신공격 및 부적절한 내용의 댓글은 사전예고 없이 삭제될 수 있으니 양해 부탁드립니다.

Copyright ⓒ KBS. All rights reserved. 무단 전재, 재배포 및 이용(AI 학습 포함) 금지

——————————————————————————
🏃‍♂️🏃‍♀️💨
▪︎ 황신혜의 같이삽시다
 매주 수요일 ✅ KBS1 오후 7시 40분 방송🔥

#같이삽시다#인간극장#육아#가장#희귀병#난치병#감동
KOREAN LIFE",UCp3Vy7dFjIheDLbMekpdMQw,KBS 같이삽시다,2026-04-25T05:00:40Z,3194,53.23,False,7724.0,101.0,14.0,https://www.youtube.com/watch?v=df_p_47c7wU,1900000,12174,PF245031,파랑새 [제주],연극,제주아트센터 대극장,2024-08-02,2024-08-03,,,,shard_1,confirmed,"signal_scorer: verified->review 재검토 필요 (날짜 불일치 감지, 자동삭제 아님)",general
WElqQDUILFM,[풀버전] 도시의 편리함을 버리고 첩첩산중으로 간 경호 씨네 동물 가족. 날마다 소소한 행복을 발견한다 | 파랑새를 보았나요 | KBS 인간극장 2013 방송,"'이보다 더 좋을 순 없다.' 깊은 골짜기 아래, 눈이 오면 하얀 설국으로 변하는 파랑골. 그곳엔 경호 씨네와 동물 가족이 산다. ""이렇게 행복해도 되는 걸까?"" 파랑새를 만나 매일 행복을 누리는 경호 씨네. 도시의 편리함을 버리고 첩첩산중으로 와 날마다 소소한 행복을 발견한다.

00:00:00 1부
00:31:56 2부
01:02:49 3부
01:33:38 4부
02:04:00 5부

몇 번의 파양 끝에 김 씨네 둘째 딸이 된 폴란드 소녀. 9살 진돗개 장덕이와 함께 여수를 거닐다
👉 https://youtu.be/ZADCkdBeqfs?feature=shared

**출연진을 향한 심한 욕설은 사전 예고 없이 삭제될 수 있습니다.

※ 회차 정보 : 인간극장 - 파랑새를 보았나요 (2013.01.28. ~ 2013.02.01. 방송)
#강아지 #애니멀포유 #인간극장레전드 #인간극장 #개 #반려견 #반려동물 #동물 #동물다큐 #시골 #꼬물이 #아깽이 #닭 #오리 #칠면조",UCAhKKbDO9-ymWZ_7iAFLBQQ,KBS동물티비 : 애니멀포유 animal4u,2024-01-28T06:00:12Z,9280,154.67,False,518740.0,3908.0,149.0,https://www.youtube.com/watch?v=WElqQDUILFM,1570000,6721,PF245031,파랑새 [제주],연극,제주아트센터 대극장,2024-08-02,2024-08-03,,,,shard_1,confirmed,"signal_scorer: verified->review 재검토 필요 (날짜 불일치 감지, 자동삭제 아님)",general
Ehzcx3Qr32A,[2022 사의찬미] 음원 공개 ♬난 그런 사랑을 원해,"[뮤지컬 사의찬미]
🎵 음원 공개
M. 난 그런 사랑을 원해

""밤에도 낮에도 나 사랑을 속삭일래""

윤심덕 #김려원 #이정화 #이지수
_
2022.5.16-7.24
대학로 TOM 1관",UCeaSBnC3rK4QW-Tpbtgm5rg,네오프로덕션,2022-05-03T05:30:34Z,219,3.65,False,326579.0,1926.0,55.0,https://www.youtube.com/watch?v=Ehzcx3Qr32A,4540,190,PF274947,사의찬미 [의정부],뮤지컬,의정부예술의전당 대극장,2025-11-28,2025-11-29,,,,shard_10,confirmed,"signal_scorer: verified->review 재검토 필요 (날짜 불일치 감지, 자동삭제 아님)",general
1DHQ8ig7Vfg,[2022 사의찬미] 음원 공개 ♬저 바다에 쓴다,"[뮤지컬 사의찬미]
🎵 음원 공개
M. 저 바다에 쓴다

""저 하늘에 쓴다. 새로운 결말
적막 속에서 생명을 노래하라""

김우진 #진태화 #임준혁 #홍승안
_
2022.5.16-7.24
대학로 TOM 1관",UCeaSBnC3rK4QW-Tpbtgm5rg,네오프로덕션,2022-05-03T05:30:11Z,144,2.4,False,286227.0,1504.0,26.0,https://www.youtube.com/watch?v=1DHQ8ig7Vfg,4540,190,PF274947,사의찬미 [의정부],뮤지컬,의정부예술의전당 대극장,2025-11-28,2025-11-29,,,,shard_10,confirmed,"signal_scorer: verified->review 재검토 필요 (날짜 불일치 감지, 자동삭제 아님)",general
t_ib72tXJ04,오지게 재밌는 가시나들 '공부' 넘버 공개!,"님들… 이거 한번에 됨?
ㄱㅋㅌㅋㅌㅍㅎ
뮤배들이라 그런지 딕션 오지네ㄷㄷ

한글 배우는 80대 할머니들 이야기라는데
다큐 '칠곡가시나들'을 뮤지컬로 만든거래
추운 겨울에 엄마랑 할머니랑 보러가면 맘 따수울 듯
.
.
.
📖👵🏻뮤지컬 #오지게재밌는가시나들 
2025.02.11~2025.02.27
국립극장 하늘극장",UCQnMBdSbqtXAcaW0frD1rvg,콘텐츠제작사라이브,2024-12-19T09:11:21Z,45,0.75,True,1072.0,30.0,1.0,https://www.youtube.com/watch?v=t_ib72tXJ04,13400,936,PF265834,오지게 재밌는 가시나들 [칠곡],뮤지컬,칠곡군교육문화회관 대공연장,2025-06-26,2025-06-26,,,,shard_10,confirmed,"signal_scorer: verified->review 재검토 필요 (날짜 불일치 감지, 자동삭제 아님)",shorts
XKWbfzv3tuk,할미가 아빠한테 쓴 시.눈물 좔좔_오지게 재밌는 가시나들,"찐 사랑은 이런걸까..?
할미가 아빠한테 쓴 시
나도 갑자기 엄마 보고싶다 ㅠㅠㅠㅠ
계실때 잘하자 얘들아@@
.
.
.
📖👵🏻뮤지컬 #오지게재밌는가시나들 
2025.02.11~2025.02.27
국립극장 하늘극장",UCQnMBdSbqtXAcaW0frD1rvg,콘텐츠제작사라이브,2024-12-26T23:00:22Z,55,0.92,True,3720.0,58.0,0.0,https://www.youtube.com/watch?v=XKWbfzv3tuk,13400,936,PF265834,오지게 재밌는 가시나들 [칠곡],뮤지컬,칠곡군교육문화회관 대공연장,2025-06-26,2025-06-26,,,,shard_10,confirmed,"signal_scorer: verified->review 재검토 필요 (날짜 불일치 감지, 자동삭제 아님)",shorts
1Sp9ve12Ft4,시를 쓰면 소녀가 되...오지게 재밌는 가시나들,"감수성 충만,,  F력 충만,, 
시는 어디에나 있ㄷr…✨
얘들아 우리도 시 한번 써볼까@@
.
.
.
📖👵🏻뮤지컬 #오지게재밌는가시나들 
2025.02.11~2025.02.27
국립극장 하늘극장",UCQnMBdSbqtXAcaW0frD1rvg,콘텐츠제작사라이브,2025-01-05T23:00:01Z,21,0.35,True,1258.0,15.0,0.0,https://www.youtube.com/watch?v=1Sp9ve12Ft4,13400,936,PF265834,오지게 재밌는 가시나들 [칠곡],뮤지컬,칠곡군교육문화회관 대공연장,2025-06-26,2025-06-26,,,,shard_10,confirmed,"signal_scorer: verified->review 재검토 필요 (날짜 불일치 감지, 자동삭제 아님)",shorts
FxdERg4us-k,"뮤지컬 오지게 재밌는 가시나들 - M11. 닭 (김아영, 김지철)","2026.06.10 밤
뮤지컬 오지게 재밌는 가시나들
스페셜 커튼콜 M11.화상
영란 #김아영
손주 #철석구",UCMeoXyideGysA7DgJ35mdtQ,연뮤연뮤팡,2026-06-10T15:30:10Z,331,5.52,False,370.0,10.0,2.0,https://www.youtube.com/watch?v=FxdERg4us-k,505,506,PF265834,오지게 재밌는 가시나들 [칠곡],뮤지컬,칠곡군교육문화회관 대공연장,2025-06-26,2025-06-26,,,,shard_10,confirmed,"signal_scorer: verified->review 재검토 필요 (날짜 불일치 감지, 자동삭제 아님)",general
wMX_hjev3nc,언제와도 좋은 템플 🌿 공항이랑 가까워 남는시간에 가기좋으면서 맛도 분위기도 좋은 🫶🏻,"언제와도 좋은 템플 🌿 공항이랑 가까워 남는시간에 가기좋으면서 맛도 분위기도 좋은 🫶🏻

📌커피 템플
제주 제주시 영평길 269 중선농원
#혤__jeju

Good temple anytime 🌿 It's close to the airport, so it's good to go during spare time, and the taste and atmosphere are good   🏻

📌Coffee Temple
Jeju Jungseon Farm, 269 Yeongpyeong-gil, Jeju-si
#hye__jeju#대한민국

Kuil yang bagus kapan saja 🌿 Dekat dengan bandara, jadi enak pergi saat waktu luang, dan rasa serta suasananya enak 🏻

📌Kuil Kopi
Perkebunan Jeju Jungseon, 269 Yeongpyeong-gil, Jeju-si
#hye__jeju

 #southkorea #food #drink #travel #place  #vibe #memory #momen #home #family #happy #study #work #money #life

2023.2.2.90",UCb3YuJ5_dd3r4gh3bTIhglA,RizCaS's Life,2023-02-20T01:00:30Z,6,0.1,True,1731.0,13.0,0.0,https://www.youtube.com/watch?v=wMX_hjev3nc,1180,1574,PF272297,템플 [제주],연극,제주아트센터 대극장,2025-09-26,2025-09-27,,,,shard_10,confirmed,"signal_scorer: verified->review 재검토 필요 (날짜 불일치 감지, 자동삭제 아님)",shorts
mQHoP50_gx0,💃🎵가수:김수현/명성황후(원곡:호령)💘🎵☆서울예술단&미가공연☆,2019.7.21,UCNf99LJDiSgonFfkDFQO-XQ,임봉수~트로트TV♡(방황하지마)임봉,2019-07-21T07:41:51Z,203,3.38,False,1126.0,13.0,3.0,https://www.youtube.com/watch?v=mQHoP50_gx0,18100,26699,PF270305,명성황후 [제주 서귀포],무용(서양/한국무용),서귀포예술의전당 대극장,2025-08-14,2025-08-14,,,,shard_10,confirmed,"signal_scorer: verified->review 재검토 필요 (날짜 불일치 감지, 자동삭제 아님)",general
vRDZaFUqBi4,💃가수:김수현/명성 황후(원곡:호령)🎵서울예술단&미가공연🎵,2019.8.3,UCNf99LJDiSgonFfkDFQO-XQ,임봉수~트로트TV♡(방황하지마)임봉,2019-08-03T09:35:19Z,201,3.35,False,450.0,6.0,0.0,https://www.youtube.com/watch?v=vRDZaFUqBi4,18100,26699,PF270305,명성황후 [제주 서귀포],무용(서양/한국무용),서귀포예술의전당 대극장,2025-08-14,2025-08-14,,,,shard_10,confirmed,"signal_scorer: verified->review 재검토 필요 (날짜 불일치 감지, 자동삭제 아님)",general
iWD7WnTPawg,20200116 안산시립국악단 신년음악회 3.태권도와 국악관현악,"2020.01.16 
안산시립국악단 신년음악회 
3.태권도와 국악관현악

지휘:임상규  태권도:부곡타이거즈",UCXD1rCqUvOwnojoDSmygJCA,안산시립국악단,2020-04-09T07:11:00Z,725,12.08,False,3045.0,32.0,3.0,https://www.youtube.com/watch?v=iWD7WnTPawg,11600,140,PF256430,안산시립국악단 신년음악회 [안산],한국음악(국악),안산문화예술의전당 해돋이극장,2025-01-09,2025-01-09,,,,shard_10,confirmed,"signal_scorer: verified->review 재검토 필요 (날짜 불일치 감지, 자동삭제 아님)",general
SkHh4R6VI4Q,20200116 안산시립국악단 신년음악회 하이라이트,2020.01.16 안산시립국악단 신년음악회 하이라이트,UCXD1rCqUvOwnojoDSmygJCA,안산시립국악단,2020-04-09T06:21:01Z,44,0.73,True,55.0,0.0,0.0,https://www.youtube.com/watch?v=SkHh4R6VI4Q,11600,140,PF256430,안산시립국악단 신년음악회 [안산],한국음악(국악),안산문화예술의전당 해돋이극장,2025-01-09,2025-01-09,,,,shard_10,confirmed,"signal_scorer: verified->review 재검토 필요 (날짜 불일치 감지, 자동삭제 아님)",shorts
j-BV5XpgZjs,20200116 안산시립국악단 신년음악회 4.대피리협주곡,"2020.01.16 
안산시립국악단 신년음악회 
4.대피리협주곡

지휘:임상규  대피리:박준용",UCXD1rCqUvOwnojoDSmygJCA,안산시립국악단,2020-04-09T07:11:05Z,368,6.13,False,1748.0,12.0,0.0,https://www.youtube.com/watch?v=j-BV5XpgZjs,11600,140,PF256430,안산시립국악단 신년음악회 [안산],한국음악(국악),안산문화예술의전당 해돋이극장,2025-01-09,2025-01-09,,,,shard_10,confirmed,"signal_scorer: verified->review 재검토 필요 (날짜 불일치 감지, 자동삭제 아님)",general
Zc6fhbAPYBk,20200116 안산시립국악단 신년음악회 5.어린이합창과 국악관현악,"2020.01.16 
안산시립국악단 신년음악회 
5.어린이합창과 국악관현악

지휘:임상규  어린이합창단:선부어울합창단,제일행복한하모니",UCXD1rCqUvOwnojoDSmygJCA,안산시립국악단,2020-04-09T07:11:10Z,538,8.97,False,135.0,0.0,0.0,https://www.youtube.com/watch?v=Zc6fhbAPYBk,11600,140,PF256430,안산시립국악단 신년음악회 [안산],한국음악(국악),안산문화예술의전당 해돋이극장,2025-01-09,2025-01-09,,,,shard_10,confirmed,"signal_scorer: verified->review 재검토 필요 (날짜 불일치 감지, 자동삭제 아님)",general
W-0RiMHe3-w,20200116 안산시립국악단 신년음악회 6.영화음악OST,"2020.01.16 
안산시립국악단 신년음악회 
6.영화음악OST

지휘:임상규  편곡:김태정",UCXD1rCqUvOwnojoDSmygJCA,안산시립국악단,2020-04-09T07:11:15Z,413,6.88,False,233.0,5.0,0.0,https://www.youtube.com/watch?v=W-0RiMHe3-w,11600,140,PF256430,안산시립국악단 신년음악회 [안산],한국음악(국악),안산문화예술의전당 해돋이극장,2025-01-09,2025-01-09,,,,shard_10,confirmed,"signal_scorer: verified->review 재검토 필요 (날짜 불일치 감지, 자동삭제 아님)",general
5V5AGNDi_BM,20200116 안산시립국악단 신년음악회 2.뮤지컬&영화음악,"2020.01.16 
안산시립국악단 신년음악회 
2.뮤지컬&영화음악

지휘:임상규  뮤지컬배우:윤승욱,윤시영",UCXD1rCqUvOwnojoDSmygJCA,안산시립국악단,2020-04-09T07:10:53Z,860,14.33,False,4923.0,41.0,2.0,https://www.youtube.com/watch?v=5V5AGNDi_BM,11600,140,PF256430,안산시립국악단 신년음악회 [안산],한국음악(국악),안산문화예술의전당 해돋이극장,2025-01-09,2025-01-09,,,,shard_10,confirmed,"signal_scorer: verified->review 재검토 필요 (날짜 불일치 감지, 자동삭제 아님)",general
QKHQeHBr1JM,20200116 안산시립국악단 신년음악회 7.앵콜,"2020.01.16 
안산시립국악단 신년음악회 
7.앵콜",UCXD1rCqUvOwnojoDSmygJCA,안산시립국악단,2020-04-09T07:11:20Z,213,3.55,False,152.0,1.0,0.0,https://www.youtube.com/watch?v=QKHQeHBr1JM,11600,140,PF256430,안산시립국악단 신년음악회 [안산],한국음악(국악),안산문화예술의전당 해돋이극장,2025-01-09,2025-01-09,,,,shard_10,confirmed,"signal_scorer: verified->review 재검토 필요 (날짜 불일치 감지, 자동삭제 아님)",general
MC2B-id-ZLU,[EN/SP/JP/CH/KR SUB] [스테이지 툰] 우리나라에서 최초로 공연된 ‘햄릿’은? | 국립극장 공연예술박물관,"■ 국립극장 공연예술박물관 ‘스테이지 툰’은?
‘스테이지 툰’은 국립극장 공연예술박물관 전시 자료를 바탕으로 만든, 무대·공연예술의 역사를 만나볼 수 있는 애니메이션입니다. 

■ 프로그램 소개
📍 12.15.(화) 우리나라에서 최초로 공연된 ‘햄릿’은?
‘사느냐 죽느냐 그것이 문제로다.’  셰익스피어의 대표적인 비극 ‘햄릿’이 처음 우리나라에 소개된 건 언제였을까요? ‘햄릿’의 첫 한글 번역본과 연극 무대 이야기를 알아봅니다.

📍 12.22.(화) ‘호두까기인형’ 하마터면 초연 후 못 올라올 뻔 했다?  
매년 크리스마스마다 사랑받는 발레 ‘호두까기인형’, 정작 초연 공연 때는 혹평을 받았다고 하는데요. 차이코프스키의 음악과 함께 ‘호두까기인형’을 둘러싼 재밌는 에피소드와 1970년대부터 이어진 국립발레단의 공연 모습까지 만나봅니다. 

📍 12.29.(화) 조선의 첨단 스테이지, 움직이는 무대 ‘산대’ 
조선시대 야외 공연마다 든든한 배경 무대로 활약했던 ‘산대’를 아시나요?
‘산대놀이’와 함께 해온 산대의 역사를 알아봅니다. 

📍 2021.1.4.(화) 화려한 무대가 나를 감싸고, 어서와 무대장비는 처음이지?
무대를 더욱 빛내주는 각종 조명과 음향 장치들, 복잡하고 어려워 보인다구요?
스테이지 툰과 함께 둘러보며 배워봅니다.  

공연예술박물관 주소: https://www.ntok.go.kr/kr/Museum/Main/Index
공연예술 디지털 아카이브 주소: https://archive.ntok.go.kr/main.do

ⓒ 2020 국립극장 공연예술박물관. 본 영상물의 무단 전재, 복제 및 배포를 금합니다.",UCJ55axexMkXqp1Fgwvmdsgg,국립극장 National Theater of Korea,2020-12-15T05:00:11Z,228,3.8,False,9449.0,54.0,4.0,https://www.youtube.com/watch?v=MC2B-id-ZLU,37700,1210,PF242689,햄릿 [세종],연극,세종예술의전당 대공연장,2024-08-09,2024-08-10,,,,shard_11,confirmed,"signal_scorer: verified->review 재검토 필요 (날짜 불일치 감지, 자동삭제 아님)",general
VxUnnvgRL8A,[티저] 2020.10.24 김성녀의 마당놀이 - 심청이와 춘향이가 온다,"[티저] 안동문화예술의전당 10주년 특별기획공연
김성녀의 마당놀이 - 심청이와 춘향이가 온다

일    시 2020.10.24.(토) 19:00
장    소 안동문화예술의전당 웅부홀
관람료 전석 1만원
예    매 티켓링크

자세한 사항은 아래 안동문화예술의전당 홈페이지에서 알아보실 수 있습니다. 많은 관심 부탁드립니다.
https://www.andong.go.kr/arts/concert/view.do?idx=2162&year=2020&month=10&mId=0101000000

곡정보 : 윤영현-Beautiful Korea(뷰티플 코리아)
출처및저작권표시 - 공유마당, CC BY",UC6BTl-LJJzaPeb4EKOQ4mcQ,안동문화예술의전당,2020-10-20T09:07:26Z,51,0.85,True,319.0,3.0,0.0,https://www.youtube.com/watch?v=VxUnnvgRL8A,1110,351,PF284194,김성녀의 마당놀이: 심청이와 춘향이가 온다 [전주],연극,한국소리문화의전당 연지홀,2026-03-14,2026-03-14,,,,shard_11,confirmed,"signal_scorer: verified->review 재검토 필요 (날짜 불일치 감지, 자동삭제 아님)",shorts
bY0GHj8kq9w,[2023 3월 기획공연] 김성녀의 마당놀이 : 심청이와 춘향이가 온다,"""인간문화재 김❕성❕녀❕와 함께하는 흥겨운 우리 마당놀이!""

관객과 함께 참여하고 호흡하며 즐길 수 있는 마당놀이에서
함께 재미를 느끼실 수 있습니다 ✨

지금 바~로 엔티켓/인터파크에서 예매하러 가볼까요. 🧡

📍공연일자 : 2023.03.18 (토) 오후 7시
📍공연장소 : 남동소래아트홀 소래극장
📍티켓예매 : 온라인 예매 (엔티켓, 인터파크)
📍티켓가격 : R석 20,000원 / S석 10,000원
📍공연문의 : 032-439-5001

❤티켓예매링크
인터파크 : https://tickets.interpark.com/goods/23002886

엔티켓 : https://www.enticket.com:469/pfm/sub01_view.html?p_idx=2954",UCFePa12r7yBU0GfnFAQK8fg,남동문화재단,2023-03-16T02:03:03Z,46,0.77,True,957.0,7.0,0.0,https://www.youtube.com/watch?v=bY0GHj8kq9w,639,252,PF284194,김성녀의 마당놀이: 심청이와 춘향이가 온다 [전주],연극,한국소리문화의전당 연지홀,2026-03-14,2026-03-14,,,,shard_11,confirmed,"signal_scorer: verified->review 재검토 필요 (날짜 불일치 감지, 자동삭제 아님)",shorts
3c_zjqbxV5s,김소유 & 김경민_당신이좋아(KBS아침마당부산),"ㅇ 비수익 아티스트 응원 채널임. 
ㅇ 영상 촬영 문의(문자)010-7153-8003
ㅇ 부산KBS유튜브채널 
https://youtube.com/c/KBSBusan
ㅇ 2021.07.08. 녹화/2021.07.30 방송


#아침마당부산
#김소유
#김경민
#당신이좋아
#두연인
#초생달
#숫자인생
#부산갈매기
#갈매기사랑
#바다에누워
#유현상
#강민주
#김소유
#김경민
#KBS부산
#아침마당
#임성환TV
#미스트롯2
#미스터트롯
#트롯전국체전
#트롯유랑단",UCpMVpnOI1QtpLDN8v7gftQQ,땡초TV,2021-07-30T23:00:01Z,207,3.45,False,1947.0,86.0,36.0,https://www.youtube.com/watch?v=3c_zjqbxV5s,140000,6210,PF274990,당신이 좋아 [부산],연극,동래문화회관 대극장,2025-10-31,2025-10-31,,,,shard_11,confirmed,"signal_scorer: verified->review 재검토 필요 (날짜 불일치 감지, 자동삭제 아님)",general
Y0w9l3_AUxQ,[흥보가비하인드스토리] 화초장타령 -3색 소리극 흥보가비하인드스토리,"2021.04.17 대전연정국악원 

3색소리극 흥보가비하인드스토리 中 화초장타령/거꾸로프로젝트

-편곡: 채지혜
-연주:거꾸로프로젝트
(노래, 연기-서의철, 박정미/ 대금- 김성현/ 피리-김소엽/ 베이스기타-이정엽/
건반-채지혜/ 드럼-박민국)

거꾸로프로젝트의 전통뮤지컬 ‘3색 소리극 흥보가 비하인드스토리’ 中 '화초장타령' 대목이다.
‘화초장 타령’은 판소리 흥보가의 한 대목으로 동생 흥보가 제비가 물어온 박을 심어 타서 부자가 되었다는 되었다는 소식을 들은 심술 궂은 놀보가 동생 흥보집에 찾아가서 은금보화가 가득 들어 있는 으리으리해 보이는 화초장을 빼앗아오면서 그 이름을 잊어버릴까봐 화초장을 외우고 가는 장면을 노래한 곡이다.
기존의 고수와 창자의 연주형태에서 벗어나 현대적 화성과 연주 기법을 활용하여 밴드음악으로 재구성 한 현대판 판소리이다.



전통음악을 뿌리로 한 이 시대의 Popular Music! 
이 시대의 젊은 국악, 퓨전국악밴드 거꾸로프로젝트

*공연문의 010-2765-1706(대표 채지혜)",UCyT3SGDYrsgfxYpAmDrIGbg,채지혜 거꾸로프로젝트,2022-01-17T03:08:07Z,379,6.32,False,164.0,6.0,0.0,https://www.youtube.com/watch?v=Y0w9l3_AUxQ,623,269,PF249537,거꾸로프로젝트 3색 소리극: 흥보가 비하인드스토리 [광주],한국음악(국악),광주북구문화센터 (양산도서관) 공연장,2024-10-19,2024-10-19,,,,shard_11,confirmed,"signal_scorer: verified->review 재검토 필요 (날짜 불일치 감지, 자동삭제 아님)",general
m_3urUvTnyQ,[KBS 국악한마당] 3색소리극 흥보가 비하인드스토리 中 화초장타령 (판소리 흥보가),"2021.09.11 KBS 국악한마당
3색소리극 흥보가 비하인드스토리 中 화초장타령

편곡: 채지혜
노래: 서의철,박정미
연주: 거꾸로프로젝트



전통음악을 뿌리로 한 이 시대의 Popular Music! 
이 시대의 젊은 국악, 퓨전국악밴드 거꾸로프로젝트",UCyT3SGDYrsgfxYpAmDrIGbg,채지혜 거꾸로프로젝트,2021-09-20T11:30:07Z,241,4.02,False,212.0,8.0,0.0,https://www.youtube.com/watch?v=m_3urUvTnyQ,623,269,PF249537,거꾸로프로젝트 3색 소리극: 흥보가 비하인드스토리 [광주],한국음악(국악),광주북구문화센터 (양산도서관) 공연장,2024-10-19,2024-10-19,,,,shard_11,confirmed,"signal_scorer: verified->review 재검토 필요 (날짜 불일치 감지, 자동삭제 아님)",general
aHl5XgbN2wY,[흥보가] 3색 소리극  '기가 막혀 흥부가!',"2019.08.18 
수원SK아트리움 소공연장
3색 소리극  '기가 막혀 흥부가!' 하이라이트 /거꾸로프로젝트
판소리, 민요, 정가 3가지 소리를 한번에 만나 볼 수 있는 '기가 막혀 흥부가!'의 하이라이트 영상

전통음악을 뿌리로 한 이 시대의 Popular Music! 

이 시대의 젊은 국악, 퓨전국악밴드 거꾸로프로젝트

*공연문의
gobackproject@naver.com(대표 채지혜)",UCyT3SGDYrsgfxYpAmDrIGbg,채지혜 거꾸로프로젝트,2020-02-03T12:30:00Z,183,3.05,False,101.0,2.0,0.0,https://www.youtube.com/watch?v=aHl5XgbN2wY,623,269,PF249537,거꾸로프로젝트 3색 소리극: 흥보가 비하인드스토리 [광주],한국음악(국악),광주북구문화센터 (양산도서관) 공연장,2024-10-19,2024-10-19,,,,shard_11,confirmed,"signal_scorer: verified->review 재검토 필요 (날짜 불일치 감지, 자동삭제 아님)",general
0xp70zrVkxU,[#스팩로그] 천 개의 파랑🌊 일본·대만 쇼케이스 다녀왔습니다✈️ │ #브이로그 #vlog #서울예술단,"서울예술단 단원들이 창작가무극 '천 개의 파랑' 
일본·대만 쇼케이스 다녀왔습니다✈️

🇯🇵 도쿄에서! 🇹🇼 타이베이에서!
넘버 시연부터 무대 뒤 깔깔 웃음까지!
셀프 PD 김건혜 단원이 직접 담아낸
찐~한 리얼 출장 브이로그, 지금 공개합니다 🎥

#창작가무극 #천개의파랑 #서울예술단 
#일본쇼케이스 #대만쇼케이스 #단원브이로그 #단원직캠
#K뮤지컬 #K컬처 #스팩로그",UCRq_sziR9sGzp8OmlpQaSWg,서울예술단,2025-07-01T09:16:51Z,684,11.4,False,594.0,27.0,1.0,https://www.youtube.com/watch?v=0xp70zrVkxU,6030,691,PF238095,"서울예술단, 천 개의 파랑",뮤지컬,예술의전당 [서울] CJ 토월극장,2024-05-12,2024-05-26,,,,shard_12,confirmed,"signal_scorer: verified->review 재검토 필요 (날짜 불일치 감지, 자동삭제 아님)",general
GQiPri5EwrU,[#스팩로그] 천개의파랑 제주공연_서연정 단원편,"서울예술단 서연정 단원이 담아낸
2024년 12월 천 개의 파랑 제주공연 현장입니다.
곧 다가오는 서울공연도 많은 관심 바랍니다~~🤗
.
2025 창작가무극 [천 개의 파랑]
📍기간 : 2025.2.22(토)~3.7(금)
📍장소 : 국립극장 해오름극장
📍예매 : 국립극장, 인터파크티켓

#서울예술단 #서예단 #창작가무극 #천개의파랑
#국립극장 #해오름극장
#브이로그 #서연정",UCRq_sziR9sGzp8OmlpQaSWg,서울예술단,2025-01-21T10:28:30Z,740,12.33,False,1542.0,89.0,12.0,https://www.youtube.com/watch?v=GQiPri5EwrU,6030,691,PF238095,"서울예술단, 천 개의 파랑",뮤지컬,예술의전당 [서울] CJ 토월극장,2024-05-12,2024-05-26,,,,shard_12,confirmed,"signal_scorer: verified->review 재검토 필요 (날짜 불일치 감지, 자동삭제 아님)",general
4qE1NvewbZs,용인문화재단 창립10주년 특별 공연 '연극 회란기' 하이라이트  영상!!,"극공작소 마방진의 연극 회란기!
대한민국 연극대상으로 예술성과 대중성을 인정받은
고선웅 연출의 2022년 신작 회란기를 용인문화재단에서 만나보세요!

2022.11.18.(금) - 19.(토)  용인시문예회관 처인홀 
▶상세정보 홈페이지 바로가기  http://m.site.naver.com/10RcG",UCB9yi-nGiFzgif-aat75VQQ,용인문화재단,2022-09-01T08:26:28Z,661,11.02,False,3453.0,38.0,5.0,https://www.youtube.com/watch?v=4qE1NvewbZs,2880,345,PF213114,회란기,연극,두산아트센터 연강홀,2023-03-10,2023-04-02,,,,shard_12,confirmed,"signal_scorer: verified->review 재검토 필요 (날짜 불일치 감지, 자동삭제 아님)",general
5gu-oVHCFiU,2022 Welcome K-Stage | 회란기 예고편,"[ 2022 웰컴대학로]
Welcome K-Stage

2022.10.12 수요일 저녁 8시 부터 밤 12시 까지
뮤지컬 녹화 중계 방송이 시작됩니다~!
많은 관람 부탁드립니다😊🙏

Eng Sub: https://youtu.be/2JzH5c0xPFQ
Chn Sub: https://youtu.be/2Uni0uXwo6Y
Jpn Sub: https://youtu.be/m_uYwZN5fmo
번역: 웰컴 대학로 사무국

📍유튜브 재생 화면 하단에서 CC 자막을 설정한 뒤 시청해 주세요:)
     [설정] → [자막] → 시청할 언어 선택!

━━━━━━━━━━━━━━━━━━━━━━━━

📍Please select CC subtitles at the bottom of the YouTube video screen:)
     [Settings] → [Subtitles/CC] → Choose your language!

━━━━━━━━━━━━━━━━━━━━━━━━
         2 0 2 2 W E L C O M E D A E H A K R O            
━━━━━━━━━━━━━━━━━━━━━━━━
  - Hosted/Organized : Korea Tourism Organization
  - Official : http://welcomedaehakro.com/
  - Instagram : https://www.instagram.com/welcomedaehakro/
  - Facebook : https://www.facebook.com/welcomedaehakro2021",UCqb5U_Vfo4AYYbiSOSa8nBw,웰컴대학로 Welcome Daehakro,2022-10-12T15:00:04Z,16,0.27,True,259.0,1.0,0.0,https://www.youtube.com/watch?v=5gu-oVHCFiU,11400,388,PF213114,회란기,연극,두산아트센터 연강홀,2023-03-10,2023-04-02,,,,shard_12,confirmed,"signal_scorer: verified->review 재검토 필요 (날짜 불일치 감지, 자동삭제 아님)",shorts
cfznzS8Gt14,PLAY 연극 회란기 커튼콜 - ﻿이서현/박주연/견민성/호산/원경식/김남표,"*커튼콜 촬영 가능

2022/4/10
K-PLAY 연극 회란기 커튼콜
﻿이서현/박주연/견민성/호산/원경식/김남표/이정훈/조한나/남슬기/강득종/조용의/최주연/임진구/조영민/박해용/박승화/김동지/최하윤/고영찬
성남아트센터 앙상블시어터",UC6_8FcuWvXfxpH0Y9mLbQLQ,j,2022-04-14T06:11:12Z,221,3.68,False,295.0,0.0,0.0,https://www.youtube.com/watch?v=cfznzS8Gt14,1390,2342,PF213114,회란기,연극,두산아트센터 연강홀,2023-03-10,2023-04-02,,,,shard_12,confirmed,"signal_scorer: verified->review 재검토 필요 (날짜 불일치 감지, 자동삭제 아님)",general
h8x1FYj-VbE,[뮤지컬 #홍련] M. 담장 안 소녀,"[뮤지컬 #홍련]

🕯 음원 선공개 #1
M. 담장 안 소녀

홍련 #한재아 #김이후 #홍나현

2024.7.30 - 10.20
대학로 자유극장",UCS1qt7mi9xkCy0PtcIxXiKA,뮤지컬 홍련,2024-07-12T07:00:54Z,218,3.63,False,258867.0,1602.0,57.0,https://www.youtube.com/watch?v=h8x1FYj-VbE,2390,90,PF272097,홍련 [용인],뮤지컬,용인시평생학습관 (여성회관) 큰어울마당,2025-11-28,2025-11-29,,,,shard_12,confirmed,"signal_scorer: verified->review 재검토 필요 (날짜 불일치 감지, 자동삭제 아님)",general
WsOIfnHnkWY,"[뮤지컬 #홍련] 네 얘기의 결말 MV - 홍나현, 이지연 2026","[뮤지컬 #홍련]

""자비심도 복수다?” 

네 얘기의 결말
#홍나현 #이지연

-
𝐌𝐔𝐒𝐈𝐂𝐀𝐋 𝐇𝐎𝐍𝐆𝐑𝐘𝐄𝐎𝐍
스페셜 OST 뮤직비디오 🎙️

2026.2.28 - 5.17
충무아트센터 블랙

CREDIT

BOOK & LYRICS BY SI-HYEON BAE
MUSIC BY SHIN-AE PARK
MUSIC ARRANGEMENT BY SHIN-AE PARK, HAE-JUN LEE, WOONG-RYEOL YOO
MUSIC PRODUCER BY SHIN-AE PARK
MUSIC DIRECTOR BY LEE SUNG JUN, SUNG KYUNG

VOCAL NA-HYUN HONG, JI-YEON LEE

ALL PROGRAMMING BY HAE-JUN LEE
GUITAR PERFORMED BY HAE-JUN LEE
DRUMS PERFORMED BY TAEK-HYUNG KIM
BASS PERFORMED BY IN-CHEOL BAEK
PIANO PERFORMED BY SHIN-AE PARK
GEOMUNGO PERFORMED BY TAE-HOON KANG

EXECUTIVE PRODUCTION BY MARTIN ENTERTAINMENT
EXECUTIVE PRODUCER BY HANNA OK
PRODUCTION TEAM BY IL-SOO LEE, ARIN KIM, DU-IL KIM

RECORDING STUDIO BY SOUND MANIA, SEOUL STUDIO
MIXING & MASTERING BY YOUNG-JUN HWANG (ERUM SOUND)

PROPS DESIGN BY LEE SO JUNG
HAIR & MAKE-UP BY SHIN NANA, KIM DA JEONG, KIM YU JEONG

PR & MARKETING BY LORGNETTE

A FILM BY JAYFACTORY
DIRECTOR BY LEE JAEWOO (JAYFACTORY)



PRODUCER BY SENA, JAPA (WHATEVER)



PRODUCTION TEAM
KIM TAEKYUNG, PARK JAEBEOM, SEO SEUNGJAE



DIRECTOR OF PHOGRAPHY BY KIM SUNGMIN
1ST KIM JEEHWAN
2ND OH JINUK

GAFFER BY KIM JUNHO (ALDL LIGHT)
1ST LEE DAEHAN
2ND HONG JUNKI
3RD SIN DUCHEOL
4RD LEE JANGHWAN


SHOW LIGHT BY KIM JINHO (ALDL LIGHT)


EDIT BY LEE JAEWOO (JAYFACTORY)
POST PRODUCTION BY LEE JAEWOO (JAYFACTORY)


STYLIST BY KANG HANBYEL
STYLE 
ASSISTANT BY CHOI SUSIE
COSTUME SUPPORTED BY LETTRE DE LETOILE",UCS1qt7mi9xkCy0PtcIxXiKA,뮤지컬 홍련,2026-03-11T13:00:58Z,243,4.05,False,105329.0,1822.0,77.0,https://www.youtube.com/watch?v=WsOIfnHnkWY,2390,90,PF272097,홍련 [용인],뮤지컬,용인시평생학습관 (여성회관) 큰어울마당,2025-11-28,2025-11-29,,,,shard_12,confirmed,"signal_scorer: verified->review 재검토 필요 (날짜 불일치 감지, 자동삭제 아님)",general
V5VMWDeqb44,[뮤지컬 #홍련] 괴물 MV - 강혜인 2026,"[뮤지컬 #홍련]

""감히 누구 이름을 함부로 지껄여” 

괴물
#강혜인

-
𝐌𝐔𝐒𝐈𝐂𝐀𝐋 𝐇𝐎𝐍𝐆𝐑𝐘𝐄𝐎𝐍
스페셜 OST 뮤직비디오 🎙️

2026.2.28 - 5.17
충무아트센터 블랙

CREDIT

BOOK & LYRICS BY SI-HYEON BAE
MUSIC BY SHIN-AE PARK
MUSIC ARRANGEMENT BY SHIN-AE PARK, HAE-JUN LEE, WOONG-RYEOL YOO
MUSIC PRODUCER BY SHIN-AE PARK
MUSIC DIRECTOR BY LEE SUNG JUN, SUNG KYUNG

VOCAL HYE-IN KANG

ALL PROGRAMMING BY HAE-JUN LEE
GUITAR PERFORMED BY HAE-JUN LEE
BASS PERFORMED BY HAE-JUN LEE
PIANO PERFORMED BY YE-SOL HONG

EXECUTIVE PRODUCTION BY MARTIN ENTERTAINMENT
EXECUTIVE PRODUCER BY HANNA OK
PRODUCTION TEAM BY IL-SOO LEE, ARIN KIM, DU-IL KIM

RECORDING STUDIO BY SOUND MANIA, SEOUL STUDIO
MIXING & MASTERING BY YOUNG-JUN HWANG (ERUM SOUND)

PROPS DESIGN BY LEE SO JUNG
HAIR & MAKE-UP BY SHIN NANA, KIM DA JEONG, KIM YU JEONG

PR & MARKETING BY LORGNETTE

A FILM BY JAYFACTORY
DIRECTOR BY LEE JAEWOO (JAYFACTORY)



PRODUCER BY SENA, JAPA (WHATEVER)



PRODUCTION TEAM
KIM TAEKYUNG, PARK JAEBEOM, SEO SEUNGJAE



DIRECTOR OF PHOGRAPHY BY KIM SUNGMIN
1ST KIM JEEHWAN
2ND OH JINUK

GAFFER BY KIM JUNHO (ALDL LIGHT)
1ST LEE DAEHAN
2ND HONG JUNKI
3RD SIN DUCHEOL
4RD LEE JANGHWAN


SHOW LIGHT BY KIM JINHO (ALDL LIGHT)


EDIT BY LEE JAEWOO (JAYFACTORY)
POST PRODUCTION BY LEE JAEWOO (JAYFACTORY)


STYLIST BY KANG HANBYEL
STYLE 
ASSISTANT BY CHOI SUSIE
COSTUME SUPPORTED BY LETTRE DE LETOILE",UCS1qt7mi9xkCy0PtcIxXiKA,뮤지컬 홍련,2026-03-11T13:00:57Z,192,3.2,False,83380.0,1034.0,45.0,https://www.youtube.com/watch?v=V5VMWDeqb44,2390,90,PF272097,홍련 [용인],뮤지컬,용인시평생학습관 (여성회관) 큰어울마당,2025-11-28,2025-11-29,,,,shard_12,confirmed,"signal_scorer: verified->review 재검토 필요 (날짜 불일치 감지, 자동삭제 아님)",general
lPZeyvm1deg,[뮤지컬 #홍련] 괴물 MV - 이지혜 2026,"[뮤지컬 #홍련]

""감히 누구 이름을 함부로 지껄여” 

괴물
#이지혜

-
𝐌𝐔𝐒𝐈𝐂𝐀𝐋 𝐇𝐎𝐍𝐆𝐑𝐘𝐄𝐎𝐍
스페셜 OST 뮤직비디오 🎙️

2026.2.28 - 5.17
충무아트센터 블랙

CREDIT

BOOK & LYRICS BY SI-HYEON BAE
MUSIC BY SHIN-AE PARK
MUSIC ARRANGEMENT BY SHIN-AE PARK, HAE-JUN LEE, WOONG-RYEOL YOO
MUSIC PRODUCER BY SHIN-AE PARK
MUSIC DIRECTOR BY LEE SUNG JUN, SUNG KYUNG

VOCAL JI-HYE LEE

ALL PROGRAMMING BY HAE-JUN LEE
GUITAR PERFORMED BY HAE-JUN LEE
BASS PERFORMED BY HAE-JUN LEE
PIANO PERFORMED BY YE-SOL HONG

EXECUTIVE PRODUCTION BY MARTIN ENTERTAINMENT
EXECUTIVE PRODUCER BY HANNA OK
PRODUCTION TEAM BY IL-SOO LEE, ARIN KIM, DU-IL KIM

RECORDING STUDIO BY SOUND MANIA, SEOUL STUDIO
MIXING & MASTERING BY YOUNG-JUN HWANG (ERUM SOUND)

PROPS DESIGN BY LEE SO JUNG
HAIR & MAKE-UP BY SHIN NANA, KIM DA JEONG, KIM YU JEONG

PR & MARKETING BY LORGNETTE

A FILM BY JAYFACTORY
DIRECTOR BY LEE JAEWOO (JAYFACTORY)



PRODUCER BY SENA, JAPA (WHATEVER)



PRODUCTION TEAM
KIM TAEKYUNG, PARK JAEBEOM, SEO SEUNGJAE



DIRECTOR OF PHOGRAPHY BY KIM SUNGMIN
1ST KIM JEEHWAN
2ND OH JINUK

GAFFER BY KIM JUNHO (ALDL LIGHT)
1ST LEE DAEHAN
2ND HONG JUNKI
3RD SIN DUCHEOL
4RD LEE JANGHWAN


SHOW LIGHT BY KIM JINHO (ALDL LIGHT)


EDIT BY LEE JAEWOO (JAYFACTORY)
POST PRODUCTION BY LEE JAEWOO (JAYFACTORY)


STYLIST BY KANG HANBYEL
STYLE 
ASSISTANT BY CHOI SUSIE
COSTUME SUPPORTED BY LETTRE DE LETOILE",UCS1qt7mi9xkCy0PtcIxXiKA,뮤지컬 홍련,2026-03-11T13:01:32Z,194,3.23,False,47796.0,817.0,62.0,https://www.youtube.com/watch?v=lPZeyvm1deg,2390,90,PF272097,홍련 [용인],뮤지컬,용인시평생학습관 (여성회관) 큰어울마당,2025-11-28,2025-11-29,,,,shard_12,confirmed,"signal_scorer: verified->review 재검토 필요 (날짜 불일치 감지, 자동삭제 아님)",general
ufNnNFGK4Go,[뮤지컬 #홍련] M06. 괴물,"""열여섯 소녀가 사랑 없이 죽어갈 때
당신들은 뭘 했지""

🎥 M06. 괴물

홍련 #김이후 #홍나현

2026.2.28 - 5.17
충무아트센터 중극장 블랙",UCS1qt7mi9xkCy0PtcIxXiKA,뮤지컬 홍련,2026-04-27T11:01:25Z,186,3.1,False,20620.0,497.0,21.0,https://www.youtube.com/watch?v=ufNnNFGK4Go,2390,90,PF272097,홍련 [용인],뮤지컬,용인시평생학습관 (여성회관) 큰어울마당,2025-11-28,2025-11-29,,,,shard_12,confirmed,"signal_scorer: verified->review 재검토 필요 (날짜 불일치 감지, 자동삭제 아님)",general
oYqswY0p8v4,[뮤지컬 #홍련] M. 버려진 소녀,"[뮤지컬 #홍련]

🕯 음원 선공개 #2
M. 버려진 소녀

바리 #이아름솔 #김경민 #이지연

2024.7.30 - 10.20
대학로 자유극장",UCS1qt7mi9xkCy0PtcIxXiKA,뮤지컬 홍련,2024-07-12T07:16:03Z,184,3.07,False,186073.0,1138.0,22.0,https://www.youtube.com/watch?v=oYqswY0p8v4,2390,90,PF272097,홍련 [용인],뮤지컬,용인시평생학습관 (여성회관) 큰어울마당,2025-11-28,2025-11-29,,,,shard_12,confirmed,"signal_scorer: verified->review 재검토 필요 (날짜 불일치 감지, 자동삭제 아님)",general
NsXko-tUgNY,[뮤지컬 #홍련] 씻김_사랑하라 MV - 이아름솔 2026,"[뮤지컬 #홍련]

""그리하여 제발 너 아무 죄 없으라” 

씻김_사랑하라
#이아름솔

-
𝐌𝐔𝐒𝐈𝐂𝐀𝐋 𝐇𝐎𝐍𝐆𝐑𝐘𝐄𝐎𝐍
스페셜 OST 뮤직비디오 🎙️

2026.2.28 - 5.17
충무아트센터 블랙

CREDIT

BOOK & LYRICS BY SI-HYEON BAE
MUSIC BY SHIN-AE PARK
MUSIC ARRANGEMENT BY SHIN-AE PARK, HAE-JUN LEE, WOONG-RYEOL YOO
MUSIC PRODUCER BY SHIN-AE PARK
MUSIC DIRECTOR BY LEE SUNG JUN, SUNG KYUNG
CHOREOGRAPHY BY JIN KIM

VOCAL AREUMSOL LEE

ALL PROGRAMMING BY HAE-JUN LEE
GUITAR PERFORMED BY HAE-JUN LEE
DRUMS PERFORMED BY TAEK-HYUNG KIM
BASS PERFORMED BY IN-CHEOL BAEK
PIANO PERFORMED BY SHIN-AE PARK
GEOMUNGO PERFORMED BY TAE-HOON KANG

EXECUTIVE PRODUCTION BY MARTIN ENTERTAINMENT
EXECUTIVE PRODUCER BY HANNA OK
PRODUCTION TEAM BY IL-SOO LEE, ARIN KIM, DU-IL KIM

RECORDING STUDIO BY SOUND MANIA, SEOUL STUDIO
MIXING & MASTERING BY YOUNG-JUN HWANG (ERUM SOUND)

PROPS DESIGN BY LEE SO JUNG
HAIR & MAKE-UP BY SHIN NANA, KIM DA JEONG, KIM YU JEONG

PR & MARKETING BY LORGNETTE

A FILM BY JAYFACTORY
DIRECTOR BY LEE JAEWOO (JAYFACTORY)



PRODUCER BY SENA, JAPA (WHATEVER)



PRODUCTION TEAM
KIM TAEKYUNG, PARK JAEBEOM, SEO SEUNGJAE



DIRECTOR OF PHOGRAPHY BY KIM SUNGMIN
1ST KIM JEEHWAN
2ND OH JINUK

GAFFER BY KIM JUNHO (ALDL LIGHT)
1ST LEE DAEHAN
2ND HONG JUNKI
3RD SIN DUCHEOL
4RD LEE JANGHWAN


SHOW LIGHT BY KIM JINHO (ALDL LIGHT)


EDIT BY LEE JAEWOO (JAYFACTORY)
POST PRODUCTION BY LEE JAEWOO (JAYFACTORY)


STYLIST BY KANG HANBYEL
STYLE 
ASSISTANT BY CHOI SUSIE
COSTUME SUPPORTED BY LETTRE DE LETOILE",UCS1qt7mi9xkCy0PtcIxXiKA,뮤지컬 홍련,2026-03-11T13:00:44Z,301,5.02,False,58272.0,1285.0,67.0,https://www.youtube.com/watch?v=NsXko-tUgNY,2390,90,PF272097,홍련 [용인],뮤지컬,용인시평생학습관 (여성회관) 큰어울마당,2025-11-28,2025-11-29,,,,shard_12,confirmed,"signal_scorer: verified->review 재검토 필요 (날짜 불일치 감지, 자동삭제 아님)",general
UEKBG5owE8o,[뮤지컬 #홍련] TEASER,"⚖️ 티저 영상 공개

“곱게 땋은 댕기머리
꼭꼭 감춘 쓰개치마
그 안의 소녀는 어떤 표정일까”

2026.2.28 - 5.17
충무아트센터 중극장 블랙",UCS1qt7mi9xkCy0PtcIxXiKA,뮤지컬 홍련,2026-01-07T00:11:50Z,30,0.5,True,3436.0,175.0,21.0,https://www.youtube.com/watch?v=UEKBG5owE8o,2390,90,PF272097,홍련 [용인],뮤지컬,용인시평생학습관 (여성회관) 큰어울마당,2025-11-28,2025-11-29,,,,shard_12,confirmed,"signal_scorer: verified->review 재검토 필요 (날짜 불일치 감지, 자동삭제 아님)",shorts
uimd4J5RTJM,[뮤지컬 #홍련] TRAILER,"⚖️ 트레일러 영상 공개

“지금부터 망자를 위한 천도정의
139,9998번째 재판을 시작한다”

2026.2.28 - 5.17
충무아트센터 중극장 블랙",UCS1qt7mi9xkCy0PtcIxXiKA,뮤지컬 홍련,2026-02-03T00:00:59Z,91,1.52,False,3546.0,173.0,10.0,https://www.youtube.com/watch?v=uimd4J5RTJM,2390,90,PF272097,홍련 [용인],뮤지컬,용인시평생학습관 (여성회관) 큰어울마당,2025-11-28,2025-11-29,,,,shard_12,confirmed,"signal_scorer: verified->review 재검토 필요 (날짜 불일치 감지, 자동삭제 아님)",shorts
wCEpoYjswQE,[뮤지컬 #홍련] M09. 네 얘기의 결말,"""이 세상이 정해놓은
틀과 선에 갇힌 너의 얘기""

🎥 M09. 네 얘기의 결말

홍련 #이지혜
바리 #이아름솔

2026.2.28 - 5.17
충무아트센터 중극장 블랙",UCS1qt7mi9xkCy0PtcIxXiKA,뮤지컬 홍련,2026-04-28T04:01:02Z,180,3.0,False,24460.0,511.0,36.0,https://www.youtube.com/watch?v=wCEpoYjswQE,2390,90,PF272097,홍련 [용인],뮤지컬,용인시평생학습관 (여성회관) 큰어울마당,2025-11-28,2025-11-29,,,,shard_12,confirmed,"signal_scorer: verified->review 재검토 필요 (날짜 불일치 감지, 자동삭제 아님)",shorts
AWauhbzMkTA,[뮤지컬 #홍련] M03. 피고 홍련,"""참관인 여러분,
지금부터 피고 배홍련의 생을 고하겠습니다.""

🎥 M03. 피고 홍련

강림 #이종영
월직차사 #백종민 
일직차사 #신윤철

2026.2.28 - 5.17
충무아트센터 중극장 블랙",UCS1qt7mi9xkCy0PtcIxXiKA,뮤지컬 홍련,2026-04-23T04:00:13Z,151,2.52,False,11580.0,254.0,14.0,https://www.youtube.com/watch?v=AWauhbzMkTA,2390,90,PF272097,홍련 [용인],뮤지컬,용인시평생학습관 (여성회관) 큰어울마당,2025-11-28,2025-11-29,,,,shard_12,confirmed,"signal_scorer: verified->review 재검토 필요 (날짜 불일치 감지, 자동삭제 아님)",shorts
rt8QWtMq91c,부산 숙박 타 지역 청년 할인 패스 도입,"#부산 #청년패스 #생활인구 #이용요금
(2025-07-30,수/뉴스데스크/부산MBC)

기사 내용▶https://busanmbc.co.kr/01_new/new01_view.asp?idx=277035

#부산시 #부산뉴스 #엠비씨뉴스 #mbc뉴스 #부산MBC #부산문화방송 
#부산엠비씨 #부산엠비씨뉴스 #부산mbc뉴스 #류제민기자
=========================================",UCYv6OdjenbbDHRKTLCB5kdw,부산MBC뉴스,2025-07-31T04:26:50Z,26,0.43,True,55081.0,469.0,86.0,https://www.youtube.com/watch?v=rt8QWtMq91c,236000,40684,PF221677,패스 [부산],연극,(재) 영화의전당 하늘연극장,2023-09-06,2023-09-07,,,,shard_13,confirmed,"signal_scorer: verified->review 재검토 필요 (날짜 불일치 감지, 자동삭제 아님)",shorts
KWb0BvdLffA,부산 대중교통 다음 달부터 월 4만5천 원에 무제한 이용,"#대중교통#부산대중교통#동백전#K-패스#대중교통활성화
(2026-03-04/뉴스데스크/부산MBC)

기사 내용▶https://busanmbc.co.kr/01_new/new01_view.asp?idx=283216&mt=A&subt=0

#부산시 #부산뉴스 #엠비씨뉴스 #mbc뉴스 #부산MBC #부산문화방송 
#부산엠비씨 #부산엠비씨뉴스 #부산mbc뉴스 #류제민기자",UCYv6OdjenbbDHRKTLCB5kdw,부산MBC뉴스,2026-03-05T01:02:58Z,24,0.4,True,17170.0,117.0,22.0,https://www.youtube.com/watch?v=KWb0BvdLffA,236000,40684,PF221677,패스 [부산],연극,(재) 영화의전당 하늘연극장,2023-09-06,2023-09-07,,,,shard_13,confirmed,"signal_scorer: verified->review 재검토 필요 (날짜 불일치 감지, 자동삭제 아님)",shorts
qx1DkEjqklw,[국악무대] 국립국악원 창작악단 - 아리랑환상곡(Arirang Fantasy) / 국립국악원 2021 새해국악연 벽사진경,"- 공연일시 : 2021.1.13~14
- 공연장소 : 국립국악원 예악당
- 주최 주관 : 국립국악원 
- 후원 : 국악방송

-------------------------------------------------
한국문화의 중심, Gugak Broadcasting Foundation
kt올레tv Ch251
LG유플러스 Ch240
LG헬로비전 Ch273 
FM 99.1MHz
www.igbf.kr
https://www.facebook.com/igbf.kr/​​
https://www.instagram.com/igbf.kr/​​

국악방송의 방송프로그램은 방송통신위원회의 방송통신발전기금을 지원받아 제작되고 있습니다.

#국악방송 #gugak #korea #arirang_fantasy",UCaBwNyKKjDaYIzS8dhyaXBA,국악방송 TV (Gugak Broadcasting System: TV),2021-02-11T06:00:07Z,559,9.32,False,26367.0,257.0,14.0,https://www.youtube.com/watch?v=qx1DkEjqklw,96600,6729,PF271088,"제3회 대한민국국악관현악축제, 국립국악원 창작악단",한국음악(국악),세종문화회관 세종M씨어터,2025-10-17,2025-10-17,,,,shard_13,confirmed,"signal_scorer: verified->review 재검토 필요 (날짜 불일치 감지, 자동삭제 아님)",general
HlVuUSOgI2M,제15회 경주시 청소년오케스트라 정기연주회,"2025.12.21.(일) 19:00, 경주예술의전당 화랑홀",UCq_-ipWOqjanj8DvYFNKp3g,경주시청소년수련관,2025-12-22T10:48:43Z,5664,94.4,False,748.0,16.0,0.0,https://www.youtube.com/watch?v=HlVuUSOgI2M,268,60,PF254871,강북구립 청소년 오케스트라 정기연주회,서양음악(클래식),강북문화예술회관 강북소나무홀 (구.대공연장) ,2024-12-07,2024-12-07,,,,shard_13,confirmed,"signal_scorer: verified->review 재검토 필요 (날짜 불일치 감지, 자동삭제 아님)",general
L92VfSeiNZI,[맥베스:소리의심리학] 2025 공식트레일러,"2025 서울문화재단 예술창작활동 음악분야 B트랙 선정작
현대음악 퍼포먼스 콘서트 

[맥베스:소리의심리학]
2025.10.03(금) ~ 2025.10.05(일)
금요일 19:30 / 주말 15:00, 18:00
문래예술공장 박스씨어터

[제작진]
원작_윌리엄 셰익스피어
각색/연출_박성민
작곡/편곡_이지희
사운드 및 음악감독_황현선
기술감독_최윤석
무대감독_오현진
무대디자인_신나경
조명디자인_서용호
음향디자인_조의근
분장디자인_이은총
기획_이진희

[출연진]
맥베스1_남명지
맥베스2_이희성
맥베스3_오현진
맥베스4_최윤석
맥베스5_박수연

클라리넷_허윤
비올라_김보빈
첼로_최미선
피아노_김지영
특수악기 및 라이브효과_황현선

기획/제작_하랑씨어터
홍보/마케팅_희자매컴퍼니
후원_서울문화재단

예매_NOL티켓(구,인터파크)
문의_하랑씨어터 기획팀 070-8637-9032",UCCr-zmkUjjOjigFvzO8tenw,HARANG THEATRE (하랑씨어터),2025-09-17T06:55:26Z,35,0.58,True,78.0,0.0,0.0,https://www.youtube.com/watch?v=L92VfSeiNZI,161,86,PF251909,맥베스 [서울],뮤지컬,세종문화회관 세종M씨어터,2024-12-12,2024-12-29,,,,shard_14,confirmed,"signal_scorer: verified->review 재검토 필요 (날짜 불일치 감지, 자동삭제 아님)",shorts
IKvS8AgUuKw,박완규 - 어느60대 노부부 이야기 (부산 현대 사랑나눔콘),2012.11.21. 부산 현대백화점 - 사랑 나눔 자선콘서트,UCTH5tdojt9ePZOQwg3MX0-A,iou1108,2012-11-24T05:23:59Z,321,5.35,False,485.0,1.0,1.0,https://www.youtube.com/watch?v=IKvS8AgUuKw,14,23,PF287189,어느 60대 노부부 이야기 [부산],뮤지컬,을숙도문화회관 대공연장,2026-04-10,2026-04-10,,,,shard_14,confirmed,"signal_scorer: verified->review 재검토 필요 (날짜 불일치 감지, 자동삭제 아님)",general
fGEHybg5D_c,어느 60대 노부부 이야기 #부산팬플룻사랑 #2025년가을버스킹 #부산어린이대공원,"[부산팬플룻사랑 2025년 가을버스킹]
- 일자: 2025.10.18.(토)
- 장소: 부산어린이대공원
- 연주곡: 어느 60대 노부부 이야기
- 연주자: 임미란

- 부산지역 팬플룻 활동 문의
   010-8817-1683

- 부산팬플룻사랑
   https://kko.kakao.com/CemFf3PC4Q

- 사단법인한국팬플룻협회 부산지부
   http://www.panflute.kr/",UCM8-8xAPeTEPInbldeiPBHQ,부산팬플룻사랑,2025-10-24T05:18:31Z,278,4.63,False,1260.0,29.0,6.0,https://www.youtube.com/watch?v=fGEHybg5D_c,252,114,PF287189,어느 60대 노부부 이야기 [부산],뮤지컬,을숙도문화회관 대공연장,2026-04-10,2026-04-10,,,,shard_14,confirmed,"signal_scorer: verified->review 재검토 필요 (날짜 불일치 감지, 자동삭제 아님)",general
wm7ng62OsSA,#rotary3650 - #모던테이블 무용단 #다크니스품바 : 2021-22 국제로타리3650지구 제60년차 지구대회 (2022.04.22) #안무가 #김재덕 #모던테이블,"축하공연 - #모던테이블 무용단 #다크니스품바
: 2021-22 국제로타리3650지구 제60년차 지구대회 
(2022.04.22) Grand Hyatt Seoul
#안무가 #김재덕 #모던테이블 #다크니스품바

모던테이블 무용단

작품명 : 다크니스 품바
출연자.  무용수: 김재덕, 이운기, 김한솔, 김남훈, 정철한, 김지공, 조휘성
뮤지션: 윤석기, 허성은, 허철주, 김형민

안무가 김재덕 프로필

뉴질랜드 현대무용단 'Sigan' 초청안무 
상파울루시립발레단 'Nak:Ta' 초청안무 
국립현대무용단 'Agon' 안무
부에노스아이레스 국립 현대무용단 'Tenssion Espartial' 초정 안무 
싱가폴 T.H.E 무용단 (MR.Sign 등 10개 작품 ) 안무 
스위스 바젤 DFW(Dancers for world) _'HA-KI' 초청 안무 
프랑스 파리국립무용센터(CND)주최 'Camping ete' 한국대표 supervisor로 참여

#다크니스품바 소개

현대무용과 현장감 있는 라이브밴드, 소리꾼의 판소리를 통해, 한국의 전통적인 요소가 모던테이블만의 방식으로 컨템포러리 무용 속에 잘 묻어난 작품이다. 
동양적 오브제를 통해 현장에서 즉석으로 현장감있는 사운드를 만들고, 전원 남성으로 이루어진 무용수들의 역동적인 곡선미가 드러나는 움직임은 작품  다크니스품바가 지니는 유니크한 특징 이다. 

별도의 무대세트없이 빠르게 전개되는 동작과 동시에 기타, 베이스, 드럼의 라이브 연주, 그리고 소리꾼의 판소리가 함께 어우러진다. 작품의 중반에 이르면 객석과 무대의 구분은 사라 지고, 춤을 추던 무용수는 객석에 내려와 움직임과 소리로 관객과 소통을 시도한다. 다크니스 품바는 무대위에서만 그치지않고 공연장 전체를 작품의 장소로 하여 관객 모두가 어느 순간 행위자가 되는 열린 소통의 작품이다.

현대적 사운드 매체의 활용과 힘있는 무브먼트의 연계로 전통적 품바의 선율을 신명나는 한바탕 놀음으로 풀어 재해석하였다. 암흑속에서 느껴지는 두려움을 이기기위해 무용수들은 끝없이 춤추고, 또한 노래한다. 디오니소스(축제)적인 몸부림임과 동시에, 이를 통해 두려움과 공포를 승화시키는 것이다.
각설이 타령에서 유래된 ""품바""는 생존에 대한 근본적인 문제와 계급 사회가 안겨준 멸시, 학대에 대한 울분에서 비롯된 한恨의 정서를 담고 있다. 다크니스품바는 현대인들이 느끼는 사회적 불안감을 한국의 전통 소재인 ""품바 ""를 통해 현대무용으로 재해석한 작품이다. 

품바타령의 기본멜로디의 골격은 유지하되 현대적 편곡을 통해 재탄생된 음악과 힘있는 움직임의 연계를 통해 한국적이면서도 전세계 남녀노소 모두 즐길 수 있도록 구성되어 있다.

지난 16년간 국내 및 해외 유수페스티벌에 초청되어, 그 공연을 이어오고있다. 일반 댄스페스티벌을 넘어, 뮤직페스티벌, 거리예술페스티벌, 씨어터페스티벌 등 그 범위를 확장시키고 있다.",UCdK9fdyvWFfVIWN6KvtfSsQ,로타리에서 만나요,2022-05-05T10:42:32Z,762,12.7,False,849.0,7.0,0.0,https://www.youtube.com/watch?v=wm7ng62OsSA,1760,346,PF246801,다크니스 품바 [대구],무용(서양/한국무용),어울아트센터(구. 대구북구문예회관) 함지홀(대공연장),2024-09-07,2024-09-07,,,,shard_14,confirmed,"signal_scorer: verified->review 재검토 필요 (날짜 불일치 감지, 자동삭제 아님)",general
d2J-apnlYe8,2015-05-30 (토) 뮤지컬 파리넬리 안양 루넬리 총막공,"2015-05-30 (토) 뮤지컬 파리넬리 루넬리 총막공
안양아트센터 관악홀

파리넬리: 루이스초이 / 안젤로 로씨니: 안유진 / 리카르도 브로스키: 이준혁 / 헨델&살바토레 브로스키: 김호섭 / 래리펀치: 원종환


..... 앞부분 극에 너무 심취하여...
녹화버튼 누르고 5초 녹화하고 또 눌러서 짤라먹은 1인...",UCDwwcbUYANGoAzYxwUyuyhA,suu,2015-05-30T12:47:08Z,330,5.5,False,71.0,3.0,0.0,https://www.youtube.com/watch?v=d2J-apnlYe8,2000,111,PF221516,파리넬리 [군포],뮤지컬,군포문화예술회관 수리홀,2023-08-25,2023-08-26,,,,shard_15,confirmed,"signal_scorer: verified->review 재검토 필요 (날짜 불일치 감지, 자동삭제 아님)",general
GQiPri5EwrU,[#스팩로그] 천개의파랑 제주공연_서연정 단원편,"서울예술단 서연정 단원이 담아낸
2024년 12월 천 개의 파랑 제주공연 현장입니다.
곧 다가오는 서울공연도 많은 관심 바랍니다~~🤗
.
2025 창작가무극 [천 개의 파랑]
📍기간 : 2025.2.22(토)~3.7(금)
📍장소 : 국립극장 해오름극장
📍예매 : 국립극장, 인터파크티켓

#서울예술단 #서예단 #창작가무극 #천개의파랑
#국립극장 #해오름극장
#브이로그 #서연정",UCRq_sziR9sGzp8OmlpQaSWg,서울예술단,2025-01-21T10:28:30Z,740,12.33,False,1542.0,89.0,12.0,https://www.youtube.com/watch?v=GQiPri5EwrU,6030,691,PF253213,"서울예술단, 천 개의 파랑 [제주]",뮤지컬,제주문예회관 대극장,2024-12-07,2024-12-08,,,,shard_15,confirmed,"signal_scorer: verified->review 재검토 필요 (날짜 불일치 감지, 자동삭제 아님)",general
p5RQvkb2nxc,평범한 하루하루의 모음,"휴대폰 용량 정리를 위해
하나씩 업로드 해보는 일상 기록
1. 세종시 카페_세컨드세컨드
2.세종시 디저트 카페_수자매롱
3.세종시 치킨까스 맛집_연와종
4.세종시 와인샵_와인잇
5.세종시 분식집_꿈떡분식
6.세종시 맛집_경성칼국수 세종발산점
7.세종시 맛집_장터소머리국밥

등등 신년 음악회, 사랑하는 오빠,
사랑하는 야옹이 내새끼들과 함께 하는 일상 브이로그

————-

타임라인



00:00 세종시 카페_세컨드세컨드
00:31 세종시_도깨비참치
00:40 고양이 뒷발 팡팡이
01:21 뚜쫀쿠 한쪽도 나눠 먹는 맘씨 좋은
01:27 전직장 동료들과 조치원 저녁 모임
01:42 고양이와 낮잠
02:16 2026 세종예술의전당 신년음악회_시즌 오프닝 콘서트_with 국립심포니 오케스트라
02:43 세종시 디저트 맛집_수자매롱
03:10 세종시 치킨까스 맛집_연와종
03:16 세종시_와인잇
03:24 세종시 분식 맛집_꿈떡분식
03:44 세종시 맛집_경성칼국수
04:05 껌딱지 고양이 제로
04:53 세종시 맛집_장터소머리국밥


#세종시브이로그
#일상브이로그
#직장인브이로그
#세종시맛집
#세종카페
#세종디저트
#세종데이트
#세종핫플
#카페투어
#맛집탐방
#먹방브이로그
#와인샵
#신년음악회
#고양이집사
#냥스타그램
#고양이일상
#집사의하루
#일상기록
#브이로그
#vlog",UC2tbZf60MvJgkod_UIZtpzw,플로터 : float like a feather,2026-06-07T16:11:18Z,311,5.18,False,94.0,7.0,0.0,https://www.youtube.com/watch?v=p5RQvkb2nxc,88,44,PF281488,"세종예술의전당 신년음악회, 시즌 오프닝 콘서트 with 국립심포니오케스트라 [세종]",서양음악(클래식),세종예술의전당 대공연장,2026-01-16,2026-01-16,,,,shard_15,confirmed,"signal_scorer: verified->review 재검토 필요 (날짜 불일치 감지, 자동삭제 아님)",general
KpAvtp2Jj-Y,[YDL] 서울시국악관현악단 2022 명연주자 시리즈 ‘정화 그리고 순환’ 무대 영상,"※ 주의 ※
초중반 무음 재생 후, 후반 1:44에 짧게 사운드 있음.

2022-04-13 ~ 2022-04-13
'세종M씨어터'에서 열린 서울시국악관현악단의
2022 명연주자 시리즈 ‘정화 그리고 순환’의
공연 중간 무대 영상으로 제작.

A Film by Y DESIGN LAB
ⓒ 2005 Y DESIGN LAB. All right reserved.
www.ydlab.co.kr",UC5OCBC8ScGBQo5a6WpYu-qQ,Y Design Lab,2023-05-30T08:18:49Z,123,2.05,False,150.0,,0.0,https://www.youtube.com/watch?v=KpAvtp2Jj-Y,1370,271,PF233626,"서울시국악관현악단, 명연주자 시리즈",한국음악(국악),세종문화회관 세종M씨어터,2024-03-22,2024-03-22,,,,shard_15,confirmed,"signal_scorer: verified->review 재검토 필요 (날짜 불일치 감지, 자동삭제 아님)",general
RWznSiep6Xw,[예고편] 뮤지컬 - 오늘을 기억해 / 계룡문화예술의전당,"[유튜브 Live] 
뮤지컬 - 오늘을 기억해
2022.05.27 오후 7시 30분
계룡문화예술의전당",UC4vfqewWTkTRYzcqFbvNLSA,계룡문화예술의전당,2022-05-19T06:56:32Z,90,1.5,False,162.0,0.0,0.0,https://www.youtube.com/watch?v=RWznSiep6Xw,40,14,PF293054,오늘을 기억해 [대구],뮤지컬,대구서구문화회관 공연장,2026-06-13,2026-06-13,,,,shard_16,confirmed,"signal_scorer: verified->review 재검토 필요 (날짜 불일치 감지, 자동삭제 아님)",general
lXrG28jPp7Y,Tenor Eunkuk Kim Recital 테너 김은국 귀국 독창회 2부 (2020.02.18.) 예술의 전당 리싸이틀 홀,"Tenor Eunkuk Kim Recital
테너 김은국 귀국 독창회 (2020.02.18.) 예술의 전당 리싸이틀 홀

Program

Johannes Brahms (요하네스 브람스 1833-1897)
Lieder und Gesänge Op. 32
Wie rafft ich mich auf in der Nacht No. 1 슬프다 나를 다시 에워싸다니
Nicht mehr zu dir zu gehen No. 2 다시는 네게 가지 않으려
Wie bist du, meine Königin No. 9 얼마나 기쁘오 나의 여왕이여

Ottorino Respighi (오뽀리노 레스피기 1879-1936)
Nevicata 설경
Nebbie 안개
L'ultima ebbrezza 최후의 도취

Ernest Charles (에른스트 챨스1895–1984)
Night 밤
And so, goodbye 그럼, 안녕

앵콜
1.La donna e mobile (여자의 마음 - 오페라 ""리골레토""중 )
2.좋은 만남 (이강국 시 )

Tenor Eunkuk Kim Recital
테너 김은국 귀국 독창회
P R O F I L E
* Tenor 김은국

테너 김은국은 서울대학교 음악대학 성악과 및 동 대학원을 실기수석으로 졸업하고 박사과정 재학 중 도독하여 만하임 국립음대(Hochschule für Musik und Darstellende Kunst Mannheim) 오페라과를 실기 만점으로 졸업하였다.

일찍이 이화경향콩쿠르 1위 등 유수의 콩쿠르에서 우승하며 음악적 두각을 드러낸 그는 2014년 바그너 장학협회 장학생으로 선정되는 등 그 실력을 인정받았다. 

바덴바덴 페스트슈필하우스 초청 푸치니 오페라 '마농 레스코(Manon Lescaut)'의 테너 주역인 데 그리외 역을 맡아 바덴바덴 극장과 베를린필하모니극장에서 데뷔 무대를 가진 그는 국립오페라단 오페라 모차르트 ‘마술피리(Die Zauberflöte)’의 타미노 역, 도니제티 오페라 ‘사랑의 묘약(L'elisir d'amore)’의 네모리노 역을 비롯하여 ‘리골레토(Rigoletto)’, ‘라 트라비아타(La Traviata)’, ‘돈 조반니(Don Giovanni)’, ‘신데렐라(La Cenerentola)’, ‘라 보엠(La Bohème)’, ‘가짜 여정원사(La finta giardiniera)’, ‘오를란도 팔라디노(Orlando Paladino)’ 등과 오페레타 ‘박쥐(Die Fledermaus)’, ‘집시 남작(Der Zigeunerbaron)’, ‘유쾌한 미망인(The Merry Widow)’ 등 다수 작품의 주역으로서 안정된 가창력과 연기력을 겸비한 성악가의 면모를 유감없이 보여주었다. 

또한 독일 만하임 국립극장 솔리스트를 역임한 김은국은 칼 필립 엠마누엘 바흐 탄생 300주년 기념 ‘마그니피카트(Magnificat)’ 테너 주역과 라인팔츠 극장, 플렌스부르크 극장에서 베토벤 오라토리오 ‘감람산의 그리스도(Christ on the Mount of Olives)’ 예수 역 솔리스트, 서울시립합창단 정기공연 바흐 ‘크리스마스 오라토리오(Weihnachts-Oratorium, BWV 248)’, 모차르트 '레퀴엠(Requiem)', 3년 연속 St. Valentin Kübelberg 신년음악회 등에서 테너 솔리스트로 출연하였다. 

사무엘 윤, 권오혁, 박영국 교수를 사사한 테너 김은국은 베를린 필하모닉오케스트라 등 유수의 오케스트라와 협연하였고, 만하임시립페스티벌 모차르트 갈라 콘서트 주역 출연, 바이로이트 바그너 오페라 음악축제에 초청받는 등 대한민국을 대표하는 차세대 전문오페라연주자로 활발한 활동을 전개하고 있으며 현재 Open Theater 소속 아티스트이자 동성아트홀 음악감독으로 국내 음악계 발전에 힘쓰고 있다.",UCD8aAC_gxK8lXY3Sm53dWAw,서울대학교 독서테너 김은국😉☝️,2020-11-03T09:24:50Z,2147,35.78,False,1965.0,42.0,2.0,https://www.youtube.com/watch?v=lXrG28jPp7Y,397,196,PF268636,"국립오페라단, 박쥐 [강릉]",서양음악(클래식),강릉아트센터 (구. 강릉문화예술관) 소공연장,2025-07-17,2025-07-17,,,,shard_16,confirmed,"signal_scorer: verified->review 재검토 필요 (날짜 불일치 감지, 자동삭제 아님)",general
IoAQJafmpQk,[이동규 & 리처드 용재 오닐] 섬집아기,"이흥렬: 섬집아기
이동규(카운터테너), 리처드 용재 오닐(비올라), 수아레 무지칼레
2024.8.28 카운터테너 이동규 리사이틀 : Dream Quilter 꿈을 누비는 자 예술의전당 공연 중에서

David DQ Lee(Countertenor), Richard Yongjae O'Neill(Viola), Soirées Musicales
from Countertenor David DQ Lee in Recital : Dream Quilter at Seoul Arts Center, Aug 28, 2024

#이동규 #리처드용재오닐 #섬집아기

Produced by CREDIA
All about crediatv YouTube Playlist COPYRIGHT © CREDIA",UCpt7Aq_OaIAC0bBBctGJBCQ,crediatv,2024-08-29T09:00:21Z,350,5.83,False,36806.0,1037.0,94.0,https://www.youtube.com/watch?v=IoAQJafmpQk,158000,1639,PF251528,카운터테너 이동규 리사이틀: Dream Quilter 꿈을 누비는 자 [부산],서양음악(클래식),금정문화회관 대공연장(금빛누리홀),2024-12-13,2024-12-13,,,,shard_16,confirmed,"signal_scorer: verified->review 재검토 필요 (날짜 불일치 감지, 자동삭제 아님)",general
bpehZwQd_JA,국립창극단 '심청가',"샛별같은 
눈을 감고

뱃전으로 우루루루루루루루루루루루루루

떴다

물에

풍

@국립창극단
2018.4.25-5.6",UCJ55axexMkXqp1Fgwvmdsgg,국립극장 National Theater of Korea,2018-04-04T04:05:20Z,28,0.47,True,1254.0,11.0,0.0,https://www.youtube.com/watch?v=bpehZwQd_JA,37700,1210,PF269547,"국립창극단, 심청 [서울]",한국음악(국악),국립극장 해오름극장,2025-09-03,2025-09-06,,,,shard_17,confirmed,"signal_scorer: verified->review 재검토 필요 (날짜 불일치 감지, 자동삭제 아님)",shorts
DwYGos-6VkU,【4K】221126 밤 뮤지컬 테레즈라캥 커튼콜 (선민 F),"2022.11.26 밤 뮤지컬 #테레즈라캥 커튼콜데이

테레즈 役 - #선민 
로랑 役 - #박정원 
카미유 役 - #김민강
라캥부인 役 - #이혜경 

드림아트센터 1관
1층 B열 9",UCxec9t_7hcDZ9dDJlYmPMQA,세상에 마상에,2022-11-26T15:21:02Z,163,2.72,False,187.0,6.0,0.0,https://www.youtube.com/watch?v=DwYGos-6VkU,58,29,PF225166,테레즈 라캥 [대구],뮤지컬,대구문화예술회관 팔공홀,2023-10-27,2023-10-28,,,,shard_17,confirmed,"signal_scorer: verified->review 재검토 필요 (날짜 불일치 감지, 자동삭제 아님)",general
Wpu7XIlLRgw,151008 화성행궁 LPG - 빵야빵야 (지은) 직캠 by 수원촌놈,"2015.10.08 화성행궁
FM 99.9 장벽진의 바운스바운스 특집 오픈스튜디오",UCvCg3YaEvIv0MtnKbienA-w,[직캠/FANCAM]수원촌놈,2015-10-08T17:11:00Z,197,3.28,False,4956.0,29.0,0.0,https://www.youtube.com/watch?v=Wpu7XIlLRgw,234000,7902,PF289415,빵야 [화성],연극,화성아트홀,2026-06-13,2026-06-14,,,,shard_17,confirmed,"signal_scorer: verified->review 재검토 필요 (날짜 불일치 감지, 자동삭제 아님)",general
WElqQDUILFM,[풀버전] 도시의 편리함을 버리고 첩첩산중으로 간 경호 씨네 동물 가족. 날마다 소소한 행복을 발견한다 | 파랑새를 보았나요 | KBS 인간극장 2013 방송,"'이보다 더 좋을 순 없다.' 깊은 골짜기 아래, 눈이 오면 하얀 설국으로 변하는 파랑골. 그곳엔 경호 씨네와 동물 가족이 산다. ""이렇게 행복해도 되는 걸까?"" 파랑새를 만나 매일 행복을 누리는 경호 씨네. 도시의 편리함을 버리고 첩첩산중으로 와 날마다 소소한 행복을 발견한다.

00:00:00 1부
00:31:56 2부
01:02:49 3부
01:33:38 4부
02:04:00 5부

몇 번의 파양 끝에 김 씨네 둘째 딸이 된 폴란드 소녀. 9살 진돗개 장덕이와 함께 여수를 거닐다
👉 https://youtu.be/ZADCkdBeqfs?feature=shared

**출연진을 향한 심한 욕설은 사전 예고 없이 삭제될 수 있습니다.

※ 회차 정보 : 인간극장 - 파랑새를 보았나요 (2013.01.28. ~ 2013.02.01. 방송)
#강아지 #애니멀포유 #인간극장레전드 #인간극장 #개 #반려견 #반려동물 #동물 #동물다큐 #시골 #꼬물이 #아깽이 #닭 #오리 #칠면조",UCAhKKbDO9-ymWZ_7iAFLBQQ,KBS동물티비 : 애니멀포유 animal4u,2024-01-28T06:00:12Z,9280,154.67,False,518706.0,3908.0,149.0,https://www.youtube.com/watch?v=WElqQDUILFM,1570000,6717,PF290054,파랑새 [예산],뮤지컬,충남도청 문예회관,2026-05-09,2026-05-09,,,,shard_17,confirmed,"signal_scorer: verified->review 재검토 필요 (날짜 불일치 감지, 자동삭제 아님)",general
GwbGkwamYBY,🎬1부 열살 가장 파랑새 희진이...33살 엄마가 희귀병을 얻고 모든 걸 내려놓으려 할 때 희망을 위해 버팀목이 되기로 한 가족.. #인간극장 | KBS 2002.03.11,"🎬1부 열살 가장 파랑새 희진이...33살 엄마가 희귀병을 얻고 모든 걸 내려놓으려 할 때 희망을 위해 버팀목이 되기로 한 가족.. #인간극장 |열살 파랑새의 꿈| | KBS 2002.03.11

- 모든 출연자 분들에게 따듯한 댓글 부탁드립니다~*
- 영상 방송 시점에 따라 현 상황과 내용이 다소 다를 수 있습니다.
- 인신공격 및 부적절한 내용의 댓글은 사전예고 없이 삭제될 수 있으니 양해 부탁드립니다.

Copyright ⓒ KBS. All rights reserved. 무단 전재, 재배포 및 이용(AI 학습 포함) 금지

——————————————————————————
🏃‍♂️🏃‍♀️💨
▪︎ 황신혜의 같이삽시다
 매주 수요일 ✅ KBS1 오후 7시 40분 방송🔥

#같이삽시다#인간극장#육아#가장#희귀병#난치병#감동
KOREAN LIFE",UCp3Vy7dFjIheDLbMekpdMQw,KBS 같이삽시다,2026-04-24T05:00:26Z,4687,78.12,False,18038.0,229.0,37.0,https://www.youtube.com/watch?v=GwbGkwamYBY,1900000,12170,PF290054,파랑새 [예산],뮤지컬,충남도청 문예회관,2026-05-09,2026-05-09,,,,shard_17,confirmed,"signal_scorer: verified->review 재검토 필요 (날짜 불일치 감지, 자동삭제 아님)",general
mLPO-Bv-Wbs,[넬/이정훈] 231007 넬 (NELL) - 청춘연가 | 2023 부산국제록페스티벌,"2023.10.07.
2023 BUSAN INTERNATIONAL ROCK FESTIVAL
@ 부산 사상구 삼락생태공원

#넬 #이정훈 #청춘연가",UCEPfFWjWCe7VzvSLzAOtqoA,wjaaaan,2023-11-11T13:11:48Z,243,4.05,False,24.0,,0.0,https://www.youtube.com/watch?v=mLPO-Bv-Wbs,495,691,PF241228,청춘연가 [부산],뮤지컬,동래문화회관 대극장,2024-06-22,2024-06-22,,,,shard_17,confirmed,"signal_scorer: verified->review 재검토 필요 (날짜 불일치 감지, 자동삭제 아님)",general
DZjRD8aOCY8,뮤지컬 설민석의 한국사 대모험 : 안중근 소년에서 영웅으로,2025.06.06 16:30,UCMvj6Iu_1T__U9CsXyUZlIA,서우서우내,2025-06-06T11:46:35Z,1279,21.32,False,4003.0,15.0,1.0,https://www.youtube.com/watch?v=DZjRD8aOCY8,2230,279,PF290761,설민석의 한국사 대모험: 안중근 [완도],뮤지컬,완도문화예술의전당,2026-05-28,2026-05-28,,,,shard_17,confirmed,"signal_scorer: verified->review 재검토 필요 (날짜 불일치 감지, 자동삭제 아님)",general
BI30JafQ2jE,걸으멍 보멍 들으멍 [오랜 벗] KBS 제주201229방송,"2020.12.29 #보물섬
[오랜 벗]
코로나 19로 삼촌들을 만나기도 어려워진 요즘 
조심스럽게 보물섬의 옛 삼촌을 만나본다. 
예전 보물섬의 ‘삼촌이영 조케영’ 코너를 이끌었던 
허계생 삼촌. 선흘리를 찾아가 삼촌과 함께 
방구석 다양한 놀이며 제주어 배우기, 
삼촌이 옛날에 연말과 새해를 맞을 때 이야기를 들어본다.",UCV1i2By7x5vWxA5K7JVomdQ,KBS제주,2020-12-30T03:42:09Z,838,13.97,False,172.0,10.0,1.0,https://www.youtube.com/watch?v=BI30JafQ2jE,63800,5268,PF221945,벗 [제주],연극,김정문화회관,2023-07-22,2023-07-22,,,,shard_17,confirmed,"signal_scorer: verified->review 재검토 필요 (날짜 불일치 감지, 자동삭제 아님)",general
6Z0tm8CtH1U,"이상, 제주 시즌 2 [제주 자연의 벗] KBS제주 240604방송","2024.06.04 #보물섬
[제주 자연의 벗]

오늘의 주인공을 만나러 간 곳은
김녕의 한 해안사구.
파도와 해일을 막아주고,
또 해안동식물들의 서식지인 해안사구를 조사를 위해
뜨거운 태양볕 아래 해안사구를 누비는 이들은
'제주 자연의 벗' 활동가들이다.
자연의 벗은 2022년 5월 시작된 신생단체다.
바다거북을 시작으로 제주에 서식하는
다양한 생물과 생물들의 서식처를 조사해
데이터를 쌓고 있다.
또 시민과 함께할 수 있는 다양한 프로그램을 통해,
제주의 생태계를 향한 관심을 높이고 있다.
제주의 생태계를 지키기 위해 활동하는
제주 생물들의 친구,
자연의 벗 이야기를 들어본다.",UCV1i2By7x5vWxA5K7JVomdQ,KBS제주,2024-06-05T07:26:55Z,979,16.32,False,505.0,14.0,0.0,https://www.youtube.com/watch?v=6Z0tm8CtH1U,63800,5268,PF221945,벗 [제주],연극,김정문화회관,2023-07-22,2023-07-22,,,,shard_17,confirmed,"signal_scorer: verified->review 재검토 필요 (날짜 불일치 감지, 자동삭제 아님)",general
QC7YSvf0JDs,"2018세종국악 아리랑목동(울주) 4. 춘향가 중 사랑가(소리꾼 이효녕, 윤하정)","2018 한국문화예술회관연합회 
전국 방방곡곡 문화공감 우수공연 선정작
세종국악심포니오케스트라(대표 김혜성) &김경호의 아리랑목동

4. 국악관현악 춘향가 중 '사랑가'

소리 : 이효녕, 윤하정

지휘 : 박상우

연주 : 세종국악심포니오케스트라
일시 : 2018.11.8. 오후 8시
장소 : 울주문화예술회관",UC1bDwqbsVZEEW-0pBsp9ktQ,세종국악 sejonggugak,2018-11-12T08:39:07Z,326,5.43,False,308.0,6.0,0.0,https://www.youtube.com/watch?v=QC7YSvf0JDs,3780,572,PF276622,愛춘향 [광주],한국음악(국악),광주 예술의 전당 대극장,2025-11-07,2025-11-08,,,,shard_18,confirmed,"signal_scorer: verified->review 재검토 필요 (날짜 불일치 감지, 자동삭제 아님)",general
OEl5PG2DSNA,[2018 성탄축하발표회][울산 평리교회] 유치부-크리스마스 선물,"2018.12.23
곡 정보
크리스마스 선물-삼일교회 윙윙 어린이집",UCgRuk6eitQaEEmnr1UjZEmQ,울산평리교회,2018-12-23T11:07:22Z,238,3.97,False,266.0,7.0,0.0,https://www.youtube.com/watch?v=OEl5PG2DSNA,83,522,PF252763,크리스마스 선물 [울산],서양음악(클래식),울산문화예술회관 대공연장,2024-12-20,2024-12-20,,,,shard_18,confirmed,"signal_scorer: verified->review 재검토 필요 (날짜 불일치 감지, 자동삭제 아님)",general
DgW89sKe2ZY,"2021 순천시 별량면 논아트 행사 (꾸루&꾸미,뻘배타는아낙네)","2021.5.24 순천시 별량면에서 제4회 논아트 행사가 진행되었습니다.
호랑나비, 스파이더맨, 쟁기질하는 농부 등의 그림이 그려져왔던 들판에 이번에는 순천의 시조인 ""꾸루&꾸미"", 순천만을 상징하는 ""뻘배타는 아낙네""가 선정되었습니다.
5색의 유색벼를 심어 들판에 그림을 그리는 논아트!
어떤 모습으로 탄생할지 기대해주세요!",UCJaGM2ESlfCOd03QGYc49Vw,한국다중방송,2021-05-26T07:08:31Z,251,4.18,False,223.0,15.0,0.0,https://www.youtube.com/watch?v=DgW89sKe2ZY,133,8,PF239164,뻘 [순천],연극,순천문화예술회관 대극장,2024-05-02,2024-05-03,,,,shard_18,confirmed,"signal_scorer: verified->review 재검토 필요 (날짜 불일치 감지, 자동삭제 아님)",general
9ZrOk0p-kn4,변강쇠 점 찍고 옹녀 스팟영상,"안산문화예술의 전당.  2015.7.3
영상제작 상담문의 - HM컴퍼니 070-7404-7139  loveexib@naver.com
http://hmncompany.co.kr/2015/mailing/2015_hm_main.html",UCAZExZ7MVL5pprW86akR_hw,hmcompany,2015-07-01T05:42:41Z,80,1.33,False,284.0,0.0,0.0,https://www.youtube.com/watch?v=9ZrOk0p-kn4,50,86,PF245515,변강쇠 점 찍고 옹녀 [서울],한국음악(국악),국립극장 달오름극장,2024-09-05,2024-09-15,,,,shard_19,confirmed,"signal_scorer: verified->review 재검토 필요 (날짜 불일치 감지, 자동삭제 아님)",general
xHew0phWBQ8,국립국악관현악단 5월 정오의음악회 with 송소희,"국립국악관현악단이 선보이는 5월 정오의 음악회!!
국악작곡계의 거장 이해식의
'젊은이를 위한 춤-바람의 말'로 막을 열고
이달의 스타로 소녀 명창 송소희와 함께 합니다.
당신의 정오를 특별하게 만들어줄 음악회!

@해오름극장 2014.5.27 오전 11시",UCJ55axexMkXqp1Fgwvmdsgg,국립극장 National Theater of Korea,2014-05-11T07:32:11Z,37,0.62,True,1118.0,2.0,0.0,https://www.youtube.com/watch?v=xHew0phWBQ8,37700,1210,PF253993,"국립국악관현악단, 정오의 음악회 (5월)",한국음악(국악),국립극장 해오름극장,2025-05-15,2025-05-15,,,,shard_19,confirmed,"signal_scorer: verified->review 재검토 필요 (날짜 불일치 감지, 자동삭제 아님)",shorts
UdrZzLYw_c0,2018년 국립국악관현악단 '정오의 음악회',"싱그러운 기운과 함께 새봄에 돌아오는 
국립국악관현악단의 '정오의 음악회'!
3월, 그 첫 무대를 놓치지마세요~

@국립국악관현악단
2018.3.7/4.4/5.16/6.20",UCJ55axexMkXqp1Fgwvmdsgg,국립극장 National Theater of Korea,2018-02-14T06:15:54Z,30,0.5,True,902.0,0.0,0.0,https://www.youtube.com/watch?v=UdrZzLYw_c0,37700,1210,PF253993,"국립국악관현악단, 정오의 음악회 (5월)",한국음악(국악),국립극장 해오름극장,2025-05-15,2025-05-15,,,,shard_19,confirmed,"signal_scorer: verified->review 재검토 필요 (날짜 불일치 감지, 자동삭제 아님)",shorts
KHCl2tAK3w4,특별한 정오를 선물하는 국립국악관현악단 '정오의 음악회'!!,"3월, 고품격 국악 브런치 콘서트가 시작됩니다!
국립국악관현악단 임재원 예술감독과 방송인 진양혜의 
사회로 더욱 풍성해진 '정오의 음악회'를 만나보세요!

@국립국악관현악단
2017.3.15/4.12/5.24/6.14",UCJ55axexMkXqp1Fgwvmdsgg,국립극장 National Theater of Korea,2017-03-02T07:55:15Z,21,0.35,True,275.0,2.0,0.0,https://www.youtube.com/watch?v=KHCl2tAK3w4,37700,1210,PF253993,"국립국악관현악단, 정오의 음악회 (5월)",한국음악(국악),국립극장 해오름극장,2025-05-15,2025-05-15,,,,shard_19,confirmed,"signal_scorer: verified->review 재검토 필요 (날짜 불일치 감지, 자동삭제 아님)",shorts
-LiX8EMqZXA,"매 달, 새로운 앙상블을 선보이는 국립국악관현악단 '정오의 음악회'!!","11월에는 가을과 잘 어울리는 대금과
25현 가야금, 타악이 어우러진 '역동Ⅱ'를 선보이는데요!
영상만봐도 넘나 기대가 됩니다^^
이제 단 두번밖에 남지 않은 2016년 '정오의 음악회'!!
많은 사랑 보내주세요^^
@국립국악관현악단
2016.11.9",UCJ55axexMkXqp1Fgwvmdsgg,국립극장 National Theater of Korea,2016-11-07T08:12:52Z,113,1.88,False,2464.0,33.0,1.0,https://www.youtube.com/watch?v=-LiX8EMqZXA,37700,1210,PF253993,"국립국악관현악단, 정오의 음악회 (5월)",한국음악(국악),국립극장 해오름극장,2025-05-15,2025-05-15,,,,shard_19,confirmed,"signal_scorer: verified->review 재검토 필요 (날짜 불일치 감지, 자동삭제 아님)",general
ygbrLYsv8dI,한 달에 한 번! 정오를 아름답게 만들어준 정오의 음악회!,"2016년 마지막 공연을 앞두고 있는데요~
이번 정오의 음악선물은 해금앙상블 '시르실'입니다+_+
국립국악관현악단 해금연주자들이
멋진 앙상블을 만들어가는 모습을 담아보았습니다^^

@국립국악관현악단
2016.12.28

#정오는_2017년에도_계속됩니다
#정오의_매력은_패키지",UCJ55axexMkXqp1Fgwvmdsgg,국립극장 National Theater of Korea,2016-12-23T08:09:46Z,114,1.9,False,301.0,1.0,0.0,https://www.youtube.com/watch?v=ygbrLYsv8dI,37700,1210,PF253993,"국립국악관현악단, 정오의 음악회 (5월)",한국음악(국악),국립극장 해오름극장,2025-05-15,2025-05-15,,,,shard_19,confirmed,"signal_scorer: verified->review 재검토 필요 (날짜 불일치 감지, 자동삭제 아님)",general
fdNSOC_fzQc,드디어! 이번주 정오의 음악회가 시작됩니다!!,"3월의 음악선물은 '사물장고를 위한 타령 1:낙서마방진'인데요~
여러분께 드릴 음악선물을 준비하고 있는
국립국악관현악단 연제호 단원의 모습을 담아 보았습니다
이번주 수요일 오전 11시!!
정오의 음악회 입니다

@국립국악관현악단
2017.3.15",UCJ55axexMkXqp1Fgwvmdsgg,국립극장 National Theater of Korea,2017-03-13T07:27:24Z,105,1.75,False,777.0,8.0,2.0,https://www.youtube.com/watch?v=fdNSOC_fzQc,37700,1210,PF253993,"국립국악관현악단, 정오의 음악회 (5월)",한국음악(국악),국립극장 해오름극장,2025-05-15,2025-05-15,,,,shard_19,confirmed,"signal_scorer: verified->review 재검토 필요 (날짜 불일치 감지, 자동삭제 아님)",general
B6jIFkMnJis,절밥 먹으러 운전만 5시간🚙귀양가면 책쓰는 이유를 알았다! #40s #40대일상 #템플스테이 #보성 #40대주부 #여행 #절체험 #불교체험 #보성녹차밭 #보성여행 #차밭,,UC9UqJz0I_jCMPVaJFMckXtQ,Odile오딜,2026-05-26T16:40:30Z,67,1.12,False,2361.0,,0.0,https://www.youtube.com/watch?v=B6jIFkMnJis,90600,640,PF250689,템플 [보성],연극,보성군문화예술회관,2024-10-16,2024-10-17,,,,shard_19,confirmed,"signal_scorer: verified->review 재검토 필요 (날짜 불일치 감지, 자동삭제 아님)",shorts
-CaMqTMZS1I,세비야의 이발사 - 플루트 오케스트라 아우름 (2023),"2023.06.17 성남아트센터 콘서트홀
플루트 오케스트라 아우름 제 17회 정기 연주회

Gioachino Rossini - The Barber of Sevile
조아키노 로시니 - 세비야의 이발사

입단 및 기타 문의 : 010 - 2223 - 5866 (단장 민혜리)",UCyp7dVYp2h22o5AcV625zuw,아우름플루트오케스트라,2023-09-13T15:30:14Z,561,9.35,False,930.0,10.0,0.0,https://www.youtube.com/watch?v=-CaMqTMZS1I,77,44,PF241560,세비야의 이발사 [원주],무용(서양/한국무용),원주치악예술관,2024-06-08,2024-06-09,,,,shard_19,confirmed,"signal_scorer: verified->review 재검토 필요 (날짜 불일치 감지, 자동삭제 아님)",general
LMciECoGpXI,[#그때도오늘2] 연극 [그때도 오늘2: 꽃신] OST '꽃신' 뮤직비디오🌸 | 공연배달서비스 간다,"🌸연극 [그때도 오늘2]
#그때도오늘2 #꽃신뮤직비디오

연극 [그때도 오늘2: 꽃신] OST '꽃신' 뮤직비디오

“보고 싶고 보고 싶은 그대의 얼굴도 
 언젠가 그 빛에 비춰보려나.“

꽃신으로 이어지는 4개의 에피소드
역사 속 존재하는 ‘보통 사람들‘의 이야기

-
🌸연극 [그때도 오늘2]
기간: 2025.12.16(화) - 2026.02.22(일)
장소: NOL 서경스퀘어 스콘 2관

#공연배달서비스간다 #그때도오늘2OST #뮤직비디오",UCzsTen4kwRVZcB9tOQhtzOA,공연배달서비스 간다,2026-01-27T03:02:47Z,242,4.03,False,4175.0,,3.0,https://www.youtube.com/watch?v=LMciECoGpXI,545,104,PF223025,그때도 오늘 [원주],연극,원주치악예술관,2023-08-27,2023-08-27,,,,shard_19,confirmed,"signal_scorer: verified->review 재검토 필요 (날짜 불일치 감지, 자동삭제 아님)",general
yU1LsP3QNCQ,"안소희, 연극 [그때도 오늘2:꽃신] 에서 뿌리는 향수는? 🌸","2025.12.18 (목) KBS Cool FM 89.1MHz 매일 22:00-24:00
[한해의 키스더라디오]
놀라운 초대석 with 안소희

Copyright ⓒ KBS. All rights reserved. 무단 전재, 재배포 및 이용(AI 학습 포함) 금지

#한해 #키스더라디오 #한해의키스더라디오
#안소희 #그때도오늘2 #연극그때도오늘2",UCbVRtqsTmYh1xhrDSTfSQLg,KBS CoolFM,2025-12-24T10:02:13Z,70,1.17,False,3640.0,31.0,0.0,https://www.youtube.com/watch?v=yU1LsP3QNCQ,1500000,18396,PF223025,그때도 오늘 [원주],연극,원주치악예술관,2023-08-27,2023-08-27,,,,shard_19,confirmed,"signal_scorer: verified->review 재검토 필요 (날짜 불일치 감지, 자동삭제 아님)",shorts
hzkC8K8_jsY,251217 연극 '그때도 오늘2' 커튼콜 안소희X이지해,"#김혜은 #이지해 #이상희 #홍지희 #안소희 #김소혜

🌸연극 '그때도 오늘2'
기간: 2025.12.16(화) - 2026.02.22(일)
장소: NOL 서경스퀘어 스콘 2관

🧷 https://tickets.interpark.com/goods/25016154",UCgeNUlHZNEtao_d4e8sKQNg,밤고구마🌰_CAM,2025-12-20T16:55:32Z,21,0.35,True,605.0,6.0,0.0,https://www.youtube.com/watch?v=hzkC8K8_jsY,73,31,PF223025,그때도 오늘 [원주],연극,원주치악예술관,2023-08-27,2023-08-27,,,,shard_19,confirmed,"signal_scorer: verified->review 재검토 필요 (날짜 불일치 감지, 자동삭제 아님)",shorts
PRwr9cKOitI,[#그때도오늘2] 공연 실황 릴스 공개🌸 | 공연배달서비스 간다,"🌸연극 [그때도 오늘2]
#그때도오늘2 #공연실황릴스 

“내가 만에 하나 빛을 보잖아? 그럼 그거 다 언니 몫이다”

-
🌸연극 [그때도 오늘2]
기간: 2025.12.16(화) - 2026.02.22(일)
장소: NOL 서경스퀘어 스콘 2관",UCzsTen4kwRVZcB9tOQhtzOA,공연배달서비스 간다,2026-02-05T10:00:58Z,47,0.78,True,2395.0,,6.0,https://www.youtube.com/watch?v=PRwr9cKOitI,545,104,PF223025,그때도 오늘 [원주],연극,원주치악예술관,2023-08-27,2023-08-27,,,,shard_19,confirmed,"signal_scorer: verified->review 재검토 필요 (날짜 불일치 감지, 자동삭제 아님)",shorts
jywTFHwCX_M,에밀리앙 & 테히나 부트캠프 공연 (부산팀) 바차타 ,"2026.01.24 (토)
📍 LY.DANCE

에밀리앙 & 테히나 부트캠프 공연 맘보바  💃🏻🕺🏻

Dancer | 
라르고 & 입생로랑, 세븐 & 봄날의곰, 루피 & 유림
Video | 
탐라 🎥",UCUu1Trfd5JT_s5i_5iwTCIg,라르고LargoTV,2026-01-28T07:46:57Z,133,2.22,False,48.0,2.0,0.0,https://www.youtube.com/watch?v=jywTFHwCX_M,1470,186,PF248715,봄날의 곰 [부산],뮤지컬,해운대문화회관 해운홀,2024-10-12,2024-10-12,,,,shard_19,confirmed,"signal_scorer: verified->review 재검토 필요 (날짜 불일치 감지, 자동삭제 아님)",shorts
KHCl2tAK3w4,특별한 정오를 선물하는 국립국악관현악단 '정오의 음악회'!!,"3월, 고품격 국악 브런치 콘서트가 시작됩니다!
국립국악관현악단 임재원 예술감독과 방송인 진양혜의 
사회로 더욱 풍성해진 '정오의 음악회'를 만나보세요!

@국립국악관현악단
2017.3.15/4.12/5.24/6.14",UCJ55axexMkXqp1Fgwvmdsgg,국립극장 National Theater of Korea,2017-03-02T07:55:15Z,21,0.35,True,275.0,2.0,0.0,https://www.youtube.com/watch?v=KHCl2tAK3w4,37700,1210,PF253970,"국립국악관현악단, 정오의 음악회 (3월)",한국음악(국악),국립극장 해오름극장,2025-03-20,2025-03-20,,,,shard_2,confirmed,"signal_scorer: verified->review 재검토 필요 (날짜 불일치 감지, 자동삭제 아님)",shorts
UdrZzLYw_c0,2018년 국립국악관현악단 '정오의 음악회',"싱그러운 기운과 함께 새봄에 돌아오는 
국립국악관현악단의 '정오의 음악회'!
3월, 그 첫 무대를 놓치지마세요~

@국립국악관현악단
2018.3.7/4.4/5.16/6.20",UCJ55axexMkXqp1Fgwvmdsgg,국립극장 National Theater of Korea,2018-02-14T06:15:54Z,30,0.5,True,902.0,0.0,0.0,https://www.youtube.com/watch?v=UdrZzLYw_c0,37700,1210,PF253970,"국립국악관현악단, 정오의 음악회 (3월)",한국음악(국악),국립극장 해오름극장,2025-03-20,2025-03-20,,,,shard_2,confirmed,"signal_scorer: verified->review 재검토 필요 (날짜 불일치 감지, 자동삭제 아님)",shorts
xHew0phWBQ8,국립국악관현악단 5월 정오의음악회 with 송소희,"국립국악관현악단이 선보이는 5월 정오의 음악회!!
국악작곡계의 거장 이해식의
'젊은이를 위한 춤-바람의 말'로 막을 열고
이달의 스타로 소녀 명창 송소희와 함께 합니다.
당신의 정오를 특별하게 만들어줄 음악회!

@해오름극장 2014.5.27 오전 11시",UCJ55axexMkXqp1Fgwvmdsgg,국립극장 National Theater of Korea,2014-05-11T07:32:11Z,37,0.62,True,1118.0,2.0,0.0,https://www.youtube.com/watch?v=xHew0phWBQ8,37700,1210,PF253970,"국립국악관현악단, 정오의 음악회 (3월)",한국음악(국악),국립극장 해오름극장,2025-03-20,2025-03-20,,,,shard_2,confirmed,"signal_scorer: verified->review 재검토 필요 (날짜 불일치 감지, 자동삭제 아님)",shorts
fdNSOC_fzQc,드디어! 이번주 정오의 음악회가 시작됩니다!!,"3월의 음악선물은 '사물장고를 위한 타령 1:낙서마방진'인데요~
여러분께 드릴 음악선물을 준비하고 있는
국립국악관현악단 연제호 단원의 모습을 담아 보았습니다
이번주 수요일 오전 11시!!
정오의 음악회 입니다

@국립국악관현악단
2017.3.15",UCJ55axexMkXqp1Fgwvmdsgg,국립극장 National Theater of Korea,2017-03-13T07:27:24Z,105,1.75,False,777.0,8.0,2.0,https://www.youtube.com/watch?v=fdNSOC_fzQc,37700,1210,PF253970,"국립국악관현악단, 정오의 음악회 (3월)",한국음악(국악),국립극장 해오름극장,2025-03-20,2025-03-20,,,,shard_2,confirmed,"signal_scorer: verified->review 재검토 필요 (날짜 불일치 감지, 자동삭제 아님)",general
ygbrLYsv8dI,한 달에 한 번! 정오를 아름답게 만들어준 정오의 음악회!,"2016년 마지막 공연을 앞두고 있는데요~
이번 정오의 음악선물은 해금앙상블 '시르실'입니다+_+
국립국악관현악단 해금연주자들이
멋진 앙상블을 만들어가는 모습을 담아보았습니다^^

@국립국악관현악단
2016.12.28

#정오는_2017년에도_계속됩니다
#정오의_매력은_패키지",UCJ55axexMkXqp1Fgwvmdsgg,국립극장 National Theater of Korea,2016-12-23T08:09:46Z,114,1.9,False,301.0,1.0,0.0,https://www.youtube.com/watch?v=ygbrLYsv8dI,37700,1210,PF253970,"국립국악관현악단, 정오의 음악회 (3월)",한국음악(국악),국립극장 해오름극장,2025-03-20,2025-03-20,,,,shard_2,confirmed,"signal_scorer: verified->review 재검토 필요 (날짜 불일치 감지, 자동삭제 아님)",general
lBEDNIMtzMQ,수박수영장 (feat. 권민수),"Provided to YouTube by UMAG

수박수영장 (feat. 권민수) · 에이엠컬처

뮤지컬 수박수영장 (Original Musical Soundtrack)

℗ 2022 ㈜에이엠컬처

Released on: 2022-08-16

Auto-generated by YouTube.",UCohnpqsMjnmLynwGz04-CUQ,에이엠컬처 - Topic,2025-11-19T15:41:33Z,168,2.8,False,883.0,6.0,0.0,https://www.youtube.com/watch?v=lBEDNIMtzMQ,97,34,PF229281,수박수영장 [부여],뮤지컬,국립부여박물관 사비마루,2023-12-01,2023-12-02,,,,shard_2,confirmed,"signal_scorer: verified->review 재검토 필요 (날짜 불일치 감지, 자동삭제 아님)",shorts
-EVJWTo8gJg,뮤지컬 수박수영장 2024 MV📽️ [우리 마을 장터]🧅🌶️🌽🧄,"2024 뮤지컬 수박수영장📽️ 뮤직 비디오 
🎤우리 마을 장터 🎵

진희가 오랫만에 할아버지 댁에 놀러왔어요!
모든게 낮설지만, 마을 주민들은 진희를 반겨주네요!

🌶️🌽🥦🥬🧄🥕🧅
오세요(보세요)
사세요(파세요)
원하는 게 있다면 말씀만 하세요
당신이 찾는 모든 것 없는 거 빼곤 다 있는 
여기는 우리 마을 장터
 
오세요(보세요) 사세요(파세요)
망설이면 늦어요 일단 집으세요
일주일에 딱 하루 그 하루가 바로 오늘 
여기는 우리 마을 장터
🌶️🌽🥦🥬🧄🥕🧅

뮤지컬 수박수영장
2024.07.06-08.25
국립중앙박물관 극장용

𝐌𝐮𝐬𝐢𝐜𝐚𝐥 𝐖𝐚𝐭𝐞𝐫𝐦𝐞𝐥𝐨𝐧 𝐒𝐰𝐢𝐦𝐦𝐢𝐧𝐠 𝐏𝐨𝐨𝐥  𝐦𝐮𝐬𝐢𝐜 𝐯𝐢𝐝𝐞𝐨
제작 :  에이엠컬처 (AMculture)
contact : amculture3@naver.com",UC1KHuD5mpgU-4DL6UatlVcA,AM컬처ㅣ에이엠컬처 뮤지컬,2024-07-24T04:32:23Z,149,2.48,False,8808.0,330.0,6.0,https://www.youtube.com/watch?v=-EVJWTo8gJg,4800,113,PF229281,수박수영장 [부여],뮤지컬,국립부여박물관 사비마루,2023-12-01,2023-12-02,,,,shard_2,confirmed,"signal_scorer: verified->review 재검토 필요 (날짜 불일치 감지, 자동삭제 아님)",general
-vmX4ubiNrg,[AMculture] 2024년 뮤지컬 수박수영장 홍보영상 🍉🏊‍♀️Musical Watermelon Swimming Pool official spot video,"Musical Watermelon Swimming Pool official spot video
뮤지컬 수박수영장🍉의 공식 홍보영상입니다의 공식 홍보영상입니다

Production : AMCULUTRE 에이엠컬처
ⓒ 2024 AMCULTURE. All Rights Reserved.
Contact US : amculture4@naver.com

📣2024년, 올 여름에도 수박수영장이 
'국립중앙박물관 극장 용'에서 개장합니다!
올해 마지막 서울 공연이니 모두들 예매를 서두루세요!

[공연정보]
2024.07.06~08. 25
국립중앙박물관 극장 용🐲
National Museum of Korea Theater Yong

어서 예매를서두르세요
가장 좋은 자리는 지금부터!  🍉🏊‍♀️",UC1KHuD5mpgU-4DL6UatlVcA,AM컬처ㅣ에이엠컬처 뮤지컬,2024-06-07T10:42:17Z,79,1.32,False,9879.0,498.0,12.0,https://www.youtube.com/watch?v=-vmX4ubiNrg,4800,113,PF229281,수박수영장 [부여],뮤지컬,국립부여박물관 사비마루,2023-12-01,2023-12-02,,,,shard_2,confirmed,"signal_scorer: verified->review 재검토 필요 (날짜 불일치 감지, 자동삭제 아님)",general
wm7ng62OsSA,#rotary3650 - #모던테이블 무용단 #다크니스품바 : 2021-22 국제로타리3650지구 제60년차 지구대회 (2022.04.22) #안무가 #김재덕 #모던테이블,"축하공연 - #모던테이블 무용단 #다크니스품바
: 2021-22 국제로타리3650지구 제60년차 지구대회 
(2022.04.22) Grand Hyatt Seoul
#안무가 #김재덕 #모던테이블 #다크니스품바

모던테이블 무용단

작품명 : 다크니스 품바
출연자.  무용수: 김재덕, 이운기, 김한솔, 김남훈, 정철한, 김지공, 조휘성
뮤지션: 윤석기, 허성은, 허철주, 김형민

안무가 김재덕 프로필

뉴질랜드 현대무용단 'Sigan' 초청안무 
상파울루시립발레단 'Nak:Ta' 초청안무 
국립현대무용단 'Agon' 안무
부에노스아이레스 국립 현대무용단 'Tenssion Espartial' 초정 안무 
싱가폴 T.H.E 무용단 (MR.Sign 등 10개 작품 ) 안무 
스위스 바젤 DFW(Dancers for world) _'HA-KI' 초청 안무 
프랑스 파리국립무용센터(CND)주최 'Camping ete' 한국대표 supervisor로 참여

#다크니스품바 소개

현대무용과 현장감 있는 라이브밴드, 소리꾼의 판소리를 통해, 한국의 전통적인 요소가 모던테이블만의 방식으로 컨템포러리 무용 속에 잘 묻어난 작품이다. 
동양적 오브제를 통해 현장에서 즉석으로 현장감있는 사운드를 만들고, 전원 남성으로 이루어진 무용수들의 역동적인 곡선미가 드러나는 움직임은 작품  다크니스품바가 지니는 유니크한 특징 이다. 

별도의 무대세트없이 빠르게 전개되는 동작과 동시에 기타, 베이스, 드럼의 라이브 연주, 그리고 소리꾼의 판소리가 함께 어우러진다. 작품의 중반에 이르면 객석과 무대의 구분은 사라 지고, 춤을 추던 무용수는 객석에 내려와 움직임과 소리로 관객과 소통을 시도한다. 다크니스 품바는 무대위에서만 그치지않고 공연장 전체를 작품의 장소로 하여 관객 모두가 어느 순간 행위자가 되는 열린 소통의 작품이다.

현대적 사운드 매체의 활용과 힘있는 무브먼트의 연계로 전통적 품바의 선율을 신명나는 한바탕 놀음으로 풀어 재해석하였다. 암흑속에서 느껴지는 두려움을 이기기위해 무용수들은 끝없이 춤추고, 또한 노래한다. 디오니소스(축제)적인 몸부림임과 동시에, 이를 통해 두려움과 공포를 승화시키는 것이다.
각설이 타령에서 유래된 ""품바""는 생존에 대한 근본적인 문제와 계급 사회가 안겨준 멸시, 학대에 대한 울분에서 비롯된 한恨의 정서를 담고 있다. 다크니스품바는 현대인들이 느끼는 사회적 불안감을 한국의 전통 소재인 ""품바 ""를 통해 현대무용으로 재해석한 작품이다. 

품바타령의 기본멜로디의 골격은 유지하되 현대적 편곡을 통해 재탄생된 음악과 힘있는 움직임의 연계를 통해 한국적이면서도 전세계 남녀노소 모두 즐길 수 있도록 구성되어 있다.

지난 16년간 국내 및 해외 유수페스티벌에 초청되어, 그 공연을 이어오고있다. 일반 댄스페스티벌을 넘어, 뮤직페스티벌, 거리예술페스티벌, 씨어터페스티벌 등 그 범위를 확장시키고 있다.",UCdK9fdyvWFfVIWN6KvtfSsQ,로타리에서 만나요,2022-05-05T10:42:32Z,762,12.7,False,849.0,7.0,0.0,https://www.youtube.com/watch?v=wm7ng62OsSA,1760,346,PF250763,다크니스 품바 [제주],무용(서양/한국무용),제주아트센터 대극장,2024-11-09,2024-11-09,,,,shard_2,confirmed,"signal_scorer: verified->review 재검토 필요 (날짜 불일치 감지, 자동삭제 아님)",general
N_SyIeSe6EQ,[부산시립교향악단] 미완성 음악회Ⅳ 하이라이트.zip,"2025년 6월, 제621회 정기연주회의 오픈 리허설 ‘미완성 음악회’에서는 쇼스타코비치 교향곡 제10번의 3, 4악장 리허설 무대가 펼쳐졌습니다. 이번 비하인드에서는 미완성 음악회의 재밌는 순간들만 모아 하이라이트로 전해드립니다! 무대 위 생생한 리허설, 그 특별한 매력을 함께 느껴보세요🎻

📌클래식 무대 뒤의 이야기가 궁금하다면
👉구독과 좋아요 그리고 알림 설정, 잊지 마세요!
#부산시립교향악단 #브이로그 #미완성음악회
다가오는 부산시립교향악단의 공연도 많은 관심과 사랑 부탁드립니다🫶

🎟 8월 공연 및 프로그램 안내:
[부산시립교향악단 기획음악회 실내악 시리즈 Ⅲ 『줌인 Ⅱ』]
▶ 일시 및 장소
2025년 8월 12일 (화) 19:30 / 부산문화회관 챔버홀
▶ 출연
튜바 | 임정빈
피아노 | 백진주
▶ 프로그램
브람스 | 다섯 개의 가곡 中 제1번 ‘저녁 음악’
힌데미트 | 튜바와 피아노를 위한 소나타
윌리엄스 | 튜바 협주곡
텔레만 | 환상곡 제7번
생상스 | 동물의 사육제 中 ‘백조’
윌리엄스 | 튜바 협주곡
▶ 공연문의
051)607-6000(ARS 1번)",UCeySqDu5BowY_RD5sVYIYug,부산시립예술단TV,2025-08-01T04:52:14Z,242,4.03,False,1012.0,20.0,1.0,https://www.youtube.com/watch?v=N_SyIeSe6EQ,2630,551,PF264108,부산시립교향악단 기획음악회: 미완성 음악회Ⅳ,서양음악(클래식),부산문화회관 대극장,2025-06-18,2025-06-18,,,,shard_2,confirmed,"signal_scorer: verified->review 재검토 필요 (날짜 불일치 감지, 자동삭제 아님)",general
Xr8N-wl0R7c,"[부산시립교향악단 VLOG] 단원들의 연주 준비, 같이 보실래요? | NEW WORLD in 부산 콘서트홀","2025년 5월, 부산시향 제620회 정기연주회(부산콘서트홀 개관 시범공연)을 앞두고 부산시립교향악단이 어떤 하루들을 보내고 있었는지 살짝 보여드릴게요!
예술감독님과 단원들이 함께 연습하고, 웃고, 진지해지는 그 순간들까지— 무대에 오르기 전의 부산시향을 담았습니다🎻

홍석원 예술감독과 부산시향 단원들의 진짜 리허설 모먼트, 함께 보실래요?

📌클래식 무대 뒤의 이야기가 궁금하다면
👉구독과 좋아요 그리고 알림 설정, 잊지 마세요!

#부산시립교향악단 #브이로그 #클래식비하인드

🎟 6월 공연 및 프로그램 안내:

[부산시립교향악단 기획음악회 ""미완성 음악회Ⅳ""]

▶ 일시 및 장소
2025년 6월 18일 (수) 19:30 / 부산문화회관 대극장

▶ 출연
지휘 | 홍석원
연주 | 부산시립교향악단

▶ 프로그램
쇼스타코비치 | 교향곡 제10번 3-4악장

▶ 공연문의
051)607-6000(ARS 1번)

[부산시립교향악단 제621회 정기연주회 ""DSCH""]

▶ 일시 및 장소
2025년 6월 19일 (수) 19:30 / 부산문화회관 대극장

▶ 출연
지휘 | 홍석원
첼로 | 최하영
연주 | 부산시립교향악단

▶ 프로그램
쇼스타코비치 | 첼로 협주곡 제1번
쇼스타코비치 | 교향곡 제10번

▶ 공연문의
051)607-6000(ARS 1번)

🎟 7월 공연 및 프로그램 안내:

[부산시립교향악단 제622회 정기연주회 ""여름, 목가""]

▶ 일시 및 장소
2025년 7월 10일 (목) 19:30 / 부산콘서트홀

▶ 출연
지휘 | 홍석원
피아노 | 폴 루이스
연주 | 부산시립교향악단

▶ 프로그램
베토벤 | 피아노 협주곡 제4번
브람스 | 교향곡 제2번

▶ 공연문의
051)607-6000(ARS 1번)",UCeySqDu5BowY_RD5sVYIYug,부산시립예술단TV,2025-06-13T05:45:25Z,279,4.65,False,2192.0,38.0,2.0,https://www.youtube.com/watch?v=Xr8N-wl0R7c,2630,551,PF264108,부산시립교향악단 기획음악회: 미완성 음악회Ⅳ,서양음악(클래식),부산문화회관 대극장,2025-06-18,2025-06-18,,,,shard_2,confirmed,"signal_scorer: verified->review 재검토 필요 (날짜 불일치 감지, 자동삭제 아님)",general
wfRxnnaFy3w,변강쇠 점 찍고 옹녀  고선웅의 연출비법!!,"가장 HOT한 창극 변강쇠 점 찍고 옹녀!!
가장 HOT한 연출 고선웅과 만나
완벽한 하모니를 만들어내고 있는데요!!

여기서 잠깐!!

고선웅연출의 연출비법이 무언지 
샅샅이 파헤쳐 보도록 하죠!!

@국립극장 달오름
2014.6.11-7.6",UCJ55axexMkXqp1Fgwvmdsgg,국립극장 National Theater of Korea,2014-06-17T05:57:08Z,106,1.77,False,2942.0,16.0,2.0,https://www.youtube.com/watch?v=wfRxnnaFy3w,37700,1210,PF245160,변강쇠 점 찍고 옹녀 [대구],한국음악(국악),대구문화예술회관 팔공홀,2024-08-23,2024-08-24,,,,shard_20,confirmed,"signal_scorer: verified->review 재검토 필요 (날짜 불일치 감지, 자동삭제 아님)",general
fJOVmrewQGo,뮤지컬 '겨울 환상곡' - 미스터 스크루지,"2012-01-25ㅣIt's First Christmas @OPUS 137 Hall 

뮤지컬 '겨울 환상곡' 갈라 콘서트의 일부입니다. 

스크루지 (최병혁) - 미스터 스크루지 

www.ENTOTiC.com",UCDeNgayw5CIrbT0hrPMRMCg,ENTOTiC,2012-01-31T07:48:50Z,150,2.5,False,303.0,1.0,0.0,https://www.youtube.com/watch?v=fJOVmrewQGo,9,21,PF253982,스크루지 [김포],무용(서양/한국무용),김포아트홀,2024-12-25,2024-12-25,,,,shard_20,confirmed,"signal_scorer: verified->review 재검토 필요 (날짜 불일치 감지, 자동삭제 아님)",general
tW1RaleUmEg,"(Full.ver) FEVER - Ambiguous Dance Company / Online Performance / ""피버"" 앰비규어스댄스컴퍼니 공연실황영상","작품명 : 피버 FEVER 
안무 및 출연 : 앰비규어스 댄스컴퍼니
음악 : 최혜원
의상 : 혜보디자인
공연일시 : 2020년 4월 19일(일) 17시 

앰비규어스 댄스컴퍼니의 2019년 작품으로  '살아있는 전통'이라는 키워드를 가지고 한국의 전통이 현재 우리의 삶에 어떻게 존재하고 있는가를 생각하고, 점점 잊혀가고 있는 우리의 뿌리를 되찾고자 하는 마음으로 작품을 제작하였습니다. 
전통을 현대적인 시각으로 해석하는 과정을 통해 이미 우리 안에 존재하고 있는 고유의 흔적을 바라보며 오늘을 지난 내일(미래)에도 살아 숨 쉴 ‘흥’의 기운을 만끽할 수 있으며,  ‘전통적이지 않은’ 최신의 익숙함으로 관객과 대화를 시도하고자 합니다. 

본 공연은 공연예술중장기창작지원사업의 일환으로 제작되었습니다. 
작품의 저작권 및 초상권은 각 예술가에게 있으며 무단으로 도용, 임의사용을 하실 수 없습니다. ⓒ앰비규어스 댄스컴퍼니 AMDACO
_
COMMING SOON.... 2020/05/10 ....",UCm5ZRzEMYk2qZYI0uFwP_jQ,Ambiguous Dance Company (앰비규어스댄스컴퍼니),2020-04-23T17:46:21Z,2177,36.28,False,156861.0,4886.0,563.0,https://www.youtube.com/watch?v=tW1RaleUmEg,76900,700,PF269232,피버 (FEVER) [대구],무용(서양/한국무용),봉산문화회관 가온홀,2025-08-30,2025-08-30,,,,shard_20,confirmed,"signal_scorer: verified->review 재검토 필요 (날짜 불일치 감지, 자동삭제 아님)",general
cK0KDLMZbqM,임흥락 외3인 아코디온 연주  홍도야 우지 마라/김영춘  *  나누리예술단 2019.10.26.,"임흥락 외3인 아코디온 연주 홍도야 우지 마라/김영춘  *  나누리예술단 2019.10.26.
각종 행사및 공연 문의 010  5446  9167",UCFil6WN_EWDyyE0PPqVIJkg,유광우,2019-10-28T00:19:41Z,170,2.83,False,33.0,0.0,0.0,https://www.youtube.com/watch?v=cK0KDLMZbqM,1340,1934,PF277520,홍도야 우지마라 [인천],연극,인천문화예술회관 소공연장,2025-11-29,2025-12-07,,,,shard_21,confirmed,"signal_scorer: verified->review 재검토 필요 (날짜 불일치 감지, 자동삭제 아님)",general
7rP8z77fmTM,2022.04.17 뮤지컬 렛미플라이 '선희야(칠순잔치)' (이형훈 focus),"2022.04.17
뮤지컬 렛미플라이 '선희야(칠순잔치)'

노인 남원│ 이형훈 배우님 (focus)
선희│김지현 배우님 
청년 남원│안지환 배우님",UCg8Eh48r5WeERsJtMjVHziw,DarkMoon,2022-04-18T11:42:18Z,156,2.6,False,806.0,22.0,1.0,https://www.youtube.com/watch?v=7rP8z77fmTM,10,26,PF217908,렛미플라이 [부산],뮤지컬,부산문화회관 중극장,2023-12-15,2023-12-16,,,,shard_21,confirmed,"signal_scorer: verified->review 재검토 필요 (날짜 불일치 감지, 자동삭제 아님)",general
CxQBiw0p3Qo,미나 X 류필립 X 정서주 – 환희 (원곡 : 정수라) | 피크닉라이브 소풍 | EP.135,"영덕을 들썩이게 만든 미나, 필립커플과 정서주의 하모니!
미나 X 류필립 X 정서주의 ＜환희＞ 지금 바로 감상해 보세요!

11월 22일 (금) 저녁 6시 방송
MBC M 많은 시청 바랍니다!

미나 X 류필립 X 정서주 – 환희 (원곡 : 정수라) | 피크닉라이브 소풍 | 2024.11.22.

#미나 #류필립 #정서주 #필미커플 #환희 #영덕군 #영해면 #영해근대역사문화거리 #국내여행 #피크닉라이브소풍",UCb-E3C9E5PWZxHY94Yc5qsQ,피크닉라이브 소풍,2024-11-28T09:00:22Z,256,4.27,False,10654.0,239.0,36.0,https://www.youtube.com/watch?v=CxQBiw0p3Qo,38100,1173,PF270027,하모니 [영덕],뮤지컬,예주문화예술회관,2025-09-04,2025-09-05,,,,shard_21,confirmed,"signal_scorer: verified->review 재검토 필요 (날짜 불일치 감지, 자동삭제 아님)",general
WOxhxnKXqDQ,미나 X 류필립 X 정서주 – 환희 (원곡 : 정수라) | 피크닉라이브 소풍 | EP.135,"영덕을 들썩이게 만든 미나, 필립커플과 정서주의 하모니!
미나 X 류필립 X 정서주의 ＜환희＞ 지금 바로 감상해 보세요!

11월 22일 (금) 저녁 6시 방송
MBC M 많은 시청 바랍니다!

미나 X 류필립 X 정서주 – 환희 (원곡 : 정수라) | 피크닉라이브 소풍 | 2024.11.22.

#미나 #류필립 #정서주 #필미커플 #환희 #영덕군 #영해면 #영해근대역사문화거리 #국내여행 #피크닉라이브소풍",UCPde4guD9yFBRzkxk2PatoA,ALL THE K-POP,2024-11-28T09:00:36Z,256,4.27,False,4173.0,72.0,4.0,https://www.youtube.com/watch?v=WOxhxnKXqDQ,6960000,38104,PF270027,하모니 [영덕],뮤지컬,예주문화예술회관,2025-09-04,2025-09-05,,,,shard_21,confirmed,"signal_scorer: verified->review 재검토 필요 (날짜 불일치 감지, 자동삭제 아님)",general
jB_I4he0MuQ,2017성탄뮤지컬 - 신스크루지,"2017 성탄 전야제

2017.12.24.주일
수원새빛교회
하.이.율동팀&선생님",UCx2DU7BWMfx6g6JqolK5r0g,찬율모아,2017-12-24T13:19:45Z,1573,26.22,False,234.0,0.0,0.0,https://www.youtube.com/watch?v=jB_I4he0MuQ,1220,968,PF251590,스크루지 [수원],무용(서양/한국무용),수원SK아트리움 대공연장,2024-11-16,2024-11-17,,,,shard_22,confirmed,"signal_scorer: verified->review 재검토 필요 (날짜 불일치 감지, 자동삭제 아님)",general
wXxkVUsUC8I,"2023외쳐조선_외쳐,잔칫날! 커튼콜_이것이 양반놀음_김수하 배우","2023.06.25 18:30 뮤지컬 스웨그에이지 외쳐,조선!",UCjelNSxMnX10CjEw8Bpm3tA,"Do, Sooha",2023-07-09T06:19:07Z,156,2.6,False,24.0,0.0,0.0,https://www.youtube.com/watch?v=wXxkVUsUC8I,0,4,PF223720,"스웨그에이지 외쳐, 조선! [함안]",뮤지컬,함안문화예술회관 대공연장,2023-10-21,2023-10-21,,,,shard_22,confirmed,"signal_scorer: verified->review 재검토 필요 (날짜 불일치 감지, 자동삭제 아님)",general
z8ZRppFsdlg,"제 46회 부천 복사골 합창제_부천 남성 합창단ㅣ 좋은인연 , 우정의 노래","♪ 좋은 인연  덕신스님 작사 / 이종만 작곡
♪ 우정의 노래  E.A.Femstad 작사 / 편곡
 
▶ 지휘 심재완  
▶ 반주 이경은
▶ Solo 박유철
▶ 부천 남성 합창단 Bucheon Male Choir
▶ 2023.05.06 제 46회 부천 복사골 합창제

♥ 부천 남성 합창단은
 . 합창음악을 통한 부천시 문화발전과 건전한 가정문화 실현
 . 음악을 통해 단원들간의 교제와 사회적 결속
 . 이웃과 소통하고, 소외된 이웃을 위한 사랑을 실천하는 헙창단 입니다.
─────────────────────────────
♠ 지휘자. 심재완 성악가 (baritone.bass)

   - 연세대학교 성악과 졸업  
   - 이태리 로씨니 국립음악원 졸업 
   - 이태리 로씨니 국립음악원 실기조교역임
   - 이탈리아 뻬스까라 아카데미 오페라 전공 디플로마 졸업
   - 이태리 C. Bergonzi 아카데미 졸업
   - 연세대, 세종대, 협성대, 나사렛대 외래교수 역임
   - 이탈리아 로씨니 국립음악원 디플롬 실기 조교 역임
   - 이태리 슈베르트 콩쿨, 뻬스까라 국제콩쿨 우승
   - 메시아,천지창조,대관식미사등 오라토리오 독창자

    https://incle.co.kr/html/eventUrl.php?video=ICFK4I096 
     
   - 대학로오페라 사랑의 묘약
   - 2009.04.06 ~ 2009.05.09 대학로 씨어터 디아더 둘카마라 역
   - 부부성악가의 편한음악회
   - 2014.06.19 연세대학교 백양콘서트홀(구. 백주년기념관)
   - 부부성악가의 편한음악회
   - 2018.09.07 연세대학교 백양콘서트홀(구. 백주년기념관)ㅣbaritone
   - KBS 열린 음악회 출연
   - 국내,외 200여회 각종연주 출연
   - KBS, TBS등 다수 방송출연과 독집CD출간
   - 2회의 독창회개최
   - 오페라 돈 까를로, 리골렛또, 사랑의 묘약등 20여편 오페라 50여회 출연
   - 연세대, 세종대 강사역임
   - 현재 협성대학교 출강.
─────────────────────────────

♣ 부천 남성 합창단 Bucheon Male Choir

2000 년 2월 창단
2000 년 5월 제 1회 정기 연주회
2000 년 9월 한, 일  합창 교류 연주회 (연세대 100주년 기념관)
2001 년 8월 8.15 통일 기원 음악회
2014년 1월 송오브 아리랑 협연 (예술의 전당)
2016 년 10월 찾아가는 음악회 (소사 소새울 공원)
2017 년 10월 제 19회 정기 연주회
2018 년 10월 부천 시민 합창 페스티벌 (부천 시민회관)
2018 년 11월 제 20회 정기 연주회 (부천 시청 어울마당)
2019 년 11월 제 21회 정기 연주회 (부천 문화센터)

매년 정기 연주회 및 복사골 축제, 찾아가는 음악회 등 약 200여 회의 연주 참가 .
─────────────────────────────
♪ 좋은 인연  덕신스님 작사 / 이종만 작곡
 

#1절

지나가다 옷깃을 스치기만 하여도
운명보다 더 깊은 인연이라 하는데
이렇게 인연되어 얼마나 고마운지
얼굴 한 번 더 보고 손 한 번 더 잡아 봐요
아낌 없이 후회 없이 서로 사랑하면서 
함께 사는 동안에 느껴 보는 행복이
아무리 생각하고 생가해 보아도
고이 간직 하고픈 좋은 인연 이지요 

#2절

우리가 원하는 건 좋은 인연 이지요
처음에는 누구나 남남인 줄 알지만 
많은 사람 가운데 이렇게 만난 것은
알고 보면 우리는 남이 아닌 것이야 
함께 살아 가면서 맺어 지는 인연들
고운 것도 정이요 미운 것도 정이니
바늘 가면 실 가듯이 모른 척 하지 않고
서로 마음 쓴다면 좋은 인연 이지요
좋은 인연 이지요
─────────────────────────────
♪ 우정의 노래  E.A.Femstad 작사 / 편곡

소리높여 외쳐라 하늘이 떠나가게
손에 손을 맞잡고서 다함께 노래 부르세
자! 가득하게 채워서 축배를 높이 드세
여기 다시모인 친구 
정다운 나의 친구여

우정을 위하여 우리다함께 이잔을 드세나
사랑을 위하여 우리다함께 이잔을 드세나
미래를 위하여 우리다함께 이잔을 드세나
운명의 여신은 우리 웃으며 반기리라

오! 소리높여 외쳐라 하늘이 떠나가게
손에 손을 맞잡고서 다함께 노래 부르세
자! 가득하게 채워서 축배를 높이 드세
여기 다시모인 친구 
정다운 나의 친구여",UCLpNjOpcApiQK2-W-R3oz2A,콘티하모니_Conti Harmony,2023-05-07T06:10:55Z,556,9.27,False,609.0,10.0,2.0,https://www.youtube.com/watch?v=z8ZRppFsdlg,186,86,PF248981,"부천시립합창단, 부천시민합창페스티벌",서양음악(클래식),부천아트센터 콘서트홀,2024-10-16,2024-10-16,,,,shard_22,confirmed,"signal_scorer: verified->review 재검토 필요 (날짜 불일치 감지, 자동삭제 아님)",general
MsVTfJ8mMd0,과거를 꾸는 꿈,"Provided to YouTube by UMAG

과거를 꾸는 꿈 · 유승우, 송영미, 이한솔

뮤지컬 신의 손가락 OST

℗ 2023 주식회사 코부코

Released on: 2023-06-19

Auto-generated by YouTube.",UCkH02wrNuigh7jPH6ig0dnw,Release - Topic,2023-06-19T03:03:50Z,191,3.18,False,3094.0,35.0,0.0,https://www.youtube.com/watch?v=MsVTfJ8mMd0,0,1,PF251952,신의 손가락 [부안],뮤지컬,부안예술회관 공연장,2024-11-01,2024-11-01,,,,shard_22,confirmed,"signal_scorer: verified->review 재검토 필요 (날짜 불일치 감지, 자동삭제 아님)",general
z7C24GGRKWU,손 없는 색시 무대 셋업,"손 없는 색시 
2018. 04.26 - 05.07 
남산예술센터 드라마센터",UCwc5b6Zh2rwJaZdJ9uUjdUQ,Namsan Artscenter,2018-04-25T08:48:02Z,41,0.68,True,161.0,0.0,0.0,https://www.youtube.com/watch?v=z7C24GGRKWU,322,98,PF254803,손 없는 색시 [춘천],연극,춘천인형극장 대극장,2024-12-13,2024-12-14,,,,shard_22,confirmed,"signal_scorer: verified->review 재검토 필요 (날짜 불일치 감지, 자동삭제 아님)",shorts
gniqmyaSB2Y,"Mahler: Symphony No.1 ""The Titan"" / Chiyong Chung · Korean Symphony Orchestra","코리안심포니오케스트라 212회 정기연주회
(2019.02.22 20:00)
Korean Symphony Orchestra 212nd Subscription Concert

지휘 ㅣ 정치용 Chiyong Chung(Conductor)
연주 ㅣ 코리안심포니오케스트라 Korean Symphony Orchestra

00:00 구스타프 말러 | 교향곡 제1번 `거인` Op.95
G. Mahler | Symphony, No.1 'The Titan' in D Major, Op.95

00:29 ⅠLangsam, schleppend (Slowly, dragging)
16:17 Ⅱ Kräftig bewegt, doch nicht zu schnell (Moving strongly, but not too quickly)
24:15 Ⅲ Feierlich und gemessen, ohne zu schleppen (Solemnly and measured, without dragging)
35:00 Ⅳ Stürmisch bewegt – Energisch (Stormily agitated – Energetic)

This is the official YouTube page of the Korean Symphony Orchestra. 

Since its establishment in 1985, Korean Symphony Orchestra (KSO) has been working to elevate the standing of Korean symphonic music for the past 30 years both domestically and abroad through more than 90 performances annually.

Since concluding an exclusive contract with the National Theater of Korea in 1987, the orchestra has held regular joint productions with the Korea National Opera, the Korean National Ballet, and the National Chorus of Korea as part of its repertoire. 

Currently numbering 100 orchestra and staff members, including two composers-in-residence, KSO continues to work together for the advancement of Korea’s artistic and performance culture.

👉 국립심포니오케스트라 바로가기
- 홈페이지 https://bit.ly/3jOih2l
- 페이스북 https://url.kr/4omrk1
- 인스타그램 https://url.kr/c5xtdn
- 카카오톡 친구 https://url.kr/n1wytg",UCoMo9mcWR5f_pPjdbacLaIw,국립심포니오케스트라,2019-02-25T05:23:40Z,3511,58.52,False,11531.0,105.0,7.0,https://www.youtube.com/watch?v=gniqmyaSB2Y,49700,832,PF232635,"국립심포니오케스트라: 말러, 교향곡 1번 거인",서양음악(클래식),예술의전당 [서울] 콘서트홀,2024-12-07,2024-12-07,,,,shard_23,confirmed,"signal_scorer: verified->review 재검토 필요 (날짜 불일치 감지, 자동삭제 아님)",general
F4JXxH_nIHo,"Mahler: Symphony No.1 ""Titan"" mov.4 / Heechuhn Choi · Korean Symphony Orchestra","코리안심포니오케스트라 190회 정기연주회(2014-1-28 20:00)
Korean Symphony Orchestra 190th Regular Concert

지휘 ㅣ 최희준 Hee-Chuhn Choi, Conductor
연주 ㅣ 코리안심포니오케스트라, Korean Symphony Orchestra

말러 교향곡 제1번 D장조 '거인' - Ⅳ. Sturmisch bewegt

This is the official YouTube page of the Korean Symphony Orchestra. 

Since its establishment in 1985, Korean Symphony Orchestra (KSO) has been working to elevate the standing of Korean symphonic music for the past 30 years both domestically and abroad through more than 90 performances annually.

Since concluding an exclusive contract with the National Theater of Korea in 1987, the orchestra has held regular joint productions with the Korea National Opera, the Korean National Ballet, and the National Chorus of Korea as part of its repertoire. 

More recently, with the appointment of LIM Hun-Joung as Artistic Director and Permanent Conductor in January 2014, and currently numbering 100 orchestra and staff members, including two composers-in-residence, KSO continues to work together for the advancement of Korea’s artistic and performance culture.",UCoMo9mcWR5f_pPjdbacLaIw,국립심포니오케스트라,2014-04-04T06:09:08Z,1218,20.3,False,14228.0,108.0,3.0,https://www.youtube.com/watch?v=F4JXxH_nIHo,49700,832,PF232635,"국립심포니오케스트라: 말러, 교향곡 1번 거인",서양음악(클래식),예술의전당 [서울] 콘서트홀,2024-12-07,2024-12-07,,,,shard_23,confirmed,"signal_scorer: verified->review 재검토 필요 (날짜 불일치 감지, 자동삭제 아님)",general
66LxsxJP6vU,"Mahler: Symphony No.1 ""Titan"" mov.1 / Heechuhn Choi · Korean Symphony Orchestra","코리안심포니오케스트라 190회 정기연주회(2014-1-28 20:00)
Korean Symphony Orchestra 190th Regular Concert

지휘 ㅣ 최희준 Hee-Chuhn Choi, Conductor
연주 ㅣ 코리안심포니오케스트라, Korean Symphony Orchestra

말러 교향곡 제1번 D장조 '거인' - Ⅰ. Langsam, schleppend

This is the official YouTube page of the Korean Symphony Orchestra. 

Since its establishment in 1985, Korean Symphony Orchestra (KSO) has been working to elevate the standing of Korean symphonic music for the past 30 years both domestically and abroad through more than 90 performances annually.

Since concluding an exclusive contract with the National Theater of Korea in 1987, the orchestra has held regular joint productions with the Korea National Opera, the Korean National Ballet, and the National Chorus of Korea as part of its repertoire. 

More recently, with the appointment of LIM Hun-Joung as Artistic Director and Permanent Conductor in January 2014, and currently numbering 100 orchestra and staff members, including two composers-in-residence, KSO continues to work together for the advancement of Korea’s artistic and performance culture.",UCoMo9mcWR5f_pPjdbacLaIw,국립심포니오케스트라,2014-04-04T02:29:32Z,980,16.33,False,3924.0,21.0,2.0,https://www.youtube.com/watch?v=66LxsxJP6vU,49700,832,PF232635,"국립심포니오케스트라: 말러, 교향곡 1번 거인",서양음악(클래식),예술의전당 [서울] 콘서트홀,2024-12-07,2024-12-07,,,,shard_23,confirmed,"signal_scorer: verified->review 재검토 필요 (날짜 불일치 감지, 자동삭제 아님)",general
zbPUxwOY-xQ,"Mahler: Symphony No.1 ""Titan"" mov.2 / Heechuhn Choi · Korean Symphony Orchestra","코리안심포니오케스트라 190회 정기연주회(2014-1-28 20:00)
Korean Symphony Orchestra 190th Regular Concert

지휘 ㅣ 최희준 Hee-Chuhn Choi, Conductor
연주 ㅣ 코리안심포니오케스트라, Korean Symphony Orchestra

말러 교향곡 제1번 D장조 '거인' - Ⅱ. Kraftig bewegt, doch nicht zu schnell

This is the official YouTube page of the Korean Symphony Orchestra. 

Since its establishment in 1985, Korean Symphony Orchestra (KSO) has been working to elevate the standing of Korean symphonic music for the past 30 years both domestically and abroad through more than 90 performances annually.

Since concluding an exclusive contract with the National Theater of Korea in 1987, the orchestra has held regular joint productions with the Korea National Opera, the Korean National Ballet, and the National Chorus of Korea as part of its repertoire. 

More recently, with the appointment of LIM Hun-Joung as Artistic Director and Permanent Conductor in January 2014, and currently numbering 100 orchestra and staff members, including two composers-in-residence, KSO continues to work together for the advancement of Korea’s artistic and performance culture.",UCoMo9mcWR5f_pPjdbacLaIw,국립심포니오케스트라,2014-04-04T03:01:11Z,475,7.92,False,2313.0,19.0,0.0,https://www.youtube.com/watch?v=zbPUxwOY-xQ,49700,832,PF232635,"국립심포니오케스트라: 말러, 교향곡 1번 거인",서양음악(클래식),예술의전당 [서울] 콘서트홀,2024-12-07,2024-12-07,,,,shard_23,confirmed,"signal_scorer: verified->review 재검토 필요 (날짜 불일치 감지, 자동삭제 아님)",general
dBhEm51ndIg,[24 방구석 뮤지컬] 🎤우리끼리 방구석 LIVE 📺,"2024.11.14(목) 오후 10시
불행하다고 느낄 때 셋, 둘, 하나, 이야기를 만들어 봐!",UCUl-LJfknacZWXdBEuVWT_w,낭만바리케이트,2024-11-15T03:21:45Z,7411,123.52,False,8541.0,234.0,14.0,https://www.youtube.com/watch?v=dBhEm51ndIg,986,54,PF264532,방구석 뮤지컬 [군포],뮤지컬,군포문화예술회관 철쭉홀,2025-07-12,2025-07-12,,,,shard_23,confirmed,"signal_scorer: verified->review 재검토 필요 (날짜 불일치 감지, 자동삭제 아님)",general
GUs6Aw5L4cU,FEVER(피버)  -박진영- 삼산동 헬스장 테크노짐 에어로빅 댄스 김수현,"FEVER(피버)  박진영(J.Y.Park)
이번주 새로나간 에어로빅 댄스 수업 소개합니다.열심히 배우시고 즐거운 시간 보내세요.
인천 부평구 삼산동 461-4 번지 미라쥬 타워 8층에 위치한 
전망 좋은 삼산동 헬스장 테크노짐 헬스클럽입니다.
2017년 7월에 리모델링 그랜드 오픈한 테크노짐은 인천 부평
삼산동 헬스장 하면 테크노짐 헬스클럽이 떠오를 정도로 
무수히 많은 헬스장이 문을 열고 닫는동안 꾸준히 
14년간 고객에게 사랑을 받아온 테크노짐 헬스장입니다. 
테크노짐 헬스클럽은 현재까지 삼산동에서 
1만 5천 여명의 회원님들이 다녀가면서 입에서 입으로 
소문을내며 현재까지도 관장부부가 직접 
한땀한땀 땀을 흘려가면 무료 그룹수업을 진행해서 
많은 고객님께 사랑을 받아오는 헬스장 입니다. 
직접 체험해 보시고 선택하세요.중동IC에서 인천방향으로 
삼산월드체육관 옆 스파7 건물8층 테크노짐 헬스클럽


헬스 등록만하셔도 14개의 수준높은

그룹수업을 별도의 추가비용없이 중복적으로

이용할 수 있다는 사실입니다.

모든 수업은 부부빌더로 유명하신 관장님 부부가

직접 한땀한땀 만든 수업으로

어떤 프로그램을 참여하셔도

정말 만족스러울정도로 최선을 다해 지도해 주십니다.

의지가 약한사람이라도 부부관장님의

열정에 운동을 열심히 안할수가 없네요...^^


일일이용쿠폰 안내 

일일이용권 7,000원 

일일이용쿠폰 12장 6만원 (한장당5,000 입니다)

(파워덤벨 수업,코어 트레이닝 수업,댄스 에어로빅 수업,

요가 수업,복부다이어트 수업,

힙업 운동 수업,S-라인체조 수업)+헬스+연수기 샤워+운동복+수건

=일일이용쿠폰으로 모두이용 가능합니다


#삼산동헬스장 #삼산동PT #테크노짐 #삼산동헬스 

#삼산동헬스클럽 #테크노짐헬스 #부평헬스장 

#부평헬스 #부평PT #선팔 #맞팔 #삼산헬스장 
#삼산동테크노짐 #굴포천역헬스 #덤벨운동
#삼산동에어로빅 #복부다이어트 #삼산동휘트니스 
#갈산동헬스장 #부평동헬스장 #굴포천역헬스장 
#부개동헬스장 #부개동pt #테크노짐헬스클럽

#헬스 #헬스타그램 #운동 #운스타그램 #몸스타그램 

#운동하는남자 #운동하는여자 #데일리 

#일상 #소통 #선팔 #맞팔 #보디빌딩 #보디빌더 
#휘트니스 #헬요일 #셀스타그램 #셀카 #다이어트 

#개인레슨 #healthy #bodybuilding #bodybuilder #테크노짐 

#에어로빅 #댄스 #요가 #인천헬스장 #방송댄스 #인천휘트니스


테크노짐 홈페이지 http://www.tghealth.com
트위터 https://mobile.twitter.com/hipowerqq
유튜브채널
https://www.youtube.com/channel/UCafoQn_xLuOdWuuXl1gKfKQ 
페이스북
https://www.facebook.com/technogym123q/ 
포스트 http://post.naver.com/hipowerqq 
블로그http://blog.naver.com/hipowerqq 
인스타그램 https://www.instagram.com/hipowerq/",UCafoQn_xLuOdWuuXl1gKfKQ,[테크노 튜브]박장원.김수현,2020-01-09T03:23:50Z,132,2.2,False,1162.0,10.0,0.0,https://www.youtube.com/watch?v=GUs6Aw5L4cU,1610,665,PF259644,피버 [인천 부평],무용(서양/한국무용),부평아트센터 해누리극장,2025-04-25,2025-04-25,,,,shard_23,confirmed,"signal_scorer: verified->review 재검토 필요 (날짜 불일치 감지, 자동삭제 아님)",general
0xp70zrVkxU,[#스팩로그] 천 개의 파랑🌊 일본·대만 쇼케이스 다녀왔습니다✈️ │ #브이로그 #vlog #서울예술단,"서울예술단 단원들이 창작가무극 '천 개의 파랑' 
일본·대만 쇼케이스 다녀왔습니다✈️

🇯🇵 도쿄에서! 🇹🇼 타이베이에서!
넘버 시연부터 무대 뒤 깔깔 웃음까지!
셀프 PD 김건혜 단원이 직접 담아낸
찐~한 리얼 출장 브이로그, 지금 공개합니다 🎥

#창작가무극 #천개의파랑 #서울예술단 
#일본쇼케이스 #대만쇼케이스 #단원브이로그 #단원직캠
#K뮤지컬 #K컬처 #스팩로그",UCRq_sziR9sGzp8OmlpQaSWg,서울예술단,2025-07-01T09:16:51Z,684,11.4,False,594.0,27.0,1.0,https://www.youtube.com/watch?v=0xp70zrVkxU,6030,691,PF253992,"서울예술단, 천 개의 파랑",뮤지컬,국립극장 해오름극장,2025-02-22,2025-03-07,,,,shard_24,confirmed,"signal_scorer: verified->review 재검토 필요 (날짜 불일치 감지, 자동삭제 아님)",general
dBhEm51ndIg,[24 방구석 뮤지컬] 🎤우리끼리 방구석 LIVE 📺,"2024.11.14(목) 오후 10시
불행하다고 느낄 때 셋, 둘, 하나, 이야기를 만들어 봐!",UCUl-LJfknacZWXdBEuVWT_w,낭만바리케이트,2024-11-15T03:21:45Z,7411,123.52,False,8541.0,234.0,14.0,https://www.youtube.com/watch?v=dBhEm51ndIg,986,54,PF270919,방구석 뮤지컬 [고양],뮤지컬,고양아람누리 새라새극장,2025-09-13,2025-09-14,,,,shard_24,confirmed,"signal_scorer: verified->review 재검토 필요 (날짜 불일치 감지, 자동삭제 아님)",general
JbPwJS654h0,2025국립오페라단 마술피리 스팟 / 2025.05.22(목) 19:30 /  사천시문화예술회관 대공연장,"모차르트의 아름다운 선율로 가득한  '가족오페라' 
5월 22일 
국립 오페라단 마술피리가 사천을 찾아옵니다

국립오페라단 마술피리
2025.05.22(목) 19:30
사천시문화예술회관 대공연장

＃국립오페라단  ＃마술피리
＃사천시문화예술회관_기획공연

------------------------------------------
＃서경방송광고문의_0557403300",UCYZaJxATzmasuVd5c0PXPQA,서경방송 광고,2025-05-02T06:45:25Z,21,0.35,True,397.0,0.0,0.0,https://www.youtube.com/watch?v=JbPwJS654h0,904,645,PF289495,"국립오페라단, 마술피리 [거창]",서양음악(클래식),거창문화센터 공연장,2026-05-02,2026-05-02,,,,shard_24,confirmed,"signal_scorer: verified->review 재검토 필요 (날짜 불일치 감지, 자동삭제 아님)",shorts
l3Edk_dCaCY,[SEEYA PLAY] 클럽 살로메(CLUB SALOME),"[SEEYA PLAY] 클럽 살로메(CLUB SALOME) 

연출 이지나, 안무 이용우, 음악 정재일

출연: 최수진, 지현준, 이동탁, Shorty Force(한상호), TIO(유성원), 심정완, 김원목, 이창엽, 최윤라

2015.5.22~5.25
프로젝트박스 시야(SEEYA the project box)

예매: 인터파크(1544-1555)",UCzlAqY6VafukW0nDqEDraaQ,재단법인우란문화재단,2015-05-14T05:24:47Z,183,3.05,False,1748.0,11.0,0.0,https://www.youtube.com/watch?v=l3Edk_dCaCY,2100,181,PF272825,살로메 [세종],한국음악(국악),세종예술의전당 대공연장,2025-10-19,2025-10-19,,,,shard_24,confirmed,"signal_scorer: verified->review 재검토 필요 (날짜 불일치 감지, 자동삭제 아님)",general
dBhEm51ndIg,[24 방구석 뮤지컬] 🎤우리끼리 방구석 LIVE 📺,"2024.11.14(목) 오후 10시
불행하다고 느낄 때 셋, 둘, 하나, 이야기를 만들어 봐!",UCUl-LJfknacZWXdBEuVWT_w,낭만바리케이트,2024-11-15T03:21:45Z,7411,123.52,False,8541.0,234.0,14.0,https://www.youtube.com/watch?v=dBhEm51ndIg,986,54,PF274161,방구석 뮤지컬 [여주],뮤지컬,세종국악당,2025-10-24,2025-10-25,,,,shard_24,confirmed,"signal_scorer: verified->review 재검토 필요 (날짜 불일치 감지, 자동삭제 아님)",general
iRueUasapl8,군산시립예술단_ 예당아 놀자!!! # Fly me to the Moon _ 4월10일(토),"군산시립예술단과 함께하는 예술아 놀자! 광장 콘서트

""봄, 설렘 주의보""

지난 토요일 음악이란 매체를 통해 무거웠던 짐을 잠시 내려놓고 따뜻하고 감미로운 선율을 들으며...
잠시나마 즐겁고 행복한 시간을 가졌습니다
다시한번 함께해주신 시민여러분 진심으로 감사드립니다

*군산시립예술단 차기 공연안내
-군산시립교향악단 제141회 정기연주회
  (2021.4.22목 대공연장)
-군산시립예술단 예술아놀자! 광장콘서트
  (2021.5.8토 야외광장)
-군산시립합창단 제72회 기획음악회
  (2021.5.22목 대공연장)",UCJgs_q92JMefNpsFAIwirxQ,군산시립합창단,2021-04-14T06:13:58Z,153,2.55,False,502.0,18.0,0.0,https://www.youtube.com/watch?v=iRueUasapl8,270,46,PF271311,군산시립예술단 광장 콘서트,복합,군산예술의전당 야외광장,2025-08-23,2025-08-23,,,,shard_24,confirmed,"signal_scorer: verified->review 재검토 필요 (날짜 불일치 감지, 자동삭제 아님)",general
O5_Ie6j2qDA,군산시립예술단_ 예당아 놀자!!! # Over the Rainbow _ 4월10일(토),"군산시립예술단과 함께하는 예술아 놀자! 광장 콘서트

""봄, 설렘 주의보""
지난 토요일 음악이란 매체를 통해 무거웠던 짐을 잠시 내려놓고 따뜻하고 감미로운 선율을 들으며...
잠시나마 즐겁고 행복한 시간을 가졌습니다
다시한번 함께해주신 시민여러분 진심으로 감사드립니다
*군산시립예술단 차기 공연안내
-군산시립교향악단 제141회 정기연주회
  (2021.4.22목 대공연장)
-군산시립예술단 예술아놀자! 광장콘서트
  (2021.5.8토 야외광장)
-군산시립합창단 제72회 기획음악회
  (2021.5.22목 대공연장)",UCJgs_q92JMefNpsFAIwirxQ,군산시립합창단,2021-04-14T06:12:43Z,207,3.45,False,211.0,11.0,0.0,https://www.youtube.com/watch?v=O5_Ie6j2qDA,270,46,PF271311,군산시립예술단 광장 콘서트,복합,군산예술의전당 야외광장,2025-08-23,2025-08-23,,,,shard_24,confirmed,"signal_scorer: verified->review 재검토 필요 (날짜 불일치 감지, 자동삭제 아님)",general
mHhRSr_k_0Y,#국립국악관현악단 #소소음악회로구나,"이곳이 바로 국악 맛집이로구나~

#그러시구나
#소소음악회구나

국립국악관현악단
소년소녀를 위한 ‘소소 음악회’
2026.5.14.(목)-5.16.(토)

예매바로가기 https://bit.ly/4mNQNdf",UCJ55axexMkXqp1Fgwvmdsgg,국립극장 National Theater of Korea,2026-04-24T02:00:48Z,10,0.17,True,944.0,10.0,2.0,https://www.youtube.com/watch?v=mHhRSr_k_0Y,37700,1210,PF253877,"국립국악관현악단, 소년소녀를 위한 소소 음악회",한국음악(국악),국립극장 달오름극장,2025-05-30,2025-05-31,,,,shard_26,confirmed,"signal_scorer: verified->review 재검토 필요 (날짜 불일치 감지, 자동삭제 아님)",shorts
26cSWq2QxR8,#국립국악관현악단 #소소음악회,"소소음악회 포스터 공개

#빙글빙글
#편집하다멀미왔어요

국립국악관현악단
소년소녀를 위한 ‘소소 음악회’
2026.5.14.(목)-5.16.(토)

예매바로가기 https://bit.ly/4mNQNdf",UCJ55axexMkXqp1Fgwvmdsgg,국립극장 National Theater of Korea,2026-04-24T02:00:02Z,21,0.35,True,3565.0,6.0,0.0,https://www.youtube.com/watch?v=26cSWq2QxR8,37700,1210,PF253877,"국립국악관현악단, 소년소녀를 위한 소소 음악회",한국음악(국악),국립극장 달오름극장,2025-05-30,2025-05-31,,,,shard_26,confirmed,"signal_scorer: verified->review 재검토 필요 (날짜 불일치 감지, 자동삭제 아님)",shorts
2MnANBUA1AQ,#국립국악관현악단 #소소음악회 #초능력자,"이.. 이게 된다고? ㄴㅇㄱ

#실시간_난리난_충격적인_초능력
#떳다떳다비행기

국립국악관현악단
소년소녀를 위한 ‘소소 음악회’
2026.5.14.(목)-5.16.(토)

예매바로가기 https://bit.ly/4mNQNdf",UCJ55axexMkXqp1Fgwvmdsgg,국립극장 National Theater of Korea,2026-04-26T03:42:10Z,17,0.28,True,7884.0,31.0,0.0,https://www.youtube.com/watch?v=2MnANBUA1AQ,37700,1210,PF253877,"국립국악관현악단, 소년소녀를 위한 소소 음악회",한국음악(국악),국립극장 달오름극장,2025-05-30,2025-05-31,,,,shard_26,confirmed,"signal_scorer: verified->review 재검토 필요 (날짜 불일치 감지, 자동삭제 아님)",shorts
QLyPLZ9hXBk,"""Bei Männern, welche Liebe fühlen""  마술피리 김순영,안갑성[국립오페라단]","Pamina Soonyoung Kim 
Papageno Kapsung Ahn
Conductor Tomas Roesner
2019.3.30 in Korea National Theater",UC58npQn6sTed5gD8ddKwOWQ,[소프라노 김순영 ] Soonyoung Kim,2019-05-11T23:39:53Z,214,3.57,False,7430.0,108.0,5.0,https://www.youtube.com/watch?v=QLyPLZ9hXBk,6770,38,PF238252,"국립오페라단, 마술피리 [음성]",서양음악(클래식),음성문화예술회관 대공연장,2024-04-25,2024-04-25,,,,shard_26,confirmed,"signal_scorer: verified->review 재검토 필요 (날짜 불일치 감지, 자동삭제 아님)",general
o4ftsMXgxAo,💛울산💛#판타스틱 공연장 #까꿍이#판타스틱#언양#막공,"2024.3.1 ~ 3.3 (3일간) 
울산 언양 힘실어 주시고 
응원해 주신 우리 까꿍이 
언니💛오라버니 진심으로
감사하고 고맙습니다🙇‍♀️

까꿍이는 이틀쉬고 
광양으로가서 다시 
찾아뵙도록 하겠습니다.

항상 행복하시고 
웃는일만 가득하시길 바랍니다.


#까꿍이 
#까꿍이품바 
#언양 
#2024 
#3월",UCM1AJHtAf1WyusVr613ewxQ,까꿍이TV 공식채널,2024-03-04T00:36:14Z,6972,116.2,False,1756.0,,13.0,https://www.youtube.com/watch?v=o4ftsMXgxAo,2230,179,PF293043,판타스틱 [광양],뮤지컬,광양시문화예술회관 대공연장,2026-06-12,2026-06-12,,,,shard_26,confirmed,"signal_scorer: verified->review 재검토 필요 (날짜 불일치 감지, 자동삭제 아님)",general
wm7ng62OsSA,#rotary3650 - #모던테이블 무용단 #다크니스품바 : 2021-22 국제로타리3650지구 제60년차 지구대회 (2022.04.22) #안무가 #김재덕 #모던테이블,"축하공연 - #모던테이블 무용단 #다크니스품바
: 2021-22 국제로타리3650지구 제60년차 지구대회 
(2022.04.22) Grand Hyatt Seoul
#안무가 #김재덕 #모던테이블 #다크니스품바

모던테이블 무용단

작품명 : 다크니스 품바
출연자.  무용수: 김재덕, 이운기, 김한솔, 김남훈, 정철한, 김지공, 조휘성
뮤지션: 윤석기, 허성은, 허철주, 김형민

안무가 김재덕 프로필

뉴질랜드 현대무용단 'Sigan' 초청안무 
상파울루시립발레단 'Nak:Ta' 초청안무 
국립현대무용단 'Agon' 안무
부에노스아이레스 국립 현대무용단 'Tenssion Espartial' 초정 안무 
싱가폴 T.H.E 무용단 (MR.Sign 등 10개 작품 ) 안무 
스위스 바젤 DFW(Dancers for world) _'HA-KI' 초청 안무 
프랑스 파리국립무용센터(CND)주최 'Camping ete' 한국대표 supervisor로 참여

#다크니스품바 소개

현대무용과 현장감 있는 라이브밴드, 소리꾼의 판소리를 통해, 한국의 전통적인 요소가 모던테이블만의 방식으로 컨템포러리 무용 속에 잘 묻어난 작품이다. 
동양적 오브제를 통해 현장에서 즉석으로 현장감있는 사운드를 만들고, 전원 남성으로 이루어진 무용수들의 역동적인 곡선미가 드러나는 움직임은 작품  다크니스품바가 지니는 유니크한 특징 이다. 

별도의 무대세트없이 빠르게 전개되는 동작과 동시에 기타, 베이스, 드럼의 라이브 연주, 그리고 소리꾼의 판소리가 함께 어우러진다. 작품의 중반에 이르면 객석과 무대의 구분은 사라 지고, 춤을 추던 무용수는 객석에 내려와 움직임과 소리로 관객과 소통을 시도한다. 다크니스 품바는 무대위에서만 그치지않고 공연장 전체를 작품의 장소로 하여 관객 모두가 어느 순간 행위자가 되는 열린 소통의 작품이다.

현대적 사운드 매체의 활용과 힘있는 무브먼트의 연계로 전통적 품바의 선율을 신명나는 한바탕 놀음으로 풀어 재해석하였다. 암흑속에서 느껴지는 두려움을 이기기위해 무용수들은 끝없이 춤추고, 또한 노래한다. 디오니소스(축제)적인 몸부림임과 동시에, 이를 통해 두려움과 공포를 승화시키는 것이다.
각설이 타령에서 유래된 ""품바""는 생존에 대한 근본적인 문제와 계급 사회가 안겨준 멸시, 학대에 대한 울분에서 비롯된 한恨의 정서를 담고 있다. 다크니스품바는 현대인들이 느끼는 사회적 불안감을 한국의 전통 소재인 ""품바 ""를 통해 현대무용으로 재해석한 작품이다. 

품바타령의 기본멜로디의 골격은 유지하되 현대적 편곡을 통해 재탄생된 음악과 힘있는 움직임의 연계를 통해 한국적이면서도 전세계 남녀노소 모두 즐길 수 있도록 구성되어 있다.

지난 16년간 국내 및 해외 유수페스티벌에 초청되어, 그 공연을 이어오고있다. 일반 댄스페스티벌을 넘어, 뮤직페스티벌, 거리예술페스티벌, 씨어터페스티벌 등 그 범위를 확장시키고 있다.",UCdK9fdyvWFfVIWN6KvtfSsQ,로타리에서 만나요,2022-05-05T10:42:32Z,762,12.7,False,849.0,7.0,0.0,https://www.youtube.com/watch?v=wm7ng62OsSA,1760,346,PF250430,다크니스 품바 [성남],무용(서양/한국무용),성남아트센터 오페라하우스,2024-11-13,2024-11-13,,,,shard_26,confirmed,"signal_scorer: verified->review 재검토 필요 (날짜 불일치 감지, 자동삭제 아님)",general
DzVDQeJPXkU,국립무용단 박재순  보듬고(鼓)  #설북시나위 #북춤 #춤앤판  #고무신춤축제 #홀춤 #독무  #남산국악당,"2025 대한민국무용대축제   춤&판  고무신춤축제
2025.9.4 (목)~6(토)
평일 19:30 주말 18:00
서울남산국악당  첫째날 박재순 독무 보듬고(鼓)

한국춤의 과거와 현재 잇는 장 

‘춤&판(춤앤판)’ 공연은  서울남산국악당에서 국가무형유산을 비롯한 다양한 전통춤 레퍼토리가 독무와 쌍무 형태로 관객과 만난다. 무대에는 공연 첫 번째 날 박재순, 박혜연, 성윤선, 신선아, 안귀호, 오명희, 홍성미가 출연한다. 두 번째 날에는 김현아, 김현정, 민성희, 윤명화, 장래훈, 정경화, 한솔이 출연한다. 춤&판의 마지막 날에는 고경희, 김부경, 김용철, 설자영, 송미숙, 안영화·마효령, 추현주의 무대가 펼쳐진다.",UC_GIP504imePWxxT8P_bHlQ,장화신은고영희,2025-12-13T12:17:47Z,864,14.4,False,335.0,3.0,1.0,https://www.youtube.com/watch?v=DzVDQeJPXkU,77,58,PF279326,"국립무용단, 축제",무용(서양/한국무용),국립극장 하늘극장,2026-02-13,2026-02-18,,,,shard_27,confirmed,"signal_scorer: verified->review 재검토 필요 (날짜 불일치 감지, 자동삭제 아님)",general
Xr8N-wl0R7c,"[부산시립교향악단 VLOG] 단원들의 연주 준비, 같이 보실래요? | NEW WORLD in 부산 콘서트홀","2025년 5월, 부산시향 제620회 정기연주회(부산콘서트홀 개관 시범공연)을 앞두고 부산시립교향악단이 어떤 하루들을 보내고 있었는지 살짝 보여드릴게요!
예술감독님과 단원들이 함께 연습하고, 웃고, 진지해지는 그 순간들까지— 무대에 오르기 전의 부산시향을 담았습니다🎻

홍석원 예술감독과 부산시향 단원들의 진짜 리허설 모먼트, 함께 보실래요?

📌클래식 무대 뒤의 이야기가 궁금하다면
👉구독과 좋아요 그리고 알림 설정, 잊지 마세요!

#부산시립교향악단 #브이로그 #클래식비하인드

🎟 6월 공연 및 프로그램 안내:

[부산시립교향악단 기획음악회 ""미완성 음악회Ⅳ""]

▶ 일시 및 장소
2025년 6월 18일 (수) 19:30 / 부산문화회관 대극장

▶ 출연
지휘 | 홍석원
연주 | 부산시립교향악단

▶ 프로그램
쇼스타코비치 | 교향곡 제10번 3-4악장

▶ 공연문의
051)607-6000(ARS 1번)

[부산시립교향악단 제621회 정기연주회 ""DSCH""]

▶ 일시 및 장소
2025년 6월 19일 (수) 19:30 / 부산문화회관 대극장

▶ 출연
지휘 | 홍석원
첼로 | 최하영
연주 | 부산시립교향악단

▶ 프로그램
쇼스타코비치 | 첼로 협주곡 제1번
쇼스타코비치 | 교향곡 제10번

▶ 공연문의
051)607-6000(ARS 1번)

🎟 7월 공연 및 프로그램 안내:

[부산시립교향악단 제622회 정기연주회 ""여름, 목가""]

▶ 일시 및 장소
2025년 7월 10일 (목) 19:30 / 부산콘서트홀

▶ 출연
지휘 | 홍석원
피아노 | 폴 루이스
연주 | 부산시립교향악단

▶ 프로그램
베토벤 | 피아노 협주곡 제4번
브람스 | 교향곡 제2번

▶ 공연문의
051)607-6000(ARS 1번)",UCeySqDu5BowY_RD5sVYIYug,부산시립예술단TV,2025-06-13T05:45:25Z,279,4.65,False,2192.0,38.0,2.0,https://www.youtube.com/watch?v=Xr8N-wl0R7c,2630,551,PF268158,제622회 부산시립교향악단 정기연주회 [부산],서양음악(클래식),부산콘서트홀 콘서트홀,2025-07-10,2025-07-10,,,,shard_27,confirmed,"signal_scorer: verified->review 재검토 필요 (날짜 불일치 감지, 자동삭제 아님)",general
eOJyrIPVFdw,[Recap Video] SM CLASSICS LIVE 2025 with 서울시립교향악단,"[🎥Recap Video] SM CLASSICS LIVE 2025 with 서울시립교향악단 

지난 2월 14~15일 예술의 전당과 롯데콘서트홀에서 진행한 SM클래식스의 첫 공연, 'SM CLASSICS LIVE 2025 with 서울시립교향악단'! 
 SM의 K-POP과 클래식이 만난 그 순간을 리캡 비디오로 함께 해주세요👋👋🎻 

Memories from SM CLASSICS LIVE 2025🌠🎼 

2025.08.23-24 COMING SOON 

[Music] 
빛 (Hope)
Lyrics, Composed by 강타 (KANGTA)
Orchestrated by 이광일 (Gwang Il Lee), 강상언 (SangUn Kang), 김영상 (Yeongsang Kim), 유재현 (Jaehyun Ryu)
Performed by 서울시립교향악단 (Seoul Philharmonic Orchestra)
Conducted by 김유원 (Yuwon Kim)

#SMCLASSICS_LIVE_2025 
#서울시립교향악단 #Wendy",UCDsha_Ik4_D4bidwJkTrWjg,SM Classics,2025-04-18T03:00:46Z,278,4.63,False,45588.0,4334.0,42.0,https://www.youtube.com/watch?v=eOJyrIPVFdw,18600,57,PF257538,SM CLASSICS LIVE with 서울시립교향악단 [예술의전당],서양음악(클래식),예술의전당 [서울] 콘서트홀,2025-02-14,2025-02-14,,,,shard_27,confirmed,"signal_scorer: verified->review 재검토 필요 (날짜 불일치 감지, 자동삭제 아님)",general
WsOIfnHnkWY,"[뮤지컬 #홍련] 네 얘기의 결말 MV - 홍나현, 이지연 2026","[뮤지컬 #홍련]

""자비심도 복수다?” 

네 얘기의 결말
#홍나현 #이지연

-
𝐌𝐔𝐒𝐈𝐂𝐀𝐋 𝐇𝐎𝐍𝐆𝐑𝐘𝐄𝐎𝐍
스페셜 OST 뮤직비디오 🎙️

2026.2.28 - 5.17
충무아트센터 블랙

CREDIT

BOOK & LYRICS BY SI-HYEON BAE
MUSIC BY SHIN-AE PARK
MUSIC ARRANGEMENT BY SHIN-AE PARK, HAE-JUN LEE, WOONG-RYEOL YOO
MUSIC PRODUCER BY SHIN-AE PARK
MUSIC DIRECTOR BY LEE SUNG JUN, SUNG KYUNG

VOCAL NA-HYUN HONG, JI-YEON LEE

ALL PROGRAMMING BY HAE-JUN LEE
GUITAR PERFORMED BY HAE-JUN LEE
DRUMS PERFORMED BY TAEK-HYUNG KIM
BASS PERFORMED BY IN-CHEOL BAEK
PIANO PERFORMED BY SHIN-AE PARK
GEOMUNGO PERFORMED BY TAE-HOON KANG

EXECUTIVE PRODUCTION BY MARTIN ENTERTAINMENT
EXECUTIVE PRODUCER BY HANNA OK
PRODUCTION TEAM BY IL-SOO LEE, ARIN KIM, DU-IL KIM

RECORDING STUDIO BY SOUND MANIA, SEOUL STUDIO
MIXING & MASTERING BY YOUNG-JUN HWANG (ERUM SOUND)

PROPS DESIGN BY LEE SO JUNG
HAIR & MAKE-UP BY SHIN NANA, KIM DA JEONG, KIM YU JEONG

PR & MARKETING BY LORGNETTE

A FILM BY JAYFACTORY
DIRECTOR BY LEE JAEWOO (JAYFACTORY)



PRODUCER BY SENA, JAPA (WHATEVER)



PRODUCTION TEAM
KIM TAEKYUNG, PARK JAEBEOM, SEO SEUNGJAE



DIRECTOR OF PHOGRAPHY BY KIM SUNGMIN
1ST KIM JEEHWAN
2ND OH JINUK

GAFFER BY KIM JUNHO (ALDL LIGHT)
1ST LEE DAEHAN
2ND HONG JUNKI
3RD SIN DUCHEOL
4RD LEE JANGHWAN


SHOW LIGHT BY KIM JINHO (ALDL LIGHT)


EDIT BY LEE JAEWOO (JAYFACTORY)
POST PRODUCTION BY LEE JAEWOO (JAYFACTORY)


STYLIST BY KANG HANBYEL
STYLE 
ASSISTANT BY CHOI SUSIE
COSTUME SUPPORTED BY LETTRE DE LETOILE",UCS1qt7mi9xkCy0PtcIxXiKA,뮤지컬 홍련,2026-03-11T13:00:58Z,243,4.05,False,105329.0,1822.0,77.0,https://www.youtube.com/watch?v=WsOIfnHnkWY,2390,90,PF257030,홍련 [공주],뮤지컬,공주문예회관 대공연장,2025-11-14,2025-11-15,,,,shard_27,confirmed,"signal_scorer: verified->review 재검토 필요 (날짜 불일치 감지, 자동삭제 아님)",general
h8x1FYj-VbE,[뮤지컬 #홍련] M. 담장 안 소녀,"[뮤지컬 #홍련]

🕯 음원 선공개 #1
M. 담장 안 소녀

홍련 #한재아 #김이후 #홍나현

2024.7.30 - 10.20
대학로 자유극장",UCS1qt7mi9xkCy0PtcIxXiKA,뮤지컬 홍련,2024-07-12T07:00:54Z,218,3.63,False,258871.0,1602.0,57.0,https://www.youtube.com/watch?v=h8x1FYj-VbE,2390,90,PF257030,홍련 [공주],뮤지컬,공주문예회관 대공연장,2025-11-14,2025-11-15,,,,shard_27,confirmed,"signal_scorer: verified->review 재검토 필요 (날짜 불일치 감지, 자동삭제 아님)",general
V5VMWDeqb44,[뮤지컬 #홍련] 괴물 MV - 강혜인 2026,"[뮤지컬 #홍련]

""감히 누구 이름을 함부로 지껄여” 

괴물
#강혜인

-
𝐌𝐔𝐒𝐈𝐂𝐀𝐋 𝐇𝐎𝐍𝐆𝐑𝐘𝐄𝐎𝐍
스페셜 OST 뮤직비디오 🎙️

2026.2.28 - 5.17
충무아트센터 블랙

CREDIT

BOOK & LYRICS BY SI-HYEON BAE
MUSIC BY SHIN-AE PARK
MUSIC ARRANGEMENT BY SHIN-AE PARK, HAE-JUN LEE, WOONG-RYEOL YOO
MUSIC PRODUCER BY SHIN-AE PARK
MUSIC DIRECTOR BY LEE SUNG JUN, SUNG KYUNG

VOCAL HYE-IN KANG

ALL PROGRAMMING BY HAE-JUN LEE
GUITAR PERFORMED BY HAE-JUN LEE
BASS PERFORMED BY HAE-JUN LEE
PIANO PERFORMED BY YE-SOL HONG

EXECUTIVE PRODUCTION BY MARTIN ENTERTAINMENT
EXECUTIVE PRODUCER BY HANNA OK
PRODUCTION TEAM BY IL-SOO LEE, ARIN KIM, DU-IL KIM

RECORDING STUDIO BY SOUND MANIA, SEOUL STUDIO
MIXING & MASTERING BY YOUNG-JUN HWANG (ERUM SOUND)

PROPS DESIGN BY LEE SO JUNG
HAIR & MAKE-UP BY SHIN NANA, KIM DA JEONG, KIM YU JEONG

PR & MARKETING BY LORGNETTE

A FILM BY JAYFACTORY
DIRECTOR BY LEE JAEWOO (JAYFACTORY)



PRODUCER BY SENA, JAPA (WHATEVER)



PRODUCTION TEAM
KIM TAEKYUNG, PARK JAEBEOM, SEO SEUNGJAE



DIRECTOR OF PHOGRAPHY BY KIM SUNGMIN
1ST KIM JEEHWAN
2ND OH JINUK

GAFFER BY KIM JUNHO (ALDL LIGHT)
1ST LEE DAEHAN
2ND HONG JUNKI
3RD SIN DUCHEOL
4RD LEE JANGHWAN


SHOW LIGHT BY KIM JINHO (ALDL LIGHT)


EDIT BY LEE JAEWOO (JAYFACTORY)
POST PRODUCTION BY LEE JAEWOO (JAYFACTORY)


STYLIST BY KANG HANBYEL
STYLE 
ASSISTANT BY CHOI SUSIE
COSTUME SUPPORTED BY LETTRE DE LETOILE",UCS1qt7mi9xkCy0PtcIxXiKA,뮤지컬 홍련,2026-03-11T13:00:57Z,192,3.2,False,83380.0,1034.0,45.0,https://www.youtube.com/watch?v=V5VMWDeqb44,2390,90,PF257030,홍련 [공주],뮤지컬,공주문예회관 대공연장,2025-11-14,2025-11-15,,,,shard_27,confirmed,"signal_scorer: verified->review 재검토 필요 (날짜 불일치 감지, 자동삭제 아님)",general
oYqswY0p8v4,[뮤지컬 #홍련] M. 버려진 소녀,"[뮤지컬 #홍련]

🕯 음원 선공개 #2
M. 버려진 소녀

바리 #이아름솔 #김경민 #이지연

2024.7.30 - 10.20
대학로 자유극장",UCS1qt7mi9xkCy0PtcIxXiKA,뮤지컬 홍련,2024-07-12T07:16:03Z,184,3.07,False,186108.0,1138.0,22.0,https://www.youtube.com/watch?v=oYqswY0p8v4,2390,90,PF257030,홍련 [공주],뮤지컬,공주문예회관 대공연장,2025-11-14,2025-11-15,,,,shard_27,confirmed,"signal_scorer: verified->review 재검토 필요 (날짜 불일치 감지, 자동삭제 아님)",general
NsXko-tUgNY,[뮤지컬 #홍련] 씻김_사랑하라 MV - 이아름솔 2026,"[뮤지컬 #홍련]

""그리하여 제발 너 아무 죄 없으라” 

씻김_사랑하라
#이아름솔

-
𝐌𝐔𝐒𝐈𝐂𝐀𝐋 𝐇𝐎𝐍𝐆𝐑𝐘𝐄𝐎𝐍
스페셜 OST 뮤직비디오 🎙️

2026.2.28 - 5.17
충무아트센터 블랙

CREDIT

BOOK & LYRICS BY SI-HYEON BAE
MUSIC BY SHIN-AE PARK
MUSIC ARRANGEMENT BY SHIN-AE PARK, HAE-JUN LEE, WOONG-RYEOL YOO
MUSIC PRODUCER BY SHIN-AE PARK
MUSIC DIRECTOR BY LEE SUNG JUN, SUNG KYUNG
CHOREOGRAPHY BY JIN KIM

VOCAL AREUMSOL LEE

ALL PROGRAMMING BY HAE-JUN LEE
GUITAR PERFORMED BY HAE-JUN LEE
DRUMS PERFORMED BY TAEK-HYUNG KIM
BASS PERFORMED BY IN-CHEOL BAEK
PIANO PERFORMED BY SHIN-AE PARK
GEOMUNGO PERFORMED BY TAE-HOON KANG

EXECUTIVE PRODUCTION BY MARTIN ENTERTAINMENT
EXECUTIVE PRODUCER BY HANNA OK
PRODUCTION TEAM BY IL-SOO LEE, ARIN KIM, DU-IL KIM

RECORDING STUDIO BY SOUND MANIA, SEOUL STUDIO
MIXING & MASTERING BY YOUNG-JUN HWANG (ERUM SOUND)

PROPS DESIGN BY LEE SO JUNG
HAIR & MAKE-UP BY SHIN NANA, KIM DA JEONG, KIM YU JEONG

PR & MARKETING BY LORGNETTE

A FILM BY JAYFACTORY
DIRECTOR BY LEE JAEWOO (JAYFACTORY)



PRODUCER BY SENA, JAPA (WHATEVER)



PRODUCTION TEAM
KIM TAEKYUNG, PARK JAEBEOM, SEO SEUNGJAE



DIRECTOR OF PHOGRAPHY BY KIM SUNGMIN
1ST KIM JEEHWAN
2ND OH JINUK

GAFFER BY KIM JUNHO (ALDL LIGHT)
1ST LEE DAEHAN
2ND HONG JUNKI
3RD SIN DUCHEOL
4RD LEE JANGHWAN


SHOW LIGHT BY KIM JINHO (ALDL LIGHT)


EDIT BY LEE JAEWOO (JAYFACTORY)
POST PRODUCTION BY LEE JAEWOO (JAYFACTORY)


STYLIST BY KANG HANBYEL
STYLE 
ASSISTANT BY CHOI SUSIE
COSTUME SUPPORTED BY LETTRE DE LETOILE",UCS1qt7mi9xkCy0PtcIxXiKA,뮤지컬 홍련,2026-03-11T13:00:44Z,301,5.02,False,58297.0,1286.0,67.0,https://www.youtube.com/watch?v=NsXko-tUgNY,2390,90,PF257030,홍련 [공주],뮤지컬,공주문예회관 대공연장,2025-11-14,2025-11-15,,,,shard_27,confirmed,"signal_scorer: verified->review 재검토 필요 (날짜 불일치 감지, 자동삭제 아님)",general
lPZeyvm1deg,[뮤지컬 #홍련] 괴물 MV - 이지혜 2026,"[뮤지컬 #홍련]

""감히 누구 이름을 함부로 지껄여” 

괴물
#이지혜

-
𝐌𝐔𝐒𝐈𝐂𝐀𝐋 𝐇𝐎𝐍𝐆𝐑𝐘𝐄𝐎𝐍
스페셜 OST 뮤직비디오 🎙️

2026.2.28 - 5.17
충무아트센터 블랙

CREDIT

BOOK & LYRICS BY SI-HYEON BAE
MUSIC BY SHIN-AE PARK
MUSIC ARRANGEMENT BY SHIN-AE PARK, HAE-JUN LEE, WOONG-RYEOL YOO
MUSIC PRODUCER BY SHIN-AE PARK
MUSIC DIRECTOR BY LEE SUNG JUN, SUNG KYUNG

VOCAL JI-HYE LEE

ALL PROGRAMMING BY HAE-JUN LEE
GUITAR PERFORMED BY HAE-JUN LEE
BASS PERFORMED BY HAE-JUN LEE
PIANO PERFORMED BY YE-SOL HONG

EXECUTIVE PRODUCTION BY MARTIN ENTERTAINMENT
EXECUTIVE PRODUCER BY HANNA OK
PRODUCTION TEAM BY IL-SOO LEE, ARIN KIM, DU-IL KIM

RECORDING STUDIO BY SOUND MANIA, SEOUL STUDIO
MIXING & MASTERING BY YOUNG-JUN HWANG (ERUM SOUND)

PROPS DESIGN BY LEE SO JUNG
HAIR & MAKE-UP BY SHIN NANA, KIM DA JEONG, KIM YU JEONG

PR & MARKETING BY LORGNETTE

A FILM BY JAYFACTORY
DIRECTOR BY LEE JAEWOO (JAYFACTORY)



PRODUCER BY SENA, JAPA (WHATEVER)



PRODUCTION TEAM
KIM TAEKYUNG, PARK JAEBEOM, SEO SEUNGJAE



DIRECTOR OF PHOGRAPHY BY KIM SUNGMIN
1ST KIM JEEHWAN
2ND OH JINUK

GAFFER BY KIM JUNHO (ALDL LIGHT)
1ST LEE DAEHAN
2ND HONG JUNKI
3RD SIN DUCHEOL
4RD LEE JANGHWAN


SHOW LIGHT BY KIM JINHO (ALDL LIGHT)


EDIT BY LEE JAEWOO (JAYFACTORY)
POST PRODUCTION BY LEE JAEWOO (JAYFACTORY)


STYLIST BY KANG HANBYEL
STYLE 
ASSISTANT BY CHOI SUSIE
COSTUME SUPPORTED BY LETTRE DE LETOILE",UCS1qt7mi9xkCy0PtcIxXiKA,뮤지컬 홍련,2026-03-11T13:01:32Z,194,3.23,False,47809.0,817.0,62.0,https://www.youtube.com/watch?v=lPZeyvm1deg,2390,90,PF257030,홍련 [공주],뮤지컬,공주문예회관 대공연장,2025-11-14,2025-11-15,,,,shard_27,confirmed,"signal_scorer: verified->review 재검토 필요 (날짜 불일치 감지, 자동삭제 아님)",general
wCEpoYjswQE,[뮤지컬 #홍련] M09. 네 얘기의 결말,"""이 세상이 정해놓은
틀과 선에 갇힌 너의 얘기""

🎥 M09. 네 얘기의 결말

홍련 #이지혜
바리 #이아름솔

2026.2.28 - 5.17
충무아트센터 중극장 블랙",UCS1qt7mi9xkCy0PtcIxXiKA,뮤지컬 홍련,2026-04-28T04:01:02Z,180,3.0,False,24460.0,511.0,36.0,https://www.youtube.com/watch?v=wCEpoYjswQE,2390,90,PF257030,홍련 [공주],뮤지컬,공주문예회관 대공연장,2025-11-14,2025-11-15,,,,shard_27,confirmed,"signal_scorer: verified->review 재검토 필요 (날짜 불일치 감지, 자동삭제 아님)",shorts
ufNnNFGK4Go,[뮤지컬 #홍련] M06. 괴물,"""열여섯 소녀가 사랑 없이 죽어갈 때
당신들은 뭘 했지""

🎥 M06. 괴물

홍련 #김이후 #홍나현

2026.2.28 - 5.17
충무아트센터 중극장 블랙",UCS1qt7mi9xkCy0PtcIxXiKA,뮤지컬 홍련,2026-04-27T11:01:25Z,186,3.1,False,20627.0,497.0,21.0,https://www.youtube.com/watch?v=ufNnNFGK4Go,2390,90,PF257030,홍련 [공주],뮤지컬,공주문예회관 대공연장,2025-11-14,2025-11-15,,,,shard_27,confirmed,"signal_scorer: verified->review 재검토 필요 (날짜 불일치 감지, 자동삭제 아님)",general
UEKBG5owE8o,[뮤지컬 #홍련] TEASER,"⚖️ 티저 영상 공개

“곱게 땋은 댕기머리
꼭꼭 감춘 쓰개치마
그 안의 소녀는 어떤 표정일까”

2026.2.28 - 5.17
충무아트센터 중극장 블랙",UCS1qt7mi9xkCy0PtcIxXiKA,뮤지컬 홍련,2026-01-07T00:11:50Z,30,0.5,True,3436.0,175.0,21.0,https://www.youtube.com/watch?v=UEKBG5owE8o,2390,90,PF257030,홍련 [공주],뮤지컬,공주문예회관 대공연장,2025-11-14,2025-11-15,,,,shard_27,confirmed,"signal_scorer: verified->review 재검토 필요 (날짜 불일치 감지, 자동삭제 아님)",shorts
IoZ7U-_Vw2c,[대학로극장 쿼드] 2024 쿼드초이스 '구구선 사람들' 창작진 인터뷰,"📍판소리로 재탄생한 한국판 레미제라블
📍새로운 등장인물 '꼬리'! 
📍삽입곡 '이랑-늑대가 나타났다'까지!
📍스핀오프로 완전히 새로워진 2024년 #구구선사람들



🚢

""이번 '구구선 사람들'은 3년 차에 접어드는 작품으로, 이전 버전과는 조금 다르게 새롭게 꾸며보고 있습니다. 이전에 만들었던 '구구선 사람들'의 스핀오프 형식이라고 생각하고 작업을 하고 있죠.""

-입과손스튜디오 인터뷰 中


#입과손스튜디오
'구구선 사람들'
2024.09.24-09.29

🎫 '구구선 사람들' 예매 바로가기
https://www.quad.or.kr/product/performance/1201

🎫 대학로극장 쿼드 홈페이지 바로가기
https://www.quad.or.kr",UCeQKlCS0hnyWdlbiMq_fjiQ,서울문화재단,2024-09-10T07:38:22Z,444,7.4,False,198.0,2.0,0.0,https://www.youtube.com/watch?v=IoZ7U-_Vw2c,11300,3375,PF214286,판소리 레미제라블: 구구선 사람들,한국음악(국악),두산아트센터 Space111,2023-04-08,2023-04-22,,,,shard_27,confirmed,"signal_scorer: verified->review 재검토 필요 (날짜 불일치 감지, 자동삭제 아님)",general
hFRp8aiNwTU,"2024 쿼드초이스 - [구구선 사람들], [오류의 방] #프롤로그 #teaser #입과손스튜디오","판소리 창작의 무한한 가능성-
새로운 시선의 ‘레미제라블’을 블랙박스 극장에서 만나는 기회.

#입과손스튜디오

🌊 판소리로 재탄생한 한국판 레미제라블
[구구선 사람들]



🛡️사회를 지킬 것인가, 아니면 공격할 것인가.
불쌍한 남자 자베르가 사는 [오류의 방]

📍2024 서울국제공연예술제(SPAF) 참가작
📍공연 영문 자막 제공

🎫 판in블랙 패키지 구성
① 9.24-9.29 [구구선 사람들] 
② 10.3-10.6 [오류의 방]
기간 : 2024.08.01.~08.15. 단 2주 간, 50% 할인, 100세트 선착순 한정 판매!

🎫 예매처 : 대학로극장 쿼드 홈페이지  www.quad.or.kr",UClehPkdYJItwepx0x2kipNw,대학로극장 쿼드(QUAD),2024-08-02T00:59:10Z,53,0.88,True,1105.0,13.0,0.0,https://www.youtube.com/watch?v=hFRp8aiNwTU,417,138,PF214286,판소리 레미제라블: 구구선 사람들,한국음악(국악),두산아트센터 Space111,2023-04-08,2023-04-22,,,,shard_27,confirmed,"signal_scorer: verified->review 재검토 필요 (날짜 불일치 감지, 자동삭제 아님)",shorts
tRJ_2R-idmE,2024 쿼드초이스 [구구선 사람들] #쿼드인사이드 #관람팁 #interview,"한국판 레미제라블을 100% 즐기는 방법들!

 🏝️

#입과손스튜디오
[구구선 사람들]
2024.09.24~09.29",UClehPkdYJItwepx0x2kipNw,대학로극장 쿼드(QUAD),2024-09-05T09:23:58Z,20,0.33,True,99.0,3.0,0.0,https://www.youtube.com/watch?v=tRJ_2R-idmE,417,138,PF214286,판소리 레미제라블: 구구선 사람들,한국음악(국악),두산아트센터 Space111,2023-04-08,2023-04-22,,,,shard_27,confirmed,"signal_scorer: verified->review 재검토 필요 (날짜 불일치 감지, 자동삭제 아님)",shorts
X3SDnZ0H-Ys,"2024 쿼드초이스 - [구구선 사람들], [오류의 방] #프롤로그 #teaser #입과손스튜디오","판소리 창작의 무한한 가능성-
새로운 시선의 ‘레미제라블’을 블랙박스 극장에서 만나는 기회.

#입과손스튜디오

🌊 판소리로 재탄생한 한국판 레미제라블
[구구선 사람들]



🛡️사회를 지킬 것인가, 아니면 공격할 것인가.
불쌍한 남자 자베르가 사는 [오류의 방]

📍2024 서울국제공연예술제(SPAF) 참가작
📍공연 영문 자막 제공

🎫 판in블랙 패키지 구성
① 9.24-9.29 [구구선 사람들] 
② 10.3-10.6 [오류의 방]
기간 : 2024.08.01.~08.15. 단 2주 간, 50% 할인, 100세트 선착순 한정 판매!

🎫 예매처 : 대학로극장 쿼드 홈페이지  www.quad.or.kr",UClehPkdYJItwepx0x2kipNw,대학로극장 쿼드(QUAD),2024-08-02T01:00:19Z,53,0.88,True,1425.0,4.0,0.0,https://www.youtube.com/watch?v=X3SDnZ0H-Ys,417,138,PF214286,판소리 레미제라블: 구구선 사람들,한국음악(국악),두산아트센터 Space111,2023-04-08,2023-04-22,,,,shard_27,confirmed,"signal_scorer: verified->review 재검토 필요 (날짜 불일치 감지, 자동삭제 아님)",shorts
OgNZhAoxUjc,[ 이향하 ] - Rhythm in Newwave (from 판소리 긴긴밤) (수림뉴웨이브2022-신파:Newwave),"2022.10.05 발매(음반-옴니버스)
[Various Artists (수림뉴웨이브2022 아티스트) 신파 Newwave]

이향하[Rhythm in Newwave (from 판소리 긴긴밤)]
https://blog.naver.com/guksuldang/222892200796

- 앨범정보 -
‘수림뉴웨이브’는 한국음악 중심 창작콘텐츠 발표의 장을 마련해 창의적이고 실력 있는 아티스트를 발굴·지원하는 우리음악 축제입니다. ‘수림뉴웨이브’는 매해 새로운 주제를 선정해 축제의 메시지와 맥락을 전달하고 있습니다. “올해 수림뉴웨이브가 주목한 아티스트 5인”은 그 해의 주제를 반영한 창작곡을 포함하여 자신의 색깔을 담은 자유로운 공연을 선보입니다.

‘수림뉴웨이브 2022’의 주제는 ‘신파’입니다. “그것이 당시의 신파였듯이, 이것이 지금의 신파임을 보여줄 것”을 전달하며, 비하의 뉘앙스로 널리 사용되던 것과 무관하게 참여 아티스트의 작품이 결과적으로 신파(Newwave)임을 나타냅니다.

- 곡설명 -
판소리 ‘긴긴밤’은 온몸으로 삶을 견뎌낸 코뿔소 노든과 그를 따라 걷게 된 어린 펭귄의 로드무비다. 각자의 바다를 향해 끊임없이 걷는 노든과 어린 펭귄은 그 길 가운데서 숱한 긴긴밤을 만난다. ‘리듬 인 뉴웨이브’는 삶이라는 긴 여정에서 만들어내는 각자의 걸음을 노래한다. 수많은 긴긴밤 안에서 빚어내는 모든 존재들의 걸음이 쌓여 새로운 파동을 만들어 다음 세대로 또 그 다음 세대로 전해지는 것이 아닐까? ‘나로 살아간다는 것’의 고통과 두려움, 환희를 견뎌내는 모든 걸음에 대한 고수 이향하의 공감이자 응원을 담았다.

- 프로필 -
2022 판소리 레미제라블_구구선사람들(북서울꿈의숲아트센터,입과손스튜디오)
2020 두개의 눈(국립아시아문화전당 극장 1, 국립아시아문화전당)
2020 완창판소리프로젝트2_강산제수궁가(아르코예술극장 대극장, 입과손스튜디오)

- 크레딧 -
원작 루리 ‘긴긴밤’(문학동네)
작곡·소리북·키보드·타악기·멜로디언·양금 이향하
드럼·전자패드 이유준
베이스 강상훈
소리꾼 이승희

- 음원링크 -
​*멜론 https://bit.ly/3C5OMCh
*지니 https://bit.ly/3SAIHog
*벅스 https://bit.ly/3yhUxf0
*바이브 https://bit.ly/3rBiCJK
*FLO https://bit.ly/3fCi7wp

(국내) 멜론, 지니, 벅스, 네이버뮤직, 플로, 소리바다, 모모플, 바이브(모바일), 카카오뮤직(모바일) 
(해외) 유튜브, 아이튠즈, 애플뮤직, 스포티파이, 아마존, Tidal, DEEZER, QQ뮤직, 쿠거뮤직, 쿠워뮤직, MOOV, KKBOX, MYMUSIC, TRUE ID, KEENG, SB CREATIVE, AWA, Recochoku, GIGA MUSIC, ANDAMUL, LINE MUSIC, Monstar BGM, Mora Touch, MTI, YAMAHA MUSIC, Ototoy, Rakuten Music, U-NEXT, Dwango -글로벌(애플뮤직, 스포티파이,아이튠즈), 중국, 홍콩, 싱가폴, 말레이시, 대만, 태국, 베트남, 일본 플랫폼에 유통됩니다.

수림문화재단
유튜브 : https://www.youtube.com/c/수림문화재단
네이버TV : https://tv.naver.com/srcf
페이스북 : https://www.facebook.com/soorimnewwave
인스타그램 : ＠srnw_official",UCoWpAvTf0nKb4TtwCtj8bmA,수림뉴웨이브,2022-11-07T06:51:56Z,302,5.03,False,2897.0,7.0,0.0,https://www.youtube.com/watch?v=OgNZhAoxUjc,768,132,PF214286,판소리 레미제라블: 구구선 사람들,한국음악(국악),두산아트센터 Space111,2023-04-08,2023-04-22,,,,shard_27,confirmed,"signal_scorer: verified->review 재검토 필요 (날짜 불일치 감지, 자동삭제 아님)",general
DKjyn1Nt664,봉숭아 잎 물들이며-강동구립여성합창단,"허난설헌 시 / 조성은 곡

2023.09.21 제13회 강동 예술인 페스티벌",UCfsfu2ATSFgDdSHQCOrvWVw,강동구립여성합창단,2023-09-25T08:49:09Z,288,4.8,False,1142.0,20.0,2.0,https://www.youtube.com/watch?v=DKjyn1Nt664,131,57,PF251746,"강동예술인페스티벌, 구립여성합창단",서양음악(클래식),강동아트센터 대극장 한강,2024-10-22,2024-10-22,,,,shard_27,confirmed,"signal_scorer: verified->review 재검토 필요 (날짜 불일치 감지, 자동삭제 아님)",general
HRvlaj3xkGc,나 하나 꽃 피어-강동구립여성합창단,"조동화 작사 / 윤학준 작곡

2023.09.21 제13회 강동 예술인 페스티벌",UCfsfu2ATSFgDdSHQCOrvWVw,강동구립여성합창단,2023-09-25T08:56:57Z,271,4.52,False,2793.0,47.0,5.0,https://www.youtube.com/watch?v=HRvlaj3xkGc,131,57,PF251746,"강동예술인페스티벌, 구립여성합창단",서양음악(클래식),강동아트센터 대극장 한강,2024-10-22,2024-10-22,,,,shard_27,confirmed,"signal_scorer: verified->review 재검토 필요 (날짜 불일치 감지, 자동삭제 아님)",general
JKakNRtry3U,붉은 노을-강동구립여성합창단,"이영훈 작사/작곡

2023.09.21 제13회 강동 예술인 페스티벌",UCfsfu2ATSFgDdSHQCOrvWVw,강동구립여성합창단,2023-09-25T09:10:16Z,225,3.75,False,1340.0,17.0,4.0,https://www.youtube.com/watch?v=JKakNRtry3U,131,57,PF251746,"강동예술인페스티벌, 구립여성합창단",서양음악(클래식),강동아트센터 대극장 한강,2024-10-22,2024-10-22,,,,shard_27,confirmed,"signal_scorer: verified->review 재검토 필요 (날짜 불일치 감지, 자동삭제 아님)",general
JjRPhbjQdzw,아련-강동구립여성합창단,"허림 시 / 윤학준 곡

2023.09.21 제13회 강동 예술인 페스티벌",UCfsfu2ATSFgDdSHQCOrvWVw,강동구립여성합창단,2023-09-25T09:01:21Z,351,5.85,False,970.0,14.0,5.0,https://www.youtube.com/watch?v=JjRPhbjQdzw,131,57,PF251746,"강동예술인페스티벌, 구립여성합창단",서양음악(클래식),강동아트센터 대극장 한강,2024-10-22,2024-10-22,,,,shard_27,confirmed,"signal_scorer: verified->review 재검토 필요 (날짜 불일치 감지, 자동삭제 아님)",general
XsXfmbvQRYw,[뮤지큐음악동화TV] 누가 내 머리에 똥 쌌어?💩/철썩! 오동당동당! 누구의 똥 소리일까요?,"오늘의 동화 : 누가 내 머리에 똥 쌌어?💩 

( 도서 : 누가 내 머리에 똥쌌어? / 글 : 베르너 홀츠바르트 / 그림 : 볼프 에를브루흐 / 출판 : 사계절 / 2002.01.05 )

🎵 뮤지큐음악동화 어린이교육과정

* 음악동화클래스
베이비(6-18개월), 토들러(18-30개월), 유아(30-42개월)

* 영재피아노클래스
프리조기피아노(4-5세), 조기피아노(6,7세), 영재피아노(7세이상, 초등)

🎵 전국교육기관

- 뮤지큐음악동화 사당본원 (소수정예, 김지영 음악교육박사 직강)
- 현대백화점 문화센터
- 신세계백화점 문화센터
- 홈플러스 문화센터
-  ak플라자 문화센터

🎵 교육문의 02-585-5726",UCAgpbrEq5ZptOvCIf_v9HMA,뮤지큐음악동화TV,2020-10-19T04:11:50Z,636,10.6,False,16729.0,167.0,,https://www.youtube.com/watch?v=XsXfmbvQRYw,807,18,PF288944,누가 내 머리에 똥쌌어? [부여],뮤지컬,국립부여박물관 사비마루,2026-05-02,2026-05-02,,,,shard_28,confirmed,"signal_scorer: verified->review 재검토 필요 (날짜 불일치 감지, 자동삭제 아님)",general
cLNJOOeri14,누가 내 머리에 똥 쌌어!,"Provided to YouTube by Recording Industry Association of Korea

누가 내 머리에 똥 쌌어! · 김리안 · 오신현 · 성미현 · 성미현

누가 내 머리에 똥 쌌어!

℗ 2024 RIAK

Released on: 2024-06-28

Auto-generated by YouTube.",UCmvFaYVrQHetP7MjesFD0GA,Release - Topic,2024-06-28T03:02:45Z,147,2.45,False,5984.0,21.0,0.0,https://www.youtube.com/watch?v=cLNJOOeri14,0,1,PF288944,누가 내 머리에 똥쌌어? [부여],뮤지컬,국립부여박물관 사비마루,2026-05-02,2026-05-02,,,,shard_28,confirmed,"signal_scorer: verified->review 재검토 필요 (날짜 불일치 감지, 자동삭제 아님)",general
YvdGmDnTrUg,[함안문화예술회관] 뮤지컬 수박 수영장,"2021.08.07.14:00
2021 한국문화예술회관연합회 방방곡곡 문화공감 공연콘텐츠 공동배급 사업으로  안녕달 작가님의  베스트셀러 모티브한 창작뮤지컬 수박 수영장 제작 하여
- 8. 7. ~ 8. 29. 4개 도시를 투어합니다.
- 장소 : 함안, 남양주, 거창, 함양
 
▶함안은 창작초연 수박수영장 공연을 코로나19 4단계 격상과 지역으로 계속 확산되어 감염예방 차원에서 아쉽지만 부득이 하게 온라인으로 진행합니다. 유튜브 실시간  생중계 2회 합니다.  
많은 관람 부탁드립니다.

[ 수박수영장 설문조사 URL ]
http://naver.me/56IHdwo2 

#한국문화예술회관연합회 
#방방곡곡문화공감사업 
#함안문화예술회관 #대공연장 #뮤지컬수박수영장 #비대면
#온라인공연 #유튜브실시간생중계",UChAG1Kp5MptYchUG8WadE7A,함안군 공식 유튜브채널,2021-08-07T06:06:47Z,4418,73.63,False,51468.0,544.0,39.0,https://www.youtube.com/watch?v=YvdGmDnTrUg,9340,383,PF239400,수박수영장 [거창],뮤지컬,거창문화센터 공연장,2024-04-27,2024-04-27,,,,shard_28,confirmed,"signal_scorer: verified->review 재검토 필요 (날짜 불일치 감지, 자동삭제 아님)",general
wyH3_7Ygqiw,[함안문화예술회관] 뮤지컬 수박 수영장,"2021.08.07 17:00
2021 한국문화예술회관연합회 방방곡곡 문화공감 공연콘텐츠 공동배급 사업으로  안녕달 작가님의  베스트셀러 모티브한 창작뮤지컬 수박 수영장 제작 하여
- 8. 7. ~ 8. 29. 4개 도시를 투어합니다.
- 장소 : 함안, 남양주, 거창, 함양
 
▶함안은 창작초연 수박수영장 공연을 코로나19 4단계 격상과 지역으로 계속 확산되어 감염예방 차원에서 아쉽지만 부득이 하게 온라인으로 진행합니다. 유튜브 실시간  생중계 2회 합니다.  
많은 관람 부탁드립니다.

[ 수박수영장 설문조사 URL ]
http://naver.me/56IHdwo2 

#한국문화예술회관연합회 
#방방곡곡문화공감사업 
#함안문화예술회관 #대공연장 #뮤지컬수박수영장 #비대면
#온라인공연 #유튜브실시간생중계",UChAG1Kp5MptYchUG8WadE7A,함안군 공식 유튜브채널,2021-08-07T09:13:36Z,4453,74.22,False,30895.0,384.0,18.0,https://www.youtube.com/watch?v=wyH3_7Ygqiw,9340,383,PF239400,수박수영장 [거창],뮤지컬,거창문화센터 공연장,2024-04-27,2024-04-27,,,,shard_28,confirmed,"signal_scorer: verified->review 재검토 필요 (날짜 불일치 감지, 자동삭제 아님)",general
dEec18_8Gxk,해치의 꿈 - 작곡 오병희 (예비반) #해운대구립소년소녀합창단,"2025.12.06 (토) 
해운대구립소년소녀합창단 제34회 정기연주회 영화의 전당 (하늘연극장)
""화합과 우정의 선율, 평화를 노래하다""

예비반 교육진: 
지휘: 권영기 / 반주: 정은경  / 트레이너: 정민정  / 안무 : 이윤혜

해운대구립소년소녀합창단은 
1999년 창단되어 26년의 역사와 전통을 자랑하는 해운대를 대표하는 명문 합창단이다. 
2025년  제34회 정기연주회를 비롯해 제1회 부산국제영화제 개막식, 부산항 개항 기념행사, 신세계 키자니아 오픈식 등 다수의 주요 초청 무대에 오르며 해운대구의 문화예술 위상을 널리 알려왔다.

또한 조수미, 인순이, 양희은 등 국내 정상급 아티스트들과의 협연을 통해 
뛰어난 음악성과 예술적 역량을 인정받았으며, 미국 캘리포니아 퍼시픽 보이콰이어, 독일 도르트문트 청소년 합창단, 일본 나고야 포럼21킨더코어 소년소녀합창단  초청 교류음악회및 세계적 지휘자 정명훈 선생님과 함께하며 인정받은「카르멘」  오페라 출연을 통해 완성도 높은 합창단의 예술적 깊이와 무대 경험을 한층 확장시켰다.

2023년 제19회 부산국제합창제 청소년 부문 금상(1위) 및 부산광역시장상을 수상하였고, 2024년에는 국립합창단 주최 제6회 전국 소년소녀합창대회 동상, 제20회 부산국제합창제 동상(3위), 제13회 양산 전국 청소년 합창경연대회에서 최우수상을 수상하며 전국 최고 수준의 실력을 다시 한번 입증하였다.

연간 15회 이상의 많은 공연과 초청 연주를 소화하고 있는 해운대구립소년소녀합창단은 음악을 통한 바른 인성 교육과 글로벌 문화 인재 양성을 목표로, 지역을 넘어 세계를 향해 힘차게 노래하고 있다.",UCDd5YhlnRL8O5VBeoXqmjtg,bluchoir,2026-01-08T02:03:25Z,149,2.48,False,50.0,0.0,0.0,https://www.youtube.com/watch?v=dEec18_8Gxk,872,325,PF251972,제33회 해운대구립 소년소녀합창단 정기연주회,서양음악(클래식),(재) 영화의전당 하늘연극장,2024-10-27,2024-10-27,,,,shard_28,confirmed,"signal_scorer: verified->review 재검토 필요 (날짜 불일치 감지, 자동삭제 아님)",shorts
Eg_bhaPzZq4,[2026 뮤지컬 #웨스턴스토리] 캐스트 공개 티저 영상,"𝟐𝟎𝟐𝟔 𝐌𝐔𝐒𝐈𝐂𝐀𝐋 𝐖𝐄𝐒𝐓𝐄𝐑𝐍 𝐒𝐓𝐎𝐑𝐘

| 캐스트 공개 티저 영상 | 

“전설이 시작돼, 이곳 서부에서
 기대해, 나의 웨스턴 스토리”

💎제인 존슨 | 조영화 이채원 표바하
🔫빌리 후커 | 박규원 정욱진 홍기범
💰와이어트 어프 | 김도빈 송원근 최호승
💰조세핀 마커스 | 한보라 최수진 주다온
💰조니 링고 | 원종환 정상윤 최호중
🌵버드 | 박세훈 이동희
🌵해리 | 신준석 신은호

2026.07.01 - 09.27
NOL 유니플렉스 1관",UC9u2qi8WiCOBS4YRAB9luJg,뉴프로덕션,2026-05-07T01:00:35Z,61,1.02,False,3866.0,141.0,11.0,https://www.youtube.com/watch?v=Eg_bhaPzZq4,21300,402,PF272628,웨스턴 스토리 [의령],뮤지컬,의령군민문화회관,2025-09-13,2025-09-13,,,,shard_28,confirmed,"signal_scorer: verified->review 재검토 필요 (날짜 불일치 감지, 자동삭제 아님)",shorts
N_SyIeSe6EQ,[부산시립교향악단] 미완성 음악회Ⅳ 하이라이트.zip,"2025년 6월, 제621회 정기연주회의 오픈 리허설 ‘미완성 음악회’에서는 쇼스타코비치 교향곡 제10번의 3, 4악장 리허설 무대가 펼쳐졌습니다. 이번 비하인드에서는 미완성 음악회의 재밌는 순간들만 모아 하이라이트로 전해드립니다! 무대 위 생생한 리허설, 그 특별한 매력을 함께 느껴보세요🎻

📌클래식 무대 뒤의 이야기가 궁금하다면
👉구독과 좋아요 그리고 알림 설정, 잊지 마세요!
#부산시립교향악단 #브이로그 #미완성음악회
다가오는 부산시립교향악단의 공연도 많은 관심과 사랑 부탁드립니다🫶

🎟 8월 공연 및 프로그램 안내:
[부산시립교향악단 기획음악회 실내악 시리즈 Ⅲ 『줌인 Ⅱ』]
▶ 일시 및 장소
2025년 8월 12일 (화) 19:30 / 부산문화회관 챔버홀
▶ 출연
튜바 | 임정빈
피아노 | 백진주
▶ 프로그램
브람스 | 다섯 개의 가곡 中 제1번 ‘저녁 음악’
힌데미트 | 튜바와 피아노를 위한 소나타
윌리엄스 | 튜바 협주곡
텔레만 | 환상곡 제7번
생상스 | 동물의 사육제 中 ‘백조’
윌리엄스 | 튜바 협주곡
▶ 공연문의
051)607-6000(ARS 1번)",UCeySqDu5BowY_RD5sVYIYug,부산시립예술단TV,2025-08-01T04:52:14Z,242,4.03,False,1012.0,20.0,1.0,https://www.youtube.com/watch?v=N_SyIeSe6EQ,2630,551,PF286785,"부산시립교향악단 기획음악회, 실내악 시리즈 Ⅰ: 줌인 Ⅰ",서양음악(클래식),부산문화회관 챔버홀,2026-04-15,2026-04-15,,,,shard_28,confirmed,"signal_scorer: verified->review 재검토 필요 (날짜 불일치 감지, 자동삭제 아님)",general
yTb3qJZMZjE,2019세종국악 방방곡곡 아리랑목동 - 나를 슬프게 하는 사람들(가수 김경호),"2019 한국문화예술회관연합회 
전국 방방곡곡 문화공감 우수공연 선정작!!
세종국악심포니오케스트라(대표 김혜성) &김경호의 
[아리랑목동]

나를 슬프게 하는 사람들 ( 가수 김경호 )


지휘 : 박상우
연주 : 세종국악심포니오케스트라
일시 : 2019.04.18 오후 7시 
장소 : 강진아트홀

1992년 박호성 前단장에 의해 창단한 세종국악관현악단은 2015년부터 새롭게 김혜성 대표가 이끌고 있으며 여민동락의 음악정신을 실현하여 국악기과 양악기가 함께 편성된 최초의 한국음악 전문오케스트라로서 새로움을 추구하고자 합니다.",UC1bDwqbsVZEEW-0pBsp9ktQ,세종국악 sejonggugak,2019-04-25T07:04:11Z,269,4.48,False,1855.0,65.0,8.0,https://www.youtube.com/watch?v=yTb3qJZMZjE,3780,572,PF253473,세종국악심포니오케스트라 & 김경호의 아리랑 목동 [장흥],한국음악(국악),장흥문화예술회관 대공연장,2024-11-21,2024-11-21,,,,shard_28,confirmed,"signal_scorer: verified->review 재검토 필요 (날짜 불일치 감지, 자동삭제 아님)",general
AMxO0vcR3bw,오산오페라단오페라갈라콘서트바리톤김민형Largo (나는 이거리의 제일가는 이발사) W.A.Mozart 세빌리아의 이발사중,"오산오페라단 오페라갈라콘서트 2014.5.8.
Largo (나는 이거리의 제일가는 이발사) -W.A.Mozart opera
세빌리아의 이발사중에서",UCbWVngHgdaFB-Gkt_q1c8-g,Salvato Shin,2014-05-10T02:07:53Z,304,5.07,False,974.0,11.0,0.0,https://www.youtube.com/watch?v=AMxO0vcR3bw,42,11,PF245308,세빌리아의 이발사 [오산],서양음악(클래식),오산문화예술회관 대공연장,2024-08-24,2024-08-25,,,,shard_29,confirmed,"signal_scorer: verified->review 재검토 필요 (날짜 불일치 감지, 자동삭제 아님)",general
TM_8_wRpwHA,240713 토선생 용궁가다 김포 앵콜 진도아리랑 (김준수 focus),"2024.07.13
국립창극단 토선생 용궁가다 
김포아트홀
앵콜곡 진도아리랑 
토끼役 김준수 F.",UCPJX0THyRJoY7X92flL5BRg,dosae,2024-07-15T03:35:09Z,106,1.77,False,1458.0,,11.0,https://www.youtube.com/watch?v=TM_8_wRpwHA,3380,207,PF269537,"국립창극단, 토선생, 용궁가다",한국음악(국악),국립극장 달오름극장,2025-09-25,2025-09-26,,,,shard_29,confirmed,"signal_scorer: verified->review 재검토 필요 (날짜 불일치 감지, 자동삭제 아님)",general
spL-hcENlS4,240713 토선생 용궁가다 김포 커튼콜 (김준수 focus),"2024.07.13 
국립창극단 토선생 용궁가다 
김포아트홀 커튼콜 

토끼役 김준수 F.",UCPJX0THyRJoY7X92flL5BRg,dosae,2024-07-15T03:33:25Z,82,1.37,False,430.0,,7.0,https://www.youtube.com/watch?v=spL-hcENlS4,3380,207,PF269537,"국립창극단, 토선생, 용궁가다",한국음악(국악),국립극장 달오름극장,2025-09-25,2025-09-26,,,,shard_29,confirmed,"signal_scorer: verified->review 재검토 필요 (날짜 불일치 감지, 자동삭제 아님)",general
HS_3q3dNjnw,"2019세종국악 방방곡곡(화천) - 7. 아리랑목동(가수 김경호, 지휘 박상우)","2019 한국문화예술회관연합회 
전국 방방곡곡 문화공감 우수공연 선정작!!

세종국악심포니오케스트라(대표 김혜성) &김경호의 
[아리랑목동]

7. '아리랑목동' (가수 김경호)


지휘 : 박상우
연주 : 세종국악심포니오케스트라
일시 : 2019.07.02 오후 7시 
장소 : 화천문화예술회관



1992년 박호성 前단장에 의해 창단한 세종국악관현악단은 2015년부터 새롭게 김혜성 대표가 이끌고 있으며 여민동락의 음악정신을 실현하여 국악기과 양악기가 함께 편성된 최초의 한국음악 전문오케스트라로서 새로움을 추구하고자 합니다.",UC1bDwqbsVZEEW-0pBsp9ktQ,세종국악 sejonggugak,2019-07-06T09:47:03Z,341,5.68,False,663.0,20.0,0.0,https://www.youtube.com/watch?v=HS_3q3dNjnw,3780,572,PF291527,세종국악관현악단 & 김경호의 아리랑목동 [부산],복합,동래문화회관 대극장,2026-06-19,2026-06-19,,,,shard_29,confirmed,"signal_scorer: verified->review 재검토 필요 (날짜 불일치 감지, 자동삭제 아님)",general
L7sCOh9nZ20,2013 인천남동시민문화회관 연극 레 미제라블 커튼콜2,"2013.10.15

같은 연극에 같은역에 개성강한 배우님들의 
개성강하시고 각각 다른매력이 있으시다능요~
자꾸봐도 몇번을 봐도 재미지고 질리지 않는...
연극이랍니다~~
인천공연 연극 레 미제라블 커튼콜영상입니다~
어린코제트 안채은 많은관심 부탁드리며~
연극 레 미제라블도 많이 사랑해 주세요~",UCV2knPM-TXwnMhYN2QoVnDw,qmfforchl79,2013-10-25T02:35:42Z,188,3.13,False,136.0,1.0,0.0,https://www.youtube.com/watch?v=L7sCOh9nZ20,317,440,PF267217,레미제라블 [인천 남동],무용(서양/한국무용),남동소래아트홀 소래극장 (대공연장) ,2025-07-11,2025-07-12,,,,shard_3,confirmed,"signal_scorer: verified->review 재검토 필요 (날짜 불일치 감지, 자동삭제 아님)",general
dqkK4ia4Haw,2013 인천남동시민문화회관 연극 레 미제라블 커튼콜,"2013.10.15

새로운 배우님들과 새롭게 다시 만들어가고 완성되어가는
또 새로운 재미와 매력이 생겨났답니다~~
인천공연 연극 레 미제라블 커튼콜영상입니다~
어린코제트 안채은 많은관심 부탁드리며~
연극 레 미제라블도 많이 사랑해 주세요~",UCV2knPM-TXwnMhYN2QoVnDw,qmfforchl79,2013-10-25T02:16:24Z,173,2.88,False,303.0,0.0,0.0,https://www.youtube.com/watch?v=dqkK4ia4Haw,317,440,PF267217,레미제라블 [인천 남동],무용(서양/한국무용),남동소래아트홀 소래극장 (대공연장) ,2025-07-11,2025-07-12,,,,shard_3,confirmed,"signal_scorer: verified->review 재검토 필요 (날짜 불일치 감지, 자동삭제 아님)",general
aGyqqUNnULg,레미제라블연극 엔딩노래,"2013.5.23
완도 예술의전당에서 
2시공연
어린코제트로 연기한 우리 안채은..",UCV2knPM-TXwnMhYN2QoVnDw,qmfforchl79,2013-05-24T12:21:55Z,63,1.05,False,1843.0,5.0,0.0,https://www.youtube.com/watch?v=aGyqqUNnULg,317,440,PF267217,레미제라블 [인천 남동],무용(서양/한국무용),남동소래아트홀 소래극장 (대공연장) ,2025-07-11,2025-07-12,,,,shard_3,confirmed,"signal_scorer: verified->review 재검토 필요 (날짜 불일치 감지, 자동삭제 아님)",general
Z9vWS1aTVzs,어린코제트 안채은 연극 레미제라블 무대이벤트,"2013.12.6

잠시 시간 난김에 무대에서~~
나쁜여자,Give it to me
음향조정중인지라.. 
음악이 잘 안나오지만..ㅎ
그냥 귀엽게 봐주세요!!!
채은이 언니 민지양두 살짝~~ㅋ",UCV2knPM-TXwnMhYN2QoVnDw,qmfforchl79,2013-12-07T11:30:05Z,37,0.62,True,607.0,0.0,0.0,https://www.youtube.com/watch?v=Z9vWS1aTVzs,317,440,PF267217,레미제라블 [인천 남동],무용(서양/한국무용),남동소래아트홀 소래극장 (대공연장) ,2025-07-11,2025-07-12,,,,shard_3,confirmed,"signal_scorer: verified->review 재검토 필요 (날짜 불일치 감지, 자동삭제 아님)",shorts
NRbsa1jUZa8,뮤지컬 '레미제라블 스쿨에디션' 금나래 아트홀,2014.2.23 공연 중 리틀코젯의 노래,UC9TgW-jj2AGJy0HfnYXf5aQ,hjyang1020,2014-04-15T12:56:05Z,75,1.25,False,234.0,3.0,0.0,https://www.youtube.com/watch?v=NRbsa1jUZa8,0,4,PF267217,레미제라블 [인천 남동],무용(서양/한국무용),남동소래아트홀 소래극장 (대공연장) ,2025-07-11,2025-07-12,,,,shard_3,confirmed,"signal_scorer: verified->review 재검토 필요 (날짜 불일치 감지, 자동삭제 아님)",general
-v7hjpw7020,레미제라블연극 코제트안채은양의 무대젠틀맨,"2013.5.23
완도 예술의전당에서
레미제라블 어린코제트역에.. 
안채은양..7시공연 
 막간을 이용한 이벤트
누더기코젯버전!",UCV2knPM-TXwnMhYN2QoVnDw,qmfforchl79,2013-05-25T01:31:20Z,103,1.72,False,1375.0,3.0,4.0,https://www.youtube.com/watch?v=-v7hjpw7020,317,440,PF267217,레미제라블 [인천 남동],무용(서양/한국무용),남동소래아트홀 소래극장 (대공연장) ,2025-07-11,2025-07-12,,,,shard_3,confirmed,"signal_scorer: verified->review 재검토 필요 (날짜 불일치 감지, 자동삭제 아님)",general
RGdBoORXlGA,어린코제트 안채은 2013연극 레미제라블 아르코공연 무대이벤트,"2013.12.6

잠시 시간 난김에 무대에서~~
나쁜여자,Give it to me
음향조정중인지라.. 
음악이 잘 안나오지만..ㅎ
그냥 귀엽게 봐주세요!!!
채은이 언니 민지양두 살짝~~ㅋ
쑥스러운지..  제대로 추진 않드라구요
ㅎㅎ",UCV2knPM-TXwnMhYN2QoVnDw,qmfforchl79,2013-12-07T11:48:11Z,92,1.53,False,941.0,1.0,1.0,https://www.youtube.com/watch?v=RGdBoORXlGA,317,440,PF267217,레미제라블 [인천 남동],무용(서양/한국무용),남동소래아트홀 소래극장 (대공연장) ,2025-07-11,2025-07-12,,,,shard_3,confirmed,"signal_scorer: verified->review 재검토 필요 (날짜 불일치 감지, 자동삭제 아님)",general
PrrpLq54VQ8,어린코제트 안채은2013 연극 레미제라블 아르코공연 무대이벤트,"2013.12.6

잠시 시간 난김에 무대에서~~
나쁜여자,Give it to me
음향조정중인지라.. 
음악이 잘 안나오지만..ㅎ
그냥 귀엽게 봐주세요!!!
채은이 언니 민지양두 살짝~~ㅋ",UCV2knPM-TXwnMhYN2QoVnDw,qmfforchl79,2013-12-07T11:50:32Z,102,1.7,False,658.0,0.0,0.0,https://www.youtube.com/watch?v=PrrpLq54VQ8,317,440,PF267217,레미제라블 [인천 남동],무용(서양/한국무용),남동소래아트홀 소래극장 (대공연장) ,2025-07-11,2025-07-12,,,,shard_3,confirmed,"signal_scorer: verified->review 재검토 필요 (날짜 불일치 감지, 자동삭제 아님)",general
-jrX0yDROrA,"[강릉 인(人) 마카콘서트] - 강릉 1,000인음악회 full 영상","[제2회 강릉인人 마카콘서트] 강릉 1,000인음악회
✔ 2020.10.31(토) 강릉 아레나
✔ 강릉시립교향악단, 강릉시립합창단 협연 (온라인 음악축제)
.
✔ 단체 참가자 - 한마음 우쿨렐레/ 이상한술집/ 행복한 오카리나/ 색소폰동호회 깍지/ 솔향소리마루/ 강릉 한마음악단/ 솔바람오카리나/ 강릉예총 청소년합창단/ 강릉예총 청소년플루트앙상블/ 플룻사랑/플룻아모르/ 중앙고등학교/나우색소폰동호회/ 중앙윈도오케스트라/ 강릉스린실버악단/ 박금도플룻아카데미
✔ 개인 참가자 - 홍석빈/ 김유미/ 홍종혁/ 김도연/ 손미란/ 최부걸/ 안종혁/ 천영빈/ 박찬희/ 최순주/ 황찬유/ 한철호/ 권현준/ 박범훈
.
📍http://www.gnart.org/photo.brd/_62.62.274671d/?shell=/index.shell:37",UCXFvLEPz31VX9-uwI2XT2Eg,강릉예총,2020-11-16T06:35:56Z,4422,73.7,False,1257.0,24.0,0.0,https://www.youtube.com/watch?v=-jrX0yDROrA,365,157,PF270733,강릉 청소년 오케스트라 페스티벌,서양음악(클래식),강릉아트센터 (구. 강릉문화예술관) 사임당홀 (대공연장) ,2025-08-23,2025-08-23,,,,shard_3,confirmed,"signal_scorer: verified->review 재검토 필요 (날짜 불일치 감지, 자동삭제 아님)",general
N_SyIeSe6EQ,[부산시립교향악단] 미완성 음악회Ⅳ 하이라이트.zip,"2025년 6월, 제621회 정기연주회의 오픈 리허설 ‘미완성 음악회’에서는 쇼스타코비치 교향곡 제10번의 3, 4악장 리허설 무대가 펼쳐졌습니다. 이번 비하인드에서는 미완성 음악회의 재밌는 순간들만 모아 하이라이트로 전해드립니다! 무대 위 생생한 리허설, 그 특별한 매력을 함께 느껴보세요🎻

📌클래식 무대 뒤의 이야기가 궁금하다면
👉구독과 좋아요 그리고 알림 설정, 잊지 마세요!
#부산시립교향악단 #브이로그 #미완성음악회
다가오는 부산시립교향악단의 공연도 많은 관심과 사랑 부탁드립니다🫶

🎟 8월 공연 및 프로그램 안내:
[부산시립교향악단 기획음악회 실내악 시리즈 Ⅲ 『줌인 Ⅱ』]
▶ 일시 및 장소
2025년 8월 12일 (화) 19:30 / 부산문화회관 챔버홀
▶ 출연
튜바 | 임정빈
피아노 | 백진주
▶ 프로그램
브람스 | 다섯 개의 가곡 中 제1번 ‘저녁 음악’
힌데미트 | 튜바와 피아노를 위한 소나타
윌리엄스 | 튜바 협주곡
텔레만 | 환상곡 제7번
생상스 | 동물의 사육제 中 ‘백조’
윌리엄스 | 튜바 협주곡
▶ 공연문의
051)607-6000(ARS 1번)",UCeySqDu5BowY_RD5sVYIYug,부산시립예술단TV,2025-08-01T04:52:14Z,242,4.03,False,1012.0,20.0,1.0,https://www.youtube.com/watch?v=N_SyIeSe6EQ,2630,551,PF240023,"부산시립교향악단 기획음악회, 미완성 음악회 Ⅱ",서양음악(클래식),부산문화회관 대극장,2024-06-20,2024-06-20,,,,shard_3,confirmed,"signal_scorer: verified->review 재검토 필요 (날짜 불일치 감지, 자동삭제 아님)",general
Xr8N-wl0R7c,"[부산시립교향악단 VLOG] 단원들의 연주 준비, 같이 보실래요? | NEW WORLD in 부산 콘서트홀","2025년 5월, 부산시향 제620회 정기연주회(부산콘서트홀 개관 시범공연)을 앞두고 부산시립교향악단이 어떤 하루들을 보내고 있었는지 살짝 보여드릴게요!
예술감독님과 단원들이 함께 연습하고, 웃고, 진지해지는 그 순간들까지— 무대에 오르기 전의 부산시향을 담았습니다🎻

홍석원 예술감독과 부산시향 단원들의 진짜 리허설 모먼트, 함께 보실래요?

📌클래식 무대 뒤의 이야기가 궁금하다면
👉구독과 좋아요 그리고 알림 설정, 잊지 마세요!

#부산시립교향악단 #브이로그 #클래식비하인드

🎟 6월 공연 및 프로그램 안내:

[부산시립교향악단 기획음악회 ""미완성 음악회Ⅳ""]

▶ 일시 및 장소
2025년 6월 18일 (수) 19:30 / 부산문화회관 대극장

▶ 출연
지휘 | 홍석원
연주 | 부산시립교향악단

▶ 프로그램
쇼스타코비치 | 교향곡 제10번 3-4악장

▶ 공연문의
051)607-6000(ARS 1번)

[부산시립교향악단 제621회 정기연주회 ""DSCH""]

▶ 일시 및 장소
2025년 6월 19일 (수) 19:30 / 부산문화회관 대극장

▶ 출연
지휘 | 홍석원
첼로 | 최하영
연주 | 부산시립교향악단

▶ 프로그램
쇼스타코비치 | 첼로 협주곡 제1번
쇼스타코비치 | 교향곡 제10번

▶ 공연문의
051)607-6000(ARS 1번)

🎟 7월 공연 및 프로그램 안내:

[부산시립교향악단 제622회 정기연주회 ""여름, 목가""]

▶ 일시 및 장소
2025년 7월 10일 (목) 19:30 / 부산콘서트홀

▶ 출연
지휘 | 홍석원
피아노 | 폴 루이스
연주 | 부산시립교향악단

▶ 프로그램
베토벤 | 피아노 협주곡 제4번
브람스 | 교향곡 제2번

▶ 공연문의
051)607-6000(ARS 1번)",UCeySqDu5BowY_RD5sVYIYug,부산시립예술단TV,2025-06-13T05:45:25Z,279,4.65,False,2192.0,38.0,2.0,https://www.youtube.com/watch?v=Xr8N-wl0R7c,2630,551,PF240023,"부산시립교향악단 기획음악회, 미완성 음악회 Ⅱ",서양음악(클래식),부산문화회관 대극장,2024-06-20,2024-06-20,,,,shard_3,confirmed,"signal_scorer: verified->review 재검토 필요 (날짜 불일치 감지, 자동삭제 아님)",general
yj47bYVb4h4,"2019 나의 조국, 나의 노래 '한국가곡의 밤' / 비 목(한명희 시. 장일남 곡) - M.Sop. 추희명","2019 나의 조국, 나의 노래 '한국가곡의 밤'
일시 : 2019.09.17(화)
장소 : 국립중앙박물관 극장 용
기획 : 정혜숙
출연 : 권주용,추희명,김승직.임철민,장일범 외
사회 : 장일범
주최 : (재)안익태기념재단 
주관 : 예술기획파홀로
후원 : 숭실대학교
문의 : (재)안익태기념재단 02) 821-8494 http://ahneaktai.or.kr/ 

Mezzo Soprano 추희명
·서울예고, 이화여대 실기 수석 졸업
·뉴욕 줄리어드 음대 대학원 졸업
·제33회 동아음악콩쿠르 입상, 제6회 이대웅 콩쿨 1위
·조선일보 신인음악회 출연, 뉴욕 푸치니 국제 콩쿨 입상
·국립오페라단 ,서울시 오페라단 외 국내 유수 단체와 오페라  오라토리오 협연
·현) 안양대학교 성악과 교수 

지휘 권 주 용
·서울대학교 임산공학과(음향학) 학/석사, 노던일리노이주립대학교 물리학과(음향학),
음악과(지휘, 오르간) 석사, 워싱턴주립대학교 음악과(오케스트라지휘) 박사 졸업
·제4회 세종음악상 신인상, 제4회 대한민국오페라대상 삼익악기상 수상
·체코 야나첵 필하모닉, KBS교향악단 등 객원 지휘 역임, 2013년 베토벤 교향곡 전곡 지휘
·현 (사)서울오케스트라 전임지휘자, 신성대학교 교수, 성악앙상블 Voce di Anima 음악감독

(사)서울오케스트라
서울오케스트라는 2008년에 창단된 고용노동부 인증 사회적 기업으로 공연 객석의 30%를 사회적 취약계층에 기부하여 음악으로서 사회에 환원하는 전문예술법인입니다. 사회환원 사업의 일환으로 보건복지부 주관 아동정서발달 및 치유서비스와 서울특별시 주관 우리 동네 예술학교 등을 운영하고 있으며 서울오케스트라 콩쿨, 주니어서울오케스트라, 서울패밀리합창단, 내추럴서울오케스트라 등을 운영하고 있습니다.

사회 장일범
·한국외대 러시아어과 졸업, 모스크바 음악원 성악과 수학 
·음악평론가, 서울사이버대학교 성악과 겸임교수, 장일범의 K Classic World 유투버 
·장일범의 유쾌한 클래식 팟캐스터, SBS 김영철의 파워FM 월요일 고정 출연 중 
·JCC아트센터 '혜화마티네 with 장일범' 기획 및 진행 중
·천안예술의전당 11시 콘서트 진행중, 대전예술의전당 '오페라 세상만사' 강의 중 
·아르테 TV 장일범의 러시아 오페라 방영 중

프로그램
1부
첫사랑(김효근 시, 곡) - Sop. 김성혜, Ten. 김승직
아리 아리랑(안정준 곡) - Sop. 김민주
보리밭(박화목 시. 윤용하 곡)) - Ten. 박동일
달 밤(김태오 시. 나운영 곡) - M.Sop. 추희명
그대는 나의 별(한상완 시. 김광자 곡) - Ten. 김승직
나지막한 소리로(고영복 시. 이안삼 곡) - Sop. 김성혜
아무도 모르라고(김동환 시. 임원식 곡) - Bass 임철민
능소화 사랑(노유섭 시. 박영란 곡) - Ten. 이 현, 피리 김지윤
그리워(이은상 시. 채동선 곡) - Sop. 조경화

2부
신 아리랑(신이나 곡) - 피리 김지윤
님이 오시는지(박문호 시. 김규환 곡) - Sop. 정혜숙, 피리 김지윤
내 맘의 강물(이수인 시, 곡) - Ten. 박동일
해바라기(임긍수 시, 곡) - Sop. 김민주
그리운 산해(이태운 시, 곡) - Ten. 김승직
달빛연가(양경환 시. 이태운 곡) - Sop. 조경화
새타령(박희경 시. 조두남 곡) - Sop. 김성혜, 장구 최진석
청산에 살리라(김연준 시, 곡) - Bass 임철민
비 목(한명희 시. 장일남 곡) - M.Sop. 추희명
사랑이여 어디든 가서(문효치 시. 이안삼 곡) - Ten. 이 현
그리운 금강산(한상억 시. 최영섭 곡) - 다 함께

사진. 영상 편집제작 / 김문기_김문기의 포토랜드
http://blog.daum.net/photokin
phone 010-5273-2309",UC9mTG7yvizKx21dB8unxzNQ,김문기의 포토랜드 Kim Moon-gi's Photoland,2019-09-22T01:33:18Z,260,4.33,False,676.0,9.0,0.0,https://www.youtube.com/watch?v=yj47bYVb4h4,15600,10572,PF278457,"대전시립교향악단, 마티네 콘서트 4. 러시아",서양음악(클래식),대전시립연정국악원 작은마당,2025-11-27,2025-11-27,,,,shard_3,confirmed,"signal_scorer: verified->review 재검토 필요 (날짜 불일치 감지, 자동삭제 아님)",general
BrYTehXmkPc,"2019 나의 조국, 나의 노래 '한국가곡의 밤' / 사랑이여 어디든 가서(문효치 시. 이안삼 곡) - Ten. 이 현","2019 나의 조국, 나의 노래 '한국가곡의 밤'
일시 : 2019.09.17(화)
장소 : 국립중앙박물관 극장 용
기획 : 정혜숙
출연 : 권주용,추희명,김승직.임철민,장일범 외
사회 : 장일범
주최 : (재)안익태기념재단 
주관 : 예술기획파홀로
후원 : 숭실대학교
문의 : (재)안익태기념재단 02) 821-8494 http://ahneaktai.or.kr/ 

Tenor 이현
·중앙대학교 졸업, 롯시니국립음악원, 오지모 오페라 아카데미졸업
·금복문화상수상, 한국음악상 공로상, 99년 중앙일보 새뚝이 선정
·질리, 볼피, 비욧티 국제 성악콩쿨 우승
·오페라 30여개 작품 수백회 주역
·현) 영남대학교 성악과교수

Tenor 이현
·중앙대학교 졸업, 롯시니국립음악원, 오지모 오페라 아카데미졸업
·금복문화상수상, 한국음악상 공로상, 99년 중앙일보 새뚝이 선정
·질리, 볼피, 비욧티 국제 성악콩쿨 우승
·오페라 30여개 작품 수백회 주역
·현) 영남대학교 성악과교수

지휘 권 주 용
·서울대학교 임산공학과(음향학) 학/석사, 노던일리노이주립대학교 물리학과(음향학),
음악과(지휘, 오르간) 석사, 워싱턴주립대학교 음악과(오케스트라지휘) 박사 졸업
·제4회 세종음악상 신인상, 제4회 대한민국오페라대상 삼익악기상 수상
·체코 야나첵 필하모닉, KBS교향악단 등 객원 지휘 역임, 2013년 베토벤 교향곡 전곡 지휘
·현 (사)서울오케스트라 전임지휘자, 신성대학교 교수, 성악앙상블 Voce di Anima 음악감독

(사)서울오케스트라
서울오케스트라는 2008년에 창단된 고용노동부 인증 사회적 기업으로 공연 객석의 30%를 사회적 취약계층에 기부하여 음악으로서 사회에 환원하는 전문예술법인입니다. 사회환원 사업의 일환으로 보건복지부 주관 아동정서발달 및 치유서비스와 서울특별시 주관 우리 동네 예술학교 등을 운영하고 있으며 서울오케스트라 콩쿨, 주니어서울오케스트라, 서울패밀리합창단, 내추럴서울오케스트라 등을 운영하고 있습니다.

사회 장일범
·한국외대 러시아어과 졸업, 모스크바 음악원 성악과 수학 
·음악평론가, 서울사이버대학교 성악과 겸임교수, 장일범의 K Classic World 유투버 
·장일범의 유쾌한 클래식 팟캐스터, SBS 김영철의 파워FM 월요일 고정 출연 중 
·JCC아트센터 '혜화마티네 with 장일범' 기획 및 진행 중
·천안예술의전당 11시 콘서트 진행중, 대전예술의전당 '오페라 세상만사' 강의 중 
·아르테 TV 장일범의 러시아 오페라 방영 중

프로그램
1부
첫사랑(김효근 시, 곡) - Sop. 김성혜, Ten. 김승직
아리 아리랑(안정준 곡) - Sop. 김민주
보리밭(박화목 시. 윤용하 곡)) - Ten. 박동일
달 밤(김태오 시. 나운영 곡) - M.Sop. 추희명
그대는 나의 별(한상완 시. 김광자 곡) - Ten. 김승직
나지막한 소리로(고영복 시. 이안삼 곡) - Sop. 김성혜
아무도 모르라고(김동환 시. 임원식 곡) - Bass 임철민
능소화 사랑(노유섭 시. 박영란 곡) - Ten. 이 현, 피리 김지윤
그리워(이은상 시. 채동선 곡) - Sop. 조경화

2부
신 아리랑(신이나 곡) - 피리 김지윤
님이 오시는지(박문호 시. 김규환 곡) - Sop. 정혜숙, 피리 김지윤
내 맘의 강물(이수인 시, 곡) - Ten. 박동일
해바라기(임긍수 시, 곡) - Sop. 김민주
그리운 산해(이태운 시, 곡) - Ten. 김승직
달빛연가(양경환 시. 이태운 곡) - Sop. 조경화
새타령(박희경 시. 조두남 곡) - Sop. 김성혜, 장구 최진석
청산에 살리라(김연준 시, 곡) - Bass 임철민
비 목(한명희 시. 장일남 곡) - M.Sop. 추희명
사랑이여 어디든 가서(문효치 시. 이안삼 곡) - Ten. 이 현
그리운 금강산(한상억 시. 최영섭 곡) - 다 함께

사진. 영상 편집제작 / 김문기_김문기의 포토랜드
http://blog.daum.net/photokin
phone 010-5273-2309",UC9mTG7yvizKx21dB8unxzNQ,김문기의 포토랜드 Kim Moon-gi's Photoland,2019-09-22T01:37:53Z,282,4.7,False,114.0,2.0,0.0,https://www.youtube.com/watch?v=BrYTehXmkPc,15600,10572,PF278457,"대전시립교향악단, 마티네 콘서트 4. 러시아",서양음악(클래식),대전시립연정국악원 작은마당,2025-11-27,2025-11-27,,,,shard_3,confirmed,"signal_scorer: verified->review 재검토 필요 (날짜 불일치 감지, 자동삭제 아님)",general
YtQbsX0W7Bw,"2019 나의 조국, 나의 노래 '한국가곡의 밤'/ 신 아리랑(신이나 곡) - 피리 김지윤","2019 나의 조국, 나의 노래 '한국가곡의 밤'
일시 : 2019.09.17(화)
장소 : 국립중앙박물관 극장 용
기획 : 정혜숙
출연 : 권주용,추희명,김승직.임철민,장일범 외
사회 : 장일범
주최 : (재)안익태기념재단 
주관 : 예술기획파홀로
후원 : 숭실대학교
문의 : (재)안익태기념재단 02) 821-8494 http://ahneaktai.or.kr/ 

피리 김지윤
·서울대학교 음악대학 국악과 졸업, 동대학원 음악학 석사 및 음악박사(D.M.A)
·국가무형문화재 제46호 피리정악 및 대취타 이수자
·한국평론가협의회 심사위원 특별상 수상
·'꿈을 실은 바람','피리, 클래식을 만나다'등 음반 다수발매
·소리연구회 소리 숲 대표
·국제신문 칼럼리스트 

지휘 권 주 용
·서울대학교 임산공학과(음향학) 학/석사, 노던일리노이주립대학교 물리학과(음향학),
음악과(지휘, 오르간) 석사, 워싱턴주립대학교 음악과(오케스트라지휘) 박사 졸업
·제4회 세종음악상 신인상, 제4회 대한민국오페라대상 삼익악기상 수상
·체코 야나첵 필하모닉, KBS교향악단 등 객원 지휘 역임, 2013년 베토벤 교향곡 전곡 지휘
·현 (사)서울오케스트라 전임지휘자, 신성대학교 교수, 성악앙상블 Voce di Anima 음악감독

(사)서울오케스트라
서울오케스트라는 2008년에 창단된 고용노동부 인증 사회적 기업으로 공연 객석의 30%를 사회적 취약계층에 기부하여 음악으로서 사회에 환원하는 전문예술법인입니다. 사회환원 사업의 일환으로 보건복지부 주관 아동정서발달 및 치유서비스와 서울특별시 주관 우리 동네 예술학교 등을 운영하고 있으며 서울오케스트라 콩쿨, 주니어서울오케스트라, 서울패밀리합창단, 내추럴서울오케스트라 등을 운영하고 있습니다.

사회 장일범
·한국외대 러시아어과 졸업, 모스크바 음악원 성악과 수학 
·음악평론가, 서울사이버대학교 성악과 겸임교수, 장일범의 K Classic World 유투버 
·장일범의 유쾌한 클래식 팟캐스터, SBS 김영철의 파워FM 월요일 고정 출연 중 
·JCC아트센터 '혜화마티네 with 장일범' 기획 및 진행 중
·천안예술의전당 11시 콘서트 진행중, 대전예술의전당 '오페라 세상만사' 강의 중 
·아르테 TV 장일범의 러시아 오페라 방영 중

프로그램
1부
첫사랑(김효근 시, 곡) - Sop. 김성혜, Ten. 김승직
아리 아리랑(안정준 곡) - Sop. 김민주
보리밭(박화목 시. 윤용하 곡)) - Ten. 박동일
달 밤(김태오 시. 나운영 곡) - M.Sop. 추희명
그대는 나의 별(한상완 시. 김광자 곡) - Ten. 김승직
나지막한 소리로(고영복 시. 이안삼 곡) - Sop. 김성혜
아무도 모르라고(김동환 시. 임원식 곡) - Bass 임철민
능소화 사랑(노유섭 시. 박영란 곡) - Ten. 이 현, 피리 김지윤
그리워(이은상 시. 채동선 곡) - Sop. 조경화

2부
신 아리랑(신이나 곡) - 피리 김지윤
님이 오시는지(박문호 시. 김규환 곡) - Sop. 정혜숙, 피리 김지윤
내 맘의 강물(이수인 시, 곡) - Ten. 박동일
해바라기(임긍수 시, 곡) - Sop. 김민주
그리운 산해(이태운 시, 곡) - Ten. 김승직
달빛연가(양경환 시. 이태운 곡) - Sop. 조경화
새타령(박희경 시. 조두남 곡) - Sop. 김성혜, 장구 최진석
청산에 살리라(김연준 시, 곡) - Bass 임철민
비 목(한명희 시. 장일남 곡) - M.Sop. 추희명
사랑이여 어디든 가서(문효치 시. 이안삼 곡) - Ten. 이 현
그리운 금강산(한상억 시. 최영섭 곡) - 다 함께

사진. 영상 편집제작 / 김문기_김문기의 포토랜드
http://blog.daum.net/photokin
phone 010-5273-2309",UC9mTG7yvizKx21dB8unxzNQ,김문기의 포토랜드 Kim Moon-gi's Photoland,2019-09-22T01:19:47Z,321,5.35,False,85.0,4.0,0.0,https://www.youtube.com/watch?v=YtQbsX0W7Bw,15600,10572,PF278457,"대전시립교향악단, 마티네 콘서트 4. 러시아",서양음악(클래식),대전시립연정국악원 작은마당,2025-11-27,2025-11-27,,,,shard_3,confirmed,"signal_scorer: verified->review 재검토 필요 (날짜 불일치 감지, 자동삭제 아님)",general
5erZNQmCIQw,"2019 나의 조국, 나의 노래 '한국가곡의 밤' / 청산에 살리라(김연준 시, 곡) - Bass 임철민","2019 나의 조국, 나의 노래 '한국가곡의 밤'
일시 : 2019.09.17(화)
장소 : 국립중앙박물관 극장 용
기획 : 정혜숙
출연 : 권주용,추희명,김승직.임철민,장일범 외
사회 : 장일범
주최 : (재)안익태기념재단 
주관 : 예술기획파홀로
후원 : 숭실대학교
문의 : (재)안익태기념재단 02) 821-8494 http://ahneaktai.or.kr/ 

Bass 임철민
·연세대학교 음악대학, 이태리 밀라노 베르디 국립음악원, 오스트리아 비엔나 국립음악원 졸업 
·중앙콩쿨 1위, 이태리 Budrio 국제콩쿨 1위
·국립오페라단, 서울시립오페라단 등 수십 회 오페라 주역 출연
·KBS교향악단, 서울시향 등 다수 오케스트라 협연
·현) 숭실대학교 음악원 성악과 주임교수

지휘 권 주 용
·서울대학교 임산공학과(음향학) 학/석사, 노던일리노이주립대학교 물리학과(음향학),
음악과(지휘, 오르간) 석사, 워싱턴주립대학교 음악과(오케스트라지휘) 박사 졸업
·제4회 세종음악상 신인상, 제4회 대한민국오페라대상 삼익악기상 수상
·체코 야나첵 필하모닉, KBS교향악단 등 객원 지휘 역임, 2013년 베토벤 교향곡 전곡 지휘
·현 (사)서울오케스트라 전임지휘자, 신성대학교 교수, 성악앙상블 Voce di Anima 음악감독

(사)서울오케스트라
서울오케스트라는 2008년에 창단된 고용노동부 인증 사회적 기업으로 공연 객석의 30%를 사회적 취약계층에 기부하여 음악으로서 사회에 환원하는 전문예술법인입니다. 사회환원 사업의 일환으로 보건복지부 주관 아동정서발달 및 치유서비스와 서울특별시 주관 우리 동네 예술학교 등을 운영하고 있으며 서울오케스트라 콩쿨, 주니어서울오케스트라, 서울패밀리합창단, 내추럴서울오케스트라 등을 운영하고 있습니다.

사회 장일범
·한국외대 러시아어과 졸업, 모스크바 음악원 성악과 수학 
·음악평론가, 서울사이버대학교 성악과 겸임교수, 장일범의 K Classic World 유투버 
·장일범의 유쾌한 클래식 팟캐스터, SBS 김영철의 파워FM 월요일 고정 출연 중 
·JCC아트센터 '혜화마티네 with 장일범' 기획 및 진행 중
·천안예술의전당 11시 콘서트 진행중, 대전예술의전당 '오페라 세상만사' 강의 중 
·아르테 TV 장일범의 러시아 오페라 방영 중

프로그램
1부
첫사랑(김효근 시, 곡) - Sop. 김성혜, Ten. 김승직
아리 아리랑(안정준 곡) - Sop. 김민주
보리밭(박화목 시. 윤용하 곡)) - Ten. 박동일
달 밤(김태오 시. 나운영 곡) - M.Sop. 추희명
그대는 나의 별(한상완 시. 김광자 곡) - Ten. 김승직
나지막한 소리로(고영복 시. 이안삼 곡) - Sop. 김성혜
아무도 모르라고(김동환 시. 임원식 곡) - Bass 임철민
능소화 사랑(노유섭 시. 박영란 곡) - Ten. 이 현, 피리 김지윤
그리워(이은상 시. 채동선 곡) - Sop. 조경화

2부
신 아리랑(신이나 곡) - 피리 김지윤
님이 오시는지(박문호 시. 김규환 곡) - Sop. 정혜숙, 피리 김지윤
내 맘의 강물(이수인 시, 곡) - Ten. 박동일
해바라기(임긍수 시, 곡) - Sop. 김민주
그리운 산해(이태운 시, 곡) - Ten. 김승직
달빛연가(양경환 시. 이태운 곡) - Sop. 조경화
새타령(박희경 시. 조두남 곡) - Sop. 김성혜, 장구 최진석
청산에 살리라(김연준 시, 곡) - Bass 임철민
비 목(한명희 시. 장일남 곡) - M.Sop. 추희명
사랑이여 어디든 가서(문효치 시. 이안삼 곡) - Ten. 이 현
그리운 금강산(한상억 시. 최영섭 곡) - 다 함께

사진. 영상 편집제작 / 김문기_김문기의 포토랜드
http://blog.daum.net/photokin
phone 010-5273-2309",UC9mTG7yvizKx21dB8unxzNQ,김문기의 포토랜드 Kim Moon-gi's Photoland,2019-09-22T01:32:41Z,259,4.32,False,1770.0,14.0,2.0,https://www.youtube.com/watch?v=5erZNQmCIQw,15600,10572,PF278457,"대전시립교향악단, 마티네 콘서트 4. 러시아",서양음악(클래식),대전시립연정국악원 작은마당,2025-11-27,2025-11-27,,,,shard_3,confirmed,"signal_scorer: verified->review 재검토 필요 (날짜 불일치 감지, 자동삭제 아님)",general
kps8VPSCoUI,"2019 나의 조국, 나의 노래 '한국가곡의 밤' / 1부 애국가 제창. 환영사. 회고담. 장일범 해설.1","2019 나의 조국, 나의 노래 '한국가곡의 밤'
일시 : 2019.09.17(화)
장소 : 국립중앙박물관 극장 용
기획 : 정혜숙
출연 : 권주용,추희명,김승직.임철민,장일범 외
사회 : 장일범
주최 : (재)안익태기념재단 
주관 : 예술기획파홀로
후원 : 숭실대학교
문의 : (재)안익태기념재단 02) 821-8494 http://ahneaktai.or.kr/ 

지휘 권 주 용
·서울대학교 임산공학과(음향학) 학/석사, 노던일리노이주립대학교 물리학과(음향학),
음악과(지휘, 오르간) 석사, 워싱턴주립대학교 음악과(오케스트라지휘) 박사 졸업
·제4회 세종음악상 신인상, 제4회 대한민국오페라대상 삼익악기상 수상
·체코 야나첵 필하모닉, KBS교향악단 등 객원 지휘 역임, 2013년 베토벤 교향곡 전곡 지휘
·현 (사)서울오케스트라 전임지휘자, 신성대학교 교수, 성악앙상블 Voce di Anima 음악감독

(사)서울오케스트라
서울오케스트라는 2008년에 창단된 고용노동부 인증 사회적 기업으로 공연 객석의 30%를 사회적 취약계층에 기부하여 음악으로서 사회에 환원하는 전문예술법인입니다. 사회환원 사업의 일환으로 보건복지부 주관 아동정서발달 및 치유서비스와 서울특별시 주관 우리 동네 예술학교 등을 운영하고 있으며 서울오케스트라 콩쿨, 주니어서울오케스트라, 서울패밀리합창단, 내추럴서울오케스트라 등을 운영하고 있습니다.

사회 장일범
·한국외대 러시아어과 졸업, 모스크바 음악원 성악과 수학 
·음악평론가, 서울사이버대학교 성악과 겸임교수, 장일범의 K Classic World 유투버 
·장일범의 유쾌한 클래식 팟캐스터, SBS 김영철의 파워FM 월요일 고정 출연 중 
·JCC아트센터 '혜화마티네 with 장일범' 기획 및 진행 중
·천안예술의전당 11시 콘서트 진행중, 대전예술의전당 '오페라 세상만사' 강의 중 
·아르테 TV 장일범의 러시아 오페라 방영 중

프로그램
1부
첫사랑(김효근 시, 곡) - Sop. 김성혜, Ten. 김승직
아리 아리랑(안정준 곡) - Sop. 김민주
보리밭(박화목 시. 윤용하 곡)) - Ten. 박동일
달 밤(김태오 시. 나운영 곡) - M.Sop. 추희명
그대는 나의 별(한상완 시. 김광자 곡) - Ten. 김승직
나지막한 소리로(고영복 시. 이안삼 곡) - Sop. 김성혜
아무도 모르라고(김동환 시. 임원식 곡) - Bass 임철민
능소화 사랑(노유섭 시. 박영란 곡) - Ten. 이 현, 피리 김지윤
그리워(이은상 시. 채동선 곡) - Sop. 조경화

2부
신 아리랑(신이나 곡) - 피리 김지윤
님이 오시는지(박문호 시. 김규환 곡) - Sop. 정혜숙, 피리 김지윤
내 맘의 강물(이수인 시, 곡) - Ten. 박동일
해바라기(임긍수 시, 곡) - Sop. 김민주
그리운 산해(이태운 시, 곡) - Ten. 김승직
달빛연가(양경환 시. 이태운 곡) - Sop. 조경화
새타령(박희경 시. 조두남 곡) - Sop. 김성혜, 장구 최진석
청산에 살리라(김연준 시, 곡) - Bass 임철민
비 목(한명희 시. 장일남 곡) - M.Sop. 추희명
사랑이여 어디든 가서(문효치 시. 이안삼 곡) - Ten. 이 현
그리운 금강산(한상억 시. 최영섭 곡) - 다 함께

사진. 영상 편집제작 / 김문기_김문기의 포토랜드
http://blog.daum.net/photokin
phone 010-5273-2309",UC9mTG7yvizKx21dB8unxzNQ,김문기의 포토랜드 Kim Moon-gi's Photoland,2019-09-22T00:59:15Z,1149,19.15,False,113.0,4.0,0.0,https://www.youtube.com/watch?v=kps8VPSCoUI,15600,10572,PF278457,"대전시립교향악단, 마티네 콘서트 4. 러시아",서양음악(클래식),대전시립연정국악원 작은마당,2025-11-27,2025-11-27,,,,shard_3,confirmed,"signal_scorer: verified->review 재검토 필요 (날짜 불일치 감지, 자동삭제 아님)",general
SDFlb-76maM,"2019 나의 조국, 나의 노래 '한국가곡의 밤' / 아리 아리랑(안정준 곡) - Sop. 김민주","2019 나의 조국, 나의 노래 '한국가곡의 밤'
일시 : 2019.09.17(화)
장소 : 국립중앙박물관 극장 용
기획 : 정혜숙
출연 : 권주용,추희명,김승직.임철민,장일범 외
사회 : 장일범
주최 : (재)안익태기념재단 
주관 : 예술기획파홀로
후원 : 숭실대학교
문의 : (재)안익태기념재단 02) 821-8494 http://ahneaktai.or.kr/ 

Soprano 김민주
·고려대학교 의대 卒, 
·고려대 의대합창단 반주자/지휘자 역임
·대한민국 아마츄어 성악콩쿨 우승(2014)
·서울필하모닉 오케스트라(2017, 세종문화회관 대극장), 인코리안 심포니 오케스트라(2019, 부산문화회관) 협연
·현) 가정의학과 원장

지휘 권 주 용
·서울대학교 임산공학과(음향학) 학/석사, 노던일리노이주립대학교 물리학과(음향학),
음악과(지휘, 오르간) 석사, 워싱턴주립대학교 음악과(오케스트라지휘) 박사 졸업
·제4회 세종음악상 신인상, 제4회 대한민국오페라대상 삼익악기상 수상
·체코 야나첵 필하모닉, KBS교향악단 등 객원 지휘 역임, 2013년 베토벤 교향곡 전곡 지휘
·현 (사)서울오케스트라 전임지휘자, 신성대학교 교수, 성악앙상블 Voce di Anima 음악감독

(사)서울오케스트라
서울오케스트라는 2008년에 창단된 고용노동부 인증 사회적 기업으로 공연 객석의 30%를 사회적 취약계층에 기부하여 음악으로서 사회에 환원하는 전문예술법인입니다. 사회환원 사업의 일환으로 보건복지부 주관 아동정서발달 및 치유서비스와 서울특별시 주관 우리 동네 예술학교 등을 운영하고 있으며 서울오케스트라 콩쿨, 주니어서울오케스트라, 서울패밀리합창단, 내추럴서울오케스트라 등을 운영하고 있습니다.

사회 장일범
·한국외대 러시아어과 졸업, 모스크바 음악원 성악과 수학 
·음악평론가, 서울사이버대학교 성악과 겸임교수, 장일범의 K Classic World 유투버 
·장일범의 유쾌한 클래식 팟캐스터, SBS 김영철의 파워FM 월요일 고정 출연 중 
·JCC아트센터 '혜화마티네 with 장일범' 기획 및 진행 중
·천안예술의전당 11시 콘서트 진행중, 대전예술의전당 '오페라 세상만사' 강의 중 
·아르테 TV 장일범의 러시아 오페라 방영 중

프로그램
1부
첫사랑(김효근 시, 곡) - Sop. 김성혜, Ten. 김승직
아리 아리랑(안정준 곡) - Sop. 김민주
보리밭(박화목 시. 윤용하 곡)) - Ten. 박동일
달 밤(김태오 시. 나운영 곡) - M.Sop. 추희명
그대는 나의 별(한상완 시. 김광자 곡) - Ten. 김승직
나지막한 소리로(고영복 시. 이안삼 곡) - Sop. 김성혜
아무도 모르라고(김동환 시. 임원식 곡) - Bass 임철민
능소화 사랑(노유섭 시. 박영란 곡) - Ten. 이 현, 피리 김지윤
그리워(이은상 시. 채동선 곡) - Sop. 조경화

2부
신 아리랑(신이나 곡) - 피리 김지윤
님이 오시는지(박문호 시. 김규환 곡) - Sop. 정혜숙, 피리 김지윤
내 맘의 강물(이수인 시, 곡) - Ten. 박동일
해바라기(임긍수 시, 곡) - Sop. 김민주
그리운 산해(이태운 시, 곡) - Ten. 김승직
달빛연가(양경환 시. 이태운 곡) - Sop. 조경화
새타령(박희경 시. 조두남 곡) - Sop. 김성혜, 장구 최진석
청산에 살리라(김연준 시, 곡) - Bass 임철민
비 목(한명희 시. 장일남 곡) - M.Sop. 추희명
사랑이여 어디든 가서(문효치 시. 이안삼 곡) - Ten. 이 현
그리운 금강산(한상억 시. 최영섭 곡) - 다 함께

사진. 영상 편집제작 / 김문기_김문기의 포토랜드
http://blog.daum.net/photokin
phone 010-5273-2309",UC9mTG7yvizKx21dB8unxzNQ,김문기의 포토랜드 Kim Moon-gi's Photoland,2019-09-22T00:54:49Z,394,6.57,False,725.0,16.0,2.0,https://www.youtube.com/watch?v=SDFlb-76maM,15600,10572,PF278457,"대전시립교향악단, 마티네 콘서트 4. 러시아",서양음악(클래식),대전시립연정국악원 작은마당,2025-11-27,2025-11-27,,,,shard_3,confirmed,"signal_scorer: verified->review 재검토 필요 (날짜 불일치 감지, 자동삭제 아님)",general
q95CLydJPGY,"2019 나의 조국, 나의 노래 '한국가곡의 밤' / 아무도 모르라고(김동환 시. 임원식 곡) - Bass 임철민","2019 나의 조국, 나의 노래 '한국가곡의 밤'
일시 : 2019.09.17(화)
장소 : 국립중앙박물관 극장 용
기획 : 정혜숙
출연 : 권주용,추희명,김승직.임철민,장일범 외
사회 : 장일범
주최 : (재)안익태기념재단 
주관 : 예술기획파홀로
후원 : 숭실대학교
문의 : (재)안익태기념재단 02) 821-8494 http://ahneaktai.or.kr/ 

Bass 임철민
·연세대학교 음악대학, 이태리 밀라노 베르디 국립음악원, 오스트리아 비엔나 국립음악원 졸업 
·중앙콩쿨 1위, 이태리 Budrio 국제콩쿨 1위
·국립오페라단, 서울시립오페라단 등 수십 회 오페라 주역 출연
·KBS교향악단, 서울시향 등 다수 오케스트라 협연
·현) 숭실대학교 음악원 성악과 주임교수

지휘 권 주 용
·서울대학교 임산공학과(음향학) 학/석사, 노던일리노이주립대학교 물리학과(음향학),
음악과(지휘, 오르간) 석사, 워싱턴주립대학교 음악과(오케스트라지휘) 박사 졸업
·제4회 세종음악상 신인상, 제4회 대한민국오페라대상 삼익악기상 수상
·체코 야나첵 필하모닉, KBS교향악단 등 객원 지휘 역임, 2013년 베토벤 교향곡 전곡 지휘
·현 (사)서울오케스트라 전임지휘자, 신성대학교 교수, 성악앙상블 Voce di Anima 음악감독

(사)서울오케스트라
서울오케스트라는 2008년에 창단된 고용노동부 인증 사회적 기업으로 공연 객석의 30%를 사회적 취약계층에 기부하여 음악으로서 사회에 환원하는 전문예술법인입니다. 사회환원 사업의 일환으로 보건복지부 주관 아동정서발달 및 치유서비스와 서울특별시 주관 우리 동네 예술학교 등을 운영하고 있으며 서울오케스트라 콩쿨, 주니어서울오케스트라, 서울패밀리합창단, 내추럴서울오케스트라 등을 운영하고 있습니다.

사회 장일범
·한국외대 러시아어과 졸업, 모스크바 음악원 성악과 수학 
·음악평론가, 서울사이버대학교 성악과 겸임교수, 장일범의 K Classic World 유투버 
·장일범의 유쾌한 클래식 팟캐스터, SBS 김영철의 파워FM 월요일 고정 출연 중 
·JCC아트센터 '혜화마티네 with 장일범' 기획 및 진행 중
·천안예술의전당 11시 콘서트 진행중, 대전예술의전당 '오페라 세상만사' 강의 중 
·아르테 TV 장일범의 러시아 오페라 방영 중

프로그램
1부
첫사랑(김효근 시, 곡) - Sop. 김성혜, Ten. 김승직
아리 아리랑(안정준 곡) - Sop. 김민주
보리밭(박화목 시. 윤용하 곡)) - Ten. 박동일
달 밤(김태오 시. 나운영 곡) - M.Sop. 추희명
그대는 나의 별(한상완 시. 김광자 곡) - Ten. 김승직
나지막한 소리로(고영복 시. 이안삼 곡) - Sop. 김성혜
아무도 모르라고(김동환 시. 임원식 곡) - Bass 임철민
능소화 사랑(노유섭 시. 박영란 곡) - Ten. 이 현, 피리 김지윤
그리워(이은상 시. 채동선 곡) - Sop. 조경화

2부
신 아리랑(신이나 곡) - 피리 김지윤
님이 오시는지(박문호 시. 김규환 곡) - Sop. 정혜숙, 피리 김지윤
내 맘의 강물(이수인 시, 곡) - Ten. 박동일
해바라기(임긍수 시, 곡) - Sop. 김민주
그리운 산해(이태운 시, 곡) - Ten. 김승직
달빛연가(양경환 시. 이태운 곡) - Sop. 조경화
새타령(박희경 시. 조두남 곡) - Sop. 김성혜, 장구 최진석
청산에 살리라(김연준 시, 곡) - Bass 임철민
비 목(한명희 시. 장일남 곡) - M.Sop. 추희명
사랑이여 어디든 가서(문효치 시. 이안삼 곡) - Ten. 이 현
그리운 금강산(한상억 시. 최영섭 곡) - 다 함께

사진. 영상 편집제작 / 김문기_김문기의 포토랜드
http://blog.daum.net/photokin
phone 010-5273-2309",UC9mTG7yvizKx21dB8unxzNQ,김문기의 포토랜드 Kim Moon-gi's Photoland,2019-09-22T01:14:50Z,204,3.4,False,1194.0,9.0,0.0,https://www.youtube.com/watch?v=q95CLydJPGY,15600,10572,PF278457,"대전시립교향악단, 마티네 콘서트 4. 러시아",서양음악(클래식),대전시립연정국악원 작은마당,2025-11-27,2025-11-27,,,,shard_3,confirmed,"signal_scorer: verified->review 재검토 필요 (날짜 불일치 감지, 자동삭제 아님)",general
vHdD0aAb2E4,"2019 나의 조국, 나의 노래 '한국가곡의 밤' / 그리워(이은상 시. 채동선 곡) - Sop. 조경화","2019 나의 조국, 나의 노래 '한국가곡의 밤'
일시 : 2019.09.17(화)
장소 : 국립중앙박물관 극장 용
기획 : 정혜숙
출연 : 권주용,추희명,김승직.임철민,장일범 외
사회 : 장일범
주최 : (재)안익태기념재단 
주관 : 예술기획파홀로
후원 : 숭실대학교
문의 : (재)안익태기념재단 02) 821-8494 http://ahneaktai.or.kr/ 

Soprano 조경화
·연세대 음대, 이탈리아 오지모 아카데미아, 이탈리아 토리노 국립음악원 졸업
·동아콩쿨 입상, 제1회 KBS 신인음악제 대상, 이탈리아 시에나 외 4개의 국제 콩쿠르 우승 
·스페인, 이탈리아, 스위스 등 국내외 오페라 무대에서 다수의 오페라 주역 공연
·다수의 독창회 및 오라토리오 독창자로 전 유럽에서 수십 회 공연
·현) 서울장신대학교 교수

지휘 권 주 용
·서울대학교 임산공학과(음향학) 학/석사, 노던일리노이주립대학교 물리학과(음향학),
음악과(지휘, 오르간) 석사, 워싱턴주립대학교 음악과(오케스트라지휘) 박사 졸업
·제4회 세종음악상 신인상, 제4회 대한민국오페라대상 삼익악기상 수상
·체코 야나첵 필하모닉, KBS교향악단 등 객원 지휘 역임, 2013년 베토벤 교향곡 전곡 지휘
·현 (사)서울오케스트라 전임지휘자, 신성대학교 교수, 성악앙상블 Voce di Anima 음악감독

(사)서울오케스트라
서울오케스트라는 2008년에 창단된 고용노동부 인증 사회적 기업으로 공연 객석의 30%를 사회적 취약계층에 기부하여 음악으로서 사회에 환원하는 전문예술법인입니다. 사회환원 사업의 일환으로 보건복지부 주관 아동정서발달 및 치유서비스와 서울특별시 주관 우리 동네 예술학교 등을 운영하고 있으며 서울오케스트라 콩쿨, 주니어서울오케스트라, 서울패밀리합창단, 내추럴서울오케스트라 등을 운영하고 있습니다.

사회 장일범
·한국외대 러시아어과 졸업, 모스크바 음악원 성악과 수학 
·음악평론가, 서울사이버대학교 성악과 겸임교수, 장일범의 K Classic World 유투버 
·장일범의 유쾌한 클래식 팟캐스터, SBS 김영철의 파워FM 월요일 고정 출연 중 
·JCC아트센터 '혜화마티네 with 장일범' 기획 및 진행 중
·천안예술의전당 11시 콘서트 진행중, 대전예술의전당 '오페라 세상만사' 강의 중 
·아르테 TV 장일범의 러시아 오페라 방영 중

프로그램
1부
첫사랑(김효근 시, 곡) - Sop. 김성혜, Ten. 김승직
아리 아리랑(안정준 곡) - Sop. 김민주
보리밭(박화목 시. 윤용하 곡)) - Ten. 박동일
달 밤(김태오 시. 나운영 곡) - M.Sop. 추희명
그대는 나의 별(한상완 시. 김광자 곡) - Ten. 김승직
나지막한 소리로(고영복 시. 이안삼 곡) - Sop. 김성혜
아무도 모르라고(김동환 시. 임원식 곡) - Bass 임철민
능소화 사랑(노유섭 시. 박영란 곡) - Ten. 이 현, 피리 김지윤
그리워(이은상 시. 채동선 곡) - Sop. 조경화

2부
신 아리랑(신이나 곡) - 피리 김지윤
님이 오시는지(박문호 시. 김규환 곡) - Sop. 정혜숙, 피리 김지윤
내 맘의 강물(이수인 시, 곡) - Ten. 박동일
해바라기(임긍수 시, 곡) - Sop. 김민주
그리운 산해(이태운 시, 곡) - Ten. 김승직
달빛연가(양경환 시. 이태운 곡) - Sop. 조경화
새타령(박희경 시. 조두남 곡) - Sop. 김성혜, 장구 최진석
청산에 살리라(김연준 시, 곡) - Bass 임철민
비 목(한명희 시. 장일남 곡) - M.Sop. 추희명
사랑이여 어디든 가서(문효치 시. 이안삼 곡) - Ten. 이 현
그리운 금강산(한상억 시. 최영섭 곡) - 다 함께

사진. 영상 편집제작 / 김문기_김문기의 포토랜드
http://blog.daum.net/photokin
phone 010-5273-2309",UC9mTG7yvizKx21dB8unxzNQ,김문기의 포토랜드 Kim Moon-gi's Photoland,2019-09-22T01:16:30Z,241,4.02,False,469.0,7.0,1.0,https://www.youtube.com/watch?v=vHdD0aAb2E4,15600,10572,PF278457,"대전시립교향악단, 마티네 콘서트 4. 러시아",서양음악(클래식),대전시립연정국악원 작은마당,2025-11-27,2025-11-27,,,,shard_3,confirmed,"signal_scorer: verified->review 재검토 필요 (날짜 불일치 감지, 자동삭제 아님)",general
MIJrRqTQbNM,"2019 나의 조국, 나의 노래 '한국가곡의 밤' / 장일범 해설. 3","2019 나의 조국, 나의 노래 '한국가곡의 밤'
일시 : 2019.09.17(화)
장소 : 국립중앙박물관 극장 용
기획 : 정혜숙
출연 : 권주용,추희명,김승직.임철민,장일범 외
사회 : 장일범
주최 : (재)안익태기념재단 
주관 : 예술기획파홀로
후원 : 숭실대학교
문의 : (재)안익태기념재단 02) 821-8494 http://ahneaktai.or.kr/ 

지휘 권 주 용
·서울대학교 임산공학과(음향학) 학/석사, 노던일리노이주립대학교 물리학과(음향학),
음악과(지휘, 오르간) 석사, 워싱턴주립대학교 음악과(오케스트라지휘) 박사 졸업
·제4회 세종음악상 신인상, 제4회 대한민국오페라대상 삼익악기상 수상
·체코 야나첵 필하모닉, KBS교향악단 등 객원 지휘 역임, 2013년 베토벤 교향곡 전곡 지휘
·현 (사)서울오케스트라 전임지휘자, 신성대학교 교수, 성악앙상블 Voce di Anima 음악감독

(사)서울오케스트라
서울오케스트라는 2008년에 창단된 고용노동부 인증 사회적 기업으로 공연 객석의 30%를 사회적 취약계층에 기부하여 음악으로서 사회에 환원하는 전문예술법인입니다. 사회환원 사업의 일환으로 보건복지부 주관 아동정서발달 및 치유서비스와 서울특별시 주관 우리 동네 예술학교 등을 운영하고 있으며 서울오케스트라 콩쿨, 주니어서울오케스트라, 서울패밀리합창단, 내추럴서울오케스트라 등을 운영하고 있습니다.

사회 장일범
·한국외대 러시아어과 졸업, 모스크바 음악원 성악과 수학 
·음악평론가, 서울사이버대학교 성악과 겸임교수, 장일범의 K Classic World 유투버 
·장일범의 유쾌한 클래식 팟캐스터, SBS 김영철의 파워FM 월요일 고정 출연 중 
·JCC아트센터 '혜화마티네 with 장일범' 기획 및 진행 중
·천안예술의전당 11시 콘서트 진행중, 대전예술의전당 '오페라 세상만사' 강의 중 
·아르테 TV 장일범의 러시아 오페라 방영 중

프로그램
1부
첫사랑(김효근 시, 곡) - Sop. 김성혜, Ten. 김승직
아리 아리랑(안정준 곡) - Sop. 김민주
보리밭(박화목 시. 윤용하 곡)) - Ten. 박동일
달 밤(김태오 시. 나운영 곡) - M.Sop. 추희명
그대는 나의 별(한상완 시. 김광자 곡) - Ten. 김승직
나지막한 소리로(고영복 시. 이안삼 곡) - Sop. 김성혜
아무도 모르라고(김동환 시. 임원식 곡) - Bass 임철민
능소화 사랑(노유섭 시. 박영란 곡) - Ten. 이 현, 피리 김지윤
그리워(이은상 시. 채동선 곡) - Sop. 조경화

2부
신 아리랑(신이나 곡) - 피리 김지윤
님이 오시는지(박문호 시. 김규환 곡) - Sop. 정혜숙, 피리 김지윤
내 맘의 강물(이수인 시, 곡) - Ten. 박동일
해바라기(임긍수 시, 곡) - Sop. 김민주
그리운 산해(이태운 시, 곡) - Ten. 김승직
달빛연가(양경환 시. 이태운 곡) - Sop. 조경화
새타령(박희경 시. 조두남 곡) - Sop. 김성혜, 장구 최진석
청산에 살리라(김연준 시, 곡) - Bass 임철민
비 목(한명희 시. 장일남 곡) - M.Sop. 추희명
사랑이여 어디든 가서(문효치 시. 이안삼 곡) - Ten. 이 현
그리운 금강산(한상억 시. 최영섭 곡) - 다 함께

사진. 영상 편집제작 / 김문기_김문기의 포토랜드
http://blog.daum.net/photokin
phone 010-5273-2309",UC9mTG7yvizKx21dB8unxzNQ,김문기의 포토랜드 Kim Moon-gi's Photoland,2019-09-22T01:14:17Z,201,3.35,False,48.0,1.0,0.0,https://www.youtube.com/watch?v=MIJrRqTQbNM,15600,10572,PF278457,"대전시립교향악단, 마티네 콘서트 4. 러시아",서양음악(클래식),대전시립연정국악원 작은마당,2025-11-27,2025-11-27,,,,shard_3,confirmed,"signal_scorer: verified->review 재검토 필요 (날짜 불일치 감지, 자동삭제 아님)",general
6nHS42i7_2A,"2019 나의 조국, 나의 노래 '한국가곡의 밤' / 보리밭(박화목 시. 윤용하 곡)) - Ten. 박동일","2019 나의 조국, 나의 노래 '한국가곡의 밤'
일시 : 2019.09.17(화)
장소 : 국립중앙박물관 극장 용
기획 : 정혜숙
출연 : 권주용,추희명,김승직.임철민,장일범 외
사회 : 장일범
주최 : (재)안익태기념재단 
주관 : 예술기획파홀로
후원 : 숭실대학교
문의 : (재)안익태기념재단 02) 821-8494 http://ahneaktai.or.kr/ 

Tenor 박동일 
·(사)서울우리예술가곡협회 수석부회장/예술감독, 대한성악동호인협회 운영위원
·서울예술가곡제, 정동 정오음악회 등 정기 출연 및 가곡, 오페라 갈라 초청 연주회 활동
·前) 팬오션㈜ 임원, STX America 대표
·서울사료㈜, 태영터미널, AGC 사외이사 역임
·현) 지지네트웍스㈜ 대표이사, 농식품부 심의위원

지휘 권 주 용
·서울대학교 임산공학과(음향학) 학/석사, 노던일리노이주립대학교 물리학과(음향학),
음악과(지휘, 오르간) 석사, 워싱턴주립대학교 음악과(오케스트라지휘) 박사 졸업
·제4회 세종음악상 신인상, 제4회 대한민국오페라대상 삼익악기상 수상
·체코 야나첵 필하모닉, KBS교향악단 등 객원 지휘 역임, 2013년 베토벤 교향곡 전곡 지휘
·현 (사)서울오케스트라 전임지휘자, 신성대학교 교수, 성악앙상블 Voce di Anima 음악감독

(사)서울오케스트라
서울오케스트라는 2008년에 창단된 고용노동부 인증 사회적 기업으로 공연 객석의 30%를 사회적 취약계층에 기부하여 음악으로서 사회에 환원하는 전문예술법인입니다. 사회환원 사업의 일환으로 보건복지부 주관 아동정서발달 및 치유서비스와 서울특별시 주관 우리 동네 예술학교 등을 운영하고 있으며 서울오케스트라 콩쿨, 주니어서울오케스트라, 서울패밀리합창단, 내추럴서울오케스트라 등을 운영하고 있습니다.

사회 장일범
·한국외대 러시아어과 졸업, 모스크바 음악원 성악과 수학 
·음악평론가, 서울사이버대학교 성악과 겸임교수, 장일범의 K Classic World 유투버 
·장일범의 유쾌한 클래식 팟캐스터, SBS 김영철의 파워FM 월요일 고정 출연 중 
·JCC아트센터 '혜화마티네 with 장일범' 기획 및 진행 중
·천안예술의전당 11시 콘서트 진행중, 대전예술의전당 '오페라 세상만사' 강의 중 
·아르테 TV 장일범의 러시아 오페라 방영 중

프로그램
1부
첫사랑(김효근 시, 곡) - Sop. 김성혜, Ten. 김승직
아리 아리랑(안정준 곡) - Sop. 김민주
보리밭(박화목 시. 윤용하 곡)) - Ten. 박동일
달 밤(김태오 시. 나운영 곡) - M.Sop. 추희명
그대는 나의 별(한상완 시. 김광자 곡) - Ten. 김승직
나지막한 소리로(고영복 시. 이안삼 곡) - Sop. 김성혜
아무도 모르라고(김동환 시. 임원식 곡) - Bass 임철민
능소화 사랑(노유섭 시. 박영란 곡) - Ten. 이 현, 피리 김지윤
그리워(이은상 시. 채동선 곡) - Sop. 조경화

2부
신 아리랑(신이나 곡) - 피리 김지윤
님이 오시는지(박문호 시. 김규환 곡) - Sop. 정혜숙, 피리 김지윤
내 맘의 강물(이수인 시, 곡) - Ten. 박동일
해바라기(임긍수 시, 곡) - Sop. 김민주
그리운 산해(이태운 시, 곡) - Ten. 김승직
달빛연가(양경환 시. 이태운 곡) - Sop. 조경화
새타령(박희경 시. 조두남 곡) - Sop. 김성혜, 장구 최진석
청산에 살리라(김연준 시, 곡) - Bass 임철민
비 목(한명희 시. 장일남 곡) - M.Sop. 추희명
사랑이여 어디든 가서(문효치 시. 이안삼 곡) - Ten. 이 현
그리운 금강산(한상억 시. 최영섭 곡) - 다 함께

사진. 영상 편집제작 / 김문기_김문기의 포토랜드
http://blog.daum.net/photokin
phone 010-5273-2309",UC9mTG7yvizKx21dB8unxzNQ,김문기의 포토랜드 Kim Moon-gi's Photoland,2019-09-22T00:53:45Z,294,4.9,False,144.0,5.0,1.0,https://www.youtube.com/watch?v=6nHS42i7_2A,15600,10572,PF278457,"대전시립교향악단, 마티네 콘서트 4. 러시아",서양음악(클래식),대전시립연정국악원 작은마당,2025-11-27,2025-11-27,,,,shard_3,confirmed,"signal_scorer: verified->review 재검토 필요 (날짜 불일치 감지, 자동삭제 아님)",general
wrpNPSxQw9k,강원도 정선 아리랑센터 뗏꾼 토요 상설 공연,"강원도 정선 아리랑센터 뗏꾼 토요 상설 공연
소나무 재목을 실어나르던 뗏꾼들이 불렀던 노래가 정선아리랑, 그것을 모티브로 만든 공연

2024. 04.13 ~ 11.23
매주 토요일 오후 2시
티켓 5천원
주최 정선아리랑문화재단, 정선군립아리랑예술단
본 영상은 허락을 받고 공연홍보용 촬영영상입니다.

#정선여행 #정선공연 #뗏꾼",UC_6ABhKP8_CMVSpMy2EYcJQ,테티비,2024-04-14T19:25:47Z,538,8.97,False,2640.0,32.0,8.0,https://www.youtube.com/watch?v=wrpNPSxQw9k,532,538,PF277653,정선아리랑 토요상설공연: 뗏꾼,한국음악(국악),정선아리랑센터 아리랑홀,2025-04-05,2025-11-22,,,,shard_30,confirmed,"signal_scorer: verified->review 재검토 필요 (날짜 불일치 감지, 자동삭제 아님)",general
4MSQPXkxess,정선아리랑 토요상설공연 '뗏꾼' 정선아리랑센터 매주토요일 2시 공연 #여행 #가볼만한곳 #정선아리랑 #토요상설공연 #뗏꾼,,UCbHFi8UK6hGif-M4cYF1wpQ,앨리스 TV,2025-09-30T00:31:51Z,48,0.8,True,167.0,1.0,1.0,https://www.youtube.com/watch?v=4MSQPXkxess,121,198,PF277653,정선아리랑 토요상설공연: 뗏꾼,한국음악(국악),정선아리랑센터 아리랑홀,2025-04-05,2025-11-22,,,,shard_30,confirmed,"signal_scorer: verified->review 재검토 필요 (날짜 불일치 감지, 자동삭제 아님)",shorts
Xr8N-wl0R7c,"[부산시립교향악단 VLOG] 단원들의 연주 준비, 같이 보실래요? | NEW WORLD in 부산 콘서트홀","2025년 5월, 부산시향 제620회 정기연주회(부산콘서트홀 개관 시범공연)을 앞두고 부산시립교향악단이 어떤 하루들을 보내고 있었는지 살짝 보여드릴게요!
예술감독님과 단원들이 함께 연습하고, 웃고, 진지해지는 그 순간들까지— 무대에 오르기 전의 부산시향을 담았습니다🎻

홍석원 예술감독과 부산시향 단원들의 진짜 리허설 모먼트, 함께 보실래요?

📌클래식 무대 뒤의 이야기가 궁금하다면
👉구독과 좋아요 그리고 알림 설정, 잊지 마세요!

#부산시립교향악단 #브이로그 #클래식비하인드

🎟 6월 공연 및 프로그램 안내:

[부산시립교향악단 기획음악회 ""미완성 음악회Ⅳ""]

▶ 일시 및 장소
2025년 6월 18일 (수) 19:30 / 부산문화회관 대극장

▶ 출연
지휘 | 홍석원
연주 | 부산시립교향악단

▶ 프로그램
쇼스타코비치 | 교향곡 제10번 3-4악장

▶ 공연문의
051)607-6000(ARS 1번)

[부산시립교향악단 제621회 정기연주회 ""DSCH""]

▶ 일시 및 장소
2025년 6월 19일 (수) 19:30 / 부산문화회관 대극장

▶ 출연
지휘 | 홍석원
첼로 | 최하영
연주 | 부산시립교향악단

▶ 프로그램
쇼스타코비치 | 첼로 협주곡 제1번
쇼스타코비치 | 교향곡 제10번

▶ 공연문의
051)607-6000(ARS 1번)

🎟 7월 공연 및 프로그램 안내:

[부산시립교향악단 제622회 정기연주회 ""여름, 목가""]

▶ 일시 및 장소
2025년 7월 10일 (목) 19:30 / 부산콘서트홀

▶ 출연
지휘 | 홍석원
피아노 | 폴 루이스
연주 | 부산시립교향악단

▶ 프로그램
베토벤 | 피아노 협주곡 제4번
브람스 | 교향곡 제2번

▶ 공연문의
051)607-6000(ARS 1번)",UCeySqDu5BowY_RD5sVYIYug,부산시립예술단TV,2025-06-13T05:45:25Z,279,4.65,False,2192.0,38.0,2.0,https://www.youtube.com/watch?v=Xr8N-wl0R7c,2630,551,PF255603,제621회 부산시립교향악단 정기연주회: DSCH,서양음악(클래식),부산문화회관 대극장,2025-06-19,2025-06-19,,,,shard_30,confirmed,"signal_scorer: verified->review 재검토 필요 (날짜 불일치 감지, 자동삭제 아님)",general
fJOVmrewQGo,뮤지컬 '겨울 환상곡' - 미스터 스크루지,"2012-01-25ㅣIt's First Christmas @OPUS 137 Hall 

뮤지컬 '겨울 환상곡' 갈라 콘서트의 일부입니다. 

스크루지 (최병혁) - 미스터 스크루지 

www.ENTOTiC.com",UCDeNgayw5CIrbT0hrPMRMCg,ENTOTiC,2012-01-31T07:48:50Z,150,2.5,False,303.0,1.0,0.0,https://www.youtube.com/watch?v=fJOVmrewQGo,9,21,PF253967,스크루지 [대구],무용(서양/한국무용),대구서구문화회관 공연장,2024-12-07,2024-12-07,,,,shard_30,confirmed,"signal_scorer: verified->review 재검토 필요 (날짜 불일치 감지, 자동삭제 아님)",general
2ZJSg9jZ-gY,2019 아이들극장 창작공연 '구두쇠 스크루지' (60초),"가족극  '구두쇠 스크루지'
2019.12.14.~28.
원작 찰스디킨스 '크리스마스 캐럴'
예술감독 김숙희 l 연출 이병훈 l 출연 최주봉, 심우창 외 l 제작 서울가무연극 사회적협동조합",UCUjiu1QeaohL_PTJioDAtpQ,종로문화재단,2020-05-13T06:11:26Z,61,1.02,False,922.0,5.0,0.0,https://www.youtube.com/watch?v=2ZJSg9jZ-gY,3580,977,PF253967,스크루지 [대구],무용(서양/한국무용),대구서구문화회관 공연장,2024-12-07,2024-12-07,,,,shard_30,confirmed,"signal_scorer: verified->review 재검토 필요 (날짜 불일치 감지, 자동삭제 아님)",general
IoAQJafmpQk,[이동규 & 리처드 용재 오닐] 섬집아기,"이흥렬: 섬집아기
이동규(카운터테너), 리처드 용재 오닐(비올라), 수아레 무지칼레
2024.8.28 카운터테너 이동규 리사이틀 : Dream Quilter 꿈을 누비는 자 예술의전당 공연 중에서

David DQ Lee(Countertenor), Richard Yongjae O'Neill(Viola), Soirées Musicales
from Countertenor David DQ Lee in Recital : Dream Quilter at Seoul Arts Center, Aug 28, 2024

#이동규 #리처드용재오닐 #섬집아기

Produced by CREDIA
All about crediatv YouTube Playlist COPYRIGHT © CREDIA",UCpt7Aq_OaIAC0bBBctGJBCQ,crediatv,2024-08-29T09:00:21Z,350,5.83,False,36806.0,1037.0,94.0,https://www.youtube.com/watch?v=IoAQJafmpQk,158000,1639,PF252272,카운터테너 이동규 리사이틀: Dream Quiter 꿈을 누비는 자 [인천],서양음악(클래식),청라복합문화센터 블루노바홀 공연장,2024-12-06,2024-12-06,,,,shard_30,confirmed,"signal_scorer: verified->review 재검토 필요 (날짜 불일치 감지, 자동삭제 아님)",general
eE9ALrhidp8,제39회 서울연극제 10인의 연출가 Vol8 : 윤시중,"★ 제39회 서울연극제 공식선정작 
그때, 변홍례
2017.5.18(금) - 5.27(일)
@아트원씨어터 3관
#작 #어단비
#연출 #윤시중
#극단 #극단 하땅세

★ 서울연극제 홈페이지 http://www.stf.or.kr",UCpDIYb1c0ayIbvwCKch-Eag,서울연극협회SEOUL THEATER ASSOCIATION,2018-05-10T07:00:01Z,53,0.88,True,388.0,5.0,0.0,https://www.youtube.com/watch?v=eE9ALrhidp8,682,265,PF277565,"그때, 변홍례 [수원]",연극,경기아트센터(구. 경기도문화의전당) 소극장,2025-11-22,2025-11-22,,,,shard_30,confirmed,"signal_scorer: verified->review 재검토 필요 (날짜 불일치 감지, 자동삭제 아님)",shorts
GVqBquQUHw8,조상님께 바치는 댄스 - Dancing Grandmothers (여수공연),"*파리 국립극장을 뒤 흔들어 놓은 '한국 막춤의 대가' 안은미!
요절복통 배꼽 빠지게 하는 춤! 세대를 초월하게 하는 춤! 프랑스 파리도 들썩거리게 한 춤! 그 이름 바로 ""막춤"". 3세대를 아우르는 신명나는 ""막춤"" 한 판!
*2016.2.26(금)~27(토) 오후 7시30분 예울마루 대극장",UCwWqBWIe72xKV016rcXGaaA,여수MBCPrime,2016-01-06T07:26:42Z,43,0.72,True,4208.0,17.0,0.0,https://www.youtube.com/watch?v=GVqBquQUHw8,186000,7155,PF225115,조상님께 바치는 댄스 [대구],무용(서양/한국무용),대구문화예술회관 팔공홀,2023-10-14,2023-10-15,,,,shard_31,confirmed,"signal_scorer: verified->review 재검토 필요 (날짜 불일치 감지, 자동삭제 아님)",shorts
N_SyIeSe6EQ,[부산시립교향악단] 미완성 음악회Ⅳ 하이라이트.zip,"2025년 6월, 제621회 정기연주회의 오픈 리허설 ‘미완성 음악회’에서는 쇼스타코비치 교향곡 제10번의 3, 4악장 리허설 무대가 펼쳐졌습니다. 이번 비하인드에서는 미완성 음악회의 재밌는 순간들만 모아 하이라이트로 전해드립니다! 무대 위 생생한 리허설, 그 특별한 매력을 함께 느껴보세요🎻

📌클래식 무대 뒤의 이야기가 궁금하다면
👉구독과 좋아요 그리고 알림 설정, 잊지 마세요!
#부산시립교향악단 #브이로그 #미완성음악회
다가오는 부산시립교향악단의 공연도 많은 관심과 사랑 부탁드립니다🫶

🎟 8월 공연 및 프로그램 안내:
[부산시립교향악단 기획음악회 실내악 시리즈 Ⅲ 『줌인 Ⅱ』]
▶ 일시 및 장소
2025년 8월 12일 (화) 19:30 / 부산문화회관 챔버홀
▶ 출연
튜바 | 임정빈
피아노 | 백진주
▶ 프로그램
브람스 | 다섯 개의 가곡 中 제1번 ‘저녁 음악’
힌데미트 | 튜바와 피아노를 위한 소나타
윌리엄스 | 튜바 협주곡
텔레만 | 환상곡 제7번
생상스 | 동물의 사육제 中 ‘백조’
윌리엄스 | 튜바 협주곡
▶ 공연문의
051)607-6000(ARS 1번)",UCeySqDu5BowY_RD5sVYIYug,부산시립예술단TV,2025-08-01T04:52:14Z,242,4.03,False,1012.0,20.0,1.0,https://www.youtube.com/watch?v=N_SyIeSe6EQ,2630,551,PF256295,부산시립교향악단 기획음악회: 미완성 음악회 Ⅰ,서양음악(클래식),부산문화회관 대극장,2025-01-09,2025-01-09,,,,shard_31,confirmed,"signal_scorer: verified->review 재검토 필요 (날짜 불일치 감지, 자동삭제 아님)",general
Xr8N-wl0R7c,"[부산시립교향악단 VLOG] 단원들의 연주 준비, 같이 보실래요? | NEW WORLD in 부산 콘서트홀","2025년 5월, 부산시향 제620회 정기연주회(부산콘서트홀 개관 시범공연)을 앞두고 부산시립교향악단이 어떤 하루들을 보내고 있었는지 살짝 보여드릴게요!
예술감독님과 단원들이 함께 연습하고, 웃고, 진지해지는 그 순간들까지— 무대에 오르기 전의 부산시향을 담았습니다🎻

홍석원 예술감독과 부산시향 단원들의 진짜 리허설 모먼트, 함께 보실래요?

📌클래식 무대 뒤의 이야기가 궁금하다면
👉구독과 좋아요 그리고 알림 설정, 잊지 마세요!

#부산시립교향악단 #브이로그 #클래식비하인드

🎟 6월 공연 및 프로그램 안내:

[부산시립교향악단 기획음악회 ""미완성 음악회Ⅳ""]

▶ 일시 및 장소
2025년 6월 18일 (수) 19:30 / 부산문화회관 대극장

▶ 출연
지휘 | 홍석원
연주 | 부산시립교향악단

▶ 프로그램
쇼스타코비치 | 교향곡 제10번 3-4악장

▶ 공연문의
051)607-6000(ARS 1번)

[부산시립교향악단 제621회 정기연주회 ""DSCH""]

▶ 일시 및 장소
2025년 6월 19일 (수) 19:30 / 부산문화회관 대극장

▶ 출연
지휘 | 홍석원
첼로 | 최하영
연주 | 부산시립교향악단

▶ 프로그램
쇼스타코비치 | 첼로 협주곡 제1번
쇼스타코비치 | 교향곡 제10번

▶ 공연문의
051)607-6000(ARS 1번)

🎟 7월 공연 및 프로그램 안내:

[부산시립교향악단 제622회 정기연주회 ""여름, 목가""]

▶ 일시 및 장소
2025년 7월 10일 (목) 19:30 / 부산콘서트홀

▶ 출연
지휘 | 홍석원
피아노 | 폴 루이스
연주 | 부산시립교향악단

▶ 프로그램
베토벤 | 피아노 협주곡 제4번
브람스 | 교향곡 제2번

▶ 공연문의
051)607-6000(ARS 1번)",UCeySqDu5BowY_RD5sVYIYug,부산시립예술단TV,2025-06-13T05:45:25Z,279,4.65,False,2192.0,38.0,2.0,https://www.youtube.com/watch?v=Xr8N-wl0R7c,2630,551,PF256295,부산시립교향악단 기획음악회: 미완성 음악회 Ⅰ,서양음악(클래식),부산문화회관 대극장,2025-01-09,2025-01-09,,,,shard_31,confirmed,"signal_scorer: verified->review 재검토 필요 (날짜 불일치 감지, 자동삭제 아님)",general
Z-BC-Elu5kA,서울시향 얍 판 츠베덴의 말러 교향곡 6번 ‘비극적’ 공연 후기,#서울시향#서울시향서포터즈#말러#롯데콘서트홀#daily#일상,UCWdjA02ZFY2pZO9cUW0-F4Q,yeonjae,2026-03-21T05:13:24Z,70,1.17,False,74.0,8.0,0.0,https://www.youtube.com/watch?v=Z-BC-Elu5kA,44,18,PF277458,서울시향 얍 판 츠베덴의 말러 교향곡 6번: 비극적,서양음악(클래식),롯데콘서트홀,2026-03-19,2026-03-20,,,,shard_32,confirmed,"signal_scorer: verified->review 재검토 필요 (날짜 불일치 감지, 자동삭제 아님)",shorts
8_NqDsPWstI,SAC on Screen 특별기획전 '호두까기인형' 관객반응,"SAC on Screen 특별기획전 '호두까기인형' 관객반응
2014.12.7 CGV 여의도",UC-ucg_i-56z7DzfRB8fLnCw,예술의전당 SAC ON SCREEN,2015-01-03T02:03:47Z,152,2.53,False,432.0,3.0,0.0,https://www.youtube.com/watch?v=8_NqDsPWstI,14300,190,PF273808,"SAC on Screen, 호두까기 인형 (영상화)",무용(서양/한국무용),안성맞춤아트홀 문화살롱,2025-11-06,2025-11-06,,,,shard_32,confirmed,"signal_scorer: verified->review 재검토 필요 (날짜 불일치 감지, 자동삭제 아님)",general
FCWiEFlqoE4,싹 온 스크린(SAC on Screen) 첫발을 내딛다!,"'호두까기인형' 상영현장!
2014.6.25 연천수레울아트홀/6.26 서귀포 예술의전당",UC-ucg_i-56z7DzfRB8fLnCw,예술의전당 SAC ON SCREEN,2014-07-29T10:58:17Z,258,4.3,False,676.0,1.0,0.0,https://www.youtube.com/watch?v=FCWiEFlqoE4,14300,190,PF273808,"SAC on Screen, 호두까기 인형 (영상화)",무용(서양/한국무용),안성맞춤아트홀 문화살롱,2025-11-06,2025-11-06,,,,shard_32,confirmed,"signal_scorer: verified->review 재검토 필요 (날짜 불일치 감지, 자동삭제 아님)",general
kd8BOvf2C6U,[SAC on Screen 특별기획전] 인터뷰 영상,"[SAC on Screen 특별기획전]

일시: 2014.12.7~12.10
장소: CGV 여의도, 광화문 씨네큐브
상영작: 호두까기인형, 메피스토, 증발, 스피릿 오브 베토벤, 지젤",UC-ucg_i-56z7DzfRB8fLnCw,예술의전당 SAC ON SCREEN,2015-02-11T04:11:23Z,424,7.07,False,224.0,2.0,0.0,https://www.youtube.com/watch?v=kd8BOvf2C6U,14300,190,PF273808,"SAC on Screen, 호두까기 인형 (영상화)",무용(서양/한국무용),안성맞춤아트홀 문화살롱,2025-11-06,2025-11-06,,,,shard_32,confirmed,"signal_scorer: verified->review 재검토 필요 (날짜 불일치 감지, 자동삭제 아님)",general
8_b-zehXoQs,"인형극 ""어린왕자와 비밀의 돌""","반구천 암각화 세계유산 등재 기념
가족과 함께 즐기는 막대 인형극
어린왕자와 비밀의 돌
2025.9.6.(토)~9.7.(일)
11시, 14시, 16시
울산문화예술회관 소공연장",UCIMC70agsQriD6hAfGpLaxA,울산문화예술회관,2025-09-04T01:50:56Z,31,0.52,True,54.0,0.0,0.0,https://www.youtube.com/watch?v=8_b-zehXoQs,1530,316,PF252004,어린왕자 [울산],무용(서양/한국무용),울주문화예술회관 그린나래홀 (공연장) ,2024-11-15,2024-11-16,,,,shard_33,confirmed,"signal_scorer: verified->review 재검토 필요 (날짜 불일치 감지, 자동삭제 아님)",shorts
LeIJbs0N6HQ,Tenor Eunkuk Kim Recital 테너 김은국 귀국 독창회 1부 (2020.02.18.) 예술의 전당 리싸이틀 홀,"Tenor Eunkuk Kim Recital
테너 김은국 귀국 독창회 (2020.02.18.) 예술의 전당 리싸이틀 홀

Program
Antonio Caldara (안토니오 칼다라 1670-1736)
Selve amiche 정다운 숲이여

Giovanni Battista Pergolesi (죠반니 바티스타 페르골레시 1710-1736)
Se tu m’ami 만일 당신이 나를 사랑한다면

Franz Schubert (프란츠 슈베르트 1797-1828)
Gesänge des Harfners 하프 타는 노인의 노래
– Aus ‘Wilhelm Meister’ von Goethe 괴테의 시 '빌헬름 마이스터'중에서 
Wer sich der Einsamkeit ergibt Op. 12, No. 1 고독에 몸을 맡긴 자
Wer nie sein Brot mit Tränen aß Op. 12, No. 2 눈물 젖은 빵을 먹어보지 못한 자
An die Türen will ich schleichen Op. 12, No. 3 문가로 살그머니 다가가
 
Henri Duparc (앙리 듀파르크 1848-1933)
Chanson triste 슬픈 노래
Le manoir de Rosemonde 로즈몽드의 정원

Tenor Eunkuk Kim Recital
테너 김은국 귀국 독창회

P R O F I L E
* Tenor 김은국

테너 김은국은 서울대학교 음악대학 성악과 및 동 대학원을 실기수석으로 졸업하고 박사과정 재학 중 도독하여 만하임 국립음대(Hochschule für Musik und Darstellende Kunst Mannheim) 오페라과를 실기 만점으로 졸업하였다.

일찍이 이화경향콩쿠르 1위 등 유수의 콩쿠르에서 우승하며 음악적 두각을 드러낸 그는 2014년 바그너 장학협회 장학생으로 선정되는 등 그 실력을 인정받았다. 

바덴바덴 페스트슈필하우스 초청 푸치니 오페라 '마농 레스코(Manon Lescaut)'의 테너 주역인 데 그리외 역을 맡아 바덴바덴 극장과 베를린필하모니극장에서 데뷔 무대를 가진 그는 국립오페라단 오페라 모차르트 ‘마술피리(Die Zauberflöte)’의 타미노 역, 도니제티 오페라 ‘사랑의 묘약(L'elisir d'amore)’의 네모리노 역을 비롯하여 ‘리골레토(Rigoletto)’, ‘라 트라비아타(La Traviata)’, ‘돈 조반니(Don Giovanni)’, ‘신데렐라(La Cenerentola)’, ‘라 보엠(La Bohème)’, ‘가짜 여정원사(La finta giardiniera)’, ‘오를란도 팔라디노(Orlando Paladino)’ 등과 오페레타 ‘박쥐(Die Fledermaus)’, ‘집시 남작(Der Zigeunerbaron)’, ‘유쾌한 미망인(The Merry Widow)’ 등 다수 작품의 주역으로서 안정된 가창력과 연기력을 겸비한 성악가의 면모를 유감없이 보여주었다. 

또한 독일 만하임 국립극장 솔리스트를 역임한 김은국은 칼 필립 엠마누엘 바흐 탄생 300주년 기념 ‘마그니피카트(Magnificat)’ 테너 주역과 라인팔츠 극장, 플렌스부르크 극장에서 베토벤 오라토리오 ‘감람산의 그리스도(Christ on the Mount of Olives)’ 예수 역 솔리스트, 서울시립합창단 정기공연 바흐 ‘크리스마스 오라토리오(Weihnachts-Oratorium, BWV 248)’, 모차르트 '레퀴엠(Requiem)', 3년 연속 St. Valentin Kübelberg 신년음악회 등에서 테너 솔리스트로 출연하였다. 

 사무엘 윤, 권오혁, 박영국 교수를 사사한 테너 김은국은 베를린 필하모닉오케스트라 등 유수의 오케스트라와 협연하였고, 만하임시립페스티벌 모차르트 갈라 콘서트 주역 출연, 바이로이트 바그너 오페라 음악축제에 초청받는 등 대한민국을 대표하는 차세대 전문오페라연주자로 활발한 활동을 전개하고 있으며 현재 Open Theater 소속 아티스트이자 동성아트홀 음악감독으로 국내 음악계 발전에 힘쓰고 있다.",UCD8aAC_gxK8lXY3Sm53dWAw,서울대학교 독서테너 김은국😉☝️,2020-11-03T09:16:04Z,1655,27.58,False,2554.0,56.0,0.0,https://www.youtube.com/watch?v=LeIJbs0N6HQ,397,196,PF269027,"국립오페라단, 마술피리 [인천 서구]",서양음악(클래식),인천서구문화회관 대공연장,2025-08-02,2025-08-02,,,,shard_33,confirmed,"signal_scorer: verified->review 재검토 필요 (날짜 불일치 감지, 자동삭제 아님)",general
IM3jM--ubAU,#국악인 송소희#김준수#서울시민청 개관7주년기념공연#전통음악 시민청 예술가 하루팀,"2020-1-11오후1시40분 서울 시민청 개관7주년 기념공연 행사
많은 시민이 함께하였읍니다.
국악인 송소희,김준수,두번째달,시민청 예술가 하루팀 공연",UCWpKNoOOb9lk48zUj-TFJTQ,Hi금보라 채널,2020-01-12T02:53:22Z,5194,86.57,False,7499.0,309.0,30.0,https://www.youtube.com/watch?v=IM3jM--ubAU,33700,534,PF243770,송소희 X 두번째달 X 김준수: 모던민요 [여주],한국음악(국악),세종국악당,2024-08-17,2024-08-17,,,,shard_33,confirmed,"signal_scorer: verified->review 재검토 필요 (날짜 불일치 감지, 자동삭제 아님)",general
76Xo7G9--XM,조유식의 허튼소리 - 김해 국민의힘 내년 총선도 축배 들 수 있을까?,2023.5.31 보도 게재,UCSfPjRbDLLdHOPxvg3SDzuA,유식TV,2023-06-13T07:09:48Z,388,6.47,False,87.0,3.0,1.0,https://www.youtube.com/watch?v=76Xo7G9--XM,803,1641,PF272927,허튼소리 [김해],한국음악(국악),김해서부문화센터 하늬홀,2025-10-17,2025-10-17,,,,shard_33,confirmed,"signal_scorer: verified->review 재검토 필요 (날짜 불일치 감지, 자동삭제 아님)",general
s9fNbgxRCFo,250911 [국립무용단-사자의 서] 오픈리허설 2장 장면시연①,"2025.09.11 
국립무용단 '사자(死者)의 서(書)' 오픈리허설 
2-1장 장면 시연
박혜지 무용수 위주 풀샷",UCPJX0THyRJoY7X92flL5BRg,dosae,2025-09-11T17:28:22Z,578,9.63,False,605.0,,0.0,https://www.youtube.com/watch?v=s9fNbgxRCFo,3380,207,PF230615,"국립무용단, 사자의 서",무용(서양/한국무용),국립극장 해오름극장,2024-04-25,2024-04-27,,,,shard_34,confirmed,"signal_scorer: verified->review 재검토 필요 (날짜 불일치 감지, 자동삭제 아님)",general
S2Sx_ldezKE,250911 [국립무용단-사자의 서] 오픈리허설 2장 장면시연②,"2025.09.11 
국립무용단 '사자(死者)의 서(書)' 오픈리허설 
2-2장 장면 시연
풀샷",UCPJX0THyRJoY7X92flL5BRg,dosae,2025-09-11T17:15:48Z,241,4.02,False,279.0,,0.0,https://www.youtube.com/watch?v=S2Sx_ldezKE,3380,207,PF230615,"국립무용단, 사자의 서",무용(서양/한국무용),국립극장 해오름극장,2024-04-25,2024-04-27,,,,shard_34,confirmed,"signal_scorer: verified->review 재검토 필요 (날짜 불일치 감지, 자동삭제 아님)",general
_XHczm-fCdM,"춤, 상상보따리-꺅콩이와 깜찍이 - 수원","2026 경기도무용단 기획공연👶🏻
춤, 상상보따리 - 꺅콩이와 깜찍이

경기도무용단이 준비한 어린이 가족 무용극!

꺅콩이와 깜찍이는 함께할 수 있을까⁉️

투닥투닥 서로 다른 둘이 하나가 되어가는
그 여정의 길을 함께해요✨

꺅콩이와 깜찍이가 어린이 여러분을 기다려요!
모두 경기아트센터 소극장에서 만나요💗

🕑2026.5.2.(토), 3.(일) 13:00 / 16:00
🏛️경기아트센터 소극장
🎫R석 3만원 / S석 2만원 / 만원의 행복석 1만원
👶🏻5세이상 관람가
⏰조기예매 할인을 놓치지 마세요!
☎️예매문의 1544-2344 / 공연문의 031-230-3315",UC0p33ZnRkC4p0jiPJajQZkw,꺅! tv 경기아트센터,2026-04-03T05:59:34Z,51,0.85,True,246.0,5.0,0.0,https://www.youtube.com/watch?v=_XHczm-fCdM,23300,1211,PF260334,"경기도무용단 기획공연: 춤, 상상보따리 [수원]",무용(서양/한국무용),경기아트센터(구. 경기도문화의전당) 소극장,2025-05-17,2025-05-18,,,,shard_34,confirmed,"signal_scorer: verified->review 재검토 필요 (날짜 불일치 감지, 자동삭제 아님)",shorts
LMciECoGpXI,[#그때도오늘2] 연극 [그때도 오늘2: 꽃신] OST '꽃신' 뮤직비디오🌸 | 공연배달서비스 간다,"🌸연극 [그때도 오늘2]
#그때도오늘2 #꽃신뮤직비디오

연극 [그때도 오늘2: 꽃신] OST '꽃신' 뮤직비디오

“보고 싶고 보고 싶은 그대의 얼굴도 
 언젠가 그 빛에 비춰보려나.“

꽃신으로 이어지는 4개의 에피소드
역사 속 존재하는 ‘보통 사람들‘의 이야기

-
🌸연극 [그때도 오늘2]
기간: 2025.12.16(화) - 2026.02.22(일)
장소: NOL 서경스퀘어 스콘 2관

#공연배달서비스간다 #그때도오늘2OST #뮤직비디오",UCzsTen4kwRVZcB9tOQhtzOA,공연배달서비스 간다,2026-01-27T03:02:47Z,242,4.03,False,4175.0,,3.0,https://www.youtube.com/watch?v=LMciECoGpXI,545,104,PF217554,그때도 오늘 [오산],연극,오산문화예술회관 소공연장,2023-06-02,2023-06-03,,,,shard_34,confirmed,"signal_scorer: verified->review 재검토 필요 (날짜 불일치 감지, 자동삭제 아님)",general
yU1LsP3QNCQ,"안소희, 연극 [그때도 오늘2:꽃신] 에서 뿌리는 향수는? 🌸","2025.12.18 (목) KBS Cool FM 89.1MHz 매일 22:00-24:00
[한해의 키스더라디오]
놀라운 초대석 with 안소희

Copyright ⓒ KBS. All rights reserved. 무단 전재, 재배포 및 이용(AI 학습 포함) 금지

#한해 #키스더라디오 #한해의키스더라디오
#안소희 #그때도오늘2 #연극그때도오늘2",UCbVRtqsTmYh1xhrDSTfSQLg,KBS CoolFM,2025-12-24T10:02:13Z,70,1.17,False,3640.0,31.0,0.0,https://www.youtube.com/watch?v=yU1LsP3QNCQ,1500000,18396,PF217554,그때도 오늘 [오산],연극,오산문화예술회관 소공연장,2023-06-02,2023-06-03,,,,shard_34,confirmed,"signal_scorer: verified->review 재검토 필요 (날짜 불일치 감지, 자동삭제 아님)",shorts
hzkC8K8_jsY,251217 연극 '그때도 오늘2' 커튼콜 안소희X이지해,"#김혜은 #이지해 #이상희 #홍지희 #안소희 #김소혜

🌸연극 '그때도 오늘2'
기간: 2025.12.16(화) - 2026.02.22(일)
장소: NOL 서경스퀘어 스콘 2관

🧷 https://tickets.interpark.com/goods/25016154",UCgeNUlHZNEtao_d4e8sKQNg,밤고구마🌰_CAM,2025-12-20T16:55:32Z,21,0.35,True,605.0,6.0,0.0,https://www.youtube.com/watch?v=hzkC8K8_jsY,73,31,PF217554,그때도 오늘 [오산],연극,오산문화예술회관 소공연장,2023-06-02,2023-06-03,,,,shard_34,confirmed,"signal_scorer: verified->review 재검토 필요 (날짜 불일치 감지, 자동삭제 아님)",shorts
PRwr9cKOitI,[#그때도오늘2] 공연 실황 릴스 공개🌸 | 공연배달서비스 간다,"🌸연극 [그때도 오늘2]
#그때도오늘2 #공연실황릴스 

“내가 만에 하나 빛을 보잖아? 그럼 그거 다 언니 몫이다”

-
🌸연극 [그때도 오늘2]
기간: 2025.12.16(화) - 2026.02.22(일)
장소: NOL 서경스퀘어 스콘 2관",UCzsTen4kwRVZcB9tOQhtzOA,공연배달서비스 간다,2026-02-05T10:00:58Z,47,0.78,True,2395.0,,6.0,https://www.youtube.com/watch?v=PRwr9cKOitI,545,104,PF217554,그때도 오늘 [오산],연극,오산문화예술회관 소공연장,2023-06-02,2023-06-03,,,,shard_34,confirmed,"signal_scorer: verified->review 재검토 필요 (날짜 불일치 감지, 자동삭제 아님)",shorts
kQ8zAm1s3f0,"발레 호두까기인형, 호두까기인형과 할아버지 춤 - 국립발레단 (The Nutcracker, The Nutcracker and Grandfather dance), 2019.12.25","국립발레단, 호두까기인형
2019.12.25
호두까기인형과 할아버지의 춤

드로셀마이어 : 송정빈
호두까기인형 : 리유 콜레트
어린 마리 : 안희주
----------------
Korean National Ballet, The Nutcracker
2019.12.25
The Nutcracker and Grandfather dance

Drosselmeyer : Jungbin Song
Nutcracker doll : Colette Rieu
Marie : Heeju Ahn",UCyxHFuLDszEV2j7Uy3FuVjQ,Ballet Log,2021-12-19T12:43:20Z,185,3.08,False,192606.0,691.0,29.0,https://www.youtube.com/watch?v=kQ8zAm1s3f0,2300,97,PF251707,"국립발레단, 호두까기인형 [전주]",무용(서양/한국무용),한국소리문화의전당 모악당,2024-12-06,2024-12-07,,,,shard_35,confirmed,"signal_scorer: verified->review 재검토 필요 (날짜 불일치 감지, 자동삭제 아님)",general
lXrG28jPp7Y,Tenor Eunkuk Kim Recital 테너 김은국 귀국 독창회 2부 (2020.02.18.) 예술의 전당 리싸이틀 홀,"Tenor Eunkuk Kim Recital
테너 김은국 귀국 독창회 (2020.02.18.) 예술의 전당 리싸이틀 홀

Program

Johannes Brahms (요하네스 브람스 1833-1897)
Lieder und Gesänge Op. 32
Wie rafft ich mich auf in der Nacht No. 1 슬프다 나를 다시 에워싸다니
Nicht mehr zu dir zu gehen No. 2 다시는 네게 가지 않으려
Wie bist du, meine Königin No. 9 얼마나 기쁘오 나의 여왕이여

Ottorino Respighi (오뽀리노 레스피기 1879-1936)
Nevicata 설경
Nebbie 안개
L'ultima ebbrezza 최후의 도취

Ernest Charles (에른스트 챨스1895–1984)
Night 밤
And so, goodbye 그럼, 안녕

앵콜
1.La donna e mobile (여자의 마음 - 오페라 ""리골레토""중 )
2.좋은 만남 (이강국 시 )

Tenor Eunkuk Kim Recital
테너 김은국 귀국 독창회
P R O F I L E
* Tenor 김은국

테너 김은국은 서울대학교 음악대학 성악과 및 동 대학원을 실기수석으로 졸업하고 박사과정 재학 중 도독하여 만하임 국립음대(Hochschule für Musik und Darstellende Kunst Mannheim) 오페라과를 실기 만점으로 졸업하였다.

일찍이 이화경향콩쿠르 1위 등 유수의 콩쿠르에서 우승하며 음악적 두각을 드러낸 그는 2014년 바그너 장학협회 장학생으로 선정되는 등 그 실력을 인정받았다. 

바덴바덴 페스트슈필하우스 초청 푸치니 오페라 '마농 레스코(Manon Lescaut)'의 테너 주역인 데 그리외 역을 맡아 바덴바덴 극장과 베를린필하모니극장에서 데뷔 무대를 가진 그는 국립오페라단 오페라 모차르트 ‘마술피리(Die Zauberflöte)’의 타미노 역, 도니제티 오페라 ‘사랑의 묘약(L'elisir d'amore)’의 네모리노 역을 비롯하여 ‘리골레토(Rigoletto)’, ‘라 트라비아타(La Traviata)’, ‘돈 조반니(Don Giovanni)’, ‘신데렐라(La Cenerentola)’, ‘라 보엠(La Bohème)’, ‘가짜 여정원사(La finta giardiniera)’, ‘오를란도 팔라디노(Orlando Paladino)’ 등과 오페레타 ‘박쥐(Die Fledermaus)’, ‘집시 남작(Der Zigeunerbaron)’, ‘유쾌한 미망인(The Merry Widow)’ 등 다수 작품의 주역으로서 안정된 가창력과 연기력을 겸비한 성악가의 면모를 유감없이 보여주었다. 

또한 독일 만하임 국립극장 솔리스트를 역임한 김은국은 칼 필립 엠마누엘 바흐 탄생 300주년 기념 ‘마그니피카트(Magnificat)’ 테너 주역과 라인팔츠 극장, 플렌스부르크 극장에서 베토벤 오라토리오 ‘감람산의 그리스도(Christ on the Mount of Olives)’ 예수 역 솔리스트, 서울시립합창단 정기공연 바흐 ‘크리스마스 오라토리오(Weihnachts-Oratorium, BWV 248)’, 모차르트 '레퀴엠(Requiem)', 3년 연속 St. Valentin Kübelberg 신년음악회 등에서 테너 솔리스트로 출연하였다. 

사무엘 윤, 권오혁, 박영국 교수를 사사한 테너 김은국은 베를린 필하모닉오케스트라 등 유수의 오케스트라와 협연하였고, 만하임시립페스티벌 모차르트 갈라 콘서트 주역 출연, 바이로이트 바그너 오페라 음악축제에 초청받는 등 대한민국을 대표하는 차세대 전문오페라연주자로 활발한 활동을 전개하고 있으며 현재 Open Theater 소속 아티스트이자 동성아트홀 음악감독으로 국내 음악계 발전에 힘쓰고 있다.",UCD8aAC_gxK8lXY3Sm53dWAw,서울대학교 독서테너 김은국😉☝️,2020-11-03T09:24:50Z,2147,35.78,False,1965.0,42.0,2.0,https://www.youtube.com/watch?v=lXrG28jPp7Y,397,196,PF268202,"국립오페라단, 박쥐 [강릉]",서양음악(클래식),강릉아트센터 (구. 강릉문화예술관) 사임당홀 (대공연장) ,2025-08-15,2025-08-16,,,,shard_35,confirmed,"signal_scorer: verified->review 재검토 필요 (날짜 불일치 감지, 자동삭제 아님)",general
kpa3zv8Txck,국립발레단 백조의 호수 #백조의호수 #국립발레단 #부산문화회관 #부산시민회관 #차이콥스키 #클래식발레 #발레공연 #3월공연 #부산공연 #유리그리고로비치 #오데트 #오딜 #지그프리트,"차이콥스키의 웅장한 선율과 국립발레단의 압도적인 테크닉이 만났습니다! 🩰
2026년 3월, 부산시민회관에서 펼쳐지는 클래식 발레의 정수 '백조의 호수'를 미리 만나보세요.

거장의 재해석: 안무가 유리 그리고로비치가 담아낸 극적이고 서정적인 무대

1인 2역의 마법: 순수한 백조 '오데트'와 매혹적인 흑조 '오딜'을 오가는 주역 무용수의 열연

희망의 메시지: 비극을 넘어선 '해피엔딩'! 그리고로비치가 한국 관객을 위해 특별히 구성한 결말

환상적인 군무: 24명의 무용수가 펼치는 백조 군무와 '그림자 춤'의 압도적 비주얼



#백조의호수 #국립발레단 #부산문화회관 #부산시민회관 #차이콥스키 #클래식발레 #발레공연 #3월공연 #부산공연 #유리그리고로비치 #오데트 #오딜 #지그프리트 #로트바르트 #발레리나 #발레리노 #발레음악 #3대발레 #호두까기인형 #잠자는숲속의미녀 #정통발레 #볼쇼이발레 #해피엔딩 #운명적사랑 #백조군무 #아다지오 #파드되 #그림자춤 #흑조 #백조 #발레리나한나래 #발레리나박슬기 #발레리노양준영 #발레리노허서명 #발레리노이재우 #발레리노곽동현 #KNB #KoreanNationalBallet #SwanLake #Tchaikovsky #Grigorovich #BalletLife #BalletPerformance #BusanCulture #ArtCenter #BusanEvent #SpringPerformance #ClassicArts #StagePerformance #CultureLife #부산공연추천 #부산문화생활 #부산데이트 #부산가볼만한곳 #부산시민회관대극장 #범일동 #서면 #남구 #부산진구 #부산여행 #부산나들이 #주말데이크 #부산라이프 #부산맘 #부산직장인 #부산취미 #부산예술 #부산전시 #부경대 #경성대 #동아대 #부산대 #부산커플 #부산핫플 #부산소식 #경남공연 #울산공연 #양산공연 #김해공연 #창원공연 #문화예술 #예술경영 #공연기획 #문화도시부산 #예술의전당 #부산투어 #부산의밤 #부산주말 #가족나들이 #초등학생체험 #교육공연 #학생할인 #문화회관회원 #조기예매 #티켓오픈 #공연예매 #인터파크티켓 #부산시민회관홈페이지 #문화가있는날 #공연스타그램 #우아함 #아름다움 #환상적인 #감동적인 #예술의혼 #무대미술 #화려한의상 #군무의정석 #테크닉 #연기력 #1인2역 #반전매력 #동화속세상 #로맨틱 #서정적인 #웅장한 #전율 #힐링타임 #문화충전 #감성사진 #무대사진 #커튼콜 #발레슈즈 #토슈즈 #튀튀 #발레학원 #성인발레 #취미발레 #발레꿈나무 #무용과 #입시무용 #무용수 #예고입시 #예대입시 #예술교육 #정서함양 #태교공연 #효도선물 #기념일선물 #특별한날 #화이트데이선물 #봄날의기적 #희망의메시지 #진정한사랑 #운명 #저주 #마법 #숲속의호수 #달빛아래 #명작 #BestBallet #WorldClassic #Masterpiece #Theatrical #DanceArt #Choreography #Symphony #Orchestra #MusicLover #ArtLover #TheaterGoer #BusanTravel #KoreaTravel #VisitBusan #BalletGram #DancerGram #InstaBallet #DailyArt #LifeIsArt #GreatPerformance #MustWatch #SoldOut #TicketLife #CultureVulture #Aesthetic #Poetic #Dreamy #Elegant #Graceful #Powerful #Expressive #Storytelling #StageDesign #LightingDesign #CostumeDesign #Production #ArtisticDirector #NationalCompany #ProfessionalDancer #Soloist #PrincipalDancer #BalletMaster #Workout #Flexibility #Strength #discipline #Passion #Creative #Inspiration #Vision #일상 #소통 #데일리 #좋아요 #팔로우 #공연후기 #기대평 #이벤트 #홍보 #서포터즈 #문화기자단 #공연정보 #꿀팁 #할인정보 #복지할인 #청소년할인 #가족석 #VIP석 #R석 #S석 #A석 #좌석추천 #대극장 #시야제한석 #매진임박 #놓치지마세요 #꼭봐야할공연 #인생공연 #버킷리스트 #취미생활 #자기계발 #교양쌓기 #품격있는 #럭셔리라이프 #소확행 #워라밸 #퇴근후취미 #주말계획 #봄나들이 #3월축제 #봄꽃 #벚꽃대신발레 #실내데이트 #비오는날데이트 #쾌적한공연장 #음향좋은곳 #시민회관나들이 #동구문화 #남구문화 #부산동구 #부산남구 #부산맘카페 #부산카페 #부산맛집 #공연전후맛집 #시민회관맛집 #범일동맛집 #문현동맛집 #서면맛집 #예술인 #무용가 #안무가 #기획자 #예비무용수 #무용학도 #클래식입문 #발레입문 #교양수업 #초등맘 #중등맘 #고등맘 #입시생 #응원합니다 #화이팅 #오늘의공연 #투데이 #인스타데일리 #감성글귀 #공연리뷰 #관람평 #별점 #추천공연 #명작발레 #고품격 #브랜드공연 #국립발레단내한아님 #국가대표발레 #대한민국발레 #세계적수준 #K발레 #KBallet #KoreaCulture #GlobalBusan #WorldClass #Artistic #Bravo #Bravissimo #Encore #CurtainCall #SeeYouThere",UC7oz5tfsYtmvvlFXu7YEI_g,N코어,2026-03-05T03:21:07Z,45,0.75,True,1217.0,12.0,0.0,https://www.youtube.com/watch?v=kpa3zv8Txck,689,546,PF244225,잠자는 숲속의 미녀 [양산],무용(서양/한국무용),양산문화예술회관 대공연장,2024-07-27,2024-07-27,,,,shard_35,confirmed,"signal_scorer: verified->review 재검토 필요 (날짜 불일치 감지, 자동삭제 아님)",shorts
LMciECoGpXI,[#그때도오늘2] 연극 [그때도 오늘2: 꽃신] OST '꽃신' 뮤직비디오🌸 | 공연배달서비스 간다,"🌸연극 [그때도 오늘2]
#그때도오늘2 #꽃신뮤직비디오

연극 [그때도 오늘2: 꽃신] OST '꽃신' 뮤직비디오

“보고 싶고 보고 싶은 그대의 얼굴도 
 언젠가 그 빛에 비춰보려나.“

꽃신으로 이어지는 4개의 에피소드
역사 속 존재하는 ‘보통 사람들‘의 이야기

-
🌸연극 [그때도 오늘2]
기간: 2025.12.16(화) - 2026.02.22(일)
장소: NOL 서경스퀘어 스콘 2관

#공연배달서비스간다 #그때도오늘2OST #뮤직비디오",UCzsTen4kwRVZcB9tOQhtzOA,공연배달서비스 간다,2026-01-27T03:02:47Z,242,4.03,False,4176.0,,3.0,https://www.youtube.com/watch?v=LMciECoGpXI,545,104,PF220664,그때도 오늘 [인천],연극,남동소래아트홀 소래극장 (대공연장) ,2023-07-15,2023-07-15,,,,shard_35,confirmed,"signal_scorer: verified->review 재검토 필요 (날짜 불일치 감지, 자동삭제 아님)",general
hzkC8K8_jsY,251217 연극 '그때도 오늘2' 커튼콜 안소희X이지해,"#김혜은 #이지해 #이상희 #홍지희 #안소희 #김소혜

🌸연극 '그때도 오늘2'
기간: 2025.12.16(화) - 2026.02.22(일)
장소: NOL 서경스퀘어 스콘 2관

🧷 https://tickets.interpark.com/goods/25016154",UCgeNUlHZNEtao_d4e8sKQNg,밤고구마🌰_CAM,2025-12-20T16:55:32Z,21,0.35,True,605.0,6.0,0.0,https://www.youtube.com/watch?v=hzkC8K8_jsY,73,31,PF220664,그때도 오늘 [인천],연극,남동소래아트홀 소래극장 (대공연장) ,2023-07-15,2023-07-15,,,,shard_35,confirmed,"signal_scorer: verified->review 재검토 필요 (날짜 불일치 감지, 자동삭제 아님)",shorts
yU1LsP3QNCQ,"안소희, 연극 [그때도 오늘2:꽃신] 에서 뿌리는 향수는? 🌸","2025.12.18 (목) KBS Cool FM 89.1MHz 매일 22:00-24:00
[한해의 키스더라디오]
놀라운 초대석 with 안소희

Copyright ⓒ KBS. All rights reserved. 무단 전재, 재배포 및 이용(AI 학습 포함) 금지

#한해 #키스더라디오 #한해의키스더라디오
#안소희 #그때도오늘2 #연극그때도오늘2",UCbVRtqsTmYh1xhrDSTfSQLg,KBS CoolFM,2025-12-24T10:02:13Z,70,1.17,False,3640.0,31.0,0.0,https://www.youtube.com/watch?v=yU1LsP3QNCQ,1500000,18396,PF220664,그때도 오늘 [인천],연극,남동소래아트홀 소래극장 (대공연장) ,2023-07-15,2023-07-15,,,,shard_35,confirmed,"signal_scorer: verified->review 재검토 필요 (날짜 불일치 감지, 자동삭제 아님)",shorts
PRwr9cKOitI,[#그때도오늘2] 공연 실황 릴스 공개🌸 | 공연배달서비스 간다,"🌸연극 [그때도 오늘2]
#그때도오늘2 #공연실황릴스 

“내가 만에 하나 빛을 보잖아? 그럼 그거 다 언니 몫이다”

-
🌸연극 [그때도 오늘2]
기간: 2025.12.16(화) - 2026.02.22(일)
장소: NOL 서경스퀘어 스콘 2관",UCzsTen4kwRVZcB9tOQhtzOA,공연배달서비스 간다,2026-02-05T10:00:58Z,47,0.78,True,2395.0,,6.0,https://www.youtube.com/watch?v=PRwr9cKOitI,545,104,PF220664,그때도 오늘 [인천],연극,남동소래아트홀 소래극장 (대공연장) ,2023-07-15,2023-07-15,,,,shard_35,confirmed,"signal_scorer: verified->review 재검토 필요 (날짜 불일치 감지, 자동삭제 아님)",shorts
Khgk9V8wMwc,2024 국립민속국악원 무용단 정기공연 '길' #남도문화 #여행,"2024년 6월 13일 목요일 저녁 7시, 국립민속국악원 예원당에서 열려
-연고무(演鼓舞), 대신무(大神舞) 등 우리 고유의 전통춤을 선보일 예정
연고무(演鼓舞), 호남검무(湖南劒舞), 연흥무(燕興舞), 규장농월(窺牆弄月), 사풍정감(士風情感), 삼색풀이(三色), 대신무(大神舞)",UCy_0eu8J-ONABZQ28QSvdxw,국악신문TV,2024-06-03T03:15:50Z,45,0.75,True,296.0,6.0,1.0,https://www.youtube.com/watch?v=Khgk9V8wMwc,2620,104,PF242183,국립민속국악원 무용단 정기공연: 길,무용(서양/한국무용),국립민속국악원 예원당,2024-06-13,2024-06-13,,,,shard_35,confirmed,"signal_scorer: verified->review 재검토 필요 (날짜 불일치 감지, 자동삭제 아님)",shorts
n0b0Piz4tJA,2024.07.13.(토)🎉제1회 무슬목 판타스틱 몽돌바다축제🎉ACROBATIC Performance Video Intro-1 /접니다 여수안전한오빠 허재구,"🎉제1회 무슬목 판타스틱 몽돌바다축제🎉 
ACROBATIC Performance Video Intro-1 
👑GOLDART ACROBATIC👑  🕺MIRE 💃LIZA
  2024.07.13.(토) IN 여수 무슬소리


👑GOLDART ACROBATIC👑  🕺MIRE 💃LIZA 풀영상
🎥유튜브 https://youtu.be/v86cElcipRk

🎀몽돌바다축제 7월12일~8월31일🎀

여수돌산에 위치한 몽돌해수욕장 동백골에 위치한
무슬소리 카페 및 해변앞에서~
제1회 무슬목 판타스틱 몽돌바다축제를~
첫 번째로 아크로바틱의 아름다운 몸짓을표현.
멋진커플 미르와 리자 아크로바틱 퍼포먼스.
여수의 명소 이순신광장 아름다운 공연과, 
낭만포차등에서 시민들과 함께~

인스타 아이디 j28072

#무슬소리카페 #아크로바틱 #GOLDART
#골드아트 #MIRE #LIZA #ACROBATIC 
#여수밤바다 #낭만포차 #여수낭만포차35번
#여수돌산 #여수동백골 #무슬복 #몽돌해수욕장
#여수TV #여수핫플패스 #마술쇼 #버스킹 #DJ파티 
#히스엔터테인머튼 #이영훈PD #강수현PD
#접니다 #여수안전한오빠 #허재구 #여수여행 
#여수맛집 #여수돌산 #낭만포차 #행사촬영",UCLxTs3GLG0zJNbo0sCGUQOQ,허재구,2024-07-14T04:31:34Z,57,0.95,True,318.0,5.0,0.0,https://www.youtube.com/watch?v=n0b0Piz4tJA,1410,1447,PF292355,판타스틱 [여수],뮤지컬,여수시민회관 대공연장,2026-06-20,2026-06-20,,,,shard_35,confirmed,"signal_scorer: verified->review 재검토 필요 (날짜 불일치 감지, 자동삭제 아님)",shorts
cG5v5er7k34,2024.07.13.(토)🎉제1회 무슬목 판타스틱 몽돌바다축제🎉ACROBATIC  performance video intro-2 /접니다 여수안전한오빠 허재구,"🎉제1회 무슬목 판타스틱 몽돌바다축제🎉
   ACROBATIC Performance Video Intro-2
👑GOLDART ACROBATIC👑  🕺MIRE 💃LIZA
  2024.07.13.(토) IN 여수 무슬소리

👑GOLDART ACROBATIC👑  🕺MIRE 💃LIZA 
  ACROBATIC Performance Video
🎥유튜브 https://youtu.be/v86cElcipRk

🎀몽돌바다축제 7월12일~8월31일🎀

여수돌산에 위치한 몽돌해수욕장 동백골에 위치한
무슬소리 카페 및 해변앞에서~
제1회 무슬목 판타스틱 몽돌바다축제를~
첫 번째로 아크로바틱의 아름다운 몸짓을표현.
멋진커플 미르와 리자 아크로바틱 퍼포먼스.
여수의 명소 이순신광장 아름다운 공연과, 
낭만포차등에서 시민들과 함께~

#무슬소리카페 #아크로바틱 #GOLDART
#골드아트 #MIRE #LIZA #ACROBATIC 
#여수밤바다 #낭만포차 #여수낭만포차35번
#여수돌산 #여수동백골 #무슬복 #몽돌해수욕장
#여수TV #여수핫플패스 #마술쇼 #버스킹 #DJ파티 
#히스엔터테인머튼 #이영훈PD #강수현PD
#접니다 #여수안전한오빠 #허재구 #여수여행 
#여수맛집 #여수돌산 #낭만포차 #행사촬영",UCLxTs3GLG0zJNbo0sCGUQOQ,허재구,2024-07-14T04:39:30Z,27,0.45,True,76.0,3.0,0.0,https://www.youtube.com/watch?v=cG5v5er7k34,1410,1447,PF292355,판타스틱 [여수],뮤지컬,여수시민회관 대공연장,2026-06-20,2026-06-20,,,,shard_35,confirmed,"signal_scorer: verified->review 재검토 필요 (날짜 불일치 감지, 자동삭제 아님)",shorts
CQJv1DTXwBY,"[대구시립교향악단] ""2000 신년음악회","2000.대구시립교향악단 신년음악회
*지휘: 박성완 (대구시립교향악단 상임지휘자 역임)
*소프라노 : 이화영
*베 이 스  :  이의춘
*플      륫  :  강민수
*가 야 금  :  백혜숙
2000.1.21.(화) 대구문화예술회관 대극장
*촬영/편집 : 권세홍

25년의 전통 대구타악예술문화센터
(Percussive Arts Culture Center Daegu)
▶ 대구타악예술문화센터는 : 
  지난 2004년 7월부터 대구최초 타악기 전문 강좌 개설을 통해 여러분들의 많은 사랑과 성원을 받고 있는 대구타악예술화센터가 드럼, 색소폰을 개설되었습니다.
 25여 년의 풍부한 경험을 가진 현직 대학 강사진으로 운영되는 문화센터이며, 지역 사회의 문화 발전을 목표로 청소년, 주부, 직장인들의 스트레스를 해소하고 삶의 질을 향상 시키기 위하여 음악의 흥겨움을 시민 여러분들과 함께 나누고 있습니다. 
그동안 무대 위에서 얻은 연주 경험과 대학 강단의 강의 경험을 바탕으로 실력 있는 강사를 심으로 충실한 강좌가 될 수 있음을 자부합니다.
  
▶ 개설강좌
1. 취미 및 기초반, 중급반, 고급반, 연주반, 특설반, 가족반. 입시반.
2. 여름 및 겨울방학 특강.
3 특정 단체별 계약 수업 가능.
   (대상 : 직업인, 회사의 팀웍을 위한 프로그램)  
3개월이면 누구나 드럼과 타악기 및 색소폰을 쉽게 연주할 수 있는 시스탬을 갖추고 있습니다.
특히 본 센터는 단체 수업이 활성화되어 있어서 더 재미있습니다.
딱 3개월의 시간 속으로 들어와 보세요!

*악보 평생 무료 공급(수강생에 한함)
*단체반 : 기초반, 중급반, 고급반, 연주반으로 구분되어 있어서 자연스럽게 드럼과 색소폰을 쉬운 노래부터 연주를 즐길 수 있습니다.
*소수 정예반, 취미드럼 / 직장인 드럼반/ 직장인 색소폰반 / 주부 드럼반 / 주부 색소폰반  

TEL : 053-742-3614
C.P. : 010-6785-3614
http://cafe.daum.net/daegupas
https://cafe.naver.com/daegudrum
https://band.us/@drum3614

*대구시 수성구 국채보상로 868 연제빌딩 B1.",UCa3z7Z4onHnr_tyE-nenmGg,[드럼연주는 - 대구타악예술문화센터],2020-02-28T13:01:48Z,4439,73.98,False,821.0,1.0,0.0,https://www.youtube.com/watch?v=CQJv1DTXwBY,9260,1630,PF255718,대구시립교향악단 신년음악회,서양음악(클래식),대구콘서트하우스 그랜드홀 (대공연장) ,2025-01-10,2025-01-10,,,,shard_36,confirmed,"signal_scorer: verified->review 재검토 필요 (날짜 불일치 감지, 자동삭제 아님)",general
UdrZzLYw_c0,2018년 국립국악관현악단 '정오의 음악회',"싱그러운 기운과 함께 새봄에 돌아오는 
국립국악관현악단의 '정오의 음악회'!
3월, 그 첫 무대를 놓치지마세요~

@국립국악관현악단
2018.3.7/4.4/5.16/6.20",UCJ55axexMkXqp1Fgwvmdsgg,국립극장 National Theater of Korea,2018-02-14T06:15:54Z,30,0.5,True,902.0,0.0,0.0,https://www.youtube.com/watch?v=UdrZzLYw_c0,37700,1210,PF279293,"국립국악관현악단, 정오의 음악회 (3월)",한국음악(국악),국립극장 해오름극장,2026-03-05,2026-03-05,,,,shard_36,confirmed,"signal_scorer: verified->review 재검토 필요 (날짜 불일치 감지, 자동삭제 아님)",shorts
KHCl2tAK3w4,특별한 정오를 선물하는 국립국악관현악단 '정오의 음악회'!!,"3월, 고품격 국악 브런치 콘서트가 시작됩니다!
국립국악관현악단 임재원 예술감독과 방송인 진양혜의 
사회로 더욱 풍성해진 '정오의 음악회'를 만나보세요!

@국립국악관현악단
2017.3.15/4.12/5.24/6.14",UCJ55axexMkXqp1Fgwvmdsgg,국립극장 National Theater of Korea,2017-03-02T07:55:15Z,21,0.35,True,275.0,2.0,0.0,https://www.youtube.com/watch?v=KHCl2tAK3w4,37700,1210,PF279293,"국립국악관현악단, 정오의 음악회 (3월)",한국음악(국악),국립극장 해오름극장,2026-03-05,2026-03-05,,,,shard_36,confirmed,"signal_scorer: verified->review 재검토 필요 (날짜 불일치 감지, 자동삭제 아님)",shorts
ygbrLYsv8dI,한 달에 한 번! 정오를 아름답게 만들어준 정오의 음악회!,"2016년 마지막 공연을 앞두고 있는데요~
이번 정오의 음악선물은 해금앙상블 '시르실'입니다+_+
국립국악관현악단 해금연주자들이
멋진 앙상블을 만들어가는 모습을 담아보았습니다^^

@국립국악관현악단
2016.12.28

#정오는_2017년에도_계속됩니다
#정오의_매력은_패키지",UCJ55axexMkXqp1Fgwvmdsgg,국립극장 National Theater of Korea,2016-12-23T08:09:46Z,114,1.9,False,301.0,1.0,0.0,https://www.youtube.com/watch?v=ygbrLYsv8dI,37700,1210,PF279293,"국립국악관현악단, 정오의 음악회 (3월)",한국음악(국악),국립극장 해오름극장,2026-03-05,2026-03-05,,,,shard_36,confirmed,"signal_scorer: verified->review 재검토 필요 (날짜 불일치 감지, 자동삭제 아님)",general
fdNSOC_fzQc,드디어! 이번주 정오의 음악회가 시작됩니다!!,"3월의 음악선물은 '사물장고를 위한 타령 1:낙서마방진'인데요~
여러분께 드릴 음악선물을 준비하고 있는
국립국악관현악단 연제호 단원의 모습을 담아 보았습니다
이번주 수요일 오전 11시!!
정오의 음악회 입니다

@국립국악관현악단
2017.3.15",UCJ55axexMkXqp1Fgwvmdsgg,국립극장 National Theater of Korea,2017-03-13T07:27:24Z,105,1.75,False,777.0,8.0,2.0,https://www.youtube.com/watch?v=fdNSOC_fzQc,37700,1210,PF279293,"국립국악관현악단, 정오의 음악회 (3월)",한국음악(국악),국립극장 해오름극장,2026-03-05,2026-03-05,,,,shard_36,confirmed,"signal_scorer: verified->review 재검토 필요 (날짜 불일치 감지, 자동삭제 아님)",general
P1fg9WxRoeY,"한 달에 한 번, 특별한 정오를 선물합니다!","한 달에 한 번, 특별한 정오를 선물하는
국립국악관현악단의 '정오의 음악회'!!
이번 시즌부터는 더욱 특별한 정오의 음악선물을 준비하고 있는데요~
9월 '정오의 음악회'의 특별한 음악선물을 준비하는
국립국악관현악단 단원들의 모습을 담아 보았습니다~
9월 7일 오전 11시!!
해오름극장에서 이 모습을 직접 확인하세요^^
@국립국악관현악단
2016.9.7
#매달_기대되는_음악선물",UCJ55axexMkXqp1Fgwvmdsgg,국립극장 National Theater of Korea,2016-09-02T05:55:01Z,131,2.18,False,527.0,2.0,0.0,https://www.youtube.com/watch?v=P1fg9WxRoeY,37700,1210,PF279293,"국립국악관현악단, 정오의 음악회 (3월)",한국음악(국악),국립극장 해오름극장,2026-03-05,2026-03-05,,,,shard_36,confirmed,"signal_scorer: verified->review 재검토 필요 (날짜 불일치 감지, 자동삭제 아님)",general
dXvmC1I38dc,국립발레단 잠자는 숲속의 미녀 이재우 김지영 박종석,"2019.3.23
국립빌레단
잠자는숲속의미녀
프레스콜",UCrAZ7tmtOyJwu7O__KPMUKg,발레전도사 • young deok,2019-10-26T03:05:17Z,35,0.58,True,129.0,0.0,0.0,https://www.youtube.com/watch?v=dXvmC1I38dc,1030,244,PF245387,잠자는 숲속의 미녀 [대구],무용(서양/한국무용),어울아트센터(구. 대구북구문예회관) 함지홀(대공연장),2024-08-02,2024-08-02,,,,shard_36,confirmed,"signal_scorer: verified->review 재검토 필요 (날짜 불일치 감지, 자동삭제 아님)",shorts
ob6b0x_WECs,[개인기 장기자랑] 트럼펫 연주 : 루돌프 사슴코...트럼펫 신성길 교수. 율동 안숙화 교수 / 제3회 민영욱 교수와 함께하는 총동문 송년회,"제3회 민영욱 교수와 함께하는 총동문 송년회
일시 : 2017.12.9(토) 17:00-21:00
장소 : 충무아트센터 1층 컨벤션홀
주최 : 제3회 민영욱 교수와 함께하는 
           명품스피치 시낭송 총동문 송년회
           (고대, 숙대, 동국대 평생교육원)",UClntNNkPC-K5btWfxyThKNw,최병헌의 문화광장,2017-12-10T15:10:44Z,133,2.22,False,679.0,3.0,0.0,https://www.youtube.com/watch?v=ob6b0x_WECs,12400,19084,PF255020,루돌프 [구리],무용(서양/한국무용),구리아트홀 유채꽃소극장,2024-12-22,2024-12-22,,,,shard_36,confirmed,"signal_scorer: verified->review 재검토 필요 (날짜 불일치 감지, 자동삭제 아님)",general
y2JkxhXcVM8,창밖을 보라 & 루돌프 사슴코,본 남성합창단 제7회 정기연주회 (2015.12.19),UClW0HX3XhFSK4nkI2iWHcUQ,Chang Il Kim,2017-01-16T15:25:51Z,243,4.05,False,356.0,1.0,0.0,https://www.youtube.com/watch?v=y2JkxhXcVM8,101,174,PF255020,루돌프 [구리],무용(서양/한국무용),구리아트홀 유채꽃소극장,2024-12-22,2024-12-22,,,,shard_36,confirmed,"signal_scorer: verified->review 재검토 필요 (날짜 불일치 감지, 자동삭제 아님)",general
N_SyIeSe6EQ,[부산시립교향악단] 미완성 음악회Ⅳ 하이라이트.zip,"2025년 6월, 제621회 정기연주회의 오픈 리허설 ‘미완성 음악회’에서는 쇼스타코비치 교향곡 제10번의 3, 4악장 리허설 무대가 펼쳐졌습니다. 이번 비하인드에서는 미완성 음악회의 재밌는 순간들만 모아 하이라이트로 전해드립니다! 무대 위 생생한 리허설, 그 특별한 매력을 함께 느껴보세요🎻

📌클래식 무대 뒤의 이야기가 궁금하다면
👉구독과 좋아요 그리고 알림 설정, 잊지 마세요!
#부산시립교향악단 #브이로그 #미완성음악회
다가오는 부산시립교향악단의 공연도 많은 관심과 사랑 부탁드립니다🫶

🎟 8월 공연 및 프로그램 안내:
[부산시립교향악단 기획음악회 실내악 시리즈 Ⅲ 『줌인 Ⅱ』]
▶ 일시 및 장소
2025년 8월 12일 (화) 19:30 / 부산문화회관 챔버홀
▶ 출연
튜바 | 임정빈
피아노 | 백진주
▶ 프로그램
브람스 | 다섯 개의 가곡 中 제1번 ‘저녁 음악’
힌데미트 | 튜바와 피아노를 위한 소나타
윌리엄스 | 튜바 협주곡
텔레만 | 환상곡 제7번
생상스 | 동물의 사육제 中 ‘백조’
윌리엄스 | 튜바 협주곡
▶ 공연문의
051)607-6000(ARS 1번)",UCeySqDu5BowY_RD5sVYIYug,부산시립예술단TV,2025-08-01T04:52:14Z,242,4.03,False,1012.0,20.0,1.0,https://www.youtube.com/watch?v=N_SyIeSe6EQ,2630,551,PF238070,"부산시립교향악단 기획음악회, 실내악 시리즈 Ⅲ. Zoom-in 1",서양음악(클래식),부산문화회관 중극장,2024-05-24,2024-05-24,,,,shard_36,confirmed,"signal_scorer: verified->review 재검토 필요 (날짜 불일치 감지, 자동삭제 아님)",general
n54q0hG4ggo,"2024 전통예술지역브랜드 상설공연(남원) - 방자, 춘향을 말하다","🔅방자, 춘향을 말하다

▪공 연 명 : 방자, 춘향을 말하다
▪공연기간 : 2024.5.18. - 7.13. / 8.31. - 9. 28. 매주 토 20시
▪공연장소 : 남원 관서당(광한루 북문)
▪관 람 료 : 전석 1만원
▪예매방법 : 온라인예매(인터파크)
▪공연문의 : 063-620-5583, 6162 (남원시립국악단) @namwongukak

방자의 시선으로 춘향가를 재해석한 공연이며, 해학과 풍자는 물론 화려한 군무와 판소리의 깊은 맛까지 느낄 수 있는 남원창극의 관람 기회를 놓치지 마세요!🤗

전북특별자치도문화관광재단의 2024 전통예술지역브랜드 상설공연 사업은 도내 전통문화자원을 활용한 지역특화 공연콘텐츠 발굴 및 상설공연 운영을 지원하여 예술의 관광자원화 및 지역관광 활성화에 기여하는 사업입니다.

#남원시립국악단 #방자춘향을말하다 #남원창극 #남원공연 #전북가볼만한곳 #남원가볼만한곳 #전북여행 #공연추천 #남원여행 #여행 #공연 #전북특별자치도 #남원시 #전북특별자치도문화관광재단 #전통예술지역브랜드상설공연",UC9gdx4h39460W0wOL61hekw,뉴전스,2024-09-03T06:45:58Z,30,0.5,True,40.0,0.0,0.0,https://www.youtube.com/watch?v=n54q0hG4ggo,252,100,PF241518,"방자, 춘향을 말하다 [남원]",한국음악(국악),광한루원 월매집,2024-05-18,2024-09-28,,,,shard_36,confirmed,"signal_scorer: verified->review 재검토 필요 (날짜 불일치 감지, 자동삭제 아님)",shorts
CQJv1DTXwBY,"[대구시립교향악단] ""2000 신년음악회","2000.대구시립교향악단 신년음악회
*지휘: 박성완 (대구시립교향악단 상임지휘자 역임)
*소프라노 : 이화영
*베 이 스  :  이의춘
*플      륫  :  강민수
*가 야 금  :  백혜숙
2000.1.21.(화) 대구문화예술회관 대극장
*촬영/편집 : 권세홍

25년의 전통 대구타악예술문화센터
(Percussive Arts Culture Center Daegu)
▶ 대구타악예술문화센터는 : 
  지난 2004년 7월부터 대구최초 타악기 전문 강좌 개설을 통해 여러분들의 많은 사랑과 성원을 받고 있는 대구타악예술화센터가 드럼, 색소폰을 개설되었습니다.
 25여 년의 풍부한 경험을 가진 현직 대학 강사진으로 운영되는 문화센터이며, 지역 사회의 문화 발전을 목표로 청소년, 주부, 직장인들의 스트레스를 해소하고 삶의 질을 향상 시키기 위하여 음악의 흥겨움을 시민 여러분들과 함께 나누고 있습니다. 
그동안 무대 위에서 얻은 연주 경험과 대학 강단의 강의 경험을 바탕으로 실력 있는 강사를 심으로 충실한 강좌가 될 수 있음을 자부합니다.
  
▶ 개설강좌
1. 취미 및 기초반, 중급반, 고급반, 연주반, 특설반, 가족반. 입시반.
2. 여름 및 겨울방학 특강.
3 특정 단체별 계약 수업 가능.
   (대상 : 직업인, 회사의 팀웍을 위한 프로그램)  
3개월이면 누구나 드럼과 타악기 및 색소폰을 쉽게 연주할 수 있는 시스탬을 갖추고 있습니다.
특히 본 센터는 단체 수업이 활성화되어 있어서 더 재미있습니다.
딱 3개월의 시간 속으로 들어와 보세요!

*악보 평생 무료 공급(수강생에 한함)
*단체반 : 기초반, 중급반, 고급반, 연주반으로 구분되어 있어서 자연스럽게 드럼과 색소폰을 쉬운 노래부터 연주를 즐길 수 있습니다.
*소수 정예반, 취미드럼 / 직장인 드럼반/ 직장인 색소폰반 / 주부 드럼반 / 주부 색소폰반  

TEL : 053-742-3614
C.P. : 010-6785-3614
http://cafe.daum.net/daegupas
https://cafe.naver.com/daegudrum
https://band.us/@drum3614

*대구시 수성구 국채보상로 868 연제빌딩 B1.",UCa3z7Z4onHnr_tyE-nenmGg,[드럼연주는 - 대구타악예술문화센터],2020-02-28T13:01:48Z,4439,73.98,False,821.0,1.0,0.0,https://www.youtube.com/watch?v=CQJv1DTXwBY,9260,1630,PF281762,"대구시립교향악단, 신년음악회 [대구]",서양음악(클래식),대구콘서트하우스 그랜드홀 (대공연장) ,2026-01-09,2026-01-09,,,,shard_37,confirmed,"signal_scorer: verified->review 재검토 필요 (날짜 불일치 감지, 자동삭제 아님)",general
f9c_D2HunXw,"4월, 정오의 음악선물","비가 계속되는 어제, 오늘....
어디선가 여유있으면서 힘있는 소리가 들려 가보니
국립국악관현악단이 4월 정오의 음악선물을 준비하고 있었습니다~
멋진 거문고 소리가 아침부터 황홀하게+_+
4월 정오의 음악회에서 만나요~
@국립국악관현악단
2017.4.12
#4월의게스트_마이클리",UCJ55axexMkXqp1Fgwvmdsgg,국립극장 National Theater of Korea,2017-04-06T00:16:40Z,99,1.65,False,252.0,6.0,0.0,https://www.youtube.com/watch?v=f9c_D2HunXw,37700,1210,PF279350,"국립국악관현악단, 정오의 음악회 (4월)",한국음악(국악),국립극장 해오름극장,2026-04-09,2026-04-09,,,,shard_37,confirmed,"signal_scorer: verified->review 재검토 필요 (날짜 불일치 감지, 자동삭제 아님)",general
UdrZzLYw_c0,2018년 국립국악관현악단 '정오의 음악회',"싱그러운 기운과 함께 새봄에 돌아오는 
국립국악관현악단의 '정오의 음악회'!
3월, 그 첫 무대를 놓치지마세요~

@국립국악관현악단
2018.3.7/4.4/5.16/6.20",UCJ55axexMkXqp1Fgwvmdsgg,국립극장 National Theater of Korea,2018-02-14T06:15:54Z,30,0.5,True,902.0,0.0,0.0,https://www.youtube.com/watch?v=UdrZzLYw_c0,37700,1210,PF279350,"국립국악관현악단, 정오의 음악회 (4월)",한국음악(국악),국립극장 해오름극장,2026-04-09,2026-04-09,,,,shard_37,confirmed,"signal_scorer: verified->review 재검토 필요 (날짜 불일치 감지, 자동삭제 아님)",shorts
KHCl2tAK3w4,특별한 정오를 선물하는 국립국악관현악단 '정오의 음악회'!!,"3월, 고품격 국악 브런치 콘서트가 시작됩니다!
국립국악관현악단 임재원 예술감독과 방송인 진양혜의 
사회로 더욱 풍성해진 '정오의 음악회'를 만나보세요!

@국립국악관현악단
2017.3.15/4.12/5.24/6.14",UCJ55axexMkXqp1Fgwvmdsgg,국립극장 National Theater of Korea,2017-03-02T07:55:15Z,21,0.35,True,275.0,2.0,0.0,https://www.youtube.com/watch?v=KHCl2tAK3w4,37700,1210,PF279350,"국립국악관현악단, 정오의 음악회 (4월)",한국음악(국악),국립극장 해오름극장,2026-04-09,2026-04-09,,,,shard_37,confirmed,"signal_scorer: verified->review 재검토 필요 (날짜 불일치 감지, 자동삭제 아님)",shorts
-LiX8EMqZXA,"매 달, 새로운 앙상블을 선보이는 국립국악관현악단 '정오의 음악회'!!","11월에는 가을과 잘 어울리는 대금과
25현 가야금, 타악이 어우러진 '역동Ⅱ'를 선보이는데요!
영상만봐도 넘나 기대가 됩니다^^
이제 단 두번밖에 남지 않은 2016년 '정오의 음악회'!!
많은 사랑 보내주세요^^
@국립국악관현악단
2016.11.9",UCJ55axexMkXqp1Fgwvmdsgg,국립극장 National Theater of Korea,2016-11-07T08:12:52Z,113,1.88,False,2464.0,33.0,1.0,https://www.youtube.com/watch?v=-LiX8EMqZXA,37700,1210,PF279350,"국립국악관현악단, 정오의 음악회 (4월)",한국음악(국악),국립극장 해오름극장,2026-04-09,2026-04-09,,,,shard_37,confirmed,"signal_scorer: verified->review 재검토 필요 (날짜 불일치 감지, 자동삭제 아님)",general
ygbrLYsv8dI,한 달에 한 번! 정오를 아름답게 만들어준 정오의 음악회!,"2016년 마지막 공연을 앞두고 있는데요~
이번 정오의 음악선물은 해금앙상블 '시르실'입니다+_+
국립국악관현악단 해금연주자들이
멋진 앙상블을 만들어가는 모습을 담아보았습니다^^

@국립국악관현악단
2016.12.28

#정오는_2017년에도_계속됩니다
#정오의_매력은_패키지",UCJ55axexMkXqp1Fgwvmdsgg,국립극장 National Theater of Korea,2016-12-23T08:09:46Z,114,1.9,False,301.0,1.0,0.0,https://www.youtube.com/watch?v=ygbrLYsv8dI,37700,1210,PF279350,"국립국악관현악단, 정오의 음악회 (4월)",한국음악(국악),국립극장 해오름극장,2026-04-09,2026-04-09,,,,shard_37,confirmed,"signal_scorer: verified->review 재검토 필요 (날짜 불일치 감지, 자동삭제 아님)",general
fdNSOC_fzQc,드디어! 이번주 정오의 음악회가 시작됩니다!!,"3월의 음악선물은 '사물장고를 위한 타령 1:낙서마방진'인데요~
여러분께 드릴 음악선물을 준비하고 있는
국립국악관현악단 연제호 단원의 모습을 담아 보았습니다
이번주 수요일 오전 11시!!
정오의 음악회 입니다

@국립국악관현악단
2017.3.15",UCJ55axexMkXqp1Fgwvmdsgg,국립극장 National Theater of Korea,2017-03-13T07:27:24Z,105,1.75,False,777.0,8.0,2.0,https://www.youtube.com/watch?v=fdNSOC_fzQc,37700,1210,PF279350,"국립국악관현악단, 정오의 음악회 (4월)",한국음악(국악),국립극장 해오름극장,2026-04-09,2026-04-09,,,,shard_37,confirmed,"signal_scorer: verified->review 재검토 필요 (날짜 불일치 감지, 자동삭제 아님)",general
xHew0phWBQ8,국립국악관현악단 5월 정오의음악회 with 송소희,"국립국악관현악단이 선보이는 5월 정오의 음악회!!
국악작곡계의 거장 이해식의
'젊은이를 위한 춤-바람의 말'로 막을 열고
이달의 스타로 소녀 명창 송소희와 함께 합니다.
당신의 정오를 특별하게 만들어줄 음악회!

@해오름극장 2014.5.27 오전 11시",UCJ55axexMkXqp1Fgwvmdsgg,국립극장 National Theater of Korea,2014-05-11T07:32:11Z,37,0.62,True,1118.0,2.0,0.0,https://www.youtube.com/watch?v=xHew0phWBQ8,37700,1210,PF230529,"국립국악관현악단, 정오의 음악회 (5월)",한국음악(국악),국립극장 해오름극장,2024-05-09,2024-05-09,,,,shard_37,confirmed,"signal_scorer: verified->review 재검토 필요 (날짜 불일치 감지, 자동삭제 아님)",shorts
UdrZzLYw_c0,2018년 국립국악관현악단 '정오의 음악회',"싱그러운 기운과 함께 새봄에 돌아오는 
국립국악관현악단의 '정오의 음악회'!
3월, 그 첫 무대를 놓치지마세요~

@국립국악관현악단
2018.3.7/4.4/5.16/6.20",UCJ55axexMkXqp1Fgwvmdsgg,국립극장 National Theater of Korea,2018-02-14T06:15:54Z,30,0.5,True,902.0,0.0,0.0,https://www.youtube.com/watch?v=UdrZzLYw_c0,37700,1210,PF230529,"국립국악관현악단, 정오의 음악회 (5월)",한국음악(국악),국립극장 해오름극장,2024-05-09,2024-05-09,,,,shard_37,confirmed,"signal_scorer: verified->review 재검토 필요 (날짜 불일치 감지, 자동삭제 아님)",shorts
KHCl2tAK3w4,특별한 정오를 선물하는 국립국악관현악단 '정오의 음악회'!!,"3월, 고품격 국악 브런치 콘서트가 시작됩니다!
국립국악관현악단 임재원 예술감독과 방송인 진양혜의 
사회로 더욱 풍성해진 '정오의 음악회'를 만나보세요!

@국립국악관현악단
2017.3.15/4.12/5.24/6.14",UCJ55axexMkXqp1Fgwvmdsgg,국립극장 National Theater of Korea,2017-03-02T07:55:15Z,21,0.35,True,275.0,2.0,0.0,https://www.youtube.com/watch?v=KHCl2tAK3w4,37700,1210,PF230529,"국립국악관현악단, 정오의 음악회 (5월)",한국음악(국악),국립극장 해오름극장,2024-05-09,2024-05-09,,,,shard_37,confirmed,"signal_scorer: verified->review 재검토 필요 (날짜 불일치 감지, 자동삭제 아님)",shorts
-LiX8EMqZXA,"매 달, 새로운 앙상블을 선보이는 국립국악관현악단 '정오의 음악회'!!","11월에는 가을과 잘 어울리는 대금과
25현 가야금, 타악이 어우러진 '역동Ⅱ'를 선보이는데요!
영상만봐도 넘나 기대가 됩니다^^
이제 단 두번밖에 남지 않은 2016년 '정오의 음악회'!!
많은 사랑 보내주세요^^
@국립국악관현악단
2016.11.9",UCJ55axexMkXqp1Fgwvmdsgg,국립극장 National Theater of Korea,2016-11-07T08:12:52Z,113,1.88,False,2464.0,33.0,1.0,https://www.youtube.com/watch?v=-LiX8EMqZXA,37700,1210,PF230529,"국립국악관현악단, 정오의 음악회 (5월)",한국음악(국악),국립극장 해오름극장,2024-05-09,2024-05-09,,,,shard_37,confirmed,"signal_scorer: verified->review 재검토 필요 (날짜 불일치 감지, 자동삭제 아님)",general
ygbrLYsv8dI,한 달에 한 번! 정오를 아름답게 만들어준 정오의 음악회!,"2016년 마지막 공연을 앞두고 있는데요~
이번 정오의 음악선물은 해금앙상블 '시르실'입니다+_+
국립국악관현악단 해금연주자들이
멋진 앙상블을 만들어가는 모습을 담아보았습니다^^

@국립국악관현악단
2016.12.28

#정오는_2017년에도_계속됩니다
#정오의_매력은_패키지",UCJ55axexMkXqp1Fgwvmdsgg,국립극장 National Theater of Korea,2016-12-23T08:09:46Z,114,1.9,False,301.0,1.0,0.0,https://www.youtube.com/watch?v=ygbrLYsv8dI,37700,1210,PF230529,"국립국악관현악단, 정오의 음악회 (5월)",한국음악(국악),국립극장 해오름극장,2024-05-09,2024-05-09,,,,shard_37,confirmed,"signal_scorer: verified->review 재검토 필요 (날짜 불일치 감지, 자동삭제 아님)",general
fdNSOC_fzQc,드디어! 이번주 정오의 음악회가 시작됩니다!!,"3월의 음악선물은 '사물장고를 위한 타령 1:낙서마방진'인데요~
여러분께 드릴 음악선물을 준비하고 있는
국립국악관현악단 연제호 단원의 모습을 담아 보았습니다
이번주 수요일 오전 11시!!
정오의 음악회 입니다

@국립국악관현악단
2017.3.15",UCJ55axexMkXqp1Fgwvmdsgg,국립극장 National Theater of Korea,2017-03-13T07:27:24Z,105,1.75,False,777.0,8.0,2.0,https://www.youtube.com/watch?v=fdNSOC_fzQc,37700,1210,PF230529,"국립국악관현악단, 정오의 음악회 (5월)",한국음악(국악),국립극장 해오름극장,2024-05-09,2024-05-09,,,,shard_37,confirmed,"signal_scorer: verified->review 재검토 필요 (날짜 불일치 감지, 자동삭제 아님)",general
ronOFoRo-n0,극단 걸판 뮤지컬 ‘헬렌 앤 미’ 프로필 촬영 현장(1/30),"극단 걸판 뮤지컬 ‘헬렌 앤 미’ 프로필 촬영 현장 (1/30)
장소 극단 걸판 스튜디오
촬영 및 편집 송영미

극단 걸판 
뮤지컬 ‘헬렌 앤 미’
3/9~4/7 (수,목 공연 없음)
대학로 예스24스테이지 3관

작연출 최현미 작편곡 박기태 조연출 정철
출연 송영미 원근영 도창선 최현미 유도겸 정문길 조은진 정경훈 김광일 이랑서 홍나현",UCrhE4tkz9K3qaYW5S7qND6w,극단걸판 - Theatre Company Gulpan,2019-02-06T10:52:51Z,297,4.95,False,1107.0,19.0,1.0,https://www.youtube.com/watch?v=ronOFoRo-n0,418,35,PF221317,헬렌 앤 미 [평택],뮤지컬,평택시서부문예회관 대공연장,2023-07-22,2023-07-22,,,,shard_37,confirmed,"signal_scorer: verified->review 재검토 필요 (날짜 불일치 감지, 자동삭제 아님)",general
h9XX6CCkATY,2019.03.25 20:00 뮤지컬 헬렌 앤 미 커튼콜,"2019.04.02 20:00 뮤지컬 헬렌 앤 미 커튼콜


헬렌 켈러 役 송영미
앤 설리번 役 원근영
찰스 디킨스 외 役 도창선
소피아 홉킨스 외 役 최현미
윌리엄 켈러 외 役 유도겸
독수리 기자 외 役 정경훈
아서 켈러 외 役 정문길
케이트 켈러 외 役 조은진
마이클 애너그노스 외 役 김광일
제임스 설리번 외 役 홍나현",UCFJycjwV1btZFgypZT8ffkQ,찬란,2020-03-09T08:52:05Z,33,0.55,True,78.0,0.0,0.0,https://www.youtube.com/watch?v=h9XX6CCkATY,19,80,PF221317,헬렌 앤 미 [평택],뮤지컬,평택시서부문예회관 대공연장,2023-07-22,2023-07-22,,,,shard_37,confirmed,"signal_scorer: verified->review 재검토 필요 (날짜 불일치 감지, 자동삭제 아님)",shorts
8cxNVOFXsvQ,2019.04.06 19:00 뮤지컬 헬렌 앤 미 - 사흘만 볼 수 있다면 (전체 Focus),"2019.04.06 19:00 뮤지컬 헬렌 앤 미 사흘만 찍을 수 있Day
'사흘만 볼 수 있다면'

헬렌 켈러 役 송영미
앤 설리번 役 원근영
찰스 디킨스 외 役 도창선
소피아 홉킨스 외 役 최현미
윌리엄 켈러 외 役 유도겸
독수리 기자 외 役 정경훈
아서 켈러 외 役 정문길
케이트 켈러 외 役 조은진
마이클 애너그노스 외 役 김광일
제임스 설리번 외 役 홍나현",UCFJycjwV1btZFgypZT8ffkQ,찬란,2019-12-29T19:34:09Z,393,6.55,False,57.0,0.0,0.0,https://www.youtube.com/watch?v=8cxNVOFXsvQ,19,80,PF221317,헬렌 앤 미 [평택],뮤지컬,평택시서부문예회관 대공연장,2023-07-22,2023-07-22,,,,shard_37,confirmed,"signal_scorer: verified->review 재검토 필요 (날짜 불일치 감지, 자동삭제 아님)",general
_djwavmroiE,과천 사랑과 하모니 (2016년 과천축제),"♥""사랑과 하모니"" 첫대뷰 무대 무난히 마쳐...♥
(♩♩♬과천시 우수 및 경기도 대표 기타동아리♩♩♩)
(2016.09.24)-과천누리마축제 공연 모습
꼭~ 감상해보시길...♩♪♬",UCi-i1HPbmrZir7nHkCe0KCQ,유연선 YeonSun You -나의 꿈 나의 인생,2020-03-28T13:46:42Z,230,3.83,False,96.0,1.0,0.0,https://www.youtube.com/watch?v=_djwavmroiE,41,59,PF251459,하모니 [과천],뮤지컬,과천시민회관 대극장,2024-11-22,2024-11-23,,,,shard_37,confirmed,"signal_scorer: verified->review 재검토 필요 (날짜 불일치 감지, 자동삭제 아님)",general
q4JmLlttaac,"2025.3.22 하모니시리즈 1 과천소년소녀합창단 ""노래가세상이라면"" 1부","2025.3.22 하모니시리즈 1 과천소년소녀합창단 ""노래가세상이라면"" 1부",UCBnt2IduK-q1Apuw0K7BLxg,이지은,2025-04-23T05:32:02Z,2187,36.45,False,365.0,11.0,0.0,https://www.youtube.com/watch?v=q4JmLlttaac,156,15,PF251459,하모니 [과천],뮤지컬,과천시민회관 대극장,2024-11-22,2024-11-23,,,,shard_37,confirmed,"signal_scorer: verified->review 재검토 필요 (날짜 불일치 감지, 자동삭제 아님)",general
dUnLH3XJNoQ,"부산시, 현수막 없는 청정거리 13곳 추가 지정","#부산 #부산시 #현수막 #청정거리 #양정교차로 #수영교차로 #철거
(2026-06-16,화/뉴스투데이/부산MBC)

기사 내용▶https://busanmbc.co.kr/01_new/new01_view.asp?idx=286212&mt=A&subt=0
#부산시 #부산뉴스 #엠비씨뉴스 #mbc뉴스 #부산MBC #부산문화방송 #부산엠비씨 #부산엠비씨뉴스 #부산mbc뉴스 #송광모기자",UCYv6OdjenbbDHRKTLCB5kdw,부산MBC뉴스,2026-06-16T00:32:46Z,22,0.37,True,16823.0,263.0,20.0,https://www.youtube.com/watch?v=dUnLH3XJNoQ,236000,40684,PF225297,지정 [부산],연극,(재) 영화의전당 하늘연극장,2023-11-23,2023-11-24,,,,shard_37,confirmed,"signal_scorer: verified->review 재검토 필요 (날짜 불일치 감지, 자동삭제 아님)",shorts
KK4oNFiOy1M,"부산 에코델타시티, 정부 기회발전특구 추가 지정","#에너지특구 #에코델타시티 #데이터센터 #기회발전특구
(2026-02-05,목/뉴스투데이/부산MBC)

기사 내용▶https://busanmbc.co.kr/01_new/new01_view.asp?idx=282475

#부산시 #부산뉴스 #엠비씨뉴스 #mbc뉴스 #부산MBC #부산문화방송 
#부산엠비씨 #부산엠비씨뉴스 #부산mbc뉴스 #류제민기자",UCYv6OdjenbbDHRKTLCB5kdw,부산MBC뉴스,2026-02-05T04:54:49Z,21,0.35,True,5626.0,53.0,4.0,https://www.youtube.com/watch?v=KK4oNFiOy1M,236000,40684,PF225297,지정 [부산],연극,(재) 영화의전당 하늘연극장,2023-11-23,2023-11-24,,,,shard_37,confirmed,"signal_scorer: verified->review 재검토 필요 (날짜 불일치 감지, 자동삭제 아님)",shorts
IgJlqA9gHoY,소프라노 노희재 2025.08.22,"소프라노 노희재 
연세대 성악과 
빈 국립음대 
2024년 제23회 국립오페라단 성악콩쿠르 금상 


노해를 따라 - 김담소 시, 빌리어코스티 곡 
봄의 소리 왈츠 - 요한 슈트라우스 2세 
Fruhlingsstimmen - J.Strauss II 
오페라 돈 조반니 중 ""자, 우리 손을 잡아요"" - 모차르트 (듀엣 바리톤 박주성)
La ci darem la mano from the opera ""Don Giovanni"" - W.A.Mozart
오페라 로미오와 줄리엣 중 ""꿈 속에 살고 싶어라"" - 샤를 구노 
Je veux vivre dans ce reve from the opera ""Romeo et Juliette"" - C.Gounod 
오페라 잔니 스키키 중 ""오 사랑하는 나의 아버지"" - 푸치니 
O mio babbino caro from the opera ""Gianni Schicchi"" - G.Puccini
오페라 돈 사프콸레 중 ""준비가 됐어요"" - 도니체티 (듀엣 바리톤 박주성)
Pronta io son from the opera ""Don Pasquale"" - G.donizetti 

2025 M 클래식 축제
마포새빛문화숲 음악회 
2025.08.22",UCxeFWVWPRTeJS1p1JaBzSlQ,반가방가,2025-08-22T20:36:46Z,1542,25.7,False,760.0,17.0,0.0,https://www.youtube.com/watch?v=IgJlqA9gHoY,2610,1828,PF259859,"국립오페라단, 잔니 스키키 [음성]",서양음악(클래식),음성문화예술회관 대공연장,2025-03-27,2025-03-27,,,,shard_37,confirmed,"signal_scorer: verified->review 재검토 필요 (날짜 불일치 감지, 자동삭제 아님)",general
tgOkEzbWvuA,[한글자막] 2022 서울오페라페스티벌 ｜ 가족오페라 사랑의 묘약 (2022.11.11),"2022 서울오페라페스티벌 ｜ 가족오페라 사랑의 묘약 (2022.11.11)

제작 : 
예술총감독 신선섭
지휘 최영선
연출 이회수
음악코치 김보미

출연 :
아디나 Sop. 김신혜
네모리노 Ten. 민현기
벨코레 Bar. 김종표
둘까마라 Bass 박의현
잔네타 Sop. 김지영

위너오페라합창단
밀레니엄심포니오케스트라",UCbnKoh1pgrdAXa1IpkSgV-Q,노블아트오페라단NobleArtOPERA,2023-01-17T01:24:46Z,6939,115.65,False,6458.0,63.0,3.0,https://www.youtube.com/watch?v=tgOkEzbWvuA,3590,71,PF275205,사랑의 묘약 [광주],서양음악(클래식),서빛마루문화예술회관,2025-10-25,2025-10-25,,,,shard_37,confirmed,"signal_scorer: verified->review 재검토 필요 (날짜 불일치 감지, 자동삭제 아님)",general
ckReImlQZPk,공연 Vlog l 광주상설공연 콘서트 오페라 사랑의묘약 ㅣ 연출도하고 해설도 하고 분장도 하고,"2023.11.09 목 17:00
광주상설공연
콘서트오페라 _사랑의묘약
광주공연마루

연출
해설


--------------------------------------------------------------------------
적은 스텝의 공연이라 열심히 이쪽저쪽 뛰어다니며 일하는 편
오지랖 넓음.
즐겁게 공연하고 있습니다:)
12월이 막공!


#공연브이로그",UC7PtIgnauAa57pTpNjdfxbA,제 1의 김민정,2023-11-23T08:22:58Z,978,16.3,False,173.0,4.0,0.0,https://www.youtube.com/watch?v=ckReImlQZPk,119,51,PF275205,사랑의 묘약 [광주],서양음악(클래식),서빛마루문화예술회관,2025-10-25,2025-10-25,,,,shard_37,confirmed,"signal_scorer: verified->review 재검토 필요 (날짜 불일치 감지, 자동삭제 아님)",general
gIYTACD1zXg,성악가 이응광 공연 노래 김천 사명대사공원 평화의탑 희망울림콘서트 [20211127],"0:00 나는 제일가는 만물 박사 (오페리 세빌리아의 이발사)
2:36 걱정말아요 그대 (전인권)
6:27 오 나의 태양 (O sole mio)

■ 행사명: 다시 일상으로 희망 울림 콘서트
- 일시: 2021.11.27 13:30 ~ 15:00
- 장소: 경북 김천시 사명대사공원 평화의탑 (직지사 옆)

■ 이응광
- 성악가 (바리톤)
- 김천시 구성면 출신
- 서울대학교 성악과, 베를린 한스 아이슬러 음대 졸업
- 2006 독일 알렉산더 지라르디 국제 성악 콩쿠르 1위
- 2008 이탈리아 리카르도 잔도나이 국제 성악 콩쿠르 1위
- 2010 스위스 에른스트 해플리거 국제 성악 콩쿠르 1위 등 수상
- 뮤지컬 라보엠, 피가로의 결혼, 세비야의 이발사 등 출연

#이응광 #성악가 #김천사명대사공원",UCFEiswEvqvRPEdwGqfYF-tQ,지고투어 - 여행축제공연,2021-11-30T11:15:58Z,577,9.62,False,95.0,8.0,0.0,https://www.youtube.com/watch?v=gIYTACD1zXg,32900,2391,PF288723,세비야의 이발사 [김천],서양음악(클래식),김천시립문화회관,2026-04-18,2026-04-18,,,,shard_38,confirmed,"signal_scorer: verified->review 재검토 필요 (날짜 불일치 감지, 자동삭제 아님)",general
JM6neChD5Og,국립발레단 인어공주 커튼콜 🩰,"시인 변성완
인어공주 조연재
왕자 허서명 
바다마녀 곽동현
공주 곽화경
2025.8.17.일요일 15:00 공연 :)",UCpjIj3pxgvNIVFQKwy89eLA,은복이,2025-08-27T13:25:58Z,485,8.08,False,55.0,0.0,0.0,https://www.youtube.com/watch?v=JM6neChD5Og,12,40,PF236821,"국립발레단, 인어공주",무용(서양/한국무용),예술의전당 [서울] 오페라극장,2024-05-01,2024-05-05,,,,shard_39,confirmed,"signal_scorer: verified->review 재검토 필요 (날짜 불일치 감지, 자동삭제 아님)",general
6q93lMBtrmY,"발레 클라스 부터 가방털이, 리허설까지 보는 한여름 밤의 꿈 #ballet #balletclass #브이로그 #일상 #서울시발레단","여러분 안녕하세요~ 
오늘은 한여름 밤의 꿈 출연진들과 함께 왓츠인마이백으로 다시 찾아왔어요!
영상을 찍을 새도없는 스케쥴로 그동안 영상을 못찍었었는데, 기다리실 여러분들을 생각하며 카메라를 켜서 이렇게 만들어 보았어요!
각 무용수들만의 개성도 보이고, 공통적으로 지니고 다니는 물품들도 많으니 영상 차근히 보시다가 마지막은 제 트리오 영상으로 끝내보려 합니다! 
항상 기대해주시고, 잊을만 하면 찾아오는 원더리나 기다려 주셔서 감사합니다❤️",UCNJbjE11Lz-VwyPzJAprdNA,원더리나WONDERINA,2024-09-01T04:00:07Z,1959,32.65,False,12044.0,282.0,32.0,https://www.youtube.com/watch?v=6q93lMBtrmY,10100,106,PF269765,한여름 밤의 꿈 [서울],서양음악(클래식),예술의전당 [서울] 오페라극장,2025-08-30,2025-08-31,,,,shard_39,confirmed,"signal_scorer: verified->review 재검토 필요 (날짜 불일치 감지, 자동삭제 아님)",general
Sa5W1IgqECE,2017년도 한국예술원  연극/뮤지컬과정 졸업공연 한 여름밤의 꿈,"2017.09.09  장소:구로예술나무씨어터

2017년도 한국예술원  연극/뮤지컬과정 졸업공연 한 여름밤의 꿈",UCXAbQV0hEqSFBLRlIzhF8Gw,Kac한국예술원,2017-09-12T08:38:35Z,7220,120.33,False,32659.0,231.0,46.0,https://www.youtube.com/watch?v=Sa5W1IgqECE,15500,3207,PF269765,한여름 밤의 꿈 [서울],서양음악(클래식),예술의전당 [서울] 오페라극장,2025-08-30,2025-08-31,,,,shard_39,confirmed,"signal_scorer: verified->review 재검토 필요 (날짜 불일치 감지, 자동삭제 아님)",general
uhrd1DYjqnM,MUSICAL 어린이 뮤지컬 장수탕 선녀님 커튼콜 - ﻿﻿한소희/김채은/백지예/박나연/한혜란/유선봉,"*커튼콜 촬영 가능

2022/3/25
K-MUSICAL 어린이 뮤지컬 장수탕 선녀님 커튼콜
﻿﻿한소희/김채은/백지예/박나연/한혜란/유선봉
서울숲 씨어터 2관",UC6_8FcuWvXfxpH0Y9mLbQLQ,j,2022-03-25T16:30:09Z,284,4.73,False,118541.0,299.0,0.0,https://www.youtube.com/watch?v=uhrd1DYjqnM,1390,2342,PF246030,장수탕 선녀님 [음성],뮤지컬,음성문화예술회관 대공연장,2024-08-24,2024-08-24,,,,shard_39,confirmed,"signal_scorer: verified->review 재검토 필요 (날짜 불일치 감지, 자동삭제 아님)",general
kQ8zAm1s3f0,"발레 호두까기인형, 호두까기인형과 할아버지 춤 - 국립발레단 (The Nutcracker, The Nutcracker and Grandfather dance), 2019.12.25","국립발레단, 호두까기인형
2019.12.25
호두까기인형과 할아버지의 춤

드로셀마이어 : 송정빈
호두까기인형 : 리유 콜레트
어린 마리 : 안희주
----------------
Korean National Ballet, The Nutcracker
2019.12.25
The Nutcracker and Grandfather dance

Drosselmeyer : Jungbin Song
Nutcracker doll : Colette Rieu
Marie : Heeju Ahn",UCyxHFuLDszEV2j7Uy3FuVjQ,Ballet Log,2021-12-19T12:43:20Z,185,3.08,False,192606.0,691.0,29.0,https://www.youtube.com/watch?v=kQ8zAm1s3f0,2300,97,PF257016,호두까기 인형 [공주],무용(서양/한국무용),공주문예회관 대공연장,2025-12-12,2025-12-13,,,,shard_39,confirmed,"signal_scorer: verified->review 재검토 필요 (날짜 불일치 감지, 자동삭제 아님)",general
fprlHtkObvY,서종예 방송댄스 | 전우치 田禹治 Jeon Woochi (Old Korean Oddity) inspired | Filmed by lEtudel,"■ 2018.11.21 제15회 SAC 무용예술계열 정기발표회 2018 1일차 SAC 15th Dance Festival , DANCETIVAL Let's Show UP , the 1st day | SAC 다, 예술에 물들다 | Filmed by lEtudel 2K 1440p | 순수무용, 실용무용, 방송댄스, 스트릿댄스

■ 서울종합예술실용학교 싹튜브 https://goo.gl/3cuFwj
■ 원본파일의 문제로 11월21일에 촬영된 모든 영상 전체에 걸쳐 랜덤하게 화면깨짐현상이 보입니다. 시청에 불편을 드려 죄송합니다.
■ 창작안무는 특별한 경우를 제외하고는 어떤 목적으로든 커버(전체적이든 부분적이든)금지가 기본입니다. 허락에 관련된 사항은 서울종합예술실용학교 페이스북으로 직접 문의 바랍니다. Except for some special case, The dance cover is prohibited for any purpose without choreographers permission. In terms of permission, Contact the SAC Facebook manager.

■ If you are NOT the person concerned, DON'T YOU EVER Re upload or edit in ANY SHAPE or FORM !!!
-공식관계자 & 영상 속 본인이 자신 또는 공식관계자의 계정으로 재업로드하는 것만 허용합니다. 하지만, 이와 상관없는 페이스북, 인스타그램, 트위터 등의 제보싸이트로의 제보는 누구든 절대 금지합니다! 또한, 팬페이지나 당사자가 아닌 개인페이지로의 재업로드(변형,편집, 캡쳐 포함)도 경고 없이 즉각 법적인 제재를 받을 수 있습니다.
 (페이스북, 인스타그램, 트위터, 네이버, 판도라tv, 카카오tv, 엠군, 유튜브, 이토렌트 등의 재업로더들 경고합니다)",UCmluYHFpXNxXhabzn87kPfA,lEtudel,2018-12-11T12:16:22Z,236,3.93,False,3609049.0,71031.0,,https://www.youtube.com/watch?v=fprlHtkObvY,630000,2276,PF275221,전우치 [전주],뮤지컬,한국소리문화의전당 모악당,2025-11-08,2025-11-08,,,,shard_39,confirmed,"signal_scorer: verified->review 재검토 필요 (날짜 불일치 감지, 자동삭제 아님)",general
IdAr6NZNX1s,"국립현대무용단 협력 〈코레오-커넥션〉 정진아 ""아니요, 네"" 미리보기","#ACC공연

〈아니요, 네〉 작품은 알베르 카뮈의 〈반항하는 인간〉 에서 모티브를 얻어 부조리에 반항하는 인간의 모습을 움직임으로 기록한다. 

〈아니요, 네〉 는 부조리한 삶 속에서 자신의 가치와 자유를 지키기 위해 ‘왜’ 저항해야 하는지, ‘어떻게’ 존재해야 하는지 탐구한다. 이제 우리는 억압과 구속에 맞서 ‘아니요’ 라고 말해야 하며, 반항의 충동을 느끼는 순간부터 ‘네’라고 말할 수 있어야 한다. 이는 우리에게 부조리한 현실 속에서도 끊임없이 자신의 가치와 자유를 추구하며 살아가야 한다는 메시지를 전달한다.

✔️일시: 2024.10.18.(금) 19:30
✔️장소: 예술극장 극장2
▷자세히 보기: https://www.acc.go.kr/main/performance.do?PID=0102&action=Read&bnkey=EM_0000007577

#국립아시아문화전당 #국립현대무용단",UCdSyGG-j_ORzUBS_VuUU4zQ,국립아시아문화전당 ACC,2024-10-02T08:00:17Z,31,0.52,True,208.0,5.0,0.0,https://www.youtube.com/watch?v=IdAr6NZNX1s,14400,1624,PF275651,"국립현대무용단, 코레오 커넥션: 서울",무용(서양/한국무용),예술의전당 [서울] 자유소극장,2025-11-21,2025-11-23,,,,shard_39,confirmed,"signal_scorer: verified->review 재검토 필요 (날짜 불일치 감지, 자동삭제 아님)",shorts
QXiFZ_qZm50,"국립현대무용단 협력 〈코레오-커넥션〉 최재희 ""켜켜"" 미리보기","#ACC공연

시간의 누적, 층위의 흔적들을 공간화하고자 한다.

작품 〈켜켜〉는 시간의 시각화에 대한 접근으로 삶의 과정 속 우연과 필연으로 겹쳐 있는 시간 층위의 흔적들을 탐색한다. 오감을 통해 몸에 저장되고 응축되었던 흔적의 기억들을 의도적으로 재해석하고 기억의 질량들을 시각화하여 공간화하고자 한다. 다양한 층위의 흔적들을 공간 안에 어떻게 풀어 꺼내 놓을 수 있을지에 대한 고민은 순간의 찰나에 대한 긴박함과 느슨함이라는 시간 개념들을 해체와 조합의 방법들로 접근하고자 한다.

✔️일시: 2024.10.18.(금) 19:30
✔️장소: 예술극장 극장2
▷자세히 보기: https://www.acc.go.kr/main/performance.do?PID=0102&action=Read&bnkey=EM_0000007577

#국립아시아문화전당 #국립현대무용단",UCdSyGG-j_ORzUBS_VuUU4zQ,국립아시아문화전당 ACC,2024-10-02T08:00:16Z,35,0.58,True,97.0,2.0,0.0,https://www.youtube.com/watch?v=QXiFZ_qZm50,14400,1624,PF275651,"국립현대무용단, 코레오 커넥션: 서울",무용(서양/한국무용),예술의전당 [서울] 자유소극장,2025-11-21,2025-11-23,,,,shard_39,confirmed,"signal_scorer: verified->review 재검토 필요 (날짜 불일치 감지, 자동삭제 아님)",shorts
A9IECP1ExTM,바흐 -  네 대의 비올라를 위한 샤콘느｜ J.S. Bach - Chaconne from Partita No.2 in d minor｜ KNSO,"2023 국립심포니오케스트라 실내악 시리즈 2 '사운드 팔레트'
2023 KNSO Chamber music series 2 'Sound Palette' (2023.06.09) 

J.S. 바흐 -  네 대의 비올라를 위한 샤콘느
J.S. Bach - Chaconne from Partita No. 2 in d minor, BWV 1004  

#ARTIST 
비올라 l 여수은, 이무열, 원영석, 유상미

👉 국립심포니오케스트라 바로가기 
- 홈페이지 https://bit.ly/3jOih2l 
- 페이스북 https://url.kr/4omrk1
 - 인스타그램 https://url.kr/c5xtdn
 - 카카오톡 친구 https://url.kr/n1wytg",UCoMo9mcWR5f_pPjdbacLaIw,국립심포니오케스트라,2023-10-28T00:00:07Z,796,13.27,False,2255.0,56.0,3.0,https://www.youtube.com/watch?v=A9IECP1ExTM,49700,832,PF269429,국립심포니오케스트라 실내악 시리즈 2,서양음악(클래식),예술의전당 [서울] IBK챔버홀,2025-10-26,2025-10-26,,,,shard_39,confirmed,"signal_scorer: verified->review 재검토 필요 (날짜 불일치 감지, 자동삭제 아님)",general
itrjIXdx3cg,"모셸레스, 플루트, 오보에와 피아노를 위한 콘체르탄테 | I. Moscheles, Concertante for Flute, Oboe and Piano in F Major","국립심포니오케스트라 실내악시리즈 ‘트리오’
KNSO CHAMBER SERIES 1 ‘TRIO’ (2023.3.16.) 

𝗣𝗥𝗢𝗚𝗥𝗔𝗠
모셸레스 플루트, 오보에와 피아노를 위한 콘체르탄테 바장조

𝗔𝗥𝗧𝗜𝗦𝗧
플루트 Flute | 권혜진 
오보에 Oboe | 김대건
피아노 Piano | 고윤진

𝗜𝗡𝗙𝗢
공연명: 국립심포니오케스트라 실내악시리즈 ‘트리오’
일자: 2023. 3. 16. (목) 오후 7시 30분
장소: 세종문화회관 체임버홀

👉 국립심포니오케스트라 바로가기 
- 홈페이지 https://bit.ly/3jOih2l 
- 인스타그램 https://url.kr/c5xtdn
- 페이스북 https://url.kr/4omrk1
- 카카오톡 친구 https://url.kr/n1wytg",UCoMo9mcWR5f_pPjdbacLaIw,국립심포니오케스트라,2024-05-02T05:00:21Z,945,15.75,False,5994.0,77.0,3.0,https://www.youtube.com/watch?v=itrjIXdx3cg,49700,832,PF269429,국립심포니오케스트라 실내악 시리즈 2,서양음악(클래식),예술의전당 [서울] IBK챔버홀,2025-10-26,2025-10-26,,,,shard_39,confirmed,"signal_scorer: verified->review 재검토 필요 (날짜 불일치 감지, 자동삭제 아님)",general
c6-9EwiMhAM,코리안심포니오케스트라 실내악 시리즈 '베토벤 II',"00:00 코리안심포니오케스트라 실내악 시리즈 '베토벤 II'
(2020.07.05 14)

09:08 베토벤, 현악 4중주 제1번 바장조 Op. 18 No. 1 
L. v. Beethoven, String Quartet No.1 in F Major, Op. 18 No.1

10:35 Ⅰ Allegro con brio
20:24 Ⅱ Adagio affettuoso ed appassionato
29:37 Ⅲ Scherzo: Allegro molto
33:36 Ⅳ Allegro

54:58  베토벤, 7중주 내림마장조 Op. 20
L. v. Beethoven, Septet in E-flat Major, Op. 20

56:05 Ⅰ Adagio – Allegro con brio
1:05:46 Ⅱ Adagio cantabile
1:14:52 Ⅲ Tempo di menuetto 
1:18:01 Ⅳ Tema con variazioni: Andante
1:24:53 Ⅴ Scherzo: Allegro molto e vivace
1:27:43 Ⅵ Andante con moto alla marcia

연주 I 
이유민(제1바이올린), 차민정(제2바이올린), 김나영(비올라), 최혜인(첼로)
박인희(바이올린), 원영석(비올라), 최지영(첼로), 손치호(더블베이스), 박정환(클라리넷), 표규선(바순), 윤승호(호른)

해설 I 김문경

-
This is the official YouTube page of the Korean Symphony Orchestra. 

Since its establishment in 1985, Korean Symphony Orchestra (KSO) has been working to elevate the standing of Korean symphonic music for the past 35 years both domestically and abroad through more than 90 performances annually.

Since concluding an exclusive contract with the National Theater of Korea in 1987, the orchestra has held regular joint productions with the Korea National Opera, the Korean National Ballet, and the National Chorus of Korea as part of its repertoire. 

Currently numbering 100 orchestra and staff members, KSO continues to work together for the advancement of Korea’s artistic and performance culture.

👉 국립심포니오케스트라 바로가기
- 홈페이지 https://bit.ly/3jOih2l
- 페이스북 https://url.kr/4omrk1
- 인스타그램 https://url.kr/c5xtdn
- 카카오톡 친구 https://url.kr/n1wytg",UCoMo9mcWR5f_pPjdbacLaIw,국립심포니오케스트라,2020-08-11T10:26:03Z,5773,96.22,False,3599.0,66.0,3.0,https://www.youtube.com/watch?v=c6-9EwiMhAM,49700,832,PF269429,국립심포니오케스트라 실내악 시리즈 2,서양음악(클래식),예술의전당 [서울] IBK챔버홀,2025-10-26,2025-10-26,,,,shard_39,confirmed,"signal_scorer: verified->review 재검토 필요 (날짜 불일치 감지, 자동삭제 아님)",general
fahtpRt45xo,"드뷔시, 플루트, 비올라와 하프를 위한 소나타 | C. Debussy, Sonata for Flute, Viola and Harp. L. 137","국립심포니오케스트라 실내악시리즈 ‘트리오’
KNSO CHAMBER SERIES 1 ‘TRIO’ (2023.3.16.) 

𝗣𝗥𝗢𝗚𝗥𝗔𝗠
드뷔시 플루트, 비올라와 하프를 위한 소나타 L. 137 

00:00 시작
01:17 1악장 목가 Pastorale  
08:26 2악장 간주곡 Interlude
14:38 3악장 피날레 Finale

𝗔𝗥𝗧𝗜𝗦𝗧
플루트 Flute | 이미선 
비올라 Viola | 이무열
하프 Harp | 최미래

𝗜𝗡𝗙𝗢
공연명: 국립심포니오케스트라 실내악시리즈 ‘트리오’
일자: 2023. 3. 16. (목) 오후 7시 30분
장소: 세종문화회관 체임버홀

👉 국립심포니오케스트라 바로가기 
- 홈페이지 https://bit.ly/3jOih2l 
- 인스타그램 https://url.kr/c5xtdn
- 페이스북 https://url.kr/4omrk1
- 카카오톡 친구 https://url.kr/n1wytg",UCoMo9mcWR5f_pPjdbacLaIw,국립심포니오케스트라,2024-04-29T05:01:19Z,1187,19.78,False,1551.0,35.0,2.0,https://www.youtube.com/watch?v=fahtpRt45xo,49700,832,PF269429,국립심포니오케스트라 실내악 시리즈 2,서양음악(클래식),예술의전당 [서울] IBK챔버홀,2025-10-26,2025-10-26,,,,shard_39,confirmed,"signal_scorer: verified->review 재검토 필요 (날짜 불일치 감지, 자동삭제 아님)",general
kQ8zAm1s3f0,"발레 호두까기인형, 호두까기인형과 할아버지 춤 - 국립발레단 (The Nutcracker, The Nutcracker and Grandfather dance), 2019.12.25","국립발레단, 호두까기인형
2019.12.25
호두까기인형과 할아버지의 춤

드로셀마이어 : 송정빈
호두까기인형 : 리유 콜레트
어린 마리 : 안희주
----------------
Korean National Ballet, The Nutcracker
2019.12.25
The Nutcracker and Grandfather dance

Drosselmeyer : Jungbin Song
Nutcracker doll : Colette Rieu
Marie : Heeju Ahn",UCyxHFuLDszEV2j7Uy3FuVjQ,Ballet Log,2021-12-19T12:43:20Z,185,3.08,False,192609.0,691.0,29.0,https://www.youtube.com/watch?v=kQ8zAm1s3f0,2300,97,PF262691,"국립발레단, 호두까기인형 [부산]",무용(서양/한국무용),부산시민회관 대극장,2025-12-05,2025-12-06,,,,shard_41,confirmed,"signal_scorer: verified->review 재검토 필요 (날짜 불일치 감지, 자동삭제 아님)",general
KtY_s9FuMPM,[21.03.02.] 대구시립교향악단과 함께하는 - 시민행복나눔콘서트  ※대구공연/대구뮤지컬/대구연극/대구독립영화/대구문화/대구인디/대구재즈/대구클래식/대구무료공연※,"공연일정 2021. 03. 02(화) 
공연시간 19:30
공연장소 어울아트센터 함지홀
티켓정보 전석 무료(사전예약 필수)
관람등급 8세 이상
접수기간 2021.02.22 / 14:00 ~ 2021.02.24 / 18:00
문의 053-320-5120

https://www.hbcf.or.kr/front/index.php?g_page=community&m_page=community10&act=culture_view&lgCode=2&leCode=96&cate=

대구문화발전소 http://cafe.daum.net/dg-cultural 다음카페
대구문화발전소 https://band.us/band/49860918 밴드
Daegu culture https://cafe.naver.com/a9403043 네이버 카페
대구공연관람모임  https://cafe.naver.com/dglimjonghyun 네이버 카페
                  http://cafe.daum.net/deagu-seeplay 다음카페
대구공연관람 및 정보문의  https://open.kakao.com/o/gQZXaUQb 오픈쳇팅방
한번 둘러보시고 가입하세요.

대구 공연 정보는 여기에 다 있다 https://dg-cultural.tistory.com/ 티스토리
대구 공연 정보는 여기에 다 있다  https://blog.naver.com/a9403043 네이버 블로그
대구공연정보   https://post.naver.com/a9403043?isHome=1  네이버 포스터
대구문화발전소   http://blog.daum.net/a94030431  다음 블로그
대구공연정보(유튜브)
https://www.youtube.com/channel/UCjTlbWQ2QLF5u6C9KCO1pbg?view_as=subscriber
대구공연리뷰(유튜브)
https://www.youtube.com/channel/UCgpi2LWn__GlGpNS75vcX2Q?view_as=subscriber
한번 둘러보세요.",UCjTlbWQ2QLF5u6C9KCO1pbg,대구 공연 정보,2021-02-20T09:27:10Z,21,0.35,True,10.0,0.0,0.0,https://www.youtube.com/watch?v=KtY_s9FuMPM,979,4314,PF240779,대구시립교향악단과 함께하는 시민행복 나눔콘서트,서양음악(클래식),아양아트센터 아양홀,2024-06-12,2024-06-12,,,,shard_41,confirmed,"signal_scorer: verified->review 재검토 필요 (날짜 불일치 감지, 자동삭제 아님)",shorts
p5RQvkb2nxc,평범한 하루하루의 모음,"휴대폰 용량 정리를 위해
하나씩 업로드 해보는 일상 기록
1. 세종시 카페_세컨드세컨드
2.세종시 디저트 카페_수자매롱
3.세종시 치킨까스 맛집_연와종
4.세종시 와인샵_와인잇
5.세종시 분식집_꿈떡분식
6.세종시 맛집_경성칼국수 세종발산점
7.세종시 맛집_장터소머리국밥

등등 신년 음악회, 사랑하는 오빠,
사랑하는 야옹이 내새끼들과 함께 하는 일상 브이로그

————-

타임라인



00:00 세종시 카페_세컨드세컨드
00:31 세종시_도깨비참치
00:40 고양이 뒷발 팡팡이
01:21 뚜쫀쿠 한쪽도 나눠 먹는 맘씨 좋은
01:27 전직장 동료들과 조치원 저녁 모임
01:42 고양이와 낮잠
02:16 2026 세종예술의전당 신년음악회_시즌 오프닝 콘서트_with 국립심포니 오케스트라
02:43 세종시 디저트 맛집_수자매롱
03:10 세종시 치킨까스 맛집_연와종
03:16 세종시_와인잇
03:24 세종시 분식 맛집_꿈떡분식
03:44 세종시 맛집_경성칼국수
04:05 껌딱지 고양이 제로
04:53 세종시 맛집_장터소머리국밥


#세종시브이로그
#일상브이로그
#직장인브이로그
#세종시맛집
#세종카페
#세종디저트
#세종데이트
#세종핫플
#카페투어
#맛집탐방
#먹방브이로그
#와인샵
#신년음악회
#고양이집사
#냥스타그램
#고양이일상
#집사의하루
#일상기록
#브이로그
#vlog",UC2tbZf60MvJgkod_UIZtpzw,플로터 : float like a feather,2026-06-07T16:11:18Z,311,5.18,False,94.0,7.0,0.0,https://www.youtube.com/watch?v=p5RQvkb2nxc,88,44,PF232435,세종예술의전당 국립심포니오케스트라 신년음악회,복합,세종예술의전당 대공연장,2024-01-16,2024-01-16,,,,shard_41,confirmed,"signal_scorer: verified->review 재검토 필요 (날짜 불일치 감지, 자동삭제 아님)",general
BHUtP-_V88g,GWO 힘찬 마음 음악회 - 10. 백조의 호수 | 광명윈드 오케스트라,"광명 윈드 오케스트라 '힘찬 마음' 음악회
일시: 2022.10.22(토) 오후 5시 (광명문화예술교육지원센터 '광명극장')
지휘: 김영진
트럼펫: 김승직
보컬: 최윤희
사회자: 심소원 아나운서",UCQr7UqKdeVi79bw_5dC6GZA,광명윈드오케스트라,2022-11-10T14:08:02Z,147,2.45,False,116.0,4.0,0.0,https://www.youtube.com/watch?v=BHUtP-_V88g,76,71,PF268971,백조의 호수 [거제],무용(서양/한국무용),거제문화예술회관 대극장,2025-09-19,2025-09-19,,,,shard_41,confirmed,"signal_scorer: verified->review 재검토 필요 (날짜 불일치 감지, 자동삭제 아님)",general
LoyR9JkURfI,노이오페라코러스와 함께하는 오페라 세계여행 메이킹필름,"노이오페라코러스와 함께하는 오페라 세계여행
2021.12.04(토) 오후 3시
오디오가이

주최·주관 Noi opera chorus

후원: 서울특별시, 서울문화재단, 티엔티뮤직, 코바기획,포헨즈 오페랄랄라

제작
총감독 : 박용규
기획 : 최찬양
공동기획 : 정근화
영상제작 : 심동성

Recorded & Mastered at Audioguy Studio, Seoul 
Balance & Mastering Engineer : 최정훈 Jung-Hun Choi
Recording & Mixing Engineer : 왕재현 Jae-Hyun Wang
Assistant Engineer:  박경태 Kyung-Tae Park

해설 이상철
마제스티 스튜디오(Ma.Jesty Studio) 박태진

Noi opera chorus
단장 및 지휘 : 박용규
음악코치 : 최요한
                  조은혜

Sop: 김희정. 김유영. 이은혜. 이지민. 오윤희. 염혜선. 한선경
Alto: 이예영. 이희선. 한지혜. 진혜진
Ten: 김재욱. 김길성. 박수환. 조광현. 최찬양. 최광준
Bass: 김승민. 김현욱. 이상철. 이재영. 최원식
Soliste: 김길성. 이은혜. 이예영. 최광준",UCvTy75UMoYQMGwIP4aWzzaw,노이오페라츄러스,2021-12-15T08:22:57Z,69,1.15,False,407.0,13.0,0.0,https://www.youtube.com/watch?v=LoyR9JkURfI,57,5,PF233602,국립오페라단과 함께하는 오페라 여행 [강릉],서양음악(클래식),강릉아트센터 (구. 강릉문화예술관) 사임당홀 (대공연장) ,2024-01-27,2024-01-27,,,,shard_41,confirmed,"signal_scorer: verified->review 재검토 필요 (날짜 불일치 감지, 자동삭제 아님)",general
yY8s2xdYLmQ,"박광태 Ten. - 그리워라 친구여 (정치근 시, 신귀복 곡)  [가곡애인음악회]","신귀복 작곡가초청 - 가곡애인음악회[42]

   일시: 2014.7.19(토) 오후5:00
   장소: 가곡사랑 {향음홀}

              * 프로그램 *              피아노: 김정주, 이도연(*)  
김호동 (기타 반주) 얼굴   (심봉석 시)
박미경 soprano  풀잎이 한 말*  (노유섭 시)
박재웅 bariton  산길에서  (김명숙 시)
김치경 soprano  나 하늘로 돌아갈 때 (오두영 시)
우동화 tenor  바람에 실려온 편지* (김치경 시)
소프라노 윤희진  바닷가에서*  (박상경 시)
소프라노 윤희진  시가 흐르는 별*  (김치경 시)
   #  휴식  #
한영희 soprano  사랑하는 내님이여* (신귀복 시)
이상협 tenor  내 사랑아*  (김성욱 시)
이사라 soprano  얼굴*   (심봉석 시)
박광태 tenor  그리워라 친구여  (정치근 시)
박남숙 soprano  사랑을 그리며  (이향숙 시)
하석천 tenor  해국   (김치경 시)
소프라노 최정심  동행   (김선목&신선자 시)
소프라노 최정심  바람아 구름아 하늘아 (김치경 시)

* 신작가곡 배워부르기
- 사랑을 그리며
- 해국",UCTchT8dPcHHFC3W1ID03zaQ,가곡애인 가곡사랑 ,2020-07-03T02:53:55Z,184,3.07,False,153.0,3.0,0.0,https://www.youtube.com/watch?v=yY8s2xdYLmQ,7440,2628,PF262399,신귀복 가곡 음악회: 가곡의 별 [안성],서양음악(클래식),안성맞춤아트홀 대공연장,2025-05-24,2025-05-24,,,,shard_41,confirmed,"signal_scorer: verified->review 재검토 필요 (날짜 불일치 감지, 자동삭제 아님)",general
Ti8M7PCnkts,250320 창작희곡의 발견 - 부인의 시대 ＆ 우체국에 김영희씨,"2025.03.20 2025년 경기도극단 〈 창작희곡의 발견 - 부인의 시대 ＆ 우체국에 김영희씨 〉 - 수원
제3회 창작희곡공모 당선작(2편)
경기아트센터 소극장

부인의 시대
이은 강아림 임미정 장정선 육세진

우체국에 김영희씨
황성연 이슬비 노민혁 이충우 윤재웅 김지희 연주하 권승록 김성태 이진혁",UCUZUhFTsH-xtILu1lUPQ5Cg,S,2025-03-21T00:29:59Z,97,1.62,False,18.0,0.0,0.0,https://www.youtube.com/watch?v=Ti8M7PCnkts,565,1320,PF273901,부인의 시대 [용인],연극,용인시문화예술회관 처인홀,2025-09-12,2025-09-12,,,,shard_41,confirmed,"signal_scorer: verified->review 재검토 필요 (날짜 불일치 감지, 자동삭제 아님)",shorts
eXYer6wmEeQ,어린이 사랑가/판소리 춘향전 중에서,"사랑가 /판소라 춘향가 중에서
￭ 선곡명 : 사랑가
￭ 행사명 : 2022 양성평등 문화확산 버스킹
  - 주관 : 한국청소년보호울산광역시연맹
  - 후원 : 울산광역시
￭ 일시 : 2022.8.31.(수) 18:00~
￭ 장소 : 일산해수욕장 상설무대
￭ 소속 : 대왕암예술단
￭ 국악지도 : 김영자 선생님
￭ 참여자 : 이유준, 이소원 
  - 영상촬영 : 김길주   - 사진촬영 : 임경숙/정원주
  - 예술/음향지원 : 시유어게인        
  - 그래픽 : 문규비 
  - 영상편집 : 주 성",UC9rUN_nzuVHWDBYAvVSdNNw,어울림공감TV,2022-09-08T01:36:33Z,228,3.8,False,192.0,7.0,0.0,https://www.youtube.com/watch?v=eXYer6wmEeQ,1730,1488,PF264056,춘향전 [의령],서양음악(클래식),의령군민문화회관,2025-05-16,2025-05-16,,,,shard_41,confirmed,"signal_scorer: verified->review 재검토 필요 (날짜 불일치 감지, 자동삭제 아님)",general
f9c_D2HunXw,"4월, 정오의 음악선물","비가 계속되는 어제, 오늘....
어디선가 여유있으면서 힘있는 소리가 들려 가보니
국립국악관현악단이 4월 정오의 음악선물을 준비하고 있었습니다~
멋진 거문고 소리가 아침부터 황홀하게+_+
4월 정오의 음악회에서 만나요~
@국립국악관현악단
2017.4.12
#4월의게스트_마이클리",UCJ55axexMkXqp1Fgwvmdsgg,국립극장 National Theater of Korea,2017-04-06T00:16:40Z,99,1.65,False,252.0,6.0,0.0,https://www.youtube.com/watch?v=f9c_D2HunXw,37700,1210,PF230530,"국립국악관현악단, 정오의 음악회 (4월)",한국음악(국악),국립극장 해오름극장,2024-04-11,2024-04-11,,,,shard_42,confirmed,"signal_scorer: verified->review 재검토 필요 (날짜 불일치 감지, 자동삭제 아님)",general
KHCl2tAK3w4,특별한 정오를 선물하는 국립국악관현악단 '정오의 음악회'!!,"3월, 고품격 국악 브런치 콘서트가 시작됩니다!
국립국악관현악단 임재원 예술감독과 방송인 진양혜의 
사회로 더욱 풍성해진 '정오의 음악회'를 만나보세요!

@국립국악관현악단
2017.3.15/4.12/5.24/6.14",UCJ55axexMkXqp1Fgwvmdsgg,국립극장 National Theater of Korea,2017-03-02T07:55:15Z,21,0.35,True,275.0,2.0,0.0,https://www.youtube.com/watch?v=KHCl2tAK3w4,37700,1210,PF230530,"국립국악관현악단, 정오의 음악회 (4월)",한국음악(국악),국립극장 해오름극장,2024-04-11,2024-04-11,,,,shard_42,confirmed,"signal_scorer: verified->review 재검토 필요 (날짜 불일치 감지, 자동삭제 아님)",shorts
UdrZzLYw_c0,2018년 국립국악관현악단 '정오의 음악회',"싱그러운 기운과 함께 새봄에 돌아오는 
국립국악관현악단의 '정오의 음악회'!
3월, 그 첫 무대를 놓치지마세요~

@국립국악관현악단
2018.3.7/4.4/5.16/6.20",UCJ55axexMkXqp1Fgwvmdsgg,국립극장 National Theater of Korea,2018-02-14T06:15:54Z,30,0.5,True,902.0,0.0,0.0,https://www.youtube.com/watch?v=UdrZzLYw_c0,37700,1210,PF230530,"국립국악관현악단, 정오의 음악회 (4월)",한국음악(국악),국립극장 해오름극장,2024-04-11,2024-04-11,,,,shard_42,confirmed,"signal_scorer: verified->review 재검토 필요 (날짜 불일치 감지, 자동삭제 아님)",shorts
-LiX8EMqZXA,"매 달, 새로운 앙상블을 선보이는 국립국악관현악단 '정오의 음악회'!!","11월에는 가을과 잘 어울리는 대금과
25현 가야금, 타악이 어우러진 '역동Ⅱ'를 선보이는데요!
영상만봐도 넘나 기대가 됩니다^^
이제 단 두번밖에 남지 않은 2016년 '정오의 음악회'!!
많은 사랑 보내주세요^^
@국립국악관현악단
2016.11.9",UCJ55axexMkXqp1Fgwvmdsgg,국립극장 National Theater of Korea,2016-11-07T08:12:52Z,113,1.88,False,2464.0,33.0,1.0,https://www.youtube.com/watch?v=-LiX8EMqZXA,37700,1210,PF230530,"국립국악관현악단, 정오의 음악회 (4월)",한국음악(국악),국립극장 해오름극장,2024-04-11,2024-04-11,,,,shard_42,confirmed,"signal_scorer: verified->review 재검토 필요 (날짜 불일치 감지, 자동삭제 아님)",general
ygbrLYsv8dI,한 달에 한 번! 정오를 아름답게 만들어준 정오의 음악회!,"2016년 마지막 공연을 앞두고 있는데요~
이번 정오의 음악선물은 해금앙상블 '시르실'입니다+_+
국립국악관현악단 해금연주자들이
멋진 앙상블을 만들어가는 모습을 담아보았습니다^^

@국립국악관현악단
2016.12.28

#정오는_2017년에도_계속됩니다
#정오의_매력은_패키지",UCJ55axexMkXqp1Fgwvmdsgg,국립극장 National Theater of Korea,2016-12-23T08:09:46Z,114,1.9,False,301.0,1.0,0.0,https://www.youtube.com/watch?v=ygbrLYsv8dI,37700,1210,PF230530,"국립국악관현악단, 정오의 음악회 (4월)",한국음악(국악),국립극장 해오름극장,2024-04-11,2024-04-11,,,,shard_42,confirmed,"signal_scorer: verified->review 재검토 필요 (날짜 불일치 감지, 자동삭제 아님)",general
fdNSOC_fzQc,드디어! 이번주 정오의 음악회가 시작됩니다!!,"3월의 음악선물은 '사물장고를 위한 타령 1:낙서마방진'인데요~
여러분께 드릴 음악선물을 준비하고 있는
국립국악관현악단 연제호 단원의 모습을 담아 보았습니다
이번주 수요일 오전 11시!!
정오의 음악회 입니다

@국립국악관현악단
2017.3.15",UCJ55axexMkXqp1Fgwvmdsgg,국립극장 National Theater of Korea,2017-03-13T07:27:24Z,105,1.75,False,777.0,8.0,2.0,https://www.youtube.com/watch?v=fdNSOC_fzQc,37700,1210,PF230530,"국립국악관현악단, 정오의 음악회 (4월)",한국음악(국악),국립극장 해오름극장,2024-04-11,2024-04-11,,,,shard_42,confirmed,"signal_scorer: verified->review 재검토 필요 (날짜 불일치 감지, 자동삭제 아님)",general
KHCl2tAK3w4,특별한 정오를 선물하는 국립국악관현악단 '정오의 음악회'!!,"3월, 고품격 국악 브런치 콘서트가 시작됩니다!
국립국악관현악단 임재원 예술감독과 방송인 진양혜의 
사회로 더욱 풍성해진 '정오의 음악회'를 만나보세요!

@국립국악관현악단
2017.3.15/4.12/5.24/6.14",UCJ55axexMkXqp1Fgwvmdsgg,국립극장 National Theater of Korea,2017-03-02T07:55:15Z,21,0.35,True,275.0,2.0,0.0,https://www.youtube.com/watch?v=KHCl2tAK3w4,37700,1210,PF230532,"국립국악관현악단, 정오의 음악회 (3월)",한국음악(국악),국립극장 해오름극장,2024-03-14,2024-03-14,,,,shard_42,confirmed,"signal_scorer: verified->review 재검토 필요 (날짜 불일치 감지, 자동삭제 아님)",shorts
UdrZzLYw_c0,2018년 국립국악관현악단 '정오의 음악회',"싱그러운 기운과 함께 새봄에 돌아오는 
국립국악관현악단의 '정오의 음악회'!
3월, 그 첫 무대를 놓치지마세요~

@국립국악관현악단
2018.3.7/4.4/5.16/6.20",UCJ55axexMkXqp1Fgwvmdsgg,국립극장 National Theater of Korea,2018-02-14T06:15:54Z,30,0.5,True,902.0,0.0,0.0,https://www.youtube.com/watch?v=UdrZzLYw_c0,37700,1210,PF230532,"국립국악관현악단, 정오의 음악회 (3월)",한국음악(국악),국립극장 해오름극장,2024-03-14,2024-03-14,,,,shard_42,confirmed,"signal_scorer: verified->review 재검토 필요 (날짜 불일치 감지, 자동삭제 아님)",shorts
xHew0phWBQ8,국립국악관현악단 5월 정오의음악회 with 송소희,"국립국악관현악단이 선보이는 5월 정오의 음악회!!
국악작곡계의 거장 이해식의
'젊은이를 위한 춤-바람의 말'로 막을 열고
이달의 스타로 소녀 명창 송소희와 함께 합니다.
당신의 정오를 특별하게 만들어줄 음악회!

@해오름극장 2014.5.27 오전 11시",UCJ55axexMkXqp1Fgwvmdsgg,국립극장 National Theater of Korea,2014-05-11T07:32:11Z,37,0.62,True,1118.0,2.0,0.0,https://www.youtube.com/watch?v=xHew0phWBQ8,37700,1210,PF230532,"국립국악관현악단, 정오의 음악회 (3월)",한국음악(국악),국립극장 해오름극장,2024-03-14,2024-03-14,,,,shard_42,confirmed,"signal_scorer: verified->review 재검토 필요 (날짜 불일치 감지, 자동삭제 아님)",shorts
fdNSOC_fzQc,드디어! 이번주 정오의 음악회가 시작됩니다!!,"3월의 음악선물은 '사물장고를 위한 타령 1:낙서마방진'인데요~
여러분께 드릴 음악선물을 준비하고 있는
국립국악관현악단 연제호 단원의 모습을 담아 보았습니다
이번주 수요일 오전 11시!!
정오의 음악회 입니다

@국립국악관현악단
2017.3.15",UCJ55axexMkXqp1Fgwvmdsgg,국립극장 National Theater of Korea,2017-03-13T07:27:24Z,105,1.75,False,777.0,8.0,2.0,https://www.youtube.com/watch?v=fdNSOC_fzQc,37700,1210,PF230532,"국립국악관현악단, 정오의 음악회 (3월)",한국음악(국악),국립극장 해오름극장,2024-03-14,2024-03-14,,,,shard_42,confirmed,"signal_scorer: verified->review 재검토 필요 (날짜 불일치 감지, 자동삭제 아님)",general
ygbrLYsv8dI,한 달에 한 번! 정오를 아름답게 만들어준 정오의 음악회!,"2016년 마지막 공연을 앞두고 있는데요~
이번 정오의 음악선물은 해금앙상블 '시르실'입니다+_+
국립국악관현악단 해금연주자들이
멋진 앙상블을 만들어가는 모습을 담아보았습니다^^

@국립국악관현악단
2016.12.28

#정오는_2017년에도_계속됩니다
#정오의_매력은_패키지",UCJ55axexMkXqp1Fgwvmdsgg,국립극장 National Theater of Korea,2016-12-23T08:09:46Z,114,1.9,False,301.0,1.0,0.0,https://www.youtube.com/watch?v=ygbrLYsv8dI,37700,1210,PF230532,"국립국악관현악단, 정오의 음악회 (3월)",한국음악(국악),국립극장 해오름극장,2024-03-14,2024-03-14,,,,shard_42,confirmed,"signal_scorer: verified->review 재검토 필요 (날짜 불일치 감지, 자동삭제 아님)",general
fdW1RfQu22Y,국립국악관현악단 베스트 컬렉션Ⅳ-박범훈 메이킹 영상 #2,"두근두근♥.♥
국립국악관현악단 베스트 컬렉션Ⅳ-박범훈
으로 여러분을 만날 날이 벌써 4일 밖에 남지 않았네요!!

지난번 공연을 관람하기에 앞서 좋은 꿀팁이 될 수 있을 것 같은 메이킹 영상 1편을 소개해드렸죠?? 
이어 오늘은 이 엔통이가 2편을 들고 여러분을 찾아왔습니다

어떤 마음으로 공연을 준비하고 있는지 정성을 다해 꾹꾹! 눌러 담아본 이번 영상! 지금 바로 만나보시죠

ⓒ 국립국악관현악단 National Orchestra of Korea

베스트 컬렉션Ⅳ-박범훈
2018.6.1(FRI)
예술의전당 콘서트홀

예매바로가기 https://bit.ly/2IIHjPU",UCJ55axexMkXqp1Fgwvmdsgg,국립극장 National Theater of Korea,2018-05-28T08:46:52Z,429,7.15,False,919.0,4.0,0.0,https://www.youtube.com/watch?v=fdW1RfQu22Y,37700,1210,PF275342,국립국악관현악단 베스트 컬렉션 [경기 광주],한국음악(국악),광주시문화예술의전당 (구. 남한산성아트홀) 남한산성홀,2025-11-21,2025-11-21,,,,shard_42,confirmed,"signal_scorer: verified->review 재검토 필요 (날짜 불일치 감지, 자동삭제 아님)",general
xT-dbDkMmHw,[2019 김해문화의전당 하반기] 어린이 시리즈 / 프리프링 마리의 마법학교 대모험 / 무민 / 생각나라 과자집 다시쓰는 헨젤과 그레텔,"2019.7.15.
시즌 오픈!

생각도 꿈도 쑥쑥 자라는
2019 김해문화의전당 하반기 어린이 공연 시리즈!",UCk0obBpatiIc02m8syHdv7A,김해문화의전당_GASC SAESON ON STAGE,2019-07-12T08:22:19Z,68,1.13,False,238.0,4.0,0.0,https://www.youtube.com/watch?v=xT-dbDkMmHw,475,208,PF242143,헨젤과 그레텔 [김해],무용(서양/한국무용),김해서부문화센터 하늬홀,2024-07-13,2024-07-13,,,,shard_43,confirmed,"signal_scorer: verified->review 재검토 필요 (날짜 불일치 감지, 자동삭제 아님)",general
7Tpl_K6zvh8,"[온라인 7월 문화가 있는 날 공연 예고] 생각나라 과자집, 다시 쓰는 헨젤과 그레텔 COMING SOON!",".
[온라인 문화가 있는 날 공연 예고] 생각나라 과자집, 다시 쓰는 헨젤과 그레텔
COMING SOON!

📢온라인 행사 소개
문화가 있는 날을 맞이하여 문화 향유 기회 확대를 위한 온라인 공연(녹화중계)입니다.

🔹공연일시: 2021.7.31.(토)~8.1.(일) 00:00~24:00
🔹공연장소: 국립나주박물관 홈페이지, 국립나주박물관 유튜브
🔹러닝타임: 60분

🔹공연내용
✔ 한·중 합작 뮤지컬

1️⃣ 생각의 힘을 모아! 비비디다붑!! 
 : 지켜보는 뮤지컬이 아닌 함께 참여하여 이야기를 완성해 가는 뮤지컬! 우리 아이의 상상력을 키워줍니다.
2️⃣ 완성도 있는 음악과 안무!
 : 우리 아이를 위한 수준 높은 창작 뮤지컬! 뮤지컬 전문 제작진이 만들어내는 아름다운 음악과 볼거리가 넘치는 무대로 우리 아이의 감성지수를 UP!
3️⃣ 볼수록 빠져드는 솜사탕 퍼포먼스
 : 1M 이상 길게 늘어나는 솜사탕 퍼포먼스를 통해 신비한 생각나라 과자집이 완성! 엄마, 아빠도 함께 즐길 수 있는 가족 뮤지컬!
4️⃣ 60분 동안 관객과 함께 만드는 이야기! 생각하는 건 재밌는 일!
 : 쓰여져 있는 동화책이 아니라 링, 밍과 함께 관객들의 상상에 의해 다시 쓰는 신비한 동화! 생각하는 건 즐겁고 재밌는 일이라는 것! 관객과 함께 색깔의 문을 찾아가고 수수께끼를 풀어가는 과정을 통해 아이들이 생각하는 힘을 쑥쑤 키워줍니다.
5️⃣ 행복이라는 뜻으로 해피니스라는 이름을 선물할게!
 : 난 이제부터 해피니스야! 이야기에 담긴 따뜻한 메시지는 재미와 함께 감동을 선물합니다.

✔ 친근함 속에서 피어나는 새로운 상상!
✔ 익히 알려진 명작동화 헨젤과 그레텔을 바탕으로 전혀 새로운 상상의 나라가 펼쳐집니다. 동화를 좋아하는 소녀 링은 누군가 동화를 읽어주길 바라지만 가족들은 바쁘다는 핑계로 각자의 일에 몰두합니다.
✔ 오빠 밍은 오히려 링을 괴롭히기 일쑤죠. 그러던 어느 날 오빠의 장난에 링이 가장 아끼는 동화책이 찢어지고 마는데...
✔ 그 순간 상상하지 목한 일들이 벌어집니다. 생각나라의 안내자가 나타나 링과 밍을 모험의 세계로 초대하게 된 거죠. 생각하는 모든 게 동화로 만들어지는 생각나라 여행.
✔ 과연 우리 친구들은 어떤 동화를 완성해 나갈까요?
✔ 다시 쓰는 헨젤과 그레텔을 함께 만들어 볼까요?

많은 관심부탁드립니다.",UCrFkNlY7L6qvTDxNy5Qyckg,국립나주박물관Naju National Museum,2021-06-30T06:16:28Z,38,0.63,True,697.0,,0.0,https://www.youtube.com/watch?v=7Tpl_K6zvh8,2450,210,PF242143,헨젤과 그레텔 [김해],무용(서양/한국무용),김해서부문화센터 하늬홀,2024-07-13,2024-07-13,,,,shard_43,confirmed,"signal_scorer: verified->review 재검토 필요 (날짜 불일치 감지, 자동삭제 아님)",shorts
57v9B4HM-V4,서울에서 듣는 한국음악 '평롱' (Korean Music Performance in Seoul - Stellar Whisper),"""국내외 실력파 제작진이 만든 명품 공연, '평롱 : 그 평안한 떨림'""
""한국산수와 별자리를 녹여낸 화려한 3D 프로젝션 맵핑과 함께""
""일곱가지 음악에 담아내는 삶의 노래""


[공연정보]
공연제목 : 평롱 - 그 평안한 떨림
기간 : 2014.5.1~12.31 
장소 : 남산골한옥마을 국악당
출연 : 정가악회
제작진 : 프로듀서 오성호, 연출 천재현, 음악 정가악회, 음악감독 윤지영(Rachel Yoon), 영상감독 장승주, 구성작가 박준, 무대디자인 손호성, 무대디자인 어시스턴트 정영, 조명디자인 로버트 핸더슨(Robert W. Henderson, JR), 조명디자인 어시스턴트 지은, 음향감독 김병극, 의상디자인 이지혜, 무대감독 송희정, 음향 오허레이터 임만석, 조명오퍼레이터 오예슬, 영상 프로그래머 임유정(with InteractionLab)
주관 : 메타기획컨설팅, 정가악회
관람료 : 일반 50,000원, 학생 30,000원
예매 : 인터파크 1544-1555, YES24 1544-3800
* 세부 할인 조건은 인터파크 예매안내를 참고해주시기 바랍니다. 
문의 : 02-2261-0500",UCZUPZW5idAxYp-Asj__lVAA,서울시 · Seoul,2014-07-21T00:23:27Z,32,0.53,True,1420.0,6.0,0.0,https://www.youtube.com/watch?v=57v9B4HM-V4,310000,6888,PF222622,평롱(平弄): 그 평안한 떨림 [인천],한국음악(국악),남동소래아트홀 소래극장 (대공연장) ,2023-08-19,2023-08-19,,,,shard_43,confirmed,"signal_scorer: verified->review 재검토 필요 (날짜 불일치 감지, 자동삭제 아님)",shorts
MxFUGcEPFZQ,제32회 거창국제연극제 개막전야제(2022.07.22) 한여름밤의 꿈 연출최철기,"32회 거창연극제 07.22~08.05 
거창수승대 수상특별무대",UCIjRfTkvGX_1zJDaFZZUqLw,떼굴이,2022-07-22T23:17:15Z,28,0.47,True,441.0,5.0,1.0,https://www.youtube.com/watch?v=MxFUGcEPFZQ,473,386,PF267667,한 여름밤의 꿈 [거창],연극,거창문화센터 공연장,2025-06-26,2025-06-26,,,,shard_43,confirmed,"signal_scorer: verified->review 재검토 필요 (날짜 불일치 감지, 자동삭제 아님)",shorts
Sa5W1IgqECE,2017년도 한국예술원  연극/뮤지컬과정 졸업공연 한 여름밤의 꿈,"2017.09.09  장소:구로예술나무씨어터

2017년도 한국예술원  연극/뮤지컬과정 졸업공연 한 여름밤의 꿈",UCXAbQV0hEqSFBLRlIzhF8Gw,Kac한국예술원,2017-09-12T08:38:35Z,7220,120.33,False,32659.0,231.0,46.0,https://www.youtube.com/watch?v=Sa5W1IgqECE,15500,3207,PF267667,한 여름밤의 꿈 [거창],연극,거창문화센터 공연장,2025-06-26,2025-06-26,,,,shard_43,confirmed,"signal_scorer: verified->review 재검토 필요 (날짜 불일치 감지, 자동삭제 아님)",general
M6wJjZTixV4,"뮤지컬 여신님이 보고계셔 커튼콜 (성두섭, 윤지온) 20171020","2017.10.20 뮤지컬 여신님이 보고계셔 커튼콜
성두섭, 윤지온, 호효훈, 강성욱, 김대현, 홍우진, 유리아 배우님",UC7hDuvjsjUfwXiusuYsaIeg,SoRin,2017-10-23T16:59:33Z,147,2.45,False,76.0,4.0,0.0,https://www.youtube.com/watch?v=M6wJjZTixV4,663,1008,PF252591,여신님이 보고계셔 [인천],뮤지컬,남동소래아트홀 소래극장 (대공연장) ,2024-11-16,2024-11-16,,,,shard_44,confirmed,"signal_scorer: verified->review 재검토 필요 (날짜 불일치 감지, 자동삭제 아님)",general
IM3jM--ubAU,#국악인 송소희#김준수#서울시민청 개관7주년기념공연#전통음악 시민청 예술가 하루팀,"2020-1-11오후1시40분 서울 시민청 개관7주년 기념공연 행사
많은 시민이 함께하였읍니다.
국악인 송소희,김준수,두번째달,시민청 예술가 하루팀 공연",UCWpKNoOOb9lk48zUj-TFJTQ,Hi금보라 채널,2020-01-12T02:53:22Z,5194,86.57,False,7499.0,309.0,30.0,https://www.youtube.com/watch?v=IM3jM--ubAU,33700,534,PF287270,송소희 Χ 두번째달 Χ 김준수: 모던민요 [예천],한국음악(국악),예천군문화회관,2026-04-04,2026-04-04,,,,shard_44,confirmed,"signal_scorer: verified->review 재검토 필요 (날짜 불일치 감지, 자동삭제 아님)",general
MsVTfJ8mMd0,과거를 꾸는 꿈,"Provided to YouTube by UMAG

과거를 꾸는 꿈 · 유승우, 송영미, 이한솔

뮤지컬 신의 손가락 OST

℗ 2023 주식회사 코부코

Released on: 2023-06-19

Auto-generated by YouTube.",UCkH02wrNuigh7jPH6ig0dnw,Release - Topic,2023-06-19T03:03:50Z,191,3.18,False,3094.0,35.0,0.0,https://www.youtube.com/watch?v=MsVTfJ8mMd0,0,1,PF248473,신의 손가락 [홍성],뮤지컬,홍주문화회관 대공연장,2024-09-28,2024-09-28,,,,shard_45,confirmed,"signal_scorer: verified->review 재검토 필요 (날짜 불일치 감지, 자동삭제 아님)",general
N_SyIeSe6EQ,[부산시립교향악단] 미완성 음악회Ⅳ 하이라이트.zip,"2025년 6월, 제621회 정기연주회의 오픈 리허설 ‘미완성 음악회’에서는 쇼스타코비치 교향곡 제10번의 3, 4악장 리허설 무대가 펼쳐졌습니다. 이번 비하인드에서는 미완성 음악회의 재밌는 순간들만 모아 하이라이트로 전해드립니다! 무대 위 생생한 리허설, 그 특별한 매력을 함께 느껴보세요🎻

📌클래식 무대 뒤의 이야기가 궁금하다면
👉구독과 좋아요 그리고 알림 설정, 잊지 마세요!
#부산시립교향악단 #브이로그 #미완성음악회
다가오는 부산시립교향악단의 공연도 많은 관심과 사랑 부탁드립니다🫶

🎟 8월 공연 및 프로그램 안내:
[부산시립교향악단 기획음악회 실내악 시리즈 Ⅲ 『줌인 Ⅱ』]
▶ 일시 및 장소
2025년 8월 12일 (화) 19:30 / 부산문화회관 챔버홀
▶ 출연
튜바 | 임정빈
피아노 | 백진주
▶ 프로그램
브람스 | 다섯 개의 가곡 中 제1번 ‘저녁 음악’
힌데미트 | 튜바와 피아노를 위한 소나타
윌리엄스 | 튜바 협주곡
텔레만 | 환상곡 제7번
생상스 | 동물의 사육제 中 ‘백조’
윌리엄스 | 튜바 협주곡
▶ 공연문의
051)607-6000(ARS 1번)",UCeySqDu5BowY_RD5sVYIYug,부산시립예술단TV,2025-08-01T04:52:14Z,242,4.03,False,1012.0,20.0,1.0,https://www.youtube.com/watch?v=N_SyIeSe6EQ,2630,551,PF236247,"부산시립교향악단 기획음악회, 미완성 음악회 Ⅰ",서양음악(클래식),부산문화회관 대극장,2024-04-18,2024-04-18,,,,shard_45,confirmed,"signal_scorer: verified->review 재검토 필요 (날짜 불일치 감지, 자동삭제 아님)",general
Xr8N-wl0R7c,"[부산시립교향악단 VLOG] 단원들의 연주 준비, 같이 보실래요? | NEW WORLD in 부산 콘서트홀","2025년 5월, 부산시향 제620회 정기연주회(부산콘서트홀 개관 시범공연)을 앞두고 부산시립교향악단이 어떤 하루들을 보내고 있었는지 살짝 보여드릴게요!
예술감독님과 단원들이 함께 연습하고, 웃고, 진지해지는 그 순간들까지— 무대에 오르기 전의 부산시향을 담았습니다🎻

홍석원 예술감독과 부산시향 단원들의 진짜 리허설 모먼트, 함께 보실래요?

📌클래식 무대 뒤의 이야기가 궁금하다면
👉구독과 좋아요 그리고 알림 설정, 잊지 마세요!

#부산시립교향악단 #브이로그 #클래식비하인드

🎟 6월 공연 및 프로그램 안내:

[부산시립교향악단 기획음악회 ""미완성 음악회Ⅳ""]

▶ 일시 및 장소
2025년 6월 18일 (수) 19:30 / 부산문화회관 대극장

▶ 출연
지휘 | 홍석원
연주 | 부산시립교향악단

▶ 프로그램
쇼스타코비치 | 교향곡 제10번 3-4악장

▶ 공연문의
051)607-6000(ARS 1번)

[부산시립교향악단 제621회 정기연주회 ""DSCH""]

▶ 일시 및 장소
2025년 6월 19일 (수) 19:30 / 부산문화회관 대극장

▶ 출연
지휘 | 홍석원
첼로 | 최하영
연주 | 부산시립교향악단

▶ 프로그램
쇼스타코비치 | 첼로 협주곡 제1번
쇼스타코비치 | 교향곡 제10번

▶ 공연문의
051)607-6000(ARS 1번)

🎟 7월 공연 및 프로그램 안내:

[부산시립교향악단 제622회 정기연주회 ""여름, 목가""]

▶ 일시 및 장소
2025년 7월 10일 (목) 19:30 / 부산콘서트홀

▶ 출연
지휘 | 홍석원
피아노 | 폴 루이스
연주 | 부산시립교향악단

▶ 프로그램
베토벤 | 피아노 협주곡 제4번
브람스 | 교향곡 제2번

▶ 공연문의
051)607-6000(ARS 1번)",UCeySqDu5BowY_RD5sVYIYug,부산시립예술단TV,2025-06-13T05:45:25Z,279,4.65,False,2192.0,38.0,2.0,https://www.youtube.com/watch?v=Xr8N-wl0R7c,2630,551,PF236247,"부산시립교향악단 기획음악회, 미완성 음악회 Ⅰ",서양음악(클래식),부산문화회관 대극장,2024-04-18,2024-04-18,,,,shard_45,confirmed,"signal_scorer: verified->review 재검토 필요 (날짜 불일치 감지, 자동삭제 아님)",general
lEDoXG8tlKI,마임채널에 갑자기 오브제가?!! 이유를 설명해드립니다 #오브제연극놀이 #오브제 #마임,"극단 소개를 문득
www.imagehuntervillage.com 
이미지헌터빌리지 
■ 현실 속에 숨어있는 다각도적인 환상을 표현하는 이미지헌터 빌리지는 마임움직임과 퍼포먼스를 중심으로 음악, 연극, 사진, 뮤지컬 등 문화전반을 넘나들며 새로운 움직임을 만들어내는 집단이다.
■ 이미지헌터 빌리지는 자유로운 상상력과 입체적인 오브제를 기반으로 보이는 것과 보이지 않는 것의 경계를 지워가면서 공간 속에 숨어있는 시각을 발견 해내며 새로운 극의 형태를 관객에게 체험하도록 할 것이다.
■ 이미지헌터 빌리지는 공간속에서 새로운 이미지를 만들어내는데 열정을 집중하며 
   이미지헌터 빌리지는 공간의 한계를 뛰어넘기 위한 새로운 형태의 상상발전소이다. 
   이미지헌터 빌리지는 살아 움직이는 이미지를 지향한다.

◆ 연혁 (다 안들어가서 줄였어요)
2007. 6 Image Hunter Village 극단 ‘숨은그림’ 창단 
2007. 6 그림+사진 전시공연 '빛 그리고 소통' 
2007. 9. 14-15 단테신곡 중 '연옥, 천국' (상명아트홀)
2007. 9. 29-30 과천한마당축제 자유참가작 '보물찾기'
2007.10. 5 와우북페스티벌 시인 김경주씨의 산문집을 마임과 퍼포먼스로 재구성한 'PaSspOrT' 
2007.10. 6 와우북페스티벌 고 권정생선생 기념공연 '꿈꾸는 종지기, 권정생' 
2007.10. 12,13 대구 칼라풀페스티벌 중 거리극 '동화속으로' 
2007.10.27 가시리축제 김경주시인의 시를 마임으로 재구성한 '봉인된 선험'
2007.10.30-31 지하철세계문화축제 '비밀의 문' 및 마임난장 '환상공간'
2007.11.10 이경자소설 '천개의 아침'
2007.11.11 꿈꾸는 종지기, 권정생
2007.11.30 책읽는사회 시낭송회 김사인시 '다리를 외롭게 하는 사람'
2007.12.1 '전자음악을 말하다'중 샤갈의 하얀예수
2007.12.15 전국청소년시낭송축제 초청공연 '바람의연대기는 누가 다 기록하나'
2008.5.3-5 안산거리극축제 '까막눈' Version 0.1 자아_나르시즘 편
2008.5.9 100주년 문학의 밤 김기림 시인의 '길' (서울_문학의 집)
2008.5.10 의정부음악극축제 '까막눈' Version 0.1 자아_나르시즘 편(의정부예술의전당 분수마당)
2008.5.31 춘천마임축제 '까막눈' Version 0.2 소통_제너레이션 편(고슴도치섬)
2008.6.28 BSC 러브액츄얼리  '극과 마임'(하늘그네)
2008.6.29 홍대 프린지 F놀이터 '까막눈' Version 0.1 자아_나르시즘 편 & 'PaSspOrT' 
2008.08.23-24  뮤지컬 메모리(홍대 씨어터제로) 
2008.9.2 동서문학콘서트 윤석정의 시낭송공연 '반딧불이'(청계천 메인무대)
2008.9.27 제4회 와우북페스티벌 고 이청준선생님의 '할미꽃은 봄을 세는 술래란다'
2008.9.28 제4회 와우북페스티벌 '서른살이 심리학에게 묻다'(홍대 문화공간 오백)
2008.10.29 고수진의 포스트모더니즘 (영산아트홀)
2008.11.24 건국60주년 문학나눔콘서트 '난장이가 쏘아올린 작은 공'(서울문학의집)
2008.12.4 기담 공연 '곤조' (바다비)
2009.1.31 민족작가회의 공연 '반닫이'(서울 문학의집)
2009.4.17 경기도 광주도서관 '할미꽃은 봄을 세는 술래란다'(광주시립도서관)
2009.4.21 '내 인생 뭐가 문제인걸까'(대치 4동 문화센터)
2009.5,2-5 안산거리극페스티벌 '할미꽃은 봄을 찾는 술래란다'(안산)
2009.5.7 한국작가회의 문학인100주년 기념공연 '소설가 구보씨의 일일', '마인', '멸하지 않는것', '남생이'(서울 문학의집)
2009.5.16 서울국제도서전 '서른살이 심리학에게 묻다'(삼성 코엑스 )
2009.5.26 이미지북마임 '서른살이 심리학에게 묻다'(홍대 오백)
2009.5.30 춘천마임축제 '비밀의 봄'(춘천 소혹성)
2009.6.3-4 구미전국연극제 '비밀의 봄'(구미 문화예술회관)
2009.7.14 맨발의 랩소디(홍대 오백) 
2009.8.15 ‘서른살이 심리학에게 묻다’(홍대 오백)
2009.9.11 ‘우주로 날아가는 방’ (제주델픽문화올림픽)
2009.9.18 오장환문학제 ‘씨비리 태양’ ‘모화’ (보은문화예술회관)
2009.9.22 제5회 와우북페스티벌 ‘마인’(홍대 오백)
2009.10. 보는 소리, 듣는 영상 음악회-Green Colored Harmony ‘ 피어라, 석유’(문화일보홀)
2009.10.16 대구 머머리섬 인형마임축제 ‘비밀의봄’
2009.10.24 포에트리 콘서트 ‘륀트겐사진’ (이진아도서관)
2009.10.31 한도서관 한책읽기 ‘길자씨가 진짜엄마?’
2009.11.07 도서관에서 만나는 이미지북마임 ‘목걸이열쇠와 into the Book'(정다운도서관)
2009.11.14 도서관에서 만나는 이미지북마임 ‘살아온기적,살아갈기적’(정독도서관)

2009.12.12 책 함께 읽자 정기낭독콘서트 '할미꽃은 봄을 세는 술래란다'(정독도서관)
2009.12.19 김근시인 포에트리콘서트 ‘죽은새’, ‘물고기를사러다녀요’,‘죽은나무’,‘분서’구름극장에서 만나요
2009.12.23 북크리스마스 ""미스터콩+Into The Book""(수봉도서관)
2009.12.31 푸빗의 나는빗자루
2010.1 이미지헌터 빌리지 극단,숨은그림에서 이미지헌터 빌리지, 시크릿픽쳐로 극단이름변경 
2010.1.28 작가 코키 폴와 함께하는 마녀 위니 (삼성도서관)
2010.7.29-8.1 오페라 ‘바퀴달린 마술피리 ’ 오페라와 마임의 결합 시도. 마임팀으로 참여(윤푸빗 대표가 전체안무)
2010.9.25 앨리스 온 더 플랫폼(인천아트플랫폼)
2010.10.9-10 대학로소극장축제 ‘비밀의 봄’(대학로 마로니에 공원)
2010.12.16 ‘푸빗과 Mr 신’, ‘길’, ‘피아노가 된 나무’(삼성SDS멀티캠퍼스)
2011.4.8 문학인 100주년 기념 마임공연‘북간도’ (서울 연희창작촌)
2011.5.23. 춘천마임축제 수요플랫폼 야외공연 ‘안녕, 푸빗별(춘천몸짓극장_야외공연장)
2011.8.13 2011 HanPAC마로니에 여름축제 ‘안녕,비행사’
2011.8.15 서울프린지페스티벌 야외공연 ‘안녕,비행사’
2011.8.20 서울프린지페스티벌 극장공연 ‘사랑,안녕’
2011.10.1 전주세계소리축제 야외공연 ‘안녕,비행사
2011.10.16 문래아트페스티벌 야외공연 ‘안녕,비행사’
2011.11.11. 젊은시인들의 열린 포럼 ‘폭풍속으로’ 공연 (고려대학교 국제회의실)
2011.11.17. 수험생들을 위한 북마임 (인천 청소년수련관)
2011.12.6. 책벌레들을 위한 북마임 (석곶초등학교_2회)
2012.2.11. 시인 김행숙의 북콘서트 타인의 의미_전체 기획 및 공연 '미완성 교양악 ,옆모습 *북카페 개미와베짱이
2012.3.28. 신미식 작가 북콘서트 (역삼도서관)
2012.5.4. 한국작가협회 문학인100주년 기념문학제 ‘종’(연희문학창작촌)
2012.5.5. 와우어린이북페스티벌_내가 좋아하는 것
2012.5.4.-6 안산거리극축제 파자마시스터즈
2012.5.5.-6 키즈아츠페스티벌 북마임 내가좋아하는 것
2012.5.23. 안녕,비행사(상명대학교 거리무대)
2012.5.27.-28 록밴드 ‘게이트플라워즈’공연 
2012.6.22. 과학토크콘서트 ‘헬로,UFO’ 공연
2012.7.14 도서관에서 만나는 북마임 (대전 신탄진 도서관)
2012.8.4 과학토크콘서트 ‘ 과학과 sf사이-DIY행성’ (국립과천과학 천체투영관)
2012.9.15 전주세계소리축제 ‘파자마시스터즈’
2012.9.21 과학토크콘서트 ‘과학과 sf사이-평행우주’(국립과천과학 천체투영관)
2012.9.22 문산거리축제 ‘파자마시스터즈’ 와우북페스티벌 ‘파자마시스터즈’
2012.10.12 과학토크콘서트 ‘과학과 sf사이-평행우주’(국립과천과학 천체투영관)
2012.10.21 과학토크콘서트 ‘과학과 sf사이-화성’ (국립과천과학 천체투영관)
2013.4.13. ‘더 케이스’(비아페스티벌)
2013.5.3.-4 ‘더케이스’(안산거리극축제)
2013.5.2. ‘호랑아, 엄마를 돌려줘’_마임연출 및 출연 (세종문화회관 체임버홀)
2013.5.10. 강정공연
2013.5.25. 교육학회 오프닝공연 ‘요정의 모험’(성신여자대학교)
2013.6.10. ‘더 케이스’(해운대 페스티벌)
2013.6.29. ‘나의 그림자’(탄츠스테이션 오프닝무대)
2013.8.30. 이동형 렉쳐퍼포먼스 혜성과의 조우’(서대문자연사박물관)
2013.9.1.-2 ‘더 케이스’(프린지 페스티벌)
2013.9.14. 장수탕 선녀님(응암정보도서관)
2013.10.11. 더케이스(대전마임페스티벌)
2013.11.1. 함민복 시인 북콘서트(금천 금나래아트홀)
2013.11.22. ‘혜성과의 조우’(서대문자연사박물관)
2013.12.14. 크리스마스 북마임(원주 문막도서관)
2014.9.2. 여성인권영화제 오프닝 공연 ‘질주’
2014.12.5 생명인권콘서트 공연 '봄, 날다'
2015.1.20. 마루에서 놀자시리즈 조각마임책놀이
2015.5.5. 용용마술과 조각마임책놀이 (이진아도서관)
2015.5.16. 마토페스티벌 메인공연 미스터콩과 우당탕탕 북마임 마토페스티벌 메인무대)
2015.9.12. SF페스티벌 개관공연 꿈의 입자
2015.11.28. 인터렉티브 마임퍼포먼스 음펨바효과(천안 CGV 2층)
2015.12.14.-24 융복합연극 성냥팔이소녀찾기(꿈이룸극장)
2017. 4.28-29 너와 나 거기에 있다_서울거리예술창작센터
2017. 8.15-17 푸른빗자루 극장_관악어린이창작센터
2018. 10. 5 컬처몽땅 블랙난장 'live image hunting performance'_컬처몽땅
2018. 11. 4 아시아즉흥춤축제 'camping over the rainbow'_서울무용센터
2018. 11. 10. 이야기조각보 마실길_성북마을극장 
2018. 12. 15-23 '바람속에 나는 푸른빗자루'_경기도어린이박물관
2019. 3. 10. 핀란드 한국 공동제작아동극 안녕:moi_성북정보도서관
2019. 5. 북마임을 통한 책여행_ 한글박물관",UCtwrH12g9qK-BB6vlgOBJ7A,윤푸빗 마임이스트,2020-08-15T00:32:09Z,249,4.15,False,206.0,7.0,2.0,https://www.youtube.com/watch?v=lEDoXG8tlKI,387,221,PF248685,장수탕 선녀님 [전주],뮤지컬,한국소리문화의전당 모악당,2024-10-17,2024-10-19,,,,shard_46,confirmed,"signal_scorer: verified->review 재검토 필요 (날짜 불일치 감지, 자동삭제 아님)",general
CQJv1DTXwBY,"[대구시립교향악단] ""2000 신년음악회","2000.대구시립교향악단 신년음악회
*지휘: 박성완 (대구시립교향악단 상임지휘자 역임)
*소프라노 : 이화영
*베 이 스  :  이의춘
*플      륫  :  강민수
*가 야 금  :  백혜숙
2000.1.21.(화) 대구문화예술회관 대극장
*촬영/편집 : 권세홍

25년의 전통 대구타악예술문화센터
(Percussive Arts Culture Center Daegu)
▶ 대구타악예술문화센터는 : 
  지난 2004년 7월부터 대구최초 타악기 전문 강좌 개설을 통해 여러분들의 많은 사랑과 성원을 받고 있는 대구타악예술화센터가 드럼, 색소폰을 개설되었습니다.
 25여 년의 풍부한 경험을 가진 현직 대학 강사진으로 운영되는 문화센터이며, 지역 사회의 문화 발전을 목표로 청소년, 주부, 직장인들의 스트레스를 해소하고 삶의 질을 향상 시키기 위하여 음악의 흥겨움을 시민 여러분들과 함께 나누고 있습니다. 
그동안 무대 위에서 얻은 연주 경험과 대학 강단의 강의 경험을 바탕으로 실력 있는 강사를 심으로 충실한 강좌가 될 수 있음을 자부합니다.
  
▶ 개설강좌
1. 취미 및 기초반, 중급반, 고급반, 연주반, 특설반, 가족반. 입시반.
2. 여름 및 겨울방학 특강.
3 특정 단체별 계약 수업 가능.
   (대상 : 직업인, 회사의 팀웍을 위한 프로그램)  
3개월이면 누구나 드럼과 타악기 및 색소폰을 쉽게 연주할 수 있는 시스탬을 갖추고 있습니다.
특히 본 센터는 단체 수업이 활성화되어 있어서 더 재미있습니다.
딱 3개월의 시간 속으로 들어와 보세요!

*악보 평생 무료 공급(수강생에 한함)
*단체반 : 기초반, 중급반, 고급반, 연주반으로 구분되어 있어서 자연스럽게 드럼과 색소폰을 쉬운 노래부터 연주를 즐길 수 있습니다.
*소수 정예반, 취미드럼 / 직장인 드럼반/ 직장인 색소폰반 / 주부 드럼반 / 주부 색소폰반  

TEL : 053-742-3614
C.P. : 010-6785-3614
http://cafe.daum.net/daegupas
https://cafe.naver.com/daegudrum
https://band.us/@drum3614

*대구시 수성구 국채보상로 868 연제빌딩 B1.",UCa3z7Z4onHnr_tyE-nenmGg,[드럼연주는 - 대구타악예술문화센터],2020-02-28T13:01:48Z,4439,73.98,False,821.0,1.0,0.0,https://www.youtube.com/watch?v=CQJv1DTXwBY,9260,1630,PF232330,대구시립교향악단 신년음악회 [대구],서양음악(클래식),대구콘서트하우스 그랜드홀 (대공연장) ,2024-01-12,2024-01-12,,,,shard_46,confirmed,"signal_scorer: verified->review 재검토 필요 (날짜 불일치 감지, 자동삭제 아님)",general
1CS9JFYP690,"러시아 춤, 호두까기 인형 모음곡 중 '꽃의 왈츠', 라라랜드OST-Another day of sun, 아름다운 세상 / 제 3 회 정기연주회 - 라온필하모닉오케스트라 (5/5)","2019.01.29 울주문화예술회관에서 열린 라온필하모닉 오케스트라의 세 번째 정기연주회 실황입니다.

사회 및 음악 해설을 해주신 송영호 선생님과 빛소리어린이합창단 및 지도해주신 이성아 선생님께 특별히 감사의 말씀드립니다.

== CONTENTS ==

제 3 회 정기연주회 - 라온필하모닉오케스트라 (1/5)
https://www.youtube.com/watch?v=sW7XNvySbgc

* 헝가리무곡
* 러브스토리
* 도레미송

제 3 회 정기연주회 - 라온필하모닉오케스트라 (2/5)
https://www.youtube.com/watch?v=Ge-c-5_lPKA

* Amazing grace
* 홀로 아리랑
* 한국을 빛낸 100명의 위인들

제 3 회 정기연주회 - 라온필하모닉오케스트라 (3/5)
https://www.youtube.com/watch?v=7VVUecPBUvU

* Eine kleine Nightmusik

제 3 회 정기연주회 - 라온필하모닉오케스트라 (4/5) - 빛소리어린이합창단
https://www.youtube.com/watch?v=HdNVc2VVqvk

* 고향의 봄
* 여유 있게 걷게 친구
* 함께 걸어요

제 3 회 정기연주회 - 라온필하모닉오케스트라 (5/5)
https://www.youtube.com/watch?v=1CS9JFYP690

* 호두까기 인형 모음곡 중 '러시아 춤'
* 호두까기 인형 모음곡 중 '꽃의 왈츠'
* 라라랜드 OST - Another day of sun
* 아름다운 세상
* 넌 할 수 있어",UCHrUpvC0etlCB7BrdreYlGQ,라온필하모닉,2019-02-11T02:00:01Z,923,15.38,False,230.0,7.0,0.0,https://www.youtube.com/watch?v=1CS9JFYP690,397,124,PF252764,호두까기 인형 [울산],서양음악(클래식),울산문화예술회관 대공연장,2024-12-06,2024-12-06,,,,shard_46,confirmed,"signal_scorer: verified->review 재검토 필요 (날짜 불일치 감지, 자동삭제 아님)",general
MFDjOcHqxv8,"[#공연실황pick] 크리스마스에 듣는 클래식, 차이콥스키의 호두까기 인형 중 '꽃의 왈츠' | P. I. Tchaikovsky - Valse des fleurs","P. I. 차이콥스키 - 호두까기 인형 중 '꽃의 왈츠'
P. I. Tchaikovsky - 'Valse des fleurs' from The Nutcracker Suite

러시아 작곡가 차이콥스키의 대표적인 발레 음악인 호두까기 인형 모음곡은 매년 겨울 많은 음악회의 대미를 장식하고 있습니다.
그 중 여덟 번째 작품인 ‘꽃의 왈츠’가 특히 독립적으로 더 자주 연주되는데요.
소복히 내리는 겨울눈꽃 속에서 사뿐사뿐 춤추는 소녀 마리와 꽃의 요정들의 모습이 보이는 듯하죠.

러시아 음악의 대가, 장 구오용의 지휘와 심포니 송의 연주로
마음 따뜻한 크리스마스의 온기를 나누어 보세요.


(2019.12.19 롯데콘서트홀 '함신익과 심포니 송 마스터즈 시리즈 6' 중에서)
#차이콥스키 #호두까기인형 #꽃의왈츠 #크리스마스 #크리스마스이브
#한경arteTV #한국경제

✅ 구독 | 좋아요 | 알림  설정하시면 
       고품격 문화예술 프로그램을 즐기실 수 있습니다!

✅ 대한민국 문화예술의 중심 한경arteTV
       All that Arts & Culture! Hankyung arteTV
      
✅ 한경arteTV | SNS 채널 안내
👉 Homepage 홈페이지
      http://www.artetv.co.kr/

👉 YOUTUBE 유튜브 
      https://www.youtube.com/@Hankyung_arteTV

👉 Instargram 인스타그램
      https://www.instagram.com/hankyungartetv/

👉 Facebook 페이스북
      https://www.facebook.com/arte.co.kr/

✅  한경arteTV는 전국 3천만 가구를 대상으로 다양한 문화 예술 콘텐츠를 방송하고 있습니다. 많은 관심과 시청 바랍니다.

👉 TV 채널 번호  
       
[IPTV]
 KT GenieTV(140) .  SK Btv(206) .  LG U+tv(230)

[위성방송]
Skylife(303)

[케이블]
LG Hellovision(270) . D'Live(160) . SKB Cable(구, 티브로드)(105) . HCN(226) . CMB(대전 59-2) JCN울산중앙방송(191) . 서경방송(143) . GCS푸른방송(132)


✅ 한경arteTV는 사업, 공연, 전시, 콘텐츠, 온라인, 모바일 등 외부 단체와 다양한 형태의 제휴가 가능합니다. 연주 단체나 아티스트가 본인의 공연을 방송하시기 희망하시는 경우, 외부 공연을 중계차로 녹화 또는 생중계 방송으로 제작하여 송출해드립니다.

👉 Contact us  |  출연 및 제작 제휴 문의 방법
      T : +82 2-360-4785 (Seoul, Korea) 
      E : hkarte@arte.co.kr",UCPglj7zGwmOlH8_31Tpgh8Q,한경arteTV,2023-12-25T03:00:10Z,423,7.05,False,891.0,32.0,3.0,https://www.youtube.com/watch?v=MFDjOcHqxv8,116000,3882,PF252764,호두까기 인형 [울산],서양음악(클래식),울산문화예술회관 대공연장,2024-12-06,2024-12-06,,,,shard_46,confirmed,"signal_scorer: verified->review 재검토 필요 (날짜 불일치 감지, 자동삭제 아님)",general
cb2XHhOLcMI,2019.04.02 20:00 뮤지컬 헬렌 앤 미 - 사흘만 볼 수 있다면 (송영미 배우 Focus),"2019.04.02 20:00 뮤지컬 헬렌 앤 미 사흘만 찍을 수 있Day
'사흘만 볼 수 있다면'

헬렌 켈러 役 송영미
앤 설리번 役 원근영
찰스 디킨스 외 役 도창선
소피아 홉킨스 외 役 최현미
윌리엄 켈러 외 役 유도겸
독수리 기자 외 役 정경훈
아서 켈러 외 役 정문길
케이트 켈러 외 役 조은진
마이클 애너그노스 외 役 김광일
제임스 설리번 외 役 이랑서",UCFJycjwV1btZFgypZT8ffkQ,찬란,2019-12-29T19:19:40Z,387,6.45,False,263.0,4.0,0.0,https://www.youtube.com/watch?v=cb2XHhOLcMI,19,80,PF222752,헬렌 앤 미 [대구],뮤지컬,어울아트센터(구. 대구북구문예회관) 함지홀(대공연장),2023-08-26,2023-08-26,,,,shard_46,confirmed,"signal_scorer: verified->review 재검토 필요 (날짜 불일치 감지, 자동삭제 아님)",general
ilwaejlc9Sk,[NUNOLOG] 헬렌 앤 미 / UZA / 라이언 / 우쿨렐레 / 로또,"누노씨의 브이로그입니다.
잉여로운 일상을 담고 있습니다.

지난 한 주 동안 뮤지컬 '헬렌 앤 미'를 두 번 보았습니다. UZA님의 'NEUTRAL' 앨범도 구매했어요. 그리고 반다이에서 출시한 라이언 프라모델도 구매했지요. 물론 주말에는 우쿨렐레 모임에도 다녀왔습니다. 그리고... 그리고... (???)


#vlog #브이로그 #일상

*촬영 : Panasonic DMC-GX7 & GF8, iPhone 6s
*편집 : iMovie & Vimo app (iOS)


*Contact : nuno@daum.net

*SNS
https://www.instagram.com/nu_no_c
https://14left.blog.me",UCFR_pNaB0pHQrXN-yDQJRMg,누노씨,2019-03-24T13:50:40Z,279,4.65,False,32.0,0.0,0.0,https://www.youtube.com/watch?v=ilwaejlc9Sk,397,1019,PF227708,헬렌 앤 미 [부산],뮤지컬,부산민주공원 공연장 큰방(중극장),2023-11-18,2023-11-19,,,,shard_46,confirmed,"signal_scorer: verified->review 재검토 필요 (날짜 불일치 감지, 자동삭제 아님)",general
r2Wd1L8C8W4,서울시오페라단 오페라 라 트라비아타(La Traviata) 거성노희섭 출연 2008.11.8(토) 오후3시,"오페라 라트라비아타
Opera La traviata

일시 : 2008.11.8(토) 오후 3시
장소 : 현대예술관 대공연장

출연:
비올렛타 Sop.김은주
알프레도 Ten.최성수
제르몽 Bar.노희섭

인씨엠 필하모닉오케스트라

주최 : 서울시오페라단
주관 : 서울시오페라단",UCn25RETqhhQxDzBI1Fa-X4Q,거성노희섭(Street Singer),2020-02-25T04:39:46Z,7218,120.3,False,494.0,10.0,2.0,https://www.youtube.com/watch?v=r2Wd1L8C8W4,26400,1798,PF233744,"서울시오페라단, 라 트라비아타",서양음악(클래식),세종문화회관 세종대극장,2024-04-25,2024-04-28,,,,shard_47,confirmed,"signal_scorer: verified->review 재검토 필요 (날짜 불일치 감지, 자동삭제 아님)",general
f9c_D2HunXw,"4월, 정오의 음악선물","비가 계속되는 어제, 오늘....
어디선가 여유있으면서 힘있는 소리가 들려 가보니
국립국악관현악단이 4월 정오의 음악선물을 준비하고 있었습니다~
멋진 거문고 소리가 아침부터 황홀하게+_+
4월 정오의 음악회에서 만나요~
@국립국악관현악단
2017.4.12
#4월의게스트_마이클리",UCJ55axexMkXqp1Fgwvmdsgg,국립극장 National Theater of Korea,2017-04-06T00:16:40Z,99,1.65,False,252.0,6.0,0.0,https://www.youtube.com/watch?v=f9c_D2HunXw,37700,1210,PF253947,"국립국악관현악단, 정오의 음악회 (4월)",한국음악(국악),국립극장 해오름극장,2025-04-10,2025-04-10,,,,shard_47,confirmed,"signal_scorer: verified->review 재검토 필요 (날짜 불일치 감지, 자동삭제 아님)",general
UdrZzLYw_c0,2018년 국립국악관현악단 '정오의 음악회',"싱그러운 기운과 함께 새봄에 돌아오는 
국립국악관현악단의 '정오의 음악회'!
3월, 그 첫 무대를 놓치지마세요~

@국립국악관현악단
2018.3.7/4.4/5.16/6.20",UCJ55axexMkXqp1Fgwvmdsgg,국립극장 National Theater of Korea,2018-02-14T06:15:54Z,30,0.5,True,902.0,0.0,0.0,https://www.youtube.com/watch?v=UdrZzLYw_c0,37700,1210,PF253947,"국립국악관현악단, 정오의 음악회 (4월)",한국음악(국악),국립극장 해오름극장,2025-04-10,2025-04-10,,,,shard_47,confirmed,"signal_scorer: verified->review 재검토 필요 (날짜 불일치 감지, 자동삭제 아님)",shorts
KHCl2tAK3w4,특별한 정오를 선물하는 국립국악관현악단 '정오의 음악회'!!,"3월, 고품격 국악 브런치 콘서트가 시작됩니다!
국립국악관현악단 임재원 예술감독과 방송인 진양혜의 
사회로 더욱 풍성해진 '정오의 음악회'를 만나보세요!

@국립국악관현악단
2017.3.15/4.12/5.24/6.14",UCJ55axexMkXqp1Fgwvmdsgg,국립극장 National Theater of Korea,2017-03-02T07:55:15Z,21,0.35,True,275.0,2.0,0.0,https://www.youtube.com/watch?v=KHCl2tAK3w4,37700,1210,PF253947,"국립국악관현악단, 정오의 음악회 (4월)",한국음악(국악),국립극장 해오름극장,2025-04-10,2025-04-10,,,,shard_47,confirmed,"signal_scorer: verified->review 재검토 필요 (날짜 불일치 감지, 자동삭제 아님)",shorts
-LiX8EMqZXA,"매 달, 새로운 앙상블을 선보이는 국립국악관현악단 '정오의 음악회'!!","11월에는 가을과 잘 어울리는 대금과
25현 가야금, 타악이 어우러진 '역동Ⅱ'를 선보이는데요!
영상만봐도 넘나 기대가 됩니다^^
이제 단 두번밖에 남지 않은 2016년 '정오의 음악회'!!
많은 사랑 보내주세요^^
@국립국악관현악단
2016.11.9",UCJ55axexMkXqp1Fgwvmdsgg,국립극장 National Theater of Korea,2016-11-07T08:12:52Z,113,1.88,False,2464.0,33.0,1.0,https://www.youtube.com/watch?v=-LiX8EMqZXA,37700,1210,PF253947,"국립국악관현악단, 정오의 음악회 (4월)",한국음악(국악),국립극장 해오름극장,2025-04-10,2025-04-10,,,,shard_47,confirmed,"signal_scorer: verified->review 재검토 필요 (날짜 불일치 감지, 자동삭제 아님)",general
ygbrLYsv8dI,한 달에 한 번! 정오를 아름답게 만들어준 정오의 음악회!,"2016년 마지막 공연을 앞두고 있는데요~
이번 정오의 음악선물은 해금앙상블 '시르실'입니다+_+
국립국악관현악단 해금연주자들이
멋진 앙상블을 만들어가는 모습을 담아보았습니다^^

@국립국악관현악단
2016.12.28

#정오는_2017년에도_계속됩니다
#정오의_매력은_패키지",UCJ55axexMkXqp1Fgwvmdsgg,국립극장 National Theater of Korea,2016-12-23T08:09:46Z,114,1.9,False,301.0,1.0,0.0,https://www.youtube.com/watch?v=ygbrLYsv8dI,37700,1210,PF253947,"국립국악관현악단, 정오의 음악회 (4월)",한국음악(국악),국립극장 해오름극장,2025-04-10,2025-04-10,,,,shard_47,confirmed,"signal_scorer: verified->review 재검토 필요 (날짜 불일치 감지, 자동삭제 아님)",general
fdNSOC_fzQc,드디어! 이번주 정오의 음악회가 시작됩니다!!,"3월의 음악선물은 '사물장고를 위한 타령 1:낙서마방진'인데요~
여러분께 드릴 음악선물을 준비하고 있는
국립국악관현악단 연제호 단원의 모습을 담아 보았습니다
이번주 수요일 오전 11시!!
정오의 음악회 입니다

@국립국악관현악단
2017.3.15",UCJ55axexMkXqp1Fgwvmdsgg,국립극장 National Theater of Korea,2017-03-13T07:27:24Z,105,1.75,False,777.0,8.0,2.0,https://www.youtube.com/watch?v=fdNSOC_fzQc,37700,1210,PF253947,"국립국악관현악단, 정오의 음악회 (4월)",한국음악(국악),국립극장 해오름극장,2025-04-10,2025-04-10,,,,shard_47,confirmed,"signal_scorer: verified->review 재검토 필요 (날짜 불일치 감지, 자동삭제 아님)",general
yovgFctLH5k,[창작가곡] 파란장미,"[춘천시립합창단 특별공연 2025.07.03. 춘천; 문학을 노래하다2] 
상임지휘자 최상윤,   피아노 최한결

1부
파란장미 l  김빈 시,  박나리 곡

#한국합창 #춘천시립합창단 #작곡가박나리 #춘천시인김빈",UCTl5-8pnMWHZmLkHWyRr5oA,춘천시립예술단C. P. A. C,2025-08-05T06:47:01Z,230,3.83,False,1534.0,20.0,4.0,https://www.youtube.com/watch?v=yovgFctLH5k,347,42,PF249374,"춘천시립합창단 특별공연, 춘천; 문학을 노래하다",서양음악(클래식),춘천문화예술회관 공연장,2024-10-23,2024-10-23,,,,shard_47,confirmed,"signal_scorer: verified->review 재검토 필요 (날짜 불일치 감지, 자동삭제 아님)",general
mpCV2rGqlUw,[창작가곡] 그대 닮은 눈이 내려요,"[춘천시립합창단 특별공연 2025.07.03. 춘천; 문학을 노래하다2] 
상임지휘자 최상윤,   피아노 최한결

1부
그대 닮은 눈이 내려요  l  신준철 시,  최영림 곡

#한국합창 #춘천시립합창단 #작곡가최영림 #춘천시인신준철",UCTl5-8pnMWHZmLkHWyRr5oA,춘천시립예술단C. P. A. C,2025-08-05T06:45:05Z,235,3.92,False,349.0,12.0,1.0,https://www.youtube.com/watch?v=mpCV2rGqlUw,347,42,PF249374,"춘천시립합창단 특별공연, 춘천; 문학을 노래하다",서양음악(클래식),춘천문화예술회관 공연장,2024-10-23,2024-10-23,,,,shard_47,confirmed,"signal_scorer: verified->review 재검토 필요 (날짜 불일치 감지, 자동삭제 아님)",general
AyiF1rQYnX8,[창작가곡] 꽃잎은 흩날리고 시간은 날아가고,"[춘천시립합창단 특별공연 2025.07.03. 춘천; 문학을 노래하다2] 
상임지휘자 최상윤, 피아노 최한결

1부
꽃잎은 흩날리고 시간은 날아가고 l 탁운우 시, 전경숙 곡

#한국합창 #춘천시립합창단 #꽃잎은흩날리고시간은날아가고 #전경숙작곡가 #춘천시인탁운우",UCTl5-8pnMWHZmLkHWyRr5oA,춘천시립예술단C. P. A. C,2025-08-05T06:15:01Z,361,6.02,False,658.0,16.0,3.0,https://www.youtube.com/watch?v=AyiF1rQYnX8,347,42,PF249374,"춘천시립합창단 특별공연, 춘천; 문학을 노래하다",서양음악(클래식),춘천문화예술회관 공연장,2024-10-23,2024-10-23,,,,shard_47,confirmed,"signal_scorer: verified->review 재검토 필요 (날짜 불일치 감지, 자동삭제 아님)",general
g-DYqTEJEVI,[창작가곡] 망초꽃,"[춘천시립합창단 특별공연 2025.07.03. 춘천; 문학을 노래하다2] 
상임지휘자 최상윤,  피아노 최한결

1부
망초꽃  l  허시란 시,  박하얀 곡

#한국합창 #춘천시립합창단 #작곡가박하얀 #춘천시인허시란",UCTl5-8pnMWHZmLkHWyRr5oA,춘천시립예술단C. P. A. C,2025-08-05T06:50:19Z,245,4.08,False,1142.0,17.0,0.0,https://www.youtube.com/watch?v=g-DYqTEJEVI,347,42,PF249374,"춘천시립합창단 특별공연, 춘천; 문학을 노래하다",서양음악(클래식),춘천문화예술회관 공연장,2024-10-23,2024-10-23,,,,shard_47,confirmed,"signal_scorer: verified->review 재검토 필요 (날짜 불일치 감지, 자동삭제 아님)",general
HHcI1FlE4LM,창작칸타타 '홍길동전',"[춘천시립합창단 특별공연 2025.07.03. 춘천; 문학을 노래하다2] 
상임지휘자 최상윤 
피아노 김성현, 최한결
DK플레이어즈 (악장 정덕근)

2부
창작칸타타 '홍길동전'  l  강은구 작곡,  조정일 작사 및 각색 (김유정 소설 원작)  

#한국합창 #춘천시립합창단 #창작칸타타 #김유정 #홍길동전 #작곡가강은구 #작가조정일",UCTl5-8pnMWHZmLkHWyRr5oA,춘천시립예술단C. P. A. C,2025-08-20T03:34:40Z,825,13.75,False,378.0,13.0,0.0,https://www.youtube.com/watch?v=HHcI1FlE4LM,347,42,PF249374,"춘천시립합창단 특별공연, 춘천; 문학을 노래하다",서양음악(클래식),춘천문화예술회관 공연장,2024-10-23,2024-10-23,,,,shard_47,confirmed,"signal_scorer: verified->review 재검토 필요 (날짜 불일치 감지, 자동삭제 아님)",general
c5fjMhRRlM0,[📻렛미플라이] 사랑한다면 내게 우주를 줘요_Making film🚀,"🌕평범한 오늘 시작된 특별한 시간여행🌼

🕰노인 남원 | #김태한 #김도빈 #이형훈
🧁선희 | #방진의 #윤공주 #최수진
🧵청년 남원 | #안지환 #박보검 #신재범
🔭정분 | #나하나 #홍지희 #임예진

-
#뮤지컬_렛미플라이 
2023.9.26 - 12.10 #예스24스테이지_1관
#Musical #Let_me_fly",UC-2bJRRL0HTfiK1e2XZDgTA,뮤지컬 렛미플라이,2023-08-10T03:59:07Z,102,1.7,False,8657.0,435.0,27.0,https://www.youtube.com/watch?v=c5fjMhRRlM0,1050,29,PF248774,렛미플라이 [구미],뮤지컬,구미시문화예술회관 대공연장,2024-10-25,2024-10-26,,,,shard_48,confirmed,"signal_scorer: verified->review 재검토 필요 (날짜 불일치 감지, 자동삭제 아님)",general
cAbrXX0GM40,창원시립합창단 뮤지컬콘서트 레미제라블 제작영상,"창원시립합창단 183회정기연주회 
뮤지컬콘서트 레미제라블 

예술감독: 공기태 
연출: 김성경 
노래: 창원시립합창단 
연주: 창원시립교향악단 



2019.11.02.(Sat) 5PM 
성산아트홀 대극장 Sungsan Art Hall, Grand Theater",UCd6crvtNGmXMCFAD2ACxfpA,창원시립예술단,2019-10-29T01:21:42Z,336,5.6,False,1132.0,23.0,0.0,https://www.youtube.com/watch?v=cAbrXX0GM40,1470,174,PF260178,레미제라블 [춘천],연극,춘천문화예술회관 공연장,2025-04-25,2025-04-26,,,,shard_48,confirmed,"signal_scorer: verified->review 재검토 필요 (날짜 불일치 감지, 자동삭제 아님)",general
E85cV814kOo,"MsEGTV - 클라리넷 김나연, 인천시립교향악단기획연주회, 인천광역시","인천시립교향악단기획연주회.
클라리넷 김나연, 
제작방송 MsEGTV
www.msegtv.com
032/881-0450
2024 인천 영 아티스트 콘서트
INCHEON YOUNG ARTISTS CONCERT 2024
2024.2.16. FRI 7:30 PM
아트센터인천콘서트홀

클라리넷 김나연
• 이화경향공쿠르 1위, 음악춘추콩쿠르 1위, 한국 부페 크람퐁 콩쿠르 1위, 서울예술고등학교 교내 음악공쿠르 관악부문 1위, KCO전국음악콩쿠르 1위, 음악교육신문사공쿠르 1위, 음연콩쿠르 1위, 난파전국음악콩쿠르 1위 등 입상
• 신한 라이브클래식 독주회, 젊은이의 음악제, 
서울예고 교내음악콩쿠르 1위 입상자 연주회 연주
• 예원학교 졸업, 서울예고 수석입학 현재 홈스쿨링 중",UCk5LDv6mxJTzg0AXpM3Cz5g,MsEGTV,2024-03-07T11:31:19Z,1438,23.97,False,1179.0,16.0,1.0,https://www.youtube.com/watch?v=E85cV814kOo,2370,1257,PF281686,"인천시립교향악단 기획연주회, 인천 영 아티스트 콘서트",서양음악(클래식),인천문화예술회관 대공연장,2026-02-25,2026-02-25,,,,shard_48,confirmed,"signal_scorer: verified->review 재검토 필요 (날짜 불일치 감지, 자동삭제 아님)",general
ronOFoRo-n0,극단 걸판 뮤지컬 ‘헬렌 앤 미’ 프로필 촬영 현장(1/30),"극단 걸판 뮤지컬 ‘헬렌 앤 미’ 프로필 촬영 현장 (1/30)
장소 극단 걸판 스튜디오
촬영 및 편집 송영미

극단 걸판 
뮤지컬 ‘헬렌 앤 미’
3/9~4/7 (수,목 공연 없음)
대학로 예스24스테이지 3관

작연출 최현미 작편곡 박기태 조연출 정철
출연 송영미 원근영 도창선 최현미 유도겸 정문길 조은진 정경훈 김광일 이랑서 홍나현",UCrhE4tkz9K3qaYW5S7qND6w,극단걸판 - Theatre Company Gulpan,2019-02-06T10:52:51Z,297,4.95,False,1107.0,19.0,1.0,https://www.youtube.com/watch?v=ronOFoRo-n0,418,35,PF221314,헬렌 앤 미 [고양],뮤지컬,고양어울림누리 별모래극장,2023-09-16,2023-09-16,,,,shard_48,confirmed,"signal_scorer: verified->review 재검토 필요 (날짜 불일치 감지, 자동삭제 아님)",general
7d6QY42C_R8,"극단 걸판 뮤지컬 ‘헬렌 앤 미’ 커튼콜 (2019.04.13, 안산문화예술의전당 별무리극장)","극단 걸판 뮤지컬 ‘헬렌 앤 미’ 커튼콜 (2019.04.13)

헬렌 애덤스 켈러 - 송영미
앤 맨스필드 설리번 - 원근영
ME - 도창선, 조은진, 이랑서, 정경훈, 유도겸, 정문길, 최현미, 김광일

@ 안산문화예술의전당 별무리극장",UCFR_pNaB0pHQrXN-yDQJRMg,누노씨,2019-04-13T15:55:04Z,155,2.58,False,154.0,2.0,1.0,https://www.youtube.com/watch?v=7d6QY42C_R8,397,1019,PF221314,헬렌 앤 미 [고양],뮤지컬,고양어울림누리 별모래극장,2023-09-16,2023-09-16,,,,shard_48,confirmed,"signal_scorer: verified->review 재검토 필요 (날짜 불일치 감지, 자동삭제 아님)",general
J_8qLi3Q2LU,뮤지컬 금란방,"공연
금란방
금란방 2018 예매하기
평점8.8참여 (56명 참여) |100분|뮤지컬창작
기간
진행중  |  2018.12.18(화)~2018.12.30(일)
장소
서울 서초구, 예술의전당 자유소극장 길찾기
소개
술과 이야기와 장옷쟁탈 소동 금란방은 18세기 조선을 관통하는 두 가지 키워드, 금주령과 전기수라는 흥미로운 소재를 바탕으로 한다. 조선후기 최고의 유행은 소설 읽기였다. 하지만... 더보기",UCBxEpFIY62SG1BDU-lKiyHA,자유비행기,2018-12-24T16:33:55Z,240,4.0,False,242.0,3.0,0.0,https://www.youtube.com/watch?v=J_8qLi3Q2LU,1410,602,PF241790,금란방 [대전],뮤지컬,대전시립연정국악원 큰마당,2024-07-27,2024-07-27,,,,shard_49,confirmed,"signal_scorer: verified->review 재검토 필요 (날짜 불일치 감지, 자동삭제 아님)",general
-LiX8EMqZXA,"매 달, 새로운 앙상블을 선보이는 국립국악관현악단 '정오의 음악회'!!","11월에는 가을과 잘 어울리는 대금과
25현 가야금, 타악이 어우러진 '역동Ⅱ'를 선보이는데요!
영상만봐도 넘나 기대가 됩니다^^
이제 단 두번밖에 남지 않은 2016년 '정오의 음악회'!!
많은 사랑 보내주세요^^
@국립국악관현악단
2016.11.9",UCJ55axexMkXqp1Fgwvmdsgg,국립극장 National Theater of Korea,2016-11-07T08:12:52Z,113,1.88,False,2464.0,33.0,1.0,https://www.youtube.com/watch?v=-LiX8EMqZXA,37700,1210,PF269573,"국립국악관현악단, 정오의 음악회 (11월)",한국음악(국악),국립극장 해오름극장,2025-11-13,2025-11-13,,,,shard_49,confirmed,"signal_scorer: verified->review 재검토 필요 (날짜 불일치 감지, 자동삭제 아님)",general
fdNSOC_fzQc,드디어! 이번주 정오의 음악회가 시작됩니다!!,"3월의 음악선물은 '사물장고를 위한 타령 1:낙서마방진'인데요~
여러분께 드릴 음악선물을 준비하고 있는
국립국악관현악단 연제호 단원의 모습을 담아 보았습니다
이번주 수요일 오전 11시!!
정오의 음악회 입니다

@국립국악관현악단
2017.3.15",UCJ55axexMkXqp1Fgwvmdsgg,국립극장 National Theater of Korea,2017-03-13T07:27:24Z,105,1.75,False,777.0,8.0,2.0,https://www.youtube.com/watch?v=fdNSOC_fzQc,37700,1210,PF269573,"국립국악관현악단, 정오의 음악회 (11월)",한국음악(국악),국립극장 해오름극장,2025-11-13,2025-11-13,,,,shard_49,confirmed,"signal_scorer: verified->review 재검토 필요 (날짜 불일치 감지, 자동삭제 아님)",general
xHew0phWBQ8,국립국악관현악단 5월 정오의음악회 with 송소희,"국립국악관현악단이 선보이는 5월 정오의 음악회!!
국악작곡계의 거장 이해식의
'젊은이를 위한 춤-바람의 말'로 막을 열고
이달의 스타로 소녀 명창 송소희와 함께 합니다.
당신의 정오를 특별하게 만들어줄 음악회!

@해오름극장 2014.5.27 오전 11시",UCJ55axexMkXqp1Fgwvmdsgg,국립극장 National Theater of Korea,2014-05-11T07:32:11Z,37,0.62,True,1118.0,2.0,0.0,https://www.youtube.com/watch?v=xHew0phWBQ8,37700,1210,PF269573,"국립국악관현악단, 정오의 음악회 (11월)",한국음악(국악),국립극장 해오름극장,2025-11-13,2025-11-13,,,,shard_49,confirmed,"signal_scorer: verified->review 재검토 필요 (날짜 불일치 감지, 자동삭제 아님)",shorts
P1fg9WxRoeY,"한 달에 한 번, 특별한 정오를 선물합니다!","한 달에 한 번, 특별한 정오를 선물하는
국립국악관현악단의 '정오의 음악회'!!
이번 시즌부터는 더욱 특별한 정오의 음악선물을 준비하고 있는데요~
9월 '정오의 음악회'의 특별한 음악선물을 준비하는
국립국악관현악단 단원들의 모습을 담아 보았습니다~
9월 7일 오전 11시!!
해오름극장에서 이 모습을 직접 확인하세요^^
@국립국악관현악단
2016.9.7
#매달_기대되는_음악선물",UCJ55axexMkXqp1Fgwvmdsgg,국립극장 National Theater of Korea,2016-09-02T05:55:01Z,131,2.18,False,527.0,2.0,0.0,https://www.youtube.com/watch?v=P1fg9WxRoeY,37700,1210,PF269573,"국립국악관현악단, 정오의 음악회 (11월)",한국음악(국악),국립극장 해오름극장,2025-11-13,2025-11-13,,,,shard_49,confirmed,"signal_scorer: verified->review 재검토 필요 (날짜 불일치 감지, 자동삭제 아님)",general
IM3jM--ubAU,#국악인 송소희#김준수#서울시민청 개관7주년기념공연#전통음악 시민청 예술가 하루팀,"2020-1-11오후1시40분 서울 시민청 개관7주년 기념공연 행사
많은 시민이 함께하였읍니다.
국악인 송소희,김준수,두번째달,시민청 예술가 하루팀 공연",UCWpKNoOOb9lk48zUj-TFJTQ,Hi금보라 채널,2020-01-12T02:53:22Z,5194,86.57,False,7499.0,309.0,30.0,https://www.youtube.com/watch?v=IM3jM--ubAU,33700,534,PF291006,송소희 Χ 두번째달 Χ 김준수: 모던민요 [인제],한국음악(국악),인제하늘내린센터 대공연장,2026-05-23,2026-05-23,,,,shard_49,confirmed,"signal_scorer: verified->review 재검토 필요 (날짜 불일치 감지, 자동삭제 아님)",general
mjx2LMCQo94,[History of KNB Movement Series 2 하이라이트 영상],"안무가 발굴과 레퍼토리 확립을 위한 끊임없는 노력,
개관 27년을 맞은 국립정동극장과
창단 60주년을 맞은 국립발레단의 협업 프로젝트
[History of KNB Movement Series 2]

국립발레단 무용수들의 끝없는 도전, 
관객의 뜨거운 관심으로 이어온 [KNB Movement Series]
그 두 번째 베스트 컬렉션이 국립정동극장에서 펼쳐진다!!

2022.05.21(토)~05.22(일) 14:00
국립정동극장",UCqXxaAUCdtML1POvdp3Zm1w,Korean National Ballet,2022-05-18T08:15:58Z,85,1.42,False,3340.0,86.0,2.0,https://www.youtube.com/watch?v=mjx2LMCQo94,24100,227,PF269156,"국립발레단, History of KNB Movement Series 3",무용(서양/한국무용),예술의전당 [서울] 자유소극장,2025-08-29,2025-08-31,,,,shard_49,confirmed,"signal_scorer: verified->review 재검토 필요 (날짜 불일치 감지, 자동삭제 아님)",general
Ls_rvAIBpEw,MUSICAL 뮤지컬 마리 퀴리 프레스콜 질의응답 1 - 리사/정인지/김소향/김히어라/이봄소리/김지휘/임별/양승리/김찬호/김아영/이예지/장민수/주다온/조훈,"*프레스콜 사진 촬영 가능

2020/2/13
K-MUSICAL 뮤지컬 마리 퀴리 프레스콜
질의응답 1
김태형/천세은/최종윤
리사/정인지/김소향/김히어라/이봄소리/김지휘/임별/양승리/김찬호/김아영/이예지/장민수/주다온/조훈
충무아트센터 중극장 블랙",UC6_8FcuWvXfxpH0Y9mLbQLQ,j,2020-02-17T19:18:15Z,571,9.52,False,192.0,9.0,0.0,https://www.youtube.com/watch?v=Ls_rvAIBpEw,1390,2342,PF234507,마리 퀴리 [광주],뮤지컬,광주 예술의 전당 대극장,2024-03-02,2024-03-03,,,,shard_5,confirmed,"signal_scorer: verified->review 재검토 필요 (날짜 불일치 감지, 자동삭제 아님)",general
RrfeOV1yMhc,새로운 춤의 공존을 선보이는 무대ㅣ국립현대무용단〈인잇: 보이지 않는 것〉ㅣ3.21-23ㅣ예술의전당 CJ 토월극장,"무대 위 무용수의 움직임과 무대와의 결합,
그 모든 '보이는 것'을 통해 보는 '보이지 않는 것(unseen)'

국립현대무용단 DMAU 프로젝트 〈인잇: 보이지 않는 것〉은
의식과 무의식을 넘나드는 춤, 새로운 춤의 공존을 선보입니다.

🎫 조기예매 할인 30% [~2.28]
⚡️ R석 50,000원 → 35,000원
⚡️ S석 30,000원 → 21,000원
⚡️ A석 20,000원 → 14,000원

- 예술의전당 https://m.site.naver.com/1BUEg
- 인터파크 https://m.site.naver.com/1BUEC
-
국립현대무용단 DMAU 프로젝트
〈인잇: 보이지 않는 것〉
2025.3.21(금)-23(일)
금 7:30PM, 토·일 3PM
예술의전당 CJ 토월극장

안무ㅣ김성용
연습감독ㅣ위보라
음악감독ㅣ유지완
드라마투르그ㅣ사코 카나코
무대디자인ㅣ유재헌
의상디자인ㅣ최인숙
조명디자인ㅣ이정윤
제작무대감독ㅣ조윤근
연습통역ㅣ김민정
프로세서ㅣ강승현, 김나의, 누트나파 소이달라, 바이 리 비그만스, 조셉 추아, 응우옌 하 록, 제이슨 옙, 창걸한

#국립현대무용단 #인잇 #보이지않는것",UCuUSzI66j6gjw0HmCUMpbcA,Korea National Contemporary Dance Company,2025-02-27T04:44:30Z,32,0.53,True,30722.0,15.0,3.0,https://www.youtube.com/watch?v=RrfeOV1yMhc,20400,549,PF230611,"국립현대무용단, 인잇",무용(서양/한국무용),국립극장 해오름극장,2024-06-07,2024-06-09,,,,shard_5,confirmed,"signal_scorer: verified->review 재검토 필요 (날짜 불일치 감지, 자동삭제 아님)",shorts
65zcpBmKVgg,새로운 춤의 공존ㅣ국립현대무용단〈인잇: 보이지 않는 것〉ㅣ3.21-23ㅣ예술의전당 CJ 토월극장,"무대 위 무용수의 움직임과 무대와의 결합,
그 모든 '보이는 것'을 통해 보는 '보이지 않는 것(unseen)'

국립현대무용단 DMAU 프로젝트 〈인잇: 보이지 않는 것〉은
의식과 무의식을 넘나드는 춤, 새로운 춤의 공존을 선보입니다.

🎫 조기예매 할인 30% [~2.28]
⚡️ R석 50,000원 → 35,000원
⚡️ S석 30,000원 → 21,000원
⚡️ A석 20,000원 → 14,000원

예술의전당 https://m.site.naver.com/1BUEg
인터파크 https://m.site.naver.com/1BUEC
-
국립현대무용단 DMAU 프로젝트
〈인잇: 보이지 않는 것〉
2025.3.21(금)-23(일)
금 7:30PM, 토·일 3PM
예술의전당 CJ 토월극장

안무ㅣ김성용
연습감독ㅣ위보라
음악감독ㅣ유지완
드라마투르그ㅣ사코 카나코
무대디자인ㅣ유재헌
의상디자인ㅣ최인숙
조명디자인ㅣ이정윤
제작무대감독ㅣ조윤근
연습통역ㅣ김민정
프로세서ㅣ강승현, 김나의, 누트나파 소이달라, 바이 리 비그만스, 조셉 추아, 응우옌 하 록, 제이슨 옙, 창걸한

#국립현대무용단 #인잇 #보이지않는것",UCuUSzI66j6gjw0HmCUMpbcA,Korea National Contemporary Dance Company,2025-02-28T06:11:01Z,33,0.55,True,52519.0,469.0,0.0,https://www.youtube.com/watch?v=65zcpBmKVgg,20400,549,PF230611,"국립현대무용단, 인잇",무용(서양/한국무용),국립극장 해오름극장,2024-06-07,2024-06-09,,,,shard_5,confirmed,"signal_scorer: verified->review 재검토 필요 (날짜 불일치 감지, 자동삭제 아님)",shorts
2jRBNb0RcHM,2023.03.14 해설이 있는 전막발레 돈키호테 - 공주,"2023.03.14 
해설이 있는 전막발레 돈키호테 - 공주
카트리 조연재
바질 김기완",UCJJlWD4Q2eKe2oXh-2DbgkA,가루tv,2023-04-15T12:48:37Z,15,0.25,True,679.0,3.0,0.0,https://www.youtube.com/watch?v=2jRBNb0RcHM,546,212,PF275794,해설이 있는 발레: 해적 [광주],무용(서양/한국무용),광산문화예술회관 공연장,2025-10-25,2025-10-25,,,,shard_5,confirmed,"signal_scorer: verified->review 재검토 필요 (날짜 불일치 감지, 자동삭제 아님)",shorts
ieevnIRwjdE,"국립발레단 해적 | Korean National Ballet, 3.15 Art Center, Changwon","[TEASER] 3·15아트센터 개관 15주년의 해
국립발레단 『해설이 있는 전막발레 해적』

현재에 충실하지만 새로운 것에 대한
호기심이 많은 [메도라]
✔ 박예은 수석무용수

자유와 낭만을 위해서라면
무엇이든 할 수 있는 이상주의자! [콘라드]
✔ 하지석 솔리스트

콘라드의 해적단에 합류하여
자유를 되찾는 절의의 화신! [알리]
✔ 양준영 코르 드 발레 무용수

박진감 넘치는 빠른 전개와
다채로운 캐릭터를 만나 볼 수 있는
가정의 달 최고의 공연 선물!

5월 31일 수요일 오후 7시
3.15아트센터 대극장에서 만나보세요!

[공연 정보]
◻ 국립발레단 『해설이 있는 전막발레 해적』
◻ 2023.5.31.(수) 오후 7시
◻ 3.15아트센터 대극장
◻ 러닝타임 70분 (인터미션 없음)
◻ VIP석 4만원 / R석 3만원 / S석 2만원
◻ 5세이상 관람가
◻ 창원문화재단 홈페이지 예매
　　↳ www.cwcf.or.kr

※본 공연은 사업비 일부를 문예진흥기금으로 지원받아 진행되는 사업입니다. 「문예회관과 함께하는 방방곡곡 문화공감」은 한국문화예술회관연합회가 주최하여 전국의 문화예술회관에서 지역주민을 위한 문화예술 프로그램을 지원하고 있습니다.

#창원문화재단 #315아트센터 #국립발레단 #해설이있는전막발레 #해적 #국립발레단해적 #창원공연 #마산공연 #발레공연 #방방곡곡문화공감",UCq9AOoviakvkpZ36sZmUmsg,창원문화재단,2023-05-12T06:29:27Z,21,0.35,True,188.0,0.0,0.0,https://www.youtube.com/watch?v=ieevnIRwjdE,334,73,PF275794,해설이 있는 발레: 해적 [광주],무용(서양/한국무용),광산문화예술회관 공연장,2025-10-25,2025-10-25,,,,shard_5,confirmed,"signal_scorer: verified->review 재검토 필요 (날짜 불일치 감지, 자동삭제 아님)",shorts
o_GybTW4tZA,"국립창극단 송년음악회 ""어질더질"" 커튼콜 - 창극 ""베니스의 상인"" 희망가 눈대목","2025년 한 해를 보내는 마지막 날. 2025.12.31. 저녁. 
국립해오름극장에서 국립창극단의 송년음악회 ""어질더질""이 2025년의 마지막 무대를 장식했습니다. 
국립창극단의 멋진 공연을 종합선물세트처럼 하이라이트를 모아서 보여주는 공연이었는데, 사랑, 운명, 해학, 악, 비극, 우정과 희망으로 나누어 사랑에는 ""변강쇠 점찍고 옹녀"", ""춘향"", 운명에는 ""만신:페이퍼샤먼"", ""트로이의 여인들"" 등의 무대 한 폭을 보여주었습니다. 커튼콜에서는 베니스의 상인의 한 대목을 불러주셨습니다. 
봤던 공연은 추억을 불러 일으키고, 보고 싶었으나 못 본 공연은 아쉬움을 달래주었고, 몰랐던 공연은 알게 되는 시간이었습니다. 

그리고 국립창극단을 떠나는 단원들의 인사가 있었습니다. 소리꾼 김준수, 유태평양의 국립창극단원으로서의 마지막 무대이기도 했습니다. 단원들 간에 그리고 배우님과 관객 간의 작별도 더해진 시간이었습니다.
  
#국립창극단 #송년음악회 #국립해오름극장",UCoTf8mmT15FddG21TisQGvw,lalawin,2026-06-04T08:10:04Z,75,1.25,False,109.0,0.0,0.0,https://www.youtube.com/watch?v=o_GybTW4tZA,1820,477,PF245446,"국립창극단, 송년음악회: 어질더질",한국음악(국악),국립극장 달오름극장,2024-12-27,2024-12-27,,,,shard_5,confirmed,"signal_scorer: verified->review 재검토 필요 (날짜 불일치 감지, 자동삭제 아님)",shorts
BW1s0HH7gWo,몰래_들여다본_연습실 📸 | 세종문화회관 서울시합창단 #가곡시대,"몰래_들여다본_연습실 📸

단원의 연습장면을 살포시 담아봤어요 ..! 
아름다운 선율의 이 곡은 
이번 ‘가곡시대’에서 만나실 수 있답니다 💁🏻

노래 ⎮ 시소타기 (노영심 시 ・ 곡)

※ 「쁘띠 콘서트」 는 서울시합창단 단원들의 독·중창 무대를 즐기실 수 있는 공연입니다.

-
쁘띠 콘서트 ‘가곡시대’
📍일시 ⎮ 2023.6.22(목)-23(금) 19:30
📍장소 ⎮ 세종체임버홀
📍출연 ⎮ 해설 이금희, 연주 서울시합창단
📍할인 ⎮ 경로우대, 학생할인 50% 등
📍예매 ⎮ 세종문화티켓 02-399-1000",UC-VVnfNqX0wMSCmJMSNhKMw,서울시합창단 SEOUL METROPOLITAN CHORUS,2023-06-10T04:05:03Z,46,0.77,True,950.0,14.0,1.0,https://www.youtube.com/watch?v=BW1s0HH7gWo,2150,205,PF278595,"서울시합창단, 가곡시대 [부산]",서양음악(클래식),부산콘서트홀 챔버홀,2025-11-22,2025-11-22,,,,shard_5,confirmed,"signal_scorer: verified->review 재검토 필요 (날짜 불일치 감지, 자동삭제 아님)",shorts
LJ0l4qEXP1k,부산시립소년소녀합창단 특별연주회 Friendly Concert 월드비전선명회합창단 2016,"부산시립소년소녀합창단 Friendly Concert (2016.2.25) 
지휘자:이건륜
반주자:이영옥
안무지도자:노금선
합창지도자:김양자

월드비전선명회합창단   지휘:김수현
영도청소년합창단  지휘:나준영",UCsE0W_lfOfKre3G0VjUcytA,이건륜,2016-03-21T05:46:18Z,3923,65.38,False,5614.0,51.0,2.0,https://www.youtube.com/watch?v=LJ0l4qEXP1k,614,200,PF236542,부산시립소년소녀합창단 특별연주회: Friendly Concert,서양음악(클래식),부산문화회관 중극장,2024-03-30,2024-03-30,,,,shard_5,confirmed,"signal_scorer: verified->review 재검토 필요 (날짜 불일치 감지, 자동삭제 아님)",general
vWd2rRpoGIc,"[2026 정선 여행 AI 영상 광고 공모전] 여기가 어디더냐? 정선이오, 얼쑤!","본 영상은 조선시대 선비가 현대의 정선으로 타임슬립해 정선의 여러 곳을 신나게 즐기는 과정을 한 편의 뮤지컬로 AI 기술을 활용하여 제작하였습니다.

#정선ai공모전 #정선여행 #정선5일장 #정선

AI Tool : Flow Veo 3.1 / Kling 3.0 / Gemini / Google Vids
Production Date : 2026.5.29",UCOcl1f46TcfXyl2LfWw7yQg,얼쑤야,2026-05-29T10:53:46Z,60,1.0,True,197.0,4.0,2.0,https://www.youtube.com/watch?v=vWd2rRpoGIc,1,1,PF242999,얼쑤 [정선],뮤지컬,정선아리랑센터 아리랑홀,2024-06-21,2024-06-21,,,,shard_5,confirmed,"signal_scorer: verified->review 재검토 필요 (날짜 불일치 감지, 자동삭제 아님)",shorts
F9WV_CEpOBE,✊️이만해요?? 조심해요 손👋,#정선 #정선가볼만한곳 #미스트롯 #정다경노래 #정다경 #정다경신곡  #정다경뉴스 #정다경공연 #정다경유튜브 #정다경노래모음 #직캠  #행사 #여행 #가수 #아이돌 #축제 #트로트 #트로트가수 #idol  #teuroteu #fancam #festival #singer #어게인 #가창 #가창력 #초근접 #근접촬영 #촬영 #이쁘고 #잘하죠 #응원 #뜨거운 #함성 #열정 #정다경약속 #정다경현역가왕 #메들리 #메들리모음 #사과 #감홍 #하늬바람 #아름다운강산 #좋습니다 #여자는꽃이랍니다 #얼쑤 #사랑아 #노출 #바람 #사고 #주먹 #조심 #조심하세요 #조심조심,UC4oLxF8lomWCPzABmx13ONA,몽실일상,2024-11-11T23:12:08Z,26,0.43,True,71545.0,542.0,20.0,https://www.youtube.com/watch?v=F9WV_CEpOBE,6470,528,PF242999,얼쑤 [정선],뮤지컬,정선아리랑센터 아리랑홀,2024-06-21,2024-06-21,,,,shard_5,confirmed,"signal_scorer: verified->review 재검토 필요 (날짜 불일치 감지, 자동삭제 아님)",shorts
Ann5KJ60n0o,정다경_얼쑤,#정선 #정선가볼만한곳 #미스트롯 #정다경노래 #정다경 #정다경신곡  #정다경뉴스 #정다경공연 #정다경유튜브 #정다경노래모음 #직캠  #행사 #여행 #가수 #아이돌 #축제 #트로트 #트로트가수 #idol  #teuroteu #fancam #festival #singer #어게인 #가창 #가창력 #초근접 #근접촬영 #촬영 #이쁘고 #잘하죠 #응원 #뜨거운 #함성 #열정 #정다경약속 #정다경현역가왕 #메들리 #메들리모음 #사과 #감홍 #하늬바람 #아름다운강산 #좋습니다 #여자는꽃이랍니다 #얼쑤,UC4oLxF8lomWCPzABmx13ONA,몽실일상,2024-11-05T11:09:32Z,60,1.0,True,2279.0,28.0,2.0,https://www.youtube.com/watch?v=Ann5KJ60n0o,6470,528,PF242999,얼쑤 [정선],뮤지컬,정선아리랑센터 아리랑홀,2024-06-21,2024-06-21,,,,shard_5,confirmed,"signal_scorer: verified->review 재검토 필요 (날짜 불일치 감지, 자동삭제 아님)",shorts
OfUwqR3pUd8,정다경_#하늬바람 #아름다운강산 #좋습니다 #여자는꽃이랍니다 #얼쑤 #사랑아,#정선 #정선가볼만한곳 #미스트롯 #정다경노래 #정다경 #정다경신곡  #정다경뉴스 #정다경공연 #정다경유튜브 #정다경노래모음 #직캠  #행사 #여행 #가수 #아이돌 #축제 #트로트 #트로트가수 #idol  #teuroteu #fancam #festival #singer #어게인 #가창 #가창력 #초근접 #근접촬영 #촬영 #이쁘고 #잘하죠 #응원 #뜨거운 #함성 #열정 #정다경약속 #정다경현역가왕 #메들리 #메들리모음 #사과 #감홍 #하늬바람 #아름다운강산 #좋습니다 #여자는꽃이랍니다 #얼쑤 #사랑아,UC4oLxF8lomWCPzABmx13ONA,몽실일상,2024-11-05T11:46:30Z,1120,18.67,False,5447.0,62.0,9.0,https://www.youtube.com/watch?v=OfUwqR3pUd8,6470,528,PF242999,얼쑤 [정선],뮤지컬,정선아리랑센터 아리랑홀,2024-06-21,2024-06-21,,,,shard_5,confirmed,"signal_scorer: verified->review 재검토 필요 (날짜 불일치 감지, 자동삭제 아님)",general
TlVgX1gdQ9w,앵콜에 신난 정다경♡♡,#정선 #정선가볼만한곳 #미스트롯 #정다경노래 #정다경 #정다경신곡  #정다경뉴스 #정다경공연 #정다경유튜브 #정다경노래모음 #직캠  #행사 #여행 #가수 #아이돌 #축제 #트로트 #트로트가수 #idol  #teuroteu #fancam #festival #singer #어게인 #가창 #가창력 #초근접 #근접촬영 #촬영 #이쁘고 #잘하죠 #응원 #뜨거운 #함성 #열정 #정다경약속 #정다경현역가왕 #메들리 #메들리모음 #사과 #감홍 #하늬바람 #아름다운강산 #좋습니다 #여자는꽃이랍니다 #얼쑤 #사랑아 #노출 #바람 #사고,UC4oLxF8lomWCPzABmx13ONA,몽실일상,2024-11-11T14:12:00Z,60,1.0,True,8991.0,158.0,8.0,https://www.youtube.com/watch?v=TlVgX1gdQ9w,6470,528,PF242999,얼쑤 [정선],뮤지컬,정선아리랑센터 아리랑홀,2024-06-21,2024-06-21,,,,shard_5,confirmed,"signal_scorer: verified->review 재검토 필요 (날짜 불일치 감지, 자동삭제 아님)",shorts
cD7d9JAycE0,"A. Dvorak - Woodwind Quintet in F Major 1,4 mv. (from String Quartet Op.96 American)","부산시립청소년교향악단 특별연주회
유망주음악회 ‘WITH’
2022.07.30


Cabrette Woodwind Quintet / 까브레뜨 목관5중주

Fl. 강재현
Ob. 이재민
Cla. 변창현
Fg. 김가원
Hn. 성지은",UC6W3MWvx8Jcwpn3kuiqmOFQ,변창현,2022-08-24T23:21:10Z,752,12.53,False,1212.0,12.0,0.0,https://www.youtube.com/watch?v=cD7d9JAycE0,21,4,PF265800,"부산시립청소년교향악단 특별연주회, 유망주음악회",서양음악(클래식),부산문화회관 챔버홀,2025-06-14,2025-06-14,,,,shard_5,confirmed,"signal_scorer: verified->review 재검토 필요 (날짜 불일치 감지, 자동삭제 아님)",general
9WlexIKdvpY,국립발레단 안무가 육성 프로젝트 'KNB Movement Series 4' 인터뷰,"안무가 육성을 위한 국립발레단의 도전 'KNB 무브먼트 시리즈 4'!
지난 오디션에서 이미 뜨거운 여름을 맞이한 8명의 안무가.
그들이 무대를 통해 전하고 싶은 메시지는 무엇일까요?
KNB 무브먼트 시리즈 4의 오디션 현장에서 그들의 살아 숨쉬는 열정을 지금 확인하세요.

'KNB Movement Series 4'
2018.8.4(토)~8.5(일) 15:00
강동아트센터 소극장 드림",UCqXxaAUCdtML1POvdp3Zm1w,Korean National Ballet,2018-07-13T00:33:47Z,200,3.33,False,2697.0,20.0,2.0,https://www.youtube.com/watch?v=9WlexIKdvpY,24100,227,PF230624,"국립발레단, KNB Movement Series 9",무용(서양/한국무용),국립극장 하늘극장,2024-06-22,2024-06-23,,,,shard_50,confirmed,"signal_scorer: verified->review 재검토 필요 (날짜 불일치 감지, 자동삭제 아님)",general
LcOjELHiuMY,국립발레단 안무가 육성프로젝트 'KNB Movement Series 3' 홍보영상,"올해로 3회를 맞이한 'KNB Movement Series 3'는 국립발레단 무용수들이 직접 안무한 작품을 선보이는 장으로 무용수들의 잠재적 안무 능력을 발굴하여 안무가로 성장할 수 있도록 지원하고 육성하는 프로그램이다. 지난 2년간 '빈집',  '오감도', '요동치다'를 비롯해 에서 발굴된 여러 작품이 국립발레단의 새로운 레퍼토리로서 관객의 큰 사랑을 받았다. 해를 거듭하며 더욱 다양하고 발전된 작품을 선보이고 있는 는 무용계에 신선한 반향을 불러일으키고 있다.
올해는 국립발레단 수석무용수 이영철, 솔리스트 송정빈, 배민순, 박나리가 새로운 작품으로 관객을 만나볼 예정이다.

일시: 2017. 8.12 ~8.13(일)
장소: 예술의전당 CJ 토월극장",UCqXxaAUCdtML1POvdp3Zm1w,Korean National Ballet,2017-08-05T06:58:20Z,169,2.82,False,2127.0,13.0,1.0,https://www.youtube.com/watch?v=LcOjELHiuMY,24100,227,PF230624,"국립발레단, KNB Movement Series 9",무용(서양/한국무용),국립극장 하늘극장,2024-06-22,2024-06-23,,,,shard_50,confirmed,"signal_scorer: verified->review 재검토 필요 (날짜 불일치 감지, 자동삭제 아님)",general
iU1xqrrtIj4,국립발레단 KNB Movement Series 4 오디션 현장 스케치&인터뷰,"안무가 육성을 위한 국립발레단의 도전 'KNB 무브먼트 시리즈 4'!
지난 오디션에서 이미 뜨거운 여름을 맞이한 8명의 안무가.
그들이 무대를 통해 전하고 싶은 메시지는 무엇일까요?
KNB 무브먼트 시리즈 4의 오디션 현장에서 그들의 살아 숨쉬는 열정을 지금 확인하세요.

'KNB Movement Series 4'
2018.8.4(토)~8.5(일) 15:00
강동아트센터 소극장 드림",UCqXxaAUCdtML1POvdp3Zm1w,Korean National Ballet,2018-07-13T01:50:24Z,301,5.02,False,5485.0,31.0,0.0,https://www.youtube.com/watch?v=iU1xqrrtIj4,24100,227,PF230624,"국립발레단, KNB Movement Series 9",무용(서양/한국무용),국립극장 하늘극장,2024-06-22,2024-06-23,,,,shard_50,confirmed,"signal_scorer: verified->review 재검토 필요 (날짜 불일치 감지, 자동삭제 아님)",general
SzTNdIFYgPI,레미제라블 'Les Miserables' OST Medley (Orchestra ver.),"부산의치대관현악단 제43회 정기연주회
(PNU  Medical & Dental Orchestra 43th Concert)

일시: 2015.8.15.토
장소: 부산문화회관 중극장
지휘자: 김상철

 'Les Miserables' OST Medley (Orchestra ver.)",UCho2kTk1b6bI5LBPiQKPUeA,부산의치대관현악단,2018-09-09T09:40:56Z,440,7.33,False,1843.0,11.0,,https://www.youtube.com/watch?v=SzTNdIFYgPI,385,183,PF265414,레미제라블 [부산],무용(서양/한국무용),동래문화회관 대극장,2025-06-21,2025-06-21,,,,shard_50,confirmed,"signal_scorer: verified->review 재검토 필요 (날짜 불일치 감지, 자동삭제 아님)",general
UQw3eIyhEaQ,2021.12.04 프랑스 오리지널 뮤지컬 콘서트 앙코르 in 부산 - 레미제라블 민중의 노래,"2021.12.04
프랑스 오리지널 뮤지컬 콘서트
앙코르(Encore) : 그래, 다시 한번
in 부산 벡스코 오디토리움
낮공연 커튼콜 & 앵콜곡
레미제라블 - 민중의 노래",UC4EpejvmGzIOoDrv4ryMZjg,mijin hwang,2021-12-13T12:35:23Z,141,2.35,False,134.0,2.0,0.0,https://www.youtube.com/watch?v=UQw3eIyhEaQ,176,58,PF265414,레미제라블 [부산],무용(서양/한국무용),동래문화회관 대극장,2025-06-21,2025-06-21,,,,shard_50,confirmed,"signal_scorer: verified->review 재검토 필요 (날짜 불일치 감지, 자동삭제 아님)",general
dLWUCF7b3No,[국악 MV] 엇! - 첼로가야금 | 국악한마당 | KBS 방송,"엇!
첼로/ 김솔다니엘
가야금/ 윤다영

국악한마당 1423회 2022.09.24(토) 방송
✔촬영 장소 :  전북 군산시 팔마예술공간

#첼로가야금 #팔마예술공간 #국악뮤비 #뮤직비디오
　
🔗공식 링크 https://linktr.ee/KBSJJ",UCpzc0K6Y6AxQq9m3dPtQWXw,KBS전주,2022-10-01T09:30:09Z,268,4.47,False,930.0,,0.0,https://www.youtube.com/watch?v=dLWUCF7b3No,563000,11261,PF248468,첼로가야금 [양주],복합,양주문화예술회관 소공연장,2024-09-21,2024-09-21,,,,shard_50,confirmed,"signal_scorer: verified->review 재검토 필요 (날짜 불일치 감지, 자동삭제 아님)",general
0-eaJqG3wN4,성남아트센터  뮤지컬 금강 & 가족오페라 헨젤과 그레텔 홍보영상,"뮤지컬 금강 : 2017-12-23 ~ 2017-12-26
가족오페라 헨젤과 그레텔 : 2017-12-21 ~ 2017-12-25",UC3lVzrafVONyPmQTAjfOFFQ,성남문화재단,2017-11-01T04:40:20Z,21,0.35,True,438.0,0.0,0.0,https://www.youtube.com/watch?v=0-eaJqG3wN4,11000,1068,PF244179,헨젤과 그레텔 [부산],무용(서양/한국무용),금정문화회관 대공연장(금빛누리홀),2024-08-17,2024-08-17,,,,shard_50,confirmed,"signal_scorer: verified->review 재검토 필요 (날짜 불일치 감지, 자동삭제 아님)",shorts
C4acmySesmk,병주가 심취한 오페라: 헨젤과 그레텔,2008.12.27,UCE_0OVHQdKxDWsAzwi0_ICg,Raven Kang,2008-12-30T13:53:27Z,31,0.52,True,1306.0,0.0,0.0,https://www.youtube.com/watch?v=C4acmySesmk,44,214,PF244179,헨젤과 그레텔 [부산],무용(서양/한국무용),금정문화회관 대공연장(금빛누리홀),2024-08-17,2024-08-17,,,,shard_50,confirmed,"signal_scorer: verified->review 재검토 필요 (날짜 불일치 감지, 자동삭제 아님)",shorts
0WBtWdK4A74,베토벤 - 피아노 협주곡 제5번 내림마장조 '황제' (L. v. Beethoven - Piano Concerto No. 5 in E♭ Major 'Emperor'),"코리안심포니오케스트라 '왕의 두 얼굴' (2021.7.9​) 

지휘 Conductor | 미하일 아그레스트 Mikhail Agrest
피아노 Pianist | 손민수 Minsoo Sohn
연주 Orchestra | 코리안심포니오케스트라 Korean Symphony Orchestra

00:00 베토벤, 피아노 협주곡 제5번 내림마장조 Op. 73 '황제'
L. v. Beethoven, Piano Concerto No. 5 in E♭ Major, Op. 73 'Emperor'

02:19 Ⅰ Allegro
23:19 Ⅱ Adagio un poco mosso
31:12 Ⅲ Rondo: Allegro ma non troppo

-쇼스타코비치, 교향곡 제10번 마단조 Op. 93
D. Shostakovich, Symphony No. 10 in e minor, Op. 93
 * 저작권상의 이유로 다시보기 제공이 어려운 점 양해 부탁드립니다. 

👉 국립심포니오케스트라 바로가기
- 홈페이지 https://bit.ly/3jOih2l
- 페이스북 https://url.kr/4omrk1
- 인스타그램 https://url.kr/c5xtdn
- 카카오톡 친구 https://url.kr/n1wytg",UCoMo9mcWR5f_pPjdbacLaIw,국립심포니오케스트라,2021-11-23T01:42:59Z,3003,50.05,False,150338.0,3093.0,231.0,https://www.youtube.com/watch?v=0WBtWdK4A74,49700,832,PF232741,"국립심포니오케스트라: 음악의 얼굴 쇼스타코비치, 교향곡 5번",서양음악(클래식),예술의전당 [서울] 콘서트홀,2024-09-26,2024-09-26,,,,shard_51,confirmed,"signal_scorer: verified->review 재검토 필요 (날짜 불일치 감지, 자동삭제 아님)",general
X3UroHyPStU,"한글날을 물들인 세종,1446 뮤지컬 콘서트 무대로 돌아오다! 넘버 미리보기_ ""세종, 전해운 - 붉게 타올라""","""간의, 간의가 불탄다!!""

붉게 타올라, 산산이 부서진다, 조각나 사라진다.
간의, 명나라 사신에게 보여야만 했던 간의는
그토록 꿈꾸던 조선을 망칠 기회
그토록 바라던 조선의 시간을 세울 기회
이 모든 기회가, 이 모든 꿈이 
어이없이, 남김없이
재가 되어 흩날린다.

이리 쉽게 부서지는 꿈이었던가.

========================= 

자주적인 조선을 세우려는 세종대왕과
사라진 영광을 되찾으려는 전해운
그들의 끝없는 대립의 절정!

한글날 전국을 뒤흔든 온라인 생중계
단 이틀! 실제 무대에서 여러분과 만납니다.

'세종, 1446 뮤지컬 콘서트 - 더불어 노래하다'
2020.11.29-30 블루스퀘어 아이마켓홀

** 예매 바로가기 ****
인터파크 https://bit.ly/2IvYq8Q
YES24 https://bit.ly/2IvDOO3
★전국민 문화지원 소소티켓 할인쿠폰 적용★",UClLG9y3eTOiP59_tsgcwzHg,HJ컬쳐,2020-11-11T11:54:11Z,90,1.5,False,1451.0,60.0,2.0,https://www.youtube.com/watch?v=X3UroHyPStU,6320,733,PF265275,세종 1446 [안동],뮤지컬,안동문화예술의전당 웅부홀,2025-11-21,2025-11-22,,,,shard_51,confirmed,"signal_scorer: verified->review 재검토 필요 (날짜 불일치 감지, 자동삭제 아님)",general
NX0O1xjGnBE,안산문화예술의전당 기획공연 D-DAY #셋로그 #shorts,"안산문화예술의전당 기획공연 D-DAY 셋로그!

ASAC 연극 화류비련극 '홍도' 관람일,
안산문화예술의전당 무대감독, 하우스 매니저, 기획 PD는
이런 하루를 보냈답니다!

#안산문화예술의전당 #ASAC #브이로그 #공연",UCjxPmaqCe3ZloW4_otBVMPQ,안산문화예술의전당'아삭TV',2026-05-29T00:25:03Z,35,0.58,True,324.0,0.0,0.0,https://www.youtube.com/watch?v=NX0O1xjGnBE,339,149,PF287626,"ASAC 연극, 홍도 [안산]",연극,안산문화예술의전당 해돋이극장,2026-05-22,2026-05-23,,,,shard_51,confirmed,"signal_scorer: verified->review 재검토 필요 (날짜 불일치 감지, 자동삭제 아님)",shorts
xHew0phWBQ8,국립국악관현악단 5월 정오의음악회 with 송소희,"국립국악관현악단이 선보이는 5월 정오의 음악회!!
국악작곡계의 거장 이해식의
'젊은이를 위한 춤-바람의 말'로 막을 열고
이달의 스타로 소녀 명창 송소희와 함께 합니다.
당신의 정오를 특별하게 만들어줄 음악회!

@해오름극장 2014.5.27 오전 11시",UCJ55axexMkXqp1Fgwvmdsgg,국립극장 National Theater of Korea,2014-05-11T07:32:11Z,37,0.62,True,1118.0,2.0,0.0,https://www.youtube.com/watch?v=xHew0phWBQ8,37700,1210,PF279314,"국립국악관현악단, 정오의 음악회 (5월)",한국음악(국악),국립극장 해오름극장,2026-05-07,2026-05-07,,,,shard_51,confirmed,"signal_scorer: verified->review 재검토 필요 (날짜 불일치 감지, 자동삭제 아님)",shorts
UdrZzLYw_c0,2018년 국립국악관현악단 '정오의 음악회',"싱그러운 기운과 함께 새봄에 돌아오는 
국립국악관현악단의 '정오의 음악회'!
3월, 그 첫 무대를 놓치지마세요~

@국립국악관현악단
2018.3.7/4.4/5.16/6.20",UCJ55axexMkXqp1Fgwvmdsgg,국립극장 National Theater of Korea,2018-02-14T06:15:54Z,30,0.5,True,902.0,0.0,0.0,https://www.youtube.com/watch?v=UdrZzLYw_c0,37700,1210,PF279314,"국립국악관현악단, 정오의 음악회 (5월)",한국음악(국악),국립극장 해오름극장,2026-05-07,2026-05-07,,,,shard_51,confirmed,"signal_scorer: verified->review 재검토 필요 (날짜 불일치 감지, 자동삭제 아님)",shorts
KHCl2tAK3w4,특별한 정오를 선물하는 국립국악관현악단 '정오의 음악회'!!,"3월, 고품격 국악 브런치 콘서트가 시작됩니다!
국립국악관현악단 임재원 예술감독과 방송인 진양혜의 
사회로 더욱 풍성해진 '정오의 음악회'를 만나보세요!

@국립국악관현악단
2017.3.15/4.12/5.24/6.14",UCJ55axexMkXqp1Fgwvmdsgg,국립극장 National Theater of Korea,2017-03-02T07:55:15Z,21,0.35,True,275.0,2.0,0.0,https://www.youtube.com/watch?v=KHCl2tAK3w4,37700,1210,PF279314,"국립국악관현악단, 정오의 음악회 (5월)",한국음악(국악),국립극장 해오름극장,2026-05-07,2026-05-07,,,,shard_51,confirmed,"signal_scorer: verified->review 재검토 필요 (날짜 불일치 감지, 자동삭제 아님)",shorts
-LiX8EMqZXA,"매 달, 새로운 앙상블을 선보이는 국립국악관현악단 '정오의 음악회'!!","11월에는 가을과 잘 어울리는 대금과
25현 가야금, 타악이 어우러진 '역동Ⅱ'를 선보이는데요!
영상만봐도 넘나 기대가 됩니다^^
이제 단 두번밖에 남지 않은 2016년 '정오의 음악회'!!
많은 사랑 보내주세요^^
@국립국악관현악단
2016.11.9",UCJ55axexMkXqp1Fgwvmdsgg,국립극장 National Theater of Korea,2016-11-07T08:12:52Z,113,1.88,False,2464.0,33.0,1.0,https://www.youtube.com/watch?v=-LiX8EMqZXA,37700,1210,PF279314,"국립국악관현악단, 정오의 음악회 (5월)",한국음악(국악),국립극장 해오름극장,2026-05-07,2026-05-07,,,,shard_51,confirmed,"signal_scorer: verified->review 재검토 필요 (날짜 불일치 감지, 자동삭제 아님)",general
ygbrLYsv8dI,한 달에 한 번! 정오를 아름답게 만들어준 정오의 음악회!,"2016년 마지막 공연을 앞두고 있는데요~
이번 정오의 음악선물은 해금앙상블 '시르실'입니다+_+
국립국악관현악단 해금연주자들이
멋진 앙상블을 만들어가는 모습을 담아보았습니다^^

@국립국악관현악단
2016.12.28

#정오는_2017년에도_계속됩니다
#정오의_매력은_패키지",UCJ55axexMkXqp1Fgwvmdsgg,국립극장 National Theater of Korea,2016-12-23T08:09:46Z,114,1.9,False,301.0,1.0,0.0,https://www.youtube.com/watch?v=ygbrLYsv8dI,37700,1210,PF279314,"국립국악관현악단, 정오의 음악회 (5월)",한국음악(국악),국립극장 해오름극장,2026-05-07,2026-05-07,,,,shard_51,confirmed,"signal_scorer: verified->review 재검토 필요 (날짜 불일치 감지, 자동삭제 아님)",general
fdNSOC_fzQc,드디어! 이번주 정오의 음악회가 시작됩니다!!,"3월의 음악선물은 '사물장고를 위한 타령 1:낙서마방진'인데요~
여러분께 드릴 음악선물을 준비하고 있는
국립국악관현악단 연제호 단원의 모습을 담아 보았습니다
이번주 수요일 오전 11시!!
정오의 음악회 입니다

@국립국악관현악단
2017.3.15",UCJ55axexMkXqp1Fgwvmdsgg,국립극장 National Theater of Korea,2017-03-13T07:27:24Z,105,1.75,False,777.0,8.0,2.0,https://www.youtube.com/watch?v=fdNSOC_fzQc,37700,1210,PF279314,"국립국악관현악단, 정오의 음악회 (5월)",한국음악(국악),국립극장 해오름극장,2026-05-07,2026-05-07,,,,shard_51,confirmed,"signal_scorer: verified->review 재검토 필요 (날짜 불일치 감지, 자동삭제 아님)",general
9j6n9BH82H8,230702 여우락 페스티벌 종이꽃밭: 두할망본풀이 커튼콜 (박인혜 focus),2023.07.02. 여우락 페스티벌 박인혜X정연락X최인환 종이꽃밭:두할망본풀이 커튼콜 (박인혜 focus),UCSzrmFGLBV3hNDE2wTw9Meg,알녜뷰,2023-07-18T09:09:07Z,88,1.47,False,349.0,4.0,0.0,https://www.youtube.com/watch?v=9j6n9BH82H8,166,39,PF251920,종이꽃밭: 두할망본풀이 [보성],한국음악(국악),보성군문화예술회관,2024-10-31,2024-10-31,,,,shard_51,confirmed,"signal_scorer: verified->review 재검토 필요 (날짜 불일치 감지, 자동삭제 아님)",general
N_SyIeSe6EQ,[부산시립교향악단] 미완성 음악회Ⅳ 하이라이트.zip,"2025년 6월, 제621회 정기연주회의 오픈 리허설 ‘미완성 음악회’에서는 쇼스타코비치 교향곡 제10번의 3, 4악장 리허설 무대가 펼쳐졌습니다. 이번 비하인드에서는 미완성 음악회의 재밌는 순간들만 모아 하이라이트로 전해드립니다! 무대 위 생생한 리허설, 그 특별한 매력을 함께 느껴보세요🎻

📌클래식 무대 뒤의 이야기가 궁금하다면
👉구독과 좋아요 그리고 알림 설정, 잊지 마세요!
#부산시립교향악단 #브이로그 #미완성음악회
다가오는 부산시립교향악단의 공연도 많은 관심과 사랑 부탁드립니다🫶

🎟 8월 공연 및 프로그램 안내:
[부산시립교향악단 기획음악회 실내악 시리즈 Ⅲ 『줌인 Ⅱ』]
▶ 일시 및 장소
2025년 8월 12일 (화) 19:30 / 부산문화회관 챔버홀
▶ 출연
튜바 | 임정빈
피아노 | 백진주
▶ 프로그램
브람스 | 다섯 개의 가곡 中 제1번 ‘저녁 음악’
힌데미트 | 튜바와 피아노를 위한 소나타
윌리엄스 | 튜바 협주곡
텔레만 | 환상곡 제7번
생상스 | 동물의 사육제 中 ‘백조’
윌리엄스 | 튜바 협주곡
▶ 공연문의
051)607-6000(ARS 1번)",UCeySqDu5BowY_RD5sVYIYug,부산시립예술단TV,2025-08-01T04:52:14Z,242,4.03,False,1012.0,20.0,1.0,https://www.youtube.com/watch?v=N_SyIeSe6EQ,2630,551,PF259029,"부산시립교향악단 기획음악회, 미완성 음악회 Ⅱ",서양음악(클래식),부산문화회관 중극장,2025-03-05,2025-03-05,,,,shard_51,confirmed,"signal_scorer: verified->review 재검토 필요 (날짜 불일치 감지, 자동삭제 아님)",general
Xr8N-wl0R7c,"[부산시립교향악단 VLOG] 단원들의 연주 준비, 같이 보실래요? | NEW WORLD in 부산 콘서트홀","2025년 5월, 부산시향 제620회 정기연주회(부산콘서트홀 개관 시범공연)을 앞두고 부산시립교향악단이 어떤 하루들을 보내고 있었는지 살짝 보여드릴게요!
예술감독님과 단원들이 함께 연습하고, 웃고, 진지해지는 그 순간들까지— 무대에 오르기 전의 부산시향을 담았습니다🎻

홍석원 예술감독과 부산시향 단원들의 진짜 리허설 모먼트, 함께 보실래요?

📌클래식 무대 뒤의 이야기가 궁금하다면
👉구독과 좋아요 그리고 알림 설정, 잊지 마세요!

#부산시립교향악단 #브이로그 #클래식비하인드

🎟 6월 공연 및 프로그램 안내:

[부산시립교향악단 기획음악회 ""미완성 음악회Ⅳ""]

▶ 일시 및 장소
2025년 6월 18일 (수) 19:30 / 부산문화회관 대극장

▶ 출연
지휘 | 홍석원
연주 | 부산시립교향악단

▶ 프로그램
쇼스타코비치 | 교향곡 제10번 3-4악장

▶ 공연문의
051)607-6000(ARS 1번)

[부산시립교향악단 제621회 정기연주회 ""DSCH""]

▶ 일시 및 장소
2025년 6월 19일 (수) 19:30 / 부산문화회관 대극장

▶ 출연
지휘 | 홍석원
첼로 | 최하영
연주 | 부산시립교향악단

▶ 프로그램
쇼스타코비치 | 첼로 협주곡 제1번
쇼스타코비치 | 교향곡 제10번

▶ 공연문의
051)607-6000(ARS 1번)

🎟 7월 공연 및 프로그램 안내:

[부산시립교향악단 제622회 정기연주회 ""여름, 목가""]

▶ 일시 및 장소
2025년 7월 10일 (목) 19:30 / 부산콘서트홀

▶ 출연
지휘 | 홍석원
피아노 | 폴 루이스
연주 | 부산시립교향악단

▶ 프로그램
베토벤 | 피아노 협주곡 제4번
브람스 | 교향곡 제2번

▶ 공연문의
051)607-6000(ARS 1번)",UCeySqDu5BowY_RD5sVYIYug,부산시립예술단TV,2025-06-13T05:45:25Z,279,4.65,False,2192.0,38.0,2.0,https://www.youtube.com/watch?v=Xr8N-wl0R7c,2630,551,PF259029,"부산시립교향악단 기획음악회, 미완성 음악회 Ⅱ",서양음악(클래식),부산문화회관 중극장,2025-03-05,2025-03-05,,,,shard_51,confirmed,"signal_scorer: verified->review 재검토 필요 (날짜 불일치 감지, 자동삭제 아님)",general
YYlrvcrFoDE,청소년극에 적나라한 키스신이? 사랑은 19금이 아니에요. ‘록산느를 위한 발라드’,"■청소년을 위한 연극 ‘록산느를 위한 발라드’

5.4~5.21
백성희장민호극장
■줄거리 
　발랄한 성격과 아름다운 미모의 록산느를 둘러싼 세 남자가 있다. 젊은 장교 드 기슈, 귀공자 크리스티앙, 그리고 어릴 적부터 그녀의 곁을 지키며 그녀를 남몰래 사랑하고 있는 시라노. 거침없는 드 기슈는 그녀에게 노골적으로 구애를 하고, 귀공자 크리스티앙은 시라노에게 편지를 대필하게 해 사랑을 고백한다. 편지를 받은 록산느는 그녀의 진실한 사랑이 크리스티앙이라 믿게 되지만, 드 기슈의 구애를 거절한 대가로 크리스티앙과 시라노는 전장으로 떠나게 된다. 시라노는 록산느를 위해 크리스티앙을 지켜주겠다는 약속을 한다. 전장에서 시라노는 크리스티앙을 대신해 계속 사랑의 편지를 록산느에게 보낸다. 록산느는 그 편지를 읽고 전장으로 크리스티앙을 만나러 온다. 록산느는 “이제 내가 사랑하는 건 당신의 외모가 아닌, 영혼 뿐”이라고 말하자 크리스티앙은 록산느가 사랑하는 게 자신이 아닌, 시라노임을 깨닫는다. 이후 네 남녀의 운명은 엇갈리는데….

/영상 촬영 편집: 올댓아트 에디터 이윤정
/카메라 지원: 소니",UCaoiOQSf7Nc1Phhizknq5kg,올댓아트allthatart,2017-05-18T00:11:45Z,268,4.47,False,4247.0,33.0,1.0,https://www.youtube.com/watch?v=YYlrvcrFoDE,13500,160,PF260893,"국립극단 청소년극, 록산느를 위한 발라드",연극,국립극단 [명동] 명동예술극장,2025-04-10,2025-04-27,,,,shard_52,confirmed,"signal_scorer: verified->review 재검토 필요 (날짜 불일치 감지, 자동삭제 아님)",general
kQ8zAm1s3f0,"발레 호두까기인형, 호두까기인형과 할아버지 춤 - 국립발레단 (The Nutcracker, The Nutcracker and Grandfather dance), 2019.12.25","국립발레단, 호두까기인형
2019.12.25
호두까기인형과 할아버지의 춤

드로셀마이어 : 송정빈
호두까기인형 : 리유 콜레트
어린 마리 : 안희주
----------------
Korean National Ballet, The Nutcracker
2019.12.25
The Nutcracker and Grandfather dance

Drosselmeyer : Jungbin Song
Nutcracker doll : Colette Rieu
Marie : Heeju Ahn",UCyxHFuLDszEV2j7Uy3FuVjQ,Ballet Log,2021-12-19T12:43:20Z,185,3.08,False,192606.0,691.0,29.0,https://www.youtube.com/watch?v=kQ8zAm1s3f0,2300,97,PF272813,"국립발레단, 호두까기인형 [세종]",무용(서양/한국무용),세종예술의전당 대공연장,2025-12-02,2025-12-03,,,,shard_52,confirmed,"signal_scorer: verified->review 재검토 필요 (날짜 불일치 감지, 자동삭제 아님)",general
wBxYpAj5gVo,"인형나라인형극단의 광명교회 유치부 ""스크루지의 성탄절""(2019-12-07)[4K]","인형극 ""스크루지의 성탄절""(2019-12-07)
의정부 광명교회 유치부 공연영상입니다
인형나라인형극단

공연문의
홈페이지 http://www.inhyung.co.kr
다음카페 http://cafe.daum.net/inhyung72
E-MAIL zipo119@hanmail.net
010-9430-9587

Song : Nux J - Little Phantom 
Follow Artist : https://www.youtube.com/c/NuxJSound 
Music promoted by DayDreamSound : https://youtu.be/epfw0JFnzN0",UCJKBU_q1AIm-mWCi-FWv9ug,인형나라TV,2019-12-31T09:39:51Z,141,2.35,False,487.0,7.0,0.0,https://www.youtube.com/watch?v=wBxYpAj5gVo,1520,558,PF251617,스크루지 [의정부],무용(서양/한국무용),의정부예술의전당 대극장,2024-12-14,2024-12-14,,,,shard_52,confirmed,"signal_scorer: verified->review 재검토 필요 (날짜 불일치 감지, 자동삭제 아님)",general
CJpSjpGi9sE,뮤지컬 난쟁이들- 끼리끼리 MV 공개!,"뮤지컬 난쟁이들 절찬리 공연 중!
2016.01.26~06.26
대학로 TOM 1관



-----------------------------------------------------------------------------------------------------
끼리끼리 MV 드디어 공개!
전역산,우찬,송광일!",UC8YUk2J6Y4tAmgJN3HOgncw,PMC MUSICAL,2015-02-16T05:22:03Z,220,3.67,False,785614.0,16090.0,1004.0,https://www.youtube.com/watch?v=CJpSjpGi9sE,2170,109,PF286347,난쟁이들 [군포],뮤지컬,군포문화예술회관 철쭉홀,2026-04-03,2026-04-04,,,,shard_52,confirmed,"signal_scorer: verified->review 재검토 필요 (날짜 불일치 감지, 자동삭제 아님)",general
PCeqwVXxEsM,2018 정동극장 창작ing 오셀로와 이아고 연습영상 공개!,"2018 정동극장 창작ing 두 번째 이야기, 오셀로와 이아고
소리로 압도당하고, 움직임으로 매료되는 연습실 현장을 공개합니다!

'진실의 문 앞에 이르면 확인을 얻으시겠지만,
영혼이 무너질지도 모릅니다'

오셀로 ㅣ 이주원
이아고 ㅣ 허창열
데스데모나 ㅣ 박인선
대금 ㅣ 이아람
타악 ㅣ 황민왕
소리 ㅣ 여성룡
베이스 ㅣ 최인환

구성/연출 ㅣ 신재훈
안무 ㅣ 허창열 이주원 박인선
음악감독 ㅣ 이아람
연주 ㅣ 음악그룹 나무

2018 11.13 - 11.25 @정동극장",UC2gwzqCDHVcFpWFXZoSQubA,국립정동극장 Jeongdong Theater,2018-11-08T02:27:46Z,36,0.6,True,726.0,5.0,0.0,https://www.youtube.com/watch?v=PCeqwVXxEsM,10400,854,PF226762,오셀로와 이아고,한국음악(국악),금나래아트홀,2023-11-16,2023-11-18,,,,shard_52,confirmed,"signal_scorer: verified->review 재검토 필요 (날짜 불일치 감지, 자동삭제 아님)",shorts
fMU0RaC29O4,190608 러블리즈 케이 4K 직캠 Full Ver. (Lovelyz Kei Fancam) @DMZ P.O.P Concert (인제),"0:00:00 안녕 (Hi~)
0:04:32 그날의 너 (That Day)
0:08:00 그 시절 우리가 사랑했던 우리 (Beautiful Days)
0:12:56 Rewind
0:17:40 아츄 (Ah-choo)

2019.6.8 러블리즈 케이 풀캠 (Lovelyz Kei Fullcam)
DMZ P.O.P Concert (인제)
인제체육관 옆 운동장

#러블리즈 #Lovelyz #인제",UCYtLdI0N7Eu45ucGJ-ucwCQ,Coffee For You,2019-06-09T00:11:06Z,1287,21.45,False,5127.0,115.0,8.0,https://www.youtube.com/watch?v=fMU0RaC29O4,32000,1373,PF241081,우리가 사랑했던 그날 [인제],뮤지컬,인제하늘내린센터 대공연장,2024-05-25,2024-05-25,,,,shard_52,confirmed,"signal_scorer: verified->review 재검토 필요 (날짜 불일치 감지, 자동삭제 아님)",general
cD7d9JAycE0,"A. Dvorak - Woodwind Quintet in F Major 1,4 mv. (from String Quartet Op.96 American)","부산시립청소년교향악단 특별연주회
유망주음악회 ‘WITH’
2022.07.30


Cabrette Woodwind Quintet / 까브레뜨 목관5중주

Fl. 강재현
Ob. 이재민
Cla. 변창현
Fg. 김가원
Hn. 성지은",UC6W3MWvx8Jcwpn3kuiqmOFQ,변창현,2022-08-24T23:21:10Z,752,12.53,False,1212.0,12.0,0.0,https://www.youtube.com/watch?v=cD7d9JAycE0,21,4,PF259885,"부산시립청소년교향악단 특별연주회, 유망주음악회",서양음악(클래식),부산문화회관 챔버홀,2025-04-19,2025-04-19,,,,shard_52,confirmed,"signal_scorer: verified->review 재검토 필요 (날짜 불일치 감지, 자동삭제 아님)",general
loBCQZ9lPgc,[부산시립극단] 제73회 정기공연 음악극 '나혜석',"부산시립극단 제73회 정기공연 음악극 ‘나혜석’

인형이 되기를 거부한
한국 최초의 여성 서양화가이자
영원한 신여성 나혜석!

연극과 음악, 합창, 무용, 영상이 결합되고
객석이 무대의 4면을 둘러싼
독특한 형식의 공연이 펼쳐집니다!

▪️일시 : 2022.11.25(금)~26(토) 평일 19:30, 토요일 17:00
▪️장소 : 부산문화회관 대극장
▪️티켓 : 전석 20,000
▪️예매 : 부산문화회관 홈페이지(www.bscc.or.kr)
▪️문의 : 051)607-6000(ARS 1번)",UCeySqDu5BowY_RD5sVYIYug,부산시립예술단TV,2022-10-25T08:18:18Z,21,0.35,True,435.0,,0.0,https://www.youtube.com/watch?v=loBCQZ9lPgc,2630,551,PF234022,제77회 부산시립극단 정기공연: 나혜석,연극,부산시민회관 대극장,2024-05-18,2024-06-01,,,,shard_53,confirmed,"signal_scorer: verified->review 재검토 필요 (날짜 불일치 감지, 자동삭제 아님)",shorts
wCM7fs0fH-k,국립현대무용단 김보라 안무 ＜내가 물에서 본 것＞ㅣ6.12-14ㅣ예술의전당 CJ 토월극장,"국립현대무용단 김보라 안무 ＜내가 물에서 본 것＞ㅣ6.12-14ㅣ예술의전당 CJ 토월극장

“몸의 취약성과 정동을 극대화한 작업으로 
포스트휴먼 시대의 안무적 사고에 방향성을 제시한 작품” 
- 김명현 무용평론가

몸은 물질이자 
문제로서 물의(物議, mattering)를 빚는 다중적 존재로

김보라 안무가가 경험한 사건들로부터
길어 올린 몸의 경험과 기억들로 담아낸 
＜내가 물에서 본 것＞

6월, 예술의전당 CJ 토월극장에서 만나보세요

📍 선예매ㅣ3.24(화) 2PM
* 예술의전당 유료회원·국립현대무용단 반디 회원
* 반디 회원 예매ㅣ02-6196-1617
📍 일반예매ㅣ3.25(수) 2PM

💫 조기예매 할인 30%
* 4월 23일까지 예매에 한함

예매ㅣ예술의전당·NOL 티켓
티켓ㅣR석 50,000원 S석 30,000원 A석 20,000원
 
국립현대무용단 ＜내가 물에서 본 것＞
2026.6.12.(금)-14.(일)
금 7:30PM 토·일 3PM 
예술의전당 CJ 토월극장
관람연령 중학생 이상 관람

안무 l 김보라
드라마투르그 l 윤민화
리허설디렉터 l 박상미
사운드디자인 l 장재호
시노그래피   l 김종석
조명디자인   l 김건영
의상디자인   l 최인숙
비디오그래피 l 전혁진
음향감독 l 이동준
기술무대감독 l 이도엽
공동창작, 출연 l   
고유진, 김윤지, 김희준, 박정희, 백소리, 서예진, 손승리, 윤태준, 이규헌, 장소린, 주영상, 최민선, 최소영",UCuUSzI66j6gjw0HmCUMpbcA,Korea National Contemporary Dance Company,2026-03-23T08:39:41Z,30,0.5,True,106842.0,12.0,2.0,https://www.youtube.com/watch?v=wCM7fs0fH-k,20400,549,PF246839,"국립현대무용단, 내가 물에서 본 것",무용(서양/한국무용),LG아트센터 서울 LG SIGNATURE 홀,2024-10-17,2024-10-19,,,,shard_53,confirmed,"signal_scorer: verified->review 재검토 필요 (날짜 불일치 감지, 자동삭제 아님)",shorts
TPvK0szBDa8,150419 파리넬리 루이스 초이/안유진/이준혁/김호섭/원종환,"2015.04.19 파리넬리
커튼콜

루이스 초이(파리넬리) / 안유진(안젤로) / 이준혁(리카르도) / 김호섭(헨델) / 원종환(래리펀치)",UC3uU11-TcLRnLl1hIOrV1yQ,JAY M,2015-04-19T11:22:53Z,346,5.77,False,89.0,1.0,0.0,https://www.youtube.com/watch?v=TPvK0szBDa8,314,1190,PF226763,파리넬리 [의정부],뮤지컬,의정부예술의전당 대극장,2023-11-25,2023-11-25,,,,shard_53,confirmed,"signal_scorer: verified->review 재검토 필요 (날짜 불일치 감지, 자동삭제 아님)",general
KHCl2tAK3w4,특별한 정오를 선물하는 국립국악관현악단 '정오의 음악회'!!,"3월, 고품격 국악 브런치 콘서트가 시작됩니다!
국립국악관현악단 임재원 예술감독과 방송인 진양혜의 
사회로 더욱 풍성해진 '정오의 음악회'를 만나보세요!

@국립국악관현악단
2017.3.15/4.12/5.24/6.14",UCJ55axexMkXqp1Fgwvmdsgg,국립극장 National Theater of Korea,2017-03-02T07:55:15Z,21,0.35,True,275.0,2.0,0.0,https://www.youtube.com/watch?v=KHCl2tAK3w4,37700,1210,PF269590,"국립국악관현악단, 정오의 음악회 (10월)",한국음악(국악),국립극장 해오름극장,2025-10-02,2025-10-02,,,,shard_53,confirmed,"signal_scorer: verified->review 재검토 필요 (날짜 불일치 감지, 자동삭제 아님)",shorts
fdNSOC_fzQc,드디어! 이번주 정오의 음악회가 시작됩니다!!,"3월의 음악선물은 '사물장고를 위한 타령 1:낙서마방진'인데요~
여러분께 드릴 음악선물을 준비하고 있는
국립국악관현악단 연제호 단원의 모습을 담아 보았습니다
이번주 수요일 오전 11시!!
정오의 음악회 입니다

@국립국악관현악단
2017.3.15",UCJ55axexMkXqp1Fgwvmdsgg,국립극장 National Theater of Korea,2017-03-13T07:27:24Z,105,1.75,False,777.0,8.0,2.0,https://www.youtube.com/watch?v=fdNSOC_fzQc,37700,1210,PF269590,"국립국악관현악단, 정오의 음악회 (10월)",한국음악(국악),국립극장 해오름극장,2025-10-02,2025-10-02,,,,shard_53,confirmed,"signal_scorer: verified->review 재검토 필요 (날짜 불일치 감지, 자동삭제 아님)",general
UdrZzLYw_c0,2018년 국립국악관현악단 '정오의 음악회',"싱그러운 기운과 함께 새봄에 돌아오는 
국립국악관현악단의 '정오의 음악회'!
3월, 그 첫 무대를 놓치지마세요~

@국립국악관현악단
2018.3.7/4.4/5.16/6.20",UCJ55axexMkXqp1Fgwvmdsgg,국립극장 National Theater of Korea,2018-02-14T06:15:54Z,30,0.5,True,902.0,0.0,0.0,https://www.youtube.com/watch?v=UdrZzLYw_c0,37700,1210,PF269590,"국립국악관현악단, 정오의 음악회 (10월)",한국음악(국악),국립극장 해오름극장,2025-10-02,2025-10-02,,,,shard_53,confirmed,"signal_scorer: verified->review 재검토 필요 (날짜 불일치 감지, 자동삭제 아님)",shorts
-LiX8EMqZXA,"매 달, 새로운 앙상블을 선보이는 국립국악관현악단 '정오의 음악회'!!","11월에는 가을과 잘 어울리는 대금과
25현 가야금, 타악이 어우러진 '역동Ⅱ'를 선보이는데요!
영상만봐도 넘나 기대가 됩니다^^
이제 단 두번밖에 남지 않은 2016년 '정오의 음악회'!!
많은 사랑 보내주세요^^
@국립국악관현악단
2016.11.9",UCJ55axexMkXqp1Fgwvmdsgg,국립극장 National Theater of Korea,2016-11-07T08:12:52Z,113,1.88,False,2464.0,33.0,1.0,https://www.youtube.com/watch?v=-LiX8EMqZXA,37700,1210,PF269590,"국립국악관현악단, 정오의 음악회 (10월)",한국음악(국악),국립극장 해오름극장,2025-10-02,2025-10-02,,,,shard_53,confirmed,"signal_scorer: verified->review 재검토 필요 (날짜 불일치 감지, 자동삭제 아님)",general
ygbrLYsv8dI,한 달에 한 번! 정오를 아름답게 만들어준 정오의 음악회!,"2016년 마지막 공연을 앞두고 있는데요~
이번 정오의 음악선물은 해금앙상블 '시르실'입니다+_+
국립국악관현악단 해금연주자들이
멋진 앙상블을 만들어가는 모습을 담아보았습니다^^

@국립국악관현악단
2016.12.28

#정오는_2017년에도_계속됩니다
#정오의_매력은_패키지",UCJ55axexMkXqp1Fgwvmdsgg,국립극장 National Theater of Korea,2016-12-23T08:09:46Z,114,1.9,False,301.0,1.0,0.0,https://www.youtube.com/watch?v=ygbrLYsv8dI,37700,1210,PF269590,"국립국악관현악단, 정오의 음악회 (10월)",한국음악(국악),국립극장 해오름극장,2025-10-02,2025-10-02,,,,shard_53,confirmed,"signal_scorer: verified->review 재검토 필요 (날짜 불일치 감지, 자동삭제 아님)",general
_9GZuhfDte4,한 달에 한 번! 여러분의 정오를 특별하게 만들어 주는 '정오의 음악회',"한 달에 한 번! 여러분의 정오를 특별하게 만들어 주는
국립국악관현악단의 '정오의 음악회'가 
9월, 시작됩니다!!
가을 햇살을 느낄 수 있는 남산에서
편안한 해설과 고품격 우리음악이 함께하는 '정오의 음악회'를
놓치지마세요~!!
@국립국악관현악단
2017.9.6/10.25/11.22",UCJ55axexMkXqp1Fgwvmdsgg,국립극장 National Theater of Korea,2017-08-14T00:40:43Z,31,0.52,True,296.0,1.0,0.0,https://www.youtube.com/watch?v=_9GZuhfDte4,37700,1210,PF269590,"국립국악관현악단, 정오의 음악회 (10월)",한국음악(국악),국립극장 해오름극장,2025-10-02,2025-10-02,,,,shard_53,confirmed,"signal_scorer: verified->review 재검토 필요 (날짜 불일치 감지, 자동삭제 아님)",shorts
xHew0phWBQ8,국립국악관현악단 5월 정오의음악회 with 송소희,"국립국악관현악단이 선보이는 5월 정오의 음악회!!
국악작곡계의 거장 이해식의
'젊은이를 위한 춤-바람의 말'로 막을 열고
이달의 스타로 소녀 명창 송소희와 함께 합니다.
당신의 정오를 특별하게 만들어줄 음악회!

@해오름극장 2014.5.27 오전 11시",UCJ55axexMkXqp1Fgwvmdsgg,국립극장 National Theater of Korea,2014-05-11T07:32:11Z,37,0.62,True,1118.0,2.0,0.0,https://www.youtube.com/watch?v=xHew0phWBQ8,37700,1210,PF269590,"국립국악관현악단, 정오의 음악회 (10월)",한국음악(국악),국립극장 해오름극장,2025-10-02,2025-10-02,,,,shard_53,confirmed,"signal_scorer: verified->review 재검토 필요 (날짜 불일치 감지, 자동삭제 아님)",shorts
PKvXUTSfxso,이게 오리지널 여수 갓김치다. 하루 2톤 담구는 돌산 갓김치 공장 찾아가봤더니｜극한직업｜#골라듄다큐,"※ 이 영상은 2023년 4월 8일에 방송된 ＜극한직업 - 여수, 봄을 여는 사람들＞의 일부입니다.

전라남도 돌산의 이름을 알리는 데 일등 공신, 돌산 갓!겨울의 추운 날씨를 견디고 봄에 자란 돌산 갓은 맛이 좋고, 실해 다른 갓보다 훨씬 높게 평가받는데.
특히 봄에 수확한 갓으로 만든 김치는 굉장히 인기라고 한다.
많은 사람이 여수 갓김치를 찾는 만큼, 돌산의 한 갓김치 공장은 아침부터 분주한데.
아침 첫 작업은 전날 밤 절여둔 갓을 씻는 것으로 시작한다.
갓은 아삭하면서 적당히 짭짤한 맛이 나야 하는데.
시든 것은 골라내고 3번의 세척 과정을 거쳐 탈수 대에 오른다.
갓김치의 맛을 좌우하는 양념에도 특별한 비법이 숨어있다는데.
고춧가루, 배뿐만 아니라 밴댕이, 표고버섯, 무 등을 넣어 끓인 육수를 넣은 양념으로 갓을 버무린 뒤 숙성하는 것이 돌산 갓김치 맛의 비법!
특히 너무 많이 버무리면 풋내가 날 수 있어 조심해야 한다고 한다.
그렇게 공장에서 하루 동안 만드는 갓김치의 작업량만 무려 2t!
택배 마감 시간인 오후 8시까지 작업을 모두 마무리하려면 작업자들은 쉴 틈 없이 움직여야 한다.

✔ 프로그램명 : 극한직업 - 여수, 봄을 여는 사람들
✔ 방송 일자 : 2023.04.08

#골라듄다큐 #극한직업 #갓 #밭 #농사 #갓김치 #김치 #음식 #공장 #봄",UCFCtZJTuJhE18k8IXwmXTYQ,EBSDocumentary (EBS 다큐),2025-05-28T04:00:34Z,644,10.73,False,20773.0,161.0,19.0,https://www.youtube.com/watch?v=PKvXUTSfxso,5400000,67783,PF261950,갓 [여수],무용(서양/한국무용),GS칼텍스 예울마루 대극장,2025-05-29,2025-05-29,,,,shard_53,confirmed,"signal_scorer: verified->review 재검토 필요 (날짜 불일치 감지, 자동삭제 아님)",general
IMXruWNFGYI,여수 사람들 소화 잘 되는 이유 여기 있었다. 톡 쏘는 맛으로 소화까지 잘 되게 하는 갓김치｜ 하루2톤 산더미같은 갓 어떻게 만드나 봤더니｜돌산 갓김치｜극한직업｜#골라듄다큐,"※ 이 영상은 2023년 4월 8일에 방송된 ＜극한직업 - 여수, 봄을 여는 사람들＞의 일부입니다.

전라남도 돌산의 이름을 알리는 데 일등 공신, 돌산 갓!겨울의 추운 날씨를 견디고 봄에 자란 돌산 갓은 맛이 좋고, 실해 다른 갓보다 훨씬 높게 평가받는데.
특히 봄에 수확한 갓으로 만든 김치는 굉장히 인기라고 한다.
많은 사람이 여수 갓김치를 찾는 만큼, 돌산의 한 갓김치 공장은 아침부터 분주한데.
아침 첫 작업은 전날 밤 절여둔 갓을 씻는 것으로 시작한다.
갓은 아삭하면서 적당히 짭짤한 맛이 나야 하는데.
시든 것은 골라내고 3번의 세척 과정을 거쳐 탈수 대에 오른다.
갓김치의 맛을 좌우하는 양념에도 특별한 비법이 숨어있다는데.
고춧가루, 배뿐만 아니라 밴댕이, 표고버섯, 무 등을 넣어 끓인 육수를 넣은 양념으로 갓을 버무린 뒤 숙성하는 것이 돌산 갓김치 맛의 비법!
특히 너무 많이 버무리면 풋내가 날 수 있어 조심해야 한다고 한다.
그렇게 공장에서 하루 동안 만드는 갓김치의 작업량만 무려 2t!
택배 마감 시간인 오후 8시까지 작업을 모두 마무리하려면 작업자들은 쉴 틈 없이 움직여야 한다.

✔ 프로그램명 : 극한직업 - 여수, 봄을 여는 사람들
✔ 방송 일자 : 2023.04.08

#골라듄다큐 #극한직업 #갓 #여수 #돌산 #갓김치 #유산균 #비타민 #아토피 #소화제 #돌산갓김치 #김치공장 #굴껍데기 #밥도둑 #슈퍼푸드",UCFCtZJTuJhE18k8IXwmXTYQ,EBSDocumentary (EBS 다큐),2026-03-08T08:00:18Z,815,13.58,False,27196.0,208.0,26.0,https://www.youtube.com/watch?v=IMXruWNFGYI,5400000,67783,PF261950,갓 [여수],무용(서양/한국무용),GS칼텍스 예울마루 대극장,2025-05-29,2025-05-29,,,,shard_53,confirmed,"signal_scorer: verified->review 재검토 필요 (날짜 불일치 감지, 자동삭제 아님)",general
XLIKI6mvGyQ,"""내 꿈보다 중요한 게 있었다""｜50살에 마침내 이룬 꿈 내려놓고 호텔 주방장이 시골 귀촌한 이유｜주민번호 두자리 빼고 모든 게 같은 부부의 시골 귀촌기｜한국기행｜#골라듄다큐","※ 이 영상은 2025년 4월 24일에 방송된 ＜한국기행 - 내 생애 봄날 4부 우리는 천생연분＞의 일부입니다.

전북 부안에 가면
생일은 물론 주민등록번호 2자리 빼곤 모두 같다는
천생연분 부부가 있다.
스무 살 시절부터 40년을 함께 해
죽이 척척 맞는다는 류재순, 홍이순 부부다.

잘 나가는 호텔주방장에서 지금은
아내만의 셰프로 재직 중이라는 재순 씨.
양식 셰프였던 그가 고향인 부안으로 내려온 데는
아내가 큰 영향을 끼쳤다는데.
신장병을 앓는 아내를 위해 때 이른 은퇴를 결정,
공기 좋고 물 맑은 시골살이를 선택했다.

그리고 고향 마을에서
인생 두 번째 봄날을 맞이하고 있다는데!
봄이 되면 치루는 부부의 연례행사라는
‘장 가르기’부터
농사일로 눈코 뜰 새 없이 바쁜 부부.

서로가 있어 모든 날이 봄날이라는
부부의 행복한 시골 일상을 찾아
부안으로 떠나보자!

✔ 프로그램명 : 한국기행 - 내 생애 봄날 4부 우리는 천생연분
✔ 방송 일자 : 2025.04.24

#골라듄다큐 #한국기행 #부부 #남편 #아내 #가족 #셰프 #귀촌 #요리사",UCFCtZJTuJhE18k8IXwmXTYQ,EBSDocumentary (EBS 다큐),2025-05-03T05:22:06Z,927,15.45,False,7013.0,70.0,0.0,https://www.youtube.com/watch?v=XLIKI6mvGyQ,5400000,67783,PF244963,셰프 [부안],뮤지컬,부안예술회관 공연장,2024-07-20,2024-07-20,,,,shard_53,confirmed,"signal_scorer: verified->review 재검토 필요 (날짜 불일치 감지, 자동삭제 아님)",general
YYPLNn4Zynw,[시낭송] 노래하리라(오세영시) 시낭송가 서도숙,"제36회 대구경북우리가곡부르기(그려지는 추억 한 장-제3주년 기념음악회)
2019.2.21(목) 오후6시30분  한영아트센터 안암홀
반주 : 수클래식앙상블
촬영 : 김정태, 백승호
http://cafe.daum,net/dgkrsong

기념영상
1.시낭송 및 회원 연주 
1)시낭송  오늘의 약속(나태주시)     시낭송가 오지현
2)눈꽃편지(김치경시 신귀복곡)       소프라노 전원예
3)만월(박수진시 이수인곡)                   바리톤 황인동
4)소리(박화목시 김동진곡)               소프라노 김조자
5)기약(이상규시 정애련곡)                       테너 최태준
6)꿈으로 오는 사람아(임형선시 신귀복곡)소프라노 손은희
7)산노을(유경환시 박판길곡)                   테너 이재현
8)매화연가(황여정시 이안삼곡)       소프라노 전혜은
9)내 사랑이여(강문숙시 임우상곡)      바리톤 김성연
10)고향의 노래(김재호시 이수인곡)소프라노 배혜숙
11)망향(박화목시 채동선곡)                 바리톤 이상덕
12)사랑이여 어디든 가서(문효치시 이안삼곡)소프라노 우문희
13)가고파 후편(이은상시 김동진곡)       테너 박유석
                            
                            Intermission

2.시낭송 및 초청성악가 연주
1)시낭송  노래하리라(오세영시)                  시낭송가 서도숙
2)보고싶은 얼굴(김치경시 신귀복곡)          소프라노 소은경
3)산아(신홍철시 신동수곡)                                베이스 윤성우
4)시간에 기대어(최진 시곡)                   메조소프라노 박주용
5)뱃노래(석호시 조두남곡)                                    테너 이영석
6)그대가 있어 행복합니다(김선목시 신귀복곡)소프라노 유소영
7)묵향(원숙시 이원주곡)                                    바리톤 최득규
8)보라풍등(이태수시 임우상곡)                    소프라노 배혜리
9)산으로 날아간 산새(이원수시 김기영곡)      바리톤 김만수
10)사랑하는 내 님이여(신귀복 시곡)                소은경.최득규
11)Quanto amore(도니제티 '사랑의 묘약')      유소영.윤성우
12)Lippen schweigen(레하르 '유쾌한 미망인)배혜리.김만수
13)Parigi o cara(베르디 '라 트라비아타')         박주용.이영석
14)그리운 금강산(한상억시 최영섭곡)         초청성악가 일동",UC1TOpiDdcVDw1ka6HWJnmFA,대구경북우리가곡부르기,2019-02-22T05:24:42Z,224,3.73,False,1551.0,23.0,4.0,https://www.youtube.com/watch?v=YYPLNn4Zynw,2570,3578,PF261661,신귀복 가곡 음악회: 가곡의 별 [익산],서양음악(클래식),익산예술의전당 대공연장,2025-04-27,2025-04-27,,,,shard_53,confirmed,"signal_scorer: verified->review 재검토 필요 (날짜 불일치 감지, 자동삭제 아님)",general
cQZo_rYDf_4,[ 해설이 있는 동화발레 ] 오즈의 마법사 도로시의 모험,"국내 최초로 시도되는 발레 퍼포먼스
발레와 현대무용을 관객들이 보고 쉽게 이해할 수 있게
알기 쉬운 해설과 함께 온 가족과 다 같이 즐길수 있는
오즈의 마법사 도로시의 모험 !

2020.12.5(토) 15:00
진천화랑관

주최_진천군 한국문화예술회관연합회
주관_진천군 전북발레시어터
후원_문화체육관광부 한국문화예술위원회
영상제작_캔디북앤스",UCiCqBLdvJfD8Y243bypV8ig,예진예술원,2020-12-08T14:12:37Z,3473,57.88,False,1783.0,17.0,0.0,https://www.youtube.com/watch?v=cQZo_rYDf_4,15,8,PF287131,오즈의 마법사: 도로시의 모험 [전주],무용(서양/한국무용),전주대사습청(구.전주소리문화관) 놀이마당(야외마당),2026-04-04,2026-04-04,,,,shard_53,confirmed,"signal_scorer: verified->review 재검토 필요 (날짜 불일치 감지, 자동삭제 아님)",general
e7ryw34urbM,"‘예’라고 말하는 사람, ‘아니오’라고 말하는 사람","바이러스로 뒤덮인 2020 ! 
당신의 선택은!? 

브레히트의 yes, no를 새로운 시각으로 각색한 작품!

공연: '예'라고 말하는사람, '아니오'라고 말하는사람
날짜: 2020.2.22-23 / 2.29-3.1 / 3.7-8  (토,일) 
시간: 오후 3시
장소: 가마골소극장
원작: 브레히트
각색: 안윤철
연출: 김하영
출연: 김재숙 안윤철 권혜원 박정우 오동규 김세연 이강현 이준수 이채현
제작: 프로젝트그룹 배우다
원작: 브레히트
각색: 안윤철
연출: 김하영
출연: 김재숙 안윤철 권혜원 박정우 오동규 김세연 이강현 이준수 이채현
제작: 프로젝트그룹 배우다
트래일러 촬영: 안윤철
트래일러 편집: 안윤철/오동규

문의: 051-723-0568  / 인스타그램 DM 
인스타그램: www.instagram.com/we_are_actor",UC9N6NzjZ2BhmxXhkR7UGNUw,프로젝트그룹배우다,2020-02-13T02:38:12Z,61,1.02,False,536.0,15.0,,https://www.youtube.com/watch?v=e7ryw34urbM,259,14,PF287867,"예라고 하는 사람, 아니오라고 하는 사람 [인천]",연극,문학시어터,2026-04-24,2026-04-25,,,,shard_53,confirmed,"signal_scorer: verified->review 재검토 필요 (날짜 불일치 감지, 자동삭제 아님)",general
EHWRLTMQ-Xk,제주여자중학교 오케스트라 - Les miserables( 레미제라블),세월호 2주기 추모 문화제(제주학생문화원대극장)2016.4.15,UCypQMuYT57X8o-qs81QlmhQ,홍정도,2016-04-27T02:02:55Z,685,11.42,False,12572.0,76.0,4.0,https://www.youtube.com/watch?v=EHWRLTMQ-Xk,34,2,PF244473,레미제라블 [제주],무용(서양/한국무용),제주아트센터 대극장,2024-07-26,2024-07-27,,,,shard_54,confirmed,"signal_scorer: verified->review 재검토 필요 (날짜 불일치 감지, 자동삭제 아님)",general
JBo8o-8q_Ec,Les Miserables Medley Orchestra & Choir (레미제라블 메들리),"#lesmiserables #orchestra #메리오케스트라

사단법인 문화예술봉사단메리 
제3회 자선연주회 'Merry Together'
2019.1.22 마포아트센터 아트홀맥

-

Les Miserables Medley 

편곡 | 박주영
촬영 | 공지은 신운철 정현진 장영준 최혜림 최혜민 황도원
제작 | 김현주

-

사단법인 문화예술봉사단메리는
청소년과 대학생이 하나되어 일상 공간에서 누구나 즐길 수 있는 음악을 선물하는 문화예술봉사단입니다.
www.wearemerry.org
www.facebook.com/wearemerry

-

#사단법인문화예술봉사단메리 #자선연주회 #메리투게더",UCX-tTXDdI9MYk_t8X3XqnUg,메리MERRY,2019-02-20T15:09:56Z,869,14.48,False,8119.0,87.0,3.0,https://www.youtube.com/watch?v=JBo8o-8q_Ec,2890,319,PF244473,레미제라블 [제주],무용(서양/한국무용),제주아트센터 대극장,2024-07-26,2024-07-27,,,,shard_54,confirmed,"signal_scorer: verified->review 재검토 필요 (날짜 불일치 감지, 자동삭제 아님)",general
xacqS9PD7Dc,"창원시립합창단 뮤지컬콘서트 레미제라블, 너는 듣고 있는가","창원시립합창단 뮤지컬콘서트 레미제라블 제작영상 

노래: 창원시립합창단 레미제라블 중 '너는 듣고 있는가'

본공연 
 2019.11.02.(sat) 5PM 성산아트홀 대극장 
Sungsan Art Hall, Grand Theater",UCd6crvtNGmXMCFAD2ACxfpA,창원시립예술단,2019-10-28T05:52:39Z,91,1.52,False,1147.0,12.0,2.0,https://www.youtube.com/watch?v=xacqS9PD7Dc,1470,174,PF244473,레미제라블 [제주],무용(서양/한국무용),제주아트센터 대극장,2024-07-26,2024-07-27,,,,shard_54,confirmed,"signal_scorer: verified->review 재검토 필요 (날짜 불일치 감지, 자동삭제 아님)",general
zjpGR1LmlYU,"2023 창작뮤지컬 청춘연가 ""성주문화예술회관에서 만나요!""","💖2023 창작뮤지컬 청춘연가💖
님과함께, 봤냐고, 아모리파티 등 트로트로 즐기는 사람사는 이야기!
감동의 눈물과 신나는 안무까지 눈과 귀를 즐겁게 할 무대가 곧 찾아갑니다!


2023.10.21.(토) 오후3시, 7시
성주문화예술회관에서 만나요!

예매링크 바로가기 : 
https://www.sj.go.kr/scac/page.do?con_uid=79",UCZqSkd63qzXkhvsc6_nYJuQ,NEWSTAGE뉴스테이지,2023-09-27T10:17:23Z,43,0.72,True,182.0,4.0,0.0,https://www.youtube.com/watch?v=zjpGR1LmlYU,5000,134,PF239325,청춘연가 [함안],뮤지컬,함안문화예술회관 대공연장,2024-05-25,2024-05-25,,,,shard_54,confirmed,"signal_scorer: verified->review 재검토 필요 (날짜 불일치 감지, 자동삭제 아님)",shorts
N_SyIeSe6EQ,[부산시립교향악단] 미완성 음악회Ⅳ 하이라이트.zip,"2025년 6월, 제621회 정기연주회의 오픈 리허설 ‘미완성 음악회’에서는 쇼스타코비치 교향곡 제10번의 3, 4악장 리허설 무대가 펼쳐졌습니다. 이번 비하인드에서는 미완성 음악회의 재밌는 순간들만 모아 하이라이트로 전해드립니다! 무대 위 생생한 리허설, 그 특별한 매력을 함께 느껴보세요🎻

📌클래식 무대 뒤의 이야기가 궁금하다면
👉구독과 좋아요 그리고 알림 설정, 잊지 마세요!
#부산시립교향악단 #브이로그 #미완성음악회
다가오는 부산시립교향악단의 공연도 많은 관심과 사랑 부탁드립니다🫶

🎟 8월 공연 및 프로그램 안내:
[부산시립교향악단 기획음악회 실내악 시리즈 Ⅲ 『줌인 Ⅱ』]
▶ 일시 및 장소
2025년 8월 12일 (화) 19:30 / 부산문화회관 챔버홀
▶ 출연
튜바 | 임정빈
피아노 | 백진주
▶ 프로그램
브람스 | 다섯 개의 가곡 中 제1번 ‘저녁 음악’
힌데미트 | 튜바와 피아노를 위한 소나타
윌리엄스 | 튜바 협주곡
텔레만 | 환상곡 제7번
생상스 | 동물의 사육제 中 ‘백조’
윌리엄스 | 튜바 협주곡
▶ 공연문의
051)607-6000(ARS 1번)",UCeySqDu5BowY_RD5sVYIYug,부산시립예술단TV,2025-08-01T04:52:14Z,242,4.03,False,1012.0,20.0,1.0,https://www.youtube.com/watch?v=N_SyIeSe6EQ,2630,551,PF267560,"부산시립교향악단 기획음악회, 실내악 시리즈 Ⅲ: 줌인 Ⅱ [부산]",서양음악(클래식),부산문화회관 챔버홀,2025-08-12,2025-08-12,,,,shard_54,confirmed,"signal_scorer: verified->review 재검토 필요 (날짜 불일치 감지, 자동삭제 아님)",general
fprlHtkObvY,서종예 방송댄스 | 전우치 田禹治 Jeon Woochi (Old Korean Oddity) inspired | Filmed by lEtudel,"■ 2018.11.21 제15회 SAC 무용예술계열 정기발표회 2018 1일차 SAC 15th Dance Festival , DANCETIVAL Let's Show UP , the 1st day | SAC 다, 예술에 물들다 | Filmed by lEtudel 2K 1440p | 순수무용, 실용무용, 방송댄스, 스트릿댄스

■ 서울종합예술실용학교 싹튜브 https://goo.gl/3cuFwj
■ 원본파일의 문제로 11월21일에 촬영된 모든 영상 전체에 걸쳐 랜덤하게 화면깨짐현상이 보입니다. 시청에 불편을 드려 죄송합니다.
■ 창작안무는 특별한 경우를 제외하고는 어떤 목적으로든 커버(전체적이든 부분적이든)금지가 기본입니다. 허락에 관련된 사항은 서울종합예술실용학교 페이스북으로 직접 문의 바랍니다. Except for some special case, The dance cover is prohibited for any purpose without choreographers permission. In terms of permission, Contact the SAC Facebook manager.

■ If you are NOT the person concerned, DON'T YOU EVER Re upload or edit in ANY SHAPE or FORM !!!
-공식관계자 & 영상 속 본인이 자신 또는 공식관계자의 계정으로 재업로드하는 것만 허용합니다. 하지만, 이와 상관없는 페이스북, 인스타그램, 트위터 등의 제보싸이트로의 제보는 누구든 절대 금지합니다! 또한, 팬페이지나 당사자가 아닌 개인페이지로의 재업로드(변형,편집, 캡쳐 포함)도 경고 없이 즉각 법적인 제재를 받을 수 있습니다.
 (페이스북, 인스타그램, 트위터, 네이버, 판도라tv, 카카오tv, 엠군, 유튜브, 이토렌트 등의 재업로더들 경고합니다)",UCmluYHFpXNxXhabzn87kPfA,lEtudel,2018-12-11T12:16:22Z,236,3.93,False,3609049.0,71031.0,,https://www.youtube.com/watch?v=fprlHtkObvY,630000,2276,PF273634,전우치 [서울],뮤지컬,예술의전당 [서울] CJ 토월극장,2025-10-25,2025-11-02,,,,shard_55,confirmed,"signal_scorer: verified->review 재검토 필요 (날짜 불일치 감지, 자동삭제 아님)",general
DzVDQeJPXkU,국립무용단 박재순  보듬고(鼓)  #설북시나위 #북춤 #춤앤판  #고무신춤축제 #홀춤 #독무  #남산국악당,"2025 대한민국무용대축제   춤&판  고무신춤축제
2025.9.4 (목)~6(토)
평일 19:30 주말 18:00
서울남산국악당  첫째날 박재순 독무 보듬고(鼓)

한국춤의 과거와 현재 잇는 장 

‘춤&판(춤앤판)’ 공연은  서울남산국악당에서 국가무형유산을 비롯한 다양한 전통춤 레퍼토리가 독무와 쌍무 형태로 관객과 만난다. 무대에는 공연 첫 번째 날 박재순, 박혜연, 성윤선, 신선아, 안귀호, 오명희, 홍성미가 출연한다. 두 번째 날에는 김현아, 김현정, 민성희, 윤명화, 장래훈, 정경화, 한솔이 출연한다. 춤&판의 마지막 날에는 고경희, 김부경, 김용철, 설자영, 송미숙, 안영화·마효령, 추현주의 무대가 펼쳐진다.",UC_GIP504imePWxxT8P_bHlQ,장화신은고영희,2025-12-13T12:17:47Z,864,14.4,False,335.0,3.0,1.0,https://www.youtube.com/watch?v=DzVDQeJPXkU,77,58,PF230619,"국립무용단, 신선",무용(서양/한국무용),국립극장 달오름극장,2024-06-27,2024-06-29,,,,shard_55,confirmed,"signal_scorer: verified->review 재검토 필요 (날짜 불일치 감지, 자동삭제 아님)",general
QLyPLZ9hXBk,"""Bei Männern, welche Liebe fühlen""  마술피리 김순영,안갑성[국립오페라단]","Pamina Soonyoung Kim 
Papageno Kapsung Ahn
Conductor Tomas Roesner
2019.3.30 in Korea National Theater",UC58npQn6sTed5gD8ddKwOWQ,[소프라노 김순영 ] Soonyoung Kim,2019-05-11T23:39:53Z,214,3.57,False,7430.0,108.0,5.0,https://www.youtube.com/watch?v=QLyPLZ9hXBk,6770,38,PF269973,"국립오페라단, 마술피리",서양음악(클래식),국립극장 달오름극장,2025-08-17,2025-08-17,,,,shard_55,confirmed,"signal_scorer: verified->review 재검토 필요 (날짜 불일치 감지, 자동삭제 아님)",general
TkUmpLh9r4E,"[#공연실황Pick] 4K | G. Gershwin - I Got Rhythm (arr. 안성민) / 첼리스타 첼로 앙상블의 G. 거슈윈, 아이 갓 리듬 (편곡: 안성민)","2023.06.18 여수 GS칼텍스 예울마루 대극장
「여수에코국제음악제」 3일차 공연 중 앙코르 연주


▶️프로그램

G. 거슈윈 - 아이 갓 리듬 (편곡: 안성민)
G. Gershwin - I Got Rhythm (Arr. Sung-Min Ahn)

▶️연주

첼리스타 첼로 앙상블
Cellista Cello Ensemble

Vc.   박상민, 김민지, 주연선, 강미사, 김소연, 심준호, 양지욱, 이경준, 이상은, 임재성, 장우리, 장혜리
Vc.   Sangmin Park, Min-Ji Kim, Yeonsun Joo, Misa Kang, Soyun Kim, Joon Ho Shim, Jiwook Yang, Kyung-Jun Lee, Sang Eun Lee, Jae Sung Lim, Woori Jang, Hyeri Jang

상주 작곡가   안성민
Composer-in-Residence    Sung-Min Ahn


📌전체 영상은 추후 한경arteTV 'TV콘서트 클래식와이드'를 통해 방송됩니다.



#첼리스타첼로앙상블 #cellistacelloensemble #cello #첼로 #박상민 #김민지 #주연선 #강미사 #김소연 #심준호 #양지욱 #이경준 #이상은 #임재성 #장우리 #장혜리 #안성민 #여수에코국제음악제 #한경arte #한경아르떼 #한경arteTV #클래식와이드 #k클래식 #kclassic #classic 


✅ 구독 | 좋아요 | 알림  설정하시면 
       고품격 문화예술 프로그램을 즐기실 수 있습니다!

✅ 대한민국 문화예술의 중심 한경arteTV
       All that Arts & Culture! Hankyung arteTV
      
✅ 한경arteTV | SNS 채널 안내
👉 Homepage 홈페이지
      http://www.artetv.co.kr/

👉 YOUTUBE 유튜브 
      https://www.youtube.com/@Hankyung_arteTV

👉 Instargram 인스타그램
      https://www.instagram.com/hankyungartetv/

👉 Facebook 페이스북
      https://www.facebook.com/arte.co.kr/

✅  한경arteTV는 전국 3천만 가구를 대상으로 다양한 문화 예술 콘텐츠를 방송하고 있습니다. 많은 관심과 시청 바랍니다.

👉 TV 채널 번호  
       
[IPTV]
 KT GenieTV(140) .  SK Btv(206) .  LG U+tv(230)

[위성방송]
Skylife(303)

[케이블]
LG Hellovision(270) . D'Live(160) . SKB Cable(구, 티브로드)(105) . HCN(226) . CMB(대전 59-2) JCN울산중앙방송(191) . 서경방송(143) . GCS푸른방송(132)


✅ 한경arteTV는 사업, 공연, 전시, 콘텐츠, 온라인, 모바일 등 외부 단체와 다양한 형태의 제휴가 가능합니다. 연주 단체나 아티스트가 본인의 공연을 방송하시기 희망하시는 경우, 외부 공연을 중계차로 녹화 또는 생중계 방송으로 제작하여 송출해드립니다.

👉 Contact us  |  출연 및 제작 제휴 문의 방법
      T : +82 2-360-4785 (Seoul, Korea) 
      E : hkarte@arte.co.kr",UCPglj7zGwmOlH8_31Tpgh8Q,한경arteTV,2023-08-04T08:28:04Z,78,1.3,False,3078.0,45.0,1.0,https://www.youtube.com/watch?v=TkUmpLh9r4E,116000,3882,PF276399,첼리스타 첼로 앙상블 [인천],서양음악(클래식),제물포구문화체육센터(구. 동구문화체육센터) 공연장,2025-11-18,2025-11-18,,,,shard_55,confirmed,"signal_scorer: verified->review 재검토 필요 (날짜 불일치 감지, 자동삭제 아님)",general
SPZ16dvhE3E,10.11 #서보권 #seobokwon #engsub #vlog #공연초대 #추첨 #댓글 #이벤트 #국립현대무용단 #윌리엄포사이스 #일상 ,"설명 갑니다! 😎

11월 2일 밤 11시 59분 까지!
위 영상에 댓글 달아주시는 분들 추첨해서 
한분께 초대티켓 드릴게요!

작성 방법!
원하시는 날짜, 시간 ex) 8일 3PM
티켓 수령하실 성함 ex) 보거니 (가명도 가능)

ex) 8일 3PM 원해요! 😍 이름은 '보거니' 로 부탁드립니다!

당첨 되신분은 해당 댓글에 대댓글 달아드립니다!
공연장에서 티켓 수령 하셔서 관람하시면됩니다!🙇🏻‍♂️

서투를수 있지만 문제있으시면 해당 영상에 댓글 남겨주시길 바랍니다 🙄

⬇️아래는 공연정보!⬇️

국립현대무용단 [더블 빌: 김성용 ＆ 윌리엄 포사이스]
기간ㅣ 2025-11-08 ~ 2025-11-09
장소ㅣ해오름극장
장르ㅣ무용
관람시간ㅣ95분 (휴식 포함)
관람연령ㅣ초등학생 이상 (2018년 12월 31일 이전)
주최ㅣ국립극장, 국립현대무용단
시간ㅣ토 15:00, 19:00 일 15:00

[하나의 편평한 것, 복제된 One Flat Thing, reproduced]

안무ㅣ윌리엄 포사이스 William Forsythe

금속 테이블 사이를 쉼 없이 가로지르는 무용수의 위험천만한 급류 같은 움직임에도 불구하고, [하나의 편평한 것, 복제된] (2000)은 실제로 대위적인 발레 구조의 시각적 분배에 관한 지속적인 연구 속에서 의도적으로 쓰인 하나의 장(章)이다. 이 작품은 세 가지 조직 체계가 상호작용을 하며 만들어내는, 하나의 연결된 ‘기계장치’로 설정된다. 그 세 가지는 수많은 개별 움직임 주제, 분산된 큐잉 시스템의 밀도 높은 체계, 그리고 형식 및/또는 움직임 흐름의 복잡한 정렬이다. 비록 무용수의 활동 영역은 매우 제한되지만, 단단히 고정된 테이블의 미로는 서로 연관된 움직임을 세 가지 층위에서 구성할 특별한 가능성을 제공한다. 

*초연ㅣ2000.02.02 프랑크푸르트 발레단, 보켄하이머 데포(프랑크푸르트)

__ 안무가 윌리엄 포사이스
윌리엄 포사이스는 50여 년간 안무가로 활동해 왔으며, 발레를 고전 레퍼토리에 한정된 형식에서 21세기적 역동성을 지닌 예술로 재정립한 인물로 평가받는다. 조프리 발레단과 슈투트가르트 발레단에서 무용수로 활동했으며, 1976년 슈투트가르트 발레단의 상주 안무가로 임명되었다. 1984년부터 20년간 프랑크푸르트 발레단을 이끌었고, 이후 2015년까지 포사이스 컴퍼니를 창단해 운영했다. 안무의 근본적 조직 원리에 관한 깊은 탐구를 이어온 그는 설치, 영화, 웹 기반의 지식 창작 등 무대를 넘어서는 다양한 프로젝트를 선보여 왔다. 그의 작품은 전 세계 주요 발레단 레퍼토리로 자리하고 있으며, 설치 작업 역시 세계적인 미술관과 전시에서 소개되고 있다.

출연
  - 11.8(토) 3PM· 11.9(일) 3PM
  고동훈 권재헌 김수인 김예은 김은서 김희준 하연주 송승욱 서보권 서정빈 이준석 정건 조선재 프리실라 찬
  - 11.8(토) 7PM
  기자욱 김건 김수인 김은서 김희준 박세진 서보권 송승욱 이준석 정건 조선재 프리실라 찬 하연주 한규은


이 영상은 해외 시청자들을 위해 영어 자막을 포함하고 있습니다. 🥰
This video includes English subtitles for our international audience. 🥰

더 많은 보권이 궁금하다면? ✨
Want more of Bokwon? ✨
https://youtube.com/playlist?list=PLHAUQ_Hro4BGCcDBxsNygcO6ChM7qwv-_&si=x7lryR448eNLAI8t

보권의 인스타? 📸
Bokwon’s Instagram? 📸
https://www.instagram.com/1.181047?igsh=ZmZ0MDl4eHFheDBy&utm_source=qr",UCeP51FVJG7KI6eeNlFdjRAA,터보건 TURBOGUN,2025-10-26T13:13:27Z,153,2.55,False,234.0,4.0,10.0,https://www.youtube.com/watch?v=SPZ16dvhE3E,745,566,PF269551,"국립현대무용단, 더블 빌: 김성용 & 윌리엄 포사이스 [서울]",무용(서양/한국무용),국립극장 해오름극장,2025-11-08,2025-11-09,,,,shard_56,confirmed,"signal_scorer: verified->review 재검토 필요 (날짜 불일치 감지, 자동삭제 아님)",shorts
_rnngUBJjFw,[NUNOLOG] 잉여 / 헬렌 앤 미 _안산 / 여명의 눈동자,"누노씨의 브이로그입니다.
잉여로운 일상을 담고 있습니다.

잉여롭게 한 주를 보내다가- 토요일에는 안산에 극단 걸판 뮤지컬 '헬렌 앤 미' 안산 공연을 보고, 일요일에는 뮤지컬 '여명의 눈동자'를 보았습니다.

#vlog #브이로그 #일상

*촬영 : Panasonic DMC-GX7
*편집 : iMovie & Vimo app (iOS)


*Contact : nuno@daum.net

*SNS
https://www.instagram.com/nu_no_c
https://14left.blog.me",UCFR_pNaB0pHQrXN-yDQJRMg,누노씨,2019-04-14T12:00:05Z,250,4.17,False,58.0,1.0,1.0,https://www.youtube.com/watch?v=_rnngUBJjFw,397,1019,PF220910,헬렌 앤 미 [안산],뮤지컬,안산문화예술의전당 달맞이극장,2023-09-08,2023-09-09,,,,shard_56,confirmed,"signal_scorer: verified->review 재검토 필요 (날짜 불일치 감지, 자동삭제 아님)",general
ronOFoRo-n0,극단 걸판 뮤지컬 ‘헬렌 앤 미’ 프로필 촬영 현장(1/30),"극단 걸판 뮤지컬 ‘헬렌 앤 미’ 프로필 촬영 현장 (1/30)
장소 극단 걸판 스튜디오
촬영 및 편집 송영미

극단 걸판 
뮤지컬 ‘헬렌 앤 미’
3/9~4/7 (수,목 공연 없음)
대학로 예스24스테이지 3관

작연출 최현미 작편곡 박기태 조연출 정철
출연 송영미 원근영 도창선 최현미 유도겸 정문길 조은진 정경훈 김광일 이랑서 홍나현",UCrhE4tkz9K3qaYW5S7qND6w,극단걸판 - Theatre Company Gulpan,2019-02-06T10:52:51Z,297,4.95,False,1107.0,19.0,1.0,https://www.youtube.com/watch?v=ronOFoRo-n0,418,35,PF220910,헬렌 앤 미 [안산],뮤지컬,안산문화예술의전당 달맞이극장,2023-09-08,2023-09-09,,,,shard_56,confirmed,"signal_scorer: verified->review 재검토 필요 (날짜 불일치 감지, 자동삭제 아님)",general
M7lFPHY1VjA,#바람의노래(조용필) #고은소리 #성남모란노리터 #통기타연합 #2024생활문화동호회축제 #제14회사랑방문화클럽축제 #중앙공원메인무대 #성남문화재단 #사랑방문화클럽 #경기도,"생활문화동호회 플랫폼으로 일상 생활속에서도 문화와 예술을 사랑하고 익혀, 지역사회에 재능을 통해 사회공헌활동을 확대해 나감.
#고은소리 #성남모란노리터 #통기타연합 #2024생활문화동호회축제 #제14회사랑방문화클럽축제 #중앙공원메인무대 #성남문화재단 #사랑방문화클럽 #경기도 2024.10.12.",UCcwiIq5rhXN_WwBO8h3Ip2A,정천석TV (Daniel Jung),2024-10-20T12:29:40Z,285,4.75,False,290.0,10.0,20.0,https://www.youtube.com/watch?v=M7lFPHY1VjA,2640,5503,PF274950,바람의 노래 [성남],서양음악(클래식),성남아트리움 (구. 성남시민회관) 대극장,2025-11-14,2025-11-15,,,,shard_56,confirmed,"signal_scorer: verified->review 재검토 필요 (날짜 불일치 감지, 자동삭제 아님)",general
fftLXfXThv0,제 43회 평택시민청소년오케스트라 정기연주회 백조의 호수 해설음악회 /평택시민청소년오케스트라(현일꿈끼락청소년오케스트라) 지휘자 이예원,"제 43회 평택시민청소년오케스트라 정기연주회 백조의 호수 해설음악회 /평택시민청소년오케스트라(현일꿈끼락청소년오케스트라) 지휘자 이예원/ 2022.09.24/평택서부문예회관 대공연장

*유투브 주소 및 계정(구독)
www. youtube.com/kumgirakyouth0713

*블로그 주소
https://m.blog.naver.com/pinkfly3

*클래식 강연/공연/입단문의
hongbi3@korea.kr 
010 4182 5171
#평택시민청소년오케스트라#현일꿈끼락청소년오케스트라#백조의호수",UC1Cju216L05iori8QhRU4fA,평택꿈끼락청소년오케스트라 PT KUMKIRAKYOUTH,2022-09-27T06:51:19Z,3368,56.13,False,923.0,12.0,1.0,https://www.youtube.com/watch?v=fftLXfXThv0,341,296,PF270652,백조의 호수 [금산],무용(서양/한국무용),금산다락원 생명의집 대공연장,2025-08-14,2025-08-14,,,,shard_56,confirmed,"signal_scorer: verified->review 재검토 필요 (날짜 불일치 감지, 자동삭제 아님)",general
-jrX0yDROrA,"[강릉 인(人) 마카콘서트] - 강릉 1,000인음악회 full 영상","[제2회 강릉인人 마카콘서트] 강릉 1,000인음악회
✔ 2020.10.31(토) 강릉 아레나
✔ 강릉시립교향악단, 강릉시립합창단 협연 (온라인 음악축제)
.
✔ 단체 참가자 - 한마음 우쿨렐레/ 이상한술집/ 행복한 오카리나/ 색소폰동호회 깍지/ 솔향소리마루/ 강릉 한마음악단/ 솔바람오카리나/ 강릉예총 청소년합창단/ 강릉예총 청소년플루트앙상블/ 플룻사랑/플룻아모르/ 중앙고등학교/나우색소폰동호회/ 중앙윈도오케스트라/ 강릉스린실버악단/ 박금도플룻아카데미
✔ 개인 참가자 - 홍석빈/ 김유미/ 홍종혁/ 김도연/ 손미란/ 최부걸/ 안종혁/ 천영빈/ 박찬희/ 최순주/ 황찬유/ 한철호/ 권현준/ 박범훈
.
📍http://www.gnart.org/photo.brd/_62.62.274671d/?shell=/index.shell:37",UCXFvLEPz31VX9-uwI2XT2Eg,강릉예총,2020-11-16T06:35:56Z,4422,73.7,False,1257.0,24.0,0.0,https://www.youtube.com/watch?v=-jrX0yDROrA,365,157,PF246743,강릉 청소년 오케스트라 페스티벌,서양음악(클래식),강릉아트센터 (구. 강릉문화예술관) 사임당홀 (대공연장) ,2024-08-24,2024-08-24,,,,shard_56,confirmed,"signal_scorer: verified->review 재검토 필요 (날짜 불일치 감지, 자동삭제 아님)",general
ynd1c5Pqr_g,강동예술인페스티벌 구립풍물팀 공연 사진영상,제4회 강동예술인페스티벌 구립풍물팀 공연 사진영상  2014.10.28,UCGPQce_-pYZcIwrFC-26SQQ,사진&여행 이야기 TV,2014-11-19T01:44:32Z,514,8.57,False,76.0,0.0,0.0,https://www.youtube.com/watch?v=ynd1c5Pqr_g,972,469,PF251928,"강동예술인페스티벌, 구립풍물",한국음악(국악),강동아트센터 소극장 드림,2024-10-23,2024-10-23,,,,shard_56,confirmed,"signal_scorer: verified->review 재검토 필요 (날짜 불일치 감지, 자동삭제 아님)",general
bAFD2qEELSY,나의 피터팬,"2017.12.16. 한판 제14회 정기공연
나의 피터팬(강명진 글, 추동엽 곡)
- 더 이상 자라지 않는 아이들...나의 피터팬들을 위한.",UC7E5lsEa9r89FQwoJBZkj5Q,전교조울산지부노래패 한판,2020-04-29T00:24:16Z,276,4.6,False,85.0,3.0,0.0,https://www.youtube.com/watch?v=bAFD2qEELSY,35,22,PF287478,피터팬 [울산],뮤지컬,울산중구문화의전당 함월홀 (2층) ,2026-05-17,2026-05-17,,,,shard_57,confirmed,"signal_scorer: verified->review 재검토 필요 (날짜 불일치 감지, 자동삭제 아님)",general
uNm3eb3zC-c,베르디-[축배의노래] 오페라 [라 트라비아타] 중/김현철 지휘/유쾌한 오케스트라,"김현철의 유쾌한오케스트라
2019.12.15 미리 메리 크리스마스 [롯데 콘서트홀]
베르디-[축배의노래] 오페라 [라 트라비아타] 중 

Verdi (1813~1875)
[Brindisi] from Opera [La Traviata]",UCw9yAzw5s0v8vuHVYH5twbA,논현동양복이A,2020-01-08T10:24:50Z,214,3.57,False,48259.0,315.0,17.0,https://www.youtube.com/watch?v=uNm3eb3zC-c,2970,72,PF287850,김현철의 유쾌한 오케스트라 [하동],서양음악(클래식),하동문화예술회관 대공연장,2026-04-09,2026-04-09,,,,shard_57,confirmed,"signal_scorer: verified->review 재검토 필요 (날짜 불일치 감지, 자동삭제 아님)",general
N_SyIeSe6EQ,[부산시립교향악단] 미완성 음악회Ⅳ 하이라이트.zip,"2025년 6월, 제621회 정기연주회의 오픈 리허설 ‘미완성 음악회’에서는 쇼스타코비치 교향곡 제10번의 3, 4악장 리허설 무대가 펼쳐졌습니다. 이번 비하인드에서는 미완성 음악회의 재밌는 순간들만 모아 하이라이트로 전해드립니다! 무대 위 생생한 리허설, 그 특별한 매력을 함께 느껴보세요🎻

📌클래식 무대 뒤의 이야기가 궁금하다면
👉구독과 좋아요 그리고 알림 설정, 잊지 마세요!
#부산시립교향악단 #브이로그 #미완성음악회
다가오는 부산시립교향악단의 공연도 많은 관심과 사랑 부탁드립니다🫶

🎟 8월 공연 및 프로그램 안내:
[부산시립교향악단 기획음악회 실내악 시리즈 Ⅲ 『줌인 Ⅱ』]
▶ 일시 및 장소
2025년 8월 12일 (화) 19:30 / 부산문화회관 챔버홀
▶ 출연
튜바 | 임정빈
피아노 | 백진주
▶ 프로그램
브람스 | 다섯 개의 가곡 中 제1번 ‘저녁 음악’
힌데미트 | 튜바와 피아노를 위한 소나타
윌리엄스 | 튜바 협주곡
텔레만 | 환상곡 제7번
생상스 | 동물의 사육제 中 ‘백조’
윌리엄스 | 튜바 협주곡
▶ 공연문의
051)607-6000(ARS 1번)",UCeySqDu5BowY_RD5sVYIYug,부산시립예술단TV,2025-08-01T04:52:14Z,242,4.03,False,1012.0,20.0,1.0,https://www.youtube.com/watch?v=N_SyIeSe6EQ,2630,551,PF260811,"부산시립교향악단 기획음악회, 미완성 음악회 Ⅲ",서양음악(클래식),부산문화회관 대극장,2025-04-10,2025-04-10,,,,shard_57,confirmed,"signal_scorer: verified->review 재검토 필요 (날짜 불일치 감지, 자동삭제 아님)",general
Xr8N-wl0R7c,"[부산시립교향악단 VLOG] 단원들의 연주 준비, 같이 보실래요? | NEW WORLD in 부산 콘서트홀","2025년 5월, 부산시향 제620회 정기연주회(부산콘서트홀 개관 시범공연)을 앞두고 부산시립교향악단이 어떤 하루들을 보내고 있었는지 살짝 보여드릴게요!
예술감독님과 단원들이 함께 연습하고, 웃고, 진지해지는 그 순간들까지— 무대에 오르기 전의 부산시향을 담았습니다🎻

홍석원 예술감독과 부산시향 단원들의 진짜 리허설 모먼트, 함께 보실래요?

📌클래식 무대 뒤의 이야기가 궁금하다면
👉구독과 좋아요 그리고 알림 설정, 잊지 마세요!

#부산시립교향악단 #브이로그 #클래식비하인드

🎟 6월 공연 및 프로그램 안내:

[부산시립교향악단 기획음악회 ""미완성 음악회Ⅳ""]

▶ 일시 및 장소
2025년 6월 18일 (수) 19:30 / 부산문화회관 대극장

▶ 출연
지휘 | 홍석원
연주 | 부산시립교향악단

▶ 프로그램
쇼스타코비치 | 교향곡 제10번 3-4악장

▶ 공연문의
051)607-6000(ARS 1번)

[부산시립교향악단 제621회 정기연주회 ""DSCH""]

▶ 일시 및 장소
2025년 6월 19일 (수) 19:30 / 부산문화회관 대극장

▶ 출연
지휘 | 홍석원
첼로 | 최하영
연주 | 부산시립교향악단

▶ 프로그램
쇼스타코비치 | 첼로 협주곡 제1번
쇼스타코비치 | 교향곡 제10번

▶ 공연문의
051)607-6000(ARS 1번)

🎟 7월 공연 및 프로그램 안내:

[부산시립교향악단 제622회 정기연주회 ""여름, 목가""]

▶ 일시 및 장소
2025년 7월 10일 (목) 19:30 / 부산콘서트홀

▶ 출연
지휘 | 홍석원
피아노 | 폴 루이스
연주 | 부산시립교향악단

▶ 프로그램
베토벤 | 피아노 협주곡 제4번
브람스 | 교향곡 제2번

▶ 공연문의
051)607-6000(ARS 1번)",UCeySqDu5BowY_RD5sVYIYug,부산시립예술단TV,2025-06-13T05:45:25Z,279,4.65,False,2192.0,38.0,2.0,https://www.youtube.com/watch?v=Xr8N-wl0R7c,2630,551,PF260811,"부산시립교향악단 기획음악회, 미완성 음악회 Ⅲ",서양음악(클래식),부산문화회관 대극장,2025-04-10,2025-04-10,,,,shard_57,confirmed,"signal_scorer: verified->review 재검토 필요 (날짜 불일치 감지, 자동삭제 아님)",general
N_SyIeSe6EQ,[부산시립교향악단] 미완성 음악회Ⅳ 하이라이트.zip,"2025년 6월, 제621회 정기연주회의 오픈 리허설 ‘미완성 음악회’에서는 쇼스타코비치 교향곡 제10번의 3, 4악장 리허설 무대가 펼쳐졌습니다. 이번 비하인드에서는 미완성 음악회의 재밌는 순간들만 모아 하이라이트로 전해드립니다! 무대 위 생생한 리허설, 그 특별한 매력을 함께 느껴보세요🎻

📌클래식 무대 뒤의 이야기가 궁금하다면
👉구독과 좋아요 그리고 알림 설정, 잊지 마세요!
#부산시립교향악단 #브이로그 #미완성음악회
다가오는 부산시립교향악단의 공연도 많은 관심과 사랑 부탁드립니다🫶

🎟 8월 공연 및 프로그램 안내:
[부산시립교향악단 기획음악회 실내악 시리즈 Ⅲ 『줌인 Ⅱ』]
▶ 일시 및 장소
2025년 8월 12일 (화) 19:30 / 부산문화회관 챔버홀
▶ 출연
튜바 | 임정빈
피아노 | 백진주
▶ 프로그램
브람스 | 다섯 개의 가곡 中 제1번 ‘저녁 음악’
힌데미트 | 튜바와 피아노를 위한 소나타
윌리엄스 | 튜바 협주곡
텔레만 | 환상곡 제7번
생상스 | 동물의 사육제 中 ‘백조’
윌리엄스 | 튜바 협주곡
▶ 공연문의
051)607-6000(ARS 1번)",UCeySqDu5BowY_RD5sVYIYug,부산시립예술단TV,2025-08-01T04:52:14Z,242,4.03,False,1012.0,20.0,1.0,https://www.youtube.com/watch?v=N_SyIeSe6EQ,2630,551,PF260710,"부산시립교향악단 기획음악회, 실내악 시리즈 Ⅱ: 줌인 Ⅰ",서양음악(클래식),부산문화회관 챔버홀,2025-04-30,2025-04-30,,,,shard_58,confirmed,"signal_scorer: verified->review 재검토 필요 (날짜 불일치 감지, 자동삭제 아님)",general
kQ8zAm1s3f0,"발레 호두까기인형, 호두까기인형과 할아버지 춤 - 국립발레단 (The Nutcracker, The Nutcracker and Grandfather dance), 2019.12.25","국립발레단, 호두까기인형
2019.12.25
호두까기인형과 할아버지의 춤

드로셀마이어 : 송정빈
호두까기인형 : 리유 콜레트
어린 마리 : 안희주
----------------
Korean National Ballet, The Nutcracker
2019.12.25
The Nutcracker and Grandfather dance

Drosselmeyer : Jungbin Song
Nutcracker doll : Colette Rieu
Marie : Heeju Ahn",UCyxHFuLDszEV2j7Uy3FuVjQ,Ballet Log,2021-12-19T12:43:20Z,185,3.08,False,192606.0,691.0,29.0,https://www.youtube.com/watch?v=kQ8zAm1s3f0,2300,97,PF250884,"국립발레단, 호두까기인형 [천안]",무용(서양/한국무용),천안예술의전당 대공연장,2024-11-23,2024-11-24,,,,shard_59,confirmed,"signal_scorer: verified->review 재검토 필요 (날짜 불일치 감지, 자동삭제 아님)",general
01yllz8au8s,Farinelli (파리넬리) / Son qual nave ch'agitata / 나는 파도를 가르는 배 / 카운터테너 루이스초이 / 룩스필하모닉 오케스트라 / 지휘 조상익,"2018.12.13 / 제2회 룩스필하모닉 오케스트라 정기연주회


Farinelli(파리넬리) / 
Son qual nave ch'agitata / 나는 파도를 가르는 배 / 
Counter Tenor, Louis CHOI /카운터테너 루이스초이 / 
Luxe Philharmonic Orchestra / 룩스필하모닉 오케스트라 / 지휘 조상익",UCQ2K-lNWbLrbGfn60skNWJw,Luxe Philharmonic룩스필하모닉오케스트라,2021-03-27T14:08:19Z,229,3.82,False,400.0,26.0,0.0,https://www.youtube.com/watch?v=01yllz8au8s,161,23,PF219472,파리넬리 [익산],뮤지컬,익산예술의전당 대공연장,2023-07-07,2023-07-08,,,,shard_59,confirmed,"signal_scorer: verified->review 재검토 필요 (날짜 불일치 감지, 자동삭제 아님)",general
f9c_D2HunXw,"4월, 정오의 음악선물","비가 계속되는 어제, 오늘....
어디선가 여유있으면서 힘있는 소리가 들려 가보니
국립국악관현악단이 4월 정오의 음악선물을 준비하고 있었습니다~
멋진 거문고 소리가 아침부터 황홀하게+_+
4월 정오의 음악회에서 만나요~
@국립국악관현악단
2017.4.12
#4월의게스트_마이클리",UCJ55axexMkXqp1Fgwvmdsgg,국립극장 National Theater of Korea,2017-04-06T00:16:40Z,99,1.65,False,252.0,6.0,0.0,https://www.youtube.com/watch?v=f9c_D2HunXw,37700,1210,PF269604,"국립국악관현악단, 정오의 음악회 (12월)",한국음악(국악),국립극장 해오름극장,2025-12-04,2025-12-04,,,,shard_59,confirmed,"signal_scorer: verified->review 재검토 필요 (날짜 불일치 감지, 자동삭제 아님)",general
cD7d9JAycE0,"A. Dvorak - Woodwind Quintet in F Major 1,4 mv. (from String Quartet Op.96 American)","부산시립청소년교향악단 특별연주회
유망주음악회 ‘WITH’
2022.07.30


Cabrette Woodwind Quintet / 까브레뜨 목관5중주

Fl. 강재현
Ob. 이재민
Cla. 변창현
Fg. 김가원
Hn. 성지은",UC6W3MWvx8Jcwpn3kuiqmOFQ,변창현,2022-08-24T23:21:10Z,752,12.53,False,1212.0,12.0,0.0,https://www.youtube.com/watch?v=cD7d9JAycE0,21,4,PF233325,"부산시립청소년교향악단 특별연주회, 유망주음악회: Ensemble",서양음악(클래식),부산문화회관 챔버홀,2024-01-27,2024-01-27,,,,shard_59,confirmed,"signal_scorer: verified->review 재검토 필요 (날짜 불일치 감지, 자동삭제 아님)",general
VMUsSEhxv1c,"연극 '조씨고아, 복수의 씨앗' | 하이라이트","연극 ""조씨고아, 복수의 씨앗""
기군상 작 / 고선웅 각색·연출
2017.01.18.-02.12.
@명동예술극장
http://bit.ly/2hAnk8d




_
영상 촬영 및 편집: 오슬로 프로젝트",UC-2Nn7WrZJkx1m-g_Y0Gf2Q,국립극단,2017-01-26T02:29:06Z,31,0.52,True,8197.0,60.0,6.0,https://www.youtube.com/watch?v=VMUsSEhxv1c,24700,811,PF269536,"조씨고아, 복수의 씨앗",연극,국립극장 해오름극장,2025-11-21,2025-11-30,,,,shard_6,confirmed,"signal_scorer: verified->review 재검토 필요 (날짜 불일치 감지, 자동삭제 아님)",shorts
CxgI1vdWa3U,PLAY 연극 조씨고아 복수의 씨앗 관객과의 대화 1 - 고선웅 연출/하성광/장두이,"*사진 촬영 가능

2021/4/11
K-PLAY 연극 조씨고아 복수의 씨앗 관객과의 대화 1
고선웅 연출/하성광/장두이
이지현/우정원/김영/박용수/임형택/조연호/성노진/장재호/호산/강득종/김명기/전유경/김도완/홍사빈
﻿명동예술극장",UC6_8FcuWvXfxpH0Y9mLbQLQ,j,2021-04-18T16:46:26Z,912,15.2,False,263.0,0.0,0.0,https://www.youtube.com/watch?v=CxgI1vdWa3U,1390,2342,PF269536,"조씨고아, 복수의 씨앗",연극,국립극장 해오름극장,2025-11-21,2025-11-30,,,,shard_6,confirmed,"signal_scorer: verified->review 재검토 필요 (날짜 불일치 감지, 자동삭제 아님)",general
-EVJWTo8gJg,뮤지컬 수박수영장 2024 MV📽️ [우리 마을 장터]🧅🌶️🌽🧄,"2024 뮤지컬 수박수영장📽️ 뮤직 비디오 
🎤우리 마을 장터 🎵

진희가 오랫만에 할아버지 댁에 놀러왔어요!
모든게 낮설지만, 마을 주민들은 진희를 반겨주네요!

🌶️🌽🥦🥬🧄🥕🧅
오세요(보세요)
사세요(파세요)
원하는 게 있다면 말씀만 하세요
당신이 찾는 모든 것 없는 거 빼곤 다 있는 
여기는 우리 마을 장터
 
오세요(보세요) 사세요(파세요)
망설이면 늦어요 일단 집으세요
일주일에 딱 하루 그 하루가 바로 오늘 
여기는 우리 마을 장터
🌶️🌽🥦🥬🧄🥕🧅

뮤지컬 수박수영장
2024.07.06-08.25
국립중앙박물관 극장용

𝐌𝐮𝐬𝐢𝐜𝐚𝐥 𝐖𝐚𝐭𝐞𝐫𝐦𝐞𝐥𝐨𝐧 𝐒𝐰𝐢𝐦𝐦𝐢𝐧𝐠 𝐏𝐨𝐨𝐥  𝐦𝐮𝐬𝐢𝐜 𝐯𝐢𝐝𝐞𝐨
제작 :  에이엠컬처 (AMculture)
contact : amculture3@naver.com",UC1KHuD5mpgU-4DL6UatlVcA,AM컬처ㅣ에이엠컬처 뮤지컬,2024-07-24T04:32:23Z,149,2.48,False,8808.0,330.0,6.0,https://www.youtube.com/watch?v=-EVJWTo8gJg,4800,113,PF216772,수박 수영장 [함안],뮤지컬,함안문화예술회관 대공연장,2023-06-23,2023-06-24,,,,shard_6,confirmed,"signal_scorer: verified->review 재검토 필요 (날짜 불일치 감지, 자동삭제 아님)",general
lBEDNIMtzMQ,수박수영장 (feat. 권민수),"Provided to YouTube by UMAG

수박수영장 (feat. 권민수) · 에이엠컬처

뮤지컬 수박수영장 (Original Musical Soundtrack)

℗ 2022 ㈜에이엠컬처

Released on: 2022-08-16

Auto-generated by YouTube.",UCohnpqsMjnmLynwGz04-CUQ,에이엠컬처 - Topic,2025-11-19T15:41:33Z,168,2.8,False,880.0,6.0,0.0,https://www.youtube.com/watch?v=lBEDNIMtzMQ,97,34,PF216772,수박 수영장 [함안],뮤지컬,함안문화예술회관 대공연장,2023-06-23,2023-06-24,,,,shard_6,confirmed,"signal_scorer: verified->review 재검토 필요 (날짜 불일치 감지, 자동삭제 아님)",shorts
sHKNeFPbwuY,뮤지컬 수박수영장의 마지막 이벤트💃 댄스 챌린지에 도전하세요! #수박수영장 #뮤지컬수박수영장 #극장용 #댄스챌린지 #뮤지컬댄스 #우리는씨앗요정,"뮤지컬 수박수영장의 마지막 이벤트
댄스 챌린지에 참여하세요!

뮤지컬 수박수영장
국립중앙박물관 극장 용
2024.08.25까지
   
노래 : 뮤지컬 수박수영장 OST '우리는 씨앗요정'",UC1KHuD5mpgU-4DL6UatlVcA,AM컬처ㅣ에이엠컬처 뮤지컬,2024-08-09T05:07:14Z,20,0.33,True,3930.0,32.0,3.0,https://www.youtube.com/watch?v=sHKNeFPbwuY,4800,113,PF216772,수박 수영장 [함안],뮤지컬,함안문화예술회관 대공연장,2023-06-23,2023-06-24,,,,shard_6,confirmed,"signal_scorer: verified->review 재검토 필요 (날짜 불일치 감지, 자동삭제 아님)",shorts
-vmX4ubiNrg,[AMculture] 2024년 뮤지컬 수박수영장 홍보영상 🍉🏊‍♀️Musical Watermelon Swimming Pool official spot video,"Musical Watermelon Swimming Pool official spot video
뮤지컬 수박수영장🍉의 공식 홍보영상입니다의 공식 홍보영상입니다

Production : AMCULUTRE 에이엠컬처
ⓒ 2024 AMCULTURE. All Rights Reserved.
Contact US : amculture4@naver.com

📣2024년, 올 여름에도 수박수영장이 
'국립중앙박물관 극장 용'에서 개장합니다!
올해 마지막 서울 공연이니 모두들 예매를 서두루세요!

[공연정보]
2024.07.06~08. 25
국립중앙박물관 극장 용🐲
National Museum of Korea Theater Yong

어서 예매를서두르세요
가장 좋은 자리는 지금부터!  🍉🏊‍♀️",UC1KHuD5mpgU-4DL6UatlVcA,AM컬처ㅣ에이엠컬처 뮤지컬,2024-06-07T10:42:17Z,79,1.32,False,9879.0,498.0,12.0,https://www.youtube.com/watch?v=-vmX4ubiNrg,4800,113,PF216772,수박 수영장 [함안],뮤지컬,함안문화예술회관 대공연장,2023-06-23,2023-06-24,,,,shard_6,confirmed,"signal_scorer: verified->review 재검토 필요 (날짜 불일치 감지, 자동삭제 아님)",general
qx9-5JTWFLc,"[인간극장🎬노인과 바다 그 후⭑Full] ⛵️ 71살, 6년 만에 이룬 어부의 꿈 | KBS 방송","🎬 인간극장 레전드.zip 🎬
 2016.10.17.~10.21. 방송

⏱️타임라인⏱️
00:05 하이라이트
01:13 1부
32:57 2부
01:04:08 3부
01:35:18 4부
02:06:00 5부

▫️재미있게 보셨다면 '구독 & 좋아요' 눌러 주세요.
▫️채널 원칙에 따라 영상이 ‘비공개’ 될 수 있습니다. 
▫️출연자에 대한 욕설 및 비방 댓글은 즉시 삭제됩니다.
▫️사전 고지 없이 댓글이 ‘사용 중지’ 될 수 있습니다. 

#인간극장 #인간극장레전드 #노인과바다그후",UC6wiUwl7dPhZOAM92lGgKPg,KBS HUMAN : 뭉클티비,2024-06-20T10:00:55Z,9433,157.22,False,779766.0,4987.0,307.0,https://www.youtube.com/watch?v=qx9-5JTWFLc,1960000,12311,PF245601,노인과 바다,한국음악(국악),국립극단 [명동] 명동예술극장,2024-09-13,2024-09-14,,,,shard_6,confirmed,"signal_scorer: verified->review 재검토 필요 (날짜 불일치 감지, 자동삭제 아님)",general
4zmpqy02TXA,[제25회 KBS한전음악콩쿠르 대상선정연주회] 바리톤_김건 | KBS1TV 181031 방송,"[제25회 KBS한전음악콩쿠르 대상선정연주회] 2018.10.31. KBS1TV 방송
바리톤_김건
모차르트 / 오페라 피가로의 결혼 中 벌써 다 이긴 셈이다 (W.A.Mozart / Opera Le Nozze di Figaro - Hai gia vinata la causa) 

지휘 : 윤현진 
연주 : KBS교향악단
연주일 : 2018.10.08. 
연주장소 : KBS홀

#KBS한전음악콩쿠르 #바리톤 #김건",UCMGoSdb5_4zQUP82aDu9ylA,KBS 문화공간,2022-01-12T06:35:02Z,312,5.2,False,1557.0,20.0,2.0,https://www.youtube.com/watch?v=4zmpqy02TXA,10900,290,PF268394,피가로의 결혼 [광주],서양음악(클래식),광주 예술의 전당 소극장,2025-07-25,2025-07-26,,,,shard_6,confirmed,"signal_scorer: verified->review 재검토 필요 (날짜 불일치 감지, 자동삭제 아님)",general
rbp4DuA__D4,[해운대구립소년소녀합창단]  별처럼 (류지현 이보배),"해운대구립소년소녀합창단
제31회 정기연주회 
2022.11.12 17:00 해운대문화회관 해운홀
음악감독 (지휘) : 권영기 
반주 : 김민희  / 트레이너 : 박지은, 정재연  / 안무 : 이윤혜

1999년 창단한 해운대구립 소년소녀합창단은
23년의 역사와 전통을 지닌 부산의 관광특구 해운대를 대표하는 
문화 예술단으로 현재까지 31회의 정기 연주회 개최를 비롯해 
제1회 부산 국제 영화제 개막식 초청 공연 및 
부산항 개항 133-142-143주년 기념행사 초청 공연
세계적인 소프라노 조수미, 가수 인순이씨, 양희은 씨와 협연
제14회 부산국제 합창대회 “특별상” 수상 등
매년 관 내외 연 15~20회 이상의 공연과 행사 지원을 통해 
부산시민들과 해운대 구민들을 위해 웃음과 감동의 하모니를 
선사하며 미래의 꿈을 키워가고 있는 해운대구의 상징적인 
명문 소년소녀 합창단.

2022년 연주 활동 (12회)
05.20 부산청소년예술제 부산음악협회 초청공연 (부산문화회관 챔버홀)
06.25 2022 오페라주역초청음악제 초청공연 (부산문화회관 중극장)
07.20 부산외교포럼 창립식 및 기념 세미나 (웨스틴조선 그랜드볼륨)
      2030 부산월드엑스포 성공유치기원 이영희 특별 패션쇼 초청공연
08.26 2022 통일음악회 남북 가곡의 밤 통일문화교류협회  
09.24 2022 부산 V-Festival 개최식 초청공연 (부산자원봉사연합회)
10.22 해운대구 달빛 공연 (해운대 달맞이 공원) 
11.12 제31회 정기연주회 (해운대문화회관 해운홀)
12.03 2022 평화야~가자! (부산 진구청대강당)
12.08 평화통일 음악회 아지무스오페라단 초청 (부산시민회관)  
12.09 2022 부산자원봉사자 대회 시상식 (부산 백스코)
12.09 부산교통공사주최 청소년사회공헌합창제(부산교대 그랜드홀)
12.28 Fragrance Choir 창단공연 초청공연 (해운대문화회관)",UCDd5YhlnRL8O5VBeoXqmjtg,bluchoir,2022-11-30T07:59:54Z,206,3.43,False,823.0,16.0,0.0,https://www.youtube.com/watch?v=rbp4DuA__D4,872,325,PF280599,제34회 해운대구립 소년소녀합창단 정기연주회 [부산],서양음악(클래식),(재) 영화의전당 하늘연극장,2025-12-06,2025-12-06,,,,shard_6,confirmed,"signal_scorer: verified->review 재검토 필요 (날짜 불일치 감지, 자동삭제 아님)",general
7YcvFbz5Vo0,[해운대구립소년소녀합창단] 기울어진 우산 (류지현 이보배),"해운대구립소년소녀합창단
제31회 정기연주회 
2022.11.12 17:00 해운대문화회관 해운홀
음악감독 (지휘) : 권영기 
반주 : 김민희  / 트레이너 : 박지은, 정재연  / 안무 : 이윤혜

1999년 창단한 해운대구립 소년소녀합창단은
23년의 역사와 전통을 지닌 부산의 관광특구 해운대를 대표하는 
문화 예술단으로 현재까지 31회의 정기 연주회 개최를 비롯해 
제1회 부산 국제 영화제 개막식 초청 공연 및 
부산항 개항 133-142-143주년 기념행사 초청 공연
세계적인 소프라노 조수미, 가수 인순이씨, 양희은 씨와 협연
제14회 부산국제 합창대회 “특별상” 수상 등
매년 관 내외 연 15~20회 이상의 공연과 행사 지원을 통해 
부산시민들과 해운대 구민들을 위해 웃음과 감동의 하모니를 
선사하며 미래의 꿈을 키워가고 있는 해운대구의 상징적인 
명문 소년소녀 합창단.

2022년 연주 활동 (12회)
05.20 부산청소년예술제 부산음악협회 초청공연 (부산문화회관 챔버홀)
06.25 2022 오페라주역초청음악제 초청공연 (부산문화회관 중극장)
07.20 부산외교포럼 창립식 및 기념 세미나 (웨스틴조선 그랜드볼륨)
      2030 부산월드엑스포 성공유치기원 이영희 특별 패션쇼 초청공연
08.26 2022 통일음악회 남북 가곡의 밤 통일문화교류협회  
09.24 2022 부산 V-Festival 개최식 초청공연 (부산자원봉사연합회)
10.22 해운대구 달빛 공연 (해운대 달맞이 공원) 
11.12 제31회 정기연주회 (해운대문화회관 해운홀)
12.03 2022 평화야~가자! (부산 진구청대강당)
12.08 평화통일 음악회 아지무스오페라단 초청 (부산시민회관)  
12.09 2022 부산자원봉사자 대회 시상식 (부산 백스코)
12.09 부산교통공사주최 청소년사회공헌합창제(부산교대 그랜드홀)
12.28 Fragrance Choir 창단공연 초청공연 (해운대문화회관)",UCDd5YhlnRL8O5VBeoXqmjtg,bluchoir,2022-11-30T07:59:36Z,181,3.02,False,257.0,5.0,0.0,https://www.youtube.com/watch?v=7YcvFbz5Vo0,872,325,PF280599,제34회 해운대구립 소년소녀합창단 정기연주회 [부산],서양음악(클래식),(재) 영화의전당 하늘연극장,2025-12-06,2025-12-06,,,,shard_6,confirmed,"signal_scorer: verified->review 재검토 필요 (날짜 불일치 감지, 자동삭제 아님)",general
i90Mg7ocgp0,2023 트라이보울 재즈 페스티벌 | 웅산 ”별주부전 토끼이야기“ 재즈 국악을 품다,"2023.08.26

#인천송도 #트라이보울

#트라이보울재즈페스티벌 #재즈페스티벌 #인천페스티벌

#웅산 #웅산재즈 #Woongsan #별주부전 #별주부전재즈 #국악재즈 #퓨전재즈",UCgwyCZtJmN61JXDVAILna0w,uzoooin,2023-08-27T01:22:06Z,447,7.45,False,1843.0,17.0,0.0,https://www.youtube.com/watch?v=i90Mg7ocgp0,211,235,PF269763,별주부전 [목포],한국음악(국악),목포문화예술회관,2025-08-02,2025-08-02,,,,shard_6,confirmed,"signal_scorer: verified->review 재검토 필요 (날짜 불일치 감지, 자동삭제 아님)",general
wp8ZmDHw6Xk,2023온세대합창페스티벌 아이누리 월드비전강원어린이합창단 지휘박윤미,"2023.8.26
온세대합창페스티벌 아이누리
브레멘음악대 중 우린힘들어
(모짜르트 터키행진곡)
지휘 박윤미
피아노 김시온

#2023온세대합창페스티벌
#온세대합창페스티벌
#월드비전강원어린이합창단
#지휘박윤미
#브레멘음악대
#터기행진곡
#아이누리",UCC_9wk_7toCutOj8JQ2P4vA,Yunmi Park,2023-08-31T07:23:32Z,257,4.28,False,400.0,11.0,0.0,https://www.youtube.com/watch?v=wp8ZmDHw6Xk,74,44,PF290796,브레멘 음악대 [보령],서양음악(클래식),보령문화예술회관 대공연장,2026-05-16,2026-05-16,,,,shard_6,confirmed,"signal_scorer: verified->review 재검토 필요 (날짜 불일치 감지, 자동삭제 아님)",general
TkUmpLh9r4E,"[#공연실황Pick] 4K | G. Gershwin - I Got Rhythm (arr. 안성민) / 첼리스타 첼로 앙상블의 G. 거슈윈, 아이 갓 리듬 (편곡: 안성민)","2023.06.18 여수 GS칼텍스 예울마루 대극장
「여수에코국제음악제」 3일차 공연 중 앙코르 연주


▶️프로그램

G. 거슈윈 - 아이 갓 리듬 (편곡: 안성민)
G. Gershwin - I Got Rhythm (Arr. Sung-Min Ahn)

▶️연주

첼리스타 첼로 앙상블
Cellista Cello Ensemble

Vc.   박상민, 김민지, 주연선, 강미사, 김소연, 심준호, 양지욱, 이경준, 이상은, 임재성, 장우리, 장혜리
Vc.   Sangmin Park, Min-Ji Kim, Yeonsun Joo, Misa Kang, Soyun Kim, Joon Ho Shim, Jiwook Yang, Kyung-Jun Lee, Sang Eun Lee, Jae Sung Lim, Woori Jang, Hyeri Jang

상주 작곡가   안성민
Composer-in-Residence    Sung-Min Ahn


📌전체 영상은 추후 한경arteTV 'TV콘서트 클래식와이드'를 통해 방송됩니다.



#첼리스타첼로앙상블 #cellistacelloensemble #cello #첼로 #박상민 #김민지 #주연선 #강미사 #김소연 #심준호 #양지욱 #이경준 #이상은 #임재성 #장우리 #장혜리 #안성민 #여수에코국제음악제 #한경arte #한경아르떼 #한경arteTV #클래식와이드 #k클래식 #kclassic #classic 


✅ 구독 | 좋아요 | 알림  설정하시면 
       고품격 문화예술 프로그램을 즐기실 수 있습니다!

✅ 대한민국 문화예술의 중심 한경arteTV
       All that Arts & Culture! Hankyung arteTV
      
✅ 한경arteTV | SNS 채널 안내
👉 Homepage 홈페이지
      http://www.artetv.co.kr/

👉 YOUTUBE 유튜브 
      https://www.youtube.com/@Hankyung_arteTV

👉 Instargram 인스타그램
      https://www.instagram.com/hankyungartetv/

👉 Facebook 페이스북
      https://www.facebook.com/arte.co.kr/

✅  한경arteTV는 전국 3천만 가구를 대상으로 다양한 문화 예술 콘텐츠를 방송하고 있습니다. 많은 관심과 시청 바랍니다.

👉 TV 채널 번호  
       
[IPTV]
 KT GenieTV(140) .  SK Btv(206) .  LG U+tv(230)

[위성방송]
Skylife(303)

[케이블]
LG Hellovision(270) . D'Live(160) . SKB Cable(구, 티브로드)(105) . HCN(226) . CMB(대전 59-2) JCN울산중앙방송(191) . 서경방송(143) . GCS푸른방송(132)


✅ 한경arteTV는 사업, 공연, 전시, 콘텐츠, 온라인, 모바일 등 외부 단체와 다양한 형태의 제휴가 가능합니다. 연주 단체나 아티스트가 본인의 공연을 방송하시기 희망하시는 경우, 외부 공연을 중계차로 녹화 또는 생중계 방송으로 제작하여 송출해드립니다.

👉 Contact us  |  출연 및 제작 제휴 문의 방법
      T : +82 2-360-4785 (Seoul, Korea) 
      E : hkarte@arte.co.kr",UCPglj7zGwmOlH8_31Tpgh8Q,한경arteTV,2023-08-04T08:28:04Z,78,1.3,False,3078.0,45.0,1.0,https://www.youtube.com/watch?v=TkUmpLh9r4E,116000,3882,PF276228,첼리스타 첼로 앙상블 [대구],서양음악(클래식),대덕문화전당,2025-11-29,2025-11-29,,,,shard_6,confirmed,"signal_scorer: verified->review 재검토 필요 (날짜 불일치 감지, 자동삭제 아님)",general
-EVJWTo8gJg,뮤지컬 수박수영장 2024 MV📽️ [우리 마을 장터]🧅🌶️🌽🧄,"2024 뮤지컬 수박수영장📽️ 뮤직 비디오 
🎤우리 마을 장터 🎵

진희가 오랫만에 할아버지 댁에 놀러왔어요!
모든게 낮설지만, 마을 주민들은 진희를 반겨주네요!

🌶️🌽🥦🥬🧄🥕🧅
오세요(보세요)
사세요(파세요)
원하는 게 있다면 말씀만 하세요
당신이 찾는 모든 것 없는 거 빼곤 다 있는 
여기는 우리 마을 장터
 
오세요(보세요) 사세요(파세요)
망설이면 늦어요 일단 집으세요
일주일에 딱 하루 그 하루가 바로 오늘 
여기는 우리 마을 장터
🌶️🌽🥦🥬🧄🥕🧅

뮤지컬 수박수영장
2024.07.06-08.25
국립중앙박물관 극장용

𝐌𝐮𝐬𝐢𝐜𝐚𝐥 𝐖𝐚𝐭𝐞𝐫𝐦𝐞𝐥𝐨𝐧 𝐒𝐰𝐢𝐦𝐦𝐢𝐧𝐠 𝐏𝐨𝐨𝐥  𝐦𝐮𝐬𝐢𝐜 𝐯𝐢𝐝𝐞𝐨
제작 :  에이엠컬처 (AMculture)
contact : amculture3@naver.com",UC1KHuD5mpgU-4DL6UatlVcA,AM컬처ㅣ에이엠컬처 뮤지컬,2024-07-24T04:32:23Z,149,2.48,False,8808.0,330.0,6.0,https://www.youtube.com/watch?v=-EVJWTo8gJg,4800,113,PF219630,수박 수영장 [거창],뮤지컬,거창문화센터 공연장,2023-06-16,2023-06-17,,,,shard_60,confirmed,"signal_scorer: verified->review 재검토 필요 (날짜 불일치 감지, 자동삭제 아님)",general
-vmX4ubiNrg,[AMculture] 2024년 뮤지컬 수박수영장 홍보영상 🍉🏊‍♀️Musical Watermelon Swimming Pool official spot video,"Musical Watermelon Swimming Pool official spot video
뮤지컬 수박수영장🍉의 공식 홍보영상입니다의 공식 홍보영상입니다

Production : AMCULUTRE 에이엠컬처
ⓒ 2024 AMCULTURE. All Rights Reserved.
Contact US : amculture4@naver.com

📣2024년, 올 여름에도 수박수영장이 
'국립중앙박물관 극장 용'에서 개장합니다!
올해 마지막 서울 공연이니 모두들 예매를 서두루세요!

[공연정보]
2024.07.06~08. 25
국립중앙박물관 극장 용🐲
National Museum of Korea Theater Yong

어서 예매를서두르세요
가장 좋은 자리는 지금부터!  🍉🏊‍♀️",UC1KHuD5mpgU-4DL6UatlVcA,AM컬처ㅣ에이엠컬처 뮤지컬,2024-06-07T10:42:17Z,79,1.32,False,9879.0,498.0,12.0,https://www.youtube.com/watch?v=-vmX4ubiNrg,4800,113,PF219630,수박 수영장 [거창],뮤지컬,거창문화센터 공연장,2023-06-16,2023-06-17,,,,shard_60,confirmed,"signal_scorer: verified->review 재검토 필요 (날짜 불일치 감지, 자동삭제 아님)",general
sHKNeFPbwuY,뮤지컬 수박수영장의 마지막 이벤트💃 댄스 챌린지에 도전하세요! #수박수영장 #뮤지컬수박수영장 #극장용 #댄스챌린지 #뮤지컬댄스 #우리는씨앗요정,"뮤지컬 수박수영장의 마지막 이벤트
댄스 챌린지에 참여하세요!

뮤지컬 수박수영장
국립중앙박물관 극장 용
2024.08.25까지
   
노래 : 뮤지컬 수박수영장 OST '우리는 씨앗요정'",UC1KHuD5mpgU-4DL6UatlVcA,AM컬처ㅣ에이엠컬처 뮤지컬,2024-08-09T05:07:14Z,20,0.33,True,3931.0,32.0,3.0,https://www.youtube.com/watch?v=sHKNeFPbwuY,4800,113,PF219630,수박 수영장 [거창],뮤지컬,거창문화센터 공연장,2023-06-16,2023-06-17,,,,shard_60,confirmed,"signal_scorer: verified->review 재검토 필요 (날짜 불일치 감지, 자동삭제 아님)",shorts
JzALG2cAhn8,Mahler: Symphony No. 5: IV. Adagietto. Sehr langsam (“Decision to Leave”/ Live at Seoul Arts...,"Provided to YouTube by Universal Music Group

Mahler: Symphony No. 5: IV. Adagietto. Sehr langsam (“Decision to Leave”/ Live at Seoul Arts Center, South Korea, 2014) · Seoul Philharmonic Orchestra · Myung-Whun Chung

Mahler Symphony No.5

℗ 2015 SPO

Released on: 2015-06-22

Producer: Michael Fine
Composer: Gustav Mahler

Auto-generated by YouTube.",UCZwE-b-kzA4pQaCQXwOQnlg,Seoul Philharmonic Orchestra - Topic,2018-07-29T22:09:20Z,688,11.47,False,515143.0,4676.0,0.0,https://www.youtube.com/watch?v=JzALG2cAhn8,6710,81,PF275202,Seoul Philharmonic Orchestra: SPO DAY,서양음악(클래식),세종문화회관 세종체임버홀,2025-10-14,2025-10-14,,,,shard_60,confirmed,"signal_scorer: verified->review 재검토 필요 (날짜 불일치 감지, 자동삭제 아님)",general
BLKYgTBlzi0,MUSICAL 배리어프리 뮤지컬 헬렌앤미 커튼콜 - ﻿﻿정소리/권수현/정문길/유도겸/조흠/오혜리/홍유정/정경훈,"*커튼콜 촬영 가능

2021/7/9
K-MUSICAL 배리어프리 뮤지컬 헬렌앤미 커튼콜
﻿﻿정소리/권수현/정문길/유도겸/조흠/오혜리/홍유정/정경훈
﻿안산문화예술의전당 달맞이극장",UC6_8FcuWvXfxpH0Y9mLbQLQ,j,2021-07-20T01:41:16Z,174,2.9,False,534.0,3.0,0.0,https://www.youtube.com/watch?v=BLKYgTBlzi0,1390,2343,PF231846,헬렌 앤 미 [김포],뮤지컬,통진두레문화센터 두레홀,2023-12-16,2023-12-16,,,,shard_60,confirmed,"signal_scorer: verified->review 재검토 필요 (날짜 불일치 감지, 자동삭제 아님)",general
yMSaAoO6--0,[온라인중계] 국립오페라단 '한여름 밤의 오페라 여행' 네이버 온라인 녹화중계 8.28(토) 19:30,"마지막 여름 밤, 화려한 오페라 축제가 시작된다!
콘서트 '한여름 밤의 오페라 여행'
⠀
다음주 28일(토) 저녁 7시 30분
국립오페라단 네이버TV에서 콘서트 '한여름 밤의 오페라 여행'이
온라인 녹화중계 됩니다🥳
⠀
7월 30일(금) 원주 간현관광지 미디어파사드에서
무관중 촬영으로 진행된 '한여름 밤의 오페라 여행'

비제 '카르멘', 베르디 '라 트라비아타', '리골레토'
구노 '파우스트', '로미오와 줄리엣' 등
⠀
오페라 애호가는 물론 초심자까지 즐길 수 있는 공연!
⠀
8월 마지막 여름 밤,
코로나 악화로 공연을 즐기지 못하는 아쉬움을
랜선으로 함께 날려보아요💨💨
⠀
• 2021.8.28.(토) 19:30
• 국립오페라단 🟢𝗡𝗔𝗩𝗘𝗥 𝗧𝗩 #무료 녹화중계
⠀
⠀
𝗖𝗮𝘀𝘁
sᴏᴘ. 김순영 윤상아 조화영
ᴍ.sᴏᴘ. 백재은
ᴛᴇɴ. 윤병길 정호윤 허영훈 정재윤
ʙᴀʀ. 김동원 정승기

국립오페라단 네이버TV https://tv.naver.com/koreanationalopera
문의 02-580-3560 (국립오페라단)",UC6KCcAMTxQrBPS7d9Q1hyug,국립오페라단 Korea National Opera,2021-08-19T07:52:34Z,39,0.65,True,675.0,6.0,0.0,https://www.youtube.com/watch?v=yMSaAoO6--0,7650,354,PF235664,"국립오페라단, 한여름 밤의 꿈",서양음악(클래식),예술의전당 [서울] 오페라극장,2024-04-11,2024-04-14,,,,shard_61,confirmed,"signal_scorer: verified->review 재검토 필요 (날짜 불일치 감지, 자동삭제 아님)",shorts
pv5l0O5O-0I,"초대가수최미미-적벽 가는길.2026.3.27 봄맞이 벚꽃축제[대구 유가읍]&인기가요 스타쇼.촬영-꼬뿌니이,b.h 골키퍼 TV,Music,(Kpop&Trot)","초대가수최미미-적벽 가는길.2026.3.27 봄맞이 벚꽃축제[대구 유가읍]&인기가요 스타쇼.촬영-꼬뿌니이,b.h 골키퍼 TV,Music,(Kpop&Trot)010-2628-7859
K.trot",UCgyQSCJjy7zpbS5YUIOq9WA,B.H 골키퍼 T.V,2026-03-30T08:43:53Z,228,3.8,False,164.0,4.0,2.0,https://www.youtube.com/watch?v=pv5l0O5O-0I,78400,32615,PF247845,적벽 [대구],뮤지컬,대구문화예술회관 팔공홀,2024-11-22,2024-11-24,,,,shard_61,confirmed,"signal_scorer: verified->review 재검토 필요 (날짜 불일치 감지, 자동삭제 아님)",general
W46l_tzj6bY,230104 2023 신년음악회 | 뮤지컬배우 김준수 🎼 앙코르 곡 입장 ✨️ '예술의전당 콘서트홀',"2023년 신년음악회〡뮤지컬배우 김준수
  
🗓  2023.01.04(수) 7:00 PM
📍예술의 전당 콘서트홀
  
🎼 앙코르 곡 시작 전 입장✨️

#김준수 #시아준수 #준수 #XIA #XIA준수 #金俊秀
#ジュンス #KIMJUNSU #XIAJUNSU",UCQdHH-4BzNd6iCa6niE5JiA,milujute,2023-01-05T10:02:58Z,558,9.3,False,1352.0,43.0,0.0,https://www.youtube.com/watch?v=W46l_tzj6bY,197,66,PF233945,"신년음악회, 뮤지컬 콘서트",복합,서귀포예술의전당 대극장,2024-01-25,2024-01-25,,,,shard_61,confirmed,"signal_scorer: verified->review 재검토 필요 (날짜 불일치 감지, 자동삭제 아님)",general
HkC6_bfD4eM,230104 2023 신년음악회 | 뮤지컬배우 김준수 🎼 앙코르 곡 : 아름다운 세상 '예술의전당 콘서트홀',"2023년 신년음악회〡뮤지컬배우 김준수
  
🗓  2023.01.04(수) 7:00 PM
📍예술의 전당 콘서트홀
  
🎼 앙코르 곡 : 아름다운 세상

#김준수 #시아준수 #준수 #XIA #XIA준수 #金俊秀
#ジュンス #KIMJUNSU #XIAJUNSU",UCQdHH-4BzNd6iCa6niE5JiA,milujute,2023-01-04T16:20:36Z,290,4.83,False,3984.0,99.0,3.0,https://www.youtube.com/watch?v=HkC6_bfD4eM,197,66,PF233945,"신년음악회, 뮤지컬 콘서트",복합,서귀포예술의전당 대극장,2024-01-25,2024-01-25,,,,shard_61,confirmed,"signal_scorer: verified->review 재검토 필요 (날짜 불일치 감지, 자동삭제 아님)",general
Uq2xTNjh0cY,230104 2023 신년음악회 | 뮤지컬배우 김준수 🎼 앙코르 곡 퇴장 전 코코넛들🥥에게 다정한 인사👋🏻👋🏻❤ '예술의전당 콘서트홀',"2023년 신년음악회〡뮤지컬배우 김준수
  
🗓  2023.01.04(수) 7:00 PM
📍예술의 전당 콘서트홀
  
🎼 앙코르 곡 퇴장 전 코코넛🥥들과 출연진분들께 인사 👋🏻👋🏻♥️


(⚠️ 확대를 할수록 점점 깨지는,,,ㅠ_ㅠ)

#김준수 #시아준수 #준수 #XIA #XIA준수 #金俊秀
#ジュンス #KIMJUNSU #XIAJUNSU",UCQdHH-4BzNd6iCa6niE5JiA,milujute,2023-01-05T16:06:39Z,40,0.67,True,5016.0,373.0,2.0,https://www.youtube.com/watch?v=Uq2xTNjh0cY,197,66,PF233945,"신년음악회, 뮤지컬 콘서트",복합,서귀포예술의전당 대극장,2024-01-25,2024-01-25,,,,shard_61,confirmed,"signal_scorer: verified->review 재검토 필요 (날짜 불일치 감지, 자동삭제 아님)",shorts
oQRxRKipI7k,제 21회 대구시향 대학생협주곡의 밤 : M. Ravel piano concerto in G Major (pf. 박효진),"M. Ravel - piano concerto in G Major 

I. Allegramente 
II. Adagio assai 
III. Presto 

2022.10.28
대구시립교향악단 제 21회 대구시향 대학생 협주곡의 밤
pf 박효진",UCFWPFDauyQbiYci1ehXRAEQ,효진,2022-12-12T16:16:53Z,1332,22.2,False,1611.0,23.0,7.0,https://www.youtube.com/watch?v=oQRxRKipI7k,160,12,PF249489,제23회 대구시립교향악단 대학생 협주곡의 밤,서양음악(클래식),대구콘서트하우스 그랜드홀 (대공연장) ,2024-10-25,2024-10-25,,,,shard_61,confirmed,"signal_scorer: verified->review 재검토 필요 (날짜 불일치 감지, 자동삭제 아님)",general
3gKikbFWZKM,장사익- 나그대에게 모두 드리리,"#2025.11.27 인천시민과 함께하는 가을 음악회
# 장소 : 인천 아트홀 센타 콘서트 홀
# 장사익- 나 그대에게 모두 드리리",UCegUuRU7PCp5kbUCPFG8dKw,인천 월천사 (bo moon Lee),2025-11-27T15:39:59Z,359,5.98,False,1053.0,22.0,0.0,https://www.youtube.com/watch?v=3gKikbFWZKM,508,181,PF289037,나 그대에게 [인천],연극,인천학생교육문화회관 싸리재홀(대공연장),2026-05-09,2026-05-09,,,,shard_61,confirmed,"signal_scorer: verified->review 재검토 필요 (날짜 불일치 감지, 자동삭제 아님)",general
IvkM4XgBGtw,"3월, 새봄과 함께 완창판소리가 돌아옵니다!!","국내 최장! 최다!
당대 최고 명창이 오르는 꿈의 무대!!
국립창극단의 작은 거인 민은경의 완창을 시작으로
나윤영, 이연주, 임현빈까지 이어지는 고품격 완창판소리!! 
기대 많이 해주세요~
@국립창극단
2017.3.25/4.22/5.27/6.24",UCJ55axexMkXqp1Fgwvmdsgg,국립극장 National Theater of Korea,2017-03-19T06:13:44Z,31,0.52,True,564.0,7.0,1.0,https://www.youtube.com/watch?v=IvkM4XgBGtw,37700,1210,PF279300,"국립창극단, 완창판소리 (3월)",한국음악(국악),국립극장 달오름극장,2026-03-07,2026-03-07,,,,shard_61,confirmed,"signal_scorer: verified->review 재검토 필요 (날짜 불일치 감지, 자동삭제 아님)",shorts
59qHDJYxnqw,2022 07 07 스테이지11 서서울예술교육센터 '끼리?' 하이라이트,"배리어프리인형극  ""끼리?""는 
#서울문화재단 #관악어린이창작놀이터 #2020예술로상상극장 을 통해 제작되었습니다.

2022.07.07
#스테이지11 을 통해 #서서울예술교육센터 에서
관객여러분들과 만난 뜨거웠던 현장을 소개합니다.

#배리어프리 #배리어프리인형극 #수어통역 #문자서비스 #창작집단인사리 #벗하다 #어린이극 #가족극 #끼리 #콧물끼리",UCPgLDSfAPFCjqVd1GWIYOPw,창작집단 인사리,2022-07-11T08:39:21Z,683,11.38,False,305.0,7.0,0.0,https://www.youtube.com/watch?v=59qHDJYxnqw,43,25,PF290801,콧물끼리 [남양주],연극,남양주 어린이비전센터 다목적강당,2026-05-30,2026-05-30,,,,shard_7,confirmed,"signal_scorer: verified->review 재검토 필요 (날짜 불일치 감지, 자동삭제 아님)",general
oOzS0FV4624,"제4회 이데일리 문화대상 국악,뮤지컬부문 최우수상","☆제4회 이데일리 문화대상 
- 국악 부문 최우수상: 남도음악의 맥 - 이태백
- 뮤지컬 부문 최우수상: 킹키부츠
- 일시: 2017.02.16
- 장소: 국립극장

★ 2021년 제8회 이데일리 문화대상은 2021년 3월 3일 세종문화회관에서 개최됩니다. 많이 기대해주세요^___^

#2017 #제4회 #이데일리문화대상 #연극_12인의성난사람들 #클래식_ 백건우의선물 #무용_워크2S #국악_남도음악의맥_이태백 #뮤지컬_킹키부츠 #콘서트_엑소플래닛_3_디엑소디움 #서예지 #이범수 #이선빈 #박해진 #투피엠 #2pm #준케이 #소나무 #나현 #엑소 #EXO #듀에토 #유슬기 #백인태 #박하선 #김영호 #NCT드림",UCi8jjZvzSejQq7PDb03p7dQ,이데일리 프렌즈,2020-11-27T01:50:35Z,622,10.37,False,52.0,0.0,0.0,https://www.youtube.com/watch?v=oOzS0FV4624,5690,239,PF216757,12인의 성난 사람들 [안산],연극,안산문화예술의전당 달맞이극장,2023-06-23,2023-06-24,,,,shard_8,confirmed,"signal_scorer: verified->review 재검토 필요 (날짜 불일치 감지, 자동삭제 아님)",general
DIS5JkbHMw0,역세권(2단계)도시개발 하반기 구역 지정 [광주] 딜라이브 뉴스,"역세권(2단계)도시개발 하반기 구역 지정

【 앵커멘트 】
광주시 장지동 191번지 일대 450,000여 ㎡를 개발하는 광주역세권 2단계 도시개발사업이 최근 국토교통부 중앙토지수용위원회의 공익성 심의를 통과한 것으로 알려졌습니다.

【 기사 】
광주역세권 2단계 도시개발사업은 경강선 경기광주역의 간접 역세권 일대를 중심으로 주거와 상업, 산업 기능이 융합된 복합자족도시 조성 프로젝트입니다.

광주시는 이번 심의 통과로 올 하반기 도시개발구역 지정을 진행할 예정입니다.

또 보상계획 수립과 실시계획 인가 등 제반 절차를 추진해 나갈 계획입니다.

사업비는 모두 7,300억 원 가량이 투입되며 2030년 12월 완공 목표입니다.

#광주역세권 #도시개발사업 #경강선 #경기광주역 #복합자족도시 #보상계획수립 #실시계획인가 


● 방송일 : 2025.06.18
● 딜라이브TV 오용석 기자 / oys-news@dlive.kr

뉴스제보 : 카카오톡 채널 '딜라이브 제보' 추가

#광주시 #뉴스",UCuH0h3EVpSc_wTwIgodSO-Q,딜라이브 뉴스,2025-06-18T05:15:59Z,49,0.82,True,3142.0,11.0,1.0,https://www.youtube.com/watch?v=DIS5JkbHMw0,39700,16357,PF225627,지정 [광주],연극,국립아시아문화전당 극장2,2023-11-18,2023-11-19,,,,shard_8,confirmed,"signal_scorer: verified->review 재검토 필요 (날짜 불일치 감지, 자동삭제 아님)",shorts
MsVTfJ8mMd0,과거를 꾸는 꿈,"Provided to YouTube by UMAG

과거를 꾸는 꿈 · 유승우, 송영미, 이한솔

뮤지컬 신의 손가락 OST

℗ 2023 주식회사 코부코

Released on: 2023-06-19

Auto-generated by YouTube.",UCkH02wrNuigh7jPH6ig0dnw,Release - Topic,2023-06-19T03:03:50Z,191,3.18,False,3094.0,35.0,0.0,https://www.youtube.com/watch?v=MsVTfJ8mMd0,0,1,PF247303,신의 손가락 [고령],뮤지컬,경북고령대가야문화누리 (구. 대가야국악당) 대공연장 (우륵홀) ,2024-09-06,2024-09-06,,,,shard_8,confirmed,"signal_scorer: verified->review 재검토 필요 (날짜 불일치 감지, 자동삭제 아님)",general
j-egMuyWUjM,수원시립합창단 찾아가는 예술무대 2017.10.18.(수) 오후 4시 한림홀 한림도서관 수원시도서관 HUMAN CITY SUWON,"수원시립합창단 찾아가는 예술무대
2017.10.18.(수) 오후 4시 한림홀
한림도서관 수원시도서관
HUMAN CITY SUWON
SUWON CITY CHORALE

수원시립합창단 리허설 연습중입니다
Musical ‘The Phantom of the Opera’ Highlights
 - 곡중솔로 신지현 방효경 김동규
Besame mucho - solo 정태옥
Nella Fantasia - duet 김은정 방효경
우리들은 미남이다 - 남성중창
Funiculi funicular  - 남성중창
축배의 노래 from Opera La Traviata
A shout of praise
아리랑
[Encore]

촬영•편집 YouTube@Kim Yeong-Been",UCzSgSD9n1YI5ZnZOWySC9gg,KIM YEONG-BEEN,2017-10-18T13:42:00Z,2688,44.8,False,2820.0,20.0,2.0,https://www.youtube.com/watch?v=j-egMuyWUjM,1000,1459,PF239436,"수원시립합창단, MBTI 음악레시피",서양음악(클래식),수원SK아트리움 대공연장,2024-05-09,2024-05-09,,,,shard_9,confirmed,"signal_scorer: verified->review 재검토 필요 (날짜 불일치 감지, 자동삭제 아님)",general
aFA1xUaJVho,가수 김지혜 /누가이사람을 모르시나요 (원곡.곽순옥&노래.김지혜),"장소/부천시심곡동 464~19번지(알콩달콩쇼tv부천아트홀)
일시/2021.09.12
가수 김지혜",UCyNL7d7hW334U1Sb7cbZMhw,전국트로트가요 .영상감독 김종경,2021-09-15T22:47:21Z,209,3.48,False,274.0,6.0,0.0,https://www.youtube.com/watch?v=aFA1xUaJVho,25600,8705,PF255876,누가 이 사람을 모르시나요 [세종],연극,세종예술의전당 대공연장,2025-02-28,2025-02-28,,,,shard_9,confirmed,"signal_scorer: verified->review 재검토 필요 (날짜 불일치 감지, 자동삭제 아님)",general
RYlGc28o5pk,"[물망초 합창단] 2021 물망초 음악회 with Quartet and& ""누가 이사람을 모르시나요(Ver.1)""","2021.12.1.(수) 저녁 7시 30분 
영산아트홀에서 진행된 2021 물망초 음악회 with Quartet and& 공연곡 중

협연곡 ""누가 이사람을 모르시나요(Ver.1)""의 영상입니다.",UCrDMkrBqNYXA20wPtUGNnOQ,물망초TV,2021-12-10T01:07:57Z,197,3.28,False,193.0,11.0,0.0,https://www.youtube.com/watch?v=RYlGc28o5pk,916,196,PF255876,누가 이 사람을 모르시나요 [세종],연극,세종예술의전당 대공연장,2025-02-28,2025-02-28,,,,shard_9,confirmed,"signal_scorer: verified->review 재검토 필요 (날짜 불일치 감지, 자동삭제 아님)",general
j2wl75KSA2A,"[물망초 합창단] 2021 물망초 음악회 with Quartet and& ""누가 이사람을 모르시나요(Ver.2)""","2021.12.1.(수) 저녁 7시 30분 
영산아트홀에서 진행된 2021 물망초 음악회 with Quartet and& 공연곡 중

협연곡 ""누가 이사람을 모르시나요(Ver.2)""의 영상입니다.",UCrDMkrBqNYXA20wPtUGNnOQ,물망초TV,2021-12-10T00:47:07Z,341,5.68,False,583.0,19.0,2.0,https://www.youtube.com/watch?v=j2wl75KSA2A,916,196,PF255876,누가 이 사람을 모르시나요 [세종],연극,세종예술의전당 대공연장,2025-02-28,2025-02-28,,,,shard_9,confirmed,"signal_scorer: verified->review 재검토 필요 (날짜 불일치 감지, 자동삭제 아님)",general
wm7ng62OsSA,#rotary3650 - #모던테이블 무용단 #다크니스품바 : 2021-22 국제로타리3650지구 제60년차 지구대회 (2022.04.22) #안무가 #김재덕 #모던테이블,"축하공연 - #모던테이블 무용단 #다크니스품바
: 2021-22 국제로타리3650지구 제60년차 지구대회 
(2022.04.22) Grand Hyatt Seoul
#안무가 #김재덕 #모던테이블 #다크니스품바

모던테이블 무용단

작품명 : 다크니스 품바
출연자.  무용수: 김재덕, 이운기, 김한솔, 김남훈, 정철한, 김지공, 조휘성
뮤지션: 윤석기, 허성은, 허철주, 김형민

안무가 김재덕 프로필

뉴질랜드 현대무용단 'Sigan' 초청안무 
상파울루시립발레단 'Nak:Ta' 초청안무 
국립현대무용단 'Agon' 안무
부에노스아이레스 국립 현대무용단 'Tenssion Espartial' 초정 안무 
싱가폴 T.H.E 무용단 (MR.Sign 등 10개 작품 ) 안무 
스위스 바젤 DFW(Dancers for world) _'HA-KI' 초청 안무 
프랑스 파리국립무용센터(CND)주최 'Camping ete' 한국대표 supervisor로 참여

#다크니스품바 소개

현대무용과 현장감 있는 라이브밴드, 소리꾼의 판소리를 통해, 한국의 전통적인 요소가 모던테이블만의 방식으로 컨템포러리 무용 속에 잘 묻어난 작품이다. 
동양적 오브제를 통해 현장에서 즉석으로 현장감있는 사운드를 만들고, 전원 남성으로 이루어진 무용수들의 역동적인 곡선미가 드러나는 움직임은 작품  다크니스품바가 지니는 유니크한 특징 이다. 

별도의 무대세트없이 빠르게 전개되는 동작과 동시에 기타, 베이스, 드럼의 라이브 연주, 그리고 소리꾼의 판소리가 함께 어우러진다. 작품의 중반에 이르면 객석과 무대의 구분은 사라 지고, 춤을 추던 무용수는 객석에 내려와 움직임과 소리로 관객과 소통을 시도한다. 다크니스 품바는 무대위에서만 그치지않고 공연장 전체를 작품의 장소로 하여 관객 모두가 어느 순간 행위자가 되는 열린 소통의 작품이다.

현대적 사운드 매체의 활용과 힘있는 무브먼트의 연계로 전통적 품바의 선율을 신명나는 한바탕 놀음으로 풀어 재해석하였다. 암흑속에서 느껴지는 두려움을 이기기위해 무용수들은 끝없이 춤추고, 또한 노래한다. 디오니소스(축제)적인 몸부림임과 동시에, 이를 통해 두려움과 공포를 승화시키는 것이다.
각설이 타령에서 유래된 ""품바""는 생존에 대한 근본적인 문제와 계급 사회가 안겨준 멸시, 학대에 대한 울분에서 비롯된 한恨의 정서를 담고 있다. 다크니스품바는 현대인들이 느끼는 사회적 불안감을 한국의 전통 소재인 ""품바 ""를 통해 현대무용으로 재해석한 작품이다. 

품바타령의 기본멜로디의 골격은 유지하되 현대적 편곡을 통해 재탄생된 음악과 힘있는 움직임의 연계를 통해 한국적이면서도 전세계 남녀노소 모두 즐길 수 있도록 구성되어 있다.

지난 16년간 국내 및 해외 유수페스티벌에 초청되어, 그 공연을 이어오고있다. 일반 댄스페스티벌을 넘어, 뮤직페스티벌, 거리예술페스티벌, 씨어터페스티벌 등 그 범위를 확장시키고 있다.",UCdK9fdyvWFfVIWN6KvtfSsQ,로타리에서 만나요,2022-05-05T10:42:32Z,762,12.7,False,849.0,7.0,0.0,https://www.youtube.com/watch?v=wm7ng62OsSA,1760,346,PF274898,다크니스 품바 [영덕],무용(서양/한국무용),예주문화예술회관,2025-12-06,2025-12-06,,,,shard_9,confirmed,"signal_scorer: verified->review 재검토 필요 (날짜 불일치 감지, 자동삭제 아님)",general
_gLEocXjmA0,"가장 선명하게, 가장 생생하게, 가장 활발하게, 가장 강렬하게 | 국립국악관현악단 '이음 음악제'","한국 창작음악의 오늘과 내일을 이을 ‘이음 음악제’
비비드한 국악관현악! 
가장 선명하게, 가장 생생하게, 가장 활발하게, 가장 강렬하게

국립국악관현악단 이음 음악제는 시간과 시간이 만나 역사를 잇고(Continue), 장르와 장르가  만나 새로움을 창조하며(Create), 예술가와 예술가가 만나는(Connect) 새로운 장을 만들고자 2021년 처음 개최하였다. 국립국악관혁악단의 첫 번째 관현악시리즈 'Vivid : 음악의 채도'를  시작으로 청년 연주자들로 결성한 '2022 오케스트라 이음', 국악관현악을 바라보는 다양한  시각을 확인하고 지역 교류 활성화를 위해 초청한 '부산시립국악관현악단', 젊은 작곡가 10명의 신선한 감각들로 채워질 '2022 3분 관현악'까지! 'Vivid'라는 주제 아래 참여한 예술가들의 색채를 선명하게 드러내는 무대를 통해 동시대 음악을 생생하게 보여주며, 한국 창작음악계에 활기를 불어넣는 음악제가 될 것이다. 


국립국악관현악단 '이음 음악제'
2022.9.22.(목)~9.30.(금)
국립극장 해오름극장

예매바로가기 www.ntok.go.kr",UCJ55axexMkXqp1Fgwvmdsgg,국립극장 National Theater of Korea,2022-08-24T05:53:42Z,21,0.35,True,10347.0,38.0,1.0,https://www.youtube.com/watch?v=_gLEocXjmA0,37700,1211,PF243124,"부산시립국악관현악단, 다함께 행복한 음악회",한국음악(국악),부산문화회관 중극장,2024-06-14,2024-06-14,,,,shard_0,corrected,"signal_scorer: verified->review 재검토 필요 (날짜 불일치 감지, 자동삭제 아님)",shorts
-3GINBt3oPY,광주시립창극단 제56회 정기공연 창극 〈적벽대전〉,"광주시립창극단 제56회 정기공연 창극 〈적벽대전〉

장르 : 국악·무용
장소 : 빛고을시민문화관
기간 : 2021-11-05 (금) ~ 2021-11-06 (토)
시간 : 2021-11-05 (금) 19:30 / 2021-11-06 (토) 15:00
가격 : S석 20,000원 / A석 10,000원
관람등급 : 8세이상 관람가
관람시간 : 120분
주최 : 광주문화예술회관
주관 : 광주시립창극단
문의 : 062-526-0363
상세안내 : https://playgwangju.co.kr/bbs/board.php?bo_table=korean&wr_id=35",UChNdnxatfx8gTjBHwRP0LQw,플레이광주,2021-10-28T08:19:10Z,41,0.68,True,62.0,1.0,0.0,https://www.youtube.com/watch?v=-3GINBt3oPY,25,62,PF247845,적벽 [대구],뮤지컬,대구문화예술회관 팔공홀,2024-11-22,2024-11-24,,,,shard_10,corrected,"signal_scorer: verified->review 재검토 필요 (날짜 불일치 감지, 자동삭제 아님)",shorts
jxLRfjQUwa4,"[4K]브람스 - 교향곡 제2번 ｜ J. Brahms - Symphony No.2 in D major, Op. 73｜ Paul Daniel KNSO Academy","국립심포니오케스트라 2023 KNSO국제아카데미 'COLORFUL' 
2023 KNSO International Academy Concert 'COLORFUL' (2023.07.18) 

00:07 브람스 - 교향곡 제2번 
J. Brahms, Symphony No. 2 in D Major, Op. 73 

00:35 I. 너무 빠르지 않게  Allegro non troppo 
19:41 II. 너무 빠르지 않고 느리게 - 일정한 템포로, 우아하게  Adagio non troppo - L'istesso tempo, ma grazioso
29:38 III. 우아하고 조금 빠르게 (마치 조금 느리게처럼) - 빠르지만 너무 지나치지 않게   Allegretto grazioso (quasi andantino) - Presto ma non assai 
34:32 IV. 빠르고 활기차게  Allegro con spirito 

#ARTIST 
지휘 l 폴 대니얼 Paul Daniel 
연주 l KNSO국제아카데미오케스트라 KNSO International Academy 

#PROGRAM
 - 정현식, 무의식 (국립심포니 위촉 세계초연) 
Hyunsik Chung, Unbewusste (World Premiere, Commissioned by Korean National Symphony Orchestra) 
- 베토벤, 피아노 협주곡 제3번 다단조 Op. 37 
L.v. Beethoven, Piano Concerto No.3 in c minor, Op. 37
 - 브람스, 교향곡 제2번 라장조 Op. 73 
J. Brahms, Symphony No. 2 in D Major, Op. 73 

👉 국립심포니오케스트라 바로가기 
- 홈페이지 https://bit.ly/3jOih2l 
- 페이스북 https://url.kr/4omrk1
 - 인스타그램 https://url.kr/c5xtdn
 - 카카오톡 친구 https://url.kr/n1wytg",UCoMo9mcWR5f_pPjdbacLaIw,국립심포니오케스트라,2023-09-28T05:00:18Z,3116,51.93,False,20005.0,243.0,10.0,https://www.youtube.com/watch?v=jxLRfjQUwa4,49700,832,PF246675,브람스 [인천 남동],뮤지컬,남동소래아트홀 소래극장 (대공연장) ,2024-09-06,2024-09-07,,,,shard_11,corrected,"signal_scorer: verified->review 재검토 필요 (날짜 불일치 감지, 자동삭제 아님)",general
PtHdDwYELdc,"춘천시립교향악단_ J. Sibelius Violin Concerto in d minor, Op.47 _ lll. Allegro","2015 예술의전당 교향악축제
SAC Orchestra Festival
2015.04.12 20:00 Concert Hall, Seoul Arts Center
연주 l 춘천시립교향악단, 지휘 l 백정현,
협연 l 이경선
Chuncheon Philharmonic Orchestra
Jung-Hyun Baek, Conductor
Kyung-Sun Lee, Violin",UCBvDRQETp01JUOVHaumO08Q,예술의전당 Concert,2015-05-28T05:53:51Z,506,8.43,False,4114.0,20.0,1.0,https://www.youtube.com/watch?v=PtHdDwYELdc,66700,1085,PF259145,"춘천시립교향악단, 화이트데이 콘서트: 사랑, 클래식으로 노래하다",서양음악(클래식),춘천문화예술회관 공연장,2025-03-14,2025-03-14,,,,shard_11,corrected,"signal_scorer: verified->review 재검토 필요 (날짜 불일치 감지, 자동삭제 아님)",general
wvBqsFJ_m60,목짧은기린 지피 대구봉산문화회관,"2023 한문연 방방곡곡 우수공연 선정작 
문화공감 
2023.09.09 대구 봉산문화회관 공연",UCIjRfTkvGX_1zJDaFZZUqLw,떼굴이,2023-09-16T01:44:45Z,70,1.17,False,417.0,10.0,0.0,https://www.youtube.com/watch?v=wvBqsFJ_m60,473,386,PF242496,목 짧은 기린 지피 [의령],뮤지컬,의령군민문화회관,2024-06-19,2024-06-19,,,,shard_11,corrected,"signal_scorer: verified->review 재검토 필요 (날짜 불일치 감지, 자동삭제 아님)",general
IjjiWehYd4E,#부산갈매기오부리디스코메들리1집#합천#창녕#청도#대구#관광버스디스코메들리#메들리모음#디스코메들리모음#갈매기오부리디스코#봉짝디스코메들리🌹2021+05+13🌹,"2021.05.09 계절의여왕 
오월첫주일요일 구름한점없이
깨끗한 날씨
합천작약꽃단지
촬영을 마치고 합천.창녕.청도.
대구달성군 가창면까지이어지는
드라이브코스로 이동하는
경로입니다.
이병노TV올림







































































































































































































































































































































































































































































































































































































































































































































































































































































































































































































































































































































































































































































































































































































































































































































































































































































































































































































































































































































































































































































































































































































#이병노TV#대구운불련#운불련호출택시#대한불교조계종#대구불교총연합회#릴리리TV#김진이벤트#화물운송센터#연등축제#제등행렬#풍등날리기#풍등뛰우기#점등식#동화사#직지사#은해사#불국사#해인사#통도사#범어사#소림사#지장사#길상사#금대암#화엄사#송광사#수덕사#운문사#석남사#월정사#해동용궁사#나무아미타불#우리말지장경#지장보살본원경#관세음보살#삼귀의#찬불가#보현행원#신묘장구대다라니#천수경#반야심경#한글반야심경#보현행원#청법가#사홍서원#산회가#발원문##명상의말씀#지혜로운사람은#황룡사#백양사#쌍계루#내장사#내장산단풍축제#화진해수욕장#해변가요제#퓨전국악교수전지연#가수윤정품바#버드리품바#닐리리품바#날라리품바#이중아품바#팔봉이품바#허리수품바#박하품바#꽃별이품바#꽃순이품바#노랭이품바#방뎅이품바#아름이품바#다홍이품바#최민품바#깡통품바#고하자품바#가을이품바#가수나훈아#가수주현미#가수하춘화#가수신유#가수홍자#가수정미애#훨헐헐#가수임영웅#가수영탁#가수이찬원#가수장민호#가수정동원#가수김희재#가수나태주#가수김수찬#가수진해성#가수김호중#가수김용임#가수문희옥#가수#짚시인생#천년지기#노을빛서해대교#합정역5번출구#진정인가요#이병노#터미널#비비각시#하늘눈물#고창에서왔어요#군산항아#님아#야속한세월아#진안아가씨#가수이헤리#자갈치아지매#불어라바람아#추억으로가는당신#내일다시해는뜬다#이별의동대구역#안동역비는내리고#매화같은여자#여백#사모#막걸리한잔#하늘눈물#테스형#이순신대교#고흥연육교#체계산구름다리#가지산#지리산#소백산#오대산#울진풍력발전소#영덕풍력발전소#강구항#튤립#마산가고파국화축제#화순국화축제#익산국화축제#천사대교#이순신대교#장가계#태항산#상해#천년지기#중국운대산#동방명주탑#중국계림여행#중국설두산#중국황룡동굴#중국양삭#중국팔각채#중국천자산#중국안탕산#장가계십리화랑#중국정주#중국천문산케이블카#계림이강쇼#상해야경#배트남#하롱배이#캄보디아#라오스#방비엥#루왕프라방#탁발#찬불가#불자가수하윤주#가수하윤주#영혼의울림##한마음있음이여#영허당녹원대종사#다비식#해창스님#부처님께귀의합니다#바람부는산사#사박걸음으로가오리다#얼마나딱아야거울마음닭을까#향심#구름걷힌달처럼#홀로피는연꽃#잉태#우리도부처님같이#길을갑니다#나의연꽃#불갑사#가수모정애#내장산우각정#담양메타세콰이어길#나운도#이미자#박상철#유산술#대구경운산악회#경운회#구곡회#구곡초등학교#독도사랑중앙회#독도#남진#진성#설운도#채녈A뉴스#KBSNeWS#파파존TV#조선일보#가수마이진#김용임#포토샵#색소폰연주#품바매니아장털보TV#중학교#고등학교#대학교#오세욱#나운도전자올겐메들리#산악회#카츄사의노래#천년화#가수권민홍#가수최석준#가수문연주#짚시인생#밀양강변가요제#백마예술공연단#진해군항제#진해루#밀양아리랑#떠날수없는당신#변산반도#사량도#광대#풍각쟁이#사주팔자#가수진해성#옥치마#사랑반눈물반#처녀농군#옹이#여백#노을빛서해대교#천도제#와그랍니까#못잊을건정#미운사랑#세계간화선무차대회#대구개인택시#보이소오이소#에릭장#정주고내가우네#바보#도련님#곰배령#매화같은여자#가수최영주#천태종구인사#구인사#법화종#관음종#지안제#테스형#평행선#가수나현재#가수신기한#가수손해영#빅콘서트#언제벌써#가수윤정아#밸리댄스#아랑고고장구#난타#미운사내#금낭화#상해서커스#사랑님#양산에서맺은첫사랑#가수싸이#컬러풀페스티벌#새타령#트로트메들리#창원안민고개#밀양강변가요제#화진해수욕장해변가요제#결혼식#야유회#시산제#통영미륵산케이블카#CCTV#옥치마#노래자랑예심#뽕짝네#애교쟁이닐리리품바#민요#연하의남자#해문스님#한많은대동강#대구해운정사#형문스님#원화스님#법장스님#덕문스님#가수홍혜리#가수이상민#사랑앞에서#배롱나무가지에#가수조용필#그겨울의찻집#상처#일편단심민들레야#돌아와요부산항에#담양메타세과이어길#가수정채라#중국설두산#중국장가계천문산천문호선쇼#그집앞#있을때잘해#동화사템플스테이#삼성라이온즈#문경야구장#진또배기#제2작전사령부군악대#의장대#정선강변가요제#진정한행복#동궁과월지#백련#홍련#반곡지#서출지#주산지#세량지#운문댐#가수금잔디#대구경북불교연합합창단#포항불빛축제#부산광안대교불꽃축제#해운대#동백섬#외도#신비의섬울릉도#제주도#홍도#통영#대구동촌유원지#수성못#먹물같은사랑#팔공산케이블카#갓바위#석굴암#천사대교#무한의다리#함백산설경#눈이내리네#가수이#영혼의울림#불자가수#하윤주#찬불가메들리#전곡자막#가슴으로부르는우리들의찬불가#향심#부처님께귀의합니다#얼마나닦아야거울마음닮을까#우리도부처님같이#예불가#한마음있음이여#길을갑니다#구름걷힌달처럼#바람부는산사#해탈의기쁨#나의연꽃#잉태#사박걸음으로가오리다#마음이부처라면#당신은나의운명#최신인기트로트메들리#디스코메들리#뽕짝메들리#관광버스매들리#배경영상#황매산#이숙#가수하윤주#영혼의울림#팔공산순환도로단풍#경부고속도로#서해안고속도로#광주대구고속도로#남해고속도로#호남고속도로#대구부산고속도로#대구포항고속도로#영동고속도로#경인고속도로#당진고속도로#남원순천고속도로#인천대교#영종대교#광안대교#부산항대교#남항대교#거가대교#해운대#천사대교#목포대교#압해대교#서해대교#자은도#무한의다리#군산새만금방조제#선유도",UCAXid7ozqCnmWlFMVJrIuAg,이병노TV#우리집노래방,2021-05-12T21:30:00Z,4810,80.17,False,29533.0,189.0,21.0,https://www.youtube.com/watch?v=IjjiWehYd4E,33400,4603,PF267482,갈매기 [인천],연극,청라복합문화센터 블루노바홀 공연장,2025-07-03,2025-07-03,,,,shard_11,corrected,"signal_scorer: verified->review 재검토 필요 (날짜 불일치 감지, 자동삭제 아님)",general
cCogYiyagCk,브람스 헝가리춤곡 제5번-(시민행복콘서트: 대구시립교향악단),"2025.05.20 
대구 코오롱 야외음악당",UCCEUXBIEmxm9WFcKcxl1ROg,세실 정,2025-05-20T14:14:41Z,159,2.65,False,101.0,0.0,0.0,https://www.youtube.com/watch?v=cCogYiyagCk,4600,2468,PF248029,브람스 [인천 중구],뮤지컬,인천중구문화회관,2024-09-28,2024-09-29,,,,shard_13,corrected,"signal_scorer: verified->review 재검토 필요 (날짜 불일치 감지, 자동삭제 아님)",shorts
Vy14CvL0TJo,"수원시립교향악단_ W.A.Mozart Requiem in d minor, K.626_ Confutatis, Lacrimosa","2015 예술의전당 교향악축제
SAC Orchestra Festival
2015.04.16 20:00 Concert Hall, Seoul Arts Center
연주 l 수원시립교향악단, 지휘 l 김대진
합창 l 수원시립합창단
Suwon Philharmonic Orchestra
Daejin Kim, Conductor
Suwon Civic Chorale",UCBvDRQETp01JUOVHaumO08Q,예술의전당 Concert,2015-06-03T05:58:44Z,309,5.15,False,1663.0,13.0,0.0,https://www.youtube.com/watch?v=Vy14CvL0TJo,66700,1085,PF248629,"수원시립교향악단, 올뉴콘서트 All New Concert",서양음악(클래식),수원SK아트리움 대공연장,2024-09-26,2024-09-26,,,,shard_16,corrected,"signal_scorer: verified->review 재검토 필요 (날짜 불일치 감지, 자동삭제 아님)",general
rg8QxjLabzY,"수원시립교향악단_ W.A.Mozart Requiem in d minor, K.626_ Recordare","2015 예술의전당 교향악축제
SAC Orchestra Festival
2015.04.16 20:00 Concert Hall, Seoul Arts Center
연주 l 수원시립교향악단, 지휘 l 김대진
합창 l 수원시립합창단
Suwon Philharmonic Orchestra
Daejin Kim, Conductor
Suwon Civic Chorale",UCBvDRQETp01JUOVHaumO08Q,예술의전당 Concert,2015-06-03T05:57:49Z,294,4.9,False,532.0,3.0,0.0,https://www.youtube.com/watch?v=rg8QxjLabzY,66700,1085,PF248629,"수원시립교향악단, 올뉴콘서트 All New Concert",서양음악(클래식),수원SK아트리움 대공연장,2024-09-26,2024-09-26,,,,shard_16,corrected,"signal_scorer: verified->review 재검토 필요 (날짜 불일치 감지, 자동삭제 아님)",general
HogOj4e9i1U,"수원시립교향악단_ W.A.Mozart Requiem in d minor, K.626_ Tuba mirum","2015 예술의전당 교향악축제
SAC Orchestra Festival
2015.04.16 20:00 Concert Hall, Seoul Arts Center
연주 l 수원시립교향악단, 지휘 l 김대진
합창 l 수원시립합창단
Suwon Philharmonic Orchestra
Daejin Kim, Conductor
Suwon Civic Chorale",UCBvDRQETp01JUOVHaumO08Q,예술의전당 Concert,2015-06-03T05:52:52Z,218,3.63,False,3217.0,14.0,0.0,https://www.youtube.com/watch?v=HogOj4e9i1U,66700,1085,PF248629,"수원시립교향악단, 올뉴콘서트 All New Concert",서양음악(클래식),수원SK아트리움 대공연장,2024-09-26,2024-09-26,,,,shard_16,corrected,"signal_scorer: verified->review 재검토 필요 (날짜 불일치 감지, 자동삭제 아님)",general
uSbznyeCBrI,"수원시립교향악단_ W.A.Mozart Requiem in d minor, K.626_ AgnusDei, Communio","2015 예술의전당 교향악축제
SAC Orchestra Festival
2015.04.16 20:00 Concert Hall, Seoul Arts Center
연주 l 수원시립교향악단, 지휘 l 김대진
합창 l 수원시립합창단
Suwon Philharmonic Orchestra
Daejin Kim, Conductor
Suwon Civic Chorale",UCBvDRQETp01JUOVHaumO08Q,예술의전당 Concert,2015-06-03T06:02:01Z,515,8.58,False,1010.0,13.0,0.0,https://www.youtube.com/watch?v=uSbznyeCBrI,66700,1085,PF248629,"수원시립교향악단, 올뉴콘서트 All New Concert",서양음악(클래식),수원SK아트리움 대공연장,2024-09-26,2024-09-26,,,,shard_16,corrected,"signal_scorer: verified->review 재검토 필요 (날짜 불일치 감지, 자동삭제 아님)",general
NwiJOBUOm14,"수원시립교향악단_ W.A.Mozart Requiem in d minor, K.626_ Hostias","2015 예술의전당 교향악축제
SAC Orchestra Festival
2015.04.16 20:00 Concert Hall, Seoul Arts Center
연주 l 수원시립교향악단, 지휘 l 김대진
합창 l 수원시립합창단
Suwon Philharmonic Orchestra
Daejin Kim, Conductor
Suwon Civic Chorale",UCBvDRQETp01JUOVHaumO08Q,예술의전당 Concert,2015-06-03T06:00:24Z,245,4.08,False,553.0,4.0,0.0,https://www.youtube.com/watch?v=NwiJOBUOm14,66700,1085,PF248629,"수원시립교향악단, 올뉴콘서트 All New Concert",서양음악(클래식),수원SK아트리움 대공연장,2024-09-26,2024-09-26,,,,shard_16,corrected,"signal_scorer: verified->review 재검토 필요 (날짜 불일치 감지, 자동삭제 아님)",general
TQ6ZzM_r3qo,바인치엘 - 네 대의 비올라를 위한 야상곡｜ M. V. Weinzierl - Nachtstück for 4 violas｜ KNSO,"2023 국립심포니오케스트라 실내악 시리즈 2 '사운드 팔레트'
2023 KNSO Chamber music series 2 'Sound Palette' (2023.06.09) 

바인치엘 - 네 대의 비올라를 위한 야상곡
M. V. Weinzierl - Nachtstück for 4 violas

#ARTIST 
비올라 l 여수은, 이무열, 원영석, 유상미

👉 국립심포니오케스트라 바로가기 
- 홈페이지 https://bit.ly/3jOih2l 
- 페이스북 https://url.kr/4omrk1
 - 인스타그램 https://url.kr/c5xtdn
 - 카카오톡 친구 https://url.kr/n1wytg",UCoMo9mcWR5f_pPjdbacLaIw,국립심포니오케스트라,2023-10-29T06:00:12Z,604,10.07,False,1622.0,55.0,2.0,https://www.youtube.com/watch?v=TQ6ZzM_r3qo,49700,832,PF269429,국립심포니오케스트라 실내악 시리즈 2,서양음악(클래식),예술의전당 [서울] IBK챔버홀,2025-10-26,2025-10-26,,,,shard_17,corrected,"signal_scorer: verified->review 재검토 필요 (날짜 불일치 감지, 자동삭제 아님)",general
Km0-PNaROi4,"수원시립교향악단_ W.A.Mozart Requiem in d minor, K.626_ Dies irae","2015 예술의전당 교향악축제
SAC Orchestra Festival
2015.04.16 20:00 Concert Hall, Seoul Arts Center
연주 l 수원시립교향악단, 지휘 l 김대진
합창 l 수원시립합창단
Suwon Philharmonic Orchestra
Daejin Kim, Conductor
Suwon Civic Chorale",UCBvDRQETp01JUOVHaumO08Q,예술의전당 Concert,2015-06-03T05:50:42Z,101,1.68,False,1275.0,7.0,0.0,https://www.youtube.com/watch?v=Km0-PNaROi4,66700,1085,PF248629,"수원시립교향악단, 올뉴콘서트 All New Concert",서양음악(클래식),수원SK아트리움 대공연장,2024-09-26,2024-09-26,,,,shard_18,corrected,"signal_scorer: verified->review 재검토 필요 (날짜 불일치 감지, 자동삭제 아님)",general
jQwDGouAiL8,"수원시립교향악단_ W.A.Mozart Requiem in d minor, K.626_ Benedictus","2015 예술의전당 교향악축제
SAC Orchestra Festival
2015.04.16 20:00 Concert Hall, Seoul Arts Center
연주 l 수원시립교향악단, 지휘 l 김대진
합창 l 수원시립합창단
Suwon Philharmonic Orchestra
Daejin Kim, Conductor
Suwon Civic Chorale",UCBvDRQETp01JUOVHaumO08Q,예술의전당 Concert,2015-06-03T06:01:35Z,301,5.02,False,666.0,4.0,0.0,https://www.youtube.com/watch?v=jQwDGouAiL8,66700,1085,PF248629,"수원시립교향악단, 올뉴콘서트 All New Concert",서양음악(클래식),수원SK아트리움 대공연장,2024-09-26,2024-09-26,,,,shard_18,corrected,"signal_scorer: verified->review 재검토 필요 (날짜 불일치 감지, 자동삭제 아님)",general
SrDf9lgTEqI,황의종 작곡 - 이렇게 슬픈날에는[2010.11.18 부산시립국악관현악단],"황의종 작곡 - 부산시립국악관현악단 ""위촉작곡 명곡전"" 제155회 정기연주회 - 2010.11.18 부산대학교 교수 작곡가겸 가수",UCQCvmWXHU_ntKEUVTE4p1vw,James Hyun,2011-06-30T04:52:58Z,1262,21.03,False,3961.0,12.0,1.0,https://www.youtube.com/watch?v=SrDf9lgTEqI,39,15,PF243124,"부산시립국악관현악단, 다함께 행복한 음악회",한국음악(국악),부산문화회관 중극장,2024-06-14,2024-06-14,,,,shard_19,corrected,"signal_scorer: verified->review 재검토 필요 (날짜 불일치 감지, 자동삭제 아님)",general
8CQGvyFG4mQ,한화와 함께하는 2020 교향악축제 - 수원시립교향악단 1부,"2020.7.31.(금) P.M 7:30
예술의전당 콘서트홀 실황
(영상제공 예술의 전당)

연주 · 수원시립교향악단
지휘 · 최희준
협연 · 바이올리니스트 백주영


::: PROGRAM (1부) :::

베토벤 / 에그몬트 서곡 Op.84
L. v. Beethoven / Egmont Overture, Op.84

브루흐 / 바이올린 협주곡 제1번 g단조 Op.26
M. Bruch / Violin Concerto No.1 in g minor, Op.26

(앙코르) 이자이 / 바이올린 소나타 2번 1악장
E. Ysaye / Violin Sonata No.2 Op.27, 1st Mov.

※ 영상제공 및 사진 제공 ⓒ예술의전당",UChYtoZlLUnTxKtRxTWrI0kg,Suwon Philharmonic Orchestra 수원시향 유튜브 TV,2020-09-14T00:22:14Z,2838,47.3,False,5115.0,68.0,0.0,https://www.youtube.com/watch?v=8CQGvyFG4mQ,1200,49,PF248629,"수원시립교향악단, 올뉴콘서트 All New Concert",서양음악(클래식),수원SK아트리움 대공연장,2024-09-26,2024-09-26,,,,shard_2,corrected,"signal_scorer: verified->review 재검토 필요 (날짜 불일치 감지, 자동삭제 아님)",general
e9z1PnN3KBo,"국악관현악 '야연' - 작곡 이정호, 지휘 공우영","제81회 천안시충남국악관현악단 정기공연 '신명'
2021.9.2 목 19:30 천안예술의전당 대공연장
지휘 공우영 예술감독 겸 지휘자
연주 천안시충남국악관현악단

위촉 초연 - 국악관현악 '야연' 
작곡 이정호
 
곡해설)
 음형 반복되는 가야금은 어느덧 관현악 전체로 확장되어 표출된다. 그렇게 화려한 색채감으로 둘러진 이 밤의 연회에서 관현악 소리는 밤하늘 위로 뻗어나간다. 모두의 삶과 꿈에 축복이 내리길 바라며 온 세상에 울려 퍼진다. 그 사이 천안삼거리 민요 선율도 아주 간결히 표현되며 숨어 있는 듯 나타나지만 후반부로 갈수록 조금 더 명확히 드러나며 존재감을 드러낸다.",UCcDmJvRxCErBfxuH7wuN6Sw,cloud rain,2022-01-03T09:36:17Z,807,13.45,False,1525.0,25.0,3.0,https://www.youtube.com/watch?v=e9z1PnN3KBo,311,24,PF248159,"천안시충남국악관현악단, 공주시충남연정국악단 합동연주회: 이음 (二音) Ⅱ [천안]",한국음악(국악),천안시성환문화회관 대공연장,2024-09-24,2024-09-24,,,,shard_20,corrected,"signal_scorer: verified->review 재검토 필요 (날짜 불일치 감지, 자동삭제 아님)",general
AZyKT3LBKlA,바람의 노래,"양산시립합창단 2022 정기연주회
2022.5.19(목) 양산문화예술회관 대공연장
지휘 김재복, 반주 이은실, 곡중솔로 권수현, 박연희, 김동우, 이민호",UCFlkuhNOKtnWuBQ1tCHFsHw,양산시립합창단,2023-01-12T01:53:43Z,256,4.27,False,17431.0,144.0,6.0,https://www.youtube.com/watch?v=AZyKT3LBKlA,695,229,PF274950,바람의 노래 [성남],서양음악(클래식),성남아트리움 (구. 성남시민회관) 대극장,2025-11-14,2025-11-15,,,,shard_23,corrected,"signal_scorer: verified->review 재검토 필요 (날짜 불일치 감지, 자동삭제 아님)",general
L8E36gWVH-c,인씨엠오페라단 오페라 토스카(Tosca) 거성노희섭 출연작 2009.5.2(토) 3시,"오페라 토스카
Opera Tosca

일시 : 2009.5.2(토) 오후 3시
장소 : 고양아람누리 아람극장

출연:
스카르피아 Bar.노희섭
토스카 Sop.김인혜
카바라도시 Ten.박세원
안첼로티 Bass.김민석

주최 : 인씨엠예술단ㆍ인씨엠오페라단
주관 : 인씨엠오페라단",UCn25RETqhhQxDzBI1Fa-X4Q,거성노희섭(Street Singer),2020-05-07T11:32:26Z,6766,112.77,False,442.0,14.0,4.0,https://www.youtube.com/watch?v=L8E36gWVH-c,26400,1798,PF233715,토스카,서양음악(클래식),세종문화회관 세종대극장,2024-09-05,2024-09-08,,,,shard_23,corrected,"signal_scorer: verified->review 재검토 필요 (날짜 불일치 감지, 자동삭제 아님)",general
sMw0U_oW_Cc,[VLOG] 서산시립합창단 워크숍 요롷게 즐거운 직장이 어딨을까효 ~ #브이로그 #일상 #직장인브이로그 #서산 #태안 #충청남도 #꽃지해수욕장 #죽어도성악 #성악가 #성악,"제 인생의 첫 워크숍을 다녀왔씁니다 ! 너무 좋은 추억으로 남아서 행복해효 
우리 쌤들이 제일 조아 :) #서산시립합창단 #브이로그 #일상 #직장인브이로그 #서산 #태안 #충청남도 #꽃지해수욕장 #죽어도성악 #성악가 #성악",UC35GThlak43b2PJQ3HT4DYQ,김시온Zion,2022-06-29T04:14:44Z,931,15.52,False,1032.0,17.0,15.0,https://www.youtube.com/watch?v=sMw0U_oW_Cc,579,45,PF236530,"서산시립합창단, 엄마의 비밀일기 [서산]",서양음악(클래식),서산시문화회관 대공연장,2024-03-16,2024-03-16,,,,shard_23,corrected,"signal_scorer: verified->review 재검토 필요 (날짜 불일치 감지, 자동삭제 아님)",general
lE-_ynpsdGY,Little man in a hurry - Eric Whitacre / 수원시립합창단(Suwon City Chorale),"Little man in a hurry
Eric Whitacre

Suwon City Chorale
Conduct by Dr. Eui Joong Yoon

2017 Suwon Chorale Festival
세대를 잇는 감동, 3色의 합창

2017.09.13.Wed
Suwon SK Artrium",UCDPWMuvgw3O8aVbPZwfPq5A,수원시립합창단_SUWON CITY CHORALE,2018-08-01T01:07:49Z,242,4.03,False,12074.0,55.0,2.0,https://www.youtube.com/watch?v=lE-_ynpsdGY,2600,308,PF239436,"수원시립합창단, MBTI 음악레시피",서양음악(클래식),수원SK아트리움 대공연장,2024-05-09,2024-05-09,,,,shard_24,corrected,"signal_scorer: verified->review 재검토 필요 (날짜 불일치 감지, 자동삭제 아님)",general
NObqyVMGdyg,부산발레발레시어터_신데렐라 Ballet_Cinderella,"Music: Sergei Prokofiev
Choreography: Seung bog, Jung
Production: Busan Ballet Theatre 2019
Performance: Seoul Art Center 2022.08.06~08.07
Time: 100min
e-mail: bsballet@naver.com",UC7XYyXsX1YK6rjd0cXh7HIg,BUSAN BALLET THEATRE부산발레시어터,2024-07-16T16:11:33Z,598,9.97,False,1131.0,19.0,4.0,https://www.youtube.com/watch?v=NObqyVMGdyg,643,53,PF275683,"신, 데렐라 [홍천]",무용(서양/한국무용),홍천문화예술회관,2025-11-07,2025-11-08,,,,shard_25,corrected,"signal_scorer: verified->review 재검토 필요 (날짜 불일치 감지, 자동삭제 아님)",general
mpx5C_cBo-w,판소리 뮤지컬｜적벽🔥공연 𝐂𝐋𝐈𝐏 𝟏. 동남풍,"판소리 뮤지컬｜적벽🔥

공연 𝐂𝐋𝐈𝐏 𝟏. 동남풍 🌪

❝삽시간에 동남대풍이 일어,
기각이 와지끈 움죽 움죽 기폭판도 다그르르-❞⠀

#판소리뮤지컬 | #적벽
2025.03.13~04.20
국립정동극장",UC2gwzqCDHVcFpWFXZoSQubA,국립정동극장 Jeongdong Theater,2025-04-04T08:00:45Z,362,6.03,False,16615.0,405.0,26.0,https://www.youtube.com/watch?v=mpx5C_cBo-w,10400,854,PF247845,적벽 [대구],뮤지컬,대구문화예술회관 팔공홀,2024-11-22,2024-11-24,,,,shard_25,corrected,"signal_scorer: verified->review 재검토 필요 (날짜 불일치 감지, 자동삭제 아님)",general
s0GgTZOLJp0,국립오페라단 2022 정기공연 라인업 대공개!✨,"Inifinite Opera : 2022 #국립오페라단 정기공연 안내🔎
⠀
국립오페라단 창립 60주년, 더욱 새롭게 찾아온다!
________________________________________⠀
⠀
⠀
📍 장일남 - 왕자, 호동 Prince Hodong
국립오페라단의 시작, 60년만에 돌아온 창단 공연!
⠀
2022.3.11(금) - 12(토) 국립극장 해오름극장
2022.3.12(토) 마이오페라 라이브
⠀
⠀
📍 G. Verdi - 아틸라 Attila
욕심에 눈이 먼 남녀, 엇갈린 사랑과 복수
⠀
2022.4.7(목) - 10(일) 예술의전당 오페라극장
2022.4.9(토) 마이오페라 라이브
⠀
⠀
📍 G. Verdi - 시칠리아 섬의 저녁기도 I Verspri Siciliani
숭고한 자들의 기도, 가혹한 운명의 장난
⠀
2022.6.2(목) - 5(일) 예술의전당 오페라극장
2022.6.4(토) 마이오페라 라이브
⠀
⠀
📍 J. Offenbach - 호프만의 이야기 Les contes d'Hoffmann
사랑과 욕망, 세 개의 사랑을 이야기하다.
⠀
2022.9.29(목) - 10.2(일) 예술의전당 오페라극장
2022.10.1(토) 마이오페라 라이브
⠀
⠀
📍 G. Puccini - 라 보엠 La Bohème
꿈과 사랑을 갈망하는 젊은 예술가들의 이야기
⠀
2022.12.1(목) - 4(일) 예술의전당 오페라극장
2022.12.3(토) 마이오페라 라이브
________________________________________⠀
⠀
오직, 국립오페라단에서만!
⠀
⠀
⠀
#국립오페라단 #인피니트오페라
#창립60주년 #크노마이오페라 #마이오페라",UC6KCcAMTxQrBPS7d9Q1hyug,국립오페라단 Korea National Opera,2021-11-12T08:45:39Z,31,0.52,True,1508.0,21.0,1.0,https://www.youtube.com/watch?v=s0GgTZOLJp0,7650,354,PF250886,"국립오페라단, 시칠리아 섬의 저녁기도 [당진]",서양음악(클래식),당진문예의전당 대공연장,2024-11-01,2024-11-02,,,,shard_28,corrected,"signal_scorer: verified->review 재검토 필요 (날짜 불일치 감지, 자동삭제 아님)",shorts
cpF8Itxv2r0,홍이삭 - 영화 국가대표 중 'Butterfly',"서울그랜드필하모닉오케스트라
2019.12.28 KCMF 제1회 대한민국영화음악페스티벌(KBS홀)
연주 : 서울그랜드필하모닉오케스트라
지휘 : 서훈
노래 : 홍이삭",UCGMI7ZECO1GuZeNtnmn8Zsw,서울그랜드필하모닉오케스트라,2020-07-26T01:00:04Z,247,4.12,False,7129.0,96.0,3.0,https://www.youtube.com/watch?v=cpF8Itxv2r0,5890,361,PF247260,"그랜드필하모닉오케스트라, 한낮의 클래식 산책: 클래식 히스토리 콘서트 [천안]",서양음악(클래식),천안시성환문화회관 대공연장,2024-11-15,2024-11-16,,,,shard_28,corrected,"signal_scorer: verified->review 재검토 필요 (날짜 불일치 감지, 자동삭제 아님)",general
8udcG8W78bs,앵콜 모차르트 - 피가로의 결혼 서곡,"부산심포니오케스트라 제55회 정기연주회 - 을숙도 명품콘서트
Busan Symphony Orchestra 55th Subscription Concert

●2023.11.23(목) pm7:30
을숙도문화회관 대공연장

예술감독 오충근(지휘)
연       주 부산심포니오케스트라(BSO)

모차르트       피가로의 결혼 서곡
W.A.Mozart   Le Mariage de Figaro
   
BSO 홈페이지 : http://www.bso21.com
BSO 인스타그램 : http://www.instagram.com/busansymphonyorchestra
BSO 페이스북 : http://www.facebook.com/2010BSO
                                         
#오충근 #부산심포니오케스트라 #BSO #BusanSymphonyOrchestra 
#모차르트 #피가로의결혼서곡 
#부산심포니오케스트라정기연주회 #을숙도명품콘서트",UCqetSnjRiHr5LFA3HliOUTQ,Busan Symphony Orchestra 부산심포니오케스트라,2023-12-18T07:27:05Z,358,5.97,False,966.0,5.0,,https://www.youtube.com/watch?v=8udcG8W78bs,978,95,PF268394,피가로의 결혼 [광주],서양음악(클래식),광주 예술의 전당 소극장,2025-07-25,2025-07-26,,,,shard_30,corrected,"signal_scorer: verified->review 재검토 필요 (날짜 불일치 감지, 자동삭제 아님)",general
xo41fRY0h90,"2021.5.1국립발레단 라바야데르 김기완 솔로르 역 Labayadere Kiwan Kim as Solor Act 1,2","2021.5.1국립발레단 라바야데르
니키아 박슬기, 솔로르 김기완, 감자티 정은영",UCQf-2Soa6bpptdDR7jafmCQ,Precious Moment,2022-03-22T06:42:02Z,83,1.38,False,38.0,1.0,2.0,https://www.youtube.com/watch?v=xo41fRY0h90,27,28,PF249752,"국립발레단, 라 바야데르",무용(서양/한국무용),예술의전당 [서울] 오페라극장,2024-10-30,2024-11-03,,,,shard_32,corrected,"signal_scorer: verified->review 재검토 필요 (날짜 불일치 감지, 자동삭제 아님)",general
qaux175NTM4,"W. A. Mozart Requiem in d moll, KV 626 Full Version - Suwon City Chorale (수원시립합창단)","Requiem in d-moll, KV 626
Wolfgang Amadeus Mozart

지휘: 김보미 예술감독 / Conductor: Bomi Kim Artistic Director of Suwon City Chorale
합창: 수원시립합창단 / Chorale: Suwon City Chorale
관현악: 카메라타 안티콰 서울 / Orchestra: Camerata Antiqua Seoul

소프라노 강혜정 / Soprano Hye jung Kang
메조소프라노 방신제 / Mezzo Soprano CELESTE Bang
테너 김효종 / Tenor Hyo jong Kim
바리톤 안대현 / Baritone Dae hyun An

촬영 및 편집: 뮤직그라퍼 / Produced by Music Grapher

제 190회 정기 연주회
[거장의 울림_모차르트 레퀴엠]

2025.05.22.Thu
Suwon SK Artrium

[Chapters]
Intro 00:00
I. Introitus 00:43
 - Requiem aeternam
II. Kyrie 05:52
III. Sequenz
 - i. Dies irae 08:13
 - ii. Tuba mirum 10:19
 - iii. Rex tremendae 13:50
 - iv. Recordare 16:15
 - v. Confutatis 21:31
 - vi. Lacrimosa 23:52
IV. Offertorium
 - i. Domine Jesu  27:09
 - ii. Hostias 30:35
V. Sanctus 34:17
VI. Benedictus 36:19
VII. Agnus Dei 41:45
VIII. Communio 44:45
 - Lux aeterna

Requiem in d-moll, KV 626
레퀴엠

죽은 이의 영혼을 위로하기 위한 미사인 진혼곡(鎭魂曲), 즉 ‘레퀴엠’은 모든 면에서 앞서 연주된 C장조 미사곡과는 극명한 대조를 이룬다. 1부의 두 곡 모두 잘츠부르크에서 콜로레도 대주교라는 공적 권위의 영향 아래 쓰인 작품들이었다면, 오늘 공연의 대미를 장식하는 레퀴엠은 빈이라는 대도시에서 익명의 의뢰인의 지극히 사적인 동기와 비밀스러운 상황 속에서 탄생한 작품이다. 밀로스 포만 감독의 영화 〈아마데우스〉를 통해 이 작품의 탄생 배경이 지나치게 극적이고 낭만적으로 각색되어 대중에게 알려진 측면이 있지만, 레퀴엠 역시 모차르트가 생계를 위해  작곡한 수많은 작품 가운데 하나였다는 현실적인 측면을 기억해야 한다.

잘 알려진 바와 같이 모차르트는 1791년 이 작품을 의뢰받아 작곡하던 중 완성하지 못한 채 만 35세의 나이로 세상을 떠났다. 모차르트는 극히 일부만 완전히 오케스트레이션을 마쳤고, 작품 대부분은 주요 성부와 일부 악기 윤곽만을 스케치 형태로 남겼으며, 후반부 기도문은 그의 제자였던 쥐스마이어(Franz Xaver Süssmayr, 1766–1803)가 스승의 작풍에 기반하여 새롭게 작곡하거나 기존 스케치를 발전시켜 완성한 것이다. 모차르트가 이에 대한 최소한의 구상이나 스케치를 남겼을 가능성을 완전히 배제할 수는 없으나 현재까지 명확히 밝혀진 바는 없다. 비록 미완성으로 남아 타인의 손에 의해 상당 부분 보필되었지만 쥐스마이어는 결코 무능하거나 평범한 작곡가가 아니었으니 선입견을 가질 필요는 없다.

18세기 말, 고전주의 시대의 정점에 탄생한 모차르트의 이 마지막 대작에서 헨델의 오라토리오를 연상시키는 장대한 합창과 정교한 대위법적 짜임새가 곳곳에서 발견된다는 점은 주목할 만하다. 예컨대 키리에의 이중 푸가는 당시 빈에서 유행하던 음악 양식과는 상당한 거리가 있었는데, 비슷한 시기 작곡한 교향곡 41번 피날레 악장의 푸가를 고려하면 모차르트가 바로크 음악에 상당한 관심을 기울이고 있었음을 확인할 수 있다. 모차르트는 레퀴엠이라는 전통적인 장르를 통해 인간 존재의 근원적인 슬픔과 영원에 대한 갈망을 표현하는 데 바로크 음악 양식의 장엄함과 보편성이 가장 적합한 음악적 언어라고 판단했을지도 모를 일이다.

‘레퀴엠(Requiem)’이라는 명칭은 미사 첫 부분인 입당송(Introitus)의 첫 단어 “Requiem aeternam dona eis, Domine(주님, 그들에게 영원한 안식을 주소서)”에서 유래했다. 문자 그대로 죽은 이의 영혼에 ‘영원한 안식’이 깃들기를 기원하는 의미를 담고 있지만 모든 종교적 기도가 그러하듯 레퀴엠은 단지 죽은 자의 영혼만을 위한 것은 아니다. 오히려 죽음이라는 실존적 사건 앞에 남겨진 산 자들의 슬픔을 위로하고 그들에게 영적인 평안을 주기 위한 목적을 지닌다. 모차르트의 레퀴엠은 여기서 한 걸음 더 나아가 죽음을 목전에 둔 작곡가가 살아있는 자신을 위해 쓴 ‘자기성찰’이었다는 점에서 서양 예술음악사를 통틀어 유례를 찾기 어려울 정도로 특별한 위치를 점한다. 오늘 공연을 통해 모차르트가 던지는 근원적인 질문들을 각자의 내면에서 마주할 수 있다면 이 음악을 21세기 대한민국에서 들어야 할 이유는 충분하다.

글 | 음악학자 계희승
한양대학교 음악대학 작곡과 부교수
한양인터칼리지 i-Professor",UCDPWMuvgw3O8aVbPZwfPq5A,수원시립합창단_SUWON CITY CHORALE,2025-07-22T00:58:10Z,3238,53.97,False,1628.0,35.0,3.0,https://www.youtube.com/watch?v=qaux175NTM4,2600,308,PF239436,"수원시립합창단, MBTI 음악레시피",서양음악(클래식),수원SK아트리움 대공연장,2024-05-09,2024-05-09,,,,shard_32,corrected,"signal_scorer: verified->review 재검토 필요 (날짜 불일치 감지, 자동삭제 아님)",general
FFf6NN-Nxks,"W. A. Mozart Missa brevis in C-Dur [Spatzenmesse], KV 220 - Suwon City Chorale(수원시립합창단)","Missa brevis in C-Dur [Spatzenmesse], KV 220
Wolfgang Amadeus Mozart

지휘: 김보미 예술감독 / Conductor: Bomi Kim Artistic Director of Suwon City Chorale
합창: 수원시립합창단 / Chorale: Suwon City Chorale
관현악: 카메라타 안티콰 서울 / Orchestra: Camerata Antiqua Seoul

소프라노 윤희원 / Soprano Hee Won Yoon
메조소프라노 황인정 / Mezzo Soprano In Chung Hwang
테너 신엽 / Tenor Yeop Shin
바리톤 김동규 / Baritone Dong Kyu Kim

촬영 및 편집: 뮤직그라퍼 / Produced by Music Grapher

제190회 정기연주회
[거장의 울림_모차르트 레퀴엠]

2025.05.22.Thu
Suwon SK Artrium

[Chapters]
Intro 00:00
I. Kyrie 00:38
II. Gloria 02:28
III. Credo 05:40
IV. Sanctus 10:10
V. Bebedictus 11:15
VI. Agnus Dei 15:04

Missa brevis in C-Dur [Spatzenmesse], KV 220
미사곡 [참새]

1775년 완성된 것으로 보이는 이 미사곡은 당시 잘츠부르크 콜로레도 대주교(Hieronymus von Colloredo)의 엄격한 교회음악 개혁 정책 하에 작곡되었다. 현대 사회에서 스마트폰 등 각종 디지털 기기로 인해 장시간 집중하는 능력이 저하되었다고들 하지만, 어쩌면 긴 시간 동안 집중하는 일은 예나 지금이나 인간에게 어려운 과제였는지도 모른다. 콜로레도 대주교의 개혁은 무엇보다 미사의 간결함과 효율성을 강조했는데, 이로 인해 미사곡의 전체 길이는 현저히 짧아졌으며, 전체 연주 시간은 45분을 넘지 않도록 권고되었다. 이조차도 ‘짧아진’ 것이라면 이전의 미사들이 얼마나 장황했는지 짐작조차 할 수 없지만, 이러한 개혁 덕분에 오늘날의 청중들이 보다 응축된 형태의 미사곡을 접할 수 있게 된 것이니 감사해야 할 일인지도 모른다.

콜로레도 대주교가 단순히 연주 시간의 단축만을 목표로 한 것은 아니었다. 간결성에 대한 요구는 연주 시간뿐만 아니라 악기 편성의 규모, 음악적 양식의 화려함까지 포괄하는 것이었다. 근본적으로 미사곡은 미사, 즉 예배를 위한 음악이며, 음악 그 자체가 목적이 되어 예배의 본질을 흐려서는 안 된다는 것이 개혁의 핵심이었다. 이러한 생각은 16세기 트리엔트 공의회 이래 가톨릭교회가 꾸준히 견지해 온 입장이기도 했다. 1517년 마르틴 루터가 종교개혁을 주도할 당시 가톨릭교회 음악이 점차 세속화되고 다성음악이 극도로 복잡해지면서 가사의 명료한 전달을 저해하고 예배의 경건함을 해친다는 비판이 있었음을 상기할 필요가 있다. 음악이 지나치게 정교하고 화려해진 나머지 미사에서 가장 중요한 기도, 즉 ‘말씀’이 제대로 들리지 않게 되는 상황은 교회 지도부에게 심각한 문제로 인식되었고 이는 교회음악에 대한 지속적인 규제와 개혁으로 이어졌다.

오늘날 미사곡을 연주하고 감상하는 행위는 그것이 바흐의 것이든 모차르트의 것이든, 혹은 그 이전 팔레스트리나의 것이든 작곡 당시의 종교적 맥락을 넘어선 하나의 ‘예술 작품’으로 받아들이겠다는 암묵적인 사회적 합의 하에서 가능하다. 미사곡은 문자 그대로 ‘미사(Missa)’, 즉 가톨릭교회의 성찬 전례를 위한 음악이다. 특히 모차르트의 미사곡은 대부분 로마 가톨릭교회의 전통적인 미사 통상문(Ordinarium Missae)을 가사로 사용한다. “주님, 자비를 베푸소서(Kyrie eleison)”로 시작하여 “하느님의 어린양(Agnus Dei)”에 이르기까지 미사곡의 가사는 모두 오랜 역사를 지닌 교회의 기도문이다.

원래 교회라는 신성한 공간에서 신앙 공동체의 일원들이 함께 부르고 들었을 이 기도들을 오늘날 종교와 직접적인 관련이 없는 상업 공연 시설에서 다양한 신념을 가진 사람들이 감상한다는 것은 잠시 멈추어 생각해보면 실로 기묘하고 특별한 현상이다. 앞서 말한 ‘암묵적인 사회적 합의’란 이 음악이 지닌 종교적 기원과 기능을 존중하되 그것을 초월하는 보편적인 예술적 가치를 인정하고 향유한다는 의미를 내포한다. 따라서 종교적 맥락을 완전히 배제한 채 순수하게 ‘예술’로서 이 음악을 이해하고 경험하기 위해서는 연주자와 청중 모두에게 일종의 ‘책임감’, 즉 작품의 역사적, 문화적 배경에 대한 최소한의 이해와 진지하고 열린 ‘마음가짐’이 요구된다고 할 수 있다.

글 | 음악학자 계희승
한양대학교 음악대학 작곡과 부교수
한양인터칼리지 i-Professor",UCDPWMuvgw3O8aVbPZwfPq5A,수원시립합창단_SUWON CITY CHORALE,2025-07-16T00:10:23Z,1176,19.6,False,561.0,12.0,0.0,https://www.youtube.com/watch?v=FFf6NN-Nxks,2600,308,PF239436,"수원시립합창단, MBTI 음악레시피",서양음악(클래식),수원SK아트리움 대공연장,2024-05-09,2024-05-09,,,,shard_32,corrected,"signal_scorer: verified->review 재검토 필요 (날짜 불일치 감지, 자동삭제 아님)",general
KkOAMz6otjc,한화와 함께하는 2021 예술의전당 교향악축제 - 수원시립교향악단 2부,"2021.4.14.(수) P.M 7:30
예술의전당 콘서트홀 실황
(영상제공 예술의 전당)

연주 · 수원시립교향악단
지휘 · 최희준
소프라노 · 홍혜란

::: PROGRAM (2부) :::
G.Mahler/Symphony No.4, G Major   
말러, 교향곡 4번 (소프라노 홍혜란)

Chapters:
0:00 Intro
1:30 I. Bedächtig, nicht eilen
17:53 II. In gemächlicher Bewegung, ohne Hast
28:00 III. Ruhevoll, poco adagio 
48:25 Ⅳ. Sehr behaglich 
1:00:05 Encore",UChYtoZlLUnTxKtRxTWrI0kg,Suwon Philharmonic Orchestra 수원시향 유튜브 TV,2021-05-13T09:30:03Z,3886,64.77,False,3620.0,38.0,1.0,https://www.youtube.com/watch?v=KkOAMz6otjc,1200,49,PF248629,"수원시립교향악단, 올뉴콘서트 All New Concert",서양음악(클래식),수원SK아트리움 대공연장,2024-09-26,2024-09-26,,,,shard_34,corrected,"signal_scorer: verified->review 재검토 필요 (날짜 불일치 감지, 자동삭제 아님)",general
MYulKKNGhek,1. The Marriage of Figaro Overture K. 492- W.A. Mozart (피가로의 결혼 서곡),"주제: 클래식과 마주하다.
날짜: 2020.11.27
장소: 연천수레울아트홀 대공연장
=========================
음악감독: 장원진
=========================
곡: The Marriage of Figaro Overture K. 492 (오페라 피가로의 결혼 서곡)
작곡가: W.A. Mozart",UClm-g435roFrPl19GvBKrSw,연천오케스트라,2021-02-03T07:59:39Z,298,4.97,False,332.0,11.0,0.0,https://www.youtube.com/watch?v=MYulKKNGhek,181,122,PF268394,피가로의 결혼 [광주],서양음악(클래식),광주 예술의 전당 소극장,2025-07-25,2025-07-26,,,,shard_37,corrected,"signal_scorer: verified->review 재검토 필요 (날짜 불일치 감지, 자동삭제 아님)",general
eQw3kTtDBqs,오페라 피가로의 결혼 장기공연실황(2021.1.23 4:00)공연번호 6,"JS오페라단 소극장 오페라 장기공연
""징슈필 피가로의 결혼""
2021.1.15-31 매주 금,토,일 총 12회
대학로 ""아름다운 극장""
지휘 김혜경/P.f.김예리
Casting
수잔나 이은영
피가로 권보철
백    작 김명천
백작부인 원수경
케루비노 이현영
마르체리나 김소윤
바질리오 이종화
바르바리나 윤경연",UCX3c1Osy0i3Tbhy8Smh16oA,JS오페라단,2021-01-25T08:38:36Z,6089,101.48,False,161.0,3.0,0.0,https://www.youtube.com/watch?v=eQw3kTtDBqs,1160,1957,PF268394,피가로의 결혼 [광주],서양음악(클래식),광주 예술의 전당 소극장,2025-07-25,2025-07-26,,,,shard_37,corrected,"signal_scorer: verified->review 재검토 필요 (날짜 불일치 감지, 자동삭제 아님)",general
tvVd9DLwyxg,오페라 피가로의 결혼 장기공연실황-10회공연(2021.1.30 4:00),"JS오페라단 소극장 오페라 장기공연
""징슈필 피가로의 결혼""
2021.1.15-31 매주 금,토,일 총 12회
대학로 ""아름다운 극장""
지휘 김혜경/P.f.최인선
Casting
수잔나 조은희
피가로 박태훈
백    작 김승한
백작부인 홍아람
케루비노  김영미
마르체리나 김미경
바질리오  오광석
바르바리나 윤경연",UCX3c1Osy0i3Tbhy8Smh16oA,JS오페라단,2021-01-31T03:49:05Z,6245,104.08,False,370.0,7.0,0.0,https://www.youtube.com/watch?v=tvVd9DLwyxg,1160,1957,PF268394,피가로의 결혼 [광주],서양음악(클래식),광주 예술의 전당 소극장,2025-07-25,2025-07-26,,,,shard_44,corrected,"signal_scorer: verified->review 재검토 필요 (날짜 불일치 감지, 자동삭제 아님)",general
m0Ti26K0_3A,두 바퀴로 가는 자동차/대구시립합창단 혼성중창,"#두바퀴로가는자동차
2020.6.30.화.오후2시 대구미술관
대구시립예술단 찾아가는 희망 음악회

🎵두 바퀴로 가는 자동차🎶

두바퀴로 가는 자동차
네바퀴로 가는 자전거
물속으로 나는 비행기
하늘로 나는 돛단배
복잡하고 아리송한 세상위로
오늘도 애드벌룬 떠 있건만 포수에게
잡혀온 잉어만이 한숨을 내쉰다

남자처럼 머리 깎은 여자
여자처럼 머리 긴 남자
가방없이 학교가는 아이
비오는 날 신문 파는 애
복잡하고 아리송한 세상위로
오늘도 애드벌룬 떠 있건만
태공에게 잡혀온 참새만이
긴 숨을 내쉰다

한여름에 털장갑 장수
한겨울에 수영복 장수
번개소리에 기절하는 남자
천둥소리에 하품하는 여자
복잡하고 아리송한 세상위로
오늘도 애드벌룬 떠있건만
독사에게 잡혀온 땅꾼만이
긴 혀를 내두른다
독사에게 잡혀온 땅꾼만이
긴 혀를 내두른다",UCbrYQc5LQCxE6idz7ldSfKA,권태복 음악학원,2020-07-01T16:14:05Z,171,2.85,False,510.0,,0.0,https://www.youtube.com/watch?v=m0Ti26K0_3A,987,685,PF242097,"대구시립합창단, 작은음악회: 챔버시리즈 Ⅱ",서양음악(클래식),대구콘서트하우스 챔버홀 (소공연장) ,2024-06-14,2024-06-14,,,,shard_44,corrected,"signal_scorer: verified->review 재검토 필요 (날짜 불일치 감지, 자동삭제 아님)",general
sUVX0_21Lmo,[#58번가맛집] #박동진 명창/판소리 #적벽가 中 /조조군이 화공에 쫓겨 속수무책 당하는 대목 / 고수 주봉신 ㅣ KBS방송,"박동진(1916.7.12 ~ 2003.7.8)

17세부터 판소리 공부를 시작하여 김창진(金昌鎭)에게 〈심청가〉, 정정열에게 〈춘향가〉를 배웠다. 박기홍(朴基洪)에게 〈홍보가〉, 박기홍의 제자 조학진에게 〈적벽가〉를 전수받았다.

1940년부터는 일제의 강압 때문에 활동이 뜸했으나, 8·15해방 후 1947년 조향창극단을 조직하여 순회활동을 했다. 그러나 이 창극단이 6·25전쟁으로 해산되자, 햇님국극단에서 활동했다. 1961년 국립국악원에 입단, 본격적으로 판소리를 배웠다. 약 5년 동안 판소리 다섯 마당을 갈고 닦아 득음의 경지에 들게 되었다고 한다.

1968년부터 계획적으로 판소리 다섯 마당을 벌여 명창으로 명성을 떨쳤는데, 1968년 〈흥보가〉 완창 5시간, 〈춘향가〉 완창 8시간을 했고, 〈심청가〉(1970)·〈적벽가〉(1971)·〈수궁가〉(1972) 등을 완창하여 실력을 과시했다. 1968년 서울신문사가 제정한 한국문화대상 국악부문의 상을 받았고, 1973년 11월 11일 예능보유자로 지정되었다. 구수한 아니리, 임기응변의 너스레, 그리고 재담·덕담·발림 등으로 판의 분위기를 흥겹게 하는 특징이 있다.",UC3m0s5XAQydCtbLHc8j1Uog,KBS 한국방송,2020-05-08T23:00:17Z,447,7.45,False,2772.0,32.0,1.0,https://www.youtube.com/watch?v=sUVX0_21Lmo,2680000,47497,PF247845,적벽 [대구],뮤지컬,대구문화예술회관 팔공홀,2024-11-22,2024-11-24,,,,shard_44,corrected,"signal_scorer: verified->review 재검토 필요 (날짜 불일치 감지, 자동삭제 아님)",general
roqI5IcvMvI,PLAY 연극 그때 변홍례 커튼콜 1 - 이수현/유독현/김동우/문숙경/김지혜/신민규/오에바다/오완우/고은별/윤지원/박광선,"*커튼콜 촬영 가능

2019/7/13
K-PLAY 대학로 연극 그때 변홍례 커튼콜 1
이수현/유독현/김동우/문숙경/김지혜/신민규/오에바다/오완우/고은별/윤지원/박광선
아코디언 서상권
극단 하땅세
2019 창작산실 올해의 레퍼토리
대학로 아르코예술극장 대극장",UC6_8FcuWvXfxpH0Y9mLbQLQ,j,2019-07-13T16:12:31Z,88,1.47,False,261.0,2.0,,https://www.youtube.com/watch?v=roqI5IcvMvI,1390,2342,PF277565,"그때, 변홍례 [수원]",연극,경기아트센터(구. 경기도문화의전당) 소극장,2025-11-22,2025-11-22,,,,shard_46,corrected,"signal_scorer: verified->review 재검토 필요 (날짜 불일치 감지, 자동삭제 아님)",general
5uw9cKTCWLg,"밤을 잊은 그대에게, 잔디밭에서 누리는 작은 행복 / 수원 잔디밭 음악회","▶수원 공식 유튜브 구독 → https://bit.ly/2QwajKn
#수원시립합창단 #기획연주회 #잔디밭음악회
2019.8.30 20:00 수원 제1야외음악당
#밤을_잊은_그대에게 #음악회를 #선물합니다
#수원 #suwon #corea #거미",UCC0hHIP7cqZZWNgKa1Ni9iw,SUWON·수원,2019-08-29T01:51:53Z,41,0.68,True,714.0,2.0,3.0,https://www.youtube.com/watch?v=5uw9cKTCWLg,18200,3094,PF266542,수원시립합창단 기획연주회 [수원],서양음악(클래식),수원SK아트리움 대공연장,2025-06-25,2025-06-25,,,,shard_52,corrected,"signal_scorer: verified->review 재검토 필요 (날짜 불일치 감지, 자동삭제 아님)",shorts
0xS4dJEPUKI,2022 국립국악관현악단 '이음 음악제' 티저,"2022 국립국악관현악단 '이음 음악제'
2022.9.22.(목)~9.30.(금) 국립극장 해오름
국립극장 예매 바로 가기 https://www.ntok.go.kr

경계를 뛰어넘는 강렬한 상상, '한국적 창작음악'의 미래를 내다보다.

시간과 시간, 장르와 장르, 예술가와 예술가를 잇는 창작음악 축제 «이음 음악제». 2021년 한국 창작음악의 오늘과 내일을 잇는 새로운 음악 축제를 표방하며 시작해 ‘한국적 창작음악’의 미래를 그려나가고 있다. 2022년은 한국 창작음악의 새 지평을 제시하는 관현악시리즈Ⅰ‹Vivid : 음악의 채도›, 공개 오디션을 통해 선발한 50여 명의 청년 연주자들로 결성된 ‹2022 오케스트라 이음›과 지역을 기반으로 전통음악 계승과 창작음악 개발에 앞장서온 ‹부산시립국악관현악단›의 무대, 그리고 10명의 젊은 작곡가들이 새로운 시각으로 국악관현악 소품을 선보이는 ‹2022 3분 관현악›, 총 4개의 공연으로 꾸며진다. 전통과 혁신의 시대정신으로 선보이는 국악관현악의 변주와 확장, 그 생생하고 강렬한 현장을 만나보자.

«Ieum Music Festival» is a creative music festival bridging different times, genres, and artists. It began in 2021 with the aim of designing the future of Korean creative music. This season the festival consists of four parts: orchestra series I ‹Vivid› opening a new chapter in Korean creative music; ‹2022 Orchestra Ieum› featuring ﬁfty youth players who passed the open audition; the performance of ‹Busan Metropolitan Traditional Orchestra›, the local orchestra that has played a leading role in succeeding traditional music and developing contemporary music; and ‹2022 Orchestral Suites› in which 10 young composers present short pieces of orchestra music in a new perspective. A vivid, energetic festival ﬁlled with tradition, innovations, variations, and new possibilities of Korean orchestra.


#국립국악관현악단 #이음음악제 #IeumMusicFestival",UC-Yd4HrryydbIx0ctY4gt-g,국립국악관현악단,2022-07-12T02:00:01Z,27,0.45,True,926.0,,0.0,https://www.youtube.com/watch?v=0xS4dJEPUKI,4460,229,PF243124,"부산시립국악관현악단, 다함께 행복한 음악회",한국음악(국악),부산문화회관 중극장,2024-06-14,2024-06-14,,,,shard_52,corrected,"signal_scorer: verified->review 재검토 필요 (날짜 불일치 감지, 자동삭제 아님)",shorts
2YPoQAke03o,#해운대구립소년소녀합창단 #권영기 #2021창원청소년합창페스티발 #우리의꿈 #우리가세상 #Go!Classic,"2021창원청소년합창페스티벌 
2021.10.23 토. 17:00 (3.15아트센터)

* 순천시립소년소녀합창단
* 대구오페라유스콰이어 
* 해운대구립소년소녀합창단 
  지휘자: 권영기 반주자: 김민희
 - 우리의 꿈 (조수정) 
 - 우리가세상(우효원)  
 - Go! Classic (클래식 메들리-오병희)
* 창원시립소년소녀합창단

특별출연 : 아름나라 중창단",UCDd5YhlnRL8O5VBeoXqmjtg,bluchoir,2021-12-17T14:22:28Z,976,16.27,False,884.0,24.0,0.0,https://www.youtube.com/watch?v=2YPoQAke03o,872,325,PF236913,"순천시립소년소녀합창단, 우리들의 이야기 [순천]",서양음악(클래식),순천문화예술회관 대극장,2024-03-30,2024-03-30,,,,shard_52,corrected,"signal_scorer: verified->review 재검토 필요 (날짜 불일치 감지, 자동삭제 아님)",general
scNKa-UVoc4,"대구시립합창단 제130회 정기연주회, 지휘자 김동현교수","#지휘자김동현교수 #대구시립합창단제130회정기연주회 
 2015.09.10.",UCy4VW1HMfwvz9vd67NOaIMQ,김동현지휘자Tony Kim,2020-09-23T06:23:42Z,5224,87.07,False,1250.0,34.0,3.0,https://www.youtube.com/watch?v=scNKa-UVoc4,1000,177,PF242097,"대구시립합창단, 작은음악회: 챔버시리즈 Ⅱ",서양음악(클래식),대구콘서트하우스 챔버홀 (소공연장) ,2024-06-14,2024-06-14,,,,shard_52,corrected,"signal_scorer: verified->review 재검토 필요 (날짜 불일치 감지, 자동삭제 아님)",general
DkLSvXb66j4,소개(Introduction).mpg,"천안시 충남국악관현악단 제62회 정기연주회
미래로 함께 하는 어울림소라
화이부동(和而不同)
일자 : 2012/04/24 오후 7:30
장소 : 천안시청 봉서홀",UCOtf73yEeB9QAttjokJ6r2Q,Paek Sok Kwon,2012-04-25T00:10:02Z,55,0.92,True,584.0,0.0,0.0,https://www.youtube.com/watch?v=DkLSvXb66j4,10200,230,PF248159,"천안시충남국악관현악단, 공주시충남연정국악단 합동연주회: 이음 (二音) Ⅱ [천안]",한국음악(국악),천안시성환문화회관 대공연장,2024-09-24,2024-09-24,,,,shard_54,corrected,"signal_scorer: verified->review 재검토 필요 (날짜 불일치 감지, 자동삭제 아님)",shorts
iiPDfFw0cNE,부산 중구 구립합창단 2023 정기연주회 #중구현장스케치,"[#중구현장스케치]

9월 14일 중구 구립합창단 정기연주회를 롯데백화점 광복점 문화홀에서 진행했습니다.
이번 연주회에서는‘내가 만일’,‘나 하나 꽃 되어’등 익숙한 가요와 가곡을 활용한 무대를 선보이고, 부채춤, 율동, 스토리텔링을 가미한 공연과 퓨전국악단‘소리치레’의 신나는 특별공연 등 기존 합창단의 연주회 이미지에서 탈피한 새로운 즐거움을 전달했습니다.
중구 구립합창단인 ‘참솔여성합창단’과 ‘아라 소년소녀합창단’은 다양한 공연에 참여하고 각종 대회에서 좋은 성과를 거두는 등 활발한 활동으로 중구의 지역문화예술 발전에 적극 기여하고 있으니 많은 응원바랍니다.

★촬영 일자 : 2023.9.14.(목) 19:00
★행사명 : 중구 구립합창단 2023 정기연주회",UCyisUhBJ9TZUcPy2XNOU8og,나이스 부산중구청,2023-10-11T08:26:33Z,93,1.55,False,343.0,5.0,0.0,https://www.youtube.com/watch?v=iiPDfFw0cNE,4530,712,PF242699,구구 [김해],뮤지컬,김해문화의전당 누리홀,2024-07-06,2024-07-07,,,,shard_55,corrected,"signal_scorer: verified->review 재검토 필요 (날짜 불일치 감지, 자동삭제 아님)",general
oqmxCXbaDgY,김천시립교향악단 귀성객 환영음악회,김천시립교향악단 귀성객 환영음악회  KTX김천역 2017.10.3,UC9OGQdgULCrjnuCwRtqFbNA,GMTV김천방송,2017-10-03T08:34:15Z,242,4.03,False,1437.0,10.0,1.0,https://www.youtube.com/watch?v=oqmxCXbaDgY,10800,1881,PF237977,"김천시립교향악단, 교향악축제 프리뷰 콘서트 (04.14)",서양음악(클래식),대구콘서트하우스 그랜드홀 (대공연장) ,2024-04-14,2024-04-14,,,,shard_56,corrected,"signal_scorer: verified->review 재검토 필요 (날짜 불일치 감지, 자동삭제 아님)",general
NbD89VdpDH0,강릉시립합창단 밀양아리랑 _지휘 박동희,"강릉시립합창단 정기연주
2017.9.28.목. 강릉시청대강당
지휘 박동희
연주 이삼열 고동현 최은선 송현주",UCiXfoSneu_oJQ8yLBk0_73A,JUNG U,2018-08-09T02:19:59Z,369,6.15,False,3443.0,19.0,1.0,https://www.youtube.com/watch?v=NbD89VdpDH0,51,41,PF243761,"강릉시립합창단, 신예지휘자 초청연주회",서양음악(클래식),강릉아트센터 (구. 강릉문화예술관) 사임당홀 (대공연장) ,2024-07-25,2024-07-25,,,,shard_56,corrected,"signal_scorer: verified->review 재검토 필요 (날짜 불일치 감지, 자동삭제 아님)",general
gFw40wAK3O8,[KBS 음악실] 2023.8.22. 현과 바람의 노래,"[KBS 음악실] 2023.8.22. 현과 바람의 노래

♣ 첼리스트 이정란 
파리국립고등음악원 최고연주자, 실내악 전문사 과정 졸업/ 윤이상 국제 콩쿨 1위 및 윤이상 특별상, 모리스 장드롱, 파블로 카잘스, 루토르와브스키, 슈베르트와 모던 음악, 트론하임 국제 실내악 콩쿨 등 다수의 국제 콩쿨 입상, 문화관광부 장관상 수상/
미국 라비니아, 프랑스 도빌, 예술의전당 교향악 축제, 서울스프링 실내악축제, 통영국제음악제, 대관령 국제 음악제 등 독주자와 실내악 연주자로 국내외 페스티벌에서 초청 연주/ 서울시향 부수석 역임/ 2020년 첫 솔로 음반 ""Rendez-vous à Paris"" 발매/ 현) 트리오 제이드, 금호솔로이스츠의 멤버로 활동하며 연세대, 경희대에서 강의 활동 중

#KBS음악실 #살롱드첼로 #KBSClassicFM #KBS클래식FM #첼리스트이정란 #이정란  #음악실상주음악가 #첼로 


♣ 플루티스트 박지은 
맨하탄 음대, 예일 대학원 졸업/ kbs 신인음악콩쿠르 1등, 이화경향 콩쿠르 1등/ 뉴욕아티스트 인터내셔널 데뷔어워즈위너, 카네기홀 데뷔/ 대만국립오케스트라, 아시아 필하모닉 객원수석/ 하마마츠 관악페스티발 연주/ 현재 서울시립교향악단 플루트 수석, 야마하 아티스트 , 한양대학교 겸임교수

#KBS음악실 #KBSClassicFM #KBS클래식FM #플룻 #플루티스트박지은 #박지은   

♣ 클라리네티스트 채재일  
줄리어드 음대, 대학원 졸업/ 동아콩쿠르 1위,스위스 제네바 국제 콩쿠르 특별상,스페인 도스에르마나스 국제콩쿠르 1위/ LA 오페라, 서울시립교향악단 수석 역임/ 필라델피아 오케스트라 객원 수석 역임/ 말보로, 서울스프링 축제, 대관령음악제 참가/ Jacques Lancelot 국제콩쿠르, 제네바 국제콩쿠르 심사위원 역임/ 현재 한국예술종합학교 교수, Buffet Crampon 클라리넷 Vandoren 리드 아티스트

#KBS음악실 #KBSClassicFM #KBS클래식FM #클라리넷 #클라리네티스트채재일 #채재일 

♣ 피아니스트 박영성 
한국예술종합학교 음악원 예술사, 전문사, 독주자과정 졸업 / 중앙,동아음악콩쿠르 2위. 한전음악콩쿠르 1위

#KBS음악실 #KBSClassicFM #KBS클래식FM #피아노 #피아니스트박영성 #박영성  

--- 연주곡 순서 ---

* 오늘의 주제 : 첼리스트 이정란 (4) - 현과 바람의 노래 

1. J. Haydn
건반악기를 위한 트리오 G장조 Op. 67, No. 1, HobXV:15
1st mov. Allegro
이정란/ 첼로, 
박지은/ 플루트, 
박영성/ 피아노

2. C. Weber 
피아노와 플루트, 첼로를 위한 트리오 G장조 Op. 63 
3rd mov. Schäfers Klage 
이정란/ 첼로, 
박지은/ 플루트, 
박영성/ 피아노

3. L. v. Beethoven 
피아노 트리오 4번 B flat 장조 Op. 11
 2nd mov. Adagio
이정란/ 첼로, 
채재일/ 클라리넷, 
박영성/ 피아노

4. J. Brahms
 클라리넷 트리오 a단조 Op. 114
 1st mov. Allegro, & 4th mov. Allegro,
이정란/ 첼로, 
채재일/ 클라리넷, 
박영성/ 피아노",UC2klpNOmQgbnnYwaW5eQOLQ,KBS Classic FM,2023-08-22T15:30:03Z,3606,60.1,False,3326.0,108.0,3.0,https://www.youtube.com/watch?v=gFw40wAK3O8,119000,3512,PF274950,바람의 노래 [성남],서양음악(클래식),성남아트리움 (구. 성남시민회관) 대극장,2025-11-14,2025-11-15,,,,shard_56,corrected,"signal_scorer: verified->review 재검토 필요 (날짜 불일치 감지, 자동삭제 아님)",general
Jt28d61f7q0,"[KBS 음악실] 피아졸라 항구의 여름, 드뷔시 피아노 트리오, 아렌스키 피아노 트리오, 멘델스존 피아노 트리오 | KBS 220823 방송","출연 : 피아니스트 박진우, 바이올리니스트 김덕우, 첼리스트 주연선

[KBS 음악실] 2022.8.23. 피아졸라 항구의 여름, 드뷔시 피아노 트리오, 아렌스키 피아노 트리오, 멘델스존 피아노 트리오

♣ 피아니스트 박진우
예원, 서울예고, 한국예술종합학교 조기 졸업, 독일 데트몰트음대 KA과정 졸업, 독일 하노버음대 최고연주자과정 졸업. 서울예고를 빛낸 음악인상 수상, 중앙음악콩쿠르 1위, 난파콩쿠르대상, Pietro Argento 국제 콩쿠르 대상. KBS교향악단, 부천필하모닉오케스트라, 코리안심포니오케스트라, KCO, 강남심포니오케스트라등과 협연. 現, 중앙대 조교수

♣ 바이올리니스트 김덕우
줄리어드 예비학교 졸업, 줄리어드 대학교 및 대학원 졸업(사사 강효, 전액장학금), 삼성문화재단, Charles Petschek Award 수상, 서울시장 표창 수상(2018), 서울시향, 코리안챔버 오케스트라, 부산시향, 경기필하모닉 등과 협연, 뉴욕 카네기홀, 링컨센터, 워싱턴 케네디센터 등 세계 유수 저명 홀에서 독주회, 서울시향 제2바이올린 수석, 서울대학교, 한국예술종합학교 출강 및 겸임교수 역임, 현재 중앙대학교 교수,  KCO(코리안챔버오케스트라) 수석단원 및 콰르텟 21 멤버

♣ 첼리스트 주연선
예원학교 수석입학 및 졸업, 서울예술고등학교 수석 입학 후 재학 중 도미, 미국 커티스 음악원 학사, 라이스 음대 석사 졸업, Eastern Connecticut Symphony Competition 1위, Sorantin International Competition 전체대상, 예술의전당 아티스트로 선발,  아트실비아 실내악 오디션 대상 수상, 운파 (임원식) 음악상 수상, 서울시향, 필라델피아 오케스트라, 경기필하모닉, KBS교향악단, 대구시향, 부천필하모닉 등과 협연, 바흐 무반주 첼로 전곡 모음곡(SONY) Romantique 첼로 소품집 발매 (SONY), 콰르텟K 의 죽음과소녀, 하이든 앨범 발매(SONY), 서울시립교향악단 수석 역임 ,미 Kansas City Symphony Associate Principal 역임, 현 중앙대학교 첼로 교수, 현대차정몽구장학재단 지도교수, 첼리스타 첼로 앙상블 수석 


#KBS음악실 # 살롱드피아노 #KBSClassicFM #KBS클래식FM  #피아니스트박진우 #박진우 

오늘의 주제 :  어울림

--- 연주곡 순서 ---

1. A. Piazzolla
항구의 여름(Verano Porteno)
Pf. 박진우  Vn. 김덕우  Vc. 주연선

2. C. Debussy
피아노 트리오 G장조 中 3악장. Intermezzo. Andante espressivo
Pf. 박진우  Vn. 김덕우  Vc. 주연선

3. A. Arensky
피아노 트리오 1번 D단조 Op.32 中 3악장. Elegia. Adagio
Pf. 박진우  Vn. 김덕우  Vc. 주연선

4. F. Mendelssohn
피아노 트리오 1번 D단조 Op.49 中 4악장. Finale: Allegro assai appassionato
Pf. 박진우  Vn. 김덕우  Vc. 주연선",UC2klpNOmQgbnnYwaW5eQOLQ,KBS Classic FM,2022-08-23T05:00:28Z,3580,59.67,False,5100.0,155.0,3.0,https://www.youtube.com/watch?v=Jt28d61f7q0,119000,3512,PF276228,첼리스타 첼로 앙상블 [대구],서양음악(클래식),대덕문화전당,2025-11-29,2025-11-29,,,,shard_6,corrected,"signal_scorer: verified->review 재검토 필요 (날짜 불일치 감지, 자동삭제 아님)",general
pjqqyqaVVSc,가인전목단 포천시립민속예술단 Korea Tradition Dance * 4KFC 06.23.2019,문화가 흐르는 서울광장 특설무대 공연 * 2019.06.23,UCjHTotJB3KXye4qltHd0G9Q,마실가요,2019-06-28T08:35:54Z,422,7.03,False,927.0,10.0,0.0,https://www.youtube.com/watch?v=pjqqyqaVVSc,22300,6315,PF238844,"포천시립민속예술단, 사월愛 포천의 四季",한국음악(국악),서울남산국악당 크라운해태홀,2024-04-24,2024-04-24,,,,shard_61,corrected,"signal_scorer: verified->review 재검토 필요 (날짜 불일치 감지, 자동삭제 아님)",general
-BXaq-ZmUEM,"김대성 작곡 창과 관현악  '적벽강의 불이야' (구성/정회천, 지휘/이인원, 창/남상일, 우지용, 연주/국립국악관현악단, 국립창극단 특별기획 창극콘서트)","#이인원 #김대성 #국립창극단 #적벽가 #남상일 #우지용
김대성 작곡 창과 관현악  '적벽강의 불이야' (구성/정회천, 지휘/이인원, 창/남상일, 우지용, 연주/국립국악관현악단, 2003.6.13~14, 국립극장 달오름극장, 국립창극단 특별기획 창극콘서트)

- 곡목 해설 -

 창극 적벽가 중에서 '적벽대전' 중심으로 구성되었다. 먼저 합창과 관현악이 적벽강에 불지르는 대목 '적벽대전'의 웅장한 전투 모습을 격렬한 음악으로 묘사한다. 이어 전쟁에 패한 조조의 독창 '산천은 험준하고' 가 중모리로 애처롭게 노래되고 매복해 있던 관공이 조조를 공격하고 조조가 관공에게 살려달라고 비는 조조와 관공의 이중창 '청룡도 칼 받어라' 가 중모리로 불려진다.

(출처/국립창극단)

 지휘자 이인원 약력
   - 한양대학교 대학원 국악과 졸업
   - 서울시립국악관현악단 기획위원
   - 국립국악관현악단 부지휘자
   - 국립창극단 지휘자
   - 객석 국악평론 당선
   - 동국대 및 호원대 겸임교수
   - 현재 / 한국국악교육원 원장
                 (사)국제문화교류위원회 부총재
                 서울시 보조금 심의위원, 서울문화재단 평가위원
   - 주요 작품: 해금협주곡 '월워리청청', 몽금포타령주제에 의한 변주곡, 아리랑환상곡(국악관현악 편곡)

국악지도사 자격시험 및 강습 문의 : 한국국악교육원(T.02-394-3480, 서울 강북구 도봉로 150, 창림빌딩 5층)

한국국악교육원 카페 http://cafe.daum.net/gugakedu",UC3fDXEJh-F2znT93Aknezxg,한국국악교육TV,2022-10-06T23:00:00Z,675,11.25,False,291.0,6.0,0.0,https://www.youtube.com/watch?v=-BXaq-ZmUEM,1160,252,PF247845,적벽 [대구],뮤지컬,대구문화예술회관 팔공홀,2024-11-22,2024-11-24,,,,shard_7,corrected,"signal_scorer: verified->review 재검토 필요 (날짜 불일치 감지, 자동삭제 아님)",general
TdvCrtuvapU,오페라 신데렐라 - 나래디보체,"오페라앙상블 '나래디보체' 창단연주회 


안젤리나(신데렐라) M. Sop. 김세린 
돈 라미로(왕자) Ten. 허남원 
단디니(시종) Bar. 김광현 
돈 마니피코(계부) Bar. 유승문 
알리도로(왕자의 개인교수) Bass. 김현호 
클로린다(계부의 딸) Sop. 류정례 
티스베(계부의 딸) Sop. 박수희 

연출 이혜선

2021.07.23 대전예술의전당 앙상블홀 주최_ 오페라앙상블 나래디보체 주관_ 공연기획피움",UCQYPjsiR95pUBwNJFlsigvw,amelia lee,2021-08-14T06:36:36Z,4751,79.18,False,527.0,2.0,0.0,https://www.youtube.com/watch?v=TdvCrtuvapU,56,114,PF275683,"신, 데렐라 [홍천]",무용(서양/한국무용),홍천문화예술회관,2025-11-07,2025-11-08,,,,shard_7,corrected,"signal_scorer: verified->review 재검토 필요 (날짜 불일치 감지, 자동삭제 아님)",general
h_v2qvRSJl4,[전체합창] 얼굴 (심봉석시 신귀복곡),"제6회 파문의대  모임 및 작은 음악회 ""영겁의 여행자를 위하여'
일시: 2019.6.29 pm 5:00   
장소: 예음홀
반주: 김지수(Pf.) 이윤지(Vn.)
촬영: 김정태
1. 회장 인사                                회장 박정세
2. 작은 음악회 
1부
• 오프닝연주  김지수 이윤지
1)사랑의 꿈 (김효근곡) 
2)파문회가 (김원경곡) 
• 내 마음  (김동명시 김동진곡)           Bar. 이상민
• 목련화 (조영식시 김동진곡)             Ten. 윤정수
• 그리워 (이은상시 채동선곡)             Ten. 민경은
• 신아리랑 (양명문시 김동진곡)         Sop. 조연화
• 시간에 기대어 (최진 시곡)                Bar. 조덕수 
• 옛날은 가고 없어도 (손승교시 이호섭곡) Ten. 심상명
• 유월의 어느 멋진 날에(한경혜시 Lovland곡) 조연화, 심상명
                    intermission 
2부
• 피아노 바이올린 이중주 
    R. Rosette (하얀거탑 OST, 김수진곡)  김지수 이윤지
• 사랑하기에 (이정석)                   허달영 
• 누가 울어 (배호)                          김병구 
• 잊으리 (이승연)                          박정세 전춘남
• I left my heart in San Francisco(Tony Bennett)  차순도
• perhaps love (John Denver곡, Placido Domingo) 김규회
• 어느 60대 노부부 이야기(김광석)        Bar.  조덕수
• Nella Fantasia(Ennio Morricone곡)     Sop. 조연화
• 잊어야 한다는 마음으로(김광석)         Ten. 심상명
• 걱정말아요 그대(들국화)                      Ten. 심상명
• 얼굴(심봉석시 신귀복곡)                      전체 합창
• 파문회가                                                  전체 합창",UCHWGb65ExG3dKR46vd6FoaA,Sangmin Lee,2019-06-30T18:29:53Z,162,2.7,False,53.0,2.0,0.0,https://www.youtube.com/watch?v=h_v2qvRSJl4,172,331,PF287189,어느 60대 노부부 이야기 [부산],뮤지컬,을숙도문화회관 대공연장,2026-04-10,2026-04-10,,,,shard_7,corrected,"signal_scorer: verified->review 재검토 필요 (날짜 불일치 감지, 자동삭제 아님)",general
9_QL00g6eME,240419 천안 신춘음악회 핑크빛 준수님,"2024.04.19 제86회 천안시 충남국악관현악단 정기공연
신춘음악회 
봄맞이 핑크빛 준수님~ 
마지막 인사 후 퇴장!",UCPJX0THyRJoY7X92flL5BRg,dosae,2024-04-20T14:54:03Z,12,0.2,True,555723.0,,47.0,https://www.youtube.com/watch?v=9_QL00g6eME,3380,207,PF248159,"천안시충남국악관현악단, 공주시충남연정국악단 합동연주회: 이음 (二音) Ⅱ [천안]",한국음악(국악),천안시성환문화회관 대공연장,2024-09-24,2024-09-24,,,,shard_8,corrected,"signal_scorer: verified->review 재검토 필요 (날짜 불일치 감지, 자동삭제 아님)",shorts
dwQ8MXqAiEw,나 가거든명성황후 OST,"분당벨칸토여성합창단 
제6회 정기연주회
지휘:김신일
성남아트센터 콘서트홀
2014.10.21  17:30",UCJlR2hYY6JC7qAtQ5jEoI0A,#제주는지금 김진현,2014-11-13T12:40:21Z,324,5.4,False,2623.0,9.0,0.0,https://www.youtube.com/watch?v=dwQ8MXqAiEw,2300,284,PF270305,명성황후 [제주 서귀포],무용(서양/한국무용),서귀포예술의전당 대극장,2025-08-14,2025-08-14,,,,shard_9,corrected,"signal_scorer: verified->review 재검토 필요 (날짜 불일치 감지, 자동삭제 아님)",general
