video_id,video_title,description,channel_id,channel_name,published_at,duration_sec,duration_min,is_shorts_guess,view_count,like_count,comment_count,video_url,channel_subscriber_count,channel_video_count,matched_perf_id,matched_title,matched_genre,matched_venue,matched_perf_start,matched_perf_end,video_type,source_type,notes,source_shard,match_status,correction_note,video_format
AKb-h9PQaYw,성남아트리움 '작곡가 시리즈 : 낭만주의' Ⅰ. 라흐마니노프,"성남아트리움의 2023년 새로운 기획공연 '작곡가 시리즈'에서는 
한 시대를 대표하는 작곡가들의 대표작을 소개하고 그들의 작품 세계를 깊이 있게 탐구해 보고자 합니다. 

첫 시즌은 '낭만주의'를 주제로 러시아 낭만주의 음악을 대표하는 라흐마니노프와 차이콥스키의 음악이 4월 6월 관객들을 만날 예정입니다. 

첫 번째로는 올해로 탄생 150주년이자 타계 80주기를 맞은 작곡가 겸 피아니스트 세르게이 라흐마니노프(1873-1943)를 소개합니다. 
특히 이번 공연에서는 한국인이 가장 사랑하는 협주곡으로 꼽히는 라흐마니노프의 ‘피아노 협주곡 2번’을 선보일 예정으로 강렬한 도입부와 섬세한 선율 진행, 폭발적인 표현력으로 라흐마니노프의 음악 세계를 단번에 체감할 수 있을 것입니다. 

Ⅰ. 라흐마니노프
✅공연일시 : 2023.4.22.(토) 오후 5시
✅ 장소: 성남아트리움 대극장
✅ 출연: 지휘 김광현, 피아니스트 박종해, 연주 국립심포니오케스트라
✅ 프로그램 : 
 - 피아노 협주곡 제2번
 - 교향곡 제2번

🎫 예매하기: https://bit.ly/3Z4QIF8

#성남문화재단 #성남아트리움 #라흐마니노프",UC3lVzrafVONyPmQTAjfOFFQ,성남문화재단,2023-03-02T01:00:03Z,36,0.6,True,2280,411,0,https://www.youtube.com/watch?v=AKb-h9PQaYw,11000,1074,PF282308,성남시립교향악단 신년음악회 [성남],서양음악(클래식),성남아트센터 콘서트홀,2026-01-22,2026-01-22,,,,,,youtube_collect_targeted + signal_scorer: 신규 delete 후보,
8Yb6-4aXXiI,2022.05.18 공주시충남교향악단 제188회 정기연주회 - 공주문예회관 대공연장 협연 박재홍,"2022.05.18 #공주시충남교향악단 제188회 정기연주회 - 공주
#공주문예회관 대공연장

상임지휘자_#정나라 / 피아니스트_#박재홍

Program

 L. van Beethoven

 - 코리올란 서곡 다단조, 작품 62
Overture Coriolan in c minor, Op. 62

- 피아노 협주곡 제 4번 사장조, 작품 58
Piano Concerto No. 4 in G Major, Op. 58
1. 적당히 빠르게
2. 느리지 않고 활기 있게
3. 경쾌하고 매우 빠르게
Ⅰ. Allegro moderato
Ⅱ. Andante con moto
Ⅲ. Rondo: Vivace

Intermission
 
- 교향곡 제 5번 다단조, 작품 67 ‘운명’
Symphony No. 5 in c minor Op. 67 ‘Schicksal’
1. 힘차고 빠르게
2. 느리지 않고 활기 있게
3. 경쾌하고 빠르게
4. 빠르게
 Ⅰ. Allegro con brio
Ⅱ. Andante con moto
Ⅲ. Scherzo: Allegro
Ⅳ. Allegro

앵콜
박재홍 피아니스트 
슈만 : 어린이정경 15-1번 미지의 나라들
R.Schumann: Kinderszenen op.15-1
Von Fremden Landern Und Menschen",UCJJlWD4Q2eKe2oXh-2DbgkA,가루tv,2022-05-19T06:32:32Z,188,3.13,False,98,2,0,https://www.youtube.com/watch?v=8Yb6-4aXXiI,546,212,PF282308,성남시립교향악단 신년음악회 [성남],서양음악(클래식),성남아트센터 콘서트홀,2026-01-22,2026-01-22,,,,,,youtube_collect_targeted + signal_scorer: 신규 delete 후보,
tKI6_8naL7Y,2 Sinfonia(지휘:이선우),"아이노스합창단 제45회 정기연주회(2018.05.14, 영산아트홀)",UCJ_3z39aZnn4D6Y2VfnHcwQ,송금석,2018-06-18T04:36:51Z,78,1.3,False,219,3,0,https://www.youtube.com/watch?v=tKI6_8naL7Y,2180,125,PF249140,제77회 고양시립합창단 정기연주회,서양음악(클래식),고양아람누리 아람음악당,2024-10-17,2024-10-17,,,,,,youtube_collect_targeted + signal_scorer: 신규 delete 후보,
7ClGM41XyMY,사랑의 찬가,제7회 두루여성합창단 정기연주회/1부/서양가곡/M.monnot곡/2016.6.23/아람누리 아람음악당,UCgi-czFYw2KwxkxtWwEYPUA,Park Duru (Duru woman chior),2016-07-06T11:24:15Z,174,2.9,False,4076,9,0,https://www.youtube.com/watch?v=7ClGM41XyMY,134,99,PF249140,제77회 고양시립합창단 정기연주회,서양음악(클래식),고양아람누리 아람음악당,2024-10-17,2024-10-17,,,,,,youtube_collect_targeted + signal_scorer: 신규 delete 후보,
e0vwxyhZbco,인천 서구립 합창단 30주년 공연 2022년 9월 22일,"1부 서구립합창단
The Ground - O. Giello
Lamentation of Jeremy -  R. Streope
Tshotsholza  -  African traditional sono

2부 특별출연 서구 영아티스트 황온서
Piazzol-Libertango for marimba
L. H. Stewers Rhythmic Caprice

3부 Art-pop
마중 - 윤학준 작곡, 이희연 편곡 
베틀노래 - 이원주 작곡, 이하인 편곡 
꽃피는 날 - 정안호 작곡, 이희연 편곡 
가을 - 김존범 작곡

4부 특별출연 서구 아티스트 엘리머
WA Morart - Dwertimento in F Muicr, K. 138 1.Alegro
Edward Elear• 사랑의 인사
Brahms - Hungarian Dance No.5

5부 30주년 창작음악극 
새로운 시작을 위해 곡 이선택
내 안에 살고 있는 그대에게
난 항상 꿈을 꿉니다.
미리를 노래합시다.
행복합시다.


2022.9.22 Thu 7:30pm 인천서구문화회관 대공연장



캠프114 텐트대여 예약사이트 :      https://booking.naver.com/booking/3/bizes/227665
https://www.camp114.co.kr

숯퍼마켓 쇼핑몰 :  https://smartstore.naver.com/sutpermarket",UCH6nayd1ix5N3McbGwO0q_g,정영훈,2022-09-23T12:03:00Z,4980,83.0,False,406,9,1,https://www.youtube.com/watch?v=e0vwxyhZbco,356,448,PF257299,부천시립예술단 신년음악회: 사랑의 인사 [부천],서양음악(클래식),부천아트센터 콘서트홀,2025-01-23,2025-01-23,,,,,,youtube_collect_targeted + signal_scorer: 신규 delete 후보,
qOSe7WjKwMI,민요가수  김은희  &  양산도   나누리예술단 2017-04-16,제7회시민과함께하는가요콘서트(부천마루광장특설무대)나누리예술단 2017-04-16,UCsaNrK4rvHCbGgbjJvH5jrw,별내유공자,2017-04-20T02:17:43Z,150,2.5,False,293,4,0,https://www.youtube.com/watch?v=qOSe7WjKwMI,1320,2738,PF257299,부천시립예술단 신년음악회: 사랑의 인사 [부천],서양음악(클래식),부천아트센터 콘서트홀,2025-01-23,2025-01-23,,,,,,youtube_collect_targeted + signal_scorer: 신규 delete 후보,
5fHt_2yEJE0,이수연_내마음흔들리네요_그시절추억의쇼!!!_ 장소:허리우드 낭만극장 일시:2018.5.19_오필승영상감독,이수연_내마음흔들리네_그시절추억의쇼!!!_ 장소:허리우드 낭만극장 일시:2018.5.19_오필승영상감독,UCUh4RZIiVsByFMpeF4f-7IA,오톡미디어영상TV,2018-05-22T08:29:49Z,210,3.5,False,379,4,0,https://www.youtube.com/watch?v=5fHt_2yEJE0,360,546,PF257299,부천시립예술단 신년음악회: 사랑의 인사 [부천],서양음악(클래식),부천아트센터 콘서트홀,2025-01-23,2025-01-23,,,,,,youtube_collect_targeted + signal_scorer: 신규 delete 후보,
zq0XFWQ7pb0,"지각생 ""오로라"" 38문화예술축제 행사 공연 장면","2023.6.3영중면행정복지센터 미이소광장
오로라 , Aurora , 슬기 , 애리 ,  서은",UCDw1ILI4dCzAixfVDuzXdRw,Entertainment OneStep,2023-06-04T09:00:38Z,295,4.92,False,16389,211,3,https://www.youtube.com/watch?v=zq0XFWQ7pb0,11900,537,PF279629,천안예술의전당 신년음악회 [천안],서양음악(클래식),천안예술의전당 대공연장,2026-01-24,2026-01-24,,,,,,youtube_collect_targeted + signal_scorer: 신규 delete 후보,
pMhzxw2z5qU,김다현 ‘섬마을 선생님’ K-MUSIC 평창 4K 직캠,"2022.11.20 K-MUSIC 평창 (케이뮤직 평창) 
김다현 ‘섬마을 선생님’ K-MUSIC 평창 4K 직캠
섬마을 선생님
장소: 강원도 평창군 알렌시아 일대 
김다현 4K 60P 락뮤직 직캠 Rock Music FANCAM
무단전재 및 재배포 금지 ( 유튜브 쇼츠, 인스타, 트위터, 페이스북) 기타 SNS 편집 및 재가공 후 업로드 하는 행위 불가 (상업, 비상업 모두 비허용)
사진은 원본 유튜브 영상 링크 첨부후 로그크롭 X 일 경우 사용가능

#김다현",UC8yPhlmo-4MY5ZfF-cw3JRg,Rock Music,2022-11-21T05:47:01Z,195,3.25,False,821,39,6,https://www.youtube.com/watch?v=pMhzxw2z5qU,1870000,16051,PF279629,천안예술의전당 신년음악회 [천안],서양음악(클래식),천안예술의전당 대공연장,2026-01-24,2026-01-24,,,,,,youtube_collect_targeted + signal_scorer: 신규 delete 후보,
PPd0S51tTBo,김주택 (Bar. Julian Kim) - 천안 신년음악회 퇴근길,"2020.01.17
2020 소프라노 황수미 바리톤 김주택과 함께하는 신년음악회 New Year's Concert
- 퇴근길
장소: 천안 예술의 전당

촬영: 펜카페 주택단지",UCo9Ngi-LcXQpIzoSsN8JjHg,Julian Kim Fan Channel,2020-01-22T08:39:59Z,48,0.8,True,670,47,2,https://www.youtube.com/watch?v=PPd0S51tTBo,5020,383,PF279629,천안예술의전당 신년음악회 [천안],서양음악(클래식),천안예술의전당 대공연장,2026-01-24,2026-01-24,,,,,,youtube_collect_targeted + signal_scorer: 신규 delete 후보,
h6XkwPKO5rw,180901 천안 예술의전당 개관 6주년 콘서트 - 일리브로 델 아모레 (손태진),"2018.9.1 
천안 예술의전당 개관 6주년 콘서트 
천안 예술의 전당 대공연장 

일리브로 델 아모레 - 손태진",UCBwGc-bYuOHD7Bx_cqRPmug,archive HAM_FDQ,2018-09-01T16:05:13Z,188,3.13,False,563,,,https://www.youtube.com/watch?v=h6XkwPKO5rw,1070,304,PF279629,천안예술의전당 신년음악회 [천안],서양음악(클래식),천안예술의전당 대공연장,2026-01-24,2026-01-24,,,,,,youtube_collect_targeted + signal_scorer: 신규 delete 후보,
ONhc0vtYvFg,"#shorts, ♪ 50K. 새벽비 - 혜은이 [여성.C#m(Capo4+Am)키] ▣통기타로_케이팝(KOREA)끝장내기_올인원ㅣ주룩주룩,철길,기적,창문,얼굴,사랑,마음,기차","K-POP 쉰 번째 곡으로 ""새벽비 - 혜은이(Hye-eun-i)"" 쇼츠 동영상(#shorts)을 미리 업로드하니, 본 영상을 많이 애청해 주세요.


""혜은이""의 본명은 김승주이며, 1954년생으로 제주도 출신입니다.
1975년 《당신은 모르실 거야》가 수록된 1집 음반을 발표하면서 가수로 데뷔했는데, 가수로서의 성공한 것은 그녀의 수상 경력이 이를 증명해 주고 있습니다.

이 곡 '새벽비'는 혜은이가 만 25세이던 1979년도에  제8집 앨범을 통해 발표한 곡이며, 아주 경쾌한 리듬에 신나는 노래이지만, 가사 내용을 살펴보면 사랑하는 사람을 두고 새벽기차를 타고 떠나간다는 내용입니다.

특히 이 곡 '새벽비'는 여러 후배 가수들이 커버를 아주 많이 했는데, 워낙 유명곡인 관계로 여러 버전들이 있는데, 조회수 600만 회를 넘긴 요요미 버전과 조회수 220만회를 넘긴 홍지윤 버전이 가장 유명한데, 심지어 스페인 버전도 있습니다!


여러분과 함께 성장하고 오래 즐길 수 있도록 ""구독과 좋아요""로 응원 부탁드립니다.

#합주연습 #악보제공 #Guitar 
#서교수 #통기타 #맛집 #아르페지오 #스트로크 #스트럼 #취미생활 #치매예방 #꿀팁 #기타코드 #노래방 
#K-POP #MR #hobbies #통기타 한방 #올인원 #all-in-one #Professor_Seo's_Easy&Varied_Guitar_Playing  
#통기타로_케이팝(KOREA)끝장내기_올인원",UCOFm87E9yRVQl93zed5_JtA,♪ 서교수의 통기타 맛집ㅣGuitar Playing - KOREA,2023-08-25T16:00:18Z,36,0.6,True,592,8,0,https://www.youtube.com/watch?v=ONhc0vtYvFg,781,378,PF255356,제16기 시민연극교실,연극,세종문화회관 세종S씨어터,2024-12-21,2024-12-22,,,,,,youtube_collect_targeted + signal_scorer: 신규 delete 후보,
5qcusBxKZcY,R]'평균나이 75살'..노년이 즐거운 실버극단 / 안동MBC,"2022/08/30 16:54:52    작성자 : 윤소영
 
◀ＡＮＣ▶
황혼의 나이에도, 연극 무대에 올라
주저 없이 몸을 던지는 노인들이 있습니다.

평균 나이가 무려 75세.. 하지만
연기에 대한 열정으로 뭉친 이들에게,
나이는 숫자에 불과할 뿐입니다.

윤소영 기자.
◀ＥＮＤ▶
◀ＶＣＲ▶

◀ＳＹＮ▶
""여러분도, 요 무꾸를 마이마이 잡숴보시래~""

익살스러운 표정 연기와
여유있는 대사 처리가 전문배우 못지않습니다.

한 눈에도 연륜이 느껴지는 이들은
안동의 실버극단 '왓니껴' 소속 단원들입니다,

평균나이가 무려 75살!

'연기를 해보고 싶다'는 의지 하나로,
2015년에 창단해 어느덧 열 번째 작품을
준비하고 있습니다.

◀ＩＮＴ▶ 권태인 / 안동 태화동
""제가 공무원으로 명예퇴직 한 상황이고,
제가 다른 직업이 없는 상황이기 때문에..
첫 연습하는 날 많이 어려웠는데, 실제로
해보니까 재미도 있고..""

극단은 해마다 정기공연을 열어
매년 새로운 작품을 선보였는데, 모두
우리 지역의 문화와 역사가 주인공입니다.

이번에 작품도, 안동 토속 음식 '안동식혜'를
만드는 과정을 유쾌하게 풀어냈습니다.

모든 대사를 안동 사투리로 소화하며
지역 특유의 정서를 무대 위에 그대로 옮겨왔습니다.

◀ＩＮＴ▶ 이철진/ 실버극단 '왓니껴' 감독
""나이가 많은 어르신들이다 보니까
지역에 있는 문화나 역사, 이런 것들로
하는 게 가장 설득력 있지 않나 싶어서..""

코로나로 관객들을 만나지 못하면서
조바심 속에 흐르는 세월이 야속했던 지난 3년.

그래서 이번 공연은 고령의 단원들에게
더 특별한지 모릅니다.

◀ＩＮＴ▶ 권영숙 / 안동 평화동
""굉장히 설레기도 하고, 좀 잘해야겠다는
강박관념이 많이 있습니다. 관객분들이
열심히 봐주시고 격려해 주시고..""

황혼을 물들이는 실버 연극인들의
무대는, 내일(오늘) 오후와 저녁 두 차례,
안동시청 대동관에서 만나볼 수 있습니다.

◀ＳＹＮ▶
""파이팅!""

MBC 뉴스 윤소영입니다. (영상취재 차영우)

#안동MBC #안동MBC뉴스 #뉴스데스크 #뉴스투데이",UCgzCOR128Z8rovfBEIQ_lEQ,안동MBC NEWS,2022-08-30T12:05:51Z,126,2.1,False,240,2,0,https://www.youtube.com/watch?v=5qcusBxKZcY,102000,55507,PF255356,제16기 시민연극교실,연극,세종문화회관 세종S씨어터,2024-12-21,2024-12-22,,,,,,youtube_collect_targeted + signal_scorer: 신규 delete 후보,
IPIYoJPHcNQ,[The Selections of 2021 Gugak Artist Lab] 어둠속 온기 (Warmth in the Dark (Eodumsok Ongi)),"✨〈2021 국악아티스트 랩 선정작〉 시청 설문조사 이벤트✨

12월 13일부터 12월 17일까지 최초공개하는
〈2021 국악아티스트 랩 선정작〉 28편에 대한
설문조사(1분 소요)에 참여해주세요.
우수 설문자 10분에게 5만원 상당의
국립국악원 굿즈가 담긴 럭키박스를 보내드립니다.🎁❣

🍀설문조사 기간: 2021.12.24.(금) 23시 까지 
🍀당첨자 발표: 12.29.(수) 당첨자 개별 통보
🔽설문조사 참여하기🔽
http://www.gugak.go.kr/crm/survey_Info.do?id=335

----------
[작품소개/Introduction] 
어둠속 온기는 서도소리 산염불에 콘트라베이스를 가미하여, 부재한 것들에 대한 그리움을 담은 곡이다. 부재한 사람에 대한 외로움과 그리움 그리고 결국 모든 것 들은 부재할 수밖에 없는 순리에 대해 표현하고자 하였다.
Applying contrabass to Sanyeombul of Seodo sori, this work includes yearning for the nonexistent. It aims to present the lonesomeness and longing for those who no longer exist and the ways of nature in which everything eventually vanishes.

[출연자/Cast]
김무빈(소리, 여인), 김금초(할머니), 최인환(베이스), 최강희(영상감독)
Vocal & Woman by Kim Mubin/ Old Lady by Kim Geumcho/ Bass by Choi Inhwan/ Video Director, Choe Kanghui

[촬영장소/Filmed at]
전라남도 거금도 
Geogeumdo of Jollanam-do

※ 아래 내용(이 동영상의 음악 자세히 알아보기)은 유튜브 운영 방침에 따라 제공된 정보이므로 본 영상 및 내용과 다를 수 있습니다.",UCmN4xFSlmWw-_d2riM-ep0A,국립국악원 National Gugak Center,2021-12-16T05:00:06Z,407,6.78,False,1135,60,18,https://www.youtube.com/watch?v=IPIYoJPHcNQ,72800,3578,PF225793,연희도깨비 [군포],한국음악(국악),군포문화예술회관 철쭉홀,2023-11-03,2023-11-04,,,,,,youtube_collect_targeted + signal_scorer: 신규 delete 후보,
wvlSLo3ET8o,"20230304 지저스 크라이스트 수퍼스타 안동 커튼콜 (#마이클리, 한지상, 장은아, 지현준, 전재현, 김바울, 신은총)","2023-03-04(Sat) 18:30
뮤지컬 지저스 크라이스트 수퍼스타 '안동' 커튼콜
(JESUS CHRIST SUPERSTAR - ANDONG)
@안동문화예술의전당 웅부홀

0:00 JCS ❤️
3:13 JESUS CHRIST | MICHAEL K. LEE

𝐂𝐀𝐒𝐓 (*막공)
지저스_마이클리
유다_한지상*
마리아_장은아*
빌라도_지현준*
헤롯_전재현*
가야바_김바울*
시몬_신은총*
안나스_김원빈
베드로_김영우
사제_이예빈

Official👉 @MichaelKLee1 
https://www.instagram.com/michaelkleeofficial/ 

#마이클리 #michaelklee",UClXBRmMzZHu95mLpXinY3qw,YES! Michael K. Lee,2023-03-04T18:43:29Z,294,4.9,False,1162,62,5,https://www.youtube.com/watch?v=wvlSLo3ET8o,6200,1301,PF235602,더 북 [수원],뮤지컬,정조테마공연장,2024-03-09,2024-04-28,,,,,,youtube_collect_targeted + signal_scorer: 신규 delete 후보,
1vqiEtFLsRI,200705 낮 뮤지컬 〈렌트 RENT〉 20주년 기념일 공연 커튼콜 (오종혁 정원영 김수하 민경아 정다희 최재림 김호영 임정모 외),"2020-07-05 일 2시 
뮤지컬 〈렌트〉 20주년 기념일
디큐브 아트센터


오종혁 / 정원영 / 김수하 / 민경아 / 
정다희 / 최재림 / 김호영 / 임정모 / 
신현묵 / 배수정 / 이태영 / 김유정 / 이정혁 / 
김송이 / 김채은 / 서종원 / 이병헌",UCbyEFkaz2hhYPKASmBUCW7Q,sharpRRAN,2020-07-05T12:49:27Z,227,3.78,False,504,12,0,https://www.youtube.com/watch?v=1vqiEtFLsRI,193,334,PF235602,더 북 [수원],뮤지컬,정조테마공연장,2024-03-09,2024-04-28,,,,,,youtube_collect_targeted + signal_scorer: 신규 delete 후보,
H3Ne94uH0RQ,Musical 어린이 뮤지컬 어린왕자 커튼콜 앵콜곡 - 김다영/김종년/이자영/조정환/육다은/이혜지/김기남/박선영,"2019/6/26
K-Musical 어린이 뮤지컬 어린왕자 커튼콜 앵콜곡
김다영/김종년/이자영/조정환/육다은/이혜지/김기남/박선영/이석원/엄민옥/김반효/양성용/최기언
강남 예림당 아트홀",UC6_8FcuWvXfxpH0Y9mLbQLQ,j,2019-06-30T19:23:20Z,83,1.38,False,324,0,,https://www.youtube.com/watch?v=H3Ne94uH0RQ,1400,2367,PF235602,더 북 [수원],뮤지컬,정조테마공연장,2024-03-09,2024-04-28,,,,,,youtube_collect_targeted + signal_scorer: 신규 delete 후보,
bE37o0Xqbj4,"바다 보며 술 한 잔, 해산물 맛집 해녀촌 #맛집","상호명: 해녀촌
위치: 경북 포항시 남구 장기면 동해안로 3360-21 (양포항복합공원 검색하고 직접 찾아가야함)
메뉴: 해산물 30,000원
맛집 추천해드리는 채널 대구형제입니다. 오늘은 포항 남구 양포리에 위치한 해녀촌을 다녀왔습니다.
바닷가가 보이는 풍경에 해산물을 즐길 수 있는 포항 맛집 노포 해산물집입니다.",UCpX8i6oWeajas-64cNeMjMw,대구형제_대구맛집,2023-06-05T08:04:21Z,60,1.0,True,117740,1154,73,https://www.youtube.com/watch?v=bE37o0Xqbj4,148000,812,PF248833,해녀의 바다 [포항],서양음악(클래식),포항문화예술회관 대공연장,2024-10-10,2024-10-10,,,,,,youtube_collect_targeted + signal_scorer: 신규 delete 후보,
fhuT9ZZ-pSQ,조업 끝나고 해물라면 5인분 #shorts,"※ 이 영상은 2020년 4월 30일에 방송된 ＜한국기행 - 봄봄봄 보물찾기 4부 봄을 기다린 이유＞의 일부입니다.

20년을 매일같이 바다로 나간다는 김진권 선장은
요즘 매일 신바람이다.
봄 주꾸미가 서천 바다로 돌아왔기 때문이다.
 
산란기를 맞은 주꾸미를 잡기 위해
김진권 선장은 소라껍데기를 밧줄에 매달아 사용한다.
주꾸미가 산란 시 은밀한 장소를 찾는 습성과
센 물살에 주꾸미가 쓸려가는 것을 막기 위해서다.
 
소라껍데기가 밧줄을 따라 올라오면
주꾸미가 상하지 않도록 갈고리로 단번에, 빠르게 빼낸다.
고된 일이 모두 끝난 뒤 주꾸미를 넣고 끓인 라면은
그 어떤 산해진미도 생각나지 않게 만드는 맛이자
내일 다시 바다로 나갈 수 있는 힘!
진권 씨가 봄을 기다린 이유다.

✔ 프로그램명 : 한국기행 - 봄봄봄 보물찾기 4부 봄을 기다린 이유
✔ 방송 일자 : 2020.04.30

#골라듄다큐 #한국기행 #바다 #어부 #어선 #어촌 #봄 #봄철 #봄제철음식 #봄음식 #제철음식 #주꾸미 #쭈꾸미 #갯가재 #선상라면 #라면 #해물라면 #먹방 #해물 #해산물",UCFCtZJTuJhE18k8IXwmXTYQ,EBSDocumentary (EBS 다큐),2025-02-18T13:00:54Z,40,0.67,True,4592645,21790,2194,https://www.youtube.com/watch?v=fhuT9ZZ-pSQ,5410000,68018,PF248833,해녀의 바다 [포항],서양음악(클래식),포항문화예술회관 대공연장,2024-10-10,2024-10-10,,,,,,youtube_collect_targeted + signal_scorer: 신규 delete 후보,
iMrGs-l9Cvk,"🌸 뮤지컬 #서편제 : 공연 넘버 FULL 클립🎶 - 심청가 (이자람, 유현석)","[뮤지컬 #서편제 🌸]

🎥 공연 넘버 FULL 클립 🎶🎥

🎶심청가 - 심봉사 눈뜨는 대목 

2026 시즌을 마지막으로
송화와 안녕을 고하는 이자람 배우의
스페셜 공연영상 2️⃣

길고 긴 유랑의 끝,
마침내 다시 만난 송화와 동호

서편제의 피날레
심청가 🎵

송화 #이자람
동호 #유현석


_

2026.4.30 - 7.19
#광림아트센터_BBCH홀",UCRrbXs-zT_2IlpalpWRmwug,PAGE1 company,2026-07-01T08:35:14Z,500,8.33,False,3472,197,15,https://www.youtube.com/watch?v=iMrGs-l9Cvk,6290,480,PF273739,서편제; The Original [서울],뮤지컬,국립정동극장,2025-10-17,2025-11-09,,,,,,youtube_collect_targeted + signal_scorer: 신규 delete 후보,
EEtnHQnUmdw,뮤지컬 #서편제 🌸2022.11.14(MON) 네이버TV 후원라이브 미리보기 🎵청춘이 묻는다 - 송원근,"뮤지컬 #서편제 🌸
⠀
#네이버TV #후원라이브 D-DAY
[미리보기] 
🎵청춘이 묻는다 - 송원근

2022.11.14(MON) 7:30 PM
네이버TV ‘PAGE1’ 채널

[CAST]
#이자람 #송원근 #서범석 #채태인

예매하기 🎫
https://patron.naver.com/ntv/c/intro/page1

#녹화중계 #공연실황 #온라인공연",UCRrbXs-zT_2IlpalpWRmwug,PAGE1 company,2022-11-14T00:18:59Z,153,2.55,False,17917,220,7,https://www.youtube.com/watch?v=EEtnHQnUmdw,6290,480,PF273739,서편제; The Original [서울],뮤지컬,국립정동극장,2025-10-17,2025-11-09,,,,,,youtube_collect_targeted + signal_scorer: 신규 delete 후보,
EMiqeZHEY2Q,뮤지컬 서편제_배우인터뷰.wmv,"뮤지컬 서편제
2012.3.2~4.22 
유니버설아트센터",UC5uaG71mG2hyKbc4TRMNZqw,Jihye L,2012-02-06T03:58:49Z,229,3.82,False,1564,1,0,https://www.youtube.com/watch?v=EMiqeZHEY2Q,573,25,PF273739,서편제; The Original [서울],뮤지컬,국립정동극장,2025-10-17,2025-11-09,,,,,,youtube_collect_targeted + signal_scorer: 신규 delete 후보,
qRwJHrPJutc,'극장 앞 독립군' 쇼케이스_우릴 잊었나,"- 기간 :
2019.09.20 (금) ~ 2019.09.21 (토)

- 장소 :
세종대극장

- 시간 :
9월 20일(금) 오후7시30분
9월 21일(토) 오후5시 (공연시간 : 100 분 / 인터미션 : 20 분)

- 연령 :
만 7세 이상

- 티켓 :
VIP석 70,000원
R석 50,000원
S석 30,000원
A석 20,000원

- 할인 :
세종유료회원 40%~35%할인

#세종문화회관 #극장앞독립군 #쇼케이스 #서울시예술단 #홍범도",UCCqaPJqI5q1kfO51qWWOjrQ,세종문화회관 Sejong Center,2019-08-27T08:00:05Z,162,2.7,False,562,17,1,https://www.youtube.com/watch?v=qRwJHrPJutc,36100,1017,PF273739,서편제; The Original [서울],뮤지컬,국립정동극장,2025-10-17,2025-11-09,,,,,,youtube_collect_targeted + signal_scorer: 신규 delete 후보,
BAFjmH06ZUc,2012.04.22 뮤지컬 서편제 막공 커튼콜,"2012.04.22 뮤지컬 서편제 막공 커튼콜
출처 : http://blog.naver.com/himawari1108",UC9C_04ey4nnESKWTtCkW2QA,와리,2012-04-25T17:32:55Z,820,13.67,False,9870,58,2,https://www.youtube.com/watch?v=BAFjmH06ZUc,292,109,PF273739,서편제; The Original [서울],뮤지컬,국립정동극장,2025-10-17,2025-11-09,,,,,,youtube_collect_targeted + signal_scorer: 신규 delete 후보,
jFjJSqAkRsA,"뮤지컬 #서편제 : 공연 맛보기 영상 공개🎥 - 시간이 가면 (홍지윤, 김준수, 서범석, 이다정)","공연 맛보기 영상 공개🎥

#홍지윤 #김준수 #서범석 #이다정 - 시간이 가면

2022.08.12 - 10.23
#광림아트센터 BBCH홀

#굿바이 #마지막시즌 
#이자람 #차지연 #유리아 #홍자 #양지은 #홍지윤
#김동완 #송원근 #김준수 #재윤
#남경주 #서범석 #김태한",UCRrbXs-zT_2IlpalpWRmwug,PAGE1 company,2022-09-30T04:30:38Z,84,1.4,False,12847,308,29,https://www.youtube.com/watch?v=jFjJSqAkRsA,6290,480,PF273739,서편제; The Original [서울],뮤지컬,국립정동극장,2025-10-17,2025-11-09,,,,,,youtube_collect_targeted + signal_scorer: 신규 delete 후보,
2RaulagXWOk,[1탄] 캐리비안 해적 ost 춤추는 오케스트라 지휘자 '백윤학 '지휘자 서울 페스타 필 하모닉 롯데콘서트홀 #orchestra #영화음악ost #캐리비안의해적 #쇼츠뮤직,"https://youtube.com/shorts/hxjZO7TCBmI?feature=shared

🥁 다음 공연 정보
2025.05.01(목) 롯데콘서트홀
지브리 ost FESTA
예매하러 가기
https://m.lotteconcerthall.com/kor/Performance/ConcertDetails/260634
#춤추는지휘자 #백윤학 #유퀴즈지휘자 #서울필하모닉오케스트라 #히사이시조 #히사이시조영화음악오케스트라
#영화음악ost #지브리ost
#아보하 #느좋 #느린직장인
#직장인주말 #직장인취미
#직장인출근길 #직장인퇴근길
#내향인의취미생활
#웅장한음악 #캐리비안의해적ost

🥁 그 다음 공연 정보
2025.05.11(일) 대구콘서트하우스
지브리, 히사이시조 영화음악 FESTA
예매하러 가기
https://tickets.interpark.com/goods/25000306
#춤추는지휘자 #백윤학 #유퀴즈지휘자 #서울필하모닉오케스트라 #히사이시조 #히사이시조영화음악오케스트라
#영화음악ost #지브리ost
#아보하 #느좋 #느린직장인
#직장인주말 #직장인취미
#직장인출근길 #직장인퇴근길
#내향인의취미생활
#웅장한음악 #캐리비안의해적ost",UCFCsPoPVzZpWnrtWmXs_hHw,따로또,2025-04-27T02:15:23Z,38,0.63,True,7381,51,1,https://www.youtube.com/watch?v=2RaulagXWOk,6,17,PF281241,"국립심포니오케스트라, 영화음악 콘서트: 할리우드 블록버스터",서양음악(클래식),예술의전당 [서울] 콘서트홀,2026-05-01,2026-05-01,,,,,,youtube_collect_targeted + signal_scorer: 신규 delete 후보,
uoypZLxDZIg,영화 태극기 휘날리며 OST 'Epilogue'(TaeGukGi: Brotherhood Of War OST 'Epilogue')- 서울그랜드필하모닉오케스트라 / 지휘 서훈,"서울그랜드필하모닉오케스트라

2020.12.28 KCMF 제1회 대한민국영화음악페스티벌(KBS홀)
영화 태극기 휘날리며 OST 'Epilogue'(TaeGukGi: Brotherhood Of War OST 'Epilogue')

연주 : 서울그랜드필하모닉오케스트라
지휘 : 서훈",UCGMI7ZECO1GuZeNtnmn8Zsw,서울그랜드필하모닉오케스트라,2020-06-26T06:55:46Z,244,4.07,False,467973,4365,618,https://www.youtube.com/watch?v=uoypZLxDZIg,5900,361,PF281241,"국립심포니오케스트라, 영화음악 콘서트: 할리우드 블록버스터",서양음악(클래식),예술의전당 [서울] 콘서트홀,2026-05-01,2026-05-01,,,,,,youtube_collect_targeted + signal_scorer: 신규 delete 후보,
A5nHbl-RZeg,흉내는 이제 그만! 벨칸토란 노래를 사랑하는 마음!! #shorts #바리톤 #고성현 #피아니스트 #김미진 #K심포니오케스트라,"#케이심포니오케스트라 
2022.12.20
힌양대 고성현교수님 연구실에서...
#K심포니오케스트라
#클래식스토리

감상해 주셔서 감사합니다.♥
많은 분들과 공감할 수 있도록 '구독'과 '좋아요'를 눌러주세요~
Please ☞ ""SUBSCRIBE"" - ""LIKE"" - ""COMMENT""",UCeITVzT-btoVzFoF7Q3tcJw,K Symphony Orchestra,2023-01-14T04:43:17Z,39,0.65,True,2613,33,0,https://www.youtube.com/watch?v=A5nHbl-RZeg,172,60,PF282027,국립심포니오케스트라와 함께하는 신년음악회 [안동],서양음악(클래식),안동문화예술의전당 웅부홀,2026-01-31,2026-01-31,,,,,,youtube_collect_targeted + signal_scorer: 신규 delete 후보,
5phf4JW3pHc,2021 THE CLASSIC 김해 지역 예술인재 선발 오디션,"문화도시 김해 신인 음악가 발굴 프로젝트
2021 THE CLASSIC 김해
📣지역 예술인재 선발 오디션


✔일정 : 2021.7.17(토), 1일간
✔장소 : 김해 문화의전당 소강당
✔부문 : 악기 / 성악
✔대상 : 16세 이상 김해 출신


📌접수기간 : 2021. 6.28(월)~7.4(일)
📌접수방식 : KNN홈페이지 접수용 이메일로만 가능
→kpo2021@knn.co.kr
📌홈페이지 : http://www.knn.co.kr/236804?bf_cat=6
📌문의 : KNN방송교향악단 051-850-9568",UCw08DZoQIOc4RmbO7Y-pPRg,KNN 클래식,2021-06-18T07:42:09Z,30,0.5,True,335,4,0,https://www.youtube.com/watch?v=5phf4JW3pHc,9730,245,PF282027,국립심포니오케스트라와 함께하는 신년음악회 [안동],서양음악(클래식),안동문화예술의전당 웅부홀,2026-01-31,2026-01-31,,,,,,youtube_collect_targeted + signal_scorer: 신규 delete 후보,
CjdziQnJRiU,아트피아 어린이 합창단 제3회 정기연주회,"아트피아 어린이 합창단 제3회 정기연주회
/ 서로의 별이 되어 /

단장 / 장현경
지휘 / 전선아
반주 / 백송이
안무 / 김용희
진행 / 배지봉
특별출연 / 퓨전국악실내악단_초화

2021.03.14(일) PM 6:00
한국소리문화의전당 명인홀

#아트피아어린이합창단 #어린이합창단 #재3회정기연주회 #동요합창 #퓨전국악실내악단",UCYmR6pzqDT5nPxTAQgWKkQg,BREEZEART,2021-03-14T22:16:39Z,4961,82.68,False,2919,34,0,https://www.youtube.com/watch?v=CjdziQnJRiU,886,356,PF237626,제116회 군산시립합창단 정기 연주회,서양음악(클래식),군산예술의전당 대공연장,2024-04-04,2024-04-04,,,,,,youtube_collect_targeted + signal_scorer: 신규 delete 후보,
PbRDYrLLnC0,"[2025 서울 아시테지 겨울축제] 공연 하이라이트 영상_노인과 바다, 그리고 소년","🖤2025 서울 아시테지 겨울축제🖤 공연별 하이라이트 영상 공개!!
하이라이트 영상을 통해 공연을 먼저 만나보세요~!

📌 공연명 : 노인과 바다, 그리고 소년
📌 권장연령 : 미취학 이상(만 5세 이상)
📌 공연 일시 : 2025.1.3.(금)~1.4.(토) 13:00, 17:00
📌 공연장 : NC문화재단 공연장

더 많은 정보가 궁금하시다면,
아시테지코리아 홈페이지 및 공식 블로그를 확인해주세요~

👉 홈페이지 : https://assitejkorea.org/
👉 공식 블로그 : https://blog.naver.com/assitejkor

#아시테지코리아 #ASSITEJKorea #국제아동청소년연극협회 #아시테지겨울축제 #노인과바다그리고소년 #노인과바다 #헤밍웨이 #명작소설 #스토리텔링연극 #미취학연극 #대학로아이와 #초등학생연극",UCif2zZKw1nN2lKUoGsrME7w,아시테지 코리아 ASSITEJ Korea Channel,2024-11-12T06:25:57Z,65,1.08,False,170,1,0,https://www.youtube.com/watch?v=PbRDYrLLnC0,862,386,PF245601,노인과 바다,한국음악(국악),국립극단 [명동] 명동예술극장,2024-09-13,2024-09-14,,,,,,youtube_collect_targeted + signal_scorer: 신규 delete 후보,
CmWDvDeqm18,260211 어림없는 청춘_ 스페셜 커튼콜: 노인과 바다B (최주찬focus),"2026.02.11 19:30
뮤지컬 '어림없는 청춘'
CKL스튜디오

나주영 최주찬 focus.
정완    김채승
오강식 김해솔
차원재 최찬웅
김민석 이제성

1열 중블",UCG1anVDLq5MzHkvo_lMLNyQ,박뮤코,2026-02-12T17:22:38Z,385,6.42,False,181,2,0,https://www.youtube.com/watch?v=CmWDvDeqm18,652,176,PF245601,노인과 바다,한국음악(국악),국립극단 [명동] 명동예술극장,2024-09-13,2024-09-14,,,,,,youtube_collect_targeted + signal_scorer: 신규 delete 후보,
OsdsghRN4z8,[4K] 260211 뮤지컬 「 어림없는 청춘 」 스페셜 커튼콜 '노인과 바다 B' | 최찬웅 (F),"2026.02.11 19:30 뮤지컬 어림없는 청춘 스페셜 커튼콜

차원재 役 최찬웅 focus

#어림없는청춘 #최찬웅",UCSDyVxNm3AFlWeC8EczV6iw,짱이..,2026-02-12T18:32:25Z,387,6.45,False,171,8,0,https://www.youtube.com/watch?v=OsdsghRN4z8,3,6,PF245601,노인과 바다,한국음악(국악),국립극단 [명동] 명동예술극장,2024-09-13,2024-09-14,,,,,,youtube_collect_targeted + signal_scorer: 신규 delete 후보,
1bc4ZYuYvxQ,사랑의 가능성을 발견하다 | 연극 '사랑이 온다',"사랑이온다
작 배봉기 연출 심재찬
출연 박경근, 길해연, 황정민, 김수현, 이소영, 이태린
백성희장민호극장
2011.11.01 ~ 11.13",UC-2Nn7WrZJkx1m-g_Y0Gf2Q,국립극단,2011-11-01T07:16:39Z,36,0.6,True,278,1,0,https://www.youtube.com/watch?v=1bc4ZYuYvxQ,24700,811,PF245601,노인과 바다,한국음악(국악),국립극단 [명동] 명동예술극장,2024-09-13,2024-09-14,,,,,,youtube_collect_targeted + signal_scorer: 신규 delete 후보,
-AxALNpDf_E,#제주 #서귀포 #베네치아호텔 #바다뷰 #새섬 #새연교 #이중섭거리 겁나 좋음 #JEJU #쇼츠 #쇼츠박스 #shortsbox #shorts #여행브이로그 #여행,,UCmS__uxugWEuTnyLWFtv8Xg,권지영kjy,2023-04-14T15:00:00Z,30,0.5,True,589,,2,https://www.youtube.com/watch?v=-AxALNpDf_E,2210,1471,PF271791,이중섭 [제주 서귀포],서양음악(클래식),서귀포예술의전당 대극장,2025-09-12,2025-09-13,,,,,,youtube_collect_targeted + signal_scorer: 신규 delete 후보,
YnmRsaI_yxY,#제주서귀포맛집 #중섭이네식당 #돌문어덮밥 클라쓰 #JMT #정갈한음식 #14000원의행복 #이중섭거리 #쇼츠 #쇼츠박스 #shortsbox #shorts #여행브이로그 #여행,,UCmS__uxugWEuTnyLWFtv8Xg,권지영kjy,2023-04-10T15:00:18Z,60,1.0,True,1754,,4,https://www.youtube.com/watch?v=YnmRsaI_yxY,2210,1471,PF271791,이중섭 [제주 서귀포],서양음악(클래식),서귀포예술의전당 대극장,2025-09-12,2025-09-13,,,,,,youtube_collect_targeted + signal_scorer: 신규 delete 후보,
-kRQ9AvNMNQ,"이중섭거리, 생가 #제주도 #여행  #쇼츠 #history #추억 #서귀포시","제주 서귀포의 따스한 햇살 아래, 이중섭 작가의 숨결이 살아 숨 쉬는 거리와 생가를 거닐고 왔습니다.
​길가 벽면에 그려진 작가의 작품들을 보며 그가 가졌던 천진난만한 시선과 가족을 향한 애틋한 그리움을 다시금 느낍니다. 여러분의 마음에도 이중섭 작가의 순수한 아름다움이 잠시 머물다 가기를 바랍니다.

​📍 위치: 제주특별자치도 서귀포시 이중섭로 (이중섭 거리 및 생가)
📸 촬영: klife",UC2RUwjua84C3g8ezYegEinA,KLIFE,2026-03-28T11:46:10Z,33,0.55,True,1031,6,3,https://www.youtube.com/watch?v=-kRQ9AvNMNQ,172,112,PF271791,이중섭 [제주 서귀포],서양음악(클래식),서귀포예술의전당 대극장,2025-09-12,2025-09-13,,,,,,youtube_collect_targeted + signal_scorer: 신규 delete 후보,
RgnSsI3uEXI,이중섭화가 산책로 #이중섭 #산책로 #여행 #shorts #쇼츠,,UC2jhk5FGAUxD6ec8V-1kMLw,상상현실,2023-08-09T15:08:26Z,34,0.57,True,635,3,0,https://www.youtube.com/watch?v=RgnSsI3uEXI,6,54,PF271791,이중섭 [제주 서귀포],서양음악(클래식),서귀포예술의전당 대극장,2025-09-12,2025-09-13,,,,,,youtube_collect_targeted + signal_scorer: 신규 delete 후보,
q53fm8O-3Yc,[혼저옵서예]_😎가고싶은 골목 이야기 (낭만골목) - 이중섭거리😎,"#jibs #제주방송 #제주 #jeju #혼저옵서예

[혼저옵서예]_😎가고싶은 골목 이야기 (낭만골목) - 이중섭거리😎
2022-10-28

• 구독하기(무료)  https://www.youtube.com/channel/UCG98...
▸ 홈페이지    https://www.jibs.co.kr  
▸ 페이스북    https://www.facebook.com/JIBSjeju
▸ JIBS 뉴스   https://www.youtube.com/channel/UCisE...
▸ JIBS 스페셜 https://www.youtube.com/channel/UCLyM...
▸ 힐링 아일랜드 https://www.youtube.com/channel/UCcLy...
▸ 비즈니스 문의 jibsplus2@jibs.co.kr
※ 저작권 공지 (Copyright) - 불법 다운로드 및 상업적 사용을 금지합니다",UCG98S1ZsO6W_Tsk2_8fu-pg,JIBS 엔터테인먼트,2022-10-28T04:30:41Z,761,12.68,False,244,7,1,https://www.youtube.com/watch?v=q53fm8O-3Yc,2990,1577,PF271791,이중섭 [제주 서귀포],서양음악(클래식),서귀포예술의전당 대극장,2025-09-12,2025-09-13,,,,,,youtube_collect_targeted + signal_scorer: 신규 delete 후보,
aVqzSnfxWgA,"지휘자 함신익, 심포니 송","심포니 송과 함께하는 새생명 축제

2023.10.29(주일) 09:30, 11:30
창성교회(함성익 목사 시무)
창동역 2번 출구, 녹천역 1번 출구
도봉구 덕릉로 60길 43-18

지휘: 함신익
소프라노: 남상임
테너: 이정현
바이올린: 박진형
트럼펫: 이진규
오보에: 이혜빈",UCyiSyqUrZMB7EYYCeo1onNg,대명교회 피켓전도 행복충전소,2023-10-29T19:39:39Z,3453,57.55,False,487,14,7,https://www.youtube.com/watch?v=aVqzSnfxWgA,13400,9074,PF234179,"경기필하모닉 마스터즈 시리즈 Ⅱ, 말러 교향곡 1번 [서울]",서양음악(클래식),롯데콘서트홀,2024-05-24,2024-05-24,,,,,,youtube_collect_targeted + signal_scorer: 신규 delete 후보,
l5QgmlbP2tg,"2018 정동극장 상설공연 ""궁:장녹수전"" 우리 춤 알아보기! ""장녹수와 연산의 마지막 '이별의 춤'""","한국 전통공연의 끝판왕!
한국무용의 아름다운 선과
매혹적인 '장녹수'의 춤사위를 느낄 수 있는 ""궁:장녹수전""!!

이번에는 ""궁:장녹수전""에 담긴 우리 춤을 하나하나 만나봅니다!
그 다섯번째로 ""궁:장녹수전""에서 
장녹수와 연산의 마지막을 장식하는 
'이별의 춤'을 소개합니다^^
정동극장 공식블로그-https://blog.naver.com/jeongdongtheater/221342890842

'선유락'을 즐기며 장녹수와 즐거운 한때를 보내는 연산,

하지만 폭정으로 인해 신하와 백성들에게 버림받은 연산은
배 위에서 화살을 맞으며 
장녹수와 최후를 맞이하게 됩니다.

마지막까지 서로를 생각하는 녹수와 연산,
녹수는 연산에게 술잔을 올리며
저승으로 떠나기 전
그녀의 기예(妓藝)를 마지막으로 선보입니다....!!!

이렇게 세상을 떠난 녹수와 연산의 마지막춤은
한국 창작무용으로 
꾸며지고 있는데요!

두 배우분들의 절절한 감정을 담아
한국 고유의 춤선으로만
마지막 이야기를 그려내고 있습니다.

그동안 '장녹수'와 '연산'을
요부, 폭군으로서의 이미지로만 그려내었다면,

""궁:장녹수전""은 
'장녹수'가 가진 출중한 기예(妓藝),
그리고 그 기예와 풍류를 사랑한 '연산'의 모습에 
초점을 맞춰 그려낸 한국전통무용극입니다.

미천한 신분에서 기예(技藝) 하나로
왕의 권력까지 거머쥔 그녀의 아름다운 춤선을 만나보고 싶다면...!

한국 전통공연의 끝판왕 ""궁:장녹수전""을
정동극장에서 만나보세요!

2018 정동극장 상설공연 ""궁:장녹수전""
2018.04.05 - OPEN RUN
화-토 16시 (일,월쉼) @정동극장
📍""궁:장녹수전"" 예매하기 : https://goo.gl/o2AR3k
문의 및 전화예약 : 02-751-1500",UC2gwzqCDHVcFpWFXZoSQubA,국립정동극장 Jeongdong Theater,2018-08-21T01:58:51Z,121,2.02,False,3594,28,5,https://www.youtube.com/watch?v=l5QgmlbP2tg,10400,863,PF271546,춤 스케치,무용(서양/한국무용),국립정동극장,2025-09-05,2025-09-27,,,,,,youtube_collect_targeted + signal_scorer: 신규 delete 후보,
SaULQ5dqBZY,"2018 정동극장 상설공연 ""궁:장녹수전"" 우리 춤 알아보기! ""북춤-삼고무,오고무,팔고무""","한국 전통공연의 끝판왕!
한국무용의 아름다운 선과
매혹적인 '장녹수'의 춤사위를 느낄 수 있는 ""궁:장녹수전""!!

이번에는 ""궁:장녹수전""에 담긴 우리 춤을 하나하나 만나봅니다!
그 네번째로 ""궁:장녹수전""에서 
장녹수의 카리스마를 엿볼 수 있는, 박진감 넘치는 북춤!
""삼고무, 오고무, 팔고무""입니다^^!
정동극장 공식블로그-https://blog.naver.com/jeongdongtheater/221330035480

흔히 '삼고무'와 '오고무'로 알려진 북춤!
 ""궁:장녹수전""에서는 고정된 북이 아니라
사람들이 들고 움직이는 북 형태로 구성되어 있어,
때로는 '삼고무', '오고무', '팔고무'까지 바뀌는
변화무쌍한 '북춤'을 선보입니다!

장녹수는 이 '북춤'을 통해
권력을 쥔 '장녹수'와 신하들간의 대립을 묘사하며,
카리스마있고 박진감 넘치는 장면을 선보이는데요...!!

조선의 위험한 신데렐라, '장녹수'!!
미천한 신분에서 기예(技藝) 하나로
왕의 권력까지 거머쥔 그녀의 카리스마를 만나보고 싶다면...!

무더운 여름, 더위를 잊게해줄
한국 전통공연의 끝판왕 ""궁:장녹수전""을
정동극장에서 만나보세요!

2018 정동극장 상설공연 ""궁:장녹수전""
2018.04.05 - OPEN RUN
화-토 16시 (일,월쉼) @정동극장
📍""궁:장녹수전"" 예매하기 : https://goo.gl/o2AR3k
문의 및 전화예약 : 02-751-1500",UC2gwzqCDHVcFpWFXZoSQubA,국립정동극장 Jeongdong Theater,2018-08-01T00:50:07Z,141,2.35,False,2148,22,2,https://www.youtube.com/watch?v=SaULQ5dqBZY,10400,863,PF271546,춤 스케치,무용(서양/한국무용),국립정동극장,2025-09-05,2025-09-27,,,,,,youtube_collect_targeted + signal_scorer: 신규 delete 후보,
K8NGh1IEKs0,2020 정동극장 적벽 1차 홍보스팟,"#정동극장 #적벽 #홍보스팟 

❝이제는 #적벽 이 장르다!❞
新장르의 개척자 #적벽 의 귀환

#적벽 을 안 본 사람은 있어도
한 번만 본 사람은 없다!
취향적중률 100%
모두의 취향을 아우르는 단하나의 공연 
⠀
2020 정동극장 적벽
2020.02.14 - 04.05
@정동극장",UC2gwzqCDHVcFpWFXZoSQubA,국립정동극장 Jeongdong Theater,2020-01-15T12:00:58Z,33,0.55,True,1624,25,2,https://www.youtube.com/watch?v=K8NGh1IEKs0,10400,863,PF271546,춤 스케치,무용(서양/한국무용),국립정동극장,2025-09-05,2025-09-27,,,,,,youtube_collect_targeted + signal_scorer: 신규 delete 후보,
4yprzvwhva8,2018 정동극장 상설공연 궁:장녹수전 '우리 춤 알아보기!'_교방무(敎坊舞),"한국 전통공연의 끝판왕!
한국무용의 아름다운 선과
 매혹적인 '장녹수'의 춤사위를 느낄 수 있는 ""궁:장녹수전""!!

이번에는 ""궁:장녹수전""에 담긴 우리 춤을 하나하나 만나봅니다!
그 처음은 ""궁:장녹수전""에서 선보이는
 화려한 기방문화, 교방무(敎坊舞)입니다!

정동극장 공식블로그 - https://blog.naver.com/jeongdongtheater/221312285763

최소한의 것으로, 최대한의 효과를 자아내는 절제미
 차고 넘치지도 않는 균제의 미감을 풍류의 이상으로 드러내는
 매력적인 교방무!!

한국무용의 종합선물세트인 ""궁:장녹수전""에서
 함께 만나보실 수 있습니다^^

2018 정동극장 상설공연 ""궁:장녹수전""
2018.04.05 - OPEN RUN
화-토 16시 (일,월쉼) @정동극장
📍""궁:장녹수전"" 예매하기 : https://goo.gl/o2AR3k
문의 및 전화예약 : 02-751-1500",UC2gwzqCDHVcFpWFXZoSQubA,국립정동극장 Jeongdong Theater,2018-07-04T08:39:15Z,61,1.02,False,2075,6,0,https://www.youtube.com/watch?v=4yprzvwhva8,10400,863,PF271546,춤 스케치,무용(서양/한국무용),국립정동극장,2025-09-05,2025-09-27,,,,,,youtube_collect_targeted + signal_scorer: 신규 delete 후보,
24oC6Ua1zW4,2018 정동극장 상설공연 궁:장녹수전 '우리 춤 알아보기!'_가인전목단(佳人剪牧丹),"한국 전통공연의 끝판왕!
한국무용의 아름다운 선과
매혹적인 '장녹수'의 춤사위를 느낄 수 있는 ""궁:장녹수전""!!

이번에는 ""궁:장녹수전""에 담긴 우리 춤을 하나하나 만나봅니다!
그 두번째로 ""궁:장녹수전""에서 선보이는
아름다운 궁중정재, 가인전목단(佳人剪牧丹) 입니다!

정동극장 공식블로그 - https://blog.naver.com/jeongdongtheater/221317469359

가인전목단(佳人剪牧丹)은 궁중정재, 궁중무용으로
조선 순조 때 효명세자가 만든 창작무 입니다!

'아름다운 사람이 모란을 꺾는다.'라는 뜻으로, 
'목단화준'이라는 무대 중앙에 활짝 핀 모란 꽃병을 놓고 춤을 추고,
꽃병을 중심으로 춤을 추는 화려하고 아름다운 춤입니다.

조선 말기, 효명세자가 아버지를 즐겁게 하기 위해 만들었다는 
가인전목단(佳人剪牧丹)
일제강점기 이후 단절될 위기에 놓였던 정재를
다시 ""궁:장녹수전""을 통해 만나보세요!

2018 정동극장 상설공연 ""궁:장녹수전""
2018.04.05 - OPEN RUN
화-토 16시 (일,월쉼) @정동극장
📍""궁:장녹수전"" 예매하기 : https://goo.gl/o2AR3k
문의 및 전화예약 : 02-751-1500",UC2gwzqCDHVcFpWFXZoSQubA,국립정동극장 Jeongdong Theater,2018-07-12T02:10:32Z,116,1.93,False,1324,8,1,https://www.youtube.com/watch?v=24oC6Ua1zW4,10400,863,PF271546,춤 스케치,무용(서양/한국무용),국립정동극장,2025-09-05,2025-09-27,,,,,,youtube_collect_targeted + signal_scorer: 신규 delete 후보,
_T6Jck510Lw,"2018 정동극장 상설공연 ""궁:장녹수전"" 우리 춤 알아보기! ""교방부채춤""","한국 전통공연의 끝판왕!
한국무용의 아름다운 선과
매혹적인 '장녹수'의 춤사위를 느낄 수 있는 ""궁:장녹수전""!!

이번에는 ""궁:장녹수전""에 담긴 우리 춤을 하나하나 만나봅니다!
그 세번째로 ""궁:장녹수전""에서 
'장녹수'가 한량들에게 선보이는 카리스마있는 독무!
""교방부채춤""입니다^^!

정동극장 공식블로그-https://blog.naver.com/jeongdongtheater/221322876525

교방에서 추는 춤 + 부채를 들고 추는 춤이라 하여 
""교방부채춤""이라고 불리는 장녹수의 독무!!!
동해안 별신굿의 드렁갱이장단에 맞춰
조선 최고의 예인(藝人) 장녹수가 선보이는 최고의 춤입니다!

""궁:장녹수전""의 신스틸러!
'장녹수'의 위험하고 아찔한 춤사위를
정동극장에서 만나보세요^^!

2018 정동극장 상설공연 ""궁:장녹수전""
2018.04.05 - OPEN RUN
화-토 16시 (일,월쉼) @정동극장
📍""궁:장녹수전"" 예매하기 : https://goo.gl/o2AR3k
문의 및 전화예약 : 02-751-1500",UC2gwzqCDHVcFpWFXZoSQubA,국립정동극장 Jeongdong Theater,2018-07-20T05:58:28Z,133,2.22,False,6513,74,0,https://www.youtube.com/watch?v=_T6Jck510Lw,10400,863,PF271546,춤 스케치,무용(서양/한국무용),국립정동극장,2025-09-05,2025-09-27,,,,,,youtube_collect_targeted + signal_scorer: 신규 delete 후보,
xhZgF5NRAsk,2018 정동극장 상설공연 '궁:장녹수전' (宮:THE PALACE) 제작스케치 영상,"장녹수의 재발견! 역사 속 인물을 새롭게 '예인'의 캐릭터로 만나볼 수 있는 '궁:장녹수전'(宮:THE PALACE)!! 제작스케치 영상에서 살짝 맛보실 수 있습니다^^

공연일정 : 2018.04.05 ~ OPEN RUN 
공연시간 : 화-토 오후 4시
공연장소 : 정동극장
관람연령 : 48개월 이상 
창작진 : 정혜진 안무, 오경택 연출, 경민선 작가, 김철환 작곡가, 미술감독 박동우, 영상디자인 정재진, 조명디자인 신호, 의상디자인 이호준, 소품디자인 김상희, 분장디자인 김종한
주최 : (재)정동극장
제작 : 정동극장
문의 : 정동극장 02-751-1500​ www.jeongdong.or.kr",UC2gwzqCDHVcFpWFXZoSQubA,국립정동극장 Jeongdong Theater,2018-04-01T23:54:08Z,90,1.5,False,1842,19,0,https://www.youtube.com/watch?v=xhZgF5NRAsk,10400,863,PF271546,춤 스케치,무용(서양/한국무용),국립정동극장,2025-09-05,2025-09-27,,,,,,youtube_collect_targeted + signal_scorer: 신규 delete 후보,
bAD3eW2xk2k,2021.11.25 경희 심포니 오케스트라 정기연주회,"2021.11.25 경희 심포니 오케스트라 정기연주회 

Kyung Hee Symphony Orchestra Concert
지휘 이명근

W.A. Mozart  The Abduction from the Seraglio Overture

W.A. Mozart  Sinfonia Concertante in E flat Major , K.364 1st mov
-Vn박경은 , Va이현성

J.Haydn  Cello Concerto in C Major 3rd mov 
-Vc이채환

K.D.Von.Dittersdorf  Sinfonia Concertante in D Major , Kr.127  1st mov
-Va권예성 , Db박중기

P.I.Tchaikovsky  Violin Concerto in D Major , Op.35  3rd mov 
-Vn박호은

F.David  Trombone Concertino 3rd mov
-Tb이기현

P.I.Tchaikovsky  Romeo and Juliet Fantasy Overture",UCq8vnhO_wD_Qh1SS0QO6mWA,‍음악대학(부서 음악대학),2022-03-22T05:59:07Z,2534,42.23,False,763,3,0,https://www.youtube.com/watch?v=bAD3eW2xk2k,103,25,PF253538,제159회 군산시립교향악단 정기연주회,서양음악(클래식),군산예술의전당 대공연장,2024-12-05,2024-12-05,,,,,,youtube_collect_targeted + signal_scorer: 신규 delete 후보,
6ATz5m1yc1M,"[옥곡초등학교]고향의 봄 - 이원수 작사, 홍난파 작곡","2019 경북학교예술교육페스티벌 2부

일시 : 2019.11.26 PM7:00
장소 : 천마아트센터 그랜드홀",UCuxXR7Lntuw6TASuQVcYVCg,WITH Entertainment,2019-12-24T02:55:45Z,271,4.52,False,1335,10,1,https://www.youtube.com/watch?v=6ATz5m1yc1M,1890,738,PF253137,제119회 강릉시립합창단 정기연주회,서양음악(클래식),강릉아트센터 (구. 강릉문화예술관) 사임당홀 (대공연장) ,2024-12-06,2024-12-06,,,,,,youtube_collect_targeted + signal_scorer: 신규 delete 후보,
lYOJ5YMFNzY,제5회 원주시티즌코랄 정기연주회,"원주시티즌코랄 Wonju Citizen Chorale
지휘: 김태영 반주: 이다은

특별 출연: 원주자원봉사청소년합창단
지휘: 김규태 반주: 원민재

유튜브 최초 공개: 2021.10.21. 8pm
녹화장소: 원주 치악예술관 

- 미국 합창
00:53 Simply Alleluia … Donald Moore 
03:10 Fly with me … Mark Hayes
07:36 Go ‘way from my window … 미국민요, arr. Ruth Elaine Schram 
10:50 Ye shall have a song … Sally K. Albrecht

13:29 단장님 인사 (곽문근, 원주시 시의원)

- 우리 합창단 단원들의 독창, 중창
15:36 Lascia ch'io pianga - G.F.Handel
           독창 채은지
19:22 왕이신 나의 하나님 … 이현철
           이중창 박주현, 이소라

- 특별출연: 원주자원봉사청소년합창단
24:24 행복합니다 - 작사, 작곡: 윤일상
27:32 아름다운 세상 - 작사, 작곡: 박학기
30:54 꼭 안아줄래요 - 작사: 한경아, 작곡: 윤학준, 편곡: 황소라

34:01 축하인사말 (송기헌, 국회의원)

- 유럽 합창
35:07 Dona nobis pacem (3성부 캐논) … W.A.Mozart
40:02 And I saw a new heaven … Malcolm Archer
44:09 La ci darem la mano … arr. Gwyn Arch W.A.Mozart
 
- 한국  합창
47:42 못잊어 … 조혜영
52:58 바람의 말 … 정남규 
58:53 그리운 나무 … 이범준
1:02:53 내 손은 바람을 그려요 … 정보형 
 (원주자원봉사청소년 합창단과 함께)
1:06:25 단원소개, 끝자막",UCTmUvewFyJcOuj5wzFLoDkA,원주시티즌코랄,2021-10-21T11:00:11Z,4117,68.62,False,3335,67,35,https://www.youtube.com/watch?v=lYOJ5YMFNzY,64,59,PF253137,제119회 강릉시립합창단 정기연주회,서양음악(클래식),강릉아트센터 (구. 강릉문화예술관) 사임당홀 (대공연장) ,2024-12-06,2024-12-06,,,,,,youtube_collect_targeted + signal_scorer: 신규 delete 후보,
xIlVvEL7I9Q,[2023 인천합창대축제] 꼭 안아줄래요 - 위자드콰이어,"#위자드콰이어 #어린이합창단 #인천합창대축제 #아트센터인천

2023.09.14
2023 인천합창대축제 / 아트센터 인천
어린이합창단 위자드콰이어 (지휘 박용명 / 피아노 권민아)

[Wizard Chiildren's Choir]
공연문의 : 010-3927-3859
인스타그램 : @wizardchoir_official
홈페이지 : www.wizardchoir.com",UCQwbliW2ZNXR76t9dDXYsgQ,어린이합창단 위자드콰이어 ,2023-09-15T02:32:19Z,195,3.25,False,1011,38,2,https://www.youtube.com/watch?v=xIlVvEL7I9Q,473,86,PF253137,제119회 강릉시립합창단 정기연주회,서양음악(클래식),강릉아트센터 (구. 강릉문화예술관) 사임당홀 (대공연장) ,2024-12-06,2024-12-06,,,,,,youtube_collect_targeted + signal_scorer: 신규 delete 후보,
iuYFpafwm5g,싸이코패스 VS 소시오패스,"📌쪽팔려게임(네이버웹툰)

 #웹툰 #애니 #리뷰 #웹툰리뷰 #웹툰추천 #만화 #애니 #애니메이션 #영상툰 #애니툰 #네이버웹툰",UCmdbJB7Xu77g3cGCylG_7Rg,조이 JOY,2026-07-03T09:00:23Z,25,0.42,True,1274888,15348,149,https://www.youtube.com/watch?v=iuYFpafwm5g,27200,171,PF220917,패스,연극,서강대 메리홀 대극장,2023-08-04,2023-08-16,,,,,,youtube_collect_targeted + signal_scorer: 신규 delete 후보,
qg81csh7w6w,수술 부작용으로 사이코패스가 된 아이가 성인이 되면 벌어지는 일 [결말포함],"안녕하세요 다크아워 입니다
오늘 소개해드릴 영화는 [리턴, 2007]입니다

#영화리뷰 #결말포함 #몰아보기 #영화 #리뷰 #추천 
#한국영화 #유준상 #김명민 #김태우
#범죄 #공포 #스릴러 #미스터리 #movie #film 

*심한 욕설이나 비방이 포함된 댓글은 삭제 처리 될 수 있습니다",UCv72PTgYVvo_A4TLj88cg0w,다크 아워[Dark Hour],2026-06-06T00:06:07Z,1665,27.75,False,615736,3406,187,https://www.youtube.com/watch?v=qg81csh7w6w,5840,33,PF220917,패스,연극,서강대 메리홀 대극장,2023-08-04,2023-08-16,,,,,,youtube_collect_targeted + signal_scorer: 신규 delete 후보,
O7h10cfqtCs,2022년 서울시합창단이 드리는 특별한 선물🎁 송년음악회 Special Day✨ | 세종문화회관,"2022년 한 해, 여러분은 어떠셨나요? 
즐거운 날도, 행복한 날도, 슬픈 날이나 아픈 날도 있었겠지요.
그렇게 보내 온 2022년, 고생하셨습니다.
서울시합창단이 준비한 송년음악회 「SPECIAL DAY」와 함께 
좋은 날은 추억하고 안 좋았던 날은 털어버리는 시간을 가져보아요.

개그맨 김수용의 사회로 전 세대가 공감할 수 있는 클래식, 영화음악 그리고 다양한 크리스마스 캐럴이 혼성합창, 남성합창, 어린이합창 등으로 공연됩니다. 

◽공연명｜서울시합창단 송년음악회 「SPECIAL DAY」
◽일  시｜2022.12.6.(화) 19:30
◽장  소｜세종대극장
◽제작진｜예술감독 박종원, 연출 장재호
◽출  연｜객원지휘 최영주, 소년소녀합창단 지휘 하대근, 사회 김수용
          서울시합창단, 서울시소년소녀합창단, 계몽시대 오케스트라
◽티  켓｜R석 5만원, S석 4만원, A석 3만원, B석 2만원
◽예  매｜https://url.kr/rpe1k9  (세종문화티켓 02-399-1000) 


#서울시합창단 #수드래곤 #크리스마스 


💜세종문화회관 SNS
인스타그램 https://www.instagram.com/sejongcenter
페이스북 https://www.facebook.com/sjcenter
블로그 https://blog.naver.com/sejongnanum",UCCqaPJqI5q1kfO51qWWOjrQ,세종문화회관 Sejong Center,2022-11-11T02:00:07Z,31,0.52,True,1226,17,2,https://www.youtube.com/watch?v=O7h10cfqtCs,36100,1017,PF242055,얍 판 츠베덴 & 서울시립교향악단 [대구],서양음악(클래식),수성아트피아 대극장 (대공연장) ,2024-10-31,2024-10-31,,,,,,youtube_collect_targeted + signal_scorer: 신규 delete 후보,
0vfE8btC3HA,[TIMF NOW] 체임버 오케스트라 편성으로 새롭게 탄생한 베토벤의 장엄미사!| TIMF앙상블 | 8월 28일 통영국제음악당 콘서트홀,"8월 28일 TIMF앙상블 마스터 시리즈: 베토벤 장엄미사 공연정보
https://www.timf.org/kr/sub/ticket/view.asp?idx=1167&s_date=2021-08-28

- 공연 일시: 2021년 8월 28일 (토) 17:00
- 공연 장소: 통영국제음악당 콘서트홀
- 출연진: 윤정난(소프라노), 김정미(알토), 최상호(테너), 이승왕(베이스), TIMF앙상블, 대전시립합창단, 빈프리트 톨(지휘)

ⓒ TIMF
영상의 저작권은 통영국제음악재단에 있습니다.",UCvbsZl-bPthx9FAwe_QAsCg,통영국제음악재단 TIMF,2021-08-18T06:47:42Z,97,1.62,False,415,32,2,https://www.youtube.com/watch?v=0vfE8btC3HA,6080,407,PF242055,얍 판 츠베덴 & 서울시립교향악단 [대구],서양음악(클래식),수성아트피아 대극장 (대공연장) ,2024-10-31,2024-10-31,,,,,,youtube_collect_targeted + signal_scorer: 신규 delete 후보,
I04-Rne9UuM,2021년 제8회 대구사진비엔날레 개막식,"기간
2021.09.10(금) 17시 ~ 
장소
대구문화예술회관 중정홀
주최/주관
대구광역시 (대구문화예술회관)",UC7EcNhRVm-YeAlXITCurs1g,대구문화예술회관,2021-09-10T20:53:35Z,4129,68.82,False,802,17,0,https://www.youtube.com/watch?v=I04-Rne9UuM,1600,228,PF236627,제193회 부산시립합창단 정기연주회,서양음악(클래식),부산문화회관 대극장,2024-06-27,2024-06-27,,,,,,youtube_collect_targeted + signal_scorer: 신규 delete 후보,
9PRckJD6CWg,#민요메들리 합창🎤🎤🎤영남3루🎋#울산태화루 에서 울려퍼진#우리가락좋을시고#울산웃음나눔봉사단 민요팀,"""2019 울산광역시 자원봉사 우수프로그램  
공모 지원사업""선정 관련 4회차 봉사활동
💥💥💥전통시장 활성화를 위한 특별공연
울산 중구 태화시장 편💥💥💥(2019.5.25)",UCK04WTyLFmF9jImai1lBNww,박광하 울산웃음나눔봉사TV,2019-05-25T21:37:09Z,487,8.12,False,340,5,3,https://www.youtube.com/watch?v=9PRckJD6CWg,28400,1488,PF236627,제193회 부산시립합창단 정기연주회,서양음악(클래식),부산문화회관 대극장,2024-06-27,2024-06-27,,,,,,youtube_collect_targeted + signal_scorer: 신규 delete 후보,
Tm0ub1Ma2Wk,[2021 시청자주간 특집 감사음악회] KBS교향악단_탕가소:부에노스 아이레스에 대한 변주곡 | KBS1TV 210902 방송,"2021 시청자주간 특집 감사음악회-친절한 클래식, 더탱고 2021.09.02. KBS1TV 방송 
KBS교향악단 
피아졸라 / 탕가소:부에노스 아이레스에 대한 변주곡 (A.Piazolla / Tangazo: Variations on Buenos Aires)

지휘 : 안두현 
연주 : KBS교향악단",UCMGoSdb5_4zQUP82aDu9ylA,KBS 문화공간,2022-02-23T00:00:14Z,855,14.25,False,436,7,0,https://www.youtube.com/watch?v=Tm0ub1Ma2Wk,11000,290,PF232388,"과천시립교향악단 콘서트시리즈 1, 신년음악회 [과천]",서양음악(클래식),과천시민회관 대극장,2024-01-26,2024-01-26,,,,,,youtube_collect_targeted + signal_scorer: 신규 delete 후보,
toyv6bdbEgc,서울시민교향악단 Seoul Civic Symphony Orchestra - 장일범's Commentary on Symphonie Fantastique,"2015.03.28 @ Sejong Center for the Performing Arts 
Seoul Civic Symphony Orchestra
장일범, 서울시민교향악단",UC_e-n1C-zaIRaIS8xKpJukw,Jong Wook Kim,2015-03-29T14:22:34Z,812,13.53,False,89,0,0,https://www.youtube.com/watch?v=toyv6bdbEgc,71,86,PF232388,"과천시립교향악단 콘서트시리즈 1, 신년음악회 [과천]",서양음악(클래식),과천시민회관 대극장,2024-01-26,2024-01-26,,,,,,youtube_collect_targeted + signal_scorer: 신규 delete 후보,
mkKjuS1_fng,[숏터뷰] 키트리's 명장면 PICK!,"#shorts 

스페인의 정열이 살아숨쉬는 
뜨거운 무대!

매력 넘치는 키트리가 뽑은 
[돈키호테] 명장면은 무엇일까요?

지금 함께 영상으로 만나보아요♥

[Instagram]
@misun215 @hyangkka__

지중해의 낭만과 정열이 가득한 시간🪭
유니버설발레단 [돈키호테]
2023.10.06(금)-10.08(일)
예술의전당 오페라극장

#유니버설발레단#universalballet#돈키호테#Donquixote#예술의전당
#k발레#kitri#ootd#릴스#balletlife 

ⓒ유니버설발레단 제공",UCk1RygHm67qOfwgxaNmRI2w,Universal Ballet,2023-08-29T08:04:14Z,44,0.73,True,11965,235,0,https://www.youtube.com/watch?v=mkKjuS1_fng,7650,565,PF248996,"국립발레단 Fly Higher with KNB, 해설이 있는 전막발레 돈키호테 [천안]",무용(서양/한국무용),천안예술의전당 대공연장,2024-10-11,2024-10-11,,,,,,youtube_collect_targeted + signal_scorer: 신규 delete 후보,
c4dvECqT3Iw,예술을 위한 조화 스팟영상,"안산문화예술의 전당.  2015.9.5  군포문화예술회관 2015.9.10 
영상제작 상담문의 - HM컴퍼니 070-7404-7139  loveexib@naver.com
http://hmncompany.co.kr/2015/mailing/2015_hm_main.html",UCAZExZ7MVL5pprW86akR_hw,hmcompany,2015-07-31T00:38:21Z,59,0.98,True,140,0,0,https://www.youtube.com/watch?v=c4dvECqT3Iw,50,86,PF270365,지젤 [안산],무용(서양/한국무용),안산문화예술의전당 해돋이극장,2025-11-14,2025-11-15,,,,,,youtube_collect_targeted + signal_scorer: 신규 delete 후보,
IHed0qb7dCQ,이원국발레단 창작발레극 춘향,"ASAC몸짓페스티벌 몸짓 게스트 
이원국발레단의 창작발레극 춘향

우리의 고전 문학과 서양 발레의 만남!
춘향과 몽룡의 아련한 사랑을 새롭게 만난다.

2016.8.20 토 5PM",UCjxPmaqCe3ZloW4_otBVMPQ,안산문화예술의전당'아삭TV',2016-07-14T05:14:30Z,54,0.9,True,685,3,0,https://www.youtube.com/watch?v=IHed0qb7dCQ,339,149,PF270365,지젤 [안산],무용(서양/한국무용),안산문화예술의전당 해돋이극장,2025-11-14,2025-11-15,,,,,,youtube_collect_targeted + signal_scorer: 신규 delete 후보,
CU9sOffJiwY,세빌리아의 이발사 - 나는 이 거리의 만능 일꾼 Rossini: Il Barbiere Di Siviglia - Largo al factotum della citta 바리톤 김주택,"세빌리아의 이발사 - 나는 이 거리의 만능 일꾼 Rossini: Il Barbiere Di Siviglia - Largo al factotum della citta 

바리톤 김주택
하트하트오케스트라

신한음악상 수상자와 발달장애인 하트하트오케스트라가 함께하는 WITH CONCERT
2021.05.13

24시간 클래식 공연 라이브
Classic itself! ❤ ARTE TV
클래식 음악은 아르떼티비에서!

대한민국의 문화예술 전문채널, Arte TV

👉 Contact us / 출연 및 제작 제휴 문의 방법
+82 2-849-3366 (Seoul, Korea)
hi@arte.co.kr

👉 Homepage
http://www.arte.co.kr/
👉YOUTUBE
https://www.youtube.com/user/TheArteTV
👉NaverTV
 https://tv.naver.com/artetv
👉Instargram
 https://instagram.com/ch.artetv
👉facebook
 https://www.facebook.com/arte.co.kr/

▶ 최신 클래식 방송을 놓치지 않고 모두 보려면
 ‘구독’, ‘좋아요’  '알림' 설정!

▶ 대한민국의 문화예술 전문채널, Arte TV
ArteTV는 방송을 통해 선진 공연 예술을 접할 수 있는 발판을 마련하고, 
지역의 공연 문화와 예술의 발전을 선도하는 문화 창조자이자 메신저 역할을 하고자 합니다.

✅ 온에어 편성시간표는 아르떼 홈페이지에 게시되어있습니다. 
많은 관심과 시청바랍니다.


✅  ArteTV는 전국 8백만 가구를 대상으로 다양한 문화 예술 콘텐츠를 방송하고 있습니다.

- TV채널번호
Skylife(Ch143), KTollehTV(Ch140), SKBtv(Ch234), LGU+TV(Ch159), CJ헬로비전(Ch180), D'live(Ch140), Tbroad(Ch236), HCN(Ch226), CMB(대전 59-2) 외


✅ ArteTV는 사업, 공연, 전시, 콘텐츠, 온라인, 모바일 등 외부 단체와 다양한 형태의 제휴가 가능합니다. 
연주 단체나 아티스트가 본인의 공연을 방송하시기 원하시는 경우, 아르떼홀에서 직접 공연하거나
외부 공연을 중계차로 녹화하거나 생중계 방송으로 제작하여 송출합니다.



▶ 채널에 가입하여 혜택을 누려보세요.
https://www.youtube.com/channel/UCPglj7zGwmOlH8_31Tpgh8Q/join",UCPglj7zGwmOlH8_31Tpgh8Q,한경arteTV,2021-09-08T09:12:42Z,280,4.67,False,8994,109,8,https://www.youtube.com/watch?v=CU9sOffJiwY,116000,3896,PF251567,세빌리아의 이발사 [안성],서양음악(클래식),안성맞춤아트홀 대공연장,2024-11-15,2024-11-16,,,,,,youtube_collect_targeted + signal_scorer: 신규 delete 후보,
QzuuhDH-phM,prendi per me sei libero( 소프라노 이경진),"Opera L'elisir D'amore(오페라 사랑의묘약)
2021.1.28 
대구오페라하우스",UC_iiOCT_RaFU39JyvZsbfzw,oper,2021-02-13T16:34:04Z,218,3.63,False,1533,35,7,https://www.youtube.com/watch?v=QzuuhDH-phM,59,25,PF233185,"대구시립교향악단, 사랑의 묘약",서양음악(클래식),대구콘서트하우스 그랜드홀 (대공연장) ,2024-01-26,2024-01-26,,,,,,youtube_collect_targeted + signal_scorer: 신규 delete 후보,
ayx-I2kMpZU,Besa el aura_부드러운 산들바람_ TRES POEMAS OP.81_J. Turina_소프라노 배혜리_두번째 독창회,"소프라노 배혜리 독창회
2019.6.15.토.오후5:00
수성아트피아 무학홀
주최  소프라노 배혜리 & LEEAN 프로젝트
후원  계명대학교 음악대학 성악과 동문회
후원  재단법인 수성문화재단 수성아트피아


소프라노 배혜리 -------------------------------------------------------------

계명대학교 성악과 및 동대학원 졸업
이태리 Licinio Refice di Frosinone 오페라과 실기만점졸업
이태리 “Leoncavallo"" Academia Diploma
이태리 “A.M.I"" Academia Diploma
이태리 ""A.M.I""성악최고연주자과정 졸업
이태리 A,R,A,M 아람아카데미 오페라해석 과정 졸업
이태리 테너 윌리암 마테우찌,마스트클래스 최고과정이수
루까 고를라 음악코치 마스트클래스 최고연주자과정 이수
전국 성악콩쿨대회 입상
이태리 “Taurianova"" 국제콩쿨 3위 입상
“R.Leoncavallo” 국제콩쿨 우승
Opera ""마르타“ ”박쥐“ ”비밀결혼” ”사랑의 묘약” “라 트라비아타” “까발레리아 루스티까나” “리골레토” “로미오와 쥴리엣” “춘향전”등과
창작오페라 “왕산 허위” 주역출연, 2인음악회 및 그외 수백회 연주회 출연
CARL ORFF CARMINA BURANA 대구시립교향악단 협연
모짜르트 대관식미사 하이든 천지창조 헨델 메시야 독창자로 연주
2011년 이태리 대사관주최 콩쿨 1등, 지휘자 정명훈 오디션 합격
2011,07 이태리 대사관주최음악회 연주
2011,12 폴란드 송년음악회 초청연주
2012,12 지휘자 Marco.Balderi concerto santo stefano 연주
플룻과 함께하는 연주 opera 라 보엠 팔리앗치연주
2015,4월 대구오페라하우스 기획 오페라 사랑의묘약 아디나 초청공연
2016 대구국제오페라 라보엠 공연및 2016년 대구국제오페라축제 최고성악가상 수상
2017 4월 귀국독창회 개최 2017 5월 히로시마 초청 오페라 라보엠 공연
대구시립합창단정기공연 대구칸타타 협연
현) 계명 공연예술대학교 경북예고 출강 및 주역가수로 활동중


피아노 남자은 -------------------------------------------------------------

계명대학교 공연예술대학 피아노과 졸업
이태리 로마 산타 체칠리아 국립음악원 반주과 및 실내악과 최고과정 수석 졸업
이태리 로마 A.R.A.M 아카데미, A.M.I 아카데미 오페라반주 및 코치 Diplom
이태리 제 16회 Riviera della Versilia 실내악 콩쿨 입상
예술의 전당, 대구 오페라 하우스, 고양 아람누리 극장 등지에서 Turandot, Rigoletto, Madama Butterfly 등 수십여 편의 오페라 코치 및 반주
스페인, 독일, 중국, 미국 등 국내외 수백회의 연주 
현) 대구시립 합창단 상임반주자 및 계명대, 경북예고 출강",UCs_TEWDA5eOWYYj1eEqmV8A,goodAMH,2019-07-23T17:20:59Z,180,3.0,False,86,5,0,https://www.youtube.com/watch?v=ayx-I2kMpZU,12200,1349,PF233185,"대구시립교향악단, 사랑의 묘약",서양음악(클래식),대구콘서트하우스 그랜드홀 (대공연장) ,2024-01-26,2024-01-26,,,,,,youtube_collect_targeted + signal_scorer: 신규 delete 후보,
q8ccIxel054,Serenade espagnole ( Bizet )_스페인 세레나데_소프라노 배혜리_두번째 독창회,"소프라노 배혜리 독창회
2019.6.15.토.오후5:00
수성아트피아 무학홀
주최  소프라노 배혜리 & LEEAN 프로젝트
후원  계명대학교 음악대학 성악과 동문회
후원  재단법인 수성문화재단 수성아트피아


소프라노 배혜리 -------------------------------------------------------------

계명대학교 성악과 및 동대학원 졸업
이태리 Licinio Refice di Frosinone 오페라과 실기만점졸업
이태리 “Leoncavallo"" Academia Diploma
이태리 “A.M.I"" Academia Diploma
이태리 ""A.M.I""성악최고연주자과정 졸업
이태리 A,R,A,M 아람아카데미 오페라해석 과정 졸업
이태리 테너 윌리암 마테우찌,마스트클래스 최고과정이수
루까 고를라 음악코치 마스트클래스 최고연주자과정 이수
전국 성악콩쿨대회 입상
이태리 “Taurianova"" 국제콩쿨 3위 입상
“R.Leoncavallo” 국제콩쿨 우승
Opera ""마르타“ ”박쥐“ ”비밀결혼” ”사랑의 묘약” “라 트라비아타” “까발레리아 루스티까나” “리골레토” “로미오와 쥴리엣” “춘향전”등과
창작오페라 “왕산 허위” 주역출연, 2인음악회 및 그외 수백회 연주회 출연
CARL ORFF CARMINA BURANA 대구시립교향악단 협연
모짜르트 대관식미사 하이든 천지창조 헨델 메시야 독창자로 연주
2011년 이태리 대사관주최 콩쿨 1등, 지휘자 정명훈 오디션 합격
2011,07 이태리 대사관주최음악회 연주
2011,12 폴란드 송년음악회 초청연주
2012,12 지휘자 Marco.Balderi concerto santo stefano 연주
플룻과 함께하는 연주 opera 라 보엠 팔리앗치연주
2015,4월 대구오페라하우스 기획 오페라 사랑의묘약 아디나 초청공연
2016 대구국제오페라 라보엠 공연및 2016년 대구국제오페라축제 최고성악가상 수상
2017 4월 귀국독창회 개최 2017 5월 히로시마 초청 오페라 라보엠 공연
대구시립합창단정기공연 대구칸타타 협연
현) 계명 공연예술대학교 경북예고 출강 및 주역가수로 활동중


피아노 남자은 -------------------------------------------------------------

계명대학교 공연예술대학 피아노과 졸업
이태리 로마 산타 체칠리아 국립음악원 반주과 및 실내악과 최고과정 수석 졸업
이태리 로마 A.R.A.M 아카데미, A.M.I 아카데미 오페라반주 및 코치 Diplom
이태리 제 16회 Riviera della Versilia 실내악 콩쿨 입상
예술의 전당, 대구 오페라 하우스, 고양 아람누리 극장 등지에서 Turandot, Rigoletto, Madama Butterfly 등 수십여 편의 오페라 코치 및 반주
스페인, 독일, 중국, 미국 등 국내외 수백회의 연주 
현) 대구시립 합창단 상임반주자 및 계명대, 경북예고 출강",UCs_TEWDA5eOWYYj1eEqmV8A,goodAMH,2019-07-04T10:23:22Z,178,2.97,False,896,13,0,https://www.youtube.com/watch?v=q8ccIxel054,12200,1349,PF233185,"대구시립교향악단, 사랑의 묘약",서양음악(클래식),대구콘서트하우스 그랜드홀 (대공연장) ,2024-01-26,2024-01-26,,,,,,youtube_collect_targeted + signal_scorer: 신규 delete 후보,
xoNkeksYdQ8,창원시립소년소녀합창단 제72회 정기연주회 앵콜 Nessun dorma,"창원시립소년소녀합창단 제72회 정기연주회 
일상을 꿈꾸는 우리들의 노래
2020.8.18 창원성산아트홀 대극장

객원지휘자 : 홍영상
트바로티 김호중과 함께 부르는 앵콜
Nessun dorma-투란도트 中(푸치니)",UCd6crvtNGmXMCFAD2ACxfpA,창원시립예술단,2020-09-01T09:48:56Z,378,6.3,False,2592,158,0,https://www.youtube.com/watch?v=xoNkeksYdQ8,1470,174,PF279848,제177회 대구시립합창단 정기연주회 [대구],서양음악(클래식),대구콘서트하우스 그랜드홀 (대공연장) ,2025-12-18,2025-12-18,,,,,,youtube_collect_targeted + signal_scorer: 신규 delete 후보,
2BkKhGb0kd4,모차르트 레퀴엠 라단조 '퀴리에' (K626- 2),"2021.5.9 대전예술의전당 아트홀
지휘: 박 재 룡",UCma5jyVwXSvOwnbSai6leXw,박재룡,2021-08-17T09:30:08Z,144,2.4,False,218,6,0,https://www.youtube.com/watch?v=2BkKhGb0kd4,74,45,PF279848,제177회 대구시립합창단 정기연주회 [대구],서양음악(클래식),대구콘서트하우스 그랜드홀 (대공연장) ,2025-12-18,2025-12-18,,,,,,youtube_collect_targeted + signal_scorer: 신규 delete 후보,
MtafWsz7jHc,"[국립합창단, 고영열] 우효원 - '나의 나라' 中 12. 꽃","#고영열 #국립합창단 #나의나라

창작칸타타 '나의 나라' 中 12. 꽃 (시 이육사, 작곡 우효원, 연출 엄숙정)

지휘 l 윤의중
소리 l 고영열
테너 l 박의준
합창 l 국립합창단
연주 l 코리아쿱오케스트라

▶ 방송시간
[국립합창단 기획 광복절기념 합창축제 - 창작칸타타 '나의 나라']
9월 22일 (화) - 10시 40분 / 22시 30분
9월 25일 (금) - 10시 11분 / 22시 45분

▶아르떼 방송채널
Skylife(143), KTollehTV(91), SKBtv(234), LGU+TV(159)
CJ헬로비전(180), D'live(140), Tbroad(236), HCN(226), CMB(대전 59-2)

▶아르떼 On-Air
https://www.youtube.com/watch?v=1uHj95ItkVE

-
[국립합창단 기획 광복절기념 합창축제 - 창작칸타타 '나의 나라']
2020.8.14
예술의전당 콘서트홀",UCPglj7zGwmOlH8_31Tpgh8Q,한경arteTV,2020-09-19T04:45:01Z,388,6.47,False,16122,488,59,https://www.youtube.com/watch?v=MtafWsz7jHc,116000,3896,PF279848,제177회 대구시립합창단 정기연주회 [대구],서양음악(클래식),대구콘서트하우스 그랜드홀 (대공연장) ,2025-12-18,2025-12-18,,,,,,youtube_collect_targeted + signal_scorer: 신규 delete 후보,
vWLd1IxqrzU,2022.03.03 “현들의 노래 by 카메라타 솔”,"2022.03.03 19:30  “현들의 노래 by 카메라타 솔”
예술의전당 IBK 챔버홀",UCudf81QnQusRdEDZ7Gpl-tQ,Camerata SOL 카메라타 솔,2022-02-15T01:13:21Z,59,0.98,True,191,2,0,https://www.youtube.com/watch?v=vWLd1IxqrzU,30,8,PF273388,제438회 인천시립교향악단 정기연주회 [인천],서양음악(클래식),아트센터 인천 콘서트홀,2025-11-14,2025-11-14,,,,,,youtube_collect_targeted + signal_scorer: 신규 delete 후보,
D_cc40ejfvE,[전주시립교향악단] 5. 차이콥스키 | 교향곡 제6번 b단조 Op.74 ‘비창’ - Ⅳ. Adagio Iamentoso,"차이콥스키 | 교향곡 제6번 b단조 Op.74 ‘비창’
P. I. Tchaikovsky | Symphony No.6 in b minor, Op.74 ‘Pathétique’

Ⅳ. Adagio Iamentoso

한화와 함께하는 2020 교향악축제
2020.07.28. 화 – 08.10 월
예술의전당 콘서트홀

07.30 목 7:30 PM",UCwHrpiUM1KdgWsw6DE0dTZQ,전주시립예술단JEONJU-ART-GROUP,2020-10-19T02:25:28Z,653,10.88,False,408,3,0,https://www.youtube.com/watch?v=D_cc40ejfvE,850,159,PF247141,제387회 광주시립교향악단 정기연주회,서양음악(클래식),광주 예술의 전당 대극장,2024-09-27,2024-09-27,,,,,,youtube_collect_targeted + signal_scorer: 신규 delete 후보,
Xa0WAvUbGTA,[공연정보] 서울시오페라단 '세비야의 이발사',"남녀노소 모두 함께 즐기는 유쾌한 코믹 오페라!
로시니의 '세비야의 이발사' 

2020.8.18(화)~8.22(토)
세종M씨어터

자세한 사항 ▶▶ http://bitly.kr/pBwWnCwUiL 
-
💜세종문화회관 SNS
인스타그램 https://www.instagram.com/sejongcente...
페이스북 https://www.facebook.com/sjcenter
블로그 http://blog.naver.com/sejongnanum
틱톡 https://www.tiktok.com/@sejongcenter",UCCqaPJqI5q1kfO51qWWOjrQ,세종문화회관 Sejong Center,2020-06-18T05:13:28Z,53,0.88,True,651,11,1,https://www.youtube.com/watch?v=Xa0WAvUbGTA,36100,1017,PF252040,"세종예술의전당 국립심포니오케스트라, 송년음악회",서양음악(클래식),세종예술의전당 대공연장,2024-12-08,2024-12-08,,,,,,youtube_collect_targeted + signal_scorer: 신규 delete 후보,
eJwroLq4r4E,[예술의전당] 서울 도심 속 피서지 추천 | 김대리가 읊어주는 예술의전당 7월 기획 프로그램 | 백신접종자 20% 할인은 덤,"코로나로 멀리 나가지 못하는 이 시기, 철저한 방역을 자랑하는 예술의전당으로 놀러오세요!

백신 맞고 할인도 받을 수 있는 예술의전당 7월 기획공연,
김대리가 포인트만 딱딱 짚어드립니다!

✓ 11시 콘서트 (7/8/목 11:00 콘서트홀)
✓ 소소살롱 (7/15/목 19:30 IBK챔버홀)
✓ 어린이 가족 페스티벌 (7/15~8/22 자유소극장)
✓ 토요콘서트  (7/17/토 11:00 콘서트홀)
✓ 마음을 담은 클래식 (7/23/금 11:00 콘서트홀)
✓ 아티스트 라운지 (7/28/수 19:30 IBK챔버홀)
✓ 연극 ""토지 I"" (7/31~8/5 CJ토월극장)
✓ 대학가곡축제 (7/31~8/15 숲속연못무대)

구독과 좋아요🧡, 알림설정🔔은 김대리에게 큰 힘이 됩니다! 🙇‍♀️

📍 문의 및 예매 : 예술의전당 홈페이지(https://www.sac.or.kr​) / 02-580-1300

📱예술의전당 소식이 궁금하다면?!
📌인스타그램 https://www.instagram.com/seoul_arts_center
📌페이스북 https://www.facebook.com/SeoulArtsCenter.Korea
📌트위터 https://twitter.com/I_Love_SAC
📌네이버 포스트 http://naver.me/xNOQz3oD

#예술의전당 #기획공연",UCUn8h6aG6rCM1zvXKIuNpVQ,예술의전당,2021-07-01T03:15:52Z,204,3.4,False,1497,22,4,https://www.youtube.com/watch?v=eJwroLq4r4E,15800,406,PF252040,"세종예술의전당 국립심포니오케스트라, 송년음악회",서양음악(클래식),세종예술의전당 대공연장,2024-12-08,2024-12-08,,,,,,youtube_collect_targeted + signal_scorer: 신규 delete 후보,
0kyGr4OsaYs,아리랑판타지 리허설 2013-06-05 20:56  필하모니안즈 서울 지휘 마에스트로 조정수,"""필하모니안즈 서울""(Philharmonians Seoul) 2013-06-06(목) 17:30 성남아트센터 콘서트홀에서 가진 창립공연의 앙코르곡이었던 '아리랑 판타지""의 리허설 영상 실제공연녹화영상은 수일 내 편집이 되는 대로 올릴 예정 그 날 연주곡목은 베토벤 교향곡 제3번 '영웅', 제5번 '운명', 모차르트 피아노 협주곡 제20번",UCUTGa_boEKHSECAmnqPQHXQ,이지원,2013-06-08T15:37:58Z,506,8.43,False,539,2,0,https://www.youtube.com/watch?v=0kyGr4OsaYs,0,7,PF252040,"세종예술의전당 국립심포니오케스트라, 송년음악회",서양음악(클래식),세종예술의전당 대공연장,2024-12-08,2024-12-08,,,,,,youtube_collect_targeted + signal_scorer: 신규 delete 후보,
jsHbdnDxlDs,왕초보 라떼아트 로제타 만들기🍃.                         #라떼아트 #로제타 #라떼 #브이로그 #카페 #라떼는말이야,,UCKHiCYNx3K8-ylF0i5rdugg,오늘의 커피,2024-03-20T08:08:18Z,30,0.5,True,5431,50,0,https://www.youtube.com/watch?v=jsHbdnDxlDs,17,25,PF270404,로제타,연극,국립극단 [명동] 명동예술극장,2025-08-23,2025-08-31,,,,,,youtube_collect_targeted + signal_scorer: 신규 delete 후보,
b6cg6FyVu9s,다이소 가성비 자동차 변신 로봇 #리뷰 #장난감 #재미,다이소에서 산 5천원짜리 변신로봇입니다 ㅋㅋㅋㅋ,UCw-kJ9LREUdv8iWI08Tnyig,장난귤,2025-07-30T07:00:30Z,30,0.5,True,669138,6578,212,https://www.youtube.com/watch?v=b6cg6FyVu9s,54300,278,PF270404,로제타,연극,국립극단 [명동] 명동예술극장,2025-08-23,2025-08-31,,,,,,youtube_collect_targeted + signal_scorer: 신규 delete 후보,
iHJCHZAMHhw,(다음 주에 뭐 볼까?) 알라딘 | 로제타 | 더 보이,"Weekly MOVIE COKE 4
다음 주에 뭐 볼까? - 5월 넷째 주

디즈니 애니메이션 알라딘의 실사화 영화#알라딘
2019.05.23 개봉
감독 : 가이 리치
출연 : 메나 마수드, 윌 스미스, 나오미 스콧

가장 평범한 삶을 꿈꾸는 소녀의 이야기#로제타
2019.05.23 개봉
감독 : 장 피에르 다르덴, 뤽 다르덴
출연 : 에밀리 드켄

그는 과연 축복인가? 재양인가?#더보이
2019.05.23 개봉
감독 : 데이비드 야로베스키
출연: 잭슨 A.던, 엘리자베스 뱅크스, 데이비드 덴맨

삼형제네 무비리필에서 새로운 컨텐츠를 만들었습니다.

[위클리 무비 콕!] (다음 주에 뭐 볼까? )
각자가 기대하는 다음 주 개봉작들을 프리뷰하는 컨텐츠입니다.
많은 사랑 부탁 드립니다.",UCcnp16pLtpxFXh4BwL5xL_Q,삼형제네 영화리필,2019-05-18T04:00:05Z,198,3.3,False,105,11,2,https://www.youtube.com/watch?v=iHJCHZAMHhw,415,57,PF270404,로제타,연극,국립극단 [명동] 명동예술극장,2025-08-23,2025-08-31,,,,,,youtube_collect_targeted + signal_scorer: 신규 delete 후보,
vxCBkHJKDr8,[김포문화재단] 2022 전통문화공연 창작지원사업 선정작 〈나의 넋 꽃이 되어〉 실황 영상,"2022 전통문화공연 창작지원사업 선정작 〈나의 넋 꽃이 되어〉 실황 영상🎞️ 공개‼

애기봉의 기생 ‘애기’설화를 전통 악.가.무를 통해
현대적으로 재해석한 〈나의 넋 꽃이 되어〉🌸
아쉽게 공연을 놓치신 분들을 위해
실황 영상을 준비했으니 함께 감상해보시죠👏


✔공연일시 : 2022.11.18.(금) 오후 7시
✔공연장소 : 통진두레문화센터
✔공연단체 : 국악앙상블 달섬

※자세한 사항은 김포문화재단 홈페이지 확인
🔗https://bit.ly/3PrBMgu

#김포문화재단 #2022전통문화공연창작지원사업 #신규창작지원작품 #국악앙상블달섬 #나의넋꽃이되어 #김포설화 #김포전설 #기생애기 #애기봉 #통진두레문화센터 #국악공연 #김포국악 #한국음악 #전통음악 #한국무용 #전통무용 #국악스타그램 #국악공연 #김포문화생활 #김포공연 #경기도공연",UC4lZz8-HZFyZnidaDXrWmTA,김포문화재단 TV,2022-12-14T07:00:17Z,3873,64.55,False,139,2,0,https://www.youtube.com/watch?v=vxCBkHJKDr8,1850,824,PF246932,신명의 꽃 [해남],한국음악(국악),해남문화예술회관 대공연장,2024-09-03,2024-09-04,,,,,,youtube_collect_targeted + signal_scorer: 신규 delete 후보,
fYXf-vfxnio,CONCERT 국악 콘서트 덕수궁 풍류 진도 씻김굿 - 진옥섭 이사장/송순단 명인/송가인 엄마,"*사진 동영상 촬영 가능

2019/7/12
CONCERT 국악 콘서트 덕수궁 풍류 진도 씻김굿 굿 가락의 신명과 풍류
사회자 한국문화재재단 진옥섭 이사장/최스칼렛
진도씻김굿 길닦음 소개
국가무형문화재 제72호 진도씻김굿 전수교육조교 송순단 명인
덕수궁 정관헌",UC6_8FcuWvXfxpH0Y9mLbQLQ,j,2019-07-12T17:06:15Z,165,2.75,False,2220,22,,https://www.youtube.com/watch?v=fYXf-vfxnio,1400,2367,PF246932,신명의 꽃 [해남],한국음악(국악),해남문화예술회관 대공연장,2024-09-03,2024-09-04,,,,,,youtube_collect_targeted + signal_scorer: 신규 delete 후보,
n9e-EFYUNNs,"""제5회 전국 장애인BAND 2016 사람사랑 락페스티벌"" 사전홍보영상","""제5회 전국 장애인BAND 2016 사람사랑 락페스티벌""
군포시장애인종합복지관에서는 장애인과 비장애인이 함께 하는 문화를 만들고 장애인문화예술의 발전을 위해 2012년부터 전국 최초로 사람사랑 락페스티벌을 진행하고있습니다.
‘2016 제 5회 사람사랑 락페스티벌’
열기로 가득한 락이 빛나는 밤, 여러분을 초대합니다!
2016.04.23(토) PM 18:00
군포시 철쭉동산 야외무대
2012.10.26 제1회 사람사랑 락페스티벌
2013.04.16 제2회 사람사랑 락페스티벌
2014.04.16 제3회 사람사랑 락페스티벌
2015.04.25 제4회 사람사랑 락페스티벌
2016.04.23 제5회 사람사랑 락페스티벌",UCrqmEQxcPYTfmnH7HhA63Ww,군포시장애인종합복지관,2016-04-18T10:44:41Z,61,1.02,False,324,7,0,https://www.youtube.com/watch?v=n9e-EFYUNNs,604,126,PF221787,"K-예술축제, 얼쑤 [대전]",뮤지컬,대전시립연정국악원 큰마당,2023-08-26,2023-08-27,,,,,,youtube_collect_targeted + signal_scorer: 신규 delete 후보,
lK7YhDkEnXk,MUSICAL 판소리 뮤지컬 경성스케이터 커튼콜 - 정지혜/김부영/김은경/이승민,"*커튼콜 촬영 가능

2019/12/18
K-MUSICAL 판소리 뮤지컬 경성스케이터 커튼콜
정동극장 창작ing
정지혜/김부영/김은경/이승민
정동극장",UC6_8FcuWvXfxpH0Y9mLbQLQ,j,2019-12-22T07:17:34Z,128,2.13,False,79,2,0,https://www.youtube.com/watch?v=lK7YhDkEnXk,1400,2367,PF221787,"K-예술축제, 얼쑤 [대전]",뮤지컬,대전시립연정국악원 큰마당,2023-08-26,2023-08-27,,,,,,youtube_collect_targeted + signal_scorer: 신규 delete 후보,
Ayq8XRgew9c,[대구 팝 심포니 오케스트라] #타악그룹 “쟁이” Thema from “방황”#대구드럼 #드럼악보 #드럼연주 #취미드럼 #주부드럼,"대구 팝 심포니 오케스트라 
가족과 함께하는 Classic &Pop, Jazz Concert 

특별출현
타악그룹 “쟁이” Thema from “방황”
서양타악기 : 김영록, 이주원, 김상욱, 김남훈
국악타악기 : 최병길,손정일,장정문,김차이,이수하
E.Bass 고종민 K.Board 문경환 Trumpet 이규호
2001.7.24.(화) 대구시민회관 대강당

25년의 전통 대구타악예술문화센터
(Percussive Arts Culture Center Daegu)
*드럼악보 구매가능.
*드럼렛슨. 취미드럼, 직장인드럼, 직장인색소폰, 주부드럼, 주부색소폰  
*전국 최고의 시스탬 25년간의 교육경험을 통해 남녀노소 
 누구나 함께하고 있습니다.

TEL : 053-742-3614
C.P. : 010-6785-3614
http://대구드럼.com
http://cafe.daum.net/daegupas
https://cafe.naver.com/daegudrum
https://band.us/@drum3614

*대구시 수성구 국채보상로 868 연제빌딩 B1.",UCa3z7Z4onHnr_tyE-nenmGg,[드럼연주는 - 대구타악예술문화센터],2020-02-20T14:19:27Z,469,7.82,False,413,4,0,https://www.youtube.com/watch?v=Ayq8XRgew9c,9300,1634,PF221787,"K-예술축제, 얼쑤 [대전]",뮤지컬,대전시립연정국악원 큰마당,2023-08-26,2023-08-27,,,,,,youtube_collect_targeted + signal_scorer: 신규 delete 후보,
MEa84wJ8E3I,수원국악예술단 경기민요협연 윤지은,"2021.12.19
#경기아트센터 
#수원예술국악단
#경기민요 #윤지은협연
#minyo #풍류 #노랫가락#청춘가#뱃노래#자진뱃노래
#민요꿈나무윤지은 #국악영재 #국악꿈나무윤지은 #KoreaTraditionalMusic 
#KoteaFolksong",UCLYHRwzqAHZXyANAXAGFugw,윤지은 민요꿈나무,2021-12-30T17:57:55Z,649,10.82,False,737,11,0,https://www.youtube.com/watch?v=MEa84wJ8E3I,32,9,PF221787,"K-예술축제, 얼쑤 [대전]",뮤지컬,대전시립연정국악원 큰마당,2023-08-26,2023-08-27,,,,,,youtube_collect_targeted + signal_scorer: 신규 delete 후보,
OSQqsRJJRt0,김대식. 알토색소폰연주/ 소찬휘 : 티얼스 (2023.포항시민을위한 7080라이브 콘서트/제4회 솔개뮤직 정기공연),"장소/포항영일대 3번버스킹공연장
2023.8.26",UCyNL7d7hW334U1Sb7cbZMhw,전국트로트가요 .영상감독 김종경,2023-08-29T10:10:12Z,245,4.08,False,236,5,1,https://www.youtube.com/watch?v=OSQqsRJJRt0,25600,8705,PF279227,양산시립합창단 송년음악회: 당신을 위한 노래 Song for you,서양음악(클래식),양산문화예술회관 대공연장,2025-12-04,2025-12-04,,,,,,youtube_collect_targeted + signal_scorer: 신규 delete 후보,
yrkFeZg2hnI,북아현장로교회  할렐루야 찬양대 2018년 정기연주회 (2018.09.16),"북아현장로교회 할렐루야찬양대 2018년 정기연주회
 - 2018.09.16 -

지휘: 이상준, 반주: 김경미
솔로: 송민경 

플릇 : 김하경
타악기 : 고동현
나레이터 : 이원진

1. 기쁘게 찬양하라
2. 다윗의 기도
3. 성전을 지어라
4. 말씀에 따라 성전을 건축하다

- Solo 곡 찬양 : 송민경

5. 사모곡
6. 먼저 그 나라와 그 의를 구하라
7. 사랑안에서 참된것을 말해요

- 앵콜곡 : 주 은혜가 나에게 족하네 



-이상-",UCGQSoSdCooqtgtDBgm-AZTQ,SD HAN,2018-09-23T14:41:02Z,2809,46.82,False,585,3,0,https://www.youtube.com/watch?v=yrkFeZg2hnI,13,16,PF279227,양산시립합창단 송년음악회: 당신을 위한 노래 Song for you,서양음악(클래식),양산문화예술회관 대공연장,2025-12-04,2025-12-04,,,,,,youtube_collect_targeted + signal_scorer: 신규 delete 후보,
Em1BvTMO2PU,창원시립합창단 해피콰이어나이트 리허설,"창원시립합창단 기획공연 해피콰이어나이트
Changwon City Choral 'Happy Choir Night' 
2019.09.05.(Thu) 315아트센터 대극장 
Sep. 5. 2019. 315ArtsCenter, Grand Theater

지휘: 공기태 예술감독 및 상임지휘자
Conductor: Keetae Kong, Artistic Director
특별출연: 테너 하석배, 창원시마산여성합창단

오페라, 민요, 세계현대합창곡, 가요, 팝송 
행복의 노래가 함께 하는 밤!",UCd6crvtNGmXMCFAD2ACxfpA,창원시립예술단,2019-08-30T04:46:48Z,63,1.05,False,2352,9,1,https://www.youtube.com/watch?v=Em1BvTMO2PU,1470,174,PF279227,양산시립합창단 송년음악회: 당신을 위한 노래 Song for you,서양음악(클래식),양산문화예술회관 대공연장,2025-12-04,2025-12-04,,,,,,youtube_collect_targeted + signal_scorer: 신규 delete 후보,
iBqSmGinjOs,유쾌한 성악교실 하이라이트 I 성악발성 I 발성법 I 호흡법 I 베이스 유정현,"#발성법 #호흡법 #베이스유정현 #유쾌한성악교실

성악가이자 하우스 콘서트 전문 기획자인 유정현은 서울예고와 서울대학교 음악대학 성악과를 졸업하였다. 극동방송 FM ""질그릇에 담긴 사랑""과 “유정현의 내 영혼의 클래식” 라디오 DJ로 지난 2003년부터 2016년 4월까지 장수 프로그램으로 큰 사랑받았으며, 문화 예술인 공동체 라이프트리와 함께 우울증 치유음악회인 “헤덴의 생명나무 음악회”를 매달 기획하여 17회에 걸쳐 공연한 바 있다. 부암동 하우스 콘서트의 'Art For Life'의 공연 사회를 비롯 다양한 클래식 음악회에 진행자로 활동하고 있으며, 스토리 텔링이 있는 하우스 콘서트 전문 기획사인 드림라이프 대표로 회사, 학교, 재래시장, 병원, 국가 행사등에 초청되어 콘서트를 선물하는 일을 하고 있다. 또한 인천시 교육청과 서울대학교 청소년 교양센터와 함께 만든 '인문학 상상여행' 교과서 음악부분 집필자로 참여했으며, 중,고등학교와 서울시 교육연수원, 경기도 교육연수원, 각 지역 교육지원청등을 돌며 강의와 클래식 콘서트가 함께하는 특강 강사로도 활약 중이다. 2009년 3월 세계적인 비올라 연주자인 리처드 용재오닐의 독주회에(서울, 부산) 사회를 맡아 호평을 받은 바 있으며, 2010년 2월에는 팔다리가 없는 호주의 젊은 청년 행복 전도사 닉 부이치치 부산 집회 MC로 활약한 바 있다. 그는 현재 ""유정현과 함께하는 클래식 힐링 콘서트""를 통하여 라디오 공개방송과 같은 형식의 공연을 이끌고 있다. 또한 매달 2번씩 전교생 50명 미만의 작은 중,고등학교를 찾아가서 음악회를 만들어주는 ‘[드림피플] 300 후원, 찾아가는 학교 콘서트’로 문화소외계층을 대상으로 콘서트를 선물하고 있다.  


드림라이프 유정현 대표 프로필 

- 서울 예술고등학교 졸업
- 서울대학교 음악대학 성악과 졸업
-  유튜브 채널 '마이크 잡스 TV' 크리에이터 
-  서울모테트합창단 홍보이사 
-  서울시 교육청 협력종합예술 자문위원 
-  극동방송 FM ""질그릇에 담긴 사랑"" 라디오 DJ 
-  극동방송 FM ""유정현의 내 영혼의 클래식"" 라디오 진행 (매일 밤10시-11시)
-  극동방송 인터넷 방송 ""믿음의 기업"" MC 진행
-  CBS 이의용의 크리스천 매거진 ""명성가 해설"" 게스트 진행
- CBS JOY4U - 송정미의 축복송 객원 DJ (2020.12.21-2021.1.3)
- 부암동 하우스 콘서트 Art For Life 음악감독 역임

- 문화 예술인 모임 '라이프트리' 대표 역임
- 우울증 치유음악회인 '헤덴의 생명나무 음악회' 17회 공연 

- 부암동 하우스 콘서트의 'Art For LIfe'의 공연 사회를 비롯 다양한 클래식 음악회에 사회
- 2009년 3월 세계적인 비올라 연주자인 '리처드 용재오닐'의 독주회에(서울, 부산) MC 
- 2010년 2월 25일 행복 전도사 '닉부이치치' 부산 집회 MC

​- '경기도 교육연수원' 드림라이프 인문학 강연 콘서트 22회 초청 
- 인천시 교육청, 경기도 교육연수원, 경기도 평화교육연수원, 평생교육학습관, 율곡연수원, 서울시 교육연수원등에서 '인문학 상상여행' 드림라이프 콘서트로 호평받음  

- 서울 특별시 교육청, 강서양천교육지원청, 성북강북교육지원청, 중부교육지원청, 남부교육지원청, 동작관악교육지원청, 강동송파교육지원청, 서부교육지원청, 성남교육지원청, 이천교육청, 양평교육청, 한국표준협회등에서 '인문학 상상여행 강연 콘서트' 
​
- DB생명인재개발원, 현대산업개발, (주) 필룩스, (주) 코맥스, (주)인포뱅크, 한국 쉘 석유, (주) 이노레드, (주) 제이시스, 현대유비스병원, 한국표준협회, 명품CEO, 헬로키티 제주 아일랜드 녹십자 재단, (주) 한만두, 월간 'CEO&', 동부생명 등 직원들을 위한 기업 연수공연, 대한혈액학회국제학술대회 2018 ksh international conference & 59th annual meeting 강연 콘서트, 벤처리더스 클럽, 서울대 의대 총동문회 송년음악회등 다수  

​- 서울시 오페라단 오픈렉쳐 강연 : 오페라 '투란도트'. '모차르트와 살리에리', '아말과 동방박사들', '노처녀와 도둑들'  

​- YTN 라디오 '당신의 전성기' 출연 - 찾아가는 콘서트 

​

#마이크잡스 #유정현 #스마트명함 #디지털명함 #드림라이프 #DreamLifeClassic #공연기획 #인문학강연 #인문학상상여행 #성악가 #인문학강연 #하우스콘서트 #찿아가는콘서트 #기업강연 

​",UClnqgl30ISSltzRrIzjhEhw,마이크 잡스 TV,2021-12-12T03:07:57Z,496,8.27,False,1337,31,5,https://www.youtube.com/watch?v=iBqSmGinjOs,11200,1476,PF279227,양산시립합창단 송년음악회: 당신을 위한 노래 Song for you,서양음악(클래식),양산문화예술회관 대공연장,2025-12-04,2025-12-04,,,,,,youtube_collect_targeted + signal_scorer: 신규 delete 후보,
TXx4__wihZ0,앵콜 로시니 - 윌리엄 텔 서곡,"[창단30주년기념] 
오충근 & 부산심포니오케스트라 정기연주회
30th Anniversary
Maestro Oh Choong Keun & Busan Symphony Orchestra Subscription Concert

●2023.09.26(화) pm7:30
부산문화회관 대극장

예술감독 오충근(지휘)
연       주 부산심포니오케스트라(BSO)

로시니     윌리엄 텔 서곡
G.Rossini   William Tell Overture

                      
            
#오충근 #부산심포니오케스트라 #BSO #BusanSymphonyOrchestra
#로시니 #윌리엄텔서곡 #창단30주년기념 #부산심포니오케스트라정기연주회 #김주영악장",UCqetSnjRiHr5LFA3HliOUTQ,Busan Symphony Orchestra 부산심포니오케스트라,2023-11-10T03:25:32Z,225,3.75,False,554,5,,https://www.youtube.com/watch?v=TXx4__wihZ0,980,95,PF259098,"예술의전당 교향악축제, 부산시립교향악단 (04.17)",서양음악(클래식),예술의전당 [서울] 콘서트홀,2025-04-17,2025-04-17,,,,,,youtube_collect_targeted + signal_scorer: 신규 delete 후보,
zKudntWrTJ8,앙코르  R.슈트라우스 - '차라투스트라는 이렇게 말했다' 서주,"오충근&부산심포니오케스트라 - 파이프 오르간 인 빈야드
●2025.09.02(화) pm7:30
부산콘서트홀_콘서트홀

예술감독 오충근(지휘)
오  르  간 신동일(오르가니스트)
연        주 부산심포니오케스트라(BSO)

R.슈트라우스  '차라투스트라는 이렇게 말했다' 서주
R. Strauss  Also Sprach Zarathustra, Op.30, Introduction                          
                      
BSO 홈페이지 : http://www.bso21.com
BSO 인스타그램 : http://www.instagram.com/busansymphonyorchestra
BSO 페이스북 : http://www.facebook.com/2010BSO
                    
#오충근 #부산심포니오케스트라 #bso  
#R_슈트라우스 #차라투스트라는이렇게말했다 #파이프오르간 #오르간 
#부산심포니오케스트라정기연주회 #부산콘서트홀
#Choong_Keun_Oh #BusanSymphonyOrchestra",UCqetSnjRiHr5LFA3HliOUTQ,Busan Symphony Orchestra 부산심포니오케스트라,2025-09-14T06:22:57Z,153,2.55,False,959,18,,https://www.youtube.com/watch?v=zKudntWrTJ8,980,95,PF259098,"예술의전당 교향악축제, 부산시립교향악단 (04.17)",서양음악(클래식),예술의전당 [서울] 콘서트홀,2025-04-17,2025-04-17,,,,,,youtube_collect_targeted + signal_scorer: 신규 delete 후보,
LY0OBNJyrl8,315의거60주년 창작오페라 찬란한분노 갈라콘서트,"315의거 60주년기념
창원시립예술단 창작오페라 찬란한분노 갈라콘서트

2019.03.15.
315아트센터 소극장

대합창곡: 찬란한 민주주의
작곡:김대성
작사:김숙영",UCd6crvtNGmXMCFAD2ACxfpA,창원시립예술단,2020-03-15T06:54:59Z,184,3.07,False,499,8,0,https://www.youtube.com/watch?v=LY0OBNJyrl8,1470,174,PF283261,창원시립교향악단 신년음악회 [창원],서양음악(클래식),3.15아트센터 대극장,2026-01-22,2026-01-22,,,,,,youtube_collect_targeted + signal_scorer: 신규 delete 후보,
7F-t_hmQxmI,2019 전주세계소리축제 홍보영상 - 대중편,"2019.10.2(수)~10.6(일) 
한국소리문화의전당, 전라북도14개 시군
주최 : 전주세계소리축제 조직위원회",UCZ-pLgvkIxJ8ILTfsM40UeA,한국소리문화의전당,2019-09-09T02:15:02Z,41,0.68,True,292,2,0,https://www.youtube.com/watch?v=7F-t_hmQxmI,1120,271,PF265251,정글북 [안동],뮤지컬,안동문화예술의전당 웅부홀,2025-10-24,2025-10-25,,,,,,youtube_collect_targeted + signal_scorer: 신규 delete 후보,
ixsATI0S9cs,연극 꽃의비밀,"2016.7.16
익산예술의전당",UCIFg14PiNfETxpFRO4KmY6g,익산예술의전당,2016-05-16T04:16:09Z,96,1.6,False,3846,10,0,https://www.youtube.com/watch?v=ixsATI0S9cs,93,23,PF263656,꽃의 비밀 [제주],연극,제주아트센터 대극장,2025-05-16,2025-05-17,,,,,,youtube_collect_targeted + signal_scorer: 신규 delete 후보,
Zg5Rjvvz-9w,PLAY 연극 신데렐라 오픈 리허설 커튼콜 - ﻿﻿강애심/김화영/박소영,"*전장면 사진 촬영 가능
커튼콜 동영상 촬영 가능

2021/9/1
K-PLAY 연극 신데렐라 오픈 리허설 커튼콜
﻿﻿강애심/김화영/박소영
대학로 아트원씨어터 3관",UC6_8FcuWvXfxpH0Y9mLbQLQ,j,2021-09-02T05:29:09Z,39,0.65,True,191,2,0,https://www.youtube.com/watch?v=Zg5Rjvvz-9w,1400,2367,PF263656,꽃의 비밀 [제주],연극,제주아트센터 대극장,2025-05-16,2025-05-17,,,,,,youtube_collect_targeted + signal_scorer: 신규 delete 후보,
5y7--iF8TiA,PLAY 연극 찰칵 커튼콜 - 강애심/이진경,"*커튼콜 촬영 가능

2020/12/20
K-PLAY 연극 찰칵 커튼콜
강애심/이진경
대학로 아름다운 극장",UC6_8FcuWvXfxpH0Y9mLbQLQ,j,2020-12-20T14:58:29Z,66,1.1,False,169,2,0,https://www.youtube.com/watch?v=5y7--iF8TiA,1400,2367,PF263656,꽃의 비밀 [제주],연극,제주아트센터 대극장,2025-05-16,2025-05-17,,,,,,youtube_collect_targeted + signal_scorer: 신규 delete 후보,
v-c1sI1gSzU,"메밀묵 사려(이건용 작곡), 지휘 조익현 연주 부천시립합창단","메밀묵 사려(이건용 작곡), 지휘 조익현 연주 부천시립합창단
2013.1.30 신년음악회",UC3NdKgHlqhY0WcmQOyuTd3A,Level 7,2014-01-04T06:34:19Z,448,7.47,False,1377,1,0,https://www.youtube.com/watch?v=v-c1sI1gSzU,2250,349,PF283299,부천시립예술단 신년음악회,서양음악(클래식),부천아트센터 콘서트홀,2026-01-22,2026-01-22,,,,,,youtube_collect_targeted + signal_scorer: 신규 delete 후보,
3tAg_MKennA,[대구MBC뉴스] 피플인사이드 - 마에스트로 곽승,"2013.04.29(월) 대구MBC 뉴스투데이
내용: 대구시립 교향악단 상임 지휘자 마에스트로 곽승 - 윤태호기자",UCD08ddUI8ws1Sd-P8kTKM-w,dgmbcnews,2013-04-29T01:06:12Z,183,3.05,False,1789,12,1,https://www.youtube.com/watch?v=3tAg_MKennA,13700,19712,PF283299,부천시립예술단 신년음악회,서양음악(클래식),부천아트센터 콘서트홀,2026-01-22,2026-01-22,,,,,,youtube_collect_targeted + signal_scorer: 신규 delete 후보,
_p17sYdi8Pc,아름다운 강산(김천시립합창단),김천시립합창단과 함께하는 7090 가요콘서트. 2018.5.16. 김천시립문화회관(남산동),UCfBL3dNfJBjeCwLUzI-rErw,홍진영의세상보기,2018-05-17T08:16:16Z,329,5.48,False,360,0,0,https://www.youtube.com/watch?v=_p17sYdi8Pc,1610,1933,PF283299,부천시립예술단 신년음악회,서양음악(클래식),부천아트센터 콘서트홀,2026-01-22,2026-01-22,,,,,,youtube_collect_targeted + signal_scorer: 신규 delete 후보,
2L6fT7_5C7w,"희망의 나라로, 지휘 류형길, 부천연합합창단, 뉴코리아 필하모닉 오케스트라 신년음악회","송 오브 아리랑 신년하례 콘서트
2014.01.25 예술의 전당 콘서트홀
지휘자 류형길
테너 류정필
뉴코리아 필하모닉 오케스트라
부천연합합창단",UCchm65b75RicgiT2RM1LG7w,GIOVANNI,2014-02-19T00:24:11Z,154,2.57,False,4303,16,0,https://www.youtube.com/watch?v=2L6fT7_5C7w,446,132,PF283299,부천시립예술단 신년음악회,서양음악(클래식),부천아트센터 콘서트홀,2026-01-22,2026-01-22,,,,,,youtube_collect_targeted + signal_scorer: 신규 delete 후보,
CNb20XxJsLM,나주시립소년소녀합창단 제 8회 정기연주회/오색빛깔 비눗방울,"한국전력과 함께하는 
2023 나주시립소년소녀합창단 제 8회 정기연주회
""노래로 만드는 세상""

2023.06.01 한전본사(KEPCO) 한빛홀


오색빛깔 비눗방울 이수연

지휘 : 박의영
반주 : 이슬기",UCH51PsubaX2b6XqP-slsZNA,나주시립소년소녀합창단,2023-06-21T02:10:47Z,232,3.87,False,899,23,0,https://www.youtube.com/watch?v=CNb20XxJsLM,437,40,PF242938,제139회 강릉시립교향악단 정기연주회,서양음악(클래식),강릉아트센터 (구. 강릉문화예술관) 사임당홀 (대공연장) ,2024-07-12,2024-07-12,,,,,,youtube_collect_targeted + signal_scorer: 신규 delete 후보,
AtsxUbcG5qU,"대전시립청소년합창단 ""Koudjay(시간)""/여성3부합창 Ver. 작곡_시드니 길라메(Sydney Guillaume)","""Koudjay(시간)""

작곡_시드니 길라메(Sydney Guillaume)

지휘_천경필

연주_대전시립청소년합창단

""제73회 정기연주회-마더(Mother)"" 

2019.5.18.(토) 17:00. 대전예술의전당 아트홀 실황

 ""Koudjay(시간)""

아이티에서 태어나고 미국에서 활동하는 시드니 길라메(Sydney Guilaume)가 작곡한 Koudjay는 “시간”을 의미한다. 아카펠라 여성 3부로 작곡된 Koudjay(시간)는 “모든 일에는 때가 있다” 라는 속담을 인용하여 아이티의 리듬과 하모니, 언어를 사용하였다. 특히 이 곡은 두 언어의 요소가 혼합된 아이티 크레올(Haitian Creole)을 사용한다. 카브리해 서인도 제도에 있는 아이티는 프랑스의 영향을 받아 얼핏 들으면 프랑스어와 비슷하게 들리지만, 특유의 아프리카와 아랍인의 발음이 들어가 우리가 공부할 때 원본으로 삼는 프랑스 발음과는 확실히 다르다. 
빠른 템포과 경쾌한 리듬으로 이루어진 이 합창곡은 페스티벌이나 행진 음악, 댄스음악에 사용된다.",UCQciaa7-ymSta01Sqj4zXtw,대전시립청소년합창단Daejeon Civic Youth Choir,2019-07-12T07:23:50Z,211,3.52,False,1137,20,0,https://www.youtube.com/watch?v=AtsxUbcG5qU,996,228,PF239904,제73회 구미시립합창단 정기공연,서양음악(클래식),구미시문화예술회관 대공연장,2024-05-23,2024-05-23,,,,,,youtube_collect_targeted + signal_scorer: 신규 delete 후보,
-p8L0NuxoOM,Nyon Nyon - 부산시립합창단,"Nyon Nyon by Jake Runestad

32th BUSAN CHORAL FESTIVAL
부산시립합창단 2019.10.22 부산문화회관 대극장 
전진 지휘",UCSmOY8eznH61g_v1hrWZSwA,Jin Jeon,2021-03-16T01:50:34Z,178,2.97,False,1110,19,0,https://www.youtube.com/watch?v=-p8L0NuxoOM,73,21,PF239904,제73회 구미시립합창단 정기공연,서양음악(클래식),구미시문화예술회관 대공연장,2024-05-23,2024-05-23,,,,,,youtube_collect_targeted + signal_scorer: 신규 delete 후보,
4vplExm0RCs,뮤지컬 구름빵 커튼콜 (서원지 김은지 이대관 이현주),2024.08.11 11:00,UCMvj6Iu_1T__U9CsXyUZlIA,서우서우내,2024-08-11T03:10:03Z,170,2.83,False,1971,7,0,https://www.youtube.com/watch?v=4vplExm0RCs,2240,281,PF289823,구름빵 [영천],뮤지컬,영천시민회관 스타홀,2026-05-15,2026-05-15,,,,,,youtube_collect_targeted + signal_scorer: 신규 delete 후보,
FHvzok3HMW4,하늘에서 살지요,"Provided to YouTube by UMAG

하늘에서 살지요 · 구름빵 배우들

뮤지컬 구름빵 2011 Summer Casting (Original Musical Soundtrack)

℗ 2012 ㈜뮤지컬 구름빵 문화산업 전문회사

Released on: 2012-03-19

Auto-generated by YouTube.",UC9wDiG0pUkQIFDf2FKSH1Mw,구름빵 배우들 - Topic,2025-12-01T02:11:38Z,81,1.35,False,504,1,0,https://www.youtube.com/watch?v=FHvzok3HMW4,85,32,PF289823,구름빵 [영천],뮤지컬,영천시민회관 스타홀,2026-05-15,2026-05-15,,,,,,youtube_collect_targeted + signal_scorer: 신규 delete 후보,
ap7sIX27aBE,주크박스 플라잉 어드벤처 뮤지컬 `구름빵`,"제목 : 주크박스 플라잉 어드벤처 뮤지컬 `구름빵`
공연기간 : 2011-04-09 ~ 2011-04-10
공연장 : 반석아트홀
공연시간 : 11:00 / 14:00 
관람연령 : 24개월 이상 입장가(미만입장불가) 
티켓정보 : 전석 25,000원 
문의 : 반석아트홀 1588-5234",UC7NSPwZH8uDs1HodbT8jC1A,hsarthall,2011-03-24T09:06:27Z,52,0.87,True,46297,13,0,https://www.youtube.com/watch?v=ap7sIX27aBE,302,80,PF289823,구름빵 [영천],뮤지컬,영천시민회관 스타홀,2026-05-15,2026-05-15,,,,,,youtube_collect_targeted + signal_scorer: 신규 delete 후보,
uliiwoXlXoo,백성의 마음을 아는 왕이 되겠노라 (김수로 아리아) / 오페라 '허왕후' 중(김주원 작곡) / 테너 정의근 [김해문화의전당],"2021.02.02(화) 유튜브 실시간 방송으로 진행되었던 
2021 김해문화의전당 신년음악회 Opera Gala Concert
4월 막을 올릴 김해문화재단 제작 오페라 '허왕후' 중 김수로 아리아입니다.

김해문화재단이 제작하는 오페라 '허왕후'가 4월8일~10일
김해문화의전당 마루홀에서 막을 올립니다!
많은 기대 부탁드려요!",UCk0obBpatiIc02m8syHdv7A,김해문화의전당_GASC SAESON ON STAGE,2021-02-08T11:53:08Z,174,2.9,False,155,5,0,https://www.youtube.com/watch?v=uliiwoXlXoo,475,208,PF236570,"한국가곡대축제, 가곡의 별들 [창원]",서양음악(클래식),3.15아트센터 대극장,2024-04-18,2024-04-18,,,,,,youtube_collect_targeted + signal_scorer: 신규 delete 후보,
pnpTLTGQ9LY,웃음보다 울음이 더 많았던 날 중에 (디얀시 아리아) / 오페라 '허왕후' 중(김주원 작곡) / 소프라노 서예은 [김해문화의전당],"2021.02.02(화) 유튜브 실시간 방송으로 진행되었던 
2021 김해문화의전당 신년음악회 Opera Gala Concert
4월 막을 올릴 김해문화재단 제작 오페라 '허왕후' 중 디얀시 아리아입니다.

김해문화재단이 제작하는 오페라 '허왕후'가 4월8일~10일
김해문화의전당 마루홀에서 막을 올립니다!
많은 기대 부탁드려요!",UCk0obBpatiIc02m8syHdv7A,김해문화의전당_GASC SAESON ON STAGE,2021-02-08T11:47:40Z,249,4.15,False,300,6,1,https://www.youtube.com/watch?v=pnpTLTGQ9LY,475,208,PF236570,"한국가곡대축제, 가곡의 별들 [창원]",서양음악(클래식),3.15아트센터 대극장,2024-04-18,2024-04-18,,,,,,youtube_collect_targeted + signal_scorer: 신규 delete 후보,
Eij5xOdEcR8,[230917] 밤안개🌃 멋지게 등장해서✨️ 계단 내려오는🕺 #에녹 💚 #불타는트롯맨 TOP7 울산 콘서트,"2023.09.16 ~ 2023.09.17 불타는 트롯맨 TOP7 울산 콘서트
KBS 울산홀",UCI3PgvqWYlidt4OlowUHZfQ,파도,2023-09-27T12:30:36Z,25,0.42,True,13479,1291,27,https://www.youtube.com/watch?v=Eij5xOdEcR8,10700,430,PF236570,"한국가곡대축제, 가곡의 별들 [창원]",서양음악(클래식),3.15아트센터 대극장,2024-04-18,2024-04-18,,,,,,youtube_collect_targeted + signal_scorer: 신규 delete 후보,
EuzGPT6ezL8,3월 모닝콘서트 어뉴웨이와 함께하는 봄의 동행,"[2022 화요모닝콘서트 ‘봄이 오는 소리’] 공연 실황 영상 공개!!🎥

★ 3월 “어뉴웨이와 함께하는 봄의 동행”
  공연이 성황리에 종료되었습니다.

👀3월 공연을 놓치셨던 분들을 위해 공연 실황 영상을 준비했습니다.
📍2019 통일부장관상 및 대상 수상, 독일에서 인정받은 음악성을 가진 실력파 그룹
자작곡에서 데이브레이크, 폴킴 등 유명가수의 노래까지 ANEWAY만의 색깔로 만나볼 수 있었던 공연!!
📍그때의 행복을 다시 한번 창원아트TV로 즐기세요!

√일시: 2022.3.15.(화) 오전 11시
√출연: ANEWAY(어뉴웨이)

◆ 안내: www.cwcf.or.kr /055-268-7900

#창원문화재단 #성산아트홀 #모닝콘서트 #화요모닝콘서트 #BMW동성모터스와 #함께하는
#힐링 #창원공연 #ANEWAY",UCOe8nbIyGEYIqboJpdRS3uA,창원아트TV,2022-03-25T06:47:13Z,3319,55.32,False,237,12,5,https://www.youtube.com/watch?v=EuzGPT6ezL8,937,177,PF236570,"한국가곡대축제, 가곡의 별들 [창원]",서양음악(클래식),3.15아트센터 대극장,2024-04-18,2024-04-18,,,,,,youtube_collect_targeted + signal_scorer: 신규 delete 후보,
ttxArArvnZw,용산시니어합창단_감격시대 빈대떡신사 바다의교향시,"제1회 용산시니어합창단 정기공연
[동행 그리고 설레임]
2017.6.20 용산아트홀 대극장 미르

가요_감격시대 빈대떡신사 바다의교향시",UCRUFOjjIr_4itjYdWYPWxRQ,李元揆（Itbatzz）,2017-07-08T07:01:00Z,159,2.65,False,117,0,0,https://www.youtube.com/watch?v=ttxArArvnZw,9,69,PF236570,"한국가곡대축제, 가곡의 별들 [창원]",서양음악(클래식),3.15아트센터 대극장,2024-04-18,2024-04-18,,,,,,youtube_collect_targeted + signal_scorer: 신규 delete 후보,
2sLKZtPxnEg,HSG팀 '지금 이대로가 딱 좋다구!',횡성갑천초등학교 교육부선정 [2020 국립대학 육성사업] 작은 학교 인형극 캠프(2020.8.18.~8.21.)에서 공연한 갑천초중학생들의 순수창작인형극입니다,UC-8K_-V96jY3WaPNxJFsc7w,김하나,2020-08-22T00:47:30Z,573,9.55,False,236,4,1,https://www.youtube.com/watch?v=2sLKZtPxnEg,23,13,PF274937,헨젤과 그레텔 [군산],무용(서양/한국무용),군산예술의전당 대공연장,2025-10-25,2025-10-25,,,,,,youtube_collect_targeted + signal_scorer: 신규 delete 후보,
-j1pJOWRSAQ,"[어린이 뮤지컬] 무지개 물고기 커튼콜, musical rainbow fish","성남코리아디자인센터, 2016.02.13",UCm7OROppWw1CCB1xvwrPFFw,pang mocha,2016-02-14T02:12:31Z,33,0.55,True,5314,9,0,https://www.youtube.com/watch?v=-j1pJOWRSAQ,7,3,PF274937,헨젤과 그레텔 [군산],무용(서양/한국무용),군산예술의전당 대공연장,2025-10-25,2025-10-25,,,,,,youtube_collect_targeted + signal_scorer: 신규 delete 후보,
zK5cHorFvH4,Romeo et Juliette 프렌치 내한뮤지컬 커튼콜,2015.10.11 공연,UCRZ4-pgmCycRDzFCEaXXTkw,김지연,2016-06-07T06:46:23Z,83,1.38,False,23,1,0,https://www.youtube.com/watch?v=zK5cHorFvH4,10,6,PF274937,헨젤과 그레텔 [군산],무용(서양/한국무용),군산예술의전당 대공연장,2025-10-25,2025-10-25,,,,,,youtube_collect_targeted + signal_scorer: 신규 delete 후보,
gA9fhXcjtiQ,광명시) 광명뮤지컬단 l 가족뮤지컬 [마카롱] l 80분,"본 영상은 광명시 예산 지원을 받아 추진되는 사업입니다.

달달한 마카롱을 찾아 떠나는 모험
고양이를 따라가자

공연일시 l 2020.08.21~22.(무관객 공연)
공연장소 l 광명시민회관 대공연장

예술감독·극작 l 김성강
연출 l 서정수
작곡 l 정재희
안무 l 안선영
출연 l 조일권, 강진실, 노유라, 원종하, 최유리, 정도하, 이승규, 빅토리아

주최 l 광명시
주관 l 광명뮤지컬단
후원 l 광명시의회",UCyVib5wsFoqntchc-NFO2Pg,광명문화재단,2020-09-10T05:52:36Z,4776,79.6,False,7977,85,19,https://www.youtube.com/watch?v=gA9fhXcjtiQ,1180,360,PF274937,헨젤과 그레텔 [군산],무용(서양/한국무용),군산예술의전당 대공연장,2025-10-25,2025-10-25,,,,,,youtube_collect_targeted + signal_scorer: 신규 delete 후보,
VBhpdRQmrpE,2019년 연극마당 샬롯의 거미줄1 (온유반),"2019.10.31 샘물학교 연극마당 실황
온유반-샬롯의 거미줄1",UCH2un3uOcHBaWmfWwjm8Z3A,샘물학교,2019-11-06T06:31:08Z,1550,25.83,False,8655,41,0,https://www.youtube.com/watch?v=VBhpdRQmrpE,527,397,PF274937,헨젤과 그레텔 [군산],무용(서양/한국무용),군산예술의전당 대공연장,2025-10-25,2025-10-25,,,,,,youtube_collect_targeted + signal_scorer: 신규 delete 후보,
P5nUzb7CM24,가족아동극 [해와 달이 된 오누이],"- 공연명 : 해와 달이 된 오누이
- 일시 : 2014.6.12 ~ 8.30
- 장소 : 대학로 브로드웨이아트홀 2관
- 주최/주관 : (주)오디뮤직
- 제작 : 오딩이션음악교육연구소",UCp5OnQyLZyGVLCckIfuX5LA,정보 공유 매거진,2014-08-22T01:12:42Z,128,2.13,False,1389,3,0,https://www.youtube.com/watch?v=P5nUzb7CM24,1,3,PF274937,헨젤과 그레텔 [군산],무용(서양/한국무용),군산예술의전당 대공연장,2025-10-25,2025-10-25,,,,,,youtube_collect_targeted + signal_scorer: 신규 delete 후보,
2JHdtot4V_w,비제 : 파랑돌,"Provided to YouTube by YG PLUS

비제 : 파랑돌 · 잠들기전

잠들기 전에 듣는 조용한 자장가 클래식 피아노 연주곡 (자장가, 숙면, 태교, 명상, 어린이집, 병원, 불면증, 요가음악)

℗ Sleep Music Studio

Released on: 2018-11-13

Auto-generated by YouTube.",UCaBHT3qbyM1BRET9Cyrp_dA,. - Topic,2022-06-30T15:02:38Z,92,1.53,False,307,0,0,https://www.youtube.com/watch?v=2JHdtot4V_w,25,270,PF274937,헨젤과 그레텔 [군산],무용(서양/한국무용),군산예술의전당 대공연장,2025-10-25,2025-10-25,,,,,,youtube_collect_targeted + signal_scorer: 신규 delete 후보,
yX7Q_FX3dp8,광진구 30년 전통의 복 요리 전문점!!!  #서울#광진구#복요리#복어#맛집#쇼츠#shorts,"#히트맨#맛대멋#맛vs멋
#서울#광진구#복어#맛집#김수영 
#쇼츠#shorts",UCPAzAcRpmyQY7mZ0Anq823g,고릴라티비,2023-05-18T08:13:00Z,60,1.0,True,1251,11,0,https://www.youtube.com/watch?v=yX7Q_FX3dp8,402,220,PF244963,셰프 [부안],뮤지컬,부안예술회관 공연장,2024-07-20,2024-07-20,,,,,,youtube_collect_targeted + signal_scorer: 신규 delete 후보,
7ERPjxXjVfE,[2023 한옥자원활용 야간상설공연]  전주시 조선셰프 한상궁,"달빛 아래 고즈넉한 한옥을 배경으로 펼쳐지는 전통예술공연!

2023년에는 전주, 익산, 임실, 고창, 부안에서 만나보실 수 있습니다!

네 번째로 만나볼 곳은 전주시의 조선셰프 한상궁!

전주비빔밥, 그 맛의 시작

전주의 맛으로 전주남문시장을 구하라!

조선의 만능셰프 한상궁과 함께 비빔밥 이야기를 담은 댄스뮤지컬!

한 번 말고 두 번 보세요! 세 번 보세요!😎


《 전주시_조선셰프 한상궁 》
*공연기간 : 2023.6.9.~10.27. 매주 금요일 20:00
*공연장소: 전주한벽문화관 야외공연장
  (우천 시 전주한벽문화관 한벽극장)
*공연내용: 전주 남문시장을 배경으로 궁녀 한씨와 비빔밥 재료들이 흥겹게 만들어가는 댄스뮤지컬
*공연티켓: 전석 20,000원 (할인별도)
*예매방법: 온라인예매(인터파크), 현장예매, 전화예매(063-288-5525)

⭐ 공연문의 ⭐
전북문화관광재단 홈페이지
런파이브(공연단체) 063-288-5525
예술회관운영팀 063-230-7494

#전주시 #댄스뮤지컬 #조선셰프한상궁 #전주가볼만한곳 # 전주한옥마을 #전주공연 #전주여행 #한옥자원활용야간상설공연 #전라북도문화관광재단 #전북문화관광재단 #런파이브 #두댄스무용단 #전주한벽문화관 #전주남문시장",UCpwBabKEoJCwadDdWjr4vtA,전북특별자치도문화관광재단 ,2023-09-13T02:20:21Z,135,2.25,False,417,3,0,https://www.youtube.com/watch?v=7ERPjxXjVfE,1970,751,PF244963,셰프 [부안],뮤지컬,부안예술회관 공연장,2024-07-20,2024-07-20,,,,,,youtube_collect_targeted + signal_scorer: 신규 delete 후보,
wDJMouWrPbA,📽#정읍JJ기획사콘써트 #정읍사예술회관 #2022-02-27 #~~~~~~,"📽#정읍JJ기획사콘써트 #정읍사예술회관 #2022-02-27 #~~~~~~
https://www.youtube.com/channel/UClEpSrF2FGrf7zCVF6U8fyQ
▲위의 주소는 유튜브 채널{칼빈군산TV} 영상을 볼수있는 주소입니다
SONY HANDY CAM FDR/AX700=카메라 촬영",UClEpSrF2FGrf7zCVF6U8fyQ,칼빈군산tv,2022-02-28T23:55:04Z,1779,29.65,False,299,4,1,https://www.youtube.com/watch?v=wDJMouWrPbA,10300,7529,PF244963,셰프 [부안],뮤지컬,부안예술회관 공연장,2024-07-20,2024-07-20,,,,,,youtube_collect_targeted + signal_scorer: 신규 delete 후보,
qraSS2WHl9g,제1회 김제시청년가요제 축하공연 삼마이 - 사랑은언제나배고프다,"방송 : 2021.09.14.(화) 19시~
장소 : 김제문화예술회관 대 공연장(온라인진행)
주최 : 대한가수협회 김제/부안 지부
후원 : 김제시
기획/연출 : 아이엘컴퍼니, YBNTV
협찬 : 우리한방병원,  커피밥나무, 세종인력사무소, 김제중앙장례식장, 장금이식당, 중앙종로약국, 네일공주, 달빛주막, 해피통신, 만경석재, 7번상회, 우리정형외과/내과, 다선농원, 김제시 귀농협회, 김제산림조합",UCN-H0A0auk8npBet8RF3XEA,아리랑문화살롱,2021-09-24T03:02:43Z,201,3.35,False,166,6,2,https://www.youtube.com/watch?v=qraSS2WHl9g,334,92,PF244963,셰프 [부안],뮤지컬,부안예술회관 공연장,2024-07-20,2024-07-20,,,,,,youtube_collect_targeted + signal_scorer: 신규 delete 후보,
JPrPd4FuuAg,[2023 한옥자원활용 야간상설공연] 임실군 춤추는상쇠12 '동행',"[2023 한옥자원활용 야간상설공연]

달빛 아래 고즈넉한 한옥을 배경으로 펼쳐지는 전통예술공연!
2023년에는 전주, 익산, 임실, 고창, 부안에서 만나보실 수 있습니다!

세 번째로 만나볼 곳은 임실군의 동행!

열정적인 농악 공연을 보고 싶다면?
마을 사람들이 함께 하는 푸근한 정을 느끼고 싶다면?💗
대대로 이어져 오는 필봉농악의 계승 이야기가 궁금하다면?

임실필봉농악보존회의 12번째 '춤추는상쇠' 시리즈, 동행!
한 번 말고 두 번 보세요! 세 번 보세요!😎

《 임실군_K-판굿놀이 춤추는상쇠12 '동행' 》
*공연기간 : 2023.5.27.~9.23. 매주 토요일 20:00
*공연장소: 임실필봉문화촌 취락원
  (우천 시 임실필봉문화촌 대동관)
*공연내용: 전통적인 임실필봉농악의 명맥을 이어가는 과정을 주인공 '봉필'을 통해 풀어낸 전통연희극
*공연티켓: 전석 10,000원 (할인별도)
*예매방법: 현장예매, 전화예매(063-643-1902)

⭐ 공연문의 ⭐
전북문화관광재단 홈페이지
임실필봉농악보존회 063-643-1902
예술회관운영팀 063-230-7494

#임실군 #필봉 #농악 #필봉농악 #임실가볼만한곳 #임실놀만한곳 #임실공연 #임실여행 #한옥자원활용야간상설공연 #전라북도문화관광재단 #전북문화관광재단 #임실필봉문화촌 #임실필봉농악보존회",UCpwBabKEoJCwadDdWjr4vtA,전북특별자치도문화관광재단 ,2023-08-11T00:55:47Z,136,2.27,False,79,0,0,https://www.youtube.com/watch?v=JPrPd4FuuAg,1970,751,PF244963,셰프 [부안],뮤지컬,부안예술회관 공연장,2024-07-20,2024-07-20,,,,,,youtube_collect_targeted + signal_scorer: 신규 delete 후보,
5_fHy9I8cDM,[2023 한옥자원활용 야간상설공연] 2023 한옥자원활용 야간상설공연 안내,"전라북도문화관광재단에서는 전라북도 5개 시군(전주, 익산, 임실, 고창, 부안)의 한옥자원을 활용한 지역특화 야간상설공연을 운영 지원합니다!

🌜🎇

달빛 아래 고즈넉한 한옥을 배경으로 펼쳐지는 전통예술공연!

국악뮤지컬부터 연희극, 넌버벌 퍼포먼스까지 다양하고 알찬 공연들을 함께 즐겨보아요!😆

🌙전주 - 조선 셰프 한상궁
🌙익산 - 사람, 꽃 피우다
🌙임실 - 동행
🌙고창 - 이팝:소리꽃
🌙부안 - 도깨비 당산


☎티켓할인 및 예매 문의는 해당 공연 측으로 문의 부탁드립니다!☺


#조선셰프한상궁 #허균익산에날아들다 #사람꽃피우다 #춤추는상쇠 #동행 #고창국악 #이팝소리꽃 #도깨비당산 #전주공연 #익산공연 #임실공연 #고창공연 #부안공연 #전북가볼만한곳 #공연추천 #전북여행 #여행 #한옥자원활용야간상설공연 #전라북도문화관광재단 #전북문화관광재단",UCpwBabKEoJCwadDdWjr4vtA,전북특별자치도문화관광재단 ,2023-08-11T01:06:51Z,21,0.35,True,107709,6,1,https://www.youtube.com/watch?v=5_fHy9I8cDM,1970,751,PF244963,셰프 [부안],뮤지컬,부안예술회관 공연장,2024-07-20,2024-07-20,,,,,,youtube_collect_targeted + signal_scorer: 신규 delete 후보,
ss6ppm21C1Y,우리 마을 장맛 비결 '연잎 메주' - 전북 부안 | 6시 내고향 2022.12.15 | 재미 PLAY,"우리 마을 장맛 비결 '연잎 메주' - 전북 부안 | 6시 내고향 2022.12.15

#6시내고향 #메주 #부안 
　
🔗공식 링크 https://linktr.ee/KBSJJ",UCpzc0K6Y6AxQq9m3dPtQWXw,KBS전주,2022-12-20T12:25:00Z,476,7.93,False,731,,9,https://www.youtube.com/watch?v=ss6ppm21C1Y,564000,11319,PF244963,셰프 [부안],뮤지컬,부안예술회관 공연장,2024-07-20,2024-07-20,,,,,,youtube_collect_targeted + signal_scorer: 신규 delete 후보,
RE24rz6ZR-4,이런게 진짜 연설이지 | 연설의 고수 #Shorts,"2002년 국민경선부터 후보 단일화, 제16대 대통령 당선까지 대선승리의 기록을 #Shorts 로 만나봅니다. 

Ep1
'노무현이 만난 링컨' 출판기념회, 2001.12.10.

노무현재단은 후원회원 한분 한분이 보내주시는 소중한 후원금으로 운영됩니다. 
여러분의 후원이 세상을 바꾸고, 대한민국의 미래를 만들어갑니다.
　
 ◎ 사람사는세상 노무현재단 공식 SNS
홈페이지  http://www.knowhow.or.kr
후원안내  1688-0523

페이스북 https://www.facebook.com/rmoohyun
인스타그램 https://www.instagram.com/rohmoohyunfoundation
유튜브 https://www.youtube.com/c/사람사는세상노무현재단
트위터 https://twitter.com/RohFoundation
노무현사료관 http://archives.knowhow.or.kr",UCJS9VvReVkplPwCIbxnbsjQ,사람사는세상노무현재단 RohMoohyunFoundation,2022-01-10T09:00:31Z,34,0.57,True,6583858,177677,12923,https://www.youtube.com/watch?v=RE24rz6ZR-4,1680000,2026,PF252148,클래식은 내 친구 [성남],서양음악(클래식),성남아트센터 콘서트홀,2024-11-05,2024-11-05,,,,,,youtube_collect_targeted + signal_scorer: 신규 delete 후보,
DecxO6rqAhk,[3분 하이라이트] 19R - 성남 vs 대전,"'현대오일뱅크 K리그 클래식 2015' 19R
성남FC 3-1 대전시티즌
2015.7.1(수) 탄천종합운동장",UCak5ZEX4BjijJcf7fdppuIQ,K LEAGUE,2015-07-03T11:22:04Z,181,3.02,False,133,2,0,https://www.youtube.com/watch?v=DecxO6rqAhk,342000,9265,PF252148,클래식은 내 친구 [성남],서양음악(클래식),성남아트센터 콘서트홀,2024-11-05,2024-11-05,,,,,,youtube_collect_targeted + signal_scorer: 신규 delete 후보,
FbWywkiedRI,220122 정욱진 유성재 @뮤지컬 라흐마니노프 낮공 커튼콜,"예스24스테이지 1관
2021.12.11~2022.03.06
에이치제이컬쳐 주식회사 
극본 김유현 
작곡 이진욱 김보람 
연출 윤상원 
협력연출 오세혁
무대디자인 김대한 
음향디자인 김주한 
조명디자인 이주원",UCVCOjbkdWoS3vEPd0qqQBrg,Magma!,2022-01-22T08:21:16Z,214,3.57,False,62,3,1,https://www.youtube.com/watch?v=FbWywkiedRI,502,729,PF252148,클래식은 내 친구 [성남],서양음악(클래식),성남아트센터 콘서트홀,2024-11-05,2024-11-05,,,,,,youtube_collect_targeted + signal_scorer: 신규 delete 후보,
bF5WrVCYjhw,[200519 알렉산더] 커튼콜 및 스페셜 커튼콜(정우빌리),"2020.05.19.화.8시. 뮤지컬 알렉산더
@드림아트센터 2관

스페셜 커튼콜 🎼 나는 알아

👤 빌리 _강정우 배우
👤 알렉산더 _박규원 배우",UCLHGvTwixq1rqH0rhaLHsIA,족구왕쑥이,2020-05-19T15:55:01Z,340,5.67,False,58,1,0,https://www.youtube.com/watch?v=bF5WrVCYjhw,580,2240,PF252148,클래식은 내 친구 [성남],서양음악(클래식),성남아트센터 콘서트홀,2024-11-05,2024-11-05,,,,,,youtube_collect_targeted + signal_scorer: 신규 delete 후보,
muk1HSw_1aU,Musical 2022 ‘지저스 크라이스트 수퍼스타 Jesus Christ Superstar’ Curtain Call - SUPERSTAR ( 🎤백형훈),"2022 지저스 크라이스트 수퍼스타 50주년 기념 한국 공연 커튼콜 데이 영상입니다.
백형훈 유다 (Judas) 
2022.11.22 Tue. 7:30PM @ 광림아트센터 BBCH홀",UCdZsKs4IkdyDDZdKOCYyP5Q,Wook-hee Jeong,2022-11-23T10:31:14Z,184,3.07,False,222,5,0,https://www.youtube.com/watch?v=muk1HSw_1aU,1830,363,PF252148,클래식은 내 친구 [성남],서양음악(클래식),성남아트센터 콘서트홀,2024-11-05,2024-11-05,,,,,,youtube_collect_targeted + signal_scorer: 신규 delete 후보,
bYkEL7x8790,제주농협하나로합창단 - 청산에 살리라 (violin 강민경),"제주농협하나로합창단 제 7회 정기연주회
2017.11.14
문예회관",UCGPFOGEn_6rbW6D8i9sCpOg,짠부,2017-11-15T09:34:49Z,260,4.33,False,254,4,0,https://www.youtube.com/watch?v=bYkEL7x8790,25,21,PF241181,제56회 천안시립교향악단 정기연주회 [천안],서양음악(클래식),천안예술의전당 대공연장,2024-07-05,2024-07-05,,,,,,youtube_collect_targeted + signal_scorer: 신규 delete 후보,
6J6aBNKrMCU,"헨델의메시아(시온의딸이여,크게기뻐하라)Handel. MESSIAH(Rejoice greatly,O daughter of Zion). Sop. Heo ji yeon","2023.7.22
장천아트홀
소프라노 허지연 소프라노 솔로 공연
#소프라노허지연 
#헨델메시아#기뻐하라시온의딸이여",UCM0lob1hI0-j4r4DfioGSEg,소프라노허지연,2023-08-04T12:31:39Z,288,4.8,False,574,18,3,https://www.youtube.com/watch?v=6J6aBNKrMCU,1420,431,PF241181,제56회 천안시립교향악단 정기연주회 [천안],서양음악(클래식),천안예술의전당 대공연장,2024-07-05,2024-07-05,,,,,,youtube_collect_targeted + signal_scorer: 신규 delete 후보,
X7wcNk7VTgc,청주시립합창단_평화를 위하여 / 박지영,"청주시립합창단 제56회 정기연주회
제5대 차영회 예술감독 겸 상임지휘자 취임공연
""100년의 기억""
2019.6.4.(화) 19:30, 청주아트홀
곡명 : 평화를 위하여 / 박지영
출연 : 차영회 예술감독 겸 상임지휘자, 청주시립합창단",UCpyaM8woA6_i9OLMFVsO-fw,청주시립예술단,2019-07-17T07:56:18Z,284,4.73,False,5314,31,1,https://www.youtube.com/watch?v=X7wcNk7VTgc,3090,649,PF241181,제56회 천안시립교향악단 정기연주회 [천안],서양음악(클래식),천안예술의전당 대공연장,2024-07-05,2024-07-05,,,,,,youtube_collect_targeted + signal_scorer: 신규 delete 후보,
zULCM0vjdsw,"Mendelssohn-Bartholdy: Symphony No.3, op.56, 3rd movement","F. Mendelssohn-Bartholdy: Symphony No.3, op.56, ""Scottish""
3rd movement: Adagio
Seongnam Philharmonic Orchestra / 성남시립교향악단
conductor: Jehi Bahk / 지휘자 박제희
154th subscription concert / 제154회 정기연주회
2018-07-06, Seongnam Arts Center",UCW4k3Go7u0WInktNpsRqN6A,Philharmonia Corea,2018-07-22T00:09:41Z,502,8.37,False,379,,0,https://www.youtube.com/watch?v=zULCM0vjdsw,207,28,PF241181,제56회 천안시립교향악단 정기연주회 [천안],서양음악(클래식),천안예술의전당 대공연장,2024-07-05,2024-07-05,,,,,,youtube_collect_targeted + signal_scorer: 신규 delete 후보,
C5XoAwbOD8U,"[Ave verum corpus, KV618 - W.A. Mozart] 광양시립합창단 - 지휘 노기환","#VideoArtist_ShaunKim

광양시립합창단 제19회 정기연주회
W.A.MOZART REQUIEM in D minor K.626 모차르트 레퀴엠
광양문화예술회관 대공연장 2021.06.24 저녁 7시30분",UCCZHG8Y2FHgnkUXWEk79CHw,땅우뮤직,2021-08-05T11:26:57Z,193,3.22,False,1122,14,1,https://www.youtube.com/watch?v=C5XoAwbOD8U,152,45,PF241181,제56회 천안시립교향악단 정기연주회 [천안],서양음악(클래식),천안예술의전당 대공연장,2024-07-05,2024-07-05,,,,,,youtube_collect_targeted + signal_scorer: 신규 delete 후보,
6WT0t3l-eio,"김현정 피아니스트, Pianist  Hyun-jung.kim, 한국가곡 그리운 마음","제10회 여성합창단 정기연주회, 특별출연 테너 김영문
2019.11.30 (토) 17:00 목포문화예술회관",UCW-T-ne52PNBaF8xVme9xCA,MEINKLANG(마인클랑),2020-02-23T07:58:34Z,170,2.83,False,117,6,0,https://www.youtube.com/watch?v=6WT0t3l-eio,95,73,PF241181,제56회 천안시립교향악단 정기연주회 [천안],서양음악(클래식),천안예술의전당 대공연장,2024-07-05,2024-07-05,,,,,,youtube_collect_targeted + signal_scorer: 신규 delete 후보,
nfbPM2F-BuM,[2020 고택음악회 ] 고가를 거닐다 - 사관풍류,"2020.09.25 안성 이해룡고가 
고택음악회

피리 - 윤형욱
대아쟁 - 신현식
장구 - 안성일",UCU-EGwmlqHJ_pNZn5feBBxA,윤의 선율 Yoon's Melody,2021-12-10T18:25:41Z,1353,22.55,False,571,8,1,https://www.youtube.com/watch?v=nfbPM2F-BuM,169,24,PF269609,국립국악원 창작악단 기획공연: 긴산조 협주곡Ⅱ,한국음악(국악),국립극장 해오름극장,2025-10-26,2025-10-26,,,,,,youtube_collect_targeted + signal_scorer: 신규 delete 후보,
CgIXtd46dgU,Ensemble Cadenza - 赤月(적월),"2020.08.28
정동극장 청년국악인큐베이팅사업 청춘만발


3. 赤月(적월)

우리의 엇갈림은 돌고돌아
결국 그대가 내 뒤에 오면,
깊은 그림자에 가려져
아련하고 순수한 빛을 빼앗기고
그저 붉게만
물들어 가네

피아노/작곡 : 최지운
아쟁 : 김소연",UCsG7YhBUc7GjCxRub-PbMuw,Ensemble Cadenza,2020-11-07T15:56:43Z,445,7.42,False,149,7,0,https://www.youtube.com/watch?v=CgIXtd46dgU,42,9,PF269609,국립국악원 창작악단 기획공연: 긴산조 협주곡Ⅱ,한국음악(국악),국립극장 해오름극장,2025-10-26,2025-10-26,,,,,,youtube_collect_targeted + signal_scorer: 신규 delete 후보,
IIqyuusmKYw,2019 음악이 흐르는 이화의 밤-비익연리(클래식&국악),"음악이 흐르는 이화의 밤
2019.8.1 19:30 
이화여대 중강당  

총괄기획, 해설 박수현
Piano 박수현 김리아
Violin 김시연 김세은
Viola 강민정
Cello 김슬기
Flute 유민아
해금 김지은

Moon river
Last Carnival
LaLa land Medley 
Rain
The phantom of Opera

Intermission

Thais Meditation(타이스의 명상곡)
비익연리
R.Schumann 3 Romannzen Op.94 for Flute and Piano
하울의 움직이는 성
A.Piazzolla Four Seasons
디즈니 메들리
Libertango",UCDOo8B8Q5coivjBz75Bskjg,피아니스트박수현,2019-12-29T02:18:36Z,443,7.38,False,48,0,0,https://www.youtube.com/watch?v=IIqyuusmKYw,88,64,PF269609,국립국악원 창작악단 기획공연: 긴산조 협주곡Ⅱ,한국음악(국악),국립극장 해오름극장,2025-10-26,2025-10-26,,,,,,youtube_collect_targeted + signal_scorer: 신규 delete 후보,
8CQjGY5tkZI,다가 코토와루!!,#쇼츠 #애니 #죠죠 #상영회 #리뷰 #리액션 #두키 #포이 #오타쿠 #애니메이션 #죠죠의기묘한모험 #otaku #anime #review #reaction #jojosbizzareadventure #jojo #avdol #dio #jotaro #josuke #디오 #죠타로 #죠스케 #josuke #josukehigashikata #키라 #로한,UC-TkeQ11RqM5GMHeDOlM2pA,두키는 오타쿠,2026-07-09T11:15:05Z,16,0.27,True,5965,165,13,https://www.youtube.com/watch?v=8CQjGY5tkZI,27500,963,PF252423,죠죠 (Jojo),연극,국립극단 [명동] 명동예술극장,2024-11-16,2024-11-17,,,,,,youtube_collect_targeted + signal_scorer: 신규 delete 후보,
CuCGbCZsUwg,"【띵작 상영회】""안녕하세요? 죠죠 안 본 뇌입니다""ㅣ죠죠의 기묘한 모험 리액션 1부 1~2화ㅣ애니 리뷰","Contact : ✉ / aknockrecords@gmail.com

두키는 오타쿠 본점 : https://www.youtube.com/@dooky_otaku
두키는 오타쿠 2호점 : https://www.youtube.com/@dooky_otaku2
두키는 오타쿠 게임 채널 : https://www.youtube.com/@dooky_otaku3
두키는 오타쿠 치지직 : https://chzzk.naver.com/311202d1d75a5a2f256ebbf72e28ab31
두키는 오타쿠 팬카페 : https://cafe.naver.com/dootaku
두키 인스타그램 : https://www.instagram.com/dooky_aknock
포이 인스타그램 : https://www.instagram.com/poykeem

00:00 프리뷰
00:11 오프닝
01:04 죠죠 1부 1화
15:55 죠죠 1부 2화
31:08 리뷰

#애니 #죠죠 #상영회 #리뷰 #리액션 #두키 #포이 #오타쿠 #애니메이션 #죠죠의기묘한모험 #otaku #anime #review #reaction #jojosbizzareadventure #jojo",UC-TkeQ11RqM5GMHeDOlM2pA,두키는 오타쿠,2026-01-10T03:15:02Z,1922,32.03,False,24520,549,290,https://www.youtube.com/watch?v=CuCGbCZsUwg,27500,963,PF252423,죠죠 (Jojo),연극,국립극단 [명동] 명동예술극장,2024-11-16,2024-11-17,,,,,,youtube_collect_targeted + signal_scorer: 신규 delete 후보,
gfg-csq78M0,"죠죠, 이런 애니인가요..?",#쇼츠 #애니 #죠죠 #죠죠의기묘한모험  #상영회 #리뷰 #리액션 #두키 #포이 #오타쿠 #애니메이션 #otaku #anime #review #reaction #jojosbizarreadventure,UC-TkeQ11RqM5GMHeDOlM2pA,두키는 오타쿠,2026-04-22T11:15:06Z,10,0.17,True,30380,344,31,https://www.youtube.com/watch?v=gfg-csq78M0,27500,963,PF252423,죠죠 (Jojo),연극,국립극단 [명동] 명동예술극장,2024-11-16,2024-11-17,,,,,,youtube_collect_targeted + signal_scorer: 신규 delete 후보,
XIoowpGyhYs,"【띵작 상영회】""이게 순애다.."" 디오의 정실 행동ㅣ죠죠의 기묘한 모험 리액션 1부 7~9화ㅣ애니 리뷰","Contact : ✉ / aknockrecords@gmail.com

두키는 오타쿠 본점 : https://www.youtube.com/@dooky_otaku
두키는 오타쿠 2호점 : https://www.youtube.com/@dooky_otaku2
두키는 오타쿠 게임 채널 : https://www.youtube.com/@dooky_otaku3
두키는 오타쿠 치지직 : https://chzzk.naver.com/311202d1d75a5a2f256ebbf72e28ab31
두키는 오타쿠 팬카페 : https://cafe.naver.com/dootaku
두키 인스타그램 : https://www.instagram.com/dooky_aknock
포이 인스타그램 : https://www.instagram.com/poykeem

00:00 프리뷰
00:12 오프닝
00:51 죠죠 1부 7화
10:05 죠죠 1부 8화
21:27 죠죠 1부 9화
31:31 리뷰

#애니 #죠죠 #상영회 #리뷰 #리액션 #두키 #포이 #오타쿠 #애니메이션 #죠죠의기묘한모험 #otaku #anime #review #reaction #jojosbizzareadventure #jojo",UC-TkeQ11RqM5GMHeDOlM2pA,두키는 오타쿠,2026-01-21T11:15:05Z,1981,33.02,False,13858,308,157,https://www.youtube.com/watch?v=XIoowpGyhYs,27500,963,PF252423,죠죠 (Jojo),연극,국립극단 [명동] 명동예술극장,2024-11-16,2024-11-17,,,,,,youtube_collect_targeted + signal_scorer: 신규 delete 후보,
avkcuU3PO9c,"【띵작 상영회】""기묘하다..""ㅣ죠죠의 기묘한 모험 리액션 1부 3~4화ㅣ애니 리뷰","Contact : ✉ / aknockrecords@gmail.com

두키는 오타쿠 본점 : https://www.youtube.com/@dooky_otaku
두키는 오타쿠 2호점 : https://www.youtube.com/@dooky_otaku2
두키는 오타쿠 게임 채널 : https://www.youtube.com/@dooky_otaku3
두키는 오타쿠 치지직 : https://chzzk.naver.com/311202d1d75a5a2f256ebbf72e28ab31
두키는 오타쿠 팬카페 : https://cafe.naver.com/dootaku
두키 인스타그램 : https://www.instagram.com/dooky_aknock
포이 인스타그램 : https://www.instagram.com/poykeem

00:00 프리뷰
00:14 오프닝
01:06 죠죠 1부 3화
18:44 죠죠 1부 4화
36:19 리뷰

#애니 #죠죠 #상영회 #리뷰 #리액션 #두키 #포이 #오타쿠 #애니메이션 #죠죠의기묘한모험 #otaku #anime #review #reaction #jojosbizzareadventure #jojo",UC-TkeQ11RqM5GMHeDOlM2pA,두키는 오타쿠,2026-01-14T11:15:00Z,1795,29.92,False,12580,275,118,https://www.youtube.com/watch?v=avkcuU3PO9c,27500,963,PF252423,죠죠 (Jojo),연극,국립극단 [명동] 명동예술극장,2024-11-16,2024-11-17,,,,,,youtube_collect_targeted + signal_scorer: 신규 delete 후보,
SOhaHFl8-fM,"【띵작 상영회】""다음에 네가 할 말은ㅡ!!""ㅣ죠죠의 기묘한 모험 리액션 2부 1~2화ㅣ애니 리뷰","Contact : ✉ / aknockrecords@gmail.com

두키는 오타쿠 본점 : https://www.youtube.com/@dooky_otaku
두키는 오타쿠 2호점 : https://www.youtube.com/@dooky_otaku2
두키는 오타쿠 게임 채널 : https://www.youtube.com/@dooky_otaku3
두키는 오타쿠 치지직 : https://chzzk.naver.com/311202d1d75a5a2f256ebbf72e28ab31
두키는 오타쿠 팬카페 : https://cafe.naver.com/dootaku
두키 인스타그램 : https://www.instagram.com/dooky_aknock
포이 인스타그램 : https://www.instagram.com/poykeem

00:00 프리뷰
00:13 오프닝
01:25 죠죠 2부 1화
13:35 죠죠 2부 2화
24:35 리뷰

#애니 #죠죠 #상영회 #리뷰 #리액션 #두키 #포이 #오타쿠 #애니메이션 #죠죠의기묘한모험 #otaku #anime #review #reaction #jojosbizzareadventure #jojo",UC-TkeQ11RqM5GMHeDOlM2pA,두키는 오타쿠,2026-01-24T03:15:06Z,1569,26.15,False,16273,349,111,https://www.youtube.com/watch?v=SOhaHFl8-fM,27500,963,PF252423,죠죠 (Jojo),연극,국립극단 [명동] 명동예술극장,2024-11-16,2024-11-17,,,,,,youtube_collect_targeted + signal_scorer: 신규 delete 후보,
98CmCNcuV3M,"【띵작 상영회】""아부두르가..?""ㅣ죠죠의 기묘한 모험 리액션 3부 10~11화ㅣJoJo's Bizarre Adventure: Part 3 Ep.10~11 Reactionㅣ애니 리뷰","Contact : ✉ / aknockrecords@gmail.com

두키는 오타쿠 본점 : https://www.youtube.com/@dooky_otaku
두키는 오타쿠 2호점 : https://www.youtube.com/@dooky_otaku2
두키는 오타쿠 치지직 : https://chzzk.id/dooky_otaku
두키는 오타쿠 팬카페 : https://cafe.naver.com/dootaku
두키 인스타그램 : https://www.instagram.com/dooky_aknock
포이 인스타그램 : https://www.instagram.com/poykeem

00:00 프리뷰
00:13 오프닝
01:16 죠죠 3부 10화
11:57 죠죠 3부 11화
21:40 리뷰

#애니 #죠죠 #상영회 #리뷰 #리액션 #두키 #포이 #오타쿠 #애니메이션 #죠죠의기묘한모험 #otaku #anime #review #reaction #jojosbizzareadventure #jojo",UC-TkeQ11RqM5GMHeDOlM2pA,두키는 오타쿠,2026-03-07T03:15:00Z,1390,23.17,False,9810,217,79,https://www.youtube.com/watch?v=98CmCNcuV3M,27500,963,PF252423,죠죠 (Jojo),연극,국립극단 [명동] 명동예술극장,2024-11-16,2024-11-17,,,,,,youtube_collect_targeted + signal_scorer: 신규 delete 후보,
1bZw3K50B1w,"【띵작 상영회】""죠죠 VS 에시디시""ㅣ죠죠의 기묘한 모험 리액션 2부 7~8화ㅣ애니 리뷰","Contact : ✉ / aknockrecords@gmail.com

두키는 오타쿠 본점 : https://www.youtube.com/@dooky_otaku
두키는 오타쿠 2호점 : https://www.youtube.com/@dooky_otaku2
두키는 오타쿠 게임 채널 : https://www.youtube.com/@dooky_otaku3
두키는 오타쿠 치지직 : https://chzzk.naver.com/311202d1d75a5a2f256ebbf72e28ab31
두키는 오타쿠 팬카페 : https://cafe.naver.com/dootaku
두키 인스타그램 : https://www.instagram.com/dooky_aknock
포이 인스타그램 : https://www.instagram.com/poykeem

00:00 프리뷰
00:11 오프닝
00:52 죠죠 2부 7화
12:28 죠죠 2부 8화
22:42 리뷰

#애니 #죠죠 #상영회 #리뷰 #리액션 #두키 #포이 #오타쿠 #애니메이션 #죠죠의기묘한모험 #otaku #anime #review #reaction #jojosbizzareadventure #jojo",UC-TkeQ11RqM5GMHeDOlM2pA,두키는 오타쿠,2026-02-04T11:15:00Z,1442,24.03,False,11666,236,77,https://www.youtube.com/watch?v=1bZw3K50B1w,27500,963,PF252423,죠죠 (Jojo),연극,국립극단 [명동] 명동예술극장,2024-11-16,2024-11-17,,,,,,youtube_collect_targeted + signal_scorer: 신규 delete 후보,
r7nsThrSAhU,"[교수음악회] Mein Freund ist mein, und ich bin dein BWV 140 no.6 (J.S.Bach) 강종희 안세환","[기독교음악예술원 교수음악회]

Mein Freund ist mein, und ich bin dein BWV 140 no.6 
(J.S.Bach) 

소프라노 강종희 
바리톤 안세환
피아노 안세희

2022.3.14 모차르트홀

#성가 #바흐 #bach",UC7fSON4V8c5H5hL9RA_RJYw,기독음대 TV,2022-03-30T16:22:35Z,305,5.08,False,231,7,0,https://www.youtube.com/watch?v=r7nsThrSAhU,145,97,PF250433,"세상에서 가장 아름다운 오페라, 라 보엠 [의정부]",서양음악(클래식),의정부예술의전당 대극장,2024-11-23,2024-11-24,,,,,,youtube_collect_targeted + signal_scorer: 신규 delete 후보,
fE9xP-9S8Jc,EVE 콘서트 롤링홀 24주년 Full 190406 - 박웅 Focus,"Rolling 24th Anniversary
2019/04/06 Sat. PM 6:00

- Setlist -
00:00:00 Intro
00:00:45 Get Down
00:03:55 Call Me
00:08:53 EVE
00:16:45 너 그럴때면...
00:20:43 아가페
00:29:22 너에게로 날다
00:32:35 꽃을 너에게
00:36:50 Mad About U
00:40:47 내 눈을 가져가
00:46:57 그 시절, 그 소녀
00:52:06 집착의 병자
00:56:34 Lover
01:03:42 Swear",UCJAF1ekKikoUgM2V-SSUHPw,BK Studio,2019-04-09T19:29:38Z,4064,67.73,False,4855,144,19,https://www.youtube.com/watch?v=fE9xP-9S8Jc,177,121,PF275674,6시 퇴근 [남양주],뮤지컬,다산아트홀,2025-11-07,2025-11-08,,,,,,youtube_collect_targeted + signal_scorer: 신규 delete 후보,
IrnMFpo4q-c,Mozart requiem Lacrimosa,"W.A. Mozart 
Requiem K.626

2019.11.23 
서소문성지 역사박물관 개관 기념
콘솔라리움합창단 창단 연주회 (객석 녹음)

지휘 정구열
반주 유하얀
협연 시스띠나 챔버 오케스트라
솔리스트  Sop. 전유진,  Alt. 최정숙,  Ten. 조윤진,  Bas. 서태석

서소문성지 역사박물관 콘솔레이션홀


W.A. Mozart  Requiem K.626 

2019.11.23

Celebrating the Opening of the Seosomun Shrine History Museum

the inaugural concert of the Consolarium Cantores (Concert audience recording)

Conductor            Jeong Koo-yeol
Accompanist       Yu ha-yan
Co- performance  Systina Chamber Orchestra

Solist 
Soprano.   Jeon Yu-jin 
Alto.          Choi Jung-sook 
Tenor.       Cho Yoon-jin 
Bass.        Seo Tae-seok

Seosomun Shrine History Museum Consolation Hall (Korea)",UCjEc6nk5kjNH0tSY7eiKN_A,콘솔라리움합창단__Consolarium Cantores,2020-08-05T04:40:03Z,183,3.05,False,458,7,0,https://www.youtube.com/watch?v=IrnMFpo4q-c,26,6,PF278975,제626회 부산시립교향악단 정기연주회 [부산],서양음악(클래식),부산콘서트홀 콘서트홀,2025-12-12,2025-12-12,,,,,,youtube_collect_targeted + signal_scorer: 신규 delete 후보,
S4B0uMDwCdc,"Die Zauberflöte Overture K 620, W A Mozart","Kosin Medical Nursing Orchestra 고신의대 간호대 관현악단
the 26th Regular Concert 제 26회 정기 연주회
2023.08.13(Sun)
영화의전당 하늘연극장",UCNOmZDObAfLinT9q9IK4Aaw,고신의대간호대관현악단 KMNO,2023-09-11T13:07:49Z,448,7.47,False,583,16,1,https://www.youtube.com/watch?v=S4B0uMDwCdc,865,183,PF278975,제626회 부산시립교향악단 정기연주회 [부산],서양음악(클래식),부산콘서트홀 콘서트홀,2025-12-12,2025-12-12,,,,,,youtube_collect_targeted + signal_scorer: 신규 delete 후보,
zVIdZUm-MBQ,"대전시립합창단 _ 뒤뤼플레 ""레퀴엠"" 중 '천국에서'(M. Duruflé _ 'In Paradisum' from ""Requiem"")","Camerata Vocale Daejeon
M. Duruflé _ 'In Paradisum' from ""Requiem""

2018.10.09.(Tue) Concerhall, Arts Center, Seoul
Conductor _ Winfried Toll
Orchestra _ Camerata Antiqua Seoul
Organ _ Joohee Lee",UCGB5nLYVpSgA4zwQjJ_RK8g,대전시립합창단 Camerata Vocale Daejeon,2020-03-24T02:34:45Z,168,2.8,False,528,17,2,https://www.youtube.com/watch?v=zVIdZUm-MBQ,1100,76,PF278975,제626회 부산시립교향악단 정기연주회 [부산],서양음악(클래식),부산콘서트홀 콘서트홀,2025-12-12,2025-12-12,,,,,,youtube_collect_targeted + signal_scorer: 신규 delete 후보,
xiZ2wtBxJmQ,제17회 춘천전국관악경연대회 하이라이트 영상 모음,"#춘천행복아빠 #색소폰음악교실
제17회 춘천전국관악경연대회가 
2019.08.20~08.22까지
춘천문화예술회관에서 성대하게 
마무리 되었습니다.

초등부 20개교, 중등부 31개교
고등부27개교 총78개팀의 5,000명의 참가로
역대 최고의 대회가 되었습니다.

그동안 열심히 준비하신
지도교사님,  강사선생님, 학부모님,
그리고 관악부원 여러분!
고생하셨습니다.

대회 기간의 
춘천의 소중한 추억을 기억하세요..

여러분 
모두가 대상입니다.
앞으로도 계속 화이팅입니다.",UC7MrHabx34qbtyizegQd3EQ,트트홀 ,2019-08-23T06:00:55Z,1626,27.1,False,2257,13,10,https://www.youtube.com/watch?v=xiZ2wtBxJmQ,8280,938,PF249121,회란기 [관악],연극,관악아트홀 (구. 관악문화관) 관악아트홀 (구. 관악문화관) ,2024-10-18,2024-10-19,,,,,,youtube_collect_targeted + signal_scorer: 신규 delete 후보,
uX6_124jn-c,3R 관악마키니 FS vs 서울성동 FC 하이라이트 [현대해상 2018-19 FK 드림리그] (2018.12.15),"2018.12.15
단양국민체육센터
현대해상 2018-19 FK 드림리그
관악마키니 FS vs 서울성동 FC",UCpjOmwiy88a9EV3Rv8ukJgw,KFATV 대한민국 축구 국가대표팀,2018-12-18T23:15:58Z,546,9.1,False,614,1,0,https://www.youtube.com/watch?v=uX6_124jn-c,584000,8441,PF249121,회란기 [관악],연극,관악아트홀 (구. 관악문화관) 관악아트홀 (구. 관악문화관) ,2024-10-18,2024-10-19,,,,,,youtube_collect_targeted + signal_scorer: 신규 delete 후보,
gBQlbpDMOQw,서종예 커튼콜 SAC Curtain Call | 참가자 전원 @ 방송댄스 창작발표회 2019 SAC Dance Creative Stage | Filmed by lEtudel,"■ 2019.5.30 2019 SAC Dance Creative Stage Curtain Call | 참가자 전원 | 무용예술계열 방송댄스전공 창작발표회 @ SAC Art hall SAC 아트홀 | Filmed by lEtudel 1440p
■ 서울종합예술실용학교 싹튜브 https://goo.gl/3cuFwj
■ Song List
HandClap - Fitz and The Tantrums
■ 창작안무는 특별한 경우를 제외하고는 어떤 목적으로든 기본적으로 커버(전체적이든 부분적이든)가 금지되어 있습니다. 허락에 관련된 사항은 서울종합예술실용학교 페이스북으로 직접 문의 바랍니다. Except for some special cases, The dance cover is prohibited for any purpose without choreographers permission. In terms of permission, Contact the SAC Facebook manager.

■ 악성댓글러로부터 미성년자(특히 어린이)를 보호하기 위한 유튜브의 정책으로 lEtudel 채널에 업로드된 영상의 댓글 사용이 일시정지됐습니다. 언제까지 지속될 지에 대해 유튜브측이 '알 수 없다'는 답변을 했습니다. 수동으로 댓글창을 열기도 불가능해졌습니다.  소통하시기 불편하시더라도 당분간은 많은 양해부탁드립니다. 이 글은 당분간 업로드되는 모든 영상에 쓰도록 하겠습니다. 시청해 주셔서 항상 감사드립니다.
■ Youtube disabled the comment sections of lEtudel channel to protect minors from predatory comments. yeah.. i don't understand but that's the way they've always done things. i can't turn comments back on until youtube's further notice. so please kindly understand that. Thank you always for watching!

■ If you are NOT the person concerned, DON'T Re upload or edit in ANY SHAPE or FORM !!!
-공식관계자 & 영상 속 본인이 자신 또는 공식관계자의 계정으로 재업로드하는 것만 허용합니다. 하지만, 이와 상관없는 페이스북, 인스타그램, 트위터 등의 제보싸이트로의 제보는 누구든 절대 금지합니다! 또한, 당사자가 아닌 팬페이지나 개인페이지로의 재업로드(변형,편집, 캡쳐 포함)도 경고 없이 즉각 법적인 제재를 받을 수 있습니다.
 (특히, 페이스북, 인스타그램, 트위터, 네이버, 판도라tv, 카카오tv, 유튜브 재업로더들은 유의바랍니다)",UCmluYHFpXNxXhabzn87kPfA,lEtudel,2019-06-02T14:34:14Z,162,2.7,False,4034,54,,https://www.youtube.com/watch?v=gBQlbpDMOQw,630000,2276,PF249121,회란기 [관악],연극,관악아트홀 (구. 관악문화관) 관악아트홀 (구. 관악문화관) ,2024-10-18,2024-10-19,,,,,,youtube_collect_targeted + signal_scorer: 신규 delete 후보,
7NRiG-m0-h8,젊꾼 경기굿 풍류 한국음악앙상블 국악로 야외특설무대 * 제37회 대한민국 국악제 * 4KFC 10.18.2018,한국음악앙상븡 젊꾼 경기굿 풍류 제37회 대한민국 국악제 . 4K 2018.10.18,UCjHTotJB3KXye4qltHd0G9Q,마실가요,2018-11-03T13:09:41Z,794,13.23,False,722,10,0,https://www.youtube.com/watch?v=7NRiG-m0-h8,22400,6334,PF287859,"서울예술단, 나빌레라 [서울 서초]",뮤지컬,예술의전당 [서울] CJ 토월극장,2026-05-02,2026-05-17,,,,,,youtube_collect_targeted + signal_scorer: 신규 delete 후보,
TgmrLaDuZEI,"2022 [#청춘제] 오 샹젤리제~ 추억이 피어나는 합창단!ㅣ17.#남양주시동부노인복지관(분관)화도노인복지관, #제작지원영상","[#청춘제] 오 샹젤리제~ 추억이 피어나는 합창단!ㅣ남양주시동부노인복지관
(분관)화도노인복지관

#두근두근청춘제 #문화예술 #노인복지 

[작품정보]
- 참가기관 : 남양주시동부노인복지관(분관)화도노인복지관
- 작품명 : 인생길
- 실무자 : 김공주
- 예술강사 : 김경은, 김희정

[2022 온라인 두근두근 청춘제]
- 기간 : 2022.10.27(목) ~ 11.2(수)
- 채널 : 한국노인종합복지관협회 유튜브 채널
- 주제 : 다함께, 더 가까이!
- 참가기관 : 노인분야 문화예술교육 지원사업 수행기관 56개팀 약1050명
- 주요내용 : 온라인 청춘제 영상 출품, 실시간 라이브, 온라인 폐막식 및 토크쇼, 이벤트 등
- 주최 : 문화체육관광부, 한국문화예술교육진흥원
- 주관 : 한국노인종합복지관협회
- 대행 : 플랜아토즈",UCO8AB6ZCDVQXrznruvSpkTA,한국노인종합복지관협회,2022-10-31T03:00:22Z,1303,21.72,False,329,6,4,https://www.youtube.com/watch?v=TgmrLaDuZEI,2620,838,PF287859,"서울예술단, 나빌레라 [서울 서초]",뮤지컬,예술의전당 [서울] CJ 토월극장,2026-05-02,2026-05-17,,,,,,youtube_collect_targeted + signal_scorer: 신규 delete 후보,
ee0EQhF_SPo,심청가 중 심봉사 신세한탄 대목,"Provided to YouTube by MUSIC&NEW

심청가 중 심봉사 신세한탄 대목 · 유태평양

소리꾼 유태평양의 눈대목

℗ MUSIC&NEW

Released on: 2021-07-01

Auto-generated by YouTube.",UCXRRph8Q8c_ALnmNR-0b9uQ,Release - Topic,2022-12-13T09:27:37Z,349,5.82,False,450,1,0,https://www.youtube.com/watch?v=ee0EQhF_SPo,1,4,PF269866,"국립창극단, 송년판소리",한국음악(국악),국립극장 달오름극장,2025-12-19,2025-12-20,,,,,,youtube_collect_targeted + signal_scorer: 신규 delete 후보,
vv1M-73P81A,2018 국립창극단 흥보씨 - 명동 한복판에 마당쇠가 나타났다!,"명동 한복판에 나타난 마당쇠!
핫하디 핫한 명동에는 
어떤 일 때문에 오셨나요?

※ 본 영상은 '흥보씨' 지지배배 뉴스레터를 위한 영상임을 알려드립니다.

국립창극단 흥보씨
2018.7.13(금)-7.22(일)
명동예술극장

예매바로가기 https://bit.ly/2wXKi2l",UCJ55axexMkXqp1Fgwvmdsgg,국립극장 National Theater of Korea,2018-06-15T04:06:30Z,56,0.93,True,451,8,0,https://www.youtube.com/watch?v=vv1M-73P81A,37800,1221,PF269866,"국립창극단, 송년판소리",한국음악(국악),국립극장 달오름극장,2025-12-19,2025-12-20,,,,,,youtube_collect_targeted + signal_scorer: 신규 delete 후보,
3IhXxdR2KYw,국립창극단 세계거장시리즈2 안드레이서반의 춘향,"국립창극단의 또 한번의 혁신!!
세계거장시리즈로 만나보는 전통 판소리!!
안드레이 서반이 말하는 춘향!!
국립창극단과 안드레이 서반이 만들어내는 춘향~!

2014.11.20-12.6",UCJ55axexMkXqp1Fgwvmdsgg,국립극장 National Theater of Korea,2014-10-08T06:51:18Z,97,1.62,False,867,3,0,https://www.youtube.com/watch?v=3IhXxdR2KYw,37800,1221,PF269866,"국립창극단, 송년판소리",한국음악(국악),국립극장 달오름극장,2025-12-19,2025-12-20,,,,,,youtube_collect_targeted + signal_scorer: 신규 delete 후보,
I9Vvq9SjMKk,"창작합창뮤지컬 ""정서진아리랑""(박수경곡) 중 장서진아리랑",인천서구립소년소녀합창단(예술감독 지휘자 박문전) 2017 애인페스티발 (2017/9/9(토)19:30) - 솔로 : SOP 유채경(인천예고 1년) TEN 최용준(인천예고 2년),UCNx8j6yOotmkTJHK_pXcNww,임선미,2017-09-14T04:46:37Z,244,4.07,False,278,1,0,https://www.youtube.com/watch?v=I9Vvq9SjMKk,31,24,PF277877,제3회 인천시립소년소녀합창단 정기연주회 [인천],서양음악(클래식),인천문화예술회관 대공연장,2025-11-08,2025-11-08,,,,,,youtube_collect_targeted + signal_scorer: 신규 delete 후보,
oT1lAL-NsIA,가족뮤지컬 [생각나라과자집] - 커튼콜 장면,"⠀⠀
온 가족이 다함께 보아도 즐거운!
눈과 귀! 그리고 입도 즐거운 공연~!

지금 바로! 마법의 주문을 외워주세요~!
생각의 힘을 모아 비비디다붑❤❤❤

-----------------------------------------------------------------------------
공연명: THE NEW 뮤지컬  생각나라과자집
공연장소: 한국잡월드 나래울극장
공연기간 : 2019.04.20 ~ 2019.06.09
공연시간:  평일(화-금) 11시 / 주말,공휴일 11시, 2시 
휴관일:  매주 월요일

* 05/19(일) , 05/26(일), 06/02(일) : 2시",UCQe0VhcHtBPwBiQhRTk-Xww,이명희,2019-05-10T08:00:24Z,129,2.15,False,273,2,0,https://www.youtube.com/watch?v=oT1lAL-NsIA,1,2,PF239400,수박수영장 [거창],뮤지컬,거창문화센터 공연장,2024-04-27,2024-04-27,,,,,,youtube_collect_targeted + signal_scorer: 신규 delete 후보,
oD51XIRBNOg,18. 걱정 말아요 그대 ----- 전인권 작곡 / 차혜원 편곡,"제 14회 청주남성합창단 정기연주회
""합창으로 행복한 힐링음악회""
지휘: 강진모, 피아노: 지승환, 서혜경
2018.12.01(토) 저녁 7시 30분 청주아트홀
@청주남성합창단
E-mail : cjmalechorus@naver.com
유튜브 : https://www.youtube.com/@cjmalechorus
인스타그램 : https://www.instagram.com/cjmalechorus",UCvJZhydUQ3rzi48PIJfAPLQ,청주남성합창단,2022-11-07T14:47:32Z,307,5.12,False,48,0,0,https://www.youtube.com/watch?v=oD51XIRBNOg,256,237,PF248981,"부천시립합창단, 부천시민합창페스티벌",서양음악(클래식),부천아트센터 콘서트홀,2024-10-16,2024-10-16,,,,,,youtube_collect_targeted + signal_scorer: 신규 delete 후보,
52eswwShEcE,대구시립소년소녀합창단과 함께하는 2023 청소년합창페스티벌 포토리뷰,"대구ㆍ광주 달빛내륙철도 구축기념 
대구시립소년소녀합창단과 함께하는 
2023 청소년합창페스티벌 
2023.9.9 대구문화예술회관 팔공홀 

#대구시립소년소녀합창단
(예술감독 겸 상임지휘자 김유환)
#광주시립소년소녀합창단 
(상임지휘자 권기원)
#대구유스콰이어
(지휘자 홍성수)
#대구오페라유스콰이어
(지휘자 홍영상)",UCx5vLABolrPY8McCGdbX7Vg,김유환의 합창이야기,2023-09-10T23:09:59Z,61,1.02,False,299,7,0,https://www.youtube.com/watch?v=52eswwShEcE,484,144,PF248981,"부천시립합창단, 부천시민합창페스티벌",서양음악(클래식),부천아트센터 콘서트홀,2024-10-16,2024-10-16,,,,,,youtube_collect_targeted + signal_scorer: 신규 delete 후보,
Hf5iwGYZ2BY,[서울패밀리합창단] 한계령 하덕규,2017.11.26,UC2GrugjSwHZ5PjiwGKVuBjg,린다 조은경,2017-11-26T10:25:33Z,165,2.75,False,436,6,1,https://www.youtube.com/watch?v=Hf5iwGYZ2BY,684,392,PF248981,"부천시립합창단, 부천시민합창페스티벌",서양음악(클래식),부천아트센터 콘서트홀,2024-10-16,2024-10-16,,,,,,youtube_collect_targeted + signal_scorer: 신규 delete 후보,
nk6miC9bTow,제101회 어린이날 기념식 / 대구시립소년소녀합창단,2023.5.1 대구광역시 산격시청사 대강당,UCx5vLABolrPY8McCGdbX7Vg,김유환의 합창이야기,2023-05-05T11:54:55Z,119,1.98,False,541,7,0,https://www.youtube.com/watch?v=nk6miC9bTow,484,144,PF248981,"부천시립합창단, 부천시민합창페스티벌",서양음악(클래식),부천아트센터 콘서트홀,2024-10-16,2024-10-16,,,,,,youtube_collect_targeted + signal_scorer: 신규 delete 후보,
Zz_1_hspL7Q,#아산시청소년문화예술단 제10주년 기념음악회,"#아산시청소년문화예술단 제10주년 기념음악회
일시 : 2020.12.05. PM 6:30
장소 : 아산시 평생학습관 아트홀",UCMRdyzvEdCkAnDzTT3K3h4Q,Youth Smart,2020-12-05T20:21:29Z,498,8.3,False,181,0,0,https://www.youtube.com/watch?v=Zz_1_hspL7Q,2,13,PF248981,"부천시립합창단, 부천시민합창페스티벌",서양음악(클래식),부천아트센터 콘서트홀,2024-10-16,2024-10-16,,,,,,youtube_collect_targeted + signal_scorer: 신규 delete 후보,
YR_G1rPtGGA,Vocalise - S.Rachmaninoff,"2020.09.25 Gloryagain Bonhoeffer hall.
 
Vocalise - S.Rachmaninoff
 
Clarinet 이선희
   Piano 이민혜




후원 - 한국문화예술위원회",UCO5bYfndrOidU98zsd4I9Pg,HEO JOON YOUNG TRIO,2020-10-11T09:11:18Z,364,6.07,False,418,14,0,https://www.youtube.com/watch?v=YR_G1rPtGGA,68,36,PF252007,제133회 목포시립교향악단 정기연주회: 고전과 낭만,서양음악(클래식),목포시민문화체육센터 대공연장,2024-11-14,2024-11-14,,,,,,youtube_collect_targeted + signal_scorer: 신규 delete 후보,
JaE4sZYQmfk,망설임 없이 우물로 향했던 혈흔의 의미 - 함안 방앗간 사건,"샨나엘 생방송 
매주 목요일 밤 10시~10시 30분에 시작합니다. 

2020.5.14 목요일 생방송

♬ Music by Ben Hansen - Murder of Crow
https://www.youtube.com/user/BHansMusic",UC0uQd19C8N9L7pSpu41YTNA,샨나엘의 사건파일리뷰,2020-06-12T10:00:10Z,1085,18.08,False,66945,1544,55,https://www.youtube.com/watch?v=JaE4sZYQmfk,145000,972,PF247793,함안의 편지 [함안],서양음악(클래식),함안문화예술회관 대공연장,2024-10-26,2024-10-26,,,,,,youtube_collect_targeted + signal_scorer: 신규 delete 후보,
DNcp8jfcviw,"""간 큰 7급 공시생"" 의 또 다른 반전 과거","샨나엘 생방송 
매주 목요일 밤 10시~10시 30분에 시작합니다. 

2020.9.3. 목요일 생방송",UC0uQd19C8N9L7pSpu41YTNA,샨나엘의 사건파일리뷰,2020-09-07T09:21:20Z,1073,17.88,False,57792,1485,49,https://www.youtube.com/watch?v=DNcp8jfcviw,145000,972,PF247793,함안의 편지 [함안],서양음악(클래식),함안문화예술회관 대공연장,2024-10-26,2024-10-26,,,,,,youtube_collect_targeted + signal_scorer: 신규 delete 후보,
XZnFmpzbexs,[180722 미인] 세미막(철막) 커튼콜,"2018.07.22.일.2시. 뮤지컬 미인
@홍익대대학로아트센터 대극장

김지철/김종구/스테파니/김태오/권용국",UCLHGvTwixq1rqH0rhaLHsIA,족구왕쑥이,2018-07-24T13:50:50Z,151,2.52,False,22,0,0,https://www.youtube.com/watch?v=XZnFmpzbexs,580,2240,PF247793,함안의 편지 [함안],서양음악(클래식),함안문화예술회관 대공연장,2024-10-26,2024-10-26,,,,,,youtube_collect_targeted + signal_scorer: 신규 delete 후보,
1-fPqKNPFwE,"정글의법칙(김병만,김원준,한은정) 131101 #9(7)","SBS 정글의법칙 in 사바나 The law of the Jungle 84회(Ep.84)
2013-11-01

정글의 법칙 in 사바나 

공식홈페이지 : http://tv.sbs.co.kr/jungle
최신 영상 더보기 : http://vod.sbs.co.kr",UCmjNKt6kITwaZTqvWuaSPLg,SBS Entertainment,2013-11-01T14:59:41Z,307,5.12,False,46,0,0,https://www.youtube.com/watch?v=1-fPqKNPFwE,7500000,243135,PF247793,함안의 편지 [함안],서양음악(클래식),함안문화예술회관 대공연장,2024-10-26,2024-10-26,,,,,,youtube_collect_targeted + signal_scorer: 신규 delete 후보,
gZ-Ta1B8gNg,국악의 소녀 송소희의 본조아리랑,"2014/04/08 Tue, pm 5~7
연세대학교 대강당",UCOtf73yEeB9QAttjokJ6r2Q,Paek Sok Kwon,2014-04-08T17:48:21Z,142,2.37,False,13655,33,1,https://www.youtube.com/watch?v=gZ-Ta1B8gNg,10200,230,PF247793,함안의 편지 [함안],서양음악(클래식),함안문화예술회관 대공연장,2024-10-26,2024-10-26,,,,,,youtube_collect_targeted + signal_scorer: 신규 delete 후보,
UMPoglsnYlk,"거창합창단_세노야, 먼훗날, 세월이 가면_가야의 노래_가야문화권합창연합회 합창제","가야의 노래_가야문화권합창연합회 합창제
2018.11.24(토) 18:00
대가야문화누리 우륵홀
주최 고령군
주관 가야문화권합창연합회

거창합창단
단장 허영식
지휘 박정애
반주 박수경
세노야, 먼훗날, 세월이 가면",UCs_TEWDA5eOWYYj1eEqmV8A,goodAMH,2018-12-01T22:19:25Z,978,16.3,False,1054,11,2,https://www.youtube.com/watch?v=UMPoglsnYlk,12200,1349,PF247793,함안의 편지 [함안],서양음악(클래식),함안문화예술회관 대공연장,2024-10-26,2024-10-26,,,,,,youtube_collect_targeted + signal_scorer: 신규 delete 후보,
bwZfYV-ceFE,"W. A. Mozart-Clarinet Concerto in A major, K.622 - 2nd mov.","♥(사)아르스챔버오케스트라 제19회 연주회(2019년)♥
.아르스&스토리플룻팝스오케스트라의 소외계층청소년을위한연주회
.2019.09.21(토) 17:00 창원시마산3.15아트센터 소극장
.주최 : (사)아르스챔버오케스트라
            스토리플룻팝스오케스트라
.후원 : 한일기업(합)
.지휘 : 배문한
.클라리넷 : 조상규, 현용택",UCRWDafmV4DseVad3XRrsxPw,"Changwon, Korea아르스 챔버 오케스트라",2019-09-25T03:00:14Z,448,7.47,False,179,6,0,https://www.youtube.com/watch?v=bwZfYV-ceFE,92,74,PF268158,제622회 부산시립교향악단 정기연주회 [부산],서양음악(클래식),부산콘서트홀 콘서트홀,2025-07-10,2025-07-10,,,,,,youtube_collect_targeted + signal_scorer: 신규 delete 후보,
m2EnoDBa8pE,[TV SPOT] MOC 프로덕션 여름밤 음악회 '더 클래식: 모차르트',"[TV SPOT] MOC 프로덕션 여름밤 음악회 '더 클래식: 모차르트'

2017.08.19(Sat) 5:00PM  성남아트센터 오페라하우스
2017.08.21(Mon) 7:30PM 세종문화회관 대극장

사회 : 이수민
지휘 : 백윤학 / 피아노 : 이효주 / 클라리넷 : 조성호
연주 : 코리아 쿱 오케스트라

- 전곡 모차르트 프로그램 - 
오페라 '피가로의 결혼' 서곡, 작품 492
피아노 협주곡 제21번 다장조, 작품 467 (피아노 이효주)
클라리넷 협주곡 가장조, 작품 622 (클라리넷 조성호)
교향곡 제40번, 작품 550

MOC Production Summer Concert ' THE CLASSIC: MOZART'
2017.08.19(Sat) 5PM  Seongnam Arts Center, Opera House
2017.08.21(Mon) 7:30PM Sejong Center, Grand Theater

MC: Soo Min Lee
Conductot : Yoonhak Baek  / Piano : Hyo-Joo Lee / Clarinet : Sungho Cho 
Korea Coop Orchestra

- All Mozart Program-

주최: MOC production
영상제작: SHOWMEDIA설명",UCNllNp2nbv7ZxYlei8cWQQw,MOC Production,2017-07-07T07:10:27Z,31,0.52,True,245,3,0,https://www.youtube.com/watch?v=m2EnoDBa8pE,6390,154,PF268158,제622회 부산시립교향악단 정기연주회 [부산],서양음악(클래식),부산콘서트홀 콘서트홀,2025-07-10,2025-07-10,,,,,,youtube_collect_targeted + signal_scorer: 신규 delete 후보,
RnDLDOW2Yf4,"[피아니스트 김윤희와 AS 클라리넷 앙상블]  Concert Piece for Two Clarinets, No.2 in f minor Op.113","제 1178회 서초금요음악회(2022.02.25 업로드) 

[아티스트 정보] 피아니스트 김윤희와 AS 클라리넷 앙상블
[연주곡] Concert Piece for Two Clarinets, No.2 in f minor Op.113


피아노_김윤희
클라리넷_김낙구
클라리넷_송현종


[아티스트 소개]

AS 클라리넷 앙상블은 Air Sound 의 약자로 
서경대학교 음악학부 김낙구 클라리넷교수와 
제자들이 함께 활동하는 앙상블팀이다. 
이번 트리오 공연은 팀 전문 피아니스트 김윤희와 
김낙구 교수 그리고 리더 송현종의 트리오로 진행된다.

그리운 금강산
'그리운 금강산'은 한상억이 작사하고 최영섭이 작곡한 
한국의 가곡이다.

#멘델스존 #서초금요음악회 #피아니스트김윤희 #AS클라리넷앙상블",UCYd7TCbuunp5YowBduGihOg,서초금요음악회,2022-03-14T10:36:02Z,536,8.93,False,113,5,0,https://www.youtube.com/watch?v=RnDLDOW2Yf4,10600,1433,PF268158,제622회 부산시립교향악단 정기연주회 [부산],서양음악(클래식),부산콘서트홀 콘서트홀,2025-07-10,2025-07-10,,,,,,youtube_collect_targeted + signal_scorer: 신규 delete 후보,
badPFrbjdvc,G.Rossini : Introduction Theme and Variations for Clarinet and Orchestra(Cl.한성현) AS클라리넷콰이어제1회정기연주회,"AS클라리넷콰이어 제1회 정기연주회 
2. G.Rossini :  Introduction Theme and Variations for Clarinet and Orchestra(Cl.한성현)
AS Clarinet Choir 1st Concert  AS 클라리넷 콰이어

2022.06.11(Sat.) 북서울 꿈의숲 아트센터 콘서트홀

지휘(Conductor) 김낙구
Solo Clarinet 한성현
Eb Cl.강유진
1st Cl.송현종 손민수
2nd Cl.전지윤 이소라 윤두림
3rd Cl.송나희 김유진 조인우
4th Cl.김예림 장기영
Alto Cl. 임태이
Bass Cl. 박지수


#AS클라리넷콰이어 #정기연주회  #예술공연",UCA4P-JHGDwtM-I9Xci8OC5A,AS 클라리넷 콰이어,2022-06-23T07:55:39Z,631,10.52,False,701,12,0,https://www.youtube.com/watch?v=badPFrbjdvc,218,61,PF268158,제622회 부산시립교향악단 정기연주회 [부산],서양음악(클래식),부산콘서트홀 콘서트홀,2025-07-10,2025-07-10,,,,,,youtube_collect_targeted + signal_scorer: 신규 delete 후보,
0cCk5zfhutE,제19회 BIDF 부산국제무용제(Busan International Dance Festival) 6.4 공식초청 - 광주시립발레단,"제19회 부산국제무용제 초청공연 (BIDF Official Programs)
2023.6.4 일요일 해운대해변 특설무대 

한국, 광주광역시시립발레단 ""다이애나&악테옹""
KOREA, Gwangju City Ballet ""Diana & Actaeon""",UCTL4fH47mBkRJ7sWkNTzvHg,Busan International Dance Festival,2023-08-04T04:08:05Z,625,10.42,False,1664,27,4,https://www.youtube.com/watch?v=0cCk5zfhutE,667,149,PF285928,"광주시립발레단 기획공연, 발레살롱콘서트 Ⅰ. 잠자는 숲속의 미녀",무용(서양/한국무용),빛고을시민문화관 공연장,2026-03-27,2026-03-28,,,,,,youtube_collect_targeted + signal_scorer: 신규 delete 후보,
acqFiles3Yg,광장유스오케스트라 | 정기연주회 (1) 박쥐 서곡 Overture to Die Fledermaus - J StraussⅡ,"2022.5.28.(토)
광진청소년센터 대극장에서 열린
제4회 광장유스오케스트라 정기연주회 공연 모습입니다.

청소년은 존재만으로도 빛이다! 
- 광진청소년센터-",UC8JJL5kqAzn0CGHrj9LxFWg,시립광진청소년센터,2022-05-31T07:24:27Z,224,3.73,False,378,6,0,https://www.youtube.com/watch?v=acqFiles3Yg,510,427,PF255110,박쥐 [계룡],서양음악(클래식),계룡문화예술의전당 대공연장,2024-12-20,2024-12-21,,,,,,youtube_collect_targeted + signal_scorer: 신규 delete 후보,
XyynXiNsnaU,"[2016dcmf] Ensemble Sotto Voce ""Poetic  Inspirations""","2016 대전실내악축제
2016.8.19 19:30 대전예술의전당 앙상블홀
다섯 번째 콘서트 - 앙상블 소토보체 ""시적영감""
(소프라노 김지숙, 메조소프라노 김혜영, 바리톤 차두식, 피아노 한민선, 바이올린 고예일, 바이올린 장진선, 비올라 김세영, 첼로 남궁동, 콘트라베이스 김세은, 기타 윤병준, 타악기 최유석, 작곡가 오이돈, 편곡 정수진)
 
- Pur ti miro from Opera (L'lncoronazione di Poppea), SV308 / C. Monteverdi
당신을 보고 즐거워하고 오페라 (포페아의 대관) 중 / 몬테베르디
- Lamento della Ninfa, SV163 / C. Monteverdi
님프의 슬픔, 작품163 / 몬테베르디
- Zefiro torna / C. Monteverdi
서풍은 돌아오고 / 몬테베르디
-Music for a while from Opera (Oedipus) / H. Purcell
잠시동안의 음악 오페라 (오디푸스) 중 / 퍼셀
- Strike the Viol from (Come ye sons of art, away) / H. Purcell
비욜을 울려라 (예술의 아들들이여, 함께 가자) / 퍼셀
 
2016 Daejeon Chamber Music Festival
2016.8.18 19:30,  Ensemble Hall, Daejeon Arts Center
Annual Concert # 5 =  Ensemble Sotto Voce ""Poetic Inspirations""
( Soprano Jisuk Kim,  Mezzo Soprano Hyeyoung Kim, Baritone Dusik Cha, Piano Minsun Han, Violin Yeil Ko,  Violin Jinsun Jang, Viola Seyuong Kim, Cello Dong Namgung, Contrabass Seeun Kim, Guitar Byeongjun Yoon, Percussion Yuseok Choi)",UC_9CcdlsQFhzseMgox62KQg,대전예술기획,2017-07-18T08:45:53Z,1539,25.65,False,896,3,0,https://www.youtube.com/watch?v=XyynXiNsnaU,32,31,PF255110,박쥐 [계룡],서양음악(클래식),계룡문화예술의전당 대공연장,2024-12-20,2024-12-21,,,,,,youtube_collect_targeted + signal_scorer: 신규 delete 후보,
qvlyFnoP0BE,절대로 들어가면 안 되는 집의 3가지 특징 알아보기,"풍수지리에서는 눈에 보이는 몇 가지 특징만으로도 그 집의 기운을 읽을 수 있습니다. 아무리 마음에 들어도, 아래 세 가지가 보이면 절대 들어가면 안 됩니다.

첫째, 현관에서 보이는 화장실  
현관에서 집 안으로 들어가자마자 화장실이 보이면, 들어오는 복이 그대로 빠져나가는 구조입니다. 실제로 이런 집은 재물운, 건강운이 계속 새어나가고, 사람이 자주 아프거나 일이 꼬이기 쉽습니다. 만약 이미 이런 집에 산다면 화장실에 작은 소금단지 넣어두세요

둘째, 집 중앙에 화장실  
풍수에서는 집의 중앙을 '심장'으로 봅니다. 그 중심에 화장실이 있으면 집 전체에 탁한 기운이 퍼져, 가족 간 갈등, 건강 악화, 금전 문제로 이어질 가능성이 높습니다. 이런 집은 중간에 화초나 거울, 발 등을 놓아 시선을 우회시키면 기운이 분산되어 새는 복을 어느 정도 막을 수 있습니다.

셋째, 창밖에 전봇대나 철탑, 날카로운 구조물이 정면으로 보일 때  
이건 풍수에서 ‘살기(煞氣)’라고 부릅니다. 기운이 집 안으로 찌르듯 들어와 사고, 분쟁, 예기치 못한 손해를 유발합니다.  이미 사는 집에 저런 형태가 보인다면 두꺼운 커튼, 조명, 원형 식물 등으로 시야를 차단하세요. 날카로운 외부 기운을 부드럽게 바꿔주는 역할을 합니다.

집은 곧 사람의 운을 담는 그릇입니다.  
이 세 가지가 보인다면, 아무리 싸고 넓어도 절대 들어가지 마세요.

화면을 두 번 눌러 좋아요 해주신 분들에게 
원하는 바를 이루고 하시는 일 모두 잘 되시라고
좋은 기운 불어 넣어 드리겠습니다.

#주방풍수 #금전운 #풍수지리 #거실 #소품 #대운 #부자 #이름 #운세 #사주 #풍수 #손금",UCW979Q_U6d7a1QYDNNBKqug,풍수,2025-05-11T01:49:30Z,17,0.28,True,1312630,12173,82,https://www.youtube.com/watch?v=qvlyFnoP0BE,68800,612,PF255110,박쥐 [계룡],서양음악(클래식),계룡문화예술의전당 대공연장,2024-12-20,2024-12-21,,,,,,youtube_collect_targeted + signal_scorer: 신규 delete 후보,
xgoa84yGzFg,[핑크퐁 클래식 나라] 오케스트라와 함께하는 상어가족! - 20190506 롯데콘서트홀 공연 中,"아기상어 뚜루루뚜루 ♬

핑크퐁 클래식 친구들이 예술의전당으로 찾아온대요!
엄마도 아이도 즐거운 귀호강 콘서트! 

오케스트라 연주로 함께하는 아기상어 떼창과
핑크퐁과 아기상어, 바이올린 대니 구와 
디토 체임버 오케스트라가 함께 만드는
듣기 쉽고 수준 높은 핑크퐁 동요와 클래식 콘서트

엉덩이가 들썩들썩~ 
신나는 공연 현장, 지금 떠나 볼까요?

[공연일정]
2019.7.27(토) 오후 2시 / 4시30분 예술의전당 콘서트홀


여름 공연 예매는 여기로! ↓↓↓ 
https://bit.ly/2NmWEcp


Produced by CREDIA
All about creditv YouTube Playlist COPYRIGHT © CREDIA",UCpt7Aq_OaIAC0bBBctGJBCQ,crediatv,2019-07-23T02:46:23Z,124,2.07,False,40494,146,2,https://www.youtube.com/watch?v=xgoa84yGzFg,158000,1634,PF236306,서울시향과 함께하는 키즈 콘서트: 클래식 음악여행,서양음악(클래식),LG아트센터 서울 LG SIGNATURE 홀,2024-04-12,2024-04-12,,,,,,youtube_collect_targeted + signal_scorer: 신규 delete 후보,
9VaOx76E5to,2022.04.08 한화와 함께하는 2022 교향악축제-부산시립교향악단 협연 한재민 커튼콜,"2022.04.08
한화와 함께하는 2022 교향악축제-부산시립교향악단

연  주 | 부산시립교향악단
지  휘 | 최수열
첼  로 | 한재민

[프로그램]

슈만 첼로 협주곡 a단조 Op.129
R. Schumann Cello Concerto in a minor, Op.129

 진은숙 수비토 콘 포르차
Unsuk Chin Subito con forza

 존 케이지 4분 33초
John Cage 4' 33""

 라벨 ‘다프니스와 클로에’ 모음곡 제2번 M.57b
M. Ravel 'Daphnis et Chloé' Suite No.2, M.57b

앵콜
라벨 볼레로 Op.81중 발췌
 M. Ravel - Bolero Op.81(Excerpt)",UCJJlWD4Q2eKe2oXh-2DbgkA,가루tv,2022-04-08T16:25:17Z,252,4.2,False,662,4,0,https://www.youtube.com/watch?v=9VaOx76E5to,546,212,PF256285,성남시립교향악단 신년음악회,서양음악(클래식),성남아트센터 콘서트홀,2025-01-17,2025-01-17,,,,,,youtube_collect_targeted + signal_scorer: 신규 delete 후보,
tXU4fd39RcU,방탄소년단 '아이돌'(BTS-IDOL) - 퓨전국악 퀸 / 영천여자중학교 제15회 이수동산 축제 문화공연_2019.10.30,"2019.10.30
영천여자중학교 제15회 이수동산 축제 문화공연
퓨전국악 퀸 - 방탄소년단 '아이돌'(BTS-IDOL) 

[퓨전국악 퀸] 은 
2008년에 창단된 여성퓨전국악밴드로
멤버는 가야금, 거문고,장구,해금, 대금, 전자바이올린, 보컬(한국의 전통소리)로 이루어져있습니다.

국악과 클래식,영화음악,팝,째즈,가요,트로트등 서로 다른 여러 장르를 크로스오버시켜 우리의 국악을 좀 더 대중들에게 친근하게 다가가기위해 노력하고있습니다
남녀노소는 물론 외국인들과도 함께 공감하고 호흡할 수 음악을 들려드리고 있고, 이로써 국악의 대중화와 세계화에 앞장서고 있다할수 있습니다. 
K.pop열풍과 더불어 해외공연요청이 쇄도하고 있으며.. 
국악아이돌,한류국악그룹라고 불리우고 있습니다.

* 아래 주소를 클릭하시면 이동이 가능합니다.
[페이스북 Facebook] http://www.facebook.com/fusionqueen
[네이버 블로그 Naver Blog] http://blog.naver.com/fusionqueen
[인스타그램 Instagram] @fusionqueen_official

공연섭외문의 010-3939-1656

#퓨전국악퀸 #공연팀섭외 #축하공연 #퓨전국악섭외",UCZF5RffGu0pScFDWqcuAJPg,퓨전국악그룹 퀸,2019-11-19T10:07:51Z,79,1.32,False,102,1,0,https://www.youtube.com/watch?v=tXU4fd39RcU,2020,1306,PF236260,"명품국악콘서트, 우리소리 [영천]",한국음악(국악),영천시민회관 스타홀,2024-03-16,2024-03-16,,,,,,youtube_collect_targeted + signal_scorer: 신규 delete 후보,
5KVleXSfAoQ,2022년 사천의 행복한 콘서트 #난감하네 #조성아 #국악가요,"일시 : 2022.6.10(금) 18시
장소 : 사천시 삼천포대교
          초양휴게소
주최.주관 : (사)한국연예예술인협회            사천지회
후원 : 사천시. 사천예총",UCJme7iGaNfQOoxdbRGup-GA,칠천포tv,2022-06-21T03:16:46Z,219,3.65,False,441,14,1,https://www.youtube.com/watch?v=5KVleXSfAoQ,59,41,PF236260,"명품국악콘서트, 우리소리 [영천]",한국음악(국악),영천시민회관 스타홀,2024-03-16,2024-03-16,,,,,,youtube_collect_targeted + signal_scorer: 신규 delete 후보,
ylwKtTyblUY,서도소리 1 /  주최 :  (사)한국국악협회 대전광역시지회,"우리나라 각 지방중 이북지방의소리 (2018.09.08)
출연 : 임인숙. 장효선",UCDqhNGFDz1yuimJDzSZsQ_A,굴렁쇠진강,2018-09-10T08:44:36Z,201,3.35,False,141,3,0,https://www.youtube.com/watch?v=ylwKtTyblUY,15800,1120,PF236260,"명품국악콘서트, 우리소리 [영천]",한국음악(국악),영천시민회관 스타홀,2024-03-16,2024-03-16,,,,,,youtube_collect_targeted + signal_scorer: 신규 delete 후보,
1mKurDyiyKA,창작판소리극 코뿔소 서울공연,"2022.09.17. 대학로아름다운극장
원작_외젠이오네스코 각색_ 용선중 손기주 김지희 
연출_용선중 편곡_윤지훈 심상민
소리_김지희 연주_윤지훈 심상민 전찬성
#예술단농음 #창작판소리극",UC_5bwBgw2vB9H7Rf0OtZhEA,지희소리,2023-01-08T07:42:30Z,4245,70.75,False,175,7,1,https://www.youtube.com/watch?v=1mKurDyiyKA,220,119,PF236260,"명품국악콘서트, 우리소리 [영천]",한국음악(국악),영천시민회관 스타홀,2024-03-16,2024-03-16,,,,,,youtube_collect_targeted + signal_scorer: 신규 delete 후보,
1DMlk0d_Y9M,2022 각심재 고택음악회,"✳️ 2022 각심재 고택음악회 
· 일시: 2022.08.26.(금) 19:00
· 장소: 각심재 
· 출연: 박애리, 연희집단 The 광대, 쇼 디자인 그룹 생동감크루, 이희문X프렐류드X놈놈 '한국남자'",UCgzz6j1oNt5o6XVcXpS6-mw,노원문화재단,2022-09-01T01:49:50Z,32,0.53,True,255,5,1,https://www.youtube.com/watch?v=1DMlk0d_Y9M,871,302,PF236260,"명품국악콘서트, 우리소리 [영천]",한국음악(국악),영천시민회관 스타홀,2024-03-16,2024-03-16,,,,,,youtube_collect_targeted + signal_scorer: 신규 delete 후보,
fp1rCzLjWX8,231015-05.우리에겐(YYC부평)-열우물 전도축제 음악콘서트,"2023.10.15.주일오후2시30분
열우물교회
전도축제 음악콘서트
05. 우리에겐(YYC부평)

################################################################################################
본 채널은 ""YYC부평 윤학원유스콰이어(구.부평CTS)""에서 공연한 동영상 위주로 올려드립니다.
부평CTS는 2012년 5월 19일 윤학원 총 예술감독님을 필두로 인천 열우물감리교회(단목-유재구, 단장-이관수)에서 발대식으로 출발하였으며,
2020년 3월을 기점으로 부평,인천,부천,광명,일산,수원,서울을 품고 세계로 나아가고자 
YYC(korea Yoon Youth Choir)윤학원유스콰이어부평[이하 YYC부평]로 이름을 바꾸어 나아가고자 합니다.

예전 윤학원 교수님이 지휘한 ""선명회어린이합창단""이  ""월드비전어린이합창단""으로 바뀐것 처럼
""CTS부평 소년소녀합창단""이 ""YYC부평 윤학원유스콰이어""으로 바뀌어 활동을 합니다.

박은향 지휘자, 제빈 부지휘자, 장솔지 반주자, 이여경 부반주자, 강미희 작,편곡가,  송예은 안무코치,  박성은 간사, 지현준 간사, 문보경 단무장이하 임원 및 단원들이  합창으로 하나되는 음악 공동체입니다.

""따뜻한 마음으로 하나가 되어
노래하는 우리들의 천국!
만민을 위하여 기치를 들고 
하나님의 사랑을 전하는 음악공동체!
마르지 않는 샘, 축복의 땅!
이곳은 YYC부평 윤학원유스콰이어입니다.""

항상 관심과 후원 및 기도 부탁드립니다.

** 후원계좌 : 국민은행 660401-01-886574, 윤학원유스콰이어(YYC)부평합창단 **

                      *** 입단문의(010-4765-8783)***
* 단원모집(수시, 매주 토요일 10시~12시)
* 연습 및 오디션 장소 : 인천 부평구 배곶로 35, 열우물감리교회 성가대실
    (십정동 317-23, 구]십정감리교회)
* 노아의 방주 연습실(이레스튜디오) : 인천 남동구 문화로115번길7(구월동1346-6)
   - 인천문화예술회관역 9번출구 1분거리
* 입단가능 : 7세~중3
* 활동 : 7세~고3

#  Bupyeong korea yoon youTh choirS(B.T.S)forever~~ #
################################################################################################",UCweMmLC3YcUYoyNBzZL97HA,윤학원유스콰이어(YYC) 부평,2023-10-15T14:02:28Z,180,3.0,False,95,3,0,https://www.youtube.com/watch?v=fp1rCzLjWX8,959,943,PF280788,부천시립합창단 어린이 음악회: 우리가 노래하는 이유,서양음악(클래식),부천아트센터 콘서트홀,2026-02-12,2026-02-12,,,,,,youtube_collect_targeted + signal_scorer: 신규 delete 후보,
LZUTOYTX43k,20220915- 해양경찰가(제69회 해양경찰의 날 기념식) with 정경 교수님,"2022.9.15. 목 - 인천해양경찰청 대강당
제69회 해양경찰의 날 기념식
""해양경찰가""를 정경 교수님과 함께 부름


################################################################################################
본 채널은 ""YYC부평 윤학원유스콰이어(구.부평CTS)""에서 공연한 동영상 위주로 올려드립니다.
부평CTS는 2012년 5월 19일 윤학원 총 예술감독님을 필두로 인천 열우물감리교회(단목-유재구, 단장-이관수)에서 발대식으로 출발하였으며,
2020년 3월을 기점으로 부평,인천,부천,광명,일산,수원,서울을 품고 세계로 나아가고자 
YYC(korea Yoon Youth Choir)윤학원유스콰이어부평[이하 YYC부평]로 이름을 바꾸어 나아가고자 합니다.

예전 윤학원 교수님이 지휘한 ""선명회어린이합창단""이  ""월드비전어린이합창단""으로 바뀐것 처럼
""CTS부평 소년소녀합창단""이 ""YYC부평 윤학원유스콰이어""으로 바뀌어 활동을 합니다.

박은향 지휘자, 제빈 부지휘자, 장솔지 반주자, 이여경 부반주자, 강미희 작,편곡가,  송예은 안무코치,  박성은 간사, 지현준 간사, 문보경 단무장이하 임원 및 단원들이  합창으로 하나되는 음악 공동체입니다.

""따뜻한 마음으로 하나가 되어
노래하는 우리들의 천국!
만민을 위하여 기치를 들고 
하나님의 사랑을 전하는 음악공동체!
마르지 않는 샘, 축복의 땅!
이곳은 YYC부평 윤학원유스콰이어입니다.""

항상 관심과 후원 및 기도 부탁드립니다.

** 후원계좌 : 국민은행 660401-01-886574, 윤학원유스콰이어(YYC)부평합창단 **

                      *** 입단문의(010-4765-8783)***
* 단원모집(수시, 매주 토요일 10시~12시)
* 연습 및 오디션 장소 : 인천 부평구 배곶로 35, 열우물감리교회 성가대실
    (십정동 317-23, 구]십정감리교회)
* 노아의 방주 연습실(이레스튜디오) : 인천 남동구 문화로115번길7(구월동1346-6)
   - 인천문화예술회관역 9번출구 1분거리
* 입단가능 : 7세~중3
* 활동 : 7세~고3

#  Bupyeong korea yoon youTh choirS(B.T.S)forever~~ #
################################################################################################",UCweMmLC3YcUYoyNBzZL97HA,윤학원유스콰이어(YYC) 부평,2022-12-20T14:16:45Z,51,0.85,True,346,3,0,https://www.youtube.com/watch?v=LZUTOYTX43k,959,943,PF280788,부천시립합창단 어린이 음악회: 우리가 노래하는 이유,서양음악(클래식),부천아트센터 콘서트홀,2026-02-12,2026-02-12,,,,,,youtube_collect_targeted + signal_scorer: 신규 delete 후보,
hVFqRMRyjSw,17. 아리랑 판타지,"2017년 평화의나무합창단 10주년 기획연주회
""그대와 꽃피운다""

2017.9.23(토) 오후 6시
상명대 상명아트센터 계당홀
함께 노래하는 이들: 사이타마합창단, 416합창단

2부 그대와 꽃피운다
""아리랑 판타지""
김준범 곡
김준범 지휘, 한지혜 반주 
 
이광호karl 단원 유튜브에서 가져왔습니다. 이광호 단원 덕분에 공연 기록이 남게 되어 깊이 감사드립니다.",UCVv2oLNXUQDuffxDIiIX2Ew,평화의나무합창단,2023-01-30T13:44:02Z,876,14.6,False,216,5,0,https://www.youtube.com/watch?v=hVFqRMRyjSw,578,239,PF280788,부천시립합창단 어린이 음악회: 우리가 노래하는 이유,서양음악(클래식),부천아트센터 콘서트홀,2026-02-12,2026-02-12,,,,,,youtube_collect_targeted + signal_scorer: 신규 delete 후보,
fLiQzWxT7Z8,"2021.10.26-마지막씬,피날레(따오기 및 커튼콜)-시흥시창작뮤지컬""따오기할아버지의꿈""중에서","2021.10.26-
마지막씬, 피날레(따오기 및 커튼콜)
시흥시창작뮤지컬""따오기할아버지의꿈""중에서
장소 : 시흥시민교회

################################################################################################
본 채널은 ""YYC부평 윤학원유스콰이어(구.부평CTS)""에서 공연한 동영상 위주로 올려드립니다.
부평CTS는 2012년 5월 19일 윤학원 총 예술감독님을 필두로 인천 열우물감리교회(단목-유재구, 단장-이관수)에서 발대식으로 출발하였으며,
2020년 3월을 기점으로 부평,인천,부천,광명,일산,수원,서울을 품고 세계로 나아가고자 
YYC(korea Yoon Youth Choir)윤학원유스콰이어부평[이하 YYC부평]로 이름을 바꾸어 나아가고자 합니다.

예전 윤학원 교수님이 지휘한 ""선명회어린이합창단""이  ""월드비전어린이합창단""으로 바뀐것 처럼
""CTS부평 소년소녀합창단""이 ""YYC부평 윤학원유스콰이어""으로 바뀌어 활동을 합니다.

박은향 지휘자, 제빈 부지휘자, 장솔지 반주자, 이여경 부반주자, 강미희 작,편곡가,  송예은 안무코치,  박성은 간사, 지현준 간사, 문보경 단무장이하 임원 및 단원들이  합창으로 하나되는 음악 공동체입니다.

""따뜻한 마음으로 하나가 되어
노래하는 우리들의 천국!
만민을 위하여 기치를 들고 
하나님의 사랑을 전하는 음악공동체!
마르지 않는 샘, 축복의 땅!
이곳은 YYC부평 윤학원유스콰이어입니다.""

항상 관심과 후원 및 기도 부탁드립니다.

** 후원계좌 : 국민은행 660401-01-886574, 윤학원유스콰이어(YYC)부평합창단 **

                      *** 입단문의(010-4765-8783)***
* 단원모집(수시, 매주 토요일 10시~12시)
* 연습 및 오디션 장소 : 인천 부평구 배곶로 35, 열우물감리교회 성가대실
    (십정동 317-23, 구]십정감리교회)
* 노아의 방주 연습실(이레스튜디오) : 인천 남동구 문화로115번길7(구월동1346-6)
   - 인천문화예술회관역 9번출구 1분거리
* 입단가능 : 7세~중3
* 활동 : 7세~고3

#  Bupyeong korea yoon youTh choirS(B.T.S)forever~~ #
################################################################################################",UCweMmLC3YcUYoyNBzZL97HA,윤학원유스콰이어(YYC) 부평,2022-04-13T12:54:11Z,339,5.65,False,76,2,0,https://www.youtube.com/watch?v=fLiQzWxT7Z8,959,943,PF280788,부천시립합창단 어린이 음악회: 우리가 노래하는 이유,서양음악(클래식),부천아트센터 콘서트홀,2026-02-12,2026-02-12,,,,,,youtube_collect_targeted + signal_scorer: 신규 delete 후보,
57Lnsmrz9Jk,"20220308-03.젓가락행진곡, YYC부평 윤학원유스콰이어 창단10주년 콘서트 ""Dream 4-Um""","2022.03.08-YYC부평 윤학원유스콰이어 창단10주년 콘서트 ""Dream 4-Um""
제5회 정기연주회
03. 젓가락 행진곡

################################################################################################
본 채널은 ""YYC부평 윤학원유스콰이어(구.부평CTS)""에서 공연한 동영상 위주로 올려드립니다.
부평CTS는 2012년 5월 19일 윤학원 총 예술감독님을 필두로 인천 열우물감리교회(단목-유재구, 단장-이관수)에서 발대식으로 출발하였으며,
2020년 3월을 기점으로 부평,인천,부천,광명,일산,수원,서울을 품고 세계로 나아가고자 
YYC(korea Yoon Youth Choir)윤학원유스콰이어부평[이하 YYC부평]로 이름을 바꾸어 나아가고자 합니다.

예전 윤학원 교수님이 지휘한 ""선명회어린이합창단""이  ""월드비전어린이합창단""으로 바뀐것 처럼
""CTS부평 소년소녀합창단""이 ""YYC부평 윤학원유스콰이어""으로 바뀌어 활동을 합니다.

박은향 지휘자, 제빈 부지휘자, 장솔지 반주자, 이여경 부반주자, 강미희 작,편곡가,  송예은 안무코치,  박성은 간사, 지현준 간사, 문보경 단무장이하 임원 및 단원들이  합창으로 하나되는 음악 공동체입니다.

""따뜻한 마음으로 하나가 되어
노래하는 우리들의 천국!
만민을 위하여 기치를 들고 
하나님의 사랑을 전하는 음악공동체!
마르지 않는 샘, 축복의 땅!
이곳은 YYC부평 윤학원유스콰이어입니다.""

항상 관심과 후원 및 기도 부탁드립니다.

** 후원계좌 : 국민은행 660401-01-886574, 윤학원유스콰이어(YYC)부평합창단 **

                      *** 입단문의(010-4765-8783)***
* 단원모집(수시, 매주 토요일 10시~12시)
* 연습 및 오디션 장소 : 인천 부평구 배곶로 35, 열우물감리교회 성가대실
    (십정동 317-23, 구]십정감리교회)
* 노아의 방주 연습실(이레스튜디오) : 인천 남동구 문화로115번길7(구월동1346-6)
   - 인천문화예술회관역 9번출구 1분거리
* 입단가능 : 7세~중3
* 활동 : 7세~고3

#  Bupyeong korea yoon youTh choirS(B.T.S)forever~~ #
################################################################################################",UCweMmLC3YcUYoyNBzZL97HA,윤학원유스콰이어(YYC) 부평,2022-03-08T14:54:45Z,188,3.13,False,184,4,0,https://www.youtube.com/watch?v=57Lnsmrz9Jk,959,943,PF280788,부천시립합창단 어린이 음악회: 우리가 노래하는 이유,서양음악(클래식),부천아트센터 콘서트홀,2026-02-12,2026-02-12,,,,,,youtube_collect_targeted + signal_scorer: 신규 delete 후보,
UJ6XrXpzvK0,"[모두예술극장] ✨보는 대사, 듣는 장면✨ 연극 '깍두기' 지민(배우 김선경) #모두예술극장 #깍두기#장애예술","모두예술극장 배리어프리 공연개발 
‘깍두기’

✨보는 대사, 듣는 장면✨ 
다르다고 모자란 것이 아닌 마음이 닿는 이야기를 전하는
‘깍두기’의 지민을 만나보세요.

2025.2.7.(금) ~ 2025.2.8.(토)
평일 19:30 토요일 15:00
모두예술극장

'깍두기'는 CODA(Children of Deaf Adult, 청각장애인의 자녀)를 소재로 한 공연으로, 농인과 그 가족이 겪은 상처와 회복을 이야기하는 작품이다. 수어를 전체 대사에 적용시켜 청각장애인과 같이 관람할 수 있도록 한다.

■공연일시 : 2025.2.7.(금)~2.8.(토) 평일 19:30 | 토 15:00
■관람연령 : 14세 이상 (2011년 12월 31일 출생자까지)
■관람료 : 전석 2만원
■러닝타임 : 90분
■장르 : 연극
■접근성 : 음성해설/ 자막해설/ 수어통역
■예매 : 모두예술극장 홈페이지
■문의
예매 : 02-760-9771
공연 : 02-760-9761
접근성 : 010-9800-9762
※ 2.7.(금) 19:30 공연 진행 시 사진 및 영상 촬영이 진행됩니다.

#모두예술극장 #연극깍두기 #한국장애인문화예술원 #장애예술 #배리어프리공연 #접근성 #수어통역",UCS59oUyRtzGoD2nBY0je1jA,모두예술극장,2025-02-05T02:57:56Z,51,0.85,True,2219,5,0,https://www.youtube.com/watch?v=UJ6XrXpzvK0,258,124,PF270620,로제타 [부산],연극,(재) 영화의전당 하늘연극장,2025-09-05,2025-09-06,,,,,,youtube_collect_targeted + signal_scorer: 신규 delete 후보,
lNHDOt1flL8,"[20분 요약] 100년 전 우리나라의 모습을 담은 영상 발굴! ""김씨네 이야기"" | 현대사 아카이브 발굴 프로젝트 (KBS 200904 방송)","KBS 시청자 주간 특집
현대사 아카이브 발굴 프로젝트
""김씨네 이야기"" (2020.9.4 방송)

KBS 다큐멘터리 제작진이 대한제국 시절이었던 1901년부터 광복 후 정부 수립에 이르기까지 우리나라 근현대의 모습을 담은 진귀한 기록 영상들을 발굴해 공개한 ""현대사 아카이브 발굴 프로젝트 - 김씨네 이야기""
방송 최초로 공개되는 버튼 홈즈(미국), 콜린 로스(독일) 등 외국인이 기록한 한국-한국인의 모습과 기타 세계 각국에 흩어져있는 자료들을 모아 그 시절 우리 모두의 이야기를 그린다!


#아카이브 #경성 #대한제국 #버튼홈즈 #콜린로스 #즐거운내살림 #선술집풍경 #만삭의위안부 #손기정 #여운형 #하지 #고려인",UC4LW3sOslC14Vn5bcoNUBkg,KBS 다큐,2020-09-07T09:50:15Z,1424,23.73,False,1319725,12755,891,https://www.youtube.com/watch?v=lNHDOt1flL8,2770000,47677,PF270620,로제타 [부산],연극,(재) 영화의전당 하늘연극장,2025-09-05,2025-09-06,,,,,,youtube_collect_targeted + signal_scorer: 신규 delete 후보,
0cs69BLSs_U,🥇과천스타 SEASON 10 대상🥇,"2019.10.26
과천스타 시즌 10
🥇종합 1위 대상🥇

1.C.O.A 창작
2.도원경 remix-VIXX
3.인연 remix-엔 VIXX

안녕하세요. 과천 문원중학교 대표 댄스 동아리 C.O.A입니다.
이번에 저희가 임시 정부 수립, 독립 100주년을 맞이하여 
독립운동가라는 주제로 과천 스타에 나가 종합 1위 대상을 수상 받았습니다.
이번 무대를 준비하면서 독립운동가분들, 또 일제강점기 시절의 심정을 어떻게 풀어야 할지 많이 생각해보았습니다. 그리고 그 시절을 다시 한번 생각해 보게 되는 계기가 됐습니다. 1919년 3월 1일, 우리 선조들은 일제의 폭압적 통치에 저항해 거리로 나와 태극기를 흔들며 만세운동을 전개했습니다. 많은 분들이 대한민국의 독립을 위해 힘썼고 아파했습니다.
이번 연도가 3.1운동의 100주년인 만큼 
여러분도 저희 무대를 보고 다시 한번 독립 100주년을 생각해보는 기회가 되었으면 좋겠습니다.
대한독립만세!🇰🇷",UCAVqZYphxYpfxIj0MFTabow,과천문원중학교 COA,2019-10-31T12:47:31Z,361,6.02,False,1336,28,0,https://www.youtube.com/watch?v=0cs69BLSs_U,83,10,PF275167,제31회 전국시립소년소녀합창제,서양음악(클래식),인천문화예술회관 대공연장,2025-10-24,2025-10-25,,,,,,youtube_collect_targeted + signal_scorer: 신규 delete 후보,
lJ-X4VlF-is,"내 마음 편하다 | 3부예배 특송 | 원학연집사, 윤민숙권사 | 2020.09.13","2020.09.13 3부예배 특송
'내 마음 편하다'
원학연 집사, 윤민숙 권사",UCUelWlMoTG9gH2J7DP_VYLg,대광교회,2020-09-13T07:01:29Z,252,4.2,False,91,1,0,https://www.youtube.com/watch?v=lJ-X4VlF-is,815,2776,PF275167,제31회 전국시립소년소녀합창제,서양음악(클래식),인천문화예술회관 대공연장,2025-10-24,2025-10-25,,,,,,youtube_collect_targeted + signal_scorer: 신규 delete 후보,
gaA78qflqCU,제31회 도민합창 경연대회  2023.5.4(금),제31회 도민합창 경연대회  2023.5.4(금),UCqksaMirVaAeqJcpimSGzrw,서감독TV,2023-05-04T17:56:49Z,13110,218.5,False,1679,15,0,https://www.youtube.com/watch?v=gaA78qflqCU,2750,431,PF275167,제31회 전국시립소년소녀합창제,서양음악(클래식),인천문화예술회관 대공연장,2025-10-24,2025-10-25,,,,,,youtube_collect_targeted + signal_scorer: 신규 delete 후보,
Im_IZXjGDGI,Nyon Nyon - BUSAN Metopolitan Chorus,"2019.10.23 
부산문화회관 대극장 
지휘 전진
반주자 이승윤
부산시립합창단",UCyyY7lkNRkErk-7gJB3kRcg,TaeWoo Kim,2019-11-04T08:11:26Z,200,3.33,False,251,6,0,https://www.youtube.com/watch?v=Im_IZXjGDGI,498,81,PF275167,제31회 전국시립소년소녀합창제,서양음악(클래식),인천문화예술회관 대공연장,2025-10-24,2025-10-25,,,,,,youtube_collect_targeted + signal_scorer: 신규 delete 후보,
FjzEOIP2y0s,뮤지컬 들풀2 막공 커튼콜 14.06.15,"공연기간 : 2014. 06.05(목) ~ 2014.06.15(일) 10회 
공연장소 : 과천시민회관 대극장
공연시간 : 평일 오후 8시 / 주말 오후 3시 (월요일 쉼) 
티켓가격 : 전석 3만원 
제작 : 극단 모시는 사람들
STAFF : 작 김정숙 | 연출 권호성 | 편곡 양승환 | 안무 이지은 | 음악감독 이경화
  연기감독 진남수 | 무대감독 박현 | 조연출 양정아
CAST  : 안덕용, 박영수, 문혜원, 신현중, 고석진, 이재훤, 정래석, 정종훈, 문상희, 박지아, 박옥출, 임정은, 송효주, 허정진, 
  조은희, 조민희, 김준겸, 김성현, 김대곤, 이성환, 서노, 정욱진, 김광만, 권은지, 강지혜, 최상민, 박현호, 박재홍, 안소정
문의 : 쇼앤라이프 02- 743-6487
극단모들 공식트위터 : http://twitter.com/modltheatre",UCJvKOK8GJIDQFDnkSOez5dg,홍림晎林,2014-06-16T04:12:12Z,273,4.55,False,204,5,0,https://www.youtube.com/watch?v=FjzEOIP2y0s,118,184,PF275167,제31회 전국시립소년소녀합창제,서양음악(클래식),인천문화예술회관 대공연장,2025-10-24,2025-10-25,,,,,,youtube_collect_targeted + signal_scorer: 신규 delete 후보,
XJCgt5_AMg0,대구시립소년소녀합창단 제 127회 정기연주회 'We are Growing'  중 'Kazabue' (작곡 Michiru Oshima Arr. by 백종현),"2023.05.13 대구시립소년소녀합창단 제 127회 정기연주회 
'We are Growing'

4번째 스테이지 2번째 곡
작곡 Michiru Oshima Arr. by 백종현 의 'Kazabue ' 공연영상 입니다.",UC7EcNhRVm-YeAlXITCurs1g,대구문화예술회관,2023-05-23T00:46:04Z,247,4.12,False,688,14,1,https://www.youtube.com/watch?v=XJCgt5_AMg0,1600,228,PF275167,제31회 전국시립소년소녀합창제,서양음악(클래식),인천문화예술회관 대공연장,2025-10-24,2025-10-25,,,,,,youtube_collect_targeted + signal_scorer: 신규 delete 후보,
BpHaANDRDQs,과천시립소년소녀합창단-아사삭백설공주(내가세상에서제일강해),2015.11.14과천시립소년소녀합창단-제36회정기연주회,UC3ePMdlCLJdTVONUifBjqlQ,ballerina _h7,2015-12-16T15:42:49Z,179,2.98,False,445,3,0,https://www.youtube.com/watch?v=BpHaANDRDQs,3,4,PF275167,제31회 전국시립소년소녀합창제,서양음악(클래식),인천문화예술회관 대공연장,2025-10-24,2025-10-25,,,,,,youtube_collect_targeted + signal_scorer: 신규 delete 후보,
pXJObZnfK40,유니버설발레단 춘향 커튼콜,"2019-10-05 (토) 15:00
예술의 전당 오페라극장",UC2cmA3A_IEZxS8SZkh4k2Ww,히히,2019-10-06T13:25:52Z,220,3.67,False,123,2,0,https://www.youtube.com/watch?v=pXJObZnfK40,0,1,PF268053,지젤 [순천],무용(서양/한국무용),순천문화예술회관 대극장,2025-07-13,2025-07-13,,,,,,youtube_collect_targeted + signal_scorer: 신규 delete 후보,
rqdd1d1WhhU,2013 앵콜 그와 그녀의 목요일 스팟 영상 공개!,"2013 앵콜 그와 그녀의 목요일! 2013.11.29~2014.1.19, 대학로 문화공간 필링 1관, 조재현, 박철민, 정은표, 정재은, 유정아 출연!",UCEMukhbg2QRuMsX8hdhQruA,연극열전,2013-11-25T05:37:45Z,26,0.43,True,1005,2,0,https://www.youtube.com/watch?v=rqdd1d1WhhU,166,11,PF268053,지젤 [순천],무용(서양/한국무용),순천문화예술회관 대극장,2025-07-13,2025-07-13,,,,,,youtube_collect_targeted + signal_scorer: 신규 delete 후보,
23nwybteAWk,유니버설발레단 디스이즈모던 This is modern 스팟,"유니버설발레단 디스이즈모던 This is modern
2017.6.8(목) ~ 6.10(토)
예술의전당 CJ토월극장

https://goo.gl/WhTGYh",UCk1RygHm67qOfwgxaNmRI2w,Universal Ballet,2017-10-13T01:48:42Z,45,0.75,True,1125,2,0,https://www.youtube.com/watch?v=23nwybteAWk,7650,565,PF268053,지젤 [순천],무용(서양/한국무용),순천문화예술회관 대극장,2025-07-13,2025-07-13,,,,,,youtube_collect_targeted + signal_scorer: 신규 delete 후보,
OZMYaJ_a3FU,돈키호테 하이라이트1 - 엔딩,"광주시립무용단 제112회 정기공연 [돈키호테]
2014.11.06-07 광주문화예술회관 대극장",UC6_r5YPqcBjTU8jxQTEvAzA,Gwangju City Ballet,2014-11-12T08:01:06Z,85,1.42,False,721,1,0,https://www.youtube.com/watch?v=OZMYaJ_a3FU,233,34,PF268053,지젤 [순천],무용(서양/한국무용),순천문화예술회관 대극장,2025-07-13,2025-07-13,,,,,,youtube_collect_targeted + signal_scorer: 신규 delete 후보,
edt-Zcuz09Y,박서진*축제의신*흥의신*안동에흥뿌리고왔어요*강원도아리랑*꽃이핍니다*안동위드축제,"#박서진#축제의신*흥의신*꽃이핍니다*강원도아리랑
#안동위드축제#안동mbc공개방송  -2021.11.6-

👉장구의신박서진유튜브 아버지의바다(삼천포아리랑)
https://youtu.be/OLsS7qHiCZw

■장구의신박서진_공식유튜브
https://youtube.com/channel/UCInYIznyqojL4rJc83pSJQA

💢흥해라 박서진,윤형빈 쇼츠
https://youtube.com/shorts/krXtu0faboc?feature=share

공식유튜브인 원더케이와 흥국화재 유튜브 영상에서만 시청해 주시기 바랍니다
●""흥해라"" 멜론 공식유튜브 영상
https://youtu.be/wBo

※흥해라 흥국화재 뮤직비디오 링크입니다
뮤직비디오 : https://youtu.be/X06k4-gvKTIQ

💥장구의신 가수박서진 공식팬카페 
http://m.cafe.daum.net/school1951
■음반,굿즈 판매처:장구의신컴퍼니
●● 전화주문은 불가하니 반드시
사이트에서 신청해주세요.
https://m.jggod.com/",UCpZwF1bHRh_620q_Yhgj0jw,*깜시,2021-11-12T04:01:18Z,758,12.63,False,3187,463,21,https://www.youtube.com/watch?v=edt-Zcuz09Y,73900,1719,PF245104,신명의 꽃 [충북],한국음악(국악),증평문화회관 대강당,2024-08-09,2024-08-10,,,,,,youtube_collect_targeted + signal_scorer: 신규 delete 후보,
KKLR-aR1DRw,[KBS무대] 출장가요 _괴산 몽도래 _만남,[KBS무대] 출장가요 _괴산 몽도래 _만남 _KBS 2022.04.08.방송,UC4caOcsOMKT5wPdG8oZd1-w,KBS무대를빌려드립니다,2022-04-17T22:00:10Z,313,5.22,False,195,7,0,https://www.youtube.com/watch?v=KKLR-aR1DRw,193000,2159,PF245104,신명의 꽃 [충북],한국음악(국악),증평문화회관 대강당,2024-08-09,2024-08-10,,,,,,youtube_collect_targeted + signal_scorer: 신규 delete 후보,
ndA--DHYKTE,예음클래식 대한민국 신인음악제 최우수 신인아티스트상 수상 진다연 (2021 영산아트홀),"Pianist 진다연

- 예음클래식 대한민국 신인음악제 최우수 신인아티스트상 수상 진다연
- G. Fauré   Impromptu No.2 in f minor, Op.31
- F. Chopin   Bolero in a minor, Op.19
- 예음클래식 선정 라이징 슈퍼스타 Top 5
- 2021.8.20 FRI 7:30PM  영산아트홀",UCFWD5_Fb8ARaNYQY1DFkD0A,예음클래식,2022-12-05T17:07:25Z,782,13.03,False,320,6,0,https://www.youtube.com/watch?v=ndA--DHYKTE,46,12,PF274198,제24회 대구시립교향악단 대학생 협주곡의 밤,서양음악(클래식),대구콘서트하우스 그랜드홀 (대공연장) ,2025-10-24,2025-10-24,,,,,,youtube_collect_targeted + signal_scorer: 신규 delete 후보,
5GnXWRrvsNo,환상적 Fantastic,"Provided to YouTube by DFSB Kollective

환상적 Fantastic · 음악공무원 Gugak Official

환상적 Fantastic

℗ 2019 Gugak Official / CCMHUB

Released on: 2019-09-10

Main  Artist: 음악공무원 Gugak Official
Composer: 이정호 Lee Jeong Ho

Auto-generated by YouTube.",UCYO5Ul9JIBWrRHwv9qZzQlg,음악공무원 Gugak Official - Topic,2021-08-04T19:55:16Z,706,11.77,False,2083,17,0,https://www.youtube.com/watch?v=5GnXWRrvsNo,39,16,PF274198,제24회 대구시립교향악단 대학생 협주곡의 밤,서양음악(클래식),대구콘서트하우스 그랜드홀 (대공연장) ,2025-10-24,2025-10-24,,,,,,youtube_collect_targeted + signal_scorer: 신규 delete 후보,
dGv9Q4cX5cA,[메이킹필름] DR’s Pick II ‘수수께끼’ x 라파엘세베르,"프랑스를 대표하는🇫🇷
젊은 클라리네티스트이자
2015년 디아파종 황금상을 수상한🏆️
#라파엘세베르

그에게 있어 모차르트 클라리넷 협주곡은❤️
클라리넷계의 ‘수학의 정석’ 같은 것이 아닐까요?

라파엘세베르와 국립심포니의 
'열연🔥' 모습이 담긴 메이킹필름🎞
지금이라면 살짝 엿보셔도 괜찮아요

DR’s Pick II ‘수수께끼’
2022.08.09 (화) 19:30
예술의전당 콘서트홀

지휘 l 다비트라일란트
클라리넷 l 라파엘세베르
연주 l 국립심포니오케스트라
촬영 · 편집 l LJK스튜디오

👉 국립심포니오케스트라 바로가기
- 홈페이지 https://bit.ly/3jOih2l
- 페이스북 https://url.kr/4omrk1
- 인스타그램 https://url.kr/c5xtdn
- 카카오톡 친구 https://url.kr/n1wytg",UCoMo9mcWR5f_pPjdbacLaIw,국립심포니오케스트라,2022-08-14T10:26:20Z,64,1.07,False,534,19,0,https://www.youtube.com/watch?v=dGv9Q4cX5cA,49800,833,PF282047,"국립심포니콘서트오케스트라, 브람스, 교향곡 2번 [세종]",서양음악(클래식),세종예술의전당 대공연장,2026-01-27,2026-01-27,,,,,,youtube_collect_targeted + signal_scorer: 신규 delete 후보,
-Dftddlk3vM,2013 잘츠부르크 페스티벌 - 사이먼 래틀 & 베네수엘라 국립 어린이 오케스트라 │ 오르페오 TV,"유튜브 / 네이버TV


2013 잘츠부르크 페스티벌 - 사이먼 래틀 & 베네수엘라 국립 어린이 오케스트라

방송일시 ㅣ 2021.05.13 목요일 오후 10시 20분
지휘 ㅣ 사이먼 래틀, 헤수스 파라
연주 ㅣ 베네수엘라 국립 어린이 오케스트라


- 주요 연주곡
거쉰 : 쿠바 서곡
알베르토 히나스테라 : 에스탄시아 춤곡 Op.8a
말러 : 교향곡 1번 D장 ‘거인’
요한 슈트라우스 1세 : 라데츠키 행진곡 Op.228



베네수엘라 음악계가 만들어낸
또 다른 놀라운 기적들 !

 베네수엘라의 차세대 음악교육 프로젝트인 “엘 시스테마”는 구스타보 두다멜이나 에딕슨 루이스와 같은 클래식 음악계의 걸출한 아이돌들을 배출하면서 전 세계에 큰 충격과 감동을 안겨주었다. 지난 2013년 잘츠부르크 페스티벌에서 큰 반향을 일으켰던 “엘 시스테마”의 아이들이 페스티벌에서 공연을 펼쳤다.

 먼저 베네수엘라를 대표하는 청소년 오케스트라인 시몬 볼리바르 교향악단의 단원들보다 더 어린 나이의 아동들로 구성된 베네수엘라 국립 어린이 교향악단이 거장 사이먼 래틀의 지휘봉 아래서 연주했던 말러 교향곡 1번. 전문 오케스트라들의 연주들과 같은 수준에서 평가하기는 어렵지만, 초등학생 정도의 어린이들이 이 대작을 통해 표출해내는 음악적인 열정은 너무나도 뜨겁고 진지하다.
⠀
⠀
#ORFEO #잘츠부르크 #사이먼래틀


- ORFEO 채널안내 -

스카이라이프 144번
올레 KT 139번
LG유플러스 160번
SK브로드밴드 235번
딜라이브 232번
LG헬로비전 272번
HCN 228번



Offical Homepage : http://www.orfeo-tv.com
Twitter : https://twitter.com/ORFEO_TV
Instargram : https://instargram.com/orfeo_tv
Facebook : https://www.facebook.com/ORFEO-TV-621230285190748
Youtube : https://www.youtube.com/c/ORFEOTV
NaverTV : https://tv.naver.com/ORFEO_TV",UC9SUM7KuhhhRpwGdO11Wb_A,ORFEO TV,2021-05-12T02:00:01Z,149,2.48,False,803,9,0,https://www.youtube.com/watch?v=-Dftddlk3vM,25500,1142,PF282047,"국립심포니콘서트오케스트라, 브람스, 교향곡 2번 [세종]",서양음악(클래식),세종예술의전당 대공연장,2026-01-27,2026-01-27,,,,,,youtube_collect_targeted + signal_scorer: 신규 delete 후보,
trKwlEOh7F0,루체심포니오케스트라 & 스페셜 토크콘서트(지휘 이동신)  J. Strauss II   -     Unter Donner Und Blitz,"2021.11.27.토 19:00 안동문화예술의전당 웅부홀
J. Strauss II                     -             Unter Donner Und Blitz 
요한 스트라우스 2세                     천둥과 번개 폴카",UC2BpFtWUmG_A_8ECSK_wsww,루체심포니오케스트라 / 노부스심포니오케스트라,2022-02-07T03:16:48Z,211,3.52,False,170,3,1,https://www.youtube.com/watch?v=trKwlEOh7F0,25,19,PF282047,"국립심포니콘서트오케스트라, 브람스, 교향곡 2번 [세종]",서양음악(클래식),세종예술의전당 대공연장,2026-01-27,2026-01-27,,,,,,youtube_collect_targeted + signal_scorer: 신규 delete 후보,
XMzhP8W-nP0,[부산시립무용단] 바다 곁에 오래였으나 바다를 제대로 본적이 없다 (Teaser2),"부산시립무용단 제85회 정기공연 〈부산, 40계단〉
'바다 곁에 오래였으나 바다를 제대로 본적이 없다'

일시 : 2022.05.20(금) 오후 8시 / 05.21(토) 오후 4시, 8시
장소 : 부산문화회관 대극장
대상 : 초등학생 이상 관람
티켓 : R석 3만원, S석 2만원
예매 : www.bscc.or.kr 또는 051-607-6000

#부산시립예술단 #부산시립무용단 #부산문화회관",UCeySqDu5BowY_RD5sVYIYug,부산시립예술단TV,2022-05-09T02:14:48Z,186,3.1,False,543,11,0,https://www.youtube.com/watch?v=XMzhP8W-nP0,2640,553,PF254978,"국립합창단, 카르미나 부라나 [의정부]",서양음악(클래식),의정부예술의전당 대극장,2024-12-24,2024-12-24,,,,,,youtube_collect_targeted + signal_scorer: 신규 delete 후보,
-IWJu_7urnU,PLAY 연극 굴레방다리의 소극 커튼콜 - 이상일/성원/이중현/윤세인,"2019/6/15
PLAY 연극 굴레방다리의 소극 커튼콜
이상일/성원/이중현/윤세인
대학로 예그린씨어터",UC6_8FcuWvXfxpH0Y9mLbQLQ,j,2019-06-19T14:45:24Z,64,1.07,False,134,0,,https://www.youtube.com/watch?v=-IWJu_7urnU,1400,2367,PF232584,"서울시극단, 제15기 시민연극교실",연극,세종문화회관 세종S씨어터,2024-01-06,2024-01-07,,,,,,youtube_collect_targeted + signal_scorer: 신규 delete 후보,
F2MmXJh2FsQ,2014 9 19 POE 연극,2014.9.19 POE 연극,UCQzegdnl9RTg40oeXiEEqmw,정현철,2014-09-23T16:30:54Z,2681,44.68,False,680,1,0,https://www.youtube.com/watch?v=F2MmXJh2FsQ,3,3,PF232584,"서울시극단, 제15기 시민연극교실",연극,세종문화회관 세종S씨어터,2024-01-06,2024-01-07,,,,,,youtube_collect_targeted + signal_scorer: 신규 delete 후보,
6iHFKuQ0304,극단 꼭두광대 _왼손이,"극단 꼭두광대_왼손이_풀 동영상

극단 꼭두광대 : 아이들과 함께 보고 즐기는 창작판타지탈놀이극을 만드는 한국 유일의 탈 연희 전문극단

왼손이(Lefty)
-  지네사또에게 잡힌 쌈지할머니를 구하기 위해 
 집채만한 호랭이를 찾아가는 외톨이 왼손이의 모험 이야기 
- There were the old lady called Ssam Ji and the left-hander who fix all things in the world. One day, when curing Sabangsin(blue dragon, black tortoise, red phoenix and white tiger) Horyaeng-i took a Ssamji's needle and ran away so Ssamji's power got weak. Jinaesaddo accused Ssamji of a crime for stealing rice and said 'Ssamji will be dead unless she bring rice back in three days' so the left-hander goes for looking after Horayeng-i who took Ssamji's needle.

■공연소요시간 : 55분
■초연년도 : 2013
■장르 :  연 극,  뮤지컬,  전통예술

■ 기획의도
 지나친 교육열에 찌들어 있는 아이들의 꿈과 이상에 대한 복원 
 전통연희의 현대적 계승과 발전
 설화이야기의 판타지적 무대 표현

∎컨셉 - 창작국악탈놀이극,  
        공연 내내 탈을 쓰고 하는 탈놀이극, 
        관객참여형 공연,   
        5m나 되는 집채만한 호랭이

∎연출의도 
 천천히 말하는 아이, 느릿느릿 천천히 걷는 아이, 파란 아이, 빨간 아이, 노란 아이, 오른손 잘 사용하는 아이, 왼손이 편한 아이...... 세상의 모든 아이들은 저마다 생김새가 다르고 성격도 다르고 행동하는 모습도 다 다르다. 
‘다름과 차이’를 쉽게 이해하고 서로 받아들일 수 있도록 하기 위해 아이들의 눈높이에 맞춘 재미나고 
신명난 창작’탈놀이극‘으로 구성

∎주제 : ‘다름과 차이’를 이해하고 서로 받아들 일수 있게 한다

∎구성
 앞풀이 -  추임새 익히기
  1막 세상만물을 치료해주는 쌈지할머니
  2막 아이들의 놀이와 지네사또
  3막 집재만한 호랭이를 찾아서
  4막 마을의 평화
 뒷풀이 - 배우들과 사진촬영

∎관극평
동심을 잃은 지 오래 같은데 극단 꼭두광대의 왼손이를 보고 동심으로 돌아간 기분이었다. 그리고 시작하기 전에 연극을 하다가 넘어지는 장면에서 괜찮아 울지 마 넌 할 수 있어 하고 말하라고 히-하는 부분에서 나도 왠지 모르게 울컥했다 ㅠ 그 말을 기억하고 나도 슬픈 일이 있을 때 괜찮아 울지 마 넌 할 수 있어 라고 해야겠다.
http://cafe.daum.net/toptheater/EbR1/10

공연이 시작되고 배우 분들의 열정적인 연기와 탈 분장, 그리고 준비된 소품들, 대형 호랑이탈 등장에 450명 전교생이 쏙~~빠져 왼손이를 응원하기 시작했습니다. “괜찮아, 괜찮아..”를 외치는 우리 학생들을 보면서 왠지 울컥해지는 건 예술의 힘이겠지요.
관람 후 각 교실에서 진짜 감동적이었다. 재미있었다. 라는 의견이 쏟아졌다는 후문입니다.
http://www.artstour.or.kr/Home/Community/PerfComment.aspx?Mode=r&IdReplyBoard=2906&PageSize=10&IdGroup=0&SrchType=1&SrchTxt=왼손이&BeUse=1&SrtCol=0&SrtFlg=DESC&CurPage=1

극의 구성과 내용도 좋았고, 아이들에게 무한한 상상력을 펼칠 수 있게 해주는 탈놀이극 ‘왼손이’ 정말 강추입니다.
http://www.artstour.or.kr/Home/Community/PerfComment.aspx?Mode=r&IdReplyBoard=3004&PageSize=10&IdGroup=0&SrchType=1&SrchTxt=왼손이&BeUse=1&SrtCol=0&SrtFlg=DESC&CurPage=1

∎주요 제작진 소개
- 제작 : 장철기
극단 꼭두광대 대표, [눈자라기], [우주이야기], [꽃을 사랑한 호랭이] 등 연출, [왼손이] 제작
창작연희 작품 우수상, 김천국제가족극축제 특별상
-연출 : 서상규
서원대 공연영상학과 교수, [달라이야기], [야단법석], [심심풀이], [사랑이], [떡보와 12고개 호랭이], [상상병환자] 연출
-안무 : 박미서
극단 꼭두광대 상임안무, [눈자라기], [사랑이], [로미오&줄리엣]
창작연희작품 우수상
-작곡 : 신동일
오늘의 젊은 예술가상(문화관광부 장관상) 음악부문 수상(2003)
KBS 국악대상 작곡 및 지휘 부문 수상(2004)
예그린뮤지컬어워드아동청소년 부문 음악상수상(2012)
-탈제작 : 이홍원
화백, 마동창작마을 대표 /개인전21회,
[꽃을 사랑한 호랭이], [우주이야기], [눈자라기], [날아라 장수매]
 탈, 대형 인형제작
-탈제작 : 이석금
중요무형문화재 제8회 동래야류 탈제작자
[칼노래칼춤], [천지탈굿] , [왼손이]
-탈제작 : 황병권
진주오광대 탈제작자 
[눈자라기], [지네전], [백정], [까마귀] 탈제작
-의상 : 정혜영(수공연미술 대표)
[꽃을 사랑한 호랭이] ,[눈자라기], [우주이야기], [왼손이], [집], [강] 
-인형제작 : 민병동
무미아트 대표, [왼손이], [눈자라기] 인형제작
무심천예술프로젝트
-무대미술 : 이희영
무대미술가, 서예가, 
[꽃을 사랑한 호랭이], [우주이야기], [눈자라기], [왼손이] 무대

∎동 작품의 주요 이력
2017.09.20.~21 전주세계소리축제 초청공연
2017.09.14 신나는 예술여행(영천시민회관)
2017.08.20 구미전국마당극축제
2017. 4.7~8.11 충북도지정 예술단 순회공연
2016.10.14~15 아트드림 지역아동극축제
2016.9.22~24 문예회관과 함께하는 방방곡곡 문화공감
                (부산광역시학생예술문화회관, 음성문화예술회관)
2016.8.23 제10회 구미 전국 마당극 축제 초청공연
2016.8.20 국립국악원 별별연희 초청공연
2016.8.13 에든버러 페스티벌 프린지(영국, 세계 최대 공연축제)
2016.7.24 제14회 김천국제가족연극제 특별상 수상
2016.7.23 충북 우리가락 우리마당
2016.6.11 춘천국제연극제
2016.6.6 제1회 대한민국연극제 축하공연
2016.6.2 강원 우리가락 우리마당
2016.5.5 충주시 어린이날 큰잔치
2015.10.15 ~12.23 추경 신나는 예술여행(학교순회 11곳)
2015.09.26.~28 국립대구박물관 한가위 초청공연
2015.09.19 우리가락 우리마당
2015.09.17 제8회 제주해비치아트페스티벌 쇼케이스
2015.09.08  2015 충북공연장상주단체 페스티벌 개막작
2015.7.7.~8.9 기획공연 청주 메가폴리스아트홀
2015.05.02 2015 수원연극축제 국내 공식참가작
2015.4.28.~29 공연장 상주단체 공연
2015.01.10  KBS 국악한마당(1.31 방영)
                     극단 꼭두광대의 국악놀이터 ‘왼손이’
2014.10.30  2013 공연예술창작기금
2014.08.24  2014 충북공연장상주단체 페스티벌
2013.12.02  2013 창작연희 페스티벌
                      창작연희 작품공모 당선작",UCuWxBKvDNp8_pdGxZ10ZeNA,장철기,2017-09-14T10:19:59Z,3538,58.97,False,1455,15,0,https://www.youtube.com/watch?v=6iHFKuQ0304,13,5,PF232584,"서울시극단, 제15기 시민연극교실",연극,세종문화회관 세종S씨어터,2024-01-06,2024-01-07,,,,,,youtube_collect_targeted + signal_scorer: 신규 delete 후보,
_pyslWijd50,"[SFAC 연극] 10분희곡 #초, 분, 시","10분희곡 #초, 분, 시

연출 성지수
작가 임범규
출연 고영훈 김정은 부진서 오현지 최희범

2018.10.21 
서울연극센터",UCeQKlCS0hnyWdlbiMq_fjiQ,서울문화재단,2018-11-11T08:00:03Z,471,7.85,False,640,3,0,https://www.youtube.com/watch?v=_pyslWijd50,11300,3378,PF232584,"서울시극단, 제15기 시민연극교실",연극,세종문화회관 세종S씨어터,2024-01-06,2024-01-07,,,,,,youtube_collect_targeted + signal_scorer: 신규 delete 후보,
TxKuGfvqt0o,가곡 '별' (대금 임성국),군자마을 고택음악회(2023.10.28),UCJ3gvdZe-_PJniPMW0W0uxg,다정한국악,2023-10-28T23:28:51Z,91,1.52,False,93,7,0,https://www.youtube.com/watch?v=TxKuGfvqt0o,916,212,PF259527,"국립국악원 창작악단 기획공연, 작곡가 시리즈 Ⅳ: 이상규",한국음악(국악),국립국악원 예악당,2025-03-27,2025-03-28,,,,,,youtube_collect_targeted + signal_scorer: 신규 delete 후보,
BZ14RJYZORw,2021년 외서면 주민총회,"2021년 외서면 주민총회


장소_외서면 회의실 
일시_2020.8.31화 오전 10시

외서면주민자치회

#순천 #외서면 #메타세콰이어 #딸기 #감자 #옥수수 #마을 #우물 #당산나무",UCb1pitzTpgPJYODBUz7bdag,외서TV,2021-08-31T02:20:21Z,5015,83.58,False,511,13,1,https://www.youtube.com/watch?v=BZ14RJYZORw,42,14,PF265661,제100회 순천시립합창단 정기연주회 [순천],서양음악(클래식),순천문화예술회관 대극장,2025-06-12,2025-06-12,,,,,,youtube_collect_targeted + signal_scorer: 신규 delete 후보,
LbzCqXl_Vhg,뮤지컬 들풀2 커튼콜 14.06.11,"공연기간 : 2014. 06.05(목) ~ 2014.06.15(일) 10회 
공연장소 : 과천시민회관 대극장
공연시간 : 평일 오후 8시 / 주말 오후 3시 (월요일 쉼) 
티켓가격 : 전석 3만원 
제작 : 극단 모시는 사람들
STAFF : 작 김정숙 | 연출 권호성 | 편곡 양승환 | 안무 이지은 | 음악감독 이경화
  연기감독 진남수 | 무대감독 박현 | 조연출 양정아
CAST  : 안덕용, 박영수, 문혜원, 신현중, 고석진, 이재훤, 정래석, 정종훈, 문상희, 박지아, 박옥출, 임정은, 송효주, 허정진, 
  조은희, 조민희, 김준겸, 김성현, 김대곤, 이성환, 서노, 정욱진, 김광만, 권은지, 강지혜, 최상민, 박현호, 박재홍, 안소정
문의 : 쇼앤라이프 02- 743-6487
극단모들 공식트위터 : http://twitter.com/modltheatre",UCJvKOK8GJIDQFDnkSOez5dg,홍림晎林,2014-06-11T17:01:11Z,246,4.1,False,430,1,0,https://www.youtube.com/watch?v=LbzCqXl_Vhg,118,184,PF265661,제100회 순천시립합창단 정기연주회 [순천],서양음악(클래식),순천문화예술회관 대극장,2025-06-12,2025-06-12,,,,,,youtube_collect_targeted + signal_scorer: 신규 delete 후보,
1hHTziAYdFA,연눈 1회,"2018.06.09 직장인 극단 가치 제 3회 정기공연
'연기가 눈에 들어갈 때' 초회 공연",UCNx65Y25Sch4q3UuiPICdQA,문정배,2018-10-19T03:51:44Z,5478,91.3,False,288,1,0,https://www.youtube.com/watch?v=1hHTziAYdFA,9,27,PF265661,제100회 순천시립합창단 정기연주회 [순천],서양음악(클래식),순천문화예술회관 대극장,2025-06-12,2025-06-12,,,,,,youtube_collect_targeted + signal_scorer: 신규 delete 후보,
Thnfx4lFAk0,[Mozart Requiem] Lacrimosa - 광양시립합창단 지휘 노기환,"#VideoArtist_ShaunKim

광양시립합창단 제19회 정기연주회
W.A.MOZART REQUIEM in D minor K.626 모차르트 레퀴엠
광양문화예술회관 대공연장 2021.06.24 저녁 7시30분",UCCZHG8Y2FHgnkUXWEk79CHw,땅우뮤직,2021-08-05T09:23:02Z,177,2.95,False,718,10,0,https://www.youtube.com/watch?v=Thnfx4lFAk0,152,45,PF265661,제100회 순천시립합창단 정기연주회 [순천],서양음악(클래식),순천문화예술회관 대극장,2025-06-12,2025-06-12,,,,,,youtube_collect_targeted + signal_scorer: 신규 delete 후보,
DzzvEcKgVxM,전북브랜드공연 뮤지컬 춘향,"2013.12.20-28
@전북예술회관",UCJvKOK8GJIDQFDnkSOez5dg,홍림晎林,2013-12-22T05:03:27Z,134,2.23,False,651,1,0,https://www.youtube.com/watch?v=DzzvEcKgVxM,118,184,PF265661,제100회 순천시립합창단 정기연주회 [순천],서양음악(클래식),순천문화예술회관 대극장,2025-06-12,2025-06-12,,,,,,youtube_collect_targeted + signal_scorer: 신규 delete 후보,
4r5KQOXFGq8,그레이트 오페라 시리즈 Ⅰ 라보엠 (푸치니 서거100주년 기념),"2023.11.17(금) 오후8시 / 11.18(토) 오후7시 / 11.19(일) 오후5시
예술의전당 오페라극장 


대한민국 오페라의 자존심
솔오페라단이 선보이는 또 하나의 명품 오페라.
국내외 최장상급 성악가들이 펼치는 환상의 무대
단 한순간도 놓칠 수 없는,
시리도록 아름다운 청춘들의 이야기
11월의 크리스마스에 당신을 초대합니다.

출연진
미미: Maria Tomassi, 김은희
로돌포: 박지민, Max Jota
무제타: Giulia Mazzola, 박현정
마르첼로: 우주호, 김동원
콜리네: Dragoljub Bajic, 박의현
쇼나르: 김성결, 정준식
베누아: 박상욱
알친도로: 최윤성, 강태영
팔피뇰: 이승규",UCn9IYB9QfgS2t8vWHIh1zBw,솔오페라단,2023-10-12T02:33:57Z,31,0.52,True,1102,3,0,https://www.youtube.com/watch?v=4r5KQOXFGq8,184,33,PF265661,제100회 순천시립합창단 정기연주회 [순천],서양음악(클래식),순천문화예술회관 대극장,2025-06-12,2025-06-12,,,,,,youtube_collect_targeted + signal_scorer: 신규 delete 후보,
QYi4h3V3Fwk,궁퀴엠,"#궁예 #레퀴엠 #정명훈

누가 지금 공연 중에 기침 소리를 내었어?
마구니가 가득 찼구나...!

기획 편집 : 공연사업팀 서영재

[KBS교향악단X정명훈의 Choral 1]
- KBS교향악단 2024 마스터즈 시리즈
 
▶ 일시 및 장소 
2024.03.07.(Thu) 20:00 롯데콘서트홀
 
▶ 출연
지휘 / 정명훈 
소프라노 / 서선영 
메조소프라노 / 방신제 
테너 / 김우경
베이스 / 심기환
합창단 / 연합합창단 - 고양시립합창단, 안양시립합창단, 하남시립합창단

▶ 프로그램
베르디 | 레퀴엠
G. Verdi l Requiem, Op.48
 
▶ 예매방법
인터파크티켓 / 롯데콘서트홀 인터넷을 통한 온라인 예매 혹은 전화 예매",UCUqNn2bpiOC6JPhMcf6wRYw,KBS교향악단,2024-02-27T08:57:49Z,35,0.58,True,139776,6167,98,https://www.youtube.com/watch?v=QYi4h3V3Fwk,223000,659,PF256786,"제255회 국립심포니오케스트라 정기연주회: 베르디, 레퀴엠",서양음악(클래식),예술의전당 [서울] 콘서트홀,2025-03-09,2025-03-09,,,,,,youtube_collect_targeted + signal_scorer: 신규 delete 후보,
pL6vOfI4XQc,광주시립소년소녀합창단 제139회 정기공연 Voice of Angels 리뷰 [광주예술의전당][시민기자단 1기],"-광주예술의전당 시민기자단 1기 문주헌

#광주예술의전당 #광주시립소년소녀합창단 #정기공연 #리뷰 #권기원 #상임지휘자 #취임연주회 #홍보 #시민기자단


[채널구독]
https://url.kr/v65ht4

[광주예술의전당]
홈페이지 https://gjart.gwangju.go.kr/cmd
블로그 https://blog.naver.com/iluvgac
인스타그램 https://www.instagram.com/i_love_gac
페이스북 https://www.facebook.com/gacenter
카카오톡채널 https://pf.kakao.com/_mxnrxhxl
네이버TV https://tv.naver.com/gactv",UC02x5SS_0-45ZZ13ROGsdtQ,광주예술의전당 Gwangju Arts Center,2023-09-26T06:51:05Z,243,4.05,False,1769,31,10,https://www.youtube.com/watch?v=pL6vOfI4XQc,4420,787,PF235702,제2회 하남시립합창단 기획연주회,서양음악(클래식),하남문화예술회관 검단홀(대극장),2024-03-14,2024-03-14,,,,,,youtube_collect_targeted + signal_scorer: 신규 delete 후보,
h7fRdg5YnvU,전남의대간호대합창반 - 내 안의 그대가 그리운 날 (이현철),"제 61회 의대음악회
지휘 : 박찬호
반주 : 김경재
2019.8.17 5.18 기념문화센터",UCprEAsfgksaLVCn0TsC8RIw,전남의대간호대합창반CUMNchorus,2019-09-14T06:43:42Z,278,4.63,False,1449,10,1,https://www.youtube.com/watch?v=h7fRdg5YnvU,107,47,PF235702,제2회 하남시립합창단 기획연주회,서양음악(클래식),하남문화예술회관 검단홀(대극장),2024-03-14,2024-03-14,,,,,,youtube_collect_targeted + signal_scorer: 신규 delete 후보,
alzCd_Qcrtw,"[서울시합창단] Mailied⎮Mädchenlieder (Op.103, No.1) ⎮R.Schumann⎮Masterpiece Series⎮세종문화회관","[서울시합창단 Seoul Metropolitan Chorus]
제162회 정기연주회 M컬렉션 시리즈 《봄볕 그리운 그곳》

2부
Mädchenlieder (Op.103, No.1). Mailied ⎮R.Schumann

▪️ M Collection Series 《봄볕 그리운 그곳》
▪️ Seoul Metropolitan Chorus
  Artistic Director⎮JW Park 
  Date⎮2022.04.15.(Fri) 
  Venue⎮Sejong M Theater


📢 서울시합창단 소식
블로그 : https://blog.naver.com/civicchoir
페이스북 :  https://www.facebook.com/smchorus
인스타그램 :  https://www.instagram.com/sejongcente...",UC-VVnfNqX0wMSCmJMSNhKMw,서울시합창단 SEOUL METROPOLITAN CHORUS,2022-05-11T02:29:42Z,79,1.32,False,673,21,0,https://www.youtube.com/watch?v=alzCd_Qcrtw,2160,205,PF235702,제2회 하남시립합창단 기획연주회,서양음악(클래식),하남문화예술회관 검단홀(대극장),2024-03-14,2024-03-14,,,,,,youtube_collect_targeted + signal_scorer: 신규 delete 후보,
ElFdYGaIW4Y,바리톤 고성현의 가을밤 #목요일엔CONCERT,"매주 목요일, '진짜 음악'을 만나다!
 
◼ 공연명 : 바리톤 고성현 독창회(2020.10.23)
◼ 프로그램
 - 가을밤(작곡 박태준)
◼ 고성현 페이스북
https://www.facebook.com/profile.php?id=100051651443831

#바리톤고성현 #시간에기대어고성현",UCWWAg-9v9F3yhMjiAlJ_IEg,하남문화재단,2020-11-26T02:00:01Z,247,4.12,False,812,18,1,https://www.youtube.com/watch?v=ElFdYGaIW4Y,6290,974,PF235702,제2회 하남시립합창단 기획연주회,서양음악(클래식),하남문화예술회관 검단홀(대극장),2024-03-14,2024-03-14,,,,,,youtube_collect_targeted + signal_scorer: 신규 delete 후보,
UAKFKSzDaJM,CTS 서울소년소녀합창단 - 푸치니의 오페라 '투란도트' 출연 #3(2013.3.30. 예술의전당 오페라하우스)|,CTS 서울소년소녀합창단 - 푸치니의 오페라 '투란도트' 출연 #3(2013.3.30. 예술의전당 오페라하우스)|,UCsrtcQ8kd0ZRa5wSgQwpORQ,영서니,2013-04-03T02:15:00Z,374,6.23,False,421,4,0,https://www.youtube.com/watch?v=UAKFKSzDaJM,142,55,PF235702,제2회 하남시립합창단 기획연주회,서양음악(클래식),하남문화예술회관 검단홀(대극장),2024-03-14,2024-03-14,,,,,,youtube_collect_targeted + signal_scorer: 신규 delete 후보,
nym10sGKOZw,[피아니스트 조재혁의 해설이 있는 음악회] 온라인 생중계 홍보영상,"''화려하게 투명하고 그의 아이디어에는 꾸밈이 없다. 
유려하고 단호하다""  - 뉴욕 타임스

섬세한 연주와 유쾌한 입담을 자랑하는 피아니스트 조재혁이 '음악의 발견'이라는 주제로 특별한 음악회를 연다. 
바흐, 베토벤, 쇼팽, 리스트에 이르기까지 다양한 스타일의 음악세계를 매혹적인 연주와 명쾌한 해설로 클래식 음악에 대한 이해를 한층 더 높여줄 것이다.

-공연일시 : 2020.7.1(수) 오후 7시 30분
-공연채널 
  ·네이버TV : https://tv.naver.com/hanamartcent/live
  ·VLIVE : https://www.vlive.tv/video/199603
- 공연문의 : 031)790-7979",UCWWAg-9v9F3yhMjiAlJ_IEg,하남문화재단,2020-06-26T09:00:27Z,41,0.68,True,176,5,0,https://www.youtube.com/watch?v=nym10sGKOZw,6290,974,PF235702,제2회 하남시립합창단 기획연주회,서양음악(클래식),하남문화예술회관 검단홀(대극장),2024-03-14,2024-03-14,,,,,,youtube_collect_targeted + signal_scorer: 신규 delete 후보,
9CALyqCvXOE,[프리뷰] 동화오페라 '피노키오의 모험'🤥🚩_어울아트센터,"동화오페라 '피노키오의 모험' 🤥🚩
★티켓오픈 : 11/2(목) 14시★

어린이들의 눈으로 바라본 피노키오의 모험!
공중에서 펼쳐지는 아트서커스의 화려한 무대!

- 일시 : 12/9(토) 11시,14시 / 12/10(일) 14시
- 티켓 : 전석 2만원
- 할인 : 얼리버드 40%할인(11/2~11/17)

- 예매 : https://zrr.kr/gJ9f
- 문의 : 053-320-5120",UCylLNKfFyoDdrGJdmMe0Ymg,행복북구문화재단,2023-11-02T01:40:05Z,175,2.92,False,611,6,0,https://www.youtube.com/watch?v=9CALyqCvXOE,778,435,PF259188,"대전시립무용단, 헨젤과 그레텔",무용(서양/한국무용),대전예술의전당 앙상블홀,2025-04-02,2025-04-05,,,,,,youtube_collect_targeted + signal_scorer: 신규 delete 후보,
xlCVEPHq4sQ,창작극 '정류장' - 서유진 배우 | 공연 홍보 배우인터뷰,"해가 지면 사람들이 모이는 한 정류장
다양한 직업을 가진 이 사람들은 어쩌다 이곳에 모이게 되었을까?
--
극단바오 정류장 특별 앵콜공연  IN 하남
일시 :  2022.06.25, 한홀 소극장
출연 : 이후성 박영운 이선우 서유진 엄다현
-
#서유진 #배우 #인터뷰 #정류장 #극단바오",UCeaT7iNst-39eSmh26_8x-g,극단 바오,2022-07-29T07:50:42Z,77,1.28,False,233,6,0,https://www.youtube.com/watch?v=xlCVEPHq4sQ,48,39,PF259188,"대전시립무용단, 헨젤과 그레텔",무용(서양/한국무용),대전예술의전당 앙상블홀,2025-04-02,2025-04-05,,,,,,youtube_collect_targeted + signal_scorer: 신규 delete 후보,
btZ5khChuiQ,[LG아트센터 CoMPAS17] 아트서커스 '라 베리타',"믿을 수 없을 만큼 아름다운 서커스가 온다

'태양의 서커스', '소치 동계 올림픽' 다니엘 핀지 파스카 연출!
'살바도르 달리'의 그림이 살아서 움직이는 듯한 환상적인 비주얼,
세계 20개국 관객이 열광한 최고의 아트 서커스가 찾아온다!

LG아트센터 2017년 기획공연 
2017.4.28(금)-4.30(일) 금 8pm, 토, 일 3pm

러닝타임. 2시간 (휴식 포함)
티켓. VIP 100,000 / R 80,000 / S 60,000 / A 40,000",UCoKsFmnE1kzHIeZ0527dDFA,LG아트센터 서울,2017-02-08T09:22:01Z,31,0.52,True,3135,3,0,https://www.youtube.com/watch?v=btZ5khChuiQ,21200,456,PF259188,"대전시립무용단, 헨젤과 그레텔",무용(서양/한국무용),대전예술의전당 앙상블홀,2025-04-02,2025-04-05,,,,,,youtube_collect_targeted + signal_scorer: 신규 delete 후보,
2WZqtfpsPD0,청주시립합창단(연합합창)_Let There Be Peace On Earth / Arr. by J. Althouse,"청주시립합창단 제57회 정기연주회
통합청주시 출범5주년 기념 ""Dream & Hope Songs in Cheong ju""
2019.7.4.(목) 19:30 청주아트홀
곡명 : Let There Be Peace On Earth / Arr. by J. Althouse
출연 : 차영회 예술감독 겸 상임지휘자, 청주시립합창단, 충북여성합창단, 청주남성합창단, 충청북도교육청 교육사랑합창단",UCpyaM8woA6_i9OLMFVsO-fw,청주시립예술단,2019-08-22T07:27:16Z,213,3.55,False,382,2,0,https://www.youtube.com/watch?v=2WZqtfpsPD0,3090,649,PF236724,제5회 경산시립교향악단 정기연주회,서양음악(클래식),천마아트센터 그랜드홀,2024-03-14,2024-03-14,,,,,,youtube_collect_targeted + signal_scorer: 신규 delete 후보,
0OocajJx8JE,"[4K] 200818 뮤지컬 ""전설의 리틀 농구단"" 커튼콜 [안지환 배우님 focus] (세로 cam)","2020.08.18 뮤지컬 ""전설의 리틀 농구단"" 커튼콜 [ 안지환 배우님 focus ] ( 세로 cam )

캐스트 : 안지환, 신창주, 김찬, 조현우, 김현진, 유승현",UCuNwP6IV3m5R5jtC10RPDBw,Damda_pic,2020-09-13T00:45:42Z,136,2.27,False,16,1,0,https://www.youtube.com/watch?v=0OocajJx8JE,159,654,PF229738,렛미플라이 [안양],뮤지컬,평촌아트홀,2023-12-23,2023-12-24,,,,,,youtube_collect_targeted + signal_scorer: 신규 delete 후보,
a6nlpQyyg88,K가곡 열풍🇰🇷 세계가 하나로👑 한국가곡을 세계로 ✨Korean Art Song Projectㅣ외국 성악가들이 부르는✨시간에 기대어 - 최진ㅣ한국 가곡을 세계로,"#K가곡가곡 #한국가곡 #한국가곡을세계로.. K가곡 뮤비등 다양한 컨텐츠들이 나오는 가운데 때가 되었지요!! 한국의 가곡을 세계에 알린다! 외국인 성악가들이 부르는 한국 가곡 'K-가곡'을 소개합니다. 

외교부 산하, 국제교류재단 국민 공공외교 최우수상 
소호 오페라의 #한국가곡을세계로 입니다.


 피아노에 임윤찬이 있다면, 
성악에는 한국 가곡을 세계로가 있지용 헤헤
K-POP 의 열기와 함께할 Korean-Art Song! 한국 가곡!

🕰️ 시간에 기대어 풀버젼
한류의 새로운 바람, 한국 가곡의 아름다움을 알리기 위해 세계적인 성악가들이 뭉쳤다!

""한국 가곡을 세계로""는 
외국 성악가들이 한국 가곡을 한국말로 노래한 음악을 통해 문화적 다양성을 포용하고, 문화적 장벽을 허무는 기회를 마련하는 공공외교 프로젝트이다.
""Inclusivity & Unity"" Embracing differences and accepting each other through Cultural Experiences.
ㅡㅡㅡㅡㅡㅡㅡㅡㅡㅡㅡㅡㅡㅡㅡㅡㅡㅡㅡㅡㅡㅡㅡ
🦋 학력 🦋 및 약력 아래로 스크롤

The State University of NJ 대학원 성악 박사(DMA)
New England Conservatory 성악 석사(MM)
이화여자대학교 성악 학사(BM)
Donizetti - 'L’elisir d’amore’오페라 데뷔 (뉴욕)
Harvard Business School (Online)
- Global Business Certificate
- Sustainable Business Certificate


🔴 문화예술 공공외교 🔴 
가장 효과적으로, 빠르게, 그리고 지속가능하게
누군가의 편견을 녹이는 방법은 문화예술이다...🌷
A Korean Soprano introduces how the culture harmonizes people. 

🌷 
문화 예술을 통해 세상을 이어갑니다.


- 2023년 12월 KBS 1 아침마당
우리동네 작은 영웅들 - 한국가곡을 세계로 

 - 2022년 여성가족부초청 연사 (충남 예산군 주최)
글로벌 토론 여성리더 포럼 문화예술 패널  
:세계50여개국 생방송

🇰🇷 공모 🇰🇷
한국국제교류재단(외교부) 공모 
     : 선정된 13개팀 중 최우수상(1위)
한국문화예술위원회(문체부)공모 등..etc
     : 꿈의 여정 나빌레라

- 창작한국가곡 ""후애 - 박대웅""발매 (2024)
- 창작한국가곡 “빛의 아이-최진” 발매 (2022)

- 예술의 전당과 함께하는 마음 클래식 출연 
     :예술의 전당 콘서트홀, 2022년 1월

- 청주시립교향악단 제 80회 기획연주 출연 
     :청주 예술의 전당, 대공연장, 2022년 2월

- KBS 1라디오, KTV 뉴스등
    : 월간리뷰 커버 및 커버스토리, 2021년 10월

🌷수상 🌷
Metropolitan International Vocal Competition Outstanding Performance Award, Barry Alexander International Vocal Competition, 경성대학교 성악 콩쿠르 (대상) 등 유수의 국제 콩쿠르 입상
.
🔴 문화예술 공공외교 🔴 

소프라노 김홍경은 2012년 뉴욕에서 오페라 ""사랑의 묘약(도니제티)"" 아디나 역으로 데뷔한 후, 예술의 전당, 뉴욕 타임스퀘어 및 카네기 바일 홀 2회 연주를 비롯하여 Beloved Prey (켄트 이와사키) 세계 초연, Le Pescatrici (하이든) 미국 초연 (미국 클래식 라디오 방송), 포르투갈 칸토 페스트 등에 초청 출연하며 국내외에서 활약중이다.


 ""Highlights included.. Silvery Soprano"" - Starledger NewsPaper, NJ (2009.11.2)
 ""Hong Kyung Kim was the expressive soprano..."" New York Concert Review (2010. 6.14) 

뛰어난 가사 전달력과 따뜻하고 섬세한 감정 표현을 통해 많은 사랑을 받고 있는 소프라노 김홍경은 아티스트로의 활동뿐만아니라, 컨텐츠 크리에이터 (유투브 누적 조회수 777만회), 문화예술 기획자등 다양한 활동을 통해 관객들을 만나고 있다.

.
🔴 공공외교 및 문화 예술 기획자 김홍경 (기획자 Organizer)🔴 

- 현, 소호 오페라 코리아 대표 김홍경 소호 오페라 코리아 대표는 “미국에서 석사, 박사를 학위를 취득하고 일을 하는 동안 이방인으로서, 서양 문화를 전공하는 한국인으로서 나의 정체성, 나만의 강점, 매력 등에 대해서 끊임없이 고민하고 연구해왔다”며 “우리 문화, 우리 말로 부르는 우리 노래를 알리는 것이 궁극적으로는 해외에서 우리 아티스트들의 입지를 다지는 발판이 되어줄 것이고 가곡이 사랑을 받음으로서 클래식 대중화를 위한 또 다른 돌파구가 되어줄 것이라고 믿는다”고 전했다. 
....(중략) 
소호 오페라 코리아는 이번 뮤직비디오를 통해 영상으로 표현될 통합의 메시지를 담았다. 세대 간, 집단 간 이해의 폭을 넓히고 세월의 가치를 환기시키는 기회로 여기겠다는 취지다. 아울러 우리가 모두 꿈을 꿀 수 있는 존재라는 것, 서로에 대한 포용과 이해의 폭을 더 넓히는 것 등을 염원하며 이번 프로젝트를 기획하게 되었다는 설명이다. 
- 서울신문 2022. 12

김홍경 대표는 ""신인들은 학교를 벗어나면 오페라 가수로 무대 경험을 쌓기가 힘든 것이 사실""이라며 ""미래의 대한민국을 이끌 차세대 오페라 스타들이 등장하려면 이러한 형태의 공연이 더욱 많이 이뤄져야 한다고 믿는다.""고 전했다. 
- 서울 경제 기사 발췌 2022. 10
🌷 
문화 예술적 경험을 통하여 
세상의 편견넘어
서로에 대한 이해의 폭을 넓혀갑니다. 
Diversity Inclusivity MusicIsUniversal

우리 가곡을 통한 공공외교  한국국제교류재단 /외교부 
ㅡㅡㅡㅡㅡㅡㅡㅡㅡㅡㅡㅡㅡㅡㅡㅡㅡㅡㅡㅡㅡㅡㅡㅡ

https://youtu.be/zbiHPhstm3M?si=DzfMq4_C5CZsg48f

1탄
https://youtu.be/a6nlpQyyg88?si=HP1I-_wBKSuBfcFf

https://youtu.be/zbiHPhstm3M


-----------------------------------------------------------------------------------
[ENG/JAP CC Available] 

안녕하세요 여러분.
소프라노 김홍경입니다. 🙇‍♀️
지난 겨울, 유튜브에서 보았던 영상이 시작이 되어, 저의 비젼이 현실이 될 기회를 얻고, 좋은 분들과 쉬지 않고 달려 드디어 ""시간에 기대어"" 뮤직 비디오를 가지고 왔습니다!  오랜 시간 같이 옆에서 관심 가져주시고 응원해주신 가족 여러분들 너무 감사드립니다. 🥰


외국 문화인 성악을 공부한다는 이유로 이태리어, 독일어, 프랑스어, 영어, 러시아어 등 다양한 언어로 노래하고 표현해내며 평생을 보낸 것 같은데, K-pop이 유행을 선도하는 시대에 살게 되면서, 그 반대의 그림이 가능해진 지금이 얼마나 행복하고 뿌듯한지 모릅니다. 

뉴욕 길거리에서 한국 말로 노래를 흥얼거리는 사람들을 본다는 게.. 얼마나 가슴 떨리는 일인지요. 매년 달라지는 한국의 위상에 어깨에 뽕~ 뽷 들어가는 순간들이 점점 늘어갔거든요 ^^ 국적에 관계없이 다 함께 한국말로 이렇게나 아름다운 한국가곡 연주가 가능하다는 것을 세상에 내어보일 기회가 생겨 너무나 감사하는 중입니다. 

평생 남의 나라 문화를 공부하고, 십수년의 외국 생활 동안, 마음에 담아 두었던 응어리를 이 프로젝트로 아주 씨이~~원하게 풀어버릴라고 하니까 , 여러분들이 많이 응해주시고, 링크 복사하여 리그램이나 공유 많이 부탁드립니다 ^^ 
한국가곡의 우주정복도 머지 않았겠죠? 
가즈아~~~!! 무야호!!!!!!

어떤 씽어가 어떤 파트를 불렀는지 알고 싶으신 분들은
English CC (오른쪽 아래)를 누르시면 가사 번역과 함께
아티스트의 이름을 볼 수 있으십니다 ^^
현재 노래 나오는 순서에 따르면 
김홍경 - 존 - 에뮤 - 스티븐 - 알리시아 - 신이 - 엘리자벳 - 뢉 입니다. 
www.instragm.com/sohoopera 가시면 
아티스트들에 대한 자세한 설명 보실 수 있으십니다. ^^

저의 비젼을 믿고 
귀한 열정과 시간내시고 
피,땀,눈물, 영혼까지 함께 갈아내어주신 분들께
진심으로 깊은 감사드립니다. 
프로젝트 진행하는 동안 옆에서 가장 큰 힘 되어주시고
거의 매일 같이 밤새며 작업하시느라 너무 수고하신 이다은 PD님께 가장 큰 감사의 마음 전합니다. 
PD님 없었으면 불가능했을 겁니다.
감사합니다!!!

🕰️
본 채널에 있는 컨텐츠는 그 어떤 것도 허락없이 복제, 변경, 배포 불가합니다.
Copyright © 소프라노 김홍경 l Sop. HK Kim
All right reserved.

세계 성악가들이 부른 한국 가곡ㅣ시간에 기대어- 최진ㅣ한국 가곡을 세계로",UCiIwd3P8O0RNkLjf492R0Jw,소프라노 김홍경 ㅣSoprano HK Kim,2021-09-04T12:00:41Z,283,4.72,False,110516,2570,383,https://www.youtube.com/watch?v=a6nlpQyyg88,13600,232,PF236808,"부산시립교향악단 기획음악회, 우리 아이 음악회",서양음악(클래식),부산문화회관 대극장,2024-05-10,2024-05-10,,,,,,youtube_collect_targeted + signal_scorer: 신규 delete 후보,
yQAI1hSVCEQ,[다시보기] [Remaster] 설립 46주년 기념 2021 이웃초청음악회 (2021.07.04),"- 주        제 : 기도, 그 땅을 위한 기도를 들으시다
- 일        시 : 2020.07.04 / 오후 7시 30분

* 출        연 *
- 사회 -
박재홍(CBS 아나운서)

- 첼로 듀엣 -
Vc. 권새롬 김수정
Pf. 김예인


- 독창 -
Sop. 김경희
Pf. 김은혜


- 국악밴드 ‘잔월’ -
타악. 정수민
작곡/건반. 김동환
대금. 양윤수
피리. 이근재
해금. 이예희
소리. 강수경


- 남성 4중창 -
Ten. 하찬송 오승환
Bar. 정창진 추현진
Pf. 김인영


- 현악 챔버 -
Vn. 임영주 박신애 최은정
Va. 김선주
Vc. 박이령
Cb. 권미림

----------------------------------------------------------------------------------------------------------
* Chapter *

0:00 홍보영상
2:21 음악회 시작
6:09 첼로듀엣 인터뷰 (김수정)
7:20 Cinema Paradiso
12:45 축복하노라
19:40 독창 인터뷰 (김경희)
20:48 I am Willing, Be Clean
25:54 IL Bacio
33:03 국악밴드 잔월 인터뷰 (정수민)
34:12 탕자의 기도
40:05 주기도문
45:54 남성 4중창 인터뷰 (하찬송/오승환)
47:05 그 크신 하나님의 사랑
50:13 지금은 엘리야 때처럼
55:56 현악챔버 인터뷰 (임영주)
57:11 감사해, 시험이 닥쳐올 때에
1:00:28 The Prayer
1:07:55 랜선합창 (아름다운 세상)
1:12:04 화종부 담임목사님 인사말

----------------------------------------------------------------------------------------------------------

본 교회는 CCLI로부터 교회 저작권라이선스와 스트리밍 라이센스를 취득하였습니다. 
본 교회는 CCLI 교회 저작권 라이선스 및 스트리밍 라이선스 규정에따라 비영리 예배 목적으로 이용합니다. 본 영상에 광고가 재생될 경우 본 교회가 아닌 노래의 저작권자가 결정한 것으로 수익은 교회가 아닌 노래의 저작권자에게 분배됩니다. 

본교회의 라이선스 취득 사실을 CCLI에서 확인할 수 있습니다. 

교회명 : ""남서울교회""
CCLI License # 639004
CCLI Streaming License # 1530514",UCf6aFty8iRRUz1eirg2w00g,남서울교회,2021-07-06T01:44:14Z,4480,74.67,False,621,,,https://www.youtube.com/watch?v=yQAI1hSVCEQ,13100,4484,PF236808,"부산시립교향악단 기획음악회, 우리 아이 음악회",서양음악(클래식),부산문화회관 대극장,2024-05-10,2024-05-10,,,,,,youtube_collect_targeted + signal_scorer: 신규 delete 후보,
3Tgn368E-lQ,"Pray for Ukraine #7 드림라이프 클래식 I Vla. 김상진, Pf. 이상희, 최영민, Sop. 도희선, 손지수, 하은 Ten. 윤정수, Bar. 허종훈, MC 유정현","#PrayforUkraine #우크라이나를위한평화콘서트 #드림라이프클래식 

우크라이나를 위한 평화콘서트 #7 with 드림라이프 클래식

- 전쟁으로 고통받고 있는 우크라이나에 속히 평화가 임하기를 기도하며
의약품과 긴급구호물자를 지원하기 위한 기금마련 콘서트를 진행합니다 - 

====================================

일시: 2022년 3월 27일 주일 저녁 7:00 (한국시간)
주최: 사단법인 스쿨임팩트 (문의 02-2135-1318) / 밀알복지재단 경기지부 (031-235-4667)
주관: SI Entertainment / GSP뮤직 & 오화평트리오
협력: AM, 계원대학교회, 드림라이프클래식, 클림앙상블, 미래도시파라솔, 툴뮤직, 
         GSP뮤직, 오화평트리오, 달빛마을, 외
후원: 모든 출연진, 스쿨임팩트, 에스아이엔터테인먼트, 계원대학교회, 
         주) 고스락, 주) 장독대, 주) 세인식품, 주) 요나, 팀사운드, 주) 스쿨파트너, 
         오화평트리오, 박광식색소포니스트, 에이치스엔터테인먼트, 김치에너지, 더크로스쳐치, 
         프라하생명나무교회, 드림라이프 클래식, 클림 오케스트라, 툴뮤직, 모테트합창단, 
         우크라이나 지원 공동대책위원회, 밀알복지재단 경기지부, 행복자 외 개인후원자님들

후원계좌 / 후원계좌  국민은행 597301-04-029577 사) 스쿨임팩트
기부금영수증 발행됩니다. (기부금영수증 발행시 이름과 주민등록번호남겨주세요)

====================================

   외교부 산하 비영리단체인 사단법인 스쿨임팩트와 사회복지법인 밀알복지재단 경기지부는 크리스챤 음악인들과 한 마음으로 우크라이나에 펼쳐지고 있는 전쟁이 속히 종식되고 평화가 임하기를 기도하며 평화콘서트를 주최합니다.  

   나라를 지키고자 강대국과 목숨을 걸고 싸우고 있는 현재 우크라이나의 상황은 오래전 우리나라도 겪었던 뼈아픈 과거입니다. 오늘날 우리가 함께 평화를 누리고 있는 것은 수많은 다른 나라들로 부터 도움을 받았기 때문에 가능한 일이었습니다. 그렇기에 지금의 상황은 남의 일이 될 수 없음을 우리나라 국민들 모두 공감할 것입니다. 아니 전 세계 모든 사람들이 함께 공감하고 있습니다. 이에 우리나라도 다른 나라와 함께 러시아 제제에 동참하고 있습니다. 평화를 사랑하는 한 사람으로서 우크라이나에 평화가 도래하기를 기도하며 명분없이 무차별 공습으로 어린아이들과 시민까지  학살하고 있는 이 악한 전쟁을 반대하는 마음으로 평화콘서트를 개최합니다. 

   이번 콘서트는 3월 6일 주일 저녁을 시작으로 몇 차례가 될지 모르지만 전쟁이 종식될 때까지 계속 이어갈 계획입니다. 아울러 참여하는 모든 아티스트들도 함께 기부에 동참하며 모금되어진 전액 우크라이나에 필요한 의약품과 및 긴급구호물자 구입을 위해 사용되어질 것입니다. 

   전쟁이 그치고 평화가 임하기를 기도하는 마음으로 함께 서 주시기를 요청드리며 크리스쳔 음악인 여러분들의 참여와 홍보 및 여러분들의 마음과 기도로 물질로 또한 재능으로 함께 후원해 주시기를 부탁드립니다. 

====================================

출연진

유정현 사회
서울 예술고등학교 졸업
서울대학교 음대 성악과 졸업
유튜브 채널 마이크 잡스 TV 크리에이터
서울모테트합창단 홍보이사
서울시교육청 협력종합예술자문위원
극동방송 FM ""질그릇에 담긴사랑"" 라디오 DJ
극동방송 FM ""유정현의 내 영혼의 클래식"" 라디오진행 (매일밤 10시-11시)
극동방송 인터넷 방송  ""믿음의 기업"" MC 진행
CBS 이의용의 크리스천 매거진 ""명성가 해설"" 게스트 진행
CBS JOY4U - 송정미의 축복송.      객원 DJ (2020.12.21-2021.1.3)


김상진 비올리스트
쾰른국립음대, 줄리어드음대 졸업
동아콩쿨 최초 비올라 우승자
세종솔로이스츠, 금호현악사중주단, MIK 앙상블 단원 역임
2001년 대통령 표창을 수상, 2002년 ""대한민국 문화 홍보대사""로 위촉, 예술의 전당 11시 콘서트 해설자 역임 
현재 연세대학교 음대 교수
서울 챔버 오케스트라 음악감독 겸 지휘자
찬양 연주 앨범 ""Strings from Heaven"" 발매


이상희 피아니스트
예원학교,서울예고,연세대학교 피아노과 졸업.
미국 뉴욕 쥴리어드 음악대학원 Collaborative piano 졸업.
미국과 국내의 다수 연주홀에서 독주,실내악 및 리사이틀 반주자로 연주.
연세대, 가천대, 추계예대 강사역임.
현재 성신여대, 덕원예고 출강


최영민 피아니스트
부산대학교 수석 졸업
서울대학교 대학원 석사과정 졸업
뉴월드필하모닉, 한경필하모닉, 부산시립청소년교향악단 등과 협연
예술의전당 아티스트라운지, 대전국제음악제 등 300여 회의 음악회 출연
2016 궁중문화축전 석조전음악회 음악감독 역임
바리톤 강형규 ‘에델바이스’, 소프라노 김순영 ‘숨’ 등 앨범 편곡 및 연주 참여
현재 소누스레코즈 상주 음악감독, 피아니스트, 작곡가로 활동 중



하   은 팝페라 가수
서울 예술 고등학교 성악과 졸업
중앙대학교 성악과 졸업
경희대 대학원 포스트모던음악학과
2a Master class internazionale di citta’ di Gubbio 수료
드림라이프 콘서트
경제회복센터 제 1회 '서울역 사람' 희망문화 콘서트
삼성생명 VIP '팝페라 갈라쇼', 'G선상의 아리아', 'The Great Concert' 등 다회 출연
제25회 극동방송복음성가대회 대상
(2019가스펠싱어 개인부문 대상)
KBS 아나운서실 • 고대 안암병원 • 사단법인 문화나눔초콜릿 주최행복나눔 크리스마스 공연
현) 극동방송 '찬양가득 아름다운 밤' 진행



손지수 소프라노
선화예술학교, 선화예술고등학교 졸업
서울대학교 음악대학 성악과 수석 졸업
Conservatorio di milano ""Giuseppe Verdi"" 최고연주자과정 졸업
오페라 리골레토, 사랑의묘약, 세빌리야의 이발사, 라보엠, 마술피리 등 주역 출연
헨델 메시아, 브람스 레퀴엠 솔리스트 출연
KBS교향악단, 경기필하모닉, 인천시립교향악단, 원주시립교향악단, 울산시립교향악단 등 다수 오케스트라협연
국립오페라단콩쿨 대상, 이대웅콩쿨 1위, 신영옥콩쿨 금상, 성정 전국음악콩쿨1위 등 다수 콩쿨 우승
KBSTV프로그램 열린음악회, 아침마당, 누가누가잘하나 출연
현재 선화예술고등학교, 국민대학교 출강



도희선 소프라노
연세대학교 성악과 졸업 
독일 베를린 국립음대 (UdK) 전문연주자과정 졸업 .   
독일 베를린 심포니, 북체코 필하모닉 오케스트라, 자그레브 페스티발 오케스트라, 불가리아 국립 방송 교향악단, 오스트리아 비엔나 왈츠 오케스트라, 성남시향, 프라임 필하모닉 오케스트라,심포니송 오케스트라,서울필하모닉 등 국내외 다수의 오케스트라와 협연. 
베를린 필하모니, 프라하 스메타나홀, 잘츠부르크 모차르테움 그로써잘 외 다수의 해외 초청 연주. 
MBC 가곡의 밤, MBC ‘TV예술무대’, MBC ‘TV 문화사색’,CBS 주최 콘서트와 FEBC(극동방송) 콘서트 연주자로 연주.   
다수의 오페라,오라토리오,콘서트 등에서 솔리스트로 활동
연세대, 동덕여대 외래교수 역임. 
현 선화예고,충남예고,숭실대 음악원 외래교수


윤정수 테너
연세대학교 성악과
Royal Conservatoire of Scotland
스페인 몽셰라 카바예 국제 콩쿠르 1위, 런던 리하르트 타우버 콩쿠르 1위,웨일즈 - Stuart Burrows international voice award 1위.
로열 오페라 하우스 주역
웨일즈 국립 오페라 주역
스코티시 오페라 주역
덴마크 국립 오페라 주역
스웨덴 예테보리 오페라 주역
현)추계예술대학교 국제학부교수



허종훈 바리톤
부산 예술고등학교 졸업
한국 예술종합학교  졸업, 동 대학원 수료.
 스페인 발렌시아 호아킨 로드리고 음악원 수료.
로얄 아일랜드 음악대학 최고 연주자과정 전액 장학금 수석 입학및 졸업.
스페인 발렌시아 극장 플라시도 도밍고 센터  소속 가수.
성정 콩쿨 1위, 신영옥 콩쿨 1위, KBS 신인음악콩쿨 금상  
스페인 빌바오 국제성악콩쿨 우승
스페인 마드리드 사라수엘라(하친또 게레로) 콩쿨 우승
유럽의 명문, 스페인 발렌시아 극장(플라시도 도밍고 센터)에서 활동중
현) 스페인, 유럽,아시아에서 오페라 가수로 활동 중",UClnqgl30ISSltzRrIzjhEhw,마이크 잡스 TV,2022-03-28T00:35:37Z,8881,148.02,False,1251,51,8,https://www.youtube.com/watch?v=3Tgn368E-lQ,11200,1476,PF236808,"부산시립교향악단 기획음악회, 우리 아이 음악회",서양음악(클래식),부산문화회관 대극장,2024-05-10,2024-05-10,,,,,,youtube_collect_targeted + signal_scorer: 신규 delete 후보,
-1byYl7z9B4,"구리시립청소년교향악단 (Ludwig van Beethoven : Symphony No. 1 in Major, Op. 21)","(화음스튜디오)

민선7기 1주년 시민과 함께하는
구리시립청소년교향악단 
제13회 정기연주회

2019.7.27(토) 7시
구리아트홀 코스모스대극장

지휘 : 김지훈
단장 : 조영숙

주최 : 구리시
주관 : 구리시립청소년교향악단",UCuvhASl4qNqJoJKZM4lZDNA,구리시립청소년교향악단,2022-05-06T16:52:03Z,1713,28.55,False,267,1,0,https://www.youtube.com/watch?v=-1byYl7z9B4,64,40,PF234044,제136회 강릉시립교향악단 정기연주회: 신년음악회,서양음악(클래식),강릉아트센터 (구. 강릉문화예술관) 사임당홀 (대공연장) ,2024-02-03,2024-02-03,,,,,,youtube_collect_targeted + signal_scorer: 신규 delete 후보,
fZ5oA-ZKsFI,저주하면 돈을 주는 책을 갖게된 얼빠 여자 #shorts,#웹툰 #웹툰추천 #네이버웹툰 #리뷰 #추천 #연애 #로맨스,UC-z67PY02OFNxaQPNFXCjpg,개띵작 웹툰 탐정,2024-12-22T10:17:32Z,53,0.88,True,876104,20255,101,https://www.youtube.com/watch?v=fZ5oA-ZKsFI,5360,68,PF260159,꽃의 비밀 [춘천],연극,춘천문화예술회관 공연장,2025-07-25,2025-07-26,,,,,,youtube_collect_targeted + signal_scorer: 신규 delete 후보,
xb_5kT67X1Q,"연극 '섬마을 우리들' 커튼콜 (2016.10.29, pm 7:00)","제작 : 극단 '웃어'

공연장 : 대학로 예술극장 3관

출연 :  순희(엄마)-임소형, 꽃님-정선희, 미모-안혜경, 정은-양권석, 일성-김찬형, 대중-허동원, 차정-박지선, 관순-김시우, 정일-이시준


촬영 장비 : Panasonic Lumix DMC-GF8 & Lumx G Vario F3.5-5.6/12-32mm",UCFR_pNaB0pHQrXN-yDQJRMg,누노씨,2016-10-29T14:54:25Z,131,2.18,False,668,9,0,https://www.youtube.com/watch?v=xb_5kT67X1Q,399,1022,PF260159,꽃의 비밀 [춘천],연극,춘천문화예술회관 공연장,2025-07-25,2025-07-26,,,,,,youtube_collect_targeted + signal_scorer: 신규 delete 후보,
XGydGs_Ixt0,2018.9.14  전농1동 가을음악회,"2018.9.14
전곡마을마당 공원 특설무대",UCaqzOEMP23ik2_C2VpCZXOw,뿌사리몽니,2018-09-16T23:53:53Z,503,8.38,False,335,4,0,https://www.youtube.com/watch?v=XGydGs_Ixt0,37500,1355,PF260159,꽃의 비밀 [춘천],연극,춘천문화예술회관 공연장,2025-07-25,2025-07-26,,,,,,youtube_collect_targeted + signal_scorer: 신규 delete 후보,
XsXx3F1vtPs,2021.06.19 신세계와 함께하는 2021 예술의전당 토요콘서트(협연 문태국) 커튼콜,"2021.06.19 신세계와 함께하는 2021 예술의전당 토요콘서트
예술의전당

출연진
지휘 및 해설 정치용
연주 부천필하모닉
협연 첼로 문태국

프로그램
쇼스타코비치│첼로 협주곡 제1번 Eb장조 Op.107
쇼스타코비치│교향곡 제5번 d단조 Op.47

앵콜
문태국   바흐2번 사라방드
부천필하모닉   쇼스타코비치 로망스",UCJJlWD4Q2eKe2oXh-2DbgkA,가루tv,2021-10-26T05:37:43Z,129,2.15,False,86,1,0,https://www.youtube.com/watch?v=XsXx3F1vtPs,546,212,PF257258,부천필하모닉오케스트라 해설음악회 Ⅰ: 슈베르트 [부천],서양음악(클래식),부천아트센터 콘서트홀,2025-03-13,2025-03-13,,,,,,youtube_collect_targeted + signal_scorer: 신규 delete 후보,
rH59URrhXTQ,[LIVE] 강남심포니 GREAT CONCERTO SERIES 'H. Pfitzner & S.Rachmaninoff',"2022.05.12 (목) 11:00
광림아트센터 장천홀 실시간 생중계

강남심포니 제144회 클래식품격 콘서트
GREAT CONCERTO SERIES
'H. Pfitzner & S.Rachmaninoff'

지휘 이탐구
해설 조윤범
협연 양준모(바리톤), 이효주(피아노)
강남심포니오케스트라

[프로그램]
H. Pfitzner
20:02 - 바리톤과 오케스트라를 위한 가곡 Op.12
30:11 - 바리톤과 오케스트라를 위한 가곡 Op.4, Nr.2

S. Rachmaninoff
피아노 협주곡 제2번 C단조 Op.18
38:31 - 1st mov.
50:41 - 2nd mov.
01:02:31 - 3rd mov.",UC4fNaj5v2JzIbE7fCr_6NnA,TomatoClassic,2022-05-12T15:25:18Z,4996,83.27,False,1574,66,10,https://www.youtube.com/watch?v=rH59URrhXTQ,155000,1101,PF257258,부천필하모닉오케스트라 해설음악회 Ⅰ: 슈베르트 [부천],서양음악(클래식),부천아트센터 콘서트홀,2025-03-13,2025-03-13,,,,,,youtube_collect_targeted + signal_scorer: 신규 delete 후보,
80JqmxEJl1U,"LA 필하모닉 100주년, 차 없는 거리 축제 현장!","지난 9월 30일, LA 필하모닉 100주년을 기념해
차 없는 거리 축제가 열렸습니다.
생생한 현장의 열기를 영상으로 확인해보세요!!

***숨은 퀴즈 찾기!
KTOWN VIDEO의 영상을 보고 숨겨진 퀴즈에 대한 답을 
댓글로 남겨주세요.
기간: 2018.10.09-2018.10.14

제작: 미주 한국일보
촬영/편집: 석종훈 PD
기획: 뉴미디어팀 신유진 인턴
디자인: 뉴미디어팀 김아람
인트로/클로징: 뉴미디어팀 마승연 인턴",UCCsCfzRN7BZYg8lzEkqXtDA,KTown1st by Korea Times,2018-10-10T21:17:55Z,71,1.18,False,357,3,0,https://www.youtube.com/watch?v=80JqmxEJl1U,762,150,PF257258,부천필하모닉오케스트라 해설음악회 Ⅰ: 슈베르트 [부천],서양음악(클래식),부천아트센터 콘서트홀,2025-03-13,2025-03-13,,,,,,youtube_collect_targeted + signal_scorer: 신규 delete 후보,
VAE80NWKVo8,2-5.탄호이저-음유시인 경연 지휘 박영민 연출 이의주 #오파주,"[Tannhäuser Opera Concertante] [Richard Wagner 1813-1883]

-Orchestra: Bucheon Philharmonic Orchestra 
-Venue: Seoul Arts Center Date: 2016
-Conductor Youngmin Park 
-Director UiJu Lee 

[부천필하모닉오케스트라 바그너의 향연 Ⅱ]
-탄호이저 오페라 콘체르탄테
-2016.6.30(목) 저녁 7시 30분. 예술의전당 콘서트홀

[지휘, 캐스트]
-지휘 박영민/연주 부천필하모닉오케스트라
-합창 지휘 조익현 이대우
-탄호이저 이범주
-엘리자베트 케이틀린 파커 Kathleen Parker
-볼프람 김성곤
-베누스 데어드레 앙게넨트 Deirdre Angenent
-헤르만 하성헌
-발터 김상진
-비테롤프 임성욱
-하인리히 김동녘
-라인마르 이대범
-목동 이가연
-귀족 수행원 안상희, 이가연, 정주연, 김수연
-합창 부천시립합창단, 고양시립합창단, 마에스타 오페라 합창단

[프로덕션 스태프]
-연출 이의주
-조명 디자이너 김민재
-영상 디자이너 김장연
-무대 감독 김민우
-딕션 코치 김기민
-피아니스트 박성희

[부천시립 예술단 사무국]
-사무총괄 팀장 박갑선
-운영 이지영
-기획 박기철 이경은
-홍보 한유미 배다미
-악보 박혜진 박금진

[주최: 부천시]
[주관: 부천시립예술단]
[후원: 부천필후원회]",UCcXhc29mUvf8eO6CoOiiSUg,오파주-OPAJU,2021-03-02T15:00:12Z,2417,40.28,False,482,18,,https://www.youtube.com/watch?v=VAE80NWKVo8,3430,147,PF269427,"국립심포니오케스트라, 브루크너 교향곡 4번 [고양]",서양음악(클래식),고양아람누리 아람음악당,2025-10-31,2025-10-31,,,,,,youtube_collect_targeted + signal_scorer: 신규 delete 후보,
5SO3fWJqF9M,경남 함안 방어산 등산 (국보 마애사 약사여래삼존불까지),#경남 #경남산행 #방어산 #함안 #경남함안 #등산 #등산초보 #등산추천 #등산코스 #영남알프스등산 #등린이 #양산 #울산 #창녕 #간월산 #신불산 #가지산 #운문산 #천황산 #고헌산 #블랙야크 #블랙야크100대명산 #여행 #절투어 #브이로그 #취미브이로그 #취미생활 #취미 #운동하는여자 #운동 #직장인 #직장인브이로그 #30대브이로그 #절투어 #천년고찰 #사찰여행 #사찰투어 #사찰 #릴스영상 #릴스챌린지 #쇼츠 #쇼츠매니아 #마애사 #약사여래 #약사여래삼존불,UCLJlVPIdNna2Yxa4BcDz0sw,팔도연수,2025-09-29T16:10:10Z,1384,23.07,False,3567,64,13,https://www.youtube.com/watch?v=5SO3fWJqF9M,642,48,PF246684,템플 [함안],연극,함안문화예술회관 대공연장,2024-10-12,2024-10-12,,,,,,youtube_collect_targeted + signal_scorer: 신규 delete 후보,
QhD4TeDzWfs,오리백숙 #asmr#장안사#맛집#맛집브이로그#맛집#백숙#오리백숙#방갈로#부산#부산맛집,,UCDfEPw4BC1NueH_Ze4ruTrw,예닝,2023-02-05T05:00:22Z,4,0.07,True,1732,13,0,https://www.youtube.com/watch?v=QhD4TeDzWfs,15,11,PF246684,템플 [함안],연극,함안문화예술회관 대공연장,2024-10-12,2024-10-12,,,,,,youtube_collect_targeted + signal_scorer: 신규 delete 후보,
eEWU7utYHiM,우리가곡 활성화 운동 두 번째  ㅣ 굿모닝 가곡,"우리가곡 활성화 운동 두 번째
재미와 감동이 더해진 100년의 드라마!
[굿모닝 가곡]

-
2021.10.10(일)
예술의 전당
-
소프라노 박미자, 홍주영
테너 김우경, 이정원, 김현수
바리톤 고성현, 공병우, 양준모",UCkvxhBWoSfG-8gBJ4vJU5Vg,두남재엔터테인먼트,2025-08-26T09:48:19Z,5866,97.77,False,14850,369,17,https://www.youtube.com/watch?v=eEWU7utYHiM,1160,103,PF259994,"한국가곡콘서트, 가곡의 별들 [창원]",서양음악(클래식),3.15아트센터 대극장,2025-04-23,2025-04-23,,,,,,youtube_collect_targeted + signal_scorer: 신규 delete 후보,
aM_367ZCbqk,2017. 별 창원레이디스싱어즈 제2회정기연주회,"2017.12.27
창원성산아트홀대극장 
지휘:이상엽",UC1LDN3UgLXfILm9_mUufFaw,창원레이디스싱어즈,2020-12-25T14:14:01Z,177,2.95,False,40,0,0,https://www.youtube.com/watch?v=aM_367ZCbqk,70,49,PF259994,"한국가곡콘서트, 가곡의 별들 [창원]",서양음악(클래식),3.15아트센터 대극장,2025-04-23,2025-04-23,,,,,,youtube_collect_targeted + signal_scorer: 신규 delete 후보,
KnQOj9UKRxc,[23.03.17.] 피아니스트 최혜리 독주회,"장소     달서아트센터 와룡홀
공연일정     2023-03-17(금)
공연시간     19:30
입장료     20,000원(학생 10,000원)
문의전화     010-5550-4277

대구문화발전소 http://cafe.daum.net/dg-cultural 다음카페
대구문화발전소 https://band.us/band/49860918 밴드
Daegu culture https://cafe.naver.com/a9403043 네이버 카페
대구공연관람모임  https://cafe.naver.com/dglimjonghyun 네이버 카페
                  http://cafe.daum.net/deagu-seeplay 다음카페
대구공연관람 및 정보문의  https://open.kakao.com/o/gQZXaUQb 오픈쳇팅방(쳇방은 승인후)
라인워크   https://home.worksmobile.com/main/
한번 둘러보시고 가입하세요.

대구 공연 정보는 여기에 다 있다 https://dg-cultural.tistory.com/ 티스토리
대구 공연 정보는 여기에 다 있다  https://blog.naver.com/a9403043 네이버 블로그
대구공연정보   https://post.naver.com/a9403043?isHome=1  네이버 포스터
대구문화발전소   http://blog.daum.net/a94030431  다음 블로그
대구공연정보(유튜브)
https://www.youtube.com/channel/UCjTlbWQ2QLF5u6C9KCO1pbg?view_as=subscriber
대구공연리뷰(유튜브)
https://www.youtube.com/channel/UCgpi2LWn__GlGpNS75vcX2Q?view_as=subscriber
대구공연 즐기자(유튜브)
https://www.youtube.com/channel/UCsQDIols2t2-qB9VIVQFk4A
텔레그램 채널
https://t.me/dgartsee
한번 둘러보세요",UCjTlbWQ2QLF5u6C9KCO1pbg,대구 공연 정보,2023-03-04T01:55:50Z,13,0.22,True,177,2,0,https://www.youtube.com/watch?v=KnQOj9UKRxc,981,4315,PF259994,"한국가곡콘서트, 가곡의 별들 [창원]",서양음악(클래식),3.15아트센터 대극장,2025-04-23,2025-04-23,,,,,,youtube_collect_targeted + signal_scorer: 신규 delete 후보,
frawIieA578,"Ten.하만택 ...희망의 나라로(현제명 시, 현제명 곡)   / 한국가곡의 밤 제2부 아름다운 우리 산, 우리의 노래","2015 국내최정상급 성악가와 함께하는
한국 가곡의 밤
일시 : 2015.11.5(목)
장소 : 목동 KT체임버홀
주최 : 한국서정가곡작곡가협회",UClntNNkPC-K5btWfxyThKNw,최병헌의 문화광장,2015-11-09T04:19:06Z,103,1.72,False,2888,11,0,https://www.youtube.com/watch?v=frawIieA578,12400,19093,PF240779,대구시립교향악단과 함께하는 시민행복 나눔콘서트,서양음악(클래식),아양아트센터 아양홀,2024-06-12,2024-06-12,,,,,,youtube_collect_targeted + signal_scorer: 신규 delete 후보,
F0p_9SnDkdc,해피츄리 제주공연,2017.6.11,UCl4Y0SLWqa8RHO4kHGjvO8Q,노윤정,2017-06-11T12:44:30Z,131,2.18,False,63,0,0,https://www.youtube.com/watch?v=F0p_9SnDkdc,14,33,PF268892,페페의 꿈 [제주],서양음악(클래식),제주아트센터 대극장,2025-08-02,2025-08-02,,,,,,youtube_collect_targeted + signal_scorer: 신규 delete 후보,
biWpmotwIX0,Aloha quicstep 알로하 퀵스텝 우쿨렐레 연주,"2022.11.26
페스티벌ON 연주실황중
이지윤 스튜디오
Soul 우쿨렐레 앙상블팀의
알로하 퀵스텝 입니다^^

조명때문에 얼굴은 새하얗고
의도한바와 다르게
템포가 매우 다채롭네요^^;;
감안하고 들어봐주세요 ㅎㅎ


♬ 레슨 및 공연문의 ^^
Email : meghee@hanmail.net

♬ 계좌 및 투네이션으로 후원하실수 있어요^.~ 
기업은행 462-092824-01-012 이지윤
https://toon.at/donate/637211905873385867 

#이지윤스튜디오
#김현주
#유영선
#전미영",UCwhjBNgI0lMYNzKUII3ncBA,Ukul Jiyoun,2022-12-15T12:51:02Z,141,2.35,False,263,13,4,https://www.youtube.com/watch?v=biWpmotwIX0,153,32,PF268892,페페의 꿈 [제주],서양음악(클래식),제주아트센터 대극장,2025-08-02,2025-08-02,,,,,,youtube_collect_targeted + signal_scorer: 신규 delete 후보,
CyrGxvdbR5c,BIGBANG(빅뱅) - 뱅뱅뱅 (BANG BANG BANG) [가사/Lyrics],"BIGBANG(빅뱅) - 뱅뱅뱅 (BANG BANG BANG) [가사/Lyrics]

#BIGBANG #빅뱅 #뱅뱅뱅 #BANGBANGBANG

발매 : 2015.06.01
아티스트 : BIGBANG(빅뱅)
앨범 : A
작곡 : TEDDY, G-DRAGON
작사 : TEDDY, G-DRAGON, T.O.P
편곡 : TEDDY

해당 영상은 수익 창출이 되지 않으며, 광고와 같은 수익은 저작권 소유자에게 갑니다.
저작권 소유자에 의해 해당 영상이 삭제될 수 있습니다.

📢신청곡은 채널 커뮤니티 참고 부탁드립니다.

오류 제보는 댓글💬부탁합니다.",UCoBcjaSab_CLwBOKe-8Fvjw,웅키,2024-06-27T09:00:11Z,221,3.68,False,4326097,16514,1397,https://www.youtube.com/watch?v=CyrGxvdbR5c,590000,1831,PF225394,이상한 엄마 [전주],뮤지컬,한국소리문화의전당 모악당,2023-10-12,2023-10-14,,,,,,youtube_collect_targeted + signal_scorer: 신규 delete 후보,
pOZowTJBbOs,아일릿(ILLIT) - 빌려온 고양이 (Do the Dance) [가사/Lyrics],"아일릿(ILLIT) - 빌려온 고양이 (Do the Dance) [가사/Lyrics]

#아일릿 #ILLIT #빌려온고양이 #DotheDance

발매 : 2025.06.16
아티스트 : 아일릿(ILLIT)
앨범 : bomb
작곡 : ''hitman''bang, Moa ""Cazzi Opeia"" Carlebecker, Ellen Berg, Fig Tape, 노주환, FRANTS, 신쿵, Tomoyuki Asakawa, 장정원 (Jam Factory), 미아 (153/Joombas), bay (153/Joombas), 김키위, 윤아, Maryjane (라라라스튜디오), 4계절 (이앵두) (153/Joombas), 4계절 (김채아) (153/Joombas), 4계절 (이은화) (153/Joombas), 허윤진
작사 : ''hitman''bang, Moa ""Cazzi Opeia"" Carlebecker, Ellen Berg, Fig Tape, 노주환, FRANTS, 신쿵, Tomoyuki Asakawa, 장정원 (Jam Factory), 미아 (153/Joombas), bay (153/Joombas), 김키위, 윤아, Maryjane (라라라스튜디오), 4계절 (이앵두) (153/Joombas), 4계절 (김채아) (153/Joombas), 4계절 (이은화) (153/Joombas), 허윤진

해당 영상은 수익 창출이 되지 않으며, 광고와 같은 수익은 저작권 소유자에게 갑니다.
저작권 소유자에 의해 해당 영상이 삭제될 수 있습니다.

오류 제보는 댓글💬부탁합니다.",UCoBcjaSab_CLwBOKe-8Fvjw,웅키,2025-06-16T09:45:08Z,189,3.15,False,1442447,6842,469,https://www.youtube.com/watch?v=pOZowTJBbOs,590000,1831,PF225394,이상한 엄마 [전주],뮤지컬,한국소리문화의전당 모악당,2023-10-12,2023-10-14,,,,,,youtube_collect_targeted + signal_scorer: 신규 delete 후보,
v7qwhGC11v8,2015.12.22. 세종시필하모닉오케스트라 행복송년연주회 상임지휘자 백정현 - A Christmas Festival,"세종시필하모닉오케스트라 행복송년연주회
일시 : 2015.12.22(화)
장소 : 세종문화예술회관",UCQfB5RyQOePE05HS0Lvd2hA,탕탕탕,2016-01-06T06:55:43Z,410,6.83,False,164,1,0,https://www.youtube.com/watch?v=v7qwhGC11v8,4,5,PF279599,국립심포니콘서트오케스트라: 크리스마스 콘서트 [세종],서양음악(클래식),세종예술의전당 대공연장,2025-12-24,2025-12-24,,,,,,youtube_collect_targeted + signal_scorer: 신규 delete 후보,
aqNXbMGgZ5M,CONCERT 국악 콘서트 서울시국악관현악단 행복한 국악을 만나다 커튼콜﻿- 박상현 지휘자/채수현/이덕용/전태원/김태희/한상희,"*커튼콜/포토타임 촬영 가능

2021/7/3
K-CONCERT 국악 콘서트 행복한 국악을 만나다 커튼콜
﻿서울시국악관현악단
박상현 지휘자/채수현/이덕용/전태원/김태희/한상희
관악아트홀",UC6_8FcuWvXfxpH0Y9mLbQLQ,j,2021-07-12T08:27:03Z,64,1.07,False,239,1,0,https://www.youtube.com/watch?v=aqNXbMGgZ5M,1400,2367,PF279599,국립심포니콘서트오케스트라: 크리스마스 콘서트 [세종],서양음악(클래식),세종예술의전당 대공연장,2025-12-24,2025-12-24,,,,,,youtube_collect_targeted + signal_scorer: 신규 delete 후보,
AoQR1xSGqOg,[서울시국악관현악단] 제345회 정기연주회 2020 첫선음악회 ‘그들이 전하는 이야기 II’_국악관현악 ‘여[麗]’ (2020-10-30) (지휘: 박호성),"국악관현악 ‘여[麗]’

공연명 : 서울시국악관현악단 제345회 정기연주회 2020 첫선음악회 ‘그들이 전하는 이야기 II’
일    시 : 2020.10.30.(금) 오후 7시 30분 
장    소 : 세종문화회관 M씨어터
주    최 : (재)세종문화회관
주    관 : 서울시국악관현악단

 ○ 예술감독·지휘/박호성(서울시국악관현악단 단장 겸 상임지휘자)
 ○ 연주/서울시국악관현악단
 ○ 작곡/홍민웅
 
 
종묘에 표현된 아름다움과 깊은 사색의 심연을 녹여낸
국악관현악 ‘여[麗]’

2020 첫선음악회 ‘그들이 전하는 이야기 II’  FULL영상이 보고 싶다면!
https://youtu.be/AV6i5wumTUc",UCOnUepLcVJVqHUUSnZkAVvw,서울시국악관현악단,2020-12-26T02:00:01Z,1041,17.35,False,195,3,,https://www.youtube.com/watch?v=AoQR1xSGqOg,18400,135,PF279599,국립심포니콘서트오케스트라: 크리스마스 콘서트 [세종],서양음악(클래식),세종예술의전당 대공연장,2025-12-24,2025-12-24,,,,,,youtube_collect_targeted + signal_scorer: 신규 delete 후보,
gIvlQkP5I6Y,[무관객공연] 레온카발로 - 아침의 노래 (Sop. 강혜정 l 지휘 여자경),"#강혜정 #여자경 #강남심포니오케스트라

R. Leoncavallo -Mattinata
레온카발로 - 아침의 노래

소프라노 l 강혜정
지휘 l 여자경
연주 l 강남심포니오케스트라

* 본 공연은 코로나19 예방으로 인한 無관객 공연입니다.
-
[강남심포니 제129회 클래식 품격 콘서트 - 덕분에 콘서트]
2020.8.6
강남구민회관",UCPglj7zGwmOlH8_31Tpgh8Q,한경arteTV,2020-09-11T09:20:36Z,124,2.07,False,5914,103,7,https://www.youtube.com/watch?v=gIvlQkP5I6Y,116000,3896,PF279599,국립심포니콘서트오케스트라: 크리스마스 콘서트 [세종],서양음악(클래식),세종예술의전당 대공연장,2025-12-24,2025-12-24,,,,,,youtube_collect_targeted + signal_scorer: 신규 delete 후보,
Bkirgm-CHM8,"2016. 1. 10. 대전방송 - 금강일보, 2016년 '함신익과 심포니 송'과 함께하는 특별한 음악회 성료(2016.1.9 공연)","2016. 1. 10. 대전방송 CMB 
금강일보, ‘2016년 함신익과 함께하는 특별한 음악회’ 성료

(2016.1.9 신년음악회 공연)",UCOWO2-915iqiNDQ96lETrpQ,SYMPHONY S.O.N.G,2016-01-27T02:16:54Z,84,1.4,False,339,0,0,https://www.youtube.com/watch?v=Bkirgm-CHM8,6420,503,PF232384,"대전시립교향악단 마스터즈 시리즈1, 신년음악회",서양음악(클래식),대전예술의전당 아트홀,2024-01-12,2024-01-12,,,,,,youtube_collect_targeted + signal_scorer: 신규 delete 후보,
0bJt7yl4PZo,진행 사무국장 최금주. 송년연주회 시작인사,"제138회 한국예술가곡연주회 '송년 연주회'
2019.12.28.오후4시. DM아트홀
주최:한국예술가곡연주회",UCprLF-yIRhbe-ht7Nd3ZMNQ,"한가연 , 한국예술가곡 연주회",2019-12-29T08:01:19Z,125,2.08,False,221,1,0,https://www.youtube.com/watch?v=0bJt7yl4PZo,846,2168,PF282684,제138회 목포시립교향악단 정기연주회,서양음악(클래식),목포시민문화체육센터 대공연장,2026-01-29,2026-01-29,,,,,,youtube_collect_targeted + signal_scorer: 신규 delete 후보,
-kW_bfpQmWo,C.M.v.Weber - Clarinet Quintet in B Major Op.34  3.Menuetto Capriccio Presto (클라리넷 김홍우),"2020.10.17 김홍우 클라리넷 독주회 실황 (엘림아트센터 엘림홀)
베버 클라리넷 오중주 中 3악장 Menuetto Capriccio Presto

클라리넷 - 김홍우
바이올린 1 - 이진원
바이올린 2 - 이소라
비올라 - 안은지
첼로 - 안성필",UC6pvyf3NRYmBkpUw8NLKQ5g,예술로,2020-12-04T13:38:24Z,308,5.13,False,138,19,0,https://www.youtube.com/watch?v=-kW_bfpQmWo,111,20,PF282684,제138회 목포시립교향악단 정기연주회,서양음악(클래식),목포시민문화체육센터 대공연장,2026-01-29,2026-01-29,,,,,,youtube_collect_targeted + signal_scorer: 신규 delete 후보,
LF0xXAcupI8,K-2010 MTV HD│찬양(Praise) Feat.SS- Back To The 어릴적(childhood),"K-2010 MTV HD│찬양(Praise) Feat.SS- Back To The 어릴적(childhood)


수록앨범
    Back To The 어릴적
곡정보
    가요 , 힙합 
발매정보
    BIG Money Entertainment, 2010.11.01 

LYRICS~
(yeah~I travel my priceless time. Back to the childhood 찬양 Let's go)
순수했던 나의 어릴적 기억 속으로 여행을 떠나네~hey~hey
순수했던 나의 어릴적 기억 속으로 여행을 떠나네~hey~hey 널 보고 싶어 (후렴)
널보고 싶었거든 요새 얼마 전부터 난 숨쉬기 조차 너무 힘들었었던 난 돈도 명예도
성공도 필요 없던 그 시절의 순수한 나를 찾아가 어린 웃음으로 나를 반겨주는 너
그걸 바라보며 쑥스럽게 웃는 나 과자 한 봉지라도 사올걸 그랬어
어릴적엔 품에 끼고 살았거든 그까지것 비싼 것도 별것도 아닌데 왜 그리 맛있고
소중 했었나 지금 내가 원하는 건 무엇일까 지금의 나의 삶은 어디로 바쁘게만 흘러갈까
이게 아닌데 예전의 나의 모습은 이러지 않았는데 (자꾸만 변해가네)
그립다 천진난만한 친구들과 우리 집 강아지도 그리고 어린시절의 내가 그립다
(난 너무 변했어) 예전과는 틀리게 이기주의 나쁜 놈이 됐어
(날 잃어 버렸어) 어린시절 순수했던 내 모습을 잃어 버렸어
(되돌아가고 싶어) 고민 따윈 없던 어린 날의 나를 만나고 싶어
(날 찾아 가겠어) 순수했던 그 시절의 나를 찾아 떠나가겠어
(후렴 반복)
동네 꼬마 친구들 바보 똥싸개와 얼간이 방과후 우리들은 항상 뭉쳤지
우린 동네속의 악명 높은 악동 홈런볼에 깨진 유리창은 기본 삐걱 거리는 자전거로
온 동네를 활보하는 그래도 정은 많아 할머니의 무거웠던 짐도 쉽게 지나칠수 없는
감성적인 꼬맹이 지금은 수업시간 하루 종일 놀다 지쳐 자꾸만 잠이와 이러지리 졸다 뒤척 딱 걸려 선생님께 딱 걸려서 딱밤 손들고 교실한쪽 구석에서 그래도 좋단다
씩 웃어 내 친구도 씩 웃어 웃었다고 또 혼나 언제나 있는 일이지만 절때 기죽지는 않아
사고 뭉치지만 꿈이 있는 꼬맹이들
(난 너무 변했어) 예전과는 틀리게 이기주의 나쁜 놈이 됐어
(날 잃어 버렸어) 어린시절 순수했던 내 모습을 잃어 버렸어
(되돌아가고 싶어) 고민 따윈 없던 어린 날의 나를 만나고 싶어
(날 찾아 가겠어) 순수했던 그 시절의 나를 찾아 떠나가겠어
(후렴 반복)
Oh oh oh oh~ (Oh oh oh oh~)",UC1MYzdtu9v9QKxs_0PyDdcg,mrsuperbeast3,2010-11-08T17:04:08Z,236,3.93,False,523,1,0,https://www.youtube.com/watch?v=LF0xXAcupI8,418,158,PF282684,제138회 목포시립교향악단 정기연주회,서양음악(클래식),목포시민문화체육센터 대공연장,2026-01-29,2026-01-29,,,,,,youtube_collect_targeted + signal_scorer: 신규 delete 후보,
Nk3Z0Zmm5hI,HE-STORY WORSHIP 히스토리찬양팀 찬양집회예배 특별공연(십자가의 전달자/Isn't she lovely)(2019.12.14.),"HE-STORY WORSHIP 히스토리찬양팀 찬양집회예배 특별공연(십자가의 전달자/Isn't she lovely)(2019.12.14.)

* Worship at 소금언약교회 http://www.cschurch.kr


──────────────────────────
홈페이지 | https://hhhstory.modoo.at
블로그 | https://blog.naver.com/3030612
──────────────────────────",UCQQ3H4ltmg0htYyuudSIzuQ,예그리나(HS Worship),2019-12-24T05:02:40Z,455,7.58,False,138,3,0,https://www.youtube.com/watch?v=Nk3Z0Zmm5hI,81,21,PF282684,제138회 목포시립교향악단 정기연주회,서양음악(클래식),목포시민문화체육센터 대공연장,2026-01-29,2026-01-29,,,,,,youtube_collect_targeted + signal_scorer: 신규 delete 후보,
f9cVd4c8Uzg,2011.11.04 햄릿 커튼콜 - 호레이쇼,"2011.11.04
유니버설 아트센터
캐스팅 : 김수용, 윤공주, 김장섭, 전동석, 서범석, 신영숙, 이경수, 이미경",UCmV3Tipe6adNBMjEh6ET9JA,Myung,2011-12-12T13:56:02Z,30,0.5,True,643,3,0,https://www.youtube.com/watch?v=f9cVd4c8Uzg,26,74,PF293054,오늘을 기억해 [대구],뮤지컬,대구서구문화회관 공연장,2026-06-13,2026-06-13,,,,,,youtube_collect_targeted + signal_scorer: 신규 delete 후보,
bjpK-LxHhAw,뮤지컬 벤허 커튼콜 박은태 ‘살아있으니까’,2023.10.14. 14:00 공연,UC5u9zdwzn9xTzDc9Fgt0okQ,커튼콜러,2023-10-14T08:23:59Z,51,0.85,True,57880,2710,22,https://www.youtube.com/watch?v=bjpK-LxHhAw,1430,404,PF243856,BIFAN 전야제 영화음악 콘서트,서양음악(클래식),부천아트센터 콘서트홀,2024-07-03,2024-07-03,,,,,,youtube_collect_targeted + signal_scorer: 신규 delete 후보,
D4hK5zt_6ak,"(2019.08.16) 뮤지컬 벤허 커튼콜(카이,박민성,김지우)","뮤지컬 벤허 커튼콜
커튼콜데이(8.13 ~ 8.23)
카이,박민성,김지우",UCrtwCNdsyB-mDxcpQ0STIkA,bluechat,2019-08-16T15:27:08Z,389,6.48,False,15630,184,12,https://www.youtube.com/watch?v=D4hK5zt_6ak,1520,611,PF243856,BIFAN 전야제 영화음악 콘서트,서양음악(클래식),부천아트센터 콘서트홀,2024-07-03,2024-07-03,,,,,,youtube_collect_targeted + signal_scorer: 신규 delete 후보,
Hd36hqdxmio,260606 뮤지컬  [ 서편제 ] 스페셜 커튼콜 :: 「 #살다보면 」- 시은 김준수 최도아,"2026 뮤지컬 #서편제 - 광림아트센터 BBCH홀 2026.4.30 ~2026.7.19

송화 : #시은
노년송화 : 정은혜
동호 : #김준수
유봉 : 서범석
동호 모 : 박재이
춘식 : 욱현욱
어린 송화 : 최도아
어린 동호 : 이승우

- 감동과 재미를 모두 느낄 수 있는 뮤지컬 서편제 
1막 송화(시은) 눈먼 엔딩때 어떻게 눈물 안 흘릴 수 있나요. 
눈물이 저절로 흐르는데요
2막에서 울지 않으려고 얼마나 애썼는지^^

극중 동호(김준수)가 주는 재미는 미처 예상하지 못했던 부분이라 너무 즐거웠어요

사실 다른 날 예매했다가 취소하고 50프로 할인받고 혜자다~ 하고 갔는데
뮤 끝나고 취소한 날짜 다시 예매했답니다
다른 송화님도 너무 궁금해서^^

컷콜은 전체를 담고 싶었는데  
D열이 무대하고 가깝기도 하고 양쪽이 넓어서 
배우를 모두 한 프레임에 담을 수가 없었어요",UCDLlfr4MrM8DiZl_AK5H1AA,니니원,2026-06-06T10:58:59Z,218,3.63,False,2775,49,3,https://www.youtube.com/watch?v=Hd36hqdxmio,9890,761,PF271145,서편제; The Original [춘천],한국음악(국악),춘천문화예술회관 공연장,2025-11-21,2025-11-22,,,,,,youtube_collect_targeted + signal_scorer: 신규 delete 후보,
OmNCSSfnxa8,영남교사플루트 오케스트라,2015.12.20 지휘 김형석,UCMmMQYO-lwEtuNRzuFKLyWA,룰루락단,2015-12-26T03:54:59Z,324,5.4,False,181,4,0,https://www.youtube.com/watch?v=OmNCSSfnxa8,51,21,PF268916,제146회 강릉시립교향악단 정기연주회,서양음악(클래식),강릉아트센터 (구. 강릉문화예술관) 사임당홀 (대공연장) ,2025-08-08,2025-08-09,,,,,,youtube_collect_targeted + signal_scorer: 신규 delete 후보,
qkWmmm-RkFg,아리아밸리 - 밸리댄스1 (찾아가는 꿈의무대 월미도 갈매기홀. 사)한국향토음악인협회 인천지회/2023.6.24),(찾아가는 꿈의무대 월미도 갈매기홀. 사)한국향토음악인협회 인천지회/2023.6.24),UC-iSXc89oguAxeJHM8f8Fvw,KHM TV (정대성 감독),2023-07-02T08:49:40Z,100,1.67,False,941,7,1,https://www.youtube.com/watch?v=qkWmmm-RkFg,1160,259,PF253677,꿈의 아리아 [용인],서양음악(클래식),용인시평생학습관 (여성회관) 큰어울마당,2024-12-07,2024-12-07,,,,,,youtube_collect_targeted + signal_scorer: 신규 delete 후보,
yccXRq7_GBE,[22.12.20.] 대구시립합창단 기획연주회 〈2022 송년음악회〉 - 대구,"공연장소     대구콘서트하우스 그랜드홀
공연일시     2022-12-20
공연시간     19:30
관람연령     초등학생 이상 입장 가능(8세 이상 관람)
티켓가격
A석 16,000원
B석 10,000원
러닝타임     120분(인터미션 15분 포함)
문의     053)250-1495
주최/주관 주최     대구시립예술단 주관 대구시립합창단

https://tickets.interpark.com/goods/22016435

대구문화발전소 http://cafe.daum.net/dg-cultural 다음카페
대구문화발전소 https://band.us/band/49860918 밴드
Daegu culture https://cafe.naver.com/a9403043 네이버 카페
대구공연관람모임  https://cafe.naver.com/dglimjonghyun 네이버 카페
                  http://cafe.daum.net/deagu-seeplay 다음카페
대구공연관람 및 정보문의  https://open.kakao.com/o/gQZXaUQb 오픈쳇팅방(쳇방은 승인후)
라인워크   https://home.worksmobile.com/main/
한번 둘러보시고 가입하세요.

대구 공연 정보는 여기에 다 있다 https://dg-cultural.tistory.com/ 티스토리
대구 공연 정보는 여기에 다 있다  https://blog.naver.com/a9403043 네이버 블로그
대구공연정보   https://post.naver.com/a9403043?isHome=1  네이버 포스터
대구문화발전소   http://blog.daum.net/a94030431  다음 블로그
대구공연정보(유튜브)
https://www.youtube.com/channel/UCjTlbWQ2QLF5u6C9KCO1pbg?view_as=subscriber
대구공연리뷰(유튜브)
https://www.youtube.com/channel/UCgpi2LWn__GlGpNS75vcX2Q?view_as=subscriber
대구공연 즐기자(유튜브)
https://www.youtube.com/channel/UCsQDIols2t2-qB9VIVQFk4A
텔레그램 채널
https://t.me/dgartsee
한번 둘러보세요",UCjTlbWQ2QLF5u6C9KCO1pbg,대구 공연 정보,2022-11-25T04:33:14Z,16,0.27,True,201,0,0,https://www.youtube.com/watch?v=yccXRq7_GBE,981,4315,PF260260,제8회 경산시립교향악단 정기연주회,서양음악(클래식),천마아트센터 그랜드홀,2025-03-13,2025-03-13,,,,,,youtube_collect_targeted + signal_scorer: 신규 delete 후보,
M4VvXePkydE,천둥소리 - 경산국악관현악단,"시민과 함께하는 2015 
영남풍류 야외상설공연
(2015.08.28,폐막공연)",UCAVEL0oQrkvoOESQWY3My4Q,바시리,2015-08-28T21:43:16Z,490,8.17,False,254,0,0,https://www.youtube.com/watch?v=M4VvXePkydE,2060,249,PF260260,제8회 경산시립교향악단 정기연주회,서양음악(클래식),천마아트센터 그랜드홀,2025-03-13,2025-03-13,,,,,,youtube_collect_targeted + signal_scorer: 신규 delete 후보,
SbdpLePM4LE,"[어바웃 우리동네] 12/19(목) 130년 된 전동성당 빛의 옷을 입다, 12월엔 으능정이에서 만나요, 농민도 살맛나게 소비자도 살맛나게, 미각이 만든 건물, 무형문화재 정대희","[생방송 어바웃 우리동네] 2019/12/19(목)

1. 전주 - 130년 된 전동성당 빛의 옷을 입다
2. 대전 - 12월엔 으능정이에서 만나요
3. 광주 - 농민도 살맛나게 소비자도 살맛나게 로컬푸드직매장
4. 울산 - 건축여행 미각이 만든 건물
5. 상주 - 세월을 짓는 옹기장이 무형문화재 정대희 씨",UCwWqBWIe72xKV016rcXGaaA,여수MBCPrime,2019-12-19T11:04:56Z,3267,54.45,False,283,5,0,https://www.youtube.com/watch?v=SbdpLePM4LE,186000,7171,PF225754,친절한 돼지씨 [논산],한국음악(국악),논산아트센터(구. 논산문화예술회관) 대공연장,2023-09-21,2023-09-21,,,,,,youtube_collect_targeted + signal_scorer: 신규 delete 후보,
qeK3WAswsYk,"[어바웃 우리동네] 8/18(화) 강원도 수해 복구 현장 우리 함께 이겨냅시다, 시민안전 소방안전 필승, 씨름왕 어머니와 함께하는 쿡방, 우리동네 초대석","[어바웃 우리동네] 8/18(화)

1. 강원 - 강원도 수해 복구 현장 우리 함께 이겨냅시다
2. 대전 - 시민안전 소방안전 필승
3. 시청자 참여 - 우리동네 톡톡
4. 제주 - 씨름왕 어머니와 함께하는 쿡방
5. 우리동네 초대석 - 여수 MBC 창사 50주년 이은철 교사의 광양 이야기

@어바웃 우리동네 초대석(2020.08.18)
- 여수mbc 창사 50주년 이은철 교사의 광양 이야기",UCwWqBWIe72xKV016rcXGaaA,여수MBCPrime,2020-08-18T10:11:55Z,2624,43.73,False,487,11,0,https://www.youtube.com/watch?v=qeK3WAswsYk,186000,7171,PF225754,친절한 돼지씨 [논산],한국음악(국악),논산아트센터(구. 논산문화예술회관) 대공연장,2023-09-21,2023-09-21,,,,,,youtube_collect_targeted + signal_scorer: 신규 delete 후보,
f_DX_aCZ5bc,(중요)20초면 사망하는 비행기 위험요소,#비행기 #항공기 #대처방법 #생존 #인생2회차 #지식 #사고 #공항 #꿀팁 #생활정보 #여행,UCy7QgZ6aOoPTQltIcplb8xA,인생2회차,2024-08-11T08:00:23Z,34,0.57,True,5993677,139953,1379,https://www.youtube.com/watch?v=f_DX_aCZ5bc,1050000,276,PF253598,똥벼락 [부산],한국음악(국악),국립부산국악원 연악당,2024-12-13,2024-12-14,,,,,,youtube_collect_targeted + signal_scorer: 신규 delete 후보,
mfFZ9ty3VeQ,"광장유스오케스트라 | 정기연주회 (6) 베토벤심포니 5번 1,4악장 Symphony No.5 op.67 - L.V Beethoven","2022.5.28.(토)
광진청소년센터 대극장에서 열린
제4회 광장유스오케스트라 정기연주회 공연 모습입니다.

베토벤심포니 5번 1,4악장 Symphony No.5 op.67 - L.V Beethoven
Ⅰ. Allegro con brio
Ⅳ. Allegro 

청소년은 존재만으로도 빛이다! 
- 광진청소년센터-",UC8JJL5kqAzn0CGHrj9LxFWg,시립광진청소년센터,2022-05-31T07:27:39Z,1171,19.52,False,202,3,0,https://www.youtube.com/watch?v=mfFZ9ty3VeQ,510,427,PF261551,제5회 세종시립청소년교향악단 정기연주회 [세종],서양음악(클래식),세종예술의전당 대공연장,2025-04-12,2025-04-12,,,,,,youtube_collect_targeted + signal_scorer: 신규 delete 후보,
Pqe5Zdmd9Ro,광장유스오케스트라 | 정기연주회 (2) 황제왈츠 Kaiser Walzer Op.437 - J StraussⅡ,"2022.5.28.(토)
광진청소년센터 대극장에서 열린
제4회 광장유스오케스트라 정기연주회 공연 모습입니다.

황제왈츠 Kaiser Walzer Op.437 - J StraussⅡ

청소년은 존재만으로도 빛이다! 
- 광진청소년센터-",UC8JJL5kqAzn0CGHrj9LxFWg,시립광진청소년센터,2022-05-31T09:02:00Z,609,10.15,False,319,9,0,https://www.youtube.com/watch?v=Pqe5Zdmd9Ro,510,427,PF261551,제5회 세종시립청소년교향악단 정기연주회 [세종],서양음악(클래식),세종예술의전당 대공연장,2025-04-12,2025-04-12,,,,,,youtube_collect_targeted + signal_scorer: 신규 delete 후보,
4akijjnSY6s,소믈리에를 울컥하게 한 사건 #shorts,"#비밀이야 #맛집 #와인 #미슐랭

* 본 영상은 광고, 협찬과 무관한 레스토랑 방문기입니다. 
* 업로드 시간 : 매주 수요일 & 일요일 오후 6시 
* 비즈니스 문의 : mardukas@sandbox.co.kr",UCaKQ7_GT0k8u_sL0nE2tgkA,비밀이야 bimirya,2023-12-16T09:00:03Z,40,0.67,True,6838036,83916,879,https://www.youtube.com/watch?v=4akijjnSY6s,617000,927,PF287650,나의 아저씨 [김해],연극,김해서부문화센터 하늬홀,2026-05-29,2026-05-30,,,,,,youtube_collect_targeted + signal_scorer: 신규 delete 후보,
YrRAOvun7gY,2016 뮤지컬 마리아마리아 spot,"뮤지컬 마리아마리아 
2016.3.22-4.17 광림아트센터 BBCH홀

뮤지컬 역사상 가장 위대한 사랑이 시작된다!
최고의 배우들과 라이브밴드가 선사하는 감동의 무대!",UClLG9y3eTOiP59_tsgcwzHg,HJ컬쳐,2016-03-31T12:50:08Z,31,0.52,True,886210,37,7,https://www.youtube.com/watch?v=YrRAOvun7gY,6330,735,PF287650,나의 아저씨 [김해],연극,김해서부문화센터 하늬홀,2026-05-29,2026-05-30,,,,,,youtube_collect_targeted + signal_scorer: 신규 delete 후보,
5toSooFg0fU,뮤지컬 드림걸즈(DREAMGIRLS) 최초 내한 1차 SPOT 영상,"뮤지컬 드림걸즈 최초 내한
오리지널 소울에 압도 당하다!
SPOT 영상 공개

2017.04.04 - 06.25 
샤롯데씨어터
예매처 바로가기 ▶ goo.gl/UypEDD",UCkcUJWScnatyvCbCd9a_eaw,OD COMPANY,2017-02-28T05:31:18Z,21,0.35,True,3908,6,0,https://www.youtube.com/watch?v=5toSooFg0fU,68400,845,PF287650,나의 아저씨 [김해],연극,김해서부문화센터 하늬홀,2026-05-29,2026-05-30,,,,,,youtube_collect_targeted + signal_scorer: 신규 delete 후보,
jYp2fQGn25o,[4K SEOUL] 부산에서 가장 규모가 큰 오일장중하나인 하단5일장에 다녀왓습니다.,"구독과 좋아요, 알림설정은 서울 스트리트 - Seoul Street 의 다음 영상 제작에 큰 힘이 됩니다. 부탁드립니다.

#서울스트리트 #SeoulStreet #ソウル #首爾 #imagineyourkorea #한국관광공사 #kto #Street #Seoul #Tourist #Touristattractions #streetFashion #Gangnam #itaewon #Myeongdong #ASMR #Walk #southkorea #gangnamstyle #bts #blankpink #맛집 #술집 #카페 #서울 #강남 #이태원 #경리단길 #해방촌 #명동 #서촌 #북촌 #성수동카페거리 #건대앞 #익선동 #인사동 #종로3가 #로데오거리 #길거리패션 #여행지 #여행 #볼거리 #가볼만한곳 #거리뷰 #Busan #Daegu #Ulsan #Changwon #Seomyeon #Haeundae #Seomyeon #Dongsungro #Dongsungno #Sangnamdong #Samsandong #Dongnae #Gwangalli #Haeundaebeach #Gwangallibeach  #釜山 #釜山西面 #西面 #海云台 #海雲台 #広安里 #广安里 #廣安里 #부산 #대구 #울산 #창원 #서면 #동성로 #상남동 #삼산동 #해운대 #광안리 #부산서면 #해운대해수욕장 #광안리해수욕장 #부산관광지

저는 걷는 걸 좋아하고, 여행도 좋아합니다. 이 채널은 한국을 걸어서 여행하는 다양한 영상을  올리고 있습니다. 구독 부탁드립니다.

I like to walk and travel. This channel uploads various videos of walking around Korea. Please subscribe.

私は歩くことと旅行が好きです。 このチャンネルは、韓国を歩き回っている様々な映像をアップロードしている。 購読してください。

我喜欢散步和旅行。 这个频道上传了韩国各地旅行的各种视频。 请订阅。

Мне нравится ходить и путешествовать. Этот канал загружает различные видео прогулки по Корее. Пожалуйста, подпишитесь.

Me gusta caminar y viajar. Este canal subes varios videos de caminar por Corea. Por favor, abonadme.

Tôi thích đi bộ và du lịch. Kênh này đăng tải nhiều video đi bộ quanh Hàn Quốc. Các bạn đăng ký thật nhiều nha.",UCsErgCL3VXVPoHzRMhFUYyg,서울 스트리트,2022-12-10T07:00:12Z,884,14.73,False,219,3,0,https://www.youtube.com/watch?v=jYp2fQGn25o,741,367,PF287650,나의 아저씨 [김해],연극,김해서부문화센터 하늬홀,2026-05-29,2026-05-30,,,,,,youtube_collect_targeted + signal_scorer: 신규 delete 후보,
7_a-ZYmseyE,"[4K SEOUL] 부산에서 가장 붐비는 핫플레이스 5일장인 ""노포 5일장"" 워킹투어","구독과 좋아요, 알림설정은 서울 스트리트 - Seoul Street 의 다음 영상 제작에 큰 힘이 됩니다. 부탁드립니다.

#서울스트리트 #SeoulStreet #ソウル #首爾 #imagineyourkorea #한국관광공사 #kto #Street #Seoul #Tourist #Touristattractions #streetFashion #Gangnam #itaewon #Myeongdong #ASMR #Walk #southkorea #gangnamstyle #bts #blankpink #맛집 #술집 #카페 #서울 #강남 #이태원 #경리단길 #해방촌 #명동 #서촌 #북촌 #성수동카페거리 #건대앞 #익선동 #인사동 #종로3가 #로데오거리 #길거리패션 #여행지 #여행 #볼거리 #가볼만한곳 #거리뷰 #Busan #Daegu #Ulsan #Changwon #Seomyeon #Haeundae #Seomyeon #Dongsungro #Dongsungno #Sangnamdong #Samsandong #Dongnae #Gwangalli #Haeundaebeach #Gwangallibeach  #釜山 #釜山西面 #西面 #海云台 #海雲台 #広安里 #广安里 #廣安里 #부산 #대구 #울산 #창원 #서면 #동성로 #상남동 #삼산동 #해운대 #광안리 #부산서면 #해운대해수욕장 #광안리해수욕장 #부산관광지

저는 걷는 걸 좋아하고, 여행도 좋아합니다. 이 채널은 한국을 걸어서 여행하는 다양한 영상을  올리고 있습니다. 구독 부탁드립니다.

I like to walk and travel. This channel uploads various videos of walking around Korea. Please subscribe.

私は歩くことと旅行が好きです。 このチャンネルは、韓国を歩き回っている様々な映像をアップロードしている。 購読してください。

我喜欢散步和旅行。 这个频道上传了韩国各地旅行的各种视频。 请订阅。

Мне нравится ходить и путешествовать. Этот канал загружает различные видео прогулки по Корее. Пожалуйста, подпишитесь.

Me gusta caminar y viajar. Este canal subes varios videos de caminar por Corea. Por favor, abonadme.

Tôi thích đi bộ và du lịch. Kênh này đăng tải nhiều video đi bộ quanh Hàn Quốc. Các bạn đăng ký thật nhiều nha.",UCsErgCL3VXVPoHzRMhFUYyg,서울 스트리트,2022-12-14T07:00:02Z,725,12.08,False,69,4,0,https://www.youtube.com/watch?v=7_a-ZYmseyE,741,367,PF287650,나의 아저씨 [김해],연극,김해서부문화센터 하늬홀,2026-05-29,2026-05-30,,,,,,youtube_collect_targeted + signal_scorer: 신규 delete 후보,
tBq6FeeR9nY,"[4K] 부산 도시철도 2호선 수영역 팔도시장 먹거리 -  닭발의 지존, 원조산곰장어, 양곱창골목","구독과 좋아요, 알람설정은 서울 스트리트 - Seoul Street 의 다음 영상 제작에 큰 힘이 됩니다. 부탁드립니다.

#코리아스트리트 #KoreaStreet #ソウル #首爾 #Street #Seoul #Tourist #Touristattractions #streetFashion #Gangnam #itaewon #Myeongdong #ASMR #Walk #southkorea #gangnamstyle #bts #blankpink #맛집 #술집 #카페 #서울 #강남 #이태원 #경리단길 #해방촌 #명동 #서촌 #북촌 #성수동카페거리 #건대앞 #익선동 #인사동 #종로3가 #로데오거리 #길거리패션 #여행지 #여행 #볼거리 #가볼만한곳 #거리뷰 #Busan #Daegu #Ulsan #Changwon #Seomyeon #Haeundae #Seomyeon #Dongsungro #Dongsungno #Sangnamdong #Samsandong #Dongnae #Gwangalli #Haeundaebeach #Gwangallibeach  #釜山 #釜山西面 #西面 #海云台 #海雲台 #広安里 #广安里 #廣安里 #부산 #대구 #울산 #창원 #서면 #동성로 #상남동 #삼산동 #해운대 #광안리 #부산서면 #해운대해수욕장 #광안리해수욕장 #부산관광지

저는 걷는 걸 좋아하고, 여행도 좋아합니다. 이 채널은 한국을 걸어서 여행하는 다양한 영상을  올리고 있습니다. 구독 부탁드립니다.

I like to walk and travel. This channel uploads various videos of walking around Korea. Please subscribe.

私は歩くことと旅行が好きです。 このチャンネルは、韓国を歩き回っている様々な映像をアップロードしている。 購読してください。

我喜欢散步和旅行。 这个频道上传了韩国各地旅行的各种视频。 请订阅。

Мне нравится ходить и путешествовать. Этот канал загружает различные видео прогулки по Корее. Пожалуйста, подпишитесь.

Me gusta caminar y viajar. Este canal subes varios videos de caminar por Corea. Por favor, abonadme.

Tôi thích đi bộ và du lịch. Kênh này đăng tải nhiều video đi bộ quanh Hàn Quốc. Các bạn đăng ký thật nhiều nha.",UCsErgCL3VXVPoHzRMhFUYyg,서울 스트리트,2022-12-08T07:00:12Z,2609,43.48,False,121,7,0,https://www.youtube.com/watch?v=tBq6FeeR9nY,741,367,PF287650,나의 아저씨 [김해],연극,김해서부문화센터 하늬홀,2026-05-29,2026-05-30,,,,,,youtube_collect_targeted + signal_scorer: 신규 delete 후보,
pk0tczCnaJA,스타판 두 늙은이의 옛날 이야기... 그리고 진솔한 병맛 토크,"#김경모 #깨모 #임진묵
다시보기 : 2021/07/28
김경모 아프리카 : http://bj.afreecatv.com/kkmkhh1234
임진묵 아프리카 : https://bj.afreecatv.com/organ333

Track : 그 빵은 내꺼야
Music by 브금대통령 
Music provided by 브금대통령
Watch : https://youtu.be/Jyh4ETOLIhQ

Track : 참나 어이가없어서
Music by 브금대통령
Music provided by 브금대통령
Watch : https://youtu.be/sjMoahChxZo",UCKNQauOkv_t7sxl16gTROnA,깨모다,2021-07-28T12:23:49Z,609,10.15,False,38403,303,64,https://www.youtube.com/watch?v=pk0tczCnaJA,15100,974,PF223593,그때도 오늘 [창원],연극,3.15아트센터 소극장,2023-09-01,2023-09-02,,,,,,youtube_collect_targeted + signal_scorer: 신규 delete 후보,
WghYTdde0r8,[제78회 광복절 경축식] 신세계,"#광복절경축식 #신세계 #위자드콰이어
#광복절경축식#강릉세계합창대회#위자드콰이어#어린이합창단
#성악가김동규#소프라노한아름#클라시쿠스

2023.08.15 
제78회 광복절 경축식

성악가김동규 / 소프라노 한아름 / 클라시쿠스 / 위자드콰이어

[Wizard Chiildren's Choir]
공연문의 : 010-3927-3859
인스타그램 : @wizardchoir_official
홈페이지 : www.wizardchoir.com",UCQwbliW2ZNXR76t9dDXYsgQ,어린이합창단 위자드콰이어 ,2023-08-17T23:00:16Z,221,3.68,False,425,13,2,https://www.youtube.com/watch?v=WghYTdde0r8,473,86,PF253615,제78회 고양시립합창단 정기연주회 [고양],서양음악(클래식),고양아람누리 아람음악당,2024-12-12,2024-12-12,,,,,,youtube_collect_targeted + signal_scorer: 신규 delete 후보,
xieStcjJxCk,CLASSIC REVOLUTION 2022 - Mendelsshon & Korngold,"롯데콘서트홀 여름 음악 축제 🎉
CLASSIC REVOLUTION 2022


2022.8.12 Fri - 2022.8.21 Sun
티켓 오픈 ▶https://bit.ly/3MpXiPm


음악으로 하나되는 곳 - 롯데콘서트홀 ⓒLOTTEConcerthall",UCCxcy7ryeUyT-hkKmPpPIkg,롯데콘서트홀,2022-06-07T01:01:17Z,66,1.1,False,1193,7,0,https://www.youtube.com/watch?v=xieStcjJxCk,4800,204,PF247912,"포항국제음악제, 포항시립교향악단 & 선우예권",서양음악(클래식),포항문화예술회관 대공연장,2024-11-07,2024-11-07,,,,,,youtube_collect_targeted + signal_scorer: 신규 delete 후보,
zGjgANi3tPU,그리움이 서러워 - 조영희 작시/ 김유리 작곡/ 소프라노 주수연​​,"그리움이 서러워             

                      조영희 작시/ 김유리 작곡/ 소프라노 주수연​​
 

그리움이 복받쳐서 하늘만 바라보니 
해가 뜨나 달이 뜨나 말똥말똥 서러워라
 

꿈에라도 달빛이 적막을 잠재우면
그 사랑도 평온하게 단잠이 이뤄질까
나~~~~~~나나나
 

청실홍실 곱디곱게 언제쯤 엮어서
기러기 암수 한 쌍 가는 목에 걸어줄까


사랑도 한이 되는 전설 같은 인연의 설화
바람이 먹구름 걷어내니 저 하늘빛이 파랗다
나~~~~~~나나나


지역 주민과 함께하는 신작가곡 발표회
2020.7.22. 주최 : 포임앤스코어

https://www.youtube.com/watch?v=E6xOQmB-gH8

의정부문화재단
2020 경기예술활동 지원사업_의정부문화예술마중물프로젝트",UCbA5deAGQbfxUqmYh2yRLhA,"시, AI 선율로 피어나다",2020-08-14T07:33:11Z,362,6.03,False,413,8,0,https://www.youtube.com/watch?v=zGjgANi3tPU,1440,1521,PF236595,제73회 안산시립합창단 정기연주회,서양음악(클래식),안산문화예술의전당 해돋이극장,2024-03-28,2024-03-28,,,,,,youtube_collect_targeted + signal_scorer: 신규 delete 후보,
dqE7ToKZRrw,광주시립극단 제12회 정기공연 '나의 살던 고향',"광주시립극단 제12회 정기공연 '나의 살던 고향'

일시 : 2018.12.6(목)~12.8(토)
장소 : 광주문화예술회관 소극장
예매 : 광주문화예술회관 홈페이지
입장권 : 전석 1만원
관람 : 8세 이상 관람가
문의 : 광주시립극단 062-511-2759",UC_niZa3Fb6MLWUQT0z1whUA,광주시립극단,2018-11-19T00:21:13Z,39,0.65,True,422,0,0,https://www.youtube.com/watch?v=dqE7ToKZRrw,4,2,PF260894,"인천시립교향악단 기획연주회, 가족음악회 [인천]",서양음악(클래식),부평아트센터 해누리극장,2025-05-31,2025-05-31,,,,,,youtube_collect_targeted + signal_scorer: 신규 delete 후보,
vw7w6zTWKsM,제4회 문학산 음악회 - 푸치니 오페라 투란도트 '네순 도르마 : 공주는 잠 못 이루고 Puccini - Opera : Turandot 'Nessun dorma',"테너 정호윤 Tenor - Chung Ho-Yoon
with 인천시립교향악단

촬영 : Nikon D810 & AF-S NIKKOR 24-120mm f/4G ED VR

2019/08/31 SAT
문학산 정상
#문학산음악회 #네순도르마 #정호윤",UCJpJYH8wm7PRRiJHmMtfe8w,JH,2019-08-31T15:42:29Z,207,3.45,False,383,3,0,https://www.youtube.com/watch?v=vw7w6zTWKsM,525,684,PF260894,"인천시립교향악단 기획연주회, 가족음악회 [인천]",서양음악(클래식),부평아트센터 해누리극장,2025-05-31,2025-05-31,,,,,,youtube_collect_targeted + signal_scorer: 신규 delete 후보,
Pu0Rei1QERg,2021.09.28 새로운 시작! 어울림 1부 합창 걱정말아요 그대- you raise me up,"2021.09.28 정기연주회 
새로운 시작! 어울림 
대구예술대학교 공연융합예술전공 

응답하라- 걱정말아요 그대
you raise me up 

1부 마지막 합창 후 휴식시간 15분간 진행~

좋은 말씀과 함께 위로 연극 공연 

#어울아트센터 #대구예술대학교 #정기연주회 #대구공연 #가을공연",UCUge39O8hGtJRHmQ3X1148A,재경의 음악산책🎶,2021-10-28T16:18:57Z,254,4.23,False,36,0,0,https://www.youtube.com/watch?v=Pu0Rei1QERg,53,190,PF260894,"인천시립교향악단 기획연주회, 가족음악회 [인천]",서양음악(클래식),부평아트센터 해누리극장,2025-05-31,2025-05-31,,,,,,youtube_collect_targeted + signal_scorer: 신규 delete 후보,
9EJVhSEdpt8,[21.04.01.] 바이올린 김하영 귀국 독주회  ※대구공연/대구뮤지컬/대구연극/대구무료공연/대구문화/대구인디/대구재즈/대구영화/대구클래식/대구공연정보※,"일정 2021-04-01 (목)
시간 19:30
장소 대구콘서트하우스 챔버홀
금액 전석초대(사전문의 필수)
주최/주관 AM예술기획
문의 053-623-0684

대구문화발전소 http://cafe.daum.net/dg-cultural 다음카페
대구문화발전소 https://band.us/band/49860918 밴드
Daegu culture https://cafe.naver.com/a9403043 네이버 카페
대구공연관람모임  https://cafe.naver.com/dglimjonghyun 네이버 카페
                  http://cafe.daum.net/deagu-seeplay 다음카페
대구공연관람 및 정보문의  https://open.kakao.com/o/gQZXaUQb 오픈쳇팅방
한번 둘러보시고 가입하세요.

대구 공연 정보는 여기에 다 있다 https://dg-cultural.tistory.com/ 티스토리
대구 공연 정보는 여기에 다 있다  https://blog.naver.com/a9403043 네이버 블로그
대구공연정보   https://post.naver.com/a9403043?isHome=1  네이버 포스터
대구문화발전소   http://blog.daum.net/a94030431  다음 블로그
대구공연정보(유튜브)
https://www.youtube.com/channel/UCjTlbWQ2QLF5u6C9KCO1pbg?view_as=subscriber
대구공연리뷰(유튜브)
https://www.youtube.com/channel/UCgpi2LWn__GlGpNS75vcX2Q?view_as=subscriber
한번 둘러보세요.",UCjTlbWQ2QLF5u6C9KCO1pbg,대구 공연 정보,2021-03-22T11:09:47Z,11,0.18,True,80,1,0,https://www.youtube.com/watch?v=9EJVhSEdpt8,981,4315,PF245095,제6회 경산시립교향악단 정기연주회: Mozart & Dvorak,서양음악(클래식),천마아트센터 그랜드홀,2024-07-25,2024-07-25,,,,,,youtube_collect_targeted + signal_scorer: 신규 delete 후보,
xk9xepXbTfg,"브람스, 바이올린 협주곡 라장조 Op. 77 | J. Brahms, Violin Concerto in D Major, Op.77 | 다비트 라일란트 | 한수진","#국립심포니오케스트라 #브람스 #바이올린 #협주곡 #유플러스tv

국립심포니오케스트라 베토벤 교향곡 5번
KNSO Beethoven Symphony no.5 (2023.2.10) 

𝗣𝗥𝗢𝗚𝗥𝗔𝗠
브람스 바이올린 협주곡 라장조 Op. 77

00:00 시작
00:57 1악장 빠르지만 지나치지 않게 Allegro non troppo
25:20 2악장 느리게 Adagio
34:17 3악장 빠르고 익살스럽게, 그러나 너무 빠르지 않게 Allegro giocoso, ma non troppo vivace
46:36 바흐 무반주 바이올린 파르티타 1번 3악장의 두블레Double

𝗔𝗥𝗧𝗜𝗦𝗧
지휘 Conductor | 다비트 라일란트 David Reiland
바이올린 Violin | 한수진 Soojin Han
연주 Orchestra | 국립심포니오케스트라 Korean National Symphony Orchestra

𝗜𝗡𝗙𝗢
공연명: 국립심포니오케스트라 베토벤 교향곡 5번
일자: 2023. 2. 10. (금) 오후 7시 30분
장소: 예술의전당 콘서트홀

※ 본 공연은 U+tv에서 돌비 애트모스(Dolby Atmos) 음향으로 감상하실 수 있습니다.

👉 국립심포니오케스트라 바로가기 
- 홈페이지 https://bit.ly/3jOih2l 
- 인스타그램 https://url.kr/c5xtdn
- 페이스북 https://url.kr/4omrk1
- 카카오톡 친구 https://url.kr/n1wytg",UCoMo9mcWR5f_pPjdbacLaIw,국립심포니오케스트라,2024-04-22T05:04:46Z,3044,50.73,False,10825,201,32,https://www.youtube.com/watch?v=xk9xepXbTfg,49800,833,PF230315,서울시향 크리스티안 테츨라프의 브람스 바이올린 협주곡 2,서양음악(클래식),롯데콘서트홀,2024-09-06,2024-09-06,,,,,,youtube_collect_targeted + signal_scorer: 신규 delete 후보,
7WiWnyA1McE,"Wagner - Götterdämmerung : ""Schläfst du, Hagen, mein Sohn?"" _ 바리톤 양준모 Bar. Antonio Yang","Wagner - Götterdämmerung Act 2 : ""Schläfst du, Hagen, mein Sohn?""
바그너 - 신들의 황혼 -  ""내 아들 하겐, 자고 있느냐?""

Alberich .......... Antonio Yang
Hagen .......... Gary Jankowski

2010.09.02-19

------------------------------------------------------------------------
제 2 막

군터의 회당 앞 강기슭공간.
오른쪽으로 회당으로 들어가는 열린 입구. 왼쪽은 라인강 기슭. 여기로부터 다양한 산길을 통해 갈라진 바위투성이의 언덕이 무대 위로 가로질러 오른쪽을 향해서 배경 쪽으로 올라가고 있다. 거기에 프리카를 위해 세워진 봉헌석이 보인다. 더 높이 올라가서 그것에 대응해 보탄을 위한 더 커다란 봉헌석 및 그 옆쪽에 도너에게 바쳐진 같은 크기의 봉헌석이 서 있다. 밤.


제 1 장

팔에 창을, 방패를 옆에 두고 회당 기둥에 기대앉아 하겐이 잠자고 있다. 달이 갑자기 떠올라 번쩍이는 빛을 하겔과 그의 가까운 주변에 던진다. 하겐 앞에 쪼그리고 팔을 그의 무릎에 기댄 알베리히가 보인다.


알베리히
(조용히)
내 아들 하겐, 자고 있느냐?
안식과 수면이 배반한
나의 말이 잠 때문에 안 들리느냐?

하겐
(움직이지 않은 채로 눈을 뜨고도, 계속 그가 잠자고 있는 것처럼 보이도록 움직이지 않고 조용하게)
사악한 알베리히, 듣고 있습니다.
자고 있는 내게 무슨 할 말이 있습니까?

알베리히
말일 어미가 나에게 낳아주었듯이
그렇게 네가 용감하다면
네가 지배할
권력을 잊지 말기를!

하겐
(계속 먼저처럼)
어머니가 나에게 용기를 주었어도
아버지의 꾀에 그녀가 져버린 것에 대해선
아버지에게 감사하고 싶은 마음이 없습니다.
나는 조숙하고 음험하고 창백한 얼굴로
기뻐하는 자들을 증오하며 결코 기뻐하는 적이 없거든요!

알베리히
(먼저처럼)
하겐, 내 아들아! 쾌락에서 해방된 자,
고통의 멍에를 진 자인 나를 네가 도리만큼 사랑한다면
기뻐하는 자들을 증오하거라!
네가 힘 있고 용감하고 영리하다면
우리가 야간 전쟁으로써 맞서 싸우는
그들에게 우리의 질투는 벌써 곤경을 가져다 줄 거다.
예전에 나에게서 반지를 빼앗아간
그 성난 도적 보탄,
그는 자신의 종족에 의해 격파되었다.
벨중에게 그는 힘과 권력을 잃었어.
신들의 온 혈족과 더불어
그는 불안에 싸여 그의 종말을 지켜보고 있다.
난 더 이상 그를 무서워하지 않는다.
그는 모든 자들과 함께 망하고 말 걸!
자고 있느냐, 내 아들 하겐?

하겐
(먼저처럼 변함없이)
영원자들의 권력, 그것을 누가 상속합니까?

알베리히
내가, 그리고 너야! 우리가 세계를 상속하는 거다.
너의 신의 속에서 내가 기만당하지 않는다면
넌 내 증오와 원한을 같이하고 있어.
뱀, 파프너를 싸움에서 쓰러뜨리고
어린애같이 반지를 얻어낸
그 벨중이 보탄의 창을 쪼개놓았다.
그는 온갖 권력을 획득했지.
발할과 니벨하임이 그에게로 기울고 있어.
(계속 은밀하게)
공포를 모르는 영웅에게선
내 저주조차도 마비되어 버린다.
그는 반지의 가치를 알지 못해서
그 선망의 권력을 아무데도 이용하지 않기 때문이지.
사랑의 열정 속에서 웃으며 산채로 타올라 버리지.
이제 우리에게 도움이 될 일은
그를 죽이는 것뿐이야!
자고 있느냐, 하겐, 내 아들아?

하겐
(먼저처럼)
그는 벌써 나에게 이용당해 멸망으로 향하고 있습니다.

알베리히
그 금반지,
그 반지를 빼앗아야 해!
한 지혜로운 여자가 그를 위해서 살고 있다.
그 여자가 그에게 강의 심연에서
예전에 나를 우롱했던 그 라인의 처녀들에게
반지를 돌려주라고 충고라도 하는 날엔
나는 그 황금을 잃어버리는 거고
어떤 꾀를 써서도 그것을 얻지 못하게 된다.
그러니 망서리지 말고 그 반지를 목표로 하거라!
영웅에 대항하여 네가 나를 위해 단단히 서도록.
용감한 너를 낳았던 것이다.

실제 벨중에게만 정해진
그 뱀을 이길 정도로 충분히 강하진 않아도,
증오에는 강하도록 나는 하겐을 길렀다.
그는 이제 나를 위해 복수를 하고
반지를 얻어서
그 벨중과 보탄을 조롱거리로 만들어야 하는 거다!
그걸 내게 맹세하겠느냐, 하겐, 내 아들아?

(점점 어두워지는 그림자가 알베리히를 덮는다. 동시에 첫 여명이 시작된다)


하겐
(계속 먼저처럼)
그 반지는 내가 가질 겁니다.
가만히 기다리기나 하십시오.

알베리히
그걸 내게 맹세하겠느냐, 하겐, 내 영웅아?

하겐
내 자신에게 그걸 맹세하겠습니다.
걱정은 그만두십시오!

알베리히
(모습이 점점 더 시야에서 사라져버림과 아울러 그의 목소리 역시 점점 들리지 않게 된다)
신의를 지켜라, 하겐, 내 아들아!
소중한 영웅--- 신의를 지켜라!
신의를 지켜! 신의를!",UCWyjz4l6j930xfkhaMX0J-A,j s,2023-05-08T09:00:04Z,633,10.55,False,349,11,1,https://www.youtube.com/watch?v=7WiWnyA1McE,1260,218,PF258352,국립오페라단 정기공연 오페라: 트리스탄과 이졸데,서양음악(클래식),예술의전당 [서울] 오페라극장,2025-12-04,2025-12-07,,,,,,youtube_collect_targeted + signal_scorer: 신규 delete 후보,
2yF0VebxnRE,제39회 한국합창제   의정부시립소년소녀합창단,"제39회 한국합창제
2016 The 39nd Korean Choral Festival
소년소녀합창연합회
2016.9.4.(일 7:0pm  국립극장 해오름
주최 : (사)한국합창총연합회",UClwh5un2nkP1vLs6oc9u20g,사단법인 한국소년소녀합창연합회,2021-04-15T01:29:54Z,439,7.32,False,401,3,0,https://www.youtube.com/watch?v=2yF0VebxnRE,393,246,PF287218,제38회 용인시립청소년오케스트라 정기연주회 [용인],서양음악(클래식),용인포은아트홀,2026-03-22,2026-03-22,,,,,,youtube_collect_targeted + signal_scorer: 신규 delete 후보,
db2pBOGC5h4,"제43회 장애인의 날 기념 제20회 사랑의 음악회 2부_연합합창단 '목련화, 아름다운 나라, 오! 해피데이'","제43회 장애인의 날 기념 제20회 사랑의 음악회
일시 : 2023.04.18
장소 : 롯데콘서트홀",UCKfHZBPsndHfJbtf9Roitpg,예그리나,2023-06-26T07:18:29Z,738,12.3,False,105,7,0,https://www.youtube.com/watch?v=db2pBOGC5h4,137,94,PF287218,제38회 용인시립청소년오케스트라 정기연주회 [용인],서양음악(클래식),용인포은아트홀,2026-03-22,2026-03-22,,,,,,youtube_collect_targeted + signal_scorer: 신규 delete 후보,
0uShrrtQGqM,7. 공연후기,"2021 경기도 교육청 사회단체보조금 지원사업
제3회 경기도 꿈의무대 화성시 어울림오케스트라 비대면 연주회
동탄목동이음터센터 이음홀
2021.11.13

1. G. Bizet : L`arlesienne Suite No.2 IV. Farandole - 어울림 오케스트라
2. Hisaishi Joe : Summer  - 어울림 오케스트라
3. Can Can - 어울림 오케스트라
4. F.Seitz Violin Concerto No.2 mov.3 - 바이올린 김푸름
5. Romberg Cello Sonata No 4 from Duo Op 38 No 1 - 첼로 김제우
6. V. Monti : Czardas - 바이올린 이중엽
7. 공연후기",UCM5CY4u1B_pQaCCIJ9BbQWg,탑교육문화원,2021-11-19T16:02:44Z,119,1.98,False,146,,0,https://www.youtube.com/watch?v=0uShrrtQGqM,25,44,PF287218,제38회 용인시립청소년오케스트라 정기연주회 [용인],서양음악(클래식),용인포은아트홀,2026-03-22,2026-03-22,,,,,,youtube_collect_targeted + signal_scorer: 신규 delete 후보,
6H8O5KGHnjo,[샹송] 시나 with 군산시립교향악단 - Non je ne regrette rien,"Sina & Gunsan Philharmonic Orchestra - Brunch concert 

2015.10.8.Gunsan Art Hall

☛ 시나 - Facebook page
https://www.facebook.com/sinakowan

☛ 시나 - 네이버 뮤지션 리그
http://music.naver.com/ML/sinamusique

☛ 르 프렌치코드(Le french code) - Youtube channel
https://www.youtube.com/c/lefrenchcode

☛ 르 프렌치코드(Le french code) - Blog
http://blog.naver.com/dior_sa

#시나 #군산시립교향악단 #르프렌치코드 - Instagram
▶ https://www.instagram.com/lefrenchcode/",UCk-mmJvZNviFe5tZ5GaJ7mQ,르프렌치코드 Le french code,2015-10-09T02:47:56Z,149,2.48,False,499,0,0,https://www.youtube.com/watch?v=6H8O5KGHnjo,1470,1251,PF278562,군산시립예술단 합동연주회: 송년음악회,서양음악(클래식),군산예술의전당 대공연장,2025-12-18,2025-12-18,,,,,,youtube_collect_targeted + signal_scorer: 신규 delete 후보,
o50qbYtKYEE,인천 어린이청소년 시민을 위한 [2024 인천시립소년소녀합창단 신규단원 모집 공고] 안내,"2024년 ""인천시립소년소녀합창단""이 창단된다는 멋진 소식이 있어 안내합니다!

인천 어린이&청소년을 위한..
문화예술교육 및 예술적 소양함양을 위한..
인천시립소년소녀합창단의 창단을 축하합니다!

인천시립합창단(전문음악인으로 구성)은 해외에서도 그 실력을 인정받은 유명한 합창단 중 하나인데, 어린이청소년 합창단이 창단된다니, 그 활약이 참으로 기대됩니다!^^

인천시민으로 한국예술과 문화를 
한국을 넘어 세계에 널리 알리게 될 인천시립소년소녀합창단을 기대하면서
이번 신규단원 모집공고를 안내합니다.

* 모집인원: 최대 50명
* 응시자격: 초등 3학년-중등 2학년
- 현재 인천시에 주민등록된 자 또는
- 인천 소재 학교에 재학중인 자
- 보호자(법정대리인) 동의를 받은 자
- 국적무관
* 접수기간: 2024.2.7(수) 9시부터 2.16(금) 18시까지
* 접수방법: 방문 또는 우편접수
* 전형방법: 실기 및 면접

* 제출서류와 전형방법을 확인하세요!

인천어린이시민 & 인천청소년시민의 멋진 활약을 인천시민이 응원합니다!",UCz3brd5Puo_29jO-YjoLbwQ,인천시민,2024-02-02T01:00:20Z,29,0.48,True,595,8,0,https://www.youtube.com/watch?v=o50qbYtKYEE,42,55,PF261718,제2회 인천시립소년소녀합창단 정기연주회 [인천],서양음악(클래식),아트센터 인천 콘서트홀,2025-04-05,2025-04-05,,,,,,youtube_collect_targeted + signal_scorer: 신규 delete 후보,
f0l-OC1M-SQ,항해 (4중창) - 충남대학교 합창단 45회 정기연주회,"충남대학교 합창단 창단 50주년 기념 제45회 정기연주회
'공명 : 하나의 울림' (2024.11.30)
Stage 3 항해 (4중창)

지휘 : 정서현
반주 : 김민지
소프라노 : 강문정
알토 : 손효원
테너 : 최윤석
베이스 : 손태현",UC4BU6UZ5hrVp8GeYX_zPRGg,충남대학교 합창단 CNUC,2025-09-05T06:05:17Z,317,5.28,False,443,8,0,https://www.youtube.com/watch?v=f0l-OC1M-SQ,123,81,PF259785,제122회 포항시립합창단 정기연주회: 항해,서양음악(클래식),포항문화예술회관 대공연장,2025-03-27,2025-03-27,,,,,,youtube_collect_targeted + signal_scorer: 신규 delete 후보,
zR_-yLk3eH8,울진군립합창단 - 항해,"행사명: 제36회 경북합창제
일   시: 2025.09.27.(토) 12:00 / 16:30
장   소: 대가야문화누리 우륵홀
공연팀: 경북 시군합창단 총 27팀",UCuuFCtvQBoAt8wJj1cuvpbw,고령문화원,2025-10-18T06:22:47Z,304,5.07,False,136,2,0,https://www.youtube.com/watch?v=zR_-yLk3eH8,1280,314,PF259785,제122회 포항시립합창단 정기연주회: 항해,서양음악(클래식),포항문화예술회관 대공연장,2025-03-27,2025-03-27,,,,,,youtube_collect_targeted + signal_scorer: 신규 delete 후보,
63_Az-_mioI,[해운대구립소년소녀합창단]  노래로 하나 되는 세상 (이현철 곡),"해운대구립소녀소녀합창단
제31회 정기연주회 
2022.11.12 17:00 해운대문화회관 해운홀
음악감독 (지휘) : 권영기 
반주 : 김민희  / 트레이너 : 박지은, 정재연  / 안무 : 이윤혜

1999년 창단한 해운대구립 소년소녀합창단은
23년의 역사와 전통을 지닌 부산의 관광특구 해운대를 대표하는 
문화 예술단으로 현재까지 31회의 정기 연주회 개최를 비롯해 
제1회 부산 국제 영화제 개막식 초청 공연 및 
부산항 개항 133-142-143주년 기념행사 초청 공연
세계적인 소프라노 조수미, 가수 인순이씨, 양희은 씨와 협연
제14회 부산국제 합창대회 “특별상” 수상 등
매년 관 내외 연 15~20회 이상의 공연과 행사 지원을 통해 
부산시민들과 해운대 구민들을 위해 웃음과 감동의 하모니를 
선사하며 미래의 꿈을 키워가고 있는 해운대구의 상징적인 
명문 소년소녀 합창단.

2022년 연주 활동 (12회)
05.20 부산청소년예술제 부산음악협회 초청공연 (부산문화회관 챔버홀)
06.25 2022 오페라주역초청음악제 초청공연 (부산문화회관 중극장)
07.20 부산외교포럼 창립식 및 기념 세미나 (웨스틴조선 그랜드볼륨)
      2030 부산월드엑스포 성공유치기원 이영희 특별 패션쇼 초청공연
08.26 2022 통일음악회 남북 가곡의 밤 통일문화교류협회  
09.24 2022 부산 V-Festival 개최식 초청공연 (부산자원봉사연합회)
10.22 해운대구 달빛 공연 (해운대 달맞이 공원) 
11.12 제31회 정기연주회 (해운대문화회관 해운홀)
12.03 2022 평화야~가자! (부산 진구청대강당)
12.08 평화통일 음악회 아지무스오페라단 초청 (부산시민회관)  
12.09 2022 부산자원봉사자 대회 시상식 (부산 백스코)
12.09 부산교통공사주최 청소년사회공헌합창제(부산교대 그랜드홀)
12.28 Fragrance Choir 창단공연 초청공연 (해운대문화회관)",UCDd5YhlnRL8O5VBeoXqmjtg,bluchoir,2022-12-02T14:26:22Z,231,3.85,False,587,11,0,https://www.youtube.com/watch?v=63_Az-_mioI,875,325,PF260903,제31회 춘천시립청소년합창단 정기연주회,서양음악(클래식),춘천문화예술회관 공연장,2025-04-12,2025-04-12,,,,,,youtube_collect_targeted + signal_scorer: 신규 delete 후보,
twvUc8dzBag,도농청소년오케스트라기획공연《언니오빠가 들려주는 음악이야기》캐리비안의 해적ost,"2019.8.7(수) 오전11시.다산아트홀
후원:경기문화재단,다산행정복지센타
클래식에 입장할수 없는 관내 6.7세와 청소년을위한 기획공연",UCneYMrnoJs2GzDnfhGRXTmw,gloria cho,2019-09-12T05:28:36Z,356,5.93,False,246,4,0,https://www.youtube.com/watch?v=twvUc8dzBag,26,33,PF260903,제31회 춘천시립청소년합창단 정기연주회,서양음악(클래식),춘천문화예술회관 공연장,2025-04-12,2025-04-12,,,,,,youtube_collect_targeted + signal_scorer: 신규 delete 후보,
_im7Fa79CRw,양산시립합창단 단체공연(2018/양산 삼량문화축전 개막식 축하공연) 양산둔치 특설무대,"장소/양산둔치(특설무대)
공연일/2018/10/12일
양산시립합창단 단체공연
촬영감독/김종경",UCyNL7d7hW334U1Sb7cbZMhw,전국트로트가요 .영상감독 김종경,2018-11-01T10:03:32Z,506,8.43,False,863,7,0,https://www.youtube.com/watch?v=_im7Fa79CRw,25600,8705,PF260903,제31회 춘천시립청소년합창단 정기연주회,서양음악(클래식),춘천문화예술회관 공연장,2025-04-12,2025-04-12,,,,,,youtube_collect_targeted + signal_scorer: 신규 delete 후보,
BjjTKN3trGI,주안에서 /흔들리며 피는꽃,"2018.11.18.하안성당
평신도의날 폐막미사중
초등자모회 합창단",UCggzm8KnvRx_P4ZUI6m-2gg,mari마리,2018-11-27T15:09:19Z,232,3.87,False,118,0,0,https://www.youtube.com/watch?v=BjjTKN3trGI,47,7,PF260903,제31회 춘천시립청소년합창단 정기연주회,서양음악(클래식),춘천문화예술회관 공연장,2025-04-12,2025-04-12,,,,,,youtube_collect_targeted + signal_scorer: 신규 delete 후보,
KQ81v6r5suc,♬디스코메들리♬춤추며노래합창☆찰리^허숙^임찬미^최유진^고은영^최희선^임봉☆초안산 어르신 문화센터*청춘만세☆,2019.11.6,UCNf99LJDiSgonFfkDFQO-XQ,임봉수~트로트TV♡(방황하지마)임봉,2018-11-06T19:10:49Z,234,3.9,False,215,7,1,https://www.youtube.com/watch?v=KQ81v6r5suc,18100,26708,PF278769,창원시립예술단 송년음악회,서양음악(클래식),성산아트홀 대극장,2025-12-23,2025-12-23,,,,,,youtube_collect_targeted + signal_scorer: 신규 delete 후보,
xcVTTwThoVc,[21.05.21.] 대구시립합창단 단원음악회 '토스티를 노래하다',"일정    2021-05-21 (금)
시간    19:30
장소    대구콘서트하우스 챔버홀
금액    A석 16,000 / B석 10,000
관람시간    90분 정도
관람등급    초등학생 이상
주최/주관    대구시립예술단 / 대구시립합창단
문의    티켓예매 및 문의 : 인터파크 1661-2431 (전화예매) / 공연문의 : 053-250-1495

https://tickets.interpark.com/goods/21003666

대구문화발전소 http://cafe.daum.net/dg-cultural 다음카페
대구문화발전소 https://band.us/band/49860918 밴드
Daegu culture https://cafe.naver.com/a9403043 네이버 카페
대구공연관람모임  https://cafe.naver.com/dglimjonghyun 네이버 카페
                  http://cafe.daum.net/deagu-seeplay 다음카페
대구공연관람 및 정보문의  https://open.kakao.com/o/gQZXaUQb 오픈쳇팅방(쳇방은 승인후)
라인워크   https://home.worksmobile.com/main/
한번 둘러보시고 가입하세요.

대구 공연 정보는 여기에 다 있다 https://dg-cultural.tistory.com/ 티스토리
대구 공연 정보는 여기에 다 있다  https://blog.naver.com/a9403043 네이버 블로그
대구공연정보   https://post.naver.com/a9403043?isHome=1  네이버 포스터
대구문화발전소   http://blog.daum.net/a94030431  다음 블로그
대구공연정보(유튜브)
https://www.youtube.com/channel/UCjTlbWQ2QLF5u6C9KCO1pbg?view_as=subscriber
대구공연리뷰(유튜브)
https://www.youtube.com/channel/UCgpi2LWn__GlGpNS75vcX2Q?view_as=subscriber
대구공연 즐기자(유튜브)
https://www.youtube.com/channel/UCsQDIols2t2-qB9VIVQFk4A
한번 둘러보세요.",UCjTlbWQ2QLF5u6C9KCO1pbg,대구 공연 정보,2021-05-09T04:14:45Z,18,0.3,True,34,1,0,https://www.youtube.com/watch?v=xcVTTwThoVc,981,4315,PF278769,창원시립예술단 송년음악회,서양음악(클래식),성산아트홀 대극장,2025-12-23,2025-12-23,,,,,,youtube_collect_targeted + signal_scorer: 신규 delete 후보,
50oID7_FwIw,"광주시립교향악단, 2020 송년음악회","✔일시 : 2020.12.11 Fri. 7:30 pm
✔장소 : 광주문화예술회관 대극장
✔관람료 : R석 3만원 S석 2만원 A석 1만원

✔출연진
지휘 장윤성
피아노 문지영

✔Program

L.v.Beethoven, Coriolan Overture Op. 62
베토벤 코리올란 서곡 작품 62 

L.v.Beethoven, Piano Concerto No. 4, Op. 58
베토벤 피아노 협주곡 4번 작품 58  

L.v.Beethoven, Symphony No. 5 in C minor, Op. 67 ""Schicksal"" 
베토벤 교향곡 5번 작품 67 “운명”


티켓 예매
http://facility.ticketlink.co.kr/product/list?partnerNo=36qwdcFldF8uqDge3LsWpg==",UCY9z4_Nz-c9zUaYSVNIFCKQ,광주시립교향악단 Gwangju Symphony Orchestra,2020-11-27T00:18:15Z,31,0.52,True,606,6,0,https://www.youtube.com/watch?v=50oID7_FwIw,3110,49,PF278769,창원시립예술단 송년음악회,서양음악(클래식),성산아트홀 대극장,2025-12-23,2025-12-23,,,,,,youtube_collect_targeted + signal_scorer: 신규 delete 후보,
vSwDjjf8jbg,오페라 갈라콘서트 2017송년음악회,"제18회 (사)한러오페라단 정기연주회
영산아트홀 2017.12.19.화 pm7시30분",UCVFNjX0FZBVP42Kb4k2eBlg,박재현,2017-12-31T05:46:04Z,7721,128.68,False,435,2,0,https://www.youtube.com/watch?v=vSwDjjf8jbg,279,87,PF278769,창원시립예술단 송년음악회,서양음악(클래식),성산아트홀 대극장,2025-12-23,2025-12-23,,,,,,youtube_collect_targeted + signal_scorer: 신규 delete 후보,
p1zVpx6mbOU,2021 상설공연 우리동네 예술무대 하이라이트,"2021 상설공연 우리동네 예술무대
2021.6.3.목 ~ 2021.9.17.금까지 
총 10회에 걸쳐 다양한 공간에서 진행된 우리동네 예술무대의 공연들을
하이라이트 영상으로 만나보실 수 있습니다!

§출연아티스트§
00:00 오프닝
00:20 인천콘서트챔버
00:45 가야금LAB오드리
01:17 남달리트리오
01:44 최윤미( The Bliss Korea)
02:12 인천재즈올스타밴드
02:39 클레프아츠
03:08 퓨전국악 경지
03:36 노이노이
04:04 상상이상
04:32 워너비컴퍼니

홈페이지 : http://www.iscf.kr
facebook : https://www.facebook.com/iscf2018
instagram : https://www.instagram.com/iscf.kr
e-mail : iscf@iscf.kr
tel : 032)567-1160",UCPmTLZd8br-YhWIqIbePx3w,인천서해구문화재단,2021-09-30T06:53:59Z,307,5.12,False,303,5,0,https://www.youtube.com/watch?v=p1zVpx6mbOU,1410,458,PF278172,"인천시립교향악단 기획연주회, 송년음악회 [인천]",서양음악(클래식),인천문화예술회관 대공연장,2025-12-26,2025-12-26,,,,,,youtube_collect_targeted + signal_scorer: 신규 delete 후보,
cRi8UnXJGCw,2021클래식앙상블 송년음악회 '음악여행 어디까지 가봤니?' 한국편,"2021.12.11.sk아트리움 대공연장
기획. 박혜정

한국민요메들리
(진도아리랑, 풍년가, 뱃노래, 새야새야, 한오백년, 경복궁타령, 아리랑)
편곡. 홍유강
Piano 이성희, 박혜정, 이영선, 서영미
Tenor 김경천 / Baritone 서용교

쾌지나칭칭
편곡. 남다혜
Piano 박혜정, 이성희, 서영미, 이영선",UCVZv6cL02lW2ZWB7Fmus_lA,HS라이브중계,2022-01-22T04:30:38Z,990,16.5,False,327,10,0,https://www.youtube.com/watch?v=cRi8UnXJGCw,1180,62,PF278172,"인천시립교향악단 기획연주회, 송년음악회 [인천]",서양음악(클래식),인천문화예술회관 대공연장,2025-12-26,2025-12-26,,,,,,youtube_collect_targeted + signal_scorer: 신규 delete 후보,
dCpjQcQB8pY,인천서구립소년소녀합창단(지휘자 박문전),"창작합창뮤지컬 ""정서진아리랑(작곡:박수경)"" 중 정서진아리랑 (지휘:박문전,  반주:윤지선, 곡중솔로:이해빈/최예나) - 2014/6/28(토)18:30/in 신현교회",UCGwUF2h-8Ml7kCuN09sLXGw,lgu2181063,2014-06-28T15:23:34Z,236,3.93,False,1100,19,0,https://www.youtube.com/watch?v=dCpjQcQB8pY,4,2,PF244242,제1회 인천시립소년소녀합창단 정기연주회,서양음악(클래식),아트센터 인천 콘서트홀,2024-07-20,2024-07-20,,,,,,youtube_collect_targeted + signal_scorer: 신규 delete 후보,
DH4GsusXHpQ,2021 제3회 제주특별자치도립예술단 합동공연 CM,"2021 제3회 제주특별자치도립예술단 합동공연 CM

[Carmina Burana : 카르미나 부라나]
2021.7.3.(토) 19시 서귀포예술의전당 대극장",UCZGZ9gim1CQ__Jpl2XopAkg,제주특별자치도립 서귀포예술단,2021-06-01T06:49:08Z,39,0.65,True,221,5,1,https://www.youtube.com/watch?v=DH4GsusXHpQ,899,323,PF280665,제주특별자치도립 제주예술단 송년음악회,서양음악(클래식),제주문예회관 대극장,2025-12-11,2025-12-11,,,,,,youtube_collect_targeted + signal_scorer: 신규 delete 후보,
J64KGophvnE,서귀포합창단_Lightly Stepped a Yellow Star_Dan forrest_Seogwipo Chorale_지휘 최상윤,"제주도립 서귀포합창단 제71회 정기연주회
봄과 꽃의 노래

곡명 : Lightly Stepped a Yellow Star (Perc. 이은경)
작곡 : Dan forrest

Seogwipo Chorale
Sang-Yun Choi .Conductor
(THU) April 7, 2022 Seogwipo Arts Center(Grand Theater)

제주도립서귀포합창단
지휘 최상윤
2022.04.07(목) 서귀포예술의전당 대극장",UCZGZ9gim1CQ__Jpl2XopAkg,제주특별자치도립 서귀포예술단,2022-04-22T01:48:11Z,266,4.43,False,134,,0,https://www.youtube.com/watch?v=J64KGophvnE,899,323,PF280665,제주특별자치도립 제주예술단 송년음악회,서양음악(클래식),제주문예회관 대극장,2025-12-11,2025-12-11,,,,,,youtube_collect_targeted + signal_scorer: 신규 delete 후보,
YOYyiS2MJ-M,◈ 제주특별자치도립 제주합창단 기획연주회 ◈,"제주특별자치도립 제주합창단 기획연주회
     
- Glocai Te-ju!  (탐라를 탐하라 I) -

- 제주아트센터 : 2016.2.18 목  오후 7시 30분 -",UCQhyKQHtpWlp2K2J70MR6sA,이영림,2016-02-26T00:56:57Z,190,3.17,False,732,1,0,https://www.youtube.com/watch?v=YOYyiS2MJ-M,6,5,PF280665,제주특별자치도립 제주예술단 송년음악회,서양음악(클래식),제주문예회관 대극장,2025-12-11,2025-12-11,,,,,,youtube_collect_targeted + signal_scorer: 신규 delete 후보,
9iDZJlaKN5g,"제주 돌담만리/ 이청리 시, 양진경 곡/ 제주도립제주합창단","2015.02.03. pm 7:30 제주 문예회관 대극장 
창작 합창곡의 밤 [아름다운 제주의 노래]
지휘 조지웅(제주도립합창단)",UCnsXLySUdUipeLzDTMVB7lA,Jinkyung yang,2020-07-05T08:38:14Z,242,4.03,False,407,21,10,https://www.youtube.com/watch?v=9iDZJlaKN5g,51,6,PF280665,제주특별자치도립 제주예술단 송년음악회,서양음악(클래식),제주문예회관 대극장,2025-12-11,2025-12-11,,,,,,youtube_collect_targeted + signal_scorer: 신규 delete 후보,
L76cwXf60T8,"이인원 작곡 창과 관현악 '아! 심청아''(지휘/임평용, 연주/KBS국악관현악단, 2003.6.22, KBS홀)","#이인원 #심청가 #한국국악교육원
이인원 작곡 창과 관현악 '아! 심청아''(지휘/임평용, 연주/KBS국악관현악단, 2003.6.22, KBS홀)

- 곡목 해설 -
창극 심청가 중에서 심청과 심봉사가 상봉하는 대목을 중심으로 꾸몄다. 심청이 바닷물에 빠지기전에 부르는 비탄에 찬 아리아 '배의 밤이 몇밤인고', 심봉사가 도화동을 떠나면서 부르는 노래 '도화동아 잘있거라'가 중모리로 불린다. 이어서 황궁의 맹인잔치에 참가한 심봉사가 부르는 '도화동 심학규요'와 심봉사가 눈뜨는 마지막 대목 ''내 딸이면 어디보자'가 자진모리의 극적인 이중창으로 불린다

국악지도사 자격시험 및 강습 문의 : 한국국악교육원(T.02-394-3480, 서울 강북구 도봉로 150, 창림빌딩 5층)

 작곡가 이인원 약력
   - 한양대학교 대학원 국악과 졸업
   - 서울시립국악관현악단 기획위원
   - 국립국악관현악단 부지휘자
   - 국립창극단 지휘자
   - 객석 국악평론 당선
   - 동국대 및 호원대 겸임교수
   - 현재 / 한국국악교육원 원장
                 (사)국제문화교류위원회 부총재
                 서울시 보조금 심의위원, 서울문화재단 평가위원
   - 주요 작품: 해금협주곡 '월워리청청', 몽금포타령주제에 의한 변주곡, 아리랑환상곡(국악관현악 편곡)

한국국악교육원 카페 http://cafe.daum.net/gugakedu",UC3fDXEJh-F2znT93Aknezxg,한국국악교육TV,2022-02-24T23:00:14Z,356,5.93,False,182,4,0,https://www.youtube.com/watch?v=L76cwXf60T8,1160,252,PF248136,"대한민국은 공연중, 국립국악관현악단: 격, 한국의 멋",한국음악(국악),국립극장 해오름극장,2024-10-25,2024-10-25,,,,,,youtube_collect_targeted + signal_scorer: 신규 delete 후보,
uvmQBggu2Xk,제15회 의정부음악극축제 개막작 The War,"제목 : The War
단체명 : 사운드라마 스튜디오 SounDrama Studio/ 러시아 모스크바

공연일시 : 2016.5.13(금) 오후8시 / 5.14(토) 오후5시 (총 2회)
관람연령 : 14세 이상 관람가
런닝타임 : 135분 (인터미션 없음)
장소 : 의정부예술의전당 대극장
티켓가격 : R석 7만원 S석 5만원 A석 3만원 B석 2만원 

원작 
일리아드_호메로스
영웅의 죽음_리차드 올딩턴
어느 기병대 장교의 편지_니콜라이 구밀료프

언어 : 러시아어, 영어, 고대 그리스어, 우크라이나어
자막 : 한글

초연 : 2014년 에든버러 인터내셔널 페스티벌 킹스 씨어터 


공동제작 : 체호프 인터내셔널 씨어터 페스티벌
           에든버러 인터내셔널 페스티벌

스태프

연출 블라디미르 판코프 Vladimir Pankov 
안무 세르게이 지믈랸스키 Sergei Zemlyansky 
     예까테리나 키슬로바 Ekaterina Kislova 
음악감독, 작곡 아르촘 김 Artyom Kim 세르게이 로듀꼬프 Sergey Rodukov 
세트, 의상디자인 막심 오브레즈코프 Maxim Obrezkov 
조명디자인  니콜라이 수르코프 Nikolai Surkov 
사운드디자인 안톤 페쉰 Anton Feshin 미하일 파테예프 Mikhail Fateev 
대본(Liberetto) 이리나 릐차기나 Irina Lychagina  
프로듀서 발레리 샤드린 Valery Shadrin",UCYLmy5HU3--j7uZ70SyrQyg,UMTF,2015-12-31T01:40:49Z,222,3.7,False,1747,2,0,https://www.youtube.com/watch?v=uvmQBggu2Xk,149,233,PF252621,"국립극단 x 대전예술의전당 공동제작, 십이야 [대전]",연극,대전예술의전당 앙상블홀,2024-12-21,2024-12-27,,,,,,youtube_collect_targeted + signal_scorer: 신규 delete 후보,
nJgV42-Ap2s,2022.09.06 해설이 있는 전막발레 ＜해적＞홍주문화회관 커튼콜 국립발레단 심현희 하지석 김기완 김명규 구현모,2022.09.06 해설이 있는 전막발레 ＜해적＞홍주문화회관 국립발레단 심현희 하지석 김기완 김명규 구현모,UCJJlWD4Q2eKe2oXh-2DbgkA,가루tv,2022-09-06T13:41:30Z,210,3.5,False,284,5,0,https://www.youtube.com/watch?v=nJgV42-Ap2s,546,212,PF248137,"대한민국은 공연중, 국립발레단: 해설이 있는 전막발레 돈키호테",무용(서양/한국무용),국립극장 해오름극장,2024-10-23,2024-10-23,,,,,,youtube_collect_targeted + signal_scorer: 신규 delete 후보,
AFuHeSRjH0s,20190518안산시립국악단 화려한만남 3.진도환상곡,"2019.05.18
진도환상곡

지휘/임상규, 작곡/류근상

안산시립국악단, 대전시립연정국악원",UCXD1rCqUvOwnojoDSmygJCA,안산시립국악단,2020-03-13T03:06:59Z,606,10.1,False,192,2,0,https://www.youtube.com/watch?v=AFuHeSRjH0s,11600,140,PF233255,"안산시립국악단 기획연주회, 신년음악회",한국음악(국악),안산문화예술의전당 해돋이극장,2024-01-18,2024-01-18,,,,,,youtube_collect_targeted + signal_scorer: 신규 delete 후보,
hcqzkwRa7Fo,2021 화통콘서트 커튼콜,"2021 생생문화재 화통콘서트 - 옛 그림과 소통하는 즐거움
2021-09-25 ~ 2021-09-25 
국립극장 하늘극장

이봉주 통영기방입춤으로 출연",UCvmUXf_5Q0cE7RW_tvnpZ6A,이봉주,2021-12-08T09:21:10Z,21,0.35,True,61,2,0,https://www.youtube.com/watch?v=hcqzkwRa7Fo,8,4,PF233255,"안산시립국악단 기획연주회, 신년음악회",한국음악(국악),안산문화예술의전당 해돋이극장,2024-01-18,2024-01-18,,,,,,youtube_collect_targeted + signal_scorer: 신규 delete 후보,
SROV_BKiffU,제60회 안산시립국악단 정기연주회 1.국악관현악과 태권도,"2021.6.24
제60회 안산시립국악단 정기연주회 
1.국악관현악과 태권도
태권도_부곡타이거즈
지휘_임상규",UCXD1rCqUvOwnojoDSmygJCA,안산시립국악단,2021-07-15T12:20:00Z,769,12.82,False,1452,15,1,https://www.youtube.com/watch?v=SROV_BKiffU,11600,140,PF233255,"안산시립국악단 기획연주회, 신년음악회",한국음악(국악),안산문화예술의전당 해돋이극장,2024-01-18,2024-01-18,,,,,,youtube_collect_targeted + signal_scorer: 신규 delete 후보,
3JFMlpN7u9s,💜안산시립국악단 재능기부음악회,"#요양#투석#재활#격리#CRE#VRE#요양원#요양병원#과거#동영상업로드#베사메무쵸#재능기부#안산시립국악단#호원요양병원#송대일#악기연주
코로나19로 과거 진행되었던 동영상 업로드해봅니다.
2017.3.9 의)호원요양병원 어르신 생신잔치공연으로 열렸던
안산시립국악단 재능기부음악회",UC2k3IFVJ2-lGt0rI-2bvHJQ,+SDI dream,2020-05-01T11:59:55Z,172,2.87,False,143,3,0,https://www.youtube.com/watch?v=3JFMlpN7u9s,226,188,PF233255,"안산시립국악단 기획연주회, 신년음악회",한국음악(국악),안산문화예술의전당 해돋이극장,2024-01-18,2024-01-18,,,,,,youtube_collect_targeted + signal_scorer: 신규 delete 후보,
nuYXC7e59w0,(2021.05.25) [국립합창단] 제184회 정기연주회 - 베토벤 장엄미사 2부 中  IV. Sanctus (윤의중 지휘),"[국립합창단] 제184회 정기연주회 - 베토벤 장엄미사 2부 中  IV. Sanctus (윤의중 지휘)

∎ 일시 : 2021년 5월 25일(화), 19:30​
∎ 장소 : 예술의전당 콘서트홀

지휘 #윤의중​​​​​​​​ 
소프라노 #​​박은주 ​
​​메조소프라노 #양송미 
테너 #​강훈
베이스 ​#최종우
피아노(협연) #양성원

협연 #수원시립합창단 #코리아쿱오케스트라  오르간 #오세은
합창 #국립합창단​​​  

∎ 프로그램

2부 
루트비히 판 베토벤, 장엄미사
(L. v. Beethoven, Missa Solemnis in D major, Op. 123) 

I. Kyrie
II. Gloria 
III. Credo 
IV. Sanctus 
Ⅴ. Agnus Dei

.........................................................................................................................................................


[The 184th Subscription Concert - Missa Solemnis(L. v. Beethoven)]

∎ Date: 2021.05.25(Tue), 19:30
∎ Venue: Seoul Arts Center,  Concert Hall

∎ Cast
Conductor: Yoon Eui Joong
Soprano: Eun Joo Park
Mezzo-Soprano: Song Mi Yang 
Tenor: Hoon Kang
Bass: Jong Woo Choi
Piano(Collaboration): Seong Won Yang
Organ: Se Eun Oh

Collaboration: Suwon City Chorale, Korea Coop Orchestra 
Chorus: The National Chorus of Korea

∎ Program 

Part 2
L. v. Beethoven, Missa Solemnis in D major, Op. 123

I. Kyrie
II. Gloria 
III. Credo 
IV. Sanctus 
Ⅴ. Agnus Dei",UCPt2iPR8bH27BlXTY2g_D3w,국립합창단 l The National Chorus of Korea,2021-07-21T09:07:20Z,915,15.25,False,438,9,0,https://www.youtube.com/watch?v=nuYXC7e59w0,9830,320,PF278736,제123회 강릉시립합창단 정기연주회,서양음악(클래식),강릉아트센터 (구. 강릉문화예술관) 사임당홀 (대공연장) ,2025-12-04,2025-12-04,,,,,,youtube_collect_targeted + signal_scorer: 신규 delete 후보,
ApdHMXhfZi4,"음향을 말하다 6: 황병준 대표 (사운드 미러 코리아, 그래미 어워드 수상자)","그래미 어워즈 2회 수상자이자, 사운드 미러 코리아의 황병준 대표님과의 인터뷰입니다.


58회 그래미상 최우수 합창상 수상
58회 그래미상 최우수 녹음기술상 노미네이트
54회 그래미상 최우수 녹음기술상 수상
그래미 NARAS 정회원
현 사운드미러 코리아 대표
사운드미러 보스턴 엔지니어 역임

Selected Credits

영화, TV

국가부도의 날, 사바하, 우상, 스카이 캐슬, Notre Dame de Paris( 오리지널 파리 캐스팅), Peter Pan(오리지날 벨기에 캐스팅), 명성황후(SAC on Screen), 1987, 강철비, 골든 슬럼버, 오디세오, 검은 사제, 오빠생각, 도리화가, 더 테너, 광해, 마더, 해운대, 최종병기활, 통증, 건축학개론, 미스고, 돈의맛, 주몽, 퍼즐, 구타유발자들, 사랑니,미스터 굿바이, 가발, 청연, 러브토크, 안녕형아, 공공의적, 마리이야기, 후아유, 몽정기, 피도 눈물도 없이, 스캔들, 원더풀 데이즈, 동갑내기 과외하기, 내사랑 싸가지, 장화홍련, 돌려차기, 말아톤, Over the Rainbow, Last Concert, Saturday Night Fever, Peter Pan, 순수의 시대, 42 nd Street

클래식

Milwakee Symphony, Hong Kong Philharmonic, Andre Previn, Andrea Bocelli, Boston
Symphony, Boston Symphony Chamber Players, Emmanuel Church Choir, Newport Music
Festival, Master Choral of Washington, Kansas City Choral, Phoenix Bach Choral, Choral
Arts Society of Washington, Polish National Symphony Orchestra, 멜로디야 DSD
Remastering, Claude Franck, Victor Danchenko, Igor Ozim, Jorg Demus, Peter Frankl, Edith
Peineman, Gerard Poulet, Salzburg Solisten, Oliver Kern, Matthew Barley, Mark Kosover,
서울시립교향악단, KBS 교향악단, 수원 시립교향악단, 원주 시립교향악단, 부천
시립교향악단, 모테트 합창단, 인천시립합창단, 신영옥, 김대진, 장승호, 이경선, 홍성은,
조수미, 권혁주, 김소옥, 손열음, 이유홍, 정명화, 김정자, 이미주, 이미경, 제니퍼고, 조영미,
고봉인, 유한빈, 조가현, 함정원, 박미정, 신정희, 최희연, 유미정, 줄리엣강, 박종훈, 이혜경,
정트리오, 양성식, 윤홍천, 장대건, 박종화

국악, 재즈

황병기, 신영희, 임동창, 박현숙, 강은일, 김정승, 공명, 국립국악원, 서울시립
국악관현악단, 경기도립 국악관현악단, 한양대금앙상블, 김영동, 김용우, 이정식, 강태환,
이루마, 이주한, 신이경, 사계, Brian Suits, Laurant Guanzioni, 오리엔탱고, Herbert Joos,
Saltacello, 천체망원경

가요

김창완밴드, 양희은, 전인권, 토니안, 토이, 사랑과 평화, 자우림, 김윤아, 루시드폴, 파란,
김장훈, 이수영, 윤도현, 정태춘, 김두수, 박학기, 최성수, 김현식, 박강수, 유재하, 김의철,
이병우, 장기호, 김광민, 차은주, 하림, 우미진, 여행스케치, 박정운, 서영은, 조관우, 한스밴드,
마그마, 이성원, Jacobs, Wave , Lazy Bone, Crying Nut, Butterfly Effect, 칠공주, 쏘냐, 5tion,
이승환, 조덕배

음향 관련 작업들

Hyperpavilion 2017.05.13-10.30 음향 총감독 
베니스 비엔날레 Arsenale Nord Tese 89-90-91에서 약 1000평(3000㎡) 규모의 초대형 현대미술 전시회, 대형 프로젝션과 360도 이머시브 시네마(Immersive Cinema) - 써클비전, 홀로그램 씨어터(Hologram Theater), 멀티스크린 설치 미술, 하이브리드 아트 10여개 전시

서울 국제 항공 우주 방위산업 전시회(ADEX)2017 하이퍼돔HD2, 2017.10.17-22 서울 공항
사운드디자인, 설치 총감독

삼성전자 무선사업부 2017년도 Live Demo Unit 프로젝트: 갤럭시 등의 제품 및 전시용 제품에 탑재되는 초고음질 DSD 음원의 녹음/편집/믹싱/마스터링 담당

양화진 음악회(2008-2018 총 20회 야외 음악회, 연인원 30,587명) 총괄기획, 연출
출연진: 나윤선, 송창식, 이은미, 장필순, 조윤성, 말로, 이미경, 볼프강 임마누엘 슈미트, 피어스 레인, 안드라쉬 아도얀, 그래함 오펜하이머, 얀 에릭 구스타프손, 아드리안 외티커, 니콜라스 다니엘, 울프 발린, 까리 끄리꾸, 웬신 양, 안토니오 리시
      
2018 평창 동계 올림픽 개회식, 폐회식 음악 서라운드 믹싱, 마스터링

현대카드 House of the Purple 실내 음향 컨설팅, 장비 설치 운영, 시간대별 Music 선곡 컨설팅 2012.12.31-2017.12.31

SK 스트라디움 공연장 겸 스튜디오의 필요 음향 특성에 대한 자문, 장비 선택, 기능적 완성 등 일체의 감리 2015.09.01-2018.04.30

2014 자랑스러운 삼성인상, 2015, 2016 호암상 시상식, 호암상 축하음악회  음향 총감독, Sound Designer
      
건축 및 실내 음향 컨설팅, 사운드 시스템 디자인, 구축
경마공원 Let’s Run Park Whinny World 2016, SM 엔터테인먼트 커뮤니티 센터 2014,
롯데월드 퍼레이드 2014, 백주년 기념교회 홍보관 음향 공사 2012     

플레이 케이팝 제주
Back to the 90’s(클론, 박미경)홀로그램콘서트 서라운드 사운드 제작 2015.05.18-06.30
 AOA 홀로그램콘서트 서라운드 사운드 제작 2015.12.17-2016.06.30

한국방송공사 인재개발원 음향 엔지니어 대상 마스터링, 실황녹음 실습 세미나 2015.08.26-27

2013 예술 경영 지원센터 주관, 전통예술 해외 아트마켓 및 해외진출 지원 MEDIMX 이탈리아 음악마켓 참가 2013.12

국립국악원 주관 제 2회 국악기 음향 세미나  ‘국악 녹음 기법에 관한 연구’ 발표 2013.10.18

제 18대 대통령 취임식 음악의 녹음, 믹싱, 마스터링 작업
출연: 코리안 심포니 오케스트라, 양방언, 안숙선, 최정원, 나윤선, 인순이 2013.02

2012 KBS 국악대상 후보(출판 및 미디어 부문)

서울 디자인 재단 산하 DDP 운영 자문위원 2009.08-2011.12

2012 한국산업기술진흥원 주관 테크포럼 
‘기술과 예술의 절묘한 조화, 사운드 레코딩’ 발표

서울시립교향악단 야외 음악회 음향총감독
제 64주년 광복절 전야음악회(2009.08.14 지휘 정명훈)            
숲속의 무대 개관 기념 음악회(2009.05.05 지휘 정명훈)
시가 흐르는 서울 - 시와 교향악의 만남(2008.10.11 지휘 최선용)
고궁 음악회(2008.09.27-28 지휘 제임스 세드리스)
제 63주년 광복절 및 대한민국 건국 60주년 기념 전야 음악회(200.08.14, 지휘 정명훈)

금호아트홀 기획연주 시리즈 실황녹음 및 음반 녹음(레코딩, 믹싱, 마스터링)
2005.02-2008.05(연간 총 150여회)",UCzLypou9kwxFZLcoMo-61jQ,소니캐스트,2019-08-23T00:15:52Z,350,5.83,False,2257,60,5,https://www.youtube.com/watch?v=ApdHMXhfZi4,6990,253,PF257789,SM CLASSICS LIVE with 서울시립교향악단 [롯데콘서트홀],서양음악(클래식),롯데콘서트홀,2025-02-15,2025-02-15,,,,,,youtube_collect_targeted + signal_scorer: 신규 delete 후보,
DJX0W4O0odg,Sonata for flute and piano 2nd 플루트 소나타 Fl.구예슬,"강경숙 칠판 자선음악회 
 설레임, 사랑, 아름다움...
2019.4.17 베토벤 하우스",UChGMezDRTFj2XcETGN5GU1w,성악제작소,2019-04-19T09:19:56Z,227,3.78,False,227,3,0,https://www.youtube.com/watch?v=DJX0W4O0odg,1190,1224,PF247751,제132회 목포시립교향악단 정기연주회: 베토벤 교향곡 7번,서양음악(클래식),목포시민문화체육센터 대공연장,2024-09-12,2024-09-12,,,,,,youtube_collect_targeted + signal_scorer: 신규 delete 후보,
eQ6AMyIMtCs,150531 KBS 슈퍼클래식 :: 북독일 방송교향악단 :: ㅣ KBS방송,"3회 :: 북독일 방송교향악단 :: 
2015-05-31(일)14:10 KBS 1TV
세계적 공연을 여러분의 안방으로! 북독일 방송교향악단 토마스 헹엘브로크 펠릭스 멘델스존, 바이올린 협주곡 e단조, 작품번호 64 바이올리니스트 아라벨라 슈타인바허 구스타프 말러, 교향곡 1번 D장조, ‘거인’",UC3m0s5XAQydCtbLHc8j1Uog,KBS 한국방송,2015-05-28T05:09:48Z,34,0.57,True,1278,5,0,https://www.youtube.com/watch?v=eQ6AMyIMtCs,2690000,47767,PF282737,"과천시립교향악단 콘서트시리즈1, 신년음악회",서양음악(클래식),과천시민회관 대극장,2026-01-29,2026-01-29,,,,,,youtube_collect_targeted + signal_scorer: 신규 delete 후보,
F6JZ4Un2NTY,아리랑 환상곡. 최성환  작곡.,"스페인 마드리드에서 스페인 밀레니엄 오케스트라 13회 가을 콘써트. 

지휘자 임재식. 2012.11.25.",UCY3qAad3WHwYsO0JpCRb35A,에스빠냐아리랑,2012-12-10T21:41:01Z,634,10.57,False,90865,907,60,https://www.youtube.com/watch?v=F6JZ4Un2NTY,42400,217,PF256130,"울산시립합창단, 신년음악회: Song Of Arirang",서양음악(클래식),울산문화예술회관 대공연장,2025-01-21,2025-01-21,,,,,,youtube_collect_targeted + signal_scorer: 신규 delete 후보,
WQB34bEN1EE,눈꽃송이 (arr.김기영)  얘노을 뮤직센터 2015 신년음악회,"Yaenoeul Music Center
Korea amateur group in Daegu
Maestro jae joon Lee
2015.2.7",UCHcHWcDybeDTj1A2AkbLoyg,배광한,2015-03-20T05:26:08Z,246,4.1,False,3982,17,0,https://www.youtube.com/watch?v=WQB34bEN1EE,539,238,PF256130,"울산시립합창단, 신년음악회: Song Of Arirang",서양음악(클래식),울산문화예술회관 대공연장,2025-01-21,2025-01-21,,,,,,youtube_collect_targeted + signal_scorer: 신규 delete 후보,
oSt7V6rze6M,2021 제주 국제합창축제 심포지움-Ubi Caritas(코리아청소년합창단),"2021 제주 국제합창축제 심포지움
기간 : 2021.06.15~2021.06.17
곡명 : Ubi Caritas (코리아청소년합창단)",UCZxuQd_tErrRz92Q9vTKrNQ,플래컴TV,2023-01-16T05:07:38Z,309,5.15,False,60,2,0,https://www.youtube.com/watch?v=oSt7V6rze6M,216,182,PF256130,"울산시립합창단, 신년음악회: Song Of Arirang",서양음악(클래식),울산문화예술회관 대공연장,2025-01-21,2025-01-21,,,,,,youtube_collect_targeted + signal_scorer: 신규 delete 후보,
UJFvlR57TRw,산체스의 아이들 현일초오케스트라,2016.9.10 지영희YS국악앙상블+현일앙상블,UCFUPagF-8GQ4vH28pLszZ6A,문정옥,2016-09-11T09:57:46Z,260,4.33,False,430,4,0,https://www.youtube.com/watch?v=UJFvlR57TRw,18,33,PF287618,제10회 평택시립국악관현악단 정기 연주회: 지영희의 음악세계,한국음악(국악),평택아트센터 대공연장,2026-04-15,2026-04-15,,,,,,youtube_collect_targeted + signal_scorer: 신규 delete 후보,
WQTmTHefyHQ,"태평소시나위협주곡 '태평' - 구성 서용석, 편곡 이정호, 태평소 성시영","태평소시나위협주곡 '태평' 
구성 서용석 편곡 이정호
태평소 성시영
지휘 박호성
연주 서울시국악관현악단
2019.12.13 세종문화회관 M씨어터 

대금산조의 명인 서용석이 스승 방태진의 태평소 시나위 가락을 중심으로 구성한 기악합주곡을 국악관현악 형식으로 편곡한 곡이다. 장단구성은 휘모리로 도입하여 굿거리, 자진모리, 엇모리, 동살풀이, 휘모리로 구성된다. 
흥겨운 타악장단 바탕에 태평소와 국악관현악의 힘찬 가락이 서로 대화를 하듯 주고 받으며 에너지를 발산한다.",UCcDmJvRxCErBfxuH7wuN6Sw,cloud rain,2021-02-03T15:49:24Z,617,10.28,False,2557,35,3,https://www.youtube.com/watch?v=WQTmTHefyHQ,311,24,PF287618,제10회 평택시립국악관현악단 정기 연주회: 지영희의 음악세계,한국음악(국악),평택아트센터 대공연장,2026-04-15,2026-04-15,,,,,,youtube_collect_targeted + signal_scorer: 신규 delete 후보,
D5m54WG1E3w,국내 최고의 발레리노들이 뭉쳤다! 범상치 않은 '놈'들의 의기투합 프로젝트ㅣ[발레리놈] Teaser.1,"#발레리노 #발레리놈 #예고편

🕴🏻발레리놈 프로젝트🕴🏻
2021.01.08 (금) 첫방송

답답했던 마스크가 어느새 익숙해져버린 지금. 춤을 추던, 춤을 좋아하던 우리들의 삶은 조금씩 무뎌졌지만, 생기를 잃지 않기 위해 많은 노력을 해왔죠. 

숨이 턱 끝까지 차올라도 마스크를 쓴채 연습을 했고, 온라인을 통해 관객과 댄서들을 만났고, 거리두기 착석으로 적은 인원으로 나마 서로의 희미한 숨소리를 들을 수 있었죠. 

이런 시기, 댄스 미디어 콘텐츠 그룹인 댄스트럭트는 무용계에 어떤 역할을 할 수 있을지 많은 고민을 해왔어요. 

우리의 콘텐츠를 통해 사람들에게 단 한 번이라도 더 댄서들의 춤과 이야기를 전할 수 있다면, 코로나 종식 후 이전보다 더 많은 사람들이 공연장에 찾아오지 않을까 생각했죠. 

그렇게 숨가쁘게 달려온 2020년을 보내고, 2021년 새해를 맞아 조금 더 의미있는 콘텐츠를 선보이려 합니다. 

‘발레리놈 프로젝트’ 2021.01.08 
댄스트럭트 유튜브 채널 첫방송

댄스트럭트와 함께 힘든 시기 조금이나마 춤을 통해 웃을 수 있는 시간이 되길 바라며, 많은 기대 부탁드립니다!🙏🏻

🔨댄트 구독하기 
https://www.youtube.com/channel/UCzvX...

🔨댄스트럭트 SNS
✓Instagram @danstruct 
https://www.instagram.com/danstruct/

👇🏻발레리놈 출연진
✓한성우 
✓안주원 Instagram @joowon_an
https://www.instagram.com/joowon_an/
✓윤별 Instagram @yunstar1014
https://www.instagram.com/yunstar1014/
✓안성준 Instagram @junzxxo
https://www.instagram.com/junzxxo/
✓이상민 Instagram @oxut.02x2
https://www.instagram.com/oxut.02x2/
✓김석주 Instagram @jzzox
https://www.instagram.com/jzzox/",UCzvXp8hqxrSPWW7phJOy8yg,댄스트럭트 DANSTRUCT,2021-01-06T06:00:02Z,57,0.95,True,2231,51,9,https://www.youtube.com/watch?v=D5m54WG1E3w,9350,173,PF264096,"국립현대무용단, 솔로 프로젝트",무용(서양/한국무용),예술의전당 [서울] 자유소극장,2025-06-06,2025-06-08,,,,,,youtube_collect_targeted + signal_scorer: 신규 delete 후보,
wURWx6Ne_04,MUSICAL 어린이 뮤지컬 슈퍼클로젯 커튼콜 - 김나연/이승리/이지윤/이한주/정윤희/이원찬/한정우,"*커튼콜 촬영 가능

2022/3/3
K-MUSICAL 어린이 뮤지컬 슈퍼클로젯 커튼콜
김나연/이승리/이지윤/이한주/정윤희/이원찬/한정우
세종문화회관 M씨어터",UC6_8FcuWvXfxpH0Y9mLbQLQ,j,2022-03-24T07:20:37Z,135,2.25,False,1339,6,0,https://www.youtube.com/watch?v=wURWx6Ne_04,1400,2367,PF260593,사의 찬미 [오산],뮤지컬,오산문화예술회관 대공연장,2025-03-28,2025-03-29,,,,,,youtube_collect_targeted + signal_scorer: 신규 delete 후보,
WBlp_Gw2mo4,내일이 오면 - 김경수 | 뮤지컬 파리넬리 커튼콜 1,"2023.06.24
뮤지컬 파리넬리 커튼콜
내일이 오면 - 김경수",UC9mpcwGXCHZojuV6yTgGoiA,웅머글,2023-06-24T12:25:13Z,39,0.65,True,604,25,0,https://www.youtube.com/watch?v=WBlp_Gw2mo4,4920,1391,PF260593,사의 찬미 [오산],뮤지컬,오산문화예술회관 대공연장,2025-03-28,2025-03-29,,,,,,youtube_collect_targeted + signal_scorer: 신규 delete 후보,
6834zZWHY5Y,𝐀𝐂𝐈 콘서트오페라│돈 조반니 𝐒𝐩𝐨𝐭,"🎬SPOT #콘서트오페라 #돈조반니

2022 '토스카', '리골레토'에 이은
2023 놓칠 수 없는 또 하나의 기대작!

𝖢𝖮𝖭𝖢𝖤𝖱𝖳 𝖮𝖯𝖤𝖱𝖠 𝗗𝗼𝗻 𝗚𝗶𝗼𝘃𝗮𝗻𝗻𝗶🕶

콘서트 오페라로 만나는 
모차르트 전성기 명작 '돈 조반니'

탄탄한 프로덕션과 성악가들의 총집합 무대!
✨7.14 𝖥𝗋𝗂 - 15 𝖲𝖺𝗍 ACI 콘서트홀✨

𝗖𝗔𝗦𝗧
홍석원(지휘), 엄숙정(연출)
강형규(돈 조반니), 김대영(레포렐로)
황수미(돈나 안나), 김효종(돈 오타비오)
강은현(돈나 엘비라), 양귀비(체를리나) 
윤규섭(마제토), 전승현(기사장)
경기필하모닉오케스트라(연주), 노이오페라코러스(합창) 

𝗜𝗡𝗙𝗢
콘서트 오페라 '돈 조반니'
•일시: 2023.7.14.(Fri) 19:30 / 7.15.(Sat) 17:00
•장소: 아트센터인천 콘서트홀
•티켓: R석 5만원, S석 4만원, A석 2만원
•예매: 아트센터인천, 인터파크",UCiHb463_7p9cZLfMxQauXJw,아트센터인천,2023-06-15T08:00:03Z,21,0.35,True,13886,,1,https://www.youtube.com/watch?v=6834zZWHY5Y,2130,145,PF255629,춘천시립교향악단 신년음악회,서양음악(클래식),춘천문화예술회관 공연장,2025-01-10,2025-01-10,,,,,,youtube_collect_targeted + signal_scorer: 신규 delete 후보,
3hcaTrHjmZs,2019 12월 한·러 청소년오케스트라 합동공연 하이라이트,"일시 및 장소: 2019.12.1. 15:00(현지 시간) 블라디보스톡 필하모닉홀

주관: 사단법인 희망래일

주최: G1강원민방, 강원도민일보, 동해북부선연결추진위원회

TKR-TSR연결을 위한 국제 평화오케스트라를 진행하였습니다.

내년에는 북측 청소년들과 함께 원산에서 평화의 하모니가 울릴 수 있도록 노력하겠습니다. ^^",UC4jRMvyAckAMcb1NYVK8nbQ,"희망래일 대륙의꿈, 대륙학교",2019-12-19T01:47:39Z,311,5.18,False,556,10,0,https://www.youtube.com/watch?v=3hcaTrHjmZs,457,195,PF255629,춘천시립교향악단 신년음악회,서양음악(클래식),춘천문화예술회관 공연장,2025-01-10,2025-01-10,,,,,,youtube_collect_targeted + signal_scorer: 신규 delete 후보,
3BI1NlGPLqI,"Confutatis maledictis, Verdi's Requiem _ 바리톤 양준모 Bar. Antonio Yang","Verdi's Requiem
Confutatis maledictis

2018.04.03 제주 4.3사건 추념음악회

원본영상 : https://youtu.be/w4CFOcMChpw

""섬의 아픔을 뭍이 기억하다"" (제주 4.3사건 70주년 추념 음악회 실황)
소프라노: 오미선 / 메조소프라노: 김선정 / 테너: 신동원 / 바리톤: 양준모 / 
국립합창단 /  안양시립합창단 / 참 필하모닉 프로젝트 오케스트라 / 지휘: 구자범 
2018년 4월3일 / 성남 아트센터 콘서트 홀 
주최 : 참음악친구들

(참 필하모닉 프로젝트 오케스트라는, 4.3사건 70주년 추념 음악회를 위해 만들어졌다. 
'참음악친구들'이 베르디 레퀴엠 연주를 제안하였고, 
이에 전국 각지에서 현직 및 전직 음악인, 음악 전공생과 비전공생, 한국인과 외국인 등을 막론하고, 
아픈 역사를 잊지 않으려는 많은 뜻있는 사람들이 자원하여 오케스트라가 구성되었다.)

Soprano: Miseon Oh /  Mezzo soprano:  Sunjung Kim 
Tenor: Dongwon Shin  /Baritone: Junmo Yang
Korean National Choir / Anyang City Choir 
Cham Philharmonic Project Orchestra 
Conductor : Jahbom Koo
2018. Apr. 3 /  Seongnam Art Center Concert Hall Live

The 70th anniversary of the tragic ‘Jeju April 3 Incident’
Cham Philharmonic Project Orchestra was launched just for this memorial concert.
It was made up of professional and amateur musicians and students from all parts of Korea.
All members participated voluntarily to perform Verdi’s Requiem for the occasion.

#구자범 #참필하모닉프로젝트 오케스트라 #베르디 #레퀴엠 #양준모 #바리톤양준모",UCWyjz4l6j930xfkhaMX0J-A,j s,2019-06-12T11:57:56Z,315,5.25,False,1671,18,,https://www.youtube.com/watch?v=3BI1NlGPLqI,1260,218,PF250895,"국립합창단, 카르미나 부라나 [창원]",서양음악(클래식),3.15아트센터 대극장,2024-12-14,2024-12-14,,,,,,youtube_collect_targeted + signal_scorer: 신규 delete 후보,
3hRABCgOtwk,국악 가족음악회(경기민요:울산아가씨),2017.12.2. 경기도 국악당에서,UCEFQ9rPFa7hlyEPgQ_sVqJw,안병수,2017-12-02T05:54:18Z,287,4.78,False,255,0,0,https://www.youtube.com/watch?v=3hRABCgOtwk,38,99,PF286254,"서울예술단, 나빌레라 [김해]",뮤지컬,김해문화의전당 마루홀,2026-04-17,2026-04-18,,,,,,youtube_collect_targeted + signal_scorer: 신규 delete 후보,
MkoLW1i9400,뮤지컬 나빌레라 커튼콜 (강상준 조형균) 20210522,"2021.05.22 서울예술단 창작가무극 나빌레라 커튼콜

심덕출 - 조형균
이채록 - 강상준",UC7hDuvjsjUfwXiusuYsaIeg,SoRin,2021-05-23T13:38:11Z,38,0.63,True,165,2,0,https://www.youtube.com/watch?v=MkoLW1i9400,662,1011,PF286254,"서울예술단, 나빌레라 [김해]",뮤지컬,김해문화의전당 마루홀,2026-04-17,2026-04-18,,,,,,youtube_collect_targeted + signal_scorer: 신규 delete 후보,
7vdKsXZQNrg,교회를 떠나려는 사람들에게☺ #나를바꾸는30초,"#shorts #야긴보아스 #온천교회

3분도 긴 현대인들을 위해 30초 내외로 확 줄인 말씀 하이라이트입니다!
오늘도 야긴보아스에서 힘을 얻고 가세요!💪

온천교회 야긴보아스에 대해 궁금하신 분들은 아래의 유튜브 채널을 방문해 주세요!
저희는 열린 마음으로 여러분을 기다리고 있습니다🥰

제목: 교회를 떠나려는 사람들에게☺
메세지 날짜: 2021.07.25
본제목: 다가오는 시대 3040과 청년부 사역을 위한 제언 - 둘로스 스피릿 : 중심을 하나님께
본문: 출애굽기 21장 1-6절 & 신명기 15장 12절& 빌립보서 2장 5-8절
메신저: 박근주 목사

Editor: 김재준

구독 & 좋아요 부탁드려요!!


* 열린예배(청년부)/ 매주 일요일 오후 2시 온천교회 2층 본당
* 온천교회 홈페이지: http://onchun.or.kr/


#sermon #하나님 # 말씀 #쇼츠설교 #설교쇼츠 #세바시 #나바시
ㅡㅡㅡㅡㅡㅡㅡㅡㅡㅡㅡㅡㅡㅡㅡㅡㅡㅡㅡㅡㅡㅡㅡㅡㅡㅡㅡㅡ
본 교회는 CCLI로부터 교회 저작권 라이선스와 스트리밍 라이선스를 취득하였습니다.
본 교회는 CCLI 교회 저작권 라이선스 및 스트리밍 라이선스 규정에 따라 비영리 예배 목적으로 이용합니다. 본 영상에 광고가 재생될 경우, 본 교회가 아닌 노래의 저작권자가 결정한 것으로 수익은 교회가 아닌 노래의 저작권자에게 분배됩니다.
본 교회의 라이선스 취득 사실을 CCLI에서 확인할 수 있습니다.

“온천교회”
CCLI License #506330 
CCLI Streaming License #114410",UC0xZg7sWdlpbhafe0HR0hcg,온천교회청년부 야긴&보아스,2021-07-30T10:26:53Z,37,0.62,True,3325,123,3,https://www.youtube.com/watch?v=7vdKsXZQNrg,2050,1051,PF233781,목포시립교향악단 신년음악회,서양음악(클래식),목포시민문화체육센터 대공연장,2024-02-01,2024-02-01,,,,,,youtube_collect_targeted + signal_scorer: 신규 delete 후보,
Hm9SSSD-_eQ,[700만🎉] 손열음  -  터키행진곡 | #아르떼아카이브 🗂,"Mozart/Volodos - Turkish March (Alla Turca)
모차르트/볼로도스 - 터키행진곡

피아노 l 손열음 
Pf. Yeol Eum Son

[서울시립교향악단 - 2008 신년음악회]
2008.1.2
세종문화회관 대극장

✅ 구독 | 좋아요 | 알림  설정하시면 
       모든 최신 클래식 공연을 즐기실 수 있습니다!

✅ 24시간 클래식 공연 라이브
      Classic itself! ❤ 한경arteTV!
      클래식 음악은 '한경 아르떼 티비'에서!

✅ 한경arteTV | SNS 채널 안내
👉 Homepage 홈페이지 (ON-AIR 방송 편성 시간표 게시)
      http://www.arte.co.kr/
👉 News & Magazine 뉴스 앤 매거진 
      http://www.artenews.co.kr/
👉 YOUTUBE 유튜브 
      https://www.youtube.com/user/TheArteTV
👉 NaverTV 네이버TV
      https://tv.naver.com/artetv
👉 Instargram 인스타그램
      https://instagram.com/ch.artetv
👉 Facebook 페이스북
      https://www.facebook.com/arte.co.kr/

✅  한경arteTV는 전국 2천만 가구를 대상으로 다양한 문화 예술 콘텐츠를 방송하고 있습니다. 많은 관심과 시청 바랍니다.

👉 TV 채널 번호  
       Sky life(Ch143)
       KT ollehTV(Ch140) 
       SK Btv(Ch206) 
       LG U+TV(Ch230)
       LG 헬로비전(Ch270)
       D' live(Ch160)
       T broad(Ch105)
       HCN(Ch226)
       CMB(대전 59-2) 외

✅ 한경arteTV는 사업, 공연, 전시, 콘텐츠, 온라인, 모바일 등 외부 단체와 다양한 형태의 제휴가 가능합니다. 연주 단체나 아티스트가 본인의 공연을 방송하시기 희망하시는 경우, 아르떼 홀에서 직접 공연하거나 외부 공연을 중계차로 녹화 또는 생중계 방송으로 제작하여 송출해드립니다.

👉 Contact us  |  출연 및 제작 제휴 문의 방법
      T : +82 2-849-3366 (Seoul, Korea) 
      E : hkarte@arte.co.kr",UCPglj7zGwmOlH8_31Tpgh8Q,한경arteTV,2020-03-02T06:05:35Z,189,3.15,False,7896567,68403,4211,https://www.youtube.com/watch?v=Hm9SSSD-_eQ,116000,3896,PF233781,목포시립교향악단 신년음악회,서양음악(클래식),목포시민문화체육센터 대공연장,2024-02-01,2024-02-01,,,,,,youtube_collect_targeted + signal_scorer: 신규 delete 후보,
rxMH0k2sqDQ,(20221013) 사이먼 래틀 & 런던 심포니 오케스트라(piano 조성진) 커튼콜1,"2022/10/13 19:30 공연
사이먼 래틀 & 런던 심포니 오케스트라(piano 조성진)
LG아트센터 마곡
3층 VIEW",UC9oyQU20EuVL_SgSc6H4MWQ,커튼콜,2023-01-03T18:48:22Z,9,0.15,True,5890,88,0,https://www.youtube.com/watch?v=rxMH0k2sqDQ,40,84,PF233781,목포시립교향악단 신년음악회,서양음악(클래식),목포시민문화체육센터 대공연장,2024-02-01,2024-02-01,,,,,,youtube_collect_targeted + signal_scorer: 신규 delete 후보,
6yRP8GRxVJ0,시민과 함께하는 전통무용 공연 | 처용무 | 이경호무용단,"처용무 | 지도 | 정진용

2020 (사)춤 전라북도 이경호무용단 기획공연
한바탕 춤추는 전북대 광장
시민과 함께하는 전통무용 공연

일시 장소 | 2020.11.15. 일 14:00 전북대학교 교내
주최 주관 | 춤 전라북도 이경호무용단
후원 | 전북대학교 무용학과
영상제작 | 캔디북앤스",UCxjuJFsb7xkY9WTdWYvxc_Q,CandyBookns,2020-11-18T20:52:58Z,746,12.43,False,315,5,0,https://www.youtube.com/watch?v=6yRP8GRxVJ0,500,295,PF260651,"토요기획공연, 판: 꽃의 노래 [남원]",한국음악(국악),국립민속국악원 예원당,2025-03-08,2025-11-22,,,,,,youtube_collect_targeted + signal_scorer: 신규 delete 후보,
3ClnMyMFjnI,뮤지컬 '이육사' 10일부터 공연 / 안동MBC,"2018/08/05 09:41:48    작성자 : 이호영
 

민족시인 이육사의 생애을 그린 
뮤지컬 '이육사'가 오는 10일부터 사흘동안 
안동댐 세계물포럼기념센터에서 열립니다. 
◀ＥＮＤ▶ 

뮤지컬 이육사는 
40년 짧은 생애 동안 17번의 검거와 투옥으로 
죽는 날까지 일제에 항거한 독립운동가 
이육사의 삶을 재조명합니다. 

주인공 이육사에는 신과 함께-저승편에 출연한 
김다현 씨가, 아내 안일영 역에는 부용지애에 출연했던 전수미 씨가 맡았으며 
절도 있는 군무와 감성 있는 안무가 공연 내내 
연출될 것으로 보입니다.",UCgzCOR128Z8rovfBEIQ_lEQ,안동MBC NEWS,2018-08-05T23:50:01Z,36,0.6,True,362,1,1,https://www.youtube.com/watch?v=3ClnMyMFjnI,102000,55507,PF260651,"토요기획공연, 판: 꽃의 노래 [남원]",한국음악(국악),국립민속국악원 예원당,2025-03-08,2025-11-22,,,,,,youtube_collect_targeted + signal_scorer: 신규 delete 후보,
tgwDJU2vy1k,"흥보 첫째박 타는 대목 소리_김미진, 정소라 고수_정성룡","2022년 국가무형문화재 전승자주관 전승활동 기획행사_심 청

흥보 첫째박 타는 대목 

소리 : 김미진, 정소라 
고수 : 정성룡

2022.7.16 17:00

민속극장 풍류 (서울중요무형문화재 전수회관)",UCjX7AoIOZV3SJfuAQYe9oBA,Gagliano D850,2022-08-18T11:52:06Z,452,7.53,False,675,11,2,https://www.youtube.com/watch?v=tgwDJU2vy1k,473,123,PF260651,"토요기획공연, 판: 꽃의 노래 [남원]",한국음악(국악),국립민속국악원 예원당,2025-03-08,2025-11-22,,,,,,youtube_collect_targeted + signal_scorer: 신규 delete 후보,
MnPaKsu1oMw,2025 순천청소년오케스트라 여름음악회,"2025 순천청소년오케스트라 여름음악회 (2025.8.2.15시. 순천만생태문화교육원 공연장)

0:00  코리아 브라스 퀸텟 공연
   RENAISSANCE DANCES
   Second Walts
   Putting on the Rits
   Amazing Grace
   Aux Champs-Elysees (오 샹젤리제)

17:26  김희영 트리오 & 써니 공연
   Mo’ Better Blues
   One Note Samba
   Misty
   Route 66

*** 순천 청소년 오케스트라 현악 앙상블 공연 (지휘 정주영)
43:23  보케리니 첼로협주곡 6번 라장조 1,3악장 (첼로협연 장세인)
55:30  비발디 사계 여름 전악장 (바이올린협연 우수현)

*** 순천 청소년 오케스트라 공연 (지휘 정주영)
1:05:46  지브리 메들리 (Arr. 양상진)
1:13:49  카트라이더 메들리 (Arr. 양상진)
1:19:19  청춘만화 (Arr. 양상진) (보컬 박계진)
1:24:37  우리의 꿈 (Arr. 양상진) (보컬 박계진)",UCJNgCh_eM3OQDqcr2EcZ82Q,필뮤,2025-08-02T16:14:50Z,5378,89.63,False,370,10,0,https://www.youtube.com/watch?v=MnPaKsu1oMw,1140,261,PF277339,제70회 순천시립소년소녀합창단 정기연주회 [순천],서양음악(클래식),순천문화예술회관 대극장,2025-11-08,2025-11-08,,,,,,youtube_collect_targeted + signal_scorer: 신규 delete 후보,
RaRdGSOQMQ8,환경과 평화 [제13회 정기연주회 한독국제유진청소년오케스트라 & 레몬트리어린이 합창단 & 순천청소년오케스트라],"환경과 평화 [제13회 정기연주회 한독국제유진청소년오케스트라 & 레몬트리어린이 합창단 & 순천청소년오케스트라] 
2024.11.10.일요일 오후 5시. 예울마루 대극장

(한독국제유진청소년오케스트라, 지휘 김사도)
0:15    사랑의 찬가 
4:51    슈베르트 미완성 교향곡 1악장
21:16  라데츠키 행진곡

(유진어린이합창단 레몬트리, 지휘 박소은)
28:39  다 잘될 거야
31:35  밤양갱
34:58  엄마가 딸에게

(순천청소년오케스트라, 지휘 마윤미)
44:01  몰다우 Vltava (The Moldau) 
49:01  우리의 꿈
53:41  한 페이지가 될 수 있게

(연합 오케스트라, 지휘 김사도)
58:27  아프리칸 심포니 
1:04:13  아름다운 나라
1:10:22  캐리비안의 해적

1:19:25  (앵콜1) 위풍당당행진곡
1:24:01  (앵콜2) 아름다운 나라",UCJNgCh_eM3OQDqcr2EcZ82Q,필뮤,2024-11-11T00:11:15Z,5334,88.9,False,1404,27,0,https://www.youtube.com/watch?v=RaRdGSOQMQ8,1140,261,PF277339,제70회 순천시립소년소녀합창단 정기연주회 [순천],서양음악(클래식),순천문화예술회관 대극장,2025-11-08,2025-11-08,,,,,,youtube_collect_targeted + signal_scorer: 신규 delete 후보,
Maql7S_4gnQ,Rattle My Rattle  64회 구미시립소년소녀합창단 정기연주회,"제 64회 구미시립소년소녀합창단 정기연주회 (한국정전 70주년 기념) 
일시:2023.6.29(목)  장소:구미문화예술회관 대공연장
곡명: Rattle my rattle  by arr. Susan Brumfield 
지휘: 권유진  반주: 김예은   안무: 고유정",UCSytKgDICbJtNGyqcpg7Cpg,구미시립소년소녀합창단 (제임스),2023-07-09T12:35:52Z,158,2.63,False,735,11,,https://www.youtube.com/watch?v=Maql7S_4gnQ,554,144,PF277339,제70회 순천시립소년소녀합창단 정기연주회 [순천],서양음악(클래식),순천문화예술회관 대극장,2025-11-08,2025-11-08,,,,,,youtube_collect_targeted + signal_scorer: 신규 delete 후보,
UGmhzKTgQls,[S.In.O 시노합창단 1회 정기공연] 11. 카레,"2015.11.28. 구로구민회관
S.In.O 합창단
제 1 회 정기 공연 (특별공연)
카레",UCZMADsZhQ7Flnck4Hrl__Aw,이호성,2017-07-10T16:42:11Z,219,3.65,False,124,2,0,https://www.youtube.com/watch?v=UGmhzKTgQls,96,97,PF277339,제70회 순천시립소년소녀합창단 정기연주회 [순천],서양음악(클래식),순천문화예술회관 대극장,2025-11-08,2025-11-08,,,,,,youtube_collect_targeted + signal_scorer: 신규 delete 후보,
LvPNjur1aPY,[TIMF NOW] 음악계를 놀라게 한 떠오르는 신예 피아니스트 임윤찬의 첫 정식 데뷔 리사이틀! | 임윤찬 피아노 리사이틀 | 9월 25일 통영국제음악당,"9월 25일 임윤찬 피아노 리사이틀 공연정보
https://timf.org/kr/sub/ticket/view.asp?idx=1173&s_date=2021-09-25

- 공연 일시: 2021년 9월 25일 (토) 17:00
- 공연 장소: 통영국제음악당 콘서트홀
- 출연진: 임윤찬(피아노)

ⓒ TIMF
영상의 저작권은 통영국제음악재단에 있습니다.",UCvbsZl-bPthx9FAwe_QAsCg,통영국제음악재단 TIMF,2021-09-14T06:00:06Z,71,1.18,False,6870,349,4,https://www.youtube.com/watch?v=LvPNjur1aPY,6080,407,PF274798,"포항국제음악제, 손민수 & 포항시립교향악단",서양음악(클래식),효자아트홀,2025-11-12,2025-11-12,,,,,,youtube_collect_targeted + signal_scorer: 신규 delete 후보,
33LxbE6okaA,2021 예술의전당 교향악축제 - 수원시립교향악단 1부 (피아노 임윤찬),"2021.4.14.(수) P.M 7:30
예술의전당 콘서트홀 실황
(영상제공 예술의 전당)

지휘 · 최희준
협연 · 피아노 임윤찬
연주 · 수원시립교향악단

::: PROGRAM (1부) :::

W.A.Mozart / Concerto  Piano No.22  K 482  Eb Major   
모차르트, 피아노 협주곡 22번 (피아노 임윤찬)

Chapters:
0:00 Intro
3:31 I. Allegro
17:00 II. Andante
27:00 III. Allegro
40:00 Encore",UChYtoZlLUnTxKtRxTWrI0kg,Suwon Philharmonic Orchestra 수원시향 유튜브 TV,2021-05-13T09:30:00Z,2657,44.28,False,36059,1088,34,https://www.youtube.com/watch?v=33LxbE6okaA,1200,49,PF274798,"포항국제음악제, 손민수 & 포항시립교향악단",서양음악(클래식),효자아트홀,2025-11-12,2025-11-12,,,,,,youtube_collect_targeted + signal_scorer: 신규 delete 후보,
KO8etnek7D8,[정가악회] 예술메뉴판_스케치 영상(2018상주단체),"2018공연장상주단체육성지원사업
정가악회 찾아가는 공연, 예술메뉴판
'밴드 둘다 콘서트' 

2018.8.10(금) @청소년 도서관 작공",UCSoR0GkfprtjnfBzFwzh13A,정가악회Jeong Ga Ak Hoe,2018-08-27T06:23:41Z,129,2.15,False,68,3,0,https://www.youtube.com/watch?v=KO8etnek7D8,5,2,PF219436,연희도깨비 [남산국악당],한국음악(국악),서울남산국악당 크라운해태홀,2023-08-03,2023-08-05,,,,,,youtube_collect_targeted + signal_scorer: 신규 delete 후보,
Y9mf50TBAs0,헌팅포차가 가장 많은 지역 TOP 10 #shorts,#shorts #랭킹 #랭킹쇼츠 #이슈 #정보 #지식 #헌팅포차 #헌팅 #포차 #맛집 #맛집추천 #먹방 #연애 #사랑 #술 #술집 #불금 #술먹방 #술안주 #20대 #30대 #서울 #강남 #홍대 #압구정 #이태원 #부산 #서면 #대구 #동성로 #클럽 #라운지 #음악,UCh02kxjBVkhikHC3W1T7lvA,ON-TOP10,2024-11-01T09:45:02Z,19,0.32,True,359525,1002,36,https://www.youtube.com/watch?v=Y9mf50TBAs0,1080,72,PF240856,청춘연가 [의정부],뮤지컬,의정부예술의전당 대극장,2024-06-29,2024-06-29,,,,,,youtube_collect_targeted + signal_scorer: 신규 delete 후보,
95zm8U0W-2s,"이별식당(Farewell Restaurant, 로맨스/멜로/뮤지컬/드라마, 2020)","이별식당(2019)
Farewell Restaurant
로맨스/멜로/뮤지컬/드라마
한국
2020.08.27 개봉
 95분, 
12세이상관람가
감독 임왕태   주연 고윤, 에이프릴안",UChgX-L8JmjGu2_kXFshuR8A,레드라이언,2020-09-01T15:07:03Z,65,1.08,False,60,0,0,https://www.youtube.com/watch?v=95zm8U0W-2s,193,449,PF240856,청춘연가 [의정부],뮤지컬,의정부예술의전당 대극장,2024-06-29,2024-06-29,,,,,,youtube_collect_targeted + signal_scorer: 신규 delete 후보,
JnOGnUaH1_0,Don't be shocked - SPAF2009 Domestic Works,"Don't be shocked 너무 놀라지마라
(Director_ Kunhyung Park / Company_ Golmokil Theatre)
2009.11.11-15 Wed,Thu 20:00, Fri 16:00,20:00, Sat,Sun 15:00,19:00
Arko Arts Theater - Small Hall",UCwD7cnsmGDlr7OV9v_VRNPQ,SPAFinSeoul,2011-06-08T00:26:23Z,75,1.25,False,1363,7,0,https://www.youtube.com/watch?v=JnOGnUaH1_0,686,471,PF240856,청춘연가 [의정부],뮤지컬,의정부예술의전당 대극장,2024-06-29,2024-06-29,,,,,,youtube_collect_targeted + signal_scorer: 신규 delete 후보,
AtdKVYHqVuE,웬만하면 축구 유튜버 하지마세요,"#축구 #축튜버 #브이로그

감사합니다 ^^b

인스타그램: 
명싸커 : https://www.instagram.com/myung.8/?hl=ko

비즈니스 메일: 
myungsoccer@naver.com

Music by:
Blue Wendsday",UC1N305jQJlCaSzGaSRTL6Rw,명싸커,2021-03-01T08:30:02Z,561,9.35,False,4967,87,19,https://www.youtube.com/watch?v=AtdKVYHqVuE,21700,338,PF271539,이벤져스 라이브 [대구],뮤지컬,대구서구문화회관 공연장,2025-08-16,2025-08-16,,,,,,youtube_collect_targeted + signal_scorer: 신규 delete 후보,
k7iIEzjRvBw,💕(추억소환)#홍자님과홍일병의공식첫미니팬미팅#심장이뜨거워져서#모두가#함께울었던날😂#아름다운우리가수#홍자#2019.06.11#고화질,"#홍자
#감성트롯퀸
#트로트의여제
#첫공식미니팬미팅
#감동
#춘천닭갈비축제
#2019.06.11",UCfv0ZS2RP381yYll_eutYEQ,홍자팬짱아,2022-08-31T05:26:15Z,349,5.82,False,6598,327,18,https://www.youtube.com/watch?v=k7iIEzjRvBw,9080,1230,PF271539,이벤져스 라이브 [대구],뮤지컬,대구서구문화회관 공연장,2025-08-16,2025-08-16,,,,,,youtube_collect_targeted + signal_scorer: 신규 delete 후보,
NpQFnsLr0u0,베세토오페라단 그랜드갈라콘서트 / O mio babbino caro(G.Puccini 곡) - Sop. 박금록,"베세토오페라단 그랜드갈라콘서트
2019 가을향기 

2019.10.22(화)오후 7시30분 
세종문화회관 대극장 
주최 : 베세토오페라단
예술총감독 및 단장 : 강화자
음악총감독 : 권용진
소리얼필하모닉오케스트라 지휘 : 조장훈

2019년 가을, 서울에서 오페라 페스티발을 통해 서울 시민에게 가을의 정취와 휴식을 선사한다.
한국인이 사랑하는 대표 오페라 작품을 국내 정상급 성악가들의 아름다운 연주와 합창단의 어우러짐을 통해 환상적인 무대를 경험할 수 있다.


프로그램

1부
Die Fledermaus Overture(J. Strauss 곡) - 소리얼필하모닉오케스트라

Heia, heia, in den Bergen ist mein Heimatland(E. Kálmán 곡) - Sop. 박혜진
from the Opera die csardasfürstin

Pourqoui me reveiller(J.Massenet 곡) - Ten. 한윤석
from the Opera Werther

O mio babbino caro(G.Puccini 곡) - Sop. 박금록
from the Opera Gianni Schicchi

Song to the moon(A.Dvorak 곡) - Sop. 박금록
from the Opera Rusalka

Io son l'umile ancella(F.Cilea 곡) - Sop. 황인자
from the Opera Adriana Lecouvreur 

Meine lippen sie küssen so heiss(F.Lehar 곡) - Sop. 진윤희
from the Opera Giuditta 

Lippen schweigen(F.Lehar 곡) - Sop. 진윤희, Ten. 이정원
from the Operetta Die lustige Witwe 

Si, Mi chiamano mini(G.Puccini 곡) - Sop. 박현주
from the Opera La Bohème

O soave fanciulla(G.Puccini 곡) - Sop. 박현주, Ten. 이동명
from the Opera La Bohème

Di quella pira(G.Verdi 곡) - Ten. 이동명
from the Opera Il Trovatore

Panis Angelicus(C.Franck 곡) - M. sop. 김수정, 한국어린이 오페라합창단

La, sui monti dell'Est(G.Puccini 곡) - 한국어린이 오페라합창단
from the Opera Turandot

Nessun dorma(G.Puccini 곡) - Ten.이정원,이동명,한윤석,한국어린이 오페라합창단
from the Opera Turandot


Intermission

2부

Piano Concerto in F minor BWV.1056(J.S.Bach 곡) - Pianist 이혜경

Votre toast, je peux vous le render(G.Bizet 곡) - Bar.우주호
from the Opera Carmern

Ah! Lo vedi(P.Mascagni 곡) - Sop. 김인혜, Ten.한윤석
from the Opera Cavalleria Rusticana 

Las hijas del Zebedeo(R.Chapi 곡) - M. sop. 김수정
from the Opera Zarzuela

Pace, pace mio Dio(G.Verdi 곡) - Sop. 황인자
from the Opera La Forza del Destino

Dreaming Teddy(Nakandakari Yuko 작곡,조장훈 편곡) - 소리얼필하모닉오케스트라 

Vissi d'arte(G.Puccini 곡) - Sop. 김인혜
from the Opera Tosca

E luceran le stelle(G.Puccini 곡) - Ten. 이정원
from the Opera Tosca

Di provenza il mar il suol(G. Verdi 곡) - Bar.우주호 
from the Opera La Traviata

E strano(G.Verdi 곡) - Sop. 박혜진
from the Opera La Traviata

Brindisi(G.Verdi 곡) - 출연진 다함께
from the Opera La Traviata

영상 촬영편집제작 / 김문기_김문기의 포토랜드
http://blog.daum.net/photokin
phone 010-5273-2309",UC9mTG7yvizKx21dB8unxzNQ,김문기의 포토랜드 Kim Moon-gi's Photoland,2019-11-06T03:58:58Z,205,3.42,False,7244,36,0,https://www.youtube.com/watch?v=NpQFnsLr0u0,15600,10645,PF251327,양산시립합창단 정기연주회: 가을의 향연,서양음악(클래식),양산문화예술회관 대공연장,2024-10-31,2024-10-31,,,,,,youtube_collect_targeted + signal_scorer: 신규 delete 후보,
xk2yGdrDkTM,Sop.유소영   관악산 바위에 누워(강석진 시 / 최영섭 곡) Pf.장은혜,"제65회 현충일 특집, 한국예술가곡보존회 제12회 정기연주회
2020.6.6.(토) 5:00pm K B S 아 트 홀
주최/주관 :한국예술가곡보존회 http://cafe.daum.net/kr songpreserve",UCtBDESNrVyZ4VrnScvu9eew,sanggook1,2020-06-07T16:23:24Z,286,4.77,False,95,4,0,https://www.youtube.com/watch?v=xk2yGdrDkTM,359,342,PF251327,양산시립합창단 정기연주회: 가을의 향연,서양음악(클래식),양산문화예술회관 대공연장,2024-10-31,2024-10-31,,,,,,youtube_collect_targeted + signal_scorer: 신규 delete 후보,
wkzW0sCiCOI,섬으로 떠나는 클래식 여행,"섬으로 떠나는 클래식 여행
주최,주관:여수심포니오케스트라
후원:한국예술위원회,전라남도,전라남도문화재단
일시:2020.8.8   장소:gs칼텍스예울마루",UCpW5yyq1uW4bwMucMv6HN1Q,국제해양방송,2020-12-15T14:38:47Z,5468,91.13,False,350,5,0,https://www.youtube.com/watch?v=wkzW0sCiCOI,1100,709,PF251327,양산시립합창단 정기연주회: 가을의 향연,서양음악(클래식),양산문화예술회관 대공연장,2024-10-31,2024-10-31,,,,,,youtube_collect_targeted + signal_scorer: 신규 delete 후보,
KqavZAYM8vA,[21.10.19.] [대구국제방송교향악단]문화나눔Ⅰ앙상블의 향연,"공연일자 2021.10.19.(화)
공연시간 오후 7시30분
공연장소 수성아트피아 무학홀
관람연령 8세이상입장가능(*2014년 이전 출생자부터)
입장료 전석:무료
문의 053)668-1800

대구문화발전소 http://cafe.daum.net/dg-cultural 다음카페
대구문화발전소 https://band.us/band/49860918 밴드
Daegu culture https://cafe.naver.com/a9403043 네이버 카페
대구공연관람모임  https://cafe.naver.com/dglimjonghyun 네이버 카페
                  http://cafe.daum.net/deagu-seeplay 다음카페
대구공연관람 및 정보문의  https://open.kakao.com/o/gQZXaUQb 오픈쳇팅방(쳇방은 승인후)
라인워크   https://home.worksmobile.com/main/
한번 둘러보시고 가입하세요.

대구 공연 정보는 여기에 다 있다 https://dg-cultural.tistory.com/ 티스토리
대구 공연 정보는 여기에 다 있다  https://blog.naver.com/a9403043 네이버 블로그
대구공연정보   https://post.naver.com/a9403043?isHome=1  네이버 포스터
대구문화발전소   http://blog.daum.net/a94030431  다음 블로그
대구공연정보(유튜브)
https://www.youtube.com/channel/UCjTlbWQ2QLF5u6C9KCO1pbg?view_as=subscriber
대구공연리뷰(유튜브)
https://www.youtube.com/channel/UCgpi2LWn__GlGpNS75vcX2Q?view_as=subscriber
대구공연 즐기자(유튜브)
https://www.youtube.com/channel/UCsQDIols2t2-qB9VIVQFk4A
한번 둘러보세요.",UCjTlbWQ2QLF5u6C9KCO1pbg,대구 공연 정보,2021-10-16T05:29:59Z,21,0.35,True,15,0,0,https://www.youtube.com/watch?v=KqavZAYM8vA,981,4315,PF251327,양산시립합창단 정기연주회: 가을의 향연,서양음악(클래식),양산문화예술회관 대공연장,2024-10-31,2024-10-31,,,,,,youtube_collect_targeted + signal_scorer: 신규 delete 후보,
1deHIrsc1FY,제62회 안산시립국악단 정기연주회  3. 김일구류 아쟁산조 협주곡,"2022.6.23
제62회 안산시립국악단 정기연주회 
3. 김일구류 아쟁산조 협주곡

편곡 _ 박범훈
아쟁 _ 이지윤
지휘 _ 임상규",UCXD1rCqUvOwnojoDSmygJCA,안산시립국악단,2022-07-18T06:56:19Z,962,16.03,False,452,6,1,https://www.youtube.com/watch?v=1deHIrsc1FY,11600,140,PF251327,양산시립합창단 정기연주회: 가을의 향연,서양음악(클래식),양산문화예술회관 대공연장,2024-10-31,2024-10-31,,,,,,youtube_collect_targeted + signal_scorer: 신규 delete 후보,
-t2MgPQkC9w,목련화,2017.3.24 오현규 선생님 지휘~  목련화를 부르다~,UCxbWpPct1SvSB2pWLz65qig,윤솔,2017-03-26T01:14:39Z,27,0.45,True,1775,11,1,https://www.youtube.com/watch?v=-t2MgPQkC9w,13,26,PF251327,양산시립합창단 정기연주회: 가을의 향연,서양음악(클래식),양산문화예술회관 대공연장,2024-10-31,2024-10-31,,,,,,youtube_collect_targeted + signal_scorer: 신규 delete 후보,
Dfm6rCPC8S4,소프라노 마혜선 G Donizetti - Opera 'Lucia di Lammermoor' 中 - Regnava nel silenzio,"2011.09.21  Sop. 마혜선 독창회
수성아트피아 용지홀
센트로필하모닉 오케스트라
지휘 : 류형길",UCchm65b75RicgiT2RM1LG7w,GIOVANNI,2013-04-30T16:27:26Z,522,8.7,False,1089,12,0,https://www.youtube.com/watch?v=Dfm6rCPC8S4,446,132,PF251327,양산시립합창단 정기연주회: 가을의 향연,서양음악(클래식),양산문화예술회관 대공연장,2024-10-31,2024-10-31,,,,,,youtube_collect_targeted + signal_scorer: 신규 delete 후보,
oMZC8U0x04U,양산 윈드오케스트라 정기연주회,"#양산시문화예술회관 #윈드오케스 트라 #지휘자박우진 #양지원 #이야깃tv

2022.9.29일 양산문화예술화관에서 지휘자 박우진의 윈드오케스트라 정기연주회와 양지원가수의 열창이 있었음",UCohoAISO5SlpABlQ4y4H92A,이야깃tv,2022-10-02T04:33:48Z,224,3.73,False,442,9,1,https://www.youtube.com/watch?v=oMZC8U0x04U,84,117,PF251327,양산시립합창단 정기연주회: 가을의 향연,서양음악(클래식),양산문화예술회관 대공연장,2024-10-31,2024-10-31,,,,,,youtube_collect_targeted + signal_scorer: 신규 delete 후보,
TMeqwU2wB2s,강남문화재단 클래식 품격콘서트 - Mahler in April,"강남심포니오케스트라가 연주하는 구스타프 말러 (Gustav Mahler)의 작품을 만날 수 있는 시간!

2019.4.4 (목) 오전 11:00 강남구민회관 대공연장
전석무료, 공연문의 02-6712-0541

지휘 : 성기선
연주: 강남심포니오케스트라
메조소프라노 : 김선정 

강남구청 공식 유튜브",UCSCZJRYjJrYrfGfdU42iPag,강남구,2019-03-28T07:08:38Z,41,0.68,True,106,0,0,https://www.youtube.com/watch?v=TMeqwU2wB2s,30100,8714,PF251327,양산시립합창단 정기연주회: 가을의 향연,서양음악(클래식),양산문화예술회관 대공연장,2024-10-31,2024-10-31,,,,,,youtube_collect_targeted + signal_scorer: 신규 delete 후보,
Afpo0MdFd2I,대전예술의전당 앙상블홀 연극 '진실' 커튼콜,"2019.3.23. 배종옥, 김수현, 양소민, 이형철 배우",UC-N6utuc1lgjm_UKDdZv6SQ,젊은태양 Claudi,2019-04-23T13:28:23Z,42,0.7,True,87,1,0,https://www.youtube.com/watch?v=Afpo0MdFd2I,319,398,PF251327,양산시립합창단 정기연주회: 가을의 향연,서양음악(클래식),양산문화예술회관 대공연장,2024-10-31,2024-10-31,,,,,,youtube_collect_targeted + signal_scorer: 신규 delete 후보,
4ML9bDO_mYA,워터밤 수원 하이라이트 ㅋㅋ#shorts #워터밤 #waterbomb #수원,#shortsvideo #다이어트 #다이어트 #직장인 #일상 #daily #dailyshorts #운동하는직장인 #다이어트 #일상 #daily #데일리그램 #일상기록 #좋아요 #맞팔 #데일리 #좋반 #1일1릴스 #훈남 #헬스 #직장인 #Shorts #바디프로필 #운동하는직장인 #오운완 #부산 #동기부여 #울산 #바디프로필준비 #운동동기부여 #먹방 #워터밤,UCBJ7EZXsUpSiXl4fpdu-R0Q,태준,2023-08-13T01:58:46Z,58,0.97,True,5843,,7,https://www.youtube.com/watch?v=4ML9bDO_mYA,24000,27,PF259324,수원음악인의 밤 [수원],서양음악(클래식),수원SK아트리움 대공연장,2025-03-13,2025-03-13,,,,,,youtube_collect_targeted + signal_scorer: 신규 delete 후보,
Px9_5hMmgQk,201019 포레스텔라 Forestella 콘서트 @수원 둘째날 - 커튼콜 (고우림 Focus),"2020.10.18
포레스텔라 콘서트 [넬라판타지아] @수원
- 커튼콜

#포레스텔라 #Forestella #고우림
#넬라콘",UClRDeJohUt3Y6Dh1HxAFLew,EMILY,2020-10-18T16:02:39Z,175,2.92,False,657,46,2,https://www.youtube.com/watch?v=Px9_5hMmgQk,2540,200,PF259324,수원음악인의 밤 [수원],서양음악(클래식),수원SK아트리움 대공연장,2025-03-13,2025-03-13,,,,,,youtube_collect_targeted + signal_scorer: 신규 delete 후보,
EN10-GBoBwo,[한남동 블루스퀘어] 뮤지컬 시스터액트 SISTER ACT,"2017.12.06.수
처음 시작하는 순간부터 빵빵터지는 시스터액트",UCzN7pKo05m0KzcxHG4flJ9g,MTUO,2018-02-15T06:47:06Z,73,1.22,False,61,0,0,https://www.youtube.com/watch?v=EN10-GBoBwo,403,183,PF243809,스프레이 [김제],연극,김제문화예술회관 대공연장,2024-07-04,2024-07-06,,,,,,youtube_collect_targeted + signal_scorer: 신규 delete 후보,
_zEzD1OIZgQ,뮤지컬 여명의 눈동자 TV 홍보영상 30초 스팟,"뮤지컬 여명의 눈동자 TV 홍보영상 30초 스팟

뮤지컬 여명의 눈동자  
분야 : [ 뮤지컬 ]     지역 : 서울  
공연일정 : 2020.01.23 ~ 2020.02.27 
공연장 :세종문화회관 대극장 
러닝타임 : 165분 (인터미션 : 15분)  
관람등급 : 8세이상관람가능(미취학아동입장불가) 
문의 : 문화감성아츠 02-764-9102 
제작/기획 : 수키컴퍼니 

시놉시스
그저 함께 있고 싶었을 뿐인데..
그게 왜 그렇게 어려웠을까요,
우린...

일제의 지배가 막바지에 이르고 있던 1944년,
조선인 학도병 대치와 일본군 위안부 여옥은 민족의 아픔을 공유하며
사랑을 키워나가지만 행복도 잠시, 전쟁은 두 사람을 갈라 놓는다.
사이판으로 끌려온 여옥을 만난 하림은
임신중인 그녀를 보살피며 연민의 정을 느끼고
두 사람은 잠시나마 행복한 시간을 보내게 된다. 

예매하기
http://ticket.interpark.com/Ticket/Goods/GoodsInfo.asp?GoodsCode=P0001854",UCLkfLf9VK0irj8ZvGQgD5Fg,엔조이컬쳐,2020-02-13T06:57:25Z,31,0.52,True,124,2,0,https://www.youtube.com/watch?v=_zEzD1OIZgQ,1310,544,PF243809,스프레이 [김제],연극,김제문화예술회관 대공연장,2024-07-04,2024-07-06,,,,,,youtube_collect_targeted + signal_scorer: 신규 delete 후보,
iA49SaTAuRs,🐰토끼 가면을 쓴 인형(바비큐티리빌 리뷰)✨️,"토끼가면을 쓴 바비인형 🐰 
바비큐티리빌 리뷰 Barbie Cutie Reveal

#shorts 
#바비인형
#손그림
#바비큐티리빌
#리뷰
#일러스트
#종이인형",UCEKbkfIY8oKZWKGVYhtdn6Q,만들랑TV Mandelang,2022-07-08T03:50:48Z,46,0.77,True,5072,147,6,https://www.youtube.com/watch?v=iA49SaTAuRs,2630,155,PF241477,벨벳토끼 [공주],한국음악(국악),공주문예회관 대공연장,2024-06-13,2024-06-14,,,,,,youtube_collect_targeted + signal_scorer: 신규 delete 후보,
bgRvvgkKOvQ,구라치다 딱 걸린 전종서 웃참실패,"#shorts 구라치다 딱 걸린 #전종서  #웃참 
#진선규 #극대노  #담배 #몸값 


















































































































































































































#롤 #배그 #게임 #배틀그라운드 #bts #장민호 #미국 #기도 #비트코인 #호주 #돈 #트로트 #그림 #지민 #시리즈액괴 #히트 #피아노 #피파온라인4 #피파4 
#머니투데이방송 #저평가우량주 #버스킹 #더불어민주당 #러시아 #커버 #커버댄스 #커버곡 #커피 #재테크 #재미 #재미있는 #재즈 #재민 #재현 #데일리 #데일리룩 #데이트 #데바데 #데이식스 #데드리프트 #게임방송 #개 #개냥이 #개그 #매드무비 #매매 #매일성경 #매도 #매수 #매매기법 #내적치유 #내돈내산 #내집마련 #애니메이션 #애플 #애니리뷰 #애견 #레드벨벳 #레시피 #레전드 #레고 #레이 #레식 #해외반응 #해외선물 #해외여행 #해운대 #해외주식 #패션 #패러디 #채널a뉴스 #테슬라 #테마주 #테니스 #케이팝 #케플러 #케이크 #케인 #큐티 #쿠키런 #쿠키런킹덤 #쿠팡 #무당 #무서운이야기 #무료추천주 #무속인 #무료 #무과금 #과학 #과일 #일상 #일상브이로그 #일본 #일본반응 #일본어 #일상vlog #릴스 #스트레이키즈 #스타크래프트 #스터디윗미 #스타 #스포츠 #스포츠토토 #토트넘 #토토 #토이푸들 #토토분석 #토끼 #분석 #분양 #분데스리가 #가을 #가요 #가사 #가족 #가수 #가상화폐 #가성비 #성경 #성경읽기 #성령 #성경통독 #성공 #공부 #공연 #공시생 #공포게임 #공략 #공인중개사 #회개 #중고차 #중국 #중고차추천 #중국어 #중고차딜러 #중고차할부 #중고차구매 #차트분석 #차박 #차트 #위한 #위메이드 #위로 #위믹스 #믹스견 #한국 #한국어 #한동훈 #한강 #한일커플 #한국경제tv #한일부부 #부산 #부산mbc #부산여행 #부산문화방송 #부자 #자기계발 #자연 #자취요리 #자전거 #자작곡 #작곡 #남자 #친구 #구독 #구독과좋아요 #좋아요 #좋은글 #은혜 #브롤스타즈 #브롤 #브레이브걸스 #걸그룹 #걸스힙합 #힙합 #노래 #노래방 #노래모음 #노래방어플 #노래추천 #추천 #추억 #종이접기 #담양군 #군대 #군사 #아이즈원 #아이유 #아이브",UCkYIypKCyxJRbmapGKCLW7g,방구,2023-01-19T12:11:31Z,33,0.55,True,5659,34,2,https://www.youtube.com/watch?v=bgRvvgkKOvQ,2780,57,PF241477,벨벳토끼 [공주],한국음악(국악),공주문예회관 대공연장,2024-06-13,2024-06-14,,,,,,youtube_collect_targeted + signal_scorer: 신규 delete 후보,
XpvEemw12Cw,광주시립발레단 제129회 정기공연 〈호두까기 인형〉,"광주시립발레단 제129회 정기공연 〈호두까기 인형〉

장르 : 국악·무용
장소 : 국립아시아문화전당 극장2
기간 : 2021-12-23 (목) ~ 2021-12-26 (일)
시간 : 2021-12-23 (목) 19:30 / 2021-12-24 (금) 15:00 / 2021-12-25 (토) 15:00, 19:30 / 2021-12-26 (일) 14:00
가격 : R석 30,000원 / S석 20,000원 / A석 10,000원
출연 : 광주시립발레단
관람등급 : 8세이상 관람가
관람시간 : 120분(인터미션 15분)
주최 : 광주문화예술회관, 국립아시아문화전당
주관 : 광주시립발레단, 아시아문화원
문의 : 062-522-8716
상세안내 : https://playgwangju.co.kr/bbs/board.php?bo_table=korean&wr_id=49",UChNdnxatfx8gTjBHwRP0LQw,플레이광주,2021-11-19T02:46:40Z,29,0.48,True,77,0,0,https://www.youtube.com/watch?v=XpvEemw12Cw,25,62,PF262007,"제15회 대한민국발레축제, 코펠리아",무용(서양/한국무용),예술의전당 [서울] CJ 토월극장,2025-05-31,2025-05-31,,,,,,youtube_collect_targeted + signal_scorer: 신규 delete 후보,
4bMnDURbgOo,We Are One - World Dance Expo Seoul 2022 'Young Dance Festival’ (덕원예술고등학교/발레),"★Young Dance Festival★

✔ 취지: Would dance Expo Seoul 2022 Young Dance Festival !
차세대 유망 신예들에게 양질의 무대경험의 기회를 제공함으로써 우수한 무용인재들의 발굴 및 성장을 도모하고 세계적인 문화교류의 장을 만들어 향후 국내를 넘어 국제적인 무용계 발전에 기여하고자 합니다.
많은 관심과 성원 부탁드립니다.

✔일시: 2022.08.30.(화) ~2022.08.31.(수)
✔장소: 세종문화회관 대극장
✔주최/주관: 세계무용연맹 한국본부 조직위원회

※티켓 문의: 010-5656-2935 (단체 좌석 문의)

👉티켓 구매방법
-세종문화회관 사이트 접속→ 상단 메뉴 중 오른쪽에 Ticket 눌러 로그인 후 티켓 예매

또는→ 상단 메뉴 중 공연,전시,강좌 클릭 후 young dance festival 공연 클릭 후 예매하기 버튼 클릭!



📍We Are One- World Dance Expo Seoul 2022 Pre - Festival 'Young Dance Festival' Participation guide.

✔Intent: Would dance Expo Seoul 2022 Young Dance Festival !
By providing the next generation of promising newcomers with high-quality stage experiences, we aim to discover and grow excellent dance talents, create a world-class cultural exchange venue, and contribute to the development of the international dance industry beyond Korea.

Please show a lot of interest and support.

✔Date: 2022.08.30.(Tue) ~2022.08.31.(Wed)
✔Place: Sejong Center for the Performing Arts Grand Theater
✔Hosted / Supervision:World Dance Alliance Korea Headquarters Organizing Committee

※TICKEThttps://www.sejongpac.or.kr/portal/main/main.do",UCvT7hUj7Bbg5hddI6RNToSQ,WDAK 세계무용연맹,2022-08-05T09:44:09Z,64,1.07,False,2280,84,0,https://www.youtube.com/watch?v=4bMnDURbgOo,1670,44,PF262007,"제15회 대한민국발레축제, 코펠리아",무용(서양/한국무용),예술의전당 [서울] CJ 토월극장,2025-05-31,2025-05-31,,,,,,youtube_collect_targeted + signal_scorer: 신규 delete 후보,
9KCZ7xbPNPM,한량무-2023 하늘연달  한타래무용단 창단 16주년 기념 정기공연(이윤희.송화연.김현미.류명주.김영희.김혜경.고나영),한타래무용단 창단 16주년 기념 정기공연 인천계양문화회관 2023.10.14 (박은하 한타래예술단대표 : 010-7579-4288),UC279W7NA6pD1HunhFE309Vw,한스영상tv(오필승감독),2023-10-16T00:54:19Z,375,6.25,False,1089,8,0,https://www.youtube.com/watch?v=9KCZ7xbPNPM,5360,7099,PF234671,"대전시립연정국악단, 토요국악",한국음악(국악),대전시립연정국악원 작은마당,2024-03-09,2024-11-23,,,,,,youtube_collect_targeted + signal_scorer: 신규 delete 후보,
VcJsSlYJHek,한영숙류 태평무-최정옥,"2018.12.09(일) 오후 3시
경기도문화의전당 소극장

경기도 무형문화재 제8호 승무.살풀이춤 예능보유자
제19회 송악 김복련과 제자백가의 춤

-출연-
최정옥, 주정숙, 전건자, 김희자, 윤은희",UCDVg3l6j2jo7Z39K20rR49A,K Dolphin,2019-02-08T11:31:22Z,515,8.58,False,382,7,0,https://www.youtube.com/watch?v=VcJsSlYJHek,19,2,PF234671,"대전시립연정국악단, 토요국악",한국음악(국악),대전시립연정국악원 작은마당,2024-03-09,2024-11-23,,,,,,youtube_collect_targeted + signal_scorer: 신규 delete 후보,
KdZK4Q2cgWQ,2023 꿈의 오케스트라 원주 [FAMILY PARK CONCERT] - 우리들의 이야기(오프닝 영상),2023.08.04.,UCZX7TighfXnQ3HPpUKm2MGA,원주문화재단,2023-08-22T06:00:04Z,520,8.67,False,303,,0,https://www.youtube.com/watch?v=KdZK4Q2cgWQ,2350,257,PF285118,"예술의전당 교향악축제, 원주시립교향악단 (04.16)",서양음악(클래식),예술의전당 [서울] 콘서트홀,2026-04-16,2026-04-16,,,,,,youtube_collect_targeted + signal_scorer: 신규 delete 후보,
KXjsiCCXHYA,폭소춘향전,"2013.9.13(금) 15:00, 19:30 안산문화예술의전당 해돋이극장",UCeNexJN7o4_TkI9-gqA9FBQ,동텐,2013-07-25T02:42:48Z,59,0.98,True,628,2,4,https://www.youtube.com/watch?v=KXjsiCCXHYA,12,14,PF266730,꽃의 비밀 [제천],연극,제천예술의전당 대공연장,2025-07-04,2025-07-05,,,,,,youtube_collect_targeted + signal_scorer: 신규 delete 후보,
2nBWP46CGps,2020.2.16 제4회 피터팬 프로암&매니아 제너럴 파티 선수 포메이션 Dancesport Formation  | 박재훈댄스스튜디오,"2020.2.16. 

박재훈 댄스스튜디오 
제4회 피터팬&제네럴 파티 [선수 포메이션] 영상입니다. 

Je Dancestudio
4th Peterpan&General Party 'Showcase-Latin&Ballroom'


- 박재훈 댄스스튜디오 
위치 : 서울시 서초구 강남대로27길 7-21 지하 1층


#박재훈댄스스포츠#댄스스포츠포메이션#댄스스포츠",UCl33oefsn3UgibtB21_XRuw,박재훈댄스스튜디오 Je Park dancesport,2020-02-20T06:53:03Z,409,6.82,False,701,6,0,https://www.youtube.com/watch?v=2nBWP46CGps,918,116,PF270304,피터팬 [남양주],무용(서양/한국무용),다산아트홀,2025-08-23,2025-08-23,,,,,,youtube_collect_targeted + signal_scorer: 신규 delete 후보,
-JvdKqrifoE,피터팬전,"[피터팬전] 
K현대미술관 특별전시관 B1 & B1.5
2023.05.05 - 2023.10.29",UCq9daqLijKsr86wOh_i8xdQ,kmca contact,2023-09-13T01:13:01Z,49,0.82,True,45,0,0,https://www.youtube.com/watch?v=-JvdKqrifoE,0,2,PF270304,피터팬 [남양주],무용(서양/한국무용),다산아트홀,2025-08-23,2025-08-23,,,,,,youtube_collect_targeted + signal_scorer: 신규 delete 후보,
ZUr9O6VBwP8,"Musical 2013 '벽을 뚫는 남자',Le Passe-Muraille' 서울 막공 Curtain Call-마티율 ver.","시야 확보가 어려워 only 마이클 리(Michael K. Lee) 버전으로 
촬영된 영상입니다
뮤지컬 ""벽을 뚫는 남자""스윙과 나머지 배우들, 음악감독님들&연주자분들 소개와
 막공소감 & 감사 인사 그리고 마지막 커튼 콜 노래 부분이에요.
2014.1.26. Sun., 6 P.M. @홍익대 대학로 아트센터 대극장",UCdZsKs4IkdyDDZdKOCYyP5Q,Wook-hee Jeong,2014-01-27T09:43:13Z,422,7.03,False,902,9,0,https://www.youtube.com/watch?v=ZUr9O6VBwP8,1830,363,PF270304,피터팬 [남양주],무용(서양/한국무용),다산아트홀,2025-08-23,2025-08-23,,,,,,youtube_collect_targeted + signal_scorer: 신규 delete 후보,
S2QZg-pqEJc,"뽀로로 20주년 스페셜 매직 싱어롱쇼 ""슈퍼스타 뽀로로 드림콘서트"" - ♪뽀로로 오프닝송(안녕 친구들)","뽀로로 20주년 스페셜 매직 싱어롱쇼 ""슈퍼스타 뽀로로 드림콘서트"" - ♪뽀로로 오프닝송(안녕 친구들)
(2023.7.30)
#뽀로로뮤지컬 #가족뮤지컬 #pororo  #슈퍼스타뽀로로드림콘서트 #뽀로로20주년 #어린이뮤지컬

뽀로로탄생 20주년 기념 매직 싱어롱쇼!

""우린 모두 꿈이 있어!""

♪뽀로로 오프닝송(엔딩무대)

정통 라이브밴드와 함께
환상적인 마술도 보면서 
감동적인 뮤지컬을 즐기고 왔어요~

* 2023 전국투어일정
서울 : 7/29~8/6 (코엑스 오디토리움)
수원 : 8/12~8/13 (경기아트센터)
전주 : 8/19~8/20 (한국소리의전당모악당)
부산 : 8/26~8/27 (벡스코오디토리움)
청주 : 9/2~9/3 (예술의전당)
대전 : 9/16~9/17 (평송청소년문화센터)
울산 : 9/23~9/24 (KBS홀)
서울 : 9/23~11/12 (로운아트홀)
광주 : 9/29~9/30 (광주예술의전당)
대구 : 10/7~10/8 (천마아트센터그랜드홀)
창원 : 10/14~10/15 (KBS홀)
안산 : 10/28~10/29 (예술의전당해돋이극장)
성남 : 11/25~11/26 (오페라하우스)",UCISZRYDS2HWbdtpzHJGNHlQ,원서TV,2023-08-03T01:00:09Z,162,2.7,False,98761,153,0,https://www.youtube.com/watch?v=S2QZg-pqEJc,2020,22,PF270304,피터팬 [남양주],무용(서양/한국무용),다산아트홀,2025-08-23,2025-08-23,,,,,,youtube_collect_targeted + signal_scorer: 신규 delete 후보,
XxKSrze3V3M,피터팬의 음악회,"피터팬클럽의 아이들과 함께 한
2021년 마지막 음악회입니다.

[포텐셜음악회]
2021.12.15

[주최/주관] 
피터팬클럽 

[후원]
문화체육관광부
한국장애인문화예술원

[협력]
은평문화재단

#피터팬클럽 #연주회 #커버송 #공연영상

[영상 순서]
00:00 The Maiden's Prayer 피아노 김동호
03:55 음악회 소개
06:34 달무지개 피아노팀
06:38 작은별 최주황
07:37 제주삼다수&동물원 임지후
09:25 종이비행기 송정민
10:51 ""솔""자로 시작되는 말 김윤찬
11:51 루돌프 사슴코 김윤찬
12:32 색칠놀이 김규민 
13:24 숲속아기곰 김규민
14:21 로케트 김하연
14:42 잠수부 김하연
15:17 작은별 김하연 
15:58 기쁨의노래 송민찬
16:57 징글벨 송민찬
18:01 축하연주 소개
18:14 눈 테너 양일모
22:36 참소리 바이올린 앙상블 소개
24:12 숲속 작은집 김하연
26:20 그대로 멈춰라 신동빈
28:53 섬집아기 김동호
31:30 꽃밭에서 서현민
34:29 미뉴에트 No.1 서현민
37:30 피터팬클럽 인터뷰 영상
47:08 표창장 전달
52:13 축하연주 소개
52:46 바람이 불어오는 곳 한지우
54:59 프론티어 한지우
58:05 루돌프 사슴코 한지우
01:00:43 이플랫 색소폰 앙상블 소개
01:01:57 비행기 송정민
01:02:32 종소리 김동해
01:03:28 10월의 어느 멋진 날 김동호
01:07:28 사랑의 협주곡 김동해 송정민 김동호 박준성
01:08:46 Silent night 김동호 서현민
01:11:06 we wish you a Merry Christmas 김동호 서현민
01:13:05 축하연주 소개
01:13:16 Salut d'Amour(사랑의 인사) 김진영
01:16:22 감사 박준성
01:22:02 무지개꿈 중창단 소개
01:22:36 작은 세상
01:25:22 Happy Things
01:16:22 수고했어 오늘도
01:33:16 Tomorrow
01:36:24 버터플라이
01:40:50 엔딩크레딧",UCumRUyGTHYC-xG72I-L0tEg,피터팬클럽,2021-12-21T05:51:45Z,6116,101.93,False,765,24,8,https://www.youtube.com/watch?v=XxKSrze3V3M,130,61,PF270304,피터팬 [남양주],무용(서양/한국무용),다산아트홀,2025-08-23,2025-08-23,,,,,,youtube_collect_targeted + signal_scorer: 신규 delete 후보,
OO1JGeUTEvg,빅페이스가 극찬한 돈까스집 최신근황 ㄷㄷ #shorts,"[돈까르띠에]

#돈까르띠에 #하남맛집 #하남시청맛집 #돈까스맛집 #경양식돈까스맛집
#빅페이스맛집 #빅페이스 #수제돈까스 #등심돈까스 #맛집리뷰 #맛집
#재슐랭 #재슐랭가이드 #푸드 #요리 #음식 #쇼츠 #shorts #빅페이스 #먹방

📍업체명 : 돈까르띠에
📍위치 : 경기 하남시 하남대로777번길 49 (하남시청역 근처)
📍가격
수제등심돈까스 15,000원",UCzgpOnor-MzT-1iflZil2GQ,재슐랭가이드,2025-03-03T03:10:41Z,55,0.92,True,858969,16008,510,https://www.youtube.com/watch?v=OO1JGeUTEvg,326000,803,PF263277,피터팬 [인천],무용(서양/한국무용),인천학생교육문화회관 싸리재홀(대공연장),2025-05-03,2025-05-03,,,,,,youtube_collect_targeted + signal_scorer: 신규 delete 후보,
APfCrD83Bfs,201128 뮤지컬 [ 바람이 불어오는 곳 ] 거제공연 2PM 커튼콜,"김광석 뮤지컬 - 바람이 불어오는 곳
2020.11.28 14:00
거제문화예술회관 대극장
이풍세役 - 박웅
최고은役 - 조연화
백은영役 - 배다솜
김상택役 - 반재호
홍영후役 - 문준혁
멀티맨役 - 서민균",UCJAF1ekKikoUgM2V-SSUHPw,BK Studio,2020-11-30T19:31:41Z,592,9.87,False,337,7,3,https://www.youtube.com/watch?v=APfCrD83Bfs,177,121,PF263277,피터팬 [인천],무용(서양/한국무용),인천학생교육문화회관 싸리재홀(대공연장),2025-05-03,2025-05-03,,,,,,youtube_collect_targeted + signal_scorer: 신규 delete 후보,
k1454fNoXSw,[160515 별이 빛나는 밤에] 막공 커튼콜3 - 그대에게,"2016.05.15.일. 뮤지컬 별이 빛나는 밤에 - 막공
@올림픽공원 올림픽홀

홍경민/김바다/이세준/조권/다나/채송화",UCLHGvTwixq1rqH0rhaLHsIA,족구왕쑥이,2016-05-15T15:50:17Z,206,3.43,False,147,1,0,https://www.youtube.com/watch?v=k1454fNoXSw,580,2240,PF263277,피터팬 [인천],무용(서양/한국무용),인천학생교육문화회관 싸리재홀(대공연장),2025-05-03,2025-05-03,,,,,,youtube_collect_targeted + signal_scorer: 신규 delete 후보,
P0nqQnA8JPE,피터팬컴플렉스 - 내 맘을 알기나 해 + 사랑 + 모닝콜 + 자꾸만 눈이 마주쳐 + 첫사랑 @ 대중음악라이브콘서트 20150527,"2015.05.27 올림픽공원 수변무대
문화가 있는 수요일, 대중음악 라이브 콘서트
피터팬컴플렉스 Peterpan Complex : 내 맘을 알기나 해 + 사랑 + 모닝콜 + 자꾸만 눈이 마주쳐 + 첫사랑",UCZBbdg__snyHHsMTIrWNRdQ,BCKdreamriver,2015-08-11T12:28:32Z,1590,26.5,False,1461,12,3,https://www.youtube.com/watch?v=P0nqQnA8JPE,5600,1602,PF263277,피터팬 [인천],무용(서양/한국무용),인천학생교육문화회관 싸리재홀(대공연장),2025-05-03,2025-05-03,,,,,,youtube_collect_targeted + signal_scorer: 신규 delete 후보,
AKyPVs_lObk,👑[#더마스터피스] 2022 베를린 필하모닉 발트뷔네 콘서트 | 선공개 | 하이라이트,"더 마스터피스
2022 베를린 필하모닉
발트뷔네 콘서트
📺 2022.12.01 (목) 오전 8시 30분 첫방송


지휘 키릴 페트렌코 지휘
협연 키릴 게르슈타인
연주 베를린 필하모닉 오케스트라

🎵 프로그램🎵
A. 리아도프 - 키키모라, Op.63
S. 라흐마니노프 - 피아노 협주곡 제2번, Op.18
F. 크라이슬러 - 사랑의 슬픔
M. 무소로그스키 - 전람회의 그림
P.I. 차이코프스키 - 호두까기 인형 중 '파 드 되'
P. 링케 - 베를린의 공기

시청자 여러분들의 많은 관심 부탁드립니다.


대한민국 문화 예술의 중심! 한경arteTV

👉 TV 채널 번호  
       Sky life(303)
       KT ollehTV(140) 
       SK Btv(206) 
       LG U+TV(230)
       LG 헬로비전(270)
       D' live(160)
       T broad(105)
       HCN(226)
       CMB(대전 59-2) 외",UCPglj7zGwmOlH8_31Tpgh8Q,한경arteTV,2022-11-25T03:54:46Z,83,1.38,False,2316,25,3,https://www.youtube.com/watch?v=AKyPVs_lObk,116000,3896,PF248087,"대한민국은 공연중, 국립심포니오케스트라: 라흐마니노프 & 베토벤",서양음악(클래식),국립극장 해오름극장,2024-10-22,2024-10-22,,,,,,youtube_collect_targeted + signal_scorer: 신규 delete 후보,
Get2AkCM0HQ,2022.04.16 한화와 함께하는 2022교향악축제 - 국립심포니오케스트라 협연 박재홍 커튼콜,"2022.04.16
한화와 함께하는 2022교향악축제 - 국립심포니오케스트라

연 주 | 국립심포니오케스트라
지 휘 | 윤한결
피아노 | 박재홍

프로그램

브람스 피아노 협주곡 제1번 d단조 Op.15
J. Brahms Piano concerto No.1 in d minor, Op.15

오종성 Mimi for Orchestra
Jongsung Oh Mimi for Orchestra

스트라빈스키 페트르슈카 (1946-47 버전)
I. Stravinsky Pètruschka (1946-47 version)

앙코르

부조니가 편곡한 J.S Bach의 눈뜨라 부르는 소리 있어. BWV 645
Bach-Busoni Chorale Prelude ""Wachet Auf Ruft Uns Die Stimme"", BWV 645

차이코프스키 , 오페라 ' 예브게니 오네긴 중 폴로네즈 
P.Tchaikovsky - Eugene Onegin Op. 24 - ""Polonaise""",UCJJlWD4Q2eKe2oXh-2DbgkA,가루tv,2022-04-17T01:17:58Z,327,5.45,False,278,4,0,https://www.youtube.com/watch?v=Get2AkCM0HQ,546,212,PF248087,"대한민국은 공연중, 국립심포니오케스트라: 라흐마니노프 & 베토벤",서양음악(클래식),국립극장 해오름극장,2024-10-22,2024-10-22,,,,,,youtube_collect_targeted + signal_scorer: 신규 delete 후보,
xZO8lq_S1U8,규현 베르테르 이지혜 롯데와 '우리는' 친구~~🌻｜뮤지컬 베르테르 Werther 2020｜CJ ENM,"#규현 베르테르와 #이지혜 롯데의 '우리는'
#뮤지컬베르테르인씨지브이 개봉 기념 깜짝 공개 🌻

뮤지컬 베르테르 20주년 LIVE 공연 실황
2021.05.05 (수) CGV 개봉! 규현 이지혜 이상현 김현숙 임준혁 외

제작｜CJ ENM, 극단 갖가지",UC8Y0YBeQAtH-7IAJYuG7Ziw,씨뮤 by CJ ENM MUSICAL,2021-05-10T09:00:31Z,123,2.05,False,464318,7899,415,https://www.youtube.com/watch?v=xZO8lq_S1U8,96800,1442,PF285068,국립오페라단 정기공연: 베르테르,서양음악(클래식),예술의전당 [서울] 오페라극장,2026-04-23,2026-04-26,,,,,,youtube_collect_targeted + signal_scorer: 신규 delete 후보,
IxjX3aHh6JM,🎤뮤지컬 [슈퍼클로젯] 녹음실 브이로그! ++녹음 당일은 한주 배우 생일!,"라이브로 이루어지는 생생한 뮤지컬!
풍성한 사운드를 통해 더욱 생동감있게 표현된다는 사-실!

더욱 완벽한 뮤지컬을 위해 녹음을 하러 온
[슈퍼클로젯] 배우들을 만나러 가볼까요?!

++아참!
녹음 당일은 한주 배우 생일이었데요~~~
한주 배우님 생일 축하해요!🎁🎁

2022.01.08 - 03.20
세종문화회관 M씨어터

#가족뮤지컬 #어린이뮤지컬 #슈퍼클로젯

🏡HOMEPAGE : https://www.brushtheatre.com/
⭐️INSTAGRAM : https://www.instagram.com/brushtheatre/
⚡예매하기 : https://tickets.interpark.com/goods/P0002801",UCO7PQMtLSjFePIPP2Wv3Xig,BRUSH Theatre,2022-01-14T10:22:27Z,240,4.0,False,2673,29,4,https://www.youtube.com/watch?v=IxjX3aHh6JM,904,139,PF251617,스크루지 [의정부],무용(서양/한국무용),의정부예술의전당 대극장,2024-12-14,2024-12-14,,,,,,youtube_collect_targeted + signal_scorer: 신규 delete 후보,
AIl4u176yKw,"[인생은 고기서 고기다] EP.4-4｜청정 도시, 포천｜허브등심스테이크와 함께 힐링!｜고기 덕후의 정주행 먹로드","#포천 #스테이크 #허브 #힐링센터 #맛집

미식 본능 장착! 한국어 패치 완료
구석진 뒷골목! 진짜 맛을 찾아 대한캐나다인이 떴다!
보고 먹고 즐겨라! 대한민국 구석구석 켜켜이 쌓인 세월과 함께
무르익은 맛을 찾아 떠나는 육즙 가득~ 골목의 숨은 맛집 찾기!
추억과 낭만이 깃든 오래된 노포부터 어슴프레 해가 기울면 길가에 뚝딱 서는 뒷골목 번개 식당까지!
사람 냄새 물씬~ 맛깔 나는 이야기와 함께 역사가 살아 숨 쉬는 뒷골목 맛의 백 스토리 속으로-
맛 지도 완성을 위한 식욕 폭발! 본격 맛 버라이어티!",UCfiCVvy-jRTQH1EpPPntpfw,Berry TV (베리TV),2020-11-17T04:45:01Z,410,6.83,False,368,,1,https://www.youtube.com/watch?v=AIl4u176yKw,705000,9430,PF251617,스크루지 [의정부],무용(서양/한국무용),의정부예술의전당 대극장,2024-12-14,2024-12-14,,,,,,youtube_collect_targeted + signal_scorer: 신규 delete 후보,
MbQJEDSAwAY,"[Vlog] 수비드스테이크, 수비드머신 직구, 평생써먹 스테이크소스 만들기, 해운대빛축제, 고르곤졸라피자 만들기, 송정 와인샵 포도(podo), 해성막창 먹방","봉봉씨 아이폰13 짧은 언박싱 00:21

——————————————————————
 3:49 수비드 머신 바이올로믹스 3.5세대

블랙프라이데이 핫세일로 직구했어요!!
맨날 유튜버들 수비드 스테이크 먹방 보다가 너무 궁금했는데 드디어 수비드 머신 장만♥ 

작동법은 간단해요
스테이크를 할 때는 마리네이드를 잘 하고, 
물을 수비드머신의 MIN~MAX 사이로 받아준 후 작동시켜주면 되는데요.

안심 물기를 키친타올로 무심히 툭툭 닦아주기
소금, 후추 뿌려주고
진공비닐팩에 로즈마리, 타임을 넣었어요
마늘과 버터 등 부가재료를 넣고
진공포장기로 진공포장 해줘요.

(바이올믹스 수비드머신을 사용할때 굳이 필수는 아니에요.
장시간(20시간이상) 조리가 아니라면 지퍼백 (내열온도100도이상)으로 얼마든지 대체가능!)
 
바이올로믹스 수비드기계 가동시킨후 물속으로 투하! 

미니움레어 온도 55도로 맞추고 1시간으로 짧게 돌렸어요.
저는 컨테이너수조를 따로 구매하지 않아서 곰솥냄비로 대체했어요. 
없으면 없는대로 수비드 기계가 잠길만큼의 깊은통이면 충분해요! 

수비드 장시간 돌리면은 물이 증발할수있기때문에 수건이나 뚜껑같은걸로 살짝 막아놓는게 좋아요
저는 그냥 1시간 간단하게 돌리느라 
안덮어놨어요..! 
(수비드 컨테이너.. 갖고싶다..!) 

수비드가 다 된 직후에 고기를 꺼내보면 마치 물에 삶은듯한 비주얼의 안심이 나와요.
수비드 직후에 물온도로만 익힌 스테이크는 빛깔도 예쁘지않고 맛도 떨어지니 
꼭 키친타올로 수분을 제거하여 후라이팬에 겉면만 지져줍시당! (토치 대체가능)

수비드의 장점으로. 촉촉하게 육즙은 지켜주고 어느곳 하나 오버쿡 된 부위 없이 부위가 얇든 두껍든 균일하게 미디움레어의 고기가 나왔어요♥ 

———————————————————————
6:54 고르곤졸라 피자 만들기 
필요재료: 피자도우 생지, 피자치즈, 고르곤졸라치즈, (휘핑크림-선택. 대신 꿀발라줘도됨), 꿀 

———————————————————————
9:41 평생 써먹는 스테이크 소스 만들기
스테이크 레스팅하는 동안 스테이크 굽던 팬으로 간단하게 만들수 있어서 자주 쓰는 방법이에요. 

필요재료는: 와인(레드, 화이트 상관없어요. 보통 스테이크 먹을때 와인 곁들여먹는경우 많으니 남는 와인으로 만들수 있어요!) 
오렌지주스, 버터, 허브(이거도 스테이크 구울때 쓰니까. 남는거약간..) 

———————————————————————-
14:32 송정 와인샵 포도(podo)
요새 핫한거같은 와인샵 체인!
건물 외관이랑 내부도 힙하고 너낌있움!
가격도 착하고 맛있는 와인들이 많은거같아요!
내사랑 내츄럴와인도 종류가 많답니다.
데이트코스로도 구경가봐도 괜찮은거같아요~! 
 
——————————-—————————————-
16:11 해운대빛축제 

2021.11.27. (토) ~ 2022.02.02. (수)
점등시간 : 오후 6시~24시
장소 : 해운대해수욕장, 해운대광장, 해운대시장, 온천길 일원

오후 6시 점등이 시작되는데, 
10분 전쯤부터 백사장내관람데크에 
들어갈 사람들은 줄을 서기 시작합니다.

 접종완료자 및 PCR검사 확인자에 한해 
450명 임장이 제한되기 때문이랍니다. 
처음엔 줄 간격이 너무 붙어있었는데
 나중엔 관리하시는 분들이 거리 간격을 조절하시더라고요~

이번 주제는 '해운대 전설, 빛으로 담다'라고 합니다 


———————————————————————-
18:31 해운대맛집 해성막창
곱창전골이랑 곱창+대창 먹방♥",UCmCoqB7dxpa_rpualq4N1BA,JiNiBong 지니봉,2021-12-18T10:11:30Z,1213,20.22,False,187,6,0,https://www.youtube.com/watch?v=MbQJEDSAwAY,534,29,PF251617,스크루지 [의정부],무용(서양/한국무용),의정부예술의전당 대극장,2024-12-14,2024-12-14,,,,,,youtube_collect_targeted + signal_scorer: 신규 delete 후보,
r3Bgl23RxVM,[전주시립교향악단] 현악앙상블 String Ensemble,"00:00
D. Shostakovich | The Second Waltz No.2
쇼스타코비치 | 왈츠 제2번

03:52
Tango Medley
아코디언 알렉산더 - 쉐이킨

09:07
French Mood
아코디언 알렉산더 – 쉐이킨

18:22
Cinema paradiso
소프라노 - 하나린

22:06
M. Jarre – Lara’s theme
(Dr. Zhivago OST)
아코디언 알렉산더 - 쉐이킨

25:44
꽃밭에서
소프라노 – 하나린

30:25
I could have danced all night
소프라노 – 하나린

33:57
C. Gardel – Por una Cabeza
(Scent of a woman OST)
아코디언 - 알렉산더 쉐이킨

36:35
A. Piazzolla – Libertango
아코디언 - 알렉산더 쉐이킨

2020.10.27. 목 7:30 PM 덕진예술회관
문화가 있는 날",UCwHrpiUM1KdgWsw6DE0dTZQ,전주시립예술단JEONJU-ART-GROUP,2020-11-03T02:24:42Z,2769,46.15,False,1140,22,2,https://www.youtube.com/watch?v=r3Bgl23RxVM,850,159,PF245649,제57회 천안시립교향악단 정기연주회 [천안],서양음악(클래식),천안예술의전당 대공연장,2024-09-06,2024-09-06,,,,,,youtube_collect_targeted + signal_scorer: 신규 delete 후보,
