video_id,video_title,description,channel_id,channel_name,published_at,duration_sec,duration_min,is_shorts_guess,view_count,like_count,comment_count,video_url,channel_subscriber_count,channel_video_count,matched_perf_id,matched_title,matched_genre,matched_venue,matched_perf_start,matched_perf_end,video_type,source_type,notes,date_signal,venue_signal,hashtag_categories,is_condensed_official,explicit_title_quote_match,signal_score,suggested_status,flag_reason
qKVpIGG2ln8,You raise me up  -Vn.양찬휘- 남원시립소년소녀합창단,,UC78OApgp8uTT_O82dyB4LMA,누리울림,2020-12-10T05:16:22Z,269,4.48,False,5521,7,5,https://www.youtube.com/watch?v=qKVpIGG2ln8,424,33,PF275167,제31회 전국시립소년소녀합창제,서양음악(클래식),인천문화예술회관 대공연장,2025-10-24,2025-10-25,,,,none,none,0,False,False,0,no_strong_signal,신호 없음
fDXA_mawbPk,괜찮아요 유성구합창단 30주년 온라인공연,,UC5WgI3hRFTYHIAC7E0HD2Aw,노은3동 TV,2021-04-28T02:09:50Z,246,4.1,False,260,5,0,https://www.youtube.com/watch?v=fDXA_mawbPk,133,53,PF275167,제31회 전국시립소년소녀합창제,서양음악(클래식),인천문화예술회관 대공연장,2025-10-24,2025-10-25,,,,none,none,0,False,False,0,no_strong_signal,신호 없음
ra2Yathg3sM,2022년 거창프라임합창단 story & 인사말 & 연주 및 행사 현황^^,"거창프라임합창단 여러분! 

한 해 동안 끝까지 함께하여 주셔서 감사하다는 말을 먼저 전합니다. 
함께였기 때문에 버텨올 수 있었고, 
함께였기 때문에 여기까지 올 수 있었다고 말씀드리고 싶습니다. 

나뭇가지 하나는 쉽게 부러지지만, 
나뭇가지 다발은 쉽게 부러지지 않는다는 이치를 모르는 사람은 없을 것입니다.

가지가 모여 다발을 이루었고, 
가지를 묶는 방법을 알려주시고, 노력하여주신 
임원진들과 지휘자 선생님, 반주자 선생님에게 감사의 말씀을 드립니다. 

2022년을 정리하는 이 시간 여러분 모두가 주인공입니다.
배려하고 양보하고, 때론 화도 나지만 웃음으로 풀어가며, 
코로나라는 역경을 이겨낸 주인공 말이죠. 
우리는 백 년 혹은 천년에 한 번 올까 말까 한 역경을 이겨낸 사람들이며, 
이렇게 연말에 뜻을 나눌 수 있는 행운을 가진 사람들입니다. 

우리 모두 '남들도 힘들어'라는 말을 하며 어려움을 삭히기보다는 
'남들도 해내고 있어'라는 말을 하며 희망을 품었으면 좋겠습니다. 

“거창프라임합창단” 여러분 2022년 고생 많으셨습니다. 
다가오는 2023년은 토끼의 해인 만큼 
토끼처럼 총명하고 껑충껑충 전진하는 한 해 되셨으면 좋겠습니다. 
새해 복 많이 받으십시오.^^ 감사드립니다.^^


*2022년 거창프라임합창단 연주 및 행사 현황*

2022년 04월 07일 한국전쟁유족회 추모식 
2022년 05월 19일 거창문화센터 재개관 기념 연주회
2022년 06월 06일 현충일 기념식 참가 및 합창단 단합대회 (심소정)
2022년 07월 22일 제32회 거창국제연극제 개막식 피날레 연주
2022년 09월 29일 거창한마당축제 개막공연 
2022년 10월 21일 제26회 거창합창제 
2022년 10월 22일 제8회 심포니윈드오케스트라 협연
2022년 11월 26일 거창문화재단과 함께하는 찾아가는 문화나눔 공연

매주 월요일 저녁7:30분 
경상남도 거창군 거창읍 거열로 246-13 1층

""거창을 대표하는 합창단""
바쁜 일상에서도 
합창을 좋아하는 단원들이 매주 월요일이면 옹기종기 모여
근사한 소리를 만들고자 연습에 매진합니다.
우리들의 생김새가 다르듯 
소소한 의견들이 다를 수 있겠지만
합창단을 향한 마음의 눈은 모두 같은 방향으로 모여져 있습니다.

거창프라임 합창단은 
거창여성합창단과 거창남성중창단인 아델포스가
하나로 합쳐 결성한 거창을 대표하는 남녀 혼성합창단입니다.",UCA0sQW6gQ8JsmrKltnjParw,거창프라임합창단,2022-12-12T09:48:30Z,376,6.27,False,170,8,0,https://www.youtube.com/watch?v=ra2Yathg3sM,386,140,PF275167,제31회 전국시립소년소녀합창제,서양음악(클래식),인천문화예술회관 대공연장,2025-10-24,2025-10-25,,,,none,none,0,False,False,0,no_strong_signal,신호 없음
0cs69BLSs_U,🥇과천스타 SEASON 10 대상🥇,"2019.10.26
과천스타 시즌 10
🥇종합 1위 대상🥇

1.C.O.A 창작
2.도원경 remix-VIXX
3.인연 remix-엔 VIXX

안녕하세요. 과천 문원중학교 대표 댄스 동아리 C.O.A입니다.
이번에 저희가 임시 정부 수립, 독립 100주년을 맞이하여 
독립운동가라는 주제로 과천 스타에 나가 종합 1위 대상을 수상 받았습니다.
이번 무대를 준비하면서 독립운동가분들, 또 일제강점기 시절의 심정을 어떻게 풀어야 할지 많이 생각해보았습니다. 그리고 그 시절을 다시 한번 생각해 보게 되는 계기가 됐습니다. 1919년 3월 1일, 우리 선조들은 일제의 폭압적 통치에 저항해 거리로 나와 태극기를 흔들며 만세운동을 전개했습니다. 많은 분들이 대한민국의 독립을 위해 힘썼고 아파했습니다.
이번 연도가 3.1운동의 100주년인 만큼 
여러분도 저희 무대를 보고 다시 한번 독립 100주년을 생각해보는 기회가 되었으면 좋겠습니다.
대한독립만세!🇰🇷",UCAVqZYphxYpfxIj0MFTabow,과천문원중학교 COA,2019-10-31T12:47:31Z,361,6.02,False,1336,28,0,https://www.youtube.com/watch?v=0cs69BLSs_U,83,10,PF275167,제31회 전국시립소년소녀합창제,서양음악(클래식),인천문화예술회관 대공연장,2025-10-24,2025-10-25,,,,mismatch,none,0,False,False,-2,delete_candidate,날짜 불일치(다른 회차 가능성)
t_J9OZn-dxk,20221020_제16회 오산예술제_오산시 음악협회,"#오산예술제(가을향기콘서트)   #오산시음악협회
00:01 인사말(사회:안지연)
02:23 너의 의미 (러스티하트)
06:01 이 밤이 지나면
10:03 당연한 것들&꿈을 날개를 (오산시소년소녀합창단)
13:46 별
16:21 거위와 황금알
19:08 Fly me to the moon (오산첼리앙상블)
21:33 Autumn Leaves
25:42 밀양 아리랑 (오산시물향기시니어합창단)
28:45 희망의 노래 메들리
33:11 Panis Angelicus (클라즈앙상블)
36:30 Peter Gunn
39:07 나 하나 꽃 피어 (오산시여성합창단)
43:44 Didn’t My Lord Deliver Daniel
46:26 Mission Impossible (굿비트)
48:11 Bugler’s Holiday
50:48 In the Mood
53:40 아리랑 (오산필코러스합창단)
58:56 밀양 아리랑",UC8B-wIl4Ffxy3OcB0qfk-Wg,OsanPhilChorus / 오산필코러스합창단,2022-11-03T05:03:53Z,3811,63.52,False,339,1,0,https://www.youtube.com/watch?v=t_J9OZn-dxk,73,40,PF275167,제31회 전국시립소년소녀합창제,서양음악(클래식),인천문화예술회관 대공연장,2025-10-24,2025-10-25,,,,none,none,0,False,False,0,no_strong_signal,신호 없음
Kjlwy7dss7E,230114 뮤직드라마 ’망원동 브라더스’ 커튼콜 합창,"230114 뮤직 드라마 ‘망원동 브라더스’ 따뜻하고 유쾌한 연극이자 중간중간 뮤지컬처럼 노래도 등장하는 뮤직 드라마 작품.
초대권을 얻게 되어 아무런 정보 없이 보고 왔는데 유쾌하고 기분이 좋아지는 공연!!!

오영준 역 : 김준희
싸부 역 : 고훈목
김부장 역 : 신정만
삼동이 역 : 김초록
선화 역 : 이서경
슈퍼할배 역 : 양현석",UCeN3fR9UYrYVV_P1KCzR7kg,루이언일세,2023-01-14T15:33:24Z,97,1.62,False,736,6,2,https://www.youtube.com/watch?v=Kjlwy7dss7E,250,452,PF275167,제31회 전국시립소년소녀합창제,서양음악(클래식),인천문화예술회관 대공연장,2025-10-24,2025-10-25,,,,none,none,0,False,False,0,no_strong_signal,신호 없음
gEczdtstOdY,"""태산을 넘어 험곡에가도"" - 동화고, 성가합창, 1-5","'동화고등학교 선교인성부'

기독교 인성교육 신앙생활
기독교의 진리를 통하여 하나님을 공경하고 나라와 이웃을 사랑하며 인류를 위해 봉사할 줄 아는 그리스도인을 육성합니다.

운영방침
1) 기도와 경배와 찬양을 생활화 하는 교육풍토조성
2) 기독교 정신에 입각한 민주시민 육성
3) 온유하고 겸손한 신앙을 육성
4) 그리스도의 향기로 사랑을 실천하고 활성화하여 사랑의 사람으로 육성

#동화고 #동화고등학교 #기독교학교",UCMtyxKuj8cLZa21ROIWKqfQ,동화고등학교 교목실,2022-12-31T11:42:29Z,334,5.57,False,1806,,,https://www.youtube.com/watch?v=gEczdtstOdY,1170,356,PF275167,제31회 전국시립소년소녀합창제,서양음악(클래식),인천문화예술회관 대공연장,2025-10-24,2025-10-25,,,,none,none,0,False,False,0,no_strong_signal,신호 없음
lJ-X4VlF-is,"내 마음 편하다 | 3부예배 특송 | 원학연집사, 윤민숙권사 | 2020.09.13","2020.09.13 3부예배 특송
'내 마음 편하다'
원학연 집사, 윤민숙 권사",UCUelWlMoTG9gH2J7DP_VYLg,대광교회,2020-09-13T07:01:29Z,252,4.2,False,91,1,0,https://www.youtube.com/watch?v=lJ-X4VlF-is,815,2776,PF275167,제31회 전국시립소년소녀합창제,서양음악(클래식),인천문화예술회관 대공연장,2025-10-24,2025-10-25,,,,mismatch,none,0,False,False,-2,delete_candidate,날짜 불일치(다른 회차 가능성)
qedPwMbvhxQ,2022 경북북부권합창제,"※ 코로나-19 방역 수칙을 준수하여 진행하였습니다 ※

#경북북부권문화정보센터 #경북북부권합창제 #문경시 #경북도청프라이드합창단 #문경시립합창단",UCRp_lfoYLYuHmoVWMz3tzcA,컬처라인,2023-01-30T05:36:02Z,10842,180.7,False,974,6,1,https://www.youtube.com/watch?v=qedPwMbvhxQ,1090,434,PF275167,제31회 전국시립소년소녀합창제,서양음악(클래식),인천문화예술회관 대공연장,2025-10-24,2025-10-25,,,,none,none,0,False,False,0,no_strong_signal,신호 없음
BhlclKKBAlM,전국 환경음악 페스티벌 & 에코그린합창단 창단연주회 개최,"""인간은 자연 속에서 태어나 자연에서 살다 ~~~~~ "" 로 시작되는 자연보호헌장을 기초로 1983년 5월17일 경상북도 도민의 자연보호교육 및 호연지기 배양을 위해 설립된 경북환경연수원이 2013년 5월 개원 30주년을 맞이한다.
 
경상북도환경연수원(원장 : 이진관)은 개원 30주년을 기념하기 위해, 제1회 전국 환경음악 페스티벌 및 ""에코그린합창단 창단 연주회""를 오는 5월 16일 17:00시부터 경북 칠곡군 교육문화회관에서 개최했다.

이전에 개최되는 제1회 『전국환경음악페스티벌』과 『에코그린합창단 창단연주회』는 ""자연 그리고 하모니""란 주제로 전국 최초로 환경음악을 통해 이 시대 우리 마음의 힐링과 행복을 찾기 위해 준비를 하고 있으며, 특히 제1회 전국환경음악페스티벌은 『대구 얘노을 소년소녀합창단』, 『울산 동구여성합창단』, 『전주 레이디싱어즈』, 『창원 마산여성합창단』, 『코레일 조이너스합창단』등 전국에서 참가한 환경음악분야 최고의 합창단공연과,  2011년 6월 환경연수원 교육 수료생 40여명을 중심으로 결성된 『에코그린합창단』의 창단연주회로 진행되었다.


에코그린합창단은 지난 2011년 『전국환경음악합창경연대회』참가를 시작으로, 구미시립노인요양병원, 포항시 선린애육원 공연 및 봉사활동 등 지금까지 총34회 연주회 경험을 바탕으로, 환경연수원 개원 30주년을 맞이하여 창단연주회를 개최했다.

이번 에코그린합창단 창단연주회에서는 ""숲 속을 걸어요"" 등 10여곡의 아름다운 환경음악 공연과, 부대행사로는 칠곡교육문화회관 주변에서 ""자연생태사진 및 가정원예전시회""가 개최되었으며,  이진관 경북환경연수원장은 ""이번에 실시하는 제1회 『전국환경음악페스티벌』과 『에코그린합창단 창단연주회』를 통해  환경음악, 동요, 가곡 등의 교육과 보급 활동의 전개와 도민의 친 환경적, 정서함양 및 도민화합에 기여하고, 아울러 음악을 통한 녹색환경교육의 새로운 가치를 창조하고자 그 의미를 두고자 한다""고 밝혔다.",UCjXG5Ho0yzSc9RUW_bwfCKA,조영덕,2013-05-18T04:28:08Z,1772,29.53,False,3142,6,0,https://www.youtube.com/watch?v=BhlclKKBAlM,500,770,PF275167,제31회 전국시립소년소녀합창제,서양음악(클래식),인천문화예술회관 대공연장,2025-10-24,2025-10-25,,,,none,none,0,False,False,0,no_strong_signal,신호 없음
TPXfTA3qJLo,거창소년소녀 합창단  힘내라 맑은물,,UCsgBGU5jA7TxxgCxW60lgDQ,HYE-OK KIM,2017-03-01T12:09:14Z,306,5.1,False,409,4,0,https://www.youtube.com/watch?v=TPXfTA3qJLo,6,4,PF275167,제31회 전국시립소년소녀합창제,서양음악(클래식),인천문화예술회관 대공연장,2025-10-24,2025-10-25,,,,none,none,0,False,False,0,no_strong_signal,신호 없음
mUker841A60,제34회 경북합창제 1부공연 포토리뷰/ 2023.10.7(토) 13시 산소카페 청송정원 / 경북합창연합회,,UCx5vLABolrPY8McCGdbX7Vg,김유환의 합창이야기,2023-10-09T05:07:11Z,121,2.02,False,148,5,0,https://www.youtube.com/watch?v=mUker841A60,484,144,PF275167,제31회 전국시립소년소녀합창제,서양음악(클래식),인천문화예술회관 대공연장,2025-10-24,2025-10-25,,,,none,none,0,False,False,0,no_strong_signal,신호 없음
qI80DMloB-g,Stand in the light - 이화합창단,"[이화코러스 제 36회 정기연주회]
2018년 12월 8일 토요일

4-3 Stand in the light (곡 Jordan Smith, 작사 작곡 Stephan Moccio & Lauren Christy, 편곡 Roger Emerson)

지휘 : 최린 (중문 16)
반주 : 김지민(호크마 18), 김현진(건반 18)",UCyifNdScpiM4GFo2UtJ-0xg,이화합창단,2019-01-08T02:25:31Z,231,3.85,False,455,13,0,https://www.youtube.com/watch?v=qI80DMloB-g,1280,346,PF275167,제31회 전국시립소년소녀합창제,서양음악(클래식),인천문화예술회관 대공연장,2025-10-24,2025-10-25,,,,none,none,0,False,False,0,no_strong_signal,신호 없음
7bzZyXcJQco,#제57회탐라문화재#소누스합창단,#일곱빛깔무지개,UCXYDE2JqZrjwWMwDdcDJeqw,콕카라멜,2018-10-12T00:51:41Z,191,3.18,False,145,2,0,https://www.youtube.com/watch?v=7bzZyXcJQco,31,50,PF275167,제31회 전국시립소년소녀합창제,서양음악(클래식),인천문화예술회관 대공연장,2025-10-24,2025-10-25,,,,none,none,0,False,False,0,no_strong_signal,신호 없음
j3ipKnHbxx0,제4회 경상북도 환경패스티발 에코그린합창단 공연,설명,UCOIyVxL91YZa2ayY_5z5Mzg,비타C민,2017-01-05T03:07:52Z,2270,37.83,False,620,,0,https://www.youtube.com/watch?v=j3ipKnHbxx0,14,17,PF275167,제31회 전국시립소년소녀합창제,서양음악(클래식),인천문화예술회관 대공연장,2025-10-24,2025-10-25,,,,none,none,0,False,False,0,no_strong_signal,신호 없음
BotybnRpDB4,귀 귀울여봐,,UChf0ahd8gMdnn21jV-ssarw,최용신,2013-12-03T14:19:48Z,227,3.78,False,1540,7,2,https://www.youtube.com/watch?v=BotybnRpDB4,127,55,PF275167,제31회 전국시립소년소녀합창제,서양음악(클래식),인천문화예술회관 대공연장,2025-10-24,2025-10-25,,,,none,none,0,False,False,0,no_strong_signal,신호 없음
hHHCwSpj01g,"용인시립예술단, ""얼굴찡그리지말아요 버터플라이 상록수""",2020년6월3일 민주당사 앞 민주노총 문화제,UCc32PlAzT-RtPHPjY9F7aUg,국제언론인회,2020-06-04T02:30:53Z,886,14.77,False,194,0,0,https://www.youtube.com/watch?v=hHHCwSpj01g,4050,2498,PF275167,제31회 전국시립소년소녀합창제,서양음악(클래식),인천문화예술회관 대공연장,2025-10-24,2025-10-25,,,,none,none,0,False,False,0,no_strong_signal,신호 없음
5MhZrTe6ANA,에코그린합창단 #머그컵을 붙잡아#,에코그린합창단 구미 환경연수원에서 수업중 환경을 노래하다,UCJ0ZATgswhnxpjuFQfxmciw,콜링TV,2019-08-05T14:05:05Z,198,3.3,False,437,10,0,https://www.youtube.com/watch?v=5MhZrTe6ANA,16,13,PF275167,제31회 전국시립소년소녀합창제,서양음악(클래식),인천문화예술회관 대공연장,2025-10-24,2025-10-25,,,,none,none,0,False,False,0,no_strong_signal,신호 없음
gaA78qflqCU,제31회 도민합창 경연대회  2023.5.4(금),제31회 도민합창 경연대회  2023.5.4(금),UCqksaMirVaAeqJcpimSGzrw,서감독TV,2023-05-04T17:56:49Z,13110,218.5,False,1679,15,0,https://www.youtube.com/watch?v=gaA78qflqCU,2750,431,PF275167,제31회 전국시립소년소녀합창제,서양음악(클래식),인천문화예술회관 대공연장,2025-10-24,2025-10-25,,,,mismatch,none,0,False,False,-2,delete_candidate,날짜 불일치(다른 회차 가능성)
PNFtSmlt6cs,[서울시소년소녀합창단]두부장수-이근택,"2011년 4월 2일(토) 세종문화회관 M시어터
서울시소년소녀합창단 제146회 정기연주회
어린이 합창을 위한 5人5色 콘서트

[두부장수-이근택]

이번에 가지고 온 곡은 이근택 작곡가님의 '두부장수' 입니다❗
두부 장수 아저씨가 두부 지게를 메고 '두부 사려~'를 외치던 옛 풍경이 떠오르시나요? 어린 시절 옛 추억을 떠올리며 노래를 감상하시면 좋을 것 같아요💛
(10년 전 영상으로, 화질과 음질이 고르지 못한 점 양해 부탁드립니다.)

더불어 ☘️8월 12일(금)-13일(토)☘️에는 [22년 ver. 5人5色 콘서트] 가 펼쳐집니다📢
이번 5人5色 콘서트에도 이근택 작곡가님의 다양한 곡들이 포함되어 있는데요, 어떤 곡일지 궁금하시죠❔🤫
체임버홀에서 소년소녀합창단의 아름다운 선율로 함께하세요💕



❣️서울시소년소녀합창단❣️

1964년 창단되어 반세기 이상의 역사를 자랑하는 서울시소년소녀합창단의 연주경력은 
한국 소년소녀합창 음악의 역사라고 말할 수 있는데 
2019년 기준,정기연주회 172회, 초청연주 500여회, 방송출연 150여회, 
해외연주 60여회 등을 비롯하여 총 1500여회 공연실적을 가지고 있습니다. 

서울시소년소녀합창단의 연주곡목은 고전에서 현대, 합창에서 뮤지컬, 동서양을 아우르는 다양한 레파토리로 사람들에게 다가가고 있으며, 우리나라 소년소녀합창단 최초로 메시아 전곡과 대관식 미사를 연주하여 주목을 받았고 
2014년 세계합창심포지엄(IFCM)에서 한국 대표로 참가하여 우리음악의 아름다움을 알렸습니다. 

🌟서울시소년소녀합창단의 소식을 
인스타그램 및 페이스북 페이지에서 받아보세요!
instagram : https://www.instagram.com/sejong_smjchorus/
facebook : https://www.facebook.com/smjuniorchorus",UCkz3ZT5GUimwuqwnsSkQDUw,서울시소년소녀합창단,2022-08-01T03:00:22Z,191,3.18,False,851,10,1,https://www.youtube.com/watch?v=PNFtSmlt6cs,1760,100,PF275167,제31회 전국시립소년소녀합창제,서양음악(클래식),인천문화예술회관 대공연장,2025-10-24,2025-10-25,,,,none,none,0,False,False,0,no_strong_signal,신호 없음
J-omWABse04,2018 목정어린이합창대회 하이라이트,목정어린이합창대회 주최측에서 무대 상황 참고하라고 보내 준 영상입니다.,UCLWwfqw5U0pe5Sn7UKpgLXQ,노래하는 교감쌤 & Boy Soprano You L,2019-10-31T14:55:05Z,297,4.95,False,474,16,0,https://www.youtube.com/watch?v=J-omWABse04,1220,219,PF275167,제31회 전국시립소년소녀합창제,서양음악(클래식),인천문화예술회관 대공연장,2025-10-24,2025-10-25,,,,none,none,0,False,False,0,no_strong_signal,신호 없음
vzwL2sp8Cng,"220618 제 29회 물왕예술제 시흥시 소년소녀합창단(이제부터야,화이트)",,UCVayGqZ_h68IPu5L80m0CFw,김대혁,2022-06-18T11:08:33Z,172,2.87,False,1199,7,3,https://www.youtube.com/watch?v=vzwL2sp8Cng,45,20,PF275167,제31회 전국시립소년소녀합창제,서양음악(클래식),인천문화예술회관 대공연장,2025-10-24,2025-10-25,,,,none,none,0,False,False,0,no_strong_signal,신호 없음
skNXH6ybpds,산유화 -당진시소년소녀합창단 OB합창,,UCSzBa0xnnETmFKQpKoVh9cA,당진시소년소녀합창단_충남어린이합창단,2021-12-31T10:03:14Z,211,3.52,False,102,0,0,https://www.youtube.com/watch?v=skNXH6ybpds,668,219,PF275167,제31회 전국시립소년소녀합창제,서양음악(클래식),인천문화예술회관 대공연장,2025-10-24,2025-10-25,,,,none,none,0,False,False,0,no_strong_signal,신호 없음
cdOUL0uZJzk,진중 합창,"진중 합창2학년
 나님 구독좀",UCGbW_qfwwmfsRdGxTYEnSBQ,배은혜,2016-07-18T04:32:01Z,335,5.58,False,86,1,0,https://www.youtube.com/watch?v=cdOUL0uZJzk,2,1,PF275167,제31회 전국시립소년소녀합창제,서양음악(클래식),인천문화예술회관 대공연장,2025-10-24,2025-10-25,,,,none,none,0,False,False,0,no_strong_signal,신호 없음
Im_IZXjGDGI,Nyon Nyon - BUSAN Metopolitan Chorus,"2019.10.23 
부산문화회관 대극장 
지휘 전진
반주자 이승윤
부산시립합창단",UCyyY7lkNRkErk-7gJB3kRcg,TaeWoo Kim,2019-11-04T08:11:26Z,200,3.33,False,251,6,0,https://www.youtube.com/watch?v=Im_IZXjGDGI,498,81,PF275167,제31회 전국시립소년소녀합창제,서양음악(클래식),인천문화예술회관 대공연장,2025-10-24,2025-10-25,,,,mismatch,none,0,False,False,-2,delete_candidate,날짜 불일치(다른 회차 가능성)
Jqhv0aROvBA,제24회 #부산재능시낭송협회 #정기공연 하이라이트 영상,부산재능시낭송협회의 제24회 정기공연 하이라이트 영상입니다.,UCGU0hIdiWFcqSp7IDq16RAw,이피디TV,2023-10-14T11:11:07Z,965,16.08,False,201,7,2,https://www.youtube.com/watch?v=Jqhv0aROvBA,6340,2103,PF275167,제31회 전국시립소년소녀합창제,서양음악(클래식),인천문화예술회관 대공연장,2025-10-24,2025-10-25,,,,none,none,0,False,False,0,no_strong_signal,신호 없음
I4dMpNUO98g,정관소년소녀합창단-아리랑메들리#정관소년소녀합창단#아리랑#아리랑메들리#합창곡#아리랑합창#한복#부채춤#한일문화교류#합창연주회,,UCVDQR0wq05W76EzAFfezfHQ,정승진,2023-07-22T05:21:41Z,331,5.52,False,364,3,1,https://www.youtube.com/watch?v=I4dMpNUO98g,11,17,PF275167,제31회 전국시립소년소녀합창제,서양음악(클래식),인천문화예술회관 대공연장,2025-10-24,2025-10-25,,,,none,none,0,False,False,0,no_strong_signal,신호 없음
G1QD5BQJ8bo,The Prayer / 김천시립소년소녀관현악단 / 지휘 신현민,"The Prayer / D.Foster
연주 김천시립소년소녀관현악단 
지휘 신현민
2015년 11월24일 제22회 정기연주회 실황",UCv7ESJaACXCbeV1a2xQpZXg,신현민&YOUTH,2020-06-29T04:03:42Z,293,4.88,False,249,6,2,https://www.youtube.com/watch?v=G1QD5BQJ8bo,501,161,PF275167,제31회 전국시립소년소녀합창제,서양음악(클래식),인천문화예술회관 대공연장,2025-10-24,2025-10-25,,,,none,none,0,False,False,0,no_strong_signal,신호 없음
-J6VqBCbajU,횡성하늘 | 새싹들이다 | 횡성소년소녀합창단 | 강원아동합창제,"2022. 11.19 토 16:00
건강보험공단 건강홀

주최 강원도, 원주시
주관 원주지역 아동센터 연합회 꾸미꾸미합창단

영상출처
CTS강원방송
https://youtu.be/HmU5iy-xnJs",UC_QCNOMR9iGUKaNaAnqzBLQ,횡성라이프TV,2022-11-20T14:00:00Z,476,7.93,False,686,12,0,https://www.youtube.com/watch?v=-J6VqBCbajU,741,272,PF275167,제31회 전국시립소년소녀합창제,서양음악(클래식),인천문화예술회관 대공연장,2025-10-24,2025-10-25,,,,none,none,0,False,False,0,no_strong_signal,신호 없음
Vz2kn4gyXpU,제30회 탐라합창제 스케치 영상,제30회 탐라합창제 스케치 영상,UCpXuRv5HZtKkbaYCtrvsdtw,제주합창연합회,2020-12-10T16:28:20Z,653,10.88,False,106,1,0,https://www.youtube.com/watch?v=Vz2kn4gyXpU,37,16,PF275167,제31회 전국시립소년소녀합창제,서양음악(클래식),인천문화예술회관 대공연장,2025-10-24,2025-10-25,,,,none,none,0,False,False,0,no_strong_signal,신호 없음
RNHVxzBOzBQ,음성군소년소녀합창단 제1회 정기연주회 (5.합창뮤지컬 백설공주),"일시: 2019년 11월 5일 화요일 7시 
장소: 음성문화예술회관
내용: 음성군소년소녀합창단 제1회 정기연주회 동화속으로
주최주관: 음성군 소년소녀합창단
후원: 음성군, 음성교육지원청 

1. 도라지꽃 
2. 가위바위보
3. 아리랑연가
4. 동화속으로
5. 합창뮤지컬(백설공주)
6. 내가바라는 세상(앵콜)

지휘 : 하성수
반주 : 방휘
출연 : 음성군소년소녀합창단

본 공연은 전석초대 무료공연으로 진행됨",UCmwgWZ5n9wYBVG_J-Vy4Z4Q,음성군소년소녀합창단TV,2020-08-31T19:39:40Z,893,14.88,False,164,7,0,https://www.youtube.com/watch?v=RNHVxzBOzBQ,52,22,PF275167,제31회 전국시립소년소녀합창제,서양음악(클래식),인천문화예술회관 대공연장,2025-10-24,2025-10-25,,,,none,none,0,False,False,0,no_strong_signal,신호 없음
876LX3Myk4g,2022 통영시립소년소녀합창단 제24회 정기연주회,"[창단 25주년] 통영시립소년소녀합창단 제24회 정기연주회

1997년 1월 창단되어
2022년, 창단 25주년을 맞이하는
통영시립소년소녀합창단이 정기연주회를 통해
아름다운 목소리로 감동을 전달하고자 합니다.

2022. 11. 15.(화) 오후 7시 30분
통영국제음악당 콘서트홀

*프로그램*

[통영시립소년소녀합창단]
*한국 동요 100년사 메들리 / 편곡 고수진
-고향의 봄
-오빠생각
-햇볕은 쨍쨍
-노래는 즐겁다
-섬집아기
-그대로 멈춰라
-아기염소
-노을
-음악짝꿍

[특별출연] 2022 윤이상동요제 참가자(김규린, 채준희)
-겨울발소리 / 시 윤석중, 작곡 김은성
-파란 비 / 시 윤석중, 작곡 김지은
-로보트 태권브이 / 작사 이백천, 작곡 이경석

[통영시립소년소녀합창단]
-열여덟 꽃 / 작곡 김만희, 편곡 고수진
-뱃노래 메들리(뱃노래, 자진뱃노래) / 편곡 고수진
-내 나라 대한 / 작곡 김아름, 편곡 고수진

[특별출연] 통영시립소년소녀합창단 졸업단원(곽민경)
-고풍의상 / 작곡 윤이상
-O mio babbino caro (from Gianni Schicchi ) / 작곡 G. Puccini
-O sole Mio / 작곡 E.di Capua

[통영시립소년소녀합창단]
*시네마 천국 메들리 / 작곡 Ennio Morricone, 편곡 고수진
-Cinema Paradiso
-Childhood and Manhood
-Maturity
-Love Theme
*핀란디아, 합창 / 작곡 J. Sibelius, L. v. Beethoven, 편곡 고수진",UCvbsZl-bPthx9FAwe_QAsCg,통영국제음악재단 TIMF,2023-01-19T08:35:50Z,4211,70.18,False,1523,21,1,https://www.youtube.com/watch?v=876LX3Myk4g,6080,407,PF275167,제31회 전국시립소년소녀합창제,서양음악(클래식),인천문화예술회관 대공연장,2025-10-24,2025-10-25,,,,none,none,0,False,False,0,no_strong_signal,신호 없음
TDTeUWRdKso,Far the beauty of the earth-CTS서울소년소녀합창단,Far the beauty of the earth-CTS서울소년소녀합창단,UCsrtcQ8kd0ZRa5wSgQwpORQ,영서니,2012-09-24T02:18:11Z,227,3.78,False,256,3,0,https://www.youtube.com/watch?v=TDTeUWRdKso,142,55,PF275167,제31회 전국시립소년소녀합창제,서양음악(클래식),인천문화예술회관 대공연장,2025-10-24,2025-10-25,,,,none,none,0,False,False,0,no_strong_signal,신호 없음
FjzEOIP2y0s,뮤지컬 들풀2 막공 커튼콜 14.06.15,"공연기간 : 2014. 06.05(목) ~ 2014.06.15(일) 10회 
공연장소 : 과천시민회관 대극장
공연시간 : 평일 오후 8시 / 주말 오후 3시 (월요일 쉼) 
티켓가격 : 전석 3만원 
제작 : 극단 모시는 사람들
STAFF : 작 김정숙 | 연출 권호성 | 편곡 양승환 | 안무 이지은 | 음악감독 이경화
  연기감독 진남수 | 무대감독 박현 | 조연출 양정아
CAST  : 안덕용, 박영수, 문혜원, 신현중, 고석진, 이재훤, 정래석, 정종훈, 문상희, 박지아, 박옥출, 임정은, 송효주, 허정진, 
  조은희, 조민희, 김준겸, 김성현, 김대곤, 이성환, 서노, 정욱진, 김광만, 권은지, 강지혜, 최상민, 박현호, 박재홍, 안소정
문의 : 쇼앤라이프 02- 743-6487
극단모들 공식트위터 : http://twitter.com/modltheatre",UCJvKOK8GJIDQFDnkSOez5dg,홍림晎林,2014-06-16T04:12:12Z,273,4.55,False,204,5,0,https://www.youtube.com/watch?v=FjzEOIP2y0s,118,184,PF275167,제31회 전국시립소년소녀합창제,서양음악(클래식),인천문화예술회관 대공연장,2025-10-24,2025-10-25,,,,mismatch,none,0,False,False,-2,delete_candidate,날짜 불일치(다른 회차 가능성)
q2JKRM8BobE,광명 오페라단 사랑의 묘약 170818 2막 커튼콜,제 31회 정기연주 오페라 '사랑의 묘약',UC2TyPWQb6mqHfMW4791cFqQ,Koreafeel GM,2017-10-30T03:26:08Z,196,3.27,False,47,1,0,https://www.youtube.com/watch?v=q2JKRM8BobE,12,18,PF275167,제31회 전국시립소년소녀합창제,서양음악(클래식),인천문화예술회관 대공연장,2025-10-24,2025-10-25,,,,none,none,0,False,False,0,no_strong_signal,신호 없음
jEa04JN7pTE,빨간머리앤 4,,UCIkex2ZG2G9H2MxZVVjREjQ,엄주은,2016-11-15T13:25:14Z,141,2.35,False,326,0,0,https://www.youtube.com/watch?v=jEa04JN7pTE,2,1,PF275167,제31회 전국시립소년소녀합창제,서양음악(클래식),인천문화예술회관 대공연장,2025-10-24,2025-10-25,,,,none,none,0,False,False,0,no_strong_signal,신호 없음
VNo5IxQ5niw,"한여름밤의""쇼쇼쇼"" 공연 BTS-DYNAMITE(순천시립합창단 제91회 정기연주회)","8월 30일 순천문화예술회관에서
한여름밤의 ""쇼쇼쇼"" 공연이 열렸습니다!
""뮤지컬, 재즈밴드, 팝페라, 팬텀싱어, 트롯, 피아노""공연을 한 자리에서 볼 수 있는 좋은 기회였답니다.
공연 막바지에 다 함께 BTS의 다이너마이트를 부르고 춤 추는 영상을 담아보았습니다! 평소에도 좋아하는 노래여서인지 더 즐거운 시간 이었어요!",UCnrZnPcQXTy0KUQUBbnQKOA,지금해보자,2022-08-31T10:16:48Z,137,2.28,False,257,2,0,https://www.youtube.com/watch?v=VNo5IxQ5niw,0,1,PF275167,제31회 전국시립소년소녀합창제,서양음악(클래식),인천문화예술회관 대공연장,2025-10-24,2025-10-25,,,,none,none,0,False,False,0,no_strong_signal,신호 없음
wB_MjslDgRw,2022 제33회 경북합창제 홍보영상/ 경상북도합창연합회/산소카페청송정원,"경상북도합창연합회가 주최/주관하는
2022년 제33회 경북합창제가 산소카페청송정원에 10월1일 토요일
오후3시와 7시30분 2회에 걸쳐 개최됩니다~^^",UCgG7hpnu_xPtVBocX01c0lQ,김유환,2022-09-21T15:13:54Z,89,1.48,False,140,5,0,https://www.youtube.com/watch?v=wB_MjslDgRw,2,3,PF275167,제31회 전국시립소년소녀합창제,서양음악(클래식),인천문화예술회관 대공연장,2025-10-24,2025-10-25,,,,none,none,0,False,False,0,no_strong_signal,신호 없음
YVgSfpsHReg,"합창단 ""청년 안중근""","안중근의사 의거 105주년 ""평화음악회""  연주 장면",UC3XystC6JR1XVIUGvaNNfag,윤원태,2015-03-17T12:57:57Z,719,11.98,False,218,4,1,https://www.youtube.com/watch?v=YVgSfpsHReg,3,3,PF275167,제31회 전국시립소년소녀합창제,서양음악(클래식),인천문화예술회관 대공연장,2025-10-24,2025-10-25,,,,none,none,0,False,False,0,no_strong_signal,신호 없음
MhfwlTxrscQ,Memory - 뮤지컬'캣츠'중,"20181113 
제29회 울산합창페스티벌

울산문화예술회관 대공연장 


울산 로얄소년소녀합창단",UCUrWi6OkzpcwIWiqdqx4NPA,Art Royal,2020-01-04T15:39:19Z,232,3.87,False,141,0,0,https://www.youtube.com/watch?v=MhfwlTxrscQ,3,7,PF275167,제31회 전국시립소년소녀합창제,서양음악(클래식),인천문화예술회관 대공연장,2025-10-24,2025-10-25,,,,none,none,0,False,False,0,no_strong_signal,신호 없음
O3irm7y9g7E,[부산문화회관 대극장 유엔평화기념음악회 영웅환타지아 / 엘살바도르 영사관 최경식 실장이 소개하는 UN참전국송 작사자 도용복 회장님]6.25전쟁 UN참전국송을 아시나요?,,UCsCyC22DGjm1PD0DmterCCg,ENFP 최경식 Timmy 🕺,2019-11-11T09:17:18Z,275,4.58,False,99,1,0,https://www.youtube.com/watch?v=O3irm7y9g7E,8280,532,PF275167,제31회 전국시립소년소녀합창제,서양음악(클래식),인천문화예술회관 대공연장,2025-10-24,2025-10-25,,,,none,none,0,False,False,0,no_strong_signal,신호 없음
ViqPG7e_Bgg,#서구립소년소녀합창단#인천서구문화회관,#서구립합창단#지휘자 황은영#서구문화회관,UCgdC7S0fWtZJ--6zGaieaBw,🌻임봉덕채널영상🌷,2023-01-12T13:08:42Z,140,2.33,False,239,0,2,https://www.youtube.com/watch?v=ViqPG7e_Bgg,5330,5491,PF275167,제31회 전국시립소년소녀합창제,서양음악(클래식),인천문화예술회관 대공연장,2025-10-24,2025-10-25,,,,none,none,0,False,False,0,no_strong_signal,신호 없음
RtgdgoztTBI,용마코러스[은상SILVER DIPLOMA] _ 하얀손수건 2023 강릉 세계합창대회 The 12th World Choir Games - Gangneung,"용마합창단 연혁_
2012
09. 01. 창단

2013
05. 31. 창단연주회(강남구민회관)
10. 14. 군포 샘병원 개원 축하 공연
11. 04. 두크코리아 축하 공연
11. 23. 사교만추 음악회
(경기고, 서울고, 부산고, 경남고 합창단)

2014
01. 26. 부산심포니 오케스트라 신년음악회 합창 협연
06. 05. 용마 음악의 밤(부산시민회관 대강당)
07. 26. UN평화음악회 협연(예술의 전당)
09. 13. 제1회 대한민국 고교동문 합창제 공연(KBS홀)
09. 26. 서울시 주관 한양도성 문화제 합창 협연
10. 23. 만돌린 오케스트라 정기연주회 합창 협연

2015
07. 25. UN평화음악회 협연(롯데콘서트홀)
08. 16. 광복 70주년 기념공연(독립기념관)
09. 24. 용마코러스 정기 연주회(한전아트센터)
10. 09. 대한민국 고교동문 합창제 공연(KBS홀)

2016
09. 22. 용마코러스 정기 연주회(한전아트센터)
11. 14. UN평화음악회 협연(롯데콘서트홀)
12. 05. 군포 샘병원 공연

2017
09. 16. 대한민국 고교동문 합장제 공연(KBS홀)
10. 26. 용마코러스 정기 연주회(한전아트센터)
11. 12. UN평화음악회 협연(롯데콘서트홀)
11. 17. 서초문화회관 주최 금요음악회 출연
12. 11. 군포 G샘병원 힐링음악회 공연

2018
05. 16. 이태석 신부 추모음악회(부산문화회관 대극장)
11. 01. 용마코러스 정기 연주회(영등포아트홀)
11. 12. UN평화음악회 협연(롯데콘서트홀)
12. 10. 군초 G샘병원 힐링음악회 공연

2019
05. 15. 이태석 신부 추모음악회(부산문화회관 대극장)
09. 26. 용마코러스 정기 연주회(광림아트센터 장천홀)

2023
01. 12. 2023 용마 음악의 밤(강남구민회관 공연장)용마합창단 연혁_
2012
09. 01. 창단

2013
05. 31. 창단연주회(강남구민회관)
10. 14. 군포 샘병원 개원 축하 공연
11. 04. 두크코리아 축하 공연
11. 23. 사교만추 음악회
(경기고, 서울고, 부산고, 경남고 합창단)

2014
01. 26. 부산심포니 오케스트라 신년음악회 합창 협연
06. 05. 용마 음악의 밤(부산시민회관 대강당)
07. 26. UN평화음악회 협연(예술의 전당)
09. 13. 제1회 대한민국 고교동문 합창제 공연(KBS홀)
09. 26. 서울시 주관 한양도성 문화제 합창 협연
10. 23. 만돌린 오케스트라 정기연주회 합창 협연

2015
07. 25. UN평화음악회 협연(롯데콘서트홀)
08. 16. 광복 70주년 기념공연(독립기념관)
09. 24. 용마코러스 정기 연주회(한전아트센터)
10. 09. 대한민국 고교동문 합창제 공연(KBS홀)

2016
09. 22. 용마코러스 정기 연주회(한전아트센터)
11. 14. UN평화음악회 협연(롯데콘서트홀)
12. 05. 군포 샘병원 공연

2017
09. 16. 대한민국 고교동문 합장제 공연(KBS홀)
10. 26. 용마코러스 정기 연주회(한전아트센터)
11. 12. UN평화음악회 협연(롯데콘서트홀)
11. 17. 서초문화회관 주최 금요음악회 출연
12. 11. 군포 G샘병원 힐링음악회 공연

2018
05. 16. 이태석 신부 추모음악회(부산문화회관 대극장)
11. 01. 용마코러스 정기 연주회(영등포아트홀)
11. 12. UN평화음악회 협연(롯데콘서트홀)
12. 10. 군초 G샘병원 힐링음악회 공연

2019
05. 15. 이태석 신부 추모음악회(부산문화회관 대극장)
09. 26. 용마코러스 정기 연주회(광림아트센터 장천홀)

2023
01. 12. 2023 용마 음악의 밤(강남구민회관 공연장)",UC-cyzESawNDze9uX5jEDJZQ,박영무 ,2023-07-12T08:53:24Z,230,3.83,False,622,6,0,https://www.youtube.com/watch?v=RtgdgoztTBI,2050,410,PF275167,제31회 전국시립소년소녀합창제,서양음악(클래식),인천문화예술회관 대공연장,2025-10-24,2025-10-25,,,,none,none,0,False,False,0,no_strong_signal,신호 없음
XJCgt5_AMg0,대구시립소년소녀합창단 제 127회 정기연주회 'We are Growing'  중 'Kazabue' (작곡 Michiru Oshima Arr. by 백종현),"2023.05.13 대구시립소년소녀합창단 제 127회 정기연주회 
'We are Growing'

4번째 스테이지 2번째 곡
작곡 Michiru Oshima Arr. by 백종현 의 'Kazabue ' 공연영상 입니다.",UC7EcNhRVm-YeAlXITCurs1g,대구문화예술회관,2023-05-23T00:46:04Z,247,4.12,False,688,14,1,https://www.youtube.com/watch?v=XJCgt5_AMg0,1600,228,PF275167,제31회 전국시립소년소녀합창제,서양음악(클래식),인천문화예술회관 대공연장,2025-10-24,2025-10-25,,,,mismatch,none,0,False,False,-2,delete_candidate,날짜 불일치(다른 회차 가능성)
j5OOx6BbbGg,제7회 가평군 소년소녀합창단 정기연주회,(사)한국음악협회 가평지부는 12월 8일 가평문화예술회관에서 '제7회 가평군 소년소녀합창단 정기연주회'를 개최했습니다.,UCrb-jX7LjU0IMcGITDXQBBw,가평군,2018-12-10T08:07:05Z,87,1.45,False,621,9,0,https://www.youtube.com/watch?v=j5OOx6BbbGg,12500,999,PF275167,제31회 전국시립소년소녀합창제,서양음악(클래식),인천문화예술회관 대공연장,2025-10-24,2025-10-25,,,,none,none,0,False,False,0,no_strong_signal,신호 없음
daB7X_xg2Jw,제3회 한·중 국제합창제,"제3회 한·중 국제합창제

http://www.kyeonggi.com/

'2019 제3회 한중국제합창제'가 24~25일 인천 글로벌 캠퍼스 대강당에서 열렸다. 이번 행사는 (사)한국음악협회·중국합창협회·YTN·경기일보가 주최하고 인천시·인천관광공사·문화체육관광부·주한중국문화원 등이 후원한다.

#한중국제합창제#합창대회#합창단",UC_PEg0e6hwH2rzOIeA0icwQ,경기일보,2019-08-25T09:00:54Z,88,1.47,False,488,4,0,https://www.youtube.com/watch?v=daB7X_xg2Jw,210000,2895,PF275167,제31회 전국시립소년소녀합창제,서양음악(클래식),인천문화예술회관 대공연장,2025-10-24,2025-10-25,,,,none,none,1,False,False,1,no_strong_signal,신호 없음
c5q7pkWnNG8,성산소년소녀합창단 제6회 정기연주회,1998년 5월 26일 인천문화예술회관 대공연장,UC4jJFqZK_PlCKayqjgb2fUw,GM Kim,2014-05-26T10:27:43Z,4927,82.12,False,399,7,0,https://www.youtube.com/watch?v=c5q7pkWnNG8,0,2,PF275167,제31회 전국시립소년소녀합창제,서양음악(클래식),인천문화예술회관 대공연장,2025-10-24,2025-10-25,,,,none,match,0,False,False,2,no_strong_signal,장소 일치
jO_dGOtZzLY,우리의 믿음 나누며 #청소년합창 #새소리소년소녀합창단 #합창 #choir,,UCtTWt4Hi0e_ByEmUx8PkUCw,Sesory Music School새소리음악중고등학교,2023-10-27T12:17:11Z,40,0.67,True,37211,679,23,https://www.youtube.com/watch?v=jO_dGOtZzLY,14900,159,PF275167,제31회 전국시립소년소녀합창제,서양음악(클래식),인천문화예술회관 대공연장,2025-10-24,2025-10-25,,,,none,none,1,False,False,1,no_strong_signal,신호 없음
9gFwpZs1KhI,과천시립소년소녀합창단 제 31회 정기 연주회 (고기잡이),"과천시립소년소녀합창단의 제 31회 정기연주회 공연 실황 영상입니다. 
1996년 5월에 창단된 과천시립소년소녀합창단은 최선을 다하는 연습과 아름다운 하모니로 음악을 사랑하는 모든 이에게 아름다운 화음과 맑고 순수한 음악적 정서를 선사하고 있습니다.

지휘: 마원휘 선생님



On March 9, the 31th Regular Concert was held in Gwacheon by Gwacheon City Children's Choir.
Since it was founded in May 1998, the Gwacheon City Children's Choir has been presenting beautiful harmony and pure hearts of musical sentiment to all music lovers, with its highly qualified members who receive intensive training and maintain the utmost professionalism.",UCpaX2_OHdIdWEtY18bEidzA,Garam Lee,2013-03-21T14:58:36Z,41,0.68,True,1862,3,0,https://www.youtube.com/watch?v=9gFwpZs1KhI,229,53,PF275167,제31회 전국시립소년소녀합창제,서양음악(클래식),인천문화예술회관 대공연장,2025-10-24,2025-10-25,,,,none,none,0,False,False,0,no_strong_signal,신호 없음
BpHaANDRDQs,과천시립소년소녀합창단-아사삭백설공주(내가세상에서제일강해),2015.11.14과천시립소년소녀합창단-제36회정기연주회,UC3ePMdlCLJdTVONUifBjqlQ,ballerina _h7,2015-12-16T15:42:49Z,179,2.98,False,445,3,0,https://www.youtube.com/watch?v=BpHaANDRDQs,3,4,PF275167,제31회 전국시립소년소녀합창제,서양음악(클래식),인천문화예술회관 대공연장,2025-10-24,2025-10-25,,,,mismatch,none,0,False,False,-2,delete_candidate,날짜 불일치(다른 회차 가능성)
bqdYynSZDBs,'폐건물 VIP라는' 에스파 숨겨진 고충?,"#에스파 #카리나 #윈터 #닝닝 #지젤 #shorts 

흙바닥 촬영이 일상인 폐건물 354번째 에스파

※허위사실, 비방, 욕설 등
부적절한 댓글은 통보 없이 삭제될 수 있습니다.

▬▬▬▬▬▬▬▬▬▬▬▬▬▬▬▬▬▬▬▬▬▬▬▬▬

안녕하세요! 패션뻐꾹이 입니다🤘🏻
매일매일 패션 관련된 재밌는 컨텐츠를 업로드하고 있습니다!

좋아요와 구독 알림설정 해주시면
가장 빠르게 보실 수 있습니다!👍🏻

시청해주셔서 감사합니다🙇🏻‍♂",UC_tUEs8BU5ucJlbQ6J0XBow,패션뻐꾹이,2025-09-17T11:01:11Z,46,0.77,True,709419,14994,18,https://www.youtube.com/watch?v=bqdYynSZDBs,129000,429,PF268053,지젤 [순천],무용(서양/한국무용),순천문화예술회관 대극장,2025-07-13,2025-07-13,,,,none,none,0,False,False,0,no_strong_signal,신호 없음
3xXNQ6rSboc,이혼 후 새남친 아이생긴 44세 지젤 번천,,UClpm-YbPhksdAH_bHJRq2yg,도래Dorae,2024-11-05T09:00:04Z,57,0.95,True,298014,1905,60,https://www.youtube.com/watch?v=3xXNQ6rSboc,82300,1045,PF268053,지젤 [순천],무용(서양/한국무용),순천문화예술회관 대극장,2025-07-13,2025-07-13,,,,none,none,0,False,False,0,no_strong_signal,신호 없음
0RZpdti3g98,Better things to do with my time ⏰❤️‍🔥🌙  #aespa #에스파 #GISELLE #지젤 #BetterThings #shorts,,UC9GtSLeksfK4yuJ_g1lgQbg,aespa,2023-09-03T12:00:00Z,21,0.35,True,6595722,371888,2454,https://www.youtube.com/watch?v=0RZpdti3g98,8650000,1803,PF268053,지젤 [순천],무용(서양/한국무용),순천문화예술회관 대극장,2025-07-13,2025-07-13,,,,none,none,0,False,False,0,no_strong_signal,신호 없음
d3N-mPapuQc,한국어 할 때와 일본어 할 때 분위기가 다른 에스파 지젤 #shorts,"일본어 하는 모습 뭔가 새롭다...

#지젤 #에스파 #지젤일본어 #지젤한국어

==============================
제작 문의 : ddaitshu@gmail.com
==============================",UCaZ-lZB1njhgPijuvb7s64g,다 잇슈(DA ISSUE),2023-12-06T05:16:06Z,28,0.47,True,1831492,50288,476,https://www.youtube.com/watch?v=d3N-mPapuQc,79000,2986,PF268053,지젤 [순천],무용(서양/한국무용),순천문화예술회관 대극장,2025-07-13,2025-07-13,,,,none,none,0,False,False,0,no_strong_signal,신호 없음
yHcWuoy9X0g,나 화장안할게 #aespa #에스파 #KARINA #카리나 #GISELLE #지젤 #shorts,,UC9GtSLeksfK4yuJ_g1lgQbg,aespa,2025-08-10T13:57:31Z,17,0.28,True,6578065,243482,1378,https://www.youtube.com/watch?v=yHcWuoy9X0g,8650000,1803,PF268053,지젤 [순천],무용(서양/한국무용),순천문화예술회관 대극장,2025-07-13,2025-07-13,,,,none,none,0,False,False,0,no_strong_signal,신호 없음
6V2VoIW6g_E,요즘 지젤 장난 아니다,에스파 카리나 윈터 직캠 레전드,UCUq-r9ztF9Zf8i9fsDkeuMg,짤버거,2024-07-20T08:15:00Z,24,0.4,True,161358,4667,147,https://www.youtube.com/watch?v=6V2VoIW6g_E,22300,160,PF268053,지젤 [순천],무용(서양/한국무용),순천문화예술회관 대극장,2025-07-13,2025-07-13,,,,none,none,0,False,False,0,no_strong_signal,신호 없음
ZMEDjjdPQio,I am 🏈 what I am #aespa #에스파 #GISELLE #지젤 #RichMan #aespaRichMan #shorts,,UC9GtSLeksfK4yuJ_g1lgQbg,aespa,2025-09-08T10:00:58Z,9,0.15,True,3750300,110005,559,https://www.youtube.com/watch?v=ZMEDjjdPQio,8650000,1803,PF268053,지젤 [순천],무용(서양/한국무용),순천문화예술회관 대극장,2025-07-13,2025-07-13,,,,none,none,0,False,False,0,no_strong_signal,신호 없음
D47efv6WbtA,전소미 지젤 아헤가오 엔딩 비교 #ahegao,#전소미 #지젤 #아헤가오 #에스파 #소미 #somi #ahegao #kpop #idol #아이돌 #aespa #giselle,UC_KUu9MdvPEFoCeNFE5FhZQ,해외존예패션스타일,2025-08-17T07:49:23Z,11,0.18,True,186095,,26,https://www.youtube.com/watch?v=D47efv6WbtA,10800,741,PF268053,지젤 [순천],무용(서양/한국무용),순천문화예술회관 대극장,2025-07-13,2025-07-13,,,,none,none,0,False,False,0,no_strong_signal,신호 없음
ieolsS4ZygY,"의외의 ""힘순찐 몸매""를 가진 지젤",#쇼츠 #아이돌 #지젤 #에스파 #힘순찐,UCJqXQm3_JBlztRypH_tEvMA,아이돌위키,2023-10-29T13:41:49Z,26,0.43,True,278236,3566,54,https://www.youtube.com/watch?v=ieolsS4ZygY,2060,174,PF268053,지젤 [순천],무용(서양/한국무용),순천문화예술회관 대극장,2025-07-13,2025-07-13,,,,none,none,0,False,False,0,no_strong_signal,신호 없음
reoZS8b97iY,진짜 네 첫사랑 ♡#aespa #에스파 #GISELLE #지젤 #shorts,,UC9GtSLeksfK4yuJ_g1lgQbg,aespa,2025-01-14T12:01:19Z,15,0.25,True,2792929,236470,1375,https://www.youtube.com/watch?v=reoZS8b97iY,8650000,1803,PF268053,지젤 [순천],무용(서양/한국무용),순천문화예술회관 대극장,2025-07-13,2025-07-13,,,,none,none,0,False,False,0,no_strong_signal,신호 없음
4hfuMOXVUbg,모두가 말린 눈코윤곽수술 전후 #shorts,"1. 개인별 결과 차이
수술 결과는 개인마다 상이할 수 있습니다.

2. 부작용 가능성
모든 수술에는 부작용이 발생할 가능성이 있으므로, 신중한 판단이 필요합니다.

3. 수술 전후 사진의 제한점
촬영 환경, 조명, 화장 등의 요인으로 인해 사진이 실제와 다를 수 있습니다.

4. 사진 공개의 원칙
본 영상에 사용된 수술 전후 사진은 환자의 사전 동의를 받은 자료입니다.

#눈재수술 #코수술 #안면윤곽 #윤곽수술 #성형전후 #성형후기",UCw6CgIfEYG7InloSaHLLcDQ,에이비성형외과 AB Plastic Surgery,2025-08-08T08:00:07Z,19,0.32,True,5059255,7994,934,https://www.youtube.com/watch?v=4hfuMOXVUbg,48900,1822,PF268053,지젤 [순천],무용(서양/한국무용),순천문화예술회관 대극장,2025-07-13,2025-07-13,,,,none,none,0,False,False,0,no_strong_signal,신호 없음
4na2RU5YS1g,엄청 청순하게 예뻐진 에스파 지젤 #shorts #에스파 #aespa #지젤 #giselle,엄청 청순하게 예뻐진 에스파 지젤 #shorts #에스파 #aespa #지젤 #giselle,UC-Gii-gHuuZmsdtRNdaWufw,K연예쇼츠,2025-08-21T10:10:01Z,58,0.97,True,1234386,16726,1363,https://www.youtube.com/watch?v=4na2RU5YS1g,5120,148,PF268053,지젤 [순천],무용(서양/한국무용),순천문화예술회관 대극장,2025-07-13,2025-07-13,,,,none,none,0,False,False,0,no_strong_signal,신호 없음
LY-XMKmtisw,We’re so dang hot🧊 with #aespa #지젤 #닝닝 선배님  #KISSOFLIFE #나띠 #벨 #GISELLE #NINGNING #Igloo #Shorts,,UCvEEeBssb4XxIfWWIB8IjMw,KISS OF LIFE,2024-11-02T10:00:17Z,22,0.37,True,5484241,383916,2122,https://www.youtube.com/watch?v=LY-XMKmtisw,2100000,1774,PF268053,지젤 [순천],무용(서양/한국무용),순천문화예술회관 대극장,2025-07-13,2025-07-13,,,,none,none,0,False,False,0,no_strong_signal,신호 없음
M0LtlUTBoWQ,레이 vs 지젤 누가 더 잘함? #shorts #레이 #지젤,"걸그룹 랩 배를~~~


#쇼츠 #숏츠 #영화 #예능 #유튜브 #youtube #kpop #아이브 # 에스파 #카리나",UCMAQYW5nDPEoopfVcf5ez6A,케이예예,2025-10-18T12:22:17Z,60,1.0,True,1260,5,2,https://www.youtube.com/watch?v=M0LtlUTBoWQ,292,134,PF268053,지젤 [순천],무용(서양/한국무용),순천문화예술회관 대극장,2025-07-13,2025-07-13,,,,none,none,0,False,False,0,no_strong_signal,신호 없음
3fj8uM8lh5w,헬스 기간별 운동복 특징 #shorts,,UCluahhZLheVxujGiWEYMn0w,"핑크힙, 응비",2023-03-27T09:01:00Z,11,0.18,True,1010524,,92,https://www.youtube.com/watch?v=3fj8uM8lh5w,367000,1385,PF268053,지젤 [순천],무용(서양/한국무용),순천문화예술회관 대극장,2025-07-13,2025-07-13,,,,none,none,0,False,False,0,no_strong_signal,신호 없음
n8XLNlbFarA,섹시하던가 청순하던가 하나만 하자..🦊 | #shorts #덱스 #덱스실물 #dex #김진영,#shorts #덱스 #덱스실물 #dex #김진영,UCWeOzKBwX7H7qSuJNgZSTHw,Beige베이지,2023-06-14T03:54:57Z,9,0.15,True,5858615,55342,1433,https://www.youtube.com/watch?v=n8XLNlbFarA,843,9,PF268053,지젤 [순천],무용(서양/한국무용),순천문화예술회관 대극장,2025-07-13,2025-07-13,,,,none,none,0,False,False,0,no_strong_signal,신호 없음
mHlr5s2Q_ug,여자 PT쌤 vs 남자 PT쌤 #헬스 #다이어트 #운동,,UCXxnKERQDm7K3rw4HrxCVng,다이어터 주양 Juyang,2025-02-20T10:20:07Z,18,0.3,True,503539,2972,112,https://www.youtube.com/watch?v=mHlr5s2Q_ug,250000,677,PF268053,지젤 [순천],무용(서양/한국무용),순천문화예술회관 대극장,2025-07-13,2025-07-13,,,,none,none,0,False,False,0,no_strong_signal,신호 없음
YGEceyfYb4Q,경락마사지 리얼 체험 후기 #shorts,,UCY3kO8lmM7QuGcYsfBBzOXg,소터플라이 ,2024-01-21T13:15:03Z,29,0.48,True,2016025,9356,153,https://www.youtube.com/watch?v=YGEceyfYb4Q,136000,228,PF268053,지젤 [순천],무용(서양/한국무용),순천문화예술회관 대극장,2025-07-13,2025-07-13,,,,none,none,0,False,False,0,no_strong_signal,신호 없음
fns7lOpq4xo,눈치 없는 덱스의 최후,"#shorts  #일일칠 #냉터뷰 #덱스의냉터뷰
#덱스 #컬리 #마켓컬리 @dex101 

🤟 덱스의 냉터뷰 풀버전 보러가기 : https://youtu.be/WzOrmd4kMqo",UCWaWvDRyhmSKOQWah7t7wuA,일일칠 - 117,2023-05-19T10:30:24Z,34,0.57,True,9824706,168494,812,https://www.youtube.com/watch?v=fns7lOpq4xo,781000,1159,PF268053,지젤 [순천],무용(서양/한국무용),순천문화예술회관 대극장,2025-07-13,2025-07-13,,,,none,none,0,False,False,0,no_strong_signal,신호 없음
l2vM8hBKaVU,《보고또덱스》덱스 키의 진실은? #dex #덱스 #김진영 #kimjinyoung,@dex101,UCfBMctwLhnptAclHpl74LLA,리아,2023-10-16T13:54:01Z,17,0.28,True,1834597,12444,167,https://www.youtube.com/watch?v=l2vM8hBKaVU,5760,196,PF268053,지젤 [순천],무용(서양/한국무용),순천문화예술회관 대극장,2025-07-13,2025-07-13,,,,none,none,0,False,False,0,no_strong_signal,신호 없음
YuO7Z57xbj4,션&김동현의 상상초월 자전거 가격ㄷㄷ #shorts,,UCvzGYMVP5h9CTV8LdtEQUww,션과 함께,2025-01-09T04:36:07Z,38,0.63,True,3659382,24681,431,https://www.youtube.com/watch?v=YuO7Z57xbj4,496000,484,PF268053,지젤 [순천],무용(서양/한국무용),순천문화예술회관 대극장,2025-07-13,2025-07-13,,,,none,none,0,False,False,0,no_strong_signal,신호 없음
pvU5YIAMcXM,인모드 싼 거 받으면 안 되는 이유 #shorts,"인모드 10분만 받는곳 많은데, 진짜 이정도만 받으면 효과 없어요...
병원 잘 알아보시고 가야 효과 봅니다!! 이 바보들아ㅜㅜ


구독과 좋아요, 알람설정 해주세요! 👨‍⚕

#인모드잘받는법 #인모드슈링크 #범계의사",UCv2gBTk8XHZZaWzAmQdPuXw,닥터지훈,2023-06-30T07:00:25Z,39,0.65,True,554999,4037,353,https://www.youtube.com/watch?v=pvU5YIAMcXM,10300,387,PF268053,지젤 [순천],무용(서양/한국무용),순천문화예술회관 대극장,2025-07-13,2025-07-13,,,,none,none,0,False,False,0,no_strong_signal,신호 없음
nG7AqdvdhMg,전남순천 🌾 순천만국가정원 속 얼음동굴 🧊 위치 확인하세요 🥶,#전남여행 #남도여행 #순천여행 #순천만정원 #순천만국가정원 #순천만습지 #자매브이로그 #일상브이로그 #국내여행 #산책하기좋은곳 #순천국제정원박람회 #순천국제정원 #어린이동물원 #꿈의다리 #봉화언덕 #가족여행지추천 #가족여행지 #순천사이다 #얼음동굴 #온실식물원 #순천 #국가정원 #순천만,UC8GjHxSWFvavhfWqqq4DXEA,콩쥐팥쥐TV,2023-06-15T01:00:19Z,714,11.9,False,690,7,1,https://www.youtube.com/watch?v=nG7AqdvdhMg,656,129,PF268053,지젤 [순천],무용(서양/한국무용),순천문화예술회관 대극장,2025-07-13,2025-07-13,,,,none,none,0,False,False,0,no_strong_signal,신호 없음
YRIY-KHwOo0,[에스파] 점점 화려해진다는 위플래쉬 지젤 그 파트,"점점 화려해진다는 지젤 위플래쉬 그 파트
#에스파 #지젤 #카리나 #윈터 #닝닝 #위플래쉬 #aespa #giselle #karina #winter #ningning #whiplash",UCjiCMnIaouGR6R_11Ee0gmw,MY 에스파,2025-04-06T07:29:37Z,37,0.62,True,6083207,58048,306,https://www.youtube.com/watch?v=YRIY-KHwOo0,16100,225,PF268053,지젤 [순천],무용(서양/한국무용),순천문화예술회관 대극장,2025-07-13,2025-07-13,,,,none,none,0,False,False,0,no_strong_signal,신호 없음
S6OuRAM54NE,닝닝의 노빠꾸 화법,"@애스파-aespa #에스파 #aespa #카리나 #karina #지젤 #giselle #윈터 #winter #닝닝 #ningning 

X - @wntercming
🔗 https://x.com/wntercming/status/1828682153619812592",UCY1de19g2_ejeLjuTCQVn0Q,애스파,2025-07-06T05:22:51Z,18,0.3,True,2658883,36297,99,https://www.youtube.com/watch?v=S6OuRAM54NE,19800,119,PF268053,지젤 [순천],무용(서양/한국무용),순천문화예술회관 대극장,2025-07-13,2025-07-13,,,,none,none,0,False,False,0,no_strong_signal,신호 없음
tqwTg5r7xN0,발레 '지젤' 하이라이트 영상,"유니버설발레단 '지젤'
주역: 황혜민, 엄재용 외
공연일시:2014.6.17
무대: 예술의전당 오페라극장
2014 SAC on Screen",UC-ucg_i-56z7DzfRB8fLnCw,예술의전당 SAC ON SCREEN,2014-11-28T05:45:13Z,104,1.73,False,148983,456,16,https://www.youtube.com/watch?v=tqwTg5r7xN0,14400,190,PF268053,지젤 [순천],무용(서양/한국무용),순천문화예술회관 대극장,2025-07-13,2025-07-13,,,,mismatch,none,0,False,True,0,no_strong_signal,작품명이 따옴표/괄호로 명시적으로 인용됨; 날짜 불일치(다른 회차 가능성)
kwQNIGQxc2Q,에스파 콘서트 폭룡적 모먼트,#kpop #에스파 #카리나 #닝닝 #윈터 #지젤,UCgUz1gGkooFdM6whwHd-XVA,마군입니다,2025-03-18T09:13:19Z,40,0.67,True,2960663,84030,348,https://www.youtube.com/watch?v=kwQNIGQxc2Q,107000,921,PF268053,지젤 [순천],무용(서양/한국무용),순천문화예술회관 대극장,2025-07-13,2025-07-13,,,,none,none,0,False,False,0,no_strong_signal,신호 없음
Q0_fa_LTP1M,[에스파]한 마디로 다 홀려보임,#aespa#에스파#Winter#윈터#카리나#Karina#닝닝#Ningning#지젤#Giselle#kpop#shorts,UCXcmvIqH604leUGF3DdVS8g,Prod.Echo1,2025-06-14T08:00:24Z,15,0.25,True,14998441,164431,562,https://www.youtube.com/watch?v=Q0_fa_LTP1M,8950,112,PF268053,지젤 [순천],무용(서양/한국무용),순천문화예술회관 대극장,2025-07-13,2025-07-13,,,,none,none,0,False,False,0,no_strong_signal,신호 없음
Z89Snr32sjg,"지젤 Giselle 황혜민,엄재용 하이라이트10분ⓒ유니버설발레단 제공",2018년 5월 11일(금) 19:30 ~ 5월 12일(토) 15:00 천안예술의전당대공연장,UCVpPEhNbaqbRXaHLOFDZu5w,seo young Yi,2018-02-12T05:11:44Z,560,9.33,False,55246,333,22,https://www.youtube.com/watch?v=Z89Snr32sjg,183,35,PF268053,지젤 [순천],무용(서양/한국무용),순천문화예술회관 대극장,2025-07-13,2025-07-13,,,,none,none,0,False,False,0,no_strong_signal,신호 없음
xcV0PULOSrM,[더뮤지컬] 컬처_국립발레단 '지젤' 2011 공연 하이라이트,"*더뮤지컬에 2011년 3월 10일 게시된 영상입니다. 더 많은 영상은 더뮤지컬 사이트에서 확인하실 수 있습니다. https://www.themusical.co.kr/Media/List

[더뮤지컬] 컬처_국립발레단 '지젤' 2011 공연 하이라이트

영상내용: 2011 국립발레단 '지젤' 공연 중에서
             김지영(지젤), 이동훈(알브레히트), 이영철(힐라리온)
             박슬기, 김윤식(페전트파드되), 배민순(윌프레드), 장우정(미르타), 유난희, 신혜진(두 윌리)
             이슬비(바틸드), 이수희(듀크), 김하선(지젤엄마), 신승원, 최정윤, 안효진, 정현아, 이상아, 이서희(지젤친구들)

영상|김효정

본 영상은 “더뮤지컬”이 저작권을 소유하고 있으며 출처를 밝히지 않은 무단 인용, 재업로드, 재편집, 복제, 재배포를 금지하고 있습니다. 이를 어길 시 발생하는 민, 형사상 법적책임에 대해서는 책임지지 않습니다.

#더뮤지컬  #국립발레단 #지젤",UCDa9z-zpLcRj3KDvn6yot-A,THE MUSICAL,2020-11-29T09:33:24Z,763,12.72,False,5032,28,1,https://www.youtube.com/watch?v=xcV0PULOSrM,69500,2620,PF268053,지젤 [순천],무용(서양/한국무용),순천문화예술회관 대극장,2025-07-13,2025-07-13,,,,none,none,0,False,True,2,no_strong_signal,작품명이 따옴표/괄호로 명시적으로 인용됨
ArWEJVX90sM,[뷰앤웨딩영상]221119_순천  아모르웨딩홀 강찬우 추현주 하이라이트,"마음을 움직이는 감성영상..

영상제작에 감성을 더하였습니다.
감성영상 제작소 뷰앤과 함께 소중한 그날을 영원히 기억하세요..

◉뷰앤 스탠다드 1인 2캠 4K
웨딩 본식 전체 과정(뮤비+다큐) 1EA + 전체 하이라이트 뮤비 1EA
• 구성 : 신부 대기실+본식+포토타임
• 촬영 : 촬영감독 1인 2카메라 촬영
• 장비 : 삼각대, 슬라이더
• 편집 :
뷰앤웨딩풀영상 구성 1EA
⓵식전 신부 대기실+하객 맞이 (뮤비+현장음) 4~5분
⓶본식 전체 과정 다큐 20~30분
⓷포토타임 (뮤비+현장음) 4~5분
+ 전체 하이라이트 뮤비 3~5분 1EA

•상품제공 : 앨범형 (DVD 1SET, USB 1SET)


예약및 상담 카카오톡 채널 :
https://pf.kakao.com/_GxfDaj




#감성영상제작소뷰앤 #뷰앤 #웨딩영상 #웨딩비디오 #본식영상 #웨딩dvd #본식dvd #결혼영상  #순천 결혼식장",UCSeTvtypM83s8G4tXfmcM4A,뷰앤,2023-01-29T13:38:00Z,312,5.2,False,238,2,1,https://www.youtube.com/watch?v=ArWEJVX90sM,8,21,PF268053,지젤 [순천],무용(서양/한국무용),순천문화예술회관 대극장,2025-07-13,2025-07-13,,,,none,none,0,False,False,0,no_strong_signal,신호 없음
Y2q4VxT_0r0,"지젤Giselle, 코리아발레스타즈",순천문화예술회관,UCLZ18bPofi89J3idne3m8eA,"커튼콜과 민요, Curtaincall & Minyo",2025-11-17T13:49:26Z,128,2.13,False,1408,5,0,https://www.youtube.com/watch?v=Y2q4VxT_0r0,520,682,PF268053,지젤 [순천],무용(서양/한국무용),순천문화예술회관 대극장,2025-07-13,2025-07-13,,,,none,match,0,False,False,2,no_strong_signal,장소 일치
EnZVja7gyxQ,20250713 클래식발레 ‘지젤’(순천) 커튼콜 _ 김현준 focus,지젤 패전트 2인무(파드되),UCHK_7zu_Ramv3uhA2QfVKpg,_안녕,2025-07-13T14:24:35Z,173,2.88,False,123,3,0,https://www.youtube.com/watch?v=EnZVja7gyxQ,25,21,PF268053,지젤 [순천],무용(서양/한국무용),순천문화예술회관 대극장,2025-07-13,2025-07-13,,,,none,none,0,False,False,0,no_strong_signal,신호 없음
HPGO58AyD08,"[해외감동사연] 만삭의 러시아 발레리나, 연락 끊긴 남편 찾아 한국행… 순천에서 벌어진 기적에 전세계 오열!","제 휴대전화에는 5년째 지우지 못하는 3분짜리 영상이 있습니다.
화려한 극장도, 수천 명의 관객도 없는 낡은 시민회관 무대.
그곳에서 만삭의 러시아 발레리나가 맨발로 춤을 춥니다.

상트페테르부르크의 주역 발레리나 아나스타샤.
한국인 남편이 연락이 끊기자, 임신 7개월의 몸으로
말 한마디 통하지 않는 지구 반대편 한국으로 날아갑니다.

그녀가 순천이라는 작은 도시에서 만난 것은
차가운 벽이 아니라, 번역할 수 없는 단어 '정'이었습니다.

돈을 받지 않던 택시 기사님, 김이 나던 어묵 국물,
""치료가 먼저입니다""라던 원무과의 한마디,
그리고 중환자실 유리창을 가득 덮은 아이들의 그림까지.

한 도시가 두 달 동안 한 사람을 포기하지 않았을 때,
어떤 기적이 일어나는지 지금 확인하세요.

※ 본 영상은 감동 실화를 바탕으로 각색된 이야기입니다.

⚠️ AI 사용 고지
본 영상은 인공지능(AI) 기술을 활용해 제작되었습니다.
나레이션 음성, 등장 이미지, 배경음악 등 일부 콘텐츠가 AI로 생성되었으며,
영상 속 인물과 장면은 이야기 전달을 위해 재구성·각색한 것으로 실제 인물 및 사건과 다를 수 있습니다",UCPmG9lptdihG2kjUvoMP6KQ,코리아감동스토리,2026-07-09T01:00:04Z,1763,29.38,False,7,3,0,https://www.youtube.com/watch?v=HPGO58AyD08,8,5,PF268053,지젤 [순천],무용(서양/한국무용),순천문화예술회관 대극장,2025-07-13,2025-07-13,,,,none,none,0,False,False,0,no_strong_signal,신호 없음
np8ESx98JPY,151022 김명규 국립발레단 대전갈라 커튼콜,20151022 김명규 국립발레단 대전갈라 커튼콜,UCSVK_8lGu_jS8iACQt3UBig,Giselle K,2015-11-24T19:24:08Z,123,2.05,False,314,4,0,https://www.youtube.com/watch?v=np8ESx98JPY,1750,398,PF268053,지젤 [순천],무용(서양/한국무용),순천문화예술회관 대극장,2025-07-13,2025-07-13,,,,none,none,0,False,False,0,no_strong_signal,신호 없음
pXJObZnfK40,유니버설발레단 춘향 커튼콜,"2019-10-05 (토) 15:00
예술의 전당 오페라극장",UC2cmA3A_IEZxS8SZkh4k2Ww,히히,2019-10-06T13:25:52Z,220,3.67,False,123,2,0,https://www.youtube.com/watch?v=pXJObZnfK40,0,1,PF268053,지젤 [순천],무용(서양/한국무용),순천문화예술회관 대극장,2025-07-13,2025-07-13,,,,mismatch,none,0,False,False,-2,delete_candidate,날짜 불일치(다른 회차 가능성)
nW6b-zl6anc,광주 시립 발레단 커튼콜 2021.06.29,,UCLnLVyi7Cvy9b-NNfSBjClA,수냥,2021-06-29T18:57:54Z,25,0.42,True,38,0,0,https://www.youtube.com/watch?v=nW6b-zl6anc,29,19,PF268053,지젤 [순천],무용(서양/한국무용),순천문화예술회관 대극장,2025-07-13,2025-07-13,,,,none,none,0,False,False,0,no_strong_signal,신호 없음
iIjLOREeRvw,Soloist,"[제2회 전국공연장상주예술단체 페스티벌]

쌀쌀한 날씨에 알록달록 낙엽들까지 쏟아져내리니 고독함을 느끼기에 더할 나위 없는 날입니다 ^^;;

요번 우리 제2회 전국공연장상주예술단체 페스티벌의 개막을 멋지게 열어줄~ 
서울발레시어터의 첫번째 프로그램 soloist 영상입니다 :)

특히 푸른색 조명이 더욱 인간의 고독함을 극대화하여 표현하는 것 같네요!

서울발레시어터 공연은 11월 23일 월요일 오후 7시 30분 중구 문화의 전당에서 만나실 수 있어요 :D

[문의: 울산상주예술단체협의회 사무간사 박아현 052)282-9159]",UCTIn7NRvTCR6Iieo8nNDSBQ,박아현,2015-11-10T01:13:21Z,107,1.78,False,74,1,0,https://www.youtube.com/watch?v=iIjLOREeRvw,0,5,PF268053,지젤 [순천],무용(서양/한국무용),순천문화예술회관 대극장,2025-07-13,2025-07-13,,,,none,none,0,False,False,0,no_strong_signal,신호 없음
rqdd1d1WhhU,2013 앵콜 그와 그녀의 목요일 스팟 영상 공개!,"2013 앵콜 그와 그녀의 목요일! 2013.11.29~2014.1.19, 대학로 문화공간 필링 1관, 조재현, 박철민, 정은표, 정재은, 유정아 출연!",UCEMukhbg2QRuMsX8hdhQruA,연극열전,2013-11-25T05:37:45Z,26,0.43,True,1005,2,0,https://www.youtube.com/watch?v=rqdd1d1WhhU,166,11,PF268053,지젤 [순천],무용(서양/한국무용),순천문화예술회관 대극장,2025-07-13,2025-07-13,,,,mismatch,none,0,False,False,-2,delete_candidate,날짜 불일치(다른 회차 가능성)
iZKTTMh4fzU,라인댄스스쿨 공연 피날레,"익산 라인댄스스쿨 정기공연

#임형택 #임형택tv #익산시의원 #익산시장후보",UC90eeKpqUdUs7_jn4oJOM9w,임형택TV,2018-02-05T03:23:25Z,52,0.87,True,495,3,0,https://www.youtube.com/watch?v=iZKTTMh4fzU,1530,1012,PF268053,지젤 [순천],무용(서양/한국무용),순천문화예술회관 대극장,2025-07-13,2025-07-13,,,,none,none,0,False,False,0,no_strong_signal,신호 없음
aJZA151CgK0,댄스시어터 컨택트 김규리 연습장면,,UCkltk97W86K3x1S3JWt-ohg,JungHwan Park,2017-05-25T04:50:06Z,59,0.98,True,2308,14,2,https://www.youtube.com/watch?v=aJZA151CgK0,1980,411,PF268053,지젤 [순천],무용(서양/한국무용),순천문화예술회관 대극장,2025-07-13,2025-07-13,,,,none,none,0,False,False,0,no_strong_signal,신호 없음
23nwybteAWk,유니버설발레단 디스이즈모던 This is modern 스팟,"유니버설발레단 디스이즈모던 This is modern
2017.6.8(목) ~ 6.10(토)
예술의전당 CJ토월극장

https://goo.gl/WhTGYh",UCk1RygHm67qOfwgxaNmRI2w,Universal Ballet,2017-10-13T01:48:42Z,45,0.75,True,1125,2,0,https://www.youtube.com/watch?v=23nwybteAWk,7650,565,PF268053,지젤 [순천],무용(서양/한국무용),순천문화예술회관 대극장,2025-07-13,2025-07-13,,,,mismatch,none,0,False,False,-2,delete_candidate,날짜 불일치(다른 회차 가능성)
K74MT_mtw6c,마린스키 발레단_순천현대미술관_배금표,"#순천현대미술관
#배금표
#전시공연기획

상트페테르부루크, 마린스키발레단 연습장면.
2012.6월 방문",UCyM42D1P5uad489GnY4jjEw,Suncheon_ MOMA,2019-11-09T19:08:29Z,180,3.0,False,88,1,0,https://www.youtube.com/watch?v=K74MT_mtw6c,46,99,PF268053,지젤 [순천],무용(서양/한국무용),순천문화예술회관 대극장,2025-07-13,2025-07-13,,,,none,none,0,False,False,0,no_strong_signal,신호 없음
LqQrA8VhVwc,대화의 희열 - 연습이라는 날개.20181020,연습이라는 날개,UCK1sVuXaDvJeNwl9noN5nOA,KBS Entertain,2018-10-20T16:33:52Z,237,3.95,False,37007,199,12,https://www.youtube.com/watch?v=LqQrA8VhVwc,5700000,139475,PF268053,지젤 [순천],무용(서양/한국무용),순천문화예술회관 대극장,2025-07-13,2025-07-13,,,,none,none,0,False,False,0,no_strong_signal,신호 없음
lbrcuMhAM04,2023 제24회 순천청소년예술축제 - 플로라 윤현지,,UC8aTvJF7ul5DwAOVEqD4qyg,순천예총,2023-08-04T11:54:10Z,165,2.75,False,151,1,0,https://www.youtube.com/watch?v=lbrcuMhAM04,39,39,PF268053,지젤 [순천],무용(서양/한국무용),순천문화예술회관 대극장,2025-07-13,2025-07-13,,,,none,none,0,False,False,0,no_strong_signal,신호 없음
PdKoZeOrqQw,"[뉴스데스크]순천시,'발레, 클래식과 모던의 만남' 공연 (160503수)","가정의 달 5월을 맞아 가족이 함께 즐길 수 있는 수준높은 발레 공연이 펼쳐집니다. 

오는 6일과 7일, 
문화예술회관 대극장 무대에 올려지는 
'2016 발레, 클래식과 모던의 만남'은 
1부에서 영국의 낭만파 바이런의 서사시를 
발레로 재탄생시킨 '해적'이, 
2부는 순천만과 흑두루미를 소재로 한 
지난해 전국무용제 수상작 '흑두루미의 꿈'이
공연됩니다.

특히 이번 공연은
지역 예술인들이 직접 기획.연출.출연함으로써
무용 예술의 저변을 확대하고
수준높은 공연을 접할 수 있는 
기회를 제공할 것으로 기대됩니다.",UCKhcMXQSFhY__0_SBSip3eA,여수MBC News,2016-05-04T00:07:19Z,38,0.63,True,227,0,0,https://www.youtube.com/watch?v=PdKoZeOrqQw,104000,37413,PF268053,지젤 [순천],무용(서양/한국무용),순천문화예술회관 대극장,2025-07-13,2025-07-13,,,,none,none,0,False,False,0,no_strong_signal,신호 없음
QnP9E0GVidI,Giselle Ulsan,"울산시향 여름특별기획 아당의 발레 '지젤' 전막공연
2012. 8. 24~25
광주시립무용단출연",UCLuL1InrJ-H3cmmTgQZq_jw,Yunsu Choi,2012-08-13T04:31:07Z,34,0.57,True,781,0,0,https://www.youtube.com/watch?v=QnP9E0GVidI,0,1,PF268053,지젤 [순천],무용(서양/한국무용),순천문화예술회관 대극장,2025-07-13,2025-07-13,,,,none,none,0,False,True,2,no_strong_signal,작품명이 따옴표/괄호로 명시적으로 인용됨
yvgRSZlPX58,🧚7월 2주차🗓️ 순-케줄러✨ 등장이요🥁,"조금 더 똑똑✨하게 삶을 꾸려가고 싶은 분들!
여기 주목하세요~📢
7월 2주차 순-케줄러📅 등장이요!

✅ 순천사랑상품권 7% 할인 판매
✔️ 기간 : 2025. 7. 1.(화) ~ 7. 31.(목)
✔️ 구매한도 : 1인당 월 50만원(지류는 최대 30만원)
✔️ 구입방법
 - 지류상품권 : 관내 농협, 축협, 원협, 낙협 등 방문하여 현금으로 구매
 - 모바일 상품권 : 지역상품권 CHAK! 어플
https://blog.naver.com/hongane2013/223921471783

✅ 7월엔, 내 손엔 에코백 이벤트
✔️ 기간 : 7. 3.(목) ~ 7. 16.(수)
✔️ 참여방법 : 에코백, 장바구니 사용 인증샷 메일 보내기
✔️ 제출처 : bomi2930@korea.kr
✔️ 제출형식 : 이름 / 전화번호 / 인스타그램ID / 인증사진
✔️ 참여경품 : 모바일 커피쿠폰(100명)
✔️ 결과발표 : 7. 25.(금) 선정자에 한해 개별 문자통보
✔️ 문의처: 061-749-5787(순천시 기후에너지과)

✅ 온누리 공영자전거 이용실적 인센티브 제공 3기 모집 
✔️ 모집기간 : 7. 1.(화) ~ 7. 31.(목)
✔️ 모집대상 : 만 15세 이상(온누리 공영자전거 이용이 가능한 순천시민)
✔️ 봉사활동 혜택
 - 하루 30분 이상 온누리 공영자전거 이용 시
   최대 31시간까지 봉사시간 인정!
✔️ 신청방법 : 인터넷 신청(https://naver.me/x5mN5KGw)
✔️ 문의처 : 061-749-6350(순천시 교통정책과)
https://blog.naver.com/hongane2013/223924371072

✅ 낙안읍성 상설공연 안내
✔️ 공연 일정 : 7. 5.(토) ~ 7. 26.(토)까지 매주 주말 총8회 운영
✔️ 장소 : 순천 낙안읍성 객사 앞 마당
✔️ 내용 : 판소리, 사물놀이, 전통무용 등
https://blog.naver.com/hongane2013/223919389427

✅ 아고라 순천 365 페스타
✔️ 일시 : 7. 12.(토) 오후 6시
✔️ 장소 : 문화의거리 한옥글방(금곡길 28)
✔️ 내용 : 취타, 한국무용, 대금연주 등

✅ 클래식 발레 ‘지젤’
✔️ 일시 : 7. 13.(일) 오후 5시
✔️ 장소 : 순천 문화예술회관 대극장
✔️ 예매 : 티켓링크(https://www.ticketlink.co.kr/product/57134)
 - R석 : 30,000원
 - S석 : 20,000원
 - A석 : 10,000원
✔️ 할인 혜택
 - 순천문화예술회관 회원 50% 할인
 - 국가유공자, 등록장애인, 65세 이상 어르신 50% 할인
 - 다자녀가정(순천시민카드 또는 1개월이내 주민등록등본 소지) 50% 할인
 - 장기및 인체 조직 등 기증(희망)등록증 소지자, 의상자 50% 할인
 - 10인이상 단체 50% 할인",UChrP3VKcPcOiR8WZ7LAdO8w,순천시,2025-07-07T00:01:11Z,77,1.28,False,1824,29,7,https://www.youtube.com/watch?v=yvgRSZlPX58,29400,1098,PF268053,지젤 [순천],무용(서양/한국무용),순천문화예술회관 대극장,2025-07-13,2025-07-13,,,,none,match,0,False,False,2,no_strong_signal,장소 일치
toZYR3auoAc,집에서 즐기는 ′무관중 공연′ 인기,"황금연휴 기간 하루 평균 최고 500만 대 차량이 고속도로를 이용할 정도로 나들이객들이 늘었습니다. 이와는 다르게 집에서 ′사회적 거리두기′를 실천하는 시민들도 적지 않은데요. 집에서 즐기는 ′무관중 공연′ 인기도 높아지고 있습니다.
#코로나19 #사회적거리두기 #무관중공연",UCrxaOwstKO2_mtiobeT_jeA,LG헬로비전 대구경북,2020-05-06T01:09:37Z,91,1.52,False,64,0,0,https://www.youtube.com/watch?v=toZYR3auoAc,10000,7997,PF268053,지젤 [순천],무용(서양/한국무용),순천문화예술회관 대극장,2025-07-13,2025-07-13,,,,none,none,0,False,False,0,no_strong_signal,신호 없음
Jln36cfNT6A,양아치 수영 강사 특,,UCIyMDta1_15x7GH3S1xpHug,노브레싱,2022-09-24T08:57:42Z,47,0.78,True,10249354,53913,4878,https://www.youtube.com/watch?v=Jln36cfNT6A,58200,367,PF268053,지젤 [순천],무용(서양/한국무용),순천문화예술회관 대극장,2025-07-13,2025-07-13,,,,none,none,0,False,False,0,no_strong_signal,신호 없음
vKLT6zgOKGA,Eun Hye contemporary,"은혜 현대
Eun Hye contemporary",UCRRGA5WEUyoItkP-FENp6ag,강은혜,2014-08-11T15:46:09Z,40,0.67,True,880,10,0,https://www.youtube.com/watch?v=vKLT6zgOKGA,92,5,PF268053,지젤 [순천],무용(서양/한국무용),순천문화예술회관 대극장,2025-07-13,2025-07-13,,,,none,none,0,False,False,0,no_strong_signal,신호 없음
pfDR0PM6VV8,"2021 여수 문화가 있는 날 ""숨 쉬는 예술 여수에 춤추다""",2021년 7월 3일 오후 4시 여수진남문예회관,UCUntS4vDEUtaroP5A7yUi9w,여수 문화가 있는 날,2021-07-03T07:37:25Z,3272,54.53,False,1320,41,2,https://www.youtube.com/watch?v=pfDR0PM6VV8,178,14,PF268053,지젤 [순천],무용(서양/한국무용),순천문화예술회관 대극장,2025-07-13,2025-07-13,,,,none,none,0,False,False,0,no_strong_signal,신호 없음
m-O2IS0EKYc,"[SAC on Screen] 「안중근, 천국에서의 춤」 하이라이트","2022년 8월 SAC on Screen과 함께하는 화요일

- 상영일시: 2022. 8. 23.(화) 15:00~
- 상영장소: 고척도서관 1층 소망어울림
- 상영내용: 예술의전당 SAC on Screen 「안중근, 천국에서의 춤」 영상 상영
- 신청방법: 에버러닝(https://everlearning.sen.go.kr/EVER_Lecture/chairInformation.do?PARENT_SEQ=2&pcd=00&tab_gubun=2&attendAmount=all&lecture_id=GCL-1422), 전화(02-2680-2423)",UCgQcP7IRFXo9OO4EqzvTpYw,서울특별시교육청고척도서관,2022-08-03T01:27:03Z,195,3.25,False,184,3,0,https://www.youtube.com/watch?v=m-O2IS0EKYc,52,38,PF268053,지젤 [순천],무용(서양/한국무용),순천문화예술회관 대극장,2025-07-13,2025-07-13,,,,none,none,0,False,False,0,no_strong_signal,신호 없음
OZMYaJ_a3FU,돈키호테 하이라이트1 - 엔딩,"광주시립무용단 제112회 정기공연 [돈키호테]
2014.11.06-07 광주문화예술회관 대극장",UC6_r5YPqcBjTU8jxQTEvAzA,Gwangju City Ballet,2014-11-12T08:01:06Z,85,1.42,False,721,1,0,https://www.youtube.com/watch?v=OZMYaJ_a3FU,233,34,PF268053,지젤 [순천],무용(서양/한국무용),순천문화예술회관 대극장,2025-07-13,2025-07-13,,,,mismatch,none,0,False,False,-2,delete_candidate,날짜 불일치(다른 회차 가능성)
cfW5qjYHaFg,[에스파 지젤] 지젤의 Martini 벌스 #shorts #에스파 #지젤,"#에스파지젤 #aespa #aespagiselle #giselle #giselleaespa #gisellerap #지젤랩 #지젤피쳐링 #지젤마르티니 #마르티니 #피쳐링 #feature #featuring #rap #martini #에스파 #aespa  #극락파트 #에스파유영진파트 #에스파랩 #윈터 #닝닝 #지젤 #카리나
#에스파카리나 #에스파윈터 #에스파지젤 #에스파닝닝 #dreamscometrue 
#aespamv #aespavideo #aespawinter #aespakarina #aespagiselle #aespaningning #karina #winter #giselle #ningning #효연 #소녀시대효연",UCqo64MM0gJefNtK0Tsr-Vfw,장안제일고Unofficial,2022-01-01T08:04:50Z,25,0.42,True,1611749,64004,357,https://www.youtube.com/watch?v=cfW5qjYHaFg,1620,104,PF268053,지젤 [순천],무용(서양/한국무용),순천문화예술회관 대극장,2025-07-13,2025-07-13,,,,none,none,0,False,False,0,no_strong_signal,신호 없음
PYTsdWD3Efo,에스파 (aespa)한국외국어대학교 서울캠퍼스 축제 Full Ver. (WDA + LEMONADE + whiplash + Supernova + Next Level),"20260602 한국외국어대학교 서울캠퍼스 축제
에스파 (aespa)한국외국어대학교 서울캠퍼스 축제 Full Ver. (WDA + LEMONADE + whiplash + Supernova + Next Level)

타임스탬프
00:00:00 WDA (Whole Different Animal)
4:06 talk 1
7:00 슈퍼노바 Supernova
10:07 whiplash 위플래쉬
13:13 talk 2
14:53 넥스트레벨 Next Level
18:40 talk 3
20:02 LEMONADE

장소: 한국외국어대학교 서울캠퍼스 잔디 운동장


에스파(AESPA) 카리나, 윈터, 지젤, 닝닝 8K 60P 락뮤직 직캠 Rock Music FANCAM

🚫 영상 형태로 가공 및 재업로드 강력히 금지 짧은 숏 영상, 미리보기 사진 영상 포함 /틱톡/인별/공카/트위터/유튜브/웨이보

#에스파
#AESPA
#WDA
#LEMONADE
#한국외대축제
#한국외국어대학교축제",UC8yPhlmo-4MY5ZfF-cw3JRg,Rock Music,2026-06-02T15:50:56Z,1432,23.87,False,49860,1647,42,https://www.youtube.com/watch?v=PYTsdWD3Efo,1870000,16051,PF268053,지젤 [순천],무용(서양/한국무용),순천문화예술회관 대극장,2025-07-13,2025-07-13,,,,none,none,0,False,False,0,no_strong_signal,신호 없음
_2P4Y5ew8kQ,핑머로 돌아온 지젤의 도파민,"핑머로 돌아온 지젤의 도파민

#aespa #에스파 #giselle #지젤 #concert #콘서트 #dopamine",UClkabJyT6d0is_0s-8olLQg,광야쿵야,2025-03-26T11:08:05Z,25,0.42,True,288129,14904,45,https://www.youtube.com/watch?v=_2P4Y5ew8kQ,91400,726,PF268053,지젤 [순천],무용(서양/한국무용),순천문화예술회관 대극장,2025-07-13,2025-07-13,,,,none,none,1,False,False,1,no_strong_signal,신호 없음
_Oc6Ws0-yZM,의상에 달린 거슬리는 줄 끊어버리는 윈터,"250315 에스파 콘서트 2025 aespa LIVE TOUR- SYNK: PARALLEL LINE- ENCORE

#에스파 #aespa #콘서트 #concert #parallelline #카리나 #지젤 #윈터 #닝닝 #KARINA #GISELLE #WINTER #NINGNING #블랙맘바 #blackmamba #직캠 #fancam #제복 #체인 #chain #dirtywork  #kpopdemonhunters #huntrix #golden #kpop",UC34e9wRUdh-hTJICEHHFhag,설렁탕,2025-03-17T07:49:03Z,9,0.15,True,30395887,379554,1001,https://www.youtube.com/watch?v=_Oc6Ws0-yZM,9780,82,PF268053,지젤 [순천],무용(서양/한국무용),순천문화예술회관 대극장,2025-07-13,2025-07-13,,,,none,none,1,False,False,1,no_strong_signal,신호 없음
9De5c11QiIc,가수 신명화 장미꽃포로,방송중 장미꽃포로  직캠,UCVbLB7yqpAquPJVapeUMUKg,신우현,2014-06-18T21:50:11Z,231,3.85,False,156,3,0,https://www.youtube.com/watch?v=9De5c11QiIc,5,10,PF245104,신명의 꽃 [충북],한국음악(국악),증평문화회관 대강당,2024-08-09,2024-08-10,,,,none,none,0,False,False,0,no_strong_signal,신호 없음
uYLBEpaaJXg,공무원시험 몇살까지 합격하는게 좋을까 #shorts #공무원 #시험 #공부법 #공부자극,,UCW8-vY6DwHIY94VM_jtUb3Q,시험왕 이형재,2023-08-23T10:21:27Z,30,0.5,True,376294,1034,176,https://www.youtube.com/watch?v=uYLBEpaaJXg,11200,237,PF245104,신명의 꽃 [충북],한국음악(국악),증평문화회관 대강당,2024-08-09,2024-08-10,,,,none,none,0,False,False,0,no_strong_signal,신호 없음
LQVSVnIRq5M,가수 한봄♡예쁘고 사랑스런가수♡ '제1회 유기농 괴산가요제',,UCM_N8brRxCxdNhJ20MCpr_w,봄이 왔어요~,2023-09-03T06:49:33Z,8,0.13,True,2289,50,3,https://www.youtube.com/watch?v=LQVSVnIRq5M,3980,1105,PF245104,신명의 꽃 [충북],한국음악(국악),증평문화회관 대강당,2024-08-09,2024-08-10,,,,none,none,0,False,False,0,no_strong_signal,신호 없음
IxJXcit4XJ8,괴산전통시장 #그냥치킨 상세영상 러블리윤포 유튜브에 올립니다. #쇼츠 #shorts,"괴산전통시장 5일장(3.8일 숫자인 장날) 
그냥치킨 유명해서 줄서봄^^ 아웅~  식어도 맛있네^^

#러블리윤포TV",UCPTC9DVpE0xNf66eUAGQHpA,자팜쿡,2022-04-09T14:28:53Z,15,0.25,True,3865,38,2,https://www.youtube.com/watch?v=IxJXcit4XJ8,49300,3501,PF245104,신명의 꽃 [충북],한국음악(국악),증평문화회관 대강당,2024-08-09,2024-08-10,,,,none,none,0,False,False,0,no_strong_signal,신호 없음
c_Lh9_wOCPM,"한국무용 칼춤 김영미류 연작 검무 2인무 9편 무용가 정지윤, 장선미 무대 공연, 2022년 우리 소리 아세헌 제8회 정기 연주회 찬조 출연","한국무용 칼춤 김영미류 연작 검무 2인무 9편 무용가 정지윤, 장선미 무대 공연, 2022년 우리 소리 아세헌 제8회 정기 연주회 찬조 출연
#shorts @koreantraditionaldance",UCnDHS7TMi92pqr3rA7E9Jkg,한국무용 공연,2023-01-04T12:37:21Z,56,0.93,True,1145,13,,https://www.youtube.com/watch?v=c_Lh9_wOCPM,1100,541,PF245104,신명의 꽃 [충북],한국음악(국악),증평문화회관 대강당,2024-08-09,2024-08-10,,,,none,none,0,False,False,0,no_strong_signal,신호 없음
v1MhdOlfbeo,목소리가 더러운 정대감 (저의 목소리를 듣지 말고 강의 내용을 #shorts,,UC3uSaRKDv7vzu5lTc9v1d9w,하늘맞이무속대학,2023-05-11T19:31:06Z,49,0.82,True,13189,,75,https://www.youtube.com/watch?v=v1MhdOlfbeo,34400,5346,PF245104,신명의 꽃 [충북],한국음악(국악),증평문화회관 대강당,2024-08-09,2024-08-10,,,,none,none,0,False,False,0,no_strong_signal,신호 없음
DjnssC_vpEw,#오유진 #진또배기 #트로트 #쇼츠 #메들리 #shorts #트롯 #직캠 #고화질,"오유진(Oh Yoo Jin) 

오유진님이 직접 픽한 공식 스타카페💛
오유진님이 직접 픽한 공식 팬덤색 노랑💛
오유진님이 직접 픽한 공식 팬덤명 보디가드💛

💛 오유진 공식 팬카페 💛
https://cafe.naver.com/trotprincess0113 

#오유진 #진또배기 #이성우 #트로트 #메들리 #직캠 #사랑꽃 #고화질 #쇼츠 #shorts #세로직캠 #세로 #최신 #실시간 #인기 #original #축제 #행사 #신곡 #공연",UCr_EZbCKpIiHsYqlPgjw_bg,오유진TV,2023-08-23T13:41:55Z,30,0.5,True,11496,598,21,https://www.youtube.com/watch?v=DjnssC_vpEw,54000,1577,PF245104,신명의 꽃 [충북],한국음악(국악),증평문화회관 대강당,2024-08-09,2024-08-10,,,,none,none,1,False,False,1,no_strong_signal,신호 없음
2_zfxf0iOj4,덕수궁 대한문앞 군악대 행사♡#shorts,,UC0kAsBetZIRPIZtoiQK-w7A,"[민다방TV] ""47세 아재의 주짓수 운동시작기""",2023-02-17T02:57:53Z,59,0.98,True,125,,0,https://www.youtube.com/watch?v=2_zfxf0iOj4,10700,288,PF245104,신명의 꽃 [충북],한국음악(국악),증평문화회관 대강당,2024-08-09,2024-08-10,,,,none,none,0,False,False,0,no_strong_signal,신호 없음
ykp2yZzKx7A,신점보는 청주 애기점집. 전안기도 방법. 일반인들은 절대 따라하지 마세요!! 제자 이야기 2.,"더 많은 정보는 클릭 클릭!!

❤️애기점집 블로그 : https://m.blog.naver.com/idtndhks

❤️애기점집 홈페이지 : https://01020182527.modoo.at

❤️애기점집 플레이스 : https://naver.me/FbRiEUAi

❤️애기점집 오시는길
충북 청주시 흥덕구 직지대로620번길 90-4 1층 애기점집",UCXlBf0cCTyune98PJcICquA,청주점집 대신비당,2022-11-06T05:52:56Z,227,3.78,False,1464,14,0,https://www.youtube.com/watch?v=ykp2yZzKx7A,186,391,PF245104,신명의 꽃 [충북],한국음악(국악),증평문화회관 대강당,2024-08-09,2024-08-10,,,,none,none,0,False,False,0,no_strong_signal,신호 없음
sWkY4zmSEUM,#박서진#무반주에 노래도 잘하네요#2022년도 #서진바람 #해피바이러스 가득 충만#가요무대 네이버 공식영상 링크#강원도아리랑 언제봐도 신나요,"새해엔  서진 바람이 불어 정신 없을듯~~ 가는곳 마다  해피바이러스 팍팍

장구의신 박서진  홍시 건강체조  링크
https://youtube.com/shorts/rKZkrJTNnr4?feature=share


kbs1 #가요무대  #연안부두 네이버 공식영상

http://naver.me/xpYB79dY

장구의신 다음 팬카페 링크☆
https://m.cafe.daum.net/school1951


장구의신 박서진 유튜브 링크☆
https://youtu.be/XUs-IMLzKoM


k-pop 유튜브 링크
https://youtu.be/9DY9jZE9vhQ

#박서진엘프반주기콩자반쇼(12월2일(화)
https://youtu.be/evC2_VOnkXg

#박서진#힘내라인생#음원공개  됬습니다
많이 응원해 주세요

흥해라  (원더캐이)뮤직 비디오


흥국화재 뮤직비디오 : https://youtu.be/X06k-gvKTIQ 
건강댄스 풀버전 : https://youtu.be/cfQrfya87rw 
건강댄스 하체편 : https://youtu.be/1X-1UB6AmEQ 
건강댄스 상체편 : https://youtu.be/yxydYNDt6v0 건강댄스 하체편 : https://youtu

평택 가족 스마트 영상 유튜브 링크
https://youtu.be/1FpnNUls0f8



#박서진 #칠곡시장 유튜브 링크

https://youtu.be/PiFbUzJRcIc


#대전부르스축제 
https://youtu.be/ODDJ7SkR568


청도 라이브 커머스 링크
https://shoppinglive.naver.com/livebridge/313530?fm=shoppinglive&sn=share

충북 우수시장 박람회 유튜브 방송
https://youtu.be/GPENrr1Ejnw


장구의신 다음 팬카페 링크☆
https://m.cafe.daum.net/school1951


장구의신 박서진 유튜브 링크☆
https://youtu.be/XUs-IMLzKoM

단양구경시장 보이는 
 유튜브채널: 단양구경시장
https://youtu.be/JlAW36YyfBw

#위드안동축제 실시간
https://youtu.be/TsQSWayIoVM


흥타령 장애인 장기자랑 실시간 방송 링크
https://youtu.be/TPxMmR7RRiM


대구 경북 스타디업 페스티벌 실시간 방송
https://youtu.be/CHX84r8fECM


유튜브채널: 영일대북부시장 실시간 방송
https://youtu.be/3paN1c_zr9A


 #박서진
 kbs2중 플레이 리스트
흥해라
http://naver.me/GTg95RX7


장구의신 박서진 유튜브 아버지의 바다
(삼천포 아리랑)
https://youtu.be/OLsS7qHiCZw


#박서진 보령 중앙시장 
https://youtu.be/OXCsY9uZdk0

신매시장 장터 페스티벌  실시간 링크
https://youtu.be/LddBgnV3RvY


대구 신나는 라이브 힐링 콘서트
토크와 함께하고  팬들에 사연과 
신청곡 링크
https://youtu.be/MG5B73P2IP


울산 방어축제 유튜브 링크
https://youtu.be/QFCUWocWBdc


박서진 별다방 깜짝  라이브
https://youtu.be/SMsIv-xn46s


#박서진#가요무대 네이버 공식영상 #청춘고백
http://naver.me/5eGCku65


김천포도 온라인축제
https://youtu.be/PzKSD4adsjg


울산 방어진항축제
 유튜브채널: 방어진항tv
https://youtube.com/channel/UC84Tcrhs66vuVxm2SL5PFlA

 박서진 유튜브 (괴산 고추축제)
꽃이 핍니다
https://youtu.be/54o_Ol55ugw


보은대추 온라인축제
유튜브채널: 보은대추축제
https://youtu.be/bVgG9DZjEek


신매시장 장터페스티벌 라이브 커머스
유튜브채널: 시장의소리
https://youtu.be/bseDyGmIqbU


보령중앙시장 라이브 커머스
유튜브채널: 보령중앙시장
https://youtube.com/channel/UC8zyWeonBMFTbF7EnGtPd9A


낙동강 세계평화문화 대축전
 실시간방송: 쇼핑LIVE
https://shoppinglive.naver.com/lives/264110


[낙동강세계평화문화대축전]바로한끼 밥나물,고구마잼🍠
view.shoppinglive.naver.com

청주 사창시장
 유튜브채널: 문화곳간 사창시장
https://youtu.be/LoPvl9hbOC4",UCvh2-hxYlMqNq2pg4pHqU8A,레드정,2022-01-05T08:17:17Z,469,7.82,False,5878,747,72,https://www.youtube.com/watch?v=sWkY4zmSEUM,76200,2539,PF245104,신명의 꽃 [충북],한국음악(국악),증평문화회관 대강당,2024-08-09,2024-08-10,,,,none,none,0,False,False,0,no_strong_signal,신호 없음
edt-Zcuz09Y,박서진*축제의신*흥의신*안동에흥뿌리고왔어요*강원도아리랑*꽃이핍니다*안동위드축제,"#박서진#축제의신*흥의신*꽃이핍니다*강원도아리랑
#안동위드축제#안동mbc공개방송  -2021.11.6-

👉장구의신박서진유튜브 아버지의바다(삼천포아리랑)
https://youtu.be/OLsS7qHiCZw

■장구의신박서진_공식유튜브
https://youtube.com/channel/UCInYIznyqojL4rJc83pSJQA

💢흥해라 박서진,윤형빈 쇼츠
https://youtube.com/shorts/krXtu0faboc?feature=share

공식유튜브인 원더케이와 흥국화재 유튜브 영상에서만 시청해 주시기 바랍니다
●""흥해라"" 멜론 공식유튜브 영상
https://youtu.be/wBo

※흥해라 흥국화재 뮤직비디오 링크입니다
뮤직비디오 : https://youtu.be/X06k4-gvKTIQ

💥장구의신 가수박서진 공식팬카페 
http://m.cafe.daum.net/school1951
■음반,굿즈 판매처:장구의신컴퍼니
●● 전화주문은 불가하니 반드시
사이트에서 신청해주세요.
https://m.jggod.com/",UCpZwF1bHRh_620q_Yhgj0jw,*깜시,2021-11-12T04:01:18Z,758,12.63,False,3187,463,21,https://www.youtube.com/watch?v=edt-Zcuz09Y,73900,1719,PF245104,신명의 꽃 [충북],한국음악(국악),증평문화회관 대강당,2024-08-09,2024-08-10,,,,mismatch,none,0,False,False,-2,delete_candidate,날짜 불일치(다른 회차 가능성)
tweZes5XYNs,[청주요양원 청주주간보호 추천] 치매예방 좋아지는 풍물놀이 수업,"세상에서 하나뿐인 우리 부모님께 최상의 서비스를 제공해 드리는 9988요양원&주간보호!

대표가 직접 수업진행하는 신명! 풍물놀이 활동입니다.

요양등급상담 및 입소문의 043)277-9988 

#9988요양원 #봉명동요양원 #분평동노인주간보호센터 #산남동요양원 #용암동노인주간보호센터 #흥덕구요양원 #재활운동 #물리치료#풍물놀이#치매#요양등급#온천수샘솟는요양원",UCQAsfqqNPYmtWJc05BLmV0Q,9988TV,2023-05-04T13:20:20Z,21,0.35,True,109,1,0,https://www.youtube.com/watch?v=tweZes5XYNs,176,585,PF245104,신명의 꽃 [충북],한국음악(국악),증평문화회관 대강당,2024-08-09,2024-08-10,,,,none,none,0,False,False,0,no_strong_signal,신호 없음
9s3BhqF5H9M,[미소데이]스케줄 간 김에 울산 맛집까지 정복하기!!🍣🍣❤,"안녕하세요 구독자 여러분들 '미소데이' 미소입니다ㅎㅎ!!요번 영상은 제가 저번 8월2일에  [울산단편영화제] 초청을 받아 스케줄을 다녀왔는데요!~아름다운 울산시 인만큼 맛있는 먹거리도 굉장히 많았답니다!!그래서 여러분들께도 살짝이나마 소개를 해드리려고 이렇게 업로드를 해봐요ㅎㅠㅎ!!이번 영상도 재밌게 봐주시면 감사하겠숩니당ㅎㅎ!!여러분께서 관심가져주시고 응원해주신만큼 앞으로 더욱 열심히 하겠습니다^.^!!화이팅!~~~~~❤❤❤❤❤

#울산 #고래 #쫀드기

♬MiSO'S MUSIC STREAM♬
'MiSO-KKPP'▶ https://ffm.to/misokkpp
'MiSO-PINK LADY' ▶ https://ffm.to/misopinklady
'MiSOXJISU-benjaminbutton’  ▶ https://ffm.to/misojisubenjaminbutton
'MiSO-ON N ON '▶ https://ffm.to/misoonnon
'MiSO-BLESSED' ▶https://ffm.to/misoblessed

▶MiSO(미소) SNS

MiSO facebook - 
https://www.facebook.com/miso.DOUBLEent

MiSO instagram -
https://www.instagram.com/miso_official_/

MiSO twitterz
https://twitter.com/_MiSO_twt

MiSO V LIVE
https://channels.vlive.tv/C227A1/home

MiSO Fanpage -
http://cafe.daum.net/msofficial/

MiSO youtube -
https://www.youtube.com/channel/UCAmOlWF-e3pQhQnnd5pD9HA

MiSO TikTok -
https://www.tiktok.com/@miso.official",UCx89yX7v37cQ7fchXjqt_mQ,MISO_Official,2021-01-21T12:02:34Z,533,8.88,False,1063,29,3,https://www.youtube.com/watch?v=9s3BhqF5H9M,72000,196,PF245104,신명의 꽃 [충북],한국음악(국악),증평문화회관 대강당,2024-08-09,2024-08-10,,,,none,none,0,False,False,0,no_strong_signal,신호 없음
IEtN9uKzzSw,"""울산 맛집 순위 TOP 10""#울산맛집","울산 맛집 순위 TOP 10

🍽️ 영상 속 맛집 재료, 쿠팡에서 바로 사보기!  
📌 프로필 사진 누르고 하단 링크 확인  
또는 아래 링크를 복사해서 붙여넣기👇  
https://link.inpock.co.kr/langchelin

#울산 #울산맛집추천 #울산맛집베스트 #울산시 #울산광역시 #아니마 #언양기와집불고기 #서양식당 #언양금화불고기 #베테랑바비큐 #오리엔탈무거면옥 #백소정울산 #아웃백울산 #식당153 #하라검진주냉면",UCHYpVQzuf6x-2ITubyfLdew,랭슐랭 - 데이터로 뽑은 전국 맛집 TOP10,2025-03-24T08:00:16Z,38,0.63,True,92251,271,41,https://www.youtube.com/watch?v=IEtN9uKzzSw,2900,136,PF245104,신명의 꽃 [충북],한국음악(국악),증평문화회관 대강당,2024-08-09,2024-08-10,,,,none,none,0,False,False,0,no_strong_signal,신호 없음
GmHHYFDqMKw,가수신명화 정주고울줄이야 다도향 보이찻집에서,괴산군 홍보대사 가수신명화 정주고울줄이야 여자의아파트 괴산사랑화이팅코리아 5번출구 미친도시 해운대의밤,UC2E0nigQuaPtZCQ7cLW5fFg,윤웅갑,2019-12-29T06:31:11Z,308,5.13,False,93,5,0,https://www.youtube.com/watch?v=GmHHYFDqMKw,212,104,PF245104,신명의 꽃 [충북],한국음악(국악),증평문화회관 대강당,2024-08-09,2024-08-10,,,,none,none,0,False,False,0,no_strong_signal,신호 없음
1jSU05dhuL4,울산| 바닷가에서 바로 회를 사먹을수 있데서 달려 갔습니다.,"항상 솔직한 맛평가만 하겠습니다.

뽕숭아학당을 보곤 회 먹으러 갔다가
다른 음식만 먹구 왔습니다 ㅜㅜ

https://m.search.naver.com/search.naver?sm=mtb_sug.top&where=m&oquery=바다밥상&tqi=UHQK8wp0JxCss5F%2FhJZssssstml-361608&query=울산+바다밥상&acq=바다밥상&acr=1&qdt=0

#뽕숭아 #미스터트롯 #뽕숭아학당 #해녀촌 #회 #대왕암공원 #바다밥상 #울산맛집 #울산 맛집 #울산명소",UCIdwNPR87mdh9OFUfXgDyaw,맛집왕 MATZIPWANG,2020-09-22T00:59:23Z,574,9.57,False,2528,83,88,https://www.youtube.com/watch?v=1jSU05dhuL4,1090,40,PF245104,신명의 꽃 [충북],한국음악(국악),증평문화회관 대강당,2024-08-09,2024-08-10,,,,none,none,0,False,False,0,no_strong_signal,신호 없음
02hm8iRd1eE,가수신명화 가면의탈 #다도향(괴산문광) 일일찻집에서,괴산군 홍보대사 가수신명화 정주고울줄이야 여자의아파트 괴산사랑화이팅코리아 5번출구 미친도시 해운대의밤,UC2E0nigQuaPtZCQ7cLW5fFg,윤웅갑,2019-12-29T06:26:02Z,216,3.6,False,114,6,0,https://www.youtube.com/watch?v=02hm8iRd1eE,212,104,PF245104,신명의 꽃 [충북],한국음악(국악),증평문화회관 대강당,2024-08-09,2024-08-10,,,,none,none,0,False,False,0,no_strong_signal,신호 없음
w1B4nywAwZI,주민이 가꾸는 '청정 전남 으뜸 마을' / YTN,"[앵커]
농산어촌은 갈수록 인구가 줄고 빈집이 늘면서 황폐화의 길을 걷고 있습니다.

전라남도는 이런 마을에 활력을 불어넣기 위해 으뜸 마을 조성 사업을 시작했는데요,

마을 주민이 앞장서 마을 가꾸기에 나서면서 주거 환경이 크게 개선되는 효과를 거두고 있습니다.

김범환 기자가 보도합니다.

[기자]
기름진 간척지 땅에서 품질 좋은 쌀이 많이 나기로 이름난 마을입니다.

황금 물결 넘실대는 가을 들녘이 새마을 창고 벽으로 옮겨졌습니다.

소달구지로 곡식을 옮기던 그 시절 그 모습도 오롯이 살아났습니다.

[김형규 / 보성 대전마을 이장 : 우리 마을을 잘 가꿔 나가야 젊은 친구들이나 후대 사람들, 타지에서 오신 분들도 우리 마을이 아름답고 그러니까 살고 싶어 하는 곳으로 꼭 만들어 보고 싶습니다.]

예부터 흥겨운 농악놀이를 자랑하는 마을인 만큼 신명 나는 풍물패의 한마당도 벽화에 담겼습니다.

어르신들이 즐겨 이용하는 마을 찜질방 벽에는 갖가지 꽃이 화사하게 피어났습니다.

무채색 벽돌 담에 색을 칠하고 시원한 물줄기가 묵은 때를 씻어 냅니다.

[김중현 / 청정 전남 으뜸 마을 주민 : 지역 어르신들의 정신 건강과 마음을 치유하며 건강하고 아름다운 대전 마을로 가꿔 갈 생각입니다.]

보성군의 600개 마을 가꾸기에서 시작해 전남으로 확대된 '청정 전남 으뜸마을'은 모두 3천여 개.

인식 전환과 환경 정화, 경관 개선 등 3개 분야에 모두 270억 원이 투자됩니다.

[김영록 / 전라남도지사 : 청정 전남 으뜸 마을 사업을 올해부터 시작해서 따뜻하고 아름다운 공동체를 만들어 가겠습니다.]

전라남도는 귀농이나 귀촌한 도시민이 원주민과 오순도순 잘 살도록 어울림 마을을 조성하는 등 다양한 마을 가꾸기 사업으로 행복한 전남 만들기에 온 힘을 다하고 있습니다.

YTN 김범환입니다.




YTN 김범환 (kimbh@ytn.co.kr)

※ '당신의 제보가 뉴스가 됩니다' YTN은 여러분의 소중한 제보를 기다립니다.
[카카오톡] YTN을 검색해 채널 추가 [전화] 02-398-8585 [메일] social@ytn.co.kr [온라인 제보] www.ytn.co.kr

▶ 기사 원문 : https://www.ytn.co.kr/_ln/0115_202107042245076925
▶ 제보 하기 : https://mj.ytn.co.kr/mj/mj_write.php

▣ YTN 유튜브 채널 구독 : http://goo.gl/Ytb5SZ

ⓒ YTN & YTN plus 무단 전재 및 재배포금지",UChlgI3UHCOnwUGzWzbJ3H5w, YTN,2021-07-04T13:53:13Z,128,2.13,False,1652,9,7,https://www.youtube.com/watch?v=w1B4nywAwZI,5370000,967689,PF245104,신명의 꽃 [충북],한국음악(국악),증평문화회관 대강당,2024-08-09,2024-08-10,,,,none,none,0,False,False,0,no_strong_signal,신호 없음
-MEFEgDjfTk,가수신명화 파주의밤 (해운대의밤) 65미남미녀클럽 가을소풍,#가수신명화 #해운대의밤 #괴산군홍보대사,UCpOCiLj9L_O5DUuPvH8A9_g,사랑해,2020-11-01T08:54:08Z,217,3.62,False,118,14,0,https://www.youtube.com/watch?v=-MEFEgDjfTk,627,440,PF245104,신명의 꽃 [충북],한국음악(국악),증평문화회관 대강당,2024-08-09,2024-08-10,,,,none,none,0,False,False,0,no_strong_signal,신호 없음
nfMlqQRcYhw,2018계원무용과 락원무제 하이라이트,"계원벽강예술관을 뜨겁게 달군 무용과 졸업생공연 락원무제의
하일라이트 영상입니다.",UCpGHSg9Z_pFBwGKr1RWhWIg,총동문회계원예술고등학교,2018-08-08T05:32:25Z,231,3.85,False,926,13,0,https://www.youtube.com/watch?v=nfMlqQRcYhw,114,21,PF245104,신명의 꽃 [충북],한국음악(국악),증평문화회관 대강당,2024-08-09,2024-08-10,,,,none,none,0,False,False,0,no_strong_signal,신호 없음
cjpVhWbkGnI,20130403 놀이패신명 제39회 정기공연 '꽃같은시절',"놀이패 신명 제 39회 정기공연 '꽃같은 시절'

◦ 일    시 : 2013. 04. 12(금) (오후 8시) / 04. 13(토) (오후 3시, 7시)
◦ 장    소 : 광주 콘텐츠산업 지원센터(구KBS)
◦ 입 장 료 : 일반 20,000원 / 초중고 10,000원 / 20인 이상 단체할인
◦ 작품제작 : 원작 공선옥 ""꽃 같은 시절"" / 각색 지정남 / 연출 박강의 / 음악 윤진철
◦ 주    최 : 놀이패 신명
◦ 후    원 : 한국문화예술위원회, 광주광역시, 광주문화재단, 광주정보문화산업진흥원
◦ 문    의 : 062.527.7295 / 010.6603.2897 / http://shinmyoung.net",UCXP4_ug9c9cwWOXOqe5JChA,놀이패신명,2013-04-03T13:22:13Z,64,1.07,False,353,3,0,https://www.youtube.com/watch?v=cjpVhWbkGnI,37,5,PF245104,신명의 꽃 [충북],한국음악(국악),증평문화회관 대강당,2024-08-09,2024-08-10,,,,none,none,0,False,False,0,no_strong_signal,신호 없음
Di0TFT-8VPo,"가수신명화 팝메들리,2019동해해맞이공연 세계여성평화그룹강릉,동해지부","동해해맞이공연 세계여성평화그룹 강릉,동해지부,피켓응원",UCIIuu_KnyvrzNoiuMIJ4vAA,가수신명화,2019-01-02T04:20:44Z,230,3.83,False,14,2,0,https://www.youtube.com/watch?v=Di0TFT-8VPo,149,171,PF245104,신명의 꽃 [충북],한국음악(국악),증평문화회관 대강당,2024-08-09,2024-08-10,,,,none,none,0,False,False,0,no_strong_signal,신호 없음
yzqVkFm4IGY,"[대기실 랜덤 인터뷰] 조선판스타 우승자, 1억 상금을 거머쥔 국악인 '김산옥'의 최애템은 000이다 ?? | 230717","생활력 프로그램 출연자들의 대기실 현장 전격 공개!

랜덤으로 뽑은 깜찍한 질문들에 솔직하게 답변하는 시간!
나의 가수에게 궁금했던 질문들을 대신 질문해드립니다.

대기실 랜덤 인터뷰 열 한 번째 게스트 조선판스타! 소리꾼 김산옥❤️‍🔥

기획 : 김영수
촬영 : 김대현, 최유빈
편집 : 김대현, 최유빈

#김산옥 #국악인 #소리꾼 #판소리 #흥보가 #대기실랜덤인터뷰 #제비노정기 #조선판스타 #조선판스타우승자 #MBC충북",UCKvnHmqJvQQ9osEO1qRz9nA,안녕!MBC충북,2023-07-17T07:00:30Z,327,5.45,False,169,4,0,https://www.youtube.com/watch?v=yzqVkFm4IGY,163000,10494,PF245104,신명의 꽃 [충북],한국음악(국악),증평문화회관 대강당,2024-08-09,2024-08-10,,,,none,none,1,False,False,1,no_strong_signal,신호 없음
uvUhsU9LC58,[동네 한 바퀴] 고향의 유산을 복원한 소목 장인의 오랜 꿈 “안온하다 산자락 동네 – 전라북도 완주” (KBS 20220903 방송),"동네 한 바퀴 (토요일 밤 19시 10분 KBS 1TV)
“안온하다 산자락 동네 – 전라북도 완주” (2022년 9월 3일 방송)

이보다 더 좋은 지명이 또 있을까. 
완전한 고을이라는 뜻을 가진 전북 완주. 
2개 도, 7개 시군이 접한 요충지이자 굽이굽이 휘달리는 노령산맥, 만경강을 품은 진경산수의 고장이다. 

▶ ‘전국 8대 오지’에서 희망을, 귀촌 삼 남매 가족
완주의 동쪽, 동상면은 산으로 둘러싸인 곳. 산 넘고 물 건너야 듬성듬성 집들이 보인다. 조선시대부터 오지 중 오지로 손꼽혔다는 동네답다. 이젠 오갈 수 있는 길이 들어섰지만 여전히 동상면은 사람 소리보다 닭 울음소리가 더 크다. 한적한 산골동네를 걷다가 삼남매를 만난다. 시골에선 보기 귀한 어린이 손님, 놀러왔나 싶었는데 이 마을 최연소 주민이란다. 이만기는 아이들을 따라 집으로 가본다. 거위, 토끼, 칠면조, 말까지 웬 동물 농장이 눈앞에 펼쳐진다. 누가 이 많은 식구를 건사할까. 5년 전 아버지의 고향, 동상면 풍경에 반해 귀촌을 결심했다는 부부. 이들이 꿈꾸는 삶의 목표는 사람 손닿지 않고 본연의 모습을 간직한 동상면 자연, 그 자체다. 물론 귀촌 후 자리 잡기까지 가족은 많은 시행착오를 겪었다. 하지만 지나고 보니 그 또한 이겨나가야 하는 과정. 그래서 가족은 매일 만경강 발원지 ‘밤샘’ 물길을 따라 걷고, 밤에는 숲에 누워 별을 본다. 돈 주고는 살 수 없는 경험들로 이들만의 추억앨범을 채운다. 무엇을 얻고 이뤄야 했던 도시의 삶을 떠나 마음의 소리에 귀 기울여 선택한 귀촌생활. 때론 그 마음에 정답이 있다.  

▶ 고향의 유산을 복원한 소목 장인의 오랜 꿈
잠종장 옛 터를 걷다가 큰 고목 하나를 발견한다. 수백 년을 살다 쓰러져 수십 년 말린 목재들이 가득한 곳. 그 가운데서 소목장인, 소병진 씨를 만난다. 그의 말에 따르면 완주 용진면은 한 집 걸러 대목장, 소목장 일을 하던 ‘소 씨’ 집안 목수 집성촌이었다는데. 지금 이곳에 남은 소목장은 자신 뿐. 일흔이 넘은 나이에도 그의 공방은 아직 성업 중이란다. 그를 따라 안으로 들어가니 수많은 ‘장’들이 눈에 띈다. 바로 조선시대 전주 지역에서 고급 목가구로 손꼽혔던 전주장이다. 일제강점기를 맞고 사라졌던 지역의 보물, 전주장은 사라진 지 120년 만에 그의 손에 복원됐다. 꼬박 10년, 최연소 가구 명장 1호로서 돈을 좇아도 충분했을 시절 바친 열정이었다. 고향 마을 선대의 작품을 되살리기 위해 노력해온 시간은 그에게 돈보다 값진 보람을 선사했다. 이제 그는 한국관광공사가 지정한 지역 명사로, 완주를 빛내고 있다.

#동네한바퀴 #귀촌 #소목장인

※ [동네 한 바퀴] 인기 영상 보기
[하이라이트]집주인의 인생의 전부가 된 2km 거대동굴 https://youtu.be/NDg9dxem7Z0
[하이라이트]순창 오일장의 명물, 시장 중국집＆60년 전통 연탄불 유과 https://youtu.be/Qcr42xxXOjA
[하이라이트]이북식 김치만두 https://youtu.be/-bFnLsiim5c
[하이라이트]장승포 3대가 이어가는 70년 노포, “피란민 할아버지의 중국집” https://youtu.be/vnrrBac4vsk
[하이라이트]마장동 직송 왕십리 곱창구이 https://youtu.be/lhpVATbZwL4",UC4LW3sOslC14Vn5bcoNUBkg,KBS 다큐,2022-09-07T09:30:08Z,601,10.02,False,3835,40,3,https://www.youtube.com/watch?v=uvUhsU9LC58,2770000,47677,PF245104,신명의 꽃 [충북],한국음악(국악),증평문화회관 대강당,2024-08-09,2024-08-10,,,,none,none,0,False,False,0,no_strong_signal,신호 없음
dGKEF3sXxVw,🔴[Live] 2022 대전무형문화재전수회관 월간상설공연 - 신석봉,"🔴[Live] 2022 대전무형문화재전수회관 월간상설공연 - 신석봉

신석봉 [대전광역시 무형문화재 앉은굿]

일시 : 2022년 6월 22일 (수) 19:30 
장소 : 대전무형문화재전수회관 공연장
문의 : 042.632.8385",UCmOwgVyR_Faye31Wk5v38bw,대전MBC,2022-06-22T11:27:32Z,3391,56.52,False,523,7,1,https://www.youtube.com/watch?v=dGKEF3sXxVw,286000,9920,PF245104,신명의 꽃 [충북],한국음악(국악),증평문화회관 대강당,2024-08-09,2024-08-10,,,,none,none,0,False,False,0,no_strong_signal,신호 없음
sYWZ1wBVwM4,"브런치콘서트 청주시립무용단 ""춤을 짓다""💕(5천원의 행복)","2월 22일 청주의 예술의전당 소공연장에서 열린 
브런치 콘서트 舞作(춤을 짓다)
'5천원의 행복'을 감상해주세요.😍😁
📽 촬영: 영상 에디터 김성우님 

또한, 올해 2023년
브런치 콘서트 공연이 더 예정되어 있으니
시민 여러분의 많은 관람 바랍니다. 🙆‍♀️🙆‍♂️

1️⃣ 3.29. 청주시립합창단 
일시 : 3월29일(수) 오전 11시 
주최 : 청주시립합창단 
장소 : 청주예술의 전당 소공연장
입장료 : 5천원 
예매) 공연세상 1544-7860
https://blog.naver.com/cjcityblog/223033530556 
(청주시 블로그)

2️⃣ 5.24. 청주시립국악단
3️⃣ 6.28. 청주시립합창단
4️⃣ 7.26. 청주시립국악단 
5️⃣ 8.30. 청주시립무용단 

---------------------------------------------------
‘舞作-춤을 짓다’는 세상의 평안을 
기원하고 안녕을 바라는 마음을 담아 
새해 마중의 설렘을 춤으로 표현한 작품이며,  
전통춤 레퍼토리와 국악창작그룹 ‘앙상블 시나위’가 함께 했습니다. 

세상의 평안을 기원하고 안녕을 바라는 마음을 담아
새해 마중의 설렘을 춤으로 표현한  舞作
흑 - 버꾸춤 / 원작 서한우
백 - 살품이(홀춤) / 원작 이매방
홍 - 대바라춤 / 원작 정은혜
황 - 태평무 / 원작 강선영
청 - 皷動舞 고동무 / 안무 김진무

♥ 청주시 유튜브 채널 구독하기 →https://tuney.kr/ldc9eW
""구독""과 ""좋아요""를 눌러 주시면 큰 힘이 됩니다~*",UCKdAjOi831AeX6Kzb4dv4Sg,청주시,2023-03-13T05:11:12Z,141,2.35,False,2113,37,6,https://www.youtube.com/watch?v=sYWZ1wBVwM4,58500,1355,PF245104,신명의 꽃 [충북],한국음악(국악),증평문화회관 대강당,2024-08-09,2024-08-10,,,,none,none,0,False,False,0,no_strong_signal,신호 없음
BuN2pvgBcXw,"[김영철의 동네 한 바퀴] 진흙 속에서 피어난 순백의 꽃, 동양 최대 백련자생지 | “여간 좋소, 여기 - 전라남도 무안” | KBS 210626 방송","김영철의 동네 한 바퀴 (토요일 밤 19시 10분 KBS 1TV)
“여간 좋소, 여기 - 전라남도 무안” (2021년 6월 26일 방송)

▶ 진흙 속에서 피어난 순백의 꽃, 동양 최대 백련자생지
면적 313,313㎡(10만여 평)으로 2001년 기네스북에 오른 회산 백련지. 본래 일제강점기에 축조된 농업용 저수지였으나 1955년 인근 마을 주민이 가장자리에 백련을 심고 가꾸기 시작한 후 오늘날의 대규모 군락지가 만들어졌다. 마을사람들은 60여 년을 함께한 추억이 담긴 연꽃방죽을 여전히 돌보며 살고 있다는데. 배우 김영철은 연이 펼쳐진 그림 같은 풍경을 감상하며 백련지를 아끼고 사랑하는 이웃들을 만나 숨은 이야기를 들어본다. 

※“여간 좋소, 여기 - 전라남도 무안”관련 영상 더보기
생명력이 넘치는 ‘검은 비단’ 무안 갯벌 https://youtu.be/2TS8E775RGg
진흙 속에서 피어난 순백의 꽃, 동양 최대 백련자생지 https://youtu.be/BuN2pvgBcXw

※ [김영철의 동네 한 바퀴] 인기 영상 보기
[하이라이트]집주인의 인생의 전부가 된 2km 거대동굴 https://youtu.be/NDg9dxem7Z0
[하이라이트]순창 오일장의 명물, 시장 중국집＆60년 전통 연탄불 유과 https://youtu.be/Qcr42xxXOjA
[하이라이트]이북식 김치만두 https://youtu.be/-bFnLsiim5c
[하이라이트]장승포 3대가 이어가는 70년 노포, “피란민 할아버지의 중국집” https://youtu.be/vnrrBac4vsk
[하이라이트]마장동 직송 왕십리 곱창구이 https://youtu.be/lhpVATbZwL4

#전남무안 #동양최대 #백련자생지",UC4LW3sOslC14Vn5bcoNUBkg,KBS 다큐,2021-06-30T11:00:06Z,277,4.62,False,3733,67,1,https://www.youtube.com/watch?v=BuN2pvgBcXw,2770000,47677,PF245104,신명의 꽃 [충북],한국음악(국악),증평문화회관 대강당,2024-08-09,2024-08-10,,,,none,none,0,False,False,0,no_strong_signal,신호 없음
HzjjwW4si2M,신명 맞이~~,몸주신령님 접신하는제자~~,UCB2zhlsu18xRkjLR5SU3GLA,매화당천지수인,2018-04-01T15:34:25Z,64,1.07,False,220,1,0,https://www.youtube.com/watch?v=HzjjwW4si2M,16,3,PF245104,신명의 꽃 [충북],한국음악(국악),증평문화회관 대강당,2024-08-09,2024-08-10,,,,none,none,0,False,False,0,no_strong_signal,신호 없음
xrhF0n9188k,"김인식목사님 작시 ''사랑스런그대''성악가 임경애교수,가수신명화 라이브카페식당에서 장신대총동문모임",괴산군 연풍면 연풍로 815번지 선인금신명화라이브카페,UCpOCiLj9L_O5DUuPvH8A9_g,사랑해,2019-09-18T03:08:15Z,206,3.43,False,170,10,0,https://www.youtube.com/watch?v=xrhF0n9188k,627,440,PF245104,신명의 꽃 [충북],한국음악(국악),증평문화회관 대강당,2024-08-09,2024-08-10,,,,none,none,0,False,False,0,no_strong_signal,신호 없음
ctBIpU0Th-s,제 30회 충북대학교 합창단 홀리보이스 정기연주회 Butterfly.wmv, ,UCGSmVplgHYQOzYK4tzx4QJQ,이호원,2012-12-05T09:25:50Z,240,4.0,False,3419,2,0,https://www.youtube.com/watch?v=ctBIpU0Th-s,12,31,PF245104,신명의 꽃 [충북],한국음악(국악),증평문화회관 대강당,2024-08-09,2024-08-10,,,,none,none,0,False,False,0,no_strong_signal,신호 없음
Nz84Lf_xemg,2018년 1월 10일,,UCS-LgHdAJdHJkKXQwbh4c-Q,성주은,2018-01-10T00:58:39Z,57,0.95,True,51,0,0,https://www.youtube.com/watch?v=Nz84Lf_xemg,0,1,PF245104,신명의 꽃 [충북],한국음악(국악),증평문화회관 대강당,2024-08-09,2024-08-10,,,,none,none,0,False,False,0,no_strong_signal,신호 없음
vudm3pmb5F4,청주시립무용단 추석특별공연 사랑풍정 '춤:시선' 홍보 영상,"#청주시립무용단 #추석공연 #전체관람가

추석 당일 9월 10일 오후 4시에 열리는 추석특별공연 사랑풍정 '춤:시선'
명절을 맞아 고향을 찾은 귀성객과 청주시민을 위한 특별 공연!
김진미 예술감독의 독창적 안무와 청주시립무용단의 역동적인 군무가 있는 무대로 여러분을 초대합니다.
정가, 가야금, 피아노로 구성된 음악그룹 '구이임'이 출연하여
더욱 깊은 감명과 감수성을 즐기실 수 있습니다

* 공연명 : 청주시립무용단 추석특별공연
                  사랑풍정 '춤:시선'
* 일  시 : 2022. 09. 10.(토) 오후 4시 
* 전체관람가 
* 전석 무료(사전예매 가능)
*사전예매 1인 4매 한정(예매 티켓은 공연 시작 10분 전까지 수령해야 하며, 이후에는 예매좌석 무효 및 현장티켓으로 전환 배부)

예매: 공연세상 1544-7860

#청주시  #청주예술의전당 #구이임 #정가 #피아노 #가야금 #추석공연 #가족공연 #전체관람가 #춤시선 #청주시립무용단 #전석무료 #감성공연 #예술감독김진미 #한가위공연 #새로운시선의춤 #따뜻함이있는공연 #공연세상 #청주공연",UCpyaM8woA6_i9OLMFVsO-fw,청주시립예술단,2022-08-24T07:56:52Z,51,0.85,True,1364,28,,https://www.youtube.com/watch?v=vudm3pmb5F4,3090,649,PF245104,신명의 꽃 [충북],한국음악(국악),증평문화회관 대강당,2024-08-09,2024-08-10,,,,none,none,0,False,False,0,no_strong_signal,신호 없음
2H4iDGOhznw,마당놀이 '별에서 온 춘향이' - 연출 .각색 명창 조동언 교수. 춘향이 송문선,"2017년 1월4일 
안산 문화예술의 전당에서 마당놀이 '별에서 온 춘향이'가 최신 대중가요와 함께 뮤지컬 마당놀이 춘향전으로 새롭게 거듭나 정말 재미있고 멋진 공연이었습니다.

공연이 끝나고 나오는 관객들 입에서
'이번 공연으로 마음껏 웃어봤다' 며 정말
재미 있고 즐거운 명품 공연이었습니다.

특히 안산 국악 관현악단 최고의 연주와 어울어져 멋진 공연이었습니다

너무 재미 있게 보다 아까워 한번 찍어봐야겠다 해서 뒷부분에서 살짝 담아보았습니다. 
재미있고 흥겨운 앞부분 전부 보여드리지 못해 아쉽네요",UCpj4Or-OMcRHkGCTM0ekM7g,박두종,2017-01-05T11:32:01Z,33,0.55,True,257,4,0,https://www.youtube.com/watch?v=2H4iDGOhznw,78,95,PF245104,신명의 꽃 [충북],한국음악(국악),증평문화회관 대강당,2024-08-09,2024-08-10,,,,none,none,0,False,False,0,no_strong_signal,신호 없음
dEkqGz8pcVQ,경북예술고등학교 제3회 우리춤 우리가락 [전통 읻다] / 강선영류 태평무,"♬ 경북예술고등학교 제3회 우리춤 우리가락 [전통 읻다] ♬

⁕ 강선영류 태평무 (太平舞) / 재구성&지도 : 윤정옥

일    시 : 2022년 5월 19일(목) 오후7시
장    소 : 대구학생문화센터 대공연장
공    연 : 경북예고 한국무용단

https://www.facebook.com/gahs1965",UC4dRnlTEO4hc8Z0XsRArSKQ,경북예술고등학교 / GYEONGBUK ARTS HIGH SCHOOL,2022-05-27T01:18:53Z,498,8.3,False,983,13,0,https://www.youtube.com/watch?v=dEkqGz8pcVQ,1570,102,PF245104,신명의 꽃 [충북],한국음악(국악),증평문화회관 대강당,2024-08-09,2024-08-10,,,,none,none,0,False,False,0,no_strong_signal,신호 없음
S_R_gJz2VqI,대학로 극장 앞 상여 20159326,대학로 극장 앞 상여 20159326,UCq9-tBQR31uRYxhzrXQno_Q,Overman위버멘쉬,2015-03-26T17:34:47Z,41,0.68,True,28,0,0,https://www.youtube.com/watch?v=S_R_gJz2VqI,32500,15094,PF245104,신명의 꽃 [충북],한국음악(국악),증평문화회관 대강당,2024-08-09,2024-08-10,,,,none,none,0,False,False,0,no_strong_signal,신호 없음
Oqm2GPfQZ1g,강수현그랑발레예술제,갤러리아 아트홀,UCbB9KawiU-Awl8yqQ536JBA,수현,2018-12-24T06:33:34Z,237,3.95,False,214,2,0,https://www.youtube.com/watch?v=Oqm2GPfQZ1g,91,52,PF245104,신명의 꽃 [충북],한국음악(국악),증평문화회관 대강당,2024-08-09,2024-08-10,,,,none,none,0,False,False,0,no_strong_signal,신호 없음
Ouo6vCRDve8,남도소고 춤  (송파로 흥나들이) / 송파구립민속예술단 /   서울놀이마당 23.6.17,,UCqamIugpXutY0wIFR-jPPgw,종삼이,2023-06-17T23:37:33Z,464,7.73,False,240,4,0,https://www.youtube.com/watch?v=Ouo6vCRDve8,4610,2710,PF245104,신명의 꽃 [충북],한국음악(국악),증평문화회관 대강당,2024-08-09,2024-08-10,,,,none,none,0,False,False,0,no_strong_signal,신호 없음
d--HlGYIKJM,뮤지컬 MOG - Seasons of Love,"뮤지컬 ""Rent"" 넘버 중 ""Seasons of Love""",UCFQUQdR-2qf_iGh2CKqfJNw,MOG .KR.OFFICIAL,2018-10-31T06:07:32Z,168,2.8,False,121,3,0,https://www.youtube.com/watch?v=d--HlGYIKJM,45,40,PF245104,신명의 꽃 [충북],한국음악(국악),증평문화회관 대강당,2024-08-09,2024-08-10,,,,none,none,0,False,False,0,no_strong_signal,신호 없음
IHQ-A7bq6xQ,2019연대판굿-흔들리며 피는 꽃'해산' 스케치 영상,"2018. 10. 17.(목) 19:30 대구예술발전소 수창홀

대구민예총이 해마다 한국의 정세를 고스란히 담아내었던 대표공연 '흔들리며 피는 꽃'이 열여덟번째 판을 벌인다. ‘흔들리는 피는 꽃’의 시작은 송년연대판굿이라는 수식에 걸맞게 '양심수를 위한 시 와 노래의 밤', '슈퍼옥수수 통일아리랑'등 예술가들의 공동체성을 극대화한 총체극 양식의 대형공연이었다.

2019년, 사)대구민예총은 ‘해산-解産-解散’이라는 충격적 부제를 내건 연대판굿을 통해 관객들과 예술가들에게 묻는다. 1994년 창립이후, 긴 세월동안 대구문화예술의 최전선에서 역동적 활동을 펼쳐왔지만 사회변화를 쫓아가지 못하는 예술가공동체로써의 자기반성과 성찰, 재도약 여부가 실험적 공연형식 속에서 질문으로 드러난다.

2019년을 맞이하는 대구민예총의 브랜드공연 ‘흔들리며 피는 꽃’은 장르와 장르 사이, 무대와 객석을 이어놓는 경계를 풀어헤쳐 총체극 양식에 대한 탐구와 예술과 조직의 불협화음을 고스란히 드러내는 문제적 공연이 될 것이다.

---행사를 만든 사람들---

- 출연
김학수(오늘하루/기타)
김현진(보누스아트컴퍼니/무용)
노지원(NOJI/랩)
박정희 (민족춤위원회 대구지부/춤)
배한나(보누스아트컴퍼니/노래)
석경관(밴드 그리Go/드럼)
손영득 (대구경북독립영화협회/영상제작)
송광근(대구경북작가회의/작시)
술피아토합창단 (합창)
예재창(노래패 소리타래/베이스기타)
이보나(보누스아트컴퍼니/지휘,노래)
이상만(신매체연구소/작곡)
이은영(보누스아트컴퍼니/노래,편곡,작곡)
이재선(10월문학회/작시)
이정연(10월문학회/작시)
이철산(10월문학회/작시)
이현순(도도연극과교육연구소/낭송)
이호근 (풍물굿패 매구/장구)
이효정(보누스아트컴퍼니/노래)
임세범(TG breakers/비보잉)
장슬기(보누스아트컴퍼니/노래)
조승룡(보누스아트컴퍼니/노래)
주희숙(밴드 그리Go/피아노)
최수환(갤러리 도암한방/미술)
탁정아(극단 함께 사는 세상/건반)
형남수(우포 따오기춤 보존회/춤)
- 제작총지휘: 이대우(대구민예총 이사장)
- 예술감독-총연출: 이동우(밴드 그리Go 대표)
- 연출단:
이호근 (풍물굿패 매구 대표),
이보나(보누스아트컴퍼니 대표),
이양섭(술피아토 합창단)
- 기술감독: 이형우(re스튜디오 대표)
- 음향감독: 김영현(re스튜디오)
- 조명감독: 장민현
- 디자인: 디자인과수원
- 사진: 손병렬(사람과 마을 대표)
- 영상: 구한솔
- 설치: 문찬호, 하동구, 송원길, 서금석
- 홍보/행정: 한상훈(대구민예총 사무처장)",UCayIrOJ1xKlJAGW8E5Z2lrg,headif1,2019-10-28T04:17:00Z,316,5.27,False,266,7,0,https://www.youtube.com/watch?v=IHQ-A7bq6xQ,581,10,PF245104,신명의 꽃 [충북],한국음악(국악),증평문화회관 대강당,2024-08-09,2024-08-10,,,,none,none,0,False,False,0,no_strong_signal,신호 없음
iduo7r7z3oc,2014 한대부고 교내 합창제 - 1학년 7반 '지금 이 순간',,UC_x7wnel_p7h_OLCkmh6RXg,한대부고 방송부 HBS,2014-12-31T06:44:49Z,321,5.35,False,1875,5,1,https://www.youtube.com/watch?v=iduo7r7z3oc,1320,78,PF245104,신명의 꽃 [충북],한국음악(국악),증평문화회관 대강당,2024-08-09,2024-08-10,,,,none,none,0,False,False,0,no_strong_signal,신호 없음
Px69jHk9QKA,연극 리얼프렌드 (제3회 라온하제),"중요한 청소년 시기에 나에게는 무엇이 중요한가?
요즘 많이 보이는 학교폭력은 어떻게 생각하는 가?
나는 피해자인가?아니면 가해자인가? ...
혹시 방관자는 아닐까....?",UCPmkjYappZv5Pwp7QShA-yw,박희라,2018-11-07T00:43:51Z,3311,55.18,False,395,5,0,https://www.youtube.com/watch?v=Px69jHk9QKA,1,3,PF245104,신명의 꽃 [충북],한국음악(국악),증평문화회관 대강당,2024-08-09,2024-08-10,,,,none,none,0,False,False,0,no_strong_signal,신호 없음
PU7r1hx7YK0,제주사대부고 연극부 청소년연극제 #5,"총연출/대본 강은수
연출 /출연 강연진
연출/출연 임현영
연출 이여진
연출 송윤서 
음향 임현지 김혜인
무대미술 부성혁 김예슬 김지원
조명 김형주 백선미 홍수민
분장 이해린
출연 김서린 고민기 김유진 고 은 심영은 강원재 김혜원 양승현 김종민 이다운 김은혜

동백 : 기다림
줄거리 : 17살 누리는 우연히 할아버지 덕수의 일기장을 읽게된다. 하지만 일기장의 배경인 70년전으로 빨려들게 되고 제주 도민들을 만나게 되는데...

총연출의 변 
올해는 제주 4.3사건 70주년 입니다. 연극부 총연출로써 뜻깊은 연극을 준비해보고자 하여 이 연극을 계획했습니다. 제주사대부고 연극부 해원은 다른 연극부와의 차별성을 두기위해 극 대본부터 음향까지 창작했습니다. 제주 4.3사건은 아직도 해결되지 않은 문제입니다. 이미 70년의 세월이 지난 지금, 유골조차 찾을 수 없는 그 당시의 희생자분들, 50년 넘게 침묵해야 했던 그 날의 참상을 똑똑히 알릴 것입니다. 백비에 모든 희생자분들의 이름이 새겨지는 그 날까지, 제주사대부고 연극부 해원은 공연할 것입니다. 대한민국 오천만국민이 제주 4.3사건을 아는 그 날까지 멈추지 않을 것입니다. 마지막으로 저희 부원들의 꿈을 끝까지 지켜주신 강치영 선생님 감사드립니다.",UCktn8sSfQRdCUhnkJrZgo9w,강은츄,2018-06-09T06:02:48Z,592,9.87,False,152,1,0,https://www.youtube.com/watch?v=PU7r1hx7YK0,36,12,PF245104,신명의 꽃 [충북],한국음악(국악),증평문화회관 대강당,2024-08-09,2024-08-10,,,,none,none,0,False,False,0,no_strong_signal,신호 없음
4l7etjmP43I,외대 합창단-One day more(뮤지컬 레미제라블 중),외대 합창단,UC4Ux-G4Jqf2W3BEbthsd-Ng,창아,2013-01-13T17:17:29Z,258,4.3,False,5531,6,4,https://www.youtube.com/watch?v=4l7etjmP43I,16,8,PF245104,신명의 꽃 [충북],한국음악(국악),증평문화회관 대강당,2024-08-09,2024-08-10,,,,none,none,0,False,False,0,no_strong_signal,신호 없음
wzG0IufqjbY,2007 어울림 국악퓨전 창작뮤지컬 '은혜',"어울림 퓨전뮤지컬 '은혜'
2007년 9월 29일 삼육대강당

- 서울삼육고등학교 동문 어울림 여성합창단 -

페이스북 : www.facebook.com/oulim36
인스타 : oulim1995",UCuRYC2LDCjY4ohsSTN92nJg,어울림창작뮤지컬,2017-11-06T04:59:19Z,5749,95.82,False,65,1,0,https://www.youtube.com/watch?v=wzG0IufqjbY,109,182,PF245104,신명의 꽃 [충북],한국음악(국악),증평문화회관 대강당,2024-08-09,2024-08-10,,,,none,none,0,False,False,0,no_strong_signal,신호 없음
9vDYsKd5B54,인천서구생활문화축제 - (사)한국생활연극협회 : 대한민국생활연극제(동작팀),"2020 제2회 인천서구생활문화축제는,
한국생활연극협회와 연계하여 제2회 대한민국생활연극제를 개최하였습니다. 

총 6개팀이 출전하였고, 본 영상은 동작팀의 연극입니다.

3. 참가팀 : 동작
아트
- 야스미나 레자 작 / 진이자 연출
- 출연진 : 재숙(이재숙), 순복(이순복), 병숙(민병숙)




(재)인천광역시 서구문화재단
홈페이지 : http://www.iscf.kr
facebook : https://www.facebook.com/iscf2018
instagram : https://www.instagram.com/iscf.kr
E-mail : iscf@iscf.kr
Tel : 생활문화팀 070-4174-7614",UCPmTLZd8br-YhWIqIbePx3w,인천서해구문화재단,2020-10-21T13:21:26Z,4674,77.9,False,247,5,0,https://www.youtube.com/watch?v=9vDYsKd5B54,1410,458,PF245104,신명의 꽃 [충북],한국음악(국악),증평문화회관 대강당,2024-08-09,2024-08-10,,,,none,none,0,False,False,0,no_strong_signal,신호 없음
f62Qxf3_Uf4,음악방송 괴산홍보대사 가수신명화 ~ 회원들과 한끼. 님아뮤직 EMBC TV에서 나오는 여자의 아파트를 들으면서 2019.2.21.,"문의 010 3535 2814
구독하기 https://www.youtube.com/channel/UCcHy...
영상시청 http://www.embc.tv
페이스북 https://www.facebook.com/nimacast
님아카페 http://www.nima.kr",UCcHyqxgqM_60nZHYL9X16VQ,MT ENTERTAINMENT,2019-02-21T14:37:35Z,78,1.3,False,107,5,2,https://www.youtube.com/watch?v=f62Qxf3_Uf4,9620,11620,PF245104,신명의 꽃 [충북],한국음악(국악),증평문화회관 대강당,2024-08-09,2024-08-10,,,,none,none,0,False,False,0,no_strong_signal,신호 없음
KKLR-aR1DRw,[KBS무대] 출장가요 _괴산 몽도래 _만남,[KBS무대] 출장가요 _괴산 몽도래 _만남 _KBS 2022.04.08.방송,UC4caOcsOMKT5wPdG8oZd1-w,KBS무대를빌려드립니다,2022-04-17T22:00:10Z,313,5.22,False,195,7,0,https://www.youtube.com/watch?v=KKLR-aR1DRw,193000,2159,PF245104,신명의 꽃 [충북],한국음악(국악),증평문화회관 대강당,2024-08-09,2024-08-10,,,,mismatch,none,0,False,False,-2,delete_candidate,날짜 불일치(다른 회차 가능성)
I1B9rDPeE_I,[제3회 실버가요제](참가자)이용식 - 허무한 마음,"제3회 실버가요제
일시: 5월 9일
장소: 충주 문화회관

(참가자)이용식 - 허무한 마음",UChNE2dOb5LPv4TrCYKOa0ww,CCS충북방송,2023-05-25T03:30:05Z,212,3.53,False,2794,7,0,https://www.youtube.com/watch?v=I1B9rDPeE_I,12800,10115,PF245104,신명의 꽃 [충북],한국음악(국악),증평문화회관 대강당,2024-08-09,2024-08-10,,,,none,none,0,False,False,0,no_strong_signal,신호 없음
AMZea7swQNE,김건우.윤치환.(두남자),김종환 작/곡:사랑으로하나가되어.,UCG_Nfop9kmn_9z24a1yk9uA,일취월장,2018-10-10T23:19:04Z,360,6.0,False,2127,32,2,https://www.youtube.com/watch?v=AMZea7swQNE,221,115,PF245104,신명의 꽃 [충북],한국음악(국악),증평문화회관 대강당,2024-08-09,2024-08-10,,,,none,none,0,False,False,0,no_strong_signal,신호 없음
266EMTzFqF8,"CCS충북방송 MC.김건우,윤치환#노래가최우선 2020년 경자년 신년특집 둘이서,톡톡쏘는남자,당신은바보야,영원한친구메들리","괴산군 홍보대사 가수신명화 정주고울줄이야 여자의아파트 괴산사랑화이팅코리아 5번출구 미친도시,해운대의밤",UC2E0nigQuaPtZCQ7cLW5fFg,윤웅갑,2019-12-16T05:29:54Z,320,5.33,False,223,8,0,https://www.youtube.com/watch?v=266EMTzFqF8,212,104,PF245104,신명의 꽃 [충북],한국음악(국악),증평문화회관 대강당,2024-08-09,2024-08-10,,,,none,none,0,False,False,0,no_strong_signal,신호 없음
V_6ACMrICSc,#괴산군 #동부리 #꿈을주는교회(김인식목사님) #추수감사절찬송 #괴산군홍보대사 #가수신명화#소프라노,괴산군 홍보대사 가수신명화 정주고울줄이야 여자의아파트 괴산사랑화이팅코리아 해운대의밤 5번출구,UCpOCiLj9L_O5DUuPvH8A9_g,사랑해,2019-11-17T07:30:30Z,277,4.62,False,492,10,0,https://www.youtube.com/watch?v=V_6ACMrICSc,627,440,PF245104,신명의 꽃 [충북],한국음악(국악),증평문화회관 대강당,2024-08-09,2024-08-10,,,,none,none,0,False,False,0,no_strong_signal,신호 없음
3xmPkQ4Heqo,[TJB뉴스]한글날 황금연휴 가을축제 풍성,"【 앵커멘트 】

한글날인 내일부터 시작되는 
사흘간의 황금연휴, 
대전과 충남 곳곳에서 
풍성한 가을축제가 열립니다.

볼거리, 즐길거리가 
다양한 축제들을 
김석민 기자가 
전해드립니다.



【 기자 】

전국 각지에서 모여든 226개 문중의 행렬이 
끝없이 이어지며 장관을 이룹니다.

각 문중마다 장군과 선비 복장으로 가문에서 
배출한 위인들을 내세우며 가문의 영광을 높입니다.

전국 유일의 문중 축제인 대전 효문화뿌리 축제로 올해는 불효자 옥살이, 효가족 캠프 등 점차 잊혀져가는 효를 주제로 대전 뿌리공원과 은행동 스카이로드 일원에서 열립니다.

▶ 인터뷰 : 박용갑 / 대전 중구청장
- ""국가 유망 축제로 선정된 데 큰 의미가 있고요, 전국에 있는 문중의 어르신들과 청소년들이 함께 어우러지면서 서로가 소통하고 서로 다른 문화를 이해하는...""

서산 해미읍성에서는 조선시대로의 시간여행이 펼쳐집니다.

조선시대의 옥사체험과 당시 군사훈련인 강무 등 해미읍성의 600년 역사를 한 눈에 체험할 수 있습니다.

전국 최대의 자연산 대하 집산지인 태안 안면도 백사장항에서는 대하축제가 개막돼 다음달까지 계속됩니다.

맨손대하잡기와 물고기 잡기 등 체험 행사가 
다양합니다.

전국 춤꾼들의 경연장인 천안 흥타령 축제도 
이어져 흥겨운 춤의 향연이 계속됩니다.

특히 한글날은 국내외에서 모인 5천여명의 대회 참가자와 시민들이 화합의 춤을 추며 장관을 이루게 됩니다.

세종시 호수공원 일원에서는 한글의 우수성을 널리 알리고, 우리 민족의 얼을 담은 세종축제 행사가 사흘간 펼쳐집니다.

토요일에는 공주 신원사에서 명성황후 시해 120주기를 맞아 명성황후의 지시로 재건된 조선시대 제사처인 중악단에서 명성황후를 추모하고 고종황제를 기리는 추모대제가 열립니다.

TJB 김석민입니다.",UCfyY-4xoQHDlRvCIXPhlubQ,TJB NEWS,2015-10-09T12:13:35Z,124,2.07,False,449,0,0,https://www.youtube.com/watch?v=3xmPkQ4Heqo,168000,55405,PF245104,신명의 꽃 [충북],한국음악(국악),증평문화회관 대강당,2024-08-09,2024-08-10,,,,none,none,0,False,False,0,no_strong_signal,신호 없음
dTNGFwK7B7Y,"초대가수송경애-달구름 .2019 ccs 충북방송 김건우 윤치환 노래교실.촬영-꼬뿌니이,b.h 골키퍼 영상","초대가수송경애-달구름 .2019 ccs 충북방송 김건우 윤치환 노래교실.촬영-꼬뿌니이,b.h 골키퍼 영상",UCgyQSCJjy7zpbS5YUIOq9WA,B.H 골키퍼 T.V,2019-05-28T13:00:34Z,278,4.63,False,300,14,0,https://www.youtube.com/watch?v=dTNGFwK7B7Y,78400,32695,PF245104,신명의 꽃 [충북],한국음악(국악),증평문화회관 대강당,2024-08-09,2024-08-10,,,,none,none,0,False,False,0,no_strong_signal,신호 없음
qvB3wfNCuIc,(충주)주민자치 센터 프로그램 발표회｜대소원면｜풍물｜CCS충북방송,"(충주)주민자치 센터 프로그램 발표회｜대소원면｜풍물｜CCS충북방송 특집

2022 충주시
주민자치 센터 프로그램 발표회

대소원면 - 풍물",UChNE2dOb5LPv4TrCYKOa0ww,CCS충북방송,2022-12-30T12:30:30Z,392,6.53,False,141,1,0,https://www.youtube.com/watch?v=qvB3wfNCuIc,12800,10115,PF245104,신명의 꽃 [충북],한국음악(국악),증평문화회관 대강당,2024-08-09,2024-08-10,,,,none,none,0,False,False,0,no_strong_signal,신호 없음
UHm8DH8H9nY,광대!!!! 하루된 각설이가 선보이는 신선한광대 2주까꿍까꿍이가 이제 요만큼 ~굿👍,,UCaVDZZHiP4wONPt9zXgemDA,정경희 증평다인장구 아리아예술단,2022-09-25T12:49:04Z,228,3.8,False,672,23,7,https://www.youtube.com/watch?v=UHm8DH8H9nY,2000,569,PF245104,신명의 꽃 [충북],한국음악(국악),증평문화회관 대강당,2024-08-09,2024-08-10,,,,none,none,0,False,False,0,no_strong_signal,신호 없음
cCNVnvD-EPw,대전시민과 함께하는 제1회 충북향우회 한마당 축제,"충청북도 남부출장소는 남부3군(보은, 옥천, 영동)과 함께 대전 거주 충북주민을 위한 향우회를 개최했다.
‘대전시민과 함께하는 제1회 충북향우회 한마당 축제’가 지난 5일 대전대 종합운동장에서 개막식을 갖고 6일까지 이틀간 이어진다. 이번 한마당 축제는 주민간 소통과 화합을 이루고 지역의 농·특산물을 판매하고 홍보하는 기회의 장으로 활용했다. 
행사는 농악대의 풍물놀이를 시작으로 대북·진도북 공연, 감사패 전달과 표창 수여, 개막 테이프 컷팅, 체육대회, 한마음노래자랑 순으로 이어졌다.
참가자들로부터 많은 박수갈채를 받은 대북·진도북 공연은 모두를 신명나게 흥겨움 속으로 빠져들게 했다. 이어진 체육대회 행사는 모두가 함께 즐길 수 있도록 꾸며졌다. 화합을 이끈 단체줄넘기, 댄스와 함께한 OX퀴즈, 모두를 크게 웃게 만든 신발벗어 던지기, 마음껏 끼를 발산하는 노래자랑이 이어졌다.
이번 행사는 충북의 농·특산물 한마당 장터도 함께 열려 풍성한 가을의 정취를 흠뻑 느낄 수 있었다. 
설문식 충북부지사는 “남부3군은 대전과 이웃하고 있고 여러 사정으로 인하여 충북 주민들이 살고 있고, 그분들이 충북과 자주 만나는 기회를 갖고자하는 요청도 있어 이번행사를 마련했다”고 소개했다. 이어 크게 변모하는 충북의 위상은 외지의 충북연고 주민들 후원덕분이라며 격려를 아끼지 않았다. 

이번 충북도 향우회는 도민과 향우들에게 새로운 사회적 교류의 장을 제공해 행복한 추억을 만들도록 준비했다. 또한 향우회원들에게 지역의 우수 농산물을 저렴하게 구매할 수 있도록 했고, 충북인라는 자부심과 긍지를 갖는 기회를 제공했다.",UCdKY9-tW_eehZJGTArYNIcw,충북브레이크뉴스,2016-11-06T01:01:02Z,426,7.1,False,56,1,1,https://www.youtube.com/watch?v=cCNVnvD-EPw,1480,1689,PF245104,신명의 꽃 [충북],한국음악(국악),증평문화회관 대강당,2024-08-09,2024-08-10,,,,none,none,0,False,False,0,no_strong_signal,신호 없음
YhCLrzYvEcM,#어부바#장윤정🌸#장구나향기✨️#성서와룡고고장구🎊#퀸스로드공원 🌷#장미꽃축제#20230513#항상응원합니다🙌,,UCSvQodxS_lsNwsSjrVG2k5A,나향기tv,2023-05-14T07:31:18Z,31,0.52,True,4747,48,0,https://www.youtube.com/watch?v=YhCLrzYvEcM,542,106,PF245104,신명의 꽃 [충북],한국음악(국악),증평문화회관 대강당,2024-08-09,2024-08-10,,,,none,none,0,False,False,0,no_strong_signal,신호 없음
tgUFm1Dtb8g,증평장구ㅡ고고장구다인증평점 산타와친구들이 준비한선물함께 즐겨보실까요😉👌,"멈추지않고 항상 새로움을 추구하고 앞으로
힘차게 나아가는 아리아예술단이 되겠습니다ㆍ",UCaVDZZHiP4wONPt9zXgemDA,정경희 증평다인장구 아리아예술단,2021-12-18T06:46:29Z,216,3.6,False,1320,33,20,https://www.youtube.com/watch?v=tgUFm1Dtb8g,2000,569,PF245104,신명의 꽃 [충북],한국음악(국악),증평문화회관 대강당,2024-08-09,2024-08-10,,,,none,none,0,False,False,0,no_strong_signal,신호 없음
g-35rlROBPk,가수신순희 미운사랑 진미령 제327회 한국가수협회 금산문화 예술단 정기공연 스타효사랑 특설무대,가요TV방송영상명감독박동만 영상문의01090245997,UC1J3Pjib3GLP6G-MQ5zQfNQ,인천TV방송영상명감독박동만,2023-01-11T11:09:23Z,234,3.9,False,35,1,0,https://www.youtube.com/watch?v=g-35rlROBPk,16300,56992,PF245104,신명의 꽃 [충북],한국음악(국악),증평문화회관 대강당,2024-08-09,2024-08-10,,,,none,none,0,False,False,0,no_strong_signal,신호 없음
dHg05NzzCRo,윤다경공연9월10일 실버가요제,,UC34Is2NRXkQtAQPjwgBCfdQ,이쁜 꽃처럼~,2019-10-04T10:30:09Z,131,2.18,False,50,1,0,https://www.youtube.com/watch?v=dHg05NzzCRo,12,3,PF245104,신명의 꽃 [충북],한국음악(국악),증평문화회관 대강당,2024-08-09,2024-08-10,,,,none,none,0,False,False,0,no_strong_signal,신호 없음
ytUV5WEIudQ,영도 영상늬우스 2020년 1월 소식,"한 달간의 소식을 영상늬우스로
영도 영상늬우스 입니다.
1. 2020 경자년 소망기원 해맞이 행사
2. 2020년 주민과 함께하는 행복한 동행
3. KRX 통통꿈 놀이터 완공식
4. 설 명절 구청장 전통시장 방문 상인 격려",UCh6Fco-EsZnJxU3zMWR8Mng,영도구,2020-02-17T01:40:22Z,227,3.78,False,176,2,0,https://www.youtube.com/watch?v=ytUV5WEIudQ,1070,235,PF266311,제89회 익산시립합창단 정기연주회 [익산],서양음악(클래식),익산예술의전당 대공연장,2025-06-13,2025-06-13,,,,none,none,0,False,False,0,no_strong_signal,신호 없음
B_5WgW6KimU,2020더불어예술숲페스티벌 중동초등학교 오고무,,UCc9vO5QXS1GAEKPAnWtNxMw,안젤라,2020-10-26T08:20:00Z,390,6.5,False,418,9,1,https://www.youtube.com/watch?v=B_5WgW6KimU,36,21,PF266311,제89회 익산시립합창단 정기연주회 [익산],서양음악(클래식),익산예술의전당 대공연장,2025-06-13,2025-06-13,,,,none,none,0,False,False,0,no_strong_signal,신호 없음
vabXbxpQDLc,김신실 몸찬양,저 장미위 이슬,UCCB_QzAU9JFGxDuLlV4wl1w,SPAZIO_YUL,2013-05-23T02:45:09Z,203,3.38,False,276,0,0,https://www.youtube.com/watch?v=vabXbxpQDLc,6,558,PF266311,제89회 익산시립합창단 정기연주회 [익산],서양음악(클래식),익산예술의전당 대공연장,2025-06-13,2025-06-13,,,,none,none,0,False,False,0,no_strong_signal,신호 없음
1_wZfO8_o48,가수오대성 타이틀곡[엄마의계급장]사)한국연예예술인협회 정읍지회 기획공연 내장산(워터파크) 특설무대에서,,UCQ_z_AByis1CtXdLraBwKmg,가수오대성,2022-08-04T14:04:08Z,156,2.6,False,177,13,14,https://www.youtube.com/watch?v=1_wZfO8_o48,333,151,PF266311,제89회 익산시립합창단 정기연주회 [익산],서양음악(클래식),익산예술의전당 대공연장,2025-06-13,2025-06-13,,,,none,none,0,False,False,0,no_strong_signal,신호 없음
6IbtPiJvNQs,아카동산 - 탈춤 놀이  (20180818  2018 vocalasiafestival),aca dongsan - talchum(mask dance)  (20180818  2018 vocalasiafestival),UCS2HzHzjArOOJHmNS8clf4Q,jjo jjo,2018-08-22T06:45:03Z,130,2.17,False,154,1,0,https://www.youtube.com/watch?v=6IbtPiJvNQs,29,86,PF266311,제89회 익산시립합창단 정기연주회 [익산],서양음악(클래식),익산예술의전당 대공연장,2025-06-13,2025-06-13,,,,none,none,0,False,False,0,no_strong_signal,신호 없음
ndA--DHYKTE,예음클래식 대한민국 신인음악제 최우수 신인아티스트상 수상 진다연 (2021 영산아트홀),"Pianist 진다연

- 예음클래식 대한민국 신인음악제 최우수 신인아티스트상 수상 진다연
- G. Fauré   Impromptu No.2 in f minor, Op.31
- F. Chopin   Bolero in a minor, Op.19
- 예음클래식 선정 라이징 슈퍼스타 Top 5
- 2021.8.20 FRI 7:30PM  영산아트홀",UCFWD5_Fb8ARaNYQY1DFkD0A,예음클래식,2022-12-05T17:07:25Z,782,13.03,False,320,6,0,https://www.youtube.com/watch?v=ndA--DHYKTE,46,12,PF274198,제24회 대구시립교향악단 대학생 협주곡의 밤,서양음악(클래식),대구콘서트하우스 그랜드홀 (대공연장) ,2025-10-24,2025-10-24,,,,mismatch,none,0,False,False,-2,delete_candidate,날짜 불일치(다른 회차 가능성)
5GnXWRrvsNo,환상적 Fantastic,"Provided to YouTube by DFSB Kollective

환상적 Fantastic · 음악공무원 Gugak Official

환상적 Fantastic

℗ 2019 Gugak Official / CCMHUB

Released on: 2019-09-10

Main  Artist: 음악공무원 Gugak Official
Composer: 이정호 Lee Jeong Ho

Auto-generated by YouTube.",UCYO5Ul9JIBWrRHwv9qZzQlg,음악공무원 Gugak Official - Topic,2021-08-04T19:55:16Z,706,11.77,False,2083,17,0,https://www.youtube.com/watch?v=5GnXWRrvsNo,39,16,PF274198,제24회 대구시립교향악단 대학생 협주곡의 밤,서양음악(클래식),대구콘서트하우스 그랜드홀 (대공연장) ,2025-10-24,2025-10-24,,,,mismatch,none,0,False,False,-2,delete_candidate,날짜 불일치(다른 회차 가능성)
VBfiUPbOQo8,대우는 공무원으로..업무는 자유롭게?,"#윤영균 #대구시립예술단 #호봉제 #20호봉이상70%
#대구음악협회 #대구오페라축제 #대구시의회
#포항MBC #포항MBC뉴스 #MBCNEWS #포항뉴스

포항MBC NEWS 공식 유튜브 채널입니다.

▼포항MBC 계정 메시지나 댓글을 통해 제보해 주세요!

- 포항MBC 웹사이트 : http://www.phmbc.co.kr/
- 페이스북 : https://www.facebook.com/phmbcmagazine/
- 제보전화 : 054-289-0350
- 카카오톡제보 : 010-3301-7900
- 카카오톡ID : PHMBCJEBO
- 제보메일 : news@phmbc.co.kr",UCdcyo5bb--gqMzT95Yu1eXw,포항MBC NEWS,2020-10-11T23:56:38Z,208,3.47,False,4706,26,9,https://www.youtube.com/watch?v=VBfiUPbOQo8,64900,43706,PF274198,제24회 대구시립교향악단 대학생 협주곡의 밤,서양음악(클래식),대구콘서트하우스 그랜드홀 (대공연장) ,2025-10-24,2025-10-24,,,,none,none,0,False,False,0,no_strong_signal,신호 없음
FWmxmsEBLhA,제56회 청소년 협주곡의 밤 커튼콜 영상입니다,,UCMt9V7LRQKjEFQfaTyylL8Q,기도니(gidoni),2023-07-08T01:53:28Z,53,0.88,True,306,1,0,https://www.youtube.com/watch?v=FWmxmsEBLhA,199,791,PF274198,제24회 대구시립교향악단 대학생 협주곡의 밤,서양음악(클래식),대구콘서트하우스 그랜드홀 (대공연장) ,2025-10-24,2025-10-24,,,,none,none,0,False,False,0,no_strong_signal,신호 없음
TG1REOVSiPY,바이올리니스트 신지아 Zia Hyunsu Shin 대구시립교향악단 제488정기연주회,멘델스존의 날~,UC-ciGFELB3P3Vjx7DHelZNw,아뜰리에 파리 Atelier Paris ,2022-10-21T14:28:57Z,36,0.6,True,1536,22,1,https://www.youtube.com/watch?v=TG1REOVSiPY,1240,300,PF274198,제24회 대구시립교향악단 대학생 협주곡의 밤,서양음악(클래식),대구콘서트하우스 그랜드홀 (대공연장) ,2025-10-24,2025-10-24,,,,none,none,0,False,False,0,no_strong_signal,신호 없음
W3-YXZcPRYI,Carmina Burana.오 운명의 여신이여.창작무용.안성맞춤 아트홀 대공연장.국립합창단.라퓨즈필하모닉 오케스트라,,UCjthO1t71K2OtwZpteM_dkg,들꽃수산나(들꽃수산나),2025-12-07T09:58:54Z,117,1.95,False,324,4,0,https://www.youtube.com/watch?v=W3-YXZcPRYI,422,750,PF277125,"국립합창단, 카르미나 부라나 [안성]",서양음악(클래식),안성맞춤아트홀 대공연장,2025-12-05,2025-12-05,,,,none,none,0,False,False,0,no_strong_signal,신호 없음
gKDOedVK0Z4,"How to Start a Profitable Business Without Money, Experience, or Connections!","🚀Grow your YouTube channel with BrandLytics at: https://brandlytics.ai

✎ Get free access to our vault of PDF summaries for every YouTube video here: https://believe.evancarmichael.com/the-vault

✎ Check out my NEWEST video: https://goo.gl/E0eE6m

✎ You already have everything you need to start a profitable business from absolute zero. Your phone, your time, and your willingness to learn are far more valuable than startup capital. Many small businesses can be launched with next to no money because a lack of resourcefulness is the real reason people fail. Take inspiration from successful founders like Steve Jobs and Woz, who started Apple in a garage at age 20 by constantly acquiring a diverse set of skills. Even billionaire John Paul DeJoria started with just $700 while living in his car, selling Paul Mitchell hair care products door-to-door to local salons. Today, the internet is your neighborhood, and you can build high-paying digital agencies using free online tools.

✎ There are several highly profitable business models you can launch right now without spending a single dollar. You can become an AI operations consultant or a custom AI assistant builder to help local companies automate their workflows using free platforms. Another option is high-ticket remote sales, where you earn a 10% commission closing deals for experts on Zoom calls. You can also become a short-form video strategist for platforms like TikTok and Instagram, or help creators manage and monetize their email lists. Other great options include B2B lead generation on LinkedIn, becoming a no-code automation architect, working as a YouTube click-through rate specialist, managing paid online communities, or starting your own YouTube channel.

✎ While building these businesses, you must actively avoid the common money traps that keep entrepreneurs poor. Many people suffer from a scarcity mindset or falsely believe that money is not important for their mission. Others fall for get-rich-quick illusions, stagnate their learning, or let lifestyle inflation ruin their finances. To build a real enterprise, you must stop trying to do everything yourself, overcome your pride to ask for help, and stop waiting for an investor or bank loan to save you. True success comes when you take total responsibility, upgrade your daily habits, and turn your strategy into immediate action.

★ BOOKS ★
• Momentum: https://amzn.to/3kJZIAv 
• Build to Serve: https://amzn.to/3XZiCSg 
• Your One Word: https://amzn.to/3R9qVII 
• The Top 10 Rules for Success: https://amzn.to/3JcNZVe 
• 254 Confidence: https://amzn.to/3jdh9c2 

★ RECOMMENDED VIDEOS FOR YOU ★
If you liked this video, you'll love these ones:
• The Wealth Lessons It Took me a Lifetime to Learn! - https://youtu.be/oRA8f1UjsrQ
• The Greatest Wayne Dyer Lessons on Faith, Purpose and Peace - https://youtu.be/pti38pXeqU4
• This is Everything You Need to Become Mentally Strong, Focused & Free - https://youtu.be/uNjhgwmcwq0

⚑ SUBSCRIBE TO MY CHANNEL ⚑
If you want to do great things you need to have a great environment. Create one by subbing and watching daily. 
http://www.youtube.com/subscription_center?add_user=Modelingthemasters

ツ  CONNECT WITH ME  ツ
Leave a comment on this video and it'll get a response. Or you can connect with me on different social platforms too:
• Skool: https://www.skool.com/believenation
• Instagram: https://www.instagram.com/evancarmichael/
• TikTok: https://www.tiktok.com/@evancarmichael
• X.com: https://x.com/evancarmichael
• Linkedin: https://www.linkedin.com/in/evancarmichael/
• Facebook: https://www.facebook.com/EvanCarmichaelcom
• Website: http://www.evancarmichael.com 

-----------------------------------------------------------------------------

Thank you for watching - I really appreciate it :)
Much love,
Evan
#Believe",UCKmkpoEqg1sOMGEiIysP8Tw,Evan Carmichael,2026-07-07T07:15:28Z,12141,202.35,False,57969,495,132,https://www.youtube.com/watch?v=gKDOedVK0Z4,4590000,8457,PF221685,페페의 꿈 [상주],복합,상주문화회관 대공연장,2023-07-22,2023-07-22,,,,none,none,0,False,False,0,no_strong_signal,신호 없음
0RS3DwVTAyE,How to Use Leverage to Build Real Wealth (Instead of Working Forever) - Robert Kiyosaki,"🚀Grow your YouTube channel with BrandLytics at: https://brandlytics.ai

✎ Get free access to our vault of PDF summaries for every YouTube video here: https://believe.evancarmichael.com/the-vault

✎ Check out my NEWEST video: https://goo.gl/E0eE6m

✎ True wealth does not come from working hard at a regular job for forty years. Real wealth comes from learning how to use leverage to make money work for you. Robert Kiyosaki and his wife Kim once slept in a car, but they became millionaires by focusing on buying assets instead of liabilities. An asset puts money into your pocket every month, but a liability takes it away. By using good debt, other people's money, and automated systems, you can build a financial machine that pays you even while you are asleep.

✎ You do not need a brand new tech idea or a risky startup to find financial freedom. The ultimate shortcut to hitting your goals is buying a boring, unsexy business that already makes money, like a laundromat or a self-storage facility. Even Warren Buffett became the greatest investor ever by buying simple companies with a proven track record instead of building startups from scratch. These recessionproof businesses provide essential services that people always need, allowing you to collect stable profits from day one.

✎ Finding these opportunities is easy when you target old and simple business models that have weak marketing or poor technology. Many older owners are desperate to retire and are ready to use seller financing, meaning you can buy their company using its own future profits. When you look around your local community, just like Nina and I do, you will see tons of small businesses that are perfect for a buyout. Stepping into business ownership using small business loans and simple systems is the best way to buy back your time and change your future.

✎ To get more details on all the research and studies mentioned in this video check out the articles below:
https://www.acadian-asset.com/
https://www.henleyglobal.com/

★ BOOKS ★
• Momentum: https://amzn.to/3kJZIAv 
• Build to Serve: https://amzn.to/3XZiCSg 
• Your One Word: https://amzn.to/3R9qVII 
• The Top 10 Rules for Success: https://amzn.to/3JcNZVe 
• 254 Confidence: https://amzn.to/3jdh9c2 

★ RECOMMENDED VIDEOS FOR YOU ★
If you liked this video, you'll love these ones:
• How Steve Jobs Convinced the World He Was Right - https://youtu.be/5iOBJgr1YSI
• How to Build Wealth on a Low Income - Machiavelli 10 Brutal Strategies - https://youtu.be/j4Ct_5EoVUI
• How to ACTUALLY Get Rich When You Start With Nothing - https://youtu.be/k9I3L6nU9EI

⚑ SUBSCRIBE TO MY CHANNEL ⚑
If you want to do great things you need to have a great environment. Create one by subbing and watching daily. 
http://www.youtube.com/subscription_center?add_user=Modelingthemasters

ツ  CONNECT WITH ME  ツ
Leave a comment on this video and it'll get a response. Or you can connect with me on different social platforms too:
• Skool: https://www.skool.com/believenation
• Instagram: https://www.instagram.com/evancarmichael/
• TikTok: https://www.tiktok.com/@evancarmichael
• X.com: https://x.com/evancarmichael
• Linkedin: https://www.linkedin.com/in/evancarmichael/
• Facebook: https://www.facebook.com/EvanCarmichaelcom
• Website: http://www.evancarmichael.com 

-----------------------------------------------------------------------------

Thank you for watching - I really appreciate it :)
Much love,
Evan
#Believe",UCKmkpoEqg1sOMGEiIysP8Tw,Evan Carmichael,2026-07-08T07:15:20Z,2705,45.08,False,40766,361,38,https://www.youtube.com/watch?v=0RS3DwVTAyE,4590000,8457,PF221685,페페의 꿈 [상주],복합,상주문화회관 대공연장,2023-07-22,2023-07-22,,,,none,none,0,False,False,0,no_strong_signal,신호 없음
_GPyyiMJdAs,2015 신년대담  강인규 나주시장,2015 신년대담  강인규 나주시장,UC9QW9fzLeRQTaW1ix0AysNA,광주전남방송내고향TV,2015-03-04T12:15:57Z,1224,20.4,False,440,1,0,https://www.youtube.com/watch?v=_GPyyiMJdAs,208,63,PF221685,페페의 꿈 [상주],복합,상주문화회관 대공연장,2023-07-22,2023-07-22,,,,none,none,0,False,False,0,no_strong_signal,신호 없음
jSUt8Ekt990,🕵️‍♂️ The Patient in Room 18 - A Gripping Medical Mystery! 🔍💉,"🔎 **The Patient in Room 18 by Mignon G. Eberhart is a thrilling blend of **mystery, suspense, and medical drama! A deadly crime unfolds in a hospital, where secrets lurk behind sterilized walls. Will the clever nurse and her detective ally uncover the truth before it's too late? 🏥💀

💉 Story Highlights:
- A murder mystery set in a hospital! Who killed the patient in Room 18? 🏥
- Sarah Keate, a sharp-witted nurse, and Detective Lance O’Leary join forces to unravel a deadly conspiracy. 🔍
- Poison, deception, and hidden motives—this medical thriller will keep you on edge! 🕵️‍♂️
- Classic whodunit with an atmospheric hospital setting that intensifies the suspense! 😱
- From the celebrated mystery author Mignon G. Eberhart, often called the ‘Agatha Christie of America.’

📚 Perfect for fans of:
- Classic detective novels and mystery thrillers
- Medical suspense and gripping whodunit stories
- Works by Agatha Christie, Mary Roberts Rinehart, and Dorothy L. Sayers

🎧 Enjoy this thrilling audiobook and immerse yourself in a world of secrets, lies, and deadly consequences! Don’t forget to like, comment, and subscribe for more classic mysteries! 🔔📖

🔔 Subscribe for More:[https://bit.ly/StorytimeHavenOfficial](https://bit.ly/StorytimeHavenOfficial)

-The Memoirs of Sherlock Holmes 🔍 Timeless Cases of Deduction by Arthur Conan Doyle (https://youtu.be/TIOv2Yu18Qg)
-The Land of Mist 🌫️ A Supernatural Adventure by Arthur Conan Doyle (https://youtu.be/ZWczLhNdSY0)
-🔍 The Crime at Black Dudley 🕵️‍♂️ | A Classic Mystery by Margery Allingham (https://youtu.be/joaM5KlETp8)
-Clouds of Witness 🌥️🕵️‍♂️ | A Lord Peter Wimsey Mystery by Dorothy L. Sayers (https://youtu.be/X76NuejUlAA)
-The La Chance Mine Mystery 🏞️💎[https://youtu.be/AshavaZnTJY]
-Whose Body? A Lord Peter Wimsey Novel 🕵️‍♂️🔍 Mystery Unveiled! 📚 | Dorothy L. Sayers (https://youtu.be/FM2bnjXgyVY)
-The Four-Fingered Glove; Or, The Cost of a Lie 🕵️‍♂️💼 Mystery & Deception! (https://youtu.be/xd4cmygl4j8)
-Lady Molly of Scotland Yard 🕵️‍♀️🔍 A Thrilling Mystery by Baroness Orczy (https://youtu.be/iqk1bdxgxfQ)
-The Grey Woman and Other Tales 🌫️👻 | Elizabeth Cleghorn Gaskell (https://youtu.be/dseLRc4uMYk)
-Captain Blood ⚔️ A Swashbuckling Pirate Adventure by Rafael Sabatini (https://youtu.be/m1L8rFgAUgo)
- 🔍 The Brooklyn Murders | A Gripping Mystery by G. D. H. Cole 🕵️‍♂️ (https://youtu.be/hxETC8UMHls)
-🏠🔍 A House to Let: A Mystery Unveiled by Dickens, Collins, Gaskell & Procter 🌟📚(https://youtu.be/C8Gjgn5Rnc0)
-The Blue Lights: A Detective Story 🕵️‍♂️💡 | Classic Mystery Adventure! (https://youtu.be/WFgkcZ8G21c)
-🔍 An Eye for an Eye by William Le Queux | Mystery & Suspense Thriller 🕵️‍♂️[https://youtu.be/tPV_JgnSSwc]



📌  #ClassicMystery #Audiobook #Whodunit #CrimeThriller #MedicalMystery #DetectiveStory #MignonGEberhart #SuspenseNovel #FullAudiobook #DetectiveFiction #GoldenAgeMystery #ClassicCrime #MurderMystery #CrimeFiction #MysteryBook #ThrillerBooks #AgathaChristieFans #HospitalDrama #MysteriousDeaths #AudiobookLovers #HistoricalFiction #MustReadBooks #WhoKilledThePatient #CrimeInvestigation #bestaudiobooks 


**Navigate by Chapters or Titles:**
00:00:38 ﻿Chapter 1.
00:34:36 Chapter 2.
01:07:07 Chapter 3.
01:39:46 Chapter 4.
02:10:40 Chapter 5.
02:38:30 Chapter 6.
03:03:23 Chapter 7.
03:30:58 Chapter 8.
03:51:43 Chapter 9.
04:07:44 Chapter 10.
04:29:12 Chapter 11.
04:51:09 Chapter 12.
05:18:50 Chapter 13.
05:43:00 Chapter 14.
06:15:01 Chapter 15.
06:40:47 Chapter 16.
06:57:14 Chapter 17.
07:25:17 Chapter 18.",UCOps5_6IGFNcC4nY6t_2AoQ,Storytime Haven,2025-03-20T18:11:06Z,27682,461.37,False,16110,126,9,https://www.youtube.com/watch?v=jSUt8Ekt990,29100,534,PF221685,페페의 꿈 [상주],복합,상주문화회관 대공연장,2023-07-22,2023-07-22,,,,none,none,0,False,False,0,no_strong_signal,신호 없음
7NzzbOBp_W8,꿈을 꾼다 -서영은-,,UC4EikEzS_ZeeNJYsf3LYXGg,이정옥,2020-03-25T14:10:55Z,240,4.0,False,89,6,1,https://www.youtube.com/watch?v=7NzzbOBp_W8,544,558,PF221685,페페의 꿈 [상주],복합,상주문화회관 대공연장,2023-07-22,2023-07-22,,,,none,none,0,False,False,0,no_strong_signal,신호 없음
SBcWtaebfgU,정명훈 & 드레스덴 슈타츠카펠레 브람스 교향곡,,UCuD7sq1DPhBaxeuAPmpctJA,hongkid,2023-03-07T15:06:00Z,41,0.68,True,478,7,0,https://www.youtube.com/watch?v=SBcWtaebfgU,531,226,PF282047,"국립심포니콘서트오케스트라, 브람스, 교향곡 2번 [세종]",서양음악(클래식),세종예술의전당 대공연장,2026-01-27,2026-01-27,,,,none,none,0,False,False,0,no_strong_signal,신호 없음
ZsiVTs_5NDM,"운명같은 우정, 브람스와 베토벤의 만남! 🎼베토벤 교향곡 5번 | 라일란트 1분 PICK","📓 랜선콘강｜라일란트 1분 PICK

국심 일타강사 #다비트_라일란트 가 들려주는
[베토벤 교향곡 5번] 열강 노트 📑

이번 2월 10일 공연의 키워드 세 가지만 기억하세요!
#POWER_OF_MUSIC
#POWER_OF_RHYTHM
#FRIENDSHIP

치열하고도 아름다운 바이올린의 향연 🎻
'브람스 바이올린 협주곡 라장조 Op. 77'

라마에와 국립심포니오케스트라의 운명적인 조합 🫶
'베토벤 교향곡 제5번 다단조 Op. 67'

수백 년이 지난 지금까지도 
취향 저격인 브람스와 베토벤의 걸작, 함께해요! 💞

의상협찬 l @nutsauceclub @henrycottonskr

 🎫2.10 베토벤 교향곡 5번
https://c11.kr/knso_20230210",UCoMo9mcWR5f_pPjdbacLaIw,국립심포니오케스트라,2023-01-27T11:30:10Z,177,2.95,False,15828,29,0,https://www.youtube.com/watch?v=ZsiVTs_5NDM,49800,833,PF282047,"국립심포니콘서트오케스트라, 브람스, 교향곡 2번 [세종]",서양음악(클래식),세종예술의전당 대공연장,2026-01-27,2026-01-27,,,,none,none,0,False,False,0,no_strong_signal,신호 없음
cqdIgBiTyj0,Autumn leaves & can can (encore),"Live Performance at Seoul Arts Center with Gangnam Symphony Orchestra
예술의전당 11시콘서트 실황


Autumn leaves & can can (encore)
앵콜곡 : 고엽 & 캉캉

강남심포니오케스트라 / 예술의전당

Video Credit : Seoul Arts Center",UCq5cVqClHj6M0CnAET3vEmQ,Jakyung Year,2019-06-22T01:58:33Z,337,5.62,False,2462,51,9,https://www.youtube.com/watch?v=cqdIgBiTyj0,1570,34,PF282047,"국립심포니콘서트오케스트라, 브람스, 교향곡 2번 [세종]",서양음악(클래식),세종예술의전당 대공연장,2026-01-27,2026-01-27,,,,none,none,0,False,False,0,no_strong_signal,신호 없음
akA2swM5m5M,Brahms Triumphlied Op.55 Hengelbrock NDR-ElbPhilharmoniker,"Brahms Triumphlied Op.55 Hengelbrock NDR-ElbPhilharmoniker  
브람스-승리의 노래 Op.55 헹겔브로크*북독일방송-엘프필하모니
※엎로드영상184/쇼츠10/재생목록20/커뮤니티(사진30+)/정보! 
https://youtube.com/@Yuntoll11/shorts (가벼운 음악시식코너)
※업로드영상184개 *쇼츠영상10개(선율이 듣기 좋은곡들 선곡)
음악 본질에 집중하시고 조회수 많고 적음이 아니라 자신이 좋아
하는 음악을 발견하는 선구안이 필요합니다.조회수는 보조지표!

◈윤희강Yuntoll*(YuntollKlassikTV)~Subskriptions Welkom~
내채널은 비영리/비수익입니다! My Channel is a non-profit!

엎로드동영상 184개 전체보기&SNS교류(블로그/트위터)外
채널아트 상단에 내SNS사이트링크(5개)/동영상도 SNS링크
https://youtube.com/@Yuntoll11 ※더 많은 음악동영상 시청하기!

#Specialhitmusik #BestAlbumblatten #Orkestwelt #Концерт 
#Klassik #TonPoem #Sinfonie #Orkestmusik #Potpurri #Xop
#Symphony #BestVolkslieder #종교음악 #합창음악 #Lied #가곡
#Balletmusik #Incidentalmusik #Overture #극부수음악 #행진곡
#Waltz #Polka #Karajan #Polonaise #Mazurka #실내악 #관현악
#Chorwerk #Klassiek #Konzert #Marsch #Марш #협주곡 #음악
#Serenade #Volklore #Kammermusik #Skripka #Violin #Песня 
#Песни #Романс #Schlagermusik #ViolinCelloPiano #Dirigent   
#Mahler #Bruckner #Mahlerian #Brucknerian #Chambermusic
#Volksklassik #Volksmusik #인기동영상​ #오페라 #하프협주곡 
#Festival​ #Festmarsch​ #Tanzmusik​​ #Opera​​ #Operette​​ #Prelude​ 
#YoutubeClassic​​ #Choral​​ #Choralworks​​ #Orchestra​​ #Orchester​
#Violinkonzert #Klavierkonzert #Bach #Beethoven #Schumann
#RichardStrauss #JohannStrauss #Tchaikovsky #JoachimRaff
#Brahms #Schubert #MaxBruch #Dvořák #Liszt #Rachmaninov
#Haydn #Mozart #Borodin #Prokofiev #Scharwenka #NielsGade 
#Sibelius #Scriabin #CarlNielsen #Mendelssohn #Chopin #Fučik
#Smetana #Gliere #Schostakowitsch #ZubinMehta #CesarFrank 
#KurtAtterberg #RimskyKorsakov #Hummel #Telemann #Händel
#Mussorgsky #Taneyev #AlbanBerg #Stokowski #WillyBoskovsky 
#LisaBatiashvili #Wieniawski #Rossini #Yuntoll #YuntollKlassiktv 
#Rubinstein #Alfven #Bartók #Kalman #Elgar #Medtner #CarlOrff
#Varvara #IvanRebroff #GünterNoris #JamesLast #ClassicFM 
#Respighi #JanineJansen #JuliaFischer #Oistrach #Violinsonata 
#Pianosonata #Octet #Korngold #Arensky #Janáček #Romance                                
#LeonardBernstein #피아노4중주 #피아노5중주 #현악세레나데
#현악4중주 #현악6중주 #아리아 #민속음악 #세미클래식 #연주회

윤희강(Yuntoll)트위터(X)*https://twitter.com/Tolmania
윤희강(Yuntoll)페이스북I*https://facebook.com/Tolmania
윤희강(Yuntoll)페이스북II*https://facebook.com/Yuntoll111
윤희강(Yuntoll)핀터레스트1*https://kr.pinterest.com/Yuntoll
윤희강(Yuntoll)핀터레스트2*https://kr.pinterest.com/Yuntoll11
윤희강(Yuntoll)인스타(insta)*https://instagram.com/Yuntoll11
YuntollKlassiktv(페이지*Likes!)*https://facebook.com/Yuntoll11
한테크인(HANTHEKIN)*페이지*http://facebook.com/HANTHEKIN
한테크인(HANTHEKIN)*트위터*http://twitter.com/HANTHEKIN
윤희강Yuntoll(브랜드채널*핸들)*https://youtube.com/@Yuntoll11
윤희강Yuntoll(YuntollKlassikTV)*https://youtube.com/@Yuntoll11
HIEKANG YUN(일반채널*핸들)*https://youtube.com/@YUN.HIEKANG
윤희강(Yuntoll)핀터레스트1*https://pinterest.co.kr/Yuntoll
윤희강(Yuntoll)핀터레스트2*https://pinterest.co.kr/Yuntoll11
윤희강(Yuntoll)한테크인BLOG*https://blog.naver.com/yuntoll
윤희강(Yuntoll)한테크인*티스토리*https://Yuntoll.tistory.com
윤희강(Yuntoll)*Tistory티스토리*https://Yuntoll11.tistory.com
윤희강{Yuntoll}유튜브-브랜드채널(단축)*https://bit.ly/3ju6xRD
윤희강(Yuntoll)카카오스토리(kas):http://story.kakao.com/guutz
윤희강(Yuntoll)브랜드채널&HIEKANG YUN(유튜브1채널)운영자
윤희강{Yuntoll}브랜드채널&fb페이지:YuntollKlassiktv*관리자!
Yuntoll*페이스북 대그룹(20개)일부분을 내유튜브 정보에 링크!!
※녹색어린이 로고클릭/홈/동영상(업로드-영상184개 전체보기)
내채널은 비영리/비수익 채널입니다.My Channel is a non-profit!",UCehzMv6fhZmBQ2jpXWzG39g,윤희강Yuntoll,2021-05-05T07:59:41Z,446,7.43,False,287,7,7,https://www.youtube.com/watch?v=akA2swM5m5M,335,196,PF282047,"국립심포니콘서트오케스트라, 브람스, 교향곡 2번 [세종]",서양음악(클래식),세종예술의전당 대공연장,2026-01-27,2026-01-27,,,,none,none,1,False,False,1,no_strong_signal,신호 없음
Q8LHP9vUyB4,[아트컨버전스콘서트2022] Piano trio. 'Jazz Waltz' (D.Shostakovich) (Suite No.2),"◆ 이영은 피아니스트 ·연세대 박사과정 재학중 ·일본가와이 초청연주 ·추계예술대학교 4년장학생 졸업 ·연세대학교 피아노과 석사과정 졸업 ·대전예술의전당, 이음아트홀, 쏘울브릿지, 청주아트홀, 아트브릿지 등 솔로 및 앙상블 연주 ◆ 장현지 바이올리니스트 ·연세대 졸업 ·한국음악신문사콩쿨1위 / 서울내셔널음악콩쿨2위 ·서울심포니오케스트라 협연 ·Stephen purtsman과 협연 예술의전당 공연 ·Moscow philharmonia orchestra홀 연주 / 우크라이나평화기원음악회 협연 ◆ 백현경 첼리스트 ·현) 인천예술고등학교 강사 ·예원, 서울예고, 서울대 음대 졸업 ·K독일 뮌헨 국립음대 석사 졸업 ·금호아트홀 연세 귀국독주회 ·잘츠부르크 오케스트라 협연",UCATytGuZ0Pz342qg5aHydVA,문화저널21,2023-01-19T09:55:10Z,260,4.33,False,119,2,0,https://www.youtube.com/watch?v=Q8LHP9vUyB4,672,542,PF282047,"국립심포니콘서트오케스트라, 브람스, 교향곡 2번 [세종]",서양음악(클래식),세종예술의전당 대공연장,2026-01-27,2026-01-27,,,,none,none,0,False,False,0,no_strong_signal,신호 없음
gcAo90MYMiY,낭만음악의 대가 정명훈과 표현의 대가 드레스덴 슈타츠카펠레의 콜라보레이션 1화 | 클래식도슨트,"낭만음악의 대가 정명훈과 표현의 대가 드레스덴 슈타츠카펠레의 콜라보레이션

총 2부로 나눠서 진행할,
낭만음악을 더 낭만스럽게 만드는 지휘자 정명훈과 sotto voce의 대가 드레스덴 슈타츠카펠레의 브람스 교향곡 전곡 연주 그 첫번째 영상!

클래식 공연을 미리 준비해서 공연을 더 재미있게 볼 수 있는 클래식도슨트 지금 시작합니다!


0:00 Opening
0:19 about 정명훈
1:42 about Dresden Sttatskapelle
2:54 about J. Brahms
4:49 정명훈과 브람스

#클래식도슨트 #정명훈 #드레스덴슈타츠카펠레 #브람스교향곡 #브람스",UCCW7Q052yHBqTTskaRenQPg,클래식도슨트,2023-03-02T13:00:31Z,360,6.0,False,1092,40,1,https://www.youtube.com/watch?v=gcAo90MYMiY,2180,147,PF282047,"국립심포니콘서트오케스트라, 브람스, 교향곡 2번 [세종]",서양음악(클래식),세종예술의전당 대공연장,2026-01-27,2026-01-27,,,,none,none,0,False,False,0,no_strong_signal,신호 없음
YAPUl8ys2zc,예술의전당 콘서트홀 내부,,UCmCTCEjRjnLGJioHjH2HqsA,스르륵호르륵,2023-03-25T07:57:40Z,21,0.35,True,1062,1,0,https://www.youtube.com/watch?v=YAPUl8ys2zc,14,43,PF282047,"국립심포니콘서트오케스트라, 브람스, 교향곡 2번 [세종]",서양음악(클래식),세종예술의전당 대공연장,2026-01-27,2026-01-27,,,,none,none,0,False,False,0,no_strong_signal,신호 없음
ckf5h__Ce94,차이콥스키판 사랑과 전쟁 ❤️‍🩹 ｜ 본격 실화 로미오와 줄리엣 ｜ 망한 사랑 노래 전문 작곡가 🎶 |  슬기로운 감상생활,"🤓 슬기로운 감상생활 ｜ 차이콥스키 환상 서곡

차이콥스키가 말아주는 망한 사랑 노래 아니면 안 먹는다고 😭

음악가들의 이야기에 사랑 이야기는 필수?! ❤️‍🩹
차이콥스키가 가장 사랑했던 남자, 에두아드르와의 이별
충격에 빠진 차이콥스키는... 더보기 ✏️

차이콥스키 판 '로미오와 줄리엣' 3분 만에 완벽 이해하기 👩‍💻
시적이고 드라마틱한 ' 환상 서곡' 완전 👍이거야👍 이거 ..🤍

✨ 차이콥스키 사랑의 실패 기다리고 있었던 작곡가 🤔
✨ 몬테규와 캐플릿 가문은 '유니즌'(Unison) 전법으로 싸운다 🤺
✨ 러시아의 가장 아름다운 선율을 '잉글리시 호른'이 탄생시켰다?!

📍공연정보
공연명: 차이콥스키 발레 모음곡
공연일자: 2023. 5. 4. (목) 19:30
공연장소: 예술의전당 콘서트홀
지휘: 다비트 라일란트 첼로: 고티에 카퓌송
연주: 국립심포니오케스트라

📍프로그램
차이콥스키, 환상 서곡 '로미오와 줄리엣' 나단조 TH 42
대니 엘프만, 첼로 협주곡 *한국 초연
차이콥스키, 발레 '호두까기 인형'  & '잠자는 숲속의 미녀' 모음곡

📍티켓예매
합창석 오픈

👉 국립심포니오케스트라 바로가기
- 홈페이지 https://bit.ly/3jOih2l
- 페이스북 https://url.kr/4omrk1
- 인스타그램 https://url.kr/c5xtdn
- 카카오톡 친구 https://url.kr/n1wytg",UCoMo9mcWR5f_pPjdbacLaIw,국립심포니오케스트라,2023-04-19T09:00:20Z,176,2.93,False,3615,67,0,https://www.youtube.com/watch?v=ckf5h__Ce94,49800,833,PF282047,"국립심포니콘서트오케스트라, 브람스, 교향곡 2번 [세종]",서양음악(클래식),세종예술의전당 대공연장,2026-01-27,2026-01-27,,,,none,none,0,False,False,0,no_strong_signal,신호 없음
bqCvqL_GK5E,크로스오버 페스티발 Glinka Ruslan and Lyudmllia,"20181203

박완과 함께하는 크로스오버페스티발 

세종문화회관 대극장 

M.Glinka Ruslan and Lyudmllia  
Symphony

지휘 윤승업
크로스오버심포니오케스트라

프로듀서 전세아

2018 WAN PARK WITH CROSSOVER FESTIVAL

SEJONG GRAND THEATER


M.Glinka Ruslan and Lyudmllia  
Symphony

CONDUCTOR YOON SEONG UP 
CROSSOVER SYMPHONY ORCHESTRA

PRODUCER JEON SEA AH",UCQH5X7f_4K_dxmsUUFFK9zA,THE W,2019-01-19T06:27:02Z,317,5.28,False,146,8,,https://www.youtube.com/watch?v=bqCvqL_GK5E,408,63,PF282047,"국립심포니콘서트오케스트라, 브람스, 교향곡 2번 [세종]",서양음악(클래식),세종예술의전당 대공연장,2026-01-27,2026-01-27,,,,none,none,0,False,False,0,no_strong_signal,신호 없음
PqnxvO4WM6Q,라데츠키 행진곡-요한슈트라우스1세. 전주시립교향악단 상임지휘자성기선,,UCU59RretDbwVHhLMfxWECdw,용서합니다.,2023-01-01T03:38:57Z,194,3.23,False,82,2,0,https://www.youtube.com/watch?v=PqnxvO4WM6Q,4770,15447,PF282047,"국립심포니콘서트오케스트라, 브람스, 교향곡 2번 [세종]",서양음악(클래식),세종예술의전당 대공연장,2026-01-27,2026-01-27,,,,none,none,0,False,False,0,no_strong_signal,신호 없음
KEGNXLYdRUM,월드투어2016 공식스팟-Violinist Ji-Hae Park JHP -바이올리니스트 박지혜,"Ask, buy and experience all about her on JHP`s official website:

한국어/MAIN: http://jihaepark.com

English:         http://eng.jihaepark.com/

                     amazon: http://amzn.to/12lG9kf

                     iTunes: http://bit.ly/1yruyKR

Facebook:      https://www.facebook.com/jhpviolin

中国語:           http://cn.jihaepark.com/ 

E-Mail            hh@jihaepark.com
CD주문처:http://www.jihaepark.com/shop/item.php?it_id=1393582951
CD Available: http://www.jihaepark.com/shop/list.php?ca_id=e1
iTunes: https://itunes.apple.com/us/artist/ji-hae-park/id703295169
https://itunes.apple.com/us/album/concerto-for-violin-strings/id681456899?i=681457008&ign-mpt=uo%3D4

Violinist Ji-Hae Park was born in Germany.

In 2013 Ji-Hae released a solo CD with Universal Music (Black DECCA label) which became a Golden Disc and played as soloist with the Shanghai Philharmonic Orchestra the Shanghai Concert Hall in April, Seoul Philharmonic Orchestra in June in Seoul.
Not only as a musician, but also as a speaker, she was invited to the main TED Conference held in US in 2013 and got the standing ovation from all conference participants.
After her Debut as soloist with Mainzer Chamber Orchestra throughout Europe, just 14 years old, she currently manages over 150 invited concerts yearly. In her recent North-, and South America tour, she was invited to one of the biggest international arts festival FMX as the main artist followed after Cellist Yo-Yo Ma of last year. At the press conference in form of guerilla concert, competed 60 main stream to report her appearance. In addition to performing many solo recitals and concerts with orchestra throughout the world, Ji-Hae also performs in many churches, prisons, restricted facilities for Leprosy patients, hospitals to touch and heal the people with broken hearts and she is gathering big interest of not only classical music lovers but also all kinds of people. 
She plays the most historical fine violin together with the Stradivarius, known as the Petrus Guarnerius1735, Venedig which is on loan by the German Foundation (Deutsche-Stiftung-Musikleben) since 2003.  Her successful New York Debut at Carnegie Hall was documented by the New York Concert Review, ""Her stage persona is extremely charismatic and emotional, and she was able to bring out all the stylistic and dynamic contrasts of her varied composers."" Not only at Carnegie Hall, but also at Kennedy Center(D.C.) and Walt Disney Concert Hall(L.A.), Rokoko Theater(Germany)- just mention a few- she mastered a successful evening with her performance. She is often invited as the soloist of the National events which were usually broadcasted on national wide TV stations mostly in Korea.

For her extraordinary activity and influence, Ji-Hae was awarded with ""The Respectful Korean 2010 with Grand Prix"" and considered to be the youngest winner ever. This distinction is given to a Korean who has shown great leadership and influence in encouraging national development and integration for the benefit of the Nation. She is the Honorary Ambassador of the National Event 'Yeosu 2012 World Expo', World WIKE City Federation, Africa Future Foundation and Handong University.
Among many others, her most notable appearance was on the popular SBS TV show ""Star King"" 4 times and KBS TV show ""Lecture 100 °C"", ""Classic Odyssey"" etc. which led in the ratings and ranked 1st place in real-time search of portal site.  She is also named as the consultant of National G20 Policy Consultation from the Korean Presidential Office. Since her first Solo recording in Germany, as a 14 year old young violinist, she has recorded 9CDs and 2DVDs which exemplifies the breadth and depth of her musical experience in many genres from classical to Rock, traditional Korean folk tunes, gospel, etc. Ji-Hae arranges all of the colorful elements on each of her CDs, enjoys experimenting and modifying new musical selections to make the classical violin more accessible to audiences!

She was twice the 1st Prize winner of the National Music Competition of Germany Jugend musiziert in 2001 (in Solo) and 2002 (in Chamber music). In 2003, she won the 2nd prize including 3 special prizes at Remember Enescu International Violin Competition in Romania. Apart from those distinctions, she was awarded at the Kloster Schoental International Competition in Germany, Brahms International Competition in Austria, Andrea Postacchini International Competition in Italy, Juergen Sellheim Hannover Germany, Johann Georg Pisendel Dresden Germany, Pinchas Zuckerman Award for outstanding talent & potential. She was also honored as a ""ZIRP Fellow"" (the abbreviation of the Cutures-initiative of Rheinland-Pfalz`s culture in Germany). Recently she was invited as Jury for Malta International Music competition 2015, Italy. or order CDs by email: hh@jihaepark.com
공식쇼핑몰(한국): http://jihaepark.com/mall/shop/
네이버 스토어팜: https://bit.ly/2XNQiGb
쿠팡:                   https://bit.ly/2YnwsR5",UCZEcXyEuB7AILnaAwhsYiMQ,박지혜 TV 바이올리니스트 Violinist Ji-Hae Park,2016-06-20T01:35:46Z,41,0.68,True,1890,21,1,https://www.youtube.com/watch?v=KEGNXLYdRUM,120000,854,PF282047,"국립심포니콘서트오케스트라, 브람스, 교향곡 2번 [세종]",서양음악(클래식),세종예술의전당 대공연장,2026-01-27,2026-01-27,,,,none,none,0,False,False,0,no_strong_signal,신호 없음
Jn3bdDJt04M,"클래식 가슴으로 듣고 마음으로 담아내다, 이지혜, 바로크, 화려한음악, 베르사야궁전, 정원,조례,합주,협주곡, 바흐, 헨델, 모짜르트, 파파하이든, 놀람교향곡, 바로크, 루이16세","1장 클래식을 읽다

classic story 01 - 음악의 시작과 의미
- 음악의 시대가 열리고, 고대 그리스ㆍ로마 시대 음악
- 신들의 음악에서 인간의 음악으로, 중세 시대에서 르네상스로

classic story 02 - 클래식 음악의 시작
- 화려한 음악이 좋아!, 바로크 시대 음악
춤곡의 선구자, 비발디 / 클래식 음악의 선구자, 바흐 / 클래식 음악의 영원한 승부사, 헨델
- 그 자체로 빛나는 음악, 고전 시대 음악
교향곡의 새로운 지평을 연 하이든 / 고전 음악의 천재, 모차르트 / 음악가의 존재를 부각시킨 베토벤

classic story 03 19세기의 낭만 음악
- 문학에 담긴 또 다른 서정, 낭만의 시작
시를 선율로 옮긴 슈베르트 / 음악에 문학의 서정을 담은 멘델스존 / 아픈 영혼의 필치로 가곡을 만든 슈만
- 음악가의 영혼을 뒤흔든 최고 지성, 괴테와 클래식 음악
슈베르트, 『파우스트』를 가곡으로 / 리스트, 『파우스트』를 교향시로 / 말러, 『파우스트』를 거대한 교향곡으로
- 최고의 악기와 연주자, 비르투오소의 만남
신의 경지에 오른 바이올리니스트, 파가니니 / 잔잔한 내면의 극치, 쇼팽 / 다양한 색채의 슈퍼스타, 리스트
- 미래와 과거의 교차, 신고전주의 음악
고전 클래식의 부활, 브람스 / 예술의 총체인 음악극 창조, 바그너
- 새로운 음악 도시의 출현, 19세기의 러시아, 체코 음악
울적한 흐느낌의 완성, 차이콥스키 / 웅장함과 순박함의 절정, 드보르자크
- 아름다운 풍경과 정서의 표현, 국민주의 음악
- 몽환적이고 신비한 느낌이 좋아, 인상주의 음악
독특한 음색의 환상적인 연출, 드뷔시
- 새로운 클래식 음악의 등장, 19세기 음악의 종결자
슬픔을 넘어선 화려한 음악, 말러

2장 클래식을 듣다

classic story 04 클래식 음악의 동반자, 악기
- 줄의 미학, 현악기
악기계의 여제, 바이올린 / 악기계의 미친 존재감, 비올라 / 저음부의 마왕, 첼로와 더블 베이스 / 악기계의 여신, 하프 / 작은 오케스트라, 기타
- 소박한 서정미를 담은 악기, 목관악기
부드러운 청아한 음색, 플롯 / 기품 있는 악기, 오보에와 잉글리시 호른 / 표현이 풍부한 악기, 클라리넷 / 신비로우면서도 익살스런 악기, 바순
- 웅장함의 대변자, 금관악기
영광과 승리의 악기, 트럼펫 / 견고한 저음을 내는 트롬본과 튜바 / 감정의 여백을 표현하는 악기, 호른
- 생명의 리듬, 타악기
오케스트라에 힘을 불어넣는 팀파니 / 기분 좋은 매력을 선사하는 스네어 드럼
- 소리의 팔방미인, 피아노
클래식 음악의 로망, 쳄발로 / 오케스트라의 축소판, 피아노

classic story 05 살아 있는 악기, 목소리
- 자연의 악기, 살아 있는 악기, 목소리의 연주
가장 밝고 화려한 여성의 소리, 소프라노 / 소프라노를 긴장시키는 소리, 메조소프라노 / 섬세함이 빛나는 테너 / 가슴 깊이 파고드는 차분한 바리톤 / 모든 소리를 받쳐 주는 베이스

3장 그리고 클래식을 느끼다

classic story 06 음악회의 종류
- 하나의 소리가 만들어 낸 순수한 울림, 독주회와 독창회
솔로, 본연의 음색이 들리는 음악회 / 듀오, 팽팽한 맞섬과 조화
- 선명한 음색을 감상하는 음악회, 실내악
3중주(trio), 청중을 위해 시작된 연주 / 현악 4중주, 가장 완벽한 실내악 / 피아노 4중주와 5중주, 감성의 풍부한 표현 / 5중주(quintet), 숨결로 연주하는 관악기의 향연 / 현악 6중주와 9중주, 교향악에 버금가는 실내악
- 솔리스트가 빛나는 연주, 협주곡
- 모든 악기가 살아 춤추는 연주, 오케스트라와 교향곡
교향곡이 우뚝 서기까지, 신포니아 & 교향곡 / 클래식의 구약성서, 베토벤의 9개 교향곡 / 19세기는 교향곡의 황금기, 낭만 시대의 교향곡
- 연주자와 관객의 메신저, 지휘자
지휘자, 클래식 무대 위에 오르다 / 최초의 전업 지휘자, 뷜로 / 악장 사이의 박수를 금지시킨 푸르트벵글러 / 악보에 충실한 지휘자, 토스카니니 / 눈을 감고 지휘하는 폰 카라얀 / 음악을 삶의 철학으로 승화시킨 첼리비다케 / 클래식 음악의 저변을 넓힌 번스타인 / 클래식 음악을 이끄는 2세대 지휘자

classic story 07 장대한 종합예술, 오페라
- 피렌체에서 피어난 오페라, 오페라의 기원과 역사
- 음악을 연기하는 무대, 오페라의 의의
- 아는 만큼 들린다, 오페라 즐기기
최초의 오페라 이야기 / 오페라의 정석을 확립한 베르디 / 관객을 오페라의 주역으로 이끈 푸치니

클래식음악상식
- 떼려야 뗄 수 없는 인연, 음악과 춤
- 교향곡의 소프트웨어, 소나타 형식
- 클래식 음악에 담긴 자연
- 클래식 음악과 밀접한 왈츠와 발레
- 음악의 역사를 바꾼 악보와 출판
- 클래식 음악에 등장하는 동물 그리고 악기
- 클래식 음악은 제목이 왜 그래요?
- 음악을 영원히, 클래식 음반의 역사
- 음악회, 이것만은 알고 가자!
- 팸플릿 사용 설명서
- 나인(9) 심포니의 저주
- 새해 첫 음악회, 빈 필의 신년음악회
- 추천합니다! 상식으로 꼭 알아야 할 오페라

찾아보기_ 해설이 있는 책?속의 클래식 음악
책 속으로
15~16세기부터는 많은 사람들이 춤을 즐기기 시작했고, 음악과 춤의 결합이 더 강력해졌습니다. 귀족들은 본인들이 직접 춤을 출 수 없을 때에는 악사와 무용수를 불러 춤곡(음악)만 감상할 만큼 춤에 대한 욕구와 애정은 컸습니다. 노래 중심의 음악 활동이 춤 반주를 위한 기악음악으로 확대되면서 점차 독립적인 연주가 가능해진 것입니다.
모차르트의 음악은 시시때때 변하고 안팎이 다르기도 한 우리네 삶의 모순된 감정을 꿰뚫어 보는 듯합니다. 밑그림이 훤히 들여다보이는 수채화 같은 음악이지요. 하지만 계속해서 듣다 보면 사랑에 대한 갈망, 자신의 외모와 신체에 대한 콤플렉스 등을 발견하게 됩니다. 그래서인지 그는 애호가들 사이에서 ‘가장 솔직하지 못한 작곡가’로 꼽히기도 합니다.
평생 성 정체성에 대해 혼자만의 고민을 안고 살았던 그가 자신의 동성애 사실이 발각되기 전 자살을 강요받았을 것이라는 설입니다. 이는 그의 최후 작품인 비창 교향곡곳곳에서 엄습하는 죽음의 그림자를 느낄 때마다 더욱 힘을 얻는 듯합니다. 탄식하는 듯한 어조로 시작하는 비창 교향곡은 그 어느 때보다 감정 기복도 심하게 드러나고, 불규칙한 리듬으로 불안한 마음을 더욱 고조시킵니다.
음색의 다양함 덕분에 금관 5중주뿐 아니라 목관 5중주에도 호른은 빠지지 않습니다. 쓴 약도 달게 먹을 수 있게 만드는 감초처럼 두 편성 모두에 적절한 미감을 제공하는 악기인 셈입니다. 호른 연주자들 역시 인간관계 면에서 두루 친하고 성격 좋은 연주자가 많다고 합니다. 다루는 악기에 따라 성격도 다르다니, 악기를 선택할 때 고려해 봄직한 부분입니다.
잘 훈련된 바리톤은 성숙한 남성성을 상징하는 음색을 지니게 됩니다. 폭이 넓고, 정력적이며 위협보다는 안정적인 느낌을 주는 음색입니다. 이런 특징은 오페라의 배역에도 그대로 반영됩니다. 사려 깊고 노련미를 지닌 남자, 용기와 강직함을 지닌 남자, 자신감 넘치는 강한 성격의 남자를 주로 맡습니다. (pp.47～224) 닫기
출판사 서평
이 책은 클래식 음악에 대하여 편안하면서 감성적인 느낌으로 접근할 수 있도록 한 클래식 해설서이다.
클래식 해설가이자 대학에서 교수로 활동하고 있는 저자는 그간의 강연에서 큰 반향을 불러일으켰던 클래식 음악의 역사와 흐름, 작곡가들의 생애와 작곡에 얽힌 흥미진진한 이야기, 악기들의 특징과 구성, 연주회와 오페라 등의 내용을 다시 정리하고 세밀하게 보완하여 한 권의 책으로 선보이게 되었다. 이 책을 통하여 클래식에 대한 다양한 호기심을 충족시키고, 마치 공연장에서 해설을 듣는 것처럼 친절한 음악 이야기를 들을 수 있다.
무심코 우리의 귓가에 스미는 클래식 음악은 묻어둔 감정을 끌어내는 소중한 단초이다. 이 책은 저자의 솔직담백한 음악 이야기로 그렇게 잊고 지내던 감정을 이끌어내며 클래식 음악 곁으로 우리를 이끈다. 난해한 음악용어 대신 느낌으로 풀어내 클래식 음악이 더 이상 어렵지 않다는 것을 일깨우는 이 책은 어느 곳을 펴서 읽어도 편하게 다가온다.

◇ 저자의 말

이 책은 그동안 많은 사람들과 나누었던 저의 클래식 해설을 정리한 것입니다. ‘클래식 음악은 어렵다’ ‘지루하다’는 등의 막연한 오해와 거리감을 느끼고 있는 분들에게 해 드리고 싶은 이야기들입니다. 클래식 음악에 다가가고자 하는 분들의 걱정은 익숙하지 않은 것에 대한 생소함과 두려움이 음악에 마음을 실을 수 없게 만들어요. 음악은 작곡가의 눈길과 마음이 만들어 낸 것이지만, 우리의 마음이 머물 수 있는 그릇입니다. 쨍한 햇살처럼 아름다운 소리, 아프고 눈물이 날 것 같은 소리, 나도 모르게 발 박자를 구르게 되는 소리 등등. 우리의 모습이 담긴 클래식 음악상자를 열어 보시길 바랍니다.

◇ 출판사 리뷰

답답한 속내를 털어놓고 마음을 쉬게 할 무엇을 찾을 때,
오롯이 홀로 즐길 수 있는 놀이에 익숙해질 필요가 있을 때.
클래식, 가슴으로 듣고 마음으로 담아내다를 권합니다!

이때, 클래식 음악을 듣는 건 어떨까? 막연히 어렵고 지루하다고 여기는 클래식 음악을 새롭게 느끼게 해 줄 친절한 가이드가 있다면, 혼자서도 충분히 클래식의 세계로 발을 들여놓을 수 있다. 여기 10년을 넘게 무대에서, 강연장에서 클래식 음악을 해설하고, 연주해 온 저자가 정리한 ‘클래식과 친해지는 가장 쉬운 방법’을 담은 한 권의 책이 있다.

이 책도 여는 입문서처럼 음악사로 시작하지만, 어려운 음악용어를 내세워 이야기하지 않는다. 생소함은 곧 어려움으로 이어지므로, 저자는 공감하기 쉬운 느낌으로 음악사와 음악가, 기악과 성악을 풀어낸다. 저자가 취한 공감의 방법은 ‘이해와 교감’이다. 이는 음악을 만든 사람에 대한 이해로 시작한다. 보통의 사람들이 내면의 은밀한 사연을 일기장에 옮겨놓듯, 음악가는 음악에 그들의 내면을 담는다. 그래서 음악에는 사랑, 그리움, 열망, 좌절, 소망하는 사람의 마음이 살아 있기 마련이기에 클래식 음악은 책으로 공부하여 배우는 것이 아니란다. 음악가가 살았던 상황을 설명하고, 음악가의 마음이 어떠했을까를 살핀 다음 본격적으로 음악 이야기를 꺼내어",UCNGSspAjPMNkuJwwTeJ-Buw,흉터침튼살침,2022-07-14T22:11:34Z,1700,28.33,False,35,2,0,https://www.youtube.com/watch?v=Jn3bdDJt04M,6540,9101,PF282047,"국립심포니콘서트오케스트라, 브람스, 교향곡 2번 [세종]",서양음악(클래식),세종예술의전당 대공연장,2026-01-27,2026-01-27,,,,none,none,0,False,False,0,no_strong_signal,신호 없음
0ykmICyeMog,청주시립교향악단 클래식디저트ㅣ생방송활기찬저녁ㅣMBC충북ㅣ230329,"청주시립교향악단 클래식디저트ㅣ생방송활기찬저녁ㅣMBC충북ㅣ230329

#청주시립교향악단 #클래식디저트 #생활력",UCKvnHmqJvQQ9osEO1qRz9nA,안녕!MBC충북,2023-03-30T10:30:00Z,253,4.22,False,511,6,0,https://www.youtube.com/watch?v=0ykmICyeMog,163000,10494,PF282047,"국립심포니콘서트오케스트라, 브람스, 교향곡 2번 [세종]",서양음악(클래식),세종예술의전당 대공연장,2026-01-27,2026-01-27,,,,none,none,0,False,False,0,no_strong_signal,신호 없음
JXbDnTlvWiI,Hyunjung Gloria -Chopin Nocturne op.9 no.2 쇼팽 야상곡 2번 피아니스트 김현정 글로리아 추천 피아노솔로 위로 Consolation,"www.pianistkimhj.com
pianistkimhj@gmail.com
010 4211 8130
pianistkimhj@gmail.com
010 4211 8130
pianistkimhj@gmail.com
미국 카네기 아이작스턴홀 초청 리사이틀과 국내에서는 예술의전당 귀국 독주와 IBK홀 3회의 리사이틀을 통해 티켓 매진의 신화를 기록하며 청중들에게 연주자로서 큰 사랑을 받고 피아니스트 김현정 글로리아는 현재 음악평론가로도 활동하고 있으며 후학을 양성하며 다양한 영역에서 활동하고 있다.

피아니스트 김현정 글로리아는 Must-Hear 1 Consolation 위로 9곡의 수록 1집 앨범과 JJ Piano Duo (김현정 글로리아&유시연)의 2장의 정규앨범과 김현정 글로리아& 한가영의 싱글 듀오 앨범을 발매했다. 또한. 차이코프스키 사계 중 ‘가을’과 쇼팽의 ‘강아지 왈츠’를 뮤직비디오로 출시하면서 영향력 있는 피아니스트로 클래식 애호가들의 사랑으로 받고 있다.
2018년 카네기 아이작스턴홀 초청 리사이틀, 국내에서는 예술의전당 귀국독주와 IBK홀 3회의 리사이틀을 통해 티켓매진의 신화를 기록하며 청중들에게 큰 사랑을 받았던 피아니스트 김현정이 ‘북서울 꿈의숲 아트센터’에서 특별한 연주를 준비했다. 김현정은 선화예술 고등학교를 나와 이화여대 음대 및 동 대학원을 졸업하고 Indiana University 석사과정 및 최고연주자과정(P.D)을 통해 연주자의 길을 정석으로 걸어왔다. 뿐만아니라 다수의 콩쿠르에 출전한 그는 미국 American Protege 국제콩쿠르 피아노 1위 및 실내악부문 1위, 미국 Bradshaw & Buono 피아노국제콩쿠르 2위, Grand Prize virtuozo 국제콩쿠르 2위와 피아노 듀오 3위, Golden classical music awards 국제 콩쿨 2위와 피아노듀오 3위, Kayabuki ongakudo 국제듀오콩쿨 3위, 일본 Osaka 국제콩쿠르 실내악부분 Avenir Prize 특별상 수상 등 콩쿠르에서 우승을 차지하거나 입상하는 등 자신의 기량을 시험대에 올리면서 늘 갈고 닦았다. 
그가 거쳐온 극장도 보통 극장들이 아니다. ‘2017년 미국 카네기홀 입상자 연주회초청리사이틀’, ‘2018년 카네기홀 2천석규모 여름갈라콘서트 초청연주회’, ‘2018년 카네기홀 weil 리사이트홀 국제콩쿨 2위 입상자연주회’, 2018년 캐나다 에드먼턴 쇼팽협회 초청 리사이틀 등 화려한 무대를 펼쳐왔다. 국내 무대는 또 어떨까? 2011년 예술의전당 리사이틀홀에서 귀국독주회를 시작으로 2013년, 2016년에는 예술의 전당 IBK챔버홀에서 독주회를 가졌으며, 2016년에는 부산문화회관 중극장과 예술의전당 IBK챔버홀, TLI 기획공연 초청리사이틀을 하였다. 2017년에는 성화소사이어티 쇼팽시르즈한국MT-170 스타인웨이피아노 런칭 초청콘서트와 세계적인 성악가와만남 ‘김현정 글로리아의 스페셜 콘서트’, 2017년 서울 피하모니안즈오케스트라와 협연하여 바하음악 바로크음악을 예술의전당에서 선보였으며, 2018년에는 월간리뷰뮤직초청으로 ‘다사다행콘서트’, ‘카푸치노카페살롱콘서트’의 공연을 열었고, 2019에는 프라움 악기박물관 바이올리니스트 김캐런& 피아니스트 김현정 초청리사이틀과 2019년 예술의전당 기획공연 수요 아티스트라운지의 예술가로 초청되는 등 다채로운 연주 경력을 쌓아왔으며 부산시향, 프라임필하모닉오케스트라, 세종오케스트라, 시티필하모닉오케스트라, 몰도바방송교향악단등의 협연도 셀 수 없이 많다.
게다가 그녀는 콩쿨과 공연외 음반부분에서도 이름을 알렸다. 2018년 ‘피아니스트 김현정글로리아 추천솔로 앨범1 ’Must-Hear (consolation위로)‘을 발매 했고, 2019년 JJ Piano Duo의 앨범 'Romance Sketch: Emotional Track (Brahms Waltz) 전곡 완주앨범’을 발매했다. 또한 ‘Modern Sketch’ 싱글 앨범도 발매했으며 브루크뮐러 25개 연습곡이 곧 발매 될 예정이다. 차이코프스키 가을의노래 뮤직비디오를 출시하는 등 음반 분야까지도 섭렵하며 완벽한 피아니스트로서 자리매김하였다. 
그리고 그녀는 연주자로 활동함과 동시에 아르템 공연 예술 기획 대표로서 아르템이지오페라시리즈 - 오페라 라트라비아타, 사랑의묘약, 피아니스트 김현정 톡톡 하우스 콘서트, 영상과 함께하는 ‘영화속 쇼팽’, ‘쇼팽과 사랑에 빠지다’ 등을 기획 했다. 다재다능했던 그녀는 2016년부터 월간리뷰 음악칼럼니스트로 평론을 기재하기 시작하였고, 2016년 비엔나 국립음대 써머마스터클래스에 교수로 초청을 받은 후 2017년에도 러시아 야쿠츠크국립대학 써머페스티벌 교수진으로 초청되어 교육 분야에서도 활약하였다. 피아니스트 김현정은 현재 명지대학교 문화예술대학원 겸임교수, 서울장신대학교 콘서바토리 교수, 대구카톨릭대 외래교수를 역임하고 선화예술 중 고등학교의 강사로 출강하는 등 후학을 양성하고 있으며 월간뮤직리뷰의 칼럼니스트로 활동 중이다",UCpA_elITsrOLaCyOA42qqxQ,Pianist HyunJung Gloria김현정 글로리아,2019-03-08T09:01:22Z,275,4.58,False,489,14,2,https://www.youtube.com/watch?v=JXbDnTlvWiI,1050,586,PF282047,"국립심포니콘서트오케스트라, 브람스, 교향곡 2번 [세종]",서양음악(클래식),세종예술의전당 대공연장,2026-01-27,2026-01-27,,,,none,none,0,False,False,0,no_strong_signal,신호 없음
fH7k_TE3nWg,Gloria Hyunjung- Schumann Traumerei 슈만 트로이메라이 김현정 글로리아,"문의01042118130 #피아니스트김현정글로리아  #서울영재피아노아카데미교수 #선화예중피아노입시 #음악평론가김현정글로리아 #피아니스트김현정 #피아노입시 #피아노전공레슨 #선화예고피아노강사 #송파피아노입시 #국제콩쿨심사위원 #송파피아노레슨 #야마하연습실 #스타인웨이연습실 #제이콥스뮤직홀 #음악칼럼니스트김현정글로리아 #명지대학원문화예술대학원피아노페다고지교수 #피아노페다고지교수  #서울장신대콘서바토리교수 #서울대피아노과합격 #서울대대학원피아노과합격  #이대피아노합격 #중앙대합격 #이대페다고지합격  #선화예고합격 #서울예고합격  #한예종피아노과합격 #피아노레슨 #이대대학원피아노합격 #서울영아티스트국제피아노콩쿠르  

#숙대대학원합격 #이대대학원합격 
#한양대합격 #국민대합격 #연세대박사합격피아노     #삼호뮤직콩쿨대상 #비엔나국제음악캠프 교수 #유로아트캠프 교수  #연천MK캠프 교수 #카네기홀콩쿨입상 #국제콩쿨입상 #롯데콘서트홀신진아티스트 #롯데콘서트홀기획콘서트선정 #스타인웨이홀전문강사 #제이콥스뮤직홀 #뵈젠도르퍼홀리사이틀 #서울예고합격피아노 #계원예고합격 #선화예중피아노합격 #선화예고피아노합격 #스타인웨이갤러리서울입상자연주회 #대구카톨릭대외래교수역임 
#클라라슈만국제콩쿨입상
#뉴욕클래시컬어워드국제콩클입상
#아메리칸프로티지국제콩쿨입상 
#맨하탄국제콩클입상 
#선화예고전공실기반강사 
#미국카네기홀초청입상자연주
#김현정글로리아피아노제자음악회
#김현정글로리아마스터클래스
#김현정글로리아세미나


피아니스트 김현정 글로리아

​

파워풀하면서도 섬세한 아름다운 음색을 지닌 피아니스트 김현정 글로리아는 탁월한 연주로 청중을 압도하며 폭넓은 레퍼토리를 바탕으로 비루투오소적 기교를 지녀 극찬을 받고 있다. 

선화예술학교 콩쿠르에서 2위를 하여 선화예술학교 시험 면제로 입학허가를 받았으며, 선화예술고등학교 재학 당시에는 실기 및 학과 장학생으로 선발되기도 하였다

이화여자대학교 음악대학을 졸업한 후 이화여대 대대학원을 졸업(수석입학)하고, 미국 Indiana University 석사M.M과정 및 P.D을 장학금을 수여받으며 뛰어난 학업 성취도를 인정받으며 졸업하였다. 귀국 후 대구카톨릭대학 음악미학 박사과정을 수료하였다.

주요연주경력으로는 2017 캐나다 애드몬턴 쇼팽협회 초청독주, 2018 카네기홀 아이작 스턴홀 초청연주,
2019 비엔나 모차르트홀 초청 독주,
예술의 전당 귀국 리사이틀홀 독주 및 IBK쳄버홀 3회 독주
예술의 전당 아티스트 라운지 초청아티스트
2020  롯데콘서트홀 
베토벤 250주년 기념 콘서트 독주회 
2021 롯데콘서트홀 신진아티스트 독주회
2021 롯데문화재단  Music Keeps Going on롯데콘서트홀 아티스트 선정
2022 롯데콘서트홀 마티네 콘서트 
 어린왕자와 함께 그리는 콘서트 등 국내외 다수의 연주를 하였다. 
2023년 장윤성지휘 프라임 필 하모닉오케스트라와 협연 파가니니 광시곡을 주제로한 변주곡 

국 내 외 마스터클래스 초빙교수경력으로는
2016 비엔나 국립음대 써머 마스터클래스에 초청교수 및 Vivaldi Saal 에서 독주리사이틀을, 
2017년에는 폴란드 nowysacz 국제음악페스티벌 초청교수및 연주하였다.
러시아 야쿠츠크국립대학 써머 페스티발 교수진으로 초청되어 독주 및 야쿠츠크 국립오케스트라와 협연하였다.
2022 스타인웨이 Steinway& Sons 교육자 협력 파트너 전문강사로 위촉되었으며 ,스타인웨이 서울 갤러리홀에서  피아노교수법  호흡과 테크닉의 비밀 세미나 강좌를 가졌다. 유로아트 ,연전 MK뮤직아카데미 여름 겨울 음악캠프 교수로 초청되었다. 
비엔나국제음악캠프 교수진으로 학생들과 함께 뵈잰도르퍼홀 모차르트생가연주 마스터클래스 세미나등을
기획하였다. 

수상경력으로는 
Propiano International Competition 피아노독주 1위, American Protege 국제콩쿠르 피아노 1위 및 실내악부문 1위, HongKong Pacific Piano Open Competition 홍콩 국제콩쿨 1위 ,일본 Osaka 국제콩쿠르 실내악부분 Avenir Prize 특별상 수상하였다.

솔로 앨범 ‘Must-Listen Consolation위로’, ‘그라나도스의 시적왈츠, 브루크 뮐러 25개 연습곡 앨범 발매하였다. 

현재는 명지대 문화예술대학원 겸임교수, 서울장신대 콘서바토리 겸임교수, 대구카톨릭대 외래교수 역임, 서울영재피아노아카데미, 선화예중,선화예고, 스타인웨이피아노 스텝 전문 강사로 후학에 힘쓰고 있으며 아르템공연예술기획 대표, 월간 리뷰 칼럼니스트로 활동 중이다.

김현정피아노
www.pianistkimh.com

피아니스트 김현정
 pianistkimhj@gmail.com
010 4211 8130
pianistkimhj@gmail.com
010 4211 8130
pianistkimhj@gmail.com
미국 카네기 아이작스턴홀 초청 리사이틀과 국내에서는 예술의전당 귀국 독주와 IBK홀 3회의 리사이틀을 통해 티켓 매진의 신화를 기록하며 청중들에게 연주자로서 큰 사랑을 받고 피아니스트 김현정 글로리아는 현재 음악평론가로도 활동하고 있으며 후학을 양성하며 다양한 영역에서 활동하고 있다.

피아니스트 김현정 글로리아는 Must-Hear 1 Consolation 위로 9곡의 수록 1집 앨범과 JJ Piano Duo (김현정 글로리아&유시연)의 2장의 정규앨범과 김현정 글로리아& 한가영의 싱글 듀오 앨범을 발매했다. 또한. 차이코프스키 사계 중 ‘가을’과 쇼팽의 ‘강아지 왈츠’를 뮤직비디오로 출시하면서 영향력 있는 피아니스트로 클래식 애호가들의 사랑으로 받고 있다.
2018년 카네기 아이작스턴홀 초청 리사이틀, 국내에서는 예술의전당 귀국독주와 IBK홀 3회의 리사이틀을 통해 티켓매진의 신화를 기록하며 청중들에게 큰 사랑을 받았던 피아니스트 김현정이 ‘북서울 꿈의숲 아트센터’에서 특별한 연주를 준비했다. 김현정은 선화예술 고등학교를 나와 이화여대 음대 및 동 대학원을 졸업하고 Indiana University 석사과정 및 최고연주자과정(P.D)을 통해 연주자의 길을 정석으로 걸어왔다. 뿐만아니라 다수의 콩쿠르에 출전한 그는 미국 American Protege 국제콩쿠르 피아노 1위 및 실내악부문 1위, 미국 Bradshaw & Buono 피아노국제콩쿠르 2위, Grand Prize virtuozo 국제콩쿠르 2위와 피아노 듀오 3위, Golden classical music awards 국제 콩쿨 2위와 피아노듀오 3위, Kayabuki ongakudo 국제듀오콩쿨 3위, 일본 Osaka 국제콩쿠르 실내악부분 Avenir Prize 특별상 수상 등 콩쿠르에서 우승을 차지하거나 입상하는 등 자신의 기량을 시험대에 올리면서 늘 갈고 닦았다. 
그가 거쳐온 극장도 보통 극장들이 아니다. ‘2017년 미국 카네기홀 입상자 연주회초청리사이틀’, ‘2018년 카네기홀 2천석규모 여름갈라콘서트 초청연주회’, ‘2018년 카네기홀 weil 리사이트홀 국제콩쿨 2위 입상자연주회’, 2018년 캐나다 에드먼턴 쇼팽협회 초청 리사이틀 등 화려한 무대를 펼쳐왔다. 국내 무대는 또 어떨까? 2011년 예술의전당 리사이틀홀에서 귀국독주회를 시작으로 2013년, 2016년에는 예술의 전당 IBK챔버홀에서 독주회를 가졌으며, 2016년에는 부산문화회관 중극장과 예술의전당 IBK챔버홀, TLI 기획공연 초청리사이틀을 하였다. 2017년에는 성화소사이어티 쇼팽시르즈한국MT-170 스타인웨이피아노 런칭 초청콘서트와 세계적인 성악가와만남 ‘김현정 글로리아의 스페셜 콘서트’, 2017년 서울 피하모니안즈오케스트라와 협연하여 바하음악 바로크음악을 예술의전당에서 선보였으며, 2018년에는 월간리뷰뮤직초청으로 ‘다사다행콘서트’, ‘카푸치노카페살롱콘서트’의 공연을 열었고, 2019에는 프라움 악기박물관 바이올리니스트 김캐런& 피아니스트 김현정 초청리사이틀과 2019년 예술의전당 기획공연 수요 아티스트라운지의 예술가로 초청되는 등 다채로운 연주 경력을 쌓아왔으며 부산시향, 프라임필하모닉오케스트라, 세종오케스트라, 시티필하모닉오케스트라, 몰도바방송교향악단등의 협연도 셀 수 없이 많다.
게다가 그녀는 콩쿨과 공연외 음반부분에서도 이름을 알렸다. 2018년 ‘피아니스트 김현정글로리아 추천솔로 앨범1 ’Must-Hear (consolation위로)‘을 발매 했고, 2019년 JJ Piano Duo의 앨범 'Romance Sketch: Emotional Track (Brahms Waltz) 전곡 완주앨범’을 발매했다. 또한 ‘Modern Sketch’ 싱글 앨범도 발매했으며 브루크뮐러 25개 연습곡이 곧 발매 될 예정이다. 차이코프스키 가을의노래 뮤직비디오를 출시하는 등 음반 분야까지도 섭렵하며 완벽한 피아니스트로서 자리매김하였다. 
그리고 그녀는 연주자로 활동함과 동시에 아르템 공연 예술 기획 대표로서 아르템이지오페라시리즈 - 오페라 라트라비아타, 사랑의묘약, 피아니스트 김현정 톡톡 하우스 콘서트, 영상과 함께하는 ‘영화속 쇼팽’, ‘쇼팽과 사랑에 빠지다’ 등을 기획 했다. 다재다능했던 그녀는 2016년부터 월간리뷰 음악칼럼니스트로 평론을 기재하기 시작하였고, 2016년 비엔나 국립음대 써머마스터클래스에 교수로 초청을 받은 후 2017년에도 러시아 야쿠츠크국립대학 써머페스티벌 교수진으로 초청되어 교육 분야에서도 활약하였다. 피아니스트 김현정은 현재 명지대학교 문화예술대학원 겸임교수, 서울장신대학교 콘서바토리 교수, 대구카톨릭대 외래교수를 역임하고 선화예술 중 고등학교의 강사로 출강하는 등 후학을 양성하고 있으며 월간뮤직리뷰의 칼럼니스트로 활동 중이다",UCpA_elITsrOLaCyOA42qqxQ,Pianist HyunJung Gloria김현정 글로리아,2010-12-17T16:13:06Z,147,2.45,False,6156,34,2,https://www.youtube.com/watch?v=fH7k_TE3nWg,1050,586,PF282047,"국립심포니콘서트오케스트라, 브람스, 교향곡 2번 [세종]",서양음악(클래식),세종예술의전당 대공연장,2026-01-27,2026-01-27,,,,none,none,0,False,False,0,no_strong_signal,신호 없음
Rh6xgZCc2zA,2014.11.16.페도세예프 & 모스크바 방송교향악단 내한공연 대전공연 하이라이트,"""페도세예프 & 모스크바 방송교향악단"" 공연 하이라이트
2014년 11월 16일 대전문화예술의전당 아트홀

P. I. Tchaikovsky - Symphony No.4  4th Mov.
P. I. Tchaikovsky - Dance Espagnole",UCPglj7zGwmOlH8_31Tpgh8Q,한경arteTV,2014-11-17T07:10:40Z,58,0.97,True,573,6,0,https://www.youtube.com/watch?v=Rh6xgZCc2zA,116000,3896,PF282047,"국립심포니콘서트오케스트라, 브람스, 교향곡 2번 [세종]",서양음악(클래식),세종예술의전당 대공연장,2026-01-27,2026-01-27,,,,none,none,0,False,False,0,no_strong_signal,신호 없음
4smcwZx2y6M,"서울시합창단 [합하라] ㅣ 1부 브람스, 운명의 노래 Schicksalslied Op.54 Johannes Brahms","[합하라] 서울시합창단 하이라이트
서울시합창단 제159회 정기연주회 [오월의 브람스]
1부 브람스, 운명의 노래 Schicksalslied Op.54

2021년 05월 25일(화)  세종문화회관 대극장
객원지휘 최승한
협연 군포 프라임필하모닉오케스트라
연주 서울시합창단
촬영 k tv

🔎 서울시합창단 소식 더보기
블로그 : https://blog.naver.com/civicchoir
페이스북 :  https://www.facebook.com/smchorus
인스타그램 :  https://www.instagram.com/sejongcente...

#세종문화회관 #서울시합창단 #브람스 #brahms #합하라 #합창공연 #합창단 #성악 #운명의노래 
#독일레퀴엠 #음악회 #공연실황",UC-VVnfNqX0wMSCmJMSNhKMw,서울시합창단 SEOUL METROPOLITAN CHORUS,2021-11-03T04:31:41Z,1013,16.88,False,2503,34,1,https://www.youtube.com/watch?v=4smcwZx2y6M,2160,205,PF282047,"국립심포니콘서트오케스트라, 브람스, 교향곡 2번 [세종]",서양음악(클래식),세종예술의전당 대공연장,2026-01-27,2026-01-27,,,,none,none,1,False,False,1,no_strong_signal,신호 없음
t7wRmqMKTqQ,마제스틱청소년오케스트라 2013 08하이라이트,http://majestic.or.kr,UCKOuroTODC31sL_JAEOzjmA,루스초이 뮤직,2014-06-28T01:37:58Z,182,3.03,False,437,3,0,https://www.youtube.com/watch?v=t7wRmqMKTqQ,4500,508,PF282047,"국립심포니콘서트오케스트라, 브람스, 교향곡 2번 [세종]",서양음악(클래식),세종예술의전당 대공연장,2026-01-27,2026-01-27,,,,none,none,0,False,False,0,no_strong_signal,신호 없음
S1V4jHINbMU,[메이킹필름] 국립오페라단 서정오페라 '브람스...' 2021,"🎬 | 서정오페라 '브람스...'

5월 13일(목)-16일(일)
국립극장 달오름과
🔴𝗺𝘆𝗢𝗽𝗲𝗿𝗮 𝗟𝗜𝗩𝗘 에서 진행되는
서정오페라 #브람스

공연을 앞두고
생생한 리허설 현장과

작곡가, 지휘자, 연출가의
작품 이야기를 여러분께 공개합니다!


브람스의 삶을 그린
서정오페라 '브람스...'


관객 여러분의 많은 관심과 사랑 바랍니다.


우리 국립극장 달오름과
𝗺𝘆𝗢𝗽𝗲𝗿𝗮 𝗟𝗜𝗩𝗘 에서 만나요!


🔴 𝗺𝘆𝗢𝗽𝗲𝗿𝗮 𝗟𝗜𝗩𝗘 예약하기
https://www.knomyopera.org/ott/liveView?showId=106&parentSeq

#국립오페라단
#서정오페라 #브람스",UC6KCcAMTxQrBPS7d9Q1hyug,국립오페라단 Korea National Opera,2021-05-12T07:39:08Z,348,5.8,False,840,21,1,https://www.youtube.com/watch?v=S1V4jHINbMU,7650,355,PF282047,"국립심포니콘서트오케스트라, 브람스, 교향곡 2번 [세종]",서양음악(클래식),세종예술의전당 대공연장,2026-01-27,2026-01-27,,,,none,none,0,False,False,0,no_strong_signal,신호 없음
g1FNEz5mjK0,'현실판 강마에' 강원호 지휘자의 코리안퍼시픽필하모닉과 함께 하는 동행,"[스포츠서울 박경호기자] 클래식 애호가들이 선호하는 음악의 취향과 장르는 천차만별이지만 유독 교향곡만큼은 누구나 사랑하고 좋아하는 장르임에는 틀림없다. 거대한 오케스트라의 편성에서 느껴지는 웅장함과 다양한 악기의 조화, 서로 다른 기능의 악기들이 이뤄낸 하모니는 때로는 숨 막힐 듯 강렬하게 몰아치다가도 어느새 숨죽일 듯 아주 작은 섬세함까지 표현해 낸다. 이때 피부 끝 작은 솜털을 타고 흐르는 전율을 느껴본 사람이라면 교향곡을 사랑하지 않을 수 없게 된다.

지난해 4월 롯데 콘서트홀에서 열린 코리안 퍼시픽 필의 창단 첫 정기 공연 마지막 곡은 작곡가 신하용 씨가 편곡한 ‘내 주는 강한 성이요’였다. 마지막 곡의 감동적인 연주에 객석을 가득 메운 2천여 명의 관객들은 끝내 기립 박수와 함께 수차례의 ‘브라보’와 ‘앵콜’을 외쳤다. 

‘앵콜’은 연주자에 대한 기본적인 예의이지만 ‘기립박수’는 여전히 표현이 서툰 국내 관객들에게 쉽게 찾아보기 어려운 모습이었음에도 너 나 할 것 없이 일어나 ‘기립박수’를 보내는 모습에 연주의 완성도와 국내 관객들의 수준이 상당히 높아졌음을 짐작할 수 있었다.

작년 4월의 기억을 더듬어 혹시 올해 두 번째 정기 연주회 소식을 궁금하던 차에 오는 4월 6일 롯데콘서트홀에서 역시 두 번째 정기연주회를 연다는 소식에 코리안 퍼시픽 필 강원호 지휘자와 단원들을 만나 이번 연주에 또 어떤 감동을 준비했는지 물어봤다.   

확실히 첫 연주회 때 보다 한결 여유로워진 강원호 지휘자. 그가 전한 첫 메시지는 ‘감사’였다.  “첫 정기연주회를 성황리에 마칠 수 있도록 지원해 준 임직원, 연주자 무엇보다 그 넓은 공연장을 가득 메워준 관객들께 감사한 마음”을 전했다. 이어 두 번째 정기 연주회를 기획하며 “주변의 모든 이들의 “아름다운 동행”이 소중하다고 느껴 모토를 정했다“라고 말했다. 

동시에 ‘아름다운 동행’이라는 모토를 무대에서 그려내기 위해 출연진에 주목했다. 첫 스테이지는 오스트리아 출신 세계적인 지휘자 마틴 지카르트. 그는 유학시절 지휘자 강 씨의 스승이다. 또 협연 무대를 펼칠 뮤지컬 배우 손준호, 김소현씨가 부부란 점을 강조하며 “무대 위에서 스승과 제자, 가족으로서 부부의 아름다운 동행을 보여줌으로써 스페셜 무대를 만들고 싶었다”라고 밝혔다.

이와 함께 “2020년은 베토벤 탄생 250주년이 되는 뜻깊은 해로 베토벤 음악의 스페셜리스트 마틴 지카르트에게 바통을 맡겨 한국인이 가장 사랑하는 베토벤 심포니 7번의 정수를 느껴보는 계기도 마련했고, 특히 코리안 퍼시픽 필의 시그니처 음악이 처음 공개된다”라며 기대해도 좋다고 자신 있게 말했다. 

코리안 퍼시픽 필의 악장 김유지 씨는 첫 정기연주회의 기억을 지금도 잊지 못했다. “관객들의 표정이 보일 정도로 롯데콘서트홀의 조명이 밝았는데 한 분 한 분의 표정에 행복이 묻어났다”라며 그때의 추억을 떠올렸다.

또한 오케스트라 팀장 이승미 씨는 코리안 퍼시픽 필의 강점을 팀워크로 꼽았다. “단원들이 서로의 생각과 방향성을 서로 잘 이해하고 원활히 의사소통을 하고 있으며 어벤저스급 팀워크”라며 엄지를 추켜세웠다.

끝으로 강원호 지휘자는 4월 6일 롯데콘서트홀에서의 두 번째 연주에 대해 첫 연주와 마찬가지의 각오를 밝혔다. 

“우리의 연주의 목적은 우리만의 즐거움이 아니다. 관객 여러분들이 오셔서 충분히 즐기고 다음 연주를 기대하게 하는 연주를 하는 것”이라며 “최고의 퀄리티로 최고의 관객에게 최고의 감동을 선사하겠다”라며 각오를 다졌다.

park5544@sportsseoul.com

사진  | 코리안퍼시픽필하모닉오케스트라 제공, 유튜브
#코리안퍼시픽필하모닉 #강원호 #오케스트라

▣  스포츠서울 홈페이지
◇ http://www.sportsseoul.com

▣ 연관채널안내
◇ NAVER TV(Entertainment) : https://tv.naver.com/sportsseoul
◇ NAVER TV(Sports) : https://tv.naver.com/sportsseoul2
◇ V LIVE : https://channels.vlive.tv/B5F927/home
◇ Facebook : https://www.facebook.com/sportsseoul1
◇ Instagram : https://www.instagram.com/sportsseoul/

▣ 영상 사용 및 제보 관련 문의 (스포츠서울 영상제작부)
◇ ssmoviemaker21@gmail.com",UCWstBK25X13EecEORumYEnw,스포츠서울,2020-02-07T05:41:13Z,301,5.02,False,583,6,0,https://www.youtube.com/watch?v=g1FNEz5mjK0,241000,9632,PF282047,"국립심포니콘서트오케스트라, 브람스, 교향곡 2번 [세종]",서양음악(클래식),세종예술의전당 대공연장,2026-01-27,2026-01-27,,,,none,none,1,False,False,1,no_strong_signal,신호 없음
Tr_Jcf7voaU,"'452년 역사' 독일 명문악단, 한국인 악장과 첫 내한 / SBS","452년 역사를 자랑하는 독일의 명문 악단 베를린 슈타츠카펠레가 처음으로 한국에서 공연합니다. 단원들을 통솔하는 악장이 한국인이어서 더욱 관심을 끕니다.
김수현 문화예술 전문기자가 보도합니다.

더 자세한 정보 보기 
https://news.sbs.co.kr/y/?id=N1006986419
 

#SBS뉴스 #모닝와이드 #베를린슈타츠카펠레 #독일

▶SBS 뉴스 채널 구독하기 : https://n.sbs.co.kr/youtube 
▶SBS 뉴스 라이브 : https://n.sbs.co.kr/youtubeLive , https://n.sbs.co.kr/live 

▶SBS 뉴스 제보하기
홈페이지: https://n.sbs.co.kr/inform 
애플리케이션: 'SBS뉴스' 앱 설치하고 제보 - https://n.sbs.co.kr/App 
카카오톡: 'SBS뉴스'와 친구 맺고 채팅 - https://pf.kakao.com/_ewsdq/chat 
페이스북: 'SBS뉴스' 메시지 전송 - https://www.facebook.com/sbs8news 
이메일: sbs8news@sbs.co.kr 
문자: #6000 
전화: 02-2113-6000 

홈페이지: https://news.sbs.co.kr/ 
페이스북: https://www.facebook.com/sbs8news 
트위터: https://www.twitter.com/sbs8news
카카오톡: https://pf.kakao.com/_ewsdq
인스타그램: https://www.instagram.com/sbsnews",UCkinYTS9IHqOEwR1Sze2JTw,SBS 뉴스,2022-11-27T22:44:34Z,131,2.18,False,14863,128,8,https://www.youtube.com/watch?v=Tr_Jcf7voaU,5250000,346902,PF282047,"국립심포니콘서트오케스트라, 브람스, 교향곡 2번 [세종]",서양음악(클래식),세종예술의전당 대공연장,2026-01-27,2026-01-27,,,,none,none,0,False,False,0,no_strong_signal,신호 없음
N4cGeRDm8DI,2023 교향악축제 국립심포니오케스트라#다비트라일란트#김수연바이올리니스트#davidreiland#suyoenkim,,UCQrQdXeZ3o6zyNagIKskPAQ,음계는레인것같아요,2023-06-06T09:56:09Z,41,0.68,True,2003,32,0,https://www.youtube.com/watch?v=N4cGeRDm8DI,2680,126,PF282047,"국립심포니콘서트오케스트라, 브람스, 교향곡 2번 [세종]",서양음악(클래식),세종예술의전당 대공연장,2026-01-27,2026-01-27,,,,none,none,0,False,False,0,no_strong_signal,신호 없음
PwZvrXxVglU,"심포니송_ 2014. 11. 29 오후 8시, 예술의전당 콘서트홀 ""황홀"" 홍보영상","심포니송의 두번째 정기연주회 홍보 영상(YTN Science 제작)
2014. 11. 29(토) 오후 8시
지휘 함신익, 협연 노먼 크리거

차이코프스키 피아노협주곡 1번, 교향곡 5번",UCOWO2-915iqiNDQ96lETrpQ,SYMPHONY S.O.N.G,2014-11-13T04:52:03Z,31,0.52,True,715,9,0,https://www.youtube.com/watch?v=PwZvrXxVglU,6420,503,PF282047,"국립심포니콘서트오케스트라, 브람스, 교향곡 2번 [세종]",서양음악(클래식),세종예술의전당 대공연장,2026-01-27,2026-01-27,,,,none,none,0,False,False,0,no_strong_signal,신호 없음
dGv9Q4cX5cA,[메이킹필름] DR’s Pick II ‘수수께끼’ x 라파엘세베르,"프랑스를 대표하는🇫🇷
젊은 클라리네티스트이자
2015년 디아파종 황금상을 수상한🏆️
#라파엘세베르

그에게 있어 모차르트 클라리넷 협주곡은❤️
클라리넷계의 ‘수학의 정석’ 같은 것이 아닐까요?

라파엘세베르와 국립심포니의 
'열연🔥' 모습이 담긴 메이킹필름🎞
지금이라면 살짝 엿보셔도 괜찮아요

DR’s Pick II ‘수수께끼’
2022.08.09 (화) 19:30
예술의전당 콘서트홀

지휘 l 다비트라일란트
클라리넷 l 라파엘세베르
연주 l 국립심포니오케스트라
촬영 · 편집 l LJK스튜디오

👉 국립심포니오케스트라 바로가기
- 홈페이지 https://bit.ly/3jOih2l
- 페이스북 https://url.kr/4omrk1
- 인스타그램 https://url.kr/c5xtdn
- 카카오톡 친구 https://url.kr/n1wytg",UCoMo9mcWR5f_pPjdbacLaIw,국립심포니오케스트라,2022-08-14T10:26:20Z,64,1.07,False,534,19,0,https://www.youtube.com/watch?v=dGv9Q4cX5cA,49800,833,PF282047,"국립심포니콘서트오케스트라, 브람스, 교향곡 2번 [세종]",서양음악(클래식),세종예술의전당 대공연장,2026-01-27,2026-01-27,,,,mismatch,none,0,False,False,-2,delete_candidate,날짜 불일치(다른 회차 가능성)
v6C1dhkmEzs,경기필하모닉 마스터피스 시리즈 X - 드보르자크 교향곡 9번 홍보 영상,"드보르자크의 마지막 교향곡 9번을 노년의 지휘자가 연주한다

지휘 거장 임헌정이 들려주는 평화의 메시지

건반 위의 사색가 백혜선이 들려주는 가장 사색적인 브람스 피아노 협주곡 2번

많은 기대 부탁드립니다!

ㅡ
지휘 임헌정
협연 백혜선

브람스 피아노 협주곡 2번 B♭장조, 작품83
J. Brahms Piano Concerto No. 2 in B♭ major, Op. 83
 
드보르자크 교향곡 9번 e단조, 작품95 ‘신세계로부터’
A. Dvorak Symphony No.9 in e minor, Op.95 ‘From the New World’ 

2023. 11. 9(목) 19:30 경기아트센터 대극장

#경기필 #경기필하모닉오케스트라 #드보르자크 #브람스 #임헌정 #백혜선 #경기아트센터 #클래식 #공연",UCKdMaXGok5o2LWP-OKUhSCA,GPhilharmonic,2023-11-03T00:29:24Z,46,0.77,True,189,3,3,https://www.youtube.com/watch?v=v6C1dhkmEzs,6780,252,PF282047,"국립심포니콘서트오케스트라, 브람스, 교향곡 2번 [세종]",서양음악(클래식),세종예술의전당 대공연장,2026-01-27,2026-01-27,,,,none,none,2,False,False,2,no_strong_signal,해시태그 2개 카테고리 일치
-Dftddlk3vM,2013 잘츠부르크 페스티벌 - 사이먼 래틀 & 베네수엘라 국립 어린이 오케스트라 │ 오르페오 TV,"유튜브 / 네이버TV


2013 잘츠부르크 페스티벌 - 사이먼 래틀 & 베네수엘라 국립 어린이 오케스트라

방송일시 ㅣ 2021.05.13 목요일 오후 10시 20분
지휘 ㅣ 사이먼 래틀, 헤수스 파라
연주 ㅣ 베네수엘라 국립 어린이 오케스트라


- 주요 연주곡
거쉰 : 쿠바 서곡
알베르토 히나스테라 : 에스탄시아 춤곡 Op.8a
말러 : 교향곡 1번 D장 ‘거인’
요한 슈트라우스 1세 : 라데츠키 행진곡 Op.228



베네수엘라 음악계가 만들어낸
또 다른 놀라운 기적들 !

 베네수엘라의 차세대 음악교육 프로젝트인 “엘 시스테마”는 구스타보 두다멜이나 에딕슨 루이스와 같은 클래식 음악계의 걸출한 아이돌들을 배출하면서 전 세계에 큰 충격과 감동을 안겨주었다. 지난 2013년 잘츠부르크 페스티벌에서 큰 반향을 일으켰던 “엘 시스테마”의 아이들이 페스티벌에서 공연을 펼쳤다.

 먼저 베네수엘라를 대표하는 청소년 오케스트라인 시몬 볼리바르 교향악단의 단원들보다 더 어린 나이의 아동들로 구성된 베네수엘라 국립 어린이 교향악단이 거장 사이먼 래틀의 지휘봉 아래서 연주했던 말러 교향곡 1번. 전문 오케스트라들의 연주들과 같은 수준에서 평가하기는 어렵지만, 초등학생 정도의 어린이들이 이 대작을 통해 표출해내는 음악적인 열정은 너무나도 뜨겁고 진지하다.
⠀
⠀
#ORFEO #잘츠부르크 #사이먼래틀


- ORFEO 채널안내 -

스카이라이프 144번
올레 KT 139번
LG유플러스 160번
SK브로드밴드 235번
딜라이브 232번
LG헬로비전 272번
HCN 228번



Offical Homepage : http://www.orfeo-tv.com
Twitter : https://twitter.com/ORFEO_TV
Instargram : https://instargram.com/orfeo_tv
Facebook : https://www.facebook.com/ORFEO-TV-621230285190748
Youtube : https://www.youtube.com/c/ORFEOTV
NaverTV : https://tv.naver.com/ORFEO_TV",UC9SUM7KuhhhRpwGdO11Wb_A,ORFEO TV,2021-05-12T02:00:01Z,149,2.48,False,803,9,0,https://www.youtube.com/watch?v=-Dftddlk3vM,25500,1142,PF282047,"국립심포니콘서트오케스트라, 브람스, 교향곡 2번 [세종]",서양음악(클래식),세종예술의전당 대공연장,2026-01-27,2026-01-27,,,,mismatch,none,0,False,False,-2,delete_candidate,날짜 불일치(다른 회차 가능성)
trKwlEOh7F0,루체심포니오케스트라 & 스페셜 토크콘서트(지휘 이동신)  J. Strauss II   -     Unter Donner Und Blitz,"2021.11.27.토 19:00 안동문화예술의전당 웅부홀
J. Strauss II                     -             Unter Donner Und Blitz 
요한 스트라우스 2세                     천둥과 번개 폴카",UC2BpFtWUmG_A_8ECSK_wsww,루체심포니오케스트라 / 노부스심포니오케스트라,2022-02-07T03:16:48Z,211,3.52,False,170,3,1,https://www.youtube.com/watch?v=trKwlEOh7F0,25,19,PF282047,"국립심포니콘서트오케스트라, 브람스, 교향곡 2번 [세종]",서양음악(클래식),세종예술의전당 대공연장,2026-01-27,2026-01-27,,,,mismatch,none,0,False,False,-2,delete_candidate,날짜 불일치(다른 회차 가능성)
