video_id,comment_id,author,text,like_count,published_at
qKVpIGG2ln8,UgyK9qRSnE4XiiGXJ5B4AaABAg,@양관철-m5k,🎉,1,2025-06-12T22:01:22Z
qKVpIGG2ln8,UgxZLVOIXOSYVlwoxDV4AaABAg,@채민규-m8d,짱,1,2024-05-19T23:48:31Z
qKVpIGG2ln8,UgyYLEIvfaueoD-a1ah4AaABAg,@황재하-y6y,멋져,1,2023-05-17T06:05:04Z
qKVpIGG2ln8,UgwHP5s5Ck3zngurXjp4AaABAg,@유선숙-k5q,😊,1,2023-06-03T23:47:26Z
qKVpIGG2ln8,UgxCCIF8vq-pjWAs5fh4AaABAg,@관철양,바이올린 찬휘   피아노  인영  멋져부네,1,2022-12-18T12:44:57Z
Kjlwy7dss7E,UgyBXXJihChxRcQXGVV4AaABAg,@러키-j6j,"연극은 아직 못 봤는데요  
김호연 작가님  이 작품  만화로도  만들어 주세요!!!!!
작가님 만화가로 출발 하신거 아닌가요 ?",1,2023-05-21T03:19:51Z
qedPwMbvhxQ,UgwJJElrXeLnCT5ewTh4AaABAg,@cultureline,"1:07 축하공연1 _ 하푸실문경새재아리랑(송영철노래보존회)
7:49 사회 _ 강지혜 아나운서
8:45 행사시작
9:08 내빈소개
11:16 국민의례
12:37 개회사 _ 박정대 경북북부권문화정보센터 이사장
15:19 환영사 _ 신현국 문경시장
17:32 축사사 _ 황재용 문경시의회 의장
23:42 기념패 전달
29:19 축하공연2 _ 경북도청프라이드합창단

- 1부 -
38:52 예천군여성합창단
50:24 문경시립합창단
1:00:12 영주마하합창단
1:08:59 의성군합창단
1:17:52 봉화군여성합창단
1:27:20 축하공연3 _ 가수 이용

- 2부 -
1:54:00 울진군립합창단
2:04:52 안동나리어머니합창단
2:13:08 영양온누리합창단
2:25:11 청송문화원합창단
2:34:48 상주시합창단
2:44:11 영덕군여성합창단

2:55:38 연합합창",0,2023-01-30T06:27:35Z
BotybnRpDB4,UgjU4yq9duFjP3gCoAEC,@가영-z6q,"여럿이 노래할땐~화음을 맞추자.가락은 서로 다르지만,쉬잇! 잘~들어봐.내가 부르는 노래가~내 귀에 들릴만큼만!소리를 내자~서로의 소리에!귀 기우리고~그 소리에  마음을 맞추는거야~목소리를 맞추면!마음도 맞칠수있어~한송이 꽃보다~꽃다발이 더  아름답듯~합창은 노래로 만드는 꽃다발이야~",0,2017-01-11T05:19:30Z
PNFtSmlt6cs,UgxG8cLvhnCYZk3J60Z4AaABAg,@최서연-k8y,화질이 조금만 더 좋았으면 좋았을텐데 아쉽네요 예쁜 친구들 얼굴이 안보여서 ㅠㅜ 잘 보고가요,0,2022-08-30T11:33:19Z
vzwL2sp8Cng,UgzMF2NFSHL7arYlBoR4AaABAg,@김대혁-q1b,구독해주세요,3,2022-06-19T05:12:28Z
vzwL2sp8Cng,UgwRKGhJCJckjmcXU214AaABAg,@대혁은혁,소년소녀 공연 좋았어,5,2022-06-19T17:19:58Z
vzwL2sp8Cng,UgyUiAdWJBc3tXWNwjl4AaABAg,@킴퍼팩트,소년소녀합창단 합창을 열심하는거같아,4,2022-06-19T05:23:22Z
Jqhv0aROvBA,UgziT7l2QpHR5J36Ml94AaABAg,@박하랑tv신나게아리랑,"3👍
부산 재능시낭송 2030부산엑스포 유치을 담은 정기공연
넘 멋졌습니다
회원님들 수고많으셨습니다
사랑합니데이 🙏💜🙏👍👍👍👍👍",1,2023-10-14T11:26:18Z
I4dMpNUO98g,UgzRRxKolyD3i--WNFx4AaABAg,@sojinhan3357,이 노래 가사 공유 해 주실 수 있나요?,0,2024-12-11T21:54:12Z
G1QD5BQJ8bo,UgyFcSrdp15XnjsHkS14AaABAg,@annpiano1204,"너무 멋있습니다
이웃신청합니다 ㅎ
구독 좋아요~합니다😄",0,2020-06-30T02:02:55Z
G1QD5BQJ8bo,Ugz4lqY662AAQeG0w414AaABAg,@annpiano1204,"와우~~~
지휘자님이시네요...👍👍👍
성악가분들도 너무 잘하시네요",0,2020-06-30T01:58:13Z
876LX3Myk4g,UgxXAMLhONd9ffOzC0Z4AaABAg,@지안블리,90년대후반 초창기 영상을 찾아보려면 어찌해야하나요,0,2024-07-30T15:43:59Z
YVgSfpsHReg,UgiFtVq0EBKKgngCoAEC,@김우섭-k2q,좋다~~~~~~~~~ 얼씨구!,0,2015-03-18T02:17:30Z
ViqPG7e_Bgg,UgxGyfZka85aucVjF5x4AaABAg,@jung4588,"🏤🎹🎙🎵~👧🏻🎵👩🏻🎵👧🏻🎵🔊~💥🌱🌼🌱🌷🌱🌻☘️🕊
Incredibly beautiful Choir ! Amazing performance 💥 I  love it !😍 👏🏻👏🏻
Thank you 😊 Always be happy and healthy 💥
💝💐🙏🏼12: 33 pm 🌞",3,2023-01-12T18:34:40Z
XJCgt5_AMg0,UgxMBliJtCyrwupVh6V4AaABAg,@노빌레클래식,"맑고 깨끗한 음색  좋습니다~
고급진 음악 해석에 지휘자님의  탁월한 음악성이 돋보이네요",1,2023-05-24T09:54:51Z
jO_dGOtZzLY,UgzwcRuz9dpJWVBdGjh4AaABAg,@꽃타래-e5m,아이들이 노래부르며 살아가야 마음이 아름다워집니다 노래부르게 합시다 ❤,18,2024-03-14T06:41:48Z
jO_dGOtZzLY,UgywafloqOFh1ObDLpt4AaABAg,@블라썸레이디,아멘~~,12,2024-03-03T00:50:58Z
jO_dGOtZzLY,UgxX3vDllxLG9-2E9ox4AaABAg,@행복한해,역시 멋진 우리의 새싹들~♡,11,2024-03-07T16:37:22Z
jO_dGOtZzLY,Ugymjpqo_DEiow0ji8h4AaABAg,@전경순오카와팬플룻,100번째 ❤❤👍🏿👍🏿👍🏿👍🏿,11,2024-02-28T23:50:08Z
jO_dGOtZzLY,UgxsbepXTcOjw3Xb7a94AaABAg,@민진홍민,하나님께 큰 영광을 돌립니다,8,2024-04-09T12:40:43Z
jO_dGOtZzLY,Ugw0VKbzA0QOGc4T2It4AaABAg,@신주철-m5v,좋아요~ ❤,10,2024-03-05T08:59:44Z
jO_dGOtZzLY,UgzDRERng9AljyMsRjh4AaABAg,@rowun3864,😮😮😮😮❤❤좋다,9,2023-12-09T11:45:49Z
jO_dGOtZzLY,UgziB6qKsLZOz8JuEVJ4AaABAg,@hope영,아멘.,8,2024-03-05T20:31:33Z
jO_dGOtZzLY,Ugw1ojbjfeneORlalFh4AaABAg,@행복한마음-y8h,훌륭하네요,7,2024-03-04T10:45:30Z
jO_dGOtZzLY,Ugx9debocViE_SYR2zB4AaABAg,@민진홍민,아멘,6,2024-04-09T12:40:28Z
jO_dGOtZzLY,UgzxyBi4FtsQO8ZhgHd4AaABAg,@민진홍민,귀한 찬양 너무나 감사합니다,6,2024-04-09T12:40:36Z
jO_dGOtZzLY,UgyhbkjIFv2ojPRfO0h4AaABAg,@호박이넝쿨째,너무 잘하네요 영상 더 올려주세요,5,2024-03-12T11:45:45Z
jO_dGOtZzLY,Ugx9B-dhk_-g8hk4VvR4AaABAg,@조선족우파TV,"정말정말 뭉클하네요 , 아가들아~ 잘크렴 ,우리가 좋은 나라 물려주고 이나라 꼭 지킬께!",2,2025-02-27T06:16:10Z
jO_dGOtZzLY,Ugxq-i4Xs8j6yHDCmzp4AaABAg,@이재경-k2d,우리  미래의  밝음이  이 학생들에게서 보이네요,3,2024-04-08T08:34:51Z
jO_dGOtZzLY,UgxVDeSxf2ZapDrUOR14AaABAg,@강범준-t5q,선명회합창단 (현     월드비전합창단 )소리와  비슷합니다  아름답습니다,4,2024-03-05T12:13:09Z
jO_dGOtZzLY,Ugw-Rl45rqQGLitAKEx4AaABAg,@Pocari-q4m,너무 아름답네요.. 천사들의 하모니네요,0,2025-10-12T15:18:43Z
jO_dGOtZzLY,Ugy1WKGlB4-jmY3lCAV4AaABAg,@somang8484,목소리가 너무 아름다워요~~^^,1,2024-09-09T10:05:24Z
jO_dGOtZzLY,UgyfpibZiOXxeEsuw1J4AaABAg,@josephchung2642,아름다운 찬양대 입니다!,1,2025-05-04T14:19:52Z
jO_dGOtZzLY,Ugzv4DEOSAszp3rVkUt4AaABAg,@미오미오-p9l,지휘자님 누구셔요?^^,2,2024-03-02T20:29:43Z
jO_dGOtZzLY,Ugz48-ZAInoAWBGXYlp4AaABAg,@perseverance_um1773,아멘😊,0,2024-09-27T13:35:36Z
jO_dGOtZzLY,UgwSFSGplBI564PEX2N4AaABAg,@김현호-d4d,❤❤😢😢😢,0,2024-09-02T12:48:52Z
jO_dGOtZzLY,UgxQTR8Xo2GzIiPimmB4AaABAg,@lydiaj.6071,"우리나라 청소년과 어린이들은
엉덩이 흔들며 교태부리는 아이돌가수춤만 추고 그런 노래만 하는 줄 알았는데
아니었군요
다행이고
새소리합창단에 감사드립니다",2,2024-06-28T08:05:28Z
jO_dGOtZzLY,Ugw1V8AZhaQeyf1xATR4AaABAg,@행복한해,역시 멋진 우리의 새싹들~♡,4,2024-03-07T16:37:32Z
bqdYynSZDBs,UgwN-WnZqlQ3b-u6m2h4AaABAg,@skrr._.m,멀쩡한 건물을 저렇게 만드는 거보단 폐건물 쓰는 게 낫지,585,2025-09-19T07:13:53Z
bqdYynSZDBs,UgwylwomqH5uAlxmiVt4AaABAg,@건호4_86,이제 폐건물에서 기다려야겠군,92,2025-09-20T12:01:37Z
bqdYynSZDBs,UgyV-jJurTUfVIj279F4AaABAg,@user-de3xj1jv8i,다시 돌아가자 저때로..,125,2025-09-19T10:00:35Z
bqdYynSZDBs,UgzsLq3V2O3Jt5JwWvF4AaABAg,@히루-o2x,진짜 'Dirty Work' 였네..,28,2025-09-20T03:24:25Z
bqdYynSZDBs,UgyPmFHStJ_rWuWdHiJ4AaABAg,@skymaru9,컨셉이랑 잘어울려서..,14,2025-09-21T02:57:23Z
bqdYynSZDBs,UgzKvXJEu9ldn3ftbvV4AaABAg,@오유석victorio,"이건 웃프다 ㅋㅋㅋ
관광지는 안생기겠군 ㅋㅋㅋㅋ",2,2025-10-23T14:56:35Z
bqdYynSZDBs,Ugy2Nqrd50BYZrbbceN4AaABAg,@아서처럼,윈터 좀 첨에 목소리가 미쳣네ㅜ그냥 예뻐요 언니ㅜㅠ유구ㅠ로구,0,2025-09-29T08:40:28Z
bqdYynSZDBs,Ugz0jGAMUgZyiskXQXl4AaABAg,@VVVVVVVVVWVVVVVVVV,거기에 악마귀신이다있어서,1,2025-09-24T14:00:20Z
bqdYynSZDBs,UgzfUwiQQXpouXA1D7N4AaABAg,@유해나-n8n1l,그럴거면 대탈출 촬영지도 갔어야하는 것 아닌가요?,1,2025-09-24T08:30:43Z
bqdYynSZDBs,UgwbU-nIfzT1sh-n2S14AaABAg,@뽀리-g2b-d2j,그래도 폐가 찍기 더 편하지않을가....?,1,2025-09-24T23:22:34Z
bqdYynSZDBs,UgzsUH1k5gk2q5EkiWR4AaABAg,@dohana164,기관지..안좋아질덴데,0,2026-06-02T05:29:28Z
bqdYynSZDBs,Ugx6BV1S6i9X7N-dZx14AaABAg,@endrk05081,ㅋㅋㅋㅋㅋ컼귀염,0,2025-10-08T04:47:51Z
bqdYynSZDBs,UgwvUxaNaEwJSjfVFbx4AaABAg,@Soss-v5d,안녕^~~~~😊~~😊~~~~~~~~~~,14,2025-09-18T11:28:44Z
bqdYynSZDBs,UgwunPJEni1_iMiAUep4AaABAg,@김요한-w8w,폐급 하나없다,0,2025-09-22T10:59:45Z
3xXNQ6rSboc,Ugxq1qs8w-cAd-RYRy94AaABAg,@panist898,번천 건강하시길....,178,2024-11-09T02:11:12Z
3xXNQ6rSboc,UgzIWSFTjenyWOxnc-p4AaABAg,@ssh37-37,"제니퍼로렌스 남편이 진짜 멋지게 생겼던데...^^
지젤은 건강,멘탈관리 오랫동안 잘 해와서 출산도 무리 없을듯. 사진만 봐도 건강해 보여. 대단해다.",64,2025-08-24T03:39:42Z
3xXNQ6rSboc,UgzOIfDA-cOIlKK9pgd4AaABAg,@user-ow3yq4fv8k,둘다 관리잘하고 돈들여서 산후조리도 가능할테니 많이낳으면 좋을듯,42,2025-08-11T13:06:18Z
3xXNQ6rSboc,UgzmqtSHkqPu9RwuT1l4AaABAg,@박윤방이,미란다커 진짜 대박이넹,205,2024-11-07T10:35:04Z
3xXNQ6rSboc,UgzXWmx15lyo6Y4US8d4AaABAg,@zenith007,엄청 건강하다 애들도 엄청 건강할듯 축복이지,4,2025-10-07T07:24:48Z
3xXNQ6rSboc,Ugzo38_DaejSjQFI2jR4AaABAg,@sy-et5sn,아들만 넷.....어우 미란이는 업보빔을 저걸로 받았나,14,2025-10-07T08:17:14Z
3xXNQ6rSboc,UgzpIwGbrE4PRAsFqeJ4AaABAg,@foodistk,80년생이면 45살임,2,2025-09-12T14:23:44Z
3xXNQ6rSboc,Ugx5f951rCIzYxfkPCt4AaABAg,@S호도라,지젤번천 22년에 이혼햇으니 자막이 오타네요,24,2024-11-25T03:56:03Z
3xXNQ6rSboc,UgxtJxOGRCOva7RoHcl4AaABAg,@나-t4w8g,미란다 커 ㅎㄷㄷ. 저 정도면 콜렉터,0,2026-05-16T16:38:55Z
3xXNQ6rSboc,Ugz6_dliTM7NLFsbpKZ4AaABAg,@이연진-i8x,멋져요❤,1,2025-10-06T07:53:35Z
3xXNQ6rSboc,UgwsaC_1UTLINoQL-AF4AaABAg,@김수진-b8f3e,미란다커 오래사네,3,2025-09-19T13:56:34Z
3xXNQ6rSboc,UgzLwu8v2r5Zzv0mNnp4AaABAg,@존코너-q8m,저러니 저출산이 없지  !!,0,2025-12-11T12:44:44Z
3xXNQ6rSboc,Ugx1Kkm1aBW-HPKyrEt4AaABAg,@정이지-t2y,아들넷 ㅋㅋ,0,2025-09-29T04:39:17Z
3xXNQ6rSboc,UgyrMEwY8_0UoZKpPLl4AaABAg,@지니스-d6d,아들 넷 불쌍..ㅠ,14,2025-08-23T02:13:00Z
3xXNQ6rSboc,UgwTcFj_03HGqct2FfB4AaABAg,@달순INTJ-T,이십대에서 삼십대 초반에 임신출산을 겪었으니 마흔이 넘어서 임신 출산이 가능한거임. 초산부터 마흔이 넘는건 쉽지않다고 함. 의사선생님께 들은 피셜임,26,2025-09-24T17:16:59Z
3xXNQ6rSboc,Ugxl0pjImI8uf73nHAp4AaABAg,@simsim-tu7mk,동양인과 서양인은 골반 자체가 다름.. 한국인은 자연분만 하려다 안돼서 수술 하는 경우 많지만. 서양인은 순풍 남,34,2025-08-15T11:32:44Z
3xXNQ6rSboc,UgwaaWNEjhHAr-SlWrN4AaABAg,@박지연-b8u9v,Already burned.,0,2025-09-19T09:56:02Z
3xXNQ6rSboc,UgxJrJyw9-eKqZMLGWx4AaABAg,@beigemauve,첫 출산 아니고 다산을 하셨으니 노산이라도 상관 없을 듯,51,2025-08-07T05:28:30Z
3xXNQ6rSboc,UgzHnRI42VlqdtN9V-N4AaABAg,@ptahoteff,호아킴 것이 더 끝까지 닿은 게로구나!,1,2025-08-21T19:34:25Z
3xXNQ6rSboc,UgwRAS1Kzhg2bJDfKZt4AaABAg,@risingstarrrrrrr,지젤은 점 점 남자얼굴로 바뀌노,29,2025-07-27T16:39:07Z
3xXNQ6rSboc,UgygpZwd_UxZzzDVEfh4AaABAg,@무구행-m8x,지젤이 이쁘다는 느낌은 전혀 없는데,0,2026-01-24T13:27:22Z
0RZpdti3g98,UgyPT6dv4Jel9pjJMeh4AaABAg,@tyusoo_7k2,脚長！！？こんなにスタイルいい子初めて見た。。お顔も可愛すぎる🫢💖,793,2023-10-13T19:19:35Z
0RZpdti3g98,UgyTQXS_vSlaS5QAQbN4AaABAg,@そると-m6e,爪がギャルすぎてうちの推し最高なんだが？まじ脚長スタイルよすぎ、大好き最高,443,2023-09-07T10:53:07Z
0RZpdti3g98,UgxQji26pPrFTRWGPcR4AaABAg,@papapaapapapapppapa5633,최근에 본 지젤모습 중에 제일 예쁘다 ㅋㅋㅋㅋㅋ 도대체 얘한테 그동안 뭘 입힌거,8019,2023-09-07T10:17:22Z
0RZpdti3g98,Ugz8Wo8zgb3AuVwRR1R4AaABAg,@coovki,지젤한테 제일 잘 맞는 안무다 … 동작도 단순하고 긴 다리도 부각돼서 지금까지 본 것 중에서 제일 잘 춘 듯,7119,2023-09-17T16:13:13Z
0RZpdti3g98,UgxMpPjPk3zXi-EXwmd4AaABAg,@WoKpop.Official,Why are you so perfect Giselle?,1550,2024-06-06T19:02:04Z
0RZpdti3g98,UgyqwTkrgANuwA0WLe54AaABAg,@와아-j7o,지젤의 시대가 와버렸어 너무 행복해,6204,2023-09-04T04:25:36Z
0RZpdti3g98,UgytHgn7hxRcZ5mqVFB4AaABAg,@2uxha,와 지젤 갈수록 너무너무 이뻐진다ㅠㅠ,2699,2023-09-09T12:26:36Z
0RZpdti3g98,UgxyNVdFh8XXAi5vsV94AaABAg,@냥냥-r9r,이때 지젤 존나이븜 지금도 레전드지만,91,2024-06-01T00:35:00Z
0RZpdti3g98,UgzuzXbmsCeP6EbN4bF4AaABAg,@user_e860,지젤 진짜 고급스럽게 이쁘다....,1438,2023-09-15T07:54:24Z
0RZpdti3g98,UgzVPJbwdAEcC_ip48d4AaABAg,@beme8177,지젤 진짜 예쁘다...얼굴부터 몸매까지 핫걸.. 미쳤다...,113,2023-09-27T23:34:55Z
0RZpdti3g98,UgxZNf-D_Y-NDzK_OlR4AaABAg,@user-L55j21,하씨 요즘 애리 미모 미쳤다고,553,2023-09-03T12:21:43Z
0RZpdti3g98,UgzaDu2sFrsJNBowMCt4AaABAg,@loni149,비율 저게 말이되냐...진짜 바비인형인듯요ㅠㅠ,3864,2023-09-07T14:41:39Z
0RZpdti3g98,Ugw1eYnPGJE5y7AC_Nh4AaABAg,@病み病みちゃん-q1l,えりちゃん足が長過ぎる！！！最高！！！,54,2023-09-11T07:48:43Z
0RZpdti3g98,UgxFWODyFR74elYJCXN4AaABAg,@user-lw1lh5wz3y,まじで腰の位置が！すごい！！女神,650,2023-09-17T00:50:22Z
0RZpdti3g98,UgwfLqoREMyPUdOmGcJ4AaABAg,@銀杏-z5b,"ん？脚...どこまであるの！？ってなる😂
まじでスタイルが神だよ",466,2023-09-11T00:02:28Z
0RZpdti3g98,UgyBfXjFzCOeCqMc33t4AaABAg,@ようか-n3l,まじでジゼル美しい！！足の長さがアニメなんよ…,1830,2023-09-03T13:18:05Z
0RZpdti3g98,UgwEu2hXQJLoUBaXC7B4AaABAg,@ちゅん-e7f,ジゼルはアニメから出てきたレベルの脚の長さすぎません？？？かわよ,2218,2023-09-04T11:53:20Z
0RZpdti3g98,UgziO1EpF2m-kMXESWR4AaABAg,@BaronofBlades,Better things to do - like watching Giselle!,144,2024-05-27T20:10:38Z
0RZpdti3g98,UgwuiUzJLLA2XZR0qUh4AaABAg,@다원-r1j,지젤님 이번에  너무 예뻐요 ㅎㅎ 찰떡 공주님 꽃길 떡상길 걸어요 예쁜거만 보고 듣기 😊😊,177,2023-09-20T10:22:50Z
0RZpdti3g98,Ugw8U6vs6Lt1CeE47rh4AaABAg,@しゃけ-w5o,短くて腰の位置が分かりやすい短パンに高いヒールは脚の長さが際立ってめっちゃ良いやん,54,2024-03-20T12:03:03Z
0RZpdti3g98,UgwchxoeZQBADv_BSut4AaABAg,@aeD4RK,*_All agree GIGI herself is the Better Thing this ERA!!!_* 💫,3990,2023-09-03T12:03:44Z
0RZpdti3g98,UgxcmlXwl8NSWeqbbyV4AaABAg,@masu2007,足永さん今回のビジュ爆発してて大好き！！！！,1133,2023-09-03T12:15:20Z
0RZpdti3g98,Ugwwk3IB4Mm_ct1iN0l4AaABAg,@aeD4RK,"*_GISELLE is that rapper who can dance, sing and got main visual quality. SHE IS AN ALL ROUNDER!_* 💫",3868,2023-09-03T12:08:27Z
0RZpdti3g98,Ugz5gumB-zgaROFDNG94AaABAg,@ささみ-n8y,足なっっがwそして最高に可愛い,19,2023-09-10T10:48:02Z
0RZpdti3g98,UgzEkTLb3TCMduPGXHJ4AaABAg,@holy_3040,진짜 예쁘다,34,2024-03-08T21:55:35Z
0RZpdti3g98,UgwXtmjxogxIC_uiu-Z4AaABAg,@withme2711,지젤이 진짜 이쁘다 ❤,74,2023-09-09T04:37:52Z
0RZpdti3g98,UgwiuQD5BQfv5HkdGJd4AaABAg,@coppyeeisbest,지젤 폼 미쳤다.....♡♡♡♡♡♡♡,20,2023-09-08T23:01:35Z
0RZpdti3g98,UgzucNTr_-G7gezcBO54AaABAg,@moon1204-p3n,"ジゼルって足が長いだけじゃなく胴が短いのよね。
そしてこのビジュ最高！",51,2023-09-10T13:34:56Z
0RZpdti3g98,UgwaxbxJsdBLeECp18V4AaABAg,@Rain-11167,このダンスのジゼルちゃんなんか見ててクセになるから何回も見ちゃう…！指の長さと足の長さがよくわかるダンスの振り付け！！,178,2023-09-15T13:17:31Z
0RZpdti3g98,Ugw2vN_zFtsfk82i-wR4AaABAg,@mrsksen.,우리의 지젤은 아름다운 그림 ❤️,36,2023-09-03T12:58:37Z
d3N-mPapuQc,UgzovzTFeS-YrjpT2VF4AaABAg,@ian_hw,일본어 하니까 갑자기 슬픈로맨스여주 느낌,1443,2024-06-23T00:30:18Z
d3N-mPapuQc,UgxjGwvFALsOeRJnT1t4AaABAg,@Iveive12345,"한국어는 뭔가 쎄보이고
일본어할때는 개매력터진다",10553,2024-05-27T15:27:57Z
d3N-mPapuQc,UgzueVCa3g7eeUZdycJ4AaABAg,@user-fq3ud5uv6s,지젤 진짜이쁘다 멤버들이 왜쌩얼 제일이쁜멤버를 지젤로 꼽앗는지 알것같음,8514,2024-05-09T01:39:58Z
d3N-mPapuQc,UgwF_tYLLppl6V5uwit4AaABAg,@Dfffyuo3,지젤은 진짜 화장연한게 존나 예쁘다..,10350,2024-02-27T03:35:31Z
d3N-mPapuQc,UgwsoFiqzhf_xiajWJJ4AaABAg,@Qwtyu124,화장 연하게 한게 훨신 이쁜듯,2548,2024-01-09T17:36:45Z
d3N-mPapuQc,UgwCTtCi0sxC0E2avZp4AaABAg,@bravewoo7317,화장연하게 하는게 진짜 이쁘네,928,2024-05-30T04:44:14Z
d3N-mPapuQc,UgxjLIigxtlP4gFyyRF4AaABAg,@illililiiilillliilili3762,머야... 애리짱 개힙한 갸루온니처럼 생겨서 청춘학원물 여주인공처럼 말하자나..,367,2023-12-14T12:10:56Z
d3N-mPapuQc,UgzlSEIhgM__Jcii8Px4AaABAg,@J_RO_,일본어하는거 매력 쩐다 분위기,1122,2024-05-15T02:29:03Z
d3N-mPapuQc,Ugyzery7WLIEIfDQ30t4AaABAg,@87pkj,눈코입 동글동글해서 넘 이쁘고 귀여움,2519,2023-12-14T12:19:01Z
d3N-mPapuQc,Ugwu-eZDkLvz7GS_3194AaABAg,@ErzardJ,지젤이 진짜 귀티나게 예쁘다..,700,2024-06-01T12:30:59Z
d3N-mPapuQc,UgyEV0eLl1qQ5QBroIB4AaABAg,@Bruce_Lee1973,"왜 언어가 바뀌면 목소리까지 달라질까
예전부터 궁금했어
영어도 마찬가지
신기해",3182,2024-01-28T20:37:51Z
d3N-mPapuQc,Ugyui8-sQLfgDKXqM7t4AaABAg,@JackieAhn2000,진짜 사람 제대로 홀릴 미모,360,2024-04-09T01:24:21Z
d3N-mPapuQc,Ugze_vGmpplM5DuUgHt4AaABAg,@onefineday6202,와 지젤도 진짜 예쁘네,292,2024-05-26T16:15:15Z
d3N-mPapuQc,UgywVXSyKz2rSwqmus94AaABAg,@860K11,에스파에서 젤 좋아요,134,2024-02-09T00:50:42Z
d3N-mPapuQc,UgzkiF2j0VDH0FzAFWR4AaABAg,@starscar6601,일본어 듣는데 심장 뛰었다;; 지젤이 뭐야...,83,2024-08-25T10:40:59Z
d3N-mPapuQc,UgywiFhcXG8K08Z8C5x4AaABAg,@GolfBasic,지젤 존나 이쁜데 한국말도 존나 잘해....,105,2024-06-21T02:23:03Z
d3N-mPapuQc,UgyO-ubDa7Kpt63iF694AaABAg,@twinleaftown1234,피부 진짜 좋다.. 실물 엄청 예쁠것 같아,152,2024-06-06T09:40:11Z
d3N-mPapuQc,UgzYukEOGvNW9AUbgLZ4AaABAg,@manami2216,너무 예쁘네요 진짜 와...감탄나옴,65,2024-05-23T01:02:31Z
d3N-mPapuQc,Ugyke60jpvkzYHNUxJJ4AaABAg,@김성한-v1i,진짜 볼메야 너무 예뻐요 ㅎㅎ,67,2024-02-05T19:52:06Z
d3N-mPapuQc,Ugx3qbXYTqpdnsBJtZN4AaABAg,@JIUS-l5j,난 지젤이.제일 좋앙,3,2024-04-09T09:47:41Z
d3N-mPapuQc,UgxpFxk6MJP6dMkOwPB4AaABAg,@방구석케친자,일본어 할 때 뭔가 지브리 첫사랑 재질임. 같이 여름에 오두막 같은데서 수박먹으면서 뭐 그런.. 목소리 하나로 서사 한편 뚝딱이다🫠,8,2024-08-12T16:02:55Z
d3N-mPapuQc,UgxiZQLvFk7lZl1RUD94AaABAg,@bibalabita,어쨌든 난 지젤이다,2,2024-11-14T01:45:35Z
d3N-mPapuQc,UgxK_VPzWyRCUOsFZyR4AaABAg,@last_warrior_999,일본말은 너무 귀엽다.,1,2024-11-13T12:58:07Z
d3N-mPapuQc,UgxC2uZx_h1N0FMwewB4AaABAg,@joioobluilk,나는  에스파는 지젤이 최애 진정한 sm전통 얼굴상임.,44,2024-06-07T04:22:12Z
d3N-mPapuQc,UgxyuJvq-KEhLTB-fkV4AaABAg,@TV-fh7ux,넘넘 기엽다 일본어 할때 애니메이션 캐릭터 같다,25,2024-06-17T10:16:42Z
d3N-mPapuQc,UgzXXfIdDC_i3yfplf54AaABAg,@캡슝,영어하면 또 달라지젤,2,2024-10-30T08:37:10Z
d3N-mPapuQc,UgwliG2KK-keLJ2QbEJ4AaABAg,@내마음대로산다,하 예쁘노,2,2024-12-30T22:55:32Z
d3N-mPapuQc,UgwDLuo3fzmOOwZAnVt4AaABAg,@내이름은탐정코난-b6z,어 지젤…일본어…도랏능데..? 이러다 나 치이겠는데..? 이영상이 안끝나는데..?,22,2024-06-18T01:15:57Z
d3N-mPapuQc,UgzupXcyJFTARicBWaR4AaABAg,@고양이가좋아-1,일어… ㅈㄴ 매력있네….,4,2025-03-15T07:00:08Z
d3N-mPapuQc,UgwuBEw4A3jRO4xTMGR4AaABAg,@shcbsu,아 일본말 뭔말인지 모르겠는데 뭔말인지 알겄어 닝닝이 예쁜데 지젤?도 예쁘다,1,2024-12-22T15:50:06Z
yHcWuoy9X0g,UgzYQjA_gm8pgjD22Xx4AaABAg,@쿠우웅2,지젤 저 호피상의랑 여우꼬리 단 게 진짜 너무너무 잘 어울림.. 언니모먼트,5186,2025-08-20T11:50:51Z
yHcWuoy9X0g,UgyJ9gbK1JHltXlB5KF4AaABAg,@웅재-c7y,와 진짜 미쳤다 선 안넘고 최대치로 이뻐질수 있을때까지 업그레이드 계속 시켜주네 ㄷㄷ 이집 잘한다 진짜,1986,2025-08-17T22:25:14Z
yHcWuoy9X0g,Ugw8Xf2wrDIfUnuMxKt4AaABAg,@aeD4RK,지젤과 카리나는 둘 다 너무 예뻐요... 날이 갈수록 더 예뻐지는 것 같아요,2238,2025-08-16T21:01:31Z
yHcWuoy9X0g,UgyEe9V4mb7IVXhdwrF4AaABAg,@mylifeisamessbutimok,"와 이건 지젤이다 진심 노래랑 깔이 너무 잘맞음 그 특유의 쑥쓰러운데 리듬 타는 느낌 + 은근 쿨미녀 바이브 뿜뿜하면서 나 꼬시는거 진심 개설렘 그니까 본론을 말하자면 언니그냥날가져요제발

님들아 카리나는 뭐만 하면 예쁘다고 해줬잖아 원래는 에스파 보면 카리나 미모만 찬양하니까 이번에는 지젤이 너무 예쁘네 한거 가지고 난리네",2288,2025-08-26T15:32:04Z
yHcWuoy9X0g,UgwdM28FKS27WBVcHO14AaABAg,@itpop3766,이야..살다살다 지젤한테 눈이 먼저 가는 날이 오네 지젤 많이 컸다,2955,2025-08-17T13:18:32Z
yHcWuoy9X0g,UgxXHpI7RVWWDdqd9pd4AaABAg,@Sranrea,지젤 존예..,40,2025-08-23T06:39:05Z
yHcWuoy9X0g,UgwRdRJEeNDDDP1dP5x4AaABAg,@밍콩-u7d,이 챌린지는 진짜 지젤리나가 살렸다 .. 다른 걸 봐도 결국 여기로 돌아오게 되네 하 진짜 미녀들 미쳐,163,2025-09-01T14:18:24Z
yHcWuoy9X0g,UgwZKMNlV4vfyWARjDJ4AaABAg,@oono-c6l,지젤 왜이렇게 이뻐짐?,2127,2025-08-15T14:24:39Z
yHcWuoy9X0g,UgzKbMRNyfkdiKziqA14AaABAg,@230번,지젤도 개이쁘네 여우마냥 사람 홀리는 뭔가가 있는듯 내눈엔 여우 꼬리까지 보인다 ㄷㄷㄷ,16,2025-09-03T11:35:24Z
yHcWuoy9X0g,Ugy6wew7F2b-VLaIF394AaABAg,@ellamayo.,지젤 최고❤,26,2025-08-22T14:00:14Z
yHcWuoy9X0g,Ugx9yQ95MVPQzNAZ37h4AaABAg,@violet_army7,Giselle is so pretty and karina is so adorable,23,2025-08-12T15:20:29Z
yHcWuoy9X0g,UgywC6CeG9R6ud3E0G14AaABAg,@에이나사랑녀0905,지젤 왤캐 이쁘냐고...,534,2025-08-22T07:37:39Z
yHcWuoy9X0g,UgynZTnN7j4clhV1cKl4AaABAg,@오징어땅콩-m7y,지젤 이쁘다,9,2025-08-23T12:19:02Z
yHcWuoy9X0g,UgzngwVkzSPffZ29As94AaABAg,@itsninzi,Giselle our queen is serving🎉🎉🎉🎉🎉🔥,218,2025-08-22T09:47:50Z
yHcWuoy9X0g,Ugx4sVFuozYgu73ooj94AaABAg,@LJW-t1f,카리나 멤버별로 숏츠 찍네❤❤❤❤,31,2025-08-10T14:32:07Z
yHcWuoy9X0g,UgzwmZupCVzwn9l5qM14AaABAg,@hellosy,"카리나 넌 뭘해도 이쁘니깐
할때 진짜 이쁨 ❤❤
아이돌에 빠져드는게 이런거구나..💗💗",20,2025-08-24T08:17:03Z
yHcWuoy9X0g,UgyBH59Tg35YxCdWkF14AaABAg,@이쵸-0703,지젤 사랑행❤,16,2025-09-02T07:48:29Z
yHcWuoy9X0g,UgxFt6e0PV3b-fzpHn14AaABAg,@앱떠_LOVE,이영상 지젤 진짜 예쁘네,6,2025-08-27T15:10:45Z
yHcWuoy9X0g,UgzzTynEqqyK_SSmFXN4AaABAg,@쭈으니-h2h-123,지민이 멤버 3명이랑 쇼츠 올출석하는 거 왤케 기특하냨ㅋㅋㅋㅋㅋ 귀여워,12,2025-08-10T14:19:58Z
yHcWuoy9X0g,UgzrApMbv0QeZYwlzPN4AaABAg,@pupumj,지젤 왜이리 이뻐?,671,2025-08-15T03:29:00Z
yHcWuoy9X0g,UgwH6HK3GjPjej5bH3J4AaABAg,@pinkie_rosyblink6,Mommies of aespa🖤,24,2025-08-10T13:58:41Z
yHcWuoy9X0g,Ugw2WaP-mO9vAc3Qvtl4AaABAg,@뽀얀_뽀링,지젤 여우꼬리 머야❤❤❤❤넘넘 커여어 ㅜㅜ❤❤❤❤,9,2025-10-05T12:19:42Z
yHcWuoy9X0g,Ugy-Y1mmpYDuVH1W43d4AaABAg,@qxxxxxxxxxxxx,このえりちゃん可愛いすぎんだけど,7,2025-09-07T00:48:43Z
yHcWuoy9X0g,UgyAifjFfdDkZUvvzQl4AaABAg,@癒してなんぼLABO,えりちゃんまた可愛くなってる,9,2025-09-12T09:52:57Z
yHcWuoy9X0g,UgzQGwLBMgE_TV8aTbJ4AaABAg,@shy4440,지젤 요즘 리즈다,5,2025-08-22T16:56:29Z
yHcWuoy9X0g,UgxuSNUIl6xCBhWwLjJ4AaABAg,@user-chypiuy2,아니 이거 지젤 미쳤다 미모 표정까지 너무 취저다 .. 어떡함,9,2025-08-18T12:00:28Z
yHcWuoy9X0g,Ugy8FuFqRtnp461XINt4AaABAg,@Rih5555,"지젤 진짜 너무 이쁘다
계속 예뻐지냐..",8,2025-09-09T23:37:48Z
yHcWuoy9X0g,Ugy86FEfivrgphH09Pl4AaABAg,@m__.3n1,지젤진짜 귀여워…🩷🫶🏻,7,2025-10-11T08:56:22Z
yHcWuoy9X0g,UgzEn2QY3pnSst5fmsV4AaABAg,@빵이랑언니야,지젤이 넘모 이뿌딩ㅎㅎ❤❤,16,2025-08-27T14:35:08Z
yHcWuoy9X0g,UgxMv1MFDM2WepiHZ7l4AaABAg,@Ace_rakish,카리나랑 지젤인데 이 영상 만큼은 진짜 카리나 안보이네...지젤 개 이쁘네....허....,4,2025-10-09T18:43:46Z
6V2VoIW6g_E,Ugy7Cy-VL8RV7I5iicV4AaABAg,@햄부기니워니,"워낙 카리나 윈터 투탑체제라서 그렇지,, 닝닝 지젤도 진짜 이쁘고 매력있음",527,2024-07-25T10:46:41Z
6V2VoIW6g_E,UgzW1DrAjy7QxNFZfR54AaABAg,@kkobi_kkobi,각자 포텐 돌아가면서 터지는거지,48,2024-07-29T01:52:13Z
6V2VoIW6g_E,UgzbO6HBTtJf02NrnDB4AaABAg,@westzero.,지젤력 미친다,33,2024-08-03T07:10:48Z
6V2VoIW6g_E,UgxunsNn-RwSGmJ1Q8d4AaABAg,@무궁이-y4p,"원래 장난 아니었음
다른 멤버들이 워낙 화려해서
눈에 덜 띄었던것 뿐",112,2024-07-22T06:34:11Z
6V2VoIW6g_E,UgxOEJOjbtgQi0q_Atl4AaABAg,@South_KOR,지젤 얘는 보니까 뭐하나 헤메 찰떡 걸리면 장난 아니던데.  ㄷㄷ,7,2024-09-05T12:59:14Z
6V2VoIW6g_E,Ugzml7cyUbpI_2UK04p4AaABAg,@355-1idh2,보이는 성격도 젤 괜찮은 거 같음 컨셉 과하지 않고,88,2024-07-22T14:38:55Z
6V2VoIW6g_E,UgzIu0cGjNhSbGNkoHh4AaABAg,@김마린-t5c,지젤님은 원래 장난이녔음 내 원핏...,6,2024-08-23T14:13:11Z
6V2VoIW6g_E,Ugz5BmRq8M-wduhHEad4AaABAg,@개나소나스나,지젤 점점 미친거 같음..역시 스앰 사람볼줄 안다구웃,97,2024-07-26T10:27:01Z
6V2VoIW6g_E,UgyyEQOZpi_qdAIiqVN4AaABAg,@안유나라,지젤이 초능력자나 특수요원으로 나오는 영화나 드라마 나왔으면 좋겠다,7,2024-08-05T16:41:39Z
6V2VoIW6g_E,UgwXvpc_o-HJlaHHGYZ4AaABAg,@AWTOP-f4q,난 원래 지젤 원픽이었음 ㅎㅎㅎㅎ자랑스럽다 에리짱,4,2024-08-20T11:01:23Z
6V2VoIW6g_E,UgyYA4xlMViGenItRj94AaABAg,@장자민-w1i,"울지젤이 헤어스타일 넘잘어울려~❤
너무치인다~사랑해!!매력쟁이",40,2024-07-21T04:26:25Z
6V2VoIW6g_E,UgwL92jxg3_SDUDKVKZ4AaABAg,@오혜인-z2e,개인적으로 좋아하는st임 거기다 똑똑해보여서 더좋아,5,2024-08-27T14:12:41Z
6V2VoIW6g_E,UgyKVyicjmNxstwMZn54AaABAg,@JackieAhn2000,"지젤이 너무 예뻐요.
첫눈에 반했습니다",13,2024-08-12T23:34:34Z
6V2VoIW6g_E,UgwWig_jV4XkFKOeURZ4AaABAg,@부먹찍먹-q3o,"에스파에서 육감 담당...
일단 돈많은 여자라서 좋음 헤헷",5,2024-08-14T08:47:45Z
6V2VoIW6g_E,UgyIxa8ZWwk19UF20zF4AaABAg,@cmmonnn,어제자 뿌까애리가 진짜 레전드였음..,8,2024-07-31T06:20:23Z
6V2VoIW6g_E,Ugyb8O9Y029sTZLoKLB4AaABAg,@맃프-b6r,진짜 이쁘다 ..,7,2024-08-14T10:47:02Z
6V2VoIW6g_E,UgxIvWi4vEdKPgwjahV4AaABAg,@시온14,지젤 진짜 매력 넘침 지젤만의 분위기가 있음,1,2025-05-06T23:16:23Z
6V2VoIW6g_E,Ugyp2il_6FTTEuTunhp4AaABAg,@canseemeu1899,ㅘ 지젤보소,5,2024-08-08T19:35:20Z
6V2VoIW6g_E,UgwBWZ5a5s6eN4doSGR4AaABAg,@잔다Zzz,몸매까지 다 합치면 에스파에서 지젤이 원탑 아닌가?,3,2024-08-22T10:21:09Z
6V2VoIW6g_E,UgyXHizywSstrdWvNIR4AaABAg,@시은-t2r,남들 카리나 윈터 외칠때 난 처음부터 지젤이었다.,3,2024-08-13T18:07:44Z
6V2VoIW6g_E,Ugxe80aSzK4mF6G93Zl4AaABAg,@모올러,어쩜 저 그룹은 모든 멤버가 다 개성 있게 예쁠 수가 있지 ㄷㄷ,8,2024-08-05T15:41:55Z
6V2VoIW6g_E,UgwGFDBD5rlmlsmDU2V4AaABAg,@새대갈-r6g,귀엽고 카리스마있지!,2,2024-09-05T01:39:54Z
6V2VoIW6g_E,UgzmVt2OAimFlm2MqDt4AaABAg,@darkmoon451,Giselle is só pretty,7,2024-07-29T14:44:42Z
6V2VoIW6g_E,UgzFTmao8ScYKxOyTyB4AaABAg,@빙쿠이,장난 맞음,2,2024-08-27T13:24:29Z
6V2VoIW6g_E,UgxpaQ6EQ4PNQi3XcSp4AaABAg,@nuruhafira,개인적으로 글래머러스한 몸매에서는 지젤이 원탑,3,2024-08-12T06:36:47Z
6V2VoIW6g_E,Ugx6BSSdMBwL8cEM2i94AaABAg,@User-defined974,비율볼륨은 지젤이 최고라고 생각함,12,2024-08-08T11:04:20Z
6V2VoIW6g_E,UgzddhHni2UVIV6Hygl4AaABAg,@most-x5y,지젤 갑자기 엄청 매력적이게 보이네...원래 저렇게 컸었나...?,7,2024-08-05T14:16:29Z
6V2VoIW6g_E,Ugy-LamxfFhvPCQz0oZ4AaABAg,@지따지-u6t,존나 이쁨,1,2024-08-27T10:23:05Z
6V2VoIW6g_E,UgxdZWp8Q1Sh1nN-RAR4AaABAg,@Nekorbmi,Aeri so beautiful.  All of æspa are so beautiful.,5,2024-07-26T00:21:59Z
6V2VoIW6g_E,Ugz1dWKjPJHzbWP0kUx4AaABAg,@축구을너무사랑한사람,지젤 한테 반했다..❤,0,2025-04-22T10:27:45Z
ZMEDjjdPQio,UgwWDREOjNpJ6gXI8ed4AaABAg,@alalal-00O,첨에 가까이서 얼굴 살짝 틀었을 때 윈터인줄,63,2025-10-21T17:58:41Z
ZMEDjjdPQio,Ugw2HiuUvs6Wp3tdQ8p4AaABAg,@SitiPoniastuti,"Giselle is so beautiful, her visuals are no joke ♡ my bias ♡",59,2025-09-14T01:42:57Z
ZMEDjjdPQio,Ugw68Vl371raRQKs3l14AaABAg,@leejk04,지젤 정말 왜이리 예쁨 정말 너무 예쁘다😭❤️❤️,152,2025-09-08T10:44:18Z
ZMEDjjdPQio,UgzYO-OFCpTSco9g1gV4AaABAg,@ppdttr,kurang panjang sell minimal sejam😭😭😭 LUCU BANGET RAMBUT KEPANG😍,13,2025-09-08T11:04:35Z
ZMEDjjdPQio,UgyNesSvI_CYE4EBbh94AaABAg,@이은재-m5v,지젤 So cute ❤❤❤,12,2025-09-08T13:14:26Z
ZMEDjjdPQio,UgybEgY-oyfDOtDpH1J4AaABAg,@HaVaniuAnhSangAZA,Giselle looks beautiful with soft makeup tones,10,2025-09-10T12:21:38Z
ZMEDjjdPQio,Ugw4ahmuFeSp-HZiIkJ4AaABAg,@Jammybells,"I stan the underated members, Giselle and Ningning",0,2025-09-09T13:48:36Z
ZMEDjjdPQio,Ugw-y2IFt0VfnbugSvV4AaABAg,@犬-z3m3x,えりが宇宙で一番綺麗だ,0,2025-09-08T12:56:17Z
ZMEDjjdPQio,UgzfQmA-KkjMp3Blg7h4AaABAg,@Tala_Branderhorst,Giselle is beautiful 😍,8,2025-09-11T02:26:49Z
ZMEDjjdPQio,Ugxb9SWRY5thTV8Q7vh4AaABAg,@HunnyBear480,Giselle is cool💙,14,2025-09-08T12:14:18Z
ZMEDjjdPQio,UgxfqBgtFYeD5xVmZM14AaABAg,@하면된다-n3f,아니 눈썹 넘 잘어울려 진짜 완벽 헤메코 ....,681,2025-09-08T12:15:46Z
ZMEDjjdPQio,UgycshkVW58o46FSinl4AaABAg,@GeminiGuy-z7m,Giselle pretty 😍 😘❤,6,2025-09-08T11:56:46Z
ZMEDjjdPQio,Ugw5VOvLjIf7fIFH3mR4AaABAg,@aeD4RK,It's need to be studied how GISELLE GETS PRETTIER EACH COMEBACK! 😍,529,2025-09-08T12:19:57Z
ZMEDjjdPQio,UgzyuJr0pMDZZFBJRvN4AaABAg,@우끼기-r1s,지젤은 큐티 프리티 다 갖고 잇네 ❤❤❤❤,12,2025-09-09T10:23:10Z
ZMEDjjdPQio,Ugxw2O3N_tBbs6vv3Nl4AaABAg,@Riddle_0824,すんごい衣装なのに似合ってるって😂,2,2025-09-08T11:13:38Z
ZMEDjjdPQio,UgxcdoZsCd2DuzgUGPl4AaABAg,@얌벼리루,메이크업 진짜 미.쳤.다...키츠 사랑해요,26,2025-09-15T06:30:51Z
ZMEDjjdPQio,UgzuEPIT7LzxnaZCkCZ4AaABAg,@G_Yomi,아니 진심 지젤이 진짜 많이 이뻐졌다,8,2025-09-13T08:33:47Z
ZMEDjjdPQio,UgwzFhu6WEarwMYHiyJ4AaABAg,@Mary-l2h8f,GISELLE THIS SHOULD BE ILLEGAL!!! YOUR SO PRETTY !!! ❤❤❤,13,2025-09-08T21:00:45Z
ZMEDjjdPQio,UgzzMHa3Vg645Gwx5dl4AaABAg,@jfejeran2570,Damn she looks so so pretty here,57,2025-09-08T18:10:37Z
ZMEDjjdPQio,UgwcwC90DlnzOF4f__F4AaABAg,@khalisaanurfitriiee,Giselle 🩷,9,2025-09-08T10:01:30Z
ZMEDjjdPQio,UgyE8duKYAXn_2h2WJ94AaABAg,@이혜진_주효린-h6m6i,눈밑에 뭐야 귀여워❤,19,2025-09-08T10:02:49Z
ZMEDjjdPQio,Ugx8RPKYFlOko-qJBRB4AaABAg,@Zundamoti1112,"えりちゃん三つ編み似合いすぎ！✨
笑顔可愛い！❤",164,2025-09-09T02:34:19Z
ZMEDjjdPQio,UgyYw492UYGQCoIiOzN4AaABAg,@파이어스나,리치핫걸 지젤❤❤❤❤❤❤,16,2025-09-08T11:50:13Z
ZMEDjjdPQio,UgywjNzncjJBZXAYtBN4AaABAg,@Etherealfoxyy,GISELLE serving as usual,2,2025-09-08T11:02:58Z
ZMEDjjdPQio,UgzSJjVkWDzYYLItfHR4AaABAg,@fourleqfcloverssৎ,This style suits Giselle a lot !! ✨💕,0,2025-09-08T16:52:02Z
ZMEDjjdPQio,UgyQv3N9hzZIORmk6pt4AaABAg,@서히-l6v,이쁘다💗,22,2025-09-08T10:01:33Z
ZMEDjjdPQio,UgyWCVsrNcQLc0gEBvd4AaABAg,@aeri_ddori,"おさげ似合う🥰
ネクレベ期思い出して懐かしい！",14,2025-09-08T15:10:14Z
ZMEDjjdPQio,UgzCYJ5m71tim6tslhV4AaABAg,@ホー太郎ファン,ゴツイプロテクターもジゼルが着ると可愛く見える❤,22,2025-09-08T10:03:16Z
ZMEDjjdPQio,Ugwjs42WnGx2w8GA0O14AaABAg,@y.uxn3,지젤이 넘모 이쁘당 ❤,0,2026-04-17T11:35:56Z
ZMEDjjdPQio,Ugwhnw1CXJSJ7iacTa14AaABAg,@schlend4,We need more braided hairstyles for Giselle ❤,2,2025-09-12T11:45:28Z
D47efv6WbtA,UgwyJ0UJETgSRwTa6o14AaABAg,@너에게가는길,지젤은 진짜 가버린표정이누,72,2025-10-06T05:28:42Z
D47efv6WbtA,UgzsTcTLDpVU_l5Zue14AaABAg,@jsz7777,둘다 남심을 너무 잘 알고있음ㅋㅋㅋㅋㅋㅋ,1,2026-06-21T02:39:47Z
D47efv6WbtA,Ugz8GY9obZ1KIuTkFz14AaABAg,@tttt-xy3oj,남친지령,34,2025-12-14T15:49:35Z
D47efv6WbtA,UgztW6zHqWXEXUIw_Jl4AaABAg,@건빠love,이뽀 소미❤,11,2025-08-25T02:51:17Z
D47efv6WbtA,UgwByakXPvRl9pq6g-94AaABAg,@땅땅아사랑해,ㅗㅜㅑ ❤❤❤,12,2025-08-22T13:26:04Z
D47efv6WbtA,UgxgWI9-GJ0DlT2aIMh4AaABAg,@도준삼,어흐 소미야,1,2026-04-16T11:53:04Z
D47efv6WbtA,UgycIzBXNv_JYIkfxfl4AaABAg,@ljm8901,와,7,2025-10-14T13:37:50Z
D47efv6WbtA,UgwRcKywK8Dsq04yZl54AaABAg,@duftlagltkfwk-u8q,지젤은 남친 미션임 동영상도 찍었을듯,16,2026-03-05T05:50:57Z
D47efv6WbtA,Ugwy-CLgLUdnSN3YsbJ4AaABAg,@파쿠르한다1234,ㅗㅜㅑ,10,2025-09-13T03:45:44Z
D47efv6WbtA,Ugz3vV_61-k_5E1YaXh4AaABAg,@user-darkdoor,✌️🥵✌️,0,2026-04-24T07:27:44Z
ieolsS4ZygY,UgyD6sPOaf-FCsOiypN4AaABAg,@leejames9895,실물은 지젤,89,2025-01-03T16:26:59Z
ieolsS4ZygY,Ugywy_g1vQlQpHcKuEl4AaABAg,@hanhan-n6e,근데 카리나가 몸매가 좋은 건 알지만 솔직히 난 지젤이 더 몸매는 좋은 거 같음,258,2024-12-09T14:39:35Z
ieolsS4ZygY,UgynJFF0UUKpzLYzYRp4AaABAg,@올뿌12-3,너무 예쁘당❤,2,2026-06-03T03:14:46Z
ieolsS4ZygY,UgyMmSKPKC3doBCIZTp4AaABAg,@킴맇,지젤 화이팅❤ㅜ너무 예쁨,23,2025-03-06T16:23:56Z
ieolsS4ZygY,UgwVsD_OQPFXHCJ2FBV4AaABAg,@misccmiscc,지젤이 드디어 주목 받기 시작해서 너무 좋다!!,34,2025-04-07T12:31:54Z
ieolsS4ZygY,UgzdruLEFRQPWBF7nux4AaABAg,@아-b7r8q,허리가 짧아서 스탈리스트의 노고가 더 느껴짐..,26,2024-11-30T06:55:22Z
ieolsS4ZygY,UgxRkWQnbaEUx3hd1uh4AaABAg,@menes852,다른 그룹이었으면 센터 비주얼이다 ㅋㅋㅋ,4,2025-09-05T10:47:56Z
ieolsS4ZygY,UgznKyRk_Chr9qR7kCl4AaABAg,@TaeTae-t7r,에스파 핫걸은 지젤이다....,6,2025-03-02T07:57:50Z
ieolsS4ZygY,UgzxaAb7f4XXEzqGbWt4AaABAg,@JackieAhn2000,메이크업 안해도 미모가 더 돋보이는 미인,0,2026-04-28T13:31:53Z
ieolsS4ZygY,Ugy1-sQYAsmRE_ZPzBd4AaABAg,@dragon2-die,"지젤 넘모 예쁘고 기여움
항상 화이팅!!!",6,2025-03-20T11:38:32Z
ieolsS4ZygY,UgzQexntj6CfHqcaqnB4AaABAg,@고앵이djser,지젤 맨처음 무대 공연 무슨노래예요?? 개이쁘네,8,2025-04-19T06:55:10Z
ieolsS4ZygY,UgxQRNAZtxuf0xVrpNZ4AaABAg,@참치테란,난 몸매는 카리나보다 얘가 훨씬 더 좋던데,230,2024-09-02T00:06:50Z
ieolsS4ZygY,Ugz1EQwM4whfBRBHbIF4AaABAg,@키읔-x3t,지젤이 허벅지도 좋음,142,2024-07-22T12:15:15Z
ieolsS4ZygY,Ugzhsd4ebqT-HrqgiBB4AaABAg,@아라한장풍대작전-q9f,에스파 짱!!,2,2025-04-14T13:00:18Z
ieolsS4ZygY,UgxhyOBMarT6pXUaywF4AaABAg,@몽글몽글강아지-s2x7v,난 어쩐지 카리나를 최애가 됐다 지젤로 갈아탐,12,2025-01-22T12:17:59Z
ieolsS4ZygY,UgwaEMaG3wii7I8-vX14AaABAg,@아나나라잔서공주,완전핫걸지젤,3,2025-04-15T03:40:44Z
ieolsS4ZygY,UgzcK-54F6dyXLe-QVJ4AaABAg,@ds1puu,취미로 아이돌 하는 지젤....,1,2025-08-14T15:34:21Z
ieolsS4ZygY,Ugy7ljDRUE4J6AJ8WW54AaABAg,@yangyang-ij2qb,❤❤❤,1,2025-04-19T17:40:45Z
ieolsS4ZygY,UgyX_HRXXv5thCE91Rd4AaABAg,@세찬유-n8z,"카리나는 글래머인지는 모르겠음
지젤 권은비 보면 누가봐도 글레머라고 찍힌 사진이 있는데
카리나는 글쎄 원래 어중간하면 글레머라고 칭송받는데
권은비가 찐이지",2,2025-07-18T14:10:50Z
ieolsS4ZygY,UgxFS4q3OEAOiO_bP4N4AaABAg,@난나야7,"상체는 닝닝 하체는 지젤
성격은 카리나 인성은 윈터",4,2025-07-05T17:40:09Z
ieolsS4ZygY,UgwTM4cXgta-RHCWQSR4AaABAg,@기록용임걍,왜 댓이 없지?? 첫번째로 댓글 써ㅛ어요,5,2024-02-08T14:37:05Z
ieolsS4ZygY,Ugxuj_6_qC3XzNsFLWl4AaABAg,@sunflower_______,ㄷㄷ,0,2025-01-04T18:51:15Z
ieolsS4ZygY,Ugy8o9H8tDl49Jodjo14AaABAg,@글로우서울,지나 상위호환인거 같아,0,2025-07-26T19:27:54Z
ieolsS4ZygY,Ugzzmtr-qCO0ooyRuiN4AaABAg,@jsejun,카없지왕,0,2025-06-21T05:47:26Z
ieolsS4ZygY,UgzB3GrIp7Dcrh5e4eB4AaABAg,@멍순이123-z3s,윈터가 더 좋다,3,2024-11-28T06:14:32Z
ieolsS4ZygY,Ugwx4tiUvaT9P5zW7At4AaABAg,@A톤트럭-x5c,아이돌 화면보다 훨씬 말랏지.실제론....,1,2025-05-04T21:19:00Z
ieolsS4ZygY,Ugyo5CziT5M6MW0KvnF4AaABAg,@이국희-p3t,"얘는 사지가 정말 길더라
서양 얘같음",0,2025-04-10T02:32:44Z
ieolsS4ZygY,Ugzj_o-ff5p3K7ZWa0V4AaABAg,@o8o-os,근데 솔직히 카리나가 볼륨있는 몸매는 아니지않음?,7,2025-01-15T04:43:26Z
ieolsS4ZygY,UgyF_Fs_8J56YEL-9e54AaABAg,@내마음대로산다,"금발 카리나는 이길수 없더라 
하지만 지젤형이 조금더 좋더라",0,2025-03-02T23:20:37Z
ieolsS4ZygY,UgzGpVeSU19YU3_HFKt4AaABAg,@user-hx6qq7kg4p,껌딱지 ㅇㅌ랑은 비교불가네😂😂😂😂,3,2025-03-04T12:17:04Z
reoZS8b97iY,UgxAd6wRkhbB8gvhddJ4AaABAg,@aeD4RK,지젤은 애니메이션 마법소녀 캐릭터 같아요 ㅋㅋ,6512,2025-01-16T06:53:44Z
reoZS8b97iY,UgwcLBPKJ7vqTcGPCGx4AaABAg,@aeD4RK,"지젤은 바비인형처럼 너무 귀엽고, 그녀의 미소는 너무 달콤해요.... 저는 이 사랑스러운 지젤을 정말 좋아해요!",2818,2025-01-16T06:55:04Z
reoZS8b97iY,Ugx2g-GIyj3iujDxOG14AaABAg,@jalynnkim9426,사람이 어떻게 이렇게 예뻐....?,1755,2025-01-24T04:00:46Z
reoZS8b97iY,Ugx-Pxiy-_P1DaH3DV14AaABAg,@blueorange0,아니진짜 다른데는 다 수채화같은데눈만 또렷해 신기햐 너무이뽀,1378,2025-01-18T05:16:55Z
reoZS8b97iY,UgzXHPIx2lSUAclXWOh4AaABAg,@user-iy5vp7rd8p,スーパージゼルタイムも好きだけど、これもめっちゃ可愛くて好き♡♡♡,68,2025-02-21T16:44:46Z
reoZS8b97iY,Ugx6suytL9pTdxvQGeV4AaABAg,@Zen-n5v,캐캐체 아무같다ㅋㅋㅋㅋㅋㅋㅋ ㄱㅇㅇ,385,2025-01-16T03:48:16Z
reoZS8b97iY,UgycJIDRvIRHGdkjfzx4AaABAg,@lktyae,핑크머리 잘어울리는 내맘속 1위 연예인,23,2025-06-09T00:44:34Z
reoZS8b97iY,UgzEH0L6MXk4PMlTAeV4AaABAg,@aeD4RK,Giselle doing Sulli's part so faithfully; SULLI WOULD BE PROUD SEEING THEIR SUCCESSFUL BABY SISTERS! 😭🙏,789,2025-01-20T04:04:53Z
reoZS8b97iY,UgykDyIfQ0y4tugoqI54AaABAg,@aeD4RK,Giselle's swag and sweet vibe did Rum Pum Pum Pum full justice.... Nobody else can cover this song better than her or Aespa!,1020,2025-01-14T12:17:19Z
reoZS8b97iY,Ugw5j2DiRdibNeDDK9Z4AaABAg,@하츄_토수니,ㅋㅋ 애니메이션 캐릭터 같아🩷🩷 지젤 핑머 너무 예뻐❤,44,2025-03-25T08:34:01Z
reoZS8b97iY,UgxgqMGSvAqFmE0ejLl4AaABAg,@turu327,スカートのチェック柄と髪型でしゅごキャラのあむちゃんみたい、かわいい🩷,40,2025-01-24T09:08:15Z
reoZS8b97iY,Ugw0kPOwNtH2uSE3CcJ4AaABAg,@뵹뵹-o3x,이 영상 왤케 토끼같냐 ㅋㅋㅋㅋㅋㅋㅋㅋㅋ 사랑스러워,629,2025-02-12T19:08:07Z
reoZS8b97iY,UgzQC1RFlV1M5UiPEpF4AaABAg,@설콩쨩,와... 일본만화 여주인공같음.. 지젤력❤,3,2025-05-24T12:17:30Z
reoZS8b97iY,UgzQxP0hztJaJUuDadx4AaABAg,@user-dhdhdhdhd,태어나서 핑크머리 이렇게 잘 어울리는 사람 처음 봄……,264,2025-02-03T05:58:13Z
reoZS8b97iY,UgywN6iNDq1SNXhLp4B4AaABAg,@user-nachylo114,지젤력 미쳤다;;  그냥 지젤퀸임,9,2025-03-02T13:04:13Z
reoZS8b97iY,UgyWS7KOza86TR2QLtN4AaABAg,@Nymphiiah,Why does this part actually fit her so well? Like i can easily hear her singing this part 😂❤,70,2025-03-03T16:57:21Z
reoZS8b97iY,UgwZnQJ_fLsmnMfMHUJ4AaABAg,@희연-m8l,인간 바비인형 젤이💜,12,2025-04-10T12:02:37Z
reoZS8b97iY,UgyrSgGFUwNuXU9a13l4AaABAg,@민정-e1j,캐캐체 아무같음 개이쁘네,55,2025-01-15T17:21:11Z
reoZS8b97iY,UgxZv07tGMozRevawE14AaABAg,@そあまる-hR328,髪色似合いすぎ（かみいろにあいすぎ）,1,2025-04-28T22:52:08Z
reoZS8b97iY,UgyvCYc8mQHuvFgyzTl4AaABAg,@탱구-EHOI,아니 애리 넌 내 마지막 사랑이야,9,2025-01-14T13:06:00Z
reoZS8b97iY,Ugz_9IHuHPywl_VfR5t4AaABAg,@Fall_fromtheorangetree,지젤 완전 캐릭캐릭체인지잖아,3,2025-01-15T23:32:34Z
reoZS8b97iY,Ugzxgz-hN3vI0oFyIZR4AaABAg,@김미영-f3f8c,지젤은 신이긴하지,3,2025-03-29T04:52:07Z
reoZS8b97iY,UgxIHsk7Dgi0coeJOQJ4AaABAg,@ZUERODRIGUES,I love you Giselle 🩷🩷🩷,9,2025-01-18T22:41:57Z
reoZS8b97iY,UgyP27NjhNBb038LUpZ4AaABAg,@토깽이65,"불 꺼졌을때 외모 미쳤다
아니 걍 둘다 예쁨; 지젤 너무 예뻐짐",14,2025-03-12T13:27:51Z
reoZS8b97iY,UgyK5cWcAmCj8x_xMVZ4AaABAg,@뿡빵-z9v,캐릭캐릭 체인지 같다고 생각하고 왔는데 역시 다 똑같아...,7,2025-01-23T12:21:37Z
reoZS8b97iY,UgyF7z-Mk0QgaTOOLgt4AaABAg,@lumingbro,진짜 귀여운 영상! 애니메이션에서 튀어나온 것 같아,25,2025-02-27T19:13:34Z
reoZS8b97iY,UgzBFPePgFyYHLWZyO54AaABAg,@민하랑-f1d,당신은 나의 쇼콜라입니다.,1,2025-05-14T14:27:33Z
reoZS8b97iY,UgyLlZI4M1BEGmYCbI54AaABAg,@정시은-t7g,지젤 여기서 머리만 짧으면 완전 캐캐체 아무,3,2025-01-14T18:04:42Z
reoZS8b97iY,Ugw_HyDbYH-CtTGJPqJ4AaABAg,@りさ-g5z2o,可愛すぎるまじ可愛すぎるしゅごキャラ,0,2026-06-20T17:38:17Z
reoZS8b97iY,UgxgT_jj9387tQF3JlJ4AaABAg,@빙봉-t3d,지젤 미모 어카냐고ㅠㅠㅠㅠ,3,2025-01-22T16:46:06Z
4hfuMOXVUbg,Ugw0FPsxAcfBzAqHGaN4AaABAg,@mangggu-f4l,코는 그렇다치는데 윤곽은진짜 안해도되는거였는데..너무과한욕심이다 진짜 괜히 건들여서 쳐질거같은데,94,2026-02-12T21:55:08Z
4hfuMOXVUbg,UgzF1P7Zqs7Gc14O4Wd4AaABAg,@chaesanders7752,어~ 코가 너무 커서 좀 부담스럽고 무거워 보이는데 좀 만 작으면 더 어려보일거 같아요.,1944,2025-08-11T04:47:41Z
4hfuMOXVUbg,UgzvqKsZoqQNvlAKlFp4AaABAg,@천억자산가-k2t,요즘은 누가 봐도 나 코 수술했어요 보이게 수술하는 것이 유행인가봐요? 어쩜 저렇게 코를 요상하게 수술하지? 성형 자연스럽게 이뻐야 진짜 아닌가요? 배우 할 것도 아닌데 코가 피노키오네,133,2025-12-29T07:39:57Z
4hfuMOXVUbg,UgyiBsur_6xY6eqstcZ4AaABAg,@Vantalkman,이뻐지긴 했는데 갠적으로 성형 안한 그런 먼가 자연스런 얼굴이 좋음.. 성형은 인스턴트 음식 같음...,292,2025-10-23T06:34:18Z
4hfuMOXVUbg,UgzFMI_nf-gg6_EwBX54AaABAg,@petanimal1590,정면은 괜찮지만 옆모습이 부자연스럽고 티가 나서 차라리 안하는게 나음. 성형전도 나쁘진 않음.,745,2025-10-03T00:25:12Z
4hfuMOXVUbg,UgzOhb8U8Wv5E0QBF8J4AaABAg,@llliillilllliilllllllllllll,얼굴형이 원래도 거슬리는 라인은 없는것같고 괜찮은데 광대쪽만 좀 더 깎은 느낌? 말린 친구는 아마 뼈를 건드리는 수술이고 위험도가 있으니 말린것같아요 크게 모난 얼굴형도 아니라서,15,2025-12-19T12:09:05Z
4hfuMOXVUbg,UgziLvltH5fdesdw9jZ4AaABAg,@bush-h3e,원래 얼굴은 귀엽상인데 결국 강남상을 선택하셨네요...,145,2025-12-17T16:03:05Z
4hfuMOXVUbg,UgxHpOt_w8_kmljQUEB4AaABAg,@yoonagain111,코는 조금 낮아도될듯요,498,2025-08-09T04:15:47Z
4hfuMOXVUbg,UgzDApD1HpW4aUf13S54AaABAg,@JkB2030,수술후가 이뿌게 화장덕인지 수술덕인지 어렵다,7,2026-02-21T11:01:17Z
4hfuMOXVUbg,Ugy3o_mErvK6fMjW6n94AaABAg,@Qlwn10711,콧불이 문제가 아닐까..,207,2025-08-08T10:17:24Z
4hfuMOXVUbg,Ugw4mrDcNDi33AhtIOp4AaABAg,@jjjyoum,기본얼굴이 이뻐서 화장만해도 되었을텐데,578,2025-09-08T08:10:18Z
4hfuMOXVUbg,UgwaShVuTN7Tjd_ixqJ4AaABAg,@bella-x3e3n,윤곽을 해서 예쁜거예요 얼굴형 그대로면 눈코만 커진 느낌….,245,2025-08-09T02:23:38Z
4hfuMOXVUbg,Ugzp8zBU6_TrTKwP7ch4AaABAg,@sang-i3m,지금은 이뻐져서 기분좋을지 몰라도. 나이들면서 어떻게 변할지 아무도 모른다. 성형수술 정말 신중해야한다. 정말...,126,2025-11-06T18:57:04Z
4hfuMOXVUbg,Ugw7DodKM56jpbIMj0p4AaABAg,@lulu-pw3dk,그냥.. 평범하게 이뻐진 얼굴로 바뀌었어요.,1,2026-07-04T13:59:15Z
4hfuMOXVUbg,UgzdaBpOEwr9bwNsJ9J4AaABAg,@미니밍-u6i,이주빈 느낌있네,22,2025-08-08T15:41:55Z
4hfuMOXVUbg,UgzrJy3v1NCOVPgdie14AaABAg,@정미란-z4v,아니 머리도 저렇게 해 놓고 화장도 안하고 크게 차이를 모르겠는대여 ㅠㅠ,81,2025-08-08T14:13:36Z
4hfuMOXVUbg,UgyOSS7YdI0PIIbjD154AaABAg,@wayrr-h6q,선하게 예쁘시게 잘되신것 같아요 코만 약간 더 낮았으면 더 자연스럽게 되셨을것 같아요,10,2025-11-03T08:55:37Z
4hfuMOXVUbg,UgxwN0DcF031gKpGptB4AaABAg,@채인지,성형전 얼굴도 순수해보이고 예쁘네요,188,2025-10-10T13:20:46Z
4hfuMOXVUbg,UgwBSgyKf_Gc77Eev1J4AaABAg,@c5h3v,돈드려한거에 비해서 ᆢ나이먹어서 오는부작용이랑 시간지날수록 피부처짐생각하면  안하게  얻는게 더 많은얼굴이었음 저정도 전후는    화장전후로 만드는게 더 맞는듯,61,2025-10-17T19:10:47Z
4hfuMOXVUbg,UgzP2HpaBkiitooaJWp4AaABAg,@HJ38890,"이뿌긴한데
누가봐도 성형한코는핱음",2,2026-06-21T05:39:42Z
4hfuMOXVUbg,UgweEPJvUt7JvRiJu1l4AaABAg,@illliiillililill,한국 성형 기술이 날로 발전해서 자연미인들이 성형미인들 사이에서 살아남지 못하겠구나ㅋㅋㅋㅋ 하지만 성형미인들이 자연미인들만의 분위기는 절대 못따라가긴함,60,2025-08-09T08:21:43Z
4hfuMOXVUbg,UgyAGXc0ZqTbRNONRU94AaABAg,@도베르만-djdjejj,아고 예쁜 얼굴을 다 갈아엎었네..,1,2026-07-03T08:26:33Z
4hfuMOXVUbg,Ugw70uJQrNc865F_UvJ4AaABAg,@오마갓갓갓,얼마드셨는지 옆모습도 이쁘고 엄청 이뻐지셨네여  성형했으면 한 티가 나야져 이렇게 예뻐지면 티좀 네도 데여,4,2025-12-04T13:28:10Z
4hfuMOXVUbg,UgwRQDUubUNn_nr8BrF4AaABAg,@user-jx3mr3tk6y,코를 작고 오똑하게 했어야 할 스타일,1,2026-07-01T16:53:37Z
4hfuMOXVUbg,UgwdjblFzrtbgmgfhkd4AaABAg,@뷰티풀-u8y,"왼쪽쌍꺼풀도 하셨네요~  
근데 이쁘게 잘되었어요",6,2025-10-19T10:37:08Z
4hfuMOXVUbg,UgxG0MLdlNyjdUK6Np94AaABAg,@인간치킨,??? 근데 진짜 주변사람들 말대로 윤곽은 굳이 싶은데,2,2026-05-21T19:45:26Z
4hfuMOXVUbg,Ugz2c1PV3Ttt7gtYMGd4AaABAg,@화랑-t9g,성공하셧네,4,2025-12-01T09:43:43Z
4hfuMOXVUbg,Ugyj8IHEpnV9MMApDT94AaABAg,@kyungtackko8963,시기 질투의 방법도 소름 돋게 다양하네,1,2026-06-14T13:35:11Z
4hfuMOXVUbg,Ugz28x9NdveqG4e3Acp4AaABAg,@동인-e3g,잘했네요~~~😊,8,2025-08-10T15:27:40Z
4hfuMOXVUbg,Ugw_qou4QemasZEjyA54AaABAg,@happpydream,성형전도 예쁘신데 하고나니 넘예쁨. 솔직히,1,2026-06-22T12:20:32Z
4na2RU5YS1g,Ugxb4cdGKyLsFXtgQad4AaABAg,@케이-g2f,여기서 더하면 좀 과할거 같은데. 강박증 없이 여기서 딱 끝냈으면 좋겠다.,7174,2025-08-24T12:10:08Z
4na2RU5YS1g,UgwQWdrz8DrC-yOFFFJ4AaABAg,@햄부기-p4v,"Sm 튜닝은 진짜 대박임 
효연 웬디도 장난아님 야금야금 진짜 예쁘게함",2402,2025-08-30T11:12:55Z
4na2RU5YS1g,UgynQPNnbSNewvVFYIh4AaABAg,@예응-e5g-c5p,눈이랑 광대쪽이 달라보이는데 너무 이쁘다 진심 비꼬는 거 아니고 성형 너무 잘했다 성형 이렇게 잘 되는 것도 팔자임,4136,2025-08-25T12:51:01Z
4na2RU5YS1g,UgzfyCh_gaqt0Svd34J4AaABAg,@gabin1day,눈이 엄청 선해졌네,3915,2025-08-22T10:54:08Z
4na2RU5YS1g,UgysIJIJjul7g8ohir54AaABAg,@kimjohn7548,데뷔땐 4명다 다르게생겼었는데 지금은 다비슷하게 닮아가고있음..아버지가 한명인가,710,2025-08-28T15:51:31Z
4na2RU5YS1g,UgxFEAzTFLF2Nvt39zV4AaABAg,@user-do-0201,삼각존 진하게 채우고 눈꼬리 내려그리는 메이크업이 진짜 잘 받는 듯 최근에 뜬 티저에서는 또 이 느낌 안 나더라고요ㅋㅋ 직경 큰 렌즈+눈꼬리 내리는 메컵하면 엄청 청순해짐 찰떡...,1673,2025-08-27T12:18:49Z
4na2RU5YS1g,UgzZD1TCvvSSrsFnhmF4AaABAg,@이-y6z8t,광대가없어진느낌이들어요.얼굴형이너무이뻐졌어요...^^,1872,2025-08-25T10:59:51Z
4na2RU5YS1g,UgwvI36rrOii1EDCZBJ4AaABAg,@으라챠-n5i,SM병원만 가면 다 얼굴 비슷해지는게 신기해,613,2025-08-26T08:59:58Z
4na2RU5YS1g,UgxKrn5bQj1OG_HDV-14AaABAg,@루나17-x5g,모든 멤버가 성형이 다 잘된 케이스,723,2025-08-28T06:57:50Z
4na2RU5YS1g,UgyYAbN7f_qz_DZ2Mut4AaABAg,@mon-zm8jd,"나 스엠에서 데뷔 안해도 되니깐 
관리랑 성형만 잗고 나갈게 알아서ㅠㅠ",1069,2025-08-21T14:13:29Z
4na2RU5YS1g,UgyzYOli45wwAcD5Z1l4AaABAg,@벽침,"성형도 성형이겠지만 아이라인 내리고 밑트임으로 메이크업한게 진짜 잘  어울리네 
요즘 너무 예쁘네",554,2025-08-24T15:53:23Z
4na2RU5YS1g,Ugz5tJUBnBo2a2ha5Bh4AaABAg,@Sue-kj9nm,진짜신기하다 데뷔초사진이랑 같이보면 진짜 엄청 다름,113,2025-08-27T11:04:20Z
4na2RU5YS1g,UgzXuyzqIIGotUtjPTZ4AaABAg,@뱜x7b,요즘 성형기술이 굿,18,2025-08-27T06:18:51Z
4na2RU5YS1g,UgxXxsT01RLJc_04saN4AaABAg,@BTS--V--S2,ㄹㅇ 육수들 댓글 가관이네 ㅋㅋㅋㅋㅋ,2,2025-10-16T09:32:38Z
4na2RU5YS1g,Ugwu3ZmHwp4DFZ81Tpt4AaABAg,@Yammmm3446,"눈 사방트임 무조건임<<주변에서 꽤 한사람있어서 앎 몬가 티 안나먄서 이뻐짐 화장법이 바꼈나??이럼서ㅋㅋㅋ+이마교정, 윤곽, 시술(울쎄라, 쥬베룩볼륨, 필러등등)~~ 이마랑 윗입술도 도톰하게 필러 살짝 더 넣은듯 아랫입술은 전에도 좀 도톰했음 이마는 납작했옸는데 볼륨감생겨서 코라인이랑 더이뻐보임",306,2025-08-28T22:07:24Z
4na2RU5YS1g,Ugz0wOrN0_2Imu5447d4AaABAg,@user-mini92,아니 지젤인지 못알아보것네;;예전이랑 너무다르잖아,54,2025-08-28T05:01:08Z
4na2RU5YS1g,UgxslRFHAGW6cKQzA2F4AaABAg,@요하이하이-g3z,나도 sm성형받고싶다ㅜㅜㅠㅠ,10,2025-08-31T15:09:05Z
4na2RU5YS1g,UgyF-Mc_TdNM-vJfjMp4AaABAg,@정우김-g3k,골격이 달라졌네.,350,2025-08-21T21:35:22Z
4na2RU5YS1g,UgzFiMF3fbEkxMiOV_R4AaABAg,@iiiii-v3r,돌려깍기? 광대도 있고 얼굴 상안부가 넓었는데 그게 없어짐 눈도 다시 손댄거 같고 sm 협력 병원이 잘 고치긴 하는데 성형 중독되서 태연처럼 될것 같음,99,2025-08-29T03:01:07Z
4na2RU5YS1g,Ugxrwkfy5K8XfmOCGYZ4AaABAg,@breath2,데뷔한 게 신기 좋아하는 사람도 신기,17,2025-08-27T18:47:14Z
4na2RU5YS1g,UgwTKJT0hgcCltOCjUJ4AaABAg,@user-ls9dj4xs1b,에셈은 활동도 열심히 하는데 짬짬히 튜닝 잘 하는거 같음,78,2025-08-28T22:32:02Z
4na2RU5YS1g,UgydWDLjU7rAAR2EzFJ4AaABAg,@LALA-sr9il,젊은 함소원같은데..,345,2025-08-25T04:15:31Z
4na2RU5YS1g,UgyeFMAYNGpeFDI8FHF4AaABAg,@Channel-od2mr,"쌍수, 트임, 지방재배치, 심부볼 제거 다 한 거 같은데 모르겠고 걍 부럽다",440,2025-08-22T16:00:50Z
4na2RU5YS1g,UgxkeVl1JK3nGW6yH2x4AaABAg,@Yeahusawyou37975,"눈화장법이 달라졌고 확실히 바뀐건 입술 필러 . 입술 필러는 백퍼 맞음 .
눈을 건드렸다기에 쌍수 정도가 맞고 밑트임은 화장으로 하는거 같음.
얼굴크기는 데뷔 초창기에 한번 큰공사ㄹ로 돌려깍기 해서 또 깍은건 아닌거 같고 살이 많이 빠지고 리프팅이 맞는듯 .",12,2025-08-28T03:33:15Z
4na2RU5YS1g,Ugz0Z8NOC0ImyxoPeIh4AaABAg,@반대호-l9r,활동 휴식기 = 튜닝기간..,8,2025-09-08T15:01:34Z
4na2RU5YS1g,UgxLNhkC7UM02hj-VLZ4AaABAg,@bofuthereturn,에스파 애들은 전부 갈아엎었구나,3,2025-08-28T06:23:06Z
4na2RU5YS1g,Ugzt7VH0_wE5UUe3aOJ4AaABAg,@gentle580,성형 더 했다가는 현타온다  ㅋㅋ 30넘어봐  흘러내려서  결국엔 또 고치고 또고치고   반복 ㄷㄷㄷㄷ,5,2025-09-12T00:06:30Z
4na2RU5YS1g,UgywmToBRALss51FUMt4AaABAg,@지아조-m9p,지젤 데뷔초때는 거의 보이지 않은 인라인이었는데 지금은 인라인에사 인아웃라인 사이임,148,2025-08-22T17:45:52Z
4na2RU5YS1g,Ugymja2F77D-hWtTw514AaABAg,@3344-z1h,"다이어트영향을 대부분으로 보시는것같은데
해봤자 반일거고 나머지는 시술이랑 성형이쥬",4,2025-09-18T18:01:24Z
4na2RU5YS1g,Ugy2LdNBSRWabK1lpTF4AaABAg,@namaridamaja,"지젤 과거사진 검색하면
무슨 갈색 정사각형 교포같이 생김",15,2025-09-02T06:08:25Z
LY-XMKmtisw,UgxfpXxQr8mu4NV183h4AaABAg,@favour4150,Ningning was probably begging to do this challenge. She’s dancing so excitedly. 😭,11144,2024-11-02T11:00:35Z
LY-XMKmtisw,UgzND3UYJHkJiaFkxZF4AaABAg,@drevmerr,Ningning literally blends with kiss of life 😭❤,14914,2024-11-02T11:43:03Z
LY-XMKmtisw,UgwerBDZ3ZCg8J9REFB4AaABAg,@eachandevery39,닝닝이 요 챌린지 만족도가 매우 높은듯ㅋㅋㅋㅋㅋ,22191,2024-11-02T10:43:44Z
LY-XMKmtisw,UgwnSEFdSiMvGFU96dl4AaABAg,@Rozzness,Ningning dancing like the rent is due👏🏽🔥,1380,2024-11-04T05:36:09Z
LY-XMKmtisw,UgxeURiALKP88O4kRD54AaABAg,@user-li9vp7ki1j,닝닝이 진심 하고픈거해서 신났넼ㅋㄱㄱ큐ㅜ 근데 왜신난지알겟다 진짜 찰떡인듯 걍 딱 본인한테 맞는옷입은느낌임,819,2024-11-03T11:27:38Z
LY-XMKmtisw,UgyJM8nfyM6LZCq0oaV4AaABAg,@arnetta314,ningning is feeling the song 😭,6968,2024-11-02T11:06:37Z
LY-XMKmtisw,Ugy3u1BpaeS-8XhTzpN4AaABAg,@xxxxxxrxxxxx,넷 다 핫걸력 ㅁㅊ음,4159,2024-11-02T10:10:34Z
LY-XMKmtisw,UgxXCV8D8j1FFzV1AWx4AaABAg,@soulfully_stay,NingNing ATE this so hard. The energy was showing!!,3970,2024-11-02T10:43:53Z
LY-XMKmtisw,UgwJhRznfazT9sTGzxx4AaABAg,@25thnight-xk7rl,NINGNING?!! She slayed this kind of concept so much! 🤩😳,525,2024-11-03T05:51:47Z
LY-XMKmtisw,Ugyizq8BUCZCri-a_EF4AaABAg,@rubytt824,"its like ningning waited for this moment to come so long, my slayful girlie",509,2024-11-03T22:31:22Z
LY-XMKmtisw,Ugw4_rKueYzbIfmVE7N4AaABAg,@秋-i7d,"I can't stop watching. Ningning looks so cute and excited as she dances, she might wake up the raccoon on her shoulders. 😭😭",6898,2024-11-02T20:43:18Z
LY-XMKmtisw,UgwRLpXGBBMo3ZuRz014AaABAg,@딸기맛-우유,닝닝은...닝닝은...와..진짜...뭔가 다르다,4721,2024-11-02T11:49:50Z
LY-XMKmtisw,UgzuUK3z-kvEuYR3ZQZ4AaABAg,@LU-ym8vp,닝이 이런 춤 좋아하나봐 ㅌ ㅋ ㅋ ㅋ ㅋ 에스파도 이런 컨셉 한번 내줬으면 좋겠다,4660,2024-11-02T11:17:15Z
LY-XMKmtisw,UgxeBPyihu29caxcKfx4AaABAg,@carla1185,Giselle's baddie aura is out and I love it sm ♡♡♡,123,2024-11-04T11:35:47Z
LY-XMKmtisw,UgxAOY8dMNFdl0NsuyV4AaABAg,@NaNa_spill,"It's so satisfying to see Ningning dancing to this song. It's like this dance was made for Ningning, it fits Ningning's cute, sexy, and flirty vibe just like Haneul too",1543,2024-11-03T09:20:06Z
LY-XMKmtisw,UgyTax2xI99OR0Bzrut4AaABAg,@xia_on_,"닝닝 에스파 노래보다 더 열심히추네ㅋㅋ
신났구만ㅋㅋ날아다니네 카윈에 가려진 인재",9794,2024-11-02T10:08:41Z
LY-XMKmtisw,UgyeFy40vH7qDkIq9jF4AaABAg,@ll1IIIinla11lI1lliI,"닝닝 잘 추네ㅋㅋ
닝닝이랑 나띠랑 대형 연습생 짬빠라 춤선 태가 다르긴하네",2047,2024-11-02T10:20:39Z
LY-XMKmtisw,Ugxj8x0_jc9gsri_wHd4AaABAg,@최영훈-b9z,닝이 이런느낌 하고싶엇구나 ㅋㅋㅋ,9436,2024-11-02T10:58:16Z
LY-XMKmtisw,Ugx8-jVdPGKynTwBY7B4AaABAg,@doubledvizion,Wait ningning ATE this up omg,36,2024-11-03T08:13:45Z
LY-XMKmtisw,UgwmAvX4He9_hoquXZV4AaABAg,@HR.youtubechannel,NingSlay as always ❤ im so excited,108,2024-11-03T05:09:24Z
LY-XMKmtisw,UgyY6e5FLJPTtk-gOGV4AaABAg,@jsyeonniee,Ningning and giselle fits this concept perfectly😻,711,2024-11-02T10:04:20Z
LY-XMKmtisw,UgzwA4htVvJLQgCEGah4AaABAg,@뭐하숭,닝닝 이 챌린지 만족도 1000%인게 분명하다 ㅋㅋㅋㅋㅋㅋㅋㅋㅋㅋㅋㅋㅋㅋㅋ,1301,2024-11-03T02:50:44Z
LY-XMKmtisw,UgyZiJhf7EKKLbnTWPZ4AaABAg,@Bambie222,Ningningie must’ve been so excited for this challenge,468,2024-11-02T12:21:08Z
LY-XMKmtisw,Ugy-pVHt5atpOUOtUwh4AaABAg,@2girlwhy,닝닝 이거 너무하고싶엇던듯ㅋㅋㅋㅋㅋㅋㅋ파워x4 ㅋㅋㅋㅋㅋㅋㅋㅋㅋㅋㅋ,56,2024-11-03T13:14:29Z
LY-XMKmtisw,UgzrvvX_0P-ZaNl-Xm54AaABAg,@lalolo017,"Ning is definitely feeling herself. She slayeedd, queen",65,2024-11-04T05:40:37Z
LY-XMKmtisw,UgyHmcYEMPLbLP-KIqR4AaABAg,@k.l.p.4,"The maknaes ve loving this song so much😂 
Haneul shines in it and Ningning took serious as well",1265,2024-11-02T10:40:15Z
LY-XMKmtisw,UgzIkyzjZ7aaRzO_or54AaABAg,@도솔미레,닝닝 춤을 항상 컨셉에 맞게 말아줌 찰떡.. 게다가 상체와 표정을 너무 잘씀,2211,2024-11-02T13:30:48Z
LY-XMKmtisw,UgyK3zXorg_yYKmAn854AaABAg,@미상-o4t,닝닝 신난게 보여서 귀여움ㅋㅋ 온몸으로 이거 맘에 든다고 나 이거 좋다고 표현중인 느낌,3283,2024-11-02T17:46:36Z
LY-XMKmtisw,UgwlVeXGnCnpUlsiDdN4AaABAg,@weapon_mstr,"닝닝 핫한거 해서 좋아하는게 너무 잘 보여
나만 그런줄 알았는데 다 알고있네ㅋㅋㅋㅋ
닝닝 귀여워",126,2024-11-03T20:22:27Z
LY-XMKmtisw,UgwT_VSoewFOY8nzsdp4AaABAg,@ZulayhoAbramova,Almost all comments are about Ningning. Happy to see her shine,59,2024-11-10T06:04:37Z
M0LtlUTBoWQ,Ugz4xt15mi5i_jShTsp4AaABAg,@skrrrupthere,지젤 영어 일본어 한국어 ㄷㄷ,1,2025-10-21T12:17:09Z
M0LtlUTBoWQ,Ugx3WHSKIoL0QRHBB0p4AaABAg,@0_0aaa,레이,1,2025-10-18T12:56:06Z
3fj8uM8lh5w,Ugy6fpN02sSpH25Ccsl4AaABAg,@pinkhip,❤ 남자 트레이너한테 배우면 좋은점: https://youtube.com/shorts/kGMgZqxDFT8?feature=share,11,2023-04-06T05:49:04Z
3fj8uM8lh5w,UgyInQDVFA5GXtOHp2Z4AaABAg,@Dodo-tf9tx,헬린이 치고 색이 알록달록하네 올 블랙이 찐 헬린이 ㅋㅋㅋㅋ,250,2025-05-13T07:39:49Z
3fj8uM8lh5w,Ugx9OqdvYWkYQtUDZFZ4AaABAg,@blackjin7895,저러다 결국 헬스장복입게됨,505,2023-03-29T23:17:15Z
3fj8uM8lh5w,Ugx-Tb3mqlDoJmHt7YF4AaABAg,@미우_777,순정이 끝이다 진짜 고인물들은 헬스장 운동복 입음,66,2025-06-14T19:48:06Z
3fj8uM8lh5w,UgxcTDnicz2CYO_HYwp4AaABAg,@kukumigchu,난 상급자인가 헬스장옷 냄새나서 입기싫음 어떤 고인물 산타할아버지처럼 산타보따리 한쪽에 들고오는거 본적있음,12,2026-02-09T07:01:35Z
3fj8uM8lh5w,UgzsaZWMJQnk6EefQIR4AaABAg,@oh663,저는 헬스하고 그 의상 그대로 집에 가서 씻어서 그냥 무난한 블랙으로 입어요~,9,2025-06-14T08:05:34Z
3fj8uM8lh5w,UgzfNCL1v5Y1fKzZikt4AaABAg,@dheifnwkd,저는 헬스장준비물로 투게더공병 추천요 헬스장 샤워실에 고리로걸수있는 샴푸통이라 너무쓰기  편해요!,11,2025-05-01T05:31:28Z
3fj8uM8lh5w,Ugww09N2RVhjNJ3YK0V4AaABAg,@Puee-r1q,후레쉬맨 인가~?!?ㅋㅋㅎ😅,4,2025-05-12T13:23:53Z
3fj8uM8lh5w,UgyO3iasxfRc5-Uhg0h4AaABAg,@user-un5ol3uq5e,헬스복 찝찝해서 못입겠던데 세탁한건데도 쉰내남... 수건도 손땀닦을때만 쓰고 개인용 들고다님,0,2026-06-29T08:52:30Z
3fj8uM8lh5w,UgyQ6h01A2h4qd2GJop4AaABAg,@oqp9448,헬린이는 헬스장운동복입죸ㅋㅋㅋㅋㅋㅋ,3,2026-02-19T04:08:31Z
3fj8uM8lh5w,UgwQRGrdqZHwUZIbqLB4AaABAg,@91년생-i9b,재밌어요 😂,1,2023-03-27T12:46:54Z
3fj8uM8lh5w,UgwOnsShmH2xhaDdpzN4AaABAg,@wintertreenaked6798,최종진화판 헬스장에서 모든걸 자급자족함,0,2025-09-21T03:06:09Z
3fj8uM8lh5w,Ugz-turEpwyvIyqUGzJ4AaABAg,@나의꿈은어디에,운동복 챙겨입다가 결국 헬스복임...,1,2026-02-27T13:29:46Z
3fj8uM8lh5w,Ugx6brjIvsTdQL5aqOl4AaABAg,@jaguarjet2580,상큼하네,0,2025-05-01T11:49:13Z
3fj8uM8lh5w,Ugy0XdYze_4pdo6KeoB4AaABAg,@전병록-e4p9q,"손가락 3개2개~~~
❤❤❤❤❤❤❤",1,2026-03-15T19:49:24Z
3fj8uM8lh5w,Ugxkhd3n4B8INdo-qCh4AaABAg,@cha.ru.1,컴프레션 셔츠 + 풍덩한 스웻펜츠,0,2026-02-08T16:06:47Z
3fj8uM8lh5w,Ugwn7tloMLHisANA7UZ4AaABAg,@흑룡회t,두분다 넘 이쁘심니다,0,2023-05-07T21:31:55Z
3fj8uM8lh5w,Ugx0xw2Nh-DhgF-2E7V4AaABAg,@나람-r4k,저는 그냥 펑퍼짐하게 입는데 ㅋㅋㅋㅋ 요즘 피티 끝나면 오프밀정 먹고있는데 이거 먹고 운동하고 집가서 군것질이 하나도 없어요!!! 진짜 군것질 딱 차단시켜줘,209,2026-04-15T01:10:56Z
3fj8uM8lh5w,UgxLJplJlallVXlXMa94AaABAg,@이카루스의꿈-q4z,운동할수록 장비가 늘어나쥬 ㅋㅋㅋ,3,2023-05-06T00:12:29Z
3fj8uM8lh5w,UgxFyOpb3AoSXXq7JR54AaABAg,@truetruetruetrue,뭔가 귀여운데..보라돌이랑 뚜비였나..그거생각나지..,10,2023-03-27T11:11:56Z
3fj8uM8lh5w,Ugw9u5wqolt-zUb-yXt4AaABAg,@meunggeunsong2874,저런 운동복입고 제대로 운동하는 사람은 트레이너 말고는 본적이 없다.,7,2026-03-25T14:51:16Z
3fj8uM8lh5w,UgwcqeN36EkiJlLG_XV4AaABAg,@JeongNaEun486,응비누나 너무 예뻐요!!,4,2023-03-27T12:34:52Z
3fj8uM8lh5w,Ugxk7W-lGjV-5qrszmx4AaABAg,@Ohlolong,상급자 다죽었나 헬스 오래하면 그냥 헬스장에서 주는 옷이 최고인 걸 알게 됨. 그냥 처음에 이거저거 재밌으니까 시입는 거고 아무 의미 없다는 걸 깨닫곤 편한 헬스복 입게 돼있음,39,2025-10-07T09:02:54Z
3fj8uM8lh5w,UgxbKOd_nt9tL4mGnb94AaABAg,@신혜선빠돌이-c3k,레깅스 이쁘네요,1,2025-09-28T17:25:18Z
3fj8uM8lh5w,UgyrxuWjXcE05NWzxeJ4AaABAg,@김-u3d1m,폼롤러 들고오는 모습 너무 귀엽다😊,1,2023-04-15T00:30:21Z
3fj8uM8lh5w,Ugznm_IfbHwAgPSKovZ4AaABAg,@펭귄납치단,전생이 텔레토비인가...,0,2025-08-08T23:08:33Z
3fj8uM8lh5w,Ugw604qewW9XO8cefEd4AaABAg,@뜬구름트위스터,난 오른쪽키큰보라분^^,0,2025-09-05T12:21:50Z
3fj8uM8lh5w,UgzpDaCJxTp-Mv9cpzd4AaABAg,@cooozyyy,"저 헬스장 한 번도 안다녀봤는데
헬스장에서 운동복 여자는 어떤 거 주나요?
그냥 트레이닝복인가요?",0,2026-01-05T04:27:58Z
3fj8uM8lh5w,UgyK0VaytBHOO4NBCVp4AaABAg,@코야하,상급 자는 무슨  진정한 상급자는 그냥 잠옷 입고가서 거기서 샤워하고 외출복 입는다,0,2026-04-24T10:48:50Z
3fj8uM8lh5w,UgwD8AvXXYCbpNJ3Hw14AaABAg,@moayo7666,"주변 의식 많이 하는 사람들 특!!!
의상 장비빨 심함.",20,2024-12-25T04:00:43Z
n8XLNlbFarA,UgzONOzthjk-O7QlHhB4AaABAg,@yoonjaelee179,"이거 보니까 얘가 왜 뜬지 바로 알겠다. 
ㅈㄴ 잘생겼네 그냥",3035,2025-01-18T11:56:10Z
n8XLNlbFarA,Ugyvl1TFosjdk4vfJpB4AaABAg,@JK-ke4uw,"칼질 하나 없는 진짜 생짜라는게 레전드네,, 애니에 나오는 날티 나는 주인공 케릭터 느낌,,",988,2025-07-05T21:13:49Z
n8XLNlbFarA,UgyM8YxcAfzIdjTBrl14AaABAg,@jerrykim4837,방송에서 만난 연예인들이 괜히 잘생겼다고한게 아니네 ㅋㅋ 그냥 잘생긴게 아니라 엄청 레어하게 잘생겼네 ㅋㅋ 자연스러운 샤프한 늑대상 ㅋㅋ,9607,2023-06-14T12:15:34Z
n8XLNlbFarA,UgwE-A8BGCD4Z9ZAcxJ4AaABAg,@sekkisibal,역대 유디티 중에 제일 잘 생겼네,61,2024-03-31T03:58:03Z
n8XLNlbFarA,UgwFWcVE3Tyzi-CJHg94AaABAg,@나니좌,청순함과 날것의 조화로움 그잡채....,2710,2024-01-16T12:41:15Z
n8XLNlbFarA,UgxRm1JNrvw2FhJEFqF4AaABAg,@슈-l7q,실물 진짜 가까이서 봤는데 똑같이 생김. 여우늑대 중간쯤 예쁘게 잘생김,369,2025-07-29T05:59:19Z
n8XLNlbFarA,UgwWLK0jAep_ZnqrXfF4AaABAg,@xndkfh,이게 웨이팅하다 지친모습이었구나 ㅋㅋㅋㅋ 개청초해,735,2023-06-19T14:52:45Z
n8XLNlbFarA,Ugzf1vfo-PJIdLCJMwx4AaABAg,@아옹-o9s,청순한 늑대상.....  😢 ㅋㅋ,71,2026-03-02T01:08:15Z
n8XLNlbFarA,UgwlkFWv6OxqO-XPUPV4AaABAg,@EdenJung-j7r,헐 엄청 잘생겼구나…. 화면에서도 잘생겼다고 생각했는데 거의 백 배는 더 멋있네 와 ㅋㅋㅋㅋ,3709,2023-06-15T13:21:18Z
n8XLNlbFarA,UgzNu6esC70k4nu4pgV4AaABAg,@HJ2515-l4x,와 근데 많고 많은 덱스 영상 중에 이게 개레전드다.. 진짜 너무 잘생김,1376,2025-02-19T02:48:58Z
n8XLNlbFarA,UgxPKCiZPTtE9VKV8m54AaABAg,@user-blijsjmnj,그냥 존잘도 아니고 분위기가 미쳤다,1986,2023-09-23T00:57:54Z
n8XLNlbFarA,UgyvEDykd0LPsJiaFZ14AaABAg,@asmr-pz3vl,진짜 섹시청순하다..,300,2025-01-20T15:51:05Z
n8XLNlbFarA,UgwmHMDcYLJ5ArmNBMl4AaABAg,@detroitwhatup7567,남자가 봐도 반할듯ㅋㅋㅋㅋㅋㅋㅋ,28,2026-05-02T12:49:04Z
n8XLNlbFarA,UgzIpCKmihDwu7dAiG14AaABAg,@2wing977,유난히 잘생겨 보이네,8,2026-06-08T10:47:30Z
n8XLNlbFarA,Ugwil23grHWV9Fg75Eh4AaABAg,@GloriamInvictus,저런 얼굴은 나중에 나이들면서도 더 잘생겨질 외모다,165,2023-10-06T18:19:13Z
n8XLNlbFarA,UgxS-JVjJir79V49LSp4AaABAg,@최무지-n1g,섹쉬+청순=특특호감,9,2026-06-03T06:30:33Z
n8XLNlbFarA,Ugyv_1bX_lze-6nj6dJ4AaABAg,@보라돌이-d2f,개인적으로 덱스 외모는 90년대생 연예인들 중에서도 탑급인듯.. 예능 하나로 이 정도까지 올라간 사람은 연예계에서도 없었음. 그냥 한국 연예계에 메기남.,804,2025-01-22T23:20:53Z
n8XLNlbFarA,Ugxqy7r0z9qTBY_1H-t4AaABAg,@adagio5097,태세계 인도부자 수영장에서 수중 도넛 만든직후 나와서 카메라 영상 확인 할때 덱스의 얼굴 클로즈업은 단연코 역대급 인물임.,8,2026-06-03T13:57:28Z
n8XLNlbFarA,Ugx9F3g0KBNr-eMVmOZ4AaABAg,@MjK-l8o,청순섹시 남자버전.,26,2026-04-30T16:17:33Z
n8XLNlbFarA,UgzvzdwOrTJDHZt6AHx4AaABAg,@반포줌마,화면보다 이거보니 미쳤다,3,2026-07-03T16:51:50Z
n8XLNlbFarA,Ugzug7VFdJPNXVE9epR4AaABAg,@dyl3408,ㅈㄴ 청순하다,86,2023-07-08T14:10:47Z
n8XLNlbFarA,UgzXJf6zuciA3hE0UbR4AaABAg,@포브스선정이딸이-m3p,어떻게 저런외모에 저 분위기를...거기에 살짝에 날티달란트까지.. 뜰수밖에없는남자다,215,2024-11-17T01:50:38Z
n8XLNlbFarA,UgwlYfqrvj5V38qPEcJ4AaABAg,@yujinjeong5114,와 화면보다 진짜 몇배는 잘생기고 섹시한 느낌...........95년생이라니..........ㅠㅠㅠ,1235,2023-06-14T23:47:18Z
n8XLNlbFarA,UgxKW61eJqma67xmyth4AaABAg,@Toyou032,약간 거친?그런 느낌도 있어서 남자가 봐도 잘생겼다를 넘어서 멋있음.,318,2025-01-01T03:02:54Z
n8XLNlbFarA,UgymxU4JXapGLzwD6nZ4AaABAg,@lhr1012,와 되게 청순한데 늑대같이 생겼다 ㅋㅋ,27,2026-03-10T06:55:01Z
n8XLNlbFarA,UgyAa2HHcgNJXh22G2x4AaABAg,@Signiel-go,영상이 안멈춰,9,2026-05-15T16:44:24Z
n8XLNlbFarA,Ugxe4vuCP3EUfAbsevB4AaABAg,@김현우-b8q,정말 분위기는 퇴폐적이면서 눈은 슬퍼 근데 이뻐 이 영상 분위기 제일 좋아,80,2025-09-21T13:50:34Z
n8XLNlbFarA,UgydT7Tl1nGZiZHar0Z4AaABAg,@행이바라기,존나 잘생겼다 진짜 ㅋㅋㅋㅋ,127,2025-05-22T10:49:47Z
n8XLNlbFarA,Ugw4zkHnE6QfwHCvPEV4AaABAg,@sicksickclad,와..진짜 진득하게 엮이고 싶다..,29,2026-03-14T00:43:19Z
n8XLNlbFarA,Ugwmr0O6wVRNL5Oi8fl4AaABAg,@반포줌마,미쳤네 진짜 잘생김,3,2026-07-03T16:51:17Z
mHlr5s2Q_ug,UgxKoWpifONOldUnRN94AaABAg,@cookie_on322,남자쌤은 여자가 생리기간에 감기몸살 온 것처럼 전체적으로 컨디션이 나빠진다는걸 이해 못함..생리만 시작하면 관절 삐걱거리는데 그냥 하체 운동만 덜 시킬게요! 개 빡세게 운동 시킴..,205,2026-01-27T12:13:07Z
mHlr5s2Q_ug,Ugy7FteufmoB45lSlEh4AaABAg,@falalalallaaasss9244,내가 되고싶은 몸가진 쌤이 좋은듯,241,2025-04-02T18:07:38Z
mHlr5s2Q_ug,UgzCkogtqbJoLzZBzjV4AaABAg,@sangsangarchive,갠적으로 여자쌤이 잘 맞음.. 남자쌤은 좀 부담스러워서ㅠㅠㅠㅠ 지금 다니는 여자쌤한테 피티 받으면서 쌤이 추천해준 오프밀정 먹으면서 운동하니까 신기하게 밥 빵 생각이 안나서 두달만에 7키로 뺌!! 3키로 더 빼는게 목표임,1923,2026-04-03T14:21:55Z
mHlr5s2Q_ug,UgyVPmRr7AyvkuJa95R4AaABAg,@마람-p9n,오늘도 피티쌤한테 탈탈 털렸어요 ㅠㅠ 자꾸 운동하고 왜 폭식하냐고해서.... 오프밀정 먹고있어요 식욕없애준다해서... 피티쌤한테 그만혼나야지,214,2026-04-14T18:12:15Z
mHlr5s2Q_ug,UgxmpDInc-6AWAX4z7F4AaABAg,@카인R하인라인,헬스트레이너들이 대부분 공통적으로 문제가 있는거는 본인 컨디션만 생각하고 회원을 대한다는거임 본인들은 직업이니까 헬스장에서 컨디션이 항상 좋겠지만 대부분 회원들은 직장인들인데 그걸 이해해주려하지 않음,433,2025-02-20T10:28:35Z
mHlr5s2Q_ug,UgzEjzWmqVkxA6vGG3p4AaABAg,@물꼬기-n9u,"저희 쌤은 남자쌤인데 관찰력좋고 섬세하셔요 제가 좀만 힘들어하면 갯수,무게 바로 내려주셔서 힘든척도 못해요ㅋㅋㅋㅋ 쌤바쌤인거같아요",56,2025-04-08T05:08:05Z
mHlr5s2Q_ug,Ugy_IZUiHPV3ivg39SV4AaABAg,@할라고하고있는데,남자 회원들이 대부분 빨리 몸이 갈라지길 바라니까 남자선생님들도 빨리 결과물을 보이려고 몰아치듯 가르치는데 그렇게 가르치는 선생 회원들은 남자던 여자던 다치는 사람 많이 봄.,8,2026-02-25T02:51:06Z
mHlr5s2Q_ug,Ugx70KDLhAIZEG9PO5p4AaABAg,@dodo57856,저는 오히려 반대였어요😢 여자쌤이랑 할 땐 봐주는거 없으셨음😂😂😂,8,2026-02-22T08:44:55Z
mHlr5s2Q_ug,UgyXOMIbHouKlUpw3AB4AaABAg,@peacefudawn,"저는 남자쌤 두분한테 pt받아봤는데 대학 과 출신에 따라도 틀리더라고요
1번 체대 출신 - 미친 스파르타. 너무 힘들어서 내 자세가 무너지는걸 이해못함. 그러면 자극이 제대로 안들어갑니다!! 관절로 운동하면 안돼요!! 이 소리만 수십번 들음. 근데 무게는 절대 안내려줌
2번 물치과 출신. 나중에 운동 따로 배운듯. > 몸 정렬  이런거 잘봐주고 운동강도는 오히려 약한편. 무리하게는 절대 시키지 않음. 
1, 2번 다 장단점이 있었음. 운동한거 같은 느낌이 확 드는건 1번. 그런데 너무 힘들었고 내가 젊어서 괜찮았지 어르신들한테는 너무 빡셀듯 싶었음.
2번은 기구 사용법 더 자세히 알려주고 운동도 저중량부터 처언천히 늘리는게 동네 어머니들한테 딱맞을 스타일. 근데 빡세게 굴림당한 느낌은 아니라 조금 아쉽.",8,2026-02-18T09:26:06Z
mHlr5s2Q_ug,UgyOyXTzKRDe0NKxZyN4AaABAg,@나람-r4k,지금 피티쌤은 여자분인데 운동 외적인거에도 꼼꼼하게 챙겨주세요! 이번에 오프밀정 먹는다니까 같이먹자며 해주셨는데 식욕도 줄여주고 군것질 생각이 없어져서 정말 좋다고 같이먹고있어요 ㅋㅋ,218,2026-04-15T01:06:46Z
mHlr5s2Q_ug,Ugx9XrcqzZhYKCqguXN4AaABAg,@이보라-i9j,"맞아요 저도 남자 여자 둘다 받아봤는데 여자샘이 좋음 공감도 많이 해주셔서...ㅠㅠ
여자샘은 그냥 먹고싶은거  먹고 운동해라고 해줘서 지금 헬스장 스트레스없이 즐겁게 가요~~  살도많이 빠짐 저는 먹는거 조절하는게 힘들었는데 맘이 편하니  운동도 즐겁고 좋음",8,2025-12-30T09:20:21Z
mHlr5s2Q_ug,UgxjkHWNpQKJrz0R3694AaABAg,@colekim979,자세가 무너지지않는선에서 최대한 빡세게 굴려주는 사람이 최고임 내가 하는거 아니라고 설렁설렁 시키는 사람이 제일 최악,4,2026-04-10T04:47:56Z
mHlr5s2Q_ug,UgymrAyyy27UPXWlrqd4AaABAg,@Taiyakitakoyaki25,그 반대 같은데.. 여자쌤이 오히려 빡세게 시키고 남자쌤이 힘들다고하면 봐줌.,129,2025-10-20T08:33:00Z
mHlr5s2Q_ug,Ugw_gfRfn9tVfH6TRrl4AaABAg,@전기꿈나무,고집이 좀 있는 트레이너가 좋음 한계치 까지 끌어올려줘서 힘들지만 운동끝나면 기분좋음,7,2026-01-06T07:14:40Z
mHlr5s2Q_ug,UgzWQtpsDUdAQbghPWJ4AaABAg,@냐무-r8h,남자분들 스파르타 인정...그런데 여자마음을 아는 여자쌤들도 쓱 빼면 웃으면서 하나더 시키심...그냥 다들 무셔...,8,2025-09-28T19:53:36Z
mHlr5s2Q_ug,Ugz7BBFt7538CQ0NHnN4AaABAg,@벌크벌크-e2e,오히려 빡시게 하는것이 좋음  타협을  해주기 시작 하면 주동근도 못쓰고 계속 타협함 운동 진도 안됨,1,2025-10-25T03:05:58Z
mHlr5s2Q_ug,Ugw41AYwaLv6AnGIyZB4AaABAg,@user-suxiwnxai1,왜케 예뻐지셨옹 앞머리 내린게 더 예쁘시다,20,2025-02-22T15:52:43Z
mHlr5s2Q_ug,UgynimzWP7pcP3lykfd4AaABAg,@냥냥이-m7u,공감이요 저도 여자샘만나서 ptsd 극복하고 이젠 혼자 헬스하는 단계까지 왔어요 물론 사바사겠지만 저는 여자샘이 맞긴해서 7년째 운동하게 된거 같아요,1,2026-03-15T10:48:04Z
mHlr5s2Q_ug,UgzoyWuoWKHLu159CWF4AaABAg,@ericnam4537,나는 남자선생님들이 오히려 여자라고 살살 해주시는 느낌(힘들면 보조 쎄게 들어옴)이고 여자선생님들이 오히려 빡세게 시키심.... 그래서 디스크터졌을땐 여자쌤이랑 할때였음,3,2025-12-20T13:49:32Z
mHlr5s2Q_ug,Ugzwc0VFuaH-wQjaH2J4AaABAg,@용쎈튭-u6t,다이어트 처음 시작하는 분들한테도 지엘틱정 부담 없고 좋을 것 같아요.,0,2025-07-25T23:18:14Z
mHlr5s2Q_ug,UgxEms7E6WczxeNTQBJ4AaABAg,@sunday2866,배울 때는 스파르타식이 좋음,32,2025-09-09T06:03:07Z
mHlr5s2Q_ug,UgxJpMQdRqIqE1G89d94AaABAg,@한송이-x5k,트레이너쌤 마다 차이가 있겠지만 어느정도 공감되네요,0,2026-04-20T08:59:21Z
mHlr5s2Q_ug,UgwDM8B7IXqUf9d-hiB4AaABAg,@김미선-j3g,"저도 계속 남자샘한테하다가 여자샘한테 하는데..결론적으론 전 여자샘이 맞더라구요..생리기간엔..아무리해도 저는 강도 안나오는데..남자샘에겐 말해도..그느낌이해를 하기 어려울것같아요..

저는 스파르타식으로 몰아세우면 다음번이 겁나고 하기 싫어서 소끌려오듯 오는데..여자샘은 달래듯이 하니까..연습더해서..더 나은 모습이 되기위해서 더 열심히 하기도하고..

여러모로 섬세하고 더 좋았어요^^

하지만 모두 그렇다는건 아니고 사람에따라 당연히 다르겠지만요^^",40,2025-06-19T15:21:47Z
mHlr5s2Q_ug,Ugw95IdGbN-a-McS9xh4AaABAg,@pqowieuryt-v9x,나 다니는곳 여자 선생님들은 하나 더~ 이런 느낌이 아니라 하나 더!! 내려가!! 되잖아!! 이런 느낌이던데 ㅋㅋㅋ,0,2026-04-30T03:22:00Z
mHlr5s2Q_ug,UgxBRFoJdHAVo5nTalx4AaABAg,@user-dl7tj5iq4f,"상담 때 미리 말해야 함
환자다 
신체 나이가 노인이다
재활의 의미로 시작 하는 거다 
다른 운동 했는데 
어깨 팔이 아파 병원 다니느라
하던 운동을 못 갔다 
다시 시작하려는데 또 아플까봐
겁난다 
미리 말했더니 맞춤으로 잘 가르쳐줘서
헬스가 최애 운동이 되었음",0,2026-04-08T01:42:44Z
mHlr5s2Q_ug,UgyyGs3Z_xxA1XPN3DN4AaABAg,@누가바-c7w,PSD는 포토샵파일로 저장하신거죠?,1,2026-03-30T04:41:54Z
mHlr5s2Q_ug,UgzwcBdU6FwQ7upQcqx4AaABAg,@estelle_bbbb8843,"남자쌤/여자쌤 모두에게 받았는데 효과는 무조건 여자쌤 ㅋㅋㅋ
남자쌤은 내가 엄살피우는 걸 모름..나도 모르게 쥐어짜면 할수있는데 힘들어요…하면 일단 쉬시고 이러는데 여자쌤은 개소리말고^^ 할수있는거 알아 가라!!!!!!! 해서 딱 여자쌤에게 받았을때 눈바디 변화가 확연했음…
갠적으로 운동 싫고 마른비만에 의지없는 사람들일수록 여자쌤 만나면 강하게 길러짐 ㅎㅎㅎㅎㅎ",0,2026-05-23T03:34:37Z
mHlr5s2Q_ug,Ugwg7UIuMOXDLgTlFfR4AaABAg,@떠기캠퍼,여자분한테pt 받으면 몸매교정 코어가 강력해지더라구요 전 남자거든요,1,2026-01-20T19:05:45Z
mHlr5s2Q_ug,UgzYCRKwFpojYpKfJLZ4AaABAg,@삼대오백위주,여자친구가 얼마전부터 운동시작해서 같이 운동 다니는데 이 영상보고 같이 운동 할 때 마음가짐을 바꿨습니다!! 꿀팁영상!,1,2025-04-09T05:29:45Z
mHlr5s2Q_ug,UgxNua8IEeWcdiOdz-14AaABAg,@chs621,ㅋㅋㅋㅋㅋ구디 스땡은 카운터 알바가 트레이너 하고있음 피티받는 분들 불쌍...,0,2026-05-03T04:06:44Z
YGEceyfYb4Q,UgxEs-t8Be7EjDJFplR4AaABAg,@고은하-gyh,멀까 국가대표같은 신뢰감이 느껴져요,1365,2024-01-28T09:22:42Z
YGEceyfYb4Q,UgyyXfbzITHK4UoVs2x4AaABAg,@crush_onyou,"다 자란 뼈는 절대 줄어들지않아요..

광대 마사지 매일 6년간 하신분 얼굴 ct찍어보니까 광대쪽 뼈에 염증있어서 시커멓던데",731,2024-02-24T11:31:29Z
YGEceyfYb4Q,Ugx-pore63RXCxQw2Ad4AaABAg,@쇼리-h6r,오.. 확실히 붓기빠지신것같은데 어색한웃음😅 넘아파보입니다ㅋㅋㅋ,230,2024-01-21T14:39:54Z
YGEceyfYb4Q,UgwUVgfd5OSl3c6hmvB4AaABAg,@흠마흠마움냥,보기만해도 아파요 ㅠㅜㅜ돈주고 형벌체험 😫,129,2024-01-21T13:25:56Z
YGEceyfYb4Q,UgwUnuuF2eH4_mDcZy54AaABAg,@영미우-g4u,경락해서 슬림해져서 넘좋았어요 꽤 오래하다가 계속할수없어. 그만뒀는데. 이것도 다이어트와같이 요요가 생기드라고요. 심하게...쉽게 시작해서는 안되겠어요 자극이 심한거는 요요도 심하드라고요,168,2024-02-03T11:03:27Z
YGEceyfYb4Q,UgztwvUpYJRaw1OjpQN4AaABAg,@k0r2a,이거 효과가있는게 아니라 림프관 혈액순환해주는거라 효과 유지는 2-3일도 안가요,153,2024-02-18T11:32:16Z
YGEceyfYb4Q,Ugyv_A3_Tkp-e3EOALt4AaABAg,@user-xx4eo1tv3i,경락마사지 꾸준히 받아봤는데 확실히 받고나면 태가 달라짐. 똑같은 내 얼굴인데 뭔가 좀 더 이뻐지고 부잣집딸내미처럼 관리 잘 된 느낌 남. 근데 솔직히 너무 비싸서 몇번 다니면서 대충 배워서 집에서 유튜브보고 비슷하게 따라함,83,2024-05-03T21:37:06Z
YGEceyfYb4Q,Ugy0my8H6kPsDA8OM8x4AaABAg,@사랑의힘-e5y,"얼굴 네모인분들 대부분 뼈가 사각인경우 드물어요..
턱근육이발달 되서 얼굴이 커지거나 사각인경우가 많습니다.경락 10회정도 하면 얼굴형 성형한것처럼  얼굴형이 갸름해지고 작아집니다.
턱근육 쓰는 습관을 고치면 그후로도 유지 가능 합니다.",27,2025-04-30T21:23:27Z
YGEceyfYb4Q,UgxDeYP2nnoJTUuhOCV4AaABAg,@mimi_1-o2h,엄청 시원해 보이네요 .. 팔자주름 쪽은 마사지받을 때 팔자주름전용크림바르고 마사지해주면 엄청 효과 좋아요,51,2025-12-17T10:33:40Z
YGEceyfYb4Q,Ugxshjd2z7mShT4mBWV4AaABAg,@Finishin-12one,"안타깝소 
림프 마사지로도 충분히 
얼굴이 작아지는데… 깊은 잠도 자구요",33,2025-04-20T01:47:16Z
YGEceyfYb4Q,UgyH7x3PDFtSd5Hl1sx4AaABAg,@User-wdidhrbdidosheu,못자 ㅋㅋㅋㅋㅋㅋ이런노래는 어디서 찾는거예요 ㅋㅋㅋㅋㅋㅋㅋ,80,2024-01-21T13:20:16Z
YGEceyfYb4Q,UgweGZmPxe6Ba5IUz1Z4AaABAg,@nhne-k5n,헉 저번에 여기 지나가다 봤는데 아는척했는데 그냥 지나가셔서 좀 뻘쭘했는데 맞으셨군여   ㅠㅠㅠㅜ,37,2024-01-25T15:28:09Z
YGEceyfYb4Q,Ugw4-NBLu4EBCWDyB8p4AaABAg,@밍디-b,"경락 한 번받는데 아프기도하고 진짜부담되요ㅠㅠ
저도 붓기가 심한편이라  마사지샵이랑 괄사 이것저것 보다가 
림프순환시켜주면 좋다길래 수면림프테라피 해주고 있는데

편하게 아침붓기가 안생기는게 신기하네요
경락은 일시적인데 이건 체질자체를 바꿔주는것같아요",227,2026-06-11T01:42:42Z
YGEceyfYb4Q,Ugw4EfKQaK0inOIcPYZ4AaABAg,@Operation_moot,안 하셔도 아름다우시네여 ㅎㅎ 피부미인 이세여. 저 같은 경우 병행 하는게 있는데여. 잇레티놀 먹고 피부 좋아졌어요. 올바른 방법으로 사용하면 좋은거 같아요,312,2025-04-23T11:22:55Z
YGEceyfYb4Q,UgydWyZ3IKkPKjgdHO94AaABAg,@jaguar3119,목선이 엄청 예쁘시넹...,10,2024-02-04T14:58:43Z
YGEceyfYb4Q,Ugzq27lWIsfXzv73ZEB4AaABAg,@Kevin-ci6yl,"하기 전,후는 확실하게 차이가 납니다.하지만 중요한 건 일시적인 현상이라는거죠.
그리고 뼈에는 아무런 변화가 없고 그 변화가 있을수도 없습니다.피부 즉 피하지방에 마사지사가 손으로 강력한 압력을 가하니까 한시적으로 얋아지는거죠.",10,2025-05-02T16:55:40Z
YGEceyfYb4Q,UgxjaQnnwGRDM8jJbbJ4AaABAg,@Nutti-e1x,효과는 있아요! 근데 림프혈은 너무 자극을 주면 고장나서 나중에 더 쉽게 부어요😮…!!,8,2024-12-10T15:02:47Z
YGEceyfYb4Q,Ugy2_UzK_SKCbzOzL_94AaABAg,@2030-w5j,몸이 생긱보다 다부져서 깜짝놀람😅,5,2024-02-09T13:22:56Z
YGEceyfYb4Q,UgwzxDvKjRhFMeRS1uB4AaABAg,@갈리마,경락마사지 효과가 아니라 돈이 순삭돼서 얼굴이 헬쑥 해진거지요?,15,2024-02-11T12:58:35Z
YGEceyfYb4Q,UgzsC3wfXPgs5RVGZlh4AaABAg,@채채-y2s,아~~이래서 보톡스맞나봐여  저도 작은얼굴 마사지 받아보려했는데 관둬야겠어요 ㅠㅠ,4,2024-05-01T13:59:06Z
YGEceyfYb4Q,UgzzrwKOHjQGKob1TVJ4AaABAg,@nostalgia4041,"절대 하면 안 되는 겁니다. 한때 제가 다녔던 샵에서 저거 해가지고 고객들마다 피부 다 뒤집어지고 특히 얇은 사람 예민한 사람 트러블 있는 사람한테는 최악이겠죠. 그리고 금방 올라가도 반복되면 다 늘어집니다. 그리고 피부는 저렇게 자극을 줘서 효과를 보는 게 아니에요. 더 좋은 방법과 간편한 것도 많은데 비싼 돈 주고 왜 또 망치죠?
그노므 사진ㅡㅡ
 어떤 식으로든 금방 했을 때는 바로 다 올라가요.",2,2026-02-16T22:38:31Z
YGEceyfYb4Q,Ugy25pIof7gPL73e3J54AaABAg,@권성영-u7h,"복을 짓는 행동도 곁들이고 싶습니다
관세음보살 ~",1,2025-06-09T23:29:29Z
YGEceyfYb4Q,UgwjqCSL1gIOnBK0ccV4AaABAg,@TheRealTheRealTheReal,얼굴 선이 살아나네요!!! 손으로 얼굴을 깎아대는데 파워가 후덜덜...,1,2025-09-12T13:21:04Z
YGEceyfYb4Q,UgxpcTk5-aYhm-OmY5d4AaABAg,@신현성-m4y,그래도  관리 받으니 미녀가 되셨어😂😂😂,1,2025-05-10T08:26:22Z
YGEceyfYb4Q,UgzoGkaixSS5vaM6rcN4AaABAg,@mingming-e6374,받아봤는데 뼈를 줄이는건 어불성설이고 근막 딱딱하게 굳은걸 조져줘서 얼굴근육이 이완 + 림프조져서 일시적 붓기 but 순환촉진되면서 얼굴 울퉁불퉁 부은게 좀 완만해지는 정도임. 일주일 이주일 한번은 받아야지 안그러면 걍 굳음. 몸처럼 스트레칭 하기도 애매하고 걍 돈지랄.,6,2025-03-25T07:27:55Z
YGEceyfYb4Q,UgzLrYaS4sKcFzcT25J4AaABAg,@너는할수있어,웃는거 넘 매력적이시다. ㅎㅎ 회당15.. 막 받을수있는 통장여력이면 좋겠다.😊,0,2026-07-01T17:01:34Z
YGEceyfYb4Q,Ugz3EkPJd_6UbnWeD5h4AaABAg,@oo22445,턱뼈가... 강력하십니다,1,2025-07-07T13:56:35Z
YGEceyfYb4Q,Ugz-y76fHNFY4XpU4up4AaABAg,@땡깡이-c4o,"당신에 현실멘트에  동감하며
부자딀수 있어요",0,2025-06-11T21:05:30Z
YGEceyfYb4Q,Ugwerj1_i2WzQfJtPEx4AaABAg,@sarabattaglia8332,"사람 뻐 누르다가 사망할수도 있습니다
그리고 피부 다찢어지기 전에 멈추세요",1,2026-05-20T21:36:27Z
YGEceyfYb4Q,UgzZn2BNEYK9voOGfRF4AaABAg,@hjinlee4081,경락마사지가.. 좀 몸에 익숙해지면... 그렇게 아프게하는것이 하나도 안아프고 잠이 들기도 해요..ㅋㅋㅋ,0,2025-05-18T04:34:39Z
fns7lOpq4xo,Ugxrugpu6FXAZQXQzYl4AaABAg,@ch117,"📌풀버전 보러 가기🦊

채널 이름 아래 또는 위에 위치한
“▶영상 제목""을 클릭하시면 풀버전을 시청하실 수 있습니다💜",579,2023-05-19T10:47:47Z
fns7lOpq4xo,UgzhM1BLdd7V1At_FEl4AaABAg,@댕구르르-z9t,장난인줄 알았는데 진짜 모르는거였네ㅋㅋ,40537,2023-05-19T10:56:11Z
fns7lOpq4xo,UgyVCGgVqpwbi4t2Ca94AaABAg,@younghooh8156,아니 “누군지 알 거 같은데” 약올리는 건 줄 알았더니 진짜 모르는 거였어 😂,30142,2023-05-19T15:08:04Z
fns7lOpq4xo,UgxSr_0Pm0oY5wQyGox4AaABAg,@khyplz,후쿠토미 츠키가 아니라 후쿠토 미츠키라고 들려서 더 헷갈리긴 함 ㅋㅋ,5512,2023-05-19T14:54:08Z
fns7lOpq4xo,Ugz8ZEXsYPfq0A2bg4N4AaABAg,@5wole,서로가 민망한 상황ㅋㅋㅋㅋㅋㅋㅋㅋㅋㅋㅋ,17484,2023-05-19T11:26:45Z
fns7lOpq4xo,UgyuOJwvN1WhBTWi5qd4AaABAg,@user-ty8yu6cg8z,흐쿠토 미츠키로 알아들어서 몰랐다는게 학계의 정설,12770,2023-05-19T11:38:28Z
fns7lOpq4xo,UgyLR4qCwyreqHBsJ2N4AaABAg,@young_and_rich_1,이거 진짜 너무 귀여워서 하루동안 생각날때마다 들어와서 30번은 본듯ㅋㅋㅋㅋ 츠키 빡쳐서 혓바닥 날름거리는거ㅋㅋㅋㅋ 진심 열받은듯ㅋㅋㅋㅋㅋㅋ,6777,2023-05-20T14:46:49Z
fns7lOpq4xo,Ugw2EauxyHPz0BwXFiR4AaABAg,@KJUNE8937,"츠키 너무 귀엽다
빡치는 것도 한국사람 다 됨 ㅋ",1267,2023-05-31T15:20:18Z
fns7lOpq4xo,UgyYJlylLPmZjVdFnAV4AaABAg,@GARDEN-k9v-z6x,대본 따윈 없다는걸 몸소 인증해주는 덱쪽이..,430,2023-05-19T14:10:57Z
fns7lOpq4xo,Ugw-QmdyC1gNl-lB-st4AaABAg,@Jn-k3n,덱스는 완전 게스트 맞춤이야 다 어울려 😊,610,2023-05-19T10:46:31Z
fns7lOpq4xo,Ugy4kED-KQV5D3lEvsF4AaABAg,@종수-g7w,아이돌을 하고있는데~! 할때 너무 귀엽다 ㅋㅋ,474,2023-06-28T13:48:24Z
fns7lOpq4xo,UgzcjrEGUtPM30pzwj94AaABAg,@로이-m6v,"난 끝까지 놀리는건줄 알았는데 
진짜 모르는거였던게 개웃기네ㅋㅋㄱㅋㄱㅋㄱㅋㄱㅋㄱㅋㄱㅋㅋㅋㄱㅋㄱㅋㅋㅋㅋㅋ",549,2023-05-19T16:18:45Z
fns7lOpq4xo,UgxFjsPXh6LePP1uG4R4AaABAg,@1bsuperstar,ㅋㅋㅋㅋㅋ다들 단체로 덱스 편들어주늗게 귀엽네 ㅋㅋㅋㅋㅋㅋㅋ😅,89,2023-08-10T14:35:32Z
fns7lOpq4xo,Ugz5OwSDvUbR5HJB-iB4AaABAg,@papasmurf3772,"한국 사람들은 세 글자 이름이 익숙해서
후쿠토 미츠키 라고 들림...ㅋㅋㅋㅋㅋ

츠키는 자기 이름이 익숙하니까
'후쿠토미츠키' 라고 빠르게 나온 거고,
듣는 입장에서는 '후쿠토 미츠키가 누구지...?'
이렇게 됨.ㅋㅋㅋ",289,2023-05-29T04:40:14Z
fns7lOpq4xo,UgwJ6QdConqWIpoBltF4AaABAg,@monbebe_melody_,"장난인줄 알았는데 ""후쿠토 ,미츠키"" 로 들어서 진짜 모른거였어ㅋㅋㅋㅋㅋ
근데 첨에 츠키님이 이름 말씀하실때 다시 들어보니까 나도 후쿠토, 미츠키로 들려ㅎㅎㅎ",50,2023-05-28T12:42:09Z
fns7lOpq4xo,UgygKRhHe_Uw63mWPCZ4AaABAg,@rogon1985,아니 왜 이렇게 사람이 사랑스러움,661,2023-05-28T12:51:20Z
fns7lOpq4xo,UgzC_R7XhjRNpcB1fed4AaABAg,@VincentWilly,"알아야 되는 고야~~~
ㅋㅋㅋㅋ졸귀",174,2023-05-23T20:24:32Z
fns7lOpq4xo,Ugz_GNlpE00JBJd2t1V4AaABAg,@eifbsyqkso,설명하다가 현타오고 훅 열받아서 혓바닥 굴리는 거 귀엽네ㅋㅋ,50,2023-06-02T09:35:41Z
fns7lOpq4xo,UgycajSxZT5_hSa2_DN4AaABAg,@비타민씨-e3n,민망한 상황에 저런 멘트를 던지는 덱스.. 멋있네,215,2023-06-03T02:21:29Z
fns7lOpq4xo,UgzxWAdKp7_XCeEl-Zt4AaABAg,@ethereal3540,얄하야되는거허야아~! 이거 ㄹㅇ 귀엽네,44,2023-05-31T13:27:49Z
fns7lOpq4xo,UgwIdqsGyTuy3LpGVoR4AaABAg,@Kawhi2,츠키만 알았지 후쿠토미츠키는 몰랐음ㅋ,30,2023-06-12T12:36:37Z
fns7lOpq4xo,Ugy66zwPCSgdj5gDmel4AaABAg,@meram0,눈치 없는게 귀엽다 ㅋㅋㅋㅋㅋ,104,2023-05-20T23:10:29Z
fns7lOpq4xo,Ugxzdy49cZEThpjrPPh4AaABAg,@골격근43,덱스는 뭘해도 멋있는 수준,217,2023-05-30T05:06:02Z
fns7lOpq4xo,UgzArUqfhJF-KXmLMDB4AaABAg,@ggoyam7905,둘 조합 너무 좋아요 ...,76,2023-05-23T08:35:30Z
fns7lOpq4xo,Ugxa3mznphw9Jge5M5J4AaABAg,@종종-k7z,아 덱스 얼타면서 알아야하능거야? 할때 개웃기네ㅋㅋㅋㅋㅋㅋㅋㅋㅋㅋㅋㅋㅋㅋㅋㅋㅋㅋ,37,2023-10-31T02:42:51Z
fns7lOpq4xo,UgzGw9TAgXh2VrrFf1l4AaABAg,@i-am-super_fine,후쿠토 미츠키로 들었음이 분명하다 ㅋㅋ,168,2023-05-21T05:26:52Z
fns7lOpq4xo,Ugz6WevXj5E-82-VOON4AaABAg,@season3116,ㅋㅋㅋㅋㅋㅋㅋㅋㅋㅋㅋㅋㅋㅋㅋ순수그잡채 그분이뭐하시는분일까? 부터해서 아라야되능거야하? 상황파악 1도 못해버린 상탴ㅋㅋㅋㅋㅋㅋ 귀염ㅎㅎㅎㅎ,10,2024-09-02T08:51:03Z
fns7lOpq4xo,Ugy7hBA2BUr6vDMo0XN4AaABAg,@dldms,후쿠토 미츠키로 들려서 저도 순간 눈치 못챘어욬ㅋㅋㅋ,46,2023-06-13T03:35:00Z
fns7lOpq4xo,UgxfXvQ1NCusSgkzva14AaABAg,@클린-w8h,덱스 너무 좋와~~,6,2024-08-31T12:36:32Z
fns7lOpq4xo,UgwLF25G3lQ0Ga8xYJF4AaABAg,@코쓱머쓱-o6o,츠키진짜 너무귀엽다 ㅋㅋㅋㅋㅋㅋㅋㅋㅋㅋ,19,2023-06-14T14:08:56Z
l2vM8hBKaVU,UgwaK0GG_hMH9vVFkep4AaABAg,@hyupl.9480,본인키를 올려야해서 상대방 키 까지 강제로 올려버리기 ㅋㅋㅋㅋㅋㅋㅋㅋㅋㅋㅋㅋㅋㅋㅋㅋ,798,2025-02-07T13:00:48Z
l2vM8hBKaVU,UgxyCen9YQu1v-HXDDJ4AaABAg,@kanescott5218,쌘동 169 덱스 179 반올림은 해줬다,266,2024-02-06T09:59:04Z
l2vM8hBKaVU,UgwGTLbT58WX_n4f0kx4AaABAg,@socjsosnskmmm,살다살다 친구 키 올려주는건 ㄹㅇ개웃기네 ㅋㅋㅋㅋ,123,2024-10-22T15:14:26Z
l2vM8hBKaVU,UgwFrp45JUORPcpQzqd4AaABAg,@Justdoit_just_do,키 올려주는거 넘 웃기네요,529,2023-10-22T21:43:08Z
l2vM8hBKaVU,UgwBVtwGTWAsuD-JFdh4AaABAg,@서사랑-c3f,두분 케미  너무 좋던데 자주보여줘요 ㅋ,398,2023-10-27T00:46:57Z
l2vM8hBKaVU,UgznV-zL1ThV423CANd4AaABAg,@hehehaenoo,쎈동의 눈물겨운 센스와 성장기자막으로 큰웃음준 부분ㅋㅋㅋㅋ,858,2023-10-16T13:57:53Z
l2vM8hBKaVU,UgwE_CEv0bQiFNM_x9J4AaABAg,@doldol1001,이거 진짜 너무 웃기죠 이 귀염둥이들 어쩔꺼야,278,2023-10-17T09:00:29Z
l2vM8hBKaVU,UgysZqznYF5V5kTbFWt4AaABAg,@yjavert9350,"저 마음 너무나 이해 가네ㅠ
181 해줘라 까짓거 ㅋㅋㅋㅋㅋ",75,2025-02-03T01:19:21Z
l2vM8hBKaVU,UgxfzgIYhDWTn3VSUu14AaABAg,@덱짐,센동님 71이셨군여😂😂😂😂😂😂아진짜 둘다 기여워😂😂😂,137,2023-10-18T01:06:14Z
l2vM8hBKaVU,UgxdhGM5JpGNt-0GasF4AaABAg,@18족,웃겨죽는줄 ❤❤❤❤,139,2023-10-17T01:17:43Z
l2vM8hBKaVU,UgwJe1CVWQNYoFgkx3t4AaABAg,@브이-q3v,말을 재밌게 하네요 덱스,126,2023-10-16T18:01:34Z
l2vM8hBKaVU,UgxFVO6spxykMjWPycZ4AaABAg,@msb8681,둘다 귀여움 😂😂😂,71,2024-02-03T14:31:24Z
l2vM8hBKaVU,Ugw5tQBeBsjgEnWasBl4AaABAg,@아기공룡둘리-v7d,"ㅋㅋㅋ
이 둘은 항상 재미져~~~~",26,2024-11-22T08:28:37Z
l2vM8hBKaVU,Ugxvx4RA9eFLidk4mRR4AaABAg,@emH가을,좋은친구네요 ㅎㅎ 친구키도 키워주고 ㅎㅎ,25,2024-11-06T03:54:47Z
l2vM8hBKaVU,Ugx6sm2iMF4Conqdaeh4AaABAg,@경민-u1b,진짜 웃긴다ㅡㅎㅎㅎㅎ❤😂,27,2024-10-14T12:50:24Z
l2vM8hBKaVU,UgzhxVHfDQor0M65N6N4AaABAg,@emH가을,덱스 다른사람들과 나란히 서있는거보면 비율이 남다름❤,15,2025-05-29T12:02:32Z
l2vM8hBKaVU,UgxRX-TjEfw4W_-ECX14AaABAg,@시나브로-d4t,사투리 넘 정겹다 ㅋㅋㅋ 더 자주 써줬으면,1,2026-06-20T02:10:29Z
l2vM8hBKaVU,UgzPw58bDhh-M-DZu8p4AaABAg,@핫도그먹기,쎈동이 신발 읏되게 높은거 신고 173,54,2023-10-16T20:55:14Z
l2vM8hBKaVU,UgzcXvqe7bXGxZb4EmZ4AaABAg,@해피_x,에고 이쁜울덕스❤❤,76,2023-10-16T14:07:12Z
l2vM8hBKaVU,UgwMCRixcFf97XchCXV4AaABAg,@jgl1660,쎈동 논리로 계산하면 쎈동 실제 키가 71???😅;;; 쎈동님 울 덱스랑 찐친이라 그런지 내적 친밀감이 생겨서 호감이 감,69,2023-10-16T14:32:35Z
l2vM8hBKaVU,Ugxu1sFiwkqPZuE9qIh4AaABAg,@Empire56yuds,"180, 182라는분도 덱스옆에서 비슷해보이던데 그냥 180이라 해도 될듯요 ㅎㅎ 다들 2센치씩 올리는 연예계라.. 187이상만 키 내리고 ㅎㅎ",33,2025-02-04T17:33:48Z
l2vM8hBKaVU,UgwSUoFTC-aVpEdA6QN4AaABAg,@nice67231,나도 이거 겪어봄요ㅋㅋ 지인이 자기키 180이라고 해서 내가 179인데 했더니 저레 말하던ㅋㅋ 키 다시 재보라면서ㅋㅋ,84,2024-07-08T07:12:59Z
l2vM8hBKaVU,UgxaEaJA_8B6uKWVqbV4AaABAg,@힘내라-q7i,두분 케미 넘 좋아~😂😅😊❤,43,2023-10-18T14:06:40Z
l2vM8hBKaVU,UgxpN78ItiDSpPtqzwp4AaABAg,@ehdehdqkd,상대방 키 올려주기 ㅋㅋㅋㅋㅋㅋ,11,2025-05-24T17:38:17Z
l2vM8hBKaVU,UgwtEY7wRoMPBdrVlYl4AaABAg,@튀어남쪽으로,78이라고 하네  78.9면  79라고 봐야지~~~~!!!!!,21,2024-09-07T03:37:20Z
l2vM8hBKaVU,Ugzbf6f_cL3EqzMwuzd4AaABAg,@CR_7-siuuuuuuuu,키몇이냐고 물어봤는데 76이라던 애가 날 올려다봄ㅋㅋㅋㅋㅋㅋ난 75인데,11,2025-08-20T19:56:46Z
l2vM8hBKaVU,UgwxFMun712DzWxdaqp4AaABAg,@콩맨-e1b,친구들 끼리 저런 경우 많음  친구중에 170 안되는 친구가 있는데 맨날 170이라고 하고다님 그런데 173정도 되는 친구가  그 친구랑 있을대 누가 키물어보면 169라고 함 ㅋㅋㅋ,11,2024-10-21T23:50:57Z
l2vM8hBKaVU,Ugwd1AwC4nPvO2yk3hZ4AaABAg,@yun2999,둘조합 젤좋음❤,38,2023-10-17T19:38:51Z
l2vM8hBKaVU,UgwtLc9nCxiJW0s97Gl4AaABAg,@지현이-s8m,센동님 덱스님~응원합니다. 좋은 날들만 있기를 바랍니다^^,8,2024-10-28T23:44:31Z
l2vM8hBKaVU,Ugw_BDPkPKirFuhTOeZ4AaABAg,@_yltt8636,"그래서 나도 62인데 65 ㅎㅎ
내가 62라고 하면 주변에서 난리",5,2024-02-29T05:10:28Z
YuO7Z57xbj4,UgzXV1aqs5OGzMgAd1l4AaABAg,@dont-6495,김동현 씨는 항상 리스펙할 거 해주면서 주변사람 잘 치켜세워주시는 게 너무 멋있음 진짜 리스펙,1557,2025-01-13T12:46:39Z
YuO7Z57xbj4,Ugyt1LuWA8o1738RYoF4AaABAg,@sports_bong,와..션님 자전거는 알고 있었지만 김동현님 자전거 ㅋㅋㅋㅋ평지에서는 엄청나겠네요,848,2025-01-09T10:58:32Z
YuO7Z57xbj4,UgwMOxjKkCA7UGrMwF14AaABAg,@ollekim5116,김동현 진짜 볼때마다 자기자신을 낮추면서 상대방 추켜세우는 모습 너무 멋있다,536,2025-01-14T23:58:53Z
YuO7Z57xbj4,Ugx-tZlV4gR9F0QDZKJ4AaABAg,@colushow,"김동현 진짜 어느 예능에서도 늘 상대 띄워주고 맞춰주고 넘 잘함
실력도 좋지만 인성도 최고~!
게다가 지금 키우는 선수들까지 다 잘되서,, 진짜 넘 완벽하심!",112,2025-06-22T10:25:07Z
YuO7Z57xbj4,UgzzwzffYN8xJGM3RuF4AaABAg,@attorney3328,아니 동현이형 듣는 사람 기분 좋게해주는거 넘 스윗행,67,2025-02-28T15:28:37Z
YuO7Z57xbj4,UgxV0FVMHGsnRRXVNFx4AaABAg,@회종-k3k,최고급 보다는 엔진이 갑!!!,144,2025-01-10T03:57:24Z
YuO7Z57xbj4,Ugyp1tRMbnZWT1aKn4J4AaABAg,@doobe3094,자전거 진짜 이쁘다,245,2025-01-10T23:19:26Z
YuO7Z57xbj4,UgyH7PIX6Wa3VFC_Z014AaABAg,@TYK-dy7bw,우와 션님 진짜 대박이다 👍,23,2025-01-12T09:36:55Z
YuO7Z57xbj4,Ugw99_3WpkTIP2Ph-kl4AaABAg,@jkj3403,솔직히 션도 대단하지만 김동현도 최상급 체력이지.. 멋지다 김동현,16,2025-03-03T05:42:16Z
YuO7Z57xbj4,UgxYdbLk3ze2c4Q-iNx4AaABAg,@엥깔마녀,ㅋㅋㅋㅋㅋㅋㅋ 김동현 설렁설렁 하면서 힘든척 ㅋㅋㅋㅋㅋㅋ 션은 숨 넘어가것네 ㅋㅋㅋㅋㅋ,21,2025-10-21T10:18:08Z
YuO7Z57xbj4,Ugw8euGVjBUJTPtgeg94AaABAg,@TechnoParrot1,사이클에서 진짜 최고재능은 회복력인게 여기서 또 증명되네 ㅋㅋ,25,2025-01-09T09:47:15Z
YuO7Z57xbj4,UgxnmFbF7CAzSSax4s94AaABAg,@do0do0_ru5n,엔진은 둘다 최상급 ㅋㅋㅋ,420,2025-01-09T05:57:26Z
YuO7Z57xbj4,UgydIaOumNRfSIPkYId4AaABAg,@zzalra,ㅋㅋㅋㅋㅋ 동현이형 너무 편안한데? ㅋㅋㅋㅋ,2,2026-04-06T05:50:18Z
YuO7Z57xbj4,UgzR5VgispsWYaMWhdJ4AaABAg,@hirex-k,김동현 선수 사이클 정말 좋아하시는 것 같아요 연습하시는 체육관 있던 부산 대신동에서 자전거 타고 돌아다니시는 것 몇 번 봤었어요 언제 한 번은 사복 차림으로 동네에 계시길래 용기내서 같이 사진 한 번 부탁 드렸더니 흔쾌히 응해주셨던 김동현 선수 늘 건강하세요!! 그 때 감사했습니다.,11,2025-01-17T12:12:24Z
YuO7Z57xbj4,Ugy5tXSHfVY5Dw8ofpF4AaABAg,@트래져헌터,"안전하게 탄다면 ,,경치보며 바람 가르는..최고 운동~",7,2025-01-14T14:50:48Z
YuO7Z57xbj4,UgySwPs42GzFkyG6e7d4AaABAg,@arima0720,사람은 엔진이중요합니다. 인정.,7,2025-02-26T11:35:34Z
YuO7Z57xbj4,Ugx8-hVQEl_tusho9jF4AaABAg,@taehoon3078,아이들한테 이런 아빠 였다는 모습은 핑계고 자기 취미생활 부럽습니닼ㅋㅋㅋㅋ,0,2025-10-21T11:37:24Z
YuO7Z57xbj4,UgxFN5J3iA8k_rejGbJ4AaABAg,@sjlee900216,두대 다 프로젝트원 특별주문 색상인가요?,0,2026-07-09T12:00:11Z
YuO7Z57xbj4,UgxGloQwYAPay8Kn-cJ4AaABAg,@쿠현우,제목 션만 보고 션 스트릭랜드랑 자전거 탔나 했네 ㅋㅋㅋ,10,2025-01-10T15:51:25Z
YuO7Z57xbj4,UgyOU8Rp-OMPvJMF2_J4AaABAg,@arr6656,사실 자전거가 백만원 넘어서부터는 근소한 차이로도 금액이 기하급수적으로 오르기때문에ㅋㅋ 엔진을 키우는게 가성비가 좋죠,2,2025-10-14T09:57:18Z
YuO7Z57xbj4,UgwqaVb4AN51S6i1D4N4AaABAg,@바이크와친구들,멋집니다 ❤❤❤,1,2025-01-15T01:06:54Z
YuO7Z57xbj4,Ugxl9Gdh3hOp-E4kf594AaABAg,@야생마-b4g,부럽습니다,0,2025-01-11T09:00:47Z
YuO7Z57xbj4,Ugx9cNIXBlxA1HHIK5t4AaABAg,@멘탈-k7e,둘이 싸우나에서 대화 하는거같네,1,2025-01-15T02:16:11Z
YuO7Z57xbj4,UgzhDd0nzuWbT8YrPhB4AaABAg,@starykc,운동은 ”사람 엔진이 중요합니다“ ㅋㅋ 명언이죠,1,2025-10-13T17:43:48Z
YuO7Z57xbj4,Ugybj-vOiT_kn4tIniN4AaABAg,@davidkim4412,김동현 선수 자세가 좋네요~ㅎㅎ TT바를 저렇게 자연스럽게 잡곧타다니...ㄷㄷㄷ,0,2026-05-13T07:09:13Z
YuO7Z57xbj4,UgyFQvoyhQSXQ_-huZZ4AaABAg,@꼬마가자,이거 운동 많이 된다. 자기전에 타고 싶을거야,2,2026-01-19T09:21:14Z
YuO7Z57xbj4,UgxbcLldRrFop0G-Z9h4AaABAg,@llljjjsss,와 트렉 '스피드컨셉' ㄷㄷㄷㄷㄷㄷㄷㄷㄷㄷㄷㄷㄷㄷㄷㄷㄷㄷㄷㄷㄷㄷㄷㄷㄷㄷㄷㄷㄷㄷㄷ,5,2025-02-28T00:53:42Z
YuO7Z57xbj4,Ugw64_NFTF863K18hkR4AaABAg,@천사의얼굴-z3q,올해 54션님 대단하시네  환갑되셔도 체력 대단하실듯,0,2025-10-18T08:56:31Z
YuO7Z57xbj4,Ugx3GYzDSkIw8juDnVF4AaABAg,@집중-n6w,겸손하면서 강한 사람들😮,0,2025-07-14T15:16:33Z
YuO7Z57xbj4,Ugxjn-WbRsnDd8hu2Ph4AaABAg,@nicecha8171,최선을 다하는 사람은 최고를 인정 할 수 있다,0,2026-01-15T03:41:53Z
pvU5YIAMcXM,Ugy7wTw9AZ5nanBrftp4AaABAg,@per-du6,"다른 의사 까면서 광고하지마라
자신만 의인인것처럼 하지마라 
기계 좋은건 짧게 해도 효과 좋음
피부과 기계 신형 신품으로 대충 갖춰놓으려면 10억 가까이 드는데 한 명당 30분씩 하면 망하지",55,2025-11-17T08:01:23Z
pvU5YIAMcXM,UgyPz-unHRtuP8we3494AaABAg,@니녜바오,인모드 근데 줜나아파서 30분동안 하면 못버틸 것 같은대요..,95,2025-10-18T14:13:42Z
pvU5YIAMcXM,Ugx04OxOYN0QreI7rr54AaABAg,@유성욱-t3k,"음 근데 제가 서로 다른 병원에서 받아봤는데
느낌상 1분에 1만원 정도 느낌………
결론적으로 5~10분 컷 3회차 정도받으이까 그래도 효과 있더라구용…",156,2023-12-05T08:03:05Z
pvU5YIAMcXM,UgwppHo77OG5b0BJBlB4AaABAg,@Your_face_.,아니 어쩐지…나만 효과 뒤지게없는건가 싶었다… 이제2회차받았는데,338,2023-09-04T06:44:29Z
pvU5YIAMcXM,UgwkLlDdkkFlQbUBWtB4AaABAg,@앙나난,왠지 잘하는 곳은 잘근잘근 오래 도록 언제ㅠ끝나요 할정도로 힘들더라,205,2024-02-19T21:54:35Z
pvU5YIAMcXM,Ugxkklyya9Pujos4nul4AaABAg,@ponypark-pe2hq,디지게아파서 온몸 다 땀나면서 이제 그만해주세요라는 말이 턱끝까지.차오르던데여 ㅠㅠㅠㅠㅠㅠㅠㅠ,48,2025-01-28T17:19:12Z
pvU5YIAMcXM,UgzcdUVoy950qS1d_hV4AaABAg,@1들꽃서리,30분 ㅎㄷㄷ 그럼 비싸겠지.....,21,2025-03-02T03:42:11Z
pvU5YIAMcXM,UgweJCmM-WKi-iTvu6d4AaABAg,@최고-m7k,헐 원래 그정도하는건줄,84,2023-06-30T14:46:17Z
pvU5YIAMcXM,Ugy13hZH-N1BrvOjfhh4AaABAg,@곰도리통나무,오늘 진짜 인모드 대충받고 속상해서 영상보고 있네요😢,270,2023-08-29T15:09:08Z
pvU5YIAMcXM,UgzJyA7xvAeLRdDGa-l4AaABAg,@kimjia3373,10분이상하는곳을 못 봤는데?,61,2024-02-26T16:19:00Z
pvU5YIAMcXM,UgxzTAcu5TxU7J096XN4AaABAg,@ssomeda4824,"아니 강남에 병원들 시술 시간 얼마나 되냐니깐 3-5분정도 라고 해서 내가 시술 시간이 너무 짧은거 아니냐 돈 더낼테니 길게 못하냐 하니 길게 한다고 좋은거 아니라고 그러던데 
와 30분하신다니 어딘가요? 저좀 알려주세요",14,2025-07-18T13:52:06Z
pvU5YIAMcXM,Ugyzhgw_dZwroi8mKbp4AaABAg,@권장우-o9q,받는사람체력이나 담력도 좀생각해야죠 5분만해도 살려달라는말나오던데 그거보다길면 무서워서못함,11,2025-11-03T17:28:04Z
pvU5YIAMcXM,UgyybDUQoflJAGoGlr94AaABAg,@냐옹냐옹잉,와 30분을 어떻게 받아요? 5분도 너무 고통스럽고 뜨겁던데ㅜㅜ그냥 해준다 해도 저는 못할 듯요 7분이 맥시멈..,3,2026-01-09T09:41:25Z
pvU5YIAMcXM,UgxD1MBX_szOnGIqKFF4AaABAg,@김영-b7j,엄청 친절하시드라구요~~ 안아프게 잘 해두시고 환자가 느낄 통증에 엄청 공감해주셔서 좋았어요,18,2025-03-01T11:52:17Z
pvU5YIAMcXM,UgwtuVGDCfqhKlYmtL14AaABAg,@pt2657,"아 ...영상 보길 잘했네요 지금 인모드 예약하려고 했는데 8분만 해준다고 하네요 ....
도대체 분차이가 뭔가했네요 감사합니다.!",2,2026-02-04T02:27:26Z
pvU5YIAMcXM,UgwdqW9vFsb_VElsW4V4AaABAg,@yuna__0,저는 피부가 워낙 얇고 탄력이 좀 없는데 나이대는 20대후반으로 약간 젊은편이라 그런가.. 공장형에서 포마 대충받아뵜는데 효과 젛았어요ㅎ 피부 탄탄해지고 그후로 얼굴형이 미세하게 정돈된 느낌…? 또 받을까 고민중이에여ㅎ,6,2025-05-28T14:58:15Z
pvU5YIAMcXM,UgxtbPhUTcAkeAPITQN4AaABAg,@ssosso2039,정직하셔서 구독합니다!!!! 효과없게 시술하는 사람들이 돈 갖다 바춰주거라 하는거지~ 효과보려고 간건데 제대로 안하는 사람이 문제인거지,0,2026-06-08T23:15:52Z
pvU5YIAMcXM,UgxRnW4f0S-70WxMPZl4AaABAg,@디링딩딩,1회 최소 20-30만원 쓰시면 좀 나아요^^ 1회 2만원 한부위 이런데 가니까 당연히 효과없지 기계값만 몇천만원할텐데,9,2024-05-05T17:01:55Z
pvU5YIAMcXM,UgzxWalLjCiaC0Ooual4AaABAg,@White-gn5ly,"얼굴 전체까지는 필요 없고, 이중턱 한 부위만 하게 된다면 비용이 얼마일까요? (Forma+fx 기준)
그리고 침샘 발달인지 지방인지는 어떻게 구별하나요?",8,2025-01-14T17:11:55Z
pvU5YIAMcXM,UgxZZwc4siOB2e5OC4F4AaABAg,@이민호-h5u,짧은시간 열은 오래 쬔다는게 무슨말인지 😅,15,2024-12-20T03:16:55Z
pvU5YIAMcXM,UgybxDS4lkEmzs3Ehmx4AaABAg,@이야-p9kieypqdsjf,"그래서 피부과라도 공장에서 뭐~ 찍어내듯이 하는곳은 피해야한다
싼곳은 싼만금만 딱 그만큼만 해주니 효과는 당연 떨어짐",8,2024-09-23T13:21:32Z
pvU5YIAMcXM,UgyWNe-6EuKM1NLiZHV4AaABAg,@신나내-r9j,나다니는데는 그렇게천천히안하고 빠르게 하던데 손이빠르신분이있고 천천히고통을 즐기게해주는분도 있고,0,2026-04-21T06:41:05Z
pvU5YIAMcXM,UgyyUwZCXopw6u9-KgF4AaABAg,@김복실-n7j,유튭 보고 이번주 토요일 인모드 예약햇서요.. 두근듀근..❤,6,2024-07-16T07:27:07Z
pvU5YIAMcXM,Ugz7ZUFYrEjAzuELRQJ4AaABAg,@땅이-e2p,"인모드fx 15주고 5분함... 피부가 두까운편인지 인모드를 약하게 한건지 모르겠지만, 난 안아팠음... 이제3일차인데 멍과붓기만 심함ㅠㅠ 효과있길ㅠ",0,2025-12-02T18:45:40Z
pvU5YIAMcXM,UgzrPBYxRxLbYtzyVNZ4AaABAg,@소라빵99,원장님 너무 정직 하셔서 유튜브 바로 구독 했어요 ㅎㅎ,10,2024-07-09T15:55:14Z
pvU5YIAMcXM,UgyP8wbnDk_5ezESQXx4AaABAg,@제이엠-h5o,30분이요??? 저 가던곳은 5분 정도였는데.... 마취하고 시술 3~4개씩 받아도 1시간 커트인데...,1,2024-07-19T13:04:04Z
pvU5YIAMcXM,UgxROhR7GLUlrMYz_-V4AaABAg,@세상에나쁜개는없지만,"안녕하세요 혹시 마른체형에 볼살이 좀 있어 고민인데 인보드가 좋을까요,,? 다른 시술을 받아보는것이 좋을까요??",1,2023-10-22T13:28:33Z
pvU5YIAMcXM,Ugyf-3_R77sZUvqPEEZ4AaABAg,@안다다안다-s6k,겨드랑이 레이저제모 시술은 1-2분걸리던데 레이저제모도 시술시간이 이렇게 적으먼 효과가 덜한건지 궁금합니다!,0,2024-12-12T05:11:45Z
pvU5YIAMcXM,UgyyYJ34kV6b8XOi4_J4AaABAg,@jo-so4od,저도 인모드fx 받고있는데 지금 시간 제일 긴걸로 하는데 17분하고있어여,0,2025-12-26T11:37:02Z
pvU5YIAMcXM,UgwNE1nGvNfLcQ8nudF4AaABAg,@복복복-80,"피부마다 다를것같아요
저는 몇분했는데도 이중턱이 쏙 들어가버렸어요😆",5,2025-10-19T09:54:48Z
nG7AqdvdhMg,UgwejlXPSvxuuvKMhvZ4AaABAg,@BacninhCouple,순천만 국가정원은 동문쪽에 주차해서 가는게 중요하군요 ㅎㅎㅎ 데이지꽃들 너무 이쁘네요~~~ 순천사이다 어떤 맛일지 궁금하네요~ ㅎㅎ 우와~ 저도 작년 가을에 이곳에 가본적이 있었는데 이곳에 얼음동굴이 있는줄은 처음 알았네요~ 한 여름에 가면 정말 좋을거 같습니다~~ 멋진 공원 모습 정말 잘 보고 갑니다.~~~,3,2023-06-16T00:32:48Z
YRIY-KHwOo0,UgyGIW6G0xCAlRyf8994AaABAg,@axpx14738,슈퍼지젤타임이라는 말도 너무 좋은데 이 다죽자←이 세글자가 진짜 개웃기고 찰떡임ㅋㅋㅋㅋ 저 슈퍼지젤타임 볼 때마다 계속 죽어서 지금 한 9n번째 환생한 것 같아요,2257,2025-04-09T22:41:33Z
YRIY-KHwOo0,UgxTi_3IqvL3p-jrcCx4AaABAg,@소랑-e4d,머리 염색 잘했네 눈에 띄고 홛실히 꽃이 피어나는 안무같다,2651,2025-04-09T14:58:06Z
YRIY-KHwOo0,Ugw-l9M7wM1XbO_Hr_Z4AaABAg,@tamfour93,무대버전들도 좋지만 흰배경에 의상까지 돋보이는 뮤비버전이 갑이긴 한 듯,933,2025-04-07T13:45:24Z
YRIY-KHwOo0,Ugz2q7IcAaZYi1IPIll4AaABAg,@BELLDANDY-g5x,"에스파팬은 아니지만..
이 파트는 정말 미쳤슴..
계속 보게됨..",215,2025-05-15T07:30:07Z
YRIY-KHwOo0,UgwktTqFvY6b_6For1J4AaABAg,@spenceroh,지젤 극락 하이라이트는 진짜 지젤이 주인공 모먼트에 모든 인원이 만개하듯이 펼쳐지는 군무도 미쳤고 여유있는 표정까지 완벽....✨️🌙,938,2025-04-06T07:43:41Z
YRIY-KHwOo0,UgxvJOzAlxPZUdtc24V4AaABAg,@minsoooo-7,선글라스 쓰니까 진짜 더 매력적인거 나만 그럼?,313,2025-04-09T14:42:30Z
YRIY-KHwOo0,UgxAuDVOBEXYP3yMHvF4AaABAg,@sky99731,3번은 촬영이 진짜 ㅆㅅㅌㅊ네,115,2025-04-09T04:02:22Z
YRIY-KHwOo0,UgwbDxCE989bAwFIIIt4AaABAg,@seontus,선글라쓰 끼고 이 뭅펬 할 때 입모양이 진짜 극락임 =¤=,3,2026-05-18T04:23:26Z
YRIY-KHwOo0,UgyawDz54a7X8MGa11N4AaABAg,@lunajun2598,"근데 이 장면은 앉으며 좌우로 갈리지는
윈터와 카리나를 봐야함. 곡선미랑 표정이 압권임",6,2025-06-03T04:29:41Z
YRIY-KHwOo0,Ugx0bEiBnMu13IsxwDJ4AaABAg,@김진식-r6c,이 영상 안 끝난다.........,58,2025-04-09T11:10:42Z
YRIY-KHwOo0,UgwiS1PZ1yG2Qn0xgJl4AaABAg,@Ori_yb,다죽자파트< 너무 귀여운데 공감돼서 웃김 ㅋㅋㅋㅋㅋㅋㅋㅋ,43,2025-04-10T12:26:53Z
YRIY-KHwOo0,UgwYMYxLQ2dBZKrjkPJ4AaABAg,@zipyo.jungdobby,저렇게 판 깔아준다고 다 느낌 살리는게 아닌데 지젤 진짜. 어휴... (positive) 도파민 터져,19,2025-04-09T02:38:52Z
YRIY-KHwOo0,Ugwd4KRcPLNpOjv907h4AaABAg,@superduke1290RR,지젤도 졸라 주인공주인공하고.. 윈터 뽕따 맛있게 잘 뜯는것도 이쁘고❤,43,2025-04-11T01:39:00Z
YRIY-KHwOo0,Ugz08KDiUqho7Mdr5814AaABAg,@goodmnv1072,지젤은 이 안무 만들어준 안무가와 본인을 저 안무의 중심에 있어도 된다고 허락해준 sm과 동료들에게 평생 감사해야한다.,8,2025-10-16T10:43:45Z
YRIY-KHwOo0,UgwcKaeqk4tUFx-F3JV4AaABAg,@남친몰래사자,"에스파 초반부터 지젤만 팠는데 ㅠㅠㅠㅠ
드디어 빛을 보는구나🎉",38,2025-04-25T02:43:36Z
YRIY-KHwOo0,UgxLqxwX1pmg8nV1UXp4AaABAg,@WonsikJeong-i6u,"진짜 모델도 모델이지만 인간이 대단하다는 생각이 근다
아름답다",36,2025-04-11T09:48:31Z
YRIY-KHwOo0,UgyWHuGSzjEQaCWNpGF4AaABAg,@김버블디아-h1k,지젤 나오는 연출은 진짜 너무 잘 만든듯!!,2,2026-03-25T04:58:59Z
YRIY-KHwOo0,UgzX8edaERGvZiT1ISB4AaABAg,@오리엔탈들깨가루,3단계 머리카락 색 너무 이쁘네요.,74,2025-04-12T03:18:56Z
YRIY-KHwOo0,UgwQnUDDpF6mUjjepit4AaABAg,@archi0117,진짜 에스파 노래중에 위플래시가 제일 좋음!!!,24,2025-04-12T14:53:08Z
YRIY-KHwOo0,Ugy7H2srQC8RdJyaFpF4AaABAg,@tomaa2t,저 앵콜콘때가 진짜 지렸음.. 진짜 개지렸음... 도파민 개폭발 ㅋㅋㅋㅋ 현장에서 봤어서 ㄹㅇ...,1,2026-06-08T08:16:33Z
YRIY-KHwOo0,UgzdhfGPxdu8ALTuGnl4AaABAg,@SPACE_MEOW_CAT,윈터는 넥스트레벨 때도 그렇지만 포니테일이 정말 예쁘다요(='ㅅ'=),7,2025-04-11T10:22:02Z
YRIY-KHwOo0,Ugz_408B8Isa4lIuoiZ4AaABAg,@jakefinn-x3y,현대무용으로 풀어낸 불교의 탱화같음 ㅋㅋㅋ,1,2026-05-11T06:16:18Z
YRIY-KHwOo0,UgyGhzEzm5Eu9_QZEp94AaABAg,@dduddugo181,진짜 너무 너무 매력적,101,2025-04-08T08:50:42Z
YRIY-KHwOo0,Ugx7n0_gQucjqAPMdEF4AaABAg,@_uh7491,댄서분들까지 선글라스껴서 더 멋졌당,22,2025-04-07T09:32:52Z
YRIY-KHwOo0,UgyGRsFioIJ_DaOPpYp4AaABAg,@hsfgs-d2w,이 부분은 정말 좋음,9,2025-04-13T01:41:23Z
YRIY-KHwOo0,UgwYekTBhI7I7cIpdT94AaABAg,@길동-l7c,꽃 피는 것 같다,5,2025-04-23T00:43:27Z
YRIY-KHwOo0,UgxPOAfBStVzM8l8CZt4AaABAg,@상록수-e5t,존나섹시하네,7,2025-04-12T13:02:23Z
YRIY-KHwOo0,UgznsFLfDaR-C-wUNil4AaABAg,@넥스트레벨-z9g,윈터진짜. . .이쁘네,8,2025-04-10T04:36:43Z
YRIY-KHwOo0,UgysDqQP84KNM3fFBZd4AaABAg,@거냥이제헌쓰,그 무대가 제일 인상적임 파트 전에 머리 묶었는데 저거한다고 풀었을 때 그 임펙트,5,2025-04-12T01:06:11Z
YRIY-KHwOo0,UgyqspmJG-QPgiXyUP94AaABAg,@오옷-w9h,와... 위에서 보는 각도 멋있네.,0,2026-03-26T11:35:51Z
S6OuRAM54NE,Ugz8kylHmZpj5XxXJZZ4AaABAg,@애스파-aespa,편식이 아니라 단식인 것 같네요 죄송합니다😅,1368,2025-07-07T03:32:48Z
S6OuRAM54NE,UgxXg_TqUjl3Uws0EdN4AaABAg,@gbgbtbt,저 끝났어가 너무 웃기다곸ㅋㅋㅋㅋㅋ,2092,2025-07-10T10:18:21Z
S6OuRAM54NE,Ugx-WU8_58uwO2ig-8h4AaABAg,@무너-x1h,데뷔할거 아니자나 했을때 옆에 멤버들 반응이 찐으로 웃긴데 ㅋㅋㅋ,4330,2025-07-18T12:28:05Z
S6OuRAM54NE,UgzgfUF-YohGxH4U-J14AaABAg,@daeddae123,저분의 업적 닝닝과 3초 사귐,441,2025-07-09T22:46:00Z
S6OuRAM54NE,UgwFhPdEPuivcHXgh5F4AaABAg,@기모띠띠예,자기야 넼ㅋㅋㅋㅋㅋㅋㅋㅋ 나니가스키냐곸ㅋㅋㅋㅋㅋㅋㅋㅋㅋ,653,2025-07-26T07:31:01Z
S6OuRAM54NE,UgwZN_Xif0lrhU0iqnV4AaABAg,@momo_00-v1l,자기야 네 끝났어 ㅋㅋㅋㅋㅋㅋ,252,2025-07-12T06:31:27Z
S6OuRAM54NE,UgwRK2mDkzFHlZOURiZ4AaABAg,@Zen-n5v,닝닝 말하는거 개웃김ㅋㅋㅋㅋㅋㅋㅋㅋㅋ 저번에 아는형님에서 그래서🤨 한것도 개웃겼는데,1921,2025-07-18T20:20:48Z
S6OuRAM54NE,Ugy4Pcp4WJ0YCMRXbmZ4AaABAg,@enfp64788,3초 사귀어달라는 말에 다른 돌들은 숫자만 세다 끝나던데 그래도 자기야도 해주고 대답도 해주고ㅋㅋㅋ,101,2025-07-29T15:53:13Z
S6OuRAM54NE,Ugw5jdK0alR9CHtYMrF4AaABAg,@Flovnigf,닝이는 이런게 매력이야 노빠꾸 ㅋㅋㅋㅋㅋ 무대에서는 카리스마 미쳤는데 무대 밖에서는 웃수저 닝구리 퐁퐁 ㅋㅋㅋㅋㅋㅋㅋㅋㅋ,628,2025-07-11T14:26:19Z
S6OuRAM54NE,Ugx2ZrukjaD6H2FcXYJ4AaABAg,@skymaru9,귀여운데 너무 웃겨ㅋㅋㅋ,917,2025-07-06T08:13:45Z
S6OuRAM54NE,UgzwOX2-qrQ1qu81OuN4AaABAg,@콜라중독-j1u,데뷔할 거 아니잖아ㅋㅋㅋㅋ 맞는 말이긴 함 오프 다닐거면 잘 먹고 다녀라,50,2025-07-12T15:35:38Z
S6OuRAM54NE,UgwGBsT0q1hB4KQTAEV4AaABAg,@asd12-t3m,아니 김민정 옆에서 태권도복 입고 엄마 기달리는 초딩같아ㅋㅋ귀여워ㅋㅋ,440,2025-07-08T15:38:00Z
S6OuRAM54NE,Ugz2fPFWAylKrcwKSbV4AaABAg,@salmon_ing,데뷔할 거 아니잖아 이거 뭔가 따뜻하다,2,2026-06-17T07:47:28Z
S6OuRAM54NE,UgzYVhFB8bfJ_irjoTZ4AaABAg,@초월-h5m,아니 처음에 세상 다정하게 말하다가 끝났어. 이게 개웃긴데 ㅠ,66,2025-08-03T13:31:23Z
S6OuRAM54NE,UgwgK9cvyebChBP9aQx4AaABAg,@Ppaeaek,"자귀야. 
넹!!!!!
끝났어ㅋㅋㅋㅋㅋㅋㅋㅋㅋㅋㅋ",59,2025-08-01T16:37:15Z
S6OuRAM54NE,UgzKnPrtYcloIZFfLox4AaABAg,@윈터의윈터,진짜 재능 웃수저.,282,2025-07-06T09:29:16Z
S6OuRAM54NE,Ugyd-cyBz7QuWE72y-h4AaABAg,@JB24h,데뷔할거 아니잖아 ㅋㅋㅋㅋㅋㅋ,39,2025-07-10T20:29:20Z
S6OuRAM54NE,Ugw69-sJA_hWGLC2DxF4AaABAg,@구리-o5m,끝났어 ㅋㅋㅋㅋㅋㅋ,83,2025-07-06T23:40:46Z
S6OuRAM54NE,UgxaeqTBkY_66KfT9np4AaABAg,@spenceroh,막닝이 솔직하고 엉뚱하게 노빠꾸로 말하는거 보다보면 킹받게 잘살리니까 묘하게 중독성있음🤣,102,2025-07-06T05:33:25Z
S6OuRAM54NE,UgyHtPRNUaEdQT7RuHF4AaABAg,@Al_LAND,닝닝ㅈㄴ이쁜김삼순같음ㅜㅜㅋㅋㅋㅋㅋㅋㅋㄱㅋ,6,2025-07-31T14:52:05Z
S6OuRAM54NE,Ugw37sxkJCICwAYNGAx4AaABAg,@myjju-o2,ㅋㅋㅋㅋㅋㅋㅋㅋㅋ데뷔할거 아니잖아 ㅋㅋㅋㅋㅋㅋㅋㅋㅋㅋㅋㅋㅋ아 ㅋㅋㅋㅋㅋ진짜 웃수저,17,2025-07-25T17:01:04Z
S6OuRAM54NE,Ugwzh5SmfBKSpfQF8vl4AaABAg,@예우니-c5m,"이제 전여친 물어보면 닝닝이라고 하실듯
저분 ㅋㅋㅋ",11,2025-07-13T12:26:20Z
S6OuRAM54NE,UgzuW8etGbs0o1ZTHeJ4AaABAg,@yse6205,"솔직털털해서 좋다
춤노래도 잘하고 최고여",4,2026-01-06T20:12:47Z
S6OuRAM54NE,UgwUIrRR_dPlhqEmet94AaABAg,@wyangga,???: 나이만 먹고 변한게 없으면 정말 불쌍한거 같아요,19,2025-07-08T23:22:02Z
S6OuRAM54NE,UgxbDCuAzj-brRJm4gp4AaABAg,@복숭아망고-z1x,??? : 죽도록 사랑해,10,2025-07-11T02:44:41Z
S6OuRAM54NE,UgwEZPAWi2XYFPjiD994AaABAg,@dodoo4293,어눌함이랑 특유의 시니컬함이 시너지가 나는듯 ㅋㅋㅋㅋ,4,2025-08-17T14:37:55Z
S6OuRAM54NE,UgznWpei39y9X9VbKxJ4AaABAg,@민순자-m5b,😂😂닝 귀엽당,17,2025-07-11T11:40:08Z
S6OuRAM54NE,Ugwz2zEYStCpvmLbE7V4AaABAg,@들깻잎순,다이어트 말은 감동이넼ㅋㅋ,0,2026-06-17T08:00:58Z
S6OuRAM54NE,UgzFAdrK-RZoit8c_-F4AaABAg,@아마게똥,닝닝 성격 매력적임ㅋㅋㅋ,3,2025-08-11T06:16:20Z
S6OuRAM54NE,UgxcMEG1kTVaYoOZWoV4AaABAg,@loveitzy2544,닝닝이 제일 호감ㅋㅋㅋㅋ,1,2026-02-18T15:47:57Z
tqwTg5r7xN0,UgynR2zRSVBKc99as414AaABAg,@0905Kim.,다들 멋있고 아름답네요. 피땀의 연습을 얼마나 했을까 생각하면 존경스러워요~,9,2019-01-14T11:14:17Z
tqwTg5r7xN0,UgwpPhrqTKdkJQ3-f394AaABAg,@What-nhh,"제가  지젤 연습중인데여, 힘들어여ㅠ",3,2019-09-20T13:48:30Z
tqwTg5r7xN0,Ugy8l-6oUOWkLK_oW6Z4AaABAg,@bluewhalelighting,너무 아름답다,1,2019-08-11T05:45:00Z
tqwTg5r7xN0,UgwCQmn-OeNqbNg-Isd4AaABAg,@pa.rxji_yeon,오늘 지젤 12년 만에 하는데 못봄ㅠㅠㅠㅠㅠ,0,2021-08-26T11:04:17Z
tqwTg5r7xN0,UgzwBzNFBLaseuCjtiV4AaABAg,@user-jv6ws6fi7g,저두 발레학원다니는데 아직 다닌지 1년도 안되서 콩쿨를  나가본적이 엢어요,2,2017-11-09T10:03:38Z
tqwTg5r7xN0,UgxS945-Wn45I53zy_p4AaABAg,@연-c7h,이분들 왜..  옛날1박2일에나왔던분들도계시군요ㅎㅎ,1,2017-10-28T07:10:01Z
tqwTg5r7xN0,UgyFYYbCqJcMdPWAm_Z4AaABAg,@정미진-w1h,"지젤 제가 젤 좋아했던 발레~~
근데 울 나라 발레는 왜 무대에서 다덜 쿵쿵 거리는지ㅠㅠ
볼때마다 그래서 아쉽네요",0,2023-06-07T17:51:39Z
tqwTg5r7xN0,Ugxwd3IGK1AXxpimXv94AaABAg,@beethovenl.v6542,와 무슨발레단이지??,6,2018-12-09T16:22:16Z
tqwTg5r7xN0,Ugwp7oJ-NF7H_VXFajN4AaABAg,@몽그리-o2x,여자주인공분 너무 말라서 음...이상해보여요. 해골같달까,9,2017-11-27T10:48:39Z
kwQNIGQxc2Q,Ugw9CjGNcoE42aZTdq54AaABAg,@마군입니다,"아시는 분들은 아실텐데, 제가 원래 지용신 영상 외에는 이렇게 주접 가득한 코멘트를 잘 달지 않습니다... 그냥 이번 에스파 콘서트는 여러모로 '내가 왜 안갔을까 미ㅊhin'을 외치게 된 직캠들이 많이 쏟아져서 영상으로 여과 없이 감상을 남깁니다ㅎㅎ 영상 하단에 직캠 출처를 남겨 놓았으니 다들 방문하셔서 한 번씩 감상해보세요! 시력이 0.5정도 오르는 효능을 느끼실지도...  다음 콘서트는 무슨 수를 써서라도 가려고 합니다. 그럼 이만:)

+ 참고로 닝닝님 영상은 이번 콘서트가 아닌 그 이전의 영상을 가져온 것입니다! Set the tone 잘 찍어주신 홈마분을 알고계신다면 추천 부탁드립니다~",3399,2025-03-18T09:16:26Z
kwQNIGQxc2Q,UgznOAV1lxBqWnkTq6R4AaABAg,@온천하는카피바라,지젤 얼굴 안가리려고 한껏 자막을 내리는 것에서 애정이 뚝뚝 묻어나는데요?ㅋㅋㅋㅋㅋㅋㅋㅋㅋ,13409,2025-03-18T09:22:40Z
kwQNIGQxc2Q,UgyEgy_G-WKjXeoGyLh4AaABAg,@carmel7613,저거 찍은 홈마들도 ㅈㄴ 능력자에 느좋임….. 환장하는 모먼트를 잘 아는 거 같달까??,6572,2025-03-18T10:40:43Z
kwQNIGQxc2Q,Ugx_zhtHOX5LDAAc26R4AaABAg,@Woxn-j1n,"지젤 분위기 진짜 너무 이쁘다…
내가 상상하는 어른스럽고 일잘하는 성인여자 분위기임",2832,2025-03-18T11:17:21Z
kwQNIGQxc2Q,UgxbEB4j4DdXUwMC7e54AaABAg,@youryerin,"에스파 팬 아닌데,, 진짜 카리나 윈터만 보였는데 이제 닝닝이랑 지젤도 존예노,, 맴버 다 미모가 넘사로 미쳤네",4034,2025-03-18T10:24:46Z
kwQNIGQxc2Q,Ugy9RyURSjKIhptAfcd4AaABAg,@fivetime-j9w,ㄴㄱㅋㄱㄱㅋㄱㅋㄱㅋㄱㅋㄱㅋㄱㄱㅋㅋㅅㅂㅋㄱㅋㄱㅋㄱㅋㄱㅋㅋ 마지막 지젤 뭐 올라오는 효과 ㄹㅇ 자연스럽고 지젤력같네 ㅋㅋㅋㅋㅋㅋ,359,2025-03-19T03:55:00Z
kwQNIGQxc2Q,UgylUgMKG33atRJB38l4AaABAg,@evalaineeve,홀리지젤사마…..미쳐버린 미모,4046,2025-03-18T09:26:45Z
kwQNIGQxc2Q,UgzAs-wSKayUKWLOt_h4AaABAg,@고구마-w8k,지젤은 진짜 분위기가 넘사벽이다,602,2025-03-18T12:19:54Z
kwQNIGQxc2Q,UgwS2ujQqwUitOmvobJ4AaABAg,@eey030,지젤 미텼다 진짜 개홀리해ㅜㅜㅜㅜㅜ,313,2025-03-18T11:46:03Z
kwQNIGQxc2Q,UgwihLoMxR4q_yrZ1iN4AaABAg,@연수-p6u,애리... 감기 몸살이였는데 너무 고생했어 ㅠㅠ ❤,756,2025-03-18T09:46:55Z
kwQNIGQxc2Q,UgxWUyYBr3oPL689Zfd4AaABAg,@K-Director,"윈터 이번에 저 제복 미쳤다 오타쿠의 심금을 울리는 복장이다 ㄹㅇ
지젤도 이젠 자기가 잘 하는 장르랑 깔 완전히 찾은 느낌",402,2025-03-18T11:27:13Z
kwQNIGQxc2Q,UgxZIc_CEKZ3PPmeedB4AaABAg,@최나경-j4d,오~지젤  물속에서  올라온 인어공주같아요💗💗💗,270,2025-03-23T01:40:36Z
kwQNIGQxc2Q,UgyHMqMHnn3ZM7eVPwN4AaABAg,@thronmelon,지젤 그냥 goddess...,184,2025-03-19T15:16:53Z
kwQNIGQxc2Q,Ugw5VDYAfDYd8NZ2Exl4AaABAg,@helli-d7t,"핑크머리 진짜,,,, 이리 잘어울리는 사람 첨봄 ㅠ",108,2025-03-21T04:21:21Z
kwQNIGQxc2Q,UgxT-CnleNayUoFZnhl4AaABAg,@travelmatilda8281,마지막 지젤 때 함성 찐이다 ...,76,2025-03-19T22:26:53Z
kwQNIGQxc2Q,UgxxPBRRI6c8pUSCLOp4AaABAg,@소금-v8f,지젤 진짜 죠낸 이쁘다 시범배...,76,2025-03-19T02:56:14Z
kwQNIGQxc2Q,Ugz5gPjFU1eeppBnmYV4AaABAg,@Thcnthcnthcnthcnthcn,와 지젤은 진짜….내안의 이성애가 자리를 잃어감,20,2025-03-19T07:39:10Z
kwQNIGQxc2Q,UgxIgePBytJao0hkt354AaABAg,@Wolly002,마지막 지젤 미모 실화냐..,51,2025-03-19T07:44:35Z
kwQNIGQxc2Q,Ugx0V3jYcOf7BCWTN4l4AaABAg,@쏘-y4b3z,썸넬이 사기다 안 들어올 수가 없음...,104,2025-03-18T14:06:24Z
kwQNIGQxc2Q,UgxUXJDIgLeGboc69Zh4AaABAg,@메메메홍,지젤 미쳤다 짖짜 와아아아악,17,2025-03-23T06:42:29Z
kwQNIGQxc2Q,UgxoAcLh8hT5if6QXk14AaABAg,@Henew.,ㅠㅠ지젤 진짜...드라마 때부터 지금 분위기 확 올라왔던 거 같은데 진짜 미쳤음..(positive),201,2025-03-19T04:04:23Z
kwQNIGQxc2Q,UgyqfwX7lS3lzi-Aqt14AaABAg,@Hy.zju0630,애리는 진짜 춤도 늘고 요즘 리즈찍는듯,15,2025-03-19T12:09:50Z
kwQNIGQxc2Q,UgxxpOz0CgpzDj1rR6l4AaABAg,@캐럿-17p,....지젤..사마..,11,2025-06-28T11:50:08Z
kwQNIGQxc2Q,Ugwk0AAmeAdCPQSJAlZ4AaABAg,@unknown_chef_log_kr,와 지젤 미쳤다… 바람에 흩날리는 머리카락 완전 디바네,35,2025-03-23T21:54:38Z
kwQNIGQxc2Q,UgwrTrTxpQvfXPtdxWJ4AaABAg,@낭만풀,지젤이 존나 폭룡적으로 변함...,8,2025-05-04T14:51:33Z
kwQNIGQxc2Q,UgxfLOYLq76TpLnCP_54AaABAg,@MrKR-x9h,진짜 에스파는 비쥬얼은 전부 탑티어 찍었네.  전부 센터급이야.,41,2025-03-22T13:32:13Z
kwQNIGQxc2Q,Ugz3LKOnsLHkkHaRZIh4AaABAg,@8v8-v6e,"거룩하닼ㅋㅋㅋㅋㅋㅋㅋㅋㅋㅋㅋㅋㅋㅋㅋㅋㅋㅋㅋㅋㅋㅋㅋㅋㅋㅋㅋㅋㅋ너무 찰떡같은 말ㅋㅋ
마치 지젤를 위해 만들어진것 같은 표현ㅋㅋ",32,2025-03-21T21:21:35Z
kwQNIGQxc2Q,Ugx3-XnGtyufVLEChoF4AaABAg,@Maximummadgirl,"첨엔 카리나, 윈터만 보였는데 요즘은 지젤이랑 닝닝도 미쳤네... 특히 지젤은 진짜 별 생각없었는데 흔한 비주얼이 아니라서 계속 보게됨;; 퀸이라는 수식어가 제일 잘 어울리네",35,2025-03-24T05:16:44Z
kwQNIGQxc2Q,UgwG7L0MafoZcQOA3Wl4AaABAg,@plain8204,와 지젤…….. 진짜 그저….. 퀸이다………ㅠㅠㅠㅠ❤️,93,2025-03-18T15:08:18Z
kwQNIGQxc2Q,UgzvsUNRrem3VXEZhi54AaABAg,@caratmelody,지젤 미모 진짜 미쳤냐고…레전드임,29,2025-03-19T09:39:31Z
Q0_fa_LTP1M,Ugx38w79Fm4wyhs6TT54AaABAg,@에스파소스,무기 다루는거 보면 이머멘터 어디 안가네 ㅋㅋ,10908,2025-06-14T15:02:59Z
Q0_fa_LTP1M,Ugyu23ml_86PEMYj7ct4AaABAg,@우운무,이게 레전드인 이유는 앞에 웃음소리가 개 큰 몫을 했다,7906,2025-06-15T08:22:50Z
Q0_fa_LTP1M,Ugzad_oVx2hiJVdCIkt4AaABAg,@blackcat_iger,시작 전에 웃음소리부터 무대 장악이다 닝닝,18079,2025-06-15T05:48:51Z
Q0_fa_LTP1M,Ugw0AtY5jxGLwHHFfRd4AaABAg,@ABCDLOVE-400years,무슨 웃음소리도 예쁘냐,10780,2025-06-14T09:44:29Z
Q0_fa_LTP1M,Ugy6yYczYcW3S8cMYbp4AaABAg,@gfgty-z1p,처음 허헣 웃는게 개치이네,4078,2025-06-15T15:01:19Z
Q0_fa_LTP1M,UgwTs7OBvC7hDBfvarx4AaABAg,@lktyae,찐고수는 저음도 맛깔나게 잘 부른다는걸 보여주는 닝깅..,619,2025-06-15T23:27:23Z
Q0_fa_LTP1M,Ugy4Jb3H8k_eVPR0bBF4AaABAg,@보통사랑A씨,"외모 노래 , 춤, 무대 장악력 다 됨",2048,2025-06-14T14:12:49Z
Q0_fa_LTP1M,Ugz1ImGHy7Q0BsMtcOB4AaABAg,@이승미-s6m,아니 노래 하자마자 관객들 침묵함ㄷㄷ,68,2025-06-20T07:10:22Z
Q0_fa_LTP1M,UgwLnDWaApb-3SrCLJx4AaABAg,@our_stories_08,아니 웃는 소리가 저 부분이랑 너무 찰떡이라니까? 저 부분만 계속 듣게됨,442,2025-06-16T16:07:55Z
Q0_fa_LTP1M,UgyJCtRNsLgbV2qiuLN4AaABAg,@ccdskskwo,"닝닝 시작 웃음소리 겁나 영화 효과음처럼 극락임,,,,,,,,",60,2025-11-26T05:00:23Z
Q0_fa_LTP1M,UgwomBfuWzwdO3kBXgN4AaABAg,@jxehn_3,초반 웃는거 뭔데..,128,2025-06-16T15:55:24Z
Q0_fa_LTP1M,UgzUYSED_DkAj3FBVwB4AaABAg,@najaeminimeajan,"앞에 웃는 얼굴이랑 웃음 소리도 너무 완벽하고 헤메코도 진짜 너무너무 잘어울림
카메라 점점 줌인될 때 너무 예뻐서 숨이 멎을 것 같음",232,2025-06-16T08:24:27Z
Q0_fa_LTP1M,UgxBpcHNPDh0Kf75Sn94AaABAg,@아라라라-x4c,그 와중에 어깨 왜 이렇게 예쁨,187,2025-06-14T09:48:11Z
Q0_fa_LTP1M,UgwtmrN5slC2B9R9w7h4AaABAg,@hxe.m_ch,한마디 하기도 전에 닝닝 웃는거에서 끝장남,43,2025-06-18T08:04:10Z
Q0_fa_LTP1M,UgxItYfLSNGL5QAXwHp4AaABAg,@민Di,영상이 안멈춰,148,2025-06-15T11:03:35Z
Q0_fa_LTP1M,Ugwsil8EJvJ7X1xkbDl4AaABAg,@기원전일천구백,닝이 눈이 너무 미치겠음 볼 때마다 빨려들어갈 거 같아 너무 이뻐....,1,2026-04-15T15:08:33Z
Q0_fa_LTP1M,Ugy0SxEDZN56k5kzSIt4AaABAg,@zs-w4i,닝닝이 좋다,1,2026-04-20T00:42:55Z
Q0_fa_LTP1M,Ugxl8YTUdvQ75jevkdF4AaABAg,@남샤크-r3o,닝닝아 넌 돌아가지마라 거기서 여기서 계속있다가 정말 그만하고싶을때만 돌아가 알겠지^^ 닝닝이 파이팅!,23,2025-06-19T16:59:15Z
Q0_fa_LTP1M,Ugzn5_7nrlqpIM7kVTt4AaABAg,@ji_in_0,저 웃음소리 약간 수어사이드 스쿼드 할리퀸 재질 🫠,13,2025-08-06T15:29:01Z
Q0_fa_LTP1M,Ugy6ABcPuO0i7h6kIoh4AaABAg,@Sim-om3os,다른 그룹도 그렇지만 에스파는 유독 멤버간 사이가 좋아보여❤,16,2025-06-18T08:25:18Z
Q0_fa_LTP1M,UgxDBwmV9e8Mgv5FTWJ4AaABAg,@light_b2uty,"와.. 에스파 진짜 미치겠네
왜이렇게 예쁘고 난리야.. 
쇼츠 내리다 나오면 홀린듯 보게됨",26,2025-06-18T13:58:17Z
Q0_fa_LTP1M,UgymvEJzdx6HRGuzuM54AaABAg,@풉씌-d7f,닝닝이 진짜임.,5,2025-06-29T04:29:11Z
Q0_fa_LTP1M,UgwPS9KQyDvR6DgxBMB4AaABAg,@satoru-127,일단 저게 의도든 아니든 저 파트 하나로 사람 홀리는건 분명한 것임..,6,2025-07-05T13:11:05Z
Q0_fa_LTP1M,UgzAALMHsXz9O9w7s6l4AaABAg,@연연-l9d,사이렌이 노래하면 이런 느낌일꽈…🫢,1,2025-07-21T13:27:27Z
Q0_fa_LTP1M,UgwsEP4A-QkXF7TXQ_Z4AaABAg,@dust_munzi,나 이거 볼때마다 소름 돋음;;ㄷ,39,2025-06-16T10:08:47Z
Q0_fa_LTP1M,UgzvJKDUWyT3vBm3Jwd4AaABAg,@young_and_rich_1,얼굴에 이미 홀렸는데요...,2,2025-07-10T10:20:45Z
Q0_fa_LTP1M,UgxsvSsWJvNzwAIw2kV4AaABAg,@mandy51,웃음소리 애기마냥 넘나 기여워서 계속 듣게됨,50,2025-06-16T03:57:25Z
Q0_fa_LTP1M,Ugy_r93FbXeaN5dsH3N4AaABAg,@wlsvnddl,솔직히 내기준 외적으로 닝닝이 에스파 원탑임,2,2025-12-18T21:18:00Z
Q0_fa_LTP1M,UgypxA8NBD_-QiFwRj94AaABAg,@k_2pa807,개인적으로 닝닝이 웃을 때 호루라기 소리마냥 터져나오는 비명 소리가 제일 압권임,10,2025-06-16T16:25:26Z
Q0_fa_LTP1M,UgwEjeLO3T4BE-6eHxp4AaABAg,@이오니아빠,닝닝이 요즘 젤 예쁘다,3,2025-06-19T10:34:30Z
Z89Snr32sjg,UgxNZ-nEVk50aT_Ikwp4AaABAg,@chaitekon486,남자분 피지컬이 너무 좋고 왕자님같네요,4,2023-11-29T17:55:06Z
Z89Snr32sjg,UgyNseIDrXIVVeAwvcl4AaABAg,@코너맥도날드-o6l,황혜민님은 지젤 그 자체네요 뭔가 넘 아름답지만 곧 죽을 것 같은 위태로운 모습 와,2,2023-01-05T23:10:19Z
Z89Snr32sjg,UgzBQAr5yaZFtl-UTSt4AaABAg,@tototo1282,감사합니다 ㅠㅜ❤❤❤❤❤,0,2026-02-19T23:02:38Z
Z89Snr32sjg,UgzhXV7_IxbCuCP6wgd4AaABAg,@ih4790,혜민리나 최고예요😍😍😍😍,7,2020-07-20T07:49:32Z
Z89Snr32sjg,UgwvRUQ7IY2oJYZWC_x4AaABAg,@뷁꿃쇿,매드씬 에서 지젤 역은 물론이고 앙상블의 연기가 정말 돋보이네요. 2막 알브레히트의 연기도 정말 좋아요.,7,2021-02-23T15:06:23Z
Z89Snr32sjg,UgxiQ-1TMlqqLM5oRaF4AaABAg,@결제한자리입니다이미,와 10월에 예술의 전당으로 보려 가려는데 기대되네요 ..^^,1,2021-08-31T04:35:02Z
Z89Snr32sjg,UgxL7IGEhOR4ze5YVtN4AaABAg,@유슈슈-g8w,황혜민발레리나 팬텀 초연때 싸인받았는데 너무 아름다우심… ㅠ,0,2023-03-02T20:12:30Z
Z89Snr32sjg,UgzvEZIhztFQcKU_U994AaABAg,@gammyung_kangsangmin8238,아름답네요,6,2019-06-01T14:11:16Z
Z89Snr32sjg,UgwfHvDndLm3PAA4iEF4AaABAg,@user-story-hanja,초등 3학년 어린이날 기념 창체 시간에 위 동영상을 보여주려고 하는데 온라인 e-학습터에 동영상을 올려도 되나요?,3,2020-04-28T00:47:38Z
Z89Snr32sjg,UgyaW74N_TAyURVHkVF4AaABAg,@日の上神楽,이게 무슨 내용이예요?,0,2022-02-10T12:51:58Z
Z89Snr32sjg,UgzNFNnrLmGNtK8HIv94AaABAg,@kb-g1v,"⭐⭐⭐⭐⭐
🎹🎹🎹🎹🎹",0,2021-09-05T16:01:21Z
Z89Snr32sjg,UgxX5C8pXlT75m__QZN4AaABAg,@bosungind,"세계적 수준의 발레 공연입니다. 
감동적이고 멋있어요.  잘 감상했습니다.",0,2020-07-24T07:18:50Z
Z89Snr32sjg,UgxS-I26hcK_Y7W-a_t4AaABAg,@brackthomasfischer6139,Do you have the full ballet?!,0,2018-02-12T20:35:27Z
Z89Snr32sjg,UgzFAQsqzxYaXd372gt4AaABAg,@랑지-p2v,3:13,0,2023-02-06T05:50:42Z
Z89Snr32sjg,UgzhQ4D0S1VoV3qdSA54AaABAg,@나인-q6z,저오늘 이거 보러갔습니다 천안예술의전당에서요,0,2018-05-12T09:52:01Z
Z89Snr32sjg,UgxMrzXvbZUOGExH4rR4AaABAg,@ljkjkjk6600,지젤 뒤에 거인들있다  키 너무 크니가 못 쓰겠다,1,2021-04-09T03:44:52Z
xcV0PULOSrM,UgyDiys8WGsaRY38cXB4AaABAg,@jumpingojoo,너무 좋네요!!!고화질로 풀어주시면 더 좋겠지만요!!!,2,2021-02-28T14:10:23Z
ArWEJVX90sM,Ugyxyo687nzu26216QJ4AaABAg,@카스트제도-g2c,두분의 결혼 축하드립니다,0,2024-05-22T11:53:10Z
aJZA151CgK0,Ugz961mBRBXpE-oOOtl4AaABAg,@bkk4678,"김규리 행복해라
넌 멋진여자다
드라마도하고 영화도하고
Cf도하고 다해라
억울했지만 넌 그때도
멋졎어  화이팅",2,2017-10-07T00:46:30Z
aJZA151CgK0,UgyUOqKa9718fSkjctV4AaABAg,@김피안,규리 예쁨,0,2019-03-16T11:35:52Z
LqQrA8VhVwc,UgwpA1BTEUB1p6lhEsN4AaABAg,@성이름-n2k4s,"제가 이 동영상을 보고 이해하고 느낀 것은요.

기약없는 기다림의 한계로 지치고 힘들고 슬럼프가 찾아옴.

그러다가 기회가 찾아오게 되었는데 준비가 되지 않아서 그 순간이 악몽이었음.

다시 기회가 찾아왔을때 놓치지 않기 위하여 자신의 제일 문제점인 집중력을 기르기 위하여 매일 아침마다 단순하지만 고강도의 반복운동을 한계지점까지 연습함.

연습도중 집중력이 흐트러지면 매순간에 다양한 방법을 시도해서 집중을 할 수 있게 한다.

""항상 준비가 안되어있으면 기회가 찾아왔을 때 놓치게 된다.""

열심히 해서 올려놓았는데 마지막에 망치지 않기위해 더욱 열심히해서 기회를 잡을 수 있었나봐요. 자신의 그동안의 노력이 물거품이 되지않게 말이에요. 정말 어려우신 걸 해내신 거 같아요!",7,2020-11-03T03:33:02Z
LqQrA8VhVwc,Ugw_r1bRdJDK8DI7Zqx4AaABAg,@srsensr4983,3:07  정말 감동적이고 너무 멋있어요~~~!,4,2020-12-14T14:42:43Z
LqQrA8VhVwc,UgzxmJnktJeYMdj3hoB4AaABAg,@autotune6669,진짜 멋있으시다...,5,2020-09-16T00:12:16Z
LqQrA8VhVwc,Ugy0326wDLTMBQUv_JZ4AaABAg,@바보-m4h,사랑하고 존경합니다~~수진님♡,0,2021-03-14T02:03:17Z
LqQrA8VhVwc,Ugwk5D9dG2pItzwxNVB4AaABAg,@jongkim9292,Red shirt with glasses man was cut off Daniel's comment so mannerless bc I was expect Daniels German knowledge.,2,2018-10-21T03:40:20Z
LqQrA8VhVwc,UgwnWzrMlVb2Xv98qlR4AaABAg,@flyassbj,독일어도 전형적인 한국인 발음으로 어설프게 구사하는데 한국말도 많이 까먹으셨네...,6,2018-10-27T02:35:59Z
yvgRSZlPX58,Ugz5hSiOb9JekdRcwYh4AaABAg,@suncheon-si,"조금 더 똑똑✨하게 삶을 꾸려가고 싶은 분들!
여기 주목하세요~📢
7월 2주차 순-케줄러📅 등장이요!

✅ 순천사랑상품권 7% 할인 판매
✔️ 기간 : 2025. 7. 1.(화) ~ 7. 31.(목)
✔️ 구매한도 : 1인당 월 50만원(지류는 최대 30만원)
✔️ 구입방법
 - 지류상품권 : 관내 농협, 축협, 원협, 낙협 등 방문하여 현금으로 구매
 - 모바일 상품권 : 지역상품권 CHAK! 어플
https://blog.naver.com/hongane2013/223921471783

✅ 7월엔, 내 손엔 에코백 이벤트
✔️ 기간 : 7. 3.(목) ~ 7. 16.(수)
✔️ 참여방법 : 에코백, 장바구니 사용 인증샷 메일 보내기
✔️ 제출처 : bomi2930@korea.kr
✔️ 제출형식 : 이름 / 전화번호 / 인스타그램ID / 인증사진
✔️ 참여경품 : 모바일 커피쿠폰(100명)
✔️ 결과발표 : 7. 25.(금) 선정자에 한해 개별 문자통보
✔️ 문의처: 061-749-5787(순천시 기후에너지과)

✅ 온누리 공영자전거 이용실적 인센티브 제공 3기 모집 
✔️ 모집기간 : 7. 1.(화) ~ 7. 31.(목)
✔️ 모집대상 : 만 15세 이상(온누리 공영자전거 이용이 가능한 순천시민)
✔️ 봉사활동 혜택
 - 하루 30분 이상 온누리 공영자전거 이용 시
   최대 31시간까지 봉사시간 인정!
✔️ 신청방법 : 인터넷 신청(https://naver.me/x5mN5KGw)
✔️ 문의처 : 061-749-6350(순천시 교통정책과)
https://blog.naver.com/hongane2013/223924371072

✅ 낙안읍성 상설공연 안내
✔️ 공연 일정 : 7. 5.(토) ~ 7. 26.(토)까지 매주 주말 총8회 운영
✔️ 장소 : 순천 낙안읍성 객사 앞 마당
✔️ 내용 : 판소리, 사물놀이, 전통무용 등
https://blog.naver.com/hongane2013/223919389427

✅ 아고라 순천 365 페스타
✔️ 일시 : 7. 12.(토) 오후 6시
✔️ 장소 : 문화의거리 한옥글방(금곡길 28)
✔️ 내용 : 취타, 한국무용, 대금연주 등

✅ 클래식 발레 <지젤>
✔️ 일시 : 7. 13.(일) 오후 5시
✔️ 장소 : 순천 문화예술회관 대극장
✔️ 예매 : 티켓링크(https://www.ticketlink.co.kr/product/57134)
 - R석 : 30,000원
 - S석 : 20,000원
 - A석 : 10,000원
✔️ 할인 혜택
 - 순천문화예술회관 회원 50% 할인
 - 국가유공자, 등록장애인, 65세 이상 어르신 50% 할인
 - 다자녀가정(순천시민카드 또는 1개월이내 주민등록등본 소지) 50% 할인
 - 장기및 인체 조직 등 기증(희망)등록증 소지자, 의상자 50% 할인
 - 10인이상 단체 50% 할인",2,2025-07-07T00:09:19Z
yvgRSZlPX58,UgyFE7cOVRBiAHaRYsd4AaABAg,@eslkjbwk,요즘 공무원분들 고생이 많아요 ㅎㅎㅎ,2,2025-07-07T00:11:28Z
yvgRSZlPX58,UgyfnNgVX6hPdnrosix4AaABAg,@오미란-m8d,👍,0,2025-07-08T03:48:36Z
yvgRSZlPX58,UgyQmsVt13m4ageqATh4AaABAg,@ChaeHyungLee,잘~~한다,0,2025-07-07T22:04:59Z
Jln36cfNT6A,Ugwbrf-T4klr9yy_WNJ4AaABAg,@coconutmermelada,ㅋㅋㅋㅋ옆에 익사 직전 접영인데 신경도 안씀ㅋㅋㅋㅋ,1162,2025-03-14T16:07:46Z
Jln36cfNT6A,UgysC3d-cF8OGJs_v9h4AaABAg,@eng3247,헬스장도 똑같음ㅋ,1197,2025-10-11T06:37:48Z
Jln36cfNT6A,Ugz1ubx2Lios2VtswLd4AaABAg,@으이그-c5g,직업에 귀천이 있는게 아니라 본인스스로 만듦,1365,2025-10-17T19:27:01Z
Jln36cfNT6A,UgxLOczrIyJPjnIycBV4AaABAg,@cncopera,젋고 이쁜 아가씨 1명만 잘가르쳐주고 나머지는 찬밥..샘만 바뀌길 간절히 바람..샘바뀜..여쌤 공평하게 잘 가르쳐줌..몇개월 뒤 사람들이랑 친해져서 그 강사 얘기함..다들 속으로 욕했었다고 ㅋㅋㅋㅋ,2935,2024-08-29T00:56:34Z
Jln36cfNT6A,UgztIY0_KeCla53YTfd4AaABAg,@j7596,오바한게 아니고 진짜 현실 100%인데 ㅋㅋㅋㅋㅋㅋㅋㅋ,13522,2022-10-29T20:46:52Z
Jln36cfNT6A,Ugx-dYsiElYn_yZUUyR4AaABAg,@bsa4347,저런 강사와 진상 장기회원들의 콜라보는 환장 파티,11486,2022-10-25T21:29:10Z
Jln36cfNT6A,Ugz2eyr50VXHn_wmZJR4AaABAg,@냥냥-r9h,근데 웃긴게 남횐들도 당연하단듯이 딱히 기대 안함 ㅋㅋㅋㅋㅋ,1972,2024-03-02T03:03:44Z
Jln36cfNT6A,UgzQNry_DF-BXSHQyB94AaABAg,@소방관-y1i,선입견을 안 가질래도 경험치가 하도 누적 돼서 강제적으로 가질 수밖에 없는 직업 중 하나,2086,2023-02-19T08:08:49Z
Jln36cfNT6A,UgwVUOakJzdFh7rmhid4AaABAg,@하나둘-k5o,와 공감.. 여자 회원들에게는 웃고 잘 가르 치더니 남자 회원들은 기본만 알려 주고 각자 알아서 하게 하던 양아치 강사 있었는데 그 사람생각나네 ㅋㅋ,3920,2022-10-27T02:32:24Z
Jln36cfNT6A,UgyjR7Uw405Kr4mxOlJ4AaABAg,@그럼에도불구하고-i1m,"여자라고 다 저렇게 대하지 않아요
젊고, 자기취향인 사람에게 저러더군요
아줌마는 남자분과 똑같이 그냥 자기수영할뿐입니다.",6036,2022-10-30T15:00:53Z
Jln36cfNT6A,Ugy7ZRR6NVQZxFpxP2d4AaABAg,@allure.v,근데 넘 웃겨요 ㅋㅋㅋㅋㅋㅋㅋㄲ 특히 허공에 물 쏴 올리는거 어쩔ㅋㅋㄱㄱㅋㅋㄲ,336,2026-04-09T02:51:29Z
Jln36cfNT6A,UgwrW9ZEWjK_Ra5NrXN4AaABAg,@성이름-g7j8q,40대 중년 강사나 몸 좋은 여자 강사가 차별 안하고 제일 잘 가르쳐 주시더라 ㅋㅋㅋㅋㅋ,2702,2023-03-25T11:33:31Z
Jln36cfNT6A,UgzGCJ1zWEd8PKn3IbJ4AaABAg,@ghis33,지맘에드는 여자만 쪼물딱 거리면서 1:1강습,2004,2022-10-28T16:16:04Z
Jln36cfNT6A,UgzP5zgAL2oROvPWAEt4AaABAg,@dk_kim7980,젊은 여성분만 터치하면서 봐주다가 다른 사람들 빤히 쳐다 보니깐 다들 한번씩 봐주는척 하곤 하지 ㅋㅋㅋ,114,2022-10-20T13:14:45Z
Jln36cfNT6A,UgwvNWQAw8YS0XpxpOd4AaABAg,@JY_________,10살때 6살 동생이랑 같이 수업 등록했는데 첫날 물에서 음파 하는 걸 배울때 동생한테 ‘음-파!’이렇게 하래 라고 한마디했다가 얼굴에 물총쏘면서 ‘야 니나 잘해’라고 했던 강사 생각나네요..; ㅠ 15년 전 얘긴데 아직도 생각나는 거 보면 어린나이에 작은걸로 상처가 됐던거같아요ㅠ 전반적으로 정말 싸가지가 없던 선생님때문에 수영 수업가기 싫어졌던거같아요,8559,2023-02-14T03:47:31Z
Jln36cfNT6A,Ugw-GpTpmu9JLm76N454AaABAg,@검색-p2c,이래서 여자 강사가ㅜ좋아 여자입장에선 수영도 맘편히 못하구ㅠ,177,2024-04-02T06:59:42Z
Jln36cfNT6A,UgwTwWofVwuSeMYVxGB4AaABAg,@june-vx3yl,지들 직업 수준은 지들이 만드는거지.,5304,2022-10-25T06:12:49Z
Jln36cfNT6A,UgykcznUBPkqxCz4RKR4AaABAg,@jklee3791,아닌분들도 있지만 진짜 질 떨어지는 강사 많습니다 ㅋ 하도 겪다보니 어릴때 운동했다는 사람한테 선입견 생겼어요,1826,2022-09-27T11:48:16Z
Jln36cfNT6A,Ugw8A9HmtMcYMeuV2op4AaABAg,@soojin9408,"수영 강사님! 그리고 헬스 트레이너님!
회원에게 제발 불필요한 접촉 좀 하지 마세요!
기분 심하게 더러워집니다.",3184,2023-02-20T14:11:54Z
Jln36cfNT6A,UgwSa1-_o31F9ekVjk54AaABAg,@dndoens7136,솔직히 말이 안됨 예전에너 사설 수영장 많아서 그렇지 요즘은 다 지자체에서 운영하는 수영장이 대부분이라 바로 민원 들어감 그러면 시스템 전산으로 그냥 짤 짬 찬 사람이면 그나마 경고지만 짬도 없는데 저러면 그냥 나가리임,4,2026-06-24T11:11:59Z
Jln36cfNT6A,UgyyMgauhXcht0TsS_B4AaABAg,@착지푸,돌핀킥 할때 고래되는 기분나라고 물쏴주는 배려,3335,2022-10-25T08:42:50Z
Jln36cfNT6A,Ugx_4iw-UOhYCSozLK94AaABAg,@congsoonE-sz8de,"저런강사 정말 동네방네 소문퍼트려서 
그 바닥에서 일 못하게 하고 싶다...",1450,2023-04-17T09:59:24Z
Jln36cfNT6A,Ugxe0551-g1XZLLu3JJ4AaABAg,@성이름-i6l,진짜 여자강사가 수영 제일 배우기 쉽고 편함 어릴때 남자 강사들한테 맨날 맞으면서 배움;;,726,2023-07-13T07:46:41Z
Jln36cfNT6A,UgxrgkGRvm3U7ByapKJ4AaABAg,@민소연-f8h,"우리 수영쌤 진짜 천사였네요.... 남자 회원들 거의 재활처럼 끌어안고 알려주시고 여자 회원들 팔 동작 할 때 손목, 고개 고정 안될 때 정수리 정도만 살짝 건들고 구두로 설명하거나 본인이 직접 재연해주심.",226,2025-03-25T07:36:30Z
Jln36cfNT6A,UgyFpTQN90yPPS0NQUx4AaABAg,@Football_Analyst,나 초딩때 마포문화센터(현 마포아트센터)에서 수영 강사 중 상체에 문신한 남자 강사 한명 있었는데 내가 수영동작을 잘 못한다고 갑자기 그 문신강사가 손바닥으로 내 뒷통수 꾹 누르면서 몇초동안 강제로 물고문했음 진짜 당시 그 어린나이에 물고문 당한 뒤 수영 레슨 받으러가는날마다 무서웠고 가기가 싫었음 지금 생각하면 아직도 속에서 분노가 치밀어오른다,6413,2022-10-27T14:35:56Z
Jln36cfNT6A,Ugy4bgTC-S3TWl5DV1V4AaABAg,@쿵따리씨바라빠빠빠,남자 접영할때 손물총 하는거 롯나 웃기네ㅋㅋㅋㅋㅋㅋㅋㅋ,1345,2022-10-24T16:33:19Z
Jln36cfNT6A,UgxxzKar3yMRcbwhIGN4AaABAg,@JuaJin_jesuslovesyou,수영 15살때 남동생이랑 둘이 레슨 받았는데 남동생은 몸 안 잡아주는데 나만 맨날 잡고 그러길래 불편해져서 관뒀는데.. 알려주는 거라도 공평하게 만지고 그러면 덜 불편할텐데 진짜 힘들었음 ㅜㅜ,2752,2023-02-19T02:11:31Z
Jln36cfNT6A,UgxiCva2leAtkPLzK3F4AaABAg,@nangmango,헬스장도 마찬가지..남자 피티회원들은 멀리서 말로만 절은 여성회원들을 디테일하게 잡아주고 눌러주고 ..,26,2024-06-24T02:51:01Z
Jln36cfNT6A,UgxT9DEPKZwaw4EM8fd4AaABAg,@jaeukjeon385,여자 강사들이 성별 안가리고 잘 가르쳐 주는듯,1140,2022-10-29T16:14:10Z
Jln36cfNT6A,UgxKYg72jERKvvt0jtp4AaABAg,@김현준-e5l,"진짜 어릴때 양아치 수영강사가 머리 좀 더 넣으라고 막 얘기하다가 좀 쳐 넣으라고!하면서 내 머리잡고 물에 박아넣고 계속 눌렀을때 너무 깜짝 놀랐었음…
그래서 어릴때 진짜 수영다니기 싫었었는데..군대를 해군으로 가서 군대에서 수영배워보니까 군대가 오히려 더 친절했던거 같음 시발",761,2023-08-16T18:03:35Z
pfDR0PM6VV8,UgyLuUVWbl694p9SyVh4AaABAg,@권재희-v3t,잘봤습니다 ~,0,2021-07-03T07:32:06Z
pfDR0PM6VV8,UgxZeIFST7p8VoXlk3d4AaABAg,@안미경-b3n,ㅊㅎ. ㅊㅎ.,0,2021-07-03T08:05:34Z
cfW5qjYHaFg,Ugy5hxHTWpnqSnnGjbJ4AaABAg,@성이름-q5o1t,컬 있는 앞머리+웨이브진 머리가 극락... 제발 계속 이렇게 해줘.... 에스파에 새침 공주 컨셉 한명쯤 있어도 되는 거잖아,10625,2022-07-10T10:19:54Z
cfW5qjYHaFg,UgwztYh_kH3wDKsVeIZ4AaABAg,@우개지-h1j,진심 모든 직캠은ㅅ 봐도 지젤 ㄹㅈㄷ는 이거인듯 아니 그리고 제발 앞머리좀 내려줬으면 앞머리 있는게 훨 예쁜데,12528,2022-05-02T08:58:02Z
cfW5qjYHaFg,Ugw8PBDKax1yG8h5JAF4AaABAg,@따잇-z3m,이거 지금도 가끔씩봄,157,2024-10-29T15:55:43Z
cfW5qjYHaFg,Ugxh2iSO2ztJrO9_2lV4AaABAg,@gorgeous_life33,이때가 개리즈인줄알았는데 점점 더 아름다워지는 여성,659,2024-10-19T18:09:33Z
cfW5qjYHaFg,UgwxyQ7Rvn-CeXpHqHF4AaABAg,@kittybaebae,지젤 특유의 여유가 개좋음...,3836,2022-07-28T15:23:30Z
cfW5qjYHaFg,UgxqkdRL94bhDSvsiVt4AaABAg,@Yerimingggg,"어디서 봤는데 ㄹㅇ 마이펫의 이중생활인가의
포메리안 닮음,,",4627,2022-07-25T15:12:19Z
cfW5qjYHaFg,Ugx18XEQi8uFqxX-HuB4AaABAg,@이현-l7j,보면 볼수록 빠져드는게 지젤이구나 싶은 영상임..,4124,2022-01-17T01:47:16Z
cfW5qjYHaFg,UgykvuVaQG0_uPU8ELF4AaABAg,@chocob1,지젤 이렇게 강아지상 느낌으로 화장하구 흑발 앞머리 귀엽게 내릴때보면 진짜 미모 폭발한댜ㅠㅠ 교포 느낌 스타일링도 예쁘지만 이때 지젤이 넘 예쁨,2581,2022-05-30T03:44:30Z
cfW5qjYHaFg,Ugx4l1gPF0woSM_9C0x4AaABAg,@전숭이,왜 댓글이 없지??? 진짜 개좋아 음색쩐다,6221,2022-01-03T15:21:34Z
cfW5qjYHaFg,Ugz8xPRfXSmq5sGVUPt4AaABAg,@user-qd2ce5vg6s,이 벌스도 자작이고.. 지젤 버블 하면 개인 노래 작업하는거랑 음악 얘기 엄청 많이 보내주는데 ㅋㅋ.. 뭐 노력을 안했고 간절하지 않고 그런걸로 까는 사람들은 보고싶은 것만 보는 것 같음 지젤 진짜로 좋아하는 사람들은 정말 기가 차지..^^ 다들 적당히 했으면 진짜..,933,2022-12-17T09:11:15Z
cfW5qjYHaFg,UgwfR9Lsq_WEWtHnJop4AaABAg,@whyrano825,앞머리 지젤 지인짜 레전드다,445,2022-07-20T09:08:56Z
cfW5qjYHaFg,UgwoHSoPckN8XCIeOel4AaABAg,@Dewdew8887,놀라는척할때 극락,2799,2022-01-20T07:37:50Z
cfW5qjYHaFg,Ugx528BI3uyAxZ7wZed4AaABAg,@user-fd1sx9yv9f,아니 이영상 진짜 마약같다.. 알고리즘에 뜰때마다 그냥 지나친적이 없음 진짜 너무 쫀득해....,314,2024-06-06T19:55:40Z
cfW5qjYHaFg,UgxVn-9ZNpl8jVnswzJ4AaABAg,@woonhackbaby,와 음색이랑 발음이랑 그 쫀득한게 진짜 계속 들음,274,2023-01-10T01:01:53Z
cfW5qjYHaFg,Ugz7AE-p9beHMyltbD94AaABAg,@하하-g7x,역시 내 마음의 고향은 여기다,65,2024-09-30T14:11:23Z
cfW5qjYHaFg,UgxGs19VVqgeiQ4sQgR4AaABAg,@teddyho559,지젤은 과소평가 받고있다,75,2024-05-05T10:39:57Z
cfW5qjYHaFg,UgzfdTjE95skG5a8aLV4AaABAg,@이이이잌-s6j,지젤 진짜 너무 좋다 ㅠㅠ 갈수록 실력 확 더 더 느는듯  너무 잘한다 어쩜좋아...,1730,2022-01-23T01:19:56Z
cfW5qjYHaFg,UgyWfWSrhHlXYGSOyi94AaABAg,@luckypokyjy,"요즘 지젤한테 빠짐,, 너무좋아",113,2023-04-03T14:19:28Z
cfW5qjYHaFg,UgwEgPL-PWPkshzm-jZ4AaABAg,@byoo808,"진짜 이해 안가는게 이 스타일링 왜 더 안해주지?
레전드 헤메코인데",80,2023-06-13T12:42:59Z
cfW5qjYHaFg,UgzY2X1Gh0W1djb13ip4AaABAg,@bongooneung,"왜 이거 말고는 이 모습을 본 적이 없을까
진짜 말도 안되게 이쁨",92,2023-06-08T09:33:44Z
cfW5qjYHaFg,UgxsA_hzaUSKg5EPYLR4AaABAg,@어쩌다마주친하품하는,확실히 느꼈다 지젤 얼굴로 까면 안됨,560,2022-05-07T01:29:10Z
cfW5qjYHaFg,UgyrWKUqFLj-fV-Z1c14AaABAg,@아스파라거스구스,랩도 너무 쫀득하게 잘하는데 진짜 레전드로 이쁘다..,164,2022-08-06T05:57:29Z
cfW5qjYHaFg,UgwS44rB-PcY8D7iiQN4AaABAg,@mndrnni,이때가 레전드.. 너무 예쁨 언니야 극락 놀라는 척 할 때 햄스터 같아ㅠㅠ,220,2022-07-30T03:42:29Z
cfW5qjYHaFg,UgzhwZNwtYdELgJAtvN4AaABAg,@sc1217,톤이 너무 좋음 글고 발음 특이해서 듣는게 재밌음,38,2024-09-19T16:53:06Z
cfW5qjYHaFg,UgzKsi7z8s2W_dsD1E94AaABAg,@뀨뀨-h9h,하 진짜 저 쫀득하게 부르는거 너무 좋다 젤며든다 젤며들어 ㅜㅜㅜㅜㅜㅜㅜㅜㅜ,87,2023-02-23T15:20:00Z
cfW5qjYHaFg,UgxZXWa-kYU2uNRi4T14AaABAg,@gwd031,존나 예쁘고 존나 잘한다,564,2022-02-05T16:19:32Z
cfW5qjYHaFg,UgzghFwK7WEGKRfUFC14AaABAg,@glrgnc,Giselle's pronunciation is killing me 😭,93,2022-12-10T09:08:48Z
cfW5qjYHaFg,UgxnptXIphLKKdxoGXd4AaABAg,@냥냠펀치,이 영상은 달마다 챙겨봐야함,58,2023-03-03T13:52:58Z
cfW5qjYHaFg,UgyolfJiRrNf--YalHV4AaABAg,@user-cj7ob3ig7i,마지막에 세껀~ 하면서 찡긋하는 거 진짜 지린다…,54,2022-11-29T09:03:49Z
PYTsdWD3Efo,Ugwt_2l_7NiMdGaIhD14AaABAg,@AyAReI00,Ning Ning SO pretty ❤,68,2026-06-02T18:03:55Z
PYTsdWD3Efo,Ugzcn96vo0lZYDD06Ft4AaABAg,@wowwow6488,""" The Republic of Korea's best girl group"" 😁😁😁😁",37,2026-06-03T06:07:25Z
PYTsdWD3Efo,UgzMeqA8zHplaKdplMp4AaABAg,@aquamarin256,에스파 한국외대 축제 정말 신나는 무대 레전드네!!! 떼창 대박ㅠㅠ인기 엄청나네!!!라이브 너무 잘하고 힙하고 헤메코 이쁘고 카리스마 넘치는 퍼포먼스 진짜 너무 멋지다!!!ㅠㅠ완전 최고!!!👍👍에스파 화이팅!!!❤❤❤,36,2026-06-02T16:26:12Z
PYTsdWD3Efo,UgxgXWwFtIWWc0Wgcl54AaABAg,@jiyoon_15,Ningning is so gorgeous,26,2026-06-03T09:07:41Z
PYTsdWD3Efo,UgxD1GfEc8i9AreHXgh4AaABAg,@IloverockNroll-p1d,Giselle so prettyyyy,20,2026-06-03T16:28:00Z
PYTsdWD3Efo,UgxUsaOUshposvGk0Rd4AaABAg,@spinash1041,Thank you for loading,21,2026-06-02T16:20:00Z
PYTsdWD3Efo,UgycpQUf-qva9GToLCl4AaABAg,@RiaKristy,Giselle looks like she can faint anytime 😮.girl eat well,27,2026-06-03T08:01:55Z
PYTsdWD3Efo,Ugz5lmpJ1YW26uT85nZ4AaABAg,@yiwenyang3327,Thank you for sharing this video! I can hear the girls better in your recording. 😊❤,25,2026-06-02T17:19:34Z
PYTsdWD3Efo,UgxSeXo6rpOxpiKu-RR4AaABAg,@kr3w705,이번콘 티켓 잡게 해주세요 ~~❤,9,2026-06-03T01:33:47Z
PYTsdWD3Efo,Ugz-8BlECkcYt7DXKwV4AaABAg,@Jhhhxxxx,지젤 너무 걱정됨 ㅜㅜㅜ쓰러질거같아요ㅠㅠㅠㅠ,22,2026-06-03T13:33:23Z
PYTsdWD3Efo,UgxNPIPyfrbM0MDiEMp4AaABAg,@JIMESUSujime,GISELLEEE,16,2026-06-03T06:37:42Z
PYTsdWD3Efo,UgwhFTgpf6yVEm5lbyd4AaABAg,@Cafe_de_jardin,에스파를 제일 마지막 순서에 붙인 이유가 있네 제일 처음이나 중간에 나오면 공연 끝나고 중간 이탈자 대거 발생,4,2026-06-03T15:19:27Z
PYTsdWD3Efo,UgyXYydEaL3Z4tph6vN4AaABAg,@villagranvicent,STUN-NING ,2,2026-06-07T05:26:51Z
PYTsdWD3Efo,UgwO-7F3SXrvW_0tc5d4AaABAg,@정미정여,에스파 파이팅 🎉,2,2026-06-03T12:17:06Z
PYTsdWD3Efo,Ugy1jJc3NNP_sA46PNB4AaABAg,@ekayulia2676,AESPA😍,2,2026-06-03T11:24:57Z
PYTsdWD3Efo,UgwSUt0SCP9o0cfND-F4AaABAg,@Ji_hoon_shine,4 girls are really enjoying their performance... and some comments are so excessively concerning  like we can see Giselle is just performing fine with stable dancing.. leave her alone .. 🙄,1,2026-06-12T13:56:52Z
PYTsdWD3Efo,Ugz-XYdkcUEiaPXJV9N4AaABAg,@sthbb4258,18:20  Karina is really enjoying this moment,9,2026-06-03T05:16:09Z
PYTsdWD3Efo,UgwZqpyPx73LgAlVi2h4AaABAg,@jkmaster5938,👍,1,2026-06-04T22:05:39Z
PYTsdWD3Efo,UgyRj3AM5gHr-1sKZsN4AaABAg,@applebottomjeans8947,ningning wearing isabel marants👑,6,2026-06-04T09:59:16Z
PYTsdWD3Efo,UgxHHI-88hABXP39kLZ4AaABAg,@CamilaBullon-k6h,las amo beibis,1,2026-06-03T17:47:11Z
PYTsdWD3Efo,Ugwj6cKiBFHkNhFkuiR4AaABAg,@qwertybirds,Ningning wig...,2,2026-06-06T12:49:29Z
PYTsdWD3Efo,UgyEhClan8E5NNFMt-Z4AaABAg,@Riotxteng,"2:56 ""This isn't meant as a negative comment, but I think they deliberately gave Jimin this dance move because of his prominent physique.""",8,2026-06-03T03:01:20Z
PYTsdWD3Efo,Ugywhb61oS8JXIH_vyx4AaABAg,@bxturnxs,<33,3,2026-06-02T17:38:35Z
PYTsdWD3Efo,UgwgjDQbPLJ6uV7Ozul4AaABAg,@Lisa-ve9qs,edspa,1,2026-06-10T18:13:33Z
PYTsdWD3Efo,UgwHg3ZzwuNyJUMXjvN4AaABAg,@Солнечный-м7д,Научите уже их петь без фонограммы,1,2026-06-08T17:12:13Z
PYTsdWD3Efo,Ugza7dSM5bBAhnaoimN4AaABAg,@newjeansupdate8389,the mic is so bad,1,2026-06-04T13:48:58Z
PYTsdWD3Efo,UgwkW6Dly3ei2Fd2Mst4AaABAg,@說實話ssh,"0:15 這個服裝搭配...確定不是冬天和他的三個伴舞嗎？
這服裝對比未免太...突兀了吧？色調、裝飾
上衣/褲子/鞋子，冬天真的獨自美麗餒",4,2026-06-03T14:08:30Z
PYTsdWD3Efo,UgwJkZ0yp6PicgsLDkV4AaABAg,@m3gatron_,What is going on with Giselle? She was the weakest dancer before but after this major weight loss she’s gotten worse. She’s tripping over her movements they look wonky and not clean…,5,2026-06-05T17:20:24Z
PYTsdWD3Efo,UgxLsSb16X2iEHie_GR4AaABAg,@신비-123,닝닝 헤어가 넝 안어울리는데,8,2026-06-03T11:46:13Z
PYTsdWD3Efo,UgyhmEUBdVK2LPLnHW54AaABAg,@oeycc3,"멘트는 잘들리는데
노래할땐 안들리는 마법",8,2026-06-02T18:44:25Z
_2P4Y5ew8kQ,UgzzPJSizMPNh1k5sI14AaABAg,@xzcoi2,핑머애리 도파민 진짜 끝내줌..,792,2025-03-27T10:56:28Z
_2P4Y5ew8kQ,UgyXRNL10bKt8nCOfmd4AaABAg,@s0xmi7,"도파민으로 지젤력 맞으니까 도파민 폭팔하는 기분... 행복이란 지젤이다


+지젤 도파민 제발 저요 저야만해요",393,2025-03-26T12:49:55Z
_2P4Y5ew8kQ,UgwhPRMhdNeyEBMi2-94AaABAg,@spafeatSM-w6s,아니 중간에 함성소리 듣고 씨익 웃는거 진자 너무 잘생겻다고ㅠㅠㅜㅜㅠ,405,2025-03-27T23:21:53Z
_2P4Y5ew8kQ,UgzswktSwTNxqpv7jPF4AaABAg,@love_esh,어떻게 인간 퍼컬이 핑크...,99,2025-03-26T11:26:42Z
_2P4Y5ew8kQ,UgzCngs1y_LiDSBta8B4AaABAg,@d0ng_daegal,오늘 애리 출근길 핑크 셔츠도 진짜 예뻣음.. 💗,135,2025-03-26T11:36:00Z
_2P4Y5ew8kQ,UgwkuNJLz3TnAOSAFpZ4AaABAg,@AWTOP-f4q,ㄹㅇ 허쉬허쉬할때랑 하이라이트 도피민 지림 ㄹㅇ,29,2025-04-29T04:22:47Z
_2P4Y5ew8kQ,Ugz4h5jm_f360wjXOyt4AaABAg,@geulkkuuum9023,핑머 애리는 전설이다,35,2025-03-27T13:33:22Z
_2P4Y5ew8kQ,UgzSMMvDpB06A2Qx0l14AaABAg,@Sooap1,핑크머리까지 쇠맛으로 만드시는 지공주님…,2,2025-06-19T09:11:04Z
_2P4Y5ew8kQ,UgwvxxphkOxfOpPzYnx4AaABAg,@aesparoot,핑머 지젤은 사랑입니다..,45,2025-03-26T12:33:22Z
_2P4Y5ew8kQ,Ugxr57JNubhXIx3mDqx4AaABAg,@이이잉아이,지젤력은 묻는다면 도파민을 봐라...,7,2025-03-28T12:13:14Z
_2P4Y5ew8kQ,Ugx8qK1EYqAWsxfnasx4AaABAg,@spenceroh,몽환적인 곡에 핑크애리의 도파민 터지게하는 핫걸 퍼포먼스도 미쳤고 무대에서 애리 미모까지 너무 예쁘니까 공주 그자체임🌙🔥,40,2025-03-26T11:15:46Z
_2P4Y5ew8kQ,UgzcJlxCN4ONtd9_tUp4AaABAg,@IIllllllIlllIlI,나를 막 유혹하네,5,2025-03-28T14:47:43Z
_2P4Y5ew8kQ,Ugw6mlV4i_DPhQpZswt4AaABAg,@isado37,지젤사마 나죽어요...❤❤,14,2025-03-26T13:45:27Z
_2P4Y5ew8kQ,UgxybLJGZD7zvsUZ9PF4AaABAg,@룰랄라-t2f,즁나 아름답다....,5,2025-05-24T13:35:29Z
_2P4Y5ew8kQ,Ugx3_Wv_Vvsf9Lal-eN4AaABAg,@이정민-w7x,"지젤, 천사",3,2025-08-03T22:58:35Z
_2P4Y5ew8kQ,UgxappCGC8JcSO-dWdV4AaABAg,@장은주-g7t,"넘 너무 섹시해요,,, 나이 사십에 보는 지젤사마",0,2025-08-21T03:22:18Z
_2P4Y5ew8kQ,Ugw-f00KNEDzO_vGkMh4AaABAg,@lncrrp,"은갈치커텐을입어도아름다운여자...
니가 내 〖𝘿𝙤𝙥𝙖𝙢𝙞𝙣𝙚〗이다...",1,2025-05-25T23:11:45Z
_2P4Y5ew8kQ,UgztlvqNwXfKYmK81_J4AaABAg,@幸-n7n,本当に綺麗妖精みたい,1,2025-05-12T11:02:55Z
_2P4Y5ew8kQ,Ugxi19wxFe6uILI29V94AaABAg,@이늠이음,분위기 진짜 미쳤네...,8,2025-03-27T14:49:35Z
_2P4Y5ew8kQ,UgyYxqhnXaxbnzE3Pzp4AaABAg,@34köpekkabındankapuskakemi-s3t,giselle'ye bayılıyorum 💕🐢💕🐢,5,2025-03-26T14:49:44Z
_2P4Y5ew8kQ,UgxBp01MrXbpXU2D90R4AaABAg,@selina858585,えりちゃん綺麗🎉,2,2025-03-30T14:32:20Z
_2P4Y5ew8kQ,UgyRDfnCibE5LgtgU0p4AaABAg,@유채은-n2u,아 ㅈㄴ 예쁨..,0,2025-06-21T13:25:04Z
_2P4Y5ew8kQ,Ugx-vOeFFvuFCLGbsox4AaABAg,@thiresia,She's super talented and confident! Kudos girl ❤,0,2025-08-24T21:34:34Z
_2P4Y5ew8kQ,UgzJf1tVWbbWgkertmZ4AaABAg,@zih.1o-p7t,ㄹㅇ마이가 되기를 잘 한듯,0,2025-06-11T22:56:00Z
_2P4Y5ew8kQ,UgzeRP_NnPbpsrSJcTd4AaABAg,@TheNotorious-x1e,이렇게 준비해준..에스파 ❤,2,2025-05-01T03:50:09Z
_2P4Y5ew8kQ,UgyGPOgGVThrnVW4wCl4AaABAg,@a1b2c3-u5r,Queen Giselle❤️,2,2025-04-04T10:10:57Z
_2P4Y5ew8kQ,UgzNRqFOX_YcL32BagF4AaABAg,@PerfumePuddin9,네 지젤력으로 인한 도파민이 넘치고있으며 제 뇌는 더이상 이 영상을 재생하는걸 멈출 수 없게됩니다 다들 조심하세요,0,2025-08-01T16:23:45Z
_2P4Y5ew8kQ,UgyUnQQdyo3lJk28u1Z4AaABAg,@왕만두-t3m,도파민 지젤 짱좋아ㅠㅠㅠ 특유의 분위기가 너무 좋음ㅠㅠㅠ♥,1,2025-04-08T01:46:42Z
_2P4Y5ew8kQ,UgxzjouuD58S2plKstZ4AaABAg,@hc0059,핑머지젤은 완전 사랑입니다✨❤️‍🔥✨,2,2025-03-28T06:50:04Z
_2P4Y5ew8kQ,UgyHde-hqn12sTjq86Z4AaABAg,@Langdon39,핑머 계속 말아주는 애리가 조아.. 팬잘알..,0,2025-03-27T22:07:50Z
_Oc6Ws0-yZM,Ugwt05H7etV2x-abGBh4AaABAg,@우새별-i9q,아니 거슬리는 줄 끊엇는데 새로운 거슬리는 줄 탄생했어.........😂😂😂,16178,2025-03-21T03:59:19Z
_Oc6Ws0-yZM,UgzvIqW4bxAJJ3RqvfZ4AaABAg,@larc_nft,ウィンターの承太郎スタイルめちゃくちゃ好き,5210,2025-05-22T12:25:38Z
_Oc6Ws0-yZM,UgzfrH8NCP66_MzzFFh4AaABAg,@たか-i6z5d,ウィンターの衣装引きちぎるの自然すぎてみんな気づいてないやっぱプロやな,3446,2025-03-18T21:06:36Z
_Oc6Ws0-yZM,UgzsnlVGxGPw_WPcCT94AaABAg,@学生-z4x,少女時代コンセプト強すぎる…カリナのリーダー感と冬子の右腕感が好きすぎるんよ,630,2025-03-18T12:49:54Z
_Oc6Ws0-yZM,Ugy-2e83rmFwj9XDvo54AaABAg,@minj17,민정이누나 그냥 휙 때는거 박력있네 ㅋㅋㅋ 그와중에 입꾹꾹이 하는거 귀여워 ㅋㅋㅋㅋ,604,2025-03-20T02:13:24Z
_Oc6Ws0-yZM,UgwHCyMUHru33XLVIVl4AaABAg,@Aerys-g9m,I just focus on Winter,1808,2025-03-20T12:54:25Z
_Oc6Ws0-yZM,UgynhG_tvHIBS4GKSzF4AaABAg,@juyli2,입꾹꾹되는거 기여엉,2226,2025-03-19T05:13:27Z
_Oc6Ws0-yZM,UgwHQ9yBuL4KhaUj_TJ4AaABAg,@wheq_._.,끊앗는데 더거슬리는거 생겻어 ㅋㅋㅋㅋㅋㅋㅋㅋㅋ,134,2025-03-19T02:24:14Z
_Oc6Ws0-yZM,Ugz9qeV8B6YHnkc4NXt4AaABAg,@0999nana,와 진짜 카리나 걍 개이쁘게 커마해놓은거같음ㅋㅋ,440,2025-03-19T04:30:42Z
_Oc6Ws0-yZM,UgxhHhtU0c-oFKQnrQZ4AaABAg,@사과맛양파,윈터 너무 멋있어...그냥 저것도 하나의 안무 같아 ㅎㄷㄷ,540,2025-03-21T02:37:48Z
_Oc6Ws0-yZM,UgwiwYEgXCz1OW7x7Xx4AaABAg,@JamilMarven,"ㅋㅋㅋㅋㅋ괜찮아 그래도 예뻐예뻐
통신사 요금제 볼 때마다 화났는데, 시월모바일 알뜰폰 보고 마음이 평온해짐",539,2025-04-09T14:33:23Z
_Oc6Ws0-yZM,UgwjsVbgTN4hmPD0a-V4AaABAg,@dan9809,"Love how Winter summoned inner power to tear the chain off of her outfit, using brute force",69,2025-03-27T04:22:08Z
_Oc6Ws0-yZM,UgxFUBjjsiQYocg4zWh4AaABAg,@정현김-o2x,좋아 자연스러웠어😂,643,2025-03-21T14:20:41Z
_Oc6Ws0-yZM,Ugym4uq_b6OtxWKh05B4AaABAg,@tere_pan,ウィンターチェーン引っ張る時ﾌﾝｯ‼️って顔になってて可愛い,31,2025-07-23T05:26:47Z
_Oc6Ws0-yZM,Ugw9V_F7JWwYWk_uhEF4AaABAg,@1황신의진수,✌️멋짐~🫶,79,2025-03-19T21:16:45Z
_Oc6Ws0-yZM,UgxIHjwmb91CgicJlrZ4AaABAg,@이재은-p8e,오 아니 근데 오히려 연출같고 멋있어ㅋㅋㅋㅋ 입꾹하는건 좀 귀엽지만ㅋㅋㅋ,200,2025-03-17T15:01:42Z
_Oc6Ws0-yZM,UgxmfdilEXN4QBEo4sh4AaABAg,@aai1066,チェーン引きちぎるのかっこよ,32,2025-05-24T10:52:00Z
_Oc6Ws0-yZM,UgztL7hH49nAEfljvJx4AaABAg,@천미박-p9r,닝닝이 요즘 너무예뻐,676,2025-03-20T07:18:29Z
_Oc6Ws0-yZM,Ugx3srD4qiHyc4Xf2Lt4AaABAg,@콘주-l4w,손안다쳤나 ㅋㅋ 귀여워,71,2025-03-19T09:02:45Z
_Oc6Ws0-yZM,UgxXvJ4QRJKMUk9_3GJ4AaABAg,@P3ppyminj0ngieluver,Im so proud of Winter for gaining slight weight 🥺❤️,286,2025-05-06T04:11:20Z
_Oc6Ws0-yZM,Ugw-ROmclc2ijQFYi1Z4AaABAg,@공부용-l6w,얼굴이 진짜 훤하구먼... 아주 멀리서도 또렷이 잘 보여..,179,2025-03-18T13:02:00Z
_Oc6Ws0-yZM,UgyKkM2MZlNt-OQeAah4AaABAg,@jamiefooddreamer6381,Winter made the outfit even better !,475,2025-03-24T19:55:38Z
_Oc6Ws0-yZM,Ugz5j_dawbhJUvzWCgd4AaABAg,@한상준-l2c,진짜 진짜 키리나씨 윈터. 싸랑합니다,469,2025-03-20T13:18:05Z
_Oc6Ws0-yZM,Ugyn_rSZEYn9wSgViLt4AaABAg,@조형규-h9o,에스파 다들 정점이네...,78,2025-03-20T13:54:49Z
_Oc6Ws0-yZM,Ugy31W7-eIzD2prm9GN4AaABAg,@제이짱-z9x,오우 터프해.,29,2025-03-18T00:27:02Z
_Oc6Ws0-yZM,UgywBJbm7ZrApUnPI_R4AaABAg,@이리보나용,힘빡주고ㅋㅋ개뿌듯한표정,66,2025-03-19T10:10:28Z
_Oc6Ws0-yZM,Ugxtu8-GlcfOFjtv8qt4AaABAg,@룰루룰루-y9i,와 진짜 예쁘다...,288,2025-03-18T07:33:59Z
_Oc6Ws0-yZM,UgwH37yhd_VGwXrwpqp4AaABAg,@dorianleclair7390,That outfit made winter mad.😂😂😂😂,201,2025-03-18T01:12:25Z
_Oc6Ws0-yZM,UgxCDSftd_GRptAXIZt4AaABAg,@yourownazog8069,Winter is hot as always,10,2025-03-29T14:20:00Z
_Oc6Ws0-yZM,UgwWb9XIAQEJxfnZFDp4AaABAg,@부자만들기-e1l,다들 이쁘고....그와중에 원터 의상 악세사리 떨어져 끊어서 왼손에서 오르손으로 숨기는거 까지 완벽하다,78,2025-03-19T15:19:27Z
uYLBEpaaJXg,UgzalGEo9kt2lxvlajV4AaABAg,@LifeGoesOn192,"제발 제발 지금 합격하는게 제일 빠른겁니다.
20대 중반이던 30대중반이던 들어가기만 하면 땡입니다.",137,2026-03-20T10:20:33Z
uYLBEpaaJXg,UgweMtt6HJeurAr08tF4AaABAg,@user-jy7vk6ke7e,31살에 들어갔는데 똑같음 ㅋㅋ 어차피 일하려면 욕먹으면서  배워야함... 오나오냐 하면서 가르쳐주는 성인군자 몇 없음,156,2026-02-20T10:47:18Z
uYLBEpaaJXg,Ugy6VeyvIOjDSDoLrAF4AaABAg,@issuxark9788,"나이가 좀 있어서 합격했는데, 
일 배우려면 똑같이 해야합니다.
나이가 많다고 일이 저절로 배워지는 게 아니거든요.
그 과정에서 위아래로 엄청 무시 받습니다.",353,2025-07-09T05:43:44Z
uYLBEpaaJXg,Ugz9LLVBXXO9rGVp_al4AaABAg,@kona554,누가보면 사기업은 나이대우 해주는줄 알겠네,35,2026-03-13T05:03:28Z
uYLBEpaaJXg,Ugwjn2Xa59FhhcO2DD14AaABAg,@hypertechnology3000,"저 사람이 말하는 어린 나이란 20~30대,  40~50대가 들어오면 혜택은 분명히있다",51,2025-12-18T14:46:02Z
uYLBEpaaJXg,UgzUO7zaKeGba-8B_FN4AaABAg,@asdx88,일찍 가는게 무조건 좋습니다... 저는 회사다니다가 37살에 붙었는데 5년 넘게 정말 그만둬라 싶은 헬보직만 주더군요...,30,2026-03-15T10:30:43Z
uYLBEpaaJXg,Ugx1fClbGMF0ebju1oV4AaABAg,@sssong2172,30대  중반까지는  뭐 같이 묻어가는건데  ㅡ   40대는  스스로  좀 노력하는 느낌,68,2025-08-22T11:34:56Z
uYLBEpaaJXg,UgxukVjDlqutFkGC-VJ4AaABAg,@파이어-c5k,현직 소방관인데 들어가기전엔 붙으면 장땡이다 라는 말을 믿었는데 들어가보니 일찍 들어가야 장땡입니다. 공무원은 무조건 어리고 일찍 들어가야 이득인 직업이고 조직입니다,80,2026-02-06T13:55:08Z
uYLBEpaaJXg,UgxnkwSA5qXz3flogEZ4AaABAg,@깨끗한물누리-p9r,"빨리 들어오는거 좋긴한데, 무작정 고등학교 졸업하자마자 오는 것보다는 대학생활이나 다른 것 좀 하다가 20대후반~30대초반에 들어와도 괜찮음.
고등학교 졸업하자마자 들어오는 친구들 좀 있던데, 첫 사회생활을 폐쇄적인 환경에서 하다보니 적응을 잘 못함.
뭔가 좀 애같은 티가 많이 나서 하나하나 챙겨주고 해야함.",23,2026-04-04T09:59:53Z
uYLBEpaaJXg,Ugy_MWoH1pqtsAl2CzR4AaABAg,@배재용-d3k,나이가 좀 있으면 빨리 퇴직한다고 동기들 보다 빨리 시켜주긴 하죠..,32,2025-07-07T12:37:11Z
uYLBEpaaJXg,UgxMfTyUC5jhPaayxe94AaABAg,@눈사람눈-d7w,연공서열의 의미가 나이가 아닌데? 공무원은 무조건 한살이라도 어릴때 들어가는게 좋음,40,2026-01-18T10:37:31Z
uYLBEpaaJXg,UgxGJtUYlPWD-j5JOyR4AaABAg,@AMASUL3,나이들어서 공무원 합격했다가 면직한 사람인데 솔직히 전혀 정반대임.... 나이들어서 합격하면 헬보직 들어가고 동기들이랑 어울리기도 힘들고 여러가지로 안좋아요....,186,2025-05-12T19:49:18Z
uYLBEpaaJXg,UgwXV2FAWZ2RL5UMog54AaABAg,@개미는뚠뚠-t1j,30대 남자면 오히려 퇴사가 없겠구나 싶어서 힘든 곳으로 보냄,64,2025-08-21T08:49:03Z
uYLBEpaaJXg,UgzXhO_2QhAY_LXnrmh4AaABAg,@감사가화만사성,"공무원하려로하면 헌살이더라도 더 어렸을때
빨리 합격하는게 좋을듯합니다",31,2025-07-28T11:59:14Z
uYLBEpaaJXg,UgwEuJOEtLwKLyfQGsR4AaABAg,@ardormin1,감사합니다! 선생님말씀이 정말 좋은부분이 진짜 핵심을 얘기를 해주셔서 뜬구름잡는얘기가 없다는것! 현실적인 선생님 조언 덕분에 힘이 납니다! 😊,19,2023-08-23T11:53:43Z
uYLBEpaaJXg,UgwrttGYYYtHMH93lFB4AaABAg,@yu7mi7-l3b,"사람들과 어울리고 뭐고 일이고 승진 안가린다!
합격해서 일하는것으로도 감사하다!
일하고 돈벌러 간거지, 대우 받으러 가는거ㅜ아니잖아!! 나이가 많으나 적으나 대우받을 생각을 이예 하지말고 배우려는 자세로 해야지!!",27,2025-10-09T03:12:31Z
uYLBEpaaJXg,UgyLwm1ya4IDUeCny7t4AaABAg,@zuneom,"40대 후반에 합격했다가 곧 면직 함.조카뻘이랑 동기라는 게 진짜 뻘쭘,왕따 아닌 왕따^^.근데 지금도 늦게 입직한 동기들 열심히 다니는 거 봄 존경스러움.
진짜 늦은 나이에 입직하시는 분들,인격적으로 성숙한 분들.",1,2026-07-04T08:59:39Z
uYLBEpaaJXg,Ugxs9yvHm7eBQY7SjaR4AaABAg,@lalala6584,나이 많아도 엄청 일시키고 남들 가기싫어하는곳 보내고..그럽니다,52,2025-08-21T03:49:31Z
uYLBEpaaJXg,UgxcJDDR8ZHow5PUo8x4AaABAg,@blackmarylee3018,"작년 합격자인데, 40대 후반임ㅋㅋㅋㅋ 면접 볼 때 1타로 봤었는데, 면접관들 날 보더니 상당히 황당한 표정이었음ㅋㅋ '쟤는 뭐야, 면접관이야?'라는 눈치 였음. 옆에 한자리 더 있나 모두 동시에 좌우를 살피더라곸ㅋㅋ 20년간 사기업 다니다가 눈치도 보이고 유사경력 인정 해준다기에 지원했지만, 엄청 빡센 곳으로 보내줬음. 현재, 동기들보다 더 개고생중임.",72,2025-09-28T11:19:21Z
uYLBEpaaJXg,Ugyv8-SjWxvKne2HKr94AaABAg,@mrlee.sy12987,어느직업이든 나이많아서들가면 다무시받음ㅋㅋ,4,2026-06-10T10:29:11Z
uYLBEpaaJXg,UgyKcqXECZgdHqxgbOx4AaABAg,@호호-o8q2i,현직공무원입니다 나이가 많다해도 입직 빨리한동기나 선배보다 먼저 승진시키진 않아요,159,2025-06-22T23:20:20Z
uYLBEpaaJXg,Ugz8FqWWB-Yti4A-lsh4AaABAg,@terry-bk1cz,어차피 신입은 어딜가나 몇년은 고생해야함 나이먹어서 잔소리 듣는거보다 20대에 잔소리 듣는게 훨나음,1,2026-06-28T02:52:45Z
uYLBEpaaJXg,UgzQzfB6tR-Qzu-iI6t4AaABAg,@tigerjeong9547,감사합니다.,8,2023-08-23T12:20:14Z
uYLBEpaaJXg,Ugy02qcuQsy34fVgpBl4AaABAg,@하비스-l4u,그냥 어리면 어릴수록 좋지 ㅋㅋ 연공서열은 무슨 나이 많은데 일까지 못하면 더 욕먹음,82,2025-06-04T12:41:04Z
uYLBEpaaJXg,UgwC8eXih0_2ao6elQt4AaABAg,@박세원-y3h,나이들어서 욕먹으면서 배울빠엔 어린나이 그래도 나이탓이라도 당하면서 하는게 낫지,4,2026-04-28T14:05:43Z
uYLBEpaaJXg,UgyXHLRMTkMabNb7MUV4AaABAg,@코기젤리,어린게좋음.  어리면 애기로보고 하나하나 잘알려주는데 나이먹고 드가면 잘 알려주지도 않음,21,2026-02-17T12:22:35Z
uYLBEpaaJXg,UgzHsEfF20sU74nqBL54AaABAg,@왓따-m2s,"선.후배면 확실이 진급이 빨리 됨
 그리고 라인 잘타면 빨리됨",3,2026-02-11T22:25:39Z
uYLBEpaaJXg,UgyiHmCB-2PKI8vPJTB4AaABAg,@김도훈-d7j,"의미없음 이런거 20대 최연소
공무원 사람 일 잘못만나서 스트레스받다 자살함

일찍들어오는게 중요한게아님

대기업 중견 중소 공무원 다 애기들어보면
워라벨 대비 돈 어느정도벌고 지속력이  긴게 젤 좋다함",4,2026-04-03T04:31:53Z
uYLBEpaaJXg,UgzjDOF46jcjqy6cIO14AaABAg,@룰루루-v8k,"고생 덜 시킨다고 안하면 욕들어요~ 말안해도 막내로서 하면 좋은데, 다른직원은 일 시키지도 못하는데 나이드신 분이 와서 알아서 안하면 옆사람은 짜증나요~ 내 옆에 나이든 후배가 왔는데 내가 막내생활을 계속 하고 있음",2,2026-02-22T21:44:12Z
uYLBEpaaJXg,UgzmVdKcDR5no9LA35N4AaABAg,@dicisfjwx,"20살 때 지역인재 고졸로 들어오는게 제일 좋다.
30살에 연차쌓인 7급 때 동갑들은 이제 9급 공채로 들어오거나 7급 신규로 오니까",16,2025-10-12T08:33:41Z
LQVSVnIRq5M,UgynWJpyzAlX5P9lC_l4AaABAg,@hanbom_fan,"한봄팬카페 주소:
cafe.daum.net/Ksh11100055",3,2023-09-03T06:50:46Z
LQVSVnIRq5M,Ugx4q61PogVDqWuQVB94AaABAg,@하모-0919,"한봄가수님도
행복하시고 건강하세요😊",3,2023-09-03T08:01:51Z
LQVSVnIRq5M,Ugw_RJ5DO8OmNHMaY_p4AaABAg,@황명국-g7z,한봄짱,2,2023-09-03T09:45:48Z
IxJXcit4XJ8,UgzUk_IzDArtcm0w1Gt4AaABAg,@송아건강하게행복하게,정말 맛있어요 ^^,1,2025-07-08T05:18:09Z
v1MhdOlfbeo,UgxMy7ASbHLMK9ib5Ex4AaABAg,@me1429,"진정.옳은.말씀입니다
기분나쁘게듣지.마세요
방해.꾼들이있읍니다
선생님의.말씀이.정확한데
.저자들은.상무식한.아직도.이유도.모르고.상대에.오장육부를.뒤집는하수구에.냄새나는.쓰레기들.또라이들입니다.
힘내십시요",15,2023-05-11T20:57:29Z
v1MhdOlfbeo,UgxWe0vVFAsVSgc36K54AaABAg,@홍미란-k9v,심상이  중요하지  목소리는  덤으로 생각합니다 이세상에 완벽은없고  그리말하는  사람들은 구린게 많을겁니다 당 당한  샘  멋지십니다~,13,2023-05-12T02:47:50Z
v1MhdOlfbeo,UgwUQ8HHeQudNb5oCKp4AaABAg,@황재선-m7l,"선생님
선새님말씀듯고 너무감동받았습니다
저는남편 별나라여행간지5년인대
지인들은영정사진이면유품들 다없어야한다고했는대
선생님
말씀은그렇치 않아 너무감동이며 공감했습니다
감사합니다 고맙습니다
저는교회다니지만
꼭차자뵙게습니다
늘
좋은말씅부탁드립니다
감사합니다",17,2023-05-11T20:49:13Z
v1MhdOlfbeo,Ugwhjmz9YpON96as4DN4AaABAg,@맹꽁이-i5w,선생님 안녕하세요 😄    항상 좋은 말씀감사합니다    흥분하지마시고  선생님말씀좋아하는펜분들도잊잖아용^^감사합니다 고맙습니다 덕분입니다 ^^😀,2,2023-05-14T00:45:02Z
v1MhdOlfbeo,UgzYwjjun1hm7jrlG0B4AaABAg,@윤가딸,"무조건 감사하고  
👍  👍 ❤❤❤",2,2023-06-21T08:12:50Z
v1MhdOlfbeo,Ugx9kEDjsVTURgtX-J14AaABAg,@똑소리-y3e,"😊😊😊강의 잘듣고있습니다
핵심만 꼭꼭 말씀하시고 도움이 많이되요",10,2023-05-12T00:16:15Z
v1MhdOlfbeo,Ugz7q4vIys7jIhX6QCJ4AaABAg,@파란하늘파란세상,옳은 말씀 입니다 ㅎ 많이 배우고 있습니다 법사선생님 늘 고맙습니다,1,2023-11-18T15:02:39Z
v1MhdOlfbeo,UgydL6amViEA2YLJN0l4AaABAg,@양인순-i1l,날마다좋은날축복 복덕삶 이되길기윈합니다존경합니다 감사합니다,7,2023-05-11T19:47:45Z
v1MhdOlfbeo,UgzsGTmJvJbhq6zSiC14AaABAg,@하늘-l1n6z,선생님  저는목소리특히 해서 좋아요  제가생각하는것하고 똑같아요,8,2023-05-11T23:46:37Z
v1MhdOlfbeo,UgyEzNrmy03-vsHhbqV4AaABAg,@tamna-yc2qz,"맞아요 안보고 안들음 되는건데 싫은 내색 아무렇지도 않게 하고 상처주는 말 하고 ㅈㄹ들이죠
그런가보다 하시고 무시하세요
알려주면 고맙게 생각해야지 미련한 인간이라 그런가봅니다 좋은말씀 감사합니다",5,2023-05-12T18:10:22Z
v1MhdOlfbeo,UgyWNn_dLmz2wB0NLw94AaABAg,@jini-k,개의치 마시고.. ㅎ 좋은 강의 잘 보고 있습니다,7,2023-05-12T01:31:23Z
v1MhdOlfbeo,Ugy1c6TBzv44Pt2uWg94AaABAg,@박지혜-e9t,방송보고 올만에 빵터짐요 .ㅎㅎ 사이다 같은 말씀 😂 복많이 받으세요,7,2023-05-12T08:42:42Z
v1MhdOlfbeo,Ugyc-cUp7oQgzJ_z9EJ4AaABAg,@노랑목단,잘보고 있습니다~~,6,2023-05-11T22:11:03Z
v1MhdOlfbeo,UgyIqFNyUGBfRz25S5R4AaABAg,@_milky-way,선생님 목소리는 안좋은 귀신들을 쳐내시는 힘이 계신거 같아요 ^^ 그리고 영가들을 위한 좋은 톤을 가지 셨어용. 🌙,4,2023-05-12T04:26:21Z
v1MhdOlfbeo,UgweJ4iwrLwJFjwL6I94AaABAg,@동대문점집대천궁,"ㅋ 맞아요 
옳은 말씀 이십니다 
항상 건강하세요",2,2023-05-12T04:28:16Z
v1MhdOlfbeo,Ugxm4n4sDAHPE9UQVR14AaABAg,@suachoi3087,"정대감님은  항상맞는말씀만하십니다,, 정대감님 목소리들으며  힐링하고있는  캐나다에서살고있는사람입니다,, 응원합니다🎉🎉",4,2023-05-12T07:43:25Z
v1MhdOlfbeo,Ugwh-ZnT93MBFmVHstB4AaABAg,@jjangA-i3h,응원합니다. 정대감님~~^^,2,2023-05-12T07:12:12Z
v1MhdOlfbeo,UgxfsoMHXRYQK-2E4yx4AaABAg,@김영자-d9v3i,솔직하시고  쏙쏙 귀에  들어오는데요  다른 보살들과  확연히  달라요,2,2023-05-14T04:15:56Z
v1MhdOlfbeo,Ugx3IPCNMYqbKSB-s4J4AaABAg,@수지킴-w4z,"목소리 중독이 되었는지 ㅎㅎㅎ 선생님의 목소리로 강의를 들어야만 귀에 쏙속 들어와요!!
쌤 화이팅 !!!
쌤 음성 저는 좋습니다 제취향 입니다
언제나 감사드려요 
건강 유의 하셔요 ❤",3,2023-05-12T23:32:53Z
v1MhdOlfbeo,UgyoVqcylJx3N8ABd654AaABAg,@최미숙-y4y,맞는말씀 입니다 뜻있는 말씀 많이 해주셔서 도움이 많이 되는데 어떤분이 말을 잘뭇하셨나봐요~오해푸시고 그런사람들 무시하세요~~,4,2023-05-12T09:41:42Z
v1MhdOlfbeo,UgxQSHM3PuviVy7c2s54AaABAg,@cheongmyongs,ㅋㅋㅋㅋ 폭소.  저도 쌤처럼 대놓고 질러보고싶네요.  ㅎㅎㅎ 왠지 속이 시원~~~~,1,2023-05-18T15:29:00Z
v1MhdOlfbeo,UgwXlv9i5SjPZz806hF4AaABAg,@자희향-c5w,목소리는 타고 태어나는 것이고 각자의 개성으로 봐야지요.,1,2023-05-14T10:20:32Z
v1MhdOlfbeo,Ugxlb2qYoMpHbgq3jQZ4AaABAg,@맹순여사,"목소리는
이분도어찌할수없는
사실인데
말씀대로
듣기싫으면
꺼지면 되잖아요
샘의 말씀이 중요한거잖아요
진짜
별의별것가지
왜
이걸보냐.
멋진   음악을듣지",1,2023-05-14T16:49:14Z
v1MhdOlfbeo,UgyMvrFFpfzhSOoMhcl4AaABAg,@달콤아짐TV,"🤭🤭🤭~~강의를 들어라 했는데
선생님 스톼일이시죠~ㅎ",1,2023-05-14T12:18:44Z
v1MhdOlfbeo,UgwgkIaNUWD4I14E9nh4AaABAg,@민아-b2p,저는우리선생님목소리도좋습니다~~선생님기운더내서좋은강의명강의더해주세요❤❤❤,2,2023-05-12T09:47:32Z
v1MhdOlfbeo,UgxHQHnEtjlJtG_2vgh4AaABAg,@전충열-q7s,맞아요~^^,1,2023-05-12T12:21:46Z
v1MhdOlfbeo,UgyH80Vfh1W5AGAq4954AaABAg,@남나미-y9e,신뢰합니다,1,2023-05-12T14:53:36Z
v1MhdOlfbeo,UgwtGNUKVg-7djQGd3Z4AaABAg,@바다내음별빛사랑tv-z3z,"강의를 하시니
말씀을 많이하셔서 목소리가 걸걸해 지신거지요
진짜 별사람들 많아요",1,2023-08-31T10:46:37Z
v1MhdOlfbeo,UgxH_QQTAf7qNOhSvuB4AaABAg,@stellar-ru9fv,목소리  를 욕하면 안되지요  내목소리는 남이 또어떻게 생각할지  모릅니다^^,1,2023-05-14T00:34:35Z
v1MhdOlfbeo,Ugy4fkhPcgapSAueR2J4AaABAg,@함경순-f4c,목소리 매력있어요 걱정마새요 그런소리 신경쓰지마새요/,0,2025-01-06T08:40:38Z
DjnssC_vpEw,UgxudJvdU8FurY_XUpt4AaABAg,@오유진TV,"☞ 로고 삭제 후 사용시 삭제요청하겠습니다☜
                  💛오유진 공식 팬카페💛
   https://cafe.naver.com/trotprincess0113 
            💛오유진과 팬이 함께 하는 공간💛
                  ⬇⬇⬇⬇⬇⬇⬇⬇⬇
유튜브  ☞  오유진TV
팬카페  ☞  오유진공식팬카페
팬클럽  ☞  보디가드
인스타  ☞   trot_princess0113  /  trot_princess_mam
문의📱 ☞   010.4813.8754
다른 팬카페는 운영 및 지원하지않습니다",16,2023-08-23T13:42:44Z
DjnssC_vpEw,UgyqjEldXhrVxT3bKLV4AaABAg,@trot-studio,오유진 진또배기 또 안듣고는 못배기지❤❤❤❤❤,11,2023-08-23T14:20:33Z
DjnssC_vpEw,UgxDLhfi3Oda7G4Yrix4AaABAg,@Haru-502,와우^^ 예쁘다. 노래 최고다❤,13,2023-08-23T13:58:47Z
DjnssC_vpEw,UgwDdWqNWH_VwekE3lx4AaABAg,@trot-studio,역시 진또배기도 오유진❤❤❤❤❤,11,2023-08-23T14:20:03Z
DjnssC_vpEw,UgzndkM1qJkizL_UyNR4AaABAg,@레몬A이드,이쁘다 이뻐 오유진💛💛💛💛💛,10,2023-08-23T14:01:49Z
DjnssC_vpEw,Ugya5RZbwgbruzi2Hjh4AaABAg,@은식신-n8b,비타돌 오유진 공주님 진또배기노래 메들리 응원합니다,11,2023-08-23T14:46:36Z
DjnssC_vpEw,Ugwp9zuGO490Caw4bg14AaABAg,@이종금-u1l,"비타돌 오유진 공주님   진또배기  좋아요~
 응원하고 사랑합니다",9,2023-08-23T23:41:04Z
DjnssC_vpEw,UgwMqfJRBH7dUujlP4x4AaABAg,@VitadolTV,공주님이 한번더라고 할때마다 겁이난다....목이 터질까봐....ㅋㅋ😂😂😂😂,11,2023-08-23T13:51:09Z
DjnssC_vpEw,UgxEh8-FnlZck7pU5zV4AaABAg,@사각하늘,신명나게 노래하라 ~~~오유진,6,2023-08-24T03:42:57Z
DjnssC_vpEw,Ugzj06Cgk2yWDmWC0GR4AaABAg,@사각하늘,트롯은 오유진처럼 ~~~,5,2023-08-24T03:42:46Z
DjnssC_vpEw,UgwRzUYvQ_wWq2IORex4AaABAg,@붕붕B인천,트롯프린세스 비타돌 미소천사 오유진 사랑꽃 님 응원하고 사랑해요 화이팅 건강하세요,5,2023-08-24T04:59:57Z
DjnssC_vpEw,UgxfWLi6oJmcy6XEf894AaABAg,@사각하늘,신이난다 신이나,4,2023-08-24T03:42:34Z
DjnssC_vpEw,Ugxy8EBJAX8mhiB3SVh4AaABAg,@KSI_TROT_Music_TV,얼~쑤 조오타 #사랑꽃 대 히트를 빌며💛🌼,4,2023-08-24T11:00:46Z
DjnssC_vpEw,UgyJqbu_J5PY5BAIylR4AaABAg,@자두연두,1번더~~~짱짱 ~~,3,2023-09-03T22:31:12Z
DjnssC_vpEw,UgziFAjsICI86XuXTPZ4AaABAg,@유전자등록경찰서했다,"❤😂❤
울유진이 
너무 새콤 달콤한 
저표정   누가아랴~~
ㅋㅋ
천하대세다
❤😂❤",2,2023-10-24T10:51:06Z
DjnssC_vpEw,UgxwsMgo83Nik6uawJV4AaABAg,@느그집어디_sein,내년에도 금원산 가야쥐~,3,2023-08-24T11:12:07Z
DjnssC_vpEw,Ugz30nijmjD_c4nIA554AaABAg,@별밤-pr2,"트롯프린세스 유진공주님 
진또배기 역시 공주님이 
최고.~👍👍👍👍👍👍👍
💗💗💗💗💗💗💗💗💗💗",1,2023-08-30T10:35:33Z
DjnssC_vpEw,UgzDUZUMFGkKcY5IB8R4AaABAg,@킴서별,오유진❤,1,2024-11-02T00:17:20Z
DjnssC_vpEw,Ugw_LFyltDGzaA-T4Ft4AaABAg,@뽀끔빵이,오유진표 진또배기 최고여~👍👍👍,10,2023-08-23T22:38:36Z
DjnssC_vpEw,UgzB3A5L2ycgbOw9S6R4AaABAg,@병욱윤-z9n,비타돌 오유진 공주님  진또배기 최고!,8,2023-08-23T23:43:34Z
DjnssC_vpEw,UgxNrqvRRViDDkkn5hl4AaABAg,@임정용-u3g,트롯 프린세스 오유진 최고 응원하고 응원합니다 👍,4,2023-09-26T07:41:13Z
sWkY4zmSEUM,UgyFqjJz9ql0OQ4P7JV4AaABAg,@정경애-s9p,흥미남 꽃미남 선미남 펜들곁에와주시어 감사합니다  덕분에늘즐겁고  행복합니다,29,2022-01-05T08:48:03Z
sWkY4zmSEUM,UgxKMVCZPVbOYCX6Iv54AaABAg,@오늘도기쁨-m6x,"우리 왕자님 부더럽게 노래를 너무 잘 불르시면 반칙아닌가요!!!어디든 가리지   않고 최선과 열응 하시는  우리왕자님   하늘에서 팬들에게 보내주신 천사인듯합니다^^#축복
입니다    한결같은 마음과 쭉~~사랑으로 응원합니다💕💕💕💕💕^^",39,2022-01-05T08:27:12Z
sWkY4zmSEUM,Ugwo46YTUi3A8zRC3hB4AaABAg,@오늘도기쁨-m6x,반짝~~반짝~~외모만큼   빛이나는 우리 왕자님🤴무반주에도 목소리에서 꿀이 뚝~~뚝~~떨어지네요^^  2022년에도   우리 왕자님 사랑으로 응원합니다^^  화이팅!!,42,2022-01-05T08:21:01Z
sWkY4zmSEUM,Ugyoi32sriKeWIozZP94AaABAg,@김순녀-v4d,레드정님 반갑습니다 울 사랑스러운 멋진 가수님 귀엽고 예쁘시네요 언제 봐도 울 가수님 뿐 너무 멋져요 사랑합니다  💗,28,2022-01-05T08:44:20Z
sWkY4zmSEUM,UgypY-lf7wMt9T0mryx4AaABAg,@호진짱-r8r,"우리가원님 올해도~~~"":^
밝은미소 예쁜모습 신나는
흥~흥 💐꽃많이~많이~~
피워주시길 기대~대박👍
기원합니다늘응원할께요",28,2022-01-05T09:16:47Z
sWkY4zmSEUM,UgxZI6-cH05p4twMTfZ4AaABAg,@최다숙-h5j,울박서진 왕자님.최고 최고 👍 박서진 🌹 👍 💕 흥해라 아버지의 바다. 대박나기를  기원합니다 🙏,19,2022-01-05T10:46:30Z
sWkY4zmSEUM,UgyqHH2dUyr-LIDkyHV4AaABAg,@딸기향-j8m,노래 정말 잘하시는 멋진 서진 가수님 어디서나 빛이나네요..무반주에도 개의치 않고 바로 노래하시는 모습 역시 대한민국 최고의  트롯가수님 이십니다. 보고 또 봐도 정말 멋있어요 .늘사랑으로 응원합니다. 꽃이핍니다,33,2022-01-05T08:47:32Z
sWkY4zmSEUM,UgzzrScGqpfnulWOJPN4AaABAg,@고운o5C,울 가수님 꽃바람 흥바람 마구마구 불어 저 이쁘게 웃는 얼굴에 웃음꽃이 가득하시길  바랍니다 ㆍ 흥해라 전국민 모두 힘내시고 흥하세요ㆍ레드정 감독님 가수님 이쁜영상 올려주셔서 항상 감사 합니다ㆍ👏,29,2022-01-05T09:05:22Z
sWkY4zmSEUM,UgzA8mmBOcMFh41Lr2t4AaABAg,@eunyoung1438,"박서진가수님 라이브의 황제십니다
이런가수 난생처음 기가 막히는
가창력 숨이 트이는 싱그러움☆☆
라이브하면 박서진가수님이 최고..
정말 대단하신 울가수님 응원합니다.
명곡제조기라는 말들을 누구라도
쓸수는 있겠지만 박서진가수님은
감성과 에너지의 원조입니다~^^
가수님~폭풍성장으로 대박나세요~!!",32,2022-01-05T08:46:55Z
sWkY4zmSEUM,UgzgEk6Ha-2oGQYFvgJ4AaABAg,@김복진-k1v,"꽃미남 서진 가수님
무반주에도 참 잘하네요
👍👍👍👍👏👏👏👏
목 소리에 꿀 뚝뚝 떨어지네요 🤩🤩🤩🤩
올해도 가수님 흥해라
흥해라 미소천사 울 가수님 항상 응원하고
사랑합니다 💖💖💖💖
서진 사랑꽃 활짝 피우세요 🌹🌹🌹🌹
💥💥💥💥⭐⭐⭐⭐⭐",25,2022-01-05T10:31:38Z
sWkY4zmSEUM,UgzEv10qey8CjkXRN5B4AaABAg,@강아씨,울 가수님 강원도 아리랑 너무너무 잘부르셔요💛💛우리 가수님 2022년 흥해라 흥해라 모두 흥하세용💛💛가수님 최고최고,15,2022-01-05T13:11:32Z
sWkY4zmSEUM,UgyuO8It9pH7vE9GMwd4AaABAg,@정선애-r4r,서진 왕자님 진심착한천사  뿌듯하고 언제나 겸손한마음이 하늘과땅이 보살펴 줄겁니다,17,2022-01-05T12:11:14Z
sWkY4zmSEUM,UgwBVd20J_hUwi9Ij7B4AaABAg,@계수나무-x3r,울서진 왕장님  매력에  퐁당빠집니다  이쁘요 이쁘요,18,2022-01-05T11:22:01Z
sWkY4zmSEUM,UgzTmCl2BYLpCvgfeXh4AaABAg,@딸기향-j8m,울가수님의 마지막 엔딩곡 강원도 아리랑과 화려한 장구 퍼포먼스는 매번 보아도 넘 신나고 좋아요. 효선님과의 호흡도 너무 잘 맞아 라이브커머스 볼때마다 즐거웠습니다. 이쁜 가수님 항상 흥하시길 응원합니다,31,2022-01-05T09:01:45Z
sWkY4zmSEUM,UgwTwKdryxDvCZlFJoB4AaABAg,@최양순-o8f,울가수님 은 앵골곡 무반주에도 넘잘하셨어요 최고 멋지고 이뻐 요~^^,12,2022-01-05T13:18:07Z
sWkY4zmSEUM,UgzrxOaB2z04fUdsRTd4AaABAg,@김미자-n6m,"서진님 우뚝 서 있기만해도 힘의 활력소가 
되네요 재미나는 장면을 많이 볼 수 있어 
행복합니다 최고 스타지만 가깝게 항상 계시니 기쁨니다 웃는모습도 천사십니다 
영상 감사합니다 새해 복 많이 받으세요",12,2022-01-05T14:07:16Z
sWkY4zmSEUM,UgywwK0ZDsdDM4nIpul4AaABAg,@슥딪,오늘은목요일날ㅡ목숨처럼귀중한서진왕자님사랑하고응원하는날이네요올해는서진님해가돼네요 무반주도참잘불러요절대로 ㅋ오늘도행복충전하네요감사합니다朴天下人❤的未来千万年历史上第一个人,8,2022-01-05T23:23:34Z
sWkY4zmSEUM,Ugyx5w_rskp__FbLOJh4AaABAg,@김인미-f2d,장구의신박서진님 멋져요 👍 😍 😎 💕 보령중앙시장 진행자님 너무 웃끼고 잘하시네요 멋진 박서진님 영원히 불려주세요 보령중앙시장  대박 👍 😍 💕 💙 💜 💖 👍 😍 💕 💙,7,2022-01-06T00:50:27Z
sWkY4zmSEUM,Ugxx0x71MnvA9wK0L2B4AaABAg,@신순옥-b3h,"우와 가원 서진가수님 
무반주도 노래  잘부르가요 어디든지 간도 최고죠 무대에 빛이 반짝반짝 나네요 영상 감사합니다 흥하세요",8,2022-01-06T08:44:36Z
sWkY4zmSEUM,Ugxie96lzgjIdrFOJrl4AaABAg,@임맹례-d2z,레드정님너무  감사합니다멋진 가수님무반주로노래도잘하고너무이쁜것아닌가요,5,2022-01-06T04:14:55Z
sWkY4zmSEUM,Ugx1AtPqYIU6RgUCRAJ4AaABAg,@선옥채널,무반주로 노래 부르시니 최고의 멋지신 박서진가수님 이십니다,3,2022-01-08T03:31:26Z
sWkY4zmSEUM,UgxZQ4GZR_D3Ymm10194AaABAg,@tv.2436,아이구 .우리 가수님 무반주에도 저래 열창을 해주시고. 참말로 잘하시네.어디서 저런 귀한 복덩어리가 나오셨는지. 귀엽다.-넘 귀엽다요❤ 끝까지 승승장구 하셔요. 오늘도 열응 하겠습니다~~^^,2,2022-01-11T01:01:05Z
sWkY4zmSEUM,UgytXyLAS55EJE3lxXV4AaABAg,@엄지명-h2u,애교가넘쳐요가수님☆☆☆☆☆☆☆,1,2022-01-12T07:36:07Z
sWkY4zmSEUM,UgxE3K0h1DYfkQr9lMt4AaABAg,@선희1111,박서진가수님  반주없어도 노래너무잘하지요 매력이  철철  넘치는 가수님  이뻐 죽겠어요 흥해라  박서진  흥해라,21,2022-01-05T11:15:25Z
sWkY4zmSEUM,Ugx27jAqwqeeBrtylgl4AaABAg,@김복진-k1v,"외모도 반짝반짝 빛이 나는 서진 가수님
외모만큼 노래도 짱 짱
웃음 목소리 에 꿀
뚝뚝 떨아지네요 🤩🤩
💖💖💖💖💥💥💥💥
아리아리 쓰리쓰리 
언제 들어도 상큼 발란한 흥겨운 목소리
올해도 서진꽃 사랑꽃
많이 많이 피우세요
🌹🌹🌹🌹🌺🌺🌺🌺🌺",23,2022-01-05T10:35:59Z
sWkY4zmSEUM,UgzAFp5c7HoyDhHzFoB4AaABAg,@종옥김-l1x,언제나 최고로멋지고 휼륭한 서진왕자님노래 들고있으면 마음이 너무 편하고 자꾸만 빠져드는 서진가수님 영원히응원합니다,14,2022-01-05T13:08:00Z
sWkY4zmSEUM,UgyJsPiob4Z_xNTjmwR4AaABAg,@헤즐넛향,서진씨는 멋진가수야~♡,19,2022-01-05T10:38:10Z
sWkY4zmSEUM,UgwWMoJQpSBnossiz0d4AaABAg,@라벤다-o8e,"😄  매력둥이 울가수님..언제나 
흥해라 🎶흥해라 
멋진..☆울왕자님 승승장구 하세요",11,2022-01-05T14:09:34Z
sWkY4zmSEUM,UgzNbBSh7eCkRxi9bRd4AaABAg,@김옥희-y1j8m,언재봐도울가수님이  최고니다올해는    온대한민국의   흥  바람  꽃바람최고로 흥해라 항상응원합니다   사랑합니다,8,2022-01-05T21:59:51Z
sWkY4zmSEUM,UgwU-3XGWpBR7Zh9-KZ4AaABAg,@이필순-d7d,우리아들은즉석 노래너무잘해요흥해라 꽃이핍니다💞💕🎋💕💞💕🎋👌👍,5,2022-01-06T11:58:25Z
edt-Zcuz09Y,UgwxwBR-fxVrvaZk-uN4AaABAg,@dmstv1781,"_서진가수님 안녕하세요^^_
_언제나보아도_ _사랑스런가수님😃_
_말씀도 애교스럽게도 하시고_
_넘멋져요🎼🎶👍_
_가수님께서도 항상_
_꽃길만가세요🎼🎶🌹🌹🌹🌹_
_♡꽃이핍니다♡🎼🎶🌹🌹🌹_
_가수님 만나고나서 저인생에_ _꽃길로가고 있답니다_
_사랑합니다💟💟💟😃_
_응원합니다🎼🎶🥳🥳🥳_
_가수님 노래_ _넘잘듣고갑니다✍👏👏👏_",18,2021-11-12T09:10:11Z
edt-Zcuz09Y,UgwN62u9AbYm3Iu1JcZ4AaABAg,@딸기향-j8m,언제나 뛰어난 가창력으로 멋진 공연을 보여주시는 이쁜 가수님의 빛나는  공연에 항상 기쁨 가득한 날들입니다. 깜시님 울가수님의 멋진 공연영상 감사드리며 흥해라 흥해라 삼천포아리랑 흥해라 대박나시길 응원합니다,35,2021-11-12T04:33:33Z
edt-Zcuz09Y,Ugy5GaXQX2bfX-u_lOd4AaABAg,@dmstv1781,"_*깜시님 감사합니다✍🌹😃_
_수고하셨어요👏👏👏_  _감기조심하셔요🌻💞_",14,2021-11-12T09:14:55Z
edt-Zcuz09Y,Ugx1f9XbnRX_whyvnth4AaABAg,@라벤다-o8e,"핍니다 꽃이핍니다 사랑의 ⚘꽃이핍니다 언제나 울가수님 
공연은...너무 재미 
있어요 🎶👍
동서남북   모두 흥해라 🎶흥해라 꽃이핍니다 ⚘",12,2021-11-12T15:34:32Z
edt-Zcuz09Y,UgwZEltn-eVaatHlBNZ4AaABAg,@슥딪,맞아요울서진님예쁘고잘생겼서요가수님가는곳마다사랑의꽃이피네요장구치며노래하시는서진님 ㅡ강원도아리랑넘신나고흥이나네요오늘행사공연없어서이렇게재방을보니넘좋아요사랑의꽃이가을바람타고전국세계로활짝피고있네요날씨가춥네요가수님건강조심하세요래일2시에만나요朴祝你好运连连进家门辛苦了,21,2021-11-12T06:44:15Z
edt-Zcuz09Y,Ugy-HStfENpR1sj3BaN4AaABAg,@김윤연-j6t,노래잘하고멋진 서진가수님 하얀색   슈트가  참  멋지시네요 최고입니다.💞💞💞💞💞💞💐💐💐,36,2021-11-12T04:16:03Z
edt-Zcuz09Y,UgxQVuAc-Zbnpfuonp54AaABAg,@김애국-r6p,대스타 황태자 박서진가수님 신곡대박나세요 영원이 응원합니다 화이팅 최고 가수님입니다 가수님 목소리는 하늘에서 내려준 천상의 아름다운 명품 목소리 입니다 가수님 신곡 꽃이핍니다 눈물인가바 아버지바다 흥해라 너무너무 좋아요 최고입니다 너무너무 감동입니다 완전대박 입니다 🌍 🛸 ✈ 🎵 💕 ❤ 🌍 🛸 ✈ 🎵 💕 ❤ 🌍 🛸 ✈ 🎵 💕 ❤ 🌍 🛸 ✈ 🎵 💕 ❤ 🌍 🛸 ✈ 🎵 💕 ❤ 🌍 🛸,26,2021-11-12T05:31:06Z
edt-Zcuz09Y,UgwWtuQIr7u1VEH5yOR4AaABAg,@태상할머니,대스타박서진화이팅합니다,19,2021-11-12T05:54:47Z
edt-Zcuz09Y,UgyXDCc_1qZK-v9c_JV4AaABAg,@선희1111,맞습니다.  뛰어난 가창력으로  모두에게  기쁨을주는 박서진씨  꽃이핍니다.  아버지의바다   흥해라  국민송 박서진  흥해라   동서남북  흥해라  모두가  흥해라  👍👍👍♥️♥️♥️♥️♥️,21,2021-11-12T09:22:18Z
edt-Zcuz09Y,UgwFUVOwOUs_amASU5F4AaABAg,@띠앗-h6v,박서진은~우리모두를 춤추게 한다~박서진 흥해라~국민가요가즈아~👍👍👍👍👍🤣👍👍,37,2021-11-12T04:35:37Z
edt-Zcuz09Y,UgyjXTgoBv-53Cu7bz54AaABAg,@전미라전미라,"핍니다. 핍니다.내가슴에 꽃이핍니다.
우리가수님의노래만 들으면우리 모두의마음에 가수님을 향한 사랑에 꽃이핍니다.흥해라.흥해라.동서남북 흥바람타고 동서남북 모두 흥해라.",31,2021-11-12T04:52:11Z
edt-Zcuz09Y,UgzZAuoQRDOlP-vI6Od4AaABAg,@임맹례-d2z,깜시님꽃이  핍니다   사랑꽃이 핍내요 박서진  가수님 꽃이  사랑의꽃이 꿀이 뚝 떨어지내요,33,2021-11-12T04:17:02Z
edt-Zcuz09Y,UgxTgnibtX1XsNcP1el4AaABAg,@김인미-f2d,닻별은하수왕자박서진님 안동위드공연 💐 🌼 🏵 🌷 🌺 🌻 꽃이핍니다 👍 ▶ 💕 😂 😍 ✈ 👍 세계로 빛나세요 💕 💜,9,2021-11-13T00:47:06Z
edt-Zcuz09Y,UgwGTymx9XgAxFeGCYZ4AaABAg,@박영난-d5q,울서진가수님이재명후보님경남에이틀후에방문일정이신되요합께하셨으면참좋을것같습니다 힘네세요♥♥ 우연일치로ㅎㅎ,8,2021-11-12T15:35:40Z
edt-Zcuz09Y,UgzftyrgIBnjw1-ulPd4AaABAg,@하경아-j7v,잘한다❤ 박서진❤ ~~,5,2021-11-15T03:26:03Z
edt-Zcuz09Y,UgzQuwTru7x_zHSFYyB4AaABAg,@김인미-f2d,박서진님 너무 귀엽고  멋져요 😍 👍 역시 가수는 박서진님 최고예요 👍 😍 💕 😘 😎 💜 👍 신곡 무조건 대박나세요 짱 👍 😍 💕 😘 💖 💙 👍,1,2021-12-01T12:48:07Z
edt-Zcuz09Y,UgxhZosXG7ksyDjWXsN4AaABAg,@진별솔별,"우리가수님 뛰어난 감성 감미로운 가창력까지 얼마나 잘부르시는데 말입니다
멜론에서 순이가 밀리구있습니다
💙🫂💙
모다함께 하트와 멜론 하트 댓글이 많이 필요할때입니다
모두다 열응함께 해주세요♡?♡
말두안돼게 다른가수님들한테 밀리는 순위는 말이안됩니다ㅠㅠ
가수님 몸조심히 힘내세요💙🫂💙",1,2021-11-24T02:14:42Z
edt-Zcuz09Y,UgxNLQUjCXu4X3PEoT14AaABAg,@라벤다-o8e,"흥해라 🎶 흥해라 모두 ☆흥해라 
울서진왕님 ☆
신곡 모두 빵빵 터져 대박나세요 흥해라 흥해라 내인생 꽂이 필거야 👍⚘👍",14,2021-11-12T15:35:54Z
edt-Zcuz09Y,UgwTpjUf-X3nhJvxRyR4AaABAg,@그어느하늘아래-b2g,"장구의 신 박서진 가수님 흥하세요.
오늘도 내일도 언제 어디서나
건강 잘 챙기면서 행복하게 즐거웁게 
꿈을 향해 나아 가세요.
가수님 노래 전곡 다 흥해라~~♡",8,2021-11-14T02:08:40Z
9s3BhqF5H9M,Ugx68g_h74TR2JqjM4N4AaABAg,@rapthor666,"Ooo where is that restaurant? That looks sooo delicious! Miso's chopstick skills when fileting the fish, jealous...",0,2021-02-01T05:48:23Z
9s3BhqF5H9M,UgzphnB4KCWvky6hXJJ4AaABAg,@timothyford1103,MiSo eats well. Go MiSo!,0,2021-03-30T01:40:18Z
9s3BhqF5H9M,Ugw5KfQmucivekb3qFp4AaABAg,@ulsan_namgu_tour,"안녕하세요 울산 남구 공식 관광 SNS✨ 나하고울산갈래입니다 🐳🐳
울산을 너무 예쁘게 담아주셨네용♥️♥️ 울산에 앞으로도 자주 놀러 오셔요오‼️
구독! 좋아요 꾹꾹 누르고 갑니당 ~! 다음영상 기대할게요🥳🥳",1,2021-01-22T01:20:07Z
IEtN9uKzzSw,Ugw89R1vWKnIVmHwV194AaABAg,@랭슐랭,"*이번영상은 리뷰순,평점순,즐겨찾기순중 ""리뷰많은순""으로 제작되었습니다
순위 / 식당명 / 총리뷰수 / 종류 / 방문자리뷰 / 블로그리뷰
1위   하라검 진주냉면 울산본점         18204   냉면   2817   15387
2위   식당153 울산본점            15311   한식   1437   13874
3위   아웃백스테이크하우스 울산 삼산점   12246   레스토랑10934   1312
4위   백소정 울산삼산점            11585   일식   11309   276
5위   오리엔탈 무거면옥            10901   막국수   8396   2505
6위   베테랑 바비큐               10645   육류,고기8576   2069
7위   언양금화불고기               10517   육류,고기670   9847
8위   서양식당                  9381   양식   8937   444
9위   언양기와집불고기            9329   소고기   6028   3301
10위   아니마                  8798   이탈리아4398   4400",0,2025-03-24T08:15:19Z
IEtN9uKzzSw,Ugwp0a5V9f_mOqCjCmR4AaABAg,@굿스멜-p2o,네이버는 역시 믿을게 안되는구나,8,2025-07-25T06:23:38Z
IEtN9uKzzSw,UgyOwByiRSPVzcbR3vN4AaABAg,@사막여우-q6t,리뷰순 뿜고간다 ㅋㅋㅋㅋㅋㅋㅋ,8,2025-08-11T06:17:23Z
IEtN9uKzzSw,UgxDu_H1hfnf2JYl2qN4AaABAg,@구리-o5m,울산사람 : ?????,5,2025-08-26T02:40:27Z
IEtN9uKzzSw,UgyazRdhOZEoTUDgIp14AaABAg,@김동화-y1p,무거면옥ㅋㅋㅋㅋ 웃고 갑니다,6,2025-08-23T10:41:04Z
IEtN9uKzzSw,UgzAWOisUtqA9tTkbH54AaABAg,@강한나요,굿,0,2025-11-09T07:23:39Z
IEtN9uKzzSw,UgxGoEG9VppXl6CRwJ94AaABAg,@이상일-p7r,베테랑바베큐 삼산점 자리에 비슷한 고깃집 생겼죠. 거기도 맛있어요. 무거면옥도 건강식으로 든든히 즐길 수 있는 맛집 합니다.,0,2025-09-21T15:03:51Z
IEtN9uKzzSw,UgwXYBN6SR5rApklpbx4AaABAg,@ggugguggagga124,경상권으러 이사와서 맛집 찾으면 죄다 이집이 맛있다고?? 이러는데…이거 개킹받는게 니네만 맛있는거 먹지말고 나됴 알려죠……나도 먹어보고시퍼….,1,2025-09-28T03:18:05Z
IEtN9uKzzSw,Ugw_hmOl97V9VI5SzoJ4AaABAg,@박서우-g1x,"불고기 
누린내에 질겅질겅 
안씹어져서 뱉어냄 ㅜㅜ",1,2026-03-07T09:53:03Z
IEtN9uKzzSw,UgzMnOR39VdEf5eARRp4AaABAg,@jesus-godblessyou,백소정 ㅎㄷㄷㄷㄷ ㅜ,1,2025-04-14T14:47:36Z
IEtN9uKzzSw,UgylP15MARIOvctkj1F4AaABAg,@여리한,하라검 광고비만 어마어마한데 저런거 아직도 믿는사람있나 ㅋㅋ 죄다 협찬인데,1,2025-07-30T11:00:56Z
IEtN9uKzzSw,UgylaMfhsacpCHUw7P94AaABAg,@박반장-m6z,울산 현실이다,0,2025-10-15T13:32:16Z
IEtN9uKzzSw,UgwpFGqQ8MOpex5Y7ZJ4AaABAg,@신.선.2.3,아웃백스테이크 나오길래 다이닝원이나 빕스도 나올 줄 알았더니 안나오네...,0,2026-01-14T11:00:32Z
IEtN9uKzzSw,UgwV4aFg8uxBy_5yrXB4AaABAg,@머니팔고떡주는꽃쑤니,기와집은 월 광고비만 수백들긋네 ㅋㅋㅋ,4,2025-07-14T15:56:14Z
IEtN9uKzzSw,UgwchztRL1b-YixLnH54AaABAg,@damianopark881,선정부터 목소리까지 전부 AI 아닌가요?,1,2025-08-04T22:51:08Z
IEtN9uKzzSw,Ugw0nT8JMkpUIeIE1KN4AaABAg,@힐튼-t7n,"들기름 막국수 너무 맛있게 먹었고
돈가스는 좀...",0,2026-03-19T15:14:57Z
IEtN9uKzzSw,UgyiAPVS0cmyOfv-VsJ4AaABAg,@아인슈페너-p3d,믿을게 안되는구나😂😂😂,0,2025-12-13T02:24:25Z
IEtN9uKzzSw,UgxOYGFGUbDRMtGMA-p4AaABAg,@coreking코어킹,"울산토박이입니다.
""ㅋㅋㅋㅋㅋㅋㅋㅋㅋㅋㅋㅋㅋㅋㅋ""",0,2025-09-09T09:34:35Z
IEtN9uKzzSw,Ugz1pAhd8WkWujMJ1TN4AaABAg,@daae1612,"아니마는 참을 수 있는데 언양기와집? 베터랑? 무거면옥?에서 얼탱이 나가다가, 갑자기 뭐? 아웃백 ??????????????????",0,2025-10-16T07:38:07Z
IEtN9uKzzSw,Ugx4CDaUSj99qsWkwL54AaABAg,@aebbi,무거면옥?? 예??????,0,2026-02-10T03:27:14Z
IEtN9uKzzSw,UgyVfPrQeJLNjOdPlTF4AaABAg,@kim-sy7vy,"ㅋㅋㅋ
베테랑 미친
거기 가지마세요 분위기만 그렇지  맛은 거지인곳
수입소고기 쓰는데 한우보다 비싸고 상차림비도 있는곳",0,2025-07-13T21:59:47Z
IEtN9uKzzSw,Ugyy-dxn9Q1w7mQCgaR4AaABAg,@Tien_Noah,"팩트는 네이버 보다 카카오, 구글맵이 더 정확함",0,2025-06-06T12:18:20Z
IEtN9uKzzSw,UgyCyptd_zy1hn3_-_N4AaABAg,@dark1465,"오리엔탈 무거면옥5위!!?
기가찬다 기가차 맛대가리 없는데를",0,2025-08-20T07:53:28Z
IEtN9uKzzSw,Ugy-BR15F-6N0TW1tTt4AaABAg,@mushroom77786,백소정 널린 프렌차이즈인데 맛집이라고 하기엔 좀…,0,2025-05-17T15:41:03Z
IEtN9uKzzSw,UgzOKhk7QHIP-7od2Ul4AaABAg,@김민-x3f9z,전부 작업 리뷰들 언양불고기 비싸고 그닥그래서 현지 울산언양사람 안감 ㅋㅋㅋ,0,2026-05-03T03:15:18Z
IEtN9uKzzSw,UgzFIp7PjT1P9wZl9DJ4AaABAg,@슈퍼돌탱크,다 맛없음 그돈으로 편의점 라면에 삼김 먹음,0,2025-09-26T14:53:38Z
IEtN9uKzzSw,UgypYJYwdwjAksMfm3x4AaABAg,@쩡-h9x,다  맛없는 집들이네,0,2025-07-19T08:44:04Z
IEtN9uKzzSw,UgzTQF0mzhVCtRSN_M14AaABAg,@두근단왕햇님S2,아웃백ㅋㅋ...,1,2025-07-09T01:23:15Z
IEtN9uKzzSw,UgzA7XD5CkZwpUcRPRZ4AaABAg,@심대박-j1q,"맛집 광고하는 글 같네.
별로 들어본 곳이 없어 
울산 별 맛있는곳 없던데.?????",0,2025-07-15T02:35:35Z
IEtN9uKzzSw,UgxpkY9vimO77Dbga1J4AaABAg,@오너쉐프-6,아니마 별루던대,1,2025-03-24T19:46:25Z
1jSU05dhuL4,UgxStUbxa-8oNzgg9O54AaABAg,@파그마드라,"이번편 너무 잼있네요~ㅋ
특히 울산까지 가셨는데
해녀촌이 문을 닫은 점이 꿀잼..ㅋ
하..하..하..  
긍정의힘..
긍정의힘",2,2020-09-22T09:56:50Z
1jSU05dhuL4,Ugw0Ib_ZSE4rC3PZtyp4AaABAg,@기묘한이야기-x5s,"아이쿠!  맛난 새영상이군요~~하하하~~회 엄청 좋아하는데!!! 
맛집 영상 ~감사합니다~~오늘도 즐겁고 신나는 하루 되세요 ^^",1,2020-09-22T01:11:51Z
1jSU05dhuL4,UgyLX0zRGFPdvaNxAB94AaABAg,@-Vlog-ye5im,울산 맛집도 좋네요^^남은 추석연휴 잘 보내세요 🍀,2,2020-10-03T06:06:06Z
1jSU05dhuL4,UgxmUZULoIMjUfeucWx4AaABAg,@행자가든,"맛집으로 달려가셨군요
맛점 하겠습니다🌱🌿🌲👍👍👍",2,2020-09-22T12:18:35Z
1jSU05dhuL4,UgzRZbb10xbhFPIZvoJ4AaABAg,@DDOJADOTCOM,"불규칙적으로 올라오는 파도에 의해 샤워를 할 수 있는 곳이라니ㅋㅋㅋㅋ
오이비누 챙겨오라는 말 듣고 빵 터졌습니다ㅎㅎㅎㅎㅎ
해녀밥상!
비빔밥을 먹으면 무청고등어조림을 서비스로 주는군요!
비빔밥과 함께 먹으면 정말 맛있을 것 같아요!
비밤밥 먹을 때는 밑반찬이랑 같이 먹어야 더 맛있는데ㅠㅠ
밑반찬이 맛없다니ㅠㅠㅠ
정말 슬프네요ㅠㅠ
진짜 솔직한 평가라서 넘넘 좋네요!
영상 잘 보고 갑니다~

제 채널에 찾아와 응원해주셔서 감사합니다~
저도 응원선물 놓고 갑니다~! 🎁🎁
우리 변치 말고 오래 이웃해요~!
좋은 하루 되세요!!",2,2020-09-22T09:42:36Z
1jSU05dhuL4,Ugw8pLaXt36rbjW9GFp4AaABAg,@하소리phototouching,"첫 인사드립니다
영상은 어떻게 ?
풀청으로 응원합니다 ㅎㅎ",2,2020-09-22T14:07:15Z
1jSU05dhuL4,Ugyl8kztl5t4m44nHFd4AaABAg,@마샤의운동장,"솔직한 맛평가 최고입니다
뽕숭아학당 보시고 회드시러 가셨군요
감사히 풀시청들어갑니다
꾸우우독 ****선물드립니다^^
채널 크게 성장하세요
마샤의운동장와주셔서 깊이 감사드립니다
좋아요68",2,2020-09-29T08:06:10Z
1jSU05dhuL4,UgyP5RX0SDfQBsZDn6d4AaABAg,@TV-mm9dq,ㅋㅋㅋ  맛집왕  최고입니다...오늘하루도  화이팅 하세요.,1,2020-09-22T01:48:07Z
1jSU05dhuL4,UgyUPKG3qWS838cMkj94AaABAg,@kukakinkimyoungsoon,"맛집왕님 안녕하세요?
감사 합니다.
오늘 맛집 영상 잘 보고 갑니다.
홧팅 하세요.하하",2,2020-09-22T02:16:30Z
1jSU05dhuL4,UgxGEhFc6_pFMA3YBa14AaABAg,@chef_shuwang,"안녕하세요? 슈왕입니다~~~
울산
얼마전에 남편이 울산출장다녀왔는데 ㅎ
진작 알았다면
오늘 잘보고
얘기해줘야겠네요😄",0,2020-09-22T02:23:46Z
1jSU05dhuL4,UgxnapSDfihDUOu9qsJ4AaABAg,@SunnyCCMLove,"맛집왕님 행복한
채널을 가지고 
계시군요~^^
저의 채널을 찾아주셔서 
진심으로 감사드립니다. 
맛있는 영상 끝까지 잘 보고
이웃맺고 또 다시 찾아뵙겠습니다.",2,2020-09-22T03:38:33Z
1jSU05dhuL4,UgwT63WMwvZhFYqSZbh4AaABAg,@도시자연인,"해녀촌 참  신기 합니다
아름다운   바다 전경도
참 좋습니다 굿
좋 은 영상 잘보고갑니다 ㅎㅎ 😂 😎 🎶",2,2020-09-22T01:25:22Z
1jSU05dhuL4,Ugx-vKjEb0bIOKhXYHp4AaABAg,@dambbuk3831,"오십여섯번쨰로 꾹~~~
우와...울산은 멋진 곳 소개시켜주셔서 감사해요.
해녀촌 꼭 가서 먹고 싶네요",1,2020-09-23T10:19:24Z
1jSU05dhuL4,UgzGUWhFj0G56xf8xiN4AaABAg,@MAEHO11,와우 반찬이 엄청 많이 있네요 보기만해도 군침이 꼴깍꼴깍 넘어가네요 맛나는 영상 잘봤습니다 좋은하루 보내세요 🔔😀🤝😄💙🌷,2,2020-09-22T08:55:03Z
1jSU05dhuL4,UgzySR_1YdDjHzeu1854AaABAg,@corona19,"맛있었을거 같아요^^
돌솥밥도 맛있어 보이는데
끝까지 응원드리고 갑니다.
감사합니다...🙇‍♂️😋",1,2020-09-25T09:02:02Z
1jSU05dhuL4,UgxA9XM1rrGlXUUxGBl4AaABAg,@TV-nn5fn,"해녀들이
바로 잡은 회
너무 맛있게 보입니다. 
영상 즐감헀습니다. 
행복한 시간이네요..
오늘도 복된날 되세요 
화이팅 입니다 
감사합니다^^",2,2020-09-23T07:54:12Z
1jSU05dhuL4,UgxfweArBla90SN8F5p4AaABAg,@청춘찐,울산 바다 너무 멋지네요 달려가고싶네요 잘봤습니다 즐거운 시간 보내세요,0,2020-09-22T02:45:39Z
1jSU05dhuL4,Ugx_QWkvSIsr8FjMRJJ4AaABAg,@TV-mp6ly,"울산에는 회가 맛있더라구요
좋은곳에 가셨네요
저도 가끔 울산에 회 먹으러
갑니다
바다 구경도 하고 좋아요^^",1,2020-09-25T01:06:41Z
1jSU05dhuL4,Ugx5YRA-fHNF4V9Kp9F4AaABAg,@겸겸이-s1i,도저히 댓을 안쓸수가 없네요 넘 재미있고 유쾌해서요 가성비대비 넘 음식들이 훌륭해요 너무 객관성 있는 평가에 신뢰가 가네요 ㅎㅎ맛있게 드시는 모습에 저도 침 꿀꺽이네요 ^^,1,2020-09-22T03:43:09Z
1jSU05dhuL4,UgwSTWCDcxNi7y-1yr54AaABAg,@cattv1004,"맛집왕님 말씀도 잘하시고.
재미나게 영상찍으셨네요.
아고 우리냥도올려주셨네요.
귀욤~성게비빕밥 있겠어요.
은근반찬도 많이나오네요.
끝까지 응원드리고 갑니다.
감사합니다 🙏",2,2020-09-22T09:35:12Z
1jSU05dhuL4,Ugx1yw7wdZ0GxmhNxBB4AaABAg,@쫑알이의앨범,"어머니 덕분에 좋은 곳에 다녀오셨네요ㅎ
보는 곳마다 달력표지가 되요🤩
해변가에서 회를 바로 먹는 영상이었으면 좋았을텐데 아쉽네요ㅎ
대신 맛집을 다녀오셨잖아요
긍정의힘ㅋㅋ",2,2020-09-23T05:13:07Z
1jSU05dhuL4,UgxTv6QltaW-iUG37ll4AaABAg,@VlogCFM,앗... 오늘 제목 보고 엄청 기대했었는데 ㅜㅜ 다른것들만 드시고 오셨네요 ㅎㅎ 리뷰가 역시 솔찍하셔서 깜짝 놀랬습니다 ㅋㅋ 그 점이 맛집왕님의 매력이죠 ㅎㅎ😆,1,2020-09-22T10:49:30Z
1jSU05dhuL4,UgxVPbzZ0xaF6j6dXrV4AaABAg,@edukang5993,"바다밥상의 메뉴 대비 가격이 착하네요.
좋은 정보를 담은 영상 잘 보고 응원합니다.
오늘도 행복하세요.",1,2020-09-22T05:07:56Z
1jSU05dhuL4,Ugy_sIebWo-Xg6qwpNN4AaABAg,@작사가수김세은,"반갑습니다 
첫방문 인사드립니다 
잘보고 3종세트 드리고 갑니다",1,2020-09-22T02:47:11Z
1jSU05dhuL4,Ugxd54OHx3APEYImK3V4AaABAg,@행복봉사단,"울산구경 잘하시고 맛있는 식사하시고 좋은시간 이였네요.
풀청 조아요로 함께 응원합니다~~^♥^",1,2020-09-22T02:59:28Z
1jSU05dhuL4,Ugxv55D84SSzNzKCr-R4AaABAg,@deliciousfood2746,"울산 맛집이네요 고양이 귀여워요 천연샤워기 좋네요 ㅎㅎ
바위에 부딪히는 파도소리 엄청 시원합니다 와 성게 비빔밥 와 딱 제가 좋아하는 스탈의 비빔밥이네요  무청 고등어조림 비주얼 대박이네요 이것만 먹어도 밥 두그릇 뚝딱이겠어요 맛있는 음식들  보고갑니다 💕",2,2020-09-25T04:20:02Z
1jSU05dhuL4,Ugz8i6Q04JPo0g1xPF94AaABAg,@달솁,"맞집왕님
풀시청 으로
현기마음 다 꾹꾹 주고가요
화요일아침대문 활짝 열고 
힘차게  파이팅 갑니당 🏃",1,2020-09-22T01:12:36Z
1jSU05dhuL4,UgxWHbqy0PWFSY4TgCh4AaABAg,@MealsandSnacks,"앙장구 비빔밥 오...
첨 들어 봐여
맛있었을거 같아요!!
돌솥밥도 맛있어 보이는데
굉장히 객관적인 평가 ㅋ
즐겁게 잘 보고 갑니다^^",2,2020-09-22T04:06:29Z
1jSU05dhuL4,UgyHre4UcLY0vKxHkG94AaABAg,@김대감TV-cv6ss,맛집왕 최곱니다 수고하셨습니다 응원합니다 또뵈어요 이심전심 파이팅입니다,2,2020-09-22T01:35:22Z
1jSU05dhuL4,UgyyNDo0jw-85mhDILJ4AaABAg,@duchiTV,풀시청 하고 갈게요 ^^,1,2020-09-22T01:00:58Z
w1B4nywAwZI,Ugx4ft2dkdvvEasjiil4AaABAg,@Luna_ii,"‼️ 취지는 좋은데, 저런 벽화 그리는데 
     270억원을 쓸바에는 차라리 각 마을에
     좋은 농기계 몇개씩 지원해주고 농산물을
     좋은 가격에  팔 수 있는 판로 확보를
      마련해 주는게 더 큰 도움이 될듯...",3,2021-07-04T14:33:31Z
w1B4nywAwZI,Ugy2FkVTVlB5oBHlcHN4AaABAg,@에나멜붓도색,벽화 예술이네,0,2021-07-04T14:04:38Z
w1B4nywAwZI,UgwSJtdCJ2SRhed9q6R4AaABAg,@rich46267,"YTN  김동뫈입니다
말도 못하는게  
어떻게  기자되었네~~",0,2021-07-04T16:13:06Z
w1B4nywAwZI,UgwaP9pYSN2rYMtLrDt4AaABAg,@fsalad,270억 꺼억,0,2021-07-04T14:35:14Z
w1B4nywAwZI,UgyT5FCphFH9d0F4lfh4AaABAg,@rich46267,"책을  읽어라
기자야
자격이  없다",0,2021-07-04T16:09:59Z
w1B4nywAwZI,Ugxcz_T8H0Qvq3UuDyt4AaABAg,@눈치보는코코,이런데 세금이 쓰여야죠 ㅎㅎ 멋집니다,0,2021-07-04T14:39:31Z
uvUhsU9LC58,Ugx368OnVDzfUwqMUHN4AaABAg,@sungyoun3405,"작고 조금한 틀에 갇힌 토끼 보니...
빨래터 세제 풀어 빨래 하는걸 보니...
맘이....",0,2022-11-22T16:02:22Z
uvUhsU9LC58,UgwB1JTy-has2xosL2N4AaABAg,@가화만사성-s5i,나ㅡ두,0,2022-10-29T06:37:02Z
uvUhsU9LC58,Ugwggg0GKJVOWzeGm3J4AaABAg,@가요-그곳,응 만기 나오는거 안파~,1,2022-09-07T10:03:27Z
dGKEF3sXxVw,UgzQgM3bmXvFI-o7ifV4AaABAg,@홍인-m1y,역시 점잖은 충청도 양반 해령재 ( 굿 )이군!,0,2023-05-11T01:02:24Z
sYWZ1wBVwM4,UgyPfN2gowxwu1lvC3Z4AaABAg,@cjloveartcjloveart2309,청주시립무용단 멋져요~~♡,4,2023-03-14T05:00:23Z
sYWZ1wBVwM4,Ugym8AE8oscyfntcleF4AaABAg,@행복해-x7n,역시 청주시립무용단 최고입니다,4,2023-03-13T08:57:00Z
sYWZ1wBVwM4,UgwjZg4cCKpyhM1bmi54AaABAg,@woorifilm,청주시립무용단 👍 👍 👍,4,2023-03-13T11:13:40Z
sYWZ1wBVwM4,UgxuIluoGEj_KGflGLB4AaABAg,@그녀의보물상자,"청주시립무용단 응원해요
공연보러 갈께요",4,2023-03-14T06:42:28Z
sYWZ1wBVwM4,UgyLLTz8N9jnBSBGcxd4AaABAg,@수니이-d1g,브런치 콘서트 보러가야겠어요,3,2023-03-14T08:51:03Z
sYWZ1wBVwM4,Ugw3on--RMHVbajtXHR4AaABAg,@무상-x4j,청주시립합창단  관심 많습니다.  시간내어 공영 관람하겠습니다.,2,2023-04-07T22:51:05Z
BuN2pvgBcXw,Ugy1tFU3I2PVD5N3_vF4AaABAg,@XX-gt2un,누구든지 병역의무의 이행으로 인하여 불이익한 처우를 받지 아니한다.,0,2022-09-21T21:08:12Z
iduo7r7z3oc,Ugx-hLglKKNNVnuEjKp4AaABAg,@키략기,솔로 하시는 분 대박이다...,0,2021-04-27T01:29:20Z
4l7etjmP43I,Ugwt61v7FiRuDUpx60F4AaABAg,@창아-j7s,"네이버에 ""외대 합창단""을 검색하면 합창단 공식 싸이클럽을 만날 수 있습니다. ",0,2013-01-18T17:26:34Z
4l7etjmP43I,UgwgAReSmFw3e7vZzLR4AaABAg,@kiihun,앙졸라스 소리좋네요 ㅋㅋㅋ,0,2013-02-18T09:13:18Z
4l7etjmP43I,UgzqoI7PcQWGxtJYkA54AaABAg,@soyunjeong6098,코제트 목소리 좋네요! ,0,2013-01-26T16:29:14Z
4l7etjmP43I,UggPc9SmhknWNXgCoAEC,@무현노-u8j,"""코제트"" 만 함.",0,2015-07-02T05:19:40Z
f62Qxf3_Uf4,UgwXJr2ftLb0i9mpch54AaABAg,@MT투어방송,"ㅎ 댓글도 부탁드려요 ㅎ 구독안누른분은 구독눌러주시구요 ㅎ
구독은 영상아래에 님아구독눌러도 돼요ㅎ",0,2019-02-21T14:55:02Z
f62Qxf3_Uf4,UgxhRAFXSr1ISpi78qx4AaABAg,@LOVE사랑해LOVE,감사합니다 국장님,1,2019-02-21T14:49:42Z
AMZea7swQNE,UgwvcHBQzflhsQGWv3R4AaABAg,@안생기,좋은사람이 곁에 있을때 소중한것이다ㅡ노래도 잘하시만 인성까지 갖춘 김건우ㆍ윤치환~멋져요,1,2020-05-27T23:46:32Z
AMZea7swQNE,Ugz_436WqEDwIQPzwhV4AaABAg,@비스물,싼마이 ㅋ,1,2020-02-18T19:48:53Z
UHm8DH8H9nY,UgygDjY00tbO_D3UPnB4AaABAg,@임유정-d9e,각설이 언니! 깜짝놀래서요 넘!넘!,3,2022-09-25T22:52:28Z
UHm8DH8H9nY,Ugw1lxY08JI0AoVUyed4AaABAg,@좋은하루-l8s,"아리아예술단 작품발표회 행사를 축하드립니다~^^
상쾌한 날씨속에 준비하시느라 고생하셨습니다!!",2,2022-09-26T08:54:51Z
UHm8DH8H9nY,Ugyf8S3mFW238SneDPx4AaABAg,@다인고고장구증평아리,"2주된 까꿍까꿍 재미진 우리언니들
이제는 광대도 칠수있어요 ㅎㅎ",3,2022-09-25T12:53:06Z
UHm8DH8H9nY,UgzlTa3cGubGOmih4zx4AaABAg,@감자가싹이나서양파,화창한가을날씨에삐약삐약흥겹네요~~^👏👏👏👏👏,3,2022-09-25T13:35:35Z
UHm8DH8H9nY,Ugxx1K-Vrq-LIyGeIqd4AaABAg,@연꽃향기-z4h,예쁜님들의 멋진공연 최곱니다~^^♡,2,2022-09-27T04:01:30Z
UHm8DH8H9nY,UgxC8sR5ShUSdlUr26Z4AaABAg,@가수조민서,광대~~작품이 와~최고~최고십니다~~,1,2022-10-17T23:24:32Z
cCNVnvD-EPw,UgxKfDf4cC_0ayZsict4AaABAg,@콩코드천안,양반이지만 좀더 적극적인 충북인이 됩시다. 화팅!,0,2019-11-20T11:58:37Z
tgUFm1Dtb8g,Ugz_lu3BWyt2Jfx-5nt4AaABAg,@임유정-d9e,마쓰터 박! 최고 최고 신나요 핫팅~~,2,2022-02-21T00:51:42Z
tgUFm1Dtb8g,Ugz0SpA9R2svZsNBlUt4AaABAg,@해바쭈,가운데 산타분 절도 넘치시네요 멋져요 시선 강탈이네요👏👏👏 합도 잘맞고 멋진 공연 잘보고 갑니다👍,1,2021-12-21T23:49:59Z
tgUFm1Dtb8g,UgxrWHE4l-hv_PylZCt4AaABAg,@연꽃향기-z4h,👏👏👏👏👏증평 다인장구 화이팅입니다😘,2,2021-12-18T10:55:22Z
tgUFm1Dtb8g,UgwpiEZSj105BTocT-h4AaABAg,@임유정-d9e,즐건싼타 우매 신남니다 파이팅  !,2,2021-12-18T07:14:01Z
tgUFm1Dtb8g,Ugx_AJTc3poH98JvKMN4AaABAg,@BKP-y4v,산타할비 멋져요~~,2,2021-12-18T07:12:40Z
tgUFm1Dtb8g,UgwU9VtEN5qnQI2rWvd4AaABAg,@미쓰터박,"산타와 멋진언니오빠
멋진인생 브라보
구독 쪼아요
뿅뿅",2,2021-12-18T07:03:43Z
tgUFm1Dtb8g,UgyKV7ftk3VBGj9NcEp4AaABAg,@감자가싹이나서양파,💢💯~~짝짝짝,1,2021-12-18T23:12:40Z
tgUFm1Dtb8g,UgysMRRifRRgXirRutJ4AaABAg,@상규박-k7s,울 성님    연말에    싼타  컨셉이  딱이구먼유    ^^      THUMS UP   !!,2,2021-12-18T07:07:36Z
tgUFm1Dtb8g,Ugw89DuYFOG76f1RY6d4AaABAg,@다인고고장구증평아리,"불같이 뜨거운열정~^^
내인생은 나의것 진정 즐길줄아는 
당신이 챔피언👍",2,2021-12-18T06:56:34Z
tgUFm1Dtb8g,Ugy7OG0B3Iw6RRgcA_V4AaABAg,@sjh800819,"미스터빡~~님   최공최공
멋져부러요~~신나신나~~룰루랄라  앗싸~~",1,2021-12-21T10:13:28Z
tgUFm1Dtb8g,UgwjcFYqJ_SlLSqbwqF4AaABAg,@임유정-d9e,재란씨 화이팅!  짱짱이에요,1,2021-12-18T07:17:07Z
tgUFm1Dtb8g,UgylCXAb0M5K28ADl9J4AaABAg,@mys-r2s,"배움의 열정이 느껴집니다
멋지세요!! 최고!!",1,2021-12-18T08:27:54Z
B_5WgW6KimU,UgxCCbz0HmAIAltUtBt4AaABAg,@bjk-rw3xj,잘 했어요,1,2020-10-30T12:58:00Z
1_wZfO8_o48,UgxpOZiroulIsmWYWE14AaABAg,@가수허산언약.내여자,오대성 가수님 언제들어도  잘한다는 생각입니다   최고에 가수십니다   👍 👍 👍 👍 👍 👍 👍,2,2022-08-25T10:57:42Z
1_wZfO8_o48,UgzfKng-fDl6RgjcJ7B4AaABAg,@로또진,"오대성가수님 엄마의계급장 최고최고👍👍
국민가요로 큰행운을 잡고 대박나시길 기도합니다🙏🙏🙏",3,2022-08-14T12:03:59Z
1_wZfO8_o48,Ugy4B6-e759m94Yrv8t4AaABAg,@domEnt.,오대성  가수님   응원할께요   구독좋아요   꾸욱   누르고   함께  응원하겠습니다,2,2022-09-06T15:34:04Z
1_wZfO8_o48,UgxPPfbVGgsst-GjXdB4AaABAg,@가수정애,승승장구하시길 기원합니다,3,2022-08-05T01:56:45Z
1_wZfO8_o48,UgwS1iK-PmHFtMam9kJ4AaABAg,@채원작가,반갑습니다 응원드려요 💫💐👍👍,2,2022-08-24T23:35:30Z
1_wZfO8_o48,Ugzo6c4--pr0DVNawVF4AaABAg,@yumitv9304,오대성님 반갑습니다 영상즐청하고 갑니다,1,2022-09-14T07:35:16Z
1_wZfO8_o48,Ugw_nY-Tv2AwnT87UVV4AaABAg,@가수문희주,"오 대성 님
엄마의 계급장
참 좋은 노래
대박 👍입니다 
최고 👍최고",1,2022-10-18T11:55:57Z
VBfiUPbOQo8,UgxkTl3e2w-ytWGpEO94AaABAg,@yssy1208,빨간테슬라😢,4,2024-07-27T01:07:44Z
VBfiUPbOQo8,UgzuT5ZvBvhzfhvsUWt4AaABAg,@ysk3309,대구가심하다하죠!,6,2021-08-23T12:26:32Z
VBfiUPbOQo8,Ugz5xH2KfZadffXenpN4AaABAg,@stram5082,ㅋㅋㅋ 오전 9시나 10시 출근해서  합주 좀 하다가 그마저도 지휘자가 스캐줄상 안하면 개인 연습하다가 12시땡 하면 밥먹고 1시쯤 설렁설렁 들어와서 앉아있다가 개인용무도좀 보고 여자들은 아이들 초등학교 픽업도 가고 ㅋㅋㅋ 그러다 3시나 4시에 퇴근 찍고 가는게 다반사임 그러다 초중고 방과후 가서 수업하고 돈벌고 저녁엔 레슨이나 하는게 일반적임 ㅋㅋ 아직도 80년대 대학다녀서 졸업후 빨대 잘 꽂아서 해처먹는 사람 많은게 문제임,8,2022-09-09T04:18:38Z
VBfiUPbOQo8,UgxkPYJBOo6xHDIbJVd4AaABAg,@재균오-j1d,"공무원은 아닌듯....
주민자치시대에 공무원이면 주민에게 이로워야하는데 자기네 입맛대로 한다면 꿀만 먹겠다는 심보가 보임.",0,2024-08-29T08:09:08Z
VBfiUPbOQo8,UgyOdaxW-OBO1MfjbUp4AaABAg,@김대호-s2g,"시립 도립 모던 예술인들 빡세게 돌려야 할것이다.
시립  도립 예술인들(조선음악 서양음악)모두 외부수업은 절대 금지 시켜야 할것이다.
우리와 같이 직장없는 예술강사는 수업할 일자리가 없다.",2,2023-05-27T10:04:11Z
VBfiUPbOQo8,Ugw8KoYBiueFRWUoAzZ4AaABAg,@까꿍하버지슬,진현이가 햬결이다!!!!,0,2023-05-01T15:06:18Z
VBfiUPbOQo8,UgyLQZ8wcgo5MxbQGIx4AaABAg,@DelawJOO,포항뿐 아니라 전국 지자체 예술단 전체가 썩었어요~,9,2021-06-23T05:47:53Z
VBfiUPbOQo8,UgxWV45wFci_Qivq76d4AaABAg,@ililiiliiililiili,시립예술단 폐지가답이다 저런 딴따라들 뭐하러 돈주고 부려,3,2023-10-07T11:48:27Z
TG1REOVSiPY,UgxPDpGwqFPJWjLWnHp4AaABAg,@MARU-ho5pu,잘 보고 갑니다 ^^,0,2022-11-26T05:04:40Z
gKDOedVK0Z4,UgweAj3U0057odoOvb54AaABAg,@EvanCarmichael,Put a #Believe in the comments if you're excited for this video and we might feature you in one of our next intros!,14,2026-07-03T03:37:16Z
gKDOedVK0Z4,UgyfEg0KW8geB_FPnqB4AaABAg,@richardmaxwell-c1e,"Reading “The Manifestation Code” by Alexander Pierce was a breakthrough moment. I realized that true success doesn’t come from burnout or constant busyness, but from strategic alignment, a clear sense of purpose, and letting go of limiting beliefs.",1,2026-07-07T21:13:46Z
gKDOedVK0Z4,UgyZxkrWMk92IW9UOF54AaABAg,@homemadeworkout99,"If you're building a reading list around discipline, mindset, and self-improvement, Fortune Beyond Resistance by Ellias Davidson deserves a place on it. The early chapters focus on recognizing the internal barriers that quietly influence decisions, while later sections emphasize responsibility and consistent effort instead of waiting for inspiration. It's less about dramatic life changes and more about the cumulative effect of small daily actions. That's what makes it an interesting read and definitely worth checking out.",0,2026-07-07T21:22:33Z
gKDOedVK0Z4,UgyiM8V5JnajtJ-6LhJ4AaABAg,@eugenmoise3090,#believe! Thank you very much master Evan!🤩☀️👍,0,2026-07-07T08:26:42Z
gKDOedVK0Z4,Ugy6t4rmDhg3jAV7njl4AaABAg,@JacquelineWalter-j1j,"I’m a retired Canadian teacher who live in Chicago. I started investing and trading a week ago.  I started with 3k, now I’m over $13,800 It's a great start for me with crypto and stocks market investment. Thank you for your great video",13,2026-07-07T15:52:23Z
gKDOedVK0Z4,UgzQhuoBJROQ7HGi9pB4AaABAg,@fahd_fo6691,"If you appreciate books that encourage reflection instead of relying on motivational clichés, Fortune Beyond Resistance by Ellias Davidson is worth considering. One of the recurring themes is that real progress begins when people stop blaming circumstances and start focusing on the choices they can control. Throughout the book, discipline is presented as an act of self-respect rather than self-punishment, making its approach feel grounded and practical. It's absolutely worth checking out.",0,2026-07-07T21:22:34Z
gKDOedVK0Z4,Ugy2c1WKqCIiZqia5uh4AaABAg,@SanxSax,"If you're looking for a book that explores success from a different perspective, Fortune Beyond Resistance by Ellias Davidson is worth adding to your reading list. One of the first ideas the book introduces is that the biggest obstacle to progress usually isn't a lack of talent or opportunity—it's the internal resistance that quietly pushes people toward comfort instead of growth. From there, it builds on themes like discipline, responsibility, and consistent action, showing how small daily decisions shape long-term results. Rather than chasing motivation, the book argues that meaningful change comes from building habits that continue even when motivation fades. If those are the kinds of ideas you're interested in, it's definitely worth checking out.",0,2026-07-07T21:22:28Z
gKDOedVK0Z4,UgxM4kJ7M5FoZQ09-zJ4AaABAg,@khansirpatna7602,"If you're searching for a book that goes beyond surface-level motivation, Fortune Beyond Resistance by Ellias Davidson offers an interesting perspective. One of its central messages is that resistance isn't always obvious—it often appears as hesitation, excuses, or choosing comfort over progress. The book then develops the idea that discipline isn't punishment but a tool that creates freedom over time. For readers interested in mindset, habits, and steady personal growth, it's certainly worth checking out.",0,2026-07-07T14:20:52Z
gKDOedVK0Z4,UgxPWzk-89o0Kd40JTx4AaABAg,@محمدالصادقعليحسين-ط1ث,"Thank you, I'm following you from the Middle East, Iraq. I aspire to become a millionaire.",0,2026-07-07T09:33:45Z
gKDOedVK0Z4,Ugz5CAZmNuEiP05zTyt4AaABAg,@RoxasBiancaSophia,"The internet is not the problem, it's how we use it. Learning is not enough if we're too afraid to take risks and put ourselves out there.

Do you think people fail more because they don't have the skills or because they're too afraid to take the first step?",0,2026-07-08T18:58:01Z
gKDOedVK0Z4,UgzWvMwADXqhvpVzlsZ4AaABAg,@annakosowka6475,Believe,0,2026-07-09T06:04:49Z
gKDOedVK0Z4,Ugw2ZRZfTl8Prmk9RQN4AaABAg,@naveenaha2102,Believe from India,0,2026-07-08T04:58:47Z
gKDOedVK0Z4,UgxsLMTLxZkRQxacBDJ4AaABAg,@TaulantTaragjini,Belive besoj,0,2026-07-07T12:08:04Z
gKDOedVK0Z4,UgyB4HvfHK_B91Pd6tt4AaABAg,@Animeshort-0177,Move Teller ? No information about  business,0,2026-07-07T13:59:27Z
gKDOedVK0Z4,Ugxv1dDQB3Ano5MKMkZ4AaABAg,@imassuryati8471,Menurut ku pribadi untuk sukses dan menhasil kan uang tidak punya modal uang modal dasar nya niat konsisten untuk dapat kan duit modal otak dan modal dengkul itu pasti berjalan otak untuk berpikir jika kita mau berusaha pasti berhasil punya kemampuan skil dan menguasai produk yg kita jual kita tidak mungkin jual kucing dalam karung harus tahu dulu kuasai dulu yg barang kita mau jual jika bisa kita bisa marketing modal dasar karena memperdoksi lebih mudah tidak semua orang bisa menjual menjadi marketing yg handal karena memprdoksi lebih mudah apa lagi meniru yg sulit itu yg harus itu untuma gimana cara menjual itu yg utama itu menurut pribadi jika hanya jual citra saja tidak akan lama jika kita menjual citra dan punya tahu yg kita jual dan tidak mudah ditiru itu lah yg punya jati diri sebagai icon prodok itu lah jual citra yg benar karena membangun mudah yg sulit itu mempertahankan nya,0,2026-07-07T23:58:19Z
gKDOedVK0Z4,UgyaDz4XEwq2mbTSulV4AaABAg,@deepaktag9644,❤🇮🇳,0,2026-07-08T04:27:28Z
gKDOedVK0Z4,Ugwo_Cv80c6hntdwg194AaABAg,@AlejandroTapias-w6x,I got scammed bruh,7,2026-07-01T02:39:13Z
gKDOedVK0Z4,Ugw7spLKvdzMJHs7Byh4AaABAg,@MDMUNNA-d8o9n,Your good discussed,3,2026-07-02T00:32:51Z
gKDOedVK0Z4,Ugz-g7kL4VzHCzVtE1Z4AaABAg,@flo_de_ro,#Believe,0,2026-07-07T07:20:12Z
gKDOedVK0Z4,UgzQGxokGCEeuJdxzl94AaABAg,@RamanSuhjarawoy,😅😅😅😅,0,2026-07-10T01:31:10Z
gKDOedVK0Z4,UgwEQzazyXo9U6zVVeN4AaABAg,@funkmovie6030,Latest movie : https://youtu.be/hIsP5XpjKDQ?si=Qy_-UxkGTHErGy7c,0,2026-07-07T13:35:46Z
gKDOedVK0Z4,Ugwk9gH6E6lGMlgOvPp4AaABAg,@dmitriypetrov4086,"BRO where was this book when i was 18. Smart Broke Dumb Rich by Zor Veyl. school taught me how to write a resume and then shoved me out the door like that was enough. not ONE teacher ever explained how interest works, or debt, or what owning something does for you vs renting your whole life away. leverage? didnt even know the word til i read this. and all of it runs your future whether you understand it or not. youre playing a game nobody gave you the rules to and then they act shocked when you lose. read the first few chapters and just felt this slow burn like wait, was this kept from me on purpose. anyway read it.",75,2026-07-08T12:44:48Z
gKDOedVK0Z4,UgyKnDh4kd2AGSDwWZB4AaABAg,@Ble1994,Fc . Thailand,0,2026-07-07T07:29:55Z
gKDOedVK0Z4,Ugx-wrfJVUeUcLTau1d4AaABAg,@Kismayo3D,#Believe,0,2026-07-07T14:14:17Z
gKDOedVK0Z4,UgzF6X7bMf40tb6ZvpZ4AaABAg,@MTEASMR_LKczy,#Believe,0,2026-07-07T15:53:40Z
0RS3DwVTAyE,UgzTeA-qEI4c8SQSVYl4AaABAg,@EvanCarmichael,Put a #Believe in the comments if you're excited for this video and we might feature you in one of our next intros!,3,2026-07-07T15:17:03Z
0RS3DwVTAyE,UgxKtK009dfix3CDdAt4AaABAg,@marnyhow710,This is by far my favourite video made by Evan. It would be great to see you do a video on frugal living and minimalism,0,2026-07-08T18:37:24Z
0RS3DwVTAyE,Ugwigu3LASTtoW8ICWJ4AaABAg,@RoxasBiancaSophia,"As a fresh graduate, I've been told my whole life that the first thing I should do is find a job, work hard, and save money. Hearing this kind of perspective on building wealth through leverage really made me question some of the things we've been taught. It doesn't mean getting a job is the wrong path, but i do think financial education should be just as important. I wish schools spent time teaching us how money actually works, not just how to earn it.

I'm curious though, what's one money lesson should every person in their 20s should learn?",1,2026-07-08T18:10:44Z
0RS3DwVTAyE,Ugzqsw0M8RFb0XsPV_N4AaABAg,@นายของเงิน,ขอบคุณสำหรับเนื้อหาดีๆครับ,1,2026-07-08T10:01:31Z
0RS3DwVTAyE,UgwUei4-mPUHqHzbuz94AaABAg,@NathanCormack-f3t,"What’s truly crazy is, once you read “The Manifestation Code” by Alexander Pierce you realize how blinded you were, but it’s never too late. That book has some serious knowledge",1,2026-07-09T18:55:27Z
0RS3DwVTAyE,UgwXlMVSMbNQXDKutWB4AaABAg,@Lady_Mersin,This is exactly what I needed right now! Thank you,2,2026-07-08T07:33:21Z
0RS3DwVTAyE,UgwUNDhF3g0Spj12JiR4AaABAg,@THEANHTV_76,Nice,0,2026-07-08T07:20:52Z
0RS3DwVTAyE,UgwWazA6GSznbJStYut4AaABAg,@jocae86,#believe,0,2026-07-08T16:16:11Z
0RS3DwVTAyE,Ugyh2C1pzTkLDGdZ4Qd4AaABAg,@tranphilongqn,#Believe,0,2026-07-08T09:41:11Z
0RS3DwVTAyE,Ugx2QOpfFzrk0300JHF4AaABAg,@beautyboss77,🎀,0,2026-07-08T07:38:03Z
0RS3DwVTAyE,UgzfxD9EYZEFouoPJiV4AaABAg,@alexwealth32,Hi🎉🎉,1,2026-07-06T00:21:24Z
0RS3DwVTAyE,UgzICThGm6PTjIWiJRx4AaABAg,@KALISTENIK23,Wao,4,2026-07-05T00:22:04Z
0RS3DwVTAyE,UgxLO5YYWmiMutbI5I54AaABAg,@Bhojpuriya_Raja220M,❤❤🎉🎉🎉🎉,0,2026-07-08T11:37:46Z
0RS3DwVTAyE,UgzuZrADqUeDVem49Qx4AaABAg,@Bhojpuriya_Raja220M,❤❤❤❤😂🎉🎉 report maar do video minions mein pahuncha do❤❤🎉🎉🎉,0,2026-07-08T11:38:32Z
0RS3DwVTAyE,UgxPqWqqGzudH3oOxPF4AaABAg,@MirtaRojas-w7o,Yosoydediosniseñoramen,1,2026-07-07T02:02:12Z
jSUt8Ekt990,UgybysizKQh2wYOaKM54AaABAg,@kimmccabe1422,"Fast moving, good plot, perfect! More British mysteries pretty please❤",4,2025-03-21T05:48:34Z
jSUt8Ekt990,UgwCeHxYenoAqu7NWC94AaABAg,@mariameere5807,Thanks and blessings from London ❤,2,2025-03-22T20:36:04Z
jSUt8Ekt990,UgxPtQBIhXsIqrWVrZR4AaABAg,@collettecouse573,Thank you 😊,1,2025-03-23T00:36:01Z
jSUt8Ekt990,UgyxanA1vrRvcZHPh8d4AaABAg,@StorytimeHavenOfficial,"🎧 Enjoying the audiobook? 👍 Please like, share, subscribe and comment! 📖✨",1,2025-03-18T19:49:10Z
jSUt8Ekt990,UgwvCK1QSI_Wmco11aV4AaABAg,@BobShelleyComicMagician,😮.               CT,1,2025-03-20T18:56:11Z
jSUt8Ekt990,UgxK5EXeGLjIrbqdYFh4AaABAg,@Mraoqas,.third,2,2025-03-21T02:09:06Z
7NzzbOBp_W8,Ugz-CtqwDkmc2uiYTVV4AaABAg,@유영미-v6v,이 노래 들으면 눈물나는데 ㅎㅎ,0,2020-03-25T22:54:59Z
cqdIgBiTyj0,Ugwcbk8DmZmjIQBpEjF4AaABAg,@공영tv,"익숙한 곡들이네요~~ㅎ
잘듣고 갑니다~~
자경님 많이 사랑합니다~♡",1,2020-04-05T06:06:57Z
cqdIgBiTyj0,UgzZmEd3YtADC5K2CIh4AaABAg,@윤솔-b7x,너무 멋져요...마치 무대 위의 주인공...최고에요 정말,1,2020-03-30T05:32:43Z
cqdIgBiTyj0,Ugw2L2wXgMk5bGipAax4AaABAg,@jieunmoon4441,"4:30 박수 멈추니 세상 흡족하심 ^○^
5:10 알아서 박수 멈춤 ^_^v",1,2020-03-06T17:15:42Z
cqdIgBiTyj0,UgzHw2yRz858XpNYi0Z4AaABAg,@ynchi,지휘자님을 알게된것이 얼마안되었지만  정말 제 음악의 길에서 본받고싶은 분이 되었습니다 감사합니다ㅎㅎ 존경합니다 지휘자님❤ 피아노도 정말 잘치시고 너무 멋지십니다,1,2020-04-11T09:19:13Z
akA2swM5m5M,Ugwmpy_fSmLcJuTeGM54AaABAg,@Yuntoll11,"SNS토탈사커!!(SNS*Totalsacker):내SNS를 통채로 자루에 쓸어담는 사람!!내채널아트SNS
윤희강(Yuntoll):내가 만들고 편집하고 활동하는 SNS활동:YuntollKlassiktv페이지(♥131)
페이스북페친(2395명)/페이스북팔로워(805명)/인스타그램*내팔로우(0명)팔로워(718명)
트위터팔로잉(267명)팔로워(783명)/NAVER블로그이웃(1285명)/카카오스토리-친구(301명)",2,2022-04-24T12:26:23Z
akA2swM5m5M,UgwIeh-BWbMc3rcQMwN4AaABAg,@Yuntoll11,"Johannes Brahms *Triumphlied Op.55 für Bariton, Chor und Orkester",1,2021-05-05T08:30:32Z
akA2swM5m5M,UgxDriyz4rOrLq4o1u54AaABAg,@Yuntoll11,"윤희강Yuntoll*브랜드채널:클래식동영상(현:184개)&HIEKANG YUN(현재:34개):일반채널
교향곡.협주곡.서곡.행진곡.합창음악.실내악소품.Volksklassik등 다양함 *다른 클래식음악
유튜버들과 완전 차별화!!(잘 알려지지않은 명곡발굴 전문/해설과 평론)※일반명곡도 올림!!
비영리/비수익활동/클래식음악 초심자도 시청 가능하고 전문가급수준 시청자에 중점을 둠",1,2022-06-25T13:09:20Z
akA2swM5m5M,Ugy0JZRQtbg9se8qe1t4AaABAg,@Yuntoll11,"Erste Teil-Hallelujah! Heil und Preis (1부: 할렐루야! 성스러운 찬양)
Zweite Teil-Lobet unsern Gott(2부: 우리들의 하나님을 찬송하여라)
Dritte Teil-Lebhabt Etwas lebhafter Feierlich(3부: 활기차고 장엄한 축제)",2,2021-05-05T08:44:24Z
akA2swM5m5M,UgyIs9BSoxBFvyK3t594AaABAg,@Yuntoll11,"윤희강Yuntoll*브랜드채널:클래식동영상(현재:184개)&HIEKANG YUN(현재:34개):일반채널
교향곡.협주곡.서곡.행진곡.합창음악.실내악소품.Volksklassik등 다양함 *다른 클래식음악
유튜버들과 완전 차별화!!(잘 알려지지 않은 명곡발굴 전문/해설과 비평)※일반명곡도 올림!
그린어린이-로고클릭*홈/동영상/재생목록/채널/정보 동영상전체보기※채널아트-SNS(5개)
윤희강Yuntoll(YuntollKlassiktv):브랜드채널(구독자277)&HIEKANG YUN(일반채널):구독자58",1,2022-04-24T12:26:41Z
akA2swM5m5M,UgypcdDly6U_IM7xi314AaABAg,@Yuntoll11,"녹색어린이 로고클릭/홈/동영상(85개 업로드영상 전체보기)*음악시청
유튜브키워드 ""Yuntoll"" 타이틀표제 *YuntollKlassikTV 포함※명곡감동!!
클래식음악 업로드(총85개)/퍼온동영상(5000개이상*음악주제별 편집)
윤희강Yuntoll(YuntollKlassikTV):Klassik.Volksmusik.Dokumentary.usw...",1,2021-12-07T15:51:52Z
akA2swM5m5M,UgwgDJWZCxR8O2UvV1Z4AaABAg,@Yuntoll11,"Johannes Brahms *Triumphlied Op.55 für Bariton, Chor und Orkester",2,2021-05-05T08:44:40Z
gcAo90MYMiY,UgyWq3TftqRE6rHI6dh4AaABAg,@kiduklim5781,쇼츠까지 나와서 좋네요~~~,2,2023-03-03T01:53:18Z
KEGNXLYdRUM,UgjeXghQtVvOpHgCoAEC,@suzannedoyon5067,"Si un jour vous venez au Québec (Canada),j'espère pouvoir aller vous voir.",0,2017-01-29T02:48:48Z
JXbDnTlvWiI,UgwTWMqt3raAqeBQtb94AaABAg,@뉴진스할배,have a wonderful weekend.,1,2019-03-08T09:34:25Z
JXbDnTlvWiI,UgxQOFDZYeliU0GL6YB4AaABAg,@허봉무-w6u,"현정님, 잘 듣고 갑니다. 감사합니다.^^",1,2019-03-08T10:33:33Z
fH7k_TE3nWg,UgjFe-fIzF5vcngCoAEC,@JamesMichaelStevens,"Very beautiful performance of the Schumann!
Love your playing",3,2015-02-16T14:13:05Z
fH7k_TE3nWg,UghAjfCfP9xPm3gCoAEC,@황혜숙-c2n,아름답고감동적인연주를하십니다ᆞ많이힐링이돕니다ᆞ감사합니다♡♡,2,2016-06-30T14:04:37Z
4smcwZx2y6M,UgxVCtdHVGZXEzMcxsd4AaABAg,@김양희-i1s,"지휘, 반주, 합장 완벽한 삼박자 . 잘 들었습니다❤",0,2024-03-10T23:07:03Z
S1V4jHINbMU,Ugx_4hHXH0LNWxaUkg54AaABAg,@stage6808,"https://music.youtube.com/watch?v=nphhnjhqQT0&feature=share
무대의상스테이지",0,2021-05-22T20:48:06Z
Tr_Jcf7voaU,UgzATfucssVtEn-UPKp4AaABAg,@긍정유저,452년 전이면 우리나라는 임진왜란 언저리 인데 대단하네 ㄷㄷ,23,2022-11-28T10:32:21Z
Tr_Jcf7voaU,Ugxy5zP3TlI5S4M5-HZ4AaABAg,@gracejoy9389,브람스 교향곡 전곡이라니!!! 우와~,3,2022-11-29T04:37:56Z
Tr_Jcf7voaU,UgwHeEXMQDQrnaKFrkN4AaABAg,@jeanwinner8862,어후 2번3번 들으러 갔는데 어찌나 사운드가 좋던지 1번 안 들어간 게 후회막심,1,2022-12-30T05:13:04Z
Tr_Jcf7voaU,UgzYJeRallUtJ_tty7N4AaABAg,@PulsodeLTM,바렌보임은……..,0,2022-11-30T08:51:07Z
Tr_Jcf7voaU,UgyemPaBrYcykKRW3vp4AaABAg,@seifuddinnakasthoev5781,종교가 없다!  영원무궁토록 신은 없다!  알라도 없고 예언자 무하마드도 없습니다!,1,2022-11-27T22:46:46Z
v6C1dhkmEzs,UgyBihk8rvkUck5H_s94AaABAg,@jisookseo816,"어제 공연 너무 좋았습니다 
저도 공연을 다시보고 싶은데
언제쯤 볼 수 있을까요😊",1,2023-11-10T10:15:25Z
v6C1dhkmEzs,UgxBMp5JqlvMSaGLohB4AaABAg,@야키소바빵-p5v,"어제 공연 너무 좋았어요
다시 보고싶은데 혹시 영상은 안올라오나요??",1,2023-11-10T08:31:55Z
v6C1dhkmEzs,UgwswJqZ8-WSRirW1WN4AaABAg,@HarmonyS252,"지휘자님 덕에 너무 재미있게 관람했어요

3악장 들어가기전 사람들 참고있던 기침 부스럭거리는 소리들 싹 하고 들을준비하던게 너무 기억에남음",2,2023-11-09T14:28:09Z
trKwlEOh7F0,Ugy5MsmavjS6dvJKOf54AaABAg,@jdj0722,멋진 연주 잘 보았습니다. 그런데 전체 샷에서 음악과 동작의 싱크가 맞지 않네요...ㅠㅠ,1,2022-02-20T11:28:51Z
