video_id,comment_id,author,text,like_count,published_at
1MtpJGbyXTI,UgxLxqotbsx298VcpJZ4AaABAg,@자구이-c4d,차승원도 이건 얼탱이 없겠다,5380,2025-10-20T04:22:36Z
1MtpJGbyXTI,Ugycu5wSc7y9MrBDoAB4AaABAg,@찌배-f6e,안할게요 하면서 손 흔드는거 진짜 정신나갈거 같네 ㅋㅋㅋㅋㅋ,2867,2025-10-16T11:02:08Z
1MtpJGbyXTI,Ugyynl4MaQBBVk1xM9N4AaABAg,@보리-c1f,차승원씨 고소하세요 ㅋㅋㅋㅋㅋㅋㅋㅋㅋㅋㅋㅋㅋㅋㅋ,7903,2025-09-21T07:21:11Z
1MtpJGbyXTI,UgzPoZUZBGqQrk0r9n14AaABAg,@텐베거-w2h,이건 차승원이 ㅈㄴ패도 할말없다.진짜 나였으면 개빡쳤을듯 ㅋㅋㅋㅋㅋㅋ,704,2026-03-13T00:31:16Z
1MtpJGbyXTI,Ugzck8xn7FmdpgjrMmt4AaABAg,@dripthebeat_789,사탄 들린거 맞네ㅋㅋㅋㅋㅋㅋㅋㅋㅋ,32094,2025-09-19T11:28:58Z
1MtpJGbyXTI,Ugyq4KJwQZXs9QhVmFp4AaABAg,@jwh6780,유튜브 진입장벽 진짜 개높네 ㅋㅋㅋㅋㅋㅋㅋㅋㅋㅋ,1389,2025-09-23T03:22:28Z
1MtpJGbyXTI,UgzwbBxypaC-cch-z1N4AaABAg,@심재웅-g2f,가뜩이나 잘하는데 기세까지 장착 ㅋㅋㅋㅋㅋ,26271,2025-09-19T10:34:30Z
1MtpJGbyXTI,UgxJrExIp8XayWgPhsl4AaABAg,@디텍티브멀더,부활하자마자 서영락대리ㅋㅋㅋㅋㅋㅋ,493,2025-09-22T10:50:43Z
1MtpJGbyXTI,UgyRYEIVi3iqA4eyx_J4AaABAg,@AngMozziLee,재율이 또 혼나겠네 ㅋㅋ,4927,2025-09-19T15:45:59Z
1MtpJGbyXTI,UgxyTtY0WjvINuAROHR4AaABAg,@Sjjae,연예인중에 개그맨이 가장 재능이 뛰어난듯,345,2025-09-22T11:50:21Z
1MtpJGbyXTI,Ugy-8DCo-4_D6ycJuoF4AaABAg,@gonggoo2436,진짜 미친놈인가ㅋㅋㅋㅋㅋㅋㅋ  개그맨 진입장벽 개높넼ㅋㅋㅋㅋ,7408,2025-09-21T14:39:20Z
1MtpJGbyXTI,UgzQC0u5BPfsAWZUc4J4AaABAg,@job5872,진짜 개그맨놈들 화나게 하지마라 ㅋㅋㅋㅋㅋㅋㅋㅋㅋㅋㅋㅋㅋㅋㅋㅋㅋㅋㅋㅋㅋㅋㅋㅋㅋㅋㅋㅋㅋㅋㅋㅋㅋㅋㅋㅋㅋㅋㅋㅋㅋㅋㅋㅋㅋㅋㅋㅋㅋ돌림도 예술이네 ㅋㅋㅋㅋㅋㅋㅋㅋㅋㅋㅋ,284,2025-10-02T11:29:46Z
1MtpJGbyXTI,UgxvynfJp353__NrwTB4AaABAg,@하은오-p7w,화가 많이 나죠오오 허허허허허허허허허허허허허허허허,8993,2025-09-19T10:21:15Z
1MtpJGbyXTI,UgzwS8SYfUMkGZRMOfZ4AaABAg,@전설의유니콘,입술 요망하게 움직이는거 진짜 얄미워 ㅋㅋㅋㅋ,103,2025-09-22T14:59:58Z
1MtpJGbyXTI,UgxZ2YP6AY6-mAz_DUl4AaABAg,@갑자기애보는사람,진짜... 개그맨놈들이 제일 무섭다,16329,2025-09-19T10:58:33Z
1MtpJGbyXTI,UgyMYg5v0ghlhCnL1j14AaABAg,@seemonkey_92,"진짜 차승원씨
화가 많이 나시겠다.. ㅋㅋㅋㅋㅋ",139,2025-09-22T12:07:45Z
1MtpJGbyXTI,Ugy1RLHBaBUokJ_sBtB4AaABAg,@디도_오오,"눈 부릅뜨고 있는 줄 알았더니
아이라이너엿네 시밬ㅋㅋㄱㅋㄱㅋㄱㅋㄱㅋ",8410,2025-09-19T12:43:41Z
1MtpJGbyXTI,UgzbCgkG5VeyzL9IR3F4AaABAg,@KaiJoon,퉁퉁퉁퉁퉁서영락은 10.........ㅋㅋㅋㅋㅋㅋㅋㅋㅋㅋㅋㅋㅋㅋㅋㅋㅋㅋㅋㅋㅋㅋㅋㅋㅋㅋㅋㅋㅋㅋㅋㅋㅋㅋㅋㅋㅋㅋㅋㅋㅋㅋㅋㅋㅋㅋㅋㅋㅋㅋㅋㅋㅋㅋㅋㅋㅋㅋㅋㅋㅋㅋㅋㅋㅋㅋㅋㅋㅋㅋㅋㅋㅋㅋㅋ미쳤냐고 진짴ㅋㅋㅋㅋㅋㅋㅋㅋㅋㅋㅋㅋㅋㅋㅋㅋㅋㅋㅋㅋㅋ,30,2025-11-25T22:04:40Z
1MtpJGbyXTI,UgzZsP73PTloffSygEh4AaABAg,@염바리,진짜 피지컬로 웃겼닼ㅋㅋㅋㅋㅋㅋㅋㅋㅋㅋㅋㅋ,5760,2025-09-19T11:08:47Z
1MtpJGbyXTI,UgyFtNu7D-THSXY7g0l4AaABAg,@jinrockgoon,그냥 목소리랑 말투가 차승원이랑 95%임 ㅋㅋ,76,2025-11-23T07:37:03Z
1MtpJGbyXTI,UgxKFQt0S1HtHsC-RoB4AaABAg,@양이go,서영락랄로 서영락라ㅋㅋㅋㅋㅋㅋㅋㅋㅋㅋ,7513,2025-09-19T12:11:06Z
1MtpJGbyXTI,UgydXYI9xm_pkgY4MeB4AaABAg,@별이별바라기,아 미친 캐릭터는 어디서 나타난거야 ㅋㅋㅋㅋㅋ 아무 생각없이 보다가 기절하게 웃었네 ㅋㅋㅋㅋ,43,2025-09-23T13:27:12Z
1MtpJGbyXTI,Ugz4cSW_Pu5uNocUTNl4AaABAg,@graspthesituation,ㅋㅋㅋㅋㅋㅋㅋㅋㅋ도랏ㅋㅋㅋㅋㅋㅋㅋㅋㅋㅋㅋㅋㅋㅋㅋㅋㅋ그라데이션으로 변신하는거 존웃ㅋㅋㅋㅋㅋㅋㅋㅋㅋㅋㅋㅋㅋㅋㅋ,3767,2025-09-21T13:11:34Z
1MtpJGbyXTI,Ugwg11d5LA8_ET0c3WJ4AaABAg,@늑대-m2o,차승원 형님도 보고 계시겠지 ㅋㅋㅋㅋㅋㅋ,25,2025-10-02T05:37:00Z
1MtpJGbyXTI,UgzEIV3pneM9PJ92rRt4AaABAg,@yunilee6927,차승원 웃음소리할때 너무 똑같음 ㅎㅎㅎㅎㅎㅎㅎㅎ,3070,2025-09-19T13:39:10Z
1MtpJGbyXTI,UgyF_wgSBnf5zW9MgYx4AaABAg,@명품광천김,"서영락레로는 볼때마다 못참고 터지네
개웃기다 진심 ㅋㅋㅋㅋㅋㅋㅋ",67,2025-10-01T08:21:52Z
1MtpJGbyXTI,Ugy87ciBzRpnkxekhY14AaABAg,@뭉치-v1o,내가 차승원이라면 스케쥴이고 나발이고 다 접고 당장 잡는다!ㅋㅋㅋㅋㅋ,642,2025-09-21T00:25:31Z
1MtpJGbyXTI,Ugwb8LTm1YmabrtCYWZ4AaABAg,@홍홍이-q4k,진짜 미친거같앜ㅋㅋㅋㅋㅋㅋㅋㅋㅋ,1264,2025-09-19T15:35:24Z
1MtpJGbyXTI,UgzJ4W2H5lFOJ-ZevGJ4AaABAg,@dhdhb2421,배설 직전의 항문같아서 너무 웃겨요,1714,2025-09-19T15:10:47Z
1MtpJGbyXTI,UgzURYBMtF3T0mv2sYJ4AaABAg,@user-BABOI,진짜 1도 안웃다가 퉁퉁퉁퉁 서영락 기세에 웃어버림 ㅋㅋㅋㄱㄱ,4,2026-05-12T12:50:21Z
zd4-kHhAoPo,UgzHqbOnqAjI5MsYLqB4AaABAg,@user-dq6rl4ssr7f,먹을 것을 달라는게 아니고 먹을 것이 내리기를 기다리는 중입니다,5330,2023-10-31T08:22:38Z
zd4-kHhAoPo,UgzLdNZSHEnrzl0pmvF4AaABAg,@갬성-g8d,"먹이가 안심하고 내릴수있도록
하는 행동입니다.",2029,2023-11-14T01:16:35Z
zd4-kHhAoPo,UgxO_e9_nF8RKji9x1h4AaABAg,@태승-m8q,이놈들 2인조 노상구걸단이구나. 수렵채취 생활보다는 이게 쉽고 짭잘하다는 걸 알게됐어.,823,2023-10-31T07:21:56Z
zd4-kHhAoPo,Ugztolpq0CfTG6YOG7V4AaABAg,@june1nine,"사람들이 지나가며 많이 줘서 학습된 결과임.
똑똑하네요.",1203,2023-11-11T01:59:12Z
zd4-kHhAoPo,Ugy0SBx5uefnv5mn1Yh4AaABAg,@계화-z5g,통행료는 내고가야지,970,2023-10-31T05:59:31Z
zd4-kHhAoPo,Ugxxzv6BFWJzoHFpi3p4AaABAg,@ninzacap,식빵 날려주는줄 알고 기다렸는데….,408,2023-10-31T06:47:35Z
zd4-kHhAoPo,UgzkyDxbsTVgHI_ecm14AaABAg,@qpwoeiruty77,너무 귀여운데 너무 위험해😂,312,2023-11-02T01:32:17Z
zd4-kHhAoPo,UgyRoBkf48A246FxgAF4AaABAg,@yokohamacat,불쌍하다ㅠ 요즘 곰들이 산에 먹을게없어서 ㅠ,347,2023-11-02T07:20:31Z
zd4-kHhAoPo,UgzA1x5oKQlvLuLTqhJ4AaABAg,@신다롱-r4x,한두번 해본게 아닌것 같아요 😂,74,2023-11-01T20:47:53Z
zd4-kHhAoPo,UgyL5zVyuQ7C69iS8k14AaABAg,@온돌방고구마,도시락이 왔는데 열리지 않는 도시락. 애곰들 귀염~~,484,2023-10-31T09:27:41Z
zd4-kHhAoPo,UgxIw9lTATOZ8p9oHvN4AaABAg,@darkangel009001,저 귀여움에 낚이는순간 저승행입니다,95,2023-11-07T05:11:41Z
zd4-kHhAoPo,UgzLRJ27vrmbPmQuN3B4AaABAg,@whysoserious_you,사람이 곰인헝을 만든이유네. 앉아있는 모습이 넘 귀엽다,93,2023-11-04T02:06:14Z
zd4-kHhAoPo,UgyhNziQhK05C-5gg6l4AaABAg,@날씬한슈렉,귀여워서 내리면  밥주는거임,27,2023-11-05T11:41:42Z
zd4-kHhAoPo,Ugxx6dNpwD4XdTM9RUp4AaABAg,@개와고양이의진실,"무상지급 자꾸하면 애들이
취직을 안해요.
너희 본업은 사냥이야.",8,2023-11-20T10:15:34Z
zd4-kHhAoPo,Ugy_zWeYU_Lezc3reL54AaABAg,@Dan-by7ix,"먹을거 주면 안되는거 아냐?
서로를 위해서 말이야",12,2023-11-04T12:38:52Z
zd4-kHhAoPo,Ugw0KbYgiNQrVs2NGRF4AaABAg,@도도맘-b3f,아직 애기네...,74,2023-10-31T06:54:00Z
zd4-kHhAoPo,UgymZFge4jvS_gaEVzZ4AaABAg,@어쩜-f9f,"한마리 매복중ㅎㅎ
재주 부려서 도시락 뚜껑 열리기 기다리는 중",30,2023-11-09T04:44:49Z
zd4-kHhAoPo,UgyV_ZVnfs9JtfKyDit4AaABAg,@빨간망토차차-d3n,"곰 ""여기있으면 뚜껑열린 도시락이 온다고하던데""",83,2023-11-02T10:10:20Z
zd4-kHhAoPo,UgwKoJk93eDVCGN6unJ4AaABAg,@han1378,"곰1: 도시락 배달 시켰는데 음식을 안주더라
곰2: 그러니까 도시락이 상자안에 있는데...",14,2023-10-31T22:00:14Z
zd4-kHhAoPo,Ugzb9CrZ2u8H82HG1C14AaABAg,@성우설현,곰은 귀엽지만 귀여움 혹해서 나가면 개죽음뿐ㅋ,46,2023-10-31T06:56:51Z
zd4-kHhAoPo,UgwN8saLi1IJRxw6fyh4AaABAg,@gumdam31,곰 : 한입만 먹어보면 안되요?,106,2023-10-31T05:12:06Z
zd4-kHhAoPo,Ugy1wXUmuJuk7iVJteN4AaABAg,@반더루스트,"치명적인 귀여움이란 말은 이럴때 쓰는건가?
너무 귀여운데 가까이가면 치명적인",1,2026-06-01T14:36:18Z
zd4-kHhAoPo,UgygEL08S32uG5dex9V4AaABAg,@상기헌터,눈치껏 빵던저 줘야지 ㅋ😂,260,2023-10-31T05:35:46Z
zd4-kHhAoPo,UgwSxVy1lxXdUlOcU254AaABAg,@onezguy,표정을 읽을 수 없어서 더욱 위험한 동물,7,2023-11-11T23:37:43Z
zd4-kHhAoPo,UgwxEZSXI0_544hrqXZ4AaABAg,@노스트라다무스-k5i,"이래서 야생동물한테 먹을거 함부로 주면 안됨
다시 얻어먹을생각에 저러다가 사고날수도있고,사람이 다칠수도있고",9,2023-11-20T13:36:08Z
zd4-kHhAoPo,UgwpKZPXmM47E3SK4914AaABAg,@mogulnpowder,"북미에는 곰이 많습니다. 어렵지 않게
마주치는 일이 있는데요, 먹을 거 주면 절대 안 됩니다. 곰들에게도 사람에게도 안 좋은 일이고, 특히나 먹이를 주다가 적발되면 엄청난 벌금을 내야 합니다.",182,2023-11-14T16:40:11Z
zd4-kHhAoPo,UgzcZHHO1zsSxJnu_DJ4AaABAg,@파라오-z6c,"사람: 엄머...먹이 달라고 재롱 떠는 것 봐..
곰: 어, 저 해피밀세트, 나 보고있는 거 맞지?",8,2023-11-14T15:07:38Z
zd4-kHhAoPo,Ugyhx_pBK_wnTDFBzNZ4AaABAg,@withyou354,양민을 수탈하는 신적이야뭐야 ㅋㅋㅋㅋ,2,2024-01-21T08:23:59Z
zd4-kHhAoPo,UgxSnDnwJPE3uDYuSbh4AaABAg,@G63-o2g,내리다가 구름다리 간다이 ~~^^,13,2023-10-31T06:01:54Z
zd4-kHhAoPo,UgwLFd43FBl2pbCp_Ep4AaABAg,@정민-w9e,곰돌이들아 !! 협박받고 있다면 당근을 흔들어 보세욧,2,2026-02-05T23:38:02Z
91x6R3ABQKk,UgxufYxG1rBou9HTmP94AaABAg,@유채영-e7r,학교 다닐 때부터 있던 주근깨가 잇레티놀 복용하고 이렇게나 깨끗해질 줄 몰랐어요.,20,2025-04-28T02:43:59Z
91x6R3ABQKk,UgyG17gstJ6FaNkrLXJ4AaABAg,@chaewriys2689,💘,0,2022-10-12T12:39:13Z
91x6R3ABQKk,Ugyy1MWjdEj-ZIiVYKx4AaABAg,@estelianodasilvafilho,Se era pra ficar Igual não conseguiu,1,2022-10-19T21:25:32Z
nAAUnubRwxs,UgyLe5INgrSuxaVi5sl4AaABAg,@금강상류,아버지가 휴게소 주방장으로 계서서 1분만님이 말씀하신대로  아버지께서는 자차로 출근하시는데 휴계소 고속도로 말고 바로 뒷쪽에 길이 있어서 글로 출근하십니다 그리고 상행이랑 하행이랑 이어져있는것도 사실입니다!  기숙사도 있습니다 근데 휴게소로 가는 길이 엄청 오르막길이라는..ㅎㅎ,1915,2022-01-15T03:48:02Z
nAAUnubRwxs,UgyAr_e6rPkIR-54k6V4AaABAg,@heh4028,쉬는 시간에 화장실 갔다가 고속버스 놓치고 남겨진 사람들을 일꾼으로 쓰는게 아니었구나,369,2022-01-15T03:13:19Z
nAAUnubRwxs,UgyKXWV_2I8ilH7j-z54AaABAg,@jihwan_youtube,휴게소 사람들은 숙소에서 살거나 비상통로가 있다니... 신기하군요ㅋㅋ,503,2022-01-15T03:01:46Z
nAAUnubRwxs,UgwTPvgzPygBt-Zc1114AaABAg,@박성일-k5l,물류기사 처음 일할때 고속도로 바로옆 사무실에 공기청정기 물건 나온거 있어서 응?????어케가지????했는데 밑에 통로있다고 글로 오라해서 좀 신기했음ㅋㅋㅋ,83,2022-01-15T03:16:05Z
nAAUnubRwxs,UgwmjzohxoS6m-Nrlm94AaABAg,@Jang-cuber,"이거 보고, 톨게이트 안찍고 고속도로 들어오거나 나갈 생각 하지 마시길
들어올 때나 나갈 때 한번만 찍어도 종점까지 간걸로 요금 계산돼서 일반적으로는 더 비싸게 나와요",110,2022-01-15T03:55:23Z
nAAUnubRwxs,Ugy53T-9Wqm98ZOEK2t4AaABAg,@지민-k8q,맨날 휴게소 갈 때마다 진짜 궁금했었는데 이렇게 궁금증이 풀리네요,257,2022-01-15T03:03:43Z
nAAUnubRwxs,Ugx7s9qMmfkJcMAPLxx4AaABAg,@expandedsky7984,"죽전휴게소는 예외적으로 도시지역에 휴게소가 위치해 있고, 일반 시외버스 정류장 역할까지 겸하기 때문에 아예 휴게소 양옆에 도보로 갈 수 있는 통로가 2개나 있습니다",532,2022-01-15T05:09:08Z
nAAUnubRwxs,UgyBmKIc4UZ0bm4VnqJ4AaABAg,@반장과쫄병들,마지막엔 항상 드립을 치시니까 비밀통로얘기가 진짜인지 거짓인지 헷갈린다 ㅋㅋ,10,2022-01-15T20:12:45Z
nAAUnubRwxs,Ugz8aQNhdumOcmvbJBF4AaABAg,@Timeline.,"얼마 전 새벽에 함평천지 휴게소 갔을 때
늦은 시각에 영업하는게 신기했는데 
휴게소에서 사시는 직원이 계셨던 것이군요",200,2022-01-15T03:20:39Z
nAAUnubRwxs,Ugyi0YDK3ac-9TGTNLh4AaABAg,@-kyi,뭔가 비밀통로 내가 생각했던 딱 그 느낌임.. 가보고 싶다,65,2022-01-15T03:03:07Z
nAAUnubRwxs,Ugyac7R2GNK7ncDCRuF4AaABAg,@akclaso-e2s,영상길이 1초 더 늘리셨네요 이제 좀 여유롭네,4,2022-01-15T03:09:27Z
nAAUnubRwxs,UgwJMNeUsGVAdw8yHqV4AaABAg,@끼얏호우-w3p,오 휴게소는 생각 안 해봤는데 썸네일 보니 갑자기 궁금해졌네요ㅋㅋㅋ 오늘도 유익한 영상 감사합니다!!,25,2022-01-15T04:30:18Z
nAAUnubRwxs,UgxDyTEzPGLHuV4Vb894AaABAg,@L.Mirello,이야 1분만 보다가 PTSD오기는 처음이네 옛날에 선산휴게소 알바 했었는데 그 많은 휴게소 중에 하필이면 선산휴게소가 이미지로 나오누 ㅋㅋㅋ,6,2022-01-15T03:05:24Z
nAAUnubRwxs,Ugykbhr2wpssdEZhsMN4AaABAg,@a_happy_day,이거 궁금했는데 이렇게 알려주시다니,20,2022-01-15T03:02:11Z
nAAUnubRwxs,UgywAuefC7sT2trJIOZ4AaABAg,@sharp_fff_fff,오 생각조차 안하고있었던 궁금증이 해결되었다,3,2022-01-15T04:58:05Z
nAAUnubRwxs,UgwACVoAx0ry1k6yDbZ4AaABAg,@뀨아아-h8h,마지막이 진짜 상상도못한 사실 ㄴㅇㄱ,2,2022-01-16T07:36:41Z
nAAUnubRwxs,Ugxtd1Z8DD_Q9gNYudR4AaABAg,@Торт-ш2п,가끔씩 몇몇 휴게소 뒷길이 일반인도 쉽게 접근 가능하게 되어있고 주변에 식당이나 매점같은거 있는 경우 있는데. 휴게소보다 맛있고 값도 싸서 가끔씩 그런 휴게소 발견하면 개꿀,10,2022-01-16T13:54:21Z
nAAUnubRwxs,UgwoA5Xtou-KAQzWKtJ4AaABAg,@솜브레로-n7f,"살았으며, 살며, 살아가며 배울게 한 두 가지가  아니네요.

감사해요.지식님 비롯 구독자분들.",4,2022-01-15T14:30:01Z
nAAUnubRwxs,UgxLS3Cbw1n7JPfzQD54AaABAg,@_RaYoon,이거 보기 전에는 안 궁금했는데 ... 추천영상에 뜨니까 궁금해,2,2022-01-15T09:10:14Z
nAAUnubRwxs,Ugz5m-YKDyY89GUsBLp4AaABAg,@묘왕슈키,"휴게소가 상하행 마주한 곳은 지하통로가 있는건 예전에 TV에도 나왔었죠...
거기다 요금소 톨게이트도 지하에 통로가 있어서 요금 수납받으시는 직원분들은 그 길을 이용해서 임무교대하시는 것도 나왔어요~",284,2022-01-15T04:51:43Z
nAAUnubRwxs,UgxXCewrv_F1WgM4E6l4AaABAg,@GreatChoi,휴게소에서 1년 근무했었는데 이거 보니 아련하네요ㅎㅎ 지하통로가 있는 곳도 있고 그냥 굽이진 시골길(?)로 돌아돌아 가야하는 곳도 있습니다. 저렇게 통로 아니고 굴다리처럼 뚫려있기도 하구요ㅎㅎ,28,2022-01-15T21:14:30Z
nAAUnubRwxs,UgxwNe-Kkt3Zkcw0YXd4AaABAg,@시라소니-e9s,"주제추천

선생님은 왜 내가 숙제를 안했을때만 숙제검사를 하실까",6,2022-01-15T03:15:32Z
nAAUnubRwxs,UgwrQ1-fyW6zmoxxuqJ4AaABAg,@beckhamdavid8427,"비밀통... 뭐 ㅡㅡ 제발 한번이라도 끝까지 말해줘요 누나 ...
ㅋㅋㅋㅋㅋㅋㅋㅋ
ps. 항상 재미있게 보고있습니다 100만이 되는 그날까지 항상 응원합니다^^",43,2022-01-15T04:19:57Z
nAAUnubRwxs,Ugy8fVRzozezm_dr8Kp4AaABAg,@capybaraaaaaa1,어릴때 고속도로로 달리다 톨게이트 지날때 장실이 급했었는데 거기 직원분한테 여쭤보고 밑에 비밀통로 가는길을 알려주셔서 한번 이용한적이있습니다. 정말 신기했습니다.,68,2022-01-15T07:30:50Z
nAAUnubRwxs,Ugy3r-e_qBEchzC4Bfx4AaABAg,@am_07.06,전혀 안궁금햇던걸 궁금하게 만드는 스킬을 가진 채널 ㄷㄷ,4,2022-01-15T04:33:26Z
nAAUnubRwxs,UgxEEAdmATAVlmpWK2V4AaABAg,@euntaeklee1401,"'영상 만들 때 이런 아이디어들은 다 어디서 나올까?, 진짜 대단하시다'.",2,2022-01-15T05:53:51Z
nAAUnubRwxs,Ugz9FcpUlZG9lI10IgR4AaABAg,@young13245,아 엄마가 옛날에 휴게소에서 일하셔서 휴게소 음식먹고싶을때마다 아빠랑 뒷길로 갔었는뎈ㅋㅋ,4,2022-01-18T01:27:08Z
nAAUnubRwxs,Ugw5Wc8-3IzRwnJttmZ4AaABAg,@GUMIMAI-418,시흥하늘휴개소는 맞은편이랑 아예 연결되어있어서 놀러가기 좋더라구요~,34,2022-01-15T03:15:44Z
nAAUnubRwxs,Ugw8d23c-PjpixehEoh4AaABAg,@장영민-h8h,"뒷편에  휴계소 직원용  통로가 있구요  그곳이 보통 국도 와 연결되어있습니다요 
고속도로 특성상 산을 깎고 도로를 내고 그르다보니 국도 통해갈때 무진장 오르막길이기도  하지요 눈 살벌하게  내리믄 트럭으론 못올라가는 수준이쥬
상행과 하행 은 보통 마주보고있다보니  영상처럼 터널같은 통로를 통해  연결되있어 차로 이동가능합니다  현직냉동기 설비 수리하다보니 그안의 저온저장고 업소용 냉장고 수리하기위해  가끔 가곤합니다    보통 그 직원용 통로 직원들  위한 주차장이 있고 거기 차 주차후 들어갑니다",0,2026-06-24T03:11:14Z
nAAUnubRwxs,UgyDVf_7xArzPzt7jld4AaABAg,@guIKzdXx,에혀…. 코로나때문에 가족끼리 어디 놀러를 안가니까 휴게소 들린지도 진짜 오래됐다…… 휴게소 가고싶다 거기 그 감성이있음… 여름에 가족끼리 다같이 기분좋게 아빠 차 타고 고속도로 달리다가 좀 지칠 때 쯤 휴게소 들러서 점심 먹고 디저트까지 조지고 좀 둘로 보다가 다시 출발하고 곗곡이나 이런데 놀러가면 진짜 힐링임….,3,2022-01-16T16:04:18Z
1rX9jIz3Fs4,UgxPSFVlxQYJYbhP1Hh4AaABAg,@choibeomgyuismine,대충했는데 원영님 얼굴이 그걸 다 커버해주네 ㄷㄷ ....,1,2022-06-04T11:25:08Z
1rX9jIz3Fs4,UgyeUeF9jyVRL09nR5F4AaABAg,@예리-b3p,이 노래 넘 좋음ㅠㅠ 요즘 빠진 노래인데 딱 이 노래를 해주네..ㄷㄷ 혹시 sundial-your text로 해줄 수 잇음??,2,2022-06-05T01:49:11Z
1rX9jIz3Fs4,Ugzt0Q3-aj-oUlprBlt4AaABAg,@1BVR7,뭘해도 재미없고 허무하고 잘하는거 하나없음 죽고는 싶은데 남은인생 아깝고,1,2022-06-04T12:11:31Z
1rX9jIz3Fs4,Ugxx2k9OwjLI71OhUX54AaABAg,@치킨-v8n6n,이 노래 제목 알수있을까요 ?,1,2022-06-05T01:05:18Z
uEgtSqTqIcg,UgwRDEKcayL1r3X6BRJ4AaABAg,@irrrrrrr3905,"크로스핏.. 촬영 동의도 안 했는데
지 맘대로 나까지 촬영해서 지 인스타에 올리는 인간 때문에 환멸나서 그만둠",49,2025-03-16T15:48:57Z
uEgtSqTqIcg,UgyQR4AZhOVxOjeg4qZ4AaABAg,@세상다가진민서,"오  상남자 되었구나   민서샘 응원해
어린민우  어디 갔나?    민우 멋있네",9,2024-07-01T07:53:54Z
uEgtSqTqIcg,UgzcG_kuK5b22UEWpI94AaABAg,@이호야-inft,"우왘 저도 쇄골에 멍들었어요 첨에는 한쪽에만 멍이 들어서 왜지 싶었는데 알고 보니 저 동작 때문이더라구요
나중에는 정강이에도 멍들고 손바닥엔 물집생기고 그런데도 하기 싫긴 커녕 희한하게 하고 나면 개운하고 우와~~ 이걸 했네라며 성취감 뿜뿜이었네요

크로스핏 하고 다른 운동하면 이게 운동이 되나? 싶을 때가 있긴 해요 ㅋㅋ",4,2026-02-14T07:54:08Z
uEgtSqTqIcg,UgxBPWqRep_Kdfspv8N4AaABAg,@chaebinii,가야디~~ 보면 볼 수록 크로스핏 배우게 하고싶은 사람들..😢,3,2024-07-01T14:14:20Z
uEgtSqTqIcg,UgzwI5dWqufdnTDEwRl4AaABAg,@오드리꽁주,"부산 사나이~ 말 짱 정감👍🏻^^^^
쇼츠 넘~ 재밋고 운동욕구 퐉! 오네요~~ 쇄골 아픈겨 ㅋ🤣😊😁",5,2024-07-01T07:38:52Z
uEgtSqTqIcg,Ugwddz5LJibeiic3mEl4AaABAg,@user-qq6tw5it2h,잘생겼다,4,2024-07-01T11:29:00Z
uEgtSqTqIcg,UgylZaPyAJYV7KeXP794AaABAg,@CampingFoodMania,크로스핏 고수분들은 댓글로 '클린' 꿀팁 알려주시면 감사하겠습니다~!-! (제발 알려주세요TT),6,2024-07-01T07:19:55Z
uEgtSqTqIcg,UgxaqD5GmBizfaBHcV14AaABAg,@재우박-p8y,역시성철이행님아들이네,1,2024-07-02T09:13:11Z
uEgtSqTqIcg,UgzPXYxoSAzRoUeBi6F4AaABAg,@이병희-e6u,지리긴하네,1,2024-07-01T15:30:24Z
uEgtSqTqIcg,UgzlaUzkBN3mWh9v4oN4AaABAg,@Jkmin13,그와중에 자세가 몸에 베여서 엉터리로 안할려고 하네 ㅋㅋㅋㅋ,0,2025-04-06T10:06:59Z
uEgtSqTqIcg,UgzWPk1O-ZORIjpWP2l4AaABAg,@비오는반월당,다 공감해요,0,2025-07-18T04:07:52Z
uEgtSqTqIcg,UgxTqaXnBw4epXPNFM94AaABAg,@PiArchi,코치들이 못하면 꼽줘서 2주만에 관둠,0,2026-06-18T05:22:24Z
uEgtSqTqIcg,Ugyro-S6ZoArT1aY4pt4AaABAg,@홈런-t9x,멍자국 공감 ㅋㅋ,0,2026-03-06T03:59:11Z
uEgtSqTqIcg,UgwGOrY26kn4j89s5Nh4AaABAg,@솽이요,"바가 쇄골에 안붙어요.... 어케 해야 합니까 ....
손가락 끝에 걸쳐도 바가 안붙어서 균형잡기가
너무 어렵습니다. 이거 어째 해야 합니까!  ㅋ",0,2025-11-13T03:36:43Z
uEgtSqTqIcg,UgwLSUxMPhiUNWsXfnt4AaABAg,@유-f6m,오~~.믓있는 싸나이👍🏻👍🏻👍🏻👍🏻,2,2024-07-01T09:14:55Z
uEgtSqTqIcg,UgwQFyQwLYqlYU3ryqN4AaABAg,@JINA392,오픈짐때 이러고있구낰ㅋㅋㅋㅋㅋㅋㅋㅋㅋㅋㅋㅋㅋㅋㅋㅋㅋㅋㅋㅋㅋㅋㅋㅋㅋ,1,2024-07-04T02:57:39Z
uEgtSqTqIcg,UgyncA6zRFqhBV1b6_F4AaABAg,@dngjgirio,Udt 기수티 아닌가요? 60차였던걸로 기억하는데,0,2025-06-17T20:04:02Z
uEgtSqTqIcg,UgydOrOp3OuPmflqDHR4AaABAg,@user-er6bo9yx8w,공감 게추,1,2024-07-01T12:36:53Z
uEgtSqTqIcg,UgwOrTy9SCE3AsjqaUR4AaABAg,@하지뭘로-j6d,크로스핏 10년차인데 쇄골에 멍든건 첨보네요 ㅋㅋㅋ,0,2025-12-28T03:32:37Z
uEgtSqTqIcg,Ugwr6_Xe60zeKmH7lHt4AaABAg,@구수한똥박,이래서 관절박살운동이구나...,1,2025-07-28T12:03:48Z
uEgtSqTqIcg,UgwkIx8jwSIm9GjFIul4AaABAg,@사주상담사명리구리,손가락질은 지양,0,2026-04-11T09:22:59Z
b8SrgVK02sI,Ugz_-IzLavm-AzIGj0h4AaABAg,@쿠키언니,남미새가 나이먹으면 이런케이스가 됨...,32164,2024-10-30T18:03:12Z
b8SrgVK02sI,Ugyh8rfF6OQyBKYyN6l4AaABAg,@Kawai_Kaichou,ㅋㅋㅋ 그거같네 서브웨이에서 남자애가 일하고잇어서 안쓰러워서 눈물이났다ㅜㅠ 하면서 회사 막내여직원한테 커피타오라고 하는 싸모님상사 썰,13247,2024-10-31T08:06:34Z
b8SrgVK02sI,Ugx7clCFjLPTiDGUJkh4AaABAg,@dog09,ㄹㅇㅋㅋ 남자한테는 안 그러고 여자를 더 갈굼,10878,2024-10-31T08:54:27Z
b8SrgVK02sI,UgwihIs2GWot55y3R6p4AaABAg,@aninasani,"내가 서비스직에 질려서 공장 2달 해보고 느낀게
일이 단순해지니까 그 안에서 인간관계를 복잡하게 하려는 직원들이 넘 많더라",3615,2024-11-06T06:18:37Z
b8SrgVK02sI,UgzEx4HP0CSRLMnbQzZ4AaABAg,@sjfhwm,"아줌마 많은 공장, 식당은 쳐다도 보지 말아야함. 그래도 사람 사는 곳인데 뭐가 다르겠나 안일한 생각으로 갔는데 상상보다 더 밑바닥 인생들임",80,2024-11-05T13:24:08Z
b8SrgVK02sI,UgyARcV-WS4PAbX2wqx4AaABAg,@user_gumi1615,공장 알바갔다온 여자애들 경험담 다 똑같아서 우리나라에 공장 하나밖에 없는줄 알았다,603,2024-11-02T00:05:54Z
b8SrgVK02sI,UgxSUu1jSG9hBhxkkL54AaABAg,@ywy4271,"공장 아지매들 텃세 진짜 어이가 없을 정도다 ㅋㅋㅋㅋ
왜 저렇게 사나 싶을 정도... 아직도 그렇게들 살고 있겠지?",2922,2024-11-03T14:11:20Z
b8SrgVK02sI,UgzRbTb0mAuP2X_VgMd4AaABAg,@ISFP7527,저는 화장품공장갔다가.. '넌 어째..잘하는게없니?  니 엄마가 너 낳고 미역국 드시든?' 이말에 폭발해서.. 저에대해서는 막말하셔도되는데요 우리엄마얘기는 하지마세요 라고 정색하며 얘기하니.. '일도못하면서 화는나?..딱보니 공부도 못하게생겼네..'  이러셔서  '아줌마는 전교1등하셨어서 이런 공장에서 뼈묻고 일하시나봐요? 한참어린 애한테 시비까지 거시고 되게 열등감 드시나봐요?' 했다가  어린게 못하는말이없다 싸가지가 없다 일일점점커지니 주변에서 싸움말리고ㅋㅋㅋ 전 그냥 일하다 중도에 나와버렸습니당.. 하루일당이였어요..나오고나서 혼자서도 화가덜풀려서 울컥해갖고 혼자몰래 울고ㅠㅠ 폭발하면 우는편인데.. 울면 얕잡아볼까바 필사적으로 참음요..,8281,2024-11-03T12:36:08Z
b8SrgVK02sI,UgxultCQ-jXC_ymio194AaABAg,@오후-q8u,"사실 저기서 일하는데 잘사는 사람 없지요 그래서 본인이 무시당할까봐 포장하고 텃세 부리는겁니다 저런 사람들은 불쌍한 사람입니다 
그럴수록 더 없어 보인다는걸 몰라요",535,2024-11-05T16:37:53Z
b8SrgVK02sI,Ugylx-JIbSjGLpxNv4l4AaABAg,@raboa01,"직업에 귀천은 없지만 인간들은 귀천이 있어요.
공부 열심히 안하면 안좋은 일을 하는게 아니라
안좋은 인간들이랑 일하게 됩니다.",581,2024-11-20T01:28:10Z
b8SrgVK02sI,Ugxxnd4lNim3HW4E6cR4AaABAg,@eeeeeee-e8n,"가라고 할 때 ""네!"" 하고 가는게 모두가 행복해지는 길인 것 같아요",3306,2024-10-30T18:10:12Z
b8SrgVK02sI,UgwjPH8E5yB5UXur_7d4AaABAg,@으으-d1d,저거 일 잘하는 어린애들도 쥐잡듯이 잡아요. 어린 애들 오면 밀려날까 봐 저러는 거임. 텃세도 공장 나름이긴 함.. 독하게 잡는 공장들이 있음. 그런 곳은 이미 그 지역에서 유명함. 😂 알바로 가시려면 또래 많은 공장 선택하시길. 대부분 대학 휴학생 분들이라 잘 뭉쳐요. 이모들도 안 건드리는 분위기. 쎄하면 스트레스 받지 말고 튀세요!! 어린 분들이 텃세로 우는거 보면 너무 아까움 😢 좋은 곳 많아용!!!!!!,797,2024-11-03T03:51:04Z
b8SrgVK02sI,UgwIBdTW-P9B6t6m4BJ4AaABAg,@우쭐e,"근데 이거 진짜임 ㅠㅠ 대학생 때 용돈이나 벌려고 공장에 알바로 갔더니 물어보면 알려주지도 않고 눈치껏 보면서 하려다가 실수하면 왜 맘대로 일하냐 뭐라함... 자식 자랑은 어느 공장이나 국룰인가 봄 그거 들으면 그렇게 잘나신 분들이 왜 공장에 와서 일하는지... 항상 궁금 ㅎ

+ 쇼츠에 영상이 떠서 다시 보러 왔는데 제가 공장을 무시했다느니 그런 말은 왜 하는지 모르겠네요
공장 다니시는 분들 무시한 적 없고 제가 만약에 진짜로 무시했다면 뭐하러 제가 무시하는 공장에 알바로 나갔을까요 😅 차라리 다른 알바를 했겠죠
제가 공장에 알바로 다닐 때 계시던 정직원분들이 대부분 저희 부모님이랑 나이가 비슷하신 분들이니까 최대한 예의 차리고 여쭤보고 방학 동안 열심히 일 배우려고 노력했으나 단지 “어리다는” 이유로 텃세 심했어요 이 영상에 공감돼서 댓글 달았을 뿐입니다~
실제로 자식 자랑하면서 당시 21살이었던 저랑 비교하는 일도 있었고 우리 딸/아들은 어디 좋은 기업 취직해서 돈을 엄청나게 가져다준다 해외를 밥 먹듯이 보내 준다 이런 말을 하니까 그렇게 잘난 분들이 왜... 이렇게 힘든 곳에서 일을 할까 그게 궁금한 거였는데 내용의 논점을 흐리는지 이해가 안 가네요 😅 이게 무시 발언인지도 모르겠구요
그리고 모든 직원이 저렇게 하대한 건 아니에요 자식처럼 생각해 주시고 잘 챙겨주셔서 감사했던 분들도 계셨습니다 😊",15343,2024-10-30T18:39:22Z
b8SrgVK02sI,Ugx-btyO4DQqy1ln-Kl4AaABAg,@sam-qh9ru,대졸이상 직장 다니다가 1년 6개월 생산직 해봤는데 사람들 질이 너무 안좋음 특히 언어습관 막말에 꼽주는거 기본 직장생활하며 아무랑도 안싸웠는데 생산직 두군데서 두번 싸움 ㅋㅋㅋㅋ 아니다싶음 관두세요 좋은 직장도 많아요,1409,2024-11-14T16:22:08Z
b8SrgVK02sI,UgxPKovvdhaIJ_sNTJV4AaABAg,@마루의마루,"진짜 ㄹㅇ격공ㅋㅋㅋㅋ예전에 아웃소싱으로 공장 알바 몇번 했는데 저런 아줌마들 어느 공장에나 다 있음 특히 여자들한테는 더 빡세게 텃세부림
생산직은 취업이든 알바든 절대 안하기로 다짐하며 다녔지",20,2024-11-13T08:42:15Z
b8SrgVK02sI,Ugw6paPC0SNaZLlM18t4AaABAg,@해티0v0,"공장 알바 가봤다,,,손이 느리다고 타박 겁나 받았다,,, 젊은 남자 알바들한테 사근사근하더라,,,, 결국 그 남자 알바들 3시간만에 죄다 도망갔다 점심시간때 식당 알려주지도 않아서 굶었다,,,😢 아침6시부터 저녁 7시까지 일했는데 일당은 7만원 이였다,,,😢",6012,2024-10-30T20:28:07Z
b8SrgVK02sI,UgwIAG-_Md_6hstuTr14AaABAg,@GG_____0715,"이거보니까 ptsd 올 것 같음

대학생 때 집안 사정이 너무 안좋아져서 각종 물류센터나 공장알바 많이 다녔는데 90% 확률로 텃세 아주머니들 계셨음.. 

밥 시간 안알려주는건 기본이고 일하는 방법도 대애충 한번 알려줘놓고 왜 못하냐는 아주머니들이 대다수임..
본인은 느긋하게 간식먹으면서 아저씨들이랑 떠들다가도 다른 사람들한테는 일 못한다고 욕하고 다님


한번은 너 고졸은 하고 일하는거냐고 알고보니 중졸 아니냐고 비웃길래 0대 다닌다고 알려줌 최상위권은 아니지만 꽤 좋은 대학임 
그뒤로 나 볼때마다 0대생~~하면서 자기 딸 과외시켜달라고 맨날 부탁함 ㅋㅋ 영특하다고 맨날 엉덩이 꼬집고 가는데 대학 이름 듣고 바뀐 태도가 진심으로 역했음..",2009,2024-11-02T02:06:08Z
b8SrgVK02sI,Ugym53EEcv2aAFm18W14AaABAg,@sail2096,ㄹㅇ 좀 어린데 예쁘장하게 생겼다 싶으면 남자 꼬시러 왔다고 소문냄 ㅋㅋㅋㅋㅋㅋㅋㅋㅋ 짬 찼다고 막 대하는 게 너무 추함,270,2024-10-31T10:02:42Z
b8SrgVK02sI,Ugw2dCcd1MHW-sg5uYN4AaABAg,@kim_cream0927,같이 일하는 사람 상태가 정말 중요함...,33,2024-11-04T16:36:45Z
b8SrgVK02sI,Ugzwtt1pUY6nocgvHfl4AaABAg,@bok1219,"와 어딜가나 똑같네요ㅋㅋㅋ 20대초반에 공시준비할려고 단기로 공장알바갔는데 
나는 돈모아서 공무원준비할거라니까 이미 늦었다는 아주머니의 말이 잊혀지지않는다ㅋㅋㅋㅋ
그러면서 고등학생인 자기딸이 공부잘해서 기숙사들어갔다고 자랑하는 모습을 보고 
더러워서라도 내가 꼭 성공하고 만다라는 마음이 생김. 공부하기 싫을때마다 그아주머니가 한말 떠올리면서 이갈고 준비해서 붙음ㅎㅎㅎㅎㅎ",121,2024-11-05T00:31:54Z
b8SrgVK02sI,UgzmZ3eoY3vg9s44yj14AaABAg,@김도이-k4p,"하루 알바해봤는데 대놓고 눈치는 안줘도 손 느리다고 혼자 다른 일 시킴+반장이랑 친목질+남자 직원들한테 붙어 실실거림+일, 점심시간 안알려줌ㅋㅋㅋㅋㅋ 또 올거냐고 물어보는데 속으로 너 같으면 오겠냐 싶었다ㅋㅋㅋㅋㅋㅋ",64,2024-10-31T23:49:05Z
b8SrgVK02sI,Ugy0LLxIzw6loT4-X4h4AaABAg,@뻐킹_프라임,알바를 얼마나 많이 해봤으면 이렇게 리얼한 연출이 가능한겁니꺼 ㅜㅜ 진짜 생고생 그대로 들어나서 엄청 힘들었을듯 넘 수고했어요 ㅠㅜㅠㅠ,1004,2024-10-30T18:56:46Z
b8SrgVK02sI,UgwGKnNM1J8eoNh-IxF4AaABAg,@user-zu3tm5wm9e,신입 보자마자 이미 짜증 만땅 화나 있음,72,2024-11-03T14:25:55Z
b8SrgVK02sI,UgxQnyLUYyXwZx5Lozl4AaABAg,@퍼플달,이거 ㄹㅇ 직업폄하하기 싫은데 못배운 인간들 다 공장다니는 이유가 있음ㅇㅇ,148,2024-11-05T00:09:36Z
b8SrgVK02sI,UgxxFEwIeeo3_Guqz2d4AaABAg,@MiriamS2,어떤 직종이든 저렇게 천박하고 상스러운 사람들이 있다 개인적으로는 범죄자보다 더한 사회악이라고 생각함,11,2024-11-21T03:11:11Z
b8SrgVK02sI,Ugx7yypZTKge4ksz_8B4AaABAg,@foursleep99,아 진짜 남자한테 사근사근 개 공감 ㅋㅋㅋㅋㅋ,1129,2024-10-31T01:03:04Z
b8SrgVK02sI,UgwR8wc7u4MmL3QM8PN4AaABAg,@DD0ng_doggie,"남자 밝히는 여자들 or 기싸움으로 자존감 올리는 여자들이 늙으면 저런 아줌마가 되는거임..
정말 싫다 같은 여자인데 저런 취급 당하면 그만큼 억울한게 없음 😢 엄마뻘인데 우리엄만 날 사람으로 사랑으로 대해주는데 밖에 엄마들은 날 존나 함부로 대하니까 ...",56,2024-11-02T19:17:37Z
b8SrgVK02sI,UgwWfoc3YmEBgNU9Vit4AaABAg,@bbbbbbb1111.,"공장텃세 심해요
친구가 너무 아파서 진짜 3일정도 대타 할 수 있냐고 해서
가능하다고 갔고 친구대신 왔다고 하니까 상관없다고 돈은 내가 받기로 해서 그냥저냥 친구가 하던일 했는데
이미 다른 곳에서 해본 거라서 처음 하는 사람이 잘하니까 막 좋아하시더라고요..근데 그게 아니꼽은 건지

걍 마음에 안드는 건지
나보고 젋은 아가씨가~ 뭐라허 이런 곳 와서 이래요~ 어머
이러면서 걱정이 아니라 누구들어고 비꼬는 말투로 말씀하심

근데 신경 안씀

걍 치와와같은 인간이라고 생각함

점심시간에도 안 알려주고 나 버리고 갔는데도 신경안씀 혼자 먹는 거 너무 좋아서

얼마나 봤다고 나를 다 아는 것 처럼 뒷담화까는데
여기서 부모님 욕까지 나와서 진짜 빡치더라

자기 아들이 서울대생이네 뭐네 하고
쟤는 왜 이런곳에 다니는지
부모님은 뭐하시는지 눈에 보인다고ㅋㅋ 그러니까


애는 서울대 생인데 왜 여기서 돈벌고계세요..
서울대생 아들한테 왜 돈 벌어서 주냐
그 나이먹었으면 알아서 할 생각을 해야지
나중에 부모 등골쪽쪽 빨겠네요~

이러고 일하러감..싸가지없고 예의 말아먹었으면 어때

예의없고 싸가지없이 막말한거 그 사람인데
내가 왜 인간으로써 예의를 차려줘야하는지

지금 생각해도 나는 잘못한게 없음


대신 친구가 욕을 먹었죠
이건 예상 못함..ㅎㅎ

나는 어쩌피 또 볼 사람도 아닌데~",2290,2024-10-30T20:54:21Z
b8SrgVK02sI,Ugz40OW_0mG02kuYa0d4AaABAg,@와라우,공장 일잘해도 칭찬안하던데 못해도 텃세 잘해도 텃세 부려요,380,2024-11-05T05:08:53Z
b8SrgVK02sI,Ugw9znwJNqD2Amei6kJ4AaABAg,@바람물결-n9g,"저 손등 치는거
어른들이 간혹 모르고 치는데
되게 나쁜거에요.
하지 말아야 할 짓 중에
하나입니다.",13,2025-01-14T09:20:01Z
aRDBlU05DPk,UgwDbkAPnTpVJHN2lHN4AaABAg,@GunplaLab,중수편으로 돌아올지 어쩔지는 여러분의 호응에 달려있죠. 후후 중수편을 진행한다면 궁금하신 점 댓글 남겨주시면 다음 영상 제작에 도움이 됩니다~ 건프라 초보 튜토리얼을 시청해주신 모든분들 감사합니다. 복받으실거에요.,113,2023-06-15T10:43:43Z
aRDBlU05DPk,UgyrMJvD9mv6mNSN6NZ4AaABAg,@오메가-05,뿌릴 장소가 없다는게 ... 가장 큰 진입 장벽이네요,20,2025-05-31T10:05:37Z
aRDBlU05DPk,UgxF2rPxcuH73kTAYfp4AaABAg,@RX_linear,"항상 보기만 했지만, 같은 모델러로서, 확실히 건박사님께선 건프라에 엄청 큰 이익입니다, 저도 22년 동안 건프라를 즐겼지만, 이만큼 초보자들을 위한 쉬운 도색편은 확실히 유용합니다.",15,2023-06-17T22:23:35Z
aRDBlU05DPk,UgyO-iS0nIJf7n4mHdZ4AaABAg,@프론탈,중수편 쏘리질러어어어어ㅓ!!!,4,2023-06-15T12:00:30Z
aRDBlU05DPk,UgwJ7SaWKA4h1AEXYOd4AaABAg,@한기연-f7q,이야 진짜 이번건 엄청 유용하네요.,7,2023-06-16T23:49:32Z
aRDBlU05DPk,UgwSPblfutHA_YNX62B4AaABAg,@thebigboss7268,Thank you for the Top coat tutorials and English subtitles Mr. Lee 😊.,6,2023-06-15T18:26:41Z
aRDBlU05DPk,UgwfSplH9TgvHxxgMkt4AaABAg,@이동섭-j4b,이걸 보기 전에 7일 넘게 건조 했는데도 번지는 이유를 알았네요 너무 가까이서 많이 뿌렸던거 같습니다. 다음에는  적절히 뿌려야겠네요. 감사합니다.,1,2024-12-12T05:26:35Z
aRDBlU05DPk,UgwZ2qzystXT-PVW_Q94AaABAg,@RoutePla,"진짜 명언을 하셨네요....
노력을해도 보상을 못받는것들이 많은데 건프라는 그게 아니다
노력을 하면 한만큼의 성과가 나오고 보상을 해준다는 말이 평소 제가 느꼈던 생각이었는데 제 주변에서는 '어떻게 그런걸로 성취감을 가지냐 보상을 받는다 생각하냐 그만하고 그만사라' 라는 말을 자주 듣는데 이렇게 박사님께서 너무나 공감가는 말씀을 해주시다니ㅠㅠ",29,2023-06-15T13:29:56Z
aRDBlU05DPk,UgxAG1DLznmquPh3zGB4AaABAg,@myeongyeoscene,"건프라 뉴비들을 위해 좋은 영상과 12:08 좋은 말을 남겨주셨네요.
배울점이 많은 영상입니다.
건프라 발전과 유입을 위해 힘써주시는 뉴타입 이박사님 짱이에요! 👍👍👍👍",1,2023-07-19T17:00:06Z
aRDBlU05DPk,Ugx4lQTU_CcxzgC6x5J4AaABAg,@GAT_X105,외전격으로 캔스프레이 도색편 영상도 있으면 좋을듯...,1,2023-10-02T16:31:42Z
aRDBlU05DPk,UgymhsUFzYnNZerJauF4AaABAg,@딩데딩,"건담 프라모델 이제 처음 입문하는데 튜토리얼시리즈 너무너무너무 고맙습니다....
제가 궁금하던 대부분을 테스트와함께 다 설명해주시고 보여주시니 정말 행복하네요
열심히 만들겠습니다 영상 너무너무 감사합니다",0,2024-01-15T15:36:56Z
aRDBlU05DPk,UgxYFEoIQN-JphiW2mt4AaABAg,@fingerstar7,와...기다리고 있었습니다,1,2023-06-15T11:27:32Z
aRDBlU05DPk,UgyvBJcHg2Wmw_wNxQB4AaABAg,@이동환-s5s,시중에 건담 마커 마감제라는 제품이 있던데 건담 마커 마감제 리뷰 올려주세요. 영상은 잘 보고 갑니다❤,1,2024-02-10T14:21:29Z
aRDBlU05DPk,UgzBU9oLdVqVTHCY71h4AaABAg,@jh-vq1rl,궁금한점을 너무 잘 긁어주시네요 탑코트 슈퍼클리어 차이가 궁금했는데 잘보고갑니다,0,2023-08-28T08:04:57Z
aRDBlU05DPk,Ugz3DKOvQBJvn7bNll14AaABAg,@shinysacred1879,"감사합니다 잘 보고 갑니다
하루트 트란잠 도색하구서 마감제 찾아보고 싶었는데 딱 맞는 영상이네요",0,2025-11-30T18:54:01Z
aRDBlU05DPk,UgyX0XlUgnY9BOhucCx4AaABAg,@TheSpacePopCorn,엄청난 튜토리얼!!,1,2023-06-15T12:19:26Z
aRDBlU05DPk,UgyznA5rbO6COFEDeSt4AaABAg,@joo_ryn2,"건프라 연구소 보고 입문합니다~
좋은정보 너무너무 감사합니다!!!!^^",0,2023-06-29T07:24:05Z
aRDBlU05DPk,UgyuG6nxpjbXY6VedqR4AaABAg,@피리피리-f8d,제가 운이 좋은지 2000번째 좋아요를 눌렀어요!! 항상 유튜브 잘 보고 잘 배우고 있습니다!! 감사합니당😊,0,2025-08-14T14:06:17Z
aRDBlU05DPk,UgzF1Ic-ZurU4COR4up4AaABAg,@칼퇴희망자,박사님께서 만드신 튜토리얼 영상 볼 때마다 제가 건프라 막 시작했을 때 이런 영상이 있었으면 얼마나 좋았을까... 하는 생각이 많이 드네욬ㅋㅋㅋ 처음 입문했을 때 먹선을 진짜 먹으로 넣고 도색도 처음 배울 때 마감제에서 백화현상 엄청 생기고 관련 서적 엄청 찾으면서 부딪히면서 배웠던 기억이 납니다. 항상 좋은 영상 감사합니다!!,7,2023-06-15T11:01:20Z
aRDBlU05DPk,Ugw7pEEZRhmpJ3nX4b94AaABAg,@xzvg0829,좋은 영상 감사합니다 도색에 관심이 생겨 이것저것 보고 있었는데 큰도움이 되었습니다!,0,2024-12-30T12:11:02Z
aRDBlU05DPk,UgwDRHk9FUcl7E0t0zd4AaABAg,@이윤국-e8n,초보에게 참 좋은 영상이네요. 마감에 도움 많이 되었습니다.,0,2024-09-06T08:39:05Z
aRDBlU05DPk,UgyAyldLcAWbqFcWDQ54AaABAg,@티모나-j3r,잘보고 갑니다! 영상 감사합니다,1,2023-06-15T12:44:42Z
aRDBlU05DPk,Ugx9r02ItiRez50ZdP54AaABAg,@낭만취사량,"쉽게 간단하게 요점만 빡 알려주셔서 건프라 10년이상했는데 기본만 하는 초보라 슬슬 다른걸 해볼까해서 찾아보다 마감이란걸 발견해서 찾게됐는데
너무 유용했습니다!! 감사합니다",0,2024-09-18T13:25:17Z
aRDBlU05DPk,Ugw4hYXcoesEGy0-m114AaABAg,@이우진-p6b6k,"오랜만에 건프라 다시 시작하려는데 많은 도움이 되었습니다!

중수편도 기대하고있어요 ㅎㅎ",0,2024-07-19T06:49:55Z
aRDBlU05DPk,Ugxlkvtvj3ZS21PMqxh4AaABAg,@yoda2774,"많이 배우고 갑니다~
감사해요 이박사님!!",0,2023-06-15T14:20:50Z
aRDBlU05DPk,UgynFZm3JBILtuK18lZ4AaABAg,@데찌-q1y,오늘 처음 스프레이 도색 시작하고 마감제 뿌릴 준비중이였는데 좋은 영상 보고 가네요.,0,2025-10-08T06:30:36Z
aRDBlU05DPk,UgyuClT8P5ThpePg_ZJ4AaABAg,@candymanrip,Very cool tutorial video 👍😎,0,2023-06-23T17:04:34Z
aRDBlU05DPk,UgyKXb_13CVrUbqXweJ4AaABAg,@마고입니다1,박사님 중학교 2학년 학생입니다 건프라를 처음 시작해보려하는데 이런 영상 만들어 주셔서 너무 감사합니다요,0,2023-08-28T15:56:48Z
aRDBlU05DPk,UgwkvgFfRJii6BzLJbF4AaABAg,@JOHONG2024,급식때 찔끔찔끔 가조립정도만했고 항상 멋진 건프라들보면서 그렇게해보고싶어하다가 얼마전에 복귀했어요. 이번 시리즈 너무 마음에듭니다 ㅎㅎ 저도 하나씩 따라하면서 배워갈게요.,7,2023-06-25T09:01:55Z
aRDBlU05DPk,Ugw_omRYtGP34apOjOt4AaABAg,@Joe건담,아주 좋운 정보 입니다👍👍👍😍,1,2024-09-21T07:00:34Z
sqYgKyuP2A8,UgwZ_iTlcEBFeQrq6_Z4AaABAg,@intro_zzal,"💿 풀영상은 링크로! 
https://youtu.be/4nCC6fM7Mp8",1,2023-02-23T01:01:00Z
NJsHhIY_ao4,Ugy67SlRIFBYkToib-N4AaABAg,@화선구,멋지네요,0,2023-01-21T20:05:42Z
HJNeO6oIsKA,Ugy9tL_5eTNqPlj_ilZ4AaABAg,@인석엉아TV,멋진 4짜 잘보고 갑니다 고생많으셨어요,2,2020-11-10T07:58:56Z
HJNeO6oIsKA,UgzeYdVMD0oP7Ez4sNx4AaABAg,@JR-fishing,"2020년 7치 10마리 준비중입니다.
하...ㅠㅠ
한해동안 고생 많으셨어요 존재님의
존재를 알린 뜻깊은 한해 였던것습니다
내년엔 더욱 건승하시길 바랍니다 ^^
부러워요ㅎㅎ",4,2020-11-10T02:50:33Z
HJNeO6oIsKA,UgxZDUD8URm8Q82iwb54AaABAg,@허니치토스,대박입니다 시간가는줄 모르고 봣네요,2,2020-11-09T23:36:09Z
HJNeO6oIsKA,Ugw1n3oAmu1sLJUazCR4AaABAg,@Zzimung,"와 사이즈 봐~~~
한해 고생하셨습니다 !!
멋져요 보존님~^^ (최고)",2,2020-11-12T05:19:08Z
HJNeO6oIsKA,UgxTN7MAoG7cqVY8cgl4AaABAg,@Love-Of-Iris,"언제 봐도 멋진 사짜.
대리만족 제대로 합니다.",1,2020-11-10T00:27:13Z
HJNeO6oIsKA,UgwTW7HeH8Cfjidm5rl4AaABAg,@흰둥이다-j2m,좋아요,1,2020-11-10T10:01:52Z
HJNeO6oIsKA,Ugx8PQeM2gF38ZPAsYJ4AaABAg,@feelkorea1,멋진영상 즐겁게 시청하였습니다.   수고하셨어요.  👍👍👍💛💛💛,1,2020-11-19T07:34:06Z
HJNeO6oIsKA,UgwxwvI6_eJur8TSxTp4AaABAg,@75-big-fish-man,"역시 어마어마한  조과를
보여 주네요
내년이 더 기대됩니다",1,2020-11-11T01:31:53Z
HJNeO6oIsKA,Ugz4-BfQ0KkV4_etb0x4AaABAg,@와그라니,이렇게 몰아보니 영상보는 재미가 남다르네요~^^아직 올해가 가기에 시간이 좀 남았지만 멋진영상 위해 고생하신 보존님 감사드립니다~^^,1,2020-11-10T09:50:30Z
HJNeO6oIsKA,Ugxkl4NL5teykvqJPYx4AaABAg,@대구청풍김상길,축하드립니다 ~~~역쉬 낙동강계는   기대를  저버리지 않네요  올 한해  수고하셨습니다   내년에도  좋은그림 기대할게요 ~~~항상  응원합니다 ~~화이팅,1,2020-11-11T01:29:47Z
HJNeO6oIsKA,UgzaHY4INmeAEux309l4AaABAg,@Mr.k-tv,"낙동강 붕어 너무 멋지고
4짜 붕어 10마리 대단합니다
수고하셨습니다~^^",1,2020-11-10T03:57:18Z
HJNeO6oIsKA,Ugz_NO-VQfr2ra_iv2F4AaABAg,@야옹야옹다육,붕어가 너무   잘생겼어요~~축하드립니다   수고하셨습니다 또뵙도록 하겠습니다,1,2020-11-22T09:56:42Z
HJNeO6oIsKA,UgzdQGfHomGRWTKNh7h4AaABAg,@HanmuTv,"보존님~
항상 응원합니다^^",2,2020-11-10T00:09:37Z
HJNeO6oIsKA,UgyRq3pgyXWgQBVjciF4AaABAg,@cleaningman4fm7pi8q,올한해도 보존 아우님 덕분에 낙동강4짜 10마리나보고 대리만족 확실히 했네 한해 고생하셨고 내년에도 멋진 붕어 만나시길 바라네~보존 홧팅!,1,2020-11-10T13:22:26Z
HJNeO6oIsKA,UgzRxZqFEgiOKe09uf14AaABAg,@이영태-v3r,"역시 4짜는 언제봐도 멋지네요^^
벌써 봄이 기다려지네요  수고하셨습니다^^",1,2020-11-09T23:11:31Z
HJNeO6oIsKA,UgzCTOvSMDVUQmmNB7J4AaABAg,@오짜붕어야TV,"낙동강 붕어들이 이쁘게 생겼습니다
올한해 마무리 잘하시고 항상 안출이 먼저입니다
고생하셨어요",1,2020-11-09T22:42:54Z
HJNeO6oIsKA,UgwGXtmA0MufFs7khwV4AaABAg,@작업반-y6k,머찐 4짜붕어 축하드립니다...늘 안출하세요~~,1,2020-11-14T15:23:28Z
HJNeO6oIsKA,UgwDbxRH4C6isA67dUN4AaABAg,@이른새벽낚시,"낙동강4짜 대단하십니다 역시 보통실력자가 아니네요
내년도 기대 할께요",1,2020-11-09T23:39:43Z
HJNeO6oIsKA,UgwmavKsuhdhfA_NZjV4AaABAg,@김지원-l5u9q,멋진붕어들이네요 ㅎㅎ 정말 대단하십니다 ㅎㅎ고생많으셨어요,1,2020-11-09T23:59:05Z
HJNeO6oIsKA,UgzRR-QLUAOn4c6svZF4AaABAg,@fishingman-han,내년에도 기대할께요 ㅎ 화이팅!!,1,2020-11-10T09:37:01Z
HJNeO6oIsKA,UgzS0QJ0M-Oa005GEAZ4AaABAg,@거담김기용,보존님  응원합니다,1,2020-11-11T07:44:43Z
HJNeO6oIsKA,UgzsVNJqlUlza0HI9014AaABAg,@까멜리아-u4k,"보존님이 여기까지 올 수 있었던 이유......
낙동강이죠ㅋㅋㅋㅋ
한해 수고하셨습니다",2,2020-11-09T22:45:27Z
HJNeO6oIsKA,UgzmjFz5MVf3sDNkeHZ4AaABAg,@윤남철-x6n,다시봐도 재밋습니다 보존님덕에 낙동강낚시에 매료되었습니다 봄이 기다려지네요~~,1,2020-11-09T23:39:00Z
HJNeO6oIsKA,Ugw-EtR6dPge8amW9Vd4AaABAg,@Little-BM,역시 낙동강이죠👍👍👍👍,1,2020-11-09T23:44:39Z
HJNeO6oIsKA,Ugx-K0yrZ-MLb5GHEdV4AaABAg,@TV-nm2wu,"이야 ㅎㅎ 역시는 역시내요  형님!
어마어마하게 뽑아내셧구만요 ㅎㅎ
멋쩌브러요!",1,2020-11-10T14:02:01Z
HJNeO6oIsKA,UgwRlG16zZl_QnjM91l4AaABAg,@송학범-o9m,"보존님 올한해 고생하셨습니다
사짜는 이정도면 많이잡은거같으니
내년에는 보통의 존재가 아닌
오짜잡는 존재로 거듭나시길 기원합니다~^^",1,2020-11-10T11:32:34Z
HJNeO6oIsKA,UgwuctmRoem3HhtrR-l4AaABAg,@비타민C-k3q,"보존님에 4짜 퍼레이드 감동입니다 .
5짜도 보여주세요 ㅎㅎ",2,2020-11-11T00:12:36Z
HJNeO6oIsKA,UgzhLKtpPCnYMDFxG7h4AaABAg,@월남붕어TV,헐..10 마리나요?  대박! 대단하십니다.  고생하셨습니다.,1,2020-11-10T01:22:24Z
HJNeO6oIsKA,UgzMeq1LoJFvl4bPYWR4AaABAg,@김형기-q3f,"좀늦게보았읍니다.
우와 나는ㅇㆍㄴ제~~",1,2020-12-18T13:47:18Z
HJNeO6oIsKA,UgxW-SLbhLTCd5VrlTJ4AaABAg,@바다조아-c8o,"보존님..  올 한해도 좋은 영상 감사드리고 보존님 덕분에 저도 4짜 조사에 올라 잊지 못할 한해가 되었네요..
내년에도 더 멋진 보존님의 영상을 기대하겠습니다..",1,2020-11-10T09:32:07Z
UAffZzNoDJo,UgzoE_dUFUoFmChbhPl4AaABAg,@민종식-m7m,"벼농사에 아쿠도 루핸스를 살포하여 뿌리가 튼튼하니 논에 들어가도 빠지지 않네요. 수확도 관행보다 많이 하시길 바래요.

●보통 마늘 심기전에 마늘 소독약에 침지하여 심는데요. ""마늘 심기전 침지 3시간(물300L 루핸스1L 아쿠도100ml 아트플랜100ml) 후 덮어 놓았다가 하루지나 뿌리가 나기 시작하면 심는다"" 영상을 본 기억이 나는데요. 침지할때 마늘 소독약을 넣어 침지 해도 되는지 아니면 마늘 소독약은 필요 없는지 알려주세요.
부탁 합니다.",1,2021-09-05T21:40:22Z
UAffZzNoDJo,UgwG7aCXaISKI_eIteh4AaABAg,@순철홍-q1p,수확량이 얼마나 나왔나요????,1,2021-11-19T10:34:09Z
xNG906rtrIU,Ugza4ExBtdotc78Skg94AaABAg,@sky-아톰,잘보고갑니다 👍,0,2023-07-02T00:12:19Z
xNG906rtrIU,Ugxs3rPcrbjX3McP_0l4AaABAg,@korean-Hopedrone,고도가 2미터정도 하신건가요? 올해시작하는 초보라 많이보고갑니닷,1,2022-05-06T13:10:04Z
xNG906rtrIU,UgwX_5fj8-7oSk0rwGl4AaABAg,@부랑당,"분사노즐 대각으로해보세요
펌프한개당 1노즐 
좋습디다",1,2020-08-09T00:53:38Z
xNG906rtrIU,Ugxq0gtP5wGGoavG-W54AaABAg,@문성희-j8j,혹시 중기제초 주고난후 드론 날아간 자리 표시 안나나요?? 약이 묻어서 지나간 자리 표시가 나던데..모잎에 묻으면 약간 몸살도 하는거 같은데..어떤가요?? 제가 이슬있을때 뿌려서 모잎에 더 묻은건지 이슬이 없을때 주면 모잎에 안묻는건지..궁금하네요~,1,2020-07-03T06:04:20Z
xNG906rtrIU,Ugzfh4jGq19gWQ8m-TN4AaABAg,@pilhwanan8935,혹시 비료도 통만바꿔서 뿌릴수 있나요?,0,2020-07-03T05:01:47Z
xNG906rtrIU,UgwU8H_tqrfsT3-tOqZ4AaABAg,@혁현효협,중기도 M+이나 자동으로 주면 편한데...,0,2020-06-24T07:47:26Z
CQ_bxCvBc7E,UgwIlKjU0Fcs5nwvUSV4AaABAg,@multiversedancestudio5663,"[2023. 05. 06 PM 02:00 랜플댄]

00:07 STAYC - Teddy Bear
00:52 BLACKPINK - 마지막처럼
01:36 NMIXX - DICE
02:20 (여자)아이들 - LA TATA
03:12 BLACKPINK - Pink Venom
03:47 싸이 - That That
04:32 BLACKPINK - Lovesick Girls
04:59 H1-KEY - 건물 사이에 피어난 장미
05:43 aespa - Savage
06:24 TWICE - YES or YES
06:49 Fly Project - Toca Toca
07:15 ITZY - LOCO
07:56 Kep1er - We Fresh
08:41 EVERGLOW - DUN DUN
09:18 NewJeans - Hype boy
10:12 아이오아이 (I.O.I) - 너무너무너무
10:43 TWICE - Heart Shaker
11:20 IZ*ONE - FIESTA
12:05 전소미 - XOXO
12:43 오마이걸 - Dun Dun Dance
13:30 이달의 소녀 - PTT
14:13 제니 - SOLO
14:48 청하 - 벌써 12시
15:39 STAYC - ASAP
16:21 투모로우바이투게더 - Sugar Rush Ride
17:04 IVE - LOVE DIVE
17:55 리사 - MONEY
18:23 Kep1er - WA DA DA
19:05 카라 - 미스터
19:44 NCT DREAM - Candy
20:17 포미닛-미쳐
20:51 IVE - Kitsch
21:26 현아 - I’m Not Cool
21:56 NewJeans - OMG
22:57 BLACKPINK - 뚜두뚜두
23:24 소녀시대 - Gee
23:57 나연 (TWICE) - POP!
24:35 f(x) - Hot Summer
25:09 지코 (ZICO) - 새삥 (Prod. Zico) (Feat. 호미들)
25:49 YENA - SMILEY
26:27 리사 - LALISA
27:04 방탄소년단 - 달려라 방탄
27:40 제시(Jessi) - Zoom
28:09 소녀시대 - 다시 만난 세계

[2023. 05. 06 AM 11:00 랜플댄]

28:57 IVE - After LIKE
29:41 STAYC - RUN2U
30:25 NMIXX - Love Me Like This
31:01 (여자)아이들 - Nxde
31:49 BLACKPINK - Shut Down
32:28 aespa - Black Mamba
33:06 프로미스나인 - WE GO
33:50 TWICE - Dance The Night Away
34:23 ITZY - 마.피.아. In the morning
35:08 지수 - 꽃
35:39 IZ*ONE - FIESTA
36:30 마마무 - HIP
37:13 GOT the beat - Step Back
37:51 빌리 - Gingamingayo
38:22 YENA - SMARTPHONE
38:57 제시(Jessi) - Gucci
40:05 스우파 - Hey mama
40:48 세븐틴 - 예쁘다
41:29 BLACKPINK - Kill This Love
42:06 Stray Kids - 소리꾼
42:43 손담비 - 토요일밤에
43:27 tripleS - Generation
43:55 크레용팝 - 빠빠빠
44:42 BLACKPINK - Forever Young
45:21 티아라 - Roly-Poly
46:06 TWICE - OOH-AHH하게
46:48 카이 - Rover
47:23 이효리 - Chitty Chitty Bang Bang
48:09 세븐틴 - HOT
48:38 TWICE - FANCY
49:19 핑클 - 영원한 사랑
50:01 화사 - 마리아
50:44 SUPER JUNIOR - 쏘리 쏘리 (SORRY, SORRY)
51:26 LE SSERAFIM - ANTIFRAGILE
52:04 HUS - Banana Shake
52:19 BIGBANG - 뱅뱅뱅
53:00 부석순 - 파이팅 해야지
53:27 모모랜드 - 뿜뿜
54:06 NewJeans - Ditto
55:19 ITZY - Cheshire
55:51 현아 - 빨개요
56:28 aespa - Next Level
57:06 (여자)아이들 - TOMBOY

[2023. 05. 05 PM 01:30 랜플댄]

57:33 IVE - Kitsch
58:08 NewJeans - Attention
58:42 LE SSERAFIM - FEARLESS
59:23 NMIXX - Young, Dumb, Stupid
01:00:02 (여자)아이들 - MY BAG
01:00:36 BLACKPINK - How You Like That
01:01:22 aespa - 도깨비불
01:02:20 여자친구 - 시간을 달려서
01:02:56 NewJeans - Hype boy
01:03:51 TWICE - TT
01:04:35 ITZY - SNEAKERS
01:05:05 에이핑크 - Mr. Chu
01:05:53 NCT DREAM - Candy
01:06:28 카라 - WHEN I MOVE
01:06:56 브레이브걸스 - 롤린
01:07:43 Red Velvet - 빨간 맛
01:08:21 오마이걸 - Dolphin
01:08:54 YENA - SMILEY
01:09:34 태연 - INVU
01:10:09 제시(Jessi) - Zoom
01:10:43 윤미래, 비비(BIBI) - LAW (Prod. Czaer)
01:11:36 Crush - Rush Hour
01:12:10 BLACKPINK - 불장난
01:12:43 방탄소년단 - Dynamite
01:13:12 비비(BIBI) - 나쁜X
01:13:44 싸이 - 강남스타일
01:14:32 2PM - 우리집
01:15:17 aespa - Girls
01:15:55 원더걸스 - Nobody
01:16:36 여자친구 - 밤
01:17:23 브라운아이드걸스 - Abracadabra
01:18:04 지코 (ZICO) - 아무노래
01:18:55 2NE1 - Fire
01:19:23 방탄소년단 - 불타오르네
01:19:54 ITZY - 달라달라
01:20:40 Stray Kids - Back Door
01:21:12 포미닛 - Hot Issue
01:21:40 방탄소년단 - Permission to Dance
01:22:23 DJ DOC - Run To You
01:22:52 소녀시대 - FOREVER 1

[2023. 05. 05 AM 11:00 랜플댄]

01:23:34 오마이걸 - 살짝 설렜어
01:24:06 (여자)아이들 - 덤디덤디
01:24:54 전소미 - DUMB DUMB
01:25:29 BLACKPINK - 뚜두뚜두
01:26:04 지코 (ZICO) - 새삥 (Prod. Zico) (Feat. 호미들)
01:26:48 NewJeans - Ditto
01:28:43 aespa - Dreams Come True
01:29:17 여자친구 - 오늘부터 우리는
01:29:56 aespa - Next Level
01:30:36 TWICE - CHEER UP
01:31:14 ITZY - WANNABE
01:32:33 모모랜드 - 뿜뿜
01:33:19 IZ*ONE - Panorama
01:34:08 IVE - LOVE DIVE
01:35:01 선미 - 가시나
01:35:39 BLACKPINK - 붐바야
01:36:25 나연 (TWICE) - POP!
01:37:09 부석순 - 파이팅 해야지
01:37:37 TWICE - OOH-AHH하게
01:38:20 NewJeans - Hype boy
01:39:19 NCT 127 - 영웅
01:39:58 원더걸스 - Tell Me
01:40:45 STAYC - ASAP
01:41:30 박진영 - When We Disco (Duet with 선미)
01:42:14 LE SSERAFIM - ANTIFRAGILE
01:43:36 오렌지캬라멜 - 까탈레나
01:44:22 EXO - Love Shot
01:45:06 NCT DREAM - Candy
01:45:40 싸이 - That That
01:46:25 Fly Project - Toca Toca",2,2023-05-20T05:13:09Z
kZ1MlQbpa8s,UgxtroSrz5GLq7_WYdF4AaABAg,@황태준-i4m,팬 이에요~~~ 나중에 싸인 해주세요~~~,0,2022-01-18T08:53:04Z
ayw_gPtKaGs,UgxjxnhnMCO6eD5VHPJ4AaABAg,@ananyeppn_2,공감 정말 완전 100!!! 가사도 좋고 스토리도 좋아서 재밌게 봤어요 🤍,0,2022-06-23T15:03:48Z
ayw_gPtKaGs,UgzwGPO8Ie3ZsW1IEm94AaABAg,@kimtae_hee,가사 너무 좋고 몰입이 잘 되서 좋았습니다 영상 너무 귀엽고 우리동기들 사랑스러워요!!!!!!🤍,0,2022-06-23T14:15:08Z
ayw_gPtKaGs,UgzDcsSJeuSnPHv0g2t4AaABAg,@이도윤-x7q,곡의 전개가 너무 좋아요 반전포인트 대박~👍,0,2022-06-20T14:24:21Z
ayw_gPtKaGs,Ugz3Mxlo0pJQwYZQsch4AaABAg,@고유빈-e5u,"동방예대생이라면 공감할 가사들이네요~^^
아주 보는 사람이 행복해지는 영상이었습니다.

1:26 검은 마스크 쓰신 분 많이 지쳐보이는 걸료?",0,2022-06-23T14:22:05Z
ayw_gPtKaGs,UgzpB1_2T3mHS42xvDR4AaABAg,@joykimkorea312,행복합시다😊,0,2022-06-24T12:25:04Z
ayw_gPtKaGs,Ugwb3eMUIYr_vRkU3Ip4AaABAg,@joykimkorea312,행복하려면 노력을 하렴   from 뮤지컬 '엘리자벳',0,2022-06-24T12:26:14Z
J1aBcQ2cgfY,UgxyII83Mec74zmo18h4AaABAg,@김소김소보로,싫겠다,1,2020-09-25T05:46:51Z
J1aBcQ2cgfY,Ugw7YhhivJNP0TDqsgN4AaABAg,@UNroCK_SEvaNT,*이건 로또 1등 징조다!!♥*,0,2019-07-26T19:59:12Z
JjQqI6JQLaE,UgweWbVf7ppXZzfxYIN4AaABAg,@뮤지컬민경아김려욱강,2:02,1,2023-02-07T17:21:11Z
4Cs2bftytBs,UgzWkkc_5o5R_oRSRuR4AaABAg,@안녕하세요그르트-s4y,미국판을 보니 감정선이 더 잘 이해되는 부분이 있네요,200,2023-06-05T16:27:16Z
4Cs2bftytBs,UgwURIjsxoOt4Xy1AkR4AaABAg,@yynna-d1m,와 한국만 보다가 미국판 보니까 또 새로운 느낌..,33,2025-05-15T12:52:41Z
4Cs2bftytBs,UgwhB51UEeZhdLXuwgd4AaABAg,@라자냐-o5w,"왜 미국판이 더 이해가 잘 되는것같지,, 뭔가 더 실제같음 미국이라그런가",255,2023-07-10T02:16:06Z
4Cs2bftytBs,UgxshkvEXLALObNERVt4AaABAg,@최서연-o9i,"헐….. 졸업공연 오디션 지원하자는 부분에서부터 내 말 알잖아까지 한국판이랑 감정선이 완전 다르네 
피터가 꼽주는 거였어…..",7,2026-04-27T08:45:43Z
4Cs2bftytBs,Ugyi_dYiKGRM_KPMCOJ4AaABAg,@오하늘-n4n,절대 내리시면 안 돼요ㅠㅠㅠㅠㅠㅠㅠㅠㅠㅠ😢😢,47,2023-02-21T18:30:28Z
4Cs2bftytBs,UgzS-a1SbRKajh_4sz54AaABAg,@김김김-e7i,멋지시다 😢,19,2022-12-30T12:54:33Z
4Cs2bftytBs,Ugwm_ATfYhNMgefKcVd4AaABAg,@gorillazl5989,뭐야...원본은 엄마한테 말하자는거였네...? 다 말하자랑 의미가 너무 다르지 않나?,25,2025-07-08T02:12:17Z
4Cs2bftytBs,UgwhvVb_dbkoZX1PMwZ4AaABAg,@alexiskxm_iz,아 진짜 너무 좋으네요……………….ㅠ🥹🥹,6,2024-06-02T05:59:25Z
4Cs2bftytBs,UgyJqCL35oyPNnfwETN4AaABAg,@Dora8197,Oh wow 😍💅🏻,5,2023-04-08T18:17:41Z
TWLw2bKWpMg,Ugz4dzrmzxrMIV0ssJx4AaABAg,@청허서각,"오늘도 열심히 하시는 모습
넘 보기 좋습니다.",1,2021-07-03T09:00:58Z
nLIYDkg-tZI,UgwGPIIxAHmPRwzYeZx4AaABAg,@jijung2827,"천지가 작품이네요.
멋지세요",0,2021-09-28T07:00:48Z
nLIYDkg-tZI,Ugyr29LNpk50jysyutt4AaABAg,@격돌수련인응원계정,"선생님 안녕하세여~~반갑습니다^^
정성이 가득한영상 감명깊게 
시청하고 갑니다~가까운 2웃처럼
인연맺고가겠습니다 ^^항상 응원하겠습니다~~",0,2021-09-29T12:22:24Z
M1gI14pTCBE,UgxtGvhD-QO_OA0eBvx4AaABAg,@김진남-n2c,"서각작품과 ㅇㅏ픈손가락 노래 너무 잘 어울리네요.매니져님 서각 작품 멋있네요.
코로나로 힘든시기인데 가수이수빈님 많은 응원과 격려 해주세요.",2,2021-08-12T01:53:33Z
i-TYLqgs354,UgzuBOFV1i26BfTVQD94AaABAg,@user-ci6lc7tu9s,수많은 불닭볶음면을 드신 그대에게 cheers.,32624,2022-07-10T10:12:12Z
i-TYLqgs354,UgypssHPBnO8dQza0L54AaABAg,@user-jh8tt9fx1j,불닭 안 좋아하는거 치고 는 겁나 많이 드셨는데...ㅋㅋㅋ,8828,2022-07-10T10:23:51Z
i-TYLqgs354,UgwkyqHJMFyv4hbL-LJ4AaABAg,@하이-j4c,불닭을 말하고 자심도 웃겼는지 웃는 먹스나님 ....,591,2024-04-01T10:44:22Z
i-TYLqgs354,UgwP9Z_dbWA5_kigAiN4AaABAg,@user-eq6m720,넘 달고 맵고 느끼한거 싫어하시는군요ㅋㅋㅋㅋㅋㅋ,4461,2022-07-10T13:47:06Z
i-TYLqgs354,UgyRLy-t2p6xT5895Il4AaABAg,@moonlight_AND_starlight,"불닭 먹고 치즈보고 휴지 먹는줄 알았어욬ㅋㅋ















+ 좋아요랑 댓글 감사해욧
+ 근데 치즈 싫어 하시는데 왜 불닭 먹고 치즈는 왜먹..",4919,2022-07-10T10:59:36Z
i-TYLqgs354,UgzPkoDXEk6-SYr1UxR4AaABAg,@송유민-o3i,"불닭볶음면이 빛 때문에 그런가 왜 이리 
팔도 비빔면처럼 생김..?",197,2025-07-28T15:12:33Z
i-TYLqgs354,UgzX55rl-ngdVRELETV4AaABAg,@1234spqnep,안 좋아하시는 음식도 많으신데 시청자들을 위해 모든 걸 먹은 먹스나님은 대단하십니당,4423,2022-12-18T13:35:10Z
i-TYLqgs354,UgznQGinF_o8kDBAQ5N4AaABAg,@baeseongmin0514,불닭볶음면 먹을 때 체다 치즈 인데 휴지 먹는 줄 알았어요 ㅋㅋㅋㅋㅋㅋㅋㅋㅋㅋㅋㅋㅋㅋㅋㅋㅋㅋ,1791,2023-01-04T10:01:49Z
i-TYLqgs354,UgzLtx1M1NhOvFZkfnR4AaABAg,@다루짱,불닭먹을때 치즈드시는거 휴지먹는줄ㅋㅋㅋㅋㅋㅋㅋㅋㅋㅋㅋㅋㅋ,4,2025-04-20T14:08:02Z
i-TYLqgs354,UgwcCE4_CH8oiLWdMAp4AaABAg,@강정훈-e1v,저 불닭 드시고 치즈 드시는거 휴지 드시는줄 알았어여ㅋㅋㅋㅋ,2920,2023-11-25T13:48:36Z
i-TYLqgs354,UgyahkS5CYmzscA2mkd4AaABAg,@규동-i6t,불닭먹고 나서 입 휴지로 닦는줄 알았는데 먹어서 놀랐다는...ㅋㅋ 잘보니 체다치즈였다.,389,2023-08-13T12:37:03Z
i-TYLqgs354,UgxsTMCHBx_Hh7ZUqDZ4AaABAg,@김주은-s6j,"안좋아한다면서 마지막에 벌꿀집 먹고 따봉
하는우리 먹스나 언니 넘 웃겨ㅋㅋㅋ",1,2025-04-27T08:48:17Z
i-TYLqgs354,UgyS9lRfiKWHm15i9Lp4AaABAg,@Kanepanindae,벌집 꿀 먹을때 표정 ㅋㅋㅋㅋㅋ,10,2023-12-28T10:06:39Z
i-TYLqgs354,UgxQ9Xf6gad3tUUk1o94AaABAg,@muksna,"앗... ㅋㅋㅋㅋㅋ 어제 잠깐 유튜브 못 왔는데... 
이게 무슨일이죠 ㅋㅋㅋㅋㅋㅋㅋㅋㅋㅋ 
싫어하는 음식 먹는 영상 봐주셔서 감사합니다~~
저는 매운거, 단거, 너무 자극적인 맛을 싫어합니다
그래서 엽떡도 못 먹어요ㅋㅋㅋㅋㅋㅋㅋㅋ
.
아 그리고 불닭볶음면 맞아요 ㅎㅎㅎ 
작은컵
아마 보정이 들어가서 면이 약간 
비빔면처럼 보이는거같아요~ 

오늘도 열심히 먹겠습니다~",1689,2022-07-11T08:19:05Z
i-TYLqgs354,UgyMGtaGCij9UBHors94AaABAg,@장꾸-g6g,불닭이 왤케  비빔면 같냐,20,2025-08-30T00:26:15Z
i-TYLqgs354,Ugw5_8zJCJGgHlZLuDp4AaABAg,@user-mg1mr8jw6c,안 좋아한다면서 너무 잘드시잖아요ㅋㅋㅠㅠ,742,2022-07-10T13:03:55Z
i-TYLqgs354,Ugw1FAI5g0iaKjbNAGZ4AaABAg,@동글동글-x8t,으어 벌꿀먹고 살짝 당황한 얼굴 넘 기여버...,715,2022-12-16T09:10:55Z
i-TYLqgs354,UgzFklibJYjQO7I7xWF4AaABAg,@ywzoo,아니 맨날 불닭에치즈드시자나욬ㅋㅋㅋㅋ,1,2026-06-07T10:00:54Z
i-TYLqgs354,Ugzj52Cy0ABukZwvnB94AaABAg,@쌈뽕-b2k,그러기에 웃으면서 맛있게 먹는데ㅋㅋ,30,2023-12-22T14:22:20Z
i-TYLqgs354,Ugy8WmzR9JMu8vJDfqp4AaABAg,@d1_ung,무리하게 먹지마시고 건강하세요~ 먹스나님 영상만 보면 힐링됨,479,2022-08-04T07:01:05Z
i-TYLqgs354,Ugye3K5r2-ubrRb8sBl4AaABAg,@지아먹고싶은,나 처음에 불닭보고 비빔면 인줄:;,2,2024-10-22T13:28:51Z
i-TYLqgs354,Ugziw1hv-X966awlasd4AaABAg,@jiwoo7027,ㅇㅁㅇ 저거 불닭 면이 되게 비빔면 면 같이 생겼다,245,2022-07-10T12:16:23Z
i-TYLqgs354,Ugz79jXqTVjXXNMsBeV4AaABAg,@violetc.,"마지막 단거 흡입한 내얼굴 완전 똑같아요
저도 저렇게 단거 못먹는데 진심 그런 표정 나와요ㅋㅋㅋㅋㅋㅋ",252,2022-10-07T10:30:04Z
i-TYLqgs354,UgxQpzL1OYQbS8wtfVd4AaABAg,@Yellowbbanana,붉닭 먹고 치즈 먹을때 휴지 먹는줄ㅋㅋㅋㅋㅋㅋㅋ,1,2024-08-15T12:54:08Z
i-TYLqgs354,Ugzgz25Ce9pNfbxvAVx4AaABAg,@쌰갈-c9h,싫어하는 음식을 꾹 참고 먹는다는건 대단해용!,337,2022-09-16T09:10:32Z
i-TYLqgs354,UgyeQuhuvBRdPnHiJCJ4AaABAg,@user-bb5pu5kc1z,ㅋㅋㅋㅋㅋ좋아하는 걸로도 해주세요~,205,2022-07-10T10:14:49Z
i-TYLqgs354,UgxPDxaPPinF3rcJuap4AaABAg,@이승민-e9h-g3w,다 제가좋아하는 거,2,2026-02-19T22:32:08Z
i-TYLqgs354,UgwMhsgFB7HDZ78QApl4AaABAg,@mijungyoonyun474,불닥 드시구 치즈 드실때 휴지 드시는줄ㄷㄷ,16,2022-10-02T11:49:35Z
i-TYLqgs354,UgwS0lbZ8OxH6_nBVlp4AaABAg,@김주녕-q5b,웃는거 너무 예쁘다 😍 ㅋㅋㅋ,127,2022-07-16T13:56:07Z
i-TYLqgs354,Ugw9pjIuIjFRMwNxWTx4AaABAg,@카림-kalim,매운고추 안좋아해요할때 자막엔 내 응꼬 차가 5라고 떠요 ㅋㅋㅋㅋㅋ,0,2026-06-04T11:46:23Z
U3mjvVvM5c0,Ugzc4cDE4ls2fvxepv54AaABAg,@Son_hae,강사입장으로써 쉬는 시간에 둘이불러놓고 둘이 대화하는거 구경합니다ㅋㅋㅋㅋㅋㅋㅋㅋㅌㅋㅋ,75,2023-06-11T10:12:33Z
U3mjvVvM5c0,Ugy82ejCCWWKBJApEs94AaABAg,@칸쵸16,모자를 벗었는데...머리는 보송보송한데요?!ㅋㅎㅋㅎㅋ❤❤😂😂,5,2026-06-09T11:33:05Z
U3mjvVvM5c0,UgwDKAJXG8PlI9RWN9N4AaABAg,@EK._o,수호:영아는 저런 표정 지어도 예쁘다...,922,2022-10-27T05:16:00Z
U3mjvVvM5c0,Ugw2nbQVQzzfk0LXo4N4AaABAg,@버블8832,우와.. 부럽네요.. 저희는 초딩때 코로나 때문에 교실 바닥에서 허우적 거렸는데........😢,41,2024-08-24T03:57:00Z
U3mjvVvM5c0,Ugz6tPuL-62N0cnybbh4AaABAg,@지유-l4o7,너무웃겨😂😂❤❤,18,2024-02-05T10:43:57Z
U3mjvVvM5c0,UgzzNf_zLfKqYRvWH0V4AaABAg,@유라-y2w,민지 발차기 할때 밑에 의자 있는 거 웃기네용ㅋㅋ,1,2026-07-04T11:42:35Z
U3mjvVvM5c0,UgwxL8Fd2B-v-Vhyvg94AaABAg,@engene_1234,영상 너무 재밌어요!!💜💜 항상 응원할게요!!💕💕💕,65,2022-10-26T08:58:33Z
U3mjvVvM5c0,UgzH2AuOU95QKqusbTN4AaABAg,@강러부의꿈,우리반에 진짜 김수호라는 애 있는데…ㅋ,2,2026-04-06T11:46:57Z
U3mjvVvM5c0,UgwfV8Gu5G6fmaWLv7F4AaABAg,@마치된것같아갓이브,저렇게 했는데도 자기마음 안받아주면 뒤에서 몰래 친구한테 그짝남 “@@@ 걔 철벽남이 따로없어”이런식으로 짜증내는거 국룰이에욬ㅋㅋ,6,2023-02-13T08:14:41Z
U3mjvVvM5c0,UgwGo0zQ-0dPdEK_0iJ4AaABAg,@zhiyouli5106,맞아요!!!이런영상이 더욱재밌고 다른것도 봤는데 다른영상도 완전 재밌고 너무 재밌어요 진짜너무너무 재밌는 영상 올래주셔서 너무 감사해용 그리고 사랑해요💕💕♥,8,2023-03-14T07:08:39Z
U3mjvVvM5c0,UgwS3ljwhmyMG9L2Fs94AaABAg,@hermione_.10s,"수영장에서 수모 꼭 써야하는 이유가 수영장 물속 벽에
물 빨아들이는 작은 하수구가 있는데 옛날에 외국에서
어린이가 수모 안쓰고 물속에 들어갔다가 하수구에 머리카락이
엉킨채로 들어가버려서 물속에서 나오지 못하고 죽은
사고가 있었다고 해요..
수모 쓴거 불편해도 꼭 써주세요🙏🏻",289,2022-10-26T10:26:52Z
U3mjvVvM5c0,UgzLiYU80QjGwk9xlCB4AaABAg,@ChoJining,2빠! 영상너무 재미있어요 언니 항상챙겨보고 있어요❤❤,24,2022-10-26T08:59:26Z
U3mjvVvM5c0,Ugw-gncerZJzuVQ5MUd4AaABAg,@Harr_jsdnu06,대~박 진짜 저희 친군데;; ....너무 공감이에요❤️ 진짜 너무 재밌네용..!!!! 전 잠수 2분 32초로 4학년 수영 1등이에요! 아무튼 오늘도 재밌구 공감되는 영상 감사합니당❤️사랑해영 항상 감사해요💙,13,2022-10-26T09:24:41Z
U3mjvVvM5c0,Ugzk1PUgaYKExYXLWJN4AaABAg,@dydTmrdl,생존수영 너무 무서워요....ㅠㅠㅠ,3,2023-12-08T04:43:26Z
U3mjvVvM5c0,UgwZPC90yixhcDZ9QZd4AaABAg,@nayeax,"와 진짜 소.확.행
켈리쌤 영상이 올라올때마다 너무 행복해용~~",31,2022-10-26T10:14:36Z
U3mjvVvM5c0,UgzuunnqDa-1JWoDu-N4AaABAg,@한나윤-s6c,인정이욬ㅎㅎ 오늘도 공감되는 학교생활 사랑합니당~^^,7,2022-10-26T10:23:32Z
U3mjvVvM5c0,UgyJ7LdhodIVCaqHQUV4AaABAg,@0525-c6r,아니 생존수영 같다 오면 배부른건 내 기분 탓 인가...,1,2023-06-01T12:14:02Z
U3mjvVvM5c0,UgzNX9vAEdXlGGP6_PF4AaABAg,@sinsia_0422,"저도 내일 생존수영가는데 하필 오늘 독감을 맞아서 잘 할수 있을지는 모르겠지만 켈리님 영상 보고 재미있을것같단 생각이 들어서 
할수 있을것같더라구영 
항상 영상 재미있게 올려주셔서 감사해요!❤",11,2022-10-26T10:23:48Z
U3mjvVvM5c0,Ugwfu7GGp2NERQKiLJV4AaABAg,@cute21_,으앙 넘 늦게와서 죄송해요ㅠㅠ오늘도 언제나 밝으신 켈리님♡응원해요!!화이팅!!💓,2,2022-10-26T10:05:12Z
U3mjvVvM5c0,UgzXKZ0TMWkdHqguhE54AaABAg,@누구세요-p1u,"오늘 생존수영했는데 교사님들이 그렇게 난폭하게 대해주지 않더라구요~ 언니가 수심이 엄청깊고 물에 빠져도 안구해 준다고 말해서 엄청 겁먹었는데ㅎㅎ 그렇게 깊지도 않고 요원님들이 쫙~~~깔려있어서 구해줘용 어쩌다 봤는데 물에 빠진애가 허우적대길래 구해줄까..요원님 한테 말할까..생각하던 사이에 요원이 구해주고 있었어요~
생존수영 그렇게 어렵지 않아요",20,2022-10-27T08:36:10Z
U3mjvVvM5c0,UgzOZnYSMX8nGOeUx6Z4AaABAg,@이승훈-c5n6o,켈리님! 항상 좋은 영상 주셔서 감사해요!! 오눌도 즐감하고 가용^^,3,2022-10-26T10:09:52Z
U3mjvVvM5c0,UgwSzHGSWfwWEg5U87N4AaABAg,@jimi._.,저희는 5학년인데 생존수영은 못배웠고 2차성진은 나타나고 있어서 VR로 했습니다ㅜㅜ,1,2022-10-26T14:06:01Z
U3mjvVvM5c0,Ugwi2rRzbkw10qwK2ax4AaABAg,@서권이TV,저 내일 생존 수영 가요!! 근데 때마침 이 영상이 올라왔넹,2,2022-10-26T12:50:52Z
U3mjvVvM5c0,UgzLhux1Pg16xmsVeo54AaABAg,@yyuuhhwwaa,전 남친이 웃통 까고와서 얼굴 못 봄,2,2023-12-08T11:15:09Z
U3mjvVvM5c0,Ugz-SoBghrNXQGshHWN4AaABAg,@창섭김-b6o,드디어. 3학년대서. 생존 수영 간다. 야호,1,2024-01-01T12:28:03Z
U3mjvVvM5c0,UgzgH6h4J-H1Q7VKU_l4AaABAg,@성효린-h4z,김부장에 나오는 김민지 ㅋ❤,0,2026-07-08T23:20:20Z
U3mjvVvM5c0,Ugwcj0GZt0D2u4FlFrp4AaABAg,@까맹이,켈리쌤...의자에 앉아서 혹자 수영복 입고 집에서 그런 모습을 보니...현타가 많이 오셨겠어요..,1,2023-02-09T06:42:52Z
U3mjvVvM5c0,UgyXh8dHsY2US4Pf9sl4AaABAg,@박신형공용,ㅋㅋ오늘도 제밌게보고가요...!!좀만더 빨리올걸,1,2022-10-26T09:32:17Z
U3mjvVvM5c0,Ugy_Shr_wLneM9wnHWp4AaABAg,@user-ps7iw8pe5r,나도 저런적 있었는데 어떤 못생긴 친구람 복도 지나가고있었는데 갑자기 그놈이 못생긴 표정 지으라고 하고 무시하고 그냥있는데 어떤 여자애가 걸어오는거임 여자애는 지나가고 친구는 나한테 짜증내면서 쉬는시간 끝나서 반가서 준비하는 데 아까 그 여자애가 나한테 오더니 이젠 내 여자친구다 이  친구랑은 절교함,1,2024-11-10T12:28:24Z
U3mjvVvM5c0,Ugw-4-FQijUdkU4ZogR4AaABAg,@길가던하오라,진짜 완전 군대같았다..ㅋ,1,2023-01-19T10:00:46Z
RvU5nH2Esxg,UgzgdNrvure91U8wiT94AaABAg,@kyungjinlee9829,"악플다는 사람 몸무게
👇",8859,2025-01-14T09:53:23Z
RvU5nH2Esxg,UgwyRzAsbA79Ye26Cc94AaABAg,@부대찌게BODAJIGA,"악플다는 사람 발 크기는?
ㅣ
ㅣ
ㅣ",1717,2025-05-28T09:34:11Z
RvU5nH2Esxg,Ugyu0D014NKUPRuhzbx4AaABAg,@Ludongseok,"악플러들 신고 당할확률
⬇️
⬇️",3365,2025-02-24T03:24:53Z
RvU5nH2Esxg,Ugw1nLk6RwWzQTzwUkx4AaABAg,@루코-z8e,"리얌님 연기 너무 잘하고 너무 복스럽게 드세요.😮 먹방을 보는 제가 먹는거 같아요.
악플러는 물러가라!!",16,2026-03-23T11:06:01Z
RvU5nH2Esxg,UgzX02Q9GpuiYY6Oenh4AaABAg,@우주채강귀요미,"악풀 안달 거면❤
👇",3302,2025-01-23T13:15:40Z
RvU5nH2Esxg,UgxY-PbIHhGvBPt6mzp4AaABAg,@sungholee550,"악플러가 부모님한터 혼날 확률 
👇",1668,2025-12-27T10:56:13Z
RvU5nH2Esxg,UgxksbNJ1LsTpcoZTih4AaABAg,@EunjungSon-g1o,악플러는 혼나야한다면  좋아요❤,73,2026-03-14T03:58:44Z
RvU5nH2Esxg,UgxHP1TBSK5OidtJ_1l4AaABAg,@rlv벌,인정 진짜 실제로 보면 한마디도 못할것들이 인터넷이라고 입터는거 진짜 ㄹㅇ 찌질 그 잡채임;;,1,2026-05-25T12:04:06Z
RvU5nH2Esxg,UgxJRjZNPtTgkgez1Td4AaABAg,@김성남-8n,"악플러 머리카락빠지는수 
👇🏿
👇🏿
👇🏿",737,2026-01-22T23:55:10Z
RvU5nH2Esxg,UgwclYGW80cmbhe3zop4AaABAg,@김형욱-e2x,"리안님 화이팅 악풀 안달사랑 여기 눌러
👇",1233,2025-03-01T14:19:34Z
RvU5nH2Esxg,UgyoqN-lmxLe-JYXarp4AaABAg,@정화서-y1q,"리얌님,저런 사람들 신경쓰지말고 계속
먹방해주세요❤ 재밌고 군침돌아서 중독성 있네요.화이팅이에요❤❤",28,2025-12-25T11:51:49Z
RvU5nH2Esxg,UgxruF7w2r2aDrpS1aR4AaABAg,@박시우-x5g,오도동님 너무 무서어요 ㄷㄷㄷㄷ,2,2026-06-13T01:16:42Z
RvU5nH2Esxg,UgyXwNUqanROWhZVMZV4AaABAg,@SsS-m6j,ㄹㅇ 인스타랑 댓글 정반대여서 놀랍네 ㅋㅋ,1568,2024-08-10T16:36:30Z
RvU5nH2Esxg,UgwaBR64KoY2WoB93ml4AaABAg,@axenivy,"악플러들 벌받을 확률
ㅜ
ㅜ
ㅜ
ㅜ
ㅜ
ㅜ
ㅜ",628,2025-09-06T04:50:47Z
RvU5nH2Esxg,UgzpwJRNlF11FWGRmQ54AaABAg,@양파-123,"화이팅하세예ㅣㅣ 악플은 부러워서,너무 잘해서 질투나서. 달는거에요  악플 신경쓰지 마세요!리얌님
화이팅입니당❤",214,2025-04-18T09:02:28Z
RvU5nH2Esxg,UgzhPhYbLAElxV_6dHZ4AaABAg,@유라-n7r,아니 리얌님 표정이 뭐어때서;;;보기만 해도 기분 좋아 지구만;;,0,2026-06-21T08:50:27Z
RvU5nH2Esxg,Ugx_H5GOuU7juPTBWbR4AaABAg,@수다구리-h7q,"리얌님 악플러들 조심하고 악플 받아도 무시하세요
짜피 선물을 줄 때 않받으면 그사람한테 다시 돌아가는데 악플 받아도 않받으면 다시 반사가 되여
❤ 리얌님 ㅎㅇㅌ!!❤❤",77,2025-05-20T07:41:01Z
RvU5nH2Esxg,Ugwlggq9QDNsiAhyxCd4AaABAg,@Binple_2,""" 기어오를 수 있을 것 같냐 ""

자기를 낮춰 악플을 카운터치는 고급 기술;",27,2026-01-06T05:18:49Z
RvU5nH2Esxg,UgwrNwX6fmz2xCn7kMN4AaABAg,@노-j8k7v,"안녕하세요 저는 지나가면서 선플달기를하는 학생입니다 악플러들이 많은데 불구하고 이렇게 재치있게 받아치는거 보기좋습니다!악플러신경쓰시지 말고
건강하시고 힘내세요!악플러들이 없어지면 좋겠네요!😊❤",9,2025-12-09T14:11:14Z
RvU5nH2Esxg,Ugxti1o8L52RCZVQRyV4AaABAg,@하류채널,"3번째 악플은 반대로 하면 ""진짜 표정 존나 만족 임❤❤"" 이라는 사실 ㅎㅎ",1,2026-05-25T14:42:32Z
RvU5nH2Esxg,UgyNH5KuSmgFehYxjbh4AaABAg,@겜하는목소리,그렇게 살도 찌지안고 잘생겼고 멋있는 먹방으로 사람들을 줄겁게하는 착한사람입니다,65,2025-09-11T05:48:57Z
RvU5nH2Esxg,UgxgrbDA7e9Pzk_83pl4AaABAg,@권예희-z3t,"악플달지않고 좋은 것만 달아 줄 사람
👇",945,2025-01-31T00:07:01Z
RvU5nH2Esxg,UgxqNgm_qaLBzorvHzp4AaABAg,@로블록스_지유,"리얌님 구독했어요. 그리고 여러분 악플안들사람
👇",514,2025-03-02T12:58:27Z
RvU5nH2Esxg,UgwRmbx65PijLfqU0ih4AaABAg,@들깻잎순,이몸무게로 어떻게 기어오르냐니ㅠㅠㅠㅋㅋㅋㅋㅋㅋㅋㅋㅋㅋㅋㅋㅋㅋ아 ㅋㅋㅋㅋㅋㅋㅋㅋㅋㅋㅋㅋㅋㅋㅋㅋㅋㅋㅋㅋㅋㅋㅋ여기서 빵터졌어요ㅠㅠㅠㅠㅠㅠㅠㅠㅠㅠㅠㅠㅠ 근데 애초에 먹는걸 좋아하기때문에 요리도 어느정도 하고 그래서 유튜브 시작한거같덩뎅,0,2026-04-06T12:29:04Z
RvU5nH2Esxg,Ugx8cAY0O6MAEc1TBm94AaABAg,@Stone-H2o,리얌님 악플에도 안 슬퍼하시고 오히려 영상으로 극복하는거 대단 하심!!,19,2025-09-03T06:47:57Z
RvU5nH2Esxg,UgyDqmNkW4iZ9L3bVp14AaABAg,@전데요-u5l,와 인스타랑 댓글분위기 겁나 다르노ㅋㅋㅋ,58,2025-12-19T15:15:47Z
RvU5nH2Esxg,UgzrO28R6lfNW-p1jNx4AaABAg,@유오닛,"악플들
콧구멍 닫고 씹기:ㅇㅉ 니가 해보던가
ㅈㄴ 띠껍게 먹네:그게 보기 싫으면 영상을 보지마
표정 짜증남:너는 얼굴부터 짜증나
기어오르네:지는ㅉㅉ
뒤지게 재미없다:그럼 영상을보지마
연기 존나 못하네:넌 연기 잘해?너가 잘하는거 보여줘봐

제리얌님!악플러보다 선플러가 더 많아요!화이팅!

To.악플러
생각좀 하자,,생각을 해도 생각만해 제발 이런곳에다 달지말고,,;;니네가 더 못함 ㅋ





—
To.제리얌님
제리얌님 화이팅!열심히하는게 보기 좋아요!악플러들은
제리얌님이 주러워서 그러는 거예요!",159,2025-08-09T08:35:16Z
RvU5nH2Esxg,UgyJmJr6Qc4obGA1zhd4AaABAg,@YHO-t9l,근데 악플다는거 나도 먹방에 뜨고싶다고 일부러 악플다는거 같음ㅋㅋ,1,2026-06-02T13:36:00Z
RvU5nH2Esxg,UgysoZLAYiHAkZhkOXt4AaABAg,@woo_twins,"아풀 몸무개임
👇",441,2025-07-05T06:37:15Z
RvU5nH2Esxg,UgyYhUAVBmZmne2rrSl4AaABAg,@희진장-t6r,"악플러 도비 같으면
⬇️",627,2025-05-02T12:27:19Z
OcEylGxVRlI,Ugw8m3Czyrq8CrzYy4d4AaABAg,@하영-l1h,와 … 저런 사람이 걸어오면 와 … 이목구비며 분위기 개사기다; 실물은 얼마나 이목구비가 어마무시할까,2032,2023-01-27T19:01:47Z
OcEylGxVRlI,UgwsK05BsaWAj3QkblN4AaABAg,@어응-u8d,뒤지게 잘생기긴했네,1161,2023-07-17T14:13:49Z
OcEylGxVRlI,Ugz6txNPXdQNiIgr9X54AaABAg,@몰기니,얘보다 눈 이쁜애 아직못찾음,2400,2023-07-11T15:18:13Z
OcEylGxVRlI,Ugx_dn-iZB1QLXkOugl4AaABAg,@eternalkyhkk,실물을 못담네.... 실물 진심 ㄹㅈㄷ인데,127,2023-11-07T19:07:46Z
OcEylGxVRlI,UgwgEGbAEEVN3mnPgA14AaABAg,@oipumpkin0,눈에 무슨 호수를 담음,163,2026-02-24T04:42:03Z
OcEylGxVRlI,UgyieZN4z9TnbXYtbGF4AaABAg,@핑크공주-z9p,실물봤는데 이것보다 더 잘생김 헉소리남,376,2023-03-21T13:57:32Z
OcEylGxVRlI,UgwtTt76aXb6kbSIG3F4AaABAg,@쇼타로버블티-j1w,아니 저 실물 봤는데 ㄹㅇ 이목구비 미쳤어요ㅠㅠ저 그자리에서 바로 기절함 ㅋㅋㅋㅋ,641,2023-05-10T16:38:25Z
OcEylGxVRlI,Ugyz3ErnnWehLsrORtp4AaABAg,@rullrurallra2,박지훈 실물도 청순해,167,2023-03-20T04:06:33Z
OcEylGxVRlI,UgyeNimVh48Qut9lc-t4AaABAg,@MN-hr7sw,소매 진짜 모에화됨... 기얍다,413,2023-08-03T06:07:45Z
OcEylGxVRlI,UgxW3AonNlqWPhItFPJ4AaABAg,@meijin9638,청순한 분위기인데 복싱 아이스하키 유도 등등 운동 좋아하고 심지어 잘함 진짜 만능캐임,199,2023-02-04T15:25:10Z
OcEylGxVRlI,UgyGlaSwcTQxJRs7S5B4AaABAg,@이나나-e5k,눈이 이렇게 이쁘면서 잘생기면 느끼하게 느껴지는디 박지훈 눈은 너무 달라... 슬프고 이쁘고... 막 여러가지 눈빛이야 💕,58,2026-03-26T16:28:50Z
OcEylGxVRlI,UgzRME_Zdy5BG1eLw1h4AaABAg,@잘생긴게최고야-v8r,전설은 여전하다,137,2023-07-05T16:03:03Z
OcEylGxVRlI,UgwO_1wACkAUOoVr3hZ4AaABAg,@김수진-v8n8f,키 작아도 눈이 엄청 예쁘고 연기를 잘하니 상관 없는듯 본업이 존잘인데 키야 신발 신으면 되는거지 뭐. 눈이 진짜 보물 같음,232,2026-02-18T09:36:34Z
OcEylGxVRlI,Ugy5UHbbeEoEOqZupv14AaABAg,@xxoxxiixo,미띤얼굴봐 역시 내 안목은 정확해,39,2023-07-12T00:45:25Z
OcEylGxVRlI,UgwuAagrQs5o7f-MwIB4AaABAg,@털레콤원,이건뭐 만화주인공인가..? 겁나 잘생겼네요..ㅎ,143,2023-05-27T07:14:18Z
OcEylGxVRlI,UgxqBpWGxWJF2HLgRfd4AaABAg,@kyouno_s,얼굴은 소년인데 어깨도 넓고 몸매도 좋아서 보기좋음ㅠ 눈이 진짜 사람 홀리는 눈이여,137,2023-02-06T18:19:25Z
OcEylGxVRlI,UgyMoaTyhlaAkDW6Llx4AaABAg,@hn02100,와 진짜 인형,62,2023-01-31T22:38:03Z
OcEylGxVRlI,Ugyg3rbJ4ZVWw730Ps94AaABAg,@woo-kyoungko9219,얼굴이 남는거다...미모가 전부가 맞아...,15,2026-03-26T14:11:21Z
OcEylGxVRlI,UgwHOXhCOBQjwVdwieh4AaABAg,@냠-v6l,"나만의 데이터긴 한데 일반인이든 연예인이든 키 좀 작은 편인 남자들이 더 미남이 많은 것 같음,,,,,",368,2026-03-03T16:21:48Z
OcEylGxVRlI,UgwPgIdqRAQAZ89Q5YB4AaABAg,@Hyhhgavabs,요정같아ㅠㅠ,35,2025-11-24T09:17:08Z
OcEylGxVRlI,UgwBQHOr6le2h7d7q_R4AaABAg,@yek7706,눈이진짜...  홀리는눈임,13,2026-03-17T14:34:52Z
OcEylGxVRlI,Ugz3YUxZAFxnosX-xjh4AaABAg,@MayHUNJI,지훈이는 눈이 항상 습기를 머금고 있네 ｦヲｦヲｦ,27,2026-02-20T09:37:41Z
OcEylGxVRlI,UgxA4hXbz2eCMIm7BFR4AaABAg,@미미-n7k8w,와 너무 예뻐ㅠㅠㅠㅠㅠ 진짜 개이쁨 뭐냐..,32,2025-07-06T12:00:08Z
OcEylGxVRlI,UgxoTAlWRyYF3khaErJ4AaABAg,@mymoment-el7mo,큰일났다... 반해버렸다😊😊,37,2025-09-12T08:00:08Z
OcEylGxVRlI,UgwneKa6illzx7C_jxl4AaABAg,@kkong_d,말이 실물이지 ㄷㄷ… 폰카로 저정도여봐 ㅁㅊ,19,2025-05-07T15:35:29Z
OcEylGxVRlI,Ugy6UTzj8VxIKqnYq7h4AaABAg,@탄-l4f,예의바르다,106,2023-02-15T10:12:33Z
OcEylGxVRlI,UgwG4xeJqaklfRpMYl54AaABAg,@Kalla-o5w4wpp,진짜 요정같다 진짜.... 진짜 내인생에서 지훈이말고는 다시는 못볼 얼굴임ㅜㅜ 너무좋아박지훈,68,2023-02-08T13:11:45Z
OcEylGxVRlI,Ugw1j7MQfEQs4d2IV-R4AaABAg,@user-hu5hd6gn8b,아웅 귀여워,32,2025-05-21T09:44:47Z
OcEylGxVRlI,Ugyatj4Wr9b64EkJgVl4AaABAg,@98_o9o9,와..잘생기셨다..,44,2023-04-21T14:52:34Z
OcEylGxVRlI,UgyazSpexYXRH-y8xRx4AaABAg,@user-thsjdhdhwjsjahxb,너무 귀엽다... 요정같아,16,2026-02-19T18:15:45Z
4-NJPgfY3Kw,UgxLUiwdPz9x2QQD3hN4AaABAg,@ggon643,역시 우리 김치사발면 공주 박조이 ㅋㅋㅋㅋㅋㅋ,7,2022-04-08T05:17:37Z
4-NJPgfY3Kw,Ugw3Lo7_ASxh8Ypxj5N4AaABAg,@rvd8044,그와중에 음색 좋아 ㅎㅎ,7,2022-04-08T10:47:15Z
4-NJPgfY3Kw,Ugw4IM7McR77oHpQRTN4AaABAg,@9yuuuura,김치송 무ㅓ야ㅋㅋㅋ 박조이 엉뚱한거 귀여워ㅋㅋㅋ,7,2022-04-08T22:00:15Z
4-NJPgfY3Kw,UgzthCpsnAHsSd7w-KN4AaABAg,@Palpatine-The_Imperator,와 레벨도 사람 맞구나ㅋㅋ. 저 노래를 부르네,4,2022-04-12T01:47:43Z
4-NJPgfY3Kw,UgxHbox6UGbFpi3t_eR4AaABAg,@_imyour_joy,만약에 김치가 없었더라면 무슨 맛으로 밥을 먹을까~~~!!!,1,2023-10-03T16:22:24Z
DHNAG8wYxWs,Ugx59OyAjeU9-S6pJcl4AaABAg,@정은휘-l5v,졸귀탱,1,2021-08-11T00:51:20Z
Qk6PTmimPrU,UgxlNGsoSLmR-j4xKUJ4AaABAg,@castu_korea,풍차돌리기 캐스팅 할게요 💜,119,2023-09-11T08:28:21Z
Qk6PTmimPrU,UgxHXbWJd9xTRr039f54AaABAg,@ovserver,마지막 역시..ㅋㅋㅋ웬일로 정상적으로 끝나나 했다...,315,2023-09-01T13:00:51Z
Qk6PTmimPrU,UgwffGX2jnfRUaVKE0Z4AaABAg,@gamining3897,귀엽고 엉뚱하지만 재밌고 이쁘신 아람님이네요,63,2023-09-01T12:27:45Z
Qk6PTmimPrU,UgyvdP8RWwz66YYYlqp4AaABAg,@houneyjam4775,귀여워 ㅎㅎ 나이들어서 그런가...  재롱보는거 같아서 보기 좋다 ㅋㅋㅋ,16,2023-09-01T13:01:11Z
Qk6PTmimPrU,UgwLvb2zWRglXkQVeOF4AaABAg,@vvvvvvvvvivvv,ㅋㅋㅋㅋㅋㅋㅋㅋ역시 마지막 ㅋㅋㅋㅋ그냥넘어 갈리가 없지,12,2023-09-02T00:14:03Z
Qk6PTmimPrU,UgwDXb5-E-POO9JDP_d4AaABAg,@footballya-KR,"아진짜존나웃기넼ㅋㅋㅋ 직업 ""제로투 추는 사람""ㅋㅋㅋㅋㅋㅋㅋㅋㅋㅋㅋㅋ 마지막 풍차돌리기 개웃기넼ㅋㅋㅋㅋㅋㅋㅋㅋㅋㅋㅋㅋㅋㅋㅋㅋ",5,2023-09-13T13:13:39Z
Qk6PTmimPrU,UgziT71kZzbcmnfh2sJ4AaABAg,@bourneethan3190,아람이 홍박사 춤 개 찰지고 사랑스러움,5,2023-09-02T07:40:15Z
Qk6PTmimPrU,UgzsYh8IN_VzHCOItjZ4AaABAg,@고라파덕-s8v,어떻게 사람 직업이 제로투 추는 사람 ㅋㅋㅋㅋㅋㅋ,6,2023-09-01T12:27:30Z
Qk6PTmimPrU,UgwHNywcjb6H0SavlGl4AaABAg,@asmr-im7ir,옆돌기하는거 정말 짱❤이에요!! 🤩🤩🤩,8,2023-09-01T13:16:18Z
Qk6PTmimPrU,UgxmSTDArqY4kY7VRw54AaABAg,@SangKIM-et6yh,귀엽게 인터뷰ㅎㅎ피부도 좋고 귀엽고 이쁘네요,6,2023-09-05T08:39:43Z
Qk6PTmimPrU,Ugzn3B6gp0Wh36oxSi54AaABAg,@Koz_zico,풍차돌리기하며 퇴장 개웃기네 ㅋㅋㅋㅋㅋㅋㅋ,4,2023-09-03T13:44:59Z
Qk6PTmimPrU,UgxY2QTSPVkHmedK8at4AaABAg,@juliett._.whiskey,진짜 너무 귀엽다...,4,2023-09-07T07:08:49Z
Qk6PTmimPrU,UgyeUhb3emIfje6Pqnh4AaABAg,@akabbangoon,아림찌는 실패없찌❤,3,2023-09-01T15:58:34Z
Qk6PTmimPrU,UgwPwZmaMkE2V8WHVbt4AaABAg,@cna7568,제로투 하나 싶었는데 ㅋㅋㅋㅋㅋ저기서 옆구르기ㅋㅋㅋㅋ,2,2023-09-01T14:05:20Z
Qk6PTmimPrU,UgyUViLd-LIdpPQrDbF4AaABAg,@eee-iu4dd,진짜 존나이쁘다,2,2023-09-01T14:27:32Z
Qk6PTmimPrU,UgxtokkSZEn1j8UDFPJ4AaABAg,@뚤딸이는두둥탁,진짜 매력 덩어리야,3,2023-09-06T12:52:34Z
Qk6PTmimPrU,Ugyabkev7T36fSs9_qd4AaABAg,@fromis_9flover,아림찌 이쁘다,3,2023-09-01T14:20:56Z
Qk6PTmimPrU,Ugwm8PGkD6GPUH-3yCV4AaABAg,@김쿠키-m4z,EEEE라서 이뽀구나,1,2023-09-09T09:02:24Z
Qk6PTmimPrU,Ugz_qhhAbygk3GInBgx4AaABAg,@worldclass_sonny,넘 귀여워❤❤❤,1,2023-09-01T15:01:44Z
Qk6PTmimPrU,UgzV_ZOp8JF0P_HK1_Z4AaABAg,@나가라구요,맞네.. 별로면 고치면 되네 개똑똑하네 ㅋㅋㅋㅋㅋㅋ,2,2023-09-03T06:30:22Z
Qk6PTmimPrU,Ugx69p1cimBJ-Ca7khR4AaABAg,@순간속의영원,와 근데 마음에 안들면 10억으로 고치면 되니까 개천재당.....,2,2023-09-02T01:34:45Z
Qk6PTmimPrU,Ugyw-FF-YJsR2sIrlHJ4AaABAg,@미니-h4o,진짜 연벙하네 😢,3,2023-09-02T11:48:53Z
Qk6PTmimPrU,UgzzS5BTCB_7Tjy0u2t4AaABAg,@alexb859,Awesome video!!!,1,2024-12-06T04:55:54Z
Qk6PTmimPrU,Ugw7cwy22A24sehTJTN4AaABAg,@01ive_4ever0,넘 귀엽고 이쁨,0,2023-09-01T13:37:03Z
Qk6PTmimPrU,Ugz09XbHd1t4A9BCR_x4AaABAg,@triniel_ssosso,외모도 외모인데 분위기가 이쁜사람 이라는 느낌이 듬ㅋㅋㅋㅋ,0,2023-09-01T12:28:45Z
Qk6PTmimPrU,UgzUjkrYklYpk4wuauZ4AaABAg,@정한종-r1q,아림찌 너무 이뻐요,0,2023-09-01T17:54:28Z
Qk6PTmimPrU,UgwtUDRB-itonD_LSct4AaABAg,@jhj9612,아림찌님 얼굴 10점만점에 10점임 겁나 예뻐!!!,0,2024-05-20T11:58:15Z
Qk6PTmimPrU,UgzvZ2YBDoQBU2X5-wV4AaABAg,@AndersonSalt_kim,"EEEE~~~🎉🎉🎉🎉🎉축제로구나!
아림찌님덕에 웃고 살아요.
직업이 제로투 추는사람이래ㆍㆍㅋㅋㅋㅋ",1,2023-09-02T03:06:21Z
Qk6PTmimPrU,UgwwoVE9J-c6Wnw8ahJ4AaABAg,@harimao_,젤 똑똑하네 ㅋㅋㅋ,1,2023-09-02T01:29:02Z
Qk6PTmimPrU,UgwmSH4VVwX33zLSPjN4AaABAg,@엥_528,헐헐! 빨리왔당!❤,0,2023-09-01T12:32:38Z
iA49SaTAuRs,UgxutCas6jsutP1Uiq54AaABAg,@haha-f7q1b,너무 귀엽네요 완전 금손이시당,3,2022-08-15T11:49:09Z
iA49SaTAuRs,UgzNPQVN2RGXlwmZqZ54AaABAg,@yjs2658,왕~~대박금손~~,0,2022-09-22T11:40:06Z
iA49SaTAuRs,UgzzE98pRTX_-V-8bpx4AaABAg,@pine_cone812,너무너무 잘그려요ㅜㅜ구독하고갈게용,0,2022-09-22T05:57:00Z
s7THdnN6i78,UgywmgMWJZQfcn7Xf1B4AaABAg,@김영숙-v7f9f,다이소에서 실사고..뜨신 큐알코드 보고 깜짝 놀랐네요..^^ 역시 뜨신쌤 대박입니다!!!!,61,2024-12-02T23:09:59Z
s7THdnN6i78,UgwsnvplVR1ngrrgtzR4AaABAg,@hee_myang,제 뜨개 편견을 벗겨주셔서 감사합니다 쌤 작품으로 하루하루 성장하고 있어요 ㅎㅎ (전 사실 여성분들이 더 잘할 거라는 편견 아닌 편견 있었는데 쌤 유머랑 실력에 반해서 요즘 자주 챙겨 봅니다),73,2024-12-03T02:16:17Z
s7THdnN6i78,UgyVLC6SkaS6oO8whqp4AaABAg,@Toto-two,와 대단한 분이었네..,4,2025-11-29T11:11:32Z
s7THdnN6i78,Ugw8hc6q9xBlkM9gNIZ4AaABAg,@user-isiwywi82,여기 어디 다이소인가요? 실이 많네요 궁금해요!!,7,2024-12-12T15:22:43Z
s7THdnN6i78,UgyIgz-w0v4demw3RMZ4AaABAg,@deborak6841,"오~~~~능력자님!!!
뜨신최고~❤❤❤",4,2025-02-18T13:28:16Z
s7THdnN6i78,UgwLYxKijR2b6afev9B4AaABAg,@nyangtown,진짜 설명 진짜 친절하고 꼼꼼하셔서 얼마나 유명해질지 감도 안 옵니다. 더 흥해랏 ㅎㅎ,0,2026-05-08T23:48:16Z
s7THdnN6i78,UgwUBNieAbGUWzbMjeN4AaABAg,@cutejihyun113,최고최고~~~!!,5,2025-08-14T07:50:12Z
s7THdnN6i78,UgykHxyqDB7WkO4mXRR4AaABAg,@예쁘게인생-y3q,오올 역시 네네 찾아볼께요 ㅎㅎ🎉,2,2024-12-02T23:30:59Z
s7THdnN6i78,Ugy3O_UzrMkVLKCxx3N4AaABAg,@오륙도-e6n,"감사합니다
좋은 정보
주셔서
꼭 찾아가서
사야겠네요 ~~!!!",0,2025-11-04T04:28:05Z
s7THdnN6i78,UgwZn1R-ANSMfr_-LAl4AaABAg,@미우니-h8b,어머나~~~오늘에야 이 영상을 보게되네요~~~~후딱 다이소 댕겨와야겠네요^^,1,2025-12-29T09:26:52Z
s7THdnN6i78,UgzTpl1vrtyt-b8csmR4AaABAg,@리얄루,오잉!?!?완전 대박!!!,0,2024-12-04T23:41:19Z
s7THdnN6i78,UgxCd_B2B2sMOdWv8Gt4AaABAg,@꿀송이-y8f,"멋쟁이
다이소가아징~~",1,2025-01-03T03:53:23Z
s7THdnN6i78,Ugxsyb8jmJC7bqTyRSV4AaABAg,@cheonsukpark112,저도  뜨신님실로  그레니 스퀘어 쫙쫙 올려 가방떠봣지요 ❤,0,2024-12-03T04:48:57Z
s7THdnN6i78,UgyIMl55d0F39FMCApd4AaABAg,@니얌리슨,와 댜박~~,0,2024-12-07T05:20:39Z
s7THdnN6i78,UgwW5vaW39EDWPa5N0p4AaABAg,@Secha004,대애박!!! 👏👏👏👏👏👏👏👏👏👏💪💪,0,2026-06-24T13:10:26Z
s7THdnN6i78,UgzLIrZfitBn0xH8AlV4AaABAg,@쭌콩마미와콩이,오~ 뜨신님 멋져요~^^ddd,1,2024-12-02T22:48:14Z
s7THdnN6i78,UgyjuqD8A7AGVnIH8bl4AaABAg,@mariazeliadasilva2219,"Um fio mais lindo que o outro, quero todos rss😍😍😍",0,2024-12-03T02:33:30Z
s7THdnN6i78,UgzQ5FexZZjzgp6bbq94AaABAg,@向日葵-v2n,everything is beautiful,0,2024-12-03T06:30:08Z
s7THdnN6i78,UgznPonY9_ZY76qStRR4AaABAg,@kissll4154,"거긴 어디에 있는 다이소인지 궁금하네요..
실이 정말 다양하게 있어 부러워요~
사러 가고 시프다요~~",0,2025-03-06T16:25:50Z
s7THdnN6i78,UgzCYQeIDOaT563nX0h4AaABAg,@진.성주,아~감사해요,0,2025-10-25T11:27:34Z
s7THdnN6i78,UgxIOdTu-GMObFs8I794AaABAg,@lho-bl1lt,오우 사볼게요,0,2025-10-03T16:11:15Z
s7THdnN6i78,UgxjvrmdJ36YinRqaLh4AaABAg,@백장미4822,어머 레인보우 실은 제애착 템인데 ㅎ,0,2025-11-15T02:49:26Z
s7THdnN6i78,Ugz2tIka3T7pMeUsNRh4AaABAg,@최미숙-v1r,오  진짜요?다이소  단골인데  ㅋㅋ ㅋㅋ아이쇼핑  어디 한번 뜨신님   찾아볼까요?,1,2024-12-04T04:17:59Z
s7THdnN6i78,UgyQ_evCtqBnVCVfV0J4AaABAg,@샤이니-e8f,다이소에서두 뜨신님을볼수있다~~,0,2024-12-03T08:48:21Z
s7THdnN6i78,UgzoEBKa5_LJ9_576J14AaABAg,@라비-h7g,안 그래도 보고 반가웠는데😮,0,2024-12-07T12:57:37Z
s7THdnN6i78,UgxGcZx87jilcg5BT614AaABAg,@망고-u,어디 다이소에요,0,2025-12-22T11:56:14Z
s7THdnN6i78,UgyyPGRM8TAoosnkFLx4AaABAg,@미스코리아-x7z,와~~~,1,2025-12-19T07:44:13Z
s7THdnN6i78,UgzedxtK8DzV4lJYmxZ4AaABAg,@p주리,다이소 뜨개코너엔 실은 없구 빈 박스만 있어요ㅠ,0,2026-03-24T09:02:42Z
s7THdnN6i78,UgxIoW9gUZcF2us4Thh4AaABAg,@sgitv229,저렇게많지안던데?어느 다이소?,0,2026-01-07T22:25:38Z
s7THdnN6i78,UgzpjeroUIJPjjIWTBp4AaABAg,@christophersarojr.5203,🎉wow beautiful,1,2025-02-17T23:20:43Z
f_9I05gr2v0,Ugw9TMuqblMctQh8UUt4AaABAg,@eunseonyul,진짜루 대박이라구여❤❤❤❤❤ 넘넘 예뿌자너❤❤❤❤❤ 영상 올려주셔서 감샤해용❤❤(고정 가능한가여?)따랑해여❤❤❤❤,12,2025-02-13T09:48:55Z
f_9I05gr2v0,Ugx-sM0bWYpNEw0-6RV4AaABAg,@임용순-w3q,이뿌댜앙❤,0,2026-07-06T09:21:02Z
f_9I05gr2v0,UgwSYTRIWHsR-XKw1Tx4AaABAg,@tto_x1,으ㅇㅏ ⸝⸝ 너무 폭신할거같애용❤︎🩰☁️,5,2025-04-21T12:48:39Z
f_9I05gr2v0,UgywPHY2-my5eq7KULJ4AaABAg,@ch_ymx.e,완전 이쁘네용❤ 일단 쪼꼬미님은 경 잘어울려요😻😻,0,2025-02-20T04:39:11Z
f_9I05gr2v0,UgwdqfWdJ1isUznXUZp4AaABAg,@와구리애착잼쪽아츄,안유진님 폰케 넘예 ㅠㅠ 존칭호감 ㅠㅠ,4,2025-02-14T04:37:46Z
f_9I05gr2v0,Ugx5WhQBtGzk56oN1RZ4AaABAg,@shusurin,빤딱빤딱 너무 예뻐요❤,0,2025-05-11T11:45:59Z
f_9I05gr2v0,UgzO4j4dUn-tywLuJ_Z4AaABAg,@접이요,"헐 너무 귀엽다!유진님이랑 언니랑
찰떡이야!(폰케이스)",0,2025-02-13T10:12:49Z
f_9I05gr2v0,UgwDg_HnCZ54uhKmvfN4AaABAg,@not_th-f3f,전 안유진 최애이기도 하고 예뻐성 사고싶네영 좋은 하루되세용!🍀💗,1,2025-02-13T06:27:45Z
f_9I05gr2v0,Ugyx-9XhIfvN-j7wIyt4AaABAg,@dldkfkz,77ㅑ 핑쿠핑쿠 너무 이쁘자나요ㅠㅠ진짜 핑크러브녀심...🩷,0,2025-10-11T14:08:56Z
f_9I05gr2v0,UgzwM_uUZf9aMRuN_lp4AaABAg,@strbxry,너무 기여우ㅑ❤❤❤❤❤,2,2025-02-16T03:21:02Z
f_9I05gr2v0,Ugx1KJBggU1yqyaCbdl4AaABAg,@뽀송-z3m,너무 기엽당ㅋㅋ,2,2025-02-15T12:56:13Z
f_9I05gr2v0,UgwwZL21IMl3Ni2XZN54AaABAg,@아더워라,진짜 영롱하구 이뻐용😍,0,2025-02-13T05:49:22Z
f_9I05gr2v0,UgyTy44-d0sQUPTUHNJ4AaABAg,@Lee._.Soloooo,우와 폰케이스 진짜 이쁘네여❤❤! 오늘도 영상 이뻐용🎉,2,2025-02-13T05:06:33Z
f_9I05gr2v0,Ugw0giywZf_OcqU09q54AaABAg,@sssh-w2c,"너무 이뽀,,ㅠㅠㅠ",0,2025-02-13T05:12:01Z
f_9I05gr2v0,Ugxh1H5mdd8iDNhRQKR4AaABAg,@y_x0729s,"헐 완젼이뻐,,",0,2025-02-13T07:48:56Z
f_9I05gr2v0,UgxjzdGP8Scw16JvXRx4AaABAg,@yx_1en,꺄악 넘 부러버 ㅠㅠ❤❤,0,2025-02-13T08:20:48Z
f_9I05gr2v0,Ugz-c0kGpITXADhlZbt4AaABAg,@희_루,으아악ㄱㅜㅜ 넘예😢😢,0,2025-02-14T00:28:14Z
f_9I05gr2v0,UgwBq3kw8c6gsSP2rVZ4AaABAg,@오앙_oang,폰케이스 진짜 예쁘구 쪼꼬미님이랑 너무 잘어울리는거 같아요🩷🩷늦게와서 죄송해요🥺오늘도 영상 잘보구 가요😘,0,2025-02-14T11:02:11Z
f_9I05gr2v0,UgwY0Up4AarhVsM-tSx4AaABAg,@옍아._x,헐 머얌 너무이쁘다 ♥,0,2025-02-13T23:01:20Z
f_9I05gr2v0,Ugx31cM0ZNLzhN8OmiJ4AaABAg,@리즈꺼해빈,우아 짱 이뻐요오 😱❤️,0,2025-02-13T05:11:16Z
f_9I05gr2v0,Ugxc0Kqr0tCp9Zw1hQ54AaABAg,@박사랑sarangpark0901,우와 넘넘 예쁘네용🥺,0,2025-02-13T06:17:12Z
f_9I05gr2v0,Ugy8EOdV1O3h6XJJywJ4AaABAg,@두부아니고듀부,완젼 이뻐용❤,0,2025-02-13T08:43:27Z
f_9I05gr2v0,UgwMI3Sp1-ssiY4MrAl4AaABAg,@렝찐데요,폰케이스 넘 이뻐요오❤,0,2025-02-13T07:28:41Z
f_9I05gr2v0,Ugymz-WH1O8pK_mq9E54AaABAg,@cho_bin,손민수 그것도 유진님이? 대박이다ㅠㅠ❤,0,2025-03-23T05:54:06Z
f_9I05gr2v0,UgwAfRdvmTnaCa14cmd4AaABAg,@Ex.in13,헉 ㄷㄷ 방금 봤는데 거의 13만원이네요... 부러워요 ㅠ 저도 아이폰 갖고 싶슴다...❤,0,2025-03-16T14:49:32Z
f_9I05gr2v0,UgxzRQdJ2OuuNT0CTVl4AaABAg,@m_inx,와아 .. 이 케이스 진짜 비싼건데 왁 .. 부러워용 !!😊,0,2025-09-28T14:52:36Z
f_9I05gr2v0,UgyqUGvnPTbmw3ub0Kt4AaABAg,@야구_미키,우야 짱예뽀옹,0,2025-02-13T05:28:09Z
f_9I05gr2v0,UgxwQ4nDBxRNd5VHqpF4AaABAg,@JishuZhu,와..너무 예쁘다 ❤❤❤ 항상 힘내세요 😊꼭 1000000만 유트버 되시길,0,2026-03-28T03:10:42Z
f_9I05gr2v0,UgyngHlEflXOjMaCMvp4AaABAg,@뿌밍_d2,와 너무 이뻐됴 ㅠ 쪼꼬미님이라 완젼 어울려여!🩷🩷🩷,0,2025-02-13T09:29:07Z
f_9I05gr2v0,UgxrOj7jbXQp6-hhhfB4AaABAg,@쵸-g7z-g9i,윈터거울세카에 많이 등장했는데 넘 예뻐요❤😊,0,2026-01-04T09:33:14Z
aPIaUj2Bnqg,UgyatdTWlCshQ_aI0Md4AaABAg,@jwyhaiou,다같이 개무리하는거 개웃기다 ㅋㅋㅋㅋㅋㅋㅋㅋㅋㅋㅋㅋㅋㅋㅋㅋㅋㅋㅋㅋㅋㅋㅋㅋㅋ,8172,2026-02-13T11:05:10Z
aPIaUj2Bnqg,Ugzm08IBkTxPaXfAUHN4AaABAg,@mnujriti-h7v,나 무슨 인형소개 자컨에서 이렇게까지 무리하는 아이돌 처음봄,6294,2026-02-13T11:46:44Z
aPIaUj2Bnqg,Ugxk1G_3uHmLbpeha5h4AaABAg,@쩡-b3o,개노잼일 수도 있던 컨텐츠 걍 순수체급+편집으로 이 정도 조회수 뽑아내는 거 진짜 ㄹㅈㄷ,2567,2026-02-25T09:23:54Z
aPIaUj2Bnqg,UgzaDmMPeApMaL3BY6x4AaABAg,@Xox01S2U,여기는 살짝 옛날 무한도전같음 ㅋㅌㅋㅋㅋㅋㅋㅋㅋㅋ 제작진들이 아무것도 안해도 멤버들이 알아서 분량 뽑음 ㅋㅋㅋㅋㅋㅋㅌㅋㅌㅌㅌㅋㅋㅋㅋㅋㅋㅋㅋㅋ,1706,2026-02-13T11:29:44Z
aPIaUj2Bnqg,Ugw5zbngXI3QzQ-J81N4AaABAg,@andjskaj,22:42 이안 고장나서 대사 못치고 있으니까 더 때려야하는 줄 알고 계속 머리 쥐어박는 유하가 젤 웃김 썅 ㅠㅠㅠㅠ,3672,2026-02-14T16:12:59Z
aPIaUj2Bnqg,UgwZ5dumNVMC5Kg1d354AaABAg,@Rational_12,"24:02 저 수많은 효과음 사이에 ""땅콩이 쿵했뗘""를 어떻게든 우겨넣는 게 레전드ㅋㅋㅋㅋ",2719,2026-02-15T03:26:52Z
aPIaUj2Bnqg,Ugz9gs34S7PCDpNtynd4AaABAg,@yeona_h,19:35 정이안 무리하는 거 보고 단체로 얘가 미쳤나? 표정 짓는 거 졸라웃김ㅋㅋㅋㅋㅋㅋㅋㅋㅋㅋㅋㅋㅋㅋ,4041,2026-02-13T11:49:16Z
aPIaUj2Bnqg,Ugyc9MDb5Qa78CuCpJN4AaABAg,@Wishberr-t9m,인트로 개쩐다 애들이 걍 찍은 걸 이렇게 편집해준다고…..? 하투하팀 뭔데,3384,2026-02-13T13:25:48Z
aPIaUj2Bnqg,Ugy4EeAVJtsDBUdFML54AaABAg,@bhinih,23:19 이안이 혼자 엣쿵.. 하면서 연습하고 있음ㅋㅋㅋㅋㅋ아귀여워,1395,2026-02-18T16:16:05Z
aPIaUj2Bnqg,UgyhiGSGOmTA5qrLUf54AaABAg,@iiwee-g9x,22:42 머리 쎄게 맞아서 기억 삭제된게 개웃겨,3174,2026-02-13T11:33:36Z
aPIaUj2Bnqg,UgzB1E9x4tduwZVdQTZ4AaABAg,@andjskaj,22:41 어억 하고서 눈알 희번뜩하게 뜨고 목소리 고치는거 언제 안웃김 ㅠㅠㅠㅠ,575,2026-02-14T16:15:42Z
aPIaUj2Bnqg,UgzgHflUoD_1sRMeyyx4AaABAg,@andjskaj,19:40 하 스텔라 표정 제발 웃다가토할거같음,238,2026-02-21T14:11:53Z
aPIaUj2Bnqg,UgxSxC882ULgoys7uOp4AaABAg,@jwyhaiou,24:23 스태프 가죠? 이게 개웃김 ㅋㅋㅋㅋㅋㅋㅋㅋㅋㅋㅋㅋㅋㅋㅋㅋㅋㅋㅋㅋㅋㅋㅋ,1875,2026-02-13T13:51:58Z
aPIaUj2Bnqg,UgymVQdC6qJSfvdLyfN4AaABAg,@goldjulyyoung,항상 열심히해서 보기좋다 순수체급으로 밝고 웃긴 것도 있겠지만 그래도 엠디 홍보 영상 정도는 적당히 찍는 경우 많은데 여긴 스토리나 리액션이나 열심히 준비하고 어떤 컨텐츠든 일정 수준 이상으로 에너지 끌어올리려는 게 보임 8명이서,382,2026-02-13T14:27:26Z
aPIaUj2Bnqg,Ugx4yeIj9jfIRWkaRld4AaABAg,@Kimddaddut,fact: 오프닝 저렇게 한명한명 편집할거면 원테이크로 안갔어도 됨 ㅋㅋㅋㅋㅋㅋ,1321,2026-02-16T08:00:40Z
aPIaUj2Bnqg,UgxaUthcqifYz6Lsz4F4AaABAg,@nononosoong,심지어 한방에 가야된다 해서 계속 반복했는데 정작 편집은 잘한걸로 한게 최종웃김,207,2026-02-14T08:07:50Z
aPIaUj2Bnqg,UgxbdgdjoyW62fUxnlV4AaABAg,@sujebii,보는 우리는 이렇게 웃긴데 본인들은 얼마나 웃길까 감도안잡힘,1006,2026-02-13T12:27:52Z
aPIaUj2Bnqg,UgxtQXLq3Vo93asaMoV4AaABAg,@gyeranmali-c6m,22:27 지우 폭발하는거 개웃김ㅋㅋㅋㅋㅋ,23,2026-03-07T03:55:49Z
aPIaUj2Bnqg,Ugwxsv-50nEXjM62Ba14AaABAg,@rfsksl-y4t,10:52 자기가 자기입으로 노숭이라 하는거 왜이리 웃김 ㅋ ㅋㅋ ㅋ ㅋ  ㅋ ㅋ ㅋ ㅋ ㅋ ㅋ,315,2026-02-13T13:30:01Z
aPIaUj2Bnqg,UgzBilvrZ4-XVVUPDWd4AaABAg,@동글동글왕감자-l9c,숭숭이들때매 단체로 희극인 훈련받는거 왤케 웃기냐ㅋㄱㅋㄱㅋㄱㅋㅜㅜ,977,2026-02-13T11:19:41Z
aPIaUj2Bnqg,UgzfKhqeOOmIjG5wSd14AaABAg,@닉네임뭐하징,21:53 주은 우는거개웃김,22,2026-03-17T05:04:20Z
aPIaUj2Bnqg,UgxKeKypF9xSSuRlBZZ4AaABAg,@sowmzw,19:35 아 정이안 애교에 멤버들 표정 기겁한 거 개웃기네 ㅋㅋㅋㅋㅌㅌ,690,2026-02-13T11:40:41Z
aPIaUj2Bnqg,UgxU-IE0X9HMp2QilJd4AaABAg,@오락가락우락부락,"자컨팀, 크라임씬 같은 추리물 만들어 줘요
다들 나 아니라고 연기하는 거 너무 보고 싶어요 ㅋㅋㅋㅋ
+ 디즈니 프린세스들로 변장해서 천하제일공주대회",1414,2026-02-14T03:02:48Z
aPIaUj2Bnqg,Ugya_8rBZL8Od4wFdjx4AaABAg,@안현진-f1t,20:39 파국의 시작 😂 ㅋㅋㅋㅋㅋㅋㅋㅋㅋㅋㅋㅋㅋㅋㅋㅋㅋㅋㅋㅋㅋㅋㅋㅋㅋㅋㅋㅋㅋㅋ,192,2026-02-13T16:43:35Z
aPIaUj2Bnqg,UgySskWdmpMXlroC7BZ4AaABAg,@nosoooooong,20:25 마지막에 다 인형 들이미는데 이안이는 왜 마이크로 쓰고있냐 ㅋㅋㅋㅋ,90,2026-02-14T04:25:57Z
aPIaUj2Bnqg,UgwCBQSgTg78SqIUszR4AaABAg,@PriYoo-yj4fh,6:14 예온이 유치원 선생님같아 ㅋㅋㅋㅋㅋ,10,2026-03-05T05:05:25Z
aPIaUj2Bnqg,UgxkTwt6qs85kt2hErV4AaABAg,@ryu.x_x,11:15 유하람 정이안 너희 둘 뭐해ㅋㅋㅋㅋㅋㅋㅋ 좋아 죽음,333,2026-02-13T11:39:35Z
aPIaUj2Bnqg,Ugy80pKFo2sOYOEHXfR4AaABAg,@고공-o3f,이건 진짜 멤버들이 살린 컨텐츠다... 너무 보기좋음....,116,2026-02-13T16:50:18Z
aPIaUj2Bnqg,UgyfhsItBO70NutqPBF4AaABAg,@일일이,19:35 19:43 정이안 보고 감탄하는 숭이 어어어 이게 진짜존나웃겨ㅠㅠㅠㅜ 뭐가 어어인데ㅠㅠㅠㅠㅠㅠ,332,2026-02-15T12:13:08Z
aPIaUj2Bnqg,UgyDuCLvY_-9FTsiHWN4AaABAg,@코로나-g9w,4:30편집 ㅋㅋㄲㅋㅋㅋ원숭이짤 도랗냐ㅋㅋㅋㅋㅋㅋㅋ,1561,2026-02-13T12:09:27Z
UeLzoGPUWrY,UgwaZtrZcGXsoawmi754AaABAg,@0r7r2l,"가리걸
>> 너무 내용이 많아서 오류 떠서
제 거는 더보기란에 정리해뒀습니다💛

공주걸 (쌉물광녀/봄웜/핑크 잘 받는 편)
1번템) 비포앤애프터 아이스 리프팅 크림
2번템) 연작 스킨 퍼펙팅 프로텍티브 베이스 프렙
3번템) 토니모리 루미너스 여신광채 비비크림 01 화사한 베이지
4번템) 미샤 글로우 스킨밤
5번템) 달바 스킨 핏 세럼 파운데이션(스파츌라) 23호
6번템) 에스쁘아 비글로우 파운데이션 21N 뉴트럴 아이보리
7번템) 라로슈포제 안뗄리오스 멜트인
8번템) 에스쁘아 아이 코어 팔레트 빈티지 뮤트
9번템) 삐아 레디 투 웨어 아이 팔레트 04 빈티지 플라워
10번템) 어바웃톤 리턴 투 베이직 섀도팔레트 01 클래식
11번템) 키보 폴인러브 섀도우 팔레트 04 파스텔 코튼 캔디
12번템) 웨이크메이크 철벽 펜 아이라이너 03 다크브라운
13번템) 웨이크메이크 리얼 애쉬 브러쉬 아이라이너 02 애쉬브라운
14번템) 홀리카홀리카 마이페이브 피스 젤테일 몰튼 아메리카노
15번템) 필리밀리 포인트 가닥 속눈썹 퓨어데일리
16번템) 웨이크메이크 스트롱 블랙 틴팅 래쉬 앰플
17번템) 엔트로피 터프. 브로우 스컬프쳐 월넛
18번템) 투쿨포스쿨 아트클래스 프로타주 펜슬 11호 듀 베이지 + 09 쉬어 누드 / 투쿨포스쿨 아트클래스 아이 글리츠 솔트 시리얼 + 아이시 베일
19번템) 원종요 뷰티 메탈 샤워 애교살 글리터
20번템) 마조리카 아이섀도우 BE286
21번템) 데이지크 스탈릿 글리터 파우더 07 핑크 쉘
22번템) 바닐라코 비바이바닐라 실키 글로우 하이라이터 BE01 튜튜
23번템) 디올 하이라이터
24번템) 삐아 라스트 블러쉬 14 카푸치노
25번템) 투쿨포스쿨 아트클래스 바이 로댕 듀얼 컨투어 스틱 1호 웜 듀오
26번템) 와 진심 다 지워져서 더샘 컨실러인 거밖에 안 보이세요ㅠ
27번템) 클리오 킬 커버 컨실러 
28번템) 하트퍼센트 립라이너
29번템) 에스쁘아 플럼피즈 오버립 펜슬 로즈 볼륨
30번템) 에스쁘아 노웨어 립스틱 바밍 글로우 애쉬 메이플
31번템) 롬앤 글래스팅 멜팅 밤 06 카야피그
32번템) 입큰 버블 잼 글로스 러디모카 + 리치번
33번템) 디올 어딕트 립 맥시마이저 001
34번템) 삐아 레디 투 웨어 다우니 치크 01 다우니 핑크 + 06 다우니 피그
35번템) 페리페라 시럽피 톡 치크 01 생기품은복숭아
36번템) 바닐라코 비바이바닐라 로맨틱 블러쉬 립 앤 치크 08 어 리틀 빗
37번템) 에이오유 보들 크림 블러셔 06 미지근볼
38번템) 유이크 크림 미스트


인팁걸 (복합+지성/내추럴한 메이크업 추구/여쿨인데 요즘 웜톤 호소 중)
1번템) 에뛰드 더블 래스팅 세럼 스킨 파운데이션 
2번템) 클럽 SUPPIN POWDER
3번템) 에스쁘아 비벨벳 커버 쿠션 13 포슬린
4번템) 에스쁘아 비글로우 스틱 파운데이션 21 아이보리
5번템) 에스쁘아 비글로우 스틱 쉐딩 쿨 그레이
6번템) 네이밍 플러피 파우더 블러쉬 03 나연블러셔
7번템) 에스쁘아 더브러우 이지 쉐이핑 펜슬 라이트 브라운
8번템) 어바웃톤 리턴 투 베이직 섀도우 팔레트 02 소프트
9번템) 투쿨포스쿨 아트클래스 스머징 트임 라이너8호 더스크
10번템) 캔메이크 쁘띠팔레트아이즈 8구 아이섀도우 3호
11번템) OFRA 하이라이터 필로우 토크
12번템) 세잔느 펄 글로우 하이라이트 01 샴페인베이지
13번템) 맨소래담 립 퐁듀
14번템) 하트퍼센트 도트 온 무드 07 바닐라 베이지
15번템) 하트퍼센트 도트 온 무드 원 웨이 피치 밀크
16번템) 샤넬 루즈 코코 플래쉬 174
17번템) 엔트로피 51% 립세럼
18번템) 로지킴 PDRN 틴티드 립 앰플

큐티걸 (뽀송 메이크업 추구/봄웜/피부좋음)
1번템) 에스트라 더마 유브이 레드진정 톤업 선크림
2번템) 큐티걸은 쿠션 방황 중😵‍💫
3번템) 캔메이크 시크릿 뷰티 파우더 01 클리어
4번템) 캔메이크 아이섀도우 베이스 핑크펄
5번템) 캔메이크 하이라이터
6번템) 투쿨포스쿨 쉐딩
7번템) 웨이크메이크 소프트 블러링 아이팔레트 03 선셋 블러링
8번템) 퓌 포켓 아이팔레트 02 요거트피치
9번템) 페리페라 맑게 물든 커스텀 치크 03 무드충전로즈
10번템) 롱타임래쉬코팅픽서블랙
11번템) 페리페라 무드 인 쉐이드 아이 스틱 01 아이시 브로즈
12번템) 웨이크메이크 내추럴 하드 브로우 01 다크 브라운
13번템) 컬러그램 음영 창조 라이너 02 30% 음영 브라운
14번템) 퓌 3D 볼류밍 글로스 B01 바닐라 70%
15번템) 투쿨포스쿨 플레르 틴트 6 레이지

소식걸 (ㅈㄴ하얀피부/여쿨라이트/깔끔한 메이크업 추구)
1번템) 퓌 쿠션 글래스 내추럴 00 클리어글래스
2번템) VDL 커버 스테인 퍼펙팅 쿠션 엠 01
3번템) VDL 톤 스테인 컬러 코렉팅 프라이머 03 세레니티 4번템) 어바웃톤 스킨 레이어 핏 파운데이션 19 페어 5번템) 어바웃톤 스킨 레이어 커버 핏 컨실러 19 페어 6번템) 어바웃톤 블러 파우더 팩트 01 페어
7번템) 보나메두사 오렌지 스킨 딜리트 소프트 그린 미니
8번템) 롬앤 베러 댄 팔레트 06 피오니 누드 가든
9번템) 투쿨포스쿨 아트클래스 프로타주 펜슬 14호 피치 블룸
10번템) 투쿨포스쿨 아트클래스 프로타주 펜슬 15호 피오니 티
11번템) 스틸라 트라이펙타 메탈리카 립아이 치크스틱 키튼
12번템) 키스미 히로인 메이크 스무스 리퀴드 아이라이너 슈퍼킵 01 딥블랙
13번템) 홀리카홀리카 마이페이브 피스 빔 핑크 어텐션
14번템) 나스 블러쉬 섹스 어필
15번템) 롬앤 베러 댄 치크 C02 블루베리 칩
16번템) VDL 치크스테인 블러셔 13 하이퍼핑크
17번템) 아멜리 베이크드파우더 003 밀키바이올렛
18번템) 캔메이크 도쿄 글로우 칙스 블렌드 타입
19번템) 에스쁘아 더브로우 밸런스 펜슬 라이트 토프
20번템) 에스쁘아 더브로우 컬러 픽싱 카라 미니 토프 21번템) 웨이크메이크 디파이닝 커버 컨실러 펜슬 15호 라이트 아이보리
22번템) 코랄헤이즈 아이돌 애교살 메이커 04 아이스 베리
23번템) 하트퍼센트 도트 온 무드 립 펜슬 21 로지 립스
24번템) 웨이크메이크 믹스 블러링 볼륨 쉐딩 02 소프트 쿨
25번템) 롱타임래쉬코팅픽서블랙 26번템) 마몽드 팡팡 헤어 섀도우 01 동안 헤어 
27번템) 페리페라 잉크 무드 글로이 틴트 04 갓기천사
28번템) 페리페라 오버 블러 틴트 02 나는쿨로
29번템) 하트퍼센트 도트 온 무드 원 웨이 13 핑크 페어리
30번템) 페리페라 잉크 무드 글로이 틴트 05 어쩔체리
31번템) 퓌 3D 볼류밍 글로스 B03 캔디 70%
32번템) 롬앤 글래스팅 멜팅 밤 06 카야 피그


걸걸걸 (믿친걍핵핵핵핵쌉쌉쌉건성피부맨날울라고함/화려한 이목구비라서 화려한 화장 어울림/겨쿨)
1번템) 에스쁘아 비글로우 파운데이션 23C 쿨 베이지
2번템) 에스쁘아 비글로우볼륨 쿠션 23호 베이지
3번템) 정샘물 에센셜 물 크림
4번템) 연작 스킨 퍼펙팅 베이스 프렘
5번템) 미샤 컬러 픽스 아이 프라이머
6번템) 어바웃톤 블러 파우더 팩트
7번템) 페리페라 시럽피 톡 치크 02 포도우유레시피
8번템) 페리페라 시럽피 톡 치크 05 쿨한사과얌얌
9번템) 컬러그램 음영 창조 라이너 08 70% 로즈 브라운
10번템) 에스쁘아 리얼 아이 팔레트 올 뉴 허쉬드 체리 + 어바웃톤 리턴 투 베이직 섀도우 팔레트 07 핑크 모먼트
11번템) 투쿨포스쿨 아트클래스 프로타주 펜슬 듀베이지
12번템) 힌스 트루 디멘션 래디언스 밤 릴 모브
13번템) 컬러그램 밀크 영롱 하이라이터 02 콩닥핑크
14번템) 퓌 섀도우키링 S01 드리미
15번템) 마조리카 マジョリカマジョルカシャドーカスタマイズ＜アイシャドウ BE203 
16번템) 얼터너티브스테레오 립 포션 슈가 글레이즈 19 베리스무디볼
17번템) 퓌 3d 볼류밍 글로스 앵두 30%
18번템) 에스쁘아 꾸뛰르 립틴트 글레이즈 체리소르베 + 허쉬드체리",1340,2025-10-15T12:05:19Z
UeLzoGPUWrY,UgwjUX-YJBvNrSErXZ54AaABAg,@미정이-y4r,찐친들 옷장템도 궁그메요😂,1929,2025-10-15T13:27:37Z
UeLzoGPUWrY,Ugwi-tJsAjA_6NLsf2x4AaABAg,@탱탱볼-t2o,6:42 아 진짜 개웃ㅠㅠㅠㅠㅠㅠㅠ 인팁걸 꼬집는 것부터 가리걸 소리지르는 것까지 거를 타선이 없다,403,2025-10-15T15:15:01Z
UeLzoGPUWrY,Ugzd3RItjJBSbn1Z8Ph4AaABAg,@dolnaeggo,아 진심 무편집으로 5시간은 보고싶다,656,2025-10-15T12:53:34Z
UeLzoGPUWrY,Ugw00u4QDj2BpZMM72p4AaABAg,@ddongddongkatsu,28:34 앞으로 메컵 꿀팁 있으면 이렇게 해줘언닝,80,2025-10-16T05:07:07Z
UeLzoGPUWrY,UgzMHnv3yNDHp3fomWd4AaABAg,@briz903,"가리걸 혹시 친구걸들 향수도 뿌리면 향수 컨텐츠도 한번 해주면 안대영?
가리걸 여길 봐줘!!!!!!!📢📢📢
😍",350,2025-10-15T12:42:09Z
UeLzoGPUWrY,UgzMHveiwfL4z4xDcrF4AaABAg,@애기-g5i,"5:29 언니 제발 이 메이크업 튜토리얼,간절하게 원해요.",28,2026-01-02T12:26:07Z
UeLzoGPUWrY,Ugxsg1z8ZojFFCxMCmp4AaABAg,@eun03eunn,노말. 누구언니가 이리 무리하지? 일주일만에 새영상? 진짜 노말. 나 너무 행복함,835,2025-10-15T12:00:44Z
UeLzoGPUWrY,Ugz6qFedTFFhNwKj_ad4AaABAg,@냅다츄베릅,이언니들 화장품맛잘알이라 걍 퍼컬 맞으면 다 사면됨,210,2025-10-15T12:14:49Z
UeLzoGPUWrY,UgxiwqGrSZZT6pqs8Ol4AaABAg,@somthnevv,3:17 여기 너무 이쁘다 진짜 ㅜ,30,2025-10-17T06:24:34Z
UeLzoGPUWrY,UgzItzFTBUOfNeWlEM54AaABAg,@찰떡아이스맛있겠다,공주걸 목소리 너무 중독적이야 계속 듣고싶어,165,2025-10-16T01:17:54Z
UeLzoGPUWrY,UgxBiUIbI-9wlmT1Vzl4AaABAg,@몽글밍글-o5x,"가리걸이 말아주기를 바라는 콘텐츠
-걸들의 옷장 콘텐츠
-걸들의 향기( 향수, 바다로션->가을,겨울이라 특히)
- 추천, 시술이나 후기 
-가리걸의 하루 
-",46,2025-10-16T11:40:09Z
UeLzoGPUWrY,UgxVCU6fEiJUG_vg8DN4AaABAg,@Hanna1214-h4p,19:44 인팁걸언니 립 제발 알려주세여ㅠㅠㅠ🩷🩷,27,2025-10-23T10:44:07Z
UeLzoGPUWrY,UgwQNuX7WZD49fZhGDl4AaABAg,@윤서-e7l,13:09 누구세요…..?,134,2025-10-15T12:56:07Z
UeLzoGPUWrY,UgwbQEOFCVSQOzJav0V4AaABAg,@딱콩-e5n,인팁걸 공주걸 사랑해,58,2025-10-15T12:06:56Z
UeLzoGPUWrY,UgwBJbSEv_HsxaezvkN4AaABAg,@1wu.vn0,"공주걸 프로미 미쳐~~
진짜 내일 화장할 때 보려고 아껴뒀는데 너무 노말일거 같아서 그냥 오늘 보겟슨ㅜ",21,2025-10-15T13:07:24Z
UeLzoGPUWrY,Ugyijg0YUgyHIEwjgp94AaABAg,@oneqstr,20:18 큐띠걸 서울자빈드쿠션 ㅊㅊ해요,19,2025-10-15T12:25:12Z
UeLzoGPUWrY,UgyxMQ3NmerMEZ7ATtV4AaABAg,@ydream07,여행영상에서 화장품 좌르륵있는거보고 딱 감이 왓자네! 아끼고 아껴봐야지~~~~,17,2025-10-15T12:09:27Z
UeLzoGPUWrY,UgyUIIgggmJ8l9gTYbB4AaABAg,@yjoo-x7j,찐친들 향수 귱금해여,134,2025-10-21T10:17:48Z
UeLzoGPUWrY,UgwS3V_QzFIqTqnAz5F4AaABAg,@yoyobarbieyo,하 큰거왔어 내여자들왔어!!!!!!!!!!!!!!!!!!!!,65,2025-10-15T12:08:49Z
UeLzoGPUWrY,UgwwB09acVbX8xH7UmN4AaABAg,@redcame1i,슬슬 언니 올 때 됐는데 ~!!! 곧 올 거 같으니까 영상 다시 보면서 기다리구 잇겟음!!,5,2025-11-01T17:51:00Z
UeLzoGPUWrY,Ugwh5UlCz77fv4rzuXF4AaABAg,@antinitonny-u7l,하..여행영상에서 화장품 테이블에 펼쳐져있는거보고 제반제발 파우치털기여라 했는데 맞았다니....🥺🥺감동이가 감동이!!!!,26,2025-10-15T12:07:28Z
UeLzoGPUWrY,UgxFdumLOdjtK9nyJil4AaABAg,@배고파-o4x,언니 저 맨날 와요 볼때마다 새로운 걸 공유받는 느낌이야,1,2026-05-11T15:10:12Z
UeLzoGPUWrY,UgwBvSJEnd2kMo2k5D94AaABAg,@Sun-ru5ji,"조회수 300은 제가 채웠어요…ㅎㅎㅎㅎ공주걸 언니랑 악건성,퍼컬도 똑같은데 사용하시는 렌즈가 너무너무 궁금해요🥺🥹",2,2025-11-21T08:52:48Z
UeLzoGPUWrY,Ugx93p_AHhWQTBsfoDR4AaABAg,@eks-dl,미친 메두사 공구 같이 찾아야겠다,51,2025-10-15T12:46:07Z
UeLzoGPUWrY,UgwU1Pk8WxJWH5aaVGd4AaABAg,@Orhgbkqo,"1. 일단 첨부터 끝까지 쭉보고 맘에 드는거 찜꽁하기
2. 다시 첨부터 보면서 어떤제품인지 확인하면서보기
3. 다시 첨부터 보면서 올리브영,네이버 들어갓다 나갓다 하기
4. 담날에 다시 보기
5. 다음 색조,기초 영상 올라올때까지 무한재생",353,2025-10-15T13:07:47Z
UeLzoGPUWrY,Ugznb33lkpuehPPtYjh4AaABAg,@김-h3y,웅니 언제 가능하면 콘서트 다이어트 또 찍어줘.. 그걸로만 다이어트 하는데 이미 모든 영상에 안무를 외워버리는 긍지에 올라써 그대들만을 기다리고 있으께🥹,3,2025-10-16T02:54:46Z
UeLzoGPUWrY,UgxXJFhBu-xYHoMz84N4AaABAg,@Shhhee,소식걸 언니 최애에요.. 자주 나와주세요 ㅠㅠ 같은 여쿨이라 도움 많이 됐어요 ❤,3,2025-10-16T17:52:07Z
UeLzoGPUWrY,Ugxhc7JKfQrZA1ukth54AaABAg,@dddd-d6b-v4h,인팁걸언니! 반지 정보 있나요?,1,2026-01-28T17:28:02Z
UeLzoGPUWrY,Ugw6W8vHcKadZGs_y854AaABAg,@Lee6060ye,헐... 댓글 잘 안다는데 편애하는건 아니구 ㅜㅜ 인팁걸 언니 목소리 오랜만에 들어서 넘 행복... 어어 ㅜㅜ🥵🥵,2,2025-10-15T16:54:24Z
umrahGaFALA,Ugz36ButJHbdn3UYYbl4AaABAg,@박정수-k9w,나는 저때 볼트가 내려가서 루시 구해줄 줄 알았는데 ㅎㅎ,51,2025-05-08T12:09:28Z
umrahGaFALA,UgyJwI8NjuubCJ3_dWJ4AaABAg,@박선영-f8z,"볼트가 루시를 걱정하는 것 좀 봐. 역시 둘은(볼트,루시) 최고의 커플이야.😢❤",128,2025-05-07T12:08:09Z
umrahGaFALA,UgxuRXkI7gYXpI_7vIx4AaABAg,@새미킴,요즘 미니특공대 재밌어짐...,45,2025-05-11T14:50:05Z
umrahGaFALA,Ugz5gKv8Ysay33351Sx4AaABAg,@Nyifamily,Lucy is a very strong and responsible girl thx a lot for the likes . Omgggggg 🥹🥹🥹🥹🥹💖💖💖💖💖,25,2025-07-08T10:21:30Z
umrahGaFALA,UgwqnzhWWqCJd1F-SvN4AaABAg,@이준엽-b4j,저 망치를....정면으로....!!,18,2025-05-07T12:01:19Z
umrahGaFALA,UgyLzvYFZ8vXdQRdC1x4AaABAg,@고래-v1c,루시 밀어줘서 행복..❤빨리나오길ㅠㅠㅠ,9,2025-10-08T19:07:24Z
umrahGaFALA,Ugya453qt1Z5jOO0B4R4AaABAg,@은지오-h8e,뭐야 이번 시즌 대박이네,11,2025-05-07T13:00:53Z
umrahGaFALA,Ugz9aJPh2e93wmeBhkh4AaABAg,@그림자언니,루시 사랑해❤아니 원본 언제 나와ㅜㅜ 궁금해죽겠네ㅜㅜ,12,2025-08-28T11:07:39Z
umrahGaFALA,UgxSRTD9Xr_Z9msPBZh4AaABAg,@슈퍼윙스티니핑또봇,마스크 부셨어 안돼 😭,17,2025-05-07T08:24:14Z
umrahGaFALA,UgwBKDV7Y1Yz57mG0UN4AaABAg,@천Hyo04,루시🩷 진짜 최고🥹,24,2025-05-07T17:14:35Z
umrahGaFALA,UgyRCd3U89ageEg_4nh4AaABAg,@사라팬,"안돼!!!!!!
루시짱!!!!!!!!!!!!!!!!!!!!!!!!!!!!!!!!",13,2025-05-10T06:31:11Z
umrahGaFALA,UgweYFY-UElCzDy8Rmd4AaABAg,@연돠리_0207,마스크벗은모습이 궁금하긴해,15,2025-05-07T08:20:19Z
umrahGaFALA,Ugw6j-AXeUtEmD9oBUp4AaABAg,@countryhumans_.editz01,"No....Lucy, I'm the one who's scared 😭😭😭😭😭😭😭😭😭😭😭😭😭😭😭😭😭😭😭😭😭😭😭",10,2025-08-13T05:41:35Z
umrahGaFALA,Ugx7TK_Xh6lJ-x7L0IZ4AaABAg,@veiderki,본편 언제나오나요? 빨리 나왔으면😊😊,27,2025-05-07T12:04:42Z
umrahGaFALA,UgyQPlQBvhhwef2VAPN4AaABAg,@moonieni_tv,아 볼트❤루시 언제 이어줘요 나 목 빠져요 유딩때부터 기다렸는데,2,2026-02-05T05:26:58Z
umrahGaFALA,UgyWIKaTyELSBdAsust4AaABAg,@슈퍼윙스티니핑또봇,미니특공대 루시 더위 더니 이제 루시 마스크 부셔 졌다니 안돼 😭,7,2025-05-10T10:30:21Z
umrahGaFALA,UgzRrIJnRYyhQNkbqcZ4AaABAg,@ClerzinaJean-e6l,안녕하세요! 저는 도미니카 공화국의 미니특공대 팬입니다. 새로운 두 시즌과 두 편의 영화를 스페인어로 볼 수 있으면 좋겠습니다. 새 시즌은 언제 나오나요? 감사합니다!,1,2026-06-04T02:54:32Z
umrahGaFALA,UgxtFeEfOHoqR2-qm154AaABAg,@xktxkyh,아동애니에서 이러면 안되는데 루시 다치는게 너무 좋음,1,2026-02-03T03:44:25Z
umrahGaFALA,UgxYQqCTW0Qs-fKuKEB4AaABAg,@LeilaAsmn,이 애니메이션 공개 에피소드를 어떻게 볼 수 있나요? 생방송으로 볼 수가 없어요. 어디서 방송되는지조차 모르겠어요. 답변 부탁드립니다.,8,2025-05-07T16:28:17Z
umrahGaFALA,UgzZK1WN35_LVMcZyaB4AaABAg,@MuazzamMahammadova-f3v,❤❤❤❤Taygel shakl❤❤❤❤,2,2026-05-04T12:17:26Z
umrahGaFALA,Ugwo_SSTHd5KclfB7aJ4AaABAg,@AnikaBiva,"Please, continue Volt and Lucy moments.❤️❤️😭
I love these scenes so much!! ❤️❤️🥺",1,2026-05-10T13:33:31Z
umrahGaFALA,UgxNVy3c9Jcsau2OmuB4AaABAg,@T1ingker,이게 어린이용이야 어른이용이야,8,2025-07-24T03:00:02Z
umrahGaFALA,UgxmB-gICKvXDqkSX6d4AaABAg,@LeilaAsmn,How can I watch the released episodes of this anime? I can't watch it live. I don't even know where it is broadcast. Please answer.,8,2025-05-07T16:20:33Z
umrahGaFALA,UgxbfvYQd-kc6g_Jwh14AaABAg,@슈퍼윙스티니핑또봇,루시 아프겠다 ㅠㅠ ❤,16,2025-05-10T10:29:18Z
umrahGaFALA,UgyvXkVPk6eaBQz8Gl14AaABAg,@LovelyKitBodega,Noo my girl 😭😭😭,15,2025-05-07T10:21:10Z
umrahGaFALA,UgwyEwXWnUwtq-Ns6gd4AaABAg,@KoTar-u3c,Noooooo😡🤬😡😡😡😡🤬🤬🤬😤😤😤😩,3,2025-10-20T03:46:02Z
umrahGaFALA,UgwX1-I5MfUzFiZx_2V4AaABAg,@da.1xsm,미니특공대님 이거 영상으로는 안올라오나요?😢,2,2025-08-23T06:56:31Z
umrahGaFALA,UgyQ5VgmUBL-DnFIlK14AaABAg,@papabotak4573,lucy no 😢😭😭😭😭😭😭  noooooooooooooo!! !?😟😢😭,3,2025-08-04T08:49:46Z
umrahGaFALA,UgyYPcPYQWD-yh6hgS94AaABAg,@eixxw_m7g,근데 이거 본편 언제 나오나요 ...,1,2025-09-03T08:50:37Z
umrahGaFALA,UgzU7FxmHZ51fgxrXQ94AaABAg,@Zeniahazel,She will be alive if she upgrade,7,2025-05-09T09:47:54Z
N2kljMaUDSE,UgxEW3yBZyv8d2rrGDd4AaABAg,@라잇썸초원,ㅋㅋㅋㅋㅋㅋㅋ앜ㅋㅋㅋㅋㅋㅋ초원이 너무웃곀ㅋㅋㅋㅋㅋ 주현이도 아가들도 다 웃기네진짴ㅋㅋㅋㅋㅋㅋㅋㅋㅋㅋ,2,2022-06-19T01:06:09Z
N2kljMaUDSE,Ugz64WLiu_P-_xqHFJt4AaABAg,@ichiko3473,chaotic-sum ikrrrrr,4,2022-06-08T12:27:32Z
N2kljMaUDSE,UgzkbbPGgR7K9Yu1v5l4AaABAg,@gksgpwl.08,아 김나영 진짜 이건 봐도봐도 웃기네 ㅋㅋㅋㅋㅋㅋㅋㅋㅋㅋㅋㅋㅋㅋㅋㅋㅋ,1,2023-07-15T12:53:24Z
N2kljMaUDSE,UgwRf3GnK1weG0zgJN14AaABAg,@Ayim.,They're such cuties! 🤭,3,2022-06-09T01:18:22Z
N2kljMaUDSE,Ugyyj-qE8orfxxoovY54AaABAg,@yunxkoha,เป็นสิ่งที่ทำให้หนูหัวเราะเยอะสุดเลย ชอบมากกก,1,2022-06-19T23:36:17Z
N2kljMaUDSE,UgzOOoBU5HjMiXjphtR4AaABAg,@GGe-Mong,아...내눈엔 휘요미만 보여😍,1,2022-06-19T11:41:14Z
N2kljMaUDSE,UgzxktjoHR6PwaDH4L14AaABAg,@866afa3,SUM MANG JIN CHANG 💙💙💙,1,2022-06-09T10:54:07Z
N2kljMaUDSE,UgzwPWvJvblRVp2vjl14AaABAg,@chowonbblightsum7714,mis bbs 💙,1,2022-06-08T17:20:43Z
N2kljMaUDSE,UgzO1-_Vmt31LHfaVjJ4AaABAg,@josgoi8992,나영이 귀엽,0,2023-09-16T07:39:16Z
N2kljMaUDSE,UgwsZB2rD_mh8qmy8ft4AaABAg,@라잇썸오타쿠,"1:33 나풀나풀 나영이 너무 귀여워 ㅠㅠㅠ💕
9:55 피겨 다람쥐 휘연이와 깜찍 에이스 히나 짱😍",3,2022-06-13T03:44:16Z
ekjGXKBG7Ds,UgxjoDpipwpbRxhcMo54AaABAg,@보넥도-d9f,설윤이는 미모로 찍었답니다 !,4,2022-08-17T05:02:04Z
ekjGXKBG7Ds,UgwgDcZpg8lRllFIR5x4AaABAg,@스카이블루-w9u,장원영-설윤-민지 연말무대 가즈아..,1,2022-11-09T03:59:39Z
ekjGXKBG7Ds,UgzAl5lKTE--GkZklux4AaABAg,@mongshell321,민지등장으로 한번에 평정한듯,1,2022-09-10T15:57:06Z
ekjGXKBG7Ds,Ugy9y9N3Le7-k-45cTN4AaABAg,@phenomenon5319,민지가 04판을 흔들겟구나 사랑해 애기야,4,2022-08-07T16:35:41Z
ekjGXKBG7Ds,UgwtFTjBEDMfaTJbRsp4AaABAg,@gggr-1,서영은은별론데 리즈를 넣어주세요,1,2022-11-21T00:09:33Z
ekjGXKBG7Ds,Ugy7uGBV7h-kK3N5HoN4AaABAg,@얼짱이,94인데... 민지 보고 04가 이겼다 생각했습니다,1,2024-03-06T17:18:23Z
bgRvvgkKOvQ,UgyY3TLu_6l3XXeCP4F4AaABAg,@minggu260,ㄹㅇ찐으로 웃는거였노ㅋㅋㅋㅋㅋㅋㅋㅋㅋ,4,2023-01-19T13:09:02Z
bgRvvgkKOvQ,Ugy7qFH_9jT22MLLhK54AaABAg,@미움받을용기-q2c3s,와 살스 하악,0,2025-07-11T18:55:26Z
u9ELzCob_jE,UgyEEmK-6SZPtOt6xfh4AaABAg,@rubber-ball,"오예 오랜만에 영상이당!!! 잘 볼게요~~~~
ㅋㅋㅋ 미코's 모노 드라마 웃겨욬ㅋㅋㅋㅋㅋㅋㅋㅋㅋㅋ
7:06 포상 감사합니다 ㅋㅋㅋㅋ",5,2019-07-07T14:31:18Z
u9ELzCob_jE,UgxTTqDsRfkn9bV95vx4AaABAg,@믿지-i9b,너무 오랜만이야 퀸미코 보고싶었자너,1,2019-07-07T11:08:25Z
u9ELzCob_jE,UgyDCo_h5IXlKiHJpOJ4AaABAg,@파송송뿌랄탁,이게 얼마만이야 내가 누님 볼라고 얼마나기다렸는데,1,2019-07-07T13:30:32Z
u9ELzCob_jE,UgyqLxQqooDSzGVqOpt4AaABAg,@Udri,Thank you for the subtitles! That was a really hard work! You're the best at playing casanova games 😂,1,2019-07-16T16:45:20Z
u9ELzCob_jE,Ugxb4fiPJqrkGPNY8hZ4AaABAg,@HG7578-n8i,살아계셨군요 미코님,1,2019-07-07T12:12:27Z
u9ELzCob_jE,UgxaQfwvC4_cEcbRsLl4AaABAg,@ktktle2453,오랜만이네요,1,2019-07-13T05:59:47Z
u9ELzCob_jE,UgyDyCOUd8UVAhu0_sZ4AaABAg,@willmory1,welcome back to the Internet Mico LUL,6,2019-07-07T11:32:11Z
u9ELzCob_jE,UgwGktlpRexy5FtH6b14AaABAg,@마데테스곽경호,영상 오랜만입니다. ㅎㅎㅎ,1,2019-07-07T14:14:37Z
u9ELzCob_jE,Ugzk36YZeBJ45dBOJmd4AaABAg,@patkonstantine357,So funny. Keep up the good work. You are awesome,1,2019-07-22T16:00:46Z
u9ELzCob_jE,UgzQfSBMgxWgm9Z0TAB4AaABAg,@경감-q6h,드디어 돌아오셨군요 선생님..  그리웠습니다,0,2019-07-07T12:57:37Z
u9ELzCob_jE,UgwT0clx_Zcy0t9iPLh4AaABAg,@ohyae1378,미코님 여전하시네요~ 😁😁,1,2019-07-09T17:36:29Z
u9ELzCob_jE,UgzOgpfeshYo1A5Vym94AaABAg,@kurotodan6216,너무 오랜만이에요 퀸미코😍😍😍❤️ 유툽에서의 미코님 너무 기다리고 있었어요🔥🔥💕💕,2,2019-07-07T11:07:22Z
u9ELzCob_jE,UgyXSPQpWmFU02N3ort4AaABAg,@dgnam9223,"어이쿠야, 한 달만이네요??",1,2019-07-07T12:52:58Z
u9ELzCob_jE,Ugyh-yYyIkWSMBibuvl4AaABAg,@미개수,5252 미코쨩 믿고있었다고!!,1,2019-07-11T04:35:21Z
u9ELzCob_jE,UgwgzY6Aa8CmzE1Tl3Z4AaABAg,@magicjunea,사랑해요 미코님~!,1,2019-07-08T11:16:22Z
u9ELzCob_jE,Ugw0VpxLX-s_mL9t3XN4AaABAg,@14...36,여왕님이 돌아오셨다.,0,2019-07-07T11:45:22Z
u9ELzCob_jE,UgxcRbzhQAaZeOBGxXh4AaABAg,@seaname1,미코님 오랜만에 업뎃이네요. 방송시간은 어떻게 되나요?,2,2019-07-07T19:44:22Z
u9ELzCob_jE,UgzeE5u3UOhTFLf6KfZ4AaABAg,@tiger560983,웨에에에엘컴 백!!!,1,2019-07-07T11:43:08Z
u9ELzCob_jE,UgzAS1PRPpZH_vzPTnx4AaABAg,@문진욱-z1n,왤케 오랜만에 보는거같징 ㅠ,1,2019-07-07T11:07:42Z
u9ELzCob_jE,UgzXWZoDbs1d47lyIY54AaABAg,@진실의방으로-k3o,"저기...요기 연애겹핍 환자 한명 추가요;;;; 
나 연애 좀 하게 해주세요~~~!!!!! 많고 많은 소원 중에 한가지가 있다면 미코님 연애 한다는 소리 들어보고 싶네요~~~!!!!",2,2019-07-07T11:37:01Z
u9ELzCob_jE,UgxRzIIOMrTGKVoV2-x4AaABAg,@벅-p7b,이제 어디서 방송하시는건가요??,1,2019-07-09T17:11:58Z
u9ELzCob_jE,Ugw1QjY3rN7wXlS2ZUh4AaABAg,@Roamin63,🤔 Mico back home from vacation? I hope it was a fun trip 👍  TY for eng subtitles 💖💖💖,1,2019-07-07T19:26:22Z
u9ELzCob_jE,UgwX4CkSmHhpS72-Pv14AaABAg,@COOL_COKE,와우 미코다,1,2019-07-07T12:38:20Z
u9ELzCob_jE,Ugz9x_H0J9Ff8wN6IYR4AaABAg,@오비베어스-q7r,"교수님 좋은 가르침 받고 갈게요. 건강한 모습으로 다시 뵙고 싶어요.
트위치에는 교수님의 큰 가르침이 필요합니다... ㅠㅠ",0,2019-07-07T12:45:49Z
u9ELzCob_jE,UgwD4H9-DjRH7GaXwpR4AaABAg,@kisoolee8178,"말투도 기억 안날 정도로 오래되다니 ㅠㅠ
문제 계속 틀리는걸 보니 미코님 연애를 못하는게 맞는 듯 하기도....",1,2019-07-18T15:25:30Z
u9ELzCob_jE,UgyduZS87tDKLWqzQLd4AaABAg,@팬시킴,미코님 오랜만입니닷,0,2019-07-07T15:27:34Z
u9ELzCob_jE,Ugy_0-IgRe_OK43uDuZ4AaABAg,@king18ma70,"오빠는 퀸미코가 옷좀 더입었으면 좋을것같아
-가려도 이쁘고 매력적인 퀸미코에게-",1,2019-08-04T17:12:33Z
u9ELzCob_jE,Ugx-oSYYj0pSwokECvx4AaABAg,@탕볶밥개꿀맛,오오오 왜 이제 올려여 !,1,2019-07-07T11:06:13Z
u9ELzCob_jE,Ugy1UDRVEWhLxabD6gt4AaABAg,@thomasm8317,You still stream on twitch? I have been away for awhile,0,2019-07-20T20:45:30Z
u9ELzCob_jE,UgzdCh_x6OzsfMyO8n94AaABAg,@king18ma70,커플닉 오졌다리,1,2019-08-04T17:13:08Z
sSFgDv4MPXY,UgzW_jceFLOTnVOklVB4AaABAg,@ggon643,"💚 : 앙큼함을 더해 봤습니다
ㄱㅇㅇ😆",5,2022-05-05T10:26:46Z
sSFgDv4MPXY,UgzFSHo41hLuFE0MeHd4AaABAg,@중독의남자-t4z,앙큼상큼,4,2022-05-05T08:44:54Z
sSFgDv4MPXY,UgzITGo69VnALSycbHJ4AaABAg,@9yuuuura,앙크미 박수영💚,4,2022-05-06T21:18:27Z
eN5mG_yMDiM,UgxdIX0YPQEQ_EUNjLV4AaABAg,@Dsplay27,멋지네요👍,106454,2022-04-05T01:27:09Z
eN5mG_yMDiM,Ugxtlhkh2pQMVA7DTo14AaABAg,@도도도-m9k,코첼라 보고 왔으면 개추 ㅋㅋ,4137,2026-04-13T06:48:02Z
eN5mG_yMDiM,Ugw0LFnISpKOXp-UAb14AaABAg,@tiffanyorlanes8554,TOP is a good person. We all make mistake. GOD always give another chance. He has so much potential.,6676,2025-01-09T07:54:45Z
eN5mG_yMDiM,Ugw4hcJtjK8sSbUajNV4AaABAg,@leearron7275,"아직 저는 이별할 준비가 안 됐는데 ,
“그동안 다사다난했던 빅뱅을 사랑해주신 모든 분들께 진심으로 감사드립니다.” 라고 하는것 
같아서 너무 가슴아프네요. 


코첼라 보고 왔습니다. 더 울컥하게 되었던 노래... 지드래곤, 태양, 대성, TOP 모두모두 행복만 하시길. 
그리고 당신들의 음악을 좋아하는 모든 분들도 행복하기를 바랍니다.",5455,2024-03-31T22:45:10Z
eN5mG_yMDiM,UgwUFWtKJbKEBLU8ath4AaABAg,@gson7200,"해외팬들한테는 그저 한국의 한 아이돌그룹처럼보일지몰라도 빅뱅은 우리 10대를 책임졌던 아티스트들. 
학교가면거짓말, 붉은노을,판타스틱베이비,뱅뱅뱅 등등..  노래부르거나 듣던시절 그립기도하고 다시돌아와줘서 고맙네 내 추억들... 응원합니다 앞으로도쭉",4641,2022-04-05T03:13:07Z
eN5mG_yMDiM,Ugzkvlh5XNQPyeW1B7p4AaABAg,@옹옹옹-c4i,2024년 11월입니다. 출첵 시작,16439,2024-11-01T11:26:55Z
eN5mG_yMDiM,UgyVtvKgHAGzB2ws6LJ4AaABAg,@평화빼기하나둘,탑형 잘지내? 오늘 코첼라에서 형 목소리나옴 그때 관객 환호 엄청났고 뷥들 보면서 울었어. 형이 말한 20대 빅뱅은 여전해 오고싶으면 와 앨범낸거 축하해,72,2026-04-14T12:39:25Z
eN5mG_yMDiM,Ugz19_wW2PXuop9VVnt4AaABAg,@사나우-t3i,“정들었던 내 젊은 날 이제는 안녕” 이부분이 너무 슬프다,9239,2024-04-03T04:04:24Z
eN5mG_yMDiM,UgwajdBqaAP-A10joRp4AaABAg,@shortstagram,"빅뱅 역대 뮤비들 중 처음으로 같이 나오는 장면이 없는게 슬프다...
노래 정말 좋고 앞으로도 무리 없이 활동해주길.....",3503,2022-04-04T17:52:40Z
eN5mG_yMDiM,UgyPOQHFYm5JDLlDwYF4AaABAg,@킹받는인생,"우리의 10대시절을 함께해줘서 고마워요.
고딩친구들과 노래방에선 늘 빅뱅노래만 불렀어요..이제 난 32이 되어버렸구 유부녀가 되었네요.
먼지쌓인 서랍에서 추억 꺼내보듯 그대들의 노래도 가끔 그렇게 꺼내보겠습니다.
행복한 시절을 만들어 줘서 감사합니다.",3708,2022-04-09T20:01:10Z
eN5mG_yMDiM,Ugw1hd59KOxvomqzaAd4AaABAg,@RaymondDwipa,so we're all here after coachella?? 💛😭,27,2026-04-13T18:20:07Z
eN5mG_yMDiM,UgyKn52-2xaf0LL8BvB4AaABAg,@단게최고,"제발 이게 마지막이라고 하지 말아줘요.
우리는 당신들을 기다렸는데 이렇게 끝내지 말아줘요
언젠가 당신들에게도 끝이 있겠지만
지금은 아니라고 믿어요
이제 성인이 되고 초등학생때부터 
노래를 들었습니다. 그러니까 제발 우리 곁을 아직 떠나지 말아요",2261,2022-04-05T00:07:18Z
eN5mG_yMDiM,Ugx5CLasOvCCfbXA_r14AaABAg,@공창주-v8c,빅뱅과 10대 20대 30대를 같이 해왔잖아요... 덕분에 노래가 20대의 시절을 보내고 30대를 맞이하는 지금의 제마음과 꼭 닮았어요... 당신들이 있어서 행복했고 앞으로도 행복할겁니다.,368,2022-04-11T04:39:26Z
eN5mG_yMDiM,UgykKypMIJG8HHVrFlN4AaABAg,@theseday995,모두들 몸과 맘의 건강을 꼭 되찾기바랍니다. 너무 애쓰지 않아도. . .지금까지 우리에게 많이 주었으니까. . 우리도 여러분께 시간을 드리고 싶네요. 탑형! 부디 건강해지길. 대성씨 다 괜찮아요. 태양은 여전히뜨고. . .그리고 지디. . . 님의 마음이 너무 아프지 않길. . 바래봅니다. 이번 곡 최고였습니다.,430,2022-04-10T05:07:05Z
eN5mG_yMDiM,UgxZt_UJcql6jYcxC2h4AaABAg,@valerien6514,I screamed and cried when I heard TOP’s voice at Coachella 😢,166,2026-04-13T18:34:40Z
eN5mG_yMDiM,Ugx5uStxDYPHwKu0y8t4AaABAg,@henRy3_5,"학창시절을 책임져줘서 고맙습니다
사건사고도 많았지만 그래도 돌고 돌아 결국 빅뱅이네요
-앞자리 바뀐 95년생",2358,2024-03-31T09:13:15Z
eN5mG_yMDiM,UgxWyCzS4-XLHA7Jo914AaABAg,@bloodyprincess723,I now understand why this single needs no promotion. This wasn't meant to top chart. To compete. I can't even say it's for comeback. This is just the members' message with all their hearts to all VIPs. The target audience of this single is solely VIPs.,5269,2022-04-05T20:15:36Z
eN5mG_yMDiM,UgyPm2ELqlX5M-wCd5h4AaABAg,@exdance6220,"제발.. 마지막은 아니었으면 좋겠습니다.
마무리하지 말고 천천히 여유있게 한번씩 앨범 만들어주시길 부탁드립니다.",1411,2022-04-10T11:30:16Z
eN5mG_yMDiM,Ugxg0vchsLerLFcTL6B4AaABAg,@BriannaChau,this at coachella WAS EVERYTHING,131,2026-04-13T06:46:07Z
eN5mG_yMDiM,UgxLiVDmKUDj2GASqfd4AaABAg,@짱짱맨-ep,탑 노래 듣고 다시 온 사람 하트,2027,2026-04-03T14:09:34Z
eN5mG_yMDiM,UgzDHpOpekphN8oV5Rd4AaABAg,@김하늘-f1x,"빅뱅영상이 몇년전이 아니라 19시간전이라니 깜짝 놀랐네 
너무 반갑다
음악도 좋다",1379,2022-04-05T10:23:56Z
eN5mG_yMDiM,Ugyb5Y3BM24njzb8Um14AaABAg,@Kami-my3ld,"계속 음악 해주시면 안될까요..? 
목소리 계속 듣고 싶어요. 예전과 같은 모습이 아니어도 , 같이 오래도록 함께 해주세요... 
목소리만 들어도 위로가 되고 치료가 되요",2913,2022-04-10T04:49:51Z
eN5mG_yMDiM,UgxTnP6YDJa5BpdnjF94AaABAg,@huixuan8661,"BIGBANG will never be complete without TOP,  i am so not well now after coachella😭",36,2026-04-13T06:58:11Z
eN5mG_yMDiM,UgwBVpyicsAmp4IUiTJ4AaABAg,@oo-cq8ez,빅뱅은 여전히 멋있네 앞으로도 계속 빅뱅 노래 들을수 있는거죠? 감사하고 사랑합니다 빅뱅,3284,2022-04-04T18:08:58Z
eN5mG_yMDiM,Ugz66ExbspF7KdfpYnN4AaABAg,@ThePoorPa,"still waiting for TOP to come back,  see if everyone's waiting too.. like this comment",2313,2025-07-16T04:58:49Z
eN5mG_yMDiM,UgzFxQTk5S7qSx1s_Op4AaABAg,@JADIAZ,"I'm speechless, there's no words to describe how beautiful this is.",27345,2022-04-04T15:20:39Z
eN5mG_yMDiM,Ugx8CIb9hFsJFc1CJOV4AaABAg,@T.O.P0304,So we all came back to watch this after coachella,24,2026-04-16T15:31:30Z
eN5mG_yMDiM,Ugzorw4cJBu0YU_6L3V4AaABAg,@goood_jab,저에게 빅뱅은 음악적으로는 그 어떤 그룹보다 완벽하다 마지막이 아니기를 바랄뿐입니다,1550,2022-04-06T23:55:24Z
eN5mG_yMDiM,Ugx6DelDb6oLGcWhjQh4AaABAg,@dotori2050,"나도 모르게 의식하지 못했지만 계속 기다리고 있었더라.
간간이 찾아보며..
이 노래 듣고 확 알았네요. 기다리고 있었구나..
바로 이거지.
이 감성, 이 목소리, 이 느낌.",1911,2022-04-08T14:48:27Z
eN5mG_yMDiM,UgxYuhgkKbYtBNsy69d4AaABAg,@좋은날온다-d6b,낭만넘치던시절. 학창시절을 채우던 빅뱅. 아직도 친구들하고 술먹고 노래방가면 빅뱅콘서트가 되더라구요~,405,2022-04-05T04:39:31Z
TFzZ-1t_WM0,Ugy5WxssRaaQk1UeQVJ4AaABAg,@qkqkalal00,여기는 악역인 천서진이어도 사이다였음 ㅋㅋㅋ 난 천서진보다 쟤네 둘이 더 싫어서,932,2021-06-13T23:40:10Z
TFzZ-1t_WM0,UgytaBViUOGGp0aT2o14AaABAg,@난뭘까-z4v,화장을 저토록 찐하게 하고 쨍한 파란색을 입어도 어울릴 수가 있나..?오히려 루비와 사파이어를 옆에 둔 블랙 다이아 같다,6966,2021-06-13T22:32:34Z
TFzZ-1t_WM0,UgwydrRy0wTqjBbzro94AaABAg,@Rona_Bae,"어떤 면에선 천서진이 대단해보이고,
이를 연기한 김소연 배우도 특히 갭이 두드러지게 나타나기에 겁나 놀랍다랍놀...",4577,2021-06-13T16:18:07Z
TFzZ-1t_WM0,UgwDJoV35w7Nk1WJFFd4AaABAg,@kiddy-p9c,어머니의 우디르급 태세전환,3179,2021-06-13T16:36:42Z
TFzZ-1t_WM0,Ugz2x-Q6Aw2mLiutuR14AaABAg,@이예슬-m3g,0:43 초때 주석경 화낼 때랑 어조가 비슷해서 놀람 ..,1207,2021-06-22T03:10:57Z
TFzZ-1t_WM0,Ugx78ocJn2MryGEajst4AaABAg,@UJICNN,아 근데 저건 천서진이 빡칠만 했다고 봄. 동생은 평소에 내 눈앞에서 내가 원하는거 뺏겠다고 깝죽이지 (근데 동생이 나보다 더 행복하게 사는거 같고 가지고있는것도 많아보임) 아빠는 어릴때부터 니가 세계 최고가 되어야 한다고 오윤희 그거 하나를 못꺾어서 내 딸이라고 말하고 다닐수야 있겠냐고 맨날 칭찬 한마디 없이 화만 내고 엄마는 동생만 어화둥둥 아구이뽀 해주고 그나마 믿고 의지할건 내 배 아파서 낳은 은별이 뿐이고... 어쩌다 감옥갔는데 은별이 보호는 안해줘 면회도 안와줘 내가 어렵게 잡은거 다 뺏으려고 해. 감옥 나와서 이유야 어쨌든 찾아갔는데 동생은 바람났지 엄마는 동생편이고 나보고 천박하다 함.,3153,2021-06-14T06:00:33Z
TFzZ-1t_WM0,UgwoAarm3OK383OjLQp4AaABAg,@피제스,0:56 와 딕션 소름,1126,2021-06-14T10:10:17Z
TFzZ-1t_WM0,UgwDY0YvM7ja8ELy-c54AaABAg,@undoubtedly-j9n,"진짜 모든게 다 잘어울리시는 우리 배우님이시지만, 파란색 특히 잘어울린다고 생각해요 진짜진짜… 
우리 천서진 이사장님 딱 나오실때 감탄하면서 봤잖아요… 제발 시즌3에서는 무조건 행복하셨으면 좋겠습니다",2566,2021-06-13T15:41:06Z
TFzZ-1t_WM0,Ugz3h8LZjJxx00SRT-V4AaABAg,@Sun_0505,0:32 여기 딕션이랑 목소리 완벽 ㅠㅠㅠㅠㅠㅠ,112,2021-07-23T09:52:39Z
TFzZ-1t_WM0,UgwkNpUsYNXpqQblu2V4AaABAg,@brkUrleg,0:30 여기서부터 딕션 진짜 대박…(앞부분도 좋지만 유독 여기가…🤭),192,2021-06-14T03:27:06Z
TFzZ-1t_WM0,UgwNpY66tnGlhfPPZ0N4AaABAg,@임쩡-u4e,은별이 모르는척 한건 진짜ㅠㅠㅠㅠ,120,2021-06-13T17:10:29Z
TFzZ-1t_WM0,UgyQDlJj2LGu-UBxCfR4AaABAg,@mimi-qf9kr,"진짜 악녀가 이정도로 예쁘니까
사람을 한둘 죽여도 걸리지말라고
응원함ㅋㅋㅋ",110,2021-08-22T04:45:44Z
TFzZ-1t_WM0,UgyS9W3zbUwHF51-7tF4AaABAg,@seol._o,저 씬 보고 저기 여자가 누구지 누구지 하다가 천서진이 나오고 나서부터 알게됐다 ㅋㅋ,256,2021-06-14T01:02:24Z
TFzZ-1t_WM0,UgxTVAN6mi6W7PTCYFR4AaABAg,@Njjiiijn,이거 자막 설정 안되있는 상태에서 cc틀면 거의 똑같이 나옴 딕션 미쳤다…얼굴도 미쳤다…,574,2021-06-13T15:45:04Z
TFzZ-1t_WM0,UgyiH9td83GLR9reSlB4AaABAg,@ROK롯데망함,저 파란드레스 천서진 펜트하우스 1회 첫등장때 입은 옷 아닌가?  나 우연히 채널돌리다 그모습보고 펜트하우스 보기시작했음,353,2021-06-13T17:31:06Z
TFzZ-1t_WM0,UgyhSAarc0guiw80VUZ4AaABAg,@내가제일잘나가-n1q,0:02 나만 이때 톤이 젤 조음?,27,2021-07-10T14:50:09Z
TFzZ-1t_WM0,UgwLi_nZgoz58Ox1dO94AaABAg,@앙큼력최대치,"뜬금인데, 초반에 술 마실 때 얼음소리랑 꿀꺽소리가 너무 좋당,,,천서진 ASMR 해조라,,,",613,2021-06-13T19:46:07Z
TFzZ-1t_WM0,Ugxp602MA06oGUNlHFB4AaABAg,@냥냥이-z8r2u,김소연 딕션은 이미 이브의 모든 것에서 증명났음 ㅜㅜ,90,2021-06-15T10:36:54Z
TFzZ-1t_WM0,Ugz8v_tb7WxtROVUszt4AaABAg,@androsewlghlee,저 옷을 우리나라 또 어떤 여배우가 찰떡으로 소화할 수 있을까……. 존멋,63,2021-06-19T13:47:44Z
TFzZ-1t_WM0,UgzfvQJKbbkE95mptWd4AaABAg,@infp7008,김소연 + 파란 드레스 + 진한 화장 = 레전드,35,2021-07-08T13:41:44Z
TFzZ-1t_WM0,UgwgPEhPZ7OUrOez6el4AaABAg,@gracel517,0:50 와 여기 영화 더빙같다,19,2021-06-15T10:42:08Z
TFzZ-1t_WM0,UgxxR7-0-a3tJvi9ACh4AaABAg,@SeHaHa,"천서진은 겁나 섹시하고 카리스마 쩔고
우아한데 김소연은 여리여리 순둥순둥해서 너무 귀여움..갭차이에 혼미해짐ㅋㅋㅋㅋㅋㅋㅋ",26,2022-08-23T14:31:06Z
TFzZ-1t_WM0,Ugwpxug_hkLTpPRTi3Z4AaABAg,@쥬희-l7t,천서진 개예쁘다,210,2021-06-13T15:40:21Z
TFzZ-1t_WM0,UgwN90bu8_PIoMW0woN4AaABAg,@Castle.J-b3f,천쌤 저옷입으면 넘 예쁨..... 악역인데 예쁨 나쁜데 예쁨 그냥 존재 자체가 예쁨,35,2021-06-13T23:14:30Z
TFzZ-1t_WM0,UgzLROr1PBxv8G3pVAp4AaABAg,@다즐링-k6s,0:56 여기 미쳤어요 아작,5,2021-09-09T12:33:39Z
TFzZ-1t_WM0,Ugx-s-meVmy5RgOWeg54AaABAg,@익명-z6i9l,역시 겨울쿨톤이라서 파랑색 개찰떡,171,2021-06-13T18:05:24Z
TFzZ-1t_WM0,Ugx-xoNlukY0hb3oGD14AaABAg,@a76576756,와 딕션 너무 좋다.. 물론 연기력도.. 미쳤다,216,2021-06-14T05:23:35Z
TFzZ-1t_WM0,UgxcgvjDktb8p1yuUBR4AaABAg,@영-i8l,00:30 > 감옥까지 갔다온 내가 얼마나 고결하게 살 거라고 생각했는데요 < 이 부분 너무 좋 아!!!!!!!,11,2021-06-15T11:14:05Z
TFzZ-1t_WM0,Ugz6cGa1pCWE61iuwj14AaABAg,@VvvV-sw8ii,할머니 고모라는 작자가 아무리 딸래미가 친딸 아니라지만 자기 면회는 아니지만 손녀 면회라도 가야지 진분홍이 주단태쪽으로 넘어가서 쓰레기지만 진짜 진분홍 없었으면 하은별 소년원에서 썩음,29,2021-06-13T23:46:40Z
TFzZ-1t_WM0,Ugx19bFwXubrHiuqPXR4AaABAg,@생갈치1호의행방불-b4d,해피투게더 나올때 순수 결정 그 자체였는데 악역이 그냥  행동만 나쁘고 소리지르는거 라기보다는 천서진이라는 인물을 너무 잘 표현해서 어울린다는게 너무 대단해,38,2021-08-23T14:33:45Z
BywO4j7Di-g,UgzSK5m4mn5en2YI-Tl4AaABAg,@로열위드치즈,지가 논리적인줄 아는게 레전드,6409,2022-04-04T21:04:09Z
BywO4j7Di-g,UgwX6lBqKladXoAsU1l4AaABAg,@qwer1234-n2x,"논리적이고 당당한척하지만 사실 누구보다 
감정적으로 대응하는중 ㅋㅋ",5265,2022-08-28T05:00:51Z
BywO4j7Di-g,UgxSxlL5LcvhiEF6K3Z4AaABAg,@leeloy-,모자란애가 지가 똑똑하다 생각하면 나오는 모습ㅋㅋ 보는사람은 다 혀차는 상황인데 본인만 모름 ㅋㅋㅋ,266,2024-04-02T05:08:45Z
BywO4j7Di-g,UgycdSRmXmfRjyhBWaB4AaABAg,@빠삭-w4z,말씀하세요~ 하는게 존나 웃기네ㅋㅋㅋㅋㅋㅋ,633,2024-04-15T09:54:24Z
BywO4j7Di-g,UgyjJa0bZA3UhOOCEH94AaABAg,@rony3558,파이는 세탁기에 돌려줄려고 해도 세탁기를 부숴버리냐 ㅋㅋㅋ,1563,2023-01-10T16:44:22Z
BywO4j7Di-g,UgwYw23wNfZ-kIsvnLh4AaABAg,@용현안-q6p,표정 진짜 존나 꼴보기 싫네 ㅋㅋㅋㅋㅋ,278,2024-01-19T01:22:14Z
BywO4j7Di-g,UgxUfo2tN05L4IzorVB4AaABAg,@야호우,논리적인척 하는건 진짜  변한게 없다...,2965,2022-08-09T05:43:20Z
BywO4j7Di-g,Ugyeofk8LjcFhL9b9KZ4AaABAg,@두눈박이,"똥고집 진짜 심하다.
잘못을 인정 못하는 저 똥고집 분명히 저걸로 인생 나락 또 올것이다.",856,2022-05-16T15:22:35Z
BywO4j7Di-g,UgwlunaKMVYE6btorkx4AaABAg,@양재혁-r4t,이게 4년이나 됐다니...,425,2025-06-27T10:34:54Z
BywO4j7Di-g,UgykWG1X2LVfmK7Jr9N4AaABAg,@ze34jd2kor,머리가 나쁜건 죄가 아닌데  남들이 지적해주는데 못알아 쳐 듣는건 죄지ㅋㅋ,1261,2021-11-23T14:35:19Z
BywO4j7Di-g,UgyNlKDZxkeVFlnJD614AaABAg,@기파랑v,2025년 12월26일 아직도 파이는 자기가 뭐잘못한지 모름,432,2025-12-26T03:02:16Z
BywO4j7Di-g,Ugw4JzIYBltaybszZwZ4AaABAg,@쿠쿠-o4t,파이는 아직 지가 뭘잘못했는지 모를껄 ㅋㅋ,2953,2022-06-28T09:09:26Z
BywO4j7Di-g,UgwwwvuhNtgkJxpsYG54AaABAg,@OF.한영상들여기서즐기,"≤≤ 제가 찾던거랑 비슷해서
잘보고갑니다 자주올려주세요 
감사합니다
저는 고등학교를 졸업한 20살 여자입니다 😁😁",1122,2025-03-08T17:36:25Z
BywO4j7Di-g,UgzPfLsOjHoScJlPiW14AaABAg,@Koytyibhydgki,국밥집도 그렇고 걍 인성이 가족력인듯,813,2023-10-02T17:05:57Z
BywO4j7Di-g,Ugzdhg1UvLCiRPC5kWp4AaABAg,@good77770,파이 개나락 개웃기네,215,2022-08-07T06:19:51Z
BywO4j7Di-g,UgwANR1NROxCECbgmAV4AaABAg,@saas김용현,왕따를 가난해서 당한게아니라 지능떨어져서 당한거같은데,1381,2022-05-17T05:51:25Z
BywO4j7Di-g,Ugw7FBV5LQAsePTzYrN4AaABAg,@더보기-u1u,이야 최신순 박아도 꾸준히 욕먹고있네 ㅋㅋㅋ,8,2026-05-07T13:45:52Z
BywO4j7Di-g,UgwU0okhAxANdHz8zB94AaABAg,@Siuuu_1006,시청자말진짜잘한다,2513,2021-10-15T05:26:33Z
BywO4j7Di-g,Ugw8VvijjsWFc7kdOLV4AaABAg,@라체-j6p,"맞다라고 말못하고 
자 얘기하세요~ ㅋㅋㅋㅋㅋㅋ",94,2024-03-23T22:39:52Z
BywO4j7Di-g,Ugx8hlIOTYuFJO3pj0h4AaABAg,@성-k2v,방송 끝나고 하는 이야기라고 말하자마자 뇌정지온거 개웃기네,1536,2022-08-07T03:15:33Z
BywO4j7Di-g,UgwWZyYhGgsaas_W5x14AaABAg,@꿀벌-r2i,제스쳐 존나 킹받네 ㅋㅋㅋㅋ,439,2023-02-03T02:49:24Z
BywO4j7Di-g,Ugz_L3T8k8Apy0j12yl4AaABAg,@모하니-n4x,돌발퀴즈 드립 왤케 웃기냨ㅋㅋㅋㅋㅋㅋㅋ,1153,2022-05-17T11:17:40Z
BywO4j7Di-g,UgxNTVS6M0tUFnCtjy14AaABAg,@glrptlt0,파이 ㅋㅋㅋ 뇌정지 왔네,563,2021-10-04T11:42:00Z
BywO4j7Di-g,UgyCJUCO7JuNH1ONnXp4AaABAg,@눈을콱그냥,"그때 당시 진짜 핫했는데
지금 봐도 빡도는 빌런은  인정이다",826,2022-10-24T00:47:57Z
BywO4j7Di-g,UgwpqA5lM---Aya6ioh4AaABAg,@Aileeonline,"저때만 생각하면 너무 웃김 ㅋㅋㅋㅋㅋ
죄송합니다 하고 끝냈으면 다 끝났을걸 자기혼자 죽기 싫어서 다 같이 죽자는 마인드로
장작 넣고 기름 들이 부었는데  스스로 더 활활 타버림ㅋㅋㅋㅋㅋ",674,2024-02-05T05:47:08Z
BywO4j7Di-g,UgxORXTu3AqMkO2fLTx4AaABAg,@haroosong4591,"오랜만에 생각이나서 다시와보니
영상속 너는 그대로구나",709,2022-03-28T12:48:28Z
BywO4j7Di-g,UgyDCD4QB1Ca5tp3-ql4AaABAg,@MouseAlive,개빡치는게 자꾸 자기가 논리적인줄 아는게 보는입장에서 개화남...,1116,2022-11-12T18:58:19Z
BywO4j7Di-g,UgwS3v1phtLii2kmlAl4AaABAg,@김진혁-d2b,저러고 전화 안받고 다른놈이랑 전화함,785,2021-11-07T14:50:05Z
BywO4j7Di-g,Ugzb6Z4dkYEa5qnbnUl4AaABAg,@user-pc3kz7gu3p,지금봐도 시청자분 말 지리네,1199,2023-02-06T13:25:56Z
BywO4j7Di-g,UgygnAhdu8mvrzrCJPx4AaABAg,@RedFoxy-hs9lz,착각속에 사는 파이 ㅋㅋㅋ,377,2024-02-16T12:07:36Z
OpWAATV3fss,UgzO0Id8oSLrzW_FBlh4AaABAg,@susu._.han_beauty,궁금한 렌즈 있으묜 알려쥬긔❤,29,2025-08-16T10:31:22Z
OpWAATV3fss,Ugz6Odsn6HlTIQHwBxl4AaABAg,@Dnsksk,블랙렌즈에 흑발단발 너무 아름다와…,175,2025-08-16T10:54:48Z
OpWAATV3fss,Ugz8ykutWgf0-Qy1FLl4AaABAg,@user-happy2515,"1. 렌시스 마리나 초코
2. 오렌즈 글로이 블랙
3. 마이피픈 디크블랙
4. 렌블링 스몰 퓨어블 애쉬그레이 애쉬브라운",286,2025-08-18T17:22:32Z
OpWAATV3fss,UgyjP7_Um_wcThqELux4AaABAg,@Enie-i8g1f,너무 미인이세요😮😮,6,2025-12-30T16:42:55Z
OpWAATV3fss,Ugwa6K4MUj9P9gbsVQd4AaABAg,@rynee7749,근데에 언니 얼굴 작아서 앞머리 없으면 분위기 완전 도도한 도시미녀 될거같애요옴..,13,2025-10-16T11:47:43Z
OpWAATV3fss,UgwTi3AylqSR0LS6JGB4AaABAg,@Fxtdyyo,글로이블랙 ㅠㅜ여쿨인생템 됨 ㅠㅠ감사합키다,1,2026-04-10T11:01:21Z
OpWAATV3fss,UgyJWikTvZQI55RjOH94AaABAg,@결속밴드화이팅,4번 렌즈 완전 예쁘네요!!,0,2026-04-21T16:54:50Z
OpWAATV3fss,Ugzcm7SbWlSkkOH-MOh4AaABAg,@anx.n-x,공쥬님 오늘도 쿨팁 감사합니다.!,8,2025-08-16T10:37:58Z
OpWAATV3fss,UgzX-Nmi_dPKvPD--ip4AaABAg,@iris_blos,완전 제 추구미세요.. 넘예쁜 도시미소녀가틈,0,2026-04-18T10:33:04Z
OpWAATV3fss,UgwpB8gEBT5Ply8XEGh4AaABAg,@우주최강기여밍-9999,"와,,, 사랑스럽댜",1,2025-10-15T08:35:19Z
OpWAATV3fss,Ugxh0pKqgNwIms3JjO94AaABAg,@몰랑와랄라-z1o,세상에 진짜 너무 예뻐요,0,2025-11-01T07:04:30Z
OpWAATV3fss,UgyDjGR4yCsdZLRRhkN4AaABAg,@oneun.8,토끼 옷 입고계실 때 광나는거 블러셔 제품인미 궁금해요 !!🥺🥺🥺,2,2026-02-18T07:36:53Z
OpWAATV3fss,UgzJQ-Ap00SD4zXel8B4AaABAg,@채솔솔,으아 너무 예뻐요이ㅜㅜ 뀰팁 감사합니도😻,5,2025-08-16T10:48:50Z
OpWAATV3fss,UgzG3FINgVgpygMHqtR4AaABAg,@포차코-m2e,추천해주신 렌즈들 다 너무 예뻐요☺️,0,2026-01-02T15:26:08Z
OpWAATV3fss,Ugy5VlBEoI4JPs1_tzZ4AaABAg,@na.yxun1,와 진짜 욀케 이쁘세요 ㅠㅠㅠ영상 볼때마다 감탄하면서 이쁘다는 말밖에 안나온다는... 진짜 개이쁘고 인기 많은 고양이 같아요 ㅠㅠ  구독 밖고 갑니더...,4,2025-08-19T12:09:10Z
OpWAATV3fss,UgzXF3zfjYySCYY9R194AaABAg,@z2246,엥 소리 ㅈㄴ좋음;;; 고인물 취향저격,1,2026-02-17T19:04:32Z
OpWAATV3fss,UgxUuCjKyF5uumKkA-d4AaABAg,@키티-o6n,블랙렌즈에 흑발단발 미쳤어요✨,0,2025-12-31T04:16:36Z
OpWAATV3fss,UgyHgEyUiywQg_7jSDB4AaABAg,@아공부하기귀찮앙,언니의 알라뷰 뽕따구리 꼭 사서 써볼께잉ㅇ,1,2025-08-16T13:41:54Z
OpWAATV3fss,UgxJhT_kKp7PqSYTVt94AaABAg,@꾸꾸-k1i3q,악 너무 예쁘잖아..❤,1,2025-08-16T12:05:58Z
OpWAATV3fss,Ugygat4pBDKnYpaFvll4AaABAg,@끄으으악,단발 너무너무너무 잘 어울려요 지존미녀....😱😱,0,2025-08-16T18:45:06Z
OpWAATV3fss,Ugx9hbDkqyTZR6ZNVI54AaABAg,@하네코,왁 렌즈 분위기 맞게 꾸미시는데 미쳤다는 말밖에 안나옴... 개예뻐요 진짜,1,2025-08-16T13:44:08Z
OpWAATV3fss,UgymckC3AfdxZw1ZpKd4AaABAg,@user-clx1mk0wk4,와 겁나 예쁘다,0,2025-08-21T14:17:25Z
OpWAATV3fss,UgxC8hLIa1GGYxSIfp14AaABAg,@Dabongbong2,와 단발 진짜 너무 너무 너무 잘 어울리세요..,0,2025-08-23T14:51:03Z
OpWAATV3fss,UgxJ5grbPFbYHhbmL5F4AaABAg,@공주._.sksrhdwn,단발진짜 이뻐유♡♡,0,2025-08-16T11:02:12Z
OpWAATV3fss,UgwZjx_34bYWwklYuqd4AaABAg,@Rubya_ba,토끼티 입으셨을때 낀 렌즈가 뭔가용..?!!,0,2026-02-25T14:59:14Z
OpWAATV3fss,UgyWyaqWQIjW8MZJ77p4AaABAg,@Li-koz,페르시안 고양이 같으시네요 ㅎㅎ 넘무 이뻐요오,0,2025-08-17T03:57:08Z
OpWAATV3fss,Ugxhmxz6u5OkUf1-gY54AaABAg,@이슬-x8p,언니 두번째?? 에 나오는 거울샷 머리스타일링도 알려조 넘 이뿌다,0,2025-08-17T16:17:42Z
OpWAATV3fss,Ugx2utsldRSaZZnniHl4AaABAg,@mk-tt9th,고앵희 예뻐요🐈‍⬛🐈‍⬛,0,2025-08-16T14:52:50Z
OpWAATV3fss,UgwqrJ6aMvMj-J9KDg94AaABAg,@제인-r3r,"2번 웜톤박스🤎🐻🧸🍞
필!수!소!장!
캬아 인생렌즈 찾음
알라뷰뽕따구리💕",0,2026-01-03T19:30:02Z
OpWAATV3fss,UgxqcNujNhZyoZZss3F4AaABAg,@0_o_o013,렌즈가 예쁜게 아니라 언니가 아름다운것 ..😹,0,2025-08-31T03:39:44Z
jfkIN-owfwk,Ugw7NMP3bS8hR4BsLyB4AaABAg,@hjw-0502,"얼굴은 순두부 연두부 지만
몸은 단단한 부침용두부였다...",20,2023-03-22T23:12:27Z
jfkIN-owfwk,UgxoQSgUmMxFxpCWfFp4AaABAg,@door801,순간 눈이 번쩍함,35,2022-11-22T08:31:50Z
jfkIN-owfwk,UgyaZlQUKUwUj95snI94AaABAg,@봄날의꼬꼬,크롭 만세ㅠㅠ내평생 볼일이 잇겠나 싶던 이진기 배도 보구 좋은 삶이네요 하..😇,94,2022-04-25T11:19:44Z
jfkIN-owfwk,UgyeHZT8LoPBT_tVJ1p4AaABAg,@6v6큐티뽀짝,역시 이진기 화이트초콜릿!!!!,52,2022-04-26T01:37:34Z
jfkIN-owfwk,UgzqQRRQiV6EhwVXUUx4AaABAg,@Haru_dawn_0829,판사님 저는 잘못이 없습니다,27,2022-08-15T20:17:46Z
jfkIN-owfwk,UgzdZ1PS5A08cvqBJyx4AaABAg,@realjuiceshineew2145,화이트쪼코...,35,2022-04-26T12:58:09Z
jfkIN-owfwk,Ugzds3gtxb5LFgbtaCl4AaABAg,@샤월도와리와리모아도,유교뽀이 이징기,13,2022-12-25T14:24:26Z
jfkIN-owfwk,Ugw8LB49Qd423ImFrH14AaABAg,@summonof.someone,이럴수가...어떻게 이렇게 앙큼한... 토끼가...,36,2022-11-23T14:18:12Z
jfkIN-owfwk,UgzBkI8Q-TVSjnwVMdR4AaABAg,@bealame,복근이 있네,15,2022-09-22T03:48:52Z
jfkIN-owfwk,Ugw8WXFsls4jB0bUWmx4AaABAg,@달달이찡구1214,나왜이러니? 계속보고 있다 미안해진기야~~😊,7,2024-02-22T23:56:31Z
jfkIN-owfwk,UgxWhcctg6u5HdM6qtl4AaABAg,@findmyniche-x7o,똥배도 없으면서 꽁꽁 숨기긴! 기절할까봐 그동안 배려한거야? ㅋㅋㅋㅋㅋ,3,2024-03-03T14:09:42Z
jfkIN-owfwk,Ugyg7vYKThDYQdcHcfl4AaABAg,@user-zn6po6pq1v,배가 왤케 이뻐,42,2022-06-12T18:27:12Z
jfkIN-owfwk,Ugy29uJWJbNJVa-Ytj14AaABAg,@rayindaputri1656,Onew never wants to show off his abs. And he accidentally did 🤩,45,2022-05-25T09:25:08Z
jfkIN-owfwk,UgwUju3uQ1LRzuT5oQd4AaABAg,@na_mae,ㅁㅊ..........😇 개 조 아,8,2023-03-27T13:07:07Z
jfkIN-owfwk,UgzPpQQIwqxLYbbEHAR4AaABAg,@kaushikiroy9746,The way I audibly gasped when I saw it,9,2022-10-26T23:07:36Z
jfkIN-owfwk,UgxNNvo2KgKrTxeQDGZ4AaABAg,@집나간새싹이,허!!저런좋은걸숨겨두다니💗💗💗💗💗,44,2022-04-25T09:19:20Z
jfkIN-owfwk,UgzlrEXAbcIpyDr56VN4AaABAg,@mmm-ul9ig,動画の停止ボタンはどこですか……🫠,3,2023-03-19T04:47:46Z
jfkIN-owfwk,UgxJ42ygBK3cVXHl__54AaABAg,@귀요미오뉴,어머♡화이트닷^^♡,28,2022-04-20T08:35:39Z
jfkIN-owfwk,UgyqikZhHs48lYaPpmB4AaABAg,@다홍-i6w,순간 살짝에도 화들짝하는데ㅋㅋ 만약 그런일이 생긴다면 기절할거 같아요 🫠,1,2024-07-14T12:29:31Z
jfkIN-owfwk,UgyfvcyifnAWZsBay5l4AaABAg,@jjsu_6,"징기는 항상 몸은 열심히 관리하면서
그 이쁜 몸을 숨기려고 해ㅜㅠ
그래도 이렇게 보니까 만족..❤",16,2023-01-14T06:14:27Z
jfkIN-owfwk,UgwTI5GHWFHlMH3NaAx4AaABAg,@zxcvbnm00gg,The day all mvps almost died 😏,11,2022-09-13T18:02:30Z
jfkIN-owfwk,UgxlWgplzO6MCWtuswJ4AaABAg,@뻥치지마,와 진짜 보면 볼수록 좋다... 저 이쁜 복근....❤,3,2023-05-21T22:35:57Z
jfkIN-owfwk,UgwsavOsEC1DSI5y_wd4AaABAg,@rlawkahddldhsb,헐,1,2024-03-24T21:22:22Z
jfkIN-owfwk,UgxX_hZ7Sef2ip77iIh4AaABAg,@carolinagimenez2474,Mi amor lindo. 😍🥰💞💥,3,2023-03-09T03:34:10Z
jfkIN-owfwk,UgxfCqZ3fgtvlEyHqpt4AaABAg,@dianamarzano8445,YES WE ARE OBSESSED BY ONEW’s stomach !!!  He never lets anything show. LOVE HOW ONEW AS GROWN MORE COMFORTABLE WITH US this year. WANT HIM TO BE SO HAPPY HAPPY !!!🥰💖🙏🇺🇸🌹🌹♥️♥️,2,2023-03-11T18:02:48Z
jfkIN-owfwk,UgyRXoB5HDTSXDQtlIF4AaABAg,@yessishawol4334,😍💎,9,2022-06-01T22:00:38Z
jfkIN-owfwk,UgzPsfDXzXuJZO_fq6t4AaABAg,@고구마호박-i9x,저렇게 복근있으면서 꽁꽁 숨겨만 뒀냐구,1,2024-07-30T08:13:20Z
jfkIN-owfwk,Ugx_mVghEW8So578OkV4AaABAg,@fierceANM,Just a little more crop next time 😭,3,2023-02-25T16:58:59Z
jfkIN-owfwk,UgypNuF498fidrCH41V4AaABAg,@MsSagac,🫠,2,2023-03-12T20:22:49Z
jfkIN-owfwk,UgxyaEXoTwnkxxHSXnt4AaABAg,@Iam3ccc,我不行了🤤,1,2023-02-09T18:47:48Z
GTtlFp0N-Xg,UgywtVGP-G68Ycr7wG94AaABAg,@duk6046,잔망인지 재롱인지 개그인지 ㅋ 렉걸린거 커엽네,13,2023-07-12T05:44:09Z
GTtlFp0N-Xg,UgzBDDNgF5GbIu5z2OJ4AaABAg,@한현수-e9t,새천년 글리치 체조,12,2023-07-12T04:57:19Z
GTtlFp0N-Xg,UgyREQlFRk3DYJDTeV94AaABAg,@assss0219,썸네일부터 정신없는 ㅋㅋㅋㅋ 🤣,8,2023-07-12T04:51:26Z
GTtlFp0N-Xg,UgxnfZ8WhSjCEwReEpt4AaABAg,@재스킴,보라는 노래타임 안무가 젤 기대됨,1,2023-07-19T10:26:28Z
GTtlFp0N-Xg,UgwYxQou6rX_OFXESmR4AaABAg,@네모난천사,존잼 존잼!!,1,2023-07-23T21:26:46Z
GTtlFp0N-Xg,Ugxcj_LJhTKbBxZRpQh4AaABAg,@coastroad_7886,잼  !  🩵  ..  🐰,1,2023-07-13T16:13:44Z
GTtlFp0N-Xg,UgwAbCWV7Bwu8jfpz8R4AaABAg,@허탱-r5k,붕붕붕 먼뎈ㅋㅋㅋㅋㅋ,1,2023-07-12T14:17:17Z
GTtlFp0N-Xg,UgxICt_dAZ6ML10cnLx4AaABAg,@왕등도,중국 공원에서 추는듯하다...,0,2023-07-15T15:12:05Z
hABwLufuIR0,Ugxw6sdUaX6tdCGn4kF4AaABAg,@TV-eu7rl,"아유.귀엽고.넘.넘
이뿐아가들~
최고~~최고~~👍👍👍👍👍💯💯💯🎶🎶🎶🍀",1,2022-09-14T10:38:07Z
hABwLufuIR0,Ugys62lnLoJMbeaXQCR4AaABAg,@날고싶은가물치,"너무 귀여워요
예전에 러브송불렀던 칠공주생각나네요~~",1,2022-09-14T10:22:20Z
_q_8-kh6uxM,UgyTeLwn98A4xdv0Y3x4AaABAg,@chumchujakr,송보라쌤 소리 잘하신다고  조연수쌤한테 듣고 구독과 좋아요 눌렀어요,1,2023-01-06T00:12:27Z
4e4HQ9ppr_4,Ugxpfcnpe4zR7-wdvo14AaABAg,@ickd2166,너무 예쁘다 진짜,0,2020-06-05T16:02:36Z
NA0pAnmE_dA,UgxFuwe5nYhYxInTqpp4AaABAg,@포에버012,"전반적인 육아는 아이린이,놀아주는 거는 슬기가",10121,2025-10-22T15:52:18Z
NA0pAnmE_dA,UgxO00z3onjsInMcXSh4AaABAg,@Shaehhss,"예림이 학교 가는거 옷도 다려주고, 김치볶음밥 사이에 계란후라이도 숨겨주고 ㅋㅋ.. 이건 아이린이 진짜 사랑을 담아 키웠지",9772,2025-10-22T13:09:03Z
NA0pAnmE_dA,UgyOtOB7DHvDAXoG5Fp4AaABAg,@luvduby,"아빠는 슬기, 엄마는 아이린으로 하자ㅋㅋㅋ 주 양육권은 아이린한테 있지ㅋㅋㅋ",2894,2025-10-22T15:25:12Z
NA0pAnmE_dA,UgxsPju0dAfzlqmo5md4AaABAg,@hjw-0502,아이린 마지막에 막이래 ㅋㅋㅋㅋㅋㅋㅋ 태연같음,5778,2025-10-22T23:19:06Z
NA0pAnmE_dA,Ugz4XIfJ636-6gqJjNZ4AaABAg,@maeda_Hj,"진짜...젊음이란 아름답다 지금도 존나이쁜데
개이뻐진심....주현이안이쁠때가없다...",780,2025-10-23T22:57:45Z
NA0pAnmE_dA,UgyAuYTXUcyHr3h1FA94AaABAg,@rilakkii,아니근데 아이린 왤케 이뻐.. 헤메 미쳤다 얼굴때문에 무슨말하는지 안들려요 언니,2178,2025-10-22T14:01:37Z
NA0pAnmE_dA,UgwTl3RzjU6KMIvNpN94AaABAg,@손승완두콩,밥도 먹여 키우고 교복도 다려주고 열심히 키웠지 예림이,581,2025-10-22T13:08:36Z
NA0pAnmE_dA,Ugx6TGhebPp0XI-7LK14AaABAg,@심프로,‘막이래’ 이거 되게 오랜만에 들어본다 ㅋㅋㅋㅋ,168,2025-10-26T08:09:03Z
NA0pAnmE_dA,UgxW4OHi2OGWDaOxkk14AaABAg,@tcybam,배주현이 밥해먹이고 키웠지 초딩 예리,481,2025-10-22T13:06:53Z
NA0pAnmE_dA,Ugyb7Q_yWhPTviMnFXZ4AaABAg,@NAVI-VVVV,근ㄷ ㅔ 아이린같은 타입 친해지면 ㅈㄴ 든든하고 뒤에 숨어있고싶고 개잘챙겨줄거가틈,57,2025-11-22T13:18:15Z
NA0pAnmE_dA,Ugy8E7lyL4qOEPvKoM54AaABAg,@솔-h1p,"이 영상도,,,,벌써 7년 전ㅜㅜㅜ",174,2025-10-23T14:16:25Z
NA0pAnmE_dA,UgyKOQZNtqwcehYb2ex4AaABAg,@상준이11세-he83eeb,아이린  진짜 이쁘다,180,2025-10-22T19:31:59Z
NA0pAnmE_dA,UgzLTpXvHjFd1zLsbKJ4AaABAg,@leejk04,아이린 정말 왜이리 예쁨 정말 너무 예쁘다😭❤️❤️,170,2025-10-22T13:56:12Z
NA0pAnmE_dA,UgwbKx6QLnw1clX7Bwd4AaABAg,@김상조-i5c,아슬 부부가 열심히 키웠다네요~,58,2025-10-23T03:10:31Z
NA0pAnmE_dA,UgwOlgoJAlSKBYUJ7Xd4AaABAg,@김정국-v1m,근데 아이린은 진짜 돌겠다 ㅠ 너무 예쁘다,51,2025-10-22T15:30:36Z
NA0pAnmE_dA,UgzqLdiQ4RsGwsNLNQJ4AaABAg,@reveluvedive1201,음식담당 배주현 놀이담당 강슬기,60,2025-10-22T15:03:55Z
NA0pAnmE_dA,UgwOFLJ9nfYCzIEUIAR4AaABAg,@Nnnjjki,뭐라는거야 할때 눈 훑는거 존니…하 혼나고싶어요,33,2025-10-25T13:23:27Z
NA0pAnmE_dA,UgwjBZ0ZEWSWcPSZWb54AaABAg,@퓨리오-e2z,ㅈㄴ이쁘다,35,2025-10-22T15:41:08Z
NA0pAnmE_dA,UgzV2sL0IhVHuSlZWvt4AaABAg,@강아지-i6j2n,너무멋져요,32,2025-10-22T13:41:40Z
NA0pAnmE_dA,Ugw_eHekaWQStYcdcHJ4AaABAg,@민정-j1n,처음에 말할때부터 슬기가 아이린 눈치보면서 말하는게 진짜 귀여움ㅋㅋㅋ쿠ㅜ 말하면서도 진짜 키운사람한테 말하는게 뻘쭘한느낌ㅋㅋㅋ,5,2025-10-30T23:35:36Z
NA0pAnmE_dA,UgwnqapKm0J17c9DZPR4AaABAg,@danaxoxr,나도 아이린언니한테 키워지고싶어 ㅜㅜㅜ,6,2025-10-28T09:37:02Z
NA0pAnmE_dA,UgzkNQlIULrVVEkZFQB4AaABAg,@Geometry364,아직도 저 비주얼을 능가하는 아이돌은 없다고 한다,10,2025-10-23T02:20:31Z
NA0pAnmE_dA,Ugw_eplu1kcTVa-5VDd4AaABAg,@onyourm_ark_9982,막이래ㅎㅎㅋㅋ 하고 웃는 거 ㅈㄴ조음,3,2025-10-25T14:28:10Z
NA0pAnmE_dA,UgxiIczR02-7DNoRK454AaABAg,@내마음이이런거야,와존나예쁘다.,3,2025-10-26T05:58:24Z
NA0pAnmE_dA,Ugyn4y_IknbXcRIliI94AaABAg,@syauwo16768,두번째데이트 개좋,4,2025-10-28T09:06:56Z
NA0pAnmE_dA,UgxZ1UvEgFMq3dj-Ioh4AaABAg,@cosmeticplaytime,아이린 진짜 이뿌네😂,1,2025-12-13T12:19:30Z
NA0pAnmE_dA,Ugxhea-BsPKKXw29fKh4AaABAg,@pleasekim7367,막이래는 뭐꼬? 졸라 귀엽네 ❤,3,2025-10-24T17:23:10Z
NA0pAnmE_dA,Ugyu2ODOMLJ2fkzh4v54AaABAg,@user-qc9ys3rq4b,아이린 마지막에 막이래 ㅋㅋㅋㅋㅋㅋㅋㅋ,2,2025-10-27T21:26:02Z
NA0pAnmE_dA,UgxtYdNUIAr-PyMG8aF4AaABAg,@taeyoung-2025,장인 장모님 아름다우십니다.,2,2025-10-26T16:36:58Z
NA0pAnmE_dA,Ugx_jUzFC8KcMh8i0KV4AaABAg,@Kyakya-o8m,아…좋다,4,2025-10-24T01:30:35Z
bYxq8LYjLH4,UgwXmIzDeVoeSC_fJG94AaABAg,@꽃돌이-l5z,ㅈㄴ이쁘네,118,2024-12-25T13:10:16Z
bYxq8LYjLH4,Ugxqlwlqx3-UIfwTwMJ4AaABAg,@N0CUT,백옥같은 피부,75,2024-12-25T16:38:28Z
bYxq8LYjLH4,UgzbkYCf4ZLF2EcSp294AaABAg,@bumperyear,백설공주를 3d로 만들면 아이린이 아닐까...,75,2024-12-25T13:15:41Z
bYxq8LYjLH4,Ugy_FOY3qwn5MFXPXEB4AaABAg,@noodle_miyeon,청순하고 섹시하고 짱예쁜 인어공주 주현누나 빠져든다..😆😍,48,2024-12-25T13:36:39Z
bYxq8LYjLH4,UgxlQr1oHdpShVCE_Ch4AaABAg,@고달파-g9b,죽어도 할말없다.,18,2024-12-25T16:02:55Z
bYxq8LYjLH4,UgyBscDgBavoA7_91Bh4AaABAg,@masang-j5l,내가 나이들어서 저렇게 될 수 있을까.. 아이린 얼굴로 하루만이라도 살아보고싶다,17,2024-12-26T16:37:58Z
bYxq8LYjLH4,UgwEklZ3h3mTsjT_put4AaABAg,@손승완두콩,공주님 나 좀 데리고 가요,10,2024-12-25T15:35:03Z
bYxq8LYjLH4,UgxWWp6mwbzFmkgd9KN4AaABAg,@q-2229,와 이쁘긴하네,13,2024-12-26T08:11:18Z
bYxq8LYjLH4,Ugw2K-c2Qywn01X5DXB4AaABAg,@luvduby,산소통 챙겨 지금 들어간다,5,2024-12-25T14:19:20Z
bYxq8LYjLH4,UgxNGWNyefUj9ui5Ryd4AaABAg,@mintipinkiblue,쇄골에 물이 고이는게 이런거구나...와..미친..,4,2025-01-19T00:27:47Z
bYxq8LYjLH4,UgyTef88GttwmMpHlYB4AaABAg,@sae05z,용왕님 같이 들어가겟스빈다,4,2024-12-28T13:04:56Z
bYxq8LYjLH4,Ugx21NJ2gFJ94zN9tON4AaABAg,@deejkeithanmusic,Literally the prettiest woman ever,10,2024-12-25T21:52:42Z
bYxq8LYjLH4,UgxsmT9PS2heY_h-MbZ4AaABAg,@WOdjfjfjrj,배주현 좋아해,3,2024-12-25T17:53:51Z
bYxq8LYjLH4,UgxPQffJ9kNdzT0_NEN4AaABAg,@MrDodgerway,감기 걸리겠다 ㅠㅠ,2,2024-12-25T14:50:06Z
bYxq8LYjLH4,Ugyi2UHNElWlmS_wIOF4AaABAg,@willwasteyourtime,I've never seen anyone as beautiful as her 🐰❤️,4,2024-12-25T20:56:03Z
bYxq8LYjLH4,Ugw5k4aByW1kFluPCM54AaABAg,@고현진-q5p,예쁘다 ❤,2,2024-12-30T02:26:12Z
bYxq8LYjLH4,UgyydF-4K4YEcnB7dEt4AaABAg,@kenwoo3626,세이린ㄷㄷㄷㄷ,2,2024-12-25T14:46:24Z
bYxq8LYjLH4,Ugw345gjBE514Y0m9LJ4AaABAg,@AbdulKader-hb5iw,Beauty 🤩,3,2024-12-25T15:10:35Z
bYxq8LYjLH4,UgxAx6CB0gyceVhMzhB4AaABAg,@Sin_savage,츄룹츄룹,1,2024-12-25T20:16:26Z
bYxq8LYjLH4,Ugw9rVw_AlKKUfw6FYF4AaABAg,@Leegangin117,나도 물에들어가고픈데 껴줘,0,2024-12-31T05:30:51Z
bYxq8LYjLH4,UgxB_p7FqVvB3iFw_v54AaABAg,@boxchiwuh,와,0,2024-12-25T17:15:18Z
bYxq8LYjLH4,Ugwudg8Gqki75v3X5F54AaABAg,@샤크-c3k,쇄골 와,0,2024-12-25T18:12:25Z
bYxq8LYjLH4,UgxUgvzP7Md2qtK-UTx4AaABAg,@YeonChoi-d7u,저런 인어랑 같이 바다들어갔다면 호상 아닌가,2,2024-12-28T13:45:25Z
bYxq8LYjLH4,UgwI6_jyI5_6_9XUI-R4AaABAg,@달리고싶은러너,외모는 완벽해 ㅇㅈ,0,2025-01-01T02:08:59Z
bYxq8LYjLH4,UgymyZP-uBbvhNTIUCh4AaABAg,@jinagnes1176,"토끼가 수영도 
할줄알아???
ㅋㅋㅋㅋㅋㅋㅋ",0,2024-12-26T03:38:15Z
bYxq8LYjLH4,UgwCkxG2feKlpTJy9554AaABAg,@moun95,"Its so cold, she must be ill",0,2024-12-27T19:58:51Z
bYxq8LYjLH4,UgygsNHQIN82tw5x-kd4AaABAg,@naziium,좀 웃고다니지 왜 그랬어.. 흑,1,2025-01-03T13:17:47Z
bYxq8LYjLH4,UgykQY6yh4MTIzRwx614AaABAg,@luckyguy3948,내스타일은 아냐,2,2024-12-26T10:41:30Z
bYxq8LYjLH4,UgwvD5ccwW19eJzN22x4AaABAg,@박성민-i8j4s,이거 출처 어디인지아시는분,0,2025-01-14T06:42:42Z
bYxq8LYjLH4,UgxkW0OC_JCUSDPCuj54AaABAg,@또추-t7o,장카설유  언급하지마라 아이린 미만잡이다 아이돌은,0,2025-01-06T08:56:43Z
Am7cBfS24NI,Ugza8npH0ggHZP098054AaABAg,@다인-s,"이러게 쎄게묵넿ㅎㅎ
너무질묵어😂😂",25,2025-04-13T07:30:57Z
Am7cBfS24NI,UgylEnLvP79VAi0w2yd4AaABAg,@ya-h4f,라임이 언니 너무 귀여워요 당현이 이모도 목소리 예뻐용😇😇💓,21,2025-05-10T12:37:43Z
Am7cBfS24NI,Ugw4Oney1su_yYa2k5p4AaABAg,@유병헌-x9u,언니잘도피하네ㅋㅋㅋㅋㅎㅎㅎ,0,2025-05-24T22:30:08Z
Am7cBfS24NI,UgwMdMPcVO4yG3CC2bR4AaABAg,@hahamamaLOVE,귀여워❤,0,2025-04-12T14:33:25Z
Am7cBfS24NI,UgxBWZrvs3O_uMHUscJ4AaABAg,@백지-o4w,마지막에 소히짱님이 머리 잡을려고 할때 워치에 전화옴 ㅋㅎㅋㅎㅋㅎ,0,2026-06-28T06:54:57Z
Am7cBfS24NI,Ugw_8CHWDuHm8qItIlF4AaABAg,@최아름-o7k,귀엽예쁘당,0,2026-05-17T03:55:15Z
Am7cBfS24NI,UgzJmsj3h1EtV3jILD94AaABAg,@yafu1221,머리 다 뽑히겠누,1,2025-04-12T11:05:38Z
Am7cBfS24NI,Ugxnem_4PIBbY6e_aFp4AaABAg,@젤리몬몬,난 저렇게 묶는데 더 싫던데… 라임이 언니는 그래도 저렇게 하니깐 예쁘다!!,0,2026-02-16T09:17:06Z
Am7cBfS24NI,Ugxl5tTibRSFczJg_794AaABAg,@세_리ceri,전쟁의 신 아레스인가요?,0,2025-11-26T10:09:06Z
Am7cBfS24NI,Ugxo2rF3d1VwyIJ_IcR4AaABAg,@권명진-b6x,귀여워,0,2025-04-12T23:54:01Z
Am7cBfS24NI,Ugy2jNW5V3MCZChbGG14AaABAg,@포카포장345,빵터짐ㅋㅋㅋㅋㅋ,5,2025-04-12T06:56:15Z
Am7cBfS24NI,Ugw-24rcglXDFYiW2HN4AaABAg,@daona-0818,저도 그래요😂,0,2025-04-13T00:07:51Z
Am7cBfS24NI,UgwTcXGLq5SPzc6dWnl4AaABAg,@짬짜뽕야미,쎄게 묶으니깐 있지 예지같아요,0,2025-11-15T01:05:08Z
Am7cBfS24NI,UgxEizD1sNIWM7jQCXF4AaABAg,@좋은말씀구우웃,와!대단해요 라임이언니 너무 예뻐욧❤❤❤❤❤❤❤,7,2025-10-11T11:29:09Z
Am7cBfS24NI,UgynN6cu9zuBaK6uTSx4AaABAg,@annakim7344,나는 오히려 쌔게 묶는걸 싫어하는데 라임이는 쎄게 묶네ㅋㅋㅋ,0,2025-05-31T00:13:38Z
Am7cBfS24NI,UgzANf3smUvUgjLncUB4AaABAg,@해빵이h,난 저렇게 묶다가 한번에 다 빠질 것 같은데,1,2025-06-21T05:35:47Z
Am7cBfS24NI,Ugykd5yXAbY9ZOCPNNt4AaABAg,@y.seo_x7,고무줄 3개로 묶는건가,2,2025-04-13T10:42:30Z
Am7cBfS24NI,Ugw16NWyGey3wMHJxRF4AaABAg,@twinbel,애들은 괜찮아요,0,2026-04-14T01:28:54Z
Am7cBfS24NI,UgyF-Q5MabfWGMCEP-N4AaABAg,@Joong-hoonLee,제친구가 라임이처럼 머리 쎄게 묶어요 근데 그 친구가머리가 커서 완전 많이 빠지고 탈모도 와요😅,0,2025-08-08T13:20:06Z
Am7cBfS24NI,Ugz67fr82p2z4uZDx254AaABAg,@공룡박사하준이와귀염,아프진 아늘까....!😢,0,2026-04-01T10:55:47Z
Am7cBfS24NI,UgzdK8yLzT_VNrpElfh4AaABAg,@유선일-o6c,너무 잘묵어요,1,2025-05-03T11:50:11Z
Am7cBfS24NI,UgxMFS9yOJvItO-W1pZ4AaABAg,@sadxm4165,ㅋㅋㅋㅋㅋㅋㅋㅋㅋㅋㅋㅋㅋㅋㅋㅋㅋㅋㅋㅋㅋㅋㅋㅋㅋㅌㅌㅌ😂❤,1,2025-04-12T01:42:15Z
Am7cBfS24NI,Ugwc-Y4XLjXUBT4ogJF4AaABAg,@루나_로블록스,으 내 두피가 으,0,2025-05-18T05:31:04Z
Am7cBfS24NI,Ugwv6ox2E5EUJNS-5fx4AaABAg,@윤찡-u2l,라임아 너 왜그래?,3,2025-06-12T12:59:01Z
Am7cBfS24NI,UgyBurY2ogUmHsqB6Jp4AaABAg,@만듕TV,진짜 전쟁나가는줄 알있어요 조선시대때는 그렇게 묶고 나가니깐요,0,2025-10-10T02:03:50Z
Am7cBfS24NI,UgyCDmCVICD5aA-2oEN4AaABAg,@사람1414,혹시 화장해오?,0,2025-11-17T07:44:17Z
Am7cBfS24NI,UgznWoVKa_Ev4hbuWtd4AaABAg,@김민채-e7v4t,나는 저렇게 묶고 다니다가 지루성두피염 생겼음,0,2025-04-19T12:41:06Z
Am7cBfS24NI,UgxQmiZs3_hcxOBxN4V4AaABAg,@박종배-c7w,ㅋㅋㅋㅋㅋㅋㅋㅋㅋㅋㅋㅋㅋㅋㅋ,4,2025-04-15T02:11:11Z
Am7cBfS24NI,Ugy4dBFzC9dMHA4sWuh4AaABAg,@서선화-r5c,저 찐팬,0,2025-06-08T06:09:23Z
Am7cBfS24NI,UgxWY2ClxzRLRwvDe6p4AaABAg,@김예은-h1d,롤롤라임 팸,1,2025-04-10T13:14:33Z
Agdlu_meXgo,UgxGEVTVYcIIvjNGEgd4AaABAg,@beloved9514,"아,, 이 날 보고왔던 감동이 다시 끓어올라여🥹🥹",2,2024-07-29T09:04:19Z
Agdlu_meXgo,UgxrfFXt2aWW0II78It4AaABAg,@beloved9514,"엠비제트 근데
왜 보아라부대 안줬어? 정원님 정말 잘하시는데말이야 .",1,2025-06-20T12:33:16Z
0QXSBcJwCS0,UgxqpciH3kpXrXY_5t14AaABAg,@모찌b8z,너어무…잘남겨주셨어요 최고최고❤️🥹,1,2026-03-11T15:23:45Z
0QXSBcJwCS0,UgxsFauLXqUqD-2cRqx4AaABAg,@dxwhx,연기를 점점더 잘하시는것 같아요!!! 최고!!!,1,2026-03-12T00:03:02Z
_9Cs-Jx1buE,UgxETTNUtaWQM1LQ8Cd4AaABAg,@유석우-o7c,❤❤❤,0,2024-10-25T11:56:28Z
