video_id,comment_id,author,text,like_count,published_at
AKBl-gN5XF0,UgzcXYAzrHdAxXI5pbN4AaABAg,@한관희-h9n,TMI: 이종훈도 유부남이다,2626,2025-03-05T04:54:50Z
AKBl-gN5XF0,UgznIipAHsouE5f0I7R4AaABAg,@카카봉공쥬,진짜9년차라니ㄷㄷ;;,1167,2025-03-05T03:26:53Z
AKBl-gN5XF0,UgyTcs0rF5QSa1YKU214AaABAg,@혼자쓰는브이로그,이종훈씨 오랜 팬인데 요새 많이 하이라이트되는 거 같아 팬심이 뿜뿜합니다.  앞으로도 계속 멋진 모습 보여주세요!!,864,2025-03-09T11:15:16Z
AKBl-gN5XF0,Ugx-HJns7BuA2TNLfvJ4AaABAg,@백칸송이-e7p,대본에 없는거 하지마~~~,600,2025-03-05T02:18:00Z
AKBl-gN5XF0,UgzE9lfinx-vkzgwIWN4AaABAg,@코코몽-i4r,대본에 없는거 하지마 조차도 대본임 ㅋㅋㅋㅋㅋㅋ,612,2025-03-05T10:51:25Z
AKBl-gN5XF0,Ugx1nzAzQYYXaEnXrLx4AaABAg,@주님의케빈,시간대 옮겨줘서 고마워요^^,345,2025-03-05T05:52:16Z
AKBl-gN5XF0,Ugw7fBPDTgpdr9TrZdN4AaABAg,@aauzag2944,유부남의 철벽ㅋㅋ,195,2025-03-05T04:34:38Z
AKBl-gN5XF0,UgysdWWPhcZ2qa0ZG8R4AaABAg,@유온리-v8h,대본은 뭐였을가 ㅋㅋㅎㅎ,104,2025-03-05T03:18:34Z
AKBl-gN5XF0,UgxYfGN0n9GCNfwiyM54AaABAg,@김주한-b3r,이종훈씨 과거엔 근육? 몸 힘 쓰는 것 이런 것으로만 잠깐 나오고 솔직히 별 볼일 없었는데 와!!! 이거 진짜 딱임. 너무 잘 어울리고 너무 잘 함. 진짜 이 분의 인생 코너가 될 것 같음. 너무 재밌어요.,113,2025-06-05T03:51:27Z
AKBl-gN5XF0,UgwHthTamvNNz78UaAF4AaABAg,@초기인,예슬이는 유부녀처럼 안보이긴 하지 ㅋㅋㅋ,166,2025-03-05T05:56:52Z
AKBl-gN5XF0,UgwxD_qsN9qSDbPQu7J4AaABAg,@rishw6068,이종훈개그맨님도 유부남이다,142,2025-03-05T04:40:25Z
AKBl-gN5XF0,UgwJg2h1V2hM4MC3ADB4AaABAg,@JINAKA984,와..진짜 유부녀였구나.. 찐연기엿네 ㅋㅋㅋㅋㅋ,46,2025-04-27T12:19:09Z
AKBl-gN5XF0,UgxHR8tnZXZHxpYjj2J4AaABAg,@준짱-v2h,진짜 ㅈㄴ웃김..ㅎㅎ 아니 홍예슬 진짜 당황한것 같음..ㅎ 근데 진짜 홍예슬 유부녀였음?,399,2025-03-05T03:27:07Z
AKBl-gN5XF0,UgzDzrsLsX9xbLnamzZ4AaABAg,@정순진-g8u,ㅋㅋㅋㅋㅋ😅😅😅😅😅,82,2025-03-05T01:27:09Z
AKBl-gN5XF0,Ugw1RBXIYR317dG8d7t4AaABAg,@DooDoobb,ㅋㅋㅋㅋㅋㅋㅋ개웃기고 프로들의 센스 쩐다 ❤❤,76,2025-03-26T23:33:56Z
AKBl-gN5XF0,UgztJ924sEL1HbE1QGl4AaABAg,@명식최-b4b,이종훈 간만이다.연기 진짜 잘한다.,6,2025-08-22T10:25:05Z
AKBl-gN5XF0,Ugz5LGqhub97RiKK4v94AaABAg,@Royals12-_-dohun,유부녀 인거 선배 한테 들킴ㅋㅋㅋㅋ,38,2025-03-05T08:15:08Z
AKBl-gN5XF0,UgwjqvgfHyRZkEraANl4AaABAg,@띠띠-s2g,후배 긁 개웃기넼ㅋㅋㅋㅋㅋㅋㅋ,7,2025-03-28T03:23:36Z
AKBl-gN5XF0,Ugy3qTZ_ABktO8COrjR4AaABAg,@수화랑-m3q,홍예슬님 계속 흥하시길...,2,2025-10-12T04:28:30Z
AKBl-gN5XF0,UgxNGaXWiPKlozbsbXx4AaABAg,@minkkk66,ㅋㅋㅋㅋㅋㅋㅋㅋㅋㅋ,42,2025-03-05T01:24:43Z
AKBl-gN5XF0,UgxD4-D_4Z3VXriJjql4AaABAg,@JoePark-k8x,진짜 우유븣깔 홍예슬 !! 마이컷당..,3,2025-05-25T07:59:30Z
AKBl-gN5XF0,UgypgLYrQFCVf-F0Fgp4AaABAg,@ddyermaker978,다들잘한다 ㅋㅋㅋㅋㅋ,0,2025-05-16T11:53:52Z
AKBl-gN5XF0,UgwzYJt2aHIZln6zeWR4AaABAg,@동동글이,유부녀셨어😂😂😂,43,2025-03-05T02:20:21Z
AKBl-gN5XF0,Ugz-eQxjE5auHtEaO-V4AaABAg,@아이콘모먼트,ㅋㅋㅋㅋㅋㅋㅋㅋㅋㅋㅋㅋㅋㅋㅋㅋㅋㅋㅋㅋㅋㅋㅋㅋㅋㅋㅋㅋㅋㅋ,13,2025-03-05T01:34:54Z
AKBl-gN5XF0,Ugx1s_L302kGk38xrll4AaABAg,@김의철-z1w,ㄹㅇ 몰랏어여 ㅋㅋㅋㅋㅋ,0,2025-05-14T08:40:41Z
AKBl-gN5XF0,Ugy1nqfFOStPHHmF8S54AaABAg,@블랙마카1,호피햄 벌크업 겁나했네 ㄷㄷ,3,2025-03-30T15:21:58Z
AKBl-gN5XF0,UgxrBKT4GJUgZ81OLBV4AaABAg,@이계희-s7k,대본에 없는거 하지마 ㅋㅋㅋㅋㅋㅋㅋ,5,2025-03-05T17:58:24Z
AKBl-gN5XF0,Ugz6qbmlKFU-kLywuKl4AaABAg,@조원석-i3f,ㅋㅋㅋㅋㅋ ㅋㅋㅋㅋ 😆,0,2025-07-16T00:39:21Z
AKBl-gN5XF0,Ugxb9aE4jXhJhgIJZq94AaABAg,@안퇘오,한라산 보고 바로 한라산 시키는 거 진짜 한국 아저씨 아니냐고욬ㅋㅋㅋㅋㅋㅋ,0,2025-05-11T06:23:11Z
AKBl-gN5XF0,Ugwynv8MBSA90_46dnt4AaABAg,@lkm0148,이것도 아는노래랑 같이 부활시켜주세요ㅠ,0,2025-07-03T11:41:41Z
qPQPiyClmyY,Ugz3r_mTpilzrF1YqMd4AaABAg,@captain0428,엠케랑 오디 더 대결하자,76,2026-07-09T05:08:18Z
qPQPiyClmyY,UgwOOjiGu84CnXkeUXZ4AaABAg,@Wawaingg,동큘 직캠 박제해줘라.,20,2026-07-09T07:59:44Z
qPQPiyClmyY,UgxkC6qcLQ3hiIv2E_t4AaABAg,@진예현-r2g,우리 선녀님께서 이렇게 없다뇨............. 어디가셨나요 ㅠㅠㅠㅠㅠㅠㅠㅠㅠㅠㅠ,8,2026-07-09T06:25:27Z
qPQPiyClmyY,Ugz_tjpggkho861KAv14AaABAg,@피리-t2r,"동큘 얼굴 미쳤나 자꾸 이러시면 주인님밖에 못 되세요
이모르디테 노스페라투......",12,2026-07-09T05:31:08Z
qPQPiyClmyY,UgxsaPBCvg8mdvGPaId4AaABAg,@sunset_palmtree,샤큘 표정봐ㅜㅜㅠㅠ 벌써 맘찢이다 흑흑ㅜㅠ,17,2026-07-09T05:19:16Z
qPQPiyClmyY,UgzLz-hFDbuw9y1soWp4AaABAg,@dodoleo12,샤큘 빨리보고싶어😭,12,2026-07-09T05:28:41Z
qPQPiyClmyY,Ugx6eLcG_c8kwDjHBIV4AaABAg,@wonkyunglee56,고큘  너무  설렌다,9,2026-07-09T06:14:12Z
qPQPiyClmyY,Ugz0JigDT3rDpA5KaHZ4AaABAg,@padaesosonurutyapukosipta,🌹샤큘님을 꼭 만날 수 있기를 바랍니다 🌠🌠🌠,10,2026-07-09T05:11:58Z
qPQPiyClmyY,Ugwwp1nfkeS9aFWS7YJ4AaABAg,@람쥐쨩,김준수 샤큘ㅠㅠㅠ!!! 너무기대된다 흑발얼마나 다른 매력일까 ㅠㅠ!!,11,2026-07-09T05:18:09Z
qPQPiyClmyY,Ugwh759-PnfsaYnnBIR4AaABAg,@addotch0,고큘!!!!,8,2026-07-09T05:56:18Z
qPQPiyClmyY,UgxeojvudYj2cJPqke14AaABAg,@김태희-q6h4s,우리  동석님도  꼭  성공하고  싶다 ㅠㅠ,5,2026-07-09T05:37:52Z
qPQPiyClmyY,UgxR1DQ63r8BkGVazCV4AaABAg,@온리ko당,곤큘 곤큘 곤큘 ❤❤❤ 넘 설레임,5,2026-07-09T06:02:29Z
qPQPiyClmyY,UgwxVd6kEekWdAyaWYd4AaABAg,@원-u9f1q,고큘 표정 설레요,4,2026-07-09T07:45:24Z
qPQPiyClmyY,UgyePWluXEbV4HlU-nR4AaABAg,@coconut.___.1215,사큘!!! 너무 기대된다 첫 흑발.,6,2026-07-09T05:45:37Z
qPQPiyClmyY,UgzHZAxu0YZOKuBIA3V4AaABAg,@JulieCha-e9c,곤큘 넘좋아 표정 무엇?!❤❤❤,3,2026-07-09T08:20:35Z
qPQPiyClmyY,UgzrUhJTUbSSrmbMKEx4AaABAg,@원소연-s4o7s,진짜 오디덕에 내가 산다,6,2026-07-09T05:01:36Z
qPQPiyClmyY,UgyYe_7KBfvTyNHcqKF4AaABAg,@샤샤샤-l9l,샤큘 표정만 봐도 벌써 슬퍼 ㅠ  ㅠ  어서와요 주인님,1,2026-07-09T08:48:58Z
qPQPiyClmyY,UgxysJRnIQm-LkGvpxV4AaABAg,@야간비행-u3q,젼미나 아름답네요 ❤ 오디 미나 박제도 기대하겠습니다 !,6,2026-07-09T05:50:05Z
qPQPiyClmyY,UgyKufpdGI4lIOthAM94AaABAg,@jwmom1130,검머 샤큘 D-3 !!!! 엘아센에서 보는 샤큘 개큰기대중~,4,2026-07-09T05:37:15Z
qPQPiyClmyY,Ugz2eLnVXEV6Yi-8eT14AaABAg,@Jayless69,이제 진짜 곧이다,3,2026-07-09T05:02:00Z
qPQPiyClmyY,UgwMCugmf49prgo4aZF4AaABAg,@user-xh3ut3xe4n,"동큘 미모 미쳤구나
고혹적이심😂😂😂",1,2026-07-09T08:04:00Z
qPQPiyClmyY,Ugxd8zQGXDtCJzR2URt4AaABAg,@antitifreeze,젼미나 진짜 아름답다 ㅠㅠㅠㅠ,2,2026-07-09T05:46:42Z
qPQPiyClmyY,Ugwo2bfBgOAcnCGIFVl4AaABAg,@SHShin-wx4cr,동큘 선녀미나 금욜에 봐요❤❤,3,2026-07-09T05:15:22Z
qPQPiyClmyY,UgwjM85p_iEVqPzvuDZ4AaABAg,@muduck__2,아니 처음부터 록큘 표정 미친다 진짜,1,2026-07-09T05:21:20Z
qPQPiyClmyY,UgzA74LU8WMS7AlHR_Z4AaABAg,@bbambbong,0:54 내 주인님 개야ㄹㄹ르,38,2026-07-09T05:08:14Z
qPQPiyClmyY,UgyirHkZ8ZUVlZAPZp94AaABAg,@참취-v2i,사수한다. 이번 드큘.,2,2026-07-09T05:00:57Z
qPQPiyClmyY,UgyeUZff8aV52ifsW_J4AaABAg,@akkk6571,고큘 ❤❤❤,0,2026-07-10T00:55:31Z
qPQPiyClmyY,UgzQYxvvMzc6eHRFt9R4AaABAg,@nadiab8159,Toutes ses Actrices et Acteurs  vont interprété une Comédie Dracula magnifiquement....quel Talent ils ont Tous 🎉💯👏🤍🫶,0,2026-07-09T10:26:25Z
qPQPiyClmyY,UgwO5JM9Z9S3BqtvS8J4AaABAg,@최설아-d7i,역시 오디!!!!! 최고!!!!!,1,2026-07-09T05:00:26Z
qPQPiyClmyY,UgxHd3WXDtLLiNlOzTB4AaABAg,@캎뢑,환희밴님 연기 진짜 잘하신다.. 빛미나 진짜 기대됨,0,2026-07-09T05:10:12Z
2vaoPQv0Kis,UgynNdlyGCI-goC-z-14AaABAg,@ShaluMaurya-k8n,Wow😮😮😮😮😮😮😊😊😊😊😊😊❤❤❤❤❤,2,2026-07-09T13:38:27Z
2vaoPQv0Kis,Ugx3TjxjixuDZJ4OS0h4AaABAg,@zone_mastar,Nice 😊😊😊❤❤❤❤😮😮😮😮😮😮😮❤❤🎉🎉🎉,1,2026-07-09T14:06:02Z
iNWizEZNuXg,UgyriyciBgHEucYs0M54AaABAg,@michaelatate5905,2 two on the first,1,2026-07-08T15:14:21Z
iNWizEZNuXg,UgxmX-aDpxVXVFN2Hv54AaABAg,@JuanitaOrit,3,0,2026-07-09T07:56:32Z
iNWizEZNuXg,Ugzy2iEB6G65YSaMkux4AaABAg,@DueanPen-x3o,2Two❤❤❤❤❤❤❤❤❤❤❤❤❤❤❤❤❤❤❤,0,2026-07-09T12:59:15Z
iNWizEZNuXg,UgwgfKVZ8__t40s9A0V4AaABAg,@عبدالحميدالعزازي,😂😂😂,0,2026-07-08T21:49:38Z
iNWizEZNuXg,UgzYtA7XgiBPe2FD6T54AaABAg,@phzin09king,2,0,2026-07-09T17:18:49Z
iNWizEZNuXg,Ugz3D9ulTJi3G-FdsFt4AaABAg,@Chandra-t7n1k,3,0,2026-07-09T14:17:40Z
iNWizEZNuXg,UgyjhB5ojnXLr5PqymZ4AaABAg,@Ghaado-g5r,😂😂😂,0,2026-07-09T00:45:57Z
I2zlgIkzJVE,UgxLUq90BRVidd4FiUx4AaABAg,@또아푸푸,와 👍 🎉🎉🎉🎉🎉,20,2023-10-07T01:10:44Z
I2zlgIkzJVE,UgzJr5zVZoQmpKX-fk94AaABAg,@대마왕-l4s,"왜 
이렇게
챌린지에
진심인 거냐규 ㅋㅋㅋㅋ
그런데
너무 
잘하니까 
뭐라 
할수가 없네 ❤❤❤",19,2023-09-14T20:16:39Z
I2zlgIkzJVE,Ugx2KTO6L_7zLJvj3zJ4AaABAg,@simooluk,귀요미들이네 ㅋㅋ,11,2023-12-01T13:20:18Z
I2zlgIkzJVE,UgzyTassHNRbQe15Lm14AaABAg,@johnjairoalvarado2859,"Muy bien todos los pasos muy parecidos al anime, menos el primero no es con las manos hacia arriba, es como hace Freezer 👍🥹",1,2024-03-26T16:43:13Z
I2zlgIkzJVE,UgwvSo5NfQhYPSXB0md4AaABAg,@Yelly옐리6442,언니들 너무 이뻐,83,2023-02-12T09:38:47Z
I2zlgIkzJVE,UgwAanTrXOVoyhsVbW54AaABAg,@lovehazuki1758,真ん中の人最初笑わないのがとても上手い🫰皆さん笑顔が🫰,7,2023-03-09T21:37:57Z
I2zlgIkzJVE,Ugy8mG0YBZ2Ai9rtdn14AaABAg,@nyancat5928,개귀엽다ㅋㅋㅋㅋ,47,2023-02-12T03:57:24Z
I2zlgIkzJVE,UgzVehMPFo4mYGSNQrV4AaABAg,@juangabrielcortezrodrigu-vz8mm,Muy bien chica la felicito 😍😍😍🍀🍀🍀💝💝💝🧸🧸🧸🙏🙏🙏💍💘💘💘😇😇😇💐💐💐💘💘💘🧘🧘🧘🍨🍨🍨🏐,1,2023-06-21T23:22:29Z
I2zlgIkzJVE,UgxJjStCTKm-eTunn3J4AaABAg,@정성옥-i5s,우와 대박 ❤,7,2023-03-30T09:35:37Z
I2zlgIkzJVE,UgzWDAqmdTI7dXysQix4AaABAg,@happyduckko,양 옆에 있는 언니들 넘 예쁘고 센터에 있는 언니는 춤을 잘 추고 표정도 넘 예뻐❤❤❤❤❤❤❤❤❤,28,2023-02-13T12:42:50Z
I2zlgIkzJVE,UgzkzrNcDLWGWFdksyp4AaABAg,@멈뭄-l9j,"오르쪽이진짜잘춘다,,,",48,2023-03-22T13:29:46Z
I2zlgIkzJVE,UgzuRTVKNDW5_m5b6zt4AaABAg,@고하-p7l,가운데분 페어리테일 나올때 지금껏 본 그 누구보다도 잘춰서 놀랐눙;;♡♡♡,15,2023-02-17T16:13:30Z
I2zlgIkzJVE,UgyBQ-taSyNbsddqG3J4AaABAg,@유진차-w6g,잘추다,7,2023-04-02T11:14:24Z
I2zlgIkzJVE,UgwAmlhTqiwVvxtKYjN4AaABAg,@얼붕붕,토카토카 연속 7번이다. 기록적인 토카토카,26,2023-02-07T13:40:56Z
I2zlgIkzJVE,Ugz3-UNnOa1AQDFnpuJ4AaABAg,@민아강-h4d,너무 예쁘게 잘 추세요♡,4,2023-03-09T09:59:33Z
I2zlgIkzJVE,UgzGSBDQkYKy2ozM7bR4AaABAg,@나모나모,싱크로율 실환가..? 엄청난 노력의 결과.. 아주 멋지네요..,78,2023-02-13T04:33:22Z
I2zlgIkzJVE,UgxtCzX3ACdkv2LVJV94AaABAg,@Yellowbbanana,잘춘다🎉,6,2023-04-03T10:22:27Z
I2zlgIkzJVE,UgyANgpSkdsa7l1SiuN4AaABAg,@Santamons21,노래가 묘하게 중독성이 있네..,4,2023-02-19T06:34:32Z
I2zlgIkzJVE,UgylJO6culfpuPzU-N14AaABAg,@rimspapa88,앞머리 위치 원상복구되는게 졸신기ㅋㅋㅋ,36,2023-02-12T03:37:26Z
I2zlgIkzJVE,Ugyo3nhOsJQESxaStDd4AaABAg,@Qhsnrnwnndndkej,Девушка сзади с левой стороны симпатичная,15,2023-02-28T21:28:05Z
I2zlgIkzJVE,Ugyy4u8Ud7mNJuTCNbJ4AaABAg,@윤_진,다 너무예쁘자나ㅠㅠㅠ,56,2023-02-11T07:09:51Z
I2zlgIkzJVE,Ugxjpr50Fj1ubEefKHF4AaABAg,@lucas_edits.1779,매우 귀엽다 🇧🇷✨,20,2023-05-23T05:07:11Z
I2zlgIkzJVE,UgyPoo0Wpaep2Woj2nZ4AaABAg,@trickyearnbd6242,Their smile are very charming.Looks like they are really enjoying it,71,2023-07-11T07:36:31Z
I2zlgIkzJVE,UgydrwNQJO7Z3lLGlnR4AaABAg,@eunyoulove,넘 예뽀♡♡,2,2023-02-24T12:24:54Z
I2zlgIkzJVE,Ugw3U_38zx-eMSP51Bl4AaABAg,@성현영-w9s,머리 풀고 있는 사람 제일 잘 준다,64,2023-02-08T07:46:12Z
I2zlgIkzJVE,Ugwl8xQFn8c5ZWRpCZF4AaABAg,@maldooyoon6050,여지껏 본것중에 탑...,69,2023-02-23T12:18:01Z
I2zlgIkzJVE,UgyXJOalGpttT0oT7pZ4AaABAg,@LoveM_Ode,제가 봤을 땐 검은머리에 조끼와 치마입으신 분이 제일 잘 추시는 것 같아요!!,8,2023-02-10T15:52:20Z
I2zlgIkzJVE,UgwcCFJY70NZ0oIJ9it4AaABAg,@황현아-q6h,오~ 다른 학생들 춤잘 춘인가봐요 귀엽워요,1,2026-06-20T01:37:55Z
I2zlgIkzJVE,UgyrSIc4yo6RdYwBGSx4AaABAg,@三世ルパン-w7s,かわいい💃,8,2023-02-14T13:06:09Z
I2zlgIkzJVE,Ugw-p2ombOUTGwTlJZt4AaABAg,@cuocsongohanquoc8104,예뻐 요!,3,2023-02-24T11:56:37Z
GIO_3DLYDL0,UgwbqEq7FUTRpe3BFVJ4AaABAg,@SGBG,"이송경 보러 갈 사람!
https://www.instagram.com/adoravly/?hl=ko",647,2024-05-14T13:22:30Z
GIO_3DLYDL0,UgxO-hdXNhuvvj00uVh4AaABAg,@수타버억스,아나 마지막 예상도 못했네ㅋㅋㅋㅋㅋㅋㅋㅋ,10415,2024-04-24T03:12:13Z
GIO_3DLYDL0,Ugx5Mp-gSqgUdm1d7NB4AaABAg,@ParkDH.,"봉태규 처음과 마지막 옷 입은 폼 미쳤네,ㅋㅋㅋㅋㅋㅋ
아무렇지 않은 표정도 킬포,ㅋㅋㅋㅋㅋㅋ",6412,2024-04-24T03:05:54Z
GIO_3DLYDL0,UgyCG9CC-bHM3-oI9794AaABAg,@Kahntom21,뜻밖의 커밍아웃 ㅋㅋㅋ,1496,2024-04-24T03:04:07Z
GIO_3DLYDL0,UgzyP0pci1CHxD83FEp4AaABAg,@ur_majesty_0304,스타일마다 목소리 톤 바뀌는 연기 ㄹㅈㄷ,1042,2024-05-09T20:22:33Z
GIO_3DLYDL0,Ugzk2R0-4zzvRv-9TZ54AaABAg,@Jun02675,봉태규 어깨 이쁜거봐 ㅋㅋㅋㅋㅋㅋㅋㅋㅋㅋㅋㅋㅋㅋ,15,2025-11-25T04:24:32Z
GIO_3DLYDL0,Ugz1WRR0GRY4GMvt7tJ4AaABAg,@최병규-g9v,"마지막에 상상도못했다진짴ㅋㅋㅋ
빵터졌다진짜ㅋㅋㅋㅋㅋ",493,2024-04-24T03:33:46Z
GIO_3DLYDL0,Ugwan9OPPwE3LCTxu_p4AaABAg,@산타맨-h3d,"스타일마다 목소리톤, 속도, 발음 까지 조정하는게 정말 대단하신거같아요.
고생하셨습니다",867,2024-04-25T16:19:12Z
GIO_3DLYDL0,Ugys326HQlF3dwd09BF4AaABAg,@하잌-j8c,이태원가는거면 틀린건 아니네(?)ㅋㅋㅋ,624,2024-04-24T03:10:47Z
GIO_3DLYDL0,UgwYdbwyQMQSdEU885d4AaABAg,@LTNS-p5p,진짜 미치겠네 표정 ㅋㅋㅋㅋㅋㅋㅋ,103,2024-05-07T16:12:47Z
GIO_3DLYDL0,Ugw1xjzEdx5t-SS9HM14AaABAg,@kimimi23,진짜 너무예뻐요 .....미모 레전드...,29,2024-12-30T23:07:45Z
GIO_3DLYDL0,Ugzf5Yy2CNWS769TCBB4AaABAg,@prococonut,마지막에 너무 자연스러웠다.,211,2024-04-24T04:12:27Z
GIO_3DLYDL0,UgxvTc1W5M7PQVz-pNp4AaABAg,@HHKim-dg2oh,"""오빠 갔다 온다"" ❌️
""언니 갔다 온다"" ⭕️",1034,2024-04-29T15:59:09Z
GIO_3DLYDL0,UgzHPW0iQMcuc-18mH94AaABAg,@Hamlet9999,ㅋㅋㅋㅋㅋ사이즈 맞는거 킹받네,246,2024-04-24T03:09:41Z
GIO_3DLYDL0,UgxtzxkviilQdCgaCA94AaABAg,@떠돌이-t3q,"이송경이 ""이런 스타일"" 할 때 표정과 말투에 포즈까지 다 다른거 넘 이쁜데~ 젊음이 넘쳐흐르는 홍대는 리바이스 청바지 스타일, 외국인이 넘쳐나는 이태원은 도도한 섹시스타일, 하다가 압구정에서 자연스러운 미소에 조신한 아나운서 스타일로 돌변하는거 뭔데? 넘 귀엽잖아ㅋㅋㅋ",14,2024-07-11T15:50:38Z
GIO_3DLYDL0,Ugx4C_2rb-8dxiBw5DV4AaABAg,@핑크팬더-80,발가락 너무 이쁘다..,13,2024-10-20T14:53:23Z
GIO_3DLYDL0,UgyUK-aND-P9kmqo9wp4AaABAg,@Hyeonwoo_n,송경이 진짜 너무 귀엽다,46,2024-04-24T07:40:23Z
GIO_3DLYDL0,UgzDY2OfYh_2lfCK4jB4AaABAg,@한현수-e9t,이태원 송경이 미쳤다,16,2024-04-24T03:54:38Z
GIO_3DLYDL0,UgwbwT6-TMVnPzmcBRt4AaABAg,@용서받자,"이태원을 저복장으로 ...딱 오해사기 쉽네 ㅋㅋ......

송경씨 놀란눈도 귀업다~",14,2024-04-24T03:43:02Z
GIO_3DLYDL0,Ugz3KfycW_vUbWfzLfp4AaABAg,@kzero7518,삶은 달걀 처럼 졸귀다,4,2025-12-05T06:39:20Z
GIO_3DLYDL0,UgzG3bus4ZQBWcxn9-R4AaABAg,@ChanChan.E,다른 의미로 시선이 몰리겠네.ㅋㅋㅋ,2,2025-11-28T04:57:19Z
GIO_3DLYDL0,Ugy6PJEJLYw0DJQiOzV4AaABAg,@짱투-f1b,진짜 개이쁘다 송경이❤,445,2024-04-24T03:03:58Z
GIO_3DLYDL0,UgxdmuiEB1caXDttPdJ4AaABAg,@두두둥장-m3g,온갖 옷스타일 소화하는 송경이 미쳤다!,58,2024-04-26T22:53:19Z
GIO_3DLYDL0,UgxO2rekjGOIZYzQc0V4AaABAg,@JOPOK-PANDA,석천이형이 반할수도 있겟다...😊😊,19,2024-04-24T03:58:08Z
GIO_3DLYDL0,UgzNE_yV1h8YC3Ec1FZ4AaABAg,@배리배당,마지막 코디 잘 어울리네요~^^,7,2024-10-25T08:37:56Z
GIO_3DLYDL0,UgyeLtrHjH4QIetTNld4AaABAg,@RECHARNITY,송경이는 다 귀여워...ㅠㅠ,19,2024-04-26T20:38:44Z
GIO_3DLYDL0,Ugxy3o7ddVYwVZ2K_d94AaABAg,@둘째아들황장남씨,지명이 새침해지는거 개킹받은 1인,46,2024-04-24T03:12:39Z
GIO_3DLYDL0,Ugwef7yWTPw02GnYWV54AaABAg,@highbury_hero1020,송경이 앞머리 포텐 미쳤다,8,2024-04-24T03:27:52Z
GIO_3DLYDL0,UgwBquLyZ2CMGroZEQZ4AaABAg,@고현진-q5p,아 ...  이번에는 예상 못했다... 여자분 귀여워 ❤,5,2024-05-02T22:30:48Z
GIO_3DLYDL0,UgyeRrGTMYexeJ_p4ud4AaABAg,@heypraise,압구정 조신하면서도 귀여운 스타일 좋네요,2,2024-10-02T06:30:43Z
PBmSQOKcQb4,Ugwp3W83BjoHYrKKYKR4AaABAg,@5-nb3ul,아 진짜 오늘도 넘나 귀여운 우리 신사장님 영상 잘보고 가용 해피하세요호❤,11,2023-08-25T07:25:41Z
PBmSQOKcQb4,Ugy6nJ9OQS6TPN1JhHZ4AaABAg,@행복하게먹기-i8p,우와!손댄스를엄청잘하시네요😮그리너무귀여우셔요❤,10,2023-12-09T06:00:06Z
PBmSQOKcQb4,Ugw5gKpm7qPIIOlik7V4AaABAg,@하린-v5x,귀여워여❤❤,6,2023-08-25T07:41:30Z
PBmSQOKcQb4,UgxXnCqTQBsw8LHHdXR4AaABAg,@코몽이-komong,손 댄스 장인..,3,2023-08-25T07:25:50Z
PBmSQOKcQb4,UgxmqLEEadcroB7BWIN4AaABAg,@tramy2318,너무귀여워요❤,3,2023-08-25T07:09:02Z
PBmSQOKcQb4,UgyDeJ0ICA42RsQJuSl4AaABAg,@Dive_Ive_Aiting,이 노래 최애임 음악줄넘기에서 언니 한테 배웠어요!신사장님도 잘하시네요!!!♡,3,2023-09-12T12:36:54Z
PBmSQOKcQb4,UgwRXe51Sq83PbNH84J4AaABAg,@김희순-g4w,"우아 엄청 잘하신예요
귀여워",1,2026-05-23T06:43:26Z
PBmSQOKcQb4,UgxwVQBEKhL1fjqcXYZ4AaABAg,@민아_ISFJ,내가 이 노래를 어떻게 잊었는데..,1,2026-01-25T04:06:59Z
PBmSQOKcQb4,Ugy0VeNPIhO4KqJaH8N4AaABAg,@soyeyulb5099,오! 넘 잘춰요!,2,2025-06-09T09:26:04Z
PBmSQOKcQb4,UgwKr3KVv_A30uqpm754AaABAg,@루이입니다,신사장님은 너무 손댄스 잘하셔 손댄스 고수 인정해도될듯~,2,2023-10-13T23:43:08Z
PBmSQOKcQb4,Ugyfd1NFKWqzN6q0_Wh4AaABAg,@큐티뽀짝햄찌,🤷‍♂️ 할때 너무 귀여우셔..❤,1,2025-06-12T22:23:36Z
PBmSQOKcQb4,UgxOHNaj90LHOOxOwVl4AaABAg,@h_sodam2,이거 음원 사용가능 할까요😢,5,2026-06-06T07:32:48Z
PBmSQOKcQb4,UgxZPF0V6oqOV-CPa7V4AaABAg,@냥루루,귀여웡♡,0,2026-06-15T12:49:26Z
PBmSQOKcQb4,UgwbrEktrjOsXrKcAsZ4AaABAg,@비안포류기,아니 ㅋㅋ 너무 표정이 귀여우시네❤❤❤❤,0,2026-02-12T11:13:57Z
PBmSQOKcQb4,UgzX_l5z5LPhzXoi8El4AaABAg,@솜몽이f3f,신사장님 너무 예쁘시다!❤손댄스도 잘하시네요!❤,0,2025-02-03T15:59:22Z
PBmSQOKcQb4,UgxUq-lLXfxtzT0nQHx4AaABAg,@누륭씌,참고 할게요오..,1,2025-11-09T12:05:33Z
PBmSQOKcQb4,Ugx5GMWiQXDuABCowRh4AaABAg,@김나연-d4k4v,❤❤❤❤귀염네,0,2026-01-06T23:45:51Z
PBmSQOKcQb4,UgyTIdUPpi0wKYZHgNh4AaABAg,@팽이의급식,신사장님 역시 손댄스 잘하셔요😂😂😂,0,2025-01-28T12:13:33Z
PBmSQOKcQb4,UgzsIIr5dXbYJGHoc-14AaABAg,@gaeul87,신사장님 귀여우셔 어떻해 ❤❤❤❤❤❤,1,2023-08-25T07:24:17Z
PBmSQOKcQb4,UgzB_1AwCyMmX9vTeFV4AaABAg,@요밈미-g8o,귀염둥이 같아,0,2025-06-23T21:18:12Z
PBmSQOKcQb4,UgxECRWGjwp0NOM6lkR4AaABAg,@희희튜브12,진짜 유행 ㄹㅈㄷ,0,2025-02-24T14:29:26Z
PBmSQOKcQb4,UgxuMMZsYGuBsgP-rnZ4AaABAg,@웃겨씨와어머나양,사랑해요,0,2024-02-29T13:22:30Z
PBmSQOKcQb4,UgyeHScvXRln1K34H1F4AaABAg,@박쪼롱쪼롱,손도 진짜 예쁘고 손댄스도 잘해 나 주거ㅓㅓㅓㅓ,0,2023-08-30T01:56:07Z
PBmSQOKcQb4,UgyX5fp-gl6eoXsfwjV4AaABAg,@불닭이ner,"손,얼굴,옷 등 다 귀엽고 예뻐요",0,2023-09-30T22:52:45Z
PBmSQOKcQb4,UgxdRyWUQNbgBubnsfJ4AaABAg,@hX_na.15,아직도 신사장님이 여자라는게 적응이 안돼ㅜ,1,2025-05-31T07:14:55Z
PBmSQOKcQb4,Ugw9tiILWKhAV6J4z7l4AaABAg,@LeeSeoEun.,와신사장춤찐짜잘한당❤❤❤신사장구독이랑좋아요눌러어서!❤❤,1,2023-10-15T06:37:21Z
PBmSQOKcQb4,UgzGJoveVUSUo8Cytmh4AaABAg,@후엥이,우와~♥❤🎉😊😮,0,2024-01-08T11:19:02Z
PBmSQOKcQb4,UgwTDHcsMtL5Yw-ihjJ4AaABAg,@젶드-b9f,제 유튜브에 올려봤어용!손댄스 재밌네요,5,2023-08-25T13:13:04Z
PBmSQOKcQb4,UgzSDVgf2Bj_ZrsRQaZ4AaABAg,@황미연-r1l,저 유튜브 하는데 이거 써도 될가요?,1,2026-06-30T09:07:00Z
PBmSQOKcQb4,Ugz_KdORqTuPlHQSqpd4AaABAg,@박리리-u5p,귀엽당❤❤❤❤❤❤❤❤❤❤❤❤❤❤❤❤❤❤❤❤❤❤❤❤❤❤❤,0,2026-06-28T04:34:57Z
dKgTGPMoprY,Ugz7-kd4GZArNPpeU0N4AaABAg,@tikitakabooboo,노래 제목은 leave the door open입니다🎵🎤 저희 일상을 재밌게 봐주셔서 감사합니다~!!,23276,2024-04-12T13:19:59Z
dKgTGPMoprY,UgzzJYjKk74Ccit0Pm54AaABAg,@Typical_Santa,남편분 황급히 what you doing 하는 거 너무 웃겨요ㅋㅋㅋㅋㅋㅋ,21041,2024-05-13T06:34:30Z
dKgTGPMoprY,UgwwCIwPaok0yY3YXcJ4AaABAg,@owo-z4f,저 잠깐 쉬었다가 drip drip하고 다시 시작하는 게 포인트ㅋㅋㅋㅋ,34262,2024-04-14T12:53:20Z
dKgTGPMoprY,UgyrBmbmKWETdqp_KpZ4AaABAg,@PROSNRA,아내분도 정말 대단한 능력자이시지만 남편분 또한 아내 분위기 딱딱 잘 살려주시네요. 너무 너무 보기 좋습니다. 응원합니다.,19031,2024-04-17T22:51:40Z
dKgTGPMoprY,UgxWxBic9Obanxmdeb14AaABAg,@user-wo1fp1of8f,짱 귀여운데 화목하게 노래까지 잘불러서 배아프네요,2286,2024-07-08T01:06:46Z
dKgTGPMoprY,UgxrEbaFWpGHNel4U694AaABAg,@펜돌리기,남편분 중간에 한박자 늦게 drip drip 하는게 겁나 웃기네😂😂😂😂,2819,2024-04-26T23:05:53Z
dKgTGPMoprY,UgzZ0sQNKxSx0HfRzGF4AaABAg,@dorsi00,결혼은 이렇게 티키타카 잘맞는 사람과 하는거구나..,22089,2024-04-21T14:48:45Z
dKgTGPMoprY,UgwzMtBdWAt4_bnlgEl4AaABAg,@냠냥냐옹냥,핀 앤 제이크 보는 기분이에요.. 귀엽고 아기자기하고 기괴해서 기분이 좋아요 🥹,16638,2024-04-13T13:55:50Z
dKgTGPMoprY,UgwHx1iE4KdfcmFLYpd4AaABAg,@hanyngcat,천생연분이십니다 진짜 햐 ㅋㅋ,336,2024-08-05T14:38:44Z
dKgTGPMoprY,Ugw1s4w4vvpoMVNSsU94AaABAg,@hsmzone,"ㅋㅋㅋ 이거 참 좋은게, 나나 와이프나 누가 뜬금없이 노래 흥얼거리면 바로 추임새 넣어주며 같이 부름 ㅋㅋㅋ 이럴때 소소한 행복을 느낌. 아, 7살 아들은 옆에서 빵뎅이 흔들며 춤 추고있음 ㅋㅋ",31148,2024-04-11T04:14:46Z
dKgTGPMoprY,Ugw-usdrdDBv1c33RO14AaABAg,@재즈펍집고양이씨,주작과 억까가 판치는 쇼츠 바닥에 환멸을 느끼던 중 비로소 행복함을 느끼게 해준 아주 소듕한 채널입니다 :),8303,2024-05-06T09:35:03Z
dKgTGPMoprY,UgxzQGkpBBXfuKka-3N4AaABAg,@유키사랑녀_김오이2,이 원곡 숏츠에 k7차주 찾고 난리났음ㅋㅋㅋㅋㅋㅋㅋㅋ,4365,2024-05-26T16:51:10Z
dKgTGPMoprY,Ugz6aYqfDHH2zcdQ3-Z4AaABAg,@손빔-t2o,나 사실 이거보고 현타 많았어요 전에 만나던 사람은 나 노래 부르는 것도 싫어하고 영화도 안 좋아하고 술도 안먹고 커피도 안 마시고 결혼은 이런 사람이랑 해야 하는거구나 많이 느꼈어요,1718,2024-07-11T11:51:54Z
dKgTGPMoprY,UgxMXR4G_Ge-h-1QMlV4AaABAg,@상바리,"둘이 진짜 잘만났다.
결혼생활 행복할듯",10544,2024-04-14T01:44:43Z
dKgTGPMoprY,UgwuL2upFPwmATZb1fl4AaABAg,@b.b8395,대사에서 자연스레 넘어가는 음률이 뮤지컬 흐름❤ 하루 10번 재생 ㅎㅎ,10117,2024-03-04T09:16:42Z
dKgTGPMoprY,UgxsYnp-Sp3i4vsiyoZ4AaABAg,@송하승-v3t,영상 소스 제공해주신 k7 차주 분께 감사 인사 드립니다.,25012,2024-04-18T11:51:17Z
dKgTGPMoprY,Ugxi8HRsdv53lUcHyB14AaABAg,@jaeyoungchoi5372,아직도 이걸 능가하는게 없다,76,2025-10-22T03:58:47Z
dKgTGPMoprY,Ugz7cc4mi4BzUgSiTNl4AaABAg,@fulove_subao,ㅋㅋㅋㅋ 두분 발음 왤케 좋아요???ㄱㄲㅋㄱ키,8423,2024-04-10T12:59:33Z
dKgTGPMoprY,UgyBsQgIxJo6CkuqmrF4AaABAg,@user-qq8ow9zn4u,하 뭐지 진짜 이 사랑스러운 부부는❤,3714,2024-03-23T21:44:23Z
dKgTGPMoprY,Ugx1RN-h-L2YnaxA9M14AaABAg,@kyh8228,남 탓이나 짜증이 아니라 둘만의 시간으로 만들어버리네 너무 좋네요,39234,2024-04-15T13:54:50Z
dKgTGPMoprY,UgzWWVt0mc_z7IUag3N4AaABAg,@yang_gaeng-09,"너무 보기좋아요ㅎㅎ
두분은 전생에 나라를 구한거죠?ㅎ
지금처럼 늘 행복하길 바랄께요
🎉🎉🎉🎉🎉🎉🎉🎉🎉
지금 이순간이 너무나 행복하다는걸 
그리고 누군가는 너무나 간절히 원하는삶이라는걸 잊지말아주세요^^",87,2025-02-12T02:01:59Z
dKgTGPMoprY,Ugy5CqeE_CgBn7g2ItV4AaABAg,@JasonHan_Thai,자칫 짜증날수도 있는 상황인데 말 그대로 천생연분이네요ㅜㅜㅜㅜ 이런 부부라면 정말…. 부럽습니다,3115,2024-04-14T17:21:28Z
dKgTGPMoprY,UgzbXNd8gsAAfduAsOF4AaABAg,@of_Tree,서로가 얼마나 든든하고 재밌고 행복할까 부럽당,1902,2024-04-05T20:33:29Z
dKgTGPMoprY,UgxLbPHwqsoRSDCU_ol4AaABAg,@doping_t,한국어 나올때는 그냥 녹음본인데 영어쓰는 부분부터 두분 목소리나 말투가 그냥 만화같네 ㅋㅋ,1641,2024-04-16T11:40:57Z
dKgTGPMoprY,UgwZtOPLRZgAGegCYOJ4AaABAg,@이미정-q4c,쿵짝이 이런거네❤😂,23,2024-08-06T14:30:55Z
dKgTGPMoprY,Ugy74ya3aGC3TYf2L8B4AaABAg,@얄루-i6w,여자분 텐션 진짜 귀엽다 진짜...귀엽다...,1458,2024-04-19T15:35:01Z
dKgTGPMoprY,Ugy5AdDbzGKx3K6ZHEt4AaABAg,@짜사나이진,남편분 발음이 영어듣기평가에서 들은거같아요,8821,2024-04-17T02:56:37Z
dKgTGPMoprY,UgwvnLZuaqX7Qw8cvxN4AaABAg,@서영일-z5t,"결혼은 비슷한 사람들끼리
해야 평생 행복합니다

양보와 배려가 아니에요
공감과 이해입니다",1606,2024-06-08T00:19:15Z
dKgTGPMoprY,UgyG44s3-f3wjkUO8hR4AaABAg,@고모상어-o3o,왓츄두잉 남편분 목소리 진짜 수능영어 듣기평가같아요,16,2024-10-20T09:17:58Z
dKgTGPMoprY,UgwuAFbg7BKdcOaVzqJ4AaABAg,@snowwgong77,뭐라하지 진짜 그냥 힐링용 애니메이션 같음 ㅋㅋㅋ 행복하겠다,824,2024-04-12T18:27:40Z
51pf6DeVPeU,UgwoZ0O7CFVEtZ-8eVN4AaABAg,@mjjm,"안녕 만쩜이들💯💯
민쩌미 뮤지컬에서 나오는 안무 중에 하나인 ‘근의 공식’안무입니다!!
🎀근의 공식 챌린지🎀에 도전해보시쩜

🎼2a분의 마이너스 b플러스마이너스 루트b제곱 마이너스 4ac는 근의공식~🎶",2736,2022-07-27T09:06:42Z
51pf6DeVPeU,Ugw9FvM8w8F8OuLkQhR4AaABAg,@시로-q8v,민쩌미 보는 애들은 근의 공식할 나이 아니잖아…,12225,2022-08-01T16:21:41Z
51pf6DeVPeU,UgwZdFdNuoM3jGJOlrV4AaABAg,@y_w02,2a분의~ 마이너스b~ 플러스마이너스~ 루트 b제곱~ 하는게 아직도 머릿속에서 안 떠나… 수포자인데도 이것만 기억하는..,1338,2023-05-18T13:54:57Z
51pf6DeVPeU,Ugw88qZgImiC2hEieRF4AaABAg,@이윤지-k3m,중3 입니다. 이걸로 근의 공식 잘외우고 공부 열심히 해서 수학 1개 틀렸네요 감사합니다,169,2024-02-27T13:00:01Z
51pf6DeVPeU,Ugxa7XwJ2UzSF1Ml3ht4AaABAg,@rlaekdp,이런 챌린지 더 나왔음 좋겠음 교육적이면서 외울수있는거,2733,2022-09-30T13:15:03Z
51pf6DeVPeU,UgxwgSBNhB7Tb3r3FD14AaABAg,@aromanticcat718,아니 얘들은 이런거 배울 나이아니잖아ㅠㅠㅠㅠㅠ,1984,2022-10-01T06:41:25Z
51pf6DeVPeU,Ugz8meJ9nl8lWb7mFBN4AaABAg,@MEOW_meow1125,몇 년 전엔 무슨 소린지 몰랐는데 이제 근의 공식 외워야 하는 나이가 되어버림…,7,2026-05-23T08:57:12Z
51pf6DeVPeU,UgwXdWpPLqi709_3JRp4AaABAg,@user-d5z6q,학교에서 드럽게 들었던 풍각쟁이 멜로디를 깬 영상이네요. 너무 좋아여,453,2022-07-27T10:29:13Z
51pf6DeVPeU,UgxadP16O10ajcAfha54AaABAg,@변수미-p5j,"중독성 있어서 따라해봤는데
넘 어렵다.. 민쩌미님 뮤지컬 보고 싶퍼~💜🎵🎶",311,2022-08-02T13:28:03Z
51pf6DeVPeU,UgzDR6AAZIkz62fRxfN4AaABAg,@o.o-g3z,"나중에는 판별식 쏭도 나올듯ㅋㅋㅋㅋ
D/4=b²-ac
D=b²-4ac~~",311,2023-05-13T18:14:00Z
51pf6DeVPeU,UgyXAG_Br6nPgJXaYQx4AaABAg,@서민지-t8y,"쩌미언니 저 오늘 뮤지컬 갔다 왔어요!!
열심히 공연해주셔서 감사합니다😆 
오늘도 힘내세요!!",56,2022-07-29T05:16:16Z
51pf6DeVPeU,Ugym7xfTo6zQyCvRGBV4AaABAg,@1ovedd0ng16,민쩌미언니사랑해요,4,2024-04-05T04:47:19Z
51pf6DeVPeU,UgxJWos0jhFGW9mt3j54AaABAg,@sx.bo1,ㅋㅋㅋㅋ뭔가..중독성이지만..외우기 어렵네용ㅋ큐 언니 예뻐요옹❤️‍🔥항상 응원할께욧!💜,104,2022-07-27T09:51:09Z
51pf6DeVPeU,UgwRj9HSR4vs6FQ1jdx4AaABAg,@Y.K-b1r,2a분의 마이너스 b플러스마이너스 루트b제곱 마이너스 4ac는 근의 공식!,389,2022-07-30T10:28:34Z
51pf6DeVPeU,Ugw4DFcpUFZoOjOT_uZ4AaABAg,@수지-i5w,아니 어릴때 이 노래 듣고 걍 따라 불렀다가 중3 돼서 갑자기 기억나서 한번 들어보니까 다 외워버림... 아 진짜 오랜만이에오ㅜㅜㅜㅜㅜㅜㅜ,1,2026-02-22T14:11:25Z
51pf6DeVPeU,Ugz3dNwyxXQ0XMeAmrd4AaABAg,@SVT_KickFilp,미치겠다 근의 공식 배우기 전엔 뭐지 하고 봤는데 수학쌤이 쩌미님 쇼츠 보여주셔서 헉! 했는데😂😂,145,2023-05-26T08:28:07Z
51pf6DeVPeU,UgzKJAnkLtSzd2ijQMV4AaABAg,@어무이딸맘,쩌미님 뮤지컬 가고싶당 ㅠㅠ,61,2022-08-06T05:23:30Z
51pf6DeVPeU,UgxWx5La7HhGYPt-7y94AaABAg,@사람-z2s8y,이 영상 추억이네...😢,2,2024-03-28T10:49:44Z
51pf6DeVPeU,UgxBqoudKtBBGEbHxOZ4AaABAg,@일상캠-z4w,"방금막 뮤지컬에서 울고질질짰네요ㅜㅜ
엄마가 처음이라 엄마의마음을 단박에 느껴버린😭
팬미팅에서 약속한거 지켰습니다! 마지막전에 한번더오겠습니다! 그땐 코로나가 끝나있길!!!!!!!👊🏻💃🏻",6,2022-07-28T06:22:56Z
51pf6DeVPeU,Ugz4CIoB5Xm8v1hZx5Z4AaABAg,@변수미-p5j,"계속 보게된다 며칠 째 이 영상만
5~6번 보는 중ㅋㅋ",9,2022-08-06T07:54:02Z
51pf6DeVPeU,UgyK9GEUu-FkdJon8w54AaABAg,@Krissgetthebanana,초6때 이거 보고 걍 넘겻다가 지금 중3 올라와서 근의공식 외우는데 계속 생각나서 도움 많이 됨ㅠㅠ 감사합니다 진짜,1,2026-06-03T07:21:28Z
51pf6DeVPeU,UgzMpzYAyH3KCnWCXyt4AaABAg,@바나나-u5p,"안녕하세용 방금 뮤지컬보고 온사람입니다 진짜 스포여서 다 못 말해드릴꺼같은데 배우들분과 
쩌미언니의 공연이 너무 재미있구요 관객석으로 못내려온게 너무 아깝네요ㅜㅜ 되면 싸인도 받을라고 했는데..  아깝네요 다음에도 다른 뮤지컬있으면 부모님한테 졸라서 가겠습니다!",5,2022-08-20T03:55:24Z
51pf6DeVPeU,Ugyk6WbOqlrBeVV4CmJ4AaABAg,@응애-r4v5w,이 춤 뮤지컬에서 봤어요 지금 뮤지컬 끝나서 다시 부산으로 가고 있어요,37,2022-07-28T07:21:56Z
51pf6DeVPeU,UgxniOjJjcjhvrR4D3F4AaABAg,@Vloggg_Yuyuil,초4때보다가 뭔말인지몰라서 넘겼는데 지금 외워야해서 옴,1,2026-06-07T09:44:10Z
51pf6DeVPeU,Ugxs4pKUX_oB2eL3d6N4AaABAg,@부자잼민이,"안녕하세요
방금 뮤지컬 보고 온 학생입니다..후후
보는 연령대가 많이 어려서 아이들 사이에
끼어 조금 창피하긴 했지만
박수 누구보다 크게 치며 봤습니다...크크
전 유튜브를 조금 늦게 접해서 당연히 내 또래들이
보러오겠다 하고 갔는데 어린아이들이
생각보다 많더라구요 허허
아이들이 다같이 박수치는 모습과 함성지르는
모습,네!!!!하고 소리치는 모습도
너무 감동 이였어요😭
애드립 인지 대사 인지 모를 리액션도
훅 들어와서 너무 웃겼구요ㅋㅋㅋ
배우분들과 민정님의 케미도 너무 좋았다는🥺
다큰학생도 재미있게 봤습니다🤗
화이팅 하셔요😅🥰",309,2022-07-28T07:41:15Z
51pf6DeVPeU,UgxPpUHWkJokyDF_i6J4AaABAg,@솜이의일상-t4t,"왼쪽 남자분 표정이..ㅋㅋ
넘 웃겨여..ㅋㅋ 쩌미언니 오늘도 힘내고 알차게 지내고,
재밌는 영상 만들어 줘서 고마워여~~♡",9,2022-08-06T06:25:34Z
51pf6DeVPeU,UgwKiYptXgWlHH79pK54AaABAg,@Skybluejangdurian0802,"두 번째 뮤지컬 나오면 삼각함수 송 나오려나~?

y/r = sin 함수, x/r = cos 함수, x/y = tan 함수는 삼각함수~!
💜",0,2026-06-10T10:27:39Z
51pf6DeVPeU,Ugzo3_Lwpsh6zTMOuBl4AaABAg,@이예린-p7p,"재밌어서 연습했는데  잘되고 하니깐
아주 중독성 있고, 재밌어요~~
그리고  민쩌미님 너무 예쁘세요
(뭐..  당연한 말이지만요~~^^)",9,2022-07-28T01:30:49Z
51pf6DeVPeU,Ugyt1DnI-u4eTrJhlZl4AaABAg,@햄찌-g5h,"외우기는 어렵지만 정말 재밌네여!!
언니는 항상 예쁘네욥><",6,2022-09-07T08:55:31Z
51pf6DeVPeU,UgyyIJE3AuYrQltdSUN4AaABAg,@PlaylistHub88,근의 공식 ptsd온다 ㅅㅂ,1,2023-08-20T13:31:23Z
VmhTpXnLYnI,Ugwtkv73BGY0g4esbYl4AaABAg,@taewaaan,첫음 듣고 검정고양이 좌우로 움직이는 그 노랜줄 알았네ㅋㅋ,131,2025-05-19T01:21:42Z
VmhTpXnLYnI,UgylumFaB-9s23PtDYZ4AaABAg,@날두oo,처음에 썸네일 보고 들어와서 삐딱한 천재처럼 친다는건줄 ㅋㅋㅋㅋㅋ,5,2026-01-08T13:48:01Z
VmhTpXnLYnI,Ugxw6XzEYhhmlTE44st4AaABAg,@osvec,천재네 ㅎㅎㅎ 역시 이 콩알만한 나라가 세계인들한테 추앙 받는 이유가 있지~! 어깨 뽕 팍팍~!!,8,2025-09-20T12:38:58Z
VmhTpXnLYnI,UgyENiaxHQN3aVzN3xB4AaABAg,@IIIIIIIIIIlllll-I-IIl,_피아노 선생님께서 담배에 불을 붙이시더니 이거보고 따라하신 듯합니다_,71,2025-05-21T11:42:18Z
VmhTpXnLYnI,UgwGuWouyBupH-2Clv94AaABAg,@박익수-m2z,🎉🎉🎉🎉🎉잘하네요 😮😮😮😮,1,2026-05-31T11:34:08Z
VmhTpXnLYnI,Ugx1Jdx2Fd_oNKgcDiF4AaABAg,@hmlee-8484,대박 쉬어🎉,1,2025-09-10T10:10:23Z
VmhTpXnLYnI,UgxcpfN_N9ETPVapp9F4AaABAg,@두둥실-m7k,40분 만에 마스터…!!!!(화성 코드 넣는 것도 올려주시면 좋을 거 같아요?!),7,2025-06-04T12:55:24Z
VmhTpXnLYnI,UgxrXlhyVtpQo2nb_MN4AaABAg,@thanksto_lemon,좋아요 ㅋㅋ🎉,1,2025-12-22T09:59:46Z
VmhTpXnLYnI,UgzG2493Fp-PIRP3COd4AaABAg,@iopiop1354,영원한 건!(권!) 절대 없어!(희!) 결국에 넌!(동!) 변했지!(권! 희! 동!) 이유도 없어!(권!) 진심이 없어!(희!) 사랑 같은 소리 따윈 집어쳐(동!) 오늘 밤은 삐딱하게~(권! 희! 동!),20,2025-07-22T02:02:08Z
VmhTpXnLYnI,UgwIkAXtBzUmhPvuvtB4AaABAg,@dulgi_minton,와 이노래 추억이다 옛날에 방방에서 많이 들렸는데,32,2025-06-01T17:28:50Z
VmhTpXnLYnI,UgyN2fLi6i_QeOoT97Z4AaABAg,@Hahaha.2020,"""영원한 권""",3,2025-06-01T11:59:24Z
VmhTpXnLYnI,UgweQzR9K_Z7XSzqurR4AaABAg,@스파이크다,와ㅏㅏㅏㅏㅏㅏㅏㅏㅏㅏㅏㅏㅏ 당장 쳐야제,3,2025-05-16T11:25:56Z
VmhTpXnLYnI,UgxDkeiN1F9ZZoJG8UF4AaABAg,@PEPPER18085,권희동ㅂ!!!,1,2025-09-25T08:51:22Z
VmhTpXnLYnI,UgzJiNYF4aVnM1RegWl4AaABAg,@eonju3569,마지막 이 제일어려워용 ㅠㅠ,0,2026-06-20T04:15:29Z
VmhTpXnLYnI,UgwD99qENBKhXDfLEht4AaABAg,@보보19374,지금 바로 친다,0,2025-05-17T04:28:45Z
VmhTpXnLYnI,Ugy5baz8puXkKUNaFMV4AaABAg,@my누,이거 이틀만 따라서 치면 속도 맞춰서 할수있어요!,0,2025-11-28T05:51:02Z
VmhTpXnLYnI,Ugy3opmPZRvetlLLyEV4AaABAg,@js-704,고양이가 냥냥냥 노래보다 쉽다,1,2025-06-23T10:09:51Z
VmhTpXnLYnI,Ugz8m6VgcG96dR4VQPp4AaABAg,@ThamCao-u6e,❤❤❤❤❤❤❤,0,2026-04-03T10:40:26Z
VmhTpXnLYnI,UgwbybbC8ZMUPxgu_7t4AaABAg,@maybe_probably_normal,"영원한건 내 시험 성적
결국엔 또 9등급
노력은 했어
재능은 없어
공부같은 소리따윈 집어치워
대학 못가 노동할래",32,2025-05-21T13:18:23Z
VmhTpXnLYnI,UgwTV5aqUO3_PDfgbtF4AaABAg,@JinYoo-f2j,어????? 저 이거 제가 좋아하는 놀에에요 이거 뜨거운 안녕 맞죠? 쫌 신기하다?😊,0,2026-05-29T12:25:33Z
VmhTpXnLYnI,UgwsbaGlnHBQg6D02PF4AaABAg,@Yeah-yeah127,나도할수있어,0,2026-05-08T11:28:13Z
VmhTpXnLYnI,Ugy9wIeOPTEokfdxpFF4AaABAg,@김가윤-d6w,이거 노래 들으니깐 권희동 생각난다(NC 권희동),5,2025-05-18T13:50:39Z
VmhTpXnLYnI,Ugz3x4yoFH-tP7ToAMd4AaABAg,@승우홍-o6s,영원한 건 (권!) 절대 없어 (희!) 결국에 넌 (동!) 변했지! (권!희!동!) 이유도 없어 (권!) 진심이 없어 (희!) 사랑같은 소리따윈 집어쳐 (동!) 오늘 밤은 삐딱하게 (권!희!동!),25,2025-05-17T08:28:41Z
VmhTpXnLYnI,UgwEatBRYPaEYfjRUqB4AaABAg,@eeee-y4j,댓글에 잼민이들 신난거 개귀엽네ㅋㅋㅋ,31,2025-05-18T03:35:39Z
VmhTpXnLYnI,Ugz86AMgEwlazGBRRp14AaABAg,@Blissey2,권희동!,1,2025-06-22T02:30:05Z
VmhTpXnLYnI,UgySNOh6c2c2tqzaLCV4AaABAg,@kx0_un,Rush e아님 rush d,0,2025-12-24T06:22:55Z
VmhTpXnLYnI,Ugz3WzpdLRyCtJguEKt4AaABAg,@UNLUCKY_MOZZI,모르는 노랜데 약간 노래 느낌이 불편한데 잘못된 부분 있는건가요?,2,2025-06-04T13:55:27Z
VmhTpXnLYnI,UgyrZinfffK6qwjwvGN4AaABAg,@꿀벌-g4y,56:52초 딱 하이라이트 부분에 끊으셨네 아쉽😅,1,2025-06-05T16:06:51Z
VmhTpXnLYnI,UgwKcYMnvip5lhFb79Z4AaABAg,@우리_절교해,"오늘밤은 비딱하궤,, ㅋㅋㅋㅋㄲ 🤘",0,2025-05-18T07:52:01Z
VmhTpXnLYnI,UgxqmL9eew14tNIsefB4AaABAg,@킥킥복싱,영원한건,0,2025-05-20T12:23:02Z
mnTZ1I49tpg,UgxgfEz7PSnUpJ6GAx54AaABAg,@나나-o5x4t,"대화내용이 진짜 리얼이다ㅋㅋㅋㅋㅋㅋ
점심시간에 나가면 저런이야기 하면서 지나가는사람 볼수있을거같애ㅋㅋㅋㅋㅋ",6572,2023-05-20T07:15:21Z
mnTZ1I49tpg,UgxxWrI_JSak4rjkpXF4AaABAg,@Kjeein0212,맨발에 신발 페인팅을 했으니 당연히 물리지ㅋㅋㅋㅋ,3202,2023-06-13T03:34:16Z
mnTZ1I49tpg,UgxCWWI5Ir0LxVVS5z94AaABAg,@Bak_Hae_Ri,아 걸으면서 다른 발로 한쪽 발 긁는 거 너무 리얼해욬ㅋㅋㄱㅋㄱㅋㅋㅋㅋㅋㅋㅋㅋㅋ,995,2023-06-12T10:38:40Z
mnTZ1I49tpg,UgyCgz1v8owoy-TCcIh4AaABAg,@my_lifeeeeeee,아니 쏭은 왜 맨날 영상에 나올때마다  어이없는 대화 하면  당당하게 '응 그렇지' 이런식으로 당당하게 말하는거 넘 귀엽ㅋㅋ,830,2023-06-15T09:24:53Z
mnTZ1I49tpg,Ugz2b7Bwpnr3hgmVp-t4AaABAg,@뭐하지-l5g,캐릭터가 너무 귀여워짐ㅋㅋㅋㅋㅋㅋ호빵같앵ㅋㅋㅋㅋㅋ,1596,2023-05-28T11:08:42Z
mnTZ1I49tpg,UgwHgAnGj0AoA1y3Nw94AaABAg,@onglove-DJ,진짜 저러케 물리던데...ㅠ 밖에나가서 하루종일 발만 긁게되고 온신경이 발로 집중되서 못걷겠엉...ㅋㅋㅋ 그리고 나중에 확인해보면 정말 물려있엉ㅋㅋㅋㅋ,414,2023-06-12T10:22:34Z
mnTZ1I49tpg,UgxPNjIQB5LE8J8Z5wd4AaABAg,@hyunjilee197,캐릭터들이 더 귀여워졌네요ㅎㅎ,494,2023-05-20T06:03:49Z
mnTZ1I49tpg,UgxqTXMFdLpqLl_zQBZ4AaABAg,@안태리-o6q,남자 겁나 디테일 하게 설명하고 답정너 대답에 벙찌는 얼굴표정 너무 욱껴요 ㅋㅋㅋㅋㅋ 미쳐 ㅋㅋㅋㅋㅋ,153,2023-06-17T12:34:40Z
mnTZ1I49tpg,Ugxu-xXoXrnM2ZP-AS94AaABAg,@띠리리띠리리,발가락신발도 귀엽고 캐릭터도 귀여워서 쥬금ㅠ0ㅠ,606,2023-05-20T05:45:41Z
mnTZ1I49tpg,Ugwc5WJMw0FFtpAEmJx4AaABAg,@PLVYONI,마지막에 환멸어린 표정까지 완벽하다ㅋㅋㅋ,84,2023-06-14T06:20:30Z
mnTZ1I49tpg,UgweumNngnIRGdHhnJd4AaABAg,@땅땅이-i2q,신발같은 양말을 신은것을 목격하였다.,24,2023-06-12T22:38:15Z
mnTZ1I49tpg,UgywGKsMgMwmFEbkTRV4AaABAg,@kjsv5767,이 문제에 대해선 모기 의견도 들어봐야 겠는데요....,42,2023-06-23T10:07:25Z
mnTZ1I49tpg,UgyiRLSsX3q1PbTsYUd4AaABAg,@그렇게됐다-k3w,미치겠네 귀여워죽겠닼ㅋㅋㅋㅋㅋㅋㅋㅋㅋㅋ두분 앉혀서 까까 주고싶당♡,161,2023-05-20T15:29:47Z
mnTZ1I49tpg,UgweJpOJU1s5Sq_yn9l4AaABAg,@mijer9428,마지막 이새끼 진짜 뭐지? 하는 표정 ㅋㅋㅋㅋㅋㅋㅋㅋㅋㅋㅋ,22,2023-06-12T16:29:54Z
mnTZ1I49tpg,UgyV7aP9tpym5C1BjYF4AaABAg,@yjongjin,당신들은 천재입니다,62,2023-05-20T06:02:56Z
mnTZ1I49tpg,UgyYWm3h9e3bwgRtTQV4AaABAg,@Low_Q,마지막 표정이 야발 나오기 직전인데?ㅋㅋㅋㅋㅋㅋㅋ,6,2023-06-13T16:20:50Z
mnTZ1I49tpg,UgxlYtHplfeKyX196WV4AaABAg,@건방진어른이,하 움직임도 훨씬 자연스러워져서 사랑스러워요 너무 귀여운데????,82,2023-06-11T04:18:32Z
mnTZ1I49tpg,UgxJU0TMS4snw8Hfl4F4AaABAg,@망태기TV,"저거 발에 신발 페인트 ㅅㅂㅋㅋㅋㅋㅋㅋㅋㅋㅋㅋㅋㅋㅋㅋ
그리고 저기 셔츠 존나 두꺼운데 내옷뚫고 피빨려다가 죽임",1,2026-04-10T09:06:56Z
mnTZ1I49tpg,UgwyM5s3N0mZZ4c-6kp4AaABAg,@shinwoochan-,놀랍게도 가능함 ㅅㅂ;;;;;,5,2023-06-13T08:17:05Z
mnTZ1I49tpg,UgyQWwGpLwnh-8HNpWZ4AaABAg,@김설민-j9q,모기가 두꺼운 군화를 뚫고 쑤셔대는건 경험해봤네요. 뭐 두꺼운 소가죽도 뚫고 피빨아먹는 애들이 가능하겠지만요.,9,2023-06-13T12:25:22Z
mnTZ1I49tpg,UgxY49WVv1aRh8LLegV4AaABAg,@탈출지구,"근데 움직임 너무 자연스럽다.. 배경도 리얼하고.. 그림자도 리얼하고.. 햇빛도 리얼해..ㅋ
CG수준도 절대 낮지 않은듯..ㅎ
여캐가 ""응"" 하는거 계속 다시 봐도 개 웃기네 ㅋㅋㅋ",27,2023-06-30T06:43:12Z
mnTZ1I49tpg,UgwNt0U4gKcQ4pP33z54AaABAg,@오늘온-t3d,신발이야 양말이야 😮,3,2023-06-29T12:38:03Z
mnTZ1I49tpg,Ugwm6vVKLrx91MCUHYZ4AaABAg,@sweetsy5339,저런 신발이면 뚫고도 남겠는데요? 😁😁,2,2023-08-09T03:20:35Z
mnTZ1I49tpg,UgzdtGCWaNVA2D_XFI14AaABAg,@bubikim9955,상대방 논리 쿨하게 인정해버리기 ㅋㅋㅋㅋㅋㅋㅋㅋ 아 몰랑 간지러,7,2023-05-22T15:33:45Z
mnTZ1I49tpg,Ugzqc7H0qP84C1-DEwd4AaABAg,@bluecouple,맨날 발가락 신발만 신음 ㅋㅋㅋ,2,2023-06-30T10:57:42Z
mnTZ1I49tpg,UgxN5ZBtBvoMy7W7QJ14AaABAg,@하아호리,아 너무귀엽다ㅋㅋ,44,2023-05-20T10:27:00Z
mnTZ1I49tpg,Ugw_4QTvICLLETaYhlF4AaABAg,@Dolphincover,이렇게 두꺼워!! 할때 너무 귀여움 ㅋㅋㅋ,10,2023-07-01T03:55:36Z
mnTZ1I49tpg,UgxxsUPm-pTGyOeyuYF4AaABAg,@안녕-b8l7w,발이 옹졸해서 귀여움ㅋㅋㅋ,7,2023-08-23T01:33:09Z
mnTZ1I49tpg,UgxCfoIzBlj2I___su54AaABAg,@crystalk9128,얘기 통하는 친구 있어서 부럽다,3,2023-08-09T01:34:21Z
mnTZ1I49tpg,UgxcfKri7QwkxGCVHuh4AaABAg,@KangDd-n6c,무좀 신발이라닠ㅋㅋ무좀 양말은 또 봤어돜ㅋㅋㅋ😂,5,2023-06-12T13:08:37Z
9ighisOqd_s,Ugx1U47ujL02tkxLCNt4AaABAg,@사람-ook,ㅋㅋㅋㅋㅋㅋㅋ이것도 있었네ㅋㅋㅋㅋㅋ,8,2024-06-04T13:03:21Z
9ighisOqd_s,UgyvnmeIyJjCV79FzkB4AaABAg,@강혜란-w5j,고양이가 너무 너무 귀여워요 😍,14,2023-08-20T01:09:30Z
9ighisOqd_s,Ugyks_G5BsjIMUHyDyV4AaABAg,@윤혜란-o7m,아기상어 인줄 ㅋㅋㅋㅋㅋㅋㅋ,1,2026-04-23T10:11:20Z
9ighisOqd_s,UgyMtBp9D7HssVdYQMx4AaABAg,@HeeWoo-e6t,은근 중독성있고 힐링됨ㅋ,3,2024-10-06T10:14:38Z
9ighisOqd_s,Ugw-qzmZenAlANZKHGV4AaABAg,@뽑기_사랑,너무 귀여워서 눈물나😂,23,2023-09-16T08:23:12Z
9ighisOqd_s,UgwCaz7ETSUyywHDTT14AaABAg,@user-dorayakino-dame,악보도 아주 쉽고 간단해서 누구나 쉽게 할수 있어서 마음이 편-안.. 옛날 땐 이렇게 악보 만들고 노는게 취미..ㅋㅎ 재밌성,3,2024-08-03T15:09:21Z
9ighisOqd_s,UgyOCTpre8uugnRKwvN4AaABAg,@하얀상하,해피해피고양이귀엽네ㅋㅋㅋ,16,2024-03-30T08:18:58Z
9ighisOqd_s,UgywyMV--l_Cfz9aF5B4AaABAg,@NARAE_BRM5,해삐!,7,2024-07-13T05:16:27Z
9ighisOqd_s,UgyIKfJkLq8xsf5g1QZ4AaABAg,@강철마인드-h5f,넘 귀여워,7,2024-01-07T11:36:41Z
9ighisOqd_s,UgzIjnP1ZT_zU-1PKpV4AaABAg,@youla_roblox,혹시 이거 화음 악보도 올려주실수 있나요😢😢,8,2023-09-25T07:21:32Z
9ighisOqd_s,UgyWUF9wvxIUVh6Q7-V4AaABAg,@시나모롤-0306,앗 늦었잖아ㅠㅠ 그래도 칼림바 소리를 들으니 happy happy happy ~ ❤🍌🐱,8,2023-06-24T13:31:55Z
9ighisOqd_s,UgzcdX-lg-mwe0Bs5YR4AaABAg,@딸랑이-i9g,ㅋㅋ넘 귀여워❤,4,2023-11-28T01:42:51Z
9ighisOqd_s,UgxJmhISut5OKQu_NZp4AaABAg,@시류떡_생명수_시루,하피하피하피~~~^^뚜뚜뚜뚠뚜~~~,4,2023-08-26T07:24:54Z
9ighisOqd_s,Ugzhd2m4Km31M8LhWB94AaABAg,@minjikim113,저고양이 팔흔드는거 개귀엽네,0,2026-01-04T12:59:10Z
9ighisOqd_s,UgzHcP7m9Q7ouorgHyl4AaABAg,@곽도연-d9m,뚜 뚜루 신난다 ㅋㅋㅋㅋㅋㅋㅋㅋㅋㅋㅋㅋㅋㅋㅋㅋㅋㅋㅋㅋㅋㅋㅋㅋㅋㅋㅋ😂😮😊,0,2025-12-07T01:02:29Z
9ighisOqd_s,UgzJoaaPHhXEzEzqAR14AaABAg,@강철마인드-h5f,귀여워,4,2024-01-07T11:39:12Z
9ighisOqd_s,Ugz4ZwTZ4Dt9czdFw_Z4AaABAg,@강철마인드-h5f,귀엽다,4,2024-01-07T11:38:18Z
9ighisOqd_s,UgwUDr1dk488Cuy5SBB4AaABAg,@TV-kd9vg,그거아세요... 이 해피고양이...가..흐윽...💀,0,2026-03-07T13:33:35Z
9ighisOqd_s,Ugx4zdmMySp6LsBTAyN4AaABAg,@실험게체_거트리버,저고양이 쪽으로 시선이 감,2,2024-08-06T04:33:58Z
9ighisOqd_s,Ugxn9plb5FVS47L6LK14AaABAg,@배화영-q4f,와 잘만들고 고양이가 참귀엽네요❤,9,2023-11-15T14:04:43Z
9ighisOqd_s,UgwdIudgxXBNTuN0kmJ4AaABAg,@스윙칩계-1224,와 미니칼림바도 돼요😊,1,2025-09-27T11:15:59Z
9ighisOqd_s,UgyvnCXDj5iWYrr7FTl4AaABAg,@거북이먹방,장기자랑 😂,1,2025-09-19T07:16:35Z
9ighisOqd_s,Ugz53W5AsjxDWSvwfuJ4AaABAg,@새벽-Ice,귀여의ㆍ,1,2025-04-10T06:55:20Z
9ighisOqd_s,UgyPL-1P7f--y5AopPx4AaABAg,@이미선-q3k7u,귀여워😢😢😢❤❤😢🎉,0,2025-09-16T11:12:03Z
9ighisOqd_s,UgymtZSxV2ZgUmFqoFR4AaABAg,@린이-f6x,피아노로 치기 ㄹㅈㄷ.. ㅋㅋ,1,2024-08-24T12:33:27Z
9ighisOqd_s,UgyWxcOM7sZAxjZydhx4AaABAg,@JohnnyAdolfsen,읏 히읏 히읏 히읏 히읏 히읏 히읏😂😂😂😂😂,2,2024-03-10T16:49:35Z
9ighisOqd_s,UgwTQBUmcdv4b8-repN4AaABAg,@뽩,이거 화음까지 다 포함해서 악보좀 적어 주시면 안될까요ㅠ,6,2023-07-03T10:53:23Z
9ighisOqd_s,UgzvfKusnAVQFFBsgid4AaABAg,@변왕자-r3l,귀여웡❤❤,1,2025-03-22T09:43:43Z
9ighisOqd_s,Ugyii_5FaAjsrXF1ogJ4AaABAg,@MOA_0614_,ㄱㅇㅇ,3,2024-09-07T15:47:16Z
9ighisOqd_s,Ugyay-TNXfX8uljH9HZ4AaABAg,@서영철-n1w,귀여운 고양이 등장🎉😂,1,2024-08-17T04:17:55Z
FknihMawnQk,UgzlHOg79LBB2ugZmGN4AaABAg,@율아yula,"물어보시는 몇몇 있길래 말해드립니당! 사용한 앱은 이비스입니다






저도 진짜 못그린거 아니까 그만 댓글 달아주세요... 똑같은 내용의 댓글이 있는거 뻔히 보이는데 왜 또 알려주시는거에요ㅠㅠ 이건 강조의 의미가 아닌것같아요...",4468,2024-05-22T07:35:39Z
FknihMawnQk,UgxQeDUmCasyfa2RMbd4AaABAg,@흐뭇,"애니메이션은... 단순히 일러스트 잘 그린다고 되는게 아님. 솔까 저정도면 ㄹㅇ 개잘한편...
물론 어색할 수 있음 몸통이 안 움직이고 고개랑 팔만 돌아가니까... 근데 시발 애니메이션은 완성하는 것 만으로도 대단한거임... ㅋㅋㅋㅋ",5262,2024-05-25T11:55:13Z
FknihMawnQk,UgzmUuiAv8ycuGUC6fJ4AaABAg,@Nyanbungi,전공자도 아니고 중학생이면 확실히 잘하는건 맞음 ㅋㅋ ㅠ 몇년후가 기대되는 학생,2270,2024-05-25T09:05:55Z
FknihMawnQk,UgxNL8K9nKVEeVybub14AaABAg,@RechaR_1225,"어깨까지 움직일줄 알았으면 이미 프로 가셨겠지ㅋㅋㅋ10년생한테 뭘 바라는거임
이미 얼굴이랑 손만봐도 감각있다는게 바로 느껴짐 이런분들이랑 같은 업계에서 일하게 될게 무섭다...천재",2994,2024-06-02T10:48:27Z
FknihMawnQk,UgwsPZwFwZ7CjjyAbf54AaABAg,@Sodlsto,덤덤하게 봤는데 10년생..ㅋㅋㅋㅋ 천재다..,6078,2024-05-24T14:25:35Z
FknihMawnQk,Ugwj31gvlVYQqKVrw394AaABAg,@흑임자-04023,당신 정체가 뭐에요...그림의 신이죠..!💗,1265,2024-05-21T22:13:00Z
FknihMawnQk,UgxpBe6pV7Gj4asoQK54AaABAg,@brc-u8w,못그린거 아님 10년생에 저 정도 인체면 잘그리는거 맞음 움직일때 팔이랑 얼굴만 움직여서 어색해보인다는거지 못그렸다고 생각 안했으면 좋겠음,508,2024-05-24T17:19:37Z
FknihMawnQk,UgzVvH1r3yby4T9DjZR4AaABAg,@찰칵,"이사람이 개쩌는 것을 해낼때 내가 해낸것:

1.기깔나게 코파기 
2.쌈뽕하게 누워있기(중요) 
3.깔롱하게 옷 입기",145,2024-12-05T15:23:14Z
FknihMawnQk,Ugy77ppaRuowHRlQSkd4AaABAg,@e0187,"아니 부자연스럽고 뭐고간에 그냥 기본 실력부터가 미친거 같은데 이걸 왜깜..... 심지어 중딩이라고?
내가 진짜 미쳐부러.... 개쩐디야....",208,2024-05-25T13:18:28Z
FknihMawnQk,UgwUob2Gk79LveDKryh4AaABAg,@잠뜰광팬,애니메이션까지 제패하는 당신.. 사랑합니다❤,864,2024-05-21T22:38:32Z
FknihMawnQk,Ugwg_eg2VqAaQaneWnd4AaABAg,@lee-090,너무 잘해서 할 말이 없네요,166,2024-05-24T09:32:44Z
FknihMawnQk,UgwuUF0tf_-eptakOXZ4AaABAg,@Even_If_World_Ends_Tommorrow,10년생인데 이 정도면 너무너무 잘한건데 왜그래용…,58,2024-05-24T14:35:58Z
FknihMawnQk,UgwmWS0jgk4uxZGbhR14AaABAg,@쭈꾸래미,내가 알던 이비스가 아닌데..너무 고퀄인데..,90,2024-05-24T14:58:08Z
FknihMawnQk,UgzyyPSenf-pu_9FqAh4AaABAg,@그림쟁이13,"여기서 잠깐 정리할게요
1. 이 언니가 뭘 하든 남 빈틈찾아서 비하하는 사람들보단 잘할거임.
2. 할 짓 없어서 유튜브에다 악플따위나 쓸 시간에 자기계발을 하셈.
3. 자기들 보다 어린데 잘한다고 일부러 비꼬는건 그 사람이 잘못한거고 지능이 낮은거임.

반박하지마셈 나 지금 진짜 빡쳤음 내가 작년부터 봐왔던 유튜버가 비하당하는걸 보는게 참을 수 없음.
그리고 나도 이비스 4년차고 나도 이 언니보다 훨씬 못그림.
그렇다고해서 내가 이 언니를 절대 싫어하지 않음
오히려 이 언니 덕분에 이비스 기능 대부분을 알게 됨.

그러니까 자기가 남들보다 못한다고 느껴도 악플다지 마셈
그 짓거리 하는거 부모님 이름에 먹칠하는거고 자기 자신 앞날에도 훼방놓는거임

율아언니 나 언니덕에 여기까지 왔어 고맙고 사랑해❤😂😂😂",99,2024-12-21T12:54:28Z
FknihMawnQk,Ugwx0HSlSVwRKXliWL14AaABAg,@Ammonite-p5s,대박 금손❤❤❤,64,2024-05-21T21:37:00Z
FknihMawnQk,UgxW8N-KpRreZYtEKFF4AaABAg,@유튜브안함-y6s,중2인데 이렇게 애니메이팅을 잘한다고..? 한강물 온도가 몇도더라..,64,2024-05-24T23:34:39Z
FknihMawnQk,UgxJPRtCEkEI1pKxAqF4AaABAg,@user-lw3bx8hq8g,근데 움직이는걸그린다는게 ㄹㅇ대단한거.. 저거하나하나 다그려야되는데 끈기가 대단하신분 그리고 못그린거아니에요 잘그렸어요,9,2024-06-21T08:37:23Z
FknihMawnQk,UgzKmX7mJqEbsYDiBd54AaABAg,@nya0621,굳이.. 여기서 돌려까기 하는사람 왜 그런지 모르겟음.. 작가들이 sns에 게시하는 이유는 칭찬해달라고 올리는거다 이놈들아 그린사람 입장도 생각해라,58,2024-05-25T01:42:29Z
FknihMawnQk,UgwUf_EFQdqZZlQkZQd4AaABAg,@윤제-j1h,"와 잠만 ; 기본기? 디테일? 살짝 부족한데 라고 생각하다가 애니매이션이니까 살짝 러프하게 그렸다고 치면 이사람 미래에는 상당하게 및인 괴물이 될꺼 같은데? ㅈㄴ 잘그림; 이게 10년생..?

아니네 이미 괴물이네... 구독박고 갑니다..",38,2024-05-31T02:02:19Z
FknihMawnQk,Ugx4o_g3TKlUYtptrlB4AaABAg,@Yuki_U-k,"왜  잘그리세요?  아니..   칭찬이예요
















사람도     못그리는  내가  밉다...",10,2024-05-26T09:41:41Z
FknihMawnQk,UgxvuPSJAxCzr4rY5594AaABAg,@아캥-v4h,그리이 진짜 대박 너무 예뻐요..💕 애니메이션도 뭔가 우아해요😆,15,2024-05-25T10:25:42Z
FknihMawnQk,UgzyV0nD6dDm_wlHeuZ4AaABAg,@헤이트,"비록 직접 그려서 애니메이팅 하는 사람은 아니지만, 그래도 일단 애니메이팅을 하는 앱을 사용하는 사람으로써 한마디만 남기자면
사람은 어느 관절을 움직여도 다른 부위도 같이 움직인답니다
예를 들어 팔이 움직이면 어깨도 같이 움직이듯이요!
옷의 주름, 몸도 미세하게, 어깨도 팔의 위치에 따라 같이 움직이면 보다 역동적이고 자연스러워 보인답니다!
그래도 이정도면 엄청 잘하신거에요..ㄷㄷ전 그림 한장 그리는것도 어렵던데",37,2024-05-25T12:31:35Z
FknihMawnQk,Ugzte2jGLn_8hWwyEix4AaABAg,@syper20,"중2면 잘그린거 맞네요  저또한 종이작업이랑 디지털 작업 해봐서 아는데 하다보면 고칠거 많아지는거 아는데 다시 하기 힘들죠 이것저것 생각 하다보면 끝이없어요 
전문가들이 괜히 전문가겠어요 첨부터 머리속에 구상된채 해가는건데 어린친구가 독학 이비스로 이정도면 잘한거죠",41,2024-05-25T08:28:48Z
FknihMawnQk,Ugz7uG5h1vW9ABIxK3l4AaABAg,@드림-2,현 애니과로써 약간의 조언을 드리자면 복붙보다 매 장면을 그리는 것이 중요하고 전신이 움직여야 자연스러워요 포인트를 줄 때는 1픽셀 하나도 중요합니다 😊 엇 그 나쁜의미로 말한것은 아니니 중요하다고 생각한것만 들으세요 🙃 아 추가로 제가 보기엔 소질 있으십니다... 완전요 엄청 어리신데 나중에 꼭 잘 되실 겁니다! 그림체도 완전 좋으시네요,47,2024-07-12T16:31:34Z
FknihMawnQk,Ugy-LDmSuWeOa5m8UZJ4AaABAg,@yekkiii-_-,아니 재능 있는 아기들이 너무 많다... 짱,8,2024-05-31T16:07:30Z
FknihMawnQk,UgyTzQRPfWbasbkk0P14AaABAg,@레어-t7y,"어색한게 있다한들 중요한게 아닙니다.
중요한건 그 끝에는 아무도 뭐라 못할 율아님 본인이 있으실 겁니다.

율아님은 뭘 하든 재능과 노력이 뒤를 따라줄 인재입니다.그러니 자신을 가지고 쭉 그려주세요.

율아님 같은 분이 계서서 저는 기쁩니다.",8,2024-08-15T13:22:43Z
FknihMawnQk,Ugxi7raEceaOcuGzi_Z4AaABAg,@소피아918,애니메이팅이 너무 좋아서 그런가 전공지식이 조금이라도 있었다면 어땠을까 싶은 너무너무 아쉬운 영상 ㅠㅠㅠ 근데 진짜 애니메이팅 잘했다 소질 있어요,5,2025-02-19T20:07:10Z
FknihMawnQk,UgxxGvFGwWrLChQrK0x4AaABAg,@sjhhejandba,10년생이면 중2인데 애한테 심한말은 자제하자,36,2024-05-24T18:19:31Z
FknihMawnQk,UgwidNH-Q8Qz7CTGy_l4AaABAg,@trollhota1972,와 미쳤네요 애니메이팅 해보신지 얼마 안되신것같은데 인체와 얼굴 돌아가는 느낌도 좋고 확실히 재능있으십니다 앞날을 응원하겠습니다,4,2025-02-07T14:26:25Z
FknihMawnQk,Ugw1OuoD4nAA2yIwB994AaABAg,@plmqaz98,아니 진짜 러프 선화 밑색 단색 명암 완성까지 하나도 빠짐없이 다 완벽해서 입이 안 닫아져요.. 이거 어떡하죠 진짜 채널장이 잘못했네 진짜ㅏㅏㅏ제 입 이거 좀 어떻게 해봐요 진짜..ㅠㅠ안 닫아져요 진짜로요,8,2024-05-24T12:22:43Z
5G1wjcM3n7g,Ugws84AGiTTeFva-YVN4AaABAg,@user-ii2eu6hw6j,하지만 오른손을 저렇게 균일하게 안정적으로 소리를 내면서 왼손을 컨트롤하는게 핵심이죠ㅠㅠ,36088,2025-05-10T08:36:58Z
5G1wjcM3n7g,UgxU5krZm8rZS1Lf3054AaABAg,@Hytrfhh-q2z,승모가 괜히 거대한게 아니셨구나.. 잘하는거 하니 멋있어보임,17574,2025-05-10T09:31:55Z
5G1wjcM3n7g,UgwcKqxwkr2gbukz-Wh4AaABAg,@으앜-v3q,저거 같은속도로 반복하는게 제일 힘듦ㅋㅋㅋㅋㅋ,780,2025-07-01T07:53:58Z
5G1wjcM3n7g,Ugy_nj7bogTe-CObZ8l4AaABAg,@wodhcuwnxwccid,이거 원래 검은건반 섞인 건데 진짜 쉽게 흰건반만 알려쥬는 센스.. 근데 ㄹㅇ 쉬운데 좀 오? 하는 곡임ㅇㅇ,7911,2025-05-11T16:03:12Z
5G1wjcM3n7g,UgxoFAxXn0RyTnJvfkt4AaABAg,@johnwilis7781,"피아노 칠때 눈 반짝이는게 너무 멋져요
승모얘기하면서 긁을때도 좋지만
피아노 치면서 기뻐하는 모습 보는건 더 좋음ㅋㅋ",5194,2025-05-10T11:22:53Z
5G1wjcM3n7g,Ugy2VvF-VVKGYxKzQ594AaABAg,@VIOLETSONG,"저도 저정도는 그냥 듣고 바로 칠수 있는 정도인데, 피아노 한번도 안배워 본 생초보가 바로 칠 수 있는 곡이 아니니 좌절하지 마세요. 셋잇단 음표를 계속 균일하게 치면서 외손은 가운데 박자를 빼고 첫음 마지막음만 치는게 초보들은 힘들어요.",148,2025-07-14T05:07:27Z
5G1wjcM3n7g,UgynGXx0VIEjriNBel94AaABAg,@백두아트옥션백두화랑,방금 영상으로 피아노가 얼마나 어려운 악기인지알고.. 소름돋아버렸다..,1345,2025-05-10T08:38:39Z
5G1wjcM3n7g,UgwV-6G8_rLhI6Ct5ix4AaABAg,@kitten2565,와..이런 컨탠츠 괜찮다 실제 레슨받는줄알았음,6670,2025-05-10T08:34:50Z
5G1wjcM3n7g,Ugz9YTG2c8qnYMc4qu54AaABAg,@김동후-s9z,왼손 파솔라가 아니라 미파솔일 듯😅,3,2026-05-03T00:08:32Z
5G1wjcM3n7g,UgxnMMyaNUBG7KpRJ6x4AaABAg,@Yuukaju,이런 영상 많이 찍어주세요!!,549,2025-05-10T16:26:19Z
5G1wjcM3n7g,UgzsESyQFsp1aB2gG0d4AaABAg,@김남기,피아노 만큼은 승모만큼 최고❤,957,2025-05-10T09:00:08Z
5G1wjcM3n7g,Ugy4LWrxdLa-VRJ68wd4AaABAg,@소나기-f5h,완전꿀팁이네요.좋은곡 치고싶었는데 너의이름은 양손 연습해볼게요.❤,4,2025-08-07T12:07:30Z
5G1wjcM3n7g,Ugzo5QzlxSAAQGTnG3x4AaABAg,@껄껄껄-b3m,승모님 진도가 너무 빨라요!,631,2025-05-10T08:40:03Z
5G1wjcM3n7g,UgyB7FfiOX3Tard0Q8p4AaABAg,@mnxeo,계속 하다보면 어느순간 두손 속도가 달라져있음ㅜㅜㅜ 저리 하는 거 보며느 대단함,807,2025-05-13T12:06:52Z
5G1wjcM3n7g,UgxgZypvqSLDbYrCk-p4AaABAg,@baram3523,와 진짜 개쉽다 테무에서 피아노부터 사야겠다,6,2025-06-08T12:08:45Z
5G1wjcM3n7g,UgzZp4scxz-6-ZX5Mq14AaABAg,@안녕-c5s5z,셋잇단음표 초보들한테는 진짜 어려워요 ㅋㅋㅋㅋ,256,2025-05-10T09:31:08Z
5G1wjcM3n7g,Ugzyz1x4rUGmLFKsHud4AaABAg,@STOPTHESTEAL-g8d,오른손은 까지만 알아들었습니다. 좋은 강의 감사합니다.,353,2025-05-12T04:15:03Z
5G1wjcM3n7g,UgxZXpCHKCIPlBCPeI14AaABAg,@achates865,피아노 문외한 입장에서 양손이 각자가 다른 박자로 놀아야 하는거 자체가 뇌정지 올거 같음,1,2026-04-22T15:42:01Z
5G1wjcM3n7g,Ugxl_KIjTDwcvT7IPDV4AaABAg,@FreyaAustinn,"양손이 같이 안움직여영ㅎㅎㅎ 언니가 비행기치는거 알려주다 성질나서 방으로들어감😂

😂😂😂😂😂",179,2025-05-13T16:47:01Z
5G1wjcM3n7g,UgzUL4r12TBMsch6ObJ4AaABAg,@bIlIlIlIlIlIlq,근데 이것 보다 진짜 악보 쓰면 살짝더 복잡하긴 한데 그것도 난이도에 비해 엄청 좋음. 저거 조금더 쉽게 만든거 같음,40,2025-05-10T09:11:43Z
5G1wjcM3n7g,UgwroNSyLAl6byZVg_t4AaABAg,@불루쨩,와..씨 감사합니다!! 실제로 해보니까 쉽기도 하고 소리도 너무 좋아요!,0,2025-11-18T23:59:25Z
5G1wjcM3n7g,Ugz-VkoKwCKUO6s7L9F4AaABAg,@본명을사용하세요,"유후 승모루틴만 이야기 하다가 
피아노 치니까 왜이리 예뻐보임
그리고 손이 이렇게 예쁜 여자였나...",67,2025-05-10T08:44:14Z
5G1wjcM3n7g,Ugyo9m_Vvt4H0pMoTFp4AaABAg,@뉴뉴뉵-mt,이렇게 피아노를 잘치시다니 새삼 승모근이 대단해보이시네요,84,2025-05-10T09:53:51Z
5G1wjcM3n7g,UgxG3tfNQx60PcFHNwB4AaABAg,@흰둥이-r6r,이런거 자주올려주세요 너무좋아요 꺅 승모언니하트,0,2025-05-17T07:50:13Z
5G1wjcM3n7g,UgxVScEcBGjk8NooN-14AaABAg,@아야너무아파그만때려,"와 음악이란게 이렇게 아름다운지 처음 알았네
세가지 음을 치면서 다른 음을 치면 이렇게 이쁘다는게 신기함",122,2025-05-15T20:12:30Z
5G1wjcM3n7g,UgwdDghAheOLZ9TOlgd4AaABAg,@김보형-m2j,센세 이런거 좀 더 올려주십셔,245,2025-05-10T08:37:16Z
5G1wjcM3n7g,UgzLo_slpJJ5ZNSx-xJ4AaABAg,@우루스,간단해보이지만 멋있고 듣기도 좋다,3,2025-06-17T09:11:55Z
5G1wjcM3n7g,UgzQqD3-xA1e2AlcdIJ4AaABAg,@송가람-f9q,오늘 디게 이뻐보이네,29,2025-05-10T09:37:07Z
5G1wjcM3n7g,UgwVKegeVFfi90FzOvt4AaABAg,@kuxlabf,이런거 많이 올려주세요!!,19,2025-05-10T08:40:11Z
5G1wjcM3n7g,UgwMKAdBiUCgyZKdKQJ4AaABAg,@초코밤바,와 이 곡이 이렇게 쉬웠나요? 당장 쳐봐야겠네요 ㅎㅎ,0,2025-09-22T07:48:15Z
zrwCw5wJE3o,UgygHzadV2EBTAB_xQx4AaABAg,@cute-girll-ji3ob,Really miss them😭💜,13972,2023-08-23T10:40:49Z
zrwCw5wJE3o,UgyWW8s5YlTgsPhGqkl4AaABAg,@dear_astra,I wish I could turn back time😭 I miss them,5762,2023-10-26T21:55:06Z
zrwCw5wJE3o,UgyINuG8dwvUVwVWcwV4AaABAg,@VanteYT,They staring at us for 11s and me be like o_o (with an empty mind) throughout the youtube shorts...,10417,2021-07-19T13:21:43Z
zrwCw5wJE3o,UgxC9pv_bNloymmr3k94AaABAg,@Isabella-RiverBennett,Annyeong Jungkook!!!!!!❤❤❤😊😊😊,0,2026-07-10T00:23:27Z
zrwCw5wJE3o,UgzsK8b57hDRJkJ1FM94AaABAg,@klo_crv,I MISS THEM SO MUCH 😭💜,660,2023-11-04T12:51:44Z
zrwCw5wJE3o,UgwseLtyx8Zu8fEGQp54AaABAg,@hafsazulfiqar6692,Its so funny how jungkook is so giant in real but his feet are always like a tiny one,102,2021-07-20T07:54:35Z
zrwCw5wJE3o,UgyB9CUrZNjOEI7qrhd4AaABAg,@purpleveil-t6c,ILOVE you bts,0,2026-07-09T18:10:58Z
zrwCw5wJE3o,UgxKo_UfYOZitYHPRPF4AaABAg,@youknowihavenochingu1808,Jungkook is so handsome and his waist needs its own fandom,2575,2023-02-25T06:12:27Z
zrwCw5wJE3o,Ugz8_Yt62u7bCWPDc0p4AaABAg,@f_j_1997,2025년에 누가 왔나요?,1726,2025-09-21T00:39:35Z
zrwCw5wJE3o,UgzRPYD0UgOugSLL_494AaABAg,@kilica121,Jungkook looks gorgeous in that outfit!❤,909,2024-01-30T07:14:37Z
zrwCw5wJE3o,Ugy4_WJH-OypPTf2KuR4AaABAg,@SharifHossain-dl4qe,I Love you Bts ❤️❤️❤️❤️❤️❤️❤️❤️❤️❤️❤️❤️❤️❤️❤️,1,2026-07-09T18:55:59Z
zrwCw5wJE3o,UgwbZQ1kn4u1LXPntXx4AaABAg,@khumarmohanty86,Jungkook's slippers are higher than my high heels😂,2944,2021-11-03T08:20:08Z
zrwCw5wJE3o,Ugz1BOKtRwE4fABJDKJ4AaABAg,@isamarogando8284,Que concitan tan hermosos y uno tan lejos BTS :'( ARMY FOREVER,167,2021-07-19T16:19:53Z
zrwCw5wJE3o,Ugxh2D8mzPxTcqgimIF4AaABAg,@btxtenha_07_05,Missing you so much BTS😭💜,286,2023-08-12T05:37:18Z
zrwCw5wJE3o,Ugy8dNoue1e6MYC9PG94AaABAg,@Rainbowzhone35,Everyone is looking cute!🤧💜,1126,2021-07-19T13:51:06Z
zrwCw5wJE3o,UgxKm1ugGdsm3YD8GzV4AaABAg,@春-u9o,Jungkook is the LIVING man full of Charisma Attractive.,628,2021-07-19T14:29:30Z
zrwCw5wJE3o,Ugx9Nc44_SnEkGneEEx4AaABAg,@amethyst7143,"Me everytime jk does something or nothing: 

*that’s so gen z bro*",111,2023-03-01T13:33:39Z
zrwCw5wJE3o,UgwmnTtKgQO4U8G0rJZ4AaABAg,@NatyDieye-b5m,love jimin❤❤❤❤❤❤❤❤❤❤❤❤❤❤❤❤❤❤❤❤❤❤❤,0,2026-07-06T06:30:45Z
zrwCw5wJE3o,Ugy8J5HDE63YFw8vgW14AaABAg,@afobangpo,It's been 2 years 😭 i miss Tannies 💜,374,2023-11-04T10:13:44Z
zrwCw5wJE3o,Ugy6YUyiS4luuhcM7y14AaABAg,@zafae_tae7171,"Without BTS, ARMY Is nothing at all💜",595,2021-07-19T13:13:12Z
zrwCw5wJE3o,UgxQcmFJiCXH3dlNIxl4AaABAg,@Taekookforever7206,missing the golden days,84,2023-05-22T15:35:10Z
zrwCw5wJE3o,UgzweZKQOGIj1rq5but4AaABAg,@yusuferen1781,"I Love you 💜💜💜💜💜💜
RM 💜💜💜💜💜
JİMİN 💜💜💜💜💜
V 💜💜💜💜💜
JK 💜💜💜💜💜
J-HOPE💜💜💜💜💜
SUGA 💜💜💜💜💜
JİN 💜💜💜💜💜",0,2026-07-05T14:17:00Z
zrwCw5wJE3o,UgzK8wPLoYf6Sx96zaJ4AaABAg,@leidyquispe3082,"김남준..
김석진..
민윤기..
정호석..
박지민..
김태형 ..
전정국
방탄소년단!!",66,2021-07-21T01:19:28Z
zrwCw5wJE3o,UgzjuxObej3PdukTasR4AaABAg,@melrelyyrei106,Wow jk fashion slayyyyed,62,2022-10-26T03:02:16Z
zrwCw5wJE3o,Ugxw1nsTqLNfIJEacW14AaABAg,@alexacatalanv.4412,Yo se que ARMY hará vídeos bien lindos de Permission to dance,61,2021-07-19T20:26:10Z
zrwCw5wJE3o,Ugx7kfGuqcnAsPDZqXR4AaABAg,@CondTel,Hi Jungkook❤🎉,1,2026-07-08T14:28:14Z
zrwCw5wJE3o,UgxDWsh97Z8KVFlb0tB4AaABAg,@saj6573,Our seven kings 💜💜💜💗💗💗,125,2023-07-21T14:41:32Z
zrwCw5wJE3o,UgzG_k8natcyLg5TxR14AaABAg,@manuelaaranda1942,Jungkook con ese outfit me destruye emocionalmente  🤩,292,2021-07-20T01:25:40Z
zrwCw5wJE3o,UgzLU414ILoO3pmHLU54AaABAg,@zzzzssssz,"BTS STARING AT MY SOUL 
I CAN'T 😂😅💜
REALLY MISSING THEM😭",516,2023-11-06T15:16:56Z
zrwCw5wJE3o,UgzcF41oSxvqQA7DK7F4AaABAg,@AdeelShakie-u1e,"Who's is here in Anniversary month?
 June 2026
Year of BTS
✨🎀💜",5,2026-06-24T06:35:07Z
QU8a4Cm9RG8,UgycRyl7JglbQUe0U1d4AaABAg,@꼬마돌-u2i,뭔가 다분히 의도적이라 쫌 괜히 빡침ㅋㅋㅋㅋㅋㅋㅋㅋㅋㅋ,8031,2025-05-22T11:19:51Z
QU8a4Cm9RG8,Ugw-shS3ZN2_A1p6r-14AaABAg,@user-kw4en7yg9m,사진도 예쁜데 화면이 더 예쁘고 귀여우시당.....,15304,2025-05-16T12:42:42Z
QU8a4Cm9RG8,UgzUaGADBL-9r6kqk0p4AaABAg,@sjkokndts,본인이 본인입으로 feat. 한화 응원배트녀ㅋㅋㅋㅋㅋㅋㅋ 언급이 개웃기네,4160,2025-05-20T23:03:33Z
QU8a4Cm9RG8,Ugwg6JWmC2HKiyq3Bdx4AaABAg,@Ksnolsnik,확신의 남미새상 ㅋㅋㅋㅋ,1737,2025-05-17T15:41:50Z
QU8a4Cm9RG8,UgyU-pGzZo2bzxVefmJ4AaABAg,@이석현-i2q,ㅋㅋㅋㅋ 카메라감독님도 팔로우중 아니실까요 … 너무 포인트를 잘짚어서 잡으셨는데 ㅋㅋㅋ,3242,2025-05-10T17:15:24Z
QU8a4Cm9RG8,UgwbWq5mBq4C6X23frh4AaABAg,@해롱해롱-m1l,노렷구만 뭘 ㅋㅋ,754,2025-05-16T23:20:19Z
QU8a4Cm9RG8,UgwjOhjOimX8k_DzNfd4AaABAg,@Endless-happiness-SsuKoo,으 ㅋㅋㅋㅋㅋ으악 ㅋㅋㅋ으...,237,2025-05-20T12:30:34Z
QU8a4Cm9RG8,Ugye5SIT1-n-7BGqfe54AaABAg,@천도복숭아-j5d,아니 이렇게 귀염뽀짝하게 계시는데 카메라가 어떻게 안잡고 배기냐고요ㅋㅋㅋㅋㅋ,748,2025-05-17T02:22:41Z
QU8a4Cm9RG8,UgyXXhzkgChJ0c0ZQZl4AaABAg,@user-gq6qy6cz3q,"적당히 좀 해라..,,,어우",505,2025-05-19T15:55:44Z
QU8a4Cm9RG8,UgymGBIodxP_x715tip4AaABAg,@Adorrrrr,외국에서 저런행동하면 정신모지란 앤줄 안다. 리얼. 희안한 행동을 애교라 생각하는 한국인들 많은듯.,805,2025-05-25T16:02:55Z
QU8a4Cm9RG8,Ugwamo2eN-AAgzyATAt4AaABAg,@jtmgtatag,존나귀엽다 ㅋ̆̈ ㅋ̆̎ ㅋ꙼̈ ㅋ̐̈,1061,2025-05-11T00:10:08Z
QU8a4Cm9RG8,UgxPchnFU8pIelZbJWd4AaABAg,@fgfgi80,너무 의도적이네 ㅋㅋㅋ,218,2025-05-18T14:00:34Z
QU8a4Cm9RG8,Ugx2QR3efSjfSJcbBpd4AaABAg,@박수진-m2k,의식하고 하는짓ㅋㅋㅋㅋㅋㅋ귀엽다 귀여워,127,2025-05-19T21:47:51Z
QU8a4Cm9RG8,Ugx3npCziZP_DPDM81h4AaABAg,@aaa-op7fx,너무 의도적이라서ㅋ,653,2025-05-17T04:32:40Z
QU8a4Cm9RG8,UgxIgWoDfuK-kJHgTSh4AaABAg,@제이제,귀여워...배트를 넘 귀엽게 쓰고계시니 안잡힐수가 ㅋㅋㅋㅋ,100,2025-05-16T23:53:34Z
QU8a4Cm9RG8,UgyE39QvbdgJ66M4mTJ4AaABAg,@Annnyeonghasaeyo,ㅋㅋㅋㅋ귀여우셔요..저는 기아팬 저희 아부지는 한화 팬이라 채널명 보니 구독을 안 누를 수가 없음..,62,2025-05-16T10:02:35Z
QU8a4Cm9RG8,UgyzliaHvcY9y82SvQF4AaABAg,@user-in6y9de24,어우 항마력 딸린다,13,2025-05-25T16:21:23Z
QU8a4Cm9RG8,UgyR7vFF3Jl1rzp7kgZ4AaABAg,@xxxxx405,으 씹ㅋㅋㅋㄱㅋㅋ,87,2025-05-18T11:41:25Z
QU8a4Cm9RG8,UgzAXuYIhkgaTDt5Ey54AaABAg,@간디작샬,"솔직히 몰랐는데 엠팍에서 귀엽다고 올라와서 봤는데
진짜 이장면은 너무 귀얍드라 ㅋㅋ 볼살 눌러주고싶네 ㅋ",36,2025-05-11T13:02:35Z
QU8a4Cm9RG8,UgyN1hsatVwkBVklsux4AaABAg,@또치뽕,친구들이 욕 안해요 ??,495,2025-05-20T04:25:33Z
QU8a4Cm9RG8,Ugz-l5TFq15UvEN4WtR4AaABAg,@Cqlda,보자마자 이쁘단 생각 밖에 안 들었는데 역시 댓글 무섭당 ㅋㅋ 의도적이면 뭐 어떻다고 참..,30,2025-06-08T15:34:14Z
QU8a4Cm9RG8,UgzgO1Xu4xtVu5HVGWx4AaABAg,@dalzzang2,방망이에 얼굴꼈음...? 왜저러는겅미..😮ㅋㅋㅋ,17,2025-06-23T13:57:41Z
QU8a4Cm9RG8,UgwAane9TCZqu0dgA414AaABAg,@호99조단,긔척 쩌네,65,2025-05-14T12:28:22Z
QU8a4Cm9RG8,Ugyb2sPSP3HsUzPPblN4AaABAg,@체다-e1y,댓글들 다 왜이러냨ㅋㅋㅋㅋㅋㅋ 걍 ㅈㄴ 귀여운디........,3,2025-09-12T06:59:33Z
QU8a4Cm9RG8,UgwKMZmJ4PTjk3Fpvdt4AaABAg,@채원-s4z,진짜 댓글 보면 요즘 무섭다는걸 느낌 그냥 귀엽네 하고 넘길 수 있는데 의도적인거 같다며 꼬아서 생각하는거 진짜..,52,2025-06-07T12:58:20Z
QU8a4Cm9RG8,UgwhRUsU_pjWzBeNSM14AaABAg,@에메랄드-8,귀척 ㅈㄴ하네,266,2025-05-17T00:01:18Z
QU8a4Cm9RG8,UgwHXIu3wGPEsYLJ9c54AaABAg,@도영이팬수빈이77,누나 너무 이쁘시고 귀여우세요❤😊,32,2025-05-12T02:53:04Z
QU8a4Cm9RG8,Ugzb3JCFPzenTY9L_i94AaABAg,@melonj94,엥 악플 실화임..? 걍 귀엽기만 한뎅,7,2025-12-27T19:40:34Z
QU8a4Cm9RG8,UgzkQlTRHzLBU4CxzgN4AaABAg,@최예나와조유리,일반인한테 악플 실화인가,4,2026-03-25T08:49:30Z
QU8a4Cm9RG8,UgzFHGbDnjF2YHGh6f94AaABAg,@cjtruxlxhljvt,귀엽긴해,10,2025-05-10T15:50:48Z
FIofn5UgRF4,Ugw60YiTj26AvpX4G8h4AaABAg,@Iamgoingtoflipthehost,댓글 달기 전에 이 댓글이 당사자에게 상처가 될 수도 있을지 생각을 해보고 달아주세요. 무례한 댓글들 발견 즉시 삭제하겠습니다.,708,2023-08-16T12:58:17Z
FIofn5UgRF4,UgxsrRIhMz_QZt_ikld4AaABAg,@연기하는거야지금,뭔가 동작들 하나하나가 딴딴하고 힘을 팡 터뜨리는 느낌이 완전 비슷한듯,7457,2023-08-11T16:54:22Z
FIofn5UgRF4,UgyvHQ6UNnLsk5V0LS54AaABAg,@babamba4208,"보컬 춤 다 되는 만능보보,,,🍑",3209,2023-08-11T11:22:28Z
FIofn5UgRF4,Ugy61-hFTA0KouDqxQJ4AaABAg,@qpalzm10293,강약조절하는거나 춤선도 다 영준쌤 닮았다.. 진짜 ㄹㅇ 만능 이우지..,2758,2023-08-11T13:09:31Z
FIofn5UgRF4,Ugy4BzEtyeJJBWBUyPt4AaABAg,@슬프도다,"그만큼 감각이 대단한거지...
남이 한 행동을 그대로 복사하는거 굉장히 어려운데",680,2023-08-11T15:58:35Z
FIofn5UgRF4,UgzFQ3iDQS54bZMGQ1R4AaABAg,@oioik_p,근데 보컬팀보스라는게 치이는 부분...,1894,2023-08-11T11:56:06Z
FIofn5UgRF4,Ugz97_wC59iqrp6nTIB4AaABAg,@woonisxove,데뷔 전 대표님이 괜히 보컬팀에 넣을지 퍼포팀에 넣을지 고민한 게 아니야..,276,2023-08-12T05:51:03Z
FIofn5UgRF4,UgyhN0jT6XQa5xh-Vxt4AaABAg,@Fresh_Daisy1129,이러니까 회사에서 보컬팀 갈꺼냐 퍼포팀 갈꺼냐 물어보지…만능 보보 사랑해…❤️,396,2023-08-11T23:52:04Z
FIofn5UgRF4,UgxeP4I8WWQ9JJ5tH014AaABAg,@하우스ssssssMW,"앞에 멘트보면
영준쌤이 보컬팀이 춤을 진짜 잘춘다고
하셨어요. ㅎㅎㅎ보컬팀인데 진짜 겁나
멋있어",491,2023-08-12T03:31:59Z
FIofn5UgRF4,Ugxq9nlP0mJsK_0xl414AaABAg,@Wooyuung-1,진짜 춤 출 때 피지컬 적인 부분에서 더 과하게 움직여야 하고 이동 거리도 먼 편인데 저렇게 강약 조절 확실한 거 대단하다 증말..,178,2024-03-03T12:56:27Z
FIofn5UgRF4,Ugy4VIy62MkgiKfIW4x4AaABAg,@ENTPmon,지훈아.. 팔근육 뭐야..? 뭐야..? 뭐야..? 뭐야..? 설레게 하지마…. 핡…,330,2024-03-07T22:02:09Z
FIofn5UgRF4,UgzpIRdqMAyGwVzYHYp4AaABAg,@Snownzb,목소리가 포인트주기 좋은 목소리같아서 보컬 힙합 어디에 넣어도 잘 쓰이고 춤도 못지않게 잘추는데 거기다가 프로듀싱까지 하니까 우지는 진짜 인재임,137,2023-09-17T00:23:34Z
FIofn5UgRF4,UgzyRDTO2Balh9y0Ja94AaABAg,@o.o_01..0,메인보컬도 아닌데 노래 개잘부름 퍼포팀도 아닌데 춤 개잘춤 심지어 작사작곡 프로듀싱까지 진짜 만능아니냐,80,2023-08-12T08:27:30Z
FIofn5UgRF4,Ugz-CJvotUQ5-fDLEZd4AaABAg,@flower.inthelife,아니 근데 우리 지후니 보컬팀이자나.. 아니 잠만 세상이 이상해,165,2023-08-11T12:46:48Z
FIofn5UgRF4,Ugw2Z3Ys6kjpoYtYkYV4AaABAg,@user-irean5658,그와중에 우리 지훈이 팔뚝봐..,65,2024-01-09T18:52:52Z
FIofn5UgRF4,UgyyMZGS_tMYwwlbjVJ4AaABAg,@오리너구리-z9g,"근데 우지라는 분 저렇게 근육이 돋보였던 사람이었나...?
예전 나이스땐가 뭐였지 
핑크머리 디게 청순 가련 하늘하늘한 분으로 기억했었는데
비율좋은 역삼각 상체와 굵직한 팔뚝에 순간 심쿵했다",513,2023-08-12T01:23:18Z
FIofn5UgRF4,Ugxhp-QHS2JaCr59ACx4AaABAg,@김지현-v8s,딸때문에 거의모든 세븐틴 컨텐츠를 봤는제 우지씨는 기본적으로 머리가 아주아주 좋은 사람인거 같아요,9,2025-06-20T01:25:46Z
FIofn5UgRF4,UgxUBtpHa8Y8ftWxnhl4AaABAg,@tygrys_horang_e,"체형,비율이 비슷해서 그런것도 한몫하는 듯",51,2023-08-14T20:04:19Z
FIofn5UgRF4,UgyfBCcXvdKpxS-t6IF4AaABAg,@somewhat_j,크럼프가 따라한다고 다 되는 게 아니고 힘이 딸리면 그냥 우스운 모양새만 되는데 진짜 우지가 그동안 한 근력운동이 빛을 발하는 순간이었음,42,2023-12-31T07:27:10Z
FIofn5UgRF4,Ugw6hFEwiIAH4qDu2gB4AaABAg,@호찌-f6r,"진정한 육각형 아이돌,, 작사작곡, 보컬, 춤까지~~!! 너란 남자 정말루🫶",69,2023-09-05T10:02:17Z
FIofn5UgRF4,UgxZpPWcBq6mTxZdJBJ4AaABAg,@gae-heo-tar,진짜 신기한게 세븐틴 멤버 다 잘추지만 우지 춤선이 뭔가 더 돋보이는게 있음,90,2023-08-12T04:39:29Z
FIofn5UgRF4,UgyWqSo143Kw9egALQR4AaABAg,@LB-bk1jj,요즘 우지가 왜 이리 좋냐,8,2025-06-20T07:14:49Z
FIofn5UgRF4,Ugx1S1uKRuY1Tc74FwN4AaABAg,@Moon_and_moon.,춤도 똑같이 추는데 심지어 기억도 다 해.. 이렇게 춤 디렉션 해주는 입장에서 이렇게 예쁜 사람이 또 있을까,7,2025-06-18T03:25:47Z
FIofn5UgRF4,UgzQhCy-yjv6GJhI44F4AaABAg,@exn.sr4,이우지 연습생 시절엔 퍼포팀이였다거..,24,2023-08-12T01:54:34Z
FIofn5UgRF4,UgxbsXCtmqiD70-xI0R4AaABAg,@liseru52,어쩐지 황룡느낌나더라 이우지 사랑해,61,2023-08-11T13:07:18Z
FIofn5UgRF4,UgxMz5awfmvuJ6PH7H54AaABAg,@연우-v8s,이와중에 이우지  팔근육 무슨일이야;;,5,2024-03-06T23:03:06Z
FIofn5UgRF4,UgyEXwPgbzeEC2SILMR4AaABAg,@cpbycp,가르쳐준대로 똑같이 추면 얼마나 예뻐보일까...,12,2024-05-14T07:46:02Z
FIofn5UgRF4,UgydGgCZkDLks-KS1Ul4AaABAg,@땡그랑-r1t,우지가 머리 휘날리면서 춰서 그런지 더 에너지있어보임,26,2023-08-12T03:50:54Z
FIofn5UgRF4,UgzusGt51rSzhOkGt6h4AaABAg,@손지연3,역시 우리 만능 보보,63,2023-08-11T13:28:38Z
FIofn5UgRF4,UgycGeEj-aqM-zdLPB14AaABAg,@치킨포도,일단 둘이 몸이 비슷하게 생김,18,2023-08-11T14:48:05Z
ncePyuo8dC0,UgySxKSEXqZw-Z872DR4AaABAg,@김곰돌-h3u,"태태 몸 실화야...?
원래 아기곰이였는데 이제 어른곰이네 ㄷㄷ
정국이 따라잡겠는데..? ㅋㅋㅋ
무서운 오빠야",971,2024-11-28T10:42:22Z
ncePyuo8dC0,UgxpniGVF9cgk4AGOeV4AaABAg,@mdsuy,"태형이 몸이 거의 변신 수준이네
그동안 무슨일이 있던거야",156,2024-11-28T08:39:27Z
ncePyuo8dC0,UgylUYfxCV1wuR2d55t4AaABAg,@miyoung9544,김태형 몸에 무슨짓을 한거야 ... 아가곰이 .... 전사곰으로 ... 💜,123,2024-11-28T22:00:46Z
ncePyuo8dC0,Ugx1_xULXy4Y-MDc2BZ4AaABAg,@Sssd-w5l,태형이 팔뚝이란게 안믿김...와우,151,2024-11-28T08:47:53Z
ncePyuo8dC0,UgyCSW8Rfg_naiM9SBp4AaABAg,@ajiluna,"우리 태형이 벌크업 장난 아니다. 이제 근육꾹이 아니라 근육태라고 해야겠음. 멋지다. 야금야금 착실히 컴백 준비 중이구나. 다섯명 모두 그러겠지. 울 찐은 이제 좀만 여유 있게 하면 좋겠고, 울 호비는 시동 걸고 있고. 내년 6월아! 빨리 와라!",404,2024-11-28T05:21:35Z
ncePyuo8dC0,Ugyt7G2PIMsUdXb-R0N4AaABAg,@byuldaya,영상이 끝나질 않아요.. 이럴 떄 쓰는 말이구나..,93,2024-11-28T07:12:44Z
ncePyuo8dC0,Ugxu3uZpC9AGy8PkrUR4AaABAg,@탄산수-s2d,"우람한 팔뚝좀봐
왜 얼굴은 꽁꽁 싸매구 😅😅😅",50,2024-11-28T05:46:20Z
ncePyuo8dC0,UgyyQwRzuDsbYYgnXtp4AaABAg,@나비야-d7r,와 뷔가 저렇게 체격이 큰지 몰랐는데 넘 멋지잖아..ㅎㅎㅎ,41,2024-12-18T03:11:20Z
ncePyuo8dC0,UgzMoucKEOrvWkEwV2p4AaABAg,@돌냥치즈,와 ㅋㅋㅋㅋ 어우앀ㅋㅋ 감탄밖에 안나오네 ㅋㅋㅋㅋ,55,2024-11-28T08:22:05Z
ncePyuo8dC0,UgzYczLhSUC9aclXfOp4AaABAg,@kimhyo,우리태태 아기곰돌이가 군입대하더니 완전 상남자곰돌이가 되어 춤도 파워풀해지고 팔뚝 건장하게 몸매관리멋지게 했네요 뱃살도 없고 저렇게 군휴가중에도 팬들에게 찾아오는 사랑스런 우리태형이 오늘 오후2시 효신님과 Winter Ahead 노래 많관부🎉,29,2024-11-28T22:28:15Z
ncePyuo8dC0,UgyliYghOMrR7N4gySJ4AaABAg,@potatowang8508,"태형이 춤추고 싶은거 어떻게 참았다니😂❤
내 허벅지만한 팔뚝이라니 이제 춤도 살랑살랑이 아니라 팔랑팔랑 추겠구나😊👍👍",42,2024-11-28T07:53:51Z
ncePyuo8dC0,UgxoYVhQPJjewxC5zGV4AaABAg,@ninahla,몸이 뭐야 태형아 😩,36,2024-11-28T11:34:53Z
ncePyuo8dC0,UgxVDmZmpWj8RZreVfF4AaABAg,@She-lucky,태형이 몸 무슨 일💜,62,2024-11-28T06:39:44Z
ncePyuo8dC0,UgwjdoKBeahHUQlvVLh4AaABAg,@byuldaya,미쳐브러~~~~~핰핰핰핰핰!,32,2024-11-28T07:10:51Z
ncePyuo8dC0,UgzKKSFQ1VZsevKy8t54AaABAg,@안경쓴금붕어,태형아 보고싶었어 🐻🥰🔮💜,56,2024-11-28T09:25:41Z
ncePyuo8dC0,Ugwmdci9UEg-NfDV9lN4AaABAg,@gjks-g4x,태태야 … 이제 태태오빠가 되었네 🤭,30,2024-11-29T09:05:23Z
ncePyuo8dC0,UgzX3qOMaqVhHaEUnUt4AaABAg,@ptgjmdaj,헐😮미쳤당🥹,28,2024-11-28T09:31:01Z
ncePyuo8dC0,UgwWv0Yhn7ahS1E_Cd94AaABAg,@Jibi-b7u,"김태형 폼 미쳤다!!!
와우~!!💜💜💜💜",51,2024-11-28T06:39:29Z
ncePyuo8dC0,UgyyI9g9L2EwY4QwDXt4AaABAg,@Tata-s3i2s,Taehyung looks handsome and attractive while dancing.,30,2024-11-28T09:08:53Z
ncePyuo8dC0,UgxvSLO9NlKFXaD0xUN4AaABAg,@트리파라다이스,"그 얼굴에 벌크업이라니...!!!🤦‍♀️💜
나중에 정국이랑 덩치 비슷하겠닼ㅋㅋㅋㅋ",113,2024-11-28T06:08:10Z
ncePyuo8dC0,UgzoZFwCtvUq689yjfR4AaABAg,@hyy9374,폼 미쳤다😮,41,2024-11-28T08:20:32Z
ncePyuo8dC0,Ugzdro42OqR4fvj3Q4V4AaABAg,@hyjiiin,ㅇㄴ 얼굴도 잘생겼는데 몸까지 좋으면 어떡하니..♡,70,2024-11-28T09:58:26Z
ncePyuo8dC0,Ugy7So0kV2favdXDh0Z4AaABAg,@knjsdimpIe,TAEEEEEEEEEE😮‍💨😮‍💨,16,2024-11-28T08:36:51Z
ncePyuo8dC0,UgxxNGlgJwZ-xR6KhVl4AaABAg,@퍼플-u8f,이쁜 얼굴보자요😮,41,2024-11-28T05:13:45Z
ncePyuo8dC0,UgzDwJIsOh8Iilg9vIJ4AaABAg,@보라해-k1u,와...몸봐....♡,46,2024-11-28T11:51:41Z
ncePyuo8dC0,UgxU8pr5mrQna-Rf-Id4AaABAg,@bonn33-cp9qe,태형이 벌크업한거봐 넘 보기좋다 건강해보여서,76,2024-11-28T09:33:27Z
ncePyuo8dC0,UgzNUWw_D6a1e2n7e3Z4AaABAg,@goo1004-w1k,"태형아~~ 도대체 넌 못하는게 뭐니~??? 
오우 진짜~~~!!!!*^^*",45,2024-11-28T13:36:33Z
ncePyuo8dC0,UgyGole0cdloLdy7V2V4AaABAg,@아슬기,"태태 멋져서 반했어요.헉
상남자❤❤❤",28,2024-11-29T10:14:43Z
ncePyuo8dC0,UgzHKkd05xZEuTok7fB4AaABAg,@vilcnas,아니 안그래도 어깨 넓고 목 굵어서 개 쩔었는데 피진컬이 미친 어깨깡패 와씨 영화한편만 제발 찍어줘 태형아,53,2024-11-28T20:07:05Z
ncePyuo8dC0,Ugx3JDvlaWqdCtn0BBh4AaABAg,@KookieGirly_0601,"*TaeTae moves on* 🔥 
*He look so hot & Handsome as always* 🤷🏻‍♀️
*Love U Kim Taehyung* 💜💜💜💜💜💜💜",19,2024-11-28T16:48:39Z
s8gAx3zznBU,UgyBAVKyPRqKjN7r4x94AaABAg,@베럽,치를 떠는 지원이 귀엽다^^,338,2025-12-17T23:17:12Z
s8gAx3zznBU,Ugwo-kc4uvZBWlogHKJ4AaABAg,@24250,거길 왜털어 ㅋㅋㅋㅋ,679,2025-12-20T08:08:39Z
s8gAx3zznBU,Ugwn5GiK_-U6EMCryM94AaABAg,@하얀꿀-l4v,안영미ㅋㄲㅋㅋㅋㅋㄱㅋㅋㅋㅋㅋㅋㅋㅋㅋㅋㅋㅋㅋㅋㅋㄱ,461,2025-10-02T16:46:36Z
s8gAx3zznBU,UgwB-7JgqU5aXC7LeDJ4AaABAg,@wonlee6521,"포장을 하려해도
 더럽다 라는 표현밖에 없다...",333,2026-03-29T11:45:41Z
s8gAx3zznBU,Ugyk-exCx787O62JEhd4AaABAg,@김민수-f8u4s,??? : 손 위치가 그게 뭐니이이이이,180,2026-02-01T14:48:53Z
s8gAx3zznBU,UgzNkWS5A-YiDqcqbPd4AaABAg,@베럽-g9d,지원이 말이맞다  저리 더럽게  추지는않지.,292,2023-06-24T22:09:32Z
s8gAx3zznBU,UgwoByDquyJoalOEty94AaABAg,@NaeGaNuGuGe777,진짜 가수 한적은 없지 ㅋㅋㅋ저것도 어찌보면 그냥 연기였지 ㅋㅋㅋ,33,2026-04-13T10:47:16Z
s8gAx3zznBU,UgzSSNtqTTIJmgeuT-N4AaABAg,@mj-jl4qm,"""오빠"" 부를 때의 하지원이 최고의 리즈시절 아닌가 생각합니다.",99,2026-04-11T13:11:26Z
s8gAx3zznBU,UgyR1TaOwrMiCvtrw0h4AaABAg,@빡빡해도인생살이,홈런도 있잖아요. 홈런이 진짜지!!,134,2026-01-14T09:34:32Z
s8gAx3zznBU,UgyYxNvyAjA1oCM6QFp4AaABAg,@the엔드,"저는
저렇게
더럽게 ㅋㅋㅋ",183,2023-06-06T14:04:29Z
s8gAx3zznBU,Ugz-rK53l8569nl1rRN4AaABAg,@k-3030,진짜 더럽다 ㅋㅋ,257,2023-06-05T05:52:15Z
s8gAx3zznBU,Ugw4pDdo2xM8rEwIB2h4AaABAg,@rhjm3059,진짜 더러워 ㅠ,70,2026-01-01T12:18:39Z
s8gAx3zznBU,Ugzh2mUsYpSlZowEFcB4AaABAg,@사돌이-z4e,안영미 거기(?) 잘 살린다 ㅋㅋㅋㅋㅋㅋㅋ,31,2026-01-31T13:17:24Z
s8gAx3zznBU,Ugw5BUCn03LXb0_59xt4AaABAg,@그래이색이야-r9q-y4d,"하지원 너무 이뻐❤
나이 먹을수록 더 이뻐지네",24,2026-04-04T21:56:04Z
s8gAx3zznBU,UgznXRDd0Tzu1hePZbl4AaABAg,@Kimmyunghwan68,진짜 좀 드럽긴 하다~,50,2026-02-14T21:55:35Z
s8gAx3zznBU,Ugw7viNPu8J77Dp5dgZ4AaABAg,@살곰.살곰,하지원 경끼하네,14,2026-04-12T11:48:46Z
s8gAx3zznBU,UgyxlU2yX2UdJy-Q_Dp4AaABAg,@heyrani3709,나 요즘 이 언니에게 재입덕…,13,2026-02-04T11:45:43Z
s8gAx3zznBU,UgyHv1NZvLw8IJEiFwV4AaABAg,@조조-g3w,지금보니 그것도 연기 맞네 ㅋㅋㅋㅋ,11,2026-04-09T04:56:30Z
s8gAx3zznBU,Ugz59KhZPh6aDjRjKnp4AaABAg,@김정수-b2t,와  ~~~~미치겠네 아니 안영미 역지 짱이여 최 고 ❤❤❤,57,2023-06-08T05:00:07Z
s8gAx3zznBU,UgztJE0bNz5JiYixWal4AaABAg,@lovelovemiho,"하지원 '너무(없을 무) 사랑했다고',인가.. ?발라드 부른거 기억 나는데-.노래좋았음ㅎ",5,2026-05-01T03:38:19Z
s8gAx3zznBU,UgxSVMMwjj8-RYcMrhp4AaABAg,@xanaduz76,밑은 진짜 ㅋㅋㅋ,24,2025-10-22T14:56:53Z
s8gAx3zznBU,UgyLuePQk8TcD-cmqDp4AaABAg,@뭐든지가능,그때 진짜 하지원이 데뷔한줄 알고 엄청 좋아했다가 왁스를 보고는...........,4,2026-05-15T23:55:24Z
s8gAx3zznBU,UgxrKWL8lRRGMvT_HDt4AaABAg,@박정수-d4v,ㅋㅋㅋㅋ 저길 진짜 와 .     ㅋㅋ,8,2026-04-12T10:13:02Z
s8gAx3zznBU,UgxEXt4Rk9iC3PBHof94AaABAg,@쿄쿄쿄쿄-h9c,안영미가 영화 역전에산다(주연 김승우 하지원)ost 홈런(하지원1집)이라는 노래 커버댄스를 안한게 신기하네 ㅎㅎ,11,2026-01-17T16:31:58Z
s8gAx3zznBU,UgwuAfm4vLmJbz8trVh4AaABAg,@Cota-hasright,여전히 예쁘네. 우리 지원이 ^^,4,2026-05-03T14:01:20Z
s8gAx3zznBU,UgwpRcIzQyZWCtsa2bZ4AaABAg,@박성진-v6b,"하지원:담보,허삼관,조선미녀 삼총사,코리아,7광구,내 사랑 내 곁에,해운대,1번가의 기적,색즉시공1.2,내 생애 가장 아름다운 일주일,폰.새해복 많이 받고 항상 건강 관리 잘하고 좋은 영상 많이 보여주세요 사랑 💕 해요 하지원 옛날에 왁스의 오빠 노래를 부려는거 밭는데...끝까지 읽어주셔서 감사합니다 좋아요는 제게 힘이 됩니다 😅",9,2026-01-11T09:02:17Z
s8gAx3zznBU,UgwSFDi6foCuIZYwwFN4AaABAg,@user-of2hj5iz8s,"형사님 제가 이렇게 하면 자백한다고 하지않았습니까
어서 내기에서 진 돈을 주시죠",13,2025-06-28T06:15:39Z
s8gAx3zznBU,Ugz-eY1lBjP_5MiFskh4AaABAg,@슈퍼쏜-j2b,영미 진짜 최고다!!❤❤,5,2026-04-10T20:14:26Z
s8gAx3zznBU,UgwR8KUZZVZLbPTIaox4AaABAg,@서동용-c3r,계속봐도재밌네 ㅋㅋㅋ 🤣🤣🤣🤣🤣🤣🤣🤣🤣🤣🤣🤣🤣,24,2023-06-06T08:34:00Z
s8gAx3zznBU,UgzPtT6epA_J1kD8djt4AaABAg,@nabang-01,안영미가 몸을 사리지않는 진짜 개그맨!! 인정 !!❤❤❤❤😅😅😅😅,3,2026-04-14T10:47:34Z
D5yZ6YxCQ6M,UgyvBtnuKXKNYwXxodV4AaABAg,@민혁-minx,아니 너무 하찮게 귀엽잖아 ㅋㅋㅋㅋㅋ,503,2025-03-13T06:04:43Z
D5yZ6YxCQ6M,Ugy7hAlm-0yoYrqZ-zd4AaABAg,@가람-fyul,"엄마: 집에서 뛰지마!!!
으뜸: 아랫층 없는데…..",1,2026-06-27T10:52:24Z
D5yZ6YxCQ6M,UgysaB7xvSZ_3YOqg0Z4AaABAg,@oo-nh5eq,ㅋㅋ뭐예요😂  에이미님노래천재구나!,165,2025-03-16T04:49:20Z
D5yZ6YxCQ6M,UgwHrR5UA6ZYpJLGMy94AaABAg,@claire2727-c9v,"넘 귀여워요ㅋㅋㅋ
귀엽다고 생각하는 사람
여기
ㅜ
ㅜ
ㅜ
ㅜ",2,2026-06-16T08:17:55Z
D5yZ6YxCQ6M,UgwUU-s7iIcRPyLhNg54AaABAg,@덕프-o3o,"아니 뭔데ㅋㅋㅋ  미옹 마옹
랄랄랄랄라 손 잡고 옆으로 갈 때
영구 2명ㅋㅋㅋ",38,2025-03-13T07:28:59Z
D5yZ6YxCQ6M,UgzvdjZdHfLa1t7q5cN4AaABAg,@wonjulee5520,"에이미,데이지 버전도 해주실 수 있나여?❤",16,2025-03-23T02:34:02Z
D5yZ6YxCQ6M,UgwYjkpVfMHPug5DWNh4AaABAg,@주황이임미당,목소리 ㅋㅋㅋ그리고 민철이 랄랄랄랄라 할때 빼고 무표정인데 으뜸이는 마냥 신남ㅋㅋㅋㅋ,42,2025-03-13T06:15:55Z
D5yZ6YxCQ6M,Ugx4HKVynwRdruoUgXh4AaABAg,@이-l1t1j,너무웃겨 ㅋㅋㅋㅋ  특히민철이아니에이미칭찬해,9,2025-03-15T13:31:42Z
D5yZ6YxCQ6M,UgyM8mg2G3s1kWZuWTx4AaABAg,@오서아-c4c,민철이 무슨 표정이야,7,2025-07-30T13:28:21Z
D5yZ6YxCQ6M,UgxpJiGCDeS80ditPzF4AaABAg,@유연아-e2j,처음부터 빵터짐😂😂😂😂😂,0,2026-07-09T12:18:57Z
D5yZ6YxCQ6M,Ugxljx7pxj08yiaNPhh4AaABAg,@shine_yun,민철이는 신난게 아니라 ‘또 얘랑 같은 반이노....’ 이런표정인뎈ㅋㅋㅋㅋ,51,2025-03-13T08:49:44Z
D5yZ6YxCQ6M,UgxhA734mV-XV48TXBp4AaABAg,@hhnm._·pan,먼가 귀여운 느낌쓰..,10,2025-03-13T09:55:29Z
D5yZ6YxCQ6M,Ugz0UEVxuy8kHTahEn94AaABAg,@Jg_mi0,빵댕이 빼는거 졸귀네요..ㅜㅜ❤,187,2025-03-13T20:32:35Z
D5yZ6YxCQ6M,UgzXBtTXi92x_iruDUN4AaABAg,@김뉴비-b4c,이거 미옹마옹 성대모사 이빨괴물이 한거같은데?ㅋㅋㅋㅋ,2,2025-03-14T08:16:07Z
D5yZ6YxCQ6M,UgwJsIo9uwMs-WrwmgF4AaABAg,@Bddingy,ㅋㅋㅋㅋㅋㅋ진짜 웃김 햄버거 티 ㅋㅋㅋㅋ으뜸는 음식 티 입고 이스나까 ㅋ 진짜 웃김😂,70,2025-03-13T06:29:33Z
D5yZ6YxCQ6M,UgzuZStcDxSVYtuJzWd4AaABAg,@Pine-vine,랄랄랄라랄 할때 빼고 으뜸이는 웃고 있는데 에이미는 정색하는거 ㅋㅋㅋㅋ,1,2026-02-02T10:33:18Z
D5yZ6YxCQ6M,Ugy8oRKPOUU7KjDGa654AaABAg,@소금띠-c5k,장민철씨 왜케 진지해욬ㅋㅋㅋㅋㅋ,2,2025-05-10T03:16:52Z
D5yZ6YxCQ6M,UgxuxY_4zztXaoS_OZ14AaABAg,@두딸네미네,"민철이는 ""또 같은 반이노..."" 이러다 뛸땐 ""나이수!!!!!!!"" 이런 느낌임 ㅋㅋ",1,2025-04-12T03:41:46Z
D5yZ6YxCQ6M,Ugx1ARKuu4EeublEDYR4AaABAg,@꼼꼼이-u8i,진짜 귀엽다,6,2025-03-13T06:49:27Z
D5yZ6YxCQ6M,UgzjtCNd2mCqPubdqzZ4AaABAg,@D0U6S1T3,아닠ㅋㅋㅋㅋㅋㅋㅋ브금이 미쳤음ㅋㅋㅋㅋㅋㅋㅋ,4,2025-03-13T12:25:53Z
D5yZ6YxCQ6M,UgxCTQQz1mb3e6y2_xN4AaABAg,@쑤니의일상-f7p,넘 귀여워요❤,9,2025-03-15T03:01:58Z
D5yZ6YxCQ6M,UgyiPkzELqIP4Cx4Rjp4AaABAg,@접었습니당,넘 하찮은데 넘 기여워욬ㅋㅋㅋㅋ,6,2025-03-16T02:42:59Z
D5yZ6YxCQ6M,Ugxve9EiDXt25XAnasp4AaABAg,@정지우-j2y,ㅋㅋㅋ 으뜸이 흐뭇하면서 웃는거 귀엽네ㅋㅋ❤,68,2025-03-13T10:00:47Z
D5yZ6YxCQ6M,UgxPPVVuBNN8iS4whI94AaABAg,@다크dark-0,저거 노래 녹음 하는 사람 생각하니까 겁나 웃기네ㅋㅋㅋ,1,2025-03-13T07:54:52Z
D5yZ6YxCQ6M,UgzXAnQKNDiVP0xgJg14AaABAg,@jjunine_churros2015,민철이무표정 ㅋㅋㅋㅋㅋㅋㅋㅋㅋㅋ,59,2025-03-13T06:10:57Z
D5yZ6YxCQ6M,UgzUVA8uqZd-H9Do_fB4AaABAg,@린이바라기_UNI.T-u4i,'랄랄랄라라'할때만 웃는 민철이ㅋㅋㅋ,1,2025-07-30T08:40:12Z
D5yZ6YxCQ6M,UgxuWpsheKl3THZDG7R4AaABAg,@나능_귀엽다,ㅋㅋㅋㅋㅋㅋㅋㅋㅋㅋ뭔지모를귀여움ㅋㅋㅋㅋ,3,2025-03-30T03:20:56Z
D5yZ6YxCQ6M,UgyunymTRMZf6tJZDX14AaABAg,@Good-o2t,에이미민철        ㅋㅋㅋㅋㅋㅋㅋㅋㅋㅋㅋㅋㅋㅋㅋㅋㅋㅋㅋㅋ,1,2025-07-03T09:12:10Z
D5yZ6YxCQ6M,UgwHnEBHXUqweISNfaF4AaABAg,@접-g6p,ㅋㅋㅋ음원 저작권 때문에 직접 부르시는거 웃기네용😊❤,5,2025-03-13T06:08:12Z
D5yZ6YxCQ6M,Ugxdw5BJ8iNc5EaICuJ4AaABAg,@구리-y3v,아닠😂 나만 노래가 재일 웃긴가?ㅋㅋ😂,2,2025-03-16T00:11:04Z
6sF_ySEnNAA,Ugz6br18Ah4m40s1vqd4AaABAg,@JilianAn,아닠ㅋㅋㅋ우리애들 표정 왜이레요ㅠㅋㅋ큐,432,2025-05-09T06:38:00Z
6sF_ySEnNAA,Ugx2VQtXZNrZ8MfVEJh4AaABAg,@dkj0529,아핰ㅋㅋㅋ애들 표정 진지한게 넘 웃곀ㅋㅋㅋㅋ이런거 많이 올려주세욬ㅋㅋ,49,2025-05-09T14:06:32Z
6sF_ySEnNAA,UgxsFc_uAcJmTLG512l4AaABAg,@크앙-kc,표정들이 다 진지해서 더 귀여워욬ㅋㅋ 그 작은 손으로 치킨 할때 넘 귀여움큐ㅠ,167,2025-05-09T08:21:41Z
6sF_ySEnNAA,Ugy9fjFooGKEPPKR5394AaABAg,@미스터리_존잘,"왕자핑,오로라핑:얘들아....?",1,2025-06-26T09:10:16Z
6sF_ySEnNAA,UgwM0_QhzgOC5Dmu2OR4AaABAg,@내가모아가될상인가,다른 애들도 귀여운데 고고핑ㅋㅋㅋㅋㅋㅋㅋㅋㅋㅋ 너무 내스타일임ㅋㅋㅋㅋ,14,2025-05-09T04:20:40Z
6sF_ySEnNAA,UgzaFeElLtBflYAdNRp4AaABAg,@휘파라기요,갸갹 애들 표정 넘 쏘 큐티뽕짝(?)한거 아니냐고요ㅠㅠ,17,2025-05-09T09:01:24Z
6sF_ySEnNAA,UgwYVu4cEiE91y_7pgB4AaABAg,@MudongPark-g3f,애들이 냉소해졌어... ㅋㅋ (근데 오히려 귀여움이 무량대수화가 됨),4,2025-08-01T16:58:15Z
6sF_ySEnNAA,UgyEJF_8uMgM5DhcWR14AaABAg,@T.F.D.G.C.V,이 표정이랑 동작... 어디서 본 것 같기도 하고... 아 21화 몰래핑 ㅋㅋㅋㅋㅋ,18,2025-05-09T04:27:22Z
6sF_ySEnNAA,UgzCRD_sZbqumnxdtrh4AaABAg,@oha_artworks,대모산입구역 쎄래이빠개잌ㅋㅋㅋㅋㅋㅋㅋㅋㅋㅋㅋㅋ,0,2025-06-09T10:32:08Z
6sF_ySEnNAA,Ugz-4p9oIZ9f3gJ7gT14AaABAg,@Chx.seo1,큐큐큐큐큐큐ㅠ큐큐큐큐큐큐큨ㅋㅋ큐큐ㅠㅋ큐ㅠ큐코코코콬 저 웃겨 주거요 ㅋㅋㅋㅋㅋ큐큐ㅠㅋㅋ,13,2025-05-09T11:58:13Z
6sF_ySEnNAA,Ugzig8cLg_EvdMeSkDN4AaABAg,@Cuenta_Eliminada-c9b,핑킨🍗 핑나나🍌,1,2025-05-13T15:42:38Z
6sF_ySEnNAA,UgyoqMxBuMhLezyxHzF4AaABAg,@20137s,"이렇게 하면 진짜 안돼요....
우리의 심장이 터지자나요!",39,2025-05-09T13:12:04Z
6sF_ySEnNAA,UgyU15s6tWtphV7dO4p4AaABAg,@sweetrabits,"아니...다른 애들은 그렇다쳐도 고고핑이 저걸 하다니ㅋㅋㅋㅋㅋㅋㅋㅋㅋㅋㅋㅋ
빤짝핑이 하자고 꼬신건가ㅋㅋㅋㅋㅋㅋ
아무튼 넘 웃기고 귀여움ㅋㅋㅋㅋㅋㅋㅋ",1,2025-05-10T02:03:38Z
6sF_ySEnNAA,UgwgRqS7Pt5qSZ2ukP94AaABAg,@dou58etry,빤짝&고고 케미 역시 바늘 가는 데 실 가듯 잘 어울리네 ❤❤,7,2025-05-09T03:02:22Z
6sF_ySEnNAA,UgyvEyyd4Qy9gJhzbl14AaABAg,@kj상사,다들 무표정 이잖아ㅋㅋㅋㅋㅋㅋㅋㅋㅋㅋㅋㅋㅋ,0,2026-02-12T13:56:02Z
6sF_ySEnNAA,UgyOrWnMr84CiKKoKyR4AaABAg,@로블하는럭키엘,"진지한 티니핑들의 취쾬 봐놔놔~취쾬 봐놔놔~아ㅋㅋㅋ너무 귀엽다, 진짜뤀ㅋㅋㅋ큐쿠ㅜ",19,2025-05-14T04:38:47Z
6sF_ySEnNAA,Ugwi1IR8MpWjK4jEBdN4AaABAg,@vercubrevived,"“Samg! Can we have Dessert catch teenieping English dub?”
what they do instead:",3,2025-07-01T18:35:08Z
6sF_ySEnNAA,UgzEE1b0ZGJYhdK9VlR4AaABAg,@hoango3282,표정이 너무 진지한데 ㅋㅋㅋㅋㅋㅋㅋㅋㅋㅋㅋㅋ,1,2025-05-18T08:14:40Z
6sF_ySEnNAA,Ugy_zYY6UY2I7C1IFPh4AaABAg,@거품핑,"아니ㅋㅋㅋㅋㅋ
요즘 공식채널도 챌린지하나보넼ㅋㅋㅋㅋ",1,2025-05-09T07:12:29Z
6sF_ySEnNAA,UgziBC2IoMWyyBKzxWB4AaABAg,@markkim2189,표정 뭔데ㅋㅋㅋㅋㅋㅋㅋㅋ,4,2025-05-09T06:26:48Z
6sF_ySEnNAA,UgyEVMwcLun4LE_RkSx4AaABAg,@남승민-v8o,티니핑표정레전드😂😂😂😂😂,1,2025-08-13T03:30:21Z
6sF_ySEnNAA,Ugy4FmxlNPSsdGNu_VZ4AaABAg,@mui-m0808,너무 웃기고 귀여워요ㅋㅋㅋ 댄스 티니핑 댄스핑도 나오게 해주세요❤,31,2025-05-09T06:15:26Z
6sF_ySEnNAA,Ugy76_iT-OyFAmTPFgx4AaABAg,@누누-n4w,예두라 무슨일있어?😂😂ㅋㅋㅋ,0,2025-10-17T09:20:10Z
6sF_ySEnNAA,Ugw9MvXvNfs7y4Sewvh4AaABAg,@토카현,"아니.. 빛나핑 내 최애 티니핑인대..














































표정 보소..(?)",4,2025-05-22T11:27:10Z
6sF_ySEnNAA,UgzVXfIHQqBTtGRZqER4AaABAg,@수짱-x3x,공식 뭔데 ㄲㅋㅋㅋㅋㅋ 사춘기왔나 표정잌 ㅋㅋㅋㅋ,0,2025-05-09T15:13:05Z
6sF_ySEnNAA,Ugwo7EFe2OUNfo-qjmN4AaABAg,@맂핑,왕자핑이랑 오로라핑 소개동영상 올려주세요<~,6,2025-05-09T05:31:49Z
6sF_ySEnNAA,UgzZqNXDbY7jlSd3IOl4AaABAg,@Hahahalang,요즘 공식이 제 스탈로 바뀌었다는ㅋㅋㅋㅋㅋㅋ,0,2025-08-03T12:33:36Z
6sF_ySEnNAA,UgwWVyNNvjGq_o9-KQ94AaABAg,@hrhyohri,깡총핑 너무 귀여워ㅜㅠ💕💕,8,2025-05-09T05:52:22Z
6sF_ySEnNAA,Ugw4zx8cWi9H_emzA9N4AaABAg,@mababylittlelovely_len,ㅇ ..아가들 ㅍ...표정이..ㅋㅋ,1,2025-05-25T10:14:52Z
6sF_ySEnNAA,UgxOo6dP_MGf3MrGHgV4AaABAg,@세은씌똬룽해,깡총핑 바나나에서 나와서 썬글라스낄때 너무 힙하고 귀여움❤❤,7,2025-05-09T06:41:58Z
zbrkUs0P7P8,UgwQzdsZx0FE6gPPAKh4AaABAg,@duksimm,"아니, 이...이게 왜... 천만뷰라니 감사합니다. 덕질 영상으로 종종 찾아뵐게요💕 10 million views! Thank you so much for watching, everyone. This video is in Korean, but I’ll be sharing it with friends who are curious. It compares two idol groups from the Netflix original film K-POP DEMON HUNTERS: an already successful girl group and Sajaboys, a rookie boy group that just debuted. As you can see, their outfits highlight the contrast between the two groups. Thanks again for watching and subscribing—see you in the next one!",1268,2025-08-05T20:25:08Z
zbrkUs0P7P8,UgwDX-Wnz9xmk9ESvud4AaABAg,@hyein5500,"숙소 부터 너무 빈부격차임 ㅠㅠ
헌트릭스 : ㅈㄴ 간지나는 빌딩
사자보이즈 : 반지하도 아니고 ㄹㅇ 환기 1도 안되는 쌩지하",559,2025-08-08T09:26:05Z
zbrkUs0P7P8,UgzQxJsU0ADB7uejveV4AaABAg,@Whi-Yo,ㅇㄴ 헌트릭스 애들 베르사체 입고 맞춤 제작 슈트 입을때 사자보이즈 어디 동묘에서 때온거 같은 옷으로 돌려입음,35055,2025-08-02T19:26:29Z
zbrkUs0P7P8,UgytLZFdH4wC6Uel6yV4AaABAg,@yeeeeee8146,회사가 사장님이 직접 조명뛸정도로 돈이 없음...,4018,2025-08-03T05:28:29Z
zbrkUs0P7P8,Ugx5TEttXQF8Dfhq2mJ4AaABAg,@asuramalta2269,볼때마다 캐릭터 지림. 특히 사자보이즈 볼수록 정감이가는 ㅋ,6,2025-08-23T06:44:16Z
zbrkUs0P7P8,Ugzbw33Fb_TYg8l4rMV4AaABAg,@Fiwoeknfjfoeo,와 근데 조이 꽃 받을때 씩 웃는거 너무 좋다 잘생김과 예쁨이 공존하는 매력,13059,2025-08-02T20:20:14Z
zbrkUs0P7P8,Ugxm9qWn2CYrh43xvep4AaABAg,@chimy8151,빈부격차 날수밖에 없는게 헌트릭스는 영화 첫 시작 인트로 부분부터 개인 비행기 타고 다니면서  5년 연속 아이돌 시상식 계속 우승하고 그동안 노래로 돈 엄청 벌어들여서 자기 그룹 이름으로 된 타워도 있는 정도라 별수없음 사자보이즈는 단기간에 확뜬 케이스고,8804,2025-08-03T03:07:38Z
zbrkUs0P7P8,UgwfKKy-CH7vHZj1lcB4AaABAg,@Duxk_0708,뭐가됐던 웃고있는미스터리가 ㄹㅇ 귀여움,3831,2025-08-02T17:54:38Z
zbrkUs0P7P8,Ugw6y1x4gxw6z7PRJT14AaABAg,@ElizabethTolladay,rumis face looks so goofy on 0:07,2,2025-08-16T01:26:23Z
zbrkUs0P7P8,UgxxrcxuNWWsOHvbGDp4AaABAg,@먉-i3t,확실히 사자보이즈가 중소라 코디가 없구나 옷이 안바뀜,3751,2025-08-02T17:40:41Z
zbrkUs0P7P8,Ugy0Spvd1VPH9cFrg-Z4AaABAg,@엘-b8k,심지어 유어아이돌때는 작업복 입고 함 ㅠㅠㅠ,1792,2025-08-04T03:23:29Z
zbrkUs0P7P8,UgxWyL0lW2w4cJQwF2x4AaABAg,@MOA_eze,아니 미스터리 손하트 개커엽네 ㅋㅋㅋ,968,2025-08-02T17:11:40Z
zbrkUs0P7P8,UgxC-nGHbhvouELI-u94AaABAg,@Mallory_8020,Mystery’s smile😏🩷,6,2025-08-06T14:01:02Z
zbrkUs0P7P8,Ugw7DLikG_nR7JkeTdV4AaABAg,@ravinakumari-u7j,That transition at 3:12 was chefs kiss,0,2025-08-07T10:34:27Z
zbrkUs0P7P8,UgyqrCxtwbK0rDY3BpB4AaABAg,@zarnygx,the fact that huntrix clothes had changed but the saja boys did not 😂,864,2025-08-03T11:38:45Z
zbrkUs0P7P8,Ugwyg2IjxGgSg6PBDw54AaABAg,@happy-lj9ql,"신기함.. 영화속에서 둘이 박터지게 순위싸움했는데 그게 실제로 재현됨 그것도 글로벌단위로
영화 개연성을 현실에서 다 설명시켜줌
사자햄들 첫곡 내고 팬 5천만명 모였단 설정도 ㅋㅋㅋ",144,2025-08-03T15:10:21Z
zbrkUs0P7P8,UgzazwKR-sFfkBL2HsR4AaABAg,@erniegadayan9824,미스터리 말했다🤞,444,2025-08-03T02:04:07Z
zbrkUs0P7P8,UgyzsFjrOv5pjRzgwTN4AaABAg,@suchandrakundu1058,Romance really said Namaste 😮😊,0,2025-08-22T04:57:37Z
zbrkUs0P7P8,UgzSiHzMuh98sd-5Mm14AaABAg,@서민혁-v4m,요즘에 케데헌이 너무 인기여서 케데헌 영상만 올려도 떡상..♡,11,2025-08-08T03:54:38Z
zbrkUs0P7P8,UgwLTzgElBrdNqGvI6J4AaABAg,@moi45able,사자들 계속 같은 옷 입다가 아이돌 어워즈 때 정산받았는지 새옷 입던데 ㅠㅠ 불쌍,134,2025-08-03T04:59:18Z
zbrkUs0P7P8,Ugzj0dDbOVcuBQ3_zfZ4AaABAg,@dgnam9223,귀사장 애들 옷 좀 사주지 😂😂,68,2025-08-03T01:59:54Z
zbrkUs0P7P8,Ugzlm6VRrhWM8XcFoMd4AaABAg,@duksimm,소다팝 활동 당시 달랑 한 벌로 활동했던 GMA(귀마) 엔터테인먼트 아이돌😥,80,2025-08-02T07:11:25Z
zbrkUs0P7P8,Ugy9zfxbKki4_DwSWTx4AaABAg,@Ma.VeronicaTan,That transition at 3:12 was chefs kiss,0,2025-08-11T19:47:33Z
zbrkUs0P7P8,UgzX1_9lIMKudImzEoZ4AaABAg,@hilaryanneisaac7935,Your so cute baby saja,1,2025-10-27T08:21:25Z
zbrkUs0P7P8,Ugwb9JFWhMnlaGd618B4AaABAg,@yb101288,사자보이즈ㅜㅜ중소돌이라 의상도 많이 없나봐ㅜㅜㅜㅜㅜ,111,2025-08-03T01:49:32Z
zbrkUs0P7P8,Ugxc4eh-85WhAtLxdDN4AaABAg,@looey_fan72,Am I the only one who noticed that all 3 members of Huntrix have new outfits but then the outfits turn into the golden outfits?,15,2025-08-04T14:42:03Z
zbrkUs0P7P8,UgzqdRoiE-j6qVtrGsJ4AaABAg,@StellaElishaAustria-ge5xv,i love how they look at each other when they get the flowers,17,2025-08-13T09:55:09Z
zbrkUs0P7P8,UgydWNTo5L9i_EoH8554AaABAg,@MooHtoo-k1w,Ruin got her first baby tooth😂,0,2025-08-17T11:35:02Z
zbrkUs0P7P8,Ugy6pSexwsFrJ2Hvavx4AaABAg,@user-black-legs,"그쵸.. 막 데뷔한 신인이니 5년차 선배님들이랑 의상 차이가 날 수 밖에 없죠 심지어 깔별로 같은 옷 사다 돌려입더라고요.. 이래서 다들 대형 가나봐요. 얘네도 1년만 버텼으면 금방 우리비통, 구천, 죽네사넬, 크리스챤에 디어, Hades 같은데서 명품 협찬 받았을텐데ㅠ",415,2025-08-08T08:48:28Z
zbrkUs0P7P8,UgyQdFy2lS4KTKZjArB4AaABAg,@Sssssss-x0,베이비 방긋 존나 귀엽다 진차아...인사하는것도 걍 천년돌이야,24,2025-08-04T13:10:22Z
DdFIC0uoX1s,UgxdeyaLNRjUcM3hyb94AaABAg,@joeunji116,음악~ 주세요!>< 이거 왤케 귀여웡 ㅠㅠ,20,2021-08-17T11:23:51Z
DdFIC0uoX1s,UgzU75gCw30V0cJ6BhR4AaABAg,@naraaeee,아이키님 원래 코빅멤버 아니냐고ㅋㅋㅋㅋㅋㅋㅋㅋ,14,2021-08-17T13:14:32Z
DdFIC0uoX1s,Ugz-lLxLZtpikr9Dndx4AaABAg,@이은지양동생,"우런니 천재지이,,,,❣️",12,2021-08-17T11:18:18Z
DdFIC0uoX1s,UgzAeh16d5QsTJ4Joct4AaABAg,@하람-q4t,음아악 주세여~❤️,9,2021-08-17T11:42:22Z
DdFIC0uoX1s,UgwyX4fsR-nPpJ2aNH54AaABAg,@jdhui415,짜란다짜란다 매력둥이 이은지😍,4,2021-08-18T05:57:37Z
DdFIC0uoX1s,Ugw1IlkJRIiywLDMstR4AaABAg,@희원-n3e,웃기고 예쁘고 혼자 다하냐ㅜㅜ,8,2021-08-17T13:10:54Z
DdFIC0uoX1s,UgxfDEIK9E2PmoNqK5F4AaABAg,@Yeonp,귀여엉,0,2022-08-04T14:10:46Z
DdFIC0uoX1s,UgynmxVS65AaCDNVgBN4AaABAg,@공백-v2u,등장할때 브금 제목아시는분 ㅠㅠ,0,2021-09-16T06:25:28Z
Xsjwp-uiWlE,UgyFszR_yqDbAu4EDbV4AaABAg,@hi-teenager,너구리 없는 풀영상이 보고 싶다면 영상 하단의 제목을 클릭하세요😁,1955,2023-11-24T03:29:56Z
Xsjwp-uiWlE,UgwjXjyHfYgc28q0rZV4AaABAg,@gaesori7777,보통 저렇게 가려주는 놈들이 범인이다.,11469,2023-12-19T21:25:48Z
Xsjwp-uiWlE,Ugz61yUdKLnGLuQwazB4AaABAg,@No.00-Black,앞이 터졌는데 왜 등을 덮어줘 ㅋㅋㅋㅋㅋㅋㅋㅋㅋㅋㅌㅌㅌㅌㅌㅋㅋㅋㅋㅋㅋㅋ 앞에봐는 무슨 ㅋㅋㅋㅋㅋㅋㅋㅋ,1356,2024-07-15T06:09:01Z
Xsjwp-uiWlE,UgwOCTYyTZquNT1jext4AaABAg,@temporaryhandle2542,누가 음침호소인이래 ㅋㅋㅋㅋㅋㅋ,6705,2023-11-23T17:00:01Z
Xsjwp-uiWlE,UgzCoBQfAko3lwPNmu14AaABAg,@버머비디오방,40-50스윗한척하는 아재들 보는거 같내 20대 여직원은 아무마음도 없는데 지혼자 설레발치고 신입들 퇴사 ㅅㅂ.,92,2024-01-15T08:20:59Z
Xsjwp-uiWlE,UgwExKalPYNNNGztEj54AaABAg,@multishu55,"""야 앞에 봐"" ㅇㅈㄹ 명령하는 거 개웃기네ㅋㅋㅋ 지가 뭔 쌤이 가",3834,2023-12-10T11:06:58Z
Xsjwp-uiWlE,UgyC-DOfuyi7FbHgL0p4AaABAg,@DD-fb9mn,"야 앞에봐 ㅇㅈㄹㅋㅋㅋㅋㅋㅋ 
여기서 터지네 아ㅋㅋ",74,2024-03-15T15:24:17Z
Xsjwp-uiWlE,UgyT1P_syN2x_MJo5s94AaABAg,@jjjongs.,셔츠 열린건 앞쪽인데 뒤를 가려주네...,2891,2023-12-06T11:44:03Z
Xsjwp-uiWlE,Ugyu6FbGNMET6af8jMp4AaABAg,@cocy-0420,이연우 옷 입은걸 본적이 없는데 이걸 이렇게 보네,322,2023-12-11T13:20:10Z
Xsjwp-uiWlE,UgySpdCz0IfLi5wtuiJ4AaABAg,@보싱이-u5l,지도봐놓고 안본척은ㅋㅋㅋ,3388,2023-12-07T03:47:15Z
Xsjwp-uiWlE,UgwpFhcOhHKYsYwCpv94AaABAg,@유리형naver,"예뻐도 노출하면 별루인경우 있고 평범한데 섹시쩌는 애들있지,  저 여학생, 맥심모델 연우....  얘가 쩔더라.",5,2024-01-03T20:15:41Z
Xsjwp-uiWlE,UgwcDy6qzVVTcWJ8uXZ4AaABAg,@coyss961,야 앞에봐 ㅇㅈㄹㅋㅋㅋㅋㅋㅋㅋ 싸대기 ㅈㄴ마렵네,136,2023-12-08T09:40:29Z
Xsjwp-uiWlE,Ugzde3-lZgn8LgDBppF4AaABAg,@알파벳-g3d,학교를 배경으로 하는거는 좀.. 걍 일본 야망가 본 작가가 대본 적은것 같네ㅋㅋ,73,2024-03-20T13:09:22Z
Xsjwp-uiWlE,UgxULjAcYMqpjL3Rkwx4AaABAg,@고광렬-m5v,지는 다봣으면서 뭘 앞에봐야 ㅋㅋㅋㅋ,1563,2023-12-06T22:19:17Z
Xsjwp-uiWlE,UgxnCg_Rxd2JZNSi_Ht4AaABAg,@chonttigi,앞에봐 하는 게 왜이리 개꼴깝떠는 거 같지,9,2023-12-10T08:50:19Z
Xsjwp-uiWlE,UgySWB3YCLu1IXAIbD14AaABAg,@TailWhite-sd9yx,"난 너구리를 학교에 가져온줄 알았다.
그래서 애들이 놀란줄...",333,2023-11-25T06:23:50Z
Xsjwp-uiWlE,Ugz78ehN6bhzQtwlqOt4AaABAg,@user_b619fa,효과음 또잉~이 개웃김 ㅋㅋㅋ,9,2025-03-22T21:52:04Z
Xsjwp-uiWlE,UgxY_ISMVgvkj3-n82F4AaABAg,@피터팬-x4w,부끄러운게 아니라...축복받은 학생이네요^^,1757,2023-12-07T00:45:26Z
Xsjwp-uiWlE,Ugyzl3lnidnYYl_c2Yt4AaABAg,@0o0-j6x,멋있게 말하고 옆에 안쳐다 볼라고 안간힘쓰는게 느껴자네,8,2023-12-16T06:54:44Z
Xsjwp-uiWlE,Ugz-OSoJnM8IHqIGsTB4AaABAg,@yghert4348,앞에서는 스윗하고 뒤에서는 킁킁.  여자들이 제일 경계해야할인간.. 남페미,4,2023-12-08T17:05:18Z
Xsjwp-uiWlE,UgyF2HFFRuldZ8eZXil4AaABAg,@분도-j3s,이게 바로 어른이 어설프게 애들 따라하는거지ㅋㅋㅋ,18,2024-02-14T16:10:48Z
Xsjwp-uiWlE,Ugz7qGyHl-7Cl88y8Dd4AaABAg,@우리두리-j4g,저렇게 자기껄로 만드는거지..ㅋㅋ😊,59,2023-11-24T15:02:02Z
Xsjwp-uiWlE,UgzWoyBxLkVuJlkFXQ14AaABAg,@seojun_3727,스윗한남 ㅋㅋㅋ지도 봐놓고,7,2023-12-18T19:39:43Z
Xsjwp-uiWlE,Ugy4jy3SMybQFhY_LVZ4AaABAg,@Chansman,이게 맞지 선천적으로 큰 여자들은 저렇게 가리는데 반면에 가슴 드러내는 여자들은 거의 수술한거,3,2023-12-24T00:37:22Z
Xsjwp-uiWlE,UgzhPYElf18o6JA9CW54AaABAg,@why3541,요즘 우리나라 유튜브가 일본 애니 감성을 따라하고 있네,9,2023-12-07T13:24:07Z
Xsjwp-uiWlE,UgzCzlYifavK8xaCP814AaABAg,@지화현-l8x,지가뭔데 앞에 보라마라임 ㅋㅋ,7,2023-12-08T17:01:29Z
Xsjwp-uiWlE,UgwfaBDKaXzuS0swUXZ4AaABAg,@좋은날-x3v,G컵상이 따로 있는거 같음 진짜 애기같이 생긴분들이 다 저럼,496,2023-12-07T05:16:26Z
Xsjwp-uiWlE,Ugw2nmrD-BZxRBD17NZ4AaABAg,@Titan_Boyz,이거 만든 사람 ㅋㅋㅋ 남녀합반 안다녀본거 같은데 ㅋㅋㅋㅋㅋㅋㅋㅋㅋㅋㅋ,2,2023-12-15T11:16:08Z
Xsjwp-uiWlE,UgyKDPFOuT35tGbMNiF4AaABAg,@---vq7gm,앞이 터졌는데 뒤를 덮어주네ㅋㅋㅋㅋㅋㅋㅋㅋㅋ,97,2023-12-08T10:53:32Z
Xsjwp-uiWlE,UgwkE0YDmgR9BUk9zLZ4AaABAg,@한그루-j5r,"이미 다보고 손으로 가렸는데 앞에봐 ㅋㅋㅋ
볼거다보고 스윗함 챙겨가는 스마트함",0,2024-06-21T19:45:54Z
uB1VQzDYJ3M,Ugy8XmkgZxwu93gld0N4AaABAg,@휘루미나서싼치츄,그냥 웃기려는게 아니고 이성과 광기와 어디 그 사이쯤에서 타협이 안되서 현타 와서 본인이 개빵 터질때 겁나 웃긴거 같음 ㅋㅋㅋ,2704,2024-11-14T09:21:19Z
uB1VQzDYJ3M,Ugyjz5sYTpIA5G0u7_x4AaABAg,@jahnMacClane,이 악물고 웃음 참는다의 표본 ㅋㅋㅋㅋㅋㅋㅋㅋㅋㅋㅋㅋ,2238,2023-07-02T01:06:26Z
uB1VQzDYJ3M,UgzTUDpOAN3CmFewbrB4AaABAg,@SSLee-rs6uf,박하선 땜에 더 웃었음 . 연기도 잘하고 매력있네여,1407,2023-06-22T00:34:37Z
uB1VQzDYJ3M,UgzOhMpSX6ZSnSaPTVt4AaABAg,@kmkm7678,둘 다 눈알 연기 지리네 🤣🤣🤣,1334,2023-07-04T06:51:46Z
uB1VQzDYJ3M,Ugw4JoqeAy23kCFoU0h4AaABAg,@아리앨리스,현타 후 웃참이 킬포임 ㅋㅋㅋ,2882,2023-06-23T12:13:04Z
uB1VQzDYJ3M,UgxC_Zo564U3SWqai0V4AaABAg,@hasicong2,너무 웃음을 참아서 눈에서 눈물이 차오르는 박하선님ㅋㅋ😂,404,2024-11-27T11:24:40Z
uB1VQzDYJ3M,UgwkcwR7R6CM75d-N-t4AaABAg,@jason061971,"SNL 게스트도 극한직업의 일종.
저상황에서 어케 웃음을 참아 ㅋㅋㅋㅋㅋ",703,2023-06-22T16:36:19Z
uB1VQzDYJ3M,UgzjHDMrM4GTuP0A4PN4AaABAg,@주영x1,진짜 매력적인 이쁜 미인이다 오만가지 표정을 다 지어도 매력적으로 이쁜건 뭐죠? 미치겠다 진짜ㅠ,1597,2024-11-15T12:14:07Z
uB1VQzDYJ3M,Ugxoxu5lP3FDiUTldZl4AaABAg,@ハレオンナ-814,아하하하하 박하선씨 너무 웃겨요~ 분장도 표정도 목소리도 너무 매력쩔어요 …,949,2024-11-08T12:47:20Z
uB1VQzDYJ3M,UgxXyh3SEO_8gkVcLtV4AaABAg,@suakim8268,컴퓨터수리기사의 구렛나룻을 뜯었어 ㅋㅋㅋㅋㅋㅋㅋㅋㅋㅋㅋㅋㅋㅋㅋㅋㅋㅋㅋㅋㅋㅋㅋㅋ,1057,2023-06-30T22:04:04Z
uB1VQzDYJ3M,UgyPLQ0XUvlCgxB2bBZ4AaABAg,@wilddog29,눈이 정말 예쁘다. 화난눈도 예뻐.,119,2024-11-11T15:59:46Z
uB1VQzDYJ3M,UgyEuyB3YQFtf7C5_-x4AaABAg,@a28958836,"박하선 왜캐 웃겨..
진정 배우는 배우 ㅋ",278,2023-06-30T06:52:57Z
uB1VQzDYJ3M,UgwMRTRGVBLKWM4yJjJ4AaABAg,@voddlvod1259,박하선 웃음 참으려고 표정이 이상한게 더웃겨 ㅋㅋㅋ,538,2023-08-23T03:36:17Z
uB1VQzDYJ3M,Ugx3WdmLh3QIF8QCkh14AaABAg,@유복례-m3r,두분다  말할수없는 표정  자꾸본게된다,302,2023-06-23T02:15:04Z
uB1VQzDYJ3M,UgxXeqdLMbSfNofg8Bp4AaABAg,@니아옹2025,웃음을 참느라 안간힘을 쓰다 쓰다 흐느낌 ㅋㅋ,341,2023-06-23T09:43:20Z
uB1VQzDYJ3M,UgyVTxpg5cDfUO7NcDB4AaABAg,@비는눈물처럼,안 웃을려 해도 웃게되는.. 박하선 얼굴이.. ㅎㅎㅎㅎ,151,2024-11-09T05:01:13Z
uB1VQzDYJ3M,Ugxw-lu28teh0I7E06t4AaABAg,@destinyk2722,박하선 진짜 얼굴막써ㅋㅋㅋ,421,2023-06-25T22:38:34Z
uB1VQzDYJ3M,Ugywq7zAD7gVSTc73fJ4AaABAg,@buddha1542,웃겨죽겟는데 끝까지 대사는 해야겠고...ㅋㅋㅋㅋㅋㅋ웃음은 참아야겠고...ㅋㅋㅋㅋㅋ,73,2024-12-15T04:24:27Z
uB1VQzDYJ3M,Ugyq9Yd-lL2N2g_Ug9x4AaABAg,@cynicalko2124,현타 제대로 왔구나 ㅋㅋㅋㅋㅋ,209,2023-07-21T00:26:41Z
uB1VQzDYJ3M,Ugw0_Z07X_zn3q_JGcR4AaABAg,@ya-ya-ya,박하선 너무 이쁨.❤❤❤,72,2024-11-05T17:44:33Z
uB1VQzDYJ3M,UgxZdfpeIMCoVm34LhB4AaABAg,@ellonmusck,컴퓨터 수리기사 ㅋㅋㅋㅋㅋㅋㅋ,228,2023-06-27T02:30:46Z
uB1VQzDYJ3M,Ugy4r-EXFG0cowTOG-V4AaABAg,@이영란-f7k,천식환자라 큰웃음 안돼는데 이거 보다가 기침발작했네요. 근데도 자꾸 보게 되는..,1219,2023-08-18T21:22:49Z
uB1VQzDYJ3M,Ugzbk1uvIHzXPl4WSCN4AaABAg,@jessicapaek7021,"저런 표정에도 정말 예쁘다~
근데 정말 웃겨~~
수리공 구렛나룻를~😂😂",832,2023-08-05T04:34:13Z
uB1VQzDYJ3M,Ugx9mD82H8RhHh_eR_h4AaABAg,@진리로진리로,박하선 너무 사랑스럽네 ㅋㅋㅋㅋㅋㅋ,59,2025-07-11T11:35:43Z
uB1VQzDYJ3M,UgwdoCn1T7HInFWugRd4AaABAg,@hakunamatata2498,"박하선이 이런 연기를!!!!!!!
 넘 웃기다😂😂😂",257,2023-07-03T15:21:23Z
uB1VQzDYJ3M,UgzyIWlRBss7_yXx0UN4AaABAg,@로또.둥이,진짜 몇번을 봐도 웃겨 한참 웃었네,435,2023-07-11T13:36:49Z
uB1VQzDYJ3M,Ugz9RxrRgFT83nmnjWB4AaABAg,@달마-y2w,아놔 ㅋㅋㅋ 김민교 표정😂😂😂,909,2023-06-18T02:05:56Z
uB1VQzDYJ3M,UgxCbDL34NC0dqJ-7Lt4AaABAg,@프리맨-u3x,박하선은 사랑입니다❤,586,2023-06-20T22:44:16Z
uB1VQzDYJ3M,Ugye3C-BTzF9KRUtURd4AaABAg,@김선미-q2z,박하선씨 시트콤에 나와주세요 제발요 ❤,941,2023-07-10T02:06:19Z
uB1VQzDYJ3M,UgzSKznk3aUHjwOZoet4AaABAg,@울또라이맨,류수영씨는 이거 보고 싶을때 리얼로 볼 수 있어서 매우 행복하실것 같습니다 ㅋㅋㅋ,230,2023-06-28T11:29:24Z
94OOi5IfUfc,UgxnPJ-jiKBB65klgIx4AaABAg,@PEPPERCONPANNA,"ANIMATION DIRECTOR :: 양양(YANGYANG)
""HELP""

3D DIRECTOR :: samgom3
""It's fun to watch 2D work.""

VISUAL ARTIST :: 도사(DOSA)
""When it comes to idol song teaser work, I think the most important thing is to make a continuous impression with a strong impact. The amount of work that comes with it comes as a matter of course as karma""

PD · COMPOSITER :: 13-3
""pretty but really...""",9169,2022-05-27T11:00:33Z
94OOi5IfUfc,Ugxh4H3g0WhovYBAXi94AaABAg,@zipzoagirl,그냥 음원이 아니라 티저 버전인 것도 대박...,16521,2022-06-18T05:49:25Z
94OOi5IfUfc,UgykoVb9yaV6iuMRx_x4AaABAg,@notcjustc,피라미드게임 애니화… 이분이해주셔서너무감사하고고맙고행복하고기쁘고영광이고… 이 감성이 고대로 녹아든다고 생각하니 황홀함 라프텔 최고..,2939,2024-04-09T13:58:24Z
94OOi5IfUfc,UgwA3fh5Q0KqG3LtIvF4AaABAg,@지렁이-j4b,정부에서 오랫동안 해오던 애니메이션 지원을 이번달부터 갑자기 끊었습니다. 그 비용을 nft에 투자할 계획이래요. 애니메이션에 관심있는 분들이 아셔야할것같아 올려요. 많이 퍼뜨려주세요!,30781,2022-07-06T00:13:27Z
94OOi5IfUfc,UgxzCmFV-hzTQubvC-p4AaABAg,@gabojago367,"개갓띵작..피라미드 게임애니화 하시는분이라니 
너무 믿음직해요…",1140,2024-04-10T02:44:58Z
94OOi5IfUfc,Ugw95E3DQRTcpDgKLhd4AaABAg,@옌-q5p,피라미드 게임 애니화 화이팅 하세요!!! 기대하고 있을게요 :) 항상 감사드립니다!!,28,2024-04-10T02:25:44Z
94OOi5IfUfc,UgwCnhnfdZS44yaldEJ4AaABAg,@Wookeo_Woo,캐릭터 디자인하며 그림체나 구도가 전부 다 마음에 듭니다.. 우연히 보게 된 영상인데도 너무 깊은 감동을 받았네요. 티저라는게 포인트같습니다.. 한 3분짜리로 또 나오면 장면 하나하나 다 눈에 넣고 싶네요. 모든 작업물에 찬사를 보냅니다!,7558,2022-06-16T07:46:43Z
94OOi5IfUfc,UgyuKj2Q2EPNF0BWbsB4AaABAg,@yoyovim,진짜.. 한국은 이런 천재 금손들분들을 이렇게나 보유하고 있으면서 어떻게 애니메이션 사업은 하나도 투자도 발전도 없냐.. 이러니까 다들 해외로가지 이분은 잘되실수밖에 없는 실력인듯,18646,2022-06-14T04:47:59Z
94OOi5IfUfc,Ugxft-jjtuD18nlS7Eh4AaABAg,@넵-g3k,영상 너무 예뻐요ㅠㅜ 진짜 대박 예감!! 색감 너무 이쁘고ㅠㅠ💖,602,2022-05-27T11:15:22Z
94OOi5IfUfc,UgyMO6WgOlXLWmRZTFp4AaABAg,@Gye0om,피라미드 게임 애니화 맡으셨다고 들었습ㄴ다.... 최고....,14,2024-04-09T13:40:31Z
94OOi5IfUfc,Ugw8g_odsyEYJ36-oyJ4AaABAg,@hienssoung,잊을만 하면 다시 생각남.. 미친 영상..,20,2026-02-15T09:23:42Z
94OOi5IfUfc,UgzR7hMk3q1qNUxB2ux4AaABAg,@달걀-f7h,"와ㅁㅊ.... 아니 이 정도 퀄리티면 몇백만 찍으셔도 어색하지 않으신 퀼리티인데..;
진짜 진짜 너무 쩌네요... 쩐다는 말 밖에 못하는 어휘력이라 죄송할 정도... 정말 지구에있는 저와 현시대를 사시는 존재가 만든건지 의심됩니다.. 미지 문명 보는거 같아요...얼른 알고리즘타고 성장하셔서 Q&A도 찍고 외주도 받으셨음 좋겠네요...나만 알기엔 넘 아까워..",9120,2022-06-07T13:50:45Z
94OOi5IfUfc,UgwpK3u7MH2RjXUwyxR4AaABAg,@watzmaname,"주인공이 높이 올라와 있는 곳이 건물 옥상인 것, 앉아 있는 곳이 난간인 것, 주변에 밴드 악기와 마이크가 있는 것, 모션 자연스러운 점, 코디 세세한 것, 명암 확실한 것, 색감 개 지리는 것, 다이브 하는 순간까지 화면 바라보는 것, 뭐하나 빠질게 없다ㅠㅠㅠㅠㅠㅠㅠㅠㅠㅠ",4794,2022-06-16T04:41:27Z
94OOi5IfUfc,UgzHfrYn5KjN3Wf4kSh4AaABAg,@정원-f5m,제작하신 분들의 노력이 가득 담겨있는 영상이네요! 끝내줍니다!,448,2022-05-27T13:20:06Z
94OOi5IfUfc,UgxotXxCI3oesl3k4NR4AaABAg,@flaneurei,am I the only one who always comes back to this religiously?,19,2023-05-07T09:03:50Z
94OOi5IfUfc,UgwRm65qGho-wGSD6ft4AaABAg,@뀨휴퓨,"소름끼치게 잘 만듦
중독성 개오짐",14,2024-03-27T23:12:21Z
94OOi5IfUfc,UgyPoeZUmqXAsBY_iix4AaABAg,@jonna_spicy,"진짜 미친거 아니야,? 노래랑 본인 색감이랑 잘 섞으신듯 하... 나까지 숨 참고 보게 됨",1527,2022-06-12T03:17:54Z
94OOi5IfUfc,Ugzfo8uquHfSrXrEjll4AaABAg,@ribbonnyang,진짜......머리카락 하나하나 귀걸이 속눈썹 움직이는것까지 다 표현한것도 소름끼치고 색감이며 그림체 너무 이쁘고 색배치도 센스잇고..................하 몇번이나 돌려보는지 모르겟어요 천재적인 재능이다 ㅇㄱㄹㅇ진짜...........ㅠㅠ,1749,2022-06-13T05:08:12Z
94OOi5IfUfc,UgyjS2JWpWl61MugULR4AaABAg,@콩떡-t8f,애니과 학생으로서 저분이 얼마나 갈려나가셨을지 상상도 못하겠다..,25,2022-06-17T05:33:22Z
94OOi5IfUfc,UgyUCHQCoJ-zT5xvPEB4AaABAg,@모음집만듦,얼마나 많은 노력과 시간을 갈아넣었는지 눈에 보이는... 그저 지렸다..,1194,2022-07-19T12:12:24Z
94OOi5IfUfc,UgyVALQdGpclrQ_Fwqx4AaABAg,@모잉-u3o,"이 영상에 주접이 과하다고 불편해하시는 분들 있으셔서 글 남기는데, 저도 이쪽으로 전문적 지식을 갖고 있는 것은 아니지만 이쪽에 조금이라도 관심이 있으신 분들은 저 몇초동안에 저 그림체, 움직임을 만들어내는게 얼마나 많은 기술과 노력이 필요한지 알고있기 때문에 그만큼 주접을 떠는거에요! 잘 모르셔서 물어보셨던 분들에게는 아는 분들이 친절하게 답변해주고, 잘 모르는 분야를 가볍게 생각하는 태도는 지양하셨으면 좋겠네요 다들 🙂",3210,2022-09-25T10:15:51Z
94OOi5IfUfc,Ugz2rzXU8eLObq_OzhB4AaABAg,@긍-k3m,올타임 래전드지만…0:10 여기가 제일 쩐다…,421,2022-06-14T09:29:19Z
94OOi5IfUfc,Ugw0WtVBOxoOL3gcI1x4AaABAg,@roberta7026,I am obsessed with this art style and it fits the song perfectly!,3380,2022-06-15T22:33:33Z
94OOi5IfUfc,Ugxu3_MBdh5nN-DHGmx4AaABAg,@flowergam0326,와 대박 ㅇ0ㅇ..,297,2022-06-15T17:18:06Z
94OOi5IfUfc,UgwXkOWMiYsJHT-IZvt4AaABAg,@hhhhhh000-g9r,아직 보는중 ㄹㅈㄷ 진짜,14,2025-11-26T13:44:47Z
94OOi5IfUfc,Ugy490Ty5VlyVY00vld4AaABAg,@muzipme,볼 때마다 소름돋게 잘 하심..,22,2023-08-09T06:55:54Z
94OOi5IfUfc,UgxqkJCrsBGt9s8GxyN4AaABAg,@나리0824,숨 참고 러브 다이브 하면서 딱 떨어지는 모습이 진짜 인상깊네요... 한동안 계속 떠올릴듯...,8,2022-06-09T13:47:05Z
94OOi5IfUfc,UgyMWXE3jifo6gNdGxB4AaABAg,@SH-wu3nu,엌ㅋㅋㅋㅋ 며칠 전부터 봤는데 하루에 1만씩 조회수가 오르네요. 솔직히 이 정도 퀄리티면 당연한 거겠지만... 저도 하루에 한 번 이상은 꼭 보러 옵니다... 작가님 퀄리티 너무 오져요ㅜㅜ 100만 조회수 찍기까지 응원합니다...!,20,2022-06-12T05:10:29Z
94OOi5IfUfc,Ugx1FcOgHa0ScHRsRGB4AaABAg,@Bob-Repository,그림 너무 짜릿하고 애니메이팅 편집 다 너무 좋아요...ㅠㅠㅠㅠ 적일많버 하세요 호강하고 갑니다😭😭😭😭,13,2022-05-27T11:09:36Z
94OOi5IfUfc,UgyRGGjqoVrABoOB0qt4AaABAg,@다민-f2e,"내가 지금 이 영상을 몇 번째 들어오는 건지도 모르겟음 ,, 걍 처음에 라랄라랄라부터 겁나 소름돋음",11,2022-06-27T15:42:00Z
KAET-XpZ6R0,UgxrMnlXCWMRN6ZhFJ54AaABAg,@HBK1030-i7i,이거 백퍼 신동엽 아이디어다 ㅋㅋ,69,2025-12-29T05:51:32Z
KAET-XpZ6R0,UgyyYAY9250cceSxFoB4AaABAg,@dongwonkim5966,신동엽은 컨셉 너무 잘 잡은게 70살 넘은 할아버지 돼도 저 컨셉으로 잘먹힐거 같음 ㅋㅋㅋㅋㅋ,48,2025-12-28T10:19:15Z
KAET-XpZ6R0,UgwSYkMYp7TLhBlL7hx4AaABAg,@singerbox445,신동엽 다리가 왤케 매끈해?,16,2025-12-28T07:20:41Z
KAET-XpZ6R0,UgzsuOeU-ejkYWwBd8Z4AaABAg,@mansuunion9242,아...고준희 진짜 멋있게 생겼다...,3,2026-03-16T02:04:45Z
KAET-XpZ6R0,Ugx1uVo7g1fL5FvqldZ4AaABAg,@노마드Ha-e7o,신동엽 능글맞은 연기는 최고ㅋㅋ고준희 비율 미쳤다.,5,2026-02-08T03:54:16Z
KAET-XpZ6R0,UgzpWaHq9AGx6kLQ9XJ4AaABAg,@yoonseul-i7s,ㅋㅋㅋㅋㅋ 동엽신 너무 좋아:)😂❤,18,2025-12-25T13:28:51Z
KAET-XpZ6R0,UgxkQGecl0BluBbNcYV4AaABAg,@kkkk-qo2cp,"매끈매끈하다 매끈매끈한 
동엽신❤",11,2025-12-29T00:03:27Z
KAET-XpZ6R0,Ugxo8-TuiwPv-9TA6lx4AaABAg,@로또나라-t8v,봐라 봐라 또 또 또 또😊,7,2026-01-01T01:01:35Z
KAET-XpZ6R0,UgwYlOat_fY_2gjSPqx4AaABAg,@안토니오반댈세안,신동엽 어울린다,3,2025-12-28T05:18:36Z
KAET-XpZ6R0,Ugy1OExfu5yDJiIyhzR4AaABAg,@tem4rary,저 유니폼 이쁘다,2,2025-12-29T12:55:22Z
KAET-XpZ6R0,UgzkttHp8De661XzzWJ4AaABAg,@bostonmountain7120,고준희 콧날 매끈,7,2025-12-28T14:57:10Z
KAET-XpZ6R0,UgxRk3eEXybGqysJEs94AaABAg,@조현수-d4k,까기는 뭘 까?~ㅋㅋㅋㅋㅋㅋㅋㅋㅋㅋㅋㅋㅋㅋㅋㅋ,0,2026-01-12T20:07:12Z
KAET-XpZ6R0,UgzNnkmMyZ6X-Uwi4Zl4AaABAg,@소곤소곤-d2o,능청스러운 동엽신 탁월해 이분야에선,0,2026-01-03T02:20:12Z
KAET-XpZ6R0,UgxaCUm3ZPHvCtCtjw54AaABAg,@martin.k.conank7172,마시는 프로틴 젤리를 좋아하나 보네...,0,2025-12-31T07:41:53Z
KAET-XpZ6R0,Ugy_faPzhVLeyw4FtXh4AaABAg,@yhk6187,괜히 기대하고 들어왔네,0,2026-02-26T13:06:02Z
KAET-XpZ6R0,Ugyw-5oytct2Yko_W4B4AaABAg,@지존다마-d8y,까보라니 미쳣 ㅠㅠ,0,2026-02-12T23:08:42Z
KAET-XpZ6R0,UgwDEDUeL-83yBkgD3h4AaABAg,@eyetoy22,고준희 진짜 예쁘다,0,2026-02-24T01:10:05Z
KAET-XpZ6R0,UgwVLa29GvxI4KHIm9V4AaABAg,@들깨-z8s,돌림빵,0,2026-01-18T00:43:48Z
KAET-XpZ6R0,UgyOs_3KEajAkUbURMJ4AaABAg,@알로웨이,신동엽 다리가 여자 다리네,29,2025-12-21T17:26:04Z
KAET-XpZ6R0,Ugx2YSKj0r5woM9zJ154AaABAg,@oy4659,미친신동엽ㅋㅋㅋㅋㅋㅋㅋㅋㅋㅋㅋㅋㅋㅋㅋㅋㅋㅋㅋㅋㅋㅋㅋㅋㅋㅋㅋㅋㅋㅋㅋㅋㅋㅋㅋㅋ,0,2026-04-04T00:51:17Z
KAET-XpZ6R0,Ugx-e5gwobeFVLnFLYB4AaABAg,@shadowcrystal5195,고준희 이쁜거 보소,0,2026-03-01T03:15:33Z
KAET-XpZ6R0,Ugzc81UeelpAWkspuoh4AaABAg,@아치양-r3t,"예능 4황

mc 유재석

애드립 탁재훈

섹드립 신동엽

관찰 기안84",2,2026-01-25T08:35:41Z
KAET-XpZ6R0,Ugx4aBHBAwlHjtbF0qp4AaABAg,@charlie3444,이런 연기 신동엽이랑 황우슬혜가 하면 ㅋㅋㅋ,3,2025-12-28T22:13:21Z
KAET-XpZ6R0,UgzVNTuMDEfRbKFIBbh4AaABAg,@김피고네,전 배개.이불커버 잘벚겨요,1,2025-12-29T13:44:19Z
KAET-XpZ6R0,UgyzvY4AmpsPcpg8Q9x4AaABAg,@애국성금,역시 19금은 신동엽을 따라갈사람이 없어 ㅋㅋㅋㅋㅋㅋ  그냥 표정하고 단어선택만으로도  잼있게 뽑아내잖아   아무리 야한얘기 날고긴다는사람도 신동엽만큼 잼있게 못하지   더군다나 그것도 여자출연자들이  같이나오는대도  전혀  저질스런  느낌이  안들게 잘살리네,0,2026-02-01T16:49:05Z
KAET-XpZ6R0,UgyWQJnm7K7EPLV4TOF4AaABAg,@호철-q3h,"신동엽 얼굴이 상기되있는데,,,",0,2026-01-25T05:50:41Z
KAET-XpZ6R0,Ugy0FQ67gudBDVNadW94AaABAg,@IamGaeDeungSin,진짜 까보면 어까노? ㅠㅠ,0,2025-12-30T06:45:33Z
KAET-XpZ6R0,UgymC3tK4KxXkNVX0PJ4AaABAg,@잡브랜드,심동엽 할매같다😮,0,2026-06-06T23:31:44Z
KAET-XpZ6R0,UgwjzHi-KAtvsdtDH714AaABAg,@남자손현서,나도 아주 잘 빠는데,0,2026-03-16T05:14:41Z
KAET-XpZ6R0,Ugw_ShKTrQxi2jaZv4t4AaABAg,@디엘지,D그룹 회장꺼는??,0,2026-03-22T09:19:44Z
3iEWiIPESpo,Ugw97iUIeSc1v7zahLx4AaABAg,@달빗_DALBIT,그 지하철 닭 패러디 개웃기네ㅋㅋㅋㅋㅋㅋ,572,2025-06-11T08:25:30Z
3iEWiIPESpo,UgzdAYokv9wx_39DVJN4AaABAg,@웅-k4c8z,미쳤네 ㅋㅋㅋ잘살린다,2862,2025-04-10T11:08:34Z
3iEWiIPESpo,UgwRV0q87_WzPWMuM1F4AaABAg,@Keanu_1,이 패러디를 SNL에서 보게되네ㅋㅋㅋㅋㅋㅋ,3004,2025-04-10T12:50:56Z
3iEWiIPESpo,UgyFFQGgjEjtS8beigl4AaABAg,@jamalmusiala-e5m,저 3명이서 요즘 예능 쌉바름ㅋㅋㅋ,92,2025-09-07T05:49:48Z
3iEWiIPESpo,Ugzaqr7rb6fSb4S3E2N4AaABAg,@부대찌개-i9t,원훈이 눈깔 뒤집는게 개웃기넼ㅋㅋㅋㅋㅋ,1084,2025-04-10T21:42:24Z
3iEWiIPESpo,UgwzqJOJv7LaeoW9qFZ4AaABAg,@릴렉스쪼꼬,저 음악 나오면 내가 다 긴장됨 ㅋㅋ,289,2025-04-15T11:22:03Z
3iEWiIPESpo,Ugy8my9-a2QO1w-1_CB4AaABAg,@부산오댕,원훈이 모공 검은색 처리 개웃기네,95,2025-06-08T08:53:31Z
3iEWiIPESpo,UgwFNTpXlfGnPOu0RWh4AaABAg,@skdlftp,이게 될즐이얔ㅋㅋㅋㅋㅋㅋㅋ,579,2025-04-10T11:14:28Z
3iEWiIPESpo,UgyYvpqsYoYycoDzO3x4AaABAg,@5mongmong89,이걸 실사로 하네 ㅋㅋㅋㅋ,629,2025-04-10T16:18:07Z
3iEWiIPESpo,UgzrMmJLTDB19V2Dzrh4AaABAg,@So간지,진짜 snl 하고 싶은거 다해ㅋㅋㅋㅋㅇㅋ,443,2025-04-11T00:07:20Z
3iEWiIPESpo,Ugy1CyddZ85L7D8XFPN4AaABAg,@정꽝으꽝,김원훈 피부 곰보 딸기씨 같네 ㅋㅋㅋ,41,2025-04-15T00:10:04Z
3iEWiIPESpo,UgzPsvAayrHj1pi2uJB4AaABAg,@카카모라코코넛,미치겠다 진짜😂😂😂,165,2025-04-12T09:48:08Z
3iEWiIPESpo,Ugy3fE56VPMYAwlBYKt4AaABAg,@davidc750,비머 그릴에 M 쁘릿지 넣은거까지 완벽하다 ㅋㅋㅋㅋㅋㅋ,50,2025-05-12T15:29:51Z
3iEWiIPESpo,Ugzbr3sWbjBp2D0Ix794AaABAg,@kunj-g9w,이거 시리즈 넘재밌어서 만든 유툽채널구독까지함ㅋㅋㅋ,21,2025-04-12T02:17:47Z
3iEWiIPESpo,UgzvNdh01Dnv7vRYVcN4AaABAg,@hoony214,구형 320d 앞그릴 색깔 짝대기붙인거 ㅆㅅㅌㅊ ㅋㅋㅋ,75,2025-04-13T02:40:43Z
3iEWiIPESpo,UgyKwJtrfvOknGddwMl4AaABAg,@chojin-ko3co,잠깐 쉬어가셔도 돼요. 항상 즐겁게 보고 있습니다. 감사합니다. 연출자분들!,3,2025-04-12T04:07:01Z
3iEWiIPESpo,UgwPFwYU-dQC-7UvODR4AaABAg,@손고은-f9h,와 찢었따🎉,62,2025-04-10T13:44:47Z
3iEWiIPESpo,UgyAe69vxs8qAWUO9LV4AaABAg,@lilllllllllllllll,엌ㅋㅋ 이거 그 걸어다니는 동물 지하철에 나오는 짤이넼ㅋㅋㅋ,10,2025-04-12T23:49:00Z
3iEWiIPESpo,UgzH8aRpqbxD7y_bxEd4AaABAg,@key6776,차가 좋아도 옆에 누가 타냐가 더 중요😂,30,2025-04-15T04:05:00Z
3iEWiIPESpo,UgxG_XiV1njf1HFSvo94AaABAg,@ariajane,오 유용하네요 보고 바로 다운받고 기록했습니다 감사합니다~~~,0,2026-04-17T14:57:18Z
3iEWiIPESpo,UgzHAGh_i9CjR7fALep4AaABAg,@SH-pc6lb,ㅋㅋㅋㅋ 혁수연기왤케잘해,3,2025-06-21T13:49:24Z
3iEWiIPESpo,UgxI1evMXw0ulA75q1l4AaABAg,@boringman8388,BGM이 좋단 말이지,2,2025-09-04T13:02:33Z
3iEWiIPESpo,Ugz153b7Yo_PiImt8vp4AaABAg,@Z7Z77Z,개열받네 ㅋㅋ,4,2025-04-10T12:45:29Z
3iEWiIPESpo,UgztpTxVGal-Hozx58x4AaABAg,@낄끼빠빠-g7v,모두 진심 잘 하냐??? 백번째 본다!!,0,2025-06-02T00:22:02Z
3iEWiIPESpo,UgynazgxQ1iGmTyiIxF4AaABAg,@치카-q5f,김우너후 진짜 요즘 개웃기네 ㅋㅋㅋㅋㅋㅋㅋ,1,2025-05-18T01:13:24Z
3iEWiIPESpo,UgwBD4xy643bQKToOEB4AaABAg,@베브의공간,마지막에 차키 딱 올려두면 화룡정점이었을텐데 ㄲㅂ,2,2025-04-15T08:35:38Z
3iEWiIPESpo,UgxekG2jypwJTfROSLd4AaABAg,@jju2828,근데 저런건 전부 외모관리 + 성비가 괜찮은 환경이 전제가 되어야함 ㅋㅋ 공돌이 회사다니는데 영상에 묘사된 상사들 많은데 앞의 것들이 충족되지 않으니깐 계속 솔로더라… 오히려 회사 cc하는 애들보면 본인이 좋아하는 애들 졸졸 따라다니는 애들임 or 잘생긴 애들,6,2025-04-17T15:51:18Z
3iEWiIPESpo,UgySC98iFi_CGJAX9uN4AaABAg,@dudd6813,bmw에 저 플라스틱 쪼가리 박고 돼지인거 고증 쩌네 ㅋㅋㅋㅋㅋ,5,2025-04-11T19:08:54Z
3iEWiIPESpo,UgzrUyKADtZukz1_ABl4AaABAg,@LP770-4-,지하철말고도 여러가지 버젼으로 또 있는데 다른버젼도 만둘어주면 좋겠다,1,2025-04-30T03:40:24Z
3iEWiIPESpo,Ugwyq9WIgXK716-CuXd4AaABAg,@느.낌표,커피편 가져와야지  커피편이 ㅈㄴ웃긴데 ㅋㅋ,56,2025-04-11T03:35:23Z
Q59hw6HP8Ns,UgzZuBN2ATbs5UWiOxV4AaABAg,@hozi1475,하지원은  한화에  정말 찐이넼ㅋ,2174,2025-06-14T14:00:51Z
Q59hw6HP8Ns,UgzJrH7PlOjOEbQGzdB4AaABAg,@yejin_05jfx,"다른 치어리더 분들은 귀여우신데
하지원님은 진짜 킹받게 포인트 잘살려서
웃김ㅋㅋㅋ",412,2025-07-03T12:46:03Z
Q59hw6HP8Ns,UgyUs_dJroozR4izqmh4AaABAg,@강산원-s1q,와씨 삐끼삐끼 보다 더 개킹받네 ㅋㅋ,1550,2025-06-15T13:14:05Z
Q59hw6HP8Ns,UgzPVAxjJ-sImZL3QbZ4AaABAg,@owentime-k3j,표정 개킹받네 ㅋㅋ,171,2025-06-16T02:56:43Z
Q59hw6HP8Ns,Ugyp7w1TyegPHylo1wV4AaABAg,@성원이-t7n,맨 앞에 누구야..? 존나 귀엽다… 예쁘려고만 하지 않는 저런거 너무 좋음..,111,2025-08-24T13:56:25Z
Q59hw6HP8Ns,UgzJiBHBctoi2pEv0Qd4AaABAg,@호영-m5g,표정이 킹받아 아주 그냥;,301,2025-06-13T01:21:42Z
Q59hw6HP8Ns,UgzX6Fp823ClSxxMrOZ4AaABAg,@주제작,하지원 치어는 딱 하는 부분에 무슨 소주나 맥주 광고마냥 청량함이 있네,237,2025-07-29T22:06:50Z
Q59hw6HP8Ns,Ugwlo5XR7Znoch5DVDt4AaABAg,@트롤서커스단,"진짜 긁힐거 같네요.
표정이 찰지네.
얄미울 정도로ㅋㅋ",186,2025-06-16T20:50:08Z
Q59hw6HP8Ns,Ugwsn-eCA5id5wjsteN4AaABAg,@eunsoo-m7v,하지원님이 왜 하지원인지를 보여주네요.,1062,2025-06-12T06:02:15Z
Q59hw6HP8Ns,UgyXAGzqgPyytY1pjrh4AaABAg,@배성재는배호동탁,한화팬이지만 치어리더들 저 표정보면 개킹받음,8,2025-06-30T16:01:53Z
Q59hw6HP8Ns,Ugz8qQ3C3TDeUk2pz7J4AaABAg,@무당파수장,하지원이는 어디가지말고 계속 한화에 남아야한다. 국보급 표정이다.,121,2025-06-17T13:12:57Z
Q59hw6HP8Ns,UgwgRxzrc6YaoCEPnsJ4AaABAg,@THISISCASE,두산팬인데 하지원 치어리더님의 표정은 싫어할 수가 없네요..,76,2025-06-17T21:17:11Z
Q59hw6HP8Ns,UgzD5Oflb1f1Ot4_yI54AaABAg,@김효민-r5k,연느정과 지원짱의 투샷이라 ㅋㅋㅋ 행복허네,6,2025-06-19T02:20:54Z
Q59hw6HP8Ns,UgyBvebj4IdKK7mcS9l4AaABAg,@electrickun4062,표정 찰지다 ㅋㅋㅋㅋㅋㅋㅋㅋ,25,2025-06-26T11:30:44Z
Q59hw6HP8Ns,Ugy4VHrP7lzuybwRUZd4AaABAg,@익바리,왼쪽분 할머니라고 하는사람 개웃기다,2,2025-08-25T06:21:55Z
Q59hw6HP8Ns,UgyzMt5TjYuRzFtUwgp4AaABAg,@S-min1024,표정이 진짜 다채롭다,2,2025-08-20T23:22:07Z
Q59hw6HP8Ns,Ugxo6o99VqH3FZSN2RR4AaABAg,@kkm3042,"뭐든 어떤일이든 저런열정으로해야한다
멋지네",3,2025-07-24T20:32:23Z
Q59hw6HP8Ns,UgwUklDXpnbWFPuUfgx4AaABAg,@니가알던그오빠,"한화 꼴지였음 그냥 기엽다 할텐데
1등하면서 저러니 개킹받네ㅋㅋㅋㅋㅋㅋㅋ",6,2025-06-27T08:29:53Z
Q59hw6HP8Ns,UgzSLr0oOL95gYYYRfp4AaABAg,@ownercompany9204,ㅋㅋㅋㅋㅋ 한화 찐팬이신데?,7,2025-06-16T05:04:52Z
Q59hw6HP8Ns,Ugwg-J9LziJxLgUhW154AaABAg,@사진-d7d,예쁘다는 생각은 안드는데 걍 재밌음 ㅋㅋㅋㅋ,1,2026-04-30T14:42:39Z
Q59hw6HP8Ns,Ugyayui400eaAh-DfQx4AaABAg,@성락최-r3v,ㅋㄱㅋㅋㅋㅋㅋ진짜 개킹받는당,0,2025-08-16T10:24:44Z
Q59hw6HP8Ns,Ugxm7t4RK4nugDplvYJ4AaABAg,@user-kw7bw1qi3e,하지원♡♡♡,9,2025-06-14T11:33:27Z
Q59hw6HP8Ns,UgzKIt0tJpcNpgyKGbB4AaABAg,@도깨비-1988,천사 하지원 사랑해요 ❤❤❤,53,2025-06-14T04:45:56Z
Q59hw6HP8Ns,Ugxgi8eeDcmSYsdGkQ54AaABAg,@andrewoh7360,개킹받누,2,2025-07-03T10:46:40Z
Q59hw6HP8Ns,UgxodPnuRAZFDWUdj9R4AaABAg,@김꼬리-l3v,얼마나 신난건지 감도 안오네ㅋㅋㅋㅋㅋㅋ,0,2026-04-21T06:04:57Z
Q59hw6HP8Ns,UgzoOUMDhGOvh6eb7794AaABAg,@chumji-g2x,볼넷송 있었으면 치어리더들 오늘 알 제대로 배겼다,2,2026-04-14T20:17:16Z
Q59hw6HP8Ns,UgwovtcZ3AVQnCTqqVB4AaABAg,@kevin.u3481,왼/오른쪽 '보더'라인 차이가 극명하네ㅋㅋ,0,2026-07-07T04:44:04Z
Q59hw6HP8Ns,Ugw2EzT0VGfgszVwMyJ4AaABAg,@대단하다-x5t,표정 시밖ㅋㅋㅋㅋ 개킹받네,0,2025-09-05T03:35:18Z
Q59hw6HP8Ns,UgwKC5gmA7wIQ-dyueZ4AaABAg,@엔위시돈많이벌어,하지원도 킹받고 저 뒤에 치어리더븐도 킹받음 ㅠㅠㅠㅠ,0,2025-06-25T05:56:25Z
Q59hw6HP8Ns,UgwKlz-BZeDltvRlvwd4AaABAg,@topkkobang,하지원 표정 ㅈㄴ 웃김 ヲヲヲヲヲヲヲヲヲヲヲヲ,1,2025-09-08T01:47:19Z
UBfZaYKx3fs,UgxTPfBUDuYgYEvy-RR4AaABAg,@entinue,"연출를 -> 연출을 오타 입니다😅

0.5배로 즐기는 FOCUS

영상출처
@hearts2hearts.official",525,2025-10-29T12:22:16Z
UBfZaYKx3fs,UgwQ-857lYhf3b0wnoB4AaABAg,@najaeminimeajan,"0.5배속 뮤비가 좋은 점…
안무가 더 눈에 잘 들어오고 집중하게됨
엔시티드림 버퍼링 0.5배속도 잊지 못해…",4162,2025-10-29T12:52:36Z
UBfZaYKx3fs,UgwDTyg881l1lLmng8l4AaABAg,@루링-d1h,하투하 애깅이들도 0.5배속을 피해가지 못 했구나...,741,2025-10-29T12:44:56Z
UBfZaYKx3fs,UgwSgToNVh2DJAD2Ycp4AaABAg,@Hambbin,0.5배속인데도 칼군무인게 신기하다..속도 바뀌면 점점 빨라지는 사람이있고 점점느려지는 사람이있을텐데 그런거 없이 그냥 다 맞음,8770,2025-10-29T12:39:14Z
UBfZaYKx3fs,Ugx1W1rN5aPm_QXKzYZ4AaABAg,@jansunsaengg,엔드림 버퍼링 같다 했더니!! 애기들두 기법이 똑같았구낭,3166,2025-10-29T13:04:44Z
UBfZaYKx3fs,UgwZPdJ2B7jIgsdgg-F4AaABAg,@유-yu1,동작 마다 표정 바뀌는거 너무 죻음,527,2025-10-29T13:06:53Z
UBfZaYKx3fs,UgxWw2djM0HJHumhvN14AaABAg,@Hehehihiheh,스엠의 초록털 누군가 생각난다….,433,2025-11-01T01:18:49Z
UBfZaYKx3fs,Ugz1CvcIbSgdgPVDogZ4AaABAg,@jujukurii,딱 봤을땐 조금씩 안 맞긴한데 중간 센터가 박자를 워낙 잘 맞춰서 밸런스 좋아보이는듯,502,2025-10-29T13:35:53Z
UBfZaYKx3fs,UgxmYXxc_pwc5ZXGFUl4AaABAg,@sd-y1s,이안이의 칼각만 보면 홀린듯 빠져듬,31,2025-11-01T02:43:18Z
UBfZaYKx3fs,UgxoDq3v6RRM2V4hVEN4AaABAg,@wavesonearth,"생각보다 이런거 뮤비찍을때 많이해요
근데 0.5배속으로 찍고 그걸 2배해서 1.0배속으로 맞추는 기법보다는
높은 프레임으로(ex.120fps) 2배속에 맞춰 찍고 그걸 0.5배(60fps)해서 1.0배로 맞추는 기법은 엄청 많고 특히 립 촬영할때 많이 하는거같더라구여",172,2025-10-29T18:19:35Z
UBfZaYKx3fs,Ugz9hqi18ptKSYIt_7B4AaABAg,@Hing-oo,눈도 안 깜빡이고 잘한다..,48,2025-10-30T07:47:08Z
UBfZaYKx3fs,UgzaR2Me2vIcH_p7faR4AaABAg,@mul--4439,나도 드림 생각남 ㅋㅋㅋ 아 이 기법 너무 좋아 개맛있음,8,2025-11-04T12:46:48Z
UBfZaYKx3fs,UgzAHBI594G4pf8ELiB4AaABAg,@omranirazy2080,genuinely one THE best kpop mvs in 5th gen the way the captured the choreo is so stunning and H2H’s synchronization makes it even more awesome ! STAN HEARTS2HEARTS !!,2,2026-03-22T18:30:29Z
UBfZaYKx3fs,Ugz6qXdfe0uKK1Xdyrh4AaABAg,@올라올라올라-i1t,이안 눈썹 드는 거 좋다,7,2025-11-01T14:21:23Z
UBfZaYKx3fs,UgzaSfd_Zx35oyxLY2N4AaABAg,@sansantona,전 이 연출 너무 좋아요 ♥,3,2025-11-29T09:21:18Z
UBfZaYKx3fs,UgxLofqx82ygJ-rZ14N4AaABAg,@odkdrw,눈 깜빡이지 말라그랬다는데...이렇게 보니깐 빡세겠는데..??ㅋㅋㅋㅋ,7,2025-10-30T04:09:44Z
UBfZaYKx3fs,Ugxxz7cwd7aJArQg_jl4AaABAg,@SsSs-yj4iq,이안 얼굴 진짜 말안되네 ㄷㄷ,9,2025-10-30T18:00:14Z
UBfZaYKx3fs,UgwzCnE6-aIKeIIzKTt4AaABAg,@10억-y1h,뮤비 신선하게 진짜 잘만듬,1,2025-12-21T22:42:51Z
UBfZaYKx3fs,Ugw6-U4B1OgbGCwfLp94AaABAg,@jjoaishds,버퍼링 생각난다 ㅋㅋ큐 신곡 너무 좋음 진짜,2,2025-12-05T14:20:06Z
UBfZaYKx3fs,UgwH1nXqBEzjudsXvPp4AaABAg,@R98zz,Wow the early version of the song actually use Ian's voice,0,2026-03-21T10:20:48Z
UBfZaYKx3fs,UgwNr_lTW7NuiTlVJeB4AaABAg,@잡덕인데요_리마인,무빙이 진짜 지렸음,2,2026-01-06T02:15:34Z
UBfZaYKx3fs,UgxbmHtD_w0K3yurbn14AaABAg,@GUDOK.77,헐 이래서 뭔가 신기한 무빙과 그런 느낌이 났던거였어,0,2026-01-19T05:01:27Z
UBfZaYKx3fs,UgwF8Y7h7V2uovbHE3V4AaABAg,@ht-2recen,"이거 NCT 버퍼링 촬영 기법이지 않나요 
몇년 전부터 종종 쓰였던 촬영기법인데 여전히 트렌디한듯",2,2025-12-12T13:45:44Z
UBfZaYKx3fs,UgyR46hDIR5tLLdH4bR4AaABAg,@구너-u6b,이런 촬영기법이 케이팝에서 유행하는 듯,32,2025-10-29T17:43:42Z
UBfZaYKx3fs,UgyOTu78d14YBicz5zF4AaABAg,@Fttfjgdhjdfjk,"얼마나 연습했을까 대단
하나 터트리자",5,2025-11-01T03:27:03Z
UBfZaYKx3fs,Ugz2bmng_Dhn-e3n-ll4AaABAg,@김채원-n2o6z,이안 넘 예뻥,0,2026-01-05T01:54:51Z
UBfZaYKx3fs,UgxHg3EnS19ZZDbmR2Z4AaABAg,@djejf_2333,아하 어떻게 찍었나 했더니 신박하니 좋네요,0,2025-12-28T08:36:27Z
UBfZaYKx3fs,UgygLxy5NIL6k2pUvbl4AaABAg,@에버-t6x,오 신기하다,4,2025-10-29T17:45:24Z
UBfZaYKx3fs,Ugw60zDB3jAMmcw2TtN4AaABAg,@skgnkefjfksw,엔시티도 이거 뭐 했던것같은데 ㅋㅋㅋㅋ,66,2025-10-29T15:31:32Z
UBfZaYKx3fs,Ugxd_clY4LUHvH4QTkB4AaABAg,@1520-uc9is,저 동작 딱딱 끊기는거에서 희열감이 느껴짐,0,2026-01-06T15:35:46Z
TebIE4igf9c,UgyjrZ2OF4vTQzExFVx4AaABAg,@my_zzz,"v 숏츠 영상 하단에 원작 출처가 표기되어 있습니다.
v 원작자의 풀영상을 시청하시길 추천드립니다.
v 협업문의는 아래의 메일주소로 연락바랍니다.
   flash-1@naver.com",42,2025-10-04T14:05:56Z
TebIE4igf9c,UgzviLh6QZtal-3Pjld4AaABAg,@sic-n7k,의자 방향 ㅋㅋㅋㅋㅋㅋㅋ,4812,2025-05-16T12:20:12Z
TebIE4igf9c,UgyHVlyHJ8iW1YFDo454AaABAg,@모니카세상,"진짜 웃긴다
수지 정말 보물이다",4189,2025-05-15T08:28:58Z
TebIE4igf9c,Ugx52q-v4AwQa2KGLvB4AaABAg,@kimcoo-g8f,진짜 이수지 지독하게 잘하네ㅋㅋㅋㅋ국보급이다!,2672,2025-05-17T04:17:21Z
TebIE4igf9c,Ugwn3Ic-vacYQO5cHR14AaABAg,@김프로-t3u,향수 어디 뿌리냐 ㅋㅋㅋㅋㅋㅋㅋㅋㅋㅋㅋㅋㅋㅋㅋㅋㅋㅋㅋㅋㅋㅋㅋㅋㅋㅋㅋㅋㅋㅋㅋㅋㅋㅋㅋㅋㄱㄱ,2558,2025-04-28T13:10:58Z
TebIE4igf9c,UgxEqHAUYh0fmT4vZbx4AaABAg,@shotpower6323,김원훈 의자 놓는거 너무 웃겨 ㅋㅋㅋㅋㅋㅋㅋ,1156,2025-05-17T06:48:51Z
TebIE4igf9c,Ugzl3K7uY2qmsFnC_ux4AaABAg,@walkinghero4792,"이수지 머리쓸어올리며 웃을때
진짜 김고은같아ㅋ",1767,2025-05-18T10:24:35Z
TebIE4igf9c,UgwG_L83KfWTEB5L9214AaABAg,@세수하면장동건-d9v,자신을 완전히 내려놓고 몰입하는 찐연기자. 여자로서 쉽지않을텐데 참 멋지다,1057,2025-05-19T14:12:32Z
TebIE4igf9c,Ugx4CR6lTLOGuLUrJYJ4AaABAg,@레송-u9y,아 자꾸 김고은보여 ㅋㅋㅋㅋㅋㅋ,338,2025-05-19T18:13:21Z
TebIE4igf9c,UgwIi2g232rm99OGhGp4AaABAg,@엘리사벳-b1k,아...실제라면 눈물 나올 뻔,903,2025-05-15T13:39:16Z
TebIE4igf9c,UgwCkyW2WhsAYMBp61t4AaABAg,@REIJH-r1h,싸이가 잠깐 보였는데ㅋ,232,2025-05-16T15:30:41Z
TebIE4igf9c,Ugx-Md2AqOysfRtdjHV4AaABAg,@seh293,"수지연기  끝내주네요 
근데 신인때부터 잘했어
최고다 이수지❤❤❤❤❤",587,2025-05-15T17:59:42Z
TebIE4igf9c,UgxOpqyvTZkZ2CwB9v94AaABAg,@kasqy-ushwj22,수지 모욕주지 마라 😂😂😂,417,2025-05-12T11:05:07Z
TebIE4igf9c,UgzVUSi0b2bU8OHTk1R4AaABAg,@진미라-m7d,"진짜
잘한다
연기",346,2025-05-15T17:26:22Z
TebIE4igf9c,UgxGWoOxmmqejPScIJV4AaABAg,@어그로-f9n,지독하다 지독해 ㅋㅋㅋㅋㅋㅋㅋ너무잘한다 ㅋㅋㅋㅋㅋㅋ,94,2025-05-23T13:34:50Z
TebIE4igf9c,UgwCm2lseSvyC2SdWFh4AaABAg,@시미-x2b,수지님 얼굴에서 자꾸 김고은님 보여ㅋㅋㅋㅋㅋㅋㅋㅋㅋㅋㅋㅋㅋㅋㅋㅋㅋㅋㅋㅋㅋㅋㅋㅋㅋㅋㅋㅋㅋㅋㅋ,194,2025-05-22T22:41:46Z
TebIE4igf9c,UgyovozJOE64w3cMQw54AaABAg,@y.jh.n1076,진짜 미친다 미쳐 내가 수지땜에 산다❤❤❤❤❤❤❤❤❤,157,2025-05-16T15:18:51Z
TebIE4igf9c,UgxXYjuNWW1VXdMwuRV4AaABAg,@김성대-h3m,나도 계속 보는중😂😂😂,281,2025-05-10T22:53:28Z
TebIE4igf9c,UgxMI2iyqBBjeoRsiCF4AaABAg,@철구통,초심을 잃지않는 개그맨,29,2025-07-06T15:07:33Z
TebIE4igf9c,Ugxb99VV8Bdt2JCcgpl4AaABAg,@rmeo1004,와 진짜 이수지님ㅎㅎㅎㅎㅎㅎㅎㅎ 정말 안좋아할수가 없네요ㅎㅎㅎㅎ,34,2025-09-14T12:33:50Z
TebIE4igf9c,UgwgdpDadmGxuqus6F54AaABAg,@user-gh8oj6ed6y,저런 여자 술자리에 꼭 한명은 있음 ㅋㅋㅋㅋㅋㅋㅋㅋㅋㅋㅋㅋㅋㅋㅋ,38,2025-05-15T05:47:31Z
TebIE4igf9c,UgyBmdZu9Cw6M3K_OxF4AaABAg,@freemind3377,이수지가 제일 예쁘다ㅋㅋㅋㅋ,3,2026-03-22T08:25:17Z
TebIE4igf9c,UgwLKbIxkD3gWUEombZ4AaABAg,@user-mr2wl1oe1l,이수지너무좋아~~ ㅋㅋㅋ,58,2025-05-17T02:08:35Z
TebIE4igf9c,Ugyik9RUYxi0yuSKQvl4AaABAg,@corea00007,향수를 그시기도 뿌려~~ㅋ,86,2025-05-10T04:13:39Z
TebIE4igf9c,UgxQq5N_49IWHhHw_BV4AaABAg,@윤둘리-z2m,수지님 국민딸로 임명합니다. 국민아들 손흥민선수랑 동급이시고 웃음주셔 감사합니다,29,2025-05-20T21:40:29Z
TebIE4igf9c,Ugz_J6ZeUjPJz8X37Vt4AaABAg,@금두꺼비-g7m,진짜 작품하나다.😂😂😂😂😂ㅋ,93,2025-05-13T06:45:04Z
TebIE4igf9c,UgyPdHG9qPLrlqXkZ7Z4AaABAg,@조정정-y9h,수지야 왜 이제 나타난겨,1,2025-12-30T01:15:33Z
TebIE4igf9c,UgwFDWXusOYqYURQElx4AaABAg,@청평뷰티프렌즈,눈물나게 웃겨😂😂😂,20,2025-08-29T08:09:32Z
TebIE4igf9c,UgxvjhKOs-5ua1Sglq94AaABAg,@자이짱,"아진짜 레전드야 수지
짱 재밌어요 완전❤",44,2025-05-27T04:42:37Z
TebIE4igf9c,UgzEEFEbsh8J7-MBqBB4AaABAg,@khbhhh3,중간 중간 표정에 김고은도 보이고 싸이도 보이고😂,17,2025-06-28T00:47:36Z
p412fz01suI,UgwjSk9UuaL5FDUPYq94AaABAg,@딕엠,김아영이 예뻐보이는 효과,816,2025-10-16T07:10:28Z
p412fz01suI,UgzU5ciW1OruLo6GqVd4AaABAg,@너와시,아영이가 예쁘게 나왔네.,1373,2025-04-30T02:25:43Z
p412fz01suI,UgxcfWdV47Mf9aIGEFB4AaABAg,@0928andy,진짜 똘끼 충만,1710,2025-04-29T23:55:36Z
p412fz01suI,UgzhBu2jdMaNNXOrBlx4AaABAg,@loropian,"전종서 삐끼삐끼 이거 귀하네
그리고 아영이 이뻐졌다",1026,2025-04-30T22:46:01Z
p412fz01suI,UgwXF50BEbh-_YAt37t4AaABAg,@송쥬앙,"진짜 신종케릭터다ㅋㅋㅋ
이걸 이렇게 소화한다고?ㅋㅋ
왜저러는거냐는 말에 빵터짐ㅋㅋㅋ",374,2025-04-14T13:34:00Z
p412fz01suI,UgyGi_YHRmLbEfCbIx54AaABAg,@toggle-crew0__0,진짜 특이한 캐릭터..... ㅎㅎㅎㅎㅎㅎ 너무 웃긴데~ 왤케 진지~~ㅋㅋ,478,2025-04-29T13:24:54Z
p412fz01suI,UgxomEf3dKocA5tKph14AaABAg,@Yesnim515,잘추는건지  못추는건지 모르겠는데 매력있게 추심ㅋㅋ,258,2025-04-30T15:23:37Z
p412fz01suI,UgwqtopqKIuEvZyMVpN4AaABAg,@AnonyMous-KOREA,김아영 졸귀..😊😊😊,215,2025-05-01T17:53:35Z
p412fz01suI,Ugzi5osxlsfSiBXxSsx4AaABAg,@로렐드,삐끼삐끼가 아니고 이주일 선생님의 콩나물 팍팍 무쳤냐 아님? ㅋㅋ,480,2025-04-29T23:41:57Z
p412fz01suI,UgzX0U1GAUxh6g3pSyZ4AaABAg,@유유-r1z,김아영 진짜 예뻐졌네,794,2025-04-25T15:21:09Z
p412fz01suI,Ugz8OfOOzAU7WEMYO254AaABAg,@박지연-v9v5e,아영이 턱선이 이뿌넼ㅋ 귀여우면서섹쉬햌,51,2025-04-29T13:18:07Z
p412fz01suI,UgzwbDAcdQyebEQEF6x4AaABAg,@wanee077,전종서보다 김아영한테 더 눈길이 가네 김아영이 이리 이뻤나?,465,2025-04-30T14:15:50Z
p412fz01suI,UgzJz7SuwRsFjFsvNpx4AaABAg,@Kong_kong_ko,몸 과부하와서 구완와사 같이온게 개웃기네ㅋㅋㅋㅋ,15,2025-05-10T22:29:15Z
p412fz01suI,UgxzXayv9xsjxwkHjNh4AaABAg,@fugaruba,이 편을 보고 전종서를 다시 보게 되었는데 코미디가 되는 정말 드문 여배우임. 코미디는 사람을 많이 타는 장르라서 아무나 한다고 되는 게 아님,392,2025-08-30T16:36:49Z
p412fz01suI,UgwzZe2VXKtgtnVHoIF4AaABAg,@R.Yooooooon,영상을 몇 번을 봤는지ㅋㅋㅋㅋ아옼ㅋㅋㅋㅋㅋ,258,2025-04-05T12:51:54Z
p412fz01suI,UgzZnd2d8oXtTkJ78yF4AaABAg,@수원꼬마,아영이 너무이쁘다,42,2025-05-02T06:08:57Z
p412fz01suI,UgxdZxhDkl0qAT8wElh4AaABAg,@다이어트참견남,전종서 볼때마다 두치와뿌꾸 마빈박사 생각나냐,89,2025-04-15T08:07:10Z
p412fz01suI,UgxhmtMQi1SVlvsN-Hp4AaABAg,@정제균-e6z,뽕삘 똘끼 충만 ㅋㅋㅋ,40,2025-04-27T13:23:27Z
p412fz01suI,UgyqesN5iNyOphIRUBZ4AaABAg,@혁사이,아영이 이뿌네❤,259,2025-04-15T13:29:08Z
p412fz01suI,UgxnGvvfV33uomFc3UF4AaABAg,@앙뜨레몽,전종서도 살짝 정상은 아니다. ㅋㅋ,307,2025-04-29T03:32:39Z
p412fz01suI,UgwdnBHamKLaRmjp3L94AaABAg,@그립고그리운,"춤추니 골반뽕 완전 확실해짐 큼큼
안넣어도 이뻤을듯",24,2025-06-11T12:11:14Z
p412fz01suI,UgxClrdOVDrihSBKfOh4AaABAg,@VVWonders,전종서 옆에 김아영 존예다 ㅋ😅😅,32,2025-09-16T15:37:44Z
p412fz01suI,UgyQqiLaRoUzsR7KLPh4AaABAg,@chrryD,누가 뭐래도 나는 전종서 ㅈㄴ 호감 ㅋㅋㅋㅋㅋ,1,2026-07-03T02:06:52Z
p412fz01suI,Ugx-AVrI__mwUxG1HP94AaABAg,@써니-q9k,골방뽕이 살아잇네ㅋ,19,2025-03-29T00:32:12Z
p412fz01suI,Ugy8G-0_CrbRszV0YA14AaABAg,@ENFFJ,"ㅋㅋㅋㅋㅋㅋㅋㅋ마빡 운동장,,
드래곤볼 프리저 닮았네 ㅋㅋㅋㅋㅋ",5,2025-04-30T13:51:17Z
p412fz01suI,UgyOz_azUYIxXpU-DNt4AaABAg,@흰둥이네-e7w,아영이 요물이다 마지막 결국 환장해서 웃는거까지 잘한다 ㅋㅋㅋ 전종서는 말할것도 없고,1,2026-04-08T04:01:58Z
p412fz01suI,Ugz1Aplp6GJ_THbOanN4AaABAg,@alphabet126,김아영 옆모습 진짜 충격적으로 이쁘네..,7,2025-05-01T11:00:13Z
p412fz01suI,Ugz6WkdUaOGLy2txwc94AaABAg,@kjhkang907,뭔가 묘한 매력이 있네,39,2025-04-29T14:20:24Z
p412fz01suI,UgxDUJ4miz-U2QnSAit4AaABAg,@이건몬참쥐,피콜로닮았어 ㅋㅋㅋ,15,2025-09-04T07:34:03Z
p412fz01suI,UgyqguiBKL-4a9HY56B4AaABAg,@이상임-v6j,"아영이 마지막 레전드 ㅋㅋㅋㅋ 
연기 지렸다 ㅋ",4,2025-06-15T21:00:08Z
_2Htu6xNQ6c,UgyBsw-oYqgrtI21x4F4AaABAg,@Mymomisthebes,"Vernon's ""make it, make it"" always hits diftt..🥵💀",420,2024-04-06T05:28:11Z
_2Htu6xNQ6c,UgyQDJ5gTITlaGCllhd4AaABAg,@frosty-ru6ko,Damn wonwoo dancing skill is getting more sharper this days,3682,2023-04-28T07:27:17Z
_2Htu6xNQ6c,UgwfTkP-pz0vuFcY26N4AaABAg,@circles_usagain,"진짜 조합 너무 사기다 ... 탈색 버논에 호랑이 다 된 권수녕이랑 손오공 찰떡 원우라니,,,, 챌린지는 더 말 할 것도 없네요 ㅠㅠㅠㅠ",380,2023-04-28T07:05:01Z
_2Htu6xNQ6c,UgxizBb0qK_Ur8sS2jx4AaABAg,@hanibee1004,"The ""they can kill you with only their eyes unit""",1727,2023-04-28T07:30:48Z
_2Htu6xNQ6c,UgyYK7dO_rZ4sEgRckx4AaABAg,@asifs100,Wonu in that fit with 11 line abs😭😭,1041,2023-04-28T07:28:32Z
_2Htu6xNQ6c,UgyHcgHo6m4buJcgG2J4AaABAg,@jhonpaul6162,Why are Vernon's moves so smooth,740,2023-04-28T07:48:06Z
_2Htu6xNQ6c,UgxciE0oOvHZOD9SHdN4AaABAg,@kimsoorah5130,Wonwoo my lil baby 😢 hoshi makes it even harder 😢 vernon looks so cool in this outfit,76,2023-08-04T13:06:38Z
_2Htu6xNQ6c,UgzY1tRaN1kcGK7iF-J4AaABAg,@왕모_939,Hoshi's energy!!!! Man has the tendency to steal my heart every time I watch him.,134,2023-04-28T08:22:34Z
_2Htu6xNQ6c,UgxiJCF3IO_08xsWivl4AaABAg,@井一诺,"원우 앞으로 이런 옷 많이 입어, 캐럿들 강력 조언❤❤",134,2023-08-10T14:51:29Z
_2Htu6xNQ6c,Ugwr87l3ER-u_kmE7jd4AaABAg,@Nnnnnnnn_q,원우 크롭 미쳤다 진짜,133,2023-04-28T07:07:37Z
_2Htu6xNQ6c,UgzniFy3dn6RxnWIjyB4AaABAg,@natsumeyoyu,어떻게 이렇게 끈적거리면서도 중독성있는 음악을 만들고 그에 어울리는 춤선을 다들 소화시키는 거예요.....? 손오공들 사랑해잉 ^.^ ♡,205,2023-04-28T07:07:37Z
_2Htu6xNQ6c,Ugz2yu_CVx0zUc66hFZ4AaABAg,@KVC-l7p,HOSHI 🔥🔥🔥,884,2023-04-28T07:06:17Z
_2Htu6xNQ6c,UgyTlTtD5AMjg8iaM6d4AaABAg,@Moon-t4r3j,Wonwoo❤❤❤,109,2023-04-28T07:07:52Z
_2Htu6xNQ6c,UgyAo4vV1DtQ61jPOV14AaABAg,@쥰-k1v,버논 진짜 묵직하게 춤… 호시는 진짜 날렵하게 추고 원우는 가볍게 추는데 버논이 혼자 다른 느낌임 저 첫 팔동작 무겁게 해줄 때 진짜 행복하다구여…,116,2024-03-22T08:21:07Z
_2Htu6xNQ6c,UgwiSLGqvpFf-2E_8Dx4AaABAg,@itsmimi2477,Hoshiii are you trynaa kill me 🥲🔥,31,2023-04-28T14:41:20Z
_2Htu6xNQ6c,Ugzy_5eOHnxiSnpPPv14AaABAg,@rohinimiraldi2217,wonwoo🔥🔥,249,2023-04-28T07:15:58Z
_2Htu6xNQ6c,UgxdL0ZbYRE1xMhR-z14AaABAg,@말티뀨,원우야... 크롭...ㅠㅠ 미쳤어ㅠㅠ 버논이 보라머리... 사랑한다 호싱이 진짜 호랭이구나... 이번만큼은 햄찌라고 안 할게... 손오공 많관부~~~,244,2023-04-28T07:04:26Z
_2Htu6xNQ6c,Ugx-fNU6DRME-oDeAJB4AaABAg,@nurys5286,Hoshi Wonwoo and Vernon yall killing it!!!!!!❤❤❤❤❤,53,2023-04-28T07:33:37Z
_2Htu6xNQ6c,UgyEHZJJ4G9zz2hUFWx4AaABAg,@tothepentotheking,Hoshi looks like a soloist 😭🔥,24,2023-04-28T21:27:06Z
_2Htu6xNQ6c,UgzgfTSFjIilbw4lDr54AaABAg,@MoonU_893,I can't get over Wonwoo's waist and we've seen it alot 😩😍,148,2023-04-28T07:10:37Z
_2Htu6xNQ6c,Ugx9n71ATc0h7whgzup4AaABAg,@jww_svtnct,WONWOO ❤,130,2023-04-28T07:11:42Z
_2Htu6xNQ6c,Ugy6DPVQHs_BGjsem9x4AaABAg,@zillabyun8423,I'm obsessed with vernon's part and he is always slay❤,42,2023-04-28T10:10:28Z
_2Htu6xNQ6c,Ugz3BT4osZb0zhgCSaJ4AaABAg,@soonwoo1996,SOONWOO AND HANSOL THE THIRDWHEEL❤🎉,219,2023-04-28T07:11:39Z
_2Htu6xNQ6c,UgyhRhvzsFi3k_7Rjix4AaABAg,@ll2960,All knows that Hoshi is amazing but Vernon??? His dance and performance is INSANE,20,2023-04-28T11:39:23Z
_2Htu6xNQ6c,UgwbrVSckTU9xqYZvMB4AaABAg,@Lzydeya,"Finally, my wonwoo✨",83,2023-04-28T07:13:38Z
_2Htu6xNQ6c,UgxEqj0NyeZ8qTnlup14AaABAg,@hausofsimedas,호싱이 너무 멋있다 진짜,27,2023-04-28T07:05:47Z
_2Htu6xNQ6c,UgxSEzhdZtgBw9KvA9N4AaABAg,@김민정-p1h7r,일단 전원우 나라세우고 시작해봐,52,2023-04-28T07:14:47Z
_2Htu6xNQ6c,UgyVK1j_btyyPo9TMqx4AaABAg,@shiningcandy,Vernon is main dancer of HHU and Wonwoo omg he is so lit. This cb he's sharper and more energetic. Hoshi? No need any explanation ㅠㅠ,104,2023-04-28T08:13:45Z
_2Htu6xNQ6c,UgxfxiKK1w-S42mYJk94AaABAg,@Hihoshishi,Hoshishiiiii always slay 🫶🏽✨,21,2023-04-29T10:52:22Z
_2Htu6xNQ6c,Ugzr0RfL7PBBmVpx8Lh4AaABAg,@wacihtresnasih7052,Love to see wonwoo dancing up close 🤩👍🏻💖,36,2024-02-03T20:46:35Z
X95GYVkIiSo,UgyHe0nxHUxwmrtpvB14AaABAg,@김정자-j7f,"2024년 제7회 조선의 향연  부제:조선시대  ""대신들과 궁녀들의 일상""  시대를 그리다""신 풍속화첩""",1,2025-01-13T23:58:59Z
YHbXGH3TyJs,UgzZg4UjzLtPzBzBesh4AaABAg,@12345jli,ㄷㄷㄷ 이기광님의 아이솔레이션 양요섭님의 손 크기 / 손놀림 ㅈㄴ 멋있다,184,2022-11-15T03:15:07Z
YHbXGH3TyJs,UgzR9TGLegyou3JFNHh4AaABAg,@djduwu26,다들 진짜 관리잘했다..특히 이기광은 똑같네,218,2022-11-14T08:30:07Z
YHbXGH3TyJs,UgzC9IkvrhBYPSGMcSB4AaABAg,@기광조아,기광막힌 아이솔레이션……..🫠,74,2022-11-14T12:41:29Z
YHbXGH3TyJs,Ugzmw2t7SbLwx0QRbvl4AaABAg,@Umm-d6x,와 이기광 진짜 아이솔레이션 잘한다 아니 우리언니가 있었는데 두번째로 알았어ㅠㅠㅠㅠ 역시 슨배님은 다르셔,119,2022-11-14T15:38:13Z
YHbXGH3TyJs,Ugw-k98QgvojwMUNLAl4AaABAg,@mreverser,"하이라이트 동생들 고맙소.
근데 요섭이는 원래 동안이어서 그러려니하는데, 기광이는 진짜 더 젊어졌네요. 나이먹고 예전보다 더 잘생겨보임",73,2022-11-16T16:58:52Z
YHbXGH3TyJs,Ugx0lu6woyEzhEP_dGZ4AaABAg,@연분홍치마-b6g,"와우
양요섭께서 친히",46,2022-11-14T14:02:56Z
YHbXGH3TyJs,Ugw_oESyl3McBk6kgT14AaABAg,@inner-circle_right,챌린지라니 너무 감격스럽... 하이라이트 신곡 Alone 많관부!!,152,2022-11-14T08:59:15Z
YHbXGH3TyJs,UgzpDUPvirSxhGT8UGB4AaABAg,@hpy4671,양요섭 얼굴 크기 미쳤네 진짜 ㅋㅋㅋㅋ,136,2022-11-14T09:52:44Z
YHbXGH3TyJs,UgxhgE0VP5VlykkmgtV4AaABAg,@HetSterrenwacht,Awww I miss Highlight! Really a nice surprise to see them with junior rookie Lesserafim! Fighting to both groups,708,2022-11-14T08:35:37Z
YHbXGH3TyJs,Ugyw8CNVHckD5P4pk054AaABAg,@Paleflicker,The First and Last K-Pop group that I've ever stan😭😭 I'm crying😭,905,2022-11-14T08:56:25Z
YHbXGH3TyJs,Ugylikb96N19GIoRl5p4AaABAg,@sjndlw_2,와..하이라이트와 르세라핌의 챌린지라니🫠,35,2022-11-14T09:04:24Z
YHbXGH3TyJs,Ugyqx6YUctaLTGzlvY94AaABAg,@김윤-p1i,언니따라 비스트를 좋아하던 초4 아기가 하이라이트를 좋아하는 19세 수능을 하루 앞둔 숙녀가 되었다….,24,2022-11-16T12:49:14Z
YHbXGH3TyJs,Ugxgi1IuxCWXRawP_054AaABAg,@유자-d2m,아... 선배들이랑은 대부분 저 파트를 하는구나 귀여버,93,2022-11-14T08:34:51Z
YHbXGH3TyJs,UgxiHUi--Hk1EFt7NB54AaABAg,@Hala_Rich,"세상에...하이라이트와 조합이라니🥹🫶 안티티티티프라젤프라젤,, 자주 듣고 있어요ㅠㅠ챌린지 감사합니다💗💗",50,2022-11-14T10:57:03Z
YHbXGH3TyJs,UgzwvsUpz8RP18ERr3V4AaABAg,@light4me210,할라와 르세라핌의 만남이라니 …. 여기가 천국 ㅜㅜ❤️‍🔥❤️‍🔥,45,2022-11-14T09:59:17Z
YHbXGH3TyJs,UgwndEy5P0xuOh5zF_h4AaABAg,@lightarmyzi320,잘생긴 선배님들과 너무 이쁜 후배님들💗💗,182,2022-11-14T08:27:37Z
YHbXGH3TyJs,UgzmGzOcRyEHWuPDTll4AaABAg,@breeze_ys,"하이라이트가 챌린지라니 !! 오빠들 아이솔레이션 왤케 귀여워요 ,, 르세라핌 분들 다 예쁘시네요💙💛💚💜",64,2022-11-14T08:48:37Z
YHbXGH3TyJs,UgyxGI3gN2-jQsVj6sF4AaABAg,@왕댕댕-x6k,이기광 개잘생겼다,16,2022-11-16T07:17:15Z
YHbXGH3TyJs,UgzwT1I9qLrD41GpnQ94AaABAg,@joshu_acostic,ユンドゥジュンと咲良が同じ画面に映るなんて7〜8年前の私は想像してなかったよ、、、,28,2022-11-14T12:02:18Z
YHbXGH3TyJs,Ugzm9cfJdUOZ9GFe4WN4AaABAg,@songboyun1016,"하이라이트 챌린지 많이시켜줘라,,,고앵이춤달라,,,",16,2022-11-14T10:30:43Z
YHbXGH3TyJs,UgzRMJk3_PX9ILdjhV54AaABAg,@nalk9724,오씨 뭐야 귀여웠던 양요섭 왜케 잘생겨짐ㄷㄷ,95,2022-11-14T12:28:13Z
YHbXGH3TyJs,UgwNxYKoG2SRPsd6ZCd4AaABAg,@Jgw_1107mk,小学生のとき大好きだったよドゥジュン……そんな私は高３……時の流れがはやすぎる,23,2022-11-14T12:59:49Z
YHbXGH3TyJs,UgwbXn-dRa-jAKkBkll4AaABAg,@히비스쿼트,요섭이 남자 다되었네..뷰티였는데..나…르세라핌 파고있어 😅,79,2022-11-14T08:36:42Z
YHbXGH3TyJs,Ugw9zz0ZZ3lf43wk65t4AaABAg,@MAYZZND,하이라이트💙💛💚💜,15,2022-11-14T09:03:04Z
YHbXGH3TyJs,UgwLeEtrMAj-Uf-UyYJ4AaABAg,@kimthv1230,gikwang and kazuha my bias 🫡,16,2022-11-14T10:28:33Z
YHbXGH3TyJs,UgybJZlrhTN1XWQFQlt4AaABAg,@punyoyucyon0118,두준이 여전히 멋있넹,11,2022-11-16T13:40:48Z
YHbXGH3TyJs,UgwEh5QEzyA9RkEY8N54AaABAg,@skrmcmsk,쥬하 헤메코 넘 예쁘다 또 보고싶어~,41,2022-11-14T08:13:23Z
YHbXGH3TyJs,UgyCo0xX2QyZ-No0e614AaABAg,@avi3354,"They made seperate choreo for male idols who are not comfortable with as* shaking. 😂 It's great to have different choreo for same song. There is workout choreo too.
Ps: i know females did this choreo too. I forgot about taeyeon doing this for a moment. Don't take my comment literally. I said male cuz most of the male idols did this one choreo except yeonjun n some.",1929,2022-11-14T08:16:20Z
YHbXGH3TyJs,UgzcNjVY5SH7uv35v5F4AaABAg,@김엘리야-r1s,하이라이트 올만이네 여전히 멋지구만,37,2022-11-14T16:36:10Z
YHbXGH3TyJs,UgyxJjBlmDYeFdoef2Z4AaABAg,@User-smartperson,윤두준 ㅈㄴ잘생겼네….,5,2022-11-16T15:31:18Z
MhKiwKVTktc,Ugzp6JAQ7xisbH7eKRt4AaABAg,@발레르,"정보 : 이선민은 이 노래의 원곡자인 GD, 태양 과 동갑이다.",5873,2024-10-18T12:12:13Z
MhKiwKVTktc,UgxhTMV2M9DrphRaZKB4AaABAg,@sch2520,춤선진짜 존나 푸짐하다ㅋㅋㅋㅋ,971,2025-06-21T19:19:46Z
MhKiwKVTktc,UgxuGe41pozJkEpaVZN4AaABAg,@house_you,안무 어느정도 알고있는게 열받음 ㅋㅋㅋ,1657,2026-01-02T09:31:41Z
MhKiwKVTktc,UgxDJrOiHFrctuEehap4AaABAg,@흘러흘러가,이 형 진짜 사석에서 가장 웃길듯ㅋㅋㅋㅋㅋㅋ,2425,2024-10-17T16:21:29Z
MhKiwKVTktc,Ugx13UjKsPvwE4zyFGB4AaABAg,@판결-d7p,이미 몸뚱아리부터 웃김,1499,2026-02-23T17:36:41Z
MhKiwKVTktc,UgwGlhC2ZhGVxKLWJY94AaABAg,@sfghhj8247,이렇게 끼넘치고 재미있는 사람이 이제야 빛을 본다는건... 조훈이 계속 옆에 있었기 때문이아닐까...??,2109,2026-02-18T03:43:24Z
MhKiwKVTktc,UgwoZ4IYdMWkjKL4Igd4AaABAg,@almost_clean,이 형 진짜 미인 만날거같음 ㅋㅋㅋㅋㅋㅋㅋㅋㅋㅋㅋㅋㅋㅋㅋㅋㅋㅋㅋㅋㅋ 심지어 체형도 장사체형임ㅋㅋㅋㅋㅋㅋ 개그맨은 다르다 진짜 와 판 다깔려있는데 저기서 하이라이트를 저런식으로 웃겨버리네 ㅋㅋㅋㅋㅋㅋㅋㅋ,1086,2026-02-28T15:47:47Z
MhKiwKVTktc,UgyHhkPtO-JAqqGwfYt4AaABAg,@pumkinhippop,아빠방 왜 가는지 알겠네,4247,2026-02-27T00:37:38Z
MhKiwKVTktc,UgwqE8QKxCjxtvoVsvR4AaABAg,@trafficlaws1985,"권지용 : 1988년 8월 18일 생
이선민 : 1988년 3월 19일 생

88올림픽 말고 대체 무슨일이 있었던거냐",26,2026-05-12T00:59:27Z
MhKiwKVTktc,UgyNPKMqblEUYGhEnUd4AaABAg,@리치오빠-c6z,이런 체형이 여자한테 은근 인기 좋은 체격 좋고 웃기는 스탈 ㅋㅋ,90,2026-03-30T06:20:15Z
MhKiwKVTktc,Ugy1C62Ajy-v0aS43cp4AaABAg,@evetsteve1,이선민 찾아보다가 어느새 여기까지왔네ㅋㅋ,399,2026-01-14T14:32:44Z
MhKiwKVTktc,UgxCj-ZbTJiEInvv7J54AaABAg,@딸꾹이_zz,군대 다녀와서 어린 애들 술자리에 안빠지고 꼭꼭 참석하는 제일 웃긴 복학생 오빠 재질,454,2026-02-10T07:41:39Z
MhKiwKVTktc,UgxQ-Mki-hdKHPHnr2R4AaABAg,@pilosoma,같은 88노래라고 잘하네 ㅋㅋㅋㅋㅋㅋㅋㅋㅋ,134,2026-02-20T09:34:08Z
MhKiwKVTktc,Ugy97-q4PlXrdpVAbOB4AaABAg,@패트릭제인,"이선민은 진짜 야인시대 이재포 역할 했으면 찰떡이었을듯..
볼때마다 이재포가 생각이 나네요..",90,2026-02-13T01:59:56Z
MhKiwKVTktc,Ugz1VLQzcs7-sEqDYhN4AaABAg,@jaypark4737,일단 체형이 ㅈㄴ 웃김 ㅋㅋㅋㅋㅋㅋㅋㅋㅋㅋㅋ 반은 먹고 들어가는듯 ㅋㅋㅋㅋㅋ,24,2026-02-28T11:25:08Z
MhKiwKVTktc,Ugxhc1spN9LsTmu2End4AaABAg,@realronnie7,굿보이 원툴인데 아직도 ㅈㄴ 웃김,71,2026-02-23T23:23:46Z
MhKiwKVTktc,UgwQCN1WEQ5HpI2vifh4AaABAg,@Tlqkftlqkftlqkff,용쥬르파자마에서 하는게 ㄹㅇ개맛있는데 ㅋㅋㅋㅋㅋㅋㅋㅋㅋㅋ,35,2026-02-26T14:31:44Z
MhKiwKVTktc,UgzeBddfsCpt7Cv2Ywh4AaABAg,@stk77777,이때 추던 춤을 지금까지 추고있었네ㅋㅋㅋㅋㅋㅋㅋ,26,2026-02-26T13:37:26Z
MhKiwKVTktc,Ugxg-kP7GI6kvTroG4B4AaABAg,@쩡쩡-p4f,이선민 찢었땈ㅋㅋㅋㅋㅋㅋㅋㅋㅋㅋㅋㅋㅋㅋ,90,2024-04-17T12:19:05Z
MhKiwKVTktc,Ugy70KA8jXQiFyQLYhx4AaABAg,@신아몬츄뤄스,다른춤 하나도 못추는데 왜 굿보이 특정구간만 훈련돼 있는거냐구~ ㅋㅋㅋㅋㅋ,10,2026-02-24T00:06:13Z
MhKiwKVTktc,UgxqDArA4c4Wop08EYV4AaABAg,@TV-ds3hw,노주현씨 춤 잘추신당,4,2026-03-22T01:40:49Z
MhKiwKVTktc,UgxP_IM12isYqB3-Jsh4AaABAg,@시원한밤-w6d,치사하게 피지컬로 웃기네ㅋㅋㅋㅋ,22,2026-02-24T06:49:50Z
MhKiwKVTktc,UgzH8u6li18DlxM27Wd4AaABAg,@GODJH-p1u,벨트 아래로 쳐져있는거 ㅈㄴ킹받앜ㅋㅋㅋㅋㅋ 큐ㅠㅠㅋ,28,2026-02-23T15:47:12Z
MhKiwKVTktc,UgxAKlKABm_Ci-8nDTd4AaABAg,@최주영-j3h,클릭하기전에 사진만 보고 트럼프 대통령인줄 알았습니다.,22,2026-02-20T11:52:53Z
MhKiwKVTktc,Ugwg_MKUqfQVLg7T1m14AaABAg,@회색인간GrayHuman,여기가 유튭 아니고 인스타였으면 지디 좋아요 무조건 눌려 있었닼ㅋㅋㅋㅋㅋㅋㅋㅋㅋㅋ,6,2026-03-01T17:02:55Z
MhKiwKVTktc,UgwZA3adT0t58Se0XsB4AaABAg,@junjun36,요즘 이사람이. 제일웃김ㅋㅋ 얼굴만봐도 웃김,6,2026-04-12T14:22:21Z
MhKiwKVTktc,UgyRPIHMZzHDK4nzcw14AaABAg,@야호-o5x,아빠방 에이스네ㅎㄷㄷ,1,2026-07-05T10:16:49Z
MhKiwKVTktc,Ugy_oAIigWR27UzpVtx4AaABAg,@호드리구비니시우스,와 핏선민,20,2026-02-18T06:59:59Z
MhKiwKVTktc,UgwKfiP8twNGxjhGGTl4AaABAg,@PagliaCCiiiiiiii,저 살랑거리면서 흔들리는 두툼한 골반이 ㄹㅇ임,2,2026-03-16T12:35:09Z
MhKiwKVTktc,UgwBN00NvqDzs2Kkog54AaABAg,@judehuppert9422,사석에서 진짜 자지러지게 웃길것 같다 ㅋㅋㅋㅋ,1,2026-06-12T17:10:57Z
KA6JTGGZlXo,Ugz0SOcF63QvS0cfPe94AaABAg,@뚜야-o7m,"1번: 아이돌
2번: 샤워하기전 삘 받은 나
3번: 장기자랑에서 긴장한 댄스부 언니
4번: 댄스학원에서 시범 보여주시는 선생님",5696,2025-02-07T02:06:11Z
KA6JTGGZlXo,Ugy6i9w9TNQfg0Qar4J4AaABAg,@가능충_dd,"내가 하고싶은것: 1번
결과물: 2번",1263,2025-02-08T09:10:13Z
KA6JTGGZlXo,UgxrsY39dq6vul_sOsR4AaABAg,@쬬코우유자매,솔직히 춤출때 신의 컨트롤이 더 아이돌같고 깔끔해 보이는듯,226,2025-02-09T02:46:53Z
KA6JTGGZlXo,UgyYii3ueQwgSXMrUyN4AaABAg,@백설콩이네,"1.  머리 풀고 연습하는 아이돌
2.  나
3.  뭔가 이상한(?)
4.  머리 묶고 연습하는 아이돌",143,2025-02-07T03:59:19Z
KA6JTGGZlXo,UgxbyMyT6LEWoPmC6914AaABAg,@두리안잼,"3번 왜케 없지..
저 3번이요 고개가 안 움직여요ㅋㅋ",22,2025-02-08T15:18:22Z
KA6JTGGZlXo,Ugw1a8TNOyD5l89FkCN4AaABAg,@Dana_0215,컨트롤신 어케 하는거야 .. 대박이네용,66,2025-02-10T09:40:48Z
KA6JTGGZlXo,Ugwe_j5leWmYQAviUBJ4AaABAg,@dyu-20,1번인데 저거 은근 좀 빡세게 춰야 머리가 컨트롤이 잘되는거임요 (근데 잘못하면 목 나가요) 가장 편한건 4번이긴해요,33,2025-02-10T14:10:51Z
KA6JTGGZlXo,UgzRFRvLn4XyFarwPBd4AaABAg,@kurumi_uikominsangdamso,4번이요 (거의)맨날 포니테일로 묶어용,29,2025-02-07T13:32:24Z
KA6JTGGZlXo,UgyvHoXTis7pLtuXhV14AaABAg,@vlog_330_cat_,헤어 귀신 납셔요~,21,2025-02-09T04:31:55Z
KA6JTGGZlXo,UgxBNWnlIUnDJ2Z3lpl4AaABAg,@hayeon3030,1번은 의외로 쉬운게 애매하게 말고 확 꺾으면 머리 정리 됨. 근데 잘못하면 담걸림;;,5,2025-02-12T05:30:03Z
KA6JTGGZlXo,Ugyon6LINYwV7_My9Fl4AaABAg,@이지아-d2o,"1.아이돌
2.언니 앞에서 출때 고리라 처럼
3. 머리 신경쓰는
4.나(?)",1,2026-01-22T09:41:26Z
KA6JTGGZlXo,Ugz_I5yXK_F-WZ42qAN4AaABAg,@소멸내꺼임,전 2여^^ 그냥 삘 받아서 제 모습^^,20,2025-02-07T05:17:09Z
KA6JTGGZlXo,Ugx-yDt7ArG5sk7wFkZ4AaABAg,@vv1-g4b,뮦은 거 너뮤 잘 어울리세요 미쳤음,6,2025-02-13T05:14:58Z
KA6JTGGZlXo,UgxNhuerPIX042D_dyd4AaABAg,@yxna0,춤출때 1번같이 춘다고 상상하지만 찍어서 보면 그냥 몸치가 허우적대는게 나임.,2,2025-02-15T14:18:52Z
KA6JTGGZlXo,UgxUOiBb0O4nUl9YgcR4AaABAg,@쵸코-h4w5z,1번 컨트롤신이여!,0,2025-12-28T19:37:52Z
KA6JTGGZlXo,Ugy6Pwho_PHIZ0zASdp4AaABAg,@LOVE-채리,"저는 어쩔때 컨트롤 정도는 아닌데 컨트롤 쪼끔 할때 있구요
많이 하는건 4번 왜냐하면 저는 맨날 머리를 묶기 때문에",1,2026-05-14T12:04:10Z
KA6JTGGZlXo,UgwXFkT_41BxxHDwrNh4AaABAg,@놉놉안됀는건안됀는것,"나는 1,2번 적절하게 섞은거 개잘함
보기도좋고 이쁘게 퍼진거가 ㅈㅉ로 이쁨",2,2025-02-18T04:43:21Z
KA6JTGGZlXo,UgxoC6NVV4z3IYy-VXd4AaABAg,@끄웨에엑,헤어귀신 웃겨욬ㅋㅋ,0,2025-11-19T12:39:36Z
KA6JTGGZlXo,Ugy85f_QN64w8vEERUZ4AaABAg,@떡락만하는요아,저 1번 4번인데 대부분 1번임..애들이 다 얼굴에 제머리카락 맞음 ㅋㅋㅋ,4,2025-02-07T15:45:13Z
KA6JTGGZlXo,UgwhULnrnu2lgTQcApB4AaABAg,@체미레-z4h,난3번…노래&춤 같이할땐 3번이 딱이던데ㅋㅋ,2,2025-03-09T04:11:50Z
KA6JTGGZlXo,UgyX9RnMrobhTvlAb294AaABAg,@mint_mint_t,헤어컨트롤 잘하는 방법이 있을까요?😮,5,2025-02-06T15:14:27Z
KA6JTGGZlXo,Ugx7jwC2an3MOf5ePtt4AaABAg,@sx_rim,4번.... 묶는게 편함,0,2025-03-15T04:14:09Z
KA6JTGGZlXo,UgwmY-jkW_jHzCmkckl4AaABAg,@밍뽀5678,댄스학원에서 어떨땐 1번 어떨땐 4번이염,0,2025-10-07T15:33:16Z
KA6JTGGZlXo,Ugyeiggkhv9KcMHSFeh4AaABAg,@녕프마요,1번 가으리 같음 😊😊,5,2025-02-08T04:58:35Z
KA6JTGGZlXo,UgweCQK_sRbv_FoCb_x4AaABAg,@미루-2014,"1: 아이돌 (무대)
2: 덕질하는 귀신의 집 알바생
3: 긴장한 댄스부 언니
4: 아이돌 (연습실)",0,2026-03-29T11:17:33Z
KA6JTGGZlXo,UgwOPVg6x52N0bfhzZV4AaABAg,@ra_e.0,개인적으로 2번은 앞쪽으로 고개를 흔들면 저리되고 1번은 뒷쪽을 치면서? 하면 되더라구요😂,0,2026-02-22T07:36:14Z
KA6JTGGZlXo,Ugy-rPBcyoy3rQokqpx4AaABAg,@피스타치오_카폐라떼,"1번:댄스부에서 가장 잘하는 언니
2:머리감고 삘받은 나
3:우리 엄마,,
4:댄스학원 선생님",0,2025-11-12T08:33:54Z
KA6JTGGZlXo,UgzRCw2iMIQhELxaF6Z4AaABAg,@린-rinrin,"내가 하고싶은거:1번 아니면 4번
현실:2번 😂",4,2025-02-09T10:01:21Z
KA6JTGGZlXo,UgxZk9b69kw6oNuJ7HJ4AaABAg,@OuO-o6n,3번 완전 나넼ㅋㅋㅋㅋㅋㅋㅋㅋ,0,2025-03-09T06:55:35Z
KA6JTGGZlXo,UgzYz-qufG5QcCuA9Nl4AaABAg,@유밍-f6f,2번이요...ㅎ,9,2025-02-06T23:33:50Z
kweQl2HNTvc,Ugzu3RXfEe93YYCAvoR4AaABAg,@뿌링클_먹고싶다-k6w,좋아~아주 자연스러웠엉~~^^,46,2024-06-01T02:42:43Z
kweQl2HNTvc,Ugw2h1bKJWyfEpR34wJ4AaABAg,@fanbabymonster-n9p,악!! 내 최애 đào Lê phương hoa님 이닥❤❤,21,2024-06-12T10:30:41Z
kweQl2HNTvc,UgycBmmmwuF7ST9WkPp4AaABAg,@리브프리,뭐지 댓글 제목에 Ai+CG는 무시하는 건가...,50,2024-06-11T03:07:02Z
kweQl2HNTvc,Ugwpc0RJU4nCnJDyJxp4AaABAg,@DBD-o5f,.... 님 천재임.,4,2025-08-30T08:23:15Z
kweQl2HNTvc,Ugx9LV5HifNuGAujEnp4AaABAg,@고양이당,이거 그리는데도 몇날 몇일이고 넘기는 거 성공하는것도 1시간쯤 걸릴거 같은데 너무 잘하세요.. ㅠ 힘드셨을거 같아요.. 게다가 1142장?!?? 근성이 대단하세요..,29,2024-06-09T15:30:04Z
kweQl2HNTvc,UgyDcYSAo4uCWhazEfd4AaABAg,@Zatkachu,노가다 쩐다,4,2026-01-06T13:09:37Z
kweQl2HNTvc,UgxRd-U7qTQ3EkY0L4h4AaABAg,@지얀-s4x,와...저거 왜이렇게 잘하지...❤,10,2024-06-09T04:56:25Z
kweQl2HNTvc,UgzM7Qua76G48H8Hbi54AaABAg,@유온-q5m,왜게 잘그리세요??ㄷㄷ,0,2026-05-17T06:50:08Z
kweQl2HNTvc,Ugw4CUL8jTeU_LAffQZ4AaABAg,@체리안-c4j,너무잘그렸어!조금흐릿하지만 입체적으로잘함,1,2026-01-17T17:52:40Z
kweQl2HNTvc,Ugz5p0AqwYBbm3kA68d4AaABAg,@chohasoo,헐~ 미쳤네,0,2026-06-27T16:47:14Z
kweQl2HNTvc,UgzGeCD8A3O-dEgdjl94AaABAg,@앙큼한_올밤,이거 그리기 어려운데 또 신기한게 1000장이 넘잖어...이건 최고 기네스북에 올라야 함...ㄷㄷ,24,2025-10-11T11:16:26Z
kweQl2HNTvc,UgyrgABPt4N5PQ12lZJ4AaABAg,@이은선-f9s,1000일동안 아니에요?,37,2025-05-17T03:44:51Z
kweQl2HNTvc,UgyUZXv33u8fsTPBK0F4AaABAg,@Nowhereman0412_NFL,이 채널을 만난건 인생 최대의 행운이였다...ㄷㄷ 감사합니다,11,2024-06-08T15:56:02Z
kweQl2HNTvc,UgyrC5G0QXJoe8ZWOad4AaABAg,@showcon0116,와 역대금으로 멋있어요 👍 구독하고 갈게요🎉,1,2024-07-28T04:22:32Z
kweQl2HNTvc,UgxMfVrneRlc_hsi40R4AaABAg,@코코_1616,진짜고생하셨어요오 ㅜㅜㅜ,0,2025-12-24T09:01:52Z
kweQl2HNTvc,UgwJ2dwZZUWM8J-r6kF4AaABAg,@서우-g8o,그냥  노력에 울컥하네...ㅜ,0,2026-06-13T10:56:37Z
kweQl2HNTvc,Ugy82o6Pe_DgXQGnLiN4AaABAg,@루피인데여,우와..하나하나의 움직임이 자연스럽다..,2,2024-06-12T06:56:20Z
kweQl2HNTvc,UgxeFQjI6oxyhT3e1BJ4AaABAg,@TPRDX_Jester,우와 천장!!,2,2024-06-09T04:30:12Z
kweQl2HNTvc,UgyS_hkMJlSwjNfTAC14AaABAg,@정선옥-k2c,너무 잘 만드셨어요,0,2026-02-10T11:41:02Z
kweQl2HNTvc,UgwkGbWpslDRCvflL_x4AaABAg,@Ejoon-0,떡상 드가자~,4,2024-06-06T15:10:20Z
kweQl2HNTvc,Ugx49PVPYiFBxrFMty54AaABAg,@Geomentrydashboy-u4q,"와 근데 이거 제가 직접 해봐서 아는데 이거 백장만 해도 어려운데... 존경합니다
끈기기 대단하네요😊",0,2025-09-08T09:29:33Z
kweQl2HNTvc,Ugx3O6gu3kPjitTb0lZ4AaABAg,@최진호-h1q5i,너무 움직임이 자연스럽고 그 특유의 특징과 춤선을 잘살린다ㄷㄷ,4,2024-06-12T08:05:32Z
kweQl2HNTvc,UgxLtJSQvBv73n1n_UR4AaABAg,@Geomentrydashboy-u4q,"와 근데 이거 제가 직접 해봐서 아는데 이거 백장만 해도 어려운데... 존경합니다
끈기기 대단하네요",0,2025-09-08T09:29:33Z
kweQl2HNTvc,UgzzoJKqVAFSvNlqCgt4AaABAg,@caron321,아니 제목 보시면 떡하니 AI+CG 라고 적혀져 있는데 왜 안 보시나ㅇ,1,2025-12-04T23:45:37Z
kweQl2HNTvc,UgzjWMrvkt5Iv3E56al4AaABAg,@지존-z1u,그림에 소질이 있네 ~,0,2026-06-05T15:02:57Z
kweQl2HNTvc,UgwkSrxbgJjwRFv3z_x4AaABAg,@박경철-f8o,마술?? 대박!!,0,2026-03-28T13:40:04Z
kweQl2HNTvc,Ugw-Ri3QiS3Mzx_eZSV4AaABAg,@phawel1196,아니 선명하게 팔이 움직이는게 겁나 신기함😊,0,2026-02-27T03:33:33Z
kweQl2HNTvc,UgyuxuuB2i_Yx2gKqed4AaABAg,@kimikimihaha,와이씨 대박 고생하셨습니다,0,2025-12-17T10:37:44Z
kweQl2HNTvc,UgxSE4826ax6nCaNQdN4AaABAg,@달달초코샌드위치,ㅘ 대박  그림도 잘그렸습니다.!  동작 하나하나 모두 자연스러웠습니다 .  하나 그리는데 시간이 오래 걸릴것만같은데  수고 많으셨습니다.,1,2024-06-01T03:17:37Z
kweQl2HNTvc,UgxF1jY76QyvI15FN_V4AaABAg,@kimtree1114,너무 입체적입니다. 떡상 가즈아,0,2024-06-07T23:39:42Z
tLQxTCat_84,UgwhWU8F469a-HddqDN4AaABAg,@먹냥이,착한눈으로 봐야하는디 자꾸 음란마귀가 😅 착한눈....착한눈....착한눈😮,1111,2025-07-20T21:41:51Z
tLQxTCat_84,Ugy3NcmVv7Jz4yV0IG14AaABAg,@좋아창서비,"세상에...  센터인 이유가..
착한 생각 착한 생각",382,2025-08-03T20:33:36Z
tLQxTCat_84,Ugygu7m3jBjBjjArKkJ4AaABAg,@모히칸방울이,무언가와 눈이 마주쳤다 ㅋㅋㅋ😂😂,62,2025-08-16T04:23:08Z
tLQxTCat_84,UgwyDckPif0HUE66M-p4AaABAg,@optimistic_700,오마이갓..나도 모르게 박수 쳤어요  ㅋㅋㅋ!,228,2025-07-20T00:41:34Z
tLQxTCat_84,UgxnAci1afj_ABpqu2p4AaABAg,@장이수1,스님 : 착한 생각 착한 생각 착한 생각,67,2025-07-23T17:17:34Z
tLQxTCat_84,UgzTBG4ONtYBLC529O54AaABAg,@minisong3358,나만 그런게 아니었네 휴~~ㅋㅋㅋㅋㅋ,73,2025-07-21T05:42:52Z
tLQxTCat_84,Ugx92Y1dRXKnXmptwid4AaABAg,@황혼-t5n,유독 중간 분이 뒤비 졌네 자신이 있단 말인데~~~ㅋㅋㅋㅋㅋ,174,2025-07-19T00:24:33Z
tLQxTCat_84,UgxDoaU0YwDjgRUUpqF4AaABAg,@신민정-o4p,미쳤어 단단히  미쳤네,73,2025-07-14T14:08:04Z
tLQxTCat_84,Ugxg__kEu43heG7i5nx4AaABAg,@김미양-d2k,우리나라만의 고유의 갓이 멋집니다~~세계적!,170,2025-07-11T08:03:34Z
tLQxTCat_84,Ugy6kcAWz1Y84Y8R5uJ4AaABAg,@주막집머슴,"몬 본 사람은 있어도
한번만 본 사람 없다는 그",19,2025-08-02T02:05:48Z
tLQxTCat_84,Ugwli4lYfT2kuVric054AaABAg,@kimyangdam,센터 부터 보이는ㅜㅜ 모양까지 이분열되어보이다니....,6,2025-08-06T14:10:46Z
tLQxTCat_84,Ugx8HQf_e6vTcnMAWlR4AaABAg,@최길동-x3h,봐야 알어요 여러분들 빵이큰지 건포도가큰지..,20,2025-07-17T15:43:56Z
tLQxTCat_84,UgyMHF8mhLBNbspFRVl4AaABAg,@까꿍-b3e,ㅋㅋㅋ매력쩔어,2,2025-08-07T22:52:45Z
tLQxTCat_84,UgwzLO7rjiYcSI9SDot4AaABAg,@koreabok,멋진 자태입니다,5,2025-07-19T11:17:24Z
tLQxTCat_84,UgyuTijU41RGeuNAsp94AaABAg,@한강타워,자신감!! 뿜뿜~~~ ^^,2,2025-07-25T02:35:39Z
tLQxTCat_84,UgxV0kjjVWIOphS8HuB4AaABAg,@니나노-u4e,뭔가를 자랑하는 포즈??!!😅,112,2025-07-11T14:51:31Z
tLQxTCat_84,UgxB5ls-3TAekMZ6-Rd4AaABAg,@이이삭-x9x,부모님께 감사해야 할듯😂,2,2025-08-10T02:43:46Z
tLQxTCat_84,UgyVBF993cJqxeRAFkx4AaABAg,@angtal7942,좋아요 버튼인줄알고 누를뻔 🎉🎉🎉,4,2025-08-08T21:25:28Z
tLQxTCat_84,Ugxaak-BqUeigBmdBG94AaABAg,@유나영-z8h,"아~ 진짜 ㅋㅋㅋㅋㅋㅋㅋㅋㅋ
땀난다",1,2025-07-21T03:53:46Z
tLQxTCat_84,Ugx1kwQrsQxJg5AKHXp4AaABAg,@user-wdfe45n2,사자보이즈 ㄷㄷ,15,2025-07-04T12:06:20Z
tLQxTCat_84,UgzrD1zHEBXmENuA9zN4AaABAg,@김경준-c5n,부럽다..,1,2025-08-15T23:01:54Z
tLQxTCat_84,Ugy7EF2sZikzMdcjs814AaABAg,@긍정-b9s,왜？제일 눈에 띄이니~😂😂😂,3,2025-08-23T15:04:06Z
tLQxTCat_84,UgySGqrr8EwaZWgHm5x4AaABAg,@희수g,중간분 노렸네...매력어필,1,2025-08-23T02:29:53Z
tLQxTCat_84,UgzBsVcp4Psft985LAt4AaABAg,@한주형-t8m,미쳤네,5,2025-07-16T09:10:27Z
tLQxTCat_84,Ugxvp5FzI_CQ9e29XrR4AaABAg,@매력녀-j3x,Wow!!!!,1,2025-09-12T08:31:57Z
tLQxTCat_84,UgyAOzzOLS-Fazsk7hl4AaABAg,@우앙우-e8b,가운데가 참 묵직허니 잘생겼네요 고것참 맛있게 춤추것소,23,2025-08-15T05:47:21Z
tLQxTCat_84,UgyG_dOo3axp3tUKMDl4AaABAg,@dubai-xs9nn,역시 센타가 중요함을 강조하시네❤🎉,1,2025-09-01T12:14:48Z
tLQxTCat_84,UgySl-aQbxEbXiXEJfd4AaABAg,@꾸duck,ㅋㅋㅋㄱㅋ케데헌 생각나요,4,2025-07-12T19:36:55Z
tLQxTCat_84,Ugz6Y5v0E3-EvjlmD1l4AaABAg,@bosswagon5001,설날 어른들께 세배 대신 취할 적합한 포즈다.,1,2025-07-24T17:40:28Z
tLQxTCat_84,UgzV67eawHqmG5UqHVV4AaABAg,@sokq77,헉😮,3,2025-08-21T11:18:21Z
LArVzo3xofg,UgzLtEnxrmpOX2rubY54AaABAg,@월드파크adventure,저 이거 02.13일에 보러가요 그날 영상 10시에 올라갈예정이에요,7,2026-02-03T04:19:06Z
LArVzo3xofg,UgxaqO0N7_6o5vad4JV4AaABAg,@Y.SGongju,"2월6일 보고왔습니다.
재미있었어요~",5,2026-02-16T13:28:13Z
LArVzo3xofg,Ugw4PwTCX1xDcfVX9x14AaABAg,@sofiathefirstmusicofficial,This one just like Dianaping.,4,2026-02-10T03:58:01Z
LArVzo3xofg,Ugz5JBzGTJJbRFKQfPF4AaABAg,@gabrielisacriojasono465,Princess Catch! Teenieping,0,2026-03-26T03:14:31Z
LArVzo3xofg,UgxlwzoBrulaL5RexIF4AaABAg,@unicornie5fluv,Heartsping looks really creepy. It’s like a teenieping horror movie.,4,2026-02-06T18:14:07Z
LArVzo3xofg,Ugwc8ip0JO_5n2g8YXN4AaABAg,@조열무,귀여워,1,2026-03-10T10:37:19Z
LArVzo3xofg,UgyvM2FxNEW1qQ7J2Eh4AaABAg,@JoyLadignon,They are little cute and she must get a new princess you're the new princess you're the real princess princess romi can you take a lesson,5,2026-02-05T08:13:25Z
LArVzo3xofg,Ugy49k9gGoeGpGABizh4AaABAg,@납짝이입니다,개인적으로 티니핑은 인형탈로 하는게 좀 더 좋았던거 같아요 ..ㅠㅠ,14,2026-02-03T13:39:16Z
LArVzo3xofg,UgwUQ1T3OxQ6PobgBRF4AaABAg,@이준호-l1h,"뮤지컬 프린세스 캐치! 티니핑
2026.01.30 ~2026.03.02
 강동아트센터 대극장 한강",0,2026-03-05T12:27:52Z
LArVzo3xofg,UgzQWmCW_QGyEQ2ZrlR4AaABAg,@유대희-h8b,❤❤❤❤❤❤❤❤❤,0,2026-03-21T09:11:41Z
LArVzo3xofg,Ugw9wFLa13WLwfOvdP54AaABAg,@차수경의해피하우스,가고싶어요😊😊😊,4,2026-02-09T08:05:02Z
LArVzo3xofg,UgzvnB4myHNtX7TjFJx4AaABAg,@АкжаркынЕсмуханова-п1з,😊,1,2026-02-25T09:03:03Z
LArVzo3xofg,UgzBwqN3Tn_I65r0oxd4AaABAg,@네네즈코-v5b,ㅈㅈㅈ🎉,1,2026-02-28T04:15:46Z
LArVzo3xofg,Ugxcl3t67knqUMH3jN14AaABAg,@이시우-l4l,😢😢😢,1,2026-03-20T05:19:24Z
LArVzo3xofg,UgyNQkvPOBaVpLbXzat4AaABAg,@Halloween-j2l,어디서 했나염,3,2026-02-14T10:45:08Z
LArVzo3xofg,Ugxps7qdXf460hZLFC94AaABAg,@홍성철-k5z,아.다이아나핑은없네 ㅠㅠ,0,2026-03-27T10:02:42Z
LArVzo3xofg,UgyewvnJYZExqkeHw9p4AaABAg,@디니잉-m3y,지금도 저렇게 하나요?? 인형으로요,0,2026-05-08T04:47:51Z
LArVzo3xofg,Ugx-jozgiaxAQRo1r-94AaABAg,@코트니심스2,동영상 찍지 말라고 하던데 어떻게 찍으셨어요?,0,2026-03-29T13:27:49Z
LArVzo3xofg,Ugwi7s41kGEKSJOG4uN4AaABAg,@네네즈코-v5b,ㄴㄴㄴ🎉,1,2026-02-28T04:16:03Z
x9QdGjttOHQ,Ugxt30nNQimiCAlJiP54AaABAg,@로사로사-r7h,역시 준수님 최고예요~~~~,36,2022-09-28T00:38:02Z
x9QdGjttOHQ,UgyXkgH1p7caeQFfx0R4AaABAg,@ZIel_55,3:27 치마에 발 걸린것봐 준쨩ㅋㅋㅋㅋㅋㅋㅋ큐ㅠㅠㅠㅠㅠㅠㅠㅠㅠㅠㅠㅠㅠㅠ,1,2023-02-18T07:39:05Z
x9QdGjttOHQ,UgzwoPm7pu5j90rL_rx4AaABAg,@도천전,우리준수 힘내고 잘하고 있어  찬호,12,2022-10-21T22:51:18Z
x9QdGjttOHQ,UgyN1WfA-K3qxq_Lqzl4AaABAg,@Lillianmrsa,ルドルフ＆子ルドの挨拶可愛すぎる！,6,2022-10-19T07:17:36Z
x9QdGjttOHQ,UgyG4ISO63aZR_vaJid4AaABAg,@소더비,"18년도 2번,22년 4번 봤는데...다음 번엔 6번 보려구요!! 독보적인 샤토드와 최고의 배우들...최고의 뮤지컬!",20,2022-11-05T14:50:06Z
x9QdGjttOHQ,UgwN1tfayA3NcPDNrdd4AaABAg,@ruichou,キッチュで鳥肌立ってもた👏🏻👏🏻👏🏻👏🏻,7,2022-10-19T03:26:08Z
x9QdGjttOHQ,UgyMl6uEo7CDLElR6GV4AaABAg,@flijer3465,"다들 토드들 포커스에 맞춰져있는건만 봤는데, 이렇게 풀버전을..! ㅋㅋ 27일에 노민우님캐스트를 예매할까 고민중이네요...  여튼, 잘 봤습니다. :-)",12,2022-09-10T15:27:27Z
x9QdGjttOHQ,UgyZRvYnfbsFqWvUH414AaABAg,@v9r7u,子ルドかわいすぎ👼💕,0,2023-03-10T07:08:40Z
x9QdGjttOHQ,UgwQiju5BD3ghZ9xERh4AaABAg,@Andoromada,"イジフン、最近テレビドラマで見かけないと思ったら、まさかのミュージカルでルキーニやってたとは！？
元々歌はめっちゃ上手かったですもんね。",8,2022-11-05T16:38:30Z
x9QdGjttOHQ,UgyX88ufG-FEg7nEHL54AaABAg,@kuri1936,"スマホで撮ってもいいのか🎵
いいなぁ",2,2022-11-23T12:22:32Z
x9QdGjttOHQ,UgzhPh_2nT5lOk2GTfN4AaABAg,@vdijus,"Heroe's Square in the background... 
I would have chosen Royal Palace of Gödöllő instead",2,2022-10-06T06:53:39Z
x9QdGjttOHQ,UgwXUwJ6_QtAML5HSR94AaABAg,@루-z8n,0:47 노래 이름 뭔가요?ㅠㅠㅠㅠㅠ,5,2023-02-19T15:54:32Z
x9QdGjttOHQ,Ugwu-TBt5br5DsypsTJ4AaABAg,@SusanaGonzalez-fv1nq,Este musical solo me gusta interpretado por PARK HYUNG SIK,1,2022-12-12T03:55:51Z
x9QdGjttOHQ,UgyHXcApv_c95TjaLal4AaABAg,@toku_ch0310,え！これカーテンコールなの？素晴らしい👏👏日本とは違うけどめっちゃいい👍👍素晴らしい！,4,2022-12-03T01:17:04Z
x9QdGjttOHQ,UgzDWLRzjP_Sn7OZ34V4AaABAg,@나여니-k5y,옥엘리!늘 응원하고 있어요.목은 가장 소중한 건강과 직결되어 있으니 늘 건강 조심하세요.,33,2022-09-07T22:50:28Z
x9QdGjttOHQ,Ugw50SgKzEYy1Dg84WZ4AaABAg,@imaginempress3408,I can't read Korean Hangul. What show is this that Xia Junsu was in please.,6,2022-10-22T22:32:54Z
x9QdGjttOHQ,UgzZy7PbCi_zYOV_QG94AaABAg,@Kamala-4-President,3:10 the one and only Ok Juhyun?,1,2022-10-15T21:08:36Z
x9QdGjttOHQ,UgwllgAtCdFsFpFtEC14AaABAg,@mikaelb7735,Kim Junsu and his awful vibrato. Otherwise this is a lovely musical with so many good songs!!!,8,2022-09-26T10:03:21Z
x9QdGjttOHQ,UgzDpANLumBTIvGR_GV4AaABAg,@초록색-v1c,"옥주현말고 다른 배우도 잘할것같은데..
스태프 대하는 태도나 선배한테 너네와이프라고 하는거보고 너무 실망했음",3,2022-11-27T02:33:17Z
rKDq3i45Mrk,UgyYFhd0nZKr3-RMh1V4AaABAg,@amparoagraz2355,Very fantastic Show He Is so wonderful singer congratulations Love ❤️ A❤,1,2023-10-15T15:57:28Z
rKDq3i45Mrk,Ugxc1C95RxIHTIXaXrh4AaABAg,@luzhelenagiraldoospina1263,😊😊😊😊😊😊😊😊😊😊😊😊😊😊😊😊,0,2024-03-27T00:33:10Z
rKDq3i45Mrk,Ugzzurjk5UpH5c_1VmF4AaABAg,@MarcelleBridié,❤❤❤❤,0,2023-10-17T10:42:48Z
EaPpLNu1UkI,UgyV4OI0MWgw4mWaF3h4AaABAg,@쩡-w6t,나두 섭이보구잡다 ㅠ,1,2024-05-24T15:58:14Z
EaPpLNu1UkI,UgzmKS6l-93AWMlvkB54AaABAg,@7냥이맘9561,"딸과함께 행복한추억을 또 쌓고왔어요~ ^^
출연자분들 행복했습니다..",6,2023-09-19T15:22:51Z
EaPpLNu1UkI,Ugxe5nKtfLPopmZ9ivF4AaABAg,@프사없음-l9k,hoxy..무대에....앉아계셨던건가요? ㅋㅋㅋㅋㅋㅋㅋ 왕가까움 ㅋㅋㅋ 👍,8,2023-09-21T13:06:59Z
EaPpLNu1UkI,UgwK1nKX_frd37Yr8214AaABAg,@똥꼬미-f3r,나도저기에있었다요~~저모습을직접봤다구.요ㅋㅋ,5,2023-09-19T08:50:13Z
vfzkSwrgJBE,UgzlQMcuefDqm-XFU0t4AaABAg,@JJINGBBUTKINGJEONGMAN,어머 머리가 빗자루인가요?,857,2024-03-19T05:50:04Z
vfzkSwrgJBE,UgzCqaGsKlITIffCYnR4AaABAg,@sad1004cute,아..  미치겠다 너무귀엽다....,349,2023-03-12T08:13:34Z
vfzkSwrgJBE,Ugy-dihsuL7Oz7xF6254AaABAg,@hhhhaea,이게 제 입덕영상임...,165,2023-09-10T23:38:19Z
vfzkSwrgJBE,Ugy0HEDMeI8OSCNxy0R4AaABAg,@리지-j3q,아 어떡해 강아지 같다 졸귀엽네 진짜ㅠㅋㅋㅋㅋㅋㅋ 겁나 해맑아ㅠㅠ 강아지였으면 이름 해피였을 듯ㅋㅋㅋ,93,2023-10-26T07:49:32Z
vfzkSwrgJBE,Ugwsmx6gGY0SjaDMkH94AaABAg,@BOo-iw9wv,소년미 가득한 얼굴로 올라오는데 걍 개좋다,20,2024-07-17T12:40:15Z
vfzkSwrgJBE,UgxFfz4o4S0q0hSxbg54AaABAg,@로디반장,어쩜 사람이 존재자체가 청춘드라마 같냐ㅡㅠ,17,2025-03-17T02:21:11Z
vfzkSwrgJBE,Ugz_XfKb3V5O7R-2kEJ4AaABAg,@언-h8d,진짜 졸 잘생기고 귀여움...........ㅠㅠㅠㅠㅠㅠㅠㅜㅜ,69,2023-04-23T15:09:08Z
vfzkSwrgJBE,UgzUjpcp48DAKdhYasx4AaABAg,@user-mm91,내 입덕영상🥺,1,2026-06-11T08:47:47Z
vfzkSwrgJBE,UgxDo02Pudmu7HPrvE14AaABAg,@꼬깔모자-d9w,무대에서 노래하는 것 한 번 보면 반함,3,2025-12-02T10:39:12Z
vfzkSwrgJBE,UgwcUYlWnB7gAMO0JuF4AaABAg,@이야호최고,너무귀엽다증말,55,2023-03-11T16:53:43Z
vfzkSwrgJBE,UgyNvbu8WavL-i4YkvF4AaABAg,@ddodoyoungs,줜나잘생..나미쳐,8,2024-02-19T01:22:58Z
vfzkSwrgJBE,UgzKi0tfqwiSecq0wWV4AaABAg,@de3ygd4y85,섹시큐티❤❤,6,2024-12-11T12:03:06Z
vfzkSwrgJBE,Ugz1FB949woTsSH-5ZJ4AaABAg,@kke12,무대를 즐기는 모습이 너무 좋다!,25,2023-05-10T16:02:04Z
vfzkSwrgJBE,UgxLeH57BCeBSwZ-C6N4AaABAg,@쀼-l5m,이 날 커튼콜데이여서 녹화본이 있는 제 폰에게 감사합니다,2,2024-07-20T16:08:31Z
vfzkSwrgJBE,Ugy6EJBPWEmn0XW2Mnl4AaABAg,@azure_bye,멋있는 배우😊,8,2024-02-18T13:43:50Z
vfzkSwrgJBE,UgxdumI2TMhnPHDQHyV4AaABAg,@lena-i4e4q,보고 있는데 엄마미소😊❤,2,2025-07-09T16:26:49Z
vfzkSwrgJBE,UgybvuEqTIdn5u3clIx4AaABAg,@kimmonochan,아 졸라 귀엽다…,5,2024-03-25T16:20:07Z
vfzkSwrgJBE,Ugz8bXmBER6cyvap0f94AaABAg,@김용주-y6p,행복해보인다,3,2025-04-15T09:40:30Z
vfzkSwrgJBE,UgyPf4yqYOQIVqTzilJ4AaABAg,@달콩-q3y,"귀여움,멋짐 다갖춘배우!!!",20,2023-04-21T14:10:05Z
vfzkSwrgJBE,UgyxqOoZe4UOmLgC8Ox4AaABAg,@kissin127,너무 잘생겼어요ㅜ,0,2025-10-04T07:10:42Z
vfzkSwrgJBE,UgxsoUEILl-JWKU8NPN4AaABAg,@sciiiix,개기엽다 ㅠ,1,2025-01-25T11:05:35Z
vfzkSwrgJBE,UgxOCeS1iUlVwX4ubnh4AaABAg,@현채빈-f3j,"ㅋㅋㅋ 날라다니네
머리카락 뻗치는거 귀엽다",2,2024-01-02T14:13:36Z
vfzkSwrgJBE,UgyR4FLVeg2NNo013Ad4AaABAg,@멩이곰돌,미친.....너무 예쁘다,0,2024-12-13T06:44:50Z
vfzkSwrgJBE,UgzTlsHBuEex63rXov54AaABAg,@꼬밍사랑,댕댕이 같아 ㅎ❤❤,0,2024-12-01T12:16:27Z
vfzkSwrgJBE,UgxoSPquUgD9NWUoz014AaABAg,@hanyousagi,헐…. 반함,0,2024-04-17T17:12:09Z
vfzkSwrgJBE,UgxB8-xCTbqFt77iLhN4AaABAg,@thecueyun,아침마다 보면 기부니가 좋아져용💙,0,2024-12-22T01:49:48Z
vfzkSwrgJBE,UgyUSBMvfMfyBvLaieR4AaABAg,@이주미-t7b,오오 알아알아 나도알아,0,2024-06-28T11:34:58Z
vfzkSwrgJBE,UgzWmySTy5w96ENM-N54AaABAg,@LNG_shotties113,아 진차 이영상 몇번을 보는지 모르겠네...,0,2025-05-28T08:37:05Z
vfzkSwrgJBE,UgwCGKbx2Mm8EvmpeQV4AaABAg,@mohe.,미치겠다,0,2024-08-20T13:30:46Z
vfzkSwrgJBE,UgwTS9LVxUhLCLdIOjB4AaABAg,@Fleuret-sss,우와,0,2024-02-01T17:30:59Z
6qmkMTxL2c0,UgwfrthBKZTIAkFk9814AaABAg,@정민-w2c3l,토드 노민우 💕💕💕👍,32,2022-09-04T15:30:42Z
6qmkMTxL2c0,UgwJy5n0ic1pij3eVHJ4AaABAg,@H-lily,이번 뮤지컬로 노민우라는 분을 처음 알았는데 반했어요ㅎㅎㅎ 벌써부터 다음 작품에서는 또 어떤 모습을 보여주실까 기대돼요.,21,2022-09-28T12:00:00Z
6qmkMTxL2c0,UgxiGmJZJireTF_uEM14AaABAg,@졔리뽀,와 민토드 첫 커튼콜에 비해서 훨씬 늘은 것 같아보여요ㅠㅠㅠㅠㅠ💕💕 더 자연스럽고 ㅠ 발성도 연기도 … 굿 열정이 묻어나오네요 크….👍🏼👍🏼 앞으로가 기대됩니다!,22,2022-09-05T13:57:59Z
6qmkMTxL2c0,Ugzq7Ud1l_3GszHrekl4AaABAg,@kenlychong_MINUE_DREAMER,영상을 공유해주셔서 정말 감사합니다. 🙏🏻🙏🏻 우리 몽상가 민우 진짜 착하고. 😍😇🤗💙💜엘리자베스 너무 예쁘다.👸🏻💐💐💖💖,18,2022-09-04T15:53:39Z
6qmkMTxL2c0,UgxHIolXaZHKcWeaLsd4AaABAg,@youjungpiano,노민우 멋있다 ㅎㅎ,19,2022-09-05T03:26:27Z
6qmkMTxL2c0,Ugw-A5GhMczuux9kLid4AaABAg,@su7358,영상 올려주셔서  감사합니다,8,2022-09-05T07:23:15Z
6qmkMTxL2c0,Ugxzv_8_nM10DXqYQ994AaABAg,@bmj9833,영상 너무 감사드립니다!!  민토드님 정말 잘하시네요👏👏👏❤,17,2022-09-04T15:35:13Z
6qmkMTxL2c0,UgwRpfNA0XCIfeUrVRZ4AaABAg,@mapotofu_ID,"Thank you for the HQ video, finally I could hear them clearly 😃💜
Ock Joo-hyun is stunning and pretty! ✨👩✨
No Min-woo changes his hairstyle, making him look more mysterious 🖤
I believe all the casts did a great job, I wish we could see it too ☺",14,2022-09-04T16:58:53Z
6qmkMTxL2c0,UgxBFF-ErAX9gk1YboV4AaABAg,@하지마-t4w,"연습을 많이하셨나봐요
첫공때보다 자연스럽고 멋지네요",16,2022-09-06T11:33:33Z
6qmkMTxL2c0,UgxkOedhnPD2R3VSLK14AaABAg,@minuehwanja7752,Thank you so much for sharing 💜💜💜,10,2022-09-04T15:09:05Z
6qmkMTxL2c0,UgwP5vPe8lEMGo3_KUF4AaABAg,@minue_always_be_happy1558,A wonderful musical and a great cast! 👏👏👏👏👏👏👏👏👏 Thanks again for this video! 😘😘😘😘,10,2022-09-04T17:05:40Z
6qmkMTxL2c0,Ugy4sLX4KcBRTUO4y9R4AaABAg,@남표동근,"민우 넘 잘하네 ~
최고다~*",13,2022-09-04T22:35:12Z
6qmkMTxL2c0,Ugyc_aB6wxzCwBudD9p4AaABAg,@muriel8552,Merci !!!!🥰💖,9,2022-09-11T12:41:57Z
6qmkMTxL2c0,UgygTEFZs8zkTj1YUft4AaABAg,@이나나-i4e,"민우씨!  처음 도전하는
뮤지컬 계속 진화하는모습
제가 다 뿌듯하네요~
고진감내라고  그간의노력들이  
빛을  발하네요~
최고입니다!!",24,2022-09-25T23:22:06Z
6qmkMTxL2c0,UgyusqCDp8sqcOJFlDp4AaABAg,@youngeunjoung455,"와~~몇열이었어요?
어제 저곳에 있었는데‥
되돌리고싶어요~~",7,2022-09-05T07:16:41Z
6qmkMTxL2c0,UgwTnCmK1AyS7_oXxzt4AaABAg,@reynandafahreeza6950,Thank you so much 💜😍,6,2022-09-04T15:39:31Z
6qmkMTxL2c0,UgwUKCm8WPl3rPCtT-V4AaABAg,@레몬향기-u2j,오늘은 어제보다 또 다른 매력과 발전된 모습으로 날마다 깜짝깜짝 놀라고 있습니다.멋지고 값진 영상 공유해줘서 감사합니다.민우님 너무 애썼어요.💕💓💖,18,2022-09-04T21:15:57Z
6qmkMTxL2c0,UgwugzgffYZhUJj_yFR4AaABAg,@じじ-v4o,4K 멋진!  ︎아름다운 영상에 마음이 떨렸습니다.  보여 주셔서 감사합니다 🥹🫶,9,2022-09-05T00:07:26Z
6qmkMTxL2c0,UgxaIUZHCz0nfnS8rbB4AaABAg,@minue_in_heart,Thank you!!!!!!!,5,2022-09-04T16:24:42Z
6qmkMTxL2c0,UgwBRTvKyetzkYViWHN4AaABAg,@toasttogoodlife,🥰 thank you,9,2022-09-04T15:29:16Z
6qmkMTxL2c0,UgztD_qygIYXutE4CYZ4AaABAg,@올리브-w3n-i3n,아기 루돌프 손하트 귀여웡~~^^,7,2022-09-04T16:32:24Z
6qmkMTxL2c0,UgwuAvNa1WzpsAaoqxp4AaABAg,@appid5590,🙏🙏🙏🙏🙏☺👍🪐🪐thank you for photo so beatiful of you on your youtbe.,5,2022-09-04T22:52:09Z
6qmkMTxL2c0,UgxnahV4sXhBxQBTZAB4AaABAg,@드림키스,저 성량보소~^^*♡ㅎㅎㅎ 마지막 춤 신경써서 하는거 보이십니까~?? ㅎㅎㅎ 우리 민토드 노력 많이하는 뮤지션입니다~많이 사랑해주세요~♡ 감사합니다 ~^^*♡,18,2022-09-17T17:42:30Z
6qmkMTxL2c0,Ugx3wV3OzECDV8LnFX54AaABAg,@치킨-sk2,마지막 춤!,4,2023-01-04T02:00:37Z
6qmkMTxL2c0,UgzE6414G5hUOFW4CpV4AaABAg,@minue_always_be_happy1558,MINUE is amazing 👏👏👏👏👏👏 Thank you very much 😘😘💜💜💜,12,2022-09-04T16:58:54Z
6qmkMTxL2c0,UgzNkRznipypUlZ6dg14AaABAg,@ЕленаЕленаСолодСолод,👩🤩👏👏👏👏✌️,6,2022-09-12T18:59:05Z
6qmkMTxL2c0,UgxKZXxnS4tIIYro4np4AaABAg,@mikaelb7735,"Can someone, please, tell me who is the man in blue uniform at 0:28?",2,2022-09-05T20:24:56Z
6qmkMTxL2c0,Ugyo5DvnE3PakFP7lW94AaABAg,@witharthitaya,Minue performance 🔥💜💜,5,2022-09-04T16:23:50Z
6qmkMTxL2c0,UgzUqJWeGhZMfbHc9bl4AaABAg,@mikaelb7735,I ask again : who is the man in blue uniform at 0:28?,1,2022-09-06T16:28:17Z
6qmkMTxL2c0,Ugytrb1UrgwFlgRYB0V4AaABAg,@ТатьянаВонда,❤❤❤❤❤.,1,2024-07-19T14:23:38Z
A-BpymVO46E,UgzHXGcyYHX549gxMM94AaABAg,@최진실-f6k,모든 표정이 예쁘네,66,2023-08-19T15:04:12Z
A-BpymVO46E,UgyZWXRjIquqwV-8kC54AaABAg,@팅거벨,김유정은 배우다,38,2023-04-29T12:37:05Z
A-BpymVO46E,UgyZfxbXT2guJGNu9LJ4AaABAg,@이원숙-b2w,웃는  모습이  해맑아...,1,2026-01-23T13:22:11Z
A-BpymVO46E,Ugw8V29Tl-uvOSs8zSl4AaABAg,@monicavasquez2099,Congrats Ms Kim Yoo Jung your the best in acting ..love Yoo so much ❤❤❤❤,22,2023-03-29T11:20:43Z
A-BpymVO46E,UgzdMQK3AyJjijPj7jR4AaABAg,@youdont_knowme22,sweett,10,2023-03-30T11:31:15Z
A-BpymVO46E,UgxMAoLIks1Ww16srrJ4AaABAg,@MinJungChoi-p6w,❤,11,2023-04-09T17:26:28Z
A-BpymVO46E,UgwiWqg26kDDDWJwk254AaABAg,@ЛюбовьЛукьяненко-ю1ю,Ким Ю Джон-классная!❤,4,2024-03-31T08:40:36Z
A-BpymVO46E,UgyJf6nuzgAJQe8sIYx4AaABAg,@ВалентинаКленина-б2н,Это.джун.ки.как.права.я.,3,2023-09-02T19:00:47Z
LQJBdCiiuYg,Ugyv_b8zLvJkxEEdV1x4AaABAg,@dah33,또 한번 반하고 갑니다!,5,2018-03-31T13:53:15Z
LQJBdCiiuYg,UgwN7_FJEcfPu2rU9VF4AaABAg,@Y은구,윽...ㅠㅜ 직접 못 본게 한이다...진짜ㅠㅜ 너무 뽀얘,3,2018-04-11T16:29:51Z
LQJBdCiiuYg,UgzX7fjaspxPbjW2HnV4AaABAg,@강비밀-b9g,좋다...,2,2018-03-31T13:55:38Z
E5iAlwkQpQ8,Ugzf1wR8lM-hb4Wbv754AaABAg,@above-y8z,"준일오빠  상큼해요 ㅎㅎ 
키위  🥝  오렌지 🍊  생각나 ㅋㅋ 🩷💛🩷양준일 포에버~~😊",4,2024-12-16T10:18:35Z
E5iAlwkQpQ8,UgxxLg-rAYYMdFAkFPJ4AaABAg,@wizin6909,"간지나는 츔
양준일 님  최고의 아티스트에요",5,2024-03-14T11:33:15Z
E5iAlwkQpQ8,Ugxj8voCwpKnVzrOl414AaABAg,@희망-z5c,열심히하는 모습 좋아요😊😊,1,2026-01-31T03:52:34Z
E5iAlwkQpQ8,UgyHMZA7O4FeDz1ywwF4AaABAg,@아몬드-v2x,Yang Jun-il's concert was fantastic. I want to go again.,21,2023-09-29T13:39:04Z
E5iAlwkQpQ8,UgzL1s4v3rKcqPDoRYR4AaABAg,@carpediem-h4t,"숏츠 영상.아름다워요
포인트 잘 잡으셨네요!
그때 그시절 다 분출하지 못한 
용암.
이제야 불타오르는 활화산!!
우리 스타 양준일  님",25,2023-09-30T14:56:58Z
E5iAlwkQpQ8,UgwVfVxI8_Xx0scmOzV4AaABAg,@jennykim6108,"와우 멋지다.
양준일님.
양준일님덕에 행복한 하루였어요 .    ❤❤❤❤❤❤❤❤❤❤❤❤",34,2023-09-28T13:05:49Z
E5iAlwkQpQ8,UgwmGLDGHwGjLDje48B4AaABAg,@알로하-k8v,"이보다멋찐
라스트댄스 는없었다
행복했다
양준일님 때문에",37,2023-09-28T09:41:09Z
E5iAlwkQpQ8,Ugx768apzWcb-yAAE6R4AaABAg,@ki5639,행복했다 진심😊,34,2023-09-28T12:03:30Z
E5iAlwkQpQ8,UgyNoQmOO92gjLaFjOh4AaABAg,@이영옥-n3c,"준일님....
살려주세유....😅🙏🏻",21,2023-09-30T05:14:07Z
E5iAlwkQpQ8,Ugw-g5bNH8lvzQtNik14AaABAg,@김정옥-x7x,언제봐도 미소가~,25,2023-09-29T08:18:14Z
E5iAlwkQpQ8,UgynV45ZLq7-nH50a2J4AaABAg,@Anasia3733,최고의 시간이었어!!!,26,2023-09-29T04:39:31Z
E5iAlwkQpQ8,Ugz_O9mVXruxSWfsVoF4AaABAg,@러브제니-l9z,"우와!너무 멋진 양준일 ❤
무대위에서 가장 빛나는 양준일 ✨️ 💕 
스윗하고 러블리 한 양준일 ❤
본투비 연예인 의 연예인 신비스런 양준일 ❤️ 
독보적인 음색을 가진 최고의 가수양준일 ❤️ 
순수한 매력덩이 천재가수 양준일 ❤
미소가 아름다운 양준일 ❤
너무 신이나고  즐거웠습니다❤
양준일. 영원하라 ❤",10,2023-10-09T15:48:16Z
E5iAlwkQpQ8,Ugw8TXL4SQPaLrsyypt4AaABAg,@차병원-q9s,아트완전체❤,23,2023-09-29T08:44:04Z
E5iAlwkQpQ8,Ugw6fkeIuRSVNV4uAiF4AaABAg,@moonlight-m1z-y,콘서트때는 분위기에 취해 정신이 혼미. 표정을 볼수 없었는데 ~저 러블리한 미소 심쿵,11,2023-10-08T02:16:10Z
E5iAlwkQpQ8,UgzT-Ux1BWRXYEc9pQR4AaABAg,@유유-l9s,아무튼 모든 신나고 즐겁게 보내세요,8,2023-11-25T13:15:29Z
E5iAlwkQpQ8,UgwgHdJR8BRd9VJgFJB4AaABAg,@younglee1732,양준일 콘서트라 해도 무방한 제대로 즐긴 시간. 영원히 함께해요 🎉🎉🎉🎉😊😊😊,12,2023-10-08T02:33:29Z
E5iAlwkQpQ8,UgzJTH3HbCQE9ejJT3F4AaABAg,@younglee1732,타 가수의 노래도 외워서 즐기는 양준일 만의 무대. 사랑스런 모습,9,2023-10-27T21:53:51Z
E5iAlwkQpQ8,UgxOG9mNt9IErPad2TJ4AaABAg,@green-l2g-t2k,어우 귀여워,14,2023-10-05T00:15:07Z
E5iAlwkQpQ8,Ugy6uuNP0Gxjp3dg_b54AaABAg,@은-j7x,나도 가고싶다 공연 재밌겠다 ㅋ,10,2023-10-13T07:17:33Z
E5iAlwkQpQ8,UgwTaixUg0krHO9VzF94AaABAg,@sydneyj5173,제대로 콘서트 즐긴 양준일 💙😎🎸 그리고 러블리  제니들❤,34,2023-09-28T09:37:04Z
E5iAlwkQpQ8,UgzK5qkbF8ny6SqTMfN4AaABAg,@oikddja9872,감사합니다,8,2023-10-28T16:39:42Z
E5iAlwkQpQ8,Ugy-ZdSUgG18CY-peBp4AaABAg,@데일리-g3t,"2303년?
 80년 미리 먼저한 슈퍼 콘서트",7,2023-10-11T19:43:33Z
E5iAlwkQpQ8,UgzTvD52hBiAZz7UXTV4AaABAg,@정향자-f7i,20 대 아녀요?,10,2023-10-07T01:41:34Z
E5iAlwkQpQ8,UgzmYHpLm9usrWKytyZ4AaABAg,@박영옥-w7z,양준일님  행복한 모습 그대로   자주  볼수있기를 기대합니다,26,2023-09-30T10:48:11Z
l5QgmlbP2tg,Ugx9jtP9UhK7CYQ13dR4AaABAg,@soonyonghong52,"너무너무 멋있고 감동입니다.
장녹수!  사랑 스럽습니다.",0,2020-10-27T12:34:49Z
l5QgmlbP2tg,UgxUSDVLpLEudiWDYd94AaABAg,@코코-j3f,정말 좋았어요~~~,0,2021-07-16T08:43:35Z
l5QgmlbP2tg,UgwaAVc09pL0ct4FTIB4AaABAg,@marrycha6512,이 장면에 나오는 음악 제목이 뭔지 알 수 있나요?,1,2019-04-13T13:36:37Z
SaULQ5dqBZY,UgwRTxk3p3eHPy2D7Gx4AaABAg,@FaoSkal,"It looks incredible!
Tell me please, will it be a regular performance and will it be repeated in the future?",0,2019-05-06T16:38:05Z
CchMFo4bdD4,UgzVfdiGMIMvdXe8vIl4AaABAg,@하늘-g7v7c,깊고 멋진 생각에 더 응원하게 됩니다~ 언제나.화이팅이에요💛전진홍무용수님~^^,0,2019-10-16T05:58:08Z
CchMFo4bdD4,UgwMmMXrvoNL0l2eEfd4AaABAg,@monsterj4219,"울림있는 공연 항상 감동입니다.
언제나 응원할게요♡♡♡",0,2019-10-17T05:45:20Z
CchMFo4bdD4,UgxsYZEPKqgH6LA_xQd4AaABAg,@촘-y3h,"전진홍 무용수님~~^^
항상 열정적인 무대~~너무 멋지십니다~^^♡♡♡",0,2019-10-17T05:52:27Z
CchMFo4bdD4,UgwopfESEuaMUZTf2t14AaABAg,@박영애-j5d,당신의 열정적인 무대 매너에 박수를 보냅니다.~,0,2019-10-17T05:51:30Z
CchMFo4bdD4,UgxXMEyM2JfcDmslabt4AaABAg,@김지현-v8s8x,항상 열정적인 모습 멋져용^^홧팅~~^^☆☆☆☆☆,0,2019-10-17T05:51:10Z
CchMFo4bdD4,UgwEP3kURkIh86fAHzx4AaABAg,@황연정-e1g,늘 열심히 하시는..진중하신 모습! 넘 멋지세요^^ 아름답고 훌륭한 전진홍 무용수님! 화이팅 입니다^^,0,2019-10-21T04:17:56Z
CchMFo4bdD4,UgxpujkHimJY5q8Pye94AaABAg,@youngkimin9954,진홍씨. 역시나 멋져요🎉,0,2022-10-27T15:24:57Z
CchMFo4bdD4,UgxbEsKWGx9lBTZsy4x4AaABAg,@이원희-j1z2q,무용수님~~~ 이렇게 멋지셔도 되는건지요^^;; 승승장구하시길 기도합니다!!!♡,0,2019-10-17T05:45:35Z
CchMFo4bdD4,UgxDgSfTVfIr48HT3j54AaABAg,@foryou_forme0328,"오~ 진홍님 목소리 짱👍 인데요🙊
진홍님 보고 시퍼요~~ㅋ",0,2019-10-20T15:44:44Z
K8NGh1IEKs0,UgyNFxeM5iojY6QV69N4AaABAg,@체리-y4c,"딥디 ,,,, 딥디 내주세요 ,,,,",0,2020-04-24T00:46:59Z
K8NGh1IEKs0,UgwigJrmNlT8QpdfOmF4AaABAg,@lucian_artes,뒤늦게 생중계 보고 치인 나는 무슨....,0,2020-09-13T10:10:16Z
24oC6Ua1zW4,UgyweAHetWWhlANfluV4AaABAg,@여담천리,그런데 국립국악원에사 공연하는 가인전목단과 너무 다릅니다,0,2020-02-16T15:37:16Z
9QDreWYgPS0,Ugzx0k1ijPZ0iCWRXUF4AaABAg,@punkspop,"I saw this 20 October 17.  Absolutely amazing....So beautiful, powerful, graceful.  One of the best plays I've ever seen.",0,2017-10-21T02:22:21Z
C-y10Dkh09k,UgzrGL5_H_GR1Sqfh8l4AaABAg,@오시훈-w2g,진짜 강하고 건강한미인,218,2024-10-03T00:40:16Z
C-y10Dkh09k,UgwlrOhx9TcQbvelz_94AaABAg,@미소로화답,넘 멋지세요. 역시 자신감이 진짜 최고네요^^,110,2024-10-03T12:51:47Z
C-y10Dkh09k,UgxEyTVTk3otqLyRhD14AaABAg,@센치멘탈,와~~ 매력 쩔어요 ❤❤❤,20,2024-10-04T18:53:03Z
C-y10Dkh09k,UgxPokRkZ-ZxqvwfN854AaABAg,@김상윤-f8c,"50사단 강철부대 아닌가요?
멋집니다...국민이 군을 믿고
편안하게 생활합니다...파이팅",99,2024-10-04T11:41:50Z
C-y10Dkh09k,UgwqdA5HZUjjeoN17JF4AaABAg,@파이란-g3d,내가본 삐끼삐끼중에 최고다,95,2024-10-04T12:17:40Z
C-y10Dkh09k,UgxAmNGFJ3KFRnqEXUx4AaABAg,@블랙스미스-f3j,가슴 따뜻한 영상입니다❤,36,2024-10-04T04:16:21Z
C-y10Dkh09k,UgxLG2rPH-pBliyurJB4AaABAg,@서찬교-b5x,군복입고 삑 삑이를  하니까 넘 멋지네~~~❤😂❤😂❤,30,2024-10-04T02:38:34Z
C-y10Dkh09k,UgwBUCCkaQKw-VRv8Ex4AaABAg,@박춘삼-w6z,멋찐언니❤❤❤,98,2024-10-02T19:31:27Z
C-y10Dkh09k,Ugy9_WuSHKv9wvAuFxp4AaABAg,@송아건강하게행복하게,같은 여자로서 넘 멋지고 아름답네요^^❤❤❤❤❤,33,2024-10-04T21:10:50Z
C-y10Dkh09k,UgzKoX2nAhhiXj95AYd4AaABAg,@스픈리모,"와우!!
자신감 뿜뿜ㆍㆍㆍ
건강미 넘칩니다~🎉🎉🎉❤❤❤",5,2024-10-04T10:38:35Z
C-y10Dkh09k,UgwONjZK7TzwNgI_93F4AaABAg,@김정희-o4d8u,정말 건강해 보이고 이쁘네요. 마음과 몸이 국민 사랑 받기에 충분합니다. 응원해요~~😊😊,0,2024-10-04T23:30:46Z
C-y10Dkh09k,UgztppSdm_-caczXrWB4AaABAg,@김라익-k9r,군강미가 느껴지네요 충생,55,2024-10-03T21:50:37Z
C-y10Dkh09k,UgyTxL_UHWYIKa8nORl4AaABAg,@뒷집누나,저언니 저 끼를 어찌참고살꺼야ㅋㅋㅋ 멋잇어,0,2024-10-04T22:41:06Z
C-y10Dkh09k,UgwmDRCTpBa6bx8mb354AaABAg,@Gyp.p,🎉😂❤아주그냥죽이네 🎉ㅋㅋㅋㅋㅋ ❤❤,13,2024-10-03T13:51:13Z
C-y10Dkh09k,UgyJnTGiE6jb23BKzuh4AaABAg,@lee4532,"넘. 멋지네요. 참신한 대한민국 여군 인가요.
정말 👍 대한민국 미래 입니다",28,2024-10-04T11:24:01Z
C-y10Dkh09k,UgxC1Aj-nHfJCMJR23h4AaABAg,@수기-h5n,여태본 삐끼중  젤 자연스럽다,3,2024-10-04T10:01:23Z
C-y10Dkh09k,UgzjkUuaIkPGmrLj7kN4AaABAg,@감자-c7r,삐끼댄스로 적군죽일수있을거같은건 처음이다. 전투적이네,4,2024-10-04T11:30:07Z
C-y10Dkh09k,UgwYBoI94jywmZaRxsF4AaABAg,@재선김-b4r,"건강미 최고예요 👍 
율동도 최고예요 최고 👍 💕 
행복 건강하시길 바랍니다 충성 😊",3,2024-10-04T15:12:17Z
C-y10Dkh09k,UgwoFtc2jMQouHv-iTJ4AaABAg,@Mentalpartner3212,삐끼삐끼에 박력을 추가하셧구나...,5,2024-10-03T17:18:21Z
C-y10Dkh09k,UgxULi2CWwOFVNwoHl54AaABAg,@이덤프,멋지십니다^^,25,2024-10-03T10:11:54Z
C-y10Dkh09k,UgwKy6yW4kZjgk1vkRt4AaABAg,@yjaebury,강철사단 본부대 97년 군번인데 격세지감이 느껴지네요.보기 좋습니다~~,0,2024-10-04T23:35:17Z
C-y10Dkh09k,Ugypf8azv-2MAVVx6FJ4AaABAg,@백열-b3t,"자신감 에너지가 ...
와우",1,2024-10-04T08:58:00Z
C-y10Dkh09k,UgyW00IJ9qKRJSLIwid4AaABAg,@ernieball20,삐끼삐끼에서 절도가 느껴지다니!! 👁👁,0,2024-10-04T21:17:50Z
C-y10Dkh09k,UgxpKJ7NILsUYY1sFYV4AaABAg,@하모니쿠퍼,군기가 바짝😊😊😊,6,2024-10-03T08:38:12Z
C-y10Dkh09k,UgxUAS1lOwEgJY2cvPR4AaABAg,@양성관-h3y,건강한 군인입니다.❤,4,2024-10-04T14:52:23Z
C-y10Dkh09k,UgyhzJelRr2vA3EhKbJ4AaABAg,@허점-f6n,잘한다귀여워요😅😅😅😅😅,2,2024-10-04T02:34:38Z
C-y10Dkh09k,UgygP5KqS5VEbsBDki54AaABAg,@yesman4627,박력있어 매력 쩐다,1,2024-10-04T12:24:40Z
C-y10Dkh09k,Ugw34u3QEoF3y0pJVKl4AaABAg,@고현진-q5p,멋지다 ❤,49,2024-10-02T23:26:17Z
C-y10Dkh09k,Ugyd0qjWOAHH_motZVN4AaABAg,@정홍기-o9n,최고의 삐끼삐끼다,3,2024-10-04T11:41:35Z
C-y10Dkh09k,Ugwwb5k3YooXHGedEjB4AaABAg,@happycloud1004,최고의 삐기댄스❤❤❤,1,2024-10-04T12:36:27Z
6-yvUfsgl4A,UgxSUy4FFwTdj-me94Z4AaABAg,@마하무용단황진이어스,"여름날 국악원나들이 ^^
살랑부는 바람결 ~~~
그늘 벤치위에서   시원한  아이스커피한잔^^
소풍가듯 ~~곱게 차려입고
설렘가득  공연장으로 ~~~총출동!!

무대를 기다리는 찰나의 순간들을 
담아봤어요 😊

벌써  어제의  추억한페이지  ~~~~",1,2024-06-29T04:31:15Z
6-yvUfsgl4A,UgyR-BNUP3KPVnJgMPx4AaABAg,@성열옥-u5f,내년이  기다려지는 날~~~~^^,1,2024-06-29T22:31:37Z
6-yvUfsgl4A,UgwXBMnhEOpVwE8UjD54AaABAg,@gusals-jl5nw,"마하와 공연 나들이  신나요
멋진공연~~  넘 감사합니다",1,2024-06-29T10:26:32Z
6-yvUfsgl4A,UgxahMfqh-jagiTB_v14AaABAg,@주권기TV_담당정피디,"총 출동~~~~~~🎉
오늘도 멋진 영상 감사합니다❤",2,2024-06-29T04:05:42Z
6-yvUfsgl4A,Ugy4mu_b_Unc0cAdKHB4AaABAg,@소피아-MY,😸 함께여서 더 행복한 시간였습니다~~,1,2024-06-29T05:29:32Z
6-yvUfsgl4A,Ugwcm-k9D6vIGmHJMnV4AaABAg,@김은경-t9p,"국악 공연이 이렇게 멋진줄 미쳐몰랏네요
한껏 반하고 갑니다~~감사해요~❤",1,2024-06-29T12:33:27Z
6-yvUfsgl4A,Ugxi3pQYN9boTuyvHMp4AaABAg,@남지안-l1j,"멋진영상
감사합니다🎉🎉",1,2024-06-29T07:36:22Z
6-yvUfsgl4A,UgzLuRlGbHudBjXDp5F4AaABAg,@미경이-h3g,수준  높은 공연 볼수 있어서  넘   행복했어요~~^^,1,2024-06-29T04:57:36Z
6-yvUfsgl4A,UgxAcanPNCIMntEb4C14AaABAg,@user-victoria1009,"마하의 특별한 나들이~
국립국악원의 멋진 공연나들이~
초여름의 행복한 나들이!
감사합니다❤",1,2024-06-29T04:18:25Z
6-yvUfsgl4A,Ugwe-oTOx0a51fKCjy94AaABAg,@jd0980,"신나요 ~~^^
나들이 신나요~~^^
예술과 마하와 함께하니. 더욱. 신나죠~~~!!!",1,2024-06-29T04:13:45Z
6-yvUfsgl4A,Ugz8vwLnxiGmt4_MKJl4AaABAg,@cho8709,멋진영상 감사합니다~😅😂😊,1,2024-06-29T04:21:57Z
6-yvUfsgl4A,UgwnJpTNI1fFoL_8Met4AaABAg,@현주정-b7n,멋진공연 볼 수 있어 행복했어요~^^,1,2024-06-29T04:15:23Z
6-yvUfsgl4A,UgyYgv9IUlZ62CTzBqR4AaABAg,@JuKwonGi,너무 행복하고 즐거운 마하님들 멋찜 뿜뿜,1,2024-07-11T12:17:11Z
6-yvUfsgl4A,UgxJG88jxiqPwdSGhiF4AaABAg,@지오경,좋아요  훌륭하네요 찬사를보냅니다 ❤,1,2024-08-19T04:11:45Z
6-yvUfsgl4A,UgyJST4Y2ZqZ8-t8FJt4AaABAg,@choisekim1737,미인들의 나들이~~,1,2024-07-01T04:36:55Z
6-yvUfsgl4A,Ugw1F97syUuADbEySlB4AaABAg,@법운지,같이 동참을 못해서 너무 아쉬워요 ㅠ ㅠ,0,2024-07-06T11:20:36Z
3gnIeQsJlAo,Ugyk4KHeUK2eK4MvSBd4AaABAg,@AngryCatty,말한대로 딱 잘 끊어서 여론도 나쁘지 않음 ㅋㅋㅋㅋ,640,2026-01-22T12:44:28Z
3gnIeQsJlAo,UgwiSX70aPTfDqzNvb94AaABAg,@jaedy1b53,"뭐 맨날 공연안보고 핸드폰 올리고 찍는 사람들 욕하지만
이렇게 유튜브로 올려주는거보면 참 고맙다잉 ^^",4200,2025-08-02T14:21:34Z
3gnIeQsJlAo,UgzuZo19mMGnZN1mNq94AaABAg,@rtk1252,진짜 정 떨어지는게 콘서트나 뮤지컬 커튼콜 같은거 보면 무대에 있는 사람들이 호응 유도하는데 다들 폰으로 찍느라 박수 안쳐줌 뭐 물론 이 이유 하나 만은 아니겠지만 싸이가 왜 저러는지 이해 감,2872,2025-09-28T01:13:32Z
3gnIeQsJlAo,Ugz8Mk7kVeCP4FYEyMt4AaABAg,@엘리사벳-f9p,싸이한테 혼나는 것도 영광이다,1452,2025-11-25T11:43:07Z
3gnIeQsJlAo,Ugyu55kfbIJebOSY4Sd4AaABAg,@Jongwhagi-s3o,"그래. 이거지ᆢ
즐겨야지. 멋있다 싸이",632,2025-06-08T21:56:52Z
3gnIeQsJlAo,UgxzBvRf2LLpulDbyL54AaABAg,@포도랜드-1,이럴때 몸 굳을 듯,46,2026-01-24T05:36:43Z
3gnIeQsJlAo,UgyzA9xerIHHFDIjw9R4AaABAg,@보라쥬-p9c,콘서트 가서 폰이나 카메라로 기록을 하게 되면 내 기억은 거기서 멈춤.. 정말 정말.. 몇장면 남기고픈 거 빼고는 보고 즐기는게 최고죠.. ^^,923,2025-07-28T02:43:34Z
3gnIeQsJlAo,UgwDCQ4tznUfG78bEBd4AaABAg,@hjeong0415,근데 솔직히 싸이가 저렇게 앞에 있는데 어떻게 안 찍어 ㅋㅋㅋㅋ,3,2026-06-27T21:03:16Z
3gnIeQsJlAo,UgxP13vo_hDvp-OB0IR4AaABAg,@MichaelMoon2001,"싸이 형님은 기록하지 말라 하셨지만
기록 해 준 학생 덕분에 더 많은 이가 기억 하겠네여",248,2025-09-08T18:23:12Z
3gnIeQsJlAo,UgyhTTr9FPpdmhkQ1Vx4AaABAg,@Jelly_mang,약간 안내방송같네 ㅋㅋㅋㅋ,8,2026-03-17T12:35:59Z
3gnIeQsJlAo,UgwXU7JtFofGqiQvK9l4AaABAg,@Window_Ent,와 좀 많이 쪽팔릴듯,416,2025-12-17T14:11:09Z
3gnIeQsJlAo,Ugzow_-rYd7FYMcDSx94AaABAg,@dhkcbrhsken,학생 폰내려 ㅋㅋㅋㅋㅋㅋㅋㅋㅋ,28,2025-07-20T02:48:17Z
3gnIeQsJlAo,UgykMzy-sWPwHA1E96x4AaABAg,@wogur-z3i,"기록은 사진 한 장이면 충분히 회상 가능합니다.
불꽃축제 매번 가는데 눈으로 안담고 끝날때 까지 폰으로 담느라 폰 화면으로 감상하는 사람들 보면 속으로 좀 안타깝다고 느껴지더군요..",194,2025-08-10T09:02:03Z
3gnIeQsJlAo,UgzUMJ3icgP3cVwC8XJ4AaABAg,@찬혁-c2c,캬역시 싸이다 즐긴때는즐겨야지 내려놓고 즐기때는즐겨야지,132,2025-07-27T12:29:51Z
3gnIeQsJlAo,UgwsC16GB9jhKs4NFxd4AaABAg,@younggun7078,여름에 물 싸이데기 맞으면 영광,5,2025-12-18T18:08:11Z
3gnIeQsJlAo,Ugych88AXtAISlRJzXB4AaABAg,@나무티비티비나무,근데 진짜 이수지 닮았다,3,2026-03-15T14:25:31Z
3gnIeQsJlAo,UgwWDilo_t-yKiVq1xF4AaABAg,@고슴도치kr,기록은 하는게좋음 더군다나 가까우면 기록하면서 즐길땐 즐기고,6,2025-08-08T01:29:42Z
3gnIeQsJlAo,UgzcVlNP8fJWMpPQ0PB4AaABAg,@tsarbombawhiskey2783,찍든말든 관람 태도 강요하는게 짜치네..,3,2026-05-31T09:45:57Z
3gnIeQsJlAo,UgyS1b7KqGwunJ0BMV94AaABAg,@suj-p2v,막상찍어놔도 안봄 ㄹㅇ 그냥 그순간 라이브로 즐기고 기억하는게 최곤듯,1,2026-01-31T02:31:04Z
3gnIeQsJlAo,UgyJCGWb-joACM_NyRd4AaABAg,@fororim,진짜 예술이다 싸이형님 낭만 멋있다!!,3,2025-11-29T05:42:51Z
3gnIeQsJlAo,UgyknT-NOHKiRJW3qat4AaABAg,@오직예수유튜브입니다,귀여워 요 😮,1,2025-09-20T12:32:37Z
3gnIeQsJlAo,UgwJCd50-1MW80J8LOh4AaABAg,@lokiyou31,군대를 한 번 가지 말고 두 번 가시고,2,2025-10-21T06:21:23Z
3gnIeQsJlAo,Ugx_Oj4Qidj9U99dy0Z4AaABAg,@노현우-b5n,내 생각엔 기록:기억 1:4 정도로 가져가면 제일 좋은 거 같다 ㅋㅋ,1,2026-03-06T14:56:55Z
3gnIeQsJlAo,UgyZuIukQaMTT6r8GuJ4AaABAg,@공희영-l9t,파란색 잘 어울리는 것 같습니다,1,2025-11-25T05:31:40Z
3gnIeQsJlAo,UgzUKrf2xTZHGndYdyF4AaABAg,@gosemf-1,근데 진짜 이건 추억이다 하면서 내가 찍는게 특별하단마음으로 계속 찍긴하는데 결국 이런것도 나중에 꺼내서 본적이 없음. 진짜 걍 즐기는게 더 행복하긴했음,1,2026-02-28T14:40:15Z
3gnIeQsJlAo,UgwTvM4r_YTueU-fNiZ4AaABAg,@나인99,멋지다,0,2026-05-22T04:32:30Z
3gnIeQsJlAo,UgzzSgwVxD1A1aHiIAN4AaABAg,@말랑토비,ㅋㅋㅋㅋ아버씨 웃기네뇨,1,2025-12-23T09:41:48Z
3gnIeQsJlAo,Ugy1etfN4SqqOA-Qxl94AaABAg,@천재-p3j,ㅈㄴ멋있다,0,2026-05-29T00:01:28Z
3gnIeQsJlAo,Ugx79YL16M6r2AuSR2R4AaABAg,@Tiger04-g6i,약쟁이 기억함,1,2026-06-24T01:28:54Z
3gnIeQsJlAo,Ugx5RNgzvVJ1CY9TJoR4AaABAg,@연어초밥-u6l,ㅋㅋ 재밌네요,0,2025-11-16T01:38:20Z
zpJh9-P3WgI,UgxJFg8J9VorfNup4ud4AaABAg,@홀리몰리곽하몰리-c8h,와 진짜 진짜 이쁘다 찍은 영상으로만 봐도 이렇게 이쁜데 실물로 보면 얼마나 이쁠까...,1576,2025-05-22T13:18:06Z
zpJh9-P3WgI,UgxOG5MAHsX0DwM-8qh4AaABAg,@뀨-x9g,와 아트비트 영상에서 본 것보다 이렇게 찍은게 훨씬 예쁘네... 실물이 이것보다 더 예쁜게 말이 되나...,786,2025-07-31T17:24:24Z
zpJh9-P3WgI,UgwxmjI2QuowLQtTyup4AaABAg,@dldzx,"일반인이 이게 맞냐,, 개이뻐",232,2025-06-09T23:28:01Z
zpJh9-P3WgI,UgzqwfFwUdsEqI5BZUR4AaABAg,@집가고싶다_뤂,너무 이쁘다,447,2025-05-16T11:27:05Z
zpJh9-P3WgI,UgwX-3aljG1Qv_ryEFt4AaABAg,@ggguis2,와 진짜 예쁘네,494,2025-05-13T05:04:07Z
zpJh9-P3WgI,UgyiaRbw9Ip7LUpzXDJ4AaABAg,@meow_0424,요정이 따로없다.. 🧚‍♀️🧚‍♀️,160,2025-05-14T10:02:46Z
zpJh9-P3WgI,UgyNrtcj57aX7ZuIvw14AaABAg,@mxxng9,너무이쁨ㅜ.ㅜ,17,2025-11-27T13:22:34Z
zpJh9-P3WgI,Ugz23iEYOooEQ9ekp2B4AaABAg,@강태현탕구리파,수마일씨 남친인거 짱부럽네 저 언니 내가 델꼬 가고 싶다,22,2026-02-12T14:26:20Z
zpJh9-P3WgI,UgyZOXM0hLNYpgB-o0V4AaABAg,@크크맨-b,착장도 겁나 잘어울린당,6,2025-10-28T05:57:45Z
zpJh9-P3WgI,Ugx-ppJBNPkrWSgGSQF4AaABAg,@jjin_velyy,인플루언서중에 제일 예쁜 것 같아요,0,2026-07-01T14:33:29Z
zpJh9-P3WgI,UgzqqKEuYMTuJiqHEux4AaABAg,@에이트코,이런 화질이 좋다,3,2026-02-03T02:35:08Z
zpJh9-P3WgI,Ugy5TgHGe0Zs9QX1JiB4AaABAg,@이유경-l1t8p,와 진짜. 이쁘다 ㅠㅠ❤❤,2,2026-01-18T14:13:30Z
zpJh9-P3WgI,UgwaaQOh3dpGYBGzewZ4AaABAg,@150키로파이어볼러,여신이네💘,2,2026-02-08T02:30:20Z
zpJh9-P3WgI,Ugz61acvnTQexEYXihF4AaABAg,@이유경-l1t8p,진짜 진심으로 너무 이쁘다 완전 아이돌 체질,2,2026-01-18T14:14:11Z
zpJh9-P3WgI,Ugy5WnfJex3c71PU-JB4AaABAg,@키키와이-y1u,와 넘 이쁘네 실물도 보고싶당,2,2025-12-16T03:51:13Z
zpJh9-P3WgI,UgzqShbZTPZ2ZhLpd754AaABAg,@user-se7mj9pb2g,"실물본적 있는데..
 아이돌들 나오기 전 무대하시는? 거였음 근데 모르고 보다가 아이돌인줄 알고 친구한테 무슨그룹 이냐 물어봤던 기억이 있습니다..",22,2026-01-07T17:18:11Z
zpJh9-P3WgI,UgyoViHMunz5XCXJ_qF4AaABAg,@Mninii-s4e,머릿결도 엄청 부드럽고 하늘하늘해보인다…,7,2025-10-21T22:42:41Z
zpJh9-P3WgI,Ugwni53uLNjuuqCFu1h4AaABAg,@gimhintingwei8777,Gaeun so pretty!!!,60,2025-05-12T08:58:35Z
zpJh9-P3WgI,Ugw-sb_K8WaIoOJJhAR4AaABAg,@Caby.T03,Lee gaeun ❤❤❤,10,2025-05-17T08:09:37Z
zpJh9-P3WgI,Ugxmb2HEI4v48Z3u9Bt4AaABAg,@with_mycutebunny,연예인 같으시다!!,10,2025-06-02T09:32:07Z
zpJh9-P3WgI,Ugx5bHbJA6OyFa53I7V4AaABAg,@itsvelora03,OMG❤,2,2025-11-01T07:21:25Z
zpJh9-P3WgI,UgxZt_MgkGfZMq2vHf14AaABAg,@쭈집,귀엽네요잉,0,2026-02-19T05:47:09Z
zpJh9-P3WgI,Ugy0dg8z1sBl774paJ94AaABAg,@Princesssjasmin-s3p,GAEUNS VISUALS ARE INSANE!!!! SHE COULD HAVE BEEN A KPOP IDOL TOO !!! HER FACE CARD NEVER DECLINES A TRUE BEAUTY!!!,11,2025-09-10T12:07:18Z
zpJh9-P3WgI,UgzaHqWNbQ3JImIyczN4AaABAg,@FershtehAshiyan,Gaeun is so pretty....❤,3,2025-06-11T20:49:49Z
zpJh9-P3WgI,Ugxn5W72ny1E-On8XBR4AaABAg,@김밥-d9b,카메라보다 훨씬 이쁘시다.. ㅜㅜ,8,2025-09-24T21:08:01Z
zpJh9-P3WgI,UgymHZYE6yBS1EkJDA14AaABAg,@you_8197,아니 진심 개이쁘신데..?,1,2025-10-12T18:01:10Z
zpJh9-P3WgI,UgzZ0tJtoltAuMI-jKt4AaABAg,@TiborPocsay,Cute all Lady's 😮,10,2025-05-14T11:58:00Z
zpJh9-P3WgI,UgwDpFbkQGk9xGzYOrt4AaABAg,@Chris-m7k2j,Happy new year girls xxxxx ❤❤❤,0,2026-01-02T04:30:08Z
zpJh9-P3WgI,UgzCbV0-TAslbkfoSgR4AaABAg,@bg2476,"뒤에 턱 두꺼운 분이 입술과 눈이 더 이쁨.
오히려 턱때문에 입술 눈 표정이 상대적으로 더 빛나보임.",0,2026-06-04T10:22:07Z
zpJh9-P3WgI,UgxPaq69o1_AyIFRATN4AaABAg,@atobekeigo17,i donno why but everytime i saw her videos she looks like Yoona hehe,1,2026-03-12T07:24:58Z
5yXrzzpqh4g,UgzQ3CN90WGAiciV-714AaABAg,@심지연-b1u,🎉🎉🎉🎉😊😊😊,1,2023-06-12T13:32:25Z
5yXrzzpqh4g,UgynDWG0YrqiBPtEOSV4AaABAg,@Park-bz8zf,"에휴~~ㅜㅜ
울아들은 낮을 많아 가리고 사람사귀는거 어려워해서 저런걸 못즐기고 집에 왔더라구요....",0,2024-03-12T12:39:56Z
EzfSPaCXlJY,UgyGKTFBknBGwpNAJ4J4AaABAg,@JungGam,🎶🎶🎶🎶🎶🎶🎶,0,2026-05-22T05:42:29Z
3-qF3PsKkKY,UgxGbHrb1NhnpNcoAtp4AaABAg,@lcmpark,7:06 완전 맞습니다ㅠㅠ,2,2023-12-18T06:41:02Z
DbTZI2fstro,UgylfvVFR-9Ayj3SBOZ4AaABAg,@데스해머쵸로키,네즈코는 개똑같은데 탄지로가 ㅋㅋㅋㅋㅋㅋㅋㅋㅋㅋ,355,2025-10-19T16:49:13Z
DbTZI2fstro,UgxkIx8QqHWhAaiABHV4AaABAg,@카마도_네즈코,싱크로율 장난 아니다ㅎㅎㅎ 나즈코 너무 귀여워ㅎㅎㅎ,174,2025-10-19T15:51:09Z
DbTZI2fstro,UgyowwbgKqBCoziLU5V4AaABAg,@borabi3502,"연기를 하면서 캐릭터도 모르곸ㅋㅋㅋㅋㅋㅋㅋ
관객도 모르곸ㅋㅋㅋㅋ 다 몰랔ㅋㅋㅋ",61,2025-10-19T11:23:53Z
DbTZI2fstro,UgxS5iYt_FWPbnb3GZB4AaABAg,@말이안통하네트-r1k,나무도 아니고 녹색 ㅋㅋㅋㅋㅋㅋㅋ,246,2025-10-19T07:05:45Z
DbTZI2fstro,Ugx76cOdUcuJAQkIB-x4AaABAg,@kkoddari,공중파에서 덕후질하다니 진짜 행복하겠네 ㅋㅋㅋ,79,2025-10-20T04:38:04Z
DbTZI2fstro,UgwdbSETqmnp00d1m8l4AaABAg,@나무-u8g,응응(저기저기)가 킥이네,57,2025-10-19T12:49:45Z
DbTZI2fstro,UgwlmbRB4OWKhYvp41l4AaABAg,@콜라-k2v,나즈코 진짜 예쁘고 네즈코가 느껴져서 좋았습니다♡ 나현영 님 최고^^,53,2025-10-19T13:00:10Z
DbTZI2fstro,UgzMrdac8212BG9lJc54AaABAg,@ltk108,실제 애니에서도 네즈코는 으응... 응!! 응!! 이렇게만 함... 고증 철저함... 이상훈님이 계셔서...ㅋㅋㅋ,14,2025-11-24T08:21:08Z
DbTZI2fstro,Ugyas9gvKhdptkJogcB4AaABAg,@栗仙人,현영씨 너무이쁘셔 게다가 귀여워 싸랑해욤 꺄아아아아아아,31,2025-10-19T14:14:51Z
DbTZI2fstro,UgxQ30ci7NRhs8Zy2lF4AaABAg,@ReonHwang,네즈코짱~~♡ 가와이~~~♡,64,2025-10-19T07:51:50Z
DbTZI2fstro,UgzvKSY1lp-3opYyVjR4AaABAg,@lazyhum6390,이상훈님 다음번은 체인소 맨 입니다,243,2025-10-19T07:08:44Z
DbTZI2fstro,Ugzxz0HnhdXo7_LAcUJ4AaABAg,@CHERISH_MIWOO,개이뻐 진짜 ...,10,2025-10-19T13:28:38Z
DbTZI2fstro,Ugz0DX9AhFt37IYjRyZ4AaABAg,@쪼국-s4x,ㅈㄴ귀엽넼ㅋㅋㅋ,14,2025-10-20T00:45:56Z
DbTZI2fstro,UgzMydTgsSJi5UFieIR4AaABAg,@dmldls_꿈뜰이,젠이츠는 원래 추남 설정이라고 하지만 기유는...미남캐였는데.....,10,2025-10-22T08:56:25Z
DbTZI2fstro,UgzTVQR8YPanPrly8g54AaABAg,@ed_White_Camp,나즈코쨩~,12,2025-10-19T07:44:34Z
DbTZI2fstro,UgzugYv8kE7Sf-rht294AaABAg,@Hsw0322,워메 나현영언니가 네즈코입으니까 잘어울린다,6,2025-10-20T05:04:26Z
DbTZI2fstro,UgytCQ8X5uUYvWegYGh4AaABAg,@konosubaqua,와~ 나즈코다~,10,2025-10-19T08:18:44Z
DbTZI2fstro,UgwampZ1VRjyyZfzfcB4AaABAg,@banminseok1,응응응!! 응응! 응! 응!!! 웅!!,14,2025-10-19T11:29:06Z
DbTZI2fstro,UgymaltnZMrCl-7ooUV4AaABAg,@엔젤-s3w,응응 개귀여워❤,4,2025-11-22T23:12:45Z
DbTZI2fstro,UgyhKTrdSrXOm0VUjkx4AaABAg,@박예은-h7p,괜찮아요 너무 이뻐요,3,2025-10-20T06:10:49Z
DbTZI2fstro,UgwTNf06O66pPLwYXTd4AaABAg,@msk91177,뭘 해도 이쁘네 😊,32,2025-10-19T07:54:18Z
DbTZI2fstro,UgwqWehoh51vn6mHukd4AaABAg,@Noneedyourmoney,아니ㅋㅋㅋㅋㅋㅋ 사전에 미리 캐릭터들에 대해서 공부하고 와야지ㅋㅋㅋㅋㅋㅋㅋ 진짜 모르니까 개웃기네ㅋㅋㅋㅋㅋㅋ,0,2026-06-30T08:35:39Z
DbTZI2fstro,UgzdAnFO0LVFVKGSI-J4AaABAg,@melone0629,나현영이 네즈코를 잘 살렸네 ㅋㅋ,1,2026-05-14T14:13:13Z
DbTZI2fstro,Ugxlxc5bcc_JPRDNOaZ4AaABAg,@렌_0il,우와아아아아 1빠당!!!!,7,2025-10-19T07:00:55Z
DbTZI2fstro,UgyKb3llo7YySFiVsVx4AaABAg,@KtO86210,싱크로율 90퍼이상!!코스프레 너무 잘됨!!,15,2025-10-20T09:20:20Z
DbTZI2fstro,Ugwnd-dVGA2WlMspNRp4AaABAg,@타로미라클,최고입니다!,0,2025-12-28T10:48:31Z
DbTZI2fstro,UgxburAVr4MsEQNbY8F4AaABAg,@praytochild4006,이상훈 네즈코짱 왤케 웃기지 ㅋㅋ,1,2025-11-15T05:51:13Z
DbTZI2fstro,UgwcaTI1iCNJmr53FzV4AaABAg,@두근두근-e9l,진심...탄지로만 잘 살렸어도 이번 코너 레전드 됐을듯 ㅋㅋ,2,2025-10-23T13:04:27Z
DbTZI2fstro,UgxL0HWlOZHPePk65vB4AaABAg,@TDI_Detail,네즈코가 물고있는거 대나무에요,1,2025-11-29T13:02:21Z
DbTZI2fstro,UgxlCLqOnygSTXcf02h4AaABAg,@수수-d6i9j,네즈코귀여워❤,1,2025-12-27T05:39:54Z
o6HktW7_Xlg,UgxsVjTitk7zWmEKII94AaABAg,@dancein_academy,감독님 너무 멋지게 만들어 주셔서 감사합니다 ♡,1,2022-06-16T15:10:17Z
blYJbW_VxRo,UgxHd_i3rAbqWeeqqHh4AaABAg,@세자오-t5u,너무~~좋아요,5,2020-04-29T07:48:41Z
blYJbW_VxRo,Ugy_iGphm6kBnhaYKkF4AaABAg,@坂下進-m7q,Hueペアでもソロでも偉大です、最高実力者です、素晴らしい歌唱に感動と感謝、ありがとうございます。,2,2024-04-17T00:35:52Z
blYJbW_VxRo,UgyrP7pmlVaPgDPhvgl4AaABAg,@坂下進-m7q,素晴らしい、歌唱最高、韓国文化、チャングム、冬のソナタ、良いですね、食文化が優れています、キムチにマッコリ、数多、尊敬しています、兄として日本を弟として仲良く出来れば嬉しいです。,2,2024-04-09T11:44:52Z
6ATz5m1yc1M,Ugwzmq5e8sx5SuK-1dB4AaABAg,@seoyuong5330,와우,1,2021-03-27T11:15:32Z
lYOJ5YMFNzY,UgwMmi7-UGB-LDl8jmt4AaABAg,@승희김-u9c,많은 고민 끝에 선택한 온라인 연주회. 현장감은 덜하지만 더 많은 분들께 들려드릴 수 있어 보람 있네요. 듣는 모든 분들이 잠시나마 행복하시기를 바랍니다. 해마다 성장하는 원주시티즌코랄이 되겠습니다,3,2021-10-23T11:25:45Z
lYOJ5YMFNzY,UgxXasZD9eaAySbi9iB4AaABAg,@suimpl1113,"찍짝짝!!!  기립박수를~~~
열정적으로 현 모든 상황을 종식 시킬 아름다운 하모니의 멋진 공연을~~~~
그리고 아름답게,이쁘게, 사랑스럽게 빛난 모습을 보인. 그녀 im~~~",6,2021-10-22T16:17:31Z
lYOJ5YMFNzY,UgyPZ7VBWYxLq35qt714AaABAg,@user-cr9gz1kt6c,"이상임 단원님 팬 입니다♡♡♡
멋진 공연  감사합니다. 
원주시티즌코랄 항상 응원합니다😊",7,2021-10-21T14:06:03Z
lYOJ5YMFNzY,UgyL94Rhi2sJqIoA5Vp4AaABAg,@Ime0222,역시 시티즌이 짱이지 말입니다~~~♡,6,2021-10-21T12:17:48Z
lYOJ5YMFNzY,UgzO9yKD4JVUMxBcr2F4AaABAg,@경화이-j5z,"원주 코랄 합창단 정기 연주회를 축하드려요
저 일여단입니다
여기서 이렇게 봬니 더 반갑네요😄
어느듯 10월 하순으로 접어든 깊어진 계절에 아름다운 하모니로 평온함이 가득한 저녁 시간을 선물해주심에 감사드립니다🙏",2,2021-10-21T12:05:35Z
lYOJ5YMFNzY,UgxkmpT3u8Xw9H8YwDF4AaABAg,@agheha684,"김태영 지휘자 선생님 

원주시티즌코랄 제5회 정기연주회
축하드립니다 
멀리서 응원과 감사의 마음으로
감상하고 있습니다 
가을밤 마음이 깊어지는 아름다운 음악 
고맙습니다",5,2021-10-21T12:33:33Z
lYOJ5YMFNzY,UgyNBkKiI92YBul3BBp4AaABAg,@jadesong1988,정기 연주회 축하드립니다. 어려운 상황 속에서도 아름다운 하모니를 이루어 내셨네요.,4,2021-10-21T11:46:23Z
lYOJ5YMFNzY,Ugwpr3oQRm3YG6hOqAd4AaABAg,@박소원-f2j,"그리운 노래가 나오네요

추억의 노래",4,2021-10-21T11:03:28Z
lYOJ5YMFNzY,UgzsscvSXY11TRElHax4AaABAg,@이재호-m3s,지휘자님 멋있습니다,4,2021-10-21T11:04:53Z
lYOJ5YMFNzY,UgwqX79GcQGtIkk1RxR4AaABAg,@이용호-y6r,원주시티즌코랄 화음이 가을밤을 아름답게 해주네요! 수고하셨습니다. 화이팅 ~~~,1,2021-10-29T15:10:00Z
lYOJ5YMFNzY,UgxjdCvHsdesQgVRgRN4AaABAg,@박소원-f2j,"축하드려요
제5회 정기연주회
열심히 볼게요~~^^",3,2021-10-21T11:01:50Z
lYOJ5YMFNzY,UgwCw0OSyFHLT9JVz5x4AaABAg,@이범숙-z2w,"함께  해서  아름다운 합창 !
한분한분  빛나고 아름답습니다.",3,2021-10-24T03:40:29Z
lYOJ5YMFNzY,UgzvfOlV6baucS3Wcv54AaABAg,@이성만-v7h,원주 시티즌 코랄 그리고 뒷태 미남 김태영 지휘자님 멋져요~~~!!!^^,4,2021-10-21T11:48:53Z
lYOJ5YMFNzY,UgyVSQSYLWYSPwvUcCp4AaABAg,@이재숙-v6o,귀호강합니다~~좋은시간 주셔서 감사합니다,2,2021-10-21T11:55:28Z
lYOJ5YMFNzY,UgxeETSS-V70Z4WGTT94AaABAg,@박선미-t5z,다은 선생님 피아노 너무 잘쳐요🥰🥳❤,5,2021-10-22T07:44:39Z
lYOJ5YMFNzY,Ugz7oM5OWwC4agc-74x4AaABAg,@성민이-b4x,힘든 상황에도 멋진 공연을 해주신 모든분들께 박수를 보냅니다~고생 많으셨습니다 ~^^,3,2021-10-21T12:09:23Z
lYOJ5YMFNzY,UgzrqtfcJPiya27GeAp4AaABAg,@Ddani-h1i,멋진 공연 감사합니다-^^* 단원분들 정말 너무 멋지시네요! ㅊㅅㅇ 단원님 사랑합니다❤️ 최고 멋진 우리엄마😏,2,2021-10-29T03:47:02Z
lYOJ5YMFNzY,Ugx_2bNEDWu0yjeNgzt4AaABAg,@이용수-g7e,원주시티즌코랄 언제나 응원합니다.,3,2021-10-25T13:06:41Z
lYOJ5YMFNzY,Ugwkx-NoIyVi-qr2gVN4AaABAg,@박주영-t8q,멋진 공연 잘봤습니다 🙏🏼 모두 멋지세요!!,2,2021-10-22T04:58:09Z
lYOJ5YMFNzY,Ugy2_1bD8iccDENyVMt4AaABAg,@kty127,잘 하네요.,3,2021-10-21T12:51:54Z
lYOJ5YMFNzY,UgwSVg8i7vTjn_I2vcR4AaABAg,@민경숙-x4d,끝까지  시청하고 보니 기쁘기도 하고 아쉽기도 하고...  내년에는 현장에서~~!!,3,2021-10-21T12:13:03Z
lYOJ5YMFNzY,UgzNi0LkWb5AUegoX0N4AaABAg,@한지현-x5e,음악이 함께하는 저녁시간 보내게 해주셔서 감사합니다 :),2,2021-10-21T11:11:34Z
lYOJ5YMFNzY,UgxytBVB5SlDHwsaeqp4AaABAg,@이선희-k1y7u,"정기연주회 축하드립니다 ~*
아름다운  음악 
감상하게 해주셔서
감사합니다~
선희 차희 화이팅 ~^^

시티즌코랄 합창단을  응원합니다 ~!",2,2021-10-21T17:07:25Z
lYOJ5YMFNzY,UgxDXXTDHMecjzMNYkd4AaABAg,@성민이-b4x,정기연주회 축하드립니다~^^,2,2021-10-21T11:04:20Z
lYOJ5YMFNzY,UgwgT8uXOKOLBrKK5hV4AaABAg,@kty127,아이들 목소리 참 좋네요. 정말,2,2021-10-21T11:29:57Z
lYOJ5YMFNzY,UgwVyKZybkp27RSNDhF4AaABAg,@진훈송-f9b,오  멋있어요,4,2021-10-21T11:37:21Z
lYOJ5YMFNzY,Ugyj5PddwUVjFwLsUTB4AaABAg,@송정은-v7n,고생 많으셨습니다. 감사합니다.,2,2021-10-21T12:02:13Z
lYOJ5YMFNzY,UgwLPxDzcjqC4Y4vpXF4AaABAg,@주하-f5u,멋진 시티즌 코랄 화이팅이요❣️,2,2021-10-21T11:16:52Z
lYOJ5YMFNzY,UgzQKpth0UmJrkpMIKx4AaABAg,@키위소녀,정기 연주회 축하합니다.,2,2021-10-21T11:43:33Z
lYOJ5YMFNzY,UgwSaj_4bO06G_4xZNp4AaABAg,@click7477,피아노 연주하시는 분 엄청 잘 치시네,5,2021-10-22T08:49:50Z
6poiYrerx_c,UgyjNxoCisz62XEvUxF4AaABAg,@박은숙-q6j,예쁘게  잘 해요,0,2021-11-07T00:48:11Z
UUGghc2chnI,UgxfRZGVaxK5TEH5akJ4AaABAg,@moonsu41,☺️☺️☺️☺️,1,2021-05-27T08:24:08Z
UUGghc2chnI,UgyTFQ8Z1wKLfuu6-2J4AaABAg,@HjKim-cj7dp,🤣🤣🤣,1,2021-06-04T15:50:50Z
UUGghc2chnI,UgyzrC4-HWZfjhDWJkl4AaABAg,@nest4611,주커는 넘 귀요워요 ^^♡,1,2021-05-27T10:37:22Z
xIlVvEL7I9Q,Ugya26jm6c8of5MU9bJ4AaABAg,@jiwon2015,멋진목소리 위자드콰이어 흥해라♡,1,2023-09-15T06:23:15Z
xIlVvEL7I9Q,Ugyu4hiC5HCARS5Z5Xp4AaABAg,@ea4682,위자드 최고!!,1,2023-09-15T04:08:24Z
ntv3FH8m2Z0,UggGwQx--Xqhm3gCoAEC,@뿌야-h4j,울초,1,2016-11-12T12:43:13Z
