video_id,video_title,description,channel_id,channel_name,published_at,duration_sec,duration_min,is_shorts_guess,view_count,like_count,comment_count,video_url,channel_subscriber_count,channel_video_count,matched_perf_id,matched_title,matched_genre,matched_venue,matched_perf_start,matched_perf_end,video_type,source_type,notes,date_signal,venue_signal,hashtag_categories,is_condensed_official,explicit_title_quote_match,signal_score,suggested_status,flag_reason
lPo5oZLrxN4,포켓몬식 설명으로 애니 캐릭터 맞추기,"아니 근데 나는 1등에게 선생님이라고 불렸으니까 그걸로 만족해!

콘텐츠 준비해주신 아무탈님 같이 진행해주신
통깡이님, 왈도쿤님, 앵보님, 여까님, 이보늬님 감사합니다!

편집 : 난이
썸네일 : 우산

로제타 채널 멤버십 가입하여 혜택을 누려보세요.
https://www.youtube.com/channel/UCwFBKqPIXtloEldc4G-P_uQ/join

･･*･･✞･･*･･✞･･*･･✞･･*･･✞･･*･･✞･･*･･✞･･*･･

치지직 💚https://chzzk.naver.com/faf9cdd37e2ce5e2af6944dbf42739a9
유튜브❤️ https://youtube.com/@R.Rosetta
다시보기🧡https://youtube.com/@R.Rosetta_FULL
틱톡🩷https://www.tiktok.com/@r.rosetta
트위터🖤https://x.com/R_Rosetta_
⛪로제타 게시판 https://bbs.ruliweb.com/userboard/board/700351

･･*･･✞･･*･･✞･･*･･✞･･*･･✞･･*･･✞･･*･･✞･･*･･

#로제타 #아무탈 #왈도쿤 #여까 #이보늬 #앵보 #통깡이",UCwFBKqPIXtloEldc4G-P_uQ,R.로제타,2026-07-05T03:00:08Z,548,9.13,False,3479,186,17,https://www.youtube.com/watch?v=lPo5oZLrxN4,48500,792,PF270404,로제타,연극,국립극단 [명동] 명동예술극장,2025-08-23,2025-08-31,,,,none,none,0,False,False,0,no_strong_signal,신호 없음
0ZvfGQVCDjk,[트릭컬 리바이브] 사제님의 좋은 냄새가 느껴져요 소리없는 기도자의 사정,"오랜만에 예전 수녀복으로 왔지롱

･･*･･✞･･*･･✞･･*･･✞･･*･･✞･･*･･✞･･*･･✞･･*･･

방송 일자 : 20260702
트릭컬 신규테극의 업데이트!!!와 사복스!! 와 리듬천국!!!

치지직💚 https://chzzk.naver.com/faf9cdd37e2ce5e2af6944dbf42739a9
유튜브❤️ https://www.youtube.com/@R.Rosetta
다시보기🩷 https://www.youtube.com/@R.Rosetta_FULL
틱톡🩷https://www.tiktok.com/@r.rosetta
트위터(X)🖤 https://x.com/R_Rosetta_

･･*･･✞･･*･･✞･･*･･✞･･*･･✞･･*･･✞･･*･･✞･･*･･

#로제타 #Rosetta #라이브루리 #루리웹 #버튜버",UCFD58WwX_J3D3nEfBMIdDUA,로제타 다시보기,2026-07-04T02:14:03Z,5621,93.68,False,8573,175,31,https://www.youtube.com/watch?v=0ZvfGQVCDjk,9440,1267,PF270404,로제타,연극,국립극단 [명동] 명동예술극장,2025-08-23,2025-08-31,,,,none,none,0,False,False,0,no_strong_signal,신호 없음
OanjrupYLwc,[트릭컬 리바이브] 은석공!!!은 어찌되는가!!! 시즌3 챕터5 하편,"비비야!!!!!! 은석!!!!공!!!!!!!!!!

･･*･･✞･･*･･✞･･*･･✞･･*･･✞･･*･･✞･･*･･✞･･*･･

방송 일자 : 20260611
트릭컬 메인스! 업뎃!! 시즌3 챕터5 하편

치지직💚 https://chzzk.naver.com/faf9cdd37e2ce5e2af6944dbf42739a9
유튜브❤️ https://www.youtube.com/@R.Rosetta
다시보기🩷 https://www.youtube.com/@R.Rosetta_FULL
틱톡🩷https://www.tiktok.com/@r.rosetta
트위터(X)🖤 https://x.com/R_Rosetta_

･･*･･✞･･*･･✞･･*･･✞･･*･･✞･･*･･✞･･*･･✞･･*･･

#로제타 #Rosetta #라이브루리 #루리웹 #버튜버",UCFD58WwX_J3D3nEfBMIdDUA,로제타 다시보기,2026-06-12T04:55:38Z,4590,76.5,False,6951,158,34,https://www.youtube.com/watch?v=OanjrupYLwc,9440,1267,PF270404,로제타,연극,국립극단 [명동] 명동예술극장,2025-08-23,2025-08-31,,,,none,none,0,False,False,0,no_strong_signal,신호 없음
9XWAPpMFbhY,로제타님의 림버스 초청강사가 됐다 ?!┃Limbus Company,"매너있는 채팅 부탁드립니다.

#림버스컴퍼니 #limbuscompany
스환 라이브 방송입니다",UC9Cb26wfJA869jlg6Bh8kWQ,스환 Ch. Project Moon,2026-05-10T09:46:02Z,19361,322.68,False,29831,301,5,https://www.youtube.com/watch?v=9XWAPpMFbhY,43700,1014,PF270404,로제타,연극,국립극단 [명동] 명동예술극장,2025-08-23,2025-08-31,,,,none,none,0,False,False,0,no_strong_signal,신호 없음
k1J3sv8heIE,[R 로제타] 지뢰계 룩 해놓고 휠씬 착실한 애,"#로제타 #라이브루리 #vtuber #키리누키 #트릭컬 #Trickcal #키샤

[로제타]

치지직:https://chzzk.naver.com/faf9cdd37e2ce5e2af6944dbf42739a9

유튜브:https://www.youtube.com/@R.Rosetta

트위터:https://x.com/R_Rosetta_

원본:https://www.youtube.com/watch?v=budiNnRCwYM",UCG2G4K-z5v2FEkdDqneiIGw,아키라스,2026-06-09T11:13:26Z,28,0.47,True,2370,72,2,https://www.youtube.com/watch?v=k1J3sv8heIE,554,172,PF270404,로제타,연극,국립극단 [명동] 명동예술극장,2025-08-23,2025-08-31,,,,none,none,0,False,True,2,no_strong_signal,작품명이 따옴표/괄호로 명시적으로 인용됨
1PRg2eLFG7I,라떼아트 챔피언의 로제타 루틴 #바리스타 #라떼아트 #로제타,"라떼아트 챔피언 원웨이 엘리 이지유 바리스타의 라떼아트 로제타 그리는 꿀팁을 공개합니다 :-)

Contact:
instagram: https://www.instagram.com/ahnstar_/
email: pd@unspecialty.com
-------------------------------------------------------------------------------
COPYRIGHT ⓒ COSHARE ALL RIGHTS RESERVED.
저작자와의 협의 및 동의가 없는 영상의 사용을 금합니다.
-------------------------------------------------------------------------------",UC5Oq6jxwXcIHMAnKvOluWcg,안스타,2023-09-19T14:36:42Z,60,1.0,True,55738,903,10,https://www.youtube.com/watch?v=1PRg2eLFG7I,267000,1306,PF270404,로제타,연극,국립극단 [명동] 명동예술극장,2025-08-23,2025-08-31,,,,none,none,0,False,False,0,no_strong_signal,신호 없음
jsHbdnDxlDs,왕초보 라떼아트 로제타 만들기🍃.                         #라떼아트 #로제타 #라떼 #브이로그 #카페 #라떼는말이야,,UCKHiCYNx3K8-ylF0i5rdugg,오늘의 커피,2024-03-20T08:08:18Z,30,0.5,True,5431,50,0,https://www.youtube.com/watch?v=jsHbdnDxlDs,17,25,PF270404,로제타,연극,국립극단 [명동] 명동예술극장,2025-08-23,2025-08-31,,,,none,none,0,False,False,-3,delete_candidate,무관 해시태그 발견
hfZQGBqnTPM,초보자들도 쉽게 할수 있는 라떼아트(로제타) 만들기 #홈카페#라떼아트#로제타,"'시그니처블랜딩'으로 만든 라떼아트(로제타) 만들기 입니다.

저희 헤드로스터님의 죽지 않는(?) 라떼아트 (로제타) 만들기 실력을 뽐내 보았습니다.ㅎㅎ

라떼아트 하시는 초보자님들은 꼭 참고해보세요!",UCbuPaw-kZBE0myETyXHM5lA,카페사장 박씨,2025-09-29T02:05:09Z,36,0.6,True,5192,28,2,https://www.youtube.com/watch?v=hfZQGBqnTPM,143,116,PF270404,로제타,연극,국립극단 [명동] 명동예술극장,2025-08-23,2025-08-31,,,,none,none,0,False,False,0,no_strong_signal,신호 없음
8kvcpZTvn-Y,[리듬 천국 미라클 스타즈] #2 정식 출시 이후 첫 플레이!,"흐악 어려워~~!!!!

･･*･･✞･･*･･✞･･*･･✞･･*･･✞･･*･･✞･･*･･✞･･*･･

방송 일자 : 20260702
트릭컬 신규테극의 업데이트!!!와 사복스!! 와 리듬천국!!!

치지직💚 https://chzzk.naver.com/faf9cdd37e2ce5e2af6944dbf42739a9
유튜브❤️ https://www.youtube.com/@R.Rosetta
다시보기🩷 https://www.youtube.com/@R.Rosetta_FULL
틱톡🩷https://www.tiktok.com/@r.rosetta
트위터(X)🖤 https://x.com/R_Rosetta_

･･*･･✞･･*･･✞･･*･･✞･･*･･✞･･*･･✞･･*･･✞･･*･･

#로제타 #Rosetta #라이브루리 #루리웹 #버튜버",UCFD58WwX_J3D3nEfBMIdDUA,로제타 다시보기,2026-07-06T03:00:10Z,5921,98.68,False,341,25,4,https://www.youtube.com/watch?v=8kvcpZTvn-Y,9440,1267,PF270404,로제타,연극,국립극단 [명동] 명동예술극장,2025-08-23,2025-08-31,,,,none,none,0,False,False,0,no_strong_signal,신호 없음
4yAGlZGskdM,[트릭컬 리바이브] 실키아 저는 한 번에 2개 뽑아요,"ㅋㅋ~

･･*･･✞･･*･･✞･･*･･✞･･*･･✞･･*･･✞･･*･･✞･･*･･

방송 일자 : 20260702
리듬 천국 미라클 스타즈!! 하다가 분에 못이기면 포코피아로 도망 예정

치지직💚 https://chzzk.naver.com/faf9cdd37e2ce5e2af6944dbf42739a9
유튜브❤️ https://www.youtube.com/@R.Rosetta
다시보기🩷 https://www.youtube.com/@R.Rosetta_FULL
틱톡🩷https://www.tiktok.com/@r.rosetta
트위터(X)🖤 https://x.com/R_Rosetta_

･･*･･✞･･*･･✞･･*･･✞･･*･･✞･･*･･✞･･*･･✞･･*･･

#로제타 #Rosetta #라이브루리 #루리웹 #버튜버",UCFD58WwX_J3D3nEfBMIdDUA,로제타 다시보기,2026-07-04T22:00:18Z,2463,41.05,False,773,30,16,https://www.youtube.com/watch?v=4yAGlZGskdM,9440,1267,PF270404,로제타,연극,국립극단 [명동] 명동예술극장,2025-08-23,2025-08-31,,,,none,none,0,False,False,0,no_strong_signal,신호 없음
OMik62YfBto,X에 손을 올려보세요 #shorts #vtuber  #로제타,"편집 : 우산

#로제타 #루리웹 #라이브루리

💚 로제타 치지직 채널
https://chzzk.naver.com/faf9cdd37e2ce5e2af6944dbf42739a9

⛪ 로제타 커뮤니티
https://bbs.ruliweb.com/userboard/board/700351

💬 트위터
https://twitter.com/R_Rosetta_

✉️ 로제타 비즈니스 메일
 r.rosetta@rulilive.com",UCwFBKqPIXtloEldc4G-P_uQ,R.로제타,2023-09-20T08:45:09Z,16,0.27,True,37339,1752,91,https://www.youtube.com/watch?v=OMik62YfBto,48500,792,PF270404,로제타,연극,국립극단 [명동] 명동예술극장,2025-08-23,2025-08-31,,,,none,none,0,False,False,0,no_strong_signal,신호 없음
n2JJZKchFrc,Miku Miku BEAM meme Rosetta.ver #미쿠미쿠빔 #mikumikubeam,"Animating : @퍼런안경_BLAS 

Original : https://youtube.com/shorts/dRzAN4rEVkg

#로제타 #루리웹 #라이브루리 #미쿠미쿠빔 #ミクミクビーム #初音ミク

💚 로제타 치지직 채널
https://chzzk.naver.com/faf9cdd37e2ce5e2af6944dbf42739a9

⛪ 로제타 커뮤니티
https://bbs.ruliweb.com/userboard/board/700351

💬 트위터
https://twitter.com/R_Rosetta_

✉️ 로제타 비즈니스 메일
 r.rosetta@rulilive.com",UCwFBKqPIXtloEldc4G-P_uQ,R.로제타,2024-06-07T15:38:53Z,15,0.25,True,12389,632,33,https://www.youtube.com/watch?v=n2JJZKchFrc,48500,792,PF270404,로제타,연극,국립극단 [명동] 명동예술극장,2025-08-23,2025-08-31,,,,none,none,0,False,False,0,no_strong_signal,신호 없음
USFtaI0tARU,【まいたけダンス】 로제타 마이타케 댄스 #shorts #まいたけダンス,"제작 : @sophiaten 
Original : @JuufuuteiRaden  https://www.youtube.com/watch?v=hymOcFUkCHU

#로제타 #루리웹 #라이브루리 #まいたけダンス 

💚 로제타 치지직 채널
https://chzzk.naver.com/faf9cdd37e2ce5e2af6944dbf42739a9

⛪ 로제타 커뮤니티
https://bbs.ruliweb.com/userboard/board/700351

💬 트위터
https://twitter.com/R_Rosetta_

✉️ 로제타 비즈니스 메일
 r.rosetta@rulilive.com",UCwFBKqPIXtloEldc4G-P_uQ,R.로제타,2024-10-17T14:31:33Z,18,0.3,True,8440,562,43,https://www.youtube.com/watch?v=USFtaI0tARU,48500,792,PF270404,로제타,연극,국립극단 [명동] 명동예술극장,2025-08-23,2025-08-31,,,,none,none,0,False,False,0,no_strong_signal,신호 없음
qiBsT-d03pY,라떼아트기본기_로제타#Shorts,#카페인에미치다 #라떼아트 #로제타 #라떼  #coffee,UCiEt94YA9uYmxm4XyUafzHA,카페인에 미치다,2021-12-01T13:38:19Z,17,0.28,True,2150,17,0,https://www.youtube.com/watch?v=qiBsT-d03pY,28,18,PF270404,로제타,연극,국립극단 [명동] 명동예술극장,2025-08-23,2025-08-31,,,,none,none,0,False,False,0,no_strong_signal,신호 없음
7dVIoB18rq0,"이렇게 그려 볼까요~, 결 하트에 밀어 넣기, 또 다른 로제타, #shorts, #라떼아트, #로제타",,UCc5OKp500nTIjr9zOARtSjQ,해you커피,2023-09-18T23:30:02Z,23,0.38,True,3336,36,1,https://www.youtube.com/watch?v=7dVIoB18rq0,1160,294,PF270404,로제타,연극,국립극단 [명동] 명동예술극장,2025-08-23,2025-08-31,,,,none,none,0,False,False,0,no_strong_signal,신호 없음
QF6JCM7G2rI,라떼아트 무빙 로제타 #shorts,"Moving Rosetta

▶ 홈페이지 : https://redcorner.co.kr
▶ 인스타그램 : https://www.instagram.com/_red_corner_coffeeroasters/
▶ 스마트스토어 : https://smartstore.naver.com/redcorner-coffeeroasters
▶ 원두 및 샘플, 기타 문의 : lazyantz@naver.com",UCq3jUhoCvNHbWUm_JgNIjHQ,커피 친구들 Coffee Friends,2022-09-28T10:15:01Z,21,0.35,True,45008,1146,7,https://www.youtube.com/watch?v=QF6JCM7G2rI,471,48,PF270404,로제타,연극,국립극단 [명동] 명동예술극장,2025-08-23,2025-08-31,,,,none,none,0,False,False,0,no_strong_signal,신호 없음
kG9SkhJlYRw,한 번쯤 그려보고 싶은 로제타 🌿#shorts,"라떼아트를 시작하면 꼭 그려보고 싶은 
패턴이 있나요? 

저는 그중 하나가 로제타 (나뭇잎) 인 것 같아요.
결들이 하나하나 쌓아 올려질 때 행복이 느껴집니다.

다 같이 로제타 도전!! ✍🏻",UCnv0ZxOdZJyx_n2BZYDPAbQ,라떼엄,2023-02-12T00:16:09Z,21,0.35,True,1541,,2,https://www.youtube.com/watch?v=kG9SkhJlYRw,28,11,PF270404,로제타,연극,국립극단 [명동] 명동예술극장,2025-08-23,2025-08-31,,,,none,none,0,False,False,0,no_strong_signal,신호 없음
z5RVQEguB-Y,💜DATEN ROUTE💜 Original vs Parody #shorts #OC #ocanimation,"animating : 녹밥
edit : 전파
art : @dustball_0

original :  @wssplayground   https://www.youtube.com/shorts/W-XiSKRxrI8
reference : https://youtube.com/shorts/OloY7Bf9aLU?si=ta6QfUWQQxG3q9rX

#로제타 #루리웹 #라이브루리

💚 로제타 치지직 채널
https://chzzk.naver.com/faf9cdd37e2ce5e2af6944dbf42739a9

⛪ 로제타 커뮤니티
https://bbs.ruliweb.com/userboard/board/700351

💬 트위터
https://twitter.com/R_Rosetta_

✉️ 로제타 비즈니스 메일
 r.rosetta@rulilive.com",UCwFBKqPIXtloEldc4G-P_uQ,R.로제타,2024-08-06T08:05:51Z,60,1.0,True,103814,6363,45,https://www.youtube.com/watch?v=z5RVQEguB-Y,48500,792,PF270404,로제타,연극,국립극단 [명동] 명동예술극장,2025-08-23,2025-08-31,,,,none,none,0,False,False,0,no_strong_signal,신호 없음
FR6nkG3uzwU,[R.로제타 & 라디유 & 하우카우] 스타로 치지직 수위 도전하는 2명 #Rosetta_Clip,"원출처 : https://www.youtube.com/watch?v=j7iD_VvtZBo
원제 : 쌩초보 3명이서 하는 스타 중계 라디유 vs 하우카우 (중계 : 로제타) 나는 라디유님한테 역배로 겁니다 ㅇㅇ (이번주는 게릴라 주간이오)
일시 : 2025-07-30
라이브루리 로제타


#로제타 #Rosetta #라이브루리 #로제타클립 #Rosettaclip #Rosetta_Clip #vtuber #루리웹 #버튜버 #shorts #버튜버쇼츠 #라디유 #하우카우 #스타크래프트 #스타합방 #스타 #버튜버스타 

로제타 치지직 https://chzzk.naver.com/faf9cdd37e2ce5e2af6944dbf42739a9

R.로제타 https://www.youtube.com/@R.Rosetta

로제타 다시보기 https://www.youtube.com/@R.Rosetta_FULL

로제타 트위치 https://www.twitch.tv/r_rosetta

로제타 트위터 https://twitter.com/R_Rosetta_

라디유 치지직 https://chzzk.naver.com/68f895c59a1043bc5019b5e08c83a5c5

라디유 유튜브 https://www.youtube.com/channel/UC44QE3DVUuDrhUC5yp4zRYQ

하우카우 치지직 https://chzzk.naver.com/a9b2d7249243fc9edbb2dada5623cb8e

라디유 유튜브 https://www.youtube.com/@HOWCOWuuu",UCzjUGnbykgp2yc-XQfPFeDQ,사마_근근,2025-09-03T15:41:39Z,52,0.87,True,18748,104,7,https://www.youtube.com/watch?v=FR6nkG3uzwU,1850,466,PF270404,로제타,연극,국립극단 [명동] 명동예술극장,2025-08-23,2025-08-31,,,,match,none,0,False,False,2,no_strong_signal,날짜 일치
CMlnULZZtIU,#라떼아트 #로제타 #초보라떼아트 #라떼아트로제타 #rosettalatte,,UC9Hu496KfziF5cyZ6mYGGzA,카페나떼,2023-08-13T15:06:09Z,16,0.27,True,102057,442,2,https://www.youtube.com/watch?v=CMlnULZZtIU,40,19,PF270404,로제타,연극,국립극단 [명동] 명동예술극장,2025-08-23,2025-08-31,,,,none,none,0,False,False,0,no_strong_signal,신호 없음
Cbq1oBNfI9w,🌿 로제타 라떼아트 만들기! #shorts,"이번 쇼츠영상은 로제타 ! 입니다!


❤️instagram -  @aya__coffee
                            @_lee_jonghyeok
                            @u_._kyung


☕️ 라떼아트, SCA 커피 교육☕️
✔️정규과정  ✔️원데이 클래스
문의 instagram DM 📩   or  카카오톡 채널  : 아야커피


➡️business E-mail : whdgur0315@gmail.com

🏡카페 위치: 서울 강남구 역삼동 700-26, 아야커피",UCB8K-UT4ue5FiTXWjFofG0Q,아야 커피AYA COFFEE,2021-08-25T08:41:42Z,14,0.23,True,42776,684,10,https://www.youtube.com/watch?v=Cbq1oBNfI9w,184000,22,PF270404,로제타,연극,국립극단 [명동] 명동예술극장,2025-08-23,2025-08-31,,,,none,none,0,False,False,0,no_strong_signal,신호 없음
E5unVTw2R1E,라떼아트 자체 슬로우 로제타 #shorts,,UCTAxX91BVko0F30dmmOubOA,우당탕탕 퍼블릭 커피,2022-10-27T13:16:33Z,20,0.33,True,12955,93,2,https://www.youtube.com/watch?v=E5unVTw2R1E,652,44,PF270404,로제타,연극,국립극단 [명동] 명동예술극장,2025-08-23,2025-08-31,,,,none,none,0,False,False,0,no_strong_signal,신호 없음
3S2MyKwpCmQ,끼니까지 거르게 되는 비참한 청년실업[결말포함리뷰],"벨기에의 거장 감독 다르덴 형제의 1999년작 
[로제타]입니다 결말이 포함된 리뷰입니다.

#황금종려상 #로제타 #유럽영화 #명작영화",UClcxm9J4ZOWO56PQ801PeJA,아만보 무비,2020-09-06T10:06:34Z,854,14.23,False,20567,508,45,https://www.youtube.com/watch?v=3S2MyKwpCmQ,113000,91,PF270404,로제타,연극,국립극단 [명동] 명동예술극장,2025-08-23,2025-08-31,,,,none,none,0,False,True,2,no_strong_signal,작품명이 따옴표/괄호로 명시적으로 인용됨
zWGLox_Y5Xw,"[이동진, 김중혁의 영화당 #177] 1부. 부자 나라, 가난한 아이 (로제타, 시스터)","영화평론가 이동진과 인기작가 김중혁이 B tv에서 뭉쳤다! ‘영화당’ 177회입니다. 

※ 영상 내에서 소개된 모든 영화들을 B tv에서 만나보실 수 있습니다.
 B tv 메뉴 : 영화/시리즈 → 추천영화 → B tv 영화가이드 → B tv 영화당 

* 영화당 영상 속 각 영화 장면의 저작권은 각 영화의 제작사에 있습니다.  

* 본 영상물에 대한 저작권 기타 일체의 권리는 에스케이브로드밴드㈜에 있습니다. 본 영상물을 단순 시청하거나 개인적인 목적으로 다운로드 받는 것 이외에, 에스케이브로드밴드㈜의 명시적인 허락 없이 이를 복제∙공연∙공중송신∙배포∙전시하거나, 본 영상물의 내용∙형식∙제호를 변경하거나, 2차적 저작물을 작성하거나, 그 밖의 방법으로 저작물을 무단 이용하는 행위는 그 목적 여하를 불문하고 일체 금지됩니다. 이를 위반하여 에스케이브로드밴드㈜의 저작권을 침해하는 경우에는 관련 법령에 따라 민형사상 법적 책임을 부담할 수 있습니다.

#이동진 #김중혁 #영화당",UCwR9k7QggFEfeHkvTR31JcA,SK브로드밴드_B tv,2019-09-20T09:00:18Z,1316,21.93,False,21283,358,28,https://www.youtube.com/watch?v=zWGLox_Y5Xw,75900,4340,PF270404,로제타,연극,국립극단 [명동] 명동예술극장,2025-08-23,2025-08-31,,,,none,none,0,False,False,0,no_strong_signal,신호 없음
lJTG8GrwDcQ,여덜명이 한 인물을 연기한다면? 연극 ‘로제타’ 리뷰,"한 인물을 여덟 명의 배우가 연기한다면?
실험적 연출과 따뜻한 시선이 만나는 무대!
연극 ‘로제타’는 어떤 작품일까요?

📍연극 ‘로제타’는?
조선 최초의 여성 병원 설립, 한글 점자 개발 등
한국 근대 의료와 교육을 개척한 실존 인물
‘로제타 셔우드 홀’의 삶과 철학을 그린 작품.

✅ 실험적이고 독특한 연출 
이 작품에서 가장 눈길을 끄는 건
독특하면서도 실험적인 스타일의 연출입니다.
국적·나이·성별이 다른 8명의 배우가 차례로
‘로제타’를 연기하는데요. 서로 다른 얼굴이
한 인물처럼 자연스럽게 이어지며 깊은 몰입감을 주죠.
특히 로제타의 삶의 순간마다 그 상황에 가장
어울리는 모습의 배우가 연기하는 점이 인상적입니다.

또한 그녀의 일기 한 페이지를 넘기듯
목조 건축물이 회전하며 장면이 바뀌는 무대 전환,
시작과 끝이 수미상관으로 맞물리는 구성 역시
잔잔한 울림을 남깁니다.

✅ 따뜻한 시선으로 그려낸 한 인물의 일생
남편과 함께 조선에 들어와 평생을 의료와 교육에 바친
미국의 여성 의사 로지타 셔우드 홀.
무대 위에서 그녀의 삶은 고통과 아픔, 그리고 그 안에
깃든 기쁨까지 담아내며 관객들에게 삶의 의미를
되돌아보게 하고 따뜻한 감동을 전합니다.

무엇보다 우리가 학창 시절 한 번쯤 접했던
크리스마스 씰을 만든 인물이 바로 그녀였다는 사실은
낯설었던 이름을 한층 더 친근하게 다가오게 하죠.

✅ 극의 분위기를 살리는 라이브 연주
극의 따뜻한 감성을 살리는 또다른 일등공신은
바로 라이브 연주입니다. 피아노·기타·첼로·퍼커션이
어우러진 라이브 연주는 극의 장면마다 드라마를
한층 깊고 풍부하게 확장시키죠.

연극 ‘로제타’
8.23-8.31, 국립극단 명동예술극장
김성령, 브래드 버지스, 엠마 수 해리스,
고인배, 견민성, 원경식, 이경구, 김하리, 김소원

#연극 #로제타 #김성령",UCFHitsIuJTAw0iWk1XVd-oA,위키더뮤지컬 Wiki the Musical ,2025-08-27T09:47:18Z,38,0.63,True,2055,15,0,https://www.youtube.com/watch?v=lJTG8GrwDcQ,2110,254,PF270404,로제타,연극,국립극단 [명동] 명동예술극장,2025-08-23,2025-08-31,,,,match,match,1,False,False,5,verified_candidate,날짜 일치; 장소 일치
44ICRVWJFo0,시궁창 같은 현실을 벗어나고 싶었던 한 소녀의 마지막 선택,"#영화리뷰결말포함#영화리뷰#결말포함
오늘 소개한 영화는 로제타(1999) 입니다.

[티빙]
https://www.tving.com/contents/M000361933

[웨이브]
https://www.wavve.com/player/movie?movieid=MV_C3001_C300000011962

[바로보기]
https://www.youtube.com/watch?v=hrETGXqafhU",UCwdJhYvBxVnWAjM0RYBmT4g,영화보는하루,2022-12-30T12:00:03Z,605,10.08,False,8554,166,10,https://www.youtube.com/watch?v=44ICRVWJFo0,65200,34,PF270404,로제타,연극,국립극단 [명동] 명동예술극장,2025-08-23,2025-08-31,,,,none,none,0,False,False,0,no_strong_signal,신호 없음
_HVWMXU4T78,"한배우의 떠드는 영화 #7 '로제타' _ 혼영,영화 추천,영화 리뷰 혼자 영화 보실 분 영상 꼭 시청하세요!","#영화 로제타 #영화 추천 #혼영

한배우의 떠드는 영화 이번시간은 영화 로제타를 떠들어 봤습니다

이 시대의 모든 로제타 들이여~

모두 힘내고 또 힘내고 또 힘내세요

우리는 항상 응원합니다!",UCgeyYCouvyJ-uLVk0aQso8Q,봄나무방송국,2019-09-14T08:00:08Z,415,6.92,False,228,14,12,https://www.youtube.com/watch?v=_HVWMXU4T78,9350,965,PF270404,로제타,연극,국립극단 [명동] 명동예술극장,2025-08-23,2025-08-31,,,,none,none,0,False,True,2,no_strong_signal,작품명이 따옴표/괄호로 명시적으로 인용됨
AE-f0s-qjds,"[이동진, 김중혁의 영화당 #177] 2부. 부자 나라, 가난한 아이 (로제타, 시스터)","영화평론가 이동진과 인기작가 김중혁이 B tv에서 뭉쳤다! ‘영화당’ 177회입니다. 

※ 영상 내에서 소개된 모든 영화들을 B tv에서 만나보실 수 있습니다.
 B tv 메뉴 : 영화/시리즈 → 추천영화 → B tv 영화가이드 → B tv 영화당 

* 영화당 영상 속 각 영화 장면의 저작권은 각 영화의 제작사에 있습니다.  

* 본 영상물에 대한 저작권 기타 일체의 권리는 에스케이브로드밴드㈜에 있습니다. 본 영상물을 단순 시청하거나 개인적인 목적으로 다운로드 받는 것 이외에, 에스케이브로드밴드㈜의 명시적인 허락 없이 이를 복제∙공연∙공중송신∙배포∙전시하거나, 본 영상물의 내용∙형식∙제호를 변경하거나, 2차적 저작물을 작성하거나, 그 밖의 방법으로 저작물을 무단 이용하는 행위는 그 목적 여하를 불문하고 일체 금지됩니다. 이를 위반하여 에스케이브로드밴드㈜의 저작권을 침해하는 경우에는 관련 법령에 따라 민형사상 법적 책임을 부담할 수 있습니다.

#이동진 #김중혁 #영화당",UCwR9k7QggFEfeHkvTR31JcA,SK브로드밴드_B tv,2019-09-20T09:00:04Z,940,15.67,False,11262,191,16,https://www.youtube.com/watch?v=AE-f0s-qjds,75900,4340,PF270404,로제타,연극,국립극단 [명동] 명동예술극장,2025-08-23,2025-08-31,,,,none,none,0,False,False,0,no_strong_signal,신호 없음
WANb-t7ggOE,슥슥이 선생님의 로제타 체스 리뷰,"나 그래도 1일차보다는 좀 발전 한 것 같아~!~!!!!!
같이 진행해주신 슥슥이님 @ssgssg2 
다시보기는 풀슥이 @fullssg2 

･･*･･✞･･*･･✞･･*･･✞･･*･･✞･･*･･✞･･*･･✞･･*･･

방송 일자 : 20260212
슥슥이 선생님께 x스가 얼마나 늘었는지 확인을 받아요 체스~체스~

치지직💚 https://chzzk.naver.com/faf9cdd37e2ce5e2af6944dbf42739a9
유튜브❤️ https://www.youtube.com/@R.Rosetta
다시보기🩷 https://www.youtube.com/@R.Rosetta_FULL
틱톡🩷https://www.tiktok.com/@r.rosetta
트위터(X)🖤 https://x.com/R_Rosetta_

･･*･･✞･･*･･✞･･*･･✞･･*･･✞･･*･･✞･･*･･✞･･*･･

#로제타 #Rosetta #라이브루리 #루리웹 #버튜버",UCFD58WwX_J3D3nEfBMIdDUA,로제타 다시보기,2026-02-13T09:02:43Z,13810,230.17,False,4885,79,12,https://www.youtube.com/watch?v=WANb-t7ggOE,9440,1267,PF270404,로제타,연극,국립극단 [명동] 명동예술극장,2025-08-23,2025-08-31,,,,none,none,0,False,False,0,no_strong_signal,신호 없음
M3239SdlLDs,[R.로제타] 파피 3 후기 요약 #로제타 #Rosetta #라이브루리 #버튜버  #로제타클립 #Rosettaclip #Rosetta_clip #파피3 #파피플레이타임챕터3,"원출처 : https://www.youtube.com/watch?v=QaIOaCWcJJU
원제 : 파피 플레이타임3 하다가 중간에 런치고 극대노
일시 :  20240210
라이브루리 로제타

좋아요!
댓글!
구독!
알람설정! 부탁드립니다!

#로제타 #Rosetta #라이브루리 #루리웹 #버튜버 #버튜버 #로제타클립 #Rosettaclip #Rosetta_clip 

R.로제타 https://www.youtube.com/@R.Rosetta

로제타 다시보기 https://www.youtube.com/@R.Rosetta_FULL

로제타 트위치 https://www.twitch.tv/r_rosetta

로제타 트위터 https://twitter.com/R_Rosetta_

루리웹 로제타 게시판 https://bbs.ruliweb.com/userboard/board/700351",UCzjUGnbykgp2yc-XQfPFeDQ,사마_근근,2024-02-12T15:17:41Z,103,1.72,False,239,10,1,https://www.youtube.com/watch?v=M3239SdlLDs,1850,466,PF270404,로제타,연극,국립극단 [명동] 명동예술극장,2025-08-23,2025-08-31,,,,none,none,0,False,False,0,no_strong_signal,신호 없음
b6cg6FyVu9s,다이소 가성비 자동차 변신 로봇 #리뷰 #장난감 #재미,다이소에서 산 5천원짜리 변신로봇입니다 ㅋㅋㅋㅋ,UCw-kJ9LREUdv8iWI08Tnyig,장난귤,2025-07-30T07:00:30Z,30,0.5,True,669138,6578,212,https://www.youtube.com/watch?v=b6cg6FyVu9s,54300,278,PF270404,로제타,연극,국립극단 [명동] 명동예술극장,2025-08-23,2025-08-31,,,,none,none,0,False,False,-3,delete_candidate,무관 해시태그 발견
ZxzTUBYwMiA,로제타의 오마카세 후기,"황준표;


원본영상 : 대표님 사모님 도라쨩 오마카세 후기와 대마인 (https://youtu.be/Jn4-Niu5EBU)


[R.로제타]
유튜브 : www.youtube.com/@R.Rosetta
다시보기 유튜브 : www.youtube.com/@R.Rosetta_FULL
로제타 커뮤니티 : bbs.ruliweb.com/userboard/board/700351
트위치 : www.twitch.tv/r_rosetta
트위터 : twitter.com/R_Rosetta_


[도라선장]
유튜브 : www.youtube.com/@captaindora5228
다시보기 유튜브 : www.youtube.com/@doraVOD
도라선장 팬카페 : cafe.naver.com/captaindora
트위치 : twitch.tv/siaa03
트위터 : twitter.com/captain_dora


outro : The Penis (https://youtu.be/dxDpdfzwuD4)




#버튜버 #Vtuber #로제타 #도라선장 #Rosetta_Clip #루리웹 #클립",UCaw-Sb6yTUnIAspHBzMHYXw,이웨옹,2023-11-14T02:00:14Z,131,2.18,False,3076,124,8,https://www.youtube.com/watch?v=ZxzTUBYwMiA,422,40,PF270404,로제타,연극,국립극단 [명동] 명동예술극장,2025-08-23,2025-08-31,,,,none,none,0,False,False,0,no_strong_signal,신호 없음
FEvvMQWT5_g,리체스가 체닷보다 가성비가 좋은 이유,,UCL92RHnOEkhJi29CiNJL0Dw,아마췌어스,2025-08-02T03:05:11Z,12,0.2,True,22604,151,14,https://www.youtube.com/watch?v=FEvvMQWT5_g,8550,180,PF270404,로제타,연극,국립극단 [명동] 명동예술극장,2025-08-23,2025-08-31,,,,none,none,0,False,False,0,no_strong_signal,신호 없음
8dF3ayw-eKc,[스텔라 소라] 스텔라 소라 CBT유저 오픈 푹먹후기,"난...게임은 재미있는 것 같은데 (눈치)
커뮤에서 욕먹어서 아쉬움

･･*･･✞･･*･･✞･･*･･✞･･*･･✞･･*･･✞･･*･･✞･･*･･

방송 일자 : 20251021
스텔라 소라 CBT유저가 비교하는 공식출시 이후 바뀐 점 알아보기

치지직💚 https://chzzk.naver.com/faf9cdd37e2ce5e2af6944dbf42739a9
유튜브❤️ https://www.youtube.com/@R.Rosetta
다시보기🩷 https://www.youtube.com/@R.Rosetta_FULL
틱톡🩷https://www.tiktok.com/@r.rosetta
트위터(X)🖤 https://x.com/R_Rosetta_

･･*･･✞･･*･･✞･･*･･✞･･*･･✞･･*･･✞･･*･･✞･･*･･

#로제타 #Rosetta #라이브루리 #루리웹 #버튜버",UCFD58WwX_J3D3nEfBMIdDUA,로제타 다시보기,2025-10-23T23:00:11Z,6058,100.97,False,1429,32,10,https://www.youtube.com/watch?v=8dF3ayw-eKc,9440,1267,PF270404,로제타,연극,국립극단 [명동] 명동예술극장,2025-08-23,2025-08-31,,,,none,none,0,False,False,0,no_strong_signal,신호 없음
HhnvuuEkDII,로제타 대만여행후기 (인퍼니티 2025),"2025년의 대만도 즐거웠다

･･*･･✞･･*･･✞･･*･･✞･･*･･✞･･*･･✞･･*･･✞･･*･･

방송 일자 : 20251128
키보드 청소의 날... 그리고 디스패치 이어서!!

치지직💚 https://chzzk.naver.com/faf9cdd37e2ce5e2af6944dbf42739a9
유튜브❤️ https://www.youtube.com/@R.Rosetta
다시보기🩷 https://www.youtube.com/@R.Rosetta_FULL
틱톡🩷https://www.tiktok.com/@r.rosetta
트위터(X)🖤 https://x.com/R_Rosetta_

･･*･･✞･･*･･✞･･*･･✞･･*･･✞･･*･･✞･･*･･✞･･*･･

#로제타 #Rosetta #라이브루리 #루리웹 #버튜버",UCFD58WwX_J3D3nEfBMIdDUA,로제타 다시보기,2025-11-29T22:30:03Z,2334,38.9,False,385,42,9,https://www.youtube.com/watch?v=HhnvuuEkDII,9440,1267,PF270404,로제타,연극,국립극단 [명동] 명동예술극장,2025-08-23,2025-08-31,,,,none,none,0,False,False,0,no_strong_signal,신호 없음
AZnTCfeDJXQ,라떼아트 로제타 원데이수업 전후✨ latte art rosetta before after,"라떼아트 로제타 원데이클래스💕
🌵수강생님의 상황
이번 라떼아트클래스의 수강생님께서는
바리스타로 오랫동안 일을 해오신 분이셨어요!
대형 카페의 관리자로 들어가게 되신 상태셨기 때문에
직원교육도 맡으신 상태셨습니다🙈

🌵고치길 원하셨던 내용
기복없이 완벽하게 스티밍하는 법부터 전체적인 기본기 점검,
그리고 라떼아트할때의 안정감을 높이기를 원하셨습니다🔥

👾라떼아트가 잘 안되는 데에는
여러가지 원인이 복합적으로 이루어진 경우가 많지만,
그중에서도 몇가지 부분만 간단히 설명해보겠습니다🤠

1. 푸어링 타점의 이동
: 안정화 후 첫 우유거품 띄울 때의 위치가 영상에서와 같이
피쳐가 점차 뒷쪽으로 밀리는게 보이시지요?
포인트가 아랫쪽으로 치우치게 되면서 그림이 잔의 하단부에
쏠리게 되어 전체적인 아트의 대칭이 맞지 않게 되었습니다🥲

2. 불규칙한 피처 핸들링
: 결을 촘촘히 쌓아 만드는 라떼아트패턴들은
무엇보다도 중요한 것이 바로바로 핸들링입니다!
결이 쌓이는 모양이 처음부터 끝까지 동일한 폭이 아닌
삐뚤빼뚤 쌓이는게 보이시지요?😵
결을 만들 때에는 아래 세가지를 꼭 일정하게 지켜주셔야합니다!

-유량
-핸들링의 폭
-핸들링 속도

이외에도 라떼아트에 알맞은 우유스티밍부터 낙차, 유속 등
체크해야할 부분이 많습니다😮‍💨
내가 놓치고 있는 것은 어떤 부분인지 한 번 생각해보세요!:)

🎈7월 시작 SCA국제바리스타자격증 & 라떼아트클래스 수강생 모집중입니다!✨
•연습실 및 모든 문의는 카톡 '커피몬스터'로 메세지 남겨주세요🤍

➖➖➖➖➖➖➖➖➖➖➖➖
👾커피몬스터 커피교육은
▫️2024 코리아바리스타어워즈 라떼아트 분야 수상
▫️월드 라떼아트 마스터즈 챔피언
▫️한국 라떼아트 대표 선발전 5연속 파이널리스트
▫️코리아바리스타어워즈 3연속 라떼아트 분야 최종후보
▫️상하이 월드라떼아트 챔피언십 챔피언
▫️코리아 팀바리스타 챔피언십 챔피언
▫️월드 라떼아트 배틀 준우승
▫️월드 슈퍼 바리스타 챔피언십 준우승
등 매년 많은 대회에서 실력을 증명해오고 있는
라떼아트 전문 강사진이 교육합니다!🔥",UCKQuQ-5AHb1XSY-AnsNgzXA,Coffee Monster 김영진,2024-06-14T20:29:59Z,16,0.27,True,544181,10494,40,https://www.youtube.com/watch?v=AZnTCfeDJXQ,83000,196,PF270404,로제타,연극,국립극단 [명동] 명동예술극장,2025-08-23,2025-08-31,,,,none,none,0,False,False,0,no_strong_signal,신호 없음
RQESOc4aJYc,"🎭 국립극단 연극 로제타 관극리뷰 | 리빙씨어터 협업, 감동 공연후기","예대인 여러분 ✨
서울예대 학생이 직접 다녀온 국립극단 연극 ""로제타"" 관극 리뷰 & 공연후기입니다!

구한말 조선에 찾아와 의료와 교육을 펼친 로제타 셔우드 홀의 삶을 무대 위에 불러낸 작품.
여러 배우가 번갈아 로제타가 되어 전하는 이야기는 단순한 전기극을 넘어,
우리 모두의 이야기처럼 마음 깊이 다가왔습니다.

특히, 리빙씨어터(Living Theatre) 협업으로 완성된 실험적 앙상블,
그리고 배우들의 진심 어린 연기는 한 장면마다 큰 울림을 남겼습니다.

👉 짧지만 강렬한 순간들, 지금 바로 영상으로 함께 느껴보세요!

#서울예대 #서울예술대학교 #연극전공 #연기전공 #연극 #연기
#국립극단 #명동예술극장 #연극로제타 #로제타
#관극리뷰 #연극후기 #공연리뷰 #무대리뷰",UCsWJLCCNX-Y7sA_CUYV1Qfw,서울예술대학교,2025-09-22T00:00:35Z,33,0.55,True,2189,,0,https://www.youtube.com/watch?v=RQESOc4aJYc,7580,1054,PF270404,로제타,연극,국립극단 [명동] 명동예술극장,2025-08-23,2025-08-31,,,,none,match,2,False,True,6,verified_candidate,작품명이 따옴표/괄호로 명시적으로 인용됨; 장소 일치; 해시태그 2개 카테고리 일치
cyJ1ff7nu_Y,영화를 밈으로 아는 로제타,"편집 : 수우야
섬네일 : 우산

로제타 채널 멤버십 가입하여 혜택을 누려보세요.
https://www.youtube.com/channel/UCwFBKqPIXtloEldc4G-P_uQ/join

･･*･･✞･･*･･✞･･*･･✞･･*･･✞･･*･･✞･･*･･✞･･*･･

치지직 💚https://chzzk.naver.com/faf9cdd37e2ce5e2af6944dbf42739a9
유튜브❤️ https://youtube.com/@R.Rosetta
다시보기🧡https://youtube.com/@R.Rosetta_FULL
틱톡🩷https://www.tiktok.com/@r.rosetta
디스코드💜 https://discord.gg/ef2FyTxzjr
트위터🖤https://x.com/R_Rosetta_
⛪로제타 게시판 https://bbs.ruliweb.com/userboard/board/700351

･･*･･✞･･*･･✞･･*･･✞･･*･･✞･･*･･✞･･*･･✞･･*･･

#로제타 #루리웹 #라이브루리 #버튜버 #Vtuber",UCwFBKqPIXtloEldc4G-P_uQ,R.로제타,2026-03-06T10:00:00Z,413,6.88,False,4696,255,39,https://www.youtube.com/watch?v=cyJ1ff7nu_Y,48500,792,PF270404,로제타,연극,국립극단 [명동] 명동예술극장,2025-08-23,2025-08-31,,,,none,none,0,False,False,0,no_strong_signal,신호 없음
987P2IGKExY,로제타가 변태인 이유 (빅5 성격검사),"편집 : 수우야
섬네일 : 우산

로제타 채널 멤버십 가입하여 혜택을 누려보세요.
https://www.youtube.com/channel/UCwFBKqPIXtloEldc4G-P_uQ/join

･･*･･✞･･*･･✞･･*･･✞･･*･･✞･･*･･✞･･*･･✞･･*･･

치지직 💚https://chzzk.naver.com/faf9cdd37e2ce5e2af6944dbf42739a9
유튜브❤️ https://youtube.com/@R.Rosetta
다시보기🧡https://youtube.com/@R.Rosetta_FULL
틱톡🩷https://www.tiktok.com/@r.rosetta
트위터🖤https://x.com/R_Rosetta_
⛪로제타 게시판 https://bbs.ruliweb.com/userboard/board/700351

･･*･･✞･･*･･✞･･*･･✞･･*･･✞･･*･･✞･･*･･✞･･*･･

#로제타 #루리웹 #라이브루리 #버튜버 #Vtuber",UCwFBKqPIXtloEldc4G-P_uQ,R.로제타,2026-05-08T10:00:00Z,726,12.1,False,8924,292,16,https://www.youtube.com/watch?v=987P2IGKExY,48500,792,PF270404,로제타,연극,국립극단 [명동] 명동예술극장,2025-08-23,2025-08-31,,,,none,none,0,False,False,0,no_strong_signal,신호 없음
rRZohRpxqh0,[R.로제타]철권8 데모 하이라이트,"ATL 하이라이트 영상 참고하여 만들었습니다

로제타 유튜브 채널 :https://www.youtube.com/@R.Rosetta
로제타 다시보기 채널 : https://www.youtube.com/@R.Rosetta_FULL
로제타 트위치 채널 : https://www.twitch.tv/r_rosetta

영상 아카이브 : https://www.youtube.com/watch?v=5AC5KXOHssA&t=4s
썸네일 루니콘  : https://bbs.ruliweb.com/community/board/98/read/2766?search_type=subject&search_key=%EB%A3%A8%EB%8B%88%EC%BD%98
마지막 이미지 : https://bbs.ruliweb.com/community/board/700351/read/15574?cate=14",UCKmbl_ljg7ffOKN42CYNDag,단상교류,2024-01-01T14:33:03Z,225,3.75,False,168,2,1,https://www.youtube.com/watch?v=rRZohRpxqh0,123,60,PF270404,로제타,연극,국립극단 [명동] 명동예술극장,2025-08-23,2025-08-31,,,,none,none,0,False,False,0,no_strong_signal,신호 없음
VruTO2cZA20,Bleh😺👅,"그림 : 우

로제타 채널 멤버십 가입하여 혜택을 누려보세요.
https://www.youtube.com/channel/UCwFBKqPIXtloEldc4G-P_uQ/join

･･*･･✞･･*･･✞･･*･･✞･･*･･✞･･*･･✞･･*･･✞･･*･･

치지직 💚https://chzzk.naver.com/faf9cdd37e2ce5e2af6944dbf42739a9
유튜브❤️ https://youtube.com/@R.Rosetta
다시보기🧡https://youtube.com/@R.Rosetta_FULL
틱톡🩷https://www.tiktok.com/@r.rosetta
디스코드💜 https://discord.gg/qmE36kFkuA
트위터🖤https://x.com/R_Rosetta_
⛪로제타 게시판 https://bbs.ruliweb.com/userboard/board/700351

･･*･･✞･･*･･✞･･*･･✞･･*･･✞･･*･･✞･･*･･✞･･*･･

#로제타 #루리웹 #라이브루리 #버튜버 #Vtuber",UCwFBKqPIXtloEldc4G-P_uQ,R.로제타,2025-07-20T01:00:35Z,6,0.1,True,10082,453,32,https://www.youtube.com/watch?v=VruTO2cZA20,48500,792,PF270404,로제타,연극,국립극단 [명동] 명동예술극장,2025-08-23,2025-08-31,,,,none,none,0,False,False,0,no_strong_signal,신호 없음
h2E9g9JQvxo,청순(?) 로제타,"편집 : 수우야
섬네일 : 우산

로제타 채널 멤버십 가입하여 혜택을 누려보세요.
https://www.youtube.com/channel/UCwFBKqPIXtloEldc4G-P_uQ/join

･･*･･✞･･*･･✞･･*･･✞･･*･･✞･･*･･✞･･*･･✞･･*･･

치지직 💚https://chzzk.naver.com/faf9cdd37e2ce5e2af6944dbf42739a9
유튜브❤️ https://youtube.com/@R.Rosetta
다시보기🧡https://youtube.com/@R.Rosetta_FULL
틱톡🩷https://www.tiktok.com/@r.rosetta
디스코드💜 https://discord.gg/qmE36kFkuA
트위터🖤https://x.com/R_Rosetta_
⛪로제타 게시판 https://bbs.ruliweb.com/userboard/board/700351

･･*･･✞･･*･･✞･･*･･✞･･*･･✞･･*･･✞･･*･･✞･･*･･

#로제타 #루리웹 #라이브루리 #버튜버 #Vtuber",UCwFBKqPIXtloEldc4G-P_uQ,R.로제타,2025-10-21T10:01:08Z,254,4.23,False,4120,266,56,https://www.youtube.com/watch?v=h2E9g9JQvxo,48500,792,PF270404,로제타,연극,국립극단 [명동] 명동예술극장,2025-08-23,2025-08-31,,,,none,none,0,False,False,0,no_strong_signal,신호 없음
2lAahnl2tdQ,[OC] 💜DATEN ROUTE💜 #shorts #OC #ocanimation,"팬심으로 선물은 언제나 받는다고

편집자 : 녹밥

Original :  @wssplayground https://www.youtube.com/shorts/W-XiSKRxrI8

#로제타 #루리웹 #라이브루리

💚 로제타 치지직 채널
https://chzzk.naver.com/faf9cdd37e2ce5e2af6944dbf42739a9

⛪ 로제타 커뮤니티
https://bbs.ruliweb.com/userboard/board/700351

💬 트위터
https://twitter.com/R_Rosetta_

✉️ 로제타 비즈니스 메일
 r.rosetta@rulilive.com",UCwFBKqPIXtloEldc4G-P_uQ,R.로제타,2024-07-30T14:11:52Z,60,1.0,True,585303,58716,308,https://www.youtube.com/watch?v=2lAahnl2tdQ,48500,792,PF270404,로제타,연극,국립극단 [명동] 명동예술극장,2025-08-23,2025-08-31,,,,none,none,0,False,False,0,no_strong_signal,신호 없음
E3VFbwt7chg,피어싱 뚫은 로제타 수녀님,"어머머

편집자 : 메로나

#로제타 #인조이 #inzoi #루리웹 #라이브루리

💚 로제타 치지직 채널
https://chzzk.naver.com/faf9cdd37e2ce5e2af6944dbf42739a9

⛪ 로제타 커뮤니티
https://bbs.ruliweb.com/userboard/board/700351

💬 트위터
https://twitter.com/R_Rosetta_

✉️ 로제타 비즈니스 메일
smilepbk@gmail.com / r.rosetta@rulilive.com",UCwFBKqPIXtloEldc4G-P_uQ,R.로제타,2025-04-06T06:16:00Z,16,0.27,True,7889,149,30,https://www.youtube.com/watch?v=E3VFbwt7chg,48500,792,PF270404,로제타,연극,국립극단 [명동] 명동예술극장,2025-08-23,2025-08-31,,,,none,none,0,False,False,0,no_strong_signal,신호 없음
KVLraV-OQVQ,꺽제타,"편집자 : 왈

#로제타 #루리웹 #라이브루리

💚 로제타 치지직 채널
https://chzzk.naver.com/faf9cdd37e2ce5e2af6944dbf42739a9

⛪ 로제타 커뮤니티
https://bbs.ruliweb.com/userboard/board/700351

💬 트위터
https://twitter.com/R_Rosetta_

✉️ 로제타 비즈니스 메일
 r.rosetta@rulilive.com",UCwFBKqPIXtloEldc4G-P_uQ,R.로제타,2024-02-06T09:00:10Z,53,0.88,True,9629,598,100,https://www.youtube.com/watch?v=KVLraV-OQVQ,48500,792,PF270404,로제타,연극,국립극단 [명동] 명동예술극장,2025-08-23,2025-08-31,,,,none,none,0,False,False,0,no_strong_signal,신호 없음
SAKPgTNMuug,로제타와 배우는 올바르게 절 하는 방법,"잼민감성...

MMD : 은각

#로제타 #루리웹 #라이브루리

💚 로제타 치지직 채널
https://chzzk.naver.com/faf9cdd37e2ce5e2af6944dbf42739a9

⛪ 로제타 커뮤니티
https://bbs.ruliweb.com/userboard/board/700351

💬 트위터
https://twitter.com/R_Rosetta_

✉️ 로제타 비즈니스 메일
smilepbk@gmail.com / r.rosetta@rulilive.com",UCwFBKqPIXtloEldc4G-P_uQ,R.로제타,2025-01-27T23:30:07Z,47,0.78,True,2770,239,38,https://www.youtube.com/watch?v=SAKPgTNMuug,48500,792,PF270404,로제타,연극,국립극단 [명동] 명동예술극장,2025-08-23,2025-08-31,,,,none,none,0,False,False,0,no_strong_signal,신호 없음
y1VmWOD0Ly0,저는 님 친구가 맞습니다,"루니는 여신이 맞아

편집자 : 왈

#로제타 #루리웹 #라이브루리

💚 로제타 치지직 채널
https://chzzk.naver.com/faf9cdd37e2ce5e2af6944dbf42739a9

⛪ 로제타 커뮤니티
https://bbs.ruliweb.com/userboard/board/700351

💬 트위터
https://twitter.com/R_Rosetta_

✉️ 로제타 비즈니스 메일
 r.rosetta@rulilive.com",UCwFBKqPIXtloEldc4G-P_uQ,R.로제타,2024-08-01T22:30:06Z,34,0.57,True,4708,210,34,https://www.youtube.com/watch?v=y1VmWOD0Ly0,48500,792,PF270404,로제타,연극,국립극단 [명동] 명동예술극장,2025-08-23,2025-08-31,,,,none,none,0,False,False,0,no_strong_signal,신호 없음
SEAwJBu1wrs,로제타를 죽이고 스텔라 데뷔합니다!,"스텔라 이쁜듯

편집자 : 수우야
섬네일 : 우산

로제타 채널 멤버십 가입하여 혜택을 누려보세요.
https://www.youtube.com/channel/UCwFBKqPIXtloEldc4G-P_uQ/join

･･*･･✞･･*･･✞･･*･･✞･･*･･✞･･*･･✞･･*･･✞･･*･･

💚치지직 : https://chzzk.naver.com/faf9cdd37e2ce5e2af6944dbf42739a9
🌹유튜브 : https://www.youtube.com/@R.Rosetta
💙다시보기 유튜브 https://www.youtube.com/@R.Rosetta_FULL
⛪로제타 커뮤니티 https://bbs.ruliweb.com/userboard/board/700351
🛐트위치 https://www.twitch.tv/r_rosetta
💬트위터 https://twitter.com/R_Rosetta_

･･*･･✞･･*･･✞･･*･･✞･･*･･✞･･*･･✞･･*･･✞･･*･･

#로제타 #만우절 #루리웹 #라이브루리 #버튜버 #Vtuber",UCwFBKqPIXtloEldc4G-P_uQ,R.로제타,2024-04-01T11:04:23Z,310,5.17,False,8762,392,55,https://www.youtube.com/watch?v=SEAwJBu1wrs,48500,792,PF270404,로제타,연극,국립극단 [명동] 명동예술극장,2025-08-23,2025-08-31,,,,none,none,0,False,False,0,no_strong_signal,신호 없음
x7cRX5OnjoU,그만하죠?,"편집 : 메로나

로제타 채널 멤버십 가입하여 혜택을 누려보세요.
https://www.youtube.com/channel/UCwFBKqPIXtloEldc4G-P_uQ/join

･･*･･✞･･*･･✞･･*･･✞･･*･･✞･･*･･✞･･*･･✞･･*･･

치지직 💚https://chzzk.naver.com/faf9cdd37e2ce5e2af6944dbf42739a9
유튜브❤️ https://youtube.com/@R.Rosetta
다시보기🧡https://youtube.com/@R.Rosetta_FULL
틱톡🩷https://www.tiktok.com/@r.rosetta
디스코드💜 https://discord.gg/ef2FyTxzjr
트위터🖤https://x.com/R_Rosetta_
⛪로제타 게시판 https://bbs.ruliweb.com/userboard/board/700351

･･*･･✞･･*･･✞･･*･･✞･･*･･✞･･*･･✞･･*･･✞･･*･･

#로제타 #루리웹 #라이브루리 #버튜버 #Vtuber",UCwFBKqPIXtloEldc4G-P_uQ,R.로제타,2025-09-17T10:01:41Z,51,0.85,True,12962,505,45,https://www.youtube.com/watch?v=x7cRX5OnjoU,48500,792,PF270404,로제타,연극,국립극단 [명동] 명동예술극장,2025-08-23,2025-08-31,,,,none,none,0,False,False,0,no_strong_signal,신호 없음
b_T0AmcCsWI,주식 개고수 버튜버 ㅋㅋㅋ,"개같이
고집부리다가
수많은(아님) 돈을..

편집자 : 왈

#로제타 #루리웹 #라이브루리

💚 로제타 치지직 채널
https://chzzk.naver.com/faf9cdd37e2ce5e2af6944dbf42739a9

⛪ 로제타 커뮤니티
https://bbs.ruliweb.com/userboard/board/700351

💬 트위터
https://twitter.com/R_Rosetta_

✉️ 로제타 비즈니스 메일
 r.rosetta@rulilive.com",UCwFBKqPIXtloEldc4G-P_uQ,R.로제타,2024-03-07T08:53:53Z,43,0.72,True,14291,446,77,https://www.youtube.com/watch?v=b_T0AmcCsWI,48500,792,PF270404,로제타,연극,국립극단 [명동] 명동예술극장,2025-08-23,2025-08-31,,,,none,none,0,False,False,0,no_strong_signal,신호 없음
AXfPof4qqbo,주식 50% 이상 물려보지도 않았으면 말 걸지 마세요,"편집자 : 메로나

#로제타 #유니티 #주식 #루리웹 #라이브루리

💚 로제타 치지직 채널
https://chzzk.naver.com/faf9cdd37e2ce5e2af6944dbf42739a9

⛪ 로제타 커뮤니티
https://bbs.ruliweb.com/userboard/board/700351

💬 트위터
https://twitter.com/R_Rosetta_

✉️ 로제타 비즈니스 메일
smilepbk@gmail.com / r.rosetta@rulilive.com",UCwFBKqPIXtloEldc4G-P_uQ,R.로제타,2025-06-03T09:15:00Z,57,0.95,True,9285,274,54,https://www.youtube.com/watch?v=AXfPof4qqbo,48500,792,PF270404,로제타,연극,국립극단 [명동] 명동예술극장,2025-08-23,2025-08-31,,,,none,none,0,False,False,0,no_strong_signal,신호 없음
-fwJ1EOGMuA,"[커튼콜159] 이대병원·고대의대 초석 놓은 외국인 의사, 왜 몰랐을까?ㅣ연극 로제타 연출가 김정한 / SBS / 골라듣는 뉴스룸","커튼콜 159회에서는 알 파치노, 로버트 드 니로도 거쳐간 미국의 전설적인 극단 리빙시어터가 참여해 화제가 된 연극 '로제타' 의 연출가 김정한(요세프 케이) 씨를 만납니다. 

'로제타'는 구한말과 일제 강점기, 한국 근현대사의 아픔을 온 몸으로 겪으면서 근대 의료와 교육에 주춧돌을 놓은 미국인 의사, 로제타 셔우드 홀에 관한 이야깁니다. 

김정한 씨가 대본과 연출을 맡고, 미국의 명문 극단 리빙시어터와 한국 극단 마방진의 배우들이 함께 만든 이 연극은 시범 공연을 마치고, 서울과 뉴욕에서 열릴 본 공연을 준비 중입니다. 

로제타는 의료선교사로 1890년 이 땅을 처음 밟은 이후, 40년 넘게 봉사하며 수많은 업적을 남겼습니다. 한국 최초의 양의사 에스더 박을 키워냈으며, 이대부속병원과 고대의대의 기틀을 닦았고, 최초의 한글점자를 만들기도 했죠.

자신이 그토록 사랑했던 한국 땅에 가족들과 함께 묻혀 있지만, 로제타를 기억하는 사람은 그리 많지 않았습니다.  

로제타를 기억하고 기념하는 이 연극은 양국의 배우 8명이 돌아가면서 로제타를 연기하는데요, 과연 이 연극이 보여주는 로제타의 삶은 어떤 모습일까요? 

오늘 커튼콜에서는 김정한 씨가 어떻게 로제타의 삶을 처음 만났는지, 미국의 명문 극단 리빙시어터는 왜 이 연극에 참여하게 됐는지, 한국어와 영어를 넘나들며 연기하는 이 연극이 어떤 과정을 거쳐 만들어졌는지, 흥미진진한 이야기들을 공연 실황과 함께 공개합니다. 

진행: SBS 김수현 기자, 이병희 아나운서ㅣ출연: 연출가 김정한(요세프 케이)

#SBS #커튼콜 #김정한 #외국인의사 #의사 #로제타 #acc #연극 #김정한연출가 #한국 #과거사 #김수현기자 #공연",UCkinYTS9IHqOEwR1Sze2JTw,SBS 뉴스,2023-02-10T05:34:08Z,4497,74.95,False,1382,15,0,https://www.youtube.com/watch?v=-fwJ1EOGMuA,5250000,346902,PF270404,로제타,연극,국립극단 [명동] 명동예술극장,2025-08-23,2025-08-31,,,,none,none,2,False,True,4,verified_candidate,작품명이 따옴표/괄호로 명시적으로 인용됨; 해시태그 2개 카테고리 일치
QLLnvUWfx-s,"""우리 모두 로제타""…한국에 깃든 한 미국인의 삶 / SBS 8뉴스","〈앵커〉

구한말과 일제강점기, 비운의 우리 역사를 온몸으로 겪으며 근대 의료와 교육에 주춧돌을 놓은 미국인 의사가 있습니다. 이번에 그를 기억하는 한미 합작 연극이 만들어졌습니다.

김수현 문화예술 전문기자가 전해드립니다.

〈기자〉

로제타 셔우드 홀은 가족과 함께 양화진외국인선교사 묘원에 잠들어 있습니다.
 
1890년 25살 때, 미국 감리교 의료선교사로 한국 땅을 밟았고, 역시 의사였던 남편과 세 살배기 딸을 전염병으로 잃는 아픔을 겪으면서도 봉사에 전념했습니다. 

제대로 치료받지 못하던 여성 환자들을 위해 병원을 세우고, 의료 인력을 양성했습니다.

장애인학교를 설립하고 한글 점자도 개발했습니다.

그가 세운 병원과 강습소는 이대부속병원과 고려대 의대의 모태가 됐습니다. 

[저는 로제타 역을 맡았습니다.]

[저는 로제타를 연기할 겁니다]

[전부 다 로제타입니다]

극단 마방진과 미국 리빙시어터 소속 배우 8명이 번갈아 로제타가 되었다가, 다른 사람이 되었다가, 합니다.

한국어와 영어 대사가 뒤섞이면서, 말도 통하지 않는 낯선 땅에서 환자를 돌봐야 했던 로제타의 상황이 생생하게 드러납니다.

1947년 창립된 리빙시어터는 로버트 드 니로, 알 파치노도 거쳐 간 전설적인 극단으로, 사회성 짙은 실험극을 선보여 왔습니다.

이 연극은 리빙시어터 출신의 한국인 연출가가 우연히 본 로제타의 일기에서 시작됐습니다.

[김정한/'로제타' 대본·연출 : (일기장에) 하나님 도와주소서라고 삐뚤빼뚤 한글로 써 놓았던 한마디가 있었거든요. 그걸 보고 제가 동기 부여가 된 것 같고….]

[브래드 버지스/리빙시어터 예술감독·배우 : 전 세계에 항상 많은 고통이 있다는 걸 아는데, 우리는 이에 대해 무엇을 하고 있나요? 답은 간단합니다. 서로에게 잘해주면 됩니다. 저는 연출가로부터 로제타 얘기를 듣고 흥분했어요.]

한미 두 나라 예술가들이 함께 로제타의 삶을 재조명한 이 연극은 광주 국립아시아문화전당 시범 공연 이후 서울과 뉴욕에서도 공연될 예정입니다.

(영상편집 : 최혜영, VJ : 오세관)


☞더 자세한 정보
https://news.sbs.co.kr/y/?id=N1007043808
 

#로제타 #일기 #국립아시아문화전당

▶SBS 뉴스 채널 구독하기 : https://n.sbs.co.kr/youtube 
▶SBS 뉴스 라이브 : https://n.sbs.co.kr/youtubeLive , https://n.sbs.co.kr/live 

▶SBS 뉴스 제보하기
홈페이지: https://n.sbs.co.kr/inform 
애플리케이션: 'SBS뉴스' 앱 설치하고 제보 - https://n.sbs.co.kr/App 
카카오톡: 'SBS뉴스'와 친구 맺고 채팅 - https://pf.kakao.com/_ewsdq/chat 
페이스북: 'SBS뉴스' 메시지 전송 - https://www.facebook.com/sbs8news 
이메일: sbs8news@sbs.co.kr 
문자: #6000 
전화: 02-2113-6000 

홈페이지: https://news.sbs.co.kr/ 
페이스북: https://www.facebook.com/sbs8news 
트위터: https://www.twitter.com/sbs8news
카카오톡: https://pf.kakao.com/_ewsdq
인스타그램: https://www.instagram.com/sbsnews",UCkinYTS9IHqOEwR1Sze2JTw,SBS 뉴스,2023-01-13T12:22:14Z,148,2.47,False,4016,57,8,https://www.youtube.com/watch?v=QLLnvUWfx-s,5250000,346902,PF270404,로제타,연극,국립극단 [명동] 명동예술극장,2025-08-23,2025-08-31,,,,none,none,0,False,True,2,no_strong_signal,작품명이 따옴표/괄호로 명시적으로 인용됨
y1UlpO-diaQ,[한국사속의 사랑] 수십 년간 펼친 의료봉사와 헌신의 삶으로 이 땅에 내린 축복을 내린 로제타 셔우드 홀 부부,"#역사속의_사랑 #로제타_셔우드_홀 #윌리엄_제임스_홀 #셔우드_홀 #보구여관 #이그레이스 #복업 #여메례 #여순 #김점동 #기홀병원 #박여선 #광혜여원 #박에스더 #평양맹아학교 #평양농아학교 #해주구세요양원 #크리스마스_씰
역사속의 사랑
수십 년간 펼친 의료봉사와 헌신의 삶으로 이 땅에 축복을 내린
로제타 셔우드 홀 부부

구한말과 일제강점기 시절, 이 땅에서 의료봉사한 기간이 자그마치 60년에 달하는 벽안의 가족이 있는데 미국의 로제타 셔우드 홀과 캐나다의 윌리엄 제임스 홀 부부, 그리고 그들의 아들 셔우드 홀입니다.
이들 가운데 최근 화제가 된 인물이 있으니 로제타 홀인데 미국 실험극을 대표하는 리빙시어터가 한국 극단과 합작으로 광주의 국립아시아문화의전당에서 연극 ‘로제타’를 공연해 언론에 소개되었기 때문입니다.
연극은 2024년 본공연과 뉴욕 공연으로 이어질 예정으로 이들 가족은 현재 서울 양화진외국인선교사묘원에 묻혀있는데 로제타 부부 2명, 딸과 아들 2명, 아들(셔우드 홀)의 아내와 아들을 포함해서 모두 6명입니다.

로제타 셔우드 홀

19세기 말에서 20세기 초, 서양에서 신약이 속속 개발되고 새로운 의술이 발전을 거듭해도 조선의 의료 상황은 여전히 절망적이었고 특히 여성이라 치료를 받지 못한 채 죽어가는 여성들은 참담한 현실이었습니다. 
이런 상황에서 미국의 감리교회가 파견한 여성 의료선교사 로제타 셔우드 홀은 각종 질병으로 고통받는 조선의 여성과 아이들을 위해 하늘이 이 땅에 내려준 축복이었습니다. 
로제타는 치료에 그치지 않고 여성들이 다른 여성들을 치료하도록 여성 의료인도 길러냈는데 그녀가 조선에 처음 설립한 평양의 아동병원, 맹아학교, 농아학교와 서울의 여자의학강습소도 그가 흘린 피땀의 산물입니다. 
여자의학강습소는 고려대 의과대학으로 발전해 국내 의학교육의 일익을 담당하고 있습니다.
로제타는 1865년 미국 뉴욕주 리버티에서 부유한 농장주 집안에서 태어났는데 사범학교를 졸업하고 교사로 근무하던 1885년 인도에서 의료선교를 하는 여성 선교사의 강연을 듣고 의료선교사의 꿈을 꾸었습니다.",UC1A4Rkn-pDeS1Ogoax6mucA,문역뜰,2023-07-19T06:00:31Z,1324,22.07,False,391,,,https://www.youtube.com/watch?v=y1UlpO-diaQ,30300,8048,PF270404,로제타,연극,국립극단 [명동] 명동예술극장,2025-08-23,2025-08-31,,,,none,none,0,False,False,0,no_strong_signal,신호 없음
NUJ3kDXg6K4,"커튼콜 56-1 : 공연영상 보던 그대, 실은 라면 끓이는 중? / SBS / 골라듣는 뉴스룸","[골룸] 커튼콜 56-1 : 공연영상 보던 그대, 실은 라면 끓이는 중?

SBS와 예술경영지원센터가 함께 하는 '공연예술 영상화' 특집 두 번째 순서, 오늘은 공연예술 영상의 소비와 향유에 대해 이야기 나눠봅니다.

유튜브를 시청하면서 밥을 먹거나 출퇴근길에 OTT 서비스로 영화, 드라마를 보는 것처럼 영상 콘텐츠는 우리의 일상에 깊숙하게 자리잡았습니다.

마찬가지로 영상을 틀어놓고 라면을 끓인다던가 빨래를 접는 등 다른 일을 한 경험이 다들 많으실 것 같은데요.

최근 코로나19로 인해 공연 영상의 조회수가 비약적으로 늘어났지만, 실제로 극장에 가서 공연을 관람하는 것보다는 집중도와 체류시간이 짧을 수 밖에 없습니다.

모바일 디바이스의 한계도 있지만, 소비자들이 원하는 콘텐츠를 제공하지 못했기 때문에 체류시간이 짧은 것 아니냐는 지적도 있습니다.

달라진 미디어 환경에서 과연 소비자들이 어떤 가치를 원할지 공연예술계에서 활약하고 있는 전문가들의 심도있는 이야기 들어봤습니다.

2부 '실시간 공연은 왜 빨리감기가 안 되나요?'로 이어집니다.

오늘 커튼콜은 SBS 김수현 기자, 국립현대무용단 곽아람 기획팀장, 올댓플래닝 김관호 대표, LG U+ 김세규 컨슈머사업 책임, EMK인터내셔널 김지원 대표와 함께 합니다.

(기획 : 허윤석 / 총괄 : 이현식 / 녹음 : 하지윤 / 촬영 및 편집 : 이홍명, 황현정 / 타이틀 그래픽 : 김신규 / 주최 및 주관 : 예술경영지원센터 ‘더 아프로(The Apro)’)

#SBS8뉴스 #SBS뉴스 #실시간 으로 만나 보세요
라이브 뉴스 채널 SBS 모바일24

※ 원활한 서비스 환경을 위해 LIVE 스트리밍 서버를 재부팅할 수 있습니다. 시청 중 '종료' 알림이 뜨더라도, 홈 화면 (https://www.youtube.com/sbs8news) 에서 곧 재개됩니다.

▶SBS 뉴스 제보하기

홈페이지: https://news.sbs.co.kr/news
애플리케이션: 'SBS 뉴스' 앱 설치하고 제보
카카오톡: 'sbs 뉴스'와 친구 맺고 채팅
페이스북: 'sbs 뉴스' 검색해 메시지 전송

이메일: sbs8news@sbs.co.kr 
문자: #6000
전화: 02-2113-6000

▶SBS 뉴스 채널 구독하기 : https://n.sbs.co.kr/youtube 
▶SBS 뉴스 라이브 : https://n.sbs.co.kr/live",UCkinYTS9IHqOEwR1Sze2JTw,SBS 뉴스,2020-08-18T01:43:22Z,1965,32.75,False,1071,20,0,https://www.youtube.com/watch?v=NUJ3kDXg6K4,5250000,346902,PF270404,로제타,연극,국립극단 [명동] 명동예술극장,2025-08-23,2025-08-31,,,,none,none,0,False,False,0,no_strong_signal,신호 없음
TX2yLwBZu0E,커튼콜 57-2 : 영상 찍는 공연 중 배우가 넘어졌다면?? / SBS / 골라듣는 뉴스룸,"[골룸] 커튼콜 57-2 : 영상 찍는 공연 중 배우가 넘어졌다면??

SBS와 예술경영지원센터가 함께 하는 '공연예술 영상화' 특집 세 번째 순서는 '공연예술 영상의 제작'입니다.

'극단이 영린이 탈출하는 법', '음향의 중요성' 등의 앞선 내용은 1부에서 이어집니다.

무대 위에서는 종종 공연 중 바지가 찢어진다거나 배우가 대사를 잊어버리는 등 아찔한 돌발상황이 연출되기도 합니다.

공연영상 녹화 중 배우가 무대에서 넘어진다면 과연 전문가들은 어떻게 대처할까요?

커튼콜 57화 2부에서는 전문가들의 실제 경험담과 함께 촬영현장의 생생한 분위기를 느껴봅니다.

SBS 김수현 기자, 디지컴코리아 김수기 대표이사, 예술의전당 싹 온 스크린 신태연 PD, 국립극단 지민주 공연기획팀장과 함께 합니다.

(기획 : 허윤석 / 총괄 : 이현식 / 녹음 : 하지윤 / 촬영 및 편집 : 이홍명, 황현정 / 타이틀 그래픽 : 김신규 / 주최 및 주관 : 예술경영지원센터 ‘더 아프로(The Apro)’)

#SBS8뉴스 #SBS뉴스 #실시간 으로 만나 보세요
라이브 뉴스 채널 SBS 모바일24

※ 원활한 서비스 환경을 위해 LIVE 스트리밍 서버를 재부팅할 수 있습니다. 시청 중 '종료' 알림이 뜨더라도, 홈 화면 (https://www.youtube.com/sbs8news) 에서 곧 재개됩니다.

▶SBS 뉴스 제보하기

홈페이지: https://news.sbs.co.kr/news
애플리케이션: 'SBS 뉴스' 앱 설치하고 제보
카카오톡: 'sbs 뉴스'와 친구 맺고 채팅
페이스북: 'sbs 뉴스' 검색해 메시지 전송

이메일: sbs8news@sbs.co.kr 
문자: #6000
전화: 02-2113-6000

▶SBS 뉴스 채널 구독하기 : https://n.sbs.co.kr/youtube 
▶SBS 뉴스 라이브 : https://n.sbs.co.kr/live",UCkinYTS9IHqOEwR1Sze2JTw,SBS 뉴스,2020-08-25T00:43:28Z,1913,31.88,False,744,13,0,https://www.youtube.com/watch?v=TX2yLwBZu0E,5250000,346902,PF270404,로제타,연극,국립극단 [명동] 명동예술극장,2025-08-23,2025-08-31,,,,none,match,0,False,False,2,no_strong_signal,장소 일치
iHJCHZAMHhw,(다음 주에 뭐 볼까?) 알라딘 | 로제타 | 더 보이,"Weekly MOVIE COKE 4
다음 주에 뭐 볼까? - 5월 넷째 주

디즈니 애니메이션 알라딘의 실사화 영화#알라딘
2019.05.23 개봉
감독 : 가이 리치
출연 : 메나 마수드, 윌 스미스, 나오미 스콧

가장 평범한 삶을 꿈꾸는 소녀의 이야기#로제타
2019.05.23 개봉
감독 : 장 피에르 다르덴, 뤽 다르덴
출연 : 에밀리 드켄

그는 과연 축복인가? 재양인가?#더보이
2019.05.23 개봉
감독 : 데이비드 야로베스키
출연: 잭슨 A.던, 엘리자베스 뱅크스, 데이비드 덴맨

삼형제네 무비리필에서 새로운 컨텐츠를 만들었습니다.

[위클리 무비 콕!] (다음 주에 뭐 볼까? )
각자가 기대하는 다음 주 개봉작들을 프리뷰하는 컨텐츠입니다.
많은 사랑 부탁 드립니다.",UCcnp16pLtpxFXh4BwL5xL_Q,삼형제네 영화리필,2019-05-18T04:00:05Z,198,3.3,False,105,11,2,https://www.youtube.com/watch?v=iHJCHZAMHhw,415,57,PF270404,로제타,연극,국립극단 [명동] 명동예술극장,2025-08-23,2025-08-31,,,,mismatch,none,0,False,False,-2,delete_candidate,날짜 불일치(다른 회차 가능성)
1C-VWEVvTjo,담배가게 아가씨 한상욱 오미자CF,뮤지컬 담배가게 아가씨 - 미자씨 오미자CF,UCqRSZRpgl4YJXWon52nkYAg,손성민,2015-11-28T04:58:29Z,15,0.25,True,783,2,1,https://www.youtube.com/watch?v=1C-VWEVvTjo,3,3,PF270404,로제타,연극,국립극단 [명동] 명동예술극장,2025-08-23,2025-08-31,,,,none,none,0,False,False,0,no_strong_signal,신호 없음
ip3QacojGSM,커튼콜 112 : 쇼팽 콩쿠르 결산…심박수 측정기 도입이 시급합니다ㅣ김윤경 피아니스트 & 이경원 기자 / SBS / 골라듣는 뉴스룸,"커튼콜 112회에서는 김윤경 피아니스트와 SBS 이경원 기자를 만나 쇼팽 콩쿠르를 결산해봅니다. 

6년 만에 열린 쇼팽 콩쿠르의 본선엔 7명의 한국인 연주자가 진출했고, 결선에는 한국인 피아니스트 이혁이 이름을 올렸습니다. 

우승의 주인공은 중국계 캐나다 피아니스트 브루스 리우였습니다. 

이혁은 아쉽게도 순위 안에 들지 못했지만, 관객들의 기립박수를 받으며 연주를 마쳤습니다. 

유튜브 '소소한 클래식' 채널에서 쇼팽콩쿠르 소식을 발빠르게 전해온 김윤경 피아니스트, 그리고 쇼팽콩쿠르 개막을 앞둔 시점인 커튼콜 109회에 출연하여 대회의 과거 흑역사까지 쭉 짚어줬던 이경원 기자와 함께 나눈 다채로운 이야기를 커튼콜에서 확인해보세요. 

진행: SBS 이병희 아나운서, 김수현 기자 | 출연: 김윤경, 이경원 

#SBS8뉴스 #SBS뉴스 #실시간 으로 만나 보세요
라이브 뉴스 채널 SBS 모바일24

▶SBS 뉴스로 제보해주세요
홈페이지: https://news.sbs.co.kr
애플리케이션: 'SBS 뉴스' 앱 설치하고 제보
카카오톡: 'SBS 뉴스'와 친구 맺고 채팅
페이스북: 'SBS 뉴스' 검색해 메시지 전송

이메일: sbs8news@sbs.co.kr
문자: #6000
전화: 02-2113-6000

▶SBS 뉴스 채널 구독하기 : https://n.sbs.co.kr/youtube
▶SBS 뉴스 라이브 : https://n.sbs.co.kr/live",UCkinYTS9IHqOEwR1Sze2JTw,SBS 뉴스,2021-10-27T04:21:06Z,5332,88.87,False,4435,63,4,https://www.youtube.com/watch?v=ip3QacojGSM,5250000,346902,PF270404,로제타,연극,국립극단 [명동] 명동예술극장,2025-08-23,2025-08-31,,,,none,none,0,False,False,0,no_strong_signal,신호 없음
Cr13O5mq9BU,단돈 천원으로 타인의 마음을 사로잡는 법이 있다? | 한상욱 대표의 디테일 마케팅 2부 | 마케팅 성공 비즈니스,"[MBC강원영동X더유니브 : #지식플랫폼 #하우투] 
======================================== 
하루 중 아주 잠시만 시간을 투자한다면 일어나는 우리 마음의 작은 변화를 전합니다. #MBC강원영동 ‘TV특강’과 20대 라이프 웹진 ‘더유니브’가 함께 만드는 라이프 에세이 프로젝트. 지식플랫폼 ‘#하우투’",UCHGANTVFPa54LpJ6OcwJq3A,하우투 : 하루를 우리에게 투자한다면,2020-02-06T07:30:00Z,1082,18.03,False,3727,105,5,https://www.youtube.com/watch?v=Cr13O5mq9BU,435000,1216,PF270404,로제타,연극,국립극단 [명동] 명동예술극장,2025-08-23,2025-08-31,,,,none,none,0,False,False,0,no_strong_signal,신호 없음
DqRkQNFXK0Y,뮤지컬 드라큘라 계명아트센터,,UCjb8ZvugLlxcIMWjwhqW4OQ,단초,2023-02-19T03:45:17Z,8,0.13,True,1961,13,0,https://www.youtube.com/watch?v=DqRkQNFXK0Y,31,22,PF270404,로제타,연극,국립극단 [명동] 명동예술극장,2025-08-23,2025-08-31,,,,none,none,0,False,False,0,no_strong_signal,신호 없음
dkzxx49ZPX0,커튼콜 99 : '컴눈명'의 뒷이야기가 궁금해? 밍키 PD가 알려줄게!ㅣ문명특급 홍민지 PD / SBS / 골라듣는 뉴스룸,"커튼콜 99회에서는 SBS 문명특급의 홍민지 PD를 만납니다.

최근 SBS 문명특급에서 기획한 '컴눈명 스페셜'은 90년대생의 토토가로 떠오르며 큰 인기를 모았습니다. 

'컴백해도 눈감아줄 명곡'이란 뜻의 이 콘서트엔 애프터스쿨, 2PM, 샤이니 등 한동안 무대를 떠났던 2세대 아이돌들이 모였습니다. 

특히 걸그룹 애프터스쿨의 무대가 큰 관심을 받았습니다. 

재결합을 위해 외국에서 한달음에 온 가희와 베카, 임신 5개월차의 몸으로 무대에 선 정아의 스토리가 감동을 더했는데요,

무대에선 세월의 흐름과 건재함이 동시에 느껴졌습니다. 

대중에게 큰 사랑을 얻은 '컴눈명'의 제작과정은 결코 만만치 않았다고 합니다. 

문명특급팀의 90년대생들이 펼쳐놓은 아이디어에 부장급 어른들의 경험이 더해진 제작과정을 거쳤다고 하는데요,

준비과정에서부터 '세대통합'을 이뤘던 컴눈명의 뒷이야기를 문명특급의 밍키 PD로부터 자세히 들어봅니다. 

오늘 커튼콜에서는 컴눈명에서 선보였던 곡들 중 일부를 들어봅니다. 

♬ BANG-애프터스쿨
♬ 우리집-2PM

진행: SBS 이병희 아나운서, 김수현 기자 | 출연: 홍민지


#SBS8뉴스 #SBS뉴스 #실시간 으로 만나 보세요
라이브 뉴스 채널 SBS 모바일24

🔔SBS 뉴스 구독하기(https://bit.ly/3w2VELo)
▶SBS 뉴스 제보하기

홈페이지: https://news.sbs.co.kr/news
애플리케이션: 'SBS 뉴스' 앱 설치하고 제보
카카오톡: 'sbs 뉴스'와 친구 맺고 채팅
페이스북: 'sbs 뉴스' 검색해 메시지 전송

이메일: sbs8news@sbs.co.kr
문자: #6000
전화: 02-2113-6000

▶SBS 뉴스 채널 구독하기 : https://n.sbs.co.kr/youtube
▶SBS 뉴스 라이브 : https://n.sbs.co.kr/live",UCkinYTS9IHqOEwR1Sze2JTw,SBS 뉴스,2021-07-07T09:17:15Z,4122,68.7,False,3388,72,7,https://www.youtube.com/watch?v=dkzxx49ZPX0,5250000,346902,PF270404,로제타,연극,국립극단 [명동] 명동예술극장,2025-08-23,2025-08-31,,,,none,none,0,False,False,0,no_strong_signal,신호 없음
HpbMVcB1C-U,블레이드앤소울 진족남자 로제트,"블레이드앤소울
진족남자 화이트데이의상 로제트입니다

명불허전 환유",UCZ-vbkUNpCh-oxsk2DJKUAg,김설영,2013-03-20T18:40:00Z,69,1.15,False,853,1,1,https://www.youtube.com/watch?v=HpbMVcB1C-U,8,15,PF270404,로제타,연극,국립극단 [명동] 명동예술극장,2025-08-23,2025-08-31,,,,none,none,0,False,False,0,no_strong_signal,신호 없음
vGXwqGZz1jQ,던파 보겸이 나도 모르게 1억원이 사라지는 마술 나우유씨미급,"▶ 보겸의 일상/보이로그(VLOG) : https://url.kr/ev34ct
▶ 먹방 : https://url.kr/9qgh6i
▶ 보튜브잡스 리뷰 : https://url.kr/dap5u9
▶ 츄정님과 뜻밖의 동거 : https://url.kr/dniks3
▶ 엘린님이 사용한 모기권 : https://url.kr/xs7d61
▶ 오빠동생 슈기 : https://url.kr/8j974b
▶ 착불택배 보팡맨 : https://url.kr/53vyoh

▶ 재생목록 모아보기 : https://www.youtube.com/user/bokyemtv/playlists

- 보겸의 페이스북
https://www.facebook.com/gbk123456
- 보겸의 인스타그램
https://www.instagram.com/great_bk
- 보겸의 아프리카TV
http://afreecatv.com/bokyem123

다양한 콘텐츠로 여러분을 찾아 뵙겠습니다!
문의는 bokyem123@naver.com로 주세요.",UCu9BCtGIEr73LXZsKmoujKw,보겸TV,2016-09-08T08:00:01Z,745,12.42,False,47158,75,35,https://www.youtube.com/watch?v=vGXwqGZz1jQ,18500000,9283,PF270404,로제타,연극,국립극단 [명동] 명동예술극장,2025-08-23,2025-08-31,,,,none,none,0,False,False,0,no_strong_signal,신호 없음
0PNtN1znBDo,"❤️ 개막 𝐃-𝟏, 스윗한 선물 보고 가세요｜연극 '로제타'","📖

벌써 개막 하루 전!
'로제타'가 스윗한 걸 들고 왔습니다(`•ω•´)/🎁

#뭘_들고_왔냐구요_❓
#그건_바로_여러분을_향한_꽉찬_하트_❤️

-
[공동기획] 로제타

작·연출 김정한 Yossef K.

출연 김성령 고인배 견민성 원경식 이경구 김하리
브래드 버지스 엠마 수 해리스 김소원(스윙)

2025년 8월 23일 - 8월 31일

국립극단 명동예술극장

-
#국립극단 #국립아시아문화전당재단 #공동기획
#연극 #로제타 #명동예술극장",UC-2Nn7WrZJkx1m-g_Y0Gf2Q,국립극단,2025-08-22T05:00:01Z,34,0.57,True,1275,12,0,https://www.youtube.com/watch?v=0PNtN1znBDo,24700,811,PF270404,로제타,연극,국립극단 [명동] 명동예술극장,2025-08-23,2025-08-31,,,,none,match,1,False,True,5,verified_candidate,작품명이 따옴표/괄호로 명시적으로 인용됨; 장소 일치
sf4pB3RvITE,💞 𝐖𝐄 𝐀𝐑𝐄 𝐀𝐋𝐋 𝐑𝐎𝐒𝐄𝐓𝐓𝐀 #뛰어｜연극 '로제타',"📖

👤: 어떤 분이... 로제타세요?
👥👥: 저희 전부 다 로제타입니다만😉

𝐖𝐄 𝐀𝐑𝐄 𝐀𝐋𝐋 𝐑𝐎𝐒𝐄𝐓𝐓𝐀 💞

#성별과_국적의_경계를_넘어
#다_같이_로제타가_될_배우들_🙌
#개막까지 #함께 #뛰뛰뛰뛰 #뛰어 #🔥

-
🍯매진 회차 예매 𝐓𝐈𝐏

➊ 관람일 전날 취소 마감 시간(17시) 전후로 취소석이 생길 가능성이 있다!
〰온라인 예매: 당일 공연 시작 3시간 전까지 가능

➋ 관람 당일 콜센터에 당일 취소석이 있는지 문의한다!
〰당일 예매는 카드 결제만 가능
〰당일 공연 예매 시 취소/변경/환불 불가

🏠자세한 사항 홈페이지 확인

-
[공동기획] '로제타'

작·연출 김정한 Yossef K.

출연 김성령 고인배 견민성 원경식 이경구 김하리
브래드 버지스 엠마 수 해리스 김소원(스윙)

2025년 8월 23일 - 8월 31일

국립극단 명동예술극장

-
#국립극단 #국립아시아문화전당재단 #공동기획 #연극 #로제타 #명동예술극장",UC-2Nn7WrZJkx1m-g_Y0Gf2Q,국립극단,2025-08-07T05:01:05Z,35,0.58,True,1856,13,1,https://www.youtube.com/watch?v=sf4pB3RvITE,24700,811,PF270404,로제타,연극,국립극단 [명동] 명동예술극장,2025-08-23,2025-08-31,,,,none,match,1,False,True,5,verified_candidate,작품명이 따옴표/괄호로 명시적으로 인용됨; 장소 일치
Kf92DPkQVNE,연극이 끝나고 👏기립 박수가 터진 이유?!ㅣ'로제타'는 누구인가?,"🪨 모든 것이 낯설고 열악한 땅 '조선'에서
자신을 희생한 외국인 의사 '로제타'를 아시나요? 

그 시절 유교 사상으로 인해 
👨🏻‍⚕️남자 의사에게 진료를 못 받은 여성에게 
🩺처음으로 청진기를 대었던 👩🏻‍⚕️여자 의사로
약자를 위한 교육과 복지의 기반을 만든 인물입니다
 
또한 🎓'조선여자의학강습소'를 세워
여자 의사를 배출하는 데도 힘을 썼으며
이는 🏫 고려대의료원의 전신이 되었습니다

자신을 희생하면서도 헌신하는 열정이 담긴 
🙎‍♀️ 그녀의 일대기를 연극으로 만나보세요!

* 연극 영상 출처: ⓒ옐로밤
* 사진 출처: ⓒ국립아시아문화전당재단 

#로제타 #고려대의료원 #조선 #연극 #명동예술극장 #김성령",UCloHi95j0b64KB7B0foV5qA,고대병원,2025-09-05T08:00:21Z,115,1.92,False,821,18,3,https://www.youtube.com/watch?v=Kf92DPkQVNE,1260000,5521,PF270404,로제타,연극,국립극단 [명동] 명동예술극장,2025-08-23,2025-08-31,,,,none,none,1,False,True,3,verified_candidate,작품명이 따옴표/괄호로 명시적으로 인용됨
fywGixkcPiI,의료 선교사 '로제타' 작품을 선택한 이유,#김성령 #이경구 #연극 #명동예술극장 #국립극단 #로제타 #로제타연극 #선교사 #의료 #shorts,UCloHi95j0b64KB7B0foV5qA,고대병원,2025-09-13T12:31:00Z,45,0.75,True,4480,18,0,https://www.youtube.com/watch?v=fywGixkcPiI,1260000,5521,PF270404,로제타,연극,국립극단 [명동] 명동예술극장,2025-08-23,2025-08-31,,,,none,match,1,False,True,5,verified_candidate,작품명이 따옴표/괄호로 명시적으로 인용됨; 장소 일치
6m4r-gEXEmk,"20250824 [연극 로제타]-김성령, 고인배, 견민성 외","연극 로제타
2025.08.24

CAST
김성령, 고인배, 견민성, 원경식, 이경구, 김하리, 브래드 버지스, 엠마 수 해리스, 김소원

‘나는 사랑하기 위해 이 땅에 왔고,
사랑으로 이 땅에 남겠습니다.’
2025.08.23-08.31
국립극단 명동예술극장",UCPotcX98Pbp8YXaUHk8b8Sg,감자젼,2026-04-14T08:15:00Z,59,0.98,True,5,,0,https://www.youtube.com/watch?v=6m4r-gEXEmk,237,399,PF270404,로제타,연극,국립극단 [명동] 명동예술극장,2025-08-23,2025-08-31,,,,match,match,0,False,False,4,verified_candidate,날짜 일치; 장소 일치
f8FjHG0-LMY,250831 로제타 (김성령고인배견민성원경식이경구김하리브래드버지스엠마수해리스김정한),"2025.08.31［공동기획］ 로제타
국립극단 명동예술극장

김성령고인배견민성원경식이경구김하리브래드버지스엠마수해리스김정한",UCUZUhFTsH-xtILu1lUPQ5Cg,S,2025-09-01T05:04:48Z,55,0.92,True,75,0,0,https://www.youtube.com/watch?v=f8FjHG0-LMY,567,1322,PF270404,로제타,연극,국립극단 [명동] 명동예술극장,2025-08-23,2025-08-31,,,,match,match,0,False,False,4,verified_candidate,날짜 일치; 장소 일치
tLf-RwqClg0,250828 국립극단 연극 로제타 포토타임: 김성령 고인배 견민성 김하리,"훌륭한 소재를 어떻게 다룰지 모르는 미숙한 연출이 다 망쳐버렸다....

#연극 #로제타 #국립극단 #김성령 #포토타임",UCsd-8m61G3P5MuCo49l84TA,Da ramzii,2025-08-28T14:15:51Z,73,1.22,False,255,6,0,https://www.youtube.com/watch?v=tLf-RwqClg0,1970,1189,PF270404,로제타,연극,국립극단 [명동] 명동예술극장,2025-08-23,2025-08-31,,,,none,match,1,False,False,3,verified_candidate,장소 일치
6hL0cBOU2ME,연극 로제타  인트로 250825 명동예술극장,,UCTV6BtXGt4BA2uNyfGAOZEg,sunlion8,2025-08-26T02:42:31Z,62,1.03,False,81,1,0,https://www.youtube.com/watch?v=6hL0cBOU2ME,157,698,PF270404,로제타,연극,국립극단 [명동] 명동예술극장,2025-08-23,2025-08-31,,,,none,none,0,False,False,0,no_strong_signal,신호 없음
fBCnCN7GN2I,국립극단 로베르토 쥬코 하이라이트 영상,"국립극단 로베르토 쥬코 하이라이트 영상

영상제작: 오슬로 프로젝트",UCUO42dWBRfieOXLlYJckSnA,OSLO PROJECT,2017-12-22T13:47:07Z,37,0.62,True,1512,3,0,https://www.youtube.com/watch?v=fBCnCN7GN2I,14,53,PF270404,로제타,연극,국립극단 [명동] 명동예술극장,2025-08-23,2025-08-31,,,,none,match,0,False,False,2,no_strong_signal,장소 일치
zX6oV7lUxZM,빈ㄷ투스 #로제타 #vtuber,"편집자 : 메로나

로제타 채널 멤버십 가입하여 혜택을 누려보세요.
https://www.youtube.com/channel/UCwFBKqPIXtloEldc4G-P_uQ/join

･･*･･✞･･*･･✞･･*･･✞･･*･･✞･･*･･✞･･*･･✞･･*･･

치지직 💚https://chzzk.naver.com/faf9cdd37e2ce5e2af6944dbf42739a9
유튜브❤️ https://youtube.com/@R.Rosetta
다시보기🧡https://youtube.com/@R.Rosetta_FULL
틱톡🩷https://www.tiktok.com/@r.rosetta
디스코드💜 https://discord.gg/qmE36kFkuA
트위터🖤https://x.com/R_Rosetta_
⛪로제타 게시판 https://bbs.ruliweb.com/userboard/board/700351

･･*･･✞･･*･･✞･･*･･✞･･*･･✞･･*･･✞･･*･･✞･･*･･

#로제타 #루리웹 #라이브루리 #버튜버 #Vtuber",UCwFBKqPIXtloEldc4G-P_uQ,R.로제타,2025-06-25T09:15:11Z,37,0.62,True,7494,289,37,https://www.youtube.com/watch?v=zX6oV7lUxZM,48500,792,PF270404,로제타,연극,국립극단 [명동] 명동예술극장,2025-08-23,2025-08-31,,,,none,none,0,False,False,0,no_strong_signal,신호 없음
JE4gS6eWI70,pH-1 — ROSETTA (Feat. MILLI) (Official Video),"▶ Download/Streaming : 
https://lnk.to/pH-1_EP_POPOFF
ㅤ
More information here: 

@pH-1
Instagram: https://www.instagram.com/ph1boyyy
Twitter: https://twitter.com/ph1boyyy

@Spray
Instagram: https://www.instagram.com/mindspray/

@MILLI
Instagram: https://www.instagram.com/phuckitol/

@H1GHR MUSIC
Instagram: https://www.instagram.com/h1ghrmusic
Facebook: https://www.facebook.com/H1GHRMUSICOFFICIAL/
Twitter: https://twitter.com/H1GHRMUSIC
Weibo: https://www.weibo.com/h1ghrmusic

#pH1 #피에이치원
#Spray #스프레이
#MILLI #밀리
#ROSETTA #로제타
#POPOFF #팝오프
#H1GHRMUSIC #하이어뮤직",UC6TJkBRLMFJ-9c7pXehoZwg,H1GHR MUSIC,2023-11-02T09:00:19Z,195,3.25,False,1730776,60530,1127,https://www.youtube.com/watch?v=JE4gS6eWI70,1190000,978,PF270404,로제타,연극,국립극단 [명동] 명동예술극장,2025-08-23,2025-08-31,,,,none,none,0,False,False,0,no_strong_signal,신호 없음
E0j8GzO0YKM,연남동 카페매니저가 알려주는 라떼아트 ‘로제타🌿 그리는 방법’,,UCm0psYqTn2o4dqeKU_77J3g,VEILIK STUDIO,2022-11-20T12:16:32Z,24,0.4,True,338092,5372,123,https://www.youtube.com/watch?v=E0j8GzO0YKM,4760,110,PF270404,로제타,연극,국립극단 [명동] 명동예술극장,2025-08-23,2025-08-31,,,,none,none,0,False,False,0,no_strong_signal,신호 없음
HSx29qj1c8M,"[브라보 멋진인생14-1] 신명의 가족, 하늘 땅 (가족 풍물그룹)","* 가슴이 시키는 일 ""신명의 가족, 하늘땅""
창단 20년째를 맞는 타악그룹 하늘땅. 우리 소리에 빠져 인생의 반을 풍물과 함께 보낸 이민영 대표, 춤과 타악을 담당하는 그의 아내 최미령씨가 주축이 된 풍물패로 기반을 두고 있는 광주전남을 넘어 대한민국의 대표적인 타악그룹으로 자리매김하고 있다.

하늘땅이 특별한 이유는 부모님과 함께 두 명의 딸까지 멤버로 참여하고 있는 보기드문 가족 풍물그룹이란 점이다.
큰 딸은 대북과 장구, 작은 딸은 한국무용을 전공하며 가족이 함께 이 땅에 신명을 전하고 있다. 
가족의 소소한 일상과 사연들, 창단 20주년을 기념하는 공연현장들을 화면에 담는다.",UCwWqBWIe72xKV016rcXGaaA,여수MBCPrime,2015-09-18T05:30:44Z,1033,17.22,False,901,12,1,https://www.youtube.com/watch?v=HSx29qj1c8M,186000,7171,PF246932,신명의 꽃 [해남],한국음악(국악),해남문화예술회관 대공연장,2024-09-03,2024-09-04,,,,none,none,0,False,False,0,no_strong_signal,신호 없음
wYcG-TjjzoA,귀신 중에 제일 무서운 귀신은? #shorts / 예약문의 010.2338.0388,"고춘자 할머니가 알려주는 귀신이야기
쇼츠로 확인하고 본편으로 보러가자!!

#shorts #고춘자 #무당 #강원도굿 #물귀신 #귀신 #빙의 #빙의환자 #무서운이야기
#mudang #exorcist #gochunja",UCOd0Gj9G6KpHKdN_xl2eRvA,무당고춘자,2022-02-06T14:04:19Z,43,0.72,True,57552,733,,https://www.youtube.com/watch?v=wYcG-TjjzoA,148000,1038,PF246932,신명의 꽃 [해남],한국음악(국악),해남문화예술회관 대공연장,2024-09-03,2024-09-04,,,,none,none,0,False,False,0,no_strong_signal,신호 없음
uYLBEpaaJXg,공무원시험 몇살까지 합격하는게 좋을까 #shorts #공무원 #시험 #공부법 #공부자극,,UCW8-vY6DwHIY94VM_jtUb3Q,시험왕 이형재,2023-08-23T10:21:27Z,30,0.5,True,376294,1034,176,https://www.youtube.com/watch?v=uYLBEpaaJXg,11200,237,PF246932,신명의 꽃 [해남],한국음악(국악),해남문화예술회관 대공연장,2024-09-03,2024-09-04,,,,none,none,0,False,False,0,no_strong_signal,신호 없음
O9FC2KU-dKY,선배님 격파장에 나무를 숨겨보았습니다 #shots #Taekwondo,,UCyQbw4n4kNl3KqwVJ9YV8pg,민들레태권도,2024-09-11T07:12:07Z,29,0.48,True,134775217,1405244,1710,https://www.youtube.com/watch?v=O9FC2KU-dKY,147000,536,PF246932,신명의 꽃 [해남],한국음악(국악),해남문화예술회관 대공연장,2024-09-03,2024-09-04,,,,none,none,0,False,False,0,no_strong_signal,신호 없음
h2ozFnFQ_-A,소원 이뤄주는 서낭 종류 당산나무 특징 - 송파 용한 무당 점집 추천 후기 천지신명 천상장군 #Shorts,"#소원_이뤄주는_서낭_종류 #당산나무_특징 #점집추천 #점집후기 #송파점집 #송파점집추천 #잠실점집 #잠실점집추천 #점잘보는집 #살풀이굿 #재수굿 #진오귀굿 #천지신명 #천상장군 #Shorts

천지신명 천상장군
상담문의 : 010-9043-1588
상담위치 : 서울 송파구 삼전로4길

[촬영문의] 010-9768-1638

안녕하세요 “굿엔트”입니다!
우리 민족의 전통 신앙을 알리는 곳으로 민속신앙 선생님들의 무당 이야기와 국보신앙 세습에 대하여 바르게 소개합니다. 
항상 좋은 날 되세요! 

[굿엔트]네이버 https://blog.naver.com/goodent1638
[굿엔트]페이스북 https://www.facebook.com/goodent1638/
[굿엔트]트위터 https://twitter.com/Goodent6
[굿엔트]카카오스토리 https://story.kakao.com/goodent1638
[굿엔트]스토리채널 https://ch.kakao.com/channels/@goodent1638

서낭
민간에서 마을의 수호신으로 받들어지는 동신(洞神).성황.내용신수(神樹)에 잡석을 쌓아 놓은 돌무더기나 신수에 당집이 복합된 형태의 서낭당에 깃들어져 있다고 믿어지는 신격으로 성황(城隍)·선왕 등으로도 불린다. 마을 수호신적 성격이 강하지만 경계신적 성격도 지니며, 성황제에 대한 문헌기록을 보면 전쟁수호신으로도 믿어졌음을 알 수 있다.

서낭신의 내력은 고려 문종 때 신성진(新城鎭)에 성황 신사(神祠)를 설치하여 위엄 있게 숭배하였다는 데서 찾을 수 있다. 『동국문헌비고(東國文獻備考)』에도 조선시대에 서낭신을 섬긴 일이 기록되어 있다.

이익(李瀷)의 『성호사설(星湖僿說)』에 보면, “우리 나라 풍속이 귀신을 신봉하기 좋아하여 혹은 화간(禾竿)을 만들고 지전(紙錢)을 달아 촌무(村巫)들이 서낭신이라 칭하여 섬긴다.”라고 기록되어 있으며, 이 밖에도 서낭에 대한 기록은 『동국여지승람(東國輿地勝覽)』과 읍지(邑誌) 등에도 보인다.

서낭신앙의 기원에 대해서는 우리 고유의 신앙 형태라는 주장과 중국의 성황이 이입되어 형성된 것이라는 주장이 맞서고 있다. 전자는 손진태(孫晉泰)와 조지훈(趙芝薰) 등의 주장으로, 서낭이 고대의 경계표 돌무더기에서 점차 경계신의 처소, 제단 등으로 인식된 것이라 보며, 단군신화에서 그 기원을 찾기도 한다.

후자는 이능화(李能和)가 『조선무속고(朝鮮巫俗考)』에서 주장한 것으로, 성황은 성지(城池) 곧 성을 보호할 목적으로 성 주위에 도랑을 파서 물을 채우는 것으로 천자(天子)가 8가지 대제(大祭) 중 하나로 올리는 수용(水庸)이 북제(北齊)시대에 성읍의 수호신으로 신앙되었으며 송대(宋代)에는 천하에 두루 퍼졌는데, 이러한 성황신앙이 전래되어 우리 나라 곳곳의 서낭신앙을 있게 했다는 것이다.

이 외에 몽고의 ‘오보’로부터 전래되어 형성되었다는 주장도 있다. 오보란 흙이나 돌을 원추형으로 쌓아 올리고 그 상부에 버드나무 한 묶음을 꽂아두거나 목간을 세워 놓은 몽고의 신앙 형태로, 여행의 안전을 위해 돌을 던진다거나 오보의 나뭇가지에 포백편(布帛片)·오색천을 묶는 헌납속, 돌무더기를 신의 거처로 인식하여 제를 올리는 점이 흡사하다. 때문에 13, 4세기 몽고와 문화적·정치적 관계가 깊었던 시대에 오보신앙이 전래되어 형성되었다고 보는 것이다.

이런 견해들 중 어떤 것이 타당한지 단정지을 수는 없지만 외부에서 유입된 것과는 다른 우리 고유의 서낭신앙이 있었는데 외부에서 성황 또는 오보신앙이 유입되면서 그 신앙의 성격이나 기능이 유사하여 서로 습합(習合)하게 된 것이 아닌가 판단된다.

현재 서낭의 형태는 다양하여 서낭나무인 신수(神樹)와 돌무더기가 복합된 경우, 돌무더기·서낭나무에 천조각을 늘인 경우, 서낭나무와 당집의 복합 경우, 입석(立石) 등의 형태로 나타난다.

이 밖에도 신격의 인격적 형태로 구체회된 것은 강원도와 경상도 일대의 골매기서낭으로 남서낭과 여서낭의 짝으로 설정된 경우, 여서낭으로 설정된 경우 등이 있는데, 이 가운데 여서낭으로 설정된 경우가 압도적인 비중을 차지한다. 남서낭과 여서낭으로 설정된 경우는 풍요를 기원하는 결합의례가 있다. 이러한 사례로 서낭은 마을 수호신의 성격뿐만 아니라, 풍요신의 성격도 아울러 지닌다.

또한, 골매기서낭은 입향시조(入鄕始祖)와도 결합되어 있어 조상숭배신앙(祖上崇拜信仰)과 밀접한 관련을 지닌 것으로 추측된다. 서낭은 본디의 마을수호신 신격이 여타의 신격과 결합되어 복합적 신앙대상으로 변화된 신격이다. 이러한 신격이 탈춤에도 흔적을 보이고 있어서 민간 연희의 생성을 이해하는 데 중요한 자료가 된다.

한편 이러한 내륙지방의 서낭신앙과는 달리 바닷가에서나 도서지역에서는 배서낭을 섬기는 습속이 있다. 배서낭은 항해의 안전과 풍어를 보장해주는 신격으로, 배와 서낭이 복합된 명칭이라 할 수 있다.

이 때 서낭을 선왕(船王)으로 표기하여 배서낭의 신체로 삼는 경우가 많아 서낭과는 별개의 어원을 지닌 것으로 보기도 하지만, 배의 안녕과 풍요를 관장한다는 점에서 그 성격은 대체로 동일함을 알 수 있다.

배서낭의 신체는 특별한 신체 없이 숭앙관념만이 나타나기도 하지만 일반적으로 길지(吉紙)나 지방(紙傍), 뱃기, 서낭단지, 서낭함을 모시는 형태로 나타난다. 서낭은 마을수호신·풍요신·조상숭배신앙을 함께 다루는 데 있어서도 중요한 신앙형태이다.

기도(祈禱)는 신 또는 신격화된 대상과 의사소통을 시도하려는 행위, 또는 신에게 무엇인가를 간청하는 행위를 말한다. 의식 안에서 행하는 기도는 예배라고도 한다.
불교의 경우 기도는 '눈을 안으로 돌이키는 노력', 즉 내 욕심과 고집을 버리고 다 함께 행복한 세상을 위해 깨닫겠다는 원을 세우고 이를 성취하려는 노력의 행위이다.
기도는 신 또는 거룩히 여기는 대상에게 의사소통을 시도하는 인간의 행위 양식이다. 일반적으로 스스로가 가야 할 길을 구하거나, 도움을 구하거나, 죄를 고백하거나, 사람의 감정을 표현하는 목적을 위해 신성하게, 영이 가득한 말을 연속적으로 하는 형태를 띠나, 신에 대하여 자신의 생각과 의지를 표현하는 행동을 통틀어서 '기도'로 볼 수 있다.
외형적으로 볼 때, 기도하는 사람은 독백을 하거나, 말없이 수행하는 묵도의 형태를 띤다. 또한 말뿐만 아니라, 눈을 감거나, 합장, 엎드리기, 또는 일정 구획을 걷는 등의 신체적인 행위 또는 자세가 동반되는 경우도 있다. 기도는 개인이 직접 할 수도 있고 여럿이서 함께 행하는 경우도 있다. 기도에 쓰이는 말은 찬송, 주문, 또는 기타 자발적인 발언의 형태를 취한다.
기도의 의식은 이념이나 종교에 따라 여러 가지 형태로 정의되고 있으며, 종교 생활의 가장 기본적인 행동 가운데 하나이다. 단, 종교에 국한하지 않고, 명절 혹은 제사 때 조상을 기리거나, 천지신명 또는 하늘에서 떨어지는 유성우를 보고 소원을 빌거나, 애니미즘, 막연한 대상에게 취하는 감사 등의 행위에 이르기까지 보편적으로 '기도' 또는 '빎'이라는 용어로 규정되기도 하며, 예컨대, 무엇인가에의 '빎' 또는 기도는 보다 근원적인 욕구에 근거한 인간의 보편적인 활동 양식으로 볼 수도 있으며 그 대상, 때, 장소, 개인의 사상 또한 천차만별이라 할 수 있다.

축원굿(祝願─):행운과 초복을 기원하는 재수굿 형태의 무속의례.   재수굿.
그러나 경우에 따라서는 병자의 병을 낳게 하는 축원굿이 되기도 한다. 그리고 또한 씻김굿 중에 망자(亡者)를 위한 축원거리로 나오기도 한다. 그러나 축원굿이라고 하면 재수 축원굿을 의미하게 되고, 병을 낫게 하기 위한 축원굿은 병축원굿이라 하여 ‘병’자를 앞에 붙이고 있다.
그런데 재수굿으로서의 축원굿이 일반적인 인식인데도 서해안의 해주지역에서는 재수 축원굿이라 하여 병축원굿처럼 ‘재수’자를 관형사로 붙이는 경우도 있다. 또한 지역에 따라서는 같은 재수굿의 내용이라도 축원굿이라는 이름 대신 그대로 재수굿이라고 부르거나 성주굿이라고 부르는 경우도 있다.
예를 들어 평안남도지 방에서는 생전의 초복과 행운을 기원하기 위하여 하는 굿을 재수굿이라 하며, 강원도의 영동ㆍ영서 지역에서는 복과 재수를 기원하는 재수굿이나 도신굿을 성주굿 또는 축원굿이라 하고, 호남지방에서도 집안의 운수와 재수를 위하여 하는 굿을 성주굿이라고 한다.
이 축원굿은 한 개인을 축원하기 위한 굿이 되기도 하고, 또한 한 가정을 축원하는 것이 일반적이지만, 마을 공동제의인 무(巫)굿에서도 마을의 번영과 재수를 기원하는 굿거리가 들어 있다.
동해안지역의 별신굿에서는 마을과 주민들의 재수와 수명장수를 기원하는 ‘일월(日月)맞이굿’이 있고, 남해안의 별신굿에서도 마을에 대한 축원굿으로 ‘판굿’이 있다. 그리고 서해안지역의 배연신굿과 대동굿에서도 ‘소당제석굿’이나 ‘제석굿’은 역시 복과 재수를 기원하는 굿거리이다.
한편, 호남의 해남지역에서 볼 수 있는 병축원굿은 한 가정에서 가족 중에 병을 앓는 사람이 있을 경우 병이 낫기를 축원하는 굿이다.
무굿 아닌 비손에서는 재수나 병축원 외에도 기자발원(祈子發願, 또는 三神祝願)이나 혼사축원 등 축원거리가 더욱 다양하게 나타난다. 축원굿의 내용은 지역에 따라 차이가 있다.",UCM6gid2jm7Pc7d_wOrDgQQg,굿엔트,2022-10-25T11:15:09Z,58,0.97,True,3205,31,0,https://www.youtube.com/watch?v=h2ozFnFQ_-A,477000,17687,PF246932,신명의 꽃 [해남],한국음악(국악),해남문화예술회관 대공연장,2024-09-03,2024-09-04,,,,none,none,0,False,False,0,no_strong_signal,신호 없음
ik0IAlJYMxQ,마이진💙삼겹살은 이렇게 굽는 거~여   배우고 있는  깜진 💙,,UCSUvxW0XDzHM8gNkBwedw0Q,깜진,2023-01-29T08:39:33Z,8,0.13,True,209,12,4,https://www.youtube.com/watch?v=ik0IAlJYMxQ,4440,1456,PF246932,신명의 꽃 [해남],한국음악(국악),해남문화예술회관 대공연장,2024-09-03,2024-09-04,,,,none,none,0,False,False,0,no_strong_signal,신호 없음
qN-weQvthJg,"""장구춤"" 한국의 흥과 멋을 보여주는 서진주 선무용단(김부경 안무) EP.2 a dance that shows the excitement and style of Korea",#댄서스잡 #서진주 #선무용단 #장구춤 ​​#한국무용 ​​#koreandance #shorts,UC8aatROT8Lr3Q82Xpn9-k4g,댄서스잡 DJ,2023-08-25T04:51:12Z,59,0.98,True,17219,307,22,https://www.youtube.com/watch?v=qN-weQvthJg,9080,422,PF246932,신명의 꽃 [해남],한국음악(국악),해남문화예술회관 대공연장,2024-09-03,2024-09-04,,,,none,none,0,False,False,0,no_strong_signal,신호 없음
x66nfqC2dzA,태스형~태스형~세상이넘아프당께 #신고산품바 애절한목소리 #shorts,"신고산품바 의 애절한목소리 
나훈아:태스형",UCO3lMq_Hl5pRPH3Qk99D60A,정현아tv,2022-11-09T13:46:35Z,16,0.27,True,3285,28,3,https://www.youtube.com/watch?v=x66nfqC2dzA,27000,4483,PF246932,신명의 꽃 [해남],한국음악(국악),해남문화예술회관 대공연장,2024-09-03,2024-09-04,,,,none,none,0,False,False,0,no_strong_signal,신호 없음
fs1ZUd35SOE,바리공주 지옥랩 #shorts,"10분 안에 읽는 고전소썰 '바리공주' 중 지옥랩 #shorts 입니다!

바리공주 전체 내용 영상이 궁금하시다면 아래에서!
https://youtu.be/mUn6YZHWrtA",UCqlXg9q9pw1EGXFDiOmMrxg,국어파뤼,2021-08-14T16:07:14Z,37,0.62,True,814,25,1,https://www.youtube.com/watch?v=fs1ZUd35SOE,3830,54,PF246932,신명의 꽃 [해남],한국음악(국악),해남문화예술회관 대공연장,2024-09-03,2024-09-04,,,,none,none,0,False,False,0,no_strong_signal,신호 없음
yZu6bTcB2uk,정원가꾸기  / 아름다운 농장정원 만들기 / 겨울정원풍경,"겨울 정원의 모습과 농장 정원을 만들기 위한 팁을 소개해 드립니다.
정원가꾸기, 아름다운 정원 만들기
#정원가꾸기#해남농부남재TV

 ○ 해남농부 팜스토리 블로그
      https://blog.naver.com/pnj8935

 ○ 네이버 스마트스토어 
      https://smartstore.naver.com/bcsmall

 ○ 문의
      pnj8935@naver.com",UCfSGqt-jGsjoYF8t1veduNw,해남농부 남재TV,2022-01-06T10:00:26Z,786,13.1,False,592,10,4,https://www.youtube.com/watch?v=yZu6bTcB2uk,21600,832,PF246932,신명의 꽃 [해남],한국음악(국악),해남문화예술회관 대공연장,2024-09-03,2024-09-04,,,,none,none,0,False,False,0,no_strong_signal,신호 없음
vxCBkHJKDr8,[김포문화재단] 2022 전통문화공연 창작지원사업 선정작 〈나의 넋 꽃이 되어〉 실황 영상,"2022 전통문화공연 창작지원사업 선정작 〈나의 넋 꽃이 되어〉 실황 영상🎞️ 공개‼

애기봉의 기생 ‘애기’설화를 전통 악.가.무를 통해
현대적으로 재해석한 〈나의 넋 꽃이 되어〉🌸
아쉽게 공연을 놓치신 분들을 위해
실황 영상을 준비했으니 함께 감상해보시죠👏


✔공연일시 : 2022.11.18.(금) 오후 7시
✔공연장소 : 통진두레문화센터
✔공연단체 : 국악앙상블 달섬

※자세한 사항은 김포문화재단 홈페이지 확인
🔗https://bit.ly/3PrBMgu

#김포문화재단 #2022전통문화공연창작지원사업 #신규창작지원작품 #국악앙상블달섬 #나의넋꽃이되어 #김포설화 #김포전설 #기생애기 #애기봉 #통진두레문화센터 #국악공연 #김포국악 #한국음악 #전통음악 #한국무용 #전통무용 #국악스타그램 #국악공연 #김포문화생활 #김포공연 #경기도공연",UC4lZz8-HZFyZnidaDXrWmTA,김포문화재단 TV,2022-12-14T07:00:17Z,3873,64.55,False,139,2,0,https://www.youtube.com/watch?v=vxCBkHJKDr8,1850,824,PF246932,신명의 꽃 [해남],한국음악(국악),해남문화예술회관 대공연장,2024-09-03,2024-09-04,,,,mismatch,none,0,False,False,-2,delete_candidate,날짜 불일치(다른 회차 가능성)
wx_1cPmG-xA,#그집앞 ^^팬여러분감쏴합니다~~꺼이꺼이,,UCI9GZ86iYl0DSACVEKQYoNQ,가수하니방송국,2023-05-26T15:40:36Z,60,1.0,True,2936,162,8,https://www.youtube.com/watch?v=wx_1cPmG-xA,29700,3321,PF246932,신명의 꽃 [해남],한국음악(국악),해남문화예술회관 대공연장,2024-09-03,2024-09-04,,,,none,none,0,False,False,0,no_strong_signal,신호 없음
FWBjcdm9E2o,봉삼 품바🍑윤경&봉삼🍑동그라미공연단2018/9 명량대첩축제 (능이),윤경봉삼 동그라미공연단 2018 명량대첩축제,UC-EoSUfpaRGZsHTazCZ4aIw,"가요한국방송""능이채널TV""",2018-09-11T07:31:12Z,606,10.1,False,1322,45,3,https://www.youtube.com/watch?v=FWBjcdm9E2o,223000,5285,PF246932,신명의 꽃 [해남],한국음악(국악),해남문화예술회관 대공연장,2024-09-03,2024-09-04,,,,none,none,0,False,False,0,no_strong_signal,신호 없음
A1ajb90wfDA,우아함이란 거추장스러움을 제거하는 것이다 - 번개토크 1분 - 대전 용한 무당 점집 추천 후기 이도령 이법사,"#우아함이란 #거추장스러움을_제거하는_것이다 #번개토크_1분 #이도령_이법사 #점잘보는집 #점집추천 #점집후기 #근처점집 #신점_영점 #진오귀굿 #살풀이굿 #성주굿 #재수굿 #대전점집 #대전점집추천 

이도령 이법사 [바쁜 일상 짧고 명쾌한 공수]
상담문의 : 010.4737.8257

[굿엔트]촬영문의 010.9768.1638
[굿엔트]유튜브채널 
https://www.youtube.com/channel/UCM6gid2jm7Pc7d_wOrDgQQg
[굿엔트]네이버 https://blog.naver.com/goodent1638
[굿엔트]페이스북 https://www.facebook.com/goodent1638
[굿엔트]인스타그램 https://www.instagraㅁm.com/goodent1638/
[굿엔트]트위터 https://twitter.com/Goodent6
[굿엔트]카카오스토리 https://story.kakao.com/goodent1638
[굿엔트]스토리채널 https://ch.kakao.com/channels/@goodent1638

우리나라 전통의 민간신앙을 알리는 곳으로 무속인의 이야기와 무속 문화 세습에 대하여 바르게 소개합니다. 구독자 시청자 여러분 항상 좋은 날 되세요!

민속신앙 전문 유튜브채널 '굿엔트' - 여러분들의 구독과 좋아요는 영상 콘텐츠 제작에 큰 도움이 되고있습니다. 시청해주셔서 감사합니다!

재수(財數):재물이나 좋은 일이 생길 수 있는 운수를 가리키는 민간용어.
‘오늘 재수없다.’라는 말처럼 하루하루의 짧은 운수를 말하지만, 집안이나 가족을 단위로 넓은 의미의 운수를 말하기도 한다. ‘그 집은 재수가 없다.’는 말도 한다. 특히, 개인의 재수를 말해서 신수(身數)라고 한다.
신수점은 개인의 운수를 점치는 일을 말한다. 그러나 재수를 점치는 것은 별로 없다. 다만, 아침에 손을 베었을 때 “오늘 재수가 옴붙었다.”고도 한다. 이는 자기 행위나 다른 어떠한 행위의 결과로 인해서 재수가 좌우된다는 메커니즘이 있다고 할 수 있다.
즉, 자신이 지닌 운수에 의하여 또는 신에 의하여 재수가 좌우된다고 하기보다는 어떠한 부정한 행위로 신을 노엽게 하여 자신의 재수가 결정된다는 생각이 강하다. 여자가 사내의 앞을 지나가면 재수없다는 것 따위이다.
그러나 보다 추상적으로 말해서 ‘재수가 물밀 듯한다.’라든지 ‘재수없는 놈은 자빠져도 코가 깨진다.’와 같은 것은 몸에 지닌 운수에 의한 것이라는 뜻이 있다.
위에 든 간단한 나쁜 재수는 침을 뱉는 정도의 가벼운 주술로 처리하지만, 후자의 경우와 같은 내재적인 운수는 어떠한 적극적인 의례를 통해서 대처할 수 있다고 믿는다.
불교식으로 재수를 기원하는 것이 ‘재수발원(財數發願)’이고 재수를 빌기 위해서 부처님께 불공을 드리는 것은 ‘재수불공’이다. 재수를 빌기 위하여는 무당에게 굿을 의뢰하는 경우가 보통이다.
이것은 개인의 재수보다는 한 집의 재수를 비는 것이다. 가족 중에 상업을 하거나 주된 수입을 담당하는 가족원을 위한 굿처럼 강조되는 경우라도 역시 가족 전체를 위한 종합적이고 복합적인 굿이 된다.
재수굿이라 하여 어느 일정한 신에게만 재물을 바치고 굿을 하는 것이 아니고 역시 전체적으로 모든 신들을 모시는 것으로 되어 있다. 그것은 재수라고 하여도 재물만 풍족하면 되는 것이 아니고, 가족원들의 건강은 물론이고 인간관계가 좋아야 하는 등 복합적인 원인이 있기 때문에 항상 굿은 복합적으로 행하여진다.
그러나 많은 신들 가운데 특히 집안의 재물을 담당하는 ‘터줏대감’이 가장 중요한 신으로 모셔진다. 집집마다 뒤뜰에 모셔둔 터줏가리가 있는데 재수굿에서 주로 이 터줏신·터줏대감을 모신다. 무녀가 떡시루에 쇠다리를 얹고 춤을 추면서 재수사망을 섬겨주겠다는 무가를 부른다.
굿 가운데 이 재수굿은 가장 신이 나며 가족들이 즐거워하는 굿이기 때문에 무당들은 계속 밝은 표정을 하게 되고 가족들도 즐거워하며 무감을 서는 등 축제적 분위기를 자아낸다. 특히, 무당은 부채로 재물을 집안으로 불러들이는 시늉을 한다.
재물의 운수는 이렇게 신에 의하여 밖으로부터 집안으로 끌어들일 수 있다고 믿는다. 그러므로 굿을 하는 것은 일종의 신앙적인 자본의 투자이기도 하다. 또한, 단순히 무당에게 돈만 주는 손해라고 생각하지 않는다.

재수굿(財數─):중부지역에서 집안의 안녕함과 재복 그리고 자손의 창성, 가족의 수복을 위해 행하는 무속의례.
주로 중부지역에서 행하여지는데, 서울과 경기 북부지역에서는 강신무가 하고 경기 남부와 부여지방에서는 세습무에 의해서 전승된다.
집안단위로 행하여지면서 산 사람의 길복을 추구한다는 점에서 죽은 이의 영혼천도를 목적으로 하는 진오기굿과 대별되는데, 재수굿이라는 이름 외에 천신맞이·경사굿·안택굿 등으로 불리기도 한다. 전라도 지역의 도신, 황해도지역의 철물이굿의 목적과 기능이 대동소이(大同小異)주 01)하다.
재수굿은 정초 또는 봄·가을에 하는데 굿 날짜는 가족의 생기복덕에 맞추어 결정한다. 정기적으로 해마다 또는 3년에 한번씩 하는 것이 상례이지만 집안에 우환이 생긴 경우에는 재수를 빌기 위하여 특별히 행하기도 한다. 서울 지역 재수굿을 중심으로 흔히 열두거리라고 부르는 제차내용을 살펴보면 다음과 같다.
① 부정 : 굿하기에 앞서 부정을 가셔 제장을 정화함으로써 신을 청해들일 준비를 하는 의례이다.
② 가망 : 신격은 분명하지 않으나 제일 먼저 맞이하는 것으로 미루어볼 때 중요한 신격으로 여겨진다. ‘본주고 씨준 가망’이라는 무가내용으로 조상신이라고도 하고 신 자체를 의미한다고도 해석한다.
③ 말명 : 조상신을 모시는 의례이다.
④ 산마누라 : 산신을 의미하는데 주로 최영장군을 모신다.
⑤ 별상 : 손님이라고도 하며 천연두신을 모시는 거리이다. 그러나 서울에서는 억울하게 죽은 사도세자를 모시는 굿이라고도 한다.
⑥ 대감 : 재수와 집안에 이익을 주는 신으로 믿는다. 재수굿은 흔히 대감놀이라고도 하는데, 그 이유는 대감신의 구체적 직능이 재수굿의 목적과 일치하는 것과 대감굿의 성격이 매우 유흥적이어서 일반인들의 선호도가 높기 때문이다.
⑦ 제석 : 불교적인 색채가 짙어 무당이 승복을 입고서 중타령을 부르고 바라춤도 추지만 그 기능은 복을 주는 신이다.
⑧ 호구 : 처녀신으로 믿는다. 특히, 궁녀가 죽은 신이라고도 하는데, 무당이 붉은 치마를 쓰고 굿을 하다가 액을 걷어 가는 의미에서 치마를 벗는다. 서울에서는 천연두신이라고도 한다.
⑨ 군웅 : 장수신으로 화살을 쏘아 외부에서 들어오는 액을 막는다.
⑩ 성주 : 가신(家神)이다. 새로 집을 지으면 특별히 성주맞이를 하기도 한다.
⑪ 창부 : 광대신으로 열두 달의 액을 막는다.
⑫ 뒷전 : 굿에 청하였던 모든 신을 보내고 동시에 굿에 따라든 잡귀들을 풀어 먹이는 의례이다. 이와 같은 재수굿은 경제적 여유가 있는 집안에서 친족과 이웃을 모두 청하여 잔치처럼 치르는 경우가 많았다.
신과 인간을 고루 대접함으로써 집안의 안녕함과 길복을 계속 유지하려는 것이다.

축원굿(祝願─):행운과 초복을 기원하는 재수굿 형태의 무속의례.   재수굿.
그러나 경우에 따라서는 병자의 병을 낳게 하는 축원굿이 되기도 한다. 그리고 또한 씻김굿 중에 망자(亡者)를 위한 축원거리로 나오기도 한다. 그러나 축원굿이라고 하면 재수 축원굿을 의미하게 되고, 병을 낫게 하기 위한 축원굿은 병축원굿이라 하여 ‘병’자를 앞에 붙이고 있다.
그런데 재수굿으로서의 축원굿이 일반적인 인식인데도 서해안의 해주지역에서는 재수 축원굿이라 하여 병축원굿처럼 ‘재수’자를 관형사로 붙이는 경우도 있다. 또한 지역에 따라서는 같은 재수굿의 내용이라도 축원굿이라는 이름 대신 그대로 재수굿이라고 부르거나 성주굿이라고 부르는 경우도 있다.
예를 들어 평안남도지 방에서는 생전의 초복과 행운을 기원하기 위하여 하는 굿을 재수굿이라 하며, 강원도의 영동ㆍ영서 지역에서는 복과 재수를 기원하는 재수굿이나 도신굿을 성주굿 또는 축원굿이라 하고, 호남지방에서도 집안의 운수와 재수를 위하여 하는 굿을 성주굿이라고 한다.
이 축원굿은 한 개인을 축원하기 위한 굿이 되기도 하고, 또한 한 가정을 축원하는 것이 일반적이지만, 마을 공동제의인 무(巫)굿에서도 마을의 번영과 재수를 기원하는 굿거리가 들어 있다.
동해안지역의 별신굿에서는 마을과 주민들의 재수와 수명장수를 기원하는 ‘일월(日月)맞이굿’이 있고, 남해안의 별신굿에서도 마을에 대한 축원굿으로 ‘판굿’이 있다. 그리고 서해안지역의 배연신굿과 대동굿에서도 ‘소당제석굿’이나 ‘제석굿’은 역시 복과 재수를 기원하는 굿거리이다.
한편, 호남의 해남지역에서 볼 수 있는 병축원굿은 한 가정에서 가족 중에 병을 앓는 사람이 있을 경우 병이 낫기를 축원하는 굿이다.
무굿 아닌 비손에서는 재수나 병축원 외에도 기자발원(祈子發願, 또는 三神祝願)이나 혼사축원 등 축원거리가 더욱 다양하게 나타난다. 축원굿의 내용은 지역에 따라 차이가 있다.",UCM6gid2jm7Pc7d_wOrDgQQg,굿엔트,2021-05-24T21:00:13Z,67,1.12,False,500,11,0,https://www.youtube.com/watch?v=A1ajb90wfDA,477000,17687,PF246932,신명의 꽃 [해남],한국음악(국악),해남문화예술회관 대공연장,2024-09-03,2024-09-04,,,,none,none,0,False,False,0,no_strong_signal,신호 없음
g5SvRTH5Xhc,고향에 꽃핀 문화…이달의 '문화가 있는 날' / 연합뉴스TV (YonhapnewsTV),"고향에 꽃핀 문화…이달의 '문화가 있는 날'
[뉴스리뷰]

[앵커]

매일 농사일에 지친 어르신들이 5일장에서 풍물놀이와 장대놀이 공연을 하며 스트레스를 풀고, 대구의 한 경로당은 다채로운 문화행사로 시끌벅적해졌습니다. 

이달의 '문화가 있는 날'에는 어떤 행사가 펼쳐질까요? 

장보경 기자입니다.

[기자] 
 
일년 열두달을 마늘 농사로 눈코뜰새 없이 바쁘게 보냈던 김금년 할머니가 곱게 차려입고 단장을 합니다.

목적지는 경상남도 합천군의 5일장, 초계장터입니다.

물건을 팔거나 사기 위해서가 아니라 공연을 하기 위해 발걸음을 옮기는 것입니다.

[현장음] ""에헤라 지시라… 우리 할매 오래 살고…""

복을 비는 흥겨운 풍물소리를 따라 동네의 재주많은 어르신들이 전부 모였습니다.

관객의 시선을 단연 사로잡은 건 오광대 가면극입니다.

전설에서부터 시작해 전염병과 재앙을 막기위해 이어져 온 것이 어느새 지역 전통으로 자리잡았습니다.
 
어르신들은 음식을 나눠먹으며 농사일로 쌓인 스트레스를 풉니다.

할머니들끼리 담소를 나누던 경로당에 트로트가 울려 퍼집니다.

아는 노래가 나오자 금세 웃음꽃이 피더니 춤판이 벌어집니다.

할머니 한 분은 리포터로 변신했습니다.

[현장음] ""여기는요. 비누실습하는 데 거든요.""

자신과 똑닮은 캐리커처를 받아보고, 오랜만에 화장을 하고 네일아트를 받으며 기분 전환을 합니다.

지역 곳곳에 스며든 문화행사로 어르신들에게 잊지 못할 하루가 만들어졌습니다.

내일 '문화가 있는 날'에는 가을 여행주간을 맞아 지하철역을 거점으로 다양한 공연을 즐길 수 있는 '예술열차 안산선'과 춘천 수변공원에서 펼쳐지는 야간 공연 프로그램이 준비돼 있습니다.

연합뉴스TV 장보경입니다.

연합뉴스TV : 02-398-4441(기사문의ㆍ제보) 카톡/라인 jebo23 

▣ 연합뉴스TV 유튜브 채널 구독
https://goo.gl/VuCJMi
▣ 대한민국 뉴스의 시작 연합뉴스TV / Yonhap News TV
http://www.yonhapnewstv.co.kr/",UCTHCOPwqNfZ0uiKOvFyhGwg,연합뉴스TV,2017-10-24T12:51:48Z,114,1.9,False,58,0,0,https://www.youtube.com/watch?v=g5SvRTH5Xhc,2270000,707445,PF246932,신명의 꽃 [해남],한국음악(국악),해남문화예술회관 대공연장,2024-09-03,2024-09-04,,,,none,none,0,False,False,0,no_strong_signal,신호 없음
FohB-7a4cmM,더이상은 못잡겠다!!  그만 잡자! 그만!!  경주 읍천항 삼치 낚시  2020.10.28 아웃도어피싱 Outdoorfishing,"가을 시즌 최고의 재미!

대삼치 낚시!

멀리 경주 읍천항까지 달려갔지만! 삼치는 보이지 않고..

그러다가 해가 뜨면서 드디어 보일링이 시작 되는데~~


아웃도어피싱의 낚시는 계속 됩니다~ 쭈~~욱

#대삼치 #경주읍천항 #그만잡자",UCV-gChCyfcTHsBxnRMQKfPg,아웃도어피싱TV,2020-12-02T08:51:38Z,1277,21.28,False,4984,77,37,https://www.youtube.com/watch?v=FohB-7a4cmM,3360,84,PF246932,신명의 꽃 [해남],한국음악(국악),해남문화예술회관 대공연장,2024-09-03,2024-09-04,,,,none,none,0,False,False,0,no_strong_signal,신호 없음
DclqbFGrRTA,"영종도투자 ""구읍뱃터"" 펜션 통매매 관광특화거리내 블루오션펜션 영종국제도시","안녕하세요 영종국제도시 THE베스트공인중개사사무소 입니다 
이번에 소개해드릴 영상은 영종구읍뱃터 통매매 펜션을 소개해드릴까 합니다 
관광카페거리로 조성될 입지 인천앞바다가 눈앞에 펼쳐지는 특급조망!
관련문의는 032-751-2303
부동산자산관리사/대표공인중개사 정 영철 
010-9017-8132 투자상담 아파트 상가 토지 오피스텔 전문",UCbPL00VWgzs_DtXsRkb6J1A,방구석홈즈TV 더베스트부동산,2020-04-22T13:24:25Z,341,5.68,False,1082,17,0,https://www.youtube.com/watch?v=DclqbFGrRTA,8050,317,PF246932,신명의 꽃 [해남],한국음악(국악),해남문화예술회관 대공연장,2024-09-03,2024-09-04,,,,none,none,0,False,False,0,no_strong_signal,신호 없음
CIDh7rIaQ-Q,제1회 영암 월출산배 전국 생활체육 탁구대회  월출부 복식 서관장탁구 클럽 나성현3 김도표3 vs 강진탁구 동호회 한성호s 김문석4,,UCTPRlV_39Ja4WHbJp8Q3dAQ,Artpingpong,2022-07-21T02:53:05Z,454,7.57,False,964,5,0,https://www.youtube.com/watch?v=CIDh7rIaQ-Q,9110,2528,PF246932,신명의 꽃 [해남],한국음악(국악),해남문화예술회관 대공연장,2024-09-03,2024-09-04,,,,none,none,0,False,False,0,no_strong_signal,신호 없음
uW3d1Fwb0WA,🕯초심이품바👼아장아장(젊잖고 무게있게🤭)무대등장 나처럼해봐라 요렇게 세상에 우째이런일이💯,👶아장아장🧍‍♂️무대등장 초심이할머님?배많이(죄송)나오셨네😋 나처럼해봐요 배꺼집니다 아셨죠~귀여운꼬마의 재롱잔치👍  아빠엄마동생👨‍👩‍👦앞에서ᆢ 행복한 젊은부부의 구룡포 나들이👍👏🥰최고중의최고🤗가족 농구ㆍ배구단 창설 기대합니다 여봉😘이리와 아이부끄러버라🤦‍♀️모처럼누워보는군💑💗(19금) 딸ㆍ아들 구별말고 💑많이 낳자🤭👏👏👏👏👏👏👏,UCF4MkjtqFVGyN_MNppr40SQ,품바짱TV,2019-11-24T16:33:30Z,510,8.5,False,282,14,4,https://www.youtube.com/watch?v=uW3d1Fwb0WA,4430,842,PF246932,신명의 꽃 [해남],한국음악(국악),해남문화예술회관 대공연장,2024-09-03,2024-09-04,,,,none,none,0,False,False,0,no_strong_signal,신호 없음
GBvPn7CyKdA,전망좋은 전원주택지,"안녕하세요 
시골다큐!시골가서살자 입니다.
오늘은 전원주택지 귀촌편입니다.
합천에 위치해 있고요. 임야를 개발행위를 해서 전원주택지로 만들어 놓은 곳입니다 아름다운 자연속에서 전원생활을 꿈꾸는 분이시라면 선택하기 좋은 곳이네요.
이런곳은 분양가가 정해져 있고요.따로 토목공사를 하지않고 예쁜 집만 건축하면 되는 곳이지요.
분양가 문의는 010-3550-7681
시골다큐!시골가서살자는 시청자님들을 위한 선택의 폭을 드리고자 하는 점을 양해 부탁드리며, 제가 귀농해서 체험해가는 것을 하나씩 알려드리도록 할게요.
시리즈로 만들어 갈거고요. 틈틈이 농사정보도 만들어 가도록 하겠습니다.용기와 격려를 보태주세요
좋아요. 구독은 힘이 됩니다.
감사합니다 ~^^",UCMV81b5RXprtx6i8UNtTStA,시골다큐!시골가서살자,2021-02-15T00:35:05Z,419,6.98,False,340,13,4,https://www.youtube.com/watch?v=GBvPn7CyKdA,1400,331,PF246932,신명의 꽃 [해남],한국음악(국악),해남문화예술회관 대공연장,2024-09-03,2024-09-04,,,,none,none,0,False,False,0,no_strong_signal,신호 없음
-MulnpvlHUc,중년다이어트 등산 다이어트 건강과 체중 감량 효과적인 등산  유산소운동 중년 건강을 지킬 수이 있다 !젊어진다   Moun tain in the rain  Travel,"험한 산을 산행하면 성취감으로 자신감을 찾아요
숨이 벅차면 내 심장이 활발히 움직이고 
폐활량이 좋아지는 걸 느낍니다 
다음 날 하체근육이 꽉찬 느낌 
그래서  먼 길을 떠나 350m 산행인데
산사가 공사중 길이 막혀  40m남기고 
310 m 산사처마 아래에서 점심을 먹으면
비가 그치기을 기다립니다
돌길이 평지보다 두배 힘듭니다 
칼로리소모량이 두배입니다  #Vietnam Tour",UCf8D0EYYTh1BEa-19NhlG8Q,Julia Salon 줄리아살롱,2020-10-10T09:29:13Z,585,9.75,False,506,115,241,https://www.youtube.com/watch?v=-MulnpvlHUc,4470,1003,PF246932,신명의 꽃 [해남],한국음악(국악),해남문화예술회관 대공연장,2024-09-03,2024-09-04,,,,none,none,0,False,False,0,no_strong_signal,신호 없음
s0nsvSZ5lbQ,2017 새해 시 피천득,새들의 비상과 일출 풍경으로 새해 영상시 만듬,UCaq5IfjXomtlKz7Pd6cotWA,modory,2016-12-27T06:44:39Z,255,4.25,False,1763,2,1,https://www.youtube.com/watch?v=s0nsvSZ5lbQ,46,26,PF246932,신명의 꽃 [해남],한국음악(국악),해남문화예술회관 대공연장,2024-09-03,2024-09-04,,,,none,none,0,False,False,0,no_strong_signal,신호 없음
wMNsWjOLQFg,[한국유통신문.com] 이소정 명창의 제자들-명창으로 가는 이소정의 '흥보가 이야기' 공연(7)-2019년 4월 17일-구미시 봉곡동 봉곡재,,UCYh-9g_TPqogJXNUsp44jzg,한국유통방송,2019-04-17T09:18:56Z,478,7.97,False,414,4,2,https://www.youtube.com/watch?v=wMNsWjOLQFg,6680,16610,PF246932,신명의 꽃 [해남],한국음악(국악),해남문화예술회관 대공연장,2024-09-03,2024-09-04,,,,none,none,0,False,False,0,no_strong_signal,신호 없음
CLPAWjMPhqM,"CBS 김현정의 뉴스쇼17 10 06 오동진, 유홍준",,UC4UOHGOnUOayv5NdU9u2w4Q,Beni,2017-10-07T14:15:36Z,3546,59.1,False,16,0,0,https://www.youtube.com/watch?v=CLPAWjMPhqM,261,21,PF246932,신명의 꽃 [해남],한국음악(국악),해남문화예술회관 대공연장,2024-09-03,2024-09-04,,,,none,none,0,False,False,0,no_strong_signal,신호 없음
f-Rif1bcOE4,우크라이나 레오 평택해군2함대위문공연,"#우크라이나 레오 
#트로트가수 
#트로트 #ktrot 
#레오",UCBy_1mQY6oT1BgZlD6HkTbQ,프린스엔터,2023-09-02T05:05:54Z,13,0.22,True,913,4,1,https://www.youtube.com/watch?v=f-Rif1bcOE4,2300,287,PF246932,신명의 꽃 [해남],한국음악(국악),해남문화예술회관 대공연장,2024-09-03,2024-09-04,,,,none,none,0,False,False,0,no_strong_signal,신호 없음
0DALF9zpAoU,호상놀이,설명,UCI3dfuHcaCWJlcOJrzxGWOQ,홍상표,2015-11-05T01:38:15Z,289,4.82,False,509,0,0,https://www.youtube.com/watch?v=0DALF9zpAoU,516,210,PF246932,신명의 꽃 [해남],한국음악(국악),해남문화예술회관 대공연장,2024-09-03,2024-09-04,,,,none,none,0,False,False,0,no_strong_signal,신호 없음
bxlKqcYe6Hc,"[한국인의 밥상] 뜨거운 응원가였던 밀양아리랑 속에 녹아든 인연의 맛 '설 기획 - 아리랑, 고개를 넘다' (KBS 20230119 방송)","한국인의 밥상 (목요일 저녁 7시 40분 KBS1) 
""설 기획 - 아리랑, 고개를 넘다” (2023년 1월 19일 방송) 

■ 동지섣달 꽃 본 듯이 – 뜨거운 응원가였던 밀양아리랑 속에 녹아든 인연의 맛
 빽빽한 햇볕이라는 뜻처럼 볕이 좋고, 낙동강이 감싸 흐르는 곳. 밀양에는 구슬픈 가락을 가진 다른 아리랑과 달리 신명 나고 흥겹고, 씩씩하고 경쾌한 아리랑이 전해온다. 일제강점기 광복군들은 밀양아리랑 가락에 가사만 바꿔 ‘광복군 아리랑’을 부르기도 했다. 

 감내라는 부락에서는 민물 참게가 많이 잡혔고, 참게를 선점하기 위해 줄을 당기며 겨룬 줄당기기가 오랜 풍습으로 전해온다. 이때 응원가로 부르던 것 역시 아리랑이었는데. 볏짚을 꼬아 줄을 만들고, 소여물통에 물동이와 바가지 등 일상 도구들을 이용해 장단을 맞추며 줄당기기 놀이와 밀양아리랑의 원형을 지켜오고 있다. 

감내 게줄당기기 보유자 이용만 씨와 아내 신명숙 씨는 8년 전 아리랑이 다리가 되어 부부의 연을 맺었다. 어려서부터 소리꾼으로 살고 싶었지만 꿈을 이루지 못한채 몸도 마음도 지쳐있던 아내에게 아리랑은 새로운 삶을 살아가는 힘이 되어주었다. 어린 시절 참게를 잡아다 칼로 곱게 다져서 만든 찜은 줄당기기부터 곱게 다지기까지 가족들 먹이려는 어머니의 수고가 담긴 귀한 음식. 김치에 밥, 국수까지 끓인 김치밥국은 서로의 빈자리를 채워주듯 따끈한 한그릇이다. 아버지가 좋아하시던 맵싸한 제피보리단술까지 부르면 절로 힘이 나는 아리랑처럼 서로를 응원하는 귀한 밥상이다.

#한국인의밥상 #김치밥국 #참게찜

※ [한국인의 밥상] 인기 영상 다시보기제천하이라이트] 10주년 특별기획 제2편-수고했어요, 그대 https://youtu.be/uxbWqsjivJ4
[풀버전] 벌교 갯벌의 귀한 선물 짱뚱어와 망둥이  https://youtu.be/sEHtdUEKMZA
[풀버전] 지리산 야생의 진수성찬 https://youtu.be/6kmLajzuFr8
[풀버전] 내사랑 뽈래기 통영 볼락 https://youtu.be/kKuk8I77NUA
[풀버전] 지리산 흑돼지, 마음을 살찌우다 https://youtu.be/-RWQ9J5GZpI
[풀버전] 너를 기다렸다 - 겨울 굴 밥상 https://youtu.be/d9J8eDpJlZs
[풀버전] 삼겹살, 참을 수 없는 즐거움! https://youtu.be/VB6XKo2qgz0 
[풀버전] 한우애(愛) 빠지다! https://youtu.be/u6Js6kXeo8o",UC4LW3sOslC14Vn5bcoNUBkg,KBS 다큐,2023-01-23T09:15:07Z,582,9.7,False,5655,91,3,https://www.youtube.com/watch?v=bxlKqcYe6Hc,2770000,47677,PF246932,신명의 꽃 [해남],한국음악(국악),해남문화예술회관 대공연장,2024-09-03,2024-09-04,,,,none,none,0,False,False,0,no_strong_signal,신호 없음
D3lB5seOklA,토요상설공연 11월 국악창작무대 - For the Public 프로젝트 - 강남제비 박씨 하이라이트,"토요상설공연 11월 국악창작무대 - For the Public 프로젝트 - 강남제비 박씨  하이라이트 영상입니다.
전체 공연은 광주문화재단 전통문화관 채널, 또는 다음 링크에서 시청하실 수 있습니다.
2021 동네방네 무등울림 축제 : For the Public 프로젝트 - 강남제비 박씨 - https://youtu.be/NbtP9jE7Tjo
#국악, #국악창작, #늘솜, #제비, #박씨, #흥보가, #앙상블, #국악앙상블,  #전통문화관",UCwlFHVSYzo46I_h167mQtiQ,광주문화재단 전통문화관,2021-12-10T06:34:08Z,497,8.28,False,107,4,0,https://www.youtube.com/watch?v=D3lB5seOklA,971,315,PF246932,신명의 꽃 [해남],한국음악(국악),해남문화예술회관 대공연장,2024-09-03,2024-09-04,,,,none,none,1,False,False,1,no_strong_signal,신호 없음
De7KD0WQjR0,배굿 용왕제 VOD LIVE 스트리밍 실시간 방송 ㅣ굿엔트 GBS,"용왕제
어로의 안전과 풍어를 기원하기 위해 바다의 용왕신에게 올리는 마을공동제의

용왕제는 바닷가 마을에서 행하는 의례이다. 지역과 마을에 따라 갯제, 용신제, 해신제, 풍어제 등으로 부르고 있다. 용왕제는 배나 어장을 가진 사람이 개인적으로 하는 고사나 푸닥거리, 마을에서 무당을 불러서 하는 풍어굿과는 성격과 형식을 전혀 달리한다. 분포권 역시 호남지방에 주로 한정되어 있다. 용왕제가 바다의 용왕신에게 어로의 안전과 풍어를 비는 의례인 만큼 어민들의 생계활동과 긴밀히 연관되어 있고, 지역에 따라 연행 방식이나 시기가 다양하게 나타난다. 용왕제는 마을제사인 동제에 부수적으로 행해지는 경우도 있고, 당산제와는 별도로 행해지는 곳도 있다. 또 여러 양식으로 행해진다. 여자들만 참여하는 경우도 있지만 마을 사람 모두가 참여하는 경우도 있다. 해당 마을의 해산물에 대한 산업적 의존도가 높은 지역에서는 대개 용왕제가 확대된 형식으로 나타난다. 용왕제는 동제의 일환으로 볼 수 있지만 풍농을 비는 농촌 지역의 줄다리기나 달집태우기같이 동제의 부대행사로 보기도 한다.

전라남도 진도군 고군면 벽파·원포·금호마을과 의신면 모도·수품마을 등에서는 오늘날에도 용왕제를 모시고 있다. 지리적으로는 진도의 동남단 바닷가에 위치한 마을들이다. 이들 마을에서 모시는 용왕제는 당제와 결합되어 있으며, 음력 정월에 모시고 있다. 당제가 마을을 지켜 주는 수호신에게 올리는 제의인 반면에 용왕제는 어로의 안전과 풍어를 기원하는 제의이다. 모두가 마을과 마을 사람들을 위하는 것이지만 기능과 연행 방식에 있어서는 내용을 달리한다. 당제의 제장은 당집이나 마을 뒷산이며, 용왕제의 제장은 선착장이나 바다가 바라다 보이는 마을 앞 또는 우물이 되기도 한다. 간혹 마을에 따라 용왕제를 거리제, 갯제 등으로 부르기도 한다.

진도군 모도마을에서는 음력 정월 초이튿날에 당집에서 당제를 지내고 그 이튿날인 정월 초사흗날 새벽에 마을 어귀의 독샘에서 용왕제를 지낸다. 미리 제물을 장만하여 독샘 앞의 바닥에 차려 놓는다. 이때에는 당집에 올린 제물 외에 돼지머리도 함께 올려놓는다. 제관은 미리 메를 많이 해 가지고 와서 일일이 빈 그릇에 메를 담아 준다. 이렇게 제관이 차려 놓은 제물 외에 제장 주변에는 개개인이 가지고 나온 여러 개의 상을 줄줄이 놓고서 함께 제를 지낸다. 지금은 간소화되어 각 가정에서 상을 가져오지 않고 제관이 준비한 제물로만 제를 지내고 있다.

이러한 제의 양상은 진도군 벽파마을의 용왕제에서도 마찬가지이다. 수품마을은 마을 뒷산에 위치한 제단과 마을 앞 포구 두 곳에서 산신제와 용왕제를 지낸다. 과거에는 엄격하게 남자들 중심으로 거행되었으나 지금은 여성들도 적극적으로 제의에 참여하고 있다. 특히 과거에는 무당이 제의에 참여하였다고 한다. 서남해 일대에는 별신굿의 전통이 있었고, 수품마을이 진도의 주요 항구라는 점을 고려한다면 별신굿으로서의 큰 당굿을 열지 않았을까 미루어 짐작되기도 한다. 용왕제에는 남녀 모두가 참여하고, 제물 역시 육류를 포함하여 준비한 모든 것을 차려 놓는다. 특히 부녀자들이 각자 집에서 준비한 제상을 가지고 나와 개개인의 소망하는 바를 기원하는 축제적인 제의 형태이다. 이러한 용왕제는 진도 외에 신안, 완도, 해남, 장흥 등 도서연안 지역에서 부분적으로 찾아볼 수 있다. 제의 명칭이나 양상은 대동소이하다.

전남 보성군 벌교읍 대포리나 완도군 완도읍 장좌리, 전북 부안군 위도의 경우 용왕제가 동제의 말미에 속하면서 대미를 장식한다. 그러나 구체적인 제례 방식은 서로 다르다. 대포리의 경우 동제를 모시면서 몹시 엄숙한 분위기가 계속되지만 용왕제는 완전히 축제 분위기에서 행해진다. 마을 사람들이 바닷가에 모여 밤새 가무를 하고 놀다가 새벽에 용왕에게 소 한 마리로 간주되는 쇠뼈를 헌식하는 형식으로 진행된다. 장좌리의 경우는 바다일과 관련된 모든 마을 사람이 각 가정에서 정성껏 제물을 차려서 바닷가에 가져다 놓고 개인적으로 절을 하며 해산물의 풍작을 빈다. 또 위도의 경우 띠뱃놀이로 더 잘 알려져 있는 것처럼 띠배에 허수아비를 태워 마을의 액운을 멀리 바다에 띄워 보내는 송액의 기능과 복합적으로 결착된 제를 행하기도 한다.

일찍이 도서·해양민속의 기층을 이루는 용왕신앙의 구체적인 전승 형태로 용왕제(갯제)를 주목하였다. 도서연안권에서 당제와 용왕제의 결합 형태가 산발적으로 나타나는 것에 비해 신안군 흑산면 일대에서는 대부분의 당제가 용왕제와 결합되어 있을 만큼 특징적인 전승 양상을 보여 주는 것으로 조사되고 있다. 또한 용왕제의 수행 방식에서 지역에 따라 헌식과 바가지 띄우기 의례, 허수아비 의례가 나타나고 있음을 볼 수 있다.

용왕제는 대체로 당제와 결합된 제의 형태를 보이고 있다. 즉 상당에서 당할아버지, 당할머니, 산신 등에게 제를 지낸 뒤에 하당인 바닷가에서 용왕제를 올린다. 일부 지역에서는 허수아비 의례 같은 제의 양상이 보이지 않아 지역적 차별성이 드러나기도 하지만 ‘물애밥’ 같은 헌식의례를 대신 수행하기도 한다. 이렇듯 오늘날까지 용왕제를 지내는 마을들은 도서연안 지역에 위치하며, 바다에서의 생업이 주를 이루고 있다. 이는 마을 사람들의 바다에서의 삶이 절대적으로 작용한 결과로 생태환경과 자연환경에 따라 하나의 문화양상으로 정착·전승된 것이며, 마을의 특성에 따라 도서해양적 생활이 의미화된 것이라고 할 수 있다.

[방송 촬영 문의] 010-9768-1638

안녕하세요 “굿엔트”입니다!
우리 민족의 전통 신앙을 알리는 곳으로 민속신앙 선생님들의 무당 이야기와 국보신앙 세습에 대하여 바르게 소개합니다. 
항상 좋은 날 되세요! 

[굿엔트]네이버 https://blog.naver.com/goodent1638
[굿엔트]페이스북 https://www.facebook.com/goodent1638/
[굿엔트]트위터 https://twitter.com/Goodent6
[굿엔트]카카오스토리 https://story.kakao.com/goodent1638
[굿엔트]스토리채널 https://ch.kakao.com/channels/@goodent1638

#배굿 #용왕제 #VOD #LIVE #스트리밍 #실시간 #방송 #굿엔트 #GBS",UCM6gid2jm7Pc7d_wOrDgQQg,굿엔트,2023-01-29T06:04:42Z,1701,28.35,False,786,17,1,https://www.youtube.com/watch?v=De7KD0WQjR0,477000,17687,PF246932,신명의 꽃 [해남],한국음악(국악),해남문화예술회관 대공연장,2024-09-03,2024-09-04,,,,none,none,0,False,False,0,no_strong_signal,신호 없음
VaV3_-Uq9po,[KBS무대] 국악놀이터 _THE 채움 _널 찾아 가는 길  _KBS 220819 방송,"[KBS무대] 국악놀이터 _THE 채움 _널 찾아 가는 길  _KBS 220819 방송
#kbs #무대 #4k #녹화방송",UC4caOcsOMKT5wPdG8oZd1-w,KBS무대를빌려드립니다,2022-08-27T22:00:23Z,227,3.78,False,387,9,1,https://www.youtube.com/watch?v=VaV3_-Uq9po,193000,2159,PF246932,신명의 꽃 [해남],한국음악(국악),해남문화예술회관 대공연장,2024-09-03,2024-09-04,,,,none,none,1,False,False,1,no_strong_signal,신호 없음
bxGr43gqFHQ,#제5회전국금강가요제 #최영철가수 무대매너랑 마인드굿!,,UC7l_npzz2EjCXKedk6Pi-LQ,타악의정석[국악Story],2022-10-03T03:37:55Z,220,3.67,False,150,10,0,https://www.youtube.com/watch?v=bxGr43gqFHQ,4400,439,PF246932,신명의 꽃 [해남],한국음악(국악),해남문화예술회관 대공연장,2024-09-03,2024-09-04,,,,none,none,0,False,False,0,no_strong_signal,신호 없음
FbPQ5UfLGy0,2015 강릉오구굿 / 극락다리놓기 /강릉단오제위원회,"2015년 11월 22일 
강릉단오제 유네스코 인류무형문화유산 선정 10주년을 맞아
진행된 오구굿 중 극락다리놓기의 음성 및 사진 입니다.",UCAGO_qdZuScStjcYCvY_pqA,강릉단오제,2018-04-26T05:35:05Z,1324,22.07,False,1042,7,0,https://www.youtube.com/watch?v=FbPQ5UfLGy0,3250,426,PF246932,신명의 꽃 [해남],한국음악(국악),해남문화예술회관 대공연장,2024-09-03,2024-09-04,,,,none,none,0,False,False,0,no_strong_signal,신호 없음
ZS6MLPkszE0,원곡배구여신들의 활약2(편집X),설명,UCuwqSdVa4PW-skSYSR0UJuQ,부르스송,2018-12-10T13:59:13Z,125,2.08,False,164,5,0,https://www.youtube.com/watch?v=ZS6MLPkszE0,611,148,PF246932,신명의 꽃 [해남],한국음악(국악),해남문화예술회관 대공연장,2024-09-03,2024-09-04,,,,none,none,0,False,False,0,no_strong_signal,신호 없음
6NIA0EZ7D0E,고흥녹동항~마당놀이품바한마당 점식이품바 조하리품바 오픈,녹동건어물시장 특설무대,UC_KhBacC2C6NjdZlRL6KpZw,한국문예방송,2020-05-09T05:12:22Z,188,3.13,False,604,10,0,https://www.youtube.com/watch?v=6NIA0EZ7D0E,2920,2052,PF246932,신명의 꽃 [해남],한국음악(국악),해남문화예술회관 대공연장,2024-09-03,2024-09-04,,,,none,none,0,False,False,0,no_strong_signal,신호 없음
6MsakIsj_kU,2022.10.08.종로 한복 축제 강강 술레 전통 마당 놀이,너무 길것같은 영상 파일이지만 이것이 오늘 무대의 끝인것이라 기록으로~,UC98z34UKdPPQy4rOO5pZrEw,영상다마스,2022-10-08T23:21:42Z,1326,22.1,False,1658,7,0,https://www.youtube.com/watch?v=6MsakIsj_kU,356,357,PF246932,신명의 꽃 [해남],한국음악(국악),해남문화예술회관 대공연장,2024-09-03,2024-09-04,,,,none,none,0,False,False,0,no_strong_signal,신호 없음
fYXf-vfxnio,CONCERT 국악 콘서트 덕수궁 풍류 진도 씻김굿 - 진옥섭 이사장/송순단 명인/송가인 엄마,"*사진 동영상 촬영 가능

2019/7/12
CONCERT 국악 콘서트 덕수궁 풍류 진도 씻김굿 굿 가락의 신명과 풍류
사회자 한국문화재재단 진옥섭 이사장/최스칼렛
진도씻김굿 길닦음 소개
국가무형문화재 제72호 진도씻김굿 전수교육조교 송순단 명인
덕수궁 정관헌",UC6_8FcuWvXfxpH0Y9mLbQLQ,j,2019-07-12T17:06:15Z,165,2.75,False,2220,22,,https://www.youtube.com/watch?v=fYXf-vfxnio,1400,2367,PF246932,신명의 꽃 [해남],한국음악(국악),해남문화예술회관 대공연장,2024-09-03,2024-09-04,,,,mismatch,none,0,False,False,-2,delete_candidate,날짜 불일치(다른 회차 가능성)
QJCkOciprJc,"완벽한 차세대 품바가인,2 - 아파트(with장구),사랑새,무정한님(왕비비),애국가,계단말고엘리베이터,꿈속의사랑,보라빛엽서,징기스칸,못잊을사랑,등","설명: 2020, 지천면 아카시아꽃축제 (달봉이와 좋은친구공연단)",UCIn_jigDrDskw7dQLqOk3DQ,sohh5,2020-06-11T05:53:59Z,1842,30.7,False,3155,35,3,https://www.youtube.com/watch?v=QJCkOciprJc,328000,9488,PF246932,신명의 꽃 [해남],한국음악(국악),해남문화예술회관 대공연장,2024-09-03,2024-09-04,,,,none,none,0,False,False,0,no_strong_signal,신호 없음
S062M1mXEyw,[감성처방전] 3회 세 번째 클립♪ I 앉은반 사물놀이,"전남도립국악단 온라인 토요공연 감성처방전➕ 3/4
4. 4.(토)-4. 25.(토) 매주 토요일 오후 5시

❤ 오늘의 처방 프로그램 #3
1. 앉은반 사물놀이 ⏰00:10

📺 관람인증이벤트 바로가기 https://www.instagram.com/p/B-d6tHPJiVT/?igshid=q9jceepaklqn

4편에 계속됩니다! 좋아요와 구독 부탁드려요😘",UCwZHHFSbD15bnhBDBV01oBQ,전남도립국악단,2020-04-18T08:00:28Z,429,7.15,False,2610,70,7,https://www.youtube.com/watch?v=S062M1mXEyw,4460,176,PF246932,신명의 꽃 [해남],한국음악(국악),해남문화예술회관 대공연장,2024-09-03,2024-09-04,,,,none,none,0,False,False,0,no_strong_signal,신호 없음
vEhCdfgmn1U,#충주 음악창작소 우리춤 얼씨구 좋다 신나는 춤 🇰🇷,,UCxgmr1OL9nFOXg_pjh-g0MA,스마일 영재학교 이현추,2023-10-19T10:39:51Z,53,0.88,True,106,2,0,https://www.youtube.com/watch?v=vEhCdfgmn1U,42,141,PF246932,신명의 꽃 [해남],한국음악(국악),해남문화예술회관 대공연장,2024-09-03,2024-09-04,,,,none,none,0,False,False,0,no_strong_signal,신호 없음
NHLuscZ9Rsw,"힘나는 예술여행 - 덕분에 콘서트 & 전시회 in 울산 | 디렉터스컷 + 60sec 편집본 | 한국문화예술위원회, 길엔터테인먼트,  팀너드","한국문화예술위원회와 지역의 각 예술단체들이
조심스럽게 그리고 따뜻하게 격려와 응원에 동참하고 있습니다.
많은 이들의 시름이 끝이 보이지 않는 지금
조금 더 함께 하고 조금 더 힘내기를 바랍니다.

#한국문화예술위원회 #덕분에챌린지 #덕분에콘서트 #길엔터테인먼트 #팀너드",UCU4LAP3AKJaTrK9qPI73KyA,튜브이태경,2020-06-26T07:10:15Z,295,4.92,False,67,3,0,https://www.youtube.com/watch?v=NHLuscZ9Rsw,1330,1763,PF246932,신명의 꽃 [해남],한국음악(국악),해남문화예술회관 대공연장,2024-09-03,2024-09-04,,,,none,none,0,False,False,0,no_strong_signal,신호 없음
XZbiCnjIC7U,춤추고 노래하는 퓨전국악쇼[썬앤문]...박칼린 “전통 국악에 젊은 상상력 더했다” [팍스경제TV][빡쎈뉴스],"=============================================
▶ 빡센뉴스      https://goo.gl/JK62wo
▶ 코인캐스트    https://goo.gl/XKMWhg
▶ 주식은 밥이다. 주식밥TV https://goo.gl/zkz25U
▶ 방셔틀TV     https://goo.gl/UjXiAa
▶ 팍스경제TV 구독   https://goo.gl/5Vv71s
▶ 팍스경제TV 홈페이지  https://goo.gl/H8GDgH",UCgSET4MjJ-6KGDVsOcVKOrw,팍스탁(Paxtock),2019-09-17T04:30:35Z,156,2.6,False,447,9,0,https://www.youtube.com/watch?v=XZbiCnjIC7U,58500,17870,PF246932,신명의 꽃 [해남],한국음악(국악),해남문화예술회관 대공연장,2024-09-03,2024-09-04,,,,none,none,0,False,False,0,no_strong_signal,신호 없음
J6hSH1oFegs,김영자낭송-땅끝(윤금초),"전북시낭송협회 ""제9회 전북도민을 위한 가을밤 전국시낭송대회""",UC-TI5-GVYhDxwlPQ9DGSnHA,SM미디어 영상-노상문작가 -,2013-12-03T09:42:07Z,260,4.33,False,121,0,0,https://www.youtube.com/watch?v=J6hSH1oFegs,3790,1939,PF246932,신명의 꽃 [해남],한국음악(국악),해남문화예술회관 대공연장,2024-09-03,2024-09-04,,,,none,none,0,False,False,0,no_strong_signal,신호 없음
yN6VDpxJaoU,"사)원코리아문화예술인총연합회, 어르신 효 힐링음악회","[신동아방송=최용일기자] 지난 13일(수) 오전 광주 북구 효령동 효령노인복지타운에서 어르신 효 힐링음악회가 개최됐다.

이번 음악회는 사단법인 원코리아문화예술인총연합회와 빛고을가수협회에서 주최·주관했으며, MC 겸 가수 여 신의 진행으로 △고 니 △손희종 △김 향 △신동석 △김재봉 △색소폰 송수일 △황인정 △최 민 △전남도 △서 진 △천 둥 등이 출연해 지역민들에게 즐거움을 선사했다.",UCZAi6kq20NgtlQeV7TvYLNg,신동아방송호남SDATV,2023-09-15T00:52:12Z,6009,100.15,False,229,9,0,https://www.youtube.com/watch?v=yN6VDpxJaoU,3510,229,PF246932,신명의 꽃 [해남],한국음악(국악),해남문화예술회관 대공연장,2024-09-03,2024-09-04,,,,none,none,0,False,False,0,no_strong_signal,신호 없음
VHTOrEfPnGg,김준영 송호해변가요제  초대가수 공수레공수거,2023 해남 송호해변가요제 심사 위원이자 초대가수 김준영의 무대,UCfJxeHDR9LeBlv1zgVrIcBA,전라도TV,2023-07-30T00:12:39Z,211,3.52,False,269,6,1,https://www.youtube.com/watch?v=VHTOrEfPnGg,5960,1653,PF246932,신명의 꽃 [해남],한국음악(국악),해남문화예술회관 대공연장,2024-09-03,2024-09-04,,,,none,none,0,False,False,0,no_strong_signal,신호 없음
HGp7A6x2-68,"바리, 오다 Return of Bari 3편","버림받은 자가 버린자를 구원한다는 무속설화 
바리공주를 현대적으로 해석한 작품
공식초청작 Invitational Program
창작중심 단디, 우리동네 아뜰리에
Creative Dandi & WooA
HI SEOUL FESTIVAL 2015
하이서울페스티벌 2015
서울거리예술축제
2015년 10월 1일 서울시립미술관에서",UCr6ZOWoEqzmgb7mF9mTkLQw,한복이 아름다워,2017-04-19T01:21:25Z,911,15.18,False,317,1,0,https://www.youtube.com/watch?v=HGp7A6x2-68,108000,22105,PF246932,신명의 꽃 [해남],한국음악(국악),해남문화예술회관 대공연장,2024-09-03,2024-09-04,,,,none,none,0,False,False,0,no_strong_signal,신호 없음
VAZjppoyB5s,린나이팝스 오케스트라 초청 / 산사음악회(쏘냐) - 세종시 영평사 2014,,UCy8D8DZ0gAffmafF3izFezQ,린나이팝스오케스트라,2020-06-24T07:04:50Z,459,7.65,False,147,0,0,https://www.youtube.com/watch?v=VAZjppoyB5s,8060,227,PF246932,신명의 꽃 [해남],한국음악(국악),해남문화예술회관 대공연장,2024-09-03,2024-09-04,,,,none,none,0,False,False,0,no_strong_signal,신호 없음
JG53Zv5JjSQ,2021문화예술경연제 독무부문 우수상:준이금이무용단 이선희 교방흥춤,,UCGPcTeRBGoq9e7Gv6VsMaAw,논개예술단,2021-11-12T14:32:12Z,321,5.35,False,330,6,0,https://www.youtube.com/watch?v=JG53Zv5JjSQ,725,341,PF246932,신명의 꽃 [해남],한국음악(국악),해남문화예술회관 대공연장,2024-09-03,2024-09-04,,,,none,none,0,False,False,0,no_strong_signal,신호 없음
osByNBGrh2g,북평중학교 풍물부 - 판굿,,UCK9RYQjKx7u7qRhT1iXsQUw,명예찬 (박하나무Tv),2016-07-31T13:38:16Z,502,8.37,False,327,0,0,https://www.youtube.com/watch?v=osByNBGrh2g,1090,255,PF246932,신명의 꽃 [해남],한국음악(국악),해남문화예술회관 대공연장,2024-09-03,2024-09-04,,,,none,none,0,False,False,0,no_strong_signal,신호 없음
Ibxh7tWgNjM,[창공우암] 어버이날 기념 축하공연-부산여성회관 민요판소리예술단,설명,UCrxvqqLUJ_VNnz8NAWflBtg,창공우암,2018-05-31T02:28:57Z,91,1.52,False,102,0,0,https://www.youtube.com/watch?v=Ibxh7tWgNjM,9,17,PF246932,신명의 꽃 [해남],한국음악(국악),해남문화예술회관 대공연장,2024-09-03,2024-09-04,,,,none,none,0,False,False,0,no_strong_signal,신호 없음
-Asl4jSuslI,초대가수  김서희/동백 아가씨 원곡 이미자/목포에눈물/청목회 우리가락 사랑하기,"2017년 7월 17일 성남시 수정 중앙노인 종합 복지관
영상 하일호01090853011",UCRzyFDz200p0c7MQrf_Urww,하일호,2017-07-17T20:09:04Z,326,5.43,False,149,2,0,https://www.youtube.com/watch?v=-Asl4jSuslI,13000,23495,PF246932,신명의 꽃 [해남],한국음악(국악),해남문화예술회관 대공연장,2024-09-03,2024-09-04,,,,none,none,0,False,False,0,no_strong_signal,신호 없음
MMt89_htOUA,2019 아리랑 페스티발에서 우리 고유의 민속놀이인 강강수월래를 농악인들이 신명 나게 하고 있읍니다 하번 보시지요,,UCh4ULLWMlCnnDUTA3sHn-Vw,정용운,2019-10-13T09:47:27Z,142,2.37,False,113,0,0,https://www.youtube.com/watch?v=MMt89_htOUA,1,10,PF246932,신명의 꽃 [해남],한국음악(국악),해남문화예술회관 대공연장,2024-09-03,2024-09-04,,,,none,none,0,False,False,0,no_strong_signal,신호 없음
Av0_kSW3WfQ,#아따고거참 #shorts #김다현  #강진청자축제,,UC0voww7RqAcjAkLa4RFqh2Q,트롯여행,2023-02-27T23:25:02Z,12,0.2,True,3571,55,2,https://www.youtube.com/watch?v=Av0_kSW3WfQ,98200,1994,PF221787,"K-예술축제, 얼쑤 [대전]",뮤지컬,대전시립연정국악원 큰마당,2023-08-26,2023-08-27,,,,none,none,0,False,False,0,no_strong_signal,신호 없음
EMVQ0V5vY_4,향기품바&다홍이품바  #장구난타공연,,UC-Z2CwHF_q3FHhhgkn5-1PQ,하루감독 ,2023-06-21T06:12:54Z,15,0.25,True,9300,104,2,https://www.youtube.com/watch?v=EMVQ0V5vY_4,48000,1923,PF221787,"K-예술축제, 얼쑤 [대전]",뮤지컬,대전시립연정국악원 큰마당,2023-08-26,2023-08-27,,,,none,none,0,False,False,0,no_strong_signal,신호 없음
HaLHJ96aOdQ,"“어얼쑤,,!! 고나은,,!!❤️❤️",,UCWX2IvKHTw5jCU7k9rezYpg,소심이,2023-09-04T23:10:39Z,6,0.1,True,764,5,6,https://www.youtube.com/watch?v=HaLHJ96aOdQ,6050,677,PF221787,"K-예술축제, 얼쑤 [대전]",뮤지컬,대전시립연정국악원 큰마당,2023-08-26,2023-08-27,,,,none,none,0,False,False,0,no_strong_signal,신호 없음
3GZUTiiWavU,"BTS가 한국을 세계에 알린, 최고의 무대 BEST 3 !! #BTS #방탄소년단 #정국 #지민 #Shorts","BTS가 한국을 세계에 알린, 최고의 무대 BEST 3 !! #BTS #방탄소년단 #정국 #지민 #Shorts",UCCECX3mP7uWSo9wNLhu1X1w,케이팝 메신저K-pop Messenger,2024-03-01T03:45:00Z,36,0.6,True,4981187,100537,1395,https://www.youtube.com/watch?v=3GZUTiiWavU,93300,3482,PF221787,"K-예술축제, 얼쑤 [대전]",뮤지컬,대전시립연정국악원 큰마당,2023-08-26,2023-08-27,,,,none,none,0,False,False,0,no_strong_signal,신호 없음
BxiWdTZ9-bs,즐기자. 저렇게 신난 할아버지들 처럼,,UCXv8ps_IFGD7HxjVbYqurgw,귿데이 지제이 GOODDAY GJ,2022-09-14T04:48:44Z,17,0.28,True,2009327,35351,1203,https://www.youtube.com/watch?v=BxiWdTZ9-bs,39700,343,PF221787,"K-예술축제, 얼쑤 [대전]",뮤지컬,대전시립연정국악원 큰마당,2023-08-26,2023-08-27,,,,none,none,0,False,False,0,no_strong_signal,신호 없음
ayGl-igrwy8,[BANGTAN BOMB] 'IDOL' Special Stage (BTS focus) @2018 MMA - BTS (방탄소년단),"BTS Official Homepage http://bts.ibighit.com
BTS Blog http://btsblog.ibighit.com
BTS Facebook https://www.facebook.com/bangtan.official",UCLkAepWjdylmXSltofFvsYQ,BANGTANTV,2018-12-10T10:00:02Z,388,6.47,False,14891613,620662,18680,https://www.youtube.com/watch?v=ayGl-igrwy8,85000000,3072,PF221787,"K-예술축제, 얼쑤 [대전]",뮤지컬,대전시립연정국악원 큰마당,2023-08-26,2023-08-27,,,,none,none,0,False,False,0,no_strong_signal,신호 없음
dlJ6O2GLFXk,하이량백댄서 섹시댄스@미소가~~~~~~~~ #shorts,,UCR_55SzJs9t4PFMvZl5iAKQ,능미,2023-01-05T15:55:41Z,25,0.42,True,562,6,0,https://www.youtube.com/watch?v=dlJ6O2GLFXk,37000,2981,PF221787,"K-예술축제, 얼쑤 [대전]",뮤지컬,대전시립연정국악원 큰마당,2023-08-26,2023-08-27,,,,none,none,0,False,False,0,no_strong_signal,신호 없음
-j2axTAkQHE,#향기품바#삼순이품바#얼쑤#내장산#,,UCpaTlPVqp_ATZB6WKXf8Vog,품바향기-뽀로랑,2022-12-10T23:13:30Z,61,1.02,False,6881,,,https://www.youtube.com/watch?v=-j2axTAkQHE,2030,201,PF221787,"K-예술축제, 얼쑤 [대전]",뮤지컬,대전시립연정국악원 큰마당,2023-08-26,2023-08-27,,,,none,none,0,False,False,0,no_strong_signal,신호 없음
qxA02oHrcmo,171123 강자민 - 얼쑤 - 인사아트쇼,,UCU4f3wLUie21DizQ8RfAhdA,Luddy,2017-11-30T02:21:15Z,197,3.28,False,996,20,1,https://www.youtube.com/watch?v=qxA02oHrcmo,1110,309,PF221787,"K-예술축제, 얼쑤 [대전]",뮤지컬,대전시립연정국악원 큰마당,2023-08-26,2023-08-27,,,,none,none,0,False,False,0,no_strong_signal,신호 없음
iikWfg9ePpw,라윤경-한군데얼굴성형,,UCNkr99cjXdCYQno9gtsf3ZA,고상원TV 아이넷미디어,2023-06-01T05:40:28Z,16,0.27,True,2116,15,0,https://www.youtube.com/watch?v=iikWfg9ePpw,32300,2743,PF221787,"K-예술축제, 얼쑤 [대전]",뮤지컬,대전시립연정국악원 큰마당,2023-08-26,2023-08-27,,,,none,none,0,False,False,0,no_strong_signal,신호 없음
JfEfnQfv6ZE,마음이 예뻐야해요💖✨ #홍아리 #예쁜여자 #Riak #Shorts,#홍아리 #예쁜여자 #쇼츠 #음악 #음악추천 #노래 #노래추천 #감성 #감성플리 #추억 #추억의노래 #추억의가요 #추억의음악 #그때그시절 #노래방 #애창곡 #노래방애창곡 #트로트 #트로트추천 #트로트메들리 #trot #감성 #감성플리,UC1XPu7aMRZaJsb-9PHMQt8g,RIAK OFFICIAL,2022-11-11T06:30:03Z,32,0.53,True,529,10,2,https://www.youtube.com/watch?v=JfEfnQfv6ZE,339000,8165,PF221787,"K-예술축제, 얼쑤 [대전]",뮤지컬,대전시립연정국악원 큰마당,2023-08-26,2023-08-27,,,,none,none,1,False,False,1,no_strong_signal,신호 없음
1FTd7q2rk7w,[11만뷰]김다나[막걸리한잔]ㅡ2022울산중구새마을지도자대회shorts#2(221126),,UCGkhvXFbkWUkG5FqzMsPHjw,백억티비,2022-11-28T02:33:39Z,51,0.85,True,117866,1100,8,https://www.youtube.com/watch?v=1FTd7q2rk7w,152000,22034,PF221787,"K-예술축제, 얼쑤 [대전]",뮤지컬,대전시립연정국악원 큰마당,2023-08-26,2023-08-27,,,,none,none,0,False,False,0,no_strong_signal,신호 없음
XMjmzqyomKs,"홍지윤, 얼쑤, 울고불고 했던 지난날은 잊고지지고볶고 했던 그 남자는 잊고다른 사람 만나요... ",,UCELtpLefz8W92UvK-vgIYOA,K Trot,2023-01-19T10:09:45Z,15,0.25,True,3635,68,0,https://www.youtube.com/watch?v=XMjmzqyomKs,96500,35315,PF221787,"K-예술축제, 얼쑤 [대전]",뮤지컬,대전시립연정국악원 큰마당,2023-08-26,2023-08-27,,,,none,none,0,False,False,0,no_strong_signal,신호 없음
ybDr3cOUu5o,공주백제문화제 퍼레이드,,UC7_ibk3FPRPA-mdP0H2xREg,전자동tv,2023-10-07T08:03:47Z,16,0.27,True,10369,,1,https://www.youtube.com/watch?v=ybDr3cOUu5o,3300,1104,PF221787,"K-예술축제, 얼쑤 [대전]",뮤지컬,대전시립연정국악원 큰마당,2023-08-26,2023-08-27,,,,none,none,0,False,False,0,no_strong_signal,신호 없음
7n2_uxPCPFw,사물놀이 / 전통연희단 모리타,"2020년 9월 5일, 대전 '고당마당'에서 열린 공연.

""알쏭달쏭 국악예술 랜드마크 여행'
2020 원도심 문화예술활동거점공간 지원사업(대전문화재단)으로 진행되는
'새로운 조화, 융복합 예술공연' 첫번째 시간.

#전통연희단모리타 #사물놀이
#징 #장구 #꽹과리 #북
#이향순 #윤서진  #김명숙 #길미경 #박정자 #이정미 #이은실 #신인숙
#고당마당 #한기복 #대전원도심",UC-p-HTLaN5S5iHJSOb1Fq8w,노세놀아,2020-09-10T12:41:22Z,733,12.22,False,318,5,0,https://www.youtube.com/watch?v=7n2_uxPCPFw,359,168,PF221787,"K-예술축제, 얼쑤 [대전]",뮤지컬,대전시립연정국악원 큰마당,2023-08-26,2023-08-27,,,,none,none,0,False,False,0,no_strong_signal,신호 없음
eAVvm76Lhw8,"삼촌 죽어도 못보내 ,,,, 눈물의 화동 🥲(다른곳에 퍼가지말아주세요)","외삼촌 결혼식이고,
결혼을 하면 영원히 못본다고 믿는
순수한 아이의 마음,
오열을 하며 화동을 하는 모습에
너무 귀여워 올렸던 영상이에요.
아이가 직접 말한 이야기입니다.^^

단순 긴장하고,낯설어 운건 아니지만
그렇게 생각하시는 분들의 의견도 존중합니다 !

제가 악플이라고 칭한건 ..
아이가 운 이유에 대해서 말씀하시는 분들이 아닌

화동을 한 아이에 대한 질타,험담,
영상에 나오지도 않은 가족들에 대한 선 넘는 말
행복한 저희 가족의 추억을 장례식으로 칭하시거나
결혼에 대한 부정적인 인식을 굳이 결혼식 영상에
댓글 쓰시는 분들 …..🙂
그리고 영상을 올리면 악플은 감수하라는 댓글..?
저런 말들도 감수를 해야 하는건가요?^^

좋은 말들만 들을 수 없는걸 알지만,
선은 지켜주세요. 저희에겐 좋은 추억이고
아이에게도 즐거운 기억으로 남겨주고 싶어요!☺️

짧은 영상으로 추억도 회상해보고
공감해주시고 예뻐해주셔서 정말 감사합니다 !",UCh56cK3mNfS8djdWnVXC6sA,내맘이지,2021-11-13T12:59:18Z,75,1.25,False,7444929,48604,2897,https://www.youtube.com/watch?v=eAVvm76Lhw8,93600,295,PF221787,"K-예술축제, 얼쑤 [대전]",뮤지컬,대전시립연정국악원 큰마당,2023-08-26,2023-08-27,,,,none,none,0,False,False,0,no_strong_signal,신호 없음
kNyeJR71pE4,김나희 가수 - 밤열차 (서울장미축제) (2023/05/19) #shorts,,UCmBN7VW7hvpYeA4TgOTHdGQ,견우미디어 💓 KyonuMedia,2023-05-22T05:49:41Z,61,1.02,False,1239,14,0,https://www.youtube.com/watch?v=kNyeJR71pE4,100000,19833,PF221787,"K-예술축제, 얼쑤 [대전]",뮤지컬,대전시립연정국악원 큰마당,2023-08-26,2023-08-27,,,,none,none,0,False,False,0,no_strong_signal,신호 없음
B4EmQQWHMDM,천하제일탈공작소의 니나노탈춤(Ninano Dance)_4K,"#천하제일탈공작소 #서울거리예술축제 #니나노 

천하제일탈공작소 x프로젝트날다 에서 공연한 니나노탈춤(ninano dance) 공연이 
서울시청앞 서울광장에서 펼쳐졌다.
주간에 공연한 탈춤도 흥겹고 재미있었지만, 야간에 공연한 탈춤은 빛의 조화로 인해
더 아름답게 보였다.
공연자들과 관객들, 시민들 모두가 하나되어 즐겁게 노래부르고 춤을 추는 모습이 너무 아름다운 하루였다.
이런 문화행사와 공연이 자주 있으면 좋겠다는 생각을 하면서 귀가했다.
참,...공연하시느라 수고하신 천하제일탈공작소 x프로젝트날다 의 모든 분들께 감사의
말씀을 드립니다.

The performance of ""Ninano mask dance"" performed at the Cheonha First Dealing Workshop x Project Nalda
It took place at Seoul Plaza in front of Seoul City Hall.
The mask dance performed during the day was exciting and fun, but the mask dance performed at night was due to the harmony of lights
It looked more beautiful.
It was such a beautiful day to see performers, audiences, and citizens all sing and dance together.
I returned home thinking that it would be nice to have such cultural events and performances often.
Thank you to all the people at Cheonha First Workshop x Project Nalda for your hard work
I'm telling you.",UCsmw3VT0zRjQnpJ4-nbuaPw,Seouler Life,2023-10-02T12:35:36Z,1590,26.5,False,421,7,5,https://www.youtube.com/watch?v=B4EmQQWHMDM,728,534,PF221787,"K-예술축제, 얼쑤 [대전]",뮤지컬,대전시립연정국악원 큰마당,2023-08-26,2023-08-27,,,,none,none,0,False,False,0,no_strong_signal,신호 없음
Six2QB7SANs,#진도북춤#다옴아트컴퍼니#전통예술#광무대#광무대상설공연#이승룡무용단#한국무용수,,UC4Z8iW88gXVJlpRq1j6kfLw,춤추는다옴,2022-10-26T18:10:34Z,48,0.8,True,594,7,0,https://www.youtube.com/watch?v=Six2QB7SANs,916,241,PF221787,"K-예술축제, 얼쑤 [대전]",뮤지컬,대전시립연정국악원 큰마당,2023-08-26,2023-08-27,,,,none,none,0,False,False,0,no_strong_signal,신호 없음
4O-0ACNoPWY,대전대가시, ,UCC4po-BVFIWmfMT4zzyel8Q,sh park,2012-07-17T10:20:30Z,248,4.13,False,893,3,0,https://www.youtube.com/watch?v=4O-0ACNoPWY,0,3,PF221787,"K-예술축제, 얼쑤 [대전]",뮤지컬,대전시립연정국악원 큰마당,2023-08-26,2023-08-27,,,,none,none,0,False,False,0,no_strong_signal,신호 없음
LrcbwUvne9M,170507 오마이걸(Oh My Girl) 컬러링북 아린 직캠(Fancam)/완도국제해조류박람회 폐막식  by RoadRock,,UCukzaQYaxZSTUYwLiKci2Kw,RoadRock,2017-05-07T11:42:49Z,185,3.08,False,10940,180,7,https://www.youtube.com/watch?v=LrcbwUvne9M,17100,1496,PF221787,"K-예술축제, 얼쑤 [대전]",뮤지컬,대전시립연정국악원 큰마당,2023-08-26,2023-08-27,,,,none,none,0,False,False,0,no_strong_signal,신호 없음
S5ZWhusNwtk,강원도 삼척 행사중 송가인 - 거문고야  불러 보았습니다.   트로트가수 김유리 - 거문고야,#거문고야커버 #트로트가수김유리 #방탄유리 #송가인,UCQEqtdZY8TrnAndwoYHD-1g,트로트가수 김유리 ,2023-10-28T12:30:45Z,61,1.02,False,850,60,5,https://www.youtube.com/watch?v=S5ZWhusNwtk,6100,406,PF221787,"K-예술축제, 얼쑤 [대전]",뮤지컬,대전시립연정국악원 큰마당,2023-08-26,2023-08-27,,,,none,none,0,False,False,0,no_strong_signal,신호 없음
IglPREhL8RQ,소고舞 / #장호준,"2020 알쏭달쏭 국악예술 랜드마크 여행 5번째
2020. 10. 17 대전 대흥동 #고당마당

소고舞 / #장호준

쇠 #최웅식 
장구 #이상호 
북 #이상원 북 #한기복
징 #안상용 
태평소 #조예송",UC-p-HTLaN5S5iHJSOb1Fq8w,노세놀아,2020-12-05T03:57:43Z,669,11.15,False,224,0,0,https://www.youtube.com/watch?v=IglPREhL8RQ,359,168,PF221787,"K-예술축제, 얼쑤 [대전]",뮤지컬,대전시립연정국악원 큰마당,2023-08-26,2023-08-27,,,,none,none,0,False,False,0,no_strong_signal,신호 없음
pwyJGA0FFfU,2023겨울캠프-부여,"수업영상을 간단히 올립니다.
성원해주신 모든 분들께 감사합니다!
새해 복 많이 받으시고 올해도 건강하십시오!!

#사물놀이#김덕수#한울림#마당#지갱#그랑#꽹과리#최찬균#대전사물놀이교습소#대전풍물#웃다리농악#삼도농악#삼도설장고#판굿#부포#장구#북#징#문화예술#전통연희#풍물학원#산성동#유투브크리에이터#공연#공연문의#많관부#구독자#님들#감사합니다

블로그 https://blog.naver.com/cksrbs4310
각종문의 won2609@hanmail.net",UCXbkQope-KIv_h4-g7U-c2g,최찬균 꽹과리 탐구생활,2023-01-17T00:08:44Z,59,0.98,True,1234,22,2,https://www.youtube.com/watch?v=pwyJGA0FFfU,2230,465,PF221787,"K-예술축제, 얼쑤 [대전]",뮤지컬,대전시립연정국악원 큰마당,2023-08-26,2023-08-27,,,,none,none,1,False,False,1,no_strong_signal,신호 없음
ToplIsHkSSU,서울시 문화원 댄스경연대회 Linedance Forever출전,,UC1INAe-jrOu7wBhGU-lbvaQ,TheMizzang,2018-04-26T12:08:22Z,380,6.33,False,134,1,0,https://www.youtube.com/watch?v=ToplIsHkSSU,25,23,PF221787,"K-예술축제, 얼쑤 [대전]",뮤지컬,대전시립연정국악원 큰마당,2023-08-26,2023-08-27,,,,none,none,0,False,False,0,no_strong_signal,신호 없음
_lDKl6S-2Lg,잠실줌바댄스 강남줌바댄스 줌바핏 스튜디오 잠실점 남편과함께 줌바로 칼로리감량 다이어트 스트레스해소까지 한방에,"#잠실줌바댄스#줌바핏스튜디오잠실점 #잠실강남줌바댄스 #줌바다이어트 #줌바로칼로리소모어마어마

https://m.place.naver.com/place/34283807/home?entry=pll 
위 지도참고 ( 서울시 송파구 삼전 22-7 B1)
https://m.blog.naver.com/ppuccu86/222470014064
자세한 줌바 내용은 위 블로그 참고 (틈새리뷰깽라티엠아이바니캅)



줌바 1개월 무료체험 (평일기준) - 240,000원상당
-미체험일은 기간 이월 연장X

★줌바핏스튜디오 잠실점 만의 메리트★

대한민국 넘버.1 줌바전문강사 6분의 강의. 
오픈이벤트 50%할인

줌바핏스튜디오 잠실점 홈페이지 주소
http://nmhome.kr/20210708231213/contact.php",UCYfoqk-legIB36idwwYY86A,바니캅,2021-08-14T01:24:20Z,319,5.32,False,2096,12,0,https://www.youtube.com/watch?v=_lDKl6S-2Lg,47,50,PF221787,"K-예술축제, 얼쑤 [대전]",뮤지컬,대전시립연정국악원 큰마당,2023-08-26,2023-08-27,,,,none,none,0,False,False,0,no_strong_signal,신호 없음
n9e-EFYUNNs,"""제5회 전국 장애인BAND 2016 사람사랑 락페스티벌"" 사전홍보영상","""제5회 전국 장애인BAND 2016 사람사랑 락페스티벌""
군포시장애인종합복지관에서는 장애인과 비장애인이 함께 하는 문화를 만들고 장애인문화예술의 발전을 위해 2012년부터 전국 최초로 사람사랑 락페스티벌을 진행하고있습니다.
‘2016 제 5회 사람사랑 락페스티벌’
열기로 가득한 락이 빛나는 밤, 여러분을 초대합니다!
2016.04.23(토) PM 18:00
군포시 철쭉동산 야외무대
2012.10.26 제1회 사람사랑 락페스티벌
2013.04.16 제2회 사람사랑 락페스티벌
2014.04.16 제3회 사람사랑 락페스티벌
2015.04.25 제4회 사람사랑 락페스티벌
2016.04.23 제5회 사람사랑 락페스티벌",UCrqmEQxcPYTfmnH7HhA63Ww,군포시장애인종합복지관,2016-04-18T10:44:41Z,61,1.02,False,324,7,0,https://www.youtube.com/watch?v=n9e-EFYUNNs,604,126,PF221787,"K-예술축제, 얼쑤 [대전]",뮤지컬,대전시립연정국악원 큰마당,2023-08-26,2023-08-27,,,,mismatch,none,0,False,False,-2,delete_candidate,날짜 불일치(다른 회차 가능성)
wWRdnLNFiMg,[2022 제 36회 한국무용제전 - 사전행사] 얼쑤 절쑤 육조거리 / 청계천 Dance Film / The 36th Korea Dance Festival,"2022년 제 36회 한국무용제전 - 춤, 사유(思惟)의 발견
사전행사 - 얼쑤 절쑤 육조거리

(사)한국춤협회에서 서울시 곳곳을 소개하는 '한국무용제전'의 사전행사를 기획했습니다.🌟
서울에서 개최하는 한국창작춤의 상징적인 페스티벌 한국무용제전!
서울의 거리를 춤으로 함께 걸으며 대한민국의 수도 서울의 아름다움에 한껏 취해보세요!
2022년 제 36회 한국무용제전의 사전행사를 통해 한국무용제전의 포문을 성대하게 열어봅니다 ! 🥰
사전행사 얼쑤절쑤 육조거리 댄스필름을 감상하며 본행사인 한국무용제전을 더욱더 기대해주세요❤️

👉🏻순차 OPEN 타임라인

4월 6일(수) 서순라길🌱
4월 7일(목) 청계천🌊
4월 8일(금) 을지로🌆

(사)한국춤협회 공식 유튜브채널에서 감상하실 수 있습니다!

제목 ∣ 청계천
내용 ∣
용왕의 명을 수행하기 위해 묘를 찾아 도시로 올라온 별은 묘와 서로 얽히고 얽힌 권모술수가 펼쳐친다. 

“세상 천지에 어떤 동물이 간을 몸밖에 내놓고 다니냐.
빨리 돌아가서 용왕에게 부질없이 애쓰지 말고 죽을 때를 기다리라고 전하여라.”
”자본주의 속 강자와 약자의 속고 속이는 세상, 보이지 않는 계급적 사회 나를 위해 남을 희생시키는 이기적이고 어리석은 세상을 비판한다.”                                                                                                

후원 ∣ 서울시
기획 및 주최 주관 ∣ (사)한국춤협회
안무 및 출연 ∣ 김수안, 문선영
영상 ∣ OHHO PRODUCTION
연출 ∣ 윤문성
촬영 ∣ 김우영
촬영보조 ∣ 권승혁
PD ∣ 황인선
음악 ∣ 블랙스트링 - Mask dance
비주얼헤어아티스트 ∣ 손수민(수만헤어샵)
미술&메이크업 ∣ 김진아, 김현정

#한국춤협회 #한국무용제전사전행사 #2022한국무용제전사전행사",UCQ2RKcz6mc-buTJQdrjKATw,한국춤협회,2022-04-07T11:00:34Z,176,2.93,False,1351,59,21,https://www.youtube.com/watch?v=wWRdnLNFiMg,452,111,PF221787,"K-예술축제, 얼쑤 [대전]",뮤지컬,대전시립연정국악원 큰마당,2023-08-26,2023-08-27,,,,none,none,0,False,False,0,no_strong_signal,신호 없음
Po33Npgmr2s,"🌧 방탄소년단 BTS - IDOL (국악버전 지미팰런쇼, 2018 MMA)","🌧The Tonight Show Starring Jimmy Fallon - BTS: IDOL
　https://youtu.be/MXFkjMNXfpY

🌧IDOL' Special Stage (BTS focus) @2018 MMA - BTS
　https://youtu.be/ayGl-igrwy8",UCCCjXTsXKUJJ1QIMMnEzHyg,비구름,2020-09-30T05:54:59Z,393,6.55,False,5110261,71592,2070,https://www.youtube.com/watch?v=Po33Npgmr2s,8090,1,PF221787,"K-예술축제, 얼쑤 [대전]",뮤지컬,대전시립연정국악원 큰마당,2023-08-26,2023-08-27,,,,none,none,0,False,False,0,no_strong_signal,신호 없음
EZYParW7SUA,편집자 픽 고창농악 소고춤 하이라이트,2022 樂앓이패 소고춤 발표회 - 김창현,UC5q4vYKq0JcUANQty4IyT-g,樂앓이로 나아가리,2023-01-26T09:08:06Z,14,0.23,True,4662,24,0,https://www.youtube.com/watch?v=EZYParW7SUA,61,24,PF221787,"K-예술축제, 얼쑤 [대전]",뮤지컬,대전시립연정국악원 큰마당,2023-08-26,2023-08-27,,,,none,none,0,False,False,0,no_strong_signal,신호 없음
eYGHB2GQlt0,멋쨔브러♡ #울트라화러 #공연팀 #여성공연팀 #여성난타팀 #korean #ダンス#韓国,,UCJspscs11evpGWUy7A31zQQ,댄스타악퍼포먼스_DTP HWA RYEO,2022-10-10T00:52:48Z,16,0.27,True,3222,74,12,https://www.youtube.com/watch?v=eYGHB2GQlt0,3850,316,PF221787,"K-예술축제, 얼쑤 [대전]",뮤지컬,대전시립연정국악원 큰마당,2023-08-26,2023-08-27,,,,none,none,0,False,False,0,no_strong_signal,신호 없음
OVbr9yPml8s,"[얼쑤] 2020 정기공연 풀꽃, '다시 살아나' Teaser","2020 발달장애인예술단 ""얼쑤"" 정기공연
별의별 콘서트를 진행합니다 . 짝짝짝
포스트코로나 시대에 맞는 유튜브 Live로 진행이 
되오니 많은 시청 부탁드려요 ~~",UC2O-CTWNPDPtg5RowAOxVQA,얼쑤-발달장애인전통문화예술단,2020-12-17T03:02:22Z,50,0.83,True,609,20,3,https://www.youtube.com/watch?v=OVbr9yPml8s,256,18,PF221787,"K-예술축제, 얼쑤 [대전]",뮤지컬,대전시립연정국악원 큰마당,2023-08-26,2023-08-27,,,,none,none,0,False,True,2,no_strong_signal,작품명이 따옴표/괄호로 명시적으로 인용됨
ateNqDOtwNE,[다큐 5일] 무대 위 보다 더 열정적인 현장! 2023 천안 K-컬처박람회 무대 뒤 모습!,"성황리에 개최된 '2023 천안 K-컬처 박람회'
대단원의 막을 내렸는데요!
5일간 열정적인 모습을 보여준 모든 분들의 모습을 담아봤습니다!


#k컬쳐 #2023천안k컬처박람회 #다큐멘터리",UCS9Hk665uj6anEose2quMdw,천안시 · Cheonan,2023-08-30T06:27:50Z,481,8.02,False,996,16,4,https://www.youtube.com/watch?v=ateNqDOtwNE,17800,2783,PF221787,"K-예술축제, 얼쑤 [대전]",뮤지컬,대전시립연정국악원 큰마당,2023-08-26,2023-08-27,,,,none,none,0,False,False,0,no_strong_signal,신호 없음
FsFmxrayf-E,#김다현 ( Kim Da Hyun ) 아고 이뻐라,,UCiK4aRWPyU2AWx75CKNRYdw,나이스tv,2023-05-07T19:53:55Z,9,0.15,True,63412,1923,28,https://www.youtube.com/watch?v=FsFmxrayf-E,63000,338,PF221787,"K-예술축제, 얼쑤 [대전]",뮤지컬,대전시립연정국악원 큰마당,2023-08-26,2023-08-27,,,,none,none,0,False,False,0,no_strong_signal,신호 없음
O0CaZrhT-hA,"[한국무용제전 공식홍보영상] 2022년 제 36회 한국무용제전-춤, 사유(思惟)의 발견 The 36th Korea Dance Festival","2022년 제 36회 한국무용제전-춤, 사유(思惟)의 발견

""스무 명의 안무가가 한국춤으로 외치는
이 시대의 진정한 사유""

36회를 맞은 한국무용제전이 올 봄 
새로운 모습으로 여러분 앞에 나섭니다 ✨ 

📍일시 
2022. 4. 17(일) - 29(금)

개막식 : 4. 17(일) 8PM
국립국악원, 김매자, 한정미

대극장 경연부문 : 4. 20(수), 22(금), 24(일) 8PM
김민우 김주빈 김현아 민애경 백주희 송영선 육혜수 정경화

소극장 경연부문 : 4. 19(화), 21(목), 23(토) 8PM
강수인, 김도은, 김원영, 김형진, 박병철, 백진주, 안지현, 오정윤, 이성희, 이이슬, 이지현, 이혜준

폐막초청공연 : 4. 29(금) 8PM
김재승 이동준 시상식

📍공연장 
개폐막식 : 대학로예술극장 대극장
대극장 : 대학로예술극장 대극장 
소극장 : 동덕여자대학교 공연예술센터 코튼홀

영상제작 : OHHO PRODUCTION
#2022한국무용제전 #한국무용제전 #한국춤협회",UCQ2RKcz6mc-buTJQdrjKATw,한국춤협회,2022-04-12T07:58:32Z,140,2.33,False,1676,63,3,https://www.youtube.com/watch?v=O0CaZrhT-hA,452,111,PF221787,"K-예술축제, 얼쑤 [대전]",뮤지컬,대전시립연정국악원 큰마당,2023-08-26,2023-08-27,,,,none,none,0,False,False,0,no_strong_signal,신호 없음
kqAGre2LrLw,인천 시립 무용단,,UCp79baDwz26WY4Iu3LW_rXw,송안나tv,2023-06-11T03:13:05Z,43,0.72,True,394,5,0,https://www.youtube.com/watch?v=kqAGre2LrLw,2,3,PF221787,"K-예술축제, 얼쑤 [대전]",뮤지컬,대전시립연정국악원 큰마당,2023-08-26,2023-08-27,,,,none,none,0,False,False,0,no_strong_signal,신호 없음
UkXv3F6wWVI,[4K] Kim Na Hee 김나희 송인 철원화강다슬기축제 190801 직캠/Fancam by 까리뽕삼,Kim Na Hee 김나희 송인 철원화강다슬기축제,UC2w0ZlYKwECEL74qeSKWXVQ,Simmons Faith,2020-08-01T10:38:44Z,163,2.72,False,451,3,0,https://www.youtube.com/watch?v=UkXv3F6wWVI,222,539,PF221787,"K-예술축제, 얼쑤 [대전]",뮤지컬,대전시립연정국악원 큰마당,2023-08-26,2023-08-27,,,,none,none,0,False,False,0,no_strong_signal,신호 없음
WuTM7ntUf50,제10회 대한민국장애인예술경연대회 스페셜K 어워즈 Challenge상 [황사랑],"사단법인 한국장애인문화예술단체총연합회(이하 장예총)는 장애인문화예술단체가 연합하여 설립된 문화체육관광부 산하 사단법인입니다. 
장예총은 회원단체 간 상호 유대강화와 협력교류로 장애인문화예술 발전과 진흥을 도모하고, 장애예술인의 예술권 확보를 통한 창작활동 증진으로 선진문화예술복지 실현에 기여하는 것을 목적으로 하고 있습니다.

다양한 콘텐츠 개발과 대형 무대를 기획하여 예술가를 꿈꾸는 장애인의 가능성을 발굴하여 전문예술인으로 성장할 수 있도록 기회의 장을 제공 해 왔고, 다양한 분야에서 활동하는 장애예술인이 자신의 작품을 일반 관객에게 발표하여 예술적 역량을 인정받을 수 있도록 지원 해 왔습니다. 장예총은 새로운 운영진의 발족과 더불어 장애예술가의 역량강화를 위해 교육 분야에 더욱 매진할 예정입니다.

대표사업
-장애인문화예술축제  A+ Festival
-대한민국장애인예술경연대회 스페셜K
-대한민국장애인문학상미술대전",UC2bgj-zWHyMI2CTAuaoItaw,장예총,2022-12-27T08:02:01Z,250,4.17,False,213,4,0,https://www.youtube.com/watch?v=WuTM7ntUf50,1500,729,PF221787,"K-예술축제, 얼쑤 [대전]",뮤지컬,대전시립연정국악원 큰마당,2023-08-26,2023-08-27,,,,none,none,0,False,False,0,no_strong_signal,신호 없음
iaOoxSPh2Ho,이수현 명인 - 고깔 소고춤 우도설 소고춤 / 소고 퍼포먼스가 아트  #kculture,"🎤 오늘의 버스킹 공연 🎶  
좋은 음악과 함께 건강도 챙기시고 상품태그도 한번 눌러주세요!  

✅ 제가 챙기는 건강 제품들  
- 💊 활력 충전 비타민 👉 [영상안]  
- 무릎 & 관절 영양제 👉 [영상안]  

💖 구독 & 좋아요는 큰 힘이 됩니다!
💖 아티스트를 응원합니다!

[채널 팬후원] 아래 빨강 daqlife 눌러 멤버십 가입하시면 더 큰혜택을 받을 수 있습니다. https://www.youtube.com/channel/UC3OX0Bbh_TLrdRDjoS27bFA/join

#대한민국버스킹TV #버스킹 #멋찌다 #좋아요 #대한민국버스킹 #Kpopbusking #Shorts #kpop #busking #kculture #버스킹 #음악 #dance #Music

#트로트버스킹 #라이브음악 #감성공연 #노래로힐링 #추억의멜로디  
#음악과함께 #건강챙기기 #힐링과건강 #활력충전 #건강한하루  
#버스킹현장 #건강은습관 #소중한내몸 #몸도마음도건강하게 #편안한음악",UC3OX0Bbh_TLrdRDjoS27bFA,대한민국버스킹TV,2023-10-22T08:43:33Z,31,0.52,True,1469,18,0,https://www.youtube.com/watch?v=iaOoxSPh2Ho,79300,6446,PF221787,"K-예술축제, 얼쑤 [대전]",뮤지컬,대전시립연정국악원 큰마당,2023-08-26,2023-08-27,,,,none,none,0,False,False,0,no_strong_signal,신호 없음
SA_t7YXsOpQ,풍뇌(風雷) 상쇠춤 / 대전무악(舞樂)연희축제 2023,"풍뇌(風雷) 상쇠춤  꽹과리
대전무악(舞樂)연희축제
2023. 10. 8.(일) 17:30~",UCQWqLkB1TGv5TNjw5jOenBg,신영태,2023-10-17T12:20:10Z,1742,29.03,False,115,2,1,https://www.youtube.com/watch?v=SA_t7YXsOpQ,1290,1144,PF221787,"K-예술축제, 얼쑤 [대전]",뮤지컬,대전시립연정국악원 큰마당,2023-08-26,2023-08-27,,,,none,none,0,False,False,0,no_strong_signal,신호 없음
STaPZksFQJ0,제6회 대한민국장애인예술경연대회 스페셜K 본선 연극뮤지컬 금상 걘역시,"일시 : 2018. 08. 12 19:00
장소 : 한국방송회관 코바코홀",UC2bgj-zWHyMI2CTAuaoItaw,장예총,2018-10-12T04:28:43Z,644,10.73,False,68,0,0,https://www.youtube.com/watch?v=STaPZksFQJ0,1500,729,PF221787,"K-예술축제, 얼쑤 [대전]",뮤지컬,대전시립연정국악원 큰마당,2023-08-26,2023-08-27,,,,none,none,0,False,False,0,no_strong_signal,신호 없음
oe1pg1R-mYQ,#소리꾼김준수,,UCgjcJB1ATjqnjUvUXaAL4Bg,Alice L.,2022-07-26T13:44:01Z,18,0.3,True,6594,481,13,https://www.youtube.com/watch?v=oe1pg1R-mYQ,266,8,PF221787,"K-예술축제, 얼쑤 [대전]",뮤지컬,대전시립연정국악원 큰마당,2023-08-26,2023-08-27,,,,none,none,0,False,False,0,no_strong_signal,신호 없음
-7nVy8IWgeo,International Dance Festival Korea 2019 대전어울림춤축제~벨리댄스 아델라~,갈라쇼 끝나고^^,UCCu25MWPkLDD8X0KUa_vNpQ,벨리댄스Tv in Korea,2019-10-24T11:54:50Z,6,0.1,True,79,0,0,https://www.youtube.com/watch?v=-7nVy8IWgeo,95,218,PF221787,"K-예술축제, 얼쑤 [대전]",뮤지컬,대전시립연정국악원 큰마당,2023-08-26,2023-08-27,,,,none,none,0,False,False,0,no_strong_signal,신호 없음
tIQS-lQ_u5Y,느루무용단 ′탈의 고백′ / 2021대전舞.樂연희축제 2021. 10. 23,"2021대전舞.樂연희축제 / 느루무용단 ′탈의 고백′

한국의 대표적인 가면극인 봉산탈춤은 
신에게 풍년과 안녕을 비는 제의적인 요소와 불교 및 지배 계층에 대한 풍자 중심의 해학적인 대사에 흥겨운 가락의 춤과 노래를 버무린, 
서민들이 즐기는 전통적인 종합 연극의 한 가지이다. 
이러한 봉산탈춤을 소재로 한 작품 '탈의 고백' 은 
탈춤 동작을 차용하면서도 탈을 벗는 행위'를 통해 
틀속에 감춰진 먼을 보여줌으로써 
우리가 살고 있는 현 시대 삶을 빗대어 표현한 작품이다.

출연 ] 
김은서 임규희 현수연 김아영 남채윤 김나은 현예림 현유림 이고운",UC-p-HTLaN5S5iHJSOb1Fq8w,노세놀아,2021-11-05T00:55:23Z,352,5.87,False,351,5,0,https://www.youtube.com/watch?v=tIQS-lQ_u5Y,359,168,PF221787,"K-예술축제, 얼쑤 [대전]",뮤지컬,대전시립연정국악원 큰마당,2023-08-26,2023-08-27,,,,none,none,0,False,False,0,no_strong_signal,신호 없음
CAEtK8t_at4,220911 얼쑤 | 흥보가 - 김수인 (고수 고영열),"@청라호수공원 야외음악당

#고영열 #라비던스 
#김수인
#고영열밴드",UCa7pTxByCcmKb56SefAbYfQ,CH.RA010,2022-09-12T00:11:40Z,357,5.95,False,1179,56,2,https://www.youtube.com/watch?v=CAEtK8t_at4,431,149,PF221787,"K-예술축제, 얼쑤 [대전]",뮤지컬,대전시립연정국악원 큰마당,2023-08-26,2023-08-27,,,,none,none,0,False,False,0,no_strong_signal,신호 없음
lK7YhDkEnXk,MUSICAL 판소리 뮤지컬 경성스케이터 커튼콜 - 정지혜/김부영/김은경/이승민,"*커튼콜 촬영 가능

2019/12/18
K-MUSICAL 판소리 뮤지컬 경성스케이터 커튼콜
정동극장 창작ing
정지혜/김부영/김은경/이승민
정동극장",UC6_8FcuWvXfxpH0Y9mLbQLQ,j,2019-12-22T07:17:34Z,128,2.13,False,79,2,0,https://www.youtube.com/watch?v=lK7YhDkEnXk,1400,2367,PF221787,"K-예술축제, 얼쑤 [대전]",뮤지컬,대전시립연정국악원 큰마당,2023-08-26,2023-08-27,,,,mismatch,none,0,False,False,-2,delete_candidate,날짜 불일치(다른 회차 가능성)
OZjwKt6nGjY,"타악그룹 판타지_""구각의 하모니"" 중 대북과 모듬북의 합주 ""송구영신 낭중지추""","2020년 7월 20일 대전서구문화원 아트홀
“타악그룹 판타지”의 우수 레퍼토리 기획공연
九角의 하모니.

1. 송구영신 낭중지추
구봉의 일출이 오른다.
구각정에 올라 구봉의 절경을 함께 느껴 보자.
판타지의 울림이 구봉의 일출처럼 솟아오르고 
그 장대함과 진동을 느껴라.
대북과 모듬북 특수악기의 웅장함과 조화로운 연주로
구봉의 일출을 노래한다",UC-p-HTLaN5S5iHJSOb1Fq8w,노세놀아,2020-07-24T14:25:43Z,710,11.83,False,330,8,2,https://www.youtube.com/watch?v=OZjwKt6nGjY,359,168,PF221787,"K-예술축제, 얼쑤 [대전]",뮤지컬,대전시립연정국악원 큰마당,2023-08-26,2023-08-27,,,,none,none,0,False,False,0,no_strong_signal,신호 없음
YAcBH-TOyL8,해운대 문화회관 7080 낭만콘서트  가수 김원섭 열창무대,,UCvLt8Tdk4A8d6XYE2neqSlw,가수고길수 ♡친구야♡TV,2017-09-08T12:28:24Z,192,3.2,False,2113,16,12,https://www.youtube.com/watch?v=YAcBH-TOyL8,1910,1758,PF221787,"K-예술축제, 얼쑤 [대전]",뮤지컬,대전시립연정국악원 큰마당,2023-08-26,2023-08-27,,,,none,none,0,False,False,0,no_strong_signal,신호 없음
Q0UvCzL7oXM,광주상설공연 7월 홍보영상,"- 매주 목~일 오후 5시
- 전석 무료",UC02x5SS_0-45ZZ13ROGsdtQ,광주예술의전당 Gwangju Arts Center,2023-06-29T02:09:53Z,31,0.52,True,352,4,0,https://www.youtube.com/watch?v=Q0UvCzL7oXM,4420,787,PF221787,"K-예술축제, 얼쑤 [대전]",뮤지컬,대전시립연정국악원 큰마당,2023-08-26,2023-08-27,,,,none,none,0,False,False,0,no_strong_signal,신호 없음
Be_e00GK6QM,"220911 얼쑤 | 뱃노래 - 고영열, 김수인","@청라호수공원 야외음악당

#고영열 #라비던스 
#김수인
#고영열밴드",UCa7pTxByCcmKb56SefAbYfQ,CH.RA010,2022-09-12T00:11:45Z,199,3.32,False,3311,97,5,https://www.youtube.com/watch?v=Be_e00GK6QM,431,149,PF221787,"K-예술축제, 얼쑤 [대전]",뮤지컬,대전시립연정국악원 큰마당,2023-08-26,2023-08-27,,,,none,none,0,False,False,0,no_strong_signal,신호 없음
y9AaWR_CbX4,#얼쑤 #아리아윤벨리_아리아윤 김민아 김무늬 #찾아가는사랑나눔문화콘서트 #경기도자원봉사센터 #사랑나눔문화예술단 #황송노인종합복지관 #2023도민이전하는자원봉사 23. 5. 17.,#얼쑤 #아리아윤벨리_아리아윤 김민아 김무늬 #찾아가는사랑나눔문화콘서트 #경기도자원봉사센터 #사랑나눔문화예술단 #황송노인종합복지관 #2023도민이전하는자원봉사 23. 5. 17. #영상촬영감독_정경오 #조이스튜디오,UCcwiIq5rhXN_WwBO8h3Ip2A,정천석TV (Daniel Jung),2023-05-20T09:48:14Z,184,3.07,False,687,6,5,https://www.youtube.com/watch?v=y9AaWR_CbX4,2660,5636,PF221787,"K-예술축제, 얼쑤 [대전]",뮤지컬,대전시립연정국악원 큰마당,2023-08-26,2023-08-27,,,,none,none,0,False,False,0,no_strong_signal,신호 없음
D6tmrhA9cxU,20230608 소리꾼김준수 - 손키스 (창극 베니스의 상인들 싸인회 퇴장길),,UCwhk8iii5BOHMVz3eLcIY0A,시나브로,2023-06-08T18:11:55Z,20,0.33,True,10188,806,23,https://www.youtube.com/watch?v=D6tmrhA9cxU,15900,367,PF221787,"K-예술축제, 얼쑤 [대전]",뮤지컬,대전시립연정국악원 큰마당,2023-08-26,2023-08-27,,,,none,none,0,False,False,0,no_strong_signal,신호 없음
8KrNUV4fL0A,제 60회 전라예술제 - 10월06일 오후 7시 공연,#2021 #제60회 전라예술제 #전라예술제 #예술제 #전북예총,UCLlZnkxAx_35QGAtx1206nQ,CGITV,2021-10-06T11:58:32Z,7735,128.92,False,1248,20,0,https://www.youtube.com/watch?v=8KrNUV4fL0A,1290,664,PF221787,"K-예술축제, 얼쑤 [대전]",뮤지컬,대전시립연정국악원 큰마당,2023-08-26,2023-08-27,,,,none,none,0,False,False,0,no_strong_signal,신호 없음
pUKbnAD7zSU,대전 우리소리축제 하하하!,"DAEJEON 우리소리축제 하하하!
장단DNA - 박은하편

2020.8.27[목] 7:30PM
대전시립연정국악원 큰마당

박은하&김복만
원일&경기시나위
오케스트라

국냐 최고 타악 명인들이 모인 굿 앙상블 '장단DNA'와
경기시니위오케스트라가 함께하는 감각적이고 현대적인 무대
'장단 DNA-박은하편'",UCfBgMUhDJaOAC6rS339Cq-w,대전시립연정국악원,2020-08-27T12:21:47Z,6545,109.08,False,1736,41,2,https://www.youtube.com/watch?v=pUKbnAD7zSU,377,18,PF221787,"K-예술축제, 얼쑤 [대전]",뮤지컬,대전시립연정국악원 큰마당,2023-08-26,2023-08-27,,,,mismatch,match,0,False,False,0,no_strong_signal,날짜 불일치(다른 회차 가능성); 장소 일치
IA7abFoPqRs,2019대전시립연정국악원 국악연주단은?,"2019년 국악연주단과 함께 해주신 모든분들께 감사드립니다!! 
한 해동안 베풀어주신 마음을 되새기고자,
2019년에 선보인 국악의 다양한 향기를 짧게나마 영상으로 제작하였습니다 :)
다가오는 2020년에도 저희 대전시립연정국악원 국악연주단의 다채로운 국악의 향연을 기대해주세요!!",UCfOgQ8WuHgg-4ezQSJUC24A,대전시립연정국악단,2020-01-06T05:07:04Z,134,2.23,False,218,4,2,https://www.youtube.com/watch?v=IA7abFoPqRs,1380,211,PF221787,"K-예술축제, 얼쑤 [대전]",뮤지컬,대전시립연정국악원 큰마당,2023-08-26,2023-08-27,,,,none,match,0,False,False,2,no_strong_signal,장소 일치
RKc5cS8pNeE,k-예술축제_아우름 홍보동영상,"아이에서 어른까지
우리의 공연을 즐기는

대전시립연정국악원이 전하는 특별한 여름
5편의 특별한 작품으로 만나는 
k-예술축제_ 아우름
2023.8.17(목)~8.27(일)

퓨전국악극_은혜갚은 호랑이
8.17(목)~8.18(금) 11:00/14:00 작은마당 

조선시대로 초대된 오페라 _ 피가로 결혼
8.19(토) 15:00 큰마당

대전국악방송 개국6주년 기념_ 공개음악회 북새통
8.23(수) 19:30 작은마당

홍길동을 탄생시킨 허균의 삶과 꿈_ 연극 허길동전
8.24(목) 15:00/19:00 작은마당

명작단편소설 뮤지컬_얼쑤
8.26(토)~27(일) 14:00/18:00 큰마당

#대전시립연정국악원
#나무예술기획 #국악 #국악극 #대전 #공연 #공연장 #어린이공연",UCNDRSlZunyW76zW42tbFEDw,나무예술기획TV ; 감성으로 기획하다,2023-08-01T15:25:43Z,31,0.52,True,144,3,0,https://www.youtube.com/watch?v=RKc5cS8pNeE,405,181,PF221787,"K-예술축제, 얼쑤 [대전]",뮤지컬,대전시립연정국악원 큰마당,2023-08-26,2023-08-27,,,,match,match,2,False,False,6,verified_candidate,날짜 일치; 장소 일치; 해시태그 2개 카테고리 일치
Ayq8XRgew9c,[대구 팝 심포니 오케스트라] #타악그룹 “쟁이” Thema from “방황”#대구드럼 #드럼악보 #드럼연주 #취미드럼 #주부드럼,"대구 팝 심포니 오케스트라 
가족과 함께하는 Classic &Pop, Jazz Concert 

특별출현
타악그룹 “쟁이” Thema from “방황”
서양타악기 : 김영록, 이주원, 김상욱, 김남훈
국악타악기 : 최병길,손정일,장정문,김차이,이수하
E.Bass 고종민 K.Board 문경환 Trumpet 이규호
2001.7.24.(화) 대구시민회관 대강당

25년의 전통 대구타악예술문화센터
(Percussive Arts Culture Center Daegu)
*드럼악보 구매가능.
*드럼렛슨. 취미드럼, 직장인드럼, 직장인색소폰, 주부드럼, 주부색소폰  
*전국 최고의 시스탬 25년간의 교육경험을 통해 남녀노소 
 누구나 함께하고 있습니다.

TEL : 053-742-3614
C.P. : 010-6785-3614
http://대구드럼.com
http://cafe.daum.net/daegupas
https://cafe.naver.com/daegudrum
https://band.us/@drum3614

*대구시 수성구 국채보상로 868 연제빌딩 B1.",UCa3z7Z4onHnr_tyE-nenmGg,[드럼연주는 - 대구타악예술문화센터],2020-02-20T14:19:27Z,469,7.82,False,413,4,0,https://www.youtube.com/watch?v=Ayq8XRgew9c,9300,1634,PF221787,"K-예술축제, 얼쑤 [대전]",뮤지컬,대전시립연정국악원 큰마당,2023-08-26,2023-08-27,,,,mismatch,none,0,False,False,-2,delete_candidate,날짜 불일치(다른 회차 가능성)
fHzEjgh7H5I,심상욱 지휘 발표회,"지휘 심상욱
1. 남도아리랑 - 백대웅
2. 대금협주곡 '타래' - 조원행
3. 꿈꾸는 나무 - 황호준
4. 청청 - 조원행
 2017. 9. 7. 한국문화의집(KOUS)",UCpaVDnPMpicfKHQ_9lXl6dw,심상욱,2019-02-11T03:36:49Z,3462,57.7,False,1180,12,1,https://www.youtube.com/watch?v=fHzEjgh7H5I,11,1,PF221787,"K-예술축제, 얼쑤 [대전]",뮤지컬,대전시립연정국악원 큰마당,2023-08-26,2023-08-27,,,,none,none,0,False,False,0,no_strong_signal,신호 없음
X0y-YLjZja0,Frontier 프론티어ㅣ작곡 양방언ㅣ지휘 박정수ㅣ대전청소년국악관현악단 청아율 淸雅律 Chungayul 지휘 박정수ㅣ대전시립연정국악원 큰마당 20190309,"대전 청소년국악관현악단 청아율
제7회 정기 연주회: 아름다운 우리 소리 국악에 담다
지휘 박정수 선생님
대전시립연정국악원 큰마당
2019.03.09.

Frontier 프론티어
작곡 양방언",UC5pA_F2WXUgufZ9zGbT-vHQ,청소년국악관현악단 청아율 Chungayul,2021-02-17T07:09:01Z,407,6.78,False,1339,22,0,https://www.youtube.com/watch?v=X0y-YLjZja0,164,156,PF221787,"K-예술축제, 얼쑤 [대전]",뮤지컬,대전시립연정국악원 큰마당,2023-08-26,2023-08-27,,,,mismatch,match,0,False,False,0,no_strong_signal,날짜 불일치(다른 회차 가능성); 장소 일치
suOR7kavnzo,판놀음,"판놀음
행사:김덕수, 이정희의 가무악 판타지아
일시:20191018
장소:밀양아리랑아트센터 대공연장
출연:김덕수,김성대,김정욱,김희수,방성혁,송동운,이정일,하준혁,홍운기
사회:이희병

원본소장처 : https://artskoreatv.com

#artskoreatv#김덕수이정희의가무악판타지아#판놀음

동영상이 마음에 드셨나요? 작업을 계속할 수 있도록 월정액 1,000원 이상의 후원채찍을 주십시요. 후원해 주시는 분은 https://artskoreatv.com 의 모든 동영상을 보실수 있습니다. 후원금계좌 국민은행 016-21-1401-657 천승요",UCzHgc67tKXitJKrH86aZk3w,ArtsKoreaTV,2020-01-08T02:27:20Z,857,14.28,False,438,7,0,https://www.youtube.com/watch?v=suOR7kavnzo,22500,12050,PF221787,"K-예술축제, 얼쑤 [대전]",뮤지컬,대전시립연정국악원 큰마당,2023-08-26,2023-08-27,,,,none,none,0,False,False,0,no_strong_signal,신호 없음
j1IT99f_YxE,k - culture (Samulnori),"Percussion harmony, one of Korea's traditional arts",UCRDK3HGPTRu2VK8rdbz855Q,빌런,2020-06-19T22:40:55Z,766,12.77,False,537,11,6,https://www.youtube.com/watch?v=j1IT99f_YxE,47,9,PF221787,"K-예술축제, 얼쑤 [대전]",뮤지컬,대전시립연정국악원 큰마당,2023-08-26,2023-08-27,,,,none,none,0,False,False,0,no_strong_signal,신호 없음
UQxjJhTOr9A,[FULL][국악무대] 대전국악방송 개국 5주년 기념 공개음악회 - 터무니없는 소리,"대전국악방송 개국 5주년 기념 공개음악회 - 터무니없는 소리

공연일시 : 2022년 8월 27일 토요일 19시 30분
공연장소 : 대전시립연정국악원 큰마당

00:00:00 시작
00:05:23 오프닝
00:07:57 투전풀이 - 예결
00:19:18 연평도 난봉가 - 예결
00:25:00 배치기, 술비타령, 자진술비타령 - 예결
00:30:33 Lose Yourself - 최예림  (원곡 Eminem)
00:45:33 몽금포타령 - 최예림
00:52:43 화용도 - 최예림
00:59:54 편락 - 박진희
01:16:26 동동 - 박진희
01:22:38 어부사 - 박진희
01:29:30 재구와 대전 - 최재구
01:47:06 약성가 - 최재구
01:55:13 살이 차오른다 가자 - 최재구

-------------------------------------------------
한국문화의 중심, 국악방송
Gugak Broadcasting Foundation

kt올레tv ch251
SK Btv ch288
LG유플러스 ch189

LG헬로비전 ch273
SK Btv ch229
딜라이브 ch235
아름방송 ch161
서경방송 ch144

FM 99.1MHz
www.igbf.kr
https://www.facebook.com/igbf.kr/     
https://www.instagram.com/igbf.kr/     
https://www.instagram.com/gugakfm/     

국악방송의 방송프로그램은 방송통신위원회의 방송통신발전기금을 지원받아 제작되고 있습니다.
#국악방송 #국악 #대전국악방송 #터무니없는소리 #풍류대장 #예결 #박진희 #최예림 #최재구",UCaBwNyKKjDaYIzS8dhyaXBA,국악방송 TV (Gugak Broadcasting System: TV),2022-08-29T04:30:05Z,7336,122.27,False,1778,53,4,https://www.youtube.com/watch?v=UQxjJhTOr9A,96900,6764,PF221787,"K-예술축제, 얼쑤 [대전]",뮤지컬,대전시립연정국악원 큰마당,2023-08-26,2023-08-27,,,,none,match,1,False,False,3,verified_candidate,장소 일치
mVsJcAHFGCE,신명풍무악팀의 대북 공연,,UCbbit2nIE5tXUqMG73ayqKg,동백이세상,2023-01-25T14:40:35Z,47,0.78,True,644,25,0,https://www.youtube.com/watch?v=mVsJcAHFGCE,1270,182,PF221787,"K-예술축제, 얼쑤 [대전]",뮤지컬,대전시립연정국악원 큰마당,2023-08-26,2023-08-27,,,,none,none,0,False,False,0,no_strong_signal,신호 없음
MEa84wJ8E3I,수원국악예술단 경기민요협연 윤지은,"2021.12.19
#경기아트센터 
#수원예술국악단
#경기민요 #윤지은협연
#minyo #풍류 #노랫가락#청춘가#뱃노래#자진뱃노래
#민요꿈나무윤지은 #국악영재 #국악꿈나무윤지은 #KoreaTraditionalMusic 
#KoteaFolksong",UCLYHRwzqAHZXyANAXAGFugw,윤지은 민요꿈나무,2021-12-30T17:57:55Z,649,10.82,False,737,11,0,https://www.youtube.com/watch?v=MEa84wJ8E3I,32,9,PF221787,"K-예술축제, 얼쑤 [대전]",뮤지컬,대전시립연정국악원 큰마당,2023-08-26,2023-08-27,,,,mismatch,none,0,False,False,-2,delete_candidate,날짜 불일치(다른 회차 가능성)
n8L00FKoBco,☑220727 오늘광주는 : 전통과 현대의 만남…‘광주국악상설공연’ 보러 오세요,☑220727 오늘광주는 : 전통과 현대의 만남…‘광주국악상설공연’ 보러 오세요,UCNj6spGrrNxCS8mkSZp8Zyw,전남광주TV,2022-07-27T07:41:17Z,81,1.35,False,85,3,0,https://www.youtube.com/watch?v=n8L00FKoBco,40700,3635,PF221787,"K-예술축제, 얼쑤 [대전]",뮤지컬,대전시립연정국악원 큰마당,2023-08-26,2023-08-27,,,,none,none,0,False,False,0,no_strong_signal,신호 없음
JiBer7OLw2c,"""2020AAHF""대회     ☆밸리댄스 레벨3 드럼솔로 장년부 금상   ㅡ87번 조해경",,UCKHzlySKMfzr8p5dQ3Ws_hw,AAAHF,2020-08-21T23:34:27Z,139,2.32,False,1077,2,,https://www.youtube.com/watch?v=JiBer7OLw2c,691,113,PF221787,"K-예술축제, 얼쑤 [대전]",뮤지컬,대전시립연정국악원 큰마당,2023-08-26,2023-08-27,,,,none,none,0,False,False,0,no_strong_signal,신호 없음
Ay27H9M3n7Q,짐도리 창립 5주년기념 연말콘서트 - 강자민(어부바),이사회사 짐도리 창립 5주년기념 연말콘서트 - 강자민(어부바),UCX0XMerhPsaVLsoXNVCQTqQ,응답하라 트로트,2019-11-30T17:30:30Z,57,0.95,True,172,11,0,https://www.youtube.com/watch?v=Ay27H9M3n7Q,419,382,PF221787,"K-예술축제, 얼쑤 [대전]",뮤지컬,대전시립연정국악원 큰마당,2023-08-26,2023-08-27,,,,none,none,0,False,False,0,no_strong_signal,신호 없음
QtQyYZyx5s0,연안부두 꽃게축제 일번출구 윙크,일번출구,UC6YVQR22vpiofYAbv-MtSqg,아이즈단장지혜,2019-10-20T14:17:31Z,74,1.23,False,46,0,0,https://www.youtube.com/watch?v=QtQyYZyx5s0,64,930,PF221787,"K-예술축제, 얼쑤 [대전]",뮤지컬,대전시립연정국악원 큰마당,2023-08-26,2023-08-27,,,,none,none,0,False,False,0,no_strong_signal,신호 없음
MXtnQQ6RCn0,#윙크 가수님,#의왕시 #전국노래자랑 미녹화분,UCmwEl1MY75E8OxM_svT2vPA,김정출tv(Trot man),2022-06-10T09:25:46Z,298,4.97,False,1021,21,0,https://www.youtube.com/watch?v=MXtnQQ6RCn0,64400,8954,PF221787,"K-예술축제, 얼쑤 [대전]",뮤지컬,대전시립연정국악원 큰마당,2023-08-26,2023-08-27,,,,none,none,0,False,False,0,no_strong_signal,신호 없음
7SnWaOJkgYk,윤채원 - 스타온 제13회 북구어르신효문화축제 홍진영의 '잘가라'&'질풍가도' 치어댄스&자기소개,,UCe0YyyxP5cUtzM0cPQbaNww,최윤정,2019-05-14T11:16:48Z,270,4.5,False,99,6,0,https://www.youtube.com/watch?v=7SnWaOJkgYk,154,163,PF221787,"K-예술축제, 얼쑤 [대전]",뮤지컬,대전시립연정국악원 큰마당,2023-08-26,2023-08-27,,,,none,none,0,False,False,0,no_strong_signal,신호 없음
4Ta-j79gXTQ,제10회 대한민국장애인예술경연대회 스페셜K 서울 본선 연극/뮤지컬 부문,"사단법인 한국장애인문화예술단체총연합회(이하 장예총)는 장애인문화예술단체가 연합하여 설립된 문화체육관광부 산하 사단법인입니다. 
장예총은 회원단체 간 상호 유대강화와 협력교류로 장애인문화예술 발전과 진흥을 도모하고, 장애예술인의 예술권 확보를 통한 창작활동 증진으로 선진문화예술복지 실현에 기여하는 것을 목적으로 하고 있습니다.

다양한 콘텐츠 개발과 대형 무대를 기획하여 예술가를 꿈꾸는 장애인의 가능성을 발굴하여 전문예술인으로 성장할 수 있도록 기회의 장을 제공 해 왔고, 다양한 분야에서 활동하는 장애예술인이 자신의 작품을 일반 관객에게 발표하여 예술적 역량을 인정받을 수 있도록 지원 해 왔습니다. 장예총은 새로운 운영진의 발족과 더불어 장애예술가의 역량강화를 위해 교육 분야에 더욱 매진할 예정입니다.

대표사업
-장애인문화예술축제  A+ Festival
-대한민국장애인예술경연대회 스페셜K
-대한민국장애인문학상미술대전",UC2bgj-zWHyMI2CTAuaoItaw,장예총,2022-09-06T07:39:38Z,2920,48.67,False,293,4,0,https://www.youtube.com/watch?v=4Ta-j79gXTQ,1500,729,PF221787,"K-예술축제, 얼쑤 [대전]",뮤지컬,대전시립연정국악원 큰마당,2023-08-26,2023-08-27,,,,none,none,0,False,False,0,no_strong_signal,신호 없음
9CFUivW01gk,191117 주주자매 [금주]직캠 - '얼쑤'@윙크 {신성고등학교 총동문회 문화예술공연},"#주주자매 #밀키웨이 #Milkyway

안양아트센터 관악홀",UCbs7rv75cA_sivLVTtcrskg,Makayla Ritter,2020-09-15T13:15:04Z,191,3.18,False,62,1,0,https://www.youtube.com/watch?v=9CFUivW01gk,42,1290,PF221787,"K-예술축제, 얼쑤 [대전]",뮤지컬,대전시립연정국악원 큰마당,2023-08-26,2023-08-27,,,,none,none,0,False,True,2,no_strong_signal,작품명이 따옴표/괄호로 명시적으로 인용됨
P2vm-LXgYAE,울트라 화려 #블랙핑크 #blackpink #pinkvenom #korean#kpop #koreandancers #ultrahwaryeo,,UCJspscs11evpGWUy7A31zQQ,댄스타악퍼포먼스_DTP HWA RYEO,2022-08-27T10:29:27Z,16,0.27,True,3083,88,1,https://www.youtube.com/watch?v=P2vm-LXgYAE,3850,316,PF221787,"K-예술축제, 얼쑤 [대전]",뮤지컬,대전시립연정국악원 큰마당,2023-08-26,2023-08-27,,,,none,none,0,False,False,0,no_strong_signal,신호 없음
omihFsfmOhI,[슬기로운 문화공연]  '국악인가요'가 선보이는 신나는 우리 장단~ 얼쑤~^^,"외출이 어려운 요즘! 여러분의 안방에 아름다운 선율을 선물합니다^^
클래식, 재즈, 어쿠스틱, 국악까지!
온 가족이 함께 즐거운 고품격 음악 프로그램!!

'슬기로운 문화공연'과 함께하세요♥

매주 토요일, 일요일 오후 5시 
SmileTV Plus에서 가장 먼저 만나보세요^0^

#슬기로운문화공연 #방콕 #안방에서즐기는클래식 #인천중구 #온텍트공연 #문화공연 #음악 #밴드공연 #어쿠스틱 #국악 #클래식 #재즈 #국악인가요 #노결이 #배대준 #박세훈 #장재우 #퓨전국악 #군밤타령 #사랑가 #방아요 #tramedia #티알에이미디어",UCrsmVp8OwAFhIJgpCZqkIjQ,TRA Media,2020-11-26T03:00:12Z,685,11.42,False,196,9,1,https://www.youtube.com/watch?v=omihFsfmOhI,83800,5091,PF221787,"K-예술축제, 얼쑤 [대전]",뮤지컬,대전시립연정국악원 큰마당,2023-08-26,2023-08-27,,,,none,none,1,False,False,1,no_strong_signal,신호 없음
NuzK6rPPV84,도전1000곡 248회 #12,"공식홈페이지 : http://tv.sbs.co.kr/dojun1000gok/ 
최신 영상 더보기 : http://netv.sbs.co.kr 
도전1000곡 248회 #",UCmjNKt6kITwaZTqvWuaSPLg,SBS Entertainment,2013-05-28T09:37:17Z,304,5.07,False,616,4,0,https://www.youtube.com/watch?v=NuzK6rPPV84,7500000,243135,PF221787,"K-예술축제, 얼쑤 [대전]",뮤지컬,대전시립연정국악원 큰마당,2023-08-26,2023-08-27,,,,none,none,0,False,False,0,no_strong_signal,신호 없음
H1peu68HkRI,기타치는 황명선시장님,강경발효 젓갈축제에 멀리서 찾아온 관광객들을 위해 노래를 부르다.,UCzklXDgm1NNepH3WeSEiXXg,nonsancity,2011-10-24T05:45:31Z,698,11.63,False,335,3,0,https://www.youtube.com/watch?v=H1peu68HkRI,279,110,PF221787,"K-예술축제, 얼쑤 [대전]",뮤지컬,대전시립연정국악원 큰마당,2023-08-26,2023-08-27,,,,none,none,0,False,False,0,no_strong_signal,신호 없음
gmnFwOQ8lJ8,"더한복 패션쇼 ""한복 퍼레이드"" [실버아이TV]","[실버아이TV 홈페이지]
http://www.silver-itv.co.kr

[실버아이TV - 네이버TV 채널]
http://tv.naver.com/silveritv

[실버아이TV - 카카오TV 채널]
http://tv.kakao.com/channel/2654333

[실버아이TV 채널 번호 안내]
▣ 전국 공통 번호
▶ IPTV LG U+ : Ch. 237번
▶ IPTV KT 올레TV: Ch. 144번
▶ IPTV SK BTV: Ch. 227번
▶ KT skyLife: Ch. 118

▣ 케이블 방송 번호 
▶ 딜라이브(C&M): Ch.144 
▶ LG헬로: Ch.141
▶ 티브로드: Ch.156 
▶ 현대 HCN: Ch.424 
▶CMB: 47번, 48번, 49번 Ch.28-1(대구), Ch.48-1(한강,광주), Ch.49-1(동대문),Ch.47-2(대전)

▣ 기타 지역 케이블 방송 번호
http://www.silver-itv.co.kr/img_silver/channel.jpg

#실버아이TV #실버아이 #실버iTV #노인전문채널",UCFlKqZsHXSQ45ZOuyUtBd2Q,실버아이TV,2022-04-22T08:18:08Z,1038,17.3,False,184,0,0,https://www.youtube.com/watch?v=gmnFwOQ8lJ8,213000,15805,PF221787,"K-예술축제, 얼쑤 [대전]",뮤지컬,대전시립연정국악원 큰마당,2023-08-26,2023-08-27,,,,none,none,0,False,False,0,no_strong_signal,신호 없음
DOFGG9AKgDg,180408 옐로비(Yellow Bee) 멘트/ment 세로 직캠/fancam #1 #Shorts @ 논산딸기축제 by hoyasama,"Copyright 2018. hoyasama. All Rights Reserved.
Warning! Never re-upload my video!
There is absolutely no leniency.",UCMBwfAHRlKdpvAY72oael8g,hoyasama,2018-04-08T16:01:51Z,54,0.9,True,52962,358,0,https://www.youtube.com/watch?v=DOFGG9AKgDg,680000,9911,PF221787,"K-예술축제, 얼쑤 [대전]",뮤지컬,대전시립연정국악원 큰마당,2023-08-26,2023-08-27,,,,none,none,0,False,False,0,no_strong_signal,신호 없음
tYJIa2qQI88,충남홍성 명동상가어워즈 ( 강자민-따르릉 ),#충남홍성 #명동상가어워즈 ( #강자민 #따르릉 ),UCX0XMerhPsaVLsoXNVCQTqQ,응답하라 트로트,2021-12-04T21:24:16Z,43,0.72,True,418,16,1,https://www.youtube.com/watch?v=tYJIa2qQI88,419,382,PF221787,"K-예술축제, 얼쑤 [대전]",뮤지컬,대전시립연정국악원 큰마당,2023-08-26,2023-08-27,,,,none,none,0,False,False,0,no_strong_signal,신호 없음
vnnXrF9Ptkg,"양산합창단2015년10월24일-당신의무덤가에,그녀를만나기100미터전","양산합창단 2015년 10월 24일 : 인프타 행사 공연
양산시 양주공원
당신의무덤가에,그녀를만나기100미터전",UCEzGUVtjtzxQzyCfw0Y-bJA,Gwang Kim,2015-10-24T07:19:49Z,376,6.27,False,184,4,0,https://www.youtube.com/watch?v=vnnXrF9Ptkg,289,125,PF279227,양산시립합창단 송년음악회: 당신을 위한 노래 Song for you,서양음악(클래식),양산문화예술회관 대공연장,2025-12-04,2025-12-04,,,,none,none,0,False,False,0,no_strong_signal,신호 없음
L7MMnfu9k74,아름다운나라 - 소프라노 차보람,,UCg-PwLOH72RNgkV0tOTyoIQ,Stella Music ,2021-11-03T05:39:39Z,190,3.17,False,576,28,5,https://www.youtube.com/watch?v=L7MMnfu9k74,146,6,PF279227,양산시립합창단 송년음악회: 당신을 위한 노래 Song for you,서양음악(클래식),양산문화예술회관 대공연장,2025-12-04,2025-12-04,,,,none,none,0,False,False,0,no_strong_signal,신호 없음
D6L9Uz9YpFc,"""매화 연가""  소프라노 강혜정  이안삼 곡 /배경 우승술 작가",자연물  영상 가곡,UCx8megyHm6u6pqwNnIB4nmw,maonsan,2023-06-02T08:04:38Z,263,4.38,False,139,7,0,https://www.youtube.com/watch?v=D6L9Uz9YpFc,31700,3622,PF279227,양산시립합창단 송년음악회: 당신을 위한 노래 Song for you,서양음악(클래식),양산문화예술회관 대공연장,2025-12-04,2025-12-04,,,,none,none,0,False,False,0,no_strong_signal,신호 없음
DqkgR8M_5g4,"한울색소폰, 당신이좋라, 찔레꽃, 유랑극단쇼, 대구문화자원봉사단,스마일재능밴크,이동무대차량","시니어 문화# 중장년층 인기곡# 흥겨운 노래# 힐링 음악#트로트 #AI뮤직비디오 #전자오르간 #팔공산 #서상복 #성인가요 #트로트메들리 #대구경북연예인협회# 서상복# 팔공산# 대구 행사# 트로트# 트로트 메들리# 전자오르간# 고속도로 메들리# 디스코# 카바레 음악# 성인가요2. 뮤직비디오# AI 가수# AI 영상 제작# 실사형 AI# 고화질 배경화면# 유튜브 쇼츠(Shorts)# 추억의 노래# 

안녕하십니까, 대구경북연예인협회 채널 운영자 서상복 입니다
저는 1979년 음주운전 차에 치어 목뼈가 부러지면서 송가락 하나도 제 마음되로 움직일수 없는 전신마비 의 몸이되어 아래와 같이 저와 같은 중증장애의 생활에 조금 이나마 도움이 되고자 1991년 부터 여러 봉사단체을 설립하여 운영 하고 있으며 그 공노로 아래와 같은 수상 경력이 있습니다, 
⚈주요 사회 봉사활동 연역
⚫한국장애인봉사협회 설립,       
⚫무료도서대여 사랑의문고 개관
⚫장애인 인생고충 상담전화 개통, 
⚫신생아기, 이름 무료작 
⚫대구문화예술봉사단 창단,       
⚫대구경북연예인협회 설립
⚫대구시 장애인 지원센타 설립

⚈ 수상경력
⚫MBC 좋은 한국인 대상 본상수상, 
⚫사봉 봉사부문 신지식인 선정, 
⚫자렁스런 대구경북인상 수상,
⚫대한민국 자원봉사 대상 안전행정부 장관상 수상
⚫대구광역시장 표창장
독거노인 합동칠순잔치 8회 금반지 한복선물,영세장애인 생활보조금 및 자녀 학자금지원, 동거 부부 합공결혼식, 영세장애인 의료비 지원, 고아원생 초청 외식, 장애인 신장이식 수술비 500만원 지원 등 기타 봉사활동 안녕하십니까, 대구경북연예인협회 채널 운영자 서상복 입니다
저는 1979년 음주운전 차에 치어 목뼈가 부러지면서 송가락 하나도 제 마음되로 움직일수 없는 전신마비 의 몸이되어 아래와 같이 저와 같은 중증장애의 생활에 조금 이나마 도움이 되고자 1991년 부터 여러 봉사단체을 설립하여 운영 하고 있으며 그 공노로 아래와 같은 수상 경력이 있습니다, 

⚈주요 사회 봉사활동 연역
⚫한국장애인봉사협회 설립,       
⚫무료도서대여 사랑의문고 개관
⚫장애인 인생고충 상담전화 개통, 
⚫신생아기, 이름 무료작 
⚫대구문화예술봉사단 창단,       
⚫대구경북연예인협회 설립
⚫대구시 장애인 지원센타 설립

⚈ 수상경력
⚫MBC 좋은 한국인 대상 본상수상, 
⚫사봉 봉사부문 신지식인 선정, 
⚫자렁스런 대구경북인상 수상,
⚫대한민국 자원봉사 대상 안전행정부 장관상 수상
⚫대구광역시장 표창장
독거노인 합동칠순잔치 8회 금반지 한복선물,영세장애인 생활보조금 및 자녀 학자금지원, 동거 부부 합공결혼식, 영세장애인 의료비 지원, 고아원생 초청 외식, 장애인 신장이식 수술비 500만원 지원 등 기타 봉사활동",UCTqZye7DT4VlFmjZbhVlObQ,대구경북연예인협회,2018-07-23T06:47:08Z,326,5.43,False,125,0,0,https://www.youtube.com/watch?v=DqkgR8M_5g4,25900,1695,PF279227,양산시립합창단 송년음악회: 당신을 위한 노래 Song for you,서양음악(클래식),양산문화예술회관 대공연장,2025-12-04,2025-12-04,,,,none,none,0,False,False,0,no_strong_signal,신호 없음
U3LTR6Lb8go,"Mein Herr Marquis 친애하는 나의 후작님 (J.Strauss II) Die Fledermaus, Sop. 장준영 Piano. 박한나","Mein Herr Marquis 친애하는 나의 후작님
요한 슈트라우스 2세 Die Fledermaus 박쥐

(Adele의 아리아)
Mein Herr Marquis, ein Mann wie Sie
친애하는 후작님, 당신과 같은 분은
Sollt’ besser das verstehn,
그것을 보다 잘 이해하셔야죠,
Darum rate ich, ja genauer sich
그런까닭에 나는 충고합니다, 보다 더 세심하게
Die Leute anzusehen!
사람들을 응시하세요!
Die Hand ist doch wohl gar zo fein, hahaha.
손도 물론 확실히 좋겠지요, 하하하.
Dies Füsschen so zierlich und klein, hahaha.
이 발도 매우 곱고 작지요, 하하하.
Die Sprache, die ich führe
언어, 내가 사용하는
Die Taille, die Tournüre,
허리, 세련된 맵시,
Dergleichen finden Sie
그런 것들을 당신은
Bei einer Zofe nie!
시녀에게서 발견하지 못합니다!
Gestehn müssen Sie fürwahr,
자백하셔야 합니다 당신은 정말로,
Sehr komisch dieser Irrtum war!
매우 코믹했습니다 이 실수는!
Ja, sehr komisch, hahaha,
그래요, 정말 코믹했지요, 하하하,
Ist die Sache, hahaha.
그것은, 하하하.
Drum verzeihn Sie, hahaha,
그러므로 용서해주세요, 하하하,
Wenn ich lache, hahaha!
내가 웃더라도, 하하하!
Ja, sehr komisch, hahaha
예, 매우 코믹합니다, 하하하
Ist die Sache, hahaha!
그 일은 말이죠, 하하하!
Sehr komisch, Herr Marquis, sind Sie!
매우 코믹하십니다, 후작님, 당신은!

Mit dem Profil im griech’schen Stil
그리스 스타일로 된 프로필과 더불어
Beschenkte mich Natur:
나를 선물하였지요 자연이:
Wenn nicht dies Gesicht schon genügend spricht,
만일 얼굴이 이미 충분히 말하지 않았더라면,
So sehn Sie die Figur!
당신께서 몸매를 보시지요!
Schaun durch die Lorgnette Sie dann, ah,
손잡이 달린 안경을 통해서 보세요, 아,
Sich diese Toilette nur an, ah
이 의상(치장)을 좀 보세요, 아
Mir scheint wohl, die Liebe
나에게 여겨집니다 사랑은
Macht Ihre Augen trübe,
당신의 두 눈을 흐리게 만듭니다,
Der schönen Zofe Bild
아름다운 시녀의 이미지가
Hat ganz Ihr Herz erfüllt!
당신의 마음을 꽉 채웠군요!
Nun sehen Sie sie überall,
이제 도처의 모든 곳을 보세요,
Sehr komisch ist fürwahr der Fall!
매우 코믹해요 정말로 이번 경우!
Ja, sehr komisch, hahaha
그래요, 매우 코믹해요, 하하하
Ist die Sache, hahaha
이 일은, 하하하
Drum verzeihn Sie, hahaha,
그러므로 용서하세요, 하하하,
Wenn ich lache, hahaha!
만일 내가 웃더라도, 하하하!

#JohannStrauss #oferetta #DieFledermaus #오페레타 #성악 #웃음의아리아 #클레프아트홀 #장준영 #박한나",UCULt8hhU-fgFsa9jLx2D8Zw,Violeta Junyoung Chang,2022-12-13T11:20:08Z,218,3.63,False,289,9,1,https://www.youtube.com/watch?v=U3LTR6Lb8go,243,49,PF279227,양산시립합창단 송년음악회: 당신을 위한 노래 Song for you,서양음악(클래식),양산문화예술회관 대공연장,2025-12-04,2025-12-04,,,,none,none,0,False,False,0,no_strong_signal,신호 없음
BUdB8LSb_Nw,[전주시립교향악단] F. Mendelssohn / Lieder ohne Worte Op.62 No.6 ( 무언가 中 봄의 노래 ),"바이올린 / 최영호, 김아름
비올라 / 김병완
첼로 / 김근혜
콘트라베이스 / 김철모
피아노 / 황대준",UCwHrpiUM1KdgWsw6DE0dTZQ,전주시립예술단JEONJU-ART-GROUP,2021-05-07T02:19:24Z,197,3.28,False,744,11,0,https://www.youtube.com/watch?v=BUdB8LSb_Nw,850,159,PF279227,양산시립합창단 송년음악회: 당신을 위한 노래 Song for you,서양음악(클래식),양산문화예술회관 대공연장,2025-12-04,2025-12-04,,,,none,none,0,False,False,0,no_strong_signal,신호 없음
PsCTnfKImWM,천사들의 선물이 도착했어요 🤍 #overtherainbow #서울시소년소녀합창단,"천사들의 선물이 도착했어요 💌

천사들의 합창 아니냐구요? 
서울시소년소녀합창단 단원들이
공연을 앞두고 여러분께 깜짝 힐링 선물을 
주러왔대요 🤍 

단원들이 부른 Over the Rainbow와 함께 
따뜻한 연말을 보내려면 

12월 6일, 
송년음악회 SPECIAL DAY 공연으로 놀러오세요 👧🏻",UC-VVnfNqX0wMSCmJMSNhKMw,서울시합창단 SEOUL METROPOLITAN CHORUS,2022-12-01T10:48:51Z,56,0.93,True,1938,67,2,https://www.youtube.com/watch?v=PsCTnfKImWM,2160,205,PF279227,양산시립합창단 송년음악회: 당신을 위한 노래 Song for you,서양음악(클래식),양산문화예술회관 대공연장,2025-12-04,2025-12-04,,,,none,none,0,False,False,0,no_strong_signal,신호 없음
aHDJj2AwFcU,"윤미래X옥탑방 스피커, 눈물 폭발 시킨 무대 ‘검은 행복’ 《Fantastic Duo》판타스틱 듀오 EP18","Fantastic Duo 판타스틱 듀오 EP18 20160814 SBS

래퍼 윤미래와 옥탑방 스피커는 랩과 플로우로 관객석을 눈물로 물들였다.

'판타스틱 듀오' 응모는 앱스토어에서 [에브리싱]을 검색해주세요.

“Shall we sing a song together?”
What if you can received a love call from the top singers in Korea?

Anyone who has a smart phone can sing duet songs with Korea's top singers in “Fantastic Duo”! Incredible collaboration and Amazing duet performances of singers and their fans starts here.

SBS Mucis Show ‘Singers in My Hands - Fantastic Duo’ to be aired for the first time on April 17 2016 and it aris on every Sunday at 4:50pm.

☞ Visit 'Fantastic Duo' official website and get more information:
http://goo.gl/wWLq8m

☞ Enjoy watching other best clips of 'Fantastic Duo' to follow:
https://goo.gl/CoHNXF",UCmjNKt6kITwaZTqvWuaSPLg,SBS Entertainment,2016-08-14T10:17:59Z,141,2.35,False,1278985,8445,387,https://www.youtube.com/watch?v=aHDJj2AwFcU,7500000,243135,PF279227,양산시립합창단 송년음악회: 당신을 위한 노래 Song for you,서양음악(클래식),양산문화예술회관 대공연장,2025-12-04,2025-12-04,,,,none,none,0,False,False,0,no_strong_signal,신호 없음
2VgTxlnw8ks,Have Yourself A Marry Little Christmas 팝페라가수 고진엽 / 서울시청광장 크리스마스 콘서트,"팝페라가수 고진엽 / 토크와 노래가 있는 고지배인
오랜만에 인사드려요

먼저 2020 새해복많이받으세요!
11월 12월 콘서트 그리고 각 학교 정기공연 지도 등
바삐 살다보니, 몸도 조금 망가져서 회복기 도 거쳐야 했고
여러가지 우여곡절이 많았습니다
그래도 나를 필요로하고 내노래에 반응하고 박수로 화답해주는
관객들이..그리고 모든 손길들이 있었기에 감사하지 않을수없는
연말을 보냈어요~

세종문화회관 크리스마스프롬스 콘서트를 시작해서
라보트 크리스마스 콘서트, 김창옥TV강연, 서울시청 크리스마스 콘서트 등
하나 하나, 심혈을 기울여서 새로운 곡들을 익혀가며 관객들에게
들려드리기도 했지요~ 새해에는 조금씩 컨텐츠도 고민해서
함께 나눌수 있고 또 편안하게 저만의 노래와 이야기들을 들려드릴수 있도록
노력하겠습니다 구독자여러분~ 조금 더 좋은 모습으로 만나요~!

#서울시청공연 #서울광장 #고진엽 #크리스마스콘서트
#HaveYourselfAMarryLittleChristmas #팝페라가수고진엽 #캐롤

좋으셨다면 '좋아요'를 
앞으로도 저의 노래를 계속 보고싶으신 분은
'구독'을 눌러주세요~ ♡

구독하기 👉 
https://www.youtube.com/channel/UC2tXX5C6cse9F8cB6QowAow?view_as=subscriber

고지배인 페이스북 -
https://www.facebook.com/jinyup.koh
고지배인 인스타그램 - 
https://www.instagram.com/jinyupkoh/
고지배인 공식블로그 - 
https://blog.naver.com/laboheme09

@ HNHTV - source",UC2tXX5C6cse9F8cB6QowAow,JinYup,2020-01-07T15:35:19Z,196,3.27,False,170,12,1,https://www.youtube.com/watch?v=2VgTxlnw8ks,416,43,PF279227,양산시립합창단 송년음악회: 당신을 위한 노래 Song for you,서양음악(클래식),양산문화예술회관 대공연장,2025-12-04,2025-12-04,,,,none,none,0,False,False,0,no_strong_signal,신호 없음
0oGgHK4jN74,Besame Mucho / C. Velazquez - 친구여 - 로마 가이드 합창단 정기 연주회,"친구여 - 로마 가이드 합창단 정기 연주회
일시 : 2018년 11월 3일 (토) 오후 19:00
장소 :  로마연합교회 Via Firenze 38 - ROMA

--------------

우리들의 영원한 친구인 고 김한경을 기억하기 위한 
우리가 가진 아름답고도 그리운 추억들을 노래에 담고자 했습니다.
뜻 깊은 자리에 함께 해 주시길 바라며 기쁜 마음으로 초대합니다.

로마 가이드 협회 
회장 정승원 올림

-------------

합장단 명단

지휘 : 김재성 
반주 : 유상희 
테너 1 : 백민수 유종우 이재영 이형석 지세웅 최용준 정찬혁 오일근 최병준 
테너 2 : 박상정 안광영 이성제 이재준 정승원 조성국
베이스 1 : 강덕원 김광년 노시내 신정화 임형민 장재효 전성민 주성우 홍지완
베이스 2 : 김명찬 곽영민 김경배

------------

The Lord’s Prayer / A. Hay Malotte
https://youtu.be/3J9f2XPeOio

The trees of the field (Isaiah55:12) / S. Dauermanm
https://youtu.be/FfYGUfIm6cI

Core ‘ngrato / S. Cardillo
solo 안광영
https://youtu.be/-pCbGnXh1d8

Besame Mucho / C. Velazquez
https://youtu.be/0oGgHK4jN74

Korean Rice Wine Song (막걸리 송) / 탁계석 작사, 안혜정 작곡
https://youtu.be/3oUCsH0kJhM

Ebben? Ne andro` lontana / A. Catalani
solo 박선경
https://youtu.be/4cXBcgjaUwc

This is the moment / F. Wildhorn
https://youtu.be/JNhI64_bA_g

신고산 타령 / 김일권 편곡
https://youtu.be/OedEAPOo99I

연 / 김동현 시, 이원주 곡
solo 이형석
https://youtu.be/09iEH-KOesA

친구여 / 이호준 작곡
https://youtu.be/MCt1l5Ep9Kc

A Thousand Wind (내 영혼 바람되어) / 김효근 시, 곡
https://youtu.be/diwoWYMBbfk

My Way / P. Anka
https://youtu.be/niHiX0DR6ME",UCn8NjGOObyBHV6AITyioLhg,Rome Korean Church로마연합교회,2018-11-17T14:45:27Z,173,2.88,False,304,,0,https://www.youtube.com/watch?v=0oGgHK4jN74,47600,3700,PF279227,양산시립합창단 송년음악회: 당신을 위한 노래 Song for you,서양음악(클래식),양산문화예술회관 대공연장,2025-12-04,2025-12-04,,,,none,none,0,False,False,0,no_strong_signal,신호 없음
a60-oit_aqs,"한국가곡연구회 / 뱃노래(석 호 시, 조두남 곡) - Bar. 남 완","모스틀리 필하모닉 오케스트라와 함께하는 '회복'
한국가곡연구회 제55회 정기연주회

일 시 : 2022년 5월 7일(토) 오후 8시
장 소 : 예술의 전당 IBK챔버홀
주 최 : 한국가곡연구회
주 관 : 현대문화기획
후 원 : 로고스, 삼송의원, 월간 리뷰, 아이티엑스 마케팅, 드림타운, 세종경제신문, 아이뉴스24
연 주 : 모스틀리 필하모닉 오케스트라(지휘 김홍식)
연출, 기획 : 하성림, 김건와


[프로그램]

1부
연리지 사랑(서영순 시, 이안삼 곡) - Sop. 이윤숙, Ten. 이재욱
시절 잃은 세월에(고영복 시, 이안삼 곡) - Bar. 송기창
연(김동현 시, 이원주 곡) - Sop. 박선영
수선화(김동명 시, 김동진 곡) - Sop. 박현옥
여름 보름밤의 서신(한상완 시, 이안삼 곡) - Bar. 김보람
내미는 손 잡아주오(이애리 시, 심순보 곡) - Sop. 임청화
당신 곁에 머물 수 있다면(서영순 시, 김성희 곡) - Bar. 남 완
진달래 꽃(김소월 시, 김동진 곡) - Sop. 박상희
그리운 금강산(한상억 시, 최영섭 곡) - Sop. 정선화
어느 날 내게 사랑이(다 빈 시, 이안삼 곡) - Ten. 이 현
남 촌(김동환 시, 김규환 곡) - Sop. 임청화, 정선화, 이윤숙, 박현옥, 박선영, 박상희

2부
가고파(이은상 시, 김동진 곡) - Bar. 김보람
강 건너 봄이 오듯(송길자 시, 임긍수 곡) - Sop. 박선영
꽃 구름 속에(박두진 시, 이흥렬 곡) - Sop. 박현옥
고풍 의상(조지훈 시, 윤이상 곡) - Sop. 박상희
금빛 날개(전경애 시, 이안삼 곡) - Ten. 이재욱
한 여인의 전설(김생기 시, 정애련 곡) - Sop. 이윤숙
님 마중(이명숙 시, 한성훈 곡) - Bar. 송기창
그대 어디쯤 오고 있을까(김명희 시, 이안삼 곡) - Sop. 정선화
뱃노래(석 호 시, 조두남 곡) - Bar. 남 완
물한리 만추(황여정 시, 이안삼 곡) - Ten. 이 현
삶이 그대를 속일지라도(푸쉬킨 시, 김효근 곡) - Sop. 임청화
어머니의 마음(양주동 시, 이흥렬 곡) - 다함께


사진,영상편집 : 김문기의 포토랜드
HP 010-5273-2309
유투브 채널 : 김문기의 포토랜드
http://blog.daum.net/photokin",UC9mTG7yvizKx21dB8unxzNQ,김문기의 포토랜드 Kim Moon-gi's Photoland,2022-05-11T12:03:11Z,190,3.17,False,234,7,0,https://www.youtube.com/watch?v=a60-oit_aqs,15600,10645,PF279227,양산시립합창단 송년음악회: 당신을 위한 노래 Song for you,서양음악(클래식),양산문화예술회관 대공연장,2025-12-04,2025-12-04,,,,none,none,0,False,False,0,no_strong_signal,신호 없음
iCMHAV34Rds,이안tv초대석 크로스오버가수'구환',오늘 저녁7시에 만나요~,UCrnvNx18LBCfmAVcSRZeDHQ,이안tv,2021-01-08T09:47:50Z,58,0.97,True,1673,177,1,https://www.youtube.com/watch?v=iCMHAV34Rds,121000,3080,PF279227,양산시립합창단 송년음악회: 당신을 위한 노래 Song for you,서양음악(클래식),양산문화예술회관 대공연장,2025-12-04,2025-12-04,,,,none,none,0,False,False,0,no_strong_signal,신호 없음
nIN8Nt6DFXc,"[노래로 중국어 배우기] 잔인한 여자라 나를 욕하지는 마. - 소찬휘 'tears' 중국어로(중국어회화, 중국어 단어, 중국어 문장)","당신의 멈춘 실력을 다시 뛰게한다. 매일매일 꾸준히 긴급구조 119 중국어
★오늘의 표현 보기★

[문장]
잔인한 여자라 나를 욕하지는 마.
不要骂我是个无情的女人。
Bú yào mà wǒ shì ge wúqíng de nǚrén.

[단어]
不要 bú yào …하지 마라
骂 mà 욕하다, 질책하다
无情 wúqíng 무정하다, 잔혹하다

[Tip]
‘~하지 마세요’는 중국어로 ‘不要+동사’로 말합니다.
연인 사이에 잔인하다는 표현은 ‘残忍’보다는 ‘无情’이 훨씬 자연스럽다는거 기억하세요!


▶지난 내용 한 눈에 보기◀ 
https://bit.ly/2Ua6Hnb

▶긴급구조119 중국어 Instagram◀ 
https://bit.ly/2HYOEux

▶윤예람 선생님 Youtube◀ 
http://bitly.kr/tBGnr


#중국어 #중국어공부 #중국어회화 #기초중국어 #생활중국어 #중국어인강 

* 설정 - 품질 - 1080p로 설정하시면 고화질로 즐기실 수 있습니다.
* 본 채널은 다락원 출판사에서 제작 및 운영하고 있습니다.
* 본 영상과 상관없는 내용의 댓글과 비방, 성희롱 댓글은 무통보 삭제됩니다.",UCjnMDMhJgaf3mzV7g7pfXng,"다락원 중국어 회화, HSK, 여행 인강",2020-03-12T15:00:14Z,138,2.3,False,1562,91,17,https://www.youtube.com/watch?v=nIN8Nt6DFXc,25300,1217,PF279227,양산시립합창단 송년음악회: 당신을 위한 노래 Song for you,서양음악(클래식),양산문화예술회관 대공연장,2025-12-04,2025-12-04,,,,none,none,0,False,False,0,no_strong_signal,신호 없음
CGI8FOhGX_c,"""자연에게 길을 묻다""조광기 화백 개인전(옥천군 정인아트 갤러리)",,UC0ja_pLH4WgSv36PTCbdgSA,K-LifeTV(구 동남방송),2022-07-22T09:55:04Z,1877,31.28,False,73,4,0,https://www.youtube.com/watch?v=CGI8FOhGX_c,2790,1160,PF279227,양산시립합창단 송년음악회: 당신을 위한 노래 Song for you,서양음악(클래식),양산문화예술회관 대공연장,2025-12-04,2025-12-04,,,,none,none,0,False,False,0,no_strong_signal,신호 없음
OSQqsRJJRt0,김대식. 알토색소폰연주/ 소찬휘 : 티얼스 (2023.포항시민을위한 7080라이브 콘서트/제4회 솔개뮤직 정기공연),"장소/포항영일대 3번버스킹공연장
2023.8.26",UCyNL7d7hW334U1Sb7cbZMhw,전국트로트가요 .영상감독 김종경,2023-08-29T10:10:12Z,245,4.08,False,236,5,1,https://www.youtube.com/watch?v=OSQqsRJJRt0,25600,8705,PF279227,양산시립합창단 송년음악회: 당신을 위한 노래 Song for you,서양음악(클래식),양산문화예술회관 대공연장,2025-12-04,2025-12-04,,,,mismatch,none,0,False,False,-2,delete_candidate,날짜 불일치(다른 회차 가능성)
yrkFeZg2hnI,북아현장로교회  할렐루야 찬양대 2018년 정기연주회 (2018.09.16),"북아현장로교회 할렐루야찬양대 2018년 정기연주회
 - 2018.09.16 -

지휘: 이상준, 반주: 김경미
솔로: 송민경 

플릇 : 김하경
타악기 : 고동현
나레이터 : 이원진

1. 기쁘게 찬양하라
2. 다윗의 기도
3. 성전을 지어라
4. 말씀에 따라 성전을 건축하다

- Solo 곡 찬양 : 송민경

5. 사모곡
6. 먼저 그 나라와 그 의를 구하라
7. 사랑안에서 참된것을 말해요

- 앵콜곡 : 주 은혜가 나에게 족하네 



-이상-",UCGQSoSdCooqtgtDBgm-AZTQ,SD HAN,2018-09-23T14:41:02Z,2809,46.82,False,585,3,0,https://www.youtube.com/watch?v=yrkFeZg2hnI,13,16,PF279227,양산시립합창단 송년음악회: 당신을 위한 노래 Song for you,서양음악(클래식),양산문화예술회관 대공연장,2025-12-04,2025-12-04,,,,mismatch,none,0,False,False,-2,delete_candidate,날짜 불일치(다른 회차 가능성)
VqX2HP1JTeM,[은혜로다] 비브라폰 신은혜와 함께했스웡크!,"안녕하세요! 스웡크입니다.
이번 영상은 비브라폰! 신은혜님의 연주입니다.
다른 영상에서도 함께 해주셨는데요! 이번 영상도 멋지게 연주해주셨어요.
역시 비브라폰의 매력적인 소리가 너무 좋네요^^",UCqz5gpTVlIoZqXv-GWtJQCw,Swunk스웡크,2020-04-06T22:45:00Z,202,3.37,False,80,3,0,https://www.youtube.com/watch?v=VqX2HP1JTeM,67,30,PF279227,양산시립합창단 송년음악회: 당신을 위한 노래 Song for you,서양음악(클래식),양산문화예술회관 대공연장,2025-12-04,2025-12-04,,,,none,none,0,False,False,0,no_strong_signal,신호 없음
-N7WvlL11SI,"'비요일의 꽃비' 마산비비추합창단 창단연주회 (지휘 정명기,피아노 김미정)마산 3.15아트센터대극장  2022. 07. 02",,UC0g-u2J2AA4YXu-x5R2vcAw,Michael Jeong,2022-07-15T15:50:56Z,200,3.33,False,744,17,0,https://www.youtube.com/watch?v=-N7WvlL11SI,132,113,PF279227,양산시립합창단 송년음악회: 당신을 위한 노래 Song for you,서양음악(클래식),양산문화예술회관 대공연장,2025-12-04,2025-12-04,,,,none,none,0,False,False,0,no_strong_signal,신호 없음
Em1BvTMO2PU,창원시립합창단 해피콰이어나이트 리허설,"창원시립합창단 기획공연 해피콰이어나이트
Changwon City Choral 'Happy Choir Night' 
2019.09.05.(Thu) 315아트센터 대극장 
Sep. 5. 2019. 315ArtsCenter, Grand Theater

지휘: 공기태 예술감독 및 상임지휘자
Conductor: Keetae Kong, Artistic Director
특별출연: 테너 하석배, 창원시마산여성합창단

오페라, 민요, 세계현대합창곡, 가요, 팝송 
행복의 노래가 함께 하는 밤!",UCd6crvtNGmXMCFAD2ACxfpA,창원시립예술단,2019-08-30T04:46:48Z,63,1.05,False,2352,9,1,https://www.youtube.com/watch?v=Em1BvTMO2PU,1470,174,PF279227,양산시립합창단 송년음악회: 당신을 위한 노래 Song for you,서양음악(클래식),양산문화예술회관 대공연장,2025-12-04,2025-12-04,,,,mismatch,none,0,False,False,-2,delete_candidate,날짜 불일치(다른 회차 가능성)
ZMEhhyAF15E,파주시립합창단 - 푸르른 날 (원곡:송창식),"2021년 10월23일 토요일 임진각 평화누리공원 야외공연장
2021 파주포크페스티벌 Opening 
파주시립합창단 - 푸르른 날

#파주합창단 #파주포크페스티벌 
#송창식 #푸르른날
#합창버전",UCSt_2g2V_vgdbWtq4fXN2xQ,오르막TV Ormakcompany Popera,2021-10-24T08:57:15Z,235,3.92,False,875,4,0,https://www.youtube.com/watch?v=ZMEhhyAF15E,254,199,PF279227,양산시립합창단 송년음악회: 당신을 위한 노래 Song for you,서양음악(클래식),양산문화예술회관 대공연장,2025-12-04,2025-12-04,,,,none,none,0,False,False,0,no_strong_signal,신호 없음
ul22TjM0Mts,"카메라타전남 '2020 송년음악회' 가야금과 오케스트라를 위한 ""귀향"" (2020)","김진수
가야금과 오케스트라를 위한 ""귀향"" (2020)  가야금 최 진",UCgpEcb8xQta-cJ3EIMQ0dRg,카메라타전남,2021-01-28T11:15:54Z,950,15.83,False,120,0,0,https://www.youtube.com/watch?v=ul22TjM0Mts,27,15,PF279227,양산시립합창단 송년음악회: 당신을 위한 노래 Song for you,서양음악(클래식),양산문화예술회관 대공연장,2025-12-04,2025-12-04,,,,none,none,0,False,False,0,no_strong_signal,신호 없음
iBqSmGinjOs,유쾌한 성악교실 하이라이트 I 성악발성 I 발성법 I 호흡법 I 베이스 유정현,"#발성법 #호흡법 #베이스유정현 #유쾌한성악교실

성악가이자 하우스 콘서트 전문 기획자인 유정현은 서울예고와 서울대학교 음악대학 성악과를 졸업하였다. 극동방송 FM ""질그릇에 담긴 사랑""과 “유정현의 내 영혼의 클래식” 라디오 DJ로 지난 2003년부터 2016년 4월까지 장수 프로그램으로 큰 사랑받았으며, 문화 예술인 공동체 라이프트리와 함께 우울증 치유음악회인 “헤덴의 생명나무 음악회”를 매달 기획하여 17회에 걸쳐 공연한 바 있다. 부암동 하우스 콘서트의 'Art For Life'의 공연 사회를 비롯 다양한 클래식 음악회에 진행자로 활동하고 있으며, 스토리 텔링이 있는 하우스 콘서트 전문 기획사인 드림라이프 대표로 회사, 학교, 재래시장, 병원, 국가 행사등에 초청되어 콘서트를 선물하는 일을 하고 있다. 또한 인천시 교육청과 서울대학교 청소년 교양센터와 함께 만든 '인문학 상상여행' 교과서 음악부분 집필자로 참여했으며, 중,고등학교와 서울시 교육연수원, 경기도 교육연수원, 각 지역 교육지원청등을 돌며 강의와 클래식 콘서트가 함께하는 특강 강사로도 활약 중이다. 2009년 3월 세계적인 비올라 연주자인 리처드 용재오닐의 독주회에(서울, 부산) 사회를 맡아 호평을 받은 바 있으며, 2010년 2월에는 팔다리가 없는 호주의 젊은 청년 행복 전도사 닉 부이치치 부산 집회 MC로 활약한 바 있다. 그는 현재 ""유정현과 함께하는 클래식 힐링 콘서트""를 통하여 라디오 공개방송과 같은 형식의 공연을 이끌고 있다. 또한 매달 2번씩 전교생 50명 미만의 작은 중,고등학교를 찾아가서 음악회를 만들어주는 ‘[드림피플] 300 후원, 찾아가는 학교 콘서트’로 문화소외계층을 대상으로 콘서트를 선물하고 있다.  


드림라이프 유정현 대표 프로필 

- 서울 예술고등학교 졸업
- 서울대학교 음악대학 성악과 졸업
-  유튜브 채널 '마이크 잡스 TV' 크리에이터 
-  서울모테트합창단 홍보이사 
-  서울시 교육청 협력종합예술 자문위원 
-  극동방송 FM ""질그릇에 담긴 사랑"" 라디오 DJ 
-  극동방송 FM ""유정현의 내 영혼의 클래식"" 라디오 진행 (매일 밤10시-11시)
-  극동방송 인터넷 방송 ""믿음의 기업"" MC 진행
-  CBS 이의용의 크리스천 매거진 ""명성가 해설"" 게스트 진행
- CBS JOY4U - 송정미의 축복송 객원 DJ (2020.12.21-2021.1.3)
- 부암동 하우스 콘서트 Art For Life 음악감독 역임

- 문화 예술인 모임 '라이프트리' 대표 역임
- 우울증 치유음악회인 '헤덴의 생명나무 음악회' 17회 공연 

- 부암동 하우스 콘서트의 'Art For LIfe'의 공연 사회를 비롯 다양한 클래식 음악회에 사회
- 2009년 3월 세계적인 비올라 연주자인 '리처드 용재오닐'의 독주회에(서울, 부산) MC 
- 2010년 2월 25일 행복 전도사 '닉부이치치' 부산 집회 MC

​- '경기도 교육연수원' 드림라이프 인문학 강연 콘서트 22회 초청 
- 인천시 교육청, 경기도 교육연수원, 경기도 평화교육연수원, 평생교육학습관, 율곡연수원, 서울시 교육연수원등에서 '인문학 상상여행' 드림라이프 콘서트로 호평받음  

- 서울 특별시 교육청, 강서양천교육지원청, 성북강북교육지원청, 중부교육지원청, 남부교육지원청, 동작관악교육지원청, 강동송파교육지원청, 서부교육지원청, 성남교육지원청, 이천교육청, 양평교육청, 한국표준협회등에서 '인문학 상상여행 강연 콘서트' 
​
- DB생명인재개발원, 현대산업개발, (주) 필룩스, (주) 코맥스, (주)인포뱅크, 한국 쉘 석유, (주) 이노레드, (주) 제이시스, 현대유비스병원, 한국표준협회, 명품CEO, 헬로키티 제주 아일랜드 녹십자 재단, (주) 한만두, 월간 'CEO&', 동부생명 등 직원들을 위한 기업 연수공연, 대한혈액학회국제학술대회 2018 ksh international conference & 59th annual meeting 강연 콘서트, 벤처리더스 클럽, 서울대 의대 총동문회 송년음악회등 다수  

​- 서울시 오페라단 오픈렉쳐 강연 : 오페라 '투란도트'. '모차르트와 살리에리', '아말과 동방박사들', '노처녀와 도둑들'  

​- YTN 라디오 '당신의 전성기' 출연 - 찾아가는 콘서트 

​

#마이크잡스 #유정현 #스마트명함 #디지털명함 #드림라이프 #DreamLifeClassic #공연기획 #인문학강연 #인문학상상여행 #성악가 #인문학강연 #하우스콘서트 #찿아가는콘서트 #기업강연 

​",UClnqgl30ISSltzRrIzjhEhw,마이크 잡스 TV,2021-12-12T03:07:57Z,496,8.27,False,1337,31,5,https://www.youtube.com/watch?v=iBqSmGinjOs,11200,1476,PF279227,양산시립합창단 송년음악회: 당신을 위한 노래 Song for you,서양음악(클래식),양산문화예술회관 대공연장,2025-12-04,2025-12-04,,,,mismatch,none,0,False,False,-2,delete_candidate,날짜 불일치(다른 회차 가능성)
QQxNG9FWOkA,💐KBS열린음악회 ~ 김천시립합창단 (Do You Hear The People Sing) 테너 류정필(You Are My Destiny) 서제이 (You raise me up),설명,UCjOr_qs80bKtCtN_h0CQW7A,힐링방송 짱,2020-02-14T18:05:49Z,623,10.38,False,93,24,0,https://www.youtube.com/watch?v=QQxNG9FWOkA,40600,2511,PF279227,양산시립합창단 송년음악회: 당신을 위한 노래 Song for you,서양음악(클래식),양산문화예술회관 대공연장,2025-12-04,2025-12-04,,,,none,none,0,False,False,0,no_strong_signal,신호 없음
o4zzdaK8QLM,"갈라콘서트 1 ~ 송년음악회,  #이필모 #최정원 #정영주#박완 #박소연  캐롤송!",2019년 12월 연말 콘서트~ 앵콜송 #크리스마스에는축복을....!!,UCuv23hQxv_6YrpovxYqxK9A,마리안 - life style,2020-01-03T06:56:55Z,114,1.9,False,954,8,0,https://www.youtube.com/watch?v=o4zzdaK8QLM,53,12,PF279227,양산시립합창단 송년음악회: 당신을 위한 노래 Song for you,서양음악(클래식),양산문화예술회관 대공연장,2025-12-04,2025-12-04,,,,none,none,0,False,False,0,no_strong_signal,신호 없음
lHNMYVFXM3U,SPACE NAMU 제71회 신년독창회,"스페이스나무 제71회 신년독창회
소프라노 전지영",UCzLemvqOWulCC6JwAu_xr7Q,스페이스나무,2023-02-16T02:32:40Z,52,0.87,True,157,3,0,https://www.youtube.com/watch?v=lHNMYVFXM3U,73,48,PF279227,양산시립합창단 송년음악회: 당신을 위한 노래 Song for you,서양음악(클래식),양산문화예술회관 대공연장,2025-12-04,2025-12-04,,,,none,none,0,False,False,0,no_strong_signal,신호 없음
q0KPpKIhfMk,2022. 가을 롯데콘서트홀 가곡콘서트. 유채훈 리더님 깜짝 생일 축하,,UCPGu3gx_IeVDN_9KqbFtRDQ,뱅그리,2023-05-16T12:11:51Z,128,2.13,False,159,9,0,https://www.youtube.com/watch?v=q0KPpKIhfMk,313,72,PF279227,양산시립합창단 송년음악회: 당신을 위한 노래 Song for you,서양음악(클래식),양산문화예술회관 대공연장,2025-12-04,2025-12-04,,,,none,none,0,False,False,0,no_strong_signal,신호 없음
eoDpQGDhjCI,Ten. 하만택 교수...Dein is mein ganzes herz(F. Lehar Operetta ‘미소의 나라‘ 중) / 벨라비타 성악 오페라 최고위과정 7기 졸업공연,"★ Dein is mein ganzes herz
    (그대는 나의 모든 것, F. Lehar Operetta ‘미소의 나라‘ 중)
----------------------------------------------------------------------------------------
아름다운 노래, 아름다운 인생
최고의 음악향연
벨라비타 성악 오페라 최고위과정 7기 졸업공연
일시 : 2022. 12. 13(화) 19:00 - 21:00
장소 : 벨라비타 컨벤션
사회 : 손영미 홍보이사, 지진호 공연이사
초청성악가 : 테너 하만택 주임교수, 소프라노 김미주 지도교수
반주 : Pf. 박주미, 코리아 아르츠 앙상블(지휘 하만택)",UCORd3vWeDVUvTwUf0nJ2Lbg,벨라비타TV,2022-12-16T16:37:09Z,307,5.12,False,132,5,0,https://www.youtube.com/watch?v=eoDpQGDhjCI,3730,2273,PF279227,양산시립합창단 송년음악회: 당신을 위한 노래 Song for you,서양음악(클래식),양산문화예술회관 대공연장,2025-12-04,2025-12-04,,,,none,none,0,False,False,0,no_strong_signal,신호 없음
c--EexN_ec0,Can't take my eyes off you (팝페라가수  주니최) 아르스오케스트라,,UCnXadXMwFSctHXjaWheRlgw,아르스프로덕션& 아르스오케스트라,2017-07-21T13:41:42Z,217,3.62,False,252,5,0,https://www.youtube.com/watch?v=c--EexN_ec0,502,200,PF279227,양산시립합창단 송년음악회: 당신을 위한 노래 Song for you,서양음악(클래식),양산문화예술회관 대공연장,2025-12-04,2025-12-04,,,,none,none,0,False,False,0,no_strong_signal,신호 없음
qJwO-KgXjoo,191225_포르테디콰트로 - Notte di luce (손태진 FOCUS),"191225_포르테디콰트로 - Notte di luce (손태진 FOCUS) @3집 발매기념콘서트 아르모니아 성남

카페로 원본, 링크 이동 금지",UCx5AoTQDpgqUqcjvi4VnFmQ,솜틀집,2019-12-26T13:27:41Z,245,4.08,False,435,12,0,https://www.youtube.com/watch?v=qJwO-KgXjoo,5410,912,PF279227,양산시립합창단 송년음악회: 당신을 위한 노래 Song for you,서양음악(클래식),양산문화예술회관 대공연장,2025-12-04,2025-12-04,,,,none,none,0,False,False,0,no_strong_signal,신호 없음
anShvJYJNtU,Song to the Moon / Rusalka / A.Dvorak / Direttore Matteo Y. H Lee / Sop. 신지화 / 충청예술원 창단 2022 신년음악회,"Song to the Moon / Rusalka - A.Dvorak
오페라 ‘루살카’ 중 ‘달에게 부치는 노래

지휘 이영화 Maestro Matteo Y.H Lee
소프라노 신지화(이화여대 교수)

사)충청예술원 창단 2022 신년음악회
2022년 1월 21일 천안시청 봉서홀
뉴서울필하모닉오케스트라

사단법인 충청예술원(대표 김은주)


음향 드림쉐어
영상 멋진곰돌이
관리 분소견
감독 파열인대",UC3YJf1m7jRuP3at7YVtA3QQ,이영화의 음악세계,2022-02-13T13:33:26Z,384,6.4,False,1950,39,3,https://www.youtube.com/watch?v=anShvJYJNtU,2560,303,PF279227,양산시립합창단 송년음악회: 당신을 위한 노래 Song for you,서양음악(클래식),양산문화예술회관 대공연장,2025-12-04,2025-12-04,,,,none,none,0,False,False,0,no_strong_signal,신호 없음
5Uu8QFm1kLI,1  Eres tu,"안성시민연대 스마트합창단
공연",UCB1lrlCeerirrFoRPPDkdaQ,이명섭,2021-09-18T09:57:22Z,285,4.75,False,75,3,0,https://www.youtube.com/watch?v=5Uu8QFm1kLI,29,229,PF279227,양산시립합창단 송년음악회: 당신을 위한 노래 Song for you,서양음악(클래식),양산문화예술회관 대공연장,2025-12-04,2025-12-04,,,,none,none,0,False,False,0,no_strong_signal,신호 없음
YqPos9T5tk8,색소폰 앙상블(임일용 지휘 外40명) - Tears(티얼스)/소찬휘(창원시 주최 2022년 수요 음악회/아마빌레 색소폰 앙상블/부산 나누리 색소폰 앙상블) 진해루 야외무대에서,,UC1LbUYL-YYmmhtNSpZZVXPg,동네방네 색소폰(박태박1),2022-07-16T10:01:54Z,270,4.5,False,1452,26,3,https://www.youtube.com/watch?v=YqPos9T5tk8,41600,10669,PF279227,양산시립합창단 송년음악회: 당신을 위한 노래 Song for you,서양음악(클래식),양산문화예술회관 대공연장,2025-12-04,2025-12-04,,,,none,none,0,False,False,0,no_strong_signal,신호 없음
VQDkfx1_xfE,금촌/파주요양원/가수/향미/초청공연/고장난벽시계(나훈아)원곡/도련님,"금촌/파주요양원/가수/향미/초청공연
고장난벽시계(나훈아)원곡/도련님(문연주)원곡",UC8EUKQk600ZDEtmreTWgr5Q,양성현,2023-02-11T03:01:09Z,391,6.52,False,331,4,1,https://www.youtube.com/watch?v=VQDkfx1_xfE,372,478,PF279227,양산시립합창단 송년음악회: 당신을 위한 노래 Song for you,서양음악(클래식),양산문화예술회관 대공연장,2025-12-04,2025-12-04,,,,none,none,0,False,False,0,no_strong_signal,신호 없음
lQSjq6vCZ3o,Kim Yeon-Jun | Kneel before God | 김연준 | 신 앞에 무릎 꿇고,"✅ 연주 정보

 ▶ 연주자
     지휘 Conductor | 박은성 Park Eun-Sung
     연주 Players | 한양대학교 음악대학 합창단, 한앙대학교 음악대학 오케스트라 
     테너 Tenor | 이원준 Lee Won-Jun
 
▶ 프로그램
     Kim Yeon-Jun | Kneel before God
     김연준 | 신 앞에 무릎 꿇고

✅ 구독 | 좋아요 | 알림  설정하시면 
       모든 최신 클래식 공연을 즐기실 수 있습니다!

✅ 24시간 클래식 공연 라이브
      Classic itself! ❤ ARTE TV!
      클래식 음악은 '아르떼 티비'에서!

✅ ARTE TV | SNS 채널 안내
👉 Homepage 홈페이지 (ON-AIR 방송 편성 시간표 게시)
      http://www.arte.co.kr/
👉 News & Magazine 뉴스 앤 매거진 
      http://www.artenews.co.kr/
👉 YOUTUBE 유튜브 
      https://www.youtube.com/user/TheArteTV
👉 NaverTV 네이버TV
      https://tv.naver.com/artetv
👉 Instargram 인스타그램
      https://instagram.com/ch.artetv
👉 Facebook 페이스북
      https://www.facebook.com/arte.co.kr/

✅  ARTE TV는 전국 8백만 가구를 대상으로 다양한 문화 예술 콘텐츠를 방송하고 있습니다. 많은 관심과 시청 바랍니다.

👉 TV 채널 번호  
       Sky life(Ch143)
       KT ollehTV(Ch140) 
       SK Btv(Ch234) 
       LG U+TV(Ch230)
       CJ 헬로비전(Ch180)
       D' live(Ch140)
       T broad(Ch236)
       HCN(Ch226)
       CMB(대전 59-2) 외

✅ ARTE TV는 사업, 공연, 전시, 콘텐츠, 온라인, 모바일 등 외부 단체와 다양한 형태의 제휴가 가능합니다. 연주 단체나 아티스트가 본인의 공연을 방송하시기 희망하시는 경우, 아르떼 홀에서 직접 공연하거나 외부 공연을 중계차로 녹화 또는 생중계 방송으로 제작하여 송출해드립니다.

👉 Contact us  |  출연 및 제작 제휴 문의 방법
      T : +82 2-849-3366 (Seoul, Korea) 
      E : hi@arte.co.kr",UCPglj7zGwmOlH8_31Tpgh8Q,한경arteTV,2022-01-05T08:06:42Z,222,3.7,False,234,3,0,https://www.youtube.com/watch?v=lQSjq6vCZ3o,116000,3896,PF279227,양산시립합창단 송년음악회: 당신을 위한 노래 Song for you,서양음악(클래식),양산문화예술회관 대공연장,2025-12-04,2025-12-04,,,,none,none,0,False,False,0,no_strong_signal,신호 없음
Ce8OkEw6gHk,"""창밖에는 비오고요"" Live 송창식 45년 만에 ""여정의 창백한 얼굴"" 마주보며 최선을 다해 ""여정 송"" (Song of Yuh-jung) 을 부른다. 송창식은 좋은가수","#윤여정송 #YuhjungSong #창밖에는 #윤여정 #송창식
""창밖에는 비오고요"" Live
가슴이 따뜻한 송창식, 45년 만에 ""여정의 창백한 얼굴"" 마주보며 최선을 다해 ""여정 송"" (Song of Yuh-jung) 을 다시 부른다. 
어린시절의 열악한 환경을 딛고 깊고 푸른 노랫말을 쓰고 탁월한 음악을 만들고 직접 온몸으로 노래하는 송창식은 가슴이 넓고 품성이 좋은 우리시대의 진정한 가객 입니다.",UChw5sj_j0d0GWAzTUrf4hHw,KBox Music,2021-06-10T04:40:17Z,200,3.33,False,2619542,18530,1030,https://www.youtube.com/watch?v=Ce8OkEw6gHk,86100,136,PF279227,양산시립합창단 송년음악회: 당신을 위한 노래 Song for you,서양음악(클래식),양산문화예술회관 대공연장,2025-12-04,2025-12-04,,,,none,none,0,False,False,0,no_strong_signal,신호 없음
1uk5WaCBdFA,[앵앵콜] 이희문 '지화자 좋아' (임을 그려 애태우다가~) ㅣ안성맞춤아트홀 (250222),"💜2025 이희문프로젝트 오방신과 - 스팽글
안성맞춤아트홀 대극장
2025. 02. 22. (토) 17:00",UCo4FQCPMo2fU0Edv09LChhg,bene,2025-02-23T07:57:05Z,59,0.98,True,3109,149,12,https://www.youtube.com/watch?v=1uk5WaCBdFA,4600,213,PF257791,이희문 프로젝트: 오방신과 스팽글 [안성],한국음악(국악),안성맞춤아트홀 대공연장,2025-02-22,2025-02-22,,,,none,match,0,False,False,2,no_strong_signal,장소 일치
SEQ-bw_keUs,2022 평화의나무합창단 기획공연 - 03. 노랑,"======================================
2022 평화의나무합창단 기획공연 ""모두 다 꽃이야""
: 그림책낭독과 합창의 콜라보레이션

03. 노랑 (오봉옥 시, 이범준 작곡)

- 일시 : 2022년 12월 10일(토)
- 장소 : 구로아트밸리 예술극장
- 지휘 : 이현관
- 피아노 반주 : 정미혜
======================================

- 평화의나무합창단 공식 카페 
http://cafe.naver.com/peacetree

- 평화의나무합창단 페이스북
www.facebook.com/peacetree0",UCVv2oLNXUQDuffxDIiIX2Ew,평화의나무합창단,2022-12-28T02:37:49Z,264,4.4,False,325,17,0,https://www.youtube.com/watch?v=SEQ-bw_keUs,578,239,PF264102,"제3회 당진시충남합창단 기획연주회, 가정의 달 기념 가족음악회: 그대에게",서양음악(클래식),당진문예의전당 대공연장,2025-05-13,2025-05-13,,,,none,none,0,False,False,0,no_strong_signal,신호 없음
