video_id,comment_id,author,text,like_count,published_at
lPo5oZLrxN4,UgyjHRadFnfamip3qeN4AaABAg,@이보늬,선생님 🎀✨ 청출어람했사와요!,32,2026-07-05T08:04:56Z
lPo5oZLrxN4,UgwJzwFk6SkbK10iqKl4AaABAg,@수르릅,평소에 인싸픽 애니도 좀 봐야겠다 다짐한 로제타면 개추 ㅋㅋ,19,2026-07-05T03:01:50Z
lPo5oZLrxN4,Ugyc750Rxne15m4Cd614AaABAg,@SoSeoLy,이야 포켓몬 기술 내용도 알아야 하는 초고난이도 문제인데 이걸 또 맞추는 분이 있는 게 대단함 ㅎㅎㅎㅎ,2,2026-07-05T03:07:54Z
lPo5oZLrxN4,UgzBX74ktGqlaFxztxt4AaABAg,@darkdeep9116,"포켓몬이 30주년이란 이야기는
30년간 이 게임을 파먹은 사람이 있다는 이야기다
난 이 이야기를 무척 좋아한다",2,2026-07-05T03:52:51Z
lPo5oZLrxN4,UgzLe4TP1Ov9durHZHJ4AaABAg,@바삭바삭한돈까스빌런,"쉬운건 또 바로바로 생각나는데 어려운건 도저히 생각이 안나네요
재밌다 이거!!",0,2026-07-05T03:16:00Z
lPo5oZLrxN4,UgwFBZxVI0dgdF2qea14AaABAg,@inhj864,와우 막상막하 ㅋㅋㅋㅋㅋ,1,2026-07-05T04:00:37Z
lPo5oZLrxN4,UgzacWT1AX09OIs0V554AaABAg,@Kevin-ps9yf,고인물 퀴즈 ㄷㄷㄷㄷ,0,2026-07-05T04:56:04Z
lPo5oZLrxN4,Ugw8b-UYA8Bd2KasKZt4AaABAg,@토마토메기,재미있는 퀴즈시간~,0,2026-07-05T03:32:28Z
lPo5oZLrxN4,Ugyc-fkFYuFxIVkyfWZ4AaABAg,@최은철-e8p,사스케 아이젠은 진짜 헷갈렸다,0,2026-07-07T03:34:19Z
lPo5oZLrxN4,UgwmE_HihAlDymiIY-p4AaABAg,@EnjoymyBeats,이것이 바로 자강두천,0,2026-07-05T04:07:26Z
lPo5oZLrxN4,Ugyt7Hsin8piySRfHzh4AaABAg,@얼음덩이_소금절임,아냐에 싸이코키네시스 넣으면 되지 않았을까 하는 의문이,0,2026-07-07T12:17:14Z
lPo5oZLrxN4,UgyJrKS9JYXC8oZEYNx4AaABAg,@jongChyanny,와 알듯말듯 어렵네😮,0,2026-07-05T03:36:26Z
lPo5oZLrxN4,UgxtjWFdPqpAKs-jAAt4AaABAg,@shg1123,포켓몬 어렵네~ ㅋㅋ,0,2026-07-05T10:26:21Z
lPo5oZLrxN4,Ugw8KycQC2pfZhmVo0B4AaABAg,@넬슈아,생각보다 어렵네,0,2026-07-05T03:01:05Z
lPo5oZLrxN4,UgzEKdZEqpnQyVkw0Qx4AaABAg,@SoSeoLy,"뭔 대한민국 최대 공당이 전당대회 하는데 대회 전에 룰도 제대로 합의 안 하고 시작하나...
규칙이 정해져 있다면 거부하는 사람이 잘못이고
규칙이 정해지지 않았다면 대표 후보들은 모두 입 다무시고 전당대회 운영위에서 규칙 정하고 하세요.
진짜 짜쳐가지고...",0,2026-07-09T06:18:15Z
0ZvfGQVCDjk,UgwIZ9NLHZi3_kUP1LZ4AaABAg,@이좀비-o3l,힝.... 트릭컬... 빨리... 올려줘요...ㅠㅠ,12,2026-07-04T03:45:40Z
0ZvfGQVCDjk,UgxOUqNG_emOq7H2Nlt4AaABAg,@수르릅,0:40 시작부터 볼평 뭡니까,21,2026-07-04T02:15:58Z
0ZvfGQVCDjk,UgzMaNiqkvm1slBA7gd4AaABAg,@jamal-ri3lr,"요정은 귀여운 종족이 맞다
이번 사도 너무 귀여움",2,2026-07-05T02:26:18Z
0ZvfGQVCDjk,UgwYFHTrao6P0XltNXJ4AaABAg,@스위티베놈,"동종 수녀? 만나서 신난 수녀님
1:27 ??????!",7,2026-07-04T02:26:30Z
0ZvfGQVCDjk,Ugxg7K83BNgsRdhX_Ch4AaABAg,@toxiapoison,셀 수도 없는 시간동안 숙성된 사제장님의 향기... 어흐,2,2026-07-04T07:17:49Z
0ZvfGQVCDjk,UgyAHbpDfLIFYEDtpJN4AaABAg,@이유튭-f1l,스토리 볼때마다 로제타 님하구 같이 보다보니 교주의 대사가 수녀님 목소리로 상시로 더빙되어있어요 ㅋㅋㅋ,1,2026-07-04T05:52:13Z
0ZvfGQVCDjk,UgxNrRB2t0f2EJusFPt4AaABAg,@자극적인귀여움,수녀님의 볼평은 따라 잡을수가 없네,1,2026-07-04T04:24:35Z
0ZvfGQVCDjk,Ugy0UScXzd9v8cDz8xR4AaABAg,@에푸킬라,정신차려라 사제장! 네 직위에 책임감을 다시 한 번 느껴라!,0,2026-07-05T23:26:58Z
0ZvfGQVCDjk,UgxCNq_eXZMhPkVWZNF4AaABAg,@eveetv9663,스키아를 들어서 와라라라라랅,2,2026-07-04T02:17:12Z
0ZvfGQVCDjk,UgznZ1R4r1-F-89hj-h4AaABAg,@Leki3788,26:47 캬롯이 버릇없이 찌르니까 네르 바로 참교육 시전하고 스키아가 놀라고. 진짜 연출 많이 늘었다,0,2026-07-04T21:55:37Z
0ZvfGQVCDjk,UgzwHlITqEG-qxNv8Tl4AaABAg,@doha783,"제일 놀란 점
스포일러)






죠안은 진짜 소녀였음...",0,2026-07-05T18:53:43Z
0ZvfGQVCDjk,UgwcLbUVLSYecuaO-nl4AaABAg,@수마이-h9t,43:02 엘드르: 미미는 퍼리가 아닙니다,1,2026-07-04T06:38:09Z
0ZvfGQVCDjk,Ugx1L5JQ_uSwS7K4kfR4AaABAg,@익명임-v6v,"겨울이가 죠안을 선택해야했던 이유는 죠안말고는 없었을까요?
아니면 와 나랑 머리색이랑 눈색이 똑같아",3,2026-07-04T02:55:54Z
0ZvfGQVCDjk,UgzWeiM4kLZ4tKl5lzR4AaABAg,@세나미-r2i,죠안 너무 좋다,0,2026-07-04T03:55:36Z
0ZvfGQVCDjk,Ugz-P2wczEsAWvOexHV4AaABAg,@JWLee-qp7sq,"이번 테극을 보고 느낀점






교주야 주농 함 다녀오자 ㅎㅎ",0,2026-07-05T15:40:27Z
0ZvfGQVCDjk,Ugwgj_ubBgogr6R2xVt4AaABAg,@데굴데굴정리코,제 사정도 컨트롤 해 주세요 요정님,0,2026-07-04T03:26:21Z
0ZvfGQVCDjk,UgzpojOD8sQJ2M5bMNl4AaABAg,@오젤-w3g,"수녀님, 제가 당신을 보기위해 다른 영상을 안보고 금식했다면 믿으시겠습니까?",0,2026-07-04T04:34:27Z
0ZvfGQVCDjk,UgwBMUJruw-3UUJB9HV4AaABAg,@cockrosquito,스키아는 사도스가 본체긴 한데..,0,2026-07-04T12:42:35Z
0ZvfGQVCDjk,UgwuqQ3VTOi3sF4J8ip4AaABAg,@Haed1Monster,1:29:40 반짝 ㅋㅋㅋㅋㅋㅋㅋㅋㅋㅋㅋㅋㅋㅋㅋ,0,2026-07-05T02:07:34Z
0ZvfGQVCDjk,UgzUh5gWT2lcVipMtpR4AaABAg,@JShappypoet,그...어디로 보내면 됩니까,2,2026-07-04T02:20:35Z
0ZvfGQVCDjk,Ugx508NUwHz6QXekkUh4AaABAg,@넬슈아,스키아디자인 너무 어흐어흐 하다,0,2026-07-04T02:15:03Z
0ZvfGQVCDjk,UgxpW-qFaXnsj5CCmGZ4AaABAg,@솔-w2q,수녀님 이번 사복스는 생략인가요,1,2026-07-04T02:15:48Z
0ZvfGQVCDjk,UgxHEfwj_dgU0gBLASZ4AaABAg,@JIGU-,스키아 스키야 다이스키 ㅋㅋㅋㅋㅋ,0,2026-07-05T02:29:25Z
OanjrupYLwc,UgzfBILo5a6czvwC-Kp4AaABAg,@R.Rosetta_FULL,스포일러가 될 수 있는 특정 캐릭터 이야기는 엔터 마구 눌러서 더보기 누를 수 있게 해주세요!,16,2026-06-12T05:35:22Z
OanjrupYLwc,UgwPETpTHoXHvsofLkV4AaABAg,@루포-p6t,"17:50




마누라......마누라 일어나.....우리 딸래미 100점 맞았데....응?....맛있는것도 사왔어...",2,2026-06-15T11:27:45Z
OanjrupYLwc,UgxIKn1XEt0_y1org0l4AaABAg,@eveetv9663,???: 더이상 신캐가 나오지 않도록 트릭컬을 섭종시킬 것이다!!,29,2026-06-12T05:04:33Z
OanjrupYLwc,Ugz6IvW4zhbyi_lORzJ4AaABAg,@익명임-v6v,최초의 인간에게 죽음의 개념을 들었을때 탄생한 녀석인가,5,2026-06-12T06:22:55Z
OanjrupYLwc,UgzslK-wbdlkUuBH_Xh4AaABAg,@오젤-w3g,그다음 챕터가 진짜 최곤데... 언제쯤 나오려나...,0,2026-06-21T12:29:58Z
OanjrupYLwc,Ugwyb67PzC42Wt98cpR4AaABAg,@inseok1,버터에 이어서 신규사도를  없애 버릴려는 애가  또나왔어,3,2026-06-12T21:33:30Z
OanjrupYLwc,UgzU0RHZxCY8FYoD9hp4AaABAg,@히나정실,"엘다인 3인방인데 고작 엘프따위한테 진다니 
세계수가 사도 세자 한 이유가 있었구나",3,2026-06-12T08:52:27Z
OanjrupYLwc,Ugy2pDNjdqYrWOXpoT94AaABAg,@homword,시작하자마자 엘레나 공주님 등장하는거 개웃기네 ㅋㅋㅋㅋㅋㅋ,1,2026-06-13T20:35:30Z
OanjrupYLwc,UgyxOPnL4Z64I-9FdHZ4AaABAg,@파고-p9w,그 브금...........,2,2026-06-15T13:14:45Z
OanjrupYLwc,UgzFNFbC3s90iOnrR8F4AaABAg,@이호중-m6q,이러고 다음주에 바로 이어지는거야,0,2026-06-12T08:15:59Z
OanjrupYLwc,UgzdYrEEpNKTaI2cTfd4AaABAg,@넬슈아,주농이 너무 무섭다 ㄷㄷㄷ,1,2026-06-12T04:56:14Z
OanjrupYLwc,UgyEPI24W3-75ZUcLXl4AaABAg,@PIKACHU-110V,아오 도네 볼쌤들,2,2026-06-15T05:07:09Z
OanjrupYLwc,Ugxr_XO_2ex7ZR85C494AaABAg,@바삭바삭한돈까스빌런,"은석공 수난시대....
은석공 살려ㅓㅓㅓㅓㅓㅓㅓ",2,2026-06-12T05:03:04Z
OanjrupYLwc,Ugx38Jvsagcwi2ZN-wp4AaABAg,@afkalmighty1557,"스
포
스
포
스
포

혹시 니플이 인구고정 현상유지 하고싶은 이유가,
죽음으로서 엘리아스에 순환이 없어서 그런 것 같은데,
은석공 계기로 새생명-죽음의 순환이 성립되어,
니플은 ""신캐 못나오게 트릭컬 섭종시키겠어!"" 스탠스 풀고 빵주 탐험대에 합류하며 드디어 스패럿 실장 이야아앍",0,2026-06-12T09:10:52Z
OanjrupYLwc,UgwD3025mDwm1ido4Ox4AaABAg,@Fomyu,작가님  쿨탐 돌아서 궁씀,0,2026-06-15T05:38:50Z
OanjrupYLwc,UgwXT5bFqSeJ6XStXNB4AaABAg,@데굴데굴정리코,"스?포













니펠의 니플패치는 과연 어떨까...으흐흐",0,2026-06-12T18:25:32Z
OanjrupYLwc,Ugyblf9XGG_9y2K8f_14AaABAg,@toxiapoison,"<스포주의>




1:10:01 날 버리다니... 복수하겠다 개볼빙...!",6,2026-06-12T05:17:25Z
OanjrupYLwc,UgzmkXp54zj62D4NAP94AaABAg,@ajingom,59:03 보통 이 시점에서 사람들은 겁을 내던데 역시 수녀님은 보법이......,0,2026-06-12T11:14:58Z
OanjrupYLwc,UgyT7OgQ05qwwfBZD-V4AaABAg,@상상-g8g,이럴수가 멜다버는 복선이었던거냐,3,2026-06-12T05:16:11Z
OanjrupYLwc,UgyqTQxByBxZ6lPI5uh4AaABAg,@귀여운게세계제일,"스포!!












주..주농이가 실장하다니
그럼 주말농장갈래는 주농이한테 간다는건가?",3,2026-06-12T04:58:32Z
OanjrupYLwc,UgzQj3Ej07F17Qv71v14AaABAg,@Iilili-w7r,"스
포
스
포
스
포
니플이 더 이상 신캐가 나오고 죽는 생명이 없다면 림&셰이디 나 잉클 처럼 소멸하거나 뭔가 문제가 생기니까 지금부터 죽이려는거 아닌가 싶음",0,2026-06-15T05:08:05Z
OanjrupYLwc,Ugzux8SASX6K2-G0Bhl4AaABAg,@복음밥-s4m,19:04 - 심상치않은 것을 이해함.,4,2026-06-12T05:37:42Z
OanjrupYLwc,UgxWTh8zn6rzeY7Cn7R4AaABAg,@ottersea9513,"<스포성 추측>




네르 꿈 쏙에서 교주가 없었던 건 네르꿈이 세계수랑 공명한 거여서 그런거 아닐까 싶음...

교주는 세계수 창조물이 아니니까 꿈속에서도 못 창조해낸 거 아닐까..",3,2026-06-12T06:17:08Z
OanjrupYLwc,Ugy_ljkiZXMniy7mZV94AaABAg,@히나정실,니플패치 너무 무서워요 ㅠㅠ,2,2026-06-12T08:51:49Z
OanjrupYLwc,Ugze5fkpoBjAbuxFe094AaABAg,@kitten6524,"흠 좀 무섭네요.
-스포주의-











대놓고 죽음의 관념이라니..
살짝 돌려서 상실이나 유실, 수확
그런식으로 나올줄 알았는데..

여튼 이런 개체의 수에도
직접 개입 할만한 관념이면
왠지 책에서 나온
벨라와 슈로스, 왕디 등이
표적이 되지 않을까 그런 예상도
들긴 했는데 아직 걔네들 보다는
직접 느낄수 있는 범주로 예상되는
신세대 정령들만 언급하는군요.

뭐 나중에 마주치면 관련된 전개가
있겠지만;

다행이다 신세대 정령들..
니들 타이밍 못맞췄으면 태어나지
못했거나 태어나자 마자 
진짜 주농행 이었겠네 ㅠㅠ

그리고..


교주.


죽고싶어? 는 진짜 깜짝 놀랐다.. 😢 톤 싹바뀌던거 개소름 😮😮😮",0,2026-06-12T12:15:00Z
9XWAPpMFbhY,UgxXqTLeTbX-bXwm1dl4AaABAg,@그저-쭈꾸미,드디어 다시보기 왔다 쨍쨍쨍그랑!!!!!!,5,2026-05-10T09:46:47Z
9XWAPpMFbhY,UgwTrohy5KWqxYMdfa94AaABAg,@Aing_doctor,야뮤지게 머거야 찡~~~~,5,2026-05-10T11:39:00Z
9XWAPpMFbhY,UgyPk-gO2G0eYBxR41R4AaABAg,@oncemakon2hz.0242,얌,1,2026-05-10T14:45:46Z
9XWAPpMFbhY,Ugyv6QxfNVRwtMxBigF4AaABAg,@golver8471,"4:13:55
수비스킬 합하는지 안하는지 볼 때 굳이  풀어서 확인하는것보다 일반방어<-합안함 
이걸로 확인하는게  굳이 수비안풀어도 되서 빠르게 확인가능합니다.
저도 알고 싶지 않았어요",0,2026-05-10T19:26:38Z
9XWAPpMFbhY,UgzfLHq0Gx8_5zOLRHV4AaABAg,@ljm4304,합방중에 BGM끄면 좋겠음.. 머리아프네,2,2026-05-10T13:02:10Z
k1J3sv8heIE,UgyuYRmThLH4cyFcklV4AaABAg,@taeyang3729,키샤는 그냥 표정만 그런 거지 그저 팬들과 함께 놀고 싶은 유령일뿐이죠 ㅋㅋㅋ,3,2026-06-09T11:36:09Z
k1J3sv8heIE,UgzgdqADC-fKPZreWBF4AaABAg,@최은철-e8p,이드는 대체 무슨존재냐!,2,2026-06-09T18:49:03Z
1PRg2eLFG7I,UgyaAGv0F55jmBQwOk54AaABAg,@ahnstar_,풀버전 바로가기: https://youtu.be/qYFrQWOIHUg?si=KbScbc4lzhIGjKJX,4,2023-09-19T14:39:13Z
1PRg2eLFG7I,Ugx9vCsUhfc9nRQEhNF4AaABAg,@Vinnie____,오ㅓ 진짜 개잘한다…,12,2023-11-25T17:07:35Z
1PRg2eLFG7I,UgylV-oyeoQs2-miKPV4AaABAg,@HIRIT08,얼마나 많이 해봤을까...,5,2025-02-09T08:38:55Z
1PRg2eLFG7I,UgyrBFbsUC5TYG5YbTd4AaABAg,@hyeonhoe6129,똑똑하군....,1,2025-10-08T23:06:01Z
1PRg2eLFG7I,Ugx928PAEnoOjGyN9b94AaABAg,@김형도-b9p,🍂🎵🎶,0,2024-11-29T09:43:38Z
1PRg2eLFG7I,Ugy1Do9iRSJXAgEtM-V4AaABAg,@풅풅,스티밍이 힘들어요 ㅠ,0,2024-09-23T10:45:37Z
1PRg2eLFG7I,Ugz6uodu8NzxXxew4894AaABAg,@채유-f9f,헐내일해바ㅈ야지,0,2024-01-31T18:02:36Z
hfZQGBqnTPM,UgzOeHUA7amwO_c1r894AaABAg,@pzjfj3jtjif9w9,라떼아트조차 Ai영상 도랐나..,0,2026-06-05T08:25:41Z
8kvcpZTvn-Y,UgyjWuu1tZem3yabavR4AaABAg,@바삭바삭한돈까스빌런,"리듬천국 새로나온것도 너무 재밌어요!
특유의 리듬맞추는 소리랑 귀여운 캐릭터들.....그리고 그 소리 따라하는 말랑제타 ㄱㅇㅇ",1,2026-07-06T03:02:03Z
8kvcpZTvn-Y,Ugy9freCu8X7xPcVz4F4AaABAg,@mizu_umidesune,개구리를 걱정하는 로제타 씨,0,2026-07-06T10:54:29Z
8kvcpZTvn-Y,UgwFB1Cji6XeUHj3Gqp4AaABAg,@수르릅,1:00:46 그분이... 보인다...,1,2026-07-06T03:06:58Z
8kvcpZTvn-Y,UgyL7LvgW4aDwKkGNdl4AaABAg,@넬슈아,리듬천국 판정이 널널한건 널널하고 깐깐한건 엄청 깐깐하네요,0,2026-07-06T03:01:44Z
4yAGlZGskdM,UgyDqoh0cvZ7NDIqKv14AaABAg,@malywood6357,오...트릭컬 알고리즘에 이끌려 봤더니 썸네일이 분노를 일으키네요...,0,2026-07-10T01:23:07Z
4yAGlZGskdM,UgwTBtl0HikhN2abwIJ4AaABAg,@초보제작자,역시 수녀님이셔서 수녀를 잘뽑으시는건가...,4,2026-07-04T22:22:28Z
4yAGlZGskdM,UgzPVOabdIMwkOr59Ht4AaABAg,@Leki3788,27:32 용서할수없다,4,2026-07-04T22:32:30Z
4yAGlZGskdM,UgwtnDd568AShYGbyEN4AaABAg,@룰루코패스,???:유착관계 있나봐!!!!!,2,2026-07-04T22:43:46Z
4yAGlZGskdM,UgwEAePfZU2eMpSRAB14AaABAg,@alice-cr6jp,??: 에피드 사장은 당장 해명해라!,0,2026-07-08T17:46:20Z
4yAGlZGskdM,Ugz9BOG8RCWwifnNGAl4AaABAg,@daeyoung1273,실키아?,2,2026-07-04T22:27:24Z
4yAGlZGskdM,UgyMFhh3iWUyCFOxfOd4AaABAg,@실성사이다-y9n,"실비아인가 스키아인가? 
신경 쓰여서 클릭을 하고 댓글을 달게 조종하다니
이것이 수녀의 음모야 ",0,2026-07-05T03:08:58Z
4yAGlZGskdM,Ugz4Md6wbN1VH2ZFZvR4AaABAg,@복음밥-s4m,실키아가 아니라. 스키아..,2,2026-07-04T23:40:34Z
4yAGlZGskdM,Ugw_hfQ25fWi0T_DoV54AaABAg,@바삭바삭한돈까스빌런,결국엔 해냈다... 역시 수녀님이야.....!,0,2026-07-05T01:08:29Z
4yAGlZGskdM,UgxGaZe7rBi9fyzRlh54AaABAg,@넬슈아,운이 이렇게 좋을수가없다,0,2026-07-05T00:41:26Z
4yAGlZGskdM,UgzvWSLiCW-DuQv1X194AaABAg,@스위티베놈,또 비틱이야?ㅜㅠ,0,2026-07-05T05:04:43Z
4yAGlZGskdM,UgyxKKxeOaIU1NQ3Dbl4AaABAg,@watercolorstarlight3407,직전에 나온 실비아랑 헷깔리셨나보네요,0,2026-07-04T22:44:48Z
4yAGlZGskdM,UgzAR58dx3pkwCtvr_h4AaABAg,@오젤-w3g,전 볼뉴빈데 첫뽑으로 실비아를 얻었ㅅ브니다.,0,2026-07-08T07:12:49Z
4yAGlZGskdM,UgyVdKHrDUV42gCh9Q94AaABAg,@starcluster0,"채널 추천 안함
다시는 내 눈에 띄지 마시오",0,2026-07-09T21:17:27Z
4yAGlZGskdM,UgxkfSF6040R5MVQwfV4AaABAg,@김시경-e2s,그리고 다음 픽업때 폭망한다,0,2026-07-05T12:12:35Z
OMik62YfBto,UgxrHShhuQ7T75b2aXh4AaABAg,@earthlight1050,아니 왜 이렇게 귀여움..?,59,2023-09-20T14:59:18Z
OMik62YfBto,Ugz8O-qomXQK1hMksrJ4AaABAg,@불다기,"한쪽 손 떨어지자마자 기겁해서 바로 내려간 손 잡아버렸다..
진짜 왜 그런지 모르겠는데 심장이 철렁했음",43,2023-10-03T13:03:09Z
OMik62YfBto,UgycRcMEQjQ0g3SHOTN4AaABAg,@Doragun_,이상한 붕탁물인줄 알았넼ㅋㅋㅋ,16,2023-09-26T12:39:39Z
OMik62YfBto,UgyvNeitSZ7025Jw_b14AaABAg,@ksoonhong,헉 내가 딱 손 놓았을 때 떨어지네,6,2023-10-01T13:50:27Z
OMik62YfBto,Ugw9u2PnVtmzWIJNupt4AaABAg,@모건아서,오 귀엽다!!,3,2025-01-16T10:10:59Z
OMik62YfBto,Ugxp9E0uPXwL-aXOcYJ4AaABAg,@mmdshaun6168,오늘부터 신도하겠습니다.,27,2023-09-25T10:47:56Z
OMik62YfBto,UgxFOVYtDzMEKBNLWbx4AaABAg,@taeyang3729,어머나 귀여워라~ 🥰🥰,11,2023-09-20T08:51:10Z
OMik62YfBto,Ugyo2NGST23XdtAkBdx4AaABAg,@hogu999,너무 귀엽자너,8,2023-09-20T16:23:52Z
OMik62YfBto,Ugx9JfBDTlt4aXpHgqR4AaABAg,@빅_베어,??? : 내 골반이 멈추지 않는 탓일까,1,2025-11-01T19:06:04Z
OMik62YfBto,UgwezADg0uNs1c78JfR4AaABAg,@dominomk-1893,알고리즘 고맙다,2,2023-11-02T21:23:00Z
OMik62YfBto,UgxXUr5atkvjcVuLNF14AaABAg,@zldwm,참신했다 ㅋㅋㅋㅋㅋㅋㅋㅋㅋㅋㅋㅋㅋㅋㅋㅋㅋㅋㅋㅋㅋ,3,2023-10-27T17:43:11Z
OMik62YfBto,UgzoeztRqXSe1hP0bAV4AaABAg,@Lussaphi,X를 눌러 고해성사하십시오,29,2023-09-12T09:25:55Z
OMik62YfBto,Ugz39eT0jR1UoOIYdJd4AaABAg,@LeeCheaGeon,귀여워ㅋㅋㅋㅋ,4,2023-09-21T00:38:49Z
OMik62YfBto,UgxA7SJBZwPGIhLe0rJ4AaABAg,@jjangyeeeeee,이거보고 구독한다,0,2023-10-04T15:49:56Z
OMik62YfBto,UgwIC4QgWXTFD8M16eZ4AaABAg,@qpsoekri,오른쪽에만올려놧는데 어찌이리 예측을잘할수가,1,2023-10-02T01:02:26Z
OMik62YfBto,Ugyk78TZdoqu0SfIxs54AaABAg,@사람-z4y4y,분명 반대손가락을 땟는데 반대쪽이 내려감,2,2023-09-30T11:04:58Z
OMik62YfBto,Ugx8TWtKgc-L__sSihF4AaABAg,@foxy_darong1639,나는 손을 놓지 않았어!,3,2023-09-20T09:24:17Z
OMik62YfBto,UgwgMrhlYHWSkrulB5d4AaABAg,@NanobanaKinako,Jiggle jiggle 😍😍😍,1,2025-03-10T14:57:35Z
OMik62YfBto,UgyXOpRpqQ9cv3-ItQl4AaABAg,@comozak,귀여웡!!,1,2023-09-21T19:54:40Z
OMik62YfBto,Ugyq6osGc-qujw95dtJ4AaABAg,@Ŕhkr2,ㅋㅋㅋ 이런건 처음이네,1,2023-10-02T18:11:33Z
OMik62YfBto,UgwAIrqxgypvHLTIuZZ4AaABAg,@1OOO3-j,컴터라서....그러니 그냥 좋아요눌러야지~,1,2023-09-26T13:58:39Z
OMik62YfBto,Ugyw2XYzKU7nimdFDXN4AaABAg,@powerfulgaonasi,귀욥당,0,2023-09-20T15:06:36Z
OMik62YfBto,Ugz9aWDwDJonkapWAfx4AaABAg,@vahishta3450,자이언트 스윙!,1,2023-09-25T05:30:42Z
OMik62YfBto,Ugwkdf5EI63_Xj6pA0F4AaABAg,@entolis,아니 오늘이였구나!!축제다!!!🎉❤,3,2023-09-20T08:15:23Z
OMik62YfBto,UgyphsUTJNpuxHY6cFt4AaABAg,@Thankstwo3939,난 썩었어...,1,2023-09-25T02:42:56Z
OMik62YfBto,Ugw7kh_6OE4d2AnzLhV4AaABAg,@비단털햄쥐,와 손 씻지 말아야지,1,2023-09-22T13:32:30Z
OMik62YfBto,Ugw91a89kZ4P71HytBp4AaABAg,@순진한,자막이 켜지는군요(?),1,2023-10-01T07:18:35Z
OMik62YfBto,UgzjYubwOMzI-DeuzkJ4AaABAg,@Meme-mc,왜떨어지는거냐구 제자앙~~~,1,2023-09-28T16:57:35Z
OMik62YfBto,UgyJEnKZT5fPrVDo35F4AaABAg,@김잼민-r6z,믿습니다,0,2023-10-01T05:31:04Z
OMik62YfBto,UgxAA8aBgTyjLrXX2RF4AaABAg,@kimchijm,수녀님...믿습니다...,3,2023-09-20T09:51:10Z
n2JJZKchFrc,UgzYrvkOj7seaCDcZeB4AaABAg,@alakas1601,최신 트렌드를 놓치지않는 수녀님...그리고 이 SD도 굉장히 오랜만에 등장했네요..! 아 귀엽다...,17,2024-06-07T16:56:30Z
n2JJZKchFrc,Ugze9SI-YM9oDz7qF3V4AaABAg,@Ways0620,최신트렌드에 민감한 수녀님. 역시 최신밈은 놓치지않아,5,2024-06-07T20:29:53Z
n2JJZKchFrc,UgwAfYQ3SQR70SfdvI14AaABAg,@protowing0,제타제타 빔=더블제타 빔= 하이메가 캐논!,5,2024-06-07T23:57:54Z
n2JJZKchFrc,Ugylum6YOT2p8iC5nGd4AaABAg,@ButterHappy,쇼츠밈들 보고 수녀님은 안했나 보면 항상 나오네 ㅋㅋㅋ,5,2024-06-07T16:10:13Z
n2JJZKchFrc,UgzqGakkLcuWiKVhZfN4AaABAg,@Gompang2-WW,마지막에 으른양 모얔ㅋㅋㅋㄲㅋㅋㅋ,3,2024-06-07T15:42:03Z
n2JJZKchFrc,UgwCkOeQoC6iu25NsPx4AaABAg,@쀑쀑,너무 귀여워...,3,2024-06-07T16:25:33Z
n2JJZKchFrc,Ugwm3CtPUfJw1laxCPN4AaABAg,@simhae1775,제타제타빔~,1,2024-07-01T03:36:12Z
n2JJZKchFrc,UgzROspKxSXj6TQTF6N4AaABAg,@마제스티-y1f,그렇게 오늘도 수녀님의 최면을 당한 어른양,1,2024-06-10T03:56:44Z
n2JJZKchFrc,UgzmEKxh-tVpoFBgOrB4AaABAg,@yeoreum-color,BEEEEAAAAAMMMM,1,2024-06-07T15:42:55Z
n2JJZKchFrc,UgxN9aWE1zLquLa9YMV4AaABAg,@user-clder,ㅋㅋㅋㅋㅋ 귀여워,1,2024-06-08T02:39:49Z
n2JJZKchFrc,UgyBZoj_iDXV1s53soR4AaABAg,@taeyang3729,로제타 삐ㅣㅣㅣㅣㅣㅣㅣㅣㅣㅣㅣㅣㅣㅣㅣㅣㅣㅣㅣㅣㅣㅣㅣㅣㅣㅣㅣㅣㅣㅣㅣㅣㅣㅣㅁ~ ㅋㅋㅋㅋ,1,2024-06-07T16:04:39Z
n2JJZKchFrc,UgxWtXLprC1eHSvPf4N4AaABAg,@_euna_,자기전에 귀여운...? 가...?,2,2024-06-07T15:47:01Z
n2JJZKchFrc,Ugz_DQt57zCLmMfRzJl4AaABAg,@김사신-s1i,최애의 수녀 + 미쿠미쿠 빔= (몰?루),1,2024-06-07T15:52:06Z
n2JJZKchFrc,UgwkTM-iUm6sfoG-mJt4AaABAg,@foreverosori9684,제타제타 빔--☆,0,2024-06-07T22:31:39Z
n2JJZKchFrc,UgxmsNBsTJz7ZuUmfX94AaABAg,@prankim2163,수녀님 귀여워,0,2024-06-13T14:17:37Z
n2JJZKchFrc,Ugyneo10iqx6q68PW9N4AaABAg,@Noble.6,숲속수달 팬아트를 보고 나서 이 영상을 보고 나니 두려워졌습니다...,0,2024-06-30T03:58:32Z
n2JJZKchFrc,UgyUTpT-_GMQjH_mkkx4AaABAg,@saimakana,귀여워!!!!!!!!,0,2024-06-07T17:55:19Z
n2JJZKchFrc,UgwnMNEunPat2LTpeYx4AaABAg,@qortmdwl3517,요즘 미쿠빔이 유행이구나 ㅋㅋ,0,2024-06-08T01:02:12Z
n2JJZKchFrc,UgzGmBbbPWONY2Jp-vJ4AaABAg,@arcturtle,제타제타빔!,0,2024-06-07T16:37:38Z
n2JJZKchFrc,UgzGaItcXinTTHgPLkB4AaABAg,@DogFood4130,수녀님 비이이이이미이이임,0,2024-06-07T23:32:58Z
n2JJZKchFrc,Ugw90XvRpgmLLOW7d0Z4AaABAg,@naseka2,제타제타 비이이이이이임,0,2024-06-07T23:04:53Z
n2JJZKchFrc,Ugxngj8tDyjioYH9wEZ4AaABAg,@finder2565,제타제타 비이이이이이ㅣㅣㅣㅣㅣㅣㅣㅣㅣㅣㅣㅣㅁ❤❤❤❤,0,2024-06-07T15:55:44Z
n2JJZKchFrc,UgwF5RZNCfHt2x2a_z94AaABAg,@슴핫,빔~~~~~~~~~~~~~~~~~~~~~~,0,2024-06-07T16:08:14Z
n2JJZKchFrc,UgwXyyJAPPe7wtw2vbh4AaABAg,@Lord_Unicorn,수녀 수녀빔~~~~~~~~~~~~~~~~,0,2024-06-07T18:57:46Z
n2JJZKchFrc,Ugzq18XxGKtBe94im1d4AaABAg,@최은철-e8p,눈에서비이이이이이임,0,2024-06-08T01:10:22Z
n2JJZKchFrc,Ugw9FoqfwDvM4Kt7yo54AaABAg,@locojung,잠 자기전에 수녀님한테 미쿠빔을 맞아버렸어!!...,0,2024-06-07T16:27:00Z
n2JJZKchFrc,UgyjhmnYCGiTvwdEFAd4AaABAg,@VeniceE04,제타비ㅣㅣㅣㅣㅣㅣㅣㅣㅣ임,0,2024-06-07T17:10:25Z
n2JJZKchFrc,Ugy90HUaHfhJsowWJ6d4AaABAg,@Brave-Park,오 퀄 좋아! 삐이이이임!,0,2024-06-12T00:06:15Z
n2JJZKchFrc,UgyYth6mfiFtgplJLcN4AaABAg,@woosun101,,0,2024-06-08T01:16:31Z
n2JJZKchFrc,Ugzs9a7y2ioxEwEK-mx4AaABAg,@무난한하루-h3e,,0,2024-06-08T00:40:46Z
USFtaI0tARU,UgwGrUvX6ROr-vMBJQx4AaABAg,@마제스티-y1f,귀여운데 가슴에 계속 시선이 간다,19,2024-10-17T16:54:11Z
USFtaI0tARU,Ugzpw45F9W6uZQUSErh4AaABAg,@edwinahn259,사장님 모델링 엄청 좋네 ㅋㅋ이런거도되네,7,2024-10-17T23:58:37Z
USFtaI0tARU,UgwpzoCf1Z0Rl1rzVox4AaABAg,@arcturtle,"수녀님 시간이 남으면 3분할로 부탁드립니다
감사합니다",17,2024-10-17T14:39:06Z
USFtaI0tARU,Ugx920mu5UW5m667V2t4AaABAg,@쀑쀑,이걸 3d로ㅋㅋㅋ 귀엽구만!!!,5,2024-10-17T14:46:59Z
USFtaI0tARU,Ugxomlic8Ei4jekHZ7Z4AaABAg,@alakas1601,이게 3D버전으로 나올줄이야...!,3,2024-10-17T14:49:04Z
USFtaI0tARU,Ugy7UsdzW_xB2iF9ye94AaABAg,@m-khd-r4o,나 10대 청년인데 요즘 로제타로 최신 밈 배운다,2,2024-10-17T15:02:56Z
USFtaI0tARU,UgxmxFDsQf8Id5QTEMp4AaABAg,@shg1123,폭력적인 미드에 귀여운 얼굴,2,2024-10-17T22:55:41Z
USFtaI0tARU,Ugwy4yRjolPDz4Ay6Xx4AaABAg,@읭읭이윙윙이,와 귀여워 ㅎㅎㅎㅎ,5,2024-10-17T15:01:38Z
USFtaI0tARU,UgySB5l4jSPouX5HC-N4AaABAg,@DogFood4130,아주 귀여워!!,5,2024-10-17T14:57:42Z
USFtaI0tARU,Ugyp7mdSs-MvSVNVEBN4AaABAg,@terramine9604,또 새로운 밈을 가져오셨어,2,2024-10-17T14:49:00Z
USFtaI0tARU,UgyvCNxAP5w_Wlgki_N4AaABAg,@모건아서,수녀님 귀여워!!,4,2024-10-17T15:18:49Z
USFtaI0tARU,Ugz7jJf5JvKAEXyLh694AaABAg,@준호우-e7v,전신이 이렇게 생겼었구나 ㅋㅋㅋ,1,2024-10-17T15:27:23Z
USFtaI0tARU,Ugzbu7WlCeqFq0JxPsB4AaABAg,@치즈버거-t5u,ㄱㅇㅇ!!!!,3,2024-10-17T14:36:44Z
USFtaI0tARU,UgwAPfT9QXzJk1aze_N4AaABAg,@바삭바삭한돈까스빌런,귀엽고 이쁘고 으흐흫흐흐하고,2,2024-10-17T15:06:35Z
USFtaI0tARU,Ugwg3Fqhd31Nwvnzx3t4AaABAg,@Chooie6,Cute! Raden has spread quite far!,1,2024-10-17T16:21:26Z
USFtaI0tARU,Ugzl64ejJ8fTavpacch4AaABAg,@mdk3314,꾸루꾸루,1,2024-10-17T23:27:14Z
USFtaI0tARU,UgzbVjP2-yUOVZIP5ZB4AaABAg,@foreverosori9684,폭력적인 귀여움,1,2024-10-17T15:21:26Z
USFtaI0tARU,UgxP16NGm0WinDrjyqx4AaABAg,@raiseyourhands-v2g,원래 저렇게 컸나..,1,2024-10-17T15:58:08Z
USFtaI0tARU,Ugx4id-lVIUuUod39nJ4AaABAg,@LAEIRAJERU,귀여워요 ❤❤,1,2024-10-19T11:43:39Z
USFtaI0tARU,UgxTPEbRjR5ReMyIbt14AaABAg,@이유튭-f1l,수녀님이 직접 추셨네요 ㅋㅋㅋ,0,2024-10-18T14:42:45Z
USFtaI0tARU,UgwlBdJ9NBvs5lwkQ2J4AaABAg,@임현우-n5u,확실히 수녀님 파괴력이 남다르긴 함,0,2024-10-22T22:01:44Z
USFtaI0tARU,Ugwkk9IhWg6kc3O4slB4AaABAg,@kwintoom,가슴에 눈이 가다가도 골반에 또 눈이 가는데,0,2024-10-31T14:29:30Z
USFtaI0tARU,Ugy5LL4BOtdDRrdFbsR4AaABAg,@LeeFish_,으흐흫 수녀넴 이뻥,0,2024-10-18T01:23:43Z
USFtaI0tARU,UgxcyyL77D3kI00nC3Z4AaABAg,@riverkim6188,귀욤귀욤❤ ㅎㅎ,0,2024-10-18T01:58:47Z
USFtaI0tARU,Ugw9mfVQVo56LHJhSXJ4AaABAg,@romy9873,아름다운 전신상을 볼 수 있는 제한된 기회입니다,0,2024-10-18T02:33:41Z
USFtaI0tARU,UgxCaUjoI3adeviCjCl4AaABAg,@무난한하루-h3e,구르구르구르,0,2024-10-28T11:27:57Z
USFtaI0tARU,Ugy42XectSpG2-_btJB4AaABAg,@VeniceE04,구루구루구루구루구루구루구루구루,0,2024-10-20T08:12:24Z
USFtaI0tARU,UgwJcCX5xNvfrB8iscJ4AaABAg,@라라미스,구르 구르~,0,2024-10-28T05:05:06Z
USFtaI0tARU,UgyYzKBPi15bLiTJFhl4AaABAg,@minisao,빵 ㅋㅋㅋㅋ,0,2024-10-17T22:27:37Z
USFtaI0tARU,UgzrqVTBfq1dFi5b0EZ4AaABAg,@lee2460,👍🤩☺️,1,2024-10-17T15:16:31Z
7dVIoB18rq0,UgyKUed6Qpz9-irIn314AaABAg,@mydestiny205,제가 원했던 라떼아트입니다,0,2025-09-19T05:44:05Z
QF6JCM7G2rI,UgzT1AqfFCvJHHPjqSR4AaABAg,@Zero_E-y8h,슬로우 로제타네요,0,2022-10-11T01:08:32Z
QF6JCM7G2rI,UgwhuEB4kCWxKch8mUh4AaABAg,@9linaanna,Look good,0,2022-09-28T11:20:16Z
QF6JCM7G2rI,UgxnKr1xf83h_IRuHTN4AaABAg,@clipmixhd4937,would you like some coffee in your cream?,0,2022-09-28T11:01:16Z
QF6JCM7G2rI,UgxZm_stOtvhuTPhTQp4AaABAg,@НинаКунц-б4у,Очень классно.,0,2022-09-28T11:16:32Z
QF6JCM7G2rI,Ugyf3ziT4KboJEYvr-R4AaABAg,@user-it8vb5gd6w,브금 뭔지 알 수 있을까요?,1,2022-11-01T12:56:00Z
kG9SkhJlYRw,UgwI6cxhsKZQ2QLSkBt4AaABAg,@kk9977,와우~예술~^^,2,2023-02-17T08:01:54Z
z5RVQEguB-Y,UgxeiTeQ-UuLKJfd7B94AaABAg,@eter959,행복함이 2배가 되는 쇼츠,44,2024-08-06T13:17:06Z
z5RVQEguB-Y,UgxCTP3vfdAdZn8dWuV4AaABAg,@바삭바삭한돈까스빌런,"뭐든 입어주는 수녀님....좋아!
+계속 보다보니까 바스트모핑이 더 강한 느낌이...!",15,2024-08-06T08:07:52Z
z5RVQEguB-Y,UgwiVfPCVMlEeY2g4V54AaABAg,@수르릅,원작 재현도 무엇 ㄷㄷ,4,2024-08-06T08:06:57Z
z5RVQEguB-Y,UgyiPSBn70EmM6F9O5Z4AaABAg,@미류시즈,즐거움이 두배로,4,2024-08-06T09:59:43Z
z5RVQEguB-Y,UgxXNIDQKvxK7U-1ut94AaABAg,@쀑쀑,이쁘구만...,7,2024-08-06T09:15:08Z
z5RVQEguB-Y,UgxPc-WOQsUBB9pke-p4AaABAg,@egorAntonovichrybkin,Флексим Флексим дэнсим о да,0,2026-07-03T20:12:35Z
z5RVQEguB-Y,UgwkvlPGKzDe9Pl5Jjp4AaABAg,@흰냥말-h3o,와 고퀄,4,2024-08-06T08:59:36Z
z5RVQEguB-Y,UgxglM9HPgs663eaAIZ4AaABAg,@aojyuro7031,귀엽습니다,3,2024-08-06T14:06:12Z
z5RVQEguB-Y,Ugw8WsTR5_KbmP6IWo54AaABAg,@alakas1601,으른양 선물을 그래도 수행해주시는...,5,2024-08-06T08:50:37Z
z5RVQEguB-Y,UgwZ4ZJd5Q3PFCpTh3J4AaABAg,@Hell_Dust-Buhnerman,"벗기 시작하면 끝이 없고 노딱과 채널 정지와의 줄타기...

수녀님의 다양한 의상을 보는 즐거움으로 만족하렵니다. 사실 이거 이상으로 가다간 진짜 정지 먹어도 할 말이 없죠. -~-;",2,2024-08-06T21:01:32Z
z5RVQEguB-Y,UgykR5BIuGwjIC0IEzl4AaABAg,@jihyehan3089,너무재밌어요^^❤❤❤❤,2,2024-08-11T17:59:43Z
z5RVQEguB-Y,Ugx7YsGiGXw3wnyjOv94AaABAg,@Hyeon-h5g,아줌마임 댓은 다시봐도 웃음벨이네 ㄷㄷㄷ,1,2024-08-06T17:15:17Z
z5RVQEguB-Y,Ugx8qf11w8SmoT88eOZ4AaABAg,@simhae1775,이래보니 재현도가 엄청나게 높았었네요,1,2024-08-10T16:32:16Z
z5RVQEguB-Y,Ugw2yJ6ri2kiwjEdmnR4AaABAg,@Paperless413,Double Smash,1,2024-08-10T08:22:22Z
z5RVQEguB-Y,UgxXYDvmDe19G8nQM7l4AaABAg,@taeyang3729,오 비교 영상!,1,2024-08-06T19:41:25Z
z5RVQEguB-Y,UgwqHqM4wW1tZY6wqJB4AaABAg,@user-Lovecream,超てんちゃんしか勝たん🥺👊,1,2024-08-16T13:43:36Z
z5RVQEguB-Y,Ugx54XDRgJJlEUJKvUN4AaABAg,@DDakNyan,"역시 모티브는 이름을 모르는 그 게임 ㅋㅋ
어쨌든 오히려 이런 그림체 아니메 말괄량이들이 조타!!",5,2024-08-06T14:22:09Z
z5RVQEguB-Y,UgzpJ8qhHWRCQrqf9fV4AaABAg,@拋腰雷,兩位姐姐，喵,1,2024-08-08T23:13:27Z
z5RVQEguB-Y,UgxKq1gs_g2UPCaIWup4AaABAg,@eomgwonseop3739,쇼츠 시간이 모자라서 마지막이 못나왔네,1,2024-08-06T10:03:13Z
z5RVQEguB-Y,Ugw6UkfUgR2GLeLvKi94AaABAg,@raviensrana7767,Why this does look like a almost same as the origin but i still like it,1,2024-08-08T15:10:20Z
z5RVQEguB-Y,UgwRYE3HjxPP8S7PzEJ4AaABAg,@ZumrohZumroh-p5z,Cantiknya ❤❤❤❤❤❤❤❤❤❤❤❤❤❤❤❤,1,2024-08-08T05:49:34Z
z5RVQEguB-Y,UgyEqOSAgOjrPuyq7tJ4AaABAg,@DogFood4130,흐흐...,1,2024-08-06T23:33:53Z
z5RVQEguB-Y,UgwG4RbfQ_vo-fQ1C3R4AaABAg,@Meanzof,오우,1,2024-08-06T09:26:59Z
z5RVQEguB-Y,Ugy5e490YofZZf_Zw_F4AaABAg,@PrabhatIndwat,I think one of the last part is way to far gone you can end it by the swim type thing,0,2026-03-01T13:25:02Z
z5RVQEguB-Y,Ugyjd0FiUjXkMgdQxbh4AaABAg,@kairian2657,뭐야 프사가 왜 저랑 같은거죠ㅋㅋㅋ,0,2024-08-06T10:04:53Z
z5RVQEguB-Y,Ugx2Vi8LglLxHO8S6iR4AaABAg,@Ashbringer999,멘헤라닷!,0,2024-08-13T12:27:18Z
z5RVQEguB-Y,Ugz0MLPnY6qEHxzQYxN4AaABAg,@이구사-하루카_신랑,귀여워요...❤,1,2024-08-09T04:10:46Z
z5RVQEguB-Y,UgzO82mV8Os_vNyh4r94AaABAg,@엘프슈,으흐흐,0,2024-08-06T14:50:51Z
z5RVQEguB-Y,Ugz-4bISRrsHQThrh3F4AaABAg,@Khailoof,"DATEN ROUTE - Streak
[} 15 {]🤔",0,2024-08-09T08:44:42Z
z5RVQEguB-Y,Ugzh-Vh98G4GyyjKeUp4AaABAg,@typoopanda4713,개인적으로 저머리긴 여자가더좋아요❤❤❤,0,2025-02-22T10:06:16Z
FR6nkG3uzwU,Ugzxx6ZDVL6Bsbd02eV4AaABAg,@아르마레,탭눌렀구만,0,2026-04-07T05:59:49Z
FR6nkG3uzwU,UgyKDkx8DkPMU4LRHZd4AaABAg,@정윤호-i6b,머장 ㄱㅇㅇ,1,2025-09-03T15:48:52Z
FR6nkG3uzwU,UgwIBhkUtMwELetmC7d4AaABAg,@smone_parutime,어오. 야해 ㅋㅋㅋ,1,2025-09-04T09:59:56Z
FR6nkG3uzwU,Ugz6jFew1uE4FelNYzR4AaABAg,@wnsxo5408,스타같은 겜 조작법이 요즘 유행하는 겜이랑은 많이 다르긴 해 ㅋㅋ,0,2025-09-04T14:58:18Z
FR6nkG3uzwU,UgzcK_kRTS614-fh0kp4AaABAg,@lws5712,야하다~,1,2025-09-04T07:41:45Z
FR6nkG3uzwU,UgwXq7dqoXE3WoazqJd4AaABAg,@Brave-Park,도파민 치사량....ㅋㅋㅋ,0,2025-09-03T22:01:40Z
CMlnULZZtIU,UgyU0TAuVbQfUOASuiB4AaABAg,@mutywhisper1026,I Love Latte ❤,1,2025-04-11T13:10:54Z
CMlnULZZtIU,Ugy1OfCtTc0hUOi5Sxp4AaABAg,@Chorryy11,"가게 위치가 어디인가요 ? 
가까우면 가보고 싶습니다 !",0,2023-08-14T05:33:26Z
Cbq1oBNfI9w,UgwCCOSi8YVizDG1gC14AaABAg,@할머니에모든기억이돌,안흘리는게 레전드누 ㅋㅋㅋ,1,2022-04-27T13:14:31Z
Cbq1oBNfI9w,Ugy-03C_y4T4-injaOh4AaABAg,@VeeJourneyAustralia,Good barista skill …beautiful art,1,2021-08-25T09:05:02Z
Cbq1oBNfI9w,UgwYLj0Nqu9oQ2MXt4F4AaABAg,@오딘-d3w,와..........완벽한 로제타 굳굳👍👍,0,2021-08-25T09:03:29Z
Cbq1oBNfI9w,UgziNGzxk9ehZ08ACeV4AaABAg,@뽀잉-d4z,저걸 어떻게 마셔 퓨ㅠ,1,2022-01-04T14:20:27Z
Cbq1oBNfI9w,UgzGTlzYPDT2TzLGwzR4AaABAg,@김현정-g8i,헐.....cg같다,0,2021-08-25T12:43:01Z
Cbq1oBNfI9w,Ugz73ErGHEB2nUS8UuN4AaABAg,@E111-v3t,☕💕,1,2021-08-25T08:44:11Z
Cbq1oBNfI9w,UgxDMpgHjO1C5qWhwHl4AaABAg,@楊咩咩-l9k,👍❗,1,2021-09-18T15:11:50Z
Cbq1oBNfI9w,Ugy758o5zUGAxpz8bSt4AaABAg,@정정길-o3g,오떻게 저게 되는거지 ㅠㅠ,1,2021-08-25T08:55:42Z
Cbq1oBNfI9w,UgzFLYYoImEQbbhk2xl4AaABAg,@samurai3695,🥰🥰🥰🥰🥰🥰🌹🌹🌹🌹❤️❤️❤️❤️🌹🌹,1,2021-09-10T17:43:03Z
Cbq1oBNfI9w,Ugz9_-jHtIPewNnTOnp4AaABAg,@joshuahernandez5194,music ruined it,1,2021-11-08T14:39:34Z
E5unVTw2R1E,UgyjVtVF7DV6oLH5KVV4AaABAg,@seong-minlee2963,😂😂 마지막 다급한 그의 손놀림,0,2022-10-28T01:34:49Z
3S2MyKwpCmQ,UgwcHuuxDDfhSbWSXM14AaABAg,@potatoandtofu4384,"가난은 상식적으로 이해하기 힘든 일을 겪게 한다는 말이 참 와 닿네요. 가난해본 사람만이 가난의 무서움을 돈의 무서움을 알죠. 이런 영화가 있는지도 몰랐는데, 가슴이 먹먹해지는 영화인것 같네요.",21,2021-02-03T15:30:36Z
3S2MyKwpCmQ,UgwDDMQTzkEax09irMJ4AaABAg,@owo1289,"로제타 안쓰럽다
저런 엄마를 버리고 나와야지 빈곤을 벗어날 수 있을듯",5,2022-11-30T14:40:07Z
3S2MyKwpCmQ,UgyaGodBQERxhi3oqjt4AaABAg,@W_Wunderkind,"가난한 사람이 더 무섭다는 말이 로제타가 일자리 구하려고 자기한테 선의를 베푼 리케마저 죽이려한 점, 고자질한 점 등... 그렇지만 리케는 그런 로제타를 이해하고 품어줬을 듯... 감독이 하고 싶은 말도 그거였고...",8,2021-11-13T14:17:49Z
3S2MyKwpCmQ,Ugx-KYB7GnEcOPDmF0p4AaABAg,@PPPY-e5t,"맘이 아픈데 영화라는 사실에 안도하고, 현실은 영화보다 잔인할거라는 사실에 또 가슴이 먹먹해지네요",25,2020-09-23T15:15:41Z
3S2MyKwpCmQ,UgyxY0lnt-937xl8AtF4AaABAg,@graycat_01,로제타 소개한것만으로도 이 영화유튜버는 결을 달리한다는 걸 알았다.   영상처럼 차갑고 잔잔하고 먹먹하다.  마지막  가스통을 힘겹게 들고  가는 씬에서  삶의 무거움이 느껴진다.,5,2023-06-12T17:35:47Z
3S2MyKwpCmQ,UgyHSon8ynYa5yavavN4AaABAg,@ptalove,다르덴 형제 카메라 워크 스타일. 내일을 위한 시간도 그렇고. 정말 가슴이 먹먹하고 답답하고…로제타는 빨리 어른이 되고 싶은 소녀. 조금만 성인이 될 때 까지만 누군가가 있어줬더라면….,5,2023-08-17T09:55:40Z
3S2MyKwpCmQ,UgxiNjK5JSiMwpIj_Nh4AaABAg,@alicek3143,뭔가 들여다보기 싫은데 인정하기 싫은데 너무 현실이고 진실이라 ......  명작 소개해주셔서 감사합니다,12,2020-09-07T01:48:34Z
3S2MyKwpCmQ,Ugx1TmCOTr990KHgfGB4AaABAg,@김정욱-k9i,쥐약사먹고 죽을돈도없다는말이 이때하는말인가?,11,2020-09-15T10:09:07Z
3S2MyKwpCmQ,UgwSn1kjQGxurYtk6DV4AaABAg,@OkkiOkkiOkkinawa,열심히 놓쳤던 부분을 이렇게 통찰력 있게 다뤄주시다니 너무 감사합니다! 로제타 법이 생겼다니... 너무 감동이군요. 뭉클해졌습니다.🥲,1,2025-07-16T06:09:25Z
3S2MyKwpCmQ,UgwKGmxN8oXlr1wPl494AaABAg,@김곤-h5n,"""꿈보다 해몽""
멋진해설 잘들었습니다!",5,2020-09-11T18:51:05Z
3S2MyKwpCmQ,UgyYlfl0RZJtG7A0N-R4AaABAg,@李昇炫-u7r,다르덴영화는 마음속에 정말 오래가는 것 같습니다..,2,2020-10-16T08:16:16Z
3S2MyKwpCmQ,UgwjWrTaK3Rx81QGNyB4AaABAg,@후후닷,"이런 명작을 소개해주시다니,,, 고맙습니다.
나름 이해되는 설명도 고맙습니다.",7,2020-09-06T11:35:32Z
3S2MyKwpCmQ,UgyGfzJQ38ZgK23qNYJ4AaABAg,@배상조-b2w,영화속엄마진짜노답이네,7,2020-09-29T15:15:54Z
3S2MyKwpCmQ,UgzgFF-qkYXvyxBBlOJ4AaABAg,@TomatoFrog666,"너무 잘 보았습니다~ 
영화도 영화지만 리뷰가 최고네요!!",5,2020-09-09T10:33:48Z
3S2MyKwpCmQ,Ugx-UGa-5RE8wwBJAPh4AaABAg,@nagaharu1977,오우! 명작 소개 감사합니다,7,2020-09-06T21:40:44Z
3S2MyKwpCmQ,UgzTb9UEES3RxFnMCSx4AaABAg,@minplay5061,"다르덴형제를 첨 알게된영화,.요즘 우리나라에도 로제타같이 힘들게 사는 청춘들이 많을거같아서 가슴이 아프네요.. 좋은영화 리뷰감사합니다♥ 구독하고 가요",2,2022-04-02T08:48:03Z
3S2MyKwpCmQ,UgzIc9oN3aHmiuPorbF4AaABAg,@zniperaa9865,꿈보다 해몽이라고 해석이 너무 좋아요 응원합니다,1,2021-05-05T14:06:50Z
3S2MyKwpCmQ,UgztRbBCXN8KQrJE7mt4AaABAg,@mcdangdang-e,잘보고 갑니다 저두 영화 참 좋아하는대 이런 해석들 참 유익한거같음,3,2020-09-28T14:15:48Z
3S2MyKwpCmQ,UgzqM7doKMBuPsfB9LZ4AaABAg,@thelifeofye4624,좋은영화 좋은설명 잘보고가요,5,2020-09-07T12:54:28Z
3S2MyKwpCmQ,Ugx-r_9ykSvDymTyH5p4AaABAg,@positionzff8524,리뷰너무 재미있어요,3,2020-09-09T12:40:19Z
3S2MyKwpCmQ,UgxeB5E7Fj56PRjnKzR4AaABAg,@카이-z1v,좋은영화소개.해설 감사합니다,1,2022-03-23T08:18:59Z
3S2MyKwpCmQ,UgxydOvqBZ5eVtdf0AF4AaABAg,@고양이의귀여움엔브레,훌륭한 리뷰입니다. 잘 봤습니다.,2,2020-09-23T16:08:38Z
3S2MyKwpCmQ,UgxAXTco6ErySQpdqSV4AaABAg,@노대감,굉장한 결말해설이네요!,1,2020-12-12T11:03:58Z
3S2MyKwpCmQ,UgyKyknJiuPedx_fGJB4AaABAg,@sephiroth8809,리뷰로 보니까 꿀잼이넹 ㄷㄷ,1,2023-04-13T04:35:53Z
3S2MyKwpCmQ,UgyGLXGXCSMG0w984KB4AaABAg,@doyeonkim1965,뭔가 주인공 아델 에그자르코풀로스랑 닮았네요 ㅎㅎ...,3,2020-09-06T14:10:15Z
3S2MyKwpCmQ,UgzJEKggUlQYQ1ut1DZ4AaABAg,@banao4413,3:58 이장면 영화asmr 모음집에서 봤었는데 이영화에 나왔군요!,1,2020-09-24T21:52:01Z
3S2MyKwpCmQ,UgyTznpjqkEA7NuWsAp4AaABAg,@냐옹-y6e,너무슬프다,3,2020-09-15T21:02:02Z
3S2MyKwpCmQ,Ugy5iF8acCXpyzjRBQx4AaABAg,@korntdc,리뷰와 목소리가 너무 좋으네요~^^,1,2020-09-23T03:07:36Z
3S2MyKwpCmQ,UgytOFPaacf3evhzwNZ4AaABAg,@김상우-g1g,영상 볼때마다 느끼지망 졸라 멋있다 ㅋㅋ,5,2020-09-07T03:26:00Z
3S2MyKwpCmQ,UgzgW0Vq5_PIT0xmztJ4AaABAg,@카리야-w8h,이걸... 아프다고 해야할까 먹먹하다고 해야할까,2,2020-09-23T12:22:53Z
zWGLox_Y5Xw,UgyfTB121qq8amzADoB4AaABAg,@via-wj2yn,영화당 평생 했으면 좋겠다,40,2019-09-20T10:25:16Z
zWGLox_Y5Xw,Ugz0vL7IfVdrk2tDJ-t4AaABAg,@ia1425,이동진 평론가님 목소리가 많이 가라앉은거같네요 ㅠㅠㅠㅠ최근에 스케줄이 힘드셨는지..오늘도 잘보고갑니당,44,2019-09-20T11:55:25Z
zWGLox_Y5Xw,UgwcN14nSfs0_YkuXxF4AaABAg,@jisu1944,영화 추천 프로그램으로 최고예요 사라지지 않고 장수하길ㅠㅠ,31,2019-09-20T09:50:44Z
zWGLox_Y5Xw,UgwprSQ8UUcTtim5Z-x4AaABAg,@RingRingU,영화당의 품격은 변치 않는군요,16,2019-09-20T09:07:58Z
zWGLox_Y5Xw,UgxNiPTbPsKld0HG8Xd4AaABAg,@행인이-l2e,으아아... 동진님 목소리에 마음이 아프네요...,12,2019-09-20T16:40:21Z
zWGLox_Y5Xw,Ugwvm847jI70eKlOJBh4AaABAg,@sa_j.o,"로제타 보면서 마음이 무거워지고 힘들었지만, 이러한 문제점을 알리려고 노력하는 감독에 대한 존경심이 생기더라구요. 영화당에서 이런 훌륭한 작품을 알려주시다니 존경합니다!영화당 영원하라 :)",12,2019-09-20T15:27:37Z
zWGLox_Y5Xw,UgwWybO4zbML7k4szbd4AaABAg,@즈엉즈엉-g3m,그나저나 벌써 영화당이 177회네요. 장수하길 정말 바랍니다!! (200회 때는 다크나이트 삼부작...??? ㅎㅎㅎ),14,2019-09-20T10:56:45Z
zWGLox_Y5Xw,Ugzs_6yL0_aFuEPmIoh4AaABAg,@planet-j4s,로제타가 평범한 삶을 살 수 있기를 간절히 바라며 본 영화입니다. 다르덴 형제 영화의 본령을 만난 느낌. '아들'도 보고 싶어요. (로제타 사람 이름인데 처음 들었을때 로제타석이 떠오른...^^;;),6,2019-09-23T08:50:48Z
zWGLox_Y5Xw,UgwmAoyFxQFeUhV09V14AaABAg,@이수형-k2h,"유독 로제타 얼굴이 화면에 계속 꽉차서 더 긴장감있고 감정적으로 느껴졌어요. '술병', '헤어 드라이기'처럼 사회가 로제타를 '임시방편'으로 사용하고 있다는 해석을 정말 기가막히네요",3,2023-02-17T17:58:10Z
zWGLox_Y5Xw,Ugz8PR4x6Njkor9JjxN4AaABAg,@yeonkim7458,"초반에 중혁작가님이 
운전석 조수석 얘기하시는데
셔츠의 문양이 안전벨트처럼 보여서
순간 빵처졌네요 ㅎ",4,2019-09-20T21:54:51Z
zWGLox_Y5Xw,Ugyh0OvU0w3Hx3z3bQJ4AaABAg,@베지타맥스.vezitamax,김작가님 센스가 너무 좋으셔..ㅎㅎ,5,2019-09-20T10:46:18Z
zWGLox_Y5Xw,UgzQ1aHXaCiGiep06QZ4AaABAg,@gek2sound,아이고 동진햄 계속 몸이 안좋으신가보네요 빨리 쾌차하시길,3,2019-09-21T06:53:57Z
zWGLox_Y5Xw,UgwqUxrtSsdvx8FPowl4AaABAg,@_heemoon,믿고보는 영화당!,6,2019-09-20T09:23:57Z
zWGLox_Y5Xw,UgxOc7U4Etmtq4wFUA94AaABAg,@mys6526,크... 로제타,6,2019-09-20T14:33:33Z
zWGLox_Y5Xw,Ugwg99uqqQSY-QgOHrN4AaABAg,@hodoowooyoo,사회가 로제타를 임시변통으로 사용했다... 이 말이 주제네요.,2,2020-01-28T16:11:10Z
zWGLox_Y5Xw,UgxQAUfMMRlrOQPbMkx4AaABAg,@고요살롱,'그럼에도 불구하고' 너무 좋네요 ㅋㅋㅋ,2,2019-09-22T04:41:50Z
zWGLox_Y5Xw,Ugy082Foki-LSkfyWw54AaABAg,@ethanhunt4569,12:18 김중혁 작가님 ㅋㅋㅋ 왠지 의뭉스런 표정을 지으시네요 ㅋㅋㅋㅋㅋㅋㅋ,2,2019-09-20T12:31:02Z
zWGLox_Y5Xw,Ugx24arC7DsLHWij9sF4AaABAg,@김경민-n4f,"불금+맥주= 영화당으로 맨날 즐기고있는데, 이번에 로제타편 보고  괜히 죄책감이 ㅜ",2,2019-09-20T14:07:07Z
zWGLox_Y5Xw,UgxzZ8I5kJnsmU4QPR14AaABAg,@꼭두각시-t2k,인생은 짧고 예술은 길다.............영원한 가치를 지닌 작품들...........환절기 건강하시길..........역사청화수,0,2025-04-05T03:41:00Z
zWGLox_Y5Xw,UgzEKtPoXVNfSNH50tJ4AaABAg,@nancykim4535,인생 상담 받고 싶어염,1,2019-09-21T14:05:16Z
zWGLox_Y5Xw,UgzhwhxKIVHf9_6AxwJ4AaABAg,@キソ2093,요번에 타란티노 영화도 개봉했는데 타란티노 ㄱㄱ?,1,2019-09-27T05:20:58Z
zWGLox_Y5Xw,UgwEl4n_PFGNBovcf594AaABAg,@TheDYHONG,edius가 편집했다는 로고 뜬 영화당 소리랑 영상이 안맞아요!!! 1분 브리핑 망했 ㅠㅠ,1,2019-10-13T11:56:43Z
zWGLox_Y5Xw,Ugx72Xovs6Ahf6Gf4zl4AaABAg,@배병지-q9b,그냥 옛날 처럼 하나로 만들어주세요; 되게 불편하네요.,6,2019-09-20T12:11:43Z
44ICRVWJFo0,Ugz8Js9lTzTo8HsN-ll4AaABAg,@숲향기-i2f,"sns 등을 통해 우리 보다 수 배~ 수십배 이상 소득이 높은 사람들의 삶을 볼 수 있는 시대를 살고 있지만 어디서도 볼 수 없는 상상 이상의 처절한 삶은 사는 사람들도 많을거에요..
한편의 영화의 영향력이 크네요. 벨기에 내에서 로제타 플랜이 많은 청년들의 삶에 희망이 되었길.. 우리 나라에도 꿈꾸기 조차 어려운 청년들을 위한 실질적인 정책이 많이 나오고 실행 됐으면 좋겠어요. 지나고 보니 젊어서.. 어려서 참 힘들었던 시간들이 있었거든요.
이 땅의 모든 로제타들 마음으로라도 꼭 안아주고싶네요..",16,2023-01-05T05:48:39Z
44ICRVWJFo0,UgxbvuYDom0YDfR4lAx4AaABAg,@성이름-s2s6f,로제타의 복통은 생리통인 건가요? 심각한 병이 아니었으면 좋겠네요…,7,2023-01-08T15:16:55Z
44ICRVWJFo0,Ugy-ugDw4Jj2Nq6gt8N4AaABAg,@ksm0630,좋은 영화 소개해 주셔서 감사합니다. 현실속에서 충분히 일어나고 있는 일.. 너무 안타깝고 슬프네요,8,2022-12-30T14:27:48Z
44ICRVWJFo0,UgzDoWECKHrhOaXmd3R4AaABAg,@조운-s2q,"이 감독의 더 차일드, 자전거 탄 소년도 빈민의 삶을 리얼하게 찍어 칸에서 수상. 한국영화는 빈민은 아니지만 좋은 친구들, 머니백,이웃집남자가 결이 비슷.",4,2022-12-31T05:32:59Z
44ICRVWJFo0,UgwvkZE7_zHt54-KOcF4AaABAg,@하하히히-j6g,영화와 하루님 목소리가 너무 적절해요 ㅠ 소개 고맙습니다 영화 꼭 볼께요,3,2023-01-09T17:22:46Z
44ICRVWJFo0,UgyBMGimJBVB7YLZfsZ4AaABAg,@sonialee8944,리케 착하네..,1,2023-02-12T02:51:21Z
44ICRVWJFo0,UgwxPhiZahUXnjTAKYp4AaABAg,@Graymotto,근래에 보기 드문 좋은 영화네요.,1,2023-01-23T16:15:56Z
44ICRVWJFo0,UgzraNzN3iwF7tfDTpR4AaABAg,@W_Wunderkind,이미 99년도 영화라니...,1,2023-05-05T11:35:14Z
44ICRVWJFo0,Ugy2ljb8hRtMFXJMZjJ4AaABAg,@graycat_01,이 영화 영상에 댓글이 이정도 밖에 안달리다니...  칸영화제 최고상인 황금종려상을 받은 작품이고 거장 다르덴 형제의 작품.  정적이고 차갑고 불안한 시선  그 속에서 묘한 긴장감과 궁금증을 끌어 내다가 마지막엔 정말 강한 여운을 남긴 작품.    많은 것들을 생각하고 느끼게 해준다.,4,2023-05-05T16:23:12Z
44ICRVWJFo0,UgwRyQIlccGlw3uULyx4AaABAg,@d__u__dudu6878,이건 본영화 풀버전으로 보시길 권유 드립니다…,1,2024-04-04T15:41:47Z
_HVWMXU4T78,UgznzRiTvYP4v893zM54AaABAg,@영영영-yyy,"영화 로제타....벨기에 청년실업 심했던시기 일자리를 찾아가는.....
로제타가 여자였군요...
힘들게 힘들게 거칠게 살아가는...
로제타가 기댈 사람이없어
로제타에게 기대는...........
스스로가 스스로를 위로하는.....
곳곳의 로제타들 꼭 보세요~~
힘내세요~~~♡",3,2019-09-14T09:58:13Z
_HVWMXU4T78,Ugx77NNP84-rDGhLboN4AaABAg,@tvno.1533,"방송국이라는 채널명과 다양한 분야의 영상,정보등 볼게 무궁무진하네요ㅎㅎ서로 피드백 주고받으면서 원하는것 이상으로 성장했으면 좋겠습니다 영상 잘보겠습니다!!",1,2019-09-15T08:46:32Z
_HVWMXU4T78,UgwKepe5aRu8AoMXfip4AaABAg,@TV-pc8ce,친구한테 리뷰를 듣는 듯한 느낌이라 좋네요. 잔잔하니 한국 느낌 납니다.,1,2019-09-16T15:18:31Z
_HVWMXU4T78,Ugy05xf9zSmqEVCxI1V4AaABAg,@with_bingbong,늘 느끼는건데 옆에서 친구가 얘기해주는것 같아서 좋은 것 같아영 ㅋㅋㅋ 이번엔 로제타를 한번 봐야겟어영,1,2019-09-16T02:41:57Z
_HVWMXU4T78,UgyHZ12eMb91aX9eOhd4AaABAg,@tvleahbbubbutv1626,로제타를 안볼수가없겠어요~자주 놀러올께요^^,1,2019-09-14T14:40:03Z
_HVWMXU4T78,Ugx87ZyLYAfaNFAPzd14AaABAg,@주간아재,시간내어 꼭보겠습니다. 감사해요~,2,2019-09-14T16:33:46Z
_HVWMXU4T78,UgxzMWVTtsS6exTOkK14AaABAg,@migook_bro,떠드는 영화 시리즈의 컨셉이 참 좋아요~ 계속 보게 되네요 ㅎㅎ,1,2019-09-15T03:13:24Z
_HVWMXU4T78,UgzHIJOtdxAd6Wiiwut4AaABAg,@안녕하셈숑,꼭 한번 영화를 봐야겠네요 ~ 좋은 영화 소개 감사드려요 ^^~,1,2019-09-15T02:23:00Z
_HVWMXU4T78,Ugz2296trqVN9fx4_St4AaABAg,@wowpianogirl,한배우 늠 이뻐용,1,2019-09-14T11:22:13Z
_HVWMXU4T78,UgyRN4oCkTPR1psFncF4AaABAg,@Moviehanjan,우린 로제타!!잘보고가용^^,0,2019-09-19T10:19:30Z
_HVWMXU4T78,UgzB0JYwR4hnwtLgjhl4AaABAg,@vm4699,추석연휴인데도 불구하고 한배우님 수고가 많으십니다,0,2019-09-14T09:38:12Z
_HVWMXU4T78,UgxH85w8q45sbGnV84N4AaABAg,@Story-uk2pk,"영화추천까지 와~~~좋습니다
잉 하지만...ㅠㅠ 새드 앤딩은 싫어요 ~

필할수 없는 현실.... 
""우린 로제타"" 어떻게 생각하고 받아 들이냐에 따라 아마 위로가 될수도 있지 않을까 합니다!
한번 찾아서 봐야겠습니다^-^",1,2019-09-14T09:18:55Z
AE-f0s-qjds,Ugxv7Lq--W-QXY39Gl94AaABAg,@gek2sound,영화당 아니면 있는지도 모를 영화들인데 '취향의 가지치기'에 참 도움이 되는 프로그램입니다,7,2019-09-21T07:35:59Z
AE-f0s-qjds,UgxGDOw_SIY8w29FIFF4AaABAg,@planet-j4s,두 배우 연기 정말 인상적이었죠~ 수직과 수평 비유 역시 ^^,3,2019-09-23T08:58:04Z
AE-f0s-qjds,Ugx2Jav0OCI_kfNpcEx4AaABAg,@youngcho1301,ㅠㅠㅠ 영화 안봤는데 이야기 듣는것만으로도 넘 슬프네요ㅠㅠㅠㅠ,3,2019-09-20T15:13:29Z
AE-f0s-qjds,UgxNY-is_UeUCikIwjN4AaABAg,@querencia_art,시스터보고 펑펑 울었던 기억이ㅠㅠ 이 영화 다뤄주셔서 감사해요ㅠㅠ,0,2021-12-18T17:39:47Z
AE-f0s-qjds,UgxQ0CSFqjwUuS5is0V4AaABAg,@Jibegagosiptta,너무 슬퍼요...,1,2019-09-21T13:20:38Z
AE-f0s-qjds,UgxD9P_0N7e4-nX-TNp4AaABAg,@munjidel,"영화로만 보고싶은 이야기인데~
상상력과 인간의 심리를 정말 잘 표현한 영화
인거 같아요!! 좋은영화 추천 감사합니다!",1,2019-09-21T06:34:35Z
AE-f0s-qjds,UgyzbatyBJU9w842NiF4AaABAg,@mmmeung8772,오손 웰즈감독 영화해주세요. 제발 너무 어려워요,1,2019-09-22T15:04:18Z
AE-f0s-qjds,Ugzwx3qhOcGy-k5TI994AaABAg,@ghkim4439,저도 레아 세이두 사랑합니다,1,2019-09-22T09:27:21Z
AE-f0s-qjds,UgzGxI9mmNXEtbnHEnF4AaABAg,@꼭두각시-t2k,이야기  대신에 몸짓으로 우리에게 말했던 시간들이 그립군요......................역사청화수,0,2025-04-10T01:36:31Z
AE-f0s-qjds,UgxQjK7TZb8mADk7MyB4AaABAg,@봄비-x7l,"그래서 저도 로제타가 훨씬 더 잘 만들었다고^^;;;;;; 두 분 생각에 공감백배 합니다
그 무거운 가스통을 들고 가다 넘어져서 펑펑
울던 로제타의 등은 보는 이로 하여금 무참함까지 느끼게 할 정도였죠

좋은 영화 알게 해주셔서 정말 감사합니다^^",2,2019-09-20T16:02:40Z
AE-f0s-qjds,UgxPk_xEcgPkef59DUN4AaABAg,@해리해리-v2k,"2부 조회수가 낮아요ㅠㅠ
많이들 봤으면 좋겠습니다",2,2019-09-21T01:35:37Z
AE-f0s-qjds,Ugwl5OiqFRCK8GNpnzV4AaABAg,@Chanu-tv,"고전영화 특집도 좀 해줬으면 합니다. 예를 들어 샘페킨파 특집이라든가 고전 서부영화 특집으로 once upon a time in the west 와  wild bunch 를  소개하는 것도 재밌을것 같습니다. 

그러니까 뭔가 현대 영화의 뿌리가 된 중요한 영화들 있지 않습니까? 그런 영화들도 좋고. 한국 영화들 중에서도 재밌는 고전 영화 많잖아요. 예를 들어 김기영 감독의 이어도 같은 영화도 좋고.....",3,2019-09-22T04:41:22Z
WANb-t7ggOE,UgxkhTnQ3KpyifmM0DB4AaABAg,@수르릅,1:1 비밀 x스 교육 ㄷㄷ,16,2026-02-13T09:05:27Z
WANb-t7ggOE,UgwQFHR84meanlLtKCl4AaABAg,@memoire4953,"50:20 약간 이런 느낌이죠. 
인간 : 1번은 까딱하면 역전당할 수 있어. 2번은 무조건 이겨. 2번으로 가자.
기계 : 아니 20수만에 이길 수 있는데 뭐하러 21수나 둠?
인간 : 그러다 실수하면 안 되잖아. 무조건 이길 수 있는데 뭐하러 위험을 감수해?
기계 : 아니 실수 안 하면 되잖아

57:14 앙 파상(en passant) 영어로는 in passing. 우리말로 하면 '지나가는 도중에' 잡는다는 거죠. 두 칸 가는 걸 한 칸씩 두번 간다고 상상을 해 보세요. 그걸 두 칸 앞까지 도착하기 전에, 한 칸 앞을 '지나가고 있는 도중에' 잡아버린다는 설정입니다. 한 턴이 지나면 두 칸 앞에 완전히 도착한 이후라서 잡을 수 없는 거죠.

로제타님  금방 실력 늘 거 같은데요? 세상 250 중에 제일 잘 두시는 거 같아요. 무승부신청 안 하시고, 놓기 전에 ""여기 놔도 안 죽나?"" 확인하고 두시면 600 정도는 금방이실 듯? 특히, '체크'라고 무슨 무적이 되는 게 아니예요. ""체크를 거는 애가 잡힐 수도 있다""는 걸 꼭 조심하세요.
슥슥이님 합방 끝나고 진짜로 체스 문제를 더 푸셨군요. 감동인데요 ㅎㅎ",11,2026-02-14T08:54:19Z
WANb-t7ggOE,UgxV5WVsoawK3W0uOcR4AaABAg,@넬슈아,선생님의 피드백 받은 수녀님은 더욱성장한다,5,2026-02-13T09:05:02Z
WANb-t7ggOE,Ugz4lK6gDzuwNXC8Zop4AaABAg,@바삭바삭한돈까스빌런,"수녀님 발전이 빨라!
센세도 너무 잘알려주셔서 쏙쏙 들어와용",4,2026-02-13T09:06:04Z
WANb-t7ggOE,Ugy75z3pQMmsGPy7a9h4AaABAg,@해산물장인,근데 진심으로 생각보다 잘하는디? 한달을 한 게 아니라 거의 방송에 나온 만큼만 게임하던데 저정도면 ㄹㅇ 성장 빠른거임,4,2026-02-14T04:24:27Z
WANb-t7ggOE,Ugx3BM1NKU95rH_NF5R4AaABAg,@cloudymoon9,체스닷컴 쌀먹하는 로제타 ㅋㅋㅋㅋㅋㅋ,1,2026-02-21T15:16:22Z
WANb-t7ggOE,UgzGr6loA2Z-cNZx2kR4AaABAg,@davidkennedy1519,너없으면체스인방망해킵고잉에이,3,2026-02-13T15:36:05Z
WANb-t7ggOE,UgxNCxqA3Fv6kVtfRBt4AaABAg,@water_flame,경로가 보이는게 많이 큰듯,0,2026-02-20T11:56:45Z
WANb-t7ggOE,UgxNU4os3-FljcwCKn94AaABAg,@zzz-wm4uf,1:49:07 이건 착각하신거겠죠? 백이 이겼는데 로제타님이 흑이시니까...,0,2026-02-22T10:39:25Z
WANb-t7ggOE,Ugzs1N2wMSSN6vRPzHt4AaABAg,@박주혁-r4j,1:12:37 와 여기서 h4 어케 본거지 ㅋㅋㅋㅋ 어거 보면 ㄹㅇ 뉴비 아닌데,1,2026-02-17T16:56:46Z
M3239SdlLDs,UgyT5kZW4NBme-HQxvR4AaABAg,@끼끼-e3x,겜하다 빡쳐서 유게에다 불평하는거 완전 유게이 평균ㅋㅋㅋㅋㅋ,1,2024-03-01T23:32:32Z
b6cg6FyVu9s,UgyDEyN4h-mgm5B9aS14AaABAg,@wakamo-i4q,10년 이상 팔리고있는 저 장난감ㅋㅋㅋㅋ 예전에 갖고있었는데 아직도 팔고있네요,147,2025-08-03T01:50:51Z
b6cg6FyVu9s,Ugz-k4RuX4i661XV2NV4AaABAg,@힙합텔러,왜 파랑이냐면 음.. 제 *마음이죠*,113,2025-07-30T09:10:49Z
b6cg6FyVu9s,UgxC6UMXd4tAinZu-l14AaABAg,@Chuchu_brother,학원마치고 장난귤보니까 더 재밌는듯❤❤❤❤,50,2025-07-30T07:06:05Z
b6cg6FyVu9s,UgxC2eBj2pBfgU7zJIx4AaABAg,@try-kyy,"나 옛날에 저거 종류별로 다있었는데😂😂
근데 결국엔 다부셔져서 벼렸던 기억이 있네요ㅋㅋ",8,2025-08-09T13:17:11Z
b6cg6FyVu9s,UgzCERUs7JhhXmz-C4Z4AaABAg,@kong023-VgCr,"""무게가 멋있고 외관이 좀 나가네요"" 자연스럽게 지나가서 눈치 못 챌 뻔했네ㅋㅋㅋㅋㅋ",3,2025-07-31T15:25:48Z
b6cg6FyVu9s,UgzEQTzf8PN7NvjKOv14AaABAg,@14년생bike,장난귤님 하나 하나 재미있는 멘트 꿀잼 이에요❤❤,11,2025-09-01T13:03:45Z
b6cg6FyVu9s,UgymaUH6k_fhNJbBqB94AaABAg,@양태호-w9z,매일 재미있는 영상 감사합니다 ❤,0,2026-03-21T15:16:45Z
b6cg6FyVu9s,UgxyOAL2ododkhljejh4AaABAg,@더미님,파란색이 본인의 마음이라고 자백 하셨네,0,2026-02-17T05:53:03Z
b6cg6FyVu9s,Ugw1GGu87kXVy_leE3d4AaABAg,@형민성-t6c,"와 이로봇 추억이다...
어릴때이거 갖고놀았음",1,2025-12-07T05:42:30Z
b6cg6FyVu9s,UgwQdIsiIq0aTHy4UER4AaABAg,@감자먹는놈,슈퍼 슬라이드라는 게임기 리뷰 해주십시오 지금 제가 아주 재밌게 갖고 놀고 있습니다,2,2025-07-30T07:43:25Z
b6cg6FyVu9s,Ugxo7H_KAQPLDEOPDhl4AaABAg,@Jw_un,역시 주인장님 ㅇㅈㅁ이시군요,2,2025-11-08T10:28:12Z
b6cg6FyVu9s,Ugy0qp--hxSc4N_tHvx4AaABAg,@henry-d5h6r,저 12살인데 아직도 장난감 좋아합니다,0,2026-07-07T11:56:51Z
b6cg6FyVu9s,Ugz9oRpn-4zKJ-JVky14AaABAg,@borabi3502,음.... 다이소에서 보고 한번씩 사보고 싶긴 했는데 역시 가격값 ㅋㅋㅋㅋ,0,2025-11-12T15:46:59Z
b6cg6FyVu9s,Ugyc04nucEWURDjIm_h4AaABAg,@kingkang-o5n,집에 있는 너는 그러면 다이소 에서 온 얘는 10살 그럼 끝내 두 명들은 30살 범블비도 30살 저도 갖고 싶네요. 형님들이랑 잘 지내면.,1,2026-01-05T04:59:14Z
b6cg6FyVu9s,Ugywrl8_ym8mSxIdp1p4AaABAg,@송헤헷,무게가 꽤 멋있네요,0,2025-09-27T11:52:53Z
b6cg6FyVu9s,UgzYQracGVSqcqty5f54AaABAg,@haseogjin,와 나 어릴때 저거갖고 겁나 놀았는데 저거 BMW모양 하양색 겁나 좋아했는데 요즘은 안보임 ㅠ,1,2025-08-08T13:30:01Z
b6cg6FyVu9s,UgwMgpcasckkNETDr-J4AaABAg,@버터체고,파란색하니까 그게 생각나네요 ㅎㅎ 민주ㄷ,0,2025-12-14T10:55:51Z
b6cg6FyVu9s,UgxZ78BQkJ2VljC8Php4AaABAg,@한번더힘차게,구독 할게요.,1,2025-12-29T14:51:22Z
b6cg6FyVu9s,Ugz7BnvvQ8LfKaJ7nl54AaABAg,@대한민국힘내자-f4q,아카데미m36리볼버 해주세요 그거 비비탄총중에 제일 싸요,3,2025-07-31T08:54:15Z
b6cg6FyVu9s,UgxnvAYaCbH8533u-3N4AaABAg,@Alan-dokebi482,범블비 겁나 멋짐,0,2025-12-20T07:30:22Z
b6cg6FyVu9s,UgzdXALVF7NOgH5M8L14AaABAg,@PSJKR-S911NK,오! 나 이거 베네노 주황꺼 있는데!,0,2025-10-17T09:50:52Z
b6cg6FyVu9s,UgzPQDuyXwj-9xnxSU54AaABAg,@DominicOh-w9g,어렸을때 외국에서 똑같은거 샀는데 제껀 캡틴 아메리카 버전입니닼ㅋㅋㅋ,0,2026-01-08T17:38:38Z
b6cg6FyVu9s,UgyBFHt2QoYFd4fYvAB4AaABAg,@Shotskorea,"그 저거보다 가끔큰다이소 가보면 2000원짜리
로봇이 있는데 그게 퀄리티좋고 저거하고
재료 느낌은 비슷한데 총.칼만 안들어가있고
좀작아요",2,2025-08-01T20:43:18Z
b6cg6FyVu9s,Ugx-L1hG86kt8afQ8nJ4AaABAg,@Rotten_Gardener,아니 분홍이랑 주황이있었네,1,2025-08-07T11:06:23Z
b6cg6FyVu9s,Ugy_ypsZwQ3F8LGTq0t4AaABAg,@jordanpatchable,영상 재밌게 보고 있습니다! 마루이 데저트이글 전동건 리뷰해주실수 있나요?,0,2025-07-31T11:56:26Z
b6cg6FyVu9s,UgwmAzLg7MQ_o59-FvV4AaABAg,@LyN라이칸,아...저때 저거 한.. 7년전에 베이론으로 가지고있었는데 저게 아직도있는게 신기하네요..,3,2025-08-29T05:33:17Z
b6cg6FyVu9s,UgyNGopNiBVg1GVgY2t4AaABAg,@로이Roy_siol,니도 예전에 로봇장난감 많이갖고 놀았는데 이젠 추억이네 ㅋㅋㅋㅋㅋㅋ,0,2025-08-01T00:38:50Z
b6cg6FyVu9s,UgzxZS8CrEZe_Ywi-2J4AaABAg,@유튜브하는인어공주,저거 기차변신로봇도 있어요 풀메탈이라 묵직해서 좋음,1,2025-07-30T08:00:34Z
b6cg6FyVu9s,UgzuCr0CaauhB9oFQhZ4AaABAg,@도미닉_0407,아프리카에서 저거 캡틴 아메리카 버전 팔길래 당장 사서 재밌게 놀았던적 있었는데 추억이다 😢,0,2025-09-13T16:56:20Z
b6cg6FyVu9s,UgxhDSAsWQXkIoDt6Zp4AaABAg,@생물-24jaks,재밌다 ㅋㅋ,0,2025-08-03T07:00:16Z
ZxzTUBYwMiA,Ugxta0V61X9Z2upmQMB4AaABAg,@R.Rosetta,사사는 봇치가 맞다…,47,2023-11-14T03:48:28Z
ZxzTUBYwMiA,UgwH8k5T9Zf-0E8xFxN4AaABAg,@roiqu2128,돌이켜보니 여기서 이미 라이브루리 기숙사 떡밥을 뿌려뒀었구나...,1,2023-11-14T02:06:55Z
ZxzTUBYwMiA,UgwmySAMpttvsmi44rZ4AaABAg,@1초전-x4i,고모는 응애야..,1,2023-11-14T06:13:42Z
ZxzTUBYwMiA,UgzdljhVG2aNKBMk3_V4AaABAg,@dodotama,봇치라......아니라고 할수 없지,1,2023-11-14T07:05:32Z
ZxzTUBYwMiA,UgyetVbI6cZZbPMwMv94AaABAg,@grad_401,사사 고모가...봇치...정확한 평론이군,0,2023-11-14T10:35:20Z
ZxzTUBYwMiA,UgxDcNdZH6NcEzn3gWZ4AaABAg,@AhureruSekai,꼬모꼬모야...,0,2023-11-14T08:38:44Z
ZxzTUBYwMiA,Ugy749gz3g0HCnYi0hB4AaABAg,@woosun101,장녀일세 ㅋㅋㅋㅋㅋㅋ😂,0,2023-11-14T11:27:19Z
ZxzTUBYwMiA,Ugx7aUlg5mr8JU1hW614AaABAg,@kingaristocat,근근랜드를 만드는 게 빠를 듯ㅋㅋ,0,2023-11-14T04:28:00Z
FEvvMQWT5_g,UgxTiRikKDx7ltKWZNZ4AaABAg,@이어-d8r,사실 프리미엄도 리체스가 거의 안 밀림 ㅋㅋ,21,2025-08-02T04:20:35Z
FEvvMQWT5_g,Ugx1apfqv5vgrfc-Gk54AaABAg,@동관김-r2k,"체닷이 실시간 대전 빼곤 리체스보다 못한 점이 많아서  체닷에선 실시간 대전만 합니다. 퍼즐, 강의, 경기 분석, 오프닝 다 리체스가 더 좋아요. 사용법을 익히면 많이 도움돼요. 체닷 골드 정도는 리체스가 해줄 수 있어요.",18,2025-08-03T05:56:41Z
FEvvMQWT5_g,UgyZ9p7-P_SOP4BjMV94AaABAg,@고차부등식,"체닷도 비영리기업이 아니기 때문에...
돈을 벌고 싶어는 합니다",5,2025-08-02T08:25:19Z
FEvvMQWT5_g,Ugwi2UptTU0QMNNLipN4AaABAg,@잼민이컨셉이다,체닷 평가 무제한이였으면 좋겠는데 무과금이여도,7,2025-08-02T03:06:47Z
FEvvMQWT5_g,UgwAV0qirBLVbGF4gAh4AaABAg,@safe_of_pjh,꽤 가성비 괜찮음 예.,1,2025-08-02T03:21:25Z
FEvvMQWT5_g,UgwjGVqGB0_EStNihhR4AaABAg,@안경쓴포비,할인할 때 1년 플레티넘 질렸는데 나름 괜찮음. 46000원 정도임.,0,2025-08-02T06:39:15Z
FEvvMQWT5_g,Ugy69mUzQeyBhj1pPrh4AaABAg,@IgusaHaruka,"퍼즐 점수 10만점 유저입니다.
머리아프니까 하지마십쇼.",0,2025-08-02T05:35:02Z
FEvvMQWT5_g,UgyLjYv0TQVCNkacSpx4AaABAg,@서녕-s5w,외국밈을 왜 잘알지?💀💀,0,2025-08-02T03:06:10Z
FEvvMQWT5_g,UgxtxhnBYM26Rq5Q7wV4AaABAg,@하이닉스-123,"제일짜증나는 기물 1가지씩 적어주세요(일단저는 은신비숍,비숍으로 퀸,룩 스큐어,킹,퀸 스큐어라서 비숍 ㄹㅈㄷ 짜증남)",1,2025-08-07T08:33:17Z
8dF3ayw-eKc,UgzCMwR91TzhD7sW4VF4AaABAg,@MrReuse-nl1ul,"로하로하로하~

일단 6개월 정도는 지켜보는걸로...",1,2025-10-23T23:51:10Z
8dF3ayw-eKc,UgynOtLCtJzbJcMNZat4AaABAg,@바삭바삭한돈까스빌런,"초반에 즐기는 사람들이 리뷰 많이 하고 후기 남길텐데 달리다가 에너지가 없어서 턱 막히는건 확실히 불편하겠네요...
시작 유저들을 잘 챙겨줘야 흥행에 도움이 될텐데 걱정이에요",0,2025-10-24T04:17:00Z
8dF3ayw-eKc,Ugwipy2kufFs0WCy8G14AaABAg,@VLITZ717,사실상 저챗인데 게임소리가 너무 큰거 같아요,0,2025-11-02T11:28:30Z
8dF3ayw-eKc,UgzFSRDOrx6dxYsnyPB4AaABAg,@Replica-fd7kx,"첫날? 플레이 해보고 느낀 건 옛날 원신이 생각 나써요 
첫날에 좀 빡 해놓고 싶었는데 에너지가 너무 없어서 어떻게 어떻게 쥐어 짜서 겜 하고 
같은 날 정식 오픈은 아니지만 카제나 보다는.. 할만하다고 해야 하나 게임도 그렇게 복잡한 것도 아니고 
아트 스타일도 취향이라 그럭저럭 만족스러워요",0,2025-10-24T03:09:22Z
8dF3ayw-eKc,Ugy70BUlg7HZe1XZn2d4AaABAg,@넬슈아,전투는 재미있네요,0,2025-10-24T00:21:07Z
8dF3ayw-eKc,UgzdteXslZUGkKJV7Nt4AaABAg,@두두두두-m7p,"하실분들은 주의하세염 
정식출시전은 1500개로 뽑기가능 / 정식출시후 3000개로 2배증가 
부분더빙 / 버그있음 / 스토리 볼만함 / BM매움 / 6개월~1년사이로 섭종가능성
하시고싶다면 월마다 사는 짜잘한거만 추천",1,2025-10-24T03:59:54Z
HhnvuuEkDII,UgwFqASeCyNdpjGY0KB4AaABAg,@KJason-twkr,Welcome to Taiwan 🇹🇼 🎉🌟,0,2025-11-30T15:01:43Z
HhnvuuEkDII,UgyXq8QINcxz6a0zCqB4AaABAg,@無極-p8p,맛있는 우육면 설명할때 텐션이 ㅋㅋㅋ,0,2025-11-30T05:22:08Z
HhnvuuEkDII,UgyXl8Ahtg6bVqVDzWV4AaABAg,@Ways0620,해외여행은 진짜 가보고 싶다...,0,2025-11-30T01:06:13Z
HhnvuuEkDII,UgyKNrpMKzKzh4cbgdF4AaABAg,@Armageddon-2999,대만 갈만함.,0,2025-11-30T07:00:54Z
HhnvuuEkDII,UgzJ1Q4qjNhxUdBOjPV4AaABAg,@Le-qx7kt,제타 이뻐..❤,0,2025-11-30T01:56:17Z
HhnvuuEkDII,UgxZro5ymZSSWcLzr5F4AaABAg,@바삭바삭한돈까스빌런,"수녀님 잘 놀다오신게 너무 잘보여서 흐뭇하게 봤네요 ㅋㅋㅋㅋ
이렇게 좋은 추억 쌓아가는거 멋져요!",0,2025-11-30T02:12:05Z
HhnvuuEkDII,UgwrNY4eqReJoXYjQA14AaABAg,@DogFood4130,보는데 너무 좋아보여요 대관람차는 너무 무섭고 간만에 보는 개껌사탕은 추억이네요 저도 한번 갔다오고싶네요 다 맛있어보여..,0,2025-11-30T00:37:16Z
HhnvuuEkDII,UgwkfRDpAmOYpv1ZQhl4AaABAg,@Brave-Park,"대만음식이 은근 한국 사람 입맛에 잘 어울리는게 많아서 저도 1일 5식했던 기억이 나네요.
찐은 힘든것도 많은데 그건 저나라사람도 힘든 포지션이고 일반적으로는 참 맛있음.
곱창국수같은건 워낙 유명하니 넘어가고 펑리수말고도 디저트 류가 유독 괜찮음",0,2025-11-30T04:00:47Z
AZnTCfeDJXQ,Ugyfrlqxv-D8E3fwvMp4AaABAg,@무우-y9j,비포가 좀 뭐랄까 고흐스러움 더 예술적이얔ㅋㅋㅋㅋㅋㅋㅋㅋㅋ,28,2024-12-21T20:06:44Z
AZnTCfeDJXQ,UgzmZHLhsO3hUb6f9_J4AaABAg,@Steven-xf8mz,"I bet most people prefer the before cuz people prefer individualism than fixated looking ""art"". top = art, bottom = a working product.",16,2024-11-27T14:10:55Z
AZnTCfeDJXQ,UgwNwL33TwgrEq7N1i94AaABAg,@nfgrillo,the before ended up better lol,26,2024-08-19T22:07:19Z
AZnTCfeDJXQ,Ugw2sLeR1U4DlPPIRxB4AaABAg,@로그아웃이안됨,나만 첫번째꺼 좋다고 생각한거 아니구나 ㅋㅋ😂,5,2025-01-10T07:17:39Z
AZnTCfeDJXQ,UgyJmMDQUTseZyeN3el4AaABAg,@TNSSH105,So the point is to keep the pitcher just let the foam go zigzag and it will spread and stack automatically?,13,2024-06-22T15:40:21Z
AZnTCfeDJXQ,Ugzgspfog82-j1wtL0J4AaABAg,@jjo4350,I like the “before”,12,2024-10-19T05:22:29Z
AZnTCfeDJXQ,UgyKnwAfIIyOz1PZ5gR4AaABAg,@Soosoomusic,취향상 위에것이 더 이빠보이네요 ^^,3,2024-12-11T14:08:08Z
AZnTCfeDJXQ,Ugzz156ARghSjQh0Gcp4AaABAg,@serdarr-s,The first one is actually more aesthetic to me,0,2025-04-17T00:59:32Z
AZnTCfeDJXQ,Ugxr6lrG4wJkyoCusdl4AaABAg,@Zephriesz,"It's ""Latte Art"" not ""Latte CTRL C & CTRL V"". Art supposed to be made unique and imperfect, that what makes it hard to recreate. Top one is better",6,2024-10-18T04:11:13Z
AZnTCfeDJXQ,UgwHxpg4R1mROiGSLPN4AaABAg,@krisRm,Me gusta el de antes ❤😂,3,2024-10-21T10:17:17Z
AZnTCfeDJXQ,Ugwh5jYsoI88MT9-dvl4AaABAg,@GOD-BlessYou,Love before.,2,2024-12-24T14:22:03Z
AZnTCfeDJXQ,UgxqDPMjVQTD_ZoFvfh4AaABAg,@chicharra_12,Before looks hella better :),0,2025-01-16T21:14:30Z
AZnTCfeDJXQ,UgxntQ16U_E6wHppYTd4AaABAg,@TramLe-yq5yp,Amazing,0,2024-08-07T15:17:37Z
AZnTCfeDJXQ,UgwwRVLe_lJhLLHvWld4AaABAg,@LisaFernandes-Sugarlips199,I like the after,0,2025-03-13T11:28:53Z
AZnTCfeDJXQ,UgxPzsNO_NMH4lmJ_s54AaABAg,@RoamingShadowGems,I like the first one more.,0,2025-01-21T14:45:23Z
AZnTCfeDJXQ,UgykPgowCLMd9o38wJp4AaABAg,@9965Innocentgirl,Wow yummy 😋😋🤤🤤❤❤❤,1,2024-07-19T16:01:34Z
AZnTCfeDJXQ,Ugwq8E3bOP-zIGuii5B4AaABAg,@CoffeeKH,Nice,0,2025-01-02T09:06:32Z
AZnTCfeDJXQ,Ugx9hVAa1tvFcoOhU8N4AaABAg,@abdussattarasim6328,Good morning very nice 🎉caffeine,0,2024-10-12T05:26:17Z
AZnTCfeDJXQ,Ugy5YgewlwLCYcknIHh4AaABAg,@lilianeprado2633,❤,0,2024-07-12T15:20:55Z
AZnTCfeDJXQ,UgwFVYdzB5otvx9tVjl4AaABAg,@安妮塔女神,前面的很漂亮,3,2024-08-17T02:07:55Z
AZnTCfeDJXQ,UgwFPoRtWwLzNaZ-g_94AaABAg,@tantowijaya2554,Apakah ada yang tahu judul lagu ini apaa,0,2025-04-29T06:37:32Z
AZnTCfeDJXQ,UgzJVVfZUmcUWNHHr5l4AaABAg,@ClaraTatyana,Barbie1234,1,2025-01-18T12:18:10Z
AZnTCfeDJXQ,UgwhcLNWEkeT1iyPHkJ4AaABAg,@سلامزندگی-ط4ب,😏😏😏😏😏😏😏😏😏😏,1,2025-04-06T20:44:09Z
AZnTCfeDJXQ,Ugygh3APN_-2t-cnKcN4AaABAg,@mapvanhatban,Before is better drawing 😮,27,2024-07-04T02:14:09Z
AZnTCfeDJXQ,UgxgjdquZXrl6PB02sB4AaABAg,@Yabrother_Omar,Kakao?,0,2024-11-09T22:12:50Z
AZnTCfeDJXQ,UgwjFtbziQQsMp-yIEd4AaABAg,@anita-zq7fq,❤❤❤❤❤🎉🎉🎉,0,2024-11-23T06:42:12Z
AZnTCfeDJXQ,UgyEjl2kYhcXjRXr-054AaABAg,@kalysss_stuff,Waw a tutooooo,0,2024-07-26T08:09:03Z
AZnTCfeDJXQ,UgzBymYW9Cp1XGh1RkB4AaABAg,@UndbiraenaekaleZ,😲🧐🤨,0,2024-07-17T16:38:20Z
AZnTCfeDJXQ,UgxY3esmMIiYcpq-q5N4AaABAg,@morfeusz654,Ładniejsze to od góry,0,2024-12-13T06:04:23Z
AZnTCfeDJXQ,Ugyb4YdX2CDDClaaM8p4AaABAg,@趙芯儀-t4p,上面的漂亮、、、下面的讓人密集恐懼,0,2025-04-05T14:28:50Z
cyJ1ff7nu_Y,UgwZrv-tBasccYOYQ0R4AaABAg,@darkdeep9116,"""뭔가 많이 생략되었지만 요점은 맞았어""",24,2026-03-06T12:34:24Z
cyJ1ff7nu_Y,UgzcfqSTbVT0rln_CEF4AaABAg,@AMX105x02,"근데 무섭기도 한데 분명 초반 등장신의 그 으스함은 진짜 어마무시했는데
갑자기 주식이.....",15,2026-03-06T10:32:51Z
cyJ1ff7nu_Y,Ugy9qiWFS5MfHO2Ntgp4AaABAg,@수르릅,6:32 우문현답,11,2026-03-06T10:05:36Z
cyJ1ff7nu_Y,Ugw6zOLjzdwgSVtzfq14AaABAg,@taeyang3729,명작은 각 중요 장면마다 밈으로 만들어져서 그걸로 학습하다보니 내용은 따지고보면 다 아는데 합치지를 못하는 상태군요 ㅋㅋㅋㅋㅋ,7,2026-03-06T11:36:37Z
cyJ1ff7nu_Y,UgwrwKFXYmyysuJvIkt4AaABAg,@Lord_Unicorn,그냥 이쯤되면 보시는게 좋을것 같네요 ㅋㅋㅋㅋㅋㅋㅋㅋㅋㅋㅋㅋㅋㅋㅋ,4,2026-03-06T10:01:56Z
cyJ1ff7nu_Y,UgyLJpvenVkVDPNoRYR4AaABAg,@sharkvolt2903,"뭔가 중간 내용이 상당히 많이 빠지고, 요약과 왜곡이 많이 되었는데, 그럼에도 말한 내용은 신기하게도 다 맞음. ㅋㅋㅋ",5,2026-03-06T17:57:17Z
cyJ1ff7nu_Y,UgwVClArwPAsag9O6GN4AaABAg,@Lussaphi,이 정도면 그냥 보는 게 맞는 거 같음 ㅋㅋㅋㅋ,3,2026-03-06T12:38:31Z
cyJ1ff7nu_Y,Ugwm9jAEVqFcAAsbhZJ4AaABAg,@푸른별빛_0,일단 대충 때려맞춤이라는 소리 ㅋㅋㅋㅋㅋㅋㅋㅋㅋㅋㅋㅋㅋ,2,2026-03-06T12:53:19Z
cyJ1ff7nu_Y,UgxauVoZESq_n8g7sjx4AaABAg,@바삭바삭한돈까스빌런,"약간 틀리게 밈으로 알고있지만 대충 어느정도 맞음 ㅋㅋㅋㅋㅋㅋㅋ
요즘은 영화 내용을 밈처럼 돌려쓰는 일이 많다보니 글로 본 사람들은 이렇게 느낄만해요 ",3,2026-03-06T10:02:53Z
cyJ1ff7nu_Y,Ugw60TBTPWEKgGcKM694AaABAg,@Johnsmith_Baesanimsu,놀랍게도 영화에 나오는 장면들이 다 맞는 말이라 ㅋㅋㅋㅋㅋㅋ,3,2026-03-06T11:25:44Z
cyJ1ff7nu_Y,UgwGGyJ-SOHUMWPUvCt4AaABAg,@clipsee1541,와 영상 썸네일 보자마자 바로 긁혀서 눌러버렸다 젠장ㅋㅋㅋ,1,2026-03-06T15:49:44Z
cyJ1ff7nu_Y,UgynXZfor1qOu_inWSN4AaABAg,@kfpstaffsergeant1502,"반지의 제왕 요약: 
마왕의 뽕알을 들고 그 뽕알이 탄생한 서울 롯데타워 옆 화산에 뽕알을 던져서 마왕을 죽이러가는 스토리",6,2026-03-06T10:06:29Z
cyJ1ff7nu_Y,UgzoSizPMybaB054fgt4AaABAg,@alakas1601,아는데 모른다가 진짜 맞는말인거같은데ㅋㅋㅋㅋㅋㅋㅋㅋㅋㅋㅋ,1,2026-03-06T10:45:43Z
cyJ1ff7nu_Y,UgyMh6GrqHy-huJ_lkZ4AaABAg,@복음밥-s4m,재밌는 부분만 골라아는 거도 좋다.,0,2026-03-07T04:30:17Z
cyJ1ff7nu_Y,UgxOUYZHUAE2dVXjgPh4AaABAg,@넬슈아,수녀님 설명만 들으면 막장영화 ㅋㅋㅋㅋㅋ,0,2026-03-06T10:03:33Z
cyJ1ff7nu_Y,UgywoxLqBA9UEHDwjsN4AaABAg,@nosaster,언제나 행복하고 건강하게 지내세요!   :)   ❤❤❤❤,0,2026-03-06T14:49:56Z
cyJ1ff7nu_Y,UgytJ3kU7qciHY9dxH54AaABAg,@simhae1775,썸네일 귀엽다,0,2026-03-09T03:26:08Z
cyJ1ff7nu_Y,UgwOjcNtZRvKV23DYeR4AaABAg,@김말이-s5k,저 그때 초등학생때 보고 광대공포증이 ㄷㄷ❤❤........>_<,0,2026-03-06T10:14:00Z
cyJ1ff7nu_Y,UgwfI07U_xvi9Z5Ax2x4AaABAg,@겟타샤인,헤이즐넛은 좀 신선하네요...ㅋㅋㅋ,0,2026-03-07T00:45:28Z
cyJ1ff7nu_Y,UgwYFIYOnyLdZrPhD4l4AaABAg,@PTFE-4F,"수상할 정도로 노동의 가치에 분개하는 로제타 
올빼미에게 정상임금을 지불하라",0,2026-03-06T13:00:48Z
cyJ1ff7nu_Y,UgzULTqjS6nl95RE7e14AaABAg,@ksl5936,분명 틀린말 하나 없는데 왜 다른거같짘ㅋㅋㅋ,0,2026-03-06T17:37:03Z
cyJ1ff7nu_Y,UgwilYTqTVUMEEEPeMV4AaABAg,@MIDO-g2o,으른양 광대버전도 나오겠네,0,2026-03-06T10:15:42Z
cyJ1ff7nu_Y,UgwxXFwgMLHRqwWWRUt4AaABAg,@LoFTs,이거참 기막힌 ㅋㅋㅋㅋㅋㅋ,0,2026-03-06T12:12:28Z
cyJ1ff7nu_Y,UgyrY3ww8uDSHZz9pqd4AaABAg,@키리사키세이,그 폐 뜯어낸것이 악마들의 수장인 루시퍼여서 문제죠..^^,0,2026-03-06T13:58:34Z
cyJ1ff7nu_Y,UgycVGVyGbJySNwsW5N4AaABAg,@SoSeoLy,로제타가 말아주는 영화 줄거리 (영화를 밈으로 배움),0,2026-03-06T11:32:32Z
cyJ1ff7nu_Y,UgyJUQs3AqQtIl803NN4AaABAg,@kib5165,"페니와이즈?
 
그 주식폭망하고 사람이 죽는다고 외치는 그분이구나!(아님)

2017년도 작품은 뭔가 웃기는 댄스 장면으로 알려졌고요.",0,2026-03-07T01:42:06Z
cyJ1ff7nu_Y,UgzYI5DvcUsoEy9kZ9p4AaABAg,@AKARI_R1,2:26 잠깐 뭔가 이상해,2,2026-03-06T11:49:36Z
cyJ1ff7nu_Y,UgzBkpb-x6ljsH8i7DJ4AaABAg,@shg1123,약간 고장난 OCN 같은 처자,0,2026-03-09T01:55:25Z
cyJ1ff7nu_Y,UgwOz3do2YthiK-llsZ4AaABAg,@superna8,열받는데 부정을 할 수가 없네...,0,2026-03-06T17:49:49Z
cyJ1ff7nu_Y,UgwNyXbIRCj5OV0vVYl4AaABAg,@Hell_Dust-Buhnerman,옛날엔 몰라도 지금이라면 광대 웃음증이 터질 것 같아 못 보겠더군요.(...),0,2026-03-06T13:21:06Z
987P2IGKExY,UgwZBvLadgwh-WYdNoJ4AaABAg,@황현준-n1e,"궁금해서 찾아봤는데 서비스가 3월 18일자로 종료되었네요
아쉽지만 다른 것 있을 때 해봐야겠습니다!",39,2026-05-08T10:09:14Z
987P2IGKExY,UgysHtcfpt9nIUPdoRd4AaABAg,@수르릅,4:02 그 신 요즘 필멸자되서 명동에서 행복하게 커피 내리고 있다는 소문이,8,2026-05-08T10:04:35Z
987P2IGKExY,Ugymrtq0qTRp6TddmgR4AaABAg,@공산주의자_룩셈,"5:15 ""책임을 지는 사람에 대해 이야기한 적이 있었죠""",5,2026-05-08T10:29:56Z
987P2IGKExY,UgxD9G4FM31vVi1dxvN4AaABAg,@jasonpark80,강한 성향 요약하면 도파민에 환장한 사람..이라는 거잔아ㅋㅋㅋ,0,2026-05-18T04:29:41Z
987P2IGKExY,Ugy-Ba-h7A-TkQrqDE14AaABAg,@SoSeoLy,03:49 아 그래서 달려 있는 것도 폭넓게 수용하시는 거구나.,1,2026-05-08T13:08:06Z
987P2IGKExY,UgzR0OqiNYl2PmqQ-Tt4AaABAg,@넬슈아,예술과 호기심이 높은 수녀님 ㅋㅋㅋㅋ,1,2026-05-08T10:01:13Z
987P2IGKExY,UgxaKeWXCnTaJRewtv54AaABAg,@바삭바삭한돈까스빌런,"수녀님하고 좀더 잘 알게된 것 같은 시간이라 좋았어용
",2,2026-05-08T10:01:03Z
987P2IGKExY,Ugwg7oHhWTmK5S3Pqcd4AaABAg,@_sss_sss_,누구보다도 세상에서 최~~~~~~고로 자기자신을 사랑하는 사람,0,2026-05-11T04:40:06Z
987P2IGKExY,UgyaYy2kx05vS58e7Fl4AaABAg,@taeyang3729,개방적인 수녀님 ㅋㅋㅋㅋㅋㅋ,1,2026-05-08T11:32:16Z
987P2IGKExY,Ugz6ueIYiyA4l1e0CQd4AaABAg,@shg1123,로제타 IQ 해킹당했나봐 ㄷㄷ,0,2026-05-10T22:30:13Z
987P2IGKExY,UgxsL8CPen48_DiyRtp4AaABAg,@윤성원-e3m,"SBTI 라고, 요즘 유행하는 검사도 있더라고요
전 LOVE-R 나왔습니다",0,2026-05-08T11:58:51Z
987P2IGKExY,Ugz4GlojL2R7oT4GHHh4AaABAg,@BingHaU,크윽 해보려니 서비스 종료네요 ㅠㅠ,0,2026-05-08T16:34:24Z
987P2IGKExY,UgygRoAxBe9mU62Uzix4AaABAg,@Kevin-ps9yf,섭종... ㅋㅋㅋㅋ,0,2026-05-09T05:35:43Z
987P2IGKExY,Ugz604-CtNru-NtDVyR4AaABAg,@1초전-x4i,굳이 검사를 해봐야 아나요,0,2026-05-08T11:15:04Z
rRZohRpxqh0,Ugwj6hcFTGu_i_ylg114AaABAg,@콩은까야제맛-z2u,생일날 받는 유튜브 박제 하나더!,1,2024-01-01T16:09:00Z
VruTO2cZA20,UgxYOVjqjLYlKqx_MlF4AaABAg,@vvv5462,크아아악 꾀는거냐!!! 일루와잇!!,6,2025-07-20T01:27:04Z
VruTO2cZA20,UgwZxrsL91x_9TNEFhx4AaABAg,@taeyang3729,ㄱㅇㅇ~~,3,2025-07-20T05:57:51Z
VruTO2cZA20,UgygxlItASDDEwD1zpF4AaABAg,@DogFood4130,진짜 귀엽습니다 너무 귀여워서 집에 챙겨가고 싶은데 가능합니까?,0,2025-07-20T09:59:23Z
VruTO2cZA20,Ugxv2bi_cQyu1S3SX7h4AaABAg,@chl438,베에에에,0,2026-04-20T11:25:12Z
VruTO2cZA20,Ugx91x9CuM6zzYjvGeN4AaABAg,@NanobanaKinako,I would like to adopt her,3,2025-07-20T01:41:38Z
VruTO2cZA20,Ugz4Iy94KbUdNmhvBIx4AaABAg,@shg1123,"심장마비로 사망..
뱅온 때 깨워주시오..",0,2025-07-20T01:02:38Z
VruTO2cZA20,UgzxUOCKnFCoq7Xh3Pt4AaABAg,@film_good400,꺅ㄱㅇㅇ,0,2025-07-20T01:02:47Z
VruTO2cZA20,Ugx9bMh826cRgsii9fJ4AaABAg,@leesieun0616,구독 완❤  진짜 넘 귀여워요 ❤❤❤❤,1,2025-07-20T12:49:44Z
VruTO2cZA20,Ugw3TxuLlK8Ko1ntbXB4AaABAg,@user-eq7jn3ci4n,너가 먼저 시작한거야 일루와잇~!!,1,2025-07-20T11:08:54Z
VruTO2cZA20,UgwMOxdkUzIJndv2D3B4AaABAg,@넬슈아,뭐야 이 귀여운 생명체는 ㅋㅋㅋㅋ,0,2025-07-20T01:01:58Z
VruTO2cZA20,Ugxx8W7dwWe9yCLeDg14AaABAg,@바삭바삭한돈까스빌런,,1,2025-07-20T01:50:21Z
VruTO2cZA20,UgyzDdjsPxzYpbX-PEt4AaABAg,@당근맨-h7z,일루와잇!,2,2025-07-20T01:24:36Z
VruTO2cZA20,Ugzv_1Lx9_Z1D7VFk9p4AaABAg,@sonnunkim7815,너구리야 레서판다야! 베에!,0,2025-07-20T01:47:40Z
VruTO2cZA20,Ugzkz7OTYPlWeRFq_6t4AaABAg,@xg7531,로로롱..,1,2025-07-20T03:55:14Z
VruTO2cZA20,UgwQ6UC-fCHySmlkYBJ4AaABAg,@BB-co3qn,당했다,0,2025-07-20T03:24:45Z
VruTO2cZA20,UgznLA5KbKEIincaajJ4AaABAg,@qortmdwl3517,람쥐썬더!,0,2025-07-20T03:42:01Z
VruTO2cZA20,Ugz0jl3wfBZ5N818jkB4AaABAg,@별꽃-m5k,짱귀엽다.,0,2025-07-20T17:21:00Z
VruTO2cZA20,UgwB3NxWVFZMBrWhot14AaABAg,@최은철-e8p,핥짝,0,2025-07-20T13:20:18Z
VruTO2cZA20,UgxZzsiUXrnspJmmk-J4AaABAg,@xuevec,ㄱㅇㅇ ,0,2025-07-20T10:28:54Z
VruTO2cZA20,UgxaPvOgj1bE81h3heZ4AaABAg,@어린백셩,😂😂😂😂,0,2025-07-20T01:47:10Z
VruTO2cZA20,Ugz9lW7SlnoeexBxKVF4AaABAg,@kani-g8850,😝,1,2025-07-20T02:03:46Z
VruTO2cZA20,UgyHxi2pR1F0pX8XbDN4AaABAg,@수르릅,네륩네륩,0,2025-07-20T01:10:44Z
VruTO2cZA20,UgyD9roowHxsNLU_3Dx4AaABAg,@無極-p8p,어이가 없네,0,2025-07-20T03:49:49Z
VruTO2cZA20,UgxRLoKY17NUFO4yd3Z4AaABAg,@열오리입니다,엄청 쿵쿵거리는구나,0,2025-07-20T01:04:10Z
VruTO2cZA20,Ugzn5cUByP6wYKh0Gqp4AaABAg,@powerfulgaonasi,😝😝😝,0,2025-07-20T17:34:21Z
VruTO2cZA20,UgxnG0Mm_ENw-Upv5lx4AaABAg,@entolis,일루와잇!!,0,2025-07-23T04:32:14Z
h2E9g9JQvxo,UgyaOkRoBZQYx8mte2t4AaABAg,@MNMNM1111,관우가 마취 없이 수술 받았다는 것은 사실일지도 몰라.,35,2025-10-21T10:10:48Z
h2E9g9JQvxo,UgySdqEeWE82qzJHDG54AaABAg,@수르릅,종양썰이나 뜨개질썰 들어보면 청순보단 모성애에 가까운거 같은데요 ㅋㅋ,19,2025-10-21T10:06:57Z
h2E9g9JQvxo,UgxmpNE14X54IsKlO2J4AaABAg,@고요한잔별,"""어~ 가사몰라~"" 이거 너무 귀여운데ㅋㅋㅋㅋㅋㅋㅋ",7,2025-10-21T18:57:51Z
h2E9g9JQvxo,UgzNrSIoEgy0BnYSOPh4AaABAg,@PuppleStorm,03:34 로제타 알람,14,2025-10-21T10:14:35Z
h2E9g9JQvxo,UgzgH_rlimsTObn_MqZ4AaABAg,@겟타샤인,"뭐...뭐라굽쇼..?
안아프셨나요..?",5,2025-10-21T11:07:55Z
h2E9g9JQvxo,UgzGQQ4V0AvO0rCRn-F4AaABAg,@조토피아,내 뇌때기에 쓰레기같은 지식을 꾸겨넣지 마,3,2025-10-21T11:03:45Z
h2E9g9JQvxo,Ugx0xlzGthZLvOpym054AaABAg,@hoodie-th5st,"뭔가 신기한 썰이였네요
그래도 안 아프셨으면 한달까요 ㅎωㅎ",2,2025-10-21T15:06:44Z
h2E9g9JQvxo,UgyGr-F9OYnzQrYMT754AaABAg,@복음밥-s4m,청순보단 청불.ㅋㅋㅋㅋㅋㅋㅋㅋㅋㅋ,11,2025-10-21T10:14:34Z
h2E9g9JQvxo,UgzpD17G39XDpWDt41t4AaABAg,@쩡곰-l5m,이야...맵다 매워,3,2025-10-21T14:54:57Z
h2E9g9JQvxo,UgykVCeeW6zvVO_z7QJ4AaABAg,@윤성원-e3m,"청순과 므흣 사이를 아슬아슬하게 줄타는 수녀님도, 수녀님만의 특징과 매력이 돼요~~",1,2025-10-21T10:12:17Z
h2E9g9JQvxo,UgwPT3zA7oZ1_SyOua14AaABAg,@Bell_paksa,"이 드리프트를 내비두면 그냥 쭉 가는데
누가 브레이크 한 번 밟아주는 순간 수치사가 너무 맛도리인게... 수녀님의 매력인가요?",0,2025-10-22T15:50:17Z
h2E9g9JQvxo,Ugz7OcpzB2bO-gX2x_l4AaABAg,@taeyang3729,청~~~ 순을~~~ 돌려~~다오~~,2,2025-10-21T13:42:29Z
h2E9g9JQvxo,UgzeRUQlULs9flfPSGJ4AaABAg,@바삭바삭한돈까스빌런,"수녀님 몸관리 엄청 열심히 하셨었죠...
근데 토크 내용이 진짜 와우 와우.... ㅋㅋㅋㅋㅋ",1,2025-10-21T10:15:50Z
h2E9g9JQvxo,UgzptpHK1lNi7c_yEbh4AaABAg,@xg7531,"휴 소녀소녀한 지난 영상보고 이거보니 우리 수녀님 맞네요
그리구 잘쉬는것도 운동이니 너무 과하게 운동하지마세용 ㅠ",1,2025-10-21T14:34:20Z
h2E9g9JQvxo,UgxprgUxh1epHnPRmvl4AaABAg,@모건아서,으른양의 모를 권리를 보장해라!!,2,2025-10-21T10:18:02Z
h2E9g9JQvxo,UgyjgVlWM3rPp0UgAXd4AaABAg,@LeeFish_,시작부터 오우야,1,2025-10-21T10:13:24Z
h2E9g9JQvxo,Ugyn1vaDzOdeArIkiGZ4AaABAg,@Hell_Dust-Buhnerman,"수녀님. 수녀님. 우리 수녀님...
간만에 와보면 한층 더 썰 농도가 위험해지는 것 같다...",0,2025-10-21T16:07:32Z
h2E9g9JQvxo,UgwTShzPD9R-yEFvrmR4AaABAg,@TheSoljaBoi,은근 유익해,1,2025-10-21T13:35:44Z
h2E9g9JQvxo,UgyHZtWFGPQ2ZH82IdB4AaABAg,@MAHA-e6b2m,세상에 수녀님...,1,2025-10-21T11:39:46Z
h2E9g9JQvxo,UgwRfxpEv0YgxL3WA8R4AaABAg,@넬슈아,와 정말 유익한 정보에요,1,2025-10-21T10:05:56Z
h2E9g9JQvxo,UgysDsGIiMbEaWQ_sRF4AaABAg,@skill9430,그렇군요 종양은 그렇게 수술하는거군요 의학지식이 1 늘었습니다 빠빠빠 굿모닝 빠빠빠빠 중독성있고 귀여워요 ㅋㅋ,0,2025-10-22T12:47:31Z
h2E9g9JQvxo,UgwTbNlDxL8bJt8UXa14AaABAg,@Le-qx7kt,관우타..❤,0,2025-10-21T15:30:07Z
h2E9g9JQvxo,UgwjWgCCAx5zd_Z1Tot4AaABAg,@sonnunkim7815,"청.,..순!",0,2025-10-23T03:49:18Z
h2E9g9JQvxo,Ugw-JqQo9i7-nPNJ_xl4AaABAg,@SoSeoLy,"몸 속은 빈 공간을 용서하지 않습니다.
그렇습니다.
으른양들의 그 푸니푸니한 뱃살도 다 안에 뭔가가 들어차... 읍읍읍!!!",1,2025-10-21T10:27:31Z
h2E9g9JQvxo,UgyCr1oaquJ4dpRdhT94AaABAg,@riderbd30,2:15 그치만 대다수의 으른양들은 이런거로는 청?순보단 수녀님한테서 나의 어머니가 될 사람이었다 를 느끼지 않을지,7,2025-10-21T10:30:53Z
h2E9g9JQvxo,UgwopljlzdX7xMkLHFp4AaABAg,@화락한별,가족 중 경험자가 있어서 건전한 영상 같았다.,4,2025-10-21T10:04:27Z
h2E9g9JQvxo,UgxmqrzB5ydHq-IKQJ54AaABAg,@아마니-w5i,수녀님이니까 신앙의 힘인?가,0,2025-10-21T16:24:09Z
h2E9g9JQvxo,Ugy1zPgi-mBF9_suKtt4AaABAg,@ムルブン君,청.....순...?,1,2025-10-21T10:11:04Z
h2E9g9JQvxo,UgzvMvHOxF20UW42Zpl4AaABAg,@SilverBlueRay,ㄷㄷ  수녀님 크다 (종양이),0,2025-10-22T00:03:01Z
h2E9g9JQvxo,UgwFFMJdcRoVi_Ingcl4AaABAg,@절대규정,으억... 내가 아프냐 발톱에 피가 ㄷㄷㄷㄷㄷ,1,2025-10-21T10:11:51Z
2lAahnl2tdQ,UgxpvOXEynTJzyRCLQJ4AaABAg,@Emanator,"This is one of the most ""correctly"" animated versions I've seen so far",1435,2024-07-31T19:06:17Z
2lAahnl2tdQ,UgwpL6ug0BnrPQC3DAp4AaABAg,@ArtakS-ln7tr,"Why does the artstyle remind me of rabbit hole/mesmerizer 
EDIT: tysm for thr likessss",363,2024-08-03T01:43:59Z
2lAahnl2tdQ,Ugx8kuV6u7-hpLqlXu94AaABAg,@Noor555_s_Animations,"Well, when you need money.
You got to do what you got to do.",100,2024-08-06T05:59:55Z
2lAahnl2tdQ,UgxG_LUKYdzF1ua8gdF4AaABAg,@medibethmagdaraog9562,"is it a bird?
is it a plane
no, it's my Innocence flying away!",130,2024-08-10T06:22:12Z
2lAahnl2tdQ,UgyabAdrXE4ZOgEAgZ94AaABAg,@메가라임-i6z,"이 밈은 레드슈퍼챗 읽는 재미가 쏠쏠한 듯 ㅋㅋㅋㅋ
너무 완벽히 변태같은 코멘트 ㅋㅋㅋ",230,2024-07-30T15:07:36Z
2lAahnl2tdQ,UgyhEUgakEodNyY-upJ4AaABAg,@THAV3LlllTH3DOR3,Song name is Breaking Angel for everyone wondering :3,34,2024-08-11T02:00:03Z
2lAahnl2tdQ,UgynbG5RiXW9VY8A06t4AaABAg,@Windyalieze,"The jiggle physics...

I love the detail!!! ❤",267,2024-08-01T13:44:19Z
2lAahnl2tdQ,Ugw46uVp-fSSBDdJubB4AaABAg,@eter959,역시 수녀님이셔. 뭘 입으셔도 어울리십니다,95,2024-07-30T15:06:02Z
2lAahnl2tdQ,UgymukdZa7RmQ6KO09J4AaABAg,@패왕-g7h,기껏 수녀님께서 청순한 이미지에서 섹시한 이미지로 바꿔서 눈호강 시켜주시겠다는데 아줌마라니!! 너무했다!!,28,2024-07-30T16:17:48Z
2lAahnl2tdQ,UgyLufujc03za44MQPt4AaABAg,@simhae1775,"뭐든지 입어주는 수녀님, 그리고 아줌마임?에 긁히는 수녀님
마지막은 유튜브 수위상 불가능인듯",40,2024-07-31T05:04:11Z
2lAahnl2tdQ,Ugw-ayFuPekeK5TsRZB4AaABAg,@andrealorenacarrera3053,😊 qué bonito tu traje de gato 😍😺,1,2024-08-12T20:29:35Z
2lAahnl2tdQ,UgyB_Gp1YqALThjjDeR4AaABAg,@VeniceE04,아줌마 부분이 좋은 거라고!!!,136,2024-07-30T14:34:41Z
2lAahnl2tdQ,UgyaOgflqzIEhjH86KV4AaABAg,@garylovesnagitokomaeda,KAWAII ANGEL IS GETTING RECOGNIZED!!,4,2024-08-10T01:38:26Z
2lAahnl2tdQ,UgweKeKSBJakm-oeqOJ4AaABAg,@Mirumii_Flower,Can u make me???😅,1,2024-08-14T16:27:25Z
2lAahnl2tdQ,Ugxuh0Xr4uhr4FuGJ5J4AaABAg,@치킨티카마살라-b4w,눈에 던지는모션이!!,19,2024-07-30T14:14:44Z
2lAahnl2tdQ,UgwM9c41Ma4gVDmpGH14AaABAg,@sophia97607,Hello?,1,2024-08-12T22:52:21Z
2lAahnl2tdQ,UgwwF86k9o6_wKct1xV4AaABAg,@김도현-x6j1k,이게 나야라는 캐릭터인가요? 예쁘네요,7,2024-07-30T14:20:36Z
2lAahnl2tdQ,UgxfXDKdjJHwpqKnpkZ4AaABAg,@carpkingk,아줌마임 듣고 스트레스 대폭발하는거 현실적이네 😂,1,2024-09-22T12:49:21Z
2lAahnl2tdQ,UgxsFw98k3M_W-Ipm6x4AaABAg,@unknown20005,i think we all know how that tail is attached,94,2024-08-02T18:08:11Z
2lAahnl2tdQ,UgxTMeEflFqkl2HMpKh4AaABAg,@keykiya21,THIS IS SO GOOD BUT THE END.. 😭,0,2024-08-16T10:30:21Z
2lAahnl2tdQ,Ugwoj-UsTSPPkoqI9RB4AaABAg,@AyanaPopovici,Can you do a video with those hearts from the end?,0,2024-08-13T06:40:38Z
2lAahnl2tdQ,UgwIMhkou11tyK-2qyx4AaABAg,@N_A_T_P-p1p,It went to a cat headband to an extremely smol ❤ coverings for the bobas,0,2024-08-12T13:04:29Z
2lAahnl2tdQ,Ugwch7NjJF4EMC_-uwR4AaABAg,@rosieTheLittle._pia,I love the maid one❤,0,2024-08-13T11:56:22Z
2lAahnl2tdQ,UgwR-De0PZco2UJfohd4AaABAg,@coke_mong,와 보통 채팅부분은 그대로던데 전부 각색되있어.. 대박,2,2024-07-31T16:14:21Z
2lAahnl2tdQ,Ugwep925FnnYlXXAndF4AaABAg,@CielFN1,Reminds me of doppo from hypnosis mic,1,2024-08-05T05:18:18Z
2lAahnl2tdQ,UgzfHhRgeGcdkgRexv14AaABAg,@ManChan777,수녀님의 단테루트 기다리고 있었다구요!!! 생각보다 훨 고퀄이네요,0,2024-09-15T17:49:53Z
2lAahnl2tdQ,UgzZaEpS5e3dfGczLd14AaABAg,@쀑쀑,너무 귀엽잖아!!!,7,2024-07-30T15:53:07Z
2lAahnl2tdQ,UgwMty3AKyl29h7EZNl4AaABAg,@Mộngtuyền2707,"❤❤❤❤ tôi thích bạn 
Pou",1,2024-08-10T12:25:26Z
2lAahnl2tdQ,Ugwq0ybEU2izc_LSMDF4AaABAg,@데쿠-q5l,"소녀소녀한 수녀님 귀엽잖아!!
  내 영혼이 승천하겠어!!",2,2024-07-30T22:46:07Z
2lAahnl2tdQ,UgxQ0tJp5NKLdHmoxZF4AaABAg,@2sugari,this is so smooth-,3,2024-08-10T08:34:43Z
E3VFbwt7chg,UgwD7ZhQVuaw7CpUywp4AaABAg,@shg1123,누가봐도 코피어싱 할 거 같은 외모로 기겁하니까 웃겨요 ㅋㅋㅋ,13,2025-04-06T06:35:13Z
E3VFbwt7chg,UgzSDy9CkGwCdhqMUkx4AaABAg,@바삭바삭한돈까스빌런,순식간에 생기는 코피어싱에 대경실색하는 수녀님 ㅋㅋㅋㅋㅋㅋㅋㅋㅋㅋㅋ,4,2025-04-06T08:04:48Z
E3VFbwt7chg,UgwkXbyVY38zbcz9aRd4AaABAg,@모건아서,유교 마인드 수녀님 ㅋㅋ,3,2025-04-06T08:09:30Z
E3VFbwt7chg,UgxrD4hTzbGr8DZj5Rd4AaABAg,@lid_artist,여윽시 수녀님이라 유교걸,1,2025-04-12T09:01:23Z
E3VFbwt7chg,UgzAH1zrMvNhuWZ6HRN4AaABAg,@겟타샤인,"이런데선 쓸데없이 유교걸...
그래도 이쁘니까...ㅋㅋㅋ",1,2025-04-07T01:57:49Z
E3VFbwt7chg,UgyeYsXDbTIT59wKqR14AaABAg,@SoSeoLy,어머 하고 놀랄 때 너무 귀엽다 ㅎㅎㅎ,1,2025-04-09T11:31:38Z
E3VFbwt7chg,UgzvwzuBn36p_fh7kyt4AaABAg,@넬슈아,놀라시는거 귀여워 ,2,2025-04-06T06:17:50Z
E3VFbwt7chg,UgzGlNLfUWBI_OAyXw14AaABAg,@qjo3821,"아,,,수녀님 빨간약",1,2025-04-06T07:41:50Z
E3VFbwt7chg,UgwZFOeExwaXkxghVV14AaABAg,@VeniceE04,피어싀이잉? 안된다!!,3,2025-04-06T06:49:16Z
E3VFbwt7chg,Ugw7ZDil70JhBXRjPqd4AaABAg,@Brave-Park,입에 피어싱 한사람이 그 구멍으로 물총쏘는거 구경했는데....진짜 하지마....;;;,1,2025-04-06T11:04:58Z
E3VFbwt7chg,Ugy8HO_-qS_v_Q1U4tR4AaABAg,@w1004tymk,우와 마이크랑 연동이 되어서 입이 움직이나요? 신기하넹,0,2025-04-06T07:11:27Z
E3VFbwt7chg,UgzKwFrOyEv79g2G2Z54AaABAg,@Levyana0056,아 입술은 괜찮아요? ㅋㅋㅋㅋ,3,2025-04-06T06:24:48Z
E3VFbwt7chg,UgwhFbPj4YuytJXS5JN4AaABAg,@orerererereo-u4w,소가 되버린,2,2025-04-06T06:46:24Z
E3VFbwt7chg,UgzOdDE8GRIlagGRv1J4AaABAg,@사랑이-q1p,이 상태로 버튜버 방송해도 좋을 것 같아요 ㅋㅋㅋㅋㅋ 가성비 넘나 좋은 것 ㅋㅋㅋㅋㅋ,0,2025-04-06T08:39:50Z
E3VFbwt7chg,Ugz3fpIQLhX16Y76y_p4AaABAg,@파인애플피자_빌런,아예 소처럼 코뚜레 하는거 있음....ㄷㄷㄷ,1,2025-04-06T08:01:32Z
E3VFbwt7chg,UgyLqILtMZP-lCniNi54AaABAg,@stevenH3427,반응이... 코는 안 되고 입술은 괜찮은 건가요? ㅋㅋㅋ,3,2025-04-06T06:20:10Z
E3VFbwt7chg,UgzG2NDWUmAFtbBHpc54AaABAg,@별꽃-m5k,재미있다.,0,2025-04-06T09:29:38Z
E3VFbwt7chg,UgxdVwX_IM-1UHcZSVl4AaABAg,@맹그루-r5v,어케 입이 놀라섴ㅋㅋㅋㅋㅋ,1,2025-04-06T07:12:25Z
E3VFbwt7chg,Ugy_X_O5H35sIDz5Hol4AaABAg,@수르릅,홍대에서 밴드할거 같은 비주얼 ㄷㄷ,4,2025-04-06T06:20:40Z
E3VFbwt7chg,Ugwry4qpiVW7qgE6LwN4AaABAg,@엘프슈,ㅋㅋㅋㅋㅋㅋㅋㅋ겜 되게 신기하네,1,2025-04-06T06:58:39Z
E3VFbwt7chg,UgyK9DxsmJmOXUWHAkd4AaABAg,@Noble.6,입술 피어싱은 마음에 드신듯.. ㅋㅋㅋ,0,2025-04-06T10:47:43Z
E3VFbwt7chg,UgzWBN0dLRk2Fm2EEBV4AaABAg,@無極-p8p,ㅋㅋㅋㅋㅋㅋㅋ 안된다!!!!!!!!!!,1,2025-04-06T06:34:19Z
E3VFbwt7chg,UgwJ-9VvBOfNLE9OQFB4AaABAg,@정윤호-i6b,피어시이ㅇ-? 안됀드하앜!!!,1,2025-04-06T06:42:32Z
E3VFbwt7chg,UgwHxtsrBUwcf7KHcAZ4AaABAg,@쀑쀑,안된다ㅋㅋㅋㅋㅋ,1,2025-04-06T11:08:58Z
E3VFbwt7chg,UgxNvjQgj_MrCazUIvt4AaABAg,@최은철-e8p,tag : piercing,0,2025-04-06T07:13:20Z
KVLraV-OQVQ,UgzVkEshVJl8jxVctZN4AaABAg,@hong1059,결국 본점도 꺽제타를 참지 못하고…,56,2024-02-06T09:03:09Z
KVLraV-OQVQ,UgxkwewYcMAb4YkLMS94AaABAg,@bhy9833,제일 유입이높다는 이야기를 듣고 기여코 올리고 만 수녀님,55,2024-02-06T09:12:15Z
KVLraV-OQVQ,Ugx-5CqlnAT95mg3Wzx4AaABAg,@바삭바삭한돈까스빌런,솔직히 리액션으로 부끄러워하는거 너무 귀엽다 진짜,33,2024-02-06T11:27:57Z
KVLraV-OQVQ,UgwcdElFIY8aWamc5HF4AaABAg,@yks419,역시 조회수는 못이기는 군요,27,2024-02-06T09:19:51Z
KVLraV-OQVQ,UgxSq-a3S4cH-SZqrFF4AaABAg,@kimchijm,뿡은 언젠간 온다.,18,2024-02-06T10:18:51Z
KVLraV-OQVQ,Ugz3kJ-KWNzNuj5IXG14AaABAg,@rabbitQ-ej6kv,이제 곧 뿡도 나올거야,19,2024-02-06T09:26:28Z
KVLraV-OQVQ,UgzQlDZXJRzquWsivC14AaABAg,@겟타샤인,핑크 브레스 킁카킁카...ㅋㅋㅋ,3,2024-02-06T09:28:10Z
KVLraV-OQVQ,Ugyr0MIafgwD43RomMt4AaABAg,@dhj228,뿡 아직 안했어 = 조만간 할 예정,16,2024-02-06T10:12:50Z
KVLraV-OQVQ,Ugw0wJDw_alZTL_ZXtR4AaABAg,@왕감자가좋아용,이걸 올리네,2,2024-02-06T09:11:08Z
KVLraV-OQVQ,Ugwo0siF6BOaznDpKmF4AaABAg,@Hydra_ed,건강하시네,0,2026-04-03T23:43:31Z
KVLraV-OQVQ,UgzUiS4k5-bjM_-AW-14AaABAg,@nanbanvanbabdangub,"첫 트림 듣고 유입하고 사이다 트림 듣고 트위치, 치지직, 유튜브 팔로우함
저 샤이한 반응이 얼마나 귀여운데!",2,2024-02-15T07:22:09Z
KVLraV-OQVQ,UgxAltTsvXybJQbclm54AaABAg,@관짝-d8j,헤으응 수녀넴,2,2024-02-06T09:02:59Z
KVLraV-OQVQ,UgxcLGJnOcEXklNc81Z4AaABAg,@Ishitora,ㅋㅋㅋㅋㅋ수녀님 라이브보다 어이없어서 귀여웠던ㅋㅋ,2,2024-02-19T11:09:13Z
KVLraV-OQVQ,UgyUf_JcEiTh1P7fOM94AaABAg,@PuppleStorm,입에서 고기냄새난다고 하자마자 마이크에대고 하아 하아 하는거 진짜 상상도못한 반응이었음,10,2024-02-06T16:05:54Z
KVLraV-OQVQ,UgyhSqlF82xU2X9pdU94AaABAg,@서지성-y5u,1년만에 알고리즘에 떠서 한번 더 듣게 되네 세상에,0,2025-04-13T13:30:50Z
KVLraV-OQVQ,UgwydqNwQNgHek9TnRp4AaABAg,@rkd1213,디저트 사이다 빌드업 저입니다 ❤,8,2024-02-06T11:00:00Z
KVLraV-OQVQ,UgwtUBUrkwA2NSSPbrJ4AaABAg,@dndud3118,저항없이 웃기넼ㅋㅋㄱㅋ,1,2024-02-06T11:19:18Z
KVLraV-OQVQ,UgxJiWJ96mSrRh6517V4AaABAg,@쀑쀑,직빵으로 맞았네ㅋㅋㅋ,4,2024-02-06T10:21:36Z
KVLraV-OQVQ,UgwjWZ3nbSkLI4W1JK14AaABAg,@LeeCheaGeon,사이다만큼 시원시원스러워서 좋다ㅋㅋㅋㅋㅋ,0,2024-11-27T16:04:03Z
KVLraV-OQVQ,UgwtqGMG43pjk3nT3hx4AaABAg,@opinew6diyap,귀여워!!,0,2025-01-30T09:55:26Z
KVLraV-OQVQ,Ugy9VNNRN_nzJLi5TVl4AaABAg,@duckfly_126,"왜 이제야 제 알고리즘에 나오신거죠 수녀님? 바로 구독해버리는 손가락을 멈출수가없네요.
털털한 수녀님이라니 이건 귀하군요",0,2024-07-09T17:11:12Z
KVLraV-OQVQ,UgygRdxauP5cRD1EhRt4AaABAg,@서지성-y5u,겨우 잊었는데 왜 업로드 알림이 지금...? 덕분에 다시 한번 상기시키고 갑니다.,1,2024-02-12T13:42:34Z
KVLraV-OQVQ,Ugza4Wv8EGvQjxJevch4AaABAg,@무난한하루-h3e,이건 사이다가 열일 했네요,0,2024-02-11T16:41:52Z
KVLraV-OQVQ,Ugy8c3p9wzoZq7ilcnJ4AaABAg,@임규삼,아 여기는 이렇게 우리는군요 메모메모,0,2025-06-29T00:50:55Z
KVLraV-OQVQ,Ugxo0tOKLMTO_bh2Rgx4AaABAg,@올때레모나-l7x,나 몰랐는데.. 트름 그냥 펑펑 하시는 편이었구나...,6,2024-02-06T10:03:52Z
KVLraV-OQVQ,UgzsotZltngevbntj-14AaABAg,@ButterHappy,하~ 하~ 꺽 ㅋㅋㅋㅋ,2,2024-02-06T10:23:08Z
KVLraV-OQVQ,Ugy47fgFswBmVzlk6Ud4AaABAg,@saki-kn4xj,"""로제타님 고기냄새나요"" 썻던 채팅을 보는 영상은 언제봐도 즐겁습니다. 네, 접니다. 하하하. 2년전 영상이군요. 2026년 2월에 쇼츠 또 떠서 보러왔습니다. 감사합니다.",0,2026-02-13T11:39:47Z
KVLraV-OQVQ,UgxXQhjrV3Es09jZTZV4AaABAg,@orerererereo-u4w,볼 때마다 웃기네,0,2024-02-07T14:58:02Z
KVLraV-OQVQ,UgxQVV0M5FRsJlFGwHh4AaABAg,@강대건-p3k,"꺽 한후에 나오는 정적 ...,
그때가 제일 귀여워요",0,2024-07-03T19:21:50Z
KVLraV-OQVQ,UgwtkZsrFLI7nsDERKN4AaABAg,@gundamyu,귀여운 수녀님 ㅎㅎ,0,2024-02-07T07:13:23Z
SAKPgTNMuug,UgydVan2Rog8Kui_aep4AaABAg,@woosun101,"그랜절이 실수라니 믿을 수 없어! ㅋㅋㅋㅋㅋ
ㄱㅇㅇ",6,2025-01-27T23:31:26Z
SAKPgTNMuug,Ugw0xNifQbo6rqs4Z0x4AaABAg,@siroea-game,이제는 주는 나이가 되어가는 나,4,2025-01-28T03:56:30Z
SAKPgTNMuug,Ugw0vhf7s7Xj5m-Zokp4AaABAg,@shg1123,"저가요,, 30댄데요,,이거보고 따라하니까,,병원 가 보라고,,, 새뱃돈 받았어요,,수녀님 5천원 드릴게요,,",2,2025-01-27T23:33:18Z
SAKPgTNMuug,UgwAqs68IS4lk4Ux3wh4AaABAg,@쀑쀑,현란한데ㅋㅋㅋㅋ,2,2025-01-28T02:47:35Z
SAKPgTNMuug,UgwEMIPQSkekWrQm8BB4AaABAg,@taeyang3729,"ㅋㅋㅋㅋㅋㅋ 그랜절 ㅋㅋㅋㅋㅋ
근데 포징이 전능하신아카라트여영원한빛으로날보호하소 하고 불러야 할거 같은 느낌이네요 ㅋㅋ",1,2025-01-28T01:40:23Z
SAKPgTNMuug,Ugy9mL8eYDQw6VAbrMF4AaABAg,@entolis,30년 넘게 잘못된 절을 해왔어요!! 고마워요!,1,2025-01-28T05:17:44Z
SAKPgTNMuug,UgxdhiouX77E9QH9c0V4AaABAg,@GWAIHIR_WS,정보가 현란하고 세배가 유용해요!,1,2025-01-28T05:23:05Z
SAKPgTNMuug,UgyatXnyonJMPvXDtfZ4AaABAg,@Lord_Unicorn,아하하하하하ㅏ하하 방심했다 ㅋㅋㅋㅋㅋㅋㅋㅋㅋㅋㅋㅋㅋㅋ,1,2025-01-28T03:13:18Z
SAKPgTNMuug,UgwAZtLnAJL-D5uXVeB4AaABAg,@넬슈아,너무 유용해요 ㅋㅋㅋㅋ,2,2025-01-27T23:31:18Z
SAKPgTNMuug,UgwTCxCXctCtQA10gFB4AaABAg,@DogFood4130,정말로 좋은 정보로 chill해진 영상이군요,1,2025-01-28T04:32:12Z
SAKPgTNMuug,UgzV9879nBeoynZ7z7d4AaABAg,@겟타샤인,"우리 로황성하...
예의발라..!
차캐..ㅋㅋㅋ
또또케..ㅋㅋㅋ",0,2025-01-28T01:02:32Z
SAKPgTNMuug,Ugyk1u8oCVZsTKo70IR4AaABAg,@최은철-e8p,그랜절을 '틀린' 자세로 하니까 그렇죠!,0,2025-01-28T00:59:31Z
SAKPgTNMuug,UgzINBsS-Z7dSPqs6_x4AaABAg,@mdk3314,절 두번하면 어르신들이 좋아 하십니다,0,2025-01-28T19:23:24Z
SAKPgTNMuug,Ugwv5jx-KpGfrTWloDt4AaABAg,@오연균yeon,그랜절은 사람에 따라 요즘에도 그랜절을 할 줄 아는 사람이 있다니 젊은 친구가 아주 예의 있구만 그래. 라는 말이 되돌아오기도 합니다.,0,2025-01-27T23:52:31Z
SAKPgTNMuug,Ugw5hldvTl2QzpBMFeV4AaABAg,@하세베아야,"그랜절이라니..
제타님도 새해복 많이 받으세요~~
저는 밥상위에서 윈드밀 돌러 이만...총총~",0,2025-01-28T00:28:55Z
SAKPgTNMuug,UgxA9e_pNi2fbVYYQUd4AaABAg,@쿠키-h3n,잘 보고 가요 ㅋㅋㅋㅋㅋㅋㅋㅋㅋㅋㅋㅋㅋㅋㅋ,0,2025-01-28T02:37:49Z
SAKPgTNMuug,Ugx8hoUf_iNyXB_VDT14AaABAg,@바삭바삭한돈까스빌런,실수하면 세뱃돈이 복사가 된다고!!! ㅋㅋㅋㅋㅋㅋㅋ,0,2025-01-28T05:18:38Z
SAKPgTNMuug,UgzS2lPwEX5vICq6jFh4AaABAg,@3020-n2l,이해가 쏙쏙되잖아,0,2025-01-28T00:48:28Z
SAKPgTNMuug,Ugyxy7LPvfw81RPRyTJ4AaABAg,@SoSeoLy,"그랜절은 사회적으로 높으신 분을 모실 때가 아니라면 사죄할 때만 하는 것입니다.
허리가 아플 수 있으니 조심하세요!",0,2025-01-31T15:30:19Z
SAKPgTNMuug,UgyrIYgXBNXZgRkm9gR4AaABAg,@Rain-xo2vi,좋은 팁 감사합니다~☆,0,2025-01-28T02:41:00Z
SAKPgTNMuug,Ugx2SF-yGUT_DKQApDp4AaABAg,@모건아서,그랜절ㅋㅋ,0,2025-01-27T23:46:16Z
SAKPgTNMuug,UgxKILG8qDVFPYbjxYJ4AaABAg,@AMX105x02,조상님에게 그랜절  정도는 해드려야하는데,0,2025-01-28T02:55:44Z
SAKPgTNMuug,UgyoUcQFepu3lxaMxQl4AaABAg,@rozero1,"어렸을땐 춤추면 돈 더줬다고!!
왜 지금은 안돼는데!! ㅋㅋㅋㅋ",0,2025-01-27T23:39:19Z
SAKPgTNMuug,Ugyl8-_f-FnMHMyQqAZ4AaABAg,@철수와영희-q4m,절 두번 하는게 아니었구나!,0,2025-01-28T00:45:46Z
SAKPgTNMuug,UgwOMgNdgTofI0EFm_N4AaABAg,@user-aryhtme,ai냐구 ㅋㅋㅋ,0,2025-01-28T06:33:53Z
SAKPgTNMuug,UgzsW4rv-XLRAXuEXCZ4AaABAg,@kimchijm,AI음성 따라하는거 킹받네 ㅋㅋㅋㅋㅋ,1,2025-01-27T23:40:56Z
SAKPgTNMuug,Ugxferv9WP7fj-7SzeF4AaABAg,@Ways0620,그랜절 박으면 세뱃돈이 증식한다고!,0,2025-01-28T00:46:52Z
SAKPgTNMuug,UgxJuviK45Fu4nqglod4AaABAg,@xuevec,새뱃돈을 더블로 받으려는 움직임...!,0,2025-01-28T16:22:02Z
SAKPgTNMuug,Ugy_6hAkQsagl_rZN9N4AaABAg,@Meanzof,ㅋㅋㅋㅋㅋㅋㅋㅋ,0,2025-01-28T02:08:55Z
SAKPgTNMuug,UgyzCNrrG7ipz12JN0d4AaABAg,@orerererereo-u4w,그땐 그랬지....,0,2025-01-27T23:58:20Z
y1VmWOD0Ly0,UgwzBydoSJlAkJDmcfp4AaABAg,@shg1123,당시에는 몰랐다.. 이 타로의 적중율을..,39,2024-08-01T22:32:15Z
y1VmWOD0Ly0,Ugx3qOxXNkU0M-WVpEt4AaABAg,@SoSeoLy,이 집 타로 참 잘... 맞네... 추진력을 강제로 얻... 게 되었지...,23,2024-08-01T22:49:04Z
y1VmWOD0Ly0,UgyIAyHD8NFrsz7yHh54AaABAg,@흐앙흐앙-e6w,이런식으로 풀릴줄은 황달도 로황도 몰랐을텐데,12,2024-08-01T23:08:10Z
y1VmWOD0Ly0,UgyK7gGHXjytvSubGcJ4AaABAg,@호루랭이,어느순간 차라리 이집이 틀리길 바랬어,12,2024-08-01T23:27:54Z
y1VmWOD0Ly0,UgxorxJtEkjuyDp_lXR4AaABAg,@쀑쀑,너무 추진해서 독립해버렸다...?,11,2024-08-02T02:10:01Z
y1VmWOD0Ly0,UgycKoKnQVjydY3RJ6J4AaABAg,@바삭바삭한돈까스빌런,"참 용한 집이여......
이렇게 잘 맞출 줄이야 ㄷㄷ",5,2024-08-02T01:34:10Z
y1VmWOD0Ly0,UgwN8wzeshlvw2QPTS94AaABAg,@여기레,정직한 청년,2,2024-08-01T22:32:53Z
y1VmWOD0Ly0,Ugy8oYJZaI1-IsfK0Zp4AaABAg,@데쿠-q5l,이 집 참 AI마냥 용하네,1,2024-08-01T23:22:34Z
y1VmWOD0Ly0,UgxRKJ4PRsWxM9jYxrp4AaABAg,@수르릅,진짜 용하넼ㅋㅋㅋㅋ,2,2024-08-01T23:08:26Z
y1VmWOD0Ly0,UgzcEZnkoEaIOxAQoy54AaABAg,@taeyang3729,진짜 용한 타로집,1,2024-08-02T15:21:16Z
y1VmWOD0Ly0,Ugz4Psp460Z2gybcVC94AaABAg,@김필멸,아메리카....독립해버린 그 아메리카 USA였구나!,0,2024-08-19T03:12:37Z
y1VmWOD0Ly0,Ugwf6zK2ed_kFO-GrKR4AaABAg,@underlandreaver5022,진짜 돗자리 오진다,1,2024-08-02T14:29:36Z
y1VmWOD0Ly0,Ugy1GSdvNoqySZk_Khx4AaABAg,@Pidgeotkatsu,이 집 참 용해,1,2024-08-02T00:07:53Z
y1VmWOD0Ly0,UgyD0ECP7L77DjbkuGB4AaABAg,@NJay1259,너무 용한 청년,1,2024-08-02T05:13:06Z
y1VmWOD0Ly0,Ugz_N-hHge3Pf2Y6iTN4AaABAg,@00quant,허허허,0,2024-08-05T10:02:58Z
y1VmWOD0Ly0,UgzlRTQuOiksJiP0Y4l4AaABAg,@최은철-e8p,와 이 집 용하네 ㄹㅇ ㅋㅋㅋㅋ,0,2024-08-02T03:31:12Z
y1VmWOD0Ly0,UgxuG2ED6-K0Josb7ul4AaABAg,@CromiumBlack,허…쓰읍…후우……,0,2024-08-05T13:43:42Z
y1VmWOD0Ly0,UgyZy4apIiaJsfeZ9uB4AaABAg,@Helium96,추진력이 너무 좋아서 트레일러랑 분리되어 버렸는데요?,1,2024-08-07T21:07:24Z
y1VmWOD0Ly0,Ugy3LxrHfrkf3N5JlzF4AaABAg,@ProjectMiku39,ㄹㅇ 미친 적중률 😂😂😂😂,0,2024-08-02T00:21:38Z
y1VmWOD0Ly0,Ugws_sQL75uQ_8Cds6F4AaABAg,@슴핫,왠만한 점집보가 용하지 근대 너무 극단적이야,0,2024-08-01T23:31:24Z
y1VmWOD0Ly0,UgxjWTBpGVXxT7ij9dJ4AaABAg,@맘보-b8s,저집 참 용하네,0,2024-08-02T04:33:48Z
y1VmWOD0Ly0,Ugxp5WOpE8loTarZC-t4AaABAg,@alakas1601,용한 청년,0,2024-08-02T10:54:43Z
y1VmWOD0Ly0,UgwEIGIMIFfU50tuazB4AaABAg,@bongyeom,이땐 몰랐지...,0,2024-08-03T06:28:03Z
y1VmWOD0Ly0,UgxB5Hg72zzJojLJHHt4AaABAg,@모가비-f4n,크흠…,0,2024-08-02T14:31:41Z
y1VmWOD0Ly0,UgzOZzu4G11w2LddYJV4AaABAg,@gamsu-i4f,"순수히 재밌는 쇼츠이지만 뭐랄까...
"" ""가 언급쇼츠에 몇시간 전 올라온 영상에서도 찬양영상도 올라있어서
수녀님은 정말 의도 없이 올라온 건지 모르지만, 보는 입장에서 연속된 영상으로 """"가 이 영상들을 시작으로 슬금머니 등장(복귀)하는거 아닌가하는 의심가는 해석이 나올수 있을거 같아서... 하아 뭔가... 가시밭길을 가는 ...이 언급자체도 안되겠지?😢",11,2024-08-01T23:35:15Z
SEAwJBu1wrs,UgzLrv86BO6dQmNohZl4AaABAg,@t-z1067,스텔라 돌려줘ㅓㅓㅓㅓㅓ,55,2024-04-01T11:10:58Z
SEAwJBu1wrs,UgzTaFT_InsAac__med4AaABAg,@RSK-MS,로제타님은 화면이 꽉 차는데 스텔라님은 여유가 있어서 좋군요. 이게 3.5kg 만큼의 여백차이 인가요?,19,2024-04-01T11:51:32Z
SEAwJBu1wrs,UgxByXF0arArma6-rpx4AaABAg,@바삭바삭한돈까스빌런,스텔라 킷사마ㅏㅏㅏㅏㅏㅏㅏ 이쁘고 귀엽다고 수녀님을 처치한게 용서될 것이라고 생각했나ㅏㅏㅏㅏㅏㅏㅏㅏㅏㅏ,40,2024-04-01T11:05:23Z
SEAwJBu1wrs,UgxABQwror9TmlijwV94AaABAg,@겟타샤인,"스떼라, 스떼라~~~~ㅋㅋㅋ",9,2024-04-01T11:57:15Z
SEAwJBu1wrs,UgyVpTirjpSDTTehQ4t4AaABAg,@NECROBOAM,1:02 우린 이걸 괴롭힘이라 부르기로 했어요,7,2024-04-01T11:08:36Z
SEAwJBu1wrs,Ugwen6UBm7QJrydBSV94AaABAg,@Enjoy_Tea,클립도 빠르네. 역시 스텔라는 전설이다.,4,2024-04-01T13:33:47Z
SEAwJBu1wrs,UgzCmqlLkLoT_2VOohR4AaABAg,@미류시즈,이게 그 파묘인가 뭔가 아뇨? 험한게 나왔어,3,2024-04-01T12:52:29Z
SEAwJBu1wrs,UgzideRITc-34XbrRiJ4AaABAg,@bookcom1900,아 황혼을 바라보는 로체타는 나가 있어서 파르파릇한 스텔라가 이제 이 유튜브 주인이다,2,2024-04-01T11:07:58Z
SEAwJBu1wrs,Ugw_gx-T3EhYVLHIP_x4AaABAg,@젠틀곰,"스텔라 누나!!!!!!!!
스텔라 누나!!!! 스텔라 누나!!!!!
사랑해요!!!!! 스텔라 누나!!!!",2,2024-04-02T05:49:38Z
SEAwJBu1wrs,Ugy_GqHivElDiFp05bJ4AaABAg,@PuppleStorm,만우절용으로 하루쓰고말기에는 너무 아까운 미모.....,1,2024-04-01T17:07:27Z
SEAwJBu1wrs,UgxWvpuA-Yw7BEvebit4AaABAg,@unknown-tw1fn,스텔라 블레이든 줄 알고 들어왔다가 뻥졌네,1,2024-04-02T11:44:20Z
SEAwJBu1wrs,UgyvXM384EFxeI-QJoR4AaABAg,@늑대삼촌,돌려줘... 스텔라짱 돌려줘 ㅠㅠ,2,2024-04-01T17:26:18Z
SEAwJBu1wrs,UgzpUM-ldP3_DwDTivp4AaABAg,@WakippaiBenkyoWatamate,스텔라님 보니 다른 곳에서 많이 등장하셔야 할 것 같은데... -원금회수해야한다고 왜 말을 못해-,2,2024-04-01T12:10:51Z
SEAwJBu1wrs,Ugw-2B9j60a9c387KIt4AaABAg,@Ha_feel,"스텔라, 돌아와요~",1,2024-04-02T04:11:48Z
SEAwJBu1wrs,UgzErJnfXCBNdq99VwJ4AaABAg,@쀑쀑,캬~!!! 눈나!!!,2,2024-04-01T14:04:51Z
SEAwJBu1wrs,UgzkeG57rJfkd_vOrv14AaABAg,@GILNAK_09,이게 하루만 쓰는 모델이라니,1,2024-04-01T15:55:19Z
SEAwJBu1wrs,UgwiGcindljLirVWa1p4AaABAg,@leoford4,스텔라......예뻤지만 1일 천하였어.........,1,2024-04-01T22:30:18Z
SEAwJBu1wrs,UgyZ0uTNxcSi9QLhW5B4AaABAg,@로카센나,엄청난 속도!,0,2024-04-01T11:49:45Z
SEAwJBu1wrs,UgyK13H8KJHyaB9AVKt4AaABAg,@hapsung_gwang,"스텔라, 성운이 빛날 순간에 당도",0,2024-04-12T13:12:50Z
SEAwJBu1wrs,Ugw6BPF3F96wrmosdl54AaABAg,@GangBonDoob,로제타보다 더 기여운거가타요...,1,2024-04-01T11:41:01Z
SEAwJBu1wrs,UgzdEXG9roQymYGcr-94AaABAg,@DogFood4130,당신이 최고야,0,2024-04-01T23:31:31Z
SEAwJBu1wrs,UgzGXBmQdDoDuZY1XiJ4AaABAg,@호문-g6w,"마즈피플이랑 그런 친한사이 일줄이야... 
지구인 감성으로선 숭하다 숭해",1,2024-04-01T13:02:59Z
SEAwJBu1wrs,Ugx_tntXFHI9nCRVN354AaABAg,@SoSeoLy,"정말이지 단어선택이
모 서큐버스 분과 닮았네요.",1,2024-04-01T12:29:05Z
SEAwJBu1wrs,UgySi5Zk9c2ZmjMeb894AaABAg,@Lord_Unicorn,나는 아직도 스텔라짱을 잊을수가 없다 ㅋㅋㅋㅋㅋㅋㅋㅋㅋㅋㅋㅋㅋㅋㅋㅋㅋ,0,2024-12-06T14:22:26Z
SEAwJBu1wrs,UgyUgsuxd0I0j_IA-Pl4AaABAg,@Famaji,크흑 ㅜ ㅜ 하나가 되어 살아가는건가.,0,2024-04-02T01:02:44Z
SEAwJBu1wrs,UgwLoCrLtfB6aQ9CWNN4AaABAg,@Void-Seeker-Fox,스뗄라를 돌려줘!!,1,2024-04-01T13:36:53Z
SEAwJBu1wrs,UgzUWb2O0j4BKhd_xid4AaABAg,@Alkinox1117,수많은 양들이 양꼬치가 되었다…,0,2024-04-01T12:25:38Z
SEAwJBu1wrs,UgzjgUWm-dxIQaYGR_54AaABAg,@luvlub3756,만우절 장난에 도대체 얼마를 태운걸까...,0,2024-04-01T15:48:52Z
SEAwJBu1wrs,UgwJoOWWd2W04RxzYYJ4AaABAg,@flac4998,"로제타 그게 누구죠, 스텔라 돌려줘ㅓㅓㅓㅓㅓ",1,2024-04-01T14:29:11Z
SEAwJBu1wrs,UgxPv1NjU5buSCNiJkN4AaABAg,@슴핫,로제타님보다 표정이 더 자연스러운거같다,0,2024-04-01T11:35:37Z
x7cRX5OnjoU,UgwPQt4GpX2cM49znnB4AaABAg,@novalight3614,남스트리머들의 나락감지 센서가 강제 작동,46,2025-09-17T13:21:32Z
x7cRX5OnjoU,UgwWNKhSFYBPhfkHbQ14AaABAg,@겟타샤인,수녀니가 아주 그냥 다 보내려고...ㅋㅋㅋ,38,2025-09-17T10:07:18Z
x7cRX5OnjoU,Ugxk1hl8rS52iqup3y94AaABAg,@quirellluca5307,홍일점이라는게 마냥 좋은 단어가 아니라는걸 로제타 덕분에 깨달았다,22,2025-09-17T23:26:56Z
x7cRX5OnjoU,Ugyibqb2mVi2iF3BfNF4AaABAg,@최은철-e8p,셋을 죽이기 위해 스스로 죽음을 선택한!,12,2025-09-17T13:56:54Z
x7cRX5OnjoU,UgypoCSFf8HotzfjmAp4AaABAg,@메가라임-i6z,트리플 킬각은 ㅋㅋㅋㅋㅋ,5,2025-09-17T11:47:25Z
x7cRX5OnjoU,UgydwJETqBGxbJSfSCl4AaABAg,@user-z3f7d,4명중에 델로가 가장 빵빵한건가요?,12,2025-09-17T11:09:23Z
x7cRX5OnjoU,UgzRR5GC-fXbARxQZ0V4AaABAg,@Meanzof,이게 대체...,4,2025-09-17T10:26:43Z
x7cRX5OnjoU,UgwPi1Xtr5l0ewAi7Qd4AaABAg,@Lord_Unicorn,"그와중에 ""저는 같이 죽겠습니다""",1,2025-09-17T11:49:37Z
x7cRX5OnjoU,UgzlQ7MAdsk53Pt5CkV4AaABAg,@빅_베어,??? : 선생님이 왜 그소속인지 알겠어요,1,2025-09-24T13:02:00Z
x7cRX5OnjoU,UgwMTE-HEngeEUdv8nF4AaABAg,@user-hsy_pen,어리실때부터 남다른.. 재능?이라고 해야나 이걸,1,2025-09-17T12:35:17Z
x7cRX5OnjoU,Ugyld4SgBZhaXBRI-B94AaABAg,@taeyang3729,한 번에 세명을 보낼 수 있었는데 ㅋㅋㅋㅋㅋㅋㅋㅋ,2,2025-09-17T11:22:32Z
x7cRX5OnjoU,UgzsuRyKQKOr0hGN-TJ4AaABAg,@넬슈아,ㅋㅋㅋㅋㅋㅋㅋㅋ,4,2025-09-17T10:02:13Z
x7cRX5OnjoU,UgxtO5qZ-L8Y3JYprHh4AaABAg,@새노야,수녀님 혼자 안 죽으려고 ㅋㅋㅋㅋㅋ,1,2025-09-17T13:32:12Z
x7cRX5OnjoU,UgwmYfj_ql3SfhycT8F4AaABAg,@AMX105x02,이게 공식...?,2,2025-09-17T11:55:12Z
x7cRX5OnjoU,UgxQWvVlFFgItLHCEvx4AaABAg,@아마니-w5i,사람이 죽는다고!,1,2025-09-17T15:21:26Z
x7cRX5OnjoU,UgxrlxGK5yVrlEtdioN4AaABAg,@잠오는고양이-123,킬각 잡으신 수녀님....,0,2025-09-17T14:32:45Z
x7cRX5OnjoU,UgwjbYku8iOzJMGE5N94AaABAg,@dragonicdyd4238,킬각 쩌네 ㅋㅋ,1,2025-09-17T14:37:30Z
x7cRX5OnjoU,UgzQq8adZoO-QLxKz3d4AaABAg,@권또-d3f,흐흐 우리도요는 ㄹㅇㅋㅋㅋㅋㅋㅋㅋㅋㅋㅋㅋㅋ,0,2025-09-19T03:26:19Z
x7cRX5OnjoU,UgwwA6IglkW8M0N1ZHB4AaABAg,@jimmy0505_,어릴때도 저건 보통이 아니에요..,0,2025-10-29T01:46:46Z
x7cRX5OnjoU,UgwdTIZHv-4wg82TLEd4AaABAg,@엑셀리테,나락갈뻔한 저세상 토크를 셀프고로시로 정상화하는 델 로 략 국,0,2025-09-18T06:45:37Z
x7cRX5OnjoU,UgwaKJKo2xyA3w3rx394AaABAg,@그림영상-t5e,부럽다.,0,2025-10-26T11:30:19Z
x7cRX5OnjoU,UgwNvcC6XWMaZIp4emR4AaABAg,@검정여우-m4e,이정도면 발언권이 아니라 자수권인 거임,0,2025-09-21T05:11:35Z
x7cRX5OnjoU,UgxUeVykk1sSfTvNggR4AaABAg,@빌런풀버스트,누굴 골로보내려는거야 이 광인아 ㅋㅋㅋㅋ,0,2025-09-18T03:52:09Z
x7cRX5OnjoU,UgxeUcQxF05f4PNh4AJ4AaABAg,@Hell_Dust-Buhnerman,수녀님 수녀님 우리 수녀님...😅,0,2025-09-17T23:51:57Z
x7cRX5OnjoU,UgwYGHI0pXXPBnWIdl14AaABAg,@RiviersMKII,광역도발에 킬스위치인가...,0,2025-09-17T23:03:22Z
x7cRX5OnjoU,UgxKtF1mlSmjkNuLFRF4AaABAg,@맹그루-r5v,"연?령?대?
체포야ㅏㅏㅏㅏㅏㅏ!!!",0,2025-09-22T06:55:29Z
x7cRX5OnjoU,UgxyxJoU27o1O0rVmrV4AaABAg,@xg7531,핑크머리의 품격...ㄷㄷ,0,2025-09-17T14:28:16Z
x7cRX5OnjoU,UgwAI3nJjreyP7t-7ht4AaABAg,@Pachirisu07,수녀가 아니라 콘스탄틴이였네 ㅋㅋㅋㅋㅋ 다죽일라하네 ㅋㅋㅋㅋㅋㅋㅋ,0,2025-09-17T15:22:06Z
x7cRX5OnjoU,UgwqT7KtLgYSNJdVNON4AaABAg,@simhae1775,와 수녀님 그렇게 봤는데!,0,2025-10-11T18:30:21Z
x7cRX5OnjoU,UgxrkFHdfz_-HWqyJIJ4AaABAg,@aakhs400,"아...그러니까...
이미 싹수가...그...
훌륭하게 될 새싹이었...
아 제발 교황님 좀...",0,2025-09-19T16:58:47Z
b_T0AmcCsWI,UgzTDYl-I45HRvt-q3F4AaABAg,@최은철-e8p,상괭이는 '210층에 사람 있어요' 라고 운다,58,2024-03-07T09:49:24Z
b_T0AmcCsWI,Ugz5Oet-1od4sBuSadR4AaABAg,@quirellluca5307,상괭이는 이렇게 우는구나,48,2024-03-07T09:28:36Z
b_T0AmcCsWI,Ugy4E2xo2YUsuiaOHEt4AaABAg,@spit-fire2,"""빼지않으면""
""손실이 아니다.""",21,2024-03-07T10:09:33Z
b_T0AmcCsWI,UgzRb0PF6PK7RVrFpZB4AaABAg,@오레오-j7w,역배를 노린 사람의 최후인가요?...,0,2026-04-11T03:35:55Z
b_T0AmcCsWI,UgzykXFj6EUxAiER5M94AaABAg,@ProjectMiku39,수녀님은 이제 엔씨 마천루 오우너를 찾기 시작하는데  ㅋㅋㅋ😂,11,2024-03-07T09:16:34Z
b_T0AmcCsWI,UgzKR4_gBUPQM30z4HZ4AaABAg,@이지원-w8u4o,걱정마세요 지금은 더 박살났답니다,2,2024-03-12T08:38:45Z
b_T0AmcCsWI,Ugw896Ygl2alLAXLA1V4AaABAg,@니아티타,유니티가 진짜 게임엔진역사에 남을 희대의 개트롤짓만 안했어도 따구로 주가 박살나진 않았을껀데...,10,2024-03-07T09:16:36Z
b_T0AmcCsWI,Ugzw7iKKC3OQTgI4wOp4AaABAg,@EricWu05,호랑이 우리에 들어갔어도 이거보단 덜물렸겠다 ㅋㅋㅋㅋ,15,2024-03-07T10:22:36Z
b_T0AmcCsWI,UgytURER66lhS8zEexl4AaABAg,@freemoonnight,상괭이는 210층에 사는구나…. 귀하네..,11,2024-03-07T10:03:25Z
b_T0AmcCsWI,UgyCWQ68bNH2knN6DmN4AaABAg,@musukite,누구인가 이 구슬프게 우는 짐승은 안타깝고 가엽구나..,0,2025-10-03T23:44:17Z
b_T0AmcCsWI,UgzrMIWfOdUAZlk8zDV4AaABAg,@쀑쀑,최상층 거주민ㅋㅋㅋ,7,2024-03-07T12:17:53Z
b_T0AmcCsWI,UgxxXrbInjhAMPCnqkR4AaABAg,@슴핫,주식이 이러캐 무섭습니다.,8,2024-03-07T09:51:00Z
b_T0AmcCsWI,Ugwhp5Rxr5aCVKv7WCx4AaABAg,@도끼날-p1q,10번쯤 돌려 봤는데 생각나면 또 봐야겠따,5,2024-03-07T13:41:41Z
b_T0AmcCsWI,UgzLAUGqKhDYB7ZxDZh4AaABAg,@제임스_모티모어,달러가 높...아?,0,2026-04-05T01:27:39Z
b_T0AmcCsWI,UgxOVJfmghAh8_R3uZ14AaABAg,@jumping-wolf,상괭이 폼으로 울먹이니까 왤케 웃기지 ㅋㅋㅋㅋㅋ,4,2024-03-07T16:48:51Z
b_T0AmcCsWI,UgwKLnD38ow6F96SvlN4AaABAg,@김종열-f4k,펜트하우스가 아니라 옥상 피뢰침에 사시네,1,2024-03-08T05:02:19Z
b_T0AmcCsWI,UgyfDGbRN83M2DJp_6Z4AaABAg,@WakippaiBenkyoWatamate,아이구... 똑똑하셔서 주식을 하셔버렸군!!,4,2024-03-07T09:29:02Z
b_T0AmcCsWI,UgwceiDNG7823qc4UUF4AaABAg,@YuRangSoma,ㅋㅋㅋㅋㅋㅋㅋㅋ 수녀님 주식ㅋㅋㅋ,6,2024-03-07T10:39:26Z
b_T0AmcCsWI,UgwABpka64WfY-8e-cN4AaABAg,@lastoflancas,와. 수녀님 대단하시네. 나도 안하는 주식을...,2,2024-03-07T13:34:19Z
b_T0AmcCsWI,UgzWqbHonpTkQ6L4Bep4AaABAg,@mdk3314,저기에 들어가는 것도 능력이다ㅋㅋㅋ,3,2024-03-07T11:04:00Z
b_T0AmcCsWI,UgzF01Kmkk5BLAvlQLJ4AaABAg,@바삭바삭한돈까스빌런,"유니티....! 어째서.....!
하지만 수녀님은 으른양들이 있다!",5,2024-03-07T08:57:47Z
b_T0AmcCsWI,UgyAtrWEEGtJtgXsUKJ4AaABAg,@겟타샤인,상괭제타는 상괭상괭...ㅋㅋㅋ,5,2024-03-07T13:10:00Z
b_T0AmcCsWI,Ugx-eu1TbE2kzzex_ed4AaABAg,@Arikino13,선생님 진정하세요 주식하면서 그런것도 각오 안하고 들어간거 아니지 않습니까? ㅋㅋㅋㅋㅋㅋㅋ,2,2024-03-07T13:34:41Z
b_T0AmcCsWI,UgyTmHuPSNoHjaHK0WZ4AaABAg,@didahsbsuei,저도 물렸습니다 수녀님 힘내십시오,1,2024-03-08T05:14:36Z
b_T0AmcCsWI,UgwL1_D5vaX3LhGU5OF4AaABAg,@DogFood4130,으른양들이 파란이유는...,0,2024-03-07T23:29:04Z
b_T0AmcCsWI,Ugy93vMJPqk81xYEUkR4AaABAg,@finder2565,놀랍게도 저 때 엔비디아를 샀으면 어마어마하게 벌 수 있었다...,0,2024-03-08T10:25:42Z
b_T0AmcCsWI,Ugxol1y6LyUn9OHFdt14AaABAg,@J_Nao,3주전에 늦은줄알았던 엔비디아를 담으셨더라면,1,2024-03-07T12:20:48Z
b_T0AmcCsWI,Ugyo8HufkQDP4Zoozsh4AaABAg,@레콘맨,찐통곡 너무 좋고 ㅋㅋ,2,2024-03-07T21:44:31Z
b_T0AmcCsWI,UgzHUJOEQucHesBzZMh4AaABAg,@nap8921,'나는 사실 엔비디아를 샀다' 라고 자기최면걸기,1,2024-03-07T09:59:07Z
b_T0AmcCsWI,UgyclW7Bmdc9TWwGcDp4AaABAg,@Zerdas,"원신 믿고 유니티에 넣었다니
수녀님은 그냥 예적금이나 들자...",0,2024-03-07T20:23:41Z
AXfPof4qqbo,Ugz6kHMtWO01tYUVL814AaABAg,@파인애플피자_빌런,찐텐 긁....ㄷㄷㄷ,16,2025-06-03T09:55:16Z
AXfPof4qqbo,Ugy-mjADHxfv47zYlup4AaABAg,@김지수-f6y,수녀님..... 응과장은 본업이 pd니깐 열받으면 취미 쉴수도 있지만 수녀님은 본업이 방송이니깐 켜서서 수금 하셔야죠....,10,2025-06-03T13:48:08Z
AXfPof4qqbo,Ugxnj2e9NXmp3sJw0Hl4AaABAg,@occupy1361,마이크 점점 깨져가는게 웃음벨임 걍 ㅋㅋㅋㅋ,6,2025-06-03T09:46:32Z
AXfPof4qqbo,Ugz6lC-L0yxbxEWgxoB4AaABAg,@바삭바삭한돈까스빌런,사람의 희노애락을 모두 볼 수 있는 마법의 단어... 무서워!!!,6,2025-06-03T09:22:21Z
AXfPof4qqbo,UgxKAHj6kswGxJo61GR4AaABAg,@수르릅,수녀님보고 앞으로 유니티에는 절대 투자 안하기로 다짐했어요😊,7,2025-06-03T09:17:31Z
AXfPof4qqbo,UgxKFucTtYE6vU_XMEZ4AaABAg,@hinahinahinanolove,참다참다 동급취급에 결국 씨게 긁혀버린ㅋㅋ,4,2025-06-03T17:33:46Z
AXfPof4qqbo,Ugz3B1A_OOYLTnKn7M94AaABAg,@넬슈아,주식이 이렇게 무섭습니다,3,2025-06-03T09:16:55Z
AXfPof4qqbo,Ugxd7c3d6__R8ChBhQh4AaABAg,@최은철-e8p,역시 꼬라박으신 분은 마인드가 다르시네요^^,2,2025-06-04T00:02:57Z
AXfPof4qqbo,UgxS_k1VBDT_eup1O1t4AaABAg,@토마토메기,ㅋㅋㅋㅋㅋㅋㅋㅋ 이런 수녀님 너무 좋아~,4,2025-06-03T09:19:04Z
AXfPof4qqbo,UgyaxO-tO2FUq3srsrB4AaABAg,@RiviersMKII,저건..찐으로 긁혔구만...ㅋㅋㅋㅋㅋㅋㅋㅋㅋㅋㅋㅋ,1,2025-06-04T00:42:39Z
AXfPof4qqbo,UgzvferT_uHgj2IZH5V4AaABAg,@뭐라했음,주갤과 수녀님을 보며 주식은 하지말아야겠다 다짐합니다,0,2025-06-04T02:51:40Z
AXfPof4qqbo,UgyFur27pbQUiqCQyk54AaABAg,@철수와영희-q4m,자연스러움,3,2025-06-03T10:06:01Z
AXfPof4qqbo,Ugzgt4jux_Gba9RjY4N4AaABAg,@ksl5936,로제타님은 이렇게 폭주할때가 가장 웃겨욬ㅋㅋㅋ,0,2025-06-03T12:10:28Z
AXfPof4qqbo,UgwnjNdY37ZAzz4-cxN4AaABAg,@100yearswhale,로제타님이 저렇게 화를 내시다니… 주식이 이렇게 위험합니다.😮,0,2025-06-04T01:10:14Z
AXfPof4qqbo,UgzM41L-QDTGz2OxwbR4AaABAg,@John_smith9203,"주식은 안(못)하는 사람은 있어도, 
하면서 물안타는 사람은 없다....?",0,2025-06-03T14:49:50Z
AXfPof4qqbo,UgyW2GI0VM5l6ZYEfMB4AaABAg,@Brave-Park,내 반려 삼성 영원히 함께....는 야발!!!!! 삼성!!!!!!!!!!!!!!,2,2025-06-04T01:28:06Z
AXfPof4qqbo,UgzHFI21C4tXoFVfB5N4AaABAg,@모건아서,급발진 하는 수녀님 ㅋㅋ,0,2025-06-04T08:28:55Z
AXfPof4qqbo,Ugzi_Ewsh_rJHcdkHRF4AaABAg,@bhy9833,물을 타서 대주주가 된다.,1,2025-06-03T10:02:38Z
AXfPof4qqbo,UgwtjEmSS-P7sChvxgV4AaABAg,@v푸르미아v,87% 그가 잃은 주식,0,2025-06-04T06:02:12Z
AXfPof4qqbo,UgyHbiaXtfpTRLXZ3Z14AaABAg,@WakippaiBenkyoWatamate,느슨한 휴일에 긴장감을 넣어주는...,0,2025-06-03T09:49:16Z
AXfPof4qqbo,UgwoQFyQClnEjhbcYG54AaABAg,@taeyang3729,ㅋㅋㅋㅋㅋㅋㅋㅋㅋㅋㅋㅋㅋ 말하면서 자꾸 과거의 자신이 떠오르는 수녀님 ㅋㅋㅋㅋ,0,2025-06-03T10:15:49Z
AXfPof4qqbo,UgxmxytKfLMrqWXlMDh4AaABAg,@콩은까야제맛-z2u,ㅋㅋㅋㅋㅋㅋㅋㅋㅋ 이게 드디어 쇼츠로 올라왔구나 ㅋㅋㅋㅋ,0,2025-06-03T11:08:34Z
AXfPof4qqbo,Ugzg8hqLaLa2vO4M7GR4AaABAg,@Drone0,"운명 공동체, 플라잉 더치맨은 선원이 필요해요",0,2025-06-03T11:40:06Z
AXfPof4qqbo,UgxeiIn8_Pci_54C_0h4AaABAg,@오연균yeon,옆에 페니와이즈도 그려주세요,0,2025-06-03T10:12:22Z
AXfPof4qqbo,UgzXsnyye2BYdebTly54AaABAg,@이_베리아,수녀님 방송 열심히 하세요 ,0,2025-06-03T23:41:40Z
AXfPof4qqbo,Ugxc5_FmE89-a4vjSdl4AaABAg,@orange9974,목소리 찣어지는깈ㅋㅋㅋ,0,2025-09-15T04:59:11Z
AXfPof4qqbo,UgyFryy1g7OrRRnpzJd4AaABAg,@jimmy0505_,에디슨모터스 실시간으로 떨어져본적 있으신가요?,0,2025-06-04T03:04:57Z
AXfPof4qqbo,Ugxk7gU9aH1jfYxCWF94AaABAg,@최정훈-j2d,ㅋㅋㅋㅋㅋㅋㅋㅋ 아닠ㅋㅋㅋㅋㅋㅋㅋ,0,2025-06-04T14:21:55Z
AXfPof4qqbo,UgweW2LVH1jBSdS6rfp4AaABAg,@VeniceE04,개웃끼네 ㅋㅋㅋ,0,2025-06-21T04:33:21Z
AXfPof4qqbo,UgzJMW0uOtTsqzR2fDh4AaABAg,@CromiumBlack,"허. 유니티는 최소한 상폐는 안 당했잖소.
주식이 상폐당하면 어떻게 되는지 아십니까? 장외거래 넣어야 해서 증권사 직원한테 전화걸어서 매도주문 넣어야 해요. 

증권사 직원이 내 폰번호만 보고도 이름과 상폐된 주식 딱 찾아내서 ""□□□ 고객님 ○○○주식 거래하실건가요?"" 하고 물어볼 때 그 쪽팔림을 느껴봤어요??

그걸로 거래 체결되고 짤짤이 푼돈 입금되며 계좌에 -99.89% 손해 찍히는거 보는 기분을 알아요? 

수녀님이 ""너 쓴맛 덜 봤다"" 하실 짬은 아니에요",6,2025-06-03T11:41:27Z
QLLnvUWfx-s,Ugwci1HXZ7OXiJ8LouZ4AaABAg,@user-iq4xf6os1e,잊지 안을게요~♡♡♡,4,2023-01-13T12:35:16Z
QLLnvUWfx-s,Ugx6n_s-QNkPNkG7kuN4AaABAg,@summunbo,"우연찮게 뉴스를 보다가,  영상 말미에 한글로 비툴게 쓰신 '하나님 나를 도와주소서'라는 글 낯선땅의 언어로 쓰여진 진심어린 고백.. 소름이 돋네요.. 척박하고 볼품없던 가난한 나라에 자신의 일생을 바쳐 사랑과 헌신으로 예수님처럼 섬겨주신 로제타 여사님께 존경과 사랑을 드립니다. 연극 꼭 보고싶네요. 은혜 잊지 않겠습니다",3,2023-01-13T14:02:16Z
QLLnvUWfx-s,UgzicZHyagw0zVQelHt4AaABAg,@hjpark6396,로제타선교사님 감사합니다 사랑합니다,2,2023-05-18T09:58:25Z
QLLnvUWfx-s,UgzkX2gsyA_rHgTICEp4AaABAg,@seonglee121,💯100년전 부터 지켜온 한미동맹 💯의리를 지켜야 하고 💯은혜를 저버라면 안된다.⚘️ 🌈,4,2023-01-13T12:42:10Z
QLLnvUWfx-s,UgyUX2h86NIrGSaPf5x4AaABAg,@ilikemissy,만약 애국가를 김대건과 한용운이 자신들의 신의 이름으로 교황님이 보우하사나 부처님이 보우하사로 지었는데 특정 종교라는 이유로 조상님이나 부모님이 보우하사로 애국가 가사 변경했다면 전쟁 났을 것이다,3,2023-01-13T13:47:34Z
QLLnvUWfx-s,UgzD4r3l632zOc_0EoZ4AaABAg,@tomtom-ht3ns,미국이 대한민국을 세웠죠 !,6,2023-01-13T12:40:52Z
iHJCHZAMHhw,Ugwc9zD3F1f19fD8jCt4AaABAg,@kimchiudon,헐 로제타 ㄷㄷ 다음주에 머볼까 좋네영 늘 잘 보고있습다^o^,1,2019-05-18T19:17:05Z
1C-VWEVvTjo,Ugju297Wgy75engCoAEC,@82SK,힝♥️,0,2016-10-09T14:07:21Z
ip3QacojGSM,Ugy8yI9TBs81LVwIUCt4AaABAg,@40뮤즈-b1h,윤경쌤덕에 콩쿨 너무 재미있게 봤어요 결과는 너무 의아하긴 해요,6,2021-10-27T09:51:13Z
ip3QacojGSM,Ugyso6UYdGn9wVIY1tN4AaABAg,@saechinwon7276,잘보고 가요 ^,4,2021-10-27T08:43:42Z
ip3QacojGSM,UgyonoYN6SIO4akGo-14AaABAg,@smhkk567,쇼팽 콩쿨 에피소드 너무 잼있게 봤어요오!,2,2021-11-28T03:44:35Z
ip3QacojGSM,UgxG9f2CC4zyc5_ROUZ4AaABAg,@박석심감동이에요.마,윤경 샘 소녀의 기도 치는법...너무 잘 알려주셔요..펜이됬어요...,1,2023-05-17T12:02:26Z
Cr13O5mq9BU,Ugz7FMZxTa8QUgS65Up4AaABAg,@왕지원-j4h,한상욱대표님 용인에서의 교육 감사합니다,0,2026-07-09T12:43:17Z
Cr13O5mq9BU,UgzKYNX54vy702pO29R4AaABAg,@라이프컨설턴트-당신,"진짜 추억을 선물하는 것은 정말 감동일것 같네요! 꼭 주변사람들에게 선물해보겠습니다. ^^
 feat.빨간포장지에 금색리본",2,2020-02-06T08:03:21Z
Cr13O5mq9BU,Ugz3nFRlxA913JuK3Ix4AaABAg,@nanalee2898,한상욱대표님~~!!감사합니다,0,2023-05-22T09:12:00Z
Cr13O5mq9BU,UgxYV3ENWX-QcaZKWTB4AaABAg,@별줍는아이7,참 좋네요🎉,0,2025-06-04T12:07:52Z
Cr13O5mq9BU,Ugxd8cBPJ1122lUskYB4AaABAg,@manholee399,"현실적인 도움이 되는 강의 
감사합니다!",0,2022-12-13T07:35:17Z
dkzxx49ZPX0,UgzYd8KbgvlpZdWplAx4AaABAg,@sbsnews8,커튼콜 100회 - 문명특급 홍민지 PD편 2부는 7월 14일 공개 예정입니다.,0,2021-07-08T07:59:58Z
dkzxx49ZPX0,UgxxAiJKRLV8OA72K1V4AaABAg,@모두-v2o,"저희의 아이디어를 실현시킬 수 있었던 건 연륜있은 감독님들 덕분이였다는 말이 되게 와닿았어요
밍키피디님 말씀처럼 진정한 세대통합 프로젝트였네요! 
이런 이야기 들을 수 있게해주셔서 감사합니다 ㅠㅠ",5,2021-07-23T03:39:35Z
dkzxx49ZPX0,UgyYNSwTnABC167xx2p4AaABAg,@woeldf,밍키피디님❤️ 문특팀 최고❤️,5,2021-07-14T12:05:47Z
dkzxx49ZPX0,Ugzf8Mv7pc0PYbh9uyh4AaABAg,@kimjik5209,밍키 pd님 이야기를 많이 들을 수 있어서 좋았네요. 정말 힘들었을텐데 주변 도움에 감사하는 걸 보니 문특팀의 이런 배려와 감사가 성공의 비결인가봐요ㅋㅋㅋㅋ재밌게 듣고갑니다!,3,2021-08-16T02:24:00Z
dkzxx49ZPX0,UgzRRmrxwN4ePNslQFB4AaABAg,@쥰june,❤홍민지pd님❤ 너무 수고하셨고 좋은 컨텐츠 만들어주셔서 감사해요😘 문특 항상 재밌게 보고있습니다 ❤❤❤,4,2021-07-14T04:24:18Z
dkzxx49ZPX0,Ugwvo8gwvgpTC45v6-p4AaABAg,@ybdlim907,인턴 빼면 제대로 일 할 수 있는 팀원은 5명이었네… 진짜 고생했다…. 많아봤자 10명.. 보통 티비판 스탭들 60명정도 되는걸로 아는데,1,2022-02-13T12:56:18Z
dkzxx49ZPX0,Ugx5HYmptHftTc53DaN4AaABAg,@chief4620,2부는 왜 안올라오나요..?,1,2021-07-07T10:12:39Z
HpbMVcB1C-U,UgzM_s0W0jcxNvqOJ-N4AaABAg,@Tunabbbo,앞으로보고걸을수있어요?!,0,2013-03-27T12:52:13Z
vGXwqGZz1jQ,UgjA1s--iLP1sngCoAEC,@Chaxa1998,"짬시기형 요즘 근무태만에 방송할때 하늘같은 보개미형님한테 기어 오르네요
보따각입니다 형님",3,2016-09-08T08:25:33Z
vGXwqGZz1jQ,Uggo9OdgdM4CwXgCoAEC,@Just_6232,당신의 1억은 공기처럼 사라질것입니다.. 자 그러면.. 레드... 썬..,1,2016-09-08T14:24:20Z
vGXwqGZz1jQ,Ugj9E2yoP31LLHgCoAEC,@roani5698,형님웃고갑니다,0,2016-09-08T10:06:10Z
vGXwqGZz1jQ,Ugh9w1vxRwAGwXgCoAEC,@aaa1ef-p6n,짬식이 강화 잘띄우네ㄷ,0,2016-09-08T15:38:41Z
vGXwqGZz1jQ,Ughi1HL7MKZhbHgCoAEC,@whitefear.,마술!,0,2016-09-08T08:28:04Z
vGXwqGZz1jQ,UghVvnbr0DTsiXgCoAEC,@손범규-o6n,꿀잼이고,0,2016-09-08T08:03:04Z
vGXwqGZz1jQ,UghRzWXmHYtpzHgCoAEC,@Yokiyame,ㅋㅋㅋㅋㅋㅋㅋㅋ,0,2016-09-08T08:01:36Z
vGXwqGZz1jQ,UgjvcTiPEdwt7HgCoAEC,@예수님a,짬허언증 !,0,2016-09-08T09:25:39Z
vGXwqGZz1jQ,Ugi6108p6ZLC3ngCoAEC,@쓰호,보도 모르게~,0,2016-09-09T11:46:33Z
vGXwqGZz1jQ,UggrJvyQRrfnkXgCoAEC,@노무현-q7p,"로오레를또;;
몇천 날리고 정신안차렷나",0,2016-09-08T09:27:59Z
vGXwqGZz1jQ,UgjVflqS8YPbFngCoAEC,@하랑하율-o7b,실버 그거 노강됐던데?,0,2016-09-08T17:19:23Z
vGXwqGZz1jQ,Ugh1xslUd1yRH3gCoAEC,@mayo0000,골드럭스?,0,2016-09-21T14:55:52Z
vGXwqGZz1jQ,UgjwJkMbvJNAgngCoAEC,@user-ry6ly2lc5v,이틀전 새벽 시문1채널에서 어떤 사람 웨리 12강 가는데 기부까지 합쳐서 2억7천씀ㅋㅋㅋ,0,2016-09-08T22:20:39Z
vGXwqGZz1jQ,UggRbWKNS5o793gCoAEC,@RoverLeeROV,헬돌다 총먹으면 버릴 로오레에 얼마쓰는겨 ㅡㅡ,0,2016-09-08T19:20:49Z
vGXwqGZz1jQ,UggpqRypw1ovzHgCoAEC,@김현서-p7r,보겸,0,2016-09-08T08:00:53Z
vGXwqGZz1jQ,UghrLN6YUmGH7HgCoAEC,@sidalp,넥슨게임은 패턴이 다똑가ㄸ네 돈슨ㅅㅂ,0,2016-09-08T21:55:37Z
vGXwqGZz1jQ,UggzjgZqqpjUZXgCoAEC,@wodvo890,형 진짜 데페는 아니야.. 너무 꾸졌어....,0,2016-12-18T19:47:29Z
vGXwqGZz1jQ,UghzLW7NgYYYYXgCoAEC,@으잉-m6f,13에서걍 그만두지 으이그..,0,2017-03-13T15:59:14Z
vGXwqGZz1jQ,Ugg97xpKt2YYS3gCoAEC,@Kegyeongho,보도모르게,0,2016-09-08T14:18:25Z
vGXwqGZz1jQ,UgxyaBYhsDLWgRtTS3B4AaABAg,@챙챙쿤,결혼하자,0,2019-11-23T14:46:48Z
vGXwqGZz1jQ,UghuI64wLt_VhHgCoAEC,@윤혜준-r5m,1억이면 현금가치가 얼마임??,1,2016-09-09T05:18:37Z
vGXwqGZz1jQ,UggQKew4A2Nl0HgCoAEC,@황승현-i7d,"200만원만 주십쇼 내일 레이드쩔받게?
구걸충들이 미쳤네ㅋㅋㅋ",0,2016-09-08T14:32:50Z
vGXwqGZz1jQ,Ugivpt8JQxXxOngCoAEC,@ksahn5477,또 강화로 돈날림?,0,2016-09-08T08:51:32Z
vGXwqGZz1jQ,UgiYsa4PIRK6KXgCoAEC,@소야-r1c,보이루 !,0,2016-09-08T08:58:13Z
vGXwqGZz1jQ,Ughjo8ZyYvQv3ngCoAEC,@Unong777,넥슨게임 그만두시길!,0,2016-11-22T08:22:27Z
vGXwqGZz1jQ,UghuY5ZEY2cYn3gCoAEC,@보빡이-p6s,보이루,1,2016-09-08T08:00:57Z
vGXwqGZz1jQ,Uggyzm6cQzmQlXgCoAEC,@jjuj2173,짬식이 너무 말주변없어서 ㄴㅈ,0,2016-09-08T13:59:33Z
vGXwqGZz1jQ,UggRrbNhKM3-LngCoAEC,@고돌이-m3w,1빠닷,0,2016-09-08T08:00:48Z
vGXwqGZz1jQ,UgjJwDQLQWf7qHgCoAEC,@백주선-p8i,귓말 극혐이네 구걸좀 그만해,0,2016-09-09T13:46:11Z
sf4pB3RvITE,Ugyi4zb6hChEXmnOkqJ4AaABAg,@MrKinamyun,김성령???,1,2025-08-07T07:27:11Z
Kf92DPkQVNE,UgwaJ-WADYmeoG4mq1Z4AaABAg,@withhumanus,멋진 연극이었습니다. 한국에서 봉사에 바친 로제타 홀의 정신이 지금도 남아 고려대 의과대학으로 발전했군요!,2,2025-09-08T00:46:35Z
Kf92DPkQVNE,UgxE8OzfeXUdtqf28_J4AaABAg,@이현준-s8n,"조현병 환자 입니다.
조현병에 대해 상세히 알려 드립니다.",0,2025-09-07T00:08:44Z
Kf92DPkQVNE,Ugy7q0Z0pSWzdM5onwF4AaABAg,@이현준-s8n,https://youtu.be/EBh_Kun5zpQ?si=oN_ckG0Ym3wUa9zh,0,2025-09-07T00:08:03Z
zX6oV7lUxZM,UgwKZOY7hxta6iT5B0p4AaABAg,@xuevec,어떻게 기억해도 빅ㄷ투스라고ㅋㅋㅋㅋㅋㅋ,21,2025-06-25T09:29:26Z
zX6oV7lUxZM,UgyypT6L8A8h9jPlMjN4AaABAg,@tanosii9945,자랑스러운 우리수녀님,6,2025-06-25T22:57:21Z
zX6oV7lUxZM,UgyFBItjCWoCrL-CU1x4AaABAg,@Lord_Unicorn,빈딕투스를....big dixk tooth 로 기억하시다니 ㅋㅋㅋㅋ,4,2025-06-25T15:31:49Z
zX6oV7lUxZM,UgyBkSzOGtwYWbdULxF4AaABAg,@RiviersMKII,...아...대체..수녀님 어떻게 배우신겁니까?...한수 배워갑니다.,1,2025-06-25T14:42:08Z
zX6oV7lUxZM,UgwFGw3ZfCN1WUSA41Z4AaABAg,@복음밥-s4m,와.. 귀여워.,2,2025-06-25T10:40:11Z
zX6oV7lUxZM,UgzpMXLEqTwxoAdZMet4AaABAg,@_NPT_,빅디ㄱ투스ㅋㅋㅋㅋㅋㅋ,4,2025-06-25T11:25:39Z
zX6oV7lUxZM,UgzT0nShS30UHsEJI7V4AaABAg,@dogmie1,빅딕투스 거근두개 상어두개 구멍두개 의식의 흐름이 무슨...,0,2025-06-25T13:15:15Z
zX6oV7lUxZM,UgyHxcnXZUSJU62ViL94AaABAg,@pexiv,영어로도 써있자나ㅏ!!!! 어떻게 vin이랑 big이랑 해갈려!!!,0,2025-06-25T11:24:51Z
zX6oV7lUxZM,UgxUodesQ8-VAQmFoCB4AaABAg,@매너유저수민이,제타제타야... 제목부터 내용까지 너무 매워... 근데 그래도 사랑해...,0,2025-06-25T09:42:20Z
zX6oV7lUxZM,UgzD_4rK9Jw6q2QbxQJ4AaABAg,@film_good400,엄.......어우....엄어.....엄......그....엄.....어....엄....................,2,2025-06-25T09:54:09Z
zX6oV7lUxZM,Ugyh9UY-izSCXmkDQOh4AaABAg,@nosaster,언제나 행복하고 건강하게 지내세요!,0,2025-06-25T10:08:35Z
zX6oV7lUxZM,UgyMfg_vomoa4IiNyeB4AaABAg,@Noble.6,수녀님 제발 진정하세요,0,2025-06-25T09:50:23Z
zX6oV7lUxZM,UgxMISSL28FIlQYXemt4AaABAg,@임규삼,'카록의 크고 우람한 빅딕투스',0,2025-06-25T11:00:55Z
zX6oV7lUxZM,Ugwqz2CW_vZx4mNKbzZ4AaABAg,@최은철-e8p,수녀님......,1,2025-06-25T13:28:03Z
zX6oV7lUxZM,UgyOviyeY205nQALetl4AaABAg,@taeyang3729,새벽이 찾아왔군요 ㅋㅋㅋㅋㅋㅋ,0,2025-06-25T12:40:33Z
zX6oV7lUxZM,Ugwhkd0cPijOOkm8ZLV4AaABAg,@담백한버터-f6j,의식의 흐름이 이렇게,1,2025-06-25T11:59:48Z
zX6oV7lUxZM,UgyInc49kHKbW6qxhNJ4AaABAg,@서현우-woosan,가끔 편두통있을때 수녀님 쇼츠보면 낫더라구요 대가리를 씨게 맞는 느낌이 들어서 그런가,0,2025-06-27T05:16:19Z
zX6oV7lUxZM,UgwRatM0Tk3SEs5CR-V4AaABAg,@無極-p8p,"저 이후로도 계속 빅딕투스라고 하심 ㅋㅋㅋㅋㅋ

게임 하는거 재미있을것 같았는데 정작 게임은 못하신 ㅠㅠ",1,2025-06-25T09:29:09Z
zX6oV7lUxZM,UgywNDkS7DDrFo9O4Zh4AaABAg,@lilllililiiilll,어..음..그래그게크면 이닿는걸 조심..어;;;,0,2025-06-25T12:16:40Z
zX6oV7lUxZM,Ugxkoy5gIpnHMbqyiv14AaABAg,@콩은까야제맛-z2u,여기가 새벽 유게구나,8,2025-06-25T09:53:01Z
zX6oV7lUxZM,Ugxw4_rZ_24mIxJq6sp4AaABAg,@겟타샤인,"...
응애수녀니는 그럼 못써...ㅋㅋㅋ",1,2025-06-25T10:11:07Z
zX6oV7lUxZM,UgxqyKgSQWcCu0yYi0x4AaABAg,@넬슈아,이걸 게임이름을 오해 하네 ㅋㅋㅋ,1,2025-06-25T09:16:19Z
zX6oV7lUxZM,UgyP7TqADpZ9kOEVjlN4AaABAg,@neon1922,땡큐 썰,0,2025-06-25T10:55:32Z
zX6oV7lUxZM,Ugykr9EYp8rV6XBAT354AaABAg,@바삭바삭한돈까스빌런,거근두갴ㅋㅋㅋㅋㅋㅋㅋㅋㅋㅋㅋㅋㅋㅋㅋㅋㅋㅋㅋㅋㅋㅋ,1,2025-06-25T09:57:53Z
zX6oV7lUxZM,UgynGcViSMrb2zfXr0h4AaABAg,@mdk3314,빅디ㄱ  ㅋㅋㅋㅋㅋㅋㅋㅋㅋㅋ,0,2025-06-25T10:58:09Z
zX6oV7lUxZM,Ugw1rbEmAgG9pDJCeJp4AaABAg,@Lussaphi,(혼란),0,2025-06-25T09:22:11Z
zX6oV7lUxZM,UgzYu9fYhQqDCOy7vLt4AaABAg,@DogFood4130,아...,1,2025-06-25T10:01:55Z
zX6oV7lUxZM,UgzCU13AGp9AKKp_Eh14AaABAg,@수르릅,딕하,1,2025-06-25T09:16:00Z
zX6oV7lUxZM,UgyN4NPNrGOtkJ35beh4AaABAg,@user-hsy_pen,아 제발,0,2025-06-25T16:45:13Z
zX6oV7lUxZM,Ugx9mbmau6Vwhn5v7rh4AaABAg,@AMX105x02,ㅈ문대.....ㅈ문대.....아무튼 그럼.....,0,2025-06-25T09:45:26Z
JE4gS6eWI70,UgyroklztXC57oKqaLh4AaABAg,@lhs6940,쇼미12보고 보러 온 사람?,488,2026-02-05T16:35:49Z
JE4gS6eWI70,UgzUBryqG8aw6YO5ozR4AaABAg,@aydanagazade592,Why this masterpiece is underrated? THIS IS ABSOLUTELY BANGER,25,2026-05-19T09:49:34Z
JE4gS6eWI70,UgwOucDMxV5yeuI3mXx4AaABAg,@FernFernDL,"I come here cuz SMTM12 , this song is so amazing",93,2026-02-20T07:07:24Z
JE4gS6eWI70,UgwY61t6-UV2VMJYcD94AaABAg,@TipsforAllWomen,ฉันไปอยู่ไหนมาเพิ่งเจอเพลงนี้,51,2026-03-07T08:27:35Z
JE4gS6eWI70,Ugw2J8pnJbeXp2FxLDN4AaABAg,@kimk.,MILLI SO HOT SO HOT ❤️‍🔥,53,2023-11-03T16:03:11Z
JE4gS6eWI70,UgzePJzwLkMN4EwmspJ4AaABAg,@treasureislove,Milli verses are so addictive. She killed it,1493,2023-11-03T09:02:25Z
JE4gS6eWI70,UgwTLGN9bFeffXu7No54AaABAg,@koreanhiphopplaylistchanne7739,Ph-1 killed this song and his verses go hard ass fuck BUT Milli FUCKINH MURDERED THIS SONG!! She didn't come to play Milli slayed and delivered,221,2023-11-10T04:14:59Z
JE4gS6eWI70,UgxPIbgLVQXCa6Rsdt14AaABAg,@오케이독,타고 태어나네 밀리,35,2026-03-30T01:25:08Z
JE4gS6eWI70,UgzO6E8rQREwCEUWX8V4AaABAg,@naennaen6070,"Ha ???? Two years ago, I just have heard recently.",71,2026-02-06T16:11:42Z
JE4gS6eWI70,UgyVfQIp9sFV48PGQ8F4AaABAg,@4ShottiesBoiz,I hope we can see pH-1 featuring in Milli's performance for SMTM12. I hope we get to see Milli and Haon on the finale yessir,68,2026-02-23T16:35:40Z
JE4gS6eWI70,Ugx-Ow4NtbVv7VNcom94AaABAg,@overwhelmedmulti,ppl only finding out abt this banger bc of smtm is so sad 😮‍💨guys do yourselves a favor and go listen to more milli and ph-1,7,2026-05-26T19:41:55Z
JE4gS6eWI70,UgzEWmewWGfJlVmU_Xx4AaABAg,@jamooltt9350,ชอบเสียงต่ำยัยนวยมาก,69,2026-02-19T04:28:49Z
JE4gS6eWI70,Ugy89dOYXLJxuo0IXC54AaABAg,@marigold4195,"Just coming after watching SMTM 12 ep 6 <3
This song is sooo good!",55,2026-02-20T00:39:00Z
JE4gS6eWI70,UgwszdYjNGGJ4NuicK94AaABAg,@vwrsr,Why did this song only just come up? It's clear that Milli  participation in Show Me 12 really had an impact.,17,2026-03-10T04:01:09Z
JE4gS6eWI70,UgyPXi_iZrJYElPV78l4AaABAg,@Iss.a___i,โปรโมทน้อยไปรึป่าว พึ่งเคยได้ยินเลยค้าาาาา 😍,104,2026-02-01T10:14:17Z
JE4gS6eWI70,UgyX3WsvQ9EUs0HwlYx4AaABAg,@에리_som,ทำไมเราพึ่งเห็น เพลงดีมาก,207,2026-01-22T22:55:10Z
JE4gS6eWI70,UgzMLSkJcRcP6N8rm7d4AaABAg,@shaasyashafie4539,come here for milli...🔥🔥🔥❤❤,4,2026-06-07T06:43:15Z
JE4gS6eWI70,Ugy2CNY7OeJ09osEHgh4AaABAg,@leavealekalone,"Milli ate this up, devoured as always 🔥🔪💫",34,2024-01-30T07:55:52Z
JE4gS6eWI70,UgzRWnvIIDnUVvKWeJ54AaABAg,@WingedPrincess2026,"MILLI just proved again why she’s one of the most powerful rappers in Asia.
Stage presence, flow, charisma  everything was on another level.
Thailand is proud of you. 🔥🇹🇭",12,2026-03-07T02:49:45Z
JE4gS6eWI70,UgwiVBQjun85aa03lFl4AaABAg,@김민규-z5f7r,홍보가 안됐나 조회수가 왤케 안나오지 내가 100만번 들을게요 형,91,2023-11-03T23:41:49Z
JE4gS6eWI70,UgwV1wh8ZhsUBYmo-2Z4AaABAg,@KingKpop,I have no idea who Milli is but I think I just feel in love with her. 😂,67,2023-12-29T05:13:39Z
JE4gS6eWI70,Ugx1Uu6mTtJ2J6E1USB4AaABAg,@aderulyrics,"it's like MILLI doing collab with pH-1 not opposite, cuz she ATE",56,2023-11-04T16:38:07Z
JE4gS6eWI70,Ugy3oMVd3xqr-koL--V4AaABAg,@530MAIDU,I just had to listen if “The Milli” was actually featured on this song 🎧🎼🫶🏽😉🙌🏽.   Great collaboration Milli ♥️🇹🇭👍🏽🇺🇸!!,41,2023-11-06T02:15:15Z
JE4gS6eWI70,UgyRbuXZIFzAMMzfvxZ4AaABAg,@Anony_mous1993,if i listen to this while driving my bike im gonna die that day hahaha. shits too hard and milli is to die for,2,2026-06-20T03:06:28Z
JE4gS6eWI70,UgxkbcY14BYjZ4ukc4p4AaABAg,@sicmunduscreatusest.4180,"Ph-1 never disappoints and
Milli absolutely slayed this ! CRAZY!!!",605,2023-11-07T15:40:00Z
JE4gS6eWI70,UgxIpNKCmRXESygAy5F4AaABAg,@whiteandblack1531,Milli's verse is so addictive she slayed it and ph-1 never disappoints,230,2023-11-20T07:38:06Z
JE4gS6eWI70,Ugx2PlHlqANrHWRN-8J4AaABAg,@BabyG888-y,ทำไมชั้นเพิ่งเห็น😂,31,2026-02-21T08:41:56Z
JE4gS6eWI70,UgwB4Tp6fC8BHZrhqnd4AaABAg,@kkkkbbbb6302,"밀리 지리네 ㄷㄷㄷ
쇼미12 씹어먹는중",20,2026-02-13T04:23:45Z
JE4gS6eWI70,UgywzJT0ZLiBsgvO8Yl4AaABAg,@ailinns6170,อะโห้พึ่งผ่านมาเห็นว่า ft. มิลลิ จึ้งเกิ้นนี่ควีนแรปเป้ออินไทแลนด์ยังเอาดีๆๆ 🤟🏻,7,2023-11-09T07:04:48Z
JE4gS6eWI70,Ugy9d8dk51qiAPZ4vI14AaABAg,@MickeyDubb,Nong MILLI & pH-1 my dream come true 🔥🔥,101,2023-11-02T09:01:57Z
E0j8GzO0YKM,Ugyh8Yd6iZorWLXirBJ4AaABAg,@강풍솔솔부는바람소리,"밥 로스 : 참 쉽죠?

나 : 귓빵맹이를 확마..",23,2023-02-02T04:21:02Z
E0j8GzO0YKM,UgxNkGBrwgdFwGCcubp4AaABAg,@잘된놈,"듣기만 했을때 가장 쉬운거 라떼아트
실전에서 가장 어려운거 라떼아트",25,2023-06-15T03:00:58Z
E0j8GzO0YKM,UgxIjBMgBO-Zz7MaUhd4AaABAg,@홍규순-k3z,완전 예술 이네요.,42,2023-07-13T12:26:56Z
E0j8GzO0YKM,Ugz_xaCulMDQbU-n1L54AaABAg,@아름다운강산f9j,다른 사람이 볼 때 쉬워보이면 그 사람은 고수입니다,6,2025-11-13T01:10:00Z
E0j8GzO0YKM,UgyZlKbuFDe6WdG2-C54AaABAg,@으헤헤-3,말로는 백번도 더성공😂,9,2023-11-09T04:56:17Z
E0j8GzO0YKM,UgwAvENgPe_l-41kQwh4AaABAg,@Brown_Brown,이렇게 쉽지 않잖아요...!,180,2022-11-27T06:26:32Z
E0j8GzO0YKM,UgwWqdj1wdeSfEkTpWV4AaABAg,@네ko,전 기본적인 하트정도만 할 수 있는데 유량을 영상처럼  일정하면서 자연스레 말려들어가는건 하트 연습보다 더 어려운 것 같아용ㅋㅋ,8,2025-01-12T15:51:10Z
E0j8GzO0YKM,Ugwyvs7bR4PCKbmnGVZ4AaABAg,@HoLyee_MoLyee,와 진짜 잘하시네요 ..! 너무 예뻐요😊👍,43,2022-11-24T03:44:11Z
E0j8GzO0YKM,UgyU6okjAHp2jSs6WSB4AaABAg,@rose-gc7gg,힝 완전부럽당~ 난 왜 안돼지?  핸들링이 보는것처럼 쉽지않아요~ㅠ  우유만 음청 버리고있어요~~~ㅋ,5,2023-03-03T02:25:23Z
E0j8GzO0YKM,UgxbiOvH0Z8KJFYbHX14AaABAg,@성진우-f7u,내가 그린 로제타는 잡초였구나,4,2023-04-04T10:23:15Z
E0j8GzO0YKM,UgxzDPMDBUBmaeRCV0B4AaABAg,@poiuidede,아우 이뽀!!!!!,1,2025-09-07T07:38:45Z
E0j8GzO0YKM,UgwNDPQB9736kqCuBfx4AaABAg,@하은조-c2s,"와우 대박 ㅋㅋㅋ 
왤케  잘핰",10,2022-11-20T13:16:54Z
E0j8GzO0YKM,UgyU8zaQbowOe-eWRZ94AaABAg,@aodrnn,밥아저씨인가요ㅜㅜ 아 로제타하고싶엉!!,2,2023-11-05T06:31:56Z
E0j8GzO0YKM,UgxapwFr2iDMOQiPPj54AaABAg,@파란선인장-q6m,"잘생겼는데 아트도 잘하시네,,,",6,2022-12-06T12:16:43Z
E0j8GzO0YKM,UgwS_cvEuilDBTnypBJ4AaABAg,@OZ-0119-AA,작품 완성~!,1,2025-06-26T07:38:17Z
E0j8GzO0YKM,Ugyi2l1exgxe-NZp6kx4AaABAg,@젊은요자,예술 해봐야지 당장!!!,0,2025-10-05T06:21:48Z
E0j8GzO0YKM,Ugyj-qAIh131Gzks3QF4AaABAg,@Clllllllassss,"아니 저렇게 가만히있는데 촤르륵...
내가 하면 똥글뱅이",2,2023-07-02T17:34:25Z
E0j8GzO0YKM,UgxDJhBSomGGurYmqLV4AaABAg,@임채웅-c4o,최고의 스킬~,0,2025-12-20T07:00:59Z
E0j8GzO0YKM,UgyfUuik7KCPFSDV6V14AaABAg,@찰비빔면,아니 저렇게 천천히 하는데도 결이 안뭉개지고 안가라앉네…진짜 신기하다 ㅜㅜ 보통 전 결 양쪽이 기둥 그려나가면서 원처럼 변하던데,0,2026-04-01T07:09:05Z
E0j8GzO0YKM,UgzBRhT8_xH6cexwti14AaABAg,@현현-p7b,너무잘생겼어요,3,2022-11-20T13:15:39Z
E0j8GzO0YKM,Ugy79RKOK3MFoP9OJsF4AaABAg,@이미영-i2y4w,최고 👍 👍,1,2023-05-27T13:18:49Z
E0j8GzO0YKM,UgzqknVsLvu2i6vqE194AaABAg,@rose7772,와~  나두 간절하게 하고싶다ㆍ 난 스티밍도 어려워~ㅠ,4,2022-12-13T17:07:23Z
E0j8GzO0YKM,UgyehSq5xeyTps2K2m14AaABAg,@Vitamin-j3p9v,와~~~아 너무잘해서 영상도 너무잘보여ㅛ,0,2023-02-03T03:43:28Z
E0j8GzO0YKM,UgyDXlltotqeG4ySKHZ4AaABAg,@Fdagrgrb_dfdae,저렇게 하려면 스팀부터 잘 쳐야하는데... 내가 하면 개거품,3,2025-01-12T20:42:27Z
E0j8GzO0YKM,Ugxwlna7MHAdeF9sR2d4AaABAg,@beenieo3o,???: 어때요? 참 쉽죠?,2,2023-04-05T18:00:49Z
E0j8GzO0YKM,Ugwct1f4YYFvXyfWPNR4AaABAg,@mummuee,와 이거 보고 처음으로 맘에 들게 성공했어요 와아..,1,2022-12-15T07:59:17Z
E0j8GzO0YKM,UgyO9BQLelSO3dZ9M1N4AaABAg,@only.joohyun,이쁘네요,2,2022-11-22T18:11:09Z
E0j8GzO0YKM,Ugx75IxRBHJw3Qg-bqJ4AaABAg,@pinkukikoo,올ㄹ 댑악,1,2022-11-20T13:22:03Z
E0j8GzO0YKM,UgynMKs976nXfN0J0Rp4AaABAg,@TeStarLoviewer,다행이야 나만 썩은게 아니라서...,13,2022-11-20T13:24:34Z
E0j8GzO0YKM,UgyfjLexp-7T7JJ95Wt4AaABAg,@user-to1ro6zm5j,나는 저렇게 이쁜거 만들고 계속 흔들리다 쏟는데....,1,2023-07-07T13:57:11Z
HSx29qj1c8M,Ugy_Ny9G8KK3Mv9DQGZ4AaABAg,@나이스관절,"하늘땅 공연 
언제 들어도 신나고 흥겨워서 좋아요",0,2022-10-25T12:14:42Z
uYLBEpaaJXg,UgzalGEo9kt2lxvlajV4AaABAg,@LifeGoesOn192,"제발 제발 지금 합격하는게 제일 빠른겁니다.
20대 중반이던 30대중반이던 들어가기만 하면 땡입니다.",137,2026-03-20T10:20:33Z
uYLBEpaaJXg,UgweMtt6HJeurAr08tF4AaABAg,@user-jy7vk6ke7e,31살에 들어갔는데 똑같음 ㅋㅋ 어차피 일하려면 욕먹으면서  배워야함... 오나오냐 하면서 가르쳐주는 성인군자 몇 없음,156,2026-02-20T10:47:18Z
uYLBEpaaJXg,Ugy6VeyvIOjDSDoLrAF4AaABAg,@issuxark9788,"나이가 좀 있어서 합격했는데, 
일 배우려면 똑같이 해야합니다.
나이가 많다고 일이 저절로 배워지는 게 아니거든요.
그 과정에서 위아래로 엄청 무시 받습니다.",353,2025-07-09T05:43:44Z
uYLBEpaaJXg,Ugz9LLVBXXO9rGVp_al4AaABAg,@kona554,누가보면 사기업은 나이대우 해주는줄 알겠네,35,2026-03-13T05:03:28Z
uYLBEpaaJXg,Ugwjn2Xa59FhhcO2DD14AaABAg,@hypertechnology3000,"저 사람이 말하는 어린 나이란 20~30대,  40~50대가 들어오면 혜택은 분명히있다",51,2025-12-18T14:46:02Z
uYLBEpaaJXg,UgzUO7zaKeGba-8B_FN4AaABAg,@asdx88,일찍 가는게 무조건 좋습니다... 저는 회사다니다가 37살에 붙었는데 5년 넘게 정말 그만둬라 싶은 헬보직만 주더군요...,30,2026-03-15T10:30:43Z
uYLBEpaaJXg,Ugx1fClbGMF0ebju1oV4AaABAg,@sssong2172,30대  중반까지는  뭐 같이 묻어가는건데  ㅡ   40대는  스스로  좀 노력하는 느낌,68,2025-08-22T11:34:56Z
uYLBEpaaJXg,UgxukVjDlqutFkGC-VJ4AaABAg,@파이어-c5k,현직 소방관인데 들어가기전엔 붙으면 장땡이다 라는 말을 믿었는데 들어가보니 일찍 들어가야 장땡입니다. 공무원은 무조건 어리고 일찍 들어가야 이득인 직업이고 조직입니다,80,2026-02-06T13:55:08Z
uYLBEpaaJXg,UgxnkwSA5qXz3flogEZ4AaABAg,@깨끗한물누리-p9r,"빨리 들어오는거 좋긴한데, 무작정 고등학교 졸업하자마자 오는 것보다는 대학생활이나 다른 것 좀 하다가 20대후반~30대초반에 들어와도 괜찮음.
고등학교 졸업하자마자 들어오는 친구들 좀 있던데, 첫 사회생활을 폐쇄적인 환경에서 하다보니 적응을 잘 못함.
뭔가 좀 애같은 티가 많이 나서 하나하나 챙겨주고 해야함.",23,2026-04-04T09:59:53Z
uYLBEpaaJXg,Ugy_MWoH1pqtsAl2CzR4AaABAg,@배재용-d3k,나이가 좀 있으면 빨리 퇴직한다고 동기들 보다 빨리 시켜주긴 하죠..,32,2025-07-07T12:37:11Z
uYLBEpaaJXg,UgxMfTyUC5jhPaayxe94AaABAg,@눈사람눈-d7w,연공서열의 의미가 나이가 아닌데? 공무원은 무조건 한살이라도 어릴때 들어가는게 좋음,40,2026-01-18T10:37:31Z
uYLBEpaaJXg,UgxGJtUYlPWD-j5JOyR4AaABAg,@AMASUL3,나이들어서 공무원 합격했다가 면직한 사람인데 솔직히 전혀 정반대임.... 나이들어서 합격하면 헬보직 들어가고 동기들이랑 어울리기도 힘들고 여러가지로 안좋아요....,186,2025-05-12T19:49:18Z
uYLBEpaaJXg,UgwXV2FAWZ2RL5UMog54AaABAg,@개미는뚠뚠-t1j,30대 남자면 오히려 퇴사가 없겠구나 싶어서 힘든 곳으로 보냄,64,2025-08-21T08:49:03Z
uYLBEpaaJXg,UgzXhO_2QhAY_LXnrmh4AaABAg,@감사가화만사성,"공무원하려로하면 헌살이더라도 더 어렸을때
빨리 합격하는게 좋을듯합니다",31,2025-07-28T11:59:14Z
uYLBEpaaJXg,UgwEuJOEtLwKLyfQGsR4AaABAg,@ardormin1,감사합니다! 선생님말씀이 정말 좋은부분이 진짜 핵심을 얘기를 해주셔서 뜬구름잡는얘기가 없다는것! 현실적인 선생님 조언 덕분에 힘이 납니다! 😊,19,2023-08-23T11:53:43Z
uYLBEpaaJXg,UgwrttGYYYtHMH93lFB4AaABAg,@yu7mi7-l3b,"사람들과 어울리고 뭐고 일이고 승진 안가린다!
합격해서 일하는것으로도 감사하다!
일하고 돈벌러 간거지, 대우 받으러 가는거ㅜ아니잖아!! 나이가 많으나 적으나 대우받을 생각을 이예 하지말고 배우려는 자세로 해야지!!",27,2025-10-09T03:12:31Z
uYLBEpaaJXg,UgyLwm1ya4IDUeCny7t4AaABAg,@zuneom,"40대 후반에 합격했다가 곧 면직 함.조카뻘이랑 동기라는 게 진짜 뻘쭘,왕따 아닌 왕따^^.근데 지금도 늦게 입직한 동기들 열심히 다니는 거 봄 존경스러움.
진짜 늦은 나이에 입직하시는 분들,인격적으로 성숙한 분들.",1,2026-07-04T08:59:39Z
uYLBEpaaJXg,Ugxs9yvHm7eBQY7SjaR4AaABAg,@lalala6584,나이 많아도 엄청 일시키고 남들 가기싫어하는곳 보내고..그럽니다,52,2025-08-21T03:49:31Z
uYLBEpaaJXg,UgxcJDDR8ZHow5PUo8x4AaABAg,@blackmarylee3018,"작년 합격자인데, 40대 후반임ㅋㅋㅋㅋ 면접 볼 때 1타로 봤었는데, 면접관들 날 보더니 상당히 황당한 표정이었음ㅋㅋ '쟤는 뭐야, 면접관이야?'라는 눈치 였음. 옆에 한자리 더 있나 모두 동시에 좌우를 살피더라곸ㅋㅋ 20년간 사기업 다니다가 눈치도 보이고 유사경력 인정 해준다기에 지원했지만, 엄청 빡센 곳으로 보내줬음. 현재, 동기들보다 더 개고생중임.",72,2025-09-28T11:19:21Z
uYLBEpaaJXg,Ugyv8-SjWxvKne2HKr94AaABAg,@mrlee.sy12987,어느직업이든 나이많아서들가면 다무시받음ㅋㅋ,4,2026-06-10T10:29:11Z
uYLBEpaaJXg,UgyKcqXECZgdHqxgbOx4AaABAg,@호호-o8q2i,현직공무원입니다 나이가 많다해도 입직 빨리한동기나 선배보다 먼저 승진시키진 않아요,159,2025-06-22T23:20:20Z
uYLBEpaaJXg,Ugz8FqWWB-Yti4A-lsh4AaABAg,@terry-bk1cz,어차피 신입은 어딜가나 몇년은 고생해야함 나이먹어서 잔소리 듣는거보다 20대에 잔소리 듣는게 훨나음,1,2026-06-28T02:52:45Z
uYLBEpaaJXg,UgzQzfB6tR-Qzu-iI6t4AaABAg,@tigerjeong9547,감사합니다.,8,2023-08-23T12:20:14Z
uYLBEpaaJXg,Ugy02qcuQsy34fVgpBl4AaABAg,@하비스-l4u,그냥 어리면 어릴수록 좋지 ㅋㅋ 연공서열은 무슨 나이 많은데 일까지 못하면 더 욕먹음,82,2025-06-04T12:41:04Z
uYLBEpaaJXg,UgwC8eXih0_2ao6elQt4AaABAg,@박세원-y3h,나이들어서 욕먹으면서 배울빠엔 어린나이 그래도 나이탓이라도 당하면서 하는게 낫지,4,2026-04-28T14:05:43Z
uYLBEpaaJXg,UgyXHLRMTkMabNb7MUV4AaABAg,@코기젤리,어린게좋음.  어리면 애기로보고 하나하나 잘알려주는데 나이먹고 드가면 잘 알려주지도 않음,21,2026-02-17T12:22:35Z
uYLBEpaaJXg,UgzHsEfF20sU74nqBL54AaABAg,@왓따-m2s,"선.후배면 확실이 진급이 빨리 됨
 그리고 라인 잘타면 빨리됨",3,2026-02-11T22:25:39Z
uYLBEpaaJXg,UgyiHmCB-2PKI8vPJTB4AaABAg,@김도훈-d7j,"의미없음 이런거 20대 최연소
공무원 사람 일 잘못만나서 스트레스받다 자살함

일찍들어오는게 중요한게아님

대기업 중견 중소 공무원 다 애기들어보면
워라벨 대비 돈 어느정도벌고 지속력이  긴게 젤 좋다함",4,2026-04-03T04:31:53Z
uYLBEpaaJXg,UgzjDOF46jcjqy6cIO14AaABAg,@룰루루-v8k,"고생 덜 시킨다고 안하면 욕들어요~ 말안해도 막내로서 하면 좋은데, 다른직원은 일 시키지도 못하는데 나이드신 분이 와서 알아서 안하면 옆사람은 짜증나요~ 내 옆에 나이든 후배가 왔는데 내가 막내생활을 계속 하고 있음",2,2026-02-22T21:44:12Z
uYLBEpaaJXg,UgzmVdKcDR5no9LA35N4AaABAg,@dicisfjwx,"20살 때 지역인재 고졸로 들어오는게 제일 좋다.
30살에 연차쌓인 7급 때 동갑들은 이제 9급 공채로 들어오거나 7급 신규로 오니까",16,2025-10-12T08:33:41Z
O9FC2KU-dKY,UgwwUo97hpYZp9HZu814AaABAg,@현이-u8q,"아니 마지막에 ""오? 깨졌똬? 깨졌똬?""하는거 개웃기네ㅋㅋㅋㅋㅋㅋㅋㅋㅋㅋㅋㅋㅋㅋㅋ",506,2024-09-17T12:00:21Z
O9FC2KU-dKY,UgwpcrxO5Coc3DFUurF4AaABAg,@댓글러-j2ccz,손이 망치냐고ㅋㅋㅋㅋㅋㅋㅋㅋㅋ 면적이라도 줄이고 쳐야지 힘으로 깨버리네,3,2025-02-06T10:02:59Z
O9FC2KU-dKY,UgyaH_XunRJ-P_fxsDJ4AaABAg,@임승기-s7w,소리치는거 개웃기네 ㅋㅎㅋㅎㅋㅋㅎ,16,2024-09-18T01:39:29Z
O9FC2KU-dKY,UgzLyQDbSzljGyxQqk14AaABAg,@ISFP-w3m,"오 미친 ""우어ㅏㅏㅏㅏ"" 할때랑 ""깨졌다
?깨졌다?"" 너무웃김 ㅋㅋㅋㅋ😂😂😂😂",136,2025-02-10T08:07:15Z
O9FC2KU-dKY,Ugzw81xGWt81hpgREhZ4AaABAg,@잠자는펭귄-g8g,진짜 진심으로 아파서 아아ㅏ아앙아아아악!!!!!~~ 이러는거 겁나 웃곀ㅋㅋ😂,247,2024-09-17T23:46:49Z
O9FC2KU-dKY,Ugx33s19T6oyHhUuP494AaABAg,@이보현-w1u,기압 소라 보다  비명 소리가 더 큰데욬ㅋ,2,2025-12-14T00:49:17Z
O9FC2KU-dKY,UgyFKOgOtP4s3CIlje54AaABAg,@直樹中山-u9o,持ってる男の子かわいい😂,22,2024-11-05T08:30:19Z
O9FC2KU-dKY,UgzeF1U26xQagL_g5094AaABAg,@연주니-h9d,ㅋㅋ 아니“어? 깨죴다~깨죴다~~~” 검나 웃기넼ㅋㅋ,1,2025-01-14T09:48:40Z
O9FC2KU-dKY,UgwngL_t4Td8WZLh0Ct4AaABAg,@서해숙-t9g,아아아아악! 진짜웃기네😂😂😂😂,8,2024-09-19T05:00:23Z
O9FC2KU-dKY,UgwBA7_fVmIi5pvLASt4AaABAg,@강희선-p4u,너무웃겨요😂😂,28,2025-01-02T11:28:07Z
O9FC2KU-dKY,Ugxf5xgkcgFT4AuQ22F4AaABAg,@한_국,선배님 속이고 태연하게 정리하는게 개웃김 ㅋㅋㅋㅋ,11,2024-09-19T13:08:27Z
O9FC2KU-dKY,UgwvEbEqf5hzNtD1_nt4AaABAg,@grute708,아니 마지막 여자분 판 부스는데 약하게 때렸는데 너무 잘부서져 ㅋㅋㅋㅋㅋ,1,2025-01-09T01:59:04Z
O9FC2KU-dKY,Ugyy1QlsDnf-wE8SqJ94AaABAg,@박세현-j3c,멋져요!,37,2024-12-19T12:23:31Z
O9FC2KU-dKY,Ugz0legAd7xu0OPVlhx4AaABAg,@jojodamumumu,생으로 깸=생갈치로 깸 ㅋㅋㅋㅋㅋ,1,2026-01-01T23:59:11Z
O9FC2KU-dKY,UgxrS3H95E84BKD_PNJ4AaABAg,@sky_LuNa-o4e,저거 어릴때 관장님이 사범님들하고 옹기종기 모여서 나무판에 폭죽하고 칼집 넣는 작업 하는거 봤었는데...ㅋㅋㅋㅋㅋ뿌실 때 예쁘게 잘 뿌셔지고 소리도 크게 나라고 가운데에 칼집넣고 폭죽도 껴놓음. 그래서 애들이 약하게 치는데도 반으로 부서지는 이유임. 잡고있던 사람이 손으로 살짝 같이 뿌셔주기도 함,33,2025-01-07T11:50:33Z
O9FC2KU-dKY,UgxNIM2WVyuiOenYDeR4AaABAg,@gwenkoya,웃음이 터졌어 날 웃게 만든 건 그 사람의 울음소리였어 😂,1,2025-01-12T19:02:15Z
O9FC2KU-dKY,Ugw4F1q41keykGNtOWh4AaABAg,@baby_gorany,아니 깬거고 자시고 저러면 손 깨집니다 나무라고 생각하시면 큰일나요 그리고 이런 식으로 격파를 하실거면 팔굼치로 깨시는걸 안정상으로 추천드립니당🙃🙃,371,2025-01-03T05:39:08Z
O9FC2KU-dKY,UgxT_UqkQYJhVH7BiWN4AaABAg,@Mimick-24601,마지막에 벼르려고 일어났다 ㅋㅋㅋㅋ,1,2025-01-05T08:22:55Z
O9FC2KU-dKY,UgykcOewpG7acpU2egN4AaABAg,@shamimabegum8997,세상에서 가장 강한 소년 😊,14,2025-01-05T17:38:48Z
O9FC2KU-dKY,UgxLSYG5NpTlUW-rOa14AaABAg,@얼음-G2h,선배 기합이랑 비명 ㅋㅋㅋㅋ 겁나 웃기네,1,2025-02-05T05:18:50Z
O9FC2KU-dKY,UgzeoHrNoktaRZWraal4AaABAg,@혜숙이-t9z,나무깨고 내손깨고,3,2025-01-28T23:33:19Z
O9FC2KU-dKY,UgxKx1z8cZoB-W9v0qp4AaABAg,@성정호2,뒤에서 머리도 깰려고 일어나는게 킬포,1,2025-01-30T23:25:45Z
O9FC2KU-dKY,Ugw1p1iKwqYZ1-4K7zR4AaABAg,@상상속에선페이커,마지막 한장은 센스있게 손으로 뽀각해주시네,47,2024-09-20T23:10:24Z
O9FC2KU-dKY,UgzMu90myoX7G7i1Dip4AaABAg,@kkomin2,ㅋㅋㅋ 그와중에 깨짐,1,2025-01-28T12:22:54Z
O9FC2KU-dKY,Ugypjo73v0HnsPap-UB4AaABAg,@민재원-x1w,선배님 짱 머쪄요 👍,13,2024-09-11T12:00:32Z
O9FC2KU-dKY,UgzgYMfa_1DQ8dhjQBh4AaABAg,@shineforUs,마지막에 기합더 했다 ㅋㅋㅋㅋㅋ 아악앙ㅇ아악,1,2025-01-17T00:22:38Z
O9FC2KU-dKY,Ugx4d7O7qYxBZ31DlY14AaABAg,@bunnipun7230,Đỉnh quá anh ơi,9,2024-11-01T23:53:08Z
O9FC2KU-dKY,UgyrQesDdJlTVJ63GWN4AaABAg,@62nongpocky,??? : 기합은 아파서 넣는거라면서요?,1,2025-01-12T12:51:34Z
O9FC2KU-dKY,Ugwlmb0tSCREE0NUGNR4AaABAg,@Seonghak1,아아아악ㅏ 하실때 톰과 제리 톰 아파할때 내는 소리같아요 ㅋㅋㅋㅋㅋ,47,2024-09-18T13:05:21Z
ik0IAlJYMxQ,UgxQnbx701r7RY3Q5eN4AaABAg,@로뷰,💙마이진님💙최고 이십니다💙,4,2023-01-29T08:41:07Z
ik0IAlJYMxQ,Ugx-FvnEpXr1hoNcDc54AaABAg,@진선애-v9r,"형이 굽삼결살 먹고싶네요
최고십니다👍🏾",5,2023-02-03T00:00:01Z
qN-weQvthJg,Ugw2ZqOrpF5scCu65OF4AaABAg,@최춘화-f6m,역시 장구춤이 신나고  멋지십니다  저절로   기분이  좋아서  어깨 춤이  자동으로  나오네요  ~^^♡♡♡♡♡♡,1,2025-09-22T16:21:43Z
qN-weQvthJg,UgwPD4EGNUvljn5FQIJ4AaABAg,@comma943,👏👏👏👏👏,2,2024-09-04T09:39:05Z
qN-weQvthJg,UgzjUrJ4j8AeijSKSot4AaABAg,@changkonkim-mj6wd,❤🔥🙌🙌🙌,2,2025-11-07T11:03:58Z
qN-weQvthJg,UgyU-ku0z0_pQPZDUN14AaABAg,@김남영-c3i,너무  아름다워 요  응원합니다 🎉🎉🎉🎉,4,2023-09-03T05:10:28Z
qN-weQvthJg,UgwwHuG-2Ujaz87jwzR4AaABAg,@하늘만땅1234,어쩜 요렇게도 재능이 넘칠까나 ~~❤❤이쁘고 너무너무 아름다우시네요 😊😊😊,3,2025-11-05T21:11:19Z
qN-weQvthJg,UgwFdfYPXc8yWqvv1mp4AaABAg,@korea2025-korea,💚💚💚,2,2023-10-05T23:18:51Z
qN-weQvthJg,UgxDcsF8tWAXUXSNAdR4AaABAg,@연자-e7l,팬입니다 ~서진주님의 춤선이 곱고 우아하고 아름다워요  선무용단 화이팅입니다,3,2023-08-27T02:11:02Z
qN-weQvthJg,UgzK1sB3Escuc2RtA1x4AaABAg,@남영주-q6h,너무아름답고 멋집니다,3,2025-04-23T10:26:07Z
qN-weQvthJg,UgzzwZEeVAbCUYvrjCx4AaABAg,@한성정-g5u,버선신으셧네요 여성분,1,2023-10-09T00:05:22Z
x66nfqC2dzA,UgwxVVBAoNuKm83jP9F4AaABAg,@조민정ko,정말세상이 와이런지~~,3,2022-11-09T14:09:30Z
x66nfqC2dzA,UgyXe9_YT0yoAI9Xlud4AaABAg,@Shilpipandey_official,So  beautiful  singing my new friends  🙏🙏🙏🥰🥰❤️❤️❤️🌹🌹,3,2022-11-09T14:42:55Z
fs1ZUd35SOE,UgyuhNT6QwWtSFersUp4AaABAg,@꼬북칩인절미맛-m4b,그림 개귀여웤ㅋㅋㅋ,0,2021-08-15T02:37:51Z
yZu6bTcB2uk,UgzepJ-EnXPycYKEmIx4AaABAg,@박철군-k6y,오랫만에  소식듣네요~~~항상봐도  정겹네요^^,0,2022-01-07T05:08:06Z
yZu6bTcB2uk,Ugw6V_2z41qHaZCdObx4AaABAg,@hopljung,"아따~행님! 농부 다 되셨구마이
멋집니다. 멀리 부산에서 응원합니다! 
안 다치시게 조심히 농사 지으십시요! 
화이팅!",0,2022-01-23T08:17:31Z
wx_1cPmG-xA,Ugzd1twnXPPGFv_wMjh4AaABAg,@숙-h3t,👏👏👏🤩😍,3,2023-05-28T10:44:40Z
wx_1cPmG-xA,UgzGg8Nbvc6_wE9uonN4AaABAg,@tv-lx6mp,🎶그 지 앞🎶우 우🎶,5,2023-05-31T04:51:44Z
wx_1cPmG-xA,Ugxwl-qT2iPegbaf3-94AaABAg,@가수하니라벤더,대표님  멋짐뿜뿜     공연대박🎊🎊🎊,5,2023-05-27T00:44:34Z
wx_1cPmG-xA,Ugzr2s3UITfohFC3P1l4AaABAg,@꽃청아o,이제 다시 다시는~~~  그지밥 ㅎㅎㅎ 😂,4,2023-05-27T02:46:26Z
FWBjcdm9E2o,UgxznPTbca7wpkByyk54AaABAg,@신동순-e5p,"봉삼 부단장님 거짖말 이랑 천년을 빌려준다면 노래좀 들려주세요 넘 잘부르시던데 
참좋아요",3,2018-09-11T10:43:39Z
FWBjcdm9E2o,UgxA5qGE_gk4Mj_sPrF4AaABAg,@박상희-b3c,오예ㅔㅔㅔㅔㅔㅔㅔㅊ츠ㅡㅡㅡㅡㅡㅡㅡ잘하신다  잠깨요  으ㅡㅡ우짜 다  보고  잘꼬양  츠ㅡㅡㅡㅡㅡㅡㅡ,0,2018-09-12T15:28:37Z
FohB-7a4cmM,UgxKySLsj1DG5ZSmukF4AaABAg,@경민이-v7g,아웃도어 피싱~^^^ 힘내세요❤❤❤❤❤❤,0,2023-11-25T05:47:56Z
FohB-7a4cmM,Ugx69tGIeFC8QLFvLP14AaABAg,@sinbaram_tv,오~~~ 일빠ㅋ 선좋아요 후감상합니다!,1,2020-12-02T08:52:40Z
FohB-7a4cmM,UgwC9aGcz0IOa2GBCDJ4AaABAg,@JUNJINSERVICE,"부글부글.... 물이 끓어오르네요.
부럽습니다 형님 ㅠㅠ",1,2020-12-03T12:27:01Z
FohB-7a4cmM,UgzMgvX_4gQ7xDMj8fh4AaABAg,@kjinlim768,아주 재미있게 봤습니다..수고하셨습니다,0,2020-12-02T12:48:39Z
FohB-7a4cmM,UgzEOOvCQ1BQ1Z5X2_14AaABAg,@카이사르-v1m,굿 샤! 감솨함돠^^,0,2020-12-02T13:46:27Z
FohB-7a4cmM,UgxZd8pj3NsESTJPgxl4AaABAg,@Ngine,엄청난 보일링에 대리흥분을 느꼈습니다  고생하셨어요^^,0,2020-12-02T13:01:58Z
FohB-7a4cmM,UgyUpsW8m0UpYCt1Ry94AaABAg,@nysgod,3천돌파 ㅊㅋ드립니다,0,2020-12-02T09:11:10Z
FohB-7a4cmM,UgwJajz35mFR4jvZiN54AaABAg,@fishing4star,삼치 보일링 엄청 나네요! :-) 영상 재미있게 잘 봤습니당!,1,2020-12-02T09:48:49Z
FohB-7a4cmM,Ugwje6iWu8pHjaiyrZt4AaABAg,@sons0782,모기님!!! 턱수염 멋짐ㅋㅋ.. 삼치 원없이 드시겠네요... 부럽...!,1,2020-12-02T13:08:52Z
FohB-7a4cmM,UgywRM71umf8djuDjHh4AaABAg,@잉뿌-u6x,영상기다리다 사리 생겻어요 ㅋㅋ 선리플 후감상^^,1,2020-12-02T09:19:02Z
FohB-7a4cmM,UgxkSt8u-7KDX9aPo4h4AaABAg,@박찬영-i5u,흉님 엄청잡으셧나봐유~선댓글..이제보러가유 ㅋ,0,2020-12-02T09:37:55Z
FohB-7a4cmM,UgxtB1KNQxhbiJDaiqF4AaABAg,@noorook.,그리운 삼치!,0,2020-12-03T14:23:38Z
FohB-7a4cmM,UgwSEnfmq5_QGCN31MB4AaABAg,@cheetah5995,카약은 시즌오프 했는데...흥미진진한 낚시를 보았습니다.재미있게 잘 보았습니다 *^^*,0,2020-12-02T10:17:49Z
FohB-7a4cmM,Ugyx980H8CHj6hnNydV4AaABAg,@루비콘-f6f,익숙한 갸프가 영상에서 보니깐 반갑네요~^0^,0,2020-12-02T10:14:04Z
FohB-7a4cmM,Ugw82vVOTkjs9-CtIid4AaABAg,@최규황-v9f,기다렸습니다 삼치 ㅎㅎ 손질 다 해오셨죠,0,2020-12-02T08:57:04Z
FohB-7a4cmM,UgxRdXPEkRXTSlnLv4Z4AaABAg,@잉뿌-u6x,누나모드 부럽네요 ㅋㅋ 언제 저런낚시를 해볼런지 ㅎㅎ,0,2020-12-02T09:40:15Z
FohB-7a4cmM,UgxowNEucAdQi3NLDDF4AaABAg,@검은콩메주,"제목만 보구 카약타고 가신줄~~ ^^
많이 잡으셔서 팔아프셨겠어요...",0,2020-12-06T15:19:44Z
FohB-7a4cmM,Ugz5fsX7zh49gH7QSZV4AaABAg,@TV-vb8ju,재미있게 잘 봤습니당~~ 전 올해 삼치랑은 인연이 없더라구요 ㅠㅠ,0,2020-12-03T02:17:56Z
FohB-7a4cmM,UgxYqM9Xr9l4BcahGQJ4AaABAg,@user-nj9ql1nr9y,"저희동네 오셨네요
대삼치는 70m권정도 멀리서 잘 물고
앞바다에서는 대삼치가 손님고기정도!
읍천항은 지역유선배 일부가 텃세가 심해요
앞바다에서는 낚시하는데 그냥 밀어버림니다
소문대로 당해도 봤구요
읍천항 오시는 레져보트는 유선배 조심하셔야 합니다
항상 재미있게 잘보고 갑니다",1,2020-12-03T02:57:05Z
uW3d1Fwb0WA,Ugx1iNoqMurDtPp4k2B4AaABAg,@한우사랑채널입니다,초심이 😍😍😍💝💝💝💝💝💞💞💞💞,2,2019-11-24T17:25:48Z
uW3d1Fwb0WA,Ugyc8teF7bNRUvl78PR4AaABAg,@물망초-u3w,초심이품바님 👍👍👍👏👏👏항상응원합니다 😎품바짱님수고하셨습니다,1,2019-11-24T22:53:41Z
GBvPn7CyKdA,UgySq3KKq8y_wOdUAg14AaABAg,@은하수-7716,"넘 멋진 전원주택 이네요
여기 사시는 분은 너무 좋겠다 아침마다 좋은 공기 좋은 경치 
특히  눈이나 비가 오는 날에는 운치가 정말 좋을꺼 같습니다 
멋진 영상 잘 봤습니다 ~^^",1,2021-02-15T04:20:55Z
GBvPn7CyKdA,UgxZ_slETTazvH1QN_d4AaABAg,@고려외식출장뷔페,이런 전원주택지는 평당분양가가 얼마예요?,2,2021-02-15T04:12:51Z
-MulnpvlHUc,UgzWAp7emAP__BiMtBF4AaABAg,@kyounghohan5211,좋은 정보 고맙습니다!,2,2020-10-11T05:19:10Z
-MulnpvlHUc,UgwPmaoul4KLaLotdeN4AaABAg,@zeinakitchen8074,Good 👌♥️🌹,2,2020-10-12T13:51:39Z
-MulnpvlHUc,UgzRPzQF7JSlg42GuDN4AaABAg,@sheewaligarg,Wow G8 pleace ❤️,2,2020-10-10T16:04:19Z
-MulnpvlHUc,Ugy0XtOV2OspaIdCK1F4AaABAg,@강릉머스매펄스,신짜오,3,2020-10-10T10:07:16Z
-MulnpvlHUc,UgwSRotzfYl7oBAY6EJ4AaABAg,@벨라맘-v2j,"106  좋아요 누르고요 풀시청으로 응원합니다 감사합니다 🙏 
      즐건주말보내세요",3,2020-10-17T02:13:52Z
-MulnpvlHUc,UgyZeODPCo4my9-v3CZ4AaABAg,@jubu_chance,비가 많이 오면 잠시 쉬었다가도 좋지요^~^ 영상 잘보고 갑니다♡,3,2020-10-12T12:11:59Z
-MulnpvlHUc,UgwMYJXfFJr3TxrFBZ54AaABAg,@마샤의운동장,"건강에 넘 좋은 등산 최고지요
마샤도 주말마다 등산9년차입니다
하체근력~심장활발 최고의 운동이지요
힐링영상 감사히 풀시청응원 들어갑니다
좋아요95",4,2020-10-13T00:12:53Z
-MulnpvlHUc,Ugw-_QhqRSzBYXm3h4d4AaABAg,@HaldenUniverse,amazing place write in english about this wonderful place in subtitles thanks ❤️,2,2020-10-10T14:34:39Z
-MulnpvlHUc,UgxptrKB5idG6P_PE2l4AaABAg,@VansamusiccafePaul,"영상 보고 있으니까 함께 등산 하는 느낌이네요.좋은 영상 감사합니다.
행복한 시간 되세요.🙏🤗👍",2,2020-10-10T19:19:33Z
-MulnpvlHUc,Ugx7aq6GyeS_IdM5nQx4AaABAg,@inarain7jt,Going up the stairs to be healthy and I love the beautiful natural air of peace👍🙏,2,2020-10-12T01:39:52Z
-MulnpvlHUc,UgwOse8drkRmeNdVVVB4AaABAg,@burmillabrothers,"좋은 경치와 지저귀는 새소리 너무 좋네요~
신선한 공기도 같이 전달되어 오는거 같아요
두분 보기 너무 좋으세요~~~~",3,2020-10-11T08:14:42Z
-MulnpvlHUc,UgwZ-l_oZy9hi8ILvsR4AaABAg,@Heaba-아씨,웃는게 넘 이쁘시죠~~   늘 함께 하시는 두분 모습 참 보기 좋아요~~,2,2020-10-10T16:03:56Z
-MulnpvlHUc,UgxKt_dzqMckMtO9Mut4AaABAg,@군포김tv8017,"오~~
도룡용 아닌가요?
운전중에 영상 잘보고
갑니다^^",3,2020-10-10T09:37:05Z
-MulnpvlHUc,UgyHcCZlnt3OfU1bkfd4AaABAg,@내딸첼리,"지금부터라도 저도 건강관리 해야는데 ㅠㅠ
잘보고가요",3,2020-10-10T10:27:27Z
-MulnpvlHUc,Ugz0Mlo6Ov5bL3jpYlF4AaABAg,@기묘한이야기-x5s,"아이쿠! 우리 줄리아님~새영상 알람~하하하~ 역시 운동에는 등산이 제일 좋다죠 ^^ 
맑은 공기 마시면서~~힐링도 되고~~줄리아님 따라서 랜선등산해여~~하하하~~",3,2020-10-10T09:31:34Z
-MulnpvlHUc,UgxLD36iexe8m8VPcQV4AaABAg,@เพียรพารวยชาแนล,Hello i love you 🤗,3,2020-10-10T09:41:37Z
-MulnpvlHUc,UgxltlixqY6--3UBm6V4AaABAg,@saraijang,"정말.. 건강을 위해서... 
걷는 것이 너무 중요한것 같아요...
선생님.. 안 그래도 날씬하고 예쁘신데... ㅠ 
늘 감사합니다❤️🧡💛",3,2020-10-10T09:56:44Z
-MulnpvlHUc,Ugz7TVl1xLPeV7zBWmx4AaABAg,@Topcreateart,"Awesome traveling sharing
Really enjoy watching 
Thanks for sharing 
Stay connected and stay safe",2,2020-10-11T04:30:08Z
-MulnpvlHUc,UgxcU-gcHXb7o9w6eMV4AaABAg,@WongJowoNias,"Very nice...
Success always to channell my friend",3,2020-10-10T09:34:24Z
-MulnpvlHUc,Ugx66GCDU9Hc-eXim_14AaABAg,@eventtravels8875,더운 나라에서 등산 ㅋㅋ 전 판시판산 올라가봤어요..케이블카와 퍼니큘러 ㅎ  걸어서는 정말 베트남에서 등산하고 싶진않아요 ㅋㅋ,3,2020-10-12T16:44:31Z
-MulnpvlHUc,UgzKLQSyretytZ05l2p4AaABAg,@mhdadventure6650,👍👍👍,1,2020-10-12T12:40:07Z
-MulnpvlHUc,Ugybt6gKRF5ijDQHlJB4AaABAg,@virusjib-chak5701,"ᆞ113😍
Himang doing. (답방금지 )",2,2021-02-22T17:08:24Z
-MulnpvlHUc,UgxiJfRNAsGNhDAjJyF4AaABAg,@toony423,"열심히 등산 운동 하시는 영상보고
저의 게으름을 되돌아보게 되네요.
이런 저런 핑계로 요즘은
강쥐 뚜니와 산책하는게 고작이거든요.
부부 같이 산행하는 영상
참 보기 좋아요.
행복하세요~^^♡",4,2020-10-10T10:32:35Z
-MulnpvlHUc,UgxoIzEr5m6I7fklQQZ4AaABAg,@엔제이장구중앙회,아~해야되는데 요즘들어 중년살이 더 자꾸 올라요 맘은 가는데 몸이 안가요 ㅋㅋ,3,2020-10-12T05:25:40Z
-MulnpvlHUc,UgzYUQ6UBA6-isHWDLp4AaABAg,@임작가오디오방송명상,신짜오 계단이 제법 가파르네요..운동이 많이 되겠네요..베트남 산보며 힐링하고 갑니다...👍 👍 👍,3,2020-10-10T19:47:18Z
-MulnpvlHUc,UgxA6-JAIAkoFNxaYWx4AaABAg,@tvpoemandrecitation2931,"유산소운동 
중년을 위해  등산
좋다 
끝까지 즐감하고 갑니다 
오늘 밤도 평강이 함께 했으면 좋겠습니다",4,2020-10-10T12:08:37Z
-MulnpvlHUc,UgxaF0QU6-kphYhNsaR4AaABAg,@amburadulchannel5253,👍👍❤️❤️,1,2020-10-10T09:35:03Z
-MulnpvlHUc,Ugz4wJWmAuF9QwAr58l4AaABAg,@Hometricks4you,👍👍 👍❤️,2,2020-10-10T09:49:02Z
-MulnpvlHUc,UgxNl8f19DdCfa6M8LN4AaABAg,@liantv-t8e,"310m 위에 절이면 그래도 힘드셨겠네.
얼짱 남편분 있어서 행복하시겠어요.^^",3,2020-10-10T10:11:54Z
-MulnpvlHUc,UgwDM3GEf86B2nTOLZ94AaABAg,@김대감TV-cv6ss,안녕하세요 줄리아살롱 운영자님 오늘도 수고하셨습니다 응원합니다 또뵈어요,5,2020-10-10T13:01:40Z
s0nsvSZ5lbQ,UgjPMV5xC4IeY3gCoAEC,@이건섭-z6z,동운님 2017년 비상하는 새와 신비스러운 음악과 즐감합니다...동원,0,2017-03-20T15:13:36Z
wMNsWjOLQFg,Ugyg_WFnWg8dg4gKBnh4AaABAg,@최한주-n5w,제일 오른 쪽 언니 누구에요 ㅠㅜ? 너무 잘해요 ㅠㅠ,5,2019-04-17T15:53:30Z
wMNsWjOLQFg,UgyBqUmwA1tzGSoPewJ4AaABAg,@이이영옥-w1t,어린양들이 잘 하네용,0,2019-12-11T03:34:32Z
f-Rif1bcOE4,Ugx5ljA0ld4DDiQOoCl4AaABAg,@은하수-c4d,이게뭐야,0,2024-11-02T14:40:41Z
bxlKqcYe6Hc,UgwaQqjvgHIfzJHyfNx4AaABAg,@to-hu7rs,🥰🥰🌸🌸🥰🥰🌸🌸🥰🥰,2,2023-01-23T10:00:24Z
bxlKqcYe6Hc,Ugy63_6RqFOGy8dFA4Z4AaABAg,@suk-k9v5c,우와 맛나겟다 참게장도 맛나는데,1,2023-01-23T13:40:10Z
bxlKqcYe6Hc,UgzEVtyB4fOQTXGopkR4AaABAg,@user-fo3pv2ec,한국 게죽 인생맛 입니다. 꼭오옥 드셔보세요. 강한 향신료 향은 없지만 깊은 바다맛과 감칠맛이 끝내줍니다.,1,2023-01-25T10:05:55Z
De7KD0WQjR0,Ugy2K3yb166dBj4tVp14AaABAg,@이경임-w7k,이보선생님 화이팅!,0,2026-06-27T05:49:53Z
VaV3_-Uq9po,Ugy_hboGIaWkGS_6y0d4AaABAg,@The-zk7ry,"국악놀이터 The채움입니다
많은 관심과 응원 부탁드립니다",2,2022-08-28T02:03:51Z
QJCkOciprJc,Ugy6pvwZ2Ax9sgzDxaZ4AaABAg,@우야꼬-u5t,이때만해도 신인 이었는데 역시 스타의 길이 열려 있었네요 내가 그자리에 있었는데 지금 보니 새롭네요 더많은 사랑 받으소서~~,1,2026-05-02T11:13:31Z
QJCkOciprJc,Ugwm0gR72uNca-cgoEV4AaABAg,@황은경-d1f,"가인품바님ᆢ멋있읍니다
어깨가들썩들썩 
늘 최선을 다하는 모습 
건강하시구 항상 행복하세요 ~~~",1,2020-06-11T08:49:46Z
QJCkOciprJc,UgzvqAIMO15Y4DXnFP14AaABAg,@호맹이수연,잘한다~ 가즈아👏👏👏 항상 응원합니다 가인품바님🤗 좋아요☝️,0,2020-06-11T23:21:47Z
S062M1mXEyw,UgxQkDMwRkHw-PZS2Bp4AaABAg,@__hazln,너무 멋져요,2,2020-04-18T11:06:31Z
S062M1mXEyw,UgxEzTL3ko51agMDQGJ4AaABAg,@황서순,박이식선생님 최고 멋있어요~~~^^,2,2020-04-18T11:46:05Z
S062M1mXEyw,Ugx4xgKYu8edjXsHQEx4AaABAg,@미정박-x1c,전남도립국악단 최고,1,2020-04-18T13:51:11Z
S062M1mXEyw,UgzUWiI80qEMp9nhseB4AaABAg,@시현-m7i,시영 선생님 짱이에요 멋있어요👍,2,2020-04-18T11:26:18Z
S062M1mXEyw,UgxJP9bsTM5T1DGe5-14AaABAg,@flytothecrators2639,송병관님 정말 멋지십니다,0,2023-07-06T13:22:42Z
S062M1mXEyw,UgyG062VLbHFxqE3McV4AaABAg,@__hazln,이시영쌤 짱이에요,2,2020-04-18T11:06:51Z
S062M1mXEyw,UgzwFGgYBQb_vn-iGop4AaABAg,@정단아-q9o,시영 선생님 짱이에요 멋있어요👍,1,2020-04-18T11:37:13Z
VHTOrEfPnGg,Ugxd8ThJjkU9QSTqD7p4AaABAg,@충식김-t3u,이시대최고의가수~^공수레공수거~최고입니다~대박날거같아요~❤,1,2023-10-17T03:34:24Z
Av0_kSW3WfQ,UgxXWP7QI_5wwJ3rYyB4AaABAg,@러브데이-e1m,최고의 가수 김다현 응원합니다 사랑합니다 ♥️,5,2023-02-27T23:49:26Z
Av0_kSW3WfQ,Ugx44zr1J2LL-kheIj14AaABAg,@user-vk8zv4ph9b,최고입니다,0,2023-05-06T09:26:36Z
EMVQ0V5vY_4,UgyfYGPv9_HUoQJPpgt4AaABAg,@다홍이TV-아방이,최고입니다 ~~^^♡,3,2024-03-24T00:10:57Z
EMVQ0V5vY_4,UgztkuE2FKF9jyPbZXh4AaABAg,@다홍이TV-아방이,🎉최고 🎉,3,2024-03-24T00:12:28Z
HaLHJ96aOdQ,UgzRYhHlqpemRncL2Gh4AaABAg,@선샤인마덜,바비인형.고나은단장님장구의.신이네요,1,2023-09-18T03:11:04Z
HaLHJ96aOdQ,Ugy-kS_Jp9pYxgq4jCp4AaABAg,@선샤인마덜,바비인형.고나은.단장님.멋지네요.,1,2023-09-18T03:10:06Z
HaLHJ96aOdQ,Ugy11fXKQERBzOImH4R4AaABAg,@TV-bc1dv,얼쑤,1,2023-09-05T09:39:37Z
3GZUTiiWavU,UgzqB1uW_1NdniRnaQd4AaABAg,@k-pop123,"구독과 좋아요 부탁드립니다!!!
Please subscribe and like!!!
購読といいねをお願いします！！！

'케이팝 메신저' 커피한잔 후원하기""
Sponsoring a cup of coffee on ""K-pop Messenger.
「K-POPメッセンジャー」コーヒーを一杯後援
https://www.youtube.com/channel/UCCECX3mP7uWSo9wNLhu1X1w/join",174,2024-09-16T01:55:05Z
3GZUTiiWavU,Ugz0FzEkQxTEs7Mfia94AaABAg,@공효남,외국인이 없어서  더조은 방탄,2047,2024-03-01T05:41:39Z
3GZUTiiWavU,UgwnfZ0PZr1cSHLLgN54AaABAg,@dfklmlvd,외국인멤버 한명없이 제일 높은곳까지 간 첫 아이돌그룹.. 외국멤버 한명도 없는데 저렇게가지된게 대단함,4881,2024-05-21T15:44:01Z
3GZUTiiWavU,Ugy6aAC-hiSFgjCUGOh4AaABAg,@호바호바-f2d,100% 라이브.......,823,2024-03-01T04:03:56Z
3GZUTiiWavU,UgyIAUYLzL1mhDDFObN4AaABAg,@junikim6882,코로나 시국 콘서트 취소되고 비대면 공연 힘들었지만 다이너마이트 히트곡도 발매되고 해외 로케 못하는 대신 한국 촬영 송출 무대가 전부 고퀄 대박이었던...진심 될놈될 BTS,1391,2024-04-02T11:04:56Z
3GZUTiiWavU,UgwsqGhcMbQsXcMa8q54AaABAg,@ddori-i4g,"레전드 무대👍👍👍
탄이들~보고싶다 💜💜💜",695,2024-03-01T04:05:43Z
3GZUTiiWavU,UgxYjxPgmRy7wDQrck14AaABAg,@김형음-b9s,나라에서 하라고 시킨것도 아닌데  이런 애국자가 어딨냐고 진짜 우리나라 너무 사랑해서 만든 아이돌,335,2024-03-13T11:08:59Z
3GZUTiiWavU,UgyShs1lkr-9K8RvvEF4AaABAg,@미소나라-u8t,우리는 자랑스러운 방탄 보유국이다💜💜,2756,2024-03-01T03:55:04Z
3GZUTiiWavU,UgytcNAI-_guLwg4jil4AaABAg,@하늘-h3n2j,"그동안 나라를 알리고 이젠 군인이 되서
나라까지 지켜주는 방탄ㅠ
누가 너희들만큼 할수 있을까 👍",635,2024-03-22T21:14:18Z
3GZUTiiWavU,UgxXP1PBkmFvi6gIxgV4AaABAg,@이니스러블리,이때 착장도 레전드,299,2024-03-01T04:12:04Z
3GZUTiiWavU,Ugz9tHhofpjr9qE1BpZ4AaABAg,@여정영의,세계가 인정한 방탄소년단 보유국입니다 감사합니다 응원합니다 최고 🎉🎉🎉🎉🎉🎉🎉,240,2024-05-14T23:12:57Z
3GZUTiiWavU,UgycCZyj6mzx12wiOKl4AaABAg,@7bangtan0613,방탄이 서울의 상징적인 장소를 무대로 활용하며 서울시를 간접적으로 홍보하고 있네요. 역시 서울시 홍보대사 답다.👍,1393,2024-03-01T04:25:08Z
3GZUTiiWavU,UgyW1jmJOj7gKcNVJlJ4AaABAg,@김두배-u6v,BTS는 외교관이지. 사랑한다~~,283,2024-03-19T03:25:04Z
3GZUTiiWavU,UgznvLok6og28ejZ4Xl4AaABAg,@BTS__mom,우리 탄이들 있는곳~더불어 빛나는 곳,216,2024-03-01T04:11:33Z
3GZUTiiWavU,UgzKQnRUDFmxFMJ5uT54AaABAg,@Greengrass4531,대한민국은 자랑스런 BTS 보유국❤❤❤🎉🎉🎉,183,2024-05-20T08:04:02Z
3GZUTiiWavU,UgxAidv59oj9kqG-aY54AaABAg,@깡수니-s4z,보고싶다 탄이들,157,2024-03-01T04:23:13Z
3GZUTiiWavU,UgzIwXJNnM3b8G0hFb54AaABAg,@한아이비,"BTS때문에.우리나라.위상이 엄청 높아졌다.진정한 애국자.
자랑스러워😊😊",547,2024-04-06T00:40:07Z
3GZUTiiWavU,UgyVe9Q3dR7hwyd2a994AaABAg,@RICHXDEEP,"일본인,중국인 없는 우리 방탄💜",89,2024-03-01T11:48:37Z
3GZUTiiWavU,UgwQCZ6zS9gpFHkJ5Kd4AaABAg,@user-vivivic,"난 멜론어워즈인가 국악이랑 전통문화 조합시켜 선보인 아이돌무대를 잊지를 못하겠음
진짜 최고였고 앞으로 그 어떤가수도 흉내조차 낼수없을것 같은 스케일이었음..
부채춤 탈춤 상모돌리기 등등 웅장하고 눈을 뗄수없게 만들었던",1231,2024-03-22T01:27:36Z
3GZUTiiWavU,UgzUETwkSib9e1kWVxd4AaABAg,@유니-v6g3t,"외국에 오래 살아 본 사람들은 체감하고 절감하게 된다
국보 특호, 
BTS덕분에
유사 이래 대한민국의 국격이 
가장 높아졌다

작지만 강한 내 나라를
자랑스럽게 만들어준 BTS♡",1567,2024-03-01T08:31:40Z
3GZUTiiWavU,UgxILcHI8cLMkXArZz54AaABAg,@treeplum1407,"열심히 살았다 우리 방탄이들
보고싶다",169,2024-05-18T09:30:33Z
3GZUTiiWavU,UgwKwFHuTZ9nlpXQW1N4AaABAg,@나무-LSHmarco,자랑스러운 우리 타니들💜,380,2024-03-01T04:25:55Z
3GZUTiiWavU,Ugyx0gkQugk2uvC_ccF4AaABAg,@지현수-w3c,존재 자체가 그냥 한국..K-POP을 알린거다..대단한 bts...,429,2024-03-21T09:59:18Z
3GZUTiiWavU,UgxfW5CcUIhxGexE8ht4AaABAg,@치즈06,"나라를 빛내주고 나라를 지켜주고
대단하고 멋집니다.모든 군인분들 고맙습니다.",972,2024-03-03T04:16:01Z
3GZUTiiWavU,UgzaqADa8A-2vSsphXx4AaABAg,@tmdan-p6d,마마땐가 도포입고 나와서 북치고 탈춤추고 한거 있자나 그게 개쩔었는데,36,2024-05-06T16:20:44Z
3GZUTiiWavU,UgxABWLXsXMYZ0bj1Ad4AaABAg,@ajiluna,"이러다가 최초 화성, 달 공연 할 것 같아. 울 애들이라면 가능해.",233,2024-03-01T07:33:41Z
3GZUTiiWavU,Ugx6V08p4gjxtAQ8JAJ4AaABAg,@지혜의꿀단지-z2b,제 삶에 이 아이돌 볼 수 있어 행복해요,37,2024-05-21T12:45:32Z
3GZUTiiWavU,UgxTQNgElobtZVL4sqZ4AaABAg,@오케이오리,"근정전 저 달빛에 울 7방탄!
믓찌다! 우리 보물들!😊☺️💜",230,2024-03-01T10:55:30Z
3GZUTiiWavU,Ugzxlx6VMphNGo5D5S14AaABAg,@abaaauahab1700,"내가 블핑보다 방탄 좋아하는 이유
유행을 따라하는 블핑과
유행을 만드는 방탄 그 차이",116,2024-05-17T11:32:48Z
3GZUTiiWavU,Ugy32HPVfJ0AaAynDvl4AaABAg,@김래연-y1v,"무대감독님 짱인듯.
연출 장난아냐.",982,2024-03-01T04:38:14Z
BxiWdTZ9-bs,Ugw9-Klnelh51wHfOtx4AaABAg,@kakamel-g5e,비꼬는게 아니라  진심 할아버지  잘추신다.... 리듬감 봐.... 정해진 틀이아니라 리듬에 맞춰 온몸으로 표현하는 저 섬세한 동작...,3601,2022-11-27T05:38:02Z
BxiWdTZ9-bs,UgwmV44uRwBS76xGEMV4AaABAg,@boram72,나 전통시장 행사때마다 앞에서 이렇게 춤추시는 분들 돈받고 고용되신 분인줄 알았는대 그냥 신나서 나오신 어르신들이라는거 알고부턴 존경하게 됨,1286,2023-12-10T01:37:16Z
BxiWdTZ9-bs,Ugw21QfdfVcOnyeiZRt4AaABAg,@피자스쿨버스,"""스맨파: 노약자 지목배틀..ㄷㄷ""",4007,2022-09-19T08:48:25Z
BxiWdTZ9-bs,Ugznl8-Zti3oQQNisT94AaABAg,@Joker_Heath,놀토에서 붐이 따라하는거 보고 생각나서 찾아옴ㅋㅋㅋㅋ,152,2026-05-03T00:33:25Z
BxiWdTZ9-bs,UgzXRllqZhyW0lq-tJB4AaABAg,@너의생각은경기도오산,수많은 패러디를 봤지만 이 바이브를 따라갈 수가 없네,1829,2022-10-01T06:35:52Z
BxiWdTZ9-bs,UgwW2cVAuNIJq3JOAxR4AaABAg,@위-i5e,나이들어보니 알겠다. 언제나 마음은 청춘인걸..,75,2025-03-05T01:25:16Z
BxiWdTZ9-bs,UgzocdDLU2NDTk2qye54AaABAg,@행복이-g6r,중독성 있는 할아버지 댄스 어쩔 ㅋㅋㅋㅋㅋ,531,2022-09-29T22:58:09Z
BxiWdTZ9-bs,UgxT99fqVkVNECDhezF4AaABAg,@따뜻한바람떡,뒤에서 묵묵히 묵직하게 팔 흔드시는 할아버지도 춤 맛깔나셔ㅋㅋㅋㅋㅋㅋ,239,2023-04-07T11:07:51Z
BxiWdTZ9-bs,Ugzx57iE5Qj6aXIVbo54AaABAg,@원재-j9q,가사를 정확히 이해하고 즉흥으로 안무를 창작해버리네ㄷㄷ,1114,2022-09-30T12:00:14Z
BxiWdTZ9-bs,UgwIobSOcZeIp4ZH-5x4AaABAg,@dobronx097,"""늙었다는 것은 살아남았다는 것""",1445,2022-10-09T12:52:10Z
BxiWdTZ9-bs,UgyNi1JjI-Yw_ihZaCp4AaABAg,@NotUserProfile,"이 리듬감은 진짜 타고난 재능임 ㄹㅇ
그냥 어거지로 흔드는게 아니라
비트따라서 웨이브가 달라짐 ㅋㅋㅋㅋ",116,2023-02-17T17:40:16Z
BxiWdTZ9-bs,UgxiBg7xfgWaaPJ1W3J4AaABAg,@the_end_of_the_GungYeah,뒤쪽 아저씨 거의 트월킹수준의 골반흔들기 ㄷㄷㄷ,93,2022-10-04T22:26:05Z
BxiWdTZ9-bs,Ugz4hNjgwwaxTVpEBkx4AaABAg,@염탐좌,흰줄무니 아저씨 절도있게 흥타는거 중독성 오짐ㄹㅇ,33,2025-03-11T14:26:01Z
BxiWdTZ9-bs,UgxD3oIvAWBdHAWrnQ14AaABAg,@김철중-w7d,오른팔에 장애를 가진 할아버지가 자꾸 그런거에 빠져있으면 우울증 걸린다고 춤 연습하고 떨쳐버렸다고 하던데... 마인드도 멋진 할아버지심...👍,807,2022-10-15T19:10:15Z
BxiWdTZ9-bs,Ugx6zVOVvnfsvDAaj5h4AaABAg,@gushzillion5894,이것이 “재능” 이란 것이구나…,729,2022-09-30T18:47:56Z
BxiWdTZ9-bs,UgxXIv8q_kYVEnvig214AaABAg,@emil_sinclair_,뒤에 남자분 망치춤 추는게 ㄹㅇ 킬포임,139,2022-10-04T12:19:50Z
BxiWdTZ9-bs,UgzoYzRvwZ_ZUcXNYcB4AaABAg,@혜진-s7u,저게 십오야에서 슈아가 춘거구나...ㅋㅋㅋㅋㅋㅋ 지금보니까 진짜 잘 췄네,44,2023-05-20T00:23:04Z
BxiWdTZ9-bs,UgxfuboOJqEiQX-NSG14AaABAg,@bluemountain9374,"이건 막춤이라기보단 예술에 가깝다.
우리나라 무형문화재로 저 두분을 추천한다.",13,2026-02-07T01:24:55Z
BxiWdTZ9-bs,Ugyxr5NDIg1pKCwvVnt4AaABAg,@짱구아빠신형식,아니 저 섬세한 손동작 보소 진심,424,2022-09-30T13:22:42Z
BxiWdTZ9-bs,UgxYOts1BbgPdliVkNx4AaABAg,@user-vw4ky9oy9t,한번뿐인 인생 남에게 피해주지 않는 선에서 남 눈치보지말고 즐기는 모습 행복해 보입니다😊,277,2024-09-22T15:15:15Z
BxiWdTZ9-bs,UgyrzBESSD5RreUxWX14AaABAg,@쟁이제이,저 뒷 편에 감춰진 파란티의 청년이 숨은 고수다..😊,35,2024-10-07T03:50:36Z
BxiWdTZ9-bs,UgyhAuB3xZUNTJ8DBKh4AaABAg,@pyss777-o3o,아니 이게 지금 왜 내 알고리즘에 뜨는지 모르겠는데 어르신들 진짜 리듬 잘타시네 ㅋㅋㅋㅋㅋㅋㅋㅋ,7,2025-11-08T09:01:01Z
BxiWdTZ9-bs,UgzRdBUHt5SFz3IgQyx4AaABAg,@애플양-x3o,어르신 할부지 은근히 귀여시고 춤잘추세요 ㅋㅋㅋㅋ,64,2024-07-25T02:38:52Z
BxiWdTZ9-bs,UgzPBnfgl1atkHxhv154AaABAg,@LemonTree_1004,"할아버지 젊으셨을때 한가닥 하셨겠는데요 😊
넘 귀여우시다",25,2024-10-06T01:54:56Z
BxiWdTZ9-bs,UgwvGtApZAw9YzpZZQB4AaABAg,@draco9015,모자좌 스웩 미쳤누..,49,2022-09-27T12:13:58Z
BxiWdTZ9-bs,UgzH8s_-SwhtQBEij-l4AaABAg,@jhk212,ㅋㅋㅋ노익장 할아버님 춤추는거 뵈려고 들어왔는데 뒤에 줄무늬 할아버님 그뒤에 파란색 춤추는분  어쩜 다들 개성이 넘치시네요 ㅋㅋㅋ,124,2023-01-03T14:06:01Z
BxiWdTZ9-bs,Ugz_SFOdokJ_BqjI6z14AaABAg,@행복전도사-q2t,저 잔망스런 발의 스텝~~~손가락 손돌림~~신나신 표정~~허리기름칠한듯 골반돌림 완벽한 막춤이다,78,2022-10-23T01:27:12Z
BxiWdTZ9-bs,UgzbiyBsW4-6OTgVwIl4AaABAg,@ymeowS2,세븐틴 조슈아님 보고 옴 ㅅㅂㅋㄱㅋㅋㅋㅋㅋㅋㄱ,11,2023-05-13T10:53:07Z
BxiWdTZ9-bs,UgzNNbipUa0nG_NxFth4AaABAg,@노랭이러버,"저 현란한 손동작
절대 따라하기 어려움….",185,2022-10-02T08:55:15Z
BxiWdTZ9-bs,UgyPh90--z5ZJVBKCEJ4AaABAg,@user-np6gw2fi8v,우울할 때마다 보러와야지 ㅋㅋㅋㅋㅋ,22,2023-03-01T11:36:41Z
ayGl-igrwy8,UgwL85Fmnsa5jQj2LbV4AaABAg,@김현지-b1l,"2024년에도 보고 있습니다
탄이들 진짜 최고 🎉🎉🎉",1612,2024-01-04T12:41:34Z
ayGl-igrwy8,Ugzi1sbuzq2e3Ic7Tjt4AaABAg,@sreejeetadas3976,When you realise that BANGTAN TV camera man is way better than melon music awards,4990,2020-12-03T22:01:33Z
ayGl-igrwy8,UgwueZPTDPXu-8zTOjp4AaABAg,@jspark5657,솔직히 애국심에 컨셉맞지도 않는 전통적인 요소 넣었다가 난해한 무대 만들어 망치는 경우도 많은데....이건 인정...레전드 무대라 할만함...,1366,2019-04-20T14:49:56Z
ayGl-igrwy8,UgxN2vW88hVyZ05f0XV4AaABAg,@SIMOON-x2w,광화문 공연이 아쉬워 이거 보러 왔습니다...  함성은 이렇게,373,2026-03-21T12:36:02Z
ayGl-igrwy8,Ugwz7l7ic9TDQNjjL9d4AaABAg,@dlalaland,진짜 정말 소름돋고 충격받았다... 억지로 국뽕한사발 넣은 곡이 아니라 지금 POP에 정말 케이팝이란 이름이 무색하지않게 한국적인 요소를 잘 녹여낸거 처음봄.. 노래 들으면서 이렇게 세련되면서도 마치 탈춤 사물놀이를 연상시키는 안무와 가사는 처음봐서 진짜 너무 놀랍다...특히 몸을 회전하는 안무.. 이걸 또 외국무대에서 한것도 보니까 소름돋았음. 정말 레전드다. 몇 해외팬들 사이에서 케이팝 팬은 아닌데 BTS 팬이라는 댓글도 많더라...가장 한국적인 것이 가장 세계적이라는 유명 문구를 BTS 때문에 이해했다. 그동안 촌스럽다고 생각했던 국악과 한국무용을 이렇게 멋지게 탄생시켜줘서 고마움..👍,761,2019-02-24T14:46:46Z
ayGl-igrwy8,UgycABXklsl6348rDuZ4AaABAg,@JforRajasa,Can't believe this is their performance for an award show.. this suppossed to be olympic opening in Korea or something..,3576,2020-09-27T14:31:13Z
ayGl-igrwy8,UgxwcPYUa8tNGp3r7OB4AaABAg,@purple_0228,2023년에도 보고있습니다  너무 멋지네요 역쉬~~..모든공연이 라이브 였다니....연주도 그렇고 방탄이들 춤과 노래도 라이브 최고에요~ 자랑스런 우리나라 우리방탄이들...,680,2023-05-06T14:41:05Z
ayGl-igrwy8,UgzMks8O7WxrNKbEm0N4AaABAg,@camiandmaxi,2025년에도 보고 있습니다!,186,2025-01-12T10:37:22Z
ayGl-igrwy8,UgzKw_oXXRVjn7kO1nl4AaABAg,@ytuser920,Believe me or not but this is not only the best BTS performance ever but the best K-pop performance I've ever seen,11305,2018-12-10T10:39:32Z
ayGl-igrwy8,Ugxs-9FgR_lE8ZwvcYF4AaABAg,@abcdlucky4,이거 평창올림픽때 했으면 진짜 쩔었을꺼같다 이거보고 왜 방탄 인기많은지 느끼게됨 진짜 최고다,2753,2019-06-01T13:05:16Z
ayGl-igrwy8,UgxHyvjjdQtdPPbaFAh4AaABAg,@juyoungshim3457,"보고 또 봐도 진정 예술작품이네요.
아이돌을 국악으로 편곡해서 연주하는것이 어쩜 이리도 가슴벅차고 큰 감동이 있는지..
빅히트 연출 진짜 대박이역예요.
우리 방탄소년단들이니깐 더 멋지게 해낼수있었구요.",891,2020-09-03T02:45:04Z
ayGl-igrwy8,Ugx2RGlE_FFbxP2--cp4AaABAg,@EjS-h3g,이공연이최고였어. ....,83,2026-03-21T11:45:55Z
ayGl-igrwy8,UgzF7izLta6QTUJN0g14AaABAg,@khK-lc3qp,오늘 또 감상 중인데....진짜 이거 인트로 구성한 사람 상줘야 한다....비빔밥 마씨써요 킴취...채고에요...만날 떠드는 것보다 이 영상 한번 보여주는게 한국 알리는데 천만배 효과일듯,818,2019-04-13T14:33:07Z
ayGl-igrwy8,Ugy-hA9geGkshsaAtod4AaABAg,@Charlie-uf1gi,난 방탄 팬도 아니고 40넘은 아저씨지만 이거 보고 진심 소름돋았다. 물론 해외에서 우리나라의 전통문화에 관심을 갖게 되는것도 의미가 있지만 솔직히 우리나라의 어린친구들도 전통문화에 대해 잘 모르고 관심 없잖아. 이런 퍼포먼스를 통해 자국의 전통문화를 체험하게 된다는 점에서 방탄에게 고마움을 느낀다.,792,2019-06-01T10:59:09Z
ayGl-igrwy8,UgynEsSf3GBURoiFOJF4AaABAg,@가을이네-l4b,"심하잖아
이 무대를 능가하는 무대가 나올려나 진짜 소름끼친다. 살면서 본 무대중 최고다",1377,2019-05-16T16:39:44Z
ayGl-igrwy8,Ugw9O4XXhye9ITgJHCF4AaABAg,@anreenh2320,제발 갓쓰고 한 번만 공연해줘😭😭😭,194,2025-07-31T06:29:19Z
ayGl-igrwy8,UgwBGhUe4whdNWqRnVl4AaABAg,@davidkim5500,우리 딸 내일 학교에서 탈렌트 쇼하는데  MIC DROP 노래 틀어 놓고 춤춘다고 합니다. 딸이 굉장히 내성적인 성격인데   BTS  팬이 되고 나서 부터 엄청 밝게 변하고  이젠 많은 사람들앞에서 춤을 춘다고 하니 너무 기특하고 저도 나이 50넘어서  BTS 에 푹 빠져서 매일  유튜브에서  BTS 최신 뉴스를 찻고 있어요. 국악과  함께 하니 예술의 극치를 보여 주네요. 젊은 친구들이 너무 자랑스럽네요.,424,2019-05-15T20:02:59Z
ayGl-igrwy8,UgwjUM6c3zFwjtSp1cV4AaABAg,@washington22,"Hanbok is ""korean"" traditional clothes but not ""chinese"". And BTS already proved it on this stage.
한복은 대한민국 전통의상입니다.",1055,2021-02-19T18:40:01Z
ayGl-igrwy8,UgycwhGfmwiudtNJ2O94AaABAg,@rizzabustamante1122,"The grannys are not ready for a performance like this. They are the ones who failed to see BTS full potential and how great of a performer BTS is. It's their loss, not the other way around.",2499,2021-03-16T05:11:36Z
ayGl-igrwy8,UgwNk3rQHmRgR-78aw14AaABAg,@ace_jjoo,2026년 광화문공연 기대하며 보러왔습니다.,371,2026-01-22T13:05:14Z
ayGl-igrwy8,Ugw3N5PNBnisz2k-ClZ4AaABAg,@jung1875,저거 올라가는 무대 리허설 때 위험하다고 스텝들이 말렸는데 무대장인들이라 끝까지한다고 고집함 위험을 감수하고도 팬들에게 좋은 무대 보여주고 싶은 욕심에 힘들고 어려워도  뭐든 다 해나가는 것 보면  진심이 느껴지고 마음이 짠해짐 새벽세시까지 연습하고 정말 피땀노력으로 만들어진 귀한 무대임 그래서 더더욱 자랑스럽고 소중함,449,2019-04-16T11:27:46Z
ayGl-igrwy8,UgyDUpxIa7wjo2dVzMl4AaABAg,@gipsy77,다른 아이돌과 완전히 다른 레벨. 인기있는 장르를 따라가는 것이 아니라 온전히 자기만의 것을 만드는 느낌.,1392,2018-12-22T14:58:01Z
ayGl-igrwy8,UgymXDSn0wv5xYcMibN4AaABAg,@촌놈관저리,"내 나이 53
bts 해외에서 더 난리라길래 유뷰브좀 찾아봤다.
영상보면서 눈을 뗄수가 없었고 입이 다물어지지 않았다.
내가 아이돌을 좋아함을 넘어서숭배해야할 정도로까지 감동을 받을 줄은 . . .
자랑스럽고 젊은 새대들에게 잘 자라줘서 고맙다고 인사해야겠다.
고맙다.",484,2019-03-11T13:50:57Z
ayGl-igrwy8,UgxEglI6md3pCihejr94AaABAg,@필맥킬로이,BTS는  국보 그 자체..54살 아재인데..오프닝부터 전율임 ..이제 BTS팬 해야겠다.ㅎ,43,2026-01-20T12:47:25Z
ayGl-igrwy8,UgyhBikzi6OwqjITd694AaABAg,@서현-e3m,이거 연출한 사람은 정말 레전드다. 전통을 100퍼이상 공연에 녹여냈네 소름,352,2020-11-23T03:13:15Z
ayGl-igrwy8,UgzX_v08KHJH8SYSNYx4AaABAg,@지인-j1s,이 무대 인건비 세트 등등으로 3억 들였다고 합니다. 방탄은 벌어들인 수익을 다시 무대로 환원해 매번 신선한 무대를 보여주는 것이 참 좋은 것 같습니다!!,472,2019-05-01T12:51:34Z
ayGl-igrwy8,Ugy-Moz7061Y5E6LLXp4AaABAg,@Iaif4i,"돈을 많이 번 만큼 어디에 써야 하는지 아는 그룹.

이 공연에 3억을 들였으니...",1682,2019-04-20T04:13:18Z
ayGl-igrwy8,UgwJ_WqdVXyhuulS4E94AaABAg,@wonlee0412,난 어제 이런 공연을 기대했는데... 😢,48,2026-03-22T01:15:38Z
ayGl-igrwy8,Ugx0ChI5dOZzWMMe8I94AaABAg,@보라버터,2021년에도 이걸 계속 보고 있다 솔직히 손드세요🙋🏻‍♀️,8132,2021-03-29T23:56:20Z
ayGl-igrwy8,UgzUb9gXFi3-wY1NYUd4AaABAg,@지니-i8t,"I'm still watching this in 2024. Honestly, raise your hand.",196,2024-02-18T11:13:47Z
qxA02oHrcmo,Ugxyo-qAhUR_a8gE2Ud4AaABAg,@이언우-l5t,강자민최고 사랑해용,0,2019-04-22T19:45:20Z
JfEfnQfv6ZE,UgxyDxwZidzdPE4syWR4AaABAg,@RIAK,"🎶홍아리-예쁜 여자
https://www.youtube.com/watch?v=1qQJbAHNRT4",1,2022-11-11T06:36:43Z
JfEfnQfv6ZE,Ugwy0SNDw0T8aPXwCLV4AaABAg,@달마품바TV-b9w,아리씨 노래 잘듣고감니다 🎉🎉🎉,1,2024-12-28T03:01:12Z
1FTd7q2rk7w,UgxN0fpTUaYgOp8kX3x4AaABAg,@jmyoon93,진짜 잘하시네요,1,2023-04-10T14:02:31Z
1FTd7q2rk7w,Ugw6LaJ_aIXknk313al4AaABAg,@user-fi5vf2zl5v,"막걸리한잔 시원시원하게너무잘부르셨어요
최고최고  응원합니다",5,2022-12-11T03:03:30Z
1FTd7q2rk7w,UgyohdCgbhUkStKc1xZ4AaABAg,@김주상-x9w,그래막걸리한잔에오늘을다나임짱,1,2023-04-23T06:42:33Z
1FTd7q2rk7w,Ugx6r7fOYXX9EKoewTB4AaABAg,@아리솔-l9u,김다나 실력파 가수,0,2023-03-20T13:17:10Z
1FTd7q2rk7w,Ugw9kg0D1JJ8BBoVejZ4AaABAg,@최야크,우와!!!김다나님 막걸리한잔 노래 넘 맛나게 잘하십니다 ^^🤗🤗👍🏻🌹🙋,3,2022-12-17T12:30:47Z
1FTd7q2rk7w,Ugx2SpKXgjcDuqS9ZF54AaABAg,@인주장-w7r,"목소리가 시원시원하네요 
👍👍",4,2022-12-15T05:03:56Z
ybDr3cOUu5o,UgwM37hUVjGSCezHsVl4AaABAg,@언청촛농넙죽단,와우,0,2023-10-07T08:35:40Z
eAVvm76Lhw8,UgyrbAFmbcH6LMvEXA94AaABAg,@ezzymom,"SBS모닝와이드에 화동아기 근황 올라왔어요💞 여러 억측과 악플 다셨던 분들 꼭^^봐주세요!!

https://youtu.be/TO0MWnCnJT0?si=bRgmKrgd2lHI1xND",439,2025-01-01T07:19:33Z
eAVvm76Lhw8,UgzgMxaFdFYyOaS1an94AaABAg,@Red_Bu11,나중에 쟤 결혼식때 저거 틀어 줘야 한다 ㅋㅋㅋ,4340,2025-05-27T12:17:51Z
eAVvm76Lhw8,UgyL1Yj8N78bDcYD2IZ4AaABAg,@hobuking,결혼하면 영영 못 보는 줄 알았다는 순수한 마음이 너무 귀여워요😢😢😢,1263,2025-05-01T08:05:29Z
eAVvm76Lhw8,UgzD_gvWpnmenCBKvI54AaABAg,@러블리땡땡,삼촌사랑을 얼마나 많이 받았길래 아이가 삼촌 결혼식때 저리 서럽게 울까요.. 참 사랑스러운 조카 두셨네요^^,8968,2021-12-24T04:27:40Z
eAVvm76Lhw8,UgwKzDaH4nGfKMPjtYN4AaABAg,@정진우-k3m,"이것이 아이들의 순수함 그 자체다
결혼하면 못볼줄 알았다는 저 마음이 얼마나 이쁘냐 ㅋㅋㅋㅋㅋ",300,2026-01-07T02:58:33Z
eAVvm76Lhw8,Ugzc8Z6mO-6hMym-Sz14AaABAg,@lolo0974,신부는 웃어야할지 울어야할지ㅋㅋㅋ,394,2025-01-28T14:08:23Z
eAVvm76Lhw8,UgyXMjfX4zMJ2Fg7hDR4AaABAg,@쏙독-e8n,엉엉 울면서도 꾸역꾸역 걸어나가는 모습이 너무 귀여워요ㅠㅜㅜㅠ,6299,2021-12-26T09:45:37Z
eAVvm76Lhw8,UgynssrF9rNIcNAEPL14AaABAg,@망치브로,"1. 삼촌이 떠나가는줄 알고 슬퍼하는 조카의 순수함
2. 대성통곡을 하면서도 반지를 전달하기 위해 꿋꿋하게 걸어가는 조카의 발걸음
3. 그런 아이가 귀여워서 즐거워하고 행복해 하는 하객들
4. 딱히 안봐도 알 수 있는 삼촌의 조카 사랑과 인성 등등

결혼도 안한 노총각이지만  힘들때마다 찾아와서 보는 영상입니다ㅋㅋㅋ
영상을 보는 모두 행복하시길 바랍니다.",4569,2023-10-17T14:26:40Z
eAVvm76Lhw8,UgwECYr9mjDBGnq4pu54AaABAg,@happykhys3564,삼촌 결혼하는 게 슬펐나봐ㅋㅋㅋㅋ,47,2021-12-05T15:11:38Z
eAVvm76Lhw8,UgyOSKVa-QgfG_7D7bh4AaABAg,@예반담,아이고 삼촌이 얼마나 잘해줬으면은 저리 서럽게 울고~~~^^ㅋㅋㅋ,59,2025-07-08T15:48:59Z
eAVvm76Lhw8,UgyMQ2VfKSbYV54RKZB4AaABAg,@Harry_Mione,세상 이렇게 무해하고 사랑스러운 생명체가 있을까 ㅋㅋㅋㅋ 너무 이쁘다 진짜 ㅋㅋㅋ,19,2025-09-19T08:42:51Z
eAVvm76Lhw8,UgzY4S2exBV4_m6qhPh4AaABAg,@siruuuugood,결혼하면 영영 못보는 줄 알았다는 아기 생각이 너무 귀엽고 ㅋㅋㅋㅋㅋㅋㅋ 보다가 괜히 눈물 찔끔했어요 ㅠ 너무 순수하고 귀여운 생각이당,1749,2022-10-13T05:14:27Z
eAVvm76Lhw8,UgwSHLQmv8sz44Wnq0h4AaABAg,@서블리-f7y,"삼촌이 얼마나 이뻐 했으면ᆢ
신부님 나중에 아이 낳음 신랑 덕에 편하겠어요 ᆢ 착한 심성이 보입니다",282,2021-12-22T17:52:00Z
eAVvm76Lhw8,Ugx183x1vsnLE4WxgLF4AaABAg,@Evolution-rt5kg,아 너무 사랑스럽다. 눈도 못 뜨고 울면서도 끝까지 걸어가는 야무진 모습. 삼촌이 계단 내려와 안아주는 자상함이 좋네. 그러니 조카가 저리 삼촌을 좋아하지... 신부 시집 잘 갔네. 가정적이고 좋은 남자 만났어,1642,2021-12-25T05:45:31Z
eAVvm76Lhw8,Ugxq-ykW5LgHAbgJ9nF4AaABAg,@견우-m1s,천사같은 동심!!!  어린이 들이 안전하고 건강하게 자라고 행복한 나라가 되었으면 좋겠습니다.,39,2025-08-03T09:58:15Z
eAVvm76Lhw8,UgwpTQCKoGxI6dKxxFB4AaABAg,@expilot5997,와 진짜 다같이 놀리네ㅋㅋㅋㅋ 너무 나쁘닼ㅋㅋㅋㅋㅋㅋㅋㅋㅋㅋㅋㅋㅋㅋㅋㅋㅋㅋㅋㅋㅋㅋㅋㅋㅋㅋㅋㅋㅋㅋㅋㅋ 근데 너무 귀여워서 더 놀리고 싶닼ㅋㅋㅋㅋㅋㅋㅋㅋㅋㅋㅋㅋㅋㅋㅋㅋㅋㅋㅋㅋㅋㅋㅋㅋㅋㅋㅋㅋ,89,2025-10-15T05:00:14Z
eAVvm76Lhw8,UgxGiD4ao9q2mwgjZmR4AaABAg,@강명지-e1y,"삼촌이 얼마나 잘챙겨 주고 놀아줬는지 알수 있을것 같아요 ~ 
애기 넘 귀여워요 ~ 😍",1997,2021-12-24T10:59:15Z
eAVvm76Lhw8,UgzlrsuxbN554UBBNah4AaABAg,@urahohol4841,아이들을 대하는 삼촌의 인성이 보인다.결혼축하!,373,2021-12-20T14:05:35Z
eAVvm76Lhw8,Ugy0JQBTmVOgMl9nnmh4AaABAg,@oldromance00,대성통곡하면서도 거부하지않고 한걸음 한걸음 직진하며 삼촌을 보내주는 저 심정이 대견하다 ♡♡,1151,2022-01-07T02:53:22Z
eAVvm76Lhw8,UgyBxfNkSxau-LZskyN4AaABAg,@두부두부1234,삼촌 대존잘이네 울만하다 ㅋㅋ,11,2025-08-28T08:13:34Z
eAVvm76Lhw8,Ugwff3PcOsBXddPil0V4AaABAg,@ryujd0533,"녀석아, 아무리 삼촌이 좋은, 사랑했던 삼촌이지만 이젠 보내 드려야지.
녀석, 와 이렇게 우네. ^^",1,2026-07-04T15:13:55Z
eAVvm76Lhw8,UgwhCPC13Hs5nOkOT114AaABAg,@kan7615,아가야 삼촌을 잃은게 아니라 숙모를 얻은거야. 넘 귀여워요,835,2022-01-07T09:56:58Z
eAVvm76Lhw8,Ugx5Pq2Pw9PhBqCHmdt4AaABAg,@won7518,"분명 아이한테 이제 삼촌 멀리간다는둥 이제 못본다는둥 농친 어른이 꼭 있었을것 같다..ㅋㅋ
제목이 너무 웃겨요 ^^ 애기 너무 귀엽네요",1831,2024-03-11T15:06:31Z
eAVvm76Lhw8,UgzrQ3rXZo8LUgn-v5R4AaABAg,@별밤-t7q,"삼촌이 엄청 이뻐해주고 정이 듬뿍 들었나 봅니다
ㅎㅎ",417,2021-12-22T17:02:05Z
eAVvm76Lhw8,Ugz0kT3iuFy0FMFH7j54AaABAg,@bdsdfsjk97,삼촌이 얼마나 잘해주엇으면.  삼촌 이모들이 결혼하기전에 조카에서 사랑 올인하긴 하죠.,0,2026-07-09T13:14:49Z
eAVvm76Lhw8,UgzhQzfEm0JJsWdojtd4AaABAg,@박진옥-s3u,"어린아이들은 솔직하고 넘 순수하고 귀여워요
조카가 저리 슬퍼하니 참 좋은 삼촌이셨네요
두 분 행복하십시오",8,2024-12-09T10:24:20Z
eAVvm76Lhw8,UgxRxDOXoS2fuQK8mt94AaABAg,@user-tu8uz4im9x,삼촌 인성이 보이네요  슬퍼도 임무에 충실한 조카 귀여워요,208,2021-12-21T21:23:20Z
eAVvm76Lhw8,Ugw_oJZ-cCiJMJEdS7N4AaABAg,@댁골촌놈,삼촌이 얼마나 잘해줬으면,67,2021-12-17T12:19:57Z
eAVvm76Lhw8,Ugxtt-Daso0Wn0i5s6p4AaABAg,@한영수-t4t,"저도 큰삼촌 결혼할때 초6이었는데 너무 섭섭하고 애기를 낳았을때는 더서운한 기억이 있네요. 지금저는 60이 넘었고 삼촌은 80이 넘으셔서 병석에 누워 계시는데, 세월이 참 빠르다 생각됩니다.

삼촌이 엄청 사랑을 많이 주셨나봐요.
저도 그랬어요.",1283,2022-03-30T05:56:27Z
eAVvm76Lhw8,UgwHhItIU23cfNwJYI54AaABAg,@Peach플럼,삼촌 장가가면 이제 영영 못 보는 줄 알고 울었대요ㅋㅋㅋ 너무 귀엽다ㅠㅠ,1,2026-06-05T10:51:45Z
B4EmQQWHMDM,UgyBnh-6mGx0d6AORv54AaABAg,@윤성환-x5e,역시 멋진 탈춤 영상이네요,1,2023-12-28T12:22:40Z
B4EmQQWHMDM,UgzSXrlqxkl_1KsLJ314AaABAg,@김성영-n3i,"한가위에 흥겨운 난장판 
신나는 명절. 좋아요. 😊😊",0,2023-10-03T03:58:44Z
B4EmQQWHMDM,UgxYCdyQbOPgNUFgVoR4AaABAg,@G41-1oooho,7:07,0,2025-02-07T03:54:29Z
LrcbwUvne9M,UgypmKfehDDDu8mMY5J4AaABAg,@클라스-k2d,"뿌까머리 너무귀여워 ㅠㅠ ㅠㅠ (레드) 컬러
원피스 너무예쁨",0,2020-06-10T06:18:01Z
LrcbwUvne9M,UggrZisWgzEc_XgCoAEC,@jaahlink,뿌까머리 너무잘어울려❤,1,2017-05-26T07:33:02Z
LrcbwUvne9M,Ugj_vM9Fil2e-ngCoAEC,@이유민-l3u,완도에서 했던 거 ❤,0,2017-05-07T11:44:56Z
LrcbwUvne9M,UgzDC2cV4XE2_B-0XhF4AaABAg,@valentine6316,귀엽다~^^,0,2017-09-02T02:58:06Z
LrcbwUvne9M,UggnuS172Qu7gngCoAEC,@carolwang993,I love arin ~^^~,2,2017-05-08T00:43:17Z
LrcbwUvne9M,UgzS3t9uKjf9ReL0zm94AaABAg,@TheHalionx,<3,0,2023-11-14T08:01:33Z
LrcbwUvne9M,Ugxc8anXYcWivZOAp3Z4AaABAg,@박영민-k4z,이때의 아린이가 보고싶다 요즘은  너무 말랐다,0,2019-02-20T16:26:31Z
S5ZWhusNwtk,Ugw4H3jY-E81tJXSV514AaABAg,@1003myung,👏👏👏👏👏✌️👍🙏,4,2023-10-28T13:13:49Z
S5ZWhusNwtk,UgxhT6hLI3Nw3CSlpTd4AaABAg,@푸드리-y3x,"방탄유리
김유리가수님
최고당
❤❤❤",2,2023-10-29T10:16:08Z
S5ZWhusNwtk,UgyjLI_aUeK5ntANpQ54AaABAg,@이지연-b1p3h,방탄유리가 최고 최고다!😊❤😊❤,2,2023-10-28T22:12:04Z
S5ZWhusNwtk,UgzqaGfKIvFjvH7EZDd4AaABAg,@haeun_Jin,크 잘한다❤❤,2,2023-10-29T13:37:11Z
S5ZWhusNwtk,Ugyj-kdRcOdU5z0ydmR4AaABAg,@설-p8y,"김유리님 .
옥구슬 굴러가는 청명하고 
고운 보이스로 부르는 
노래 참 듣기 좋습니다",2,2023-10-28T16:40:00Z
pwyJGA0FFfU,UgyBPx0X7gzLvbMQGJJ4AaABAg,@향단단이,🤩,1,2023-01-17T10:58:56Z
pwyJGA0FFfU,UgzM8hurc9BCpRWWR-t4AaABAg,@두두리-o2n,흥겹고 신명나는 음악  교육  최고입니다,1,2023-01-17T12:36:33Z
wWRdnLNFiMg,Ugz1aQJA42CakM2vqB14AaABAg,@kepaarrizabalaga3097,Yeah…,5,2022-04-08T16:22:53Z
wWRdnLNFiMg,UgyNxJKpWAoR91FGItR4AaABAg,@시니어건강본부왕진,잘봤읍니다👍🏻,4,2022-04-07T13:46:43Z
wWRdnLNFiMg,UgzguP0h61caei1bn_94AaABAg,@Shyunpark_Tube,좋좋한무 (좋다좋다 한국무용이라는 뜻),4,2022-04-07T13:00:07Z
wWRdnLNFiMg,UgwQQt_QRbD6E4PB0IB4AaABAg,@주노-y2o,좋은 영상 잘봤습니다~,4,2022-04-08T05:39:33Z
wWRdnLNFiMg,UgyKzksp98Ae1lg4rwd4AaABAg,@이용수-q7y9r,"우리춤의 기품있고 섬세한 선과 폭발적 힘을 내재하면서
절제된 동작들...이 아름다움을 전세계인들과 함께 즐기고 싶습니다.",3,2022-04-15T09:14:40Z
wWRdnLNFiMg,Ugy_bDpEZdhotAVw1ul4AaABAg,@김진석-j6l,너무 멋잇어요~^^,3,2022-04-07T13:13:00Z
wWRdnLNFiMg,UgxffvzzIh1uPp-1daF4AaABAg,@문복숙-l5q,"청계천에서 봄기운이 물씬 나네요
넘 이름답고 생동감이 넘쳐요",3,2022-04-26T06:19:00Z
wWRdnLNFiMg,UgwT2sVTKYlKrJJOSKp4AaABAg,@주린초이,청계천 지금 바로 가고싶게하는  멋진영상입니다. 서울의 곳곳을 이렇게 멋진 영상으로 꾸며주길~~♡,2,2022-04-26T05:51:07Z
wWRdnLNFiMg,UgxLP9AJ5gwh1urNDxN4AaABAg,@이장-f6m,맨날 지나가며 보는 청계천인데 이렇게 멋있는 곳이었나요? 내일부터는 달라 보일 것 같네요👍,5,2022-04-07T12:37:47Z
wWRdnLNFiMg,Ugxc8Hb9RIvohf_ycU14AaABAg,@eunjoochoi6910,"한국춤도 이렇게나 다양한 매력이 있군요~ 
별주부전 스토리를 재해석한게 참 재미있네요 좋은 영상 감사합니다 더보고 싶어요",3,2022-04-07T16:48:39Z
wWRdnLNFiMg,UgwRPZq4KtuZ-NS2G_h4AaABAg,@쏘소-l1n,서울의 아름다운 배경과 한국춤이 너무 트랜디하게 영상에 잘 담긴것같아요!! 눈을 뗄수없는 영상이네요🧂,3,2022-04-07T16:00:48Z
wWRdnLNFiMg,UgznRhdTsr44a4UJ9gR4AaABAg,@김창용-s2i,"멋집니다! 청계천도 건물도 무용수들도 아주 매력적으로 담아냈네요 스토리도 이해하기 쉽고요
다가올 공연 무대도 궁금해집니다",4,2022-04-07T16:18:19Z
wWRdnLNFiMg,UgwrEXstolAL3XrKuVR4AaABAg,@김상희-q3s,"자주 다니던 장소가 새롭게 보이네요...
무용수들 덕분에 우리 문화가 더욱 돋보이는거 같아 감사합니다.
역시 모든 예술의 으뜸은 단연코 우리춤이라는 생각이 드네요.
무용수분들의 수준 높은 춤 실력때문인지 영상이 짧게 느껴집니다.
수고하셨습니다^^",3,2022-04-26T05:59:01Z
wWRdnLNFiMg,UgxHIBbfJwtLII4ZUAh4AaABAg,@스프링키블랙,영상 잘감상했습니다 너무 멋지고 매력있어요 ^^,2,2022-04-26T06:30:19Z
wWRdnLNFiMg,UgzRn5dKzYWQuuGfHWl4AaABAg,@김채은-n6u,"무용수분들 덕분에 청계천이 이렇게 아름다운 장소라는 것을 다시끔 느낄 수 있었습니다 ✨ 
이번 영상도 잘 감상했습니다 🥰",5,2022-04-07T12:22:29Z
wWRdnLNFiMg,UgzBGSAOtjiVvNtmIX94AaABAg,@JJTO942,너무 멋있는 영상 서울을 흠뻑 느낄수있음에 감사드립니다🥰👍🏻👍🏻,5,2022-04-07T11:11:55Z
wWRdnLNFiMg,Ugy6nBI5Q6JEoJkg_5p4AaABAg,@여문예숙,동서양의 조화가 잘 어우러진 너무 멋진 춤이네요!!!,2,2022-04-26T06:22:10Z
wWRdnLNFiMg,UgzX5cRpHWSFY8A27b54AaABAg,@박영현-p9y,"한국 전래동화의 대표작인 토끼전과 서울의 핫플레이스 청계천 조합이 정말 잘 어울리네요~
무용수분들이 한국의 매력을 잘 표현해주신것 같아 이번 영상도 즐겁게 봤습니다!",3,2022-04-11T09:34:20Z
wWRdnLNFiMg,UgwPs9mBjCUPeX4iKHl4AaABAg,@김주영-y1t,한국무용의 아름다움을 느낄수있는 영상이네요.. 너무 멋집니다👍🏻👍🏻👍🏻,3,2022-04-07T13:10:22Z
wWRdnLNFiMg,UgwxRJ87xUqX0rmFkiN4AaABAg,@예삐-q7w,"청계천의 아름다움이 물씬 느껴지는 영상 잘 봤습니다.
너무 멋진 영상 감사합니다 ♥️",4,2022-04-08T03:35:54Z
wWRdnLNFiMg,UgxmeIUfYWHkZIHmi0d4AaABAg,@soy0917,청계천의 하늘을 보는 기분도 새롭네요! 너무 멋집니다 🥰,3,2022-04-07T11:17:52Z
Po33Npgmr2s,UgwQcjISxCKV0mNmT3t4AaABAg,@user-xo2pz1qr4p,근데 새삼 전세계적으로 유명해지면서 한국문화를 이렇게 멋있게 보여주고 알려왔던 방탄한테 너무 고맙네..,1326,2025-07-14T18:42:29Z
Po33Npgmr2s,UgzPNjyuHbxdfAy0g614AaABAg,@bambinuuna,케데헌이 뜬 지금 다시금 회자되어야할 무대,835,2025-07-13T13:38:13Z
Po33Npgmr2s,UgxixPHwNJzBgJ1XswF4AaABAg,@someday102,케데헌 제작진이 이 무대를 본게 틀림없음 ㅎㅎㅎ,2788,2025-07-06T12:34:58Z
Po33Npgmr2s,UgxYZAaRulVTBS8aplN4AaABAg,@ahh41409오리진,"국악버전 만들 기획자랑 프로듀서 진짜 누구냥 상줘라
당시 이것보고 아는 분들에게 다 공유했었는데!
이게 한국을 대표한 데 엄청난 기여를 함",728,2025-08-03T13:26:54Z
Po33Npgmr2s,UgyCv7M0Fxm-9fsZl4l4AaABAg,@csj0905,2025년7월 보고갑니다.갓만 쓰면 사자보이즈네,1055,2025-07-06T05:57:24Z
Po33Npgmr2s,UgwVIckFuJnVAYqvh1x4AaABAg,@우엥-q6h,사자보이즈 오늘 종일 봤더니 이 영상이 떳어요,2184,2025-07-06T13:28:42Z
Po33Npgmr2s,UgzPfkCXIXcibQl_lpx4AaABAg,@Gundamer0500,이게 사자보이스 아이돌 무대 레퍼런스라 확신함,4505,2025-07-06T02:25:39Z
Po33Npgmr2s,Ugy8O7MdLr0uQmsyw2F4AaABAg,@라스트스톰,아니 대한민국 홍보영상이냐??? 부채춤 탈춤 사자 국악홍보영상임??? 대단하네 진짜 감동이다 해석을 그냥 판을 갈아 엎어버리네 bts 최고다,218,2025-08-14T21:06:51Z
Po33Npgmr2s,UgyAePAJIzI4u-UANEp4AaABAg,@RAMUI-i3n,4년전에 스포당했네 아ㅋㅋ,441,2025-07-03T20:19:56Z
Po33Npgmr2s,UgyEq1GvmT_6VXUz0SB4AaABAg,@m.j.k1008,오...이거보고 사자보이즈 만든 것 같네,418,2025-07-04T14:01:19Z
Po33Npgmr2s,UgyiiCG2eQTA4MhxrKR4AaABAg,@봄은고양이,오늘 광화문 콘서트에서 이거 보여주지 ㅜㅜ  아쉽다,138,2026-03-21T12:17:45Z
Po33Npgmr2s,Ugxit3Xuop6V7O8nYfZ4AaABAg,@ClassicBook-ATELIER,"몇년을 준비한다는 올림픽 개막식보다 훌륭한
그때도 지금도 레전드 BTS",654,2025-07-18T09:37:35Z
Po33Npgmr2s,Ugxu5o_TuyZ3P4bKDO54AaABAg,@jaewookim8634,사자보이즈 보다가 이 영상 보니 역시 bts가 찐이구나 싶다. 국뽕이 차오른다.,441,2025-07-09T02:43:52Z
Po33Npgmr2s,UgyCFSJUsEzv3_rmTZ14AaABAg,@Ply_nyang,광화문에서 저런 식으로 무대할줄알고 엄청 기대했는데ㅜ,190,2026-03-21T14:31:19Z
Po33Npgmr2s,Ugx4j-lUqSAIP_EYdaV4AaABAg,@FairyDokkaebi,광화문 어제공연보다 난 이게 더 좋으넴.,102,2026-03-22T04:28:05Z
Po33Npgmr2s,UgwWWAfS6Wgao3b69Xl4AaABAg,@lovelymj219,2026년 아미 보는 사람~? 지금봐도 멋짐,618,2026-01-12T04:17:28Z
Po33Npgmr2s,UgyBDfSt1yuglzqdH3J4AaABAg,@Direcjun999,역시 BTS가 사자보이즈였네. 호냥이도 나오고 빼박 아님?ㅎㅎㅎ,1071,2025-07-06T12:56:10Z
Po33Npgmr2s,UgyIUAT14cHhrBrY3v54AaABAg,@BBeun-y2z,와 이거 졸라멋잇넹.. 광화문공연도 온국민이 협조한 국가행사급이엇는데 이 정도는 햇어야 하는 아쉬움 ㅠㅠ,37,2026-03-22T09:49:24Z
Po33Npgmr2s,UgzFU14pcL4NbYiimGl4AaABAg,@sun-jj2yj,"오늘 이런식으로 공연했음 대박이었을건데
ㅜㅜ 아쉽",368,2026-03-21T12:36:15Z
Po33Npgmr2s,UgxFyFmsNzndT6McXQh4AaABAg,@하늘바람꽃-b8b,내나이50.어찌 이리들왔지만. 우리나라의 문화를 알리는최고의 bts.군대보내 미안하다. 전역했으니 다시 부닥한다. 미안타.,348,2025-07-05T07:40:15Z
Po33Npgmr2s,UgyuUTzmvdlXkP89nBt4AaABAg,@haeinyeo7845,갓 쓰고 한번만 더 하자,1212,2025-07-12T10:40:54Z
Po33Npgmr2s,Ugwk_40ogp-EPhoknxp4AaABAg,@SiyoungLim-s5j,근데 원래 이런 컨셉으로 무대 종종 했었는데 케데헌때문에 앞으로 이런거하면 외국애들은 다 케데헌컨셉이라고 할것같다ㅋㅋㅋㅋ 물론 연말무대에서 케데헌 해주면 나는 침흘리면서 볼듯ㅋ,262,2025-07-08T14:01:21Z
Po33Npgmr2s,UgylOjCJ0Uw8ySlbeYt4AaABAg,@sieseikay480,딱 이정도로 광화문 공연이 되었다면 여러말 안나왔을거임,25,2026-03-25T14:26:03Z
Po33Npgmr2s,UgwwFysIlIghhVEA6XN4AaABAg,@esgymmmuser12,알고리즘이 이쪽으로 이끌수밖에없는게 idol 사자탈 boys 한복이 다 나옴 ㅋㅋㅋ귀마까지도 ㄷㄷㄷ,107,2025-07-12T15:13:20Z
Po33Npgmr2s,UgwKy4zc4fSP6yGIi1F4AaABAg,@kr3083,와 7년 전 게 또 뜨네 ㄷㄷ 이게 내 사자보이즈다,72,2025-08-17T09:04:12Z
Po33Npgmr2s,UgwGriqd5VkFC-rBdgp4AaABAg,@난다-b1m,국악은 예상외로 시너지가 강하구나. 독보적으로 만든다.,245,2024-10-02T16:39:09Z
Po33Npgmr2s,UgzGaIsr87Y8Zd08UlZ4AaABAg,@sandwich0p0,2025년만 기다리고 있습니다. 진짜 한명한명 소중한 문화재인듯. 이런 공연을 볼수 있다니 감사.또 감사할뿐,655,2024-02-07T10:41:11Z
Po33Npgmr2s,UgxxtfCF4Cv4zBaGGOp4AaABAg,@CAKE_SOUND,케데헌 본 외국분들이 다 봤음 좋겠어요…방탄 사랑해!!!ㅠㅠㅠ,192,2025-07-19T13:26:50Z
Po33Npgmr2s,UgxKX0Y-A5l21ydBxg94AaABAg,@FullbloomJIMIN,케데헌만 주구장창 팠더니 내 이럴줄 알았다 ㅋㅋㅋ 이게 근본이지~ 진짜 멜론 아이돌무대랑 경복궁 아이돌 무대는 말이필요없지~~ 언제나 봐두 감동이네ㅜ 이건 비하인드를 봐야돼~~~~,466,2025-07-08T17:12:55Z
Po33Npgmr2s,Ugy8tmtTFu9XKvLkZcN4AaABAg,@dia5673,케데헌 감독 매기강이 사자보이즈 '유어 아이돌' 무대연출하는데 참고 했다는 무대가 BTS의 '아이돌' 이거였구나ㅎㅎ,197,2025-07-13T10:36:54Z
eYGHB2GQlt0,UgwRne7iElQhoU3uVel4AaABAg,@경자-r7l,화려 공연은 직접 봐야합니다. 그 웅장함과 비장미가 영상에서 표현이안댐,1,2023-05-01T05:03:47Z
eYGHB2GQlt0,UgxGyxLZ7Y8dOdVhXuN4AaABAg,@효심오-f1r,카리스마가 넘치다못해 흐른다...,1,2022-12-14T11:19:36Z
eYGHB2GQlt0,UgzNYvw_ogqyYYlt8dB4AaABAg,@주라미-z1k,저 풍물축제때 봤어요,2,2022-10-20T12:59:35Z
eYGHB2GQlt0,UgzdiZ-A1YiTymPikpp4AaABAg,@Modelline71,요긴 어느동네인가요 조~기 현대백화점처럼 보이는데,0,2023-10-15T03:40:26Z
eYGHB2GQlt0,Ugy--peFJuY29XE8DGZ4AaABAg,@효심오-f1r,엉닝 나 언니들 이름잘몰라서말인뎅 이름알려주면 안될까?,0,2022-12-14T11:05:33Z
eYGHB2GQlt0,UgyAI2rWim4llRfkdYh4AaABAg,@본명강원도,등장부터 웅장하고 너무 멋있네요 대박입니다,1,2022-10-10T07:12:52Z
eYGHB2GQlt0,UgwPjGeU2Q_OvvUHbDB4AaABAg,@난나야-n7p,부평풍물축제때봣는데 엄청신나고 재미있엇네요 정말  멋진공연이였어요🥰👍,2,2022-10-10T13:06:31Z
eYGHB2GQlt0,UgzRyzBOzGW6A_ClX5N4AaABAg,@고구마참치,앞에서 못본게 아쉽네요..,1,2022-10-10T02:06:36Z
OVbr9yPml8s,UgyNOSxxaUHbar2BuBF4AaABAg,@thetwotimes12,기대됩니다~!^^,1,2020-12-17T03:08:09Z
OVbr9yPml8s,UgxCfGhSXPAdINqjqOh4AaABAg,@rlaehdwnd,항상 응원합니다~ 기다려지네여 ^)^~,0,2020-12-18T07:34:07Z
OVbr9yPml8s,Ugxv7RdN4_-UBOaKXhh4AaABAg,@Jenny-x2q2w,기대되네요~^^,0,2020-12-17T07:59:23Z
ateNqDOtwNE,UgzmHz42yrpv1TjzHQF4AaABAg,@nalra988,동남경찰서 경찰관분들이 안전을 위해 힘써주셔서 참 멋지고 든든합니다. 감사합니다!👍👏,2,2023-09-03T01:08:30Z
ateNqDOtwNE,UgxKhSpK2QLMlYPXKJZ4AaABAg,@eyebrow6304,천안 k컬쳐 축제 해가 갈수록 대박나길 눈썹상회가 응원합니다.,1,2023-09-06T22:14:39Z
ateNqDOtwNE,UgynIBf9HEuUsGxYNpt4AaABAg,@museloe,볼게 정말 많았어요.,1,2023-09-01T06:24:35Z
ateNqDOtwNE,Ugwz8TodgPLsRpHCLA14AaABAg,@팟흐,"와 태권소년 엄청 멋있네요 
!!",1,2023-08-31T10:53:07Z
FsFmxrayf-E,Ugyh58fHnY1AGQWczFZ4AaABAg,@김성희-j3d-g6i,"자연스러운 귀여움
김다현 가수님 최고❤❤❤❤❤",32,2023-05-07T23:31:01Z
FsFmxrayf-E,Ugy6LtG-wF8X22UhQTl4AaABAg,@팽여사님,귀여워라 다현양 항상응원합니다 ❤❤❤,30,2023-05-07T21:11:03Z
FsFmxrayf-E,UgwAMehU84FBAMrddQN4AaABAg,@kdh5183,귀요움 × 1.000.000 = 김다현,19,2023-05-08T00:13:57Z
FsFmxrayf-E,UgwOPe4KsliQjXFRBoR4AaABAg,@유니-w5j,나의 원픽.김 다현 가수님.,22,2023-05-07T23:26:42Z
FsFmxrayf-E,UgxYMCWz4kpZ2Hvp06l4AaABAg,@깻님이-p7y,귀여워   꼬집고시퍼유 사랑혀 김다현 천재가수님❤❤,18,2023-05-08T08:01:40Z
FsFmxrayf-E,UgyDkUJkx1xyNuAcXMB4AaABAg,@윤기숙-s1v,다현넘예쁘면어떡해❤❤😂,15,2023-05-08T11:26:25Z
FsFmxrayf-E,Ugx3uw2JHpT2hwnpsLF4AaABAg,@순준이-q3b,다현공주님 💜찾으러  가야해  꽃길 🌸로만 걸어요  사랑합니다 우리 공주님,19,2023-05-07T22:35:42Z
FsFmxrayf-E,UgyyZNRaLpd4y3YmK4Z4AaABAg,@명식최-b4b,저렇게 이쁜애가 또 있을까.~,23,2023-05-07T22:22:45Z
FsFmxrayf-E,Ugy9VMtYI6g4DQob90x4AaABAg,@시현-z3h,울다현이 사랑해 🎉,19,2023-05-08T00:00:15Z
FsFmxrayf-E,UgyGiztr2DKVp65PcPd4AaABAg,@김숙희-f5f,이뻐라  싸랑해요. ㅎㅎㅎ열심히하세요. 응원,16,2023-05-08T02:03:21Z
FsFmxrayf-E,Ugx6PVcsFI5Q8ytOIfR4AaABAg,@홍봉표-c8y,점정 성숙미가 풍깁니다,17,2023-05-08T01:31:24Z
FsFmxrayf-E,Ugxi0-WKjbuM1AcFPY54AaABAg,@ju9459,"국민이 응원합니다,❤❤❤",20,2023-05-08T13:08:39Z
FsFmxrayf-E,UgzaW82BAIQciXWcN2x4AaABAg,@양복모-n9d,아고  진짜예쁘닼😅,19,2023-05-07T19:58:47Z
FsFmxrayf-E,Ugz43UKrWI9k13-8kv14AaABAg,@오미경-q9s,아이고 깜찍하고  귀여워라 ❤,20,2023-05-07T21:06:43Z
FsFmxrayf-E,UgzdXo8nw5okdbNuVH54AaABAg,@홍수연-f4u,예쁜 김다현양 맛있고 영양가있는 음식 많이드세요~♡♡♡♡♡♡♡,9,2023-05-10T12:40:33Z
FsFmxrayf-E,UgypKmucV_yK1EozaC54AaABAg,@향기-p3j,울 귀욤이 다현공주님 너무 예쁘다예뻐 👍💙❤️💛,14,2023-05-08T10:14:19Z
FsFmxrayf-E,Ugx7mblZiUroc0imzTZ4AaABAg,@짱똘이다,다현아씨. 유튜브에서 자주봐서 살맛납니다❤,13,2023-05-08T14:33:30Z
FsFmxrayf-E,Ugyof4fnt-KYibY8rVJ4AaABAg,@오화교,다현사랑 💕 👍,6,2023-05-29T15:35:27Z
FsFmxrayf-E,Ugxvr-qYU68Za72ce4J4AaABAg,@정태호-z6u,김다현 앨범 열다섯 생일 축하해요,6,2023-05-12T02:40:01Z
FsFmxrayf-E,Ugy5MzZv5Q-OahdqfjB4AaABAg,@마믐이,❤이뻐❤,5,2023-05-22T06:06:57Z
FsFmxrayf-E,Ugyr-vHG8FtAU9n_s114AaABAg,@방천순,노래대박화이팅❤❤❤❤❤❤❤❤❤❤❤❤❤❤❤❤❤❤❤❤❤❤❤❤❤❤❤❤❤❤❤❤❤❤❤❤,4,2023-05-25T14:07:38Z
FsFmxrayf-E,Ugw9Zdxp_hDG7PPkVdB4AaABAg,@alal5808,❤❤❤❤❤😂😂😂,3,2023-05-21T04:47:08Z
FsFmxrayf-E,UgxL_AMHCdfFUXGXiOB4AaABAg,@wonyeongchoe8051,🎉🎉🎉❤❤❤❤❤😊,3,2023-05-20T16:47:45Z
FsFmxrayf-E,Ugwt3RrkWamptXuqs3p4AaABAg,@Song.I.M,송인명tv 에 있는곡 하나 불러주세요 대히트보장 하는 방법 ❤,3,2023-05-21T14:25:16Z
FsFmxrayf-E,UgxVn_df-CpNsxrUv7R4AaABAg,@무근김-p1t,최고다현ᆢㅎㅎ 🌸 🌱,11,2023-05-08T17:26:26Z
FsFmxrayf-E,Ugyh0rwF1JTBBFwoqQd4AaABAg,@사랑바람-i7c,진천의 예쁜딸  심쿵 심쿵♡♡♡,6,2023-05-20T01:59:55Z
FsFmxrayf-E,UgwUpyzUQ7vbJ_TPKk54AaABAg,@이승재-r3w9k,역시트롯여왕다현화이팅❤❤❤❤❤❤,24,2023-05-08T02:20:51Z
FsFmxrayf-E,UgwRFtwIOOQJzQUW1uh4AaABAg,@첫눈-y6c,"국악트롯요정 김다현 화이팅 💯 
가야해 가야해 귀요미❤",8,2023-05-26T16:21:49Z
O0CaZrhT-hA,UgzkUt3lLfomW4kq8SJ4AaABAg,@jiwoniyaa,"너무 기대돼요🥰
열정 넘치는 그 현장감을 기다립니다👍🏻",5,2022-04-12T13:43:43Z
O0CaZrhT-hA,UgwWkZVJlZJFC7PsNNF4AaABAg,@이용수-q7y9r,"그렇습니다. 온 세상의 아름다움을 다 녹여 낸 한국춤 
이제 전세계로 나아갈 때라고 생각합니다. 한국춤협회 열렬히 응원하겠습니다.",3,2022-04-15T09:23:25Z
SA_t7YXsOpQ,UgzX3nCP7PcxXFO32Bt4AaABAg,@가수우경진TV힘을내세,"상쇠춤
즐감하고 응원합니다 
감독님 축하드립니다 🎉",0,2023-10-17T13:51:06Z
oe1pg1R-mYQ,Ugwxi3b2g8yc4nQcjPl4AaABAg,@love-p2c-h5p,이곳어디  바다일까요,17,2025-02-17T01:05:00Z
oe1pg1R-mYQ,UgwkeP5eb4pUO6sgI7R4AaABAg,@박림-p9q,"뭐임? 누가  답좀  추운디 ,,,,,,,",8,2025-03-28T08:13:56Z
oe1pg1R-mYQ,UgwWJQ0N0xxOpgrv3Qt4AaABAg,@박순희-t4z,"김준수님 아직 겨울 끝이라 추우
실텐데 바닷가에서 촬영하네요
머든 열씸하는 울 김준수님 늘
꽃길만 걸으시기 바랍니다",13,2025-03-16T13:27:12Z
oe1pg1R-mYQ,UgycwTYbK7J9NMlTTed4AaABAg,@suachoi3087,😊,15,2025-03-01T05:09:23Z
oe1pg1R-mYQ,UgwEEVRw52PnXCnRI6V4AaABAg,@무우우니,궁굼~~^^♡,10,2025-03-19T06:12:34Z
oe1pg1R-mYQ,UgxTbuJu0FjSdbnPiK54AaABAg,@향순옥이-u4w9m,"추울것같아 멋있긴한데
감기조심하세요 😊",4,2025-06-10T12:00:28Z
oe1pg1R-mYQ,UgymOowSSU_ksDhZMph4AaABAg,@박금순-r6t,"준수님
언제 어디서나
멋지시군요~❤❤",7,2025-05-09T04:29:38Z
oe1pg1R-mYQ,UgztLFaAvcTkGtrUfuZ4AaABAg,@가을이-z6y,이런귀한영상이네요,5,2025-05-17T12:45:19Z
oe1pg1R-mYQ,Ugx0a-YYMoQAJpGu8Ex4AaABAg,@up이야기,뭐지??  뮤직비디오???  판소리 뮤직비디오도  있어음 좋겠네요~❤,15,2025-03-03T16:22:15Z
oe1pg1R-mYQ,UgwjANmMMN__hcq0k0N4AaABAg,@김경숙-u7z9f,"영화ㆍCFㆍㅎ와우!!!~^^* 걸어보구싶네요~알려주세용
울준수님!!!~멋있당!!!❤",9,2025-03-27T07:11:15Z
oe1pg1R-mYQ,UgyzaABXJ_yNAeHHMd54AaABAg,@선플라워-x4m,소리를 위해 산에서 하산하고. 이젠 바다로 왔네요ㅡ득음~~,16,2025-02-24T00:30:45Z
oe1pg1R-mYQ,UgyGgRBsWHauUdjFRa94AaABAg,@샤피영,뭐드래요. 추운데 감기 조심하세요,5,2025-05-10T11:26:44Z
oe1pg1R-mYQ,Ugz65jaNGpvVAORdVEZ4AaABAg,@언녀니y,귀한영상 감사합니다 ❤,24,2024-12-31T20:02:47Z
CAEtK8t_at4,UgyBo0qOiafir0mrKmF4AaABAg,@엄영숙-v2o,"이 영상을 이제야 보네요 
청량하면서도 강한 힘을 가진 넘 매력적인 목소리입니다
크레즐로 더 크게 높이 날으시길요 👍👍👍👍👍",4,2023-06-25T09:44:37Z
CAEtK8t_at4,UgxgtH0PzrFCsesECNx4AaABAg,@클라라-y9t,우리 크레즐의 수인님 흥부가 주종목 나오셨네 잘한다 수인님최고,4,2023-06-24T14:56:32Z
OZjwKt6nGjY,UgzCq-lXYcWRPjWjxWd4AaABAg,@프리지아-w3g,얏호~~~~~,1,2020-11-16T08:32:08Z
OZjwKt6nGjY,Ugx30At9c4BjA92Ipkd4AaABAg,@프리지아-w3g,잘한다~~~~♡♡♡♡,1,2020-11-16T08:32:22Z
YAcBH-TOyL8,UgwXKU_6DfE36f8ScUd4AaABAg,@김민철-o5n,역시 울 김단장님 노래는 구성지고 맘에 넘 다가옴니다,0,2018-02-02T09:05:31Z
YAcBH-TOyL8,Ugylk8UAv8DssDL9NFt4AaABAg,@김민철-o5n,"항상 좋으노래 마니불러주시고
건강하세요~~사랑합니다~♡",0,2018-02-02T09:06:29Z
YAcBH-TOyL8,Ugy3vBpeC1QDY-youD14AaABAg,@신갑녀색소폰,멋지네요  행복하시길 기원합니다  잘하십니다,0,2022-01-27T22:58:27Z
YAcBH-TOyL8,Ugz5gcBAq79bXzs0bBR4AaABAg,@naholro,멋지십니다👍👍👍🙇‍♂️,0,2021-09-07T21:30:43Z
YAcBH-TOyL8,UgyqCGvwb35ZZ8YJaqB4AaABAg,@인천취미드럼,"저도 달려왔어요
새해 복 많이 받으세요
늘 건강하시고 곱게 잡아주신손 저도 꼬옥 잡고 가겠습니다",0,2022-01-10T00:16:22Z
YAcBH-TOyL8,Ugxufk3JnNeYRXK6Dn14AaABAg,@배수연-f2j,짱!입니다요.오빵^^~♡,0,2018-02-02T09:09:46Z
YAcBH-TOyL8,UgwIoBZAjhyJnB-xwB14AaABAg,@고은아Bigtv.월6시,"안뇽하세요 ~
댓글타고 왔습니다 
맛깔나게 노래하시는모습 끝까지 풀청합니다~
👍🎁🔔",1,2021-08-08T13:11:45Z
YAcBH-TOyL8,UgwVkoTTD03OBI1CjXN4AaABAg,@가수서금옥색소폰,안녕하세요 주말 늦은시간 살짝 왔습니다 멋진노래열창 감성깊은 애틋한 호소력 기분좋은 시간 행복합니다 늘행복하세요 멋진박수 짝짝짝 살짝 놓고갑니다 늘화이팅 응원 합니다,0,2021-10-16T13:43:43Z
YAcBH-TOyL8,Ugz4MtfHmyg-EqbGfBZ4AaABAg,@naholro,"하루 시작을 하면서 
멋진모습에 노래 감상하면서
아침인사를 드립니다 
즐거운 주말 되세요🤗",0,2021-09-17T19:32:15Z
YAcBH-TOyL8,UgwJ4_lEA9mgfqxBz8J4AaABAg,@naholro,"좋은 아침입니다 
멋진 노래를 감상하고 인사를 드리고 갑니다
즐거운 주말 되세요!🤗",0,2021-09-10T20:49:02Z
YAcBH-TOyL8,UgyJU5olsd1fzf0F9P94AaABAg,@김민철-o5n,"와우~~~~^^
단장님 코디가 넘 멋져요",0,2018-02-02T09:04:53Z
YAcBH-TOyL8,UgxPY5Nlr7_65RBtOeV4AaABAg,@해운대미담,와~해운대 문화회관에 다녀가시고^^,0,2022-03-12T08:29:53Z
Be_e00GK6QM,Ugxo4M3CAi7SEVf6J1J4AaABAg,@소담-e1k,수인님 보고파 다시 왔어요 ~❤❤❤❤,7,2023-06-17T13:05:34Z
Be_e00GK6QM,UgzCgINTe1LQnBP_59d4AaABAg,@김지영-c1l8d,내가 제일 좋아하는 두사람이 함께 공연을 했었네요~^^ ❤,7,2023-06-03T13:43:52Z
Be_e00GK6QM,UgwcchSEH3a8cYIuCg54AaABAg,@김나연-y8q,"팬텀!!찾아서 여기까징~
수인씨 멋진무대 고마워요 ❤",8,2023-04-12T11:43:45Z
Be_e00GK6QM,UgyQTNgKVDIoF8Z1dkd4AaABAg,@오구오구내새끼-n3r,"저도 팬텀 듣고 있다 생각나서 찾아봤어요
계속해서 멋진 무대 부탁드려요",7,2023-05-10T05:38:59Z
Be_e00GK6QM,UgzSevdCV4xM8teZLIB4AaABAg,@말에도품격,고영열 김수인 콜라보러니....미쳣다❤,3,2023-08-18T09:00:51Z
y9AaWR_CbX4,UgxwYj3xreJgmON5Gmx4AaABAg,@aster-h,"Bravo, vous êtes magnifiques ❤",0,2023-05-20T11:35:38Z
y9AaWR_CbX4,Ugwy7Wen4ISktKqenFF4AaABAg,@a.chopper,아리아윤밸리댄스공연,0,2024-03-25T22:10:41Z
D6tmrhA9cxU,Ugy0-_-HgguTK5khXEx4AaABAg,@노하나-r8z,멋있는 우리의 소리꾼  항상  응원합니다,13,2025-02-09T07:22:52Z
D6tmrhA9cxU,Ugx3540RL_Euvy2c93N4AaABAg,@이도영-q1s,너무잘생김  김준수,14,2025-02-01T10:41:44Z
D6tmrhA9cxU,UgxvsvuI_mCVlhO2uC94AaABAg,@장미-d2m,멋지십니다 최고,15,2025-02-01T14:12:52Z
D6tmrhA9cxU,UgzPIDY6MdOWvr3U7ht4AaABAg,@남연희-m7t,김준수님 최고이십니다❤❤❤,10,2025-02-06T20:43:39Z
D6tmrhA9cxU,UgxDRQYrh3s3T_9qd_Z4AaABAg,@up이야기,김준수 ~ 너무 귀엽고 멋지다 ~❤,14,2025-02-05T03:57:50Z
D6tmrhA9cxU,UgxPSHs5WvMLDNdR2754AaABAg,@경숙윤-c5d,너무너무 멋져요 보낼게❤,16,2024-03-17T02:44:22Z
D6tmrhA9cxU,UgykniOGcG3aSFhEbIx4AaABAg,@마박이-x5v,사람을 홀리는 능력ㆍ💙💙,11,2025-02-09T11:26:54Z
D6tmrhA9cxU,Ugy9RpBNRyA6w2b4Uix4AaABAg,@은실이-r1j,"귀공자 김준수
홧팅입니다 🎉😂",6,2025-02-19T02:49:52Z
D6tmrhA9cxU,UgyiiYKiJJgybWZkc7l4AaABAg,@최수덕-f8h,멋집니다 준수님 항상 응원합니다❤,7,2025-02-17T05:42:21Z
D6tmrhA9cxU,UgzijmOGIm1lwE76N4p4AaABAg,@감공-f5b,"아~
숨 넘아가것다~~
실물 보고 시포라~~~",6,2025-02-21T11:36:53Z
D6tmrhA9cxU,UgxiedKu4z7X7XNqxmV4AaABAg,@허경희-i4h,현역가왕 김준수님 최우승갑시다,4,2025-02-12T14:56:16Z
D6tmrhA9cxU,Ugw6tXNItb8Hby1ZJuF4AaABAg,@모카-z5z,김준수  왕자님   멋지시네요❤️❤️❤️❤️❤️,6,2025-02-11T11:23:17Z
D6tmrhA9cxU,Ugx3MhWY7yNjNwSUDZJ4AaABAg,@선플라워-x4m,어쩜 이리 잘생쁨인지^^❤❤❤,5,2025-03-08T06:20:47Z
D6tmrhA9cxU,UgxkQlj4Fi2ZSQIGOn14AaABAg,@김경숙-u7z9f,반했짠어용!!!^^~❤,6,2025-02-11T19:07:31Z
D6tmrhA9cxU,UgxnZ96xCWtCWIqPLi54AaABAg,@Lavendererer,우와~ 넘어가겠네요 넘 멋있고 잘생겼어요 탑 7 들어서 꼭 가왕되세요 응원합니다,6,2025-02-11T10:12:07Z
D6tmrhA9cxU,Ugw37iZ95MF8XrIMFBZ4AaABAg,@woory_sorigram,"행복을 전하는 샤일록 상사~
진짜 최고의 복지 👍🏻",18,2023-06-08T18:59:25Z
D6tmrhA9cxU,Ugw19XqLh6zGbK6NoWh4AaABAg,@user-vstory,6월에 샤일록 만나네요❤,3,2025-04-20T01:47:41Z
D6tmrhA9cxU,UgyZIqnLDUSZ_CvWjOh4AaABAg,@여노기사랑,아침부터 황홀 하네요~~~,2,2025-05-27T23:26:31Z
D6tmrhA9cxU,UgyQlHX1fRfN5O9XUqB4AaABAg,@소국-u2n,국보! 그 귀한분을 보면 그저 웃지요,2,2025-05-12T16:06:34Z
D6tmrhA9cxU,UgxuQwvb0nbyBqibrHd4AaABAg,@아름이-w9q,저런 모습 실제로 보면 다 쓰러질 것 같아요. ㅋㅋ,3,2025-04-03T16:56:12Z
D6tmrhA9cxU,UgzOg7AQvbOjVpluMmt4AaABAg,@샤피영,에궁 ❤귀여워 ㅋㅋ 응원합니다 ❤❤,1,2025-05-10T11:28:02Z
D6tmrhA9cxU,UgzsJXk7Jx5zjhUwKQR4AaABAg,@향순옥이-u4w9m,진짜 잘생겼다 색다런매력😊❤,1,2025-05-19T11:23:27Z
D6tmrhA9cxU,UgyoozfmpJHjbEq2jhx4AaABAg,@호호-m4c1k,저리도멎있다니 쓰러집니다  책임져😊,1,2025-03-25T00:44:09Z
IA7abFoPqRs,UgyPv0nVW2tTBoVeGS14AaABAg,@여담천리,감사합니다 가장 한국적인 것이 세계적인 것 맞습니다,0,2020-01-19T12:30:12Z
fHzEjgh7H5I,Ugz6dC1uEO1e75Scl6Z4AaABAg,@개구리-e5h,27:45,3,2020-10-12T13:08:26Z
j1IT99f_YxE,Ugwn92t1WLM7ELvBNv94AaABAg,@꽃분이-t5u,🎉🎉🎉😊,1,2024-11-20T08:58:58Z
j1IT99f_YxE,UgzJPkl3WXCodtguRf94AaABAg,@찔레꽃-w3l,아름답고 멋져요,1,2020-06-22T04:42:26Z
j1IT99f_YxE,Ugw-L6gSy_6R-FO6ycZ4AaABAg,@김휘수-k8e,부쇠맡은분 꽹과리소리가 너무맘에듭니다,1,2021-01-19T14:18:12Z
j1IT99f_YxE,Ugy6TShLSm39E7FhInh4AaABAg,@하트솜사탕-hasoem,:),1,2020-07-11T01:00:19Z
UQxjJhTOr9A,Ugy9PQwv7c45Smw9hsd4AaABAg,@영남이오나미,최재구님 너무멋지세요~~최고예요^^,2,2022-08-29T05:36:03Z
UQxjJhTOr9A,UgzXLWgFr_2CeRGt7jN4AaABAg,@YOONKYUNGWON,노래 너무좋아요ㅠㅠ,1,2022-09-22T03:41:26Z
UQxjJhTOr9A,UgyCtbxKpzePUDkSjfV4AaABAg,@벼락작두장군,"재구는 대전이 좋아유~우우우 
우리는 재구가 좋아요~우우우",2,2022-08-29T06:36:27Z
UQxjJhTOr9A,UgyCsZ8pKXfQeDx80LN4AaABAg,@노을노을해-l9u,예결 넘 잘해요 멋지다 예결!!!!!!,0,2022-08-30T11:29:18Z
P2vm-LXgYAE,UgzUuFG0UA_519vWYQ54AaABAg,@효심오-f1r,대박이당! 구독👌글고 이렇게 댓글적어주시면 안될까요?''고마워 한아야!'',1,2022-12-14T11:08:39Z
omihFsfmOhI,UgwQY43pP4UTP5XKdMB4AaABAg,@jinwoo-d4w,"사운드도 좋고 영상도 좋고
 그동안 TV에서 못보던 멋진 사운드와 영상입니다~^^",1,2020-11-26T04:18:05Z
tYJIa2qQI88,UgwHjFqIFFgSglh0PPR4AaABAg,@junhokim1238,화이팅,0,2021-12-22T12:15:00Z
L7MMnfu9k74,Ugw99ZowmEZdteHjm2N4AaABAg,@선정원-p7n,소리가 너무 좋네요.,3,2022-04-12T03:34:38Z
L7MMnfu9k74,UgynV9dCkaM_GbR7Fit4AaABAg,@행복을꽃피우다,시원하고 맑은 소리에 정신이 번쩍나네요 감사합니다,2,2023-10-26T12:30:54Z
L7MMnfu9k74,Ugz557NL-IGnjC1jzKJ4AaABAg,@YunSoHyun_Piano,잘 듣고 갑니다 ~~^^,4,2021-11-07T06:50:27Z
L7MMnfu9k74,Ugzzw7WrJp-xofZOmDp4AaABAg,@여자이영란-l8d,"시원하고 명쾌합니다.
잘 들었습니다.",1,2023-03-29T23:55:14Z
L7MMnfu9k74,UgwUKwltBdeq00ZcCTp4AaABAg,@장동월-z3j,맑고 고운 힘있는 소리 참 좋네요.,0,2026-04-12T04:16:39Z
U3LTR6Lb8go,UgzREyYnhb0iHa1Vg_F4AaABAg,@kiseobpark6383,잘하시네요^^,3,2022-12-24T22:00:07Z
PsCTnfKImWM,UgyKQoCA1IWLYR7I0oZ4AaABAg,@수하리수하,와.....노래 진짜잘하네 화음 대박 👍,3,2023-11-22T07:29:06Z
PsCTnfKImWM,UgyCUPQ-cvH6WXJUo6V4AaABAg,@양군-v3m,역시 서소합...천사들 인정!!!!!,0,2025-04-16T04:36:20Z
aHDJj2AwFcU,UghAKjrQISryVXgCoAEC,@ray4483,"윤미래는 유일하게 안티가 없는 유일한 래퍼인듯.
그 누구도 실력을 부정 못하니까",1568,2017-03-17T03:17:23Z
aHDJj2AwFcU,Ugx2ZVPoCqF-b5dBs7x4AaABAg,@jhkwon5393,가사 한줄에 어떤 삶을 살아왔을지 보인다.. 눈물 핑..,969,2020-06-10T15:49:37Z
aHDJj2AwFcU,Ugxl13-0aCofBrKdcux4AaABAg,@김투잰,저렇게 슬픈 가사를 눈물없이 소화할때까지 얼마나 많은 눈물을 흘렸을까,773,2021-12-18T12:17:00Z
aHDJj2AwFcU,Ugxvhu0pNKSkwAfQWlZ4AaABAg,@홍두깨-x4v,왜  흐르냐 뉸물이....이게 음악인건가  보다,338,2020-05-22T15:14:30Z
aHDJj2AwFcU,UgyxGjHasmttyi9EtgR4AaABAg,@soomeows,2020 갑자기 들어와서 눈물 흘리는 난 뭐지. 😭,706,2020-05-15T11:11:40Z
aHDJj2AwFcU,UgwU8Y-s-oRoNZm-ZmJ4AaABAg,@villbear1,2025년 손!!,28,2025-05-10T13:25:25Z
aHDJj2AwFcU,UgxI4O0T2uSPECYam4Z4AaABAg,@dennykim3398,와.. 돈자랑 힙합 보다 저게 진정 레전드힙합이다,783,2020-06-22T10:43:57Z
aHDJj2AwFcU,Ugx3K8pBT_Dv_OO3YT54AaABAg,@kyeong4029,2024 있나,38,2024-07-11T19:17:57Z
aHDJj2AwFcU,UgypPbLiduy2paFZfwd4AaABAg,@격잘알_전문가,자작랩 진짜 너무나 아프고 슬프다 정말 너무 잘됬으면 좋겠다 판듀 유일하게 미래누님편 라이브로 정독했는데 진짜 너무 짠하더라,152,2020-09-13T08:51:42Z
aHDJj2AwFcU,Ugzljo1lO8MZopBSlnh4AaABAg,@보물찾기-z5n,일반인의 그루브와 스웩이 아니다.ㄷㄷㄷ,86,2020-11-12T08:36:58Z
aHDJj2AwFcU,Ugw6L3PDntHVZCQYwEd4AaABAg,@종이인형-d8g,가사가..ㅜㅜ 힝...ㅜㅜ 우리 노래만감동받지말고 다문화가정이나 열악한가정 편견갖지말아요..,157,2020-05-28T02:38:26Z
aHDJj2AwFcU,UgxSufGNy9JCa5R5MjN4AaABAg,@stevechong260,울컥거려서 노래를 들을 수가 없다... 그 아픔을 가사에 고스란히 녹인 두 분에게 존경과 사랑의 마음을..,119,2021-12-25T07:21:33Z
aHDJj2AwFcU,Ugz5TJn14cg_HviWgZh4AaABAg,@jonghopark4274,손잡아주고 같이 즐겁게 추면서 노래부르는 윤미래 진짜 멋있다,250,2020-12-24T16:17:20Z
aHDJj2AwFcU,UgyB7sSfH-Wt7dXC4mt4AaABAg,@gnosopeun2660,하 진짜 듀오분 노래 가사들으면서 눈물 줄줄흐르네 목소리에 힘도있고 넘 듣기좋다,127,2020-06-28T10:18:26Z
aHDJj2AwFcU,UgwLrMc4v4yYKVUd_lF4AaABAg,@bckim9325,보고 눈물 흘리는 이유는 노래하는 이의 진심이 마음이 느껴져서 입니다,162,2020-07-21T03:51:34Z
aHDJj2AwFcU,Ugymp7pkS5V2_XaL-OF4AaABAg,@tv-877,랩도 최고인데 심지어 노래도 최고임 ...이게 사기지 ㅎㅎ,65,2020-08-09T05:33:54Z
aHDJj2AwFcU,UgzTXSOF3Z5z6yjULA94AaABAg,@Doramongmong,0:22 윤미래님 랩 시작전에 'uh' 하는거 진짜 너무 간지남... 진짜 호랑이같음..,23,2021-02-17T14:46:23Z
aHDJj2AwFcU,Ugz-etD2QZEmOiuu69R4AaABAg,@karusearinhar9960,가사 훅치고들어오네 ..버스에서 혼자 운다 ㅜ옥탑방...? 모르는분인데 뼈때렸어..,16,2022-03-09T05:44:55Z
aHDJj2AwFcU,Ugz8yhrBZ_3UAAmLJsN4AaABAg,@김수진-e8f2z,노래 듣다가 눈물나는건 진짜 처음인듯..,38,2020-06-29T06:43:38Z
aHDJj2AwFcU,UgwO8mQx08uTI-THKGR4AaABAg,@마인드헌터,이게 음악인 아니냐? 진심으로 노래하네.,8,2021-09-04T00:27:37Z
aHDJj2AwFcU,UgxmBXvyGaUHvsODAGF4AaABAg,@MoojinTh,2020 11월에 눈물 흘리고 계시는분 있나요 !!,95,2020-11-10T15:24:35Z
aHDJj2AwFcU,Ugx76Q1aGu23jZvncAl4AaABAg,@올리비아핫세-t1o,이분은 지금 어찌됐나요?정말 랲 잘하시네요,15,2020-08-29T05:08:48Z
aHDJj2AwFcU,UggyM4VaHoksJXgCoAEC,@elle891225,Yoon mirae is the QUEEN!,174,2016-08-14T10:47:39Z
aHDJj2AwFcU,UgywbW6k4L1v-_1owUl4AaABAg,@sunnychang74,윤미래는 데체불가 천재적 랩/보컬 실력도 리스펙 하지만 더욱 리스펙 하는건 윤미래라는 사람 자체와 힘든 시절들을 positive한 방향으로 이끌며 열심히 잘 살아온 그녀의 인생 자체.,9,2024-08-31T16:01:12Z
aHDJj2AwFcU,UgzBhLQA32WSaiw83I94AaABAg,@꿈꾸는고래-c8k,어설픈 자칭 래퍼보다 훨 멋있다 이건 찐!이다 이런게 진짜 힙합이다,10,2021-04-21T21:57:29Z
aHDJj2AwFcU,Ugw0vORNuA9rXDcjDI54AaABAg,@salamatboracay,아 뭔데 눈물이 나냐.. 미래누나만 보면 그냥 눈물남  이상함 뭐지 이거,42,2020-06-22T13:10:34Z
aHDJj2AwFcU,Ugx9sKh9on7J136R6oh4AaABAg,@sseolcart,와 윤미래 첫 소절 듣자마자 소름 쫙,21,2020-05-23T11:35:03Z
aHDJj2AwFcU,UgxmvQWVcNvJ0ZJlPFh4AaABAg,@answkakclavy,이게 힙합이지...,7,2022-09-12T00:12:43Z
aHDJj2AwFcU,Ugw3PgRICofD82L8ppl4AaABAg,@AdeolaAsh,"For the confused English speakers- The girl on the left sang about only being 18, her mother has passed away, and her father is in pain. It’s a heavy burden for her but she still sings.",6,2021-07-11T12:19:10Z
aHDJj2AwFcU,UgzX8fjGSn4oLTIDjkl4AaABAg,@김은지-b9c2w,"진짜 감동적인 무대이고, 눈물난다. 저 여자분은 지금 힘내서 잘 살고 계실까… 아버님도 건강찾으시고, 가정에 행복이 가득했으면 좋겠다.",2,2025-12-12T09:50:21Z
2VgTxlnw8ks,UgyxtMvKQttQiiBnBsx4AaABAg,@신데렐라백작,"You're beautiful, you're perfect, you're cool ^^♡",6,2022-12-05T03:30:53Z
iCMHAV34Rds,Ugy66PwsN8WjwxCbaAR4AaABAg,@노인희-j8n,이안.교수님.안녕하세요.재방보고.있읍니다,0,2021-01-08T19:56:10Z
nIN8Nt6DFXc,UgxKlWysMWZjl3ahbeZ4AaABAg,@bangawoonchinese,캬 추억의 노래가사네요 ㅋㅋ,3,2020-03-12T17:42:32Z
nIN8Nt6DFXc,UgxERcVaL7FRK50yDHp4AaABAg,@차성호-o2d,不要骂我是个无情的女人。,4,2020-03-12T15:03:04Z
nIN8Nt6DFXc,Ugw7WEvOpZ5J8Wu_SKl4AaABAg,@comte6101,"不要骂我是个我请的奴人。
좐인한~",3,2020-03-12T15:57:26Z
nIN8Nt6DFXc,UgwsPo9HCxOFj3VfrWh4AaABAg,@신용섭-m6q,"不要骂我是无情的女人。
Bú yào mà wǒ shì wúqíng de nǜrén.",1,2020-03-12T16:18:08Z
nIN8Nt6DFXc,UgyDFhIiPc1fLnEv-7J4AaABAg,@wangbam7538,"ㅇ

2:00 不要骂我是个无情的女人。
2:00

ㅇ",1,2020-03-12T23:00:21Z
nIN8Nt6DFXc,UgzrB2xx8ErTaRz_37Z4AaABAg,@turning_me,"不要骂我是个无情的女人。 
不要骂我是个无情的女人。 
不要骂我是个无情的女人。 

캬~~
90년대 노래방에서 즐겨(?) 부르던 그 노래닷^^ 

오늘로 <노래로 중국어 배우기>이 끝난다니 너무 아쉬워요~ ㅠㅠ

119중국어는 다른 언어(영어, 일본어)와 함께 운영하는 것이니까 힘들겠지만 차이티님 개인 채널에서 시즌2를 해주실 의향은 없으신가요? 请拜托~~ 

时间过得真快啊。
祝各位，周五和周末快乐~~",0,2020-03-12T20:17:55Z
nIN8Nt6DFXc,UgzGaBCvlqUchz3mlVN4AaABAg,@kimalonzo280,뿌야오마!~ 좐인한~ㅋㅋ,0,2020-03-14T03:07:54Z
nIN8Nt6DFXc,UgwaVk8cce8aiQCVTqt4AaABAg,@비동동,"不要骂我是个无情的女人。
不要骂我是个无情的女人。
不要骂我是个无情的女人。
추억돋네요~~",0,2020-03-13T00:22:24Z
nIN8Nt6DFXc,UgzTuEuMDma9XWd1qj14AaABAg,@정영호-o5k,不要骂我是个无情的女人 🎤🤟,0,2020-03-12T16:34:46Z
nIN8Nt6DFXc,Ugzr371gPzvNiU6PpWh4AaABAg,@honeynglish,不要骂我是个无情的女人。不要骂我是个无情的女人。,0,2020-03-13T22:22:53Z
nIN8Nt6DFXc,UgyC8GEfVGcBGrAzvm14AaABAg,@효도-o2q,"不要骂我是个无情的女人。
不要吗我是个无情的女人。
不要骂我是个无情的女人。",0,2020-03-13T05:41:02Z
nIN8Nt6DFXc,Ugw3N-T458Pu-9K9t854AaABAg,@정유신-l6h,등보이는 분이 여자분 인데요. 왜 여자분한테 ㅎㅎㅎ,0,2020-03-16T15:01:43Z
nIN8Nt6DFXc,Ugz1BgILI9kPaB40VSZ4AaABAg,@bryanheo-s7m,不要骂我是个无情的女人。,2,2020-03-12T15:12:15Z
nIN8Nt6DFXc,UgwPLsGNz9qs7dCP5Zd4AaABAg,@firstgag1,不要骂我是个无情的女人。,2,2020-03-12T15:46:20Z
nIN8Nt6DFXc,UgzRE87xiqN79UYfIRV4AaABAg,@김태진-b8t4q,不要骂我是个无情的女人。,0,2020-03-12T18:14:06Z
nIN8Nt6DFXc,Ugw-nKcYJUT8uz6WwIx4AaABAg,@신덕철-x8m,不要骂我是个无情的女人。,0,2020-03-12T23:04:01Z
nIN8Nt6DFXc,UgySntYsNOBAfnk6DhN4AaABAg,@luckypolymath3933,不要骂我是个无情的女人。,0,2020-05-29T06:04:16Z
OSQqsRJJRt0,UgzNT2uFm7_aCW6Y7Rp4AaABAg,@최효재-o9r,"앗사!  흥이 절로나네요 
큰행사에  어울리는 멋진 연주  즐감하면서 구독하고 갑니다",2,2023-08-29T10:44:35Z
Em1BvTMO2PU,UgwUhJl7dkoQiEevkbJ4AaABAg,@kimyelin688,나오는 노래들 제목좀 알수 있을까요? 너무 좋아서요ㅠㅠ 부탁드립니다ㅠ,0,2020-07-03T12:59:31Z
iBqSmGinjOs,UgwTRXBFsm3xBYsaCdR4AaABAg,@DreamLIfeClassic,"베이스 유정현 프로필
 https://blog.naver.com/dreamlifemusic/220843414507",2,2021-12-12T03:09:04Z
iBqSmGinjOs,UgzI3qtlpRJbEpTsB8N4AaABAg,@대호임-g3f,고성현 형님은 저음을 잘하는 방법이 가장 낮은 소리로 세탁 ㅋㅋ,0,2024-02-02T16:13:31Z
iBqSmGinjOs,UgxxIlcO3DHdOyM2Gtl4AaABAg,@대호임-g3f,좀 힘드시겠습니다 임대호 원장 입니다 ㅋㅋㅋ,0,2024-02-02T16:11:52Z
iBqSmGinjOs,UgxOYizghqath0wpGXJ4AaABAg,@오인규-k1s,뭐든지 힘빼는게 중요하구나 ㅎ,1,2021-12-12T04:23:23Z
anShvJYJNtU,UgzV7xWTccApGY461GB4AaABAg,@박소인-v2h,"좋은 소리이다.
이같은 소프라노가 한국에서
활동하고 있다는 사실 하나만으로도
나는 매우 행복하다.
 그녀의 건투를 한번 더 축원한다!",3,2025-08-20T19:56:30Z
anShvJYJNtU,UgxublsR2rJlifsq3Ip4AaABAg,@isacco3277,"심금을 울리는 아름다운 소리, 과하지 않게 표현된 절제된 감성,참으로 훌륭하십니다. Brava, Brava!",2,2024-10-09T21:13:23Z
anShvJYJNtU,UgxRC3f-pDel6heMajl4AaABAg,@박소인-v2h,"정말 대단한 가수이다.
아름다운 곡을 너무나 멋지게 불렀다.
나는 다시 들어와, 그녀가 부른
깊이 있는 소리를 사랑하며 박수한다.
브라바, 신지화!",1,2025-10-24T02:31:16Z
YqPos9T5tk8,UgyEwDy_C-5Sw1LJdLB4AaABAg,@박경춘-h4k,정말  좋은되요  잘해요,0,2023-06-25T22:19:07Z
YqPos9T5tk8,UgyaI_LJYXa_OEYssiF4AaABAg,@박경춘-h4k,좋아요,0,2023-06-25T22:18:21Z
YqPos9T5tk8,UgzwuQRwrmiTLwG_DyR4AaABAg,@천진용千珍龍색소폰,"11번째
좋아요
꾸욱 눌렸습니다

演奏
잘들었습니다
감사합니다.",0,2022-07-16T12:10:53Z
VQDkfx1_xfE,Ugw24xEfRuB72xj29ex4AaABAg,@ps-gm1kf,향미  가수 노래  좋아요,1,2023-02-11T19:52:28Z
Ce8OkEw6gHk,Ugz9d5ktKubZ2oYmfK14AaABAg,@choimino,k-pop이라면 아이돌 가수들 밖에 모르는 세계인들은 한국에는 송창식 같은 가수도 있다라는 것을 알아줬으면 좋겠다...,583,2021-06-30T12:07:34Z
Ce8OkEw6gHk,UgyMcy2bDPQ-DSlHt1l4AaABAg,@서부순-l2e,"어느분이 그러시대요
남자가 저리 아름다울 수가 있나~
송창식 가수님 노래 하실때 지금도 아름다우십니다^^~♥♥♥♥♥♥",506,2021-06-11T14:06:51Z
Ce8OkEw6gHk,UgxF5fpVtApTUuj4DON4AaABAg,@jungsunchun8088,충격적인 퍼포먼스다. 워낙 탁월한 명곡이긴 하지만 송창식의 기타와 노래솜씨는 명품 그 자체다.,693,2021-06-18T10:21:23Z
Ce8OkEw6gHk,UgxNwEn6spCyuU_LDWt4AaABAg,@인터스텔라-m6q,"노래로 가수와 배우사이에 흐르는 에너지가 애틋하면서도 아름답게 보입니다.
송창식님 윤여정님에게 건강의 축복이 내리길 바랍니다.",279,2021-11-29T11:57:31Z
Ce8OkEw6gHk,UgwrI2YAmrmYBEG-bKl4AaABAg,@저녁노을-l6q,"송창식의 빗방울은 굵고 투명하다.
유리창을 타고 내리는 비를 바라보고 있는 듯 착시를 주는 목소리~
대중가요를 문학적으로 승화시킨 천재.",491,2021-09-26T08:12:40Z
Ce8OkEw6gHk,UgyENsHQnYLwptjtXnl4AaABAg,@류지혜-t9z,"송창식님
최고가수입니다
우리곁에 있는것이
행복입니다 사랑합니다",138,2023-08-22T13:22:35Z
Ce8OkEw6gHk,UgydLJjkYUO65Brzc3N4AaABAg,@user-im5vg4iw1q,"윤여정님의 젊은시절의 한토막 끌어내는 표정에서
지나간 세월이 느껴져 울컥했네요
아름다우세요
송창식님의 노래는 언제나 순수한 젊은날 어느순간으로 데려가는 힘이..",54,2024-07-06T11:42:34Z
Ce8OkEw6gHk,Ugw1OPk3MzyjU1BILQZ4AaABAg,@홍명영-h9c,한국최고가수는 단연히 맑고 시원하고 평화롭고 따뜻한 목소리 송창식입니다. 성악가도 그누가 이런 감동과 위안을 줄까요? 세계가 모르는 숨은 보물입니다. 건강하시길,313,2021-10-03T08:29:41Z
Ce8OkEw6gHk,UgyYgRs7dlCTjAkpN6t4AaABAg,@hejungkim3066,송창식천재아티이스트!!이런분은너무너무아깝다라는생각이드는데!!!나만그런가?!!,525,2021-06-11T10:44:57Z
Ce8OkEw6gHk,UgwtBpW_5T9BXdonKEt4AaABAg,@산적강민철,"송창식님이 말씀하시기를 대한민국을 대표할만한 가수는 패티김이라고 하셨어요.
늘 연습하고, 무대를 대하는 자세, 가수로서의 품격 등등 최고라고...........
송창식님도 그런 분이지요.
아름다운 가수 송. 창. 식.
정말 멋지지 않습니까?
우리나라에도 이런 가수가 있어서 참 좋습니다.",285,2021-06-24T01:26:56Z
Ce8OkEw6gHk,UgzjYFdTE3S8n2zCJYp4AaABAg,@새하늘-s1x,"송창식이 ""창밖에는 비오고요""를 부르는데
작사가 이장희는 그대로 눈을 감고 추억 속에 젖어있고
윤여정은 아리따운 자태로 저리도 곱고도 사랑스런 표정이 너무도 청순하고 아름다워
 눈이 부십니다
마치 그시절 그때처럼......",95,2021-06-14T09:12:29Z
Ce8OkEw6gHk,UgwcnwY80xi-YeypRa94AaABAg,@k다니엘-j6h,노래속에 두 사람만이 주고 받는 무언가에 가슴저리네 특히 마지막 구절에서 송창식씨의 울부짖음과 아쉬움이 짖게 울린다,348,2021-06-11T12:05:24Z
Ce8OkEw6gHk,UgxDTSuWCjoBl8x6AWB4AaABAg,@elizabethkim3740,와 저 연세에 저런 목소리를 낼 수 있다니 놀랍다.,255,2021-06-12T23:28:03Z
Ce8OkEw6gHk,UgzdSoPCGOz3-YZDIhV4AaABAg,@최귀선-l5m,소중한 젊은 날의 추억을 간직하시고 친구들과 우정도 아름답게 지켜가시기를 바랍니다,13,2025-08-29T13:31:25Z
Ce8OkEw6gHk,Ugzwxyr0TtLD0YBSTcR4AaABAg,@무위자연-p5y,이런 것이 바로 노래고 예술이로구나 했습니다. 동시대를 같이 호흡할 수 있다는 것이 너무 행복합니다.,160,2022-04-17T17:05:04Z
Ce8OkEw6gHk,UgzUotfEOnAQa8SHmFF4AaABAg,@whitejoung1506,지금도 여전히 기타를 하시고 목소리를 가다듬으신다는 말씀 들었는데..정말 변하지 않고 오히려 더 영롱한 기타와 소리를 들려주시네요..음악계의 장인이시라는 느낌..존경합니다..,181,2022-03-14T00:09:49Z
Ce8OkEw6gHk,UgypUQNVkSq7N11no3V4AaABAg,@이승철-p5o,"송창식은 단순히 가수라고
부르면안돼요
노래하는 음유시인""
시를 노래로표현하는
유일무이한 사람입니다",503,2021-06-13T07:55:18Z
Ce8OkEw6gHk,UgyULxAsSa6Uh8xo6Fd4AaABAg,@유튜버하는튤립,"감동 감동입니다. 이보다 더 감동일 수 없습니다. 인고의 세월은 삶이 예술이란 걸...,",180,2021-06-10T22:25:27Z
Ce8OkEw6gHk,Ugy3e2_w4VfPbLas-rl4AaABAg,@wire2673,"윤여정씨가 이렇게 이쁜줄 몰랐네요.
적지않은 나이임에도 묘한 아름다운 매력을 지닌  배우입니다.^^",184,2022-07-29T09:44:52Z
Ce8OkEw6gHk,Ugyp3olSfd-mCKjw-9Z4AaABAg,@최인자-m6b,이 곡이 이렇게 명곡인줄 예전엔 미처 몰랐습니다. 자꾸 듣고 싶고 눈물이 저절로 주루룩 흐르게 하네요.  윤여정씨 행복하시겠습니다. 저도 이 노래에 가사를 바꿔서 들어봤어요. 그랬더니 들을때마다 눈물이 주루룩 흐릅니다. 감사합니다 이렇게 노래를 잘 불러주시는 송창식님의 음성과 노래 감상하시는 분들의 표정 모두 영원히 남을 감동을 줍니다.  최고예요!!  이시간.,160,2021-06-24T06:50:47Z
Ce8OkEw6gHk,Ugw9VshjOAStT5pd4354AaABAg,@kimsoonee5810,"은구슬 같은 아름다운 추억입니다
아직도 창밖에는 바람 불고요~~
아련히 떠 오르는 옛 이야기 같은~~~~",178,2021-06-10T21:28:34Z
Ce8OkEw6gHk,UgzYrg8BZAvVGIO5EU14AaABAg,@markday1575,"대중음악 이라고 하기엔 격조 가 높아
뭔가 다른 쟝르 로
불러야 할 것 같습니다
송창식음악은",53,2022-03-21T03:21:46Z
Ce8OkEw6gHk,UgyBEMQCb3_ymez-n154AaABAg,@wire2673,"21살즈음 이노래를 즉석에서 만들었다니 송창식, 이장희 그들은 가히 천재로다.^^",73,2022-07-29T12:55:36Z
Ce8OkEw6gHk,Ugwv4a-m-URnjgrfN9d4AaABAg,@영소리,왜 송창식~송창식~했는지 이제야 알게 됐네요,99,2021-10-02T08:45:00Z
Ce8OkEw6gHk,UgzIfXoiB5tEXeskc_R4AaABAg,@isleboy7,송창식 님의 음악은 자체로 하나의 장르죠. 정말 자랑스러운 음악인입니다 ^^,274,2021-06-12T09:40:15Z
Ce8OkEw6gHk,Ugy_4hZO_HTcAvQdMhh4AaABAg,@yujin6073,"진짜 들을때마다 소름이....
존경합니다.......",172,2021-06-10T08:17:16Z
Ce8OkEw6gHk,UgzaNBGf6ZTBiyinuDN4AaABAg,@with.domains,기교로 부르는 가수들과는 견주기도 아까운 국민가수 송창식!  Forever~,106,2021-06-13T14:31:57Z
Ce8OkEw6gHk,UgzVGiq-iYRtYZ2NIXd4AaABAg,@강현성-c9l,"나,중고등학교때 우상이신분들~~
70넘은 연세에도 변함없는 오빠의 노래
존경합니다 사랑합니다",37,2022-01-27T03:27:46Z
Ce8OkEw6gHk,UgwoB4R7vaZ07pPPk_R4AaABAg,@tomen55,"20대 때 군대 가기 전  클럽에서 잠시 3개월 동안 웨이터 생활하다. 많은 초대 가수를 노래를 들으며 역시 가수들이라 라이브 참 잘하네 하고 느꼈는데..., 
근데...어느날 송착식의 노래를 듣고 기둥 뒤에서 넋 놓고  와!~ 저 분은 목소리 울림이 틀리네..., 다른 가수가 500cc 였다면 이분은 1000cc 랄까..., 그냥 울림이 남다름..., 
노래하려고 태어난 사람 처럼  늘 진중하게 부름.",43,2022-08-14T15:28:58Z
Ce8OkEw6gHk,UgwOBkNiUUN9XNGLrNl4AaABAg,@두두나나11,"30대초중반인데,,, 진짜 천재같다, 이런게 음악이고 낭만이지!!",48,2024-02-19T17:42:53Z
1uk5WaCBdFA,UgzF314lop-pf45K5jV4AaABAg,@bene_s,"'지화자 좋아'  국악방송 (250208) 풀버전💜
https://youtu.be/2OZ-t1x-mT0?feature=shared",1,2025-02-24T12:19:05Z
1uk5WaCBdFA,Ugy9J5nb9Wa8kMGO52Z4AaABAg,@정정훈-j1p,진정한 아티스트 입니다.,3,2025-02-27T06:32:31Z
1uk5WaCBdFA,UgxYslQMCD-drFH4XVZ4AaABAg,@sssdddd-s5m,"누나~~~~😂😂😂
최고다~~~😚😚😚",2,2025-07-11T13:10:18Z
1uk5WaCBdFA,Ugxdg3inTInAtpa08qV4AaABAg,@아름다운별지구,천재 ~~ 😍👍👏🏻,6,2025-02-23T08:18:25Z
1uk5WaCBdFA,Ugx5iboarECcteh-SfB4AaABAg,@이진희-h7l-e3u,너무 수고많으셨어요❤❤❤❤❤❤,1,2025-02-27T13:44:49Z
1uk5WaCBdFA,Ugxj9njv2ZxyzujwxV54AaABAg,@한미진-o6d,이희문 님은 창의적인 의상보다는 전통 한복을 입었을 때 가장 멋있습니다. 세상이 아무리 변한다 해도 고풍스러운 한국만의 멋은 변하지 않으니까요.,4,2025-02-26T06:10:33Z
1uk5WaCBdFA,UgyrO_OuLvZBK5ENEKJ4AaABAg,@haneul_bitkkal,멋진 영상들 잘 보고 있습니다😊 감사합니다👍,4,2025-02-23T08:33:06Z
1uk5WaCBdFA,UgwRsfhzjUKIK4j4yFJ4AaABAg,@구미호-g9c,님아!누가 머라한들.어떠리요.내눈에 곱디 고운 한복인걸.이쁘다네 곱다네.다만 애닮픔이 눈에 밟히니.아프다만 허지말고 좋다구도 말혀주소~~^^♡,0,2025-08-15T09:12:49Z
1uk5WaCBdFA,Ugx-m0wkezzJrrapfm94AaABAg,@황금순금이어라,"ㅋㅋㅋ  선생님  머리좀봐요
대단대단",2,2025-02-26T14:48:46Z
